/**
 * generated from .epdfont via epdfont2h.py
 * name: literata_medium_italic_2b
 * mode: 2-bit
 */
#pragma once
#include "EpdFontData.h"

static const uint8_t PROGMEM literata_medium_italic_2bBitmaps[113705] = {
    0x07, 0xD0, 0x3F, 0xC1, 0xFF, 0x07, 0xF8, 0x1F, 0xD0, 0x7F, 0x01, 0xFC, 0x07, 0xE0, 0x1F, 0x80,
    0x7D, 0x01, 0xF4, 0x03, 0xC0, 0x0F, 0x00, 0x3C, 0x00, 0xF0, 0x03, 0xC0, 0x0E, 0x00, 0x24, 0x00,
    0x00, 0x00, 0x00, 0x3F, 0x83, 0xFF, 0x0F, 0xFC, 0x2F, 0xE0, 0x15, 0x00, 0x2E, 0x0B, 0xC7, 0xF0,
    0xFC, 0x7F, 0x0F, 0xC7, 0xE0, 0xFC, 0x3D, 0x0F, 0x83, 0xC0, 0xF4, 0x3C, 0x0B, 0x03, 0x80, 0xB0,
    0x00, 0x00, 0x00, 0x00, 0x01, 0x40, 0x01, 0x40, 0x00, 0x00, 0xF4, 0x00, 0xF4, 0x00, 0x00, 0x3C,
    0x00, 0x3C, 0x00, 0x00, 0x0F, 0x00, 0x1F, 0x00, 0x00, 0x07, 0xC0, 0x0B, 0x80, 0x02, 0xFF, 0xFF,
    0xFF, 0xFF, 0xE0, 0xFF, 0xFF, 0xFF, 0xFF, 0xF4, 0x00, 0x3C, 0x00, 0x3C, 0x00, 0x00, 0x0F, 0x00,
    0x0F, 0x00, 0x00, 0x07, 0xC0, 0x07, 0xC0, 0x00, 0x02, 0xE0, 0x02, 0xE0, 0x00, 0x00, 0xB4, 0x00,
    0xF4, 0x00, 0x1A, 0xBE, 0xAA, 0xBE, 0xA8, 0x0F, 0xFF, 0xFF, 0xFF, 0xFF, 0x01, 0x5B, 0xD5, 0x5B,
    0xD5, 0x40, 0x02, 0xE0, 0x02, 0xE0, 0x00, 0x00, 0xB4, 0x00, 0xB4, 0x00, 0x00, 0x3D, 0x00, 0x3D,
    0x00, 0x00, 0x0F, 0x00, 0x0F, 0x00, 0x00, 0x00, 0x00, 0x00, 0x00, 0x00, 0x00, 0x00, 0x50, 0x00,
    0x00, 0x00, 0xE0, 0x00, 0x00, 0x00, 0xE0, 0x00, 0x00, 0x0A, 0xFE, 0x00, 0x00, 0xBF, 0xFF, 0xE0,
    0x03, 0xFE, 0xE7, 0xFC, 0x0B, 0xE0, 0xD0, 0xFD, 0x0F, 0xC0, 0xD0, 0xFD, 0x2F, 0x80, 0xD2, 0xFD,
    0x2F, 0x80, 0xD1, 0xF8, 0x2F, 0xC1, 0xD0, 0x00, 0x1F, 0xF5, 0xD0, 0x00, 0x0F, 0xFF, 0xD0, 0x00,
    0x07, 0xFF, 0xE0, 0x00, 0x00, 0xFF, 0xFD, 0x00, 0x00, 0x2F, 0xFF, 0xC0, 0x00, 0x02, 0xFF, 0xF0,
    0x00, 0x02, 0xEF, 0xFC, 0x00, 0x02, 0xC7, 0xFD, 0x00, 0x02, 0xC1, 0xFD, 0x05, 0x02, 0xC0, 0xFD,
    0x3F, 0xC2, 0xC0, 0xFD, 0xBF, 0x82, 0xC0, 0xFC, 0xBF, 0x42, 0xC2, 0xF8, 0x7F, 0x83, 0xDF, 0xF0,
    0x2F, 0xFF, 0xFF, 0xC0, 0x07, 0xFF, 0xFD, 0x00, 0x00, 0x17, 0xC0, 0x00, 0x00, 0x03, 0x80, 0x00,
    0x00, 0x02, 0x40, 0x00, 0x01, 0xBE, 0x40, 0x00, 0x0F, 0x40, 0x00, 0xBF, 0xFE, 0x00, 0x03, 0xE0,
    0x00, 0x2F, 0x42, 0xF4, 0x00, 0x7C, 0x00, 0x03, 0xF0, 0x0F, 0x80, 0x0F, 0x40, 0x00, 0x3E, 0x00,
    0xFC, 0x02, 0xF0, 0x00, 0x07, 0xD0, 0x0F, 0xC0, 0x7C, 0x00, 0x00, 0x3E, 0x00, 0xFC, 0x0F, 0x80,
    0x00, 0x03, 0xF0, 0x0F, 0x82, 0xF0, 0x00, 0x00, 0x2F, 0x83, 0xF0, 0x7D, 0x00, 0x00, 0x00, 0xFF,
    0xFD, 0x0F, 0x80, 0x14, 0x00, 0x01, 0xFE, 0x02, 0xF0, 0x2F, 0xFC, 0x00, 0x00, 0x00, 0x3D, 0x0F,
    0xEB, 0xF0, 0x00, 0x00, 0x0F, 0xC2, 0xF0, 0x0F, 0x80, 0x00, 0x01, 0xF0, 0x3F, 0x00, 0xFC, 0x00,
    0x00, 0x3E, 0x03, 0xE0, 0x0B, 0xC0, 0x00, 0x0B, 0xC0, 0x3E, 0x00, 0xBC, 0x00, 0x01, 0xF4, 0x03,
    0xF0, 0x0F, 0xC0, 0x00, 0x3E, 0x00, 0x2F, 0x01, 0xF4, 0x00, 0x0B, 0xC0, 0x00, 0xFE, 0xBF, 0x00,
    0x00, 0xF4, 0x00, 0x07, 0xFF, 0x80, 0x00, 0x05, 0x00, 0x00, 0x05, 0x40, 0x00, 0x00, 0x01, 0xBF,
    0x90, 0x00, 0x00, 0x00, 0xBF, 0xFF, 0xF8, 0x00, 0x00, 0x1F, 0xF4, 0x07, 0xF8, 0x00, 0x01, 0xFE,
    0x00, 0x0B, 0xF0, 0x00, 0x0F, 0xE0, 0x00, 0x3F, 0xC0, 0x00, 0xBF, 0x40, 0x01, 0xFE, 0x00, 0x03,
    0xFC, 0x00, 0x01, 0xA0, 0x00, 0x0F, 0xF0, 0x00, 0x00, 0x00, 0x00, 0x3F, 0xC0, 0x00, 0x00, 0x02,
    0xE0, 0x7F, 0x80, 0x00, 0x00, 0x0F, 0xE0, 0xBF, 0x80, 0x00, 0x00, 0x3F, 0x80, 0x7F, 0xFF, 0x40,
    0xA6, 0xFD, 0x00, 0x1F, 0xF9, 0x07, 0xFF, 0xE0, 0x07, 0xF8, 0x00, 0x1F, 0x00, 0x00, 0xBF, 0x00,
    0x00, 0x3E, 0x00, 0x0B, 0xF0, 0x00, 0x00, 0xFC, 0x00, 0x3F, 0x80, 0x00, 0x02, 0xF4, 0x01, 0xFD,
    0x00, 0x00, 0x0B, 0xD0, 0x0B, 0xF4, 0x00, 0x00, 0x3F, 0x00, 0x1F, 0xE0, 0x00, 0x01, 0xFC, 0x00,
    0x3F, 0xC0, 0x00, 0x0F, 0xD0, 0x00, 0xBF, 0xC0, 0x01, 0xFE, 0x00, 0x00, 0xFF, 0xFA, 0xBF, 0xD0,
    0x00, 0x00, 0x7F, 0xFF, 0xF8, 0x00, 0x00, 0x00, 0x05, 0x54, 0x00, 0x00, 0x00, 0x2E, 0x7F, 0x7F,
    0x7E, 0x3D, 0x3C, 0x3C, 0x38, 0x00, 0x00, 0x00, 0x00, 0x00, 0x1D, 0x00, 0x03, 0xC0, 0x00, 0xF8,
    0x00, 0x2F, 0x00, 0x03, 0xE0, 0x00, 0xFC, 0x00, 0x1F, 0x80, 0x03, 0xF4, 0x00, 0x7F, 0x00, 0x0B,
    0xE0, 0x00, 0xFD, 0x00, 0x1F, 0xD0, 0x02, 0xFC, 0x00, 0x3F, 0xC0, 0x03, 0xFC, 0x00, 0x3F, 0x80,
    0x03, 0xF8, 0x00, 0x3F, 0x80, 0x03, 0xF8, 0x00, 0x3F, 0x80, 0x03, 0xF8, 0x00, 0x3F, 0xC0, 0x02,
    0xFC, 0x00, 0x2F, 0xC0, 0x00, 0xFD, 0x00, 0x0F, 0xE0, 0x00, 0xBF, 0x00, 0x03, 0xF0, 0x00, 0x2F,
    0x40, 0x00, 0xFC, 0x00, 0x0B, 0xC0, 0x00, 0x3E, 0x00, 0x01, 0xF0, 0x00, 0x0A, 0x00, 0x00, 0x00,
    0x00, 0x00, 0x00, 0xB0, 0x00, 0x0B, 0x80, 0x00, 0x3D, 0x00, 0x03, 0xF0, 0x00, 0x1F, 0x80, 0x00,
    0xFC, 0x00, 0x0F, 0xD0, 0x00, 0xBF, 0x00, 0x07, 0xF0, 0x00, 0x3F, 0x80, 0x03, 0xFC, 0x00, 0x2F,
    0xC0, 0x02, 0xFC, 0x00, 0x1F, 0xD0, 0x01, 0xFD, 0x00, 0x1F, 0xD0, 0x01, 0xFD, 0x00, 0x1F, 0xD0,
    0x01, 0xFD, 0x00, 0x2F, 0xC0, 0x02, 0xFC, 0x00, 0x3F, 0xC0, 0x03, 0xF8, 0x00, 0x7F, 0x40, 0x0B,
    0xF0, 0x00, 0xFE, 0x00, 0x0F, 0xC0, 0x02, 0xF8, 0x00, 0x3F, 0x00, 0x07, 0xD0, 0x00, 0xFC, 0x00,
    0x1F, 0x00, 0x03, 0xD0, 0x00, 0x34, 0x00, 0x00, 0x00, 0x00, 0x00, 0x00, 0x00, 0x00, 0x07, 0xC0,
    0x00, 0x02, 0xF0, 0x00, 0x20, 0x78, 0x14, 0x3F, 0x0D, 0x2F, 0x0B, 0xF7, 0x7F, 0xC0, 0x1B, 0xFE,
    0x00, 0x06, 0xFD, 0x00, 0x3F, 0xEE, 0xF8, 0x0F, 0xCB, 0x2F, 0x82, 0x83, 0xD2, 0xE0, 0x00, 0xF4,
    0x00, 0x00, 0x3D, 0x00, 0x00, 0x00, 0x00, 0x00, 0x00, 0x01, 0x40, 0x00, 0x00, 0x03, 0xD0, 0x00,
    0x00, 0x03, 0xD0, 0x00, 0x00, 0x07, 0xD0, 0x00, 0x00, 0x07, 0xD0, 0x00, 0x00, 0x07, 0xD0, 0x00,
    0x2A, 0xAB, 0xEA, 0xA8, 0x3F, 0xFF, 0xFF, 0xFC, 0x3F, 0xFF, 0xFF, 0xFC, 0x00, 0x0B, 0xC0, 0x00,
    0x00, 0x0B, 0xC0, 0x00, 0x00, 0x0B, 0xC0, 0x00, 0x00, 0x0B, 0xC0, 0x00, 0x00, 0x0B, 0xC0, 0x00,
    0x00, 0x0B, 0xC0, 0x00, 0x00, 0x00, 0x00, 0x00, 0x01, 0x40, 0x3F, 0xC2, 0xFF, 0x8B, 0xFE, 0x1B,
    0xF8, 0x0B, 0xD0, 0x2F, 0x01, 0xF4, 0x1F, 0x40, 0xF4, 0x01, 0x00, 0x00, 0x00, 0x00, 0x03, 0xFF,
    0xFF, 0x3F, 0xFF, 0xF7, 0xFF, 0xFE, 0x06, 0x40, 0xBF, 0xC3, 0xFF, 0x8F, 0xFD, 0x2F, 0xF0, 0x19,
    0x00, 0x00, 0x00, 0x00, 0x68, 0x00, 0x00, 0x00, 0xF8, 0x00, 0x00, 0x01, 0xF0, 0x00, 0x00, 0x02,
    0xF0, 0x00, 0x00, 0x03, 0xD0, 0x00, 0x00, 0x07, 0xC0, 0x00, 0x00, 0x0F, 0x80, 0x00, 0x00, 0x1F,
    0x40, 0x00, 0x00, 0x2F, 0x00, 0x00, 0x00, 0x3D, 0x00, 0x00, 0x00, 0x7C, 0x00, 0x00, 0x00, 0xF8,
    0x00, 0x00, 0x00, 0xF4, 0x00, 0x00, 0x02, 0xF0, 0x00, 0x00, 0x03, 0xE0, 0x00, 0x00, 0x07, 0xC0,
    0x00, 0x00, 0x0F, 0x80, 0x00, 0x00, 0x0F, 0x40, 0x00, 0x00, 0x2F, 0x00, 0x00, 0x00, 0x3E, 0x00,
    0x00, 0x00, 0x7C, 0x00, 0x00, 0x00, 0xFC, 0x00, 0x00, 0x00, 0xF4, 0x00, 0x00, 0x02, 0xF0, 0x00,
    0x00, 0x03, 0xE0, 0x00, 0x00, 0x07, 0xC0, 0x00, 0x00, 0x0F, 0xC0, 0x00, 0x00, 0x0F, 0x40, 0x00,
    0x00, 0x2F, 0x00, 0x00, 0x00, 0x3E, 0x00, 0x00, 0x00, 0x28, 0x00, 0x00, 0x00, 0x00, 0x01, 0xBE,
    0x80, 0x00, 0x00, 0x7F, 0xFF, 0xE0, 0x00, 0x0B, 0xF4, 0x6F, 0xE0, 0x00, 0xBF, 0x00, 0x1F, 0xD0,
    0x03, 0xF4, 0x00, 0x3F, 0xC0, 0x2F, 0x80, 0x00, 0x7F, 0x40, 0xFD, 0x00, 0x00, 0xFE, 0x0B, 0xF0,
    0x00, 0x03, 0xFC, 0x3F, 0xC0, 0x00, 0x0F, 0xF0, 0xFF, 0x00, 0x00, 0x3F, 0xC3, 0xF8, 0x00, 0x00,
    0xFF, 0x1F, 0xE0, 0x00, 0x03, 0xFC, 0x7F, 0x80, 0x00, 0x0F, 0xF1, 0xFE, 0x00, 0x00, 0x3F, 0xC7,
    0xF8, 0x00, 0x00, 0xFF, 0x1F, 0xE0, 0x00, 0x03, 0xF8, 0x3F, 0x80, 0x00, 0x1F, 0xD0, 0xFF, 0x00,
    0x00, 0xBF, 0x03, 0xFC, 0x00, 0x03, 0xF8, 0x07, 0xF4, 0x00, 0x0F, 0xC0, 0x0F, 0xF0, 0x00, 0xFE,
    0x00, 0x1F, 0xE0, 0x0B, 0xF0, 0x00, 0x1F, 0xFA, 0xFF, 0x00, 0x00, 0x1F, 0xFF, 0xD0, 0x00, 0x00,
    0x01, 0x50, 0x00, 0x00, 0x01, 0x5A, 0x40, 0x3F, 0xFF, 0x80, 0x7F, 0xFF, 0x80, 0x00, 0x3F, 0x80,
    0x00, 0x3F, 0x80, 0x00, 0x3F, 0x80, 0x00, 0x3F, 0x40, 0x00, 0x3F, 0x40, 0x00, 0x3F, 0x40, 0x00,
    0x7F, 0x40, 0x00, 0x7F, 0x40, 0x00, 0x7F, 0x40, 0x00, 0x7F, 0x40, 0x00, 0x7F, 0x00, 0x00, 0x7F,
    0x00, 0x00, 0x7F, 0x00, 0x00, 0xBF, 0x00, 0x00, 0xBF, 0x00, 0x00, 0xBF, 0x00, 0x00, 0xBF, 0x00,
    0x00, 0xBF, 0x00, 0x00, 0xFF, 0x00, 0xBF, 0xFF, 0xFD, 0xFF, 0xFF, 0xFD, 0x00, 0x6F, 0xE4, 0x00,
    0x07, 0xFF, 0xFF, 0x40, 0x2F, 0xD0, 0x7F, 0xD0, 0x3F, 0x00, 0x0F, 0xF0, 0xBF, 0x00, 0x07, 0xF8,
    0xBF, 0x40, 0x03, 0xF8, 0x7F, 0x80, 0x03, 0xFC, 0x15, 0x00, 0x03, 0xF8, 0x00, 0x00, 0x07, 0xF8,
    0x00, 0x00, 0x0F, 0xF0, 0x00, 0x00, 0x1F, 0xE0, 0x00, 0x00, 0x3F, 0xC0, 0x00, 0x00, 0xBF, 0x00,
    0x00, 0x01, 0xFD, 0x00, 0x00, 0x03, 0xF4, 0x00, 0x00, 0x0F, 0xD0, 0x00, 0x00, 0x3F, 0x40, 0x00,
    0x00, 0xFD, 0x00, 0x09, 0x02, 0xF4, 0x00, 0x2E, 0x0B, 0xD0, 0x00, 0x3D, 0x2F, 0x40, 0x00, 0xFD,
    0xBF, 0xFF, 0xFF, 0xFC, 0x7F, 0xFF, 0xFF, 0xFC, 0x7F, 0xFF, 0xFF, 0xFC, 0x00, 0x2B, 0xF9, 0x00,
    0x02, 0xFF, 0xFF, 0xC0, 0x0F, 0xD0, 0x2F, 0xF0, 0x2F, 0x40, 0x07, 0xF8, 0x3F, 0x80, 0x03, 0xFC,
    0x3F, 0xD0, 0x03, 0xFC, 0x1F, 0x80, 0x03, 0xFC, 0x00, 0x00, 0x03, 0xF8, 0x00, 0x00, 0x0B, 0xF0,
    0x00, 0x00, 0x2F, 0xC0, 0x00, 0x01, 0xFE, 0x00, 0x00, 0x3F, 0xF9, 0x00, 0x00, 0x3F, 0xFF, 0xE0,
    0x00, 0x00, 0x1F, 0xFC, 0x00, 0x00, 0x03, 0xFD, 0x00, 0x00, 0x01, 0xFF, 0x00, 0x00, 0x01, 0xFF,
    0x00, 0x00, 0x01, 0xFF, 0x29, 0x00, 0x02, 0xFE, 0xBF, 0x40, 0x03, 0xFD, 0xFF, 0x00, 0x0B, 0xF8,
    0xFE, 0x00, 0x2F, 0xF0, 0x7F, 0x9A, 0xFF, 0x80, 0x1F, 0xFF, 0xF8, 0x00, 0x00, 0x55, 0x00, 0x00,
    0x00, 0x00, 0x00, 0x59, 0x00, 0x00, 0x00, 0x0B, 0xF8, 0x00, 0x00, 0x00, 0x7F, 0xE0, 0x00, 0x00,
    0x03, 0xFF, 0x40, 0x00, 0x00, 0x3E, 0xFD, 0x00, 0x00, 0x02, 0xF3, 0xF4, 0x00, 0x00, 0x1F, 0x4F,
    0xD0, 0x00, 0x00, 0xF8, 0x3F, 0x40, 0x00, 0x0B, 0xC1, 0xFC, 0x00, 0x00, 0x7C, 0x07, 0xF0, 0x00,
    0x03, 0xD0, 0x1F, 0xC0, 0x00, 0x3E, 0x00, 0x7F, 0x00, 0x02, 0xF0, 0x01, 0xFC, 0x00, 0x1F, 0x40,
    0x0B, 0xF0, 0x00, 0xF8, 0x00, 0x2F, 0xC0, 0x0B, 0xC0, 0x00, 0xBF, 0x00, 0x7F, 0xFF, 0xFF, 0xFF,
    0xF8, 0xFF, 0xFF, 0xFF, 0xFF, 0xD1, 0x55, 0x55, 0x7F, 0xD5, 0x00, 0x00, 0x00, 0xFF, 0x00, 0x00,
    0x00, 0x03, 0xF8, 0x00, 0x00, 0x00, 0x0F, 0xF0, 0x00, 0x00, 0x7F, 0xFF, 0xFD, 0x00, 0x02, 0xFF,
    0xFF, 0xF4, 0x00, 0x15, 0x55, 0x55, 0x00, 0x3F, 0xFF, 0xFF, 0xC0, 0x0F, 0xFF, 0xFF, 0xE0, 0x03,
    0xFF, 0xFF, 0xF8, 0x00, 0xF0, 0x00, 0x00, 0x00, 0x3C, 0x00, 0x00, 0x00, 0x1F, 0x00, 0x00, 0x00,
    0x07, 0x80, 0x00, 0x00, 0x02, 0xE0, 0x00, 0x00, 0x00, 0xB9, 0xBF, 0xF4, 0x00, 0x2F, 0xFF, 0xFF,
    0xC0, 0x07, 0xE9, 0x6F, 0xF8, 0x00, 0x40, 0x01, 0xFF, 0x40, 0x00, 0x00, 0x2F, 0xE0, 0x00, 0x00,
    0x07, 0xF8, 0x00, 0x00, 0x00, 0xFF, 0x00, 0x00, 0x00, 0x3F, 0x80, 0x00, 0x00, 0x1F, 0xE0, 0xA4,
    0x00, 0x0B, 0xF0, 0xFF, 0x00, 0x03, 0xFC, 0x3F, 0x80, 0x02, 0xFC, 0x0F, 0xE0, 0x02, 0xFD, 0x01,
    0xFE, 0x6B, 0xFD, 0x00, 0x1F, 0xFF, 0xF8, 0x00, 0x00, 0x15, 0x40, 0x00, 0x00, 0x00, 0x00, 0x6F,
    0xE4, 0x00, 0x01, 0xFF, 0xFF, 0x80, 0x02, 0xFE, 0x47, 0xF4, 0x02, 0xFC, 0x00, 0xFF, 0x01, 0xFC,
    0x00, 0x3F, 0xC0, 0xFD, 0x00, 0x1F, 0xD0, 0xBF, 0x00, 0x00, 0x40, 0x3F, 0x40, 0x00, 0x00, 0x1F,
    0xC0, 0x00, 0x00, 0x0B, 0xF0, 0x2F, 0xF8, 0x03, 0xF8, 0xBF, 0xFF, 0xC0, 0xFD, 0xBE, 0x5F, 0xF8,
    0x3F, 0xF8, 0x00, 0xFF, 0x0F, 0xF8, 0x00, 0x1F, 0xD7, 0xF8, 0x00, 0x07, 0xF9, 0xFD, 0x00, 0x00,
    0xFE, 0x3F, 0x40, 0x00, 0x3F, 0x4F, 0xE0, 0x00, 0x1F, 0xD3, 0xF8, 0x00, 0x07, 0xF0, 0xBF, 0x00,
    0x03, 0xFC, 0x0F, 0xE0, 0x01, 0xFC, 0x02, 0xFD, 0x01, 0xFE, 0x00, 0x2F, 0xFB, 0xFE, 0x00, 0x01,
    0xFF, 0xFD, 0x00, 0x00, 0x05, 0x50, 0x00, 0x00, 0x15, 0x55, 0x55, 0x55, 0x0F, 0xFF, 0xFF, 0xFF,
    0xD3, 0xFF, 0xFF, 0xFF, 0xF8, 0xFF, 0xFF, 0xFF, 0xFD, 0x7E, 0x00, 0x00, 0x1F, 0x1F, 0x00, 0x00,
    0x0F, 0x4B, 0x80, 0x00, 0x07, 0xC0, 0x40, 0x00, 0x03, 0xE0, 0x00, 0x00, 0x01, 0xF4, 0x00, 0x00,
    0x00, 0xFC, 0x00, 0x00, 0x00, 0x7E, 0x00, 0x00, 0x00, 0x3F, 0x00, 0x00, 0x00, 0x2F, 0x80, 0x00,
    0x00, 0x0F, 0xD0, 0x00, 0x00, 0x0B, 0xF0, 0x00, 0x00, 0x03, 0xF8, 0x00, 0x00, 0x02, 0xFC, 0x00,
    0x00, 0x00, 0xFE, 0x00, 0x00, 0x00, 0xBF, 0x40, 0x00, 0x00, 0x3F, 0xC0, 0x00, 0x00, 0x2F, 0xE0,
    0x00, 0x00, 0x0F, 0xF0, 0x00, 0x00, 0x0B, 0xFC, 0x00, 0x00, 0x03, 0xFD, 0x00, 0x00, 0x00, 0x06,
    0xFE, 0x40, 0x00, 0x2F, 0xFF, 0xFC, 0x00, 0x3F, 0xD0, 0x7F, 0xC0, 0x2F, 0xC0, 0x03, 0xF4, 0x0F,
    0xD0, 0x00, 0xBE, 0x03, 0xF0, 0x00, 0x1F, 0x80, 0xFD, 0x00, 0x07, 0xE0, 0x3F, 0x80, 0x03, 0xF0,
    0x0F, 0xF8, 0x01, 0xF8, 0x00, 0xFF, 0xD2, 0xF8, 0x00, 0x1F, 0xFF, 0xF4, 0x00, 0x00, 0xFF, 0xFD,
    0x00, 0x00, 0xFF, 0xFF, 0xF0, 0x01, 0xFC, 0x1F, 0xFF, 0x00, 0xFC, 0x00, 0x7F, 0xE0, 0xFD, 0x00,
    0x03, 0xFC, 0x7F, 0x00, 0x00, 0xBF, 0x6F, 0xC0, 0x00, 0x1F, 0xDB, 0xF0, 0x00, 0x07, 0xF1, 0xFC,
    0x00, 0x02, 0xFC, 0x3F, 0x80, 0x00, 0xFE, 0x0B, 0xF4, 0x00, 0xFF, 0x00, 0xFF, 0xFB, 0xFF, 0x00,
    0x07, 0xFF, 0xFD, 0x00, 0x00, 0x05, 0x50, 0x00, 0x00, 0x00, 0x0A, 0xF9, 0x00, 0x00, 0x2F, 0xFF,
    0xF4, 0x00, 0x2F, 0xE5, 0xFF, 0x40, 0x2F, 0xC0, 0x0B, 0xF0, 0x0F, 0xD0, 0x00, 0xFE, 0x0B, 0xF0,
    0x00, 0x2F, 0xC3, 0xF8, 0x00, 0x07, 0xF0, 0xFE, 0x00, 0x00, 0xFD, 0x7F, 0x40, 0x00, 0x3F, 0x5F,
    0xD0, 0x00, 0x0F, 0xE3, 0xF8, 0x00, 0x0F, 0xF8, 0xFF, 0x00, 0x0F, 0xFD, 0x2F, 0xE0, 0x1F, 0xBF,
    0x43, 0xFF, 0xFF, 0x4F, 0xD0, 0x7F, 0xFF, 0x47, 0xF0, 0x01, 0xA9, 0x01, 0xFC, 0x00, 0x00, 0x00,
    0xBE, 0x00, 0x00, 0x00, 0x3F, 0x40, 0x00, 0x00, 0x2F, 0xC0, 0x00, 0x00, 0x0F, 0xE0, 0x3C, 0x00,
    0x0F, 0xF0, 0x0F, 0xE0, 0x1F, 0xF4, 0x00, 0xFF, 0xFF, 0xF4, 0x00, 0x0B, 0xFF, 0xE0, 0x00, 0x00,
    0x15, 0x40, 0x00, 0x00, 0x01, 0x90, 0x0F, 0xF8, 0x1F, 0xFC, 0x2F, 0xFC, 0x0F, 0xF8, 0x01, 0x90,
    0x00, 0x00, 0x00, 0x00, 0x00, 0x00, 0x00, 0x00, 0x00, 0x00, 0x00, 0x00, 0x00, 0x00, 0x06, 0x40,
    0x2F, 0xF0, 0x3F, 0xF8, 0x3F, 0xF4, 0x2F, 0xF0, 0x06, 0x40, 0x01, 0x90, 0x0F, 0xFC, 0x1F, 0xFC,
    0x1F, 0xFC, 0x0F, 0xF8, 0x01, 0x90, 0x00, 0x00, 0x00, 0x00, 0x00, 0x00, 0x00, 0x00, 0x00, 0x00,
    0x00, 0x00, 0x00, 0x00, 0x01, 0x40, 0x1F, 0xE0, 0x3F, 0xF4, 0x3F, 0xF8, 0x1F, 0xF4, 0x02, 0xF0,
    0x03, 0xF0, 0x07, 0xC0, 0x1F, 0x40, 0x3D, 0x00, 0x10, 0x00, 0x00, 0x00, 0x00, 0x50, 0x00, 0x00,
    0x0B, 0xC0, 0x00, 0x02, 0xFF, 0x00, 0x00, 0x7F, 0xD0, 0x00, 0x0F, 0xF8, 0x00, 0x02, 0xFE, 0x00,
    0x00, 0x7F, 0xD0, 0x00, 0x0F, 0xF4, 0x00, 0x00, 0x7F, 0x00, 0x00, 0x00, 0xFF, 0x40, 0x00, 0x00,
    0xBF, 0xC0, 0x00, 0x00, 0x3F, 0xE0, 0x00, 0x00, 0x1F, 0xF4, 0x00, 0x00, 0x0B, 0xFC, 0x00, 0x00,
    0x03, 0xFE, 0x00, 0x00, 0x01, 0xF4, 0x00, 0x00, 0x00, 0x80, 0x55, 0x55, 0x55, 0x52, 0xFF, 0xFF,
    0xFF, 0xDB, 0xFF, 0xFF, 0xFF, 0x40, 0x00, 0x00, 0x00, 0x00, 0x00, 0x00, 0x00, 0x00, 0x00, 0x00,
    0x05, 0x55, 0x55, 0x55, 0x3F, 0xFF, 0xFF, 0xFC, 0xFF, 0xFF, 0xFF, 0xF0, 0x00, 0x00, 0x00, 0x00,
    0x04, 0x00, 0x00, 0x00, 0xBD, 0x00, 0x00, 0x02, 0xFE, 0x00, 0x00, 0x01, 0xFF, 0x40, 0x00, 0x00,
    0xBF, 0xC0, 0x00, 0x00, 0x3F, 0xE0, 0x00, 0x00, 0x1F, 0xF4, 0x00, 0x00, 0x0B, 0xF8, 0x00, 0x00,
    0x07, 0xF0, 0x00, 0x00, 0xBF, 0x80, 0x00, 0x1F, 0xF4, 0x00, 0x07, 0xFD, 0x00, 0x00, 0xBF, 0x80,
    0x00, 0x2F, 0xF4, 0x00, 0x07, 0xFD, 0x00, 0x00, 0x0F, 0x80, 0x00, 0x00, 0x10, 0x00, 0x00, 0x00,
    0x00, 0x2B, 0xE8, 0x00, 0x0B, 0xFF, 0xFE, 0x00, 0xFD, 0x02, 0xFE, 0x0B, 0xC0, 0x02, 0xFC, 0x3F,
    0x40, 0x03, 0xF4, 0xFF, 0x00, 0x0F, 0xE1, 0xF8, 0x00, 0x3F, 0x80, 0x00, 0x01, 0xFD, 0x00, 0x00,
    0x0F, 0xF0, 0x00, 0x01, 0xFF, 0x80, 0x00, 0x6F, 0xF8, 0x00, 0x0F, 0xFF, 0x80, 0x00, 0x3F, 0xF4,
    0x00, 0x00, 0xBC, 0x00, 0x00, 0x02, 0xF0, 0x00, 0x00, 0x07, 0xC0, 0x00, 0x00, 0x0F, 0x00, 0x00,
    0x00, 0x28, 0x00, 0x00, 0x00, 0x00, 0x00, 0x00, 0x00, 0x00, 0x00, 0x00, 0x2F, 0xC0, 0x00, 0x00,
    0xFF, 0x80, 0x00, 0x07, 0xFF, 0x00, 0x00, 0x0F, 0xF4, 0x00, 0x00, 0x05, 0x00, 0x00, 0x00, 0x00,
    0x00, 0x00, 0x00, 0x00, 0x00, 0x00, 0x01, 0xBF, 0xFF, 0xE4, 0x00, 0x00, 0x00, 0x7F, 0xFF, 0xFF,
    0xFD, 0x00, 0x00, 0x0F, 0xF9, 0x00, 0x06, 0xFE, 0x00, 0x00, 0xFE, 0x00, 0x00, 0x00, 0xBE, 0x00,
    0x0F, 0xD0, 0x00, 0x00, 0x00, 0xBE, 0x00, 0xBD, 0x00, 0x05, 0x00, 0x00, 0xBC, 0x03, 0xE0, 0x03,
    0xFF, 0xEB, 0x40, 0xF4, 0x2F, 0x00, 0x7F, 0x96, 0xFC, 0x03, 0xF0, 0xF8, 0x03, 0xF4, 0x03, 0xF0,
    0x0B, 0xC7, 0xC0, 0x2F, 0x80, 0x0F, 0xC0, 0x1F, 0x2F, 0x00, 0xFC, 0x00, 0x7F, 0x00, 0x7C, 0xBC,
    0x07, 0xF0, 0x03, 0xFC, 0x01, 0xF3, 0xF0, 0x1F, 0x80, 0x0E, 0xF0, 0x07, 0xCF, 0xC0, 0xBE, 0x00,
    0x7B, 0xC0, 0x2F, 0x2F, 0x02, 0xF8, 0x03, 0xEF, 0x00, 0xF8, 0xBC, 0x07, 0xF0, 0x1D, 0xBC, 0x07,
    0xC1, 0xF0, 0x0F, 0xC0, 0xF2, 0xF0, 0x3E, 0x03, 0xE0, 0x3F, 0xFF, 0x4B, 0xEB, 0xF0, 0x0F, 0xC0,
    0x3F, 0xF4, 0x1F, 0xFE, 0x00, 0x1F, 0x80, 0x15, 0x00, 0x05, 0x40, 0x00, 0x3F, 0x40, 0x00, 0x00,
    0x00, 0x00, 0x00, 0x3F, 0x80, 0x00, 0x00, 0xB0, 0x00, 0x00, 0x3F, 0xE0, 0x00, 0x1F, 0xC0, 0x00,
    0x00, 0x2F, 0xFF, 0xFF, 0xFC, 0x00, 0x00, 0x00, 0x0B, 0xFF, 0xFE, 0x40, 0x00, 0x00, 0x00, 0x00,
    0x15, 0x00, 0x00, 0x00, 0x00, 0x00, 0x00, 0x00, 0x54, 0x00, 0x00, 0x00, 0x00, 0x0B, 0xFC, 0x00,
    0x00, 0x00, 0x00, 0x0F, 0xFD, 0x00, 0x00, 0x00, 0x00, 0x0F, 0xFE, 0x00, 0x00, 0x00, 0x00, 0x2E,
    0xFF, 0x00, 0x00, 0x00, 0x00, 0x3C, 0xBF, 0x00, 0x00, 0x00, 0x00, 0x7C, 0x7F, 0x40, 0x00, 0x00,
    0x00, 0xB4, 0x3F, 0x80, 0x00, 0x00, 0x00, 0xF0, 0x3F, 0xC0, 0x00, 0x00, 0x01, 0xF0, 0x2F, 0xD0,
    0x00, 0x00, 0x03, 0xD0, 0x1F, 0xE0, 0x00, 0x00, 0x03, 0xC0, 0x0F, 0xF0, 0x00, 0x00, 0x0B, 0xC0,
    0x0F, 0xF0, 0x00, 0x00, 0x0F, 0x40, 0x0B, 0xF4, 0x00, 0x00, 0x0F, 0xAA, 0xAF, 0xF8, 0x00, 0x00,
    0x2F, 0xFF, 0xFF, 0xFC, 0x00, 0x00, 0x3E, 0x55, 0x57, 0xFC, 0x00, 0x00, 0x7C, 0x00, 0x01, 0xFE,
    0x00, 0x00, 0xB8, 0x00, 0x00, 0xFF, 0x00, 0x00, 0xF4, 0x00, 0x00, 0xFF, 0x00, 0x01, 0xF0, 0x00,
    0x00, 0xBF, 0x40, 0x03, 0xE0, 0x00, 0x00, 0xBF, 0x80, 0x7F, 0xFF, 0x40, 0x0F, 0xFF, 0xFD, 0xBF,
    0xFF, 0x40, 0x0F, 0xFF, 0xFD, 0x05, 0x55, 0x55, 0x00, 0x00, 0x1F, 0xFF, 0xFF, 0xFE, 0x00, 0x0A,
    0xFF, 0xAB, 0xFF, 0xC0, 0x00, 0xBF, 0x00, 0x2F, 0xF0, 0x00, 0xBF, 0x00, 0x0F, 0xF0, 0x00, 0xBF,
    0x00, 0x0B, 0xF4, 0x00, 0xBF, 0x00, 0x07, 0xF4, 0x00, 0xBF, 0x00, 0x0B, 0xF0, 0x00, 0xFF, 0x00,
    0x0F, 0xD0, 0x00, 0xFF, 0x00, 0x2F, 0x80, 0x00, 0xFF, 0x01, 0xFD, 0x00, 0x00, 0xFE, 0x2F, 0xF0,
    0x00, 0x00, 0xFE, 0x3F, 0xFF, 0x40, 0x00, 0xFE, 0x00, 0x1F, 0xF0, 0x00, 0xFE, 0x00, 0x07, 0xF8,
    0x00, 0xFE, 0x00, 0x03, 0xFC, 0x00, 0xFE, 0x00, 0x02, 0xFD, 0x00, 0xFE, 0x00, 0x02, 0xFD, 0x00,
    0xFD, 0x00, 0x02, 0xFC, 0x01, 0xFD, 0x00, 0x03, 0xFC, 0x01, 0xFD, 0x00, 0x0F, 0xF4, 0x01, 0xFD,
    0x01, 0xBF, 0xD0, 0x3F, 0xFF, 0xFF, 0xFF, 0x00, 0x7F, 0xFF, 0xFF, 0x90, 0x00, 0x00, 0x00, 0x6F,
    0xE8, 0x00, 0x00, 0x0B, 0xFF, 0xFF, 0xC0, 0x00, 0x3F, 0xF9, 0x6F, 0xF0, 0x00, 0xFF, 0x40, 0x03,
    0xFC, 0x02, 0xFC, 0x00, 0x02, 0xFC, 0x07, 0xF4, 0x00, 0x03, 0xFD, 0x0F, 0xF0, 0x00, 0x03, 0xFC,
    0x0F, 0xE0, 0x00, 0x00, 0x50, 0x2F, 0xC0, 0x00, 0x00, 0x00, 0x3F, 0xC0, 0x00, 0x00, 0x00, 0x3F,
    0xC0, 0x00, 0x00, 0x00, 0x3F, 0xC0, 0x00, 0x00, 0x00, 0x3F, 0xC0, 0x00, 0x00, 0x00, 0x3F, 0xC0,
    0x00, 0x00, 0x00, 0x3F, 0xC0, 0x00, 0x00, 0x00, 0x3F, 0xC0, 0x00, 0x00, 0x00, 0x3F, 0xC0, 0x00,
    0x00, 0x00, 0x2F, 0xD0, 0x00, 0x00, 0x00, 0x0F, 0xF0, 0x00, 0x00, 0x20, 0x0F, 0xF8, 0x00, 0x00,
    0xBC, 0x03, 0xFD, 0x00, 0x03, 0xF4, 0x01, 0xFF, 0xD0, 0x6F, 0xD0, 0x00, 0x7F, 0xFF, 0xFF, 0x40,
    0x00, 0x0B, 0xFF, 0xF8, 0x00, 0x00, 0x00, 0x55, 0x40, 0x00, 0x05, 0x55, 0x55, 0x40, 0x00, 0x00,
    0x7F, 0xFF, 0xFF, 0xFE, 0x00, 0x00, 0xAF, 0xFA, 0xAF, 0xFF, 0x80, 0x00, 0x2F, 0xC0, 0x01, 0xFF,
    0xC0, 0x00, 0xBF, 0x00, 0x00, 0xBF, 0xC0, 0x02, 0xFC, 0x00, 0x00, 0xFF, 0x40, 0x0B, 0xF0, 0x00,
    0x01, 0xFF, 0x00, 0x2F, 0xC0, 0x00, 0x03, 0xFD, 0x00, 0xFF, 0x00, 0x00, 0x0B, 0xF4, 0x03, 0xFC,
    0x00, 0x00, 0x1F, 0xE0, 0x0F, 0xF0, 0x00, 0x00, 0x7F, 0x80, 0x3F, 0x80, 0x00, 0x01, 0xFE, 0x00,
    0xFE, 0x00, 0x00, 0x07, 0xF8, 0x03, 0xF8, 0x00, 0x00, 0x1F, 0xE0, 0x0F, 0xE0, 0x00, 0x00, 0xBF,
    0x40, 0x3F, 0x80, 0x00, 0x03, 0xFC, 0x00, 0xFE, 0x00, 0x00, 0x1F, 0xE0, 0x03, 0xF8, 0x00, 0x00,
    0xFF, 0x40, 0x0F, 0xD0, 0x00, 0x07, 0xF8, 0x00, 0x7F, 0x40, 0x00, 0x7F, 0xC0, 0x01, 0xFD, 0x00,
    0x0B, 0xFC, 0x00, 0x07, 0xF4, 0x06, 0xFF, 0x80, 0x07, 0xFF, 0xFF, 0xFF, 0xE0, 0x00, 0x1F, 0xFF,
    0xFF, 0xE4, 0x00, 0x00, 0x05, 0x55, 0x55, 0x55, 0x42, 0xFF, 0xFF, 0xFF, 0xFD, 0x1B, 0xFF, 0xFF,
    0xFF, 0xD0, 0x0F, 0xF0, 0x00, 0xBE, 0x00, 0xFF, 0x00, 0x03, 0xE0, 0x0F, 0xF0, 0x00, 0x2E, 0x00,
    0xFE, 0x00, 0x01, 0x90, 0x0F, 0xE0, 0x00, 0x00, 0x00, 0xFE, 0x00, 0x00, 0x00, 0x0F, 0xE0, 0x00,
    0x00, 0x00, 0xFE, 0x00, 0x00, 0x00, 0x0F, 0xFF, 0xFF, 0xD0, 0x00, 0xFF, 0xFF, 0xFD, 0x00, 0x0F,
    0xE0, 0x00, 0x00, 0x00, 0xFD, 0x00, 0x00, 0x00, 0x1F, 0xD0, 0x00, 0x00, 0x01, 0xFD, 0x00, 0x00,
    0x00, 0x1F, 0xD0, 0x00, 0x05, 0x01, 0xFC, 0x00, 0x01, 0xF0, 0x1F, 0xC0, 0x00, 0x3E, 0x01, 0xFC,
    0x00, 0x07, 0xE0, 0x2F, 0xC0, 0x01, 0xFD, 0x3F, 0xFF, 0xFF, 0xFF, 0xD7, 0xFF, 0xFF, 0xFF, 0xFC,
    0x05, 0x55, 0x55, 0x55, 0x42, 0xFF, 0xFF, 0xFF, 0xFD, 0x1B, 0xFF, 0xFF, 0xFF, 0xD0, 0x0F, 0xF0,
    0x00, 0xBE, 0x00, 0xFF, 0x00, 0x03, 0xE0, 0x0F, 0xF0, 0x00, 0x2E, 0x00, 0xFF, 0x00, 0x01, 0x90,
    0x0F, 0xE0, 0x00, 0x00, 0x00, 0xFE, 0x00, 0x00, 0x00, 0x0F, 0xE0, 0x00, 0x00, 0x00, 0xFE, 0x00,
    0x00, 0x00, 0x0F, 0xFF, 0xFF, 0xC0, 0x00, 0xFF, 0xFF, 0xFC, 0x00, 0x0F, 0xE5, 0x55, 0x40, 0x00,
    0xFD, 0x00, 0x00, 0x00, 0x1F, 0xD0, 0x00, 0x00, 0x01, 0xFD, 0x00, 0x00, 0x00, 0x1F, 0xD0, 0x00,
    0x00, 0x01, 0xFC, 0x00, 0x00, 0x00, 0x1F, 0xC0, 0x00, 0x00, 0x01, 0xFC, 0x00, 0x00, 0x00, 0x2F,
    0xC0, 0x00, 0x00, 0x7F, 0xFF, 0xFC, 0x00, 0x07, 0xFF, 0xFF, 0xC0, 0x00, 0x00, 0x00, 0x6B, 0xF9,
    0x00, 0x00, 0x01, 0xFF, 0xFF, 0xF8, 0x00, 0x02, 0xFF, 0x95, 0xBF, 0xC0, 0x03, 0xFD, 0x00, 0x03,
    0xF8, 0x02, 0xFD, 0x00, 0x00, 0xBF, 0x01, 0xFE, 0x00, 0x00, 0x3F, 0xC0, 0xFF, 0x00, 0x00, 0x1F,
    0xF0, 0x3F, 0x80, 0x00, 0x00, 0x50, 0x2F, 0xD0, 0x00, 0x00, 0x00, 0x0B, 0xF0, 0x00, 0x00, 0x00,
    0x03, 0xFC, 0x00, 0x00, 0x00, 0x00, 0xFF, 0x00, 0x00, 0x00, 0x00, 0x3F, 0xC0, 0x00, 0x00, 0x00,
    0x0F, 0xF0, 0x00, 0x0B, 0xFF, 0x83, 0xFC, 0x00, 0x02, 0xFF, 0xE0, 0xFF, 0x00, 0x00, 0x03, 0xF8,
    0x3F, 0xC0, 0x00, 0x00, 0xFD, 0x0B, 0xF4, 0x00, 0x00, 0x3F, 0x40, 0xFF, 0x00, 0x00, 0x0F, 0xD0,
    0x2F, 0xD0, 0x00, 0x03, 0xF4, 0x03, 0xFD, 0x00, 0x00, 0xFD, 0x00, 0x7F, 0xE0, 0x01, 0xFF, 0x40,
    0x07, 0xFF, 0xFF, 0xFF, 0x40, 0x00, 0x2F, 0xFF, 0xF9, 0x00, 0x00, 0x00, 0x15, 0x40, 0x00, 0x00,
    0x05, 0x55, 0x54, 0x01, 0x55, 0x55, 0x0B, 0xFF, 0xFE, 0x00, 0xFF, 0xFF, 0xC1, 0xBF, 0xFE, 0x40,
    0x2B, 0xFF, 0x90, 0x03, 0xFC, 0x00, 0x00, 0x7F, 0x40, 0x00, 0xFF, 0x00, 0x00, 0x1F, 0xC0, 0x00,
    0x3F, 0xC0, 0x00, 0x07, 0xF0, 0x00, 0x0F, 0xE0, 0x00, 0x02, 0xFC, 0x00, 0x03, 0xF8, 0x00, 0x00,
    0xBF, 0x00, 0x00, 0xFE, 0x00, 0x00, 0x2F, 0xC0, 0x00, 0x3F, 0x80, 0x00, 0x0B, 0xF0, 0x00, 0x0F,
    0xE0, 0x00, 0x02, 0xFC, 0x00, 0x03, 0xFF, 0xFF, 0xFF, 0xFF, 0x00, 0x00, 0xFF, 0xFF, 0xFF, 0xFF,
    0xC0, 0x00, 0x3F, 0x80, 0x00, 0x0F, 0xF0, 0x00, 0x1F, 0xD0, 0x00, 0x03, 0xFC, 0x00, 0x07, 0xF4,
    0x00, 0x00, 0xFF, 0x00, 0x01, 0xFD, 0x00, 0x00, 0x3F, 0x80, 0x00, 0x7F, 0x40, 0x00, 0x0F, 0xE0,
    0x00, 0x1F, 0xD0, 0x00, 0x03, 0xF8, 0x00, 0x07, 0xF0, 0x00, 0x00, 0xFE, 0x00, 0x02, 0xFC, 0x00,
    0x00, 0x3F, 0x80, 0x00, 0xBF, 0x40, 0x00, 0x0F, 0xE0, 0x03, 0xFF, 0xFF, 0x00, 0xBF, 0xFF, 0xE1,
    0xFF, 0xFF, 0xC0, 0x3F, 0xFF, 0xF8, 0x05, 0x55, 0x54, 0xBF, 0xFF, 0xF1, 0xBF, 0xFE, 0x40, 0x3F,
    0xC0, 0x00, 0xFF, 0x00, 0x03, 0xFC, 0x00, 0x0F, 0xF0, 0x00, 0x3F, 0x80, 0x00, 0xFE, 0x00, 0x03,
    0xF8, 0x00, 0x0F, 0xE0, 0x00, 0x3F, 0x80, 0x00, 0xFE, 0x00, 0x03, 0xF4, 0x00, 0x0F, 0xD0, 0x00,
    0x7F, 0x40, 0x01, 0xFD, 0x00, 0x07, 0xF4, 0x00, 0x1F, 0xD0, 0x00, 0x7F, 0x00, 0x01, 0xFC, 0x00,
    0x0B, 0xF4, 0x07, 0xFF, 0xFF, 0x1F, 0xFF, 0xFC, 0x15, 0x55, 0x54, 0xFF, 0xFF, 0xF1, 0xBF, 0xFE,
    0x40, 0x3F, 0xC0, 0x00, 0xFF, 0x00, 0x03, 0xFC, 0x00, 0x0F, 0xE0, 0x00, 0x3F, 0x80, 0x00, 0xFE,
    0x00, 0x03, 0xF8, 0x00, 0x0F, 0xE0, 0x00, 0x3F, 0x80, 0x00, 0xFE, 0x00, 0x03, 0xF4, 0x00, 0x0F,
    0xD0, 0x00, 0x7F, 0x40, 0x01, 0xFD, 0x00, 0x07, 0xF4, 0x00, 0x1F, 0xD0, 0x00, 0x7F, 0x40, 0x01,
    0xFC, 0x00, 0x0B, 0xF0, 0x00, 0x2F, 0xC0, 0x00, 0xBF, 0x00, 0x03, 0xFC, 0x00, 0x0F, 0xE0, 0x00,
    0xBF, 0x00, 0x03, 0xF4, 0x00, 0x2F, 0x80, 0x01, 0xF8, 0x00, 0x0F, 0x80, 0x00, 0x04, 0x00, 0x00,
    0x05, 0x55, 0x54, 0x01, 0x55, 0x50, 0x7F, 0xFF, 0xF0, 0x3F, 0xFF, 0xD0, 0xBF, 0xFE, 0x40, 0x6F,
    0xFE, 0x00, 0x3F, 0xC0, 0x00, 0x3F, 0x00, 0x00, 0xFF, 0x00, 0x03, 0xF0, 0x00, 0x03, 0xFC, 0x00,
    0x2F, 0x00, 0x00, 0x0F, 0xE0, 0x02, 0xF0, 0x00, 0x00, 0x3F, 0x80, 0x2F, 0x00, 0x00, 0x00, 0xFE,
    0x02, 0xF0, 0x00, 0x00, 0x03, 0xF8, 0x2F, 0x00, 0x00, 0x00, 0x0F, 0xE2, 0xF0, 0x00, 0x00, 0x00,
    0x3F, 0x9F, 0xD0, 0x00, 0x00, 0x00, 0xFD, 0x7F, 0xE0, 0x00, 0x00, 0x03, 0xF4, 0x1F, 0xF0, 0x00,
    0x00, 0x0F, 0xD0, 0x2F, 0xE0, 0x00, 0x00, 0x7F, 0x40, 0x3F, 0xC0, 0x00, 0x01, 0xFD, 0x00, 0xBF,
    0x40, 0x00, 0x07, 0xF4, 0x00, 0xFE, 0x00, 0x00, 0x1F, 0xD0, 0x03, 0xFC, 0x00, 0x00, 0x7F, 0x00,
    0x0B, 0xF4, 0x00, 0x02, 0xFC, 0x00, 0x0F, 0xF0, 0x00, 0x0B, 0xF0, 0x00, 0x3F, 0xD0, 0x43, 0xFF,
    0xFF, 0x00, 0x7F, 0xFF, 0x1F, 0xFF, 0xFC, 0x00, 0x7F, 0xF8, 0x00, 0x00, 0x00, 0x00, 0x15, 0x00,
    0x05, 0x55, 0x54, 0x00, 0x02, 0xFF, 0xFF, 0xD0, 0x00, 0x1B, 0xFF, 0xE8, 0x00, 0x00, 0x0F, 0xF0,
    0x00, 0x00, 0x00, 0xFF, 0x00, 0x00, 0x00, 0x0F, 0xF0, 0x00, 0x00, 0x00, 0xFE, 0x00, 0x00, 0x00,
    0x0F, 0xE0, 0x00, 0x00, 0x00, 0xFE, 0x00, 0x00, 0x00, 0x0F, 0xE0, 0x00, 0x00, 0x00, 0xFE, 0x00,
    0x00, 0x00, 0x0F, 0xE0, 0x00, 0x00, 0x00, 0xFD, 0x00, 0x00, 0x00, 0x0F, 0xD0, 0x00, 0x00, 0x01,
    0xFD, 0x00, 0x00, 0x00, 0x1F, 0xD0, 0x00, 0x00, 0x01, 0xFD, 0x00, 0x00, 0x00, 0x1F, 0xC0, 0x00,
    0x1A, 0x01, 0xFC, 0x00, 0x02, 0xE0, 0x1F, 0xC0, 0x00, 0x3E, 0x02, 0xFC, 0x00, 0x07, 0xD0, 0x2F,
    0xC0, 0x01, 0xFD, 0x3F, 0xFF, 0xFF, 0xFF, 0xC7, 0xFF, 0xFF, 0xFF, 0xFC, 0x05, 0x55, 0x50, 0x00,
    0x00, 0x05, 0x55, 0x40, 0x3F, 0xFF, 0xC0, 0x00, 0x00, 0x7F, 0xFF, 0x40, 0x6F, 0xFF, 0x40, 0x00,
    0x03, 0xFF, 0xF8, 0x00, 0x1F, 0xFE, 0x00, 0x00, 0x0F, 0xFE, 0x00, 0x00, 0x7F, 0xFC, 0x00, 0x00,
    0x7E, 0xFC, 0x00, 0x01, 0xF7, 0xF4, 0x00, 0x03, 0xEB, 0xF0, 0x00, 0x0B, 0xCF, 0xE0, 0x00, 0x0F,
    0x6F, 0xC0, 0x00, 0x2F, 0x3F, 0xC0, 0x00, 0x7C, 0xBF, 0x00, 0x00, 0xB8, 0xBF, 0x00, 0x02, 0xE2,
    0xFC, 0x00, 0x02, 0xE1, 0xFD, 0x00, 0x0F, 0x4B, 0xF0, 0x00, 0x0F, 0x83, 0xF8, 0x00, 0x7C, 0x2F,
    0xC0, 0x00, 0x3E, 0x0B, 0xF0, 0x02, 0xE0, 0x7F, 0x00, 0x00, 0xF4, 0x1F, 0xC0, 0x0F, 0x41, 0xFC,
    0x00, 0x03, 0xD0, 0x3F, 0x80, 0x7C, 0x07, 0xF0, 0x00, 0x0F, 0x40, 0xFF, 0x02, 0xE0, 0x1F, 0xC0,
    0x00, 0x3C, 0x02, 0xFC, 0x0F, 0x40, 0x7F, 0x00, 0x00, 0xF0, 0x07, 0xF4, 0x7C, 0x01, 0xFC, 0x00,
    0x07, 0xC0, 0x0F, 0xE2, 0xE0, 0x07, 0xF0, 0x00, 0x1F, 0x00, 0x2F, 0xCF, 0x40, 0x1F, 0xD0, 0x00,
    0x7C, 0x00, 0x7F, 0x7C, 0x00, 0x3F, 0x40, 0x02, 0xF0, 0x00, 0xFF, 0xF0, 0x00, 0xFD, 0x00, 0x0B,
    0xC0, 0x03, 0xFF, 0x40, 0x07, 0xF4, 0x07, 0xFF, 0xF8, 0x0B, 0xFC, 0x03, 0xFF, 0xFF, 0x6F, 0xFF,
    0xE0, 0x1F, 0xE0, 0x0F, 0xFF, 0xFD, 0x00, 0x00, 0x00, 0x10, 0x00, 0x00, 0x00, 0x00, 0x05, 0x55,
    0x40, 0x00, 0x55, 0x55, 0x1F, 0xFF, 0xD0, 0x00, 0xFF, 0xFF, 0x0A, 0xFF, 0xF0, 0x00, 0xAF, 0xF9,
    0x00, 0xFF, 0xF4, 0x00, 0x07, 0xC0, 0x00, 0xFB, 0xFC, 0x00, 0x0B, 0xC0, 0x00, 0xF6, 0xFD, 0x00,
    0x0B, 0xC0, 0x00, 0xF4, 0xFF, 0x00, 0x0B, 0xC0, 0x00, 0xF4, 0xBF, 0x40, 0x0B, 0xC0, 0x00, 0xF4,
    0x3F, 0x80, 0x0B, 0x80, 0x00, 0xF4, 0x2F, 0xC0, 0x0B, 0x80, 0x00, 0xF0, 0x0F, 0xE0, 0x0B, 0x80,
    0x00, 0xF0, 0x0B, 0xF0, 0x0F, 0x80, 0x00, 0xF0, 0x03, 0xF8, 0x0F, 0x80, 0x00, 0xF0, 0x03, 0xFC,
    0x0F, 0x80, 0x01, 0xF0, 0x01, 0xFE, 0x0F, 0x40, 0x01, 0xF0, 0x00, 0xFF, 0x0F, 0x40, 0x01, 0xF0,
    0x00, 0x7F, 0x4F, 0x40, 0x01, 0xF0, 0x00, 0x3F, 0xCF, 0x40, 0x01, 0xF0, 0x00, 0x1F, 0xDF, 0x40,
    0x01, 0xF0, 0x00, 0x0F, 0xFF, 0x40, 0x02, 0xF0, 0x00, 0x07, 0xFF, 0x40, 0x02, 0xF0, 0x00, 0x03,
    0xFF, 0x00, 0x3F, 0xFF, 0x80, 0x01, 0xFF, 0x00, 0x7F, 0xFF, 0xC0, 0x00, 0xFF, 0x00, 0x00, 0x00,
    0x00, 0x00, 0x10, 0x00, 0x00, 0x00, 0x6F, 0xF9, 0x00, 0x00, 0x00, 0x1F, 0xFF, 0xFF, 0x40, 0x00,
    0x03, 0xFF, 0x96, 0xFF, 0x80, 0x00, 0x3F, 0xC0, 0x00, 0xFF, 0x80, 0x02, 0xFC, 0x00, 0x00, 0xFF,
    0x40, 0x1F, 0xD0, 0x00, 0x01, 0xFF, 0x00, 0xFF, 0x00, 0x00, 0x03, 0xFD, 0x07, 0xF4, 0x00, 0x00,
    0x0B, 0xF8, 0x2F, 0xC0, 0x00, 0x00, 0x1F, 0xF0, 0xFF, 0x00, 0x00, 0x00, 0x3F, 0xC3, 0xFC, 0x00,
    0x00, 0x00, 0xFF, 0x0F, 0xF0, 0x00, 0x00, 0x03, 0xFC, 0x3F, 0xC0, 0x00, 0x00, 0x0F, 0xF0, 0xFF,
    0x00, 0x00, 0x00, 0x3F, 0xC3, 0xFC, 0x00, 0x00, 0x00, 0xFE, 0x0F, 0xF0, 0x00, 0x00, 0x07, 0xF8,
    0x3F, 0xC0, 0x00, 0x00, 0x2F, 0xD0, 0xBF, 0x80, 0x00, 0x00, 0xFF, 0x00, 0xFF, 0x00, 0x00, 0x03,
    0xF4, 0x02, 0xFD, 0x00, 0x00, 0x3F, 0xC0, 0x03, 0xFD, 0x00, 0x02, 0xFD, 0x00, 0x07, 0xFE, 0x00,
    0x7F, 0xD0, 0x00, 0x07, 0xFF, 0xFF, 0xFD, 0x00, 0x00, 0x02, 0xFF, 0xFF, 0x80, 0x00, 0x00, 0x00,
    0x15, 0x40, 0x00, 0x00, 0x05, 0x55, 0x55, 0x00, 0x00, 0x7F, 0xFF, 0xFF, 0xF4, 0x00, 0xAF, 0xFA,
    0xBF, 0xFC, 0x00, 0x2F, 0xC0, 0x0B, 0xFC, 0x00, 0xBF, 0x00, 0x0F, 0xF4, 0x02, 0xFC, 0x00, 0x1F,
    0xE0, 0x0B, 0xF0, 0x00, 0x3F, 0xC0, 0x2F, 0xC0, 0x00, 0xFF, 0x00, 0xFF, 0x00, 0x03, 0xFC, 0x03,
    0xFC, 0x00, 0x1F, 0xE0, 0x0F, 0xF0, 0x00, 0xFF, 0x00, 0x3F, 0xC0, 0x0B, 0xF8, 0x00, 0xFE, 0x15,
    0xFF, 0x80, 0x03, 0xF8, 0xFF, 0xF4, 0x00, 0x0F, 0xE2, 0xA4, 0x00, 0x00, 0x3F, 0x80, 0x00, 0x00,
    0x00, 0xFE, 0x00, 0x00, 0x00, 0x03, 0xF8, 0x00, 0x00, 0x00, 0x0F, 0xD0, 0x00, 0x00, 0x00, 0x7F,
    0x40, 0x00, 0x00, 0x01, 0xFD, 0x00, 0x00, 0x00, 0x07, 0xF4, 0x00, 0x00, 0x03, 0xFF, 0xFF, 0xD0,
    0x00, 0x1F, 0xFF, 0xFF, 0x40, 0x00, 0x00, 0x00, 0x6F, 0xF9, 0x00, 0x00, 0x00, 0x0B, 0xFF, 0xFF,
    0xD0, 0x00, 0x00, 0x3F, 0xE9, 0x6F, 0xF8, 0x00, 0x00, 0xFF, 0x00, 0x03, 0xFE, 0x00, 0x03, 0xFC,
    0x00, 0x00, 0xFF, 0x40, 0x07, 0xF4, 0x00, 0x00, 0x3F, 0xC0, 0x0F, 0xF0, 0x00, 0x00, 0x3F, 0xD0,
    0x1F, 0xD0, 0x00, 0x00, 0x1F, 0xE0, 0x2F, 0xC0, 0x00, 0x00, 0x0F, 0xF0, 0x3F, 0xC0, 0x00, 0x00,
    0x0F, 0xF0, 0x3F, 0xC0, 0x00, 0x00, 0x0F, 0xF0, 0x3F, 0xC0, 0x00, 0x00, 0x0F, 0xF0, 0x3F, 0xC0,
    0x00, 0x00, 0x0F, 0xF0, 0x3F, 0xC0, 0x00, 0x00, 0x0F, 0xF0, 0x3F, 0xC0, 0x00, 0x00, 0x1F, 0xE0,
    0x2F, 0xC0, 0x00, 0x00, 0x1F, 0xD0, 0x1F, 0xD0, 0x00, 0x00, 0x3F, 0xC0, 0x0F, 0xE0, 0x00, 0x00,
    0x3F, 0x80, 0x0B, 0xF0, 0x00, 0x00, 0xFF, 0x00, 0x03, 0xFC, 0x00, 0x02, 0xFD, 0x00, 0x00, 0xFF,
    0x40, 0x0B, 0xF4, 0x00, 0x00, 0x2F, 0xFF, 0xFF, 0x80, 0x00, 0x00, 0x02, 0xFF, 0xE4, 0x00, 0x00,
    0x00, 0x07, 0xFF, 0x90, 0x00, 0x00, 0x00, 0x2F, 0xFF, 0xFD, 0x00, 0x00, 0x00, 0x09, 0x00, 0x7F,
    0xC0, 0xB8, 0x00, 0x00, 0x00, 0x0B, 0xF9, 0xFE, 0x00, 0x00, 0x00, 0x02, 0xFF, 0xFE, 0x00, 0x00,
    0x00, 0x00, 0x7F, 0xFD, 0x00, 0x00, 0x00, 0x00, 0x07, 0xF8, 0x05, 0x55, 0x55, 0x00, 0x00, 0x00,
    0x7F, 0xFF, 0xFF, 0xF8, 0x00, 0x00, 0xAF, 0xFA, 0xBF, 0xFC, 0x00, 0x00, 0x2F, 0xC0, 0x0B, 0xFC,
    0x00, 0x00, 0xBF, 0x00, 0x0F, 0xF4, 0x00, 0x02, 0xFC, 0x00, 0x1F, 0xE0, 0x00, 0x0B, 0xF0, 0x00,
    0x7F, 0x80, 0x00, 0x2F, 0xC0, 0x01, 0xFD, 0x00, 0x00, 0xFF, 0x00, 0x0B, 0xF0, 0x00, 0x03, 0xFC,
    0x00, 0x7F, 0x80, 0x00, 0x0F, 0xF0, 0x07, 0xF8, 0x00, 0x00, 0x3F, 0x86, 0xFF, 0x40, 0x00, 0x00,
    0xFE, 0x3F, 0x40, 0x00, 0x00, 0x03, 0xF8, 0xBF, 0x40, 0x00, 0x00, 0x0F, 0xE0, 0xBF, 0x40, 0x00,
    0x00, 0x3F, 0x80, 0xFF, 0x00, 0x00, 0x00, 0xFE, 0x02, 0xFD, 0x00, 0x00, 0x03, 0xF8, 0x03, 0xFC,
    0x00, 0x00, 0x0F, 0xD0, 0x0F, 0xF4, 0x00, 0x00, 0x7F, 0x40, 0x1F, 0xF0, 0x00, 0x01, 0xFD, 0x00,
    0x3F, 0xD0, 0x00, 0x07, 0xF4, 0x00, 0x7F, 0xC0, 0x03, 0xFF, 0xFF, 0x80, 0xFF, 0xFF, 0x1F, 0xFF,
    0xFE, 0x00, 0xBF, 0xF8, 0x00, 0x00, 0x00, 0x00, 0x15, 0x00, 0x00, 0x06, 0xFE, 0x00, 0x00, 0xBF,
    0xFF, 0xE0, 0x03, 0xFD, 0x5B, 0xFC, 0x0B, 0xD0, 0x00, 0xFD, 0x0F, 0xC0, 0x00, 0xFD, 0x2F, 0x80,
    0x02, 0xFD, 0x2F, 0x80, 0x01, 0xF8, 0x2F, 0xC0, 0x00, 0x00, 0x1F, 0xF4, 0x00, 0x00, 0x0F, 0xFE,
    0x00, 0x00, 0x07, 0xFF, 0xD0, 0x00, 0x00, 0xFF, 0xFD, 0x00, 0x00, 0x2F, 0xFF, 0xC0, 0x00, 0x02,
    0xFF, 0xF0, 0x00, 0x00, 0x2F, 0xFC, 0x00, 0x00, 0x07, 0xFD, 0x00, 0x00, 0x01, 0xFD, 0x05, 0x00,
    0x00, 0xFD, 0x3F, 0xC0, 0x00, 0xFD, 0xBF, 0x80, 0x00, 0xFC, 0xBF, 0x40, 0x02, 0xF8, 0x7F, 0x80,
    0x0F, 0xF0, 0x2F, 0xFF, 0xFF, 0xC0, 0x07, 0xFF, 0xFD, 0x00, 0x00, 0x15, 0x40, 0x00, 0x15, 0x55,
    0x55, 0x55, 0x55, 0x0F, 0xFF, 0xFF, 0xFF, 0xFF, 0xC7, 0xFE, 0xAF, 0xFE, 0xBF, 0xF1, 0xF8, 0x01,
    0xFC, 0x00, 0xFC, 0xBC, 0x00, 0x7F, 0x00, 0x1F, 0x6E, 0x00, 0x2F, 0xC0, 0x03, 0xD7, 0x40, 0x0B,
    0xF0, 0x00, 0xA0, 0x00, 0x02, 0xFC, 0x00, 0x00, 0x00, 0x00, 0xBF, 0x00, 0x00, 0x00, 0x00, 0x2F,
    0xC0, 0x00, 0x00, 0x00, 0x0B, 0xF0, 0x00, 0x00, 0x00, 0x02, 0xFC, 0x00, 0x00, 0x00, 0x00, 0xFF,
    0x00, 0x00, 0x00, 0x00, 0x3F, 0xC0, 0x00, 0x00, 0x00, 0x0F, 0xF0, 0x00, 0x00, 0x00, 0x03, 0xF8,
    0x00, 0x00, 0x00, 0x00, 0xFE, 0x00, 0x00, 0x00, 0x00, 0x3F, 0x80, 0x00, 0x00, 0x00, 0x0F, 0xE0,
    0x00, 0x00, 0x00, 0x03, 0xF8, 0x00, 0x00, 0x00, 0x00, 0xFE, 0x00, 0x00, 0x00, 0x00, 0x3F, 0x80,
    0x00, 0x00, 0x07, 0xFF, 0xFF, 0xC0, 0x00, 0x03, 0xFF, 0xFF, 0xF0, 0x00, 0x55, 0x55, 0x40, 0x05,
    0x55, 0x53, 0xFF, 0xFF, 0x00, 0x3F, 0xFF, 0xE6, 0xFF, 0xE4, 0x00, 0x6F, 0xFE, 0x02, 0xFC, 0x00,
    0x00, 0x1F, 0xC0, 0x0B, 0xF0, 0x00, 0x00, 0x7F, 0x00, 0x2F, 0xC0, 0x00, 0x02, 0xFC, 0x00, 0xBF,
    0x00, 0x00, 0x0F, 0xF0, 0x02, 0xFC, 0x00, 0x00, 0x3F, 0xC0, 0x0F, 0xF0, 0x00, 0x00, 0xFF, 0x00,
    0x3F, 0xC0, 0x00, 0x07, 0xF8, 0x00, 0xFF, 0x00, 0x00, 0x2F, 0xE0, 0x03, 0xF8, 0x00, 0x00, 0xBF,
    0x80, 0x0F, 0xE0, 0x00, 0x03, 0xBE, 0x00, 0x3F, 0x80, 0x00, 0x1E, 0xF8, 0x00, 0xFE, 0x00, 0x00,
    0xB7, 0xD0, 0x03, 0xF8, 0x00, 0x03, 0xDF, 0x40, 0x0F, 0xD0, 0x00, 0x1D, 0xBD, 0x00, 0x3F, 0x40,
    0x00, 0xF2, 0xF4, 0x00, 0xFD, 0x00, 0x07, 0x8B, 0xC0, 0x03, 0xF8, 0x00, 0x3D, 0x3F, 0x00, 0x0F,
    0xF0, 0x03, 0xF0, 0xFC, 0x00, 0x1F, 0xF5, 0x7F, 0x03, 0xF0, 0x00, 0x3F, 0xFF, 0xF4, 0x0F, 0xFE,
    0x00, 0x2F, 0xFF, 0x40, 0x3F, 0xF8, 0x00, 0x05, 0x40, 0x00, 0x00, 0x00, 0x15, 0x55, 0x50, 0x00,
    0x55, 0x55, 0x0F, 0xFF, 0xFD, 0x00, 0x3F, 0xFF, 0xC2, 0xFF, 0xFA, 0x00, 0x06, 0xFF, 0xE0, 0x0B,
    0xF4, 0x00, 0x00, 0x1F, 0x00, 0x01, 0xFE, 0x00, 0x00, 0x0B, 0xC0, 0x00, 0x3F, 0xC0, 0x00, 0x03,
    0xD0, 0x00, 0x0F, 0xF4, 0x00, 0x01, 0xF0, 0x00, 0x01, 0xFE, 0x00, 0x00, 0xF8, 0x00, 0x00, 0x3F,
    0xC0, 0x00, 0x3D, 0x00, 0x00, 0x0F, 0xF0, 0x00, 0x2F, 0x00, 0x00, 0x02, 0xFD, 0x00, 0x0F, 0x80,
    0x00, 0x00, 0x7F, 0x80, 0x07, 0xC0, 0x00, 0x00, 0x0F, 0xF0, 0x02, 0xF0, 0x00, 0x00, 0x02, 0xFC,
    0x00, 0xF4, 0x00, 0x00, 0x00, 0x7F, 0x40, 0x7C, 0x00, 0x00, 0x00, 0x0F, 0xF0, 0x2E, 0x00, 0x00,
    0x00, 0x03, 0xFC, 0x0F, 0x40, 0x00, 0x00, 0x00, 0x7F, 0x47, 0xC0, 0x00, 0x00, 0x00, 0x0F, 0xE3,
    0xE0, 0x00, 0x00, 0x00, 0x03, 0xFC, 0xF0, 0x00, 0x00, 0x00, 0x00, 0xBF, 0xBC, 0x00, 0x00, 0x00,
    0x00, 0x1F, 0xFD, 0x00, 0x00, 0x00, 0x00, 0x03, 0xFF, 0x00, 0x00, 0x00, 0x00, 0x00, 0xBF, 0x80,
    0x00, 0x00, 0x00, 0x00, 0x04, 0x00, 0x00, 0x00, 0x00, 0x15, 0x55, 0x50, 0x00, 0x04, 0x00, 0x01,
    0x55, 0x50, 0xFF, 0xFF, 0xC0, 0x0F, 0xF0, 0x00, 0x1F, 0xFF, 0xE2, 0xFF, 0xF9, 0x00, 0x3F, 0xC0,
    0x00, 0x2B, 0xFE, 0x00, 0xBF, 0x40, 0x00, 0x7F, 0x40, 0x00, 0x0F, 0x80, 0x01, 0xFE, 0x00, 0x00,
    0xFF, 0x00, 0x00, 0x3D, 0x00, 0x03, 0xF8, 0x00, 0x03, 0xFC, 0x00, 0x01, 0xF0, 0x00, 0x0F, 0xF0,
    0x00, 0x0B, 0xF4, 0x00, 0x0B, 0x80, 0x00, 0x2F, 0xC0, 0x00, 0x2F, 0xE0, 0x00, 0x3D, 0x00, 0x00,
    0x7F, 0x40, 0x00, 0xFF, 0xC0, 0x01, 0xF0, 0x00, 0x00, 0xFE, 0x00, 0x07, 0xFF, 0x00, 0x0B, 0xC0,
    0x00, 0x03, 0xFC, 0x00, 0x2F, 0xFD, 0x00, 0x3E, 0x00, 0x00, 0x0B, 0xF0, 0x00, 0xFB, 0xF8, 0x00,
    0xF0, 0x00, 0x00, 0x1F, 0xD0, 0x07, 0xCF, 0xF0, 0x07, 0xC0, 0x00, 0x00, 0x3F, 0x80, 0x3E, 0x2F,
    0xC0, 0x3E, 0x00, 0x00, 0x00, 0xFF, 0x00, 0xF0, 0x7F, 0x40, 0xF4, 0x00, 0x00, 0x02, 0xFC, 0x0B,
    0xC0, 0xFE, 0x07, 0xC0, 0x00, 0x00, 0x07, 0xF4, 0x3D, 0x03, 0xFC, 0x2E, 0x00, 0x00, 0x00, 0x0F,
    0xE1, 0xF0, 0x0B, 0xF0, 0xF4, 0x00, 0x00, 0x00, 0x3F, 0x8F, 0x80, 0x1F, 0xD3, 0xC0, 0x00, 0x00,
    0x00, 0xBF, 0x3D, 0x00, 0x3F, 0x9F, 0x00, 0x00, 0x00, 0x01, 0xFE, 0xF0, 0x00, 0xFF, 0xF4, 0x00,
    0x00, 0x00, 0x03, 0xFF, 0x80, 0x01, 0xFF, 0xC0, 0x00, 0x00, 0x00, 0x0F, 0xFC, 0x00, 0x03, 0xFF,
    0x00, 0x00, 0x00, 0x00, 0x2F, 0xF0, 0x00, 0x0F, 0xF8, 0x00, 0x00, 0x00, 0x00, 0x10, 0x00, 0x00,
    0x00, 0x00, 0x00, 0x00, 0x05, 0x55, 0x54, 0x01, 0x55, 0x54, 0x2F, 0xFF, 0xFC, 0x03, 0xFF, 0xFC,
    0x1B, 0xFF, 0xE4, 0x01, 0xBF, 0xE4, 0x00, 0xFF, 0x40, 0x00, 0x3F, 0x00, 0x00, 0x7F, 0xC0, 0x00,
    0xBC, 0x00, 0x00, 0x2F, 0xE0, 0x01, 0xF4, 0x00, 0x00, 0x0F, 0xF4, 0x03, 0xE0, 0x00, 0x00, 0x07,
    0xFC, 0x0B, 0xC0, 0x00, 0x00, 0x02, 0xFE, 0x1F, 0x00, 0x00, 0x00, 0x00, 0xFF, 0x7D, 0x00, 0x00,
    0x00, 0x00, 0x7F, 0xF8, 0x00, 0x00, 0x00, 0x00, 0x2F, 0xF0, 0x00, 0x00, 0x00, 0x00, 0x0F, 0xF0,
    0x00, 0x00, 0x00, 0x00, 0x2F, 0xFC, 0x00, 0x00, 0x00, 0x00, 0x7E, 0xFE, 0x00, 0x00, 0x00, 0x00,
    0xF4, 0xFF, 0x00, 0x00, 0x00, 0x03, 0xE0, 0x7F, 0xC0, 0x00, 0x00, 0x0B, 0xC0, 0x2F, 0xE0, 0x00,
    0x00, 0x1F, 0x40, 0x0F, 0xF0, 0x00, 0x00, 0x3E, 0x00, 0x07, 0xFC, 0x00, 0x00, 0xFC, 0x00, 0x03,
    0xFD, 0x00, 0x02, 0xF4, 0x00, 0x01, 0xFF, 0x40, 0x7F, 0xFF, 0x40, 0x1F, 0xFF, 0xFC, 0xBF, 0xFF,
    0x40, 0x2F, 0xFF, 0xFC, 0x15, 0x55, 0x50, 0x00, 0x55, 0x54, 0x3F, 0xFF, 0xF0, 0x02, 0xFF, 0xFD,
    0x2F, 0xFF, 0x90, 0x01, 0xBF, 0xF8, 0x02, 0xFD, 0x00, 0x00, 0x0F, 0x40, 0x00, 0xFF, 0x00, 0x00,
    0x3E, 0x00, 0x00, 0x7F, 0x80, 0x00, 0x7C, 0x00, 0x00, 0x3F, 0xC0, 0x00, 0xF8, 0x00, 0x00, 0x1F,
    0xE0, 0x01, 0xF0, 0x00, 0x00, 0x0F, 0xF0, 0x03, 0xD0, 0x00, 0x00, 0x07, 0xF8, 0x0B, 0xC0, 0x00,
    0x00, 0x03, 0xFC, 0x0F, 0x00, 0x00, 0x00, 0x00, 0xFE, 0x3E, 0x00, 0x00, 0x00, 0x00, 0xBF, 0x7C,
    0x00, 0x00, 0x00, 0x00, 0x3F, 0xF4, 0x00, 0x00, 0x00, 0x00, 0x2F, 0xF0, 0x00, 0x00, 0x00, 0x00,
    0x0F, 0xD0, 0x00, 0x00, 0x00, 0x00, 0x1F, 0xD0, 0x00, 0x00, 0x00, 0x00, 0x1F, 0xD0, 0x00, 0x00,
    0x00, 0x00, 0x1F, 0xD0, 0x00, 0x00, 0x00, 0x00, 0x1F, 0xC0, 0x00, 0x00, 0x00, 0x00, 0x1F, 0xC0,
    0x00, 0x00, 0x00, 0x00, 0x2F, 0xC0, 0x00, 0x00, 0x00, 0x07, 0xFF, 0xFF, 0x00, 0x00, 0x00, 0x07,
    0xFF, 0xFF, 0x00, 0x00, 0x01, 0x55, 0x55, 0x55, 0x50, 0x2F, 0xFF, 0xFF, 0xFF, 0xF0, 0xBF, 0xEA,
    0xAA, 0xFF, 0xC3, 0xF4, 0x00, 0x03, 0xFC, 0x0F, 0x80, 0x00, 0x3F, 0xD0, 0x3D, 0x00, 0x01, 0xFE,
    0x00, 0xF0, 0x00, 0x0F, 0xF0, 0x00, 0x00, 0x00, 0xFF, 0x40, 0x00, 0x00, 0x0B, 0xF8, 0x00, 0x00,
    0x00, 0x7F, 0xC0, 0x00, 0x00, 0x03, 0xFD, 0x00, 0x00, 0x00, 0x2F, 0xE0, 0x00, 0x00, 0x01, 0xFF,
    0x00, 0x00, 0x00, 0x0F, 0xF0, 0x00, 0x00, 0x00, 0xBF, 0x80, 0x00, 0x00, 0x07, 0xFC, 0x00, 0x00,
    0x00, 0x3F, 0xC0, 0x00, 0x00, 0x03, 0xFD, 0x00, 0x01, 0xE0, 0x1F, 0xE0, 0x00, 0x0F, 0x40, 0xFF,
    0x00, 0x00, 0x3D, 0x0F, 0xF4, 0x00, 0x02, 0xF0, 0xBF, 0x80, 0x00, 0x6F, 0xC3, 0xFF, 0xFF, 0xFF,
    0xFF, 0x0F, 0xFF, 0xFF, 0xFF, 0xFC, 0x00, 0x00, 0x03, 0xFF, 0xF0, 0xFF, 0xF8, 0x3F, 0x80, 0x0F,
    0xE0, 0x03, 0xF8, 0x00, 0xFD, 0x00, 0x3F, 0x40, 0x0F, 0xD0, 0x03, 0xF4, 0x00, 0xFD, 0x00, 0x3F,
    0x40, 0x0F, 0xC0, 0x03, 0xF0, 0x01, 0xFC, 0x00, 0x7F, 0x00, 0x1F, 0xC0, 0x07, 0xF0, 0x01, 0xFC,
    0x00, 0x7F, 0x00, 0x1F, 0xC0, 0x0B, 0xF0, 0x02, 0xFC, 0x00, 0xBF, 0x00, 0x2F, 0xC0, 0x0B, 0xF0,
    0x02, 0xF8, 0x00, 0xBE, 0x00, 0x3F, 0x80, 0x0F, 0xE0, 0x03, 0xF8, 0x00, 0xFE, 0x00, 0x3F, 0x80,
    0x0F, 0xFF, 0xC3, 0xFF, 0xF0, 0x00, 0x00, 0x68, 0x00, 0x00, 0x1F, 0x00, 0x00, 0x03, 0xE0, 0x00,
    0x00, 0xBC, 0x00, 0x00, 0x1F, 0x00, 0x00, 0x03, 0xE0, 0x00, 0x00, 0xBC, 0x00, 0x00, 0x1F, 0x00,
    0x00, 0x03, 0xD0, 0x00, 0x00, 0xFC, 0x00, 0x00, 0x1F, 0x00, 0x00, 0x03, 0xD0, 0x00, 0x00, 0xFC,
    0x00, 0x00, 0x1F, 0x00, 0x00, 0x03, 0xD0, 0x00, 0x00, 0xFC, 0x00, 0x00, 0x1F, 0x00, 0x00, 0x03,
    0xD0, 0x00, 0x00, 0xF8, 0x00, 0x00, 0x2F, 0x00, 0x00, 0x03, 0xD0, 0x00, 0x00, 0xF8, 0x00, 0x00,
    0x2F, 0x00, 0x00, 0x03, 0xD0, 0x00, 0x00, 0xF8, 0x00, 0x00, 0x2F, 0x00, 0x00, 0x03, 0xD0, 0x00,
    0x00, 0xF8, 0x00, 0x00, 0x2F, 0x00, 0x00, 0x07, 0xD0, 0x00, 0x00, 0xA4, 0x00, 0x00, 0x0B, 0xFF,
    0xC2, 0xFF, 0xF0, 0x01, 0xFC, 0x00, 0x7F, 0x00, 0x2F, 0xC0, 0x0B, 0xF0, 0x02, 0xFC, 0x00, 0xBF,
    0x00, 0x2F, 0xC0, 0x0B, 0xE0, 0x02, 0xF8, 0x00, 0xFE, 0x00, 0x3F, 0x80, 0x0F, 0xE0, 0x03, 0xF8,
    0x00, 0xFD, 0x00, 0x3F, 0x40, 0x0F, 0xD0, 0x03, 0xF4, 0x00, 0xFD, 0x00, 0x3F, 0x40, 0x0F, 0xD0,
    0x03, 0xF0, 0x00, 0xFC, 0x00, 0x7F, 0x00, 0x1F, 0xC0, 0x07, 0xF0, 0x01, 0xFC, 0x00, 0x7F, 0x00,
    0x1F, 0xC0, 0x07, 0xF0, 0x02, 0xFC, 0x3F, 0xFF, 0x0F, 0xFF, 0xC0, 0x00, 0x00, 0x00, 0x00, 0xA0,
    0x00, 0x00, 0x00, 0xFD, 0x00, 0x00, 0x00, 0xBF, 0xC0, 0x00, 0x00, 0x7E, 0xF8, 0x00, 0x00, 0x3F,
    0x2F, 0x40, 0x00, 0x2F, 0x03, 0xF0, 0x00, 0x1F, 0x40, 0x7E, 0x00, 0x0F, 0x80, 0x0B, 0xC0, 0x0F,
    0xC0, 0x00, 0xFC, 0x0B, 0xD0, 0x00, 0x1F, 0x47, 0xE0, 0x00, 0x02, 0xF2, 0xF0, 0x00, 0x00, 0x3D,
    0x10, 0x00, 0x00, 0x05, 0x00, 0x7F, 0xFF, 0xFF, 0xFF, 0x2F, 0xFF, 0xFF, 0xFF, 0xD6, 0xAA, 0xAA,
    0xAA, 0xA0, 0x38, 0x03, 0xF8, 0x0B, 0xF4, 0x0B, 0xF0, 0x07, 0xF0, 0x03, 0xE0, 0x01, 0x00, 0x00,
    0x01, 0x50, 0x00, 0x00, 0x00, 0xFF, 0xFE, 0xFC, 0x00, 0x1F, 0xFE, 0xFF, 0xE0, 0x00, 0xFE, 0x00,
    0x3F, 0x80, 0x0F, 0xF0, 0x00, 0xFE, 0x00, 0x7F, 0x40, 0x07, 0xF8, 0x02, 0xFC, 0x00, 0x2F, 0xE0,
    0x0F, 0xE0, 0x00, 0xFF, 0x80, 0x7F, 0x40, 0x03, 0xFE, 0x01, 0xFD, 0x00, 0x1E, 0xF4, 0x07, 0xF0,
    0x00, 0xF7, 0xD0, 0x1F, 0xC0, 0x03, 0xAF, 0x40, 0x7F, 0x00, 0x1D, 0xBD, 0x01, 0xFD, 0x00, 0xF3,
    0xF4, 0x03, 0xF8, 0x03, 0x8F, 0xD0, 0x0B, 0xF4, 0x3D, 0x3F, 0x44, 0x0F, 0xFF, 0xE0, 0xFF, 0xF4,
    0x1F, 0xFE, 0x01, 0xFF, 0x80, 0x05, 0x40, 0x00, 0x50, 0x00, 0x6A, 0xA4, 0x00, 0x00, 0x0B, 0xFF,
    0x80, 0x00, 0x00, 0x1B, 0xF8, 0x00, 0x00, 0x00, 0x2F, 0x80, 0x00, 0x00, 0x02, 0xF8, 0x00, 0x00,
    0x00, 0x2F, 0x80, 0x00, 0x00, 0x03, 0xF8, 0x00, 0x00, 0x00, 0x3F, 0x80, 0x00, 0x00, 0x03, 0xF4,
    0x01, 0x50, 0x00, 0x3F, 0x40, 0xFF, 0xE0, 0x03, 0xF4, 0x3F, 0xFF, 0x80, 0x3F, 0x4B, 0x82, 0xFC,
    0x03, 0xF4, 0xF0, 0x0F, 0xE0, 0x3F, 0x2D, 0x00, 0xFF, 0x03, 0xF3, 0xC0, 0x0F, 0xF0, 0x3F, 0x38,
    0x00, 0xBF, 0x03, 0xF7, 0x40, 0x0F, 0xF0, 0x3E, 0xB0, 0x00, 0xFF, 0x03, 0xEF, 0x00, 0x0F, 0xE0,
    0x3F, 0xE0, 0x00, 0xFE, 0x07, 0xFC, 0x00, 0x1F, 0xD0, 0x7F, 0xC0, 0x03, 0xFC, 0x07, 0xF8, 0x00,
    0x7F, 0x40, 0x7F, 0x80, 0x1F, 0xE0, 0x07, 0xFF, 0xEF, 0xF8, 0x00, 0x1B, 0xFF, 0xFD, 0x00, 0x00,
    0x01, 0x54, 0x00, 0x00, 0x00, 0x01, 0x54, 0x00, 0x00, 0xBF, 0xFD, 0x00, 0x1F, 0xFA, 0xFD, 0x01,
    0xFD, 0x00, 0xFC, 0x0F, 0xE0, 0x03, 0xF4, 0xBF, 0x00, 0x3F, 0xC3, 0xF8, 0x00, 0xBE, 0x0F, 0xD0,
    0x00, 0x00, 0x7F, 0x40, 0x00, 0x01, 0xFD, 0x00, 0x00, 0x07, 0xF0, 0x00, 0x00, 0x1F, 0xD0, 0x00,
    0x00, 0x7F, 0x40, 0x00, 0x00, 0xFF, 0x00, 0x00, 0x02, 0xFD, 0x00, 0x1E, 0x03, 0xFD, 0x02, 0xF4,
    0x07, 0xFF, 0xFF, 0x40, 0x07, 0xFF, 0xE0, 0x00, 0x00, 0x54, 0x00, 0x00, 0x00, 0x00, 0x0A, 0xA9,
    0x00, 0x00, 0x00, 0x7F, 0xFC, 0x00, 0x00, 0x00, 0x6F, 0xF0, 0x00, 0x00, 0x00, 0x1F, 0xC0, 0x00,
    0x00, 0x00, 0x7F, 0x00, 0x00, 0x00, 0x01, 0xFC, 0x00, 0x00, 0x00, 0x07, 0xF0, 0x00, 0x00, 0x00,
    0x2F, 0xC0, 0x00, 0x01, 0x50, 0xBE, 0x00, 0x00, 0xFF, 0xFF, 0xF8, 0x00, 0x1F, 0xFA, 0xFF, 0xE0,
    0x01, 0xFE, 0x00, 0x3F, 0x80, 0x0F, 0xF0, 0x00, 0xFE, 0x00, 0x7F, 0x00, 0x07, 0xF8, 0x03, 0xFC,
    0x00, 0x2F, 0xE0, 0x0F, 0xE0, 0x00, 0xFF, 0x80, 0x7F, 0x40, 0x03, 0xFD, 0x01, 0xFC, 0x00, 0x1E,
    0xF4, 0x0B, 0xF0, 0x00, 0xF7, 0xD0, 0x2F, 0xC0, 0x03, 0xAF, 0x40, 0x7F, 0x00, 0x1D, 0xBD, 0x01,
    0xFD, 0x00, 0xF3, 0xF4, 0x03, 0xF8, 0x07, 0x8F, 0xD0, 0x0B, 0xF4, 0x3D, 0x3F, 0x44, 0x0F, 0xFF,
    0xE0, 0xFF, 0xF8, 0x1F, 0xFE, 0x01, 0xFF, 0x80, 0x05, 0x40, 0x01, 0x50, 0x00, 0x00, 0x01, 0x54,
    0x00, 0x03, 0xFF, 0xF4, 0x01, 0xFE, 0xBF, 0xD0, 0x7F, 0x40, 0xFF, 0x0F, 0xD0, 0x0B, 0xF2, 0xFC,
    0x00, 0xBF, 0x3F, 0x80, 0x0F, 0xE3, 0xF4, 0x02, 0xFC, 0x7F, 0x46, 0xFF, 0x47, 0xFF, 0xFF, 0x80,
    0x7F, 0xFE, 0x40, 0x07, 0xF4, 0x00, 0x00, 0x7F, 0x40, 0x00, 0x03, 0xFC, 0x00, 0x00, 0x2F, 0xD0,
    0x01, 0xC0, 0xFF, 0x80, 0xBE, 0x07, 0xFF, 0xFF, 0x80, 0x1F, 0xFF, 0xD0, 0x00, 0x05, 0x40, 0x00,
    0x00, 0x00, 0x00, 0x00, 0x00, 0x00, 0x00, 0x2F, 0xF8, 0x00, 0x00, 0x07, 0xFA, 0xFD, 0x00, 0x00,
    0x3F, 0x01, 0xFC, 0x00, 0x03, 0xF4, 0x07, 0xF0, 0x00, 0x0F, 0xC0, 0x3F, 0xC0, 0x00, 0xBF, 0x00,
    0x69, 0x00, 0x02, 0xFC, 0x00, 0x00, 0x00, 0x0F, 0xF0, 0x00, 0x00, 0x00, 0x3F, 0x80, 0x00, 0x00,
    0x1F, 0xFF, 0xFF, 0x40, 0x00, 0xBF, 0xFF, 0xFD, 0x00, 0x00, 0x0F, 0xE0, 0x00, 0x00, 0x00, 0x3F,
    0x80, 0x00, 0x00, 0x00, 0xFE, 0x00, 0x00, 0x00, 0x03, 0xF8, 0x00, 0x00, 0x00, 0x0F, 0xD0, 0x00,
    0x00, 0x00, 0x3F, 0x40, 0x00, 0x00, 0x00, 0xFD, 0x00, 0x00, 0x00, 0x03, 0xF4, 0x00, 0x00, 0x00,
    0x1F, 0xD0, 0x00, 0x00, 0x00, 0x7F, 0x40, 0x00, 0x00, 0x01, 0xFC, 0x00, 0x00, 0x00, 0x07, 0xF0,
    0x00, 0x00, 0x00, 0x1F, 0xC0, 0x00, 0x00, 0x00, 0x7F, 0x00, 0x00, 0x00, 0x01, 0xF8, 0x00, 0x00,
    0x00, 0x0B, 0xD0, 0x00, 0x00, 0x00, 0x2F, 0x00, 0x00, 0x00, 0x00, 0xBC, 0x00, 0x00, 0x00, 0x03,
    0xD0, 0x00, 0x00, 0x0F, 0xAF, 0x00, 0x00, 0x00, 0x3F, 0xF4, 0x00, 0x00, 0x00, 0xFF, 0x40, 0x00,
    0x00, 0x00, 0xA0, 0x00, 0x00, 0x00, 0x00, 0x00, 0x01, 0x54, 0x04, 0x00, 0x3F, 0xFF, 0xFE, 0x01,
    0xFF, 0xEF, 0xFE, 0x03, 0xFC, 0x00, 0xFE, 0x0F, 0xF0, 0x00, 0xFE, 0x1F, 0xD0, 0x01, 0xFE, 0x3F,
    0xC0, 0x02, 0xFE, 0x3F, 0x80, 0x03, 0xFD, 0x7F, 0x40, 0x03, 0xFD, 0x7F, 0x40, 0x07, 0xBD, 0x7F,
    0x00, 0x0B, 0x7D, 0x7F, 0x00, 0x0E, 0xBD, 0x7F, 0x40, 0x1D, 0xBD, 0x3F, 0x40, 0x3C, 0xBD, 0x3F,
    0x80, 0x78, 0xFC, 0x2F, 0xD1, 0xF4, 0xFC, 0x0F, 0xFF, 0xE0, 0xFC, 0x03, 0xFF, 0x80, 0xFC, 0x00,
    0x10, 0x01, 0xF8, 0x00, 0x00, 0x02, 0xF4, 0x2F, 0x80, 0x03, 0xF0, 0x3F, 0x80, 0x0B, 0xE0, 0x7F,
    0x80, 0x1F, 0xC0, 0x3F, 0xD1, 0xBF, 0x00, 0x1F, 0xFF, 0xF8, 0x00, 0x01, 0xAA, 0x40, 0x00, 0x2A,
    0xA4, 0x00, 0x00, 0x00, 0x7F, 0xFC, 0x00, 0x00, 0x00, 0x1B, 0xFC, 0x00, 0x00, 0x00, 0x02, 0xFC,
    0x00, 0x00, 0x00, 0x02, 0xFC, 0x00, 0x00, 0x00, 0x02, 0xFC, 0x00, 0x00, 0x00, 0x02, 0xF8, 0x00,
    0x00, 0x00, 0x02, 0xF8, 0x00, 0x00, 0x00, 0x02, 0xF8, 0x00, 0x54, 0x00, 0x02, 0xF8, 0x07, 0xFF,
    0x00, 0x03, 0xF8, 0x1F, 0xFF, 0xC0, 0x03, 0xF8, 0x3F, 0x7F, 0xC0, 0x03, 0xF4, 0x7C, 0x1F, 0xC0,
    0x03, 0xF4, 0xB4, 0x1F, 0xC0, 0x03, 0xF4, 0xF0, 0x1F, 0xC0, 0x03, 0xF1, 0xE0, 0x1F, 0xC0, 0x03,
    0xF2, 0xD0, 0x2F, 0xC0, 0x03, 0xF3, 0xC0, 0x2F, 0xC0, 0x03, 0xF7, 0x80, 0x3F, 0xC0, 0x03, 0xFB,
    0x40, 0x3F, 0x80, 0x03, 0xEF, 0x00, 0x3F, 0x80, 0x03, 0xFE, 0x00, 0x3F, 0x40, 0x03, 0xFD, 0x00,
    0x3F, 0x40, 0x03, 0xFC, 0x00, 0x3F, 0x44, 0x07, 0xF8, 0x00, 0x3F, 0xFE, 0x07, 0xF4, 0x00, 0x2F,
    0xF8, 0x00, 0x00, 0x00, 0x05, 0x40, 0x00, 0x10, 0x00, 0x07, 0xF4, 0x00, 0x3F, 0xF0, 0x00, 0xFF,
    0xC0, 0x01, 0xFD, 0x00, 0x00, 0x40, 0x00, 0x00, 0x00, 0x00, 0x00, 0x00, 0x01, 0x50, 0x00, 0xFF,
    0xE0, 0x07, 0xFF, 0xC0, 0x04, 0x3F, 0x40, 0x00, 0xFD, 0x00, 0x07, 0xF4, 0x00, 0x1F, 0xC0, 0x00,
    0x7F, 0x00, 0x01, 0xFC, 0x00, 0x0B, 0xF0, 0x00, 0x2F, 0xC0, 0x00, 0xBF, 0x00, 0x03, 0xF8, 0x00,
    0x0F, 0xE0, 0x00, 0x3F, 0x80, 0x00, 0xFE, 0x04, 0x03, 0xFF, 0xF0, 0x07, 0xFE, 0x00, 0x01, 0x40,
    0x00, 0x00, 0x01, 0x00, 0x01, 0xFC, 0x00, 0x3F, 0xE0, 0x03, 0xFE, 0x00, 0x2F, 0xD0, 0x00, 0x50,
    0x00, 0x00, 0x00, 0x00, 0x00, 0x00, 0x15, 0x00, 0x2F, 0xFC, 0x03, 0xFF, 0xE0, 0x10, 0xFE, 0x00,
    0x0F, 0xE0, 0x00, 0xFE, 0x00, 0x0F, 0xE0, 0x00, 0xFE, 0x00, 0x0F, 0xE0, 0x00, 0xFD, 0x00, 0x0F,
    0xD0, 0x00, 0xFD, 0x00, 0x0F, 0xD0, 0x00, 0xFD, 0x00, 0x1F, 0xC0, 0x01, 0xFC, 0x00, 0x1F, 0xC0,
    0x01, 0xF8, 0x00, 0x1F, 0x80, 0x02, 0xF0, 0x00, 0x2F, 0x00, 0x03, 0xD0, 0x3E, 0xBC, 0x03, 0xFF,
    0x40, 0x3F, 0xE0, 0x00, 0xA4, 0x00, 0x2A, 0xA4, 0x00, 0x00, 0x01, 0xFF, 0xF0, 0x00, 0x00, 0x01,
    0xBF, 0xC0, 0x00, 0x00, 0x00, 0x7F, 0x00, 0x00, 0x00, 0x02, 0xF8, 0x00, 0x00, 0x00, 0x0B, 0xE0,
    0x00, 0x00, 0x00, 0x2F, 0x80, 0x00, 0x00, 0x00, 0xBE, 0x00, 0x00, 0x00, 0x02, 0xF8, 0x00, 0x14,
    0x00, 0x0F, 0xE0, 0x03, 0xF8, 0x00, 0x3F, 0x40, 0x2F, 0xF0, 0x00, 0xFD, 0x00, 0x3F, 0xC0, 0x03,
    0xF4, 0x00, 0x7F, 0x00, 0x0F, 0xD0, 0x03, 0xF0, 0x00, 0x3F, 0x40, 0xBF, 0x00, 0x00, 0xFD, 0x7F,
    0xD0, 0x00, 0x03, 0xFF, 0xFC, 0x00, 0x00, 0x0F, 0xFB, 0xF0, 0x00, 0x00, 0x3F, 0x0F, 0xF0, 0x00,
    0x00, 0xFC, 0x1F, 0xD0, 0x00, 0x07, 0xF0, 0x3F, 0xC0, 0x00, 0x1F, 0xC0, 0x7F, 0x40, 0x00, 0x7F,
    0x00, 0xBF, 0x00, 0x01, 0xFC, 0x00, 0xFF, 0x00, 0x07, 0xF0, 0x02, 0xFF, 0xF4, 0x1F, 0xC0, 0x03,
    0xFF, 0x80, 0x00, 0x00, 0x01, 0x50, 0x00, 0x2A, 0xA4, 0x07, 0xFF, 0xC0, 0x1B, 0xFC, 0x00, 0x1F,
    0xC0, 0x02, 0xFC, 0x00, 0x2F, 0xC0, 0x02, 0xF8, 0x00, 0x2F, 0x80, 0x02, 0xF8, 0x00, 0x3F, 0x80,
    0x03, 0xF8, 0x00, 0x3F, 0x80, 0x03, 0xF8, 0x00, 0x3F, 0x40, 0x03, 0xF4, 0x00, 0x3F, 0x40, 0x03,
    0xF4, 0x00, 0x3F, 0x40, 0x03, 0xF4, 0x00, 0x3F, 0x40, 0x03, 0xF4, 0x00, 0x7F, 0x00, 0x07, 0xF0,
    0x00, 0x7F, 0x04, 0x03, 0xFF, 0xE0, 0x3F, 0xF8, 0x00, 0x54, 0x00, 0x01, 0x40, 0x00, 0x50, 0x00,
    0x05, 0x40, 0x07, 0xFF, 0x40, 0x7F, 0xE0, 0x07, 0xFF, 0x00, 0xBF, 0xF8, 0x1F, 0xFF, 0x41, 0xFF,
    0xF8, 0x00, 0x2F, 0xC3, 0xE7, 0xF8, 0x3E, 0x7F, 0xC0, 0x02, 0xFC, 0x7C, 0x1F, 0x83, 0xC2, 0xFC,
    0x00, 0x2F, 0x8B, 0x41, 0xF8, 0xB8, 0x2F, 0xC0, 0x02, 0xF8, 0xF0, 0x1F, 0x4F, 0x02, 0xFC, 0x00,
    0x2F, 0x4F, 0x02, 0xF4, 0xF0, 0x2F, 0xC0, 0x02, 0xF6, 0xD0, 0x2F, 0x2D, 0x03, 0xF8, 0x00, 0x2F,
    0x7C, 0x02, 0xF3, 0xC0, 0x3F, 0x80, 0x03, 0xF7, 0xC0, 0x3F, 0x38, 0x03, 0xF8, 0x00, 0x3F, 0x74,
    0x03, 0xFB, 0x40, 0x3F, 0x40, 0x03, 0xFB, 0x00, 0x3F, 0xF0, 0x03, 0xF4, 0x00, 0x3F, 0xF0, 0x03,
    0xFE, 0x00, 0x7F, 0x40, 0x03, 0xFE, 0x00, 0x3F, 0xD0, 0x07, 0xF0, 0x00, 0x3F, 0xC0, 0x03, 0xFC,
    0x00, 0x7F, 0x04, 0x03, 0xFC, 0x00, 0x7F, 0x80, 0x07, 0xFF, 0xD0, 0x3F, 0x80, 0x07, 0xF0, 0x00,
    0x3F, 0xF4, 0x00, 0x00, 0x00, 0x00, 0x00, 0x00, 0x54, 0x00, 0x01, 0x40, 0x00, 0x54, 0x00, 0x7F,
    0xF4, 0x03, 0xFF, 0x40, 0xBF, 0xFC, 0x0F, 0xFF, 0xC0, 0x02, 0xFC, 0x2F, 0x6F, 0xD0, 0x02, 0xF8,
    0x3C, 0x0F, 0xD0, 0x02, 0xF8, 0x78, 0x0F, 0xD0, 0x02, 0xF8, 0xB4, 0x0F, 0xD0, 0x02, 0xF4, 0xF0,
    0x0F, 0xD0, 0x02, 0xF5, 0xE0, 0x1F, 0xC0, 0x02, 0xF6, 0xD0, 0x1F, 0xC0, 0x03, 0xF3, 0xC0, 0x1F,
    0xC0, 0x03, 0xF7, 0x80, 0x2F, 0xC0, 0x03, 0xFB, 0x40, 0x2F, 0xC0, 0x03, 0xFF, 0x00, 0x2F, 0xC0,
    0x03, 0xFE, 0x00, 0x3F, 0x80, 0x03, 0xFD, 0x00, 0x3F, 0x80, 0x03, 0xFC, 0x00, 0x3F, 0xFF, 0x03,
    0xF8, 0x00, 0x1F, 0xF8, 0x00, 0x00, 0x00, 0x01, 0x40, 0x00, 0x01, 0x54, 0x00, 0x00, 0x7F, 0xFF,
    0x80, 0x02, 0xFF, 0xBF, 0xF0, 0x0B, 0xF4, 0x07, 0xF8, 0x0F, 0xD0, 0x02, 0xFC, 0x2F, 0xC0, 0x00,
    0xFE, 0x3F, 0x80, 0x00, 0xFF, 0x3F, 0x80, 0x00, 0xFF, 0x7F, 0x40, 0x00, 0xFF, 0x7F, 0x40, 0x00,
    0xFF, 0x7F, 0x40, 0x00, 0xFF, 0x7F, 0x40, 0x00, 0xFF, 0x7F, 0x80, 0x00, 0xFE, 0x3F, 0xC0, 0x01,
    0xFC, 0x2F, 0xC0, 0x03, 0xFC, 0x0F, 0xF0, 0x0B, 0xF0, 0x07, 0xFE, 0xBF, 0xD0, 0x00, 0xFF, 0xFE,
    0x00, 0x00, 0x05, 0x50, 0x00, 0x01, 0x40, 0x00, 0x54, 0x01, 0xFF, 0xD0, 0x2F, 0xFD, 0x0B, 0xFF,
    0xC2, 0xFF, 0xFC, 0x00, 0xBF, 0x1F, 0x47, 0xF8, 0x02, 0xFC, 0xB4, 0x0B, 0xF0, 0x0B, 0xE3, 0xC0,
    0x1F, 0xD0, 0x2F, 0x9E, 0x00, 0x7F, 0x40, 0xBD, 0xB0, 0x01, 0xFD, 0x02, 0xF7, 0xC0, 0x07, 0xF4,
    0x0B, 0xDE, 0x00, 0x1F, 0xD0, 0x2F, 0xB4, 0x00, 0x7F, 0x00, 0xFF, 0xC0, 0x02, 0xFC, 0x03, 0xFE,
    0x00, 0x0F, 0xE0, 0x0F, 0xF4, 0x00, 0x7F, 0x40, 0x3F, 0xC0, 0x03, 0xFC, 0x00, 0xFF, 0x00, 0x3F,
    0xC0, 0x03, 0xFF, 0xEF, 0xFD, 0x00, 0x0F, 0xFF, 0xFF, 0x80, 0x00, 0x3F, 0x05, 0x50, 0x00, 0x00,
    0xFC, 0x00, 0x00, 0x00, 0x03, 0xF0, 0x00, 0x00, 0x00, 0x1F, 0xC0, 0x00, 0x00, 0x00, 0x7F, 0x00,
    0x00, 0x00, 0x01, 0xFE, 0x50, 0x00, 0x00, 0x0B, 0xFF, 0xC0, 0x00, 0x00, 0x0A, 0xA9, 0x00, 0x00,
    0x00, 0x00, 0x01, 0x54, 0x04, 0x00, 0x03, 0xFF, 0xFF, 0xE0, 0x01, 0xFF, 0xEF, 0xFE, 0x00, 0x7F,
    0x80, 0x0F, 0xE0, 0x0F, 0xF0, 0x00, 0xFE, 0x01, 0xFC, 0x00, 0x1F, 0xD0, 0x3F, 0xC0, 0x02, 0xFD,
    0x03, 0xF8, 0x00, 0x3F, 0xD0, 0x7F, 0x40, 0x03, 0xFD, 0x07, 0xF0, 0x00, 0x7B, 0xD0, 0x7F, 0x00,
    0x0F, 0xBC, 0x07, 0xF0, 0x00, 0xEB, 0xC0, 0x7F, 0x00, 0x1D, 0xBC, 0x07, 0xF4, 0x03, 0xCF, 0xC0,
    0x3F, 0x80, 0x78, 0xFC, 0x02, 0xFD, 0x0F, 0x4F, 0xC0, 0x0F, 0xFF, 0xE0, 0xFC, 0x00, 0x7F, 0xF8,
    0x0F, 0xC0, 0x00, 0x54, 0x00, 0xFC, 0x00, 0x00, 0x00, 0x1F, 0xC0, 0x00, 0x00, 0x01, 0xFC, 0x00,
    0x00, 0x00, 0x1F, 0xC0, 0x00, 0x00, 0x01, 0xFC, 0x00, 0x00, 0x00, 0x1F, 0xEE, 0x00, 0x00, 0x00,
    0xFF, 0xD0, 0x00, 0x00, 0x02, 0x90, 0x01, 0x40, 0x01, 0x40, 0x7F, 0xF4, 0x0F, 0xF8, 0xBF, 0xF8,
    0x2F, 0xFC, 0x02, 0xFC, 0x3F, 0xFC, 0x02, 0xFC, 0xB4, 0xB8, 0x02, 0xF8, 0xF0, 0x10, 0x02, 0xF9,
    0xD0, 0x00, 0x02, 0xF7, 0xC0, 0x00, 0x02, 0xFB, 0x80, 0x00, 0x03, 0xFF, 0x00, 0x00, 0x03, 0xFE,
    0x00, 0x00, 0x03, 0xFD, 0x00, 0x00, 0x03, 0xFC, 0x00, 0x00, 0x03, 0xF8, 0x00, 0x00, 0x03, 0xF4,
    0x00, 0x00, 0x03, 0xF4, 0x00, 0x00, 0x03, 0xF0, 0x00, 0x00, 0x03, 0xF0, 0x00, 0x00, 0x00, 0x05,
    0x40, 0x00, 0x7F, 0xFF, 0x40, 0x7F, 0x9B, 0xF8, 0x3F, 0x00, 0x7F, 0x2F, 0x40, 0x2F, 0xCB, 0xE0,
    0x02, 0x82, 0xFE, 0x00, 0x00, 0x7F, 0xF4, 0x00, 0x0B, 0xFF, 0xD0, 0x00, 0xBF, 0xFF, 0x00, 0x02,
    0xFF, 0xF0, 0x00, 0x07, 0xFD, 0x00, 0x00, 0x3F, 0x86, 0x40, 0x07, 0xEB, 0xF0, 0x01, 0xF6, 0xFC,
    0x00, 0xFC, 0x7F, 0xEA, 0xFD, 0x07, 0xFF, 0xF8, 0x00, 0x05, 0x50, 0x00, 0x00, 0x54, 0x00, 0x00,
    0x3E, 0x00, 0x00, 0x0F, 0x80, 0x00, 0x07, 0xE0, 0x00, 0x02, 0xF4, 0x00, 0x00, 0xFD, 0x00, 0x0B,
    0xFF, 0xFF, 0xD3, 0xFF, 0xFF, 0xF4, 0x07, 0xF4, 0x00, 0x01, 0xFC, 0x00, 0x00, 0x7F, 0x00, 0x00,
    0x1F, 0xC0, 0x00, 0x07, 0xF0, 0x00, 0x02, 0xFC, 0x00, 0x00, 0xBF, 0x00, 0x00, 0x2F, 0xC0, 0x00,
    0x0B, 0xF0, 0x00, 0x02, 0xFC, 0x00, 0x00, 0xFF, 0x00, 0x00, 0x2F, 0xC0, 0x04, 0x0B, 0xF4, 0x2F,
    0x00, 0xFF, 0xFF, 0x40, 0x1F, 0xFF, 0x40, 0x00, 0x54, 0x00, 0x01, 0x50, 0x00, 0x00, 0x00, 0x1F,
    0xFC, 0x00, 0x1F, 0xC0, 0x7F, 0xFD, 0x00, 0x2F, 0xC0, 0x11, 0xFD, 0x00, 0x3F, 0xC0, 0x01, 0xFC,
    0x00, 0x7F, 0xC0, 0x01, 0xFC, 0x00, 0xBF, 0xC0, 0x01, 0xFC, 0x00, 0xFF, 0xC0, 0x02, 0xFC, 0x01,
    0xEF, 0xC0, 0x02, 0xFC, 0x03, 0xCF, 0xC0, 0x02, 0xFC, 0x03, 0xCF, 0xC0, 0x03, 0xF8, 0x07, 0x8F,
    0xC0, 0x03, 0xF8, 0x0F, 0x5F, 0xC0, 0x03, 0xF4, 0x0F, 0x1F, 0xC0, 0x03, 0xF4, 0x1E, 0x1F, 0x80,
    0x03, 0xF4, 0x3D, 0x2F, 0x80, 0x03, 0xFD, 0xBC, 0x2F, 0xC0, 0x02, 0xFF, 0xF4, 0x2F, 0xFE, 0x00,
    0xFF, 0xD0, 0x0F, 0xFE, 0x00, 0x15, 0x00, 0x01, 0x50, 0x01, 0x40, 0x00, 0x14, 0x1F, 0xFD, 0x00,
    0x3F, 0xCB, 0xFF, 0xC0, 0x1F, 0xF4, 0x0F, 0xF0, 0x07, 0xFE, 0x02, 0xFC, 0x00, 0x1F, 0x80, 0xBF,
    0x00, 0x03, 0xE0, 0x3F, 0xC0, 0x00, 0xF8, 0x0F, 0xE0, 0x00, 0x3D, 0x03, 0xF8, 0x00, 0x1F, 0x00,
    0xFE, 0x00, 0x0B, 0xC0, 0x3F, 0x80, 0x03, 0xE0, 0x0F, 0xD0, 0x00, 0xF4, 0x03, 0xF4, 0x00, 0xBC,
    0x00, 0xFD, 0x00, 0x3D, 0x00, 0x3F, 0x40, 0x2F, 0x00, 0x0F, 0xF0, 0x3F, 0x00, 0x02, 0xFF, 0xFF,
    0x40, 0x00, 0x2F, 0xFF, 0x00, 0x00, 0x00, 0x54, 0x00, 0x00, 0x01, 0x40, 0x00, 0x00, 0x00, 0x14,
    0x0B, 0xFF, 0x40, 0x07, 0xE0, 0x07, 0xF4, 0xBF, 0xFC, 0x00, 0xBF, 0x00, 0xFF, 0xC0, 0x3F, 0xC0,
    0x07, 0xF0, 0x0B, 0xFC, 0x02, 0xFC, 0x00, 0x7F, 0x00, 0x0F, 0xC0, 0x2F, 0xC0, 0x07, 0xF0, 0x00,
    0x7C, 0x03, 0xFC, 0x00, 0x7F, 0x00, 0x07, 0xC0, 0x3F, 0x80, 0x07, 0xF0, 0x00, 0xBC, 0x03, 0xF8,
    0x00, 0x7F, 0x00, 0x0B, 0xC0, 0x3F, 0x80, 0x0B, 0xE0, 0x00, 0xF8, 0x03, 0xF8, 0x00, 0xBE, 0x00,
    0x0F, 0x40, 0x3F, 0x40, 0x0F, 0xD0, 0x02, 0xF0, 0x03, 0xF4, 0x00, 0xFD, 0x00, 0x3E, 0x00, 0x3F,
    0x40, 0x2F, 0xD0, 0x07, 0xC0, 0x03, 0xF8, 0x03, 0xFD, 0x00, 0xF8, 0x00, 0x3F, 0xC0, 0xFB, 0xF0,
    0x7F, 0x00, 0x01, 0xFF, 0xFF, 0x3F, 0xFF, 0xC0, 0x00, 0x0B, 0xFF, 0x80, 0xFF, 0xE0, 0x00, 0x00,
    0x05, 0x40, 0x01, 0x50, 0x00, 0x00, 0x01, 0x50, 0x00, 0x04, 0x02, 0xFF, 0xC0, 0x07, 0xF4, 0x3F,
    0xFF, 0x00, 0xFF, 0x81, 0x0F, 0xF4, 0x03, 0xF8, 0x00, 0x7F, 0x80, 0x2F, 0x00, 0x03, 0xFC, 0x07,
    0xD0, 0x00, 0x1F, 0xE2, 0xF4, 0x00, 0x00, 0xFF, 0xBC, 0x00, 0x00, 0x07, 0xFF, 0x00, 0x00, 0x00,
    0x3F, 0xC0, 0x00, 0x00, 0x1F, 0xFE, 0x00, 0x00, 0x0B, 0xEF, 0xF0, 0x00, 0x03, 0xF4, 0x7F, 0x40,
    0x00, 0xFC, 0x03, 0xFC, 0x00, 0x2F, 0x00, 0x2F, 0xD0, 0x03, 0xF4, 0x00, 0xFF, 0x00, 0x3F, 0xE0,
    0x0B, 0xFF, 0xE2, 0xFD, 0x00, 0x2F, 0xFC, 0x05, 0x00, 0x00, 0x54, 0x00, 0x01, 0x40, 0x00, 0x14,
    0x1F, 0xFD, 0x00, 0x2F, 0xDB, 0xFF, 0xC0, 0x0F, 0xFC, 0x0B, 0xF0, 0x03, 0xFF, 0x02, 0xFC, 0x00,
    0x1F, 0xC0, 0xBF, 0x00, 0x03, 0xE0, 0x2F, 0xC0, 0x00, 0xF0, 0x0B, 0xF0, 0x00, 0xBC, 0x02, 0xFC,
    0x00, 0x3D, 0x00, 0x7F, 0x00, 0x1F, 0x00, 0x1F, 0xC0, 0x0F, 0x80, 0x03, 0xF4, 0x07, 0xC0, 0x00,
    0xFE, 0x02, 0xE0, 0x00, 0x3F, 0xC0, 0xF0, 0x00, 0x07, 0xF0, 0xBC, 0x00, 0x00, 0xFF, 0x7D, 0x00,
    0x00, 0x1F, 0xFF, 0x00, 0x00, 0x01, 0xFF, 0x40, 0x00, 0x00, 0x07, 0xC0, 0x00, 0x00, 0x02, 0xE0,
    0x00, 0x00, 0x00, 0xF0, 0x00, 0x07, 0x80, 0xB8, 0x00, 0x03, 0xF4, 0x7C, 0x00, 0x00, 0xFF, 0xFD,
    0x00, 0x00, 0x2F, 0xFE, 0x00, 0x00, 0x01, 0xA4, 0x00, 0x00, 0x00, 0x1F, 0xFF, 0xFF, 0xF0, 0xBF,
    0xFF, 0xFF, 0xD3, 0xFE, 0xAA, 0xFE, 0x0F, 0x80, 0x03, 0xF0, 0x3C, 0x00, 0x2F, 0x00, 0xF0, 0x02,
    0xF0, 0x00, 0x00, 0x1F, 0x40, 0x00, 0x00, 0xF8, 0x00, 0x00, 0x0F, 0x80, 0x00, 0x00, 0xFC, 0x00,
    0x00, 0x0B, 0xC0, 0x01, 0x00, 0x7C, 0x00, 0x3C, 0x07, 0xD0, 0x00, 0xF0, 0x3E, 0x00, 0x0B, 0xC3,
    0xFF, 0xFE, 0xBF, 0x1F, 0xFF, 0xFF, 0xF8, 0x3E, 0xBF, 0xFF, 0xD0, 0x00, 0x00, 0x14, 0x00, 0x00,
    0x05, 0x40, 0x01, 0xFF, 0xC0, 0x0F, 0xFA, 0x00, 0xBF, 0x00, 0x03, 0xF8, 0x00, 0x0F, 0xE0, 0x00,
    0x2F, 0x80, 0x00, 0xBF, 0x00, 0x02, 0xFC, 0x00, 0x0B, 0xF0, 0x00, 0x1F, 0xC0, 0x00, 0x7F, 0x00,
    0x01, 0xFC, 0x00, 0x07, 0xF0, 0x00, 0x1F, 0xC0, 0x00, 0xFE, 0x00, 0x1F, 0xE0, 0x02, 0xFD, 0x00,
    0x0B, 0xFC, 0x00, 0x01, 0xFC, 0x00, 0x03, 0xF4, 0x00, 0x0F, 0xE0, 0x00, 0x3F, 0x80, 0x00, 0xFE,
    0x00, 0x03, 0xF8, 0x00, 0x0F, 0xD0, 0x00, 0x3F, 0x40, 0x01, 0xFC, 0x00, 0x07, 0xF0, 0x00, 0x2F,
    0xC0, 0x00, 0xBF, 0x00, 0x03, 0xFC, 0x00, 0x0B, 0xF0, 0x00, 0x1F, 0xE6, 0x00, 0x2F, 0xFC, 0x00,
    0x06, 0x90, 0x1A, 0x07, 0xC1, 0xF0, 0x7C, 0x1F, 0x0B, 0xC2, 0xF0, 0xBC, 0x2F, 0x0B, 0xC2, 0xE0,
    0xB8, 0x3E, 0x0F, 0x83, 0xE0, 0xF8, 0x3E, 0x0F, 0x43, 0xD0, 0xF4, 0x3D, 0x0F, 0x43, 0xD0, 0xF4,
    0x3C, 0x0F, 0x07, 0xC1, 0xF0, 0x7C, 0x1F, 0x06, 0x80, 0x05, 0x40, 0x03, 0xFF, 0x80, 0x2B, 0xFD,
    0x00, 0x0F, 0xF0, 0x00, 0xBF, 0x00, 0x0B, 0xF0, 0x00, 0xBF, 0x00, 0x0F, 0xE0, 0x00, 0xFE, 0x00,
    0x0F, 0xD0, 0x00, 0xFC, 0x00, 0x1F, 0xC0, 0x01, 0xFC, 0x00, 0x1F, 0xC0, 0x01, 0xFC, 0x00, 0x0F,
    0xC0, 0x00, 0xBF, 0x40, 0x01, 0xFF, 0x00, 0x2F, 0xF0, 0x0F, 0xE0, 0x02, 0xFC, 0x00, 0x3F, 0x80,
    0x03, 0xF8, 0x00, 0x3F, 0x80, 0x03, 0xF8, 0x00, 0x2F, 0x80, 0x02, 0xFC, 0x00, 0x2F, 0xC0, 0x02,
    0xFC, 0x00, 0x2F, 0xC0, 0x01, 0xFC, 0x00, 0x1F, 0xC0, 0x02, 0xFC, 0x05, 0xBF, 0x80, 0xFF, 0xE0,
    0x06, 0x94, 0x00, 0x00, 0x00, 0x00, 0x00, 0x0F, 0xFA, 0x40, 0x2E, 0x3F, 0xFF, 0xFF, 0xFD, 0x7E,
    0xAF, 0xFF, 0xFC, 0x78, 0x00, 0x6F, 0xE0, 0x00, 0x00, 0x00, 0x00, 0x01, 0x40, 0x3F, 0xD1, 0xFF,
    0x87, 0xFE, 0x0F, 0xF0, 0x01, 0x00, 0x00, 0x00, 0x50, 0x03, 0xC0, 0x0F, 0x00, 0x3C, 0x00, 0xF0,
    0x03, 0xC0, 0x1F, 0x00, 0x7C, 0x02, 0xF0, 0x0B, 0xC0, 0x3F, 0x00, 0xFC, 0x03, 0xF0, 0x1F, 0xC0,
    0xBF, 0x03, 0xFC, 0x1F, 0xF0, 0x2F, 0x40, 0x00, 0x00, 0x14, 0x00, 0x00, 0x00, 0xE0, 0x00, 0x00,
    0x03, 0x40, 0x00, 0x06, 0xFF, 0x80, 0x00, 0xFF, 0xFF, 0xD0, 0x0F, 0xF6, 0xDF, 0xC0, 0xBF, 0x0E,
    0x3F, 0x47, 0xF4, 0x3A, 0xFD, 0x2F, 0xC0, 0xDF, 0xF0, 0xFE, 0x07, 0x06, 0x03, 0xF4, 0x2C, 0x00,
    0x1F, 0xD0, 0xF0, 0x00, 0x7F, 0x43, 0x80, 0x01, 0xFD, 0x0D, 0x00, 0x07, 0xF4, 0x70, 0x00, 0x0F,
    0xE2, 0xC0, 0x00, 0x3F, 0xCB, 0x00, 0xD0, 0x7F, 0xF8, 0x1F, 0xC0, 0xBF, 0xFB, 0xFC, 0x00, 0xBF,
    0xFF, 0x80, 0x00, 0x2F, 0xA0, 0x00, 0x00, 0xB0, 0x00, 0x00, 0x03, 0xC0, 0x00, 0x00, 0x00, 0x01,
    0xBF, 0x90, 0x00, 0x00, 0x7F, 0xFF, 0xF4, 0x00, 0x07, 0xFD, 0x1B, 0xF4, 0x00, 0x7F, 0x80, 0x0B,
    0xF0, 0x03, 0xFC, 0x00, 0x2F, 0xC0, 0x1F, 0xE0, 0x00, 0xFF, 0x00, 0xBF, 0x40, 0x02, 0xF4, 0x02,
    0xFC, 0x00, 0x00, 0x00, 0x0F, 0xF0, 0x00, 0x00, 0x00, 0x2F, 0xC0, 0x00, 0x00, 0x00, 0xBF, 0x00,
    0x00, 0x00, 0x2F, 0xFF, 0xFF, 0xF8, 0x00, 0xFF, 0xFF, 0xFF, 0xD0, 0x00, 0x0F, 0xE0, 0x00, 0x00,
    0x00, 0x1F, 0xC0, 0x00, 0x00, 0x00, 0x3F, 0x00, 0x00, 0x00, 0x00, 0xBD, 0x00, 0x09, 0x00, 0x00,
    0xF8, 0x00, 0x7F, 0x00, 0x02, 0xF0, 0x00, 0x7F, 0x00, 0x03, 0xD0, 0x00, 0x7D, 0x00, 0x0B, 0xC0,
    0x00, 0xF8, 0x0B, 0xFF, 0xF4, 0x0B, 0xD1, 0xFF, 0xFF, 0xFF, 0xFF, 0x07, 0xD0, 0x01, 0xFF, 0xF4,
    0x00, 0x00, 0x00, 0x15, 0x00, 0x08, 0x00, 0x00, 0x09, 0x07, 0xD0, 0x69, 0x0F, 0xC0, 0xFF, 0xFF,
    0xFF, 0xC0, 0x0F, 0xF9, 0xBF, 0xD0, 0x03, 0xF4, 0x03, 0xF0, 0x01, 0xFC, 0x00, 0xBE, 0x00, 0xBE,
    0x00, 0x1F, 0x80, 0x2F, 0x40, 0x07, 0xE0, 0x0B, 0xE0, 0x01, 0xF8, 0x01, 0xF8, 0x00, 0xBD, 0x00,
    0x3F, 0x00, 0x7F, 0x00, 0x1F, 0xF9, 0xBF, 0xC0, 0x0F, 0xFF, 0xFF, 0xF8, 0x0F, 0xC1, 0x64, 0x1F,
    0x41, 0x80, 0x00, 0x01, 0xC0, 0x15, 0x55, 0x50, 0x00, 0x55, 0x54, 0x3F, 0xFF, 0xF0, 0x02, 0xFF,
    0xFD, 0x2F, 0xFF, 0x90, 0x01, 0xBF, 0xF8, 0x02, 0xFD, 0x00, 0x00, 0x0F, 0x40, 0x00, 0xFF, 0x00,
    0x00, 0x3E, 0x00, 0x00, 0x7F, 0x80, 0x00, 0x7C, 0x00, 0x00, 0x3F, 0xC0, 0x00, 0xF8, 0x00, 0x00,
    0x1F, 0xE0, 0x01, 0xF0, 0x00, 0x00, 0x0F, 0xF0, 0x03, 0xD0, 0x00, 0x00, 0x07, 0xF8, 0x0B, 0xC0,
    0x00, 0x00, 0x03, 0xFC, 0x0F, 0x40, 0x00, 0x03, 0xFF, 0xFE, 0x3F, 0xFF, 0x80, 0x03, 0xFF, 0xFF,
    0x7F, 0xFF, 0x40, 0x00, 0x00, 0x3F, 0xF4, 0x00, 0x00, 0x00, 0x00, 0x2F, 0xF0, 0x00, 0x00, 0x07,
    0xFF, 0xFF, 0xFF, 0xFF, 0x40, 0x07, 0xFF, 0xFF, 0xFF, 0xFF, 0x40, 0x00, 0x00, 0x1F, 0xD0, 0x00,
    0x00, 0x00, 0x00, 0x1F, 0xD0, 0x00, 0x00, 0x00, 0x00, 0x1F, 0xC0, 0x00, 0x00, 0x00, 0x00, 0x1F,
    0xC0, 0x00, 0x00, 0x00, 0x00, 0x2F, 0xC0, 0x00, 0x00, 0x00, 0x07, 0xFF, 0xFF, 0x00, 0x00, 0x00,
    0x07, 0xFF, 0xFF, 0x00, 0x00, 0x1F, 0x07, 0xC1, 0xF0, 0x7C, 0x1F, 0x0B, 0xC2, 0xF0, 0xBC, 0x2F,
    0x0B, 0xC2, 0xE0, 0xB8, 0x19, 0x00, 0x00, 0x00, 0x00, 0x00, 0x0A, 0x43, 0xD0, 0xF4, 0x3D, 0x0F,
    0x43, 0xD0, 0xF4, 0x3C, 0x0F, 0x07, 0xC1, 0xF0, 0x7C, 0x1F, 0x06, 0x80, 0x00, 0x06, 0xF9, 0x00,
    0x00, 0x7F, 0xFF, 0xD0, 0x02, 0xFC, 0x0B, 0xF0, 0x03, 0xF0, 0x03, 0xF8, 0x0B, 0xE0, 0x07, 0xF8,
    0x0B, 0xD0, 0x07, 0xF4, 0x0B, 0xE0, 0x00, 0x40, 0x0B, 0xF4, 0x00, 0x00, 0x03, 0xFE, 0x00, 0x00,
    0x01, 0xFF, 0xD0, 0x00, 0x00, 0x7F, 0xF8, 0x00, 0x3C, 0x0F, 0xFF, 0x80, 0xBC, 0x01, 0xFF, 0xF0,
    0xBE, 0x00, 0x2F, 0xFC, 0x7F, 0x80, 0x03, 0xFD, 0x3F, 0xF4, 0x00, 0xFE, 0x0F, 0xFE, 0x00, 0x3E,
    0x03, 0xFF, 0xE0, 0x2D, 0x00, 0x7F, 0xFD, 0x18, 0x00, 0x0B, 0xFF, 0x40, 0x00, 0x00, 0xFF, 0xC0,
    0x00, 0x00, 0x2F, 0xE0, 0x00, 0x00, 0x0B, 0xF0, 0x0B, 0xD0, 0x07, 0xF0, 0x1F, 0xE0, 0x07, 0xE0,
    0x2F, 0xC0, 0x0B, 0xD0, 0x1F, 0xD0, 0x1F, 0xC0, 0x0F, 0xFF, 0xFF, 0x00, 0x01, 0xFF, 0xF8, 0x00,
    0x00, 0x00, 0x00, 0x00, 0x00, 0x00, 0x00, 0x2F, 0x40, 0xBC, 0x7F, 0xC2, 0xFF, 0xBF, 0xC2, 0xFF,
    0x3F, 0x81, 0xFD, 0x05, 0x00, 0x10, 0x00, 0x00, 0x6B, 0xA5, 0x00, 0x00, 0x00, 0x1F, 0xFF, 0xFF,
    0xD0, 0x00, 0x00, 0xBF, 0x90, 0x06, 0xFC, 0x00, 0x03, 0xF4, 0x00, 0x00, 0x3F, 0x40, 0x0B, 0xC0,
    0x05, 0x50, 0x0B, 0xC0, 0x1F, 0x00, 0xBF, 0xFD, 0x03, 0xE0, 0x3E, 0x02, 0xF4, 0x1F, 0x41, 0xF0,
    0x7C, 0x07, 0xC0, 0x0B, 0x80, 0xF8, 0xB8, 0x0F, 0x80, 0x0F, 0x80, 0xBC, 0xF4, 0x1F, 0x40, 0x01,
    0x00, 0x7C, 0xF4, 0x1F, 0x00, 0x00, 0x00, 0x3C, 0xF4, 0x2F, 0x00, 0x00, 0x00, 0x3C, 0xF4, 0x1F,
    0x00, 0x00, 0x00, 0x7C, 0xF4, 0x1F, 0x40, 0x00, 0x00, 0x7C, 0xB8, 0x0F, 0x80, 0x00, 0x00, 0xB8,
    0x7C, 0x0B, 0xD0, 0x07, 0x40, 0xF4, 0x3E, 0x03, 0xF9, 0x7E, 0x02, 0xF0, 0x1F, 0x40, 0xBF, 0xF4,
    0x07, 0xD0, 0x0F, 0xD0, 0x05, 0x00, 0x1F, 0x80, 0x03, 0xF8, 0x00, 0x00, 0xBE, 0x00, 0x00, 0xBF,
    0xEA, 0xAF, 0xF4, 0x00, 0x00, 0x0B, 0xFF, 0xFF, 0x40, 0x00, 0x00, 0x00, 0x15, 0x50, 0x00, 0x00,
    0x00, 0x2A, 0x86, 0x00, 0x07, 0xFF, 0xFC, 0x00, 0x7E, 0x03, 0xF0, 0x03, 0xE0, 0x0F, 0xC0, 0x1F,
    0x40, 0x7F, 0x00, 0xFC, 0x02, 0xFC, 0x03, 0xF0, 0x0E, 0xF0, 0x0F, 0xC0, 0x3B, 0xC0, 0x3F, 0x01,
    0xDF, 0x00, 0xFC, 0x0E, 0xBC, 0x02, 0xF4, 0xB2, 0xF0, 0x03, 0xFF, 0x8B, 0xFC, 0x02, 0xF8, 0x0F,
    0x80, 0x00, 0x02, 0x00, 0x04, 0x00, 0x0B, 0x40, 0x3C, 0x00, 0x3E, 0x00, 0xF4, 0x00, 0xFC, 0x07,
    0xE0, 0x07, 0xF4, 0x2F, 0xC0, 0x2F, 0xE0, 0xBF, 0x00, 0x3F, 0x81, 0xFD, 0x00, 0x7F, 0x82, 0xFD,
    0x00, 0x2F, 0xD0, 0xFF, 0x00, 0x07, 0xF0, 0x2F, 0xC0, 0x01, 0xFC, 0x0B, 0xD0, 0x00, 0x7D, 0x02,
    0xF0, 0x00, 0x1F, 0x00, 0xB8, 0x00, 0x07, 0x00, 0x28, 0x00, 0x00, 0x00, 0x00, 0x15, 0x55, 0x55,
    0x55, 0xFF, 0xFF, 0xFF, 0xFB, 0xFF, 0xFF, 0xFF, 0x80, 0x00, 0x00, 0x3E, 0x00, 0x00, 0x00, 0xF8,
    0x00, 0x00, 0x03, 0xE0, 0x00, 0x00, 0x0F, 0x80, 0x00, 0x00, 0x3D, 0x00, 0x00, 0x00, 0x00, 0x00,
    0x15, 0x40, 0x00, 0x1F, 0xFF, 0xC0, 0x07, 0xAA, 0xBF, 0x00, 0xF8, 0xA0, 0xFC, 0x2F, 0xCB, 0x8F,
    0xD3, 0xFC, 0xF5, 0xFE, 0x3F, 0x88, 0xBF, 0xE3, 0xF8, 0xE3, 0xFE, 0x3F, 0x8F, 0x1F, 0xD2, 0xF4,
    0xB4, 0xBC, 0x0F, 0xAB, 0xEB, 0x40, 0x3F, 0xFF, 0xD0, 0x00, 0x6A, 0x90, 0x00, 0xBF, 0xFF, 0xF2,
    0xFF, 0xFF, 0xCB, 0xFF, 0xFF, 0x00, 0x00, 0x00, 0x00, 0x7F, 0xE0, 0x1F, 0xAF, 0x83, 0xD0, 0x7C,
    0x3C, 0x03, 0xD3, 0xC0, 0x3C, 0x3E, 0x0B, 0xC1, 0xFF, 0xF0, 0x06, 0xF8, 0x00, 0x00, 0x02, 0x80,
    0x00, 0x00, 0x1F, 0x40, 0x00, 0x00, 0x7C, 0x00, 0x00, 0x01, 0xF0, 0x00, 0x00, 0x0B, 0xC0, 0x00,
    0xFF, 0xFF, 0xFF, 0xF7, 0xFF, 0xFF, 0xFF, 0xCA, 0xAB, 0xFA, 0xAA, 0x00, 0x0B, 0xC0, 0x00, 0x00,
    0x3F, 0x00, 0x00, 0x00, 0xFC, 0x00, 0x00, 0x03, 0xF0, 0x00, 0x00, 0x0F, 0xC0, 0x00, 0x00, 0x00,
    0x00, 0x00, 0x00, 0x00, 0x00, 0x1A, 0xAA, 0xAA, 0xA9, 0xBF, 0xFF, 0xFF, 0xFA, 0xFF, 0xFF, 0xFF,
    0xD0, 0x02, 0xFF, 0x80, 0x1F, 0xEF, 0xF4, 0x3D, 0x01, 0xFC, 0x7D, 0x00, 0xBD, 0x7F, 0x00, 0xBD,
    0x14, 0x00, 0xFD, 0x00, 0x00, 0xFC, 0x00, 0x03, 0xF0, 0x00, 0x0B, 0xD0, 0x00, 0x2F, 0x40, 0x00,
    0xBC, 0x00, 0x02, 0xE0, 0x0E, 0x0B, 0x40, 0x1E, 0x3F, 0xFF, 0xFE, 0x3F, 0xFF, 0xFD, 0x2A, 0xAA,
    0xA8, 0x01, 0xFF, 0x90, 0x0F, 0xEB, 0xF8, 0x2F, 0x00, 0xFC, 0x3F, 0x40, 0xBD, 0x1F, 0x00, 0xBC,
    0x00, 0x00, 0xF8, 0x00, 0x0B, 0xE0, 0x00, 0xBF, 0xD0, 0x00, 0x56, 0xFC, 0x00, 0x00, 0xBE, 0x00,
    0x00, 0x3F, 0x18, 0x00, 0x7F, 0x7F, 0x00, 0xBD, 0xBE, 0x01, 0xFC, 0x3F, 0xEF, 0xE0, 0x0B, 0xFE,
    0x00, 0x00, 0x00, 0x00, 0xB8, 0x01, 0xFC, 0x03, 0xFC, 0x0F, 0xE0, 0x2F, 0x40, 0x7C, 0x00, 0x10,
    0x00, 0x00, 0x00, 0x00, 0x00, 0x03, 0xFC, 0x00, 0x3F, 0x80, 0x3F, 0xC0, 0x03, 0xF8, 0x03, 0xFC,
    0x00, 0x7F, 0x40, 0x3F, 0x80, 0x07, 0xF0, 0x03, 0xF8, 0x00, 0x7F, 0x00, 0x3F, 0x40, 0x0B, 0xF0,
    0x07, 0xF4, 0x00, 0xBF, 0x00, 0x7F, 0x00, 0x0B, 0xF0, 0x07, 0xF0, 0x00, 0xFE, 0x00, 0xBF, 0x00,
    0x0F, 0xE0, 0x0B, 0xF0, 0x00, 0xFD, 0x00, 0xBF, 0x00, 0x0F, 0xD0, 0x0B, 0xE0, 0x02, 0xFD, 0x00,
    0xBE, 0x00, 0x3F, 0xD0, 0x0F, 0xF9, 0x5F, 0xBF, 0x04, 0xFF, 0xFF, 0xE3, 0xFF, 0xDF, 0xFF, 0xFC,
    0x1F, 0xFC, 0xFE, 0x15, 0x00, 0x14, 0x0F, 0xE0, 0x00, 0x00, 0x00, 0xFF, 0x00, 0x00, 0x00, 0x0F,
    0xF0, 0x00, 0x00, 0x00, 0xFF, 0x00, 0x00, 0x00, 0x0F, 0xF0, 0x00, 0x00, 0x00, 0xFF, 0x40, 0x00,
    0x00, 0x0A, 0x40, 0x00, 0x00, 0x00, 0x00, 0x01, 0x41, 0x55, 0x40, 0x2F, 0xF1, 0xFF, 0xF0, 0x7F,
    0xFC, 0x7F, 0xE4, 0x7F, 0xFF, 0x1F, 0xC0, 0x3F, 0xFF, 0x87, 0xF0, 0x1F, 0xFF, 0xE1, 0xFC, 0x0B,
    0xFF, 0xF8, 0x7F, 0x03, 0xFF, 0xFE, 0x2F, 0xC0, 0xFF, 0xFF, 0x8B, 0xF0, 0x3F, 0xFF, 0xD2, 0xFC,
    0x0F, 0xFF, 0xF4, 0xBE, 0x02, 0xFF, 0xFD, 0x2F, 0x80, 0x7F, 0xFF, 0x4B, 0xE0, 0x0F, 0xFF, 0xC3,
    0xF8, 0x00, 0xFF, 0xF0, 0xFE, 0x00, 0x0B, 0xFC, 0x3F, 0x80, 0x00, 0x1A, 0x0F, 0xD0, 0x00, 0x00,
    0x03, 0xF4, 0x00, 0x00, 0x00, 0xFD, 0x00, 0x00, 0x00, 0x3F, 0x40, 0x00, 0x00, 0x0F, 0xD0, 0x00,
    0x00, 0x03, 0xF4, 0x00, 0x00, 0x00, 0xFC, 0x00, 0x00, 0x00, 0x3F, 0x00, 0x00, 0x00, 0x0F, 0x80,
    0x00, 0x00, 0x03, 0xD0, 0x00, 0x00, 0x01, 0xF0, 0x00, 0x00, 0x00, 0xBC, 0x00, 0x00, 0x2E, 0xBD,
    0x00, 0x00, 0x0F, 0xFE, 0x00, 0x00, 0x03, 0xFF, 0x00, 0x00, 0x00, 0x29, 0x00, 0x00, 0x2F, 0x8B,
    0xFE, 0xFF, 0xEF, 0xFE, 0x7F, 0xC0, 0x00, 0x01, 0x00, 0x0B, 0x00, 0x0F, 0x00, 0x0F, 0xF4, 0x05,
    0xFC, 0x00, 0xFC, 0x11, 0xFC, 0xFF, 0xF0, 0x6A, 0x80, 0x16, 0xB8, 0x0F, 0xFF, 0x01, 0x5F, 0xC0,
    0x03, 0xE0, 0x00, 0xF8, 0x00, 0x3E, 0x00, 0x1F, 0x80, 0x07, 0xE0, 0x01, 0xF4, 0x00, 0x7D, 0x00,
    0x1F, 0x40, 0x0B, 0xD0, 0x02, 0xF4, 0x01, 0xFE, 0x0B, 0xFF, 0xFD, 0xAA, 0xA9, 0x00, 0xAA, 0x40,
    0x0B, 0xFF, 0xE0, 0x2F, 0x42, 0xF8, 0x3E, 0x00, 0xFC, 0xBD, 0x00, 0xBD, 0xFC, 0x00, 0x7D, 0xFC,
    0x00, 0x7D, 0xFC, 0x00, 0xBD, 0xFC, 0x00, 0xBC, 0xBD, 0x00, 0xFC, 0x3F, 0x02, 0xF4, 0x1F, 0xFF,
    0xD0, 0x02, 0xFE, 0x00, 0x04, 0x00, 0x10, 0x00, 0x1E, 0x00, 0xB4, 0x00, 0x0F, 0x80, 0x3D, 0x00,
    0x07, 0xE0, 0x2F, 0x40, 0x02, 0xF8, 0x0F, 0xD0, 0x00, 0xFE, 0x07, 0xF8, 0x00, 0x3F, 0xC1, 0xFE,
    0x00, 0x3F, 0xC0, 0xFE, 0x00, 0xFF, 0x43, 0xFC, 0x02, 0xFD, 0x0F, 0xF0, 0x07, 0xF0, 0x2F, 0x80,
    0x0F, 0x80, 0x7D, 0x00, 0x2E, 0x00, 0xF4, 0x00, 0x38, 0x00, 0xD0, 0x00, 0x00, 0x00, 0x00, 0x00,
    0x06, 0xAC, 0x00, 0x00, 0x00, 0x3D, 0x00, 0x03, 0xFF, 0xC0, 0x00, 0x00, 0x0B, 0xC0, 0x00, 0x05,
    0xFC, 0x00, 0x00, 0x01, 0xF4, 0x00, 0x00, 0x0F, 0xC0, 0x00, 0x00, 0x3F, 0x00, 0x00, 0x00, 0xFC,
    0x00, 0x00, 0x07, 0xD0, 0x00, 0x00, 0x0F, 0xC0, 0x00, 0x00, 0xF8, 0x00, 0x00, 0x00, 0xFC, 0x00,
    0x00, 0x2F, 0x00, 0x00, 0x00, 0x0F, 0xC0, 0x00, 0x03, 0xE0, 0x00, 0x00, 0x00, 0xFC, 0x00, 0x00,
    0xBC, 0x00, 0x69, 0x00, 0x0F, 0x80, 0x00, 0x1F, 0x40, 0x1F, 0xD0, 0x00, 0xF8, 0x00, 0x03, 0xF0,
    0x03, 0xFD, 0x00, 0x0F, 0x80, 0x00, 0x7D, 0x00, 0xFB, 0xD0, 0x01, 0xF8, 0x00, 0x0F, 0x80, 0x2D,
    0xBD, 0x00, 0x6F, 0x90, 0x02, 0xF0, 0x07, 0x8B, 0xD0, 0x3F, 0xFF, 0xC0, 0x3E, 0x00, 0xF0, 0xBC,
    0x02, 0xAA, 0xA8, 0x0B, 0xC0, 0x2D, 0x0B, 0xC0, 0x00, 0x00, 0x01, 0xF4, 0x07, 0x80, 0xBC, 0x00,
    0x00, 0x00, 0x3F, 0x00, 0xF0, 0x0F, 0xC0, 0x00, 0x00, 0x07, 0xD0, 0x3C, 0x00, 0xFC, 0x00, 0x00,
    0x00, 0xF8, 0x07, 0xFF, 0xFF, 0xFE, 0x00, 0x00, 0x2F, 0x00, 0x3F, 0xFF, 0xFF, 0xD0, 0x00, 0x03,
    0xE0, 0x00, 0x00, 0x0F, 0xC0, 0x00, 0x00, 0xBC, 0x00, 0x00, 0x00, 0xFC, 0x00, 0x00, 0x1F, 0x40,
    0x00, 0x00, 0x0A, 0x40, 0x00, 0x00, 0x50, 0x00, 0x00, 0x00, 0x00, 0x00, 0x16, 0xBC, 0x00, 0x00,
    0x00, 0xB8, 0x00, 0x03, 0xFF, 0xC0, 0x00, 0x00, 0x1F, 0x40, 0x00, 0x15, 0xFC, 0x00, 0x00, 0x03,
    0xF0, 0x00, 0x00, 0x0F, 0xC0, 0x00, 0x00, 0x7C, 0x00, 0x00, 0x00, 0xFC, 0x00, 0x00, 0x0F, 0x80,
    0x00, 0x00, 0x0F, 0xC0, 0x00, 0x02, 0xF0, 0x00, 0x00, 0x00, 0xF8, 0x00, 0x00, 0x3E, 0x00, 0x00,
    0x00, 0x0F, 0x80, 0x00, 0x0B, 0xC0, 0x00, 0x00, 0x00, 0xF8, 0x00, 0x01, 0xF4, 0x1B, 0xF9, 0x00,
    0x1F, 0x80, 0x00, 0x3F, 0x1F, 0xEB, 0xF8, 0x01, 0xF8, 0x00, 0x07, 0xC3, 0xD0, 0x0F, 0xC0, 0x1F,
    0x80, 0x00, 0xF8, 0x7D, 0x00, 0xBE, 0x01, 0xF4, 0x00, 0x2F, 0x03, 0xF0, 0x0B, 0xE0, 0x6F, 0x90,
    0x03, 0xE0, 0x18, 0x00, 0xBD, 0x7F, 0xFF, 0xC0, 0xBC, 0x00, 0x00, 0x0F, 0xC2, 0xAA, 0xA8, 0x1F,
    0x40, 0x00, 0x02, 0xF4, 0x00, 0x00, 0x03, 0xF0, 0x00, 0x00, 0xBD, 0x00, 0x00, 0x00, 0x7C, 0x00,
    0x00, 0x2F, 0x40, 0x00, 0x00, 0x0F, 0x80, 0x00, 0x0B, 0xC0, 0x00, 0x00, 0x02, 0xF0, 0x00, 0x02,
    0xF0, 0x0F, 0x00, 0x00, 0x3E, 0x00, 0x00, 0xB8, 0x01, 0xE0, 0x00, 0x0B, 0xC0, 0x00, 0x2F, 0xFF,
    0xFE, 0x00, 0x01, 0xF4, 0x00, 0x03, 0xFF, 0xFF, 0xE0, 0x00, 0x3F, 0x00, 0x00, 0x2A, 0xAA, 0xA9,
    0x00, 0x01, 0x40, 0x00, 0x00, 0x00, 0x00, 0x00, 0x02, 0xFF, 0x80, 0x00, 0x00, 0x1F, 0x00, 0x01,
    0xFA, 0xBF, 0x40, 0x00, 0x03, 0xE0, 0x00, 0x3E, 0x00, 0xFC, 0x00, 0x00, 0xBC, 0x00, 0x03, 0xF0,
    0x0F, 0xC0, 0x00, 0x0F, 0x40, 0x00, 0x2E, 0x00, 0xFC, 0x00, 0x03, 0xF0, 0x00, 0x00, 0x00, 0x2F,
    0x40, 0x00, 0x7D, 0x00, 0x00, 0x00, 0x1B, 0xD0, 0x00, 0x0F, 0x80, 0x00, 0x00, 0x0F, 0xF9, 0x00,
    0x02, 0xF0, 0x00, 0x00, 0x00, 0x5B, 0xFC, 0x00, 0x3E, 0x00, 0x69, 0x00, 0x00, 0x0F, 0xD0, 0x0B,
    0xC0, 0x1F, 0xD0, 0x00, 0x00, 0xBE, 0x00, 0xF4, 0x03, 0xFD, 0x02, 0x40, 0x0B, 0xE0, 0x3F, 0x00,
    0xFB, 0xD0, 0xBD, 0x00, 0xFC, 0x07, 0xD0, 0x2D, 0xBD, 0x0F, 0xC0, 0x2F, 0x80, 0xFC, 0x07, 0x8B,
    0xC0, 0x7F, 0xBF, 0xE0, 0x2F, 0x00, 0xF0, 0xBC, 0x01, 0xBF, 0xE0, 0x03, 0xE0, 0x3D, 0x0B, 0xC0,
    0x00, 0x00, 0x00, 0xBC, 0x07, 0x80, 0xFC, 0x00, 0x00, 0x00, 0x0F, 0x40, 0xF0, 0x0F, 0xC0, 0x00,
    0x00, 0x03, 0xF0, 0x3C, 0x00, 0xFC, 0x00, 0x00, 0x00, 0x7D, 0x07, 0xFF, 0xFF, 0xFE, 0x00, 0x00,
    0x0F, 0xC0, 0x3F, 0xFF, 0xFF, 0xD0, 0x00, 0x02, 0xF0, 0x00, 0x00, 0x0F, 0xC0, 0x00, 0x00, 0x3E,
    0x00, 0x00, 0x00, 0xFC, 0x00, 0x00, 0x0B, 0xC0, 0x00, 0x00, 0x0A, 0x40, 0x00, 0x00, 0x50, 0x00,
    0x00, 0x00, 0x00, 0x00, 0x00, 0x01, 0x40, 0x00, 0x00, 0x7F, 0xC0, 0x00, 0x02, 0xFF, 0x40, 0x00,
    0x0B, 0xFD, 0x00, 0x00, 0x0F, 0xE0, 0x00, 0x00, 0x04, 0x00, 0x00, 0x00, 0x00, 0x00, 0x00, 0x00,
    0x50, 0x00, 0x00, 0x03, 0xC0, 0x00, 0x00, 0x0F, 0x40, 0x00, 0x00, 0x2E, 0x00, 0x00, 0x00, 0xBC,
    0x00, 0x00, 0x2F, 0xF0, 0x00, 0x07, 0xFF, 0xC0, 0x00, 0xBF, 0xF4, 0x00, 0x07, 0xFD, 0x00, 0x00,
    0x3F, 0xD0, 0x00, 0x01, 0xFE, 0x00, 0x00, 0x07, 0xF0, 0x00, 0xBD, 0x1F, 0xC0, 0x03, 0xFC, 0x7F,
    0x00, 0x07, 0xF0, 0xFE, 0x00, 0x0F, 0xC2, 0xFE, 0x00, 0xBC, 0x02, 0xFF, 0xFF, 0xC0, 0x00, 0xBF,
    0xE4, 0x00, 0x00, 0x00, 0x28, 0x00, 0x00, 0x00, 0x00, 0x00, 0xBE, 0x00, 0x00, 0x00, 0x00, 0x00,
    0xBF, 0xC0, 0x00, 0x00, 0x00, 0x00, 0x2F, 0xF0, 0x00, 0x00, 0x00, 0x00, 0x02, 0xFD, 0x00, 0x00,
    0x00, 0x00, 0x00, 0x1D, 0x00, 0x00, 0x00, 0x00, 0x00, 0x00, 0x00, 0x00, 0x00, 0x00, 0x00, 0x54,
    0x00, 0x00, 0x00, 0x00, 0x0B, 0xFC, 0x00, 0x00, 0x00, 0x00, 0x0F, 0xFD, 0x00, 0x00, 0x00, 0x00,
    0x0F, 0xFE, 0x00, 0x00, 0x00, 0x00, 0x2E, 0xFF, 0x00, 0x00, 0x00, 0x00, 0x3C, 0xBF, 0x00, 0x00,
    0x00, 0x00, 0x7C, 0x7F, 0x40, 0x00, 0x00, 0x00, 0xB4, 0x3F, 0x80, 0x00, 0x00, 0x00, 0xF0, 0x3F,
    0xC0, 0x00, 0x00, 0x01, 0xF0, 0x2F, 0xD0, 0x00, 0x00, 0x03, 0xD0, 0x1F, 0xE0, 0x00, 0x00, 0x03,
    0xC0, 0x0F, 0xF0, 0x00, 0x00, 0x0B, 0xC0, 0x0F, 0xF0, 0x00, 0x00, 0x0F, 0x40, 0x0B, 0xF4, 0x00,
    0x00, 0x0F, 0xAA, 0xAF, 0xF8, 0x00, 0x00, 0x2F, 0xFF, 0xFF, 0xFC, 0x00, 0x00, 0x3E, 0x55, 0x57,
    0xFC, 0x00, 0x00, 0x7C, 0x00, 0x01, 0xFE, 0x00, 0x00, 0xB8, 0x00, 0x00, 0xFF, 0x00, 0x00, 0xF4,
    0x00, 0x00, 0xFF, 0x00, 0x01, 0xF0, 0x00, 0x00, 0xBF, 0x40, 0x03, 0xE0, 0x00, 0x00, 0xBF, 0x80,
    0x7F, 0xFF, 0x40, 0x0F, 0xFF, 0xFD, 0xBF, 0xFF, 0x40, 0x0F, 0xFF, 0xFD, 0x00, 0x00, 0x00, 0x07,
    0xC0, 0x00, 0x00, 0x00, 0x00, 0x1F, 0xD0, 0x00, 0x00, 0x00, 0x00, 0x7F, 0xD0, 0x00, 0x00, 0x00,
    0x02, 0xFE, 0x40, 0x00, 0x00, 0x00, 0x0B, 0xE0, 0x00, 0x00, 0x00, 0x00, 0x0A, 0x00, 0x00, 0x00,
    0x00, 0x00, 0x00, 0x00, 0x00, 0x00, 0x00, 0x00, 0x00, 0x54, 0x00, 0x00, 0x00, 0x00, 0x0B, 0xFC,
    0x00, 0x00, 0x00, 0x00, 0x0F, 0xFD, 0x00, 0x00, 0x00, 0x00, 0x0F, 0xFE, 0x00, 0x00, 0x00, 0x00,
    0x2E, 0xFF, 0x00, 0x00, 0x00, 0x00, 0x3C, 0xBF, 0x00, 0x00, 0x00, 0x00, 0x7C, 0x7F, 0x40, 0x00,
    0x00, 0x00, 0xB4, 0x3F, 0x80, 0x00, 0x00, 0x00, 0xF0, 0x3F, 0xC0, 0x00, 0x00, 0x01, 0xF0, 0x2F,
    0xD0, 0x00, 0x00, 0x03, 0xD0, 0x1F, 0xE0, 0x00, 0x00, 0x03, 0xC0, 0x0F, 0xF0, 0x00, 0x00, 0x0B,
    0xC0, 0x0F, 0xF0, 0x00, 0x00, 0x0F, 0x40, 0x0B, 0xF4, 0x00, 0x00, 0x0F, 0xAA, 0xAF, 0xF8, 0x00,
    0x00, 0x2F, 0xFF, 0xFF, 0xFC, 0x00, 0x00, 0x3E, 0x55, 0x57, 0xFC, 0x00, 0x00, 0x7C, 0x00, 0x01,
    0xFE, 0x00, 0x00, 0xB8, 0x00, 0x00, 0xFF, 0x00, 0x00, 0xF4, 0x00, 0x00, 0xFF, 0x00, 0x01, 0xF0,
    0x00, 0x00, 0xBF, 0x40, 0x03, 0xE0, 0x00, 0x00, 0xBF, 0x80, 0x7F, 0xFF, 0x40, 0x0F, 0xFF, 0xFD,
    0xBF, 0xFF, 0x40, 0x0F, 0xFF, 0xFD, 0x00, 0x00, 0x00, 0x00, 0x00, 0x00, 0x00, 0x00, 0x01, 0xF4,
    0x00, 0x00, 0x00, 0x00, 0x07, 0xFD, 0x00, 0x00, 0x00, 0x00, 0x1F, 0xFF, 0x00, 0x00, 0x00, 0x00,
    0x7F, 0x6F, 0xC0, 0x00, 0x00, 0x00, 0xF8, 0x03, 0xF0, 0x00, 0x00, 0x01, 0xC0, 0x00, 0x70, 0x00,
    0x00, 0x00, 0x00, 0x00, 0x00, 0x00, 0x00, 0x00, 0x00, 0x54, 0x00, 0x00, 0x00, 0x00, 0x0B, 0xFC,
    0x00, 0x00, 0x00, 0x00, 0x0F, 0xFD, 0x00, 0x00, 0x00, 0x00, 0x0F, 0xFE, 0x00, 0x00, 0x00, 0x00,
    0x2E, 0xFF, 0x00, 0x00, 0x00, 0x00, 0x3C, 0xBF, 0x00, 0x00, 0x00, 0x00, 0x7C, 0x7F, 0x40, 0x00,
    0x00, 0x00, 0xB4, 0x3F, 0x80, 0x00, 0x00, 0x00, 0xF0, 0x3F, 0xC0, 0x00, 0x00, 0x01, 0xF0, 0x2F,
    0xD0, 0x00, 0x00, 0x03, 0xD0, 0x1F, 0xE0, 0x00, 0x00, 0x03, 0xC0, 0x0F, 0xF0, 0x00, 0x00, 0x0B,
    0xC0, 0x0F, 0xF0, 0x00, 0x00, 0x0F, 0x40, 0x0B, 0xF4, 0x00, 0x00, 0x0F, 0xAA, 0xAF, 0xF8, 0x00,
    0x00, 0x2F, 0xFF, 0xFF, 0xFC, 0x00, 0x00, 0x3E, 0x55, 0x57, 0xFC, 0x00, 0x00, 0x7C, 0x00, 0x01,
    0xFE, 0x00, 0x00, 0xB8, 0x00, 0x00, 0xFF, 0x00, 0x00, 0xF4, 0x00, 0x00, 0xFF, 0x00, 0x01, 0xF0,
    0x00, 0x00, 0xBF, 0x40, 0x03, 0xE0, 0x00, 0x00, 0xBF, 0x80, 0x7F, 0xFF, 0x40, 0x0F, 0xFF, 0xFD,
    0xBF, 0xFF, 0x40, 0x0F, 0xFF, 0xFD, 0x00, 0x00, 0x00, 0x00, 0x00, 0x00, 0x00, 0x00, 0x7F, 0x90,
    0x20, 0x00, 0x00, 0x00, 0xFF, 0xFE, 0xB4, 0x00, 0x00, 0x02, 0xEB, 0xFF, 0xE0, 0x00, 0x00, 0x01,
    0x40, 0xBF, 0xC0, 0x00, 0x00, 0x00, 0x00, 0x00, 0x00, 0x00, 0x00, 0x00, 0x00, 0x00, 0x00, 0x00,
    0x00, 0x00, 0x00, 0x54, 0x00, 0x00, 0x00, 0x00, 0x0B, 0xFC, 0x00, 0x00, 0x00, 0x00, 0x0F, 0xFD,
    0x00, 0x00, 0x00, 0x00, 0x0F, 0xFE, 0x00, 0x00, 0x00, 0x00, 0x2E, 0xFF, 0x00, 0x00, 0x00, 0x00,
    0x3C, 0xBF, 0x00, 0x00, 0x00, 0x00, 0x7C, 0x7F, 0x40, 0x00, 0x00, 0x00, 0xB4, 0x3F, 0x80, 0x00,
    0x00, 0x00, 0xF0, 0x3F, 0xC0, 0x00, 0x00, 0x01, 0xF0, 0x2F, 0xD0, 0x00, 0x00, 0x03, 0xD0, 0x1F,
    0xE0, 0x00, 0x00, 0x03, 0xC0, 0x0F, 0xF0, 0x00, 0x00, 0x0B, 0xC0, 0x0F, 0xF0, 0x00, 0x00, 0x0F,
    0x40, 0x0B, 0xF4, 0x00, 0x00, 0x0F, 0xAA, 0xAF, 0xF8, 0x00, 0x00, 0x2F, 0xFF, 0xFF, 0xFC, 0x00,
    0x00, 0x3E, 0x55, 0x57, 0xFC, 0x00, 0x00, 0x7C, 0x00, 0x01, 0xFE, 0x00, 0x00, 0xB8, 0x00, 0x00,
    0xFF, 0x00, 0x00, 0xF4, 0x00, 0x00, 0xFF, 0x00, 0x01, 0xF0, 0x00, 0x00, 0xBF, 0x40, 0x03, 0xE0,
    0x00, 0x00, 0xBF, 0x80, 0x7F, 0xFF, 0x40, 0x0F, 0xFF, 0xFD, 0xBF, 0xFF, 0x40, 0x0F, 0xFF, 0xFD,
    0x00, 0x00, 0x10, 0x00, 0x40, 0x00, 0x00, 0x01, 0xFD, 0x07, 0xF0, 0x00, 0x00, 0x03, 0xFE, 0x0F,
    0xF4, 0x00, 0x00, 0x03, 0xFE, 0x0F, 0xF4, 0x00, 0x00, 0x01, 0xFC, 0x07, 0xE0, 0x00, 0x00, 0x00,
    0x00, 0x00, 0x00, 0x00, 0x00, 0x00, 0x00, 0x00, 0x00, 0x00, 0x00, 0x00, 0x00, 0x54, 0x00, 0x00,
    0x00, 0x00, 0x0B, 0xFC, 0x00, 0x00, 0x00, 0x00, 0x0F, 0xFD, 0x00, 0x00, 0x00, 0x00, 0x0F, 0xFE,
    0x00, 0x00, 0x00, 0x00, 0x2E, 0xFF, 0x00, 0x00, 0x00, 0x00, 0x3C, 0xBF, 0x00, 0x00, 0x00, 0x00,
    0x7C, 0x7F, 0x40, 0x00, 0x00, 0x00, 0xB4, 0x3F, 0x80, 0x00, 0x00, 0x00, 0xF0, 0x3F, 0xC0, 0x00,
    0x00, 0x01, 0xF0, 0x2F, 0xD0, 0x00, 0x00, 0x03, 0xD0, 0x1F, 0xE0, 0x00, 0x00, 0x03, 0xC0, 0x0F,
    0xF0, 0x00, 0x00, 0x0B, 0xC0, 0x0F, 0xF0, 0x00, 0x00, 0x0F, 0x40, 0x0B, 0xF4, 0x00, 0x00, 0x0F,
    0xAA, 0xAF, 0xF8, 0x00, 0x00, 0x2F, 0xFF, 0xFF, 0xFC, 0x00, 0x00, 0x3E, 0x55, 0x57, 0xFC, 0x00,
    0x00, 0x7C, 0x00, 0x01, 0xFE, 0x00, 0x00, 0xB8, 0x00, 0x00, 0xFF, 0x00, 0x00, 0xF4, 0x00, 0x00,
    0xFF, 0x00, 0x01, 0xF0, 0x00, 0x00, 0xBF, 0x40, 0x03, 0xE0, 0x00, 0x00, 0xBF, 0x80, 0x7F, 0xFF,
    0x40, 0x0F, 0xFF, 0xFD, 0xBF, 0xFF, 0x40, 0x0F, 0xFF, 0xFD, 0x00, 0x00, 0x02, 0xF8, 0x00, 0x00,
    0x00, 0x00, 0x0F, 0xFF, 0x00, 0x00, 0x00, 0x00, 0x2E, 0x0F, 0x80, 0x00, 0x00, 0x00, 0x3D, 0x0B,
    0x80, 0x00, 0x00, 0x00, 0x3D, 0x0F, 0x80, 0x00, 0x00, 0x00, 0x2F, 0x6F, 0x00, 0x00, 0x00, 0x00,
    0x0B, 0xFD, 0x00, 0x00, 0x00, 0x00, 0x00, 0x00, 0x00, 0x00, 0x00, 0x00, 0x00, 0x54, 0x00, 0x00,
    0x00, 0x00, 0x0B, 0xFC, 0x00, 0x00, 0x00, 0x00, 0x0F, 0xFD, 0x00, 0x00, 0x00, 0x00, 0x0F, 0xFE,
    0x00, 0x00, 0x00, 0x00, 0x2E, 0xFF, 0x00, 0x00, 0x00, 0x00, 0x3C, 0xBF, 0x00, 0x00, 0x00, 0x00,
    0x7C, 0x7F, 0x40, 0x00, 0x00, 0x00, 0xB4, 0x3F, 0x80, 0x00, 0x00, 0x00, 0xF0, 0x3F, 0xC0, 0x00,
    0x00, 0x01, 0xF0, 0x2F, 0xD0, 0x00, 0x00, 0x03, 0xD0, 0x1F, 0xE0, 0x00, 0x00, 0x03, 0xC0, 0x0F,
    0xF0, 0x00, 0x00, 0x0B, 0xC0, 0x0F, 0xF0, 0x00, 0x00, 0x0F, 0x40, 0x0B, 0xF4, 0x00, 0x00, 0x0F,
    0xAA, 0xAF, 0xF8, 0x00, 0x00, 0x2F, 0xFF, 0xFF, 0xFC, 0x00, 0x00, 0x3E, 0x55, 0x57, 0xFC, 0x00,
    0x00, 0x7C, 0x00, 0x01, 0xFE, 0x00, 0x00, 0xB8, 0x00, 0x00, 0xFF, 0x00, 0x00, 0xF4, 0x00, 0x00,
    0xFF, 0x00, 0x01, 0xF0, 0x00, 0x00, 0xBF, 0x40, 0x03, 0xE0, 0x00, 0x00, 0xBF, 0x80, 0x7F, 0xFF,
    0x40, 0x0F, 0xFF, 0xFD, 0xBF, 0xFF, 0x40, 0x0F, 0xFF, 0xFD, 0x00, 0x00, 0x01, 0x55, 0x55, 0x55,
    0x50, 0x00, 0x00, 0x00, 0xBF, 0xFF, 0xFF, 0xFF, 0x00, 0x00, 0x00, 0x0F, 0xFF, 0xAA, 0xBF, 0xF4,
    0x00, 0x00, 0x01, 0xFF, 0xE0, 0x00, 0x3F, 0x40, 0x00, 0x00, 0x2E, 0xFF, 0x00, 0x00, 0xF4, 0x00,
    0x00, 0x03, 0xCB, 0xF0, 0x00, 0x0F, 0x80, 0x00, 0x00, 0x7C, 0x3F, 0x40, 0x00, 0x64, 0x00, 0x00,
    0x0B, 0x83, 0xF8, 0x00, 0x00, 0x00, 0x00, 0x00, 0xF0, 0x2F, 0xC0, 0x00, 0x00, 0x00, 0x00, 0x1F,
    0x01, 0xFD, 0x00, 0x00, 0x00, 0x00, 0x03, 0xD0, 0x0F, 0xE0, 0x00, 0x00, 0x00, 0x00, 0x3C, 0x00,
    0xFF, 0xFF, 0xFD, 0x00, 0x00, 0x0B, 0xC0, 0x0B, 0xFF, 0xFF, 0xD0, 0x00, 0x00, 0xF4, 0x00, 0x7F,
    0x40, 0x00, 0x00, 0x00, 0x0F, 0xAA, 0xAF, 0xF8, 0x00, 0x00, 0x00, 0x02, 0xFF, 0xFF, 0xFF, 0xC0,
    0x00, 0x00, 0x00, 0x3E, 0x55, 0x57, 0xFC, 0x00, 0x00, 0x00, 0x07, 0xC0, 0x00, 0x1F, 0xD0, 0x00,
    0x05, 0x00, 0xB8, 0x00, 0x00, 0xFE, 0x00, 0x01, 0xF0, 0x0F, 0x40, 0x00, 0x0F, 0xF0, 0x00, 0x2E,
    0x01, 0xF0, 0x00, 0x00, 0xBF, 0x00, 0x03, 0xE0, 0x3E, 0x00, 0x00, 0x0B, 0xF4, 0x01, 0xFD, 0x7F,
    0xFF, 0x40, 0x0F, 0xFF, 0xFF, 0xFF, 0xDB, 0xFF, 0xF4, 0x00, 0xFF, 0xFF, 0xFF, 0xFC, 0x00, 0x00,
    0x6F, 0xE8, 0x00, 0x00, 0x0B, 0xFF, 0xFF, 0xC0, 0x00, 0x3F, 0xF9, 0x6F, 0xF0, 0x00, 0xFF, 0x40,
    0x03, 0xFC, 0x02, 0xFC, 0x00, 0x02, 0xFC, 0x07, 0xF4, 0x00, 0x03, 0xFD, 0x0F, 0xF0, 0x00, 0x03,
    0xFC, 0x0F, 0xE0, 0x00, 0x00, 0x50, 0x2F, 0xC0, 0x00, 0x00, 0x00, 0x3F, 0xC0, 0x00, 0x00, 0x00,
    0x3F, 0xC0, 0x00, 0x00, 0x00, 0x3F, 0xC0, 0x00, 0x00, 0x00, 0x3F, 0xC0, 0x00, 0x00, 0x00, 0x3F,
    0xC0, 0x00, 0x00, 0x00, 0x3F, 0xC0, 0x00, 0x00, 0x00, 0x3F, 0xC0, 0x00, 0x00, 0x00, 0x3F, 0xC0,
    0x00, 0x00, 0x00, 0x2F, 0xD0, 0x00, 0x00, 0x00, 0x0F, 0xF0, 0x00, 0x00, 0x20, 0x0B, 0xF8, 0x00,
    0x00, 0xBC, 0x03, 0xFD, 0x00, 0x03, 0xF4, 0x01, 0xFF, 0xD0, 0x6F, 0xD0, 0x00, 0x7F, 0xFF, 0xFF,
    0x40, 0x00, 0x0B, 0xFF, 0xF8, 0x00, 0x00, 0x00, 0x7D, 0x40, 0x00, 0x00, 0x00, 0x3C, 0x00, 0x00,
    0x00, 0x00, 0x7F, 0xD0, 0x00, 0x00, 0x00, 0x17, 0xF0, 0x00, 0x00, 0x00, 0x03, 0xF0, 0x00, 0x00,
    0x01, 0x07, 0xF0, 0x00, 0x00, 0x03, 0xFF, 0xC0, 0x00, 0x00, 0x01, 0xAA, 0x00, 0x00, 0x00, 0x07,
    0x40, 0x00, 0x00, 0x00, 0xFD, 0x00, 0x00, 0x00, 0x0F, 0xF8, 0x00, 0x00, 0x00, 0x7F, 0xE0, 0x00,
    0x00, 0x00, 0x6F, 0x80, 0x00, 0x00, 0x00, 0x2C, 0x00, 0x00, 0x00, 0x00, 0x00, 0x00, 0x55, 0x55,
    0x55, 0x54, 0x2F, 0xFF, 0xFF, 0xFF, 0xD1, 0xBF, 0xFF, 0xFF, 0xFD, 0x00, 0xFF, 0x00, 0x0B, 0xE0,
    0x0F, 0xF0, 0x00, 0x3E, 0x00, 0xFF, 0x00, 0x02, 0xE0, 0x0F, 0xE0, 0x00, 0x19, 0x00, 0xFE, 0x00,
    0x00, 0x00, 0x0F, 0xE0, 0x00, 0x00, 0x00, 0xFE, 0x00, 0x00, 0x00, 0x0F, 0xE0, 0x00, 0x00, 0x00,
    0xFF, 0xFF, 0xFD, 0x00, 0x0F, 0xFF, 0xFF, 0xD0, 0x00, 0xFE, 0x00, 0x00, 0x00, 0x0F, 0xD0, 0x00,
    0x00, 0x01, 0xFD, 0x00, 0x00, 0x00, 0x1F, 0xD0, 0x00, 0x00, 0x01, 0xFD, 0x00, 0x00, 0x50, 0x1F,
    0xC0, 0x00, 0x1F, 0x01, 0xFC, 0x00, 0x03, 0xE0, 0x1F, 0xC0, 0x00, 0x7E, 0x02, 0xFC, 0x00, 0x1F,
    0xD3, 0xFF, 0xFF, 0xFF, 0xFD, 0x7F, 0xFF, 0xFF, 0xFF, 0xC0, 0x00, 0x00, 0x00, 0xB4, 0x00, 0x00,
    0x00, 0x2F, 0xC0, 0x00, 0x00, 0x0F, 0xFC, 0x00, 0x00, 0x03, 0xFE, 0x00, 0x00, 0x00, 0xFD, 0x00,
    0x00, 0x00, 0x0D, 0x00, 0x00, 0x00, 0x00, 0x00, 0x00, 0x00, 0x55, 0x55, 0x55, 0x54, 0x2F, 0xFF,
    0xFF, 0xFF, 0xD1, 0xBF, 0xFF, 0xFF, 0xFD, 0x00, 0xFF, 0x00, 0x0B, 0xE0, 0x0F, 0xF0, 0x00, 0x3E,
    0x00, 0xFF, 0x00, 0x02, 0xE0, 0x0F, 0xE0, 0x00, 0x19, 0x00, 0xFE, 0x00, 0x00, 0x00, 0x0F, 0xE0,
    0x00, 0x00, 0x00, 0xFE, 0x00, 0x00, 0x00, 0x0F, 0xE0, 0x00, 0x00, 0x00, 0xFF, 0xFF, 0xFD, 0x00,
    0x0F, 0xFF, 0xFF, 0xD0, 0x00, 0xFE, 0x00, 0x00, 0x00, 0x0F, 0xD0, 0x00, 0x00, 0x01, 0xFD, 0x00,
    0x00, 0x00, 0x1F, 0xD0, 0x00, 0x00, 0x01, 0xFD, 0x00, 0x00, 0x50, 0x1F, 0xC0, 0x00, 0x1F, 0x01,
    0xFC, 0x00, 0x03, 0xE0, 0x1F, 0xC0, 0x00, 0x7E, 0x02, 0xFC, 0x00, 0x1F, 0xD3, 0xFF, 0xFF, 0xFF,
    0xFD, 0x7F, 0xFF, 0xFF, 0xFF, 0xC0, 0x00, 0x00, 0x04, 0x00, 0x00, 0x00, 0x03, 0xF0, 0x00, 0x00,
    0x00, 0xFF, 0xC0, 0x00, 0x00, 0x2F, 0xFE, 0x00, 0x00, 0x0B, 0xE7, 0xF8, 0x00, 0x02, 0xF4, 0x07,
    0xD0, 0x00, 0x28, 0x00, 0x0A, 0x00, 0x00, 0x00, 0x00, 0x00, 0x05, 0x55, 0x55, 0x55, 0x42, 0xFF,
    0xFF, 0xFF, 0xFD, 0x1B, 0xFF, 0xFF, 0xFF, 0xD0, 0x0F, 0xF0, 0x00, 0xBE, 0x00, 0xFF, 0x00, 0x03,
    0xE0, 0x0F, 0xF0, 0x00, 0x2E, 0x00, 0xFE, 0x00, 0x01, 0x90, 0x0F, 0xE0, 0x00, 0x00, 0x00, 0xFE,
    0x00, 0x00, 0x00, 0x0F, 0xE0, 0x00, 0x00, 0x00, 0xFE, 0x00, 0x00, 0x00, 0x0F, 0xFF, 0xFF, 0xD0,
    0x00, 0xFF, 0xFF, 0xFD, 0x00, 0x0F, 0xE0, 0x00, 0x00, 0x00, 0xFD, 0x00, 0x00, 0x00, 0x1F, 0xD0,
    0x00, 0x00, 0x01, 0xFD, 0x00, 0x00, 0x00, 0x1F, 0xD0, 0x00, 0x05, 0x01, 0xFC, 0x00, 0x01, 0xF0,
    0x1F, 0xC0, 0x00, 0x3E, 0x01, 0xFC, 0x00, 0x07, 0xE0, 0x2F, 0xC0, 0x01, 0xFD, 0x3F, 0xFF, 0xFF,
    0xFF, 0xD7, 0xFF, 0xFF, 0xFF, 0xFC, 0x00, 0x05, 0x00, 0x14, 0x00, 0x02, 0xFC, 0x0F, 0xF0, 0x00,
    0x3F, 0xC1, 0xFF, 0x00, 0x03, 0xFC, 0x1F, 0xF0, 0x00, 0x2F, 0x40, 0xBD, 0x00, 0x00, 0x00, 0x00,
    0x00, 0x00, 0x00, 0x00, 0x00, 0x00, 0x55, 0x55, 0x55, 0x54, 0x2F, 0xFF, 0xFF, 0xFF, 0xD1, 0xBF,
    0xFF, 0xFF, 0xFD, 0x00, 0xFF, 0x00, 0x0B, 0xE0, 0x0F, 0xF0, 0x00, 0x3E, 0x00, 0xFF, 0x00, 0x02,
    0xE0, 0x0F, 0xE0, 0x00, 0x19, 0x00, 0xFE, 0x00, 0x00, 0x00, 0x0F, 0xE0, 0x00, 0x00, 0x00, 0xFE,
    0x00, 0x00, 0x00, 0x0F, 0xE0, 0x00, 0x00, 0x00, 0xFF, 0xFF, 0xFD, 0x00, 0x0F, 0xFF, 0xFF, 0xD0,
    0x00, 0xFE, 0x00, 0x00, 0x00, 0x0F, 0xD0, 0x00, 0x00, 0x01, 0xFD, 0x00, 0x00, 0x00, 0x1F, 0xD0,
    0x00, 0x00, 0x01, 0xFD, 0x00, 0x00, 0x50, 0x1F, 0xC0, 0x00, 0x1F, 0x01, 0xFC, 0x00, 0x03, 0xE0,
    0x1F, 0xC0, 0x00, 0x7E, 0x02, 0xFC, 0x00, 0x1F, 0xD3, 0xFF, 0xFF, 0xFF, 0xFD, 0x7F, 0xFF, 0xFF,
    0xFF, 0xC0, 0x0B, 0x00, 0x00, 0x7F, 0x00, 0x01, 0xFF, 0x40, 0x01, 0xFF, 0x40, 0x00, 0x7F, 0x80,
    0x00, 0x0A, 0x00, 0x00, 0x00, 0x01, 0x55, 0x55, 0x2F, 0xFF, 0xFC, 0x6F, 0xFF, 0x90, 0x0F, 0xF0,
    0x00, 0x3F, 0xC0, 0x00, 0xFF, 0x00, 0x03, 0xFC, 0x00, 0x0F, 0xE0, 0x00, 0x3F, 0x80, 0x00, 0xFE,
    0x00, 0x03, 0xF8, 0x00, 0x0F, 0xE0, 0x00, 0x3F, 0x80, 0x00, 0xFD, 0x00, 0x03, 0xF4, 0x00, 0x1F,
    0xD0, 0x00, 0x7F, 0x40, 0x01, 0xFD, 0x00, 0x07, 0xF4, 0x00, 0x1F, 0xC0, 0x00, 0x7F, 0x00, 0x02,
    0xFD, 0x01, 0xFF, 0xFF, 0xC7, 0xFF, 0xFF, 0x00, 0x00, 0x00, 0xB4, 0x00, 0x0F, 0xE0, 0x00, 0xFF,
    0x80, 0x0F, 0xF4, 0x01, 0xFD, 0x00, 0x07, 0x40, 0x00, 0x00, 0x00, 0x01, 0x55, 0x55, 0x2F, 0xFF,
    0xFC, 0x6F, 0xFF, 0x90, 0x0F, 0xF0, 0x00, 0x3F, 0xC0, 0x00, 0xFF, 0x00, 0x03, 0xFC, 0x00, 0x0F,
    0xE0, 0x00, 0x3F, 0x80, 0x00, 0xFE, 0x00, 0x03, 0xF8, 0x00, 0x0F, 0xE0, 0x00, 0x3F, 0x80, 0x00,
    0xFD, 0x00, 0x03, 0xF4, 0x00, 0x1F, 0xD0, 0x00, 0x7F, 0x40, 0x01, 0xFD, 0x00, 0x07, 0xF4, 0x00,
    0x1F, 0xC0, 0x00, 0x7F, 0x00, 0x02, 0xFD, 0x01, 0xFF, 0xFF, 0xC7, 0xFF, 0xFF, 0x00, 0x00, 0x04,
    0x00, 0x00, 0x3F, 0x00, 0x00, 0xFF, 0x80, 0x03, 0xFF, 0xE0, 0x0F, 0xE7, 0xF4, 0x2F, 0x00, 0xBD,
    0x34, 0x00, 0x0D, 0x00, 0x00, 0x00, 0x05, 0x55, 0x54, 0x2F, 0xFF, 0xFC, 0x1B, 0xFF, 0xE4, 0x00,
    0xFF, 0x00, 0x00, 0xFF, 0x00, 0x00, 0xFF, 0x00, 0x00, 0xFF, 0x00, 0x00, 0xFE, 0x00, 0x00, 0xFE,
    0x00, 0x00, 0xFE, 0x00, 0x00, 0xFE, 0x00, 0x00, 0xFE, 0x00, 0x00, 0xFE, 0x00, 0x00, 0xFD, 0x00,
    0x00, 0xFD, 0x00, 0x01, 0xFD, 0x00, 0x01, 0xFD, 0x00, 0x01, 0xFD, 0x00, 0x01, 0xFD, 0x00, 0x01,
    0xFC, 0x00, 0x01, 0xFC, 0x00, 0x02, 0xFD, 0x00, 0x7F, 0xFF, 0xF0, 0x7F, 0xFF, 0xF0, 0x05, 0x00,
    0x14, 0x3F, 0x80, 0xFE, 0x7F, 0xC2, 0xFF, 0x7F, 0xC2, 0xFF, 0x2F, 0x40, 0xFC, 0x00, 0x00, 0x00,
    0x00, 0x00, 0x00, 0x05, 0x55, 0x54, 0x2F, 0xFF, 0xFC, 0x1B, 0xFF, 0xE4, 0x00, 0xFF, 0x00, 0x00,
    0xFF, 0x00, 0x00, 0xFF, 0x00, 0x00, 0xFF, 0x00, 0x00, 0xFE, 0x00, 0x00, 0xFE, 0x00, 0x00, 0xFE,
    0x00, 0x00, 0xFE, 0x00, 0x00, 0xFE, 0x00, 0x00, 0xFE, 0x00, 0x00, 0xFD, 0x00, 0x00, 0xFD, 0x00,
    0x01, 0xFD, 0x00, 0x01, 0xFD, 0x00, 0x01, 0xFD, 0x00, 0x01, 0xFD, 0x00, 0x01, 0xFC, 0x00, 0x01,
    0xFC, 0x00, 0x02, 0xFD, 0x00, 0x7F, 0xFF, 0xF0, 0x7F, 0xFF, 0xF0, 0x05, 0x55, 0x55, 0x40, 0x00,
    0x00, 0x7F, 0xFF, 0xFF, 0xFE, 0x00, 0x00, 0xAF, 0xFA, 0xAF, 0xFF, 0x80, 0x00, 0x2F, 0xC0, 0x01,
    0xFF, 0xC0, 0x00, 0xBF, 0x00, 0x00, 0xBF, 0xC0, 0x02, 0xFC, 0x00, 0x00, 0xFF, 0x40, 0x0B, 0xF0,
    0x00, 0x01, 0xFF, 0x00, 0x3F, 0xC0, 0x00, 0x03, 0xFD, 0x00, 0xFF, 0x00, 0x00, 0x0B, 0xF4, 0x03,
    0xFC, 0x00, 0x00, 0x1F, 0xE0, 0x0F, 0xF0, 0x00, 0x00, 0x7F, 0xAF, 0xFF, 0xFF, 0xFC, 0x01, 0xFE,
    0xBF, 0xFF, 0xFF, 0xE0, 0x07, 0xF8, 0x03, 0xF8, 0x00, 0x00, 0x1F, 0xE0, 0x0F, 0xE0, 0x00, 0x00,
    0xBF, 0x40, 0x3F, 0x80, 0x00, 0x03, 0xFC, 0x00, 0xFE, 0x00, 0x00, 0x1F, 0xE0, 0x03, 0xF8, 0x00,
    0x00, 0xFF, 0x40, 0x0F, 0xD0, 0x00, 0x07, 0xF8, 0x00, 0x7F, 0x40, 0x00, 0x7F, 0xC0, 0x01, 0xFD,
    0x00, 0x0B, 0xFC, 0x00, 0x07, 0xF4, 0x06, 0xFF, 0x80, 0x07, 0xFF, 0xFF, 0xFF, 0xE0, 0x00, 0x1F,
    0xFF, 0xFF, 0xE4, 0x00, 0x00, 0x00, 0x00, 0x00, 0x00, 0x00, 0x00, 0x00, 0x00, 0x7F, 0x80, 0x20,
    0x00, 0x00, 0x01, 0xFF, 0xFE, 0xF0, 0x00, 0x00, 0x03, 0xDB, 0xFF, 0xE0, 0x00, 0x00, 0x01, 0x00,
    0xBF, 0x80, 0x00, 0x00, 0x00, 0x00, 0x00, 0x00, 0x00, 0x00, 0x00, 0x00, 0x00, 0x00, 0x00, 0x05,
    0x55, 0x40, 0x00, 0x55, 0x55, 0x1F, 0xFF, 0xD0, 0x00, 0xFF, 0xFF, 0x0A, 0xFF, 0xF0, 0x00, 0xAF,
    0xF9, 0x00, 0xFF, 0xF4, 0x00, 0x07, 0xC0, 0x00, 0xFB, 0xFC, 0x00, 0x0B, 0xC0, 0x00, 0xF6, 0xFD,
    0x00, 0x0B, 0xC0, 0x00, 0xF4, 0xFF, 0x00, 0x0B, 0xC0, 0x00, 0xF4, 0xBF, 0x40, 0x0B, 0xC0, 0x00,
    0xF4, 0x3F, 0x80, 0x0B, 0x80, 0x00, 0xF4, 0x2F, 0xC0, 0x0B, 0x80, 0x00, 0xF0, 0x0F, 0xE0, 0x0B,
    0x80, 0x00, 0xF0, 0x0B, 0xF0, 0x0F, 0x80, 0x00, 0xF0, 0x03, 0xF8, 0x0F, 0x80, 0x00, 0xF0, 0x03,
    0xFC, 0x0F, 0x80, 0x01, 0xF0, 0x01, 0xFE, 0x0F, 0x40, 0x01, 0xF0, 0x00, 0xFF, 0x0F, 0x40, 0x01,
    0xF0, 0x00, 0x7F, 0x4F, 0x40, 0x01, 0xF0, 0x00, 0x3F, 0xCF, 0x40, 0x01, 0xF0, 0x00, 0x1F, 0xDF,
    0x40, 0x01, 0xF0, 0x00, 0x0F, 0xFF, 0x40, 0x02, 0xF0, 0x00, 0x07, 0xFF, 0x40, 0x02, 0xF0, 0x00,
    0x03, 0xFF, 0x00, 0x3F, 0xFF, 0x80, 0x01, 0xFF, 0x00, 0x7F, 0xFF, 0xC0, 0x00, 0xFF, 0x00, 0x00,
    0x00, 0x00, 0x00, 0x10, 0x00, 0x00, 0x00, 0xB0, 0x00, 0x00, 0x00, 0x00, 0x07, 0xF0, 0x00, 0x00,
    0x00, 0x00, 0x1F, 0xF4, 0x00, 0x00, 0x00, 0x00, 0x1F, 0xF4, 0x00, 0x00, 0x00, 0x00, 0x07, 0xF4,
    0x00, 0x00, 0x00, 0x00, 0x01, 0xA0, 0x00, 0x00, 0x00, 0x00, 0x00, 0x00, 0x00, 0x00, 0x00, 0x1B,
    0xFE, 0x40, 0x00, 0x00, 0x07, 0xFF, 0xFF, 0xD0, 0x00, 0x00, 0xFF, 0xE5, 0xBF, 0xE0, 0x00, 0x0F,
    0xF0, 0x00, 0x3F, 0xE0, 0x00, 0xBF, 0x00, 0x00, 0x3F, 0xD0, 0x07, 0xF4, 0x00, 0x00, 0x7F, 0xC0,
    0x3F, 0xC0, 0x00, 0x00, 0xFF, 0x41, 0xFD, 0x00, 0x00, 0x02, 0xFE, 0x0B, 0xF0, 0x00, 0x00, 0x07,
    0xFC, 0x3F, 0xC0, 0x00, 0x00, 0x0F, 0xF0, 0xFF, 0x00, 0x00, 0x00, 0x3F, 0xC3, 0xFC, 0x00, 0x00,
    0x00, 0xFF, 0x0F, 0xF0, 0x00, 0x00, 0x03, 0xFC, 0x3F, 0xC0, 0x00, 0x00, 0x0F, 0xF0, 0xFF, 0x00,
    0x00, 0x00, 0x3F, 0x83, 0xFC, 0x00, 0x00, 0x01, 0xFE, 0x0F, 0xF0, 0x00, 0x00, 0x0B, 0xF4, 0x2F,
    0xE0, 0x00, 0x00, 0x3F, 0xC0, 0x3F, 0xC0, 0x00, 0x00, 0xFD, 0x00, 0xBF, 0x40, 0x00, 0x0F, 0xF0,
    0x00, 0xFF, 0x40, 0x00, 0xBF, 0x40, 0x01, 0xFF, 0x80, 0x1F, 0xF4, 0x00, 0x01, 0xFF, 0xFF, 0xFF,
    0x40, 0x00, 0x00, 0xBF, 0xFF, 0xE0, 0x00, 0x00, 0x00, 0x05, 0x50, 0x00, 0x00, 0x00, 0x00, 0x00,
    0x0F, 0x00, 0x00, 0x00, 0x00, 0x00, 0xFE, 0x00, 0x00, 0x00, 0x00, 0x0F, 0xF4, 0x00, 0x00, 0x00,
    0x01, 0xFF, 0x40, 0x00, 0x00, 0x00, 0x1F, 0xD0, 0x00, 0x00, 0x00, 0x00, 0x60, 0x00, 0x00, 0x00,
    0x00, 0x00, 0x00, 0x00, 0x00, 0x00, 0x00, 0x1B, 0xFE, 0x40, 0x00, 0x00, 0x07, 0xFF, 0xFF, 0xD0,
    0x00, 0x00, 0xFF, 0xE5, 0xBF, 0xE0, 0x00, 0x0F, 0xF0, 0x00, 0x3F, 0xE0, 0x00, 0xBF, 0x00, 0x00,
    0x3F, 0xD0, 0x07, 0xF4, 0x00, 0x00, 0x7F, 0xC0, 0x3F, 0xC0, 0x00, 0x00, 0xFF, 0x41, 0xFD, 0x00,
    0x00, 0x02, 0xFE, 0x0B, 0xF0, 0x00, 0x00, 0x07, 0xFC, 0x3F, 0xC0, 0x00, 0x00, 0x0F, 0xF0, 0xFF,
    0x00, 0x00, 0x00, 0x3F, 0xC3, 0xFC, 0x00, 0x00, 0x00, 0xFF, 0x0F, 0xF0, 0x00, 0x00, 0x03, 0xFC,
    0x3F, 0xC0, 0x00, 0x00, 0x0F, 0xF0, 0xFF, 0x00, 0x00, 0x00, 0x3F, 0x83, 0xFC, 0x00, 0x00, 0x01,
    0xFE, 0x0F, 0xF0, 0x00, 0x00, 0x0B, 0xF4, 0x2F, 0xE0, 0x00, 0x00, 0x3F, 0xC0, 0x3F, 0xC0, 0x00,
    0x00, 0xFD, 0x00, 0xBF, 0x40, 0x00, 0x0F, 0xF0, 0x00, 0xFF, 0x40, 0x00, 0xBF, 0x40, 0x01, 0xFF,
    0x80, 0x1F, 0xF4, 0x00, 0x01, 0xFF, 0xFF, 0xFF, 0x40, 0x00, 0x00, 0xBF, 0xFF, 0xE0, 0x00, 0x00,
    0x00, 0x05, 0x50, 0x00, 0x00, 0x00, 0x00, 0x00, 0x40, 0x00, 0x00, 0x00, 0x00, 0x0F, 0x80, 0x00,
    0x00, 0x00, 0x00, 0xFF, 0x80, 0x00, 0x00, 0x00, 0x0F, 0xFF, 0x40, 0x00, 0x00, 0x00, 0xFE, 0x7F,
    0x40, 0x00, 0x00, 0x0F, 0xC0, 0x2F, 0x00, 0x00, 0x00, 0x34, 0x00, 0x1D, 0x00, 0x00, 0x00, 0x00,
    0x00, 0x00, 0x00, 0x00, 0x00, 0x6F, 0xF9, 0x00, 0x00, 0x00, 0x1F, 0xFF, 0xFF, 0x40, 0x00, 0x03,
    0xFF, 0x96, 0xFF, 0x80, 0x00, 0x3F, 0xC0, 0x00, 0xFF, 0x80, 0x02, 0xFC, 0x00, 0x00, 0xFF, 0x40,
    0x1F, 0xD0, 0x00, 0x01, 0xFF, 0x00, 0xFF, 0x00, 0x00, 0x03, 0xFD, 0x07, 0xF4, 0x00, 0x00, 0x0B,
    0xF8, 0x2F, 0xC0, 0x00, 0x00, 0x1F, 0xF0, 0xFF, 0x00, 0x00, 0x00, 0x3F, 0xC3, 0xFC, 0x00, 0x00,
    0x00, 0xFF, 0x0F, 0xF0, 0x00, 0x00, 0x03, 0xFC, 0x3F, 0xC0, 0x00, 0x00, 0x0F, 0xF0, 0xFF, 0x00,
    0x00, 0x00, 0x3F, 0xC3, 0xFC, 0x00, 0x00, 0x00, 0xFE, 0x0F, 0xF0, 0x00, 0x00, 0x07, 0xF8, 0x3F,
    0xC0, 0x00, 0x00, 0x2F, 0xD0, 0xBF, 0x80, 0x00, 0x00, 0xFF, 0x00, 0xFF, 0x00, 0x00, 0x03, 0xF4,
    0x02, 0xFD, 0x00, 0x00, 0x3F, 0xC0, 0x03, 0xFD, 0x00, 0x02, 0xFD, 0x00, 0x07, 0xFE, 0x00, 0x7F,
    0xD0, 0x00, 0x07, 0xFF, 0xFF, 0xFD, 0x00, 0x00, 0x02, 0xFF, 0xFF, 0x80, 0x00, 0x00, 0x00, 0x15,
    0x40, 0x00, 0x00, 0x00, 0x00, 0x00, 0x00, 0x00, 0x00, 0x00, 0x03, 0xFD, 0x01, 0x40, 0x00, 0x00,
    0x3F, 0xFF, 0xAE, 0x00, 0x00, 0x01, 0xEB, 0xFF, 0xF0, 0x00, 0x00, 0x02, 0x01, 0xFF, 0x00, 0x00,
    0x00, 0x00, 0x00, 0x00, 0x00, 0x00, 0x00, 0x00, 0x00, 0x00, 0x00, 0x00, 0x00, 0x1B, 0xFE, 0x40,
    0x00, 0x00, 0x07, 0xFF, 0xFF, 0xD0, 0x00, 0x00, 0xFF, 0xE5, 0xBF, 0xE0, 0x00, 0x0F, 0xF0, 0x00,
    0x3F, 0xE0, 0x00, 0xBF, 0x00, 0x00, 0x3F, 0xD0, 0x07, 0xF4, 0x00, 0x00, 0x7F, 0xC0, 0x3F, 0xC0,
    0x00, 0x00, 0xFF, 0x41, 0xFD, 0x00, 0x00, 0x02, 0xFE, 0x0B, 0xF0, 0x00, 0x00, 0x07, 0xFC, 0x3F,
    0xC0, 0x00, 0x00, 0x0F, 0xF0, 0xFF, 0x00, 0x00, 0x00, 0x3F, 0xC3, 0xFC, 0x00, 0x00, 0x00, 0xFF,
    0x0F, 0xF0, 0x00, 0x00, 0x03, 0xFC, 0x3F, 0xC0, 0x00, 0x00, 0x0F, 0xF0, 0xFF, 0x00, 0x00, 0x00,
    0x3F, 0x83, 0xFC, 0x00, 0x00, 0x01, 0xFE, 0x0F, 0xF0, 0x00, 0x00, 0x0B, 0xF4, 0x2F, 0xE0, 0x00,
    0x00, 0x3F, 0xC0, 0x3F, 0xC0, 0x00, 0x00, 0xFD, 0x00, 0xBF, 0x40, 0x00, 0x0F, 0xF0, 0x00, 0xFF,
    0x40, 0x00, 0xBF, 0x40, 0x01, 0xFF, 0x80, 0x1F, 0xF4, 0x00, 0x01, 0xFF, 0xFF, 0xFF, 0x40, 0x00,
    0x00, 0xBF, 0xFF, 0xE0, 0x00, 0x00, 0x00, 0x05, 0x50, 0x00, 0x00, 0x00, 0x00, 0x50, 0x01, 0x00,
    0x00, 0x00, 0x0F, 0xE0, 0x3F, 0x40, 0x00, 0x00, 0xBF, 0xC2, 0xFF, 0x00, 0x00, 0x02, 0xFF, 0x0B,
    0xF8, 0x00, 0x00, 0x03, 0xF0, 0x0F, 0xC0, 0x00, 0x00, 0x00, 0x00, 0x00, 0x00, 0x00, 0x00, 0x00,
    0x00, 0x00, 0x00, 0x00, 0x00, 0x1B, 0xFE, 0x40, 0x00, 0x00, 0x07, 0xFF, 0xFF, 0xD0, 0x00, 0x00,
    0xFF, 0xE5, 0xBF, 0xE0, 0x00, 0x0F, 0xF0, 0x00, 0x3F, 0xE0, 0x00, 0xBF, 0x00, 0x00, 0x3F, 0xD0,
    0x07, 0xF4, 0x00, 0x00, 0x7F, 0xC0, 0x3F, 0xC0, 0x00, 0x00, 0xFF, 0x41, 0xFD, 0x00, 0x00, 0x02,
    0xFE, 0x0B, 0xF0, 0x00, 0x00, 0x07, 0xFC, 0x3F, 0xC0, 0x00, 0x00, 0x0F, 0xF0, 0xFF, 0x00, 0x00,
    0x00, 0x3F, 0xC3, 0xFC, 0x00, 0x00, 0x00, 0xFF, 0x0F, 0xF0, 0x00, 0x00, 0x03, 0xFC, 0x3F, 0xC0,
    0x00, 0x00, 0x0F, 0xF0, 0xFF, 0x00, 0x00, 0x00, 0x3F, 0x83, 0xFC, 0x00, 0x00, 0x01, 0xFE, 0x0F,
    0xF0, 0x00, 0x00, 0x0B, 0xF4, 0x2F, 0xE0, 0x00, 0x00, 0x3F, 0xC0, 0x3F, 0xC0, 0x00, 0x00, 0xFD,
    0x00, 0xBF, 0x40, 0x00, 0x0F, 0xF0, 0x00, 0xFF, 0x40, 0x00, 0xBF, 0x40, 0x01, 0xFF, 0x80, 0x1F,
    0xF4, 0x00, 0x01, 0xFF, 0xFF, 0xFF, 0x40, 0x00, 0x00, 0xBF, 0xFF, 0xE0, 0x00, 0x00, 0x00, 0x05,
    0x50, 0x00, 0x00, 0x00, 0x00, 0x00, 0x0B, 0x40, 0x02, 0xC3, 0xF4, 0x02, 0xF8, 0x7F, 0x42, 0xF8,
    0x07, 0xF7, 0xF8, 0x00, 0x7F, 0xF8, 0x00, 0x07, 0xF8, 0x00, 0x03, 0xFF, 0x00, 0x03, 0xFF, 0xF0,
    0x03, 0xF4, 0xBF, 0x03, 0xF4, 0x0B, 0xF1, 0xF4, 0x00, 0xBD, 0x14, 0x00, 0x09, 0x00, 0x00, 0x00,
    0x00, 0x00, 0x00, 0x6F, 0xF9, 0x01, 0xF0, 0x00, 0x1F, 0xFF, 0xFF, 0x5F, 0x80, 0x03, 0xFF, 0x96,
    0xFF, 0xF8, 0x00, 0x3F, 0xC0, 0x00, 0xFF, 0xC0, 0x02, 0xFC, 0x00, 0x00, 0xFF, 0x40, 0x1F, 0xD0,
    0x00, 0x07, 0xFF, 0x00, 0xFF, 0x00, 0x00, 0x7F, 0xFD, 0x07, 0xF4, 0x00, 0x03, 0xFB, 0xF8, 0x2F,
    0xC0, 0x00, 0x3F, 0x1F, 0xF0, 0xFF, 0x00, 0x02, 0xF0, 0x3F, 0xC3, 0xFC, 0x00, 0x1F, 0x40, 0xFF,
    0x0F, 0xF0, 0x00, 0xF8, 0x03, 0xFC, 0x3F, 0xC0, 0x0F, 0xC0, 0x0F, 0xF0, 0xFF, 0x00, 0xFC, 0x00,
    0x3F, 0xC3, 0xFC, 0x0B, 0xD0, 0x00, 0xFE, 0x0F, 0xF0, 0x7D, 0x00, 0x07, 0xF8, 0x3F, 0xD3, 0xE0,
    0x00, 0x2F, 0xD0, 0xBF, 0xBF, 0x00, 0x00, 0xFF, 0x00, 0xFF, 0xF0, 0x00, 0x03, 0xF4, 0x02, 0xFF,
    0x40, 0x00, 0x3F, 0xC0, 0x03, 0xFD, 0x00, 0x02, 0xFD, 0x00, 0x0F, 0xFE, 0x00, 0x7F, 0xD0, 0x00,
    0xFF, 0xFF, 0xFF, 0xFD, 0x00, 0x0B, 0xC2, 0xFF, 0xFF, 0x80, 0x00, 0x15, 0x00, 0x15, 0x40, 0x00,
    0x00, 0x00, 0x01, 0xD0, 0x00, 0x00, 0x00, 0x00, 0x0F, 0xE0, 0x00, 0x00, 0x00, 0x00, 0x3F, 0xE0,
    0x00, 0x00, 0x00, 0x00, 0x3F, 0xE0, 0x00, 0x00, 0x00, 0x00, 0x0B, 0xF0, 0x00, 0x00, 0x00, 0x00,
    0x01, 0xC0, 0x00, 0x00, 0x00, 0x00, 0x00, 0x00, 0x00, 0x15, 0x55, 0x50, 0x01, 0x55, 0x54, 0xFF,
    0xFF, 0xC0, 0x0F, 0xFF, 0xF9, 0xBF, 0xF9, 0x00, 0x1B, 0xFF, 0x80, 0xBF, 0x00, 0x00, 0x07, 0xF0,
    0x02, 0xFC, 0x00, 0x00, 0x1F, 0xC0, 0x0B, 0xF0, 0x00, 0x00, 0xBF, 0x00, 0x2F, 0xC0, 0x00, 0x03,
    0xFC, 0x00, 0xBF, 0x00, 0x00, 0x0F, 0xF0, 0x03, 0xFC, 0x00, 0x00, 0x3F, 0xC0, 0x0F, 0xF0, 0x00,
    0x01, 0xFE, 0x00, 0x3F, 0xC0, 0x00, 0x0B, 0xF8, 0x00, 0xFE, 0x00, 0x00, 0x2F, 0xE0, 0x03, 0xF8,
    0x00, 0x00, 0xEF, 0x80, 0x0F, 0xE0, 0x00, 0x07, 0xBE, 0x00, 0x3F, 0x80, 0x00, 0x2D, 0xF4, 0x00,
    0xFE, 0x00, 0x00, 0xF7, 0xD0, 0x03, 0xF4, 0x00, 0x07, 0x6F, 0x40, 0x0F, 0xD0, 0x00, 0x3C, 0xBD,
    0x00, 0x3F, 0x40, 0x01, 0xE2, 0xF0, 0x00, 0xFE, 0x00, 0x0F, 0x4F, 0xC0, 0x03, 0xFC, 0x00, 0xFC,
    0x3F, 0x00, 0x07, 0xFD, 0x5F, 0xC0, 0xFC, 0x00, 0x0F, 0xFF, 0xFD, 0x03, 0xFF, 0x80, 0x0B, 0xFF,
    0xD0, 0x0F, 0xFE, 0x00, 0x01, 0x50, 0x00, 0x00, 0x00, 0x00, 0x00, 0x00, 0x1E, 0x00, 0x00, 0x00,
    0x00, 0x02, 0xFC, 0x00, 0x00, 0x00, 0x00, 0x2F, 0xF0, 0x00, 0x00, 0x00, 0x02, 0xFE, 0x00, 0x00,
    0x00, 0x00, 0x3F, 0x80, 0x00, 0x00, 0x00, 0x00, 0xD0, 0x00, 0x00, 0x00, 0x00, 0x00, 0x00, 0x00,
    0x00, 0x15, 0x55, 0x50, 0x01, 0x55, 0x54, 0xFF, 0xFF, 0xC0, 0x0F, 0xFF, 0xF9, 0xBF, 0xF9, 0x00,
    0x1B, 0xFF, 0x80, 0xBF, 0x00, 0x00, 0x07, 0xF0, 0x02, 0xFC, 0x00, 0x00, 0x1F, 0xC0, 0x0B, 0xF0,
    0x00, 0x00, 0xBF, 0x00, 0x2F, 0xC0, 0x00, 0x03, 0xFC, 0x00, 0xBF, 0x00, 0x00, 0x0F, 0xF0, 0x03,
    0xFC, 0x00, 0x00, 0x3F, 0xC0, 0x0F, 0xF0, 0x00, 0x01, 0xFE, 0x00, 0x3F, 0xC0, 0x00, 0x0B, 0xF8,
    0x00, 0xFE, 0x00, 0x00, 0x2F, 0xE0, 0x03, 0xF8, 0x00, 0x00, 0xEF, 0x80, 0x0F, 0xE0, 0x00, 0x07,
    0xBE, 0x00, 0x3F, 0x80, 0x00, 0x2D, 0xF4, 0x00, 0xFE, 0x00, 0x00, 0xF7, 0xD0, 0x03, 0xF4, 0x00,
    0x07, 0x6F, 0x40, 0x0F, 0xD0, 0x00, 0x3C, 0xBD, 0x00, 0x3F, 0x40, 0x01, 0xE2, 0xF0, 0x00, 0xFE,
    0x00, 0x0F, 0x4F, 0xC0, 0x03, 0xFC, 0x00, 0xFC, 0x3F, 0x00, 0x07, 0xFD, 0x5F, 0xC0, 0xFC, 0x00,
    0x0F, 0xFF, 0xFD, 0x03, 0xFF, 0x80, 0x0B, 0xFF, 0xD0, 0x0F, 0xFE, 0x00, 0x01, 0x50, 0x00, 0x00,
    0x00, 0x00, 0x00, 0x00, 0x00, 0x00, 0x00, 0x00, 0x00, 0x2F, 0x00, 0x00, 0x00, 0x00, 0x02, 0xFF,
    0x00, 0x00, 0x00, 0x00, 0x2F, 0xFF, 0x00, 0x00, 0x00, 0x01, 0xFD, 0xBE, 0x00, 0x00, 0x00, 0x1F,
    0x40, 0x7E, 0x00, 0x00, 0x00, 0xA0, 0x00, 0x2C, 0x00, 0x00, 0x00, 0x00, 0x00, 0x00, 0x00, 0x55,
    0x55, 0x40, 0x05, 0x55, 0x53, 0xFF, 0xFF, 0x00, 0x3F, 0xFF, 0xE6, 0xFF, 0xE4, 0x00, 0x6F, 0xFE,
    0x02, 0xFC, 0x00, 0x00, 0x1F, 0xC0, 0x0B, 0xF0, 0x00, 0x00, 0x7F, 0x00, 0x2F, 0xC0, 0x00, 0x02,
    0xFC, 0x00, 0xBF, 0x00, 0x00, 0x0F, 0xF0, 0x02, 0xFC, 0x00, 0x00, 0x3F, 0xC0, 0x0F, 0xF0, 0x00,
    0x00, 0xFF, 0x00, 0x3F, 0xC0, 0x00, 0x07, 0xF8, 0x00, 0xFF, 0x00, 0x00, 0x2F, 0xE0, 0x03, 0xF8,
    0x00, 0x00, 0xBF, 0x80, 0x0F, 0xE0, 0x00, 0x03, 0xBE, 0x00, 0x3F, 0x80, 0x00, 0x1E, 0xF8, 0x00,
    0xFE, 0x00, 0x00, 0xB7, 0xD0, 0x03, 0xF8, 0x00, 0x03, 0xDF, 0x40, 0x0F, 0xD0, 0x00, 0x1D, 0xBD,
    0x00, 0x3F, 0x40, 0x00, 0xF2, 0xF4, 0x00, 0xFD, 0x00, 0x07, 0x8B, 0xC0, 0x03, 0xF8, 0x00, 0x3D,
    0x3F, 0x00, 0x0F, 0xF0, 0x03, 0xF0, 0xFC, 0x00, 0x1F, 0xF5, 0x7F, 0x03, 0xF0, 0x00, 0x3F, 0xFF,
    0xF4, 0x0F, 0xFE, 0x00, 0x2F, 0xFF, 0x40, 0x3F, 0xF8, 0x00, 0x05, 0x40, 0x00, 0x00, 0x00, 0x00,
    0x01, 0x40, 0x05, 0x00, 0x00, 0x00, 0x2F, 0xC0, 0xBF, 0x00, 0x00, 0x00, 0xFF, 0x43, 0xFD, 0x00,
    0x00, 0x03, 0xFD, 0x0F, 0xF0, 0x00, 0x00, 0x07, 0xE0, 0x2F, 0x40, 0x00, 0x00, 0x00, 0x00, 0x00,
    0x00, 0x00, 0x00, 0x00, 0x00, 0x00, 0x00, 0x15, 0x55, 0x50, 0x01, 0x55, 0x54, 0xFF, 0xFF, 0xC0,
    0x0F, 0xFF, 0xF9, 0xBF, 0xF9, 0x00, 0x1B, 0xFF, 0x80, 0xBF, 0x00, 0x00, 0x07, 0xF0, 0x02, 0xFC,
    0x00, 0x00, 0x1F, 0xC0, 0x0B, 0xF0, 0x00, 0x00, 0xBF, 0x00, 0x2F, 0xC0, 0x00, 0x03, 0xFC, 0x00,
    0xBF, 0x00, 0x00, 0x0F, 0xF0, 0x03, 0xFC, 0x00, 0x00, 0x3F, 0xC0, 0x0F, 0xF0, 0x00, 0x01, 0xFE,
    0x00, 0x3F, 0xC0, 0x00, 0x0B, 0xF8, 0x00, 0xFE, 0x00, 0x00, 0x2F, 0xE0, 0x03, 0xF8, 0x00, 0x00,
    0xEF, 0x80, 0x0F, 0xE0, 0x00, 0x07, 0xBE, 0x00, 0x3F, 0x80, 0x00, 0x2D, 0xF4, 0x00, 0xFE, 0x00,
    0x00, 0xF7, 0xD0, 0x03, 0xF4, 0x00, 0x07, 0x6F, 0x40, 0x0F, 0xD0, 0x00, 0x3C, 0xBD, 0x00, 0x3F,
    0x40, 0x01, 0xE2, 0xF0, 0x00, 0xFE, 0x00, 0x0F, 0x4F, 0xC0, 0x03, 0xFC, 0x00, 0xFC, 0x3F, 0x00,
    0x07, 0xFD, 0x5F, 0xC0, 0xFC, 0x00, 0x0F, 0xFF, 0xFD, 0x03, 0xFF, 0x80, 0x0B, 0xFF, 0xD0, 0x0F,
    0xFE, 0x00, 0x01, 0x50, 0x00, 0x00, 0x00, 0x00, 0x00, 0x00, 0x07, 0x80, 0x00, 0x00, 0x00, 0x00,
    0x2F, 0xC0, 0x00, 0x00, 0x00, 0x00, 0xBF, 0xC0, 0x00, 0x00, 0x00, 0x02, 0xFE, 0x00, 0x00, 0x00,
    0x00, 0x0F, 0xE0, 0x00, 0x00, 0x00, 0x00, 0x0D, 0x00, 0x00, 0x00, 0x00, 0x00, 0x00, 0x00, 0x00,
    0x00, 0x15, 0x55, 0x50, 0x00, 0x55, 0x54, 0x3F, 0xFF, 0xF0, 0x02, 0xFF, 0xFD, 0x2F, 0xFF, 0x90,
    0x01, 0xBF, 0xF8, 0x02, 0xFD, 0x00, 0x00, 0x0F, 0x40, 0x00, 0xFF, 0x00, 0x00, 0x3E, 0x00, 0x00,
    0x7F, 0x80, 0x00, 0x7C, 0x00, 0x00, 0x3F, 0xC0, 0x00, 0xF8, 0x00, 0x00, 0x1F, 0xE0, 0x01, 0xF0,
    0x00, 0x00, 0x0F, 0xF0, 0x03, 0xD0, 0x00, 0x00, 0x07, 0xF8, 0x0B, 0xC0, 0x00, 0x00, 0x03, 0xFC,
    0x0F, 0x00, 0x00, 0x00, 0x00, 0xFE, 0x3E, 0x00, 0x00, 0x00, 0x00, 0xBF, 0x7C, 0x00, 0x00, 0x00,
    0x00, 0x3F, 0xF4, 0x00, 0x00, 0x00, 0x00, 0x2F, 0xF0, 0x00, 0x00, 0x00, 0x00, 0x0F, 0xD0, 0x00,
    0x00, 0x00, 0x00, 0x1F, 0xD0, 0x00, 0x00, 0x00, 0x00, 0x1F, 0xD0, 0x00, 0x00, 0x00, 0x00, 0x1F,
    0xD0, 0x00, 0x00, 0x00, 0x00, 0x1F, 0xC0, 0x00, 0x00, 0x00, 0x00, 0x1F, 0xC0, 0x00, 0x00, 0x00,
    0x00, 0x2F, 0xC0, 0x00, 0x00, 0x00, 0x07, 0xFF, 0xFF, 0x00, 0x00, 0x00, 0x07, 0xFF, 0xFF, 0x00,
    0x00, 0x05, 0x55, 0x55, 0x00, 0x00, 0x7F, 0xFF, 0xFC, 0x00, 0x00, 0xAF, 0xFE, 0x90, 0x00, 0x00,
    0x2F, 0xC0, 0x00, 0x00, 0x00, 0xBF, 0x00, 0x00, 0x00, 0x02, 0xFE, 0xA9, 0x40, 0x00, 0x0B, 0xFF,
    0xFF, 0xE0, 0x00, 0x2F, 0xD5, 0xBF, 0xF0, 0x00, 0xFF, 0x00, 0x2F, 0xF0, 0x03, 0xFC, 0x00, 0x2F,
    0xD0, 0x0F, 0xF0, 0x00, 0x7F, 0x80, 0x3F, 0xC0, 0x00, 0xFE, 0x00, 0xFF, 0x00, 0x03, 0xF8, 0x03,
    0xF8, 0x00, 0x1F, 0xE0, 0x0F, 0xE0, 0x00, 0xBF, 0x40, 0x3F, 0x80, 0x07, 0xFC, 0x00, 0xFE, 0x01,
    0xBF, 0xC0, 0x03, 0xFF, 0xFF, 0xF8, 0x00, 0x0F, 0xFF, 0xFA, 0x00, 0x00, 0x7F, 0x40, 0x00, 0x00,
    0x01, 0xFD, 0x00, 0x00, 0x00, 0x07, 0xF4, 0x00, 0x00, 0x03, 0xFF, 0xFF, 0xD0, 0x00, 0x1F, 0xFF,
    0xFF, 0x40, 0x00, 0x00, 0x00, 0x00, 0x00, 0x00, 0x00, 0x00, 0x00, 0x1B, 0xFF, 0x80, 0x00, 0x00,
    0x03, 0xFE, 0xBF, 0xD0, 0x00, 0x00, 0x7F, 0x40, 0x1F, 0xC0, 0x00, 0x03, 0xF4, 0x00, 0x2F, 0x80,
    0x00, 0x1F, 0xC0, 0x00, 0xBE, 0x00, 0x00, 0xFE, 0x00, 0x02, 0xF4, 0x00, 0x03, 0xF4, 0x00, 0x0F,
    0xC0, 0x00, 0x0F, 0xD0, 0x00, 0xBD, 0x00, 0x00, 0x3F, 0x40, 0x0B, 0xD0, 0x00, 0x00, 0xFD, 0x00,
    0x7C, 0x00, 0x00, 0x07, 0xF4, 0x07, 0xD0, 0x00, 0x00, 0x1F, 0xD0, 0x3E, 0x00, 0x00, 0x00, 0x7F,
    0x01, 0xF8, 0x00, 0x00, 0x01, 0xFC, 0x07, 0xF0, 0x00, 0x00, 0x07, 0xF0, 0x1F, 0xF0, 0x00, 0x00,
    0x1F, 0xC0, 0x3F, 0xF8, 0x00, 0x00, 0x7F, 0x00, 0x7F, 0xFC, 0x00, 0x02, 0xFC, 0x00, 0x3F, 0xFD,
    0x00, 0x0B, 0xF0, 0x00, 0x1F, 0xFC, 0x00, 0x2F, 0xC0, 0x00, 0x0B, 0xF4, 0x00, 0xBF, 0x00, 0x00,
    0x0B, 0xD0, 0x02, 0xFC, 0x1A, 0x00, 0x1F, 0x40, 0x0B, 0xF0, 0xFD, 0x00, 0x7C, 0x00, 0x2F, 0x87,
    0xF4, 0x03, 0xF0, 0x00, 0xFE, 0x0F, 0xFA, 0xBF, 0x00, 0x03, 0xF4, 0x0B, 0xFF, 0xE0, 0x00, 0x0F,
    0xC0, 0x01, 0x54, 0x00, 0x00, 0x3F, 0x00, 0x00, 0x00, 0x00, 0x00, 0xF8, 0x00, 0x00, 0x00, 0x01,
    0x03, 0xC0, 0x00, 0x00, 0x00, 0x0F, 0xBE, 0x00, 0x00, 0x00, 0x00, 0xBF, 0xF0, 0x00, 0x00, 0x00,
    0x01, 0xFF, 0x00, 0x00, 0x00, 0x00, 0x01, 0xA0, 0x00, 0x00, 0x00, 0x00, 0x00, 0x00, 0x0E, 0x00,
    0x00, 0x00, 0x00, 0xFE, 0x00, 0x00, 0x00, 0x02, 0xFD, 0x00, 0x00, 0x00, 0x02, 0xFC, 0x00, 0x00,
    0x00, 0x01, 0xFC, 0x00, 0x00, 0x00, 0x00, 0xB8, 0x00, 0x00, 0x00, 0x00, 0x40, 0x00, 0x00, 0x00,
    0x00, 0x00, 0x00, 0x00, 0x01, 0x50, 0x00, 0x00, 0x00, 0xFF, 0xFE, 0xFC, 0x00, 0x1F, 0xFE, 0xFF,
    0xE0, 0x00, 0xFE, 0x00, 0x3F, 0x80, 0x0F, 0xF0, 0x00, 0xFE, 0x00, 0x7F, 0x40, 0x07, 0xF8, 0x02,
    0xFC, 0x00, 0x2F, 0xE0, 0x0F, 0xE0, 0x00, 0xFF, 0x80, 0x7F, 0x40, 0x03, 0xFE, 0x01, 0xFD, 0x00,
    0x1E, 0xF4, 0x07, 0xF0, 0x00, 0xF7, 0xD0, 0x1F, 0xC0, 0x03, 0xAF, 0x40, 0x7F, 0x00, 0x1D, 0xBD,
    0x01, 0xFD, 0x00, 0xF3, 0xF4, 0x03, 0xF8, 0x03, 0x8F, 0xD0, 0x0B, 0xF4, 0x3D, 0x3F, 0x44, 0x0F,
    0xFF, 0xE0, 0xFF, 0xF4, 0x1F, 0xFE, 0x01, 0xFF, 0x80, 0x05, 0x40, 0x00, 0x50, 0x00, 0x00, 0x00,
    0x00, 0x00, 0x00, 0x00, 0x00, 0x1F, 0x00, 0x00, 0x00, 0x01, 0xFC, 0x00, 0x00, 0x00, 0x0F, 0xF0,
    0x00, 0x00, 0x00, 0xFE, 0x00, 0x00, 0x00, 0x0B, 0xD0, 0x00, 0x00, 0x00, 0x7C, 0x00, 0x00, 0x00,
    0x00, 0x40, 0x00, 0x00, 0x00, 0x00, 0x00, 0x00, 0x00, 0x00, 0x05, 0x40, 0x00, 0x00, 0x03, 0xFF,
    0xFB, 0xF0, 0x00, 0x7F, 0xFB, 0xFF, 0x80, 0x03, 0xF8, 0x00, 0xFE, 0x00, 0x3F, 0xC0, 0x03, 0xF8,
    0x01, 0xFD, 0x00, 0x1F, 0xE0, 0x0B, 0xF0, 0x00, 0xBF, 0x80, 0x3F, 0x80, 0x03, 0xFE, 0x01, 0xFD,
    0x00, 0x0F, 0xF8, 0x07, 0xF4, 0x00, 0x7B, 0xD0, 0x1F, 0xC0, 0x03, 0xDF, 0x40, 0x7F, 0x00, 0x0E,
    0xBD, 0x01, 0xFC, 0x00, 0x76, 0xF4, 0x07, 0xF4, 0x03, 0xCF, 0xD0, 0x0F, 0xE0, 0x0E, 0x3F, 0x40,
    0x2F, 0xD0, 0xF4, 0xFD, 0x10, 0x3F, 0xFF, 0x83, 0xFF, 0xD0, 0x7F, 0xF8, 0x07, 0xFE, 0x00, 0x15,
    0x00, 0x01, 0x40, 0x00, 0x00, 0x00, 0x00, 0x00, 0x00, 0x03, 0xE0, 0x00, 0x00, 0x00, 0x3F, 0xD0,
    0x00, 0x00, 0x02, 0xFF, 0xC0, 0x00, 0x00, 0x1F, 0xEF, 0xC0, 0x00, 0x00, 0xF8, 0x1F, 0x80, 0x00,
    0x0F, 0x40, 0x0F, 0x40, 0x00, 0x10, 0x00, 0x04, 0x00, 0x00, 0x00, 0x00, 0x00, 0x00, 0x00, 0x05,
    0x40, 0x00, 0x00, 0x03, 0xFF, 0xFB, 0xF0, 0x00, 0x7F, 0xFB, 0xFF, 0x80, 0x03, 0xF8, 0x00, 0xFE,
    0x00, 0x3F, 0xC0, 0x03, 0xF8, 0x01, 0xFD, 0x00, 0x1F, 0xE0, 0x0B, 0xF0, 0x00, 0xBF, 0x80, 0x3F,
    0x80, 0x03, 0xFE, 0x01, 0xFD, 0x00, 0x0F, 0xF8, 0x07, 0xF4, 0x00, 0x7B, 0xD0, 0x1F, 0xC0, 0x03,
    0xDF, 0x40, 0x7F, 0x00, 0x0E, 0xBD, 0x01, 0xFC, 0x00, 0x76, 0xF4, 0x07, 0xF4, 0x03, 0xCF, 0xD0,
    0x0F, 0xE0, 0x0E, 0x3F, 0x40, 0x2F, 0xD0, 0xF4, 0xFD, 0x10, 0x3F, 0xFF, 0x83, 0xFF, 0xD0, 0x7F,
    0xF8, 0x07, 0xFE, 0x00, 0x15, 0x00, 0x01, 0x40, 0x00, 0x2F, 0x40, 0x00, 0x00, 0x01, 0xFF, 0xE4,
    0xF0, 0x00, 0x0F, 0xFF, 0xFF, 0x40, 0x00, 0x30, 0x2F, 0xF8, 0x00, 0x00, 0x00, 0x06, 0x40, 0x00,
    0x00, 0x00, 0x00, 0x00, 0x00, 0x00, 0x00, 0x00, 0x00, 0x00, 0x00, 0x54, 0x00, 0x00, 0x00, 0x3F,
    0xFF, 0xBF, 0x00, 0x07, 0xFF, 0xBF, 0xF8, 0x00, 0x3F, 0x80, 0x0F, 0xE0, 0x03, 0xFC, 0x00, 0x3F,
    0x80, 0x1F, 0xD0, 0x01, 0xFE, 0x00, 0xBF, 0x00, 0x0B, 0xF8, 0x03, 0xF8, 0x00, 0x3F, 0xE0, 0x1F,
    0xD0, 0x00, 0xFF, 0x80, 0x7F, 0x40, 0x07, 0xBD, 0x01, 0xFC, 0x00, 0x3D, 0xF4, 0x07, 0xF0, 0x00,
    0xEB, 0xD0, 0x1F, 0xC0, 0x07, 0x6F, 0x40, 0x7F, 0x40, 0x3C, 0xFD, 0x00, 0xFE, 0x00, 0xE3, 0xF4,
    0x02, 0xFD, 0x0F, 0x4F, 0xD1, 0x03, 0xFF, 0xF8, 0x3F, 0xFD, 0x07, 0xFF, 0x80, 0x7F, 0xE0, 0x01,
    0x50, 0x00, 0x14, 0x00, 0x00, 0x00, 0x00, 0x00, 0x00, 0x02, 0xF4, 0x0B, 0xD0, 0x00, 0x1F, 0xF0,
    0x7F, 0xC0, 0x00, 0x7F, 0xC2, 0xFF, 0x00, 0x00, 0xFE, 0x07, 0xF4, 0x00, 0x00, 0x50, 0x01, 0x00,
    0x00, 0x00, 0x00, 0x00, 0x00, 0x00, 0x00, 0x00, 0x00, 0x00, 0x00, 0x01, 0x50, 0x00, 0x00, 0x00,
    0xFF, 0xFE, 0xFC, 0x00, 0x1F, 0xFE, 0xFF, 0xE0, 0x00, 0xFE, 0x00, 0x3F, 0x80, 0x0F, 0xF0, 0x00,
    0xFE, 0x00, 0x7F, 0x40, 0x07, 0xF8, 0x02, 0xFC, 0x00, 0x2F, 0xE0, 0x0F, 0xE0, 0x00, 0xFF, 0x80,
    0x7F, 0x40, 0x03, 0xFE, 0x01, 0xFD, 0x00, 0x1E, 0xF4, 0x07, 0xF0, 0x00, 0xF7, 0xD0, 0x1F, 0xC0,
    0x03, 0xAF, 0x40, 0x7F, 0x00, 0x1D, 0xBD, 0x01, 0xFD, 0x00, 0xF3, 0xF4, 0x03, 0xF8, 0x03, 0x8F,
    0xD0, 0x0B, 0xF4, 0x3D, 0x3F, 0x44, 0x0F, 0xFF, 0xE0, 0xFF, 0xF4, 0x1F, 0xFE, 0x01, 0xFF, 0x80,
    0x05, 0x40, 0x00, 0x50, 0x00, 0x00, 0x00, 0x54, 0x00, 0x00, 0x00, 0x1F, 0xFC, 0x00, 0x00, 0x00,
    0xF4, 0xFC, 0x00, 0x00, 0x0B, 0xC1, 0xF0, 0x00, 0x00, 0x2F, 0x07, 0xC0, 0x00, 0x00, 0x7C, 0x2E,
    0x00, 0x00, 0x00, 0xFF, 0xF0, 0x00, 0x00, 0x00, 0x69, 0x00, 0x00, 0x00, 0x00, 0x00, 0x00, 0x00,
    0x00, 0x05, 0x40, 0x00, 0x00, 0x03, 0xFF, 0xFB, 0xF0, 0x00, 0x7F, 0xFB, 0xFF, 0x80, 0x03, 0xF8,
    0x00, 0xFE, 0x00, 0x3F, 0xC0, 0x03, 0xF8, 0x01, 0xFD, 0x00, 0x1F, 0xE0, 0x0B, 0xF0, 0x00, 0xBF,
    0x80, 0x3F, 0x80, 0x03, 0xFE, 0x01, 0xFD, 0x00, 0x0F, 0xF8, 0x07, 0xF4, 0x00, 0x7B, 0xD0, 0x1F,
    0xC0, 0x03, 0xDF, 0x40, 0x7F, 0x00, 0x0E, 0xBD, 0x01, 0xFC, 0x00, 0x76, 0xF4, 0x07, 0xF4, 0x03,
    0xCF, 0xD0, 0x0F, 0xE0, 0x0E, 0x3F, 0x40, 0x2F, 0xD0, 0xF4, 0xFD, 0x10, 0x3F, 0xFF, 0x83, 0xFF,
    0xD0, 0x7F, 0xF8, 0x07, 0xFE, 0x00, 0x15, 0x00, 0x01, 0x40, 0x00, 0x01, 0x50, 0x04, 0x05, 0x40,
    0x00, 0x3F, 0xFF, 0xBC, 0xFF, 0xF4, 0x01, 0xFF, 0xAF, 0xFF, 0xEB, 0xFD, 0x03, 0xF8, 0x00, 0xFF,
    0x00, 0xFE, 0x0F, 0xF0, 0x00, 0xFD, 0x00, 0xBF, 0x1F, 0xD0, 0x01, 0xFC, 0x00, 0xBF, 0x3F, 0xC0,
    0x02, 0xF8, 0x00, 0xFE, 0x3F, 0x80, 0x03, 0xF4, 0x02, 0xFC, 0x7F, 0x40, 0x03, 0xF0, 0x6F, 0xF4,
    0x7F, 0x40, 0x07, 0xFF, 0xFF, 0x80, 0x7F, 0x00, 0x0B, 0xFF, 0xE0, 0x00, 0x7F, 0x00, 0x0F, 0xF4,
    0x00, 0x00, 0x7F, 0x00, 0x1F, 0xF4, 0x00, 0x00, 0x7F, 0x40, 0x3E, 0xF8, 0x00, 0x00, 0x3F, 0x80,
    0x3C, 0xFD, 0x00, 0x1C, 0x2F, 0xD0, 0xF4, 0xFF, 0x41, 0xBE, 0x0F, 0xFF, 0xE0, 0x3F, 0xFF, 0xF8,
    0x07, 0xFF, 0x80, 0x0F, 0xFF, 0xD0, 0x00, 0x54, 0x00, 0x00, 0x54, 0x00, 0x00, 0x01, 0x54, 0x00,
    0x00, 0xBF, 0xFD, 0x00, 0x1F, 0xFA, 0xFD, 0x01, 0xFD, 0x00, 0xFC, 0x0F, 0xE0, 0x03, 0xF4, 0xBF,
    0x00, 0x3F, 0xC3, 0xF8, 0x00, 0xBE, 0x0F, 0xD0, 0x00, 0x00, 0x7F, 0x40, 0x00, 0x01, 0xFD, 0x00,
    0x00, 0x07, 0xF0, 0x00, 0x00, 0x1F, 0xD0, 0x00, 0x00, 0x7F, 0x40, 0x00, 0x00, 0xFF, 0x00, 0x00,
    0x02, 0xFD, 0x00, 0x1E, 0x03, 0xFD, 0x02, 0xF4, 0x07, 0xFF, 0xFF, 0x40, 0x07, 0xFF, 0xF0, 0x00,
    0x00, 0xF4, 0x00, 0x00, 0x03, 0xC0, 0x00, 0x00, 0x0F, 0xF4, 0x00, 0x00, 0x17, 0xF0, 0x00, 0x00,
    0x0B, 0xC0, 0x00, 0x04, 0x7F, 0x00, 0x00, 0xBF, 0xF4, 0x00, 0x01, 0xAA, 0x00, 0x00, 0x00, 0x2C,
    0x00, 0x00, 0x0B, 0xF0, 0x00, 0x00, 0x7F, 0x80, 0x00, 0x01, 0xFD, 0x00, 0x00, 0x03, 0xF0, 0x00,
    0x00, 0x0B, 0xC0, 0x00, 0x00, 0x04, 0x00, 0x00, 0x00, 0x00, 0x00, 0x01, 0x54, 0x00, 0x03, 0xFF,
    0xF4, 0x01, 0xFE, 0xBF, 0xD0, 0x7F, 0x40, 0xFF, 0x0F, 0xD0, 0x0B, 0xF2, 0xFC, 0x00, 0xBF, 0x3F,
    0x80, 0x0F, 0xE3, 0xF4, 0x02, 0xFC, 0x7F, 0x46, 0xFF, 0x47, 0xFF, 0xFF, 0x80, 0x7F, 0xFE, 0x40,
    0x07, 0xF4, 0x00, 0x00, 0x7F, 0x40, 0x00, 0x03, 0xFC, 0x00, 0x00, 0x2F, 0xD0, 0x01, 0xC0, 0xFF,
    0x80, 0xBE, 0x07, 0xFF, 0xFF, 0x80, 0x1F, 0xFF, 0xD0, 0x00, 0x05, 0x40, 0x00, 0x00, 0x00, 0x00,
    0x00, 0x00, 0x01, 0xF0, 0x00, 0x00, 0x3F, 0x40, 0x00, 0x0F, 0xF4, 0x00, 0x02, 0xFC, 0x00, 0x00,
    0x7E, 0x00, 0x00, 0x0F, 0x40, 0x00, 0x00, 0x40, 0x00, 0x00, 0x00, 0x00, 0x00, 0x00, 0x15, 0x40,
    0x00, 0x3F, 0xFF, 0x40, 0x1F, 0xEB, 0xFD, 0x07, 0xF4, 0x0F, 0xF0, 0xFD, 0x00, 0xBF, 0x2F, 0xC0,
    0x0B, 0xF3, 0xF8, 0x00, 0xFE, 0x3F, 0x40, 0x2F, 0xC7, 0xF4, 0x6F, 0xF4, 0x7F, 0xFF, 0xF8, 0x07,
    0xFF, 0xE4, 0x00, 0x7F, 0x40, 0x00, 0x07, 0xF4, 0x00, 0x00, 0x3F, 0xC0, 0x00, 0x02, 0xFD, 0x00,
    0x1C, 0x0F, 0xF8, 0x0B, 0xE0, 0x7F, 0xFF, 0xF8, 0x01, 0xFF, 0xFD, 0x00, 0x00, 0x54, 0x00, 0x00,
    0x00, 0x00, 0x00, 0x00, 0x2F, 0x00, 0x00, 0x0B, 0xF8, 0x00, 0x01, 0xFF, 0xD0, 0x00, 0x3F, 0x7F,
    0x00, 0x0F, 0xC0, 0xFC, 0x02, 0xE0, 0x02, 0xE0, 0x04, 0x00, 0x04, 0x00, 0x00, 0x00, 0x00, 0x00,
    0x15, 0x40, 0x00, 0x3F, 0xFF, 0x40, 0x1F, 0xEB, 0xFD, 0x07, 0xF4, 0x0F, 0xF0, 0xFD, 0x00, 0xBF,
    0x2F, 0xC0, 0x0B, 0xF3, 0xF8, 0x00, 0xFE, 0x3F, 0x40, 0x2F, 0xC7, 0xF4, 0x6F, 0xF4, 0x7F, 0xFF,
    0xF8, 0x07, 0xFF, 0xE4, 0x00, 0x7F, 0x40, 0x00, 0x07, 0xF4, 0x00, 0x00, 0x3F, 0xC0, 0x00, 0x02,
    0xFD, 0x00, 0x1C, 0x0F, 0xF8, 0x0B, 0xE0, 0x7F, 0xFF, 0xF8, 0x01, 0xFF, 0xFD, 0x00, 0x00, 0x54,
    0x00, 0x00, 0x00, 0x00, 0x00, 0x07, 0xE0, 0x1F, 0x40, 0x3F, 0xC0, 0xFF, 0x00, 0xFF, 0x47, 0xFC,
    0x03, 0xFC, 0x0F, 0xE0, 0x01, 0x40, 0x05, 0x00, 0x00, 0x00, 0x00, 0x00, 0x00, 0x00, 0x00, 0x00,
    0x01, 0x54, 0x00, 0x00, 0xFF, 0xFD, 0x00, 0x1F, 0xEB, 0xFD, 0x01, 0xFD, 0x03, 0xFC, 0x0F, 0xD0,
    0x0B, 0xF0, 0xBF, 0x00, 0x2F, 0xC3, 0xF8, 0x00, 0xFE, 0x0F, 0xD0, 0x0B, 0xF0, 0x7F, 0x46, 0xFF,
    0x41, 0xFF, 0xFF, 0xE0, 0x07, 0xFF, 0xE4, 0x00, 0x1F, 0xD0, 0x00, 0x00, 0x7F, 0x40, 0x00, 0x00,
    0xFF, 0x00, 0x00, 0x02, 0xFD, 0x00, 0x1C, 0x03, 0xFE, 0x02, 0xF8, 0x07, 0xFF, 0xFF, 0x80, 0x07,
    0xFF, 0xF4, 0x00, 0x00, 0x54, 0x00, 0x00, 0x2C, 0x00, 0x01, 0xFC, 0x00, 0x07, 0xF8, 0x00, 0x07,
    0xF4, 0x00, 0x03, 0xF0, 0x00, 0x02, 0xF0, 0x00, 0x00, 0x40, 0x00, 0x00, 0x00, 0x01, 0x50, 0x00,
    0xFF, 0xE0, 0x07, 0xFF, 0xC0, 0x04, 0x3F, 0x40, 0x00, 0xFD, 0x00, 0x03, 0xF4, 0x00, 0x1F, 0xC0,
    0x00, 0x7F, 0x00, 0x01, 0xFC, 0x00, 0x0B, 0xF0, 0x00, 0x2F, 0xC0, 0x00, 0xBF, 0x00, 0x03, 0xF8,
    0x00, 0x0F, 0xE0, 0x00, 0x3F, 0x80, 0x00, 0xFE, 0x04, 0x03, 0xFF, 0xF0, 0x07, 0xFE, 0x00, 0x01,
    0x40, 0x00, 0x00, 0x00, 0x00, 0x00, 0x3C, 0x00, 0x03, 0xF4, 0x00, 0x2F, 0xD0, 0x01, 0xFC, 0x00,
    0x1F, 0x80, 0x00, 0xF4, 0x00, 0x01, 0x00, 0x00, 0x00, 0x00, 0x00, 0x05, 0x40, 0x03, 0xFF, 0x80,
    0x1F, 0xFF, 0x00, 0x10, 0xFD, 0x00, 0x03, 0xF4, 0x00, 0x0F, 0xD0, 0x00, 0x7F, 0x00, 0x01, 0xFC,
    0x00, 0x07, 0xF0, 0x00, 0x2F, 0xC0, 0x00, 0xBF, 0x00, 0x02, 0xFC, 0x00, 0x0F, 0xE0, 0x00, 0x3F,
    0x80, 0x00, 0xFE, 0x00, 0x03, 0xF8, 0x10, 0x0F, 0xFF, 0xC0, 0x1F, 0xF8, 0x00, 0x05, 0x00, 0x00,
    0x00, 0x00, 0x00, 0xBC, 0x00, 0x01, 0xFE, 0x00, 0x03, 0xFF, 0x40, 0x0F, 0xDF, 0xC0, 0x2F, 0x03,
    0xF0, 0x78, 0x00, 0xB8, 0x10, 0x00, 0x10, 0x00, 0x00, 0x00, 0x00, 0x54, 0x00, 0x0F, 0xFE, 0x00,
    0x1F, 0xFF, 0x00, 0x04, 0x3F, 0x40, 0x00, 0x3F, 0x40, 0x00, 0x3F, 0x40, 0x00, 0x7F, 0x00, 0x00,
    0x7F, 0x00, 0x00, 0x7F, 0x00, 0x00, 0xBF, 0x00, 0x00, 0xBF, 0x00, 0x00, 0xBF, 0x00, 0x00, 0xFE,
    0x00, 0x00, 0xFE, 0x00, 0x00, 0xFE, 0x00, 0x00, 0xFE, 0x04, 0x00, 0xFF, 0xFC, 0x00, 0x7F, 0xE0,
    0x00, 0x05, 0x00, 0x00, 0x00, 0x00, 0x07, 0xE0, 0x1F, 0x83, 0xFD, 0x0F, 0xF0, 0xFF, 0x47, 0xFC,
    0x3F, 0xC0, 0xFF, 0x01, 0x40, 0x05, 0x00, 0x00, 0x00, 0x00, 0x00, 0x00, 0x00, 0x00, 0x15, 0x00,
    0x00, 0xFF, 0xE0, 0x00, 0x7F, 0xFC, 0x00, 0x04, 0x3F, 0x40, 0x00, 0x0F, 0xD0, 0x00, 0x03, 0xF4,
    0x00, 0x01, 0xFC, 0x00, 0x00, 0x7F, 0x00, 0x00, 0x1F, 0xC0, 0x00, 0x0B, 0xF0, 0x00, 0x02, 0xFC,
    0x00, 0x00, 0xBF, 0x00, 0x00, 0x3F, 0x80, 0x00, 0x0F, 0xE0, 0x00, 0x03, 0xF8, 0x00, 0x00, 0xFE,
    0x04, 0x00, 0x3F, 0xFF, 0x00, 0x07, 0xFE, 0x00, 0x00, 0x14, 0x00, 0x00, 0xB9, 0x00, 0x18, 0x00,
    0xBF, 0xE1, 0xFC, 0x00, 0x07, 0xFF, 0xE0, 0x00, 0x01, 0xFF, 0x40, 0x00, 0x0B, 0xFF, 0xC0, 0x00,
    0x0F, 0x0F, 0xF0, 0x00, 0x04, 0x03, 0xF4, 0x00, 0x00, 0x02, 0xFC, 0x00, 0x05, 0x41, 0xFC, 0x00,
    0xBF, 0xF8, 0xFD, 0x03, 0xFF, 0xBF, 0xFE, 0x0F, 0xF0, 0x07, 0xFE, 0x1F, 0xD0, 0x02, 0xFF, 0x3F,
    0xC0, 0x01, 0xFF, 0x3F, 0x80, 0x00, 0xFF, 0x7F, 0x80, 0x00, 0xFF, 0x7F, 0x40, 0x00, 0xFF, 0x7F,
    0x40, 0x00, 0xFE, 0x7F, 0x40, 0x00, 0xFE, 0x7F, 0x40, 0x00, 0xFD, 0x3F, 0x80, 0x01, 0xFC, 0x3F,
    0xC0, 0x02, 0xFC, 0x2F, 0xC0, 0x03, 0xF4, 0x0F, 0xF0, 0x0B, 0xE0, 0x07, 0xFE, 0xBF, 0xC0, 0x00,
    0xFF, 0xFE, 0x00, 0x00, 0x05, 0x50, 0x00, 0x00, 0x07, 0xE0, 0x00, 0x00, 0x00, 0x0F, 0xFF, 0x4B,
    0x00, 0x00, 0x3F, 0xFF, 0xFE, 0x00, 0x00, 0x34, 0x2F, 0xFC, 0x00, 0x00, 0x00, 0x01, 0x90, 0x00,
    0x00, 0x00, 0x00, 0x00, 0x00, 0x00, 0x00, 0x00, 0x00, 0x00, 0x01, 0x40, 0x00, 0x54, 0x00, 0x7F,
    0xF4, 0x03, 0xFF, 0x40, 0xBF, 0xFC, 0x0F, 0xFF, 0xC0, 0x02, 0xFC, 0x2F, 0x6F, 0xD0, 0x02, 0xF8,
    0x3C, 0x0F, 0xD0, 0x02, 0xF8, 0x78, 0x0F, 0xD0, 0x02, 0xF8, 0xB4, 0x0F, 0xD0, 0x02, 0xF4, 0xF0,
    0x0F, 0xD0, 0x02, 0xF5, 0xE0, 0x1F, 0xC0, 0x02, 0xF6, 0xD0, 0x1F, 0xC0, 0x03, 0xF3, 0xC0, 0x1F,
    0xC0, 0x03, 0xF7, 0x80, 0x2F, 0xC0, 0x03, 0xFB, 0x40, 0x2F, 0xC0, 0x03, 0xFF, 0x00, 0x2F, 0xC0,
    0x03, 0xFE, 0x00, 0x3F, 0x80, 0x03, 0xFD, 0x00, 0x3F, 0x80, 0x03, 0xFC, 0x00, 0x3F, 0xFF, 0x03,
    0xF8, 0x00, 0x1F, 0xF8, 0x00, 0x00, 0x00, 0x01, 0x40, 0x00, 0x1D, 0x00, 0x00, 0x00, 0x3F, 0x00,
    0x00, 0x00, 0x3F, 0xC0, 0x00, 0x00, 0x0F, 0xE0, 0x00, 0x00, 0x02, 0xF4, 0x00, 0x00, 0x00, 0x7C,
    0x00, 0x00, 0x00, 0x04, 0x00, 0x00, 0x00, 0x00, 0x00, 0x00, 0x01, 0x54, 0x00, 0x00, 0x7F, 0xFF,
    0x80, 0x02, 0xFF, 0xBF, 0xF0, 0x0B, 0xF4, 0x07, 0xF8, 0x0F, 0xD0, 0x02, 0xFC, 0x2F, 0xC0, 0x00,
    0xFE, 0x3F, 0x80, 0x00, 0xFF, 0x3F, 0x80, 0x00, 0xFF, 0x7F, 0x40, 0x00, 0xFF, 0x7F, 0x40, 0x00,
    0xFF, 0x7F, 0x40, 0x00, 0xFF, 0x7F, 0x40, 0x00, 0xFF, 0x7F, 0x80, 0x00, 0xFE, 0x3F, 0xC0, 0x01,
    0xFC, 0x2F, 0xC0, 0x03, 0xFC, 0x0F, 0xF0, 0x0B, 0xF0, 0x07, 0xFE, 0xBF, 0xD0, 0x00, 0xFF, 0xFE,
    0x00, 0x00, 0x05, 0x50, 0x00, 0x00, 0x00, 0x00, 0x00, 0x00, 0x00, 0x0F, 0x40, 0x00, 0x00, 0x2F,
    0xC0, 0x00, 0x00, 0x7F, 0x80, 0x00, 0x00, 0xFD, 0x00, 0x00, 0x03, 0xF0, 0x00, 0x00, 0x0B, 0x80,
    0x00, 0x00, 0x05, 0x00, 0x00, 0x00, 0x00, 0x00, 0x00, 0x00, 0x01, 0x54, 0x00, 0x00, 0x7F, 0xFF,
    0x80, 0x02, 0xFF, 0xBF, 0xF0, 0x0B, 0xF4, 0x07, 0xF8, 0x0F, 0xD0, 0x02, 0xFC, 0x2F, 0xC0, 0x00,
    0xFE, 0x3F, 0x80, 0x00, 0xFF, 0x3F, 0x80, 0x00, 0xFF, 0x7F, 0x40, 0x00, 0xFF, 0x7F, 0x40, 0x00,
    0xFF, 0x7F, 0x40, 0x00, 0xFF, 0x7F, 0x40, 0x00, 0xFF, 0x7F, 0x80, 0x00, 0xFE, 0x3F, 0xC0, 0x01,
    0xFC, 0x2F, 0xC0, 0x03, 0xFC, 0x0F, 0xF0, 0x0B, 0xF0, 0x07, 0xFE, 0xBF, 0xD0, 0x00, 0xFF, 0xFE,
    0x00, 0x00, 0x05, 0x50, 0x00, 0x00, 0x00, 0x00, 0x00, 0x00, 0x01, 0xF4, 0x00, 0x00, 0x03, 0xFC,
    0x00, 0x00, 0x0F, 0xFE, 0x00, 0x00, 0x2F, 0xBF, 0x40, 0x00, 0x7D, 0x0B, 0xC0, 0x00, 0xF0, 0x01,
    0xF0, 0x00, 0x40, 0x00, 0x10, 0x00, 0x00, 0x00, 0x00, 0x00, 0x01, 0x54, 0x00, 0x00, 0x7F, 0xFF,
    0x80, 0x02, 0xFF, 0xBF, 0xF0, 0x0B, 0xF4, 0x07, 0xF8, 0x0F, 0xD0, 0x02, 0xFC, 0x2F, 0xC0, 0x00,
    0xFE, 0x3F, 0x80, 0x00, 0xFF, 0x3F, 0x80, 0x00, 0xFF, 0x7F, 0x40, 0x00, 0xFF, 0x7F, 0x40, 0x00,
    0xFF, 0x7F, 0x40, 0x00, 0xFF, 0x7F, 0x40, 0x00, 0xFF, 0x7F, 0x80, 0x00, 0xFE, 0x3F, 0xC0, 0x01,
    0xFC, 0x2F, 0xC0, 0x03, 0xFC, 0x0F, 0xF0, 0x0B, 0xF0, 0x07, 0xFE, 0xBF, 0xD0, 0x00, 0xFF, 0xFE,
    0x00, 0x00, 0x05, 0x50, 0x00, 0x00, 0x2E, 0x40, 0x00, 0x00, 0xFF, 0xF8, 0x74, 0x01, 0xFF, 0xFF,
    0xF0, 0x02, 0x81, 0xFF, 0xC0, 0x00, 0x00, 0x16, 0x00, 0x00, 0x00, 0x00, 0x00, 0x00, 0x00, 0x00,
    0x00, 0x00, 0x01, 0x54, 0x00, 0x00, 0x7F, 0xFF, 0x80, 0x02, 0xFF, 0xBF, 0xF0, 0x0B, 0xF4, 0x07,
    0xF8, 0x0F, 0xD0, 0x02, 0xFC, 0x2F, 0xC0, 0x00, 0xFE, 0x3F, 0x80, 0x00, 0xFF, 0x3F, 0x80, 0x00,
    0xFF, 0x7F, 0x40, 0x00, 0xFF, 0x7F, 0x40, 0x00, 0xFF, 0x7F, 0x40, 0x00, 0xFF, 0x7F, 0x40, 0x00,
    0xFF, 0x7F, 0x80, 0x00, 0xFE, 0x3F, 0xC0, 0x01, 0xFC, 0x2F, 0xC0, 0x03, 0xFC, 0x0F, 0xF0, 0x0B,
    0xF0, 0x07, 0xFE, 0xBF, 0xD0, 0x00, 0xFF, 0xFE, 0x00, 0x00, 0x05, 0x50, 0x00, 0x00, 0x00, 0x00,
    0x00, 0x00, 0xFC, 0x03, 0xE0, 0x02, 0xFE, 0x0F, 0xF4, 0x03, 0xFE, 0x0F, 0xF4, 0x02, 0xFC, 0x0B,
    0xF0, 0x00, 0x50, 0x01, 0x40, 0x00, 0x00, 0x00, 0x00, 0x00, 0x00, 0x00, 0x00, 0x00, 0x01, 0x54,
    0x00, 0x00, 0x7F, 0xFF, 0x80, 0x02, 0xFF, 0xBF, 0xF0, 0x0B, 0xF4, 0x07, 0xF8, 0x0F, 0xD0, 0x02,
    0xFC, 0x2F, 0xC0, 0x00, 0xFE, 0x3F, 0x80, 0x00, 0xFF, 0x3F, 0x80, 0x00, 0xFF, 0x7F, 0x40, 0x00,
    0xFF, 0x7F, 0x40, 0x00, 0xFF, 0x7F, 0x40, 0x00, 0xFF, 0x7F, 0x40, 0x00, 0xFF, 0x7F, 0x80, 0x00,
    0xFE, 0x3F, 0xC0, 0x01, 0xFC, 0x2F, 0xC0, 0x03, 0xFC, 0x0F, 0xF0, 0x0B, 0xF0, 0x07, 0xFE, 0xBF,
    0xD0, 0x00, 0xFF, 0xFE, 0x00, 0x00, 0x05, 0x50, 0x00, 0x00, 0x02, 0x90, 0x00, 0x00, 0x0F, 0xF0,
    0x00, 0x00, 0x1F, 0xF4, 0x00, 0x00, 0x0F, 0xF0, 0x00, 0x00, 0x02, 0x80, 0x00, 0x00, 0x00, 0x00,
    0x00, 0x2A, 0xAA, 0xAA, 0xA8, 0x7F, 0xFF, 0xFF, 0xFC, 0x7F, 0xFF, 0xFF, 0xFC, 0x00, 0x00, 0x00,
    0x00, 0x00, 0x00, 0x00, 0x00, 0x00, 0x0B, 0xC0, 0x00, 0x00, 0x2F, 0xE0, 0x00, 0x00, 0x3F, 0xF0,
    0x00, 0x00, 0x1F, 0xD0, 0x00, 0x00, 0x01, 0x00, 0x00, 0x00, 0x00, 0x55, 0x01, 0x50, 0x00, 0x7F,
    0xFF, 0x9F, 0x40, 0x0B, 0xFE, 0xFF, 0xF8, 0x00, 0xBF, 0x40, 0x7F, 0xC0, 0x03, 0xF4, 0x00, 0xFF,
    0x00, 0x2F, 0xC0, 0x0B, 0xFE, 0x00, 0xFE, 0x00, 0xBF, 0xFC, 0x03, 0xF8, 0x07, 0xDF, 0xF0, 0x1F,
    0xD0, 0x3E, 0x3F, 0xC0, 0x7F, 0x43, 0xF0, 0xFF, 0x01, 0xFD, 0x3F, 0x03, 0xFC, 0x07, 0xF6, 0xF0,
    0x0F, 0xF0, 0x1F, 0xFF, 0x40, 0x3F, 0x80, 0x3F, 0xF8, 0x01, 0xFC, 0x00, 0xBF, 0x80, 0x0F, 0xF0,
    0x00, 0xFF, 0x00, 0xBF, 0x00, 0x0B, 0xFF, 0xAF, 0xF4, 0x00, 0xBD, 0xFF, 0xFE, 0x00, 0x01, 0x50,
    0x15, 0x40, 0x00, 0x00, 0x00, 0x07, 0x40, 0x00, 0x00, 0x00, 0x0F, 0xD0, 0x00, 0x00, 0x00, 0x0F,
    0xF0, 0x00, 0x00, 0x00, 0x03, 0xFC, 0x00, 0x00, 0x00, 0x00, 0xBE, 0x00, 0x00, 0x00, 0x00, 0x1F,
    0x40, 0x00, 0x00, 0x00, 0x02, 0x00, 0x00, 0x00, 0x00, 0x00, 0x00, 0x00, 0x01, 0x50, 0x00, 0x00,
    0x00, 0x1F, 0xFC, 0x00, 0x1F, 0xC0, 0x7F, 0xFD, 0x00, 0x2F, 0xC0, 0x11, 0xFD, 0x00, 0x3F, 0xC0,
    0x01, 0xFC, 0x00, 0x7F, 0xC0, 0x01, 0xFC, 0x00, 0xBF, 0xC0, 0x01, 0xFC, 0x00, 0xFF, 0xC0, 0x02,
    0xFC, 0x01, 0xEF, 0xC0, 0x02, 0xFC, 0x03, 0xCF, 0xC0, 0x02, 0xFC, 0x03, 0xCF, 0xC0, 0x03, 0xF8,
    0x07, 0x8F, 0xC0, 0x03, 0xF8, 0x0F, 0x5F, 0xC0, 0x03, 0xF4, 0x0F, 0x1F, 0xC0, 0x03, 0xF4, 0x1E,
    0x1F, 0x80, 0x03, 0xF4, 0x3D, 0x2F, 0x80, 0x03, 0xFD, 0xBC, 0x2F, 0xC0, 0x02, 0xFF, 0xF4, 0x2F,
    0xFE, 0x00, 0xFF, 0xD0, 0x0F, 0xFE, 0x00, 0x15, 0x00, 0x01, 0x50, 0x00, 0x00, 0x00, 0x00, 0x00,
    0x00, 0x00, 0x02, 0xD0, 0x00, 0x00, 0x00, 0x0B, 0xF0, 0x00, 0x00, 0x00, 0x1F, 0xE0, 0x00, 0x00,
    0x00, 0x3F, 0x40, 0x00, 0x00, 0x00, 0xFC, 0x00, 0x00, 0x00, 0x02, 0xE0, 0x00, 0x00, 0x00, 0x00,
    0x40, 0x00, 0x00, 0x00, 0x00, 0x00, 0x00, 0x00, 0x01, 0x50, 0x00, 0x00, 0x00, 0x1F, 0xFC, 0x00,
    0x1F, 0xC0, 0x7F, 0xFD, 0x00, 0x2F, 0xC0, 0x11, 0xFD, 0x00, 0x3F, 0xC0, 0x01, 0xFC, 0x00, 0x7F,
    0xC0, 0x01, 0xFC, 0x00, 0xBF, 0xC0, 0x01, 0xFC, 0x00, 0xFF, 0xC0, 0x02, 0xFC, 0x01, 0xEF, 0xC0,
    0x02, 0xFC, 0x03, 0xCF, 0xC0, 0x02, 0xFC, 0x03, 0xCF, 0xC0, 0x03, 0xF8, 0x07, 0x8F, 0xC0, 0x03,
    0xF8, 0x0F, 0x5F, 0xC0, 0x03, 0xF4, 0x0F, 0x1F, 0xC0, 0x03, 0xF4, 0x1E, 0x1F, 0x80, 0x03, 0xF4,
    0x3D, 0x2F, 0x80, 0x03, 0xFD, 0xBC, 0x2F, 0xC0, 0x02, 0xFF, 0xF4, 0x2F, 0xFE, 0x00, 0xFF, 0xD0,
    0x0F, 0xFE, 0x00, 0x15, 0x00, 0x01, 0x50, 0x00, 0x00, 0x00, 0x00, 0x00, 0x00, 0x00, 0x7D, 0x00,
    0x00, 0x00, 0x00, 0xFF, 0x00, 0x00, 0x00, 0x03, 0xFF, 0xC0, 0x00, 0x00, 0x0B, 0xEB, 0xE0, 0x00,
    0x00, 0x1F, 0x42, 0xF4, 0x00, 0x00, 0x3C, 0x00, 0x7C, 0x00, 0x00, 0x10, 0x00, 0x04, 0x00, 0x00,
    0x00, 0x00, 0x00, 0x00, 0x01, 0x50, 0x00, 0x00, 0x00, 0x1F, 0xFC, 0x00, 0x1F, 0xC0, 0x7F, 0xFD,
    0x00, 0x2F, 0xC0, 0x11, 0xFD, 0x00, 0x3F, 0xC0, 0x01, 0xFC, 0x00, 0x7F, 0xC0, 0x01, 0xFC, 0x00,
    0xBF, 0xC0, 0x01, 0xFC, 0x00, 0xFF, 0xC0, 0x02, 0xFC, 0x01, 0xEF, 0xC0, 0x02, 0xFC, 0x03, 0xCF,
    0xC0, 0x02, 0xFC, 0x03, 0xCF, 0xC0, 0x03, 0xF8, 0x07, 0x8F, 0xC0, 0x03, 0xF8, 0x0F, 0x5F, 0xC0,
    0x03, 0xF4, 0x0F, 0x1F, 0xC0, 0x03, 0xF4, 0x1E, 0x1F, 0x80, 0x03, 0xF4, 0x3D, 0x2F, 0x80, 0x03,
    0xFD, 0xBC, 0x2F, 0xC0, 0x02, 0xFF, 0xF4, 0x2F, 0xFE, 0x00, 0xFF, 0xD0, 0x0F, 0xFE, 0x00, 0x15,
    0x00, 0x01, 0x50, 0x00, 0x00, 0x00, 0x00, 0x00, 0x00, 0x3F, 0x00, 0xFC, 0x00, 0x00, 0xBF, 0x83,
    0xFE, 0x00, 0x00, 0xBF, 0x83, 0xFE, 0x00, 0x00, 0x7F, 0x42, 0xFC, 0x00, 0x00, 0x14, 0x00, 0x50,
    0x00, 0x00, 0x00, 0x00, 0x00, 0x00, 0x00, 0x00, 0x00, 0x00, 0x00, 0x01, 0x50, 0x00, 0x00, 0x00,
    0x1F, 0xFC, 0x00, 0x1F, 0xC0, 0x7F, 0xFD, 0x00, 0x2F, 0xC0, 0x11, 0xFD, 0x00, 0x3F, 0xC0, 0x01,
    0xFC, 0x00, 0x7F, 0xC0, 0x01, 0xFC, 0x00, 0xBF, 0xC0, 0x01, 0xFC, 0x00, 0xFF, 0xC0, 0x02, 0xFC,
    0x01, 0xEF, 0xC0, 0x02, 0xFC, 0x03, 0xCF, 0xC0, 0x02, 0xFC, 0x03, 0xCF, 0xC0, 0x03, 0xF8, 0x07,
    0x8F, 0xC0, 0x03, 0xF8, 0x0F, 0x5F, 0xC0, 0x03, 0xF4, 0x0F, 0x1F, 0xC0, 0x03, 0xF4, 0x1E, 0x1F,
    0x80, 0x03, 0xF4, 0x3D, 0x2F, 0x80, 0x03, 0xFD, 0xBC, 0x2F, 0xC0, 0x02, 0xFF, 0xF4, 0x2F, 0xFE,
    0x00, 0xFF, 0xD0, 0x0F, 0xFE, 0x00, 0x15, 0x00, 0x01, 0x50, 0x00, 0x00, 0x00, 0x00, 0x00, 0x00,
    0x00, 0xF0, 0x00, 0x00, 0x00, 0xFD, 0x00, 0x00, 0x00, 0xBF, 0x40, 0x00, 0x00, 0x7F, 0x00, 0x00,
    0x00, 0x3E, 0x00, 0x00, 0x00, 0x3D, 0x00, 0x00, 0x00, 0x04, 0x00, 0x00, 0x00, 0x00, 0x00, 0x00,
    0x00, 0x50, 0x00, 0x05, 0x07, 0xFF, 0x40, 0x0B, 0xF6, 0xFF, 0xF0, 0x03, 0xFF, 0x02, 0xFC, 0x00,
    0xFF, 0xC0, 0xBF, 0x00, 0x07, 0xF0, 0x2F, 0xC0, 0x00, 0xF8, 0x0B, 0xF0, 0x00, 0x3C, 0x02, 0xFC,
    0x00, 0x2F, 0x00, 0xBF, 0x00, 0x0F, 0x40, 0x1F, 0xC0, 0x07, 0xC0, 0x07, 0xF0, 0x03, 0xE0, 0x00,
    0xFD, 0x01, 0xF0, 0x00, 0x3F, 0x80, 0xB8, 0x00, 0x0F, 0xF0, 0x3C, 0x00, 0x01, 0xFC, 0x2F, 0x00,
    0x00, 0x3F, 0xDF, 0x40, 0x00, 0x07, 0xFF, 0xC0, 0x00, 0x00, 0x7F, 0xD0, 0x00, 0x00, 0x01, 0xF0,
    0x00, 0x00, 0x00, 0xB8, 0x00, 0x00, 0x00, 0x3C, 0x00, 0x01, 0xE0, 0x2E, 0x00, 0x00, 0xFD, 0x1F,
    0x00, 0x00, 0x3F, 0xFF, 0x40, 0x00, 0x0B, 0xFF, 0x80, 0x00, 0x00, 0x69, 0x00, 0x00, 0x00, 0x2A,
    0xA4, 0x00, 0x00, 0x01, 0xFF, 0xF0, 0x00, 0x00, 0x01, 0xBF, 0xC0, 0x00, 0x00, 0x00, 0xBF, 0x00,
    0x00, 0x00, 0x02, 0xFC, 0x00, 0x00, 0x00, 0x0B, 0xF0, 0x00, 0x00, 0x00, 0x2F, 0x80, 0x00, 0x00,
    0x00, 0xBE, 0x00, 0x00, 0x00, 0x02, 0xF8, 0x00, 0x50, 0x00, 0x0B, 0xE0, 0x3F, 0xFC, 0x00, 0x3F,
    0x83, 0xFF, 0xFC, 0x00, 0xFE, 0x2F, 0x0B, 0xF4, 0x03, 0xF4, 0xF0, 0x0F, 0xE0, 0x0F, 0xD7, 0x80,
    0x2F, 0xC0, 0x3F, 0x2C, 0x00, 0xBF, 0x00, 0xFC, 0xF0, 0x02, 0xFC, 0x03, 0xF7, 0x80, 0x0B, 0xF0,
    0x0F, 0xEC, 0x00, 0x2F, 0xC0, 0x3E, 0xF0, 0x00, 0xFF, 0x00, 0xFF, 0x80, 0x03, 0xF8, 0x03, 0xFD,
    0x00, 0x1F, 0xD0, 0x0F, 0xF0, 0x00, 0xBF, 0x00, 0x3F, 0xC0, 0x07, 0xF8, 0x00, 0xFE, 0x00, 0x7F,
    0xC0, 0x03, 0xFF, 0xEF, 0xFC, 0x00, 0x1F, 0xFF, 0xFF, 0x80, 0x00, 0x7F, 0x05, 0x50, 0x00, 0x01,
    0xFC, 0x00, 0x00, 0x00, 0x0B, 0xF0, 0x00, 0x00, 0x00, 0x2F, 0x80, 0x00, 0x00, 0x00, 0xBE, 0x00,
    0x00, 0x00, 0x02, 0xFE, 0x40, 0x00, 0x00, 0x0F, 0xFF, 0x80, 0x00, 0x00, 0x1A, 0xA9, 0x00, 0x00,
    0x00, 0x00, 0x00, 0x00, 0x00, 0x00, 0x1F, 0x80, 0x7E, 0x00, 0x0F, 0xF4, 0x3F, 0xC0, 0x03, 0xFD,
    0x1F, 0xF0, 0x00, 0xFF, 0x03, 0xFC, 0x00, 0x05, 0x00, 0x14, 0x00, 0x00, 0x00, 0x00, 0x00, 0x00,
    0x00, 0x00, 0x00, 0x01, 0x40, 0x00, 0x14, 0x1F, 0xFD, 0x00, 0x2F, 0xDB, 0xFF, 0xC0, 0x0F, 0xFC,
    0x0B, 0xF0, 0x03, 0xFF, 0x02, 0xFC, 0x00, 0x1F, 0xC0, 0xBF, 0x00, 0x03, 0xE0, 0x2F, 0xC0, 0x00,
    0xF0, 0x0B, 0xF0, 0x00, 0xBC, 0x02, 0xFC, 0x00, 0x3D, 0x00, 0x7F, 0x00, 0x1F, 0x00, 0x1F, 0xC0,
    0x0F, 0x80, 0x03, 0xF4, 0x07, 0xC0, 0x00, 0xFE, 0x02, 0xE0, 0x00, 0x3F, 0xC0, 0xF0, 0x00, 0x07,
    0xF0, 0xBC, 0x00, 0x00, 0xFF, 0x7D, 0x00, 0x00, 0x1F, 0xFF, 0x00, 0x00, 0x01, 0xFF, 0x40, 0x00,
    0x00, 0x07, 0xC0, 0x00, 0x00, 0x02, 0xE0, 0x00, 0x00, 0x00, 0xF0, 0x00, 0x07, 0x80, 0xB8, 0x00,
    0x03, 0xF4, 0x7C, 0x00, 0x00, 0xFF, 0xFD, 0x00, 0x00, 0x2F, 0xFE, 0x00, 0x00, 0x01, 0xA4, 0x00,
    0x00, 0x00, 0x00, 0x00, 0x55, 0x55, 0x50, 0x00, 0x00, 0x00, 0xFF, 0xFF, 0xF0, 0x00, 0x00, 0x00,
    0xFF, 0xFF, 0xE0, 0x00, 0x00, 0x00, 0x55, 0x55, 0x50, 0x00, 0x00, 0x00, 0x00, 0x00, 0x00, 0x00,
    0x00, 0x00, 0x00, 0x00, 0x00, 0x00, 0x00, 0x00, 0x00, 0x54, 0x00, 0x00, 0x00, 0x00, 0x0B, 0xFC,
    0x00, 0x00, 0x00, 0x00, 0x0F, 0xFD, 0x00, 0x00, 0x00, 0x00, 0x0F, 0xFE, 0x00, 0x00, 0x00, 0x00,
    0x2E, 0xFF, 0x00, 0x00, 0x00, 0x00, 0x3C, 0xBF, 0x00, 0x00, 0x00, 0x00, 0x7C, 0x7F, 0x40, 0x00,
    0x00, 0x00, 0xB4, 0x3F, 0x80, 0x00, 0x00, 0x00, 0xF0, 0x3F, 0xC0, 0x00, 0x00, 0x01, 0xF0, 0x2F,
    0xD0, 0x00, 0x00, 0x03, 0xD0, 0x1F, 0xE0, 0x00, 0x00, 0x03, 0xC0, 0x0F, 0xF0, 0x00, 0x00, 0x0B,
    0xC0, 0x0F, 0xF0, 0x00, 0x00, 0x0F, 0x40, 0x0B, 0xF4, 0x00, 0x00, 0x0F, 0xAA, 0xAF, 0xF8, 0x00,
    0x00, 0x2F, 0xFF, 0xFF, 0xFC, 0x00, 0x00, 0x3E, 0x55, 0x57, 0xFC, 0x00, 0x00, 0x7C, 0x00, 0x01,
    0xFE, 0x00, 0x00, 0xB8, 0x00, 0x00, 0xFF, 0x00, 0x00, 0xF4, 0x00, 0x00, 0xFF, 0x00, 0x01, 0xF0,
    0x00, 0x00, 0xBF, 0x40, 0x03, 0xE0, 0x00, 0x00, 0xBF, 0x80, 0x7F, 0xFF, 0x40, 0x0F, 0xFF, 0xFD,
    0xBF, 0xFF, 0x40, 0x0F, 0xFF, 0xFD, 0x00, 0xBF, 0xFF, 0xF0, 0x00, 0x02, 0xFF, 0xFF, 0xC0, 0x00,
    0x0B, 0xFF, 0xFF, 0x00, 0x00, 0x00, 0x00, 0x00, 0x00, 0x00, 0x00, 0x00, 0x00, 0x00, 0x00, 0x00,
    0x00, 0x00, 0x00, 0x00, 0x15, 0x00, 0x00, 0x00, 0x0F, 0xFF, 0xEF, 0xC0, 0x01, 0xFF, 0xEF, 0xFE,
    0x00, 0x0F, 0xE0, 0x03, 0xF8, 0x00, 0xFF, 0x00, 0x0F, 0xE0, 0x07, 0xF4, 0x00, 0x7F, 0x80, 0x2F,
    0xC0, 0x02, 0xFE, 0x00, 0xFE, 0x00, 0x0F, 0xF8, 0x07, 0xF4, 0x00, 0x3F, 0xE0, 0x1F, 0xD0, 0x01,
    0xEF, 0x40, 0x7F, 0x00, 0x0F, 0x7D, 0x01, 0xFC, 0x00, 0x3A, 0xF4, 0x07, 0xF0, 0x01, 0xDB, 0xD0,
    0x1F, 0xD0, 0x0F, 0x3F, 0x40, 0x3F, 0x80, 0x38, 0xFD, 0x00, 0xBF, 0x43, 0xD3, 0xF4, 0x40, 0xFF,
    0xFE, 0x0F, 0xFF, 0x41, 0xFF, 0xE0, 0x1F, 0xF8, 0x00, 0x54, 0x00, 0x05, 0x00, 0x00, 0x00, 0x00,
    0x00, 0x00, 0x00, 0x00, 0x01, 0xC0, 0x00, 0x74, 0x00, 0x00, 0x01, 0xE0, 0x00, 0xF0, 0x00, 0x00,
    0x00, 0xF9, 0x07, 0xF0, 0x00, 0x00, 0x00, 0xBF, 0xFF, 0xD0, 0x00, 0x00, 0x00, 0x3F, 0xFF, 0x40,
    0x00, 0x00, 0x00, 0x07, 0xF8, 0x00, 0x00, 0x00, 0x00, 0x00, 0x00, 0x00, 0x00, 0x00, 0x00, 0x00,
    0x54, 0x00, 0x00, 0x00, 0x00, 0x0B, 0xFC, 0x00, 0x00, 0x00, 0x00, 0x0F, 0xFD, 0x00, 0x00, 0x00,
    0x00, 0x0F, 0xFE, 0x00, 0x00, 0x00, 0x00, 0x2E, 0xFF, 0x00, 0x00, 0x00, 0x00, 0x3C, 0xBF, 0x00,
    0x00, 0x00, 0x00, 0x7C, 0x7F, 0x40, 0x00, 0x00, 0x00, 0xB4, 0x3F, 0x80, 0x00, 0x00, 0x00, 0xF0,
    0x3F, 0xC0, 0x00, 0x00, 0x01, 0xF0, 0x2F, 0xD0, 0x00, 0x00, 0x03, 0xD0, 0x1F, 0xE0, 0x00, 0x00,
    0x03, 0xC0, 0x0F, 0xF0, 0x00, 0x00, 0x0B, 0xC0, 0x0F, 0xF0, 0x00, 0x00, 0x0F, 0x40, 0x0B, 0xF4,
    0x00, 0x00, 0x0F, 0xAA, 0xAF, 0xF8, 0x00, 0x00, 0x2F, 0xFF, 0xFF, 0xFC, 0x00, 0x00, 0x3E, 0x55,
    0x57, 0xFC, 0x00, 0x00, 0x7C, 0x00, 0x01, 0xFE, 0x00, 0x00, 0xB8, 0x00, 0x00, 0xFF, 0x00, 0x00,
    0xF4, 0x00, 0x00, 0xFF, 0x00, 0x01, 0xF0, 0x00, 0x00, 0xBF, 0x40, 0x03, 0xE0, 0x00, 0x00, 0xBF,
    0x80, 0x7F, 0xFF, 0x40, 0x0F, 0xFF, 0xFD, 0xBF, 0xFF, 0x40, 0x0F, 0xFF, 0xFD, 0x00, 0x60, 0x00,
    0x24, 0x00, 0x02, 0xC0, 0x01, 0xD0, 0x00, 0x07, 0xC0, 0x0F, 0x00, 0x00, 0x0F, 0xEA, 0xF8, 0x00,
    0x00, 0x2F, 0xFF, 0xC0, 0x00, 0x00, 0x2F, 0xFC, 0x00, 0x00, 0x00, 0x05, 0x40, 0x00, 0x00, 0x00,
    0x00, 0x00, 0x00, 0x00, 0x01, 0x50, 0x00, 0x00, 0x00, 0xFF, 0xFE, 0xFC, 0x00, 0x1F, 0xFE, 0xFF,
    0xE0, 0x00, 0xFE, 0x00, 0x3F, 0x80, 0x0F, 0xF0, 0x00, 0xFE, 0x00, 0x7F, 0x40, 0x07, 0xF8, 0x02,
    0xFC, 0x00, 0x2F, 0xE0, 0x0F, 0xE0, 0x00, 0xFF, 0x80, 0x7F, 0x40, 0x03, 0xFE, 0x01, 0xFD, 0x00,
    0x1E, 0xF4, 0x07, 0xF0, 0x00, 0xF7, 0xD0, 0x1F, 0xC0, 0x03, 0xAF, 0x40, 0x7F, 0x00, 0x1D, 0xBD,
    0x01, 0xFD, 0x00, 0xF3, 0xF4, 0x03, 0xF8, 0x03, 0x8F, 0xD0, 0x0B, 0xF4, 0x3D, 0x3F, 0x44, 0x0F,
    0xFF, 0xE0, 0xFF, 0xF4, 0x1F, 0xFE, 0x01, 0xFF, 0x80, 0x05, 0x40, 0x00, 0x50, 0x00, 0x00, 0x00,
    0x00, 0x54, 0x00, 0x00, 0x00, 0x00, 0x0B, 0xFC, 0x00, 0x00, 0x00, 0x00, 0x0F, 0xFD, 0x00, 0x00,
    0x00, 0x00, 0x0F, 0xFE, 0x00, 0x00, 0x00, 0x00, 0x2E, 0xFF, 0x00, 0x00, 0x00, 0x00, 0x3C, 0xBF,
    0x00, 0x00, 0x00, 0x00, 0x7C, 0x7F, 0x40, 0x00, 0x00, 0x00, 0xB4, 0x3F, 0x80, 0x00, 0x00, 0x00,
    0xF0, 0x3F, 0xC0, 0x00, 0x00, 0x01, 0xF0, 0x2F, 0xD0, 0x00, 0x00, 0x03, 0xD0, 0x1F, 0xE0, 0x00,
    0x00, 0x03, 0xC0, 0x0F, 0xF0, 0x00, 0x00, 0x0B, 0xC0, 0x0F, 0xF0, 0x00, 0x00, 0x0F, 0x40, 0x0B,
    0xF4, 0x00, 0x00, 0x0F, 0xAA, 0xAF, 0xF8, 0x00, 0x00, 0x2F, 0xFF, 0xFF, 0xFC, 0x00, 0x00, 0x3E,
    0x55, 0x57, 0xFC, 0x00, 0x00, 0x7C, 0x00, 0x01, 0xFE, 0x00, 0x00, 0xB8, 0x00, 0x00, 0xFF, 0x00,
    0x00, 0xF4, 0x00, 0x00, 0xFF, 0x00, 0x01, 0xF0, 0x00, 0x00, 0xBF, 0x40, 0x03, 0xE0, 0x00, 0x00,
    0xBF, 0x80, 0x7F, 0xFF, 0x40, 0x0F, 0xFF, 0xFD, 0xBF, 0xFF, 0x40, 0x0F, 0xFF, 0xFD, 0x00, 0x00,
    0x00, 0x00, 0x2D, 0x00, 0x00, 0x00, 0x00, 0x00, 0xF8, 0x00, 0x00, 0x00, 0x00, 0x03, 0xF0, 0x00,
    0x00, 0x00, 0x00, 0x07, 0xD0, 0x00, 0x00, 0x00, 0x00, 0x0F, 0xD0, 0x40, 0x00, 0x00, 0x00, 0x0F,
    0xFB, 0xC0, 0x00, 0x00, 0x00, 0x0B, 0xFF, 0x00, 0x00, 0x00, 0x00, 0x01, 0xA4, 0x00, 0x00, 0x01,
    0x50, 0x00, 0x00, 0x00, 0xBF, 0xFE, 0xFC, 0x00, 0x1F, 0xFE, 0xFF, 0xE0, 0x00, 0xFE, 0x00, 0x3F,
    0x80, 0x0F, 0xF0, 0x00, 0xFE, 0x00, 0x7F, 0x40, 0x07, 0xF8, 0x02, 0xFC, 0x00, 0x2F, 0xE0, 0x0F,
    0xE0, 0x00, 0xFF, 0x80, 0x7F, 0x40, 0x03, 0xFE, 0x01, 0xFD, 0x00, 0x1E, 0xF4, 0x07, 0xF0, 0x00,
    0xF7, 0xD0, 0x1F, 0xC0, 0x03, 0xAF, 0x40, 0x7F, 0x00, 0x1D, 0xBD, 0x01, 0xFD, 0x00, 0xF3, 0xF4,
    0x03, 0xF8, 0x03, 0x8F, 0xD0, 0x0B, 0xF4, 0x3D, 0x3F, 0x44, 0x0F, 0xFF, 0xE0, 0xFF, 0xF4, 0x1F,
    0xFE, 0x01, 0xFF, 0x80, 0x05, 0x40, 0x01, 0xF8, 0x00, 0x00, 0x00, 0x0B, 0x80, 0x00, 0x00, 0x00,
    0xBC, 0x00, 0x00, 0x00, 0x07, 0xD0, 0x00, 0x00, 0x00, 0x3F, 0x05, 0x00, 0x00, 0x00, 0xFF, 0xBC,
    0x00, 0x00, 0x02, 0xFF, 0xC0, 0x00, 0x00, 0x01, 0xA4, 0x00, 0x00, 0x00, 0x00, 0x1E, 0x00, 0x00,
    0x00, 0x00, 0xBF, 0x00, 0x00, 0x00, 0x02, 0xFF, 0x00, 0x00, 0x00, 0x0B, 0xF8, 0x00, 0x00, 0x00,
    0x2F, 0x80, 0x00, 0x00, 0x00, 0x24, 0x00, 0x00, 0x00, 0x00, 0x00, 0x00, 0x00, 0x00, 0x00, 0x6F,
    0xE8, 0x00, 0x00, 0x0B, 0xFF, 0xFF, 0xC0, 0x00, 0x3F, 0xF9, 0x6F, 0xF0, 0x00, 0xFF, 0x40, 0x03,
    0xFC, 0x02, 0xFC, 0x00, 0x02, 0xFC, 0x07, 0xF4, 0x00, 0x03, 0xFD, 0x0F, 0xF0, 0x00, 0x03, 0xFC,
    0x0F, 0xE0, 0x00, 0x00, 0x50, 0x2F, 0xC0, 0x00, 0x00, 0x00, 0x3F, 0xC0, 0x00, 0x00, 0x00, 0x3F,
    0xC0, 0x00, 0x00, 0x00, 0x3F, 0xC0, 0x00, 0x00, 0x00, 0x3F, 0xC0, 0x00, 0x00, 0x00, 0x3F, 0xC0,
    0x00, 0x00, 0x00, 0x3F, 0xC0, 0x00, 0x00, 0x00, 0x3F, 0xC0, 0x00, 0x00, 0x00, 0x3F, 0xC0, 0x00,
    0x00, 0x00, 0x2F, 0xD0, 0x00, 0x00, 0x00, 0x0F, 0xF0, 0x00, 0x00, 0x20, 0x0F, 0xF8, 0x00, 0x00,
    0xBC, 0x03, 0xFD, 0x00, 0x03, 0xF4, 0x01, 0xFF, 0xD0, 0x6F, 0xD0, 0x00, 0x7F, 0xFF, 0xFF, 0x40,
    0x00, 0x0B, 0xFF, 0xF8, 0x00, 0x00, 0x00, 0x55, 0x40, 0x00, 0x00, 0x00, 0x00, 0x00, 0x00, 0x00,
    0x7C, 0x00, 0x00, 0x03, 0xF4, 0x00, 0x00, 0x3F, 0xC0, 0x00, 0x02, 0xFC, 0x00, 0x00, 0x1F, 0x80,
    0x00, 0x00, 0xF4, 0x00, 0x00, 0x01, 0x00, 0x00, 0x00, 0x00, 0x00, 0x00, 0x00, 0x05, 0x50, 0x00,
    0x02, 0xFF, 0xF4, 0x00, 0x7F, 0xEB, 0xF4, 0x07, 0xF4, 0x03, 0xF0, 0x3F, 0x80, 0x0F, 0xD2, 0xFC,
    0x00, 0xFF, 0x0F, 0xE0, 0x02, 0xF8, 0x3F, 0x40, 0x00, 0x01, 0xFD, 0x00, 0x00, 0x07, 0xF4, 0x00,
    0x00, 0x1F, 0xC0, 0x00, 0x00, 0x7F, 0x40, 0x00, 0x01, 0xFD, 0x00, 0x00, 0x03, 0xFC, 0x00, 0x00,
    0x0B, 0xF4, 0x00, 0x78, 0x0F, 0xF4, 0x0B, 0xD0, 0x1F, 0xFF, 0xFD, 0x00, 0x1F, 0xFF, 0x80, 0x00,
    0x01, 0x50, 0x00, 0x00, 0x00, 0x00, 0x00, 0x00, 0x00, 0x00, 0x0B, 0xD0, 0x00, 0x00, 0x00, 0x2F,
    0xF0, 0x00, 0x00, 0x00, 0x7F, 0xFC, 0x00, 0x00, 0x01, 0xFD, 0xBF, 0x00, 0x00, 0x07, 0xE0, 0x1F,
    0x80, 0x00, 0x06, 0x00, 0x02, 0xC0, 0x00, 0x00, 0x00, 0x00, 0x00, 0x00, 0x00, 0x6F, 0xE8, 0x00,
    0x00, 0x0B, 0xFF, 0xFF, 0xC0, 0x00, 0x3F, 0xF9, 0x6F, 0xF0, 0x00, 0xFF, 0x40, 0x03, 0xFC, 0x02,
    0xFC, 0x00, 0x02, 0xFC, 0x07, 0xF4, 0x00, 0x03, 0xFD, 0x0F, 0xF0, 0x00, 0x03, 0xFC, 0x0F, 0xE0,
    0x00, 0x00, 0x50, 0x2F, 0xC0, 0x00, 0x00, 0x00, 0x3F, 0xC0, 0x00, 0x00, 0x00, 0x3F, 0xC0, 0x00,
    0x00, 0x00, 0x3F, 0xC0, 0x00, 0x00, 0x00, 0x3F, 0xC0, 0x00, 0x00, 0x00, 0x3F, 0xC0, 0x00, 0x00,
    0x00, 0x3F, 0xC0, 0x00, 0x00, 0x00, 0x3F, 0xC0, 0x00, 0x00, 0x00, 0x3F, 0xC0, 0x00, 0x00, 0x00,
    0x2F, 0xD0, 0x00, 0x00, 0x00, 0x0F, 0xF0, 0x00, 0x00, 0x20, 0x0F, 0xF8, 0x00, 0x00, 0xBC, 0x03,
    0xFD, 0x00, 0x03, 0xF4, 0x01, 0xFF, 0xD0, 0x6F, 0xD0, 0x00, 0x7F, 0xFF, 0xFF, 0x40, 0x00, 0x0B,
    0xFF, 0xF8, 0x00, 0x00, 0x00, 0x55, 0x40, 0x00, 0x00, 0x00, 0x00, 0x00, 0x00, 0x0B, 0xC0, 0x00,
    0x00, 0xBF, 0x80, 0x00, 0x07, 0xFF, 0x40, 0x00, 0x3F, 0x7F, 0x00, 0x03, 0xE0, 0x3F, 0x00, 0x2E,
    0x00, 0x2D, 0x00, 0x10, 0x00, 0x10, 0x00, 0x00, 0x00, 0x00, 0x00, 0x05, 0x50, 0x00, 0x02, 0xFF,
    0xF4, 0x00, 0x7F, 0xEB, 0xF4, 0x07, 0xF4, 0x03, 0xF0, 0x3F, 0x80, 0x0F, 0xD2, 0xFC, 0x00, 0xFF,
    0x0F, 0xE0, 0x02, 0xF8, 0x3F, 0x40, 0x00, 0x01, 0xFD, 0x00, 0x00, 0x07, 0xF4, 0x00, 0x00, 0x1F,
    0xC0, 0x00, 0x00, 0x7F, 0x40, 0x00, 0x01, 0xFD, 0x00, 0x00, 0x03, 0xFC, 0x00, 0x00, 0x0B, 0xF4,
    0x00, 0x78, 0x0F, 0xF4, 0x0B, 0xD0, 0x1F, 0xFF, 0xFD, 0x00, 0x1F, 0xFF, 0x80, 0x00, 0x01, 0x50,
    0x00, 0x00, 0x00, 0x02, 0x40, 0x00, 0x00, 0x00, 0x1F, 0xE0, 0x00, 0x00, 0x00, 0x2F, 0xF0, 0x00,
    0x00, 0x00, 0x2F, 0xF0, 0x00, 0x00, 0x00, 0x0F, 0xD0, 0x00, 0x00, 0x00, 0x00, 0x00, 0x00, 0x00,
    0x00, 0x00, 0x00, 0x00, 0x00, 0x00, 0x6F, 0xE8, 0x00, 0x00, 0x0B, 0xFF, 0xFF, 0xC0, 0x00, 0x3F,
    0xF9, 0x6F, 0xF0, 0x00, 0xFF, 0x40, 0x03, 0xFC, 0x02, 0xFC, 0x00, 0x02, 0xFC, 0x07, 0xF4, 0x00,
    0x03, 0xFD, 0x0F, 0xF0, 0x00, 0x03, 0xFC, 0x0F, 0xE0, 0x00, 0x00, 0x50, 0x2F, 0xC0, 0x00, 0x00,
    0x00, 0x3F, 0xC0, 0x00, 0x00, 0x00, 0x3F, 0xC0, 0x00, 0x00, 0x00, 0x3F, 0xC0, 0x00, 0x00, 0x00,
    0x3F, 0xC0, 0x00, 0x00, 0x00, 0x3F, 0xC0, 0x00, 0x00, 0x00, 0x3F, 0xC0, 0x00, 0x00, 0x00, 0x3F,
    0xC0, 0x00, 0x00, 0x00, 0x3F, 0xC0, 0x00, 0x00, 0x00, 0x2F, 0xD0, 0x00, 0x00, 0x00, 0x0F, 0xF0,
    0x00, 0x00, 0x20, 0x0F, 0xF8, 0x00, 0x00, 0xBC, 0x03, 0xFD, 0x00, 0x03, 0xF4, 0x01, 0xFF, 0xD0,
    0x6F, 0xD0, 0x00, 0x7F, 0xFF, 0xFF, 0x40, 0x00, 0x0B, 0xFF, 0xF8, 0x00, 0x00, 0x00, 0x55, 0x40,
    0x00, 0x00, 0x00, 0x40, 0x00, 0x00, 0x1F, 0xD0, 0x00, 0x00, 0xFF, 0x80, 0x00, 0x03, 0xFE, 0x00,
    0x00, 0x0B, 0xF4, 0x00, 0x00, 0x05, 0x00, 0x00, 0x00, 0x00, 0x00, 0x00, 0x00, 0x00, 0x00, 0x00,
    0x01, 0x54, 0x00, 0x00, 0xBF, 0xFD, 0x00, 0x1F, 0xFA, 0xFD, 0x01, 0xFD, 0x00, 0xFC, 0x0F, 0xE0,
    0x03, 0xF4, 0xBF, 0x00, 0x3F, 0xC3, 0xF8, 0x00, 0xBE, 0x0F, 0xD0, 0x00, 0x00, 0x7F, 0x40, 0x00,
    0x01, 0xFD, 0x00, 0x00, 0x07, 0xF0, 0x00, 0x00, 0x1F, 0xD0, 0x00, 0x00, 0x7F, 0x40, 0x00, 0x00,
    0xFF, 0x00, 0x00, 0x02, 0xFD, 0x00, 0x1E, 0x03, 0xFD, 0x02, 0xF4, 0x07, 0xFF, 0xFF, 0x40, 0x07,
    0xFF, 0xE0, 0x00, 0x00, 0x54, 0x00, 0x00, 0x00, 0x00, 0x00, 0x00, 0x00, 0x00, 0x0B, 0x80, 0x07,
    0xC0, 0x00, 0x03, 0xF4, 0x2F, 0x40, 0x00, 0x00, 0xFE, 0xFD, 0x00, 0x00, 0x00, 0x7F, 0xF4, 0x00,
    0x00, 0x00, 0x1F, 0xE0, 0x00, 0x00, 0x00, 0x0B, 0x80, 0x00, 0x00, 0x00, 0x00, 0x00, 0x00, 0x00,
    0x00, 0x6F, 0xE8, 0x00, 0x00, 0x0B, 0xFF, 0xFF, 0xC0, 0x00, 0x3F, 0xF9, 0x6F, 0xF0, 0x00, 0xFF,
    0x40, 0x03, 0xFC, 0x02, 0xFC, 0x00, 0x02, 0xFC, 0x07, 0xF4, 0x00, 0x03, 0xFD, 0x0F, 0xF0, 0x00,
    0x03, 0xFC, 0x0F, 0xE0, 0x00, 0x00, 0x50, 0x2F, 0xC0, 0x00, 0x00, 0x00, 0x3F, 0xC0, 0x00, 0x00,
    0x00, 0x3F, 0xC0, 0x00, 0x00, 0x00, 0x3F, 0xC0, 0x00, 0x00, 0x00, 0x3F, 0xC0, 0x00, 0x00, 0x00,
    0x3F, 0xC0, 0x00, 0x00, 0x00, 0x3F, 0xC0, 0x00, 0x00, 0x00, 0x3F, 0xC0, 0x00, 0x00, 0x00, 0x3F,
    0xC0, 0x00, 0x00, 0x00, 0x2F, 0xD0, 0x00, 0x00, 0x00, 0x0F, 0xF0, 0x00, 0x00, 0x20, 0x0F, 0xF8,
    0x00, 0x00, 0xBC, 0x03, 0xFD, 0x00, 0x03, 0xF4, 0x01, 0xFF, 0xD0, 0x6F, 0xD0, 0x00, 0x7F, 0xFF,
    0xFF, 0x40, 0x00, 0x0B, 0xFF, 0xF8, 0x00, 0x00, 0x00, 0x55, 0x40, 0x00, 0x00, 0x00, 0x00, 0x00,
    0x0B, 0x00, 0x03, 0x40, 0x1F, 0x00, 0x7C, 0x00, 0x2F, 0x4B, 0xD0, 0x00, 0x3F, 0xFE, 0x00, 0x00,
    0x3F, 0xF0, 0x00, 0x00, 0x7F, 0x00, 0x00, 0x00, 0xA0, 0x00, 0x00, 0x00, 0x00, 0x00, 0x00, 0x05,
    0x50, 0x00, 0x02, 0xFF, 0xF4, 0x00, 0x7F, 0xEB, 0xF4, 0x07, 0xF4, 0x03, 0xF0, 0x3F, 0x80, 0x0F,
    0xD2, 0xFC, 0x00, 0xFF, 0x0F, 0xE0, 0x02, 0xF8, 0x3F, 0x40, 0x00, 0x01, 0xFD, 0x00, 0x00, 0x07,
    0xF4, 0x00, 0x00, 0x1F, 0xC0, 0x00, 0x00, 0x7F, 0x40, 0x00, 0x01, 0xFD, 0x00, 0x00, 0x03, 0xFC,
    0x00, 0x00, 0x0B, 0xF4, 0x00, 0x78, 0x0F, 0xF4, 0x0B, 0xD0, 0x1F, 0xFF, 0xFD, 0x00, 0x1F, 0xFF,
    0x80, 0x00, 0x01, 0x50, 0x00, 0x00, 0x00, 0x00, 0x00, 0x00, 0x00, 0x00, 0x3D, 0x00, 0x1F, 0x00,
    0x00, 0x00, 0x3F, 0x02, 0xF0, 0x00, 0x00, 0x00, 0x7F, 0xBF, 0x40, 0x00, 0x00, 0x00, 0x7F, 0xF4,
    0x00, 0x00, 0x00, 0x00, 0xBF, 0x40, 0x00, 0x00, 0x00, 0x00, 0xB4, 0x00, 0x00, 0x00, 0x00, 0x00,
    0x00, 0x00, 0x00, 0x05, 0x55, 0x55, 0x40, 0x00, 0x00, 0x7F, 0xFF, 0xFF, 0xFE, 0x00, 0x00, 0xAF,
    0xFA, 0xAF, 0xFF, 0x80, 0x00, 0x2F, 0xC0, 0x01, 0xFF, 0xC0, 0x00, 0xBF, 0x00, 0x00, 0xBF, 0xC0,
    0x02, 0xFC, 0x00, 0x00, 0xFF, 0x40, 0x0B, 0xF0, 0x00, 0x01, 0xFF, 0x00, 0x2F, 0xC0, 0x00, 0x03,
    0xFD, 0x00, 0xFF, 0x00, 0x00, 0x0B, 0xF4, 0x03, 0xFC, 0x00, 0x00, 0x1F, 0xE0, 0x0F, 0xF0, 0x00,
    0x00, 0x7F, 0x80, 0x3F, 0x80, 0x00, 0x01, 0xFE, 0x00, 0xFE, 0x00, 0x00, 0x07, 0xF8, 0x03, 0xF8,
    0x00, 0x00, 0x1F, 0xE0, 0x0F, 0xE0, 0x00, 0x00, 0xBF, 0x40, 0x3F, 0x80, 0x00, 0x03, 0xFC, 0x00,
    0xFE, 0x00, 0x00, 0x1F, 0xE0, 0x03, 0xF8, 0x00, 0x00, 0xFF, 0x40, 0x0F, 0xD0, 0x00, 0x07, 0xF8,
    0x00, 0x7F, 0x40, 0x00, 0x7F, 0xC0, 0x01, 0xFD, 0x00, 0x0B, 0xFC, 0x00, 0x07, 0xF4, 0x06, 0xFF,
    0x80, 0x07, 0xFF, 0xFF, 0xFF, 0xE0, 0x00, 0x1F, 0xFF, 0xFF, 0xE4, 0x00, 0x00, 0x00, 0x00, 0x0A,
    0xA9, 0x07, 0xD0, 0x00, 0x00, 0x7F, 0xFC, 0x3F, 0xC0, 0x00, 0x00, 0x6F, 0xF0, 0xFF, 0x00, 0x00,
    0x00, 0x1F, 0xC0, 0xFC, 0x00, 0x00, 0x00, 0x7F, 0x02, 0xE0, 0x00, 0x00, 0x01, 0xFC, 0x0F, 0x00,
    0x00, 0x00, 0x07, 0xF0, 0xF4, 0x00, 0x00, 0x00, 0x2F, 0xC3, 0x40, 0x00, 0x01, 0x50, 0xBE, 0x00,
    0x00, 0x00, 0xFF, 0xFF, 0xF8, 0x00, 0x00, 0x1F, 0xFA, 0xFF, 0xE0, 0x00, 0x01, 0xFE, 0x00, 0x3F,
    0x80, 0x00, 0x0F, 0xF0, 0x00, 0xFE, 0x00, 0x00, 0x7F, 0x00, 0x07, 0xF8, 0x00, 0x03, 0xFC, 0x00,
    0x2F, 0xE0, 0x00, 0x0F, 0xE0, 0x00, 0xFF, 0x80, 0x00, 0x7F, 0x40, 0x03, 0xFD, 0x00, 0x01, 0xFC,
    0x00, 0x1E, 0xF4, 0x00, 0x0B, 0xF0, 0x00, 0xF7, 0xD0, 0x00, 0x2F, 0xC0, 0x03, 0xAF, 0x40, 0x00,
    0x7F, 0x00, 0x1D, 0xBD, 0x00, 0x01, 0xFD, 0x00, 0xF3, 0xF4, 0x00, 0x03, 0xF8, 0x07, 0x8F, 0xD0,
    0x00, 0x0B, 0xF4, 0x3D, 0x3F, 0x44, 0x00, 0x0F, 0xFF, 0xE0, 0xFF, 0xF8, 0x00, 0x1F, 0xFE, 0x01,
    0xFF, 0x80, 0x00, 0x05, 0x40, 0x01, 0x50, 0x00, 0x00, 0x05, 0x55, 0x55, 0x40, 0x00, 0x00, 0x7F,
    0xFF, 0xFF, 0xFE, 0x00, 0x00, 0xAF, 0xFA, 0xAF, 0xFF, 0x80, 0x00, 0x2F, 0xC0, 0x01, 0xFF, 0xC0,
    0x00, 0xBF, 0x00, 0x00, 0xBF, 0xC0, 0x02, 0xFC, 0x00, 0x00, 0xFF, 0x40, 0x0B, 0xF0, 0x00, 0x01,
    0xFF, 0x00, 0x3F, 0xC0, 0x00, 0x03, 0xFD, 0x00, 0xFF, 0x00, 0x00, 0x0B, 0xF4, 0x03, 0xFC, 0x00,
    0x00, 0x1F, 0xE0, 0x0F, 0xF0, 0x00, 0x00, 0x7F, 0xAF, 0xFF, 0xFF, 0xFC, 0x01, 0xFE, 0xBF, 0xFF,
    0xFF, 0xE0, 0x07, 0xF8, 0x03, 0xF8, 0x00, 0x00, 0x1F, 0xE0, 0x0F, 0xE0, 0x00, 0x00, 0xBF, 0x40,
    0x3F, 0x80, 0x00, 0x03, 0xFC, 0x00, 0xFE, 0x00, 0x00, 0x1F, 0xE0, 0x03, 0xF8, 0x00, 0x00, 0xFF,
    0x40, 0x0F, 0xD0, 0x00, 0x07, 0xF8, 0x00, 0x7F, 0x40, 0x00, 0x7F, 0xC0, 0x01, 0xFD, 0x00, 0x0B,
    0xFC, 0x00, 0x07, 0xF4, 0x06, 0xFF, 0x80, 0x07, 0xFF, 0xFF, 0xFF, 0xE0, 0x00, 0x1F, 0xFF, 0xFF,
    0xE4, 0x00, 0x00, 0x00, 0x00, 0x0A, 0xA9, 0x00, 0x00, 0x00, 0x7F, 0xFC, 0x00, 0x00, 0x00, 0x6F,
    0xF0, 0x00, 0x00, 0x00, 0x1F, 0xC0, 0x00, 0x00, 0x00, 0x7F, 0x00, 0x00, 0x0B, 0xFF, 0xFF, 0xF0,
    0x00, 0x2F, 0xFF, 0xFF, 0xC0, 0x00, 0x00, 0x2F, 0xC0, 0x00, 0x01, 0x50, 0xBF, 0x00, 0x00, 0xFF,
    0xFF, 0xF8, 0x00, 0x1F, 0xFA, 0xFF, 0xE0, 0x01, 0xFE, 0x00, 0x3F, 0x80, 0x0F, 0xF0, 0x00, 0xFE,
    0x00, 0x7F, 0x00, 0x07, 0xF8, 0x03, 0xFC, 0x00, 0x2F, 0xE0, 0x0F, 0xE0, 0x00, 0xFF, 0x80, 0x7F,
    0x40, 0x03, 0xFE, 0x01, 0xFC, 0x00, 0x1E, 0xF4, 0x0B, 0xF0, 0x00, 0xF7, 0xD0, 0x2F, 0xC0, 0x03,
    0xAF, 0x40, 0x7F, 0x00, 0x1D, 0xBD, 0x01, 0xFD, 0x00, 0xF3, 0xF4, 0x03, 0xF8, 0x07, 0x8F, 0xD0,
    0x0B, 0xF4, 0x3D, 0x3F, 0x44, 0x0F, 0xFF, 0xE0, 0xFF, 0xF8, 0x1F, 0xFE, 0x01, 0xFF, 0x80, 0x05,
    0x40, 0x01, 0x50, 0x00, 0x00, 0x05, 0x55, 0x54, 0x00, 0x01, 0xFF, 0xFF, 0xD0, 0x00, 0x1F, 0xFF,
    0xFD, 0x00, 0x00, 0x55, 0x55, 0x40, 0x00, 0x00, 0x00, 0x00, 0x00, 0x00, 0x00, 0x00, 0x00, 0x05,
    0x55, 0x55, 0x55, 0x42, 0xFF, 0xFF, 0xFF, 0xFD, 0x1B, 0xFF, 0xFF, 0xFF, 0xD0, 0x0F, 0xF0, 0x00,
    0xBE, 0x00, 0xFF, 0x00, 0x03, 0xE0, 0x0F, 0xF0, 0x00, 0x2E, 0x00, 0xFE, 0x00, 0x01, 0x90, 0x0F,
    0xE0, 0x00, 0x00, 0x00, 0xFE, 0x00, 0x00, 0x00, 0x0F, 0xE0, 0x00, 0x00, 0x00, 0xFE, 0x00, 0x00,
    0x00, 0x0F, 0xFF, 0xFF, 0xD0, 0x00, 0xFF, 0xFF, 0xFD, 0x00, 0x0F, 0xE0, 0x00, 0x00, 0x00, 0xFD,
    0x00, 0x00, 0x00, 0x1F, 0xD0, 0x00, 0x00, 0x01, 0xFD, 0x00, 0x00, 0x00, 0x1F, 0xD0, 0x00, 0x05,
    0x01, 0xFC, 0x00, 0x01, 0xF0, 0x1F, 0xC0, 0x00, 0x3E, 0x01, 0xFC, 0x00, 0x07, 0xE0, 0x2F, 0xC0,
    0x01, 0xFD, 0x3F, 0xFF, 0xFF, 0xFF, 0xD7, 0xFF, 0xFF, 0xFF, 0xFC, 0x01, 0xFF, 0xFF, 0xD0, 0x1F,
    0xFF, 0xFD, 0x01, 0xFF, 0xFF, 0xD0, 0x00, 0x00, 0x00, 0x00, 0x00, 0x00, 0x00, 0x00, 0x00, 0x00,
    0x00, 0x01, 0x54, 0x00, 0x03, 0xFF, 0xF4, 0x01, 0xFE, 0xBF, 0xD0, 0x7F, 0x40, 0xFF, 0x0F, 0xD0,
    0x0B, 0xF2, 0xFC, 0x00, 0xBF, 0x3F, 0x80, 0x0F, 0xE3, 0xF4, 0x02, 0xFC, 0x7F, 0x46, 0xFF, 0x47,
    0xFF, 0xFF, 0x80, 0x7F, 0xFE, 0x40, 0x07, 0xF4, 0x00, 0x00, 0x7F, 0x40, 0x00, 0x03, 0xFC, 0x00,
    0x00, 0x2F, 0xD0, 0x01, 0xC0, 0xFF, 0x80, 0xBE, 0x07, 0xFF, 0xFF, 0x80, 0x1F, 0xFF, 0xD0, 0x00,
    0x05, 0x40, 0x00, 0x00, 0x00, 0x00, 0x00, 0x00, 0x03, 0xC0, 0x00, 0xB0, 0x00, 0x2D, 0x00, 0x1E,
    0x00, 0x01, 0xF4, 0x07, 0xD0, 0x00, 0x0F, 0xFF, 0xFC, 0x00, 0x00, 0x7F, 0xFF, 0x00, 0x00, 0x00,
    0xBF, 0x80, 0x00, 0x00, 0x00, 0x00, 0x00, 0x05, 0x55, 0x55, 0x55, 0x42, 0xFF, 0xFF, 0xFF, 0xFD,
    0x1B, 0xFF, 0xFF, 0xFF, 0xD0, 0x0F, 0xF0, 0x00, 0xBE, 0x00, 0xFF, 0x00, 0x03, 0xE0, 0x0F, 0xF0,
    0x00, 0x2E, 0x00, 0xFE, 0x00, 0x01, 0x90, 0x0F, 0xE0, 0x00, 0x00, 0x00, 0xFE, 0x00, 0x00, 0x00,
    0x0F, 0xE0, 0x00, 0x00, 0x00, 0xFE, 0x00, 0x00, 0x00, 0x0F, 0xFF, 0xFF, 0xD0, 0x00, 0xFF, 0xFF,
    0xFD, 0x00, 0x0F, 0xE0, 0x00, 0x00, 0x00, 0xFD, 0x00, 0x00, 0x00, 0x1F, 0xD0, 0x00, 0x00, 0x01,
    0xFD, 0x00, 0x00, 0x00, 0x1F, 0xD0, 0x00, 0x05, 0x01, 0xFC, 0x00, 0x01, 0xF0, 0x1F, 0xC0, 0x00,
    0x3E, 0x01, 0xFC, 0x00, 0x07, 0xE0, 0x2F, 0xC0, 0x01, 0xFD, 0x3F, 0xFF, 0xFF, 0xFF, 0xD7, 0xFF,
    0xFF, 0xFF, 0xFC, 0x01, 0xC0, 0x00, 0xA0, 0x1D, 0x00, 0x0E, 0x00, 0xF0, 0x03, 0xD0, 0x0F, 0xEA,
    0xFC, 0x00, 0x7F, 0xFF, 0x40, 0x01, 0xFF, 0xD0, 0x00, 0x01, 0x50, 0x00, 0x00, 0x00, 0x00, 0x00,
    0x01, 0x54, 0x00, 0x03, 0xFF, 0xF4, 0x01, 0xFE, 0xBF, 0xD0, 0x7F, 0x40, 0xFF, 0x0F, 0xD0, 0x0B,
    0xF2, 0xFC, 0x00, 0xBF, 0x3F, 0x80, 0x0F, 0xE3, 0xF4, 0x02, 0xFC, 0x7F, 0x46, 0xFF, 0x47, 0xFF,
    0xFF, 0x80, 0x7F, 0xFE, 0x40, 0x07, 0xF4, 0x00, 0x00, 0x7F, 0x40, 0x00, 0x03, 0xFC, 0x00, 0x00,
    0x2F, 0xD0, 0x01, 0xC0, 0xFF, 0x80, 0xBE, 0x07, 0xFF, 0xFF, 0x80, 0x1F, 0xFF, 0xD0, 0x00, 0x05,
    0x40, 0x00, 0x00, 0x00, 0x19, 0x00, 0x00, 0x00, 0x0B, 0xF4, 0x00, 0x00, 0x00, 0xFF, 0xC0, 0x00,
    0x00, 0x0F, 0xF8, 0x00, 0x00, 0x00, 0x7F, 0x00, 0x00, 0x00, 0x00, 0x00, 0x00, 0x00, 0x00, 0x00,
    0x00, 0x00, 0x55, 0x55, 0x55, 0x54, 0x2F, 0xFF, 0xFF, 0xFF, 0xD1, 0xBF, 0xFF, 0xFF, 0xFD, 0x00,
    0xFF, 0x00, 0x0B, 0xE0, 0x0F, 0xF0, 0x00, 0x3E, 0x00, 0xFF, 0x00, 0x02, 0xE0, 0x0F, 0xE0, 0x00,
    0x19, 0x00, 0xFE, 0x00, 0x00, 0x00, 0x0F, 0xE0, 0x00, 0x00, 0x00, 0xFE, 0x00, 0x00, 0x00, 0x0F,
    0xE0, 0x00, 0x00, 0x00, 0xFF, 0xFF, 0xFD, 0x00, 0x0F, 0xFF, 0xFF, 0xD0, 0x00, 0xFE, 0x00, 0x00,
    0x00, 0x0F, 0xD0, 0x00, 0x00, 0x01, 0xFD, 0x00, 0x00, 0x00, 0x1F, 0xD0, 0x00, 0x00, 0x01, 0xFD,
    0x00, 0x00, 0x50, 0x1F, 0xC0, 0x00, 0x1F, 0x01, 0xFC, 0x00, 0x03, 0xE0, 0x1F, 0xC0, 0x00, 0x7E,
    0x02, 0xFC, 0x00, 0x1F, 0xD3, 0xFF, 0xFF, 0xFF, 0xFD, 0x7F, 0xFF, 0xFF, 0xFF, 0xC0, 0x00, 0x00,
    0x40, 0x00, 0x00, 0x7F, 0x40, 0x00, 0x0F, 0xFC, 0x00, 0x00, 0xFF, 0xC0, 0x00, 0x07, 0xF4, 0x00,
    0x00, 0x04, 0x00, 0x00, 0x00, 0x00, 0x00, 0x00, 0x00, 0x00, 0x00, 0x01, 0x54, 0x00, 0x03, 0xFF,
    0xF4, 0x01, 0xFE, 0xBF, 0xD0, 0x7F, 0x40, 0xFF, 0x0F, 0xD0, 0x0B, 0xF2, 0xFC, 0x00, 0xBF, 0x3F,
    0x80, 0x0F, 0xE3, 0xF4, 0x02, 0xFC, 0x7F, 0x46, 0xFF, 0x47, 0xFF, 0xFF, 0x80, 0x7F, 0xFE, 0x40,
    0x07, 0xF4, 0x00, 0x00, 0x7F, 0x40, 0x00, 0x03, 0xFC, 0x00, 0x00, 0x2F, 0xD0, 0x01, 0xC0, 0xFF,
    0x80, 0xBE, 0x07, 0xFF, 0xFF, 0x80, 0x1F, 0xFF, 0xD0, 0x00, 0x05, 0x40, 0x00, 0x05, 0x55, 0x55,
    0x55, 0x42, 0xFF, 0xFF, 0xFF, 0xFD, 0x1B, 0xFF, 0xFF, 0xFF, 0xD0, 0x0F, 0xF0, 0x00, 0xBE, 0x00,
    0xFF, 0x00, 0x03, 0xE0, 0x0F, 0xF0, 0x00, 0x2E, 0x00, 0xFE, 0x00, 0x01, 0x90, 0x0F, 0xE0, 0x00,
    0x00, 0x00, 0xFE, 0x00, 0x00, 0x00, 0x0F, 0xE0, 0x00, 0x00, 0x00, 0xFE, 0x00, 0x00, 0x00, 0x0F,
    0xFF, 0xFF, 0xD0, 0x00, 0xFF, 0xFF, 0xFD, 0x00, 0x0F, 0xE0, 0x00, 0x00, 0x00, 0xFD, 0x00, 0x00,
    0x00, 0x1F, 0xD0, 0x00, 0x00, 0x01, 0xFD, 0x00, 0x00, 0x00, 0x1F, 0xD0, 0x00, 0x05, 0x01, 0xFC,
    0x00, 0x01, 0xF0, 0x1F, 0xC0, 0x00, 0x3E, 0x01, 0xFC, 0x00, 0x07, 0xE0, 0x2F, 0xC0, 0x01, 0xFD,
    0x3F, 0xFF, 0xFF, 0xFF, 0xD7, 0xFF, 0xFF, 0xFF, 0xFC, 0x00, 0x00, 0x00, 0x1F, 0x40, 0x00, 0x00,
    0x0F, 0x80, 0x00, 0x00, 0x03, 0xE0, 0x00, 0x00, 0x00, 0xBC, 0x00, 0x00, 0x00, 0x0F, 0xC1, 0x00,
    0x00, 0x00, 0xFF, 0xF8, 0x00, 0x00, 0x0F, 0xFE, 0x00, 0x00, 0x00, 0x2E, 0x40, 0x00, 0x01, 0x54,
    0x00, 0x02, 0xFF, 0xF4, 0x01, 0xFE, 0xBF, 0xD0, 0x7F, 0x40, 0xFF, 0x0F, 0xD0, 0x0B, 0xF2, 0xFC,
    0x00, 0xBF, 0x3F, 0x80, 0x0F, 0xE3, 0xF4, 0x02, 0xFC, 0x7F, 0x46, 0xFF, 0x47, 0xFF, 0xFF, 0x80,
    0x7F, 0xFE, 0x40, 0x07, 0xF4, 0x00, 0x00, 0x7F, 0x40, 0x00, 0x03, 0xFC, 0x00, 0x00, 0x2F, 0xD0,
    0x01, 0xC0, 0xFF, 0x80, 0xBE, 0x07, 0xFF, 0xFF, 0x80, 0x1F, 0xFF, 0xE0, 0x00, 0x05, 0xBC, 0x00,
    0x00, 0x0F, 0x00, 0x00, 0x03, 0xE0, 0x00, 0x00, 0xBC, 0x00, 0x00, 0x0F, 0xC1, 0x40, 0x00, 0xFF,
    0xBC, 0x00, 0x0B, 0xFF, 0x00, 0x00, 0x2A, 0x40, 0x00, 0x00, 0x00, 0x00, 0x00, 0x03, 0xD0, 0x01,
    0xF0, 0x00, 0x0F, 0xC0, 0xFC, 0x00, 0x00, 0x7F, 0xBF, 0x00, 0x00, 0x01, 0xFF, 0xD0, 0x00, 0x00,
    0x0B, 0xF4, 0x00, 0x00, 0x00, 0x2D, 0x00, 0x00, 0x00, 0x00, 0x00, 0x00, 0x05, 0x55, 0x55, 0x55,
    0x42, 0xFF, 0xFF, 0xFF, 0xFD, 0x1B, 0xFF, 0xFF, 0xFF, 0xD0, 0x0F, 0xF0, 0x00, 0xBE, 0x00, 0xFF,
    0x00, 0x03, 0xE0, 0x0F, 0xF0, 0x00, 0x2E, 0x00, 0xFE, 0x00, 0x01, 0x90, 0x0F, 0xE0, 0x00, 0x00,
    0x00, 0xFE, 0x00, 0x00, 0x00, 0x0F, 0xE0, 0x00, 0x00, 0x00, 0xFE, 0x00, 0x00, 0x00, 0x0F, 0xFF,
    0xFF, 0xD0, 0x00, 0xFF, 0xFF, 0xFD, 0x00, 0x0F, 0xE0, 0x00, 0x00, 0x00, 0xFD, 0x00, 0x00, 0x00,
    0x1F, 0xD0, 0x00, 0x00, 0x01, 0xFD, 0x00, 0x00, 0x00, 0x1F, 0xD0, 0x00, 0x05, 0x01, 0xFC, 0x00,
    0x01, 0xF0, 0x1F, 0xC0, 0x00, 0x3E, 0x01, 0xFC, 0x00, 0x07, 0xE0, 0x2F, 0xC0, 0x01, 0xFD, 0x3F,
    0xFF, 0xFF, 0xFF, 0xD7, 0xFF, 0xFF, 0xFF, 0xFC, 0x00, 0x00, 0x00, 0x00, 0x2C, 0x00, 0x0D, 0x01,
    0xF4, 0x07, 0xC0, 0x0B, 0xD2, 0xF4, 0x00, 0x3F, 0xFE, 0x00, 0x00, 0xFF, 0xC0, 0x00, 0x07, 0xF0,
    0x00, 0x00, 0x18, 0x00, 0x00, 0x00, 0x00, 0x00, 0x00, 0x15, 0x40, 0x00, 0x3F, 0xFF, 0x40, 0x1F,
    0xEB, 0xFD, 0x07, 0xF4, 0x0F, 0xF0, 0xFD, 0x00, 0xBF, 0x2F, 0xC0, 0x0B, 0xF3, 0xF8, 0x00, 0xFE,
    0x3F, 0x40, 0x2F, 0xC7, 0xF4, 0x6F, 0xF4, 0x7F, 0xFF, 0xF8, 0x07, 0xFF, 0xE4, 0x00, 0x7F, 0x40,
    0x00, 0x07, 0xF4, 0x00, 0x00, 0x3F, 0xC0, 0x00, 0x02, 0xFD, 0x00, 0x1C, 0x0F, 0xF8, 0x0B, 0xE0,
    0x7F, 0xFF, 0xF8, 0x01, 0xFF, 0xFD, 0x00, 0x00, 0x54, 0x00, 0x00, 0x00, 0x00, 0x40, 0x00, 0x00,
    0x00, 0x01, 0xF8, 0x00, 0x00, 0x00, 0x01, 0xFF, 0x40, 0x00, 0x00, 0x00, 0xFF, 0xF4, 0x00, 0x00,
    0x00, 0xFD, 0x7F, 0x00, 0x00, 0x00, 0xF8, 0x02, 0xF0, 0x00, 0x00, 0x34, 0x00, 0x1D, 0x00, 0x00,
    0x00, 0x00, 0x00, 0x00, 0x00, 0x00, 0x6B, 0xF9, 0x00, 0x00, 0x01, 0xFF, 0xFF, 0xF8, 0x00, 0x02,
    0xFF, 0x95, 0xBF, 0xC0, 0x03, 0xFD, 0x00, 0x03, 0xF8, 0x02, 0xFD, 0x00, 0x00, 0xBF, 0x01, 0xFE,
    0x00, 0x00, 0x3F, 0xC0, 0xFF, 0x00, 0x00, 0x1F, 0xF0, 0x3F, 0x80, 0x00, 0x00, 0x50, 0x2F, 0xD0,
    0x00, 0x00, 0x00, 0x0B, 0xF0, 0x00, 0x00, 0x00, 0x03, 0xFC, 0x00, 0x00, 0x00, 0x00, 0xFF, 0x00,
    0x00, 0x00, 0x00, 0x3F, 0xC0, 0x00, 0x00, 0x00, 0x0F, 0xF0, 0x00, 0x0B, 0xFF, 0x83, 0xFC, 0x00,
    0x02, 0xFF, 0xE0, 0xFF, 0x00, 0x00, 0x03, 0xF8, 0x3F, 0xC0, 0x00, 0x00, 0xFD, 0x0B, 0xF4, 0x00,
    0x00, 0x3F, 0x40, 0xFF, 0x00, 0x00, 0x0F, 0xD0, 0x2F, 0xD0, 0x00, 0x03, 0xF4, 0x03, 0xFD, 0x00,
    0x00, 0xFD, 0x00, 0x7F, 0xE0, 0x01, 0xFF, 0x40, 0x07, 0xFF, 0xFF, 0xFF, 0x40, 0x00, 0x2F, 0xFF,
    0xF9, 0x00, 0x00, 0x00, 0x15, 0x40, 0x00, 0x00, 0x00, 0x00, 0x00, 0x00, 0x00, 0x00, 0xF8, 0x00,
    0x00, 0x03, 0xFD, 0x00, 0x00, 0x0B, 0xFF, 0x00, 0x00, 0x1F, 0xAF, 0x80, 0x00, 0x3D, 0x07, 0xD0,
    0x00, 0xF0, 0x00, 0xF0, 0x00, 0x40, 0x00, 0x10, 0x00, 0x00, 0x00, 0x00, 0x00, 0x01, 0x54, 0x04,
    0x00, 0x3F, 0xFF, 0xFE, 0x01, 0xFF, 0xEF, 0xFE, 0x03, 0xFC, 0x00, 0xFE, 0x0F, 0xF0, 0x00, 0xFE,
    0x1F, 0xD0, 0x01, 0xFE, 0x3F, 0xC0, 0x02, 0xFE, 0x3F, 0x80, 0x03, 0xFD, 0x7F, 0x40, 0x03, 0xFD,
    0x7F, 0x40, 0x07, 0xBD, 0x7F, 0x00, 0x0B, 0x7D, 0x7F, 0x00, 0x0E, 0xBD, 0x7F, 0x40, 0x1D, 0xBD,
    0x3F, 0x40, 0x3C, 0xBD, 0x3F, 0x80, 0x78, 0xFC, 0x2F, 0xD1, 0xF4, 0xFC, 0x0F, 0xFF, 0xE0, 0xFC,
    0x03, 0xFF, 0x80, 0xFC, 0x00, 0x10, 0x01, 0xF8, 0x00, 0x00, 0x02, 0xF4, 0x2F, 0x80, 0x03, 0xF0,
    0x3F, 0x80, 0x0B, 0xE0, 0x7F, 0x80, 0x1F, 0xC0, 0x3F, 0xD1, 0xBF, 0x00, 0x1F, 0xFF, 0xF8, 0x00,
    0x01, 0xAA, 0x40, 0x00, 0x00, 0x00, 0x00, 0x00, 0x00, 0x00, 0x01, 0xD0, 0x00, 0x34, 0x00, 0x00,
    0x3C, 0x00, 0x2D, 0x00, 0x00, 0x0F, 0xD0, 0x2F, 0x00, 0x00, 0x01, 0xFF, 0xFF, 0x40, 0x00, 0x00,
    0x2F, 0xFF, 0x80, 0x00, 0x00, 0x01, 0xFE, 0x40, 0x00, 0x00, 0x00, 0x00, 0x00, 0x00, 0x00, 0x00,
    0x6B, 0xF9, 0x00, 0x00, 0x01, 0xFF, 0xFF, 0xF8, 0x00, 0x02, 0xFF, 0x95, 0xBF, 0xC0, 0x03, 0xFD,
    0x00, 0x03, 0xF8, 0x02, 0xFD, 0x00, 0x00, 0xBF, 0x01, 0xFE, 0x00, 0x00, 0x3F, 0xC0, 0xFF, 0x00,
    0x00, 0x1F, 0xF0, 0x3F, 0x80, 0x00, 0x00, 0x50, 0x2F, 0xD0, 0x00, 0x00, 0x00, 0x0B, 0xF0, 0x00,
    0x00, 0x00, 0x03, 0xFC, 0x00, 0x00, 0x00, 0x00, 0xFF, 0x00, 0x00, 0x00, 0x00, 0x3F, 0xC0, 0x00,
    0x00, 0x00, 0x0F, 0xF0, 0x00, 0x0B, 0xFF, 0x83, 0xFC, 0x00, 0x02, 0xFF, 0xE0, 0xFF, 0x00, 0x00,
    0x03, 0xF8, 0x3F, 0xC0, 0x00, 0x00, 0xFD, 0x0B, 0xF4, 0x00, 0x00, 0x3F, 0x40, 0xFF, 0x00, 0x00,
    0x0F, 0xD0, 0x2F, 0xD0, 0x00, 0x03, 0xF4, 0x03, 0xFD, 0x00, 0x00, 0xFD, 0x00, 0x7F, 0xE0, 0x01,
    0xFF, 0x40, 0x07, 0xFF, 0xFF, 0xFF, 0x40, 0x00, 0x2F, 0xFF, 0xF9, 0x00, 0x00, 0x00, 0x15, 0x40,
    0x00, 0x00, 0x00, 0xA0, 0x00, 0x34, 0x00, 0xF0, 0x00, 0xB4, 0x00, 0xB8, 0x01, 0xF0, 0x00, 0x7F,
    0xAF, 0xE0, 0x00, 0x3F, 0xFF, 0xC0, 0x00, 0x0F, 0xFF, 0x00, 0x00, 0x01, 0x50, 0x00, 0x00, 0x00,
    0x00, 0x00, 0x00, 0x01, 0x54, 0x04, 0x00, 0x3F, 0xFF, 0xFE, 0x01, 0xFF, 0xEF, 0xFE, 0x03, 0xFC,
    0x00, 0xFE, 0x0F, 0xF0, 0x00, 0xFE, 0x1F, 0xD0, 0x01, 0xFE, 0x3F, 0xC0, 0x02, 0xFE, 0x3F, 0x80,
    0x03, 0xFD, 0x7F, 0x40, 0x03, 0xFD, 0x7F, 0x40, 0x07, 0xBD, 0x7F, 0x00, 0x0B, 0x7D, 0x7F, 0x00,
    0x0E, 0xBD, 0x7F, 0x40, 0x1D, 0xBD, 0x3F, 0x40, 0x3C, 0xBD, 0x3F, 0x80, 0x78, 0xFC, 0x2F, 0xD1,
    0xF4, 0xFC, 0x0F, 0xFF, 0xE0, 0xFC, 0x03, 0xFF, 0x80, 0xFC, 0x00, 0x10, 0x01, 0xF8, 0x00, 0x00,
    0x02, 0xF4, 0x2F, 0x80, 0x03, 0xF0, 0x3F, 0x80, 0x0B, 0xE0, 0x7F, 0x80, 0x1F, 0xC0, 0x3F, 0xD1,
    0xBF, 0x00, 0x1F, 0xFF, 0xF8, 0x00, 0x01, 0xAA, 0x40, 0x00, 0x00, 0x00, 0x01, 0x40, 0x00, 0x00,
    0x00, 0x03, 0xFC, 0x00, 0x00, 0x00, 0x01, 0xFF, 0x40, 0x00, 0x00, 0x00, 0x7F, 0xD0, 0x00, 0x00,
    0x00, 0x0B, 0xE0, 0x00, 0x00, 0x00, 0x00, 0x00, 0x00, 0x00, 0x00, 0x00, 0x00, 0x00, 0x00, 0x00,
    0x01, 0xAF, 0xE4, 0x00, 0x00, 0x07, 0xFF, 0xFF, 0xE0, 0x00, 0x0B, 0xFE, 0x56, 0xFF, 0x00, 0x0F,
    0xF4, 0x00, 0x0F, 0xE0, 0x0B, 0xF4, 0x00, 0x02, 0xFC, 0x07, 0xF8, 0x00, 0x00, 0xFF, 0x03, 0xFC,
    0x00, 0x00, 0x7F, 0xC0, 0xFE, 0x00, 0x00, 0x01, 0x40, 0xBF, 0x40, 0x00, 0x00, 0x00, 0x2F, 0xC0,
    0x00, 0x00, 0x00, 0x0F, 0xF0, 0x00, 0x00, 0x00, 0x03, 0xFC, 0x00, 0x00, 0x00, 0x00, 0xFF, 0x00,
    0x00, 0x00, 0x00, 0x3F, 0xC0, 0x00, 0x2F, 0xFE, 0x0F, 0xF0, 0x00, 0x0B, 0xFF, 0x83, 0xFC, 0x00,
    0x00, 0x0F, 0xE0, 0xFF, 0x00, 0x00, 0x03, 0xF4, 0x2F, 0xD0, 0x00, 0x00, 0xFD, 0x03, 0xFC, 0x00,
    0x00, 0x3F, 0x40, 0xBF, 0x40, 0x00, 0x0F, 0xD0, 0x0F, 0xF4, 0x00, 0x03, 0xF4, 0x01, 0xFF, 0x80,
    0x07, 0xFD, 0x00, 0x1F, 0xFF, 0xFF, 0xFD, 0x00, 0x00, 0xBF, 0xFF, 0xE4, 0x00, 0x00, 0x00, 0x55,
    0x00, 0x00, 0x00, 0x00, 0x50, 0x00, 0x00, 0x03, 0xFC, 0x00, 0x00, 0x07, 0xFD, 0x00, 0x00, 0x07,
    0xFD, 0x00, 0x00, 0x03, 0xFC, 0x00, 0x00, 0x00, 0x50, 0x00, 0x00, 0x00, 0x00, 0x00, 0x00, 0x00,
    0x00, 0x00, 0x00, 0x01, 0x54, 0x04, 0x00, 0x3F, 0xFF, 0xFE, 0x01, 0xFF, 0xEF, 0xFE, 0x03, 0xFC,
    0x00, 0xFE, 0x0F, 0xF0, 0x00, 0xFE, 0x1F, 0xD0, 0x01, 0xFE, 0x3F, 0xC0, 0x02, 0xFE, 0x3F, 0x80,
    0x03, 0xFD, 0x7F, 0x40, 0x03, 0xFD, 0x7F, 0x40, 0x07, 0xBD, 0x7F, 0x00, 0x0B, 0x7D, 0x7F, 0x00,
    0x0E, 0xBD, 0x7F, 0x40, 0x1D, 0xBD, 0x3F, 0x40, 0x3C, 0xBD, 0x3F, 0x80, 0x78, 0xFC, 0x2F, 0xD1,
    0xF4, 0xFC, 0x0F, 0xFF, 0xE0, 0xFC, 0x03, 0xFF, 0x80, 0xFC, 0x00, 0x10, 0x01, 0xF8, 0x00, 0x00,
    0x02, 0xF4, 0x2F, 0x80, 0x03, 0xF0, 0x3F, 0x80, 0x0B, 0xE0, 0x7F, 0x80, 0x1F, 0xC0, 0x3F, 0xD1,
    0xBF, 0x00, 0x1F, 0xFF, 0xF8, 0x00, 0x01, 0xAA, 0x40, 0x00, 0x00, 0x00, 0x6B, 0xF9, 0x00, 0x00,
    0x01, 0xFF, 0xFF, 0xF8, 0x00, 0x02, 0xFF, 0x95, 0xBF, 0xC0, 0x03, 0xFD, 0x00, 0x03, 0xF8, 0x02,
    0xFD, 0x00, 0x00, 0xBF, 0x01, 0xFE, 0x00, 0x00, 0x3F, 0xC0, 0xFF, 0x00, 0x00, 0x1F, 0xF0, 0x3F,
    0x80, 0x00, 0x00, 0x50, 0x2F, 0xD0, 0x00, 0x00, 0x00, 0x0B, 0xF0, 0x00, 0x00, 0x00, 0x03, 0xFC,
    0x00, 0x00, 0x00, 0x00, 0xFF, 0x00, 0x00, 0x00, 0x00, 0x3F, 0xC0, 0x00, 0x00, 0x00, 0x0F, 0xF0,
    0x00, 0x0B, 0xFF, 0x83, 0xFC, 0x00, 0x02, 0xFF, 0xE0, 0xFF, 0x00, 0x00, 0x03, 0xF8, 0x3F, 0xC0,
    0x00, 0x00, 0xFD, 0x0B, 0xF4, 0x00, 0x00, 0x3F, 0x40, 0xFF, 0x00, 0x00, 0x0F, 0xD0, 0x2F, 0xD0,
    0x00, 0x03, 0xF4, 0x03, 0xFD, 0x00, 0x00, 0xFD, 0x00, 0x7F, 0xE0, 0x01, 0xFF, 0x40, 0x07, 0xFF,
    0xFF, 0xFF, 0x40, 0x00, 0x2F, 0xFF, 0xF9, 0x00, 0x00, 0x00, 0x15, 0x40, 0x00, 0x00, 0x00, 0x00,
    0x00, 0x00, 0x00, 0x00, 0x00, 0x50, 0x00, 0x00, 0x00, 0x00, 0xFF, 0x00, 0x00, 0x00, 0x00, 0x7F,
    0xD0, 0x00, 0x00, 0x00, 0x1F, 0xF4, 0x00, 0x00, 0x00, 0x03, 0xFC, 0x00, 0x00, 0x00, 0x00, 0x14,
    0x00, 0x00, 0x00, 0x00, 0x00, 0x00, 0x00, 0x00, 0x7C, 0x00, 0x00, 0x00, 0xF0, 0x00, 0x00, 0x03,
    0xE0, 0x00, 0x00, 0x03, 0xF4, 0x00, 0x00, 0x07, 0xFC, 0x00, 0x00, 0x03, 0xFC, 0x00, 0x00, 0x01,
    0xA0, 0x00, 0x00, 0x00, 0x00, 0x00, 0x00, 0x01, 0x54, 0x04, 0x00, 0x3F, 0xFF, 0xFE, 0x01, 0xFF,
    0xEF, 0xFE, 0x03, 0xFC, 0x00, 0xFE, 0x0F, 0xF0, 0x00, 0xFE, 0x1F, 0xD0, 0x01, 0xFE, 0x3F, 0xC0,
    0x02, 0xFE, 0x3F, 0x80, 0x03, 0xFD, 0x7F, 0x40, 0x03, 0xFD, 0x7F, 0x40, 0x07, 0xBD, 0x7F, 0x00,
    0x0B, 0x7D, 0x7F, 0x00, 0x0E, 0xBD, 0x7F, 0x40, 0x1D, 0xBD, 0x3F, 0x40, 0x3C, 0xBD, 0x3F, 0x80,
    0x78, 0xFC, 0x2F, 0xD1, 0xF4, 0xFC, 0x0F, 0xFF, 0xE0, 0xFC, 0x03, 0xFF, 0x80, 0xFC, 0x00, 0x10,
    0x01, 0xF8, 0x00, 0x00, 0x02, 0xF4, 0x2F, 0x80, 0x03, 0xF0, 0x3F, 0x80, 0x0B, 0xE0, 0x7F, 0x80,
    0x1F, 0xC0, 0x3F, 0xD1, 0xBF, 0x00, 0x1F, 0xFF, 0xF8, 0x00, 0x01, 0xAA, 0x40, 0x00, 0x00, 0x00,
    0x00, 0x10, 0x00, 0x00, 0x00, 0x00, 0x00, 0x7E, 0x00, 0x00, 0x00, 0x00, 0x00, 0x7F, 0xD0, 0x00,
    0x00, 0x00, 0x00, 0x3F, 0xFD, 0x00, 0x00, 0x00, 0x00, 0x3F, 0x5F, 0xC0, 0x00, 0x00, 0x00, 0x3E,
    0x00, 0xBC, 0x00, 0x00, 0x00, 0x0D, 0x00, 0x07, 0x40, 0x00, 0x00, 0x00, 0x00, 0x00, 0x00, 0x00,
    0x05, 0x55, 0x54, 0x01, 0x55, 0x55, 0x0B, 0xFF, 0xFE, 0x00, 0xFF, 0xFF, 0xC1, 0xBF, 0xFE, 0x40,
    0x2B, 0xFF, 0x90, 0x03, 0xFC, 0x00, 0x00, 0x7F, 0x40, 0x00, 0xFF, 0x00, 0x00, 0x1F, 0xC0, 0x00,
    0x3F, 0xC0, 0x00, 0x07, 0xF0, 0x00, 0x0F, 0xE0, 0x00, 0x02, 0xFC, 0x00, 0x03, 0xF8, 0x00, 0x00,
    0xBF, 0x00, 0x00, 0xFE, 0x00, 0x00, 0x2F, 0xC0, 0x00, 0x3F, 0x80, 0x00, 0x0B, 0xF0, 0x00, 0x0F,
    0xE0, 0x00, 0x02, 0xFC, 0x00, 0x03, 0xFF, 0xFF, 0xFF, 0xFF, 0x00, 0x00, 0xFF, 0xFF, 0xFF, 0xFF,
    0xC0, 0x00, 0x3F, 0x80, 0x00, 0x0F, 0xF0, 0x00, 0x1F, 0xD0, 0x00, 0x03, 0xFC, 0x00, 0x07, 0xF4,
    0x00, 0x00, 0xFF, 0x00, 0x01, 0xFD, 0x00, 0x00, 0x3F, 0x80, 0x00, 0x7F, 0x40, 0x00, 0x0F, 0xE0,
    0x00, 0x1F, 0xD0, 0x00, 0x03, 0xF8, 0x00, 0x07, 0xF0, 0x00, 0x00, 0xFE, 0x00, 0x02, 0xFC, 0x00,
    0x00, 0x3F, 0x80, 0x00, 0xBF, 0x40, 0x00, 0x0F, 0xE0, 0x03, 0xFF, 0xFF, 0x00, 0xBF, 0xFF, 0xE1,
    0xFF, 0xFF, 0xC0, 0x3F, 0xFF, 0xF8, 0x00, 0x04, 0x00, 0x00, 0x00, 0x00, 0x07, 0xE0, 0x00, 0x00,
    0x00, 0x01, 0xFF, 0x40, 0x00, 0x00, 0x00, 0x3F, 0xFD, 0x00, 0x00, 0x00, 0x0F, 0xD7, 0xF0, 0x00,
    0x00, 0x03, 0xE0, 0x0B, 0xC0, 0x00, 0x00, 0x34, 0x00, 0x1D, 0x00, 0x00, 0x00, 0x00, 0x00, 0x00,
    0x00, 0x00, 0x02, 0xAA, 0x40, 0x00, 0x00, 0x00, 0x7F, 0xFC, 0x00, 0x00, 0x00, 0x01, 0xBF, 0xC0,
    0x00, 0x00, 0x00, 0x02, 0xFC, 0x00, 0x00, 0x00, 0x00, 0x2F, 0xC0, 0x00, 0x00, 0x00, 0x02, 0xFC,
    0x00, 0x00, 0x00, 0x00, 0x2F, 0x80, 0x00, 0x00, 0x00, 0x02, 0xF8, 0x00, 0x00, 0x00, 0x00, 0x2F,
    0x80, 0x05, 0x40, 0x00, 0x02, 0xF8, 0x07, 0xFF, 0x00, 0x00, 0x3F, 0x81, 0xFF, 0xFC, 0x00, 0x03,
    0xF8, 0x3F, 0x7F, 0xC0, 0x00, 0x3F, 0x47, 0xC1, 0xFC, 0x00, 0x03, 0xF4, 0xB4, 0x1F, 0xC0, 0x00,
    0x3F, 0x4F, 0x01, 0xFC, 0x00, 0x03, 0xF1, 0xE0, 0x1F, 0xC0, 0x00, 0x3F, 0x2D, 0x02, 0xFC, 0x00,
    0x03, 0xF3, 0xC0, 0x2F, 0xC0, 0x00, 0x3F, 0x78, 0x03, 0xFC, 0x00, 0x03, 0xFB, 0x40, 0x3F, 0x80,
    0x00, 0x3E, 0xF0, 0x03, 0xF8, 0x00, 0x03, 0xFE, 0x00, 0x3F, 0x40, 0x00, 0x3F, 0xD0, 0x03, 0xF4,
    0x00, 0x03, 0xFC, 0x00, 0x3F, 0x44, 0x00, 0x7F, 0x80, 0x03, 0xFF, 0xE0, 0x07, 0xF4, 0x00, 0x2F,
    0xF8, 0x00, 0x00, 0x00, 0x00, 0x54, 0x00, 0x05, 0x55, 0x54, 0x01, 0x55, 0x55, 0x0B, 0xFF, 0xFE,
    0x00, 0xFF, 0xFF, 0xC1, 0xBF, 0xFE, 0x40, 0x2B, 0xFF, 0x90, 0x03, 0xFC, 0x00, 0x00, 0x7F, 0x40,
    0x00, 0xFF, 0x00, 0x00, 0x1F, 0xD0, 0x00, 0x3F, 0xC0, 0x00, 0x0B, 0xF4, 0x0B, 0xFF, 0xFF, 0xFF,
    0xFF, 0xFF, 0xFA, 0xFF, 0xFF, 0xFF, 0xFF, 0xFF, 0xFE, 0x00, 0xFE, 0x00, 0x00, 0x2F, 0xC0, 0x00,
    0x3F, 0x80, 0x00, 0x0B, 0xF0, 0x00, 0x0F, 0xE0, 0x00, 0x02, 0xFC, 0x00, 0x03, 0xFF, 0xFF, 0xFF,
    0xFF, 0x00, 0x00, 0xFF, 0xFF, 0xFF, 0xFF, 0xC0, 0x00, 0x3F, 0x95, 0x55, 0x5F, 0xF0, 0x00, 0x1F,
    0xD0, 0x00, 0x03, 0xFC, 0x00, 0x07, 0xF4, 0x00, 0x00, 0xFF, 0x00, 0x01, 0xFD, 0x00, 0x00, 0x3F,
    0x80, 0x00, 0x7F, 0x40, 0x00, 0x0F, 0xE0, 0x00, 0x1F, 0xD0, 0x00, 0x03, 0xF8, 0x00, 0x07, 0xF0,
    0x00, 0x00, 0xFE, 0x00, 0x02, 0xFC, 0x00, 0x00, 0x3F, 0x80, 0x00, 0xBF, 0x40, 0x00, 0x0F, 0xE0,
    0x03, 0xFF, 0xFF, 0x00, 0xBF, 0xFF, 0xE1, 0xFF, 0xFF, 0xC0, 0x3F, 0xFF, 0xF8, 0x2A, 0xA4, 0x00,
    0x00, 0x00, 0x7F, 0xFC, 0x00, 0x00, 0x00, 0x1B, 0xFC, 0x00, 0x00, 0x00, 0x02, 0xFC, 0x00, 0x00,
    0x00, 0x02, 0xFC, 0x00, 0x00, 0x00, 0xBF, 0xFF, 0xFF, 0x00, 0x00, 0xBF, 0xFF, 0xFE, 0x00, 0x00,
    0x02, 0xF8, 0x00, 0x00, 0x00, 0x02, 0xF8, 0x00, 0x54, 0x00, 0x02, 0xF8, 0x07, 0xFF, 0x00, 0x03,
    0xF8, 0x1F, 0xFF, 0xC0, 0x03, 0xF8, 0x3F, 0x7F, 0xC0, 0x03, 0xF4, 0x7C, 0x1F, 0xC0, 0x03, 0xF4,
    0xB4, 0x1F, 0xC0, 0x03, 0xF4, 0xF0, 0x1F, 0xC0, 0x03, 0xF1, 0xE0, 0x1F, 0xC0, 0x03, 0xF2, 0xD0,
    0x2F, 0xC0, 0x03, 0xF3, 0xC0, 0x2F, 0xC0, 0x03, 0xF7, 0x80, 0x3F, 0xC0, 0x03, 0xFB, 0x40, 0x3F,
    0x80, 0x03, 0xEF, 0x00, 0x3F, 0x80, 0x03, 0xFE, 0x00, 0x3F, 0x40, 0x03, 0xFD, 0x00, 0x3F, 0x40,
    0x03, 0xFC, 0x00, 0x3F, 0x44, 0x07, 0xF8, 0x00, 0x3F, 0xFE, 0x07, 0xF4, 0x00, 0x2F, 0xF8, 0x00,
    0x00, 0x00, 0x05, 0x40, 0x00, 0x00, 0x00, 0x03, 0xFD, 0x01, 0x42, 0xFF, 0xFA, 0xE0, 0xEB, 0xFF,
    0xF0, 0x20, 0x1F, 0xF4, 0x00, 0x00, 0x00, 0x00, 0x00, 0x00, 0x00, 0x15, 0x55, 0x50, 0x2F, 0xFF,
    0xFC, 0x06, 0xFF, 0xF9, 0x00, 0x0F, 0xF0, 0x00, 0x03, 0xFC, 0x00, 0x00, 0xFF, 0x00, 0x00, 0x3F,
    0xC0, 0x00, 0x0F, 0xE0, 0x00, 0x03, 0xF8, 0x00, 0x00, 0xFE, 0x00, 0x00, 0x3F, 0x80, 0x00, 0x0F,
    0xE0, 0x00, 0x03, 0xF8, 0x00, 0x00, 0xFD, 0x00, 0x00, 0x3F, 0x40, 0x00, 0x1F, 0xD0, 0x00, 0x07,
    0xF4, 0x00, 0x01, 0xFD, 0x00, 0x00, 0x7F, 0x40, 0x00, 0x1F, 0xC0, 0x00, 0x07, 0xF0, 0x00, 0x02,
    0xFD, 0x00, 0x1F, 0xFF, 0xFC, 0x07, 0xFF, 0xFF, 0x00, 0x07, 0xE0, 0x00, 0x03, 0xFF, 0xD2, 0xC2,
    0xFF, 0xFF, 0xE0, 0xD0, 0xBF, 0xF0, 0x00, 0x01, 0x90, 0x00, 0x00, 0x00, 0x00, 0x00, 0x00, 0x00,
    0x00, 0x54, 0x00, 0x03, 0xFF, 0x80, 0x01, 0xFF, 0xF0, 0x00, 0x10, 0xFD, 0x00, 0x00, 0x3F, 0x40,
    0x00, 0x0F, 0xD0, 0x00, 0x07, 0xF0, 0x00, 0x01, 0xFC, 0x00, 0x00, 0x7F, 0x00, 0x00, 0x2F, 0xC0,
    0x00, 0x0B, 0xF0, 0x00, 0x02, 0xFC, 0x00, 0x00, 0xFE, 0x00, 0x00, 0x3F, 0x80, 0x00, 0x0F, 0xE0,
    0x00, 0x03, 0xF8, 0x10, 0x00, 0xFF, 0xFC, 0x00, 0x1F, 0xF8, 0x00, 0x00, 0x50, 0x00, 0x05, 0x55,
    0x54, 0x2F, 0xFF, 0xFC, 0x2F, 0xFF, 0xFC, 0x15, 0x55, 0x54, 0x00, 0x00, 0x00, 0x00, 0x00, 0x00,
    0x05, 0x55, 0x54, 0x2F, 0xFF, 0xFC, 0x1B, 0xFF, 0xE4, 0x00, 0xFF, 0x00, 0x00, 0xFF, 0x00, 0x00,
    0xFF, 0x00, 0x00, 0xFF, 0x00, 0x00, 0xFE, 0x00, 0x00, 0xFE, 0x00, 0x00, 0xFE, 0x00, 0x00, 0xFE,
    0x00, 0x00, 0xFE, 0x00, 0x00, 0xFE, 0x00, 0x00, 0xFD, 0x00, 0x00, 0xFD, 0x00, 0x01, 0xFD, 0x00,
    0x01, 0xFD, 0x00, 0x01, 0xFD, 0x00, 0x01, 0xFD, 0x00, 0x01, 0xFC, 0x00, 0x01, 0xFC, 0x00, 0x02,
    0xFD, 0x00, 0x7F, 0xFF, 0xF0, 0x7F, 0xFF, 0xF0, 0x7F, 0xFF, 0xF4, 0x7F, 0xFF, 0xF4, 0x7F, 0xFF,
    0xF4, 0x00, 0x00, 0x00, 0x00, 0x00, 0x00, 0x00, 0x00, 0x00, 0x00, 0x54, 0x00, 0x0F, 0xFE, 0x00,
    0x1F, 0xFF, 0x00, 0x04, 0x3F, 0x40, 0x00, 0x3F, 0x40, 0x00, 0x3F, 0x40, 0x00, 0x7F, 0x00, 0x00,
    0x7F, 0x00, 0x00, 0x7F, 0x00, 0x00, 0xBF, 0x00, 0x00, 0xBF, 0x00, 0x00, 0xBF, 0x00, 0x00, 0xFE,
    0x00, 0x00, 0xFE, 0x00, 0x00, 0xFE, 0x00, 0x00, 0xFE, 0x04, 0x00, 0xFF, 0xFC, 0x00, 0x7F, 0xE0,
    0x00, 0x05, 0x00, 0x00, 0x00, 0x00, 0x38, 0x00, 0x0E, 0x3C, 0x00, 0x1E, 0x2F, 0x40, 0xBC, 0x0F,
    0xFF, 0xF8, 0x07, 0xFF, 0xF0, 0x01, 0xBF, 0x40, 0x00, 0x00, 0x00, 0x05, 0x55, 0x54, 0x2F, 0xFF,
    0xFC, 0x1B, 0xFF, 0xE4, 0x00, 0xFF, 0x00, 0x00, 0xFF, 0x00, 0x00, 0xFF, 0x00, 0x00, 0xFF, 0x00,
    0x00, 0xFE, 0x00, 0x00, 0xFE, 0x00, 0x00, 0xFE, 0x00, 0x00, 0xFE, 0x00, 0x00, 0xFE, 0x00, 0x00,
    0xFE, 0x00, 0x00, 0xFD, 0x00, 0x00, 0xFD, 0x00, 0x01, 0xFD, 0x00, 0x01, 0xFD, 0x00, 0x01, 0xFD,
    0x00, 0x01, 0xFD, 0x00, 0x01, 0xFC, 0x00, 0x01, 0xFC, 0x00, 0x02, 0xFD, 0x00, 0x7F, 0xFF, 0xF0,
    0x7F, 0xFF, 0xF0, 0x70, 0x00, 0x28, 0x74, 0x00, 0x38, 0x3C, 0x00, 0xF4, 0x3F, 0xAB, 0xF0, 0x1F,
    0xFF, 0xD0, 0x07, 0xFF, 0x40, 0x00, 0x54, 0x00, 0x00, 0x00, 0x00, 0x00, 0x54, 0x00, 0x0F, 0xFE,
    0x00, 0x1F, 0xFF, 0x00, 0x04, 0x3F, 0x40, 0x00, 0x3F, 0x40, 0x00, 0x3F, 0x40, 0x00, 0x7F, 0x00,
    0x00, 0x7F, 0x00, 0x00, 0x7F, 0x00, 0x00, 0xBF, 0x00, 0x00, 0xBF, 0x00, 0x00, 0xBF, 0x00, 0x00,
    0xFE, 0x00, 0x00, 0xFE, 0x00, 0x00, 0xFE, 0x00, 0x00, 0xFE, 0x04, 0x00, 0xFF, 0xFC, 0x00, 0x7F,
    0xE0, 0x00, 0x05, 0x00, 0x05, 0x55, 0x54, 0xBF, 0xFF, 0xF1, 0xBF, 0xFE, 0x40, 0x3F, 0xC0, 0x00,
    0xFF, 0x00, 0x03, 0xFC, 0x00, 0x0F, 0xF0, 0x00, 0x3F, 0x80, 0x00, 0xFE, 0x00, 0x03, 0xF8, 0x00,
    0x0F, 0xE0, 0x00, 0x3F, 0x80, 0x00, 0xFE, 0x00, 0x03, 0xF4, 0x00, 0x0F, 0xD0, 0x00, 0x7F, 0x40,
    0x01, 0xFD, 0x00, 0x07, 0xF4, 0x00, 0x1F, 0xD0, 0x00, 0x7F, 0x00, 0x01, 0xFC, 0x00, 0x0B, 0xF4,
    0x07, 0xFF, 0xFF, 0x1F, 0xFF, 0xFC, 0x00, 0x78, 0x00, 0x0B, 0xC0, 0x00, 0xBC, 0x00, 0x03, 0xE0,
    0x00, 0x1F, 0x82, 0x00, 0xBF, 0xBD, 0x00, 0xFF, 0xD0, 0x01, 0xA8, 0x00, 0x00, 0x10, 0x00, 0x07,
    0xF4, 0x00, 0x3F, 0xF0, 0x00, 0xFF, 0xC0, 0x01, 0xFD, 0x00, 0x01, 0x40, 0x00, 0x00, 0x00, 0x00,
    0x00, 0x00, 0x01, 0x50, 0x00, 0xFF, 0xE0, 0x07, 0xFF, 0xC0, 0x04, 0x3F, 0x40, 0x00, 0xFD, 0x00,
    0x07, 0xF0, 0x00, 0x1F, 0xC0, 0x00, 0x7F, 0x00, 0x02, 0xFC, 0x00, 0x0B, 0xF0, 0x00, 0x2F, 0xC0,
    0x00, 0xBF, 0x00, 0x03, 0xF8, 0x00, 0x0F, 0xE0, 0x00, 0x3F, 0x80, 0x00, 0xFE, 0x04, 0x03, 0xFF,
    0xF0, 0x0B, 0xFF, 0x00, 0x07, 0xF0, 0x00, 0x1F, 0x00, 0x01, 0xF0, 0x00, 0x0F, 0x80, 0x00, 0x7E,
    0x08, 0x01, 0xFE, 0xF4, 0x03, 0xFF, 0x40, 0x02, 0xA0, 0x00, 0x00, 0x18, 0x00, 0x02, 0xFD, 0x00,
    0x0F, 0xF8, 0x00, 0x3F, 0xE0, 0x00, 0x7F, 0x00, 0x00, 0x00, 0x00, 0x00, 0x00, 0x01, 0x55, 0x55,
    0x2F, 0xFF, 0xFC, 0x6F, 0xFF, 0x90, 0x0F, 0xF0, 0x00, 0x3F, 0xC0, 0x00, 0xFF, 0x00, 0x03, 0xFC,
    0x00, 0x0F, 0xE0, 0x00, 0x3F, 0x80, 0x00, 0xFE, 0x00, 0x03, 0xF8, 0x00, 0x0F, 0xE0, 0x00, 0x3F,
    0x80, 0x00, 0xFD, 0x00, 0x03, 0xF4, 0x00, 0x1F, 0xD0, 0x00, 0x7F, 0x40, 0x01, 0xFD, 0x00, 0x07,
    0xF4, 0x00, 0x1F, 0xC0, 0x00, 0x7F, 0x00, 0x02, 0xFD, 0x01, 0xFF, 0xFF, 0xC7, 0xFF, 0xFF, 0x00,
    0x01, 0x50, 0x00, 0xFF, 0xE0, 0x07, 0xFF, 0xC0, 0x04, 0x3F, 0x40, 0x00, 0xFD, 0x00, 0x03, 0xF4,
    0x00, 0x1F, 0xC0, 0x00, 0x7F, 0x00, 0x01, 0xFC, 0x00, 0x0B, 0xF0, 0x00, 0x2F, 0xC0, 0x00, 0xBF,
    0x00, 0x03, 0xF8, 0x00, 0x0F, 0xE0, 0x00, 0x3F, 0x80, 0x00, 0xFE, 0x04, 0x03, 0xFF, 0xF0, 0x07,
    0xFE, 0x00, 0x01, 0x40, 0x00, 0x05, 0x55, 0x54, 0x05, 0x55, 0x54, 0x2F, 0xFF, 0xFC, 0x2F, 0xFF,
    0xFD, 0x1B, 0xFF, 0xE4, 0x1A, 0xFF, 0xE8, 0x00, 0xFF, 0x00, 0x00, 0x7F, 0x40, 0x00, 0xFF, 0x00,
    0x00, 0x7F, 0x00, 0x00, 0xFF, 0x00, 0x00, 0x7F, 0x00, 0x00, 0xFF, 0x00, 0x00, 0x7F, 0x00, 0x00,
    0xFE, 0x00, 0x00, 0x7F, 0x00, 0x00, 0xFE, 0x00, 0x00, 0xBF, 0x00, 0x00, 0xFE, 0x00, 0x00, 0xBF,
    0x00, 0x00, 0xFE, 0x00, 0x00, 0xBF, 0x00, 0x00, 0xFE, 0x00, 0x00, 0xBF, 0x00, 0x00, 0xFE, 0x00,
    0x00, 0xBF, 0x00, 0x00, 0xFD, 0x00, 0x00, 0xBF, 0x00, 0x00, 0xFD, 0x00, 0x00, 0xFF, 0x00, 0x01,
    0xFD, 0x00, 0x00, 0xFF, 0x00, 0x01, 0xFD, 0x00, 0x00, 0xFF, 0x00, 0x01, 0xFD, 0x00, 0x00, 0xFF,
    0x00, 0x01, 0xFD, 0x00, 0x00, 0xFE, 0x00, 0x01, 0xFC, 0x00, 0x00, 0xFE, 0x00, 0x01, 0xFC, 0x00,
    0x00, 0xFE, 0x00, 0x02, 0xFD, 0x00, 0x00, 0xFE, 0x00, 0x7F, 0xFF, 0xF0, 0x00, 0xFE, 0x00, 0x7F,
    0xFF, 0xF0, 0x01, 0xFD, 0x00, 0x00, 0x00, 0x00, 0x01, 0xFD, 0x00, 0x00, 0x00, 0x00, 0x02, 0xFC,
    0x00, 0x00, 0x00, 0x00, 0x03, 0xF4, 0x00, 0x00, 0x00, 0x00, 0x0B, 0xF0, 0x00, 0x00, 0x00, 0x00,
    0x0F, 0xC0, 0x00, 0x00, 0x00, 0x00, 0x3F, 0x00, 0x00, 0x00, 0x00, 0x00, 0x7C, 0x00, 0x00, 0x00,
    0x00, 0x00, 0x10, 0x00, 0x00, 0x00, 0x10, 0x00, 0x01, 0x00, 0x07, 0xF4, 0x00, 0x3F, 0x80, 0x3F,
    0xF0, 0x02, 0xFF, 0x00, 0xFF, 0xC0, 0x0B, 0xFC, 0x01, 0xFD, 0x00, 0x0F, 0xE0, 0x00, 0x40, 0x00,
    0x05, 0x00, 0x00, 0x00, 0x00, 0x00, 0x00, 0x00, 0x00, 0x00, 0x00, 0x01, 0x50, 0x00, 0x05, 0x00,
    0xFF, 0xE0, 0x07, 0xFF, 0x47, 0xFF, 0xC0, 0x2F, 0xFF, 0x04, 0x3F, 0x40, 0x02, 0xFC, 0x00, 0xFD,
    0x00, 0x07, 0xF0, 0x07, 0xF4, 0x00, 0x1F, 0xC0, 0x1F, 0xC0, 0x00, 0xBF, 0x00, 0x7F, 0x00, 0x02,
    0xFC, 0x01, 0xFC, 0x00, 0x0B, 0xF0, 0x0B, 0xF0, 0x00, 0x2F, 0xC0, 0x2F, 0xC0, 0x00, 0xBF, 0x00,
    0xBF, 0x00, 0x03, 0xF8, 0x03, 0xF8, 0x00, 0x0F, 0xE0, 0x0F, 0xE0, 0x00, 0x3F, 0x80, 0x3F, 0x80,
    0x00, 0xFE, 0x00, 0xFE, 0x04, 0x03, 0xF4, 0x03, 0xFF, 0xF0, 0x0F, 0xD0, 0x07, 0xFE, 0x00, 0x3F,
    0x00, 0x01, 0x40, 0x00, 0xFC, 0x00, 0x00, 0x00, 0x03, 0xE0, 0x00, 0x00, 0x00, 0x1F, 0x40, 0x00,
    0x00, 0x00, 0xBC, 0x00, 0x00, 0x02, 0xEB, 0xD0, 0x00, 0x00, 0x0F, 0xFE, 0x00, 0x00, 0x00, 0x2F,
    0xF0, 0x00, 0x00, 0x00, 0x19, 0x00, 0x00, 0x00, 0x04, 0x00, 0x00, 0x3F, 0x00, 0x00, 0xFF, 0x80,
    0x03, 0xFF, 0xE0, 0x0F, 0xE7, 0xF4, 0x2F, 0x40, 0xBD, 0x38, 0x00, 0x0E, 0x00, 0x00, 0x00, 0x15,
    0x55, 0x54, 0x3F, 0xFF, 0xFC, 0x1B, 0xFF, 0xE4, 0x00, 0xFF, 0x00, 0x00, 0xFF, 0x00, 0x00, 0xFF,
    0x00, 0x00, 0xFE, 0x00, 0x00, 0xFE, 0x00, 0x00, 0xFE, 0x00, 0x00, 0xFE, 0x00, 0x00, 0xFE, 0x00,
    0x00, 0xFE, 0x00, 0x00, 0xFE, 0x00, 0x00, 0xFD, 0x00, 0x00, 0xFD, 0x00, 0x01, 0xFD, 0x00, 0x01,
    0xFD, 0x00, 0x01, 0xFD, 0x00, 0x01, 0xFD, 0x00, 0x01, 0xFD, 0x00, 0x01, 0xFC, 0x00, 0x02, 0xFC,
    0x00, 0x02, 0xFC, 0x00, 0x02, 0xFC, 0x00, 0x03, 0xFC, 0x00, 0x03, 0xF8, 0x00, 0x0B, 0xF0, 0x00,
    0x0F, 0xD0, 0x00, 0x2F, 0x80, 0x00, 0x7E, 0x00, 0x00, 0xF8, 0x00, 0x00, 0x10, 0x00, 0x00, 0x00,
    0x00, 0x00, 0x00, 0x2F, 0x00, 0x00, 0x7F, 0xC0, 0x00, 0xFF, 0xE0, 0x03, 0xF7, 0xF4, 0x0B, 0xC0,
    0xFC, 0x1E, 0x00, 0x2E, 0x04, 0x00, 0x04, 0x00, 0x00, 0x00, 0x00, 0x15, 0x00, 0x02, 0xFF, 0xC0,
    0x03, 0xFF, 0xD0, 0x01, 0x0F, 0xE0, 0x00, 0x0F, 0xE0, 0x00, 0x0F, 0xD0, 0x00, 0x0F, 0xD0, 0x00,
    0x0F, 0xD0, 0x00, 0x0F, 0xD0, 0x00, 0x0F, 0xD0, 0x00, 0x0F, 0xD0, 0x00, 0x1F, 0xD0, 0x00, 0x1F,
    0xC0, 0x00, 0x1F, 0xC0, 0x00, 0x1F, 0xC0, 0x00, 0x1F, 0xC0, 0x00, 0x1F, 0xC0, 0x00, 0x1F, 0x80,
    0x00, 0x2F, 0x40, 0x00, 0x2F, 0x00, 0x00, 0x2F, 0x00, 0x00, 0x3D, 0x00, 0x3E, 0xFC, 0x00, 0x7F,
    0xF4, 0x00, 0x3F, 0xD0, 0x00, 0x0A, 0x00, 0x00, 0x05, 0x55, 0x54, 0x01, 0x55, 0x50, 0x7F, 0xFF,
    0xF0, 0x3F, 0xFF, 0xD0, 0xBF, 0xFE, 0x40, 0x6F, 0xFE, 0x00, 0x3F, 0xC0, 0x00, 0x3F, 0x00, 0x00,
    0xFF, 0x00, 0x03, 0xF0, 0x00, 0x03, 0xFC, 0x00, 0x2F, 0x00, 0x00, 0x0F, 0xE0, 0x02, 0xF0, 0x00,
    0x00, 0x3F, 0x80, 0x2F, 0x00, 0x00, 0x00, 0xFE, 0x02, 0xF0, 0x00, 0x00, 0x03, 0xF8, 0x2F, 0x00,
    0x00, 0x00, 0x0F, 0xE2, 0xF0, 0x00, 0x00, 0x00, 0x3F, 0x9F, 0xD0, 0x00, 0x00, 0x00, 0xFD, 0x7F,
    0xE0, 0x00, 0x00, 0x03, 0xF4, 0x1F, 0xF0, 0x00, 0x00, 0x0F, 0xD0, 0x2F, 0xE0, 0x00, 0x00, 0x7F,
    0x40, 0x3F, 0xC0, 0x00, 0x01, 0xFD, 0x00, 0xBF, 0x40, 0x00, 0x07, 0xF4, 0x00, 0xFE, 0x00, 0x00,
    0x1F, 0xD0, 0x03, 0xFC, 0x00, 0x00, 0x7F, 0x00, 0x0B, 0xF4, 0x00, 0x02, 0xFC, 0x00, 0x0F, 0xF0,
    0x00, 0x0B, 0xF0, 0x00, 0x3F, 0xD0, 0x43, 0xFF, 0xFF, 0x00, 0x7F, 0xFF, 0x1F, 0xFF, 0xFC, 0x00,
    0x7F, 0xF8, 0x00, 0x00, 0x00, 0x00, 0x15, 0x00, 0x00, 0x00, 0x00, 0x00, 0x00, 0x00, 0x00, 0x02,
    0xF4, 0x00, 0x00, 0x00, 0x00, 0x1F, 0xF0, 0x00, 0x00, 0x00, 0x00, 0x7F, 0xC0, 0x00, 0x00, 0x00,
    0x00, 0x3F, 0x00, 0x00, 0x00, 0x00, 0x00, 0xF4, 0x00, 0x00, 0x00, 0x00, 0x0B, 0x80, 0x00, 0x00,
    0x00, 0x00, 0x38, 0x00, 0x00, 0x00, 0x00, 0x00, 0x00, 0x00, 0x00, 0x00, 0x2A, 0xA4, 0x00, 0x00,
    0x01, 0xFF, 0xF0, 0x00, 0x00, 0x01, 0xBF, 0xC0, 0x00, 0x00, 0x00, 0x7F, 0x00, 0x00, 0x00, 0x02,
    0xF8, 0x00, 0x00, 0x00, 0x0B, 0xE0, 0x00, 0x00, 0x00, 0x2F, 0x80, 0x00, 0x00, 0x00, 0xBE, 0x00,
    0x00, 0x00, 0x02, 0xF8, 0x00, 0x14, 0x00, 0x0F, 0xE0, 0x03, 0xF8, 0x00, 0x3F, 0x40, 0x2F, 0xF0,
    0x00, 0xFD, 0x00, 0x3F, 0xC0, 0x03, 0xF4, 0x00, 0x7F, 0x00, 0x0F, 0xD0, 0x03, 0xF0, 0x00, 0x3F,
    0x40, 0xBF, 0x00, 0x00, 0xFD, 0x7F, 0xD0, 0x00, 0x03, 0xFF, 0xFC, 0x00, 0x00, 0x0F, 0xFB, 0xF0,
    0x00, 0x00, 0x3F, 0x0F, 0xF0, 0x00, 0x00, 0xFC, 0x1F, 0xD0, 0x00, 0x07, 0xF0, 0x3F, 0xC0, 0x00,
    0x1F, 0xC0, 0x7F, 0x40, 0x00, 0x7F, 0x00, 0xBF, 0x00, 0x01, 0xFC, 0x00, 0xFF, 0x00, 0x07, 0xF0,
    0x02, 0xFF, 0xF4, 0x1F, 0xC0, 0x03, 0xFF, 0x80, 0x00, 0x00, 0x01, 0x50, 0x00, 0x00, 0x00, 0x00,
    0x00, 0x00, 0x02, 0xF4, 0x00, 0x00, 0x00, 0x1F, 0xF0, 0x00, 0x00, 0x00, 0x3F, 0xC0, 0x00, 0x00,
    0x00, 0x3F, 0x00, 0x00, 0x00, 0x00, 0xF4, 0x00, 0x00, 0x00, 0x0B, 0x80, 0x00, 0x00, 0x00, 0x38,
    0x00, 0x00, 0x00, 0x00, 0x00, 0x00, 0x00, 0x01, 0x40, 0x00, 0x14, 0x01, 0xFF, 0xD0, 0x03, 0xFC,
    0x0B, 0xFF, 0x80, 0x1F, 0xF4, 0x00, 0xBE, 0x00, 0x2F, 0xD0, 0x02, 0xF8, 0x00, 0x3F, 0x00, 0x0B,
    0xE0, 0x03, 0xF4, 0x00, 0x2F, 0x80, 0x7F, 0x00, 0x00, 0xBE, 0x6F, 0xE0, 0x00, 0x03, 0xFF, 0xFC,
    0x00, 0x00, 0x0F, 0xFB, 0xF4, 0x00, 0x00, 0x3F, 0x4B, 0xF0, 0x00, 0x00, 0xFD, 0x0F, 0xE0, 0x00,
    0x03, 0xF4, 0x2F, 0xC0, 0x00, 0x0F, 0xC0, 0x3F, 0x80, 0x00, 0x3F, 0x00, 0x7F, 0x40, 0x00, 0xFC,
    0x00, 0xFF, 0x00, 0x03, 0xF0, 0x01, 0xFF, 0xF8, 0x0F, 0xC0, 0x02, 0xFF, 0xC0, 0x00, 0x00, 0x00,
    0x50, 0x00, 0x00, 0x00, 0xB4, 0x00, 0x00, 0x00, 0x2F, 0xC0, 0x00, 0x00, 0x0F, 0xFC, 0x00, 0x00,
    0x03, 0xFE, 0x00, 0x00, 0x00, 0xFD, 0x00, 0x00, 0x00, 0x0D, 0x00, 0x00, 0x00, 0x00, 0x00, 0x00,
    0x00, 0x00, 0x55, 0x55, 0x40, 0x00, 0x2F, 0xFF, 0xFD, 0x00, 0x01, 0xBF, 0xFE, 0x80, 0x00, 0x00,
    0xFF, 0x00, 0x00, 0x00, 0x0F, 0xF0, 0x00, 0x00, 0x00, 0xFF, 0x00, 0x00, 0x00, 0x0F, 0xE0, 0x00,
    0x00, 0x00, 0xFE, 0x00, 0x00, 0x00, 0x0F, 0xE0, 0x00, 0x00, 0x00, 0xFE, 0x00, 0x00, 0x00, 0x0F,
    0xE0, 0x00, 0x00, 0x00, 0xFE, 0x00, 0x00, 0x00, 0x0F, 0xD0, 0x00, 0x00, 0x00, 0xFD, 0x00, 0x00,
    0x00, 0x1F, 0xD0, 0x00, 0x00, 0x01, 0xFD, 0x00, 0x00, 0x00, 0x1F, 0xD0, 0x00, 0x00, 0x01, 0xFC,
    0x00, 0x01, 0xA0, 0x1F, 0xC0, 0x00, 0x2E, 0x01, 0xFC, 0x00, 0x03, 0xE0, 0x2F, 0xC0, 0x00, 0x7D,
    0x02, 0xFC, 0x00, 0x1F, 0xD3, 0xFF, 0xFF, 0xFF, 0xFC, 0x7F, 0xFF, 0xFF, 0xFF, 0xC0, 0x00, 0x0F,
    0x00, 0x03, 0xF8, 0x01, 0xFF, 0x40, 0x7F, 0xD0, 0x1F, 0x90, 0x01, 0x80, 0x00, 0x00, 0x00, 0x02,
    0xAA, 0x40, 0x7F, 0xFC, 0x01, 0xBF, 0xC0, 0x01, 0xFC, 0x00, 0x2F, 0xC0, 0x02, 0xFC, 0x00, 0x2F,
    0x80, 0x02, 0xF8, 0x00, 0x2F, 0x80, 0x03, 0xF8, 0x00, 0x3F, 0x80, 0x03, 0xF8, 0x00, 0x3F, 0x80,
    0x03, 0xF4, 0x00, 0x3F, 0x40, 0x03, 0xF4, 0x00, 0x3F, 0x40, 0x03, 0xF4, 0x00, 0x3F, 0x40, 0x03,
    0xF4, 0x00, 0x3F, 0x40, 0x07, 0xF0, 0x00, 0x7F, 0x00, 0x07, 0xF0, 0x40, 0x3F, 0xFE, 0x03, 0xFF,
    0x80, 0x05, 0x40, 0x05, 0x55, 0x54, 0x00, 0x02, 0xFF, 0xFF, 0xD0, 0x00, 0x1B, 0xFF, 0xE8, 0x00,
    0x00, 0x0F, 0xF0, 0x00, 0x00, 0x00, 0xFF, 0x00, 0x00, 0x00, 0x0F, 0xF0, 0x00, 0x00, 0x00, 0xFE,
    0x00, 0x00, 0x00, 0x0F, 0xE0, 0x00, 0x00, 0x00, 0xFE, 0x00, 0x00, 0x00, 0x0F, 0xE0, 0x00, 0x00,
    0x00, 0xFE, 0x00, 0x00, 0x00, 0x0F, 0xE0, 0x00, 0x00, 0x00, 0xFD, 0x00, 0x00, 0x00, 0x0F, 0xD0,
    0x00, 0x00, 0x01, 0xFD, 0x00, 0x00, 0x00, 0x1F, 0xD0, 0x00, 0x00, 0x01, 0xFD, 0x00, 0x00, 0x00,
    0x1F, 0xC0, 0x00, 0x1A, 0x01, 0xFC, 0x00, 0x02, 0xE0, 0x1F, 0xC0, 0x00, 0x3E, 0x02, 0xFC, 0x00,
    0x07, 0xD0, 0x2F, 0xC0, 0x01, 0xFD, 0x3F, 0xFF, 0xFF, 0xFF, 0xC7, 0xFF, 0xFF, 0xFF, 0xFC, 0x00,
    0x00, 0x00, 0x00, 0x00, 0x00, 0x00, 0x00, 0x00, 0x00, 0x01, 0xFC, 0x00, 0x00, 0x00, 0x3F, 0xD0,
    0x00, 0x00, 0x03, 0xFE, 0x00, 0x00, 0x00, 0x07, 0xD0, 0x00, 0x00, 0x00, 0xBC, 0x00, 0x00, 0x00,
    0x1F, 0x00, 0x00, 0x00, 0x02, 0xC0, 0x00, 0x00, 0x00, 0x00, 0x00, 0x00, 0x2A, 0xA4, 0x07, 0xFF,
    0xC0, 0x1B, 0xFC, 0x00, 0x1F, 0xC0, 0x02, 0xFC, 0x00, 0x2F, 0xC0, 0x02, 0xF8, 0x00, 0x2F, 0x80,
    0x02, 0xF8, 0x00, 0x3F, 0x80, 0x03, 0xF8, 0x00, 0x3F, 0x80, 0x03, 0xF8, 0x00, 0x3F, 0x40, 0x03,
    0xF4, 0x00, 0x3F, 0x40, 0x03, 0xF4, 0x00, 0x3F, 0x40, 0x03, 0xF4, 0x00, 0x3F, 0x40, 0x03, 0xF4,
    0x00, 0x7F, 0x00, 0x07, 0xF0, 0x00, 0x7F, 0x04, 0x03, 0xFF, 0xE0, 0x3F, 0xF8, 0x00, 0x54, 0x00,
    0x00, 0x00, 0x00, 0xFC, 0x00, 0x2F, 0xE0, 0x02, 0xFF, 0x00, 0x03, 0xE0, 0x00, 0x3C, 0x00, 0x0F,
    0x40, 0x01, 0xD0, 0x00, 0x00, 0x00, 0x00, 0x00, 0x00, 0x0F, 0x40, 0x00, 0x00, 0x02, 0xFC, 0x05,
    0x55, 0x54, 0x2F, 0xD2, 0xFF, 0xFF, 0xD0, 0xBC, 0x1B, 0xFF, 0xE8, 0x07, 0xC0, 0x0F, 0xF0, 0x00,
    0xF4, 0x00, 0xFF, 0x00, 0x1E, 0x00, 0x0F, 0xF0, 0x02, 0x80, 0x00, 0xFE, 0x00, 0x00, 0x00, 0x0F,
    0xE0, 0x00, 0x00, 0x00, 0xFE, 0x00, 0x00, 0x00, 0x0F, 0xE0, 0x00, 0x00, 0x00, 0xFE, 0x00, 0x00,
    0x00, 0x0F, 0xE0, 0x00, 0x00, 0x00, 0xFD, 0x00, 0x00, 0x00, 0x0F, 0xD0, 0x00, 0x00, 0x01, 0xFD,
    0x00, 0x00, 0x00, 0x1F, 0xD0, 0x00, 0x00, 0x01, 0xFD, 0x00, 0x00, 0x00, 0x1F, 0xC0, 0x00, 0x1A,
    0x01, 0xFC, 0x00, 0x02, 0xE0, 0x1F, 0xC0, 0x00, 0x3E, 0x02, 0xFC, 0x00, 0x07, 0xD0, 0x2F, 0xC0,
    0x01, 0xFD, 0x3F, 0xFF, 0xFF, 0xFF, 0xC7, 0xFF, 0xFF, 0xFF, 0xFC, 0x2A, 0xA4, 0x1F, 0x07, 0xFF,
    0xC3, 0xFC, 0x1B, 0xFC, 0x3F, 0xC0, 0x1F, 0xC0, 0xFC, 0x02, 0xFC, 0x0F, 0x80, 0x2F, 0xC0, 0xF0,
    0x02, 0xF8, 0x3D, 0x00, 0x2F, 0x83, 0x40, 0x02, 0xF8, 0x00, 0x00, 0x3F, 0x80, 0x00, 0x03, 0xF8,
    0x00, 0x00, 0x3F, 0x80, 0x00, 0x03, 0xF8, 0x00, 0x00, 0x3F, 0x40, 0x00, 0x03, 0xF4, 0x00, 0x00,
    0x3F, 0x40, 0x00, 0x03, 0xF4, 0x00, 0x00, 0x3F, 0x40, 0x00, 0x03, 0xF4, 0x00, 0x00, 0x3F, 0x40,
    0x00, 0x03, 0xF4, 0x00, 0x00, 0x7F, 0x00, 0x00, 0x07, 0xF0, 0x00, 0x00, 0x7F, 0x04, 0x00, 0x03,
    0xFF, 0xE0, 0x00, 0x3F, 0xF8, 0x00, 0x00, 0x54, 0x00, 0x00, 0x05, 0x55, 0x54, 0x00, 0x02, 0xFF,
    0xFF, 0xD0, 0x00, 0x1B, 0xFF, 0xE8, 0x00, 0x00, 0x0F, 0xF0, 0x00, 0x00, 0x00, 0xFF, 0x00, 0x00,
    0x00, 0x0F, 0xF0, 0x00, 0x00, 0x00, 0xFE, 0x00, 0x00, 0x00, 0x0F, 0xE0, 0x00, 0x00, 0x00, 0xFE,
    0x00, 0x01, 0x00, 0x0F, 0xE0, 0x02, 0xFC, 0x00, 0xFE, 0x00, 0x3F, 0xD0, 0x0F, 0xE0, 0x03, 0xFD,
    0x00, 0xFD, 0x00, 0x3F, 0xC0, 0x0F, 0xD0, 0x00, 0x50, 0x01, 0xFD, 0x00, 0x00, 0x00, 0x1F, 0xD0,
    0x00, 0x00, 0x01, 0xFD, 0x00, 0x00, 0x00, 0x1F, 0xC0, 0x00, 0x1A, 0x01, 0xFC, 0x00, 0x02, 0xE0,
    0x1F, 0xC0, 0x00, 0x3E, 0x02, 0xFC, 0x00, 0x07, 0xD0, 0x2F, 0xC0, 0x01, 0xFD, 0x3F, 0xFF, 0xFF,
    0xFF, 0xC7, 0xFF, 0xFF, 0xFF, 0xFC, 0x2A, 0xA4, 0x00, 0x07, 0xFF, 0xC0, 0x00, 0x1B, 0xFC, 0x00,
    0x00, 0x1F, 0xC0, 0x00, 0x02, 0xFC, 0x00, 0x00, 0x2F, 0xC0, 0x00, 0x02, 0xF8, 0x00, 0x00, 0x2F,
    0x80, 0x00, 0x02, 0xF8, 0x00, 0x00, 0x3F, 0x80, 0x00, 0x03, 0xF8, 0x01, 0x00, 0x3F, 0x81, 0xFD,
    0x03, 0xF8, 0x3F, 0xF0, 0x3F, 0x43, 0xFF, 0x03, 0xF4, 0x1F, 0xD0, 0x3F, 0x40, 0x10, 0x03, 0xF4,
    0x00, 0x00, 0x3F, 0x40, 0x00, 0x03, 0xF4, 0x00, 0x00, 0x3F, 0x40, 0x00, 0x03, 0xF4, 0x00, 0x00,
    0x7F, 0x00, 0x00, 0x07, 0xF0, 0x00, 0x00, 0x7F, 0x04, 0x00, 0x03, 0xFF, 0xE0, 0x00, 0x3F, 0xF8,
    0x00, 0x00, 0x54, 0x00, 0x00, 0x05, 0x55, 0x54, 0x00, 0x02, 0xFF, 0xFF, 0xD0, 0x00, 0x1B, 0xFF,
    0xE8, 0x00, 0x00, 0x0F, 0xF0, 0x00, 0x00, 0x00, 0xFF, 0x00, 0x00, 0x00, 0x0F, 0xF0, 0x00, 0x00,
    0x00, 0xFE, 0x00, 0x00, 0x00, 0x0F, 0xE0, 0x07, 0x00, 0x00, 0xFE, 0x02, 0xF0, 0x00, 0x0F, 0xE2,
    0xFE, 0x00, 0x00, 0xFF, 0xFF, 0x00, 0x00, 0x0F, 0xFF, 0x40, 0x00, 0x02, 0xFF, 0x80, 0x00, 0x01,
    0xFF, 0xD0, 0x00, 0x00, 0xBF, 0xFD, 0x00, 0x00, 0x0B, 0x9F, 0xD0, 0x00, 0x00, 0x41, 0xFD, 0x00,
    0x00, 0x00, 0x1F, 0xD0, 0x00, 0x1A, 0x01, 0xFC, 0x00, 0x02, 0xE0, 0x1F, 0xC0, 0x00, 0x3E, 0x02,
    0xFC, 0x00, 0x07, 0xD0, 0x2F, 0xC0, 0x01, 0xFD, 0x3F, 0xFF, 0xFF, 0xFF, 0xC7, 0xFF, 0xFF, 0xFF,
    0xFC, 0x1A, 0xA8, 0x00, 0xFF, 0xF8, 0x01, 0xBF, 0xE0, 0x00, 0x3F, 0x80, 0x00, 0xFD, 0x00, 0x03,
    0xF4, 0x00, 0x0F, 0xD0, 0x00, 0x3F, 0x40, 0x00, 0xFD, 0x00, 0x03, 0xF4, 0x70, 0x0F, 0xDF, 0xC0,
    0x3F, 0xFE, 0x02, 0xFF, 0xC0, 0xBF, 0xF4, 0x03, 0xFF, 0xC0, 0x1E, 0x7F, 0x00, 0x01, 0xFC, 0x00,
    0x07, 0xF0, 0x00, 0x1F, 0xC0, 0x00, 0xBF, 0x00, 0x02, 0xFC, 0x00, 0x0B, 0xF0, 0x00, 0x2F, 0xC0,
    0x00, 0xBF, 0x08, 0x02, 0xFF, 0xF4, 0x03, 0xFF, 0x40, 0x01, 0x50, 0x00, 0x00, 0x00, 0x00, 0x07,
    0x80, 0x00, 0x00, 0x00, 0x00, 0x2F, 0xC0, 0x00, 0x00, 0x00, 0x00, 0xBF, 0xC0, 0x00, 0x00, 0x00,
    0x02, 0xFE, 0x00, 0x00, 0x00, 0x00, 0x0F, 0xE0, 0x00, 0x00, 0x00, 0x00, 0x0D, 0x00, 0x00, 0x00,
    0x00, 0x00, 0x00, 0x00, 0x00, 0x00, 0x05, 0x55, 0x40, 0x00, 0x55, 0x55, 0x1F, 0xFF, 0xD0, 0x00,
    0xFF, 0xFF, 0x0A, 0xFF, 0xF0, 0x00, 0xAF, 0xF9, 0x00, 0xFF, 0xF4, 0x00, 0x07, 0xC0, 0x00, 0xFB,
    0xFC, 0x00, 0x0B, 0xC0, 0x00, 0xF6, 0xFD, 0x00, 0x0B, 0xC0, 0x00, 0xF4, 0xFF, 0x00, 0x0B, 0xC0,
    0x00, 0xF4, 0xBF, 0x40, 0x0B, 0xC0, 0x00, 0xF4, 0x3F, 0x80, 0x0B, 0x80, 0x00, 0xF4, 0x2F, 0xC0,
    0x0B, 0x80, 0x00, 0xF0, 0x0F, 0xE0, 0x0B, 0x80, 0x00, 0xF0, 0x0B, 0xF0, 0x0F, 0x80, 0x00, 0xF0,
    0x03, 0xF8, 0x0F, 0x80, 0x00, 0xF0, 0x03, 0xFC, 0x0F, 0x80, 0x01, 0xF0, 0x01, 0xFE, 0x0F, 0x40,
    0x01, 0xF0, 0x00, 0xFF, 0x0F, 0x40, 0x01, 0xF0, 0x00, 0x7F, 0x4F, 0x40, 0x01, 0xF0, 0x00, 0x3F,
    0xCF, 0x40, 0x01, 0xF0, 0x00, 0x1F, 0xDF, 0x40, 0x01, 0xF0, 0x00, 0x0F, 0xFF, 0x40, 0x02, 0xF0,
    0x00, 0x07, 0xFF, 0x40, 0x02, 0xF0, 0x00, 0x03, 0xFF, 0x00, 0x3F, 0xFF, 0x80, 0x01, 0xFF, 0x00,
    0x7F, 0xFF, 0xC0, 0x00, 0xFF, 0x00, 0x00, 0x00, 0x00, 0x00, 0x10, 0x00, 0x00, 0x00, 0x00, 0x00,
    0x00, 0x00, 0x00, 0x01, 0xF0, 0x00, 0x00, 0x00, 0x03, 0xF4, 0x00, 0x00, 0x00, 0x0F, 0xF4, 0x00,
    0x00, 0x00, 0x2F, 0xC0, 0x00, 0x00, 0x00, 0x7E, 0x00, 0x00, 0x00, 0x00, 0xF4, 0x00, 0x00, 0x00,
    0x00, 0x40, 0x00, 0x00, 0x00, 0x00, 0x00, 0x00, 0x00, 0x01, 0x40, 0x00, 0x54, 0x00, 0x7F, 0xF4,
    0x03, 0xFF, 0x40, 0xBF, 0xFC, 0x0F, 0xFF, 0xC0, 0x02, 0xFC, 0x2F, 0x6F, 0xD0, 0x02, 0xF8, 0x3C,
    0x0F, 0xD0, 0x02, 0xF8, 0x78, 0x0F, 0xD0, 0x02, 0xF8, 0xB4, 0x0F, 0xD0, 0x02, 0xF4, 0xF0, 0x0F,
    0xD0, 0x02, 0xF5, 0xE0, 0x1F, 0xC0, 0x02, 0xF6, 0xD0, 0x1F, 0xC0, 0x03, 0xF3, 0xC0, 0x1F, 0xC0,
    0x03, 0xF7, 0x80, 0x2F, 0xC0, 0x03, 0xFB, 0x40, 0x2F, 0xC0, 0x03, 0xFF, 0x00, 0x2F, 0xC0, 0x03,
    0xFE, 0x00, 0x3F, 0x80, 0x03, 0xFD, 0x00, 0x3F, 0x80, 0x03, 0xFC, 0x00, 0x3F, 0xFF, 0x03, 0xF8,
    0x00, 0x1F, 0xF8, 0x00, 0x00, 0x00, 0x01, 0x40, 0x05, 0x55, 0x40, 0x00, 0x55, 0x55, 0x1F, 0xFF,
    0xD0, 0x00, 0xFF, 0xFF, 0x0A, 0xFF, 0xF0, 0x00, 0xAF, 0xF9, 0x00, 0xFF, 0xF4, 0x00, 0x07, 0xC0,
    0x00, 0xFB, 0xFC, 0x00, 0x0B, 0xC0, 0x00, 0xF6, 0xFD, 0x00, 0x0B, 0xC0, 0x00, 0xF4, 0xFF, 0x00,
    0x0B, 0xC0, 0x00, 0xF4, 0xBF, 0x40, 0x0B, 0xC0, 0x00, 0xF4, 0x3F, 0x80, 0x0B, 0x80, 0x00, 0xF4,
    0x2F, 0xC0, 0x0B, 0x80, 0x00, 0xF0, 0x0F, 0xE0, 0x0B, 0x80, 0x00, 0xF0, 0x0B, 0xF0, 0x0F, 0x80,
    0x00, 0xF0, 0x03, 0xF8, 0x0F, 0x80, 0x00, 0xF0, 0x03, 0xFC, 0x0F, 0x80, 0x01, 0xF0, 0x01, 0xFE,
    0x0F, 0x40, 0x01, 0xF0, 0x00, 0xFF, 0x0F, 0x40, 0x01, 0xF0, 0x00, 0x7F, 0x4F, 0x40, 0x01, 0xF0,
    0x00, 0x3F, 0xCF, 0x40, 0x01, 0xF0, 0x00, 0x1F, 0xDF, 0x40, 0x01, 0xF0, 0x00, 0x0F, 0xFF, 0x40,
    0x02, 0xF0, 0x00, 0x07, 0xFF, 0x40, 0x02, 0xF0, 0x00, 0x03, 0xFF, 0x00, 0x3F, 0xFF, 0x80, 0x01,
    0xFF, 0x00, 0x7F, 0xFF, 0xC0, 0x00, 0xFF, 0x00, 0x00, 0x00, 0x00, 0x00, 0x10, 0x00, 0x00, 0x00,
    0x00, 0x00, 0x00, 0x00, 0x00, 0x00, 0x1F, 0xC0, 0x00, 0x00, 0x00, 0x00, 0x3F, 0xD0, 0x00, 0x00,
    0x00, 0x00, 0x2F, 0xE0, 0x00, 0x00, 0x00, 0x00, 0x07, 0xD0, 0x00, 0x00, 0x00, 0x00, 0x07, 0xC0,
    0x00, 0x00, 0x00, 0x00, 0x0F, 0x00, 0x00, 0x00, 0x00, 0x00, 0x2C, 0x00, 0x00, 0x00, 0x00, 0x00,
    0x00, 0x00, 0x00, 0x00, 0x01, 0x40, 0x00, 0x54, 0x00, 0x7F, 0xF4, 0x03, 0xFF, 0x40, 0xBF, 0xFC,
    0x0F, 0xFF, 0xC0, 0x02, 0xFC, 0x2F, 0x6F, 0xD0, 0x02, 0xF8, 0x3C, 0x0F, 0xD0, 0x02, 0xF8, 0x78,
    0x0F, 0xD0, 0x02, 0xF8, 0xB4, 0x0F, 0xD0, 0x02, 0xF4, 0xF0, 0x0F, 0xD0, 0x02, 0xF5, 0xE0, 0x1F,
    0xC0, 0x02, 0xF6, 0xD0, 0x1F, 0xC0, 0x03, 0xF3, 0xC0, 0x1F, 0xC0, 0x03, 0xF7, 0x80, 0x2F, 0xC0,
    0x03, 0xFB, 0x40, 0x2F, 0xC0, 0x03, 0xFF, 0x00, 0x2F, 0xC0, 0x03, 0xFE, 0x00, 0x3F, 0x80, 0x03,
    0xFD, 0x00, 0x3F, 0x80, 0x03, 0xFC, 0x00, 0x3F, 0xFF, 0x03, 0xF8, 0x00, 0x1F, 0xF8, 0x00, 0x00,
    0x00, 0x01, 0x40, 0x00, 0x00, 0x00, 0x00, 0x00, 0x00, 0x00, 0xBE, 0x00, 0x00, 0x00, 0x00, 0xFF,
    0x00, 0x00, 0x00, 0x00, 0xFF, 0x00, 0x00, 0x00, 0x00, 0x2F, 0x00, 0x00, 0x00, 0x00, 0x3E, 0x00,
    0x00, 0x00, 0x00, 0xBC, 0x00, 0x00, 0x00, 0x00, 0xE0, 0x00, 0x00, 0x00, 0x00, 0x00, 0x00, 0x00,
    0x00, 0x00, 0x00, 0x00, 0x00, 0x00, 0x00, 0x02, 0xE0, 0x01, 0xF0, 0x00, 0x00, 0x00, 0xFD, 0x0B,
    0xD0, 0x00, 0x00, 0x00, 0x3F, 0xBF, 0x40, 0x00, 0x00, 0x00, 0x1F, 0xFD, 0x00, 0x00, 0x00, 0x00,
    0x07, 0xF4, 0x00, 0x00, 0x00, 0x00, 0x02, 0xD0, 0x00, 0x00, 0x00, 0x00, 0x00, 0x00, 0x00, 0x00,
    0x05, 0x55, 0x40, 0x00, 0x55, 0x55, 0x1F, 0xFF, 0xD0, 0x00, 0xFF, 0xFF, 0x0A, 0xFF, 0xF0, 0x00,
    0xAF, 0xF9, 0x00, 0xFF, 0xF4, 0x00, 0x07, 0xC0, 0x00, 0xFB, 0xFC, 0x00, 0x0B, 0xC0, 0x00, 0xF6,
    0xFD, 0x00, 0x0B, 0xC0, 0x00, 0xF4, 0xFF, 0x00, 0x0B, 0xC0, 0x00, 0xF4, 0xBF, 0x40, 0x0B, 0xC0,
    0x00, 0xF4, 0x3F, 0x80, 0x0B, 0x80, 0x00, 0xF4, 0x2F, 0xC0, 0x0B, 0x80, 0x00, 0xF0, 0x0F, 0xE0,
    0x0B, 0x80, 0x00, 0xF0, 0x0B, 0xF0, 0x0F, 0x80, 0x00, 0xF0, 0x03, 0xF8, 0x0F, 0x80, 0x00, 0xF0,
    0x03, 0xFC, 0x0F, 0x80, 0x01, 0xF0, 0x01, 0xFE, 0x0F, 0x40, 0x01, 0xF0, 0x00, 0xFF, 0x0F, 0x40,
    0x01, 0xF0, 0x00, 0x7F, 0x4F, 0x40, 0x01, 0xF0, 0x00, 0x3F, 0xCF, 0x40, 0x01, 0xF0, 0x00, 0x1F,
    0xDF, 0x40, 0x01, 0xF0, 0x00, 0x0F, 0xFF, 0x40, 0x02, 0xF0, 0x00, 0x07, 0xFF, 0x40, 0x02, 0xF0,
    0x00, 0x03, 0xFF, 0x00, 0x3F, 0xFF, 0x80, 0x01, 0xFF, 0x00, 0x7F, 0xFF, 0xC0, 0x00, 0xFF, 0x00,
    0x00, 0x00, 0x00, 0x00, 0x10, 0x00, 0x00, 0x00, 0x00, 0x00, 0x00, 0x00, 0x2C, 0x00, 0x0D, 0x00,
    0x00, 0x1F, 0x40, 0x7C, 0x00, 0x00, 0x0B, 0xD2, 0xF4, 0x00, 0x00, 0x03, 0xFF, 0xE0, 0x00, 0x00,
    0x00, 0xFF, 0xC0, 0x00, 0x00, 0x00, 0x7F, 0x00, 0x00, 0x00, 0x00, 0x18, 0x00, 0x00, 0x00, 0x00,
    0x00, 0x00, 0x00, 0x01, 0x40, 0x00, 0x54, 0x00, 0x7F, 0xF4, 0x03, 0xFF, 0x40, 0xBF, 0xFC, 0x0F,
    0xFF, 0xC0, 0x02, 0xFC, 0x2F, 0x6F, 0xD0, 0x02, 0xF8, 0x3C, 0x0F, 0xD0, 0x02, 0xF8, 0x78, 0x0F,
    0xD0, 0x02, 0xF8, 0xB4, 0x0F, 0xD0, 0x02, 0xF4, 0xF0, 0x0F, 0xD0, 0x02, 0xF5, 0xE0, 0x1F, 0xC0,
    0x02, 0xF6, 0xD0, 0x1F, 0xC0, 0x03, 0xF3, 0xC0, 0x1F, 0xC0, 0x03, 0xF7, 0x80, 0x2F, 0xC0, 0x03,
    0xFB, 0x40, 0x2F, 0xC0, 0x03, 0xFF, 0x00, 0x2F, 0xC0, 0x03, 0xFE, 0x00, 0x3F, 0x80, 0x03, 0xFD,
    0x00, 0x3F, 0x80, 0x03, 0xFC, 0x00, 0x3F, 0xFF, 0x03, 0xF8, 0x00, 0x1F, 0xF8, 0x00, 0x00, 0x00,
    0x01, 0x40, 0x0A, 0x00, 0x00, 0x00, 0x00, 0x00, 0x0F, 0xF0, 0x00, 0x00, 0x00, 0x00, 0x07, 0xFE,
    0x00, 0x00, 0x00, 0x00, 0x01, 0xFF, 0x80, 0x00, 0x00, 0x00, 0x00, 0x0B, 0xE0, 0x00, 0x00, 0x00,
    0x00, 0x01, 0xF0, 0x00, 0x00, 0x00, 0x00, 0x00, 0xF8, 0x00, 0x00, 0x00, 0x00, 0x00, 0xF8, 0x00,
    0x00, 0x00, 0x00, 0x00, 0xB8, 0x01, 0x50, 0x00, 0x14, 0x00, 0x04, 0x1F, 0xFE, 0x00, 0xBF, 0xE0,
    0x00, 0x07, 0xFF, 0xC0, 0xBF, 0xFD, 0x00, 0x00, 0x47, 0xF0, 0x7E, 0xBF, 0x80, 0x00, 0x01, 0xFC,
    0x3D, 0x0F, 0xE0, 0x00, 0x00, 0x7F, 0x0F, 0x03, 0xF8, 0x00, 0x00, 0x1F, 0xC7, 0x80, 0xFE, 0x00,
    0x00, 0x07, 0xE3, 0xD0, 0x3F, 0x80, 0x00, 0x01, 0xF8, 0xF0, 0x0F, 0xD0, 0x00, 0x00, 0xBD, 0x78,
    0x03, 0xF4, 0x00, 0x00, 0x2F, 0x7C, 0x00, 0xFD, 0x00, 0x00, 0x0B, 0xDF, 0x00, 0x7F, 0x00, 0x00,
    0x02, 0xFB, 0x80, 0x1F, 0xC0, 0x00, 0x00, 0xBF, 0xC0, 0x07, 0xF0, 0x00, 0x00, 0x2F, 0xF0, 0x02,
    0xFC, 0x00, 0x00, 0x0B, 0xF8, 0x00, 0xBF, 0x04, 0x00, 0x03, 0xFC, 0x00, 0x2F, 0xFF, 0x00, 0x00,
    0xFF, 0x00, 0x07, 0xFF, 0x40, 0x00, 0x00, 0x00, 0x00, 0x14, 0x00, 0x05, 0x55, 0x40, 0x00, 0x55,
    0x55, 0x1F, 0xFF, 0xD0, 0x00, 0xFF, 0xFF, 0x0A, 0xFF, 0xF0, 0x00, 0xAF, 0xF9, 0x00, 0xFF, 0xF4,
    0x00, 0x07, 0xC0, 0x00, 0xFB, 0xFC, 0x00, 0x07, 0xC0, 0x00, 0xF6, 0xFD, 0x00, 0x0B, 0xC0, 0x00,
    0xF4, 0xFF, 0x00, 0x0B, 0xC0, 0x00, 0xF4, 0xBF, 0x40, 0x0B, 0xC0, 0x00, 0xF4, 0x3F, 0x80, 0x0B,
    0xC0, 0x00, 0xF4, 0x2F, 0xC0, 0x0B, 0x80, 0x00, 0xF0, 0x0F, 0xE0, 0x0B, 0x80, 0x00, 0xF0, 0x0B,
    0xF0, 0x0B, 0x80, 0x00, 0xF0, 0x03, 0xF8, 0x0F, 0x80, 0x00, 0xF0, 0x03, 0xFC, 0x0F, 0x80, 0x01,
    0xF0, 0x01, 0xFE, 0x0F, 0x80, 0x01, 0xF0, 0x00, 0xFF, 0x0F, 0x40, 0x01, 0xF0, 0x00, 0x7F, 0x8F,
    0x40, 0x01, 0xF0, 0x00, 0x3F, 0xCF, 0x40, 0x01, 0xF0, 0x00, 0x1F, 0xDF, 0x40, 0x01, 0xF0, 0x00,
    0x0F, 0xFF, 0x40, 0x02, 0xF0, 0x00, 0x07, 0xFF, 0x40, 0x02, 0xF0, 0x00, 0x03, 0xFF, 0x00, 0x3F,
    0xFF, 0x80, 0x01, 0xFF, 0x00, 0x7F, 0xFF, 0xC0, 0x00, 0xFF, 0x00, 0x00, 0x00, 0x00, 0x00, 0xFF,
    0x00, 0x00, 0x00, 0x00, 0x00, 0xFE, 0x00, 0x00, 0x00, 0x00, 0x01, 0xFC, 0x00, 0x00, 0x00, 0x00,
    0x03, 0xF8, 0x00, 0x00, 0x00, 0x00, 0x07, 0xF0, 0x00, 0x00, 0x00, 0x00, 0x1F, 0xC0, 0x00, 0x00,
    0x00, 0x00, 0x2F, 0x00, 0x00, 0x00, 0x00, 0x00, 0x04, 0x00, 0x00, 0x01, 0x40, 0x00, 0x54, 0x07,
    0xFF, 0x40, 0x3F, 0xF4, 0xBF, 0xFC, 0x0F, 0xFF, 0xC0, 0x2F, 0xC2, 0xF6, 0xFD, 0x02, 0xF8, 0x3C,
    0x0F, 0xD0, 0x2F, 0x87, 0x80, 0xFD, 0x02, 0xF8, 0xB4, 0x0F, 0xD0, 0x2F, 0x4F, 0x00, 0xFC, 0x02,
    0xF5, 0xE0, 0x1F, 0xC0, 0x2F, 0x6D, 0x01, 0xFC, 0x03, 0xF3, 0xC0, 0x1F, 0xC0, 0x3F, 0x78, 0x02,
    0xFC, 0x03, 0xFB, 0x40, 0x2F, 0xC0, 0x3F, 0xF0, 0x02, 0xF8, 0x03, 0xFE, 0x00, 0x3F, 0x80, 0x3F,
    0xD0, 0x03, 0xF8, 0x03, 0xFC, 0x00, 0x3F, 0x40, 0x3F, 0x80, 0x03, 0xF0, 0x00, 0x00, 0x00, 0x3F,
    0x00, 0x00, 0x00, 0x03, 0xE0, 0x00, 0x00, 0x00, 0x7D, 0x00, 0x00, 0x00, 0x07, 0xC0, 0x00, 0x00,
    0xBE, 0xF4, 0x00, 0x00, 0x0F, 0xFE, 0x00, 0x00, 0x00, 0xBF, 0xC0, 0x00, 0x00, 0x01, 0x90, 0x00,
    0x00, 0x00, 0x55, 0x55, 0x40, 0x00, 0x00, 0x0B, 0xFF, 0xFF, 0x00, 0x00, 0x00, 0x3F, 0xFF, 0xFC,
    0x00, 0x00, 0x00, 0x55, 0x55, 0x50, 0x00, 0x00, 0x00, 0x00, 0x00, 0x00, 0x00, 0x00, 0x00, 0x00,
    0x00, 0x00, 0x00, 0x00, 0x06, 0xFF, 0x90, 0x00, 0x00, 0x01, 0xFF, 0xFF, 0xF4, 0x00, 0x00, 0x3F,
    0xF9, 0x6F, 0xF8, 0x00, 0x03, 0xFC, 0x00, 0x0F, 0xF8, 0x00, 0x2F, 0xC0, 0x00, 0x0F, 0xF4, 0x01,
    0xFD, 0x00, 0x00, 0x1F, 0xF0, 0x0F, 0xF0, 0x00, 0x00, 0x3F, 0xD0, 0x7F, 0x40, 0x00, 0x00, 0xBF,
    0x82, 0xFC, 0x00, 0x00, 0x01, 0xFF, 0x0F, 0xF0, 0x00, 0x00, 0x03, 0xFC, 0x3F, 0xC0, 0x00, 0x00,
    0x0F, 0xF0, 0xFF, 0x00, 0x00, 0x00, 0x3F, 0xC3, 0xFC, 0x00, 0x00, 0x00, 0xFF, 0x0F, 0xF0, 0x00,
    0x00, 0x03, 0xFC, 0x3F, 0xC0, 0x00, 0x00, 0x0F, 0xE0, 0xFF, 0x00, 0x00, 0x00, 0x7F, 0x83, 0xFC,
    0x00, 0x00, 0x02, 0xFD, 0x0B, 0xF8, 0x00, 0x00, 0x0F, 0xF0, 0x0F, 0xF0, 0x00, 0x00, 0x3F, 0x40,
    0x2F, 0xD0, 0x00, 0x03, 0xFC, 0x00, 0x3F, 0xD0, 0x00, 0x2F, 0xD0, 0x00, 0x7F, 0xE0, 0x07, 0xFD,
    0x00, 0x00, 0x7F, 0xFF, 0xFF, 0xD0, 0x00, 0x00, 0x2F, 0xFF, 0xF8, 0x00, 0x00, 0x00, 0x01, 0x54,
    0x00, 0x00, 0x00, 0x00, 0xFF, 0xFF, 0xE0, 0x00, 0xFF, 0xFF, 0xE0, 0x00, 0xFF, 0xFF, 0xE0, 0x00,
    0x00, 0x00, 0x00, 0x00, 0x00, 0x00, 0x00, 0x00, 0x00, 0x00, 0x00, 0x00, 0x01, 0x54, 0x00, 0x00,
    0x7F, 0xFF, 0x80, 0x02, 0xFF, 0xBF, 0xF0, 0x0B, 0xF4, 0x07, 0xF8, 0x0F, 0xD0, 0x02, 0xFC, 0x2F,
    0xC0, 0x00, 0xFE, 0x3F, 0x80, 0x00, 0xFF, 0x3F, 0x80, 0x00, 0xFF, 0x7F, 0x40, 0x00, 0xFF, 0x7F,
    0x40, 0x00, 0xFF, 0x7F, 0x40, 0x00, 0xFF, 0x7F, 0x40, 0x00, 0xFF, 0x7F, 0x80, 0x00, 0xFE, 0x3F,
    0xC0, 0x01, 0xFC, 0x2F, 0xC0, 0x03, 0xFC, 0x0F, 0xF0, 0x0B, 0xF0, 0x07, 0xFE, 0xBF, 0xD0, 0x00,
    0xFF, 0xFE, 0x00, 0x00, 0x05, 0x50, 0x00, 0x00, 0x00, 0x00, 0x00, 0x00, 0x00, 0x00, 0x0E, 0x00,
    0x03, 0x80, 0x00, 0x00, 0x3C, 0x00, 0x2D, 0x00, 0x00, 0x00, 0xFD, 0x02, 0xF0, 0x00, 0x00, 0x01,
    0xFF, 0xFF, 0x80, 0x00, 0x00, 0x02, 0xFF, 0xF8, 0x00, 0x00, 0x00, 0x01, 0xFE, 0x40, 0x00, 0x00,
    0x00, 0x00, 0x00, 0x00, 0x00, 0x00, 0x00, 0x6F, 0xF9, 0x00, 0x00, 0x00, 0x1F, 0xFF, 0xFF, 0x40,
    0x00, 0x03, 0xFF, 0x96, 0xFF, 0x80, 0x00, 0x3F, 0xC0, 0x00, 0xFF, 0x80, 0x02, 0xFC, 0x00, 0x00,
    0xFF, 0x40, 0x1F, 0xD0, 0x00, 0x01, 0xFF, 0x00, 0xFF, 0x00, 0x00, 0x03, 0xFD, 0x07, 0xF4, 0x00,
    0x00, 0x0B, 0xF8, 0x2F, 0xC0, 0x00, 0x00, 0x1F, 0xF0, 0xFF, 0x00, 0x00, 0x00, 0x3F, 0xC3, 0xFC,
    0x00, 0x00, 0x00, 0xFF, 0x0F, 0xF0, 0x00, 0x00, 0x03, 0xFC, 0x3F, 0xC0, 0x00, 0x00, 0x0F, 0xF0,
    0xFF, 0x00, 0x00, 0x00, 0x3F, 0xC3, 0xFC, 0x00, 0x00, 0x00, 0xFE, 0x0F, 0xF0, 0x00, 0x00, 0x07,
    0xF8, 0x3F, 0xC0, 0x00, 0x00, 0x2F, 0xD0, 0xBF, 0x80, 0x00, 0x00, 0xFF, 0x00, 0xFF, 0x00, 0x00,
    0x03, 0xF4, 0x02, 0xFD, 0x00, 0x00, 0x3F, 0xC0, 0x03, 0xFD, 0x00, 0x02, 0xFD, 0x00, 0x07, 0xFE,
    0x00, 0x7F, 0xD0, 0x00, 0x07, 0xFF, 0xFF, 0xFD, 0x00, 0x00, 0x02, 0xFF, 0xFF, 0x80, 0x00, 0x00,
    0x00, 0x15, 0x40, 0x00, 0x00, 0x00, 0x90, 0x00, 0x60, 0x00, 0xF0, 0x00, 0xF0, 0x00, 0xF4, 0x02,
    0xE0, 0x00, 0xBF, 0xAF, 0xD0, 0x00, 0x3F, 0xFF, 0x80, 0x00, 0x0F, 0xFE, 0x00, 0x00, 0x01, 0x50,
    0x00, 0x00, 0x00, 0x00, 0x00, 0x00, 0x01, 0x54, 0x00, 0x00, 0x7F, 0xFF, 0x80, 0x02, 0xFF, 0xBF,
    0xF0, 0x0B, 0xF4, 0x07, 0xF8, 0x0F, 0xD0, 0x02, 0xFC, 0x2F, 0xC0, 0x00, 0xFE, 0x3F, 0x80, 0x00,
    0xFF, 0x3F, 0x80, 0x00, 0xFF, 0x7F, 0x40, 0x00, 0xFF, 0x7F, 0x40, 0x00, 0xFF, 0x7F, 0x40, 0x00,
    0xFF, 0x7F, 0x40, 0x00, 0xFF, 0x7F, 0x80, 0x00, 0xFE, 0x3F, 0xC0, 0x01, 0xFC, 0x2F, 0xC0, 0x03,
    0xFC, 0x0F, 0xF0, 0x0B, 0xF0, 0x07, 0xFE, 0xBF, 0xD0, 0x00, 0xFF, 0xFE, 0x00, 0x00, 0x05, 0x50,
    0x00, 0x00, 0x00, 0x00, 0x00, 0x00, 0x00, 0x00, 0x00, 0x0B, 0xC0, 0x38, 0x00, 0x00, 0x00, 0xBF,
    0x07, 0xF4, 0x00, 0x00, 0x0B, 0xF8, 0x7F, 0xC0, 0x00, 0x00, 0xBF, 0x47, 0xFD, 0x00, 0x00, 0x07,
    0xD0, 0x7E, 0x40, 0x00, 0x00, 0x18, 0x01, 0x80, 0x00, 0x00, 0x00, 0x00, 0x00, 0x00, 0x00, 0x00,
    0x00, 0x6F, 0xF9, 0x00, 0x00, 0x00, 0x1F, 0xFF, 0xFF, 0x40, 0x00, 0x03, 0xFF, 0x96, 0xFF, 0x80,
    0x00, 0x3F, 0xC0, 0x00, 0xFF, 0x80, 0x02, 0xFC, 0x00, 0x00, 0xFF, 0x40, 0x1F, 0xD0, 0x00, 0x01,
    0xFF, 0x00, 0xFF, 0x00, 0x00, 0x03, 0xFD, 0x07, 0xF4, 0x00, 0x00, 0x0B, 0xF8, 0x2F, 0xC0, 0x00,
    0x00, 0x1F, 0xF0, 0xFF, 0x00, 0x00, 0x00, 0x3F, 0xC3, 0xFC, 0x00, 0x00, 0x00, 0xFF, 0x0F, 0xF0,
    0x00, 0x00, 0x03, 0xFC, 0x3F, 0xC0, 0x00, 0x00, 0x0F, 0xF0, 0xFF, 0x00, 0x00, 0x00, 0x3F, 0xC3,
    0xFC, 0x00, 0x00, 0x00, 0xFE, 0x0F, 0xF0, 0x00, 0x00, 0x07, 0xF8, 0x3F, 0xC0, 0x00, 0x00, 0x2F,
    0xD0, 0xBF, 0x80, 0x00, 0x00, 0xFF, 0x00, 0xFF, 0x00, 0x00, 0x03, 0xF4, 0x02, 0xFD, 0x00, 0x00,
    0x3F, 0xC0, 0x03, 0xFD, 0x00, 0x02, 0xFD, 0x00, 0x07, 0xFE, 0x00, 0x7F, 0xD0, 0x00, 0x07, 0xFF,
    0xFF, 0xFD, 0x00, 0x00, 0x02, 0xFF, 0xFF, 0x80, 0x00, 0x00, 0x00, 0x15, 0x40, 0x00, 0x00, 0x00,
    0x00, 0x00, 0x00, 0x00, 0x00, 0x2E, 0x02, 0xC0, 0x00, 0x1F, 0xC2, 0xF4, 0x00, 0x0F, 0xF1, 0xFD,
    0x00, 0x0B, 0xE0, 0xFD, 0x00, 0x03, 0xE0, 0xFC, 0x00, 0x02, 0xD0, 0x78, 0x00, 0x00, 0x00, 0x04,
    0x00, 0x00, 0x00, 0x00, 0x00, 0x00, 0x00, 0x55, 0x00, 0x00, 0x07, 0xFF, 0xF8, 0x00, 0x0B, 0xFE,
    0xFF, 0xC0, 0x0B, 0xF4, 0x07, 0xF8, 0x03, 0xF4, 0x00, 0xBF, 0x02, 0xFC, 0x00, 0x0F, 0xE0, 0xFE,
    0x00, 0x03, 0xFC, 0x3F, 0x80, 0x00, 0xFF, 0x1F, 0xD0, 0x00, 0x3F, 0xC7, 0xF4, 0x00, 0x0F, 0xF1,
    0xFD, 0x00, 0x03, 0xFC, 0x7F, 0x40, 0x00, 0xFF, 0x1F, 0xE0, 0x00, 0x3F, 0x83, 0xFC, 0x00, 0x1F,
    0xC0, 0xBF, 0x00, 0x0F, 0xF0, 0x0F, 0xF0, 0x0B, 0xF0, 0x01, 0xFF, 0xAF, 0xF4, 0x00, 0x0F, 0xFF,
    0xE0, 0x00, 0x00, 0x15, 0x40, 0x00, 0x00, 0x00, 0x6F, 0xF9, 0x55, 0x55, 0x55, 0x54, 0x00, 0x07,
    0xFF, 0xFF, 0xFF, 0xFF, 0xFF, 0xFC, 0x00, 0x3F, 0xF9, 0x6F, 0xFE, 0xAA, 0xAF, 0xFC, 0x00, 0xFF,
    0x40, 0x03, 0xFE, 0x00, 0x01, 0xFC, 0x03, 0xFC, 0x00, 0x00, 0xFF, 0x40, 0x00, 0xBC, 0x07, 0xF4,
    0x00, 0x00, 0x7F, 0xC0, 0x00, 0x3C, 0x0F, 0xF0, 0x00, 0x00, 0x3F, 0xC0, 0x00, 0x28, 0x1F, 0xD0,
    0x00, 0x00, 0x1F, 0xD0, 0x00, 0x00, 0x2F, 0xC0, 0x00, 0x00, 0x1F, 0xE0, 0x00, 0x00, 0x3F, 0xC0,
    0x00, 0x00, 0x0F, 0xF0, 0x00, 0x00, 0x3F, 0xC0, 0x00, 0x00, 0x0F, 0xF0, 0x00, 0x00, 0x3F, 0xC0,
    0x00, 0x00, 0x0F, 0xFF, 0xFF, 0xC0, 0x3F, 0xC0, 0x00, 0x00, 0x0F, 0xFF, 0xFF, 0xC0, 0x3F, 0xC0,
    0x00, 0x00, 0x0F, 0xF0, 0x00, 0x00, 0x3F, 0xC0, 0x00, 0x00, 0x0F, 0xE0, 0x00, 0x00, 0x3F, 0xC0,
    0x00, 0x00, 0x1F, 0xD0, 0x00, 0x00, 0x3F, 0xC0, 0x00, 0x00, 0x2F, 0xC0, 0x00, 0x00, 0x2F, 0xE0,
    0x00, 0x00, 0x3F, 0xC0, 0x00, 0x04, 0x0F, 0xF0, 0x00, 0x00, 0x3F, 0x40, 0x00, 0x3C, 0x0B, 0xF8,
    0x00, 0x00, 0xFF, 0x00, 0x00, 0x7C, 0x03, 0xFD, 0x00, 0x02, 0xFC, 0x00, 0x00, 0xFC, 0x01, 0xFF,
    0x80, 0x1F, 0xF4, 0x00, 0x06, 0xFC, 0x00, 0x7F, 0xFF, 0xFF, 0xFF, 0xFF, 0xFF, 0xF8, 0x00, 0x0B,
    0xFF, 0xFF, 0xFF, 0xFF, 0xFF, 0xF8, 0x00, 0x00, 0x15, 0x40, 0x00, 0x00, 0x00, 0x00, 0x00, 0x01,
    0x50, 0x00, 0x01, 0x50, 0x00, 0x07, 0xFF, 0xE0, 0x03, 0xFF, 0xF0, 0x02, 0xFF, 0xBF, 0xC1, 0xFE,
    0xBF, 0xC0, 0xBF, 0x00, 0x7F, 0x7E, 0x01, 0xFC, 0x1F, 0xD0, 0x02, 0xFF, 0xC0, 0x0F, 0xD2, 0xFC,
    0x00, 0x0F, 0xF4, 0x00, 0xFD, 0x3F, 0x80, 0x00, 0xFF, 0x00, 0x1F, 0xC3, 0xF8, 0x00, 0x0F, 0xF0,
    0x07, 0xF8, 0x7F, 0x40, 0x00, 0xFE, 0x07, 0xFE, 0x07, 0xF4, 0x00, 0x0F, 0xFF, 0xFE, 0x40, 0x7F,
    0x40, 0x00, 0xFF, 0xF9, 0x00, 0x07, 0xF4, 0x00, 0x0F, 0xF0, 0x00, 0x00, 0x7F, 0x80, 0x00, 0xFF,
    0x00, 0x00, 0x03, 0xFC, 0x00, 0x1F, 0xF4, 0x00, 0x00, 0x2F, 0xC0, 0x03, 0xFF, 0xC0, 0x02, 0x80,
    0xFF, 0x00, 0xBD, 0xFF, 0x41, 0xFC, 0x07, 0xFE, 0xBF, 0x47, 0xFF, 0xFF, 0x00, 0x1F, 0xFF, 0xD0,
    0x1F, 0xFF, 0x80, 0x00, 0x05, 0x40, 0x00, 0x15, 0x40, 0x00, 0x00, 0x00, 0x00, 0xB4, 0x00, 0x00,
    0x00, 0x00, 0x0F, 0xF0, 0x00, 0x00, 0x00, 0x00, 0xFF, 0x80, 0x00, 0x00, 0x00, 0x0F, 0xF4, 0x00,
    0x00, 0x00, 0x00, 0xFD, 0x00, 0x00, 0x00, 0x00, 0x03, 0x40, 0x00, 0x00, 0x00, 0x00, 0x00, 0x00,
    0x00, 0x00, 0x01, 0x55, 0x55, 0x40, 0x00, 0x00, 0x1F, 0xFF, 0xFF, 0xFE, 0x00, 0x00, 0x2B, 0xFE,
    0xAF, 0xFF, 0x00, 0x00, 0x0B, 0xF0, 0x02, 0xFF, 0x00, 0x00, 0x2F, 0xC0, 0x03, 0xFD, 0x00, 0x00,
    0xBF, 0x00, 0x07, 0xF8, 0x00, 0x02, 0xFC, 0x00, 0x1F, 0xE0, 0x00, 0x0B, 0xF0, 0x00, 0x7F, 0x40,
    0x00, 0x3F, 0xC0, 0x02, 0xFC, 0x00, 0x00, 0xFF, 0x00, 0x1F, 0xE0, 0x00, 0x03, 0xFC, 0x01, 0xFE,
    0x00, 0x00, 0x0F, 0xE1, 0xBF, 0xD0, 0x00, 0x00, 0x3F, 0x8F, 0xD0, 0x00, 0x00, 0x00, 0xFE, 0x2F,
    0xD0, 0x00, 0x00, 0x03, 0xF8, 0x2F, 0xD0, 0x00, 0x00, 0x0F, 0xE0, 0x3F, 0xC0, 0x00, 0x00, 0x3F,
    0x80, 0xBF, 0x40, 0x00, 0x00, 0xFE, 0x00, 0xFF, 0x00, 0x00, 0x03, 0xF4, 0x03, 0xFD, 0x00, 0x00,
    0x1F, 0xD0, 0x07, 0xFC, 0x00, 0x00, 0x7F, 0x40, 0x0F, 0xF4, 0x00, 0x01, 0xFD, 0x00, 0x1F, 0xF0,
    0x00, 0xFF, 0xFF, 0xE0, 0x3F, 0xFF, 0xC7, 0xFF, 0xFF, 0x80, 0x2F, 0xFE, 0x00, 0x00, 0x00, 0x00,
    0x05, 0x40, 0x00, 0x00, 0x00, 0x00, 0x00, 0x00, 0x1F, 0x00, 0x00, 0x00, 0x3F, 0x40, 0x00, 0x00,
    0xFF, 0x00, 0x00, 0x02, 0xFC, 0x00, 0x00, 0x07, 0xE0, 0x00, 0x00, 0x0F, 0x00, 0x00, 0x00, 0x04,
    0x00, 0x00, 0x00, 0x00, 0x00, 0x00, 0x01, 0x40, 0x01, 0x40, 0x7F, 0xF4, 0x0F, 0xF8, 0xBF, 0xF8,
    0x2F, 0xFC, 0x02, 0xFC, 0x3F, 0xFC, 0x02, 0xFC, 0xB4, 0xB8, 0x02, 0xF8, 0xF0, 0x10, 0x02, 0xF9,
    0xD0, 0x00, 0x02, 0xF7, 0xC0, 0x00, 0x02, 0xFB, 0x80, 0x00, 0x03, 0xFF, 0x00, 0x00, 0x03, 0xFE,
    0x00, 0x00, 0x03, 0xFD, 0x00, 0x00, 0x03, 0xFC, 0x00, 0x00, 0x03, 0xF8, 0x00, 0x00, 0x03, 0xF4,
    0x00, 0x00, 0x03, 0xF4, 0x00, 0x00, 0x03, 0xF0, 0x00, 0x00, 0x03, 0xF0, 0x00, 0x00, 0x05, 0x55,
    0x55, 0x00, 0x00, 0x00, 0x7F, 0xFF, 0xFF, 0xF8, 0x00, 0x00, 0xAF, 0xFA, 0xBF, 0xFC, 0x00, 0x00,
    0x2F, 0xC0, 0x0B, 0xFC, 0x00, 0x00, 0xBF, 0x00, 0x0F, 0xF4, 0x00, 0x02, 0xFC, 0x00, 0x1F, 0xE0,
    0x00, 0x0B, 0xF0, 0x00, 0x7F, 0x80, 0x00, 0x2F, 0xC0, 0x01, 0xFD, 0x00, 0x00, 0xFF, 0x00, 0x0B,
    0xF0, 0x00, 0x03, 0xFC, 0x00, 0x7F, 0x80, 0x00, 0x0F, 0xF0, 0x07, 0xF8, 0x00, 0x00, 0x3F, 0x86,
    0xFF, 0x40, 0x00, 0x00, 0xFE, 0x3F, 0x40, 0x00, 0x00, 0x03, 0xF8, 0xBF, 0x40, 0x00, 0x00, 0x0F,
    0xE0, 0xBF, 0x40, 0x00, 0x00, 0x3F, 0x80, 0xFF, 0x00, 0x00, 0x00, 0xFE, 0x02, 0xFD, 0x00, 0x00,
    0x03, 0xF8, 0x03, 0xFC, 0x00, 0x00, 0x0F, 0xD0, 0x0F, 0xF4, 0x00, 0x00, 0x7F, 0x40, 0x1F, 0xF0,
    0x00, 0x01, 0xFD, 0x00, 0x3F, 0xD0, 0x00, 0x07, 0xF4, 0x00, 0x7F, 0xC0, 0x03, 0xFF, 0xFF, 0x80,
    0xFF, 0xFF, 0x1F, 0xFF, 0xFE, 0x00, 0xBF, 0xF8, 0x00, 0x00, 0x00, 0x00, 0x15, 0x00, 0x00, 0x00,
    0x00, 0x00, 0x00, 0x00, 0x00, 0x03, 0xF4, 0x00, 0x00, 0x00, 0x00, 0x1F, 0xF0, 0x00, 0x00, 0x00,
    0x00, 0x7F, 0xC0, 0x00, 0x00, 0x00, 0x00, 0x3E, 0x00, 0x00, 0x00, 0x00, 0x00, 0xF4, 0x00, 0x00,
    0x00, 0x00, 0x0B, 0x80, 0x00, 0x00, 0x00, 0x00, 0x74, 0x00, 0x00, 0x00, 0x00, 0x00, 0x00, 0x00,
    0x00, 0x00, 0x01, 0x40, 0x01, 0x40, 0x7F, 0xF4, 0x0F, 0xF8, 0xBF, 0xF8, 0x2F, 0xFC, 0x02, 0xFC,
    0x3F, 0xFC, 0x02, 0xFC, 0xB4, 0xB8, 0x02, 0xF8, 0xF0, 0x10, 0x02, 0xF9, 0xD0, 0x00, 0x02, 0xF7,
    0xC0, 0x00, 0x02, 0xFB, 0x80, 0x00, 0x03, 0xFF, 0x00, 0x00, 0x03, 0xFE, 0x00, 0x00, 0x03, 0xFD,
    0x00, 0x00, 0x03, 0xFC, 0x00, 0x00, 0x03, 0xF8, 0x00, 0x00, 0x03, 0xF4, 0x00, 0x00, 0x03, 0xF4,
    0x00, 0x00, 0x03, 0xF0, 0x00, 0x00, 0x03, 0xF0, 0x00, 0x00, 0x00, 0x00, 0x00, 0x00, 0x00, 0x00,
    0x00, 0x00, 0x07, 0xF0, 0x00, 0x00, 0x0F, 0xF8, 0x00, 0x00, 0x0B, 0xF8, 0x00, 0x00, 0x01, 0xF4,
    0x00, 0x00, 0x01, 0xF0, 0x00, 0x00, 0x03, 0xC0, 0x00, 0x00, 0x0B, 0x00, 0x00, 0x00, 0x00, 0x00,
    0x00, 0x00, 0x00, 0x10, 0x00, 0x00, 0x00, 0x00, 0x00, 0xF4, 0x00, 0xB8, 0x00, 0x00, 0x01, 0xF8,
    0x1F, 0xC0, 0x00, 0x00, 0x01, 0xFE, 0xFC, 0x00, 0x00, 0x00, 0x02, 0xFF, 0xC0, 0x00, 0x00, 0x00,
    0x03, 0xFC, 0x00, 0x00, 0x00, 0x00, 0x03, 0xD0, 0x00, 0x00, 0x00, 0x00, 0x00, 0x00, 0x00, 0x00,
    0x05, 0x55, 0x55, 0x00, 0x00, 0x00, 0x7F, 0xFF, 0xFF, 0xF8, 0x00, 0x00, 0xAF, 0xFA, 0xBF, 0xFC,
    0x00, 0x00, 0x2F, 0xC0, 0x0B, 0xFC, 0x00, 0x00, 0xBF, 0x00, 0x0F, 0xF4, 0x00, 0x02, 0xFC, 0x00,
    0x1F, 0xE0, 0x00, 0x0B, 0xF0, 0x00, 0x7F, 0x80, 0x00, 0x2F, 0xC0, 0x01, 0xFD, 0x00, 0x00, 0xFF,
    0x00, 0x0B, 0xF0, 0x00, 0x03, 0xFC, 0x00, 0x7F, 0x80, 0x00, 0x0F, 0xF0, 0x07, 0xF8, 0x00, 0x00,
    0x3F, 0x86, 0xFF, 0x40, 0x00, 0x00, 0xFE, 0x3F, 0x40, 0x00, 0x00, 0x03, 0xF8, 0xBF, 0x40, 0x00,
    0x00, 0x0F, 0xE0, 0xBF, 0x40, 0x00, 0x00, 0x3F, 0x80, 0xFF, 0x00, 0x00, 0x00, 0xFE, 0x02, 0xFD,
    0x00, 0x00, 0x03, 0xF8, 0x03, 0xFC, 0x00, 0x00, 0x0F, 0xD0, 0x0F, 0xF4, 0x00, 0x00, 0x7F, 0x40,
    0x1F, 0xF0, 0x00, 0x01, 0xFD, 0x00, 0x3F, 0xD0, 0x00, 0x07, 0xF4, 0x00, 0x7F, 0xC0, 0x03, 0xFF,
    0xFF, 0x80, 0xFF, 0xFF, 0x1F, 0xFF, 0xFE, 0x00, 0xBF, 0xF8, 0x00, 0x00, 0x00, 0x00, 0x15, 0x00,
    0x00, 0x00, 0x00, 0x00, 0x02, 0x80, 0x00, 0xD0, 0x01, 0xF0, 0x07, 0xC0, 0x00, 0xBD, 0x2F, 0x40,
    0x00, 0x3F, 0xFE, 0x00, 0x00, 0x1F, 0xF8, 0x00, 0x00, 0x0B, 0xF0, 0x00, 0x00, 0x02, 0x80, 0x00,
    0x00, 0x00, 0x00, 0x00, 0x01, 0x40, 0x01, 0x40, 0x7F, 0xF4, 0x0F, 0xF8, 0xBF, 0xF8, 0x2F, 0xFC,
    0x02, 0xFC, 0x3F, 0xFC, 0x02, 0xFC, 0xB4, 0xB8, 0x02, 0xF8, 0xF0, 0x10, 0x02, 0xF9, 0xD0, 0x00,
    0x02, 0xF7, 0xC0, 0x00, 0x02, 0xFB, 0x80, 0x00, 0x03, 0xFF, 0x00, 0x00, 0x03, 0xFE, 0x00, 0x00,
    0x03, 0xFD, 0x00, 0x00, 0x03, 0xFC, 0x00, 0x00, 0x03, 0xF8, 0x00, 0x00, 0x03, 0xF4, 0x00, 0x00,
    0x03, 0xF4, 0x00, 0x00, 0x03, 0xF0, 0x00, 0x00, 0x03, 0xF0, 0x00, 0x00, 0x00, 0x00, 0x03, 0xC0,
    0x00, 0x00, 0x0F, 0xE0, 0x00, 0x00, 0x7F, 0xD0, 0x00, 0x01, 0xFF, 0x40, 0x00, 0x07, 0xE4, 0x00,
    0x00, 0x06, 0x00, 0x00, 0x00, 0x00, 0x00, 0x00, 0x00, 0x06, 0xFE, 0x00, 0x00, 0xBF, 0xFF, 0xE0,
    0x03, 0xFD, 0x5B, 0xFC, 0x0B, 0xD0, 0x00, 0xFD, 0x0F, 0xC0, 0x00, 0xFD, 0x2F, 0x80, 0x02, 0xFD,
    0x2F, 0x80, 0x01, 0xF8, 0x2F, 0xC0, 0x00, 0x00, 0x1F, 0xF4, 0x00, 0x00, 0x0F, 0xFE, 0x00, 0x00,
    0x07, 0xFF, 0xD0, 0x00, 0x00, 0xFF, 0xFD, 0x00, 0x00, 0x2F, 0xFF, 0xC0, 0x00, 0x02, 0xFF, 0xF0,
    0x00, 0x00, 0x2F, 0xFC, 0x00, 0x00, 0x07, 0xFD, 0x00, 0x00, 0x01, 0xFD, 0x05, 0x00, 0x00, 0xFD,
    0x3F, 0xC0, 0x00, 0xFD, 0xBF, 0x80, 0x00, 0xFC, 0xBF, 0x40, 0x02, 0xF8, 0x7F, 0x80, 0x0F, 0xF0,
    0x2F, 0xFF, 0xFF, 0xC0, 0x07, 0xFF, 0xFD, 0x00, 0x00, 0x15, 0x40, 0x00, 0x00, 0x00, 0x00, 0x00,
    0x00, 0x1F, 0x00, 0x00, 0x0F, 0xD0, 0x00, 0x0F, 0xF0, 0x00, 0x0B, 0xF0, 0x00, 0x07, 0xE0, 0x00,
    0x03, 0xC0, 0x00, 0x00, 0x40, 0x00, 0x00, 0x00, 0x00, 0x00, 0x01, 0x50, 0x00, 0x1F, 0xFF, 0xD0,
    0x1F, 0xE6, 0xFE, 0x0F, 0xC0, 0x1F, 0xCB, 0xD0, 0x0B, 0xF2, 0xF8, 0x00, 0xA0, 0xBF, 0x80, 0x00,
    0x1F, 0xFD, 0x00, 0x02, 0xFF, 0xF4, 0x00, 0x2F, 0xFF, 0xC0, 0x00, 0xBF, 0xFC, 0x00, 0x01, 0xFF,
    0x40, 0x00, 0x0F, 0xE1, 0x90, 0x01, 0xFA, 0xFC, 0x00, 0x7D, 0xBF, 0x00, 0x3F, 0x1F, 0xFA, 0xBF,
    0x41, 0xFF, 0xFE, 0x00, 0x01, 0x54, 0x00, 0x00, 0x00, 0x10, 0x00, 0x00, 0x01, 0xF8, 0x00, 0x00,
    0x03, 0xFE, 0x00, 0x00, 0x0F, 0xFF, 0x40, 0x00, 0x3F, 0x5F, 0xC0, 0x00, 0xF8, 0x02, 0xF0, 0x00,
    0xD0, 0x00, 0x74, 0x00, 0x00, 0x00, 0x00, 0x00, 0x06, 0xFE, 0x00, 0x00, 0xBF, 0xFF, 0xE0, 0x03,
    0xFD, 0x5B, 0xFC, 0x0B, 0xD0, 0x00, 0xFD, 0x0F, 0xC0, 0x00, 0xFD, 0x2F, 0x80, 0x02, 0xFD, 0x2F,
    0x80, 0x01, 0xF8, 0x2F, 0xC0, 0x00, 0x00, 0x1F, 0xF4, 0x00, 0x00, 0x0F, 0xFE, 0x00, 0x00, 0x07,
    0xFF, 0xD0, 0x00, 0x00, 0xFF, 0xFD, 0x00, 0x00, 0x2F, 0xFF, 0xC0, 0x00, 0x02, 0xFF, 0xF0, 0x00,
    0x00, 0x2F, 0xFC, 0x00, 0x00, 0x07, 0xFD, 0x00, 0x00, 0x01, 0xFD, 0x05, 0x00, 0x00, 0xFD, 0x3F,
    0xC0, 0x00, 0xFD, 0xBF, 0x80, 0x00, 0xFC, 0xBF, 0x40, 0x02, 0xF8, 0x7F, 0x80, 0x0F, 0xF0, 0x2F,
    0xFF, 0xFF, 0xC0, 0x07, 0xFF, 0xFD, 0x00, 0x00, 0x15, 0x40, 0x00, 0x00, 0x00, 0x00, 0x00, 0x02,
    0xF0, 0x00, 0x02, 0xFE, 0x00, 0x01, 0xFF, 0xD0, 0x00, 0xFD, 0xFC, 0x00, 0xF8, 0x0F, 0x80, 0xB4,
    0x00, 0xB4, 0x04, 0x00, 0x04, 0x00, 0x00, 0x00, 0x00, 0x01, 0x50, 0x00, 0x1F, 0xFF, 0xD0, 0x1F,
    0xE6, 0xFE, 0x0F, 0xC0, 0x1F, 0xCB, 0xD0, 0x0B, 0xF2, 0xF8, 0x00, 0xA0, 0xBF, 0x80, 0x00, 0x1F,
    0xFD, 0x00, 0x02, 0xFF, 0xF4, 0x00, 0x2F, 0xFF, 0xC0, 0x00, 0xBF, 0xFC, 0x00, 0x01, 0xFF, 0x40,
    0x00, 0x0F, 0xE1, 0x90, 0x01, 0xFA, 0xFC, 0x00, 0x7D, 0xBF, 0x00, 0x3F, 0x1F, 0xFA, 0xBF, 0x41,
    0xFF, 0xFE, 0x00, 0x01, 0x54, 0x00, 0x00, 0x06, 0xFE, 0x00, 0x00, 0xBF, 0xFF, 0xE0, 0x03, 0xFD,
    0x5B, 0xFC, 0x0B, 0xD0, 0x00, 0xFD, 0x0F, 0xC0, 0x00, 0xFD, 0x2F, 0x80, 0x02, 0xFD, 0x2F, 0x80,
    0x01, 0xF8, 0x2F, 0xC0, 0x00, 0x00, 0x1F, 0xF4, 0x00, 0x00, 0x0F, 0xFE, 0x00, 0x00, 0x07, 0xFF,
    0xD0, 0x00, 0x00, 0xFF, 0xFD, 0x00, 0x00, 0x2F, 0xFF, 0xC0, 0x00, 0x02, 0xFF, 0xF0, 0x00, 0x00,
    0x2F, 0xFC, 0x00, 0x00, 0x07, 0xFD, 0x00, 0x00, 0x01, 0xFD, 0x05, 0x00, 0x00, 0xFD, 0x3F, 0xC0,
    0x00, 0xFD, 0xBF, 0x80, 0x00, 0xFC, 0xBF, 0x40, 0x02, 0xF8, 0x7F, 0x80, 0x0F, 0xF0, 0x2F, 0xFF,
    0xFF, 0xC0, 0x07, 0xFF, 0xFD, 0x00, 0x00, 0x1F, 0x40, 0x00, 0x00, 0x0F, 0x00, 0x00, 0x00, 0x0F,
    0xF4, 0x00, 0x00, 0x05, 0xFC, 0x00, 0x00, 0x00, 0xBC, 0x00, 0x00, 0x01, 0xFC, 0x00, 0x00, 0xBF,
    0xF4, 0x00, 0x00, 0x6F, 0x80, 0x00, 0x00, 0x05, 0x40, 0x00, 0x7F, 0xFF, 0x40, 0x7F, 0x9B, 0xF8,
    0x3F, 0x00, 0x7F, 0x2F, 0x40, 0x2F, 0xCB, 0xE0, 0x02, 0x82, 0xFE, 0x00, 0x00, 0x7F, 0xF4, 0x00,
    0x0B, 0xFF, 0xD0, 0x00, 0xBF, 0xFF, 0x00, 0x02, 0xFF, 0xF0, 0x00, 0x07, 0xFD, 0x00, 0x00, 0x3F,
    0x86, 0x40, 0x07, 0xEB, 0xF0, 0x01, 0xF6, 0xFC, 0x00, 0xFC, 0x7F, 0xEA, 0xFD, 0x07, 0xFF, 0xFC,
    0x00, 0x07, 0xD0, 0x00, 0x00, 0xE0, 0x00, 0x00, 0x7F, 0xC0, 0x00, 0x06, 0xFC, 0x00, 0x00, 0x3F,
    0x00, 0x04, 0x1F, 0x80, 0x03, 0xFF, 0xC0, 0x00, 0x6A, 0x40, 0x00, 0x00, 0x40, 0x00, 0x00, 0x01,
    0xF0, 0x00, 0xB4, 0x00, 0xBE, 0x07, 0xE0, 0x00, 0x2F, 0xFF, 0x80, 0x00, 0x0F, 0xFF, 0x00, 0x00,
    0x03, 0xFC, 0x00, 0x00, 0x00, 0xE0, 0x00, 0x00, 0x00, 0x00, 0x00, 0x00, 0x06, 0xFE, 0x00, 0x00,
    0xBF, 0xFF, 0xE0, 0x03, 0xFD, 0x5B, 0xFC, 0x0B, 0xD0, 0x00, 0xFD, 0x0F, 0xC0, 0x00, 0xFD, 0x2F,
    0x80, 0x02, 0xFD, 0x2F, 0x80, 0x01, 0xF8, 0x2F, 0xC0, 0x00, 0x00, 0x1F, 0xF4, 0x00, 0x00, 0x0F,
    0xFE, 0x00, 0x00, 0x07, 0xFF, 0xD0, 0x00, 0x00, 0xFF, 0xFD, 0x00, 0x00, 0x2F, 0xFF, 0xC0, 0x00,
    0x02, 0xFF, 0xF0, 0x00, 0x00, 0x2F, 0xFC, 0x00, 0x00, 0x07, 0xFD, 0x00, 0x00, 0x01, 0xFD, 0x05,
    0x00, 0x00, 0xFD, 0x3F, 0xC0, 0x00, 0xFD, 0xBF, 0x80, 0x00, 0xFC, 0xBF, 0x40, 0x02, 0xF8, 0x7F,
    0x80, 0x0F, 0xF0, 0x2F, 0xFF, 0xFF, 0xC0, 0x07, 0xFF, 0xFD, 0x00, 0x00, 0x15, 0x40, 0x00, 0x00,
    0x00, 0x00, 0x02, 0x80, 0x00, 0xD0, 0x7C, 0x01, 0xF0, 0x0B, 0xD2, 0xF4, 0x00, 0xFF, 0xF8, 0x00,
    0x1F, 0xF8, 0x00, 0x02, 0xFC, 0x00, 0x00, 0x28, 0x00, 0x00, 0x00, 0x00, 0x00, 0x01, 0x50, 0x00,
    0x1F, 0xFF, 0xD0, 0x1F, 0xE6, 0xFE, 0x0F, 0xC0, 0x1F, 0xCB, 0xD0, 0x0B, 0xF2, 0xF8, 0x00, 0xA0,
    0xBF, 0x80, 0x00, 0x1F, 0xFD, 0x00, 0x02, 0xFF, 0xF4, 0x00, 0x2F, 0xFF, 0xC0, 0x00, 0xBF, 0xFC,
    0x00, 0x01, 0xFF, 0x40, 0x00, 0x0F, 0xE1, 0x90, 0x01, 0xFA, 0xFC, 0x00, 0x7D, 0xBF, 0x00, 0x3F,
    0x1F, 0xFA, 0xBF, 0x41, 0xFF, 0xFE, 0x00, 0x01, 0x54, 0x00, 0x15, 0x55, 0x55, 0x55, 0x55, 0x0F,
    0xFF, 0xFF, 0xFF, 0xFF, 0xC7, 0xFE, 0xAF, 0xFE, 0xBF, 0xF1, 0xF8, 0x01, 0xFC, 0x00, 0xFC, 0xBC,
    0x00, 0x7F, 0x00, 0x1F, 0x6E, 0x00, 0x2F, 0xC0, 0x03, 0xD7, 0x40, 0x0B, 0xF0, 0x00, 0xA0, 0x00,
    0x02, 0xFC, 0x00, 0x00, 0x00, 0x00, 0xBF, 0x00, 0x00, 0x00, 0x00, 0x2F, 0xC0, 0x00, 0x00, 0x00,
    0x0B, 0xF0, 0x00, 0x00, 0x00, 0x02, 0xFC, 0x00, 0x00, 0x00, 0x00, 0xFF, 0x00, 0x00, 0x00, 0x00,
    0x3F, 0xC0, 0x00, 0x00, 0x00, 0x0F, 0xF0, 0x00, 0x00, 0x00, 0x03, 0xF8, 0x00, 0x00, 0x00, 0x00,
    0xFE, 0x00, 0x00, 0x00, 0x00, 0x3F, 0x80, 0x00, 0x00, 0x00, 0x0F, 0xE0, 0x00, 0x00, 0x00, 0x03,
    0xF8, 0x00, 0x00, 0x00, 0x00, 0xFE, 0x00, 0x00, 0x00, 0x00, 0x3F, 0x80, 0x00, 0x00, 0x07, 0xFF,
    0xFF, 0xC0, 0x00, 0x03, 0xFF, 0xFF, 0xF0, 0x00, 0x00, 0x00, 0xB0, 0x00, 0x00, 0x00, 0x00, 0x3C,
    0x00, 0x00, 0x00, 0x00, 0x0F, 0xF4, 0x00, 0x00, 0x00, 0x01, 0x7F, 0x00, 0x00, 0x00, 0x00, 0x0B,
    0xC0, 0x00, 0x00, 0x00, 0x47, 0xF0, 0x00, 0x00, 0x00, 0xBF, 0xF4, 0x00, 0x00, 0x00, 0x1A, 0xA0,
    0x00, 0x00, 0x00, 0x54, 0x00, 0x00, 0x3E, 0x00, 0x00, 0x0F, 0x80, 0x00, 0x07, 0xE0, 0x00, 0x02,
    0xF4, 0x00, 0x00, 0xFD, 0x00, 0x0B, 0xFF, 0xFF, 0xD3, 0xFF, 0xFF, 0xF4, 0x07, 0xF4, 0x00, 0x01,
    0xFC, 0x00, 0x00, 0x7F, 0x00, 0x00, 0x1F, 0xC0, 0x00, 0x07, 0xF0, 0x00, 0x02, 0xFC, 0x00, 0x00,
    0xBF, 0x00, 0x00, 0x2F, 0xC0, 0x00, 0x0B, 0xF0, 0x00, 0x02, 0xFC, 0x00, 0x00, 0xFF, 0x00, 0x00,
    0x2F, 0xC0, 0x04, 0x0B, 0xF4, 0x2F, 0x00, 0xFF, 0xFF, 0x40, 0x1F, 0xFF, 0x40, 0x00, 0xB8, 0x00,
    0x00, 0x2D, 0x00, 0x00, 0x0F, 0xF8, 0x00, 0x00, 0x7F, 0x40, 0x00, 0x07, 0xD0, 0x00, 0x43, 0xF0,
    0x00, 0xBF, 0xF8, 0x00, 0x06, 0xA0, 0x00, 0x00, 0x00, 0x00, 0x00, 0x00, 0x00, 0x0B, 0x80, 0x07,
    0xC0, 0x00, 0x00, 0xFD, 0x0B, 0xD0, 0x00, 0x00, 0x0F, 0xEF, 0xD0, 0x00, 0x00, 0x00, 0xFF, 0xE0,
    0x00, 0x00, 0x00, 0x1F, 0xE0, 0x00, 0x00, 0x00, 0x01, 0xE0, 0x00, 0x00, 0x00, 0x00, 0x00, 0x00,
    0x00, 0x15, 0x55, 0x55, 0x55, 0x55, 0x0F, 0xFF, 0xFF, 0xFF, 0xFF, 0xC7, 0xFE, 0xAF, 0xFE, 0xBF,
    0xF1, 0xF8, 0x01, 0xFC, 0x00, 0xFC, 0xBC, 0x00, 0x7F, 0x00, 0x1F, 0x6E, 0x00, 0x2F, 0xC0, 0x03,
    0xD7, 0x40, 0x0B, 0xF0, 0x00, 0xA0, 0x00, 0x02, 0xFC, 0x00, 0x00, 0x00, 0x00, 0xBF, 0x00, 0x00,
    0x00, 0x00, 0x2F, 0xC0, 0x00, 0x00, 0x00, 0x0B, 0xF0, 0x00, 0x00, 0x00, 0x02, 0xFC, 0x00, 0x00,
    0x00, 0x00, 0xFF, 0x00, 0x00, 0x00, 0x00, 0x3F, 0xC0, 0x00, 0x00, 0x00, 0x0F, 0xF0, 0x00, 0x00,
    0x00, 0x03, 0xF8, 0x00, 0x00, 0x00, 0x00, 0xFE, 0x00, 0x00, 0x00, 0x00, 0x3F, 0x80, 0x00, 0x00,
    0x00, 0x0F, 0xE0, 0x00, 0x00, 0x00, 0x03, 0xF8, 0x00, 0x00, 0x00, 0x00, 0xFE, 0x00, 0x00, 0x00,
    0x00, 0x3F, 0x80, 0x00, 0x00, 0x07, 0xFF, 0xFF, 0xC0, 0x00, 0x03, 0xFF, 0xFF, 0xF0, 0x00, 0x00,
    0x00, 0x2E, 0x00, 0x00, 0x1F, 0xE0, 0x00, 0x07, 0xF8, 0x00, 0x00, 0x7E, 0x00, 0x54, 0x0F, 0x00,
    0x3E, 0x0B, 0x80, 0x0F, 0x83, 0xC0, 0x07, 0xE1, 0xC0, 0x02, 0xF4, 0x00, 0x00, 0xFD, 0x00, 0x0B,
    0xFF, 0xFF, 0xD3, 0xFF, 0xFF, 0xF4, 0x07, 0xF4, 0x00, 0x01, 0xFC, 0x00, 0x00, 0x7F, 0x00, 0x00,
    0x1F, 0xC0, 0x00, 0x07, 0xF0, 0x00, 0x02, 0xFC, 0x00, 0x00, 0xBF, 0x00, 0x00, 0x2F, 0xC0, 0x00,
    0x0B, 0xF0, 0x00, 0x02, 0xFC, 0x00, 0x00, 0xFF, 0x00, 0x00, 0x2F, 0xC0, 0x04, 0x0B, 0xF4, 0x2F,
    0x00, 0xFF, 0xFF, 0x40, 0x1F, 0xFF, 0x40, 0x00, 0x54, 0x00, 0x15, 0x55, 0x55, 0x55, 0x55, 0x0F,
    0xFF, 0xFF, 0xFF, 0xFF, 0xC7, 0xFE, 0xAF, 0xFE, 0xBF, 0xF1, 0xF8, 0x01, 0xFC, 0x00, 0xFC, 0xBC,
    0x00, 0x7F, 0x00, 0x1F, 0x6E, 0x00, 0x2F, 0xC0, 0x03, 0xD7, 0x40, 0x0B, 0xF0, 0x00, 0xA0, 0x00,
    0x02, 0xFC, 0x00, 0x00, 0x00, 0x00, 0xBF, 0x00, 0x00, 0x00, 0x00, 0x2F, 0xC0, 0x00, 0x00, 0x00,
    0x0B, 0xF0, 0x00, 0x00, 0x0A, 0xAB, 0xFE, 0xAA, 0x00, 0x03, 0xFF, 0xFF, 0xFF, 0xC0, 0x00, 0xFF,
    0xFF, 0xFF, 0xE0, 0x00, 0x00, 0x0F, 0xF0, 0x00, 0x00, 0x00, 0x03, 0xF8, 0x00, 0x00, 0x00, 0x00,
    0xFE, 0x00, 0x00, 0x00, 0x00, 0x3F, 0x80, 0x00, 0x00, 0x00, 0x0F, 0xE0, 0x00, 0x00, 0x00, 0x03,
    0xF8, 0x00, 0x00, 0x00, 0x00, 0xFE, 0x00, 0x00, 0x00, 0x00, 0x3F, 0x80, 0x00, 0x00, 0x07, 0xFF,
    0xFF, 0xC0, 0x00, 0x03, 0xFF, 0xFF, 0xF0, 0x00, 0x00, 0x15, 0x00, 0x00, 0x03, 0xE0, 0x00, 0x00,
    0x3E, 0x00, 0x00, 0x07, 0xE0, 0x00, 0x00, 0xBD, 0x00, 0x00, 0x0F, 0xD0, 0x00, 0x2F, 0xFF, 0xFF,
    0x43, 0xFF, 0xFF, 0xF4, 0x01, 0xFD, 0x00, 0x00, 0x1F, 0xC0, 0x00, 0x01, 0xFC, 0x00, 0x00, 0x1F,
    0xC0, 0x00, 0x3F, 0xFF, 0xFF, 0x07, 0xFF, 0xFF, 0xF0, 0x17, 0xFD, 0x55, 0x00, 0x2F, 0xC0, 0x00,
    0x02, 0xFC, 0x00, 0x00, 0x2F, 0xC0, 0x00, 0x03, 0xFC, 0x00, 0x00, 0x2F, 0xC0, 0x04, 0x02, 0xFD,
    0x0B, 0xC0, 0x0F, 0xFF, 0xF4, 0x00, 0x7F, 0xFD, 0x00, 0x00, 0x54, 0x00, 0x00, 0x00, 0x00, 0x00,
    0x00, 0x00, 0x00, 0x07, 0xF8, 0x02, 0x00, 0x00, 0x00, 0x7F, 0xFF, 0xBC, 0x00, 0x00, 0x03, 0xDB,
    0xFF, 0xE0, 0x00, 0x00, 0x04, 0x02, 0xFE, 0x00, 0x00, 0x00, 0x00, 0x00, 0x00, 0x00, 0x00, 0x00,
    0x00, 0x00, 0x00, 0x00, 0x15, 0x55, 0x50, 0x01, 0x55, 0x54, 0xFF, 0xFF, 0xC0, 0x0F, 0xFF, 0xF9,
    0xBF, 0xF9, 0x00, 0x1B, 0xFF, 0x80, 0xBF, 0x00, 0x00, 0x07, 0xF0, 0x02, 0xFC, 0x00, 0x00, 0x1F,
    0xC0, 0x0B, 0xF0, 0x00, 0x00, 0xBF, 0x00, 0x2F, 0xC0, 0x00, 0x03, 0xFC, 0x00, 0xBF, 0x00, 0x00,
    0x0F, 0xF0, 0x03, 0xFC, 0x00, 0x00, 0x3F, 0xC0, 0x0F, 0xF0, 0x00, 0x01, 0xFE, 0x00, 0x3F, 0xC0,
    0x00, 0x0B, 0xF8, 0x00, 0xFE, 0x00, 0x00, 0x2F, 0xE0, 0x03, 0xF8, 0x00, 0x00, 0xEF, 0x80, 0x0F,
    0xE0, 0x00, 0x07, 0xBE, 0x00, 0x3F, 0x80, 0x00, 0x2D, 0xF4, 0x00, 0xFE, 0x00, 0x00, 0xF7, 0xD0,
    0x03, 0xF4, 0x00, 0x07, 0x6F, 0x40, 0x0F, 0xD0, 0x00, 0x3C, 0xBD, 0x00, 0x3F, 0x40, 0x01, 0xE2,
    0xF0, 0x00, 0xFE, 0x00, 0x0F, 0x4F, 0xC0, 0x03, 0xFC, 0x00, 0xFC, 0x3F, 0x00, 0x07, 0xFD, 0x5F,
    0xC0, 0xFC, 0x00, 0x0F, 0xFF, 0xFD, 0x03, 0xFF, 0x80, 0x0B, 0xFF, 0xD0, 0x0F, 0xFE, 0x00, 0x01,
    0x50, 0x00, 0x00, 0x00, 0x00, 0x0B, 0x90, 0x00, 0x00, 0x00, 0x3F, 0xFE, 0x1D, 0x00, 0x00, 0x7F,
    0xFF, 0xFC, 0x00, 0x00, 0x60, 0x7F, 0xF4, 0x00, 0x00, 0x00, 0x01, 0x80, 0x00, 0x00, 0x00, 0x00,
    0x00, 0x00, 0x00, 0x00, 0x00, 0x00, 0x00, 0x01, 0x50, 0x00, 0x00, 0x00, 0x1F, 0xFC, 0x00, 0x1F,
    0xC0, 0x7F, 0xFD, 0x00, 0x2F, 0xC0, 0x11, 0xFD, 0x00, 0x3F, 0xC0, 0x01, 0xFC, 0x00, 0x7F, 0xC0,
    0x01, 0xFC, 0x00, 0xBF, 0xC0, 0x01, 0xFC, 0x00, 0xFF, 0xC0, 0x02, 0xFC, 0x01, 0xEF, 0xC0, 0x02,
    0xFC, 0x03, 0xCF, 0xC0, 0x02, 0xFC, 0x03, 0xCF, 0xC0, 0x03, 0xF8, 0x07, 0x8F, 0xC0, 0x03, 0xF8,
    0x0F, 0x5F, 0xC0, 0x03, 0xF4, 0x0F, 0x1F, 0xC0, 0x03, 0xF4, 0x1E, 0x1F, 0x80, 0x03, 0xF4, 0x3D,
    0x2F, 0x80, 0x03, 0xFD, 0xBC, 0x2F, 0xC0, 0x02, 0xFF, 0xF4, 0x2F, 0xFE, 0x00, 0xFF, 0xD0, 0x0F,
    0xFE, 0x00, 0x15, 0x00, 0x01, 0x50, 0x00, 0x01, 0x55, 0x55, 0x00, 0x00, 0x00, 0x0F, 0xFF, 0xFE,
    0x00, 0x00, 0x00, 0x7F, 0xFF, 0xF8, 0x00, 0x00, 0x00, 0x55, 0x55, 0x40, 0x00, 0x00, 0x00, 0x00,
    0x00, 0x00, 0x00, 0x00, 0x00, 0x00, 0x00, 0x00, 0x05, 0x55, 0x54, 0x00, 0x55, 0x55, 0x3F, 0xFF,
    0xF0, 0x03, 0xFF, 0xFE, 0x6F, 0xFE, 0x40, 0x06, 0xFF, 0xE0, 0x2F, 0xC0, 0x00, 0x01, 0xFC, 0x00,
    0xBF, 0x00, 0x00, 0x07, 0xF0, 0x02, 0xFC, 0x00, 0x00, 0x2F, 0xC0, 0x0B, 0xF0, 0x00, 0x00, 0xFF,
    0x00, 0x2F, 0xC0, 0x00, 0x03, 0xFC, 0x00, 0xFF, 0x00, 0x00, 0x0F, 0xF0, 0x03, 0xFC, 0x00, 0x00,
    0x7F, 0x80, 0x0F, 0xF0, 0x00, 0x02, 0xFE, 0x00, 0x3F, 0x80, 0x00, 0x0B, 0xF8, 0x00, 0xFE, 0x00,
    0x00, 0x3B, 0xE0, 0x03, 0xF8, 0x00, 0x01, 0xEF, 0x80, 0x0F, 0xE0, 0x00, 0x0B, 0x7D, 0x00, 0x3F,
    0x80, 0x00, 0x3D, 0xF4, 0x00, 0xFD, 0x00, 0x01, 0xDB, 0xD0, 0x03, 0xF4, 0x00, 0x0F, 0x2F, 0x40,
    0x0F, 0xD0, 0x00, 0x78, 0xBC, 0x00, 0x3F, 0x80, 0x03, 0xD3, 0xF0, 0x00, 0xFF, 0x00, 0x3F, 0x0F,
    0xC0, 0x01, 0xFF, 0x57, 0xF0, 0x3F, 0x00, 0x03, 0xFF, 0xFF, 0x40, 0xFF, 0xE0, 0x02, 0xFF, 0xF4,
    0x03, 0xFF, 0x80, 0x00, 0x54, 0x00, 0x00, 0x00, 0x00, 0x00, 0x3F, 0xFF, 0xF8, 0x00, 0x00, 0x3F,
    0xFF, 0xFC, 0x00, 0x00, 0x3F, 0xFF, 0xF8, 0x00, 0x00, 0x00, 0x00, 0x00, 0x00, 0x00, 0x00, 0x00,
    0x00, 0x00, 0x00, 0x00, 0x00, 0x00, 0x00, 0x01, 0x50, 0x00, 0x00, 0x00, 0x1F, 0xFC, 0x00, 0x1F,
    0xC0, 0x7F, 0xFD, 0x00, 0x2F, 0xC0, 0x11, 0xFD, 0x00, 0x3F, 0xC0, 0x01, 0xFC, 0x00, 0x7F, 0xC0,
    0x01, 0xFC, 0x00, 0xBF, 0xC0, 0x01, 0xFC, 0x00, 0xFF, 0xC0, 0x02, 0xFC, 0x01, 0xEF, 0xC0, 0x02,
    0xFC, 0x03, 0xCF, 0xC0, 0x02, 0xFC, 0x03, 0xCF, 0xC0, 0x03, 0xF8, 0x07, 0x8F, 0xC0, 0x03, 0xF8,
    0x0F, 0x5F, 0xC0, 0x03, 0xF4, 0x0F, 0x1F, 0xC0, 0x03, 0xF4, 0x1E, 0x1F, 0x80, 0x03, 0xF4, 0x3D,
    0x2F, 0x80, 0x03, 0xFD, 0xBC, 0x2F, 0xC0, 0x02, 0xFF, 0xF4, 0x2F, 0xFE, 0x00, 0xFF, 0xD0, 0x0F,
    0xFE, 0x00, 0x15, 0x00, 0x01, 0x50, 0x00, 0x00, 0x00, 0x00, 0x00, 0x00, 0x00, 0x2C, 0x00, 0x0B,
    0x00, 0x00, 0x00, 0xB8, 0x00, 0x3C, 0x00, 0x00, 0x01, 0xF8, 0x07, 0xE0, 0x00, 0x00, 0x03, 0xFF,
    0xFF, 0x00, 0x00, 0x00, 0x03, 0xFF, 0xF0, 0x00, 0x00, 0x00, 0x02, 0xFE, 0x00, 0x00, 0x00, 0x00,
    0x00, 0x00, 0x00, 0x00, 0x55, 0x55, 0x40, 0x05, 0x55, 0x53, 0xFF, 0xFF, 0x00, 0x3F, 0xFF, 0xE6,
    0xFF, 0xE4, 0x00, 0x6F, 0xFE, 0x02, 0xFC, 0x00, 0x00, 0x1F, 0xC0, 0x0B, 0xF0, 0x00, 0x00, 0x7F,
    0x00, 0x2F, 0xC0, 0x00, 0x02, 0xFC, 0x00, 0xBF, 0x00, 0x00, 0x0F, 0xF0, 0x02, 0xFC, 0x00, 0x00,
    0x3F, 0xC0, 0x0F, 0xF0, 0x00, 0x00, 0xFF, 0x00, 0x3F, 0xC0, 0x00, 0x07, 0xF8, 0x00, 0xFF, 0x00,
    0x00, 0x2F, 0xE0, 0x03, 0xF8, 0x00, 0x00, 0xBF, 0x80, 0x0F, 0xE0, 0x00, 0x03, 0xBE, 0x00, 0x3F,
    0x80, 0x00, 0x1E, 0xF8, 0x00, 0xFE, 0x00, 0x00, 0xB7, 0xD0, 0x03, 0xF8, 0x00, 0x03, 0xDF, 0x40,
    0x0F, 0xD0, 0x00, 0x1D, 0xBD, 0x00, 0x3F, 0x40, 0x00, 0xF2, 0xF4, 0x00, 0xFD, 0x00, 0x07, 0x8B,
    0xC0, 0x03, 0xF8, 0x00, 0x3D, 0x3F, 0x00, 0x0F, 0xF0, 0x03, 0xF0, 0xFC, 0x00, 0x1F, 0xF5, 0x7F,
    0x03, 0xF0, 0x00, 0x3F, 0xFF, 0xF4, 0x0F, 0xFE, 0x00, 0x2F, 0xFF, 0x40, 0x3F, 0xF8, 0x00, 0x05,
    0x40, 0x00, 0x00, 0x00, 0x00, 0x24, 0x00, 0x08, 0x00, 0x00, 0x3C, 0x00, 0x2C, 0x00, 0x00, 0x2E,
    0x00, 0x7C, 0x00, 0x00, 0x1F, 0xEB, 0xF4, 0x00, 0x00, 0x0F, 0xFF, 0xE0, 0x00, 0x00, 0x03, 0xFF,
    0x80, 0x00, 0x00, 0x00, 0x54, 0x00, 0x00, 0x00, 0x00, 0x00, 0x00, 0x00, 0x01, 0x50, 0x00, 0x00,
    0x00, 0x1F, 0xFC, 0x00, 0x1F, 0xC0, 0x7F, 0xFD, 0x00, 0x2F, 0xC0, 0x11, 0xFD, 0x00, 0x3F, 0xC0,
    0x01, 0xFC, 0x00, 0x7F, 0xC0, 0x01, 0xFC, 0x00, 0xBF, 0xC0, 0x01, 0xFC, 0x00, 0xFF, 0xC0, 0x02,
    0xFC, 0x01, 0xEF, 0xC0, 0x02, 0xFC, 0x03, 0xCF, 0xC0, 0x02, 0xFC, 0x03, 0xCF, 0xC0, 0x03, 0xF8,
    0x07, 0x8F, 0xC0, 0x03, 0xF8, 0x0F, 0x5F, 0xC0, 0x03, 0xF4, 0x0F, 0x1F, 0xC0, 0x03, 0xF4, 0x1E,
    0x1F, 0x80, 0x03, 0xF4, 0x3D, 0x2F, 0x80, 0x03, 0xFD, 0xBC, 0x2F, 0xC0, 0x02, 0xFF, 0xF4, 0x2F,
    0xFE, 0x00, 0xFF, 0xD0, 0x0F, 0xFE, 0x00, 0x15, 0x00, 0x01, 0x50, 0x00, 0x00, 0x1B, 0xE0, 0x00,
    0x00, 0x00, 0x01, 0xFF, 0xF0, 0x00, 0x00, 0x00, 0x0F, 0x43, 0xC0, 0x00, 0x00, 0x00, 0x3C, 0x0F,
    0x40, 0x00, 0x00, 0x00, 0xF0, 0x3D, 0x00, 0x00, 0x00, 0x03, 0xF7, 0xF0, 0x00, 0x00, 0x00, 0x03,
    0xFE, 0x00, 0x00, 0x00, 0x00, 0x00, 0x00, 0x00, 0x00, 0x55, 0x55, 0x40, 0x05, 0x55, 0x53, 0xFF,
    0xFF, 0x00, 0x3F, 0xFF, 0xE6, 0xFF, 0xE4, 0x00, 0x6F, 0xFE, 0x02, 0xFC, 0x00, 0x00, 0x1F, 0xC0,
    0x0B, 0xF0, 0x00, 0x00, 0x7F, 0x00, 0x2F, 0xC0, 0x00, 0x02, 0xFC, 0x00, 0xBF, 0x00, 0x00, 0x0F,
    0xF0, 0x02, 0xFC, 0x00, 0x00, 0x3F, 0xC0, 0x0F, 0xF0, 0x00, 0x00, 0xFF, 0x00, 0x3F, 0xC0, 0x00,
    0x07, 0xF8, 0x00, 0xFF, 0x00, 0x00, 0x2F, 0xE0, 0x03, 0xF8, 0x00, 0x00, 0xBF, 0x80, 0x0F, 0xE0,
    0x00, 0x03, 0xBE, 0x00, 0x3F, 0x80, 0x00, 0x1E, 0xF8, 0x00, 0xFE, 0x00, 0x00, 0xB7, 0xD0, 0x03,
    0xF8, 0x00, 0x03, 0xDF, 0x40, 0x0F, 0xD0, 0x00, 0x1D, 0xBD, 0x00, 0x3F, 0x40, 0x00, 0xF2, 0xF4,
    0x00, 0xFD, 0x00, 0x07, 0x8B, 0xC0, 0x03, 0xF8, 0x00, 0x3D, 0x3F, 0x00, 0x0F, 0xF0, 0x03, 0xF0,
    0xFC, 0x00, 0x1F, 0xF5, 0x7F, 0x03, 0xF0, 0x00, 0x3F, 0xFF, 0xF4, 0x0F, 0xFE, 0x00, 0x2F, 0xFF,
    0x40, 0x3F, 0xF8, 0x00, 0x05, 0x40, 0x00, 0x00, 0x00, 0x00, 0x00, 0x14, 0x00, 0x00, 0x00, 0x02,
    0xFF, 0xC0, 0x00, 0x00, 0x07, 0xD7, 0xD0, 0x00, 0x00, 0x0F, 0x82, 0xE0, 0x00, 0x00, 0x0F, 0x42,
    0xE0, 0x00, 0x00, 0x0B, 0xC3, 0xD0, 0x00, 0x00, 0x03, 0xFF, 0x80, 0x00, 0x00, 0x00, 0x69, 0x00,
    0x00, 0x00, 0x00, 0x00, 0x00, 0x00, 0x01, 0x50, 0x00, 0x00, 0x00, 0x1F, 0xFC, 0x00, 0x1F, 0xC0,
    0x7F, 0xFD, 0x00, 0x2F, 0xC0, 0x11, 0xFD, 0x00, 0x3F, 0xC0, 0x01, 0xFC, 0x00, 0x7F, 0xC0, 0x01,
    0xFC, 0x00, 0xBF, 0xC0, 0x01, 0xFC, 0x00, 0xFF, 0xC0, 0x02, 0xFC, 0x01, 0xEF, 0xC0, 0x02, 0xFC,
    0x03, 0xCF, 0xC0, 0x02, 0xFC, 0x03, 0xCF, 0xC0, 0x03, 0xF8, 0x07, 0x8F, 0xC0, 0x03, 0xF8, 0x0F,
    0x5F, 0xC0, 0x03, 0xF4, 0x0F, 0x1F, 0xC0, 0x03, 0xF4, 0x1E, 0x1F, 0x80, 0x03, 0xF4, 0x3D, 0x2F,
    0x80, 0x03, 0xFD, 0xBC, 0x2F, 0xC0, 0x02, 0xFF, 0xF4, 0x2F, 0xFE, 0x00, 0xFF, 0xD0, 0x0F, 0xFE,
    0x00, 0x15, 0x00, 0x01, 0x50, 0x00, 0x00, 0x00, 0x00, 0x00, 0x00, 0x00, 0x00, 0x1F, 0x40, 0xB4,
    0x00, 0x00, 0x00, 0xFE, 0x0B, 0xF0, 0x00, 0x00, 0x0F, 0xF4, 0xBF, 0x80, 0x00, 0x00, 0xFE, 0x0B,
    0xF8, 0x00, 0x00, 0x0F, 0xC0, 0xFE, 0x00, 0x00, 0x00, 0x24, 0x02, 0x40, 0x00, 0x00, 0x00, 0x00,
    0x00, 0x00, 0x00, 0x55, 0x55, 0x40, 0x05, 0x55, 0x53, 0xFF, 0xFF, 0x00, 0x3F, 0xFF, 0xE6, 0xFF,
    0xE4, 0x00, 0x6F, 0xFE, 0x02, 0xFC, 0x00, 0x00, 0x1F, 0xC0, 0x0B, 0xF0, 0x00, 0x00, 0x7F, 0x00,
    0x2F, 0xC0, 0x00, 0x02, 0xFC, 0x00, 0xBF, 0x00, 0x00, 0x0F, 0xF0, 0x02, 0xFC, 0x00, 0x00, 0x3F,
    0xC0, 0x0F, 0xF0, 0x00, 0x00, 0xFF, 0x00, 0x3F, 0xC0, 0x00, 0x07, 0xF8, 0x00, 0xFF, 0x00, 0x00,
    0x2F, 0xE0, 0x03, 0xF8, 0x00, 0x00, 0xBF, 0x80, 0x0F, 0xE0, 0x00, 0x03, 0xBE, 0x00, 0x3F, 0x80,
    0x00, 0x1E, 0xF8, 0x00, 0xFE, 0x00, 0x00, 0xB7, 0xD0, 0x03, 0xF8, 0x00, 0x03, 0xDF, 0x40, 0x0F,
    0xD0, 0x00, 0x1D, 0xBD, 0x00, 0x3F, 0x40, 0x00, 0xF2, 0xF4, 0x00, 0xFD, 0x00, 0x07, 0x8B, 0xC0,
    0x03, 0xF8, 0x00, 0x3D, 0x3F, 0x00, 0x0F, 0xF0, 0x03, 0xF0, 0xFC, 0x00, 0x1F, 0xF5, 0x7F, 0x03,
    0xF0, 0x00, 0x3F, 0xFF, 0xF4, 0x0F, 0xFE, 0x00, 0x2F, 0xFF, 0x40, 0x3F, 0xF8, 0x00, 0x05, 0x40,
    0x00, 0x00, 0x00, 0x00, 0x00, 0x00, 0x00, 0x00, 0x00, 0x00, 0x1E, 0x02, 0xC0, 0x00, 0x00, 0x3F,
    0x0B, 0xE0, 0x00, 0x00, 0xFF, 0x1F, 0xE0, 0x00, 0x01, 0xFC, 0x3F, 0x40, 0x00, 0x03, 0xE0, 0xBC,
    0x00, 0x00, 0x0B, 0x41, 0xE0, 0x00, 0x00, 0x01, 0x00, 0x40, 0x00, 0x00, 0x00, 0x00, 0x00, 0x00,
    0x01, 0x50, 0x00, 0x00, 0x00, 0x1F, 0xFC, 0x00, 0x1F, 0xC0, 0x7F, 0xFD, 0x00, 0x2F, 0xC0, 0x11,
    0xFD, 0x00, 0x3F, 0xC0, 0x01, 0xFC, 0x00, 0x7F, 0xC0, 0x01, 0xFC, 0x00, 0xBF, 0xC0, 0x01, 0xFC,
    0x00, 0xFF, 0xC0, 0x02, 0xFC, 0x01, 0xEF, 0xC0, 0x02, 0xFC, 0x03, 0xCF, 0xC0, 0x02, 0xFC, 0x03,
    0xCF, 0xC0, 0x03, 0xF8, 0x07, 0x8F, 0xC0, 0x03, 0xF8, 0x0F, 0x5F, 0xC0, 0x03, 0xF4, 0x0F, 0x1F,
    0xC0, 0x03, 0xF4, 0x1E, 0x1F, 0x80, 0x03, 0xF4, 0x3D, 0x2F, 0x80, 0x03, 0xFD, 0xBC, 0x2F, 0xC0,
    0x02, 0xFF, 0xF4, 0x2F, 0xFE, 0x00, 0xFF, 0xD0, 0x0F, 0xFE, 0x00, 0x15, 0x00, 0x01, 0x50, 0x55,
    0x55, 0x40, 0x05, 0x55, 0x53, 0xFF, 0xFF, 0x00, 0x3F, 0xFF, 0xE6, 0xFF, 0xE4, 0x00, 0x6F, 0xFE,
    0x02, 0xFC, 0x00, 0x00, 0x1F, 0xC0, 0x0B, 0xF0, 0x00, 0x00, 0x7F, 0x00, 0x2F, 0xC0, 0x00, 0x02,
    0xFC, 0x00, 0xBF, 0x00, 0x00, 0x0F, 0xF0, 0x02, 0xFC, 0x00, 0x00, 0x3F, 0xC0, 0x0F, 0xF0, 0x00,
    0x00, 0xFF, 0x00, 0x3F, 0xC0, 0x00, 0x07, 0xF8, 0x00, 0xFF, 0x00, 0x00, 0x2F, 0xE0, 0x03, 0xF8,
    0x00, 0x00, 0xBF, 0x80, 0x0F, 0xE0, 0x00, 0x03, 0xBE, 0x00, 0x3F, 0x80, 0x00, 0x1E, 0xF8, 0x00,
    0xFE, 0x00, 0x00, 0xB7, 0xD0, 0x03, 0xF8, 0x00, 0x03, 0xDF, 0x40, 0x0F, 0xD0, 0x00, 0x1D, 0xBD,
    0x00, 0x3F, 0x40, 0x00, 0xF2, 0xF4, 0x00, 0xFD, 0x00, 0x07, 0x8B, 0xC0, 0x03, 0xF8, 0x00, 0x3D,
    0x3F, 0x00, 0x0F, 0xF0, 0x03, 0xF0, 0xFC, 0x00, 0x1F, 0xF5, 0x7F, 0x03, 0xF0, 0x00, 0x3F, 0xFF,
    0xF4, 0x0F, 0xFE, 0x00, 0x2F, 0xFF, 0x40, 0x3F, 0xF8, 0x00, 0x05, 0x40, 0x00, 0x3D, 0x00, 0x00,
    0x00, 0x00, 0x03, 0xD0, 0x00, 0x00, 0x00, 0x00, 0x3E, 0x00, 0x00, 0x00, 0x00, 0x02, 0xF4, 0x00,
    0x00, 0x00, 0x00, 0x0F, 0xC1, 0x40, 0x00, 0x00, 0x00, 0x3F, 0xEF, 0x00, 0x00, 0x00, 0x00, 0xBF,
    0xF0, 0x00, 0x00, 0x00, 0x00, 0xA9, 0x00, 0x01, 0x50, 0x00, 0x00, 0x00, 0x1F, 0xFC, 0x00, 0x1F,
    0xC0, 0x7F, 0xFD, 0x00, 0x2F, 0xC0, 0x11, 0xFD, 0x00, 0x3F, 0xC0, 0x01, 0xFC, 0x00, 0x7F, 0xC0,
    0x01, 0xFC, 0x00, 0xBF, 0xC0, 0x01, 0xFC, 0x00, 0xFF, 0xC0, 0x02, 0xFC, 0x01, 0xEF, 0xC0, 0x02,
    0xFC, 0x03, 0xCF, 0xC0, 0x02, 0xFC, 0x03, 0xCF, 0xC0, 0x03, 0xF8, 0x07, 0x8F, 0xC0, 0x03, 0xF8,
    0x0F, 0x5F, 0xC0, 0x03, 0xF4, 0x0F, 0x1F, 0xC0, 0x03, 0xF4, 0x1E, 0x1F, 0x80, 0x03, 0xF4, 0x3D,
    0x2F, 0x80, 0x03, 0xFD, 0xBC, 0x2F, 0xC0, 0x02, 0xFF, 0xF4, 0x2F, 0xFE, 0x00, 0xFF, 0xD0, 0x0F,
    0xFE, 0x00, 0x15, 0x00, 0x02, 0xF4, 0x00, 0x00, 0x00, 0x07, 0xC0, 0x00, 0x00, 0x00, 0x0F, 0x40,
    0x00, 0x00, 0x00, 0x3F, 0x00, 0x00, 0x00, 0x00, 0x7F, 0x04, 0x00, 0x00, 0x00, 0x7F, 0xBD, 0x00,
    0x00, 0x00, 0x3F, 0xF8, 0x00, 0x00, 0x00, 0x0B, 0x80, 0x00, 0x00, 0x00, 0x00, 0x00, 0x00, 0x00,
    0x00, 0x00, 0x00, 0x00, 0x00, 0x02, 0xF4, 0x00, 0x00, 0x00, 0x00, 0x00, 0x00, 0x00, 0x2F, 0xF0,
    0x00, 0x00, 0x00, 0x00, 0x00, 0x00, 0x01, 0xFF, 0xF0, 0x00, 0x00, 0x00, 0x00, 0x00, 0x00, 0x1F,
    0xDB, 0xF0, 0x00, 0x00, 0x00, 0x00, 0x00, 0x01, 0xF8, 0x07, 0xE0, 0x00, 0x00, 0x00, 0x00, 0x00,
    0x06, 0x00, 0x02, 0xC0, 0x00, 0x00, 0x00, 0x00, 0x00, 0x00, 0x00, 0x00, 0x00, 0x00, 0x00, 0x15,
    0x55, 0x50, 0x00, 0x04, 0x00, 0x01, 0x55, 0x50, 0xFF, 0xFF, 0xC0, 0x0F, 0xF0, 0x00, 0x1F, 0xFF,
    0xE2, 0xFF, 0xF9, 0x00, 0x3F, 0xC0, 0x00, 0x2B, 0xFE, 0x00, 0xBF, 0x40, 0x00, 0x7F, 0x40, 0x00,
    0x0F, 0x80, 0x01, 0xFE, 0x00, 0x00, 0xFF, 0x00, 0x00, 0x3D, 0x00, 0x03, 0xF8, 0x00, 0x03, 0xFC,
    0x00, 0x01, 0xF0, 0x00, 0x0F, 0xF0, 0x00, 0x0B, 0xF4, 0x00, 0x0B, 0x80, 0x00, 0x2F, 0xC0, 0x00,
    0x2F, 0xE0, 0x00, 0x3D, 0x00, 0x00, 0x7F, 0x40, 0x00, 0xFF, 0xC0, 0x01, 0xF0, 0x00, 0x00, 0xFE,
    0x00, 0x07, 0xFF, 0x00, 0x0B, 0xC0, 0x00, 0x03, 0xFC, 0x00, 0x2F, 0xFD, 0x00, 0x3E, 0x00, 0x00,
    0x0B, 0xF0, 0x00, 0xFB, 0xF8, 0x00, 0xF0, 0x00, 0x00, 0x1F, 0xD0, 0x07, 0xCF, 0xF0, 0x07, 0xC0,
    0x00, 0x00, 0x3F, 0x80, 0x3E, 0x2F, 0xC0, 0x3E, 0x00, 0x00, 0x00, 0xFF, 0x00, 0xF0, 0x7F, 0x40,
    0xF4, 0x00, 0x00, 0x02, 0xFC, 0x0B, 0xC0, 0xFE, 0x07, 0xC0, 0x00, 0x00, 0x07, 0xF4, 0x3D, 0x03,
    0xFC, 0x2E, 0x00, 0x00, 0x00, 0x0F, 0xE1, 0xF0, 0x0B, 0xF0, 0xF4, 0x00, 0x00, 0x00, 0x3F, 0x8F,
    0x80, 0x1F, 0xD3, 0xC0, 0x00, 0x00, 0x00, 0xBF, 0x3D, 0x00, 0x3F, 0x9F, 0x00, 0x00, 0x00, 0x01,
    0xFE, 0xF0, 0x00, 0xFF, 0xF4, 0x00, 0x00, 0x00, 0x03, 0xFF, 0x80, 0x01, 0xFF, 0xC0, 0x00, 0x00,
    0x00, 0x0F, 0xFC, 0x00, 0x03, 0xFF, 0x00, 0x00, 0x00, 0x00, 0x2F, 0xF0, 0x00, 0x0F, 0xF8, 0x00,
    0x00, 0x00, 0x00, 0x10, 0x00, 0x00, 0x00, 0x00, 0x00, 0x00, 0x00, 0x00, 0x00, 0x00, 0x00, 0x00,
    0x00, 0x00, 0x00, 0x07, 0xD0, 0x00, 0x00, 0x00, 0x00, 0x00, 0xFF, 0x00, 0x00, 0x00, 0x00, 0x00,
    0x3F, 0xFC, 0x00, 0x00, 0x00, 0x00, 0x0B, 0xEF, 0xE0, 0x00, 0x00, 0x00, 0x01, 0xF4, 0x2F, 0x40,
    0x00, 0x00, 0x00, 0x3C, 0x00, 0x7C, 0x00, 0x00, 0x00, 0x01, 0x00, 0x00, 0x40, 0x00, 0x00, 0x00,
    0x00, 0x00, 0x00, 0x00, 0x00, 0x14, 0x00, 0x00, 0x00, 0x01, 0x40, 0xBF, 0xF4, 0x00, 0x7E, 0x00,
    0x7F, 0x4B, 0xFF, 0xC0, 0x0B, 0xF0, 0x0F, 0xFC, 0x03, 0xFC, 0x00, 0x7F, 0x00, 0xBF, 0xC0, 0x2F,
    0xC0, 0x07, 0xF0, 0x00, 0xFC, 0x02, 0xFC, 0x00, 0x7F, 0x00, 0x07, 0xC0, 0x3F, 0xC0, 0x07, 0xF0,
    0x00, 0x7C, 0x03, 0xF8, 0x00, 0x7F, 0x00, 0x0B, 0xC0, 0x3F, 0x80, 0x07, 0xF0, 0x00, 0xBC, 0x03,
    0xF8, 0x00, 0xBE, 0x00, 0x0F, 0x80, 0x3F, 0x80, 0x0B, 0xE0, 0x00, 0xF4, 0x03, 0xF4, 0x00, 0xFD,
    0x00, 0x2F, 0x00, 0x3F, 0x40, 0x0F, 0xD0, 0x03, 0xE0, 0x03, 0xF4, 0x02, 0xFD, 0x00, 0x7C, 0x00,
    0x3F, 0x80, 0x3F, 0xD0, 0x0F, 0x80, 0x03, 0xFC, 0x0F, 0xBF, 0x07, 0xF0, 0x00, 0x1F, 0xFF, 0xF3,
    0xFF, 0xFC, 0x00, 0x00, 0xBF, 0xF8, 0x0F, 0xFE, 0x00, 0x00, 0x00, 0x54, 0x00, 0x15, 0x00, 0x00,
    0x00, 0x00, 0x00, 0x00, 0x00, 0x00, 0x00, 0x00, 0x02, 0xF4, 0x00, 0x00, 0x00, 0x00, 0x0B, 0xFC,
    0x00, 0x00, 0x00, 0x00, 0x2F, 0xFF, 0x00, 0x00, 0x00, 0x00, 0x7F, 0x6F, 0xC0, 0x00, 0x00, 0x01,
    0xF4, 0x07, 0xE0, 0x00, 0x00, 0x02, 0x80, 0x00, 0xB0, 0x00, 0x00, 0x00, 0x00, 0x00, 0x00, 0x00,
    0x15, 0x55, 0x50, 0x00, 0x55, 0x54, 0x3F, 0xFF, 0xF0, 0x02, 0xFF, 0xFD, 0x2F, 0xFF, 0x90, 0x01,
    0xBF, 0xF8, 0x02, 0xFD, 0x00, 0x00, 0x0F, 0x40, 0x00, 0xFF, 0x00, 0x00, 0x3E, 0x00, 0x00, 0x7F,
    0x80, 0x00, 0x7C, 0x00, 0x00, 0x3F, 0xC0, 0x00, 0xF8, 0x00, 0x00, 0x1F, 0xE0, 0x01, 0xF0, 0x00,
    0x00, 0x0F, 0xF0, 0x03, 0xD0, 0x00, 0x00, 0x07, 0xF8, 0x0B, 0xC0, 0x00, 0x00, 0x03, 0xFC, 0x0F,
    0x00, 0x00, 0x00, 0x00, 0xFE, 0x3E, 0x00, 0x00, 0x00, 0x00, 0xBF, 0x7C, 0x00, 0x00, 0x00, 0x00,
    0x3F, 0xF4, 0x00, 0x00, 0x00, 0x00, 0x2F, 0xF0, 0x00, 0x00, 0x00, 0x00, 0x0F, 0xD0, 0x00, 0x00,
    0x00, 0x00, 0x1F, 0xD0, 0x00, 0x00, 0x00, 0x00, 0x1F, 0xD0, 0x00, 0x00, 0x00, 0x00, 0x1F, 0xD0,
    0x00, 0x00, 0x00, 0x00, 0x1F, 0xC0, 0x00, 0x00, 0x00, 0x00, 0x1F, 0xC0, 0x00, 0x00, 0x00, 0x00,
    0x2F, 0xC0, 0x00, 0x00, 0x00, 0x07, 0xFF, 0xFF, 0x00, 0x00, 0x00, 0x07, 0xFF, 0xFF, 0x00, 0x00,
    0x00, 0x00, 0x00, 0x00, 0x00, 0x00, 0x2F, 0x00, 0x00, 0x00, 0x1F, 0xE0, 0x00, 0x00, 0x0F, 0xFD,
    0x00, 0x00, 0x0F, 0xDF, 0xC0, 0x00, 0x0B, 0xC0, 0xFC, 0x00, 0x07, 0x80, 0x0B, 0x80, 0x00, 0x40,
    0x00, 0x40, 0x00, 0x00, 0x00, 0x00, 0x00, 0x50, 0x00, 0x05, 0x07, 0xFF, 0x40, 0x0B, 0xF6, 0xFF,
    0xF0, 0x03, 0xFF, 0x02, 0xFC, 0x00, 0xFF, 0xC0, 0xBF, 0x00, 0x07, 0xF0, 0x2F, 0xC0, 0x00, 0xF8,
    0x0B, 0xF0, 0x00, 0x3C, 0x02, 0xFC, 0x00, 0x2F, 0x00, 0xBF, 0x00, 0x0F, 0x40, 0x1F, 0xC0, 0x07,
    0xC0, 0x07, 0xF0, 0x03, 0xE0, 0x00, 0xFD, 0x01, 0xF0, 0x00, 0x3F, 0x80, 0xB8, 0x00, 0x0F, 0xF0,
    0x3C, 0x00, 0x01, 0xFC, 0x2F, 0x00, 0x00, 0x3F, 0xDF, 0x40, 0x00, 0x07, 0xFF, 0xC0, 0x00, 0x00,
    0x7F, 0xD0, 0x00, 0x00, 0x01, 0xF0, 0x00, 0x00, 0x00, 0xB8, 0x00, 0x00, 0x00, 0x3C, 0x00, 0x01,
    0xE0, 0x2E, 0x00, 0x00, 0xFD, 0x1F, 0x00, 0x00, 0x3F, 0xFF, 0x40, 0x00, 0x0B, 0xFF, 0x80, 0x00,
    0x00, 0x69, 0x00, 0x00, 0x00, 0x00, 0x00, 0x10, 0x01, 0x40, 0x00, 0x00, 0x02, 0xFC, 0x0B, 0xF0,
    0x00, 0x00, 0x03, 0xFD, 0x0F, 0xF4, 0x00, 0x00, 0x03, 0xFD, 0x0F, 0xF0, 0x00, 0x00, 0x01, 0xF8,
    0x0B, 0xE0, 0x00, 0x00, 0x00, 0x00, 0x00, 0x00, 0x00, 0x00, 0x00, 0x00, 0x00, 0x00, 0x00, 0x15,
    0x55, 0x50, 0x00, 0x55, 0x54, 0x3F, 0xFF, 0xF0, 0x02, 0xFF, 0xFD, 0x2F, 0xFF, 0x90, 0x01, 0xBF,
    0xF8, 0x02, 0xFD, 0x00, 0x00, 0x0F, 0x40, 0x00, 0xFF, 0x00, 0x00, 0x3E, 0x00, 0x00, 0x7F, 0x80,
    0x00, 0x7C, 0x00, 0x00, 0x3F, 0xC0, 0x00, 0xF8, 0x00, 0x00, 0x1F, 0xE0, 0x01, 0xF0, 0x00, 0x00,
    0x0F, 0xF0, 0x03, 0xD0, 0x00, 0x00, 0x07, 0xF8, 0x0B, 0xC0, 0x00, 0x00, 0x03, 0xFC, 0x0F, 0x00,
    0x00, 0x00, 0x00, 0xFE, 0x3E, 0x00, 0x00, 0x00, 0x00, 0xBF, 0x7C, 0x00, 0x00, 0x00, 0x00, 0x3F,
    0xF4, 0x00, 0x00, 0x00, 0x00, 0x2F, 0xF0, 0x00, 0x00, 0x00, 0x00, 0x0F, 0xD0, 0x00, 0x00, 0x00,
    0x00, 0x1F, 0xD0, 0x00, 0x00, 0x00, 0x00, 0x1F, 0xD0, 0x00, 0x00, 0x00, 0x00, 0x1F, 0xD0, 0x00,
    0x00, 0x00, 0x00, 0x1F, 0xC0, 0x00, 0x00, 0x00, 0x00, 0x1F, 0xC0, 0x00, 0x00, 0x00, 0x00, 0x2F,
    0xC0, 0x00, 0x00, 0x00, 0x07, 0xFF, 0xFF, 0x00, 0x00, 0x00, 0x07, 0xFF, 0xFF, 0x00, 0x00, 0x00,
    0x00, 0x00, 0xB8, 0x00, 0x00, 0x00, 0x0B, 0xF0, 0x00, 0x00, 0x00, 0xBF, 0xC0, 0x00, 0x00, 0x0F,
    0xF8, 0x00, 0x00, 0x00, 0xFD, 0x00, 0x00, 0x00, 0x03, 0x40, 0x00, 0x00, 0x00, 0x00, 0x00, 0x00,
    0x00, 0x55, 0x55, 0x55, 0x54, 0x0B, 0xFF, 0xFF, 0xFF, 0xFC, 0x2F, 0xFA, 0xAA, 0xBF, 0xF0, 0xFD,
    0x00, 0x00, 0xFF, 0x03, 0xE0, 0x00, 0x0F, 0xF4, 0x0F, 0x40, 0x00, 0x7F, 0x80, 0x3C, 0x00, 0x03,
    0xFC, 0x00, 0x00, 0x00, 0x3F, 0xD0, 0x00, 0x00, 0x02, 0xFE, 0x00, 0x00, 0x00, 0x1F, 0xF0, 0x00,
    0x00, 0x00, 0xFF, 0x40, 0x00, 0x00, 0x0B, 0xF8, 0x00, 0x00, 0x00, 0x7F, 0xC0, 0x00, 0x00, 0x03,
    0xFC, 0x00, 0x00, 0x00, 0x2F, 0xE0, 0x00, 0x00, 0x01, 0xFF, 0x00, 0x00, 0x00, 0x0F, 0xF0, 0x00,
    0x00, 0x00, 0xFF, 0x40, 0x00, 0x78, 0x07, 0xF8, 0x00, 0x03, 0xD0, 0x3F, 0xC0, 0x00, 0x0F, 0x43,
    0xFD, 0x00, 0x00, 0xBC, 0x2F, 0xE0, 0x00, 0x1B, 0xF0, 0xFF, 0xFF, 0xFF, 0xFF, 0xC3, 0xFF, 0xFF,
    0xFF, 0xFF, 0x00, 0x00, 0x00, 0x00, 0x00, 0x00, 0x00, 0xB4, 0x00, 0x00, 0x0B, 0xF0, 0x00, 0x00,
    0x7F, 0x80, 0x00, 0x03, 0xF4, 0x00, 0x00, 0x3F, 0x00, 0x00, 0x02, 0xE0, 0x00, 0x00, 0x01, 0x00,
    0x00, 0x00, 0x00, 0x00, 0x00, 0x00, 0x00, 0x00, 0x01, 0xFF, 0xFF, 0xFF, 0x0B, 0xFF, 0xFF, 0xFD,
    0x3F, 0xEA, 0xAF, 0xE0, 0xF8, 0x00, 0x3F, 0x03, 0xC0, 0x02, 0xF0, 0x0F, 0x00, 0x2F, 0x00, 0x00,
    0x01, 0xF4, 0x00, 0x00, 0x0F, 0x80, 0x00, 0x00, 0xF8, 0x00, 0x00, 0x0F, 0xC0, 0x00, 0x00, 0xBC,
    0x00, 0x10, 0x07, 0xC0, 0x03, 0xC0, 0x7D, 0x00, 0x0F, 0x03, 0xE0, 0x00, 0xBC, 0x3F, 0xFF, 0xEB,
    0xF1, 0xFF, 0xFF, 0xFF, 0x83, 0xEB, 0xFF, 0xFD, 0x00, 0x00, 0x01, 0x40, 0x00, 0x00, 0x19, 0x00,
    0x00, 0x00, 0x01, 0xFD, 0x00, 0x00, 0x00, 0x0F, 0xFC, 0x00, 0x00, 0x00, 0x3F, 0xF0, 0x00, 0x00,
    0x00, 0x3F, 0x40, 0x00, 0x00, 0x00, 0x00, 0x00, 0x00, 0x00, 0x00, 0x00, 0x00, 0x00, 0x55, 0x55,
    0x55, 0x54, 0x0B, 0xFF, 0xFF, 0xFF, 0xFC, 0x2F, 0xFA, 0xAA, 0xBF, 0xF0, 0xFD, 0x00, 0x00, 0xFF,
    0x03, 0xE0, 0x00, 0x0F, 0xF4, 0x0F, 0x40, 0x00, 0x7F, 0x80, 0x3C, 0x00, 0x03, 0xFC, 0x00, 0x00,
    0x00, 0x3F, 0xD0, 0x00, 0x00, 0x02, 0xFE, 0x00, 0x00, 0x00, 0x1F, 0xF0, 0x00, 0x00, 0x00, 0xFF,
    0x40, 0x00, 0x00, 0x0B, 0xF8, 0x00, 0x00, 0x00, 0x7F, 0xC0, 0x00, 0x00, 0x03, 0xFC, 0x00, 0x00,
    0x00, 0x2F, 0xE0, 0x00, 0x00, 0x01, 0xFF, 0x00, 0x00, 0x00, 0x0F, 0xF0, 0x00, 0x00, 0x00, 0xFF,
    0x40, 0x00, 0x78, 0x07, 0xF8, 0x00, 0x03, 0xD0, 0x3F, 0xC0, 0x00, 0x0F, 0x43, 0xFD, 0x00, 0x00,
    0xBC, 0x2F, 0xE0, 0x00, 0x1B, 0xF0, 0xFF, 0xFF, 0xFF, 0xFF, 0xC3, 0xFF, 0xFF, 0xFF, 0xFF, 0x00,
    0x00, 0x01, 0x00, 0x00, 0x00, 0x3F, 0x80, 0x00, 0x01, 0xFF, 0x00, 0x00, 0x07, 0xFC, 0x00, 0x00,
    0x0F, 0xF0, 0x00, 0x00, 0x05, 0x00, 0x00, 0x00, 0x00, 0x00, 0x00, 0x00, 0x00, 0x00, 0x00, 0x00,
    0x00, 0x00, 0x7F, 0xFF, 0xFF, 0xC2, 0xFF, 0xFF, 0xFF, 0x4F, 0xFA, 0xAB, 0xF8, 0x3E, 0x00, 0x0F,
    0xC0, 0xF0, 0x00, 0xBC, 0x03, 0xC0, 0x0B, 0xC0, 0x00, 0x00, 0x7D, 0x00, 0x00, 0x03, 0xE0, 0x00,
    0x00, 0x3E, 0x00, 0x00, 0x03, 0xF0, 0x00, 0x00, 0x2F, 0x00, 0x04, 0x01, 0xF0, 0x00, 0xF0, 0x1F,
    0x40, 0x03, 0xC0, 0xF8, 0x00, 0x2F, 0x0F, 0xFF, 0xFA, 0xFC, 0x7F, 0xFF, 0xFF, 0xE0, 0xFA, 0xFF,
    0xFF, 0x40, 0x00, 0x00, 0x50, 0x00, 0x00, 0x00, 0x00, 0x00, 0x00, 0x00, 0xF4, 0x00, 0x7C, 0x00,
    0x00, 0xFC, 0x0B, 0xC0, 0x00, 0x01, 0xFE, 0xFD, 0x00, 0x00, 0x01, 0xFF, 0xD0, 0x00, 0x00, 0x02,
    0xFD, 0x00, 0x00, 0x00, 0x02, 0xD0, 0x00, 0x00, 0x00, 0x00, 0x00, 0x00, 0x01, 0x55, 0x55, 0x55,
    0x50, 0x2F, 0xFF, 0xFF, 0xFF, 0xF0, 0xBF, 0xEA, 0xAA, 0xFF, 0xC3, 0xF4, 0x00, 0x03, 0xFC, 0x0F,
    0x80, 0x00, 0x3F, 0xD0, 0x3D, 0x00, 0x01, 0xFE, 0x00, 0xF0, 0x00, 0x0F, 0xF0, 0x00, 0x00, 0x00,
    0xFF, 0x40, 0x00, 0x00, 0x0B, 0xF8, 0x00, 0x00, 0x00, 0x7F, 0xC0, 0x00, 0x00, 0x03, 0xFD, 0x00,
    0x00, 0x00, 0x2F, 0xE0, 0x00, 0x00, 0x01, 0xFF, 0x00, 0x00, 0x00, 0x0F, 0xF0, 0x00, 0x00, 0x00,
    0xBF, 0x80, 0x00, 0x00, 0x07, 0xFC, 0x00, 0x00, 0x00, 0x3F, 0xC0, 0x00, 0x00, 0x03, 0xFD, 0x00,
    0x01, 0xE0, 0x1F, 0xE0, 0x00, 0x0F, 0x40, 0xFF, 0x00, 0x00, 0x3D, 0x0F, 0xF4, 0x00, 0x02, 0xF0,
    0xBF, 0x80, 0x00, 0x6F, 0xC3, 0xFF, 0xFF, 0xFF, 0xFF, 0x0F, 0xFF, 0xFF, 0xFF, 0xFC, 0x00, 0x00,
    0x00, 0x00, 0x0D, 0x00, 0x0B, 0x00, 0x3E, 0x00, 0xB8, 0x00, 0x3F, 0x0F, 0xC0, 0x00, 0x7F, 0xFC,
    0x00, 0x00, 0xBF, 0xD0, 0x00, 0x00, 0xFD, 0x00, 0x00, 0x01, 0x90, 0x00, 0x00, 0x00, 0x00, 0x00,
    0x00, 0x00, 0x00, 0x01, 0xFF, 0xFF, 0xFF, 0x0B, 0xFF, 0xFF, 0xFD, 0x3F, 0xEA, 0xAF, 0xE0, 0xF8,
    0x00, 0x3F, 0x03, 0xC0, 0x02, 0xF0, 0x0F, 0x00, 0x2F, 0x00, 0x00, 0x01, 0xF4, 0x00, 0x00, 0x0F,
    0x80, 0x00, 0x00, 0xF8, 0x00, 0x00, 0x0F, 0xC0, 0x00, 0x00, 0xBC, 0x00, 0x10, 0x07, 0xC0, 0x03,
    0xC0, 0x7D, 0x00, 0x0F, 0x03, 0xE0, 0x00, 0xBC, 0x3F, 0xFF, 0xEB, 0xF1, 0xFF, 0xFF, 0xFF, 0x83,
    0xEB, 0xFF, 0xFD, 0x00, 0x00, 0x01, 0x40, 0x00, 0x01, 0xAF, 0x90, 0x00, 0x00, 0x07, 0xFF, 0xFF,
    0x80, 0x00, 0x0F, 0xFF, 0xFF, 0xFC, 0x00, 0x0F, 0xF4, 0x01, 0xFF, 0xC0, 0x0F, 0xD0, 0x00, 0x0F,
    0xF8, 0x03, 0xC0, 0x00, 0x00, 0xFF, 0x00, 0x00, 0x00, 0x00, 0x2F, 0xD0, 0x00, 0x00, 0x00, 0x07,
    0xF8, 0x00, 0x00, 0x00, 0x00, 0xFF, 0x00, 0x00, 0x00, 0x00, 0x3F, 0xC0, 0x00, 0x00, 0x00, 0x0F,
    0xF0, 0x00, 0x00, 0x00, 0x03, 0xFC, 0x2F, 0xFF, 0xFF, 0xFF, 0xFF, 0x0F, 0xFF, 0xFF, 0xFF, 0xFF,
    0xC3, 0xFD, 0x55, 0x55, 0x5F, 0xF0, 0xFE, 0x00, 0x00, 0x03, 0xF8, 0x3F, 0x40, 0x00, 0x01, 0xFD,
    0x0F, 0xD0, 0x00, 0x00, 0xFF, 0x03, 0xF8, 0x00, 0x00, 0x3F, 0x80, 0xFF, 0x00, 0x00, 0x3F, 0xC0,
    0x1F, 0xD0, 0x00, 0x2F, 0xD0, 0x03, 0xFD, 0x00, 0x7F, 0xD0, 0x00, 0x3F, 0xFF, 0xFF, 0xD0, 0x00,
    0x02, 0xFF, 0xFF, 0x80, 0x00, 0x00, 0x01, 0x54, 0x00, 0x00, 0x00, 0x00, 0x00, 0x00, 0x01, 0xBE,
    0x40, 0x00, 0x00, 0x00, 0x2F, 0xFF, 0xC0, 0x00, 0x00, 0x02, 0xF4, 0x2F, 0x80, 0x00, 0x00, 0x1F,
    0x80, 0xBF, 0x00, 0x00, 0x00, 0xFC, 0x03, 0xFC, 0x00, 0x00, 0x07, 0xF0, 0x0B, 0xD0, 0x00, 0x00,
    0x2F, 0xC0, 0x00, 0x00, 0x00, 0x00, 0xFE, 0x00, 0x00, 0x00, 0x00, 0x03, 0xF8, 0x00, 0x00, 0x00,
    0x01, 0xAF, 0xFA, 0xA0, 0x00, 0x00, 0x0F, 0xFF, 0xFF, 0xC0, 0x00, 0x00, 0x16, 0xFD, 0x55, 0x00,
    0x00, 0x00, 0x0B, 0xF0, 0x00, 0x00, 0x00, 0x00, 0x2F, 0xC0, 0x00, 0x00, 0x00, 0x00, 0xFF, 0x00,
    0x00, 0x00, 0x00, 0x03, 0xF8, 0x00, 0x00, 0x00, 0x00, 0x0F, 0xE0, 0x00, 0x00, 0x00, 0x00, 0x3F,
    0x40, 0x00, 0x00, 0x00, 0x01, 0xFD, 0x00, 0x00, 0x00, 0x00, 0x07, 0xF0, 0x00, 0x00, 0x00, 0x00,
    0x2F, 0xC0, 0x00, 0x00, 0x00, 0x00, 0xBF, 0x00, 0x00, 0x00, 0x00, 0x03, 0xFC, 0x00, 0x00, 0x00,
    0x00, 0x0F, 0xE0, 0x00, 0x00, 0x05, 0x00, 0x3F, 0x40, 0x00, 0x00, 0xBF, 0x00, 0xFC, 0x00, 0x00,
    0x03, 0xF8, 0x07, 0xE0, 0x00, 0x00, 0x0F, 0xD0, 0x3F, 0x00, 0x00, 0x00, 0x2F, 0xD7, 0xF4, 0x00,
    0x00, 0x00, 0x2F, 0xFF, 0x00, 0x00, 0x00, 0x00, 0x05, 0x40, 0x00, 0x00, 0x00, 0x00, 0x00, 0x00,
    0x00, 0x00, 0x00, 0x01, 0x50, 0x00, 0x00, 0x00, 0x00, 0x00, 0x2F, 0xD0, 0x00, 0x06, 0xFF, 0x90,
    0x00, 0xFF, 0xC0, 0x01, 0xFF, 0xFF, 0xF4, 0x03, 0xFF, 0x00, 0x3F, 0xF9, 0x6F, 0xF8, 0x00, 0xFC,
    0x03, 0xFC, 0x00, 0x0F, 0xF8, 0x03, 0xE0, 0x2F, 0xC0, 0x00, 0x0F, 0xF4, 0x0F, 0x01, 0xFD, 0x00,
    0x00, 0x1F, 0xF0, 0xF4, 0x0F, 0xF0, 0x00, 0x00, 0x3F, 0xEF, 0x80, 0x7F, 0x40, 0x00, 0x00, 0xBF,
    0xF4, 0x02, 0xFC, 0x00, 0x00, 0x01, 0xFF, 0x00, 0x0F, 0xF0, 0x00, 0x00, 0x03, 0xFC, 0x00, 0x3F,
    0xC0, 0x00, 0x00, 0x0F, 0xF0, 0x00, 0xFF, 0x00, 0x00, 0x00, 0x3F, 0xC0, 0x03, 0xFC, 0x00, 0x00,
    0x00, 0xFF, 0x00, 0x0F, 0xF0, 0x00, 0x00, 0x03, 0xFC, 0x00, 0x3F, 0xC0, 0x00, 0x00, 0x0F, 0xE0,
    0x00, 0xFF, 0x00, 0x00, 0x00, 0x7F, 0x80, 0x03, 0xFC, 0x00, 0x00, 0x02, 0xFD, 0x00, 0x0B, 0xF8,
    0x00, 0x00, 0x0F, 0xF0, 0x00, 0x0F, 0xF0, 0x00, 0x00, 0x3F, 0x40, 0x00, 0x2F, 0xD0, 0x00, 0x03,
    0xFC, 0x00, 0x00, 0x3F, 0xD0, 0x00, 0x2F, 0xD0, 0x00, 0x00, 0x7F, 0xE0, 0x07, 0xFD, 0x00, 0x00,
    0x00, 0x7F, 0xFF, 0xFF, 0xD0, 0x00, 0x00, 0x00, 0x2F, 0xFF, 0xF8, 0x00, 0x00, 0x00, 0x00, 0x01,
    0x54, 0x00, 0x00, 0x00, 0x00, 0x00, 0x00, 0x00, 0x00, 0x00, 0x00, 0x00, 0x00, 0x01, 0xFC, 0x00,
    0x00, 0x00, 0x03, 0xFE, 0x00, 0x00, 0x00, 0x03, 0xFE, 0x00, 0x00, 0x00, 0x01, 0xBE, 0x00, 0x01,
    0x54, 0x00, 0x3D, 0x00, 0x7F, 0xFF, 0x80, 0x3C, 0x02, 0xFF, 0xBF, 0xF0, 0xF4, 0x0B, 0xF4, 0x07,
    0xFF, 0xE0, 0x0F, 0xD0, 0x02, 0xFF, 0x80, 0x2F, 0xC0, 0x00, 0xFE, 0x00, 0x3F, 0x80, 0x00, 0xFF,
    0x00, 0x3F, 0x80, 0x00, 0xFF, 0x00, 0x7F, 0x40, 0x00, 0xFF, 0x00, 0x7F, 0x40, 0x00, 0xFF, 0x00,
    0x7F, 0x40, 0x00, 0xFF, 0x00, 0x7F, 0x40, 0x00, 0xFF, 0x00, 0x7F, 0x80, 0x00, 0xFE, 0x00, 0x3F,
    0xC0, 0x01, 0xFC, 0x00, 0x2F, 0xC0, 0x03, 0xFC, 0x00, 0x0F, 0xF0, 0x0B, 0xF0, 0x00, 0x07, 0xFE,
    0xBF, 0xD0, 0x00, 0x00, 0xFF, 0xFE, 0x00, 0x00, 0x00, 0x05, 0x50, 0x00, 0x00, 0x00, 0x00, 0x00,
    0x00, 0x00, 0x00, 0x00, 0x00, 0x00, 0x00, 0x00, 0x00, 0x2F, 0xC5, 0x55, 0x54, 0x00, 0x55, 0x50,
    0xFF, 0x7F, 0xFF, 0xF0, 0x03, 0xFF, 0xC3, 0xFE, 0x6F, 0xFE, 0x40, 0x06, 0xFF, 0x06, 0xF4, 0x2F,
    0xC0, 0x00, 0x01, 0xFC, 0x03, 0xC0, 0xBF, 0x00, 0x00, 0x0B, 0xF0, 0x1F, 0x02, 0xFC, 0x00, 0x00,
    0x2F, 0x80, 0xF0, 0x0B, 0xF0, 0x00, 0x00, 0xFE, 0x2F, 0x40, 0x2F, 0xC0, 0x00, 0x03, 0xFF, 0xF4,
    0x00, 0xFF, 0x00, 0x00, 0x0F, 0xF9, 0x00, 0x03, 0xF8, 0x00, 0x00, 0x7F, 0x80, 0x00, 0x0F, 0xE0,
    0x00, 0x02, 0xFD, 0x00, 0x00, 0x3F, 0x80, 0x00, 0x0F, 0xF4, 0x00, 0x00, 0xFE, 0x00, 0x00, 0x3F,
    0xD0, 0x00, 0x03, 0xF4, 0x00, 0x01, 0xEF, 0x40, 0x00, 0x0F, 0xD0, 0x00, 0x0F, 0x7C, 0x00, 0x00,
    0x3F, 0x40, 0x00, 0x3E, 0xF0, 0x00, 0x00, 0xFD, 0x00, 0x01, 0xDB, 0xC0, 0x00, 0x03, 0xF4, 0x00,
    0x0F, 0x2F, 0x00, 0x00, 0x0F, 0xD0, 0x00, 0x7C, 0xFC, 0x00, 0x00, 0x3F, 0x80, 0x03, 0xD3, 0xF0,
    0x00, 0x00, 0xFF, 0x00, 0x3F, 0x0F, 0xC0, 0x00, 0x02, 0xFF, 0x57, 0xF0, 0x3F, 0x00, 0x00, 0x03,
    0xFF, 0xFF, 0x40, 0xFF, 0xD0, 0x00, 0x03, 0xFF, 0xF4, 0x07, 0xFF, 0x80, 0x00, 0x00, 0x54, 0x00,
    0x00, 0x00, 0x00, 0x00, 0x00, 0x00, 0x00, 0x00, 0x00, 0x00, 0x00, 0x00, 0x00, 0x00, 0x03, 0xF4,
    0x00, 0x00, 0x00, 0x00, 0x0B, 0xFC, 0x00, 0x00, 0x00, 0x00, 0x0B, 0xFC, 0x00, 0x00, 0x00, 0x00,
    0x02, 0xFC, 0x01, 0x50, 0x00, 0x00, 0x00, 0x7C, 0x1F, 0xFC, 0x00, 0x1F, 0xC0, 0xB8, 0x7F, 0xFD,
    0x00, 0x2F, 0xC1, 0xF0, 0x11, 0xFD, 0x00, 0x3F, 0xDB, 0xC0, 0x01, 0xFC, 0x00, 0x7F, 0xFF, 0x00,
    0x01, 0xFC, 0x00, 0xBF, 0xE4, 0x00, 0x01, 0xFC, 0x00, 0xFF, 0xC0, 0x00, 0x02, 0xFC, 0x01, 0xEF,
    0xC0, 0x00, 0x02, 0xFC, 0x03, 0xCF, 0xC0, 0x00, 0x02, 0xFC, 0x03, 0xCF, 0xC0, 0x00, 0x03, 0xF8,
    0x07, 0x8F, 0xC0, 0x00, 0x03, 0xF8, 0x0F, 0x5F, 0xC0, 0x00, 0x03, 0xF4, 0x0F, 0x1F, 0xC0, 0x00,
    0x03, 0xF4, 0x1E, 0x1F, 0x80, 0x00, 0x03, 0xF4, 0x3D, 0x2F, 0x80, 0x00, 0x03, 0xFD, 0xBC, 0x2F,
    0xC0, 0x00, 0x02, 0xFF, 0xF4, 0x2F, 0xFE, 0x00, 0x00, 0xFF, 0xD0, 0x0F, 0xFE, 0x00, 0x00, 0x15,
    0x00, 0x01, 0x50, 0x00, 0x00, 0x00, 0x00, 0x00, 0x00, 0x00, 0x00, 0x00, 0x00, 0x00, 0x00, 0x00,
    0x00, 0x00, 0x00, 0x00, 0x00, 0x00, 0xF4, 0x00, 0x78, 0x00, 0x00, 0x00, 0x00, 0x00, 0x00, 0x00,
    0x01, 0xF8, 0x0F, 0xC0, 0x00, 0x00, 0x00, 0x00, 0x00, 0x00, 0x00, 0x01, 0xFE, 0xFC, 0x00, 0x00,
    0x00, 0x00, 0x00, 0x00, 0x00, 0x00, 0x02, 0xFF, 0xC0, 0x00, 0x00, 0x00, 0x00, 0x00, 0x00, 0x00,
    0x00, 0x02, 0xFD, 0x00, 0x00, 0x00, 0x00, 0x00, 0x00, 0x00, 0x00, 0x00, 0x03, 0xD0, 0x00, 0x00,
    0x00, 0x00, 0x00, 0x00, 0x00, 0x00, 0x00, 0x00, 0x00, 0x00, 0x05, 0x55, 0x55, 0x40, 0x00, 0x00,
    0x01, 0x55, 0x55, 0x55, 0x50, 0x7F, 0xFF, 0xFF, 0xFE, 0x00, 0x00, 0x2F, 0xFF, 0xFF, 0xFF, 0xE0,
    0xAF, 0xFA, 0xAF, 0xFF, 0x80, 0x00, 0xFF, 0xEA, 0xAA, 0xFF, 0x80, 0x2F, 0xC0, 0x01, 0xFF, 0xC0,
    0x03, 0xF0, 0x00, 0x07, 0xFC, 0x00, 0xBF, 0x00, 0x00, 0xBF, 0xC0, 0x0F, 0x80, 0x00, 0x3F, 0xD0,
    0x02, 0xFC, 0x00, 0x00, 0xFF, 0x40, 0x7C, 0x00, 0x02, 0xFE, 0x00, 0x0B, 0xF0, 0x00, 0x01, 0xFF,
    0x01, 0xF0, 0x00, 0x1F, 0xF0, 0x00, 0x2F, 0xC0, 0x00, 0x03, 0xFD, 0x00, 0x00, 0x00, 0xFF, 0x00,
    0x00, 0xFF, 0x00, 0x00, 0x0B, 0xF4, 0x00, 0x00, 0x0B, 0xF4, 0x00, 0x03, 0xFC, 0x00, 0x00, 0x1F,
    0xE0, 0x00, 0x00, 0x7F, 0xC0, 0x00, 0x0F, 0xF0, 0x00, 0x00, 0x7F, 0x80, 0x00, 0x03, 0xFC, 0x00,
    0x00, 0x3F, 0x80, 0x00, 0x01, 0xFE, 0x00, 0x00, 0x3F, 0xD0, 0x00, 0x00, 0xFE, 0x00, 0x00, 0x07,
    0xF8, 0x00, 0x02, 0xFE, 0x00, 0x00, 0x03, 0xF8, 0x00, 0x00, 0x1F, 0xE0, 0x00, 0x0F, 0xF0, 0x00,
    0x00, 0x0F, 0xE0, 0x00, 0x00, 0xBF, 0x40, 0x00, 0xFF, 0x40, 0x00, 0x00, 0x3F, 0x80, 0x00, 0x03,
    0xFC, 0x00, 0x0B, 0xF8, 0x00, 0x00, 0x00, 0xFE, 0x00, 0x00, 0x1F, 0xE0, 0x00, 0x7F, 0xC0, 0x00,
    0x00, 0x03, 0xF8, 0x00, 0x00, 0xFF, 0x40, 0x03, 0xFD, 0x00, 0x02, 0xD0, 0x0F, 0xD0, 0x00, 0x07,
    0xF8, 0x00, 0x2F, 0xE0, 0x00, 0x0F, 0x40, 0x7F, 0x40, 0x00, 0x7F, 0xC0, 0x01, 0xFF, 0x00, 0x00,
    0x7C, 0x01, 0xFD, 0x00, 0x0B, 0xFC, 0x00, 0x0F, 0xF0, 0x00, 0x03, 0xF0, 0x07, 0xF4, 0x06, 0xFF,
    0x80, 0x00, 0xBF, 0x80, 0x00, 0x7F, 0xC7, 0xFF, 0xFF, 0xFF, 0xE0, 0x00, 0x07, 0xFF, 0xFF, 0xFF,
    0xFF, 0x1F, 0xFF, 0xFF, 0xE4, 0x00, 0x00, 0x1F, 0xFF, 0xFF, 0xFF, 0xF8, 0x00, 0x00, 0x00, 0x00,
    0x00, 0x00, 0x00, 0x00, 0x00, 0x00, 0x00, 0x00, 0x00, 0x00, 0x00, 0x00, 0x0E, 0x00, 0x07, 0x00,
    0x00, 0x00, 0x00, 0x00, 0x00, 0x00, 0x2F, 0x00, 0x7C, 0x01, 0x55, 0x55, 0x50, 0x00, 0x00, 0x00,
    0x3F, 0x4B, 0xC0, 0x1F, 0xFF, 0xFF, 0xFF, 0x80, 0x00, 0x00, 0x3F, 0xFD, 0x00, 0x2B, 0xFE, 0xAB,
    0xFF, 0xE0, 0x00, 0x00, 0x7F, 0xE0, 0x00, 0x0B, 0xF0, 0x00, 0x7F, 0xF0, 0x00, 0x00, 0xBF, 0x00,
    0x00, 0x2F, 0xC0, 0x00, 0x2F, 0xF0, 0x00, 0x00, 0xA0, 0x00, 0x00, 0xBF, 0x00, 0x00, 0x3F, 0xD0,
    0x00, 0x00, 0x00, 0x00, 0x02, 0xFC, 0x00, 0x00, 0x7F, 0xC0, 0x00, 0x00, 0x00, 0x00, 0x0B, 0xF0,
    0x00, 0x00, 0xFF, 0x40, 0xFF, 0xFF, 0xFF, 0x40, 0x3F, 0xC0, 0x00, 0x02, 0xFD, 0x07, 0xFF, 0xFF,
    0xFE, 0x00, 0xFF, 0x00, 0x00, 0x07, 0xF8, 0x1F, 0xEA, 0xAB, 0xF0, 0x03, 0xFC, 0x00, 0x00, 0x1F,
    0xE0, 0xBC, 0x00, 0x2F, 0x00, 0x0F, 0xE0, 0x00, 0x00, 0x7F, 0x82, 0xE0, 0x01, 0xF4, 0x00, 0x3F,
    0x80, 0x00, 0x01, 0xFE, 0x0B, 0x00, 0x0F, 0x40, 0x00, 0xFE, 0x00, 0x00, 0x07, 0xF8, 0x00, 0x00,
    0xF8, 0x00, 0x03, 0xF8, 0x00, 0x00, 0x2F, 0xD0, 0x00, 0x0F, 0xC0, 0x00, 0x0F, 0xE0, 0x00, 0x00,
    0xFF, 0x00, 0x00, 0xBC, 0x00, 0x00, 0x3F, 0x80, 0x00, 0x07, 0xF8, 0x00, 0x07, 0xC0, 0x00, 0x00,
    0xFE, 0x00, 0x00, 0x3F, 0xD0, 0x00, 0x7D, 0x00, 0x10, 0x03, 0xF4, 0x00, 0x01, 0xFE, 0x00, 0x03,
    0xE0, 0x01, 0xE0, 0x1F, 0xD0, 0x00, 0x1F, 0xF0, 0x00, 0x3E, 0x00, 0x0F, 0x40, 0x7F, 0x40, 0x02,
    0xFF, 0x00, 0x02, 0xF0, 0x00, 0x7C, 0x01, 0xFD, 0x01, 0xBF, 0xE0, 0x00, 0x2F, 0xFF, 0xEB, 0xF1,
    0xFF, 0xFF, 0xFF, 0xF8, 0x00, 0x00, 0xFF, 0xFF, 0xFF, 0xC7, 0xFF, 0xFF, 0xF9, 0x00, 0x00, 0x02,
    0xFA, 0xFF, 0xFF, 0x00, 0x00, 0x00, 0x00, 0x00, 0x00, 0x00, 0x00, 0x01, 0x40, 0x00, 0x00, 0x00,
    0x00, 0x00, 0x00, 0x00, 0x00, 0x00, 0x00, 0x00, 0x2A, 0xA4, 0x00, 0x1C, 0x00, 0x0A, 0x00, 0x00,
    0x01, 0xFF, 0xF0, 0x00, 0x3D, 0x00, 0xF4, 0x00, 0x00, 0x01, 0xBF, 0xC0, 0x00, 0x7E, 0x1F, 0x80,
    0x00, 0x00, 0x00, 0x7F, 0x00, 0x00, 0xBF, 0xFC, 0x00, 0x00, 0x00, 0x01, 0xFC, 0x00, 0x00, 0xFF,
    0xC0, 0x00, 0x00, 0x00, 0x07, 0xF0, 0x00, 0x01, 0xFD, 0x00, 0x00, 0x00, 0x00, 0x1F, 0xC0, 0x00,
    0x01, 0x90, 0x00, 0x00, 0x00, 0x00, 0xBF, 0x00, 0x00, 0x00, 0x00, 0x00, 0x00, 0x05, 0x42, 0xF8,
    0x00, 0x00, 0x00, 0x00, 0x00, 0x03, 0xFF, 0xFF, 0xE0, 0x02, 0xFF, 0xFF, 0xFF, 0x00, 0x7F, 0xEB,
    0xFF, 0x80, 0x0F, 0xFF, 0xFF, 0xFC, 0x07, 0xF8, 0x00, 0xFE, 0x00, 0x3F, 0xEA, 0xAF, 0xD0, 0x3F,
    0xC0, 0x03, 0xF8, 0x00, 0xF4, 0x00, 0x3E, 0x01, 0xFC, 0x00, 0x1F, 0xE0, 0x03, 0xC0, 0x03, 0xE0,
    0x0F, 0xF0, 0x00, 0xBF, 0x80, 0x0E, 0x00, 0x2F, 0x00, 0x3F, 0x80, 0x03, 0xFE, 0x00, 0x00, 0x02,
    0xF0, 0x01, 0xFD, 0x00, 0x0F, 0xF4, 0x00, 0x00, 0x1F, 0x40, 0x07, 0xF0, 0x00, 0x7B, 0xD0, 0x00,
    0x00, 0xF4, 0x00, 0x2F, 0xC0, 0x03, 0xDF, 0x40, 0x00, 0x0F, 0x80, 0x00, 0xBF, 0x00, 0x0E, 0xBD,
    0x00, 0x00, 0xFC, 0x00, 0x11, 0xFC, 0x00, 0x76, 0xF4, 0x00, 0x0B, 0xC0, 0x03, 0xC7, 0xF4, 0x03,
    0xCF, 0xD0, 0x00, 0x7C, 0x00, 0x1F, 0x0F, 0xE0, 0x1E, 0x3F, 0x40, 0x07, 0xD0, 0x00, 0xF8, 0x2F,
    0xD0, 0xF4, 0xFD, 0x10, 0x3F, 0xFF, 0xAF, 0xE0, 0x3F, 0xFF, 0x83, 0xFF, 0xE2, 0xFF, 0xFF, 0xFF,
    0x40, 0x7F, 0xF8, 0x07, 0xFE, 0x03, 0xEB, 0xFF, 0xFC, 0x00, 0x15, 0x00, 0x05, 0x40, 0x00, 0x00,
    0x05, 0x40, 0x05, 0x55, 0x54, 0x00, 0x00, 0x15, 0x55, 0x50, 0xBF, 0xFF, 0xF4, 0x00, 0x02, 0xFF,
    0xFF, 0xD1, 0xBF, 0xFE, 0x80, 0x00, 0x06, 0xBF, 0xFA, 0x00, 0x3F, 0xC0, 0x00, 0x00, 0x00, 0x7F,
    0x40, 0x00, 0xFF, 0x00, 0x00, 0x00, 0x01, 0xFD, 0x00, 0x03, 0xFC, 0x00, 0x00, 0x00, 0x07, 0xF0,
    0x00, 0x0F, 0xE0, 0x00, 0x00, 0x00, 0x1F, 0xC0, 0x00, 0x3F, 0x80, 0x00, 0x00, 0x00, 0x7F, 0x00,
    0x00, 0xFE, 0x00, 0x00, 0x00, 0x02, 0xFC, 0x00, 0x03, 0xF8, 0x00, 0x00, 0x00, 0x0B, 0xF0, 0x00,
    0x0F, 0xE0, 0x00, 0x00, 0x00, 0x2F, 0xC0, 0x00, 0x3F, 0x80, 0x00, 0x00, 0x00, 0xBF, 0x00, 0x00,
    0xFD, 0x00, 0x00, 0x00, 0x02, 0xFC, 0x00, 0x03, 0xF4, 0x00, 0x00, 0x00, 0x0B, 0xF0, 0x00, 0x1F,
    0xD0, 0x00, 0x00, 0x00, 0x3F, 0xC0, 0x00, 0x7F, 0x40, 0x00, 0x00, 0x00, 0xFF, 0x00, 0x01, 0xFD,
    0x00, 0x00, 0x00, 0x03, 0xFC, 0x00, 0x07, 0xF0, 0x00, 0x06, 0x80, 0x0F, 0xF0, 0x00, 0x1F, 0xC0,
    0x00, 0x2E, 0x00, 0x3F, 0xC0, 0x00, 0x7F, 0x00, 0x00, 0xF8, 0x00, 0xFE, 0x00, 0x02, 0xFC, 0x00,
    0x07, 0xD0, 0x03, 0xF8, 0x00, 0x0B, 0xF0, 0x00, 0x7F, 0x40, 0x0F, 0xE0, 0x03, 0xFF, 0xFF, 0xFF,
    0xFC, 0x00, 0x3F, 0x80, 0x1F, 0xFF, 0xFF, 0xFF, 0xF0, 0x00, 0xFD, 0x00, 0x00, 0x00, 0x00, 0x00,
    0x00, 0x07, 0xF4, 0x00, 0x00, 0x00, 0x00, 0x00, 0x00, 0x2F, 0xC0, 0x00, 0x00, 0x00, 0x00, 0x00,
    0x00, 0xFE, 0x00, 0x00, 0x00, 0x00, 0x00, 0x00, 0x0B, 0xF0, 0x00, 0x00, 0x00, 0x00, 0x00, 0x00,
    0x3F, 0x00, 0x00, 0x00, 0x00, 0x00, 0x00, 0x03, 0xF0, 0x00, 0x00, 0x00, 0x00, 0x00, 0x00, 0x1F,
    0x00, 0x00, 0x00, 0x00, 0x00, 0x00, 0x00, 0x10, 0x00, 0x00, 0x00, 0x00, 0x00, 0x00, 0x00, 0x00,
    0x40, 0x00, 0x00, 0x00, 0x00, 0x00, 0x2F, 0xC0, 0x55, 0x55, 0x40, 0x00, 0x00, 0xFF, 0x4B, 0xFF,
    0xFF, 0x40, 0x00, 0x03, 0xFD, 0x1B, 0xFF, 0xE8, 0x00, 0x00, 0x0F, 0xF0, 0x03, 0xFC, 0x00, 0x00,
    0x00, 0x05, 0x00, 0x0F, 0xF0, 0x00, 0x00, 0x00, 0x00, 0x00, 0x3F, 0xC0, 0x00, 0x00, 0x00, 0x00,
    0x00, 0xFE, 0x00, 0x00, 0x00, 0x05, 0x40, 0x03, 0xF8, 0x00, 0x00, 0x03, 0xFF, 0xC0, 0x0F, 0xE0,
    0x00, 0x00, 0x1F, 0xFF, 0x40, 0x3F, 0x80, 0x00, 0x00, 0x10, 0xFD, 0x00, 0xFE, 0x00, 0x00, 0x00,
    0x03, 0xF4, 0x03, 0xF8, 0x00, 0x00, 0x00, 0x0F, 0xD0, 0x0F, 0xD0, 0x00, 0x00, 0x00, 0x3F, 0x40,
    0x3F, 0x40, 0x00, 0x00, 0x00, 0xFD, 0x01, 0xFD, 0x00, 0x00, 0x00, 0x07, 0xF0, 0x07, 0xF4, 0x00,
    0x00, 0x00, 0x1F, 0xC0, 0x1F, 0xD0, 0x00, 0x00, 0x00, 0x7F, 0x00, 0x7F, 0x00, 0x00, 0x68, 0x01,
    0xFC, 0x01, 0xFC, 0x00, 0x02, 0xE0, 0x07, 0xF0, 0x07, 0xF0, 0x00, 0x0F, 0x80, 0x2F, 0xC0, 0x2F,
    0xC0, 0x00, 0x7D, 0x00, 0xBF, 0x00, 0xBF, 0x00, 0x07, 0xF4, 0x02, 0xFC, 0x3F, 0xFF, 0xFF, 0xFF,
    0xC0, 0x0B, 0xE1, 0xFF, 0xFF, 0xFF, 0xFF, 0x00, 0x2F, 0x40, 0x00, 0x00, 0x00, 0x00, 0x00, 0xFC,
    0x00, 0x00, 0x00, 0x00, 0x00, 0x03, 0xF0, 0x00, 0x00, 0x00, 0x00, 0x00, 0x0F, 0x80, 0x00, 0x00,
    0x00, 0x00, 0x00, 0x3C, 0x00, 0x00, 0x00, 0x00, 0x00, 0xFB, 0xE0, 0x00, 0x00, 0x00, 0x00, 0x0B,
    0xFF, 0x00, 0x00, 0x00, 0x00, 0x00, 0x1F, 0xF4, 0x00, 0x00, 0x00, 0x00, 0x00, 0x1A, 0x00, 0x00,
    0x2A, 0xA4, 0x00, 0x01, 0x07, 0xFF, 0xC0, 0x02, 0xFC, 0x1B, 0xFC, 0x00, 0x3F, 0xD0, 0x1F, 0xC0,
    0x03, 0xFD, 0x02, 0xFC, 0x00, 0x3F, 0xC0, 0x2F, 0xC0, 0x00, 0x50, 0x02, 0xF8, 0x00, 0x00, 0x00,
    0x2F, 0x80, 0x00, 0x00, 0x02, 0xF8, 0x00, 0x15, 0x00, 0x3F, 0x80, 0x3F, 0xFC, 0x03, 0xF8, 0x07,
    0xFF, 0xD0, 0x3F, 0x80, 0x10, 0xFD, 0x03, 0xF8, 0x00, 0x0F, 0xD0, 0x3F, 0x40, 0x00, 0xFD, 0x03,
    0xF4, 0x00, 0x0F, 0xD0, 0x3F, 0x40, 0x00, 0xFD, 0x03, 0xF4, 0x00, 0x1F, 0xC0, 0x3F, 0x40, 0x01,
    0xFC, 0x03, 0xF4, 0x00, 0x1F, 0xC0, 0x3F, 0x40, 0x01, 0xFC, 0x03, 0xF4, 0x00, 0x1F, 0xC0, 0x7F,
    0x00, 0x02, 0xFC, 0x07, 0xF0, 0x00, 0x2F, 0xC0, 0x7F, 0x04, 0x02, 0xFC, 0x03, 0xFF, 0xE0, 0x2F,
    0x80, 0x3F, 0xF8, 0x02, 0xF4, 0x00, 0x54, 0x00, 0x3F, 0x00, 0x00, 0x00, 0x03, 0xF0, 0x00, 0x00,
    0x00, 0x3E, 0x00, 0x00, 0x00, 0x03, 0xC0, 0x00, 0x00, 0x3E, 0xF8, 0x00, 0x00, 0x0B, 0xFF, 0x00,
    0x00, 0x00, 0x7F, 0xD0, 0x00, 0x00, 0x01, 0xA0, 0x00, 0x05, 0x55, 0x40, 0x00, 0x55, 0x55, 0x05,
    0x55, 0x55, 0x07, 0xFF, 0xF4, 0x00, 0x3F, 0xFF, 0xC3, 0xFF, 0xFF, 0xC0, 0xAF, 0xFF, 0x00, 0x0A,
    0xFF, 0x90, 0x6F, 0xFF, 0x90, 0x03, 0xFF, 0xD0, 0x00, 0x1F, 0x00, 0x00, 0xBF, 0x00, 0x00, 0xFB,
    0xFC, 0x00, 0x0B, 0xC0, 0x00, 0x2F, 0xC0, 0x00, 0x3D, 0xBF, 0x40, 0x02, 0xF0, 0x00, 0x0F, 0xF0,
    0x00, 0x0F, 0x4F, 0xF0, 0x00, 0xBC, 0x00, 0x03, 0xFC, 0x00, 0x03, 0xD2, 0xFD, 0x00, 0x2F, 0x00,
    0x00, 0xFF, 0x00, 0x00, 0xF4, 0x3F, 0x80, 0x0B, 0x80, 0x00, 0x3F, 0xC0, 0x00, 0x3D, 0x0B, 0xF0,
    0x02, 0xE0, 0x00, 0x0F, 0xE0, 0x00, 0x0F, 0x00, 0xFE, 0x00, 0xB8, 0x00, 0x03, 0xF8, 0x00, 0x03,
    0xC0, 0x2F, 0xC0, 0x3E, 0x00, 0x00, 0xFE, 0x00, 0x00, 0xF0, 0x03, 0xF8, 0x0F, 0x80, 0x00, 0x3F,
    0x80, 0x00, 0x3C, 0x00, 0xFF, 0x03, 0xE0, 0x00, 0x0F, 0xE0, 0x00, 0x1F, 0x00, 0x1F, 0xE0, 0xF4,
    0x00, 0x03, 0xF8, 0x00, 0x07, 0xC0, 0x03, 0xFC, 0x3D, 0x00, 0x00, 0xFD, 0x00, 0x01, 0xF0, 0x00,
    0x7F, 0x4F, 0x40, 0x00, 0x3F, 0x40, 0x00, 0x7C, 0x00, 0x0F, 0xF3, 0xD0, 0x00, 0x1F, 0xD0, 0x00,
    0x1F, 0x00, 0x01, 0xFD, 0xF4, 0x00, 0x07, 0xF4, 0x00, 0x07, 0xC0, 0x00, 0x3F, 0xFD, 0x00, 0x01,
    0xFD, 0x00, 0x02, 0xF0, 0x00, 0x07, 0xFF, 0x40, 0x00, 0x7F, 0x40, 0x00, 0xBC, 0x00, 0x00, 0xFF,
    0xC0, 0x00, 0x1F, 0xD0, 0x03, 0xFF, 0xF8, 0x00, 0x1F, 0xF0, 0x00, 0x07, 0xF0, 0x01, 0xFF, 0xFF,
    0x00, 0x03, 0xFC, 0x00, 0x02, 0xFC, 0x00, 0x00, 0x00, 0x00, 0x00, 0x10, 0x00, 0x00, 0xFF, 0x00,
    0x00, 0x00, 0x00, 0x00, 0x00, 0x00, 0x00, 0x3F, 0x80, 0x00, 0x00, 0x00, 0x00, 0x00, 0x00, 0x00,
    0x1F, 0xC0, 0x00, 0x00, 0x00, 0x00, 0x00, 0x00, 0x00, 0x0F, 0xE0, 0x00, 0x00, 0x00, 0x00, 0x00,
    0x00, 0x00, 0x0B, 0xE0, 0x00, 0x00, 0x00, 0x00, 0x00, 0x00, 0x00, 0x07, 0xE0, 0x00, 0x00, 0x00,
    0x00, 0x00, 0x00, 0x00, 0x02, 0xE0, 0x00, 0x00, 0x00, 0x00, 0x00, 0x00, 0x00, 0x00, 0x10, 0x00,
    0x00, 0x00, 0x00, 0x00, 0x00, 0x00, 0x00, 0x00, 0x10, 0x00, 0x00, 0x00, 0x00, 0x00, 0x00, 0x01,
    0xFD, 0x05, 0x55, 0x40, 0x00, 0x55, 0x55, 0x03, 0xFE, 0x1F, 0xFF, 0xD0, 0x00, 0xFF, 0xFF, 0x03,
    0xFE, 0x0A, 0xFF, 0xF0, 0x00, 0xAF, 0xF9, 0x02, 0xFD, 0x00, 0xFF, 0xF4, 0x00, 0x07, 0xC0, 0x00,
    0x50, 0x00, 0xFB, 0xFC, 0x00, 0x0B, 0xC0, 0x00, 0x00, 0x00, 0xF6, 0xFD, 0x00, 0x0B, 0xC0, 0x00,
    0x00, 0x00, 0xF4, 0xFF, 0x00, 0x0B, 0xC0, 0x01, 0x50, 0x00, 0xF4, 0xBF, 0x40, 0x0B, 0xC0, 0x2F,
    0xFC, 0x00, 0xF4, 0x3F, 0x80, 0x0B, 0x80, 0x3F, 0xFE, 0x00, 0xF4, 0x2F, 0xC0, 0x0B, 0x80, 0x10,
    0xFE, 0x00, 0xF0, 0x0F, 0xE0, 0x0B, 0x80, 0x00, 0xBE, 0x00, 0xF0, 0x0B, 0xF0, 0x0F, 0x80, 0x00,
    0xFE, 0x00, 0xF0, 0x03, 0xF8, 0x0F, 0x80, 0x00, 0xFE, 0x00, 0xF0, 0x03, 0xFC, 0x0F, 0x80, 0x00,
    0xFE, 0x01, 0xF0, 0x01, 0xFE, 0x0F, 0x40, 0x00, 0xFE, 0x01, 0xF0, 0x00, 0xFF, 0x0F, 0x40, 0x00,
    0xFD, 0x01, 0xF0, 0x00, 0x7F, 0x4F, 0x40, 0x00, 0xFD, 0x01, 0xF0, 0x00, 0x3F, 0xCF, 0x40, 0x00,
    0xFD, 0x01, 0xF0, 0x00, 0x1F, 0xDF, 0x40, 0x00, 0xFD, 0x01, 0xF0, 0x00, 0x0F, 0xFF, 0x40, 0x00,
    0xFD, 0x02, 0xF0, 0x00, 0x07, 0xFF, 0x40, 0x01, 0xFC, 0x02, 0xF0, 0x00, 0x03, 0xFF, 0x00, 0x01,
    0xFC, 0x3F, 0xFF, 0x80, 0x01, 0xFF, 0x00, 0x01, 0xFC, 0x7F, 0xFF, 0xC0, 0x00, 0xFF, 0x00, 0x01,
    0xFC, 0x00, 0x00, 0x00, 0x00, 0x10, 0x00, 0x01, 0xF8, 0x00, 0x00, 0x00, 0x00, 0x00, 0x00, 0x02,
    0xF4, 0x00, 0x00, 0x00, 0x00, 0x00, 0x00, 0x02, 0xF0, 0x00, 0x00, 0x00, 0x00, 0x00, 0x00, 0x03,
    0xE0, 0x00, 0x00, 0x00, 0x00, 0x00, 0x03, 0xEB, 0xC0, 0x00, 0x00, 0x00, 0x00, 0x00, 0x03, 0xFF,
    0x40, 0x00, 0x00, 0x00, 0x00, 0x00, 0x03, 0xFE, 0x00, 0x00, 0x00, 0x00, 0x00, 0x00, 0x00, 0xA4,
    0x00, 0x00, 0x00, 0x00, 0x00, 0x00, 0x00, 0x10, 0x00, 0x00, 0x00, 0x00, 0x00, 0x01, 0xFD, 0x00,
    0x00, 0x00, 0x00, 0x00, 0x03, 0xFF, 0x00, 0x00, 0x00, 0x00, 0x00, 0x03, 0xFF, 0x00, 0x00, 0x00,
    0x00, 0x00, 0x01, 0xFD, 0x00, 0x00, 0x00, 0x00, 0x00, 0x00, 0x10, 0x00, 0x00, 0x00, 0x00, 0x00,
    0x00, 0x00, 0x00, 0x00, 0x00, 0x00, 0x00, 0x00, 0x00, 0x01, 0x40, 0x00, 0x54, 0x00, 0x01, 0x50,
    0x7F, 0xF4, 0x03, 0xFF, 0x40, 0x2F, 0xFC, 0xBF, 0xFC, 0x0F, 0xFF, 0xC0, 0x3F, 0xFE, 0x02, 0xFC,
    0x2F, 0x6F, 0xD0, 0x00, 0xFF, 0x02, 0xF8, 0x3C, 0x0F, 0xD0, 0x00, 0xBF, 0x02, 0xF8, 0x78, 0x0F,
    0xD0, 0x00, 0xBE, 0x02, 0xF8, 0xB4, 0x0F, 0xD0, 0x00, 0xFE, 0x02, 0xF4, 0xF0, 0x0F, 0xD0, 0x00,
    0xFE, 0x02, 0xF5, 0xE0, 0x1F, 0xC0, 0x00, 0xFE, 0x02, 0xF6, 0xD0, 0x1F, 0xC0, 0x00, 0xFE, 0x03,
    0xF3, 0xC0, 0x1F, 0xC0, 0x00, 0xFD, 0x03, 0xF7, 0x80, 0x2F, 0xC0, 0x00, 0xFD, 0x03, 0xFB, 0x40,
    0x2F, 0xC0, 0x00, 0xFD, 0x03, 0xFF, 0x00, 0x2F, 0xC0, 0x00, 0xFD, 0x03, 0xFE, 0x00, 0x3F, 0x80,
    0x00, 0xFD, 0x03, 0xFD, 0x00, 0x3F, 0x80, 0x01, 0xFC, 0x03, 0xFC, 0x00, 0x3F, 0xFF, 0x01, 0xFC,
    0x03, 0xF8, 0x00, 0x1F, 0xF8, 0x01, 0xFC, 0x00, 0x00, 0x00, 0x01, 0x40, 0x01, 0xF8, 0x00, 0x00,
    0x00, 0x00, 0x00, 0x01, 0xF4, 0x00, 0x00, 0x00, 0x00, 0x00, 0x02, 0xF0, 0x00, 0x00, 0x00, 0x00,
    0x00, 0x03, 0xE0, 0x00, 0x00, 0x00, 0x00, 0x03, 0xEB, 0xC0, 0x00, 0x00, 0x00, 0x00, 0x03, 0xFF,
    0x40, 0x00, 0x00, 0x00, 0x00, 0x03, 0xFE, 0x00, 0x00, 0x00, 0x00, 0x00, 0x00, 0xA4, 0x00, 0x00,
    0x00, 0x40, 0x00, 0x10, 0x00, 0x00, 0x01, 0xE0, 0x00, 0xF0, 0x00, 0x00, 0x00, 0xFD, 0x0B, 0xD0,
    0x00, 0x00, 0x00, 0x3F, 0xFF, 0x80, 0x00, 0x00, 0x00, 0x0F, 0xFE, 0x00, 0x00, 0x00, 0x00, 0x07,
    0xF8, 0x00, 0x00, 0x00, 0x00, 0x01, 0xE0, 0x00, 0x00, 0x00, 0x00, 0x00, 0x00, 0x00, 0x00, 0x00,
    0x00, 0x00, 0x54, 0x00, 0x00, 0x00, 0x00, 0x0B, 0xFC, 0x00, 0x00, 0x00, 0x00, 0x0F, 0xFD, 0x00,
    0x00, 0x00, 0x00, 0x0F, 0xFE, 0x00, 0x00, 0x00, 0x00, 0x2E, 0xFF, 0x00, 0x00, 0x00, 0x00, 0x3C,
    0xBF, 0x00, 0x00, 0x00, 0x00, 0x7C, 0x7F, 0x40, 0x00, 0x00, 0x00, 0xB4, 0x3F, 0x80, 0x00, 0x00,
    0x00, 0xF0, 0x3F, 0xC0, 0x00, 0x00, 0x01, 0xF0, 0x2F, 0xD0, 0x00, 0x00, 0x03, 0xD0, 0x1F, 0xE0,
    0x00, 0x00, 0x03, 0xC0, 0x0F, 0xF0, 0x00, 0x00, 0x0B, 0xC0, 0x0F, 0xF0, 0x00, 0x00, 0x0F, 0x40,
    0x0B, 0xF4, 0x00, 0x00, 0x0F, 0xAA, 0xAF, 0xF8, 0x00, 0x00, 0x2F, 0xFF, 0xFF, 0xFC, 0x00, 0x00,
    0x3E, 0x55, 0x57, 0xFC, 0x00, 0x00, 0x7C, 0x00, 0x01, 0xFE, 0x00, 0x00, 0xB8, 0x00, 0x00, 0xFF,
    0x00, 0x00, 0xF4, 0x00, 0x00, 0xFF, 0x00, 0x01, 0xF0, 0x00, 0x00, 0xBF, 0x40, 0x03, 0xE0, 0x00,
    0x00, 0xBF, 0x80, 0x7F, 0xFF, 0x40, 0x0F, 0xFF, 0xFD, 0xBF, 0xFF, 0x40, 0x0F, 0xFF, 0xFD, 0x00,
    0x00, 0x00, 0x00, 0x00, 0x03, 0x80, 0x01, 0xC0, 0x00, 0x0B, 0xC0, 0x1F, 0x00, 0x00, 0x0F, 0xD2,
    0xF0, 0x00, 0x00, 0x0F, 0xFF, 0x40, 0x00, 0x00, 0x1F, 0xF8, 0x00, 0x00, 0x00, 0x2F, 0xC0, 0x00,
    0x00, 0x00, 0x28, 0x00, 0x00, 0x00, 0x00, 0x00, 0x00, 0x00, 0x00, 0x05, 0x40, 0x00, 0x00, 0x03,
    0xFF, 0xFB, 0xF0, 0x00, 0x7F, 0xFB, 0xFF, 0x80, 0x03, 0xF8, 0x00, 0xFE, 0x00, 0x3F, 0xC0, 0x03,
    0xF8, 0x01, 0xFD, 0x00, 0x1F, 0xE0, 0x0B, 0xF0, 0x00, 0xBF, 0x80, 0x3F, 0x80, 0x03, 0xFE, 0x01,
    0xFD, 0x00, 0x0F, 0xF8, 0x07, 0xF4, 0x00, 0x7B, 0xD0, 0x1F, 0xC0, 0x03, 0xDF, 0x40, 0x7F, 0x00,
    0x0E, 0xBD, 0x01, 0xFC, 0x00, 0x76, 0xF4, 0x07, 0xF4, 0x03, 0xCF, 0xD0, 0x0F, 0xE0, 0x0E, 0x3F,
    0x40, 0x2F, 0xD0, 0xF4, 0xFD, 0x10, 0x3F, 0xFF, 0x83, 0xFF, 0xD0, 0x7F, 0xF8, 0x07, 0xFE, 0x00,
    0x15, 0x00, 0x01, 0x40, 0x10, 0x00, 0x00, 0x3D, 0x00, 0x2E, 0x1F, 0x81, 0xFC, 0x0B, 0xFB, 0xF0,
    0x02, 0xFF, 0xC0, 0x00, 0xFF, 0x00, 0x00, 0x3C, 0x00, 0x00, 0x00, 0x00, 0x05, 0x55, 0x54, 0x2F,
    0xFF, 0xFC, 0x1B, 0xFF, 0xE4, 0x00, 0xFF, 0x00, 0x00, 0xFF, 0x00, 0x00, 0xFF, 0x00, 0x00, 0xFF,
    0x00, 0x00, 0xFE, 0x00, 0x00, 0xFE, 0x00, 0x00, 0xFE, 0x00, 0x00, 0xFE, 0x00, 0x00, 0xFE, 0x00,
    0x00, 0xFE, 0x00, 0x00, 0xFD, 0x00, 0x00, 0xFD, 0x00, 0x01, 0xFD, 0x00, 0x01, 0xFD, 0x00, 0x01,
    0xFD, 0x00, 0x01, 0xFD, 0x00, 0x01, 0xFC, 0x00, 0x01, 0xFC, 0x00, 0x02, 0xFD, 0x00, 0x7F, 0xFF,
    0xF0, 0x7F, 0xFF, 0xF0, 0x00, 0x00, 0x00, 0x70, 0x00, 0x34, 0x7D, 0x01, 0xF0, 0x2F, 0x47, 0xD0,
    0x0F, 0xFF, 0x80, 0x03, 0xFF, 0x00, 0x01, 0xFC, 0x00, 0x00, 0x60, 0x00, 0x00, 0x00, 0x00, 0x00,
    0x54, 0x00, 0x0F, 0xFE, 0x00, 0x1F, 0xFF, 0x00, 0x04, 0x3F, 0x40, 0x00, 0x3F, 0x40, 0x00, 0x3F,
    0x40, 0x00, 0x7F, 0x00, 0x00, 0x7F, 0x00, 0x00, 0x7F, 0x00, 0x00, 0xBF, 0x00, 0x00, 0xBF, 0x00,
    0x00, 0xBF, 0x00, 0x00, 0xFE, 0x00, 0x00, 0xFE, 0x00, 0x00, 0xFE, 0x00, 0x00, 0xFE, 0x04, 0x00,
    0xFF, 0xFC, 0x00, 0x7F, 0xE0, 0x00, 0x05, 0x00, 0x00, 0x01, 0x00, 0x00, 0x00, 0x00, 0x00, 0x0F,
    0x00, 0x0B, 0x40, 0x00, 0x00, 0x2F, 0x81, 0xF8, 0x00, 0x00, 0x00, 0x2F, 0xFF, 0xC0, 0x00, 0x00,
    0x00, 0x3F, 0xFC, 0x00, 0x00, 0x00, 0x00, 0x3F, 0xC0, 0x00, 0x00, 0x00, 0x00, 0x3C, 0x00, 0x00,
    0x00, 0x00, 0x00, 0x00, 0x00, 0x00, 0x00, 0x00, 0x6F, 0xF9, 0x00, 0x00, 0x00, 0x1F, 0xFF, 0xFF,
    0x40, 0x00, 0x03, 0xFF, 0x96, 0xFF, 0x80, 0x00, 0x3F, 0xC0, 0x00, 0xFF, 0x80, 0x02, 0xFC, 0x00,
    0x00, 0xFF, 0x40, 0x1F, 0xD0, 0x00, 0x01, 0xFF, 0x00, 0xFF, 0x00, 0x00, 0x03, 0xFD, 0x07, 0xF4,
    0x00, 0x00, 0x0B, 0xF8, 0x2F, 0xC0, 0x00, 0x00, 0x1F, 0xF0, 0xFF, 0x00, 0x00, 0x00, 0x3F, 0xC3,
    0xFC, 0x00, 0x00, 0x00, 0xFF, 0x0F, 0xF0, 0x00, 0x00, 0x03, 0xFC, 0x3F, 0xC0, 0x00, 0x00, 0x0F,
    0xF0, 0xFF, 0x00, 0x00, 0x00, 0x3F, 0xC3, 0xFC, 0x00, 0x00, 0x00, 0xFE, 0x0F, 0xF0, 0x00, 0x00,
    0x07, 0xF8, 0x3F, 0xC0, 0x00, 0x00, 0x2F, 0xD0, 0xBF, 0x80, 0x00, 0x00, 0xFF, 0x00, 0xFF, 0x00,
    0x00, 0x03, 0xF4, 0x02, 0xFD, 0x00, 0x00, 0x3F, 0xC0, 0x03, 0xFD, 0x00, 0x02, 0xFD, 0x00, 0x07,
    0xFE, 0x00, 0x7F, 0xD0, 0x00, 0x07, 0xFF, 0xFF, 0xFD, 0x00, 0x00, 0x02, 0xFF, 0xFF, 0x80, 0x00,
    0x00, 0x00, 0x15, 0x40, 0x00, 0x00, 0x00, 0x00, 0x00, 0x00, 0x00, 0xD0, 0x00, 0xB0, 0x00, 0xF8,
    0x03, 0xE0, 0x00, 0x7E, 0x1F, 0x80, 0x00, 0x2F, 0xFF, 0x00, 0x00, 0x0F, 0xFC, 0x00, 0x00, 0x03,
    0xF4, 0x00, 0x00, 0x01, 0x90, 0x00, 0x00, 0x00, 0x00, 0x00, 0x00, 0x01, 0x54, 0x00, 0x00, 0x7F,
    0xFF, 0x80, 0x02, 0xFF, 0xBF, 0xF0, 0x0B, 0xF4, 0x07, 0xF8, 0x0F, 0xD0, 0x02, 0xFC, 0x2F, 0xC0,
    0x00, 0xFE, 0x3F, 0x80, 0x00, 0xFF, 0x3F, 0x80, 0x00, 0xFF, 0x7F, 0x40, 0x00, 0xFF, 0x7F, 0x40,
    0x00, 0xFF, 0x7F, 0x40, 0x00, 0xFF, 0x7F, 0x40, 0x00, 0xFF, 0x7F, 0x80, 0x00, 0xFE, 0x3F, 0xC0,
    0x01, 0xFC, 0x2F, 0xC0, 0x03, 0xFC, 0x0F, 0xF0, 0x0B, 0xF0, 0x07, 0xFE, 0xBF, 0xD0, 0x00, 0xFF,
    0xFE, 0x00, 0x00, 0x05, 0x50, 0x00, 0x00, 0x00, 0x00, 0x00, 0x00, 0x00, 0x00, 0x2E, 0x00, 0x1F,
    0x00, 0x00, 0x00, 0x3F, 0x42, 0xF4, 0x00, 0x00, 0x00, 0x3F, 0xBF, 0x40, 0x00, 0x00, 0x00, 0x7F,
    0xF4, 0x00, 0x00, 0x00, 0x00, 0x7F, 0x40, 0x00, 0x00, 0x00, 0x00, 0xB4, 0x00, 0x00, 0x00, 0x00,
    0x00, 0x00, 0x00, 0x00, 0x55, 0x55, 0x40, 0x05, 0x55, 0x53, 0xFF, 0xFF, 0x00, 0x3F, 0xFF, 0xE6,
    0xFF, 0xE4, 0x00, 0x6F, 0xFE, 0x02, 0xFC, 0x00, 0x00, 0x1F, 0xC0, 0x0B, 0xF0, 0x00, 0x00, 0x7F,
    0x00, 0x2F, 0xC0, 0x00, 0x02, 0xFC, 0x00, 0xBF, 0x00, 0x00, 0x0F, 0xF0, 0x02, 0xFC, 0x00, 0x00,
    0x3F, 0xC0, 0x0F, 0xF0, 0x00, 0x00, 0xFF, 0x00, 0x3F, 0xC0, 0x00, 0x07, 0xF8, 0x00, 0xFF, 0x00,
    0x00, 0x2F, 0xE0, 0x03, 0xF8, 0x00, 0x00, 0xBF, 0x80, 0x0F, 0xE0, 0x00, 0x03, 0xBE, 0x00, 0x3F,
    0x80, 0x00, 0x1E, 0xF8, 0x00, 0xFE, 0x00, 0x00, 0xB7, 0xD0, 0x03, 0xF8, 0x00, 0x03, 0xDF, 0x40,
    0x0F, 0xD0, 0x00, 0x1D, 0xBD, 0x00, 0x3F, 0x40, 0x00, 0xF2, 0xF4, 0x00, 0xFD, 0x00, 0x07, 0x8B,
    0xC0, 0x03, 0xF8, 0x00, 0x3D, 0x3F, 0x00, 0x0F, 0xF0, 0x03, 0xF0, 0xFC, 0x00, 0x1F, 0xF5, 0x7F,
    0x03, 0xF0, 0x00, 0x3F, 0xFF, 0xF4, 0x0F, 0xFE, 0x00, 0x2F, 0xFF, 0x40, 0x3F, 0xF8, 0x00, 0x05,
    0x40, 0x00, 0x00, 0x00, 0x00, 0x00, 0x00, 0x00, 0x00, 0x00, 0x34, 0x00, 0x2C, 0x00, 0x00, 0x3E,
    0x00, 0xB8, 0x00, 0x00, 0x0F, 0xC3, 0xF0, 0x00, 0x00, 0x07, 0xFF, 0xC0, 0x00, 0x00, 0x02, 0xFF,
    0x40, 0x00, 0x00, 0x00, 0xFE, 0x00, 0x00, 0x00, 0x00, 0x24, 0x00, 0x00, 0x00, 0x00, 0x00, 0x00,
    0x00, 0x01, 0x50, 0x00, 0x00, 0x00, 0x1F, 0xFC, 0x00, 0x1F, 0xC0, 0x7F, 0xFD, 0x00, 0x2F, 0xC0,
    0x11, 0xFD, 0x00, 0x3F, 0xC0, 0x01, 0xFC, 0x00, 0x7F, 0xC0, 0x01, 0xFC, 0x00, 0xBF, 0xC0, 0x01,
    0xFC, 0x00, 0xFF, 0xC0, 0x02, 0xFC, 0x01, 0xEF, 0xC0, 0x02, 0xFC, 0x03, 0xCF, 0xC0, 0x02, 0xFC,
    0x03, 0xCF, 0xC0, 0x03, 0xF8, 0x07, 0x8F, 0xC0, 0x03, 0xF8, 0x0F, 0x5F, 0xC0, 0x03, 0xF4, 0x0F,
    0x1F, 0xC0, 0x03, 0xF4, 0x1E, 0x1F, 0x80, 0x03, 0xF4, 0x3D, 0x2F, 0x80, 0x03, 0xFD, 0xBC, 0x2F,
    0xC0, 0x02, 0xFF, 0xF4, 0x2F, 0xFE, 0x00, 0xFF, 0xD0, 0x0F, 0xFE, 0x00, 0x15, 0x00, 0x01, 0x50,
    0x00, 0x01, 0x55, 0x55, 0x00, 0x00, 0x00, 0x0F, 0xFF, 0xFE, 0x00, 0x00, 0x00, 0x3F, 0xFF, 0xF8,
    0x00, 0x00, 0x00, 0x55, 0x55, 0x50, 0x00, 0x00, 0x00, 0x00, 0x00, 0x00, 0x00, 0x00, 0x05, 0x00,
    0x14, 0x00, 0x00, 0x00, 0xBF, 0x02, 0xFC, 0x00, 0x00, 0x03, 0xFD, 0x0F, 0xF4, 0x00, 0x00, 0x0F,
    0xF4, 0x3F, 0xC0, 0x00, 0x00, 0x1F, 0x80, 0xBD, 0x00, 0x00, 0x00, 0x00, 0x00, 0x00, 0x00, 0x00,
    0x00, 0x00, 0x00, 0x00, 0x00, 0x55, 0x55, 0x40, 0x05, 0x55, 0x53, 0xFF, 0xFF, 0x00, 0x3F, 0xFF,
    0xE6, 0xFF, 0xE4, 0x00, 0x6F, 0xFE, 0x02, 0xFC, 0x00, 0x00, 0x1F, 0xC0, 0x0B, 0xF0, 0x00, 0x00,
    0x7F, 0x00, 0x2F, 0xC0, 0x00, 0x02, 0xFC, 0x00, 0xBF, 0x00, 0x00, 0x0F, 0xF0, 0x02, 0xFC, 0x00,
    0x00, 0x3F, 0xC0, 0x0F, 0xF0, 0x00, 0x00, 0xFF, 0x00, 0x3F, 0xC0, 0x00, 0x07, 0xF8, 0x00, 0xFF,
    0x00, 0x00, 0x2F, 0xE0, 0x03, 0xF8, 0x00, 0x00, 0xBF, 0x80, 0x0F, 0xE0, 0x00, 0x03, 0xBE, 0x00,
    0x3F, 0x80, 0x00, 0x1E, 0xF8, 0x00, 0xFE, 0x00, 0x00, 0xB7, 0xD0, 0x03, 0xF8, 0x00, 0x03, 0xDF,
    0x40, 0x0F, 0xD0, 0x00, 0x1D, 0xBD, 0x00, 0x3F, 0x40, 0x00, 0xF2, 0xF4, 0x00, 0xFD, 0x00, 0x07,
    0x8B, 0xC0, 0x03, 0xF8, 0x00, 0x3D, 0x3F, 0x00, 0x0F, 0xF0, 0x03, 0xF0, 0xFC, 0x00, 0x1F, 0xF5,
    0x7F, 0x03, 0xF0, 0x00, 0x3F, 0xFF, 0xF4, 0x0F, 0xFE, 0x00, 0x2F, 0xFF, 0x40, 0x3F, 0xF8, 0x00,
    0x05, 0x40, 0x00, 0x00, 0x00, 0x00, 0x05, 0x55, 0x54, 0x00, 0x00, 0x2F, 0xFF, 0xFC, 0x00, 0x00,
    0x2F, 0xFF, 0xFC, 0x00, 0x00, 0x15, 0x55, 0x54, 0x00, 0x00, 0x00, 0x00, 0x00, 0x00, 0x00, 0x00,
    0x00, 0x00, 0x00, 0x00, 0x3F, 0x00, 0xFC, 0x00, 0x00, 0xBF, 0x83, 0xFE, 0x00, 0x00, 0xBF, 0x83,
    0xFE, 0x00, 0x00, 0x7F, 0x42, 0xFC, 0x00, 0x00, 0x14, 0x00, 0x50, 0x00, 0x00, 0x00, 0x00, 0x00,
    0x00, 0x00, 0x00, 0x00, 0x00, 0x00, 0x01, 0x50, 0x00, 0x00, 0x00, 0x1F, 0xFC, 0x00, 0x1F, 0xC0,
    0x7F, 0xFD, 0x00, 0x2F, 0xC0, 0x11, 0xFD, 0x00, 0x3F, 0xC0, 0x01, 0xFC, 0x00, 0x7F, 0xC0, 0x01,
    0xFC, 0x00, 0xBF, 0xC0, 0x01, 0xFC, 0x00, 0xFF, 0xC0, 0x02, 0xFC, 0x01, 0xEF, 0xC0, 0x02, 0xFC,
    0x03, 0xCF, 0xC0, 0x02, 0xFC, 0x03, 0xCF, 0xC0, 0x03, 0xF8, 0x07, 0x8F, 0xC0, 0x03, 0xF8, 0x0F,
    0x5F, 0xC0, 0x03, 0xF4, 0x0F, 0x1F, 0xC0, 0x03, 0xF4, 0x1E, 0x1F, 0x80, 0x03, 0xF4, 0x3D, 0x2F,
    0x80, 0x03, 0xFD, 0xBC, 0x2F, 0xC0, 0x02, 0xFF, 0xF4, 0x2F, 0xFE, 0x00, 0xFF, 0xD0, 0x0F, 0xFE,
    0x00, 0x15, 0x00, 0x01, 0x50, 0x00, 0x00, 0x00, 0x1E, 0x00, 0x00, 0x00, 0x00, 0x02, 0xFC, 0x00,
    0x00, 0x00, 0x00, 0x2F, 0xF0, 0x00, 0x00, 0x00, 0x02, 0xFE, 0x00, 0x00, 0x00, 0x00, 0x3F, 0x80,
    0x00, 0x00, 0x00, 0x00, 0xD0, 0x00, 0x00, 0x00, 0x00, 0x00, 0x00, 0x00, 0x00, 0x00, 0x00, 0x50,
    0x01, 0x40, 0x00, 0x00, 0x0B, 0xF0, 0x2F, 0xC0, 0x00, 0x00, 0x3F, 0xD0, 0xFF, 0x40, 0x00, 0x00,
    0xFF, 0x43, 0xFC, 0x00, 0x00, 0x01, 0xF8, 0x0B, 0xD0, 0x00, 0x00, 0x00, 0x00, 0x00, 0x00, 0x00,
    0x00, 0x00, 0x00, 0x00, 0x00, 0x05, 0x55, 0x54, 0x00, 0x55, 0x55, 0x3F, 0xFF, 0xF0, 0x03, 0xFF,
    0xFE, 0x6F, 0xFE, 0x40, 0x06, 0xFF, 0xE0, 0x2F, 0xC0, 0x00, 0x01, 0xFC, 0x00, 0xBF, 0x00, 0x00,
    0x07, 0xF0, 0x02, 0xFC, 0x00, 0x00, 0x2F, 0xC0, 0x0B, 0xF0, 0x00, 0x00, 0xFF, 0x00, 0x2F, 0xC0,
    0x00, 0x03, 0xFC, 0x00, 0xFF, 0x00, 0x00, 0x0F, 0xF0, 0x03, 0xFC, 0x00, 0x00, 0x7F, 0x80, 0x0F,
    0xF0, 0x00, 0x02, 0xFE, 0x00, 0x3F, 0x80, 0x00, 0x0B, 0xF8, 0x00, 0xFE, 0x00, 0x00, 0x3B, 0xE0,
    0x03, 0xF8, 0x00, 0x01, 0xEF, 0x80, 0x0F, 0xE0, 0x00, 0x0B, 0x7D, 0x00, 0x3F, 0x80, 0x00, 0x3D,
    0xF4, 0x00, 0xFD, 0x00, 0x01, 0xDB, 0xD0, 0x03, 0xF4, 0x00, 0x0F, 0x2F, 0x40, 0x0F, 0xD0, 0x00,
    0x78, 0xBC, 0x00, 0x3F, 0x80, 0x03, 0xD3, 0xF0, 0x00, 0xFF, 0x00, 0x3F, 0x0F, 0xC0, 0x01, 0xFF,
    0x57, 0xF0, 0x3F, 0x00, 0x03, 0xFF, 0xFF, 0x40, 0xFF, 0xE0, 0x02, 0xFF, 0xF4, 0x03, 0xFF, 0x80,
    0x00, 0x54, 0x00, 0x00, 0x00, 0x00, 0x00, 0x00, 0x00, 0xB4, 0x00, 0x00, 0x00, 0x03, 0xFC, 0x00,
    0x00, 0x00, 0x0F, 0xF8, 0x00, 0x00, 0x00, 0x3F, 0xD0, 0x00, 0x00, 0x01, 0xFD, 0x00, 0x00, 0x00,
    0x01, 0xD0, 0x00, 0x00, 0x00, 0x00, 0x00, 0x00, 0x00, 0x00, 0x00, 0x00, 0x00, 0x00, 0x00, 0x3F,
    0x00, 0xFC, 0x00, 0x00, 0xBF, 0x83, 0xFE, 0x00, 0x00, 0xBF, 0x83, 0xFE, 0x00, 0x00, 0x7F, 0x42,
    0xFC, 0x00, 0x00, 0x14, 0x00, 0x50, 0x00, 0x00, 0x00, 0x00, 0x00, 0x00, 0x00, 0x00, 0x00, 0x00,
    0x00, 0x01, 0x50, 0x00, 0x00, 0x00, 0x1F, 0xFC, 0x00, 0x1F, 0xC0, 0x7F, 0xFD, 0x00, 0x2F, 0xC0,
    0x11, 0xFD, 0x00, 0x3F, 0xC0, 0x01, 0xFC, 0x00, 0x7F, 0xC0, 0x01, 0xFC, 0x00, 0xBF, 0xC0, 0x01,
    0xFC, 0x00, 0xFF, 0xC0, 0x02, 0xFC, 0x01, 0xEF, 0xC0, 0x02, 0xFC, 0x03, 0xCF, 0xC0, 0x02, 0xFC,
    0x03, 0xCF, 0xC0, 0x03, 0xF8, 0x07, 0x8F, 0xC0, 0x03, 0xF8, 0x0F, 0x5F, 0xC0, 0x03, 0xF4, 0x0F,
    0x1F, 0xC0, 0x03, 0xF4, 0x1E, 0x1F, 0x80, 0x03, 0xF4, 0x3D, 0x2F, 0x80, 0x03, 0xFD, 0xBC, 0x2F,
    0xC0, 0x02, 0xFF, 0xF4, 0x2F, 0xFE, 0x00, 0xFF, 0xD0, 0x0F, 0xFE, 0x00, 0x15, 0x00, 0x01, 0x50,
    0x00, 0x01, 0x00, 0x00, 0x40, 0x00, 0x00, 0x1E, 0x00, 0x0F, 0x00, 0x00, 0x00, 0x2F, 0x42, 0xF8,
    0x00, 0x00, 0x00, 0x3F, 0xFF, 0x80, 0x00, 0x00, 0x00, 0x3F, 0xF8, 0x00, 0x00, 0x00, 0x00, 0x3F,
    0x80, 0x00, 0x00, 0x00, 0x00, 0x78, 0x00, 0x00, 0x00, 0x00, 0x50, 0x01, 0x40, 0x00, 0x00, 0x0B,
    0xF0, 0x2F, 0xC0, 0x00, 0x00, 0x3F, 0xD0, 0xFF, 0x40, 0x00, 0x00, 0xFF, 0x43, 0xFC, 0x00, 0x00,
    0x01, 0xF8, 0x0B, 0xD0, 0x00, 0x00, 0x00, 0x00, 0x00, 0x00, 0x00, 0x00, 0x00, 0x00, 0x00, 0x00,
    0x05, 0x55, 0x54, 0x00, 0x55, 0x55, 0x3F, 0xFF, 0xF0, 0x03, 0xFF, 0xFE, 0x6F, 0xFE, 0x40, 0x06,
    0xFF, 0xE0, 0x2F, 0xC0, 0x00, 0x01, 0xFC, 0x00, 0xBF, 0x00, 0x00, 0x07, 0xF0, 0x02, 0xFC, 0x00,
    0x00, 0x2F, 0xC0, 0x0B, 0xF0, 0x00, 0x00, 0xFF, 0x00, 0x2F, 0xC0, 0x00, 0x03, 0xFC, 0x00, 0xFF,
    0x00, 0x00, 0x0F, 0xF0, 0x03, 0xFC, 0x00, 0x00, 0x7F, 0x80, 0x0F, 0xF0, 0x00, 0x02, 0xFE, 0x00,
    0x3F, 0x80, 0x00, 0x0B, 0xF8, 0x00, 0xFE, 0x00, 0x00, 0x3B, 0xE0, 0x03, 0xF8, 0x00, 0x01, 0xEF,
    0x80, 0x0F, 0xE0, 0x00, 0x0B, 0x7D, 0x00, 0x3F, 0x80, 0x00, 0x3D, 0xF4, 0x00, 0xFD, 0x00, 0x01,
    0xDB, 0xD0, 0x03, 0xF4, 0x00, 0x0F, 0x2F, 0x40, 0x0F, 0xD0, 0x00, 0x78, 0xBC, 0x00, 0x3F, 0x80,
    0x03, 0xD3, 0xF0, 0x00, 0xFF, 0x00, 0x3F, 0x0F, 0xC0, 0x01, 0xFF, 0x57, 0xF0, 0x3F, 0x00, 0x03,
    0xFF, 0xFF, 0x40, 0xFF, 0xE0, 0x02, 0xFF, 0xF4, 0x03, 0xFF, 0x80, 0x00, 0x54, 0x00, 0x00, 0x00,
    0x00, 0x00, 0x10, 0x00, 0x00, 0x00, 0x00, 0x3D, 0x00, 0x2E, 0x00, 0x00, 0x1F, 0x81, 0xFC, 0x00,
    0x00, 0x0B, 0xFB, 0xF0, 0x00, 0x00, 0x02, 0xFF, 0xC0, 0x00, 0x00, 0x00, 0xFF, 0x00, 0x00, 0x00,
    0x00, 0x3C, 0x00, 0x00, 0x00, 0x00, 0x00, 0x00, 0x00, 0x00, 0x00, 0x00, 0x00, 0x00, 0x00, 0x3F,
    0x00, 0xFC, 0x00, 0x00, 0xBF, 0x83, 0xFE, 0x00, 0x00, 0xBF, 0x83, 0xFE, 0x00, 0x00, 0x7F, 0x42,
    0xFC, 0x00, 0x00, 0x14, 0x00, 0x50, 0x00, 0x00, 0x00, 0x00, 0x00, 0x00, 0x00, 0x00, 0x00, 0x00,
    0x00, 0x01, 0x50, 0x00, 0x00, 0x00, 0x1F, 0xFC, 0x00, 0x1F, 0xC0, 0x7F, 0xFD, 0x00, 0x2F, 0xC0,
    0x11, 0xFD, 0x00, 0x3F, 0xC0, 0x01, 0xFC, 0x00, 0x7F, 0xC0, 0x01, 0xFC, 0x00, 0xBF, 0xC0, 0x01,
    0xFC, 0x00, 0xFF, 0xC0, 0x02, 0xFC, 0x01, 0xEF, 0xC0, 0x02, 0xFC, 0x03, 0xCF, 0xC0, 0x02, 0xFC,
    0x03, 0xCF, 0xC0, 0x03, 0xF8, 0x07, 0x8F, 0xC0, 0x03, 0xF8, 0x0F, 0x5F, 0xC0, 0x03, 0xF4, 0x0F,
    0x1F, 0xC0, 0x03, 0xF4, 0x1E, 0x1F, 0x80, 0x03, 0xF4, 0x3D, 0x2F, 0x80, 0x03, 0xFD, 0xBC, 0x2F,
    0xC0, 0x02, 0xFF, 0xF4, 0x2F, 0xFE, 0x00, 0xFF, 0xD0, 0x0F, 0xFE, 0x00, 0x15, 0x00, 0x01, 0x50,
    0x00, 0x00, 0xE0, 0x00, 0x00, 0x00, 0x00, 0x0F, 0xE0, 0x00, 0x00, 0x00, 0x00, 0x3F, 0xE0, 0x00,
    0x00, 0x00, 0x00, 0x2F, 0xF0, 0x00, 0x00, 0x00, 0x00, 0x0B, 0xF0, 0x00, 0x00, 0x00, 0x00, 0x01,
    0xC0, 0x00, 0x00, 0x00, 0x00, 0x00, 0x00, 0x00, 0x00, 0x00, 0x50, 0x01, 0x40, 0x00, 0x00, 0x0B,
    0xF0, 0x2F, 0xC0, 0x00, 0x00, 0x3F, 0xD0, 0xFF, 0x40, 0x00, 0x00, 0xFF, 0x43, 0xFC, 0x00, 0x00,
    0x01, 0xF8, 0x0B, 0xD0, 0x00, 0x00, 0x00, 0x00, 0x00, 0x00, 0x00, 0x00, 0x00, 0x00, 0x00, 0x00,
    0x05, 0x55, 0x54, 0x00, 0x55, 0x55, 0x3F, 0xFF, 0xF0, 0x03, 0xFF, 0xFE, 0x6F, 0xFE, 0x40, 0x06,
    0xFF, 0xE0, 0x2F, 0xC0, 0x00, 0x01, 0xFC, 0x00, 0xBF, 0x00, 0x00, 0x07, 0xF0, 0x02, 0xFC, 0x00,
    0x00, 0x2F, 0xC0, 0x0B, 0xF0, 0x00, 0x00, 0xFF, 0x00, 0x2F, 0xC0, 0x00, 0x03, 0xFC, 0x00, 0xFF,
    0x00, 0x00, 0x0F, 0xF0, 0x03, 0xFC, 0x00, 0x00, 0x7F, 0x80, 0x0F, 0xF0, 0x00, 0x02, 0xFE, 0x00,
    0x3F, 0x80, 0x00, 0x0B, 0xF8, 0x00, 0xFE, 0x00, 0x00, 0x3B, 0xE0, 0x03, 0xF8, 0x00, 0x01, 0xEF,
    0x80, 0x0F, 0xE0, 0x00, 0x0B, 0x7D, 0x00, 0x3F, 0x80, 0x00, 0x3D, 0xF4, 0x00, 0xFD, 0x00, 0x01,
    0xDB, 0xD0, 0x03, 0xF4, 0x00, 0x0F, 0x2F, 0x40, 0x0F, 0xD0, 0x00, 0x78, 0xBC, 0x00, 0x3F, 0x80,
    0x03, 0xD3, 0xF0, 0x00, 0xFF, 0x00, 0x3F, 0x0F, 0xC0, 0x01, 0xFF, 0x57, 0xF0, 0x3F, 0x00, 0x03,
    0xFF, 0xFF, 0x40, 0xFF, 0xE0, 0x02, 0xFF, 0xF4, 0x03, 0xFF, 0x80, 0x00, 0x54, 0x00, 0x00, 0x00,
    0x00, 0x00, 0x07, 0x40, 0x00, 0x00, 0x00, 0x0F, 0xD0, 0x00, 0x00, 0x00, 0x0F, 0xF8, 0x00, 0x00,
    0x00, 0x07, 0xFE, 0x00, 0x00, 0x00, 0x00, 0x2F, 0x80, 0x00, 0x00, 0x00, 0x02, 0xC0, 0x00, 0x00,
    0x00, 0x00, 0x00, 0x00, 0x00, 0x00, 0x00, 0x00, 0x00, 0x00, 0x3F, 0x00, 0xFC, 0x00, 0x00, 0xBF,
    0x83, 0xFE, 0x00, 0x00, 0xBF, 0x83, 0xFE, 0x00, 0x00, 0x7F, 0x42, 0xFC, 0x00, 0x00, 0x14, 0x00,
    0x50, 0x00, 0x00, 0x00, 0x00, 0x00, 0x00, 0x00, 0x00, 0x00, 0x00, 0x00, 0x01, 0x50, 0x00, 0x00,
    0x00, 0x1F, 0xFC, 0x00, 0x1F, 0xC0, 0x7F, 0xFD, 0x00, 0x2F, 0xC0, 0x11, 0xFD, 0x00, 0x3F, 0xC0,
    0x01, 0xFC, 0x00, 0x7F, 0xC0, 0x01, 0xFC, 0x00, 0xBF, 0xC0, 0x01, 0xFC, 0x00, 0xFF, 0xC0, 0x02,
    0xFC, 0x01, 0xEF, 0xC0, 0x02, 0xFC, 0x03, 0xCF, 0xC0, 0x02, 0xFC, 0x03, 0xCF, 0xC0, 0x03, 0xF8,
    0x07, 0x8F, 0xC0, 0x03, 0xF8, 0x0F, 0x5F, 0xC0, 0x03, 0xF4, 0x0F, 0x1F, 0xC0, 0x03, 0xF4, 0x1E,
    0x1F, 0x80, 0x03, 0xF4, 0x3D, 0x2F, 0x80, 0x03, 0xFD, 0xBC, 0x2F, 0xC0, 0x02, 0xFF, 0xF4, 0x2F,
    0xFE, 0x00, 0xFF, 0xD0, 0x0F, 0xFE, 0x00, 0x15, 0x00, 0x01, 0x50, 0x00, 0x01, 0x00, 0x00, 0x40,
    0x00, 0x01, 0xF0, 0x00, 0xB4, 0x00, 0x00, 0x2F, 0x41, 0xF8, 0x00, 0x00, 0x03, 0xFF, 0xF8, 0x00,
    0x00, 0x00, 0x3F, 0xFC, 0x00, 0x00, 0x00, 0x03, 0xFC, 0x00, 0x00, 0x00, 0x00, 0x78, 0x00, 0x00,
    0x00, 0x00, 0x00, 0x00, 0x00, 0x00, 0x00, 0x6B, 0xF9, 0x00, 0x00, 0x01, 0xFF, 0xFF, 0xF8, 0x00,
    0x02, 0xFF, 0x95, 0xBF, 0xC0, 0x03, 0xFD, 0x00, 0x03, 0xF8, 0x02, 0xFD, 0x00, 0x00, 0xBF, 0x01,
    0xFE, 0x00, 0x00, 0x3F, 0xC0, 0xFF, 0x00, 0x00, 0x1F, 0xF0, 0x3F, 0x80, 0x00, 0x00, 0x50, 0x2F,
    0xD0, 0x00, 0x00, 0x00, 0x0B, 0xF0, 0x00, 0x00, 0x00, 0x03, 0xFC, 0x00, 0x00, 0x00, 0x00, 0xFF,
    0x00, 0x00, 0x00, 0x00, 0x3F, 0xC0, 0x00, 0x00, 0x00, 0x0F, 0xF0, 0x00, 0x0B, 0xFF, 0x83, 0xFC,
    0x00, 0x02, 0xFF, 0xE0, 0xFF, 0x00, 0x00, 0x03, 0xF8, 0x3F, 0xC0, 0x00, 0x00, 0xFD, 0x0B, 0xF4,
    0x00, 0x00, 0x3F, 0x40, 0xFF, 0x00, 0x00, 0x0F, 0xD0, 0x2F, 0xD0, 0x00, 0x03, 0xF4, 0x03, 0xFD,
    0x00, 0x00, 0xFD, 0x00, 0x7F, 0xE0, 0x01, 0xFF, 0x40, 0x07, 0xFF, 0xFF, 0xFF, 0x40, 0x00, 0x2F,
    0xFF, 0xF9, 0x00, 0x00, 0x00, 0x15, 0x40, 0x00, 0x00, 0x00, 0x00, 0x00, 0x00, 0x00, 0xE0, 0x00,
    0x70, 0x00, 0xB8, 0x02, 0xE0, 0x00, 0x3F, 0x0F, 0xC0, 0x00, 0x1F, 0xFF, 0x00, 0x00, 0x0B, 0xFD,
    0x00, 0x00, 0x03, 0xF8, 0x00, 0x00, 0x00, 0xA0, 0x00, 0x00, 0x00, 0x00, 0x00, 0x00, 0x01, 0x54,
    0x04, 0x00, 0x3F, 0xFF, 0xFE, 0x01, 0xFF, 0xEF, 0xFE, 0x03, 0xFC, 0x00, 0xFE, 0x0F, 0xF0, 0x00,
    0xFE, 0x1F, 0xD0, 0x01, 0xFE, 0x3F, 0xC0, 0x02, 0xFE, 0x3F, 0x80, 0x03, 0xFD, 0x7F, 0x40, 0x03,
    0xFD, 0x7F, 0x40, 0x07, 0xBD, 0x7F, 0x00, 0x0B, 0x7D, 0x7F, 0x00, 0x0E, 0xBD, 0x7F, 0x40, 0x1D,
    0xBD, 0x3F, 0x40, 0x3C, 0xBD, 0x3F, 0x80, 0x78, 0xFC, 0x2F, 0xD1, 0xF4, 0xFC, 0x0F, 0xFF, 0xE0,
    0xFC, 0x03, 0xFF, 0x80, 0xFC, 0x00, 0x10, 0x01, 0xF8, 0x00, 0x00, 0x02, 0xF4, 0x2F, 0x80, 0x03,
    0xF0, 0x3F, 0x80, 0x0B, 0xE0, 0x7F, 0x80, 0x1F, 0xC0, 0x3F, 0xD1, 0xBF, 0x00, 0x1F, 0xFF, 0xF8,
    0x00, 0x01, 0xAA, 0x40, 0x00, 0x00, 0x00, 0x6F, 0xF9, 0x00, 0x00, 0x00, 0x1F, 0xFF, 0xFF, 0x40,
    0x00, 0x03, 0xFF, 0x96, 0xFF, 0x80, 0x00, 0x3F, 0xC0, 0x00, 0xFF, 0x80, 0x02, 0xFC, 0x00, 0x00,
    0xFF, 0x40, 0x1F, 0xD0, 0x00, 0x01, 0xFF, 0x00, 0xFF, 0x00, 0x00, 0x03, 0xFD, 0x07, 0xF4, 0x00,
    0x00, 0x0B, 0xF8, 0x2F, 0xC0, 0x00, 0x00, 0x1F, 0xF0, 0xFF, 0x00, 0x00, 0x00, 0x3F, 0xC3, 0xFC,
    0x00, 0x00, 0x00, 0xFF, 0x0F, 0xF0, 0x00, 0x00, 0x03, 0xFC, 0x3F, 0xC0, 0x00, 0x00, 0x0F, 0xF0,
    0xFF, 0x00, 0x00, 0x00, 0x3F, 0xC3, 0xFC, 0x00, 0x00, 0x00, 0xFE, 0x0F, 0xF0, 0x00, 0x00, 0x07,
    0xF8, 0x3F, 0xC0, 0x00, 0x00, 0x2F, 0xD0, 0xBF, 0x80, 0x00, 0x00, 0xFF, 0x00, 0xFF, 0x00, 0x00,
    0x03, 0xF4, 0x02, 0xFD, 0x00, 0x00, 0x3F, 0xC0, 0x03, 0xFD, 0x00, 0x02, 0xFD, 0x00, 0x07, 0xFE,
    0x00, 0x7F, 0xD0, 0x00, 0x07, 0xFF, 0xFF, 0xFD, 0x00, 0x00, 0x02, 0xFF, 0xFF, 0x40, 0x00, 0x00,
    0x00, 0x16, 0xF0, 0x00, 0x00, 0x00, 0x00, 0x1F, 0x00, 0x00, 0x00, 0x00, 0x01, 0xF4, 0x00, 0x00,
    0x00, 0x00, 0x0F, 0xC0, 0x00, 0x00, 0x00, 0x00, 0x7F, 0x04, 0x00, 0x00, 0x00, 0x01, 0xFE, 0xF4,
    0x00, 0x00, 0x00, 0x03, 0xFF, 0x80, 0x00, 0x00, 0x00, 0x02, 0xE0, 0x00, 0x00, 0x00, 0x01, 0x54,
    0x00, 0x00, 0x7F, 0xFF, 0x80, 0x02, 0xFF, 0xBF, 0xF0, 0x0B, 0xF4, 0x07, 0xF8, 0x0F, 0xD0, 0x02,
    0xFC, 0x2F, 0xC0, 0x00, 0xFE, 0x3F, 0x80, 0x00, 0xFF, 0x3F, 0x80, 0x00, 0xFF, 0x7F, 0x40, 0x00,
    0xFF, 0x7F, 0x40, 0x00, 0xFF, 0x7F, 0x40, 0x00, 0xFF, 0x7F, 0x40, 0x00, 0xFE, 0x7F, 0x80, 0x00,
    0xFE, 0x3F, 0xC0, 0x01, 0xFC, 0x2F, 0xC0, 0x03, 0xF8, 0x0F, 0xF0, 0x0B, 0xF0, 0x07, 0xFE, 0xBF,
    0xD0, 0x00, 0xFF, 0xFE, 0x00, 0x00, 0x05, 0xF8, 0x00, 0x00, 0x03, 0xE0, 0x00, 0x00, 0x0B, 0xC0,
    0x00, 0x00, 0x1F, 0x40, 0x00, 0x00, 0x2F, 0x41, 0x00, 0x00, 0x3F, 0xEF, 0x00, 0x00, 0x1F, 0xFC,
    0x00, 0x00, 0x06, 0x90, 0x00, 0x00, 0x00, 0x00, 0x02, 0x40, 0x00, 0x00, 0x00, 0x00, 0x0F, 0xC0,
    0x00, 0x00, 0x00, 0x00, 0x3F, 0xC0, 0x00, 0x00, 0x00, 0x00, 0xFF, 0x80, 0x00, 0x00, 0x00, 0x07,
    0xF8, 0x00, 0x00, 0x00, 0x00, 0x0F, 0x40, 0x00, 0x00, 0x00, 0x00, 0x00, 0x00, 0x00, 0x00, 0x00,
    0x00, 0x02, 0xF8, 0x00, 0x00, 0x00, 0x00, 0x1F, 0xFF, 0x00, 0x00, 0x00, 0x00, 0x3E, 0x0F, 0x40,
    0x00, 0x00, 0x00, 0x3D, 0x0B, 0x80, 0x00, 0x00, 0x00, 0x3D, 0x0F, 0x40, 0x00, 0x00, 0x00, 0x2F,
    0xAF, 0x00, 0x00, 0x00, 0x00, 0x0F, 0xFC, 0x00, 0x00, 0x00, 0x00, 0x0F, 0xFD, 0x00, 0x00, 0x00,
    0x00, 0x0F, 0xFE, 0x00, 0x00, 0x00, 0x00, 0x2E, 0xFF, 0x00, 0x00, 0x00, 0x00, 0x3C, 0xBF, 0x00,
    0x00, 0x00, 0x00, 0x7C, 0x7F, 0x40, 0x00, 0x00, 0x00, 0xB4, 0x3F, 0x80, 0x00, 0x00, 0x00, 0xF0,
    0x3F, 0xC0, 0x00, 0x00, 0x01, 0xF0, 0x2F, 0xD0, 0x00, 0x00, 0x03, 0xD0, 0x1F, 0xE0, 0x00, 0x00,
    0x03, 0xC0, 0x0F, 0xF0, 0x00, 0x00, 0x0B, 0xC0, 0x0F, 0xF0, 0x00, 0x00, 0x0F, 0x40, 0x0B, 0xF4,
    0x00, 0x00, 0x0F, 0xAA, 0xAF, 0xF8, 0x00, 0x00, 0x2F, 0xFF, 0xFF, 0xFC, 0x00, 0x00, 0x3E, 0x55,
    0x57, 0xFC, 0x00, 0x00, 0x7C, 0x00, 0x01, 0xFE, 0x00, 0x00, 0xB8, 0x00, 0x00, 0xFF, 0x00, 0x00,
    0xF4, 0x00, 0x00, 0xFF, 0x00, 0x01, 0xF0, 0x00, 0x00, 0xBF, 0x40, 0x03, 0xE0, 0x00, 0x00, 0xBF,
    0x80, 0x7F, 0xFF, 0x40, 0x0F, 0xFF, 0xFD, 0xBF, 0xFF, 0x40, 0x0F, 0xFF, 0xFD, 0x00, 0x00, 0x02,
    0xD0, 0x00, 0x00, 0x00, 0x3F, 0x80, 0x00, 0x00, 0x03, 0xFE, 0x00, 0x00, 0x00, 0x7F, 0xD0, 0x00,
    0x00, 0x07, 0xF4, 0x00, 0x00, 0x00, 0x19, 0x00, 0x00, 0x00, 0x00, 0x05, 0x40, 0x00, 0x00, 0x01,
    0xFF, 0xC0, 0x00, 0x00, 0x0F, 0x4F, 0xC0, 0x00, 0x00, 0xBC, 0x1F, 0x00, 0x00, 0x02, 0xF0, 0x7C,
    0x00, 0x00, 0x07, 0xC2, 0xE0, 0x00, 0x00, 0x0F, 0xFF, 0x00, 0x00, 0x00, 0x06, 0x90, 0x00, 0x00,
    0x00, 0x00, 0x00, 0x00, 0x00, 0x00, 0x54, 0x00, 0x00, 0x00, 0x3F, 0xFF, 0xBF, 0x00, 0x07, 0xFF,
    0xBF, 0xF8, 0x00, 0x3F, 0x80, 0x0F, 0xE0, 0x03, 0xFC, 0x00, 0x3F, 0x80, 0x1F, 0xD0, 0x01, 0xFE,
    0x00, 0xBF, 0x00, 0x0B, 0xF8, 0x03, 0xF8, 0x00, 0x3F, 0xE0, 0x1F, 0xD0, 0x00, 0xFF, 0x80, 0x7F,
    0x40, 0x07, 0xBD, 0x01, 0xFC, 0x00, 0x3D, 0xF4, 0x07, 0xF0, 0x00, 0xEB, 0xD0, 0x1F, 0xC0, 0x07,
    0x6F, 0x40, 0x7F, 0x40, 0x3C, 0xFD, 0x00, 0xFE, 0x00, 0xE3, 0xF4, 0x02, 0xFD, 0x0F, 0x4F, 0xD1,
    0x03, 0xFF, 0xF8, 0x3F, 0xFD, 0x07, 0xFF, 0x80, 0x7F, 0xE0, 0x01, 0x50, 0x00, 0x14, 0x00, 0x00,
    0x00, 0x00, 0x00, 0x00, 0x7C, 0x00, 0x00, 0x00, 0x00, 0x00, 0x00, 0x1F, 0xD0, 0x00, 0x00, 0x00,
    0x00, 0x00, 0x07, 0xFC, 0x00, 0x00, 0x00, 0x00, 0x00, 0x02, 0xFE, 0x40, 0x00, 0x00, 0x00, 0x00,
    0x00, 0xBE, 0x00, 0x00, 0x00, 0x00, 0x00, 0x00, 0x0A, 0x00, 0x00, 0x00, 0x00, 0x00, 0x00, 0x00,
    0x00, 0x00, 0x00, 0x00, 0x00, 0x00, 0x15, 0x55, 0x55, 0x55, 0x00, 0x00, 0x00, 0x0B, 0xFF, 0xFF,
    0xFF, 0xF0, 0x00, 0x00, 0x00, 0xFF, 0xFA, 0xAB, 0xFF, 0x40, 0x00, 0x00, 0x1F, 0xFE, 0x00, 0x03,
    0xF4, 0x00, 0x00, 0x02, 0xEF, 0xF0, 0x00, 0x0F, 0x40, 0x00, 0x00, 0x3C, 0xBF, 0x00, 0x00, 0xF8,
    0x00, 0x00, 0x07, 0xC3, 0xF4, 0x00, 0x06, 0x40, 0x00, 0x00, 0xB8, 0x3F, 0x80, 0x00, 0x00, 0x00,
    0x00, 0x0F, 0x02, 0xFC, 0x00, 0x00, 0x00, 0x00, 0x01, 0xF0, 0x1F, 0xD0, 0x00, 0x00, 0x00, 0x00,
    0x3D, 0x00, 0xFE, 0x00, 0x00, 0x00, 0x00, 0x03, 0xC0, 0x0F, 0xFF, 0xFF, 0xD0, 0x00, 0x00, 0xBC,
    0x00, 0xBF, 0xFF, 0xFD, 0x00, 0x00, 0x0F, 0x40, 0x07, 0xF4, 0x00, 0x00, 0x00, 0x00, 0xFA, 0xAA,
    0xFF, 0x80, 0x00, 0x00, 0x00, 0x2F, 0xFF, 0xFF, 0xFC, 0x00, 0x00, 0x00, 0x03, 0xE5, 0x55, 0x7F,
    0xC0, 0x00, 0x00, 0x00, 0x7C, 0x00, 0x01, 0xFD, 0x00, 0x00, 0x50, 0x0B, 0x80, 0x00, 0x0F, 0xE0,
    0x00, 0x1F, 0x00, 0xF4, 0x00, 0x00, 0xFF, 0x00, 0x02, 0xE0, 0x1F, 0x00, 0x00, 0x0B, 0xF0, 0x00,
    0x3E, 0x03, 0xE0, 0x00, 0x00, 0xBF, 0x40, 0x1F, 0xD7, 0xFF, 0xF4, 0x00, 0xFF, 0xFF, 0xFF, 0xFD,
    0xBF, 0xFF, 0x40, 0x0F, 0xFF, 0xFF, 0xFF, 0xC0, 0x00, 0x00, 0x00, 0x00, 0x00, 0x00, 0x00, 0x00,
    0x00, 0x00, 0xF0, 0x00, 0x00, 0x00, 0x00, 0x03, 0xF8, 0x00, 0x00, 0x00, 0x00, 0x0B, 0xF4, 0x00,
    0x00, 0x00, 0x00, 0x1F, 0xD0, 0x00, 0x00, 0x00, 0x00, 0x3E, 0x00, 0x00, 0x00, 0x00, 0x00, 0xF4,
    0x00, 0x00, 0x00, 0x00, 0x00, 0x40, 0x00, 0x00, 0x00, 0x00, 0x00, 0x00, 0x00, 0x00, 0x00, 0x01,
    0x50, 0x04, 0x05, 0x40, 0x00, 0x3F, 0xFF, 0xBC, 0xFF, 0xF4, 0x01, 0xFF, 0xAF, 0xFF, 0xEB, 0xFD,
    0x03, 0xF8, 0x00, 0xFF, 0x00, 0xFE, 0x0F, 0xF0, 0x00, 0xFD, 0x00, 0xBF, 0x1F, 0xD0, 0x01, 0xFC,
    0x00, 0xBF, 0x3F, 0xC0, 0x02, 0xF8, 0x00, 0xFE, 0x3F, 0x80, 0x03, 0xF4, 0x02, 0xFC, 0x7F, 0x40,
    0x03, 0xF0, 0x6F, 0xF4, 0x7F, 0x40, 0x07, 0xFF, 0xFF, 0x80, 0x7F, 0x00, 0x0B, 0xFF, 0xE0, 0x00,
    0x7F, 0x00, 0x0F, 0xF4, 0x00, 0x00, 0x7F, 0x00, 0x1F, 0xF4, 0x00, 0x00, 0x7F, 0x40, 0x3E, 0xF8,
    0x00, 0x00, 0x3F, 0x80, 0x3C, 0xFD, 0x00, 0x1C, 0x2F, 0xD0, 0xF4, 0xFF, 0x41, 0xBE, 0x0F, 0xFF,
    0xE0, 0x3F, 0xFF, 0xF8, 0x07, 0xFF, 0x80, 0x0F, 0xFF, 0xD0, 0x00, 0x54, 0x00, 0x00, 0x54, 0x00,
    0x00, 0x00, 0x00, 0x0F, 0x00, 0x00, 0x00, 0x00, 0x00, 0xFE, 0x00, 0x00, 0x00, 0x00, 0x0F, 0xF4,
    0x00, 0x00, 0x00, 0x01, 0xFF, 0x40, 0x00, 0x00, 0x00, 0x1F, 0xD0, 0x00, 0x00, 0x00, 0x00, 0x60,
    0x00, 0x00, 0x00, 0x00, 0x00, 0x00, 0x00, 0x00, 0x00, 0x00, 0x1B, 0xFE, 0x40, 0x7C, 0x00, 0x07,
    0xFF, 0xFF, 0xD7, 0xE0, 0x00, 0xFF, 0xE5, 0xBF, 0xFE, 0x00, 0x0F, 0xF0, 0x00, 0x3F, 0xF0, 0x00,
    0xBF, 0x00, 0x00, 0x3F, 0xD0, 0x07, 0xF4, 0x00, 0x01, 0xFF, 0xC0, 0x3F, 0xC0, 0x00, 0x1F, 0xFF,
    0x41, 0xFD, 0x00, 0x00, 0xFE, 0xFE, 0x0B, 0xF0, 0x00, 0x0F, 0xC7, 0xFC, 0x3F, 0xC0, 0x00, 0xBC,
    0x0F, 0xF0, 0xFF, 0x00, 0x07, 0xD0, 0x3F, 0xC3, 0xFC, 0x00, 0x3E, 0x00, 0xFF, 0x0F, 0xF0, 0x03,
    0xF0, 0x03, 0xFC, 0x3F, 0xC0, 0x3F, 0x00, 0x0F, 0xF0, 0xFF, 0x02, 0xF4, 0x00, 0x3F, 0x83, 0xFC,
    0x1F, 0x40, 0x01, 0xFE, 0x0F, 0xF4, 0xF8, 0x00, 0x0B, 0xF4, 0x2F, 0xEF, 0xC0, 0x00, 0x3F, 0xC0,
    0x3F, 0xFC, 0x00, 0x00, 0xFD, 0x00, 0xBF, 0xD0, 0x00, 0x0F, 0xF0, 0x00, 0xFF, 0x40, 0x00, 0xBF,
    0x40, 0x03, 0xFF, 0x80, 0x1F, 0xF4, 0x00, 0x3F, 0xFF, 0xFF, 0xFF, 0x40, 0x02, 0xF0, 0xBF, 0xFF,
    0xE0, 0x00, 0x05, 0x40, 0x05, 0x50, 0x00, 0x00, 0x00, 0x00, 0x00, 0x00, 0x00, 0x00, 0x00, 0x0F,
    0x40, 0x00, 0x00, 0x00, 0xBF, 0x00, 0x00, 0x00, 0x07, 0xF8, 0x00, 0x00, 0x00, 0x3F, 0x40, 0x00,
    0x00, 0x03, 0xF0, 0x00, 0x00, 0x00, 0x2E, 0x00, 0x00, 0x00, 0x00, 0x50, 0x00, 0x00, 0x00, 0x00,
    0x00, 0x00, 0x00, 0x00, 0x01, 0x54, 0x05, 0x40, 0x01, 0xFF, 0xFE, 0x7D, 0x00, 0x2F, 0xFB, 0xFF,
    0xE0, 0x02, 0xFD, 0x01, 0xFF, 0x00, 0x0F, 0xD0, 0x03, 0xFC, 0x00, 0xBF, 0x00, 0x2F, 0xF8, 0x03,
    0xF8, 0x02, 0xFF, 0xF0, 0x0F, 0xE0, 0x1F, 0x7F, 0xC0, 0x7F, 0x40, 0xF8, 0xFF, 0x01, 0xFD, 0x0F,
    0xC3, 0xFC, 0x07, 0xF4, 0xFC, 0x0F, 0xF0, 0x1F, 0xDB, 0xC0, 0x3F, 0xC0, 0x7F, 0xFD, 0x00, 0xFE,
    0x00, 0xFF, 0xE0, 0x07, 0xF0, 0x02, 0xFE, 0x00, 0x3F, 0xC0, 0x03, 0xFC, 0x02, 0xFC, 0x00, 0x2F,
    0xFE, 0xBF, 0xD0, 0x02, 0xF7, 0xFF, 0xF8, 0x00, 0x05, 0x40, 0x55, 0x00, 0x00, 0x00, 0x00, 0x01,
    0x00, 0x00, 0x00, 0x00, 0x64, 0x0B, 0xD0, 0x00, 0x00, 0x00, 0xFD, 0x0F, 0xF0, 0x00, 0x00, 0x00,
    0xFF, 0x47, 0xFC, 0x00, 0x00, 0x00, 0x2F, 0xD0, 0xBE, 0x00, 0x00, 0x00, 0x02, 0xF4, 0x1F, 0x40,
    0x00, 0x00, 0x00, 0x24, 0x02, 0x40, 0x00, 0x00, 0x00, 0x00, 0x00, 0x00, 0x00, 0x00, 0x00, 0x00,
    0x54, 0x00, 0x00, 0x00, 0x00, 0x0B, 0xFC, 0x00, 0x00, 0x00, 0x00, 0x0F, 0xFD, 0x00, 0x00, 0x00,
    0x00, 0x0F, 0xFE, 0x00, 0x00, 0x00, 0x00, 0x2E, 0xFF, 0x00, 0x00, 0x00, 0x00, 0x3C, 0xBF, 0x00,
    0x00, 0x00, 0x00, 0x7C, 0x7F, 0x40, 0x00, 0x00, 0x00, 0xB4, 0x3F, 0x80, 0x00, 0x00, 0x00, 0xF0,
    0x3F, 0xC0, 0x00, 0x00, 0x01, 0xF0, 0x2F, 0xD0, 0x00, 0x00, 0x03, 0xD0, 0x1F, 0xE0, 0x00, 0x00,
    0x03, 0xC0, 0x0F, 0xF0, 0x00, 0x00, 0x0B, 0xC0, 0x0F, 0xF0, 0x00, 0x00, 0x0F, 0x40, 0x0B, 0xF4,
    0x00, 0x00, 0x0F, 0xAA, 0xAF, 0xF8, 0x00, 0x00, 0x2F, 0xFF, 0xFF, 0xFC, 0x00, 0x00, 0x3E, 0x55,
    0x57, 0xFC, 0x00, 0x00, 0x7C, 0x00, 0x01, 0xFE, 0x00, 0x00, 0xB8, 0x00, 0x00, 0xFF, 0x00, 0x00,
    0xF4, 0x00, 0x00, 0xFF, 0x00, 0x01, 0xF0, 0x00, 0x00, 0xBF, 0x40, 0x03, 0xE0, 0x00, 0x00, 0xBF,
    0x80, 0x7F, 0xFF, 0x40, 0x0F, 0xFF, 0xFD, 0xBF, 0xFF, 0x40, 0x0F, 0xFF, 0xFD, 0x00, 0x00, 0x00,
    0x00, 0x00, 0x18, 0x07, 0x80, 0x00, 0x01, 0xF8, 0x3F, 0x40, 0x00, 0x07, 0xF4, 0xBF, 0x00, 0x00,
    0x0B, 0xF0, 0xBE, 0x00, 0x00, 0x07, 0xF0, 0xBD, 0x00, 0x00, 0x02, 0xE0, 0x7C, 0x00, 0x00, 0x01,
    0x00, 0x50, 0x00, 0x00, 0x00, 0x00, 0x00, 0x00, 0x00, 0x05, 0x40, 0x00, 0x00, 0x03, 0xFF, 0xFB,
    0xF0, 0x00, 0x7F, 0xFB, 0xFF, 0x80, 0x03, 0xF8, 0x00, 0xFE, 0x00, 0x3F, 0xC0, 0x03, 0xF8, 0x01,
    0xFD, 0x00, 0x1F, 0xE0, 0x0B, 0xF0, 0x00, 0xBF, 0x80, 0x3F, 0x80, 0x03, 0xFE, 0x01, 0xFD, 0x00,
    0x0F, 0xF8, 0x07, 0xF4, 0x00, 0x7B, 0xD0, 0x1F, 0xC0, 0x03, 0xDF, 0x40, 0x7F, 0x00, 0x0E, 0xBD,
    0x01, 0xFC, 0x00, 0x76, 0xF4, 0x07, 0xF4, 0x03, 0xCF, 0xD0, 0x0F, 0xE0, 0x0E, 0x3F, 0x40, 0x2F,
    0xD0, 0xF4, 0xFD, 0x10, 0x3F, 0xFF, 0x83, 0xFF, 0xD0, 0x7F, 0xF8, 0x07, 0xFE, 0x00, 0x15, 0x00,
    0x01, 0x40, 0x00, 0x00, 0x07, 0xFD, 0x00, 0x00, 0x00, 0x00, 0x2F, 0xFF, 0x80, 0x00, 0x00, 0x00,
    0xBF, 0xFF, 0xD0, 0x00, 0x00, 0x00, 0xF8, 0x07, 0xF0, 0x00, 0x00, 0x01, 0xE0, 0x00, 0xF0, 0x00,
    0x00, 0x02, 0xC0, 0x00, 0xB0, 0x00, 0x00, 0x00, 0x00, 0x00, 0x00, 0x00, 0x00, 0x00, 0x00, 0x54,
    0x00, 0x00, 0x00, 0x00, 0x0B, 0xFC, 0x00, 0x00, 0x00, 0x00, 0x0F, 0xFD, 0x00, 0x00, 0x00, 0x00,
    0x0F, 0xFE, 0x00, 0x00, 0x00, 0x00, 0x2E, 0xFF, 0x00, 0x00, 0x00, 0x00, 0x3C, 0xBF, 0x00, 0x00,
    0x00, 0x00, 0x7C, 0x7F, 0x40, 0x00, 0x00, 0x00, 0xB4, 0x3F, 0x80, 0x00, 0x00, 0x00, 0xF0, 0x3F,
    0xC0, 0x00, 0x00, 0x01, 0xF0, 0x2F, 0xD0, 0x00, 0x00, 0x03, 0xD0, 0x1F, 0xE0, 0x00, 0x00, 0x03,
    0xC0, 0x0F, 0xF0, 0x00, 0x00, 0x0B, 0xC0, 0x0F, 0xF0, 0x00, 0x00, 0x0F, 0x40, 0x0B, 0xF4, 0x00,
    0x00, 0x0F, 0xAA, 0xAF, 0xF8, 0x00, 0x00, 0x2F, 0xFF, 0xFF, 0xFC, 0x00, 0x00, 0x3E, 0x55, 0x57,
    0xFC, 0x00, 0x00, 0x7C, 0x00, 0x01, 0xFE, 0x00, 0x00, 0xB8, 0x00, 0x00, 0xFF, 0x00, 0x00, 0xF4,
    0x00, 0x00, 0xFF, 0x00, 0x01, 0xF0, 0x00, 0x00, 0xBF, 0x40, 0x03, 0xE0, 0x00, 0x00, 0xBF, 0x80,
    0x7F, 0xFF, 0x40, 0x0F, 0xFF, 0xFD, 0xBF, 0xFF, 0x40, 0x0F, 0xFF, 0xFD, 0x00, 0x00, 0x64, 0x00,
    0x00, 0x00, 0x2F, 0xFD, 0x00, 0x00, 0x02, 0xFF, 0xFC, 0x00, 0x00, 0x1F, 0xD6, 0xF8, 0x00, 0x00,
    0xB8, 0x00, 0xF0, 0x00, 0x03, 0xC0, 0x02, 0xC0, 0x00, 0x09, 0x00, 0x02, 0x00, 0x00, 0x00, 0x00,
    0x00, 0x00, 0x00, 0x01, 0x50, 0x00, 0x00, 0x00, 0xFF, 0xFE, 0xFC, 0x00, 0x1F, 0xFE, 0xFF, 0xE0,
    0x00, 0xFE, 0x00, 0x3F, 0x80, 0x0F, 0xF0, 0x00, 0xFE, 0x00, 0x7F, 0x40, 0x07, 0xF8, 0x02, 0xFC,
    0x00, 0x2F, 0xE0, 0x0F, 0xE0, 0x00, 0xFF, 0x80, 0x7F, 0x40, 0x03, 0xFE, 0x01, 0xFD, 0x00, 0x1E,
    0xF4, 0x07, 0xF0, 0x00, 0xF7, 0xD0, 0x1F, 0xC0, 0x03, 0xAF, 0x40, 0x7F, 0x00, 0x1D, 0xBD, 0x01,
    0xFD, 0x00, 0xF3, 0xF4, 0x03, 0xF8, 0x03, 0x8F, 0xD0, 0x0B, 0xF4, 0x3D, 0x3F, 0x44, 0x0F, 0xFF,
    0xE0, 0xFF, 0xF4, 0x1F, 0xFE, 0x01, 0xFF, 0x80, 0x05, 0x40, 0x00, 0x50, 0x00, 0x00, 0x00, 0x10,
    0x00, 0x00, 0xA0, 0x0F, 0xC0, 0x00, 0x1F, 0xC0, 0xFE, 0x00, 0x01, 0xFF, 0x0B, 0xF4, 0x00, 0x07,
    0xFC, 0x1F, 0xD0, 0x00, 0x07, 0xF0, 0x2F, 0x00, 0x00, 0x06, 0x00, 0x60, 0x00, 0x00, 0x00, 0x00,
    0x00, 0x05, 0x55, 0x55, 0x55, 0x42, 0xFF, 0xFF, 0xFF, 0xFD, 0x1B, 0xFF, 0xFF, 0xFF, 0xD0, 0x0F,
    0xF0, 0x00, 0xBE, 0x00, 0xFF, 0x00, 0x03, 0xE0, 0x0F, 0xF0, 0x00, 0x2E, 0x00, 0xFE, 0x00, 0x01,
    0x90, 0x0F, 0xE0, 0x00, 0x00, 0x00, 0xFE, 0x00, 0x00, 0x00, 0x0F, 0xE0, 0x00, 0x00, 0x00, 0xFE,
    0x00, 0x00, 0x00, 0x0F, 0xFF, 0xFF, 0xD0, 0x00, 0xFF, 0xFF, 0xFD, 0x00, 0x0F, 0xE0, 0x00, 0x00,
    0x00, 0xFD, 0x00, 0x00, 0x00, 0x1F, 0xD0, 0x00, 0x00, 0x01, 0xFD, 0x00, 0x00, 0x00, 0x1F, 0xD0,
    0x00, 0x05, 0x01, 0xFC, 0x00, 0x01, 0xF0, 0x1F, 0xC0, 0x00, 0x3E, 0x01, 0xFC, 0x00, 0x07, 0xE0,
    0x2F, 0xC0, 0x01, 0xFD, 0x3F, 0xFF, 0xFF, 0xFF, 0xD7, 0xFF, 0xFF, 0xFF, 0xFC, 0x00, 0x00, 0x00,
    0x01, 0x80, 0x7C, 0x00, 0x3F, 0x0B, 0xE0, 0x03, 0xF8, 0x7F, 0x00, 0x1F, 0xD2, 0xFC, 0x00, 0x3F,
    0x47, 0xE0, 0x00, 0x7C, 0x0F, 0x00, 0x00, 0x40, 0x10, 0x00, 0x00, 0x00, 0x00, 0x00, 0x15, 0x40,
    0x00, 0x3F, 0xFF, 0x40, 0x1F, 0xEB, 0xFD, 0x07, 0xF4, 0x0F, 0xF0, 0xFD, 0x00, 0xBF, 0x2F, 0xC0,
    0x0B, 0xF3, 0xF8, 0x00, 0xFE, 0x3F, 0x40, 0x2F, 0xC7, 0xF4, 0x6F, 0xF4, 0x7F, 0xFF, 0xF8, 0x07,
    0xFF, 0xE4, 0x00, 0x7F, 0x40, 0x00, 0x07, 0xF4, 0x00, 0x00, 0x3F, 0xC0, 0x00, 0x02, 0xFD, 0x00,
    0x1C, 0x0F, 0xF8, 0x0B, 0xE0, 0x7F, 0xFF, 0xF8, 0x01, 0xFF, 0xFD, 0x00, 0x00, 0x54, 0x00, 0x00,
    0x00, 0xBF, 0x80, 0x00, 0x00, 0x3F, 0xFF, 0x40, 0x00, 0x0F, 0xFF, 0xFC, 0x00, 0x01, 0xF4, 0x07,
    0xD0, 0x00, 0x3C, 0x00, 0x1E, 0x00, 0x03, 0x80, 0x00, 0xE0, 0x00, 0x00, 0x00, 0x00, 0x00, 0x55,
    0x55, 0x55, 0x54, 0x2F, 0xFF, 0xFF, 0xFF, 0xD1, 0xBF, 0xFF, 0xFF, 0xFD, 0x00, 0xFF, 0x00, 0x0B,
    0xE0, 0x0F, 0xF0, 0x00, 0x3E, 0x00, 0xFF, 0x00, 0x02, 0xE0, 0x0F, 0xE0, 0x00, 0x19, 0x00, 0xFE,
    0x00, 0x00, 0x00, 0x0F, 0xE0, 0x00, 0x00, 0x00, 0xFE, 0x00, 0x00, 0x00, 0x0F, 0xE0, 0x00, 0x00,
    0x00, 0xFF, 0xFF, 0xFD, 0x00, 0x0F, 0xFF, 0xFF, 0xD0, 0x00, 0xFE, 0x00, 0x00, 0x00, 0x0F, 0xD0,
    0x00, 0x00, 0x01, 0xFD, 0x00, 0x00, 0x00, 0x1F, 0xD0, 0x00, 0x00, 0x01, 0xFD, 0x00, 0x00, 0x50,
    0x1F, 0xC0, 0x00, 0x1F, 0x01, 0xFC, 0x00, 0x03, 0xE0, 0x1F, 0xC0, 0x00, 0x7E, 0x02, 0xFC, 0x00,
    0x1F, 0xD3, 0xFF, 0xFF, 0xFF, 0xFD, 0x7F, 0xFF, 0xFF, 0xFF, 0xC0, 0x00, 0x01, 0x90, 0x00, 0x01,
    0xFF, 0xE0, 0x00, 0x7F, 0xFF, 0x40, 0x0F, 0xE6, 0xFC, 0x01, 0xF0, 0x03, 0xD0, 0x2C, 0x00, 0x1D,
    0x01, 0x40, 0x00, 0x80, 0x00, 0x00, 0x00, 0x00, 0x01, 0x54, 0x00, 0x03, 0xFF, 0xF4, 0x01, 0xFE,
    0xBF, 0xD0, 0x7F, 0x40, 0xFF, 0x0F, 0xD0, 0x0B, 0xF2, 0xFC, 0x00, 0xBF, 0x3F, 0x80, 0x0F, 0xE3,
    0xF4, 0x02, 0xFC, 0x7F, 0x46, 0xFF, 0x47, 0xFF, 0xFF, 0x80, 0x7F, 0xFE, 0x40, 0x07, 0xF4, 0x00,
    0x00, 0x7F, 0x40, 0x00, 0x03, 0xFC, 0x00, 0x00, 0x2F, 0xD0, 0x01, 0xC0, 0xFF, 0x80, 0xBE, 0x07,
    0xFF, 0xFF, 0x80, 0x1F, 0xFF, 0xD0, 0x00, 0x05, 0x40, 0x00, 0x00, 0x00, 0x40, 0x02, 0x80, 0x3E,
    0x00, 0xBE, 0x07, 0xF4, 0x0B, 0xFC, 0x3F, 0xD0, 0x1F, 0xF0, 0x7F, 0x00, 0x1F, 0xC0, 0xFC, 0x00,
    0x18, 0x01, 0x80, 0x00, 0x00, 0x00, 0x00, 0x15, 0x55, 0x50, 0x0B, 0xFF, 0xFF, 0x00, 0x6F, 0xFF,
    0x90, 0x00, 0x3F, 0xC0, 0x00, 0x03, 0xFC, 0x00, 0x00, 0x3F, 0xC0, 0x00, 0x03, 0xFC, 0x00, 0x00,
    0x3F, 0x80, 0x00, 0x03, 0xF8, 0x00, 0x00, 0x3F, 0x80, 0x00, 0x03, 0xF8, 0x00, 0x00, 0x3F, 0x80,
    0x00, 0x03, 0xF8, 0x00, 0x00, 0x3F, 0x40, 0x00, 0x03, 0xF4, 0x00, 0x00, 0x7F, 0x40, 0x00, 0x07,
    0xF4, 0x00, 0x00, 0x7F, 0x40, 0x00, 0x07, 0xF4, 0x00, 0x00, 0x7F, 0x00, 0x00, 0x07, 0xF0, 0x00,
    0x00, 0xBF, 0x40, 0x01, 0xFF, 0xFF, 0xC0, 0x1F, 0xFF, 0xFC, 0x00, 0x00, 0x00, 0x00, 0x64, 0x1F,
    0x00, 0x03, 0xF0, 0xBE, 0x00, 0x0F, 0xF1, 0xFC, 0x00, 0x1F, 0xE2, 0xFC, 0x00, 0x0F, 0xD1, 0xF8,
    0x00, 0x07, 0xC0, 0xF0, 0x00, 0x01, 0x00, 0x40, 0x00, 0x00, 0x00, 0x00, 0x00, 0x05, 0x40, 0x00,
    0x03, 0xFF, 0x80, 0x00, 0x1F, 0xFF, 0x00, 0x00, 0x10, 0xFD, 0x00, 0x00, 0x03, 0xF4, 0x00, 0x00,
    0x0F, 0xD0, 0x00, 0x00, 0x7F, 0x00, 0x00, 0x01, 0xFC, 0x00, 0x00, 0x07, 0xF0, 0x00, 0x00, 0x2F,
    0xC0, 0x00, 0x00, 0xBF, 0x00, 0x00, 0x02, 0xFC, 0x00, 0x00, 0x0F, 0xE0, 0x00, 0x00, 0x3F, 0x80,
    0x00, 0x00, 0xFE, 0x00, 0x00, 0x03, 0xF8, 0x10, 0x00, 0x0F, 0xFF, 0xC0, 0x00, 0x1F, 0xF8, 0x00,
    0x00, 0x05, 0x00, 0x00, 0xBF, 0x80, 0x07, 0xFF, 0xF0, 0x0F, 0xFF, 0xFC, 0x2F, 0x40, 0xBC, 0x3C,
    0x00, 0x2D, 0x34, 0x00, 0x0E, 0x00, 0x00, 0x00, 0x05, 0x55, 0x54, 0x2F, 0xFF, 0xFC, 0x1B, 0xFF,
    0xE4, 0x00, 0xFF, 0x00, 0x00, 0xFF, 0x00, 0x00, 0xFF, 0x00, 0x00, 0xFF, 0x00, 0x00, 0xFE, 0x00,
    0x00, 0xFE, 0x00, 0x00, 0xFE, 0x00, 0x00, 0xFE, 0x00, 0x00, 0xFE, 0x00, 0x00, 0xFE, 0x00, 0x00,
    0xFD, 0x00, 0x00, 0xFD, 0x00, 0x01, 0xFD, 0x00, 0x01, 0xFD, 0x00, 0x01, 0xFD, 0x00, 0x01, 0xFD,
    0x00, 0x01, 0xFC, 0x00, 0x01, 0xFC, 0x00, 0x02, 0xFD, 0x00, 0x7F, 0xFF, 0xF0, 0x7F, 0xFF, 0xF0,
    0x00, 0x64, 0x00, 0x07, 0xFF, 0x80, 0x1F, 0xFF, 0xD0, 0x3F, 0x97, 0xF0, 0x7C, 0x00, 0xF4, 0xB0,
    0x00, 0x78, 0x50, 0x00, 0x24, 0x00, 0x00, 0x00, 0x00, 0x54, 0x00, 0x0F, 0xFE, 0x00, 0x1F, 0xFF,
    0x00, 0x04, 0x3F, 0x40, 0x00, 0x3F, 0x40, 0x00, 0x3F, 0x40, 0x00, 0x7F, 0x00, 0x00, 0x7F, 0x00,
    0x00, 0x7F, 0x00, 0x00, 0xBF, 0x00, 0x00, 0xBF, 0x00, 0x00, 0xBF, 0x00, 0x00, 0xFE, 0x00, 0x00,
    0xFE, 0x00, 0x00, 0xFE, 0x00, 0x00, 0xFE, 0x04, 0x00, 0xFF, 0xFC, 0x00, 0x7F, 0xE0, 0x00, 0x05,
    0x00, 0x00, 0x00, 0x01, 0x00, 0x00, 0x00, 0x02, 0x80, 0x7E, 0x00, 0x00, 0x00, 0x3F, 0x81, 0xFD,
    0x00, 0x00, 0x00, 0xBF, 0x83, 0xFC, 0x00, 0x00, 0x00, 0xBF, 0x82, 0xFC, 0x00, 0x00, 0x00, 0x2F,
    0x80, 0xF8, 0x00, 0x00, 0x00, 0x0A, 0x00, 0xA0, 0x00, 0x00, 0x00, 0x00, 0x00, 0x00, 0x00, 0x00,
    0x00, 0x6F, 0xF9, 0x00, 0x00, 0x00, 0x1F, 0xFF, 0xFF, 0x40, 0x00, 0x03, 0xFF, 0x96, 0xFF, 0x80,
    0x00, 0x3F, 0xC0, 0x00, 0xFF, 0x80, 0x02, 0xFC, 0x00, 0x00, 0xFF, 0x40, 0x1F, 0xD0, 0x00, 0x01,
    0xFF, 0x00, 0xFF, 0x00, 0x00, 0x03, 0xFD, 0x07, 0xF4, 0x00, 0x00, 0x0B, 0xF8, 0x2F, 0xC0, 0x00,
    0x00, 0x1F, 0xF0, 0xFF, 0x00, 0x00, 0x00, 0x3F, 0xC3, 0xFC, 0x00, 0x00, 0x00, 0xFF, 0x0F, 0xF0,
    0x00, 0x00, 0x03, 0xFC, 0x3F, 0xC0, 0x00, 0x00, 0x0F, 0xF0, 0xFF, 0x00, 0x00, 0x00, 0x3F, 0xC3,
    0xFC, 0x00, 0x00, 0x00, 0xFE, 0x0F, 0xF0, 0x00, 0x00, 0x07, 0xF8, 0x3F, 0xC0, 0x00, 0x00, 0x2F,
    0xD0, 0xBF, 0x80, 0x00, 0x00, 0xFF, 0x00, 0xFF, 0x00, 0x00, 0x03, 0xF4, 0x02, 0xFD, 0x00, 0x00,
    0x3F, 0xC0, 0x03, 0xFD, 0x00, 0x02, 0xFD, 0x00, 0x07, 0xFE, 0x00, 0x7F, 0xD0, 0x00, 0x07, 0xFF,
    0xFF, 0xFD, 0x00, 0x00, 0x02, 0xFF, 0xFF, 0x80, 0x00, 0x00, 0x00, 0x15, 0x40, 0x00, 0x00, 0x00,
    0x00, 0x00, 0x00, 0x19, 0x03, 0xC0, 0x00, 0x3F, 0x0B, 0xE0, 0x00, 0x3F, 0xC7, 0xF4, 0x00, 0x1F,
    0xE1, 0xFC, 0x00, 0x02, 0xF4, 0x7E, 0x00, 0x00, 0x7C, 0x0F, 0x00, 0x00, 0x04, 0x01, 0x00, 0x00,
    0x00, 0x00, 0x00, 0x00, 0x01, 0x54, 0x00, 0x00, 0x7F, 0xFF, 0x80, 0x02, 0xFF, 0xBF, 0xF0, 0x0B,
    0xF4, 0x07, 0xF8, 0x0F, 0xD0, 0x02, 0xFC, 0x2F, 0xC0, 0x00, 0xFE, 0x3F, 0x80, 0x00, 0xFF, 0x3F,
    0x80, 0x00, 0xFF, 0x7F, 0x40, 0x00, 0xFF, 0x7F, 0x40, 0x00, 0xFF, 0x7F, 0x40, 0x00, 0xFF, 0x7F,
    0x40, 0x00, 0xFF, 0x7F, 0x80, 0x00, 0xFE, 0x3F, 0xC0, 0x01, 0xFC, 0x2F, 0xC0, 0x03, 0xFC, 0x0F,
    0xF0, 0x0B, 0xF0, 0x07, 0xFE, 0xBF, 0xD0, 0x00, 0xFF, 0xFE, 0x00, 0x00, 0x05, 0x50, 0x00, 0x00,
    0x00, 0x1B, 0xF8, 0x00, 0x00, 0x00, 0x02, 0xFF, 0xFC, 0x00, 0x00, 0x00, 0x1F, 0xFF, 0xF8, 0x00,
    0x00, 0x00, 0xFC, 0x02, 0xF0, 0x00, 0x00, 0x03, 0xC0, 0x02, 0xD0, 0x00, 0x00, 0x1D, 0x00, 0x07,
    0x40, 0x00, 0x00, 0x00, 0x00, 0x00, 0x00, 0x00, 0x00, 0x1B, 0xFE, 0x40, 0x00, 0x00, 0x07, 0xFF,
    0xFF, 0xD0, 0x00, 0x00, 0xFF, 0xE5, 0xBF, 0xE0, 0x00, 0x0F, 0xF0, 0x00, 0x3F, 0xE0, 0x00, 0xBF,
    0x00, 0x00, 0x3F, 0xD0, 0x07, 0xF4, 0x00, 0x00, 0x7F, 0xC0, 0x3F, 0xC0, 0x00, 0x00, 0xFF, 0x41,
    0xFD, 0x00, 0x00, 0x02, 0xFE, 0x0B, 0xF0, 0x00, 0x00, 0x07, 0xFC, 0x3F, 0xC0, 0x00, 0x00, 0x0F,
    0xF0, 0xFF, 0x00, 0x00, 0x00, 0x3F, 0xC3, 0xFC, 0x00, 0x00, 0x00, 0xFF, 0x0F, 0xF0, 0x00, 0x00,
    0x03, 0xFC, 0x3F, 0xC0, 0x00, 0x00, 0x0F, 0xF0, 0xFF, 0x00, 0x00, 0x00, 0x3F, 0x83, 0xFC, 0x00,
    0x00, 0x01, 0xFE, 0x0F, 0xF0, 0x00, 0x00, 0x0B, 0xF4, 0x2F, 0xE0, 0x00, 0x00, 0x3F, 0xC0, 0x3F,
    0xC0, 0x00, 0x00, 0xFD, 0x00, 0xBF, 0x40, 0x00, 0x0F, 0xF0, 0x00, 0xFF, 0x40, 0x00, 0xBF, 0x40,
    0x01, 0xFF, 0x80, 0x1F, 0xF4, 0x00, 0x01, 0xFF, 0xFF, 0xFF, 0x40, 0x00, 0x00, 0xBF, 0xFF, 0xE0,
    0x00, 0x00, 0x00, 0x05, 0x50, 0x00, 0x00, 0x00, 0x01, 0xA4, 0x00, 0x00, 0x0F, 0xFF, 0x00, 0x00,
    0x3F, 0xFF, 0x80, 0x00, 0xBE, 0x5F, 0xC0, 0x00, 0xF0, 0x02, 0xE0, 0x01, 0xD0, 0x00, 0xF0, 0x01,
    0x80, 0x00, 0x90, 0x00, 0x00, 0x00, 0x00, 0x00, 0x01, 0x54, 0x00, 0x00, 0x7F, 0xFF, 0x80, 0x02,
    0xFF, 0xBF, 0xF0, 0x0B, 0xF4, 0x07, 0xF8, 0x0F, 0xD0, 0x02, 0xFC, 0x2F, 0xC0, 0x00, 0xFE, 0x3F,
    0x80, 0x00, 0xFF, 0x3F, 0x80, 0x00, 0xFF, 0x7F, 0x40, 0x00, 0xFF, 0x7F, 0x40, 0x00, 0xFF, 0x7F,
    0x40, 0x00, 0xFF, 0x7F, 0x40, 0x00, 0xFF, 0x7F, 0x80, 0x00, 0xFE, 0x3F, 0xC0, 0x01, 0xFC, 0x2F,
    0xC0, 0x03, 0xFC, 0x0F, 0xF0, 0x0B, 0xF0, 0x07, 0xFE, 0xBF, 0xD0, 0x00, 0xFF, 0xFE, 0x00, 0x00,
    0x05, 0x50, 0x00, 0x00, 0x00, 0x10, 0x00, 0x00, 0x00, 0x28, 0x03, 0xE0, 0x00, 0x00, 0x02, 0xFC,
    0x1F, 0xE0, 0x00, 0x00, 0x07, 0xFC, 0x2F, 0xD0, 0x00, 0x00, 0x07, 0xFC, 0x1F, 0xC0, 0x00, 0x00,
    0x01, 0xFC, 0x0B, 0xC0, 0x00, 0x00, 0x00, 0x60, 0x06, 0x00, 0x00, 0x00, 0x00, 0x00, 0x00, 0x00,
    0x00, 0x05, 0x55, 0x55, 0x00, 0x00, 0x00, 0x7F, 0xFF, 0xFF, 0xF8, 0x00, 0x00, 0xAF, 0xFA, 0xBF,
    0xFC, 0x00, 0x00, 0x2F, 0xC0, 0x0B, 0xFC, 0x00, 0x00, 0xBF, 0x00, 0x0F, 0xF4, 0x00, 0x02, 0xFC,
    0x00, 0x1F, 0xE0, 0x00, 0x0B, 0xF0, 0x00, 0x7F, 0x80, 0x00, 0x2F, 0xC0, 0x01, 0xFD, 0x00, 0x00,
    0xFF, 0x00, 0x0B, 0xF0, 0x00, 0x03, 0xFC, 0x00, 0x7F, 0x80, 0x00, 0x0F, 0xF0, 0x07, 0xF8, 0x00,
    0x00, 0x3F, 0x86, 0xFF, 0x40, 0x00, 0x00, 0xFE, 0x3F, 0x40, 0x00, 0x00, 0x03, 0xF8, 0xBF, 0x40,
    0x00, 0x00, 0x0F, 0xE0, 0xBF, 0x40, 0x00, 0x00, 0x3F, 0x80, 0xFF, 0x00, 0x00, 0x00, 0xFE, 0x02,
    0xFD, 0x00, 0x00, 0x03, 0xF8, 0x03, 0xFC, 0x00, 0x00, 0x0F, 0xD0, 0x0F, 0xF4, 0x00, 0x00, 0x7F,
    0x40, 0x1F, 0xF0, 0x00, 0x01, 0xFD, 0x00, 0x3F, 0xD0, 0x00, 0x07, 0xF4, 0x00, 0x7F, 0xC0, 0x03,
    0xFF, 0xFF, 0x80, 0xFF, 0xFF, 0x1F, 0xFF, 0xFE, 0x00, 0xBF, 0xF8, 0x00, 0x00, 0x00, 0x00, 0x15,
    0x00, 0x00, 0x00, 0x00, 0x00, 0x18, 0x07, 0x80, 0x00, 0x7F, 0x0F, 0xD0, 0x00, 0x3F, 0x8B, 0xF0,
    0x00, 0x1F, 0xD2, 0xF8, 0x00, 0x03, 0xF0, 0x7D, 0x00, 0x00, 0xBC, 0x1F, 0x00, 0x00, 0x14, 0x01,
    0x00, 0x00, 0x00, 0x00, 0x00, 0x01, 0x40, 0x01, 0x40, 0x7F, 0xF4, 0x0F, 0xF8, 0xBF, 0xF8, 0x2F,
    0xFC, 0x02, 0xFC, 0x3F, 0xFC, 0x02, 0xFC, 0xB4, 0xB8, 0x02, 0xF8, 0xF0, 0x10, 0x02, 0xF9, 0xD0,
    0x00, 0x02, 0xF7, 0xC0, 0x00, 0x02, 0xFB, 0x80, 0x00, 0x03, 0xFF, 0x00, 0x00, 0x03, 0xFE, 0x00,
    0x00, 0x03, 0xFD, 0x00, 0x00, 0x03, 0xFC, 0x00, 0x00, 0x03, 0xF8, 0x00, 0x00, 0x03, 0xF4, 0x00,
    0x00, 0x03, 0xF4, 0x00, 0x00, 0x03, 0xF0, 0x00, 0x00, 0x03, 0xF0, 0x00, 0x00, 0x00, 0x00, 0xBF,
    0x80, 0x00, 0x00, 0x00, 0x1F, 0xFF, 0xC0, 0x00, 0x00, 0x00, 0xFF, 0xFF, 0xC0, 0x00, 0x00, 0x0B,
    0xD0, 0x2F, 0x40, 0x00, 0x00, 0x3C, 0x00, 0x2E, 0x00, 0x00, 0x00, 0xD0, 0x00, 0x38, 0x00, 0x00,
    0x00, 0x00, 0x00, 0x00, 0x00, 0x01, 0x55, 0x55, 0x40, 0x00, 0x00, 0x1F, 0xFF, 0xFF, 0xFE, 0x00,
    0x00, 0x2B, 0xFE, 0xAF, 0xFF, 0x00, 0x00, 0x0B, 0xF0, 0x02, 0xFF, 0x00, 0x00, 0x2F, 0xC0, 0x03,
    0xFD, 0x00, 0x00, 0xBF, 0x00, 0x07, 0xF8, 0x00, 0x02, 0xFC, 0x00, 0x1F, 0xE0, 0x00, 0x0B, 0xF0,
    0x00, 0x7F, 0x40, 0x00, 0x3F, 0xC0, 0x02, 0xFC, 0x00, 0x00, 0xFF, 0x00, 0x1F, 0xE0, 0x00, 0x03,
    0xFC, 0x01, 0xFE, 0x00, 0x00, 0x0F, 0xE1, 0xBF, 0xD0, 0x00, 0x00, 0x3F, 0x8F, 0xD0, 0x00, 0x00,
    0x00, 0xFE, 0x2F, 0xD0, 0x00, 0x00, 0x03, 0xF8, 0x2F, 0xD0, 0x00, 0x00, 0x0F, 0xE0, 0x3F, 0xC0,
    0x00, 0x00, 0x3F, 0x80, 0xBF, 0x40, 0x00, 0x00, 0xFE, 0x00, 0xFF, 0x00, 0x00, 0x03, 0xF4, 0x03,
    0xFD, 0x00, 0x00, 0x1F, 0xD0, 0x07, 0xFC, 0x00, 0x00, 0x7F, 0x40, 0x0F, 0xF4, 0x00, 0x01, 0xFD,
    0x00, 0x1F, 0xF0, 0x00, 0xFF, 0xFF, 0xE0, 0x3F, 0xFF, 0xC7, 0xFF, 0xFF, 0x80, 0x2F, 0xFE, 0x00,
    0x00, 0x00, 0x00, 0x05, 0x40, 0x00, 0x01, 0x90, 0x00, 0x00, 0x1F, 0xFE, 0x00, 0x00, 0x7F, 0xFF,
    0x40, 0x00, 0xFD, 0x6F, 0xC0, 0x02, 0xE0, 0x03, 0xC0, 0x03, 0xC0, 0x01, 0xD0, 0x02, 0x40, 0x00,
    0x80, 0x00, 0x00, 0x00, 0x00, 0x01, 0x40, 0x01, 0x40, 0x7F, 0xF4, 0x0F, 0xF8, 0xBF, 0xF8, 0x2F,
    0xFC, 0x02, 0xFC, 0x3F, 0xFC, 0x02, 0xFC, 0xB4, 0xB8, 0x02, 0xF8, 0xF0, 0x10, 0x02, 0xF9, 0xD0,
    0x00, 0x02, 0xF7, 0xC0, 0x00, 0x02, 0xFB, 0x80, 0x00, 0x03, 0xFF, 0x00, 0x00, 0x03, 0xFE, 0x00,
    0x00, 0x03, 0xFD, 0x00, 0x00, 0x03, 0xFC, 0x00, 0x00, 0x03, 0xF8, 0x00, 0x00, 0x03, 0xF4, 0x00,
    0x00, 0x03, 0xF4, 0x00, 0x00, 0x03, 0xF0, 0x00, 0x00, 0x03, 0xF0, 0x00, 0x00, 0x00, 0x00, 0x04,
    0x00, 0x00, 0x00, 0x0B, 0x00, 0xFC, 0x00, 0x00, 0x00, 0x7F, 0x03, 0xFC, 0x00, 0x00, 0x00, 0xFF,
    0x07, 0xF8, 0x00, 0x00, 0x01, 0xFF, 0x03, 0xF4, 0x00, 0x00, 0x00, 0x7F, 0x02, 0xF0, 0x00, 0x00,
    0x00, 0x1C, 0x00, 0x80, 0x00, 0x00, 0x00, 0x00, 0x00, 0x00, 0x00, 0x55, 0x55, 0x40, 0x05, 0x55,
    0x53, 0xFF, 0xFF, 0x00, 0x3F, 0xFF, 0xE6, 0xFF, 0xE4, 0x00, 0x6F, 0xFE, 0x02, 0xFC, 0x00, 0x00,
    0x1F, 0xC0, 0x0B, 0xF0, 0x00, 0x00, 0x7F, 0x00, 0x2F, 0xC0, 0x00, 0x02, 0xFC, 0x00, 0xBF, 0x00,
    0x00, 0x0F, 0xF0, 0x02, 0xFC, 0x00, 0x00, 0x3F, 0xC0, 0x0F, 0xF0, 0x00, 0x00, 0xFF, 0x00, 0x3F,
    0xC0, 0x00, 0x07, 0xF8, 0x00, 0xFF, 0x00, 0x00, 0x2F, 0xE0, 0x03, 0xF8, 0x00, 0x00, 0xBF, 0x80,
    0x0F, 0xE0, 0x00, 0x03, 0xBE, 0x00, 0x3F, 0x80, 0x00, 0x1E, 0xF8, 0x00, 0xFE, 0x00, 0x00, 0xB7,
    0xD0, 0x03, 0xF8, 0x00, 0x03, 0xDF, 0x40, 0x0F, 0xD0, 0x00, 0x1D, 0xBD, 0x00, 0x3F, 0x40, 0x00,
    0xF2, 0xF4, 0x00, 0xFD, 0x00, 0x07, 0x8B, 0xC0, 0x03, 0xF8, 0x00, 0x3D, 0x3F, 0x00, 0x0F, 0xF0,
    0x03, 0xF0, 0xFC, 0x00, 0x1F, 0xF5, 0x7F, 0x03, 0xF0, 0x00, 0x3F, 0xFF, 0xF4, 0x0F, 0xFE, 0x00,
    0x2F, 0xFF, 0x40, 0x3F, 0xF8, 0x00, 0x05, 0x40, 0x00, 0x00, 0x00, 0x00, 0x00, 0x00, 0x00, 0x00,
    0x00, 0x90, 0x3C, 0x00, 0x00, 0x03, 0xF4, 0x7F, 0x00, 0x00, 0x03, 0xFC, 0x3F, 0x80, 0x00, 0x00,
    0xFF, 0x1F, 0xC0, 0x00, 0x00, 0x2F, 0x83, 0xF0, 0x00, 0x00, 0x07, 0xD0, 0xB4, 0x00, 0x00, 0x00,
    0x40, 0x10, 0x00, 0x00, 0x00, 0x00, 0x00, 0x00, 0x01, 0x50, 0x00, 0x00, 0x00, 0x1F, 0xFC, 0x00,
    0x1F, 0xC0, 0x7F, 0xFD, 0x00, 0x2F, 0xC0, 0x11, 0xFD, 0x00, 0x3F, 0xC0, 0x01, 0xFC, 0x00, 0x7F,
    0xC0, 0x01, 0xFC, 0x00, 0xBF, 0xC0, 0x01, 0xFC, 0x00, 0xFF, 0xC0, 0x02, 0xFC, 0x01, 0xEF, 0xC0,
    0x02, 0xFC, 0x03, 0xCF, 0xC0, 0x02, 0xFC, 0x03, 0xCF, 0xC0, 0x03, 0xF8, 0x07, 0x8F, 0xC0, 0x03,
    0xF8, 0x0F, 0x5F, 0xC0, 0x03, 0xF4, 0x0F, 0x1F, 0xC0, 0x03, 0xF4, 0x1E, 0x1F, 0x80, 0x03, 0xF4,
    0x3D, 0x2F, 0x80, 0x03, 0xFD, 0xBC, 0x2F, 0xC0, 0x02, 0xFF, 0xF4, 0x2F, 0xFE, 0x00, 0xFF, 0xD0,
    0x0F, 0xFE, 0x00, 0x15, 0x00, 0x01, 0x50, 0x00, 0x00, 0x2F, 0xF4, 0x00, 0x00, 0x00, 0x03, 0xFF,
    0xF4, 0x00, 0x00, 0x00, 0x3F, 0xFF, 0xF0, 0x00, 0x00, 0x01, 0xF4, 0x07, 0xE0, 0x00, 0x00, 0x0B,
    0x40, 0x03, 0xC0, 0x00, 0x00, 0x3C, 0x00, 0x0F, 0x00, 0x00, 0x00, 0x00, 0x00, 0x00, 0x00, 0x15,
    0x55, 0x50, 0x01, 0x55, 0x54, 0xFF, 0xFF, 0xC0, 0x0F, 0xFF, 0xF9, 0xBF, 0xF9, 0x00, 0x1B, 0xFF,
    0x80, 0xBF, 0x00, 0x00, 0x07, 0xF0, 0x02, 0xFC, 0x00, 0x00, 0x1F, 0xC0, 0x0B, 0xF0, 0x00, 0x00,
    0xBF, 0x00, 0x2F, 0xC0, 0x00, 0x03, 0xFC, 0x00, 0xBF, 0x00, 0x00, 0x0F, 0xF0, 0x03, 0xFC, 0x00,
    0x00, 0x3F, 0xC0, 0x0F, 0xF0, 0x00, 0x01, 0xFE, 0x00, 0x3F, 0xC0, 0x00, 0x0B, 0xF8, 0x00, 0xFE,
    0x00, 0x00, 0x2F, 0xE0, 0x03, 0xF8, 0x00, 0x00, 0xEF, 0x80, 0x0F, 0xE0, 0x00, 0x07, 0xBE, 0x00,
    0x3F, 0x80, 0x00, 0x2D, 0xF4, 0x00, 0xFE, 0x00, 0x00, 0xF7, 0xD0, 0x03, 0xF4, 0x00, 0x07, 0x6F,
    0x40, 0x0F, 0xD0, 0x00, 0x3C, 0xBD, 0x00, 0x3F, 0x40, 0x01, 0xE2, 0xF0, 0x00, 0xFE, 0x00, 0x0F,
    0x4F, 0xC0, 0x03, 0xFC, 0x00, 0xFC, 0x3F, 0x00, 0x07, 0xFD, 0x5F, 0xC0, 0xFC, 0x00, 0x0F, 0xFF,
    0xFD, 0x03, 0xFF, 0x80, 0x0B, 0xFF, 0xD0, 0x0F, 0xFE, 0x00, 0x01, 0x50, 0x00, 0x00, 0x00, 0x00,
    0x00, 0x69, 0x00, 0x00, 0x00, 0x03, 0xFF, 0xC0, 0x00, 0x00, 0x0F, 0xFF, 0xF0, 0x00, 0x00, 0x2F,
    0x96, 0xF4, 0x00, 0x00, 0x3D, 0x00, 0xB8, 0x00, 0x00, 0x78, 0x00, 0x3C, 0x00, 0x00, 0x20, 0x00,
    0x18, 0x00, 0x00, 0x00, 0x00, 0x00, 0x00, 0x01, 0x50, 0x00, 0x00, 0x00, 0x1F, 0xFC, 0x00, 0x1F,
    0xC0, 0x7F, 0xFD, 0x00, 0x2F, 0xC0, 0x11, 0xFD, 0x00, 0x3F, 0xC0, 0x01, 0xFC, 0x00, 0x7F, 0xC0,
    0x01, 0xFC, 0x00, 0xBF, 0xC0, 0x01, 0xFC, 0x00, 0xFF, 0xC0, 0x02, 0xFC, 0x01, 0xEF, 0xC0, 0x02,
    0xFC, 0x03, 0xCF, 0xC0, 0x02, 0xFC, 0x03, 0xCF, 0xC0, 0x03, 0xF8, 0x07, 0x8F, 0xC0, 0x03, 0xF8,
    0x0F, 0x5F, 0xC0, 0x03, 0xF4, 0x0F, 0x1F, 0xC0, 0x03, 0xF4, 0x1E, 0x1F, 0x80, 0x03, 0xF4, 0x3D,
    0x2F, 0x80, 0x03, 0xFD, 0xBC, 0x2F, 0xC0, 0x02, 0xFF, 0xF4, 0x2F, 0xFE, 0x00, 0xFF, 0xD0, 0x0F,
    0xFE, 0x00, 0x15, 0x00, 0x01, 0x50, 0x00, 0x06, 0xFE, 0x00, 0x00, 0xBF, 0xFF, 0xE0, 0x03, 0xFD,
    0x5B, 0xFC, 0x0B, 0xD0, 0x00, 0xFD, 0x0F, 0xC0, 0x00, 0xFD, 0x2F, 0x80, 0x02, 0xFD, 0x2F, 0x80,
    0x01, 0xF8, 0x2F, 0xC0, 0x00, 0x00, 0x1F, 0xF4, 0x00, 0x00, 0x0F, 0xFE, 0x00, 0x00, 0x07, 0xFF,
    0xD0, 0x00, 0x00, 0xFF, 0xFD, 0x00, 0x00, 0x2F, 0xFF, 0xC0, 0x00, 0x02, 0xFF, 0xF0, 0x00, 0x00,
    0x2F, 0xFC, 0x00, 0x00, 0x07, 0xFD, 0x00, 0x00, 0x01, 0xFD, 0x05, 0x00, 0x00, 0xFD, 0x3F, 0xC0,
    0x00, 0xFD, 0xBF, 0x80, 0x00, 0xFC, 0xBF, 0x40, 0x02, 0xF8, 0x7F, 0x80, 0x0F, 0xF0, 0x2F, 0xFF,
    0xFF, 0xC0, 0x07, 0xFF, 0xFD, 0x00, 0x00, 0x15, 0x40, 0x00, 0x00, 0x00, 0x00, 0x00, 0x00, 0x1F,
    0xC0, 0x00, 0x00, 0x3F, 0xD0, 0x00, 0x00, 0x3F, 0xE0, 0x00, 0x00, 0x07, 0xD0, 0x00, 0x00, 0x07,
    0xC0, 0x00, 0x00, 0x1F, 0x00, 0x00, 0x00, 0x2C, 0x00, 0x00, 0x00, 0x00, 0x00, 0x00, 0x00, 0x05,
    0x40, 0x00, 0x7F, 0xFF, 0x40, 0x7F, 0x9B, 0xF8, 0x3F, 0x00, 0x7F, 0x2F, 0x40, 0x2F, 0xCB, 0xE0,
    0x02, 0x82, 0xFE, 0x00, 0x00, 0x7F, 0xF4, 0x00, 0x0B, 0xFF, 0xD0, 0x00, 0xBF, 0xFF, 0x00, 0x02,
    0xFF, 0xF0, 0x00, 0x07, 0xFD, 0x00, 0x00, 0x3F, 0x86, 0x40, 0x07, 0xEB, 0xF0, 0x01, 0xF6, 0xFC,
    0x00, 0xFC, 0x7F, 0xEA, 0xFD, 0x07, 0xFF, 0xF8, 0x00, 0x05, 0x50, 0x00, 0x00, 0x00, 0x00, 0x00,
    0x7E, 0x00, 0x00, 0x3F, 0xC0, 0x00, 0x0F, 0xF4, 0x00, 0x00, 0xBC, 0x00, 0x00, 0x2E, 0x00, 0x00,
    0x1F, 0x00, 0x00, 0x0F, 0x00, 0x00, 0x00, 0x00, 0x00, 0x15, 0x55, 0x55, 0x55, 0x55, 0x0F, 0xFF,
    0xFF, 0xFF, 0xFF, 0xC7, 0xFE, 0xAF, 0xFE, 0xBF, 0xF1, 0xF8, 0x01, 0xFC, 0x00, 0xFC, 0xBC, 0x00,
    0x7F, 0x00, 0x1F, 0x6E, 0x00, 0x2F, 0xC0, 0x03, 0xD7, 0x40, 0x0B, 0xF0, 0x00, 0xA0, 0x00, 0x02,
    0xFC, 0x00, 0x00, 0x00, 0x00, 0xBF, 0x00, 0x00, 0x00, 0x00, 0x2F, 0xC0, 0x00, 0x00, 0x00, 0x0B,
    0xF0, 0x00, 0x00, 0x00, 0x02, 0xFC, 0x00, 0x00, 0x00, 0x00, 0xFF, 0x00, 0x00, 0x00, 0x00, 0x3F,
    0xC0, 0x00, 0x00, 0x00, 0x0F, 0xF0, 0x00, 0x00, 0x00, 0x03, 0xF8, 0x00, 0x00, 0x00, 0x00, 0xFE,
    0x00, 0x00, 0x00, 0x00, 0x3F, 0x80, 0x00, 0x00, 0x00, 0x0F, 0xE0, 0x00, 0x00, 0x00, 0x03, 0xF8,
    0x00, 0x00, 0x00, 0x00, 0xFE, 0x00, 0x00, 0x00, 0x00, 0x3F, 0x80, 0x00, 0x00, 0x07, 0xFF, 0xFF,
    0xC0, 0x00, 0x03, 0xFF, 0xFF, 0xF0, 0x00, 0x00, 0x00, 0x00, 0x00, 0x00, 0x00, 0x00, 0x00, 0x00,
    0x00, 0x00, 0x00, 0x1F, 0xC0, 0x00, 0x00, 0x00, 0x0F, 0xF4, 0x00, 0x00, 0x00, 0x02, 0xFE, 0x00,
    0x00, 0x00, 0x00, 0x1F, 0x40, 0x00, 0x00, 0x00, 0x07, 0xC0, 0x00, 0x00, 0x00, 0x03, 0xC0, 0x00,
    0x00, 0x00, 0x02, 0xC0, 0x00, 0x00, 0x00, 0x00, 0x00, 0x00, 0x00, 0x00, 0x00, 0x54, 0x00, 0x00,
    0x3E, 0x00, 0x00, 0x0F, 0x80, 0x00, 0x07, 0xE0, 0x00, 0x02, 0xF4, 0x00, 0x00, 0xFD, 0x00, 0x0B,
    0xFF, 0xFF, 0xD3, 0xFF, 0xFF, 0xF4, 0x07, 0xF4, 0x00, 0x01, 0xFC, 0x00, 0x00, 0x7F, 0x00, 0x00,
    0x1F, 0xC0, 0x00, 0x07, 0xF0, 0x00, 0x02, 0xFC, 0x00, 0x00, 0xBF, 0x00, 0x00, 0x2F, 0xC0, 0x00,
    0x0B, 0xF0, 0x00, 0x02, 0xFC, 0x00, 0x00, 0xFF, 0x00, 0x00, 0x2F, 0xC0, 0x04, 0x0B, 0xF4, 0x2F,
    0x00, 0xFF, 0xFF, 0x40, 0x1F, 0xFF, 0x40, 0x00, 0x54, 0x00, 0x00, 0x00, 0x00, 0x00, 0x0F, 0xC0,
    0x00, 0x0B, 0xF8, 0x00, 0x01, 0xFF, 0x00, 0x00, 0x0F, 0x80, 0x00, 0x03, 0xC0, 0x00, 0x03, 0xD0,
    0x00, 0x01, 0xD0, 0x00, 0x00, 0x00, 0x00, 0x00, 0x00, 0x00, 0x55, 0x55, 0x40, 0x00, 0x00, 0x0B,
    0xFF, 0xFF, 0x00, 0x00, 0x00, 0x2F, 0xFF, 0xFC, 0x00, 0x00, 0x00, 0x55, 0x55, 0x50, 0x00, 0x00,
    0x00, 0x00, 0x00, 0x00, 0x00, 0x00, 0x01, 0x40, 0x04, 0x00, 0x00, 0x00, 0x3F, 0x80, 0xFD, 0x00,
    0x00, 0x02, 0xFF, 0x0B, 0xFC, 0x00, 0x00, 0x0B, 0xFC, 0x2F, 0xE0, 0x00, 0x00, 0x0F, 0xC0, 0x3F,
    0x00, 0x00, 0x00, 0x00, 0x00, 0x00, 0x00, 0x00, 0x00, 0x00, 0x00, 0x00, 0x00, 0x00, 0x00, 0x6F,
    0xF9, 0x00, 0x00, 0x00, 0x1F, 0xFF, 0xFF, 0x40, 0x00, 0x03, 0xFF, 0x96, 0xFF, 0x80, 0x00, 0x3F,
    0xC0, 0x00, 0xFF, 0x80, 0x02, 0xFC, 0x00, 0x00, 0xFF, 0x40, 0x1F, 0xD0, 0x00, 0x01, 0xFF, 0x00,
    0xFF, 0x00, 0x00, 0x03, 0xFD, 0x07, 0xF4, 0x00, 0x00, 0x0B, 0xF8, 0x2F, 0xC0, 0x00, 0x00, 0x1F,
    0xF0, 0xFF, 0x00, 0x00, 0x00, 0x3F, 0xC3, 0xFC, 0x00, 0x00, 0x00, 0xFF, 0x0F, 0xF0, 0x00, 0x00,
    0x03, 0xFC, 0x3F, 0xC0, 0x00, 0x00, 0x0F, 0xF0, 0xFF, 0x00, 0x00, 0x00, 0x3F, 0xC3, 0xFC, 0x00,
    0x00, 0x00, 0xFE, 0x0F, 0xF0, 0x00, 0x00, 0x07, 0xF8, 0x3F, 0xC0, 0x00, 0x00, 0x2F, 0xD0, 0xBF,
    0x80, 0x00, 0x00, 0xFF, 0x00, 0xFF, 0x00, 0x00, 0x03, 0xF4, 0x02, 0xFD, 0x00, 0x00, 0x3F, 0xC0,
    0x03, 0xFD, 0x00, 0x02, 0xFD, 0x00, 0x07, 0xFE, 0x00, 0x7F, 0xD0, 0x00, 0x07, 0xFF, 0xFF, 0xFD,
    0x00, 0x00, 0x02, 0xFF, 0xFF, 0x80, 0x00, 0x00, 0x00, 0x15, 0x40, 0x00, 0x00, 0x00, 0x55, 0x55,
    0x50, 0x00, 0xFF, 0xFF, 0xF0, 0x00, 0xFF, 0xFF, 0xE0, 0x00, 0x55, 0x55, 0x50, 0x00, 0x00, 0x00,
    0x00, 0x00, 0x00, 0x00, 0x00, 0x00, 0xFC, 0x03, 0xE0, 0x02, 0xFE, 0x0F, 0xF4, 0x03, 0xFE, 0x0F,
    0xF4, 0x02, 0xFC, 0x0B, 0xF0, 0x00, 0x50, 0x01, 0x40, 0x00, 0x00, 0x00, 0x00, 0x00, 0x00, 0x00,
    0x00, 0x00, 0x01, 0x54, 0x00, 0x00, 0x7F, 0xFF, 0x80, 0x02, 0xFF, 0xBF, 0xF0, 0x0B, 0xF4, 0x07,
    0xF8, 0x0F, 0xD0, 0x02, 0xFC, 0x2F, 0xC0, 0x00, 0xFE, 0x3F, 0x80, 0x00, 0xFF, 0x3F, 0x80, 0x00,
    0xFF, 0x7F, 0x40, 0x00, 0xFF, 0x7F, 0x40, 0x00, 0xFF, 0x7F, 0x40, 0x00, 0xFF, 0x7F, 0x40, 0x00,
    0xFF, 0x7F, 0x80, 0x00, 0xFE, 0x3F, 0xC0, 0x01, 0xFC, 0x2F, 0xC0, 0x03, 0xFC, 0x0F, 0xF0, 0x0B,
    0xF0, 0x07, 0xFE, 0xBF, 0xD0, 0x00, 0xFF, 0xFE, 0x00, 0x00, 0x05, 0x50, 0x00, 0x00, 0x00, 0x55,
    0x55, 0x40, 0x00, 0x00, 0x0B, 0xFF, 0xFF, 0x00, 0x00, 0x00, 0x2F, 0xFF, 0xFC, 0x00, 0x00, 0x00,
    0x55, 0x55, 0x50, 0x00, 0x00, 0x00, 0x00, 0x00, 0x00, 0x00, 0x00, 0x00, 0x00, 0x00, 0x00, 0x00,
    0x00, 0x0F, 0xF4, 0x05, 0x00, 0x00, 0x00, 0xFF, 0xFE, 0xB8, 0x00, 0x00, 0x07, 0xAF, 0xFF, 0xC0,
    0x00, 0x00, 0x08, 0x07, 0xFC, 0x00, 0x00, 0x00, 0x00, 0x00, 0x00, 0x00, 0x00, 0x00, 0x00, 0x00,
    0x00, 0x00, 0x00, 0x00, 0x6F, 0xF9, 0x00, 0x00, 0x00, 0x1F, 0xFF, 0xFF, 0x40, 0x00, 0x03, 0xFF,
    0x96, 0xFF, 0x80, 0x00, 0x3F, 0xC0, 0x00, 0xFF, 0x80, 0x02, 0xFC, 0x00, 0x00, 0xFF, 0x40, 0x1F,
    0xD0, 0x00, 0x01, 0xFF, 0x00, 0xFF, 0x00, 0x00, 0x03, 0xFD, 0x07, 0xF4, 0x00, 0x00, 0x0B, 0xF8,
    0x2F, 0xC0, 0x00, 0x00, 0x1F, 0xF0, 0xFF, 0x00, 0x00, 0x00, 0x3F, 0xC3, 0xFC, 0x00, 0x00, 0x00,
    0xFF, 0x0F, 0xF0, 0x00, 0x00, 0x03, 0xFC, 0x3F, 0xC0, 0x00, 0x00, 0x0F, 0xF0, 0xFF, 0x00, 0x00,
    0x00, 0x3F, 0xC3, 0xFC, 0x00, 0x00, 0x00, 0xFE, 0x0F, 0xF0, 0x00, 0x00, 0x07, 0xF8, 0x3F, 0xC0,
    0x00, 0x00, 0x2F, 0xD0, 0xBF, 0x80, 0x00, 0x00, 0xFF, 0x00, 0xFF, 0x00, 0x00, 0x03, 0xF4, 0x02,
    0xFD, 0x00, 0x00, 0x3F, 0xC0, 0x03, 0xFD, 0x00, 0x02, 0xFD, 0x00, 0x07, 0xFE, 0x00, 0x7F, 0xD0,
    0x00, 0x07, 0xFF, 0xFF, 0xFD, 0x00, 0x00, 0x02, 0xFF, 0xFF, 0x80, 0x00, 0x00, 0x00, 0x15, 0x40,
    0x00, 0x00, 0x00, 0x55, 0x55, 0x40, 0x00, 0xFF, 0xFF, 0xE0, 0x00, 0xFF, 0xFF, 0xE0, 0x00, 0x55,
    0x55, 0x50, 0x00, 0x00, 0x00, 0x00, 0x00, 0x00, 0x00, 0x00, 0x00, 0x2E, 0x40, 0x00, 0x00, 0xFF,
    0xF8, 0x74, 0x01, 0xFF, 0xFF, 0xF0, 0x02, 0x81, 0xFF, 0xC0, 0x00, 0x00, 0x15, 0x00, 0x00, 0x00,
    0x00, 0x00, 0x00, 0x00, 0x00, 0x00, 0x00, 0x01, 0x54, 0x00, 0x00, 0x7F, 0xFF, 0x80, 0x02, 0xFF,
    0xBF, 0xF0, 0x0B, 0xF4, 0x07, 0xF8, 0x0F, 0xD0, 0x02, 0xFC, 0x2F, 0xC0, 0x00, 0xFE, 0x3F, 0x80,
    0x00, 0xFF, 0x3F, 0x80, 0x00, 0xFF, 0x7F, 0x40, 0x00, 0xFF, 0x7F, 0x40, 0x00, 0xFF, 0x7F, 0x40,
    0x00, 0xFF, 0x7F, 0x40, 0x00, 0xFF, 0x7F, 0x80, 0x00, 0xFE, 0x3F, 0xC0, 0x01, 0xFC, 0x2F, 0xC0,
    0x03, 0xFC, 0x0F, 0xF0, 0x0B, 0xF0, 0x07, 0xFE, 0xBF, 0xD0, 0x00, 0xFF, 0xFE, 0x00, 0x00, 0x05,
    0x50, 0x00, 0x00, 0x00, 0x55, 0x55, 0x40, 0x00, 0x00, 0x0B, 0xFF, 0xFF, 0x00, 0x00, 0x00, 0x2F,
    0xFF, 0xFC, 0x00, 0x00, 0x00, 0x55, 0x55, 0x50, 0x00, 0x00, 0x00, 0x00, 0x00, 0x00, 0x00, 0x00,
    0x00, 0x05, 0x00, 0x00, 0x00, 0x00, 0x00, 0xFF, 0x00, 0x00, 0x00, 0x00, 0x03, 0xFD, 0x00, 0x00,
    0x00, 0x00, 0x0F, 0xF4, 0x00, 0x00, 0x00, 0x00, 0x2F, 0xC0, 0x00, 0x00, 0x00, 0x00, 0x00, 0x00,
    0x00, 0x00, 0x00, 0x00, 0x00, 0x00, 0x00, 0x00, 0x00, 0x6F, 0xF9, 0x00, 0x00, 0x00, 0x1F, 0xFF,
    0xFF, 0x40, 0x00, 0x03, 0xFF, 0x96, 0xFF, 0x80, 0x00, 0x3F, 0xC0, 0x00, 0xFF, 0x80, 0x02, 0xFC,
    0x00, 0x00, 0xFF, 0x40, 0x1F, 0xD0, 0x00, 0x01, 0xFF, 0x00, 0xFF, 0x00, 0x00, 0x03, 0xFD, 0x07,
    0xF4, 0x00, 0x00, 0x0B, 0xF8, 0x2F, 0xC0, 0x00, 0x00, 0x1F, 0xF0, 0xFF, 0x00, 0x00, 0x00, 0x3F,
    0xC3, 0xFC, 0x00, 0x00, 0x00, 0xFF, 0x0F, 0xF0, 0x00, 0x00, 0x03, 0xFC, 0x3F, 0xC0, 0x00, 0x00,
    0x0F, 0xF0, 0xFF, 0x00, 0x00, 0x00, 0x3F, 0xC3, 0xFC, 0x00, 0x00, 0x00, 0xFE, 0x0F, 0xF0, 0x00,
    0x00, 0x07, 0xF8, 0x3F, 0xC0, 0x00, 0x00, 0x2F, 0xD0, 0xBF, 0x80, 0x00, 0x00, 0xFF, 0x00, 0xFF,
    0x00, 0x00, 0x03, 0xF4, 0x02, 0xFD, 0x00, 0x00, 0x3F, 0xC0, 0x03, 0xFD, 0x00, 0x02, 0xFD, 0x00,
    0x07, 0xFE, 0x00, 0x7F, 0xD0, 0x00, 0x07, 0xFF, 0xFF, 0xFD, 0x00, 0x00, 0x02, 0xFF, 0xFF, 0x80,
    0x00, 0x00, 0x00, 0x15, 0x40, 0x00, 0x00, 0x00, 0x55, 0x55, 0x50, 0x00, 0xFF, 0xFF, 0xF0, 0x00,
    0xFF, 0xFF, 0xF0, 0x00, 0x55, 0x55, 0x50, 0x00, 0x00, 0x00, 0x00, 0x00, 0x00, 0x40, 0x00, 0x00,
    0x03, 0xF8, 0x00, 0x00, 0x07, 0xFC, 0x00, 0x00, 0x0B, 0xFC, 0x00, 0x00, 0x03, 0xF8, 0x00, 0x00,
    0x00, 0x50, 0x00, 0x00, 0x00, 0x00, 0x00, 0x00, 0x00, 0x00, 0x00, 0x00, 0x01, 0x54, 0x00, 0x00,
    0x7F, 0xFF, 0x80, 0x02, 0xFF, 0xBF, 0xF0, 0x0B, 0xF4, 0x07, 0xF8, 0x0F, 0xD0, 0x02, 0xFC, 0x2F,
    0xC0, 0x00, 0xFE, 0x3F, 0x80, 0x00, 0xFF, 0x3F, 0x80, 0x00, 0xFF, 0x7F, 0x40, 0x00, 0xFF, 0x7F,
    0x40, 0x00, 0xFF, 0x7F, 0x40, 0x00, 0xFF, 0x7F, 0x40, 0x00, 0xFF, 0x7F, 0x80, 0x00, 0xFE, 0x3F,
    0xC0, 0x01, 0xFC, 0x2F, 0xC0, 0x03, 0xFC, 0x0F, 0xF0, 0x0B, 0xF0, 0x07, 0xFE, 0xBF, 0xD0, 0x00,
    0xFF, 0xFE, 0x00, 0x00, 0x05, 0x50, 0x00, 0x00, 0x00, 0x55, 0x55, 0x40, 0x00, 0x00, 0x00, 0xFF,
    0xFF, 0xE0, 0x00, 0x00, 0x00, 0xFF, 0xFF, 0xE0, 0x00, 0x00, 0x00, 0x55, 0x55, 0x40, 0x00, 0x00,
    0x00, 0x00, 0x00, 0x00, 0x00, 0x00, 0x00, 0x00, 0x00, 0x00, 0x00, 0x15, 0x55, 0x50, 0x00, 0x55,
    0x54, 0x3F, 0xFF, 0xF0, 0x02, 0xFF, 0xFD, 0x2F, 0xFF, 0x90, 0x01, 0xBF, 0xF8, 0x02, 0xFD, 0x00,
    0x00, 0x0F, 0x40, 0x00, 0xFF, 0x00, 0x00, 0x3E, 0x00, 0x00, 0x7F, 0x80, 0x00, 0x7C, 0x00, 0x00,
    0x3F, 0xC0, 0x00, 0xF8, 0x00, 0x00, 0x1F, 0xE0, 0x01, 0xF0, 0x00, 0x00, 0x0F, 0xF0, 0x03, 0xD0,
    0x00, 0x00, 0x07, 0xF8, 0x0B, 0xC0, 0x00, 0x00, 0x03, 0xFC, 0x0F, 0x00, 0x00, 0x00, 0x00, 0xFE,
    0x3E, 0x00, 0x00, 0x00, 0x00, 0xBF, 0x7C, 0x00, 0x00, 0x00, 0x00, 0x3F, 0xF4, 0x00, 0x00, 0x00,
    0x00, 0x2F, 0xF0, 0x00, 0x00, 0x00, 0x00, 0x0F, 0xD0, 0x00, 0x00, 0x00, 0x00, 0x1F, 0xD0, 0x00,
    0x00, 0x00, 0x00, 0x1F, 0xD0, 0x00, 0x00, 0x00, 0x00, 0x1F, 0xD0, 0x00, 0x00, 0x00, 0x00, 0x1F,
    0xC0, 0x00, 0x00, 0x00, 0x00, 0x1F, 0xC0, 0x00, 0x00, 0x00, 0x00, 0x2F, 0xC0, 0x00, 0x00, 0x00,
    0x07, 0xFF, 0xFF, 0x00, 0x00, 0x00, 0x07, 0xFF, 0xFF, 0x00, 0x00, 0x00, 0x3F, 0xFF, 0xF4, 0x00,
    0x1F, 0xFF, 0xFD, 0x00, 0x07, 0xFF, 0xFF, 0x40, 0x00, 0x00, 0x00, 0x00, 0x00, 0x00, 0x00, 0x00,
    0x00, 0x00, 0x00, 0x00, 0x00, 0x14, 0x00, 0x01, 0x41, 0xFF, 0xD0, 0x02, 0xFD, 0xBF, 0xFC, 0x00,
    0xFF, 0xC0, 0xBF, 0x00, 0x3F, 0xF0, 0x2F, 0xC0, 0x01, 0xFC, 0x0B, 0xF0, 0x00, 0x3E, 0x02, 0xFC,
    0x00, 0x0F, 0x00, 0xBF, 0x00, 0x0B, 0xC0, 0x2F, 0xC0, 0x03, 0xD0, 0x07, 0xF0, 0x01, 0xF0, 0x01,
    0xFC, 0x00, 0xF8, 0x00, 0x3F, 0x40, 0x7C, 0x00, 0x0F, 0xE0, 0x2E, 0x00, 0x03, 0xFC, 0x0F, 0x00,
    0x00, 0x7F, 0x0B, 0xC0, 0x00, 0x0F, 0xF7, 0xD0, 0x00, 0x01, 0xFF, 0xF0, 0x00, 0x00, 0x1F, 0xF4,
    0x00, 0x00, 0x00, 0x7C, 0x00, 0x00, 0x00, 0x2E, 0x00, 0x00, 0x00, 0x0F, 0x00, 0x00, 0x78, 0x0B,
    0x80, 0x00, 0x3F, 0x47, 0xC0, 0x00, 0x0F, 0xFF, 0xD0, 0x00, 0x02, 0xFF, 0xE0, 0x00, 0x00, 0x1A,
    0x40, 0x00, 0x00, 0x00, 0x15, 0x00, 0x2F, 0xFC, 0x03, 0xFF, 0xD0, 0x10, 0xFE, 0x00, 0x0F, 0xE0,
    0x00, 0xFD, 0x00, 0x0F, 0xD0, 0x00, 0xFD, 0x00, 0x0F, 0xD0, 0x00, 0xFD, 0x00, 0x0F, 0xD0, 0x01,
    0xFD, 0x00, 0x1F, 0xC0, 0x01, 0xFC, 0x00, 0x1F, 0xC0, 0x01, 0xFC, 0x00, 0x1F, 0xC0, 0x01, 0xF8,
    0x00, 0x2F, 0x40, 0x02, 0xF0, 0x00, 0x2F, 0x00, 0x03, 0xD0, 0x3E, 0xFC, 0x07, 0xFF, 0x40, 0x3F,
    0xD0, 0x00, 0xA0, 0x00, 0x00, 0x01, 0x50, 0x00, 0x00, 0x00, 0xFF, 0xFE, 0xFC, 0x00, 0x1F, 0xFE,
    0xFF, 0xE0, 0x00, 0xFE, 0x00, 0x3F, 0x80, 0x0F, 0xF0, 0x00, 0xFE, 0x00, 0x7F, 0x40, 0x07, 0xF8,
    0x02, 0xFC, 0x00, 0x2F, 0xE0, 0x0F, 0xE0, 0x00, 0xFF, 0x80, 0x7F, 0x40, 0x03, 0xFE, 0x01, 0xFD,
    0x00, 0x1E, 0xF4, 0x07, 0xF0, 0x00, 0xF7, 0xD0, 0x1F, 0xC0, 0x03, 0xAF, 0x40, 0x7F, 0x00, 0x1D,
    0xBD, 0x01, 0xFD, 0x00, 0xF3, 0xF4, 0x03, 0xF8, 0x03, 0x8F, 0xD0, 0x0B, 0xF4, 0x3D, 0x3F, 0x44,
    0x0F, 0xFF, 0xE0, 0xFF, 0xF4, 0x1F, 0xFE, 0x01, 0xFF, 0x80, 0x05, 0x40, 0x00, 0x50, 0x00, 0x00,
    0x15, 0x40, 0x00, 0x2F, 0xFF, 0x40, 0x1F, 0xFF, 0xFE, 0x07, 0xF4, 0x1F, 0xF4, 0x34, 0x00, 0x3F,
    0xC0, 0x00, 0x02, 0xFD, 0x00, 0x00, 0x0F, 0xE0, 0x00, 0x00, 0xFE, 0x00, 0x06, 0xFF, 0xF0, 0x1F,
    0xFF, 0xFE, 0x0F, 0xF9, 0x0F, 0xE3, 0xFC, 0x00, 0xFD, 0x7F, 0x00, 0x1F, 0xCB, 0xF0, 0x02, 0xFC,
    0xBF, 0x00, 0x3F, 0x4B, 0xF0, 0x0F, 0xE0, 0x3F, 0xEB, 0xF8, 0x01, 0xFF, 0xFD, 0x00, 0x01, 0x54,
    0x00, 0x00, 0x00, 0x01, 0x54, 0x04, 0x00, 0x3F, 0xFF, 0xFE, 0x01, 0xFF, 0xEF, 0xFE, 0x03, 0xFC,
    0x00, 0xFE, 0x0F, 0xF0, 0x00, 0xFE, 0x1F, 0xD0, 0x01, 0xFE, 0x3F, 0xC0, 0x02, 0xFE, 0x3F, 0x80,
    0x03, 0xFD, 0x7F, 0x40, 0x03, 0xFD, 0x7F, 0x40, 0x07, 0xBD, 0x7F, 0x00, 0x0B, 0x7D, 0x7F, 0x00,
    0x0E, 0xBD, 0x7F, 0x40, 0x1D, 0xBD, 0x3F, 0x40, 0x3C, 0xBD, 0x3F, 0x80, 0x78, 0xFC, 0x2F, 0xD1,
    0xF4, 0xFC, 0x0F, 0xFF, 0xE0, 0xFC, 0x03, 0xFF, 0x80, 0xFC, 0x00, 0x10, 0x01, 0xF8, 0x00, 0x00,
    0x02, 0xF4, 0x2F, 0x80, 0x03, 0xF0, 0x3F, 0x80, 0x0B, 0xE0, 0x7F, 0x80, 0x1F, 0xC0, 0x3F, 0xD1,
    0xBF, 0x00, 0x1F, 0xFF, 0xF8, 0x00, 0x01, 0xAA, 0x40, 0x00, 0x2C, 0x00, 0xBF, 0x00, 0x7F, 0x80,
    0x1F, 0xD0, 0x03, 0xF0, 0x00, 0xBC, 0x00, 0x14, 0x00, 0x00, 0x03, 0xD0, 0x3F, 0x82, 0xFE, 0x1F,
    0xD0, 0xFC, 0x0B, 0x40, 0x10, 0x00, 0x00, 0x00, 0x00, 0x02, 0xF0, 0x00, 0x1F, 0xE0, 0x00, 0xFF,
    0xD0, 0x0F, 0xDF, 0xC0, 0xBC, 0x0F, 0xC7, 0x80, 0x0B, 0x84, 0x00, 0x04, 0x07, 0xE0, 0x00, 0x03,
    0xFF, 0xD2, 0xC3, 0xFF, 0xFF, 0xE0, 0xD0, 0xBF, 0xF0, 0x00, 0x01, 0x90, 0x00, 0x7F, 0xFF, 0xF5,
    0xFF, 0xFF, 0xD7, 0xFF, 0xFF, 0x40, 0x70, 0x00, 0x29, 0xD0, 0x00, 0xE3, 0xC0, 0x0F, 0x4F, 0xEA,
    0xFC, 0x1F, 0xFF, 0xD0, 0x1F, 0xFD, 0x00, 0x05, 0x40, 0x00, 0x04, 0x1F, 0xDF, 0xFF, 0xFF, 0x7F,
    0x41, 0x00, 0x00, 0x00, 0x00, 0x07, 0xE0, 0x1F, 0x83, 0xFD, 0x0F, 0xF0, 0xFF, 0x47, 0xFC, 0x3F,
    0xC0, 0xFF, 0x01, 0x40, 0x05, 0x00, 0x00, 0x00, 0x07, 0xFF, 0x83, 0xE6, 0xFA, 0xF0, 0x3F, 0x7C,
    0x1F, 0xC0, 0x2F, 0xC0, 0x1F, 0xC0, 0x0B, 0xC0, 0x02, 0xF0, 0x00, 0x01, 0x50, 0x03, 0xFF, 0x43,
    0xE2, 0xF0, 0xF0, 0x3D, 0x7C, 0x0F, 0x0F, 0x47, 0xC2, 0xFF, 0xD0, 0x1A, 0x80, 0x00, 0x00, 0x00,
    0x00, 0x2D, 0x03, 0x80, 0x1F, 0xC3, 0xF4, 0x0F, 0xE2, 0xFD, 0x0B, 0xE0, 0xFD, 0x07, 0xD0, 0xFC,
    0x03, 0xC0, 0xB8, 0x00, 0x40, 0x04, 0x00, 0x00, 0x00, 0x01, 0xC0, 0x00, 0xA3, 0xD0, 0x0F, 0x47,
    0xE1, 0xF4, 0x0F, 0xFF, 0x80, 0x0F, 0xFC, 0x00, 0x1F, 0xC0, 0x00, 0x19, 0x00, 0x00, 0x00, 0x00,
    0x06, 0x41, 0xF0, 0x03, 0xF0, 0xBE, 0x00, 0xFF, 0x1F, 0xC0, 0x1F, 0xE2, 0xFC, 0x00, 0xFD, 0x1F,
    0x80, 0x07, 0xC0, 0xF0, 0x00, 0x10, 0x04, 0x00, 0x64, 0x00, 0x1F, 0xFE, 0x01, 0xFF, 0xFD, 0x0F,
    0xE5, 0xFC, 0x7C, 0x00, 0xF6, 0xC0, 0x01, 0xE5, 0x00, 0x02, 0x40, 0x01, 0x02, 0xD2, 0xD1, 0xF0,
    0xFD, 0x3F, 0xEB, 0xF4, 0xA4, 0x00, 0x00, 0x03, 0xF4, 0x07, 0xFC, 0x0B, 0xFD, 0x01, 0xFC, 0x00,
    0x7C, 0x00, 0xB8, 0x01, 0xF0, 0x0B, 0xD0, 0x3F, 0x00, 0x34, 0x00, 0x04, 0x1F, 0xDF, 0xFF, 0xFF,
    0x7F, 0x41, 0x40, 0x00, 0x00, 0x00, 0x07, 0xE0, 0x1F, 0x83, 0xFD, 0x0F, 0xF0, 0xFF, 0x47, 0xFC,
    0x3F, 0xC0, 0xFF, 0x01, 0x40, 0x05, 0x00, 0x00, 0x0F, 0xDB, 0xFD, 0xFF, 0x0F, 0x83, 0xC3, 0xD1,
    0xD0, 0x00, 0x00, 0x01, 0x40, 0x03, 0x40, 0x0B, 0x40, 0x0F, 0xF8, 0x01, 0xFD, 0x00, 0x7E, 0x10,
    0xFD, 0x7F, 0xF8, 0x1A, 0x90, 0x00, 0x10, 0x02, 0xE0, 0x0F, 0x80, 0x2F, 0x00, 0x7D, 0x00, 0xBD,
    0x04, 0xBF, 0xBC, 0x7F, 0xF0, 0x1A, 0x40, 0x00, 0x00, 0x00, 0xB0, 0x00, 0x2C, 0xB4, 0x00, 0x3C,
    0x7E, 0x01, 0xF8, 0x3F, 0xFF, 0xF0, 0x0F, 0xFF, 0xC0, 0x02, 0xFE, 0x00, 0x3F, 0xFF, 0xF5, 0xFF,
    0xFF, 0xD7, 0xFF, 0xFF, 0x40, 0x00, 0x40, 0x0F, 0xC0, 0x7F, 0x83, 0xFC, 0x0F, 0xC0, 0xBD, 0x03,
    0xD0, 0x1E, 0x00, 0x20, 0x00, 0x00, 0x00, 0x00, 0xD0, 0x0F, 0x00, 0xFC, 0x0B, 0xD0, 0x7F, 0x07,
    0xF8, 0x2F, 0xC0, 0x3E, 0x00, 0x00, 0x00, 0x16, 0x01, 0xFC, 0x07, 0xF0, 0x1F, 0xC0, 0x7F, 0xA0,
    0xFF, 0xD0, 0xA9, 0x00, 0x01, 0x90, 0x3F, 0xD2, 0xFF, 0xCB, 0xFF, 0x1F, 0xF4, 0x0A, 0x00, 0x00,
    0x00, 0x00, 0x00, 0x00, 0x00, 0x00, 0x00, 0x00, 0x00, 0x00, 0x00, 0x04, 0x02, 0xFD, 0x0F, 0xFC,
    0x3F, 0xF0, 0xBF, 0xC0, 0x3F, 0x00, 0xF4, 0x0B, 0xC0, 0xBC, 0x07, 0xC0, 0x04, 0x00, 0x01, 0xE0,
    0x0F, 0xE0, 0x7F, 0x83, 0xF8, 0x1F, 0x80, 0xFC, 0x07, 0xC0, 0x08, 0x00, 0x00, 0x00, 0x00, 0x00,
    0x00, 0x00, 0x3E, 0x00, 0x00, 0x00, 0x2F, 0xD0, 0x00, 0xBD, 0x0F, 0xF2, 0xF8, 0x7F, 0xC3, 0xF1,
    0xFF, 0x1F, 0xF2, 0xF4, 0x7F, 0xC3, 0xF4, 0xF8, 0x0F, 0xE0, 0x10, 0x78, 0x00, 0x50, 0x00, 0x08,
    0x00, 0x00, 0x00, 0x00, 0xB4, 0x00, 0x58, 0x00, 0x00, 0x01, 0xFC, 0x03, 0xFD, 0x00, 0x00, 0x03,
    0xFC, 0x0B, 0xFE, 0x00, 0x00, 0x07, 0xF4, 0x0F, 0xFF, 0x00, 0x00, 0x0F, 0xD0, 0x0F, 0x7F, 0x00,
    0x00, 0x0F, 0x40, 0x2E, 0x3F, 0x40, 0x00, 0x2D, 0x00, 0x3C, 0x3F, 0xC0, 0x00, 0x14, 0x00, 0x7C,
    0x2F, 0xC0, 0x00, 0x00, 0x00, 0xB8, 0x1F, 0xD0, 0x00, 0x00, 0x00, 0xF0, 0x0F, 0xE0, 0x00, 0x00,
    0x01, 0xF0, 0x0F, 0xF0, 0x00, 0x00, 0x03, 0xD0, 0x0B, 0xF0, 0x00, 0x00, 0x03, 0xC0, 0x07, 0xF4,
    0x00, 0x00, 0x0B, 0xC0, 0x03, 0xF8, 0x00, 0x00, 0x0F, 0xEA, 0xAB, 0xFC, 0x00, 0x00, 0x0F, 0xFF,
    0xFF, 0xFD, 0x00, 0x00, 0x2F, 0x55, 0x56, 0xFE, 0x00, 0x00, 0x3D, 0x00, 0x00, 0xFF, 0x00, 0x00,
    0x7C, 0x00, 0x00, 0xFF, 0x00, 0x00, 0xB8, 0x00, 0x00, 0xBF, 0x40, 0x00, 0xF4, 0x00, 0x00, 0x7F,
    0x80, 0x01, 0xF0, 0x00, 0x00, 0x3F, 0xC0, 0x3F, 0xFF, 0x80, 0x0B, 0xFF, 0xFE, 0x7F, 0xFF, 0xC0,
    0x0F, 0xFF, 0xFE, 0x0B, 0xD0, 0xFF, 0xC3, 0xFF, 0x4F, 0xFC, 0x2F, 0xE0, 0x04, 0x00, 0x02, 0xD0,
    0x15, 0x55, 0x55, 0x55, 0x01, 0xFD, 0x2F, 0xFF, 0xFF, 0xFF, 0xD0, 0xFF, 0x46, 0xFF, 0xFF, 0xFF,
    0xF4, 0x3F, 0x40, 0x0F, 0xF0, 0x00, 0xBE, 0x2F, 0x40, 0x03, 0xFC, 0x00, 0x0F, 0x8F, 0x40, 0x00,
    0xFF, 0x00, 0x02, 0xEB, 0x80, 0x00, 0x3F, 0x80, 0x00, 0x65, 0x40, 0x00, 0x0F, 0xE0, 0x00, 0x00,
    0x00, 0x00, 0x03, 0xF8, 0x00, 0x00, 0x00, 0x00, 0x00, 0xFE, 0x00, 0x00, 0x00, 0x00, 0x00, 0x3F,
    0x80, 0x00, 0x00, 0x00, 0x00, 0x0F, 0xFF, 0xFF, 0xD0, 0x00, 0x00, 0x03, 0xFF, 0xFF, 0xF4, 0x00,
    0x00, 0x00, 0xFE, 0x00, 0x00, 0x00, 0x00, 0x00, 0x3F, 0x40, 0x00, 0x00, 0x00, 0x00, 0x1F, 0xD0,
    0x00, 0x00, 0x00, 0x00, 0x07, 0xF4, 0x00, 0x00, 0x00, 0x00, 0x01, 0xFD, 0x00, 0x00, 0x50, 0x00,
    0x00, 0x7F, 0x00, 0x00, 0x7C, 0x00, 0x00, 0x1F, 0xC0, 0x00, 0x3E, 0x00, 0x00, 0x07, 0xF0, 0x00,
    0x1F, 0x80, 0x00, 0x02, 0xFC, 0x00, 0x1F, 0xD0, 0x00, 0x0F, 0xFF, 0xFF, 0xFF, 0xF4, 0x00, 0x07,
    0xFF, 0xFF, 0xFF, 0xFC, 0x02, 0xD0, 0x15, 0x55, 0x50, 0x05, 0x55, 0x54, 0x07, 0xF0, 0xBF, 0xFF,
    0xE0, 0x0F, 0xFF, 0xFC, 0x0F, 0xF4, 0x6F, 0xFF, 0x90, 0x0A, 0xFF, 0xE4, 0x1F, 0xD0, 0x03, 0xFC,
    0x00, 0x00, 0x7F, 0x40, 0x2F, 0x40, 0x03, 0xFC, 0x00, 0x00, 0x7F, 0x00, 0x3D, 0x00, 0x03, 0xFC,
    0x00, 0x00, 0x7F, 0x00, 0xB4, 0x00, 0x03, 0xF8, 0x00, 0x00, 0xBF, 0x00, 0x50, 0x00, 0x03, 0xF8,
    0x00, 0x00, 0xBF, 0x00, 0x00, 0x00, 0x03, 0xF8, 0x00, 0x00, 0xBF, 0x00, 0x00, 0x00, 0x03, 0xF8,
    0x00, 0x00, 0xBF, 0x00, 0x00, 0x00, 0x03, 0xF8, 0x00, 0x00, 0xBF, 0x00, 0x00, 0x00, 0x03, 0xFF,
    0xFF, 0xFF, 0xFF, 0x00, 0x00, 0x00, 0x03, 0xFF, 0xFF, 0xFF, 0xFF, 0x00, 0x00, 0x00, 0x03, 0xF8,
    0x00, 0x00, 0xFF, 0x00, 0x00, 0x00, 0x07, 0xF4, 0x00, 0x00, 0xFF, 0x00, 0x00, 0x00, 0x07, 0xF4,
    0x00, 0x00, 0xFF, 0x00, 0x00, 0x00, 0x07, 0xF4, 0x00, 0x00, 0xFE, 0x00, 0x00, 0x00, 0x07, 0xF4,
    0x00, 0x00, 0xFE, 0x00, 0x00, 0x00, 0x07, 0xF4, 0x00, 0x00, 0xFE, 0x00, 0x00, 0x00, 0x07, 0xF0,
    0x00, 0x00, 0xFE, 0x00, 0x00, 0x00, 0x0B, 0xF0, 0x00, 0x00, 0xFE, 0x00, 0x00, 0x00, 0x0B, 0xF4,
    0x00, 0x00, 0xFE, 0x00, 0x00, 0x00, 0xFF, 0xFF, 0xC0, 0x2F, 0xFF, 0xF8, 0x00, 0x01, 0xFF, 0xFF,
    0xC0, 0x3F, 0xFF, 0xF8, 0x02, 0xD0, 0x15, 0x55, 0x50, 0x7F, 0x4B, 0xFF, 0xFF, 0x0F, 0xF4, 0x6F,
    0xFF, 0x90, 0xFD, 0x00, 0x3F, 0xC0, 0x2F, 0x40, 0x03, 0xFC, 0x03, 0xD0, 0x00, 0x3F, 0xC0, 0xB8,
    0x00, 0x03, 0xFC, 0x05, 0x00, 0x00, 0x3F, 0x80, 0x00, 0x00, 0x03, 0xF8, 0x00, 0x00, 0x00, 0x3F,
    0x80, 0x00, 0x00, 0x03, 0xF8, 0x00, 0x00, 0x00, 0x3F, 0x80, 0x00, 0x00, 0x03, 0xF8, 0x00, 0x00,
    0x00, 0x3F, 0x40, 0x00, 0x00, 0x03, 0xF4, 0x00, 0x00, 0x00, 0x7F, 0x40, 0x00, 0x00, 0x07, 0xF4,
    0x00, 0x00, 0x00, 0x7F, 0x40, 0x00, 0x00, 0x07, 0xF4, 0x00, 0x00, 0x00, 0x7F, 0x00, 0x00, 0x00,
    0x07, 0xF0, 0x00, 0x00, 0x00, 0xBF, 0x40, 0x00, 0x01, 0xFF, 0xFF, 0xC0, 0x00, 0x1F, 0xFF, 0xFC,
    0x01, 0xE0, 0x00, 0x06, 0xFF, 0x90, 0x00, 0x00, 0xFE, 0x00, 0x1F, 0xFF, 0xFF, 0x40, 0x00, 0x7F,
    0x80, 0x3F, 0xF9, 0x6F, 0xF8, 0x00, 0x3F, 0x80, 0x3F, 0xC0, 0x00, 0xFF, 0x80, 0x1F, 0x80, 0x2F,
    0xC0, 0x00, 0x0F, 0xF4, 0x0F, 0x80, 0x1F, 0xD0, 0x00, 0x01, 0xFF, 0x07, 0xC0, 0x0F, 0xF0, 0x00,
    0x00, 0x3F, 0xD0, 0x80, 0x07, 0xF4, 0x00, 0x00, 0x0B, 0xF8, 0x00, 0x02, 0xFC, 0x00, 0x00, 0x01,
    0xFF, 0x00, 0x00, 0xFF, 0x00, 0x00, 0x00, 0x3F, 0xC0, 0x00, 0x3F, 0xC0, 0x00, 0x00, 0x0F, 0xF0,
    0x00, 0x0F, 0xF0, 0x00, 0x00, 0x03, 0xFC, 0x00, 0x03, 0xFC, 0x00, 0x00, 0x00, 0xFF, 0x00, 0x00,
    0xFF, 0x00, 0x00, 0x00, 0x3F, 0xC0, 0x00, 0x3F, 0xC0, 0x00, 0x00, 0x0F, 0xE0, 0x00, 0x0F, 0xF0,
    0x00, 0x00, 0x07, 0xF8, 0x00, 0x03, 0xFC, 0x00, 0x00, 0x02, 0xFD, 0x00, 0x00, 0xBF, 0x80, 0x00,
    0x00, 0xFF, 0x00, 0x00, 0x0F, 0xF0, 0x00, 0x00, 0x3F, 0x40, 0x00, 0x02, 0xFD, 0x00, 0x00, 0x3F,
    0xC0, 0x00, 0x00, 0x3F, 0xD0, 0x00, 0x2F, 0xD0, 0x00, 0x00, 0x07, 0xFE, 0x00, 0x7F, 0xD0, 0x00,
    0x00, 0x00, 0x7F, 0xFF, 0xFF, 0xD0, 0x00, 0x00, 0x00, 0x02, 0xFF, 0xFF, 0x80, 0x00, 0x00, 0x00,
    0x00, 0x01, 0x54, 0x00, 0x00, 0x00, 0x01, 0xD0, 0x55, 0x55, 0x40, 0x01, 0x55, 0x50, 0x0F, 0xD3,
    0xFF, 0xFF, 0x00, 0x2F, 0xFF, 0xD0, 0xBF, 0x4B, 0xFF, 0xE4, 0x00, 0x6F, 0xFE, 0x03, 0xF4, 0x02,
    0xFD, 0x00, 0x00, 0x0F, 0x40, 0x2F, 0x80, 0x03, 0xFC, 0x00, 0x00, 0xF8, 0x00, 0xF8, 0x00, 0x07,
    0xF8, 0x00, 0x07, 0xC0, 0x0B, 0x80, 0x00, 0x0F, 0xF0, 0x00, 0x3E, 0x00, 0x18, 0x00, 0x00, 0x1F,
    0xE0, 0x01, 0xF0, 0x00, 0x00, 0x00, 0x00, 0x3F, 0xC0, 0x0F, 0x40, 0x00, 0x00, 0x00, 0x00, 0x7F,
    0x80, 0xBC, 0x00, 0x00, 0x00, 0x00, 0x00, 0xFF, 0x03, 0xC0, 0x00, 0x00, 0x00, 0x00, 0x00, 0xFE,
    0x3E, 0x00, 0x00, 0x00, 0x00, 0x00, 0x02, 0xFD, 0xF0, 0x00, 0x00, 0x00, 0x00, 0x00, 0x03, 0xFF,
    0x40, 0x00, 0x00, 0x00, 0x00, 0x00, 0x0B, 0xFC, 0x00, 0x00, 0x00, 0x00, 0x00, 0x00, 0x0F, 0xD0,
    0x00, 0x00, 0x00, 0x00, 0x00, 0x00, 0x7F, 0x40, 0x00, 0x00, 0x00, 0x00, 0x00, 0x01, 0xFD, 0x00,
    0x00, 0x00, 0x00, 0x00, 0x00, 0x07, 0xF4, 0x00, 0x00, 0x00, 0x00, 0x00, 0x00, 0x1F, 0xC0, 0x00,
    0x00, 0x00, 0x00, 0x00, 0x00, 0x7F, 0x00, 0x00, 0x00, 0x00, 0x00, 0x00, 0x02, 0xFC, 0x00, 0x00,
    0x00, 0x00, 0x00, 0x01, 0xFF, 0xFF, 0xC0, 0x00, 0x00, 0x00, 0x00, 0x07, 0xFF, 0xFF, 0x00, 0x00,
    0x01, 0xD0, 0x00, 0x06, 0xFF, 0x90, 0x00, 0x03, 0xF4, 0x00, 0xBF, 0xFF, 0xFD, 0x00, 0x0B, 0xF4,
    0x07, 0xFE, 0x56, 0xFF, 0x80, 0x0F, 0xD0, 0x1F, 0xE0, 0x00, 0x2F, 0xE0, 0x2F, 0x80, 0x3F, 0x80,
    0x00, 0x0F, 0xF4, 0x3E, 0x00, 0xBF, 0x00, 0x00, 0x03, 0xFC, 0xB8, 0x00, 0xFE, 0x00, 0x00, 0x03,
    0xFC, 0x60, 0x01, 0xFD, 0x00, 0x00, 0x02, 0xFD, 0x00, 0x02, 0xFC, 0x00, 0x00, 0x02, 0xFD, 0x00,
    0x02, 0xFC, 0x00, 0x00, 0x01, 0xFD, 0x00, 0x03, 0xFC, 0x00, 0x00, 0x02, 0xFD, 0x00, 0x03, 0xFC,
    0x00, 0x00, 0x02, 0xFC, 0x00, 0x02, 0xFC, 0x00, 0x00, 0x03, 0xFC, 0x00, 0x02, 0xFD, 0x00, 0x00,
    0x03, 0xF8, 0x00, 0x01, 0xFE, 0x00, 0x00, 0x07, 0xF4, 0x00, 0x00, 0xFF, 0x00, 0x00, 0x0F, 0xF0,
    0x00, 0x00, 0x7F, 0xC0, 0x00, 0x1F, 0xD0, 0x00, 0x0A, 0x2F, 0xE0, 0x00, 0x7F, 0x8A, 0x00, 0x0F,
    0x0F, 0xFD, 0x03, 0xFD, 0x1F, 0x00, 0x0F, 0x41, 0xFF, 0x07, 0xF0, 0x2E, 0x00, 0x0F, 0xC0, 0x2F,
    0x07, 0xC0, 0x3E, 0x00, 0x0B, 0xE4, 0x2E, 0x07, 0xC1, 0xFD, 0x00, 0x0B, 0xFF, 0xFE, 0x07, 0xFF,
    0xFD, 0x00, 0x07, 0xFF, 0xFE, 0x07, 0xFF, 0xFC, 0x00, 0x00, 0x00, 0x00, 0x00, 0x00, 0x2F, 0x00,
    0x00, 0x00, 0x0F, 0xE0, 0x00, 0x7E, 0x0B, 0xF1, 0xF8, 0x3F, 0xC3, 0xF4, 0xFF, 0x4F, 0xF1, 0xF8,
    0x3F, 0xD3, 0xFC, 0xBC, 0x0B, 0xF0, 0x14, 0x3C, 0x00, 0x50, 0x00, 0x09, 0x00, 0x00, 0x00, 0x00,
    0x00, 0x00, 0x00, 0x00, 0x00, 0x00, 0x00, 0x01, 0xFE, 0x00, 0x00, 0x00, 0x7F, 0x40, 0x00, 0x00,
    0x2F, 0xD0, 0x00, 0x00, 0x0B, 0xF0, 0x00, 0x00, 0x02, 0xFC, 0x00, 0x00, 0x00, 0xBF, 0x00, 0x00,
    0x00, 0x3F, 0x80, 0x00, 0x00, 0x0F, 0xE0, 0x00, 0x00, 0x03, 0xF4, 0x00, 0x00, 0x00, 0xFD, 0x00,
    0x00, 0x00, 0x3F, 0x00, 0x00, 0x00, 0x0F, 0xC0, 0x00, 0x00, 0x03, 0xF0, 0x00, 0x00, 0x00, 0xFC,
    0x00, 0x00, 0x00, 0x3F, 0x81, 0x00, 0x00, 0x0F, 0xFF, 0xE0, 0x00, 0x00, 0xFF, 0xE0, 0x00, 0x00,
    0x05, 0x40, 0x00, 0x00, 0x00, 0x00, 0x00, 0x54, 0x00, 0x00, 0x00, 0x00, 0x0B, 0xFC, 0x00, 0x00,
    0x00, 0x00, 0x0F, 0xFD, 0x00, 0x00, 0x00, 0x00, 0x0F, 0xFE, 0x00, 0x00, 0x00, 0x00, 0x2E, 0xFF,
    0x00, 0x00, 0x00, 0x00, 0x3C, 0xBF, 0x00, 0x00, 0x00, 0x00, 0x7C, 0x7F, 0x40, 0x00, 0x00, 0x00,
    0xB4, 0x3F, 0x80, 0x00, 0x00, 0x00, 0xF0, 0x3F, 0xC0, 0x00, 0x00, 0x01, 0xF0, 0x2F, 0xD0, 0x00,
    0x00, 0x03, 0xD0, 0x1F, 0xE0, 0x00, 0x00, 0x03, 0xC0, 0x0F, 0xF0, 0x00, 0x00, 0x0B, 0xC0, 0x0F,
    0xF0, 0x00, 0x00, 0x0F, 0x40, 0x0B, 0xF4, 0x00, 0x00, 0x0F, 0xAA, 0xAF, 0xF8, 0x00, 0x00, 0x2F,
    0xFF, 0xFF, 0xFC, 0x00, 0x00, 0x3E, 0x55, 0x57, 0xFC, 0x00, 0x00, 0x7C, 0x00, 0x01, 0xFE, 0x00,
    0x00, 0xB8, 0x00, 0x00, 0xFF, 0x00, 0x00, 0xF4, 0x00, 0x00, 0xFF, 0x00, 0x01, 0xF0, 0x00, 0x00,
    0xBF, 0x40, 0x03, 0xE0, 0x00, 0x00, 0xBF, 0x80, 0x7F, 0xFF, 0x40, 0x0F, 0xFF, 0xFD, 0xBF, 0xFF,
    0x40, 0x0F, 0xFF, 0xFD, 0x05, 0x55, 0x55, 0x00, 0x00, 0x1F, 0xFF, 0xFF, 0xFE, 0x00, 0x0A, 0xFF,
    0xAB, 0xFF, 0xC0, 0x00, 0xBF, 0x00, 0x2F, 0xF0, 0x00, 0xBF, 0x00, 0x0F, 0xF0, 0x00, 0xBF, 0x00,
    0x0B, 0xF4, 0x00, 0xBF, 0x00, 0x07, 0xF4, 0x00, 0xBF, 0x00, 0x0B, 0xF0, 0x00, 0xFF, 0x00, 0x0F,
    0xD0, 0x00, 0xFF, 0x00, 0x2F, 0x80, 0x00, 0xFF, 0x01, 0xFD, 0x00, 0x00, 0xFE, 0x2F, 0xF0, 0x00,
    0x00, 0xFE, 0x3F, 0xFF, 0x40, 0x00, 0xFE, 0x00, 0x1F, 0xF0, 0x00, 0xFE, 0x00, 0x07, 0xF8, 0x00,
    0xFE, 0x00, 0x03, 0xFC, 0x00, 0xFE, 0x00, 0x02, 0xFD, 0x00, 0xFE, 0x00, 0x02, 0xFD, 0x00, 0xFD,
    0x00, 0x02, 0xFC, 0x01, 0xFD, 0x00, 0x03, 0xFC, 0x01, 0xFD, 0x00, 0x0F, 0xF4, 0x01, 0xFD, 0x01,
    0xBF, 0xD0, 0x3F, 0xFF, 0xFF, 0xFF, 0x00, 0x7F, 0xFF, 0xFF, 0x90, 0x00, 0x05, 0x55, 0x55, 0x55,
    0x42, 0xFF, 0xFF, 0xFF, 0xFC, 0x1B, 0xFF, 0xFF, 0xFF, 0xC0, 0x0F, 0xF0, 0x00, 0xFC, 0x00, 0xFF,
    0x00, 0x07, 0xD0, 0x0F, 0xF0, 0x00, 0x3D, 0x00, 0xFE, 0x00, 0x02, 0x80, 0x0F, 0xE0, 0x00, 0x00,
    0x00, 0xFE, 0x00, 0x00, 0x00, 0x0F, 0xE0, 0x00, 0x00, 0x00, 0xFE, 0x00, 0x00, 0x00, 0x0F, 0xE0,
    0x00, 0x00, 0x00, 0xFD, 0x00, 0x00, 0x00, 0x0F, 0xD0, 0x00, 0x00, 0x00, 0xFD, 0x00, 0x00, 0x00,
    0x1F, 0xD0, 0x00, 0x00, 0x01, 0xFD, 0x00, 0x00, 0x00, 0x1F, 0xD0, 0x00, 0x00, 0x01, 0xFC, 0x00,
    0x00, 0x00, 0x1F, 0xC0, 0x00, 0x00, 0x01, 0xFC, 0x00, 0x00, 0x00, 0x2F, 0xC0, 0x00, 0x00, 0x7F,
    0xFF, 0xFC, 0x00, 0x07, 0xFF, 0xFF, 0xC0, 0x00, 0x00, 0x00, 0x05, 0x40, 0x00, 0x00, 0x00, 0x7F,
    0xC0, 0x00, 0x00, 0x00, 0xFF, 0xD0, 0x00, 0x00, 0x00, 0xFF, 0xE0, 0x00, 0x00, 0x02, 0xEB, 0xF0,
    0x00, 0x00, 0x03, 0xD7, 0xF4, 0x00, 0x00, 0x07, 0xC3, 0xF8, 0x00, 0x00, 0x0B, 0x83, 0xFC, 0x00,
    0x00, 0x0F, 0x02, 0xFC, 0x00, 0x00, 0x1F, 0x01, 0xFD, 0x00, 0x00, 0x3D, 0x00, 0xFF, 0x00, 0x00,
    0x3C, 0x00, 0xBF, 0x00, 0x00, 0xB8, 0x00, 0x7F, 0x40, 0x00, 0xF4, 0x00, 0x3F, 0x80, 0x01, 0xF0,
    0x00, 0x3F, 0xC0, 0x02, 0xE0, 0x00, 0x2F, 0xD0, 0x03, 0xD0, 0x00, 0x1F, 0xE0, 0x07, 0xC0, 0x00,
    0x0F, 0xF0, 0x0F, 0x80, 0x00, 0x0F, 0xF0, 0x0F, 0x00, 0x00, 0x0B, 0xF4, 0x2F, 0x00, 0x00, 0x07,
    0xFC, 0x3F, 0xFF, 0xFF, 0xFF, 0xFC, 0x3F, 0xFF, 0xFF, 0xFF, 0xFC, 0x3F, 0xFF, 0xFF, 0xFF, 0xFC,
    0x05, 0x55, 0x55, 0x55, 0x42, 0xFF, 0xFF, 0xFF, 0xFD, 0x1B, 0xFF, 0xFF, 0xFF, 0xD0, 0x0F, 0xF0,
    0x00, 0xBE, 0x00, 0xFF, 0x00, 0x03, 0xE0, 0x0F, 0xF0, 0x00, 0x2E, 0x00, 0xFE, 0x00, 0x01, 0x90,
    0x0F, 0xE0, 0x00, 0x00, 0x00, 0xFE, 0x00, 0x00, 0x00, 0x0F, 0xE0, 0x00, 0x00, 0x00, 0xFE, 0x00,
    0x00, 0x00, 0x0F, 0xFF, 0xFF, 0xD0, 0x00, 0xFF, 0xFF, 0xFD, 0x00, 0x0F, 0xE0, 0x00, 0x00, 0x00,
    0xFD, 0x00, 0x00, 0x00, 0x1F, 0xD0, 0x00, 0x00, 0x01, 0xFD, 0x00, 0x00, 0x00, 0x1F, 0xD0, 0x00,
    0x05, 0x01, 0xFC, 0x00, 0x01, 0xF0, 0x1F, 0xC0, 0x00, 0x3E, 0x01, 0xFC, 0x00, 0x07, 0xE0, 0x2F,
    0xC0, 0x01, 0xFD, 0x3F, 0xFF, 0xFF, 0xFF, 0xD7, 0xFF, 0xFF, 0xFF, 0xFC, 0x01, 0x55, 0x55, 0x55,
    0x50, 0x2F, 0xFF, 0xFF, 0xFF, 0xF0, 0xBF, 0xEA, 0xAA, 0xFF, 0xC3, 0xF4, 0x00, 0x03, 0xFC, 0x0F,
    0x80, 0x00, 0x3F, 0xD0, 0x3D, 0x00, 0x01, 0xFE, 0x00, 0xF0, 0x00, 0x0F, 0xF0, 0x00, 0x00, 0x00,
    0xFF, 0x40, 0x00, 0x00, 0x0B, 0xF8, 0x00, 0x00, 0x00, 0x7F, 0xC0, 0x00, 0x00, 0x03, 0xFD, 0x00,
    0x00, 0x00, 0x2F, 0xE0, 0x00, 0x00, 0x01, 0xFF, 0x00, 0x00, 0x00, 0x0F, 0xF0, 0x00, 0x00, 0x00,
    0xBF, 0x80, 0x00, 0x00, 0x07, 0xFC, 0x00, 0x00, 0x00, 0x3F, 0xC0, 0x00, 0x00, 0x03, 0xFD, 0x00,
    0x01, 0xE0, 0x1F, 0xE0, 0x00, 0x0F, 0x40, 0xFF, 0x00, 0x00, 0x3D, 0x0F, 0xF4, 0x00, 0x02, 0xF0,
    0xBF, 0x80, 0x00, 0x6F, 0xC3, 0xFF, 0xFF, 0xFF, 0xFF, 0x0F, 0xFF, 0xFF, 0xFF, 0xFC, 0x05, 0x55,
    0x54, 0x01, 0x55, 0x55, 0x0B, 0xFF, 0xFE, 0x00, 0xFF, 0xFF, 0xC1, 0xBF, 0xFE, 0x40, 0x2B, 0xFF,
    0x90, 0x03, 0xFC, 0x00, 0x00, 0x7F, 0x40, 0x00, 0xFF, 0x00, 0x00, 0x1F, 0xC0, 0x00, 0x3F, 0xC0,
    0x00, 0x07, 0xF0, 0x00, 0x0F, 0xE0, 0x00, 0x02, 0xFC, 0x00, 0x03, 0xF8, 0x00, 0x00, 0xBF, 0x00,
    0x00, 0xFE, 0x00, 0x00, 0x2F, 0xC0, 0x00, 0x3F, 0x80, 0x00, 0x0B, 0xF0, 0x00, 0x0F, 0xE0, 0x00,
    0x02, 0xFC, 0x00, 0x03, 0xFF, 0xFF, 0xFF, 0xFF, 0x00, 0x00, 0xFF, 0xFF, 0xFF, 0xFF, 0xC0, 0x00,
    0x3F, 0x80, 0x00, 0x0F, 0xF0, 0x00, 0x1F, 0xD0, 0x00, 0x03, 0xFC, 0x00, 0x07, 0xF4, 0x00, 0x00,
    0xFF, 0x00, 0x01, 0xFD, 0x00, 0x00, 0x3F, 0x80, 0x00, 0x7F, 0x40, 0x00, 0x0F, 0xE0, 0x00, 0x1F,
    0xD0, 0x00, 0x03, 0xF8, 0x00, 0x07, 0xF0, 0x00, 0x00, 0xFE, 0x00, 0x02, 0xFC, 0x00, 0x00, 0x3F,
    0x80, 0x00, 0xBF, 0x40, 0x00, 0x0F, 0xE0, 0x03, 0xFF, 0xFF, 0x00, 0xBF, 0xFF, 0xE1, 0xFF, 0xFF,
    0xC0, 0x3F, 0xFF, 0xF8, 0x00, 0x00, 0x6F, 0xF9, 0x00, 0x00, 0x00, 0x1F, 0xFF, 0xFF, 0x80, 0x00,
    0x03, 0xFF, 0x96, 0xFF, 0xC0, 0x00, 0x3F, 0xC0, 0x00, 0xBF, 0xC0, 0x03, 0xFC, 0x00, 0x00, 0xBF,
    0x80, 0x1F, 0xD0, 0x00, 0x00, 0xFF, 0x00, 0xFF, 0x00, 0x00, 0x02, 0xFD, 0x07, 0xF4, 0x00, 0x00,
    0x07, 0xFC, 0x2F, 0xC0, 0x00, 0x00, 0x0F, 0xF0, 0xFF, 0x00, 0x00, 0x00, 0x3F, 0xC3, 0xFC, 0x05,
    0x55, 0x40, 0xFF, 0x0F, 0xF0, 0x7F, 0xFF, 0x83, 0xFC, 0x3F, 0xC2, 0xFF, 0xFE, 0x0F, 0xF0, 0xFF,
    0x01, 0x55, 0x50, 0x3F, 0xC3, 0xFC, 0x00, 0x00, 0x00, 0xFF, 0x0F, 0xF0, 0x00, 0x00, 0x03, 0xF8,
    0x3F, 0xC0, 0x00, 0x00, 0x1F, 0xD0, 0xBF, 0x80, 0x00, 0x00, 0xBF, 0x00, 0xFF, 0x00, 0x00, 0x03,
    0xF8, 0x02, 0xFE, 0x00, 0x00, 0x2F, 0xC0, 0x03, 0xFD, 0x00, 0x01, 0xFD, 0x00, 0x07, 0xFE, 0x00,
    0x2F, 0xE0, 0x00, 0x07, 0xFF, 0xFF, 0xFD, 0x00, 0x00, 0x02, 0xFF, 0xFF, 0x80, 0x00, 0x00, 0x00,
    0x15, 0x40, 0x00, 0x00, 0x05, 0x55, 0x54, 0xBF, 0xFF, 0xF1, 0xBF, 0xFE, 0x40, 0x3F, 0xC0, 0x00,
    0xFF, 0x00, 0x03, 0xFC, 0x00, 0x0F, 0xF0, 0x00, 0x3F, 0x80, 0x00, 0xFE, 0x00, 0x03, 0xF8, 0x00,
    0x0F, 0xE0, 0x00, 0x3F, 0x80, 0x00, 0xFE, 0x00, 0x03, 0xF4, 0x00, 0x0F, 0xD0, 0x00, 0x7F, 0x40,
    0x01, 0xFD, 0x00, 0x07, 0xF4, 0x00, 0x1F, 0xD0, 0x00, 0x7F, 0x00, 0x01, 0xFC, 0x00, 0x0B, 0xF4,
    0x07, 0xFF, 0xFF, 0x1F, 0xFF, 0xFC, 0x05, 0x55, 0x54, 0x01, 0x55, 0x50, 0x7F, 0xFF, 0xF0, 0x3F,
    0xFF, 0xD0, 0xBF, 0xFE, 0x40, 0x6F, 0xFE, 0x00, 0x3F, 0xC0, 0x00, 0x3F, 0x00, 0x00, 0xFF, 0x00,
    0x03, 0xF0, 0x00, 0x03, 0xFC, 0x00, 0x2F, 0x00, 0x00, 0x0F, 0xE0, 0x02, 0xF0, 0x00, 0x00, 0x3F,
    0x80, 0x2F, 0x00, 0x00, 0x00, 0xFE, 0x02, 0xF0, 0x00, 0x00, 0x03, 0xF8, 0x2F, 0x00, 0x00, 0x00,
    0x0F, 0xE2, 0xF0, 0x00, 0x00, 0x00, 0x3F, 0x9F, 0xD0, 0x00, 0x00, 0x00, 0xFD, 0x7F, 0xE0, 0x00,
    0x00, 0x03, 0xF4, 0x1F, 0xF0, 0x00, 0x00, 0x0F, 0xD0, 0x2F, 0xE0, 0x00, 0x00, 0x7F, 0x40, 0x3F,
    0xC0, 0x00, 0x01, 0xFD, 0x00, 0xBF, 0x40, 0x00, 0x07, 0xF4, 0x00, 0xFE, 0x00, 0x00, 0x1F, 0xD0,
    0x03, 0xFC, 0x00, 0x00, 0x7F, 0x00, 0x0B, 0xF4, 0x00, 0x02, 0xFC, 0x00, 0x0F, 0xF0, 0x00, 0x0B,
    0xF0, 0x00, 0x3F, 0xD0, 0x43, 0xFF, 0xFF, 0x00, 0x7F, 0xFF, 0x1F, 0xFF, 0xFC, 0x00, 0x7F, 0xF8,
    0x00, 0x00, 0x00, 0x00, 0x15, 0x00, 0x00, 0x00, 0x01, 0x64, 0x00, 0x00, 0x00, 0x00, 0x3F, 0xE0,
    0x00, 0x00, 0x00, 0x00, 0xFF, 0xC0, 0x00, 0x00, 0x00, 0x0B, 0xFF, 0x00, 0x00, 0x00, 0x00, 0x3D,
    0xFD, 0x00, 0x00, 0x00, 0x00, 0xF3, 0xF8, 0x00, 0x00, 0x00, 0x0B, 0x8B, 0xF0, 0x00, 0x00, 0x00,
    0x3C, 0x1F, 0xC0, 0x00, 0x00, 0x01, 0xF0, 0x3F, 0x80, 0x00, 0x00, 0x0B, 0x80, 0xFF, 0x00, 0x00,
    0x00, 0x3D, 0x02, 0xFC, 0x00, 0x00, 0x01, 0xF0, 0x07, 0xF4, 0x00, 0x00, 0x0B, 0x80, 0x0F, 0xE0,
    0x00, 0x00, 0x3D, 0x00, 0x3F, 0xC0, 0x00, 0x01, 0xF0, 0x00, 0xFF, 0x00, 0x00, 0x0B, 0x80, 0x02,
    0xFD, 0x00, 0x00, 0x3D, 0x00, 0x07, 0xF8, 0x00, 0x01, 0xF0, 0x00, 0x0F, 0xF0, 0x00, 0x0B, 0x80,
    0x00, 0x3F, 0xC0, 0x00, 0x3D, 0x00, 0x00, 0xBF, 0x40, 0x01, 0xF0, 0x00, 0x01, 0xFE, 0x00, 0x0F,
    0x80, 0x00, 0x03, 0xFC, 0x07, 0xFF, 0xF4, 0x02, 0xFF, 0xFF, 0xAF, 0xFF, 0xD0, 0x0F, 0xFF, 0xFE,
    0x05, 0x55, 0x50, 0x00, 0x00, 0x05, 0x55, 0x40, 0x3F, 0xFF, 0xC0, 0x00, 0x00, 0x7F, 0xFF, 0x40,
    0x6F, 0xFF, 0x40, 0x00, 0x03, 0xFF, 0xF8, 0x00, 0x1F, 0xFE, 0x00, 0x00, 0x0F, 0xFE, 0x00, 0x00,
    0x7F, 0xFC, 0x00, 0x00, 0x7E, 0xFC, 0x00, 0x01, 0xF7, 0xF4, 0x00, 0x03, 0xEB, 0xF0, 0x00, 0x0B,
    0xCF, 0xE0, 0x00, 0x0F, 0x6F, 0xC0, 0x00, 0x2F, 0x3F, 0xC0, 0x00, 0x7C, 0xBF, 0x00, 0x00, 0xB8,
    0xBF, 0x00, 0x02, 0xE2, 0xFC, 0x00, 0x02, 0xE1, 0xFD, 0x00, 0x0F, 0x4B, 0xF0, 0x00, 0x0F, 0x83,
    0xF8, 0x00, 0x7C, 0x2F, 0xC0, 0x00, 0x3E, 0x0B, 0xF0, 0x02, 0xE0, 0x7F, 0x00, 0x00, 0xF4, 0x1F,
    0xC0, 0x0F, 0x41, 0xFC, 0x00, 0x03, 0xD0, 0x3F, 0x80, 0x7C, 0x07, 0xF0, 0x00, 0x0F, 0x40, 0xFF,
    0x02, 0xE0, 0x1F, 0xC0, 0x00, 0x3C, 0x02, 0xFC, 0x0F, 0x40, 0x7F, 0x00, 0x00, 0xF0, 0x07, 0xF4,
    0x7C, 0x01, 0xFC, 0x00, 0x07, 0xC0, 0x0F, 0xE2, 0xE0, 0x07, 0xF0, 0x00, 0x1F, 0x00, 0x2F, 0xCF,
    0x40, 0x1F, 0xD0, 0x00, 0x7C, 0x00, 0x7F, 0x7C, 0x00, 0x3F, 0x40, 0x02, 0xF0, 0x00, 0xFF, 0xF0,
    0x00, 0xFD, 0x00, 0x0B, 0xC0, 0x03, 0xFF, 0x40, 0x07, 0xF4, 0x07, 0xFF, 0xF8, 0x0B, 0xFC, 0x03,
    0xFF, 0xFF, 0x6F, 0xFF, 0xE0, 0x1F, 0xE0, 0x0F, 0xFF, 0xFD, 0x00, 0x00, 0x00, 0x10, 0x00, 0x00,
    0x00, 0x00, 0x05, 0x55, 0x40, 0x00, 0x55, 0x55, 0x1F, 0xFF, 0xD0, 0x00, 0xFF, 0xFF, 0x0A, 0xFF,
    0xF0, 0x00, 0xAF, 0xF9, 0x00, 0xFF, 0xF4, 0x00, 0x07, 0xC0, 0x00, 0xFB, 0xFC, 0x00, 0x0B, 0xC0,
    0x00, 0xF6, 0xFD, 0x00, 0x0B, 0xC0, 0x00, 0xF4, 0xFF, 0x00, 0x0B, 0xC0, 0x00, 0xF4, 0xBF, 0x40,
    0x0B, 0xC0, 0x00, 0xF4, 0x3F, 0x80, 0x0B, 0x80, 0x00, 0xF4, 0x2F, 0xC0, 0x0B, 0x80, 0x00, 0xF0,
    0x0F, 0xE0, 0x0B, 0x80, 0x00, 0xF0, 0x0B, 0xF0, 0x0F, 0x80, 0x00, 0xF0, 0x03, 0xF8, 0x0F, 0x80,
    0x00, 0xF0, 0x03, 0xFC, 0x0F, 0x80, 0x01, 0xF0, 0x01, 0xFE, 0x0F, 0x40, 0x01, 0xF0, 0x00, 0xFF,
    0x0F, 0x40, 0x01, 0xF0, 0x00, 0x7F, 0x4F, 0x40, 0x01, 0xF0, 0x00, 0x3F, 0xCF, 0x40, 0x01, 0xF0,
    0x00, 0x1F, 0xDF, 0x40, 0x01, 0xF0, 0x00, 0x0F, 0xFF, 0x40, 0x02, 0xF0, 0x00, 0x07, 0xFF, 0x40,
    0x02, 0xF0, 0x00, 0x03, 0xFF, 0x00, 0x3F, 0xFF, 0x80, 0x01, 0xFF, 0x00, 0x7F, 0xFF, 0xC0, 0x00,
    0xFF, 0x00, 0x00, 0x00, 0x00, 0x00, 0x10, 0x00, 0x00, 0x55, 0x55, 0x55, 0x54, 0x02, 0xFF, 0xFF,
    0xFF, 0xFC, 0x03, 0xFF, 0xFF, 0xFF, 0xFC, 0x03, 0xFF, 0xAA, 0xAF, 0xFC, 0x07, 0xE0, 0x00, 0x00,
    0xBC, 0x0B, 0xC0, 0x00, 0x00, 0x3C, 0x06, 0x00, 0x00, 0x00, 0x28, 0x00, 0x00, 0x00, 0x00, 0x00,
    0x00, 0x00, 0x00, 0x00, 0x00, 0x00, 0x00, 0x00, 0x00, 0x00, 0x00, 0x00, 0x00, 0x00, 0x00, 0x00,
    0xFF, 0xFF, 0xFF, 0x80, 0x00, 0xFF, 0xFF, 0xFF, 0x80, 0x00, 0x55, 0x55, 0x55, 0x40, 0x00, 0x00,
    0x00, 0x00, 0x00, 0x00, 0x00, 0x00, 0x00, 0x00, 0x00, 0x00, 0x00, 0x00, 0x00, 0x14, 0x00, 0x00,
    0x00, 0x14, 0x3D, 0x00, 0x00, 0x00, 0x7C, 0x3E, 0x00, 0x00, 0x00, 0xBC, 0x3F, 0x40, 0x00, 0x02,
    0xF8, 0x3F, 0xFF, 0xFF, 0xFF, 0xF8, 0x3F, 0xFF, 0xFF, 0xFF, 0xF4, 0x3F, 0xFF, 0xFF, 0xFF, 0xF4,
    0x00, 0x00, 0x6F, 0xF9, 0x00, 0x00, 0x00, 0x1F, 0xFF, 0xFF, 0x40, 0x00, 0x03, 0xFF, 0x96, 0xFF,
    0x80, 0x00, 0x3F, 0xC0, 0x00, 0xFF, 0x80, 0x02, 0xFC, 0x00, 0x00, 0xFF, 0x40, 0x1F, 0xD0, 0x00,
    0x01, 0xFF, 0x00, 0xFF, 0x00, 0x00, 0x03, 0xFD, 0x07, 0xF4, 0x00, 0x00, 0x0B, 0xF8, 0x2F, 0xC0,
    0x00, 0x00, 0x1F, 0xF0, 0xFF, 0x00, 0x00, 0x00, 0x3F, 0xC3, 0xFC, 0x00, 0x00, 0x00, 0xFF, 0x0F,
    0xF0, 0x00, 0x00, 0x03, 0xFC, 0x3F, 0xC0, 0x00, 0x00, 0x0F, 0xF0, 0xFF, 0x00, 0x00, 0x00, 0x3F,
    0xC3, 0xFC, 0x00, 0x00, 0x00, 0xFE, 0x0F, 0xF0, 0x00, 0x00, 0x07, 0xF8, 0x3F, 0xC0, 0x00, 0x00,
    0x2F, 0xD0, 0xBF, 0x80, 0x00, 0x00, 0xFF, 0x00, 0xFF, 0x00, 0x00, 0x03, 0xF4, 0x02, 0xFD, 0x00,
    0x00, 0x3F, 0xC0, 0x03, 0xFD, 0x00, 0x02, 0xFD, 0x00, 0x07, 0xFE, 0x00, 0x7F, 0xD0, 0x00, 0x07,
    0xFF, 0xFF, 0xFD, 0x00, 0x00, 0x02, 0xFF, 0xFF, 0x80, 0x00, 0x00, 0x00, 0x15, 0x40, 0x00, 0x00,
    0x05, 0x55, 0x55, 0x55, 0x55, 0x55, 0x2F, 0xFF, 0xFF, 0xFF, 0xFF, 0xFF, 0x1B, 0xFF, 0xFF, 0xFF,
    0xFF, 0xF9, 0x00, 0xFF, 0x00, 0x00, 0x2F, 0xC0, 0x00, 0xFF, 0x00, 0x00, 0x2F, 0xC0, 0x00, 0xFF,
    0x00, 0x00, 0x3F, 0xC0, 0x00, 0xFE, 0x00, 0x00, 0x3F, 0xC0, 0x00, 0xFE, 0x00, 0x00, 0x3F, 0xC0,
    0x00, 0xFE, 0x00, 0x00, 0x3F, 0x80, 0x00, 0xFE, 0x00, 0x00, 0x3F, 0x80, 0x00, 0xFE, 0x00, 0x00,
    0x3F, 0x80, 0x00, 0xFE, 0x00, 0x00, 0x3F, 0x80, 0x00, 0xFD, 0x00, 0x00, 0x3F, 0x80, 0x00, 0xFD,
    0x00, 0x00, 0x3F, 0x80, 0x01, 0xFD, 0x00, 0x00, 0x3F, 0x80, 0x01, 0xFD, 0x00, 0x00, 0x3F, 0x40,
    0x01, 0xFD, 0x00, 0x00, 0x3F, 0x40, 0x01, 0xFD, 0x00, 0x00, 0x7F, 0x40, 0x01, 0xFD, 0x00, 0x00,
    0x7F, 0x40, 0x01, 0xFC, 0x00, 0x00, 0x7F, 0x40, 0x02, 0xFC, 0x00, 0x00, 0x7F, 0x40, 0x02, 0xFD,
    0x00, 0x00, 0xBF, 0x40, 0x3F, 0xFF, 0xF0, 0x0F, 0xFF, 0xFD, 0x7F, 0xFF, 0xF0, 0x0F, 0xFF, 0xFC,
    0x05, 0x55, 0x55, 0x00, 0x00, 0x7F, 0xFF, 0xFF, 0xF4, 0x00, 0xAF, 0xFA, 0xBF, 0xFC, 0x00, 0x2F,
    0xC0, 0x0B, 0xFC, 0x00, 0xBF, 0x00, 0x0F, 0xF4, 0x02, 0xFC, 0x00, 0x1F, 0xE0, 0x0B, 0xF0, 0x00,
    0x3F, 0xC0, 0x2F, 0xC0, 0x00, 0xFF, 0x00, 0xFF, 0x00, 0x03, 0xFC, 0x03, 0xFC, 0x00, 0x1F, 0xE0,
    0x0F, 0xF0, 0x00, 0xFF, 0x00, 0x3F, 0xC0, 0x0B, 0xF8, 0x00, 0xFE, 0x15, 0xFF, 0x80, 0x03, 0xF8,
    0xFF, 0xF4, 0x00, 0x0F, 0xE2, 0xA4, 0x00, 0x00, 0x3F, 0x80, 0x00, 0x00, 0x00, 0xFE, 0x00, 0x00,
    0x00, 0x03, 0xF8, 0x00, 0x00, 0x00, 0x0F, 0xD0, 0x00, 0x00, 0x00, 0x7F, 0x40, 0x00, 0x00, 0x01,
    0xFD, 0x00, 0x00, 0x00, 0x07, 0xF4, 0x00, 0x00, 0x03, 0xFF, 0xFF, 0xD0, 0x00, 0x1F, 0xFF, 0xFF,
    0x40, 0x00, 0x05, 0x55, 0x55, 0x55, 0x50, 0x3F, 0xFF, 0xFF, 0xFF, 0xC0, 0xFF, 0xFF, 0xFF, 0xFF,
    0x02, 0xFF, 0x00, 0x00, 0xFD, 0x03, 0xFD, 0x00, 0x01, 0xF4, 0x07, 0xFC, 0x00, 0x03, 0xD0, 0x0F,
    0xF8, 0x00, 0x06, 0x00, 0x1F, 0xF0, 0x00, 0x00, 0x00, 0x2F, 0xE0, 0x00, 0x00, 0x00, 0x3F, 0xD0,
    0x00, 0x00, 0x00, 0x7F, 0xC0, 0x00, 0x00, 0x00, 0xFF, 0x40, 0x00, 0x00, 0x01, 0xFD, 0x00, 0x00,
    0x00, 0x0F, 0xE0, 0x00, 0x00, 0x00, 0xBF, 0x00, 0x00, 0x00, 0x07, 0xF0, 0x00, 0x00, 0x00, 0x3F,
    0x40, 0x00, 0x00, 0x03, 0xFC, 0x00, 0x01, 0xE0, 0x1F, 0xC0, 0x00, 0x0F, 0x80, 0xFD, 0x00, 0x00,
    0x3D, 0x0F, 0xE0, 0x00, 0x02, 0xF4, 0xBF, 0xAA, 0xAA, 0xBF, 0xC3, 0xFF, 0xFF, 0xFF, 0xFF, 0x0F,
    0xFF, 0xFF, 0xFF, 0xFC, 0x15, 0x55, 0x55, 0x55, 0x55, 0x0F, 0xFF, 0xFF, 0xFF, 0xFF, 0xC7, 0xFE,
    0xAF, 0xFE, 0xBF, 0xF1, 0xF8, 0x01, 0xFC, 0x00, 0xFC, 0xBC, 0x00, 0x7F, 0x00, 0x1F, 0x6E, 0x00,
    0x2F, 0xC0, 0x03, 0xD7, 0x40, 0x0B, 0xF0, 0x00, 0xA0, 0x00, 0x02, 0xFC, 0x00, 0x00, 0x00, 0x00,
    0xBF, 0x00, 0x00, 0x00, 0x00, 0x2F, 0xC0, 0x00, 0x00, 0x00, 0x0B, 0xF0, 0x00, 0x00, 0x00, 0x02,
    0xFC, 0x00, 0x00, 0x00, 0x00, 0xFF, 0x00, 0x00, 0x00, 0x00, 0x3F, 0xC0, 0x00, 0x00, 0x00, 0x0F,
    0xF0, 0x00, 0x00, 0x00, 0x03, 0xF8, 0x00, 0x00, 0x00, 0x00, 0xFE, 0x00, 0x00, 0x00, 0x00, 0x3F,
    0x80, 0x00, 0x00, 0x00, 0x0F, 0xE0, 0x00, 0x00, 0x00, 0x03, 0xF8, 0x00, 0x00, 0x00, 0x00, 0xFE,
    0x00, 0x00, 0x00, 0x00, 0x3F, 0x80, 0x00, 0x00, 0x07, 0xFF, 0xFF, 0xC0, 0x00, 0x03, 0xFF, 0xFF,
    0xF0, 0x00, 0x15, 0x55, 0x50, 0x00, 0x55, 0x54, 0x3F, 0xFF, 0xF0, 0x02, 0xFF, 0xFD, 0x2F, 0xFF,
    0x90, 0x01, 0xBF, 0xF8, 0x02, 0xFD, 0x00, 0x00, 0x0F, 0x40, 0x00, 0xFF, 0x00, 0x00, 0x3E, 0x00,
    0x00, 0x7F, 0x80, 0x00, 0x7C, 0x00, 0x00, 0x3F, 0xC0, 0x00, 0xF8, 0x00, 0x00, 0x1F, 0xE0, 0x01,
    0xF0, 0x00, 0x00, 0x0F, 0xF0, 0x03, 0xD0, 0x00, 0x00, 0x07, 0xF8, 0x0B, 0xC0, 0x00, 0x00, 0x03,
    0xFC, 0x0F, 0x00, 0x00, 0x00, 0x00, 0xFE, 0x3E, 0x00, 0x00, 0x00, 0x00, 0xBF, 0x7C, 0x00, 0x00,
    0x00, 0x00, 0x3F, 0xF4, 0x00, 0x00, 0x00, 0x00, 0x2F, 0xF0, 0x00, 0x00, 0x00, 0x00, 0x0F, 0xD0,
    0x00, 0x00, 0x00, 0x00, 0x1F, 0xD0, 0x00, 0x00, 0x00, 0x00, 0x1F, 0xD0, 0x00, 0x00, 0x00, 0x00,
    0x1F, 0xD0, 0x00, 0x00, 0x00, 0x00, 0x1F, 0xC0, 0x00, 0x00, 0x00, 0x00, 0x1F, 0xC0, 0x00, 0x00,
    0x00, 0x00, 0x2F, 0xC0, 0x00, 0x00, 0x00, 0x07, 0xFF, 0xFF, 0x00, 0x00, 0x00, 0x07, 0xFF, 0xFF,
    0x00, 0x00, 0x00, 0x00, 0x15, 0x55, 0x50, 0x00, 0x00, 0x00, 0x0F, 0xFF, 0xFC, 0x00, 0x00, 0x00,
    0x01, 0xBF, 0xF9, 0x00, 0x00, 0x00, 0x00, 0x07, 0xF0, 0x00, 0x00, 0x00, 0x00, 0x6F, 0xFF, 0xA4,
    0x00, 0x00, 0x07, 0xFF, 0xFF, 0xFF, 0xE0, 0x00, 0x0B, 0xF9, 0x2F, 0xD7, 0xFF, 0x00, 0x0F, 0xF0,
    0x0B, 0xF0, 0x1F, 0xF0, 0x0B, 0xF0, 0x02, 0xFC, 0x01, 0xFF, 0x07, 0xF4, 0x00, 0xBF, 0x00, 0x2F,
    0xD2, 0xFC, 0x00, 0x2F, 0xC0, 0x07, 0xF8, 0xFF, 0x00, 0x0F, 0xF0, 0x00, 0xFF, 0x3F, 0xC0, 0x03,
    0xF8, 0x00, 0x3F, 0xCF, 0xF0, 0x00, 0xFE, 0x00, 0x0F, 0xF3, 0xFC, 0x00, 0x3F, 0x80, 0x03, 0xF8,
    0xFF, 0x00, 0x0F, 0xE0, 0x01, 0xFE, 0x2F, 0xD0, 0x03, 0xF8, 0x00, 0xBF, 0x03, 0xFC, 0x00, 0xFE,
    0x00, 0x3F, 0x80, 0xBF, 0xC0, 0x3F, 0x40, 0x3F, 0xC0, 0x0B, 0xFE, 0x0F, 0xD0, 0x7F, 0xC0, 0x00,
    0x7F, 0xFF, 0xFF, 0xFF, 0x40, 0x00, 0x00, 0xBF, 0xFF, 0xF9, 0x00, 0x00, 0x00, 0x00, 0x7F, 0x40,
    0x00, 0x00, 0x00, 0x00, 0x2F, 0xE4, 0x00, 0x00, 0x00, 0x00, 0xFF, 0xFF, 0xD0, 0x00, 0x00, 0x00,
    0x2A, 0xAA, 0xA0, 0x00, 0x00, 0x05, 0x55, 0x54, 0x01, 0x55, 0x54, 0x2F, 0xFF, 0xFC, 0x03, 0xFF,
    0xFC, 0x1B, 0xFF, 0xE4, 0x01, 0xBF, 0xE4, 0x00, 0xFF, 0x40, 0x00, 0x3F, 0x00, 0x00, 0x7F, 0xC0,
    0x00, 0xBC, 0x00, 0x00, 0x2F, 0xE0, 0x01, 0xF4, 0x00, 0x00, 0x0F, 0xF4, 0x03, 0xE0, 0x00, 0x00,
    0x07, 0xFC, 0x0B, 0xC0, 0x00, 0x00, 0x02, 0xFE, 0x1F, 0x00, 0x00, 0x00, 0x00, 0xFF, 0x7D, 0x00,
    0x00, 0x00, 0x00, 0x7F, 0xF8, 0x00, 0x00, 0x00, 0x00, 0x2F, 0xF0, 0x00, 0x00, 0x00, 0x00, 0x0F,
    0xF0, 0x00, 0x00, 0x00, 0x00, 0x2F, 0xFC, 0x00, 0x00, 0x00, 0x00, 0x7E, 0xFE, 0x00, 0x00, 0x00,
    0x00, 0xF4, 0xFF, 0x00, 0x00, 0x00, 0x03, 0xE0, 0x7F, 0xC0, 0x00, 0x00, 0x0B, 0xC0, 0x2F, 0xE0,
    0x00, 0x00, 0x1F, 0x40, 0x0F, 0xF0, 0x00, 0x00, 0x3E, 0x00, 0x07, 0xFC, 0x00, 0x00, 0xFC, 0x00,
    0x03, 0xFD, 0x00, 0x02, 0xF4, 0x00, 0x01, 0xFF, 0x40, 0x7F, 0xFF, 0x40, 0x1F, 0xFF, 0xFC, 0xBF,
    0xFF, 0x40, 0x2F, 0xFF, 0xFC, 0x55, 0x50, 0x15, 0x55, 0x50, 0x15, 0x57, 0xFF, 0xC0, 0xFF, 0xFF,
    0xC0, 0xFF, 0xF6, 0xFF, 0x01, 0xBF, 0xF9, 0x03, 0xFE, 0x42, 0xFC, 0x00, 0x7F, 0x00, 0x0F, 0xC0,
    0x0B, 0xF0, 0x01, 0xFC, 0x00, 0x3F, 0x00, 0x2F, 0xC0, 0x07, 0xF0, 0x01, 0xFC, 0x00, 0xBF, 0x00,
    0x1F, 0xC0, 0x07, 0xF0, 0x02, 0xF8, 0x00, 0x7F, 0x00, 0x1F, 0xC0, 0x0B, 0xE0, 0x02, 0xFC, 0x00,
    0x7F, 0x00, 0x3F, 0x80, 0x0B, 0xF0, 0x01, 0xFC, 0x00, 0xFE, 0x00, 0x2F, 0xC0, 0x07, 0xF0, 0x03,
    0xF8, 0x00, 0xBF, 0x00, 0x2F, 0xC0, 0x0B, 0xF0, 0x02, 0xFC, 0x00, 0xFE, 0x00, 0x0F, 0xE0, 0x0B,
    0xF0, 0x0B, 0xF0, 0x00, 0x2F, 0xE4, 0x3F, 0x81, 0xFF, 0x80, 0x00, 0x2F, 0xFF, 0xFF, 0xFF, 0xF8,
    0x00, 0x00, 0x1F, 0xFF, 0xFF, 0xFF, 0x40, 0x00, 0x00, 0x01, 0xAF, 0xFA, 0x40, 0x00, 0x00, 0x00,
    0x00, 0x3F, 0x80, 0x00, 0x00, 0x00, 0x00, 0x00, 0xFE, 0x00, 0x00, 0x00, 0x00, 0x00, 0x03, 0xF4,
    0x00, 0x00, 0x00, 0x00, 0x00, 0x0F, 0xE0, 0x00, 0x00, 0x00, 0x00, 0x0B, 0xFF, 0xFD, 0x00, 0x00,
    0x00, 0x00, 0x3F, 0xFF, 0xF4, 0x00, 0x00, 0x00, 0x00, 0x1B, 0xFE, 0x40, 0x00, 0x00, 0x0B, 0xFF,
    0xFF, 0xD0, 0x00, 0x01, 0xFF, 0x95, 0xBF, 0xE0, 0x00, 0x1F, 0xE0, 0x00, 0x2F, 0xE0, 0x00, 0xFE,
    0x00, 0x00, 0x3F, 0xD0, 0x0B, 0xF0, 0x00, 0x00, 0x3F, 0xC0, 0x3F, 0x80, 0x00, 0x00, 0xFF, 0x01,
    0xFD, 0x00, 0x00, 0x02, 0xFD, 0x0B, 0xF0, 0x00, 0x00, 0x0B, 0xF4, 0x2F, 0xC0, 0x00, 0x00, 0x1F,
    0xD0, 0xFF, 0x00, 0x00, 0x00, 0xBF, 0x43, 0xFC, 0x00, 0x00, 0x02, 0xFC, 0x0B, 0xF0, 0x00, 0x00,
    0x0F, 0xF0, 0x2F, 0xD0, 0x00, 0x00, 0x3F, 0x80, 0x7F, 0x80, 0x00, 0x01, 0xFD, 0x00, 0xFF, 0x00,
    0x00, 0x0F, 0xF0, 0x01, 0xFF, 0x00, 0x00, 0x7F, 0x40, 0xA2, 0xFE, 0x00, 0x07, 0xF8, 0xA3, 0xC3,
    0xFF, 0x40, 0xFF, 0x47, 0xCF, 0x41, 0xFF, 0x07, 0xF0, 0x2E, 0x3F, 0x00, 0xBC, 0x1F, 0x00, 0xF8,
    0xBE, 0x42, 0xE0, 0x7C, 0x1F, 0xD2, 0xFF, 0xFF, 0x81, 0xFF, 0xFF, 0x47, 0xFF, 0xFE, 0x07, 0xFF,
    0xFC, 0x00, 0x00, 0x00, 0x07, 0xE0, 0x2F, 0x43, 0xFC, 0x1F, 0xF1, 0xFF, 0x07, 0xFC, 0x3F, 0x80,
    0xFE, 0x01, 0x40, 0x05, 0x00, 0x00, 0x00, 0x00, 0x00, 0x00, 0x00, 0x05, 0x55, 0x54, 0x0B, 0xFF,
    0xFF, 0x01, 0xBF, 0xFE, 0x40, 0x03, 0xFC, 0x00, 0x00, 0xFF, 0x00, 0x00, 0x3F, 0xC0, 0x00, 0x0F,
    0xF0, 0x00, 0x03, 0xF8, 0x00, 0x00, 0xFE, 0x00, 0x00, 0x3F, 0x80, 0x00, 0x0F, 0xE0, 0x00, 0x03,
    0xF8, 0x00, 0x00, 0xFE, 0x00, 0x00, 0x3F, 0x40, 0x00, 0x0F, 0xD0, 0x00, 0x07, 0xF4, 0x00, 0x01,
    0xFD, 0x00, 0x00, 0x7F, 0x40, 0x00, 0x1F, 0xD0, 0x00, 0x07, 0xF0, 0x00, 0x01, 0xFC, 0x00, 0x00,
    0xBF, 0x40, 0x07, 0xFF, 0xFF, 0x01, 0xFF, 0xFF, 0xC0, 0x00, 0x00, 0x00, 0x00, 0x00, 0x00, 0x00,
    0x00, 0xFC, 0x07, 0xE0, 0x00, 0x00, 0x03, 0xFD, 0x0F, 0xF4, 0x00, 0x00, 0x03, 0xFE, 0x0F, 0xF4,
    0x00, 0x00, 0x02, 0xFC, 0x0F, 0xF0, 0x00, 0x00, 0x00, 0x50, 0x01, 0x40, 0x00, 0x00, 0x00, 0x00,
    0x00, 0x00, 0x00, 0x00, 0x00, 0x00, 0x00, 0x00, 0x00, 0x15, 0x55, 0x50, 0x00, 0x55, 0x54, 0x3F,
    0xFF, 0xF0, 0x02, 0xFF, 0xFD, 0x2F, 0xFF, 0x90, 0x01, 0xBF, 0xF8, 0x02, 0xFD, 0x00, 0x00, 0x0F,
    0x40, 0x00, 0xFF, 0x00, 0x00, 0x3E, 0x00, 0x00, 0x7F, 0x80, 0x00, 0x7C, 0x00, 0x00, 0x3F, 0xC0,
    0x00, 0xF8, 0x00, 0x00, 0x1F, 0xE0, 0x01, 0xF0, 0x00, 0x00, 0x0F, 0xF0, 0x03, 0xD0, 0x00, 0x00,
    0x07, 0xF8, 0x0B, 0xC0, 0x00, 0x00, 0x03, 0xFC, 0x0F, 0x00, 0x00, 0x00, 0x00, 0xFE, 0x3E, 0x00,
    0x00, 0x00, 0x00, 0xBF, 0x7C, 0x00, 0x00, 0x00, 0x00, 0x3F, 0xF4, 0x00, 0x00, 0x00, 0x00, 0x2F,
    0xF0, 0x00, 0x00, 0x00, 0x00, 0x0F, 0xD0, 0x00, 0x00, 0x00, 0x00, 0x1F, 0xD0, 0x00, 0x00, 0x00,
    0x00, 0x1F, 0xD0, 0x00, 0x00, 0x00, 0x00, 0x1F, 0xD0, 0x00, 0x00, 0x00, 0x00, 0x1F, 0xC0, 0x00,
    0x00, 0x00, 0x00, 0x1F, 0xC0, 0x00, 0x00, 0x00, 0x00, 0x2F, 0xC0, 0x00, 0x00, 0x00, 0x07, 0xFF,
    0xFF, 0x00, 0x00, 0x00, 0x07, 0xFF, 0xFF, 0x00, 0x00, 0x00, 0x00, 0x07, 0x80, 0x00, 0x00, 0x00,
    0x0F, 0xD0, 0x00, 0x00, 0x00, 0x2F, 0xD0, 0x00, 0x00, 0x00, 0x3F, 0x80, 0x00, 0x00, 0x00, 0xBE,
    0x00, 0x00, 0x00, 0x00, 0xF8, 0x00, 0x00, 0x00, 0x01, 0xE0, 0x00, 0x00, 0x00, 0x01, 0x80, 0x00,
    0x00, 0x00, 0x00, 0x00, 0x00, 0x00, 0x00, 0x05, 0x40, 0x00, 0x00, 0x00, 0x7F, 0xFC, 0x03, 0xF4,
    0x02, 0xFF, 0xBF, 0x07, 0xF0, 0x07, 0xF4, 0x0F, 0xCB, 0xE0, 0x0F, 0xE0, 0x03, 0xCF, 0xC0, 0x1F,
    0xC0, 0x03, 0xEF, 0xC0, 0x3F, 0xC0, 0x02, 0xFF, 0x40, 0x3F, 0x80, 0x01, 0xFF, 0x00, 0x3F, 0x80,
    0x01, 0xFE, 0x00, 0x3F, 0x80, 0x00, 0xFC, 0x00, 0x7F, 0x80, 0x00, 0xF8, 0x00, 0x3F, 0x80, 0x02,
    0xF8, 0x00, 0x3F, 0x80, 0x03, 0xF8, 0x00, 0x3F, 0xC0, 0x07, 0xFC, 0x00, 0x2F, 0xC0, 0x0F, 0xFC,
    0x00, 0x0F, 0xE0, 0x3D, 0xBE, 0x04, 0x07, 0xFF, 0xF8, 0x7F, 0xFC, 0x01, 0xFF, 0xE0, 0x2F, 0xF4,
    0x00, 0x15, 0x00, 0x05, 0x40, 0x00, 0x00, 0x01, 0xE0, 0x00, 0x00, 0x03, 0xF4, 0x00, 0x00, 0x0B,
    0xF4, 0x00, 0x00, 0x0F, 0xE0, 0x00, 0x00, 0x2F, 0x80, 0x00, 0x00, 0x3E, 0x00, 0x00, 0x00, 0xB8,
    0x00, 0x00, 0x00, 0x60, 0x00, 0x00, 0x00, 0x00, 0x00, 0x00, 0x01, 0x54, 0x00, 0x00, 0xBF, 0xFF,
    0xE0, 0x03, 0xFE, 0x9B, 0xFC, 0x0F, 0xF0, 0x00, 0xBE, 0x0F, 0xD0, 0x00, 0xBF, 0x1F, 0xC0, 0x01,
    0xFF, 0x1F, 0xC0, 0x00, 0xFD, 0x0F, 0xE0, 0x50, 0x00, 0x03, 0xFB, 0xFC, 0x00, 0x00, 0xFF, 0xFD,
    0x00, 0x0B, 0xF1, 0xF8, 0x00, 0x2F, 0xC0, 0x00, 0x00, 0x3F, 0x80, 0x00, 0x00, 0x7F, 0x40, 0x00,
    0x00, 0x3F, 0xC0, 0x00, 0x7C, 0x3F, 0xE0, 0x06, 0xF8, 0x1F, 0xFF, 0xFF, 0xE0, 0x02, 0xFF, 0xFF,
    0x40, 0x00, 0x15, 0x50, 0x00, 0x00, 0x00, 0x00, 0x28, 0x00, 0x00, 0x00, 0x0F, 0xE0, 0x00, 0x00,
    0x01, 0xFE, 0x00, 0x00, 0x00, 0x3F, 0xC0, 0x00, 0x00, 0x07, 0xF0, 0x00, 0x00, 0x00, 0xBC, 0x00,
    0x00, 0x00, 0x0F, 0x00, 0x00, 0x00, 0x00, 0x80, 0x00, 0x00, 0x00, 0x00, 0x00, 0x00, 0x15, 0x00,
    0x01, 0x40, 0x1F, 0xFC, 0x03, 0xFF, 0x43, 0xFF, 0xD0, 0xFF, 0xFC, 0x10, 0xBD, 0x3F, 0xAF, 0xD0,
    0x07, 0xD7, 0xC0, 0xFD, 0x00, 0x3D, 0xF0, 0x0B, 0xD0, 0x03, 0xDE, 0x00, 0xBD, 0x00, 0x3E, 0xC0,
    0x0F, 0xD0, 0x03, 0xF4, 0x00, 0xFD, 0x00, 0x3F, 0x00, 0x0F, 0xD0, 0x03, 0xE0, 0x00, 0xFC, 0x00,
    0x3D, 0x00, 0x0F, 0xC0, 0x0B, 0xC0, 0x01, 0xFC, 0x00, 0xFC, 0x00, 0x1F, 0xC0, 0x1F, 0xC0, 0x02,
    0xFC, 0x02, 0xFC, 0x00, 0x2F, 0xC0, 0x2F, 0xC0, 0x03, 0xF8, 0x03, 0xF8, 0x00, 0x3F, 0x80, 0x05,
    0x00, 0x03, 0xF4, 0x00, 0x00, 0x00, 0x7F, 0x40, 0x00, 0x00, 0x0B, 0xF4, 0x00, 0x00, 0x00, 0xBF,
    0x00, 0x00, 0x00, 0x0F, 0xF0, 0x00, 0x00, 0x00, 0xFF, 0x00, 0x00, 0x00, 0x1F, 0xE0, 0x00, 0x00,
    0x00, 0x19, 0x00, 0x00, 0x0B, 0x40, 0x01, 0xFC, 0x00, 0x3F, 0xC0, 0x07, 0xF4, 0x00, 0xFD, 0x00,
    0x1F, 0x40, 0x03, 0xD0, 0x00, 0x14, 0x00, 0x00, 0x00, 0x00, 0x00, 0x00, 0x1F, 0xE0, 0x01, 0xFD,
    0x00, 0x2F, 0xD0, 0x02, 0xFC, 0x00, 0x2F, 0xC0, 0x02, 0xFC, 0x00, 0x3F, 0x80, 0x03, 0xF8, 0x00,
    0x3F, 0x40, 0x03, 0xF4, 0x00, 0x3F, 0x00, 0x03, 0xF0, 0x00, 0x3F, 0x00, 0x03, 0xF0, 0x00, 0x3F,
    0x81, 0x03, 0xFF, 0xF8, 0x0F, 0xFE, 0x00, 0x15, 0x00, 0x00, 0x00, 0x00, 0x00, 0x00, 0x00, 0x00,
    0x03, 0xE0, 0x00, 0x00, 0x00, 0x07, 0xF4, 0x00, 0x00, 0xBE, 0x0B, 0xF1, 0xF8, 0x00, 0xFF, 0x0F,
    0xD3, 0xFD, 0x01, 0xFF, 0x1F, 0x83, 0xFD, 0x00, 0xFE, 0x2E, 0x03, 0xFC, 0x00, 0x14, 0x3C, 0x00,
    0x50, 0x00, 0x00, 0x20, 0x00, 0x00, 0x00, 0x00, 0x00, 0x00, 0x00, 0x00, 0x50, 0x00, 0x14, 0x00,
    0x1F, 0xFC, 0x00, 0xBF, 0x00, 0x3F, 0xFE, 0x00, 0xFF, 0xC0, 0x10, 0xFE, 0x00, 0xFF, 0xC0, 0x00,
    0xFE, 0x00, 0x0B, 0xC0, 0x00, 0xFD, 0x00, 0x03, 0xC0, 0x01, 0xFC, 0x00, 0x03, 0xC0, 0x01, 0xFC,
    0x00, 0x03, 0xC0, 0x02, 0xFC, 0x00, 0x03, 0xC0, 0x03, 0xF8, 0x00, 0x03, 0x80, 0x03, 0xF8, 0x00,
    0x07, 0x40, 0x03, 0xF4, 0x00, 0x0B, 0x00, 0x03, 0xF4, 0x00, 0x0E, 0x00, 0x07, 0xF4, 0x00, 0x2D,
    0x00, 0x03, 0xF8, 0x00, 0xB8, 0x00, 0x03, 0xFD, 0x07, 0xF0, 0x00, 0x01, 0xFF, 0xFF, 0xC0, 0x00,
    0x00, 0x7F, 0xFE, 0x00, 0x00, 0x00, 0x05, 0x50, 0x00, 0x00, 0x00, 0x05, 0x40, 0x00, 0x00, 0x00,
    0x7F, 0xFC, 0x03, 0xF4, 0x02, 0xFF, 0xBF, 0x07, 0xF0, 0x07, 0xF4, 0x0F, 0xCB, 0xE0, 0x0F, 0xE0,
    0x03, 0xCF, 0xC0, 0x1F, 0xC0, 0x03, 0xEF, 0xC0, 0x3F, 0xC0, 0x02, 0xFF, 0x40, 0x3F, 0x80, 0x01,
    0xFF, 0x00, 0x3F, 0x80, 0x01, 0xFE, 0x00, 0x3F, 0x80, 0x00, 0xFC, 0x00, 0x7F, 0x80, 0x00, 0xF8,
    0x00, 0x3F, 0x80, 0x02, 0xF8, 0x00, 0x3F, 0x80, 0x03, 0xF8, 0x00, 0x3F, 0xC0, 0x07, 0xFC, 0x00,
    0x2F, 0xC0, 0x0F, 0xFC, 0x00, 0x0F, 0xE0, 0x3D, 0xBE, 0x04, 0x07, 0xFF, 0xF8, 0x7F, 0xFC, 0x01,
    0xFF, 0xE0, 0x2F, 0xF4, 0x00, 0x15, 0x00, 0x05, 0x40, 0x00, 0x00, 0x00, 0x00, 0x00, 0x00, 0x6F,
    0xF8, 0x00, 0x00, 0xFF, 0xBF, 0xC0, 0x00, 0xFD, 0x02, 0xFC, 0x00, 0xFD, 0x00, 0x3F, 0x40, 0xBE,
    0x00, 0x0F, 0xE0, 0x7F, 0x00, 0x03, 0xF8, 0x3F, 0x80, 0x00, 0xFD, 0x0F, 0xD0, 0x00, 0xBF, 0x0B,
    0xF0, 0x00, 0x3F, 0xC3, 0xFC, 0x00, 0x2F, 0xD0, 0xFE, 0x00, 0x2F, 0xE0, 0x3F, 0x40, 0x3F, 0xE0,
    0x1F, 0xD1, 0xBF, 0xD0, 0x07, 0xFF, 0xFF, 0xF8, 0x01, 0xFF, 0xF9, 0x2F, 0xC0, 0x7F, 0x40, 0x03,
    0xF8, 0x1F, 0xC0, 0x00, 0xBF, 0x07, 0xF0, 0x00, 0x1F, 0xD1, 0xFD, 0x00, 0x07, 0xF4, 0x3F, 0x40,
    0x00, 0xFD, 0x0F, 0xE0, 0x00, 0x7F, 0x42, 0xFC, 0x00, 0x1F, 0xC0, 0x3F, 0x40, 0x0F, 0xE0, 0x0B,
    0xF0, 0x0B, 0xF0, 0x00, 0xFF, 0xEF, 0xF0, 0x00, 0x0B, 0xFF, 0xE0, 0x00, 0x00, 0x15, 0x40, 0x00,
    0x01, 0x40, 0x00, 0x50, 0x0B, 0xFD, 0x00, 0xBF, 0x4F, 0xFF, 0xC0, 0x3F, 0xF0, 0x07, 0xF4, 0x0B,
    0xFC, 0x00, 0xFE, 0x00, 0x3F, 0x40, 0x3F, 0xC0, 0x07, 0xC0, 0x0B, 0xF0, 0x02, 0xF0, 0x02, 0xFC,
    0x00, 0xF8, 0x00, 0x7F, 0x00, 0x3D, 0x00, 0x1F, 0xC0, 0x2F, 0x00, 0x03, 0xF0, 0x0F, 0x40, 0x00,
    0xFC, 0x0B, 0xC0, 0x00, 0x3F, 0x03, 0xC0, 0x00, 0x0F, 0xC3, 0xD0, 0x00, 0x03, 0xF1, 0xE0, 0x00,
    0x00, 0xFE, 0xE0, 0x00, 0x00, 0x2F, 0xF0, 0x00, 0x00, 0x0B, 0xE0, 0x00, 0x00, 0x03, 0xF4, 0x00,
    0x00, 0x00, 0xFD, 0x00, 0x00, 0x00, 0x7F, 0x40, 0x00, 0x00, 0x1F, 0xD0, 0x00, 0x00, 0x07, 0xF4,
    0x00, 0x00, 0x00, 0xFC, 0x00, 0x00, 0x00, 0x00, 0x00, 0x00, 0x00, 0x00, 0x00, 0x00, 0x00, 0x00,
    0x01, 0xBF, 0xF4, 0x00, 0x03, 0xFE, 0xBF, 0xC0, 0x03, 0xF4, 0x02, 0xFC, 0x01, 0xFC, 0x00, 0x7F,
    0x00, 0xBE, 0x00, 0x2F, 0xC0, 0x2F, 0xC0, 0x0B, 0xF0, 0x07, 0xF8, 0x00, 0x50, 0x00, 0xFF, 0x80,
    0x00, 0x00, 0x0F, 0xF8, 0x00, 0x00, 0x00, 0xFF, 0xC0, 0x00, 0x00, 0x1F, 0xFC, 0x00, 0x00, 0x7F,
    0xFF, 0xC0, 0x00, 0xBF, 0x0F, 0xF8, 0x00, 0xBF, 0x00, 0xFF, 0x40, 0x7F, 0x00, 0x1F, 0xF0, 0x3F,
    0x80, 0x03, 0xFC, 0x1F, 0xC0, 0x00, 0xBF, 0x4B, 0xF0, 0x00, 0x1F, 0xD3, 0xFC, 0x00, 0x07, 0xF4,
    0xFE, 0x00, 0x01, 0xFD, 0x3F, 0xC0, 0x00, 0xBF, 0x0B, 0xF0, 0x00, 0x3F, 0x81, 0xFD, 0x00, 0x1F,
    0xD0, 0x3F, 0xC0, 0x1F, 0xE0, 0x03, 0xFE, 0xBF, 0xE0, 0x00, 0x2F, 0xFF, 0xD0, 0x00, 0x00, 0x55,
    0x00, 0x00, 0x00, 0x01, 0x54, 0x00, 0x00, 0xBF, 0xFF, 0xE0, 0x03, 0xFE, 0x9B, 0xFC, 0x0F, 0xF0,
    0x00, 0xBE, 0x0F, 0xD0, 0x00, 0xBF, 0x1F, 0xC0, 0x01, 0xFF, 0x1F, 0xC0, 0x00, 0xFD, 0x0F, 0xE0,
    0x50, 0x00, 0x03, 0xFB, 0xFC, 0x00, 0x00, 0xFF, 0xFD, 0x00, 0x0B, 0xF1, 0xF8, 0x00, 0x2F, 0xC0,
    0x00, 0x00, 0x3F, 0x80, 0x00, 0x00, 0x7F, 0x40, 0x00, 0x00, 0x3F, 0xC0, 0x00, 0x7C, 0x3F, 0xE0,
    0x06, 0xF8, 0x1F, 0xFF, 0xFF, 0xE0, 0x02, 0xFF, 0xFF, 0x40, 0x00, 0x15, 0x50, 0x00, 0x00, 0x00,
    0x00, 0x00, 0x2F, 0x80, 0x00, 0x00, 0xFE, 0x00, 0x0F, 0x07, 0xF4, 0x01, 0xFE, 0x0F, 0xF0, 0x1F,
    0xF8, 0x2F, 0xFA, 0xFF, 0xC0, 0x1B, 0xFF, 0xF8, 0x00, 0x00, 0xF4, 0x00, 0x00, 0x0F, 0x80, 0x00,
    0x00, 0xBC, 0x00, 0x00, 0x07, 0xC0, 0x00, 0x00, 0x3E, 0x00, 0x00, 0x03, 0xF0, 0x00, 0x00, 0x1F,
    0x80, 0x00, 0x00, 0xFC, 0x00, 0x00, 0x07, 0xF0, 0x00, 0x00, 0x3F, 0x40, 0x00, 0x00, 0xFD, 0x00,
    0x00, 0x07, 0xF0, 0x00, 0x00, 0x1F, 0xC0, 0x00, 0x00, 0xBF, 0x00, 0x00, 0x01, 0xFD, 0x00, 0x00,
    0x07, 0xFC, 0x00, 0x00, 0x0F, 0xFD, 0x00, 0x00, 0x1F, 0xFF, 0x40, 0x00, 0x1F, 0xFF, 0xC0, 0x00,
    0x0B, 0xFF, 0xC0, 0x00, 0x02, 0xFF, 0xC0, 0x00, 0x00, 0xFF, 0x00, 0x00, 0x00, 0xFC, 0x00, 0x00,
    0x02, 0xF0, 0x00, 0x00, 0x0F, 0x80, 0x00, 0x00, 0x3C, 0x00, 0x00, 0x03, 0xD0, 0x00, 0x00, 0x05,
    0x00, 0x00, 0x01, 0x50, 0x00, 0x14, 0x01, 0xFF, 0xC0, 0x3F, 0xF4, 0x3F, 0xFD, 0x0F, 0xFF, 0xC1,
    0x0B, 0xD3, 0xFA, 0xFD, 0x00, 0x7D, 0x7C, 0x0F, 0xD0, 0x03, 0xDF, 0x00, 0xBD, 0x00, 0x3D, 0xE0,
    0x0B, 0xD0, 0x03, 0xEC, 0x00, 0xFD, 0x00, 0x3F, 0x40, 0x0F, 0xD0, 0x03, 0xF0, 0x00, 0xFD, 0x00,
    0x3E, 0x00, 0x0F, 0xC0, 0x03, 0xD0, 0x00, 0xFC, 0x00, 0xBC, 0x00, 0x1F, 0xC0, 0x0F, 0xC0, 0x01,
    0xFC, 0x01, 0xFC, 0x00, 0x2F, 0xC0, 0x2F, 0xC0, 0x02, 0xFC, 0x02, 0xFC, 0x00, 0x3F, 0x80, 0x3F,
    0x80, 0x03, 0xF8, 0x00, 0x50, 0x00, 0x3F, 0x40, 0x00, 0x00, 0x07, 0xF4, 0x00, 0x00, 0x00, 0xBF,
    0x40, 0x00, 0x00, 0x0B, 0xF0, 0x00, 0x00, 0x00, 0xFF, 0x00, 0x00, 0x00, 0x0F, 0xF0, 0x00, 0x00,
    0x01, 0xFE, 0x00, 0x00, 0x00, 0x01, 0x90, 0x00, 0x00, 0x00, 0x00, 0x00, 0x00, 0x07, 0xFF, 0x80,
    0x00, 0x00, 0xFF, 0xBF, 0xD0, 0x00, 0x0F, 0xE0, 0x1F, 0xD0, 0x00, 0xBF, 0x00, 0x2F, 0xC0, 0x03,
    0xF8, 0x00, 0x3F, 0x40, 0x0F, 0xD0, 0x00, 0xFE, 0x00, 0x3F, 0x40, 0x02, 0xFC, 0x00, 0xFE, 0x00,
    0x07, 0xF0, 0x03, 0xFC, 0x00, 0x1F, 0xC0, 0x07, 0xF4, 0x00, 0x3F, 0x40, 0x0F, 0xF4, 0x00, 0xFD,
    0x00, 0x0F, 0xF8, 0x03, 0xF4, 0x00, 0x0B, 0xFE, 0x5F, 0xD0, 0x00, 0x02, 0xFF, 0xFF, 0x00, 0x54,
    0x00, 0x1B, 0xFC, 0x2F, 0xFD, 0x00, 0x07, 0xF0, 0xFF, 0xF8, 0x00, 0x2F, 0xC0, 0x0F, 0xE0, 0x00,
    0xBE, 0x00, 0x3F, 0x80, 0x03, 0xF4, 0x00, 0xFD, 0x00, 0x0F, 0xC0, 0x03, 0xF0, 0x00, 0xBF, 0x00,
    0x0F, 0xC0, 0x03, 0xF4, 0x00, 0x3F, 0x00, 0x2F, 0xC0, 0x00, 0xFE, 0x02, 0xFC, 0x00, 0x02, 0xFF,
    0xFF, 0xD0, 0x00, 0x02, 0xFF, 0xFC, 0x00, 0x00, 0x00, 0x55, 0x00, 0x00, 0x00, 0x00, 0x07, 0xF8,
    0x01, 0xFD, 0x00, 0xBF, 0x40, 0x2F, 0xC0, 0x0B, 0xF0, 0x02, 0xFC, 0x00, 0xFE, 0x00, 0x3F, 0x80,
    0x0F, 0xD0, 0x03, 0xF4, 0x00, 0xFC, 0x00, 0x3F, 0x00, 0x0F, 0xC0, 0x03, 0xF0, 0x00, 0xFE, 0x04,
    0x3F, 0xFF, 0x83, 0xFF, 0x80, 0x15, 0x00, 0x01, 0x50, 0x00, 0x00, 0x00, 0xBF, 0xF0, 0x00, 0x7F,
    0xC3, 0xFF, 0xD0, 0x0F, 0xFF, 0x04, 0x7F, 0x40, 0xFF, 0xFD, 0x00, 0xFC, 0x0F, 0xFE, 0x40, 0x07,
    0xF0, 0xFF, 0x80, 0x00, 0x2F, 0xCB, 0xF8, 0x00, 0x00, 0xBE, 0x3F, 0xD0, 0x00, 0x03, 0xF6, 0xFB,
    0x00, 0x00, 0x0F, 0xDF, 0x3C, 0x00, 0x00, 0x7F, 0xF5, 0xF0, 0x00, 0x01, 0xFF, 0x8B, 0xC0, 0x00,
    0x0B, 0xFC, 0x2F, 0x40, 0x00, 0x3F, 0xD0, 0xBE, 0x00, 0x00, 0xFF, 0x02, 0xFC, 0x00, 0x03, 0xF4,
    0x07, 0xF8, 0x10, 0x1F, 0xC0, 0x0F, 0xFF, 0xE0, 0xBD, 0x00, 0x0F, 0xFE, 0x00, 0x00, 0x00, 0x05,
    0x40, 0x00, 0x00, 0x00, 0x00, 0x00, 0x00, 0x2F, 0xF9, 0x00, 0x00, 0x0F, 0xEB, 0xF4, 0x00, 0x02,
    0xFC, 0x0F, 0xC0, 0x00, 0x3F, 0xC0, 0xBD, 0x00, 0x02, 0xFC, 0x07, 0xE0, 0x00, 0x0F, 0x80, 0x7F,
    0x00, 0x00, 0x00, 0x03, 0xF0, 0x00, 0x00, 0x00, 0x3F, 0x00, 0x00, 0x00, 0x03, 0xF0, 0x00, 0x00,
    0x00, 0x3F, 0x40, 0x00, 0x00, 0x0B, 0xF4, 0x00, 0x00, 0x00, 0xFF, 0x40, 0x00, 0x00, 0x2F, 0xF8,
    0x00, 0x00, 0x03, 0xFF, 0x80, 0x00, 0x00, 0xBD, 0xFC, 0x00, 0x00, 0x1F, 0x8F, 0xC0, 0x00, 0x03,
    0xF0, 0xFC, 0x00, 0x00, 0x7E, 0x0F, 0xC0, 0x00, 0x0F, 0xC0, 0xFD, 0x00, 0x01, 0xFC, 0x0F, 0xD0,
    0x00, 0x3F, 0x40, 0xBE, 0x00, 0x07, 0xF0, 0x0B, 0xE0, 0x00, 0xFE, 0x00, 0x7F, 0x00, 0x2F, 0xC0,
    0x07, 0xF0, 0x43, 0xF8, 0x00, 0x3F, 0xFE, 0x7F, 0x00, 0x01, 0xFF, 0x80, 0x00, 0x00, 0x01, 0x40,
    0x00, 0x00, 0x00, 0x00, 0x03, 0xFC, 0x00, 0x3F, 0x80, 0x3F, 0xC0, 0x03, 0xF8, 0x03, 0xFC, 0x00,
    0x7F, 0x40, 0x3F, 0x80, 0x07, 0xF0, 0x03, 0xF8, 0x00, 0x7F, 0x00, 0x3F, 0x40, 0x0B, 0xF0, 0x07,
    0xF4, 0x00, 0xBF, 0x00, 0x7F, 0x00, 0x0B, 0xF0, 0x07, 0xF0, 0x00, 0xFE, 0x00, 0xBF, 0x00, 0x0F,
    0xE0, 0x0B, 0xF0, 0x00, 0xFD, 0x00, 0xBF, 0x00, 0x0F, 0xD0, 0x0B, 0xE0, 0x02, 0xFD, 0x00, 0xBE,
    0x00, 0x3F, 0xD0, 0x0F, 0xF9, 0x5F, 0xBF, 0x04, 0xFF, 0xFF, 0xE3, 0xFF, 0xDF, 0xFF, 0xFC, 0x1F,
    0xFC, 0xFE, 0x15, 0x00, 0x14, 0x0F, 0xE0, 0x00, 0x00, 0x00, 0xFF, 0x00, 0x00, 0x00, 0x0F, 0xF0,
    0x00, 0x00, 0x00, 0xFF, 0x00, 0x00, 0x00, 0x0F, 0xF0, 0x00, 0x00, 0x00, 0xFF, 0x40, 0x00, 0x00,
    0x0A, 0x40, 0x00, 0x00, 0x00, 0x01, 0x40, 0x00, 0x50, 0x0B, 0xFD, 0x00, 0xBF, 0x4F, 0xFF, 0xC0,
    0x3F, 0xF0, 0x07, 0xF4, 0x0B, 0xFC, 0x00, 0xFE, 0x00, 0x3F, 0x40, 0x3F, 0xC0, 0x07, 0xC0, 0x0B,
    0xF0, 0x02, 0xF0, 0x02, 0xFC, 0x00, 0xF8, 0x00, 0x7F, 0x00, 0x3D, 0x00, 0x1F, 0xC0, 0x2F, 0x00,
    0x03, 0xF0, 0x0F, 0x40, 0x00, 0xFC, 0x0B, 0x80, 0x00, 0x3F, 0x03, 0xC0, 0x00, 0x0F, 0xC3, 0xD0,
    0x00, 0x03, 0xF1, 0xE0, 0x00, 0x00, 0xFE, 0xE0, 0x00, 0x00, 0x2F, 0xE0, 0x00, 0x00, 0x07, 0xE0,
    0x00, 0x00, 0x00, 0x10, 0x00, 0x00, 0x00, 0x00, 0x00, 0x07, 0xF0, 0x00, 0x00, 0xFF, 0x00, 0x01,
    0x4F, 0xF0, 0x02, 0xFD, 0xBF, 0x82, 0xFF, 0xE2, 0xFF, 0xFF, 0xF8, 0x01, 0xFF, 0xE0, 0x00, 0x3F,
    0xD0, 0x00, 0x0B, 0xF0, 0x00, 0x00, 0xFC, 0x00, 0x00, 0x1F, 0x80, 0x00, 0x01, 0xF4, 0x00, 0x00,
    0x0F, 0x80, 0x00, 0x00, 0xBC, 0x0B, 0x80, 0x02, 0xFB, 0xFF, 0x00, 0x0B, 0xFF, 0xF0, 0x07, 0xE2,
    0xFD, 0x01, 0xF8, 0x01, 0x00, 0x3F, 0x00, 0x00, 0x0B, 0xF0, 0x00, 0x00, 0xFE, 0x00, 0x00, 0x0F,
    0xF0, 0x00, 0x00, 0xFF, 0x40, 0x00, 0x0B, 0xFE, 0x00, 0x00, 0x3F, 0xFE, 0x00, 0x00, 0xBF, 0xFE,
    0x00, 0x01, 0xFF, 0xFC, 0x00, 0x01, 0xFF, 0xD0, 0x00, 0x01, 0xFE, 0x00, 0x00, 0x07, 0xE0, 0x00,
    0x00, 0x3E, 0x00, 0x00, 0x03, 0xC0, 0x00, 0x00, 0xB8, 0x00, 0x00, 0x1F, 0x00, 0x00, 0x00, 0x80,
    0x00, 0x00, 0x01, 0x50, 0x00, 0x00, 0x7F, 0xFF, 0x40, 0x02, 0xFF, 0xBF, 0xD0, 0x0B, 0xF4, 0x0B,
    0xF0, 0x0F, 0xE0, 0x03, 0xF8, 0x2F, 0xC0, 0x02, 0xFC, 0x3F, 0x80, 0x01, 0xFD, 0x3F, 0x80, 0x01,
    0xFD, 0x7F, 0x40, 0x01, 0xFD, 0x7F, 0x40, 0x01, 0xFD, 0x7F, 0x40, 0x01, 0xFD, 0x7F, 0x40, 0x02,
    0xFC, 0x7F, 0x40, 0x03, 0xFC, 0x3F, 0x80, 0x03, 0xF8, 0x3F, 0xC0, 0x0B, 0xF0, 0x1F, 0xE0, 0x1F,
    0xD0, 0x0B, 0xFE, 0xFF, 0x80, 0x01, 0xFF, 0xFD, 0x00, 0x00, 0x15, 0x40, 0x00, 0x05, 0x50, 0x00,
    0x00, 0x06, 0x83, 0xFF, 0xFF, 0xFF, 0xFF, 0xFD, 0xBF, 0xFF, 0xFF, 0xFF, 0xFF, 0xDB, 0xFA, 0xBE,
    0xFF, 0xFF, 0xF8, 0x7F, 0x07, 0xC0, 0x1F, 0x00, 0x01, 0x90, 0xBC, 0x01, 0xF0, 0x00, 0x00, 0x0F,
    0x80, 0x2F, 0x00, 0x00, 0x00, 0xF8, 0x03, 0xF0, 0x00, 0x00, 0x1F, 0x40, 0x3F, 0x00, 0x00, 0x02,
    0xF4, 0x03, 0xE0, 0x00, 0x00, 0x3F, 0x00, 0x3E, 0x00, 0x00, 0x03, 0xF0, 0x07, 0xE0, 0x00, 0x00,
    0x7F, 0x00, 0xBE, 0x00, 0x00, 0x0B, 0xE0, 0x0B, 0xE0, 0x00, 0x00, 0xFE, 0x00, 0xBE, 0x00, 0x00,
    0x0F, 0xD0, 0x0F, 0xF0, 0x40, 0x01, 0xFC, 0x00, 0xBF, 0xFC, 0x00, 0x2F, 0xC0, 0x03, 0xFF, 0x40,
    0x00, 0x00, 0x00, 0x05, 0x40, 0x00, 0x00, 0x01, 0x54, 0x00, 0x00, 0x2F, 0xFF, 0x80, 0x00, 0xFF,
    0xAF, 0xF0, 0x02, 0xFC, 0x03, 0xF8, 0x03, 0xF0, 0x01, 0xFC, 0x0B, 0xE0, 0x00, 0xFD, 0x0F, 0xD0,
    0x00, 0xFE, 0x1F, 0xC0, 0x00, 0xFF, 0x2F, 0xC0, 0x00, 0xFF, 0x3F, 0x80, 0x00, 0xFF, 0x3F, 0x80,
    0x00, 0xFE, 0x3F, 0x40, 0x00, 0xFD, 0x3F, 0x40, 0x02, 0xFC, 0x7F, 0x40, 0x03, 0xFC, 0x7F, 0x40,
    0x0B, 0xF0, 0x7F, 0x80, 0x1F, 0xE0, 0x7F, 0xFA, 0xFF, 0x80, 0xBF, 0x7F, 0xFD, 0x00, 0xBF, 0x05,
    0x40, 0x00, 0xBF, 0x00, 0x00, 0x00, 0xBF, 0x40, 0x00, 0x00, 0xBF, 0x40, 0x00, 0x00, 0xBF, 0x80,
    0x00, 0x00, 0x7F, 0x80, 0x00, 0x00, 0x7F, 0xC0, 0x00, 0x00, 0x24, 0x00, 0x00, 0x00, 0x00, 0x01,
    0x54, 0x00, 0x00, 0xBF, 0xFE, 0x00, 0x1F, 0xFA, 0xFE, 0x01, 0xFE, 0x00, 0xFC, 0x0F, 0xE0, 0x03,
    0xF4, 0xBF, 0x00, 0x2F, 0xD3, 0xF8, 0x00, 0x7F, 0x0F, 0xD0, 0x00, 0x00, 0x7F, 0x40, 0x00, 0x01,
    0xFC, 0x00, 0x00, 0x07, 0xF4, 0x00, 0x00, 0x1F, 0xD0, 0x00, 0x00, 0x7F, 0x80, 0x00, 0x00, 0xFF,
    0x40, 0x00, 0x02, 0xFF, 0x40, 0x00, 0x03, 0xFF, 0xD0, 0x00, 0x03, 0xFF, 0xF0, 0x00, 0x02, 0xFF,
    0xF0, 0x00, 0x00, 0xBF, 0xF0, 0x00, 0x00, 0x3F, 0xC0, 0x00, 0x00, 0x3F, 0x00, 0x00, 0x00, 0xBC,
    0x00, 0x00, 0x02, 0xE0, 0x00, 0x00, 0x0F, 0x00, 0x00, 0x00, 0xF4, 0x00, 0x00, 0x01, 0x40, 0x00,
    0x00, 0x00, 0x00, 0x00, 0x04, 0x00, 0x1B, 0xFF, 0xAA, 0xFC, 0x00, 0xFF, 0xFF, 0xFF, 0xFD, 0x03,
    0xFF, 0xFF, 0xFF, 0xFC, 0x0F, 0xF8, 0x03, 0xF5, 0x50, 0x1F, 0xE0, 0x01, 0xFC, 0x00, 0x3F, 0xC0,
    0x00, 0xFD, 0x00, 0x3F, 0x80, 0x00, 0xFE, 0x00, 0x7F, 0x40, 0x00, 0xFF, 0x00, 0x7F, 0x40, 0x00,
    0xFF, 0x00, 0x7F, 0x40, 0x00, 0xFF, 0x00, 0x7F, 0x40, 0x00, 0xFE, 0x00, 0x7F, 0x40, 0x00, 0xFD,
    0x00, 0x3F, 0x80, 0x01, 0xFC, 0x00, 0x2F, 0xC0, 0x03, 0xF8, 0x00, 0x0F, 0xE0, 0x0B, 0xF0, 0x00,
    0x07, 0xFE, 0xBF, 0xC0, 0x00, 0x00, 0xFF, 0xFE, 0x00, 0x00, 0x00, 0x05, 0x50, 0x00, 0x00, 0x05,
    0x40, 0x00, 0x06, 0x43, 0xFF, 0xFF, 0xFF, 0xFC, 0xBF, 0xFF, 0xFF, 0xFF, 0xCB, 0xF9, 0xBF, 0xFF,
    0xF4, 0x7F, 0x03, 0xE0, 0x00, 0x00, 0x90, 0x3D, 0x00, 0x00, 0x00, 0x07, 0xD0, 0x00, 0x00, 0x00,
    0xBC, 0x00, 0x00, 0x00, 0x0F, 0xC0, 0x00, 0x00, 0x00, 0xFC, 0x00, 0x00, 0x00, 0x1F, 0xC0, 0x00,
    0x00, 0x01, 0xFC, 0x00, 0x00, 0x00, 0x2F, 0x80, 0x00, 0x00, 0x02, 0xF8, 0x00, 0x00, 0x00, 0x3F,
    0xC0, 0x10, 0x00, 0x02, 0xFD, 0x0B, 0x80, 0x00, 0x1F, 0xFF, 0xF0, 0x00, 0x00, 0xBF, 0xF8, 0x00,
    0x00, 0x00, 0x54, 0x00, 0x00, 0x00, 0x50, 0x00, 0x14, 0x01, 0xFF, 0xC0, 0x0B, 0xF0, 0x3F, 0xFE,
    0x00, 0xFF, 0xC1, 0x0F, 0xE0, 0x0F, 0xFC, 0x00, 0xFE, 0x00, 0x0B, 0xC0, 0x0F, 0xD0, 0x00, 0x3C,
    0x01, 0xFC, 0x00, 0x03, 0xC0, 0x1F, 0xC0, 0x00, 0x3C, 0x02, 0xFC, 0x00, 0x03, 0xC0, 0x3F, 0x80,
    0x00, 0x38, 0x03, 0xF8, 0x00, 0x07, 0x40, 0x3F, 0x40, 0x00, 0xB0, 0x03, 0xF4, 0x00, 0x0E, 0x00,
    0x7F, 0x40, 0x02, 0xD0, 0x03, 0xF8, 0x00, 0xB8, 0x00, 0x3F, 0xD0, 0x7F, 0x00, 0x01, 0xFF, 0xFF,
    0xC0, 0x00, 0x07, 0xFF, 0xE0, 0x00, 0x00, 0x05, 0x50, 0x00, 0x00, 0x00, 0x01, 0x00, 0x05, 0x50,
    0x00, 0x02, 0xF4, 0x07, 0xFF, 0xD0, 0x00, 0xFE, 0x01, 0xFD, 0xBF, 0x40, 0x3F, 0x80, 0x3F, 0x01,
    0xFC, 0x0B, 0xF0, 0x07, 0xF0, 0x0F, 0xD1, 0xFC, 0x00, 0xBE, 0x00, 0xFE, 0x3F, 0xC0, 0x0F, 0xD0,
    0x0F, 0xF3, 0xF8, 0x00, 0xFC, 0x00, 0xFF, 0x7F, 0x40, 0x0F, 0xC0, 0x0F, 0xF7, 0xF0, 0x00, 0xFC,
    0x00, 0xFE, 0x7F, 0x00, 0x1F, 0x80, 0x1F, 0xD7, 0xF0, 0x02, 0xF4, 0x02, 0xFC, 0x7F, 0x40, 0x2F,
    0x00, 0x3F, 0x83, 0xF8, 0x03, 0xF0, 0x0F, 0xF0, 0x2F, 0xC0, 0x3F, 0x02, 0xFC, 0x00, 0xFF, 0x03,
    0xE0, 0xFF, 0x40, 0x07, 0xFF, 0xBF, 0xFF, 0xC0, 0x00, 0x0B, 0xFF, 0xFF, 0x90, 0x00, 0x00, 0x01,
    0xFD, 0x40, 0x00, 0x00, 0x00, 0x0F, 0xC0, 0x00, 0x00, 0x00, 0x00, 0xF8, 0x00, 0x00, 0x00, 0x00,
    0x0F, 0x80, 0x00, 0x00, 0x00, 0x01, 0xF4, 0x00, 0x00, 0x00, 0x00, 0x1F, 0x00, 0x00, 0x00, 0x00,
    0x02, 0xF0, 0x00, 0x00, 0x00, 0x00, 0x19, 0x00, 0x00, 0x00, 0x01, 0x50, 0x00, 0x14, 0x02, 0xFF,
    0xC0, 0x07, 0xF4, 0x3F, 0xFE, 0x00, 0xFF, 0xC1, 0x0F, 0xF0, 0x0B, 0xFC, 0x00, 0xBF, 0x00, 0x0F,
    0xC0, 0x03, 0xF8, 0x00, 0xBC, 0x00, 0x3F, 0xC0, 0x0F, 0x40, 0x02, 0xFC, 0x01, 0xE0, 0x00, 0x1F,
    0xD0, 0x7C, 0x00, 0x00, 0xFE, 0x0F, 0x00, 0x00, 0x0B, 0xF3, 0xC0, 0x00, 0x00, 0x7F, 0xF0, 0x00,
    0x00, 0x03, 0xFC, 0x00, 0x00, 0x00, 0x7F, 0xC0, 0x00, 0x00, 0x2F, 0xFC, 0x00, 0x00, 0x0B, 0x8F,
    0xD0, 0x00, 0x02, 0xE0, 0xFE, 0x00, 0x00, 0x7C, 0x0B, 0xF0, 0x00, 0x1F, 0x00, 0x7F, 0x40, 0x03,
    0xD0, 0x03, 0xF8, 0x00, 0x7C, 0x00, 0x2F, 0xC0, 0x0B, 0xD0, 0x01, 0xFC, 0x00, 0xFF, 0xC0, 0x0F,
    0xE0, 0x0B, 0xFD, 0x00, 0xFF, 0xBC, 0x7F, 0xC0, 0x07, 0xFF, 0x80, 0xA0, 0x00, 0x1A, 0x40, 0x00,
    0x00, 0x00, 0x00, 0x00, 0x00, 0x00, 0x00, 0x00, 0x0F, 0x40, 0x00, 0x00, 0x00, 0x00, 0x0F, 0x00,
    0x00, 0x00, 0x00, 0x00, 0x1F, 0x00, 0x00, 0x00, 0x00, 0x00, 0x2F, 0x00, 0x00, 0x00, 0x00, 0x00,
    0x3E, 0x00, 0x00, 0x01, 0x50, 0x00, 0x3E, 0x01, 0x40, 0x1F, 0xFC, 0x00, 0x3D, 0x07, 0xF4, 0x3F,
    0xFE, 0x00, 0x7C, 0x0F, 0xFC, 0x10, 0xFE, 0x00, 0xBC, 0x0B, 0xFC, 0x00, 0xFD, 0x00, 0xBC, 0x00,
    0xBD, 0x00, 0xFD, 0x00, 0xFC, 0x00, 0x3D, 0x01, 0xFC, 0x00, 0xF8, 0x00, 0x2D, 0x01, 0xFC, 0x01,
    0xF4, 0x00, 0x3C, 0x02, 0xFC, 0x01, 0xF4, 0x00, 0x3C, 0x03, 0xF8, 0x02, 0xF0, 0x00, 0x3C, 0x03,
    0xF4, 0x03, 0xF0, 0x00, 0x78, 0x03, 0xF4, 0x03, 0xF0, 0x00, 0xF0, 0x07, 0xF0, 0x03, 0xF0, 0x02,
    0xE0, 0x07, 0xF4, 0x07, 0xE0, 0x07, 0xC0, 0x03, 0xFC, 0x0B, 0xD0, 0x1F, 0x40, 0x02, 0xFF, 0x4F,
    0xD1, 0xFE, 0x00, 0x00, 0xFF, 0xFF, 0xFF, 0xF4, 0x00, 0x00, 0x2F, 0xFF, 0xFF, 0x80, 0x00, 0x00,
    0x00, 0x6F, 0xD0, 0x00, 0x00, 0x00, 0x00, 0x2F, 0x80, 0x00, 0x00, 0x00, 0x00, 0x2F, 0x80, 0x00,
    0x00, 0x00, 0x00, 0x3F, 0x40, 0x00, 0x00, 0x00, 0x00, 0x3F, 0x40, 0x00, 0x00, 0x00, 0x00, 0x7F,
    0x00, 0x00, 0x00, 0x00, 0x00, 0x7F, 0x00, 0x00, 0x00, 0x00, 0x00, 0x64, 0x00, 0x00, 0x00, 0x00,
    0x00, 0x00, 0x00, 0x01, 0x00, 0x00, 0x7C, 0x00, 0x02, 0xFD, 0x00, 0x0B, 0xE0, 0x00, 0x03, 0xFC,
    0x00, 0x7F, 0x00, 0x00, 0x0B, 0xF4, 0x03, 0xF0, 0x00, 0x00, 0x1F, 0xF0, 0x3F, 0x80, 0x04, 0x00,
    0x3F, 0xC1, 0xFC, 0x00, 0xFD, 0x00, 0xBF, 0x4B, 0xF0, 0x0B, 0xFC, 0x01, 0xFE, 0x3F, 0x80, 0x2F,
    0xF0, 0x03, 0xF8, 0xFD, 0x00, 0xBF, 0xC0, 0x0F, 0xE7, 0xF4, 0x02, 0xFE, 0x00, 0x3F, 0x9F, 0xC0,
    0x03, 0xF0, 0x00, 0xFD, 0x7F, 0x40, 0x0F, 0x80, 0x07, 0xF4, 0xFD, 0x00, 0x3F, 0x00, 0x2F, 0xC3,
    0xF8, 0x02, 0xFC, 0x00, 0xFE, 0x0B, 0xF4, 0x2F, 0x7D, 0x0F, 0xF0, 0x0F, 0xFF, 0xF0, 0xFF, 0xFF,
    0x40, 0x0F, 0xFF, 0x00, 0xFF, 0xF4, 0x00, 0x01, 0x50, 0x00, 0x55, 0x00, 0x00, 0x00, 0x00, 0x00,
    0x2F, 0x40, 0xBC, 0x7F, 0xC2, 0xFF, 0xBF, 0xC2, 0xFF, 0x3F, 0x81, 0xFD, 0x05, 0x00, 0x10, 0x00,
    0x00, 0x00, 0x00, 0x00, 0x00, 0x00, 0x00, 0x00, 0x01, 0xFE, 0x00, 0x01, 0xFD, 0x00, 0x02, 0xFD,
    0x00, 0x02, 0xFC, 0x00, 0x02, 0xFC, 0x00, 0x02, 0xFC, 0x00, 0x03, 0xF8, 0x00, 0x03, 0xF8, 0x00,
    0x03, 0xF4, 0x00, 0x03, 0xF4, 0x00, 0x03, 0xF0, 0x00, 0x03, 0xF0, 0x00, 0x03, 0xF0, 0x00, 0x03,
    0xF0, 0x00, 0x03, 0xF8, 0x10, 0x03, 0xFF, 0xF8, 0x00, 0xFF, 0xE0, 0x00, 0x15, 0x00, 0x00, 0x00,
    0x00, 0x00, 0x00, 0x02, 0xF4, 0x0F, 0xC0, 0x00, 0x7F, 0xC2, 0xFE, 0x00, 0x0B, 0xFC, 0x3F, 0xE0,
    0x00, 0x7F, 0x41, 0xFD, 0x00, 0x00, 0x40, 0x05, 0x00, 0x00, 0x00, 0x00, 0x00, 0x00, 0x00, 0x00,
    0x00, 0x00, 0x00, 0x50, 0x00, 0x14, 0x01, 0xFF, 0xC0, 0x0B, 0xF0, 0x3F, 0xFE, 0x00, 0xFF, 0xC1,
    0x0F, 0xE0, 0x0F, 0xFC, 0x00, 0xFE, 0x00, 0x0B, 0xC0, 0x0F, 0xD0, 0x00, 0x3C, 0x01, 0xFC, 0x00,
    0x03, 0xC0, 0x1F, 0xC0, 0x00, 0x3C, 0x02, 0xFC, 0x00, 0x03, 0xC0, 0x3F, 0x80, 0x00, 0x38, 0x03,
    0xF8, 0x00, 0x07, 0x40, 0x3F, 0x40, 0x00, 0xB0, 0x03, 0xF4, 0x00, 0x0E, 0x00, 0x7F, 0x40, 0x02,
    0xD0, 0x03, 0xF8, 0x00, 0xB8, 0x00, 0x3F, 0xD0, 0x7F, 0x00, 0x01, 0xFF, 0xFF, 0xC0, 0x00, 0x07,
    0xFF, 0xE0, 0x00, 0x00, 0x05, 0x50, 0x00, 0x00, 0x00, 0x00, 0x02, 0x80, 0x00, 0x00, 0x0B, 0xF0,
    0x00, 0x00, 0x0F, 0xF0, 0x00, 0x00, 0x2F, 0xC0, 0x00, 0x00, 0x3F, 0x00, 0x00, 0x00, 0xBC, 0x00,
    0x00, 0x00, 0xF0, 0x00, 0x00, 0x00, 0x80, 0x00, 0x00, 0x00, 0x00, 0x00, 0x00, 0x01, 0x50, 0x00,
    0x00, 0x7F, 0xFF, 0x40, 0x02, 0xFF, 0xBF, 0xD0, 0x0B, 0xF4, 0x0B, 0xF0, 0x0F, 0xE0, 0x03, 0xF8,
    0x2F, 0xC0, 0x02, 0xFC, 0x3F, 0x80, 0x01, 0xFD, 0x3F, 0x80, 0x01, 0xFD, 0x7F, 0x40, 0x01, 0xFD,
    0x7F, 0x40, 0x01, 0xFD, 0x7F, 0x40, 0x01, 0xFD, 0x7F, 0x40, 0x02, 0xFC, 0x7F, 0x40, 0x03, 0xFC,
    0x3F, 0x80, 0x03, 0xF8, 0x3F, 0xC0, 0x0B, 0xF0, 0x1F, 0xE0, 0x1F, 0xD0, 0x0B, 0xFE, 0xFF, 0x80,
    0x01, 0xFF, 0xFD, 0x00, 0x00, 0x15, 0x40, 0x00, 0x00, 0x00, 0x00, 0xB4, 0x00, 0x00, 0x00, 0x2F,
    0xC0, 0x00, 0x00, 0x03, 0xFC, 0x00, 0x00, 0x00, 0x7F, 0x00, 0x00, 0x00, 0x0F, 0xD0, 0x00, 0x00,
    0x01, 0xF4, 0x00, 0x00, 0x00, 0x3D, 0x00, 0x00, 0x00, 0x02, 0x40, 0x00, 0x00, 0x00, 0x00, 0x00,
    0x00, 0x05, 0x00, 0x01, 0x40, 0x1F, 0xFC, 0x00, 0xBF, 0x03, 0xFF, 0xE0, 0x0F, 0xFC, 0x10, 0xFE,
    0x00, 0xFF, 0xC0, 0x0F, 0xE0, 0x00, 0xBC, 0x00, 0xFD, 0x00, 0x03, 0xC0, 0x1F, 0xC0, 0x00, 0x3C,
    0x01, 0xFC, 0x00, 0x03, 0xC0, 0x2F, 0xC0, 0x00, 0x3C, 0x03, 0xF8, 0x00, 0x03, 0x80, 0x3F, 0x80,
    0x00, 0x74, 0x03, 0xF4, 0x00, 0x0B, 0x00, 0x3F, 0x40, 0x00, 0xE0, 0x07, 0xF4, 0x00, 0x2D, 0x00,
    0x3F, 0x80, 0x0B, 0x80, 0x03, 0xFD, 0x07, 0xF0, 0x00, 0x1F, 0xFF, 0xFC, 0x00, 0x00, 0x7F, 0xFE,
    0x00, 0x00, 0x00, 0x55, 0x00, 0x00, 0x00, 0x00, 0x00, 0x07, 0x80, 0x00, 0x00, 0x00, 0x00, 0x3F,
    0x80, 0x00, 0x00, 0x00, 0x01, 0xFE, 0x00, 0x00, 0x00, 0x00, 0x0F, 0xE0, 0x00, 0x00, 0x00, 0x00,
    0x7E, 0x00, 0x00, 0x00, 0x00, 0x03, 0xE0, 0x00, 0x00, 0x00, 0x00, 0x1F, 0x00, 0x00, 0x00, 0x00,
    0x00, 0x20, 0x00, 0x00, 0x00, 0x00, 0x00, 0x00, 0x00, 0x00, 0x00, 0x00, 0x00, 0x00, 0x04, 0x00,
    0x01, 0xF0, 0x00, 0x0B, 0xF4, 0x00, 0x2F, 0x80, 0x00, 0x0F, 0xF0, 0x01, 0xFC, 0x00, 0x00, 0x2F,
    0xD0, 0x0F, 0xC0, 0x00, 0x00, 0x7F, 0xC0, 0xFE, 0x00, 0x10, 0x00, 0xFF, 0x07, 0xF0, 0x03, 0xF4,
    0x02, 0xFD, 0x2F, 0xC0, 0x2F, 0xF0, 0x07, 0xF8, 0xFE, 0x00, 0xBF, 0xC0, 0x0F, 0xE3, 0xF4, 0x02,
    0xFF, 0x00, 0x3F, 0x9F, 0xD0, 0x0B, 0xF8, 0x00, 0xFE, 0x7F, 0x00, 0x0F, 0xC0, 0x03, 0xF5, 0xFD,
    0x00, 0x3E, 0x00, 0x1F, 0xD3, 0xF4, 0x00, 0xFC, 0x00, 0xBF, 0x0F, 0xE0, 0x0B, 0xF0, 0x03, 0xF8,
    0x2F, 0xD0, 0xBD, 0xF4, 0x3F, 0xC0, 0x3F, 0xFF, 0xC3, 0xFF, 0xFD, 0x00, 0x3F, 0xFC, 0x03, 0xFF,
    0xD0, 0x00, 0x05, 0x40, 0x01, 0x54, 0x00, 0x01, 0x50, 0x00, 0x00, 0x00, 0xBF, 0xF0, 0x00, 0x7F,
    0xC3, 0xFF, 0xD0, 0x0F, 0xFF, 0x04, 0x7F, 0x40, 0xFF, 0xFD, 0x00, 0xFC, 0x0F, 0xFE, 0x40, 0x07,
    0xF0, 0xFF, 0x80, 0x00, 0x2F, 0xCB, 0xFC, 0x00, 0x00, 0xBE, 0x3F, 0xE0, 0x00, 0x03, 0xF7, 0xFB,
    0x80, 0x00, 0x0F, 0xDF, 0x3F, 0x00, 0x00, 0x7F, 0xF4, 0xFC, 0x00, 0x01, 0xFF, 0x83, 0xFC, 0x00,
    0x0B, 0xFC, 0x0B, 0xF4, 0x00, 0x3F, 0xD0, 0x0F, 0xF0, 0x00, 0xFF, 0x00, 0x1F, 0xF0, 0x03, 0xF4,
    0x00, 0x3F, 0xD0, 0x1F, 0xC0, 0x00, 0x3F, 0xC0, 0xBD, 0x00, 0x00, 0x7F, 0x40, 0x00, 0x00, 0x00,
    0xFE, 0x00, 0x00, 0x00, 0x03, 0xF8, 0x00, 0x00, 0x00, 0x0F, 0xE0, 0x00, 0x00, 0x00, 0xBF, 0x00,
    0x00, 0x00, 0x0B, 0xF8, 0x00, 0x00, 0x6B, 0xFF, 0x80, 0x00, 0x07, 0xFF, 0xF4, 0x00, 0x00, 0x06,
    0xA4, 0x00, 0x00, 0x00, 0x00, 0x6F, 0xF9, 0x00, 0x00, 0x00, 0xBF, 0xFF, 0xFD, 0x00, 0x00, 0x3F,
    0xF9, 0x6F, 0xF8, 0x00, 0x0F, 0xF0, 0x00, 0x3F, 0xE0, 0x03, 0xFC, 0x00, 0x00, 0xFF, 0x40, 0x7F,
    0x40, 0x00, 0x03, 0xFC, 0x0F, 0xF0, 0x00, 0x00, 0x3F, 0xD1, 0xFD, 0x00, 0x00, 0x01, 0xFE, 0x2F,
    0xC0, 0x00, 0x00, 0x1F, 0xF3, 0xFC, 0x00, 0x00, 0x00, 0xFF, 0x3F, 0xC0, 0x00, 0x00, 0x0F, 0xF3,
    0xFC, 0x00, 0x00, 0x00, 0xFF, 0x3F, 0xC0, 0x00, 0x00, 0x0F, 0xF3, 0xFC, 0x00, 0x00, 0x00, 0xFF,
    0x3F, 0xC0, 0x00, 0x00, 0x0F, 0xE3, 0xFC, 0x00, 0x00, 0x01, 0xFE, 0x2F, 0xD0, 0x06, 0x80, 0x2F,
    0xD2, 0xFE, 0x01, 0xFC, 0x03, 0xFC, 0x0F, 0xF0, 0x1F, 0x80, 0x7F, 0x40, 0xBF, 0x81, 0xF8, 0x0F,
    0xF0, 0x03, 0xFD, 0x2F, 0x42, 0xFD, 0x00, 0x1F, 0xFA, 0xF5, 0xFF, 0x40, 0x00, 0x7F, 0xFF, 0xFF,
    0xD0, 0x00, 0x00, 0xBF, 0xFF, 0xE0, 0x00, 0x00, 0x00, 0x3F, 0x80, 0x00, 0x00, 0x00, 0x02, 0xF0,
    0x00, 0x00, 0x00, 0x00, 0x3F, 0x40, 0x00, 0x00, 0x00, 0x03, 0xF4, 0x00, 0x00, 0x00, 0x00, 0x3F,
    0x40, 0x00, 0x00, 0x00, 0x03, 0xF4, 0x00, 0x00, 0x00, 0x00, 0x3F, 0x40, 0x00, 0x00, 0x00, 0x01,
    0x00, 0x00, 0x00, 0x00, 0x01, 0x54, 0x00, 0x00, 0x7F, 0xFF, 0x80, 0x02, 0xFF, 0xBF, 0xF0, 0x0B,
    0xF4, 0x07, 0xF8, 0x0F, 0xD0, 0x02, 0xFC, 0x2F, 0xC0, 0x00, 0xFE, 0x3F, 0x80, 0x00, 0xFF, 0x3F,
    0x80, 0x00, 0xFF, 0x7F, 0x40, 0x00, 0xFF, 0x7F, 0x40, 0x00, 0xFF, 0x7F, 0x40, 0x00, 0xFF, 0x7F,
    0x40, 0x00, 0xFE, 0x7F, 0x80, 0x00, 0xFE, 0x3F, 0xC3, 0xC1, 0xFC, 0x2F, 0xC3, 0xC3, 0xF8, 0x0F,
    0xF3, 0xCB, 0xF0, 0x07, 0xFF, 0xFF, 0xD0, 0x01, 0xFF, 0xFE, 0x00, 0x00, 0x0B, 0xD0, 0x00, 0x00,
    0x0B, 0xC0, 0x00, 0x00, 0x0B, 0xC0, 0x00, 0x00, 0x0F, 0xC0, 0x00, 0x00, 0x0F, 0xC0, 0x00, 0x00,
    0x00, 0x00, 0x00, 0x00, 0x00, 0x6F, 0xE8, 0x00, 0x00, 0x0B, 0xFF, 0xFF, 0xC0, 0x00, 0x3F, 0xF9,
    0x6F, 0xF0, 0x00, 0xFF, 0x40, 0x03, 0xFC, 0x03, 0xFC, 0x00, 0x02, 0xFC, 0x07, 0xF4, 0x00, 0x03,
    0xFD, 0x0F, 0xF0, 0x00, 0x03, 0xFC, 0x1F, 0xD0, 0x00, 0x00, 0x50, 0x2F, 0xC0, 0x00, 0x00, 0x00,
    0x3F, 0xC0, 0x00, 0x00, 0x00, 0x3F, 0xC0, 0x00, 0x00, 0x00, 0x3F, 0xC0, 0x00, 0x00, 0x00, 0x3F,
    0xC0, 0x00, 0x00, 0x00, 0x3F, 0xC0, 0x00, 0x00, 0x00, 0x3F, 0xC0, 0x00, 0x00, 0x00, 0x3F, 0xD0,
    0x00, 0x00, 0x00, 0x2F, 0xF0, 0x00, 0x00, 0x00, 0x0F, 0xF8, 0x00, 0x00, 0x00, 0x0F, 0xFE, 0x00,
    0x00, 0x00, 0x03, 0xFF, 0xE0, 0x00, 0x00, 0x01, 0xFF, 0xFF, 0x80, 0x00, 0x00, 0x3F, 0xFF, 0xF8,
    0x00, 0x00, 0x07, 0xFF, 0xFE, 0x00, 0x00, 0x00, 0x6F, 0xFF, 0x00, 0x00, 0x00, 0x01, 0xFF, 0x00,
    0x00, 0x00, 0x00, 0x7F, 0x00, 0x00, 0x00, 0x00, 0x3F, 0x00, 0x00, 0x00, 0x00, 0x3E, 0x00, 0x00,
    0x00, 0x00, 0xBC, 0x00, 0x00, 0x00, 0x01, 0xF4, 0x00, 0x00, 0x00, 0x00, 0xD0, 0x00, 0x00, 0x00,
    0x00, 0x00, 0x00, 0x00, 0x00, 0x00, 0x24, 0x00, 0x00, 0x00, 0x7C, 0x00, 0x00, 0x00, 0x7C, 0x00,
    0x00, 0x56, 0xFC, 0x00, 0x2F, 0xFF, 0xFC, 0x01, 0xFF, 0xFF, 0xF4, 0x07, 0xFF, 0xAA, 0x40, 0x0F,
    0xF4, 0x00, 0x00, 0x2F, 0xC0, 0x00, 0x00, 0x3F, 0x40, 0x00, 0x00, 0x3F, 0x00, 0x00, 0x00, 0x7F,
    0x00, 0x00, 0x00, 0x7F, 0x00, 0x00, 0x00, 0x7F, 0x00, 0x00, 0x00, 0x7F, 0x00, 0x00, 0x00, 0x7F,
    0x40, 0x00, 0x00, 0x3F, 0xC0, 0x00, 0x00, 0x2F, 0xF4, 0x00, 0x00, 0x0F, 0xFF, 0x40, 0x00, 0x03,
    0xFF, 0xF0, 0x00, 0x00, 0xBF, 0xFC, 0x00, 0x00, 0x0B, 0xFF, 0x00, 0x00, 0x00, 0xFF, 0x00, 0x00,
    0x00, 0x3F, 0x00, 0x00, 0x00, 0x2F, 0x00, 0x00, 0x00, 0x3E, 0x00, 0x00, 0x00, 0x3C, 0x00, 0x00,
    0x00, 0xF4, 0x00, 0x00, 0x00, 0x50, 0x00, 0x05, 0x55, 0x55, 0x55, 0x42, 0xFF, 0xFF, 0xFF, 0xFD,
    0x1B, 0xFF, 0xFF, 0xFF, 0xD0, 0x0F, 0xF0, 0x00, 0xBE, 0x00, 0xFF, 0x00, 0x03, 0xE0, 0x0F, 0xF0,
    0x00, 0x2E, 0x00, 0xFF, 0x00, 0x01, 0x90, 0x0F, 0xE0, 0x00, 0x00, 0x00, 0xFE, 0x00, 0x00, 0x00,
    0x0F, 0xE0, 0x00, 0x00, 0x00, 0xFE, 0x00, 0x00, 0x00, 0x0F, 0xFF, 0xFF, 0xC0, 0x00, 0xFF, 0xFF,
    0xFC, 0x00, 0x0F, 0xE5, 0x55, 0x40, 0x00, 0xFD, 0x00, 0x00, 0x00, 0x1F, 0xD0, 0x00, 0x00, 0x01,
    0xFD, 0x00, 0x00, 0x00, 0x1F, 0xD0, 0x00, 0x00, 0x01, 0xFC, 0x00, 0x00, 0x00, 0x1F, 0xC0, 0x00,
    0x00, 0x01, 0xFC, 0x00, 0x00, 0x00, 0x2F, 0xC0, 0x00, 0x00, 0x7F, 0xFF, 0xFC, 0x00, 0x07, 0xFF,
    0xFF, 0xC0, 0x00, 0x00, 0x00, 0x00, 0x00, 0x00, 0x01, 0xFF, 0xD0, 0x00, 0x0F, 0xFB, 0xF8, 0x00,
    0x3F, 0x40, 0xFC, 0x00, 0xBE, 0x00, 0xFD, 0x00, 0xFD, 0x02, 0xFC, 0x01, 0xFC, 0x00, 0xB4, 0x01,
    0xFC, 0x00, 0x00, 0x02, 0xFC, 0x00, 0x00, 0x02, 0xFC, 0x00, 0x00, 0x7F, 0xFF, 0xFE, 0x00, 0x7F,
    0xFF, 0xFE, 0x00, 0x03, 0xFC, 0x00, 0x00, 0x03, 0xFC, 0x00, 0x00, 0x03, 0xFC, 0x00, 0x00, 0x03,
    0xFC, 0x00, 0x00, 0x03, 0xF8, 0x00, 0x00, 0x03, 0xF8, 0x00, 0x00, 0x03, 0xF8, 0x00, 0x00, 0x03,
    0xF8, 0x00, 0x00, 0x03, 0xF8, 0x00, 0x00, 0x03, 0xF8, 0x00, 0x00, 0x03, 0xF4, 0x00, 0x00, 0x03,
    0xF4, 0x00, 0x00, 0x03, 0xF4, 0x00, 0x00, 0x03, 0xF4, 0x00, 0x00, 0x03, 0xF4, 0x00, 0x00, 0x00,
    0x2F, 0xD0, 0x00, 0x00, 0x3F, 0xFC, 0x00, 0x00, 0x0A, 0xFF, 0x40, 0x00, 0x00, 0x0F, 0xD0, 0x00,
    0x00, 0x07, 0xF0, 0x00, 0x00, 0x02, 0xF4, 0x00, 0x00, 0x01, 0xFC, 0x00, 0x00, 0x00, 0xFC, 0x00,
    0xB4, 0x00, 0xBD, 0x02, 0xFF, 0x00, 0x7E, 0x0B, 0xFF, 0x80, 0x3F, 0x2F, 0xFF, 0xC0, 0x2F, 0xBF,
    0xFF, 0xC0, 0x1F, 0xFF, 0xD7, 0xD0, 0x0F, 0xFF, 0x43, 0xE0, 0x07, 0xFD, 0x03, 0xF0, 0x00, 0xF4,
    0x02, 0xF4, 0x00, 0x00, 0x01, 0xF8, 0x00, 0x00, 0x00, 0xFC, 0x00, 0x00, 0x00, 0xBF, 0x00, 0x00,
    0x00, 0x3F, 0x80, 0x00, 0x00, 0x0F, 0xFA, 0x00, 0x00, 0x02, 0xFF, 0xD0, 0x00, 0x00, 0x2F, 0xD0,
    0x00, 0x00, 0x00, 0x00, 0x00, 0x00, 0x6E, 0x40, 0x00, 0x2F, 0xFC, 0x00, 0x01, 0xBF, 0xD0, 0x00,
    0x00, 0xFD, 0x00, 0x00, 0x1F, 0xC0, 0x00, 0x03, 0xF4, 0x00, 0x00, 0xFD, 0x00, 0x00, 0x2F, 0x80,
    0x00, 0x07, 0xE0, 0x00, 0x01, 0xFF, 0xAA, 0xA9, 0x3F, 0xFF, 0xFF, 0xC7, 0xFF, 0xFF, 0xF4, 0x00,
    0x00, 0xBE, 0x00, 0x00, 0x1F, 0xC0, 0x00, 0x07, 0xF0, 0x00, 0x00, 0xFC, 0x00, 0x00, 0x3F, 0x80,
    0x00, 0x07, 0xF0, 0x00, 0x00, 0xBF, 0x40, 0x00, 0x07, 0xFF, 0x80, 0x00, 0x2F, 0xE0, 0x00, 0x00,
    0x00, 0x00, 0x00, 0x05, 0x00, 0x00, 0x00, 0x00, 0x00, 0xFF, 0xF9, 0x00, 0x00, 0x00, 0x03, 0xFF,
    0xFF, 0xD0, 0x00, 0x00, 0x05, 0xAF, 0xFF, 0xF0, 0x00, 0x00, 0x00, 0x01, 0xFF, 0xF4, 0x00, 0x00,
    0x00, 0x00, 0xBF, 0xF4, 0x00, 0x00, 0x00, 0x0B, 0xFF, 0xF0, 0x00, 0x00, 0x00, 0xFF, 0xEF, 0xE0,
    0x00, 0x00, 0x1F, 0xF4, 0x2F, 0xD0, 0x00, 0x02, 0xFF, 0x00, 0x3F, 0x80, 0x00, 0x7F, 0xE0, 0x00,
    0xBF, 0x00, 0x0B, 0xFD, 0x00, 0x0B, 0xFD, 0x39, 0xFF, 0x80, 0x00, 0xFF, 0xF4, 0xBF, 0xF4, 0x00,
    0x1F, 0xFF, 0xE0, 0xFF, 0x00, 0x02, 0xFF, 0x2F, 0xC1, 0xF0, 0x00, 0x7F, 0xE0, 0xBF, 0x03, 0xC0,
    0x0B, 0xFD, 0x01, 0xFC, 0x02, 0x00, 0xFF, 0x80, 0x07, 0xF0, 0x07, 0xAF, 0xF4, 0x00, 0x2F, 0xC0,
    0x0F, 0xFF, 0x00, 0x00, 0xBF, 0x00, 0x1F, 0xE0, 0x00, 0x02, 0xF8, 0x00, 0x2E, 0x00, 0x00, 0x0B,
    0xE0, 0x00, 0x3C, 0x00, 0x00, 0x3F, 0x80, 0x00, 0x50, 0x00, 0x00, 0x58, 0x00, 0x24, 0x00, 0x00,
    0x00, 0x2F, 0xE0, 0x00, 0x00, 0x0B, 0xFF, 0x80, 0x00, 0x00, 0x0B, 0xFC, 0x00, 0x00, 0x00, 0x7F,
    0xC0, 0x00, 0x00, 0x03, 0xFC, 0x00, 0x00, 0x00, 0x3F, 0x80, 0x00, 0x00, 0x0B, 0xF4, 0x00, 0x00,
    0x6F, 0xFE, 0x00, 0x01, 0xFF, 0xFF, 0xCB, 0x1B, 0xFF, 0x83, 0xF5, 0xFF, 0xF9, 0x00, 0xFE, 0x3F,
    0xD0, 0x00, 0x2F, 0xCB, 0x40, 0x00, 0x0B, 0xF1, 0xC0, 0x00, 0x6F, 0xFC, 0x10, 0x02, 0xFF, 0xFF,
    0x0B, 0x1B, 0xFF, 0x6F, 0xC1, 0xFF, 0xF9, 0x07, 0xF0, 0x3F, 0xD0, 0x02, 0xF8, 0x0B, 0x40, 0x00,
    0xFD, 0x01, 0xC0, 0x00, 0x3F, 0x00, 0x10, 0x00, 0x0F, 0xC0, 0x00, 0x00, 0x07, 0xE0, 0x00, 0x00,
    0x03, 0xF4, 0x00, 0x00, 0x00, 0xFC, 0x00, 0x00, 0x00, 0x7E, 0x00, 0x00, 0x00, 0x00, 0x00, 0x00,
    0x00, 0x00, 0x00, 0x00, 0x01, 0xF8, 0x07, 0xE0, 0x00, 0x3F, 0xD0, 0xFF, 0x00, 0x03, 0xFD, 0x1F,
    0xF0, 0x00, 0x3F, 0xC0, 0xFE, 0x00, 0x00, 0x50, 0x01, 0x40, 0x00, 0x00, 0x00, 0x00, 0x00, 0x00,
    0x00, 0x00, 0x00, 0x05, 0x55, 0x55, 0x55, 0x42, 0xFF, 0xFF, 0xFF, 0xFD, 0x1B, 0xFF, 0xFF, 0xFF,
    0xD0, 0x0F, 0xF0, 0x00, 0xBE, 0x00, 0xFF, 0x00, 0x03, 0xE0, 0x0F, 0xF0, 0x00, 0x2E, 0x00, 0xFE,
    0x00, 0x01, 0x90, 0x0F, 0xE0, 0x00, 0x00, 0x00, 0xFE, 0x00, 0x00, 0x00, 0x0F, 0xE0, 0x00, 0x00,
    0x00, 0xFE, 0x00, 0x00, 0x00, 0x0F, 0xFF, 0xFF, 0xD0, 0x00, 0xFF, 0xFF, 0xFD, 0x00, 0x0F, 0xE0,
    0x00, 0x00, 0x00, 0xFD, 0x00, 0x00, 0x00, 0x1F, 0xD0, 0x00, 0x00, 0x01, 0xFD, 0x00, 0x00, 0x00,
    0x1F, 0xD0, 0x00, 0x05, 0x01, 0xFC, 0x00, 0x01, 0xF0, 0x1F, 0xC0, 0x00, 0x3E, 0x01, 0xFC, 0x00,
    0x07, 0xE0, 0x2F, 0xC0, 0x01, 0xFD, 0x3F, 0xFF, 0xFF, 0xFF, 0xD7, 0xFF, 0xFF, 0xFF, 0xFC, 0x15,
    0x55, 0x55, 0x55, 0x55, 0x00, 0x0F, 0xFF, 0xFF, 0xFF, 0xFF, 0xC0, 0x07, 0xFE, 0xAF, 0xFA, 0xAF,
    0xF0, 0x01, 0xF8, 0x03, 0xF8, 0x00, 0xFC, 0x00, 0xBC, 0x00, 0xFD, 0x00, 0x1F, 0x40, 0x2E, 0x00,
    0x3F, 0x40, 0x03, 0xD0, 0x0B, 0x40, 0x0F, 0xD0, 0x00, 0x50, 0x00, 0x00, 0x03, 0xF4, 0x00, 0x00,
    0x00, 0x00, 0x01, 0xFD, 0x00, 0x00, 0x00, 0x00, 0x00, 0x7F, 0x40, 0x55, 0x00, 0x00, 0x00, 0x1F,
    0xC6, 0xFF, 0xFD, 0x00, 0x00, 0x07, 0xFF, 0xFF, 0xFF, 0xE0, 0x00, 0x01, 0xFF, 0xD0, 0x0B, 0xFD,
    0x00, 0x00, 0xBF, 0x40, 0x00, 0x7F, 0x80, 0x00, 0x2F, 0xC0, 0x00, 0x0F, 0xF0, 0x00, 0x0B, 0xF0,
    0x00, 0x02, 0xFC, 0x00, 0x02, 0xFC, 0x00, 0x00, 0xBF, 0x00, 0x00, 0xBF, 0x00, 0x00, 0x2F, 0xC0,
    0x00, 0x2F, 0xC0, 0x00, 0x0B, 0xF0, 0x00, 0x0F, 0xF0, 0x00, 0x03, 0xF8, 0x00, 0x03, 0xFC, 0x00,
    0x00, 0xFD, 0x00, 0x00, 0xFF, 0x00, 0x00, 0x7F, 0x00, 0x0F, 0xFF, 0xFE, 0x00, 0x3F, 0x40, 0x03,
    0xFF, 0xFF, 0xC0, 0x2F, 0x80, 0x00, 0x00, 0x00, 0x00, 0x1F, 0x80, 0x00, 0x00, 0x00, 0x00, 0x1F,
    0x80, 0x00, 0x00, 0x00, 0x00, 0x0F, 0x80, 0x00, 0x00, 0x00, 0x00, 0x00, 0x00, 0x00, 0x00, 0x00,
    0x00, 0xF0, 0x00, 0x00, 0x00, 0x3F, 0x80, 0x00, 0x00, 0x1F, 0xF4, 0x00, 0x00, 0x07, 0xFD, 0x00,
    0x00, 0x01, 0xF9, 0x00, 0x00, 0x00, 0x18, 0x00, 0x00, 0x00, 0x00, 0x00, 0x00, 0x00, 0x55, 0x55,
    0x55, 0x54, 0x1F, 0xFF, 0xFF, 0xFF, 0xC0, 0xBF, 0xFA, 0xAB, 0xFC, 0x00, 0xBF, 0x00, 0x0F, 0xC0,
    0x0B, 0xF0, 0x00, 0x7D, 0x00, 0xFF, 0x00, 0x03, 0xD0, 0x0F, 0xF0, 0x00, 0x29, 0x00, 0xFF, 0x00,
    0x00, 0x00, 0x0F, 0xE0, 0x00, 0x00, 0x00, 0xFE, 0x00, 0x00, 0x00, 0x0F, 0xE0, 0x00, 0x00, 0x00,
    0xFE, 0x00, 0x00, 0x00, 0x0F, 0xE0, 0x00, 0x00, 0x00, 0xFE, 0x00, 0x00, 0x00, 0x0F, 0xD0, 0x00,
    0x00, 0x00, 0xFD, 0x00, 0x00, 0x00, 0x0F, 0xD0, 0x00, 0x00, 0x01, 0xFD, 0x00, 0x00, 0x00, 0x1F,
    0xD0, 0x00, 0x00, 0x01, 0xFC, 0x00, 0x00, 0x00, 0x1F, 0xC0, 0x00, 0x00, 0x02, 0xFC, 0x00, 0x00,
    0x07, 0xFF, 0xFF, 0xC0, 0x00, 0x7F, 0xFF, 0xFC, 0x00, 0x00, 0x00, 0x00, 0x6F, 0xE8, 0x00, 0x00,
    0x0B, 0xFF, 0xFF, 0x80, 0x00, 0x3F, 0xF9, 0x6F, 0xF0, 0x00, 0xFF, 0x40, 0x03, 0xFC, 0x03, 0xFC,
    0x00, 0x02, 0xFC, 0x07, 0xF4, 0x00, 0x03, 0xFD, 0x0F, 0xF0, 0x00, 0x03, 0xFC, 0x1F, 0xD0, 0x00,
    0x00, 0x50, 0x2F, 0xC0, 0x00, 0x00, 0x00, 0x3F, 0xC0, 0x00, 0x00, 0x00, 0x3F, 0xC0, 0x00, 0x54,
    0x00, 0x3F, 0xFF, 0xFF, 0xFE, 0x00, 0x3F, 0xFF, 0xFF, 0xFD, 0x00, 0x3F, 0xC0, 0x00, 0x00, 0x00,
    0x3F, 0xC0, 0x00, 0x00, 0x00, 0x3F, 0xC0, 0x00, 0x00, 0x00, 0x3F, 0xC0, 0x00, 0x00, 0x00, 0x2F,
    0xD0, 0x00, 0x00, 0x00, 0x0F, 0xF0, 0x00, 0x00, 0x20, 0x0F, 0xF4, 0x00, 0x00, 0xF8, 0x03, 0xFD,
    0x00, 0x03, 0xF4, 0x02, 0xFF, 0x90, 0x6F, 0xD0, 0x00, 0xBF, 0xFF, 0xFF, 0x40, 0x00, 0x0B, 0xFF,
    0xF8, 0x00, 0x00, 0x00, 0x55, 0x40, 0x00, 0x00, 0x06, 0xFE, 0x00, 0x00, 0xBF, 0xFF, 0xE0, 0x03,
    0xFD, 0x5B, 0xFC, 0x0B, 0xD0, 0x00, 0xFD, 0x0F, 0xC0, 0x00, 0xFD, 0x2F, 0x80, 0x02, 0xFD, 0x2F,
    0x80, 0x01, 0xF8, 0x2F, 0xC0, 0x00, 0x00, 0x1F, 0xF4, 0x00, 0x00, 0x0F, 0xFE, 0x00, 0x00, 0x07,
    0xFF, 0xD0, 0x00, 0x00, 0xFF, 0xFD, 0x00, 0x00, 0x2F, 0xFF, 0xC0, 0x00, 0x02, 0xFF, 0xF0, 0x00,
    0x00, 0x2F, 0xFC, 0x00, 0x00, 0x07, 0xFD, 0x00, 0x00, 0x01, 0xFD, 0x05, 0x00, 0x00, 0xFD, 0x3F,
    0xC0, 0x00, 0xFD, 0xBF, 0x80, 0x00, 0xFC, 0xBF, 0x40, 0x02, 0xF8, 0x7F, 0x80, 0x0F, 0xF0, 0x2F,
    0xFF, 0xFF, 0xC0, 0x07, 0xFF, 0xFD, 0x00, 0x00, 0x15, 0x40, 0x00, 0x05, 0x55, 0x54, 0xBF, 0xFF,
    0xF1, 0xBF, 0xFE, 0x40, 0x3F, 0xC0, 0x00, 0xFF, 0x00, 0x03, 0xFC, 0x00, 0x0F, 0xF0, 0x00, 0x3F,
    0x80, 0x00, 0xFE, 0x00, 0x03, 0xF8, 0x00, 0x0F, 0xE0, 0x00, 0x3F, 0x80, 0x00, 0xFE, 0x00, 0x03,
    0xF4, 0x00, 0x0F, 0xD0, 0x00, 0x7F, 0x40, 0x01, 0xFD, 0x00, 0x07, 0xF4, 0x00, 0x1F, 0xD0, 0x00,
    0x7F, 0x00, 0x01, 0xFC, 0x00, 0x0B, 0xF4, 0x07, 0xFF, 0xFF, 0x1F, 0xFF, 0xFC, 0x00, 0x00, 0x00,
    0x07, 0xE0, 0x2F, 0x43, 0xFC, 0x1F, 0xF1, 0xFF, 0x07, 0xFC, 0x3F, 0x80, 0xFE, 0x01, 0x40, 0x05,
    0x00, 0x00, 0x00, 0x00, 0x00, 0x00, 0x00, 0x05, 0x55, 0x54, 0x0B, 0xFF, 0xFF, 0x01, 0xBF, 0xFE,
    0x40, 0x03, 0xFC, 0x00, 0x00, 0xFF, 0x00, 0x00, 0x3F, 0xC0, 0x00, 0x0F, 0xF0, 0x00, 0x03, 0xF8,
    0x00, 0x00, 0xFE, 0x00, 0x00, 0x3F, 0x80, 0x00, 0x0F, 0xE0, 0x00, 0x03, 0xF8, 0x00, 0x00, 0xFE,
    0x00, 0x00, 0x3F, 0x40, 0x00, 0x0F, 0xD0, 0x00, 0x07, 0xF4, 0x00, 0x01, 0xFD, 0x00, 0x00, 0x7F,
    0x40, 0x00, 0x1F, 0xD0, 0x00, 0x07, 0xF0, 0x00, 0x01, 0xFC, 0x00, 0x00, 0xBF, 0x40, 0x07, 0xFF,
    0xFF, 0x01, 0xFF, 0xFF, 0xC0, 0x15, 0x55, 0x54, 0xFF, 0xFF, 0xF1, 0xBF, 0xFE, 0x40, 0x3F, 0xC0,
    0x00, 0xFF, 0x00, 0x03, 0xFC, 0x00, 0x0F, 0xE0, 0x00, 0x3F, 0x80, 0x00, 0xFE, 0x00, 0x03, 0xF8,
    0x00, 0x0F, 0xE0, 0x00, 0x3F, 0x80, 0x00, 0xFE, 0x00, 0x03, 0xF4, 0x00, 0x0F, 0xD0, 0x00, 0x7F,
    0x40, 0x01, 0xFD, 0x00, 0x07, 0xF4, 0x00, 0x1F, 0xD0, 0x00, 0x7F, 0x40, 0x01, 0xFC, 0x00, 0x0B,
    0xF0, 0x00, 0x2F, 0xC0, 0x00, 0xBF, 0x00, 0x03, 0xFC, 0x00, 0x0F, 0xE0, 0x00, 0xBF, 0x00, 0x03,
    0xF4, 0x00, 0x2F, 0x80, 0x01, 0xF8, 0x00, 0x0F, 0x80, 0x00, 0x04, 0x00, 0x00, 0x00, 0x01, 0x55,
    0x55, 0x55, 0x55, 0x00, 0x00, 0x00, 0x0B, 0xFF, 0xFF, 0xFF, 0xFE, 0x00, 0x00, 0x00, 0x06, 0xFF,
    0xFF, 0xFF, 0xF9, 0x00, 0x00, 0x00, 0x00, 0x3D, 0x00, 0x3F, 0xC0, 0x00, 0x00, 0x00, 0x00, 0x3D,
    0x00, 0x3F, 0x80, 0x00, 0x00, 0x00, 0x00, 0x3C, 0x00, 0x3F, 0x80, 0x00, 0x00, 0x00, 0x00, 0x3C,
    0x00, 0x3F, 0x80, 0x00, 0x00, 0x00, 0x00, 0x7C, 0x00, 0x3F, 0x80, 0x00, 0x00, 0x00, 0x00, 0x7C,
    0x00, 0x3F, 0x80, 0x00, 0x00, 0x00, 0x00, 0xBC, 0x00, 0x3F, 0x80, 0x00, 0x00, 0x00, 0x00, 0xB8,
    0x00, 0x3F, 0x85, 0x54, 0x00, 0x00, 0x00, 0xF4, 0x00, 0x3F, 0x5F, 0xFF, 0x80, 0x00, 0x00, 0xF4,
    0x00, 0x7F, 0x5A, 0xBF, 0xF0, 0x00, 0x00, 0xF0, 0x00, 0x7F, 0x40, 0x07, 0xFC, 0x00, 0x01, 0xF0,
    0x00, 0x7F, 0x40, 0x02, 0xFD, 0x00, 0x02, 0xF0, 0x00, 0x7F, 0x40, 0x01, 0xFE, 0x00, 0x03, 0xE0,
    0x00, 0x7F, 0x40, 0x00, 0xFE, 0x00, 0x03, 0xD0, 0x00, 0x7F, 0x00, 0x01, 0xFE, 0x00, 0x07, 0xC0,
    0x00, 0xBF, 0x00, 0x01, 0xFD, 0x1D, 0x0F, 0x80, 0x00, 0xBF, 0x00, 0x03, 0xFC, 0x7F, 0x1F, 0x00,
    0x00, 0xBF, 0x00, 0x07, 0xF8, 0xBF, 0xFE, 0x00, 0x00, 0xBF, 0x00, 0x6F, 0xE0, 0x7F, 0xFC, 0x00,
    0x1F, 0xFF, 0xFF, 0xFF, 0x40, 0x2F, 0xF0, 0x00, 0x2F, 0xFF, 0xFF, 0xE4, 0x00, 0x01, 0x40, 0x00,
    0x00, 0x00, 0x00, 0x00, 0x00, 0x05, 0x55, 0x54, 0x01, 0x55, 0x55, 0x00, 0x00, 0x2F, 0xFF, 0xF8,
    0x07, 0xFF, 0xFF, 0x00, 0x00, 0x1B, 0xFF, 0xE4, 0x02, 0xFF, 0xF9, 0x00, 0x00, 0x00, 0xFF, 0x00,
    0x00, 0x2F, 0xC0, 0x00, 0x00, 0x00, 0xFF, 0x00, 0x00, 0x2F, 0xC0, 0x00, 0x00, 0x00, 0xFF, 0x00,
    0x00, 0x2F, 0xC0, 0x00, 0x00, 0x00, 0xFF, 0x00, 0x00, 0x3F, 0xC0, 0x00, 0x00, 0x00, 0xFE, 0x00,
    0x00, 0x3F, 0xC0, 0x00, 0x00, 0x00, 0xFE, 0x00, 0x00, 0x3F, 0xC0, 0x00, 0x00, 0x00, 0xFE, 0x00,
    0x00, 0x3F, 0xC0, 0x00, 0x00, 0x00, 0xFE, 0x00, 0x00, 0x3F, 0x85, 0x54, 0x00, 0x00, 0xFF, 0xFF,
    0xFF, 0xFF, 0x8F, 0xFF, 0xD0, 0x00, 0xFF, 0xFF, 0xFF, 0xFF, 0x8A, 0xAF, 0xF4, 0x00, 0xFE, 0x00,
    0x00, 0x7F, 0x80, 0x03, 0xFC, 0x01, 0xFD, 0x00, 0x00, 0x3F, 0x80, 0x01, 0xFE, 0x01, 0xFD, 0x00,
    0x00, 0x3F, 0x80, 0x00, 0xFF, 0x01, 0xFD, 0x00, 0x00, 0x3F, 0x40, 0x00, 0xFF, 0x01, 0xFD, 0x00,
    0x00, 0x3F, 0x40, 0x00, 0xFF, 0x01, 0xFD, 0x00, 0x00, 0x7F, 0x40, 0x00, 0xFE, 0x01, 0xFC, 0x00,
    0x00, 0x7F, 0x40, 0x02, 0xFD, 0x02, 0xFC, 0x00, 0x00, 0x7F, 0x40, 0x07, 0xFC, 0x02, 0xFD, 0x00,
    0x00, 0x7F, 0x40, 0x6F, 0xF0, 0x3F, 0xFF, 0xF0, 0x0F, 0xFF, 0xFF, 0xFF, 0x80, 0x7F, 0xFF, 0xF0,
    0x1F, 0xFF, 0xFF, 0xE4, 0x00, 0x15, 0x55, 0x55, 0x55, 0x55, 0x00, 0x00, 0x3F, 0xFF, 0xFF, 0xFF,
    0xFF, 0x00, 0x00, 0x7F, 0xEA, 0xFF, 0xAA, 0xFF, 0x00, 0x00, 0x7D, 0x00, 0xFE, 0x00, 0x3F, 0x00,
    0x00, 0xBC, 0x00, 0xFD, 0x00, 0x1F, 0x40, 0x00, 0xB8, 0x01, 0xFD, 0x00, 0x0F, 0x40, 0x00, 0xB4,
    0x01, 0xFD, 0x00, 0x05, 0x00, 0x00, 0x00, 0x01, 0xFD, 0x00, 0x00, 0x00, 0x00, 0x00, 0x01, 0xFD,
    0x00, 0x00, 0x00, 0x00, 0x00, 0x01, 0xFD, 0x06, 0xFF, 0xD0, 0x00, 0x00, 0x01, 0xFD, 0x7F, 0xFF,
    0xFC, 0x00, 0x00, 0x01, 0xFF, 0xFE, 0x57, 0xFE, 0x00, 0x00, 0x02, 0xFF, 0x80, 0x00, 0xFF, 0x00,
    0x00, 0x02, 0xFD, 0x00, 0x00, 0x7F, 0x40, 0x00, 0x02, 0xFC, 0x00, 0x00, 0x3F, 0x40, 0x00, 0x02,
    0xFC, 0x00, 0x00, 0x3F, 0x40, 0x00, 0x02, 0xFC, 0x00, 0x00, 0x3F, 0x40, 0x00, 0x02, 0xFC, 0x00,
    0x00, 0x7F, 0x40, 0x00, 0x03, 0xFC, 0x00, 0x00, 0x7F, 0x40, 0x00, 0x03, 0xFC, 0x00, 0x00, 0x7F,
    0x40, 0x00, 0x03, 0xFC, 0x00, 0x00, 0x7F, 0x00, 0x00, 0x03, 0xFC, 0x00, 0x00, 0xBF, 0x40, 0x00,
    0xBF, 0xFF, 0xD0, 0x0F, 0xFF, 0xFC, 0x00, 0xFF, 0xFF, 0xD0, 0x1F, 0xFF, 0xFC, 0x00, 0x00, 0x00,
    0x0B, 0x80, 0x00, 0x00, 0x00, 0x00, 0x2F, 0xC0, 0x00, 0x00, 0x00, 0x00, 0xBF, 0xC0, 0x00, 0x00,
    0x00, 0x03, 0xFE, 0x00, 0x00, 0x00, 0x00, 0x0F, 0xE0, 0x00, 0x00, 0x00, 0x00, 0x0D, 0x00, 0x00,
    0x00, 0x00, 0x00, 0x00, 0x00, 0x00, 0x00, 0x05, 0x55, 0x54, 0x00, 0x1A, 0x00, 0x1F, 0xFF, 0xFC,
    0x00, 0xFF, 0xC0, 0x0B, 0xFF, 0xE4, 0x02, 0xFF, 0xC0, 0x00, 0xBF, 0x00, 0x03, 0xFF, 0xC0, 0x00,
    0xBF, 0x00, 0x0B, 0x87, 0x40, 0x00, 0xFF, 0x00, 0x0F, 0x00, 0x00, 0x00, 0xFF, 0x00, 0x2E, 0x00,
    0x00, 0x00, 0xFF, 0x00, 0x3C, 0x00, 0x00, 0x00, 0xFE, 0x00, 0xB8, 0x00, 0x00, 0x00, 0xFE, 0x02,
    0xF0, 0x00, 0x00, 0x00, 0xFE, 0x1F, 0xC0, 0x00, 0x00, 0x00, 0xFE, 0xBF, 0x40, 0x00, 0x00, 0x00,
    0xFE, 0x6F, 0xF8, 0x00, 0x00, 0x00, 0xFE, 0x02, 0xFE, 0x00, 0x00, 0x00, 0xFD, 0x00, 0xBF, 0x40,
    0x00, 0x00, 0xFD, 0x00, 0x3F, 0xC0, 0x00, 0x01, 0xFD, 0x00, 0x3F, 0xC0, 0x00, 0x01, 0xFD, 0x00,
    0x1F, 0xE0, 0x00, 0x01, 0xFD, 0x00, 0x0F, 0xF0, 0x00, 0x01, 0xFD, 0x00, 0x0B, 0xF4, 0x00, 0x01,
    0xFD, 0x00, 0x03, 0xFC, 0x00, 0x02, 0xFD, 0x00, 0x03, 0xFE, 0x04, 0x3F, 0xFF, 0xF4, 0x01, 0xFF,
    0xFC, 0x7F, 0xFF, 0xF4, 0x00, 0xBF, 0xF0, 0x00, 0x00, 0x00, 0x00, 0x05, 0x40, 0x00, 0x00, 0x2C,
    0x00, 0x00, 0x00, 0x00, 0x00, 0x1F, 0xC0, 0x00, 0x00, 0x00, 0x00, 0x07, 0xFD, 0x00, 0x00, 0x00,
    0x00, 0x00, 0x7F, 0xD0, 0x00, 0x00, 0x00, 0x00, 0x01, 0xFE, 0x00, 0x00, 0x00, 0x00, 0x00, 0x02,
    0x80, 0x00, 0x00, 0x00, 0x00, 0x00, 0x00, 0x00, 0x00, 0x15, 0x55, 0x50, 0x05, 0x55, 0x54, 0x2F,
    0xFF, 0xF8, 0x03, 0xFF, 0xFF, 0x06, 0xFF, 0xF9, 0x00, 0xAF, 0xFE, 0x40, 0x0F, 0xF0, 0x00, 0x01,
    0xFD, 0x00, 0x03, 0xFC, 0x00, 0x00, 0x7F, 0x00, 0x00, 0xFF, 0x00, 0x00, 0x1F, 0xC0, 0x00, 0x3F,
    0xC0, 0x00, 0x0F, 0xF0, 0x00, 0x0F, 0xE0, 0x00, 0x1F, 0xFC, 0x00, 0x03, 0xF8, 0x00, 0x1F, 0xFF,
    0x00, 0x00, 0xFE, 0x00, 0x1F, 0xEF, 0xC0, 0x00, 0x3F, 0x80, 0x1F, 0xCB, 0xF0, 0x00, 0x0F, 0xE0,
    0x1F, 0x82, 0xFC, 0x00, 0x03, 0xF8, 0x1F, 0x80, 0xBF, 0x00, 0x00, 0xFD, 0x1F, 0x80, 0x3F, 0xC0,
    0x00, 0x7F, 0x5F, 0x80, 0x0F, 0xF0, 0x00, 0x1F, 0xEF, 0x80, 0x03, 0xFC, 0x00, 0x07, 0xFF, 0x80,
    0x00, 0xFF, 0x00, 0x01, 0xFF, 0x80, 0x00, 0x3F, 0x80, 0x00, 0x7F, 0x80, 0x00, 0x0F, 0xE0, 0x00,
    0x1F, 0xC0, 0x00, 0x03, 0xF8, 0x00, 0x0B, 0xF0, 0x00, 0x00, 0xFE, 0x00, 0x02, 0xFD, 0x00, 0x00,
    0x3F, 0x80, 0x0F, 0xFF, 0xFC, 0x02, 0xFF, 0xFF, 0x87, 0xFF, 0xFF, 0x00, 0xFF, 0xFF, 0xE0, 0x00,
    0x00, 0x14, 0x00, 0x00, 0x00, 0x00, 0x03, 0xF0, 0x00, 0x80, 0x00, 0x00, 0x2F, 0xC0, 0x1F, 0x40,
    0x00, 0x00, 0xBF, 0x9B, 0xF4, 0x00, 0x00, 0x00, 0xFF, 0xFE, 0x00, 0x00, 0x00, 0x00, 0x6A, 0x40,
    0x00, 0x00, 0x00, 0x00, 0x00, 0x00, 0x00, 0x05, 0x55, 0x54, 0x00, 0x55, 0x55, 0x3F, 0xFF, 0xF0,
    0x03, 0xFF, 0xFC, 0xAF, 0xFE, 0x40, 0x06, 0xFF, 0x90, 0x1F, 0xD0, 0x00, 0x02, 0xF0, 0x00, 0x3F,
    0xC0, 0x00, 0x0F, 0x40, 0x00, 0xBF, 0x40, 0x00, 0x7C, 0x00, 0x00, 0xFF, 0x00, 0x03, 0xE0, 0x00,
    0x02, 0xFC, 0x00, 0x0F, 0x00, 0x00, 0x03, 0xF8, 0x00, 0xB8, 0x00, 0x00, 0x0B, 0xF0, 0x03, 0xD0,
    0x00, 0x00, 0x1F, 0xD0, 0x1F, 0x00, 0x00, 0x00, 0x3F, 0xC0, 0xF4, 0x00, 0x00, 0x00, 0x7F, 0x47,
    0xC0, 0x00, 0x00, 0x00, 0xFE, 0x3E, 0x00, 0x00, 0x00, 0x01, 0xFD, 0xF0, 0x00, 0x00, 0x00, 0x03,
    0xFF, 0x80, 0x00, 0x00, 0x00, 0x0B, 0xFC, 0x00, 0x00, 0x00, 0x00, 0x0F, 0xE0, 0x00, 0x00, 0x00,
    0x00, 0x2F, 0x00, 0x00, 0x00, 0x0B, 0x00, 0xF4, 0x00, 0x00, 0x00, 0xFD, 0x0B, 0xC0, 0x00, 0x00,
    0x03, 0xFD, 0xBC, 0x00, 0x00, 0x00, 0x0F, 0xFF, 0xD0, 0x00, 0x00, 0x00, 0x1F, 0xFC, 0x00, 0x00,
    0x00, 0x00, 0x05, 0x00, 0x00, 0x00, 0x00, 0x15, 0x55, 0x54, 0x01, 0x55, 0x55, 0x0F, 0xFF, 0xFE,
    0x01, 0xFF, 0xFF, 0xC1, 0xAF, 0xFA, 0x40, 0x2B, 0xFF, 0x90, 0x03, 0xFC, 0x00, 0x00, 0x7F, 0x40,
    0x00, 0xFF, 0x00, 0x00, 0x1F, 0xC0, 0x00, 0x3F, 0xC0, 0x00, 0x0B, 0xF0, 0x00, 0x0F, 0xE0, 0x00,
    0x02, 0xFC, 0x00, 0x03, 0xF8, 0x00, 0x00, 0xBF, 0x00, 0x00, 0xFE, 0x00, 0x00, 0x2F, 0xC0, 0x00,
    0x3F, 0x80, 0x00, 0x0B, 0xF0, 0x00, 0x0F, 0xE0, 0x00, 0x02, 0xFC, 0x00, 0x03, 0xF8, 0x00, 0x00,
    0xBF, 0x00, 0x00, 0xFD, 0x00, 0x00, 0x3F, 0xC0, 0x00, 0x3F, 0x40, 0x00, 0x0F, 0xF0, 0x00, 0x0F,
    0xD0, 0x00, 0x03, 0xFC, 0x00, 0x07, 0xF4, 0x00, 0x00, 0xFF, 0x00, 0x01, 0xFD, 0x00, 0x00, 0x3F,
    0xC0, 0x00, 0x7F, 0x40, 0x00, 0x0F, 0xE0, 0x00, 0x1F, 0xC0, 0x00, 0x03, 0xF8, 0x00, 0x07, 0xF0,
    0x00, 0x00, 0xFE, 0x00, 0x01, 0xFC, 0x00, 0x00, 0x3F, 0x80, 0x00, 0xBF, 0x40, 0x00, 0x1F, 0xE0,
    0x07, 0xFF, 0xFF, 0xFF, 0xFF, 0xFF, 0xE1, 0xFF, 0xFF, 0xFF, 0xFF, 0xFF, 0xF8, 0x00, 0x00, 0x0B,
    0xF0, 0x00, 0x00, 0x00, 0x00, 0x01, 0xF8, 0x00, 0x00, 0x00, 0x00, 0x00, 0x7D, 0x00, 0x00, 0x00,
    0x00, 0x00, 0x0F, 0x00, 0x00, 0x00, 0x00, 0x00, 0x03, 0xC0, 0x00, 0x00, 0x00, 0x00, 0x00, 0x00,
    0x00, 0x00, 0x00, 0x00, 0x00, 0x00, 0x54, 0x00, 0x00, 0x00, 0x00, 0x0B, 0xFC, 0x00, 0x00, 0x00,
    0x00, 0x0F, 0xFD, 0x00, 0x00, 0x00, 0x00, 0x0F, 0xFE, 0x00, 0x00, 0x00, 0x00, 0x2E, 0xFF, 0x00,
    0x00, 0x00, 0x00, 0x3C, 0xBF, 0x00, 0x00, 0x00, 0x00, 0x7C, 0x7F, 0x40, 0x00, 0x00, 0x00, 0xB4,
    0x3F, 0x80, 0x00, 0x00, 0x00, 0xF0, 0x3F, 0xC0, 0x00, 0x00, 0x01, 0xF0, 0x2F, 0xD0, 0x00, 0x00,
    0x03, 0xD0, 0x1F, 0xE0, 0x00, 0x00, 0x03, 0xC0, 0x0F, 0xF0, 0x00, 0x00, 0x0B, 0xC0, 0x0F, 0xF0,
    0x00, 0x00, 0x0F, 0x40, 0x0B, 0xF4, 0x00, 0x00, 0x0F, 0xAA, 0xAF, 0xF8, 0x00, 0x00, 0x2F, 0xFF,
    0xFF, 0xFC, 0x00, 0x00, 0x3E, 0x55, 0x57, 0xFC, 0x00, 0x00, 0x7C, 0x00, 0x01, 0xFE, 0x00, 0x00,
    0xB8, 0x00, 0x00, 0xFF, 0x00, 0x00, 0xF4, 0x00, 0x00, 0xFF, 0x00, 0x01, 0xF0, 0x00, 0x00, 0xBF,
    0x40, 0x03, 0xE0, 0x00, 0x00, 0xBF, 0x80, 0x7F, 0xFF, 0x40, 0x0F, 0xFF, 0xFD, 0xBF, 0xFF, 0x40,
    0x0F, 0xFF, 0xFD, 0x05, 0x55, 0x55, 0x55, 0x40, 0x1F, 0xFF, 0xFF, 0xFF, 0xD0, 0x0B, 0xFF, 0xFF,
    0xFF, 0xD0, 0x00, 0xBF, 0x00, 0x0F, 0xD0, 0x00, 0xBF, 0x00, 0x03, 0xE0, 0x00, 0xBF, 0x00, 0x03,
    0xE0, 0x00, 0xBF, 0x00, 0x01, 0x90, 0x00, 0xFF, 0x00, 0x00, 0x00, 0x00, 0xFF, 0x00, 0x00, 0x00,
    0x00, 0xFF, 0x00, 0x00, 0x00, 0x00, 0xFF, 0x15, 0x54, 0x00, 0x00, 0xFE, 0x3F, 0xFF, 0x80, 0x00,
    0xFE, 0x2A, 0xBF, 0xF0, 0x00, 0xFE, 0x00, 0x0B, 0xF8, 0x00, 0xFE, 0x00, 0x03, 0xFC, 0x00, 0xFE,
    0x00, 0x02, 0xFC, 0x00, 0xFE, 0x00, 0x02, 0xFD, 0x00, 0xFE, 0x00, 0x02, 0xFC, 0x00, 0xFD, 0x00,
    0x03, 0xFC, 0x01, 0xFD, 0x00, 0x07, 0xF8, 0x01, 0xFD, 0x00, 0x0F, 0xF0, 0x01, 0xFD, 0x01, 0xBF,
    0xD0, 0x7F, 0xFF, 0xFF, 0xFE, 0x00, 0x7F, 0xFF, 0xFF, 0x90, 0x00, 0x05, 0x55, 0x55, 0x00, 0x00,
    0x1F, 0xFF, 0xFF, 0xFE, 0x00, 0x0A, 0xFF, 0xAB, 0xFF, 0xC0, 0x00, 0xBF, 0x00, 0x2F, 0xF0, 0x00,
    0xBF, 0x00, 0x0F, 0xF0, 0x00, 0xBF, 0x00, 0x0B, 0xF4, 0x00, 0xBF, 0x00, 0x07, 0xF4, 0x00, 0xBF,
    0x00, 0x0B, 0xF0, 0x00, 0xFF, 0x00, 0x0F, 0xD0, 0x00, 0xFF, 0x00, 0x2F, 0x80, 0x00, 0xFF, 0x01,
    0xFD, 0x00, 0x00, 0xFE, 0x2F, 0xF0, 0x00, 0x00, 0xFE, 0x3F, 0xFF, 0x40, 0x00, 0xFE, 0x00, 0x1F,
    0xF0, 0x00, 0xFE, 0x00, 0x07, 0xF8, 0x00, 0xFE, 0x00, 0x03, 0xFC, 0x00, 0xFE, 0x00, 0x02, 0xFD,
    0x00, 0xFE, 0x00, 0x02, 0xFD, 0x00, 0xFD, 0x00, 0x02, 0xFC, 0x01, 0xFD, 0x00, 0x03, 0xFC, 0x01,
    0xFD, 0x00, 0x0F, 0xF4, 0x01, 0xFD, 0x01, 0xBF, 0xD0, 0x3F, 0xFF, 0xFF, 0xFF, 0x00, 0x7F, 0xFF,
    0xFF, 0x90, 0x00, 0x05, 0x55, 0x55, 0x55, 0x41, 0xFF, 0xFF, 0xFF, 0xFC, 0x0B, 0xFF, 0xAA, 0xBF,
    0xC0, 0x0B, 0xF0, 0x00, 0xFC, 0x00, 0xBF, 0x00, 0x07, 0xD0, 0x0F, 0xF0, 0x00, 0x3D, 0x00, 0xFF,
    0x00, 0x02, 0x90, 0x0F, 0xF0, 0x00, 0x00, 0x00, 0xFE, 0x00, 0x00, 0x00, 0x0F, 0xE0, 0x00, 0x00,
    0x00, 0xFE, 0x00, 0x00, 0x00, 0x0F, 0xE0, 0x00, 0x00, 0x00, 0xFE, 0x00, 0x00, 0x00, 0x0F, 0xE0,
    0x00, 0x00, 0x00, 0xFD, 0x00, 0x00, 0x00, 0x0F, 0xD0, 0x00, 0x00, 0x00, 0xFD, 0x00, 0x00, 0x00,
    0x1F, 0xD0, 0x00, 0x00, 0x01, 0xFD, 0x00, 0x00, 0x00, 0x1F, 0xC0, 0x00, 0x00, 0x01, 0xFC, 0x00,
    0x00, 0x00, 0x2F, 0xC0, 0x00, 0x00, 0x7F, 0xFF, 0xFC, 0x00, 0x07, 0xFF, 0xFF, 0xC0, 0x00, 0x00,
    0x15, 0x55, 0x55, 0x55, 0x54, 0x00, 0xFF, 0xFF, 0xFF, 0xFF, 0xF0, 0x01, 0xBF, 0xFF, 0xFF, 0xFE,
    0x40, 0x00, 0x7C, 0x00, 0x2F, 0xC0, 0x00, 0x01, 0xF0, 0x00, 0xBF, 0x00, 0x00, 0x07, 0xC0, 0x03,
    0xFC, 0x00, 0x00, 0x2F, 0x00, 0x0F, 0xF0, 0x00, 0x00, 0xBC, 0x00, 0x3F, 0xC0, 0x00, 0x02, 0xF0,
    0x00, 0xFF, 0x00, 0x00, 0x0F, 0x80, 0x03, 0xF8, 0x00, 0x00, 0x3E, 0x00, 0x0F, 0xE0, 0x00, 0x00,
    0xF4, 0x00, 0x3F, 0x80, 0x00, 0x03, 0xC0, 0x00, 0xFE, 0x00, 0x00, 0x1F, 0x00, 0x03, 0xF8, 0x00,
    0x00, 0xBC, 0x00, 0x0F, 0xE0, 0x00, 0x03, 0xE0, 0x00, 0x3F, 0x40, 0x00, 0x0F, 0x40, 0x00, 0xFD,
    0x00, 0x00, 0x7C, 0x00, 0x07, 0xF4, 0x00, 0x02, 0xF0, 0x00, 0x1F, 0xD0, 0x00, 0x0F, 0x40, 0x00,
    0x7F, 0x40, 0x00, 0xBC, 0x00, 0x01, 0xFD, 0x00, 0x07, 0xE0, 0x00, 0x0B, 0xF4, 0x07, 0xFF, 0xFF,
    0xFF, 0xFF, 0xFF, 0xDF, 0xFF, 0xFF, 0xFF, 0xFF, 0xFF, 0x7F, 0x00, 0x00, 0x00, 0x02, 0xF9, 0xF8,
    0x00, 0x00, 0x00, 0x03, 0xE7, 0xC0, 0x00, 0x00, 0x00, 0x0F, 0x5F, 0x00, 0x00, 0x00, 0x00, 0x3D,
    0x7C, 0x00, 0x00, 0x00, 0x00, 0xF0, 0x00, 0x00, 0x00, 0x00, 0x00, 0x40, 0x05, 0x55, 0x55, 0x55,
    0x42, 0xFF, 0xFF, 0xFF, 0xFD, 0x1B, 0xFF, 0xFF, 0xFF, 0xD0, 0x0F, 0xF0, 0x00, 0xBE, 0x00, 0xFF,
    0x00, 0x03, 0xE0, 0x0F, 0xF0, 0x00, 0x2E, 0x00, 0xFE, 0x00, 0x01, 0x90, 0x0F, 0xE0, 0x00, 0x00,
    0x00, 0xFE, 0x00, 0x00, 0x00, 0x0F, 0xE0, 0x00, 0x00, 0x00, 0xFE, 0x00, 0x00, 0x00, 0x0F, 0xFF,
    0xFF, 0xD0, 0x00, 0xFF, 0xFF, 0xFD, 0x00, 0x0F, 0xE0, 0x00, 0x00, 0x00, 0xFD, 0x00, 0x00, 0x00,
    0x1F, 0xD0, 0x00, 0x00, 0x01, 0xFD, 0x00, 0x00, 0x00, 0x1F, 0xD0, 0x00, 0x05, 0x01, 0xFC, 0x00,
    0x01, 0xF0, 0x1F, 0xC0, 0x00, 0x3E, 0x01, 0xFC, 0x00, 0x07, 0xE0, 0x2F, 0xC0, 0x01, 0xFD, 0x3F,
    0xFF, 0xFF, 0xFF, 0xD7, 0xFF, 0xFF, 0xFF, 0xFC, 0x00, 0x68, 0x00, 0x05, 0x55, 0x54, 0x00, 0x29,
    0x00, 0x07, 0xFC, 0x00, 0xBF, 0xFF, 0xF0, 0x07, 0xFD, 0x00, 0x2F, 0xFC, 0x01, 0xBF, 0xFE, 0x40,
    0x3F, 0xFC, 0x00, 0xBF, 0xF4, 0x00, 0x3F, 0xC0, 0x02, 0xFF, 0xE0, 0x00, 0xC2, 0xE0, 0x00, 0xFF,
    0x00, 0x0F, 0x0B, 0x00, 0x00, 0x03, 0xC0, 0x03, 0xFC, 0x00, 0x78, 0x00, 0x00, 0x00, 0x0B, 0x40,
    0x0F, 0xE0, 0x03, 0xC0, 0x00, 0x00, 0x00, 0x1F, 0x00, 0x3F, 0x80, 0x1E, 0x00, 0x00, 0x00, 0x00,
    0x3E, 0x00, 0xFE, 0x00, 0xF0, 0x00, 0x00, 0x00, 0x00, 0x7D, 0x03, 0xF8, 0x0F, 0x80, 0x00, 0x00,
    0x00, 0x00, 0x7E, 0x5F, 0xE5, 0xF8, 0x00, 0x00, 0x00, 0x00, 0x00, 0xBF, 0xFF, 0xFF, 0xD0, 0x00,
    0x00, 0x00, 0x00, 0x2F, 0xFA, 0xFF, 0xAF, 0xF4, 0x00, 0x00, 0x00, 0x02, 0xFD, 0x03, 0xF4, 0x0B,
    0xF8, 0x00, 0x00, 0x00, 0x1F, 0xE0, 0x1F, 0xD0, 0x0F, 0xF0, 0x00, 0x00, 0x00, 0xFF, 0x00, 0x7F,
    0x40, 0x1F, 0xE0, 0x00, 0x00, 0x07, 0xF8, 0x01, 0xFD, 0x00, 0x3F, 0xC0, 0x00, 0x00, 0x3F, 0xC0,
    0x07, 0xF4, 0x00, 0xBF, 0x80, 0x00, 0x02, 0xFE, 0x00, 0x1F, 0xD0, 0x00, 0xFF, 0x00, 0x00, 0x0F,
    0xF0, 0x00, 0x7F, 0x00, 0x03, 0xFD, 0x00, 0x00, 0xBF, 0x80, 0x02, 0xFC, 0x00, 0x07, 0xF8, 0x01,
    0x47, 0xFC, 0x00, 0x0B, 0xF4, 0x00, 0x0F, 0xF4, 0x4B, 0xFF, 0xE0, 0x07, 0xFF, 0xFF, 0x00, 0x1F,
    0xFF, 0x8B, 0xFE, 0x00, 0x1F, 0xFF, 0xFC, 0x00, 0x2F, 0xF8, 0x01, 0x40, 0x00, 0x00, 0x00, 0x00,
    0x00, 0x05, 0x00, 0x00, 0x06, 0xFE, 0x80, 0x00, 0x1F, 0xFF, 0xFD, 0x00, 0x2F, 0xEA, 0xFF, 0xD0,
    0x2F, 0x80, 0x0B, 0xFC, 0x0F, 0x80, 0x00, 0xFF, 0x02, 0x80, 0x00, 0x2F, 0xC0, 0x00, 0x00, 0x0B,
    0xF0, 0x00, 0x00, 0x03, 0xFC, 0x00, 0x00, 0x01, 0xFC, 0x00, 0x00, 0x01, 0xFD, 0x00, 0x00, 0x5B,
    0xF8, 0x00, 0x02, 0xFF, 0xF4, 0x00, 0x00, 0xFF, 0xFF, 0xF8, 0x00, 0x00, 0x01, 0xFF, 0x80, 0x00,
    0x00, 0x0F, 0xF4, 0x00, 0x00, 0x01, 0xFE, 0x00, 0x00, 0x00, 0x3F, 0xCB, 0x80, 0x00, 0x0F, 0xFB,
    0xF8, 0x00, 0x03, 0xFB, 0xFD, 0x00, 0x02, 0xFC, 0xBF, 0x00, 0x01, 0xFE, 0x1F, 0xE0, 0x01, 0xFF,
    0x01, 0xFF, 0xAF, 0xFF, 0x00, 0x0B, 0xFF, 0xF9, 0x00, 0x00, 0x15, 0x40, 0x00, 0x00, 0x05, 0x55,
    0x54, 0x01, 0x55, 0x55, 0x0B, 0xFF, 0xFE, 0x00, 0xFF, 0xFF, 0xC1, 0xBF, 0xFE, 0x40, 0x2B, 0xFF,
    0x90, 0x03, 0xFC, 0x00, 0x00, 0x7F, 0x40, 0x00, 0xFF, 0x00, 0x00, 0x1F, 0xC0, 0x00, 0x3F, 0xC0,
    0x00, 0x07, 0xF0, 0x00, 0x0F, 0xF0, 0x00, 0x03, 0xFC, 0x00, 0x03, 0xF8, 0x00, 0x07, 0xFF, 0x00,
    0x00, 0xFE, 0x00, 0x07, 0xFF, 0xC0, 0x00, 0x3F, 0x80, 0x07, 0xFB, 0xF0, 0x00, 0x0F, 0xE0, 0x07,
    0xF2, 0xFC, 0x00, 0x03, 0xF8, 0x07, 0xE0, 0xBF, 0x00, 0x00, 0xFE, 0x07, 0xE0, 0x2F, 0xC0, 0x00,
    0x3F, 0x47, 0xE0, 0x0F, 0xF0, 0x00, 0x1F, 0xD7, 0xE0, 0x03, 0xFC, 0x00, 0x07, 0xFB, 0xE0, 0x00,
    0xFF, 0x00, 0x01, 0xFF, 0xE0, 0x00, 0x3F, 0xC0, 0x00, 0x7F, 0xE0, 0x00, 0x0F, 0xE0, 0x00, 0x1F,
    0xE0, 0x00, 0x03, 0xF8, 0x00, 0x07, 0xF0, 0x00, 0x00, 0xFE, 0x00, 0x02, 0xFC, 0x00, 0x00, 0x3F,
    0x80, 0x00, 0xBF, 0x40, 0x00, 0x0F, 0xE0, 0x03, 0xFF, 0xFF, 0x00, 0xBF, 0xFF, 0xE1, 0xFF, 0xFF,
    0xC0, 0x3F, 0xFF, 0xF8, 0x00, 0x00, 0x04, 0x00, 0x00, 0x00, 0x00, 0x00, 0x2F, 0x80, 0x05, 0x00,
    0x00, 0x00, 0x0F, 0xE0, 0x0B, 0xC0, 0x00, 0x00, 0x03, 0xFD, 0x6F, 0xC0, 0x00, 0x00, 0x00, 0x7F,
    0xFF, 0x40, 0x00, 0x00, 0x00, 0x01, 0xA9, 0x00, 0x00, 0x00, 0x00, 0x00, 0x00, 0x00, 0x00, 0x00,
    0x15, 0x55, 0x50, 0x05, 0x55, 0x54, 0x2F, 0xFF, 0xF8, 0x03, 0xFF, 0xFF, 0x06, 0xFF, 0xF9, 0x00,
    0xAF, 0xFE, 0x40, 0x0F, 0xF0, 0x00, 0x01, 0xFD, 0x00, 0x03, 0xFC, 0x00, 0x00, 0x7F, 0x00, 0x00,
    0xFF, 0x00, 0x00, 0x1F, 0xC0, 0x00, 0x3F, 0xC0, 0x00, 0x0F, 0xF0, 0x00, 0x0F, 0xE0, 0x00, 0x1F,
    0xFC, 0x00, 0x03, 0xF8, 0x00, 0x1F, 0xFF, 0x00, 0x00, 0xFE, 0x00, 0x1F, 0xEF, 0xC0, 0x00, 0x3F,
    0x80, 0x1F, 0xCB, 0xF0, 0x00, 0x0F, 0xE0, 0x1F, 0x82, 0xFC, 0x00, 0x03, 0xF8, 0x1F, 0x80, 0xBF,
    0x00, 0x00, 0xFD, 0x1F, 0x80, 0x3F, 0xC0, 0x00, 0x7F, 0x5F, 0x80, 0x0F, 0xF0, 0x00, 0x1F, 0xEF,
    0x80, 0x03, 0xFC, 0x00, 0x07, 0xFF, 0x80, 0x00, 0xFF, 0x00, 0x01, 0xFF, 0x80, 0x00, 0x3F, 0x80,
    0x00, 0x7F, 0x80, 0x00, 0x0F, 0xE0, 0x00, 0x1F, 0xC0, 0x00, 0x03, 0xF8, 0x00, 0x0B, 0xF0, 0x00,
    0x00, 0xFE, 0x00, 0x02, 0xFD, 0x00, 0x00, 0x3F, 0x80, 0x0F, 0xFF, 0xFC, 0x02, 0xFF, 0xFF, 0x87,
    0xFF, 0xFF, 0x00, 0xFF, 0xFF, 0xE0, 0x05, 0x55, 0x54, 0x00, 0x1A, 0x00, 0x1F, 0xFF, 0xFC, 0x00,
    0xFF, 0xC0, 0x0B, 0xFF, 0xE4, 0x02, 0xFF, 0xC0, 0x00, 0xBF, 0x00, 0x03, 0xFF, 0xC0, 0x00, 0xBF,
    0x00, 0x0B, 0x87, 0x40, 0x00, 0xFF, 0x00, 0x0F, 0x00, 0x00, 0x00, 0xFF, 0x00, 0x2E, 0x00, 0x00,
    0x00, 0xFF, 0x00, 0x3C, 0x00, 0x00, 0x00, 0xFE, 0x00, 0xB8, 0x00, 0x00, 0x00, 0xFE, 0x02, 0xF0,
    0x00, 0x00, 0x00, 0xFE, 0x1F, 0xC0, 0x00, 0x00, 0x00, 0xFE, 0xBF, 0x40, 0x00, 0x00, 0x00, 0xFE,
    0x6F, 0xF8, 0x00, 0x00, 0x00, 0xFE, 0x02, 0xFE, 0x00, 0x00, 0x00, 0xFD, 0x00, 0xBF, 0x40, 0x00,
    0x00, 0xFD, 0x00, 0x3F, 0xC0, 0x00, 0x01, 0xFD, 0x00, 0x3F, 0xC0, 0x00, 0x01, 0xFD, 0x00, 0x1F,
    0xE0, 0x00, 0x01, 0xFD, 0x00, 0x0F, 0xF0, 0x00, 0x01, 0xFD, 0x00, 0x0B, 0xF4, 0x00, 0x01, 0xFD,
    0x00, 0x03, 0xFC, 0x00, 0x02, 0xFD, 0x00, 0x03, 0xFE, 0x04, 0x3F, 0xFF, 0xF4, 0x01, 0xFF, 0xFC,
    0x7F, 0xFF, 0xF4, 0x00, 0xBF, 0xF0, 0x00, 0x00, 0x00, 0x00, 0x05, 0x40, 0x00, 0x05, 0x55, 0x55,
    0x55, 0x55, 0x00, 0x03, 0xFF, 0xFF, 0xFF, 0xFF, 0xC0, 0x00, 0x6F, 0xFF, 0xFF, 0xFF, 0x90, 0x00,
    0x00, 0xF4, 0x00, 0xBF, 0x00, 0x00, 0x00, 0x3C, 0x00, 0x2F, 0xC0, 0x00, 0x00, 0x1F, 0x00, 0x0B,
    0xF0, 0x00, 0x00, 0x07, 0xC0, 0x03, 0xFC, 0x00, 0x00, 0x01, 0xF0, 0x00, 0xFF, 0x00, 0x00, 0x00,
    0xBC, 0x00, 0x3F, 0xC0, 0x00, 0x00, 0x2E, 0x00, 0x0F, 0xF0, 0x00, 0x00, 0x0F, 0x80, 0x03, 0xF8,
    0x00, 0x00, 0x03, 0xD0, 0x00, 0xFE, 0x00, 0x00, 0x00, 0xF0, 0x00, 0x3F, 0x80, 0x00, 0x00, 0x7C,
    0x00, 0x0F, 0xE0, 0x00, 0x00, 0x1F, 0x00, 0x03, 0xF8, 0x00, 0x00, 0x0B, 0x80, 0x00, 0xFE, 0x00,
    0x00, 0x03, 0xD0, 0x00, 0x3F, 0x80, 0x00, 0x00, 0xF0, 0x00, 0x0F, 0xD0, 0x00, 0x00, 0xBC, 0x00,
    0x07, 0xF4, 0x00, 0x60, 0x3E, 0x00, 0x01, 0xFD, 0x00, 0x3F, 0x2F, 0x00, 0x00, 0x7F, 0x40, 0x2F,
    0xFF, 0x80, 0x00, 0x1F, 0xD0, 0x07, 0xFF, 0xC0, 0x00, 0xFF, 0xFF, 0xD0, 0xFF, 0xC0, 0x00, 0x3F,
    0xFF, 0xF4, 0x05, 0x40, 0x00, 0x00, 0x00, 0x00, 0x00, 0x05, 0x55, 0x50, 0x00, 0x00, 0x05, 0x55,
    0x40, 0x3F, 0xFF, 0xC0, 0x00, 0x00, 0x7F, 0xFF, 0x40, 0x6F, 0xFF, 0x40, 0x00, 0x03, 0xFF, 0xF8,
    0x00, 0x1F, 0xFE, 0x00, 0x00, 0x0F, 0xFE, 0x00, 0x00, 0x7F, 0xFC, 0x00, 0x00, 0x7E, 0xFC, 0x00,
    0x01, 0xF7, 0xF4, 0x00, 0x03, 0xEB, 0xF0, 0x00, 0x0B, 0xCF, 0xE0, 0x00, 0x0F, 0x6F, 0xC0, 0x00,
    0x2F, 0x3F, 0xC0, 0x00, 0x7C, 0xBF, 0x00, 0x00, 0xB8, 0xBF, 0x00, 0x02, 0xE2, 0xFC, 0x00, 0x02,
    0xE1, 0xFD, 0x00, 0x0F, 0x4B, 0xF0, 0x00, 0x0F, 0x83, 0xF8, 0x00, 0x7C, 0x2F, 0xC0, 0x00, 0x3E,
    0x0B, 0xF0, 0x02, 0xE0, 0x7F, 0x00, 0x00, 0xF4, 0x1F, 0xC0, 0x0F, 0x41, 0xFC, 0x00, 0x03, 0xD0,
    0x3F, 0x80, 0x7C, 0x07, 0xF0, 0x00, 0x0F, 0x40, 0xFF, 0x02, 0xE0, 0x1F, 0xC0, 0x00, 0x3C, 0x02,
    0xFC, 0x0F, 0x40, 0x7F, 0x00, 0x00, 0xF0, 0x07, 0xF4, 0x7C, 0x01, 0xFC, 0x00, 0x07, 0xC0, 0x0F,
    0xE2, 0xE0, 0x07, 0xF0, 0x00, 0x1F, 0x00, 0x2F, 0xCF, 0x40, 0x1F, 0xD0, 0x00, 0x7C, 0x00, 0x7F,
    0x7C, 0x00, 0x3F, 0x40, 0x02, 0xF0, 0x00, 0xFF, 0xF0, 0x00, 0xFD, 0x00, 0x0B, 0xC0, 0x03, 0xFF,
    0x40, 0x07, 0xF4, 0x07, 0xFF, 0xF8, 0x0B, 0xFC, 0x03, 0xFF, 0xFF, 0x6F, 0xFF, 0xE0, 0x1F, 0xE0,
    0x0F, 0xFF, 0xFD, 0x00, 0x00, 0x00, 0x10, 0x00, 0x00, 0x00, 0x00, 0x05, 0x55, 0x54, 0x01, 0x55,
    0x55, 0x0B, 0xFF, 0xFE, 0x00, 0xFF, 0xFF, 0xC1, 0xBF, 0xFE, 0x40, 0x2B, 0xFF, 0x90, 0x03, 0xFC,
    0x00, 0x00, 0x7F, 0x40, 0x00, 0xFF, 0x00, 0x00, 0x1F, 0xC0, 0x00, 0x3F, 0xC0, 0x00, 0x07, 0xF0,
    0x00, 0x0F, 0xE0, 0x00, 0x02, 0xFC, 0x00, 0x03, 0xF8, 0x00, 0x00, 0xBF, 0x00, 0x00, 0xFE, 0x00,
    0x00, 0x2F, 0xC0, 0x00, 0x3F, 0x80, 0x00, 0x0B, 0xF0, 0x00, 0x0F, 0xE0, 0x00, 0x02, 0xFC, 0x00,
    0x03, 0xFF, 0xFF, 0xFF, 0xFF, 0x00, 0x00, 0xFF, 0xFF, 0xFF, 0xFF, 0xC0, 0x00, 0x3F, 0x80, 0x00,
    0x0F, 0xF0, 0x00, 0x1F, 0xD0, 0x00, 0x03, 0xFC, 0x00, 0x07, 0xF4, 0x00, 0x00, 0xFF, 0x00, 0x01,
    0xFD, 0x00, 0x00, 0x3F, 0x80, 0x00, 0x7F, 0x40, 0x00, 0x0F, 0xE0, 0x00, 0x1F, 0xD0, 0x00, 0x03,
    0xF8, 0x00, 0x07, 0xF0, 0x00, 0x00, 0xFE, 0x00, 0x02, 0xFC, 0x00, 0x00, 0x3F, 0x80, 0x00, 0xBF,
    0x40, 0x00, 0x0F, 0xE0, 0x03, 0xFF, 0xFF, 0x00, 0xBF, 0xFF, 0xE1, 0xFF, 0xFF, 0xC0, 0x3F, 0xFF,
    0xF8, 0x00, 0x00, 0x6F, 0xF9, 0x00, 0x00, 0x00, 0x1F, 0xFF, 0xFF, 0x40, 0x00, 0x03, 0xFF, 0x96,
    0xFF, 0x80, 0x00, 0x3F, 0xC0, 0x00, 0xFF, 0x80, 0x02, 0xFC, 0x00, 0x00, 0xFF, 0x40, 0x1F, 0xD0,
    0x00, 0x01, 0xFF, 0x00, 0xFF, 0x00, 0x00, 0x03, 0xFD, 0x07, 0xF4, 0x00, 0x00, 0x0B, 0xF8, 0x2F,
    0xC0, 0x00, 0x00, 0x1F, 0xF0, 0xFF, 0x00, 0x00, 0x00, 0x3F, 0xC3, 0xFC, 0x00, 0x00, 0x00, 0xFF,
    0x0F, 0xF0, 0x00, 0x00, 0x03, 0xFC, 0x3F, 0xC0, 0x00, 0x00, 0x0F, 0xF0, 0xFF, 0x00, 0x00, 0x00,
    0x3F, 0xC3, 0xFC, 0x00, 0x00, 0x00, 0xFE, 0x0F, 0xF0, 0x00, 0x00, 0x07, 0xF8, 0x3F, 0xC0, 0x00,
    0x00, 0x2F, 0xD0, 0xBF, 0x80, 0x00, 0x00, 0xFF, 0x00, 0xFF, 0x00, 0x00, 0x03, 0xF4, 0x02, 0xFD,
    0x00, 0x00, 0x3F, 0xC0, 0x03, 0xFD, 0x00, 0x02, 0xFD, 0x00, 0x07, 0xFE, 0x00, 0x7F, 0xD0, 0x00,
    0x07, 0xFF, 0xFF, 0xFD, 0x00, 0x00, 0x02, 0xFF, 0xFF, 0x80, 0x00, 0x00, 0x00, 0x15, 0x40, 0x00,
    0x00, 0x05, 0x55, 0x55, 0x55, 0x55, 0x55, 0x0B, 0xFF, 0xFF, 0xFF, 0xFF, 0xFF, 0xC1, 0xBF, 0xFF,
    0xFF, 0xFF, 0xFF, 0x90, 0x03, 0xFC, 0x00, 0x00, 0x7F, 0x40, 0x00, 0xFF, 0x00, 0x00, 0x1F, 0xC0,
    0x00, 0x3F, 0xC0, 0x00, 0x07, 0xF0, 0x00, 0x0F, 0xE0, 0x00, 0x01, 0xFC, 0x00, 0x03, 0xF8, 0x00,
    0x00, 0xBF, 0x00, 0x00, 0xFE, 0x00, 0x00, 0x2F, 0xC0, 0x00, 0x3F, 0x80, 0x00, 0x0B, 0xF0, 0x00,
    0x0F, 0xE0, 0x00, 0x02, 0xFC, 0x00, 0x03, 0xF8, 0x00, 0x00, 0xBF, 0x00, 0x00, 0xFD, 0x00, 0x00,
    0x3F, 0xC0, 0x00, 0x3F, 0x40, 0x00, 0x0F, 0xF0, 0x00, 0x1F, 0xD0, 0x00, 0x03, 0xFC, 0x00, 0x07,
    0xF4, 0x00, 0x00, 0xFF, 0x00, 0x01, 0xFD, 0x00, 0x00, 0x3F, 0xC0, 0x00, 0x7F, 0x40, 0x00, 0x0F,
    0xE0, 0x00, 0x1F, 0xD0, 0x00, 0x03, 0xF8, 0x00, 0x07, 0xF0, 0x00, 0x00, 0xFE, 0x00, 0x02, 0xFC,
    0x00, 0x00, 0x3F, 0x80, 0x00, 0xBF, 0x40, 0x00, 0x0F, 0xE0, 0x03, 0xFF, 0xFF, 0x00, 0xBF, 0xFF,
    0xE1, 0xFF, 0xFF, 0xC0, 0x3F, 0xFF, 0xF8, 0x05, 0x55, 0x55, 0x00, 0x00, 0x7F, 0xFF, 0xFF, 0xF4,
    0x00, 0xAF, 0xFA, 0xBF, 0xFC, 0x00, 0x2F, 0xC0, 0x0B, 0xFC, 0x00, 0xBF, 0x00, 0x0F, 0xF4, 0x02,
    0xFC, 0x00, 0x1F, 0xE0, 0x0B, 0xF0, 0x00, 0x3F, 0xC0, 0x2F, 0xC0, 0x00, 0xFF, 0x00, 0xFF, 0x00,
    0x03, 0xFC, 0x03, 0xFC, 0x00, 0x1F, 0xE0, 0x0F, 0xF0, 0x00, 0xFF, 0x00, 0x3F, 0xC0, 0x0B, 0xF8,
    0x00, 0xFE, 0x15, 0xFF, 0x80, 0x03, 0xF8, 0xFF, 0xF4, 0x00, 0x0F, 0xE2, 0xA4, 0x00, 0x00, 0x3F,
    0x80, 0x00, 0x00, 0x00, 0xFE, 0x00, 0x00, 0x00, 0x03, 0xF8, 0x00, 0x00, 0x00, 0x0F, 0xD0, 0x00,
    0x00, 0x00, 0x7F, 0x40, 0x00, 0x00, 0x01, 0xFD, 0x00, 0x00, 0x00, 0x07, 0xF4, 0x00, 0x00, 0x03,
    0xFF, 0xFF, 0xD0, 0x00, 0x1F, 0xFF, 0xFF, 0x40, 0x00, 0x00, 0x00, 0x6F, 0xE8, 0x00, 0x00, 0x0B,
    0xFF, 0xFF, 0xC0, 0x00, 0x3F, 0xF9, 0x6F, 0xF0, 0x00, 0xFF, 0x40, 0x03, 0xFC, 0x02, 0xFC, 0x00,
    0x02, 0xFC, 0x07, 0xF4, 0x00, 0x03, 0xFD, 0x0F, 0xF0, 0x00, 0x03, 0xFC, 0x0F, 0xE0, 0x00, 0x00,
    0x50, 0x2F, 0xC0, 0x00, 0x00, 0x00, 0x3F, 0xC0, 0x00, 0x00, 0x00, 0x3F, 0xC0, 0x00, 0x00, 0x00,
    0x3F, 0xC0, 0x00, 0x00, 0x00, 0x3F, 0xC0, 0x00, 0x00, 0x00, 0x3F, 0xC0, 0x00, 0x00, 0x00, 0x3F,
    0xC0, 0x00, 0x00, 0x00, 0x3F, 0xC0, 0x00, 0x00, 0x00, 0x3F, 0xC0, 0x00, 0x00, 0x00, 0x2F, 0xD0,
    0x00, 0x00, 0x00, 0x0F, 0xF0, 0x00, 0x00, 0x20, 0x0F, 0xF8, 0x00, 0x00, 0xBC, 0x03, 0xFD, 0x00,
    0x03, 0xF4, 0x01, 0xFF, 0xD0, 0x6F, 0xD0, 0x00, 0x7F, 0xFF, 0xFF, 0x40, 0x00, 0x0B, 0xFF, 0xF8,
    0x00, 0x00, 0x00, 0x55, 0x40, 0x00, 0x15, 0x55, 0x55, 0x55, 0x55, 0x0F, 0xFF, 0xFF, 0xFF, 0xFF,
    0xC7, 0xFE, 0xAF, 0xFE, 0xBF, 0xF1, 0xF8, 0x01, 0xFC, 0x00, 0xFC, 0xBC, 0x00, 0x7F, 0x00, 0x1F,
    0x6E, 0x00, 0x2F, 0xC0, 0x03, 0xD7, 0x40, 0x0B, 0xF0, 0x00, 0xA0, 0x00, 0x02, 0xFC, 0x00, 0x00,
    0x00, 0x00, 0xBF, 0x00, 0x00, 0x00, 0x00, 0x2F, 0xC0, 0x00, 0x00, 0x00, 0x0B, 0xF0, 0x00, 0x00,
    0x00, 0x02, 0xFC, 0x00, 0x00, 0x00, 0x00, 0xFF, 0x00, 0x00, 0x00, 0x00, 0x3F, 0xC0, 0x00, 0x00,
    0x00, 0x0F, 0xF0, 0x00, 0x00, 0x00, 0x03, 0xF8, 0x00, 0x00, 0x00, 0x00, 0xFE, 0x00, 0x00, 0x00,
    0x00, 0x3F, 0x80, 0x00, 0x00, 0x00, 0x0F, 0xE0, 0x00, 0x00, 0x00, 0x03, 0xF8, 0x00, 0x00, 0x00,
    0x00, 0xFE, 0x00, 0x00, 0x00, 0x00, 0x3F, 0x80, 0x00, 0x00, 0x07, 0xFF, 0xFF, 0xC0, 0x00, 0x03,
    0xFF, 0xFF, 0xF0, 0x00, 0x15, 0x55, 0x50, 0x01, 0x55, 0x54, 0xFF, 0xFF, 0xC0, 0x0F, 0xFF, 0xF2,
    0xBF, 0xF9, 0x00, 0x1B, 0xFE, 0x40, 0x7F, 0x40, 0x00, 0x0B, 0xC0, 0x00, 0xFF, 0x00, 0x00, 0x3D,
    0x00, 0x02, 0xFD, 0x00, 0x01, 0xF0, 0x00, 0x03, 0xFC, 0x00, 0x0F, 0x80, 0x00, 0x0B, 0xF0, 0x00,
    0x3C, 0x00, 0x00, 0x0F, 0xE0, 0x02, 0xE0, 0x00, 0x00, 0x2F, 0xC0, 0x0F, 0x40, 0x00, 0x00, 0x7F,
    0x40, 0x7C, 0x00, 0x00, 0x00, 0xFF, 0x03, 0xD0, 0x00, 0x00, 0x01, 0xFD, 0x1F, 0x00, 0x00, 0x00,
    0x03, 0xF8, 0xF8, 0x00, 0x00, 0x00, 0x07, 0xF7, 0xC0, 0x00, 0x00, 0x00, 0x0F, 0xFE, 0x00, 0x00,
    0x00, 0x00, 0x2F, 0xF0, 0x00, 0x00, 0x00, 0x00, 0x3F, 0x80, 0x00, 0x00, 0x00, 0x00, 0xBC, 0x00,
    0x00, 0x00, 0x2C, 0x03, 0xD0, 0x00, 0x00, 0x03, 0xF4, 0x2F, 0x00, 0x00, 0x00, 0x0F, 0xF6, 0xF0,
    0x00, 0x00, 0x00, 0x3F, 0xFF, 0x40, 0x00, 0x00, 0x00, 0x7F, 0xF0, 0x00, 0x00, 0x00, 0x00, 0x14,
    0x00, 0x00, 0x00, 0x00, 0x00, 0x00, 0x15, 0x55, 0x50, 0x00, 0x00, 0x00, 0x1F, 0xFF, 0xFC, 0x00,
    0x00, 0x00, 0x02, 0xBF, 0xE9, 0x00, 0x00, 0x00, 0x00, 0x0B, 0xF0, 0x00, 0x00, 0x00, 0x01, 0x52,
    0xFC, 0x55, 0x00, 0x00, 0x2F, 0xFF, 0xFF, 0xFF, 0xF8, 0x00, 0x3F, 0xFA, 0xBF, 0xFA, 0xFF, 0xC0,
    0x3F, 0xC0, 0x0F, 0xF0, 0x07, 0xFC, 0x2F, 0xD0, 0x03, 0xFC, 0x00, 0x7F, 0x4F, 0xF0, 0x00, 0xFE,
    0x00, 0x0F, 0xE3, 0xF8, 0x00, 0x3F, 0x80, 0x03, 0xFD, 0xFD, 0x00, 0x0F, 0xE0, 0x00, 0xFF, 0x7F,
    0x40, 0x03, 0xF8, 0x00, 0x3F, 0xDF, 0xD0, 0x00, 0xFE, 0x00, 0x0F, 0xF3, 0xF4, 0x00, 0x3F, 0x80,
    0x03, 0xF8, 0xFE, 0x00, 0x0F, 0xD0, 0x01, 0xFC, 0x2F, 0xC0, 0x03, 0xF4, 0x00, 0xFE, 0x03, 0xFD,
    0x01, 0xFD, 0x01, 0xFF, 0x00, 0x3F, 0xFF, 0xFF, 0xFF, 0xFF, 0x00, 0x02, 0xFF, 0xFF, 0xFF, 0xFD,
    0x00, 0x00, 0x00, 0x07, 0xF4, 0x00, 0x00, 0x00, 0x00, 0x01, 0xFC, 0x00, 0x00, 0x00, 0x00, 0x00,
    0x7F, 0x00, 0x00, 0x00, 0x00, 0x02, 0xFF, 0xFE, 0x00, 0x00, 0x00, 0x01, 0xFF, 0xFF, 0xD0, 0x00,
    0x00, 0x00, 0x00, 0x00, 0x00, 0x00, 0x00, 0x05, 0x55, 0x54, 0x01, 0x55, 0x54, 0x2F, 0xFF, 0xFC,
    0x03, 0xFF, 0xFC, 0x1B, 0xFF, 0xE4, 0x01, 0xBF, 0xE4, 0x00, 0xFF, 0x40, 0x00, 0x3F, 0x00, 0x00,
    0x7F, 0xC0, 0x00, 0xBC, 0x00, 0x00, 0x2F, 0xE0, 0x01, 0xF4, 0x00, 0x00, 0x0F, 0xF4, 0x03, 0xE0,
    0x00, 0x00, 0x07, 0xFC, 0x0B, 0xC0, 0x00, 0x00, 0x02, 0xFE, 0x1F, 0x00, 0x00, 0x00, 0x00, 0xFF,
    0x7D, 0x00, 0x00, 0x00, 0x00, 0x7F, 0xF8, 0x00, 0x00, 0x00, 0x00, 0x2F, 0xF0, 0x00, 0x00, 0x00,
    0x00, 0x0F, 0xF0, 0x00, 0x00, 0x00, 0x00, 0x2F, 0xFC, 0x00, 0x00, 0x00, 0x00, 0x7E, 0xFE, 0x00,
    0x00, 0x00, 0x00, 0xF4, 0xFF, 0x00, 0x00, 0x00, 0x03, 0xE0, 0x7F, 0xC0, 0x00, 0x00, 0x0B, 0xC0,
    0x2F, 0xE0, 0x00, 0x00, 0x1F, 0x40, 0x0F, 0xF0, 0x00, 0x00, 0x3E, 0x00, 0x07, 0xFC, 0x00, 0x00,
    0xFC, 0x00, 0x03, 0xFD, 0x00, 0x02, 0xF4, 0x00, 0x01, 0xFF, 0x40, 0x7F, 0xFF, 0x40, 0x1F, 0xFF,
    0xFC, 0xBF, 0xFF, 0x40, 0x2F, 0xFF, 0xFC, 0x15, 0x55, 0x54, 0x01, 0x55, 0x55, 0x0F, 0xFF, 0xFE,
    0x01, 0xFF, 0xFF, 0xC1, 0xAF, 0xFA, 0x40, 0x2B, 0xFF, 0x90, 0x03, 0xFC, 0x00, 0x00, 0x7F, 0x00,
    0x00, 0xFF, 0x00, 0x00, 0x1F, 0xC0, 0x00, 0x3F, 0xC0, 0x00, 0x0B, 0xF0, 0x00, 0x0F, 0xE0, 0x00,
    0x02, 0xFC, 0x00, 0x03, 0xF8, 0x00, 0x00, 0xBF, 0x00, 0x00, 0xFE, 0x00, 0x00, 0x2F, 0xC0, 0x00,
    0x3F, 0x80, 0x00, 0x0B, 0xF0, 0x00, 0x0F, 0xE0, 0x00, 0x02, 0xFC, 0x00, 0x03, 0xF8, 0x00, 0x00,
    0xFF, 0x00, 0x00, 0xFD, 0x00, 0x00, 0x3F, 0xC0, 0x00, 0x3F, 0x40, 0x00, 0x0F, 0xF0, 0x00, 0x0F,
    0xD0, 0x00, 0x03, 0xFC, 0x00, 0x07, 0xF4, 0x00, 0x00, 0xFF, 0x00, 0x01, 0xFD, 0x00, 0x00, 0x3F,
    0x80, 0x00, 0x7F, 0x40, 0x00, 0x0F, 0xE0, 0x00, 0x1F, 0xC0, 0x00, 0x03, 0xF8, 0x00, 0x07, 0xF0,
    0x00, 0x00, 0xFE, 0x00, 0x01, 0xFC, 0x00, 0x00, 0x3F, 0x80, 0x00, 0xBF, 0x40, 0x00, 0x1F, 0xE0,
    0x07, 0xFF, 0xFF, 0xFF, 0xFF, 0xFF, 0xF9, 0xFF, 0xFF, 0xFF, 0xFF, 0xFF, 0xFD, 0x00, 0x00, 0x00,
    0x00, 0x00, 0x7F, 0x40, 0x00, 0x00, 0x00, 0x00, 0x0B, 0xC0, 0x00, 0x00, 0x00, 0x00, 0x02, 0xF0,
    0x00, 0x00, 0x00, 0x00, 0x00, 0x7C, 0x00, 0x00, 0x00, 0x00, 0x00, 0x1F, 0x00, 0x00, 0x00, 0x00,
    0x00, 0x00, 0x00, 0x15, 0x55, 0x50, 0x05, 0x55, 0x54, 0xBF, 0xFF, 0xE0, 0x0F, 0xFF, 0xFC, 0x6F,
    0xFF, 0x90, 0x0A, 0xFF, 0xE4, 0x03, 0xFC, 0x00, 0x00, 0xBF, 0x00, 0x03, 0xFC, 0x00, 0x00, 0xBF,
    0x00, 0x03, 0xF8, 0x00, 0x00, 0xBF, 0x00, 0x03, 0xF8, 0x00, 0x00, 0xBF, 0x00, 0x03, 0xF8, 0x00,
    0x00, 0xBF, 0x00, 0x03, 0xF8, 0x00, 0x00, 0xFF, 0x00, 0x03, 0xF8, 0x00, 0x00, 0xFF, 0x00, 0x03,
    0xFC, 0x00, 0x00, 0xFF, 0x00, 0x03, 0xFC, 0x00, 0x02, 0xFF, 0x00, 0x02, 0xFF, 0x00, 0x1F, 0xFF,
    0x00, 0x00, 0xFF, 0xFB, 0xFE, 0xFE, 0x00, 0x00, 0x3F, 0xFF, 0xE0, 0xFE, 0x00, 0x00, 0x02, 0xA9,
    0x00, 0xFE, 0x00, 0x00, 0x00, 0x00, 0x00, 0xFE, 0x00, 0x00, 0x00, 0x00, 0x00, 0xFE, 0x00, 0x00,
    0x00, 0x00, 0x00, 0xFE, 0x00, 0x00, 0x00, 0x00, 0x00, 0xFD, 0x00, 0x00, 0x00, 0x00, 0x00, 0xFD,
    0x00, 0x00, 0x00, 0x00, 0x01, 0xFE, 0x00, 0x00, 0x00, 0x00, 0x3F, 0xFF, 0xF4, 0x00, 0x00, 0x00,
    0x3F, 0xFF, 0xF4, 0x15, 0x55, 0x54, 0x05, 0x55, 0x54, 0x05, 0x55, 0x55, 0x3F, 0xFF, 0xF8, 0x0F,
    0xFF, 0xFC, 0x0F, 0xFF, 0xFE, 0x1A, 0xFF, 0xA0, 0x0A, 0xFF, 0xE4, 0x06, 0xFF, 0xE8, 0x00, 0xFF,
    0x00, 0x00, 0x7F, 0x40, 0x00, 0x3F, 0xC0, 0x00, 0xFF, 0x00, 0x00, 0x7F, 0x40, 0x00, 0x3F, 0xC0,
    0x00, 0xFF, 0x00, 0x00, 0x7F, 0x40, 0x00, 0x3F, 0x80, 0x00, 0xFE, 0x00, 0x00, 0x7F, 0x00, 0x00,
    0x3F, 0x80, 0x00, 0xFE, 0x00, 0x00, 0xBF, 0x00, 0x00, 0x3F, 0x80, 0x00, 0xFE, 0x00, 0x00, 0xBF,
    0x00, 0x00, 0x3F, 0x80, 0x00, 0xFE, 0x00, 0x00, 0xBF, 0x00, 0x00, 0x3F, 0x80, 0x00, 0xFE, 0x00,
    0x00, 0xBF, 0x00, 0x00, 0x3F, 0x80, 0x00, 0xFE, 0x00, 0x00, 0xBF, 0x00, 0x00, 0x3F, 0x40, 0x00,
    0xFD, 0x00, 0x00, 0xBF, 0x00, 0x00, 0x7F, 0x40, 0x00, 0xFD, 0x00, 0x00, 0xFF, 0x00, 0x00, 0x7F,
    0x40, 0x00, 0xFD, 0x00, 0x00, 0xFF, 0x00, 0x00, 0x7F, 0x40, 0x01, 0xFD, 0x00, 0x00, 0xFF, 0x00,
    0x00, 0x7F, 0x40, 0x01, 0xFD, 0x00, 0x00, 0xFF, 0x00, 0x00, 0x7F, 0x40, 0x01, 0xFD, 0x00, 0x00,
    0xFF, 0x00, 0x00, 0x7F, 0x00, 0x01, 0xFC, 0x00, 0x00, 0xFE, 0x00, 0x00, 0x7F, 0x00, 0x01, 0xFC,
    0x00, 0x00, 0xFE, 0x00, 0x00, 0xBF, 0x00, 0x01, 0xFC, 0x00, 0x00, 0xFE, 0x00, 0x00, 0xBF, 0x00,
    0x02, 0xFD, 0x00, 0x01, 0xFE, 0x00, 0x00, 0xBF, 0x40, 0x7F, 0xFF, 0xFF, 0xFF, 0xFF, 0xFF, 0xFF,
    0xFF, 0xFC, 0x7F, 0xFF, 0xFF, 0xFF, 0xFF, 0xFF, 0xFF, 0xFF, 0xFC, 0x15, 0x55, 0x54, 0x05, 0x55,
    0x54, 0x05, 0x55, 0x55, 0x0F, 0xFF, 0xFE, 0x03, 0xFF, 0xFF, 0x03, 0xFF, 0xFF, 0x81, 0xAF, 0xFA,
    0x00, 0xAF, 0xFE, 0x40, 0x6F, 0xFE, 0x80, 0x03, 0xFC, 0x00, 0x01, 0xFD, 0x00, 0x00, 0xFF, 0x00,
    0x00, 0xFF, 0x00, 0x00, 0x7F, 0x40, 0x00, 0x3F, 0xC0, 0x00, 0x3F, 0xC0, 0x00, 0x1F, 0xD0, 0x00,
    0x0F, 0xE0, 0x00, 0x0F, 0xE0, 0x00, 0x07, 0xF0, 0x00, 0x03, 0xF8, 0x00, 0x03, 0xF8, 0x00, 0x02,
    0xFC, 0x00, 0x00, 0xFE, 0x00, 0x00, 0xFE, 0x00, 0x00, 0xBF, 0x00, 0x00, 0x3F, 0x80, 0x00, 0x3F,
    0x80, 0x00, 0x2F, 0xC0, 0x00, 0x0F, 0xE0, 0x00, 0x0F, 0xE0, 0x00, 0x0B, 0xF0, 0x00, 0x03, 0xF8,
    0x00, 0x03, 0xF8, 0x00, 0x02, 0xFC, 0x00, 0x00, 0xFD, 0x00, 0x00, 0xFD, 0x00, 0x00, 0xBF, 0x00,
    0x00, 0x7F, 0x40, 0x00, 0x3F, 0x40, 0x00, 0x3F, 0xC0, 0x00, 0x1F, 0xD0, 0x00, 0x0F, 0xD0, 0x00,
    0x0F, 0xF0, 0x00, 0x07, 0xF4, 0x00, 0x07, 0xF4, 0x00, 0x03, 0xFC, 0x00, 0x01, 0xFD, 0x00, 0x01,
    0xFD, 0x00, 0x00, 0xFF, 0x00, 0x00, 0x7F, 0x40, 0x00, 0x7F, 0x40, 0x00, 0x3F, 0xC0, 0x00, 0x1F,
    0xC0, 0x00, 0x1F, 0xC0, 0x00, 0x0F, 0xE0, 0x00, 0x07, 0xF0, 0x00, 0x07, 0xF0, 0x00, 0x03, 0xF8,
    0x00, 0x02, 0xFC, 0x00, 0x01, 0xFC, 0x00, 0x00, 0xFE, 0x00, 0x00, 0xBF, 0x00, 0x00, 0xBF, 0x40,
    0x00, 0x7F, 0x80, 0x00, 0x2F, 0xD0, 0x07, 0xFF, 0xFF, 0xFF, 0xFF, 0xFF, 0xFF, 0xFF, 0xFF, 0xF5,
    0xFF, 0xFF, 0xFF, 0xFF, 0xFF, 0xFF, 0xFF, 0xFF, 0xFD, 0x00, 0x00, 0x00, 0x00, 0x00, 0x00, 0x00,
    0x00, 0x7F, 0x00, 0x00, 0x00, 0x00, 0x00, 0x00, 0x00, 0x00, 0x0F, 0xC0, 0x00, 0x00, 0x00, 0x00,
    0x00, 0x00, 0x00, 0x02, 0xF0, 0x00, 0x00, 0x00, 0x00, 0x00, 0x00, 0x00, 0x00, 0xBC, 0x00, 0x00,
    0x00, 0x00, 0x00, 0x00, 0x00, 0x00, 0x2E, 0x00, 0x00, 0x00, 0x00, 0x00, 0x00, 0x00, 0x00, 0x01,
    0x00, 0x05, 0x55, 0x55, 0x50, 0x00, 0x00, 0xFF, 0xFF, 0xFF, 0xD0, 0x00, 0x03, 0xFE, 0xAF, 0xFE,
    0x00, 0x00, 0x0F, 0x80, 0x3F, 0x80, 0x00, 0x00, 0x7C, 0x00, 0xFE, 0x00, 0x00, 0x02, 0xE0, 0x03,
    0xF4, 0x00, 0x00, 0x0B, 0x40, 0x1F, 0xD0, 0x00, 0x00, 0x00, 0x00, 0x7F, 0x40, 0x00, 0x00, 0x00,
    0x01, 0xFD, 0x00, 0x00, 0x00, 0x00, 0x07, 0xF4, 0x00, 0x00, 0x00, 0x00, 0x1F, 0xD1, 0x55, 0x00,
    0x00, 0x00, 0x7F, 0x2F, 0xFF, 0x80, 0x00, 0x02, 0xFC, 0x6A, 0xFF, 0xC0, 0x00, 0x0B, 0xF0, 0x00,
    0x7F, 0xC0, 0x00, 0x2F, 0xC0, 0x00, 0xBF, 0x40, 0x00, 0xBF, 0x00, 0x01, 0xFE, 0x00, 0x02, 0xFC,
    0x00, 0x03, 0xF8, 0x00, 0x0B, 0xF0, 0x00, 0x0F, 0xE0, 0x00, 0x3F, 0xC0, 0x00, 0x7F, 0x40, 0x00,
    0xFF, 0x00, 0x03, 0xFC, 0x00, 0x03, 0xFC, 0x00, 0x2F, 0xE0, 0x00, 0x0F, 0xF0, 0x07, 0xFE, 0x00,
    0x0B, 0xFF, 0xFF, 0xFF, 0xD0, 0x00, 0x3F, 0xFF, 0xFF, 0xE4, 0x00, 0x05, 0x55, 0x54, 0x00, 0x00,
    0x15, 0x55, 0x51, 0xFF, 0xFF, 0xC0, 0x00, 0x0B, 0xFF, 0xFE, 0x0A, 0xFF, 0xE4, 0x00, 0x00, 0x6F,
    0xFF, 0x80, 0x0B, 0xF0, 0x00, 0x00, 0x00, 0x3F, 0x80, 0x00, 0xBF, 0x00, 0x00, 0x00, 0x03, 0xF8,
    0x00, 0x0B, 0xF0, 0x00, 0x00, 0x00, 0x3F, 0x80, 0x00, 0xBF, 0x00, 0x00, 0x00, 0x03, 0xF8, 0x00,
    0x0B, 0xF0, 0x00, 0x00, 0x00, 0x3F, 0x80, 0x00, 0xFF, 0x00, 0x00, 0x00, 0x03, 0xF4, 0x00, 0x0F,
    0xF0, 0x00, 0x00, 0x00, 0x3F, 0x40, 0x00, 0xFF, 0x15, 0x50, 0x00, 0x07, 0xF4, 0x00, 0x0F, 0xF3,
    0xFF, 0xF4, 0x00, 0x7F, 0x40, 0x00, 0xFE, 0x2A, 0xBF, 0xD0, 0x07, 0xF4, 0x00, 0x0F, 0xE0, 0x00,
    0xFF, 0x00, 0x7F, 0x40, 0x00, 0xFE, 0x00, 0x07, 0xF8, 0x07, 0xF4, 0x00, 0x0F, 0xE0, 0x00, 0x3F,
    0xC0, 0x7F, 0x00, 0x00, 0xFE, 0x00, 0x03, 0xFC, 0x0B, 0xF0, 0x00, 0x0F, 0xE0, 0x00, 0x3F, 0xC0,
    0xBF, 0x00, 0x00, 0xFD, 0x00, 0x03, 0xF8, 0x0B, 0xF0, 0x00, 0x1F, 0xD0, 0x00, 0xBF, 0x40, 0xBF,
    0x00, 0x01, 0xFD, 0x00, 0x1F, 0xF0, 0x0B, 0xF0, 0x00, 0x1F, 0xD0, 0x1B, 0xFC, 0x00, 0xFF, 0x00,
    0x3F, 0xFF, 0xFF, 0xFE, 0x01, 0xFF, 0xFF, 0xC7, 0xFF, 0xFF, 0xF9, 0x00, 0x2F, 0xFF, 0xFC, 0x05,
    0x55, 0x54, 0x00, 0x00, 0x0F, 0xFF, 0xFC, 0x00, 0x00, 0x0A, 0xFF, 0xE8, 0x00, 0x00, 0x00, 0x7F,
    0x40, 0x00, 0x00, 0x00, 0x7F, 0x40, 0x00, 0x00, 0x00, 0x7F, 0x00, 0x00, 0x00, 0x00, 0x7F, 0x00,
    0x00, 0x00, 0x00, 0xBF, 0x00, 0x00, 0x00, 0x00, 0xBF, 0x00, 0x00, 0x00, 0x00, 0xBF, 0x00, 0x00,
    0x00, 0x00, 0xBF, 0x05, 0x54, 0x00, 0x00, 0xBF, 0x3F, 0xFF, 0x80, 0x00, 0xBF, 0x2A, 0xBF, 0xF0,
    0x00, 0xFF, 0x00, 0x0B, 0xF8, 0x00, 0xFF, 0x00, 0x03, 0xFC, 0x00, 0xFF, 0x00, 0x02, 0xFD, 0x00,
    0xFF, 0x00, 0x01, 0xFD, 0x00, 0xFE, 0x00, 0x01, 0xFD, 0x00, 0xFE, 0x00, 0x02, 0xFC, 0x00, 0xFE,
    0x00, 0x03, 0xFC, 0x00, 0xFE, 0x00, 0x0F, 0xF4, 0x00, 0xFE, 0x00, 0x7F, 0xD0, 0x3F, 0xFF, 0xFF,
    0xFF, 0x40, 0x3F, 0xFF, 0xFF, 0xE4, 0x00, 0x00, 0x06, 0xFE, 0x40, 0x00, 0x02, 0xFF, 0xFF, 0xD0,
    0x00, 0x3F, 0xFF, 0xFF, 0xD0, 0x03, 0xF4, 0x00, 0xBF, 0xD0, 0x3F, 0x00, 0x00, 0x7F, 0xC0, 0x70,
    0x00, 0x00, 0xFF, 0x40, 0x00, 0x00, 0x01, 0xFE, 0x00, 0x00, 0x00, 0x03, 0xFC, 0x00, 0x00, 0x00,
    0x0F, 0xF0, 0x00, 0x00, 0x00, 0x3F, 0xC0, 0x00, 0x00, 0x00, 0xFF, 0x00, 0x7F, 0xFF, 0xFF, 0xFC,
    0x01, 0xFF, 0xFF, 0xFF, 0xF0, 0x00, 0x00, 0x00, 0x3F, 0xC0, 0x00, 0x00, 0x00, 0xFF, 0x00, 0x00,
    0x00, 0x03, 0xF8, 0x00, 0x00, 0x00, 0x1F, 0xD0, 0xB8, 0x00, 0x00, 0xBF, 0x0B, 0xF8, 0x00, 0x03,
    0xF8, 0x3F, 0xC0, 0x00, 0x2F, 0xC0, 0xBF, 0x00, 0x01, 0xFD, 0x01, 0xFE, 0x00, 0x2F, 0xE0, 0x01,
    0xFF, 0xFF, 0xFD, 0x00, 0x00, 0xBF, 0xFF, 0x80, 0x00, 0x00, 0x05, 0x40, 0x00, 0x00, 0x05, 0x55,
    0x54, 0x00, 0x01, 0xAF, 0xE4, 0x00, 0x0B, 0xFF, 0xFE, 0x00, 0x07, 0xFF, 0xFF, 0xC0, 0x01, 0xBF,
    0xFE, 0x40, 0x0B, 0xFE, 0x5B, 0xFD, 0x00, 0x03, 0xFC, 0x00, 0x0B, 0xF4, 0x00, 0x7F, 0xD0, 0x00,
    0xFF, 0x00, 0x07, 0xF4, 0x00, 0x03, 0xFC, 0x00, 0x3F, 0xC0, 0x03, 0xF8, 0x00, 0x00, 0xBF, 0x80,
    0x0F, 0xF0, 0x02, 0xFC, 0x00, 0x00, 0x0F, 0xF0, 0x03, 0xF8, 0x00, 0xFF, 0x00, 0x00, 0x03, 0xFC,
    0x00, 0xFE, 0x00, 0x3F, 0x80, 0x00, 0x00, 0xBF, 0x40, 0x3F, 0x80, 0x1F, 0xD0, 0x00, 0x00, 0x2F,
    0xE0, 0x0F, 0xE0, 0x0B, 0xF4, 0x00, 0x00, 0x07, 0xF8, 0x03, 0xFF, 0xFF, 0xFD, 0x00, 0x00, 0x01,
    0xFE, 0x00, 0xFF, 0xFF, 0xFF, 0x00, 0x00, 0x00, 0x7F, 0x80, 0x3F, 0x80, 0x2F, 0xD0, 0x00, 0x00,
    0x1F, 0xE0, 0x1F, 0xD0, 0x0B, 0xF4, 0x00, 0x00, 0x0B, 0xF4, 0x07, 0xF4, 0x01, 0xFD, 0x00, 0x00,
    0x02, 0xFC, 0x01, 0xFD, 0x00, 0x7F, 0x80, 0x00, 0x00, 0xFF, 0x00, 0x7F, 0x40, 0x0F, 0xF0, 0x00,
    0x00, 0x3F, 0x80, 0x1F, 0xD0, 0x02, 0xFD, 0x00, 0x00, 0x2F, 0xC0, 0x07, 0xF0, 0x00, 0x3F, 0xC0,
    0x00, 0x0F, 0xE0, 0x02, 0xFC, 0x00, 0x0B, 0xF8, 0x00, 0x0F, 0xF0, 0x00, 0xBF, 0x40, 0x00, 0xFF,
    0xD0, 0x1F, 0xF0, 0x03, 0xFF, 0xFF, 0x00, 0x0B, 0xFF, 0xFF, 0xF0, 0x01, 0xFF, 0xFF, 0xC0, 0x00,
    0x7F, 0xFF, 0xD0, 0x00, 0x00, 0x00, 0x00, 0x00, 0x00, 0x55, 0x00, 0x00, 0x00, 0x00, 0x00, 0x00,
    0x15, 0x55, 0x54, 0x00, 0x00, 0x2F, 0xFF, 0xFF, 0xFD, 0x00, 0x02, 0xFF, 0xEA, 0xBF, 0xE4, 0x00,
    0x0B, 0xFC, 0x00, 0x7F, 0x40, 0x00, 0x0F, 0xF0, 0x00, 0x7F, 0x40, 0x00, 0x2F, 0xD0, 0x00, 0x7F,
    0x40, 0x00, 0x3F, 0xC0, 0x00, 0x7F, 0x40, 0x00, 0x3F, 0xC0, 0x00, 0x7F, 0x00, 0x00, 0x3F, 0xC0,
    0x00, 0x7F, 0x00, 0x00, 0x2F, 0xD0, 0x00, 0xBF, 0x00, 0x00, 0x0F, 0xF0, 0x00, 0xBF, 0x00, 0x00,
    0x07, 0xFD, 0x00, 0xBF, 0x00, 0x00, 0x00, 0xBF, 0xFD, 0xBF, 0x00, 0x00, 0x00, 0x0B, 0xFC, 0xBF,
    0x00, 0x00, 0x00, 0x7F, 0x80, 0xBF, 0x00, 0x00, 0x01, 0xFE, 0x00, 0xFF, 0x00, 0x00, 0x03, 0xFC,
    0x00, 0xFF, 0x00, 0x00, 0x0B, 0xF4, 0x00, 0xFF, 0x00, 0x00, 0x0F, 0xF0, 0x00, 0xFF, 0x00, 0x00,
    0x3F, 0xC0, 0x00, 0xFE, 0x00, 0x00, 0x7F, 0x80, 0x00, 0xFE, 0x00, 0x21, 0xFF, 0x00, 0x00, 0xFE,
    0x00, 0xBF, 0xFD, 0x00, 0x2F, 0xFF, 0xF8, 0x2F, 0xF8, 0x00, 0x3F, 0xFF, 0xF8, 0x01, 0x40, 0x00,
    0x00, 0x00, 0x00, 0x00, 0x01, 0x50, 0x00, 0x00, 0x00, 0xFF, 0xFE, 0xFC, 0x00, 0x1F, 0xFE, 0xFF,
    0xE0, 0x00, 0xFE, 0x00, 0x3F, 0x80, 0x0F, 0xF0, 0x00, 0xFE, 0x00, 0x7F, 0x40, 0x07, 0xF8, 0x02,
    0xFC, 0x00, 0x2F, 0xE0, 0x0F, 0xE0, 0x00, 0xFF, 0x80, 0x7F, 0x40, 0x03, 0xFE, 0x01, 0xFD, 0x00,
    0x1E, 0xF4, 0x07, 0xF0, 0x00, 0xF7, 0xD0, 0x1F, 0xC0, 0x03, 0xAF, 0x40, 0x7F, 0x00, 0x1D, 0xBD,
    0x01, 0xFD, 0x00, 0xF3, 0xF4, 0x03, 0xF8, 0x03, 0x8F, 0xD0, 0x0B, 0xF4, 0x3D, 0x3F, 0x44, 0x0F,
    0xFF, 0xE0, 0xFF, 0xF4, 0x1F, 0xFE, 0x01, 0xFF, 0x80, 0x05, 0x40, 0x00, 0x50, 0x00, 0x00, 0x00,
    0x00, 0x0D, 0x00, 0x00, 0x00, 0x2E, 0x00, 0x00, 0x16, 0xFD, 0x00, 0x06, 0xFF, 0xFC, 0x00, 0x3F,
    0xFF, 0xF8, 0x00, 0xFF, 0xFE, 0x90, 0x02, 0xFD, 0x00, 0x00, 0x03, 0xE0, 0x00, 0x00, 0x0B, 0xC0,
    0x00, 0x00, 0x0F, 0x81, 0xFF, 0x80, 0x1F, 0x0B, 0xFF, 0xF0, 0x2F, 0x1F, 0x9B, 0xF8, 0x3E, 0x3E,
    0x02, 0xFC, 0x3E, 0x7C, 0x01, 0xFD, 0x3D, 0xB4, 0x00, 0xFD, 0x7D, 0xF0, 0x00, 0xFD, 0x7E, 0xE0,
    0x00, 0xFD, 0x7F, 0xC0, 0x01, 0xFD, 0x7F, 0xC0, 0x01, 0xFD, 0x7F, 0x80, 0x02, 0xFC, 0x3F, 0x80,
    0x03, 0xFC, 0x3F, 0xC0, 0x07, 0xF4, 0x2F, 0xC0, 0x0F, 0xF0, 0x0F, 0xE0, 0x3F, 0xC0, 0x07, 0xFE,
    0xFF, 0x00, 0x01, 0xFF, 0xF8, 0x00, 0x00, 0x15, 0x40, 0x00, 0x00, 0x01, 0x54, 0x00, 0x00, 0xFF,
    0xFD, 0x00, 0x1F, 0xE6, 0xFD, 0x01, 0xFC, 0x03, 0xF8, 0x0F, 0xD0, 0x0F, 0xE0, 0x7F, 0x00, 0x3F,
    0x43, 0xF8, 0x02, 0xF8, 0x0F, 0xD0, 0x6F, 0x40, 0x7F, 0xBF, 0xE0, 0x01, 0xFF, 0xFF, 0xFF, 0x07,
    0xF8, 0x01, 0xFF, 0x1F, 0xC0, 0x02, 0xFC, 0x7F, 0x00, 0x07, 0xF5, 0xFD, 0x00, 0x2F, 0xC3, 0xF4,
    0x00, 0xFE, 0x0B, 0xF0, 0x0B, 0xF0, 0x0F, 0xFA, 0xFF, 0x40, 0x0B, 0xFF, 0xE0, 0x00, 0x01, 0x54,
    0x00, 0x00, 0x00, 0x05, 0x40, 0x01, 0xFF, 0xF8, 0x1F, 0xFF, 0xFD, 0x3F, 0x82, 0xFF, 0x14, 0x00,
    0xFF, 0x00, 0x00, 0xFE, 0x00, 0x02, 0xFC, 0x00, 0x0B, 0xF0, 0x00, 0x2F, 0xC0, 0x00, 0xFE, 0x00,
    0x07, 0xF4, 0x00, 0x1F, 0xD0, 0x00, 0x3F, 0x80, 0x00, 0xBF, 0x00, 0x00, 0xBF, 0x40, 0x09, 0x7F,
    0xD1, 0xFF, 0x3F, 0xFF, 0xF8, 0x0F, 0xFF, 0x80, 0x01, 0x54, 0x00, 0x00, 0x01, 0xA9, 0x00, 0x00,
    0x7F, 0xFF, 0xC0, 0x01, 0xFF, 0xBF, 0xE0, 0x00, 0x90, 0x07, 0xF4, 0x00, 0x00, 0x03, 0xF8, 0x00,
    0x00, 0x02, 0xFC, 0x00, 0x00, 0x02, 0xFC, 0x00, 0x00, 0x01, 0xFC, 0x00, 0x05, 0x41, 0xFC, 0x00,
    0xBF, 0xFE, 0xFC, 0x03, 0xFF, 0xFF, 0xFC, 0x0B, 0xF4, 0x02, 0xFC, 0x1F, 0xE0, 0x01, 0xFC, 0x2F,
    0xC0, 0x02, 0xFC, 0x3F, 0xC0, 0x02, 0xFC, 0x3F, 0x80, 0x03, 0xFC, 0x7F, 0x40, 0x03, 0xF8, 0x7F,
    0x40, 0x03, 0xF8, 0x7F, 0x00, 0x03, 0xF4, 0x7F, 0x00, 0x07, 0xF0, 0x7F, 0x40, 0x0B, 0xE0, 0x3F,
    0x40, 0x0F, 0xD0, 0x3F, 0x80, 0x1F, 0xC0, 0x1F, 0xD0, 0x3F, 0x00, 0x0B, 0xFA, 0xFD, 0x00, 0x02,
    0xFF, 0xF0, 0x00, 0x00, 0x15, 0x00, 0x00, 0x00, 0x01, 0x54, 0x00, 0x03, 0xFF, 0xF4, 0x01, 0xFE,
    0xBF, 0xD0, 0x7F, 0x40, 0xFF, 0x0F, 0xD0, 0x0B, 0xF2, 0xFC, 0x00, 0xBF, 0x3F, 0x80, 0x0F, 0xE3,
    0xF4, 0x02, 0xFC, 0x7F, 0x46, 0xFF, 0x47, 0xFF, 0xFF, 0x80, 0x7F, 0xFE, 0x40, 0x07, 0xF4, 0x00,
    0x00, 0x7F, 0x40, 0x00, 0x03, 0xFC, 0x00, 0x00, 0x2F, 0xD0, 0x01, 0xC0, 0xFF, 0x80, 0xBE, 0x07,
    0xFF, 0xFF, 0x80, 0x1F, 0xFF, 0xD0, 0x00, 0x05, 0x40, 0x00, 0x00, 0x50, 0x00, 0x00, 0x00, 0x14,
    0x00, 0x7F, 0x80, 0x1F, 0xC0, 0x0F, 0xF4, 0x2F, 0xFC, 0x02, 0xF8, 0x03, 0xFF, 0x83, 0xEF, 0xD0,
    0x2F, 0x80, 0xBF, 0xF8, 0x00, 0xBF, 0x02, 0xF8, 0x1F, 0x0B, 0x00, 0x03, 0xF4, 0x3F, 0x43, 0xD0,
    0x00, 0x00, 0x2F, 0x83, 0xF4, 0x78, 0x00, 0x00, 0x01, 0xFD, 0xFF, 0x0F, 0x40, 0x00, 0x00, 0x0F,
    0xFF, 0xF2, 0xF8, 0x00, 0x00, 0x00, 0xBF, 0x7F, 0x3F, 0xD0, 0x00, 0x00, 0x1F, 0x83, 0xFB, 0xFF,
    0x00, 0x00, 0x0B, 0xD0, 0x7F, 0xE3, 0xF4, 0x00, 0x02, 0xF4, 0x07, 0xFC, 0x2F, 0xC0, 0x00, 0xBD,
    0x00, 0x7F, 0x80, 0xFE, 0x00, 0x1F, 0x80, 0x07, 0xF0, 0x0B, 0xF4, 0x42, 0xFC, 0x00, 0xBF, 0x00,
    0x3F, 0xEE, 0x2F, 0xF0, 0x0B, 0xE0, 0x01, 0xFF, 0xC1, 0xFE, 0x00, 0xBE, 0x00, 0x0B, 0xF0, 0x01,
    0x40, 0x00, 0x00, 0x00, 0x14, 0x00, 0x00, 0x05, 0x50, 0x00, 0x0F, 0xFF, 0xD0, 0x07, 0xFF, 0xFF,
    0x01, 0xF8, 0x07, 0xF8, 0x2D, 0x00, 0x3F, 0x80, 0x00, 0x03, 0xF4, 0x00, 0x00, 0x7F, 0x00, 0x00,
    0x2F, 0x80, 0x03, 0xFF, 0x80, 0x00, 0x3F, 0xFF, 0xE0, 0x00, 0x01, 0xFF, 0x80, 0x00, 0x03, 0xFC,
    0x00, 0x00, 0x1F, 0xC3, 0xF0, 0x01, 0xFC, 0xBF, 0x00, 0x3F, 0xCB, 0xE0, 0x07, 0xF4, 0x3F, 0x96,
    0xFD, 0x01, 0xFF, 0xFE, 0x00, 0x00, 0x55, 0x00, 0x00, 0x01, 0x50, 0x00, 0x00, 0x00, 0x1F, 0xFC,
    0x00, 0x1F, 0xC0, 0x7F, 0xFD, 0x00, 0x2F, 0xC0, 0x11, 0xFD, 0x00, 0x3F, 0xC0, 0x01, 0xFC, 0x00,
    0x7F, 0xC0, 0x01, 0xFC, 0x00, 0xBF, 0xC0, 0x01, 0xFC, 0x00, 0xFF, 0xC0, 0x02, 0xFC, 0x01, 0xEF,
    0xC0, 0x02, 0xFC, 0x03, 0xCF, 0xC0, 0x02, 0xFC, 0x03, 0xCF, 0xC0, 0x03, 0xF8, 0x07, 0x8F, 0xC0,
    0x03, 0xF8, 0x0F, 0x5F, 0xC0, 0x03, 0xF4, 0x0F, 0x1F, 0xC0, 0x03, 0xF4, 0x1E, 0x1F, 0x80, 0x03,
    0xF4, 0x3D, 0x2F, 0x80, 0x03, 0xFD, 0xBC, 0x2F, 0xC0, 0x02, 0xFF, 0xF4, 0x2F, 0xFE, 0x00, 0xFF,
    0xD0, 0x0F, 0xFE, 0x00, 0x15, 0x00, 0x01, 0x50, 0x00, 0x01, 0x00, 0x00, 0x00, 0x00, 0x2F, 0x40,
    0x28, 0x00, 0x00, 0x3F, 0x40, 0xBC, 0x00, 0x00, 0x3F, 0xDB, 0xE0, 0x00, 0x00, 0x1F, 0xFF, 0x40,
    0x00, 0x00, 0x02, 0xA4, 0x00, 0x00, 0x00, 0x00, 0x00, 0x00, 0x00, 0x01, 0x50, 0x00, 0x00, 0x00,
    0x1F, 0xFC, 0x00, 0x1F, 0xC0, 0x7F, 0xFD, 0x00, 0x2F, 0xC0, 0x11, 0xFD, 0x00, 0x3F, 0xC0, 0x01,
    0xFC, 0x00, 0x7F, 0xC0, 0x01, 0xFC, 0x00, 0xBF, 0xC0, 0x01, 0xFC, 0x00, 0xFF, 0xC0, 0x02, 0xFC,
    0x01, 0xEF, 0xC0, 0x02, 0xFC, 0x03, 0xCF, 0xC0, 0x02, 0xFC, 0x03, 0xCF, 0xC0, 0x03, 0xF8, 0x07,
    0x8F, 0xC0, 0x03, 0xF8, 0x0F, 0x5F, 0xC0, 0x03, 0xF4, 0x0F, 0x1F, 0xC0, 0x03, 0xF4, 0x1E, 0x1F,
    0x80, 0x03, 0xF4, 0x3D, 0x2F, 0x80, 0x03, 0xFD, 0xBC, 0x2F, 0xC0, 0x02, 0xFF, 0xF4, 0x2F, 0xFE,
    0x00, 0xFF, 0xD0, 0x0F, 0xFE, 0x00, 0x15, 0x00, 0x01, 0x50, 0x01, 0x50, 0x00, 0x05, 0x01, 0xFF,
    0xE0, 0x02, 0xFF, 0x07, 0xFF, 0xC0, 0x1F, 0xFD, 0x00, 0x7F, 0x00, 0xFF, 0xF0, 0x01, 0xFC, 0x0F,
    0x87, 0x80, 0x07, 0xF0, 0x7C, 0x00, 0x00, 0x1F, 0x83, 0xC0, 0x00, 0x00, 0xBE, 0x1E, 0x00, 0x00,
    0x02, 0xF4, 0xFD, 0x00, 0x00, 0x0B, 0xD7, 0xFC, 0x00, 0x00, 0x3F, 0x3F, 0xF8, 0x00, 0x00, 0xFD,
    0xEB, 0xF0, 0x00, 0x03, 0xFF, 0x0F, 0xE0, 0x00, 0x0F, 0xFC, 0x1F, 0xD0, 0x00, 0x3F, 0xD0, 0x3F,
    0xC1, 0x00, 0xFF, 0x00, 0x7F, 0xBC, 0x03, 0xF8, 0x00, 0xFF, 0xD0, 0x1F, 0xC0, 0x00, 0xFD, 0x00,
    0x00, 0x00, 0x00, 0x40, 0x00, 0x00, 0x00, 0x55, 0x40, 0x00, 0x00, 0xBF, 0xFF, 0xF4, 0x00, 0x0F,
    0xFF, 0xFF, 0xF0, 0x00, 0x24, 0xF0, 0x2F, 0xC0, 0x00, 0x03, 0xC0, 0xBF, 0x00, 0x00, 0x0F, 0x02,
    0xF8, 0x00, 0x00, 0x78, 0x0B, 0xE0, 0x00, 0x02, 0xE0, 0x2F, 0x80, 0x00, 0x0B, 0x40, 0xFE, 0x00,
    0x00, 0x3C, 0x03, 0xF8, 0x00, 0x00, 0xF0, 0x0F, 0xE0, 0x00, 0x07, 0xC0, 0x3F, 0x40, 0x00, 0x2E,
    0x00, 0xFD, 0x00, 0x00, 0xF4, 0x03, 0xF4, 0x02, 0xC7, 0xC0, 0x0F, 0xD0, 0x1F, 0xFE, 0x00, 0x3F,
    0x40, 0x7F, 0xF0, 0x00, 0xFF, 0xF4, 0xFF, 0x40, 0x02, 0xFF, 0xC0, 0x50, 0x00, 0x01, 0x50, 0x00,
    0x00, 0x15, 0x00, 0x00, 0x00, 0x00, 0x02, 0xFF, 0x80, 0x00, 0x7F, 0x00, 0x0F, 0xFF, 0xC0, 0x00,
    0xFF, 0x00, 0x05, 0x1F, 0xD0, 0x01, 0xFF, 0x00, 0x00, 0x1F, 0xE0, 0x03, 0xFF, 0x00, 0x00, 0x3F,
    0xF0, 0x07, 0xFF, 0x00, 0x00, 0xBB, 0xF0, 0x0B, 0x7F, 0x00, 0x01, 0xF3, 0xF4, 0x0F, 0x7F, 0x00,
    0x03, 0xC3, 0xF8, 0x2D, 0x7F, 0x00, 0x07, 0x82, 0xFC, 0x3C, 0x7F, 0x00, 0x0F, 0x01, 0xFC, 0xB4,
    0x7F, 0x00, 0x2E, 0x00, 0xFD, 0xF0, 0x7F, 0x00, 0x3D, 0x00, 0xFF, 0xE0, 0x7F, 0x00, 0x7C, 0x00,
    0xBF, 0xC0, 0x7F, 0x00, 0xBC, 0x00, 0x7F, 0x80, 0x7F, 0x00, 0xBF, 0xD0, 0x3F, 0x00, 0x7F, 0x00,
    0xBF, 0xD0, 0x3E, 0x00, 0x3F, 0xFC, 0x3F, 0xC0, 0x2D, 0x00, 0x3F, 0xF8, 0x05, 0x00, 0x04, 0x00,
    0x05, 0x40, 0x01, 0x50, 0x00, 0x00, 0x00, 0x7F, 0xF8, 0x00, 0x2F, 0xC0, 0x7F, 0xFC, 0x00, 0x2F,
    0x80, 0x11, 0xFC, 0x00, 0x2F, 0x80, 0x01, 0xFC, 0x00, 0x3F, 0x80, 0x01, 0xFC, 0x00, 0x3F, 0x40,
    0x01, 0xFC, 0x00, 0x3F, 0x40, 0x02, 0xFC, 0x00, 0x3F, 0x40, 0x02, 0xFF, 0xFF, 0xFF, 0x40, 0x02,
    0xFF, 0xFF, 0xFF, 0x00, 0x03, 0xFE, 0x55, 0x7F, 0x00, 0x03, 0xF4, 0x00, 0x7F, 0x00, 0x03, 0xF4,
    0x00, 0x7F, 0x00, 0x03, 0xF4, 0x00, 0xBF, 0x00, 0x03, 0xF4, 0x00, 0xBF, 0x00, 0x03, 0xF0, 0x00,
    0xBF, 0x04, 0x03, 0xF0, 0x00, 0xBF, 0xFC, 0x07, 0xF0, 0x00, 0x3F, 0xF8, 0x00, 0x00, 0x00, 0x05,
    0x00, 0x00, 0x01, 0x54, 0x00, 0x00, 0x7F, 0xFF, 0x80, 0x02, 0xFF, 0xBF, 0xF0, 0x0B, 0xF4, 0x07,
    0xF8, 0x0F, 0xD0, 0x02, 0xFC, 0x2F, 0xC0, 0x00, 0xFE, 0x3F, 0x80, 0x00, 0xFF, 0x3F, 0x80, 0x00,
    0xFF, 0x7F, 0x40, 0x00, 0xFF, 0x7F, 0x40, 0x00, 0xFF, 0x7F, 0x40, 0x00, 0xFF, 0x7F, 0x40, 0x00,
    0xFF, 0x7F, 0x80, 0x00, 0xFE, 0x3F, 0xC0, 0x01, 0xFC, 0x2F, 0xC0, 0x03, 0xFC, 0x0F, 0xF0, 0x0B,
    0xF0, 0x07, 0xFE, 0xBF, 0xD0, 0x00, 0xFF, 0xFE, 0x00, 0x00, 0x05, 0x50, 0x00, 0x01, 0x40, 0x00,
    0x54, 0x00, 0x7F, 0xF4, 0x03, 0xFF, 0x40, 0xBF, 0xFC, 0x0F, 0xFF, 0xC0, 0x02, 0xFC, 0x2F, 0x6F,
    0xD0, 0x02, 0xF8, 0x3C, 0x0F, 0xD0, 0x02, 0xF8, 0x78, 0x0F, 0xD0, 0x02, 0xF8, 0xB4, 0x0F, 0xD0,
    0x02, 0xF4, 0xF0, 0x0F, 0xD0, 0x02, 0xF5, 0xE0, 0x1F, 0xC0, 0x02, 0xF6, 0xD0, 0x1F, 0xC0, 0x03,
    0xF3, 0xC0, 0x1F, 0xC0, 0x03, 0xF7, 0x80, 0x2F, 0xC0, 0x03, 0xFB, 0x40, 0x2F, 0xC0, 0x03, 0xFF,
    0x00, 0x2F, 0xC0, 0x03, 0xFE, 0x00, 0x3F, 0x80, 0x03, 0xFD, 0x00, 0x3F, 0x80, 0x03, 0xFC, 0x00,
    0x3F, 0xFF, 0x03, 0xF8, 0x00, 0x1F, 0xF8, 0x00, 0x00, 0x00, 0x01, 0x40, 0x01, 0x40, 0x00, 0x54,
    0x01, 0xFF, 0xD0, 0x2F, 0xFD, 0x0B, 0xFF, 0xC2, 0xFF, 0xFC, 0x00, 0xBF, 0x1F, 0x47, 0xF8, 0x02,
    0xFC, 0xB4, 0x0B, 0xF0, 0x0B, 0xE3, 0xC0, 0x1F, 0xD0, 0x2F, 0x9E, 0x00, 0x7F, 0x40, 0xBD, 0xB0,
    0x01, 0xFD, 0x02, 0xF7, 0xC0, 0x07, 0xF4, 0x0B, 0xDE, 0x00, 0x1F, 0xD0, 0x2F, 0xB4, 0x00, 0x7F,
    0x00, 0xFF, 0xC0, 0x02, 0xFC, 0x03, 0xFE, 0x00, 0x0F, 0xE0, 0x0F, 0xF4, 0x00, 0x7F, 0x40, 0x3F,
    0xC0, 0x03, 0xFC, 0x00, 0xFF, 0x00, 0x3F, 0xC0, 0x03, 0xFF, 0xEF, 0xFD, 0x00, 0x0F, 0xFF, 0xFF,
    0x80, 0x00, 0x3F, 0x05, 0x50, 0x00, 0x00, 0xFC, 0x00, 0x00, 0x00, 0x03, 0xF0, 0x00, 0x00, 0x00,
    0x1F, 0xC0, 0x00, 0x00, 0x00, 0x7F, 0x00, 0x00, 0x00, 0x01, 0xFE, 0x50, 0x00, 0x00, 0x0B, 0xFF,
    0xC0, 0x00, 0x00, 0x0A, 0xA9, 0x00, 0x00, 0x00, 0x00, 0x01, 0x54, 0x00, 0x00, 0xBF, 0xFD, 0x00,
    0x1F, 0xFA, 0xFD, 0x01, 0xFD, 0x00, 0xFC, 0x0F, 0xE0, 0x03, 0xF4, 0xBF, 0x00, 0x3F, 0xC3, 0xF8,
    0x00, 0xBE, 0x0F, 0xD0, 0x00, 0x00, 0x7F, 0x40, 0x00, 0x01, 0xFD, 0x00, 0x00, 0x07, 0xF0, 0x00,
    0x00, 0x1F, 0xD0, 0x00, 0x00, 0x7F, 0x40, 0x00, 0x00, 0xFF, 0x00, 0x00, 0x02, 0xFD, 0x00, 0x1E,
    0x03, 0xFD, 0x02, 0xF4, 0x07, 0xFF, 0xFF, 0x40, 0x07, 0xFF, 0xE0, 0x00, 0x00, 0x54, 0x00, 0x00,
    0x01, 0x40, 0x00, 0x50, 0x00, 0x05, 0x40, 0x07, 0xFF, 0x40, 0x7F, 0xE0, 0x07, 0xFF, 0x00, 0xBF,
    0xF8, 0x1F, 0xFF, 0x41, 0xFF, 0xF8, 0x00, 0x2F, 0xC3, 0xE7, 0xF8, 0x3E, 0x7F, 0xC0, 0x02, 0xFC,
    0x7C, 0x1F, 0x83, 0xC2, 0xFC, 0x00, 0x2F, 0x8B, 0x41, 0xF8, 0xB8, 0x2F, 0xC0, 0x02, 0xF8, 0xF0,
    0x1F, 0x4F, 0x02, 0xFC, 0x00, 0x2F, 0x4F, 0x02, 0xF4, 0xF0, 0x2F, 0xC0, 0x02, 0xF6, 0xD0, 0x2F,
    0x2D, 0x03, 0xF8, 0x00, 0x2F, 0x7C, 0x02, 0xF3, 0xC0, 0x3F, 0x80, 0x03, 0xF7, 0xC0, 0x3F, 0x38,
    0x03, 0xF8, 0x00, 0x3F, 0x74, 0x03, 0xFB, 0x40, 0x3F, 0x40, 0x03, 0xFB, 0x00, 0x3F, 0xF0, 0x03,
    0xF4, 0x00, 0x3F, 0xF0, 0x03, 0xFE, 0x00, 0x7F, 0x40, 0x03, 0xFE, 0x00, 0x3F, 0xD0, 0x07, 0xF0,
    0x00, 0x3F, 0xC0, 0x03, 0xFC, 0x00, 0x7F, 0x04, 0x03, 0xFC, 0x00, 0x7F, 0x80, 0x07, 0xFF, 0xD0,
    0x3F, 0x80, 0x07, 0xF0, 0x00, 0x3F, 0xF4, 0x00, 0x00, 0x00, 0x00, 0x00, 0x00, 0x54, 0x00, 0x01,
    0x40, 0x00, 0x14, 0x1F, 0xFD, 0x00, 0x2F, 0xDB, 0xFF, 0xC0, 0x0F, 0xFC, 0x0B, 0xF0, 0x03, 0xFF,
    0x02, 0xFC, 0x00, 0x1F, 0xC0, 0xBF, 0x00, 0x03, 0xE0, 0x2F, 0xC0, 0x00, 0xF0, 0x0B, 0xF0, 0x00,
    0xBC, 0x02, 0xFC, 0x00, 0x3D, 0x00, 0x7F, 0x00, 0x1F, 0x00, 0x1F, 0xC0, 0x0F, 0x80, 0x03, 0xF4,
    0x07, 0xC0, 0x00, 0xFE, 0x02, 0xE0, 0x00, 0x3F, 0xC0, 0xF0, 0x00, 0x07, 0xF0, 0xBC, 0x00, 0x00,
    0xFF, 0x7D, 0x00, 0x00, 0x1F, 0xFF, 0x00, 0x00, 0x01, 0xFF, 0x40, 0x00, 0x00, 0x07, 0xC0, 0x00,
    0x00, 0x02, 0xE0, 0x00, 0x00, 0x00, 0xF0, 0x00, 0x07, 0x80, 0xB8, 0x00, 0x03, 0xF4, 0x7C, 0x00,
    0x00, 0xFF, 0xFD, 0x00, 0x00, 0x2F, 0xFE, 0x00, 0x00, 0x01, 0xA4, 0x00, 0x00, 0x00, 0x00, 0x00,
    0x2A, 0xA4, 0x00, 0x00, 0x00, 0x00, 0x07, 0xFF, 0xC0, 0x00, 0x00, 0x00, 0x00, 0x1B, 0xFC, 0x00,
    0x00, 0x00, 0x00, 0x00, 0x1F, 0xC0, 0x00, 0x00, 0x00, 0x00, 0x01, 0xFC, 0x00, 0x00, 0x00, 0x00,
    0x00, 0x1F, 0xC0, 0x00, 0x00, 0x00, 0x00, 0x01, 0xFC, 0x00, 0x00, 0x00, 0x00, 0x00, 0x2F, 0x80,
    0x00, 0x00, 0x00, 0x05, 0x52, 0xF8, 0x01, 0x50, 0x00, 0x07, 0xFF, 0xFF, 0x82, 0xFF, 0xC0, 0x02,
    0xFF, 0xFF, 0xF8, 0xBF, 0xFF, 0x00, 0x7F, 0x80, 0x3F, 0x9F, 0x0B, 0xF4, 0x0F, 0xE0, 0x02, 0xF7,
    0xC0, 0x3F, 0xC2, 0xFC, 0x00, 0x3F, 0xB4, 0x02, 0xFC, 0x3F, 0x80, 0x03, 0xFF, 0x00, 0x1F, 0xC3,
    0xF4, 0x00, 0x3F, 0xD0, 0x01, 0xFC, 0x7F, 0x00, 0x03, 0xFC, 0x00, 0x1F, 0xC7, 0xF0, 0x00, 0x3F,
    0xC0, 0x01, 0xFC, 0x7F, 0x00, 0x07, 0xF8, 0x00, 0x2F, 0xC7, 0xF0, 0x00, 0xBF, 0x80, 0x03, 0xF8,
    0x7F, 0x00, 0x0F, 0xF4, 0x00, 0x3F, 0x47, 0xF4, 0x02, 0xFF, 0x40, 0x07, 0xF0, 0x3F, 0x80, 0x3B,
    0xF4, 0x00, 0xFE, 0x02, 0xFD, 0x0F, 0x3F, 0x40, 0x3F, 0xC0, 0x0F, 0xFF, 0xD3, 0xFF, 0xFF, 0xF4,
    0x00, 0x7F, 0xF4, 0x3F, 0xFF, 0xFC, 0x00, 0x00, 0x54, 0x03, 0xF0, 0x54, 0x00, 0x00, 0x00, 0x00,
    0x7F, 0x00, 0x00, 0x00, 0x00, 0x00, 0x07, 0xF0, 0x00, 0x00, 0x00, 0x00, 0x00, 0x7F, 0x00, 0x00,
    0x00, 0x00, 0x00, 0x0B, 0xF0, 0x00, 0x00, 0x00, 0x00, 0x00, 0xBF, 0x94, 0x00, 0x00, 0x00, 0x00,
    0x0B, 0xFF, 0xC0, 0x00, 0x00, 0x00, 0x00, 0x2A, 0xA4, 0x00, 0x00, 0x01, 0x50, 0x00, 0x04, 0x02,
    0xFF, 0xC0, 0x07, 0xF4, 0x3F, 0xFF, 0x00, 0xFF, 0x81, 0x0F, 0xF4, 0x03, 0xF8, 0x00, 0x7F, 0x80,
    0x2F, 0x00, 0x03, 0xFC, 0x07, 0xD0, 0x00, 0x1F, 0xE2, 0xF4, 0x00, 0x00, 0xFF, 0xBC, 0x00, 0x00,
    0x07, 0xFF, 0x00, 0x00, 0x00, 0x3F, 0xC0, 0x00, 0x00, 0x1F, 0xFE, 0x00, 0x00, 0x0B, 0xEF, 0xF0,
    0x00, 0x03, 0xF4, 0x7F, 0x40, 0x00, 0xFC, 0x03, 0xFC, 0x00, 0x2F, 0x00, 0x2F, 0xD0, 0x03, 0xF4,
    0x00, 0xFF, 0x00, 0x3F, 0xE0, 0x0B, 0xFF, 0xE2, 0xFD, 0x00, 0x2F, 0xFC, 0x05, 0x00, 0x00, 0x54,
    0x00, 0x01, 0x50, 0x00, 0x00, 0x00, 0x07, 0xFF, 0x00, 0x07, 0xF4, 0x07, 0xFF, 0xD0, 0x02, 0xFC,
    0x00, 0x47, 0xF4, 0x00, 0xFF, 0x00, 0x01, 0xFC, 0x00, 0x7F, 0xC0, 0x00, 0x7F, 0x00, 0x2F, 0xF0,
    0x00, 0x1F, 0xC0, 0x0F, 0xBC, 0x00, 0x0B, 0xF0, 0x07, 0xBF, 0x00, 0x02, 0xFC, 0x03, 0xCF, 0xC0,
    0x00, 0xBF, 0x00, 0xF3, 0xF0, 0x00, 0x3F, 0x80, 0x78, 0xF8, 0x00, 0x0F, 0xE0, 0x3D, 0x7E, 0x00,
    0x03, 0xF4, 0x0F, 0x1F, 0x80, 0x00, 0xFD, 0x0B, 0x8B, 0xE0, 0x00, 0x3F, 0x43, 0xD2, 0xF8, 0x00,
    0x0F, 0xF6, 0xF0, 0xFE, 0x2D, 0x02, 0xFF, 0xF0, 0x3F, 0xFF, 0x80, 0x3F, 0xF4, 0x07, 0xFF, 0xD0,
    0x01, 0x50, 0x00, 0x52, 0xF0, 0x00, 0x00, 0x00, 0x00, 0xFC, 0x00, 0x00, 0x00, 0x00, 0x7D, 0x00,
    0x00, 0x00, 0x00, 0x2F, 0x00, 0x00, 0x00, 0x00, 0x0F, 0x40, 0x00, 0x00, 0x00, 0x07, 0x80, 0x00,
    0x00, 0x00, 0x00, 0x40, 0x00, 0x01, 0x40, 0x00, 0x00, 0x02, 0xFF, 0x40, 0x07, 0xF0, 0xFF, 0xFC,
    0x00, 0xFF, 0x00, 0x2F, 0xC0, 0x0F, 0xF0, 0x02, 0xF8, 0x02, 0xFF, 0x00, 0x3F, 0x80, 0x3F, 0xE0,
    0x03, 0xF4, 0x0B, 0xBE, 0x00, 0x3F, 0x40, 0xEB, 0xD0, 0x07, 0xF0, 0x2D, 0xFD, 0x00, 0x7F, 0x07,
    0xCF, 0xC0, 0x03, 0xFF, 0xF0, 0xFC, 0x00, 0x3F, 0xFD, 0x0F, 0xC0, 0x00, 0xFF, 0x41, 0xFC, 0x00,
    0x00, 0x00, 0x2F, 0xC0, 0x00, 0x00, 0x02, 0xF8, 0x00, 0x00, 0x00, 0x3F, 0xC0, 0x00, 0x00, 0x03,
    0xFF, 0xE0, 0x00, 0x00, 0x1F, 0xFD, 0x00, 0x00, 0x00, 0x14, 0x00, 0x01, 0x50, 0x00, 0x00, 0x00,
    0x00, 0x00, 0x02, 0xFF, 0xC0, 0x01, 0xFD, 0x00, 0x2F, 0xC0, 0x7F, 0xFD, 0x00, 0x3F, 0xC0, 0x03,
    0xFC, 0x01, 0x1F, 0xD0, 0x03, 0xFC, 0x00, 0x7F, 0xC0, 0x01, 0xFC, 0x00, 0x7F, 0xC0, 0x0B, 0xFC,
    0x00, 0x1F, 0xC0, 0x0F, 0xFC, 0x00, 0xFF, 0x80, 0x01, 0xFC, 0x00, 0xEF, 0xC0, 0x1E, 0xF8, 0x00,
    0x2F, 0xC0, 0x2D, 0xF8, 0x02, 0xDF, 0x80, 0x02, 0xFC, 0x03, 0xCF, 0x80, 0x3D, 0xF8, 0x00, 0x2F,
    0x80, 0x39, 0xF8, 0x07, 0x9F, 0x80, 0x03, 0xF8, 0x0B, 0x5F, 0x40, 0xB6, 0xF8, 0x00, 0x3F, 0x80,
    0xF1, 0xF4, 0x0F, 0x2F, 0x40, 0x03, 0xF4, 0x1F, 0x2F, 0x40, 0xF2, 0xF4, 0x00, 0x3F, 0x42, 0xD2,
    0xF4, 0x2D, 0x3F, 0x40, 0x03, 0xF4, 0x3C, 0x2F, 0x43, 0xC3, 0xF4, 0x00, 0x3F, 0xDF, 0x82, 0xFD,
    0xBC, 0x3F, 0x44, 0x03, 0xFF, 0xF0, 0x1F, 0xFF, 0x43, 0xFF, 0xD0, 0x0F, 0xFD, 0x00, 0xFF, 0xD0,
    0x2F, 0xFD, 0x00, 0x15, 0x00, 0x01, 0x50, 0x00, 0x54, 0x00, 0x01, 0x50, 0x00, 0x00, 0x00, 0x00,
    0x00, 0x00, 0xBF, 0xF0, 0x00, 0x7F, 0x40, 0x0F, 0xF0, 0x07, 0xFF, 0xD0, 0x03, 0xFC, 0x00, 0x3F,
    0xC0, 0x04, 0x7F, 0x40, 0x0F, 0xF0, 0x01, 0xFF, 0x00, 0x01, 0xFC, 0x00, 0x7F, 0xC0, 0x0B, 0xF8,
    0x00, 0x07, 0xF0, 0x03, 0xFF, 0x00, 0x3F, 0xE0, 0x00, 0x1F, 0xC0, 0x0E, 0xFC, 0x01, 0xEF, 0x80,
    0x00, 0xBF, 0x00, 0xB7, 0xE0, 0x0B, 0x7E, 0x00, 0x02, 0xFC, 0x03, 0xCF, 0x80, 0x3D, 0xF8, 0x00,
    0x0B, 0xE0, 0x0E, 0x7E, 0x01, 0xE7, 0xE0, 0x00, 0x3F, 0x80, 0xB5, 0xF4, 0x0B, 0x6F, 0x40, 0x00,
    0xFE, 0x03, 0xCB, 0xD0, 0x3C, 0xBD, 0x00, 0x03, 0xF4, 0x1F, 0x2F, 0x41, 0xE2, 0xF4, 0x00, 0x0F,
    0xD0, 0xB4, 0xFC, 0x0B, 0x4F, 0xD0, 0x00, 0x3F, 0x43, 0xC3, 0xF4, 0x3C, 0x3F, 0x40, 0x00, 0xFF,
    0x6E, 0x0F, 0xF7, 0xE0, 0xFD, 0x3D, 0x02, 0xFF, 0xF0, 0x2F, 0xFF, 0x03, 0xFF, 0xF8, 0x03, 0xFF,
    0x40, 0x3F, 0xF4, 0x0B, 0xFF, 0xD0, 0x01, 0x50, 0x00, 0x15, 0x00, 0x05, 0x3F, 0x00, 0x00, 0x00,
    0x00, 0x00, 0x00, 0x00, 0xF8, 0x00, 0x00, 0x00, 0x00, 0x00, 0x00, 0x07, 0xC0, 0x00, 0x00, 0x00,
    0x00, 0x00, 0x00, 0x3E, 0x00, 0x00, 0x00, 0x00, 0x00, 0x00, 0x01, 0xF0, 0x00, 0x00, 0x00, 0x00,
    0x00, 0x00, 0x0B, 0x40, 0x00, 0x00, 0x00, 0x00, 0x00, 0x00, 0x04, 0x00, 0x01, 0x40, 0x01, 0x00,
    0x03, 0xFF, 0xFF, 0xE0, 0x02, 0xFF, 0xFF, 0xF0, 0x00, 0xFF, 0x91, 0xF4, 0x00, 0x3C, 0x01, 0xF8,
    0x00, 0x0F, 0x01, 0xFC, 0x00, 0x03, 0x80, 0xFC, 0x00, 0x00, 0x90, 0xBE, 0x1A, 0x80, 0x00, 0x3F,
    0xFF, 0xFD, 0x00, 0x2F, 0xF9, 0xBF, 0xC0, 0x0F, 0xE0, 0x07, 0xF4, 0x07, 0xF4, 0x01, 0xFD, 0x01,
    0xFC, 0x00, 0x7F, 0x00, 0x7F, 0x00, 0x1F, 0xC0, 0x1F, 0xC0, 0x0F, 0xE0, 0x03, 0xF8, 0x0B, 0xF0,
    0x00, 0x7F, 0x9B, 0xF0, 0x00, 0x07, 0xFF, 0xE0, 0x00, 0x00, 0x15, 0x40, 0x00, 0x01, 0x50, 0x00,
    0x00, 0x00, 0x00, 0x3F, 0xFC, 0x00, 0x00, 0x1F, 0xC0, 0x7F, 0xFC, 0x00, 0x00, 0x1F, 0xC0, 0x01,
    0xFC, 0x00, 0x00, 0x2F, 0xC0, 0x00, 0xFC, 0x00, 0x00, 0x2F, 0xC0, 0x01, 0xFC, 0x00, 0x00, 0x2F,
    0x80, 0x02, 0xF8, 0x00, 0x00, 0x3F, 0x80, 0x02, 0xF8, 0x6F, 0x80, 0x3F, 0x80, 0x03, 0xFF, 0xFF,
    0xF0, 0x3F, 0x40, 0x03, 0xFE, 0x5B, 0xF4, 0x3F, 0x40, 0x03, 0xF0, 0x03, 0xF8, 0x3F, 0x40, 0x03,
    0xF0, 0x03, 0xF8, 0x3F, 0x00, 0x07, 0xF0, 0x03, 0xF8, 0x7F, 0x00, 0x07, 0xF0, 0x03, 0xF4, 0x7F,
    0x00, 0x07, 0xF0, 0x07, 0xF0, 0x7F, 0x00, 0x03, 0xF4, 0x0F, 0xD0, 0x7F, 0x04, 0x02, 0xFE, 0xBF,
    0x40, 0x7F, 0xFC, 0x00, 0xBF, 0xFD, 0x00, 0x3F, 0xF8, 0x00, 0x05, 0x40, 0x00, 0x05, 0x40, 0x01,
    0x50, 0x00, 0x00, 0x2F, 0xFC, 0x00, 0x00, 0x7F, 0xFC, 0x00, 0x00, 0x00, 0xFC, 0x00, 0x00, 0x01,
    0xFC, 0x00, 0x00, 0x01, 0xFC, 0x00, 0x00, 0x02, 0xFC, 0x00, 0x00, 0x02, 0xF8, 0x6F, 0x90, 0x03,
    0xFF, 0xFF, 0xF4, 0x03, 0xFE, 0x57, 0xFC, 0x03, 0xF4, 0x01, 0xFC, 0x03, 0xF0, 0x01, 0xFD, 0x07,
    0xF0, 0x01, 0xFC, 0x07, 0xF0, 0x02, 0xFC, 0x03, 0xF0, 0x03, 0xF8, 0x03, 0xF4, 0x0B, 0xF0, 0x02,
    0xFE, 0xBF, 0xC0, 0x00, 0xBF, 0xFE, 0x00, 0x00, 0x05, 0x50, 0x00, 0x00, 0x05, 0x40, 0x00, 0x1F,
    0xFF, 0x80, 0x0F, 0xFF, 0xFF, 0x02, 0xF4, 0x0B, 0xF8, 0x2C, 0x00, 0x2F, 0xC0, 0x00, 0x00, 0xFE,
    0x00, 0x00, 0x0F, 0xF0, 0x00, 0x00, 0xFF, 0x03, 0xFF, 0xFF, 0xF0, 0x3F, 0xFF, 0xFF, 0x01, 0x00,
    0x0F, 0xF0, 0x00, 0x00, 0xFE, 0x04, 0x00, 0x0F, 0xD7, 0xF0, 0x02, 0xFC, 0xBF, 0x00, 0x3F, 0x8B,
    0xF0, 0x0B, 0xF0, 0x3F, 0x9B, 0xFC, 0x00, 0xFF, 0xFE, 0x00, 0x00, 0x55, 0x00, 0x00, 0x01, 0x50,
    0x00, 0x00, 0x55, 0x00, 0x1F, 0xFE, 0x00, 0x02, 0xFF, 0xF8, 0x07, 0xFF, 0xC0, 0x03, 0xFE, 0xFF,
    0xC0, 0x47, 0xF0, 0x03, 0xF8, 0x07, 0xF8, 0x01, 0xFC, 0x02, 0xFC, 0x00, 0xBF, 0x00, 0x7F, 0x00,
    0xFE, 0x00, 0x1F, 0xD0, 0x2F, 0xC0, 0x7F, 0x00, 0x03, 0xF8, 0x0B, 0xF0, 0x2F, 0xC0, 0x00, 0xFF,
    0x02, 0xFF, 0xFF, 0xF0, 0x00, 0x3F, 0xC0, 0xFF, 0xFF, 0xFC, 0x00, 0x0F, 0xF0, 0x3F, 0xD4, 0xFF,
    0x00, 0x03, 0xF8, 0x0F, 0xD0, 0x3F, 0xC0, 0x00, 0xFE, 0x03, 0xF4, 0x0B, 0xF0, 0x00, 0x7F, 0x40,
    0xFD, 0x01, 0xFC, 0x00, 0x2F, 0xC0, 0x3F, 0x00, 0x3F, 0x80, 0x0F, 0xE0, 0x0F, 0xC0, 0x0B, 0xF0,
    0x0F, 0xF0, 0x07, 0xF0, 0x00, 0xFF, 0xAF, 0xF0, 0x01, 0xFC, 0x00, 0x0B, 0xFF, 0xE0, 0x00, 0x00,
    0x00, 0x00, 0x15, 0x40, 0x00, 0x00, 0x05, 0x50, 0x50, 0x00, 0x2F, 0xFF, 0xFC, 0x00, 0x3F, 0xE6,
    0xFF, 0x00, 0x3F, 0xC0, 0x2F, 0xC0, 0x1F, 0xD0, 0x0B, 0xF0, 0x0B, 0xF0, 0x02, 0xFC, 0x02, 0xFC,
    0x00, 0xBE, 0x00, 0x7F, 0x40, 0x3F, 0x80, 0x0F, 0xF4, 0x2F, 0xE0, 0x00, 0xFF, 0xFF, 0xF8, 0x00,
    0x02, 0xFD, 0xFD, 0x00, 0x02, 0xF8, 0x3F, 0x40, 0x03, 0xF0, 0x0F, 0xD0, 0x07, 0xE0, 0x03, 0xF4,
    0x03, 0xF0, 0x01, 0xFC, 0x01, 0xFC, 0x00, 0x7F, 0x44, 0x7F, 0xC0, 0x0F, 0xFF, 0x0F, 0xE0, 0x03,
    0xFF, 0x40, 0x50, 0x00, 0x15, 0x00, 0x00, 0x00, 0x00, 0x00, 0x07, 0xE0, 0x1F, 0x40, 0x3F, 0xC0,
    0xFF, 0x00, 0xFF, 0x47, 0xFC, 0x03, 0xFC, 0x0F, 0xE0, 0x01, 0x40, 0x05, 0x00, 0x00, 0x00, 0x00,
    0x00, 0x00, 0x00, 0x00, 0x00, 0x01, 0x54, 0x00, 0x00, 0xFF, 0xFD, 0x00, 0x1F, 0xEB, 0xFD, 0x01,
    0xFD, 0x03, 0xFC, 0x0F, 0xD0, 0x0B, 0xF0, 0xBF, 0x00, 0x2F, 0xC3, 0xF8, 0x00, 0xFE, 0x0F, 0xD0,
    0x0B, 0xF0, 0x7F, 0x46, 0xFF, 0x41, 0xFF, 0xFF, 0xE0, 0x07, 0xFF, 0xE4, 0x00, 0x1F, 0xD0, 0x00,
    0x00, 0x7F, 0x40, 0x00, 0x00, 0xFF, 0x00, 0x00, 0x02, 0xFD, 0x00, 0x1C, 0x03, 0xFE, 0x02, 0xF8,
    0x07, 0xFF, 0xFF, 0x80, 0x07, 0xFF, 0xF4, 0x00, 0x00, 0x54, 0x00, 0x00, 0x6A, 0xA4, 0x00, 0x00,
    0x0B, 0xFF, 0x80, 0x00, 0x00, 0x1B, 0xF8, 0x00, 0x00, 0x00, 0x2F, 0x80, 0x00, 0x00, 0x03, 0xF8,
    0x00, 0x00, 0x0B, 0xFF, 0xFF, 0xF0, 0x00, 0xBF, 0xFF, 0xFF, 0x00, 0x00, 0x3F, 0x80, 0x00, 0x00,
    0x03, 0xF4, 0x00, 0x54, 0x00, 0x3F, 0x40, 0x7F, 0xF0, 0x03, 0xF4, 0x1F, 0xFF, 0x80, 0x3F, 0x43,
    0xE7, 0xFC, 0x03, 0xF4, 0x78, 0x2F, 0xC0, 0x3F, 0x0F, 0x41, 0xFC, 0x03, 0xF0, 0xF0, 0x2F, 0xC0,
    0x3F, 0x1E, 0x02, 0xFC, 0x03, 0xF3, 0xC0, 0x2F, 0xC0, 0x3F, 0x3C, 0x03, 0xF8, 0x03, 0xE7, 0x80,
    0x3F, 0x80, 0x7E, 0xF0, 0x03, 0xF4, 0x07, 0xEF, 0x00, 0x3F, 0x40, 0x7F, 0xE0, 0x03, 0xF4, 0x07,
    0xFC, 0x00, 0x3F, 0x00, 0x7F, 0xC0, 0x07, 0xF0, 0x07, 0xF4, 0x00, 0x7F, 0x00, 0x7F, 0x00, 0x07,
    0xE0, 0x00, 0x00, 0x00, 0xBD, 0x00, 0x00, 0x00, 0x0B, 0xC0, 0x00, 0x00, 0x00, 0xBC, 0x00, 0x00,
    0x00, 0x0F, 0x80, 0x00, 0x00, 0xFA, 0xF0, 0x00, 0x00, 0x0F, 0xFD, 0x00, 0x00, 0x00, 0xFF, 0x40,
    0x00, 0x00, 0x02, 0x80, 0x00, 0x00, 0x00, 0x00, 0x00, 0x00, 0xB8, 0x00, 0x02, 0xFC, 0x00, 0x07,
    0xFC, 0x00, 0x0F, 0xE0, 0x00, 0x3F, 0x00, 0x00, 0xB8, 0x00, 0x00, 0x10, 0x00, 0x00, 0x00, 0x00,
    0x00, 0x05, 0x40, 0x01, 0xFF, 0xF8, 0x1F, 0xFF, 0xFD, 0x3F, 0x82, 0xFF, 0x14, 0x00, 0xFF, 0x00,
    0x00, 0xFE, 0x00, 0x02, 0xFC, 0x00, 0x0B, 0xF0, 0x00, 0x2F, 0xC0, 0x00, 0xFE, 0x00, 0x07, 0xF4,
    0x00, 0x1F, 0xD0, 0x00, 0x3F, 0x80, 0x00, 0xBF, 0x00, 0x00, 0xBF, 0x40, 0x09, 0x7F, 0xD1, 0xFF,
    0x3F, 0xFF, 0xF8, 0x0F, 0xFF, 0x80, 0x01, 0x54, 0x00, 0x00, 0x01, 0x54, 0x00, 0x00, 0xBF, 0xFD,
    0x00, 0x1F, 0xFA, 0xFE, 0x01, 0xFD, 0x00, 0xFC, 0x0F, 0xE0, 0x03, 0xF0, 0xBF, 0x00, 0x3F, 0xC3,
    0xF8, 0x00, 0x7E, 0x0F, 0xD0, 0x00, 0x00, 0x7F, 0x96, 0xA8, 0x01, 0xFF, 0xFF, 0xF4, 0x07, 0xFA,
    0xAA, 0x80, 0x1F, 0xD0, 0x00, 0x00, 0x7F, 0x40, 0x00, 0x00, 0xFF, 0x00, 0x00, 0x02, 0xFD, 0x00,
    0x1E, 0x03, 0xFD, 0x02, 0xF4, 0x07, 0xFF, 0xFF, 0x40, 0x07, 0xFF, 0xF0, 0x00, 0x00, 0x54, 0x00,
    0x00, 0x00, 0x05, 0x40, 0x00, 0x7F, 0xFF, 0x40, 0x7F, 0x9B, 0xF8, 0x3F, 0x00, 0x7F, 0x2F, 0x40,
    0x2F, 0xCB, 0xE0, 0x02, 0x82, 0xFE, 0x00, 0x00, 0x7F, 0xF4, 0x00, 0x0B, 0xFF, 0xD0, 0x00, 0xBF,
    0xFF, 0x00, 0x02, 0xFF, 0xF0, 0x00, 0x07, 0xFD, 0x00, 0x00, 0x3F, 0x86, 0x40, 0x07, 0xEB, 0xF0,
    0x01, 0xF6, 0xFC, 0x00, 0xFC, 0x7F, 0xEA, 0xFD, 0x07, 0xFF, 0xF8, 0x00, 0x05, 0x50, 0x00, 0x00,
    0x10, 0x00, 0x07, 0xF4, 0x00, 0x3F, 0xF0, 0x00, 0xFF, 0xC0, 0x01, 0xFD, 0x00, 0x00, 0x40, 0x00,
    0x00, 0x00, 0x00, 0x00, 0x00, 0x01, 0x50, 0x00, 0xFF, 0xE0, 0x07, 0xFF, 0xC0, 0x04, 0x3F, 0x40,
    0x00, 0xFD, 0x00, 0x07, 0xF4, 0x00, 0x1F, 0xC0, 0x00, 0x7F, 0x00, 0x01, 0xFC, 0x00, 0x0B, 0xF0,
    0x00, 0x2F, 0xC0, 0x00, 0xBF, 0x00, 0x03, 0xF8, 0x00, 0x0F, 0xE0, 0x00, 0x3F, 0x80, 0x00, 0xFE,
    0x04, 0x03, 0xFF, 0xF0, 0x07, 0xFE, 0x00, 0x01, 0x40, 0x00, 0x00, 0x00, 0x00, 0x07, 0xE0, 0x1F,
    0x83, 0xFD, 0x0F, 0xF0, 0xFF, 0x47, 0xFC, 0x3F, 0xC0, 0xFF, 0x01, 0x40, 0x05, 0x00, 0x00, 0x00,
    0x00, 0x00, 0x00, 0x00, 0x00, 0x15, 0x00, 0x00, 0xFF, 0xE0, 0x00, 0x7F, 0xFC, 0x00, 0x04, 0x3F,
    0x40, 0x00, 0x0F, 0xD0, 0x00, 0x03, 0xF4, 0x00, 0x01, 0xFC, 0x00, 0x00, 0x7F, 0x00, 0x00, 0x1F,
    0xC0, 0x00, 0x0B, 0xF0, 0x00, 0x02, 0xFC, 0x00, 0x00, 0xBF, 0x00, 0x00, 0x3F, 0x80, 0x00, 0x0F,
    0xE0, 0x00, 0x03, 0xF8, 0x00, 0x00, 0xFE, 0x04, 0x00, 0x3F, 0xFF, 0x00, 0x07, 0xFE, 0x00, 0x00,
    0x14, 0x00, 0x00, 0x01, 0x00, 0x01, 0xFC, 0x00, 0x3F, 0xE0, 0x03, 0xFE, 0x00, 0x2F, 0xD0, 0x00,
    0x50, 0x00, 0x00, 0x00, 0x00, 0x00, 0x00, 0x15, 0x00, 0x2F, 0xFC, 0x03, 0xFF, 0xE0, 0x10, 0xFE,
    0x00, 0x0F, 0xE0, 0x00, 0xFE, 0x00, 0x0F, 0xE0, 0x00, 0xFE, 0x00, 0x0F, 0xE0, 0x00, 0xFD, 0x00,
    0x0F, 0xD0, 0x00, 0xFD, 0x00, 0x0F, 0xD0, 0x00, 0xFD, 0x00, 0x1F, 0xC0, 0x01, 0xFC, 0x00, 0x1F,
    0xC0, 0x01, 0xF8, 0x00, 0x1F, 0x80, 0x02, 0xF0, 0x00, 0x2F, 0x00, 0x03, 0xD0, 0x3E, 0xBC, 0x03,
    0xFF, 0x40, 0x3F, 0xE0, 0x00, 0xA4, 0x00, 0x00, 0x00, 0x55, 0x40, 0x00, 0x00, 0x00, 0x2F, 0xFF,
    0xFC, 0x00, 0x00, 0x00, 0xFF, 0xFF, 0xFF, 0x00, 0x00, 0x00, 0x97, 0xC0, 0xBE, 0x00, 0x00, 0x00,
    0x03, 0xC0, 0xBE, 0x00, 0x00, 0x00, 0x07, 0x80, 0xBE, 0x00, 0x00, 0x00, 0x07, 0x80, 0xFD, 0x00,
    0x00, 0x00, 0x0B, 0x40, 0xFD, 0x1B, 0xE0, 0x00, 0x0F, 0x40, 0xFF, 0xFF, 0xFC, 0x00, 0x0F, 0x00,
    0xFF, 0x96, 0xFE, 0x00, 0x0F, 0x00, 0xFC, 0x00, 0xFF, 0x00, 0x1E, 0x01, 0xFC, 0x00, 0xBF, 0x00,
    0x2D, 0x01, 0xFC, 0x00, 0xBF, 0x00, 0x3C, 0x01, 0xFC, 0x00, 0xFE, 0x3C, 0xBC, 0x01, 0xFC, 0x01,
    0xFC, 0x7F, 0xF8, 0x00, 0xFD, 0x03, 0xF4, 0x7F, 0xF0, 0x00, 0xBF, 0xAF, 0xD0, 0x3F, 0xD0, 0x00,
    0x2F, 0xFF, 0x00, 0x05, 0x00, 0x00, 0x01, 0x50, 0x00, 0x01, 0x50, 0x00, 0x00, 0x00, 0x00, 0x1F,
    0xFE, 0x00, 0x0F, 0xE0, 0x00, 0x07, 0xFF, 0xC0, 0x03, 0xF4, 0x00, 0x00, 0x47, 0xF0, 0x00, 0xFD,
    0x00, 0x00, 0x01, 0xFC, 0x00, 0x3F, 0x00, 0x00, 0x00, 0x7F, 0x00, 0x0F, 0xC0, 0x00, 0x00, 0x1F,
    0xC0, 0x07, 0xF0, 0x00, 0x00, 0x0B, 0xF0, 0x01, 0xFC, 0x6F, 0xD0, 0x02, 0xFF, 0xFF, 0xFF, 0xFF,
    0xFE, 0x00, 0xBF, 0xFF, 0xFF, 0xF5, 0x7F, 0xC0, 0x3F, 0xE5, 0x4B, 0xE0, 0x07, 0xF4, 0x0F, 0xD0,
    0x02, 0xF8, 0x00, 0xFD, 0x03, 0xF4, 0x00, 0xBE, 0x00, 0x7F, 0x40, 0xFD, 0x00, 0x3F, 0x80, 0x1F,
    0xC0, 0x3F, 0x40, 0x0B, 0xE0, 0x0F, 0xE0, 0x0F, 0xC0, 0x01, 0xFC, 0x07, 0xF0, 0x03, 0xF0, 0x00,
    0x3F, 0xEB, 0xF0, 0x01, 0xFC, 0x00, 0x03, 0xFF, 0xE0, 0x00, 0x00, 0x00, 0x00, 0x05, 0x40, 0x00,
    0x2A, 0xA4, 0x00, 0x00, 0x00, 0x7F, 0xFC, 0x00, 0x00, 0x00, 0x1B, 0xFC, 0x00, 0x00, 0x00, 0x01,
    0xFC, 0x00, 0x00, 0x00, 0x02, 0xFC, 0x00, 0x00, 0x00, 0x7F, 0xFF, 0xFF, 0x00, 0x00, 0x7F, 0xFF,
    0xFF, 0x00, 0x00, 0x02, 0xF8, 0x00, 0x00, 0x00, 0x02, 0xF8, 0x00, 0x54, 0x00, 0x02, 0xF8, 0x07,
    0xFF, 0x00, 0x02, 0xF8, 0x0F, 0xFF, 0xC0, 0x03, 0xF8, 0x3F, 0x7F, 0xC0, 0x03, 0xF4, 0x7C, 0x1F,
    0xC0, 0x03, 0xF4, 0xB4, 0x1F, 0xC0, 0x03, 0xF4, 0xF0, 0x1F, 0xC0, 0x03, 0xF1, 0xE0, 0x1F, 0xC0,
    0x03, 0xF2, 0xD0, 0x2F, 0xC0, 0x03, 0xF3, 0xC0, 0x2F, 0xC0, 0x03, 0xF3, 0x80, 0x2F, 0xC0, 0x03,
    0xFB, 0x40, 0x3F, 0x80, 0x03, 0xEF, 0x00, 0x3F, 0x80, 0x03, 0xFE, 0x00, 0x3F, 0x80, 0x03, 0xFD,
    0x00, 0x3F, 0x40, 0x03, 0xFC, 0x00, 0x3F, 0x40, 0x03, 0xF8, 0x00, 0x3F, 0xFE, 0x07, 0xF4, 0x00,
    0x2F, 0xF8, 0x00, 0x00, 0x00, 0x05, 0x40, 0x00, 0x00, 0x00, 0x00, 0x00, 0x00, 0x00, 0x07, 0xC0,
    0x00, 0x00, 0x00, 0x3F, 0x40, 0x00, 0x00, 0x03, 0xFD, 0x00, 0x00, 0x00, 0x2F, 0xC0, 0x00, 0x00,
    0x01, 0xF8, 0x00, 0x00, 0x00, 0x0F, 0x40, 0x00, 0x00, 0x00, 0x10, 0x00, 0x00, 0x00, 0x00, 0x00,
    0x00, 0x00, 0x05, 0x40, 0x00, 0x14, 0x07, 0xFF, 0x80, 0x0B, 0xFC, 0x1F, 0xFF, 0x00, 0x7F, 0xF4,
    0x01, 0xFC, 0x03, 0xFF, 0xC0, 0x07, 0xF0, 0x3E, 0x1E, 0x00, 0x1F, 0xC1, 0xF0, 0x00, 0x00, 0x7E,
    0x0F, 0x00, 0x00, 0x02, 0xF8, 0x78, 0x00, 0x00, 0x0B, 0xD3, 0xF4, 0x00, 0x00, 0x2F, 0x5F, 0xF0,
    0x00, 0x00, 0xFC, 0xFF, 0xE0, 0x00, 0x03, 0xF7, 0xAF, 0xC0, 0x00, 0x0F, 0xFC, 0x3F, 0x80, 0x00,
    0x3F, 0xF0, 0x7F, 0x40, 0x00, 0xFF, 0x40, 0xFF, 0x04, 0x03, 0xFC, 0x01, 0xFE, 0xF0, 0x0F, 0xE0,
    0x03, 0xFF, 0x40, 0x7F, 0x00, 0x03, 0xF4, 0x00, 0x00, 0x00, 0x01, 0x00, 0x00, 0x07, 0x40, 0x00,
    0x00, 0x00, 0x0F, 0xC0, 0x00, 0x00, 0x00, 0x0F, 0xF0, 0x00, 0x00, 0x00, 0x03, 0xF8, 0x00, 0x00,
    0x00, 0x00, 0xBD, 0x00, 0x00, 0x00, 0x00, 0x1F, 0x00, 0x00, 0x00, 0x00, 0x01, 0x00, 0x00, 0x00,
    0x00, 0x00, 0x00, 0x00, 0x01, 0x50, 0x00, 0x00, 0x00, 0x1F, 0xFC, 0x00, 0x1F, 0xC0, 0x7F, 0xFD,
    0x00, 0x2F, 0xC0, 0x11, 0xFD, 0x00, 0x3F, 0xC0, 0x01, 0xFC, 0x00, 0x7F, 0xC0, 0x01, 0xFC, 0x00,
    0xBF, 0xC0, 0x01, 0xFC, 0x00, 0xFF, 0xC0, 0x02, 0xFC, 0x01, 0xEF, 0xC0, 0x02, 0xFC, 0x03, 0xCF,
    0xC0, 0x02, 0xFC, 0x03, 0xCF, 0xC0, 0x03, 0xF8, 0x07, 0x8F, 0xC0, 0x03, 0xF8, 0x0F, 0x5F, 0xC0,
    0x03, 0xF4, 0x0F, 0x1F, 0xC0, 0x03, 0xF4, 0x1E, 0x1F, 0x80, 0x03, 0xF4, 0x3D, 0x2F, 0x80, 0x03,
    0xFD, 0xBC, 0x2F, 0xC0, 0x02, 0xFF, 0xF4, 0x2F, 0xFE, 0x00, 0xFF, 0xD0, 0x0F, 0xFE, 0x00, 0x15,
    0x00, 0x01, 0x50, 0x00, 0x05, 0x00, 0x00, 0x00, 0x0F, 0xC0, 0x0D, 0x00, 0x07, 0xF0, 0x1F, 0x80,
    0x01, 0xFE, 0x6F, 0x40, 0x00, 0x2F, 0xFF, 0x00, 0x00, 0x01, 0xA9, 0x00, 0x00, 0x00, 0x00, 0x00,
    0x00, 0x05, 0x00, 0x00, 0x50, 0x7F, 0xF4, 0x00, 0xBF, 0x6F, 0xFF, 0x00, 0x3F, 0xF0, 0x2F, 0xC0,
    0x0F, 0xFC, 0x0B, 0xF0, 0x00, 0x7F, 0x02, 0xFC, 0x00, 0x0F, 0x80, 0xBF, 0x00, 0x03, 0xC0, 0x2F,
    0xC0, 0x02, 0xF0, 0x0B, 0xF0, 0x00, 0xF4, 0x01, 0xFC, 0x00, 0x7C, 0x00, 0x7F, 0x00, 0x3E, 0x00,
    0x0F, 0xD0, 0x1F, 0x00, 0x03, 0xF8, 0x0B, 0x80, 0x00, 0xFF, 0x03, 0xC0, 0x00, 0x1F, 0xC2, 0xF0,
    0x00, 0x03, 0xFD, 0xF4, 0x00, 0x00, 0x7F, 0xFC, 0x00, 0x00, 0x07, 0xFD, 0x00, 0x00, 0x00, 0x1F,
    0x00, 0x00, 0x00, 0x0B, 0x80, 0x00, 0x00, 0x03, 0xC0, 0x00, 0x1E, 0x02, 0xE0, 0x00, 0x0F, 0xD1,
    0xF0, 0x00, 0x03, 0xFF, 0xF4, 0x00, 0x00, 0xBF, 0xF8, 0x00, 0x00, 0x06, 0x90, 0x00, 0x00, 0x00,
    0x01, 0x50, 0x00, 0x00, 0x00, 0x1F, 0xFC, 0x00, 0x1F, 0xC0, 0x7F, 0xFD, 0x00, 0x2F, 0xC0, 0x11,
    0xFD, 0x00, 0x3F, 0xC0, 0x01, 0xFC, 0x00, 0x7F, 0xC0, 0x01, 0xFC, 0x00, 0xBF, 0xC0, 0x01, 0xFC,
    0x00, 0xFF, 0xC0, 0x02, 0xFC, 0x01, 0xEF, 0xC0, 0x02, 0xFC, 0x03, 0xCF, 0xC0, 0x02, 0xFC, 0x03,
    0xCF, 0xC0, 0x03, 0xF8, 0x07, 0x8F, 0xC0, 0x03, 0xF8, 0x0F, 0x5F, 0xC0, 0x03, 0xF4, 0x0F, 0x1F,
    0xC0, 0x03, 0xF4, 0x1E, 0x1F, 0x80, 0x03, 0xF4, 0x3D, 0x2F, 0x80, 0x03, 0xFD, 0xBC, 0x2F, 0xC0,
    0x02, 0xFF, 0xF4, 0x2F, 0xFE, 0x00, 0xFF, 0xD0, 0x0F, 0xFE, 0x00, 0x15, 0x0A, 0x01, 0x50, 0x00,
    0x00, 0x1F, 0x80, 0x00, 0x00, 0x00, 0x2F, 0x40, 0x00, 0x00, 0x00, 0x3F, 0x00, 0x00, 0x00, 0x00,
    0x7D, 0x00, 0x00, 0x00, 0x00, 0xFC, 0x00, 0x00, 0x00, 0x01, 0xF0, 0x00, 0x00, 0x00, 0x00, 0xD0,
    0x00, 0x00, 0x00, 0x00, 0x00, 0x00, 0x00, 0x00, 0x2A, 0xAA, 0xA4, 0x00, 0x00, 0x00, 0xFF, 0xFF,
    0xD0, 0x00, 0x00, 0x00, 0x6F, 0xF4, 0x00, 0x00, 0x00, 0x00, 0x3F, 0x40, 0x00, 0x00, 0x15, 0x56,
    0xFE, 0x55, 0x54, 0x00, 0xFF, 0xFF, 0xFF, 0xFF, 0xF4, 0x07, 0xFE, 0xAF, 0xEA, 0xBF, 0xD0, 0x1F,
    0x80, 0x7F, 0x40, 0x2F, 0x40, 0xBC, 0x01, 0xFD, 0x00, 0x3E, 0x02, 0xE0, 0x07, 0xF4, 0x00, 0xB8,
    0x06, 0x40, 0x1F, 0xC0, 0x00, 0x00, 0x00, 0x00, 0x7F, 0x00, 0x00, 0x00, 0x00, 0x02, 0xFC, 0xBF,
    0xF9, 0x00, 0x00, 0x0B, 0xF2, 0xFF, 0xFE, 0x00, 0x00, 0x2F, 0xC0, 0x02, 0xFE, 0x00, 0x00, 0xBF,
    0x00, 0x03, 0xFD, 0x00, 0x02, 0xFC, 0x00, 0x07, 0xF8, 0x00, 0x0B, 0xF0, 0x00, 0x0F, 0xE0, 0x00,
    0x3F, 0xC0, 0x00, 0x3F, 0x80, 0x00, 0xFF, 0x00, 0x01, 0xFD, 0x00, 0x03, 0xFC, 0x00, 0x0F, 0xF0,
    0x00, 0x0F, 0xF0, 0x00, 0xBF, 0x80, 0x00, 0x3F, 0xC0, 0x1F, 0xF8, 0x00, 0x2F, 0xFF, 0xFF, 0xFF,
    0x40, 0x00, 0xFF, 0xFF, 0xFF, 0x90, 0x00, 0x01, 0x40, 0x00, 0x54, 0x00, 0x00, 0x07, 0xFF, 0x40,
    0x7F, 0xF4, 0x00, 0x00, 0xBF, 0xFC, 0x0F, 0xFF, 0xC0, 0x00, 0x00, 0x2F, 0xC2, 0xF7, 0xFC, 0x00,
    0x00, 0x02, 0xFC, 0x3C, 0x1F, 0xC0, 0x00, 0x00, 0x2F, 0x8B, 0x81, 0xFC, 0x00, 0x00, 0x02, 0xF8,
    0xF0, 0x1F, 0xC0, 0x00, 0x00, 0x2F, 0x4F, 0x02, 0xFC, 0x6B, 0x90, 0x02, 0xF5, 0xE0, 0x2F, 0xFF,
    0xFF, 0x40, 0x2F, 0x6C, 0x03, 0xFF, 0x9B, 0xFC, 0x02, 0xF3, 0xC0, 0x3F, 0x80, 0x1F, 0xD0, 0x3F,
    0x78, 0x03, 0xF4, 0x01, 0xFD, 0x03, 0xFB, 0x00, 0x3F, 0x40, 0x1F, 0xD0, 0x3F, 0xF0, 0x03, 0xF4,
    0x01, 0xFC, 0x03, 0xFE, 0x00, 0x3F, 0x40, 0x3F, 0x80, 0x3F, 0xD0, 0x03, 0xF8, 0x0B, 0xF0, 0x03,
    0xFC, 0x00, 0x1F, 0xFB, 0xFC, 0x00, 0x3F, 0x80, 0x00, 0x7F, 0xFE, 0x00, 0x00, 0x00, 0x00, 0x00,
    0x54, 0x00, 0x00, 0x00, 0x05, 0x55, 0x55, 0x55, 0x55, 0x55, 0x00, 0x00, 0x0F, 0xFF, 0xFF, 0xFF,
    0xFF, 0xFE, 0x00, 0x00, 0x06, 0xFF, 0xEA, 0xAA, 0xAF, 0xE9, 0x00, 0x00, 0x00, 0x3F, 0xC0, 0x00,
    0x0F, 0x80, 0x00, 0x00, 0x00, 0x1F, 0xE0, 0x00, 0x2F, 0x00, 0x00, 0x00, 0x00, 0x0F, 0xF0, 0x00,
    0x7C, 0x00, 0x00, 0x00, 0x00, 0x03, 0xF8, 0x00, 0xF4, 0x00, 0x00, 0x00, 0x00, 0x02, 0xFD, 0x02,
    0xF0, 0x00, 0x00, 0x00, 0x00, 0x00, 0xFF, 0x07, 0xC0, 0x00, 0x00, 0x00, 0x00, 0x00, 0x3F, 0x8F,
    0x40, 0x00, 0x00, 0x00, 0x00, 0x00, 0x2F, 0xFE, 0x00, 0x00, 0x00, 0x00, 0x00, 0x01, 0x6F, 0xFE,
    0x50, 0x00, 0x00, 0x00, 0x00, 0x2F, 0xFF, 0xFF, 0xFE, 0x00, 0x00, 0x00, 0x00, 0xFF, 0x4B, 0xF4,
    0x7F, 0xC0, 0x00, 0x00, 0x03, 0xFC, 0x07, 0xF0, 0x0F, 0xE0, 0x00, 0x00, 0x0B, 0xF0, 0x0B, 0xF0,
    0x0B, 0xF0, 0x00, 0x00, 0x0F, 0xF0, 0x0B, 0xF0, 0x07, 0xF8, 0x00, 0x00, 0x2F, 0xD0, 0x0B, 0xF0,
    0x03, 0xFC, 0x00, 0x00, 0x3F, 0xC0, 0x0B, 0xF0, 0x02, 0xFD, 0x00, 0x00, 0x7F, 0x40, 0x0B, 0xF0,
    0x00, 0xFF, 0x00, 0x00, 0xFF, 0x00, 0x0B, 0xF0, 0x00, 0xFF, 0x00, 0x03, 0xFE, 0x00, 0x0F, 0xF0,
    0x00, 0x7F, 0xC0, 0xBF, 0xFC, 0x01, 0xFF, 0xFF, 0xC0, 0x3F, 0xFE, 0x7F, 0xF0, 0x02, 0xFF, 0xFF,
    0xC0, 0x0F, 0xFD, 0x05, 0x40, 0x00, 0x00, 0x00, 0x00, 0x01, 0x50, 0x00, 0xFF, 0xFF, 0xFF, 0xFF,
    0x80, 0x00, 0xFF, 0xFF, 0xFF, 0xFF, 0x40, 0x00, 0x0F, 0xD0, 0x00, 0xF4, 0x00, 0x00, 0x0B, 0xF0,
    0x02, 0xE0, 0x00, 0x00, 0x03, 0xF8, 0x07, 0xC0, 0x00, 0x00, 0x02, 0xFC, 0x0F, 0x00, 0x00, 0x00,
    0x00, 0xFE, 0x3F, 0x00, 0x00, 0x00, 0x00, 0x7F, 0xBF, 0x80, 0x00, 0x00, 0x02, 0xFF, 0xFF, 0xC0,
    0x00, 0x00, 0x1F, 0xEF, 0xDF, 0xF0, 0x00, 0x00, 0xFE, 0x2F, 0xC7, 0xF4, 0x00, 0x03, 0xF0, 0x2F,
    0x83, 0xFC, 0x00, 0x0F, 0xC0, 0x2F, 0x81, 0xFD, 0x00, 0x3F, 0x40, 0x2F, 0x80, 0xBF, 0x04, 0x3F,
    0x80, 0x3F, 0x40, 0x3F, 0xFC, 0x3F, 0xE0, 0x3F, 0x40, 0x2F, 0xF8, 0x2F, 0xC0, 0x3F, 0x40, 0x0F,
    0xE0, 0x05, 0x00, 0x00, 0x00, 0x01, 0x40, 0x00, 0x00, 0x00, 0x00, 0x90, 0x00, 0x00, 0x00, 0x2E,
    0x00, 0x00, 0x00, 0x03, 0xD0, 0x00, 0x00, 0x00, 0xBC, 0x05, 0x55, 0x55, 0x7F, 0xC1, 0xFF, 0xFF,
    0xFF, 0xF8, 0x0B, 0xFF, 0xAA, 0xAA, 0x40, 0x0B, 0xF0, 0x00, 0x00, 0x00, 0xBF, 0x00, 0x00, 0x00,
    0x0F, 0xF0, 0x00, 0x00, 0x00, 0xFF, 0x00, 0x00, 0x00, 0x0F, 0xF0, 0x00, 0x00, 0x00, 0xFE, 0x00,
    0x00, 0x00, 0x0F, 0xE0, 0x00, 0x00, 0x00, 0xFE, 0x00, 0x00, 0x00, 0x0F, 0xE0, 0x00, 0x00, 0x00,
    0xFE, 0x00, 0x00, 0x00, 0x0F, 0xE0, 0x00, 0x00, 0x00, 0xFD, 0x00, 0x00, 0x00, 0x0F, 0xD0, 0x00,
    0x00, 0x00, 0xFD, 0x00, 0x00, 0x00, 0x1F, 0xD0, 0x00, 0x00, 0x01, 0xFD, 0x00, 0x00, 0x00, 0x1F,
    0xC0, 0x00, 0x00, 0x01, 0xFC, 0x00, 0x00, 0x00, 0x2F, 0xC0, 0x00, 0x00, 0x7F, 0xFF, 0xFC, 0x00,
    0x07, 0xFF, 0xFF, 0xC0, 0x00, 0x00, 0x00, 0x00, 0x00, 0x00, 0x00, 0x00, 0x00, 0x1E, 0x00, 0x00,
    0x00, 0x02, 0xE0, 0x00, 0x00, 0x00, 0x3E, 0x00, 0x00, 0x00, 0x5B, 0xD0, 0x00, 0x0B, 0xFF, 0xFC,
    0x00, 0x03, 0xFF, 0xFF, 0xC0, 0x00, 0x7F, 0x00, 0x50, 0x00, 0x0B, 0xF0, 0x00, 0x00, 0x00, 0xBF,
    0x00, 0x00, 0x00, 0x0B, 0xF0, 0x00, 0x00, 0x00, 0xBF, 0x00, 0x00, 0x00, 0x0B, 0xE0, 0x00, 0x00,
    0x00, 0xBE, 0x00, 0x00, 0x00, 0x0F, 0xE0, 0x00, 0x00, 0x00, 0xFE, 0x00, 0x00, 0x00, 0x0F, 0xE0,
    0x00, 0x00, 0x00, 0xFE, 0x00, 0x00, 0x00, 0x0F, 0xE0, 0x00, 0x00, 0x00, 0xFD, 0x00, 0x00, 0x00,
    0x0F, 0xD0, 0x00, 0x00, 0x00, 0xFC, 0x00, 0x00, 0x00, 0x0F, 0xC0, 0x00, 0x00, 0x01, 0xF8, 0x00,
    0x00, 0x00, 0x1F, 0x00, 0x00, 0x00, 0x02, 0xE0, 0x00, 0x00, 0x3E, 0xBC, 0x00, 0x00, 0x03, 0xFF,
    0x80, 0x00, 0x00, 0x3F, 0xE0, 0x00, 0x00, 0x00, 0xA4, 0x00, 0x00, 0x00, 0x05, 0x55, 0x55, 0x55,
    0x41, 0xFF, 0xFF, 0xFF, 0xFC, 0x0B, 0xFF, 0xAA, 0xFF, 0xC0, 0x0B, 0xF0, 0x00, 0xFC, 0x00, 0xBF,
    0x00, 0x07, 0xD0, 0x0F, 0xF0, 0x00, 0x3D, 0x00, 0xFF, 0x00, 0x02, 0x90, 0x0F, 0xF0, 0x00, 0x00,
    0x00, 0xFE, 0x00, 0x00, 0x00, 0x0F, 0xE0, 0x00, 0x00, 0x00, 0xFE, 0x00, 0x00, 0x03, 0xFF, 0xFF,
    0xFD, 0x00, 0x3F, 0xFF, 0xFF, 0xC0, 0x00, 0x0F, 0xD0, 0x00, 0x00, 0x00, 0xFD, 0x00, 0x00, 0x00,
    0x0F, 0xD0, 0x00, 0x00, 0x00, 0xFD, 0x00, 0x00, 0x00, 0x1F, 0xD0, 0x00, 0x00, 0x01, 0xFD, 0x00,
    0x00, 0x00, 0x1F, 0xC0, 0x00, 0x00, 0x01, 0xFC, 0x00, 0x00, 0x00, 0x2F, 0xC0, 0x00, 0x00, 0x7F,
    0xFF, 0xFC, 0x00, 0x07, 0xFF, 0xFF, 0xC0, 0x00, 0x00, 0x05, 0x40, 0x00, 0x2F, 0xFE, 0x00, 0xBF,
    0xFF, 0xE0, 0xBE, 0x47, 0xFC, 0x08, 0x00, 0xFF, 0x00, 0x00, 0x3F, 0xC0, 0x00, 0x2F, 0xD0, 0x00,
    0x2F, 0xD0, 0x2A, 0xAF, 0xFA, 0x5F, 0xFF, 0xFF, 0xE1, 0x7F, 0xD5, 0x50, 0x2F, 0xC0, 0x00, 0x1F,
    0xD0, 0x00, 0x0F, 0xF0, 0x00, 0x03, 0xFC, 0x00, 0x60, 0xFF, 0x86, 0xFC, 0x1F, 0xFF, 0xFD, 0x02,
    0xFF, 0xF4, 0x00, 0x05, 0x40, 0x00, 0x00, 0x68, 0x00, 0x05, 0x55, 0x54, 0x00, 0x29, 0x00, 0x01,
    0xFF, 0x00, 0x2F, 0xFF, 0xFC, 0x01, 0xFF, 0x40, 0x02, 0xFF, 0xC0, 0x1B, 0xFF, 0xE4, 0x03, 0xFF,
    0xC0, 0x02, 0xFF, 0xD0, 0x00, 0xFF, 0x00, 0x07, 0xFF, 0x80, 0x00, 0xC2, 0xE0, 0x00, 0xFF, 0x00,
    0x0F, 0x0B, 0x00, 0x00, 0x00, 0xF0, 0x00, 0xFF, 0x00, 0x1E, 0x00, 0x00, 0x00, 0x00, 0xB4, 0x00,
    0xFE, 0x00, 0x3C, 0x00, 0x00, 0x00, 0x00, 0x7C, 0x00, 0xFE, 0x00, 0x78, 0x00, 0x00, 0x00, 0x00,
    0x3E, 0x00, 0xFE, 0x00, 0xF0, 0x00, 0x00, 0x00, 0x00, 0x1F, 0x40, 0xFE, 0x02, 0xE0, 0x00, 0x00,
    0x00, 0x00, 0x07, 0xE5, 0xFE, 0x5F, 0xC0, 0x00, 0x00, 0x00, 0x00, 0x02, 0xFF, 0xFF, 0xFF, 0x40,
    0x00, 0x00, 0x00, 0x00, 0x2F, 0xFA, 0xFF, 0xAF, 0xF8, 0x00, 0x00, 0x00, 0x00, 0xBF, 0x80, 0xFD,
    0x02, 0xFE, 0x00, 0x00, 0x00, 0x01, 0xFE, 0x01, 0xFD, 0x00, 0xFF, 0x00, 0x00, 0x00, 0x03, 0xFC,
    0x01, 0xFD, 0x00, 0x7F, 0x80, 0x00, 0x00, 0x07, 0xF8, 0x01, 0xFD, 0x00, 0x3F, 0xC0, 0x00, 0x00,
    0x0F, 0xF0, 0x01, 0xFD, 0x00, 0x2F, 0xD0, 0x00, 0x00, 0x1F, 0xE0, 0x01, 0xFD, 0x00, 0x0F, 0xF0,
    0x00, 0x00, 0x3F, 0xC0, 0x01, 0xFC, 0x00, 0x0B, 0xF4, 0x00, 0x00, 0xBF, 0x80, 0x02, 0xFC, 0x00,
    0x07, 0xF8, 0x00, 0x51, 0xFF, 0x00, 0x02, 0xFD, 0x00, 0x03, 0xFD, 0x18, 0xBF, 0xFD, 0x00, 0x7F,
    0xFF, 0xF0, 0x01, 0xFF, 0xFC, 0x2F, 0xF8, 0x00, 0x7F, 0xFF, 0xF0, 0x00, 0xFF, 0xFC, 0x01, 0x40,
    0x00, 0x00, 0x00, 0x00, 0x00, 0x14, 0xFC, 0x00, 0x00, 0x00, 0x00, 0x00, 0x00, 0x00, 0x00, 0xF8,
    0x00, 0x00, 0x00, 0x00, 0x00, 0x00, 0x00, 0x00, 0xF4, 0x00, 0x00, 0x00, 0x00, 0x00, 0x00, 0x00,
    0x00, 0xF4, 0x00, 0x00, 0x00, 0x00, 0x00, 0x00, 0x00, 0x00, 0xF0, 0x00, 0x00, 0x00, 0x00, 0x00,
    0x00, 0x00, 0x00, 0x00, 0x00, 0x50, 0x00, 0x00, 0x00, 0x14, 0x00, 0x1F, 0xE0, 0x07, 0xF0, 0x03,
    0xFD, 0x02, 0xFF, 0xC0, 0x2F, 0x80, 0x3F, 0xF8, 0x0F, 0xBF, 0x40, 0xBE, 0x02, 0xFF, 0xE0, 0x00,
    0xBF, 0x02, 0xF4, 0x1F, 0x0B, 0x00, 0x00, 0xFD, 0x0F, 0xD0, 0xF4, 0x00, 0x00, 0x02, 0xF8, 0x3F,
    0x0B, 0x80, 0x00, 0x00, 0x07, 0xF7, 0xFC, 0x3C, 0x00, 0x00, 0x00, 0x0F, 0xFF, 0xF2, 0xF8, 0x00,
    0x00, 0x00, 0x2F, 0xDF, 0xCF, 0xF0, 0x00, 0x00, 0x01, 0xF8, 0x3E, 0xBF, 0xF0, 0x00, 0x00, 0x2F,
    0x41, 0xFF, 0x8F, 0xD0, 0x00, 0x02, 0xF4, 0x07, 0xFC, 0x2F, 0xC0, 0x00, 0x2F, 0x40, 0x1F, 0xE0,
    0x3F, 0x80, 0x00, 0xFC, 0x00, 0x7F, 0x00, 0xBF, 0x00, 0x0B, 0xF0, 0x02, 0xF8, 0x00, 0xFF, 0x6E,
    0x2F, 0xF0, 0x0B, 0xE0, 0x01, 0xFF, 0xF8, 0x7F, 0x80, 0x2F, 0x80, 0x03, 0xFF, 0xD0, 0x14, 0x00,
    0x00, 0x00, 0x01, 0x2F, 0x00, 0x00, 0x00, 0x00, 0x00, 0x00, 0xFC, 0x00, 0x00, 0x00, 0x00, 0x00,
    0x03, 0xD0, 0x00, 0x00, 0x00, 0x00, 0x00, 0x2F, 0x00, 0x00, 0x00, 0x00, 0x00, 0x00, 0xF4, 0x00,
    0x00, 0x00, 0x00, 0x00, 0x07, 0x80, 0x00, 0x00, 0x00, 0x00, 0x00, 0x00, 0x00, 0x05, 0x55, 0x54,
    0x00, 0x1A, 0x00, 0x1F, 0xFF, 0xFC, 0x00, 0xFF, 0xC0, 0x0B, 0xFF, 0xE4, 0x02, 0xFF, 0xC0, 0x00,
    0xBF, 0x00, 0x03, 0xFF, 0xC0, 0x00, 0xBF, 0x00, 0x0B, 0x87, 0x40, 0x00, 0xFF, 0x00, 0x0F, 0x00,
    0x00, 0x00, 0xFF, 0x00, 0x2E, 0x00, 0x00, 0x00, 0xFF, 0x00, 0x3C, 0x00, 0x00, 0x00, 0xFE, 0x00,
    0xB8, 0x00, 0x00, 0x00, 0xFE, 0x02, 0xF0, 0x00, 0x00, 0x00, 0xFE, 0x1F, 0xC0, 0x00, 0x00, 0x00,
    0xFE, 0xBF, 0x40, 0x00, 0x00, 0x00, 0xFE, 0x6F, 0xF8, 0x00, 0x00, 0x00, 0xFE, 0x02, 0xFF, 0x00,
    0x00, 0x00, 0xFD, 0x00, 0xBF, 0x40, 0x00, 0x00, 0xFD, 0x00, 0x3F, 0xC0, 0x00, 0x01, 0xFD, 0x00,
    0x3F, 0xC0, 0x00, 0x01, 0xFD, 0x00, 0x1F, 0xE0, 0x00, 0x01, 0xFD, 0x00, 0x0F, 0xF0, 0x00, 0x01,
    0xFD, 0x00, 0x0B, 0xF4, 0x00, 0x01, 0xFD, 0x00, 0x07, 0xFC, 0x00, 0x02, 0xFD, 0x00, 0x03, 0xFE,
    0x18, 0x3F, 0xFF, 0xF4, 0x01, 0xFF, 0xFC, 0x7F, 0xFF, 0xF4, 0x00, 0xBF, 0xFC, 0x00, 0x00, 0x00,
    0x00, 0x14, 0xFC, 0x00, 0x00, 0x00, 0x00, 0x00, 0xF8, 0x00, 0x00, 0x00, 0x00, 0x00, 0xF8, 0x00,
    0x00, 0x00, 0x00, 0x00, 0xF4, 0x00, 0x00, 0x00, 0x00, 0x00, 0xF4, 0x00, 0x00, 0x00, 0x00, 0x00,
    0x00, 0x01, 0x50, 0x00, 0x05, 0x00, 0x7F, 0xF8, 0x00, 0xBF, 0xC0, 0x7F, 0xFC, 0x02, 0xFF, 0xD0,
    0x01, 0xFC, 0x03, 0xFF, 0xC0, 0x01, 0xFC, 0x0F, 0x87, 0x80, 0x01, 0xFC, 0x1F, 0x00, 0x00, 0x01,
    0xF8, 0x3C, 0x00, 0x00, 0x02, 0xF8, 0x78, 0x00, 0x00, 0x02, 0xF4, 0xFC, 0x00, 0x00, 0x02, 0xF5,
    0xFF, 0x00, 0x00, 0x03, 0xF3, 0xFF, 0x80, 0x00, 0x03, 0xF7, 0xBF, 0xC0, 0x00, 0x03, 0xFF, 0x0F,
    0xE0, 0x00, 0x03, 0xFF, 0x07, 0xF4, 0x00, 0x03, 0xFD, 0x03, 0xFC, 0x00, 0x03, 0xFC, 0x01, 0xFF,
    0xBC, 0x03, 0xF8, 0x00, 0xFF, 0xFC, 0x07, 0xF0, 0x00, 0x3F, 0xFC, 0x00, 0x00, 0x00, 0x04, 0xF8,
    0x00, 0x00, 0x00, 0x01, 0xF4, 0x00, 0x00, 0x00, 0x02, 0xF0, 0x00, 0x00, 0x00, 0x03, 0xD0, 0x00,
    0x00, 0x00, 0x07, 0xC0, 0x00, 0x00, 0x00, 0x0B, 0x00, 0x00, 0x00, 0x00, 0x00, 0x00, 0x05, 0x55,
    0x54, 0x01, 0x55, 0x55, 0x0B, 0xFF, 0xFE, 0x00, 0xFF, 0xFF, 0xC1, 0xBF, 0xFE, 0x40, 0x2B, 0xFF,
    0x90, 0x03, 0xFC, 0x00, 0x00, 0x7F, 0x40, 0x00, 0xFF, 0x00, 0x00, 0x1F, 0xC0, 0x00, 0x3F, 0xC0,
    0x00, 0x07, 0xF0, 0x00, 0x0F, 0xF0, 0x00, 0x02, 0xFC, 0x00, 0x03, 0xF8, 0x00, 0x00, 0xBF, 0x00,
    0x00, 0xFE, 0x00, 0x00, 0x2F, 0xC0, 0x00, 0x3F, 0x80, 0x00, 0x0B, 0xF0, 0x00, 0x0F, 0xE0, 0x00,
    0x02, 0xFC, 0x00, 0x03, 0xFF, 0xFF, 0xFF, 0xFF, 0x00, 0x00, 0xFF, 0xFF, 0xFF, 0xFF, 0xC0, 0x00,
    0x3F, 0x80, 0x00, 0x0F, 0xF0, 0x00, 0x1F, 0xD0, 0x00, 0x03, 0xFC, 0x00, 0x07, 0xF4, 0x00, 0x00,
    0xFF, 0x00, 0x01, 0xFD, 0x00, 0x00, 0x3F, 0xC0, 0x00, 0x7F, 0x40, 0x00, 0x0F, 0xE0, 0x00, 0x1F,
    0xD0, 0x00, 0x03, 0xF8, 0x00, 0x07, 0xF0, 0x00, 0x00, 0xFE, 0x00, 0x02, 0xFC, 0x00, 0x00, 0x3F,
    0x80, 0x00, 0xBF, 0x40, 0x00, 0x0F, 0xE0, 0x03, 0xFF, 0xFF, 0x00, 0xBF, 0xFF, 0xFD, 0xFF, 0xFF,
    0xC0, 0x3F, 0xFF, 0xFE, 0x00, 0x00, 0x00, 0x00, 0x00, 0x3F, 0x80, 0x00, 0x00, 0x00, 0x00, 0x07,
    0xD0, 0x00, 0x00, 0x00, 0x00, 0x01, 0xF4, 0x00, 0x00, 0x00, 0x00, 0x00, 0x3C, 0x00, 0x00, 0x00,
    0x00, 0x00, 0x0F, 0x00, 0x00, 0x00, 0x00, 0x00, 0x00, 0x40, 0x01, 0x50, 0x00, 0x00, 0x00, 0x1F,
    0xFE, 0x00, 0x0B, 0xF0, 0x07, 0xFF, 0xC0, 0x02, 0xF8, 0x00, 0x47, 0xF0, 0x00, 0xBE, 0x00, 0x01,
    0xFC, 0x00, 0x3F, 0x80, 0x00, 0x7F, 0x00, 0x0F, 0xE0, 0x00, 0x1F, 0xC0, 0x03, 0xF4, 0x00, 0x0B,
    0xF0, 0x00, 0xFD, 0x00, 0x02, 0xFF, 0xFF, 0xFF, 0x40, 0x00, 0xBF, 0xFF, 0xFF, 0xC0, 0x00, 0x3F,
    0xE5, 0x57, 0xF0, 0x00, 0x0F, 0xD0, 0x01, 0xFC, 0x00, 0x03, 0xF4, 0x00, 0x7F, 0x00, 0x00, 0xFD,
    0x00, 0x2F, 0xC0, 0x00, 0x3F, 0x40, 0x0B, 0xF0, 0x00, 0x0F, 0xC0, 0x02, 0xFC, 0xB8, 0x03, 0xF0,
    0x00, 0xBF, 0xFF, 0x01, 0xFC, 0x00, 0x1F, 0xEF, 0xC0, 0x00, 0x00, 0x00, 0x47, 0xD0, 0x00, 0x00,
    0x00, 0x02, 0xF0, 0x00, 0x00, 0x00, 0x00, 0xF8, 0x00, 0x00, 0x00, 0x00, 0x7C, 0x00, 0x00, 0x00,
    0x00, 0x3E, 0x00, 0x00, 0x00, 0x00, 0x0F, 0x00, 0x00, 0x00, 0x00, 0x00, 0x00, 0x00, 0x15, 0x55,
    0x50, 0x00, 0x55, 0x54, 0x3F, 0xFF, 0xF0, 0x02, 0xFF, 0xFD, 0x2F, 0xFF, 0x90, 0x01, 0xBF, 0xF8,
    0x02, 0xFD, 0x00, 0x00, 0x0F, 0x40, 0x00, 0xFF, 0x00, 0x00, 0x3E, 0x00, 0x00, 0x7F, 0x80, 0x00,
    0x7C, 0x00, 0x00, 0x3F, 0xC0, 0x00, 0xF8, 0x00, 0x00, 0x1F, 0xE0, 0x01, 0xF0, 0x00, 0x00, 0x0F,
    0xF0, 0x03, 0xD0, 0x00, 0x00, 0x07, 0xF8, 0x0B, 0xC0, 0x00, 0x00, 0x03, 0xFC, 0x0F, 0x00, 0x00,
    0x00, 0x00, 0xFE, 0x3E, 0x00, 0x00, 0x00, 0x00, 0xBF, 0x7C, 0x00, 0x00, 0x00, 0x00, 0x3F, 0xF4,
    0x00, 0x00, 0x00, 0x00, 0x2F, 0xF0, 0x00, 0x00, 0x00, 0x00, 0x0F, 0xD0, 0x00, 0x00, 0x00, 0x00,
    0x1F, 0xD0, 0x00, 0x00, 0x00, 0x00, 0x1F, 0xD0, 0x00, 0x00, 0x00, 0x00, 0x1F, 0xD0, 0x00, 0x00,
    0x00, 0x00, 0x1F, 0xC0, 0x00, 0x00, 0x00, 0x00, 0x1F, 0xC0, 0x00, 0x00, 0x00, 0x00, 0x2F, 0xC0,
    0x00, 0x00, 0x00, 0x07, 0xFF, 0xFF, 0x00, 0x00, 0x00, 0x07, 0xFF, 0xFF, 0x00, 0x00, 0x01, 0x50,
    0x00, 0x05, 0x02, 0xFF, 0x80, 0x03, 0xFC, 0x3F, 0xFC, 0x00, 0x7F, 0xE1, 0x1F, 0xE0, 0x07, 0xFE,
    0x00, 0xFF, 0x00, 0x07, 0xE0, 0x0B, 0xF0, 0x00, 0x3D, 0x00, 0x7F, 0x40, 0x03, 0xC0, 0x03, 0xF8,
    0x00, 0x7C, 0x00, 0x3F, 0xC0, 0x0F, 0x40, 0x01, 0xFC, 0x01, 0xF0, 0x00, 0x0F, 0xD0, 0x3E, 0x00,
    0x00, 0xFE, 0x07, 0xC0, 0x00, 0x0B, 0xF0, 0xF4, 0x00, 0x00, 0x7F, 0x1F, 0x00, 0x00, 0x03, 0xFB,
    0xC0, 0x00, 0x00, 0x3F, 0xF8, 0x00, 0x00, 0x02, 0xFF, 0x00, 0x00, 0x00, 0x1F, 0xD0, 0x00, 0x00,
    0x01, 0xFC, 0x00, 0x00, 0x00, 0x1F, 0xC0, 0x00, 0x00, 0x01, 0xF8, 0x00, 0x00, 0x00, 0x2F, 0x80,
    0x00, 0x00, 0x02, 0xF4, 0x00, 0x00, 0x02, 0xFF, 0xE8, 0x00, 0x00, 0x7F, 0xFF, 0xC0, 0x00, 0x00,
    0x00, 0x00, 0x00, 0x15, 0x55, 0x50, 0x01, 0x55, 0x54, 0x7F, 0xFF, 0xF0, 0x03, 0xFF, 0xFD, 0x2F,
    0xFF, 0x90, 0x01, 0xBF, 0xF8, 0x02, 0xFD, 0x00, 0x00, 0x1F, 0x00, 0x00, 0xFF, 0x00, 0x00, 0x3E,
    0x00, 0x00, 0xBF, 0x40, 0x00, 0x7C, 0x00, 0x00, 0x3F, 0xC0, 0x00, 0xF4, 0x00, 0x00, 0x2F, 0xD0,
    0x02, 0xF0, 0x00, 0x00, 0x0F, 0xF0, 0x03, 0xD0, 0x00, 0x00, 0x07, 0xF4, 0x0F, 0x80, 0x00, 0x00,
    0x03, 0xFC, 0x1F, 0x00, 0x00, 0x00, 0x01, 0xFD, 0x3D, 0x00, 0x00, 0x00, 0x00, 0xFF, 0xBC, 0x00,
    0x00, 0x00, 0x00, 0x7F, 0xF4, 0x00, 0x00, 0x00, 0x00, 0x2F, 0xE0, 0x00, 0x00, 0x00, 0x00, 0x1F,
    0xD0, 0x00, 0x00, 0x00, 0x00, 0x1F, 0xD0, 0x00, 0x00, 0x00, 0x0B, 0xFF, 0xFF, 0x80, 0x00, 0x00,
    0x0B, 0xFF, 0xFF, 0x80, 0x00, 0x00, 0x00, 0x2F, 0xC0, 0x00, 0x00, 0x00, 0x00, 0x2F, 0xC0, 0x00,
    0x00, 0x00, 0x00, 0x2F, 0xC0, 0x00, 0x00, 0x00, 0x07, 0xFF, 0xFF, 0x00, 0x00, 0x00, 0x0B, 0xFF,
    0xFF, 0x00, 0x00, 0x01, 0x50, 0x00, 0x05, 0x02, 0xFF, 0x80, 0x03, 0xFC, 0x3F, 0xFD, 0x00, 0x7F,
    0xE1, 0x1F, 0xE0, 0x07, 0xFE, 0x00, 0xFF, 0x00, 0x07, 0xE0, 0x0B, 0xF0, 0x00, 0x3D, 0x00, 0x7F,
    0x40, 0x03, 0xC0, 0x03, 0xF8, 0x00, 0x7C, 0x00, 0x2F, 0xC0, 0x0F, 0x40, 0x01, 0xFC, 0x01, 0xF0,
    0x00, 0x0F, 0xD0, 0x3D, 0x00, 0x00, 0xFE, 0x07, 0xC0, 0x00, 0x0B, 0xF0, 0xF4, 0x00, 0x00, 0x7F,
    0x1F, 0x00, 0x00, 0x03, 0xFB, 0xC0, 0x00, 0x00, 0x3F, 0xF8, 0x00, 0x00, 0x02, 0xFF, 0x00, 0x00,
    0x00, 0x1F, 0xD0, 0x00, 0x00, 0x01, 0xFC, 0x00, 0x00, 0x1F, 0xFF, 0xFF, 0xC0, 0x01, 0xAB, 0xFE,
    0xA8, 0x00, 0x00, 0x2F, 0x80, 0x00, 0x00, 0x02, 0xF4, 0x00, 0x00, 0x02, 0xFF, 0xE8, 0x00, 0x00,
    0x7F, 0xFF, 0xC0, 0x00, 0x00, 0x00, 0x00, 0x00, 0x05, 0x55, 0x54, 0x00, 0x00, 0x00, 0x2F, 0xFF,
    0xFC, 0x00, 0x00, 0x00, 0x1A, 0xFF, 0xA4, 0x00, 0x00, 0x00, 0x00, 0xBF, 0x00, 0x00, 0x00, 0x00,
    0x00, 0xBF, 0x00, 0x00, 0x00, 0x00, 0x00, 0xFF, 0x00, 0x00, 0x00, 0x00, 0x00, 0xFF, 0x00, 0x00,
    0x00, 0x00, 0x00, 0xFF, 0x00, 0x00, 0x00, 0x00, 0x00, 0xFF, 0x00, 0x00, 0x00, 0x00, 0x00, 0xFE,
    0x02, 0xFF, 0xE0, 0x00, 0x00, 0xFE, 0x3F, 0xFF, 0xFD, 0x00, 0x00, 0xFF, 0xFE, 0x56, 0xFF, 0x00,
    0x00, 0xFF, 0xD0, 0x00, 0xBF, 0x80, 0x00, 0xFF, 0x00, 0x00, 0x3F, 0xC0, 0x00, 0xFE, 0x00, 0x00,
    0x3F, 0xC0, 0x00, 0xFE, 0x00, 0x00, 0x2F, 0xC0, 0x00, 0xFD, 0x00, 0x00, 0x2F, 0xC0, 0x01, 0xFD,
    0x00, 0x00, 0x3F, 0xC0, 0x01, 0xFD, 0x00, 0x00, 0x3F, 0xC0, 0x01, 0xFD, 0x00, 0x00, 0x3F, 0xC0,
    0x01, 0xFD, 0x00, 0x00, 0x3F, 0x80, 0x02, 0xFD, 0x00, 0x00, 0x3F, 0xC0, 0x7F, 0xFF, 0xF0, 0x0B,
    0xFF, 0xFD, 0xBF, 0xFF, 0xF0, 0x0F, 0xFF, 0xFD, 0x2A, 0xA4, 0x00, 0x00, 0x00, 0x7F, 0xFC, 0x00,
    0x00, 0x00, 0x1B, 0xFC, 0x00, 0x00, 0x00, 0x02, 0xFC, 0x00, 0x00, 0x00, 0x02, 0xFC, 0x00, 0x00,
    0x00, 0x02, 0xFC, 0x00, 0x00, 0x00, 0x02, 0xF8, 0x00, 0x00, 0x00, 0x02, 0xF8, 0x00, 0x00, 0x00,
    0x02, 0xF8, 0x00, 0x54, 0x00, 0x02, 0xF8, 0x07, 0xFF, 0x00, 0x03, 0xF8, 0x1F, 0xFF, 0xC0, 0x03,
    0xF8, 0x3F, 0x7F, 0xC0, 0x03, 0xF4, 0x7C, 0x1F, 0xC0, 0x03, 0xF4, 0xB4, 0x1F, 0xC0, 0x03, 0xF4,
    0xF0, 0x1F, 0xC0, 0x03, 0xF1, 0xE0, 0x1F, 0xC0, 0x03, 0xF2, 0xD0, 0x2F, 0xC0, 0x03, 0xF3, 0xC0,
    0x2F, 0xC0, 0x03, 0xF7, 0x80, 0x3F, 0xC0, 0x03, 0xFB, 0x40, 0x3F, 0x80, 0x03, 0xEF, 0x00, 0x3F,
    0x80, 0x03, 0xFE, 0x00, 0x3F, 0x40, 0x03, 0xFD, 0x00, 0x3F, 0x40, 0x03, 0xFC, 0x00, 0x3F, 0x44,
    0x07, 0xF8, 0x00, 0x3F, 0xFE, 0x07, 0xF4, 0x00, 0x2F, 0xF8, 0x00, 0x00, 0x00, 0x05, 0x40, 0x00,
    0x01, 0xBF, 0x90, 0x00, 0x00, 0x1F, 0xFF, 0xFE, 0x00, 0x00, 0xFF, 0xFF, 0xFF, 0xC0, 0x03, 0xF8,
    0x00, 0x3F, 0xF0, 0x0F, 0xD0, 0x00, 0x0F, 0xF8, 0x03, 0x00, 0x00, 0x03, 0xFC, 0x00, 0x00, 0x00,
    0x03, 0xFD, 0x00, 0x00, 0x00, 0x01, 0xFE, 0x00, 0x00, 0x00, 0x01, 0xFF, 0x00, 0x00, 0x00, 0x00,
    0xFF, 0x00, 0x00, 0x00, 0x00, 0xFF, 0x15, 0x55, 0x55, 0x55, 0xFF, 0x3F, 0xFF, 0xFF, 0xFF, 0xFF,
    0x3F, 0xFF, 0xFF, 0xFF, 0xFF, 0x3F, 0x40, 0x00, 0x00, 0xFE, 0x3F, 0x40, 0x00, 0x01, 0xFE, 0x3F,
    0x40, 0x00, 0x02, 0xFD, 0x3F, 0x80, 0x00, 0x03, 0xFC, 0x3F, 0xC0, 0x00, 0x03, 0xF4, 0x1F, 0xC0,
    0x00, 0x0F, 0xF0, 0x0F, 0xF0, 0x00, 0x2F, 0xD0, 0x07, 0xFC, 0x00, 0xBF, 0x40, 0x01, 0xFF, 0xFF,
    0xFD, 0x00, 0x00, 0x2F, 0xFF, 0xE0, 0x00, 0x00, 0x01, 0x54, 0x00, 0x00, 0x00, 0x15, 0x40, 0x00,
    0x2F, 0xFF, 0x80, 0x0F, 0xFF, 0xFF, 0x03, 0xF4, 0x1F, 0xF8, 0x38, 0x00, 0x3F, 0xC0, 0x00, 0x01,
    0xFE, 0x00, 0x00, 0x0F, 0xF0, 0x00, 0x00, 0xFF, 0x00, 0x06, 0xFF, 0xF0, 0x1B, 0xFF, 0xFF, 0x0B,
    0xFD, 0x0F, 0xF2, 0xFC, 0x00, 0xFE, 0x7F, 0x00, 0x0F, 0xDB, 0xF0, 0x01, 0xFC, 0xBF, 0x00, 0x3F,
    0x47, 0xF4, 0x0B, 0xF0, 0x3F, 0xEB, 0xFC, 0x00, 0xFF, 0xFD, 0x00, 0x00, 0x54, 0x00, 0x00, 0x00,
    0x00, 0x6F, 0xF9, 0x00, 0x00, 0x00, 0xBF, 0xFF, 0xFD, 0x00, 0x00, 0x3F, 0xF9, 0x6F, 0xF8, 0x00,
    0x0F, 0xF0, 0x00, 0x3F, 0xE0, 0x03, 0xFC, 0x00, 0x00, 0xFF, 0x40, 0x7F, 0x40, 0x00, 0x07, 0xFC,
    0x0F, 0xF0, 0x00, 0x00, 0x3F, 0xD1, 0xFD, 0x00, 0x00, 0x02, 0xFE, 0x2F, 0xC0, 0x00, 0x00, 0x1F,
    0xF3, 0xFC, 0x00, 0x00, 0x00, 0xFF, 0x3F, 0xC0, 0x00, 0x00, 0x0F, 0xF3, 0xFF, 0xFF, 0xFF, 0xFF,
    0xFF, 0x3F, 0xFF, 0xFF, 0xFF, 0xFF, 0xF3, 0xFC, 0x00, 0x00, 0x01, 0xFF, 0x3F, 0xC0, 0x00, 0x00,
    0x0F, 0xE3, 0xFC, 0x00, 0x00, 0x01, 0xFE, 0x3F, 0xC0, 0x00, 0x00, 0x2F, 0xD2, 0xFE, 0x00, 0x00,
    0x03, 0xFC, 0x0F, 0xF0, 0x00, 0x00, 0x7F, 0x40, 0xBF, 0x80, 0x00, 0x0F, 0xF0, 0x03, 0xFD, 0x00,
    0x02, 0xFC, 0x00, 0x1F, 0xF8, 0x01, 0xFF, 0x40, 0x00, 0x7F, 0xFF, 0xFF, 0xC0, 0x00, 0x00, 0xBF,
    0xFF, 0xD0, 0x00, 0x00, 0x00, 0x15, 0x40, 0x00, 0x00, 0x00, 0x01, 0x54, 0x00, 0x00, 0x7F, 0xFF,
    0x80, 0x02, 0xFF, 0xBF, 0xF0, 0x0B, 0xF4, 0x07, 0xF8, 0x0F, 0xD0, 0x02, 0xFC, 0x2F, 0xC0, 0x00,
    0xFE, 0x3F, 0x80, 0x00, 0xFF, 0x3F, 0x80, 0x00, 0xFF, 0x7F, 0xFF, 0xFF, 0xFF, 0x7F, 0xFF, 0xFF,
    0xFF, 0x7F, 0x40, 0x00, 0xFF, 0x7F, 0x40, 0x00, 0xFF, 0x7F, 0x80, 0x00, 0xFE, 0x3F, 0x80, 0x01,
    0xFC, 0x2F, 0xC0, 0x03, 0xFC, 0x0F, 0xE0, 0x0B, 0xF0, 0x07, 0xFE, 0xBF, 0xD0, 0x01, 0xFF, 0xFE,
    0x00, 0x00, 0x05, 0x50, 0x00, 0x00, 0x00, 0x00, 0x1E, 0x00, 0x00, 0x00, 0x00, 0x7F, 0x00, 0x00,
    0x00, 0x02, 0xFF, 0x00, 0x00, 0x00, 0x0B, 0xF8, 0x00, 0x00, 0x00, 0x2F, 0x80, 0x00, 0x00, 0x00,
    0x28, 0x00, 0x00, 0x00, 0x00, 0x00, 0x00, 0x00, 0x00, 0x00, 0x6F, 0xE8, 0x00, 0x00, 0x0B, 0xFF,
    0xFF, 0xC0, 0x00, 0x3F, 0xF9, 0x6F, 0xF0, 0x00, 0xFF, 0x40, 0x03, 0xFC, 0x02, 0xFC, 0x00, 0x02,
    0xFC, 0x07, 0xF4, 0x00, 0x03, 0xFD, 0x0F, 0xF0, 0x00, 0x03, 0xFC, 0x0F, 0xE0, 0x00, 0x00, 0x50,
    0x2F, 0xC0, 0x00, 0x00, 0x00, 0x3F, 0xC0, 0x00, 0x00, 0x00, 0x3F, 0xC0, 0x00, 0x00, 0x00, 0x3F,
    0xC0, 0x00, 0x00, 0x00, 0x3F, 0xC0, 0x00, 0x00, 0x00, 0x3F, 0xC0, 0x00, 0x00, 0x00, 0x3F, 0xC0,
    0x00, 0x00, 0x00, 0x3F, 0xC0, 0x00, 0x00, 0x00, 0x3F, 0xC0, 0x00, 0x00, 0x00, 0x2F, 0xD0, 0x00,
    0x00, 0x00, 0x0F, 0xF0, 0x00, 0x00, 0x20, 0x0B, 0xF8, 0x00, 0x00, 0xBC, 0x03, 0xFD, 0x00, 0x03,
    0xF4, 0x01, 0xFF, 0xD0, 0x6F, 0xD0, 0x00, 0x7F, 0xFF, 0xFF, 0x40, 0x00, 0x0B, 0xFF, 0xF8, 0x00,
    0x00, 0x00, 0x7D, 0x40, 0x00, 0x00, 0x00, 0x3C, 0x00, 0x00, 0x00, 0x00, 0x7F, 0xD0, 0x00, 0x00,
    0x00, 0x17, 0xF0, 0x00, 0x00, 0x00, 0x03, 0xF0, 0x00, 0x00, 0x01, 0x07, 0xF0, 0x00, 0x00, 0x03,
    0xFF, 0xC0, 0x00, 0x00, 0x01, 0xAA, 0x00, 0x00, 0x00, 0x00, 0x00, 0x00, 0x00, 0x00, 0x7C, 0x00,
    0x00, 0x03, 0xF4, 0x00, 0x00, 0x3F, 0xC0, 0x00, 0x02, 0xFC, 0x00, 0x00, 0x1F, 0x80, 0x00, 0x00,
    0xF4, 0x00, 0x00, 0x01, 0x00, 0x00, 0x00, 0x00, 0x00, 0x00, 0x00, 0x05, 0x50, 0x00, 0x02, 0xFF,
    0xF4, 0x00, 0x7F, 0xEB, 0xF4, 0x07, 0xF4, 0x03, 0xF0, 0x3F, 0x80, 0x0F, 0xD2, 0xFC, 0x00, 0xFF,
    0x0F, 0xE0, 0x02, 0xF8, 0x3F, 0x40, 0x00, 0x01, 0xFD, 0x00, 0x00, 0x07, 0xF4, 0x00, 0x00, 0x1F,
    0xC0, 0x00, 0x00, 0x7F, 0x40, 0x00, 0x01, 0xFD, 0x00, 0x00, 0x03, 0xFC, 0x00, 0x00, 0x0B, 0xF4,
    0x00, 0x78, 0x0F, 0xF4, 0x0B, 0xD0, 0x1F, 0xFF, 0xFD, 0x00, 0x1F, 0xFF, 0xC0, 0x00, 0x03, 0xD0,
    0x00, 0x00, 0x0F, 0x00, 0x00, 0x00, 0x3F, 0xD0, 0x00, 0x00, 0x5F, 0xC0, 0x00, 0x00, 0x2F, 0x00,
    0x00, 0x11, 0xFC, 0x00, 0x02, 0xFF, 0xD0, 0x00, 0x06, 0xA8, 0x00, 0x00, 0x05, 0x55, 0x55, 0x40,
    0x00, 0x00, 0x7F, 0xFF, 0xFF, 0xFE, 0x00, 0x00, 0xAF, 0xFA, 0xAF, 0xFF, 0x80, 0x00, 0x2F, 0xC0,
    0x01, 0xFF, 0xC0, 0x00, 0xBF, 0x00, 0x00, 0xBF, 0xC0, 0x02, 0xFC, 0x00, 0x00, 0xFF, 0x40, 0x0B,
    0xF0, 0x00, 0x01, 0xFF, 0x00, 0x2F, 0xC0, 0x00, 0x03, 0xFD, 0x00, 0xFF, 0x00, 0x00, 0x0B, 0xF4,
    0x03, 0xFC, 0x00, 0x00, 0x1F, 0xE0, 0x0F, 0xF0, 0x00, 0x00, 0x7F, 0x80, 0x3F, 0x80, 0x00, 0x01,
    0xFE, 0x00, 0xFE, 0x00, 0x00, 0x07, 0xF8, 0x03, 0xF8, 0x00, 0x00, 0x1F, 0xE0, 0x0F, 0xE0, 0x00,
    0x00, 0xBF, 0x40, 0x3F, 0x80, 0x00, 0x03, 0xFC, 0x00, 0xFE, 0x00, 0x00, 0x1F, 0xE0, 0x03, 0xF8,
    0x00, 0x00, 0xFF, 0x40, 0x0F, 0xD0, 0x00, 0x07, 0xF8, 0x00, 0x7F, 0x40, 0x00, 0x7F, 0xC0, 0x01,
    0xFD, 0x00, 0x0B, 0xFC, 0x00, 0x07, 0xF4, 0x06, 0xFF, 0x80, 0x07, 0xFF, 0xFF, 0xFF, 0xE0, 0x00,
    0x1F, 0xFF, 0xFF, 0xE4, 0x00, 0x00, 0x00, 0x00, 0x00, 0x00, 0x00, 0x00, 0x00, 0x00, 0x00, 0x00,
    0x00, 0x00, 0x00, 0x00, 0x40, 0x00, 0x00, 0x00, 0x00, 0x0F, 0xD0, 0x00, 0x00, 0x00, 0x00, 0xBF,
    0xC0, 0x00, 0x00, 0x00, 0x02, 0xFF, 0x00, 0x00, 0x00, 0x00, 0x07, 0xF8, 0x00, 0x00, 0x00, 0x00,
    0x01, 0x40, 0x00, 0x00, 0x00, 0x00, 0x0A, 0xA9, 0x00, 0x00, 0x00, 0x7F, 0xFC, 0x00, 0x00, 0x00,
    0x6F, 0xF0, 0x00, 0x00, 0x00, 0x1F, 0xC0, 0x00, 0x00, 0x00, 0x7F, 0x00, 0x00, 0x00, 0x01, 0xFC,
    0x00, 0x00, 0x00, 0x07, 0xF0, 0x00, 0x00, 0x00, 0x2F, 0xC0, 0x00, 0x01, 0x50, 0xBE, 0x00, 0x00,
    0xFF, 0xFF, 0xF8, 0x00, 0x1F, 0xFA, 0xFF, 0xE0, 0x01, 0xFE, 0x00, 0x3F, 0x80, 0x0F, 0xF0, 0x00,
    0xFE, 0x00, 0x7F, 0x00, 0x07, 0xF8, 0x03, 0xFC, 0x00, 0x2F, 0xE0, 0x0F, 0xE0, 0x00, 0xFF, 0x80,
    0x7F, 0x40, 0x03, 0xFD, 0x01, 0xFC, 0x00, 0x1E, 0xF4, 0x0B, 0xF0, 0x00, 0xF7, 0xD0, 0x2F, 0xC0,
    0x03, 0xAF, 0x40, 0x7F, 0x00, 0x1D, 0xBD, 0x01, 0xFD, 0x00, 0xF3, 0xF4, 0x03, 0xF8, 0x07, 0x8F,
    0xD0, 0x0B, 0xF4, 0x3D, 0x3F, 0x44, 0x0F, 0xFF, 0xE0, 0xFF, 0xF8, 0x1F, 0xFE, 0x01, 0xFF, 0x80,
    0x05, 0x40, 0x01, 0x50, 0x00, 0x00, 0x00, 0x00, 0x00, 0x00, 0x00, 0x40, 0x00, 0x00, 0x00, 0x1F,
    0xD0, 0x00, 0x00, 0x00, 0xFF, 0xC0, 0x00, 0x00, 0x03, 0xFF, 0x00, 0x00, 0x00, 0x07, 0xF4, 0x00,
    0x00, 0x00, 0x01, 0x00, 0x00, 0x00, 0x05, 0x55, 0x55, 0x40, 0x00, 0x00, 0x7F, 0xFF, 0xFF, 0xFE,
    0x00, 0x00, 0xAF, 0xFA, 0xAF, 0xFF, 0x80, 0x00, 0x2F, 0xC0, 0x01, 0xFF, 0xC0, 0x00, 0xBF, 0x00,
    0x00, 0xBF, 0xC0, 0x02, 0xFC, 0x00, 0x00, 0xFF, 0x40, 0x0B, 0xF0, 0x00, 0x01, 0xFF, 0x00, 0x2F,
    0xC0, 0x00, 0x03, 0xFD, 0x00, 0xFF, 0x00, 0x00, 0x0B, 0xF4, 0x03, 0xFC, 0x00, 0x00, 0x1F, 0xE0,
    0x0F, 0xF0, 0x00, 0x00, 0x7F, 0x80, 0x3F, 0x80, 0x00, 0x01, 0xFE, 0x00, 0xFE, 0x00, 0x00, 0x07,
    0xF8, 0x03, 0xF8, 0x00, 0x00, 0x1F, 0xE0, 0x0F, 0xE0, 0x00, 0x00, 0xBF, 0x40, 0x3F, 0x80, 0x00,
    0x03, 0xFC, 0x00, 0xFE, 0x00, 0x00, 0x1F, 0xE0, 0x03, 0xF8, 0x00, 0x00, 0xFF, 0x40, 0x0F, 0xD0,
    0x00, 0x07, 0xF8, 0x00, 0x7F, 0x40, 0x00, 0x7F, 0xC0, 0x01, 0xFD, 0x00, 0x0B, 0xFC, 0x00, 0x07,
    0xF4, 0x06, 0xFF, 0x80, 0x07, 0xFF, 0xFF, 0xFF, 0xE0, 0x00, 0x1F, 0xFF, 0xFF, 0xE4, 0x00, 0x00,
    0x00, 0x00, 0x00, 0x00, 0x00, 0x00, 0x00, 0x00, 0x00, 0x00, 0x00, 0x00, 0x00, 0x00, 0x00, 0x00,
    0x00, 0x00, 0x03, 0xFF, 0xFF, 0x40, 0x00, 0x00, 0x0F, 0xFF, 0xFE, 0x00, 0x00, 0x00, 0x3F, 0xFF,
    0xF4, 0x00, 0x00, 0x00, 0x00, 0x0A, 0xA9, 0x00, 0x00, 0x00, 0x7F, 0xFC, 0x00, 0x00, 0x00, 0x6F,
    0xF0, 0x00, 0x00, 0x00, 0x1F, 0xC0, 0x00, 0x00, 0x00, 0x7F, 0x00, 0x00, 0x00, 0x01, 0xFC, 0x00,
    0x00, 0x00, 0x07, 0xF0, 0x00, 0x00, 0x00, 0x2F, 0xC0, 0x00, 0x01, 0x50, 0xBE, 0x00, 0x00, 0xFF,
    0xFF, 0xF8, 0x00, 0x1F, 0xFA, 0xFF, 0xE0, 0x01, 0xFE, 0x00, 0x3F, 0x80, 0x0F, 0xF0, 0x00, 0xFE,
    0x00, 0x7F, 0x00, 0x07, 0xF8, 0x03, 0xFC, 0x00, 0x2F, 0xE0, 0x0F, 0xE0, 0x00, 0xFF, 0x80, 0x7F,
    0x40, 0x03, 0xFD, 0x01, 0xFC, 0x00, 0x1E, 0xF4, 0x0B, 0xF0, 0x00, 0xF7, 0xD0, 0x2F, 0xC0, 0x03,
    0xAF, 0x40, 0x7F, 0x00, 0x1D, 0xBD, 0x01, 0xFD, 0x00, 0xF3, 0xF4, 0x03, 0xF8, 0x07, 0x8F, 0xD0,
    0x0B, 0xF4, 0x3D, 0x3F, 0x44, 0x0F, 0xFF, 0xE0, 0xFF, 0xF8, 0x1F, 0xFE, 0x01, 0xFF, 0x80, 0x05,
    0x40, 0x01, 0x50, 0x00, 0x00, 0x00, 0x00, 0x00, 0x00, 0x00, 0x00, 0x00, 0x00, 0x03, 0xFF, 0xFF,
    0x40, 0x00, 0x1F, 0xFF, 0xFD, 0x00, 0x00, 0x7F, 0xFF, 0xF4, 0x00, 0x00, 0x02, 0xC0, 0x00, 0x00,
    0x00, 0x7F, 0x00, 0x00, 0x00, 0x07, 0xFD, 0x00, 0x00, 0x00, 0x1F, 0xF4, 0x00, 0x00, 0x00, 0x1F,
    0xD0, 0x00, 0x00, 0x00, 0x1A, 0x00, 0x00, 0x00, 0x00, 0x00, 0x00, 0x00, 0x55, 0x55, 0x40, 0x00,
    0x1F, 0xFF, 0xFD, 0x00, 0x01, 0xFF, 0xFF, 0xD0, 0x00, 0x05, 0x55, 0x54, 0x00, 0x00, 0x00, 0x00,
    0x00, 0x00, 0x00, 0x00, 0x00, 0x00, 0x55, 0x55, 0x55, 0x54, 0x2F, 0xFF, 0xFF, 0xFF, 0xD1, 0xBF,
    0xFF, 0xFF, 0xFD, 0x00, 0xFF, 0x00, 0x0B, 0xE0, 0x0F, 0xF0, 0x00, 0x3E, 0x00, 0xFF, 0x00, 0x02,
    0xE0, 0x0F, 0xE0, 0x00, 0x19, 0x00, 0xFE, 0x00, 0x00, 0x00, 0x0F, 0xE0, 0x00, 0x00, 0x00, 0xFE,
    0x00, 0x00, 0x00, 0x0F, 0xE0, 0x00, 0x00, 0x00, 0xFF, 0xFF, 0xFD, 0x00, 0x0F, 0xFF, 0xFF, 0xD0,
    0x00, 0xFE, 0x00, 0x00, 0x00, 0x0F, 0xD0, 0x00, 0x00, 0x01, 0xFD, 0x00, 0x00, 0x00, 0x1F, 0xD0,
    0x00, 0x00, 0x01, 0xFD, 0x00, 0x00, 0x50, 0x1F, 0xC0, 0x00, 0x1F, 0x01, 0xFC, 0x00, 0x03, 0xE0,
    0x1F, 0xC0, 0x00, 0x7E, 0x02, 0xFC, 0x00, 0x1F, 0xD3, 0xFF, 0xFF, 0xFF, 0xFD, 0x7F, 0xFF, 0xFF,
    0xFF, 0xC0, 0x00, 0x2C, 0x00, 0x00, 0x07, 0xF0, 0x00, 0x00, 0x7F, 0xD0, 0x00, 0x01, 0xFF, 0x40,
    0x00, 0x01, 0xFE, 0x00, 0x00, 0x00, 0xA0, 0x00, 0x00, 0x00, 0x00, 0x00, 0x00, 0x00, 0x01, 0xFF,
    0xFF, 0xD0, 0x1F, 0xFF, 0xFD, 0x01, 0xFF, 0xFF, 0xD0, 0x00, 0x00, 0x00, 0x00, 0x00, 0x00, 0x00,
    0x00, 0x00, 0x00, 0x00, 0x01, 0x54, 0x00, 0x03, 0xFF, 0xF4, 0x01, 0xFE, 0xBF, 0xD0, 0x7F, 0x40,
    0xFF, 0x0F, 0xD0, 0x0B, 0xF2, 0xFC, 0x00, 0xBF, 0x3F, 0x80, 0x0F, 0xE3, 0xF4, 0x02, 0xFC, 0x7F,
    0x46, 0xFF, 0x47, 0xFF, 0xFF, 0x80, 0x7F, 0xFE, 0x40, 0x07, 0xF4, 0x00, 0x00, 0x7F, 0x40, 0x00,
    0x03, 0xFC, 0x00, 0x00, 0x2F, 0xD0, 0x01, 0xC0, 0xFF, 0x80, 0xBE, 0x07, 0xFF, 0xFF, 0x80, 0x1F,
    0xFF, 0xD0, 0x00, 0x05, 0x40, 0x00, 0x00, 0x00, 0x00, 0xB4, 0x00, 0x00, 0x00, 0x3F, 0xC0, 0x00,
    0x00, 0x0F, 0xF8, 0x00, 0x00, 0x03, 0xFD, 0x00, 0x00, 0x01, 0xFD, 0x00, 0x00, 0x00, 0x1D, 0x00,
    0x00, 0x00, 0x00, 0x00, 0x00, 0x00, 0x00, 0x55, 0x55, 0x40, 0x00, 0x1F, 0xFF, 0xFD, 0x00, 0x01,
    0xFF, 0xFF, 0xD0, 0x00, 0x05, 0x55, 0x54, 0x00, 0x00, 0x00, 0x00, 0x00, 0x00, 0x00, 0x00, 0x00,
    0x00, 0x55, 0x55, 0x55, 0x54, 0x2F, 0xFF, 0xFF, 0xFF, 0xD1, 0xBF, 0xFF, 0xFF, 0xFD, 0x00, 0xFF,
    0x00, 0x0B, 0xE0, 0x0F, 0xF0, 0x00, 0x3E, 0x00, 0xFF, 0x00, 0x02, 0xE0, 0x0F, 0xE0, 0x00, 0x19,
    0x00, 0xFE, 0x00, 0x00, 0x00, 0x0F, 0xE0, 0x00, 0x00, 0x00, 0xFE, 0x00, 0x00, 0x00, 0x0F, 0xE0,
    0x00, 0x00, 0x00, 0xFF, 0xFF, 0xFD, 0x00, 0x0F, 0xFF, 0xFF, 0xD0, 0x00, 0xFE, 0x00, 0x00, 0x00,
    0x0F, 0xD0, 0x00, 0x00, 0x01, 0xFD, 0x00, 0x00, 0x00, 0x1F, 0xD0, 0x00, 0x00, 0x01, 0xFD, 0x00,
    0x00, 0x50, 0x1F, 0xC0, 0x00, 0x1F, 0x01, 0xFC, 0x00, 0x03, 0xE0, 0x1F, 0xC0, 0x00, 0x7E, 0x02,
    0xFC, 0x00, 0x1F, 0xD3, 0xFF, 0xFF, 0xFF, 0xFD, 0x7F, 0xFF, 0xFF, 0xFF, 0xC0, 0x00, 0x00, 0x0F,
    0x00, 0x00, 0x07, 0xF4, 0x00, 0x01, 0xFF, 0x40, 0x00, 0x7F, 0xD0, 0x00, 0x1F, 0x80, 0x00, 0x02,
    0x80, 0x00, 0x00, 0x00, 0x00, 0x00, 0x00, 0x00, 0x00, 0x01, 0xFF, 0xFF, 0xD0, 0x1F, 0xFF, 0xFD,
    0x01, 0xFF, 0xFF, 0xD0, 0x00, 0x00, 0x00, 0x00, 0x00, 0x00, 0x00, 0x00, 0x00, 0x00, 0x00, 0x01,
    0x54, 0x00, 0x03, 0xFF, 0xF4, 0x01, 0xFE, 0xBF, 0xD0, 0x7F, 0x40, 0xFF, 0x0F, 0xD0, 0x0B, 0xF2,
    0xFC, 0x00, 0xBF, 0x3F, 0x80, 0x0F, 0xE3, 0xF4, 0x02, 0xFC, 0x7F, 0x46, 0xFF, 0x47, 0xFF, 0xFF,
    0x80, 0x7F, 0xFE, 0x40, 0x07, 0xF4, 0x00, 0x00, 0x7F, 0x40, 0x00, 0x03, 0xFC, 0x00, 0x00, 0x2F,
    0xD0, 0x01, 0xC0, 0xFF, 0x80, 0xBE, 0x07, 0xFF, 0xFF, 0x80, 0x1F, 0xFF, 0xD0, 0x00, 0x05, 0x40,
    0x00, 0x00, 0x00, 0x00, 0x00, 0x00, 0x03, 0xC0, 0x00, 0xB0, 0x00, 0x2D, 0x00, 0x1E, 0x00, 0x01,
    0xF4, 0x07, 0xD0, 0x00, 0x0F, 0xFF, 0xFC, 0x00, 0x00, 0x7F, 0xFF, 0x00, 0x00, 0x00, 0xBF, 0x80,
    0x00, 0x00, 0x00, 0x00, 0x00, 0x05, 0x55, 0x55, 0x55, 0x42, 0xFF, 0xFF, 0xFF, 0xFD, 0x1B, 0xFF,
    0xFF, 0xFF, 0xD0, 0x0F, 0xF0, 0x00, 0xBE, 0x00, 0xFF, 0x00, 0x03, 0xE0, 0x0F, 0xF0, 0x00, 0x2E,
    0x00, 0xFE, 0x00, 0x01, 0x90, 0x0F, 0xE0, 0x00, 0x00, 0x00, 0xFE, 0x00, 0x00, 0x00, 0x0F, 0xE0,
    0x00, 0x00, 0x00, 0xFE, 0x00, 0x00, 0x00, 0x0F, 0xFF, 0xFF, 0xD0, 0x00, 0xFF, 0xFF, 0xFD, 0x00,
    0x0F, 0xE0, 0x00, 0x00, 0x00, 0xFD, 0x00, 0x00, 0x00, 0x1F, 0xD0, 0x00, 0x00, 0x01, 0xFD, 0x00,
    0x00, 0x00, 0x1F, 0xD0, 0x00, 0x05, 0x01, 0xFC, 0x00, 0x01, 0xF0, 0x1F, 0xC0, 0x00, 0x3E, 0x01,
    0xFC, 0x00, 0x07, 0xE0, 0x2F, 0xC0, 0x01, 0xFD, 0x3F, 0xFF, 0xFF, 0xFF, 0xD7, 0xFF, 0xFF, 0xFF,
    0xFC, 0x00, 0x00, 0x74, 0x00, 0x00, 0x00, 0x0F, 0x00, 0x00, 0x00, 0x00, 0xFF, 0x40, 0x00, 0x00,
    0x05, 0xFC, 0x00, 0x00, 0x00, 0x0B, 0xC0, 0x00, 0x00, 0x11, 0xFC, 0x00, 0x00, 0x0B, 0xFF, 0x40,
    0x00, 0x00, 0x2A, 0x80, 0x00, 0x01, 0xC0, 0x00, 0xA0, 0x1D, 0x00, 0x0E, 0x00, 0xF0, 0x03, 0xD0,
    0x0F, 0xEA, 0xFC, 0x00, 0x7F, 0xFF, 0x40, 0x02, 0xFF, 0xD0, 0x00, 0x01, 0x50, 0x00, 0x00, 0x00,
    0x00, 0x00, 0x01, 0x54, 0x00, 0x03, 0xFF, 0xF4, 0x01, 0xFE, 0xBF, 0xD0, 0x7F, 0x40, 0xFF, 0x0F,
    0xD0, 0x0B, 0xF2, 0xFC, 0x00, 0xBF, 0x3F, 0x80, 0x0F, 0xE3, 0xF4, 0x02, 0xFC, 0x7F, 0x46, 0xFF,
    0x47, 0xFF, 0xFF, 0x80, 0x7F, 0xFE, 0x40, 0x07, 0xF4, 0x00, 0x00, 0x7F, 0x40, 0x00, 0x03, 0xFC,
    0x00, 0x00, 0x2F, 0xD0, 0x01, 0xC0, 0xFF, 0x80, 0xBE, 0x07, 0xFF, 0xFF, 0x80, 0x1F, 0xFF, 0xD0,
    0x00, 0x0B, 0x40, 0x00, 0x00, 0xF0, 0x00, 0x00, 0x0F, 0xF4, 0x00, 0x00, 0x5F, 0xC0, 0x00, 0x00,
    0xBC, 0x00, 0x01, 0x1F, 0xC0, 0x00, 0xBF, 0xF4, 0x00, 0x02, 0xA8, 0x00, 0x00, 0x01, 0x55, 0x55,
    0x40, 0x00, 0x00, 0xFF, 0xFF, 0xF0, 0x00, 0x00, 0x3F, 0xFF, 0xFC, 0x00, 0x00, 0x05, 0x55, 0x55,
    0x00, 0x00, 0x00, 0x00, 0x00, 0x00, 0x00, 0x00, 0x00, 0x00, 0x00, 0x00, 0x00, 0x06, 0xBF, 0x90,
    0x00, 0x00, 0x1F, 0xFF, 0xFF, 0x80, 0x00, 0x2F, 0xF9, 0x5B, 0xFC, 0x00, 0x3F, 0xD0, 0x00, 0x3F,
    0x80, 0x2F, 0xD0, 0x00, 0x0B, 0xF0, 0x1F, 0xE0, 0x00, 0x03, 0xFC, 0x0F, 0xF0, 0x00, 0x01, 0xFF,
    0x03, 0xF8, 0x00, 0x00, 0x05, 0x02, 0xFD, 0x00, 0x00, 0x00, 0x00, 0xBF, 0x00, 0x00, 0x00, 0x00,
    0x3F, 0xC0, 0x00, 0x00, 0x00, 0x0F, 0xF0, 0x00, 0x00, 0x00, 0x03, 0xFC, 0x00, 0x00, 0x00, 0x00,
    0xFF, 0x00, 0x00, 0xBF, 0xF8, 0x3F, 0xC0, 0x00, 0x2F, 0xFE, 0x0F, 0xF0, 0x00, 0x00, 0x3F, 0x83,
    0xFC, 0x00, 0x00, 0x0F, 0xD0, 0xBF, 0x40, 0x00, 0x03, 0xF4, 0x0F, 0xF0, 0x00, 0x00, 0xFD, 0x02,
    0xFD, 0x00, 0x00, 0x3F, 0x40, 0x3F, 0xD0, 0x00, 0x0F, 0xD0, 0x07, 0xFE, 0x00, 0x1F, 0xF4, 0x00,
    0x7F, 0xFF, 0xFF, 0xF4, 0x00, 0x02, 0xFF, 0xFF, 0x90, 0x00, 0x00, 0x01, 0x54, 0x00, 0x00, 0x00,
    0xBF, 0xFF, 0xF0, 0x00, 0xFF, 0xFF, 0xF0, 0x00, 0xFF, 0xFF, 0xF0, 0x00, 0x00, 0x00, 0x00, 0x00,
    0x00, 0x00, 0x00, 0x00, 0x00, 0x00, 0x00, 0x00, 0x01, 0x54, 0x04, 0x00, 0x3F, 0xFF, 0xFE, 0x01,
    0xFF, 0xEF, 0xFE, 0x03, 0xFC, 0x00, 0xFE, 0x0F, 0xF0, 0x00, 0xFE, 0x1F, 0xD0, 0x01, 0xFE, 0x3F,
    0xC0, 0x02, 0xFE, 0x3F, 0x80, 0x03, 0xFD, 0x7F, 0x40, 0x03, 0xFD, 0x7F, 0x40, 0x07, 0xBD, 0x7F,
    0x00, 0x0B, 0x7D, 0x7F, 0x00, 0x0E, 0xBD, 0x7F, 0x40, 0x1D, 0xBD, 0x3F, 0x40, 0x3C, 0xBD, 0x3F,
    0x80, 0x78, 0xFC, 0x2F, 0xD1, 0xF4, 0xFC, 0x0F, 0xFF, 0xE0, 0xFC, 0x03, 0xFF, 0x80, 0xFC, 0x00,
    0x10, 0x01, 0xF8, 0x00, 0x00, 0x02, 0xF4, 0x2F, 0x80, 0x03, 0xF0, 0x3F, 0x80, 0x0B, 0xE0, 0x7F,
    0x80, 0x1F, 0xC0, 0x3F, 0xD1, 0xBF, 0x00, 0x1F, 0xFF, 0xF8, 0x00, 0x01, 0xAA, 0x40, 0x00, 0x05,
    0x55, 0x54, 0x01, 0x55, 0x55, 0x0B, 0xFF, 0xFE, 0x00, 0xFF, 0xFF, 0xC1, 0xBF, 0xFE, 0x40, 0x2B,
    0xFF, 0x90, 0x03, 0xFC, 0x00, 0x00, 0x7F, 0x40, 0x00, 0xFF, 0x00, 0x00, 0x1F, 0xC0, 0x00, 0x3F,
    0xC0, 0x00, 0x07, 0xF0, 0x00, 0x0F, 0xE0, 0x00, 0x02, 0xFC, 0x00, 0x03, 0xF8, 0x00, 0x00, 0xBF,
    0x00, 0x00, 0xFE, 0x00, 0x00, 0x2F, 0xC0, 0x00, 0x3F, 0x80, 0x00, 0x0B, 0xF0, 0x00, 0x0F, 0xE0,
    0x00, 0x02, 0xFC, 0x00, 0x03, 0xFF, 0xFF, 0xFF, 0xFF, 0x00, 0x00, 0xFF, 0xFF, 0xFF, 0xFF, 0xC0,
    0x00, 0x3F, 0x80, 0x00, 0x0F, 0xF0, 0x00, 0x1F, 0xD0, 0x00, 0x03, 0xFC, 0x00, 0x07, 0xF4, 0x00,
    0x00, 0xFF, 0x00, 0x01, 0xFD, 0x00, 0x00, 0x3F, 0x80, 0x00, 0x7F, 0x40, 0x00, 0x0F, 0xE0, 0x00,
    0x1F, 0xD0, 0x00, 0x03, 0xF8, 0x00, 0x07, 0xF0, 0x00, 0x00, 0xFE, 0x00, 0x02, 0xFC, 0x00, 0x00,
    0x3F, 0x80, 0x00, 0xBF, 0x40, 0x00, 0x0F, 0xE0, 0x03, 0xFF, 0xFF, 0x00, 0xBF, 0xFF, 0xE1, 0xFF,
    0xFF, 0xC0, 0x3F, 0xFF, 0xF8, 0x00, 0x00, 0x00, 0x00, 0x00, 0x00, 0x00, 0x00, 0x00, 0x00, 0x00,
    0x00, 0x00, 0x00, 0x00, 0x10, 0x00, 0x00, 0x00, 0x00, 0x00, 0x3F, 0x40, 0x00, 0x00, 0x00, 0x00,
    0x2F, 0xF0, 0x00, 0x00, 0x00, 0x00, 0x0B, 0xFC, 0x00, 0x00, 0x00, 0x00, 0x01, 0xFE, 0x00, 0x00,
    0x00, 0x00, 0x00, 0x05, 0x00, 0x00, 0x00, 0x2A, 0xA4, 0x00, 0x00, 0x00, 0x7F, 0xFC, 0x00, 0x00,
    0x00, 0x1B, 0xFC, 0x00, 0x00, 0x00, 0x02, 0xFC, 0x00, 0x00, 0x00, 0x02, 0xFC, 0x00, 0x00, 0x00,
    0x02, 0xFC, 0x00, 0x00, 0x00, 0x02, 0xF8, 0x00, 0x00, 0x00, 0x02, 0xF8, 0x00, 0x00, 0x00, 0x02,
    0xF8, 0x00, 0x54, 0x00, 0x02, 0xF8, 0x07, 0xFF, 0x00, 0x03, 0xF8, 0x1F, 0xFF, 0xC0, 0x03, 0xF8,
    0x3F, 0x7F, 0xC0, 0x03, 0xF4, 0x7C, 0x1F, 0xC0, 0x03, 0xF4, 0xB4, 0x1F, 0xC0, 0x03, 0xF4, 0xF0,
    0x1F, 0xC0, 0x03, 0xF1, 0xE0, 0x1F, 0xC0, 0x03, 0xF2, 0xD0, 0x2F, 0xC0, 0x03, 0xF3, 0xC0, 0x2F,
    0xC0, 0x03, 0xF7, 0x80, 0x3F, 0xC0, 0x03, 0xFB, 0x40, 0x3F, 0x80, 0x03, 0xEF, 0x00, 0x3F, 0x80,
    0x03, 0xFE, 0x00, 0x3F, 0x40, 0x03, 0xFD, 0x00, 0x3F, 0x40, 0x03, 0xFC, 0x00, 0x3F, 0x44, 0x07,
    0xF8, 0x00, 0x3F, 0xFE, 0x07, 0xF4, 0x00, 0x2F, 0xF8, 0x00, 0x00, 0x00, 0x05, 0x40, 0x00, 0x00,
    0x00, 0x00, 0x00, 0x00, 0x00, 0x10, 0x00, 0x00, 0x00, 0x00, 0xFE, 0x00, 0x00, 0x00, 0x02, 0xFF,
    0x00, 0x00, 0x00, 0x02, 0xFF, 0x00, 0x00, 0x00, 0x00, 0xFE, 0x00, 0x00, 0x00, 0x00, 0x14, 0x00,
    0x00, 0x05, 0x55, 0x54, 0x01, 0x55, 0x55, 0x0B, 0xFF, 0xFE, 0x00, 0xFF, 0xFF, 0xC1, 0xBF, 0xFE,
    0x40, 0x2B, 0xFF, 0x90, 0x03, 0xFC, 0x00, 0x00, 0x7F, 0x40, 0x00, 0xFF, 0x00, 0x00, 0x1F, 0xC0,
    0x00, 0x3F, 0xC0, 0x00, 0x07, 0xF0, 0x00, 0x0F, 0xE0, 0x00, 0x02, 0xFC, 0x00, 0x03, 0xF8, 0x00,
    0x00, 0xBF, 0x00, 0x00, 0xFE, 0x00, 0x00, 0x2F, 0xC0, 0x00, 0x3F, 0x80, 0x00, 0x0B, 0xF0, 0x00,
    0x0F, 0xE0, 0x00, 0x02, 0xFC, 0x00, 0x03, 0xFF, 0xFF, 0xFF, 0xFF, 0x00, 0x00, 0xFF, 0xFF, 0xFF,
    0xFF, 0xC0, 0x00, 0x3F, 0x80, 0x00, 0x0F, 0xF0, 0x00, 0x1F, 0xD0, 0x00, 0x03, 0xFC, 0x00, 0x07,
    0xF4, 0x00, 0x00, 0xFF, 0x00, 0x01, 0xFD, 0x00, 0x00, 0x3F, 0x80, 0x00, 0x7F, 0x40, 0x00, 0x0F,
    0xE0, 0x00, 0x1F, 0xD0, 0x00, 0x03, 0xF8, 0x00, 0x07, 0xF0, 0x00, 0x00, 0xFE, 0x00, 0x02, 0xFC,
    0x00, 0x00, 0x3F, 0x80, 0x00, 0xBF, 0x40, 0x00, 0x0F, 0xE0, 0x03, 0xFF, 0xFF, 0x00, 0xBF, 0xFF,
    0xE1, 0xFF, 0xFF, 0xC0, 0x3F, 0xFF, 0xF8, 0x00, 0x00, 0x00, 0x00, 0x00, 0x00, 0x00, 0x00, 0x00,
    0x00, 0x00, 0x00, 0x00, 0x00, 0xB0, 0x00, 0x2C, 0x00, 0x00, 0x00, 0x2E, 0x00, 0x0F, 0x00, 0x00,
    0x00, 0x03, 0xE0, 0x1F, 0x80, 0x00, 0x00, 0x00, 0xFF, 0xFF, 0xC0, 0x00, 0x00, 0x00, 0x0F, 0xFF,
    0xD0, 0x00, 0x00, 0x00, 0x00, 0xBF, 0x80, 0x00, 0x00, 0x2A, 0xA4, 0x00, 0x00, 0x00, 0x7F, 0xFC,
    0x00, 0x00, 0x00, 0x1B, 0xFC, 0x00, 0x00, 0x00, 0x02, 0xFC, 0x00, 0x00, 0x00, 0x02, 0xFC, 0x00,
    0x00, 0x00, 0x02, 0xFC, 0x00, 0x00, 0x00, 0x02, 0xF8, 0x00, 0x00, 0x00, 0x02, 0xF8, 0x00, 0x00,
    0x00, 0x02, 0xF8, 0x00, 0x54, 0x00, 0x02, 0xF8, 0x07, 0xFF, 0x00, 0x03, 0xF8, 0x1F, 0xFF, 0xC0,
    0x03, 0xF8, 0x3F, 0x7F, 0xC0, 0x03, 0xF4, 0x7C, 0x1F, 0xC0, 0x03, 0xF4, 0xB4, 0x1F, 0xC0, 0x03,
    0xF4, 0xF0, 0x1F, 0xC0, 0x03, 0xF1, 0xE0, 0x1F, 0xC0, 0x03, 0xF2, 0xD0, 0x2F, 0xC0, 0x03, 0xF3,
    0xC0, 0x2F, 0xC0, 0x03, 0xF7, 0x80, 0x3F, 0xC0, 0x03, 0xFB, 0x40, 0x3F, 0x80, 0x03, 0xEF, 0x00,
    0x3F, 0x80, 0x03, 0xFE, 0x00, 0x3F, 0x40, 0x03, 0xFD, 0x00, 0x3F, 0x40, 0x03, 0xFC, 0x00, 0x3F,
    0x44, 0x07, 0xF8, 0x00, 0x3F, 0xFE, 0x07, 0xF4, 0x00, 0x2F, 0xF8, 0x00, 0x00, 0x00, 0x05, 0x40,
    0x00, 0x00, 0x00, 0x00, 0x00, 0x00, 0xB0, 0x00, 0x1C, 0x00, 0x00, 0x78, 0x00, 0x3C, 0x00, 0x00,
    0x3E, 0x01, 0xF8, 0x00, 0x00, 0x2F, 0xFF, 0xF0, 0x00, 0x00, 0x0F, 0xFF, 0xD0, 0x00, 0x00, 0x02,
    0xFE, 0x00, 0x00, 0x00, 0x00, 0xB4, 0x00, 0x03, 0xFC, 0x00, 0x0F, 0xF8, 0x00, 0x3F, 0xD0, 0x01,
    0xFD, 0x00, 0x01, 0xD0, 0x00, 0x00, 0x00, 0x00, 0x05, 0x00, 0x14, 0x3F, 0x80, 0xFE, 0x7F, 0xC2,
    0xFF, 0x7F, 0xC2, 0xFF, 0x2F, 0x40, 0xFC, 0x00, 0x00, 0x00, 0x00, 0x00, 0x00, 0x05, 0x55, 0x54,
    0x2F, 0xFF, 0xFC, 0x1B, 0xFF, 0xE4, 0x00, 0xFF, 0x00, 0x00, 0xFF, 0x00, 0x00, 0xFF, 0x00, 0x00,
    0xFF, 0x00, 0x00, 0xFE, 0x00, 0x00, 0xFE, 0x00, 0x00, 0xFE, 0x00, 0x00, 0xFE, 0x00, 0x00, 0xFE,
    0x00, 0x00, 0xFE, 0x00, 0x00, 0xFD, 0x00, 0x00, 0xFD, 0x00, 0x01, 0xFD, 0x00, 0x01, 0xFD, 0x00,
    0x01, 0xFD, 0x00, 0x01, 0xFD, 0x00, 0x01, 0xFC, 0x00, 0x01, 0xFC, 0x00, 0x02, 0xFD, 0x00, 0x7F,
    0xFF, 0xF0, 0x7F, 0xFF, 0xF0, 0x00, 0x00, 0x78, 0x00, 0x00, 0xBF, 0x00, 0x00, 0xBF, 0xC0, 0x00,
    0xBF, 0x80, 0x00, 0xFE, 0x00, 0x00, 0x34, 0x00, 0x00, 0x00, 0x00, 0x00, 0x00, 0x00, 0x00, 0x1F,
    0x80, 0x7E, 0x0F, 0xF4, 0x3F, 0xC3, 0xFD, 0x1F, 0xF0, 0xFF, 0x03, 0xFC, 0x05, 0x00, 0x14, 0x00,
    0x00, 0x00, 0x00, 0x00, 0x00, 0x00, 0x00, 0x54, 0x00, 0x03, 0xFF, 0x80, 0x01, 0xFF, 0xF0, 0x00,
    0x10, 0xFD, 0x00, 0x00, 0x3F, 0x40, 0x00, 0x0F, 0xD0, 0x00, 0x07, 0xF0, 0x00, 0x01, 0xFC, 0x00,
    0x00, 0x7F, 0x00, 0x00, 0x2F, 0xC0, 0x00, 0x0B, 0xF0, 0x00, 0x02, 0xFC, 0x00, 0x00, 0xFE, 0x00,
    0x00, 0x3F, 0x80, 0x00, 0x0F, 0xE0, 0x00, 0x03, 0xF8, 0x10, 0x00, 0xFF, 0xFC, 0x00, 0x1F, 0xF8,
    0x00, 0x00, 0x50, 0x00, 0x05, 0x55, 0x54, 0x00, 0x02, 0xFF, 0xFF, 0xD0, 0x00, 0x1B, 0xFF, 0xE8,
    0x00, 0x00, 0x0F, 0xF0, 0x00, 0x00, 0x00, 0xFF, 0x00, 0x00, 0x00, 0x0F, 0xF0, 0x00, 0x00, 0x00,
    0xFE, 0x00, 0x00, 0x00, 0x0F, 0xE0, 0x00, 0x00, 0x00, 0xFE, 0x00, 0x00, 0x00, 0x0F, 0xE0, 0x00,
    0x00, 0x00, 0xFE, 0x00, 0x00, 0x00, 0x0F, 0xE0, 0x00, 0x00, 0x00, 0xFD, 0x00, 0x00, 0x00, 0x0F,
    0xD0, 0x00, 0x00, 0x01, 0xFD, 0x00, 0x00, 0x00, 0x1F, 0xD0, 0x00, 0x00, 0x01, 0xFD, 0x00, 0x00,
    0x00, 0x1F, 0xC0, 0x00, 0x1A, 0x01, 0xFC, 0x00, 0x02, 0xE0, 0x1F, 0xC0, 0x00, 0x3E, 0x02, 0xFC,
    0x00, 0x07, 0xD0, 0x2F, 0xC0, 0x01, 0xFD, 0x3F, 0xFF, 0xFF, 0xFF, 0xC7, 0xFF, 0xFF, 0xFF, 0xFC,
    0x00, 0x00, 0x00, 0x00, 0x00, 0x00, 0x00, 0x00, 0x00, 0x00, 0x00, 0x10, 0x00, 0x00, 0x00, 0x2F,
    0xC0, 0x00, 0x00, 0x03, 0xFE, 0x00, 0x00, 0x00, 0x3F, 0xE0, 0x00, 0x00, 0x02, 0xFC, 0x00, 0x00,
    0x00, 0x05, 0x00, 0x00, 0x2A, 0xA4, 0x07, 0xFF, 0xC0, 0x1B, 0xFC, 0x00, 0x1F, 0xC0, 0x02, 0xFC,
    0x00, 0x2F, 0xC0, 0x02, 0xF8, 0x00, 0x2F, 0x80, 0x02, 0xF8, 0x00, 0x3F, 0x80, 0x03, 0xF8, 0x00,
    0x3F, 0x80, 0x03, 0xF8, 0x00, 0x3F, 0x40, 0x03, 0xF4, 0x00, 0x3F, 0x40, 0x03, 0xF4, 0x00, 0x3F,
    0x40, 0x03, 0xF4, 0x00, 0x3F, 0x40, 0x03, 0xF4, 0x00, 0x7F, 0x00, 0x07, 0xF0, 0x00, 0x7F, 0x04,
    0x03, 0xFF, 0xE0, 0x3F, 0xF8, 0x00, 0x54, 0x00, 0x00, 0x00, 0x00, 0x10, 0x00, 0x1F, 0xD0, 0x02,
    0xFF, 0x00, 0x2F, 0xF0, 0x01, 0xFE, 0x00, 0x01, 0x40, 0x05, 0x55, 0x54, 0x00, 0x01, 0xFF, 0xFF,
    0xD0, 0x00, 0x1F, 0xFF, 0xFD, 0x00, 0x00, 0x55, 0x55, 0x40, 0x00, 0x00, 0x00, 0x00, 0x00, 0x00,
    0x00, 0x00, 0x00, 0x00, 0x05, 0x55, 0x54, 0x00, 0x02, 0xFF, 0xFF, 0xD0, 0x00, 0x1B, 0xFF, 0xE8,
    0x00, 0x00, 0x0F, 0xF0, 0x00, 0x00, 0x00, 0xFF, 0x00, 0x00, 0x00, 0x0F, 0xF0, 0x00, 0x00, 0x00,
    0xFE, 0x00, 0x00, 0x00, 0x0F, 0xE0, 0x00, 0x00, 0x00, 0xFE, 0x00, 0x00, 0x00, 0x0F, 0xE0, 0x00,
    0x00, 0x00, 0xFE, 0x00, 0x00, 0x00, 0x0F, 0xE0, 0x00, 0x00, 0x00, 0xFD, 0x00, 0x00, 0x00, 0x0F,
    0xD0, 0x00, 0x00, 0x01, 0xFD, 0x00, 0x00, 0x00, 0x1F, 0xD0, 0x00, 0x00, 0x01, 0xFD, 0x00, 0x00,
    0x00, 0x1F, 0xC0, 0x00, 0x1A, 0x01, 0xFC, 0x00, 0x02, 0xE0, 0x1F, 0xC0, 0x00, 0x3E, 0x02, 0xFC,
    0x00, 0x07, 0xD0, 0x2F, 0xC0, 0x01, 0xFD, 0x3F, 0xFF, 0xFF, 0xFF, 0xC7, 0xFF, 0xFF, 0xFF, 0xFC,
    0x00, 0x00, 0x00, 0x00, 0x00, 0x00, 0x00, 0x00, 0x00, 0x00, 0x00, 0x10, 0x00, 0x00, 0x00, 0x2F,
    0xC0, 0x00, 0x00, 0x03, 0xFE, 0x00, 0x00, 0x00, 0x3F, 0xE0, 0x00, 0x00, 0x02, 0xFC, 0x00, 0x00,
    0x00, 0x05, 0x00, 0x00, 0x15, 0x55, 0x53, 0xFF, 0xFF, 0xCF, 0xFF, 0xFF, 0x15, 0x55, 0x54, 0x00,
    0x00, 0x00, 0x00, 0x00, 0x00, 0xAA, 0x90, 0x07, 0xFF, 0xC0, 0x06, 0xFF, 0x00, 0x01, 0xFC, 0x00,
    0x0B, 0xF0, 0x00, 0x2F, 0xC0, 0x00, 0xBE, 0x00, 0x02, 0xF8, 0x00, 0x0B, 0xE0, 0x00, 0x3F, 0x80,
    0x00, 0xFE, 0x00, 0x03, 0xF8, 0x00, 0x0F, 0xE0, 0x00, 0x3F, 0x40, 0x00, 0xFD, 0x00, 0x03, 0xF4,
    0x00, 0x0F, 0xD0, 0x00, 0x3F, 0x40, 0x00, 0xFD, 0x00, 0x03, 0xF4, 0x00, 0x0F, 0xD0, 0x00, 0x7F,
    0x00, 0x01, 0xFC, 0x00, 0x07, 0xF0, 0x40, 0x0F, 0xFF, 0x80, 0x3F, 0xF8, 0x00, 0x15, 0x00, 0x00,
    0x00, 0x00, 0x00, 0x40, 0x00, 0x1F, 0xD0, 0x00, 0xBF, 0xC0, 0x02, 0xFF, 0x00, 0x07, 0xF8, 0x00,
    0x01, 0x40, 0x05, 0x55, 0x54, 0x00, 0x02, 0xFF, 0xFF, 0xD0, 0x00, 0x1B, 0xFF, 0xE8, 0x00, 0x00,
    0x0F, 0xF0, 0x00, 0x00, 0x00, 0xFF, 0x00, 0x00, 0x00, 0x0F, 0xF0, 0x00, 0x00, 0x00, 0xFE, 0x00,
    0x00, 0x00, 0x0F, 0xE0, 0x00, 0x00, 0x00, 0xFE, 0x00, 0x00, 0x00, 0x0F, 0xE0, 0x00, 0x00, 0x00,
    0xFE, 0x00, 0x00, 0x00, 0x0F, 0xE0, 0x00, 0x00, 0x00, 0xFD, 0x00, 0x00, 0x00, 0x0F, 0xD0, 0x00,
    0x00, 0x01, 0xFD, 0x00, 0x00, 0x00, 0x1F, 0xD0, 0x00, 0x00, 0x01, 0xFD, 0x00, 0x00, 0x00, 0x1F,
    0xC0, 0x00, 0x1A, 0x01, 0xFC, 0x00, 0x02, 0xE0, 0x1F, 0xC0, 0x00, 0x3E, 0x02, 0xFC, 0x00, 0x07,
    0xD0, 0x2F, 0xC0, 0x01, 0xFD, 0x3F, 0xFF, 0xFF, 0xFF, 0xC7, 0xFF, 0xFF, 0xFF, 0xFC, 0x00, 0x00,
    0x00, 0x00, 0x00, 0x00, 0x00, 0x00, 0x00, 0x00, 0x00, 0x00, 0x00, 0x00, 0x07, 0xFF, 0xFF, 0x00,
    0x00, 0xBF, 0xFF, 0xF0, 0x00, 0x0B, 0xFF, 0xFF, 0x00, 0x2A, 0xA4, 0x01, 0xFF, 0xF0, 0x01, 0xBF,
    0xC0, 0x00, 0x7F, 0x00, 0x02, 0xFC, 0x00, 0x0B, 0xF0, 0x00, 0x2F, 0x80, 0x00, 0xBE, 0x00, 0x02,
    0xF8, 0x00, 0x0F, 0xE0, 0x00, 0x3F, 0x80, 0x00, 0xFE, 0x00, 0x03, 0xF8, 0x00, 0x0F, 0xD0, 0x00,
    0x3F, 0x40, 0x00, 0xFD, 0x00, 0x03, 0xF4, 0x00, 0x0F, 0xD0, 0x00, 0x3F, 0x40, 0x00, 0xFD, 0x00,
    0x03, 0xF4, 0x00, 0x1F, 0xC0, 0x00, 0x7F, 0x00, 0x01, 0xFC, 0x10, 0x03, 0xFF, 0xE0, 0x0F, 0xFE,
    0x00, 0x05, 0x40, 0x00, 0x00, 0x00, 0x00, 0x00, 0x00, 0xFF, 0xFF, 0xD3, 0xFF, 0xFF, 0x9F, 0xFF,
    0xFD, 0x05, 0x55, 0x50, 0x00, 0x00, 0x05, 0x55, 0x40, 0x3F, 0xFF, 0xC0, 0x00, 0x00, 0x7F, 0xFF,
    0x40, 0x6F, 0xFF, 0x40, 0x00, 0x03, 0xFF, 0xF8, 0x00, 0x1F, 0xFE, 0x00, 0x00, 0x0F, 0xFE, 0x00,
    0x00, 0x7F, 0xFC, 0x00, 0x00, 0x7E, 0xFC, 0x00, 0x01, 0xF7, 0xF4, 0x00, 0x03, 0xEB, 0xF0, 0x00,
    0x0B, 0xCF, 0xE0, 0x00, 0x0F, 0x6F, 0xC0, 0x00, 0x2F, 0x3F, 0xC0, 0x00, 0x7C, 0xBF, 0x00, 0x00,
    0xB8, 0xBF, 0x00, 0x02, 0xE2, 0xFC, 0x00, 0x02, 0xE1, 0xFD, 0x00, 0x0F, 0x4B, 0xF0, 0x00, 0x0F,
    0x83, 0xF8, 0x00, 0x7C, 0x2F, 0xC0, 0x00, 0x3E, 0x0B, 0xF0, 0x02, 0xE0, 0x7F, 0x00, 0x00, 0xF4,
    0x1F, 0xC0, 0x0F, 0x41, 0xFC, 0x00, 0x03, 0xD0, 0x3F, 0x80, 0x7C, 0x07, 0xF0, 0x00, 0x0F, 0x40,
    0xFF, 0x02, 0xE0, 0x1F, 0xC0, 0x00, 0x3C, 0x02, 0xFC, 0x0F, 0x40, 0x7F, 0x00, 0x00, 0xF0, 0x07,
    0xF4, 0x7C, 0x01, 0xFC, 0x00, 0x07, 0xC0, 0x0F, 0xE2, 0xE0, 0x07, 0xF0, 0x00, 0x1F, 0x00, 0x2F,
    0xCF, 0x40, 0x1F, 0xD0, 0x00, 0x7C, 0x00, 0x7F, 0x7C, 0x00, 0x3F, 0x40, 0x02, 0xF0, 0x00, 0xFF,
    0xF0, 0x00, 0xFD, 0x00, 0x0B, 0xC0, 0x03, 0xFF, 0x40, 0x07, 0xF4, 0x07, 0xFF, 0xF8, 0x0B, 0xFC,
    0x03, 0xFF, 0xFF, 0x6F, 0xFF, 0xE0, 0x1F, 0xE0, 0x0F, 0xFF, 0xFD, 0x00, 0x00, 0x00, 0x10, 0x00,
    0x00, 0x00, 0x00, 0x00, 0x00, 0x00, 0x00, 0x00, 0x00, 0x00, 0x00, 0x00, 0x00, 0x00, 0x40, 0x00,
    0x00, 0x00, 0x00, 0x00, 0x00, 0x0F, 0xD0, 0x00, 0x00, 0x00, 0x00, 0x00, 0x00, 0xBF, 0xC0, 0x00,
    0x00, 0x00, 0x00, 0x00, 0x02, 0xFF, 0x00, 0x00, 0x00, 0x00, 0x00, 0x00, 0x07, 0xF8, 0x00, 0x00,
    0x00, 0x00, 0x00, 0x00, 0x01, 0x40, 0x00, 0x00, 0x00, 0x01, 0x40, 0x00, 0x50, 0x00, 0x05, 0x40,
    0x07, 0xFF, 0x40, 0x7F, 0xE0, 0x07, 0xFF, 0x00, 0xBF, 0xF8, 0x1F, 0xFF, 0x41, 0xFF, 0xF8, 0x00,
    0x2F, 0xC3, 0xE7, 0xF8, 0x3E, 0x7F, 0xC0, 0x02, 0xFC, 0x7C, 0x1F, 0x83, 0xC2, 0xFC, 0x00, 0x2F,
    0x8B, 0x41, 0xF8, 0xB8, 0x2F, 0xC0, 0x02, 0xF8, 0xF0, 0x1F, 0x4F, 0x02, 0xFC, 0x00, 0x2F, 0x4F,
    0x02, 0xF4, 0xF0, 0x2F, 0xC0, 0x02, 0xF6, 0xD0, 0x2F, 0x2D, 0x03, 0xF8, 0x00, 0x2F, 0x7C, 0x02,
    0xF3, 0xC0, 0x3F, 0x80, 0x03, 0xF7, 0xC0, 0x3F, 0x38, 0x03, 0xF8, 0x00, 0x3F, 0x74, 0x03, 0xFB,
    0x40, 0x3F, 0x40, 0x03, 0xFB, 0x00, 0x3F, 0xF0, 0x03, 0xF4, 0x00, 0x3F, 0xF0, 0x03, 0xFE, 0x00,
    0x7F, 0x40, 0x03, 0xFE, 0x00, 0x3F, 0xD0, 0x07, 0xF0, 0x00, 0x3F, 0xC0, 0x03, 0xFC, 0x00, 0x7F,
    0x04, 0x03, 0xFC, 0x00, 0x7F, 0x80, 0x07, 0xFF, 0xD0, 0x3F, 0x80, 0x07, 0xF0, 0x00, 0x3F, 0xF4,
    0x00, 0x00, 0x00, 0x00, 0x00, 0x00, 0x54, 0x00, 0x00, 0x00, 0x00, 0x00, 0x00, 0x00, 0x00, 0x00,
    0x00, 0x00, 0x14, 0x00, 0x00, 0x00, 0x00, 0x00, 0x00, 0x0F, 0xF0, 0x00, 0x00, 0x00, 0x00, 0x00,
    0x01, 0xFF, 0x40, 0x00, 0x00, 0x00, 0x00, 0x00, 0x1F, 0xF4, 0x00, 0x00, 0x00, 0x00, 0x00, 0x00,
    0xFF, 0x00, 0x00, 0x00, 0x00, 0x00, 0x00, 0x01, 0x40, 0x00, 0x00, 0x00, 0x00, 0x00, 0x01, 0x90,
    0x00, 0x00, 0x00, 0x00, 0x07, 0xF8, 0x00, 0x00, 0x00, 0x00, 0x0B, 0xFC, 0x00, 0x00, 0x00, 0x00,
    0x0B, 0xFC, 0x00, 0x00, 0x00, 0x00, 0x03, 0xF4, 0x00, 0x00, 0x00, 0x00, 0x00, 0x00, 0x00, 0x00,
    0x00, 0x00, 0x00, 0x00, 0x00, 0x00, 0x05, 0x55, 0x40, 0x00, 0x55, 0x55, 0x1F, 0xFF, 0xD0, 0x00,
    0xFF, 0xFF, 0x0A, 0xFF, 0xF0, 0x00, 0xAF, 0xF9, 0x00, 0xFF, 0xF4, 0x00, 0x07, 0xC0, 0x00, 0xFB,
    0xFC, 0x00, 0x0B, 0xC0, 0x00, 0xF6, 0xFD, 0x00, 0x0B, 0xC0, 0x00, 0xF4, 0xFF, 0x00, 0x0B, 0xC0,
    0x00, 0xF4, 0xBF, 0x40, 0x0B, 0xC0, 0x00, 0xF4, 0x3F, 0x80, 0x0B, 0x80, 0x00, 0xF4, 0x2F, 0xC0,
    0x0B, 0x80, 0x00, 0xF0, 0x0F, 0xE0, 0x0B, 0x80, 0x00, 0xF0, 0x0B, 0xF0, 0x0F, 0x80, 0x00, 0xF0,
    0x03, 0xF8, 0x0F, 0x80, 0x00, 0xF0, 0x03, 0xFC, 0x0F, 0x80, 0x01, 0xF0, 0x01, 0xFE, 0x0F, 0x40,
    0x01, 0xF0, 0x00, 0xFF, 0x0F, 0x40, 0x01, 0xF0, 0x00, 0x7F, 0x4F, 0x40, 0x01, 0xF0, 0x00, 0x3F,
    0xCF, 0x40, 0x01, 0xF0, 0x00, 0x1F, 0xDF, 0x40, 0x01, 0xF0, 0x00, 0x0F, 0xFF, 0x40, 0x02, 0xF0,
    0x00, 0x07, 0xFF, 0x40, 0x02, 0xF0, 0x00, 0x03, 0xFF, 0x00, 0x3F, 0xFF, 0x80, 0x01, 0xFF, 0x00,
    0x7F, 0xFF, 0xC0, 0x00, 0xFF, 0x00, 0x00, 0x00, 0x00, 0x00, 0x10, 0x00, 0x00, 0x00, 0x04, 0x00,
    0x00, 0x00, 0x00, 0x7F, 0x40, 0x00, 0x00, 0x00, 0xFF, 0xC0, 0x00, 0x00, 0x00, 0xFF, 0xC0, 0x00,
    0x00, 0x00, 0x7F, 0x40, 0x00, 0x00, 0x00, 0x04, 0x00, 0x00, 0x00, 0x00, 0x00, 0x00, 0x00, 0x00,
    0x00, 0x00, 0x00, 0x00, 0x01, 0x40, 0x00, 0x54, 0x00, 0x7F, 0xF4, 0x03, 0xFF, 0x40, 0xBF, 0xFC,
    0x0F, 0xFF, 0xC0, 0x02, 0xFC, 0x2F, 0x6F, 0xD0, 0x02, 0xF8, 0x3C, 0x0F, 0xD0, 0x02, 0xF8, 0x78,
    0x0F, 0xD0, 0x02, 0xF8, 0xB4, 0x0F, 0xD0, 0x02, 0xF4, 0xF0, 0x0F, 0xD0, 0x02, 0xF5, 0xE0, 0x1F,
    0xC0, 0x02, 0xF6, 0xD0, 0x1F, 0xC0, 0x03, 0xF3, 0xC0, 0x1F, 0xC0, 0x03, 0xF7, 0x80, 0x2F, 0xC0,
    0x03, 0xFB, 0x40, 0x2F, 0xC0, 0x03, 0xFF, 0x00, 0x2F, 0xC0, 0x03, 0xFE, 0x00, 0x3F, 0x80, 0x03,
    0xFD, 0x00, 0x3F, 0x80, 0x03, 0xFC, 0x00, 0x3F, 0xFF, 0x03, 0xF8, 0x00, 0x1F, 0xF8, 0x00, 0x00,
    0x00, 0x01, 0x40, 0x05, 0x55, 0x40, 0x00, 0x55, 0x55, 0x1F, 0xFF, 0xD0, 0x00, 0xFF, 0xFF, 0x0A,
    0xFF, 0xF0, 0x00, 0xAF, 0xF9, 0x00, 0xFF, 0xF4, 0x00, 0x07, 0xC0, 0x00, 0xFB, 0xFC, 0x00, 0x0B,
    0xC0, 0x00, 0xF6, 0xFD, 0x00, 0x0B, 0xC0, 0x00, 0xF4, 0xFF, 0x00, 0x0B, 0xC0, 0x00, 0xF4, 0xBF,
    0x40, 0x0B, 0xC0, 0x00, 0xF4, 0x3F, 0x80, 0x0B, 0x80, 0x00, 0xF4, 0x2F, 0xC0, 0x0B, 0x80, 0x00,
    0xF0, 0x0F, 0xE0, 0x0B, 0x80, 0x00, 0xF0, 0x0B, 0xF0, 0x0F, 0x80, 0x00, 0xF0, 0x03, 0xF8, 0x0F,
    0x80, 0x00, 0xF0, 0x03, 0xFC, 0x0F, 0x80, 0x01, 0xF0, 0x01, 0xFE, 0x0F, 0x40, 0x01, 0xF0, 0x00,
    0xFF, 0x0F, 0x40, 0x01, 0xF0, 0x00, 0x7F, 0x4F, 0x40, 0x01, 0xF0, 0x00, 0x3F, 0xCF, 0x40, 0x01,
    0xF0, 0x00, 0x1F, 0xDF, 0x40, 0x01, 0xF0, 0x00, 0x0F, 0xFF, 0x40, 0x02, 0xF0, 0x00, 0x07, 0xFF,
    0x40, 0x02, 0xF0, 0x00, 0x03, 0xFF, 0x00, 0x3F, 0xFF, 0x80, 0x01, 0xFF, 0x00, 0x7F, 0xFF, 0xC0,
    0x00, 0xFF, 0x00, 0x00, 0x00, 0x00, 0x00, 0x10, 0x00, 0x00, 0x00, 0x00, 0x00, 0x00, 0x00, 0x00,
    0x00, 0x01, 0x00, 0x00, 0x00, 0x00, 0x00, 0x2F, 0xC0, 0x00, 0x00, 0x00, 0x00, 0x3F, 0xE0, 0x00,
    0x00, 0x00, 0x00, 0x3F, 0xE0, 0x00, 0x00, 0x00, 0x00, 0x2F, 0xC0, 0x00, 0x00, 0x00, 0x00, 0x05,
    0x00, 0x00, 0x00, 0x01, 0x40, 0x00, 0x54, 0x00, 0x7F, 0xF4, 0x03, 0xFF, 0x40, 0xBF, 0xFC, 0x0F,
    0xFF, 0xC0, 0x02, 0xFC, 0x2F, 0x6F, 0xD0, 0x02, 0xF8, 0x3C, 0x0F, 0xD0, 0x02, 0xF8, 0x78, 0x0F,
    0xD0, 0x02, 0xF8, 0xB4, 0x0F, 0xD0, 0x02, 0xF4, 0xF0, 0x0F, 0xD0, 0x02, 0xF5, 0xE0, 0x1F, 0xC0,
    0x02, 0xF6, 0xD0, 0x1F, 0xC0, 0x03, 0xF3, 0xC0, 0x1F, 0xC0, 0x03, 0xF7, 0x80, 0x2F, 0xC0, 0x03,
    0xFB, 0x40, 0x2F, 0xC0, 0x03, 0xFF, 0x00, 0x2F, 0xC0, 0x03, 0xFE, 0x00, 0x3F, 0x80, 0x03, 0xFD,
    0x00, 0x3F, 0x80, 0x03, 0xFC, 0x00, 0x3F, 0xFF, 0x03, 0xF8, 0x00, 0x1F, 0xF8, 0x00, 0x00, 0x00,
    0x01, 0x40, 0x00, 0x00, 0x00, 0x00, 0x00, 0x00, 0x00, 0x10, 0x00, 0x00, 0x00, 0x01, 0xFD, 0x00,
    0x00, 0x00, 0x03, 0xFF, 0x00, 0x00, 0x00, 0x03, 0xFF, 0x00, 0x00, 0x00, 0x01, 0xFD, 0x00, 0x00,
    0x00, 0x00, 0x14, 0x00, 0x00, 0x05, 0x55, 0x40, 0x00, 0x55, 0x55, 0x1F, 0xFF, 0xD0, 0x00, 0xFF,
    0xFF, 0x0A, 0xFF, 0xF0, 0x00, 0xAF, 0xF9, 0x00, 0xFF, 0xF4, 0x00, 0x07, 0xC0, 0x00, 0xFB, 0xFC,
    0x00, 0x0B, 0xC0, 0x00, 0xF6, 0xFD, 0x00, 0x0B, 0xC0, 0x00, 0xF4, 0xFF, 0x00, 0x0B, 0xC0, 0x00,
    0xF4, 0xBF, 0x40, 0x0B, 0xC0, 0x00, 0xF4, 0x3F, 0x80, 0x0B, 0x80, 0x00, 0xF4, 0x2F, 0xC0, 0x0B,
    0x80, 0x00, 0xF0, 0x0F, 0xE0, 0x0B, 0x80, 0x00, 0xF0, 0x0B, 0xF0, 0x0F, 0x80, 0x00, 0xF0, 0x03,
    0xF8, 0x0F, 0x80, 0x00, 0xF0, 0x03, 0xFC, 0x0F, 0x80, 0x01, 0xF0, 0x01, 0xFE, 0x0F, 0x40, 0x01,
    0xF0, 0x00, 0xFF, 0x0F, 0x40, 0x01, 0xF0, 0x00, 0x7F, 0x4F, 0x40, 0x01, 0xF0, 0x00, 0x3F, 0xCF,
    0x40, 0x01, 0xF0, 0x00, 0x1F, 0xDF, 0x40, 0x01, 0xF0, 0x00, 0x0F, 0xFF, 0x40, 0x02, 0xF0, 0x00,
    0x07, 0xFF, 0x40, 0x02, 0xF0, 0x00, 0x03, 0xFF, 0x00, 0x3F, 0xFF, 0x80, 0x01, 0xFF, 0x00, 0x7F,
    0xFF, 0xC0, 0x00, 0xFF, 0x00, 0x00, 0x00, 0x00, 0x00, 0x10, 0x00, 0x00, 0x00, 0x00, 0x00, 0x00,
    0x00, 0x00, 0x00, 0x00, 0x00, 0x00, 0x00, 0x00, 0x07, 0xFF, 0xFF, 0x00, 0x00, 0x00, 0x0B, 0xFF,
    0xFF, 0x00, 0x00, 0x00, 0x0B, 0xFF, 0xFF, 0x00, 0x00, 0x01, 0x40, 0x00, 0x54, 0x00, 0x7F, 0xF4,
    0x03, 0xFF, 0x40, 0xBF, 0xFC, 0x0F, 0xFF, 0xC0, 0x02, 0xFC, 0x2F, 0x6F, 0xD0, 0x02, 0xF8, 0x3C,
    0x0F, 0xD0, 0x02, 0xF8, 0x78, 0x0F, 0xD0, 0x02, 0xF8, 0xB4, 0x0F, 0xD0, 0x02, 0xF4, 0xF0, 0x0F,
    0xD0, 0x02, 0xF5, 0xE0, 0x1F, 0xC0, 0x02, 0xF6, 0xD0, 0x1F, 0xC0, 0x03, 0xF3, 0xC0, 0x1F, 0xC0,
    0x03, 0xF7, 0x80, 0x2F, 0xC0, 0x03, 0xFB, 0x40, 0x2F, 0xC0, 0x03, 0xFF, 0x00, 0x2F, 0xC0, 0x03,
    0xFE, 0x00, 0x3F, 0x80, 0x03, 0xFD, 0x00, 0x3F, 0x80, 0x03, 0xFC, 0x00, 0x3F, 0xFF, 0x03, 0xF8,
    0x00, 0x1F, 0xF8, 0x00, 0x00, 0x00, 0x01, 0x40, 0x00, 0x00, 0x00, 0x00, 0x00, 0x00, 0x00, 0x00,
    0x00, 0x00, 0x00, 0x3F, 0xFF, 0xF4, 0x00, 0x00, 0x7F, 0xFF, 0xF4, 0x00, 0x00, 0x7F, 0xFF, 0xF4,
    0x00, 0x00, 0x00, 0x00, 0x1E, 0x00, 0x00, 0x00, 0x00, 0x01, 0xFC, 0x00, 0x00, 0x00, 0x00, 0x2F,
    0xF0, 0x00, 0x00, 0x00, 0x02, 0xFE, 0x00, 0x00, 0x00, 0x00, 0x2F, 0x80, 0x00, 0x00, 0x00, 0x00,
    0xA0, 0x00, 0x00, 0x00, 0x00, 0x00, 0x00, 0x00, 0x00, 0x00, 0x00, 0x00, 0x00, 0x00, 0x00, 0x00,
    0x00, 0xFF, 0x40, 0x50, 0x00, 0x00, 0x0B, 0xFF, 0xEB, 0x80, 0x00, 0x00, 0x7A, 0xFF, 0xFC, 0x00,
    0x00, 0x00, 0x80, 0x7F, 0xD0, 0x00, 0x00, 0x00, 0x00, 0x00, 0x00, 0x00, 0x00, 0x00, 0x00, 0x00,
    0x00, 0x00, 0x00, 0x06, 0xFF, 0x90, 0x00, 0x00, 0x01, 0xFF, 0xFF, 0xF4, 0x00, 0x00, 0x3F, 0xF9,
    0x6F, 0xF8, 0x00, 0x03, 0xFC, 0x00, 0x0F, 0xF8, 0x00, 0x2F, 0xC0, 0x00, 0x0F, 0xF4, 0x01, 0xFD,
    0x00, 0x00, 0x1F, 0xF0, 0x0F, 0xF0, 0x00, 0x00, 0x3F, 0xD0, 0x7F, 0x40, 0x00, 0x00, 0xBF, 0x82,
    0xFC, 0x00, 0x00, 0x01, 0xFF, 0x0F, 0xF0, 0x00, 0x00, 0x03, 0xFC, 0x3F, 0xC0, 0x00, 0x00, 0x0F,
    0xF0, 0xFF, 0x00, 0x00, 0x00, 0x3F, 0xC3, 0xFC, 0x00, 0x00, 0x00, 0xFF, 0x0F, 0xF0, 0x00, 0x00,
    0x03, 0xFC, 0x3F, 0xC0, 0x00, 0x00, 0x0F, 0xE0, 0xFF, 0x00, 0x00, 0x00, 0x7F, 0x83, 0xFC, 0x00,
    0x00, 0x02, 0xFD, 0x0B, 0xF8, 0x00, 0x00, 0x0F, 0xF0, 0x0F, 0xF0, 0x00, 0x00, 0x3F, 0x40, 0x2F,
    0xD0, 0x00, 0x03, 0xFC, 0x00, 0x3F, 0xD0, 0x00, 0x2F, 0xD0, 0x00, 0x7F, 0xE0, 0x07, 0xFD, 0x00,
    0x00, 0x7F, 0xFF, 0xFF, 0xD0, 0x00, 0x00, 0x2F, 0xFF, 0xF8, 0x00, 0x00, 0x00, 0x01, 0x54, 0x00,
    0x00, 0x00, 0x00, 0x00, 0x0B, 0x40, 0x00, 0x00, 0x3F, 0xC0, 0x00, 0x00, 0xFF, 0x80, 0x00, 0x03,
    0xFD, 0x00, 0x00, 0x0F, 0xD0, 0x00, 0x00, 0x0D, 0x00, 0x00, 0x00, 0x00, 0x00, 0x00, 0x00, 0x2E,
    0x40, 0x00, 0x00, 0xFF, 0xF8, 0x74, 0x01, 0xFF, 0xFF, 0xF0, 0x02, 0x81, 0xFF, 0xC0, 0x00, 0x00,
    0x15, 0x00, 0x00, 0x00, 0x00, 0x00, 0x00, 0x00, 0x00, 0x00, 0x00, 0x01, 0x54, 0x00, 0x00, 0x7F,
    0xFF, 0x80, 0x02, 0xFF, 0xBF, 0xF0, 0x0B, 0xF4, 0x07, 0xF8, 0x0F, 0xD0, 0x02, 0xFC, 0x2F, 0xC0,
    0x00, 0xFE, 0x3F, 0x80, 0x00, 0xFF, 0x3F, 0x80, 0x00, 0xFF, 0x7F, 0x40, 0x00, 0xFF, 0x7F, 0x40,
    0x00, 0xFF, 0x7F, 0x40, 0x00, 0xFF, 0x7F, 0x40, 0x00, 0xFF, 0x7F, 0x80, 0x00, 0xFE, 0x3F, 0xC0,
    0x01, 0xFC, 0x2F, 0xC0, 0x03, 0xFC, 0x0F, 0xF0, 0x0B, 0xF0, 0x07, 0xFE, 0xBF, 0xD0, 0x00, 0xFF,
    0xFE, 0x00, 0x00, 0x05, 0x50, 0x00, 0x00, 0x00, 0x50, 0x01, 0x40, 0x00, 0x00, 0x0F, 0xF0, 0x3F,
    0x80, 0x00, 0x00, 0x7F, 0xC1, 0xFF, 0x00, 0x00, 0x01, 0xFF, 0x07, 0xFC, 0x00, 0x00, 0x02, 0xF4,
    0x0F, 0xD0, 0x00, 0x00, 0x00, 0x00, 0x00, 0x00, 0x00, 0x00, 0x00, 0x00, 0x00, 0x00, 0x00, 0x00,
    0x3F, 0xD0, 0x14, 0x00, 0x00, 0x03, 0xFF, 0xFA, 0xE0, 0x00, 0x00, 0x1E, 0xBF, 0xFF, 0x00, 0x00,
    0x00, 0x20, 0x1F, 0xF0, 0x00, 0x00, 0x00, 0x00, 0x00, 0x00, 0x00, 0x00, 0x00, 0x00, 0x00, 0x00,
    0x00, 0x00, 0x01, 0xBF, 0xE4, 0x00, 0x00, 0x00, 0x7F, 0xFF, 0xFD, 0x00, 0x00, 0x0F, 0xFE, 0x5B,
    0xFE, 0x00, 0x00, 0xFF, 0x00, 0x03, 0xFE, 0x00, 0x0B, 0xF0, 0x00, 0x03, 0xFD, 0x00, 0x7F, 0x40,
    0x00, 0x07, 0xFC, 0x03, 0xFC, 0x00, 0x00, 0x0F, 0xF4, 0x1F, 0xD0, 0x00, 0x00, 0x2F, 0xE0, 0xBF,
    0x00, 0x00, 0x00, 0x7F, 0xC3, 0xFC, 0x00, 0x00, 0x00, 0xFF, 0x0F, 0xF0, 0x00, 0x00, 0x03, 0xFC,
    0x3F, 0xC0, 0x00, 0x00, 0x0F, 0xF0, 0xFF, 0x00, 0x00, 0x00, 0x3F, 0xC3, 0xFC, 0x00, 0x00, 0x00,
    0xFF, 0x0F, 0xF0, 0x00, 0x00, 0x03, 0xF8, 0x3F, 0xC0, 0x00, 0x00, 0x1F, 0xE0, 0xFF, 0x00, 0x00,
    0x00, 0xBF, 0x42, 0xFE, 0x00, 0x00, 0x03, 0xFC, 0x03, 0xFC, 0x00, 0x00, 0x0F, 0xD0, 0x0B, 0xF4,
    0x00, 0x00, 0xFF, 0x00, 0x0F, 0xF4, 0x00, 0x0B, 0xF4, 0x00, 0x1F, 0xF8, 0x01, 0xFF, 0x40, 0x00,
    0x1F, 0xFF, 0xFF, 0xF4, 0x00, 0x00, 0x0B, 0xFF, 0xFE, 0x00, 0x00, 0x00, 0x00, 0x55, 0x00, 0x00,
    0x00, 0x00, 0x10, 0x00, 0x40, 0x00, 0xFD, 0x07, 0xF4, 0x02, 0xFF, 0x0F, 0xF8, 0x02, 0xFE, 0x0F,
    0xF8, 0x00, 0xFC, 0x07, 0xF0, 0x00, 0x00, 0x00, 0x00, 0x00, 0x00, 0x00, 0x00, 0x00, 0x2E, 0x40,
    0x00, 0x00, 0xFF, 0xF8, 0x74, 0x01, 0xFF, 0xFF, 0xF0, 0x02, 0x81, 0xFF, 0xC0, 0x00, 0x00, 0x15,
    0x00, 0x00, 0x00, 0x00, 0x00, 0x00, 0x00, 0x00, 0x00, 0x00, 0x01, 0x54, 0x00, 0x00, 0x7F, 0xFF,
    0x80, 0x02, 0xFF, 0xBF, 0xF0, 0x0B, 0xF4, 0x07, 0xF8, 0x0F, 0xD0, 0x02, 0xFC, 0x2F, 0xC0, 0x00,
    0xFE, 0x3F, 0x80, 0x00, 0xFF, 0x3F, 0x80, 0x00, 0xFF, 0x7F, 0x40, 0x00, 0xFF, 0x7F, 0x40, 0x00,
    0xFF, 0x7F, 0x40, 0x00, 0xFF, 0x7F, 0x40, 0x00, 0xFF, 0x7F, 0x80, 0x00, 0xFE, 0x3F, 0xC0, 0x01,
    0xFC, 0x2F, 0xC0, 0x03, 0xFC, 0x0F, 0xF0, 0x0B, 0xF0, 0x07, 0xFE, 0xBF, 0xD0, 0x00, 0xFF, 0xFE,
    0x00, 0x00, 0x05, 0x50, 0x00, 0x00, 0x00, 0x28, 0x00, 0x00, 0x00, 0x00, 0x02, 0xF8, 0x00, 0x00,
    0x00, 0x00, 0x0B, 0xFC, 0x00, 0x00, 0x00, 0x00, 0x0B, 0xFC, 0x00, 0x00, 0x00, 0x00, 0x02, 0xFC,
    0x00, 0x00, 0x00, 0x00, 0x00, 0x70, 0x00, 0x00, 0x00, 0x00, 0x00, 0x00, 0x00, 0x00, 0x00, 0x15,
    0x55, 0x50, 0x00, 0x00, 0x02, 0xFF, 0xFF, 0xC0, 0x00, 0x00, 0x0F, 0xFF, 0xFF, 0x00, 0x00, 0x00,
    0x15, 0x55, 0x54, 0x00, 0x00, 0x00, 0x00, 0x00, 0x00, 0x00, 0x00, 0x00, 0x00, 0x00, 0x00, 0x00,
    0x00, 0x01, 0xBF, 0xE4, 0x00, 0x00, 0x00, 0x7F, 0xFF, 0xFD, 0x00, 0x00, 0x0F, 0xFE, 0x5B, 0xFE,
    0x00, 0x00, 0xFF, 0x00, 0x03, 0xFE, 0x00, 0x0B, 0xF0, 0x00, 0x03, 0xFD, 0x00, 0x7F, 0x40, 0x00,
    0x07, 0xFC, 0x03, 0xFC, 0x00, 0x00, 0x0F, 0xF4, 0x1F, 0xD0, 0x00, 0x00, 0x2F, 0xE0, 0xBF, 0x00,
    0x00, 0x00, 0x7F, 0xC3, 0xFC, 0x00, 0x00, 0x00, 0xFF, 0x0F, 0xF0, 0x00, 0x00, 0x03, 0xFC, 0x3F,
    0xC0, 0x00, 0x00, 0x0F, 0xF0, 0xFF, 0x00, 0x00, 0x00, 0x3F, 0xC3, 0xFC, 0x00, 0x00, 0x00, 0xFF,
    0x0F, 0xF0, 0x00, 0x00, 0x03, 0xF8, 0x3F, 0xC0, 0x00, 0x00, 0x1F, 0xE0, 0xFF, 0x00, 0x00, 0x00,
    0xBF, 0x42, 0xFE, 0x00, 0x00, 0x03, 0xFC, 0x03, 0xFC, 0x00, 0x00, 0x0F, 0xD0, 0x0B, 0xF4, 0x00,
    0x00, 0xFF, 0x00, 0x0F, 0xF4, 0x00, 0x0B, 0xF4, 0x00, 0x1F, 0xF8, 0x01, 0xFF, 0x40, 0x00, 0x1F,
    0xFF, 0xFF, 0xF4, 0x00, 0x00, 0x0B, 0xFF, 0xFE, 0x00, 0x00, 0x00, 0x00, 0x55, 0x00, 0x00, 0x00,
    0x00, 0x1C, 0x00, 0x00, 0x00, 0x7F, 0x40, 0x00, 0x00, 0x3F, 0xD0, 0x00, 0x00, 0x1F, 0xF8, 0x00,
    0x00, 0x01, 0xFE, 0x00, 0x00, 0x00, 0x0A, 0x00, 0x00, 0x00, 0x00, 0x00, 0x00, 0x00, 0x00, 0x00,
    0x00, 0xFF, 0xFF, 0xE0, 0x00, 0xFF, 0xFF, 0xE0, 0x00, 0xFF, 0xFF, 0xE0, 0x00, 0x00, 0x00, 0x00,
    0x00, 0x00, 0x00, 0x00, 0x00, 0x00, 0x00, 0x00, 0x00, 0x01, 0x54, 0x00, 0x00, 0x7F, 0xFF, 0x80,
    0x02, 0xFF, 0xBF, 0xF0, 0x0B, 0xF4, 0x07, 0xF8, 0x0F, 0xD0, 0x02, 0xFC, 0x2F, 0xC0, 0x00, 0xFE,
    0x3F, 0x80, 0x00, 0xFF, 0x3F, 0x80, 0x00, 0xFF, 0x7F, 0x40, 0x00, 0xFF, 0x7F, 0x40, 0x00, 0xFF,
    0x7F, 0x40, 0x00, 0xFF, 0x7F, 0x40, 0x00, 0xFF, 0x7F, 0x80, 0x00, 0xFE, 0x3F, 0xC0, 0x01, 0xFC,
    0x2F, 0xC0, 0x03, 0xFC, 0x0F, 0xF0, 0x0B, 0xF0, 0x07, 0xFE, 0xBF, 0xD0, 0x00, 0xFF, 0xFE, 0x00,
    0x00, 0x05, 0x50, 0x00, 0x00, 0x00, 0x00, 0x1E, 0x00, 0x00, 0x00, 0x00, 0x02, 0xFC, 0x00, 0x00,
    0x00, 0x00, 0x2F, 0xF0, 0x00, 0x00, 0x00, 0x02, 0xFE, 0x00, 0x00, 0x00, 0x00, 0x3F, 0x80, 0x00,
    0x00, 0x00, 0x00, 0xD0, 0x00, 0x00, 0x00, 0x00, 0x00, 0x00, 0x00, 0x00, 0x00, 0x00, 0x15, 0x55,
    0x50, 0x00, 0x00, 0x02, 0xFF, 0xFF, 0xC0, 0x00, 0x00, 0x0F, 0xFF, 0xFF, 0x00, 0x00, 0x00, 0x15,
    0x55, 0x54, 0x00, 0x00, 0x00, 0x00, 0x00, 0x00, 0x00, 0x00, 0x00, 0x00, 0x00, 0x00, 0x00, 0x00,
    0x01, 0xBF, 0xE4, 0x00, 0x00, 0x00, 0x7F, 0xFF, 0xFD, 0x00, 0x00, 0x0F, 0xFE, 0x5B, 0xFE, 0x00,
    0x00, 0xFF, 0x00, 0x03, 0xFE, 0x00, 0x0B, 0xF0, 0x00, 0x03, 0xFD, 0x00, 0x7F, 0x40, 0x00, 0x07,
    0xFC, 0x03, 0xFC, 0x00, 0x00, 0x0F, 0xF4, 0x1F, 0xD0, 0x00, 0x00, 0x2F, 0xE0, 0xBF, 0x00, 0x00,
    0x00, 0x7F, 0xC3, 0xFC, 0x00, 0x00, 0x00, 0xFF, 0x0F, 0xF0, 0x00, 0x00, 0x03, 0xFC, 0x3F, 0xC0,
    0x00, 0x00, 0x0F, 0xF0, 0xFF, 0x00, 0x00, 0x00, 0x3F, 0xC3, 0xFC, 0x00, 0x00, 0x00, 0xFF, 0x0F,
    0xF0, 0x00, 0x00, 0x03, 0xF8, 0x3F, 0xC0, 0x00, 0x00, 0x1F, 0xE0, 0xFF, 0x00, 0x00, 0x00, 0xBF,
    0x42, 0xFE, 0x00, 0x00, 0x03, 0xFC, 0x03, 0xFC, 0x00, 0x00, 0x0F, 0xD0, 0x0B, 0xF4, 0x00, 0x00,
    0xFF, 0x00, 0x0F, 0xF4, 0x00, 0x0B, 0xF4, 0x00, 0x1F, 0xF8, 0x01, 0xFF, 0x40, 0x00, 0x1F, 0xFF,
    0xFF, 0xF4, 0x00, 0x00, 0x0B, 0xFF, 0xFE, 0x00, 0x00, 0x00, 0x00, 0x55, 0x00, 0x00, 0x00, 0x00,
    0x00, 0x0B, 0x40, 0x00, 0x00, 0x3F, 0xC0, 0x00, 0x00, 0xFF, 0x80, 0x00, 0x03, 0xFD, 0x00, 0x00,
    0x1F, 0xD0, 0x00, 0x00, 0x1D, 0x00, 0x00, 0x00, 0x00, 0x00, 0x00, 0x00, 0x00, 0x00, 0x00, 0x00,
    0xFF, 0xFF, 0xE0, 0x00, 0xFF, 0xFF, 0xE0, 0x00, 0xFF, 0xFF, 0xE0, 0x00, 0x00, 0x00, 0x00, 0x00,
    0x00, 0x00, 0x00, 0x00, 0x00, 0x00, 0x00, 0x00, 0x01, 0x54, 0x00, 0x00, 0x7F, 0xFF, 0x80, 0x02,
    0xFF, 0xBF, 0xF0, 0x0B, 0xF4, 0x07, 0xF8, 0x0F, 0xD0, 0x02, 0xFC, 0x2F, 0xC0, 0x00, 0xFE, 0x3F,
    0x80, 0x00, 0xFF, 0x3F, 0x80, 0x00, 0xFF, 0x7F, 0x40, 0x00, 0xFF, 0x7F, 0x40, 0x00, 0xFF, 0x7F,
    0x40, 0x00, 0xFF, 0x7F, 0x40, 0x00, 0xFF, 0x7F, 0x80, 0x00, 0xFE, 0x3F, 0xC0, 0x01, 0xFC, 0x2F,
    0xC0, 0x03, 0xFC, 0x0F, 0xF0, 0x0B, 0xF0, 0x07, 0xFE, 0xBF, 0xD0, 0x00, 0xFF, 0xFE, 0x00, 0x00,
    0x05, 0x50, 0x00, 0x05, 0x55, 0x55, 0x00, 0x00, 0x00, 0x7F, 0xFF, 0xFF, 0xF8, 0x00, 0x00, 0xAF,
    0xFA, 0xBF, 0xFC, 0x00, 0x00, 0x2F, 0xC0, 0x0B, 0xFC, 0x00, 0x00, 0xBF, 0x00, 0x0F, 0xF4, 0x00,
    0x02, 0xFC, 0x00, 0x1F, 0xE0, 0x00, 0x0B, 0xF0, 0x00, 0x7F, 0x80, 0x00, 0x2F, 0xC0, 0x01, 0xFD,
    0x00, 0x00, 0xFF, 0x00, 0x0B, 0xF0, 0x00, 0x03, 0xFC, 0x00, 0x7F, 0x80, 0x00, 0x0F, 0xF0, 0x07,
    0xF8, 0x00, 0x00, 0x3F, 0x86, 0xFF, 0x40, 0x00, 0x00, 0xFE, 0x3F, 0x40, 0x00, 0x00, 0x03, 0xF8,
    0xBF, 0x40, 0x00, 0x00, 0x0F, 0xE0, 0xBF, 0x40, 0x00, 0x00, 0x3F, 0x80, 0xFF, 0x00, 0x00, 0x00,
    0xFE, 0x02, 0xFD, 0x00, 0x00, 0x03, 0xF8, 0x03, 0xFC, 0x00, 0x00, 0x0F, 0xD0, 0x0F, 0xF4, 0x00,
    0x00, 0x7F, 0x40, 0x1F, 0xF0, 0x00, 0x01, 0xFD, 0x00, 0x3F, 0xD0, 0x00, 0x07, 0xF4, 0x00, 0x7F,
    0xC0, 0x03, 0xFF, 0xFF, 0x80, 0xFF, 0xFF, 0x1F, 0xFF, 0xFE, 0x00, 0xBF, 0xF8, 0x00, 0x00, 0x00,
    0x00, 0x15, 0x00, 0x00, 0x00, 0x00, 0x00, 0x00, 0x00, 0x00, 0x00, 0x40, 0x00, 0x00, 0x00, 0x00,
    0x0F, 0xD0, 0x00, 0x00, 0x00, 0x00, 0xBF, 0xC0, 0x00, 0x00, 0x00, 0x02, 0xFF, 0x00, 0x00, 0x00,
    0x00, 0x07, 0xF8, 0x00, 0x00, 0x00, 0x00, 0x01, 0x40, 0x00, 0x00, 0x01, 0x40, 0x01, 0x40, 0x7F,
    0xF4, 0x0F, 0xF8, 0xBF, 0xF8, 0x2F, 0xFC, 0x02, 0xFC, 0x3F, 0xFC, 0x02, 0xFC, 0xB4, 0xB8, 0x02,
    0xF8, 0xF0, 0x10, 0x02, 0xF9, 0xD0, 0x00, 0x02, 0xF7, 0xC0, 0x00, 0x02, 0xFB, 0x80, 0x00, 0x03,
    0xFF, 0x00, 0x00, 0x03, 0xFE, 0x00, 0x00, 0x03, 0xFD, 0x00, 0x00, 0x03, 0xFC, 0x00, 0x00, 0x03,
    0xF8, 0x00, 0x00, 0x03, 0xF4, 0x00, 0x00, 0x03, 0xF4, 0x00, 0x00, 0x03, 0xF0, 0x00, 0x00, 0x03,
    0xF0, 0x00, 0x00, 0x00, 0x00, 0x00, 0x00, 0x00, 0x00, 0x00, 0x00, 0x00, 0x40, 0x00, 0x00, 0x0B,
    0xF0, 0x00, 0x00, 0x0F, 0xF8, 0x00, 0x00, 0x0F, 0xF8, 0x00, 0x00, 0x0B, 0xF0, 0x00, 0x00, 0x01,
    0x40, 0x00, 0x00, 0x00, 0x05, 0x55, 0x54, 0x00, 0x00, 0x00, 0xBF, 0xFF, 0xF4, 0x00, 0x00, 0x02,
    0xFF, 0xFF, 0xC0, 0x00, 0x00, 0x05, 0x55, 0x55, 0x00, 0x00, 0x00, 0x00, 0x00, 0x00, 0x00, 0x00,
    0x00, 0x00, 0x00, 0x00, 0x00, 0x00, 0x55, 0x55, 0x50, 0x00, 0x00, 0x07, 0xFF, 0xFF, 0xFF, 0x80,
    0x00, 0x0A, 0xFF, 0xAB, 0xFF, 0xC0, 0x00, 0x02, 0xFC, 0x00, 0xBF, 0xC0, 0x00, 0x0B, 0xF0, 0x00,
    0xFF, 0x40, 0x00, 0x2F, 0xC0, 0x01, 0xFE, 0x00, 0x00, 0xBF, 0x00, 0x07, 0xF8, 0x00, 0x02, 0xFC,
    0x00, 0x1F, 0xD0, 0x00, 0x0F, 0xF0, 0x00, 0xBF, 0x00, 0x00, 0x3F, 0xC0, 0x07, 0xF8, 0x00, 0x00,
    0xFF, 0x00, 0x7F, 0x80, 0x00, 0x03, 0xF8, 0x6F, 0xF4, 0x00, 0x00, 0x0F, 0xE3, 0xF4, 0x00, 0x00,
    0x00, 0x3F, 0x8B, 0xF4, 0x00, 0x00, 0x00, 0xFE, 0x0B, 0xF4, 0x00, 0x00, 0x03, 0xF8, 0x0F, 0xF0,
    0x00, 0x00, 0x0F, 0xE0, 0x2F, 0xD0, 0x00, 0x00, 0x3F, 0x80, 0x3F, 0xC0, 0x00, 0x00, 0xFD, 0x00,
    0xFF, 0x40, 0x00, 0x07, 0xF4, 0x01, 0xFF, 0x00, 0x00, 0x1F, 0xD0, 0x03, 0xFD, 0x00, 0x00, 0x7F,
    0x40, 0x07, 0xFC, 0x00, 0x3F, 0xFF, 0xF8, 0x0F, 0xFF, 0xF1, 0xFF, 0xFF, 0xE0, 0x0B, 0xFF, 0x80,
    0x00, 0x00, 0x00, 0x01, 0x50, 0x00, 0x00, 0x00, 0x00, 0x00, 0x00, 0x00, 0x00, 0x04, 0x00, 0x00,
    0x00, 0x00, 0x00, 0xFD, 0x00, 0x00, 0x00, 0x00, 0x0B, 0xFC, 0x00, 0x00, 0x00, 0x00, 0x2F, 0xF0,
    0x00, 0x00, 0x00, 0x00, 0x7F, 0x80, 0x00, 0x00, 0x00, 0x00, 0x14, 0x00, 0x00, 0x00, 0x01, 0xFF,
    0xFF, 0xC0, 0x01, 0xFF, 0xFF, 0xC0, 0x02, 0xFF, 0xFF, 0xC0, 0x00, 0x00, 0x00, 0x00, 0x00, 0x00,
    0x00, 0x00, 0x00, 0x00, 0x00, 0x00, 0x01, 0x40, 0x01, 0x40, 0x7F, 0xF4, 0x0F, 0xF8, 0xBF, 0xF8,
    0x2F, 0xFC, 0x02, 0xFC, 0x3F, 0xFC, 0x02, 0xFC, 0xB4, 0xB8, 0x02, 0xF8, 0xF0, 0x10, 0x02, 0xF9,
    0xD0, 0x00, 0x02, 0xF7, 0xC0, 0x00, 0x02, 0xFB, 0x80, 0x00, 0x03, 0xFF, 0x00, 0x00, 0x03, 0xFE,
    0x00, 0x00, 0x03, 0xFD, 0x00, 0x00, 0x03, 0xFC, 0x00, 0x00, 0x03, 0xF8, 0x00, 0x00, 0x03, 0xF4,
    0x00, 0x00, 0x03, 0xF4, 0x00, 0x00, 0x03, 0xF0, 0x00, 0x00, 0x03, 0xF0, 0x00, 0x00, 0x00, 0x00,
    0x00, 0x00, 0x00, 0x00, 0x00, 0x00, 0x00, 0x40, 0x00, 0x00, 0x0B, 0xF0, 0x00, 0x00, 0x0F, 0xF8,
    0x00, 0x00, 0x0F, 0xF8, 0x00, 0x00, 0x0B, 0xF0, 0x00, 0x00, 0x01, 0x40, 0x00, 0x00, 0x05, 0x55,
    0x55, 0x00, 0x00, 0x00, 0x7F, 0xFF, 0xFF, 0xF8, 0x00, 0x00, 0xAF, 0xFA, 0xBF, 0xFC, 0x00, 0x00,
    0x2F, 0xC0, 0x0B, 0xFC, 0x00, 0x00, 0xBF, 0x00, 0x0F, 0xF4, 0x00, 0x02, 0xFC, 0x00, 0x1F, 0xE0,
    0x00, 0x0B, 0xF0, 0x00, 0x7F, 0x80, 0x00, 0x2F, 0xC0, 0x01, 0xFD, 0x00, 0x00, 0xFF, 0x00, 0x0B,
    0xF0, 0x00, 0x03, 0xFC, 0x00, 0x7F, 0x80, 0x00, 0x0F, 0xF0, 0x07, 0xF8, 0x00, 0x00, 0x3F, 0x86,
    0xFF, 0x40, 0x00, 0x00, 0xFE, 0x3F, 0x40, 0x00, 0x00, 0x03, 0xF8, 0xBF, 0x40, 0x00, 0x00, 0x0F,
    0xE0, 0xBF, 0x40, 0x00, 0x00, 0x3F, 0x80, 0xFF, 0x00, 0x00, 0x00, 0xFE, 0x02, 0xFD, 0x00, 0x00,
    0x03, 0xF8, 0x03, 0xFC, 0x00, 0x00, 0x0F, 0xD0, 0x0F, 0xF4, 0x00, 0x00, 0x7F, 0x40, 0x1F, 0xF0,
    0x00, 0x01, 0xFD, 0x00, 0x3F, 0xD0, 0x00, 0x07, 0xF4, 0x00, 0x7F, 0xC0, 0x03, 0xFF, 0xFF, 0x80,
    0xFF, 0xFF, 0x1F, 0xFF, 0xFE, 0x00, 0xBF, 0xF8, 0x00, 0x00, 0x00, 0x00, 0x15, 0x00, 0x00, 0x00,
    0x00, 0x00, 0x00, 0x00, 0x00, 0x00, 0x00, 0x00, 0x00, 0x00, 0x03, 0xFF, 0xFF, 0x40, 0x00, 0x00,
    0x0F, 0xFF, 0xFE, 0x00, 0x00, 0x00, 0x3F, 0xFF, 0xF4, 0x00, 0x00, 0x00, 0x50, 0x00, 0x50, 0x07,
    0xFF, 0x40, 0xFF, 0x82, 0xFF, 0xE0, 0xBF, 0xF0, 0x02, 0xFC, 0x3F, 0xFC, 0x00, 0xBF, 0x2D, 0x2E,
    0x00, 0x2F, 0x8F, 0x01, 0x00, 0x0B, 0xE7, 0x40, 0x00, 0x02, 0xF7, 0xC0, 0x00, 0x00, 0xBE, 0xE0,
    0x00, 0x00, 0x3F, 0xF0, 0x00, 0x00, 0x0F, 0xF8, 0x00, 0x00, 0x03, 0xFD, 0x00, 0x00, 0x00, 0xFF,
    0x00, 0x00, 0x00, 0x3F, 0x80, 0x00, 0x00, 0x0F, 0xD0, 0x00, 0x00, 0x03, 0xF4, 0x00, 0x00, 0x00,
    0xFC, 0x00, 0x00, 0x00, 0x3F, 0x00, 0x00, 0x00, 0x00, 0x00, 0x00, 0x00, 0x00, 0x00, 0x00, 0x00,
    0x00, 0x00, 0x00, 0x00, 0x1F, 0xFF, 0xFC, 0x00, 0x0B, 0xFF, 0xFF, 0x00, 0x02, 0xFF, 0xFF, 0xC0,
    0x00, 0x00, 0x00, 0x50, 0x00, 0x00, 0x03, 0xFC, 0x00, 0x00, 0x07, 0xFD, 0x00, 0x00, 0x03, 0xFD,
    0x00, 0x00, 0x02, 0xF8, 0x00, 0x00, 0x00, 0x00, 0x00, 0x00, 0x00, 0x00, 0x00, 0x00, 0x06, 0xFE,
    0x00, 0x00, 0xBF, 0xFF, 0xE0, 0x03, 0xFD, 0x5B, 0xFC, 0x0B, 0xD0, 0x00, 0xFD, 0x0F, 0xC0, 0x00,
    0xFD, 0x2F, 0x80, 0x02, 0xFD, 0x2F, 0x80, 0x01, 0xF8, 0x2F, 0xC0, 0x00, 0x00, 0x1F, 0xF4, 0x00,
    0x00, 0x0F, 0xFE, 0x00, 0x00, 0x07, 0xFF, 0xD0, 0x00, 0x00, 0xFF, 0xFD, 0x00, 0x00, 0x2F, 0xFF,
    0xC0, 0x00, 0x02, 0xFF, 0xF0, 0x00, 0x00, 0x2F, 0xFC, 0x00, 0x00, 0x07, 0xFD, 0x00, 0x00, 0x01,
    0xFD, 0x05, 0x00, 0x00, 0xFD, 0x3F, 0xC0, 0x00, 0xFD, 0xBF, 0x80, 0x00, 0xFC, 0xBF, 0x40, 0x02,
    0xF8, 0x7F, 0x80, 0x0F, 0xF0, 0x2F, 0xFF, 0xFF, 0xC0, 0x07, 0xFF, 0xFD, 0x00, 0x00, 0x15, 0x40,
    0x00, 0x00, 0x01, 0x00, 0x00, 0x07, 0xF0, 0x00, 0x03, 0xFE, 0x00, 0x00, 0xFF, 0x80, 0x00, 0x2F,
    0xD0, 0x00, 0x01, 0x40, 0x00, 0x00, 0x00, 0x00, 0x00, 0x00, 0x00, 0x00, 0x05, 0x40, 0x00, 0x7F,
    0xFF, 0x40, 0x7F, 0x9B, 0xF8, 0x3F, 0x00, 0x7F, 0x2F, 0x40, 0x2F, 0xCB, 0xE0, 0x02, 0x82, 0xFE,
    0x00, 0x00, 0x7F, 0xF4, 0x00, 0x0B, 0xFF, 0xD0, 0x00, 0xBF, 0xFF, 0x00, 0x02, 0xFF, 0xF0, 0x00,
    0x07, 0xFD, 0x00, 0x00, 0x3F, 0x86, 0x40, 0x07, 0xEB, 0xF0, 0x01, 0xF6, 0xFC, 0x00, 0xFC, 0x7F,
    0xEA, 0xFD, 0x07, 0xFF, 0xF8, 0x00, 0x05, 0x50, 0x00, 0x00, 0x06, 0xFE, 0x00, 0x00, 0xBF, 0xFF,
    0xE0, 0x03, 0xFD, 0x5B, 0xFC, 0x0B, 0xD0, 0x00, 0xFD, 0x0F, 0xC0, 0x00, 0xFD, 0x2F, 0x80, 0x02,
    0xFD, 0x2F, 0x80, 0x01, 0xF8, 0x2F, 0xC0, 0x00, 0x00, 0x1F, 0xF4, 0x00, 0x00, 0x0F, 0xFE, 0x00,
    0x00, 0x07, 0xFF, 0xD0, 0x00, 0x00, 0xFF, 0xFD, 0x00, 0x00, 0x2F, 0xFF, 0xC0, 0x00, 0x02, 0xFF,
    0xF0, 0x00, 0x00, 0x2F, 0xFC, 0x00, 0x00, 0x07, 0xFD, 0x00, 0x00, 0x01, 0xFD, 0x05, 0x00, 0x00,
    0xFD, 0x3F, 0xC0, 0x00, 0xFD, 0xBF, 0x80, 0x00, 0xFC, 0xBF, 0x40, 0x02, 0xF8, 0x7F, 0x80, 0x0F,
    0xF0, 0x2F, 0xFF, 0xFF, 0xC0, 0x07, 0xFF, 0xFD, 0x00, 0x00, 0x15, 0x40, 0x00, 0x00, 0x00, 0x00,
    0x00, 0x00, 0x01, 0x00, 0x00, 0x00, 0x2F, 0xC0, 0x00, 0x00, 0x3F, 0xE0, 0x00, 0x00, 0x3F, 0xE0,
    0x00, 0x00, 0x2F, 0xC0, 0x00, 0x00, 0x05, 0x00, 0x00, 0x00, 0x05, 0x40, 0x00, 0x7F, 0xFF, 0x40,
    0x7F, 0x9B, 0xF8, 0x3F, 0x00, 0x7F, 0x2F, 0x40, 0x2F, 0xCB, 0xE0, 0x02, 0x82, 0xFE, 0x00, 0x00,
    0x7F, 0xF4, 0x00, 0x0B, 0xFF, 0xD0, 0x00, 0xBF, 0xFF, 0x00, 0x02, 0xFF, 0xF0, 0x00, 0x07, 0xFD,
    0x00, 0x00, 0x3F, 0x86, 0x40, 0x07, 0xEB, 0xF0, 0x01, 0xF6, 0xFC, 0x00, 0xFC, 0x7F, 0xEA, 0xFD,
    0x07, 0xFF, 0xF8, 0x00, 0x05, 0x50, 0x00, 0x00, 0x00, 0x00, 0x00, 0x14, 0x00, 0x00, 0x3F, 0xC0,
    0x00, 0x1F, 0xF4, 0x00, 0x07, 0xFD, 0x00, 0x00, 0xFF, 0x00, 0x00, 0x05, 0x00, 0x00, 0x00, 0x00,
    0x60, 0x00, 0x00, 0x02, 0xFD, 0x00, 0x00, 0x03, 0xFE, 0x00, 0x00, 0x03, 0xFE, 0x00, 0x00, 0x01,
    0xFC, 0x00, 0x00, 0x00, 0x00, 0x00, 0x00, 0x00, 0x03, 0xC0, 0x00, 0x00, 0x0F, 0xE0, 0x00, 0x00,
    0x7F, 0xD0, 0x00, 0x01, 0xFF, 0x40, 0x00, 0x07, 0xE4, 0x00, 0x00, 0x06, 0x00, 0x00, 0x00, 0x00,
    0x00, 0x00, 0x00, 0x06, 0xFE, 0x00, 0x00, 0xBF, 0xFF, 0xE0, 0x03, 0xFD, 0x5B, 0xFC, 0x0B, 0xD0,
    0x00, 0xFD, 0x0F, 0xC0, 0x00, 0xFD, 0x2F, 0x80, 0x02, 0xFD, 0x2F, 0x80, 0x01, 0xF8, 0x2F, 0xC0,
    0x00, 0x00, 0x1F, 0xF4, 0x00, 0x00, 0x0F, 0xFE, 0x00, 0x00, 0x07, 0xFF, 0xD0, 0x00, 0x00, 0xFF,
    0xFD, 0x00, 0x00, 0x2F, 0xFF, 0xC0, 0x00, 0x02, 0xFF, 0xF0, 0x00, 0x00, 0x2F, 0xFC, 0x00, 0x00,
    0x07, 0xFD, 0x00, 0x00, 0x01, 0xFD, 0x05, 0x00, 0x00, 0xFD, 0x3F, 0xC0, 0x00, 0xFD, 0xBF, 0x80,
    0x00, 0xFC, 0xBF, 0x40, 0x02, 0xF8, 0x7F, 0x80, 0x0F, 0xF0, 0x2F, 0xFF, 0xFF, 0xC0, 0x07, 0xFF,
    0xFD, 0x00, 0x00, 0x15, 0x40, 0x00, 0x00, 0x06, 0x40, 0x00, 0x07, 0xF8, 0x00, 0x02, 0xFF, 0x00,
    0x00, 0xBF, 0xC0, 0x00, 0x0F, 0xD0, 0x00, 0x00, 0x00, 0x00, 0x00, 0x03, 0xC0, 0x00, 0x03, 0xF8,
    0x00, 0x02, 0xFD, 0x00, 0x01, 0xFD, 0x00, 0x00, 0xF8, 0x00, 0x00, 0xF4, 0x00, 0x00, 0x10, 0x00,
    0x00, 0x00, 0x00, 0x00, 0x00, 0x54, 0x00, 0x07, 0xFF, 0xF4, 0x07, 0xF9, 0xBF, 0x83, 0xF0, 0x07,
    0xF2, 0xF4, 0x02, 0xFC, 0xBE, 0x00, 0x28, 0x2F, 0xE0, 0x00, 0x07, 0xFF, 0x40, 0x00, 0xBF, 0xFD,
    0x00, 0x0B, 0xFF, 0xF0, 0x00, 0x2F, 0xFF, 0x00, 0x00, 0x7F, 0xD0, 0x00, 0x03, 0xF8, 0x64, 0x00,
    0x7E, 0xBF, 0x00, 0x1F, 0x6F, 0xC0, 0x0F, 0xC7, 0xFE, 0xAF, 0xD0, 0x7F, 0xFF, 0x80, 0x00, 0x55,
    0x00, 0x00, 0x00, 0x00, 0x50, 0x00, 0x00, 0x03, 0xFC, 0x00, 0x00, 0x03, 0xFD, 0x00, 0x00, 0x03,
    0xFD, 0x00, 0x00, 0x02, 0xFC, 0x00, 0x00, 0x40, 0x00, 0x00, 0x01, 0xF0, 0x00, 0xB4, 0x00, 0xBE,
    0x07, 0xE0, 0x00, 0x2F, 0xFF, 0x80, 0x00, 0x0F, 0xFF, 0x00, 0x00, 0x03, 0xFC, 0x00, 0x00, 0x00,
    0xE0, 0x00, 0x00, 0x00, 0x00, 0x00, 0x00, 0x06, 0xFE, 0x00, 0x00, 0xBF, 0xFF, 0xE0, 0x03, 0xFD,
    0x5B, 0xFC, 0x0B, 0xD0, 0x00, 0xFD, 0x0F, 0xC0, 0x00, 0xFD, 0x2F, 0x80, 0x02, 0xFD, 0x2F, 0x80,
    0x01, 0xF8, 0x2F, 0xC0, 0x00, 0x00, 0x1F, 0xF4, 0x00, 0x00, 0x0F, 0xFE, 0x00, 0x00, 0x07, 0xFF,
    0xD0, 0x00, 0x00, 0xFF, 0xFD, 0x00, 0x00, 0x2F, 0xFF, 0xC0, 0x00, 0x02, 0xFF, 0xF0, 0x00, 0x00,
    0x2F, 0xFC, 0x00, 0x00, 0x07, 0xFD, 0x00, 0x00, 0x01, 0xFD, 0x05, 0x00, 0x00, 0xFD, 0x3F, 0xC0,
    0x00, 0xFD, 0xBF, 0x80, 0x00, 0xFC, 0xBF, 0x40, 0x02, 0xF8, 0x7F, 0x80, 0x0F, 0xF0, 0x2F, 0xFF,
    0xFF, 0xC0, 0x07, 0xFF, 0xFD, 0x00, 0x00, 0x15, 0x40, 0x00, 0x00, 0x06, 0x00, 0x00, 0x0B, 0xF4,
    0x00, 0x03, 0xFE, 0x00, 0x00, 0xFF, 0x80, 0x00, 0x1F, 0xC0, 0x00, 0x00, 0x00, 0x00, 0xA0, 0x00,
    0x34, 0x1F, 0x00, 0x7C, 0x02, 0xF4, 0xBD, 0x00, 0x3F, 0xFE, 0x00, 0x07, 0xFE, 0x00, 0x00, 0xBF,
    0x00, 0x00, 0x0A, 0x00, 0x00, 0x00, 0x00, 0x00, 0x00, 0x54, 0x00, 0x07, 0xFF, 0xF4, 0x07, 0xF9,
    0xBF, 0x83, 0xF0, 0x07, 0xF2, 0xF4, 0x02, 0xFC, 0xBE, 0x00, 0x28, 0x2F, 0xE0, 0x00, 0x07, 0xFF,
    0x40, 0x00, 0xBF, 0xFD, 0x00, 0x0B, 0xFF, 0xF0, 0x00, 0x2F, 0xFF, 0x00, 0x00, 0x7F, 0xD0, 0x00,
    0x03, 0xF8, 0x64, 0x00, 0x7E, 0xBF, 0x00, 0x1F, 0x6F, 0xC0, 0x0F, 0xC7, 0xFE, 0xAF, 0xD0, 0x7F,
    0xFF, 0x80, 0x00, 0x55, 0x00, 0x00, 0x00, 0x00, 0x50, 0x00, 0x00, 0x03, 0xFC, 0x00, 0x00, 0x07,
    0xFD, 0x00, 0x00, 0x03, 0xFD, 0x00, 0x00, 0x02, 0xF8, 0x00, 0x00, 0x00, 0x00, 0x00, 0x00, 0x00,
    0x00, 0x00, 0x00, 0x06, 0xFE, 0x00, 0x00, 0xBF, 0xFF, 0xE0, 0x03, 0xFD, 0x5B, 0xFC, 0x0B, 0xD0,
    0x00, 0xFD, 0x0F, 0xC0, 0x00, 0xFD, 0x2F, 0x80, 0x02, 0xFD, 0x2F, 0x80, 0x01, 0xF8, 0x2F, 0xC0,
    0x00, 0x00, 0x1F, 0xF4, 0x00, 0x00, 0x0F, 0xFE, 0x00, 0x00, 0x07, 0xFF, 0xD0, 0x00, 0x00, 0xFF,
    0xFD, 0x00, 0x00, 0x2F, 0xFF, 0xC0, 0x00, 0x02, 0xFF, 0xF0, 0x00, 0x00, 0x2F, 0xFC, 0x00, 0x00,
    0x07, 0xFD, 0x00, 0x00, 0x01, 0xFD, 0x05, 0x00, 0x00, 0xFD, 0x3F, 0xC0, 0x00, 0xFD, 0xBF, 0x80,
    0x00, 0xFC, 0xBF, 0x40, 0x02, 0xF8, 0x7F, 0x80, 0x0F, 0xF0, 0x2F, 0xFF, 0xFF, 0xC0, 0x07, 0xFF,
    0xFD, 0x00, 0x00, 0x15, 0x40, 0x00, 0x00, 0x00, 0x00, 0x00, 0x00, 0x01, 0x00, 0x00, 0x00, 0x2F,
    0xC0, 0x00, 0x00, 0x3F, 0xE0, 0x00, 0x00, 0x3F, 0xE0, 0x00, 0x00, 0x2F, 0xC0, 0x00, 0x00, 0x05,
    0x00, 0x00, 0x00, 0x01, 0x00, 0x00, 0x07, 0xF0, 0x00, 0x03, 0xFE, 0x00, 0x00, 0xFF, 0x80, 0x00,
    0x2F, 0xD0, 0x00, 0x01, 0x40, 0x00, 0x00, 0x00, 0x00, 0x00, 0x00, 0x00, 0x00, 0x05, 0x40, 0x00,
    0x7F, 0xFF, 0x40, 0x7F, 0x9B, 0xF8, 0x3F, 0x00, 0x7F, 0x2F, 0x40, 0x2F, 0xCB, 0xE0, 0x02, 0x82,
    0xFE, 0x00, 0x00, 0x7F, 0xF4, 0x00, 0x0B, 0xFF, 0xD0, 0x00, 0xBF, 0xFF, 0x00, 0x02, 0xFF, 0xF0,
    0x00, 0x07, 0xFD, 0x00, 0x00, 0x3F, 0x86, 0x40, 0x07, 0xEB, 0xF0, 0x01, 0xF6, 0xFC, 0x00, 0xFC,
    0x7F, 0xEA, 0xFD, 0x07, 0xFF, 0xF8, 0x00, 0x05, 0x50, 0x00, 0x00, 0x00, 0x00, 0x00, 0x14, 0x00,
    0x00, 0x3F, 0xC0, 0x00, 0x1F, 0xF4, 0x00, 0x07, 0xFD, 0x00, 0x00, 0xFF, 0x00, 0x00, 0x05, 0x00,
    0x00, 0x15, 0x55, 0x55, 0x55, 0x55, 0x0F, 0xFF, 0xFF, 0xFF, 0xFF, 0xC7, 0xFE, 0xAF, 0xFE, 0xBF,
    0xF1, 0xF8, 0x01, 0xFC, 0x00, 0xFC, 0xBC, 0x00, 0x7F, 0x00, 0x1F, 0x6E, 0x00, 0x2F, 0xC0, 0x03,
    0xD7, 0x40, 0x0B, 0xF0, 0x00, 0xA0, 0x00, 0x02, 0xFC, 0x00, 0x00, 0x00, 0x00, 0xBF, 0x00, 0x00,
    0x00, 0x00, 0x2F, 0xC0, 0x00, 0x00, 0x00, 0x0B, 0xF0, 0x00, 0x00, 0x00, 0x02, 0xFC, 0x00, 0x00,
    0x00, 0x00, 0xFF, 0x00, 0x00, 0x00, 0x00, 0x3F, 0xC0, 0x00, 0x00, 0x00, 0x0F, 0xF0, 0x00, 0x00,
    0x00, 0x03, 0xF8, 0x00, 0x00, 0x00, 0x00, 0xFE, 0x00, 0x00, 0x00, 0x00, 0x3F, 0x80, 0x00, 0x00,
    0x00, 0x0F, 0xE0, 0x00, 0x00, 0x00, 0x03, 0xF8, 0x00, 0x00, 0x00, 0x00, 0xFE, 0x00, 0x00, 0x00,
    0x00, 0x3F, 0x80, 0x00, 0x00, 0x07, 0xFF, 0xFF, 0xC0, 0x00, 0x03, 0xFF, 0xFF, 0xF0, 0x00, 0x00,
    0x00, 0x00, 0x00, 0x00, 0x00, 0x00, 0x00, 0x00, 0x00, 0x00, 0x00, 0x01, 0x00, 0x00, 0x00, 0x00,
    0x0B, 0xF0, 0x00, 0x00, 0x00, 0x03, 0xFE, 0x00, 0x00, 0x00, 0x00, 0xFF, 0x80, 0x00, 0x00, 0x00,
    0x2F, 0xC0, 0x00, 0x00, 0x00, 0x01, 0x40, 0x00, 0x00, 0x00, 0x54, 0x00, 0x00, 0x3E, 0x00, 0x00,
    0x0F, 0x80, 0x00, 0x07, 0xE0, 0x00, 0x02, 0xF4, 0x00, 0x00, 0xFD, 0x00, 0x0B, 0xFF, 0xFF, 0xD3,
    0xFF, 0xFF, 0xF4, 0x07, 0xF4, 0x00, 0x01, 0xFC, 0x00, 0x00, 0x7F, 0x00, 0x00, 0x1F, 0xC0, 0x00,
    0x07, 0xF0, 0x00, 0x02, 0xFC, 0x00, 0x00, 0xBF, 0x00, 0x00, 0x2F, 0xC0, 0x00, 0x0B, 0xF0, 0x00,
    0x02, 0xFC, 0x00, 0x00, 0xFF, 0x00, 0x00, 0x2F, 0xC0, 0x04, 0x0B, 0xF4, 0x2F, 0x00, 0xFF, 0xFF,
    0x40, 0x1F, 0xFF, 0x40, 0x00, 0x54, 0x00, 0x00, 0x00, 0x00, 0x00, 0x01, 0x00, 0x00, 0x07, 0xF4,
    0x00, 0x03, 0xFF, 0x00, 0x00, 0xFF, 0xC0, 0x00, 0x1F, 0xD0, 0x00, 0x00, 0x40, 0x00, 0x15, 0x55,
    0x55, 0x55, 0x55, 0x0F, 0xFF, 0xFF, 0xFF, 0xFF, 0xC7, 0xFE, 0xAF, 0xFE, 0xBF, 0xF1, 0xF8, 0x01,
    0xFC, 0x00, 0xFC, 0xBC, 0x00, 0x7F, 0x00, 0x1F, 0x6E, 0x00, 0x2F, 0xC0, 0x03, 0xD7, 0x40, 0x0B,
    0xF0, 0x00, 0xA0, 0x00, 0x02, 0xFC, 0x00, 0x00, 0x00, 0x00, 0xBF, 0x00, 0x00, 0x00, 0x00, 0x2F,
    0xC0, 0x00, 0x00, 0x00, 0x0B, 0xF0, 0x00, 0x00, 0x00, 0x02, 0xFC, 0x00, 0x00, 0x00, 0x00, 0xFF,
    0x00, 0x00, 0x00, 0x00, 0x3F, 0xC0, 0x00, 0x00, 0x00, 0x0F, 0xF0, 0x00, 0x00, 0x00, 0x03, 0xF8,
    0x00, 0x00, 0x00, 0x00, 0xFE, 0x00, 0x00, 0x00, 0x00, 0x3F, 0x80, 0x00, 0x00, 0x00, 0x0F, 0xE0,
    0x00, 0x00, 0x00, 0x03, 0xF8, 0x00, 0x00, 0x00, 0x00, 0xFE, 0x00, 0x00, 0x00, 0x00, 0x3F, 0x80,
    0x00, 0x00, 0x07, 0xFF, 0xFF, 0xC0, 0x00, 0x03, 0xFF, 0xFF, 0xF0, 0x00, 0x00, 0x00, 0x00, 0x00,
    0x00, 0x00, 0x00, 0x00, 0x00, 0x00, 0x00, 0x00, 0x00, 0x00, 0x00, 0x00, 0x01, 0xFF, 0xFF, 0xC0,
    0x00, 0x00, 0xBF, 0xFF, 0xF0, 0x00, 0x00, 0x2F, 0xFF, 0xFC, 0x00, 0x00, 0x00, 0x54, 0x00, 0x00,
    0x3E, 0x00, 0x00, 0x0F, 0x80, 0x00, 0x07, 0xE0, 0x00, 0x02, 0xF4, 0x00, 0x00, 0xFD, 0x00, 0x0B,
    0xFF, 0xFF, 0xD3, 0xFF, 0xFF, 0xF4, 0x07, 0xF4, 0x00, 0x01, 0xFC, 0x00, 0x00, 0x7F, 0x00, 0x00,
    0x1F, 0xC0, 0x00, 0x07, 0xF0, 0x00, 0x02, 0xFC, 0x00, 0x00, 0xBF, 0x00, 0x00, 0x2F, 0xC0, 0x00,
    0x0B, 0xF0, 0x00, 0x02, 0xFC, 0x00, 0x00, 0xFF, 0x00, 0x00, 0x2F, 0xC0, 0x04, 0x0B, 0xF4, 0x2F,
    0x00, 0xFF, 0xFF, 0x40, 0x1F, 0xFF, 0x40, 0x00, 0x54, 0x00, 0x00, 0x00, 0x00, 0x00, 0x00, 0x00,
    0x01, 0xFF, 0xFF, 0xD0, 0x7F, 0xFF, 0xF4, 0x1F, 0xFF, 0xFD, 0x00, 0x00, 0x00, 0x00, 0x1E, 0x00,
    0x00, 0x00, 0x00, 0x01, 0xFC, 0x00, 0x00, 0x00, 0x00, 0x2F, 0xF0, 0x00, 0x00, 0x00, 0x02, 0xFE,
    0x00, 0x00, 0x00, 0x00, 0x2F, 0x80, 0x00, 0x00, 0x00, 0x00, 0xA0, 0x00, 0x00, 0x00, 0x00, 0x00,
    0x00, 0x00, 0x00, 0x00, 0x00, 0x00, 0x00, 0x00, 0x00, 0x00, 0x01, 0xFE, 0x00, 0x80, 0x00, 0x00,
    0x1F, 0xFF, 0xEF, 0x00, 0x00, 0x00, 0xF6, 0xFF, 0xF8, 0x00, 0x00, 0x01, 0x00, 0xBF, 0x80, 0x00,
    0x00, 0x00, 0x00, 0x00, 0x00, 0x00, 0x00, 0x00, 0x00, 0x00, 0x00, 0x05, 0x55, 0x54, 0x00, 0x55,
    0x55, 0x3F, 0xFF, 0xF0, 0x03, 0xFF, 0xFE, 0x6F, 0xFE, 0x40, 0x06, 0xFF, 0xE0, 0x2F, 0xC0, 0x00,
    0x01, 0xFC, 0x00, 0xBF, 0x00, 0x00, 0x07, 0xF0, 0x02, 0xFC, 0x00, 0x00, 0x2F, 0xC0, 0x0B, 0xF0,
    0x00, 0x00, 0xFF, 0x00, 0x2F, 0xC0, 0x00, 0x03, 0xFC, 0x00, 0xFF, 0x00, 0x00, 0x0F, 0xF0, 0x03,
    0xFC, 0x00, 0x00, 0x7F, 0x80, 0x0F, 0xF0, 0x00, 0x02, 0xFE, 0x00, 0x3F, 0x80, 0x00, 0x0B, 0xF8,
    0x00, 0xFE, 0x00, 0x00, 0x3B, 0xE0, 0x03, 0xF8, 0x00, 0x01, 0xEF, 0x80, 0x0F, 0xE0, 0x00, 0x0B,
    0x7D, 0x00, 0x3F, 0x80, 0x00, 0x3D, 0xF4, 0x00, 0xFD, 0x00, 0x01, 0xDB, 0xD0, 0x03, 0xF4, 0x00,
    0x0F, 0x2F, 0x40, 0x0F, 0xD0, 0x00, 0x78, 0xBC, 0x00, 0x3F, 0x80, 0x03, 0xD3, 0xF0, 0x00, 0xFF,
    0x00, 0x3F, 0x0F, 0xC0, 0x01, 0xFF, 0x57, 0xF0, 0x3F, 0x00, 0x03, 0xFF, 0xFF, 0x40, 0xFF, 0xE0,
    0x02, 0xFF, 0xF4, 0x03, 0xFF, 0x80, 0x00, 0x54, 0x00, 0x00, 0x00, 0x00, 0x00, 0x00, 0x01, 0xE0,
    0x00, 0x00, 0x00, 0x0B, 0xF0, 0x00, 0x00, 0x00, 0x2F, 0xF0, 0x00, 0x00, 0x00, 0xBF, 0x80, 0x00,
    0x00, 0x03, 0xF8, 0x00, 0x00, 0x00, 0x03, 0x40, 0x00, 0x00, 0x00, 0x00, 0x00, 0x00, 0x00, 0x00,
    0x0B, 0x90, 0x00, 0x00, 0x00, 0x3F, 0xFE, 0x1D, 0x00, 0x00, 0x7F, 0xFF, 0xFC, 0x00, 0x00, 0xA0,
    0x7F, 0xF4, 0x00, 0x00, 0x00, 0x01, 0x80, 0x00, 0x00, 0x00, 0x00, 0x00, 0x00, 0x00, 0x00, 0x00,
    0x00, 0x00, 0x01, 0x50, 0x00, 0x00, 0x00, 0x1F, 0xFC, 0x00, 0x1F, 0xC0, 0x7F, 0xFD, 0x00, 0x2F,
    0xC0, 0x11, 0xFD, 0x00, 0x3F, 0xC0, 0x01, 0xFC, 0x00, 0x7F, 0xC0, 0x01, 0xFC, 0x00, 0xBF, 0xC0,
    0x01, 0xFC, 0x00, 0xFF, 0xC0, 0x02, 0xFC, 0x01, 0xEF, 0xC0, 0x02, 0xFC, 0x03, 0xCF, 0xC0, 0x02,
    0xFC, 0x03, 0xCF, 0xC0, 0x03, 0xF8, 0x07, 0x8F, 0xC0, 0x03, 0xF8, 0x0F, 0x5F, 0xC0, 0x03, 0xF4,
    0x0F, 0x1F, 0xC0, 0x03, 0xF4, 0x1E, 0x1F, 0x80, 0x03, 0xF4, 0x3D, 0x2F, 0x80, 0x03, 0xFD, 0xBC,
    0x2F, 0xC0, 0x02, 0xFF, 0xF4, 0x2F, 0xFE, 0x00, 0xFF, 0xD0, 0x0F, 0xFE, 0x00, 0x15, 0x00, 0x01,
    0x50, 0x00, 0x00, 0x40, 0x01, 0x00, 0x00, 0x00, 0x0F, 0xD0, 0x7F, 0x40, 0x00, 0x00, 0xBF, 0xC3,
    0xFE, 0x00, 0x00, 0x02, 0xFE, 0x0F, 0xF8, 0x00, 0x00, 0x03, 0xF0, 0x0F, 0xC0, 0x00, 0x00, 0x00,
    0x00, 0x00, 0x00, 0x00, 0x00, 0x00, 0x00, 0x00, 0x00, 0x00, 0x00, 0x55, 0x55, 0x40, 0x00, 0x00,
    0x03, 0xFF, 0xFF, 0x80, 0x00, 0x00, 0x1F, 0xFF, 0xFE, 0x00, 0x00, 0x00, 0x15, 0x55, 0x50, 0x00,
    0x00, 0x00, 0x00, 0x00, 0x00, 0x00, 0x00, 0x00, 0x00, 0x00, 0x00, 0x01, 0x55, 0x55, 0x00, 0x15,
    0x55, 0x4F, 0xFF, 0xFC, 0x00, 0xFF, 0xFF, 0x9B, 0xFF, 0x90, 0x01, 0xBF, 0xF8, 0x0B, 0xF0, 0x00,
    0x00, 0x7F, 0x00, 0x2F, 0xC0, 0x00, 0x01, 0xFC, 0x00, 0xBF, 0x00, 0x00, 0x0B, 0xF0, 0x02, 0xFC,
    0x00, 0x00, 0x3F, 0xC0, 0x0B, 0xF0, 0x00, 0x00, 0xFF, 0x00, 0x3F, 0xC0, 0x00, 0x03, 0xFC, 0x00,
    0xFF, 0x00, 0x00, 0x1F, 0xE0, 0x03, 0xFC, 0x00, 0x00, 0xBF, 0x80, 0x0F, 0xE0, 0x00, 0x02, 0xFE,
    0x00, 0x3F, 0x80, 0x00, 0x0E, 0xF8, 0x00, 0xFE, 0x00, 0x00, 0x7B, 0xE0, 0x03, 0xF8, 0x00, 0x02,
    0xDF, 0x40, 0x0F, 0xE0, 0x00, 0x0F, 0x7D, 0x00, 0x3F, 0x40, 0x00, 0x76, 0xF4, 0x00, 0xFD, 0x00,
    0x03, 0xCB, 0xD0, 0x03, 0xF4, 0x00, 0x1E, 0x2F, 0x00, 0x0F, 0xE0, 0x00, 0xF4, 0xFC, 0x00, 0x3F,
    0xC0, 0x0F, 0xC3, 0xF0, 0x00, 0x7F, 0xD5, 0xFC, 0x0F, 0xC0, 0x00, 0xFF, 0xFF, 0xD0, 0x3F, 0xF8,
    0x00, 0xBF, 0xFD, 0x00, 0xFF, 0xE0, 0x00, 0x15, 0x00, 0x00, 0x00, 0x00, 0x00, 0x05, 0x00, 0x10,
    0x00, 0x00, 0x3F, 0x80, 0xFD, 0x00, 0x00, 0xBF, 0xC2, 0xFF, 0x00, 0x00, 0x7F, 0xC2, 0xFE, 0x00,
    0x00, 0x3F, 0x00, 0xFC, 0x00, 0x00, 0x00, 0x00, 0x00, 0x00, 0x00, 0x00, 0x00, 0x00, 0x00, 0x00,
    0x2F, 0xFF, 0xFC, 0x00, 0x00, 0x3F, 0xFF, 0xFC, 0x00, 0x00, 0x3F, 0xFF, 0xFC, 0x00, 0x00, 0x00,
    0x00, 0x00, 0x00, 0x00, 0x00, 0x00, 0x00, 0x00, 0x00, 0x00, 0x00, 0x00, 0x00, 0x01, 0x50, 0x00,
    0x00, 0x00, 0x1F, 0xFC, 0x00, 0x1F, 0xC0, 0x7F, 0xFD, 0x00, 0x2F, 0xC0, 0x11, 0xFD, 0x00, 0x3F,
    0xC0, 0x01, 0xFC, 0x00, 0x7F, 0xC0, 0x01, 0xFC, 0x00, 0xBF, 0xC0, 0x01, 0xFC, 0x00, 0xFF, 0xC0,
    0x02, 0xFC, 0x01, 0xEF, 0xC0, 0x02, 0xFC, 0x03, 0xCF, 0xC0, 0x02, 0xFC, 0x03, 0xCF, 0xC0, 0x03,
    0xF8, 0x07, 0x8F, 0xC0, 0x03, 0xF8, 0x0F, 0x5F, 0xC0, 0x03, 0xF4, 0x0F, 0x1F, 0xC0, 0x03, 0xF4,
    0x1E, 0x1F, 0x80, 0x03, 0xF4, 0x3D, 0x2F, 0x80, 0x03, 0xFD, 0xBC, 0x2F, 0xC0, 0x02, 0xFF, 0xF4,
    0x2F, 0xFE, 0x00, 0xFF, 0xD0, 0x0F, 0xFE, 0x00, 0x15, 0x00, 0x01, 0x50, 0x00, 0x00, 0x00, 0x0D,
    0x00, 0x00, 0x00, 0x00, 0x00, 0x00, 0x00, 0x00, 0xFE, 0x00, 0x00, 0x00, 0x00, 0x00, 0x00, 0x00,
    0x03, 0xFE, 0x00, 0x00, 0x00, 0x00, 0x00, 0x00, 0x00, 0x02, 0xFF, 0x00, 0x00, 0x00, 0x00, 0x00,
    0x00, 0x00, 0x00, 0xBF, 0x00, 0x00, 0x00, 0x00, 0x00, 0x00, 0x00, 0x00, 0x1C, 0x00, 0x00, 0x00,
    0x00, 0x00, 0x00, 0x00, 0x00, 0x00, 0x00, 0x00, 0x00, 0x05, 0x55, 0x54, 0x00, 0x01, 0x00, 0x00,
    0x55, 0x54, 0x3F, 0xFF, 0xF0, 0x03, 0xFC, 0x00, 0x07, 0xFF, 0xF8, 0xBF, 0xFE, 0x40, 0x0F, 0xF0,
    0x00, 0x0A, 0xFF, 0x80, 0x2F, 0xD0, 0x00, 0x1F, 0xD0, 0x00, 0x03, 0xE0, 0x00, 0x7F, 0x80, 0x00,
    0x3F, 0xC0, 0x00, 0x0F, 0x40, 0x00, 0xFE, 0x00, 0x00, 0xFF, 0x00, 0x00, 0x7C, 0x00, 0x03, 0xFC,
    0x00, 0x02, 0xFD, 0x00, 0x02, 0xE0, 0x00, 0x0B, 0xF0, 0x00, 0x0B, 0xF8, 0x00, 0x0F, 0x40, 0x00,
    0x1F, 0xD0, 0x00, 0x3F, 0xF0, 0x00, 0x7C, 0x00, 0x00, 0x3F, 0x80, 0x01, 0xFF, 0xC0, 0x02, 0xF0,
    0x00, 0x00, 0xFF, 0x00, 0x0B, 0xFF, 0x40, 0x0F, 0x80, 0x00, 0x02, 0xFC, 0x00, 0x3E, 0xFE, 0x00,
    0x3C, 0x00, 0x00, 0x07, 0xF4, 0x01, 0xF3, 0xFC, 0x01, 0xF0, 0x00, 0x00, 0x0F, 0xE0, 0x0F, 0x8B,
    0xF0, 0x0F, 0x80, 0x00, 0x00, 0x3F, 0xC0, 0x3C, 0x1F, 0xD0, 0x3D, 0x00, 0x00, 0x00, 0xBF, 0x02,
    0xF0, 0x3F, 0x81, 0xF0, 0x00, 0x00, 0x01, 0xFD, 0x0F, 0x40, 0xFF, 0x0B, 0x80, 0x00, 0x00, 0x03,
    0xF8, 0x7C, 0x02, 0xFC, 0x3D, 0x00, 0x00, 0x00, 0x0F, 0xE3, 0xE0, 0x07, 0xF4, 0xF0, 0x00, 0x00,
    0x00, 0x2F, 0xCF, 0x40, 0x0F, 0xE7, 0xC0, 0x00, 0x00, 0x00, 0x7F, 0xBC, 0x00, 0x3F, 0xFD, 0x00,
    0x00, 0x00, 0x00, 0xFF, 0xE0, 0x00, 0x7F, 0xF0, 0x00, 0x00, 0x00, 0x03, 0xFF, 0x00, 0x00, 0xFF,
    0xC0, 0x00, 0x00, 0x00, 0x0B, 0xFC, 0x00, 0x03, 0xFE, 0x00, 0x00, 0x00, 0x00, 0x04, 0x00, 0x00,
    0x00, 0x00, 0x00, 0x00, 0x00, 0x00, 0x0B, 0x40, 0x00, 0x00, 0x00, 0x00, 0x00, 0xFC, 0x00, 0x00,
    0x00, 0x00, 0x00, 0x0F, 0xF0, 0x00, 0x00, 0x00, 0x00, 0x00, 0x3F, 0x80, 0x00, 0x00, 0x00, 0x00,
    0x00, 0xBD, 0x00, 0x00, 0x00, 0x00, 0x00, 0x01, 0xF0, 0x00, 0x00, 0x00, 0x00, 0x00, 0x01, 0x00,
    0x00, 0x00, 0x00, 0x00, 0x00, 0x00, 0x00, 0x00, 0x01, 0x40, 0x00, 0x00, 0x00, 0x14, 0x0B, 0xFF,
    0x40, 0x07, 0xE0, 0x07, 0xF4, 0xBF, 0xFC, 0x00, 0xBF, 0x00, 0xFF, 0xC0, 0x3F, 0xC0, 0x07, 0xF0,
    0x0B, 0xFC, 0x02, 0xFC, 0x00, 0x7F, 0x00, 0x0F, 0xC0, 0x2F, 0xC0, 0x07, 0xF0, 0x00, 0x7C, 0x03,
    0xFC, 0x00, 0x7F, 0x00, 0x07, 0xC0, 0x3F, 0x80, 0x07, 0xF0, 0x00, 0xBC, 0x03, 0xF8, 0x00, 0x7F,
    0x00, 0x0B, 0xC0, 0x3F, 0x80, 0x0B, 0xE0, 0x00, 0xF8, 0x03, 0xF8, 0x00, 0xBE, 0x00, 0x0F, 0x40,
    0x3F, 0x40, 0x0F, 0xD0, 0x02, 0xF0, 0x03, 0xF4, 0x00, 0xFD, 0x00, 0x3E, 0x00, 0x3F, 0x40, 0x2F,
    0xD0, 0x07, 0xC0, 0x03, 0xF8, 0x03, 0xFD, 0x00, 0xF8, 0x00, 0x3F, 0xC0, 0xFB, 0xF0, 0x7F, 0x00,
    0x01, 0xFF, 0xFF, 0x3F, 0xFF, 0xC0, 0x00, 0x0B, 0xFF, 0x80, 0xFF, 0xE0, 0x00, 0x00, 0x05, 0x40,
    0x01, 0x50, 0x00, 0x00, 0x00, 0x00, 0x00, 0x00, 0x01, 0xE0, 0x00, 0x00, 0x00, 0x00, 0x00, 0x00,
    0x00, 0x2F, 0xC0, 0x00, 0x00, 0x00, 0x00, 0x00, 0x00, 0x02, 0xFF, 0x00, 0x00, 0x00, 0x00, 0x00,
    0x00, 0x00, 0x2F, 0xE0, 0x00, 0x00, 0x00, 0x00, 0x00, 0x00, 0x02, 0xF8, 0x00, 0x00, 0x00, 0x00,
    0x00, 0x00, 0x00, 0x09, 0x00, 0x00, 0x00, 0x00, 0x00, 0x00, 0x00, 0x00, 0x00, 0x00, 0x00, 0x00,
    0x00, 0x05, 0x55, 0x54, 0x00, 0x01, 0x00, 0x00, 0x55, 0x54, 0x3F, 0xFF, 0xF0, 0x03, 0xFC, 0x00,
    0x07, 0xFF, 0xF8, 0xBF, 0xFE, 0x40, 0x0F, 0xF0, 0x00, 0x0A, 0xFF, 0x80, 0x2F, 0xD0, 0x00, 0x1F,
    0xD0, 0x00, 0x03, 0xE0, 0x00, 0x7F, 0x80, 0x00, 0x3F, 0xC0, 0x00, 0x0F, 0x40, 0x00, 0xFE, 0x00,
    0x00, 0xFF, 0x00, 0x00, 0x7C, 0x00, 0x03, 0xFC, 0x00, 0x02, 0xFD, 0x00, 0x02, 0xE0, 0x00, 0x0B,
    0xF0, 0x00, 0x0B, 0xF8, 0x00, 0x0F, 0x40, 0x00, 0x1F, 0xD0, 0x00, 0x3F, 0xF0, 0x00, 0x7C, 0x00,
    0x00, 0x3F, 0x80, 0x01, 0xFF, 0xC0, 0x02, 0xF0, 0x00, 0x00, 0xFF, 0x00, 0x0B, 0xFF, 0x40, 0x0F,
    0x80, 0x00, 0x02, 0xFC, 0x00, 0x3E, 0xFE, 0x00, 0x3C, 0x00, 0x00, 0x07, 0xF4, 0x01, 0xF3, 0xFC,
    0x01, 0xF0, 0x00, 0x00, 0x0F, 0xE0, 0x0F, 0x8B, 0xF0, 0x0F, 0x80, 0x00, 0x00, 0x3F, 0xC0, 0x3C,
    0x1F, 0xD0, 0x3D, 0x00, 0x00, 0x00, 0xBF, 0x02, 0xF0, 0x3F, 0x81, 0xF0, 0x00, 0x00, 0x01, 0xFD,
    0x0F, 0x40, 0xFF, 0x0B, 0x80, 0x00, 0x00, 0x03, 0xF8, 0x7C, 0x02, 0xFC, 0x3D, 0x00, 0x00, 0x00,
    0x0F, 0xE3, 0xE0, 0x07, 0xF4, 0xF0, 0x00, 0x00, 0x00, 0x2F, 0xCF, 0x40, 0x0F, 0xE7, 0xC0, 0x00,
    0x00, 0x00, 0x7F, 0xBC, 0x00, 0x3F, 0xFD, 0x00, 0x00, 0x00, 0x00, 0xFF, 0xE0, 0x00, 0x7F, 0xF0,
    0x00, 0x00, 0x00, 0x03, 0xFF, 0x00, 0x00, 0xFF, 0xC0, 0x00, 0x00, 0x00, 0x0B, 0xFC, 0x00, 0x03,
    0xFE, 0x00, 0x00, 0x00, 0x00, 0x04, 0x00, 0x00, 0x00, 0x00, 0x00, 0x00, 0x00, 0x00, 0x00, 0x00,
    0x00, 0x00, 0x00, 0x00, 0x00, 0x00, 0x2E, 0x00, 0x00, 0x00, 0x00, 0x00, 0x07, 0xF0, 0x00, 0x00,
    0x00, 0x00, 0x00, 0xFF, 0x00, 0x00, 0x00, 0x00, 0x00, 0x3F, 0x80, 0x00, 0x00, 0x00, 0x00, 0x0B,
    0xD0, 0x00, 0x00, 0x00, 0x00, 0x01, 0xE0, 0x00, 0x00, 0x00, 0x00, 0x00, 0x04, 0x00, 0x00, 0x00,
    0x00, 0x00, 0x00, 0x00, 0x00, 0x00, 0x00, 0x14, 0x00, 0x00, 0x00, 0x01, 0x40, 0xBF, 0xF4, 0x00,
    0x7E, 0x00, 0x7F, 0x4B, 0xFF, 0xC0, 0x0B, 0xF0, 0x0F, 0xFC, 0x03, 0xFC, 0x00, 0x7F, 0x00, 0xBF,
    0xC0, 0x2F, 0xC0, 0x07, 0xF0, 0x00, 0xFC, 0x02, 0xFC, 0x00, 0x7F, 0x00, 0x07, 0xC0, 0x3F, 0xC0,
    0x07, 0xF0, 0x00, 0x7C, 0x03, 0xF8, 0x00, 0x7F, 0x00, 0x0B, 0xC0, 0x3F, 0x80, 0x07, 0xF0, 0x00,
    0xBC, 0x03, 0xF8, 0x00, 0xBE, 0x00, 0x0F, 0x80, 0x3F, 0x80, 0x0B, 0xE0, 0x00, 0xF4, 0x03, 0xF4,
    0x00, 0xFD, 0x00, 0x2F, 0x00, 0x3F, 0x40, 0x0F, 0xD0, 0x03, 0xE0, 0x03, 0xF4, 0x02, 0xFD, 0x00,
    0x7C, 0x00, 0x3F, 0x80, 0x3F, 0xD0, 0x0F, 0x80, 0x03, 0xFC, 0x0F, 0xBF, 0x07, 0xF0, 0x00, 0x1F,
    0xFF, 0xF3, 0xFF, 0xFC, 0x00, 0x00, 0xBF, 0xF8, 0x0F, 0xFE, 0x00, 0x00, 0x00, 0x54, 0x00, 0x15,
    0x00, 0x00, 0x00, 0x00, 0x00, 0x04, 0x00, 0x50, 0x00, 0x00, 0x00, 0x00, 0x00, 0x02, 0xFC, 0x0B,
    0xF0, 0x00, 0x00, 0x00, 0x00, 0x00, 0x0F, 0xF4, 0x3F, 0xD0, 0x00, 0x00, 0x00, 0x00, 0x00, 0x3F,
    0xD0, 0xFF, 0x00, 0x00, 0x00, 0x00, 0x00, 0x00, 0x7E, 0x02, 0xF8, 0x00, 0x00, 0x00, 0x00, 0x00,
    0x00, 0x00, 0x00, 0x00, 0x00, 0x00, 0x00, 0x00, 0x00, 0x00, 0x00, 0x00, 0x00, 0x00, 0x00, 0x05,
    0x55, 0x54, 0x00, 0x01, 0x00, 0x00, 0x55, 0x54, 0x3F, 0xFF, 0xF0, 0x03, 0xFC, 0x00, 0x07, 0xFF,
    0xF8, 0xBF, 0xFE, 0x40, 0x0F, 0xF0, 0x00, 0x0A, 0xFF, 0x80, 0x2F, 0xD0, 0x00, 0x1F, 0xD0, 0x00,
    0x03, 0xE0, 0x00, 0x7F, 0x80, 0x00, 0x3F, 0xC0, 0x00, 0x0F, 0x40, 0x00, 0xFE, 0x00, 0x00, 0xFF,
    0x00, 0x00, 0x7C, 0x00, 0x03, 0xFC, 0x00, 0x02, 0xFD, 0x00, 0x02, 0xE0, 0x00, 0x0B, 0xF0, 0x00,
    0x0B, 0xF8, 0x00, 0x0F, 0x40, 0x00, 0x1F, 0xD0, 0x00, 0x3F, 0xF0, 0x00, 0x7C, 0x00, 0x00, 0x3F,
    0x80, 0x01, 0xFF, 0xC0, 0x02, 0xF0, 0x00, 0x00, 0xFF, 0x00, 0x0B, 0xFF, 0x40, 0x0F, 0x80, 0x00,
    0x02, 0xFC, 0x00, 0x3E, 0xFE, 0x00, 0x3C, 0x00, 0x00, 0x07, 0xF4, 0x01, 0xF3, 0xFC, 0x01, 0xF0,
    0x00, 0x00, 0x0F, 0xE0, 0x0F, 0x8B, 0xF0, 0x0F, 0x80, 0x00, 0x00, 0x3F, 0xC0, 0x3C, 0x1F, 0xD0,
    0x3D, 0x00, 0x00, 0x00, 0xBF, 0x02, 0xF0, 0x3F, 0x81, 0xF0, 0x00, 0x00, 0x01, 0xFD, 0x0F, 0x40,
    0xFF, 0x0B, 0x80, 0x00, 0x00, 0x03, 0xF8, 0x7C, 0x02, 0xFC, 0x3D, 0x00, 0x00, 0x00, 0x0F, 0xE3,
    0xE0, 0x07, 0xF4, 0xF0, 0x00, 0x00, 0x00, 0x2F, 0xCF, 0x40, 0x0F, 0xE7, 0xC0, 0x00, 0x00, 0x00,
    0x7F, 0xBC, 0x00, 0x3F, 0xFD, 0x00, 0x00, 0x00, 0x00, 0xFF, 0xE0, 0x00, 0x7F, 0xF0, 0x00, 0x00,
    0x00, 0x03, 0xFF, 0x00, 0x00, 0xFF, 0xC0, 0x00, 0x00, 0x00, 0x0B, 0xFC, 0x00, 0x03, 0xFE, 0x00,
    0x00, 0x00, 0x00, 0x04, 0x00, 0x00, 0x00, 0x00, 0x00, 0x00, 0x00, 0x00, 0x00, 0x00, 0x00, 0x00,
    0x00, 0x00, 0x03, 0xF0, 0x0F, 0xC0, 0x00, 0x00, 0x00, 0xBF, 0x83, 0xFE, 0x00, 0x00, 0x00, 0x0F,
    0xF8, 0x3F, 0xE0, 0x00, 0x00, 0x00, 0x7F, 0x42, 0xFC, 0x00, 0x00, 0x00, 0x01, 0x40, 0x05, 0x00,
    0x00, 0x00, 0x00, 0x00, 0x00, 0x00, 0x00, 0x00, 0x00, 0x00, 0x00, 0x00, 0x00, 0x00, 0x01, 0x40,
    0x00, 0x00, 0x00, 0x14, 0x0B, 0xFF, 0x40, 0x07, 0xE0, 0x07, 0xF4, 0xBF, 0xFC, 0x00, 0xBF, 0x00,
    0xFF, 0xC0, 0x3F, 0xC0, 0x07, 0xF0, 0x0B, 0xFC, 0x02, 0xFC, 0x00, 0x7F, 0x00, 0x0F, 0xC0, 0x2F,
    0xC0, 0x07, 0xF0, 0x00, 0x7C, 0x03, 0xFC, 0x00, 0x7F, 0x00, 0x07, 0xC0, 0x3F, 0x80, 0x07, 0xF0,
    0x00, 0xBC, 0x03, 0xF8, 0x00, 0x7F, 0x00, 0x0B, 0xC0, 0x3F, 0x80, 0x0B, 0xE0, 0x00, 0xF8, 0x03,
    0xF8, 0x00, 0xBE, 0x00, 0x0F, 0x40, 0x3F, 0x40, 0x0F, 0xD0, 0x02, 0xF0, 0x03, 0xF4, 0x00, 0xFD,
    0x00, 0x3E, 0x00, 0x3F, 0x40, 0x2F, 0xD0, 0x07, 0xC0, 0x03, 0xF8, 0x03, 0xFD, 0x00, 0xF8, 0x00,
    0x3F, 0xC0, 0xFB, 0xF0, 0x7F, 0x00, 0x01, 0xFF, 0xFF, 0x3F, 0xFF, 0xC0, 0x00, 0x0B, 0xFF, 0x80,
    0xFF, 0xE0, 0x00, 0x00, 0x05, 0x40, 0x01, 0x50, 0x00, 0x00, 0x00, 0x00, 0x01, 0x90, 0x00, 0x00,
    0x00, 0x00, 0x07, 0xF8, 0x00, 0x00, 0x00, 0x00, 0x0B, 0xFC, 0x00, 0x00, 0x00, 0x00, 0x0B, 0xFC,
    0x00, 0x00, 0x00, 0x00, 0x03, 0xF4, 0x00, 0x00, 0x00, 0x00, 0x00, 0x00, 0x00, 0x00, 0x00, 0x00,
    0x00, 0x00, 0x00, 0x00, 0x15, 0x55, 0x50, 0x00, 0x55, 0x54, 0x3F, 0xFF, 0xF0, 0x02, 0xFF, 0xFD,
    0x2F, 0xFF, 0x90, 0x01, 0xBF, 0xF8, 0x02, 0xFD, 0x00, 0x00, 0x0F, 0x40, 0x00, 0xFF, 0x00, 0x00,
    0x3E, 0x00, 0x00, 0x7F, 0x80, 0x00, 0x7C, 0x00, 0x00, 0x3F, 0xC0, 0x00, 0xF8, 0x00, 0x00, 0x1F,
    0xE0, 0x01, 0xF0, 0x00, 0x00, 0x0F, 0xF0, 0x03, 0xD0, 0x00, 0x00, 0x07, 0xF8, 0x0B, 0xC0, 0x00,
    0x00, 0x03, 0xFC, 0x0F, 0x00, 0x00, 0x00, 0x00, 0xFE, 0x3E, 0x00, 0x00, 0x00, 0x00, 0xBF, 0x7C,
    0x00, 0x00, 0x00, 0x00, 0x3F, 0xF4, 0x00, 0x00, 0x00, 0x00, 0x2F, 0xF0, 0x00, 0x00, 0x00, 0x00,
    0x0F, 0xD0, 0x00, 0x00, 0x00, 0x00, 0x1F, 0xD0, 0x00, 0x00, 0x00, 0x00, 0x1F, 0xD0, 0x00, 0x00,
    0x00, 0x00, 0x1F, 0xD0, 0x00, 0x00, 0x00, 0x00, 0x1F, 0xC0, 0x00, 0x00, 0x00, 0x00, 0x1F, 0xC0,
    0x00, 0x00, 0x00, 0x00, 0x2F, 0xC0, 0x00, 0x00, 0x00, 0x07, 0xFF, 0xFF, 0x00, 0x00, 0x00, 0x07,
    0xFF, 0xFF, 0x00, 0x00, 0x00, 0x00, 0x10, 0x00, 0x00, 0x00, 0x7F, 0x40, 0x00, 0x00, 0x3F, 0xF0,
    0x00, 0x00, 0x0F, 0xFC, 0x00, 0x00, 0x01, 0xFD, 0x00, 0x00, 0x00, 0x04, 0x00, 0x00, 0x00, 0x00,
    0x00, 0x00, 0x00, 0x00, 0x00, 0x00, 0x01, 0x40, 0x00, 0x14, 0x1F, 0xFD, 0x00, 0x2F, 0xDB, 0xFF,
    0xC0, 0x0F, 0xFC, 0x0B, 0xF0, 0x03, 0xFF, 0x02, 0xFC, 0x00, 0x1F, 0xC0, 0xBF, 0x00, 0x03, 0xE0,
    0x2F, 0xC0, 0x00, 0xF0, 0x0B, 0xF0, 0x00, 0xBC, 0x02, 0xFC, 0x00, 0x3D, 0x00, 0x7F, 0x00, 0x1F,
    0x00, 0x1F, 0xC0, 0x0F, 0x80, 0x03, 0xF4, 0x07, 0xC0, 0x00, 0xFE, 0x02, 0xE0, 0x00, 0x3F, 0xC0,
    0xF0, 0x00, 0x07, 0xF0, 0xBC, 0x00, 0x00, 0xFF, 0x7D, 0x00, 0x00, 0x1F, 0xFF, 0x00, 0x00, 0x01,
    0xFF, 0x40, 0x00, 0x00, 0x07, 0xC0, 0x00, 0x00, 0x02, 0xE0, 0x00, 0x00, 0x00, 0xF0, 0x00, 0x07,
    0x80, 0xB8, 0x00, 0x03, 0xF4, 0x7C, 0x00, 0x00, 0xFF, 0xFD, 0x00, 0x00, 0x2F, 0xFE, 0x00, 0x00,
    0x01, 0xA4, 0x00, 0x00, 0x00, 0x01, 0x55, 0x55, 0x55, 0x50, 0x2F, 0xFF, 0xFF, 0xFF, 0xF0, 0xBF,
    0xEA, 0xAA, 0xFF, 0xC3, 0xF4, 0x00, 0x03, 0xFC, 0x0F, 0x80, 0x00, 0x3F, 0xD0, 0x3D, 0x00, 0x01,
    0xFE, 0x00, 0xF0, 0x00, 0x0F, 0xF0, 0x00, 0x00, 0x00, 0xFF, 0x40, 0x00, 0x00, 0x0B, 0xF8, 0x00,
    0x00, 0x00, 0x7F, 0xC0, 0x00, 0x00, 0x03, 0xFD, 0x00, 0x00, 0x00, 0x2F, 0xE0, 0x00, 0x00, 0x01,
    0xFF, 0x00, 0x00, 0x00, 0x0F, 0xF0, 0x00, 0x00, 0x00, 0xBF, 0x80, 0x00, 0x00, 0x07, 0xFC, 0x00,
    0x00, 0x00, 0x3F, 0xC0, 0x00, 0x00, 0x03, 0xFD, 0x00, 0x01, 0xE0, 0x1F, 0xE0, 0x00, 0x0F, 0x40,
    0xFF, 0x00, 0x00, 0x3D, 0x0F, 0xF4, 0x00, 0x02, 0xF0, 0xBF, 0x80, 0x00, 0x6F, 0xC3, 0xFF, 0xFF,
    0xFF, 0xFF, 0x0F, 0xFF, 0xFF, 0xFF, 0xFC, 0x00, 0x00, 0x00, 0x00, 0x00, 0x00, 0x00, 0x00, 0x00,
    0x00, 0x00, 0x01, 0x00, 0x00, 0x00, 0x00, 0xBF, 0x00, 0x00, 0x00, 0x03, 0xFE, 0x00, 0x00, 0x00,
    0x0F, 0xF8, 0x00, 0x00, 0x00, 0x2F, 0xC0, 0x00, 0x00, 0x00, 0x14, 0x00, 0x00, 0x1F, 0xFF, 0xFF,
    0xF0, 0xBF, 0xFF, 0xFF, 0xD3, 0xFE, 0xAA, 0xFE, 0x0F, 0x80, 0x03, 0xF0, 0x3C, 0x00, 0x2F, 0x00,
    0xF0, 0x02, 0xF0, 0x00, 0x00, 0x1F, 0x40, 0x00, 0x00, 0xF8, 0x00, 0x00, 0x0F, 0x80, 0x00, 0x00,
    0xFC, 0x00, 0x00, 0x0B, 0xC0, 0x01, 0x00, 0x7C, 0x00, 0x3C, 0x07, 0xD0, 0x00, 0xF0, 0x3E, 0x00,
    0x0B, 0xC3, 0xFF, 0xFE, 0xBF, 0x1F, 0xFF, 0xFF, 0xF8, 0x3E, 0xBF, 0xFF, 0xD0, 0x00, 0x00, 0x14,
    0x00, 0x00, 0x00, 0x00, 0x00, 0x01, 0x00, 0x00, 0x00, 0x3F, 0x80, 0x00, 0x02, 0xFF, 0x00, 0x00,
    0x0B, 0xFC, 0x00, 0x00, 0x0F, 0xE0, 0x00, 0x00, 0x05, 0x00, 0x00, 0x00, 0x00, 0x00, 0x01, 0xF8,
    0x0B, 0xD0, 0x3F, 0xC1, 0xFF, 0x07, 0xFC, 0x1F, 0xF0, 0x3F, 0xC0, 0xFE, 0x00, 0x50, 0x01, 0x40,
    0x00, 0x00, 0x00, 0x00, 0x01, 0x50, 0x00, 0x00, 0x3E, 0x00, 0x00, 0x03, 0xE0, 0x00, 0x00, 0x7E,
    0x00, 0x00, 0x0B, 0xD0, 0x00, 0x00, 0xFD, 0x00, 0x02, 0xFF, 0xFF, 0xF4, 0x3F, 0xFF, 0xFF, 0x40,
    0x1F, 0xD0, 0x00, 0x01, 0xFC, 0x00, 0x00, 0x1F, 0xC0, 0x00, 0x01, 0xFC, 0x00, 0x00, 0x1F, 0xC0,
    0x00, 0x02, 0xFC, 0x00, 0x00, 0x2F, 0xC0, 0x00, 0x02, 0xFC, 0x00, 0x00, 0x2F, 0xC0, 0x00, 0x02,
    0xFC, 0x00, 0x00, 0x3F, 0xC0, 0x00, 0x02, 0xFC, 0x00, 0x40, 0x2F, 0xD0, 0xBC, 0x00, 0xFF, 0xFF,
    0x40, 0x07, 0xFF, 0xD0, 0x00, 0x05, 0x40, 0x00, 0x00, 0x00, 0x1A, 0xFE, 0x90, 0x00, 0x00, 0x02,
    0xFF, 0xFF, 0xFE, 0x00, 0x00, 0x0F, 0xFE, 0x56, 0xFF, 0xC0, 0x00, 0x3F, 0xD0, 0x00, 0x3F, 0x80,
    0x00, 0x7F, 0x40, 0x00, 0x7F, 0x00, 0x00, 0xFF, 0x00, 0x00, 0xFD, 0x00, 0x00, 0xFE, 0x00, 0x02,
    0xF8, 0x00, 0x00, 0xFD, 0x00, 0x07, 0xF0, 0x00, 0x01, 0xFD, 0x00, 0x0F, 0xD0, 0x00, 0x01, 0xFD,
    0x00, 0x2F, 0xC0, 0x00, 0x01, 0xFD, 0x00, 0x3F, 0x40, 0x00, 0x01, 0xFC, 0x00, 0xBF, 0xFE, 0x00,
    0x01, 0xFC, 0x00, 0x26, 0xBF, 0xD0, 0x01, 0xFC, 0x00, 0x00, 0x0F, 0xF4, 0x02, 0xFC, 0x00, 0x00,
    0x07, 0xFC, 0x02, 0xFC, 0x00, 0x00, 0x03, 0xFC, 0x02, 0xFC, 0x00, 0x00, 0x03, 0xFC, 0x02, 0xFC,
    0x00, 0x00, 0x03, 0xFC, 0x02, 0xFC, 0x0A, 0x80, 0x03, 0xFC, 0x02, 0xFC, 0x2F, 0xD0, 0x03, 0xF8,
    0x03, 0xFC, 0x3F, 0xC0, 0x0B, 0xF0, 0x03, 0xFC, 0x3F, 0x80, 0x1F, 0xE0, 0xBF, 0xF8, 0x1F, 0xEA,
    0xFF, 0x80, 0xFF, 0xF8, 0x07, 0xFF, 0xFD, 0x00, 0x00, 0x00, 0x00, 0x15, 0x40, 0x00, 0x00, 0x00,
    0x00, 0x54, 0x00, 0x00, 0x00, 0x00, 0x0B, 0xFC, 0x00, 0x00, 0x00, 0x00, 0x0F, 0xFD, 0x00, 0x00,
    0x00, 0x00, 0x0F, 0xFE, 0x00, 0x00, 0x00, 0x00, 0x2E, 0xFF, 0x00, 0x00, 0x00, 0x00, 0x3C, 0xBF,
    0x00, 0x00, 0x00, 0x00, 0x7C, 0x7F, 0x40, 0x00, 0x00, 0x00, 0xB4, 0x3F, 0x80, 0x00, 0x00, 0x00,
    0xF0, 0x3F, 0xC0, 0x00, 0x00, 0x01, 0xF0, 0x2F, 0xD0, 0x00, 0x00, 0x03, 0xD0, 0x1F, 0xE0, 0x00,
    0x00, 0x03, 0xC0, 0x0F, 0xF0, 0x00, 0x00, 0x0B, 0xC0, 0x0F, 0xF0, 0x00, 0x00, 0x0F, 0x40, 0x0B,
    0xF4, 0x00, 0x00, 0x0F, 0xAA, 0xAF, 0xF8, 0x00, 0x00, 0x2F, 0xFF, 0xFF, 0xFC, 0x00, 0x00, 0x3E,
    0x55, 0x57, 0xFC, 0x00, 0x00, 0x7C, 0x00, 0x01, 0xFE, 0x00, 0x00, 0xB8, 0x00, 0x00, 0xFF, 0x00,
    0x00, 0xF4, 0x00, 0x00, 0xFF, 0x00, 0x01, 0xF0, 0x00, 0x00, 0xBF, 0x40, 0x03, 0xE0, 0x00, 0x00,
    0xBF, 0x80, 0x7F, 0xFF, 0x40, 0x0F, 0xFF, 0xFD, 0xBF, 0xFF, 0x40, 0x0F, 0xFF, 0xFD, 0x00, 0x00,
    0x00, 0x00, 0x00, 0x00, 0x00, 0x00, 0x00, 0x00, 0x00, 0x00, 0x00, 0x00, 0x05, 0x00, 0x00, 0x00,
    0x00, 0x00, 0x3F, 0xC0, 0x00, 0x00, 0x00, 0x00, 0x7F, 0xD0, 0x00, 0x00, 0x00, 0x00, 0x7F, 0xD0,
    0x00, 0x00, 0x00, 0x00, 0x3F, 0xC0, 0x00, 0x00, 0x00, 0x00, 0x05, 0x00, 0x00, 0x00, 0x00, 0x01,
    0x50, 0x00, 0x00, 0x00, 0xFF, 0xFE, 0xFC, 0x00, 0x1F, 0xFE, 0xFF, 0xE0, 0x00, 0xFE, 0x00, 0x3F,
    0x80, 0x0F, 0xF0, 0x00, 0xFE, 0x00, 0x7F, 0x40, 0x07, 0xF8, 0x02, 0xFC, 0x00, 0x2F, 0xE0, 0x0F,
    0xE0, 0x00, 0xFF, 0x80, 0x7F, 0x40, 0x03, 0xFE, 0x01, 0xFD, 0x00, 0x1E, 0xF4, 0x07, 0xF0, 0x00,
    0xF7, 0xD0, 0x1F, 0xC0, 0x03, 0xAF, 0x40, 0x7F, 0x00, 0x1D, 0xBD, 0x01, 0xFD, 0x00, 0xF3, 0xF4,
    0x03, 0xF8, 0x03, 0x8F, 0xD0, 0x0B, 0xF4, 0x3D, 0x3F, 0x44, 0x0F, 0xFF, 0xE0, 0xFF, 0xF4, 0x1F,
    0xFE, 0x01, 0xFF, 0x80, 0x05, 0x40, 0x00, 0x50, 0x00, 0x00, 0x00, 0x00, 0x00, 0x00, 0x00, 0x40,
    0x00, 0x00, 0x00, 0x1F, 0xD0, 0x00, 0x00, 0x00, 0xFF, 0xC0, 0x00, 0x00, 0x03, 0xFF, 0x00, 0x00,
    0x00, 0x07, 0xF4, 0x00, 0x00, 0x00, 0x01, 0x00, 0x00, 0x00, 0x00, 0x00, 0x00, 0x50, 0x00, 0x00,
    0x00, 0x00, 0x1F, 0xFF, 0x00, 0x00, 0x00, 0x00, 0x3D, 0x1F, 0xC0, 0x00, 0x00, 0x00, 0x7D, 0x0F,
    0xC0, 0x00, 0x00, 0x00, 0x3C, 0x1F, 0xC0, 0x00, 0x00, 0x00, 0x00, 0xBF, 0x00, 0x00, 0x00, 0x00,
    0x01, 0xFC, 0x00, 0x00, 0x00, 0x00, 0x02, 0xF0, 0x00, 0x00, 0x00, 0x00, 0x00, 0x00, 0x00, 0x00,
    0x00, 0x00, 0x00, 0x54, 0x00, 0x00, 0x00, 0x00, 0x0B, 0xFC, 0x00, 0x00, 0x00, 0x00, 0x0F, 0xFD,
    0x00, 0x00, 0x00, 0x00, 0x0F, 0xFE, 0x00, 0x00, 0x00, 0x00, 0x2E, 0xFF, 0x00, 0x00, 0x00, 0x00,
    0x3C, 0xBF, 0x00, 0x00, 0x00, 0x00, 0x7C, 0x7F, 0x40, 0x00, 0x00, 0x00, 0xB4, 0x3F, 0x80, 0x00,
    0x00, 0x00, 0xF0, 0x3F, 0xC0, 0x00, 0x00, 0x01, 0xF0, 0x2F, 0xD0, 0x00, 0x00, 0x03, 0xD0, 0x1F,
    0xE0, 0x00, 0x00, 0x03, 0xC0, 0x0F, 0xF0, 0x00, 0x00, 0x0B, 0xC0, 0x0F, 0xF0, 0x00, 0x00, 0x0F,
    0x40, 0x0B, 0xF4, 0x00, 0x00, 0x0F, 0xAA, 0xAF, 0xF8, 0x00, 0x00, 0x2F, 0xFF, 0xFF, 0xFC, 0x00,
    0x00, 0x3E, 0x55, 0x57, 0xFC, 0x00, 0x00, 0x7C, 0x00, 0x01, 0xFE, 0x00, 0x00, 0xB8, 0x00, 0x00,
    0xFF, 0x00, 0x00, 0xF4, 0x00, 0x00, 0xFF, 0x00, 0x01, 0xF0, 0x00, 0x00, 0xBF, 0x40, 0x03, 0xE0,
    0x00, 0x00, 0xBF, 0x80, 0x7F, 0xFF, 0x40, 0x0F, 0xFF, 0xFD, 0xBF, 0xFF, 0x40, 0x0F, 0xFF, 0xFD,
    0x00, 0x00, 0x00, 0x00, 0x00, 0x00, 0x2F, 0xFD, 0x00, 0x00, 0x02, 0xF5, 0xFC, 0x00, 0x00, 0x0F,
    0x82, 0xF4, 0x00, 0x00, 0x3E, 0x0F, 0xD0, 0x00, 0x00, 0x00, 0xFE, 0x00, 0x00, 0x00, 0x0F, 0xE0,
    0x00, 0x00, 0x00, 0x3E, 0x00, 0x00, 0x00, 0x00, 0xF4, 0x00, 0x00, 0x00, 0x00, 0x00, 0x00, 0x00,
    0x00, 0x15, 0x00, 0x00, 0x00, 0x0F, 0xFF, 0xEF, 0xC0, 0x01, 0xFF, 0xEF, 0xFE, 0x00, 0x0F, 0xE0,
    0x03, 0xF8, 0x00, 0xFF, 0x00, 0x0F, 0xE0, 0x07, 0xF4, 0x00, 0x7F, 0x80, 0x2F, 0xC0, 0x02, 0xFE,
    0x00, 0xFE, 0x00, 0x0F, 0xF8, 0x07, 0xF4, 0x00, 0x3F, 0xE0, 0x1F, 0xD0, 0x01, 0xEF, 0x40, 0x7F,
    0x00, 0x0F, 0x7D, 0x01, 0xFC, 0x00, 0x3A, 0xF4, 0x07, 0xF0, 0x01, 0xDB, 0xD0, 0x1F, 0xD0, 0x0F,
    0x3F, 0x40, 0x3F, 0x80, 0x38, 0xFD, 0x00, 0xBF, 0x43, 0xD3, 0xF4, 0x40, 0xFF, 0xFE, 0x0F, 0xFF,
    0x41, 0xFF, 0xE0, 0x1F, 0xF8, 0x00, 0x54, 0x00, 0x05, 0x00, 0x00, 0x00, 0x00, 0x0B, 0x80, 0x00,
    0x00, 0x00, 0x00, 0x2F, 0xC0, 0x00, 0x00, 0x00, 0x00, 0xBF, 0xC0, 0x00, 0x00, 0x00, 0x03, 0xFE,
    0x00, 0x00, 0x00, 0x00, 0x0F, 0xD0, 0x00, 0x00, 0x00, 0x00, 0x0D, 0x00, 0x00, 0x00, 0x00, 0x00,
    0x00, 0x00, 0x00, 0x00, 0x00, 0x00, 0x01, 0xF4, 0x00, 0x00, 0x00, 0x00, 0x07, 0xFD, 0x00, 0x00,
    0x00, 0x00, 0x1F, 0xFF, 0x00, 0x00, 0x00, 0x00, 0x7F, 0x6F, 0xC0, 0x00, 0x00, 0x00, 0xF8, 0x03,
    0xF0, 0x00, 0x00, 0x01, 0xC0, 0x00, 0x70, 0x00, 0x00, 0x00, 0x00, 0x00, 0x00, 0x00, 0x00, 0x00,
    0x00, 0x54, 0x00, 0x00, 0x00, 0x00, 0x0B, 0xFC, 0x00, 0x00, 0x00, 0x00, 0x0F, 0xFD, 0x00, 0x00,
    0x00, 0x00, 0x0F, 0xFE, 0x00, 0x00, 0x00, 0x00, 0x2E, 0xFF, 0x00, 0x00, 0x00, 0x00, 0x3C, 0xBF,
    0x00, 0x00, 0x00, 0x00, 0x7C, 0x7F, 0x40, 0x00, 0x00, 0x00, 0xB4, 0x3F, 0x80, 0x00, 0x00, 0x00,
    0xF0, 0x3F, 0xC0, 0x00, 0x00, 0x01, 0xF0, 0x2F, 0xD0, 0x00, 0x00, 0x03, 0xD0, 0x1F, 0xE0, 0x00,
    0x00, 0x03, 0xC0, 0x0F, 0xF0, 0x00, 0x00, 0x0B, 0xC0, 0x0F, 0xF0, 0x00, 0x00, 0x0F, 0x40, 0x0B,
    0xF4, 0x00, 0x00, 0x0F, 0xAA, 0xAF, 0xF8, 0x00, 0x00, 0x2F, 0xFF, 0xFF, 0xFC, 0x00, 0x00, 0x3E,
    0x55, 0x57, 0xFC, 0x00, 0x00, 0x7C, 0x00, 0x01, 0xFE, 0x00, 0x00, 0xB8, 0x00, 0x00, 0xFF, 0x00,
    0x00, 0xF4, 0x00, 0x00, 0xFF, 0x00, 0x01, 0xF0, 0x00, 0x00, 0xBF, 0x40, 0x03, 0xE0, 0x00, 0x00,
    0xBF, 0x80, 0x7F, 0xFF, 0x40, 0x0F, 0xFF, 0xFD, 0xBF, 0xFF, 0x40, 0x0F, 0xFF, 0xFD, 0x00, 0x00,
    0x07, 0x80, 0x00, 0x00, 0x00, 0xBF, 0x00, 0x00, 0x00, 0x0B, 0xFC, 0x00, 0x00, 0x00, 0xBF, 0x80,
    0x00, 0x00, 0x0F, 0xE0, 0x00, 0x00, 0x00, 0x34, 0x00, 0x00, 0x00, 0x00, 0x00, 0x00, 0x00, 0x00,
    0x00, 0x3E, 0x00, 0x00, 0x00, 0x03, 0xFD, 0x00, 0x00, 0x00, 0x2F, 0xFC, 0x00, 0x00, 0x01, 0xFE,
    0xFC, 0x00, 0x00, 0x0F, 0x81, 0xF8, 0x00, 0x00, 0xF4, 0x00, 0xF4, 0x00, 0x01, 0x00, 0x00, 0x40,
    0x00, 0x00, 0x00, 0x00, 0x00, 0x00, 0x00, 0x54, 0x00, 0x00, 0x00, 0x3F, 0xFF, 0xBF, 0x00, 0x07,
    0xFF, 0xBF, 0xF8, 0x00, 0x3F, 0x80, 0x0F, 0xE0, 0x03, 0xFC, 0x00, 0x3F, 0x80, 0x1F, 0xD0, 0x01,
    0xFE, 0x00, 0xBF, 0x00, 0x0B, 0xF8, 0x03, 0xF8, 0x00, 0x3F, 0xE0, 0x1F, 0xD0, 0x00, 0xFF, 0x80,
    0x7F, 0x40, 0x07, 0xBD, 0x01, 0xFC, 0x00, 0x3D, 0xF4, 0x07, 0xF0, 0x00, 0xEB, 0xD0, 0x1F, 0xC0,
    0x07, 0x6F, 0x40, 0x7F, 0x40, 0x3C, 0xFD, 0x00, 0xFE, 0x00, 0xE3, 0xF4, 0x02, 0xFD, 0x0F, 0x4F,
    0xD1, 0x03, 0xFF, 0xF8, 0x3F, 0xFD, 0x07, 0xFF, 0x80, 0x7F, 0xE0, 0x01, 0x50, 0x00, 0x14, 0x00,
    0x00, 0x00, 0x0A, 0x00, 0x00, 0x00, 0x00, 0x00, 0x2F, 0xC0, 0x00, 0x00, 0x00, 0x00, 0x2F, 0xF0,
    0x00, 0x00, 0x00, 0x00, 0x0B, 0xFC, 0x00, 0x00, 0x00, 0x00, 0x00, 0x7F, 0x40, 0x00, 0x00, 0x00,
    0x00, 0x07, 0x40, 0x00, 0x00, 0x00, 0x00, 0x00, 0x00, 0x00, 0x00, 0x00, 0x01, 0xF4, 0x00, 0x00,
    0x00, 0x00, 0x07, 0xFD, 0x00, 0x00, 0x00, 0x00, 0x1F, 0xFF, 0x00, 0x00, 0x00, 0x00, 0x7F, 0x6F,
    0xC0, 0x00, 0x00, 0x00, 0xF8, 0x03, 0xF0, 0x00, 0x00, 0x01, 0xC0, 0x00, 0x70, 0x00, 0x00, 0x00,
    0x00, 0x00, 0x00, 0x00, 0x00, 0x00, 0x00, 0x54, 0x00, 0x00, 0x00, 0x00, 0x0B, 0xFC, 0x00, 0x00,
    0x00, 0x00, 0x0F, 0xFD, 0x00, 0x00, 0x00, 0x00, 0x0F, 0xFE, 0x00, 0x00, 0x00, 0x00, 0x2E, 0xFF,
    0x00, 0x00, 0x00, 0x00, 0x3C, 0xBF, 0x00, 0x00, 0x00, 0x00, 0x7C, 0x7F, 0x40, 0x00, 0x00, 0x00,
    0xB4, 0x3F, 0x80, 0x00, 0x00, 0x00, 0xF0, 0x3F, 0xC0, 0x00, 0x00, 0x01, 0xF0, 0x2F, 0xD0, 0x00,
    0x00, 0x03, 0xD0, 0x1F, 0xE0, 0x00, 0x00, 0x03, 0xC0, 0x0F, 0xF0, 0x00, 0x00, 0x0B, 0xC0, 0x0F,
    0xF0, 0x00, 0x00, 0x0F, 0x40, 0x0B, 0xF4, 0x00, 0x00, 0x0F, 0xAA, 0xAF, 0xF8, 0x00, 0x00, 0x2F,
    0xFF, 0xFF, 0xFC, 0x00, 0x00, 0x3E, 0x55, 0x57, 0xFC, 0x00, 0x00, 0x7C, 0x00, 0x01, 0xFE, 0x00,
    0x00, 0xB8, 0x00, 0x00, 0xFF, 0x00, 0x00, 0xF4, 0x00, 0x00, 0xFF, 0x00, 0x01, 0xF0, 0x00, 0x00,
    0xBF, 0x40, 0x03, 0xE0, 0x00, 0x00, 0xBF, 0x80, 0x7F, 0xFF, 0x40, 0x0F, 0xFF, 0xFD, 0xBF, 0xFF,
    0x40, 0x0F, 0xFF, 0xFD, 0x00, 0x07, 0x40, 0x00, 0x00, 0x00, 0x3F, 0x40, 0x00, 0x00, 0x00, 0xFF,
    0x80, 0x00, 0x00, 0x00, 0xFF, 0x80, 0x00, 0x00, 0x00, 0x2F, 0xC0, 0x00, 0x00, 0x00, 0x0B, 0x00,
    0x00, 0x00, 0x00, 0x00, 0x00, 0x00, 0x00, 0x3E, 0x00, 0x00, 0x00, 0x03, 0xFD, 0x00, 0x00, 0x00,
    0x2F, 0xFC, 0x00, 0x00, 0x01, 0xFE, 0xFC, 0x00, 0x00, 0x0F, 0x81, 0xF8, 0x00, 0x00, 0xF4, 0x00,
    0xF4, 0x00, 0x01, 0x00, 0x00, 0x40, 0x00, 0x00, 0x00, 0x00, 0x00, 0x00, 0x00, 0x54, 0x00, 0x00,
    0x00, 0x3F, 0xFF, 0xBF, 0x00, 0x07, 0xFF, 0xBF, 0xF8, 0x00, 0x3F, 0x80, 0x0F, 0xE0, 0x03, 0xFC,
    0x00, 0x3F, 0x80, 0x1F, 0xD0, 0x01, 0xFE, 0x00, 0xBF, 0x00, 0x0B, 0xF8, 0x03, 0xF8, 0x00, 0x3F,
    0xE0, 0x1F, 0xD0, 0x00, 0xFF, 0x80, 0x7F, 0x40, 0x07, 0xBD, 0x01, 0xFC, 0x00, 0x3D, 0xF4, 0x07,
    0xF0, 0x00, 0xEB, 0xD0, 0x1F, 0xC0, 0x07, 0x6F, 0x40, 0x7F, 0x40, 0x3C, 0xFD, 0x00, 0xFE, 0x00,
    0xE3, 0xF4, 0x02, 0xFD, 0x0F, 0x4F, 0xD1, 0x03, 0xFF, 0xF8, 0x3F, 0xFD, 0x07, 0xFF, 0x80, 0x7F,
    0xE0, 0x01, 0x50, 0x00, 0x14, 0x00, 0x00, 0x00, 0x00, 0x00, 0x15, 0x00, 0x00, 0x00, 0x00, 0x02,
    0xFF, 0xE0, 0x00, 0x00, 0x00, 0x0B, 0x87, 0xF4, 0x00, 0x00, 0x00, 0x0F, 0xC2, 0xF4, 0x00, 0x00,
    0x00, 0x0B, 0x43, 0xF4, 0x00, 0x00, 0x00, 0x00, 0x1F, 0xE0, 0x00, 0x00, 0x00, 0x00, 0x3F, 0x40,
    0x00, 0x00, 0x01, 0xF4, 0x3E, 0x00, 0x00, 0x00, 0x07, 0xFD, 0x00, 0x00, 0x00, 0x00, 0x1F, 0xFF,
    0x00, 0x00, 0x00, 0x00, 0x7F, 0x6F, 0xC0, 0x00, 0x00, 0x00, 0xF8, 0x03, 0xF0, 0x00, 0x00, 0x01,
    0xC0, 0x00, 0x70, 0x00, 0x00, 0x00, 0x00, 0x00, 0x00, 0x00, 0x00, 0x00, 0x00, 0x54, 0x00, 0x00,
    0x00, 0x00, 0x0B, 0xFC, 0x00, 0x00, 0x00, 0x00, 0x0F, 0xFD, 0x00, 0x00, 0x00, 0x00, 0x0F, 0xFE,
    0x00, 0x00, 0x00, 0x00, 0x2E, 0xFF, 0x00, 0x00, 0x00, 0x00, 0x3C, 0xBF, 0x00, 0x00, 0x00, 0x00,
    0x7C, 0x7F, 0x40, 0x00, 0x00, 0x00, 0xB4, 0x3F, 0x80, 0x00, 0x00, 0x00, 0xF0, 0x3F, 0xC0, 0x00,
    0x00, 0x01, 0xF0, 0x2F, 0xD0, 0x00, 0x00, 0x03, 0xD0, 0x1F, 0xE0, 0x00, 0x00, 0x03, 0xC0, 0x0F,
    0xF0, 0x00, 0x00, 0x0B, 0xC0, 0x0F, 0xF0, 0x00, 0x00, 0x0F, 0x40, 0x0B, 0xF4, 0x00, 0x00, 0x0F,
    0xAA, 0xAF, 0xF8, 0x00, 0x00, 0x2F, 0xFF, 0xFF, 0xFC, 0x00, 0x00, 0x3E, 0x55, 0x57, 0xFC, 0x00,
    0x00, 0x7C, 0x00, 0x01, 0xFE, 0x00, 0x00, 0xB8, 0x00, 0x00, 0xFF, 0x00, 0x00, 0xF4, 0x00, 0x00,
    0xFF, 0x00, 0x01, 0xF0, 0x00, 0x00, 0xBF, 0x40, 0x03, 0xE0, 0x00, 0x00, 0xBF, 0x80, 0x7F, 0xFF,
    0x40, 0x0F, 0xFF, 0xFD, 0xBF, 0xFF, 0x40, 0x0F, 0xFF, 0xFD, 0x00, 0x00, 0x00, 0x15, 0x00, 0x00,
    0x00, 0x0B, 0xFF, 0x80, 0x00, 0x00, 0x7D, 0x2F, 0x80, 0x00, 0x02, 0xF0, 0x3F, 0x00, 0x00, 0x07,
    0x82, 0xF8, 0x00, 0x00, 0x00, 0x3F, 0xC0, 0x00, 0x00, 0x02, 0xF8, 0x00, 0x00, 0x3E, 0x0F, 0xC0,
    0x00, 0x03, 0xFD, 0x00, 0x00, 0x00, 0x2F, 0xFC, 0x00, 0x00, 0x01, 0xFE, 0xFC, 0x00, 0x00, 0x0F,
    0x81, 0xF8, 0x00, 0x00, 0xF4, 0x00, 0xF4, 0x00, 0x01, 0x00, 0x00, 0x40, 0x00, 0x00, 0x00, 0x00,
    0x00, 0x00, 0x00, 0x54, 0x00, 0x00, 0x00, 0x3F, 0xFF, 0xBF, 0x00, 0x07, 0xFF, 0xBF, 0xF8, 0x00,
    0x3F, 0x80, 0x0F, 0xE0, 0x03, 0xFC, 0x00, 0x3F, 0x80, 0x1F, 0xD0, 0x01, 0xFE, 0x00, 0xBF, 0x00,
    0x0B, 0xF8, 0x03, 0xF8, 0x00, 0x3F, 0xE0, 0x1F, 0xD0, 0x00, 0xFF, 0x80, 0x7F, 0x40, 0x07, 0xBD,
    0x01, 0xFC, 0x00, 0x3D, 0xF4, 0x07, 0xF0, 0x00, 0xEB, 0xD0, 0x1F, 0xC0, 0x07, 0x6F, 0x40, 0x7F,
    0x40, 0x3C, 0xFD, 0x00, 0xFE, 0x00, 0xE3, 0xF4, 0x02, 0xFD, 0x0F, 0x4F, 0xD1, 0x03, 0xFF, 0xF8,
    0x3F, 0xFD, 0x07, 0xFF, 0x80, 0x7F, 0xE0, 0x01, 0x50, 0x00, 0x14, 0x00, 0x00, 0x00, 0x00, 0x00,
    0x00, 0x00, 0x00, 0x00, 0x2F, 0xE0, 0x08, 0x00, 0x00, 0x00, 0x7F, 0xFE, 0xBC, 0x00, 0x00, 0x00,
    0xF7, 0xFF, 0xF4, 0x00, 0x00, 0x00, 0x40, 0x2F, 0xE0, 0x00, 0x00, 0x00, 0x00, 0x00, 0x00, 0x00,
    0x00, 0x00, 0x01, 0xF4, 0x00, 0x00, 0x00, 0x00, 0x07, 0xFD, 0x00, 0x00, 0x00, 0x00, 0x1F, 0xFF,
    0x00, 0x00, 0x00, 0x00, 0x7F, 0x6F, 0xC0, 0x00, 0x00, 0x00, 0xF8, 0x03, 0xF0, 0x00, 0x00, 0x01,
    0xC0, 0x00, 0x70, 0x00, 0x00, 0x00, 0x00, 0x00, 0x00, 0x00, 0x00, 0x00, 0x00, 0x54, 0x00, 0x00,
    0x00, 0x00, 0x0B, 0xFC, 0x00, 0x00, 0x00, 0x00, 0x0F, 0xFD, 0x00, 0x00, 0x00, 0x00, 0x0F, 0xFE,
    0x00, 0x00, 0x00, 0x00, 0x2E, 0xFF, 0x00, 0x00, 0x00, 0x00, 0x3C, 0xBF, 0x00, 0x00, 0x00, 0x00,
    0x7C, 0x7F, 0x40, 0x00, 0x00, 0x00, 0xB4, 0x3F, 0x80, 0x00, 0x00, 0x00, 0xF0, 0x3F, 0xC0, 0x00,
    0x00, 0x01, 0xF0, 0x2F, 0xD0, 0x00, 0x00, 0x03, 0xD0, 0x1F, 0xE0, 0x00, 0x00, 0x03, 0xC0, 0x0F,
    0xF0, 0x00, 0x00, 0x0B, 0xC0, 0x0F, 0xF0, 0x00, 0x00, 0x0F, 0x40, 0x0B, 0xF4, 0x00, 0x00, 0x0F,
    0xAA, 0xAF, 0xF8, 0x00, 0x00, 0x2F, 0xFF, 0xFF, 0xFC, 0x00, 0x00, 0x3E, 0x55, 0x57, 0xFC, 0x00,
    0x00, 0x7C, 0x00, 0x01, 0xFE, 0x00, 0x00, 0xB8, 0x00, 0x00, 0xFF, 0x00, 0x00, 0xF4, 0x00, 0x00,
    0xFF, 0x00, 0x01, 0xF0, 0x00, 0x00, 0xBF, 0x40, 0x03, 0xE0, 0x00, 0x00, 0xBF, 0x80, 0x7F, 0xFF,
    0x40, 0x0F, 0xFF, 0xFD, 0xBF, 0xFF, 0x40, 0x0F, 0xFF, 0xFD, 0x00, 0x00, 0x00, 0x00, 0x00, 0x00,
    0x7F, 0x80, 0x20, 0x00, 0x03, 0xFF, 0xFB, 0xC0, 0x00, 0x2E, 0xBF, 0xFE, 0x00, 0x00, 0x50, 0x2F,
    0xF0, 0x00, 0x00, 0x00, 0x00, 0x00, 0x00, 0x00, 0x0F, 0x80, 0x00, 0x00, 0x00, 0xFF, 0x40, 0x00,
    0x00, 0x0B, 0xFF, 0x00, 0x00, 0x00, 0x7F, 0xBF, 0x00, 0x00, 0x03, 0xE0, 0x7E, 0x00, 0x00, 0x3D,
    0x00, 0x3D, 0x00, 0x00, 0x40, 0x00, 0x10, 0x00, 0x00, 0x00, 0x00, 0x00, 0x00, 0x00, 0x15, 0x00,
    0x00, 0x00, 0x0F, 0xFF, 0xEF, 0xC0, 0x01, 0xFF, 0xEF, 0xFE, 0x00, 0x0F, 0xE0, 0x03, 0xF8, 0x00,
    0xFF, 0x00, 0x0F, 0xE0, 0x07, 0xF4, 0x00, 0x7F, 0x80, 0x2F, 0xC0, 0x02, 0xFE, 0x00, 0xFE, 0x00,
    0x0F, 0xF8, 0x07, 0xF4, 0x00, 0x3F, 0xE0, 0x1F, 0xD0, 0x01, 0xEF, 0x40, 0x7F, 0x00, 0x0F, 0x7D,
    0x01, 0xFC, 0x00, 0x3A, 0xF4, 0x07, 0xF0, 0x01, 0xDB, 0xD0, 0x1F, 0xD0, 0x0F, 0x3F, 0x40, 0x3F,
    0x80, 0x38, 0xFD, 0x00, 0xBF, 0x43, 0xD3, 0xF4, 0x40, 0xFF, 0xFE, 0x0F, 0xFF, 0x41, 0xFF, 0xE0,
    0x1F, 0xF8, 0x00, 0x54, 0x00, 0x05, 0x00, 0x00, 0x00, 0x00, 0x00, 0x00, 0x00, 0x00, 0x00, 0x01,
    0xF4, 0x00, 0x00, 0x00, 0x00, 0x07, 0xFD, 0x00, 0x00, 0x00, 0x00, 0x1F, 0xFF, 0x00, 0x00, 0x00,
    0x00, 0x7F, 0x6F, 0xC0, 0x00, 0x00, 0x00, 0xF8, 0x03, 0xF0, 0x00, 0x00, 0x01, 0xC0, 0x00, 0x70,
    0x00, 0x00, 0x00, 0x00, 0x00, 0x00, 0x00, 0x00, 0x00, 0x00, 0x54, 0x00, 0x00, 0x00, 0x00, 0x0B,
    0xFC, 0x00, 0x00, 0x00, 0x00, 0x0F, 0xFD, 0x00, 0x00, 0x00, 0x00, 0x0F, 0xFE, 0x00, 0x00, 0x00,
    0x00, 0x2E, 0xFF, 0x00, 0x00, 0x00, 0x00, 0x3C, 0xBF, 0x00, 0x00, 0x00, 0x00, 0x7C, 0x7F, 0x40,
    0x00, 0x00, 0x00, 0xB4, 0x3F, 0x80, 0x00, 0x00, 0x00, 0xF0, 0x3F, 0xC0, 0x00, 0x00, 0x01, 0xF0,
    0x2F, 0xD0, 0x00, 0x00, 0x03, 0xD0, 0x1F, 0xE0, 0x00, 0x00, 0x03, 0xC0, 0x0F, 0xF0, 0x00, 0x00,
    0x0B, 0xC0, 0x0F, 0xF0, 0x00, 0x00, 0x0F, 0x40, 0x0B, 0xF4, 0x00, 0x00, 0x0F, 0xAA, 0xAF, 0xF8,
    0x00, 0x00, 0x2F, 0xFF, 0xFF, 0xFC, 0x00, 0x00, 0x3E, 0x55, 0x57, 0xFC, 0x00, 0x00, 0x7C, 0x00,
    0x01, 0xFE, 0x00, 0x00, 0xB8, 0x00, 0x00, 0xFF, 0x00, 0x00, 0xF4, 0x00, 0x00, 0xFF, 0x00, 0x01,
    0xF0, 0x00, 0x00, 0xBF, 0x40, 0x03, 0xE0, 0x00, 0x00, 0xBF, 0x80, 0x7F, 0xFF, 0x40, 0x0F, 0xFF,
    0xFD, 0xBF, 0xFF, 0x40, 0x0F, 0xFF, 0xFD, 0x00, 0x00, 0x00, 0x00, 0x00, 0x00, 0x00, 0x00, 0x00,
    0x00, 0x00, 0x00, 0x00, 0x00, 0x05, 0x00, 0x00, 0x00, 0x00, 0x00, 0x3F, 0xC0, 0x00, 0x00, 0x00,
    0x00, 0x7F, 0xD0, 0x00, 0x00, 0x00, 0x00, 0x7F, 0xD0, 0x00, 0x00, 0x00, 0x00, 0x3F, 0xC0, 0x00,
    0x00, 0x00, 0x00, 0x05, 0x00, 0x00, 0x00, 0x00, 0x00, 0x00, 0x00, 0x00, 0x00, 0x03, 0xE0, 0x00,
    0x00, 0x00, 0x3F, 0xD0, 0x00, 0x00, 0x02, 0xFF, 0xC0, 0x00, 0x00, 0x1F, 0xEF, 0xC0, 0x00, 0x00,
    0xF8, 0x1F, 0x80, 0x00, 0x0F, 0x40, 0x0F, 0x40, 0x00, 0x10, 0x00, 0x04, 0x00, 0x00, 0x00, 0x00,
    0x00, 0x00, 0x00, 0x05, 0x40, 0x00, 0x00, 0x03, 0xFF, 0xFB, 0xF0, 0x00, 0x7F, 0xFB, 0xFF, 0x80,
    0x03, 0xF8, 0x00, 0xFE, 0x00, 0x3F, 0xC0, 0x03, 0xF8, 0x01, 0xFD, 0x00, 0x1F, 0xE0, 0x0B, 0xF0,
    0x00, 0xBF, 0x80, 0x3F, 0x80, 0x03, 0xFE, 0x01, 0xFD, 0x00, 0x0F, 0xF8, 0x07, 0xF4, 0x00, 0x7B,
    0xD0, 0x1F, 0xC0, 0x03, 0xDF, 0x40, 0x7F, 0x00, 0x0E, 0xBD, 0x01, 0xFC, 0x00, 0x76, 0xF4, 0x07,
    0xF4, 0x03, 0xCF, 0xD0, 0x0F, 0xE0, 0x0E, 0x3F, 0x40, 0x2F, 0xD0, 0xF4, 0xFD, 0x10, 0x3F, 0xFF,
    0x83, 0xFF, 0xD0, 0x7F, 0xF8, 0x07, 0xFE, 0x00, 0x15, 0x00, 0x01, 0x40, 0x00, 0x00, 0x00, 0x00,
    0x00, 0x00, 0x01, 0x00, 0x00, 0x00, 0x00, 0x7F, 0x40, 0x00, 0x00, 0x03, 0xFF, 0x00, 0x00, 0x00,
    0x0F, 0xFC, 0x00, 0x00, 0x00, 0x1F, 0xD0, 0x00, 0x00, 0x00, 0x04, 0x00, 0x00, 0x00, 0x00, 0x00,
    0x00, 0x03, 0xC0, 0x00, 0x00, 0x00, 0x00, 0x0F, 0xE0, 0x00, 0x00, 0x00, 0x00, 0x3F, 0xD0, 0x00,
    0x00, 0x00, 0x01, 0xFF, 0x40, 0x00, 0x00, 0x00, 0x07, 0xF4, 0x00, 0x00, 0x00, 0x00, 0x06, 0x00,
    0x00, 0x00, 0x00, 0x00, 0x00, 0x00, 0x00, 0x00, 0x00, 0x01, 0xC0, 0x00, 0x74, 0x00, 0x00, 0x01,
    0xE0, 0x00, 0xF0, 0x00, 0x00, 0x00, 0xF9, 0x07, 0xF0, 0x00, 0x00, 0x00, 0xBF, 0xFF, 0xD0, 0x00,
    0x00, 0x00, 0x3F, 0xFF, 0x40, 0x00, 0x00, 0x00, 0x07, 0xF8, 0x00, 0x00, 0x00, 0x00, 0x00, 0x00,
    0x00, 0x00, 0x00, 0x00, 0x00, 0x54, 0x00, 0x00, 0x00, 0x00, 0x0B, 0xFC, 0x00, 0x00, 0x00, 0x00,
    0x0F, 0xFD, 0x00, 0x00, 0x00, 0x00, 0x0F, 0xFE, 0x00, 0x00, 0x00, 0x00, 0x2E, 0xFF, 0x00, 0x00,
    0x00, 0x00, 0x3C, 0xBF, 0x00, 0x00, 0x00, 0x00, 0x7C, 0x7F, 0x40, 0x00, 0x00, 0x00, 0xB4, 0x3F,
    0x80, 0x00, 0x00, 0x00, 0xF0, 0x3F, 0xC0, 0x00, 0x00, 0x01, 0xF0, 0x2F, 0xD0, 0x00, 0x00, 0x03,
    0xD0, 0x1F, 0xE0, 0x00, 0x00, 0x03, 0xC0, 0x0F, 0xF0, 0x00, 0x00, 0x0B, 0xC0, 0x0F, 0xF0, 0x00,
    0x00, 0x0F, 0x40, 0x0B, 0xF4, 0x00, 0x00, 0x0F, 0xAA, 0xAF, 0xF8, 0x00, 0x00, 0x2F, 0xFF, 0xFF,
    0xFC, 0x00, 0x00, 0x3E, 0x55, 0x57, 0xFC, 0x00, 0x00, 0x7C, 0x00, 0x01, 0xFE, 0x00, 0x00, 0xB8,
    0x00, 0x00, 0xFF, 0x00, 0x00, 0xF4, 0x00, 0x00, 0xFF, 0x00, 0x01, 0xF0, 0x00, 0x00, 0xBF, 0x40,
    0x03, 0xE0, 0x00, 0x00, 0xBF, 0x80, 0x7F, 0xFF, 0x40, 0x0F, 0xFF, 0xFD, 0xBF, 0xFF, 0x40, 0x0F,
    0xFF, 0xFD, 0x00, 0x00, 0x02, 0xD0, 0x00, 0x00, 0x00, 0x3F, 0x80, 0x00, 0x00, 0x03, 0xFE, 0x00,
    0x00, 0x00, 0x3F, 0xD0, 0x00, 0x00, 0x07, 0xF4, 0x00, 0x00, 0x00, 0x19, 0x00, 0x00, 0x00, 0x00,
    0x00, 0x00, 0x00, 0x00, 0x18, 0x00, 0x09, 0x00, 0x00, 0xB0, 0x00, 0x74, 0x00, 0x01, 0xF0, 0x03,
    0xC0, 0x00, 0x03, 0xFA, 0xBE, 0x00, 0x00, 0x0B, 0xFF, 0xF0, 0x00, 0x00, 0x0B, 0xFF, 0x00, 0x00,
    0x00, 0x01, 0x50, 0x00, 0x00, 0x00, 0x00, 0x00, 0x00, 0x00, 0x00, 0x54, 0x00, 0x00, 0x00, 0x3F,
    0xFF, 0xBF, 0x00, 0x07, 0xFF, 0xBF, 0xF8, 0x00, 0x3F, 0x80, 0x0F, 0xE0, 0x03, 0xFC, 0x00, 0x3F,
    0x80, 0x1F, 0xD0, 0x01, 0xFE, 0x00, 0xBF, 0x00, 0x0B, 0xF8, 0x03, 0xF8, 0x00, 0x3F, 0xE0, 0x1F,
    0xD0, 0x00, 0xFF, 0x80, 0x7F, 0x40, 0x07, 0xBD, 0x01, 0xFC, 0x00, 0x3D, 0xF4, 0x07, 0xF0, 0x00,
    0xEB, 0xD0, 0x1F, 0xC0, 0x07, 0x6F, 0x40, 0x7F, 0x40, 0x3C, 0xFD, 0x00, 0xFE, 0x00, 0xE3, 0xF4,
    0x02, 0xFD, 0x0F, 0x4F, 0xD1, 0x03, 0xFF, 0xF8, 0x3F, 0xFD, 0x07, 0xFF, 0x80, 0x7F, 0xE0, 0x01,
    0x50, 0x00, 0x14, 0x00, 0x00, 0x00, 0x1C, 0x00, 0x00, 0x00, 0x00, 0x00, 0x7F, 0x40, 0x00, 0x00,
    0x00, 0x00, 0x3F, 0xD0, 0x00, 0x00, 0x00, 0x00, 0x1F, 0xF8, 0x00, 0x00, 0x00, 0x00, 0x01, 0xFE,
    0x00, 0x00, 0x00, 0x00, 0x00, 0x0A, 0x00, 0x00, 0x00, 0x00, 0x00, 0x00, 0x00, 0x00, 0x00, 0x01,
    0xC0, 0x00, 0x74, 0x00, 0x00, 0x01, 0xE0, 0x00, 0xF0, 0x00, 0x00, 0x00, 0xF9, 0x07, 0xF0, 0x00,
    0x00, 0x00, 0xBF, 0xFF, 0xD0, 0x00, 0x00, 0x00, 0x3F, 0xFF, 0x40, 0x00, 0x00, 0x00, 0x07, 0xF8,
    0x00, 0x00, 0x00, 0x00, 0x00, 0x00, 0x00, 0x00, 0x00, 0x00, 0x00, 0x54, 0x00, 0x00, 0x00, 0x00,
    0x0B, 0xFC, 0x00, 0x00, 0x00, 0x00, 0x0F, 0xFD, 0x00, 0x00, 0x00, 0x00, 0x0F, 0xFE, 0x00, 0x00,
    0x00, 0x00, 0x2E, 0xFF, 0x00, 0x00, 0x00, 0x00, 0x3C, 0xBF, 0x00, 0x00, 0x00, 0x00, 0x7C, 0x7F,
    0x40, 0x00, 0x00, 0x00, 0xB4, 0x3F, 0x80, 0x00, 0x00, 0x00, 0xF0, 0x3F, 0xC0, 0x00, 0x00, 0x01,
    0xF0, 0x2F, 0xD0, 0x00, 0x00, 0x03, 0xD0, 0x1F, 0xE0, 0x00, 0x00, 0x03, 0xC0, 0x0F, 0xF0, 0x00,
    0x00, 0x0B, 0xC0, 0x0F, 0xF0, 0x00, 0x00, 0x0F, 0x40, 0x0B, 0xF4, 0x00, 0x00, 0x0F, 0xAA, 0xAF,
    0xF8, 0x00, 0x00, 0x2F, 0xFF, 0xFF, 0xFC, 0x00, 0x00, 0x3E, 0x55, 0x57, 0xFC, 0x00, 0x00, 0x7C,
    0x00, 0x01, 0xFE, 0x00, 0x00, 0xB8, 0x00, 0x00, 0xFF, 0x00, 0x00, 0xF4, 0x00, 0x00, 0xFF, 0x00,
    0x01, 0xF0, 0x00, 0x00, 0xBF, 0x40, 0x03, 0xE0, 0x00, 0x00, 0xBF, 0x80, 0x7F, 0xFF, 0x40, 0x0F,
    0xFF, 0xFD, 0xBF, 0xFF, 0x40, 0x0F, 0xFF, 0xFD, 0x00, 0x0A, 0x00, 0x00, 0x00, 0x00, 0xBE, 0x00,
    0x00, 0x00, 0x02, 0xFF, 0x00, 0x00, 0x00, 0x02, 0xFF, 0x00, 0x00, 0x00, 0x00, 0xBF, 0x40, 0x00,
    0x00, 0x00, 0x1D, 0x00, 0x00, 0x00, 0x00, 0x00, 0x00, 0x00, 0x18, 0x00, 0x09, 0x00, 0x00, 0xB0,
    0x00, 0x74, 0x00, 0x01, 0xF0, 0x03, 0xC0, 0x00, 0x03, 0xFA, 0xBE, 0x00, 0x00, 0x0B, 0xFF, 0xF0,
    0x00, 0x00, 0x0B, 0xFF, 0x00, 0x00, 0x00, 0x01, 0x50, 0x00, 0x00, 0x00, 0x00, 0x00, 0x00, 0x00,
    0x00, 0x54, 0x00, 0x00, 0x00, 0x3F, 0xFF, 0xBF, 0x00, 0x07, 0xFF, 0xBF, 0xF8, 0x00, 0x3F, 0x80,
    0x0F, 0xE0, 0x03, 0xFC, 0x00, 0x3F, 0x80, 0x1F, 0xD0, 0x01, 0xFE, 0x00, 0xBF, 0x00, 0x0B, 0xF8,
    0x03, 0xF8, 0x00, 0x3F, 0xE0, 0x1F, 0xD0, 0x00, 0xFF, 0x80, 0x7F, 0x40, 0x07, 0xBD, 0x01, 0xFC,
    0x00, 0x3D, 0xF4, 0x07, 0xF0, 0x00, 0xEB, 0xD0, 0x1F, 0xC0, 0x07, 0x6F, 0x40, 0x7F, 0x40, 0x3C,
    0xFD, 0x00, 0xFE, 0x00, 0xE3, 0xF4, 0x02, 0xFD, 0x0F, 0x4F, 0xD1, 0x03, 0xFF, 0xF8, 0x3F, 0xFD,
    0x07, 0xFF, 0x80, 0x7F, 0xE0, 0x01, 0x50, 0x00, 0x14, 0x00, 0x00, 0x00, 0x00, 0x50, 0x00, 0x00,
    0x00, 0x00, 0x0F, 0xFF, 0x40, 0x00, 0x00, 0x00, 0x3E, 0x1F, 0xC0, 0x00, 0x00, 0x00, 0x7D, 0x0F,
    0xC0, 0x00, 0x00, 0x00, 0x2D, 0x1F, 0xC0, 0x00, 0x00, 0x00, 0x00, 0x7F, 0x40, 0x00, 0x00, 0x00,
    0x00, 0xFC, 0x00, 0x00, 0x00, 0x00, 0x01, 0xF4, 0x00, 0x00, 0x00, 0x02, 0xC0, 0x00, 0x70, 0x00,
    0x00, 0x01, 0xE0, 0x00, 0xF0, 0x00, 0x00, 0x00, 0xF8, 0x07, 0xE0, 0x00, 0x00, 0x00, 0xFF, 0xFF,
    0xC0, 0x00, 0x00, 0x00, 0x3F, 0xFF, 0x40, 0x00, 0x00, 0x00, 0x0B, 0xF8, 0x00, 0x00, 0x00, 0x00,
    0x00, 0x00, 0x00, 0x00, 0x00, 0x00, 0x00, 0x54, 0x00, 0x00, 0x00, 0x00, 0x0B, 0xFC, 0x00, 0x00,
    0x00, 0x00, 0x0F, 0xFD, 0x00, 0x00, 0x00, 0x00, 0x0F, 0xFE, 0x00, 0x00, 0x00, 0x00, 0x2E, 0xFF,
    0x00, 0x00, 0x00, 0x00, 0x3C, 0xBF, 0x00, 0x00, 0x00, 0x00, 0x7C, 0x7F, 0x40, 0x00, 0x00, 0x00,
    0xB4, 0x3F, 0x80, 0x00, 0x00, 0x00, 0xF0, 0x3F, 0xC0, 0x00, 0x00, 0x01, 0xF0, 0x2F, 0xD0, 0x00,
    0x00, 0x03, 0xD0, 0x1F, 0xE0, 0x00, 0x00, 0x03, 0xC0, 0x0F, 0xF0, 0x00, 0x00, 0x0B, 0xC0, 0x0F,
    0xF0, 0x00, 0x00, 0x0F, 0x40, 0x0B, 0xF4, 0x00, 0x00, 0x0F, 0xAA, 0xAF, 0xF8, 0x00, 0x00, 0x2F,
    0xFF, 0xFF, 0xFC, 0x00, 0x00, 0x3E, 0x55, 0x57, 0xFC, 0x00, 0x00, 0x7C, 0x00, 0x01, 0xFE, 0x00,
    0x00, 0xB8, 0x00, 0x00, 0xFF, 0x00, 0x00, 0xF4, 0x00, 0x00, 0xFF, 0x00, 0x01, 0xF0, 0x00, 0x00,
    0xBF, 0x40, 0x03, 0xE0, 0x00, 0x00, 0xBF, 0x80, 0x7F, 0xFF, 0x40, 0x0F, 0xFF, 0xFD, 0xBF, 0xFF,
    0x40, 0x0F, 0xFF, 0xFD, 0x00, 0x00, 0x54, 0x00, 0x00, 0x00, 0x2F, 0xFE, 0x00, 0x00, 0x02, 0xF4,
    0xBD, 0x00, 0x00, 0x0F, 0xC1, 0xF8, 0x00, 0x00, 0x1E, 0x0F, 0xD0, 0x00, 0x00, 0x00, 0xFE, 0x00,
    0x00, 0x00, 0x0F, 0xE0, 0x00, 0x00, 0x00, 0x3E, 0x00, 0x00, 0x00, 0x60, 0x00, 0x24, 0x00, 0x02,
    0xC0, 0x01, 0xD0, 0x00, 0x07, 0xC0, 0x0F, 0x00, 0x00, 0x0F, 0xEA, 0xF8, 0x00, 0x00, 0x2F, 0xFF,
    0xC0, 0x00, 0x00, 0x2F, 0xFC, 0x00, 0x00, 0x00, 0x05, 0x40, 0x00, 0x00, 0x00, 0x00, 0x00, 0x00,
    0x00, 0x01, 0x50, 0x00, 0x00, 0x00, 0xFF, 0xFE, 0xFC, 0x00, 0x1F, 0xFE, 0xFF, 0xE0, 0x00, 0xFE,
    0x00, 0x3F, 0x80, 0x0F, 0xF0, 0x00, 0xFE, 0x00, 0x7F, 0x40, 0x07, 0xF8, 0x02, 0xFC, 0x00, 0x2F,
    0xE0, 0x0F, 0xE0, 0x00, 0xFF, 0x80, 0x7F, 0x40, 0x03, 0xFE, 0x01, 0xFD, 0x00, 0x1E, 0xF4, 0x07,
    0xF0, 0x00, 0xF7, 0xD0, 0x1F, 0xC0, 0x03, 0xAF, 0x40, 0x7F, 0x00, 0x1D, 0xBD, 0x01, 0xFD, 0x00,
    0xF3, 0xF4, 0x03, 0xF8, 0x03, 0x8F, 0xD0, 0x0B, 0xF4, 0x3D, 0x3F, 0x44, 0x0F, 0xFF, 0xE0, 0xFF,
    0xF4, 0x1F, 0xFE, 0x01, 0xFF, 0x80, 0x05, 0x40, 0x00, 0x50, 0x00, 0x00, 0x00, 0x00, 0x00, 0x00,
    0x00, 0x00, 0x00, 0x3F, 0xD0, 0x14, 0x00, 0x00, 0x00, 0xBF, 0xFE, 0xB8, 0x00, 0x00, 0x01, 0xEB,
    0xFF, 0xF0, 0x00, 0x00, 0x00, 0x80, 0x7F, 0xD0, 0x00, 0x00, 0x00, 0x00, 0x00, 0x00, 0x00, 0x00,
    0x01, 0xC0, 0x00, 0x74, 0x00, 0x00, 0x01, 0xE0, 0x00, 0xF0, 0x00, 0x00, 0x00, 0xF9, 0x07, 0xF0,
    0x00, 0x00, 0x00, 0xBF, 0xFF, 0xD0, 0x00, 0x00, 0x00, 0x3F, 0xFF, 0x40, 0x00, 0x00, 0x00, 0x07,
    0xF8, 0x00, 0x00, 0x00, 0x00, 0x00, 0x00, 0x00, 0x00, 0x00, 0x00, 0x00, 0x54, 0x00, 0x00, 0x00,
    0x00, 0x0B, 0xFC, 0x00, 0x00, 0x00, 0x00, 0x0F, 0xFD, 0x00, 0x00, 0x00, 0x00, 0x0F, 0xFE, 0x00,
    0x00, 0x00, 0x00, 0x2E, 0xFF, 0x00, 0x00, 0x00, 0x00, 0x3C, 0xBF, 0x00, 0x00, 0x00, 0x00, 0x7C,
    0x7F, 0x40, 0x00, 0x00, 0x00, 0xB4, 0x3F, 0x80, 0x00, 0x00, 0x00, 0xF0, 0x3F, 0xC0, 0x00, 0x00,
    0x01, 0xF0, 0x2F, 0xD0, 0x00, 0x00, 0x03, 0xD0, 0x1F, 0xE0, 0x00, 0x00, 0x03, 0xC0, 0x0F, 0xF0,
    0x00, 0x00, 0x0B, 0xC0, 0x0F, 0xF0, 0x00, 0x00, 0x0F, 0x40, 0x0B, 0xF4, 0x00, 0x00, 0x0F, 0xAA,
    0xAF, 0xF8, 0x00, 0x00, 0x2F, 0xFF, 0xFF, 0xFC, 0x00, 0x00, 0x3E, 0x55, 0x57, 0xFC, 0x00, 0x00,
    0x7C, 0x00, 0x01, 0xFE, 0x00, 0x00, 0xB8, 0x00, 0x00, 0xFF, 0x00, 0x00, 0xF4, 0x00, 0x00, 0xFF,
    0x00, 0x01, 0xF0, 0x00, 0x00, 0xBF, 0x40, 0x03, 0xE0, 0x00, 0x00, 0xBF, 0x80, 0x7F, 0xFF, 0x40,
    0x0F, 0xFF, 0xFD, 0xBF, 0xFF, 0x40, 0x0F, 0xFF, 0xFD, 0x00, 0x00, 0x00, 0x00, 0x00, 0x00, 0x7F,
    0x80, 0x20, 0x00, 0x03, 0xFF, 0xFB, 0xC0, 0x00, 0x3D, 0xBF, 0xFE, 0x00, 0x00, 0x50, 0x2F, 0xE0,
    0x00, 0x00, 0x00, 0x00, 0x00, 0x00, 0x06, 0x00, 0x02, 0x40, 0x00, 0x2C, 0x00, 0x1D, 0x00, 0x00,
    0x7C, 0x00, 0xF0, 0x00, 0x00, 0xFE, 0xAF, 0x80, 0x00, 0x02, 0xFF, 0xFC, 0x00, 0x00, 0x02, 0xFF,
    0xC0, 0x00, 0x00, 0x00, 0x54, 0x00, 0x00, 0x00, 0x00, 0x00, 0x00, 0x00, 0x00, 0x15, 0x00, 0x00,
    0x00, 0x0F, 0xFF, 0xEF, 0xC0, 0x01, 0xFF, 0xEF, 0xFE, 0x00, 0x0F, 0xE0, 0x03, 0xF8, 0x00, 0xFF,
    0x00, 0x0F, 0xE0, 0x07, 0xF4, 0x00, 0x7F, 0x80, 0x2F, 0xC0, 0x02, 0xFE, 0x00, 0xFE, 0x00, 0x0F,
    0xF8, 0x07, 0xF4, 0x00, 0x3F, 0xE0, 0x1F, 0xD0, 0x01, 0xEF, 0x40, 0x7F, 0x00, 0x0F, 0x7D, 0x01,
    0xFC, 0x00, 0x3A, 0xF4, 0x07, 0xF0, 0x01, 0xDB, 0xD0, 0x1F, 0xD0, 0x0F, 0x3F, 0x40, 0x3F, 0x80,
    0x38, 0xFD, 0x00, 0xBF, 0x43, 0xD3, 0xF4, 0x40, 0xFF, 0xFE, 0x0F, 0xFF, 0x41, 0xFF, 0xE0, 0x1F,
    0xF8, 0x00, 0x54, 0x00, 0x05, 0x00, 0x00, 0x00, 0x00, 0x00, 0x00, 0x00, 0x00, 0x01, 0xC0, 0x00,
    0x74, 0x00, 0x00, 0x01, 0xE0, 0x00, 0xF0, 0x00, 0x00, 0x00, 0xF9, 0x07, 0xF0, 0x00, 0x00, 0x00,
    0xBF, 0xFF, 0xD0, 0x00, 0x00, 0x00, 0x3F, 0xFF, 0x40, 0x00, 0x00, 0x00, 0x07, 0xF8, 0x00, 0x00,
    0x00, 0x00, 0x00, 0x00, 0x00, 0x00, 0x00, 0x00, 0x00, 0x54, 0x00, 0x00, 0x00, 0x00, 0x0B, 0xFC,
    0x00, 0x00, 0x00, 0x00, 0x0F, 0xFD, 0x00, 0x00, 0x00, 0x00, 0x0F, 0xFE, 0x00, 0x00, 0x00, 0x00,
    0x2E, 0xFF, 0x00, 0x00, 0x00, 0x00, 0x3C, 0xBF, 0x00, 0x00, 0x00, 0x00, 0x7C, 0x7F, 0x40, 0x00,
    0x00, 0x00, 0xB4, 0x3F, 0x80, 0x00, 0x00, 0x00, 0xF0, 0x3F, 0xC0, 0x00, 0x00, 0x01, 0xF0, 0x2F,
    0xD0, 0x00, 0x00, 0x03, 0xD0, 0x1F, 0xE0, 0x00, 0x00, 0x03, 0xC0, 0x0F, 0xF0, 0x00, 0x00, 0x0B,
    0xC0, 0x0F, 0xF0, 0x00, 0x00, 0x0F, 0x40, 0x0B, 0xF4, 0x00, 0x00, 0x0F, 0xAA, 0xAF, 0xF8, 0x00,
    0x00, 0x2F, 0xFF, 0xFF, 0xFC, 0x00, 0x00, 0x3E, 0x55, 0x57, 0xFC, 0x00, 0x00, 0x7C, 0x00, 0x01,
    0xFE, 0x00, 0x00, 0xB8, 0x00, 0x00, 0xFF, 0x00, 0x00, 0xF4, 0x00, 0x00, 0xFF, 0x00, 0x01, 0xF0,
    0x00, 0x00, 0xBF, 0x40, 0x03, 0xE0, 0x00, 0x00, 0xBF, 0x80, 0x7F, 0xFF, 0x40, 0x0F, 0xFF, 0xFD,
    0xBF, 0xFF, 0x40, 0x0F, 0xFF, 0xFD, 0x00, 0x00, 0x00, 0x00, 0x00, 0x00, 0x00, 0x00, 0x00, 0x00,
    0x00, 0x00, 0x00, 0x00, 0x05, 0x00, 0x00, 0x00, 0x00, 0x00, 0x3F, 0xC0, 0x00, 0x00, 0x00, 0x00,
    0x7F, 0xD0, 0x00, 0x00, 0x00, 0x00, 0x7F, 0xD0, 0x00, 0x00, 0x00, 0x00, 0x3F, 0xC0, 0x00, 0x00,
    0x00, 0x00, 0x05, 0x00, 0x00, 0x00, 0x00, 0x60, 0x00, 0x24, 0x00, 0x02, 0xC0, 0x01, 0xD0, 0x00,
    0x07, 0xC0, 0x0F, 0x00, 0x00, 0x0F, 0xEA, 0xF8, 0x00, 0x00, 0x2F, 0xFF, 0xC0, 0x00, 0x00, 0x2F,
    0xFC, 0x00, 0x00, 0x00, 0x05, 0x40, 0x00, 0x00, 0x00, 0x00, 0x00, 0x00, 0x00, 0x01, 0x50, 0x00,
    0x00, 0x00, 0xFF, 0xFE, 0xFC, 0x00, 0x1F, 0xFE, 0xFF, 0xE0, 0x00, 0xFE, 0x00, 0x3F, 0x80, 0x0F,
    0xF0, 0x00, 0xFE, 0x00, 0x7F, 0x40, 0x07, 0xF8, 0x02, 0xFC, 0x00, 0x2F, 0xE0, 0x0F, 0xE0, 0x00,
    0xFF, 0x80, 0x7F, 0x40, 0x03, 0xFE, 0x01, 0xFD, 0x00, 0x1E, 0xF4, 0x07, 0xF0, 0x00, 0xF7, 0xD0,
    0x1F, 0xC0, 0x03, 0xAF, 0x40, 0x7F, 0x00, 0x1D, 0xBD, 0x01, 0xFD, 0x00, 0xF3, 0xF4, 0x03, 0xF8,
    0x03, 0x8F, 0xD0, 0x0B, 0xF4, 0x3D, 0x3F, 0x44, 0x0F, 0xFF, 0xE0, 0xFF, 0xF4, 0x1F, 0xFE, 0x01,
    0xFF, 0x80, 0x05, 0x40, 0x00, 0x50, 0x00, 0x00, 0x00, 0x00, 0x00, 0x00, 0x00, 0x40, 0x00, 0x00,
    0x00, 0x1F, 0xD0, 0x00, 0x00, 0x00, 0xFF, 0xC0, 0x00, 0x00, 0x03, 0xFF, 0x00, 0x00, 0x00, 0x07,
    0xF4, 0x00, 0x00, 0x00, 0x01, 0x00, 0x00, 0x00, 0x05, 0x55, 0x55, 0x55, 0x42, 0xFF, 0xFF, 0xFF,
    0xFD, 0x1B, 0xFF, 0xFF, 0xFF, 0xD0, 0x0F, 0xF0, 0x00, 0xBE, 0x00, 0xFF, 0x00, 0x03, 0xE0, 0x0F,
    0xF0, 0x00, 0x2E, 0x00, 0xFE, 0x00, 0x01, 0x90, 0x0F, 0xE0, 0x00, 0x00, 0x00, 0xFE, 0x00, 0x00,
    0x00, 0x0F, 0xE0, 0x00, 0x00, 0x00, 0xFE, 0x00, 0x00, 0x00, 0x0F, 0xFF, 0xFF, 0xD0, 0x00, 0xFF,
    0xFF, 0xFD, 0x00, 0x0F, 0xE0, 0x00, 0x00, 0x00, 0xFD, 0x00, 0x00, 0x00, 0x1F, 0xD0, 0x00, 0x00,
    0x01, 0xFD, 0x00, 0x00, 0x00, 0x1F, 0xD0, 0x00, 0x05, 0x01, 0xFC, 0x00, 0x01, 0xF0, 0x1F, 0xC0,
    0x00, 0x3E, 0x01, 0xFC, 0x00, 0x07, 0xE0, 0x2F, 0xC0, 0x01, 0xFD, 0x3F, 0xFF, 0xFF, 0xFF, 0xD7,
    0xFF, 0xFF, 0xFF, 0xFC, 0x00, 0x00, 0x00, 0x00, 0x00, 0x00, 0x00, 0x00, 0x00, 0x00, 0x00, 0x10,
    0x00, 0x00, 0x00, 0x1F, 0xC0, 0x00, 0x00, 0x03, 0xFE, 0x00, 0x00, 0x00, 0x3F, 0xE0, 0x00, 0x00,
    0x02, 0xFD, 0x00, 0x00, 0x00, 0x05, 0x00, 0x00, 0x00, 0x01, 0x54, 0x00, 0x03, 0xFF, 0xF4, 0x01,
    0xFE, 0xBF, 0xD0, 0x7F, 0x40, 0xFF, 0x0F, 0xD0, 0x0B, 0xF2, 0xFC, 0x00, 0xBF, 0x3F, 0x80, 0x0F,
    0xE3, 0xF4, 0x02, 0xFC, 0x7F, 0x46, 0xFF, 0x47, 0xFF, 0xFF, 0x80, 0x7F, 0xFE, 0x40, 0x07, 0xF4,
    0x00, 0x00, 0x7F, 0x40, 0x00, 0x03, 0xFC, 0x00, 0x00, 0x2F, 0xD0, 0x01, 0xC0, 0xFF, 0x80, 0xBE,
    0x07, 0xFF, 0xFF, 0x80, 0x1F, 0xFF, 0xD0, 0x00, 0x05, 0x40, 0x00, 0x00, 0x00, 0x00, 0x00, 0x01,
    0x00, 0x00, 0x01, 0xFC, 0x00, 0x00, 0x3F, 0xE0, 0x00, 0x03, 0xFE, 0x00, 0x00, 0x2F, 0xD0, 0x00,
    0x00, 0x50, 0x00, 0x00, 0x00, 0x15, 0x00, 0x00, 0x00, 0x2F, 0xFE, 0x00, 0x00, 0x0B, 0xD2, 0xF4,
    0x00, 0x00, 0xFC, 0x1F, 0x80, 0x00, 0x07, 0x83, 0xF4, 0x00, 0x00, 0x00, 0xFE, 0x00, 0x00, 0x00,
    0x3F, 0x80, 0x00, 0x00, 0x03, 0xE0, 0x00, 0x00, 0x00, 0x00, 0x00, 0x00, 0x55, 0x55, 0x55, 0x54,
    0x2F, 0xFF, 0xFF, 0xFF, 0xD1, 0xBF, 0xFF, 0xFF, 0xFD, 0x00, 0xFF, 0x00, 0x0B, 0xE0, 0x0F, 0xF0,
    0x00, 0x3E, 0x00, 0xFF, 0x00, 0x02, 0xE0, 0x0F, 0xE0, 0x00, 0x19, 0x00, 0xFE, 0x00, 0x00, 0x00,
    0x0F, 0xE0, 0x00, 0x00, 0x00, 0xFE, 0x00, 0x00, 0x00, 0x0F, 0xE0, 0x00, 0x00, 0x00, 0xFF, 0xFF,
    0xFD, 0x00, 0x0F, 0xFF, 0xFF, 0xD0, 0x00, 0xFE, 0x00, 0x00, 0x00, 0x0F, 0xD0, 0x00, 0x00, 0x01,
    0xFD, 0x00, 0x00, 0x00, 0x1F, 0xD0, 0x00, 0x00, 0x01, 0xFD, 0x00, 0x00, 0x50, 0x1F, 0xC0, 0x00,
    0x1F, 0x01, 0xFC, 0x00, 0x03, 0xE0, 0x1F, 0xC0, 0x00, 0x7E, 0x02, 0xFC, 0x00, 0x1F, 0xD3, 0xFF,
    0xFF, 0xFF, 0xFD, 0x7F, 0xFF, 0xFF, 0xFF, 0xC0, 0x00, 0x00, 0x00, 0x00, 0x01, 0xFF, 0xD0, 0x00,
    0x7D, 0x7F, 0x40, 0x0F, 0xC1, 0xF8, 0x00, 0xBC, 0x2F, 0x80, 0x00, 0x0B, 0xF0, 0x00, 0x02, 0xF8,
    0x00, 0x00, 0x3F, 0x00, 0x00, 0x03, 0xE0, 0x00, 0x00, 0x00, 0x00, 0x00, 0x01, 0x54, 0x00, 0x03,
    0xFF, 0xF4, 0x01, 0xFE, 0xBF, 0xD0, 0x7F, 0x40, 0xFF, 0x0F, 0xD0, 0x0B, 0xF2, 0xFC, 0x00, 0xBF,
    0x3F, 0x80, 0x0F, 0xE3, 0xF4, 0x02, 0xFC, 0x7F, 0x46, 0xFF, 0x47, 0xFF, 0xFF, 0x80, 0x7F, 0xFE,
    0x40, 0x07, 0xF4, 0x00, 0x00, 0x7F, 0x40, 0x00, 0x03, 0xFC, 0x00, 0x00, 0x2F, 0xD0, 0x01, 0xC0,
    0xFF, 0x80, 0xBE, 0x07, 0xFF, 0xFF, 0x80, 0x1F, 0xFF, 0xD0, 0x00, 0x05, 0x40, 0x00, 0x00, 0x00,
    0x00, 0x00, 0x00, 0x00, 0xBF, 0x80, 0x20, 0x00, 0x1F, 0xFF, 0xAF, 0x00, 0x03, 0xDF, 0xFF, 0xD0,
    0x00, 0x10, 0x0B, 0xF8, 0x00, 0x00, 0x00, 0x00, 0x00, 0x00, 0x00, 0x00, 0x00, 0x00, 0x55, 0x55,
    0x55, 0x54, 0x2F, 0xFF, 0xFF, 0xFF, 0xD1, 0xBF, 0xFF, 0xFF, 0xFD, 0x00, 0xFF, 0x00, 0x0B, 0xE0,
    0x0F, 0xF0, 0x00, 0x3E, 0x00, 0xFF, 0x00, 0x02, 0xE0, 0x0F, 0xE0, 0x00, 0x19, 0x00, 0xFE, 0x00,
    0x00, 0x00, 0x0F, 0xE0, 0x00, 0x00, 0x00, 0xFE, 0x00, 0x00, 0x00, 0x0F, 0xE0, 0x00, 0x00, 0x00,
    0xFF, 0xFF, 0xFD, 0x00, 0x0F, 0xFF, 0xFF, 0xD0, 0x00, 0xFE, 0x00, 0x00, 0x00, 0x0F, 0xD0, 0x00,
    0x00, 0x01, 0xFD, 0x00, 0x00, 0x00, 0x1F, 0xD0, 0x00, 0x00, 0x01, 0xFD, 0x00, 0x00, 0x50, 0x1F,
    0xC0, 0x00, 0x1F, 0x01, 0xFC, 0x00, 0x03, 0xE0, 0x1F, 0xC0, 0x00, 0x7E, 0x02, 0xFC, 0x00, 0x1F,
    0xD3, 0xFF, 0xFF, 0xFF, 0xFD, 0x7F, 0xFF, 0xFF, 0xFF, 0xC0, 0x00, 0x7E, 0x00, 0x00, 0x03, 0xFF,
    0xD2, 0xC0, 0x3F, 0xFF, 0xFE, 0x00, 0xD0, 0xBF, 0xF0, 0x00, 0x00, 0x19, 0x00, 0x00, 0x00, 0x00,
    0x00, 0x00, 0x00, 0x00, 0x00, 0x00, 0x55, 0x00, 0x00, 0x3F, 0xFF, 0x40, 0x07, 0xFA, 0xFF, 0x40,
    0x7F, 0x40, 0xFF, 0x03, 0xF4, 0x02, 0xFC, 0x2F, 0xC0, 0x0B, 0xF0, 0xFE, 0x00, 0x3F, 0x83, 0xF4,
    0x02, 0xFC, 0x1F, 0xD1, 0xBF, 0xD0, 0x7F, 0xFF, 0xF8, 0x01, 0xFF, 0xF9, 0x00, 0x07, 0xF4, 0x00,
    0x00, 0x1F, 0xD0, 0x00, 0x00, 0x3F, 0xC0, 0x00, 0x00, 0xBF, 0x40, 0x07, 0x00, 0xFF, 0x80, 0xBE,
    0x01, 0xFF, 0xFF, 0xE0, 0x01, 0xFF, 0xFD, 0x00, 0x00, 0x15, 0x00, 0x00, 0x00, 0x00, 0x00, 0xB4,
    0x00, 0x00, 0x00, 0x3F, 0xC0, 0x00, 0x00, 0x0F, 0xF8, 0x00, 0x00, 0x03, 0xFD, 0x00, 0x00, 0x00,
    0xFD, 0x00, 0x00, 0x00, 0x0D, 0x00, 0x00, 0x00, 0x00, 0x04, 0x00, 0x00, 0x00, 0x03, 0xF0, 0x00,
    0x00, 0x00, 0xFF, 0xC0, 0x00, 0x00, 0x2F, 0xFE, 0x00, 0x00, 0x0B, 0xE7, 0xF8, 0x00, 0x02, 0xF4,
    0x07, 0xD0, 0x00, 0x28, 0x00, 0x0A, 0x00, 0x00, 0x00, 0x00, 0x00, 0x05, 0x55, 0x55, 0x55, 0x42,
    0xFF, 0xFF, 0xFF, 0xFD, 0x1B, 0xFF, 0xFF, 0xFF, 0xD0, 0x0F, 0xF0, 0x00, 0xBE, 0x00, 0xFF, 0x00,
    0x03, 0xE0, 0x0F, 0xF0, 0x00, 0x2E, 0x00, 0xFE, 0x00, 0x01, 0x90, 0x0F, 0xE0, 0x00, 0x00, 0x00,
    0xFE, 0x00, 0x00, 0x00, 0x0F, 0xE0, 0x00, 0x00, 0x00, 0xFE, 0x00, 0x00, 0x00, 0x0F, 0xFF, 0xFF,
    0xD0, 0x00, 0xFF, 0xFF, 0xFD, 0x00, 0x0F, 0xE0, 0x00, 0x00, 0x00, 0xFD, 0x00, 0x00, 0x00, 0x1F,
    0xD0, 0x00, 0x00, 0x01, 0xFD, 0x00, 0x00, 0x00, 0x1F, 0xD0, 0x00, 0x05, 0x01, 0xFC, 0x00, 0x01,
    0xF0, 0x1F, 0xC0, 0x00, 0x3E, 0x01, 0xFC, 0x00, 0x07, 0xE0, 0x2F, 0xC0, 0x01, 0xFD, 0x3F, 0xFF,
    0xFF, 0xFF, 0xD7, 0xFF, 0xFF, 0xFF, 0xFC, 0x00, 0x00, 0x0B, 0x40, 0x00, 0x03, 0xF8, 0x00, 0x00,
    0xFF, 0x80, 0x00, 0x3F, 0xD0, 0x00, 0x1F, 0xD0, 0x00, 0x01, 0xD0, 0x00, 0x00, 0x00, 0x00, 0x00,
    0x00, 0x2F, 0x00, 0x00, 0x0B, 0xF8, 0x00, 0x01, 0xFF, 0xD0, 0x00, 0x3F, 0x7F, 0x00, 0x0F, 0xC0,
    0xFC, 0x02, 0xE0, 0x02, 0xE0, 0x04, 0x00, 0x04, 0x00, 0x00, 0x00, 0x00, 0x00, 0x15, 0x40, 0x00,
    0x3F, 0xFF, 0x40, 0x1F, 0xEB, 0xFD, 0x07, 0xF4, 0x0F, 0xF0, 0xFD, 0x00, 0xBF, 0x2F, 0xC0, 0x0B,
    0xF3, 0xF8, 0x00, 0xFE, 0x3F, 0x40, 0x2F, 0xC7, 0xF4, 0x6F, 0xF4, 0x7F, 0xFF, 0xF8, 0x07, 0xFF,
    0xE4, 0x00, 0x7F, 0x40, 0x00, 0x07, 0xF4, 0x00, 0x00, 0x3F, 0xC0, 0x00, 0x02, 0xFD, 0x00, 0x1C,
    0x0F, 0xF8, 0x0B, 0xE0, 0x7F, 0xFF, 0xF8, 0x01, 0xFF, 0xFD, 0x00, 0x00, 0x54, 0x00, 0x00, 0x01,
    0xC0, 0x00, 0x00, 0x00, 0x7F, 0x40, 0x00, 0x00, 0x07, 0xFD, 0x00, 0x00, 0x00, 0x1F, 0xF4, 0x00,
    0x00, 0x00, 0x1F, 0xE0, 0x00, 0x00, 0x00, 0x0A, 0x00, 0x00, 0x00, 0x04, 0x00, 0x00, 0x00, 0x03,
    0xF0, 0x00, 0x00, 0x00, 0xFF, 0xC0, 0x00, 0x00, 0x2F, 0xFE, 0x00, 0x00, 0x0B, 0xE7, 0xF8, 0x00,
    0x02, 0xF4, 0x07, 0xD0, 0x00, 0x28, 0x00, 0x0A, 0x00, 0x00, 0x00, 0x00, 0x00, 0x05, 0x55, 0x55,
    0x55, 0x42, 0xFF, 0xFF, 0xFF, 0xFD, 0x1B, 0xFF, 0xFF, 0xFF, 0xD0, 0x0F, 0xF0, 0x00, 0xBE, 0x00,
    0xFF, 0x00, 0x03, 0xE0, 0x0F, 0xF0, 0x00, 0x2E, 0x00, 0xFE, 0x00, 0x01, 0x90, 0x0F, 0xE0, 0x00,
    0x00, 0x00, 0xFE, 0x00, 0x00, 0x00, 0x0F, 0xE0, 0x00, 0x00, 0x00, 0xFE, 0x00, 0x00, 0x00, 0x0F,
    0xFF, 0xFF, 0xD0, 0x00, 0xFF, 0xFF, 0xFD, 0x00, 0x0F, 0xE0, 0x00, 0x00, 0x00, 0xFD, 0x00, 0x00,
    0x00, 0x1F, 0xD0, 0x00, 0x00, 0x01, 0xFD, 0x00, 0x00, 0x00, 0x1F, 0xD0, 0x00, 0x05, 0x01, 0xFC,
    0x00, 0x01, 0xF0, 0x1F, 0xC0, 0x00, 0x3E, 0x01, 0xFC, 0x00, 0x07, 0xE0, 0x2F, 0xC0, 0x01, 0xFD,
    0x3F, 0xFF, 0xFF, 0xFF, 0xD7, 0xFF, 0xFF, 0xFF, 0xFC, 0x00, 0x1D, 0x00, 0x00, 0x03, 0xF8, 0x00,
    0x00, 0x3F, 0xE0, 0x00, 0x00, 0xBF, 0xC0, 0x00, 0x00, 0xBF, 0x00, 0x00, 0x00, 0x70, 0x00, 0x00,
    0x00, 0x00, 0x00, 0x2F, 0x00, 0x00, 0x0B, 0xF8, 0x00, 0x01, 0xFF, 0xD0, 0x00, 0x3F, 0x7F, 0x00,
    0x0F, 0xC0, 0xFC, 0x02, 0xE0, 0x02, 0xE0, 0x04, 0x00, 0x04, 0x00, 0x00, 0x00, 0x00, 0x00, 0x15,
    0x40, 0x00, 0x3F, 0xFF, 0x40, 0x1F, 0xEB, 0xFD, 0x07, 0xF4, 0x0F, 0xF0, 0xFD, 0x00, 0xBF, 0x2F,
    0xC0, 0x0B, 0xF3, 0xF8, 0x00, 0xFE, 0x3F, 0x40, 0x2F, 0xC7, 0xF4, 0x6F, 0xF4, 0x7F, 0xFF, 0xF8,
    0x07, 0xFF, 0xE4, 0x00, 0x7F, 0x40, 0x00, 0x07, 0xF4, 0x00, 0x00, 0x3F, 0xC0, 0x00, 0x02, 0xFD,
    0x00, 0x1C, 0x0F, 0xF8, 0x0B, 0xE0, 0x7F, 0xFF, 0xF8, 0x01, 0xFF, 0xFD, 0x00, 0x00, 0x54, 0x00,
    0x00, 0x00, 0x00, 0x01, 0x40, 0x00, 0x00, 0x00, 0x1F, 0xFF, 0x00, 0x00, 0x00, 0x0F, 0x47, 0xF0,
    0x00, 0x00, 0x07, 0xD0, 0xFC, 0x00, 0x00, 0x00, 0xF0, 0x7F, 0x00, 0x00, 0x00, 0x00, 0xBF, 0x00,
    0x00, 0x00, 0x40, 0x7F, 0x00, 0x00, 0x00, 0xFC, 0x2F, 0x00, 0x00, 0x00, 0xFF, 0xC0, 0x00, 0x00,
    0x00, 0xBF, 0xF8, 0x00, 0x00, 0x00, 0xBE, 0x7F, 0x80, 0x00, 0x00, 0xBD, 0x01, 0xF4, 0x00, 0x00,
    0x28, 0x00, 0x0A, 0x00, 0x00, 0x00, 0x00, 0x00, 0x00, 0x00, 0x55, 0x55, 0x55, 0x54, 0x00, 0xBF,
    0xFF, 0xFF, 0xFF, 0x40, 0x1B, 0xFF, 0xFF, 0xFF, 0xD0, 0x00, 0x3F, 0xC0, 0x02, 0xF8, 0x00, 0x0F,
    0xF0, 0x00, 0x3E, 0x00, 0x03, 0xFC, 0x00, 0x0B, 0x80, 0x00, 0xFE, 0x00, 0x01, 0x90, 0x00, 0x3F,
    0x80, 0x00, 0x00, 0x00, 0x0F, 0xE0, 0x00, 0x00, 0x00, 0x03, 0xF8, 0x00, 0x00, 0x00, 0x00, 0xFE,
    0x00, 0x00, 0x00, 0x00, 0x3F, 0xFF, 0xFF, 0x40, 0x00, 0x0F, 0xFF, 0xFF, 0xD0, 0x00, 0x03, 0xF8,
    0x00, 0x00, 0x00, 0x00, 0xFD, 0x00, 0x00, 0x00, 0x00, 0x7F, 0x40, 0x00, 0x00, 0x00, 0x1F, 0xD0,
    0x00, 0x00, 0x00, 0x07, 0xF4, 0x00, 0x01, 0x40, 0x01, 0xFC, 0x00, 0x01, 0xF0, 0x00, 0x7F, 0x00,
    0x00, 0xF8, 0x00, 0x1F, 0xC0, 0x00, 0x7E, 0x00, 0x0B, 0xF0, 0x00, 0x7F, 0x40, 0x3F, 0xFF, 0xFF,
    0xFF, 0xD0, 0x1F, 0xFF, 0xFF, 0xFF, 0xF0, 0x00, 0x00, 0x00, 0x00, 0x54, 0x00, 0x00, 0x00, 0xBF,
    0xF8, 0x00, 0x00, 0x1F, 0x4B, 0xE0, 0x00, 0x02, 0xF0, 0x3F, 0x00, 0x00, 0x1E, 0x0B, 0xE0, 0x00,
    0x00, 0x03, 0xFC, 0x00, 0x00, 0x00, 0xBE, 0x00, 0x00, 0x2F, 0x0F, 0xC0, 0x00, 0x0B, 0xF8, 0x00,
    0x00, 0x01, 0xFF, 0xD0, 0x00, 0x00, 0x3F, 0x7F, 0x00, 0x00, 0x0F, 0xC0, 0xFC, 0x00, 0x02, 0xE0,
    0x02, 0xE0, 0x00, 0x04, 0x00, 0x04, 0x00, 0x00, 0x00, 0x00, 0x00, 0x00, 0x00, 0x15, 0x40, 0x00,
    0x00, 0x3F, 0xFF, 0x40, 0x00, 0x1F, 0xEB, 0xFD, 0x00, 0x07, 0xF4, 0x0F, 0xF0, 0x00, 0xFD, 0x00,
    0xBF, 0x00, 0x2F, 0xC0, 0x0B, 0xF0, 0x03, 0xF8, 0x00, 0xFE, 0x00, 0x3F, 0x40, 0x2F, 0xC0, 0x07,
    0xF4, 0x6F, 0xF4, 0x00, 0x7F, 0xFF, 0xF8, 0x00, 0x07, 0xFF, 0xE4, 0x00, 0x00, 0x7F, 0x40, 0x00,
    0x00, 0x07, 0xF4, 0x00, 0x00, 0x00, 0x3F, 0xC0, 0x00, 0x00, 0x02, 0xFD, 0x00, 0x1C, 0x00, 0x0F,
    0xF8, 0x0B, 0xE0, 0x00, 0x7F, 0xFF, 0xF8, 0x00, 0x01, 0xFF, 0xFD, 0x00, 0x00, 0x00, 0x54, 0x00,
    0x00, 0x00, 0x00, 0x00, 0x00, 0x00, 0x00, 0x3F, 0x90, 0x20, 0x00, 0x0F, 0xFF, 0xEB, 0x40, 0x01,
    0xEB, 0xFF, 0xF0, 0x00, 0x04, 0x07, 0xFC, 0x00, 0x00, 0x00, 0x40, 0x00, 0x00, 0x00, 0x3F, 0x00,
    0x00, 0x00, 0x0F, 0xFC, 0x00, 0x00, 0x02, 0xFF, 0xE0, 0x00, 0x00, 0xBE, 0x7F, 0x80, 0x00, 0x2F,
    0x40, 0x7D, 0x00, 0x02, 0x80, 0x00, 0xA0, 0x00, 0x00, 0x00, 0x00, 0x00, 0x55, 0x55, 0x55, 0x54,
    0x2F, 0xFF, 0xFF, 0xFF, 0xD1, 0xBF, 0xFF, 0xFF, 0xFD, 0x00, 0xFF, 0x00, 0x0B, 0xE0, 0x0F, 0xF0,
    0x00, 0x3E, 0x00, 0xFF, 0x00, 0x02, 0xE0, 0x0F, 0xE0, 0x00, 0x19, 0x00, 0xFE, 0x00, 0x00, 0x00,
    0x0F, 0xE0, 0x00, 0x00, 0x00, 0xFE, 0x00, 0x00, 0x00, 0x0F, 0xE0, 0x00, 0x00, 0x00, 0xFF, 0xFF,
    0xFD, 0x00, 0x0F, 0xFF, 0xFF, 0xD0, 0x00, 0xFE, 0x00, 0x00, 0x00, 0x0F, 0xD0, 0x00, 0x00, 0x01,
    0xFD, 0x00, 0x00, 0x00, 0x1F, 0xD0, 0x00, 0x00, 0x01, 0xFD, 0x00, 0x00, 0x50, 0x1F, 0xC0, 0x00,
    0x1F, 0x01, 0xFC, 0x00, 0x03, 0xE0, 0x1F, 0xC0, 0x00, 0x7E, 0x02, 0xFC, 0x00, 0x1F, 0xD3, 0xFF,
    0xFF, 0xFF, 0xFD, 0x7F, 0xFF, 0xFF, 0xFF, 0xC0, 0x00, 0x00, 0x00, 0x00, 0x00, 0xFF, 0x40, 0x50,
    0x0F, 0xFF, 0xEB, 0x80, 0x7A, 0xFF, 0xFC, 0x00, 0x40, 0x7F, 0xC0, 0x00, 0x00, 0x00, 0x00, 0x00,
    0x2F, 0x00, 0x00, 0x02, 0xFE, 0x00, 0x00, 0x1F, 0xFD, 0x00, 0x00, 0xFD, 0xFC, 0x00, 0x0F, 0xC0,
    0xFC, 0x00, 0xB8, 0x00, 0xB8, 0x00, 0x40, 0x00, 0x40, 0x00, 0x00, 0x00, 0x00, 0x00, 0x15, 0x40,
    0x00, 0x0F, 0xFF, 0xD0, 0x01, 0xFE, 0xBF, 0xD0, 0x1F, 0xD0, 0x3F, 0xC0, 0xFD, 0x00, 0xBF, 0x0B,
    0xF0, 0x02, 0xFC, 0x3F, 0x80, 0x0F, 0xE0, 0xFD, 0x00, 0xBF, 0x07, 0xF4, 0x6F, 0xF4, 0x1F, 0xFF,
    0xFE, 0x00, 0x7F, 0xFE, 0x40, 0x01, 0xFD, 0x00, 0x00, 0x07, 0xF4, 0x00, 0x00, 0x0F, 0xF0, 0x00,
    0x00, 0x2F, 0xD0, 0x01, 0xC0, 0x3F, 0xE0, 0x2F, 0x80, 0x7F, 0xFF, 0xF8, 0x00, 0x7F, 0xFF, 0x40,
    0x00, 0x05, 0x40, 0x00, 0x00, 0x00, 0x04, 0x00, 0x00, 0x00, 0x03, 0xF0, 0x00, 0x00, 0x00, 0xFF,
    0xC0, 0x00, 0x00, 0x2F, 0xFE, 0x00, 0x00, 0x0B, 0xE7, 0xF8, 0x00, 0x02, 0xF4, 0x07, 0xD0, 0x00,
    0x28, 0x00, 0x0A, 0x00, 0x00, 0x00, 0x00, 0x00, 0x05, 0x55, 0x55, 0x55, 0x42, 0xFF, 0xFF, 0xFF,
    0xFD, 0x1B, 0xFF, 0xFF, 0xFF, 0xD0, 0x0F, 0xF0, 0x00, 0xBE, 0x00, 0xFF, 0x00, 0x03, 0xE0, 0x0F,
    0xF0, 0x00, 0x2E, 0x00, 0xFE, 0x00, 0x01, 0x90, 0x0F, 0xE0, 0x00, 0x00, 0x00, 0xFE, 0x00, 0x00,
    0x00, 0x0F, 0xE0, 0x00, 0x00, 0x00, 0xFE, 0x00, 0x00, 0x00, 0x0F, 0xFF, 0xFF, 0xD0, 0x00, 0xFF,
    0xFF, 0xFD, 0x00, 0x0F, 0xE0, 0x00, 0x00, 0x00, 0xFD, 0x00, 0x00, 0x00, 0x1F, 0xD0, 0x00, 0x00,
    0x01, 0xFD, 0x00, 0x00, 0x00, 0x1F, 0xD0, 0x00, 0x05, 0x01, 0xFC, 0x00, 0x01, 0xF0, 0x1F, 0xC0,
    0x00, 0x3E, 0x01, 0xFC, 0x00, 0x07, 0xE0, 0x2F, 0xC0, 0x01, 0xFD, 0x3F, 0xFF, 0xFF, 0xFF, 0xD7,
    0xFF, 0xFF, 0xFF, 0xFC, 0x00, 0x00, 0x00, 0x00, 0x00, 0x00, 0x00, 0x00, 0x00, 0x00, 0x00, 0x10,
    0x00, 0x00, 0x00, 0x1F, 0xC0, 0x00, 0x00, 0x03, 0xFE, 0x00, 0x00, 0x00, 0x3F, 0xE0, 0x00, 0x00,
    0x02, 0xFD, 0x00, 0x00, 0x00, 0x05, 0x00, 0x00, 0x00, 0x00, 0x00, 0x00, 0x00, 0x2F, 0x00, 0x00,
    0x0B, 0xF8, 0x00, 0x01, 0xFF, 0xD0, 0x00, 0x3F, 0x7F, 0x00, 0x0F, 0xC0, 0xFC, 0x02, 0xE0, 0x02,
    0xE0, 0x04, 0x00, 0x04, 0x00, 0x00, 0x00, 0x00, 0x00, 0x15, 0x40, 0x00, 0x3F, 0xFF, 0x40, 0x1F,
    0xEB, 0xFD, 0x07, 0xF4, 0x0F, 0xF0, 0xFD, 0x00, 0xBF, 0x2F, 0xC0, 0x0B, 0xF3, 0xF8, 0x00, 0xFE,
    0x3F, 0x40, 0x2F, 0xC7, 0xF4, 0x6F, 0xF4, 0x7F, 0xFF, 0xF8, 0x07, 0xFF, 0xE4, 0x00, 0x7F, 0x40,
    0x00, 0x07, 0xF4, 0x00, 0x00, 0x3F, 0xC0, 0x00, 0x02, 0xFD, 0x00, 0x1C, 0x0F, 0xF8, 0x0B, 0xE0,
    0x7F, 0xFF, 0xF8, 0x01, 0xFF, 0xFD, 0x00, 0x00, 0x54, 0x00, 0x00, 0x00, 0x00, 0x00, 0x00, 0x10,
    0x00, 0x00, 0x1F, 0xC0, 0x00, 0x03, 0xFE, 0x00, 0x00, 0x3F, 0xE0, 0x00, 0x02, 0xFD, 0x00, 0x00,
    0x05, 0x00, 0x00, 0x00, 0x15, 0x00, 0x0B, 0xFF, 0x40, 0xF8, 0x7F, 0x43, 0xF0, 0xBD, 0x0B, 0x43,
    0xF0, 0x00, 0x7F, 0x80, 0x03, 0xF4, 0x00, 0x0F, 0x80, 0x00, 0x00, 0x00, 0x15, 0x55, 0x52, 0xFF,
    0xFF, 0xC6, 0xFF, 0xF9, 0x00, 0xFF, 0x00, 0x03, 0xFC, 0x00, 0x0F, 0xF0, 0x00, 0x3F, 0xC0, 0x00,
    0xFE, 0x00, 0x03, 0xF8, 0x00, 0x0F, 0xE0, 0x00, 0x3F, 0x80, 0x00, 0xFE, 0x00, 0x03, 0xF8, 0x00,
    0x0F, 0xD0, 0x00, 0x3F, 0x40, 0x01, 0xFD, 0x00, 0x07, 0xF4, 0x00, 0x1F, 0xD0, 0x00, 0x7F, 0x40,
    0x01, 0xFC, 0x00, 0x07, 0xF0, 0x00, 0x2F, 0xD0, 0x1F, 0xFF, 0xFC, 0x7F, 0xFF, 0xF0, 0x00, 0x00,
    0x00, 0x7F, 0xF8, 0x07, 0xD7, 0xF4, 0x3F, 0x07, 0xE0, 0x7C, 0x2F, 0x80, 0x02, 0xFC, 0x00, 0x2F,
    0xC0, 0x00, 0xFC, 0x00, 0x03, 0xE0, 0x00, 0x00, 0x00, 0x00, 0x15, 0x00, 0x0F, 0xFE, 0x00, 0x7F,
    0xFC, 0x00, 0x43, 0xF4, 0x00, 0x0F, 0xD0, 0x00, 0x3F, 0x40, 0x01, 0xFC, 0x00, 0x07, 0xF0, 0x00,
    0x1F, 0xC0, 0x00, 0xBF, 0x00, 0x02, 0xFC, 0x00, 0x0B, 0xF0, 0x00, 0x3F, 0x80, 0x00, 0xFE, 0x00,
    0x03, 0xF8, 0x00, 0x0F, 0xE0, 0x40, 0x3F, 0xFF, 0x00, 0x7F, 0xE0, 0x00, 0x14, 0x00, 0x05, 0x55,
    0x54, 0xBF, 0xFF, 0xF1, 0xBF, 0xFE, 0x40, 0x3F, 0xC0, 0x00, 0xFF, 0x00, 0x03, 0xFC, 0x00, 0x0F,
    0xF0, 0x00, 0x3F, 0x80, 0x00, 0xFE, 0x00, 0x03, 0xF8, 0x00, 0x0F, 0xE0, 0x00, 0x3F, 0x80, 0x00,
    0xFE, 0x00, 0x03, 0xF4, 0x00, 0x0F, 0xD0, 0x00, 0x7F, 0x40, 0x01, 0xFD, 0x00, 0x07, 0xF4, 0x00,
    0x1F, 0xD0, 0x00, 0x7F, 0x00, 0x01, 0xFC, 0x00, 0x0B, 0xF4, 0x07, 0xFF, 0xFF, 0x1F, 0xFF, 0xFC,
    0x00, 0x00, 0x00, 0x00, 0x00, 0x00, 0x01, 0x00, 0x00, 0xBF, 0x00, 0x03, 0xFD, 0x00, 0x0F, 0xF4,
    0x00, 0x3F, 0xC0, 0x00, 0x14, 0x00, 0x00, 0x10, 0x00, 0x07, 0xF4, 0x00, 0x3F, 0xF0, 0x00, 0xFF,
    0xC0, 0x01, 0xFD, 0x00, 0x00, 0x40, 0x00, 0x00, 0x00, 0x00, 0x00, 0x00, 0x01, 0x50, 0x00, 0xFF,
    0xE0, 0x07, 0xFF, 0xC0, 0x04, 0x3F, 0x40, 0x00, 0xFD, 0x00, 0x07, 0xF4, 0x00, 0x1F, 0xC0, 0x00,
    0x7F, 0x00, 0x01, 0xFC, 0x00, 0x0B, 0xF0, 0x00, 0x2F, 0xC0, 0x00, 0xBF, 0x00, 0x03, 0xF8, 0x00,
    0x0F, 0xE0, 0x00, 0x3F, 0x80, 0x00, 0xFE, 0x04, 0x03, 0xFF, 0xF0, 0x07, 0xFE, 0x00, 0x01, 0x40,
    0x00, 0x00, 0x00, 0x00, 0x10, 0x00, 0x07, 0xF4, 0x00, 0x3F, 0xF0, 0x00, 0xFF, 0xC0, 0x01, 0xFD,
    0x00, 0x00, 0x40, 0x00, 0x00, 0x00, 0x6F, 0xF9, 0x00, 0x00, 0x00, 0x1F, 0xFF, 0xFF, 0x40, 0x00,
    0x03, 0xFF, 0x96, 0xFF, 0x80, 0x00, 0x3F, 0xC0, 0x00, 0xFF, 0x80, 0x02, 0xFC, 0x00, 0x00, 0xFF,
    0x40, 0x1F, 0xD0, 0x00, 0x01, 0xFF, 0x00, 0xFF, 0x00, 0x00, 0x03, 0xFD, 0x07, 0xF4, 0x00, 0x00,
    0x0B, 0xF8, 0x2F, 0xC0, 0x00, 0x00, 0x1F, 0xF0, 0xFF, 0x00, 0x00, 0x00, 0x3F, 0xC3, 0xFC, 0x00,
    0x00, 0x00, 0xFF, 0x0F, 0xF0, 0x00, 0x00, 0x03, 0xFC, 0x3F, 0xC0, 0x00, 0x00, 0x0F, 0xF0, 0xFF,
    0x00, 0x00, 0x00, 0x3F, 0xC3, 0xFC, 0x00, 0x00, 0x00, 0xFE, 0x0F, 0xF0, 0x00, 0x00, 0x07, 0xF8,
    0x3F, 0xC0, 0x00, 0x00, 0x2F, 0xD0, 0xBF, 0x80, 0x00, 0x00, 0xFF, 0x00, 0xFF, 0x00, 0x00, 0x03,
    0xF4, 0x02, 0xFD, 0x00, 0x00, 0x3F, 0xC0, 0x03, 0xFD, 0x00, 0x02, 0xFD, 0x00, 0x07, 0xFE, 0x00,
    0x7F, 0xD0, 0x00, 0x07, 0xFF, 0xFF, 0xFD, 0x00, 0x00, 0x02, 0xFF, 0xFF, 0x80, 0x00, 0x00, 0x00,
    0x15, 0x40, 0x00, 0x00, 0x00, 0x00, 0x00, 0x00, 0x00, 0x00, 0x00, 0x00, 0x40, 0x00, 0x00, 0x00,
    0x00, 0x0F, 0xE0, 0x00, 0x00, 0x00, 0x00, 0xBF, 0xC0, 0x00, 0x00, 0x00, 0x02, 0xFF, 0x00, 0x00,
    0x00, 0x00, 0x03, 0xF8, 0x00, 0x00, 0x00, 0x00, 0x01, 0x40, 0x00, 0x00, 0x00, 0x01, 0x54, 0x00,
    0x00, 0x7F, 0xFF, 0x80, 0x02, 0xFF, 0xBF, 0xF0, 0x0B, 0xF4, 0x07, 0xF8, 0x0F, 0xD0, 0x02, 0xFC,
    0x2F, 0xC0, 0x00, 0xFE, 0x3F, 0x80, 0x00, 0xFF, 0x3F, 0x80, 0x00, 0xFF, 0x7F, 0x40, 0x00, 0xFF,
    0x7F, 0x40, 0x00, 0xFF, 0x7F, 0x40, 0x00, 0xFF, 0x7F, 0x40, 0x00, 0xFF, 0x7F, 0x80, 0x00, 0xFE,
    0x3F, 0xC0, 0x01, 0xFC, 0x2F, 0xC0, 0x03, 0xFC, 0x0F, 0xF0, 0x0B, 0xF0, 0x07, 0xFE, 0xBF, 0xD0,
    0x00, 0xFF, 0xFE, 0x00, 0x00, 0x05, 0x50, 0x00, 0x00, 0x00, 0x00, 0x00, 0x00, 0x01, 0x00, 0x00,
    0x00, 0x0F, 0xE0, 0x00, 0x00, 0x2F, 0xF0, 0x00, 0x00, 0x2F, 0xF0, 0x00, 0x00, 0x0F, 0xE0, 0x00,
    0x00, 0x01, 0x40, 0x00, 0x00, 0x00, 0x01, 0x40, 0x00, 0x00, 0x00, 0x00, 0xFF, 0xF4, 0x00, 0x00,
    0x00, 0x0F, 0x87, 0xF0, 0x00, 0x00, 0x00, 0x3E, 0x0B, 0xD0, 0x00, 0x00, 0x00, 0xB4, 0x7F, 0x00,
    0x00, 0x00, 0x00, 0x07, 0xF4, 0x00, 0x00, 0x00, 0x00, 0x3F, 0x40, 0x00, 0x00, 0x00, 0x01, 0xF4,
    0x00, 0x00, 0x00, 0x00, 0x00, 0x00, 0x00, 0x00, 0x00, 0x01, 0xBF, 0xE4, 0x00, 0x00, 0x00, 0x7F,
    0xFF, 0xFD, 0x00, 0x00, 0x0F, 0xFE, 0x5B, 0xFE, 0x00, 0x00, 0xFF, 0x00, 0x03, 0xFE, 0x00, 0x0B,
    0xF0, 0x00, 0x03, 0xFD, 0x00, 0x7F, 0x40, 0x00, 0x07, 0xFC, 0x03, 0xFC, 0x00, 0x00, 0x0F, 0xF4,
    0x1F, 0xD0, 0x00, 0x00, 0x2F, 0xE0, 0xBF, 0x00, 0x00, 0x00, 0x7F, 0xC3, 0xFC, 0x00, 0x00, 0x00,
    0xFF, 0x0F, 0xF0, 0x00, 0x00, 0x03, 0xFC, 0x3F, 0xC0, 0x00, 0x00, 0x0F, 0xF0, 0xFF, 0x00, 0x00,
    0x00, 0x3F, 0xC3, 0xFC, 0x00, 0x00, 0x00, 0xFF, 0x0F, 0xF0, 0x00, 0x00, 0x03, 0xF8, 0x3F, 0xC0,
    0x00, 0x00, 0x1F, 0xE0, 0xFF, 0x00, 0x00, 0x00, 0xBF, 0x42, 0xFE, 0x00, 0x00, 0x03, 0xFC, 0x03,
    0xFC, 0x00, 0x00, 0x0F, 0xD0, 0x0B, 0xF4, 0x00, 0x00, 0xFF, 0x00, 0x0F, 0xF4, 0x00, 0x0B, 0xF4,
    0x00, 0x1F, 0xF8, 0x01, 0xFF, 0x40, 0x00, 0x1F, 0xFF, 0xFF, 0xF4, 0x00, 0x00, 0x0B, 0xFF, 0xFE,
    0x00, 0x00, 0x00, 0x00, 0x55, 0x00, 0x00, 0x00, 0x00, 0x00, 0x00, 0x00, 0x00, 0x0B, 0xFE, 0x00,
    0x00, 0x3E, 0x6F, 0xC0, 0x00, 0x7C, 0x0F, 0xC0, 0x00, 0x3C, 0x1F, 0xC0, 0x00, 0x00, 0x7F, 0x40,
    0x00, 0x01, 0xFC, 0x00, 0x00, 0x02, 0xF0, 0x00, 0x00, 0x02, 0xF0, 0x00, 0x00, 0x00, 0x00, 0x00,
    0x00, 0x01, 0x54, 0x00, 0x00, 0x7F, 0xFF, 0x80, 0x02, 0xFF, 0xBF, 0xF0, 0x0B, 0xF4, 0x07, 0xF8,
    0x0F, 0xD0, 0x02, 0xFC, 0x2F, 0xC0, 0x00, 0xFE, 0x3F, 0x80, 0x00, 0xFF, 0x3F, 0x80, 0x00, 0xFF,
    0x7F, 0x40, 0x00, 0xFF, 0x7F, 0x40, 0x00, 0xFF, 0x7F, 0x40, 0x00, 0xFF, 0x7F, 0x40, 0x00, 0xFF,
    0x7F, 0x80, 0x00, 0xFE, 0x3F, 0xC0, 0x01, 0xFC, 0x2F, 0xC0, 0x03, 0xFC, 0x0F, 0xF0, 0x0B, 0xF0,
    0x07, 0xFE, 0xBF, 0xD0, 0x00, 0xFF, 0xFE, 0x00, 0x00, 0x05, 0x50, 0x00, 0x00, 0x00, 0x00, 0x1E,
    0x00, 0x00, 0x00, 0x00, 0x02, 0xFC, 0x00, 0x00, 0x00, 0x00, 0x2F, 0xF0, 0x00, 0x00, 0x00, 0x02,
    0xFE, 0x00, 0x00, 0x00, 0x00, 0x3F, 0x80, 0x00, 0x00, 0x00, 0x00, 0xD0, 0x00, 0x00, 0x00, 0x00,
    0x00, 0x04, 0x00, 0x00, 0x00, 0x00, 0x00, 0xF8, 0x00, 0x00, 0x00, 0x00, 0x0F, 0xF8, 0x00, 0x00,
    0x00, 0x00, 0xFF, 0xF4, 0x00, 0x00, 0x00, 0x0F, 0xE7, 0xF4, 0x00, 0x00, 0x00, 0xFC, 0x02, 0xF0,
    0x00, 0x00, 0x03, 0x40, 0x01, 0xD0, 0x00, 0x00, 0x00, 0x00, 0x00, 0x00, 0x00, 0x00, 0x06, 0xFF,
    0x90, 0x00, 0x00, 0x01, 0xFF, 0xFF, 0xF4, 0x00, 0x00, 0x3F, 0xF9, 0x6F, 0xF8, 0x00, 0x03, 0xFC,
    0x00, 0x0F, 0xF8, 0x00, 0x2F, 0xC0, 0x00, 0x0F, 0xF4, 0x01, 0xFD, 0x00, 0x00, 0x1F, 0xF0, 0x0F,
    0xF0, 0x00, 0x00, 0x3F, 0xD0, 0x7F, 0x40, 0x00, 0x00, 0xBF, 0x82, 0xFC, 0x00, 0x00, 0x01, 0xFF,
    0x0F, 0xF0, 0x00, 0x00, 0x03, 0xFC, 0x3F, 0xC0, 0x00, 0x00, 0x0F, 0xF0, 0xFF, 0x00, 0x00, 0x00,
    0x3F, 0xC3, 0xFC, 0x00, 0x00, 0x00, 0xFF, 0x0F, 0xF0, 0x00, 0x00, 0x03, 0xFC, 0x3F, 0xC0, 0x00,
    0x00, 0x0F, 0xE0, 0xFF, 0x00, 0x00, 0x00, 0x7F, 0x83, 0xFC, 0x00, 0x00, 0x02, 0xFD, 0x0B, 0xF8,
    0x00, 0x00, 0x0F, 0xF0, 0x0F, 0xF0, 0x00, 0x00, 0x3F, 0x40, 0x2F, 0xD0, 0x00, 0x03, 0xFC, 0x00,
    0x3F, 0xD0, 0x00, 0x2F, 0xD0, 0x00, 0x7F, 0xE0, 0x07, 0xFD, 0x00, 0x00, 0x7F, 0xFF, 0xFF, 0xD0,
    0x00, 0x00, 0x2F, 0xFF, 0xF8, 0x00, 0x00, 0x00, 0x01, 0x54, 0x00, 0x00, 0x00, 0x00, 0x00, 0x0B,
    0x40, 0x00, 0x00, 0x2F, 0xC0, 0x00, 0x00, 0xFF, 0xC0, 0x00, 0x03, 0xFE, 0x00, 0x00, 0x0F, 0xD0,
    0x00, 0x00, 0x0D, 0x00, 0x00, 0x00, 0x00, 0x00, 0x00, 0x00, 0x01, 0xF4, 0x00, 0x00, 0x03, 0xFC,
    0x00, 0x00, 0x0F, 0xFE, 0x00, 0x00, 0x2F, 0xBF, 0x40, 0x00, 0x7D, 0x0B, 0xC0, 0x00, 0xF0, 0x01,
    0xF0, 0x00, 0x40, 0x00, 0x10, 0x00, 0x00, 0x00, 0x00, 0x00, 0x01, 0x54, 0x00, 0x00, 0x7F, 0xFF,
    0x80, 0x02, 0xFF, 0xBF, 0xF0, 0x0B, 0xF4, 0x07, 0xF8, 0x0F, 0xD0, 0x02, 0xFC, 0x2F, 0xC0, 0x00,
    0xFE, 0x3F, 0x80, 0x00, 0xFF, 0x3F, 0x80, 0x00, 0xFF, 0x7F, 0x40, 0x00, 0xFF, 0x7F, 0x40, 0x00,
    0xFF, 0x7F, 0x40, 0x00, 0xFF, 0x7F, 0x40, 0x00, 0xFF, 0x7F, 0x80, 0x00, 0xFE, 0x3F, 0xC0, 0x01,
    0xFC, 0x2F, 0xC0, 0x03, 0xFC, 0x0F, 0xF0, 0x0B, 0xF0, 0x07, 0xFE, 0xBF, 0xD0, 0x00, 0xFF, 0xFE,
    0x00, 0x00, 0x05, 0x50, 0x00, 0x00, 0x00, 0x28, 0x00, 0x00, 0x00, 0x00, 0x02, 0xFC, 0x00, 0x00,
    0x00, 0x00, 0x0B, 0xFC, 0x00, 0x00, 0x00, 0x00, 0x0B, 0xFC, 0x00, 0x00, 0x00, 0x00, 0x01, 0xFD,
    0x00, 0x00, 0x00, 0x00, 0x00, 0x74, 0x00, 0x00, 0x00, 0x00, 0x04, 0x00, 0x00, 0x00, 0x00, 0x00,
    0xF8, 0x00, 0x00, 0x00, 0x00, 0x0F, 0xF8, 0x00, 0x00, 0x00, 0x00, 0xFF, 0xF4, 0x00, 0x00, 0x00,
    0x0F, 0xE7, 0xF4, 0x00, 0x00, 0x00, 0xFC, 0x02, 0xF0, 0x00, 0x00, 0x03, 0x40, 0x01, 0xD0, 0x00,
    0x00, 0x00, 0x00, 0x00, 0x00, 0x00, 0x00, 0x06, 0xFF, 0x90, 0x00, 0x00, 0x01, 0xFF, 0xFF, 0xF4,
    0x00, 0x00, 0x3F, 0xF9, 0x6F, 0xF8, 0x00, 0x03, 0xFC, 0x00, 0x0F, 0xF8, 0x00, 0x2F, 0xC0, 0x00,
    0x0F, 0xF4, 0x01, 0xFD, 0x00, 0x00, 0x1F, 0xF0, 0x0F, 0xF0, 0x00, 0x00, 0x3F, 0xD0, 0x7F, 0x40,
    0x00, 0x00, 0xBF, 0x82, 0xFC, 0x00, 0x00, 0x01, 0xFF, 0x0F, 0xF0, 0x00, 0x00, 0x03, 0xFC, 0x3F,
    0xC0, 0x00, 0x00, 0x0F, 0xF0, 0xFF, 0x00, 0x00, 0x00, 0x3F, 0xC3, 0xFC, 0x00, 0x00, 0x00, 0xFF,
    0x0F, 0xF0, 0x00, 0x00, 0x03, 0xFC, 0x3F, 0xC0, 0x00, 0x00, 0x0F, 0xE0, 0xFF, 0x00, 0x00, 0x00,
    0x7F, 0x83, 0xFC, 0x00, 0x00, 0x02, 0xFD, 0x0B, 0xF8, 0x00, 0x00, 0x0F, 0xF0, 0x0F, 0xF0, 0x00,
    0x00, 0x3F, 0x40, 0x2F, 0xD0, 0x00, 0x03, 0xFC, 0x00, 0x3F, 0xD0, 0x00, 0x2F, 0xD0, 0x00, 0x7F,
    0xE0, 0x07, 0xFD, 0x00, 0x00, 0x7F, 0xFF, 0xFF, 0xD0, 0x00, 0x00, 0x2F, 0xFF, 0xF8, 0x00, 0x00,
    0x00, 0x01, 0x54, 0x00, 0x00, 0x00, 0x00, 0x0E, 0x00, 0x00, 0x00, 0x3F, 0x80, 0x00, 0x00, 0x3F,
    0xE0, 0x00, 0x00, 0x0B, 0xFC, 0x00, 0x00, 0x00, 0xBF, 0x00, 0x00, 0x00, 0x07, 0x00, 0x00, 0x00,
    0x00, 0x00, 0x00, 0x01, 0xF4, 0x00, 0x00, 0x03, 0xFC, 0x00, 0x00, 0x0F, 0xFE, 0x00, 0x00, 0x2F,
    0xBF, 0x40, 0x00, 0x7D, 0x0B, 0xC0, 0x00, 0xF0, 0x01, 0xF0, 0x00, 0x40, 0x00, 0x10, 0x00, 0x00,
    0x00, 0x00, 0x00, 0x01, 0x54, 0x00, 0x00, 0x7F, 0xFF, 0x80, 0x02, 0xFF, 0xBF, 0xF0, 0x0B, 0xF4,
    0x07, 0xF8, 0x0F, 0xD0, 0x02, 0xFC, 0x2F, 0xC0, 0x00, 0xFE, 0x3F, 0x80, 0x00, 0xFF, 0x3F, 0x80,
    0x00, 0xFF, 0x7F, 0x40, 0x00, 0xFF, 0x7F, 0x40, 0x00, 0xFF, 0x7F, 0x40, 0x00, 0xFF, 0x7F, 0x40,
    0x00, 0xFF, 0x7F, 0x80, 0x00, 0xFE, 0x3F, 0xC0, 0x01, 0xFC, 0x2F, 0xC0, 0x03, 0xFC, 0x0F, 0xF0,
    0x0B, 0xF0, 0x07, 0xFE, 0xBF, 0xD0, 0x00, 0xFF, 0xFE, 0x00, 0x00, 0x05, 0x50, 0x00, 0x00, 0x00,
    0x00, 0x00, 0x54, 0x00, 0x00, 0x00, 0x00, 0x2F, 0xFE, 0x00, 0x00, 0x00, 0x02, 0xE5, 0xFD, 0x00,
    0x00, 0x00, 0x0F, 0xC1, 0xF8, 0x00, 0x00, 0x00, 0x1E, 0x0F, 0xD0, 0x00, 0x00, 0x00, 0x00, 0xFE,
    0x00, 0x00, 0x00, 0x04, 0x0F, 0xD0, 0x00, 0x00, 0x00, 0xF8, 0x3E, 0x00, 0x00, 0x00, 0x0F, 0xF8,
    0x00, 0x00, 0x00, 0x00, 0xFF, 0xF4, 0x00, 0x00, 0x00, 0x0F, 0xE7, 0xF4, 0x00, 0x00, 0x00, 0xFC,
    0x02, 0xF0, 0x00, 0x00, 0x03, 0x40, 0x01, 0xD0, 0x00, 0x00, 0x00, 0x00, 0x00, 0x00, 0x00, 0x00,
    0x06, 0xFF, 0x90, 0x00, 0x00, 0x01, 0xFF, 0xFF, 0xF4, 0x00, 0x00, 0x3F, 0xF9, 0x6F, 0xF8, 0x00,
    0x03, 0xFC, 0x00, 0x0F, 0xF8, 0x00, 0x2F, 0xC0, 0x00, 0x0F, 0xF4, 0x01, 0xFD, 0x00, 0x00, 0x1F,
    0xF0, 0x0F, 0xF0, 0x00, 0x00, 0x3F, 0xD0, 0x7F, 0x40, 0x00, 0x00, 0xBF, 0x82, 0xFC, 0x00, 0x00,
    0x01, 0xFF, 0x0F, 0xF0, 0x00, 0x00, 0x03, 0xFC, 0x3F, 0xC0, 0x00, 0x00, 0x0F, 0xF0, 0xFF, 0x00,
    0x00, 0x00, 0x3F, 0xC3, 0xFC, 0x00, 0x00, 0x00, 0xFF, 0x0F, 0xF0, 0x00, 0x00, 0x03, 0xFC, 0x3F,
    0xC0, 0x00, 0x00, 0x0F, 0xE0, 0xFF, 0x00, 0x00, 0x00, 0x7F, 0x83, 0xFC, 0x00, 0x00, 0x02, 0xFD,
    0x0B, 0xF8, 0x00, 0x00, 0x0F, 0xF0, 0x0F, 0xF0, 0x00, 0x00, 0x3F, 0x40, 0x2F, 0xD0, 0x00, 0x03,
    0xFC, 0x00, 0x3F, 0xD0, 0x00, 0x2F, 0xD0, 0x00, 0x7F, 0xE0, 0x07, 0xFD, 0x00, 0x00, 0x7F, 0xFF,
    0xFF, 0xD0, 0x00, 0x00, 0x2F, 0xFF, 0xF8, 0x00, 0x00, 0x00, 0x01, 0x54, 0x00, 0x00, 0x00, 0x00,
    0x00, 0x00, 0x14, 0x00, 0x00, 0x00, 0x1F, 0xFF, 0x00, 0x00, 0x00, 0xF4, 0x7F, 0x00, 0x00, 0x07,
    0xD0, 0xFC, 0x00, 0x00, 0x0F, 0x0B, 0xF0, 0x00, 0x00, 0x00, 0xBF, 0x00, 0x00, 0x00, 0x07, 0xF0,
    0x00, 0x00, 0x7D, 0x2F, 0x00, 0x00, 0x03, 0xFC, 0x00, 0x00, 0x00, 0x3F, 0xF8, 0x00, 0x00, 0x02,
    0xFB, 0xF4, 0x00, 0x00, 0x1F, 0x42, 0xF0, 0x00, 0x00, 0xF0, 0x01, 0xF0, 0x00, 0x01, 0x00, 0x00,
    0x40, 0x00, 0x00, 0x00, 0x00, 0x00, 0x00, 0x00, 0x55, 0x00, 0x00, 0x00, 0x7F, 0xFF, 0x80, 0x00,
    0x0B, 0xFE, 0xFF, 0xC0, 0x00, 0xBF, 0x40, 0x7F, 0x80, 0x03, 0xF4, 0x00, 0xBF, 0x00, 0x2F, 0xC0,
    0x00, 0xFE, 0x00, 0xFE, 0x00, 0x03, 0xFC, 0x03, 0xF8, 0x00, 0x0F, 0xF0, 0x1F, 0xD0, 0x00, 0x3F,
    0xC0, 0x7F, 0x40, 0x00, 0xFF, 0x01, 0xFD, 0x00, 0x03, 0xFC, 0x07, 0xF4, 0x00, 0x0F, 0xF0, 0x1F,
    0xE0, 0x00, 0x3F, 0x80, 0x3F, 0xC0, 0x01, 0xFC, 0x00, 0xBF, 0x00, 0x0F, 0xF0, 0x00, 0xFF, 0x00,
    0xBF, 0x00, 0x01, 0xFF, 0xAF, 0xF4, 0x00, 0x00, 0xFF, 0xFE, 0x00, 0x00, 0x00, 0x15, 0x40, 0x00,
    0x00, 0x00, 0x00, 0x00, 0x00, 0x00, 0x00, 0x00, 0x02, 0xFE, 0x00, 0x80, 0x00, 0x00, 0x1F, 0xFF,
    0xEF, 0x00, 0x00, 0x00, 0xF7, 0xFF, 0xF4, 0x00, 0x00, 0x01, 0x00, 0xBF, 0x80, 0x00, 0x00, 0x00,
    0x01, 0x00, 0x00, 0x00, 0x00, 0x00, 0x3E, 0x00, 0x00, 0x00, 0x00, 0x03, 0xFE, 0x00, 0x00, 0x00,
    0x00, 0x3F, 0xFD, 0x00, 0x00, 0x00, 0x03, 0xF9, 0xFD, 0x00, 0x00, 0x00, 0x3F, 0x00, 0xBC, 0x00,
    0x00, 0x00, 0xD0, 0x00, 0x74, 0x00, 0x00, 0x00, 0x00, 0x00, 0x00, 0x00, 0x00, 0x01, 0xBF, 0xE4,
    0x00, 0x00, 0x00, 0x7F, 0xFF, 0xFD, 0x00, 0x00, 0x0F, 0xFE, 0x5B, 0xFE, 0x00, 0x00, 0xFF, 0x00,
    0x03, 0xFE, 0x00, 0x0B, 0xF0, 0x00, 0x03, 0xFD, 0x00, 0x7F, 0x40, 0x00, 0x07, 0xFC, 0x03, 0xFC,
    0x00, 0x00, 0x0F, 0xF4, 0x1F, 0xD0, 0x00, 0x00, 0x2F, 0xE0, 0xBF, 0x00, 0x00, 0x00, 0x7F, 0xC3,
    0xFC, 0x00, 0x00, 0x00, 0xFF, 0x0F, 0xF0, 0x00, 0x00, 0x03, 0xFC, 0x3F, 0xC0, 0x00, 0x00, 0x0F,
    0xF0, 0xFF, 0x00, 0x00, 0x00, 0x3F, 0xC3, 0xFC, 0x00, 0x00, 0x00, 0xFF, 0x0F, 0xF0, 0x00, 0x00,
    0x03, 0xF8, 0x3F, 0xC0, 0x00, 0x00, 0x1F, 0xE0, 0xFF, 0x00, 0x00, 0x00, 0xBF, 0x42, 0xFE, 0x00,
    0x00, 0x03, 0xFC, 0x03, 0xFC, 0x00, 0x00, 0x0F, 0xD0, 0x0B, 0xF4, 0x00, 0x00, 0xFF, 0x00, 0x0F,
    0xF4, 0x00, 0x0B, 0xF4, 0x00, 0x1F, 0xF8, 0x01, 0xFF, 0x40, 0x00, 0x1F, 0xFF, 0xFF, 0xF4, 0x00,
    0x00, 0x0B, 0xFF, 0xFE, 0x00, 0x00, 0x00, 0x00, 0x55, 0x00, 0x00, 0x00, 0x00, 0x00, 0x00, 0x00,
    0x00, 0x3F, 0xD0, 0x14, 0x00, 0xBF, 0xFE, 0xBC, 0x00, 0xFB, 0xFF, 0xF0, 0x00, 0x80, 0x6F, 0xD0,
    0x00, 0x00, 0x00, 0x00, 0x00, 0x01, 0xF4, 0x00, 0x00, 0x03, 0xFC, 0x00, 0x00, 0x0F, 0xFE, 0x00,
    0x00, 0x2F, 0xBF, 0x40, 0x00, 0x7D, 0x0B, 0xC0, 0x00, 0xF0, 0x01, 0xF0, 0x00, 0x40, 0x00, 0x10,
    0x00, 0x00, 0x00, 0x00, 0x00, 0x01, 0x54, 0x00, 0x00, 0x7F, 0xFF, 0x80, 0x02, 0xFF, 0xBF, 0xF0,
    0x0B, 0xF4, 0x07, 0xF8, 0x0F, 0xD0, 0x02, 0xFC, 0x2F, 0xC0, 0x00, 0xFE, 0x3F, 0x80, 0x00, 0xFF,
    0x3F, 0x80, 0x00, 0xFF, 0x7F, 0x40, 0x00, 0xFF, 0x7F, 0x40, 0x00, 0xFF, 0x7F, 0x40, 0x00, 0xFF,
    0x7F, 0x40, 0x00, 0xFF, 0x7F, 0x80, 0x00, 0xFE, 0x3F, 0xC0, 0x01, 0xFC, 0x2F, 0xC0, 0x03, 0xFC,
    0x0F, 0xF0, 0x0B, 0xF0, 0x07, 0xFE, 0xBF, 0xD0, 0x00, 0xFF, 0xFE, 0x00, 0x00, 0x05, 0x50, 0x00,
    0x00, 0x00, 0x00, 0x40, 0x00, 0x00, 0x00, 0x00, 0x0F, 0x80, 0x00, 0x00, 0x00, 0x00, 0xFF, 0x80,
    0x00, 0x00, 0x00, 0x0F, 0xFF, 0x40, 0x00, 0x00, 0x00, 0xFE, 0x7F, 0x40, 0x00, 0x00, 0x0F, 0xC0,
    0x2F, 0x00, 0x00, 0x00, 0x34, 0x00, 0x1D, 0x00, 0x00, 0x00, 0x00, 0x00, 0x00, 0x00, 0x00, 0x00,
    0x6F, 0xF9, 0x00, 0x00, 0x00, 0x1F, 0xFF, 0xFF, 0x40, 0x00, 0x03, 0xFF, 0x96, 0xFF, 0x80, 0x00,
    0x3F, 0xC0, 0x00, 0xFF, 0x80, 0x02, 0xFC, 0x00, 0x00, 0xFF, 0x40, 0x1F, 0xD0, 0x00, 0x01, 0xFF,
    0x00, 0xFF, 0x00, 0x00, 0x03, 0xFD, 0x07, 0xF4, 0x00, 0x00, 0x0B, 0xF8, 0x2F, 0xC0, 0x00, 0x00,
    0x1F, 0xF0, 0xFF, 0x00, 0x00, 0x00, 0x3F, 0xC3, 0xFC, 0x00, 0x00, 0x00, 0xFF, 0x0F, 0xF0, 0x00,
    0x00, 0x03, 0xFC, 0x3F, 0xC0, 0x00, 0x00, 0x0F, 0xF0, 0xFF, 0x00, 0x00, 0x00, 0x3F, 0xC3, 0xFC,
    0x00, 0x00, 0x00, 0xFE, 0x0F, 0xF0, 0x00, 0x00, 0x07, 0xF8, 0x3F, 0xC0, 0x00, 0x00, 0x2F, 0xD0,
    0xBF, 0x80, 0x00, 0x00, 0xFF, 0x00, 0xFF, 0x00, 0x00, 0x03, 0xF4, 0x02, 0xFD, 0x00, 0x00, 0x3F,
    0xC0, 0x03, 0xFD, 0x00, 0x02, 0xFD, 0x00, 0x07, 0xFE, 0x00, 0x7F, 0xD0, 0x00, 0x07, 0xFF, 0xFF,
    0xFD, 0x00, 0x00, 0x02, 0xFF, 0xFF, 0x80, 0x00, 0x00, 0x00, 0x15, 0x40, 0x00, 0x00, 0x00, 0x00,
    0x00, 0x00, 0x00, 0x00, 0x00, 0x00, 0x40, 0x00, 0x00, 0x00, 0x00, 0x0F, 0xE0, 0x00, 0x00, 0x00,
    0x00, 0xBF, 0xC0, 0x00, 0x00, 0x00, 0x02, 0xFF, 0x00, 0x00, 0x00, 0x00, 0x03, 0xF8, 0x00, 0x00,
    0x00, 0x00, 0x01, 0x40, 0x00, 0x00, 0x00, 0x00, 0x00, 0x00, 0x00, 0x01, 0xF4, 0x00, 0x00, 0x03,
    0xFC, 0x00, 0x00, 0x0F, 0xFE, 0x00, 0x00, 0x2F, 0xBF, 0x40, 0x00, 0x7D, 0x0B, 0xC0, 0x00, 0xF0,
    0x01, 0xF0, 0x00, 0x40, 0x00, 0x10, 0x00, 0x00, 0x00, 0x00, 0x00, 0x01, 0x54, 0x00, 0x00, 0x7F,
    0xFF, 0x80, 0x02, 0xFF, 0xBF, 0xF0, 0x0B, 0xF4, 0x07, 0xF8, 0x0F, 0xD0, 0x02, 0xFC, 0x2F, 0xC0,
    0x00, 0xFE, 0x3F, 0x80, 0x00, 0xFF, 0x3F, 0x80, 0x00, 0xFF, 0x7F, 0x40, 0x00, 0xFF, 0x7F, 0x40,
    0x00, 0xFF, 0x7F, 0x40, 0x00, 0xFF, 0x7F, 0x40, 0x00, 0xFF, 0x7F, 0x80, 0x00, 0xFE, 0x3F, 0xC0,
    0x01, 0xFC, 0x2F, 0xC0, 0x03, 0xFC, 0x0F, 0xF0, 0x0B, 0xF0, 0x07, 0xFE, 0xBF, 0xD0, 0x00, 0xFF,
    0xFE, 0x00, 0x00, 0x05, 0x50, 0x00, 0x00, 0x00, 0x00, 0x00, 0x00, 0x01, 0x00, 0x00, 0x00, 0x0F,
    0xE0, 0x00, 0x00, 0x2F, 0xF0, 0x00, 0x00, 0x2F, 0xF0, 0x00, 0x00, 0x0F, 0xE0, 0x00, 0x00, 0x01,
    0x40, 0x00, 0x00, 0x00, 0x00, 0x0B, 0x40, 0x00, 0x00, 0x00, 0x00, 0x00, 0xFE, 0x00, 0x00, 0x00,
    0x00, 0x00, 0x0F, 0xF8, 0x00, 0x00, 0x00, 0x00, 0x01, 0xFF, 0x40, 0x00, 0x00, 0x00, 0x00, 0x1F,
    0xD0, 0x00, 0x00, 0x00, 0x00, 0x00, 0x64, 0x00, 0x00, 0x05, 0x40, 0x00, 0x00, 0x00, 0x00, 0x00,
    0xBF, 0x40, 0x00, 0x1B, 0xFE, 0x40, 0x03, 0xFF, 0x00, 0x07, 0xFF, 0xFF, 0xD0, 0x0F, 0xFC, 0x00,
    0xFF, 0xE5, 0xBF, 0xE0, 0x03, 0xF0, 0x0F, 0xF0, 0x00, 0x3F, 0xE0, 0x0F, 0x80, 0xBF, 0x00, 0x00,
    0x3F, 0xD0, 0x3C, 0x07, 0xF4, 0x00, 0x00, 0x7F, 0xC3, 0xD0, 0x3F, 0xC0, 0x00, 0x00, 0xFF, 0xBE,
    0x01, 0xFD, 0x00, 0x00, 0x02, 0xFF, 0xD0, 0x0B, 0xF0, 0x00, 0x00, 0x07, 0xFC, 0x00, 0x3F, 0xC0,
    0x00, 0x00, 0x0F, 0xF0, 0x00, 0xFF, 0x00, 0x00, 0x00, 0x3F, 0xC0, 0x03, 0xFC, 0x00, 0x00, 0x00,
    0xFF, 0x00, 0x0F, 0xF0, 0x00, 0x00, 0x03, 0xFC, 0x00, 0x3F, 0xC0, 0x00, 0x00, 0x0F, 0xF0, 0x00,
    0xFF, 0x00, 0x00, 0x00, 0x3F, 0x80, 0x03, 0xFC, 0x00, 0x00, 0x01, 0xFE, 0x00, 0x0F, 0xF0, 0x00,
    0x00, 0x0B, 0xF4, 0x00, 0x2F, 0xE0, 0x00, 0x00, 0x3F, 0xC0, 0x00, 0x3F, 0xC0, 0x00, 0x00, 0xFD,
    0x00, 0x00, 0xBF, 0x40, 0x00, 0x0F, 0xF0, 0x00, 0x00, 0xFF, 0x40, 0x00, 0xBF, 0x40, 0x00, 0x01,
    0xFF, 0x80, 0x1F, 0xF4, 0x00, 0x00, 0x01, 0xFF, 0xFF, 0xFF, 0x40, 0x00, 0x00, 0x00, 0xBF, 0xFF,
    0xE0, 0x00, 0x00, 0x00, 0x00, 0x05, 0x50, 0x00, 0x00, 0x00, 0x00, 0x00, 0x00, 0x00, 0x00, 0x00,
    0x00, 0x0F, 0x40, 0x00, 0x00, 0x00, 0x2F, 0xC0, 0x00, 0x00, 0x00, 0x7F, 0x80, 0x00, 0x00, 0x00,
    0xFD, 0x00, 0x00, 0x00, 0x03, 0xF0, 0x01, 0xFC, 0x00, 0x0B, 0x80, 0x03, 0xFE, 0x00, 0x05, 0x00,
    0x03, 0xFE, 0x00, 0x00, 0x00, 0x01, 0xBE, 0x00, 0x01, 0x54, 0x00, 0x3D, 0x00, 0x7F, 0xFF, 0x80,
    0x3C, 0x02, 0xFF, 0xBF, 0xF0, 0xF4, 0x0B, 0xF4, 0x07, 0xFF, 0xE0, 0x0F, 0xD0, 0x02, 0xFF, 0x80,
    0x2F, 0xC0, 0x00, 0xFE, 0x00, 0x3F, 0x80, 0x00, 0xFF, 0x00, 0x3F, 0x80, 0x00, 0xFF, 0x00, 0x7F,
    0x40, 0x00, 0xFF, 0x00, 0x7F, 0x40, 0x00, 0xFF, 0x00, 0x7F, 0x40, 0x00, 0xFF, 0x00, 0x7F, 0x40,
    0x00, 0xFF, 0x00, 0x7F, 0x80, 0x00, 0xFE, 0x00, 0x3F, 0xC0, 0x01, 0xFC, 0x00, 0x2F, 0xC0, 0x03,
    0xFC, 0x00, 0x0F, 0xF0, 0x0B, 0xF0, 0x00, 0x07, 0xFE, 0xBF, 0xD0, 0x00, 0x00, 0xFF, 0xFE, 0x00,
    0x00, 0x00, 0x05, 0x50, 0x00, 0x00, 0x00, 0x00, 0xB0, 0x00, 0x00, 0x00, 0x00, 0x00, 0x07, 0xF0,
    0x00, 0x00, 0x00, 0x00, 0x00, 0x1F, 0xF4, 0x00, 0x00, 0x00, 0x00, 0x00, 0x1F, 0xF4, 0x00, 0x00,
    0x00, 0x00, 0x00, 0x07, 0xF8, 0x00, 0x00, 0x00, 0x00, 0x00, 0x00, 0xA0, 0x00, 0x05, 0x40, 0x00,
    0x00, 0x00, 0x00, 0x00, 0xBF, 0x40, 0x00, 0x1B, 0xFE, 0x40, 0x03, 0xFF, 0x00, 0x07, 0xFF, 0xFF,
    0xD0, 0x0F, 0xFC, 0x00, 0xFF, 0xE5, 0xBF, 0xE0, 0x03, 0xF0, 0x0F, 0xF0, 0x00, 0x3F, 0xE0, 0x0F,
    0x80, 0xBF, 0x00, 0x00, 0x3F, 0xD0, 0x3C, 0x07, 0xF4, 0x00, 0x00, 0x7F, 0xC3, 0xD0, 0x3F, 0xC0,
    0x00, 0x00, 0xFF, 0xBE, 0x01, 0xFD, 0x00, 0x00, 0x02, 0xFF, 0xD0, 0x0B, 0xF0, 0x00, 0x00, 0x07,
    0xFC, 0x00, 0x3F, 0xC0, 0x00, 0x00, 0x0F, 0xF0, 0x00, 0xFF, 0x00, 0x00, 0x00, 0x3F, 0xC0, 0x03,
    0xFC, 0x00, 0x00, 0x00, 0xFF, 0x00, 0x0F, 0xF0, 0x00, 0x00, 0x03, 0xFC, 0x00, 0x3F, 0xC0, 0x00,
    0x00, 0x0F, 0xF0, 0x00, 0xFF, 0x00, 0x00, 0x00, 0x3F, 0x80, 0x03, 0xFC, 0x00, 0x00, 0x01, 0xFE,
    0x00, 0x0F, 0xF0, 0x00, 0x00, 0x0B, 0xF4, 0x00, 0x2F, 0xE0, 0x00, 0x00, 0x3F, 0xC0, 0x00, 0x3F,
    0xC0, 0x00, 0x00, 0xFD, 0x00, 0x00, 0xBF, 0x40, 0x00, 0x0F, 0xF0, 0x00, 0x00, 0xFF, 0x40, 0x00,
    0xBF, 0x40, 0x00, 0x01, 0xFF, 0x80, 0x1F, 0xF4, 0x00, 0x00, 0x01, 0xFF, 0xFF, 0xFF, 0x40, 0x00,
    0x00, 0x00, 0xBF, 0xFF, 0xE0, 0x00, 0x00, 0x00, 0x00, 0x05, 0x50, 0x00, 0x00, 0x00, 0x00, 0x1D,
    0x00, 0x00, 0x00, 0x00, 0x3F, 0x00, 0x00, 0x00, 0x00, 0x3F, 0xC0, 0x00, 0x00, 0x00, 0x0F, 0xE0,
    0x00, 0x00, 0x00, 0x02, 0xF4, 0x01, 0xFC, 0x00, 0x00, 0x7C, 0x03, 0xFE, 0x00, 0x00, 0x04, 0x03,
    0xFE, 0x00, 0x00, 0x00, 0x01, 0xBE, 0x00, 0x01, 0x54, 0x00, 0x3D, 0x00, 0x7F, 0xFF, 0x80, 0x3C,
    0x02, 0xFF, 0xBF, 0xF0, 0xF4, 0x0B, 0xF4, 0x07, 0xFF, 0xE0, 0x0F, 0xD0, 0x02, 0xFF, 0x80, 0x2F,
    0xC0, 0x00, 0xFE, 0x00, 0x3F, 0x80, 0x00, 0xFF, 0x00, 0x3F, 0x80, 0x00, 0xFF, 0x00, 0x7F, 0x40,
    0x00, 0xFF, 0x00, 0x7F, 0x40, 0x00, 0xFF, 0x00, 0x7F, 0x40, 0x00, 0xFF, 0x00, 0x7F, 0x40, 0x00,
    0xFF, 0x00, 0x7F, 0x80, 0x00, 0xFE, 0x00, 0x3F, 0xC0, 0x01, 0xFC, 0x00, 0x2F, 0xC0, 0x03, 0xFC,
    0x00, 0x0F, 0xF0, 0x0B, 0xF0, 0x00, 0x07, 0xFE, 0xBF, 0xD0, 0x00, 0x00, 0xFF, 0xFE, 0x00, 0x00,
    0x00, 0x05, 0x50, 0x00, 0x00, 0x00, 0x00, 0x01, 0x40, 0x00, 0x00, 0x00, 0x00, 0x00, 0xFF, 0xF4,
    0x00, 0x00, 0x00, 0x00, 0x0F, 0x87, 0xF0, 0x00, 0x00, 0x00, 0x00, 0x3E, 0x0B, 0xD0, 0x00, 0x00,
    0x00, 0x00, 0xB4, 0x7F, 0x00, 0x00, 0x00, 0x00, 0x00, 0x07, 0xF4, 0x00, 0x00, 0x00, 0x00, 0x00,
    0x3F, 0x40, 0x00, 0x00, 0x00, 0x00, 0x01, 0xF4, 0x00, 0x00, 0x54, 0x00, 0x00, 0x00, 0x00, 0x00,
    0x0B, 0xF4, 0x00, 0x01, 0xBF, 0xE4, 0x00, 0x3F, 0xF0, 0x00, 0x7F, 0xFF, 0xFD, 0x00, 0xFF, 0xC0,
    0x0F, 0xFE, 0x5B, 0xFE, 0x00, 0x3F, 0x00, 0xFF, 0x00, 0x03, 0xFE, 0x00, 0xF8, 0x0B, 0xF0, 0x00,
    0x03, 0xFD, 0x03, 0xC0, 0x7F, 0x40, 0x00, 0x07, 0xFC, 0x3D, 0x03, 0xFC, 0x00, 0x00, 0x0F, 0xFB,
    0xE0, 0x1F, 0xD0, 0x00, 0x00, 0x2F, 0xFD, 0x00, 0xBF, 0x00, 0x00, 0x00, 0x7F, 0xC0, 0x03, 0xFC,
    0x00, 0x00, 0x00, 0xFF, 0x00, 0x0F, 0xF0, 0x00, 0x00, 0x03, 0xFC, 0x00, 0x3F, 0xC0, 0x00, 0x00,
    0x0F, 0xF0, 0x00, 0xFF, 0x00, 0x00, 0x00, 0x3F, 0xC0, 0x03, 0xFC, 0x00, 0x00, 0x00, 0xFF, 0x00,
    0x0F, 0xF0, 0x00, 0x00, 0x03, 0xF8, 0x00, 0x3F, 0xC0, 0x00, 0x00, 0x1F, 0xE0, 0x00, 0xFF, 0x00,
    0x00, 0x00, 0xBF, 0x40, 0x02, 0xFE, 0x00, 0x00, 0x03, 0xFC, 0x00, 0x03, 0xFC, 0x00, 0x00, 0x0F,
    0xD0, 0x00, 0x0B, 0xF4, 0x00, 0x00, 0xFF, 0x00, 0x00, 0x0F, 0xF4, 0x00, 0x0B, 0xF4, 0x00, 0x00,
    0x1F, 0xF8, 0x01, 0xFF, 0x40, 0x00, 0x00, 0x1F, 0xFF, 0xFF, 0xF4, 0x00, 0x00, 0x00, 0x0B, 0xFF,
    0xFE, 0x00, 0x00, 0x00, 0x00, 0x00, 0x55, 0x00, 0x00, 0x00, 0x00, 0x00, 0x00, 0x00, 0x00, 0x00,
    0x00, 0x0B, 0xFE, 0x00, 0x00, 0x00, 0x3E, 0x6F, 0xC0, 0x00, 0x00, 0x7C, 0x0F, 0xC0, 0x00, 0x00,
    0x3C, 0x1F, 0xC0, 0x00, 0x00, 0x00, 0x7F, 0x40, 0x00, 0x00, 0x01, 0xFC, 0x01, 0xFC, 0x00, 0x02,
    0xF0, 0x03, 0xFE, 0x00, 0x02, 0xF0, 0x03, 0xFE, 0x00, 0x00, 0x00, 0x01, 0xBE, 0x00, 0x01, 0x54,
    0x00, 0x3D, 0x00, 0x7F, 0xFF, 0x80, 0x3C, 0x02, 0xFF, 0xBF, 0xF0, 0xF4, 0x0B, 0xF4, 0x07, 0xFF,
    0xE0, 0x0F, 0xD0, 0x02, 0xFF, 0x80, 0x2F, 0xC0, 0x00, 0xFE, 0x00, 0x3F, 0x80, 0x00, 0xFF, 0x00,
    0x3F, 0x80, 0x00, 0xFF, 0x00, 0x7F, 0x40, 0x00, 0xFF, 0x00, 0x7F, 0x40, 0x00, 0xFF, 0x00, 0x7F,
    0x40, 0x00, 0xFF, 0x00, 0x7F, 0x40, 0x00, 0xFF, 0x00, 0x7F, 0x80, 0x00, 0xFE, 0x00, 0x3F, 0xC0,
    0x01, 0xFC, 0x00, 0x2F, 0xC0, 0x03, 0xFC, 0x00, 0x0F, 0xF0, 0x0B, 0xF0, 0x00, 0x07, 0xFE, 0xBF,
    0xD0, 0x00, 0x00, 0xFF, 0xFE, 0x00, 0x00, 0x00, 0x05, 0x50, 0x00, 0x00, 0x00, 0x00, 0x00, 0x00,
    0x00, 0x00, 0x00, 0x00, 0x03, 0xFD, 0x01, 0x40, 0x00, 0x00, 0x00, 0x2F, 0xFF, 0xAE, 0x00, 0x00,
    0x00, 0x01, 0xEB, 0xFF, 0xF0, 0x00, 0x00, 0x00, 0x02, 0x01, 0xFF, 0x40, 0x00, 0x00, 0x00, 0x00,
    0x00, 0x00, 0x00, 0x05, 0x40, 0x00, 0x00, 0x00, 0x00, 0x00, 0xBF, 0x40, 0x00, 0x1B, 0xFE, 0x40,
    0x03, 0xFF, 0x00, 0x07, 0xFF, 0xFF, 0xD0, 0x0F, 0xFC, 0x00, 0xFF, 0xE5, 0xBF, 0xE0, 0x03, 0xF0,
    0x0F, 0xF0, 0x00, 0x3F, 0xE0, 0x0F, 0x80, 0xBF, 0x00, 0x00, 0x3F, 0xD0, 0x3C, 0x07, 0xF4, 0x00,
    0x00, 0x7F, 0xC3, 0xD0, 0x3F, 0xC0, 0x00, 0x00, 0xFF, 0xBE, 0x01, 0xFD, 0x00, 0x00, 0x02, 0xFF,
    0xD0, 0x0B, 0xF0, 0x00, 0x00, 0x07, 0xFC, 0x00, 0x3F, 0xC0, 0x00, 0x00, 0x0F, 0xF0, 0x00, 0xFF,
    0x00, 0x00, 0x00, 0x3F, 0xC0, 0x03, 0xFC, 0x00, 0x00, 0x00, 0xFF, 0x00, 0x0F, 0xF0, 0x00, 0x00,
    0x03, 0xFC, 0x00, 0x3F, 0xC0, 0x00, 0x00, 0x0F, 0xF0, 0x00, 0xFF, 0x00, 0x00, 0x00, 0x3F, 0x80,
    0x03, 0xFC, 0x00, 0x00, 0x01, 0xFE, 0x00, 0x0F, 0xF0, 0x00, 0x00, 0x0B, 0xF4, 0x00, 0x2F, 0xE0,
    0x00, 0x00, 0x3F, 0xC0, 0x00, 0x3F, 0xC0, 0x00, 0x00, 0xFD, 0x00, 0x00, 0xBF, 0x40, 0x00, 0x0F,
    0xF0, 0x00, 0x00, 0xFF, 0x40, 0x00, 0xBF, 0x40, 0x00, 0x01, 0xFF, 0x80, 0x1F, 0xF4, 0x00, 0x00,
    0x01, 0xFF, 0xFF, 0xFF, 0x40, 0x00, 0x00, 0x00, 0xBF, 0xFF, 0xE0, 0x00, 0x00, 0x00, 0x00, 0x05,
    0x50, 0x00, 0x00, 0x00, 0x00, 0x2E, 0x40, 0x00, 0x00, 0x00, 0xFF, 0xF8, 0x74, 0x00, 0x01, 0xFF,
    0xFF, 0xF0, 0x00, 0x02, 0x81, 0xFF, 0xC1, 0xFC, 0x00, 0x00, 0x16, 0x03, 0xFE, 0x00, 0x00, 0x00,
    0x03, 0xFE, 0x00, 0x00, 0x00, 0x01, 0xBE, 0x00, 0x01, 0x54, 0x00, 0x3D, 0x00, 0x7F, 0xFF, 0x80,
    0x3C, 0x02, 0xFF, 0xBF, 0xF0, 0xF4, 0x0B, 0xF4, 0x07, 0xFF, 0xE0, 0x0F, 0xD0, 0x02, 0xFF, 0x80,
    0x2F, 0xC0, 0x00, 0xFE, 0x00, 0x3F, 0x80, 0x00, 0xFF, 0x00, 0x3F, 0x80, 0x00, 0xFF, 0x00, 0x7F,
    0x40, 0x00, 0xFF, 0x00, 0x7F, 0x40, 0x00, 0xFF, 0x00, 0x7F, 0x40, 0x00, 0xFF, 0x00, 0x7F, 0x40,
    0x00, 0xFF, 0x00, 0x7F, 0x80, 0x00, 0xFE, 0x00, 0x3F, 0xC0, 0x01, 0xFC, 0x00, 0x2F, 0xC0, 0x03,
    0xFC, 0x00, 0x0F, 0xF0, 0x0B, 0xF0, 0x00, 0x07, 0xFE, 0xBF, 0xD0, 0x00, 0x00, 0xFF, 0xFE, 0x00,
    0x00, 0x00, 0x05, 0x50, 0x00, 0x00, 0x00, 0x00, 0x00, 0x00, 0x00, 0x01, 0x50, 0x00, 0x00, 0x00,
    0x00, 0x00, 0x2F, 0xD0, 0x00, 0x06, 0xFF, 0x90, 0x00, 0xFF, 0xC0, 0x01, 0xFF, 0xFF, 0xF4, 0x03,
    0xFF, 0x00, 0x3F, 0xF9, 0x6F, 0xF8, 0x00, 0xFC, 0x03, 0xFC, 0x00, 0x0F, 0xF8, 0x03, 0xE0, 0x2F,
    0xC0, 0x00, 0x0F, 0xF4, 0x0F, 0x01, 0xFD, 0x00, 0x00, 0x1F, 0xF0, 0xF4, 0x0F, 0xF0, 0x00, 0x00,
    0x3F, 0xEF, 0x80, 0x7F, 0x40, 0x00, 0x00, 0xBF, 0xF4, 0x02, 0xFC, 0x00, 0x00, 0x01, 0xFF, 0x00,
    0x0F, 0xF0, 0x00, 0x00, 0x03, 0xFC, 0x00, 0x3F, 0xC0, 0x00, 0x00, 0x0F, 0xF0, 0x00, 0xFF, 0x00,
    0x00, 0x00, 0x3F, 0xC0, 0x03, 0xFC, 0x00, 0x00, 0x00, 0xFF, 0x00, 0x0F, 0xF0, 0x00, 0x00, 0x03,
    0xFC, 0x00, 0x3F, 0xC0, 0x00, 0x00, 0x0F, 0xE0, 0x00, 0xFF, 0x00, 0x00, 0x00, 0x7F, 0x80, 0x03,
    0xFC, 0x00, 0x00, 0x02, 0xFD, 0x00, 0x0B, 0xF8, 0x00, 0x00, 0x0F, 0xF0, 0x00, 0x0F, 0xF0, 0x00,
    0x00, 0x3F, 0x40, 0x00, 0x2F, 0xD0, 0x00, 0x03, 0xFC, 0x00, 0x00, 0x3F, 0xD0, 0x00, 0x2F, 0xD0,
    0x00, 0x00, 0x7F, 0xE0, 0x07, 0xFD, 0x00, 0x00, 0x00, 0x7F, 0xFF, 0xFF, 0xD0, 0x00, 0x00, 0x00,
    0x2F, 0xFF, 0xF8, 0x00, 0x00, 0x00, 0x00, 0x01, 0x54, 0x00, 0x00, 0x00, 0x00, 0x00, 0x00, 0x00,
    0x00, 0x00, 0x00, 0x00, 0x00, 0x04, 0x00, 0x00, 0x00, 0x00, 0x00, 0x00, 0xFE, 0x00, 0x00, 0x00,
    0x00, 0x00, 0x0B, 0xFC, 0x00, 0x00, 0x00, 0x00, 0x00, 0x2F, 0xF0, 0x00, 0x00, 0x00, 0x00, 0x00,
    0x3F, 0x80, 0x00, 0x00, 0x00, 0x00, 0x00, 0x14, 0x00, 0x00, 0x00, 0x00, 0x00, 0x00, 0x00, 0x00,
    0x00, 0x00, 0x00, 0x00, 0x01, 0xFC, 0x00, 0x00, 0x00, 0x03, 0xFE, 0x00, 0x00, 0x00, 0x03, 0xFE,
    0x00, 0x00, 0x00, 0x01, 0xBE, 0x00, 0x01, 0x54, 0x00, 0x3D, 0x00, 0x7F, 0xFF, 0x80, 0x3C, 0x02,
    0xFF, 0xBF, 0xF0, 0xF4, 0x0B, 0xF4, 0x07, 0xFF, 0xE0, 0x0F, 0xD0, 0x02, 0xFF, 0x80, 0x2F, 0xC0,
    0x00, 0xFE, 0x00, 0x3F, 0x80, 0x00, 0xFF, 0x00, 0x3F, 0x80, 0x00, 0xFF, 0x00, 0x7F, 0x40, 0x00,
    0xFF, 0x00, 0x7F, 0x40, 0x00, 0xFF, 0x00, 0x7F, 0x40, 0x00, 0xFF, 0x00, 0x7F, 0x40, 0x00, 0xFF,
    0x00, 0x7F, 0x80, 0x00, 0xFE, 0x00, 0x3F, 0xC0, 0x01, 0xFC, 0x00, 0x2F, 0xC0, 0x03, 0xFC, 0x00,
    0x0F, 0xF0, 0x0B, 0xF0, 0x00, 0x07, 0xFE, 0xBF, 0xD0, 0x00, 0x00, 0xFF, 0xFE, 0x00, 0x00, 0x00,
    0x05, 0x50, 0x00, 0x00, 0x00, 0x00, 0x00, 0x00, 0x00, 0x00, 0x01, 0x00, 0x00, 0x00, 0x00, 0x0F,
    0xE0, 0x00, 0x00, 0x00, 0x2F, 0xF0, 0x00, 0x00, 0x00, 0x2F, 0xF0, 0x00, 0x00, 0x00, 0x0F, 0xE0,
    0x00, 0x00, 0x00, 0x01, 0x40, 0x00, 0x00, 0x55, 0x55, 0x40, 0x05, 0x55, 0x53, 0xFF, 0xFF, 0x00,
    0x3F, 0xFF, 0xE6, 0xFF, 0xE4, 0x00, 0x6F, 0xFE, 0x02, 0xFC, 0x00, 0x00, 0x1F, 0xC0, 0x0B, 0xF0,
    0x00, 0x00, 0x7F, 0x00, 0x2F, 0xC0, 0x00, 0x02, 0xFC, 0x00, 0xBF, 0x00, 0x00, 0x0F, 0xF0, 0x02,
    0xFC, 0x00, 0x00, 0x3F, 0xC0, 0x0F, 0xF0, 0x00, 0x00, 0xFF, 0x00, 0x3F, 0xC0, 0x00, 0x07, 0xF8,
    0x00, 0xFF, 0x00, 0x00, 0x2F, 0xE0, 0x03, 0xF8, 0x00, 0x00, 0xBF, 0x80, 0x0F, 0xE0, 0x00, 0x03,
    0xBE, 0x00, 0x3F, 0x80, 0x00, 0x1E, 0xF8, 0x00, 0xFE, 0x00, 0x00, 0xB7, 0xD0, 0x03, 0xF8, 0x00,
    0x03, 0xDF, 0x40, 0x0F, 0xD0, 0x00, 0x1D, 0xBD, 0x00, 0x3F, 0x40, 0x00, 0xF2, 0xF4, 0x00, 0xFD,
    0x00, 0x07, 0x8B, 0xC0, 0x03, 0xF8, 0x00, 0x3D, 0x3F, 0x00, 0x0F, 0xF0, 0x03, 0xF0, 0xFC, 0x00,
    0x1F, 0xF5, 0x7F, 0x03, 0xF0, 0x00, 0x3F, 0xFF, 0xF4, 0x0F, 0xFE, 0x00, 0x2F, 0xFF, 0x40, 0x3F,
    0xF8, 0x00, 0x05, 0x40, 0x00, 0x00, 0x00, 0x00, 0x00, 0x00, 0x00, 0x00, 0x00, 0x00, 0x01, 0x00,
    0x00, 0x00, 0x00, 0x00, 0x3F, 0x80, 0x00, 0x00, 0x00, 0x01, 0xFF, 0x00, 0x00, 0x00, 0x00, 0x07,
    0xFC, 0x00, 0x00, 0x00, 0x00, 0x0F, 0xF0, 0x00, 0x00, 0x00, 0x00, 0x05, 0x00, 0x00, 0x00, 0x01,
    0x50, 0x00, 0x00, 0x00, 0x1F, 0xFC, 0x00, 0x1F, 0xC0, 0x7F, 0xFD, 0x00, 0x2F, 0xC0, 0x11, 0xFD,
    0x00, 0x3F, 0xC0, 0x01, 0xFC, 0x00, 0x7F, 0xC0, 0x01, 0xFC, 0x00, 0xBF, 0xC0, 0x01, 0xFC, 0x00,
    0xFF, 0xC0, 0x02, 0xFC, 0x01, 0xEF, 0xC0, 0x02, 0xFC, 0x03, 0xCF, 0xC0, 0x02, 0xFC, 0x03, 0xCF,
    0xC0, 0x03, 0xF8, 0x07, 0x8F, 0xC0, 0x03, 0xF8, 0x0F, 0x5F, 0xC0, 0x03, 0xF4, 0x0F, 0x1F, 0xC0,
    0x03, 0xF4, 0x1E, 0x1F, 0x80, 0x03, 0xF4, 0x3D, 0x2F, 0x80, 0x03, 0xFD, 0xBC, 0x2F, 0xC0, 0x02,
    0xFF, 0xF4, 0x2F, 0xFE, 0x00, 0xFF, 0xD0, 0x0F, 0xFE, 0x00, 0x15, 0x00, 0x01, 0x50, 0x00, 0x00,
    0x00, 0x00, 0x00, 0x00, 0x00, 0x04, 0x00, 0x00, 0x00, 0x00, 0xBF, 0x00, 0x00, 0x00, 0x00, 0xFF,
    0x40, 0x00, 0x00, 0x00, 0xFF, 0x40, 0x00, 0x00, 0x00, 0xFF, 0x00, 0x00, 0x00, 0x00, 0x14, 0x00,
    0x00, 0x00, 0x00, 0x05, 0x40, 0x00, 0x00, 0x00, 0x02, 0xFF, 0xE0, 0x00, 0x00, 0x00, 0x1F, 0x4B,
    0xE0, 0x00, 0x00, 0x00, 0xBC, 0x0F, 0xC0, 0x00, 0x00, 0x01, 0xE0, 0xBE, 0x00, 0x00, 0x00, 0x00,
    0x0F, 0xF0, 0x00, 0x00, 0x00, 0x00, 0xBE, 0x00, 0x00, 0x00, 0x00, 0x03, 0xF0, 0x00, 0x00, 0x00,
    0x00, 0x00, 0x00, 0x00, 0x01, 0x55, 0x55, 0x00, 0x15, 0x55, 0x4F, 0xFF, 0xFC, 0x00, 0xFF, 0xFF,
    0x9B, 0xFF, 0x90, 0x01, 0xBF, 0xF8, 0x0B, 0xF0, 0x00, 0x00, 0x7F, 0x00, 0x2F, 0xC0, 0x00, 0x01,
    0xFC, 0x00, 0xBF, 0x00, 0x00, 0x0B, 0xF0, 0x02, 0xFC, 0x00, 0x00, 0x3F, 0xC0, 0x0B, 0xF0, 0x00,
    0x00, 0xFF, 0x00, 0x3F, 0xC0, 0x00, 0x03, 0xFC, 0x00, 0xFF, 0x00, 0x00, 0x1F, 0xE0, 0x03, 0xFC,
    0x00, 0x00, 0xBF, 0x80, 0x0F, 0xE0, 0x00, 0x02, 0xFE, 0x00, 0x3F, 0x80, 0x00, 0x0E, 0xF8, 0x00,
    0xFE, 0x00, 0x00, 0x7B, 0xE0, 0x03, 0xF8, 0x00, 0x02, 0xDF, 0x40, 0x0F, 0xE0, 0x00, 0x0F, 0x7D,
    0x00, 0x3F, 0x40, 0x00, 0x76, 0xF4, 0x00, 0xFD, 0x00, 0x03, 0xCB, 0xD0, 0x03, 0xF4, 0x00, 0x1E,
    0x2F, 0x00, 0x0F, 0xE0, 0x00, 0xF4, 0xFC, 0x00, 0x3F, 0xC0, 0x0F, 0xC3, 0xF0, 0x00, 0x7F, 0xD5,
    0xFC, 0x0F, 0xC0, 0x00, 0xFF, 0xFF, 0xD0, 0x3F, 0xF8, 0x00, 0xBF, 0xFD, 0x00, 0xFF, 0xE0, 0x00,
    0x15, 0x00, 0x00, 0x00, 0x00, 0x00, 0x00, 0x00, 0x00, 0x00, 0x00, 0x02, 0xFF, 0x80, 0x00, 0x00,
    0x0F, 0x9B, 0xF0, 0x00, 0x00, 0x1F, 0x43, 0xF0, 0x00, 0x00, 0x0F, 0x47, 0xF0, 0x00, 0x00, 0x00,
    0x1F, 0xD0, 0x00, 0x00, 0x00, 0x3F, 0x40, 0x00, 0x00, 0x00, 0x7D, 0x00, 0x00, 0x00, 0x00, 0x7C,
    0x00, 0x00, 0x00, 0x00, 0x00, 0x00, 0x00, 0x01, 0x50, 0x00, 0x00, 0x00, 0x1F, 0xFC, 0x00, 0x1F,
    0xC0, 0x7F, 0xFD, 0x00, 0x2F, 0xC0, 0x11, 0xFD, 0x00, 0x3F, 0xC0, 0x01, 0xFC, 0x00, 0x7F, 0xC0,
    0x01, 0xFC, 0x00, 0xBF, 0xC0, 0x01, 0xFC, 0x00, 0xFF, 0xC0, 0x02, 0xFC, 0x01, 0xEF, 0xC0, 0x02,
    0xFC, 0x03, 0xCF, 0xC0, 0x02, 0xFC, 0x03, 0xCF, 0xC0, 0x03, 0xF8, 0x07, 0x8F, 0xC0, 0x03, 0xF8,
    0x0F, 0x5F, 0xC0, 0x03, 0xF4, 0x0F, 0x1F, 0xC0, 0x03, 0xF4, 0x1E, 0x1F, 0x80, 0x03, 0xF4, 0x3D,
    0x2F, 0x80, 0x03, 0xFD, 0xBC, 0x2F, 0xC0, 0x02, 0xFF, 0xF4, 0x2F, 0xFE, 0x00, 0xFF, 0xD0, 0x0F,
    0xFE, 0x00, 0x15, 0x00, 0x01, 0x50, 0x00, 0x00, 0x00, 0x2D, 0x00, 0x00, 0x00, 0x00, 0x00, 0x02,
    0xFC, 0x00, 0x00, 0x00, 0x00, 0x00, 0x3F, 0xF0, 0x00, 0x00, 0x00, 0x00, 0x03, 0xFE, 0x00, 0x00,
    0x00, 0x00, 0x00, 0x3F, 0x40, 0x00, 0x00, 0x00, 0x00, 0x00, 0xD0, 0x00, 0x00, 0x00, 0x00, 0x00,
    0x00, 0x00, 0x00, 0x00, 0xBF, 0x15, 0x55, 0x50, 0x01, 0x55, 0x43, 0xFD, 0xFF, 0xFF, 0xC0, 0x0F,
    0xFF, 0x0F, 0xF9, 0xBF, 0xF9, 0x00, 0x1B, 0xFC, 0x1B, 0xD0, 0xBF, 0x00, 0x00, 0x07, 0xF0, 0x0F,
    0x02, 0xFC, 0x00, 0x00, 0x2F, 0xC0, 0x7C, 0x0B, 0xF0, 0x00, 0x00, 0xBE, 0x03, 0xC0, 0x2F, 0xC0,
    0x00, 0x03, 0xF8, 0xBD, 0x00, 0xBF, 0x00, 0x00, 0x0F, 0xFF, 0xD0, 0x03, 0xFC, 0x00, 0x00, 0x3F,
    0xE4, 0x00, 0x0F, 0xE0, 0x00, 0x01, 0xFE, 0x00, 0x00, 0x3F, 0x80, 0x00, 0x0B, 0xF4, 0x00, 0x00,
    0xFE, 0x00, 0x00, 0x3F, 0xD0, 0x00, 0x03, 0xF8, 0x00, 0x00, 0xFF, 0x40, 0x00, 0x0F, 0xD0, 0x00,
    0x07, 0xBD, 0x00, 0x00, 0x3F, 0x40, 0x00, 0x3D, 0xF0, 0x00, 0x00, 0xFD, 0x00, 0x00, 0xFB, 0xC0,
    0x00, 0x03, 0xF4, 0x00, 0x07, 0x6F, 0x00, 0x00, 0x0F, 0xD0, 0x00, 0x3C, 0xBC, 0x00, 0x00, 0x3F,
    0x40, 0x01, 0xF3, 0xF0, 0x00, 0x00, 0xFE, 0x00, 0x0F, 0x4F, 0xC0, 0x00, 0x03, 0xFC, 0x00, 0xFC,
    0x3F, 0x00, 0x00, 0x0B, 0xFD, 0x5F, 0xC0, 0xFC, 0x00, 0x00, 0x0F, 0xFF, 0xFD, 0x03, 0xFF, 0x40,
    0x00, 0x0F, 0xFF, 0xD0, 0x1F, 0xFE, 0x00, 0x00, 0x01, 0x50, 0x00, 0x00, 0x00, 0x00, 0x00, 0x00,
    0x00, 0x00, 0x00, 0x00, 0x00, 0x00, 0x02, 0xD0, 0x00, 0x00, 0x00, 0x00, 0x0B, 0xF0, 0x00, 0x00,
    0x00, 0x00, 0x1F, 0xE0, 0x00, 0x00, 0x00, 0x00, 0x3F, 0x40, 0x00, 0x00, 0x00, 0x00, 0xFC, 0x00,
    0x03, 0xF4, 0x00, 0x02, 0xE0, 0x00, 0x0B, 0xFC, 0x00, 0x00, 0x40, 0x00, 0x0B, 0xFC, 0x00, 0x00,
    0x00, 0x00, 0x02, 0xFC, 0x01, 0x50, 0x00, 0x00, 0x00, 0x7C, 0x1F, 0xFC, 0x00, 0x1F, 0xC0, 0xB8,
    0x7F, 0xFD, 0x00, 0x2F, 0xC1, 0xF0, 0x11, 0xFD, 0x00, 0x3F, 0xDB, 0xC0, 0x01, 0xFC, 0x00, 0x7F,
    0xFF, 0x00, 0x01, 0xFC, 0x00, 0xBF, 0xE4, 0x00, 0x01, 0xFC, 0x00, 0xFF, 0xC0, 0x00, 0x02, 0xFC,
    0x01, 0xEF, 0xC0, 0x00, 0x02, 0xFC, 0x03, 0xCF, 0xC0, 0x00, 0x02, 0xFC, 0x03, 0xCF, 0xC0, 0x00,
    0x03, 0xF8, 0x07, 0x8F, 0xC0, 0x00, 0x03, 0xF8, 0x0F, 0x5F, 0xC0, 0x00, 0x03, 0xF4, 0x0F, 0x1F,
    0xC0, 0x00, 0x03, 0xF4, 0x1E, 0x1F, 0x80, 0x00, 0x03, 0xF4, 0x3D, 0x2F, 0x80, 0x00, 0x03, 0xFD,
    0xBC, 0x2F, 0xC0, 0x00, 0x02, 0xFF, 0xF4, 0x2F, 0xFE, 0x00, 0x00, 0xFF, 0xD0, 0x0F, 0xFE, 0x00,
    0x00, 0x15, 0x00, 0x01, 0x50, 0x00, 0x00, 0x01, 0xD0, 0x00, 0x00, 0x00, 0x00, 0x00, 0x0F, 0xD0,
    0x00, 0x00, 0x00, 0x00, 0x00, 0x3F, 0xE0, 0x00, 0x00, 0x00, 0x00, 0x00, 0x7F, 0xE0, 0x00, 0x00,
    0x00, 0x00, 0x00, 0x0B, 0xE0, 0x00, 0x00, 0x00, 0x00, 0x00, 0x02, 0xC0, 0x00, 0x00, 0x00, 0x00,
    0x00, 0x00, 0x00, 0x00, 0xBF, 0x15, 0x55, 0x50, 0x01, 0x55, 0x43, 0xFD, 0xFF, 0xFF, 0xC0, 0x0F,
    0xFF, 0x0F, 0xF9, 0xBF, 0xF9, 0x00, 0x1B, 0xFC, 0x1B, 0xD0, 0xBF, 0x00, 0x00, 0x07, 0xF0, 0x0F,
    0x02, 0xFC, 0x00, 0x00, 0x2F, 0xC0, 0x7C, 0x0B, 0xF0, 0x00, 0x00, 0xBE, 0x03, 0xC0, 0x2F, 0xC0,
    0x00, 0x03, 0xF8, 0xBD, 0x00, 0xBF, 0x00, 0x00, 0x0F, 0xFF, 0xD0, 0x03, 0xFC, 0x00, 0x00, 0x3F,
    0xE4, 0x00, 0x0F, 0xE0, 0x00, 0x01, 0xFE, 0x00, 0x00, 0x3F, 0x80, 0x00, 0x0B, 0xF4, 0x00, 0x00,
    0xFE, 0x00, 0x00, 0x3F, 0xD0, 0x00, 0x03, 0xF8, 0x00, 0x00, 0xFF, 0x40, 0x00, 0x0F, 0xD0, 0x00,
    0x07, 0xBD, 0x00, 0x00, 0x3F, 0x40, 0x00, 0x3D, 0xF0, 0x00, 0x00, 0xFD, 0x00, 0x00, 0xFB, 0xC0,
    0x00, 0x03, 0xF4, 0x00, 0x07, 0x6F, 0x00, 0x00, 0x0F, 0xD0, 0x00, 0x3C, 0xBC, 0x00, 0x00, 0x3F,
    0x40, 0x01, 0xF3, 0xF0, 0x00, 0x00, 0xFE, 0x00, 0x0F, 0x4F, 0xC0, 0x00, 0x03, 0xFC, 0x00, 0xFC,
    0x3F, 0x00, 0x00, 0x0B, 0xFD, 0x5F, 0xC0, 0xFC, 0x00, 0x00, 0x0F, 0xFF, 0xFD, 0x03, 0xFF, 0x40,
    0x00, 0x0F, 0xFF, 0xD0, 0x1F, 0xFE, 0x00, 0x00, 0x01, 0x50, 0x00, 0x00, 0x00, 0x00, 0x00, 0x07,
    0x40, 0x00, 0x00, 0x00, 0x00, 0x0F, 0xD0, 0x00, 0x00, 0x00, 0x00, 0x0F, 0xF0, 0x00, 0x00, 0x00,
    0x00, 0x03, 0xFC, 0x00, 0x00, 0x00, 0x00, 0x00, 0xBE, 0x00, 0x03, 0xF4, 0x00, 0x00, 0x1F, 0x40,
    0x0B, 0xFC, 0x00, 0x00, 0x02, 0x00, 0x0B, 0xFC, 0x00, 0x00, 0x00, 0x00, 0x02, 0xFC, 0x01, 0x50,
    0x00, 0x00, 0x00, 0x7C, 0x1F, 0xFC, 0x00, 0x1F, 0xC0, 0xB8, 0x7F, 0xFD, 0x00, 0x2F, 0xC1, 0xF0,
    0x11, 0xFD, 0x00, 0x3F, 0xDB, 0xC0, 0x01, 0xFC, 0x00, 0x7F, 0xFF, 0x00, 0x01, 0xFC, 0x00, 0xBF,
    0xE4, 0x00, 0x01, 0xFC, 0x00, 0xFF, 0xC0, 0x00, 0x02, 0xFC, 0x01, 0xEF, 0xC0, 0x00, 0x02, 0xFC,
    0x03, 0xCF, 0xC0, 0x00, 0x02, 0xFC, 0x03, 0xCF, 0xC0, 0x00, 0x03, 0xF8, 0x07, 0x8F, 0xC0, 0x00,
    0x03, 0xF8, 0x0F, 0x5F, 0xC0, 0x00, 0x03, 0xF4, 0x0F, 0x1F, 0xC0, 0x00, 0x03, 0xF4, 0x1E, 0x1F,
    0x80, 0x00, 0x03, 0xF4, 0x3D, 0x2F, 0x80, 0x00, 0x03, 0xFD, 0xBC, 0x2F, 0xC0, 0x00, 0x02, 0xFF,
    0xF4, 0x2F, 0xFE, 0x00, 0x00, 0xFF, 0xD0, 0x0F, 0xFE, 0x00, 0x00, 0x15, 0x00, 0x01, 0x50, 0x00,
    0x00, 0x00, 0x05, 0x40, 0x00, 0x00, 0x00, 0x00, 0x02, 0xFF, 0xE0, 0x00, 0x00, 0x00, 0x00, 0x2F,
    0x4B, 0xD0, 0x00, 0x00, 0x00, 0x00, 0xFC, 0x1F, 0x80, 0x00, 0x00, 0x00, 0x01, 0xE0, 0xFD, 0x00,
    0x00, 0x00, 0x00, 0x00, 0x0F, 0xE0, 0x00, 0x00, 0x00, 0x00, 0x00, 0xFE, 0x00, 0x00, 0x00, 0x00,
    0x00, 0x03, 0xE0, 0x00, 0x00, 0x00, 0x00, 0x00, 0x00, 0x00, 0x00, 0x0B, 0xF1, 0x55, 0x55, 0x00,
    0x15, 0x54, 0x3F, 0xDF, 0xFF, 0xFC, 0x00, 0xFF, 0xF0, 0xFF, 0x9B, 0xFF, 0x90, 0x01, 0xBF, 0xC1,
    0xBD, 0x0B, 0xF0, 0x00, 0x00, 0x7F, 0x00, 0xF0, 0x2F, 0xC0, 0x00, 0x02, 0xFC, 0x07, 0xC0, 0xBF,
    0x00, 0x00, 0x0B, 0xE0, 0x3C, 0x02, 0xFC, 0x00, 0x00, 0x3F, 0x8B, 0xD0, 0x0B, 0xF0, 0x00, 0x00,
    0xFF, 0xFD, 0x00, 0x3F, 0xC0, 0x00, 0x03, 0xFE, 0x40, 0x00, 0xFE, 0x00, 0x00, 0x1F, 0xE0, 0x00,
    0x03, 0xF8, 0x00, 0x00, 0xBF, 0x40, 0x00, 0x0F, 0xE0, 0x00, 0x03, 0xFD, 0x00, 0x00, 0x3F, 0x80,
    0x00, 0x0F, 0xF4, 0x00, 0x00, 0xFD, 0x00, 0x00, 0x7B, 0xD0, 0x00, 0x03, 0xF4, 0x00, 0x03, 0xDF,
    0x00, 0x00, 0x0F, 0xD0, 0x00, 0x0F, 0xBC, 0x00, 0x00, 0x3F, 0x40, 0x00, 0x76, 0xF0, 0x00, 0x00,
    0xFD, 0x00, 0x03, 0xCB, 0xC0, 0x00, 0x03, 0xF4, 0x00, 0x1F, 0x3F, 0x00, 0x00, 0x0F, 0xE0, 0x00,
    0xF4, 0xFC, 0x00, 0x00, 0x3F, 0xC0, 0x0F, 0xC3, 0xF0, 0x00, 0x00, 0xBF, 0xD5, 0xFC, 0x0F, 0xC0,
    0x00, 0x00, 0xFF, 0xFF, 0xD0, 0x3F, 0xF4, 0x00, 0x00, 0xFF, 0xFD, 0x01, 0xFF, 0xE0, 0x00, 0x00,
    0x15, 0x00, 0x00, 0x00, 0x00, 0x00, 0x00, 0x00, 0x00, 0x00, 0x00, 0x00, 0x00, 0x02, 0xFF, 0x80,
    0x00, 0x00, 0x00, 0x0F, 0x9B, 0xF0, 0x00, 0x00, 0x00, 0x1F, 0x43, 0xF0, 0x00, 0x00, 0x00, 0x0F,
    0x47, 0xF0, 0x00, 0x00, 0x00, 0x00, 0x1F, 0xD0, 0x00, 0x00, 0x00, 0x00, 0x3F, 0x40, 0x03, 0xF4,
    0x00, 0x00, 0x7D, 0x00, 0x0B, 0xFC, 0x00, 0x00, 0x7C, 0x00, 0x0B, 0xFC, 0x00, 0x00, 0x00, 0x00,
    0x02, 0xFC, 0x01, 0x50, 0x00, 0x00, 0x00, 0x7C, 0x1F, 0xFC, 0x00, 0x1F, 0xC0, 0xB8, 0x7F, 0xFD,
    0x00, 0x2F, 0xC1, 0xF0, 0x11, 0xFD, 0x00, 0x3F, 0xDB, 0xC0, 0x01, 0xFC, 0x00, 0x7F, 0xFF, 0x00,
    0x01, 0xFC, 0x00, 0xBF, 0xE4, 0x00, 0x01, 0xFC, 0x00, 0xFF, 0xC0, 0x00, 0x02, 0xFC, 0x01, 0xEF,
    0xC0, 0x00, 0x02, 0xFC, 0x03, 0xCF, 0xC0, 0x00, 0x02, 0xFC, 0x03, 0xCF, 0xC0, 0x00, 0x03, 0xF8,
    0x07, 0x8F, 0xC0, 0x00, 0x03, 0xF8, 0x0F, 0x5F, 0xC0, 0x00, 0x03, 0xF4, 0x0F, 0x1F, 0xC0, 0x00,
    0x03, 0xF4, 0x1E, 0x1F, 0x80, 0x00, 0x03, 0xF4, 0x3D, 0x2F, 0x80, 0x00, 0x03, 0xFD, 0xBC, 0x2F,
    0xC0, 0x00, 0x02, 0xFF, 0xF4, 0x2F, 0xFE, 0x00, 0x00, 0xFF, 0xD0, 0x0F, 0xFE, 0x00, 0x00, 0x15,
    0x00, 0x01, 0x50, 0x00, 0x00, 0x00, 0x00, 0x00, 0x00, 0x00, 0x00, 0x00, 0x0B, 0xF8, 0x02, 0x00,
    0x00, 0x00, 0x00, 0x7F, 0xFE, 0xBC, 0x00, 0x00, 0x00, 0x03, 0xDF, 0xFF, 0xD0, 0x00, 0x00, 0x00,
    0x04, 0x02, 0xFE, 0x00, 0x00, 0x00, 0x00, 0x00, 0x00, 0x00, 0x00, 0x00, 0x00, 0x00, 0x00, 0x00,
    0x00, 0x00, 0xBF, 0x15, 0x55, 0x50, 0x01, 0x55, 0x43, 0xFD, 0xFF, 0xFF, 0xC0, 0x0F, 0xFF, 0x0F,
    0xF9, 0xBF, 0xF9, 0x00, 0x1B, 0xFC, 0x1B, 0xD0, 0xBF, 0x00, 0x00, 0x07, 0xF0, 0x0F, 0x02, 0xFC,
    0x00, 0x00, 0x2F, 0xC0, 0x7C, 0x0B, 0xF0, 0x00, 0x00, 0xBE, 0x03, 0xC0, 0x2F, 0xC0, 0x00, 0x03,
    0xF8, 0xBD, 0x00, 0xBF, 0x00, 0x00, 0x0F, 0xFF, 0xD0, 0x03, 0xFC, 0x00, 0x00, 0x3F, 0xE4, 0x00,
    0x0F, 0xE0, 0x00, 0x01, 0xFE, 0x00, 0x00, 0x3F, 0x80, 0x00, 0x0B, 0xF4, 0x00, 0x00, 0xFE, 0x00,
    0x00, 0x3F, 0xD0, 0x00, 0x03, 0xF8, 0x00, 0x00, 0xFF, 0x40, 0x00, 0x0F, 0xD0, 0x00, 0x07, 0xBD,
    0x00, 0x00, 0x3F, 0x40, 0x00, 0x3D, 0xF0, 0x00, 0x00, 0xFD, 0x00, 0x00, 0xFB, 0xC0, 0x00, 0x03,
    0xF4, 0x00, 0x07, 0x6F, 0x00, 0x00, 0x0F, 0xD0, 0x00, 0x3C, 0xBC, 0x00, 0x00, 0x3F, 0x40, 0x01,
    0xF3, 0xF0, 0x00, 0x00, 0xFE, 0x00, 0x0F, 0x4F, 0xC0, 0x00, 0x03, 0xFC, 0x00, 0xFC, 0x3F, 0x00,
    0x00, 0x0B, 0xFD, 0x5F, 0xC0, 0xFC, 0x00, 0x00, 0x0F, 0xFF, 0xFD, 0x03, 0xFF, 0x40, 0x00, 0x0F,
    0xFF, 0xD0, 0x1F, 0xFE, 0x00, 0x00, 0x01, 0x50, 0x00, 0x00, 0x00, 0x00, 0x00, 0x0B, 0x90, 0x00,
    0x00, 0x00, 0x00, 0x3F, 0xFE, 0x1D, 0x00, 0x00, 0x00, 0x7F, 0xFF, 0xFC, 0x00, 0x00, 0x00, 0x60,
    0x7F, 0xF4, 0x03, 0xF4, 0x00, 0x00, 0x01, 0x80, 0x0B, 0xFC, 0x00, 0x00, 0x00, 0x00, 0x0B, 0xFC,
    0x00, 0x00, 0x00, 0x00, 0x02, 0xFC, 0x01, 0x50, 0x00, 0x00, 0x00, 0x7C, 0x1F, 0xFC, 0x00, 0x1F,
    0xC0, 0xB8, 0x7F, 0xFD, 0x00, 0x2F, 0xC1, 0xF0, 0x11, 0xFD, 0x00, 0x3F, 0xDB, 0xC0, 0x01, 0xFC,
    0x00, 0x7F, 0xFF, 0x00, 0x01, 0xFC, 0x00, 0xBF, 0xE4, 0x00, 0x01, 0xFC, 0x00, 0xFF, 0xC0, 0x00,
    0x02, 0xFC, 0x01, 0xEF, 0xC0, 0x00, 0x02, 0xFC, 0x03, 0xCF, 0xC0, 0x00, 0x02, 0xFC, 0x03, 0xCF,
    0xC0, 0x00, 0x03, 0xF8, 0x07, 0x8F, 0xC0, 0x00, 0x03, 0xF8, 0x0F, 0x5F, 0xC0, 0x00, 0x03, 0xF4,
    0x0F, 0x1F, 0xC0, 0x00, 0x03, 0xF4, 0x1E, 0x1F, 0x80, 0x00, 0x03, 0xF4, 0x3D, 0x2F, 0x80, 0x00,
    0x03, 0xFD, 0xBC, 0x2F, 0xC0, 0x00, 0x02, 0xFF, 0xF4, 0x2F, 0xFE, 0x00, 0x00, 0xFF, 0xD0, 0x0F,
    0xFE, 0x00, 0x00, 0x15, 0x00, 0x01, 0x50, 0x00, 0x00, 0x00, 0x00, 0x00, 0x00, 0x00, 0x00, 0x00,
    0x00, 0x00, 0x00, 0x00, 0x2F, 0xC5, 0x55, 0x54, 0x00, 0x55, 0x50, 0xFF, 0x7F, 0xFF, 0xF0, 0x03,
    0xFF, 0xC3, 0xFE, 0x6F, 0xFE, 0x40, 0x06, 0xFF, 0x06, 0xF4, 0x2F, 0xC0, 0x00, 0x01, 0xFC, 0x03,
    0xC0, 0xBF, 0x00, 0x00, 0x0B, 0xF0, 0x1F, 0x02, 0xFC, 0x00, 0x00, 0x2F, 0x80, 0xF0, 0x0B, 0xF0,
    0x00, 0x00, 0xFE, 0x2F, 0x40, 0x2F, 0xC0, 0x00, 0x03, 0xFF, 0xF4, 0x00, 0xFF, 0x00, 0x00, 0x0F,
    0xF9, 0x00, 0x03, 0xF8, 0x00, 0x00, 0x7F, 0x80, 0x00, 0x0F, 0xE0, 0x00, 0x02, 0xFD, 0x00, 0x00,
    0x3F, 0x80, 0x00, 0x0F, 0xF4, 0x00, 0x00, 0xFE, 0x00, 0x00, 0x3F, 0xD0, 0x00, 0x03, 0xF4, 0x00,
    0x01, 0xEF, 0x40, 0x00, 0x0F, 0xD0, 0x00, 0x0F, 0x7C, 0x00, 0x00, 0x3F, 0x40, 0x00, 0x3E, 0xF0,
    0x00, 0x00, 0xFD, 0x00, 0x01, 0xDB, 0xC0, 0x00, 0x03, 0xF4, 0x00, 0x0F, 0x2F, 0x00, 0x00, 0x0F,
    0xD0, 0x00, 0x7C, 0xFC, 0x00, 0x00, 0x3F, 0x80, 0x03, 0xD3, 0xF0, 0x00, 0x00, 0xFF, 0x00, 0x3F,
    0x0F, 0xC0, 0x00, 0x02, 0xFF, 0x57, 0xF0, 0x3F, 0x00, 0x00, 0x03, 0xFF, 0xFF, 0x40, 0xFF, 0xD0,
    0x00, 0x03, 0xFF, 0xF4, 0x07, 0xFF, 0x80, 0x00, 0x00, 0x54, 0x00, 0x00, 0x00, 0x00, 0x00, 0x00,
    0x00, 0x00, 0x00, 0x00, 0x00, 0x00, 0x00, 0x10, 0x00, 0x00, 0x00, 0x00, 0x00, 0x07, 0xF4, 0x00,
    0x00, 0x00, 0x00, 0x00, 0x2F, 0xF0, 0x00, 0x00, 0x00, 0x00, 0x00, 0xBF, 0xC0, 0x00, 0x00, 0x00,
    0x00, 0x01, 0xFE, 0x00, 0x00, 0x00, 0x00, 0x00, 0x00, 0x50, 0x00, 0x00, 0x00, 0x00, 0x00, 0x00,
    0x00, 0x00, 0x00, 0x00, 0x00, 0x00, 0x00, 0x00, 0x03, 0xF4, 0x00, 0x00, 0x00, 0x00, 0x0B, 0xFC,
    0x00, 0x00, 0x00, 0x00, 0x0B, 0xFC, 0x00, 0x00, 0x00, 0x00, 0x02, 0xFC, 0x01, 0x50, 0x00, 0x00,
    0x00, 0x7C, 0x1F, 0xFC, 0x00, 0x1F, 0xC0, 0xB8, 0x7F, 0xFD, 0x00, 0x2F, 0xC1, 0xF0, 0x11, 0xFD,
    0x00, 0x3F, 0xDB, 0xC0, 0x01, 0xFC, 0x00, 0x7F, 0xFF, 0x00, 0x01, 0xFC, 0x00, 0xBF, 0xE4, 0x00,
    0x01, 0xFC, 0x00, 0xFF, 0xC0, 0x00, 0x02, 0xFC, 0x01, 0xEF, 0xC0, 0x00, 0x02, 0xFC, 0x03, 0xCF,
    0xC0, 0x00, 0x02, 0xFC, 0x03, 0xCF, 0xC0, 0x00, 0x03, 0xF8, 0x07, 0x8F, 0xC0, 0x00, 0x03, 0xF8,
    0x0F, 0x5F, 0xC0, 0x00, 0x03, 0xF4, 0x0F, 0x1F, 0xC0, 0x00, 0x03, 0xF4, 0x1E, 0x1F, 0x80, 0x00,
    0x03, 0xF4, 0x3D, 0x2F, 0x80, 0x00, 0x03, 0xFD, 0xBC, 0x2F, 0xC0, 0x00, 0x02, 0xFF, 0xF4, 0x2F,
    0xFE, 0x00, 0x00, 0xFF, 0xD0, 0x0F, 0xFE, 0x00, 0x00, 0x15, 0x00, 0x01, 0x50, 0x00, 0x00, 0x00,
    0x00, 0x00, 0x00, 0x00, 0x00, 0x00, 0x04, 0x00, 0x00, 0x00, 0x00, 0x00, 0xBF, 0x00, 0x00, 0x00,
    0x00, 0x00, 0xFF, 0x40, 0x00, 0x00, 0x00, 0x00, 0xFF, 0x40, 0x00, 0x00, 0x00, 0x00, 0xFF, 0x00,
    0x00, 0x00, 0x00, 0x00, 0x14, 0x00, 0x00, 0x00, 0x00, 0x00, 0x74, 0x00, 0x00, 0x00, 0x00, 0x00,
    0xFE, 0x00, 0x00, 0x00, 0x00, 0x00, 0xFF, 0x80, 0x00, 0x00, 0x00, 0x00, 0x2F, 0xF0, 0x00, 0x00,
    0x00, 0x00, 0x02, 0xFC, 0x00, 0x00, 0x00, 0x00, 0x00, 0x1C, 0x00, 0x00, 0x00, 0x00, 0x00, 0x00,
    0x00, 0x00, 0x15, 0x55, 0x50, 0x00, 0x55, 0x54, 0x3F, 0xFF, 0xF0, 0x02, 0xFF, 0xFD, 0x2F, 0xFF,
    0x90, 0x01, 0xBF, 0xF8, 0x02, 0xFD, 0x00, 0x00, 0x0F, 0x40, 0x00, 0xFF, 0x00, 0x00, 0x3E, 0x00,
    0x00, 0x7F, 0x80, 0x00, 0x7C, 0x00, 0x00, 0x3F, 0xC0, 0x00, 0xF8, 0x00, 0x00, 0x1F, 0xE0, 0x01,
    0xF0, 0x00, 0x00, 0x0F, 0xF0, 0x03, 0xD0, 0x00, 0x00, 0x07, 0xF8, 0x0B, 0xC0, 0x00, 0x00, 0x03,
    0xFC, 0x0F, 0x00, 0x00, 0x00, 0x00, 0xFE, 0x3E, 0x00, 0x00, 0x00, 0x00, 0xBF, 0x7C, 0x00, 0x00,
    0x00, 0x00, 0x3F, 0xF4, 0x00, 0x00, 0x00, 0x00, 0x2F, 0xF0, 0x00, 0x00, 0x00, 0x00, 0x0F, 0xD0,
    0x00, 0x00, 0x00, 0x00, 0x1F, 0xD0, 0x00, 0x00, 0x00, 0x00, 0x1F, 0xD0, 0x00, 0x00, 0x00, 0x00,
    0x1F, 0xD0, 0x00, 0x00, 0x00, 0x00, 0x1F, 0xC0, 0x00, 0x00, 0x00, 0x00, 0x1F, 0xC0, 0x00, 0x00,
    0x00, 0x00, 0x2F, 0xC0, 0x00, 0x00, 0x00, 0x07, 0xFF, 0xFF, 0x00, 0x00, 0x00, 0x07, 0xFF, 0xFF,
    0x00, 0x00, 0x00, 0x0B, 0x00, 0x00, 0x00, 0x07, 0xF0, 0x00, 0x00, 0x01, 0xFE, 0x00, 0x00, 0x00,
    0x1F, 0xD0, 0x00, 0x00, 0x00, 0xFC, 0x00, 0x00, 0x00, 0x07, 0xC0, 0x00, 0x00, 0x00, 0x10, 0x00,
    0x00, 0x00, 0x00, 0x00, 0x01, 0x40, 0x00, 0x14, 0x1F, 0xFD, 0x00, 0x2F, 0xDB, 0xFF, 0xC0, 0x0F,
    0xFC, 0x0B, 0xF0, 0x03, 0xFF, 0x02, 0xFC, 0x00, 0x1F, 0xC0, 0xBF, 0x00, 0x03, 0xE0, 0x2F, 0xC0,
    0x00, 0xF0, 0x0B, 0xF0, 0x00, 0xBC, 0x02, 0xFC, 0x00, 0x3D, 0x00, 0x7F, 0x00, 0x1F, 0x00, 0x1F,
    0xC0, 0x0F, 0x80, 0x03, 0xF4, 0x07, 0xC0, 0x00, 0xFE, 0x02, 0xE0, 0x00, 0x3F, 0xC0, 0xF0, 0x00,
    0x07, 0xF0, 0xBC, 0x00, 0x00, 0xFF, 0x7D, 0x00, 0x00, 0x1F, 0xFF, 0x00, 0x00, 0x01, 0xFF, 0x40,
    0x00, 0x00, 0x07, 0xC0, 0x00, 0x00, 0x02, 0xE0, 0x00, 0x00, 0x00, 0xF0, 0x00, 0x07, 0x80, 0xB8,
    0x00, 0x03, 0xF4, 0x7C, 0x00, 0x00, 0xFF, 0xFD, 0x00, 0x00, 0x2F, 0xFE, 0x00, 0x00, 0x01, 0xA4,
    0x00, 0x00, 0x00, 0x15, 0x55, 0x50, 0x00, 0x55, 0x54, 0x3F, 0xFF, 0xF0, 0x02, 0xFF, 0xFD, 0x2F,
    0xFF, 0x90, 0x01, 0xBF, 0xF8, 0x02, 0xFD, 0x00, 0x00, 0x0F, 0x40, 0x00, 0xFF, 0x00, 0x00, 0x3E,
    0x00, 0x00, 0x7F, 0x80, 0x00, 0x7C, 0x00, 0x00, 0x3F, 0xC0, 0x00, 0xF8, 0x00, 0x00, 0x1F, 0xE0,
    0x01, 0xF0, 0x00, 0x00, 0x0F, 0xF0, 0x03, 0xD0, 0x00, 0x00, 0x07, 0xF8, 0x0B, 0xC0, 0x00, 0x00,
    0x03, 0xFC, 0x0F, 0x00, 0x00, 0x00, 0x00, 0xFE, 0x3E, 0x00, 0x00, 0x00, 0x00, 0xBF, 0x7C, 0x00,
    0x00, 0x00, 0x00, 0x3F, 0xF4, 0x00, 0x00, 0x00, 0x00, 0x2F, 0xF0, 0x00, 0x00, 0x00, 0x00, 0x0F,
    0xD0, 0x00, 0x00, 0x00, 0x00, 0x1F, 0xD0, 0x00, 0x00, 0x00, 0x00, 0x1F, 0xD0, 0x00, 0x00, 0x00,
    0x00, 0x1F, 0xD0, 0x00, 0x00, 0x00, 0x00, 0x1F, 0xC0, 0x00, 0x00, 0x00, 0x00, 0x1F, 0xC0, 0x00,
    0x00, 0x00, 0x00, 0x2F, 0xC0, 0x00, 0x00, 0x00, 0x07, 0xFF, 0xFF, 0x00, 0x00, 0x00, 0x07, 0xFF,
    0xFF, 0x00, 0x00, 0x00, 0x00, 0x00, 0x00, 0x00, 0x00, 0x00, 0x00, 0x00, 0x00, 0x00, 0x00, 0x00,
    0x00, 0x05, 0x00, 0x00, 0x00, 0x00, 0x00, 0x2F, 0xC0, 0x00, 0x00, 0x00, 0x00, 0x7F, 0xD0, 0x00,
    0x00, 0x00, 0x00, 0x7F, 0xD0, 0x00, 0x00, 0x00, 0x00, 0x3F, 0xC0, 0x00, 0x00, 0x00, 0x00, 0x05,
    0x00, 0x00, 0x00, 0x01, 0x40, 0x00, 0x14, 0x1F, 0xFD, 0x00, 0x2F, 0xDB, 0xFF, 0xC0, 0x0F, 0xFC,
    0x0B, 0xF0, 0x03, 0xFF, 0x02, 0xFC, 0x00, 0x1F, 0xC0, 0xBF, 0x00, 0x03, 0xE0, 0x2F, 0xC0, 0x00,
    0xF0, 0x0B, 0xF0, 0x00, 0xBC, 0x02, 0xFC, 0x00, 0x3D, 0x00, 0x7F, 0x00, 0x1F, 0x00, 0x1F, 0xC0,
    0x0F, 0x80, 0x03, 0xF4, 0x07, 0xC0, 0x00, 0xFE, 0x02, 0xE0, 0x00, 0x3F, 0xC0, 0xF0, 0x00, 0x07,
    0xF0, 0xBC, 0x00, 0x00, 0xFF, 0x7D, 0x00, 0x00, 0x1F, 0xFF, 0x00, 0x00, 0x01, 0xFF, 0x40, 0x00,
    0x00, 0x07, 0xC0, 0x00, 0x00, 0x02, 0xE0, 0x00, 0x00, 0x00, 0xF0, 0x40, 0x07, 0x80, 0xB8, 0xFD,
    0x03, 0xF4, 0x7C, 0xBF, 0xC0, 0xFF, 0xFD, 0x2F, 0xF0, 0x2F, 0xFE, 0x07, 0xF8, 0x01, 0xA4, 0x00,
    0x14, 0x00, 0x00, 0x00, 0x01, 0x50, 0x00, 0x00, 0x00, 0x00, 0x1F, 0xFE, 0x00, 0x00, 0x00, 0x00,
    0x7D, 0x2F, 0x80, 0x00, 0x00, 0x00, 0xBC, 0x0F, 0xC0, 0x00, 0x00, 0x00, 0x38, 0x2F, 0x80, 0x00,
    0x00, 0x00, 0x00, 0xFF, 0x00, 0x00, 0x00, 0x00, 0x02, 0xF8, 0x00, 0x00, 0x00, 0x00, 0x02, 0xF0,
    0x00, 0x00, 0x00, 0x00, 0x00, 0x00, 0x00, 0x00, 0x15, 0x55, 0x50, 0x00, 0x55, 0x54, 0x3F, 0xFF,
    0xF0, 0x02, 0xFF, 0xFD, 0x2F, 0xFF, 0x90, 0x01, 0xBF, 0xF8, 0x02, 0xFD, 0x00, 0x00, 0x0F, 0x40,
    0x00, 0xFF, 0x00, 0x00, 0x3E, 0x00, 0x00, 0x7F, 0x80, 0x00, 0x7C, 0x00, 0x00, 0x3F, 0xC0, 0x00,
    0xF8, 0x00, 0x00, 0x1F, 0xE0, 0x01, 0xF0, 0x00, 0x00, 0x0F, 0xF0, 0x03, 0xD0, 0x00, 0x00, 0x07,
    0xF8, 0x0B, 0xC0, 0x00, 0x00, 0x03, 0xFC, 0x0F, 0x00, 0x00, 0x00, 0x00, 0xFE, 0x3E, 0x00, 0x00,
    0x00, 0x00, 0xBF, 0x7C, 0x00, 0x00, 0x00, 0x00, 0x3F, 0xF4, 0x00, 0x00, 0x00, 0x00, 0x2F, 0xF0,
    0x00, 0x00, 0x00, 0x00, 0x0F, 0xD0, 0x00, 0x00, 0x00, 0x00, 0x1F, 0xD0, 0x00, 0x00, 0x00, 0x00,
    0x1F, 0xD0, 0x00, 0x00, 0x00, 0x00, 0x1F, 0xD0, 0x00, 0x00, 0x00, 0x00, 0x1F, 0xC0, 0x00, 0x00,
    0x00, 0x00, 0x1F, 0xC0, 0x00, 0x00, 0x00, 0x00, 0x2F, 0xC0, 0x00, 0x00, 0x00, 0x07, 0xFF, 0xFF,
    0x00, 0x00, 0x00, 0x07, 0xFF, 0xFF, 0x00, 0x00, 0x00, 0x00, 0x00, 0x00, 0x00, 0x01, 0xFF, 0xE0,
    0x00, 0x01, 0xF5, 0xFE, 0x00, 0x00, 0xBC, 0x0F, 0xC0, 0x00, 0x1F, 0x0B, 0xE0, 0x00, 0x00, 0x0B,
    0xF0, 0x00, 0x00, 0x0B, 0xF0, 0x00, 0x00, 0x03, 0xF0, 0x00, 0x00, 0x00, 0xB8, 0x00, 0x00, 0x00,
    0x00, 0x00, 0x00, 0x14, 0x00, 0x01, 0x41, 0xFF, 0xD0, 0x02, 0xFD, 0xBF, 0xFC, 0x00, 0xFF, 0xC0,
    0xBF, 0x00, 0x3F, 0xF0, 0x2F, 0xC0, 0x01, 0xFC, 0x0B, 0xF0, 0x00, 0x3E, 0x02, 0xFC, 0x00, 0x0F,
    0x00, 0xBF, 0x00, 0x0B, 0xC0, 0x2F, 0xC0, 0x03, 0xD0, 0x07, 0xF0, 0x01, 0xF0, 0x01, 0xFC, 0x00,
    0xF8, 0x00, 0x3F, 0x40, 0x7C, 0x00, 0x0F, 0xE0, 0x2E, 0x00, 0x03, 0xFC, 0x0F, 0x00, 0x00, 0x7F,
    0x0B, 0xC0, 0x00, 0x0F, 0xF7, 0xD0, 0x00, 0x01, 0xFF, 0xF0, 0x00, 0x00, 0x1F, 0xF4, 0x00, 0x00,
    0x00, 0x7C, 0x00, 0x00, 0x00, 0x2E, 0x00, 0x00, 0x00, 0x0F, 0x00, 0x00, 0x78, 0x0B, 0x80, 0x00,
    0x3F, 0x47, 0xC0, 0x00, 0x0F, 0xFF, 0xD0, 0x00, 0x02, 0xFF, 0xE0, 0x00, 0x00, 0x1A, 0x40, 0x00,
    0x00, 0x00, 0x00, 0x00, 0x00, 0x00, 0x00, 0x00, 0x00, 0x7F, 0x80, 0x20, 0x00, 0x00, 0x00, 0xFF,
    0xFE, 0xF0, 0x00, 0x00, 0x03, 0xDB, 0xFF, 0xE0, 0x00, 0x00, 0x01, 0x40, 0xBF, 0x80, 0x00, 0x00,
    0x00, 0x00, 0x00, 0x00, 0x00, 0x00, 0x00, 0x00, 0x00, 0x00, 0x00, 0x15, 0x55, 0x50, 0x00, 0x55,
    0x54, 0x3F, 0xFF, 0xF0, 0x02, 0xFF, 0xFD, 0x2F, 0xFF, 0x90, 0x01, 0xBF, 0xF8, 0x02, 0xFD, 0x00,
    0x00, 0x0F, 0x40, 0x00, 0xFF, 0x00, 0x00, 0x3E, 0x00, 0x00, 0x7F, 0x80, 0x00, 0x7C, 0x00, 0x00,
    0x3F, 0xC0, 0x00, 0xF8, 0x00, 0x00, 0x1F, 0xE0, 0x01, 0xF0, 0x00, 0x00, 0x0F, 0xF0, 0x03, 0xD0,
    0x00, 0x00, 0x07, 0xF8, 0x0B, 0xC0, 0x00, 0x00, 0x03, 0xFC, 0x0F, 0x00, 0x00, 0x00, 0x00, 0xFE,
    0x3E, 0x00, 0x00, 0x00, 0x00, 0xBF, 0x7C, 0x00, 0x00, 0x00, 0x00, 0x3F, 0xF4, 0x00, 0x00, 0x00,
    0x00, 0x2F, 0xF0, 0x00, 0x00, 0x00, 0x00, 0x0F, 0xD0, 0x00, 0x00, 0x00, 0x00, 0x1F, 0xD0, 0x00,
    0x00, 0x00, 0x00, 0x1F, 0xD0, 0x00, 0x00, 0x00, 0x00, 0x1F, 0xD0, 0x00, 0x00, 0x00, 0x00, 0x1F,
    0xC0, 0x00, 0x00, 0x00, 0x00, 0x1F, 0xC0, 0x00, 0x00, 0x00, 0x00, 0x2F, 0xC0, 0x00, 0x00, 0x00,
    0x07, 0xFF, 0xFF, 0x00, 0x00, 0x00, 0x07, 0xFF, 0xFF, 0x00, 0x00, 0x00, 0x1F, 0x80, 0x00, 0x00,
    0x0F, 0xFF, 0x4B, 0x00, 0x0B, 0xFF, 0xFF, 0x80, 0x03, 0x42, 0xFF, 0xC0, 0x00, 0x00, 0x06, 0x40,
    0x00, 0x00, 0x00, 0x00, 0x00, 0x00, 0x00, 0x00, 0x00, 0x05, 0x00, 0x00, 0x50, 0x7F, 0xF4, 0x00,
    0xBF, 0x6F, 0xFF, 0x00, 0x3F, 0xF0, 0x2F, 0xC0, 0x0F, 0xFC, 0x0B, 0xF0, 0x00, 0x7F, 0x02, 0xFC,
    0x00, 0x0F, 0x80, 0xBF, 0x00, 0x03, 0xC0, 0x2F, 0xC0, 0x02, 0xF0, 0x0B, 0xF0, 0x00, 0xF4, 0x01,
    0xFC, 0x00, 0x7C, 0x00, 0x7F, 0x00, 0x3E, 0x00, 0x0F, 0xD0, 0x1F, 0x00, 0x03, 0xF8, 0x0B, 0x80,
    0x00, 0xFF, 0x03, 0xC0, 0x00, 0x1F, 0xC2, 0xF0, 0x00, 0x03, 0xFD, 0xF4, 0x00, 0x00, 0x7F, 0xFC,
    0x00, 0x00, 0x07, 0xFD, 0x00, 0x00, 0x00, 0x1F, 0x00, 0x00, 0x00, 0x0B, 0x80, 0x00, 0x00, 0x03,
    0xC0, 0x00, 0x1E, 0x02, 0xE0, 0x00, 0x0F, 0xD1, 0xF0, 0x00, 0x03, 0xFF, 0xF4, 0x00, 0x00, 0xBF,
    0xF8, 0x00, 0x00, 0x06, 0x90, 0x00, 0x00, 0x00, 0x00, 0x00, 0x0B, 0xFF, 0xFD, 0xBF, 0xFF, 0xDB,
    0xFF, 0xFD, 0x15, 0x55, 0x55, 0x55, 0x1F, 0xFF, 0xFF, 0xFF, 0xD7, 0xFF, 0xFF, 0xFF, 0xF4, 0x15,
    0x55, 0x55, 0x55, 0x4F, 0xFF, 0xFF, 0xFF, 0xE3, 0xFF, 0xFF, 0xFF, 0xF8, 0x15, 0x55, 0x55, 0x55,
    0x55, 0x55, 0x55, 0x55, 0x47, 0xFF, 0xFF, 0xFF, 0xFF, 0xFF, 0xFF, 0xFF, 0xFC, 0x7F, 0xFF, 0xFF,
    0xFF, 0xFF, 0xFF, 0xFF, 0xFF, 0xC0, 0x15, 0x55, 0x55, 0x55, 0x55, 0x55, 0x55, 0x55, 0x47, 0xFF,
    0xFF, 0xFF, 0xFF, 0xFF, 0xFF, 0xFF, 0xFC, 0x7F, 0xFF, 0xFF, 0xFF, 0xFF, 0xFF, 0xFF, 0xFF, 0xC0,
    0x00, 0x50, 0x0B, 0xC0, 0xBC, 0x07, 0xC0, 0x3E, 0x00, 0xFD, 0x07, 0xFE, 0x0F, 0xF8, 0x2F, 0xC0,
    0x00, 0x00, 0x0A, 0x03, 0xFC, 0x7F, 0xE7, 0xFE, 0x0B, 0xE0, 0x7C, 0x0F, 0x83, 0xE0, 0xB8, 0x01,
    0x00, 0x00, 0x03, 0xFC, 0x7F, 0xD7, 0xFE, 0x1F, 0xE0, 0x3D, 0x0B, 0xC1, 0xF0, 0xBC, 0x02, 0x00,
    0x00, 0x50, 0x02, 0x00, 0xBC, 0x03, 0xE0, 0xBC, 0x03, 0xE0, 0x7C, 0x03, 0xE0, 0x3E, 0x01, 0xF4,
    0x0F, 0xD0, 0xBF, 0x47, 0xFE, 0x2F, 0xF4, 0xFF, 0x87, 0xFD, 0x2F, 0xC0, 0xFF, 0x00, 0x00, 0x00,
    0x00, 0x0A, 0x00, 0x68, 0x0F, 0xF0, 0x7F, 0xC7, 0xFE, 0x2F, 0xF5, 0xFF, 0x8B, 0xFD, 0x0B, 0xE0,
    0x2F, 0x41, 0xF0, 0x0B, 0xC0, 0xF8, 0x03, 0xD0, 0xF8, 0x07, 0xD0, 0xB8, 0x03, 0xD0, 0x04, 0x00,
    0x00, 0x00, 0x00, 0x00, 0x00, 0x0F, 0xF0, 0x3F, 0x87, 0xFD, 0x2F, 0xF1, 0xFF, 0x8B, 0xFD, 0x1F,
    0xE0, 0x7F, 0x40, 0xF4, 0x0B, 0xC0, 0xBC, 0x03, 0xE0, 0x7C, 0x02, 0xF0, 0xBC, 0x03, 0xE0, 0x08,
    0x00, 0x50, 0x00, 0x00, 0x00, 0x00, 0x00, 0x02, 0xF8, 0x00, 0x00, 0x2F, 0x40, 0x00, 0x01, 0xF0,
    0x00, 0x00, 0x0F, 0x00, 0x00, 0x00, 0xE0, 0x04, 0x39, 0x4E, 0x1B, 0xD7, 0xFF, 0xFF, 0xFC, 0xBE,
    0x9E, 0x5B, 0xC0, 0x01, 0xF0, 0x00, 0x00, 0x2F, 0x00, 0x00, 0x03, 0xF8, 0x00, 0x00, 0x3F, 0xC0,
    0x00, 0x03, 0xF8, 0x00, 0x00, 0x3F, 0x40, 0x00, 0x02, 0xF4, 0x00, 0x00, 0x2F, 0x00, 0x00, 0x01,
    0xF0, 0x00, 0x00, 0x1F, 0x00, 0x00, 0x01, 0xF0, 0x00, 0x00, 0x0F, 0x00, 0x00, 0x00, 0xE0, 0x00,
    0x00, 0x0E, 0x00, 0x00, 0x00, 0xE0, 0x00, 0x00, 0x0E, 0x00, 0x00, 0x00, 0xE0, 0x00, 0x00, 0x0E,
    0x00, 0x00, 0x00, 0x00, 0x00, 0x00, 0x02, 0xF8, 0x00, 0x00, 0x2F, 0x40, 0x00, 0x01, 0xF0, 0x00,
    0x00, 0x0F, 0x00, 0x00, 0x00, 0xE0, 0x04, 0x39, 0x4E, 0x1B, 0xD7, 0xFF, 0xFF, 0xFC, 0xBE, 0x9E,
    0x5B, 0xC1, 0x00, 0xF0, 0x00, 0x00, 0x1F, 0x00, 0x00, 0x02, 0xF4, 0x00, 0x00, 0x3F, 0x80, 0x00,
    0x03, 0xFC, 0x00, 0x00, 0x3F, 0x80, 0x00, 0x03, 0xF4, 0x00, 0x00, 0x2F, 0x00, 0x00, 0x01, 0xF0,
    0x00, 0x10, 0x0E, 0x06, 0xD7, 0xFF, 0xFF, 0xFD, 0xBF, 0xEF, 0xBF, 0xCA, 0x40, 0xE0, 0x14, 0x00,
    0x0E, 0x00, 0x00, 0x01, 0xF0, 0x00, 0x00, 0x2F, 0x00, 0x00, 0x03, 0xF4, 0x00, 0x00, 0x39, 0x00,
    0x00, 0x00, 0x00, 0x02, 0xFE, 0x02, 0xFF, 0xF0, 0xFF, 0xFD, 0x7F, 0xFF, 0x9F, 0xFF, 0xE3, 0xFF,
    0xF0, 0x7F, 0xF8, 0x01, 0xA0, 0x00, 0x06, 0x40, 0x00, 0x19, 0x00, 0x00, 0x64, 0x0B, 0xFC, 0x00,
    0x3F, 0xF0, 0x00, 0xFF, 0x83, 0xFF, 0x40, 0x1F, 0xFC, 0x00, 0xBF, 0xF0, 0xFF, 0xD0, 0x07, 0xFF,
    0x00, 0x2F, 0xFC, 0x2F, 0xF0, 0x00, 0xFF, 0x80, 0x03, 0xFE, 0x01, 0x90, 0x00, 0x06, 0x40, 0x00,
    0x29, 0x00, 0x01, 0xBE, 0x40, 0x00, 0x0F, 0x40, 0x00, 0x00, 0x00, 0x02, 0xFF, 0xF8, 0x00, 0x0F,
    0x80, 0x00, 0x00, 0x00, 0x02, 0xF4, 0x2F, 0x40, 0x07, 0xC0, 0x00, 0x00, 0x00, 0x00, 0xFC, 0x03,
    0xE0, 0x03, 0xD0, 0x00, 0x00, 0x00, 0x00, 0x3E, 0x00, 0xFC, 0x02, 0xF0, 0x00, 0x00, 0x00, 0x00,
    0x1F, 0x40, 0x3F, 0x01, 0xF0, 0x00, 0x00, 0x00, 0x00, 0x03, 0xE0, 0x0F, 0xC0, 0xF8, 0x00, 0x00,
    0x00, 0x00, 0x00, 0xFC, 0x03, 0xE0, 0xBC, 0x00, 0x00, 0x00, 0x00, 0x00, 0x2F, 0x83, 0xF0, 0x7D,
    0x00, 0x00, 0x00, 0x00, 0x00, 0x03, 0xFF, 0xF4, 0x3E, 0x00, 0x50, 0x00, 0x00, 0x10, 0x00, 0x1F,
    0xE0, 0x2F, 0x02, 0xFF, 0xC0, 0x02, 0xFF, 0x80, 0x00, 0x00, 0x0F, 0x43, 0xFA, 0xFC, 0x03, 0xFA,
    0xFC, 0x00, 0x00, 0x0F, 0xC2, 0xF0, 0x0F, 0x82, 0xF0, 0x1F, 0x80, 0x00, 0x07, 0xC0, 0xFC, 0x03,
    0xF0, 0xFC, 0x03, 0xF0, 0x00, 0x03, 0xE0, 0x3E, 0x00, 0xBC, 0x3E, 0x00, 0xFC, 0x00, 0x02, 0xF0,
    0x0F, 0x80, 0x2F, 0x0F, 0x80, 0x3F, 0x00, 0x01, 0xF4, 0x03, 0xF0, 0x0F, 0xC3, 0xE0, 0x0F, 0xC0,
    0x00, 0xF8, 0x00, 0xBC, 0x07, 0xD0, 0xFC, 0x07, 0xD0, 0x00, 0xBC, 0x00, 0x0F, 0xEB, 0xF0, 0x1F,
    0xDB, 0xF0, 0x00, 0x3D, 0x00, 0x01, 0xFF, 0xE0, 0x01, 0xFF, 0xE0, 0x00, 0x05, 0x00, 0x00, 0x05,
    0x40, 0x00, 0x05, 0x40, 0x00, 0x0F, 0x4B, 0xE3, 0xF0, 0xFC, 0x3D, 0x0F, 0x03, 0x80, 0xC0, 0x0F,
    0x42, 0xE0, 0xBE, 0x0F, 0xC3, 0xF0, 0x7F, 0x0F, 0xC1, 0xF4, 0x3D, 0x07, 0xC0, 0xF0, 0x2E, 0x03,
    0x80, 0xB0, 0x0C, 0x01, 0x80, 0x00, 0x02, 0x00, 0x02, 0xD0, 0x03, 0xE0, 0x03, 0xF0, 0x07, 0xF4,
    0x0B, 0xF8, 0x03, 0xF8, 0x01, 0xFE, 0x00, 0x2F, 0xD0, 0x01, 0xFC, 0x00, 0x1F, 0xC0, 0x01, 0xF4,
    0x00, 0x1F, 0x00, 0x01, 0xC0, 0x00, 0x00, 0x04, 0x00, 0x01, 0xE0, 0x00, 0x0F, 0x80, 0x00, 0x7E,
    0x00, 0x02, 0xF8, 0x00, 0x0F, 0xE0, 0x00, 0x3F, 0xC0, 0x03, 0xFC, 0x00, 0xFF, 0x40, 0x2F, 0xD0,
    0x07, 0xF0, 0x00, 0xF8, 0x00, 0x2E, 0x00, 0x03, 0x80, 0x00, 0x00, 0x00, 0x00, 0x00, 0x00, 0x00,
    0x00, 0x00, 0x00, 0x00, 0x00, 0x00, 0x00, 0xF4, 0x00, 0x00, 0x00, 0x00, 0x00, 0x03, 0xD0, 0x00,
    0x00, 0x00, 0x00, 0x09, 0x0F, 0x01, 0x00, 0x00, 0x00, 0x00, 0x7E, 0x3C, 0x7D, 0x00, 0x00, 0x00,
    0x00, 0xFE, 0xAB, 0xF4, 0x00, 0x00, 0x00, 0x00, 0x2F, 0xF9, 0x00, 0x00, 0x00, 0x00, 0x01, 0xBF,
    0x80, 0x00, 0x00, 0x00, 0x00, 0x7F, 0xBB, 0xF4, 0x00, 0x00, 0x00, 0x03, 0xF4, 0xE3, 0xF0, 0x00,
    0x00, 0x00, 0x06, 0x47, 0xC3, 0xC0, 0x00, 0x00, 0x00, 0x00, 0x2F, 0x00, 0x00, 0x00, 0x00, 0x00,
    0x00, 0xBC, 0x00, 0x00, 0x00, 0x00, 0x00, 0x00, 0x00, 0x00, 0x00, 0x00, 0x00, 0x00, 0x00, 0x00,
    0x00, 0x00, 0x00, 0x0F, 0x80, 0x00, 0x00, 0x3D, 0x00, 0x00, 0x3D, 0x00, 0x00, 0x00, 0xF0, 0x00,
    0x60, 0xF0, 0x20, 0x02, 0x43, 0xC0, 0x47, 0xE2, 0xC7, 0xE0, 0x2F, 0x4F, 0x1F, 0x4F, 0xEB, 0x7F,
    0x40, 0x7F, 0xBA, 0xFC, 0x02, 0xFF, 0x90, 0x00, 0x1B, 0xFE, 0x40, 0x0B, 0xF9, 0x00, 0x00, 0x6F,
    0xE0, 0x07, 0xFB, 0xBF, 0x40, 0x2F, 0xEE, 0xFD, 0x2F, 0x8E, 0x3F, 0x40, 0xFD, 0x35, 0xFC, 0x24,
    0x7C, 0x3C, 0x01, 0x81, 0xE1, 0xF0, 0x01, 0xF0, 0x00, 0x00, 0x0B, 0xC0, 0x00, 0x0B, 0xC0, 0x00,
    0x00, 0x2E, 0x00, 0x00, 0x00, 0x00, 0x00, 0x00, 0x00, 0x00, 0x00, 0x00, 0x00, 0x1F, 0x00, 0x00,
    0x00, 0x0F, 0xC0, 0x00, 0x00, 0x07, 0xC0, 0x00, 0x00, 0x03, 0xE0, 0x00, 0x00, 0x02, 0xF0, 0x00,
    0x00, 0x00, 0xF8, 0x00, 0x00, 0x00, 0xBC, 0x00, 0x00, 0x00, 0x7D, 0x00, 0x00, 0x00, 0x3F, 0x00,
    0x00, 0x00, 0x1F, 0x00, 0x00, 0x00, 0x0F, 0x80, 0x00, 0x00, 0x0B, 0xC0, 0x00, 0x00, 0x03, 0xE0,
    0x00, 0x00, 0x02, 0xF0, 0x00, 0x00, 0x01, 0xF4, 0x00, 0x00, 0x00, 0xFC, 0x00, 0x00, 0x00, 0x7C,
    0x00, 0x00, 0x00, 0x3E, 0x00, 0x00, 0x00, 0x2F, 0x00, 0x00, 0x00, 0x0F, 0x80, 0x00, 0x00, 0x0B,
    0xC0, 0x00, 0x00, 0x07, 0xD0, 0x00, 0x00, 0x03, 0xF0, 0x00, 0x00, 0x01, 0xF4, 0x00, 0x00, 0x00,
    0x54, 0x00, 0x00, 0x00, 0x00, 0x00, 0x2F, 0xE0, 0x00, 0x1F, 0xFF, 0xD0, 0x07, 0xE0, 0x2F, 0x40,
    0xFC, 0x00, 0xFC, 0x1F, 0x40, 0x0B, 0xC2, 0xF0, 0x00, 0xBD, 0x3F, 0x00, 0x07, 0xE3, 0xF0, 0x00,
    0x7E, 0x3F, 0x00, 0x0B, 0xD3, 0xF0, 0x00, 0xBD, 0x3F, 0x00, 0x0F, 0xC2, 0xF4, 0x00, 0xFC, 0x1F,
    0x80, 0x2F, 0x40, 0xFE, 0x07, 0xE0, 0x03, 0xFF, 0xFC, 0x00, 0x07, 0xF9, 0x00, 0x00, 0x00, 0x68,
    0x00, 0x00, 0xFF, 0x00, 0x00, 0xBF, 0xC0, 0x00, 0x7B, 0xE0, 0x00, 0x3C, 0xF8, 0x00, 0x3C, 0x3E,
    0x00, 0x2D, 0x1F, 0x80, 0x1E, 0x07, 0xE0, 0x0F, 0x01, 0xF8, 0x0F, 0x00, 0x7D, 0x0B, 0x80, 0x1F,
    0x43, 0xFF, 0xFF, 0xFF, 0xBF, 0xFF, 0xFF, 0xC0, 0x00, 0xBD, 0x00, 0x00, 0x2F, 0x40, 0x00, 0x06,
    0x80, 0x06, 0xAA, 0xA9, 0x0B, 0xFF, 0xFD, 0x0F, 0xFF, 0xFC, 0x0F, 0x00, 0x00, 0x0E, 0x00, 0x00,
    0x0E, 0x00, 0x00, 0x0E, 0xBF, 0xE0, 0x0F, 0xEB, 0xFC, 0x04, 0x00, 0xFD, 0x00, 0x00, 0xBE, 0x00,
    0x00, 0x7E, 0x29, 0x00, 0xBD, 0xBE, 0x00, 0xFC, 0xBD, 0x02, 0xF4, 0x3F, 0xAF, 0xD0, 0x0B, 0xFE,
    0x00, 0x00, 0x2F, 0xE4, 0x01, 0xFE, 0xFD, 0x0B, 0xD0, 0x3F, 0x1F, 0x40, 0x7E, 0x3F, 0x00, 0x14,
    0x7D, 0x01, 0x00, 0xBC, 0x7F, 0xF4, 0xBE, 0xFA, 0xFC, 0xFF, 0x40, 0xBE, 0xFC, 0x00, 0x7E, 0xFC,
    0x00, 0x3E, 0xBC, 0x00, 0x7E, 0x7D, 0x00, 0xBC, 0x3F, 0x01, 0xF8, 0x0F, 0xEF, 0xE0, 0x02, 0xFE,
    0x40, 0x1A, 0xAA, 0xAA, 0x0F, 0xFF, 0xFF, 0xC3, 0xFF, 0xFF, 0xF1, 0xF0, 0x00, 0xB0, 0x74, 0x00,
    0xB4, 0x00, 0x00, 0xB8, 0x00, 0x00, 0x7C, 0x00, 0x00, 0x3E, 0x00, 0x00, 0x2F, 0x00, 0x00, 0x0F,
    0x80, 0x00, 0x07, 0xD0, 0x00, 0x03, 0xF0, 0x00, 0x00, 0xFC, 0x00, 0x00, 0x7F, 0x00, 0x00, 0x1F,
    0x80, 0x00, 0x06, 0x90, 0x00, 0x00, 0x6F, 0xF4, 0x00, 0xFF, 0xBF, 0xC0, 0xBC, 0x01, 0xF4, 0x3E,
    0x00, 0x3E, 0x0F, 0xC0, 0x0F, 0x43, 0xFD, 0x0F, 0x80, 0x3F, 0xFF, 0x80, 0x03, 0xFF, 0xE0, 0x02,
    0xFB, 0xFF, 0x07, 0xE0, 0x2F, 0xE3, 0xF0, 0x01, 0xFC, 0xF8, 0x00, 0x3F, 0x3E, 0x00, 0x0F, 0x8F,
    0xD0, 0x0F, 0xC0, 0xFF, 0xFF, 0xD0, 0x06, 0xFE, 0x40, 0x00, 0x7F, 0x90, 0x00, 0xFE, 0xFE, 0x00,
    0xFC, 0x07, 0xE0, 0xBC, 0x00, 0xBC, 0x3F, 0x00, 0x1F, 0x4F, 0xC0, 0x07, 0xE3, 0xF0, 0x02, 0xF8,
    0xFD, 0x02, 0xFE, 0x1F, 0xEB, 0xEF, 0x41, 0xFF, 0x87, 0xC0, 0x00, 0x02, 0xF0, 0x14, 0x00, 0xF8,
    0x3F, 0x00, 0xBC, 0x0F, 0xC0, 0x7D, 0x02, 0xFA, 0xFD, 0x00, 0x1F, 0xF4, 0x00, 0x00, 0x10, 0x02,
    0xC0, 0x2E, 0x01, 0xF0, 0x0F, 0x80, 0x7C, 0x03, 0xF0, 0x1F, 0x80, 0xBD, 0x02, 0xF4, 0x0F, 0xD0,
    0x3F, 0x00, 0xFD, 0x02, 0xF4, 0x07, 0xE0, 0x0F, 0xC0, 0x2F, 0x00, 0x3D, 0x00, 0xBC, 0x00, 0xB4,
    0x00, 0x80, 0x14, 0x00, 0xB0, 0x00, 0xF0, 0x03, 0xE0, 0x07, 0xC0, 0x0F, 0x80, 0x3F, 0x00, 0xBD,
    0x02, 0xF4, 0x0B, 0xD0, 0x2F, 0x40, 0xBD, 0x03, 0xF0, 0x0F, 0xC0, 0x3E, 0x02, 0xF4, 0x0F, 0xC0,
    0x7C, 0x03, 0xD0, 0x1E, 0x00, 0x60, 0x00, 0x0A, 0x80, 0x1A, 0x40, 0x3F, 0xF0, 0x7F, 0xE0, 0x02,
    0xF0, 0xF7, 0xF0, 0x02, 0xF2, 0xC3, 0xF0, 0x02, 0xF3, 0x83, 0xF0, 0x03, 0xE3, 0x43, 0xF0, 0x03,
    0xEB, 0x03, 0xE0, 0x03, 0xDE, 0x03, 0xE0, 0x03, 0xEC, 0x07, 0xE0, 0x03, 0xFC, 0x07, 0xD0, 0x03,
    0xF4, 0x07, 0xD0, 0x03, 0xF0, 0x07, 0xFE, 0x02, 0x90, 0x02, 0xF8, 0x00, 0x6F, 0x90, 0x00, 0xFF,
    0xFF, 0x00, 0xFD, 0x07, 0xE0, 0xBD, 0x00, 0xBD, 0x3F, 0x00, 0x1F, 0x9F, 0x80, 0x03, 0xF7, 0xD0,
    0x00, 0xFE, 0xF4, 0x00, 0x3F, 0xBD, 0x00, 0x0F, 0xEF, 0x40, 0x03, 0xEB, 0xD0, 0x01, 0xF9, 0xF8,
    0x00, 0xBC, 0x3F, 0x00, 0x3F, 0x07, 0xF0, 0x3F, 0x00, 0xBF, 0xFF, 0x40, 0x06, 0xFE, 0x00, 0x06,
    0xAC, 0x02, 0xFF, 0xC0, 0x05, 0xFC, 0x00, 0x0B, 0xC0, 0x00, 0xFC, 0x00, 0x0F, 0xC0, 0x00, 0xFC,
    0x00, 0x0F, 0xC0, 0x00, 0xFC, 0x00, 0x0F, 0xC0, 0x00, 0xFC, 0x00, 0x0F, 0x80, 0x00, 0xF8, 0x00,
    0x2F, 0xD0, 0x3F, 0xFF, 0xD2, 0xAA, 0xA8, 0x01, 0xBF, 0x90, 0x03, 0xFA, 0xFF, 0x02, 0xE0, 0x0F,
    0xE0, 0xF8, 0x01, 0xFC, 0x3F, 0x40, 0x3F, 0x02, 0x40, 0x1F, 0x80, 0x00, 0x0F, 0xC0, 0x00, 0x07,
    0xE0, 0x00, 0x07, 0xE0, 0x00, 0x03, 0xE0, 0x00, 0x07, 0xD0, 0x00, 0x07, 0xD0, 0x1C, 0x07, 0xC0,
    0x0F, 0x07, 0xFF, 0xFF, 0xC3, 0xFF, 0xFF, 0xF0, 0x6A, 0xAA, 0xA4, 0x01, 0xBF, 0xE0, 0x02, 0xFA,
    0xFF, 0x01, 0xF4, 0x0B, 0xE0, 0x7E, 0x00, 0xF8, 0x0F, 0x40, 0x7E, 0x00, 0x00, 0x3F, 0x00, 0x00,
    0x7F, 0x00, 0x00, 0xFF, 0x80, 0x00, 0x26, 0xFE, 0x00, 0x00, 0x0F, 0xC0, 0x00, 0x03, 0xF4, 0x24,
    0x00, 0xFC, 0x3F, 0x00, 0x3F, 0x0F, 0xC0, 0x3F, 0x42, 0xFE, 0xFF, 0x40, 0x1F, 0xF9, 0x00, 0x00,
    0x00, 0x68, 0x00, 0x00, 0x2F, 0xC0, 0x00, 0x07, 0xFC, 0x00, 0x00, 0xFF, 0xC0, 0x00, 0x2C, 0xFC,
    0x00, 0x07, 0x8F, 0xC0, 0x00, 0xF0, 0xFC, 0x00, 0x3C, 0x0F, 0xC0, 0x0B, 0x40, 0xFC, 0x01, 0xE0,
    0x0F, 0xC0, 0x3C, 0x00, 0xFC, 0x0B, 0xFF, 0xFF, 0xFD, 0x7F, 0xFF, 0xFF, 0xD0, 0x00, 0x0F, 0x80,
    0x00, 0x00, 0xF8, 0x00, 0x00, 0x0A, 0x40, 0x02, 0xAA, 0xA9, 0x07, 0xFF, 0xFE, 0x07, 0xFF, 0xFD,
    0x07, 0x00, 0x00, 0x0B, 0x00, 0x00, 0x0B, 0x00, 0x00, 0x0B, 0x7F, 0xF0, 0x0B, 0xEB, 0xFC, 0x01,
    0x00, 0xFE, 0x00, 0x00, 0x3F, 0x00, 0x00, 0x3F, 0x1E, 0x00, 0x3F, 0x3F, 0x00, 0xBD, 0x3F, 0x01,
    0xFC, 0x2F, 0xEB, 0xF0, 0x06, 0xFE, 0x40, 0x00, 0x1B, 0xF8, 0x00, 0x3F, 0xAF, 0xC0, 0x3E, 0x02,
    0xF0, 0x3F, 0x00, 0xFC, 0x1F, 0x00, 0x04, 0x0F, 0xC0, 0x00, 0x03, 0xE2, 0xFF, 0x81, 0xFB, 0xEB,
    0xF4, 0x7F, 0x80, 0x3F, 0x1F, 0x80, 0x0F, 0xC7, 0xD0, 0x03, 0xF1, 0xF8, 0x00, 0xFC, 0x3F, 0x00,
    0x3E, 0x07, 0xD0, 0x3F, 0x00, 0xBF, 0xBF, 0x00, 0x06, 0xFD, 0x00, 0x1A, 0xAA, 0xAA, 0x0B, 0xFF,
    0xFF, 0xD3, 0xFF, 0xFF, 0xF4, 0xF4, 0x00, 0x78, 0x38, 0x00, 0x78, 0x00, 0x00, 0x3C, 0x00, 0x00,
    0x3D, 0x00, 0x00, 0x2F, 0x00, 0x00, 0x0F, 0x40, 0x00, 0x0B, 0xC0, 0x00, 0x03, 0xF0, 0x00, 0x01,
    0xF8, 0x00, 0x00, 0xBD, 0x00, 0x00, 0x3F, 0x00, 0x00, 0x0F, 0xC0, 0x00, 0x02, 0xA0, 0x00, 0x00,
    0xBF, 0xE0, 0x01, 0xFE, 0xBF, 0x41, 0xF4, 0x03, 0xF0, 0xBC, 0x00, 0xBC, 0x2F, 0x40, 0x3E, 0x07,
    0xF4, 0x1F, 0x00, 0xBF, 0xEF, 0x00, 0x07, 0xFF, 0x80, 0x0B, 0xEF, 0xFD, 0x0F, 0xC0, 0x7F, 0xC7,
    0xC0, 0x03, 0xF6, 0xF0, 0x00, 0xBD, 0xFC, 0x00, 0x3F, 0x1F, 0x80, 0x1F, 0x82, 0xFF, 0xFF, 0x80,
    0x1B, 0xFE, 0x00, 0x00, 0xBF, 0x80, 0x0B, 0xFB, 0xF0, 0x2F, 0x40, 0xFC, 0x3E, 0x00, 0x7D, 0x7D,
    0x00, 0x3F, 0xBD, 0x00, 0x3F, 0xBD, 0x00, 0x3F, 0x7E, 0x01, 0xFF, 0x3F, 0xAF, 0xBF, 0x0F, 0xFD,
    0x3E, 0x00, 0x40, 0x7D, 0x14, 0x00, 0xBC, 0xBD, 0x00, 0xF4, 0xBC, 0x03, 0xE0, 0x7F, 0xAF, 0x80,
    0x1B, 0xF8, 0x00, 0x00, 0x10, 0x02, 0xD0, 0x1E, 0x00, 0xF0, 0x0F, 0x80, 0x7D, 0x03, 0xF0, 0x0F,
    0xC0, 0x7E, 0x02, 0xF4, 0x0B, 0xD0, 0x2F, 0x40, 0xBD, 0x01, 0xF8, 0x07, 0xE0, 0x0F, 0xC0, 0x2F,
    0x00, 0x3E, 0x00, 0x7C, 0x00, 0xB4, 0x00, 0x90, 0x04, 0x00, 0x74, 0x00, 0xF4, 0x02, 0xF0, 0x03,
    0xD0, 0x0F, 0xC0, 0x2F, 0x40, 0x7E, 0x01, 0xF8, 0x07, 0xE0, 0x1F, 0x80, 0x7E, 0x02, 0xF8, 0x0B,
    0xD0, 0x3F, 0x01, 0xF8, 0x0B, 0xC0, 0x3D, 0x02, 0xE0, 0x0F, 0x00, 0x20, 0x00, 0x00, 0x00, 0x10,
    0x10, 0x00, 0x00, 0x00, 0x78, 0x74, 0x00, 0x00, 0x00, 0x74, 0x74, 0x00, 0x00, 0x00, 0xBF, 0xF8,
    0x00, 0x00, 0x07, 0xFF, 0xFF, 0xC0, 0x00, 0x3F, 0xF9, 0xFF, 0xF0, 0x00, 0xFF, 0xF0, 0xF3, 0xFC,
    0x02, 0xFC, 0xF0, 0xF1, 0xFD, 0x07, 0xF4, 0xF0, 0xF2, 0xFD, 0x0F, 0xF0, 0xF0, 0xE3, 0xFC, 0x0F,
    0xD0, 0xF0, 0xE0, 0x50, 0x2F, 0xC0, 0xE1, 0xE0, 0x00, 0x2F, 0xC0, 0xE1, 0xD0, 0x00, 0x3F, 0xC1,
    0xE1, 0xD0, 0x00, 0x3F, 0xC1, 0xD2, 0xD0, 0x00, 0x3F, 0x81, 0xD2, 0xC0, 0x00, 0x3F, 0xC2, 0xC2,
    0xC0, 0x00, 0x3F, 0xC2, 0xC3, 0xC0, 0x00, 0x3F, 0xC2, 0xC3, 0xC0, 0x00, 0x3F, 0xC3, 0xC3, 0xC0,
    0x00, 0x2F, 0xD3, 0xC3, 0xC7, 0xF0, 0x0F, 0xF3, 0xC3, 0x8B, 0xF4, 0x0B, 0xFB, 0x83, 0x87, 0xF8,
    0x03, 0xFF, 0x87, 0x87, 0xF4, 0x01, 0xFF, 0xC7, 0x9F, 0xF0, 0x00, 0x7F, 0xFF, 0xFF, 0xC0, 0x00,
    0x0B, 0xFF, 0xFD, 0x00, 0x00, 0x0B, 0x5F, 0x40, 0x00, 0x00, 0x0B, 0x0B, 0x00, 0x00, 0x00, 0x06,
    0x0A, 0x00, 0x00, 0x05, 0x55, 0x55, 0x55, 0x41, 0xFF, 0xFF, 0xFF, 0xFD, 0x0B, 0xFF, 0xFF, 0xFF,
    0xE0, 0x0B, 0xF0, 0x00, 0xBE, 0x00, 0xBF, 0x00, 0x03, 0xE0, 0x0F, 0xF0, 0x00, 0x2F, 0x00, 0xFF,
    0x00, 0x00, 0x90, 0x0F, 0xF0, 0x00, 0x00, 0x00, 0xFE, 0x00, 0x00, 0x00, 0x0F, 0xE0, 0x00, 0x00,
    0x00, 0xFE, 0x00, 0x00, 0x00, 0x0F, 0xFF, 0xFF, 0xC0, 0x00, 0xFF, 0xFF, 0xFC, 0x00, 0x0F, 0xE5,
    0x55, 0x40, 0x00, 0xFD, 0x00, 0x00, 0x00, 0x1F, 0xE0, 0x00, 0x00, 0xFF, 0xFF, 0xFF, 0xFC, 0x0A,
    0xBF, 0xFA, 0xAA, 0x80, 0x01, 0xFD, 0x00, 0x00, 0x00, 0x1F, 0xD0, 0x00, 0x00, 0x01, 0xFC, 0x00,
    0x00, 0x00, 0x2F, 0xD0, 0x00, 0x00, 0x3F, 0xFF, 0xFD, 0x00, 0x07, 0xFF, 0xFF, 0xD0, 0x00, 0x00,
    0x01, 0xBF, 0xA0, 0x00, 0x00, 0x3F, 0xFF, 0xF8, 0x00, 0x07, 0xFD, 0x5B, 0xF8, 0x00, 0x3F, 0x80,
    0x0B, 0xF0, 0x02, 0xFC, 0x00, 0x2F, 0xC0, 0x0F, 0xE0, 0x00, 0xFF, 0x00, 0x7F, 0x40, 0x02, 0xF4,
    0x02, 0xFD, 0x00, 0x00, 0x00, 0x0B, 0xF4, 0x00, 0x00, 0x01, 0xBF, 0xEA, 0xAA, 0x40, 0x0B, 0xFF,
    0xFF, 0xFE, 0x00, 0x05, 0xFE, 0x55, 0x50, 0x00, 0x03, 0xF8, 0x00, 0x00, 0x01, 0x5F, 0xF5, 0x55,
    0x00, 0x0F, 0xFF, 0xFF, 0xFD, 0x00, 0x1A, 0xBF, 0xAA, 0xA0, 0x00, 0x00, 0x7E, 0x00, 0x09, 0x00,
    0x00, 0xFC, 0x00, 0x3F, 0x00, 0x01, 0xF0, 0x00, 0x7F, 0x00, 0x03, 0xE0, 0x00, 0x7D, 0x00, 0x0B,
    0xC0, 0x00, 0xF8, 0x07, 0xFF, 0xF4, 0x07, 0xE0, 0xFF, 0xFF, 0xFF, 0xFF, 0x03, 0xD0, 0x01, 0xFF,
    0xF4, 0x00, 0x00, 0x00, 0x15, 0x00, 0x05, 0x55, 0x40, 0x00, 0x55, 0x55, 0x03, 0xFF, 0xF8, 0x00,
    0x3F, 0xFF, 0xC0, 0xAF, 0xFF, 0x00, 0x06, 0xFF, 0x90, 0x02, 0xFF, 0xE0, 0x00, 0x1F, 0x00, 0x00,
    0xBB, 0xFC, 0x00, 0x07, 0xC0, 0x00, 0x3E, 0x7F, 0x40, 0x01, 0xF0, 0x00, 0x0F, 0x8F, 0xF0, 0x00,
    0x7C, 0x00, 0x03, 0xE1, 0xFD, 0x00, 0x1F, 0x00, 0x00, 0xF8, 0x3F, 0xC0, 0x0B, 0xC0, 0x1F, 0xFF,
    0xFF, 0xFF, 0xFF, 0xFF, 0xF2, 0xAF, 0xEA, 0xFF, 0xAA, 0xFE, 0xA4, 0x03, 0xD0, 0x2F, 0xD0, 0x2F,
    0x00, 0x00, 0xF4, 0x03, 0xFC, 0x0B, 0x80, 0x15, 0x7E, 0x55, 0xFF, 0x97, 0xF5, 0x5B, 0xFF, 0xFF,
    0xFF, 0xFF, 0xFF, 0xF8, 0x57, 0xD5, 0x52, 0xFD, 0x3E, 0x00, 0x00, 0xF0, 0x00, 0x3F, 0x8F, 0x80,
    0x00, 0x7C, 0x00, 0x0B, 0xF3, 0xE0, 0x00, 0x1F, 0x00, 0x00, 0xFE, 0xF8, 0x00, 0x07, 0xC0, 0x00,
    0x2F, 0xFD, 0x00, 0x01, 0xF0, 0x00, 0x03, 0xFF, 0x40, 0x00, 0x7C, 0x00, 0x00, 0xFF, 0xD0, 0x03,
    0xFF, 0xFC, 0x00, 0x1F, 0xF4, 0x00, 0xFF, 0xFF, 0x00, 0x03, 0xFD, 0x00, 0x00, 0x00, 0x00, 0x00,
    0x10, 0x00, 0x00, 0x05, 0x55, 0x55, 0x00, 0x00, 0x00, 0x00, 0x00, 0x00, 0x00, 0x00, 0x00, 0x1F,
    0xFF, 0xFF, 0xFD, 0x00, 0x00, 0x14, 0x00, 0x00, 0x00, 0x00, 0x00, 0x0A, 0xFF, 0xAB, 0xFF, 0xC0,
    0x00, 0x7C, 0x00, 0x00, 0x00, 0x00, 0x00, 0x00, 0xBF, 0x00, 0x2F, 0xF0, 0x00, 0xBC, 0x00, 0x00,
    0x00, 0x00, 0x00, 0x00, 0xBF, 0x00, 0x0F, 0xF4, 0x00, 0xFC, 0x00, 0x00, 0x00, 0x00, 0x00, 0x00,
    0xBF, 0x00, 0x07, 0xF8, 0x00, 0xFC, 0x00, 0x00, 0x00, 0x00, 0x00, 0x00, 0xBF, 0x00, 0x03, 0xFC,
    0x01, 0xFC, 0x00, 0x00, 0x00, 0x55, 0x00, 0x00, 0xBF, 0x00, 0x03, 0xFC, 0x3F, 0xFF, 0xFF, 0x00,
    0x0F, 0xFF, 0xE0, 0x00, 0xFF, 0x00, 0x03, 0xFC, 0x7F, 0xFF, 0xFF, 0x00, 0x7F, 0x97, 0xF8, 0x00,
    0xFF, 0x00, 0x07, 0xF8, 0x03, 0xFC, 0x00, 0x00, 0xFC, 0x01, 0xFC, 0x00, 0xFF, 0x00, 0x0F, 0xF0,
    0x03, 0xF8, 0x00, 0x01, 0xF8, 0x01, 0xFC, 0x00, 0xFF, 0x00, 0x2F, 0xE0, 0x03, 0xF8, 0x00, 0x02,
    0xF8, 0x00, 0x60, 0x00, 0xFE, 0x15, 0xFF, 0x80, 0x03, 0xF8, 0x00, 0x02, 0xFE, 0x00, 0x00, 0x00,
    0xFE, 0x3F, 0xFD, 0x00, 0x03, 0xF8, 0x00, 0x00, 0xFF, 0xE0, 0x00, 0x00, 0xFE, 0x2A, 0x40, 0x00,
    0x03, 0xF8, 0x00, 0x00, 0xBF, 0xFE, 0x00, 0x00, 0xFE, 0x00, 0x00, 0x00, 0x03, 0xF4, 0x00, 0x00,
    0x1F, 0xFF, 0xC0, 0x00, 0xFE, 0x00, 0x00, 0x00, 0x03, 0xF4, 0x00, 0x00, 0x02, 0xFF, 0xF0, 0x00,
    0xFE, 0x00, 0x00, 0x00, 0x03, 0xF4, 0x00, 0x00, 0x00, 0x1F, 0xF8, 0x00, 0xFD, 0x00, 0x00, 0x00,
    0x03, 0xF4, 0x00, 0x00, 0x00, 0x03, 0xFC, 0x01, 0xFD, 0x00, 0x00, 0x00, 0x03, 0xF4, 0x00, 0x01,
    0x90, 0x01, 0xF8, 0x01, 0xFD, 0x00, 0x00, 0x00, 0x03, 0xF4, 0x01, 0x07, 0xF0, 0x01, 0xF8, 0x01,
    0xFD, 0x00, 0x00, 0x00, 0x03, 0xFC, 0x1F, 0x8B, 0xF4, 0x03, 0xF0, 0x3F, 0xFF, 0xFD, 0x00, 0x00,
    0x02, 0xFF, 0xFF, 0x03, 0xFE, 0xAF, 0xD0, 0x7F, 0xFF, 0xFD, 0x00, 0x00, 0x00, 0xFF, 0xF8, 0x01,
    0xFF, 0xFF, 0x40, 0x00, 0x00, 0x00, 0x00, 0x00, 0x00, 0x05, 0x40, 0x00, 0x05, 0x50, 0x00, 0x05,
    0x55, 0x54, 0x00, 0x01, 0x00, 0x00, 0x55, 0x55, 0x0F, 0xFF, 0xFD, 0x00, 0xFF, 0x00, 0x01, 0xFF,
    0xFF, 0x0A, 0xFF, 0xE8, 0x00, 0xBF, 0x40, 0x00, 0x6F, 0xF9, 0x00, 0xBF, 0x40, 0x00, 0x7F, 0x80,
    0x00, 0x0B, 0xC0, 0x00, 0x7F, 0x80, 0x00, 0x3F, 0xC0, 0x00, 0x0F, 0x80, 0x00, 0x3F, 0xC0, 0x00,
    0x3F, 0xC0, 0x00, 0x1F, 0x00, 0x00, 0x3F, 0xC0, 0x00, 0x2F, 0xD0, 0x00, 0x2F, 0x00, 0x00, 0x2F,
    0xD0, 0x00, 0x2F, 0xE0, 0x00, 0x3E, 0x00, 0x15, 0x6F, 0xE5, 0x55, 0x7F, 0xF5, 0x55, 0x7E, 0x54,
    0x3F, 0xFF, 0xFF, 0xFF, 0xFF, 0xFF, 0xFF, 0xFF, 0xFE, 0x2A, 0xAF, 0xFA, 0xAA, 0xFF, 0xFE, 0xAA,
    0xFE, 0xA9, 0x00, 0x0B, 0xF4, 0x00, 0xFB, 0xFC, 0x00, 0xF4, 0x00, 0x00, 0x07, 0xF8, 0x01, 0xF2,
    0xFC, 0x01, 0xF0, 0x00, 0x15, 0x57, 0xFD, 0x57, 0xF6, 0xFE, 0x56, 0xF5, 0x54, 0x3F, 0xFF, 0xFF,
    0xFF, 0xFF, 0xFF, 0xFF, 0xFF, 0xFE, 0x2A, 0xAA, 0xFE, 0xAF, 0xEA, 0xFF, 0xAB, 0xEA, 0xA9, 0x00,
    0x01, 0xFD, 0x0F, 0x80, 0xBF, 0x07, 0xC0, 0x00, 0x00, 0x00, 0xFE, 0x0F, 0x40, 0x7F, 0x4B, 0x80,
    0x00, 0x00, 0x00, 0xFF, 0x2F, 0x00, 0x3F, 0x8F, 0x40, 0x00, 0x00, 0x00, 0xBF, 0x3E, 0x00, 0x3F,
    0xDF, 0x00, 0x00, 0x00, 0x00, 0x7F, 0xBC, 0x00, 0x2F, 0xFE, 0x00, 0x00, 0x00, 0x00, 0x3F, 0xFC,
    0x00, 0x1F, 0xFD, 0x00, 0x00, 0x00, 0x00, 0x3F, 0xF4, 0x00, 0x0F, 0xFC, 0x00, 0x00, 0x00, 0x00,
    0x2F, 0xF0, 0x00, 0x0B, 0xFC, 0x00, 0x00, 0x00, 0x00, 0x04, 0x00, 0x00, 0x01, 0x00, 0x00, 0x00,
    0x00, 0x00, 0x0A, 0xA9, 0x00, 0x00, 0x00, 0x7F, 0xFC, 0x00, 0x00, 0x00, 0x6F, 0xF0, 0x00, 0x00,
    0x00, 0x1F, 0xC0, 0x00, 0x00, 0x00, 0x7F, 0x00, 0x00, 0x0B, 0xFF, 0xFF, 0xF0, 0x00, 0x2F, 0xFF,
    0xFF, 0xC0, 0x00, 0x00, 0x2F, 0xC0, 0x00, 0x01, 0x50, 0xBF, 0x00, 0x00, 0xFF, 0xFF, 0xF8, 0x00,
    0x1F, 0xFA, 0xFF, 0xE0, 0x01, 0xFE, 0x00, 0x3F, 0x80, 0x0F, 0xF0, 0x00, 0xFE, 0x00, 0x7F, 0x00,
    0x07, 0xF8, 0x03, 0xFC, 0x00, 0x2F, 0xE0, 0x0F, 0xE0, 0x00, 0xFF, 0x80, 0x7F, 0x40, 0x03, 0xFE,
    0x01, 0xFC, 0x00, 0x1E, 0xF4, 0x0B, 0xF0, 0x00, 0xF7, 0xD0, 0x2F, 0xC0, 0x03, 0xAF, 0x40, 0x7F,
    0x00, 0x1D, 0xBD, 0x01, 0xFD, 0x00, 0xF3, 0xF4, 0x03, 0xF8, 0x07, 0x8F, 0xD0, 0x0B, 0xF4, 0x3D,
    0x3F, 0x44, 0x0F, 0xFF, 0xE0, 0xFF, 0xF8, 0x1F, 0xFE, 0x01, 0xFF, 0x80, 0x05, 0x40, 0x01, 0x50,
    0x00, 0x00, 0x00, 0x00, 0x00, 0x00, 0x00, 0x00, 0x00, 0x00, 0x03, 0xFF, 0xFF, 0x80, 0x00, 0x0F,
    0xFF, 0xFE, 0x00, 0x00, 0x2A, 0xAA, 0xA4, 0x00, 0x00, 0x00, 0x00, 0x6F, 0xF9, 0x00, 0x00, 0x00,
    0x07, 0xFF, 0xFF, 0xC0, 0x00, 0x00, 0x2F, 0xF9, 0x6F, 0xF4, 0x00, 0x00, 0xFF, 0x40, 0x02, 0xFC,
    0x00, 0x02, 0xFD, 0x00, 0x01, 0xFD, 0x00, 0x03, 0xF8, 0x00, 0x02, 0xFD, 0x00, 0x0B, 0xF0, 0x00,
    0x03, 0xFC, 0x00, 0x0F, 0xE0, 0x00, 0x00, 0x50, 0x00, 0x1F, 0xD0, 0x00, 0x00, 0x00, 0x0F, 0xFF,
    0xFF, 0xFE, 0x00, 0x00, 0x1F, 0xFF, 0xFF, 0xFD, 0x00, 0x00, 0x00, 0x3F, 0xC0, 0x00, 0x00, 0x00,
    0x00, 0x3F, 0xC0, 0x00, 0x00, 0x00, 0x2A, 0xBF, 0xEA, 0xA8, 0x00, 0x00, 0x3F, 0xFF, 0xFF, 0xFC,
    0x00, 0x00, 0x15, 0x7F, 0xD5, 0x54, 0x00, 0x00, 0x00, 0x2F, 0xD0, 0x00, 0x00, 0x00, 0x00, 0x1F,
    0xE0, 0x00, 0x02, 0xE0, 0x00, 0x0F, 0xF0, 0x00, 0x0B, 0xF8, 0x00, 0x0B, 0xF8, 0x00, 0x07, 0xF8,
    0x00, 0x03, 0xFD, 0x00, 0x03, 0xF8, 0x00, 0x00, 0xFF, 0x80, 0x0F, 0xF0, 0x00, 0x00, 0x3F, 0xFF,
    0xFF, 0xC0, 0x00, 0x00, 0x0B, 0xFF, 0xFE, 0x00, 0x00, 0x00, 0x00, 0x15, 0x40, 0x00, 0x00, 0x55,
    0x55, 0x00, 0x55, 0x55, 0x00, 0xBF, 0xFF, 0xE0, 0x3F, 0xFF, 0xD0, 0x1B, 0xFF, 0xE0, 0x0A, 0xFF,
    0xA0, 0x00, 0x3F, 0x80, 0x00, 0x3F, 0x00, 0x00, 0x0F, 0xE0, 0x00, 0x3F, 0x00, 0x00, 0x03, 0xF8,
    0x00, 0x3F, 0x00, 0x00, 0x00, 0xFE, 0x00, 0x3F, 0x00, 0x00, 0x00, 0x3F, 0x80, 0x3F, 0x00, 0x00,
    0x00, 0x0F, 0xD0, 0x3F, 0x00, 0x00, 0x00, 0x03, 0xF4, 0x3F, 0x00, 0x00, 0x00, 0x01, 0xFE, 0x3F,
    0x00, 0x00, 0x00, 0xFF, 0xFF, 0xFF, 0xFF, 0xFF, 0xF4, 0x3F, 0xFF, 0xFF, 0xFF, 0xFF, 0xFC, 0x00,
    0x07, 0xF4, 0x2F, 0xE0, 0x00, 0x00, 0x01, 0xFC, 0x02, 0xFD, 0x00, 0x00, 0x00, 0x7F, 0x00, 0x3F,
    0xC0, 0x00, 0x00, 0x2F, 0xC0, 0x0B, 0xF0, 0x00, 0x00, 0x0B, 0xF0, 0x01, 0xFE, 0x00, 0x00, 0x02,
    0xFC, 0x00, 0x3F, 0xC0, 0x00, 0x00, 0xBF, 0x00, 0x0F, 0xF0, 0x00, 0x00, 0x2F, 0xC0, 0x01, 0xFE,
    0x00, 0x00, 0x0F, 0xF0, 0x00, 0x3F, 0xD0, 0x00, 0x7F, 0xFF, 0xF0, 0x07, 0xFF, 0xF0, 0x2F, 0xFF,
    0xFC, 0x00, 0xBF, 0xF8, 0x00, 0x00, 0x00, 0x00, 0x01, 0x50, 0x00, 0x15, 0x55, 0x55, 0x55, 0x55,
    0x0F, 0xFF, 0xFF, 0xFF, 0xFF, 0xC7, 0xFE, 0xAF, 0xFE, 0xBF, 0xF1, 0xF8, 0x01, 0xFC, 0x00, 0xFC,
    0xBC, 0x00, 0x7F, 0x00, 0x1F, 0x6E, 0x00, 0x2F, 0xC0, 0x03, 0xD7, 0x40, 0x0B, 0xF0, 0x00, 0xA0,
    0x00, 0x02, 0xFC, 0x00, 0x00, 0x00, 0x00, 0xBF, 0x00, 0x00, 0x00, 0x00, 0x2F, 0xC5, 0xAC, 0x00,
    0x01, 0x6F, 0xFF, 0xFF, 0x00, 0x3F, 0xFF, 0xFE, 0x94, 0x00, 0x0A, 0xA5, 0xFF, 0x00, 0x00, 0x00,
    0x00, 0x3F, 0xD6, 0xBC, 0x00, 0x16, 0xBF, 0xFF, 0xFF, 0x00, 0x3F, 0xFF, 0xFD, 0x40, 0x00, 0x0A,
    0x50, 0xFE, 0x00, 0x00, 0x00, 0x00, 0x3F, 0x80, 0x00, 0x00, 0x00, 0x0F, 0xE0, 0x00, 0x00, 0x00,
    0x03, 0xF8, 0x00, 0x00, 0x00, 0x00, 0xFE, 0x00, 0x00, 0x00, 0x00, 0x3F, 0x80, 0x00, 0x00, 0x07,
    0xFF, 0xFF, 0xC0, 0x00, 0x03, 0xFF, 0xFF, 0xF0, 0x00, 0x01, 0x55, 0x55, 0x40, 0x00, 0x00, 0x2F,
    0xFF, 0xFF, 0xF9, 0x00, 0x00, 0x6F, 0xFE, 0xAF, 0xFE, 0x00, 0x00, 0x0F, 0xF0, 0x07, 0xFE, 0x00,
    0x00, 0x3F, 0xC0, 0x03, 0xFC, 0x00, 0xFF, 0xFF, 0xFF, 0xFF, 0xFF, 0xC3, 0xFF, 0xFF, 0xFF, 0xFF,
    0xFF, 0x00, 0x0F, 0xE0, 0x00, 0x7F, 0x80, 0x00, 0x3F, 0x80, 0x02, 0xFE, 0x00, 0xFF, 0xFF, 0xFF,
    0xFF, 0xFF, 0xC3, 0xFF, 0xFF, 0xFF, 0xFF, 0xFE, 0x00, 0x0F, 0xD0, 0x03, 0xFD, 0x00, 0x00, 0x3F,
    0x45, 0xBF, 0xD0, 0x00, 0x01, 0xFD, 0x3F, 0xF8, 0x00, 0x00, 0x07, 0xF4, 0xA9, 0x00, 0x00, 0x00,
    0x1F, 0xD0, 0x00, 0x00, 0x00, 0x00, 0x7F, 0x40, 0x00, 0x00, 0x00, 0x01, 0xFC, 0x00, 0x00, 0x00,
    0x00, 0x07, 0xF0, 0x00, 0x00, 0x00, 0x00, 0x2F, 0xC0, 0x00, 0x00, 0x00, 0x00, 0xBF, 0x00, 0x00,
    0x00, 0x00, 0x02, 0xFC, 0x00, 0x00, 0x00, 0x01, 0xFF, 0xFF, 0xF0, 0x00, 0x00, 0x0B, 0xFF, 0xFF,
    0xC0, 0x00, 0x00, 0x00, 0x00, 0x01, 0x00, 0x00, 0x00, 0x00, 0x01, 0xD0, 0x00, 0x00, 0x00, 0x00,
    0x74, 0x00, 0x00, 0x00, 0x01, 0xBF, 0xE4, 0x00, 0x00, 0x07, 0xFF, 0xFF, 0xE0, 0x00, 0x0B, 0xFF,
    0xE6, 0xFF, 0x00, 0x0F, 0xF8, 0xB4, 0x0F, 0xE0, 0x0B, 0xF4, 0x2D, 0x02, 0xFC, 0x07, 0xF8, 0x0B,
    0x40, 0xFF, 0x03, 0xFC, 0x02, 0xC0, 0x7F, 0xC0, 0xFE, 0x00, 0xB0, 0x01, 0x40, 0xBF, 0x40, 0x2C,
    0x00, 0x00, 0x2F, 0xC0, 0x0F, 0x00, 0x00, 0x0F, 0xF0, 0x03, 0xC0, 0x00, 0x03, 0xFC, 0x00, 0xF0,
    0x00, 0x00, 0xFF, 0x00, 0x3C, 0x00, 0x00, 0x3F, 0xC0, 0x0F, 0x2F, 0xFE, 0x0F, 0xF0, 0x03, 0xCB,
    0xFF, 0x83, 0xFC, 0x00, 0xF0, 0x0F, 0xE0, 0xFF, 0x00, 0x3C, 0x03, 0xF4, 0x2F, 0xD0, 0x0F, 0x00,
    0xFD, 0x03, 0xFC, 0x03, 0xC0, 0x3F, 0x40, 0xBF, 0x80, 0xF0, 0x0F, 0xD0, 0x0F, 0xF4, 0x3C, 0x03,
    0xF4, 0x01, 0xFF, 0x9E, 0x07, 0xFD, 0x00, 0x0F, 0xFF, 0xFF, 0xFD, 0x00, 0x00, 0xBF, 0xFF, 0xE4,
    0x00, 0x00, 0x00, 0xBD, 0x00, 0x00, 0x00, 0x00, 0x1E, 0x00, 0x00, 0x00, 0x00, 0x03, 0x40, 0x00,
    0x00, 0x00, 0x06, 0xFE, 0x40, 0x00, 0x00, 0x0F, 0xFF, 0xFD, 0x00, 0x00, 0x0F, 0xF5, 0x6F, 0xE0,
    0x00, 0x0B, 0xF0, 0x00, 0xBD, 0x00, 0x03, 0xFC, 0x00, 0x0F, 0xC0, 0x00, 0xBF, 0x40, 0x03, 0xF0,
    0x00, 0x0B, 0x80, 0x00, 0xFD, 0x00, 0x00, 0x00, 0x00, 0xBF, 0x40, 0x00, 0x00, 0x00, 0xBF, 0xC0,
    0x2F, 0xFF, 0xFF, 0xFF, 0xFF, 0xCA, 0xAA, 0xAF, 0xFF, 0xFA, 0xA0, 0x00, 0x0B, 0xFF, 0xF0, 0x00,
    0x00, 0x1F, 0xFF, 0xD0, 0x00, 0x1A, 0xAF, 0xFF, 0xEA, 0xAA, 0x8F, 0xFF, 0xFF, 0xFF, 0xFF, 0xF0,
    0x0B, 0xFC, 0x00, 0x00, 0x00, 0x02, 0xFC, 0x00, 0x00, 0x00, 0x00, 0xBE, 0x00, 0x00, 0x50, 0x00,
    0x2F, 0x80, 0x00, 0xFF, 0x00, 0x07, 0xF0, 0x00, 0x3F, 0xD0, 0x00, 0xFD, 0x00, 0x0B, 0xF4, 0x00,
    0x1F, 0xE0, 0x03, 0xFC, 0x00, 0x01, 0xFF, 0xFF, 0xFD, 0x00, 0x00, 0x0B, 0xFF, 0xFC, 0x00, 0x00,
    0x00, 0x05, 0x50, 0x00, 0x00, 0x00, 0x00, 0x07, 0x40, 0x00, 0x00, 0x00, 0x07, 0x40, 0x00, 0x00,
    0x00, 0x07, 0x40, 0x00, 0x00, 0x00, 0x6F, 0xE8, 0x00, 0x00, 0x0B, 0xFF, 0xFF, 0xC0, 0x00, 0x3F,
    0xFF, 0xAF, 0xF0, 0x00, 0xFF, 0x4B, 0x43, 0xFC, 0x03, 0xFC, 0x0B, 0x02, 0xFC, 0x07, 0xF4, 0x0B,
    0x03, 0xFD, 0x0F, 0xF0, 0x0B, 0x03, 0xFC, 0x1F, 0xE0, 0x0B, 0x00, 0x50, 0x2F, 0xC0, 0x0F, 0x00,
    0x00, 0x3F, 0xC0, 0x0F, 0x00, 0x00, 0x3F, 0xC0, 0x0F, 0x00, 0x00, 0x3F, 0xC0, 0x0F, 0x00, 0x00,
    0x3F, 0xC0, 0x0F, 0x00, 0x00, 0x3F, 0xC0, 0x0F, 0x00, 0x00, 0x3F, 0xC0, 0x0F, 0x00, 0x00, 0x3F,
    0xC0, 0x0F, 0x00, 0x00, 0x3F, 0xC0, 0x0F, 0x00, 0x00, 0x2F, 0xE0, 0x0F, 0x07, 0xF0, 0x0F, 0xF0,
    0x0E, 0x0F, 0xF4, 0x0F, 0xF8, 0x0E, 0x07, 0xF8, 0x03, 0xFD, 0x0E, 0x07, 0xF4, 0x01, 0xFF, 0x9E,
    0x1F, 0xF0, 0x00, 0x7F, 0xFF, 0xFF, 0xC0, 0x00, 0x0B, 0xFF, 0xFD, 0x00, 0x00, 0x00, 0x6E, 0x40,
    0x00, 0x00, 0x00, 0x1D, 0x00, 0x00, 0x00, 0x00, 0x1D, 0x00, 0x00, 0x00, 0x00, 0x04, 0x00, 0x00,
    0x05, 0x55, 0x55, 0x55, 0x55, 0x0B, 0xFF, 0xFF, 0xFF, 0xFF, 0xC1, 0xAA, 0xAA, 0xAA, 0xAA, 0xA0,
    0x00, 0x00, 0x00, 0x00, 0x00, 0x15, 0x55, 0x55, 0x55, 0x55, 0x0F, 0xFF, 0xFF, 0xFF, 0xFF, 0xC7,
    0xFF, 0xAF, 0xFE, 0xBF, 0xF1, 0xF8, 0x01, 0xFC, 0x00, 0xFC, 0xBC, 0x00, 0x7F, 0x00, 0x1F, 0x2E,
    0x00, 0x2F, 0xC0, 0x03, 0xDB, 0x40, 0x0B, 0xF0, 0x00, 0xB0, 0x00, 0x02, 0xFC, 0x00, 0x00, 0x00,
    0x00, 0xBF, 0x00, 0x00, 0x00, 0x00, 0x2F, 0xC0, 0x00, 0x00, 0x00, 0x0F, 0xF0, 0x00, 0x00, 0x00,
    0x03, 0xFC, 0x00, 0x00, 0x00, 0x00, 0xFE, 0x00, 0x00, 0x00, 0x00, 0x3F, 0x80, 0x00, 0x00, 0x00,
    0x0F, 0xE0, 0x00, 0x00, 0x00, 0x03, 0xF8, 0x00, 0x00, 0x00, 0x00, 0xFE, 0x00, 0x00, 0x00, 0x00,
    0x3F, 0x80, 0x00, 0x00, 0x0B, 0xFF, 0xFF, 0xC0, 0x00, 0x03, 0xFF, 0xFF, 0xF0, 0x00, 0x15, 0x55,
    0x55, 0x55, 0x53, 0xFF, 0xFF, 0xFF, 0xFE, 0x2A, 0xAB, 0xFF, 0xEA, 0x90, 0x00, 0x07, 0xFD, 0x00,
    0x00, 0x00, 0x1F, 0xF0, 0x00, 0x00, 0x00, 0xFF, 0x00, 0x3F, 0xFF, 0xFF, 0xFF, 0xE7, 0xFF, 0xFF,
    0xFF, 0xFD, 0x00, 0x00, 0x1F, 0xF0, 0x00, 0x00, 0x03, 0xFD, 0x00, 0x00, 0x00, 0xBF, 0x40, 0x01,
    0x56, 0xBF, 0xC0, 0x00, 0xBF, 0xFF, 0x80, 0x00, 0x05, 0x56, 0xFE, 0x00, 0x00, 0x00, 0x07, 0xFC,
    0x00, 0x00, 0x00, 0x3F, 0xE0, 0x00, 0x00, 0x02, 0xFF, 0x00, 0x00, 0x00, 0x0F, 0xF4, 0x00, 0x00,
    0x00, 0xFF, 0x80, 0x00, 0x00, 0x07, 0xFC, 0x00, 0x00, 0x00, 0x3F, 0xE0, 0x00, 0x00, 0x02, 0xFF,
    0x40, 0x00, 0x00, 0x0F, 0xFF, 0xD0, 0x00, 0x00, 0x7F, 0xF8, 0x00, 0x00, 0x00, 0x54, 0x00, 0x00,
    0x54, 0x00, 0x00, 0x00, 0x0F, 0xD0, 0x00, 0x00, 0x00, 0xFD, 0x00, 0x00, 0x00, 0x0F, 0xD0, 0x00,
    0x00, 0x01, 0xFD, 0x00, 0x00, 0x00, 0x1F, 0xD0, 0x00, 0x00, 0x01, 0xFD, 0x01, 0x00, 0x00, 0x1F,
    0xFF, 0xE0, 0x00, 0x6F, 0xFF, 0xF9, 0x00, 0x0F, 0xFF, 0xD0, 0x00, 0x00, 0x52, 0xFC, 0x00, 0x00,
    0x00, 0x2F, 0xEB, 0xF0, 0x00, 0x1B, 0xFF, 0xFE, 0x00, 0x0F, 0xFF, 0xD4, 0x00, 0x00, 0xA7, 0xFC,
    0x00, 0x1F, 0x40, 0x3F, 0xC0, 0x03, 0xFC, 0x03, 0xFC, 0x00, 0x7F, 0xC0, 0x3F, 0xC0, 0x00, 0xBC,
    0x03, 0xFC, 0x00, 0x07, 0xC0, 0x3F, 0x80, 0x00, 0xBC, 0x03, 0xF8, 0x00, 0x2F, 0x40, 0x3F, 0x81,
    0x6F, 0xD0, 0xBF, 0xFF, 0xFF, 0xF4, 0x0F, 0xFF, 0xFF, 0xE4, 0x00, 0x00, 0x00, 0x0B, 0xC0, 0x00,
    0x00, 0x00, 0x00, 0x3F, 0x00, 0x00, 0x00, 0x00, 0x05, 0xFE, 0x40, 0x00, 0x00, 0x02, 0xFF, 0xFF,
    0xF4, 0x00, 0x00, 0xBF, 0xFF, 0xFF, 0xF8, 0x00, 0x0B, 0xFD, 0x3F, 0x1F, 0xF8, 0x00, 0x7F, 0xC0,
    0xFC, 0x0F, 0xF4, 0x03, 0xFC, 0x03, 0xF0, 0x0F, 0xF0, 0x1F, 0xE0, 0x0F, 0xC0, 0x2F, 0xD0, 0xBF,
    0x00, 0x3F, 0x00, 0x7F, 0x83, 0xFC, 0x00, 0xFC, 0x00, 0xFF, 0x0F, 0xE0, 0x07, 0xF0, 0x03, 0xFC,
    0x7F, 0x80, 0x1F, 0xC0, 0x0F, 0xF1, 0xFD, 0x00, 0x7F, 0x00, 0x3F, 0xCB, 0xF4, 0x01, 0xFC, 0x00,
    0xFF, 0x2F, 0xD0, 0x0B, 0xF0, 0x03, 0xFC, 0xBF, 0x40, 0x2F, 0xC0, 0x0F, 0xF2, 0xFD, 0x00, 0xBF,
    0x00, 0x3F, 0xC7, 0xF8, 0x03, 0xFC, 0x01, 0xFE, 0x1F, 0xE0, 0x0F, 0xF0, 0x0B, 0xF4, 0x3F, 0xC0,
    0x3F, 0xC0, 0x3F, 0xC0, 0xFF, 0x00, 0xAA, 0x00, 0xFF, 0x02, 0xFD, 0x00, 0x00, 0x07, 0xF8, 0x07,
    0xF8, 0x00, 0x00, 0x2F, 0xC0, 0x05, 0x55, 0x55, 0x40, 0x00, 0x0F, 0xFF, 0xFF, 0xFE, 0x00, 0x06,
    0xFF, 0xEA, 0xFF, 0xD0, 0x00, 0x3F, 0x80, 0x1F, 0xF4, 0x00, 0x3F, 0x80, 0x03, 0xFC, 0x00, 0x3F,
    0x80, 0x03, 0xFD, 0x00, 0x3F, 0x80, 0x02, 0xFD, 0x00, 0x3F, 0x40, 0x02, 0xFD, 0x00, 0x3F, 0x40,
    0x02, 0xFD, 0x00, 0x7F, 0x40, 0x03, 0xFC, 0x00, 0x7F, 0x40, 0x07, 0xF8, 0x00, 0x7F, 0x40, 0x1F,
    0xF0, 0x1A, 0xBF, 0xAA, 0xFF, 0xC0, 0x3F, 0xFF, 0xFF, 0xFD, 0x00, 0x15, 0xBF, 0x55, 0x40, 0x00,
    0x00, 0xBF, 0x00, 0x00, 0x00, 0x00, 0xBF, 0x40, 0x00, 0x00, 0x3F, 0xFF, 0xFF, 0xF4, 0x00, 0x2A,
    0xFF, 0xAA, 0xA0, 0x00, 0x00, 0xBF, 0x00, 0x00, 0x00, 0x00, 0xFF, 0x00, 0x00, 0x00, 0x00, 0xFF,
    0x00, 0x00, 0x00, 0x2F, 0xFF, 0xFF, 0x00, 0x00, 0x3F, 0xFF, 0xFF, 0x00, 0x00, 0x00, 0x00, 0x00,
    0x00, 0x00, 0x7F, 0xD0, 0x00, 0x2F, 0xFF, 0x40, 0x07, 0xF0, 0xFC, 0x00, 0xFE, 0x0B, 0xC0, 0x0F,
    0xD0, 0x7C, 0x01, 0xFC, 0x07, 0xC0, 0x2F, 0xC0, 0xBC, 0x02, 0xFC, 0x0B, 0xC0, 0x2F, 0xC0, 0xF8,
    0x02, 0xFC, 0x1F, 0x40, 0x2F, 0xC3, 0xF0, 0x02, 0xFC, 0xBC, 0x00, 0x2F, 0xEF, 0x40, 0x02, 0xFF,
    0xE0, 0x00, 0x2F, 0xF8, 0x00, 0x6F, 0xFD, 0x00, 0x0B, 0xFF, 0xC0, 0x00, 0x52, 0xFC, 0x00, 0x00,
    0x2F, 0xC0, 0x00, 0x02, 0xFC, 0x00, 0x00, 0x2F, 0xC0, 0x00, 0x02, 0xFD, 0x00, 0x00, 0x1F, 0xE0,
    0x10, 0x01, 0xFF, 0xAF, 0x80, 0x0F, 0xFF, 0xF4, 0x00, 0x3F, 0xFC, 0x00, 0x00, 0x54, 0x00, 0x05,
    0x55, 0x40, 0x00, 0x55, 0x55, 0x00, 0x00, 0x00, 0x01, 0xFF, 0xFD, 0x00, 0x0F, 0xFF, 0xF0, 0x00,
    0x00, 0x00, 0x0A, 0xFF, 0xF0, 0x00, 0xAF, 0xF9, 0x00, 0x00, 0x00, 0x00, 0x0F, 0xFF, 0x40, 0x00,
    0x7C, 0x00, 0x00, 0x00, 0x00, 0x00, 0xFB, 0xFC, 0x00, 0x0B, 0xC0, 0x00, 0x00, 0x00, 0x00, 0x0F,
    0x6F, 0xD0, 0x00, 0xBC, 0x00, 0x06, 0xFE, 0x00, 0x00, 0xF4, 0xFF, 0x00, 0x0B, 0xC0, 0x03, 0xFF,
    0xFD, 0x00, 0x0F, 0x4B, 0xF4, 0x00, 0xBC, 0x00, 0xFD, 0x07, 0xF0, 0x00, 0xF4, 0x3F, 0x80, 0x0B,
    0x80, 0x1F, 0x80, 0x2F, 0x80, 0x0F, 0x42, 0xFC, 0x00, 0xB8, 0x03, 0xF0, 0x01, 0xFC, 0x00, 0xF0,
    0x0F, 0xE0, 0x0B, 0x80, 0x3F, 0x00, 0x0F, 0xC0, 0x0F, 0x00, 0xBF, 0x00, 0xF8, 0x07, 0xF0, 0x00,
    0xFC, 0x00, 0xF0, 0x03, 0xF8, 0x0F, 0x80, 0x7F, 0x00, 0x0F, 0xC0, 0x0F, 0x00, 0x3F, 0xC0, 0xF8,
    0x07, 0xF0, 0x00, 0xFC, 0x01, 0xF0, 0x01, 0xFE, 0x0F, 0x40, 0x3F, 0x00, 0x1F, 0x80, 0x1F, 0x00,
    0x0F, 0xF0, 0xF4, 0x03, 0xF4, 0x02, 0xF4, 0x01, 0xF0, 0x00, 0x7F, 0x4F, 0x40, 0x1F, 0xC0, 0xBE,
    0x00, 0x1F, 0x00, 0x03, 0xFC, 0xF4, 0x00, 0xBF, 0xFF, 0xC0, 0x01, 0xF0, 0x00, 0x1F, 0xDF, 0x40,
    0x01, 0xFF, 0xD0, 0x00, 0x1F, 0x00, 0x00, 0xFF, 0xF4, 0x00, 0x00, 0x00, 0x00, 0x02, 0xF0, 0x00,
    0x07, 0xFF, 0x40, 0x00, 0x00, 0x00, 0x00, 0x2F, 0x00, 0x00, 0x3F, 0xF0, 0x06, 0xAA, 0xAA, 0xA4,
    0x3F, 0xFF, 0x80, 0x01, 0xFF, 0x00, 0xFF, 0xFF, 0xFF, 0x87, 0xFF, 0xFC, 0x00, 0x0F, 0xF0, 0x0F,
    0xFF, 0xFF, 0xF8, 0x00, 0x00, 0x00, 0x00, 0x10, 0x00, 0x00, 0x00, 0x00, 0x00, 0x00, 0x00, 0x6B,
    0xA5, 0x00, 0x00, 0x00, 0x7F, 0xFF, 0xFF, 0x40, 0x00, 0x0B, 0xF9, 0x00, 0x6F, 0xC0, 0x00, 0xFD,
    0x00, 0x00, 0x0F, 0xD0, 0x0B, 0xC0, 0x00, 0x00, 0x0B, 0xC0, 0x7C, 0x1F, 0xFF, 0xF8, 0x0F, 0x83,
    0xD0, 0x1F, 0xD6, 0xFC, 0x1F, 0x1F, 0x00, 0x2F, 0x00, 0xF8, 0x3E, 0xB8, 0x00, 0xBC, 0x03, 0xF0,
    0xBF, 0xD0, 0x02, 0xF0, 0x0B, 0xC1, 0xFF, 0x40, 0x0B, 0xC0, 0x3E, 0x03, 0xFD, 0x00, 0x3F, 0x02,
    0xF0, 0x0F, 0xF4, 0x00, 0xF9, 0xFF, 0x40, 0x7F, 0xD0, 0x03, 0xE2, 0x50, 0x01, 0xFB, 0x80, 0x0F,
    0x80, 0x00, 0x0B, 0x9F, 0x00, 0x3E, 0x00, 0x00, 0x3C, 0x3E, 0x06, 0xFD, 0x40, 0x02, 0xF0, 0x7D,
    0x3F, 0xFF, 0x00, 0x1F, 0x40, 0xFD, 0x00, 0x00, 0x01, 0xF8, 0x00, 0xFE, 0x00, 0x00, 0x2F, 0x80,
    0x00, 0xBF, 0xEA, 0xAF, 0xF4, 0x00, 0x00, 0x2F, 0xFF, 0xFD, 0x00, 0x00, 0x00, 0x01, 0x55, 0x00,
    0x00, 0x00, 0x01, 0xA8, 0x60, 0x2A, 0xA4, 0x00, 0x2A, 0xA4, 0x0F, 0xFF, 0xF0, 0x3F, 0xFC, 0x00,
    0x7F, 0xF8, 0x2F, 0x02, 0xF0, 0x0B, 0xFC, 0x00, 0xFF, 0xC0, 0x3E, 0x00, 0xB0, 0x07, 0xFE, 0x01,
    0xFF, 0x80, 0x3F, 0x00, 0x10, 0x07, 0x7F, 0x02, 0xDF, 0x80, 0x3F, 0xE0, 0x00, 0x07, 0x6F, 0x43,
    0xCF, 0xC0, 0x1F, 0xFF, 0x40, 0x0B, 0x4F, 0x87, 0x4F, 0xC0, 0x07, 0xFF, 0xE0, 0x0B, 0x4F, 0xCF,
    0x0F, 0xC0, 0x00, 0x6F, 0xF4, 0x0B, 0x07, 0xEE, 0x0F, 0xC0, 0x00, 0x02, 0xF8, 0x0F, 0x03, 0xFC,
    0x0F, 0xC0, 0x74, 0x00, 0xF8, 0x0F, 0x02, 0xFC, 0x0F, 0xC0, 0x7C, 0x01, 0xF4, 0x0F, 0x00, 0xA4,
    0x0F, 0xC0, 0x7F, 0xAB, 0xE0, 0x6F, 0xD0, 0x00, 0x6F, 0xF8, 0x36, 0xFF, 0x80, 0xBF, 0xF0, 0x00,
    0xBF, 0xFC, 0x00, 0x00, 0x00, 0x00, 0x00, 0x00, 0x00, 0x00, 0x2A, 0xAA, 0xAA, 0x91, 0xAA, 0x80,
    0x00, 0xAA, 0x83, 0xFF, 0xFF, 0xFF, 0x1F, 0xFE, 0x00, 0x2F, 0xFD, 0x7D, 0x0F, 0xC2, 0xF0, 0x2F,
    0xF0, 0x03, 0xFE, 0x07, 0x80, 0xFC, 0x0F, 0x02, 0xFF, 0x40, 0xBF, 0xD0, 0x70, 0x0F, 0xC0, 0xB0,
    0x2D, 0xF8, 0x0F, 0x7E, 0x00, 0x00, 0xFC, 0x00, 0x03, 0xCF, 0xC1, 0xE7, 0xE0, 0x00, 0x0F, 0xC0,
    0x00, 0x3C, 0x7D, 0x2C, 0x7E, 0x00, 0x00, 0xFC, 0x00, 0x03, 0xC3, 0xF3, 0x83, 0xE0, 0x00, 0x0F,
    0xC0, 0x00, 0x3C, 0x2F, 0xB4, 0x3F, 0x00, 0x00, 0xFC, 0x00, 0x03, 0xC1, 0xFF, 0x03, 0xF0, 0x00,
    0x0F, 0xC0, 0x00, 0x3C, 0x0F, 0xE0, 0x3F, 0x00, 0x00, 0xFC, 0x00, 0x03, 0xC0, 0x68, 0x03, 0xF0,
    0x00, 0xBF, 0xF8, 0x02, 0xFE, 0x40, 0x02, 0xFF, 0xD0, 0x1F, 0xFF, 0xC0, 0x3F, 0xF8, 0x00, 0x3F,
    0xFF, 0x00, 0x00, 0x1B, 0xFE, 0x40, 0x00, 0x00, 0x0B, 0xFF, 0xFF, 0xD0, 0x00, 0x01, 0xFF, 0x95,
    0xBF, 0xE0, 0x00, 0x1F, 0xE0, 0x00, 0x2F, 0xE0, 0x00, 0xFE, 0x00, 0x00, 0x3F, 0xD0, 0x0B, 0xF0,
    0x00, 0x00, 0x3F, 0xC0, 0x3F, 0x80, 0x00, 0x00, 0xFF, 0x01, 0xFD, 0x00, 0x00, 0x02, 0xFD, 0x0B,
    0xF0, 0x00, 0x00, 0x0B, 0xF4, 0x2F, 0xC0, 0x00, 0x00, 0x1F, 0xD0, 0xFF, 0x00, 0x00, 0x00, 0xBF,
    0x43, 0xFC, 0x00, 0x00, 0x02, 0xFC, 0x0B, 0xF0, 0x00, 0x00, 0x0F, 0xF0, 0x2F, 0xD0, 0x00, 0x00,
    0x3F, 0x80, 0x7F, 0x80, 0x00, 0x01, 0xFD, 0x00, 0xFF, 0x00, 0x00, 0x0F, 0xF0, 0x01, 0xFF, 0x00,
    0x00, 0x7F, 0x40, 0xA2, 0xFE, 0x00, 0x07, 0xF8, 0xA3, 0xC3, 0xFF, 0x40, 0xFF, 0x47, 0xCF, 0x41,
    0xFF, 0x07, 0xF0, 0x2E, 0x3F, 0x00, 0xBC, 0x1F, 0x00, 0xF8, 0xBE, 0x42, 0xE0, 0x7C, 0x1F, 0xD2,
    0xFF, 0xFF, 0x81, 0xFF, 0xFF, 0x47, 0xFF, 0xFE, 0x07, 0xFF, 0xFC, 0x00, 0x00, 0x1B, 0xFA, 0x40,
    0x00, 0x00, 0x07, 0xFF, 0xFF, 0xF4, 0x00, 0x00, 0x3F, 0x90, 0x01, 0xBF, 0x00, 0x00, 0xF8, 0x00,
    0x00, 0x0B, 0xC0, 0x03, 0xF0, 0x00, 0x00, 0x03, 0xE0, 0x07, 0xF0, 0x00, 0x00, 0x03, 0xF4, 0x0F,
    0xF0, 0x00, 0x00, 0x03, 0xF8, 0x1F, 0xF0, 0x00, 0x00, 0x03, 0xFC, 0x2F, 0xF0, 0x00, 0x00, 0x03,
    0xFD, 0x3F, 0xF0, 0x00, 0x00, 0x03, 0xFE, 0x3F, 0xF0, 0x00, 0x00, 0x03, 0xFE, 0x3F, 0xF0, 0x00,
    0x00, 0x03, 0xFE, 0x3F, 0xFF, 0xFF, 0xFF, 0xFF, 0xFF, 0x3F, 0xF5, 0x55, 0x55, 0x55, 0x54, 0x3F,
    0xF0, 0x00, 0x00, 0x00, 0x00, 0x3F, 0xF0, 0x00, 0x00, 0x00, 0x00, 0x2F, 0xF0, 0x00, 0x00, 0x00,
    0x00, 0x0F, 0xF0, 0x00, 0x00, 0x00, 0x00, 0x0F, 0xF0, 0x00, 0x00, 0x00, 0x00, 0x07, 0xF0, 0x00,
    0x00, 0x00, 0x80, 0x02, 0xF4, 0x00, 0x00, 0x07, 0xC0, 0x00, 0xBE, 0x00, 0x00, 0x2F, 0x00, 0x00,
    0x1F, 0xE5, 0x16, 0xF8, 0x00, 0x00, 0x02, 0xFF, 0xFF, 0xD0, 0x00, 0x00, 0x00, 0x05, 0x54, 0x00,
    0x00, 0x16, 0xB8, 0x00, 0x00, 0x00, 0xB8, 0x00, 0x03, 0xFF, 0xC0, 0x00, 0x00, 0x1F, 0x40, 0x00,
    0x15, 0xFC, 0x00, 0x00, 0x03, 0xF0, 0x00, 0x00, 0x0F, 0x80, 0x00, 0x00, 0x7C, 0x00, 0x00, 0x00,
    0xF8, 0x00, 0x00, 0x0F, 0x80, 0x00, 0x00, 0x0F, 0x80, 0x00, 0x02, 0xF0, 0x00, 0x00, 0x00, 0xF8,
    0x00, 0x00, 0x3D, 0x00, 0x00, 0x00, 0x1F, 0x80, 0x00, 0x0F, 0xC0, 0x00, 0x00, 0x01, 0xF8, 0x00,
    0x01, 0xF4, 0x1B, 0xF9, 0x00, 0x1F, 0x40, 0x00, 0x3F, 0x0F, 0xEB, 0xF8, 0x01, 0xF4, 0x00, 0x07,
    0xC2, 0xF0, 0x0F, 0xD0, 0x2F, 0x40, 0x00, 0xF8, 0x2F, 0x40, 0x7D, 0x02, 0xF4, 0x00, 0x2F, 0x01,
    0xF0, 0x0B, 0xC0, 0x7F, 0x80, 0x03, 0xD0, 0x00, 0x00, 0xF8, 0xBF, 0xFF, 0xC0, 0xFC, 0x00, 0x00,
    0xBE, 0x06, 0xAA, 0xA4, 0x1F, 0x40, 0x00, 0xBF, 0xD0, 0x00, 0x00, 0x03, 0xF0, 0x00, 0x05, 0x6F,
    0xD0, 0x00, 0x00, 0x7C, 0x00, 0x00, 0x00, 0x7F, 0x00, 0x00, 0x0F, 0x80, 0x00, 0x00, 0x03, 0xF0,
    0x00, 0x02, 0xF0, 0x00, 0x18, 0x00, 0x3F, 0x00, 0x00, 0x3D, 0x00, 0x07, 0xF0, 0x0B, 0xE0, 0x00,
    0x0F, 0xC0, 0x00, 0x7E, 0x01, 0xFC, 0x00, 0x01, 0xF4, 0x00, 0x03, 0xFE, 0xFF, 0x00, 0x00, 0x3F,
    0x00, 0x00, 0x0B, 0xFE, 0x40, 0x00, 0x01, 0x40, 0x00, 0x00, 0x00, 0x00, 0x00, 0x02, 0xFF, 0x80,
    0x00, 0x00, 0x0B, 0x80, 0x00, 0x1F, 0xEF, 0xF4, 0x00, 0x00, 0x1F, 0x40, 0x00, 0x3D, 0x01, 0xFC,
    0x00, 0x00, 0x3E, 0x00, 0x00, 0x7D, 0x00, 0xBD, 0x00, 0x00, 0xBC, 0x00, 0x00, 0x7F, 0x00, 0xBD,
    0x00, 0x00, 0xF8, 0x00, 0x00, 0x14, 0x00, 0xBD, 0x00, 0x02, 0xF0, 0x00, 0x00, 0x00, 0x00, 0xFC,
    0x00, 0x03, 0xD0, 0x00, 0x00, 0x00, 0x03, 0xF0, 0x00, 0x0F, 0xC0, 0x00, 0x00, 0x00, 0x0B, 0xD0,
    0x00, 0x1F, 0x42, 0xFF, 0x80, 0x00, 0x2F, 0x40, 0x00, 0x3E, 0x1F, 0xEB, 0xF4, 0x00, 0xBC, 0x00,
    0x00, 0xBC, 0x3E, 0x00, 0xFC, 0x02, 0xF0, 0x0F, 0x00, 0xF8, 0x3F, 0x00, 0xFC, 0x0B, 0x80, 0x1E,
    0x02, 0xF0, 0x2E, 0x00, 0xFC, 0x3F, 0xFF, 0xFE, 0x03, 0xD0, 0x00, 0x01, 0xF4, 0x3F, 0xFF, 0xFD,
    0x0F, 0xC0, 0x00, 0x1B, 0xD0, 0x2A, 0xAA, 0xA8, 0x1F, 0x40, 0x00, 0xFF, 0x90, 0x00, 0x00, 0x00,
    0x3E, 0x00, 0x00, 0x5B, 0xFC, 0x00, 0x00, 0x00, 0xBC, 0x00, 0x00, 0x00, 0xFD, 0x00, 0x00, 0x00,
    0xF8, 0x00, 0x00, 0x00, 0x7E, 0x00, 0x00, 0x02, 0xF0, 0x00, 0x28, 0x00, 0xBE, 0x00, 0x00, 0x03,
    0xD0, 0x00, 0xBE, 0x00, 0xFC, 0x00, 0x00, 0x0F, 0xC0, 0x00, 0xFC, 0x02, 0xF8, 0x00, 0x00, 0x1F,
    0x40, 0x00, 0x7F, 0xBF, 0xE0, 0x00, 0x00, 0x3F, 0x00, 0x00, 0x1B, 0xFE, 0x00, 0x00, 0x00, 0x14,
    0x00, 0x00, 0x00, 0x00, 0x00, 0x16, 0xB8, 0x00, 0x00, 0x00, 0xF4, 0x00, 0x03, 0xFF, 0xC0, 0x00,
    0x00, 0x2F, 0x00, 0x00, 0x15, 0xFC, 0x00, 0x00, 0x07, 0xD0, 0x00, 0x00, 0x0F, 0x80, 0x00, 0x00,
    0xFC, 0x00, 0x00, 0x00, 0xF8, 0x00, 0x00, 0x1F, 0x40, 0x00, 0x00, 0x0F, 0x80, 0x00, 0x03, 0xE0,
    0x00, 0x00, 0x00, 0xF8, 0x00, 0x00, 0xBC, 0x00, 0x00, 0x00, 0x1F, 0x80, 0x00, 0x0F, 0x80, 0x00,
    0x00, 0x01, 0xF8, 0x00, 0x02, 0xF0, 0x1B, 0xFD, 0x00, 0x1F, 0x40, 0x00, 0x3D, 0x0F, 0xFB, 0xFC,
    0x01, 0xF4, 0x00, 0x0F, 0xC2, 0xF0, 0x0B, 0xD0, 0x2F, 0x40, 0x01, 0xF4, 0x3E, 0x00, 0x3E, 0x02,
    0xF4, 0x00, 0x3E, 0x03, 0xF0, 0x03, 0xD0, 0x7F, 0x80, 0x0B, 0xC0, 0x3F, 0xC0, 0xF8, 0xBF, 0xFF,
    0xC0, 0xF8, 0x00, 0xFF, 0xFD, 0x06, 0xAA, 0xA4, 0x2F, 0x00, 0x03, 0xFF, 0xD0, 0x00, 0x00, 0x03,
    0xD0, 0x00, 0xFE, 0xFF, 0xC0, 0x00, 0x00, 0xFC, 0x00, 0x7D, 0x02, 0xFE, 0x00, 0x00, 0x1F, 0x40,
    0x0F, 0x80, 0x0B, 0xF0, 0x00, 0x03, 0xE0, 0x00, 0xF4, 0x00, 0x3F, 0x00, 0x00, 0xBC, 0x00, 0x0F,
    0x80, 0x03, 0xE0, 0x00, 0x0F, 0x80, 0x00, 0xFD, 0x00, 0xFC, 0x00, 0x02, 0xF0, 0x00, 0x03, 0xFF,
    0xFF, 0x00, 0x00, 0x3D, 0x00, 0x00, 0x06, 0xFE, 0x40, 0x00, 0x01, 0x40, 0x00, 0x00, 0x00, 0x00,
    0x00, 0x01, 0xFF, 0x90, 0x00, 0x00, 0x2E, 0x00, 0x00, 0x3F, 0xAF, 0xE0, 0x00, 0x00, 0xF4, 0x00,
    0x02, 0xF0, 0x0F, 0xC0, 0x00, 0x0F, 0xC0, 0x00, 0x0F, 0xD0, 0x2F, 0x40, 0x00, 0x7D, 0x00, 0x00,
    0x1F, 0x00, 0xBC, 0x00, 0x03, 0xF0, 0x00, 0x00, 0x00, 0x03, 0xE0, 0x00, 0x1F, 0x00, 0x00, 0x00,
    0x00, 0xBE, 0x00, 0x00, 0xF8, 0x00, 0x00, 0x00, 0x2F, 0xF4, 0x00, 0x0B, 0xC0, 0x00, 0x00, 0x00,
    0x56, 0xFC, 0x00, 0x3D, 0x06, 0xFF, 0x40, 0x00, 0x01, 0xF8, 0x03, 0xF0, 0xFF, 0xBF, 0xC0, 0x00,
    0x03, 0xF0, 0x1F, 0x4B, 0xC0, 0x1F, 0x46, 0x00, 0x1F, 0xC0, 0xFC, 0x3E, 0x00, 0x3E, 0x7F, 0x00,
    0xBE, 0x07, 0xC0, 0xFC, 0x00, 0xF5, 0xF8, 0x07, 0xF0, 0x3E, 0x03, 0xFC, 0x0F, 0x83, 0xFE, 0xFE,
    0x02, 0xF0, 0x03, 0xFF, 0xF4, 0x02, 0xFF, 0x90, 0x0F, 0x40, 0x03, 0xFF, 0xE0, 0x00, 0x00, 0x00,
    0xFC, 0x00, 0x3F, 0xBF, 0xF0, 0x00, 0x00, 0x07, 0xD0, 0x07, 0xD0, 0x2F, 0xE0, 0x00, 0x00, 0x3F,
    0x00, 0x3E, 0x00, 0x1F, 0xC0, 0x00, 0x01, 0xF0, 0x00, 0xF8, 0x00, 0x3F, 0x00, 0x00, 0x0F, 0x80,
    0x03, 0xE0, 0x00, 0xF8, 0x00, 0x00, 0xBC, 0x00, 0x0F, 0xD0, 0x0F, 0xC0, 0x00, 0x03, 0xD0, 0x00,
    0x0F, 0xFF, 0xFD, 0x00, 0x00, 0x3F, 0x00, 0x00, 0x06, 0xFE, 0x40, 0x00, 0x00, 0x50, 0x00, 0x00,
    0x00, 0x00, 0x00, 0x06, 0xAA, 0xA9, 0x00, 0x00, 0x7C, 0x00, 0x00, 0x2F, 0xFF, 0xF4, 0x00, 0x03,
    0xF0, 0x00, 0x00, 0xFF, 0xFF, 0xC0, 0x00, 0x1F, 0x00, 0x00, 0x03, 0xC0, 0x00, 0x00, 0x00, 0xF8,
    0x00, 0x00, 0x0E, 0x00, 0x00, 0x00, 0x0B, 0xC0, 0x00, 0x00, 0x38, 0x00, 0x00, 0x00, 0x3E, 0x00,
    0x00, 0x00, 0xEB, 0xFE, 0x00, 0x02, 0xF0, 0x00, 0x00, 0x03, 0xFA, 0xFF, 0x00, 0x1F, 0x40, 0x00,
    0x00, 0x04, 0x00, 0xFD, 0x00, 0xFC, 0x1B, 0xFE, 0x00, 0x00, 0x02, 0xF8, 0x07, 0xC2, 0xFE, 0xFF,
    0x00, 0x00, 0x07, 0xE0, 0x3E, 0x1F, 0x40, 0x3E, 0x0A, 0x40, 0x2F, 0x42, 0xF0, 0xFC, 0x00, 0xFC,
    0xBE, 0x00, 0xFC, 0x0F, 0x83, 0xF0, 0x03, 0xE2, 0xF4, 0x0B, 0xD0, 0xBC, 0x0B, 0xF4, 0x2F, 0x03,
    0xFA, 0xFD, 0x07, 0xD0, 0x0F, 0xFE, 0xE0, 0x02, 0xFF, 0x80, 0x3F, 0x00, 0x0B, 0xFF, 0x80, 0x00,
    0x00, 0x01, 0xF0, 0x00, 0xBE, 0xFF, 0xC0, 0x00, 0x00, 0x0F, 0x80, 0x0F, 0x80, 0x7F, 0xC0, 0x00,
    0x00, 0xBC, 0x00, 0xBC, 0x00, 0x3F, 0x00, 0x00, 0x03, 0xE0, 0x03, 0xF0, 0x00, 0xFC, 0x00, 0x00,
    0x2F, 0x00, 0x0F, 0xC0, 0x03, 0xF0, 0x00, 0x01, 0xF4, 0x00, 0x2F, 0x80, 0x2F, 0x40, 0x00, 0x0F,
    0xC0, 0x00, 0x3F, 0xFF, 0xF4, 0x00, 0x00, 0x7D, 0x00, 0x00, 0x1B, 0xFE, 0x00, 0x00, 0x01, 0x50,
    0x00, 0x00, 0x00, 0x00, 0x00, 0x1A, 0xAA, 0xAA, 0x00, 0x03, 0xD0, 0x00, 0x0F, 0xFF, 0xFF, 0xC0,
    0x02, 0xF0, 0x00, 0x03, 0xFF, 0xFF, 0xF0, 0x00, 0xF4, 0x00, 0x00, 0xF0, 0x00, 0xB0, 0x00, 0xFC,
    0x00, 0x00, 0x74, 0x00, 0xB4, 0x00, 0x7D, 0x00, 0x00, 0x00, 0x00, 0x78, 0x00, 0x3E, 0x00, 0x00,
    0x00, 0x00, 0x3C, 0x00, 0x2F, 0x00, 0x00, 0x00, 0x00, 0x3E, 0x00, 0x0F, 0x80, 0x00, 0x00, 0x00,
    0x1F, 0x00, 0x0B, 0xC0, 0x6F, 0xF4, 0x00, 0x0F, 0x80, 0x03, 0xD0, 0xFF, 0xBF, 0xC0, 0x07, 0xD0,
    0x03, 0xF0, 0xBC, 0x01, 0xF4, 0x03, 0xF0, 0x01, 0xF4, 0x3E, 0x00, 0x3E, 0x00, 0xFC, 0x00, 0xFC,
    0x0F, 0xC0, 0x0F, 0x40, 0x7F, 0x00, 0xBC, 0x03, 0xFD, 0x0F, 0x80, 0x1F, 0xC0, 0x3E, 0x00, 0x3F,
    0xFF, 0x80, 0x02, 0x90, 0x2F, 0x00, 0x03, 0xFF, 0xE0, 0x00, 0x00, 0x0F, 0x40, 0x02, 0xFB, 0xFF,
    0x00, 0x00, 0x0F, 0xC0, 0x07, 0xE0, 0x2F, 0xE0, 0x00, 0x07, 0xD0, 0x03, 0xF0, 0x01, 0xFC, 0x00,
    0x03, 0xF0, 0x00, 0xF8, 0x00, 0x3F, 0x00, 0x02, 0xF0, 0x00, 0x3E, 0x00, 0x0F, 0x80, 0x00, 0xF8,
    0x00, 0x0F, 0xD0, 0x0F, 0xC0, 0x00, 0xBC, 0x00, 0x00, 0xFF, 0xFF, 0xD0, 0x00, 0x3D, 0x00, 0x00,
    0x06, 0xFE, 0x40, 0x00, 0x05, 0x00, 0x00, 0x00, 0x00, 0x00, 0x00, 0x00, 0x54, 0x00, 0x00, 0x00,
    0xFC, 0x00, 0x00, 0x00, 0x7E, 0x00, 0x00, 0x00, 0x3F, 0x00, 0x00, 0x00, 0x2F, 0x95, 0x55, 0x55,
    0x5F, 0xFF, 0xFF, 0xFF, 0xF3, 0xFF, 0xFF, 0xFF, 0xFC, 0xBD, 0x00, 0x00, 0x00, 0x0F, 0xC0, 0x00,
    0x00, 0x02, 0xF4, 0x00, 0x00, 0x00, 0x3F, 0x00, 0x00, 0x00, 0x00, 0x00, 0x00, 0x00, 0x00, 0x00,
    0x00, 0x01, 0xE0, 0x00, 0x7F, 0xF4, 0x0B, 0xFF, 0xFD, 0xBF, 0xFF, 0xFE, 0xD2, 0xF1, 0xF4, 0x0B,
    0xC0, 0x40, 0x3F, 0x00, 0x00, 0xF8, 0x00, 0x03, 0xE0, 0x00, 0x0F, 0x80, 0x00, 0x3E, 0x00, 0x00,
    0xF8, 0x00, 0x03, 0xD0, 0x00, 0x0F, 0x40, 0x00, 0x3D, 0x00, 0x00, 0xF4, 0x00, 0x00, 0x00, 0x00,
    0x00, 0x00, 0x01, 0x50, 0x00, 0x00, 0x00, 0xBC, 0x00, 0x00, 0x00, 0x0F, 0xC0, 0x00, 0x00, 0x02,
    0xF4, 0x55, 0x55, 0x55, 0x7F, 0x2F, 0xFF, 0xFF, 0xFF, 0xDF, 0xFF, 0xFF, 0xFF, 0xF4, 0x00, 0x00,
    0x01, 0xF8, 0x00, 0x00, 0x00, 0xFC, 0x00, 0x00, 0x00, 0xBD, 0x00, 0x00, 0x00, 0x7E, 0x00, 0x00,
    0x00, 0x00, 0x00, 0x00, 0x00, 0x00, 0x01, 0xF0, 0x00, 0x07, 0xC0, 0x00, 0x1F, 0x00, 0x00, 0xBC,
    0x00, 0x02, 0xF0, 0x00, 0x0B, 0xC0, 0x00, 0x2F, 0x00, 0x00, 0xBC, 0x00, 0x03, 0xF0, 0x00, 0x0F,
    0x80, 0x10, 0x3E, 0x01, 0xF4, 0xF8, 0xBB, 0xFB, 0xFF, 0xE7, 0xFF, 0xFE, 0x02, 0xFF, 0xC0, 0x00,
    0xB4, 0x00, 0x00, 0x00, 0x00, 0x00, 0x1B, 0xF8, 0x00, 0x00, 0xFF, 0xFF, 0x80, 0x03, 0xF4, 0x0F,
    0xE0, 0x0B, 0xD0, 0x03, 0xF4, 0x0F, 0xF0, 0x00, 0xFC, 0x0B, 0xF4, 0x00, 0xFD, 0x02, 0x90, 0x00,
    0xBE, 0x00, 0x00, 0x00, 0xBE, 0x00, 0x00, 0x00, 0x7F, 0x00, 0x00, 0x00, 0x7F, 0x00, 0x7F, 0xF4,
    0x7F, 0x03, 0xFF, 0xFD, 0x7F, 0x0F, 0xF8, 0x1F, 0xFF, 0x2F, 0xD0, 0x03, 0xFF, 0x3F, 0xC0, 0x03,
    0xFE, 0x7F, 0x40, 0x02, 0xFE, 0xBF, 0x00, 0x02, 0xFD, 0xBF, 0x00, 0x02, 0xFC, 0xBF, 0x00, 0x03,
    0xF8, 0xBF, 0x00, 0x03, 0xF0, 0x7F, 0x40, 0x0B, 0xE0, 0x3F, 0x80, 0x1F, 0xC0, 0x1F, 0xE5, 0xBF,
    0x00, 0x07, 0xFF, 0xF8, 0x00, 0x00, 0x15, 0x00, 0x00, 0x00, 0x00, 0x00, 0x00, 0x03, 0x00, 0x00,
    0x00, 0x00, 0x00, 0x34, 0x00, 0x00, 0x1F, 0xFF, 0xD2, 0xC0, 0x00, 0x0B, 0x90, 0x01, 0xBC, 0x00,
    0x00, 0xF0, 0x00, 0x00, 0xFC, 0x00, 0x0E, 0x00, 0x00, 0x0A, 0x2C, 0x00, 0xA0, 0x00, 0x00, 0x70,
    0x38, 0x07, 0x00, 0x00, 0x03, 0x40, 0x30, 0x28, 0x00, 0x00, 0x28, 0x00, 0xA0, 0xC0, 0x00, 0x01,
    0xC0, 0x01, 0xC7, 0x00, 0x00, 0x0D, 0x00, 0x03, 0x1C, 0x00, 0x00, 0xA0, 0x00, 0x0D, 0x70, 0x00,
    0x07, 0x00, 0x00, 0x35, 0xC0, 0x00, 0x34, 0x00, 0x00, 0xD7, 0x00, 0x02, 0x80, 0x00, 0x03, 0x0C,
    0x00, 0x1C, 0x00, 0x00, 0x1C, 0x38, 0x00, 0xC0, 0x00, 0x00, 0xA0, 0x70, 0x0D, 0x00, 0x00, 0x03,
    0x00, 0xE0, 0x70, 0x00, 0x00, 0x28, 0x00, 0xD3, 0x00, 0x00, 0x02, 0xC0, 0x00, 0xF4, 0x00, 0x00,
    0x2C, 0x00, 0x02, 0xF4, 0x00, 0x07, 0xC0, 0x00, 0x0C, 0x7E, 0x9A, 0xF4, 0x00, 0x00, 0xD0, 0x06,
    0xA4, 0x00, 0x00, 0x06, 0x00, 0x00, 0x00, 0x00, 0x00, 0x00, 0x00, 0x05, 0x40, 0x00, 0x00, 0x00,
    0x7F, 0xC0, 0x00, 0x00, 0x00, 0xFF, 0xD0, 0x00, 0x00, 0x00, 0xFF, 0xE0, 0x00, 0x00, 0x02, 0xEB,
    0xF0, 0x00, 0x00, 0x03, 0xD7, 0xF4, 0x00, 0x00, 0x07, 0xC3, 0xF8, 0x00, 0x00, 0x0B, 0x83, 0xFC,
    0x00, 0x00, 0x0F, 0x02, 0xFC, 0x00, 0x00, 0x1F, 0x01, 0xFD, 0x00, 0x00, 0x3D, 0x00, 0xFF, 0x00,
    0x00, 0x3C, 0x00, 0xBF, 0x00, 0x00, 0xB8, 0x00, 0x7F, 0x40, 0x00, 0xF4, 0x00, 0x3F, 0x80, 0x01,
    0xF0, 0x00, 0x3F, 0xC0, 0x02, 0xE0, 0x00, 0x2F, 0xD0, 0x03, 0xD0, 0x00, 0x1F, 0xE0, 0x07, 0xC0,
    0x00, 0x0F, 0xF0, 0x0F, 0x80, 0x00, 0x0F, 0xF0, 0x0F, 0x00, 0x00, 0x0B, 0xF4, 0x2F, 0x00, 0x00,
    0x07, 0xFC, 0x3F, 0xFF, 0xFF, 0xFF, 0xFC, 0x3F, 0xFF, 0xFF, 0xFF, 0xFC, 0x3F, 0xFF, 0xFF, 0xFF,
    0xFC, 0x05, 0x55, 0x55, 0x55, 0x55, 0x55, 0x50, 0x3F, 0xFF, 0xFF, 0xFF, 0xFF, 0xFF, 0xC0, 0xAF,
    0xFF, 0xFF, 0xFF, 0xFF, 0xF9, 0x00, 0x1F, 0xC0, 0x00, 0x00, 0xBF, 0x00, 0x00, 0xBF, 0x00, 0x00,
    0x02, 0xFC, 0x00, 0x02, 0xFC, 0x00, 0x00, 0x0B, 0xF0, 0x00, 0x0B, 0xF0, 0x00, 0x00, 0x2F, 0xC0,
    0x00, 0x2F, 0xC0, 0x00, 0x00, 0xFF, 0x00, 0x00, 0xBF, 0x00, 0x00, 0x03, 0xFC, 0x00, 0x03, 0xFC,
    0x00, 0x00, 0x0F, 0xF0, 0x00, 0x0F, 0xF0, 0x00, 0x00, 0x3F, 0x80, 0x00, 0x3F, 0xC0, 0x00, 0x00,
    0xFE, 0x00, 0x00, 0xFE, 0x00, 0x00, 0x03, 0xF8, 0x00, 0x03, 0xF8, 0x00, 0x00, 0x0F, 0xE0, 0x00,
    0x0F, 0xE0, 0x00, 0x00, 0x3F, 0x80, 0x00, 0x3F, 0x80, 0x00, 0x00, 0xFD, 0x00, 0x00, 0xFE, 0x00,
    0x00, 0x03, 0xF4, 0x00, 0x03, 0xF4, 0x00, 0x00, 0x1F, 0xD0, 0x00, 0x0F, 0xD0, 0x00, 0x00, 0x7F,
    0x40, 0x00, 0x7F, 0x40, 0x00, 0x01, 0xFD, 0x00, 0x01, 0xFD, 0x00, 0x00, 0x07, 0xF4, 0x00, 0x07,
    0xF4, 0x00, 0x00, 0x1F, 0xC0, 0x00, 0x1F, 0xD0, 0x00, 0x00, 0xBF, 0x00, 0x00, 0x7F, 0x00, 0x00,
    0x02, 0xFC, 0x00, 0x02, 0xFC, 0x00, 0x00, 0x0B, 0xF0, 0x00, 0x0B, 0xF0, 0x00, 0x00, 0x2F, 0xC0,
    0x00, 0x3F, 0xD0, 0x00, 0x01, 0xFF, 0x40, 0x1F, 0xFF, 0xFC, 0x00, 0x7F, 0xFF, 0xF0, 0x7F, 0xFF,
    0xE0, 0x01, 0xFF, 0xFF, 0x80, 0x05, 0x55, 0x55, 0x55, 0x50, 0xFF, 0xFF, 0xFF, 0xFF, 0xC3, 0xFF,
    0xAA, 0xAB, 0xFF, 0x07, 0xFD, 0x00, 0x00, 0xFC, 0x0B, 0xFC, 0x00, 0x01, 0xF4, 0x0F, 0xF8, 0x00,
    0x03, 0xD0, 0x2F, 0xF0, 0x00, 0x0F, 0x40, 0x3F, 0xE0, 0x00, 0x00, 0x00, 0x7F, 0xD0, 0x00, 0x00,
    0x00, 0xFF, 0xC0, 0x00, 0x00, 0x00, 0xFF, 0x40, 0x00, 0x00, 0x02, 0xFF, 0x00, 0x00, 0x00, 0x03,
    0xFE, 0x00, 0x00, 0x00, 0x07, 0xFC, 0x00, 0x00, 0x00, 0x0F, 0xF0, 0x00, 0x00, 0x00, 0x3F, 0x40,
    0x00, 0x00, 0x02, 0xF8, 0x00, 0x00, 0x00, 0x1F, 0xC0, 0x00, 0x00, 0x00, 0xFD, 0x00, 0x00, 0x00,
    0x0B, 0xE0, 0x00, 0x00, 0x00, 0x7F, 0x00, 0x00, 0x00, 0x03, 0xF0, 0x00, 0x00, 0x00, 0x2F, 0x40,
    0x00, 0x0F, 0x41, 0xF8, 0x00, 0x00, 0x3D, 0x0F, 0xC0, 0x00, 0x02, 0xF0, 0xFD, 0x00, 0x00, 0x1F,
    0xCB, 0xF5, 0x55, 0x56, 0xFF, 0x3F, 0xFF, 0xFF, 0xFF, 0xFC, 0xBF, 0xFF, 0xFF, 0xFF, 0xE0, 0x15,
    0x55, 0x55, 0x55, 0xFF, 0xFF, 0xFF, 0xF7, 0xFF, 0xFF, 0xFF, 0x80, 0x00, 0x00, 0x00, 0x00, 0x00,
    0x00, 0x1F, 0x00, 0x00, 0x00, 0x0F, 0xC0, 0x00, 0x00, 0x07, 0xC0, 0x00, 0x00, 0x03, 0xE0, 0x00,
    0x00, 0x02, 0xF0, 0x00, 0x00, 0x00, 0xF8, 0x00, 0x00, 0x00, 0xBC, 0x00, 0x00, 0x00, 0x7D, 0x00,
    0x00, 0x00, 0x3F, 0x00, 0x00, 0x00, 0x1F, 0x00, 0x00, 0x00, 0x0F, 0x80, 0x00, 0x00, 0x0B, 0xC0,
    0x00, 0x00, 0x03, 0xE0, 0x00, 0x00, 0x02, 0xF0, 0x00, 0x00, 0x01, 0xF4, 0x00, 0x00, 0x00, 0xFC,
    0x00, 0x00, 0x00, 0x7C, 0x00, 0x00, 0x00, 0x3E, 0x00, 0x00, 0x00, 0x2F, 0x00, 0x00, 0x00, 0x0F,
    0x80, 0x00, 0x00, 0x0B, 0xC0, 0x00, 0x00, 0x07, 0xD0, 0x00, 0x00, 0x03, 0xF0, 0x00, 0x00, 0x01,
    0xF4, 0x00, 0x00, 0x00, 0x54, 0x00, 0x00, 0x00, 0x00, 0x2F, 0x8B, 0xFE, 0xFF, 0xEF, 0xFE, 0x7F,
    0xC0, 0x00, 0x00, 0x00, 0x00, 0x00, 0x7C, 0x00, 0x00, 0x00, 0x00, 0xBC, 0x00, 0x00, 0x00, 0x00,
    0xF8, 0x00, 0x00, 0x00, 0x00, 0xF0, 0x00, 0x00, 0x00, 0x01, 0xF0, 0x00, 0x00, 0x00, 0x02, 0xE0,
    0x00, 0x00, 0x00, 0x03, 0xD0, 0x00, 0x00, 0x00, 0x07, 0xC0, 0x00, 0x00, 0x00, 0x0B, 0xC0, 0x00,
    0x00, 0x00, 0x0F, 0x80, 0x3F, 0xFD, 0x00, 0x0F, 0x40, 0x3F, 0xFE, 0x00, 0x1F, 0x00, 0x01, 0xFF,
    0x00, 0x3E, 0x00, 0x00, 0xFF, 0x40, 0x3D, 0x00, 0x00, 0x7F, 0xC0, 0x7C, 0x00, 0x00, 0x3F, 0xC0,
    0xBC, 0x00, 0x00, 0x2F, 0xE0, 0xF8, 0x00, 0x00, 0x1F, 0xF0, 0xF4, 0x00, 0x00, 0x0F, 0xF5, 0xF0,
    0x00, 0x00, 0x07, 0xFB, 0xE0, 0x00, 0x00, 0x03, 0xFF, 0xD0, 0x00, 0x00, 0x02, 0xFF, 0xC0, 0x00,
    0x00, 0x01, 0xFF, 0xC0, 0x00, 0x00, 0x00, 0xFF, 0x80, 0x00, 0x00, 0x00, 0x7F, 0x40, 0x00, 0x01,
    0xA4, 0x00, 0x05, 0x40, 0x0F, 0xFF, 0x40, 0xBF, 0xF0, 0x3F, 0xFF, 0xE7, 0xF6, 0xF8, 0x7D, 0x0B,
    0xFF, 0x40, 0x7C, 0x7C, 0x02, 0xFE, 0x00, 0x7C, 0x7C, 0x00, 0xFF, 0x80, 0xBC, 0x7D, 0x07, 0xEF,
    0xFA, 0xF8, 0x3F, 0xFF, 0x07, 0xFF, 0xF0, 0x0B, 0xF8, 0x00, 0xBF, 0x80, 0x00, 0x00, 0x00, 0x00,
    0x00, 0x00, 0x00, 0x07, 0xF8, 0x00, 0x00, 0x0F, 0xFF, 0xD0, 0x00, 0x0F, 0x82, 0xFC, 0x00, 0x0B,
    0xC0, 0xFF, 0x00, 0x03, 0xE0, 0x3F, 0x80, 0x01, 0xF8, 0x02, 0x80, 0x00, 0xBE, 0x00, 0x00, 0x00,
    0x3F, 0x80, 0x00, 0x00, 0x0F, 0xF0, 0x00, 0x00, 0x03, 0xFC, 0x00, 0x00, 0x00, 0xFF, 0x00, 0x00,
    0x00, 0x3F, 0xC0, 0x00, 0x00, 0x0B, 0xF0, 0x00, 0x00, 0x02, 0xFD, 0x00, 0x00, 0x00, 0x7F, 0x40,
    0x00, 0x00, 0x1F, 0xE0, 0x00, 0x00, 0x03, 0xF8, 0x00, 0x00, 0x00, 0xFF, 0x00, 0x00, 0x00, 0x3F,
    0xC0, 0x00, 0x00, 0x0F, 0xF0, 0x00, 0x00, 0x03, 0xFC, 0x00, 0x00, 0x00, 0xBF, 0x00, 0x00, 0x00,
    0x2F, 0xC0, 0x00, 0x00, 0x07, 0xF0, 0x00, 0x00, 0x01, 0xFC, 0x00, 0x0B, 0x80, 0x7E, 0x00, 0x0B,
    0xF4, 0x2F, 0x00, 0x03, 0xFC, 0x0F, 0x80, 0x00, 0xBF, 0x1F, 0xC0, 0x00, 0x0F, 0xFF, 0xC0, 0x00,
    0x00, 0x69, 0x00, 0x00, 0x00, 0x00, 0x00, 0x00, 0x00, 0x0B, 0xF9, 0x00, 0x38, 0x1F, 0xFF, 0xFA,
    0xFC, 0x3F, 0xFF, 0xFF, 0xF4, 0x78, 0x01, 0xBF, 0xE0, 0x00, 0x00, 0x00, 0x00, 0x00, 0x00, 0x00,
    0x00, 0x06, 0x90, 0x00, 0x20, 0x1F, 0xFF, 0xE5, 0xBC, 0x3F, 0xFF, 0xFF, 0xF0, 0xB8, 0x1B, 0xFF,
    0xE0, 0x10, 0x00, 0x16, 0x40, 0x00, 0x00, 0x08, 0x00, 0x00, 0x00, 0x7C, 0x00, 0x00, 0x03, 0xF0,
    0x00, 0x00, 0x0F, 0x40, 0x15, 0x55, 0xFE, 0x54, 0xFF, 0xFF, 0xFF, 0xF3, 0xFF, 0xFF, 0xFF, 0xC0,
    0x00, 0xFC, 0x00, 0x00, 0x07, 0xD0, 0x00, 0x00, 0x3F, 0x00, 0x01, 0x55, 0xF9, 0x55, 0x1F, 0xFF,
    0xFF, 0xFE, 0xBF, 0xFF, 0xFF, 0xF8, 0x02, 0xF4, 0x00, 0x00, 0x0F, 0xC0, 0x00, 0x00, 0x7D, 0x00,
    0x00, 0x02, 0xF0, 0x00, 0x00, 0x01, 0x40, 0x00, 0x00, 0x00, 0x00, 0x00, 0x10, 0x00, 0x00, 0x01,
    0xF8, 0x00, 0x00, 0x2F, 0xF8, 0x00, 0x02, 0xFF, 0x80, 0x00, 0x2F, 0xF4, 0x00, 0x02, 0xFF, 0x40,
    0x00, 0x2F, 0xE4, 0x00, 0x00, 0x3F, 0x80, 0x00, 0x00, 0x1F, 0xF8, 0x00, 0x00, 0x02, 0xFF, 0x80,
    0x00, 0x00, 0x2F, 0xF8, 0x00, 0x00, 0x02, 0xFF, 0x80, 0x00, 0x00, 0x1F, 0xF4, 0x00, 0x00, 0x01,
    0xF0, 0x00, 0x00, 0x00, 0x10, 0x15, 0x55, 0x55, 0x50, 0x7F, 0xFF, 0xFF, 0xF0, 0xBF, 0xFF, 0xFF,
    0xF0, 0x08, 0x00, 0x00, 0x00, 0x7E, 0x00, 0x00, 0x01, 0xFF, 0x80, 0x00, 0x00, 0x7F, 0xE0, 0x00,
    0x00, 0x1F, 0xF8, 0x00, 0x00, 0x07, 0xFE, 0x00, 0x00, 0x01, 0xFF, 0x40, 0x00, 0x00, 0xFE, 0x00,
    0x00, 0x6F, 0xF4, 0x00, 0x1F, 0xFD, 0x00, 0x07, 0xFE, 0x00, 0x02, 0xFF, 0x80, 0x00, 0x3F, 0xE0,
    0x00, 0x00, 0xF8, 0x00, 0x00, 0x00, 0x00, 0x00, 0x00, 0x05, 0x55, 0x55, 0x54, 0x3F, 0xFF, 0xFF,
    0xF4, 0xFF, 0xFF, 0xFF, 0xC0, 0x00, 0x00, 0x00, 0x00, 0x00, 0x00, 0x00, 0x00, 0x06, 0xFF, 0xD0,
    0x00, 0x00, 0x00, 0x2F, 0xEB, 0xFC, 0x00, 0x00, 0x00, 0xFD, 0x00, 0xFE, 0x00, 0x00, 0x02, 0xF8,
    0x00, 0xFF, 0x00, 0x00, 0x03, 0xF0, 0x00, 0xFF, 0x00, 0x00, 0x07, 0xF0, 0x00, 0xBC, 0x00, 0x00,
    0x0B, 0xF0, 0x00, 0x00, 0x00, 0x00, 0x0F, 0xF0, 0x00, 0x00, 0x00, 0x00, 0x0F, 0xE0, 0x00, 0x00,
    0x00, 0x01, 0xFF, 0xFF, 0xFF, 0xFE, 0x00, 0x02, 0xFF, 0xFF, 0xFF, 0xFF, 0x40, 0x00, 0x0F, 0xE0,
    0x00, 0x7F, 0x40, 0x00, 0x0F, 0xE0, 0x00, 0x3F, 0x40, 0x00, 0x0F, 0xE0, 0x00, 0x3F, 0x40, 0x00,
    0x0F, 0xE0, 0x00, 0x3F, 0x00, 0x00, 0x0F, 0xD0, 0x00, 0x7F, 0x00, 0x00, 0x0F, 0xD0, 0x00, 0x7F,
    0x00, 0x00, 0x0F, 0xD0, 0x00, 0x7F, 0x00, 0x00, 0x0F, 0xD0, 0x00, 0xBF, 0x00, 0x00, 0x0F, 0xD0,
    0x00, 0xBF, 0x00, 0x00, 0x1F, 0xD0, 0x00, 0xBF, 0x00, 0x00, 0x1F, 0xC0, 0x00, 0xFE, 0x00, 0x00,
    0x1F, 0xC0, 0x00, 0xFE, 0x00, 0x00, 0x1F, 0xC0, 0x00, 0xFE, 0x04, 0x00, 0x1F, 0xC0, 0x00, 0xFF,
    0xFC, 0x00, 0x1F, 0xC0, 0x00, 0x7F, 0xF0, 0x00, 0x1F, 0x80, 0x00, 0x05, 0x00, 0x00, 0x2F, 0x40,
    0x00, 0x00, 0x00, 0x00, 0x2F, 0x00, 0x00, 0x00, 0x00, 0x00, 0x3E, 0x00, 0x00, 0x00, 0x00, 0x3E,
    0xBC, 0x00, 0x00, 0x00, 0x00, 0x3F, 0xF4, 0x00, 0x00, 0x00, 0x00, 0x3F, 0xD0, 0x00, 0x00, 0x00,
    0x00, 0x0A, 0x40, 0x00, 0x00, 0x00, 0x00, 0x00, 0x00, 0x00, 0x00, 0x00, 0x00, 0x00, 0x00, 0x07,
    0xFF, 0x80, 0x00, 0x00, 0x00, 0x3F, 0xEF, 0xFB, 0x80, 0x00, 0x00, 0xFC, 0x00, 0xFF, 0x80, 0x00,
    0x03, 0xF4, 0x00, 0xFF, 0x80, 0x00, 0x03, 0xF0, 0x01, 0xFF, 0x40, 0x00, 0x0B, 0xF0, 0x00, 0xBF,
    0x40, 0x00, 0x0B, 0xF0, 0x00, 0x3F, 0x40, 0x00, 0x0F, 0xF0, 0x00, 0x3F, 0x40, 0x00, 0x0F, 0xE0,
    0x00, 0x3F, 0x40, 0x01, 0xFF, 0xFF, 0xF4, 0x3F, 0x40, 0x02, 0xFF, 0xFF, 0xF0, 0x3F, 0x40, 0x00,
    0x0F, 0xE0, 0x00, 0x3F, 0x00, 0x00, 0x0F, 0xE0, 0x00, 0x3F, 0x00, 0x00, 0x0F, 0xE0, 0x00, 0x7F,
    0x00, 0x00, 0x0F, 0xE0, 0x00, 0x7F, 0x00, 0x00, 0x0F, 0xD0, 0x00, 0x7F, 0x00, 0x00, 0x0F, 0xD0,
    0x00, 0x7F, 0x00, 0x00, 0x0F, 0xD0, 0x00, 0x7F, 0x00, 0x00, 0x0F, 0xD0, 0x00, 0x7F, 0x00, 0x00,
    0x1F, 0xD0, 0x00, 0xBF, 0x00, 0x00, 0x1F, 0xD0, 0x00, 0xBF, 0x00, 0x00, 0x1F, 0xC0, 0x00, 0xBF,
    0x00, 0x00, 0x1F, 0xC0, 0x00, 0xBF, 0x00, 0x00, 0x1F, 0xC0, 0x00, 0xBF, 0x08, 0x00, 0x1F, 0xC0,
    0x00, 0xBF, 0xFD, 0x00, 0x1F, 0x80, 0x00, 0x3F, 0xF4, 0x00, 0x2F, 0x80, 0x00, 0x05, 0x40, 0x00,
    0x2F, 0x00, 0x00, 0x00, 0x00, 0x00, 0x2F, 0x00, 0x00, 0x00, 0x00, 0x00, 0x3D, 0x00, 0x00, 0x00,
    0x00, 0x3E, 0xBC, 0x00, 0x00, 0x00, 0x00, 0x3F, 0xF4, 0x00, 0x00, 0x00, 0x00, 0x3F, 0xD0, 0x00,
    0x00, 0x00, 0x00, 0x0A, 0x00, 0x00, 0x00, 0x00, 0x00
};

static const EpdGlyph PROGMEM literata_medium_italic_2bGlyphs[] = {
    {0, 0, 6, 0, 0, 0, 0},
    {7, 25, 12, 3, 24, 44, 0},
    {10, 9, 14, 3, 26, 23, 44},
    {21, 20, 23, 1, 19, 105, 67},
    {16, 30, 17, 1, 27, 120, 172},
    {26, 21, 28, 1, 20, 137, 292},
    {23, 25, 25, 2, 24, 144, 429},
    {4, 9, 9, 3, 26, 9, 573},
    {10, 36, 12, 2, 28, 90, 582},
    {10, 36, 12, 0, 28, 90, 672},
    {13, 14, 16, 2, 27, 46, 762},
    {16, 16, 19, 2, 18, 64, 808},
    {7, 11, 11, 2, 5, 20, 872},
    {10, 4, 12, 1, 12, 10, 892},
    {7, 6, 11, 2, 5, 11, 902},
    {16, 31, 15, 0, 27, 124, 913},
    {19, 25, 20, 1, 24, 119, 1037},
    {12, 24, 13, 1, 24, 72, 1156},
    {16, 24, 18, 1, 24, 96, 1228},
    {16, 25, 18, 1, 24, 100, 1324},
    {19, 24, 19, 0, 24, 114, 1424},
    {17, 25, 18, 0, 24, 107, 1538},
    {17, 25, 19, 1, 24, 107, 1645},
    {17, 24, 18, 1, 24, 102, 1752},
    {17, 25, 18, 1, 24, 107, 1854},
    {17, 25, 18, 1, 24, 107, 1961},
    {8, 19, 11, 2, 18, 38, 2068},
    {8, 24, 12, 2, 18, 48, 2106},
    {15, 17, 19, 2, 18, 64, 2154},
    {15, 10, 19, 3, 15, 38, 2218},
    {15, 17, 19, 3, 18, 64, 2256},
    {15, 25, 17, 1, 24, 94, 2320},
    {27, 27, 30, 2, 20, 183, 2414},
    {24, 24, 23, 0, 24, 144, 2597},
    {20, 24, 21, 1, 24, 120, 2741},
    {20, 25, 21, 1, 24, 125, 2861},
    {23, 24, 25, 1, 24, 138, 2986},
    {18, 24, 20, 1, 24, 108, 3124},
    {18, 24, 19, 1, 24, 108, 3232},
    {21, 25, 22, 1, 24, 132, 3340},
    {25, 24, 26, 1, 24, 150, 3472},
    {11, 24, 12, 1, 24, 66, 3622},
    {11, 32, 13, 1, 24, 88, 3688},
    {23, 25, 24, 1, 24, 144, 3776},
    {18, 24, 20, 1, 24, 108, 3920},
    {31, 25, 32, 1, 24, 194, 4028},
    {24, 25, 25, 1, 24, 150, 4222},
    {23, 25, 24, 1, 24, 144, 4372},
    {19, 24, 21, 1, 24, 114, 4516},
    {24, 30, 24, 1, 24, 180, 4630},
    {23, 25, 23, 1, 24, 144, 4810},
    {16, 25, 17, 1, 24, 100, 4954},
    {21, 24, 21, 1, 24, 126, 5054},
    {23, 25, 26, 2, 24, 144, 5180},
    {25, 25, 23, 0, 24, 157, 5324},
    {35, 25, 34, 0, 24, 219, 5481},
    {24, 24, 24, 0, 24, 144, 5700},
    {24, 24, 23, 0, 24, 144, 5844},
    {19, 24, 21, 1, 24, 114, 5988},
    {9, 36, 11, 2, 28, 81, 6102},
    {13, 31, 14, 1, 27, 101, 6183},
    {9, 36, 11, 1, 28, 81, 6284},
    {17, 13, 20, 2, 24, 56, 6365},
    {17, 3, 17, 0, -1, 13, 6421},
    {7, 7, 17, 5, 26, 13, 6434},
    {19, 19, 20, 1, 18, 91, 6447},
    {18, 27, 20, 0, 26, 122, 6538},
    {15, 19, 17, 1, 18, 72, 6660},
    {19, 27, 20, 1, 26, 129, 6732},
    {14, 19, 16, 1, 18, 67, 6861},
    {19, 35, 13, -2, 27, 167, 6928},
    {16, 26, 19, 1, 18, 104, 7095},
    {20, 27, 20, 0, 26, 135, 7199},
    {11, 27, 10, 0, 26, 75, 7334},
    {10, 34, 10, -2, 26, 85, 7409},
    {19, 27, 19, 0, 26, 129, 7494},
    {10, 27, 10, 0, 26, 68, 7623},
    {30, 19, 30, 0, 18, 143, 7691},
    {20, 19, 20, 0, 18, 95, 7834},
    {16, 19, 19, 1, 18, 76, 7929},
    {19, 26, 20, 0, 18, 124, 8005},
    {18, 26, 19, 1, 18, 117, 8129},
    {16, 18, 16, 0, 18, 72, 8246},
    {13, 19, 15, 1, 18, 62, 8318},
    {13, 24, 14, 1, 23, 78, 8380},
    {20, 19, 20, 0, 18, 95, 8458},
    {17, 19, 18, 0, 18, 81, 8553},
    {26, 19, 27, 0, 18, 124, 8634},
    {18, 19, 18, 0, 18, 86, 8758},
    {17, 26, 18, 0, 18, 111, 8844},
    {15, 18, 16, 1, 17, 68, 8955},
    {11, 36, 13, 2, 28, 99, 9023},
    {5, 31, 14, 5, 27, 39, 9122},
    {10, 36, 13, 1, 28, 90, 9161},
    {16, 6, 20, 3, 13, 24, 9251},
    {0, 0, 6, 0, 0, 0, 9275},
    {7, 25, 11, 2, 18, 44, 9275},
    {15, 23, 17, 1, 22, 87, 9319},
    {19, 25, 20, 1, 24, 119, 9406},
    {17, 15, 18, 1, 18, 64, 9525},
    {24, 24, 23, 0, 24, 144, 9589},
    {5, 31, 14, 5, 27, 39, 9733},
    {16, 30, 21, 3, 24, 120, 9772},
    {12, 6, 17, 3, 26, 18, 9892},
    {24, 23, 27, 2, 22, 138, 9910},
    {15, 13, 15, 1, 25, 49, 10048},
    {16, 15, 17, 1, 16, 60, 10097},
    {15, 9, 19, 2, 13, 34, 10157},
    {0, 0, 0, 0, 0, 0, 10191},
    {14, 13, 16, 1, 26, 46, 10191},
    {11, 3, 17, 4, 24, 9, 10237},
    {10, 9, 11, 1, 27, 23, 10246},
    {15, 18, 19, 2, 18, 68, 10269},
    {12, 16, 13, 1, 28, 48, 10337},
    {12, 16, 14, 1, 28, 48, 10385},
    {8, 8, 17, 6, 27, 16, 10433},
    {18, 26, 19, 1, 18, 117, 10449},
    {17, 32, 20, 2, 24, 136, 10566},
    {6, 6, 11, 3, 13, 9, 10702},
    {8, 9, 17, 5, 1, 18, 10711},
    {9, 16, 10, 1, 28, 36, 10729},
    {12, 13, 15, 2, 25, 39, 10765},
    {16, 15, 18, 1, 16, 60, 10804},
    {30, 25, 32, 1, 24, 188, 10864},
    {30, 25, 32, 1, 24, 188, 11052},
    {30, 25, 33, 2, 24, 188, 11240},
    {15, 25, 17, 2, 18, 94, 11428},
    {24, 31, 23, 0, 31, 186, 11522},
    {24, 31, 23, 0, 31, 186, 11708},
    {24, 32, 23, 0, 32, 192, 11894},
    {24, 31, 23, 0, 31, 186, 12086},
    {24, 31, 23, 0, 31, 186, 12272},
    {24, 32, 23, 0, 32, 192, 12458},
    {30, 24, 31, 0, 24, 180, 12650},
    {20, 32, 21, 1, 24, 160, 12830},
    {18, 31, 20, 1, 31, 140, 12990},
    {18, 31, 20, 1, 31, 140, 13130},
    {18, 32, 20, 1, 32, 144, 13270},
    {18, 31, 20, 1, 31, 140, 13414},
    {11, 31, 12, 1, 31, 86, 13554},
    {11, 31, 12, 1, 31, 86, 13640},
    {12, 32, 12, 1, 32, 96, 13726},
    {12, 31, 12, 1, 31, 93, 13822},
    {23, 24, 25, 1, 24, 138, 13915},
    {24, 32, 25, 1, 31, 192, 14053},
    {23, 32, 24, 1, 31, 184, 14245},
    {23, 32, 24, 1, 31, 184, 14429},
    {23, 33, 24, 1, 32, 190, 14613},
    {23, 32, 24, 1, 31, 184, 14803},
    {23, 32, 24, 1, 31, 184, 14987},
    {13, 14, 19, 3, 17, 46, 15171},
    {23, 25, 24, 1, 24, 144, 15217},
    {23, 32, 26, 2, 31, 184, 15361},
    {23, 32, 26, 2, 31, 184, 15545},
    {23, 33, 26, 2, 32, 190, 15729},
    {23, 32, 26, 2, 31, 184, 15919},
    {24, 31, 23, 0, 31, 186, 16103},
    {19, 24, 21, 1, 24, 114, 16289},
    {23, 35, 22, -2, 27, 202, 16403},
    {19, 27, 20, 1, 26, 129, 16605},
    {19, 28, 20, 1, 27, 133, 16734},
    {19, 28, 20, 1, 27, 133, 16867},
    {19, 26, 20, 1, 25, 124, 17000},
    {19, 27, 20, 1, 26, 129, 17124},
    {19, 28, 20, 1, 27, 133, 17253},
    {24, 19, 26, 1, 18, 114, 17386},
    {15, 26, 17, 1, 18, 98, 17500},
    {14, 27, 16, 1, 26, 95, 17598},
    {14, 28, 16, 1, 27, 98, 17693},
    {14, 28, 16, 1, 27, 98, 17791},
    {15, 27, 16, 1, 26, 102, 17889},
    {11, 27, 10, 0, 26, 75, 17991},
    {11, 28, 10, 0, 27, 77, 18066},
    {12, 28, 10, -1, 27, 84, 18143},
    {13, 27, 10, -2, 26, 88, 18227},
    {16, 27, 19, 1, 26, 108, 18315},
    {20, 26, 20, 0, 25, 130, 18423},
    {16, 27, 19, 1, 26, 108, 18553},
    {16, 28, 19, 1, 27, 112, 18661},
    {16, 28, 19, 1, 27, 112, 18773},
    {16, 26, 19, 1, 25, 104, 18885},
    {16, 27, 19, 1, 26, 108, 18989},
    {16, 16, 19, 2, 18, 64, 19097},
    {19, 19, 19, 0, 18, 91, 19161},
    {20, 27, 20, 0, 26, 135, 19252},
    {20, 28, 20, 0, 27, 140, 19387},
    {20, 28, 20, 0, 27, 140, 19527},
    {20, 27, 20, 0, 26, 135, 19667},
    {17, 35, 18, 0, 27, 149, 19802},
    {19, 34, 20, 0, 26, 162, 19951},
    {17, 34, 18, 0, 26, 145, 20113},
    {24, 30, 23, 0, 30, 180, 20258},
    {19, 25, 20, 1, 24, 119, 20438},
    {24, 32, 23, 0, 32, 192, 20557},
    {19, 27, 20, 1, 26, 129, 20749},
    {24, 32, 23, 0, 24, 192, 20878},
    {19, 26, 20, 1, 18, 124, 21070},
    {20, 32, 21, 1, 31, 160, 21194},
    {15, 28, 17, 1, 27, 105, 21354},
    {20, 33, 21, 1, 32, 165, 21459},
    {15, 28, 17, 1, 27, 105, 21624},
    {20, 32, 21, 1, 31, 160, 21729},
    {15, 27, 17, 1, 26, 102, 21889},
    {20, 33, 21, 1, 32, 165, 21991},
    {15, 28, 17, 1, 27, 105, 22156},
    {23, 32, 25, 1, 32, 184, 22261},
    {23, 27, 24, 1, 26, 156, 22445},
    {23, 24, 25, 1, 24, 138, 22601},
    {19, 27, 20, 1, 26, 129, 22739},
    {18, 30, 20, 1, 30, 135, 22868},
    {14, 25, 16, 1, 24, 88, 23003},
    {18, 32, 20, 1, 32, 144, 23091},
    {14, 27, 16, 1, 26, 95, 23235},
    {18, 31, 20, 1, 31, 140, 23330},
    {14, 27, 16, 1, 26, 95, 23470},
    {18, 32, 20, 1, 24, 144, 23565},
    {14, 26, 16, 1, 18, 91, 23709},
    {18, 32, 20, 1, 32, 144, 23800},
    {14, 28, 16, 1, 27, 98, 23944},
    {21, 33, 22, 1, 32, 174, 24042},
    {16, 35, 19, 1, 27, 140, 24216},
    {21, 33, 22, 1, 32, 174, 24356},
    {16, 34, 19, 1, 26, 136, 24530},
    {21, 32, 22, 1, 31, 168, 24666},
    {16, 34, 19, 1, 26, 136, 24834},
    {21, 32, 22, 1, 24, 168, 24970},
    {16, 35, 19, 1, 27, 140, 25138},
    {25, 32, 26, 1, 32, 200, 25278},
    {22, 35, 20, -2, 34, 193, 25478},
    {25, 24, 26, 1, 24, 150, 25671},
    {20, 27, 20, 0, 26, 135, 25821},
    {13, 31, 12, 1, 31, 101, 25956},
    {13, 26, 10, -2, 25, 85, 26057},
    {12, 30, 12, 1, 30, 90, 26142},
    {12, 25, 10, -1, 24, 75, 26232},
    {12, 32, 12, 1, 32, 96, 26307},
    {12, 27, 10, -1, 26, 81, 26403},
    {11, 32, 12, 1, 24, 88, 26484},
    {11, 34, 10, 0, 26, 94, 26572},
    {11, 31, 12, 1, 31, 86, 26666},
    {11, 19, 10, 0, 18, 53, 26752},
    {24, 32, 25, 1, 24, 192, 26805},
    {19, 34, 21, 0, 26, 162, 26997},
    {12, 40, 13, 1, 32, 120, 27159},
    {12, 35, 10, -2, 27, 105, 27279},
    {23, 34, 24, 1, 24, 196, 27384},
    {19, 36, 19, 0, 26, 171, 27580},
    {19, 19, 19, 0, 18, 91, 27751},
    {18, 31, 20, 1, 31, 140, 27842},
    {10, 34, 10, 0, 33, 85, 27982},
    {18, 34, 20, 1, 24, 153, 28067},
    {10, 36, 10, 0, 26, 90, 28220},
    {18, 26, 20, 1, 26, 117, 28310},
    {14, 27, 14, 0, 26, 95, 28427},
    {18, 24, 20, 1, 24, 108, 28522},
    {14, 27, 14, 0, 26, 95, 28630},
    {18, 24, 20, 1, 24, 108, 28725},
    {11, 27, 11, 0, 26, 75, 28833},
    {24, 32, 25, 1, 31, 192, 28908},
    {20, 28, 20, 0, 27, 140, 29100},
    {24, 34, 25, 1, 24, 204, 29240},
    {20, 28, 20, 0, 18, 140, 29444},
    {24, 33, 25, 1, 32, 198, 29584},
    {20, 28, 20, 0, 27, 140, 29782},
    {25, 27, 25, 0, 26, 169, 29922},
    {24, 32, 25, 1, 24, 192, 30091},
    {18, 26, 20, 0, 18, 117, 30283},
    {23, 31, 24, 1, 30, 179, 30400},
    {16, 25, 19, 1, 24, 100, 30579},
    {23, 33, 24, 1, 32, 190, 30679},
    {16, 27, 19, 1, 26, 108, 30869},
    {23, 33, 24, 1, 32, 190, 30977},
    {17, 28, 19, 1, 27, 119, 31167},
    {32, 25, 34, 1, 24, 200, 31286},
    {26, 19, 28, 1, 18, 124, 31486},
    {23, 32, 23, 1, 31, 184, 31610},
    {16, 27, 16, 0, 27, 108, 31794},
    {23, 34, 23, 1, 24, 196, 31902},
    {16, 28, 16, 0, 18, 112, 32098},
    {23, 33, 23, 1, 32, 190, 32210},
    {16, 27, 16, 0, 27, 108, 32400},
    {16, 32, 17, 1, 31, 128, 32508},
    {13, 28, 15, 1, 27, 91, 32636},
    {16, 33, 17, 1, 32, 132, 32727},
    {13, 28, 15, 1, 27, 91, 32859},
    {16, 32, 17, 1, 24, 128, 32950},
    {13, 26, 15, 1, 18, 85, 33078},
    {16, 33, 17, 1, 32, 132, 33163},
    {13, 28, 15, 1, 27, 91, 33295},
    {21, 32, 21, 1, 24, 168, 33386},
    {13, 31, 14, 1, 23, 101, 33554},
    {21, 32, 21, 1, 32, 168, 33655},
    {13, 28, 14, 1, 27, 91, 33823},
    {21, 24, 21, 1, 24, 126, 33914},
    {14, 24, 14, 0, 23, 84, 34040},
    {23, 32, 26, 2, 31, 184, 34124},
    {20, 26, 20, 0, 25, 130, 34308},
    {23, 31, 26, 2, 30, 179, 34438},
    {20, 25, 20, 0, 24, 125, 34617},
    {23, 33, 26, 2, 32, 190, 34742},
    {20, 27, 20, 0, 26, 135, 34932},
    {23, 33, 26, 2, 32, 190, 35067},
    {20, 28, 20, 0, 27, 140, 35257},
    {23, 33, 26, 2, 32, 190, 35397},
    {20, 28, 20, 0, 27, 140, 35587},
    {23, 32, 26, 2, 24, 184, 35727},
    {20, 26, 20, 0, 18, 130, 35911},
    {35, 33, 34, 0, 32, 289, 36041},
    {26, 28, 27, 0, 27, 182, 36330},
    {24, 32, 23, 0, 32, 192, 36512},
    {17, 35, 18, 0, 27, 149, 36704},
    {24, 31, 23, 0, 31, 186, 36853},
    {19, 31, 21, 1, 31, 148, 37039},
    {15, 28, 16, 1, 27, 105, 37187},
    {19, 31, 21, 1, 31, 148, 37292},
    {15, 27, 16, 1, 26, 102, 37440},
    {19, 32, 21, 1, 32, 152, 37542},
    {15, 28, 16, 1, 27, 105, 37694},
    {21, 25, 23, 1, 24, 132, 37799},
    {23, 31, 20, -3, 24, 179, 37931},
    {27, 27, 27, 1, 26, 183, 38110},
    {20, 24, 20, 1, 23, 120, 38293},
    {27, 27, 28, 2, 26, 183, 38413},
    {24, 24, 23, 0, 23, 144, 38596},
    {43, 32, 45, 1, 32, 344, 38740},
    {39, 28, 41, 1, 27, 273, 39084},
    {35, 28, 36, 1, 27, 245, 39357},
    {31, 32, 32, 1, 24, 248, 39602},
    {27, 34, 30, 1, 26, 230, 39850},
    {18, 34, 20, 0, 26, 153, 40080},
    {37, 32, 38, 1, 24, 296, 40233},
    {32, 34, 35, 1, 26, 272, 40529},
    {28, 34, 30, 0, 26, 238, 40801},
    {24, 32, 23, 0, 32, 192, 41039},
    {19, 28, 20, 1, 27, 133, 41231},
    {12, 32, 12, 1, 32, 96, 41364},
    {12, 28, 10, -1, 27, 84, 41460},
    {23, 33, 24, 1, 32, 190, 41544},
    {16, 28, 19, 1, 27, 112, 41734},
    {23, 33, 26, 2, 32, 190, 41846},
    {20, 28, 20, 0, 27, 140, 42036},
    {23, 37, 26, 2, 36, 213, 42176},
    {20, 32, 20, 0, 31, 160, 42389},
    {23, 39, 26, 2, 38, 225, 42549},
    {20, 34, 20, 0, 33, 170, 42774},
    {23, 39, 26, 2, 38, 225, 42944},
    {20, 35, 20, 0, 34, 175, 43169},
    {23, 39, 26, 2, 38, 225, 43344},
    {20, 34, 20, 0, 33, 170, 43569},
    {21, 33, 22, 1, 32, 174, 43739},
    {16, 35, 19, 1, 27, 140, 43913},
    {23, 32, 24, 1, 24, 184, 44053},
    {16, 26, 19, 1, 18, 104, 44237},
    {24, 36, 23, 0, 36, 216, 44341},
    {19, 34, 20, 1, 33, 162, 44557},
    {30, 31, 31, 0, 31, 233, 44719},
    {24, 28, 26, 1, 27, 168, 44952},
    {23, 32, 24, 1, 31, 184, 45120},
    {19, 28, 19, 0, 27, 133, 45304},
    {24, 32, 23, 0, 32, 192, 45437},
    {19, 28, 20, 1, 27, 133, 45629},
    {24, 31, 23, 0, 31, 186, 45762},
    {19, 27, 20, 1, 26, 129, 45948},
    {18, 32, 20, 1, 32, 144, 46077},
    {14, 28, 16, 1, 27, 98, 46221},
    {18, 31, 20, 1, 31, 140, 46319},
    {14, 27, 16, 1, 26, 95, 46459},
    {14, 32, 12, -2, 32, 112, 46554},
    {15, 28, 10, -4, 27, 105, 46666},
    {12, 31, 12, 1, 31, 93, 46771},
    {12, 27, 10, -1, 26, 81, 46864},
    {23, 33, 24, 1, 32, 190, 46945},
    {16, 28, 19, 1, 27, 112, 47135},
    {23, 32, 24, 1, 31, 184, 47247},
    {16, 27, 19, 1, 26, 108, 47431},
    {23, 33, 23, 1, 32, 190, 47539},
    {16, 27, 16, 0, 27, 108, 47729},
    {23, 32, 23, 1, 31, 184, 47837},
    {16, 26, 16, 0, 26, 104, 48021},
    {23, 33, 26, 2, 32, 190, 48125},
    {20, 28, 20, 0, 27, 140, 48315},
    {23, 32, 26, 2, 31, 184, 48455},
    {20, 27, 20, 0, 26, 135, 48639},
    {16, 34, 17, 1, 24, 136, 48774},
    {13, 28, 15, 1, 18, 91, 48910},
    {21, 34, 21, 1, 24, 179, 49001},
    {13, 33, 14, 1, 23, 108, 49180},
    {23, 37, 24, 1, 36, 213, 49288},
    {16, 32, 19, 1, 31, 128, 49501},
    {23, 37, 24, 1, 36, 213, 49629},
    {16, 32, 19, 1, 31, 128, 49842},
    {23, 37, 24, 1, 36, 213, 49970},
    {16, 32, 19, 1, 31, 128, 50183},
    {24, 30, 23, 0, 30, 180, 50311},
    {17, 32, 18, 0, 24, 136, 50491},
    {10, 26, 10, -2, 18, 65, 50627},
    {19, 19, 20, 1, 18, 91, 50692},
    {14, 19, 16, 1, 18, 67, 50783},
    {16, 26, 19, 1, 18, 104, 50850},
    {8, 7, 0, -4, 26, 14, 50954},
    {7, 8, 0, -2, 27, 14, 50968},
    {11, 8, 0, -5, 27, 22, 50982},
    {13, 5, 0, -6, 25, 17, 51004},
    {11, 3, 0, -5, 24, 9, 51021},
    {11, 7, 0, -5, 26, 20, 51030},
    {5, 6, 0, -2, 26, 8, 51050},
    {13, 6, 0, -6, 26, 20, 51058},
    {9, 9, 0, -4, 28, 21, 51078},
    {9, 8, 0, -4, 27, 18, 51099},
    {13, 8, 0, -4, 27, 26, 51117},
    {11, 8, 0, -5, 27, 22, 51143},
    {13, 8, 0, -8, 27, 26, 51165},
    {11, 7, 0, -5, 26, 20, 51191},
    {5, 8, 0, -2, 27, 10, 51211},
    {8, 11, 0, -4, 23, 22, 51221},
    {5, 6, 0, -3, -2, 8, 51243},
    {13, 6, 0, -7, -1, 20, 51251},
    {5, 9, 0, -3, -1, 12, 51271},
    {8, 9, 0, -4, 1, 18, 51283},
    {8, 9, 0, -4, 1, 18, 51301},
    {12, 7, 0, -6, -1, 21, 51319},
    {11, 3, 0, -6, -3, 9, 51340},
    {7, 9, 12, 2, 26, 16, 51349},
    {7, 10, 12, 4, 3, 18, 51365},
    {7, 7, 8, 0, -1, 13, 51383},
    {7, 24, 12, 2, 18, 42, 51396},
    {7, 8, 16, 6, 27, 14, 51438},
    {17, 9, 21, 3, 28, 39, 51452},
    {24, 24, 24, 0, 24, 144, 51491},
    {7, 6, 11, 2, 18, 11, 51635},
    {25, 24, 20, -6, 24, 150, 51646},
    {32, 24, 26, -6, 24, 192, 51796},
    {18, 24, 12, -6, 24, 108, 51988},
    {29, 25, 24, -5, 24, 182, 52096},
    {31, 24, 23, -7, 24, 186, 52278},
    {28, 24, 24, -5, 24, 168, 52464},
    {17, 29, 10, -3, 28, 124, 52632},
    {24, 24, 23, 0, 24, 144, 52756},
    {20, 24, 21, 1, 24, 120, 52900},
    {18, 24, 19, 1, 24, 108, 53020},
    {20, 24, 20, 0, 24, 120, 53128},
    {18, 24, 20, 1, 24, 108, 53248},
    {19, 24, 21, 1, 24, 114, 53356},
    {25, 24, 26, 1, 24, 150, 53470},
    {23, 25, 25, 1, 24, 144, 53620},
    {11, 24, 12, 1, 24, 66, 53764},
    {23, 25, 24, 1, 24, 144, 53830},
    {23, 24, 23, 0, 24, 138, 53974},
    {31, 25, 32, 1, 24, 194, 54112},
    {24, 25, 25, 1, 24, 150, 54306},
    {20, 24, 20, 0, 24, 120, 54456},
    {23, 25, 24, 1, 24, 144, 54576},
    {24, 24, 25, 1, 24, 144, 54720},
    {19, 24, 21, 1, 24, 114, 54864},
    {19, 24, 21, 1, 24, 114, 54978},
    {21, 24, 21, 1, 24, 126, 55092},
    {24, 24, 23, 0, 24, 144, 55218},
    {25, 26, 27, 1, 25, 163, 55362},
    {24, 24, 24, 0, 24, 144, 55525},
    {27, 24, 30, 2, 24, 162, 55669},
    {23, 24, 24, 0, 24, 138, 55831},
    {13, 32, 12, 1, 32, 104, 55969},
    {24, 32, 23, 0, 32, 192, 56073},
    {20, 28, 21, 1, 27, 140, 56265},
    {16, 28, 18, 1, 27, 112, 56405},
    {18, 35, 18, 0, 27, 158, 56517},
    {10, 28, 10, 0, 27, 70, 56675},
    {20, 29, 19, 0, 28, 145, 56745},
    {20, 19, 21, 1, 18, 95, 56890},
    {17, 28, 19, 1, 27, 119, 56985},
    {17, 25, 18, 0, 18, 107, 57104},
    {17, 28, 18, 1, 27, 119, 57211},
    {16, 19, 18, 1, 18, 76, 57330},
    {15, 35, 15, 1, 27, 132, 57406},
    {18, 26, 18, 0, 18, 117, 57538},
    {19, 28, 21, 1, 27, 133, 57655},
    {9, 19, 10, 0, 18, 43, 57788},
    {19, 19, 21, 1, 18, 91, 57831},
    {18, 28, 19, -1, 27, 126, 57922},
    {18, 26, 19, 1, 18, 117, 58048},
    {17, 19, 18, 0, 18, 81, 58165},
    {14, 35, 15, 1, 27, 123, 58246},
    {16, 19, 18, 1, 18, 76, 58369},
    {22, 19, 22, 0, 18, 105, 58445},
    {16, 26, 17, 0, 18, 104, 58550},
    {15, 26, 17, 1, 18, 98, 58654},
    {20, 19, 22, 1, 18, 95, 58752},
    {18, 19, 18, 0, 18, 86, 58847},
    {18, 19, 19, 0, 18, 86, 58933},
    {22, 26, 24, 1, 18, 143, 59019},
    {18, 26, 17, 0, 18, 117, 59162},
    {24, 32, 25, 0, 24, 192, 59279},
    {23, 19, 25, 1, 18, 110, 59471},
    {12, 27, 10, -2, 26, 81, 59581},
    {18, 27, 19, 0, 26, 122, 59662},
    {16, 28, 18, 1, 27, 112, 59784},
    {18, 28, 19, 0, 27, 126, 59896},
    {23, 28, 25, 1, 27, 161, 60022},
    {19, 26, 21, 1, 18, 124, 60183},
    {22, 32, 24, 1, 24, 176, 60307},
    {16, 24, 19, 1, 18, 96, 60483},
    {20, 32, 21, 1, 24, 160, 60579},
    {16, 29, 17, 1, 21, 116, 60739},
    {18, 24, 19, 1, 24, 108, 60855},
    {16, 27, 11, -1, 27, 108, 60963},
    {17, 24, 18, 1, 20, 102, 61071},
    {14, 22, 15, 1, 19, 77, 61173},
    {23, 24, 25, 0, 18, 138, 61250},
    {17, 27, 19, 1, 18, 115, 61388},
    {18, 32, 20, 1, 32, 144, 61503},
    {25, 28, 26, 1, 24, 175, 61647},
    {18, 31, 19, 1, 31, 140, 61822},
    {20, 25, 21, 1, 24, 125, 61962},
    {16, 25, 17, 1, 24, 100, 62087},
    {11, 24, 12, 1, 24, 66, 62187},
    {13, 32, 12, 1, 32, 104, 62253},
    {11, 32, 13, 1, 24, 88, 62357},
    {32, 25, 33, 0, 24, 200, 62445},
    {32, 24, 34, 1, 24, 192, 62645},
    {28, 24, 29, 1, 24, 168, 62837},
    {24, 32, 24, 1, 31, 192, 63005},
    {25, 31, 26, 1, 31, 194, 63197},
    {23, 32, 22, 0, 31, 184, 63391},
    {25, 30, 26, 1, 24, 188, 63575},
    {24, 24, 23, 0, 24, 144, 63763},
    {20, 24, 21, 1, 24, 120, 63907},
    {20, 24, 21, 1, 24, 120, 64027},
    {18, 24, 19, 1, 24, 108, 64147},
    {23, 30, 24, 0, 24, 173, 64255},
    {18, 24, 20, 1, 24, 108, 64428},
    {35, 25, 35, 0, 24, 219, 64536},
    {17, 25, 19, 1, 24, 107, 64755},
    {25, 24, 26, 1, 24, 150, 64862},
    {25, 31, 26, 1, 31, 194, 65012},
    {24, 25, 24, 1, 24, 150, 65206},
    {25, 25, 25, 0, 24, 157, 65356},
    {31, 25, 32, 1, 24, 194, 65513},
    {25, 24, 26, 1, 24, 150, 65707},
    {23, 25, 24, 1, 24, 144, 65857},
    {25, 24, 26, 1, 24, 150, 66001},
    {19, 24, 21, 1, 24, 114, 66151},
    {20, 25, 21, 1, 24, 125, 66265},
    {21, 24, 21, 1, 24, 126, 66390},
    {23, 25, 22, 0, 24, 144, 66516},
    {25, 26, 27, 1, 25, 163, 66660},
    {24, 24, 24, 0, 24, 144, 66823},
    {25, 30, 26, 1, 24, 188, 66967},
    {24, 24, 25, 1, 24, 144, 67155},
    {36, 24, 37, 1, 24, 216, 67299},
    {37, 30, 38, 1, 24, 278, 67515},
    {23, 24, 25, 1, 24, 138, 67793},
    {30, 24, 31, 1, 24, 180, 67931},
    {20, 24, 21, 1, 24, 120, 68111},
    {19, 25, 22, 2, 24, 119, 68231},
    {33, 25, 35, 1, 24, 207, 68350},
    {24, 25, 24, 0, 24, 150, 68557},
    {19, 19, 20, 1, 18, 91, 68707},
    {16, 27, 18, 1, 26, 108, 68798},
    {15, 19, 17, 1, 18, 72, 68906},
    {12, 19, 14, 1, 18, 57, 68978},
    {16, 27, 18, 1, 26, 108, 69035},
    {14, 19, 16, 1, 18, 67, 69143},
    {26, 19, 26, 0, 18, 124, 69210},
    {14, 19, 15, 1, 18, 67, 69334},
    {20, 19, 20, 0, 18, 95, 69401},
    {20, 26, 20, 0, 25, 130, 69496},
    {19, 19, 19, 0, 18, 91, 69626},
    {19, 19, 19, 0, 18, 91, 69717},
    {24, 19, 25, 1, 18, 114, 69808},
    {20, 19, 20, 0, 18, 95, 69922},
    {16, 19, 19, 1, 18, 76, 70017},
    {20, 19, 20, 0, 18, 95, 70093},
    {19, 26, 20, 0, 18, 124, 70188},
    {15, 19, 17, 1, 18, 72, 70312},
    {30, 19, 30, 0, 18, 143, 70384},
    {17, 26, 18, 0, 18, 111, 70527},
    {26, 34, 28, 1, 26, 221, 70638},
    {18, 19, 18, 0, 18, 86, 70859},
    {21, 25, 21, 0, 18, 132, 70945},
    {18, 19, 19, 0, 18, 86, 71077},
    {30, 19, 30, 0, 18, 143, 71163},
    {31, 25, 31, 0, 18, 194, 71306},
    {17, 19, 17, 0, 18, 81, 71500},
    {24, 19, 24, 0, 18, 114, 71581},
    {16, 19, 16, 0, 18, 76, 71695},
    {14, 19, 17, 1, 18, 67, 71771},
    {25, 19, 26, 0, 18, 119, 71838},
    {17, 19, 18, 1, 18, 81, 71957},
    {15, 27, 16, 1, 26, 102, 72038},
    {18, 34, 19, 0, 26, 153, 72140},
    {12, 28, 14, 1, 27, 84, 72293},
    {15, 19, 17, 1, 18, 72, 72377},
    {13, 19, 15, 1, 18, 62, 72449},
    {11, 27, 10, 0, 26, 75, 72511},
    {13, 27, 10, -2, 26, 88, 72586},
    {10, 34, 10, -2, 26, 85, 72674},
    {24, 19, 25, 0, 18, 114, 72759},
    {25, 19, 25, 0, 18, 119, 72873},
    {20, 27, 20, 0, 26, 135, 72992},
    {19, 28, 19, 0, 27, 133, 73127},
    {20, 27, 20, 0, 26, 135, 73260},
    {17, 33, 18, 0, 25, 141, 73395},
    {20, 27, 20, 0, 18, 135, 73536},
    {23, 25, 25, 1, 25, 144, 73671},
    {26, 19, 26, 0, 18, 124, 73815},
    {32, 25, 32, 0, 24, 200, 73939},
    {24, 18, 23, 0, 17, 108, 74139},
    {18, 28, 18, 1, 28, 126, 74247},
    {18, 30, 15, -3, 22, 135, 74373},
    {18, 24, 19, 1, 24, 108, 74508},
    {13, 19, 15, 1, 18, 62, 74616},
    {36, 30, 35, 0, 24, 270, 74678},
    {27, 25, 27, 0, 18, 169, 74948},
    {24, 30, 24, 1, 24, 180, 75117},
    {20, 25, 19, 0, 18, 125, 75297},
    {25, 30, 26, 1, 24, 188, 75422},
    {21, 25, 20, 0, 18, 132, 75610},
    {24, 24, 23, 0, 24, 144, 75742},
    {18, 26, 18, -1, 18, 117, 75886},
    {24, 24, 23, 0, 24, 144, 76003},
    {18, 26, 18, -1, 18, 117, 76147},
    {24, 24, 25, 1, 24, 144, 76264},
    {20, 27, 20, 0, 26, 135, 76408},
    {20, 25, 22, 1, 24, 125, 76543},
    {14, 19, 16, 1, 18, 67, 76668},
    {22, 25, 24, 1, 24, 138, 76735},
    {16, 19, 19, 1, 18, 76, 76873},
    {20, 39, 21, 1, 31, 195, 76949},
    {15, 35, 17, 1, 27, 132, 77144},
    {23, 32, 25, 1, 24, 184, 77276},
    {19, 34, 20, 1, 26, 162, 77460},
    {23, 30, 25, 1, 24, 173, 77622},
    {19, 32, 20, 1, 26, 152, 77795},
    {18, 37, 20, 1, 37, 167, 77947},
    {14, 33, 16, 1, 32, 116, 78114},
    {18, 37, 20, 1, 37, 167, 78230},
    {14, 33, 16, 1, 32, 116, 78397},
    {18, 40, 20, 1, 32, 180, 78513},
    {14, 34, 16, 1, 26, 119, 78693},
    {21, 31, 22, 1, 30, 163, 78812},
    {16, 32, 19, 1, 24, 128, 78975},
    {25, 32, 26, 1, 24, 200, 79103},
    {20, 34, 20, 0, 26, 170, 79303},
    {25, 32, 26, 1, 24, 200, 79473},
    {20, 34, 20, 0, 26, 170, 79673},
    {12, 38, 12, 1, 38, 114, 79843},
    {13, 34, 10, -2, 33, 111, 79957},
    {18, 32, 20, 1, 24, 144, 80068},
    {10, 34, 10, 0, 26, 85, 80212},
    {18, 38, 20, 1, 30, 171, 80297},
    {11, 40, 10, -1, 32, 110, 80468},
    {18, 30, 20, 1, 24, 135, 80578},
    {11, 32, 10, 0, 26, 88, 80713},
    {31, 32, 32, 1, 24, 248, 80801},
    {30, 26, 30, 0, 18, 195, 81049},
    {24, 32, 25, 1, 31, 192, 81244},
    {20, 27, 20, 0, 26, 135, 81436},
    {24, 32, 25, 1, 24, 192, 81571},
    {20, 26, 20, 0, 18, 130, 81763},
    {24, 30, 25, 1, 24, 180, 81893},
    {20, 24, 20, 0, 18, 120, 82073},
    {23, 39, 24, 1, 38, 225, 82193},
    {16, 33, 19, 1, 32, 132, 82418},
    {23, 38, 24, 1, 37, 219, 82550},
    {16, 33, 19, 1, 32, 132, 82769},
    {23, 38, 24, 1, 37, 219, 82901},
    {16, 33, 19, 1, 32, 132, 83120},
    {23, 38, 24, 1, 37, 219, 83252},
    {16, 33, 19, 1, 32, 132, 83471},
    {23, 32, 23, 1, 24, 184, 83603},
    {16, 26, 16, 0, 18, 104, 83787},
    {23, 38, 23, 1, 30, 219, 83891},
    {16, 32, 16, 0, 24, 128, 84110},
    {23, 30, 23, 1, 24, 173, 84238},
    {17, 24, 16, -1, 18, 102, 84411},
    {16, 32, 17, 1, 31, 128, 84513},
    {13, 27, 15, 1, 26, 88, 84641},
    {16, 32, 17, 1, 24, 128, 84729},
    {13, 26, 15, 1, 18, 85, 84857},
    {16, 38, 17, 1, 37, 152, 84942},
    {13, 33, 15, 1, 32, 108, 85094},
    {16, 38, 17, 1, 37, 152, 85202},
    {13, 33, 15, 1, 32, 108, 85354},
    {16, 39, 17, 1, 31, 156, 85462},
    {13, 34, 15, 1, 26, 111, 85618},
    {21, 32, 21, 1, 24, 168, 85729},
    {13, 31, 14, 1, 23, 101, 85897},
    {21, 30, 21, 1, 24, 158, 85998},
    {13, 29, 14, 1, 23, 95, 86156},
    {23, 39, 26, 2, 38, 225, 86251},
    {20, 33, 20, 0, 32, 165, 86476},
    {23, 38, 26, 2, 37, 219, 86641},
    {20, 32, 20, 0, 31, 160, 86860},
    {35, 32, 34, 0, 31, 280, 87020},
    {26, 27, 27, 0, 26, 176, 87300},
    {35, 32, 34, 0, 31, 280, 87476},
    {26, 28, 27, 0, 27, 182, 87756},
    {35, 32, 34, 0, 31, 280, 87938},
    {26, 27, 27, 0, 26, 176, 88218},
    {24, 31, 23, 0, 31, 186, 88394},
    {17, 34, 18, 0, 26, 145, 88580},
    {19, 32, 21, 1, 24, 152, 88725},
    {15, 25, 16, 1, 17, 94, 88877},
    {14, 31, 14, 0, 30, 109, 88971},
    {24, 25, 25, 1, 24, 150, 89080},
    {24, 32, 23, 0, 24, 192, 89230},
    {19, 26, 20, 1, 18, 124, 89422},
    {24, 33, 23, 0, 33, 198, 89546},
    {19, 29, 20, 1, 28, 138, 89744},
    {24, 38, 23, 0, 38, 228, 89882},
    {19, 34, 20, 1, 33, 162, 90110},
    {24, 38, 23, 0, 38, 228, 90272},
    {19, 34, 20, 1, 33, 162, 90500},
    {24, 38, 23, 0, 38, 228, 90662},
    {19, 34, 20, 1, 33, 162, 90890},
    {24, 37, 23, 0, 37, 222, 91052},
    {19, 33, 20, 1, 32, 157, 91274},
    {24, 40, 23, 0, 32, 240, 91431},
    {19, 35, 20, 1, 27, 167, 91671},
    {24, 38, 23, 0, 38, 228, 91838},
    {19, 34, 20, 1, 33, 162, 92066},
    {24, 38, 23, 0, 38, 228, 92228},
    {19, 34, 20, 1, 33, 162, 92456},
    {24, 39, 23, 0, 39, 234, 92618},
    {19, 35, 20, 1, 34, 167, 92852},
    {24, 37, 23, 0, 37, 222, 93019},
    {19, 33, 20, 1, 32, 157, 93241},
    {24, 40, 23, 0, 32, 240, 93398},
    {19, 34, 20, 1, 26, 162, 93638},
    {18, 32, 20, 1, 24, 144, 93800},
    {14, 26, 16, 1, 18, 91, 93944},
    {18, 33, 20, 1, 33, 149, 94035},
    {14, 29, 16, 1, 28, 102, 94184},
    {18, 31, 20, 1, 31, 140, 94286},
    {15, 26, 16, 1, 25, 98, 94426},
    {18, 38, 20, 1, 38, 171, 94524},
    {14, 34, 16, 1, 33, 119, 94695},
    {18, 38, 20, 1, 38, 171, 94814},
    {14, 34, 16, 1, 33, 119, 94985},
    {21, 38, 20, 1, 38, 200, 95104},
    {18, 34, 16, 1, 33, 153, 95304},
    {18, 37, 20, 1, 37, 167, 95457},
    {15, 33, 16, 1, 32, 124, 95624},
    {18, 40, 20, 1, 32, 180, 95748},
    {14, 35, 16, 1, 27, 123, 95928},
    {11, 33, 12, 1, 33, 91, 96051},
    {11, 29, 10, 0, 28, 80, 96142},
    {11, 32, 12, 1, 24, 88, 96222},
    {11, 34, 10, 0, 26, 94, 96310},
    {23, 32, 24, 1, 24, 184, 96404},
    {16, 26, 19, 1, 18, 104, 96588},
    {23, 34, 24, 1, 33, 196, 96692},
    {16, 29, 19, 1, 28, 116, 96888},
    {23, 39, 24, 1, 38, 225, 97004},
    {16, 34, 19, 1, 33, 136, 97229},
    {23, 39, 24, 1, 38, 225, 97365},
    {16, 34, 19, 1, 33, 136, 97590},
    {23, 39, 24, 1, 38, 225, 97726},
    {19, 34, 19, 1, 33, 162, 97951},
    {23, 38, 24, 1, 37, 219, 98113},
    {16, 33, 19, 1, 32, 132, 98332},
    {23, 40, 24, 1, 32, 230, 98464},
    {16, 35, 19, 1, 27, 140, 98694},
    {27, 32, 27, 1, 31, 216, 98834},
    {20, 28, 20, 1, 27, 140, 99050},
    {27, 32, 27, 1, 31, 216, 99190},
    {20, 27, 20, 1, 26, 135, 99406},
    {27, 34, 27, 1, 33, 230, 99541},
    {20, 29, 20, 1, 28, 145, 99771},
    {27, 32, 27, 1, 31, 216, 99916},
    {20, 26, 20, 1, 25, 130, 100132},
    {27, 34, 27, 1, 26, 230, 100262},
    {20, 31, 20, 1, 23, 155, 100492},
    {23, 32, 26, 2, 24, 184, 100647},
    {20, 26, 20, 0, 18, 130, 100831},
    {23, 34, 26, 2, 33, 196, 100961},
    {20, 29, 20, 0, 28, 145, 101157},
    {27, 32, 28, 2, 31, 216, 101302},
    {24, 28, 23, 0, 27, 168, 101518},
    {27, 32, 28, 2, 31, 216, 101686},
    {24, 27, 23, 0, 26, 162, 101902},
    {27, 34, 28, 2, 33, 230, 102064},
    {24, 29, 23, 0, 28, 174, 102294},
    {27, 32, 28, 2, 31, 216, 102468},
    {24, 26, 23, 0, 25, 156, 102684},
    {27, 34, 28, 2, 26, 230, 102840},
    {24, 31, 23, 0, 23, 186, 103070},
    {24, 31, 23, 0, 31, 186, 103256},
    {17, 34, 18, 0, 26, 145, 103442},
    {24, 32, 23, 0, 24, 192, 103587},
    {17, 26, 18, 0, 18, 111, 103779},
    {24, 33, 23, 0, 33, 198, 103890},
    {17, 36, 18, 0, 28, 153, 104088},
    {24, 31, 23, 0, 31, 186, 104241},
    {17, 33, 18, 0, 25, 141, 104427},
    {0, 0, 19, 0, 0, 0, 104568},
    {0, 0, 11, 0, 0, 0, 104568},
    {0, 0, 4, 0, 0, 0, 104568},
    {0, 0, 2, 0, 0, 0, 104568},
    {0, 0, 0, 0, 0, 0, 104568},
    {10, 4, 12, 1, 12, 10, 104568},
    {17, 3, 17, 0, 11, 13, 104578},
    {17, 3, 17, 0, 11, 13, 104591},
    {34, 3, 34, 0, 11, 26, 104604},
    {34, 3, 34, 0, 11, 26, 104630},
    {7, 10, 9, 2, 26, 18, 104656},
    {6, 10, 9, 2, 26, 15, 104674},
    {6, 10, 10, 2, 5, 15, 104689},
    {13, 10, 16, 2, 26, 33, 104704},
    {13, 10, 16, 2, 26, 33, 104737},
    {13, 10, 16, 2, 5, 33, 104770},
    {14, 27, 18, 2, 26, 95, 104803},
    {14, 27, 18, 2, 26, 95, 104898},
    {9, 9, 13, 2, 15, 21, 104993},
    {29, 6, 33, 2, 5, 44, 105014},
    {37, 21, 40, 1, 20, 195, 105058},
    {5, 8, 7, 1, 27, 10, 105253},
    {11, 8, 13, 1, 27, 22, 105263},
    {9, 15, 11, 1, 16, 34, 105285},
    {10, 15, 11, 1, 16, 38, 105319},
    {27, 28, 31, 2, 27, 189, 105357},
    {17, 25, 9, -4, 24, 107, 105546},
    {14, 16, 15, 1, 28, 56, 105653},
    {13, 16, 14, 1, 28, 52, 105709},
    {12, 16, 13, 1, 28, 48, 105761},
    {12, 16, 14, 2, 28, 48, 105809},
    {13, 16, 13, 1, 28, 52, 105857},
    {13, 16, 15, 1, 28, 52, 105909},
    {13, 16, 14, 1, 28, 52, 105961},
    {7, 21, 9, 2, 30, 37, 106013},
    {7, 21, 9, 1, 30, 37, 106050},
    {16, 13, 17, 1, 25, 52, 106087},
    {13, 16, 15, 1, 11, 52, 106139},
    {10, 16, 10, 0, 11, 40, 106191},
    {13, 16, 13, 0, 11, 52, 106231},
    {13, 16, 14, 0, 11, 52, 106283},
    {14, 16, 14, 0, 11, 56, 106335},
    {12, 16, 13, 0, 11, 48, 106391},
    {13, 16, 14, 1, 11, 52, 106439},
    {13, 16, 13, 0, 11, 52, 106491},
    {13, 16, 15, 1, 11, 52, 106543},
    {12, 16, 14, 1, 11, 48, 106595},
    {7, 21, 9, 2, 13, 37, 106643},
    {7, 21, 9, 0, 13, 37, 106680},
    {20, 30, 21, 1, 27, 150, 106717},
    {18, 24, 19, 1, 24, 108, 106867},
    {19, 25, 20, 1, 24, 119, 106975},
    {25, 25, 26, 1, 24, 157, 107094},
    {48, 25, 49, 1, 24, 300, 107251},
    {36, 25, 36, 0, 24, 225, 107551},
    {19, 32, 20, 1, 26, 152, 107776},
    {24, 25, 24, 0, 24, 150, 107928},
    {25, 25, 24, 0, 24, 157, 108078},
    {21, 24, 21, 1, 24, 126, 108235},
    {23, 24, 23, 1, 24, 138, 108361},
    {21, 30, 22, 1, 27, 158, 108499},
    {21, 25, 22, 1, 24, 132, 108657},
    {20, 31, 21, 1, 27, 155, 108789},
    {21, 24, 22, 1, 24, 126, 108944},
    {18, 25, 21, 2, 24, 113, 109070},
    {18, 24, 20, 2, 24, 108, 109183},
    {23, 24, 25, 1, 24, 138, 109291},
    {20, 24, 21, 1, 24, 120, 109429},
    {14, 28, 16, 1, 27, 98, 109549},
    {38, 25, 40, 1, 24, 238, 109647},
    {23, 23, 27, 2, 22, 133, 109885},
    {32, 15, 33, 1, 22, 120, 110018},
    {34, 14, 36, 1, 22, 119, 110138},
    {23, 24, 24, 0, 24, 138, 110257},
    {24, 25, 27, 1, 24, 150, 110395},
    {30, 25, 32, 1, 24, 188, 110545},
    {32, 25, 35, 1, 24, 200, 110733},
    {30, 25, 32, 1, 24, 188, 110933},
    {31, 25, 33, 1, 24, 194, 111121},
    {31, 25, 33, 1, 24, 194, 111315},
    {29, 25, 31, 1, 24, 182, 111509},
    {17, 12, 19, 1, 15, 51, 111691},
    {11, 18, 19, 4, 18, 50, 111742},
    {17, 12, 19, 1, 15, 51, 111792},
    {11, 18, 19, 4, 18, 50, 111843},
    {16, 25, 18, 1, 24, 100, 111893},
    {23, 25, 25, 1, 22, 144, 111993},
    {20, 24, 20, 0, 24, 120, 112137},
    {27, 29, 28, 1, 24, 196, 112257},
    {19, 29, 20, 1, 24, 138, 112453},
    {15, 4, 19, 2, 12, 15, 112591},
    {17, 25, 9, -4, 24, 107, 112606},
    {6, 6, 11, 3, 13, 9, 112713},
    {20, 25, 20, 0, 25, 125, 112722},
    {20, 10, 22, 1, 13, 50, 112847},
    {17, 31, 15, -1, 24, 132, 112897},
    {16, 12, 19, 2, 16, 48, 113029},
    {15, 18, 19, 2, 19, 68, 113077},
    {16, 18, 19, 2, 18, 72, 113145},
    {15, 18, 19, 2, 18, 68, 113217},
    {24, 35, 21, -2, 27, 210, 113285},
    {24, 35, 21, -2, 27, 210, 113495},
};

static const EpdUnicodeInterval PROGMEM literata_medium_italic_2bIntervals[] = {
    {0x20, 0x7E, 0},
    {0xA0, 0x17E, 95},
    {0x18F, 0x18F, 318},
    {0x192, 0x192, 319},
    {0x1A0, 0x1A1, 320},
    {0x1AF, 0x1B0, 322},
    {0x1C4, 0x1DC, 324},
    {0x1E6, 0x1E7, 349},
    {0x1EA, 0x1EB, 351},
    {0x1FA, 0x21B, 353},
    {0x22A, 0x22D, 387},
    {0x230, 0x233, 391},
    {0x237, 0x237, 395},
    {0x251, 0x251, 396},
    {0x259, 0x259, 397},
    {0x261, 0x261, 398},
    {0x300, 0x304, 399},
    {0x306, 0x30C, 404},
    {0x30F, 0x30F, 411},
    {0x311, 0x312, 412},
    {0x31B, 0x31B, 414},
    {0x323, 0x324, 415},
    {0x326, 0x328, 417},
    {0x32E, 0x32E, 420},
    {0x331, 0x331, 421},
    {0x374, 0x375, 422},
    {0x37A, 0x37A, 424},
    {0x37E, 0x37E, 425},
    {0x384, 0x38A, 426},
    {0x38C, 0x38C, 433},
    {0x38E, 0x3A1, 434},
    {0x3A3, 0x3CE, 454},
    {0x3D7, 0x3E1, 498},
    {0x401, 0x44F, 509},
    {0x451, 0x45F, 588},
    {0x462, 0x463, 603},
    {0x46A, 0x46B, 605},
    {0x490, 0x493, 607},
    {0x496, 0x497, 611},
    {0x49A, 0x49B, 613},
    {0x4A2, 0x4A3, 615},
    {0x4AE, 0x4B1, 617},
    {0x4BA, 0x4BB, 621},
    {0x4D8, 0x4D9, 623},
    {0x4E8, 0x4E9, 625},
    {0x1E08, 0x1E09, 627},
    {0x1E0C, 0x1E0F, 629},
    {0x1E14, 0x1E17, 633},
    {0x1E1C, 0x1E1D, 637},
    {0x1E20, 0x1E21, 639},
    {0x1E24, 0x1E25, 641},
    {0x1E2A, 0x1E2B, 643},
    {0x1E2E, 0x1E2F, 645},
    {0x1E36, 0x1E3B, 647},
    {0x1E42, 0x1E49, 653},
    {0x1E4C, 0x1E53, 661},
    {0x1E5A, 0x1E69, 669},
    {0x1E6C, 0x1E6F, 685},
    {0x1E78, 0x1E7B, 689},
    {0x1E80, 0x1E85, 693},
    {0x1E8E, 0x1E8F, 699},
    {0x1E92, 0x1E93, 701},
    {0x1E97, 0x1E97, 703},
    {0x1E9E, 0x1E9E, 704},
    {0x1EA0, 0x1EF9, 705},
    {0x2007, 0x200B, 795},
    {0x2010, 0x2010, 800},
    {0x2012, 0x2015, 801},
    {0x2018, 0x201A, 805},
    {0x201C, 0x201E, 808},
    {0x2020, 0x2022, 811},
    {0x2026, 0x2026, 814},
    {0x2030, 0x2030, 815},
    {0x2032, 0x2033, 816},
    {0x2039, 0x203A, 818},
    {0x2042, 0x2042, 820},
    {0x2044, 0x2044, 821},
    {0x2070, 0x2070, 822},
    {0x2074, 0x2079, 823},
    {0x207D, 0x2089, 829},
    {0x208D, 0x208E, 842},
    {0x20A1, 0x20A1, 844},
    {0x20A3, 0x20A4, 845},
    {0x20A6, 0x20A7, 847},
    {0x20A9, 0x20A9, 849},
    {0x20AB, 0x20AE, 850},
    {0x20B1, 0x20B2, 854},
    {0x20B4, 0x20B5, 856},
    {0x20B8, 0x20BA, 858},
    {0x20BC, 0x20BD, 861},
    {0x2113, 0x2113, 863},
    {0x2116, 0x2117, 864},
    {0x2120, 0x2120, 866},
    {0x2122, 0x2122, 867},
    {0x2126, 0x2126, 868},
    {0x212E, 0x212E, 869},
    {0x2153, 0x2154, 870},
    {0x215B, 0x215E, 872},
    {0x2190, 0x2193, 876},
    {0x2202, 0x2202, 880},
    {0x2205, 0x2206, 881},
    {0x220F, 0x220F, 883},
    {0x2211, 0x2212, 884},
    {0x2215, 0x2215, 886},
    {0x2219, 0x221A, 887},
    {0x221E, 0x221E, 889},
    {0x222B, 0x222B, 890},
    {0x2248, 0x2248, 891},
    {0x2260, 0x2260, 892},
    {0x2264, 0x2265, 893},
    {0xFB01, 0xFB02, 895},
};

const EpdFontData literata_medium_italic_2b = {
    literata_medium_italic_2bBitmaps,
    literata_medium_italic_2bGlyphs,
    literata_medium_italic_2bIntervals,
    111,
    49,
    40,
    -11,
    true
};
