/**
 * generated from .epdfont via epdfont2h.py
 * name: literata_small_italic_2b
 * mode: 2-bit
 */
#pragma once
#include "EpdFontData.h"

static const uint8_t PROGMEM literata_small_italic_2bBitmaps[65409] = {
    0x0B, 0x87, 0xF1, 0xF4, 0x7C, 0x1F, 0x07, 0xC1, 0xE0, 0x74, 0x1D, 0x07, 0x41, 0xC0, 0x70, 0x1C,
    0x00, 0x00, 0x01, 0xF8, 0xBF, 0x1F, 0xC1, 0x40, 0x14, 0x14, 0x3C, 0x7C, 0x7C, 0x7C, 0x3C, 0x7C,
    0x38, 0x38, 0x34, 0x34, 0x10, 0x20, 0x00, 0x28, 0x02, 0x80, 0x00, 0x38, 0x03, 0x80, 0x00, 0x34,
    0x07, 0x40, 0x1A, 0xBA, 0xAB, 0xA8, 0x2F, 0xFF, 0xFF, 0xFC, 0x00, 0xF0, 0x0F, 0x00, 0x00, 0xE0,
    0x0E, 0x00, 0x00, 0xD0, 0x0D, 0x00, 0x01, 0xD0, 0x1D, 0x00, 0x7F, 0xFF, 0xFF, 0xF0, 0x6B, 0xEA,
    0xBE, 0xA0, 0x03, 0x80, 0x38, 0x00, 0x03, 0x80, 0x38, 0x00, 0x07, 0x40, 0x74, 0x00, 0x00, 0x00,
    0x00, 0x00, 0x00, 0x0C, 0x00, 0x00, 0x0C, 0x00, 0x00, 0xBF, 0x90, 0x0B, 0xFF, 0xF8, 0x1F, 0x1C,
    0xBC, 0x3D, 0x1C, 0x7D, 0x3D, 0x1C, 0xBC, 0x3E, 0x1C, 0x00, 0x3F, 0xA8, 0x00, 0x1F, 0xF8, 0x00,
    0x07, 0xFF, 0x00, 0x00, 0xFF, 0xE0, 0x00, 0x2F, 0xF8, 0x00, 0x29, 0xFC, 0x00, 0x24, 0x7D, 0x78,
    0x24, 0x3D, 0xFD, 0x34, 0x7C, 0xFC, 0x34, 0xF8, 0xBE, 0x7F, 0xF0, 0x1F, 0xFF, 0x80, 0x00, 0x74,
    0x00, 0x00, 0x30, 0x00, 0x00, 0x00, 0x00, 0x0B, 0xE4, 0x00, 0x3C, 0x00, 0xF9, 0xF4, 0x02, 0xD0,
    0x07, 0x81, 0xE0, 0x1E, 0x00, 0x2D, 0x03, 0xC0, 0xF0, 0x00, 0xB4, 0x0F, 0x0B, 0x40, 0x02, 0xE0,
    0x78, 0x3C, 0x00, 0x03, 0xD7, 0xC3, 0xC0, 0x00, 0x07, 0xFD, 0x1E, 0x0A, 0x90, 0x00, 0x00, 0xF0,
    0xFB, 0xE0, 0x00, 0x0B, 0x4B, 0x43, 0xD0, 0x00, 0x78, 0x3C, 0x0B, 0x80, 0x03, 0xC0, 0xF0, 0x2E,
    0x00, 0x2D, 0x03, 0xC0, 0xB4, 0x00, 0xF0, 0x0B, 0x87, 0xC0, 0x0F, 0x00, 0x0B, 0xFC, 0x00, 0x10,
    0x00, 0x01, 0x00, 0x00, 0x1B, 0xF9, 0x00, 0x00, 0x1F, 0xEA, 0xF8, 0x00, 0x07, 0xE0, 0x0B, 0xC0,
    0x00, 0xF8, 0x00, 0xBC, 0x00, 0x2F, 0x40, 0x0B, 0x80, 0x02, 0xF4, 0x00, 0x00, 0x00, 0x2F, 0x40,
    0x00, 0x07, 0xC0, 0xFC, 0x00, 0x00, 0x3D, 0x02, 0xFF, 0xC0, 0x5B, 0xD0, 0x07, 0xE8, 0x2F, 0xF8,
    0x07, 0xE0, 0x01, 0xE0, 0x01, 0xF8, 0x00, 0x0F, 0x00, 0x3F, 0x00, 0x00, 0xF0, 0x03, 0xF0, 0x00,
    0x0F, 0x00, 0x3F, 0x00, 0x01, 0xF0, 0x03, 0xF4, 0x00, 0x3D, 0x00, 0x1F, 0xE4, 0x6F, 0x80, 0x00,
    0x3F, 0xFF, 0x90, 0x00, 0x00, 0x15, 0x00, 0x00, 0x00, 0x14, 0x3C, 0x7C, 0x3C, 0x38, 0x34, 0x10,
    0x00, 0x00, 0x00, 0xE0, 0x0F, 0x00, 0xB8, 0x03, 0xC0, 0x2E, 0x00, 0xF0, 0x0B, 0xC0, 0x3E, 0x01,
    0xF4, 0x0B, 0xD0, 0x2F, 0x00, 0xFC, 0x03, 0xF0, 0x0F, 0xC0, 0x3F, 0x00, 0xFC, 0x02, 0xF0, 0x07,
    0xD0, 0x0F, 0x80, 0x2F, 0x00, 0x7C, 0x00, 0xF4, 0x01, 0xF0, 0x02, 0xC0, 0x03, 0x80, 0x00, 0x00,
    0x00, 0x00, 0x1D, 0x00, 0x0F, 0x00, 0x0B, 0x80, 0x03, 0xC0, 0x03, 0xE0, 0x02, 0xF0, 0x01, 0xF4,
    0x00, 0xF8, 0x00, 0xFC, 0x00, 0xFC, 0x00, 0xFC, 0x00, 0xFC, 0x00, 0xFC, 0x00, 0xFC, 0x00, 0xFC,
    0x00, 0xF8, 0x01, 0xF4, 0x01, 0xF0, 0x03, 0xF0, 0x03, 0xD0, 0x07, 0xC0, 0x0F, 0x40, 0x1E, 0x00,
    0x3C, 0x00, 0x70, 0x00, 0x00, 0x00, 0x00, 0x90, 0x00, 0x74, 0x06, 0x1C, 0x22, 0xF7, 0x3E, 0x1B,
    0xF9, 0x06, 0xFD, 0x0F, 0xDE, 0xF2, 0x8B, 0x2C, 0x03, 0xC0, 0x00, 0x60, 0x00, 0x00, 0x78, 0x00,
    0x01, 0xE0, 0x00, 0x07, 0x80, 0x00, 0x2D, 0x00, 0xAA, 0xFE, 0xAB, 0xFF, 0xFF, 0xF1, 0x5B, 0x95,
    0x00, 0x2D, 0x00, 0x00, 0xB4, 0x00, 0x02, 0xD0, 0x00, 0x0B, 0x00, 0x00, 0x04, 0x0F, 0xCB, 0xF9,
    0xFE, 0x0F, 0x43, 0x83, 0xC2, 0xC0, 0x00, 0x00, 0x15, 0x54, 0xBF, 0xFC, 0xBF, 0xFC, 0x14, 0x1F,
    0xCF, 0xF6, 0xFC, 0x14, 0x00, 0x00, 0x00, 0x00, 0x00, 0x00, 0x3C, 0x00, 0x00, 0x38, 0x00, 0x00,
    0xB4, 0x00, 0x00, 0xF0, 0x00, 0x01, 0xE0, 0x00, 0x02, 0xC0, 0x00, 0x03, 0xC0, 0x00, 0x0B, 0x40,
    0x00, 0x0F, 0x00, 0x00, 0x1E, 0x00, 0x00, 0x2C, 0x00, 0x00, 0x3C, 0x00, 0x00, 0xB4, 0x00, 0x00,
    0xF0, 0x00, 0x01, 0xE0, 0x00, 0x02, 0xC0, 0x00, 0x03, 0xC0, 0x00, 0x07, 0x40, 0x00, 0x0F, 0x00,
    0x00, 0x1E, 0x00, 0x00, 0x2C, 0x00, 0x00, 0x3C, 0x00, 0x00, 0x74, 0x00, 0x00, 0x00, 0x2F, 0xE0,
    0x00, 0x2F, 0xEF, 0xC0, 0x0B, 0xC0, 0x3F, 0x00, 0xF4, 0x01, 0xF8, 0x2F, 0x00, 0x0F, 0xC3, 0xE0,
    0x00, 0xFC, 0x7D, 0x00, 0x0B, 0xDB, 0xD0, 0x00, 0xBD, 0xBC, 0x00, 0x0B, 0xDF, 0xC0, 0x00, 0xBD,
    0xFC, 0x00, 0x0B, 0xCF, 0xC0, 0x00, 0xFC, 0xBD, 0x00, 0x0F, 0xC7, 0xD0, 0x01, 0xF4, 0x3F, 0x00,
    0x2F, 0x02, 0xF4, 0x03, 0xD0, 0x0F, 0xD5, 0xF8, 0x00, 0x2F, 0xFD, 0x00, 0x00, 0x14, 0x00, 0x00,
    0x05, 0xAC, 0x02, 0xFF, 0xC0, 0x05, 0xBC, 0x00, 0x0B, 0xC0, 0x00, 0xBC, 0x00, 0x0B, 0xC0, 0x00,
    0xBC, 0x00, 0x0B, 0xC0, 0x00, 0xFC, 0x00, 0x0F, 0xC0, 0x00, 0xFC, 0x00, 0x0F, 0xC0, 0x00, 0xFC,
    0x00, 0x0F, 0xC0, 0x00, 0xF8, 0x00, 0x0F, 0x80, 0x1A, 0xFE, 0x43, 0xFF, 0xFD, 0x01, 0xBF, 0x80,
    0x02, 0xFA, 0xFE, 0x02, 0xF0, 0x0F, 0xD0, 0xF8, 0x01, 0xF8, 0x3F, 0x00, 0x3F, 0x02, 0x40, 0x0F,
    0xC0, 0x00, 0x07, 0xE0, 0x00, 0x03, 0xF0, 0x00, 0x01, 0xF8, 0x00, 0x00, 0xFC, 0x00, 0x00, 0xFC,
    0x00, 0x00, 0xBC, 0x00, 0x00, 0xBC, 0x00, 0x00, 0x7C, 0x00, 0xD0, 0x7C, 0x00, 0xB4, 0x7C, 0x00,
    0x7C, 0x3F, 0xFF, 0xFF, 0x0F, 0xFF, 0xFF, 0xC0, 0x00, 0xBF, 0xD0, 0x01, 0xFA, 0xBF, 0x00, 0xF0,
    0x07, 0xE0, 0x7D, 0x00, 0xFC, 0x1F, 0x80, 0x3F, 0x00, 0x40, 0x0F, 0x80, 0x00, 0x0B, 0xC0, 0x00,
    0x0B, 0xC0, 0x00, 0x7F, 0xC0, 0x00, 0x1A, 0xFF, 0x40, 0x00, 0x07, 0xF0, 0x00, 0x00, 0xBE, 0x00,
    0x00, 0x1F, 0x81, 0x00, 0x0B, 0xE3, 0xF0, 0x03, 0xF0, 0xF8, 0x02, 0xF8, 0x3F, 0x06, 0xF8, 0x03,
    0xFF, 0xF4, 0x00, 0x05, 0x00, 0x00, 0x00, 0x00, 0x2A, 0x00, 0x00, 0x0F, 0xE0, 0x00, 0x02, 0xFE,
    0x00, 0x00, 0x3B, 0xE0, 0x00, 0x0F, 0x3E, 0x00, 0x02, 0xD3, 0xD0, 0x00, 0x78, 0x3D, 0x00, 0x0F,
    0x07, 0xD0, 0x03, 0xC0, 0x7D, 0x00, 0xB4, 0x07, 0xD0, 0x1E, 0x00, 0x7C, 0x03, 0xC0, 0x0B, 0xD0,
    0x7F, 0xFF, 0xFF, 0xF6, 0xAA, 0xAF, 0xEA, 0x00, 0x00, 0xBC, 0x00, 0x00, 0x0B, 0xC0, 0x00, 0x16,
    0xFE, 0x40, 0x03, 0xFF, 0xFC, 0x01, 0xAA, 0xAA, 0x00, 0xFF, 0xFF, 0xC0, 0x3F, 0xFF, 0xE0, 0x0E,
    0x00, 0x00, 0x03, 0x40, 0x00, 0x01, 0xD0, 0x00, 0x00, 0x70, 0x14, 0x00, 0x1E, 0xFF, 0xE0, 0x07,
    0xEA, 0xFE, 0x00, 0x00, 0x0F, 0xC0, 0x00, 0x02, 0xF4, 0x00, 0x00, 0x7E, 0x00, 0x00, 0x1F, 0x81,
    0x00, 0x0B, 0xD3, 0xF0, 0x03, 0xF1, 0xF8, 0x02, 0xF4, 0x3E, 0x07, 0xF4, 0x07, 0xFF, 0xE0, 0x00,
    0x05, 0x00, 0x00, 0x00, 0x1B, 0xF8, 0x00, 0x2F, 0xEF, 0xC0, 0x3F, 0x01, 0xF4, 0x2F, 0x00, 0xBD,
    0x0F, 0x40, 0x1A, 0x0B, 0xC0, 0x00, 0x03, 0xE0, 0x14, 0x01, 0xF4, 0xBF, 0xE0, 0xBD, 0xFA, 0xFD,
    0x2F, 0xE0, 0x0F, 0xCB, 0xE0, 0x03, 0xF2, 0xF0, 0x00, 0xBC, 0xBC, 0x00, 0x2F, 0x1F, 0x00, 0x0F,
    0xC3, 0xD0, 0x03, 0xE0, 0xFC, 0x02, 0xF0, 0x0F, 0xD6, 0xF4, 0x00, 0xFF, 0xF4, 0x00, 0x01, 0x40,
    0x00, 0x2A, 0xAA, 0xAA, 0x1F, 0xFF, 0xFF, 0xCB, 0xFF, 0xFF, 0xF2, 0xD0, 0x00, 0x38, 0xF0, 0x00,
    0x2C, 0x24, 0x00, 0x0F, 0x00, 0x00, 0x0B, 0x40, 0x00, 0x03, 0xC0, 0x00, 0x02, 0xE0, 0x00, 0x00,
    0xF0, 0x00, 0x00, 0xBC, 0x00, 0x00, 0x3D, 0x00, 0x00, 0x3F, 0x00, 0x00, 0x1F, 0x80, 0x00, 0x0F,
    0xD0, 0x00, 0x07, 0xF0, 0x00, 0x03, 0xF4, 0x00, 0x01, 0xFC, 0x00, 0x00, 0x00, 0xBF, 0x90, 0x0B,
    0xEA, 0xF8, 0x1F, 0x40, 0x7D, 0x3E, 0x00, 0x3E, 0x3E, 0x00, 0x3E, 0x3F, 0x00, 0x3C, 0x2F, 0xC0,
    0xB8, 0x0F, 0xFB, 0xE0, 0x02, 0xFF, 0xC0, 0x07, 0xEF, 0xF4, 0x2F, 0x02, 0xFD, 0x7C, 0x00, 0x7F,
    0xF8, 0x00, 0x3F, 0xF8, 0x00, 0x3F, 0xFC, 0x00, 0x3F, 0xBC, 0x00, 0x7D, 0x3F, 0x96, 0xF8, 0x0B,
    0xFF, 0xD0, 0x00, 0x54, 0x00, 0x00, 0xBF, 0x80, 0x01, 0xFE, 0xFD, 0x01, 0xF4, 0x0F, 0xC0, 0xF8,
    0x01, 0xF8, 0x7D, 0x00, 0x3F, 0x2F, 0x00, 0x0B, 0xCB, 0xC0, 0x02, 0xF2, 0xF0, 0x00, 0xFC, 0xBD,
    0x00, 0xBF, 0x0F, 0xD1, 0xFB, 0xC2, 0xFF, 0xF2, 0xF0, 0x1B, 0x90, 0xFC, 0x00, 0x00, 0x3E, 0x00,
    0x00, 0x1F, 0x00, 0x00, 0x0F, 0xC2, 0xC0, 0x0B, 0xC0, 0x7E, 0xAF, 0xD0, 0x03, 0xFF, 0xD0, 0x00,
    0x05, 0x00, 0x00, 0x05, 0x0F, 0xE7, 0xFC, 0xFD, 0x05, 0x00, 0x00, 0x00, 0x00, 0x00, 0x00, 0x01,
    0x41, 0xFC, 0xFF, 0x6F, 0xC1, 0x40, 0x01, 0x40, 0xFE, 0x1F, 0xF0, 0xFE, 0x01, 0x40, 0x00, 0x00,
    0x00, 0x00, 0x00, 0x00, 0x00, 0x01, 0x01, 0xFC, 0x2F, 0xD1, 0xFD, 0x03, 0xC0, 0x78, 0x1F, 0x03,
    0x80, 0x00, 0x00, 0x00, 0x00, 0x00, 0x00, 0x00, 0x3C, 0x00, 0x02, 0xF8, 0x00, 0x1F, 0xD0, 0x00,
    0xFD, 0x00, 0x0B, 0xE0, 0x00, 0x3F, 0x00, 0x00, 0x3F, 0x40, 0x00, 0x07, 0xF0, 0x00, 0x00, 0xBE,
    0x00, 0x00, 0x1F, 0xD0, 0x00, 0x02, 0xF8, 0x00, 0x00, 0x34, 0x00, 0x00, 0x00, 0x7F, 0xFF, 0xFC,
    0xBF, 0xFF, 0xFC, 0x00, 0x00, 0x00, 0x00, 0x00, 0x00, 0x15, 0x55, 0x50, 0xBF, 0xFF, 0xFC, 0x6A,
    0xAA, 0xA8, 0x00, 0x00, 0x00, 0xB4, 0x00, 0x02, 0xF8, 0x00, 0x01, 0xFD, 0x00, 0x00, 0x7F, 0x00,
    0x00, 0x2F, 0x80, 0x00, 0x1F, 0xC0, 0x00, 0xBE, 0x00, 0x1F, 0xD0, 0x03, 0xF4, 0x00, 0xBE, 0x00,
    0x0F, 0xD0, 0x00, 0x34, 0x00, 0x00, 0x00, 0x00, 0x00, 0x02, 0xFE, 0x40, 0x7E, 0xBF, 0x83, 0xC0,
    0x2F, 0x6F, 0x00, 0x3E, 0x7E, 0x00, 0xF8, 0x50, 0x07, 0xE0, 0x00, 0x3F, 0x00, 0x07, 0xF8, 0x01,
    0xFF, 0x80, 0x07, 0xE4, 0x00, 0x0E, 0x00, 0x00, 0x38, 0x00, 0x00, 0xF0, 0x00, 0x00, 0x00, 0x00,
    0x00, 0x00, 0x00, 0x7E, 0x00, 0x02, 0xFC, 0x00, 0x07, 0xF0, 0x00, 0x05, 0x00, 0x00, 0x00, 0x00,
    0x15, 0x40, 0x00, 0x00, 0x02, 0xFF, 0xFF, 0x80, 0x00, 0x0B, 0xF5, 0x05, 0xFD, 0x00, 0x0B, 0xC0,
    0x00, 0x03, 0xD0, 0x07, 0xC0, 0x00, 0x00, 0x3C, 0x03, 0xC0, 0x2F, 0xE6, 0x07, 0x82, 0xD0, 0x3E,
    0x5B, 0xC0, 0xF0, 0xF0, 0x3E, 0x01, 0xF0, 0x3C, 0x3C, 0x1F, 0x00, 0xFC, 0x0B, 0x1E, 0x0B, 0xC0,
    0x3F, 0x02, 0xC7, 0x82, 0xE0, 0x1B, 0x80, 0xF1, 0xE0, 0xB8, 0x0D, 0xE0, 0x3C, 0x3C, 0x2F, 0x07,
    0x78, 0x2D, 0x0F, 0x03, 0xE7, 0x8E, 0x1E, 0x02, 0xD0, 0xBF, 0x83, 0xFE, 0x00, 0x7C, 0x01, 0x00,
    0x14, 0x00, 0x0B, 0xC0, 0x00, 0x00, 0x00, 0x00, 0xBE, 0x00, 0x0B, 0x80, 0x00, 0x07, 0xFF, 0xFF,
    0x80, 0x00, 0x00, 0x1A, 0xA9, 0x00, 0x00, 0x00, 0x00, 0x68, 0x00, 0x00, 0x00, 0x1F, 0xD0, 0x00,
    0x00, 0x02, 0xFE, 0x00, 0x00, 0x00, 0x3B, 0xF0, 0x00, 0x00, 0x07, 0x6F, 0x00, 0x00, 0x00, 0xB1,
    0xF4, 0x00, 0x00, 0x0E, 0x0F, 0xC0, 0x00, 0x01, 0xC0, 0xFC, 0x00, 0x00, 0x3C, 0x0B, 0xD0, 0x00,
    0x03, 0x80, 0x7E, 0x00, 0x00, 0xB5, 0x57, 0xF0, 0x00, 0x0F, 0xFF, 0xFF, 0x00, 0x01, 0xE5, 0x56,
    0xF4, 0x00, 0x2C, 0x00, 0x1F, 0x80, 0x03, 0xC0, 0x00, 0xFC, 0x00, 0x74, 0x00, 0x0B, 0xD0, 0x1F,
    0x90, 0x01, 0xFF, 0x4B, 0xFF, 0x40, 0xBF, 0xFE, 0x1A, 0xAA, 0x50, 0x00, 0xFF, 0xFF, 0xFC, 0x00,
    0x3F, 0x01, 0xFC, 0x00, 0xFC, 0x02, 0xF4, 0x03, 0xE0, 0x07, 0xE0, 0x0F, 0x80, 0x1F, 0x40, 0x3E,
    0x00, 0xF8, 0x00, 0xF8, 0x0B, 0x80, 0x03, 0xE2, 0xF4, 0x00, 0x0F, 0x9B, 0xFD, 0x00, 0x7D, 0x00,
    0xBD, 0x01, 0xF4, 0x00, 0xFC, 0x07, 0xD0, 0x02, 0xF0, 0x1F, 0x40, 0x0B, 0xC0, 0x7D, 0x00, 0x3F,
    0x01, 0xF4, 0x03, 0xF4, 0x5F, 0xEA, 0xBF, 0x43, 0xFF, 0xFF, 0x90, 0x00, 0x00, 0x1B, 0xF9, 0x00,
    0x03, 0xFF, 0xFF, 0x00, 0x3F, 0x40, 0x3F, 0x03, 0xF0, 0x00, 0xBC, 0x1F, 0x40, 0x03, 0xF0, 0xFC,
    0x00, 0x06, 0x43, 0xE0, 0x00, 0x00, 0x1F, 0x40, 0x00, 0x00, 0xBD, 0x00, 0x00, 0x02, 0xF4, 0x00,
    0x00, 0x0B, 0xD0, 0x00, 0x00, 0x1F, 0x40, 0x00, 0x00, 0x7E, 0x00, 0x00, 0x00, 0xFC, 0x00, 0x00,
    0x02, 0xF8, 0x00, 0x0E, 0x03, 0xF4, 0x01, 0xF4, 0x03, 0xFE, 0xBF, 0x40, 0x02, 0xFF, 0xE0, 0x00,
    0x00, 0x54, 0x00, 0x00, 0x1A, 0xAA, 0x94, 0x00, 0x0F, 0xFF, 0xFF, 0xE0, 0x00, 0x3F, 0x00, 0x7F,
    0x40, 0x0F, 0xC0, 0x03, 0xF4, 0x03, 0xE0, 0x00, 0x3F, 0x00, 0xF8, 0x00, 0x0B, 0xD0, 0x3E, 0x00,
    0x01, 0xF8, 0x0F, 0x80, 0x00, 0x7F, 0x03, 0xE0, 0x00, 0x0F, 0xC0, 0xF8, 0x00, 0x07, 0xE0, 0x7D,
    0x00, 0x01, 0xF8, 0x1F, 0x40, 0x00, 0xBD, 0x07, 0xD0, 0x00, 0x3F, 0x01, 0xF4, 0x00, 0x2F, 0x40,
    0x7D, 0x00, 0x1F, 0xC0, 0x1F, 0x40, 0x2F, 0xC0, 0x5F, 0xEA, 0xFF, 0x40, 0x3F, 0xFF, 0xF9, 0x00,
    0x00, 0x2A, 0xAA, 0xAA, 0x43, 0xFF, 0xFF, 0xFC, 0x03, 0xE0, 0x0B, 0xC0, 0x3E, 0x00, 0x3C, 0x03,
    0xE0, 0x02, 0xC0, 0x3E, 0x00, 0x00, 0x07, 0xD0, 0x00, 0x00, 0x7D, 0x00, 0x00, 0x07, 0xFF, 0xFD,
    0x00, 0x7F, 0xFF, 0xD0, 0x07, 0xD0, 0x00, 0x00, 0x7D, 0x00, 0x00, 0x0B, 0xC0, 0x00, 0x00, 0xBC,
    0x00, 0x18, 0x0B, 0xC0, 0x03, 0xC0, 0xBC, 0x00, 0x7C, 0x6F, 0xEA, 0xAF, 0xCF, 0xFF, 0xFF, 0xF8,
    0x2A, 0xAA, 0xAA, 0x43, 0xFF, 0xFF, 0xFC, 0x03, 0xE0, 0x0B, 0xC0, 0x3E, 0x00, 0x3C, 0x03, 0xE0,
    0x02, 0xC0, 0x3E, 0x00, 0x00, 0x07, 0xD0, 0x00, 0x00, 0x7D, 0x00, 0x00, 0x07, 0xFA, 0xA8, 0x00,
    0x7F, 0xFF, 0xC0, 0x07, 0xD0, 0x00, 0x00, 0x7D, 0x00, 0x00, 0x0B, 0xC0, 0x00, 0x00, 0xBC, 0x00,
    0x00, 0x0B, 0xC0, 0x00, 0x00, 0xBC, 0x00, 0x00, 0x5F, 0xE5, 0x00, 0x0F, 0xFF, 0xF0, 0x00, 0x00,
    0x0B, 0xFE, 0x00, 0x02, 0xFF, 0xFF, 0x80, 0x3F, 0x40, 0x1F, 0x43, 0xF0, 0x00, 0x3F, 0x1F, 0x40,
    0x01, 0xF8, 0xFC, 0x00, 0x01, 0x83, 0xE0, 0x00, 0x00, 0x1F, 0x80, 0x00, 0x00, 0xBD, 0x00, 0x00,
    0x02, 0xF4, 0x00, 0x15, 0x4B, 0xD0, 0x01, 0xFF, 0x5F, 0x40, 0x00, 0xBD, 0x7E, 0x00, 0x01, 0xF4,
    0xFC, 0x00, 0x07, 0xD2, 0xF8, 0x00, 0x1F, 0x43, 0xF4, 0x00, 0xBC, 0x03, 0xFE, 0x6F, 0xF0, 0x02,
    0xFF, 0xFD, 0x00, 0x00, 0x14, 0x00, 0x00, 0x2A, 0xA9, 0x02, 0xAA, 0xA3, 0xFF, 0xE0, 0x3F, 0xFF,
    0x03, 0xE0, 0x00, 0x3F, 0x00, 0x3E, 0x00, 0x03, 0xE0, 0x03, 0xE0, 0x00, 0x3E, 0x00, 0x3E, 0x00,
    0x03, 0xE0, 0x07, 0xD0, 0x00, 0x3E, 0x00, 0x7D, 0x00, 0x07, 0xE0, 0x07, 0xFF, 0xFF, 0xFD, 0x00,
    0x7F, 0xFF, 0xFF, 0xD0, 0x07, 0xD0, 0x00, 0x7D, 0x00, 0x7D, 0x00, 0x07, 0xD0, 0x0B, 0xC0, 0x00,
    0x7D, 0x00, 0xBC, 0x00, 0x07, 0xD0, 0x0B, 0xC0, 0x00, 0xBC, 0x00, 0xBC, 0x00, 0x0B, 0xC0, 0x5F,
    0xE4, 0x01, 0xFE, 0x4F, 0xFF, 0xD0, 0xBF, 0xFD, 0x2A, 0xA9, 0x3F, 0xFE, 0x03, 0xE0, 0x03, 0xE0,
    0x03, 0xE0, 0x03, 0xE0, 0x03, 0xD0, 0x07, 0xD0, 0x07, 0xD0, 0x07, 0xD0, 0x07, 0xD0, 0x07, 0xD0,
    0x07, 0xD0, 0x0B, 0xC0, 0x0B, 0xC0, 0x0B, 0xC0, 0x6F, 0xE4, 0xFF, 0xFD, 0x1A, 0xAA, 0x47, 0xFF,
    0xE0, 0x0F, 0x80, 0x03, 0xE0, 0x00, 0xF8, 0x00, 0x3E, 0x00, 0x0F, 0x40, 0x07, 0xD0, 0x01, 0xF4,
    0x00, 0x7D, 0x00, 0x1F, 0x40, 0x07, 0xD0, 0x01, 0xF4, 0x00, 0xBC, 0x00, 0x2F, 0x00, 0x0B, 0xC0,
    0x02, 0xF0, 0x00, 0xFC, 0x00, 0x3F, 0x00, 0x0F, 0x40, 0x0B, 0xC0, 0x07, 0xC0, 0x03, 0xC0, 0x00,
    0x40, 0x00, 0x2A, 0xA9, 0x06, 0xAA, 0x4F, 0xFF, 0x82, 0xFF, 0xD0, 0x3E, 0x00, 0x0F, 0x40, 0x0F,
    0x80, 0x0F, 0x40, 0x03, 0xE0, 0x0F, 0x00, 0x00, 0xF8, 0x0F, 0x00, 0x00, 0x3D, 0x0F, 0x00, 0x00,
    0x1F, 0x4F, 0x00, 0x00, 0x07, 0xDF, 0x80, 0x00, 0x01, 0xF6, 0xFD, 0x00, 0x00, 0x7D, 0x0F, 0xC0,
    0x00, 0x1F, 0x41, 0xF8, 0x00, 0x0B, 0xD0, 0x3F, 0x00, 0x02, 0xF0, 0x0B, 0xD0, 0x00, 0xBC, 0x00,
    0xFC, 0x00, 0x2F, 0x00, 0x3F, 0x00, 0x6F, 0xE4, 0x07, 0xF6, 0x3F, 0xFF, 0x40, 0xBF, 0xD0, 0x00,
    0x00, 0x01, 0x40, 0x2A, 0xAA, 0x00, 0x03, 0xFF, 0xF4, 0x00, 0x03, 0xE0, 0x00, 0x00, 0x3E, 0x00,
    0x00, 0x03, 0xE0, 0x00, 0x00, 0x3E, 0x00, 0x00, 0x07, 0xD0, 0x00, 0x00, 0x7D, 0x00, 0x00, 0x07,
    0xD0, 0x00, 0x00, 0x7D, 0x00, 0x00, 0x07, 0xD0, 0x00, 0x00, 0x7D, 0x00, 0x00, 0x0B, 0xC0, 0x00,
    0x00, 0xBC, 0x00, 0x2C, 0x0B, 0xC0, 0x03, 0xC0, 0xBC, 0x00, 0x7C, 0x5F, 0xEA, 0xAF, 0x8F, 0xFF,
    0xFF, 0xF8, 0x1A, 0xA8, 0x00, 0x00, 0xAA, 0x90, 0xBF, 0xF4, 0x00, 0x03, 0xFF, 0x80, 0x3F, 0xE0,
    0x00, 0x2F, 0xF0, 0x00, 0xFF, 0xC0, 0x00, 0xFF, 0xC0, 0x03, 0xDF, 0x40, 0x03, 0xAF, 0x00, 0x0F,
    0x3E, 0x00, 0x2D, 0xBC, 0x00, 0x3C, 0xFC, 0x00, 0xF2, 0xF0, 0x00, 0xE2, 0xF0, 0x03, 0x8B, 0xC0,
    0x03, 0x87, 0xD0, 0x1D, 0x2F, 0x00, 0x0E, 0x0F, 0x80, 0xF0, 0xBC, 0x00, 0x74, 0x2F, 0x03, 0x82,
    0xF0, 0x01, 0xD0, 0x7D, 0x1D, 0x0B, 0xC0, 0x07, 0x40, 0xF8, 0xF0, 0x1F, 0x00, 0x2D, 0x03, 0xF3,
    0x80, 0x7C, 0x00, 0xB0, 0x0B, 0xED, 0x01, 0xF0, 0x02, 0xC0, 0x1F, 0xF0, 0x07, 0xD0, 0x6F, 0x90,
    0x3F, 0x80, 0x6F, 0x93, 0xFF, 0xC0, 0xBD, 0x0B, 0xFF, 0xE0, 0x00, 0x00, 0x00, 0x00, 0x00, 0x00,
    0x2A, 0xA4, 0x00, 0xAA, 0x93, 0xFF, 0xC0, 0x1F, 0xFD, 0x03, 0xFD, 0x00, 0x1E, 0x00, 0x3B, 0xF0,
    0x01, 0xD0, 0x03, 0xAF, 0x40, 0x1D, 0x00, 0x38, 0xFC, 0x01, 0xD0, 0x07, 0x4B, 0xD0, 0x2D, 0x00,
    0x74, 0x3F, 0x02, 0xD0, 0x07, 0x42, 0xF4, 0x2C, 0x00, 0x74, 0x0F, 0xC2, 0xC0, 0x07, 0x40, 0xBC,
    0x2C, 0x00, 0x74, 0x03, 0xE2, 0xC0, 0x0B, 0x40, 0x2F, 0x2C, 0x00, 0xB0, 0x00, 0xFB, 0xC0, 0x0B,
    0x00, 0x0B, 0xFC, 0x00, 0xB0, 0x00, 0x3F, 0xC0, 0x5F, 0x90, 0x03, 0xFC, 0x0F, 0xFF, 0x40, 0x1F,
    0xC0, 0x00, 0x00, 0x00, 0x00, 0x00, 0x00, 0x1B, 0xFD, 0x00, 0x00, 0x3F, 0xFF, 0xF4, 0x00, 0x3F,
    0x00, 0x7F, 0x40, 0x3F, 0x00, 0x03, 0xF0, 0x1F, 0x40, 0x00, 0xBE, 0x0F, 0xC0, 0x00, 0x0F, 0xC3,
    0xE0, 0x00, 0x03, 0xF1, 0xF4, 0x00, 0x00, 0xFC, 0xBD, 0x00, 0x00, 0x3F, 0x2F, 0x40, 0x00, 0x0F,
    0xCB, 0xD0, 0x00, 0x03, 0xF1, 0xF8, 0x00, 0x00, 0xFC, 0x7E, 0x00, 0x00, 0x3E, 0x0F, 0xC0, 0x00,
    0x2F, 0x42, 0xF8, 0x00, 0x0F, 0xC0, 0x3F, 0x40, 0x0F, 0xC0, 0x03, 0xFE, 0x6F, 0xC0, 0x00, 0x2F,
    0xFF, 0x80, 0x00, 0x00, 0x14, 0x00, 0x00, 0x1A, 0xAA, 0x50, 0x03, 0xFF, 0xFF, 0xF0, 0x03, 0xF0,
    0x2F, 0xC0, 0x3F, 0x00, 0xBE, 0x03, 0xE0, 0x03, 0xF0, 0x3E, 0x00, 0x3F, 0x03, 0xE0, 0x03, 0xF0,
    0x3E, 0x00, 0x7E, 0x03, 0xE0, 0x0F, 0xC0, 0x3E, 0x2B, 0xF0, 0x07, 0xD7, 0xF4, 0x00, 0x7D, 0x00,
    0x00, 0x07, 0xD0, 0x00, 0x00, 0x7D, 0x00, 0x00, 0x07, 0xD0, 0x00, 0x00, 0x7D, 0x00, 0x00, 0x1F,
    0xE5, 0x00, 0x0F, 0xFF, 0xF4, 0x00, 0x00, 0x1B, 0xF9, 0x00, 0x00, 0x0F, 0xFF, 0xFD, 0x00, 0x03,
    0xF0, 0x07, 0xF4, 0x00, 0xFC, 0x00, 0x0F, 0xC0, 0x2F, 0x40, 0x00, 0x7E, 0x03, 0xF0, 0x00, 0x03,
    0xF0, 0x3E, 0x00, 0x00, 0x3F, 0x07, 0xD0, 0x00, 0x03, 0xF0, 0xBD, 0x00, 0x00, 0x3F, 0x0B, 0xD0,
    0x00, 0x03, 0xF0, 0x7D, 0x00, 0x00, 0x3F, 0x07, 0xE0, 0x00, 0x03, 0xF0, 0x3F, 0x00, 0x00, 0x7D,
    0x02, 0xF0, 0x00, 0x0F, 0xC0, 0x0F, 0xC0, 0x02, 0xF4, 0x00, 0x3F, 0x41, 0xBD, 0x00, 0x00, 0xBF,
    0xFE, 0x00, 0x00, 0x06, 0xFD, 0x00, 0x00, 0x00, 0xFA, 0xFE, 0x00, 0x00, 0x04, 0x00, 0xFD, 0x3C,
    0x00, 0x00, 0x02, 0xFF, 0xE0, 0x00, 0x00, 0x07, 0xFD, 0x00, 0x00, 0x00, 0x05, 0x00, 0x1A, 0xAA,
    0x50, 0x00, 0x0F, 0xFF, 0xFF, 0xC0, 0x00, 0x3F, 0x01, 0xFC, 0x00, 0x0F, 0x80, 0x2F, 0x80, 0x03,
    0xE0, 0x07, 0xE0, 0x00, 0xF8, 0x01, 0xF8, 0x00, 0x3E, 0x00, 0xBD, 0x00, 0x0F, 0x80, 0x7E, 0x00,
    0x03, 0xE1, 0xBD, 0x00, 0x00, 0xF9, 0xF4, 0x00, 0x00, 0x7D, 0x3F, 0x00, 0x00, 0x1F, 0x43, 0xF0,
    0x00, 0x07, 0xD0, 0xBD, 0x00, 0x01, 0xF4, 0x0F, 0xC0, 0x00, 0x7D, 0x03, 0xF4, 0x00, 0x1F, 0x40,
    0x7F, 0x00, 0x5F, 0xE5, 0x0F, 0xE6, 0x3F, 0xFF, 0xC0, 0xFF, 0xC0, 0x00, 0x00, 0x01, 0x00, 0x00,
    0xBF, 0x90, 0x0B, 0xFF, 0xF8, 0x1F, 0x00, 0x7C, 0x3D, 0x00, 0x7D, 0x3C, 0x00, 0xBC, 0x3E, 0x00,
    0x00, 0x3F, 0x80, 0x00, 0x1F, 0xF4, 0x00, 0x07, 0xFF, 0x00, 0x00, 0xFF, 0xE0, 0x00, 0x1F, 0xF8,
    0x00, 0x01, 0xFC, 0x00, 0x00, 0x7D, 0x78, 0x00, 0x3D, 0xFD, 0x00, 0x7C, 0xFC, 0x00, 0xF8, 0xBF,
    0x5B, 0xF0, 0x1F, 0xFF, 0x80, 0x00, 0x50, 0x00, 0x1A, 0xAA, 0xAA, 0xA9, 0x0B, 0xFF, 0xFF, 0xFF,
    0xC3, 0xE0, 0x3F, 0x02, 0xF0, 0xF0, 0x0F, 0xC0, 0x3C, 0x38, 0x03, 0xF0, 0x0B, 0x00, 0x00, 0xFC,
    0x00, 0x00, 0x00, 0x3E, 0x00, 0x00, 0x00, 0x0F, 0x80, 0x00, 0x00, 0x03, 0xE0, 0x00, 0x00, 0x00,
    0xF8, 0x00, 0x00, 0x00, 0x3E, 0x00, 0x00, 0x00, 0x0F, 0x80, 0x00, 0x00, 0x03, 0xD0, 0x00, 0x00,
    0x00, 0xF4, 0x00, 0x00, 0x00, 0x7D, 0x00, 0x00, 0x00, 0x1F, 0x40, 0x00, 0x00, 0x5B, 0xE5, 0x00,
    0x00, 0x3F, 0xFF, 0xC0, 0x00, 0x2A, 0xA8, 0x01, 0xAA, 0x97, 0xFF, 0xC0, 0x3F, 0xFD, 0x0B, 0xC0,
    0x00, 0x3E, 0x00, 0xBC, 0x00, 0x03, 0xE0, 0x0B, 0xC0, 0x00, 0x7D, 0x00, 0xFC, 0x00, 0x07, 0xD0,
    0x0F, 0xC0, 0x00, 0xBD, 0x00, 0xFC, 0x00, 0x0F, 0xD0, 0x0F, 0xC0, 0x00, 0xFC, 0x00, 0xF8, 0x00,
    0x1F, 0xC0, 0x0F, 0x80, 0x02, 0xBC, 0x00, 0xF8, 0x00, 0x37, 0xC0, 0x0F, 0x80, 0x07, 0x3C, 0x00,
    0xF8, 0x00, 0xE7, 0xC0, 0x0F, 0x80, 0x1D, 0x7C, 0x00, 0xFC, 0x07, 0xC7, 0xC0, 0x07, 0xFF, 0xF0,
    0xBE, 0x40, 0x2F, 0xFC, 0x0B, 0xFC, 0x00, 0x14, 0x00, 0x00, 0x00, 0x2A, 0xA9, 0x00, 0x6A, 0xA1,
    0xFF, 0xF8, 0x03, 0xFF, 0xC0, 0xBE, 0x00, 0x00, 0xF0, 0x00, 0xFC, 0x00, 0x07, 0x80, 0x03, 0xF0,
    0x00, 0x2C, 0x00, 0x0B, 0xD0, 0x00, 0xF0, 0x00, 0x1F, 0x80, 0x07, 0x40, 0x00, 0x3F, 0x00, 0x3C,
    0x00, 0x00, 0xBC, 0x00, 0xE0, 0x00, 0x01, 0xF4, 0x0B, 0x40, 0x00, 0x03, 0xF0, 0x3C, 0x00, 0x00,
    0x0F, 0xC0, 0xE0, 0x00, 0x00, 0x2F, 0x4B, 0x00, 0x00, 0x00, 0x7E, 0x3C, 0x00, 0x00, 0x00, 0xFD,
    0xD0, 0x00, 0x00, 0x02, 0xFF, 0x00, 0x00, 0x00, 0x07, 0xF8, 0x00, 0x00, 0x00, 0x0F, 0xD0, 0x00,
    0x00, 0x00, 0x00, 0x00, 0x00, 0x00, 0x2A, 0xA9, 0x00, 0x50, 0x00, 0xAA, 0xA7, 0xFF, 0xE0, 0x2F,
    0x40, 0x0F, 0xFF, 0x0B, 0xD0, 0x01, 0xF8, 0x00, 0x0F, 0x00, 0x7E, 0x00, 0x0F, 0xC0, 0x01, 0xD0,
    0x03, 0xF0, 0x00, 0xFC, 0x00, 0x2C, 0x00, 0x3F, 0x00, 0x0B, 0xD0, 0x03, 0xC0, 0x02, 0xF4, 0x00,
    0xFE, 0x00, 0x78, 0x00, 0x1F, 0x80, 0x1F, 0xF0, 0x0B, 0x40, 0x00, 0xFC, 0x03, 0xFF, 0x00, 0xF0,
    0x00, 0x0F, 0xC0, 0x39, 0xF4, 0x0E, 0x00, 0x00, 0xBD, 0x0B, 0x4F, 0x81, 0xD0, 0x00, 0x07, 0xE0,
    0xF0, 0xFC, 0x2C, 0x00, 0x00, 0x3E, 0x1E, 0x0B, 0xC3, 0x80, 0x00, 0x03, 0xF2, 0xC0, 0x7D, 0x74,
    0x00, 0x00, 0x2F, 0x7C, 0x03, 0xFB, 0x00, 0x00, 0x01, 0xFF, 0x40, 0x3F, 0xF0, 0x00, 0x00, 0x0F,
    0xF0, 0x02, 0xFE, 0x00, 0x00, 0x00, 0xFE, 0x00, 0x0F, 0xC0, 0x00, 0x00, 0x00, 0x00, 0x00, 0x00,
    0x00, 0x00, 0x1A, 0xAA, 0x01, 0xAA, 0x83, 0xFF, 0xF0, 0x2F, 0xFC, 0x03, 0xF4, 0x00, 0x3C, 0x00,
    0x1F, 0xC0, 0x0F, 0x00, 0x00, 0xBE, 0x02, 0xD0, 0x00, 0x03, 0xF0, 0x38, 0x00, 0x00, 0x1F, 0x8F,
    0x00, 0x00, 0x00, 0xFF, 0xC0, 0x00, 0x00, 0x03, 0xF8, 0x00, 0x00, 0x00, 0x2F, 0xC0, 0x00, 0x00,
    0x07, 0xFD, 0x00, 0x00, 0x00, 0xF3, 0xF0, 0x00, 0x00, 0x3C, 0x1F, 0x80, 0x00, 0x0B, 0x40, 0xFD,
    0x00, 0x01, 0xE0, 0x03, 0xF0, 0x00, 0x3C, 0x00, 0x2F, 0x80, 0x2F, 0xD0, 0x06, 0xFE, 0x4B, 0xFF,
    0x40, 0xFF, 0xFD, 0x2A, 0xA9, 0x00, 0xAA, 0x97, 0xFF, 0xD0, 0x1F, 0xFD, 0x0B, 0xE0, 0x00, 0x2D,
    0x00, 0x3F, 0x00, 0x03, 0x80, 0x01, 0xF8, 0x00, 0xB0, 0x00, 0x0F, 0xC0, 0x1E, 0x00, 0x00, 0x7E,
    0x03, 0xC0, 0x00, 0x03, 0xF0, 0x74, 0x00, 0x00, 0x1F, 0x8F, 0x00, 0x00, 0x00, 0xBE, 0xC0, 0x00,
    0x00, 0x03, 0xF8, 0x00, 0x00, 0x00, 0x2F, 0x00, 0x00, 0x00, 0x02, 0xF0, 0x00, 0x00, 0x00, 0x3F,
    0x00, 0x00, 0x00, 0x03, 0xF0, 0x00, 0x00, 0x00, 0x3F, 0x00, 0x00, 0x00, 0x1B, 0xF9, 0x00, 0x00,
    0x03, 0xFF, 0xF0, 0x00, 0x0A, 0xAA, 0xAA, 0x91, 0xFF, 0xFF, 0xFF, 0x2F, 0x00, 0x0B, 0xD2, 0xD0,
    0x01, 0xF8, 0x3C, 0x00, 0x3F, 0x00, 0x00, 0x0F, 0xD0, 0x00, 0x02, 0xF8, 0x00, 0x00, 0x3F, 0x00,
    0x00, 0x0F, 0xD0, 0x00, 0x02, 0xF8, 0x00, 0x00, 0x7F, 0x00, 0x00, 0x0F, 0xC0, 0x00, 0x02, 0xF8,
    0x00, 0x00, 0x7F, 0x00, 0x0E, 0x0F, 0xC0, 0x01, 0xE3, 0xF4, 0x00, 0x3D, 0x7F, 0xAA, 0xAF, 0xDB,
    0xFF, 0xFF, 0xFC, 0x05, 0x50, 0xFF, 0xC3, 0xF0, 0x0F, 0x80, 0x3E, 0x00, 0xF8, 0x03, 0xE0, 0x0F,
    0x80, 0x3D, 0x00, 0xF4, 0x03, 0xD0, 0x0F, 0x40, 0x7D, 0x01, 0xF4, 0x07, 0xC0, 0x1F, 0x00, 0x7C,
    0x01, 0xF0, 0x07, 0xC0, 0x2F, 0x00, 0xBC, 0x02, 0xF0, 0x0B, 0xC0, 0x2F, 0x00, 0xBD, 0x03, 0xFF,
    0x41, 0x54, 0x00, 0x00, 0x00, 0x00, 0xF0, 0x00, 0x02, 0xD0, 0x00, 0x07, 0x80, 0x00, 0x0F, 0x00,
    0x00, 0x2D, 0x00, 0x00, 0x78, 0x00, 0x00, 0xF0, 0x00, 0x02, 0xD0, 0x00, 0x07, 0x80, 0x00, 0x0F,
    0x00, 0x00, 0x2D, 0x00, 0x00, 0x78, 0x00, 0x00, 0xF0, 0x00, 0x02, 0xD0, 0x00, 0x07, 0x80, 0x00,
    0x0F, 0x00, 0x00, 0x2C, 0x00, 0x00, 0x78, 0x00, 0x00, 0xF0, 0x00, 0x02, 0xC0, 0x00, 0x07, 0x80,
    0x00, 0x0F, 0x00, 0x00, 0x2C, 0x05, 0x50, 0x7F, 0xF0, 0x1F, 0xC0, 0x3E, 0x00, 0xF8, 0x03, 0xE0,
    0x0F, 0x80, 0x3E, 0x00, 0xF8, 0x03, 0xD0, 0x0F, 0x40, 0x3D, 0x00, 0xF4, 0x03, 0xD0, 0x1F, 0x40,
    0x7D, 0x01, 0xF0, 0x07, 0xC0, 0x1F, 0x00, 0x7C, 0x02, 0xF0, 0x0B, 0xC0, 0x2F, 0x00, 0xBC, 0x07,
    0xF0, 0xFF, 0xC1, 0x54, 0x00, 0x00, 0x0A, 0x00, 0x00, 0x01, 0xF8, 0x00, 0x00, 0x3F, 0xC0, 0x00,
    0x0F, 0x5F, 0x00, 0x02, 0xE0, 0xB4, 0x00, 0x7C, 0x03, 0xC0, 0x0F, 0x00, 0x1E, 0x02, 0xD0, 0x00,
    0xF4, 0x78, 0x00, 0x03, 0xC1, 0x00, 0x00, 0x10, 0x00, 0x00, 0x00, 0x2F, 0xFF, 0xFF, 0xC6, 0xAA,
    0xAA, 0xA0, 0x04, 0x03, 0xD0, 0x3F, 0x00, 0xBC, 0x01, 0xE0, 0x00, 0x00, 0x00, 0x00, 0x00, 0x1F,
    0xFA, 0xE0, 0x0B, 0xEA, 0xFE, 0x01, 0xF4, 0x03, 0xE0, 0x3F, 0x00, 0x7D, 0x07, 0xD0, 0x0F, 0xD0,
    0xBC, 0x00, 0xFD, 0x0F, 0xC0, 0x1F, 0xD0, 0xFC, 0x02, 0xBD, 0x0F, 0xC0, 0x37, 0xD0, 0xFC, 0x07,
    0x3D, 0x0B, 0xD0, 0xF3, 0xD0, 0x3F, 0xAD, 0x3E, 0x91, 0xFF, 0x43, 0xFD, 0x01, 0x40, 0x04, 0x00,
    0x00, 0x00, 0x00, 0x0B, 0xFC, 0x00, 0x00, 0x1F, 0xC0, 0x00, 0x00, 0xBC, 0x00, 0x00, 0x0B, 0xC0,
    0x00, 0x00, 0xBC, 0x00, 0x00, 0x0B, 0xC0, 0x00, 0x00, 0xBC, 0x1F, 0xE0, 0x0B, 0xC7, 0xFF, 0x80,
    0xBC, 0xE0, 0xFC, 0x0B, 0x9C, 0x07, 0xD0, 0xFA, 0x80, 0x7D, 0x0F, 0x74, 0x07, 0xD0, 0xFB, 0x00,
    0x7D, 0x0F, 0xB0, 0x0B, 0xD0, 0xFE, 0x00, 0xBC, 0x0F, 0xC0, 0x0F, 0x80, 0xFC, 0x02, 0xF0, 0x0F,
    0xE5, 0xFD, 0x00, 0x7F, 0xFF, 0x40, 0x00, 0x05, 0x00, 0x00, 0x00, 0x00, 0x00, 0x07, 0xFE, 0x00,
    0xBE, 0x6F, 0x0B, 0xC0, 0x3D, 0x3E, 0x02, 0xF5, 0xF0, 0x07, 0x8B, 0xC0, 0x00, 0x3F, 0x00, 0x00,
    0xFC, 0x00, 0x03, 0xF0, 0x00, 0x0B, 0xD0, 0x00, 0x0F, 0xC0, 0x2C, 0x2F, 0xEB, 0xD0, 0x2F, 0xFD,
    0x00, 0x05, 0x00, 0x00, 0x00, 0x00, 0x00, 0x00, 0x00, 0x3F, 0xE0, 0x00, 0x01, 0xBE, 0x00, 0x00,
    0x03, 0xE0, 0x00, 0x00, 0x3E, 0x00, 0x00, 0x03, 0xE0, 0x00, 0x00, 0x3E, 0x00, 0x1F, 0xFB, 0xE0,
    0x0B, 0xEA, 0xFD, 0x01, 0xF4, 0x03, 0xD0, 0x3E, 0x00, 0xBD, 0x07, 0xD0, 0x0F, 0xD0, 0xBC, 0x00,
    0xFD, 0x0F, 0xC0, 0x1F, 0xD0, 0xFC, 0x02, 0xBD, 0x0F, 0xC0, 0x37, 0xD0, 0xFC, 0x07, 0x3D, 0x0B,
    0xD0, 0xE3, 0xC0, 0x3F, 0xAC, 0x3E, 0x91, 0xFF, 0x43, 0xFD, 0x01, 0x40, 0x04, 0x00, 0x00, 0x00,
    0x00, 0x07, 0xFE, 0x00, 0xBE, 0x7F, 0x0B, 0xC0, 0xBC, 0x3E, 0x01, 0xF1, 0xF0, 0x0B, 0xCB, 0xC1,
    0xBD, 0x3F, 0xBF, 0x80, 0xFF, 0x90, 0x03, 0xF0, 0x00, 0x0B, 0xD0, 0x00, 0x0F, 0xC0, 0x28, 0x2F,
    0xEB, 0xE0, 0x2F, 0xFD, 0x00, 0x05, 0x00, 0x00, 0x00, 0x00, 0x64, 0x00, 0x00, 0xBF, 0xF4, 0x00,
    0x2E, 0x0B, 0xC0, 0x07, 0xC0, 0xBC, 0x00, 0xBC, 0x07, 0x40, 0x0F, 0xC0, 0x00, 0x00, 0xFC, 0x00,
    0x00, 0xAF, 0xEA, 0x00, 0x0F, 0xFF, 0xF0, 0x00, 0x0F, 0x80, 0x00, 0x00, 0xF8, 0x00, 0x00, 0x0F,
    0x80, 0x00, 0x00, 0xF8, 0x00, 0x00, 0x0F, 0x80, 0x00, 0x00, 0xF8, 0x00, 0x00, 0x0F, 0x40, 0x00,
    0x00, 0xF4, 0x00, 0x00, 0x1F, 0x40, 0x00, 0x01, 0xF0, 0x00, 0x00, 0x1F, 0x00, 0x00, 0x01, 0xF0,
    0x00, 0x00, 0x1E, 0x00, 0x00, 0x02, 0xC0, 0x00, 0x0B, 0xB8, 0x00, 0x00, 0xFF, 0x00, 0x00, 0x06,
    0x80, 0x00, 0x00, 0x00, 0x00, 0x00, 0x01, 0xFF, 0xED, 0x0B, 0xFA, 0xFE, 0x1F, 0x80, 0x3D, 0x3F,
    0x00, 0x7D, 0x7D, 0x00, 0xBD, 0xBC, 0x00, 0xFD, 0xFC, 0x01, 0xFD, 0xFC, 0x02, 0xBD, 0xFC, 0x03,
    0x7C, 0xBC, 0x07, 0x3C, 0x7D, 0x0F, 0x3C, 0x3F, 0xBD, 0x3C, 0x0F, 0xF4, 0x7C, 0x00, 0x00, 0xBC,
    0x28, 0x00, 0xF4, 0xBD, 0x01, 0xF0, 0xBC, 0x03, 0xD0, 0x7F, 0xAF, 0x40, 0x0A, 0xA4, 0x00, 0x00,
    0x00, 0x00, 0x02, 0xFF, 0x00, 0x00, 0x01, 0xBC, 0x00, 0x00, 0x01, 0xF0, 0x00, 0x00, 0x07, 0xC0,
    0x00, 0x00, 0x1F, 0x00, 0x00, 0x00, 0xBC, 0x00, 0x00, 0x02, 0xF0, 0x2F, 0xC0, 0x0B, 0xC3, 0xFF,
    0x80, 0x2F, 0x1D, 0x3F, 0x00, 0xBC, 0xB0, 0xFC, 0x02, 0xE3, 0x83, 0xF0, 0x0B, 0x9C, 0x0F, 0x80,
    0x3D, 0xB0, 0x3E, 0x00, 0xF7, 0x40, 0xF8, 0x03, 0xEC, 0x03, 0xD0, 0x0F, 0xF0, 0x1F, 0x40, 0x3F,
    0x40, 0x7D, 0x00, 0xFC, 0x01, 0xFA, 0x43, 0xF0, 0x03, 0xFD, 0x00, 0x00, 0x01, 0x00, 0x03, 0xD0,
    0x0B, 0xF0, 0x0B, 0xE0, 0x01, 0x80, 0x00, 0x00, 0x00, 0x00, 0x2F, 0xC0, 0x7F, 0xD0, 0x03, 0xE0,
    0x03, 0xD0, 0x07, 0xD0, 0x07, 0xD0, 0x07, 0xC0, 0x07, 0xC0, 0x0B, 0xC0, 0x0B, 0xC0, 0x0B, 0xC0,
    0x0B, 0xDD, 0x07, 0xF8, 0x00, 0x40, 0x00, 0xF4, 0x0B, 0xF0, 0x2F, 0x80, 0x18, 0x00, 0x00, 0x00,
    0x00, 0xBF, 0x03, 0xBE, 0x00, 0xFC, 0x03, 0xE0, 0x0F, 0x80, 0x3E, 0x00, 0xF8, 0x03, 0xE0, 0x0F,
    0x40, 0x3D, 0x00, 0xF4, 0x07, 0xC0, 0x1F, 0x00, 0x7C, 0x01, 0xE0, 0x0B, 0x0B, 0xB8, 0x3F, 0xC0,
    0x68, 0x00, 0x00, 0x00, 0x00, 0x0B, 0xFC, 0x00, 0x00, 0x1B, 0xC0, 0x00, 0x00, 0x7C, 0x00, 0x00,
    0x07, 0xC0, 0x00, 0x00, 0x7C, 0x00, 0x00, 0x0B, 0xC0, 0x00, 0x00, 0xBC, 0x03, 0xE0, 0x0B, 0xC0,
    0x7F, 0x00, 0xBC, 0x02, 0xF0, 0x0B, 0x80, 0x3D, 0x00, 0xB8, 0x2F, 0x40, 0x0F, 0xFF, 0x80, 0x00,
    0xFF, 0xF4, 0x00, 0x0F, 0x8F, 0xC0, 0x00, 0xF8, 0x7D, 0x00, 0x0F, 0x43, 0xF0, 0x00, 0xF4, 0x0F,
    0x80, 0x0F, 0x40, 0xBE, 0x50, 0xF4, 0x03, 0xFD, 0x00, 0x00, 0x05, 0x00, 0x00, 0x00, 0xBF, 0xC0,
    0x1B, 0xC0, 0x07, 0xC0, 0x07, 0xC0, 0x07, 0xC0, 0x0B, 0xC0, 0x0B, 0xC0, 0x0B, 0xC0, 0x0B, 0xC0,
    0x0B, 0xC0, 0x0B, 0xC0, 0x0F, 0xC0, 0x0F, 0xC0, 0x0F, 0x80, 0x0F, 0x80, 0x0F, 0x80, 0x0F, 0x80,
    0x0F, 0xDC, 0x0B, 0xF8, 0x01, 0x40, 0x00, 0x00, 0x00, 0x00, 0x00, 0x01, 0xFE, 0x03, 0xF8, 0x07,
    0xF4, 0x0B, 0xFC, 0x3F, 0xF4, 0x7F, 0xF0, 0x01, 0xF1, 0xD3, 0xD3, 0xCB, 0xC0, 0x07, 0xCB, 0x0F,
    0x4D, 0x1F, 0x00, 0x1F, 0x38, 0x3D, 0x70, 0x7C, 0x00, 0xBD, 0xC0, 0xF3, 0x82, 0xF0, 0x02, 0xEB,
    0x03, 0xCD, 0x0B, 0xC0, 0x0B, 0xB8, 0x0F, 0x70, 0x3F, 0x00, 0x2E, 0xC0, 0x3F, 0x80, 0xFC, 0x00,
    0xBF, 0x01, 0xFD, 0x03, 0xE0, 0x02, 0xF8, 0x07, 0xF0, 0x0F, 0x80, 0x0B, 0xD0, 0x1F, 0x80, 0x3F,
    0x60, 0x3F, 0x00, 0xBC, 0x00, 0xFF, 0x80, 0x00, 0x00, 0x00, 0x00, 0x50, 0x00, 0x00, 0x00, 0x00,
    0x01, 0xFE, 0x02, 0xFC, 0x0B, 0xFC, 0x2F, 0xFC, 0x01, 0xF0, 0xE2, 0xF0, 0x07, 0xC7, 0x0B, 0xC0,
    0x1F, 0x38, 0x2F, 0x00, 0xBC, 0xD0, 0xBC, 0x02, 0xE7, 0x03, 0xF0, 0x0B, 0xB8, 0x0F, 0xC0, 0x2E,
    0xD0, 0x3E, 0x00, 0xBF, 0x00, 0xF8, 0x02, 0xF8, 0x03, 0xE0, 0x0B, 0xD0, 0x0F, 0xD8, 0x3F, 0x00,
    0x3F, 0xD0, 0x00, 0x00, 0x14, 0x00, 0x00, 0x00, 0x00, 0x01, 0xFF, 0x80, 0x0F, 0xEB, 0xF0, 0x2F,
    0x00, 0xFC, 0x3E, 0x00, 0x7D, 0xBC, 0x00, 0x3E, 0xBC, 0x00, 0x3E, 0xFC, 0x00, 0x3E, 0xFC, 0x00,
    0x3E, 0xBC, 0x00, 0x7D, 0xBD, 0x00, 0xBC, 0x3E, 0x00, 0xF8, 0x2F, 0x97, 0xF0, 0x07, 0xFF, 0x80,
    0x00, 0x54, 0x00, 0x00, 0x00, 0x00, 0x07, 0xF8, 0x0F, 0xF0, 0xBF, 0xC3, 0xFF, 0xC0, 0x7C, 0xB0,
    0x7D, 0x07, 0xCD, 0x03, 0xE0, 0x7D, 0xC0, 0x3F, 0x07, 0xEC, 0x03, 0xF0, 0xBB, 0x40, 0x3F, 0x0B,
    0xB0, 0x03, 0xE0, 0xBF, 0x00, 0x7D, 0x0B, 0xE0, 0x0B, 0xC0, 0xBD, 0x01, 0xF8, 0x0B, 0xE5, 0xBE,
    0x00, 0xBF, 0xFF, 0x80, 0x0F, 0x81, 0x40, 0x00, 0xF8, 0x00, 0x00, 0x0F, 0x80, 0x00, 0x00, 0xF4,
    0x00, 0x00, 0x0F, 0xF8, 0x00, 0x00, 0xAA, 0x40, 0x00, 0x00, 0x00, 0x00, 0x00, 0x1F, 0xFE, 0xD0,
    0x0B, 0xEA, 0xFD, 0x01, 0xF4, 0x03, 0xD0, 0x3E, 0x00, 0x7D, 0x07, 0xD0, 0x0F, 0xD0, 0xBC, 0x00,
    0xFD, 0x0F, 0xC0, 0x1F, 0xC0, 0xFC, 0x02, 0xBC, 0x0F, 0xC0, 0x37, 0xC0, 0xBC, 0x07, 0x3C, 0x07,
    0xD0, 0xE3, 0xC0, 0x3F, 0xAD, 0x7C, 0x01, 0xFF, 0x47, 0xC0, 0x01, 0x40, 0x7C, 0x00, 0x00, 0x07,
    0xC0, 0x00, 0x00, 0xBC, 0x00, 0x00, 0x0B, 0xC4, 0x00, 0x00, 0x7F, 0xC0, 0x00, 0x02, 0x90, 0x00,
    0x00, 0x00, 0x7F, 0x81, 0xF8, 0xBF, 0xC3, 0xFD, 0x07, 0xCB, 0x7C, 0x07, 0xCD, 0x04, 0x07, 0xDC,
    0x00, 0x0B, 0xF8, 0x00, 0x0B, 0xF0, 0x00, 0x0B, 0xE0, 0x00, 0x0B, 0xD0, 0x00, 0x0B, 0xC0, 0x00,
    0x0F, 0xC0, 0x00, 0x0F, 0x80, 0x00, 0x0F, 0x80, 0x00, 0x00, 0x00, 0x00, 0x07, 0xFF, 0x40, 0x7D,
    0x6F, 0x03, 0xC0, 0x3D, 0x1F, 0x00, 0xA0, 0x3F, 0x40, 0x00, 0xFF, 0xD0, 0x00, 0xBF, 0xE0, 0x00,
    0x2F, 0xE0, 0x00, 0x0F, 0xC0, 0x40, 0x0F, 0x0F, 0x80, 0x3C, 0x3F, 0x47, 0xE0, 0x3F, 0xFD, 0x00,
    0x05, 0x00, 0x00, 0x00, 0xE0, 0x00, 0x1E, 0x00, 0x02, 0xE0, 0x00, 0x3E, 0x00, 0x2F, 0xFA, 0x83,
    0xFF, 0xFC, 0x07, 0xD0, 0x00, 0x7D, 0x00, 0x07, 0xD0, 0x00, 0x7D, 0x00, 0x07, 0xC0, 0x00, 0x7C,
    0x00, 0x0B, 0xC0, 0x00, 0xBC, 0x00, 0x0B, 0xC0, 0x50, 0x7F, 0xAE, 0x02, 0xFF, 0x80, 0x01, 0x40,
    0x00, 0x00, 0x00, 0x00, 0xBF, 0x00, 0x2E, 0x07, 0xFD, 0x00, 0xFC, 0x00, 0xF4, 0x07, 0xF0, 0x07,
    0xD0, 0x3F, 0xC0, 0x1F, 0x40, 0xEF, 0x00, 0x7C, 0x07, 0x78, 0x02, 0xF0, 0x3A, 0xE0, 0x0B, 0xC0,
    0xDB, 0x80, 0x2F, 0x07, 0x3E, 0x00, 0xFC, 0x3C, 0xF8, 0x03, 0xF1, 0xD3, 0xE0, 0x0B, 0xFF, 0x0F,
    0xE8, 0x0F, 0xF0, 0x2F, 0xE0, 0x05, 0x00, 0x14, 0x00, 0x00, 0x00, 0x00, 0x1F, 0xE0, 0x0F, 0x8B,
    0xFC, 0x07, 0xF4, 0x2F, 0x00, 0x7D, 0x0B, 0xC0, 0x0B, 0x42, 0xF0, 0x02, 0xD0, 0xBC, 0x00, 0xB0,
    0x2F, 0x00, 0x3C, 0x0B, 0xC0, 0x0E, 0x03, 0xF0, 0x07, 0x40, 0xFC, 0x03, 0xC0, 0x3F, 0x02, 0xD0,
    0x0B, 0xEB, 0xE0, 0x00, 0xFF, 0xD0, 0x00, 0x01, 0x40, 0x00, 0x00, 0x00, 0x00, 0x00, 0x01, 0xFE,
    0x00, 0x68, 0x07, 0xDB, 0xFC, 0x02, 0xF0, 0x3F, 0xC2, 0xF0, 0x0B, 0xC0, 0x7F, 0x0B, 0xC0, 0x2F,
    0x00, 0x3C, 0x2F, 0x00, 0xBC, 0x00, 0xF0, 0xBC, 0x02, 0xF0, 0x03, 0x82, 0xF0, 0x0B, 0xC0, 0x1D,
    0x0B, 0xC0, 0x3E, 0x00, 0xB0, 0x3F, 0x00, 0xF8, 0x03, 0xC0, 0xFC, 0x07, 0xD0, 0x2D, 0x03, 0xF0,
    0x3F, 0x80, 0xF0, 0x07, 0xEB, 0xDF, 0xAF, 0x00, 0x0F, 0xFD, 0x2F, 0xF0, 0x00, 0x01, 0x40, 0x04,
    0x00, 0x00, 0x00, 0x00, 0x00, 0x02, 0xFD, 0x01, 0xF0, 0x7F, 0xF0, 0x2F, 0x80, 0x2F, 0x40, 0xF4,
    0x00, 0xFC, 0x1E, 0x00, 0x0B, 0xDB, 0x80, 0x00, 0x3F, 0xD0, 0x00, 0x03, 0xF4, 0x00, 0x00, 0xFF,
    0x80, 0x00, 0x3C, 0xFC, 0x00, 0x1F, 0x07, 0xE0, 0x03, 0xC0, 0x3F, 0x00, 0x3E, 0x01, 0xFD, 0x83,
    0xF0, 0x0B, 0xFC, 0x04, 0x00, 0x04, 0x00, 0x00, 0x00, 0x00, 0x1F, 0xE0, 0x0B, 0xCB, 0xFC, 0x03,
    0xF8, 0x1F, 0x00, 0x7E, 0x07, 0xC0, 0x07, 0x41, 0xF0, 0x02, 0xC0, 0x7C, 0x00, 0xE0, 0x1F, 0x40,
    0xB4, 0x03, 0xD0, 0x3C, 0x00, 0xF8, 0x1D, 0x00, 0x3F, 0x0F, 0x00, 0x0B, 0xC3, 0x80, 0x00, 0xFF,
    0xC0, 0x00, 0x1F, 0xE0, 0x00, 0x00, 0xB0, 0x00, 0x00, 0x3C, 0x00, 0x28, 0x1D, 0x00, 0x0F, 0x4F,
    0x00, 0x03, 0xFF, 0x00, 0x00, 0x6A, 0x00, 0x00, 0x2A, 0xAA, 0xA5, 0xFF, 0xFF, 0xD7, 0xD5, 0x6E,
    0x1C, 0x00, 0xF0, 0x60, 0x0F, 0x00, 0x00, 0xF0, 0x00, 0x0B, 0x40, 0x00, 0x78, 0x00, 0x07, 0x80,
    0x24, 0x3C, 0x01, 0xD3, 0xD0, 0x0F, 0x2F, 0xFF, 0xFC, 0xBF, 0xFF, 0xF0, 0x00, 0x00, 0x00, 0x00,
    0x19, 0x00, 0x7F, 0xC0, 0x3F, 0x00, 0x0F, 0x80, 0x03, 0xE0, 0x00, 0xF8, 0x00, 0x3E, 0x00, 0x0F,
    0x80, 0x03, 0xF0, 0x00, 0xFC, 0x00, 0x3F, 0x00, 0x0F, 0x40, 0x2F, 0x80, 0x1F, 0x80, 0x00, 0xBC,
    0x00, 0x0F, 0x40, 0x03, 0xD0, 0x00, 0xF4, 0x00, 0x3D, 0x00, 0x1F, 0x40, 0x07, 0xC0, 0x02, 0xF0,
    0x00, 0xBC, 0x00, 0x3F, 0x00, 0x0B, 0xC0, 0x01, 0xFF, 0x00, 0x0A, 0x80, 0x00, 0xF3, 0x8E, 0x38,
    0xE3, 0x8E, 0x79, 0xE7, 0x5D, 0x75, 0xD7, 0x6D, 0xB6, 0xCB, 0x2C, 0xB2, 0xCF, 0x2C, 0x06, 0x40,
    0x07, 0xFC, 0x00, 0x0F, 0x80, 0x03, 0xE0, 0x00, 0xF8, 0x00, 0x3E, 0x00, 0x1F, 0x40, 0x07, 0xC0,
    0x01, 0xF0, 0x00, 0xBC, 0x00, 0x2F, 0x00, 0x07, 0xC0, 0x00, 0xFD, 0x00, 0x0B, 0xC0, 0x0F, 0x90,
    0x0B, 0xC0, 0x03, 0xE0, 0x00, 0xF8, 0x00, 0x3F, 0x00, 0x0F, 0xC0, 0x02, 0xF0, 0x00, 0xBC, 0x00,
    0x2F, 0x00, 0x0B, 0xC0, 0x03, 0xF0, 0x0F, 0xF4, 0x02, 0xA4, 0x00, 0x00, 0x00, 0x00, 0x07, 0xFA,
    0x43, 0xC3, 0xFF, 0xFF, 0xE1, 0xD0, 0x5B, 0xE0, 0x00, 0x00, 0x00, 0x00, 0x00, 0x00, 0xBC, 0x0F,
    0xE0, 0xFD, 0x01, 0x40, 0x00, 0x03, 0x00, 0x34, 0x07, 0x40, 0x74, 0x07, 0x40, 0xB4, 0x0B, 0x40,
    0xF4, 0x0F, 0x41, 0xF4, 0x2F, 0x43, 0xF4, 0x3F, 0x00, 0x00, 0x00, 0x00, 0x00, 0x00, 0x18, 0x00,
    0x00, 0xA0, 0x00, 0xBF, 0xF4, 0x0F, 0xDE, 0xF0, 0xBC, 0x33, 0xD3, 0xE1, 0xEF, 0x5F, 0x4A, 0x28,
    0xBC, 0x24, 0x03, 0xF0, 0xD0, 0x0F, 0xC3, 0x00, 0x2F, 0x1C, 0x00, 0x7D, 0x60, 0x10, 0xFF, 0x83,
    0xC1, 0xFF, 0xFD, 0x01, 0xFF, 0x80, 0x00, 0xC0, 0x00, 0x06, 0x00, 0x00, 0x00, 0x0B, 0xF9, 0x00,
    0x01, 0xFE, 0xBE, 0x00, 0x1F, 0x80, 0x7D, 0x00, 0xFC, 0x01, 0xF8, 0x07, 0xE0, 0x0B, 0xD0, 0x2F,
    0x40, 0x00, 0x00, 0xBD, 0x00, 0x00, 0x02, 0xF4, 0x00, 0x00, 0x2F, 0xFA, 0xA8, 0x00, 0xAF, 0xEA,
    0xA0, 0x00, 0x2F, 0x00, 0x00, 0x00, 0x7C, 0x00, 0x00, 0x00, 0xF4, 0x02, 0x40, 0x01, 0xE0, 0x0F,
    0xC0, 0x03, 0xC0, 0x0B, 0x40, 0x1B, 0x80, 0x1E, 0x07, 0xFF, 0xF9, 0xF8, 0x3D, 0x06, 0xFF, 0xC0,
    0x00, 0x00, 0x14, 0x00, 0x00, 0x00, 0x00, 0x38, 0x15, 0x1E, 0x2F, 0xFF, 0xFC, 0x0F, 0xC1, 0xF4,
    0x0F, 0x00, 0xB8, 0x1F, 0x00, 0xBC, 0x1F, 0x00, 0xBC, 0x1F, 0x00, 0xB8, 0x0F, 0x81, 0xF0, 0x2F,
    0xFF, 0xF8, 0x7D, 0x69, 0x3D, 0x10, 0x00, 0x08, 0x2A, 0xA9, 0x00, 0xAA, 0x97, 0xFF, 0xD0, 0x1F,
    0xFD, 0x0B, 0xE0, 0x00, 0x2D, 0x00, 0x3F, 0x00, 0x03, 0x80, 0x01, 0xF8, 0x00, 0xB0, 0x00, 0x0F,
    0xC0, 0x1E, 0x00, 0x00, 0x7E, 0x03, 0xC0, 0x00, 0x03, 0xF0, 0x74, 0x00, 0x0B, 0xFF, 0x8F, 0xFD,
    0x00, 0xAA, 0xFE, 0xEA, 0x90, 0x00, 0x03, 0xF8, 0x00, 0x00, 0xFF, 0xFF, 0xFF, 0xD0, 0x0A, 0xAB,
    0xFA, 0xA8, 0x00, 0x00, 0x3F, 0x00, 0x00, 0x00, 0x03, 0xF0, 0x00, 0x00, 0x00, 0x3F, 0x00, 0x00,
    0x00, 0x1B, 0xF9, 0x00, 0x00, 0x03, 0xFF, 0xF0, 0x00, 0x00, 0xF3, 0xCE, 0x38, 0xE3, 0x8E, 0x79,
    0xE0, 0x00, 0x00, 0x07, 0x6D, 0xB6, 0xCB, 0x2C, 0xB2, 0xCF, 0x2C, 0x00, 0x6F, 0x90, 0x00, 0xBE,
    0xBE, 0x00, 0xBC, 0x0B, 0xC0, 0x3D, 0x03, 0xF0, 0x0F, 0x40, 0x68, 0x03, 0xF0, 0x00, 0x00, 0xBF,
    0x40, 0x00, 0x0B, 0xF8, 0x00, 0x34, 0x7F, 0xD0, 0x1E, 0x02, 0xFF, 0x07, 0xD0, 0x0F, 0xE0, 0xFE,
    0x00, 0xBC, 0x1F, 0xF4, 0x0F, 0x00, 0xFF, 0xC2, 0x80, 0x07, 0xFD, 0x00, 0x00, 0x2F, 0xC0, 0x00,
    0x01, 0xF8, 0x02, 0x80, 0x3E, 0x02, 0xF4, 0x0B, 0x40, 0xBC, 0x03, 0xC0, 0x0F, 0xEB, 0xD0, 0x00,
    0xBF, 0x80, 0x00, 0x2D, 0x07, 0x47, 0xF0, 0xFC, 0x7F, 0x0F, 0xC1, 0x80, 0x60, 0x00, 0x00, 0x54,
    0x00, 0x00, 0x02, 0xFF, 0xFD, 0x00, 0x01, 0xF8, 0x01, 0xBC, 0x00, 0x78, 0x00, 0x01, 0xF0, 0x0E,
    0x02, 0xFE, 0x07, 0x82, 0xC0, 0xF0, 0x3C, 0x2C, 0x38, 0x3C, 0x03, 0xC0, 0xE7, 0x43, 0xC0, 0x14,
    0x0E, 0x74, 0x78, 0x00, 0x00, 0xF7, 0x07, 0x80, 0x00, 0x0E, 0x74, 0x78, 0x00, 0x00, 0xE3, 0x83,
    0xC0, 0x00, 0x1D, 0x3C, 0x1F, 0x07, 0x82, 0xC1, 0xE0, 0x7F, 0xE0, 0x78, 0x0B, 0x80, 0x00, 0x1F,
    0x00, 0x2F, 0x90, 0x1F, 0x80, 0x00, 0x7F, 0xFF, 0x90, 0x00, 0x00, 0x05, 0x00, 0x00, 0x01, 0x95,
    0x40, 0x2F, 0xBF, 0x02, 0xE0, 0x7C, 0x0F, 0x02, 0xF0, 0x78, 0x0F, 0x82, 0xE0, 0x3E, 0x0B, 0x82,
    0xB8, 0x1E, 0x0D, 0xE0, 0x3E, 0xE3, 0xE0, 0x7E, 0x0F, 0x80, 0x00, 0x20, 0x08, 0x00, 0xF0, 0x3C,
    0x03, 0xC0, 0xF0, 0x1F, 0x47, 0xD0, 0x7E, 0x1F, 0x80, 0xFC, 0x2F, 0x00, 0x3F, 0x0F, 0xC0, 0x0F,
    0x83, 0xE0, 0x03, 0xC0, 0xF4, 0x00, 0xF0, 0x3C, 0x00, 0x10, 0x04, 0x15, 0x55, 0x54, 0x3F, 0xFF,
    0xFE, 0x2A, 0xAA, 0xBE, 0x00, 0x00, 0x2D, 0x00, 0x00, 0x2D, 0x00, 0x00, 0x2D, 0x00, 0x00, 0x04,
    0x00, 0x00, 0x00, 0x7F, 0xE0, 0x1D, 0x5B, 0xC3, 0xDB, 0x2E, 0x7D, 0xB3, 0xFB, 0xD8, 0xFF, 0x7D,
    0xA3, 0xF3, 0xC7, 0x2D, 0x2F, 0xFE, 0xC0, 0x7F, 0xE0, 0x00, 0x00, 0x00, 0xBF, 0xFD, 0xFF, 0xFD,
    0x00, 0x00, 0x06, 0x80, 0xFF, 0xCB, 0x03, 0xAC, 0x0E, 0xB4, 0x74, 0xFF, 0x80, 0x50, 0x00, 0x00,
    0x04, 0x00, 0x00, 0x2D, 0x00, 0x00, 0x2D, 0x00, 0x00, 0x2D, 0x00, 0x2A, 0xBF, 0xA9, 0x3F, 0xFF,
    0xFE, 0x15, 0x7D, 0x54, 0x00, 0x3C, 0x00, 0x00, 0x3C, 0x00, 0x00, 0x3C, 0x00, 0x00, 0x00, 0x00,
    0x00, 0x00, 0x00, 0x7F, 0xFF, 0xFD, 0x7F, 0xFF, 0xFD, 0x0B, 0xF8, 0x1E, 0x5F, 0xCF, 0x00, 0xF6,
    0xE0, 0x3D, 0x00, 0x0F, 0x00, 0x0F, 0x40, 0x0B, 0x80, 0x0B, 0x40, 0x0B, 0x42, 0x8B, 0x41, 0xDB,
    0xFF, 0xF5, 0xAA, 0xA8, 0x0B, 0xF8, 0x0F, 0x4B, 0xC7, 0xC0, 0xF0, 0xA0, 0x3C, 0x00, 0x2D, 0x00,
    0xFE, 0x00, 0x16, 0xF0, 0x00, 0x3E, 0x10, 0x0B, 0xBE, 0x03, 0xDF, 0x97, 0xE0, 0xBF, 0x80, 0x00,
    0x40, 0x2F, 0x07, 0xE0, 0xF4, 0x38, 0x01, 0x00, 0x1F, 0x40, 0x3E, 0x01, 0xF4, 0x03, 0xE0, 0x2F,
    0x40, 0x7D, 0x02, 0xF0, 0x07, 0xD0, 0x2F, 0x00, 0x7C, 0x03, 0xF0, 0x07, 0xC0, 0x3F, 0x00, 0xBC,
    0x03, 0xE0, 0x0B, 0xC0, 0x3E, 0x00, 0xFC, 0x03, 0xE0, 0x0F, 0xC0, 0x3E, 0x02, 0xFC, 0x03, 0xFE,
    0xF7, 0xE9, 0x3F, 0xFD, 0x2F, 0xE3, 0xD1, 0x00, 0x50, 0x3E, 0x00, 0x00, 0x03, 0xE0, 0x00, 0x00,
    0x3E, 0x00, 0x00, 0x03, 0xF0, 0x00, 0x00, 0x29, 0x00, 0x00, 0x00, 0x00, 0x14, 0x2A, 0x80, 0x3F,
    0xC7, 0xFC, 0x0F, 0xFC, 0xBC, 0x02, 0xFF, 0xCB, 0xC0, 0x3F, 0xFC, 0xBC, 0x07, 0xFF, 0xCB, 0xC0,
    0x7F, 0xFC, 0xBC, 0x07, 0xFF, 0xCB, 0xC0, 0x3F, 0xFC, 0xFC, 0x03, 0xFF, 0x8F, 0x80, 0x1F, 0xF8,
    0xF8, 0x00, 0x7F, 0x8F, 0x80, 0x00, 0x54, 0xF8, 0x00, 0x00, 0x0F, 0x80, 0x00, 0x00, 0xF8, 0x00,
    0x00, 0x0F, 0x40, 0x00, 0x00, 0xF4, 0x00, 0x00, 0x0F, 0x00, 0x00, 0x00, 0xF0, 0x00, 0x00, 0x0E,
    0x00, 0x00, 0x01, 0xD0, 0x00, 0x0B, 0xBC, 0x00, 0x00, 0xBF, 0x00, 0x00, 0x02, 0x80, 0x00, 0x19,
    0x1F, 0xDB, 0xF9, 0xFC, 0x00, 0x00, 0x01, 0x00, 0x2C, 0x00, 0xF8, 0x01, 0xBC, 0x00, 0xF0, 0xAF,
    0x82, 0xF4, 0x00, 0x6B, 0xC1, 0xBF, 0x00, 0x7C, 0x01, 0xE0, 0x07, 0x80, 0x1E, 0x00, 0xB8, 0x02,
    0xE0, 0x0B, 0x80, 0x2D, 0x0A, 0xFE, 0x2A, 0xA9, 0x01, 0x64, 0x00, 0xFF, 0xF0, 0x2E, 0x0B, 0x83,
    0xC0, 0x3C, 0x7C, 0x03, 0xC7, 0xC0, 0x3C, 0x7C, 0x03, 0xC3, 0xC0, 0xB8, 0x2F, 0x6F, 0x00, 0x7F,
    0x80, 0x20, 0x08, 0x00, 0x3C, 0x0F, 0x00, 0x1F, 0x07, 0xC0, 0x0B, 0xC2, 0xF0, 0x03, 0xF0, 0xFC,
    0x01, 0xF4, 0x7D, 0x03, 0xF0, 0xFC, 0x0F, 0x83, 0xE0, 0x2D, 0x0B, 0x40, 0x74, 0x1D, 0x00, 0x10,
    0x04, 0x00, 0x2B, 0xC0, 0x00, 0x02, 0xC0, 0x02, 0xBC, 0x00, 0x00, 0x3C, 0x00, 0x03, 0xC0, 0x00,
    0x0F, 0x00, 0x00, 0x3C, 0x00, 0x01, 0xE0, 0x00, 0x03, 0xC0, 0x00, 0x3C, 0x00, 0x00, 0x7C, 0x00,
    0x0B, 0x40, 0x00, 0x07, 0xC0, 0x00, 0xF0, 0x0A, 0x40, 0x7C, 0x00, 0x2D, 0x03, 0xF4, 0x07, 0x80,
    0x03, 0xC0, 0xBF, 0x40, 0x78, 0x00, 0xF0, 0x1D, 0xF0, 0x6F, 0xE4, 0x1E, 0x03, 0x8F, 0x06, 0xAA,
    0x43, 0xC0, 0xB0, 0xF0, 0x00, 0x00, 0xB4, 0x1C, 0x0F, 0x00, 0x00, 0x0F, 0x03, 0x40, 0xF0, 0x00,
    0x02, 0xD0, 0xBF, 0xFF, 0xE0, 0x00, 0x3C, 0x06, 0xAA, 0xFA, 0x00, 0x0F, 0x00, 0x00, 0x0F, 0x00,
    0x01, 0xE0, 0x00, 0x00, 0xA0, 0x00, 0x04, 0x00, 0x00, 0x00, 0x00, 0x2B, 0xC0, 0x00, 0x03, 0x80,
    0x01, 0xBF, 0x00, 0x00, 0x2D, 0x00, 0x00, 0x3C, 0x00, 0x01, 0xE0, 0x00, 0x01, 0xF0, 0x00, 0x0F,
    0x00, 0x00, 0x07, 0xC0, 0x00, 0x78, 0x00, 0x00, 0x1F, 0x00, 0x03, 0xC0, 0x00, 0x00, 0x78, 0x00,
    0x2D, 0x1F, 0xE4, 0x01, 0xE0, 0x00, 0xF3, 0xD1, 0xF4, 0x0B, 0x80, 0x0B, 0x4F, 0x02, 0xF0, 0x2E,
    0x00, 0x7C, 0x3C, 0x07, 0xC6, 0xFE, 0x43, 0xC0, 0x00, 0x2E, 0x2A, 0xA9, 0x1E, 0x00, 0x00, 0xF0,
    0x00, 0x00, 0xF0, 0x00, 0x0F, 0x00, 0x00, 0x0B, 0x40, 0x00, 0xF0, 0x00, 0x00, 0x3C, 0x00, 0x0F,
    0x03, 0x00, 0x02, 0xD0, 0x00, 0xE0, 0x2C, 0x00, 0x1F, 0x00, 0x0F, 0xFF, 0xF0, 0x00, 0xF0, 0x00,
    0x2A, 0xAA, 0x80, 0x01, 0x00, 0x00, 0x00, 0x00, 0x00, 0x07, 0xFD, 0x00, 0x00, 0x74, 0x00, 0xB8,
    0x7E, 0x00, 0x03, 0xC0, 0x03, 0xD0, 0x7C, 0x00, 0x2D, 0x00, 0x06, 0x42, 0xE0, 0x00, 0xF0, 0x00,
    0x00, 0x1F, 0x00, 0x0B, 0x40, 0x00, 0x07, 0xF4, 0x00, 0x78, 0x00, 0x00, 0x05, 0xF8, 0x03, 0xC0,
    0x68, 0x00, 0x00, 0xF0, 0x1E, 0x03, 0xF0, 0x14, 0x03, 0xC0, 0xF0, 0x3F, 0xC1, 0xF0, 0x2F, 0x0B,
    0x42, 0xDF, 0x03, 0xD6, 0xF0, 0x3C, 0x1D, 0x3C, 0x07, 0xFD, 0x02, 0xD0, 0xE1, 0xF0, 0x00, 0x00,
    0x1E, 0x0B, 0x07, 0xC0, 0x00, 0x00, 0xF0, 0x70, 0x1F, 0x00, 0x00, 0x07, 0x83, 0xFF, 0xFF, 0x80,
    0x00, 0x3C, 0x0A, 0xAB, 0xF9, 0x00, 0x02, 0xD0, 0x00, 0x07, 0x80, 0x00, 0x0F, 0x00, 0x00, 0x19,
    0x00, 0x00, 0x10, 0x00, 0x00, 0x00, 0x00, 0x00, 0x00, 0x00, 0x00, 0x3F, 0x00, 0x00, 0xBF, 0x40,
    0x00, 0x7F, 0x00, 0x00, 0x14, 0x00, 0x00, 0x00, 0x00, 0x00, 0x1D, 0x00, 0x00, 0x0D, 0x00, 0x00,
    0x0E, 0x00, 0x00, 0x2F, 0x00, 0x02, 0xFF, 0x00, 0x0F, 0xF8, 0x00, 0x2F, 0xC0, 0x00, 0x3F, 0x00,
    0x00, 0x3E, 0x00, 0xB8, 0x3E, 0x00, 0xFC, 0x3F, 0x00, 0x7C, 0x1F, 0xD1, 0xF4, 0x07, 0xFF, 0x80,
    0x00, 0x00, 0x00, 0x00, 0x00, 0x00, 0x00, 0x00, 0x00, 0xB4, 0x00, 0x00, 0x00, 0x0F, 0xE0, 0x00,
    0x00, 0x00, 0x2F, 0x80, 0x00, 0x00, 0x00, 0x2E, 0x00, 0x00, 0x00, 0x00, 0x00, 0x00, 0x00, 0x00,
    0x68, 0x00, 0x00, 0x00, 0x1F, 0xD0, 0x00, 0x00, 0x02, 0xFE, 0x00, 0x00, 0x00, 0x3B, 0xF0, 0x00,
    0x00, 0x07, 0x6F, 0x00, 0x00, 0x00, 0xB1, 0xF4, 0x00, 0x00, 0x0E, 0x0F, 0xC0, 0x00, 0x01, 0xC0,
    0xFC, 0x00, 0x00, 0x3C, 0x0B, 0xD0, 0x00, 0x03, 0x80, 0x7E, 0x00, 0x00, 0xB5, 0x57, 0xF0, 0x00,
    0x0F, 0xFF, 0xFF, 0x00, 0x01, 0xE5, 0x56, 0xF4, 0x00, 0x2C, 0x00, 0x1F, 0x80, 0x03, 0xC0, 0x00,
    0xFC, 0x00, 0x74, 0x00, 0x0B, 0xD0, 0x1F, 0x90, 0x01, 0xFF, 0x4B, 0xFF, 0x40, 0xBF, 0xFE, 0x00,
    0x00, 0x00, 0x00, 0x00, 0x00, 0x00, 0x7C, 0x00, 0x00, 0x00, 0x1F, 0xC0, 0x00, 0x00, 0x0B, 0xE0,
    0x00, 0x00, 0x01, 0xE0, 0x00, 0x00, 0x00, 0x00, 0x00, 0x00, 0x00, 0x00, 0x68, 0x00, 0x00, 0x00,
    0x1F, 0xD0, 0x00, 0x00, 0x02, 0xFE, 0x00, 0x00, 0x00, 0x3B, 0xF0, 0x00, 0x00, 0x07, 0x6F, 0x00,
    0x00, 0x00, 0xB1, 0xF4, 0x00, 0x00, 0x0E, 0x0F, 0xC0, 0x00, 0x01, 0xC0, 0xFC, 0x00, 0x00, 0x3C,
    0x0B, 0xD0, 0x00, 0x03, 0x80, 0x7E, 0x00, 0x00, 0xB5, 0x57, 0xF0, 0x00, 0x0F, 0xFF, 0xFF, 0x00,
    0x01, 0xE5, 0x56, 0xF4, 0x00, 0x2C, 0x00, 0x1F, 0x80, 0x03, 0xC0, 0x00, 0xFC, 0x00, 0x74, 0x00,
    0x0B, 0xD0, 0x1F, 0x90, 0x01, 0xFF, 0x4B, 0xFF, 0x40, 0xBF, 0xFE, 0x00, 0x00, 0x10, 0x00, 0x00,
    0x00, 0x0B, 0xC0, 0x00, 0x00, 0x02, 0xFF, 0x00, 0x00, 0x00, 0xBD, 0xBC, 0x00, 0x00, 0x1D, 0x01,
    0xE0, 0x00, 0x00, 0x00, 0x00, 0x00, 0x00, 0x00, 0x68, 0x00, 0x00, 0x00, 0x1F, 0xD0, 0x00, 0x00,
    0x02, 0xFE, 0x00, 0x00, 0x00, 0x3B, 0xF0, 0x00, 0x00, 0x07, 0x6F, 0x00, 0x00, 0x00, 0xB1, 0xF4,
    0x00, 0x00, 0x0E, 0x0F, 0xC0, 0x00, 0x01, 0xC0, 0xFC, 0x00, 0x00, 0x3C, 0x0B, 0xD0, 0x00, 0x03,
    0x80, 0x7E, 0x00, 0x00, 0xB5, 0x57, 0xF0, 0x00, 0x0F, 0xFF, 0xFF, 0x00, 0x01, 0xE5, 0x56, 0xF4,
    0x00, 0x2C, 0x00, 0x1F, 0x80, 0x03, 0xC0, 0x00, 0xFC, 0x00, 0x74, 0x00, 0x0B, 0xD0, 0x1F, 0x90,
    0x01, 0xFF, 0x4B, 0xFF, 0x40, 0xBF, 0xFE, 0x00, 0x02, 0x80, 0x00, 0x00, 0x00, 0xFF, 0xDB, 0x00,
    0x00, 0x1D, 0xBF, 0xC0, 0x00, 0x00, 0x00, 0xA4, 0x00, 0x00, 0x00, 0x00, 0x00, 0x00, 0x00, 0x06,
    0x80, 0x00, 0x00, 0x01, 0xFD, 0x00, 0x00, 0x00, 0x2F, 0xE0, 0x00, 0x00, 0x03, 0xBF, 0x00, 0x00,
    0x00, 0x76, 0xF0, 0x00, 0x00, 0x0B, 0x1F, 0x40, 0x00, 0x00, 0xE0, 0xFC, 0x00, 0x00, 0x1C, 0x0F,
    0xC0, 0x00, 0x03, 0xC0, 0xBD, 0x00, 0x00, 0x38, 0x07, 0xE0, 0x00, 0x0B, 0x55, 0x7F, 0x00, 0x00,
    0xFF, 0xFF, 0xF0, 0x00, 0x1E, 0x55, 0x6F, 0x40, 0x02, 0xC0, 0x01, 0xF8, 0x00, 0x3C, 0x00, 0x0F,
    0xC0, 0x07, 0x40, 0x00, 0xBD, 0x01, 0xF9, 0x00, 0x1F, 0xF4, 0xBF, 0xF4, 0x0B, 0xFF, 0xE0, 0x00,
    0x0A, 0x02, 0xD0, 0x00, 0x02, 0xF8, 0x7F, 0x00, 0x00, 0x2F, 0x87, 0xE0, 0x00, 0x00, 0x50, 0x14,
    0x00, 0x00, 0x00, 0x00, 0x00, 0x00, 0x00, 0x06, 0x80, 0x00, 0x00, 0x01, 0xFD, 0x00, 0x00, 0x00,
    0x2F, 0xE0, 0x00, 0x00, 0x03, 0xBF, 0x00, 0x00, 0x00, 0x76, 0xF0, 0x00, 0x00, 0x0B, 0x1F, 0x40,
    0x00, 0x00, 0xE0, 0xFC, 0x00, 0x00, 0x1C, 0x0F, 0xC0, 0x00, 0x03, 0xC0, 0xBD, 0x00, 0x00, 0x38,
    0x07, 0xE0, 0x00, 0x0B, 0x55, 0x7F, 0x00, 0x00, 0xFF, 0xFF, 0xF0, 0x00, 0x1E, 0x55, 0x6F, 0x40,
    0x02, 0xC0, 0x01, 0xF8, 0x00, 0x3C, 0x00, 0x0F, 0xC0, 0x07, 0x40, 0x00, 0xBD, 0x01, 0xF9, 0x00,
    0x1F, 0xF4, 0xBF, 0xF4, 0x0B, 0xFF, 0xE0, 0x00, 0x00, 0xBD, 0x00, 0x00, 0x00, 0x3D, 0xB4, 0x00,
    0x00, 0x03, 0x83, 0x40, 0x00, 0x00, 0x38, 0x74, 0x00, 0x00, 0x02, 0xFF, 0x00, 0x00, 0x00, 0x05,
    0x40, 0x00, 0x00, 0x00, 0x68, 0x00, 0x00, 0x00, 0x1F, 0xD0, 0x00, 0x00, 0x02, 0xFE, 0x00, 0x00,
    0x00, 0x3B, 0xF0, 0x00, 0x00, 0x07, 0x6F, 0x00, 0x00, 0x00, 0xB1, 0xF4, 0x00, 0x00, 0x0E, 0x0F,
    0xC0, 0x00, 0x01, 0xC0, 0xFC, 0x00, 0x00, 0x3C, 0x0B, 0xD0, 0x00, 0x03, 0x80, 0x7E, 0x00, 0x00,
    0xB5, 0x57, 0xF0, 0x00, 0x0F, 0xFF, 0xFF, 0x00, 0x01, 0xE5, 0x56, 0xF4, 0x00, 0x2C, 0x00, 0x1F,
    0x80, 0x03, 0xC0, 0x00, 0xFC, 0x00, 0x74, 0x00, 0x0B, 0xD0, 0x1F, 0x90, 0x01, 0xFF, 0x4B, 0xFF,
    0x40, 0xBF, 0xFE, 0x00, 0x00, 0xAA, 0xAA, 0xA9, 0x00, 0x00, 0x07, 0xFF, 0xFF, 0xF8, 0x00, 0x00,
    0x2F, 0xE0, 0x02, 0xF0, 0x00, 0x00, 0xEF, 0xC0, 0x03, 0xC0, 0x00, 0x07, 0x6F, 0x00, 0x0F, 0x00,
    0x00, 0x2C, 0x7E, 0x00, 0x00, 0x00, 0x00, 0xE0, 0xFC, 0x00, 0x00, 0x00, 0x07, 0x03, 0xF0, 0x00,
    0x00, 0x00, 0x3C, 0x0B, 0xFF, 0xFC, 0x00, 0x00, 0xE0, 0x1F, 0xFF, 0xF0, 0x00, 0x0B, 0x55, 0x7F,
    0x00, 0x00, 0x00, 0x3F, 0xFF, 0xFC, 0x00, 0x00, 0x01, 0xE5, 0x56, 0xF4, 0x00, 0x00, 0x0B, 0x00,
    0x07, 0xE0, 0x00, 0x90, 0x3C, 0x00, 0x0F, 0xC0, 0x07, 0x41, 0xD0, 0x00, 0x2F, 0x00, 0x3C, 0x1F,
    0x90, 0x01, 0xFE, 0xAB, 0xF2, 0xFF, 0xD0, 0x2F, 0xFF, 0xFF, 0xC0, 0x00, 0x1B, 0xF9, 0x00, 0x03,
    0xFF, 0xFF, 0x00, 0x3F, 0x40, 0x3F, 0x03, 0xF0, 0x00, 0xBC, 0x1F, 0x40, 0x03, 0xF0, 0xFC, 0x00,
    0x06, 0x43, 0xE0, 0x00, 0x00, 0x1F, 0x40, 0x00, 0x00, 0xBD, 0x00, 0x00, 0x02, 0xF4, 0x00, 0x00,
    0x0B, 0xD0, 0x00, 0x00, 0x1F, 0x40, 0x00, 0x00, 0x7E, 0x00, 0x00, 0x00, 0xFC, 0x00, 0x00, 0x02,
    0xF8, 0x00, 0x0E, 0x03, 0xF4, 0x01, 0xF4, 0x03, 0xFE, 0xBF, 0x40, 0x02, 0xFF, 0xE0, 0x00, 0x00,
    0x74, 0x00, 0x00, 0x02, 0xE0, 0x00, 0x00, 0x06, 0xF0, 0x00, 0x00, 0x03, 0xD0, 0x00, 0x02, 0xAF,
    0x00, 0x00, 0x0A, 0xE0, 0x00, 0x00, 0x00, 0x00, 0x00, 0x0B, 0x40, 0x00, 0x00, 0xFE, 0x00, 0x00,
    0x02, 0xF8, 0x00, 0x00, 0x02, 0xD0, 0x00, 0x00, 0x00, 0x00, 0x2A, 0xAA, 0xAA, 0x43, 0xFF, 0xFF,
    0xFC, 0x03, 0xE0, 0x0B, 0xC0, 0x3E, 0x00, 0x3C, 0x03, 0xE0, 0x02, 0xC0, 0x3E, 0x00, 0x00, 0x07,
    0xD0, 0x00, 0x00, 0x7D, 0x00, 0x00, 0x07, 0xFF, 0xFD, 0x00, 0x7F, 0xFF, 0xD0, 0x07, 0xD0, 0x00,
    0x00, 0x7D, 0x00, 0x00, 0x0B, 0xC0, 0x00, 0x00, 0xBC, 0x00, 0x18, 0x0B, 0xC0, 0x03, 0xC0, 0xBC,
    0x00, 0x7C, 0x6F, 0xEA, 0xAF, 0xCF, 0xFF, 0xFF, 0xF8, 0x00, 0x00, 0x00, 0x00, 0x00, 0x07, 0xC0,
    0x00, 0x02, 0xFC, 0x00, 0x00, 0xBE, 0x00, 0x00, 0x1D, 0x00, 0x00, 0x00, 0x00, 0x00, 0x2A, 0xAA,
    0xAA, 0x43, 0xFF, 0xFF, 0xFC, 0x03, 0xE0, 0x0B, 0xC0, 0x3E, 0x00, 0x3C, 0x03, 0xE0, 0x02, 0xC0,
    0x3E, 0x00, 0x00, 0x07, 0xD0, 0x00, 0x00, 0x7D, 0x00, 0x00, 0x07, 0xFF, 0xFD, 0x00, 0x7F, 0xFF,
    0xD0, 0x07, 0xD0, 0x00, 0x00, 0x7D, 0x00, 0x00, 0x0B, 0xC0, 0x00, 0x00, 0xBC, 0x00, 0x18, 0x0B,
    0xC0, 0x03, 0xC0, 0xBC, 0x00, 0x7C, 0x6F, 0xEA, 0xAF, 0xCF, 0xFF, 0xFF, 0xF8, 0x00, 0x01, 0x00,
    0x00, 0x00, 0xBC, 0x00, 0x00, 0x2F, 0xF0, 0x00, 0x0B, 0xDB, 0xC0, 0x01, 0xD0, 0x1E, 0x00, 0x00,
    0x00, 0x00, 0x2A, 0xAA, 0xAA, 0x43, 0xFF, 0xFF, 0xFC, 0x03, 0xE0, 0x0B, 0xC0, 0x3E, 0x00, 0x3C,
    0x03, 0xE0, 0x02, 0xC0, 0x3E, 0x00, 0x00, 0x07, 0xD0, 0x00, 0x00, 0x7D, 0x00, 0x00, 0x07, 0xFF,
    0xFD, 0x00, 0x7F, 0xFF, 0xD0, 0x07, 0xD0, 0x00, 0x00, 0x7D, 0x00, 0x00, 0x0B, 0xC0, 0x00, 0x00,
    0xBC, 0x00, 0x18, 0x0B, 0xC0, 0x03, 0xC0, 0xBC, 0x00, 0x7C, 0x6F, 0xEA, 0xAF, 0xCF, 0xFF, 0xFF,
    0xF8, 0x00, 0xA0, 0x2D, 0x00, 0x2F, 0x87, 0xF0, 0x02, 0xF8, 0x7E, 0x00, 0x05, 0x01, 0x40, 0x00,
    0x00, 0x00, 0x02, 0xAA, 0xAA, 0xA4, 0x3F, 0xFF, 0xFF, 0xC0, 0x3E, 0x00, 0xBC, 0x03, 0xE0, 0x03,
    0xC0, 0x3E, 0x00, 0x2C, 0x03, 0xE0, 0x00, 0x00, 0x7D, 0x00, 0x00, 0x07, 0xD0, 0x00, 0x00, 0x7F,
    0xFF, 0xD0, 0x07, 0xFF, 0xFD, 0x00, 0x7D, 0x00, 0x00, 0x07, 0xD0, 0x00, 0x00, 0xBC, 0x00, 0x00,
    0x0B, 0xC0, 0x01, 0x80, 0xBC, 0x00, 0x3C, 0x0B, 0xC0, 0x07, 0xC6, 0xFE, 0xAA, 0xFC, 0xFF, 0xFF,
    0xFF, 0x80, 0x00, 0x00, 0x3D, 0x00, 0x3F, 0x40, 0x0B, 0xD0, 0x00, 0xB4, 0x00, 0x00, 0x2A, 0xA9,
    0x3F, 0xFE, 0x03, 0xE0, 0x03, 0xE0, 0x03, 0xE0, 0x03, 0xE0, 0x03, 0xD0, 0x07, 0xD0, 0x07, 0xD0,
    0x07, 0xD0, 0x07, 0xD0, 0x07, 0xD0, 0x07, 0xD0, 0x0B, 0xC0, 0x0B, 0xC0, 0x0B, 0xC0, 0x6F, 0xE4,
    0xFF, 0xFD, 0x00, 0x00, 0x00, 0x2E, 0x00, 0xBE, 0x02, 0xF8, 0x0B, 0x40, 0x00, 0x00, 0x2A, 0xA9,
    0x3F, 0xFE, 0x03, 0xE0, 0x03, 0xE0, 0x03, 0xE0, 0x03, 0xE0, 0x03, 0xD0, 0x07, 0xD0, 0x07, 0xD0,
    0x07, 0xD0, 0x07, 0xD0, 0x07, 0xD0, 0x07, 0xD0, 0x0B, 0xC0, 0x0B, 0xC0, 0x0B, 0xC0, 0x6F, 0xE4,
    0xFF, 0xFD, 0x00, 0x40, 0x00, 0xFC, 0x00, 0xFF, 0xC0, 0xB9, 0xF8, 0x74, 0x07, 0x40, 0x00, 0x02,
    0xAA, 0x90, 0xFF, 0xF8, 0x03, 0xE0, 0x00, 0xF8, 0x00, 0x3E, 0x00, 0x0F, 0x80, 0x03, 0xD0, 0x01,
    0xF4, 0x00, 0x7D, 0x00, 0x1F, 0x40, 0x07, 0xD0, 0x01, 0xF4, 0x00, 0x7D, 0x00, 0x2F, 0x00, 0x0B,
    0xC0, 0x02, 0xF0, 0x06, 0xFE, 0x43, 0xFF, 0xF4, 0x28, 0x0A, 0x3F, 0x4B, 0xEF, 0xD2, 0xF8, 0x90,
    0x14, 0x00, 0x00, 0x0A, 0xAA, 0x43, 0xFF, 0xE0, 0x0F, 0x80, 0x03, 0xE0, 0x00, 0xF8, 0x00, 0x3E,
    0x00, 0x0F, 0x40, 0x07, 0xD0, 0x01, 0xF4, 0x00, 0x7D, 0x00, 0x1F, 0x40, 0x07, 0xD0, 0x01, 0xF4,
    0x00, 0xBC, 0x00, 0x2F, 0x00, 0x0B, 0xC0, 0x1B, 0xF9, 0x0F, 0xFF, 0xD0, 0x06, 0xAA, 0xA5, 0x00,
    0x00, 0xFF, 0xFF, 0xFE, 0x00, 0x00, 0xFC, 0x01, 0xFD, 0x00, 0x0F, 0xC0, 0x03, 0xF4, 0x00, 0xF8,
    0x00, 0x0F, 0xC0, 0x0F, 0x80, 0x00, 0xBD, 0x00, 0xF8, 0x00, 0x07, 0xE0, 0x0F, 0x80, 0x00, 0x7F,
    0x3F, 0xFF, 0xFC, 0x03, 0xF3, 0xFF, 0xFF, 0xC0, 0x7E, 0x01, 0xF8, 0x00, 0x07, 0xE0, 0x1F, 0x40,
    0x00, 0xBD, 0x01, 0xF4, 0x00, 0x0F, 0xC0, 0x1F, 0x40, 0x02, 0xF4, 0x01, 0xF4, 0x00, 0x7F, 0x00,
    0x1F, 0x40, 0x2F, 0xC0, 0x17, 0xFA, 0xBF, 0xD0, 0x03, 0xFF, 0xFF, 0x90, 0x00, 0x00, 0x06, 0x40,
    0x00, 0x00, 0x01, 0xFF, 0x9D, 0x00, 0x00, 0x39, 0xFF, 0xC0, 0x00, 0x00, 0x01, 0xA0, 0x00, 0x00,
    0x00, 0x00, 0x00, 0x02, 0xAA, 0x40, 0x0A, 0xA9, 0x3F, 0xFC, 0x01, 0xFF, 0xD0, 0x3F, 0xD0, 0x01,
    0xE0, 0x03, 0xBF, 0x00, 0x1D, 0x00, 0x3A, 0xF4, 0x01, 0xD0, 0x03, 0x8F, 0xC0, 0x1D, 0x00, 0x74,
    0xBD, 0x02, 0xD0, 0x07, 0x43, 0xF0, 0x2D, 0x00, 0x74, 0x2F, 0x42, 0xC0, 0x07, 0x40, 0xFC, 0x2C,
    0x00, 0x74, 0x0B, 0xC2, 0xC0, 0x07, 0x40, 0x3E, 0x2C, 0x00, 0xB4, 0x02, 0xF2, 0xC0, 0x0B, 0x00,
    0x0F, 0xBC, 0x00, 0xB0, 0x00, 0xBF, 0xC0, 0x0B, 0x00, 0x03, 0xFC, 0x05, 0xF9, 0x00, 0x3F, 0xC0,
    0xFF, 0xF4, 0x01, 0xFC, 0x00, 0x00, 0x00, 0x00, 0x00, 0x00, 0x00, 0x00, 0x00, 0x00, 0x07, 0x80,
    0x00, 0x00, 0x02, 0xF8, 0x00, 0x00, 0x00, 0x2F, 0xC0, 0x00, 0x00, 0x00, 0x78, 0x00, 0x00, 0x00,
    0x00, 0x00, 0x00, 0x01, 0xBF, 0xD0, 0x00, 0x03, 0xFF, 0xFF, 0x40, 0x03, 0xF0, 0x07, 0xF4, 0x03,
    0xF0, 0x00, 0x3F, 0x01, 0xF4, 0x00, 0x0B, 0xE0, 0xFC, 0x00, 0x00, 0xFC, 0x3E, 0x00, 0x00, 0x3F,
    0x1F, 0x40, 0x00, 0x0F, 0xCB, 0xD0, 0x00, 0x03, 0xF2, 0xF4, 0x00, 0x00, 0xFC, 0xBD, 0x00, 0x00,
    0x3F, 0x1F, 0x80, 0x00, 0x0F, 0xC7, 0xE0, 0x00, 0x03, 0xE0, 0xFC, 0x00, 0x02, 0xF4, 0x2F, 0x80,
    0x00, 0xFC, 0x03, 0xF4, 0x00, 0xFC, 0x00, 0x3F, 0xE6, 0xFC, 0x00, 0x02, 0xFF, 0xF8, 0x00, 0x00,
    0x01, 0x40, 0x00, 0x00, 0x00, 0x00, 0x00, 0x00, 0x00, 0x00, 0x03, 0xC0, 0x00, 0x00, 0x07, 0xF0,
    0x00, 0x00, 0x07, 0xE0, 0x00, 0x00, 0x03, 0x80, 0x00, 0x00, 0x00, 0x00, 0x00, 0x00, 0x01, 0xBF,
    0xD0, 0x00, 0x03, 0xFF, 0xFF, 0x40, 0x03, 0xF0, 0x07, 0xF4, 0x03, 0xF0, 0x00, 0x3F, 0x01, 0xF4,
    0x00, 0x0B, 0xE0, 0xFC, 0x00, 0x00, 0xFC, 0x3E, 0x00, 0x00, 0x3F, 0x1F, 0x40, 0x00, 0x0F, 0xCB,
    0xD0, 0x00, 0x03, 0xF2, 0xF4, 0x00, 0x00, 0xFC, 0xBD, 0x00, 0x00, 0x3F, 0x1F, 0x80, 0x00, 0x0F,
    0xC7, 0xE0, 0x00, 0x03, 0xE0, 0xFC, 0x00, 0x02, 0xF4, 0x2F, 0x80, 0x00, 0xFC, 0x03, 0xF4, 0x00,
    0xFC, 0x00, 0x3F, 0xE6, 0xFC, 0x00, 0x02, 0xFF, 0xF8, 0x00, 0x00, 0x01, 0x40, 0x00, 0x00, 0x00,
    0x00, 0x50, 0x00, 0x00, 0x00, 0x7D, 0x00, 0x00, 0x00, 0x7F, 0xC0, 0x00, 0x00, 0x7D, 0xBC, 0x00,
    0x00, 0x38, 0x03, 0xC0, 0x00, 0x00, 0x00, 0x00, 0x00, 0x01, 0xBF, 0xD0, 0x00, 0x03, 0xFF, 0xFF,
    0x40, 0x03, 0xF0, 0x07, 0xF4, 0x03, 0xF0, 0x00, 0x3F, 0x01, 0xF4, 0x00, 0x0B, 0xE0, 0xFC, 0x00,
    0x00, 0xFC, 0x3E, 0x00, 0x00, 0x3F, 0x1F, 0x40, 0x00, 0x0F, 0xCB, 0xD0, 0x00, 0x03, 0xF2, 0xF4,
    0x00, 0x00, 0xFC, 0xBD, 0x00, 0x00, 0x3F, 0x1F, 0x80, 0x00, 0x0F, 0xC7, 0xE0, 0x00, 0x03, 0xE0,
    0xFC, 0x00, 0x02, 0xF4, 0x2F, 0x80, 0x00, 0xFC, 0x03, 0xF4, 0x00, 0xFC, 0x00, 0x3F, 0xE6, 0xFC,
    0x00, 0x02, 0xFF, 0xF8, 0x00, 0x00, 0x01, 0x40, 0x00, 0x00, 0x00, 0x0A, 0x40, 0x00, 0x00, 0x0B,
    0xFE, 0xB0, 0x00, 0x07, 0x6F, 0xF4, 0x00, 0x00, 0x00, 0x64, 0x00, 0x00, 0x00, 0x00, 0x00, 0x00,
    0x06, 0xFF, 0x40, 0x00, 0x0F, 0xFF, 0xFD, 0x00, 0x0F, 0xC0, 0x1F, 0xD0, 0x0F, 0xC0, 0x00, 0xFC,
    0x07, 0xD0, 0x00, 0x2F, 0x83, 0xF0, 0x00, 0x03, 0xF0, 0xF8, 0x00, 0x00, 0xFC, 0x7D, 0x00, 0x00,
    0x3F, 0x2F, 0x40, 0x00, 0x0F, 0xCB, 0xD0, 0x00, 0x03, 0xF2, 0xF4, 0x00, 0x00, 0xFC, 0x7E, 0x00,
    0x00, 0x3F, 0x1F, 0x80, 0x00, 0x0F, 0x83, 0xF0, 0x00, 0x0B, 0xD0, 0xBE, 0x00, 0x03, 0xF0, 0x0F,
    0xD0, 0x03, 0xF0, 0x00, 0xFF, 0x9B, 0xF0, 0x00, 0x0B, 0xFF, 0xE0, 0x00, 0x00, 0x05, 0x00, 0x00,
    0x00, 0x2D, 0x07, 0x40, 0x00, 0x1F, 0xC3, 0xF0, 0x00, 0x07, 0xF0, 0xFC, 0x00, 0x00, 0x50, 0x18,
    0x00, 0x00, 0x00, 0x00, 0x00, 0x00, 0x06, 0xFF, 0x40, 0x00, 0x0F, 0xFF, 0xFD, 0x00, 0x0F, 0xC0,
    0x1F, 0xD0, 0x0F, 0xC0, 0x00, 0xFC, 0x07, 0xD0, 0x00, 0x2F, 0x83, 0xF0, 0x00, 0x03, 0xF0, 0xF8,
    0x00, 0x00, 0xFC, 0x7D, 0x00, 0x00, 0x3F, 0x2F, 0x40, 0x00, 0x0F, 0xCB, 0xD0, 0x00, 0x03, 0xF2,
    0xF4, 0x00, 0x00, 0xFC, 0x7E, 0x00, 0x00, 0x3F, 0x1F, 0x80, 0x00, 0x0F, 0x83, 0xF0, 0x00, 0x0B,
    0xD0, 0xBE, 0x00, 0x03, 0xF0, 0x0F, 0xD0, 0x03, 0xF0, 0x00, 0xFF, 0x9B, 0xF0, 0x00, 0x0B, 0xFF,
    0xE0, 0x00, 0x00, 0x05, 0x00, 0x00, 0x00, 0x00, 0x03, 0xC0, 0x0D, 0x3F, 0x03, 0xD0, 0xF9, 0xF4,
    0x03, 0xFD, 0x00, 0x1F, 0x80, 0x07, 0xFE, 0x01, 0xF4, 0xF8, 0x3C, 0x03, 0xD2, 0x00, 0x0C, 0x00,
    0x00, 0x00, 0x00, 0x1B, 0xFD, 0x0B, 0x40, 0x3F, 0xFF, 0xFB, 0x80, 0x3F, 0x00, 0x7F, 0xC0, 0x3F,
    0x00, 0x07, 0xF0, 0x1F, 0x40, 0x03, 0xFE, 0x0F, 0xC0, 0x02, 0xEF, 0xC3, 0xE0, 0x01, 0xE3, 0xF1,
    0xF4, 0x01, 0xF0, 0xFC, 0xBD, 0x00, 0xF0, 0x3F, 0x2F, 0x40, 0xF4, 0x0F, 0xCB, 0xD0, 0xB8, 0x03,
    0xF1, 0xF8, 0x78, 0x00, 0xFC, 0x7F, 0x3C, 0x00, 0x3E, 0x0F, 0xFC, 0x00, 0x2F, 0x42, 0xFD, 0x00,
    0x0F, 0xC0, 0x3F, 0x40, 0x0F, 0xC0, 0x1F, 0xFD, 0x6F, 0xC0, 0x0F, 0x2F, 0xFF, 0x80, 0x01, 0x00,
    0x14, 0x00, 0x00, 0x00, 0x00, 0x00, 0x00, 0x00, 0x00, 0xF0, 0x00, 0x00, 0x00, 0x0F, 0xC0, 0x00,
    0x00, 0x00, 0x7F, 0x40, 0x00, 0x00, 0x00, 0x6C, 0x00, 0x00, 0x00, 0x00, 0x00, 0x00, 0x2A, 0xA8,
    0x01, 0xAA, 0x97, 0xFF, 0xC0, 0x3F, 0xFD, 0x0B, 0xC0, 0x00, 0x3E, 0x00, 0xBC, 0x00, 0x03, 0xE0,
    0x0B, 0xC0, 0x00, 0x7D, 0x00, 0xFC, 0x00, 0x07, 0xD0, 0x0F, 0xC0, 0x00, 0xBD, 0x00, 0xFC, 0x00,
    0x0F, 0xD0, 0x0F, 0xC0, 0x00, 0xFC, 0x00, 0xF8, 0x00, 0x1F, 0xC0, 0x0F, 0x80, 0x02, 0xBC, 0x00,
    0xF8, 0x00, 0x37, 0xC0, 0x0F, 0x80, 0x07, 0x3C, 0x00, 0xF8, 0x00, 0xE7, 0xC0, 0x0F, 0x80, 0x1D,
    0x7C, 0x00, 0xFC, 0x07, 0xC7, 0xC0, 0x07, 0xFF, 0xF0, 0xBE, 0x40, 0x2F, 0xFC, 0x0B, 0xFC, 0x00,
    0x14, 0x00, 0x00, 0x00, 0x00, 0x00, 0x00, 0x00, 0x00, 0x00, 0x00, 0xB4, 0x00, 0x00, 0x00, 0x3F,
    0x80, 0x00, 0x00, 0x0F, 0xD0, 0x00, 0x00, 0x03, 0xD0, 0x00, 0x00, 0x00, 0x00, 0x00, 0x00, 0x2A,
    0xA8, 0x01, 0xAA, 0x97, 0xFF, 0xC0, 0x3F, 0xFD, 0x0B, 0xC0, 0x00, 0x3E, 0x00, 0xBC, 0x00, 0x03,
    0xE0, 0x0B, 0xC0, 0x00, 0x7D, 0x00, 0xFC, 0x00, 0x07, 0xD0, 0x0F, 0xC0, 0x00, 0xBD, 0x00, 0xFC,
    0x00, 0x0F, 0xD0, 0x0F, 0xC0, 0x00, 0xFC, 0x00, 0xF8, 0x00, 0x1F, 0xC0, 0x0F, 0x80, 0x02, 0xBC,
    0x00, 0xF8, 0x00, 0x37, 0xC0, 0x0F, 0x80, 0x07, 0x3C, 0x00, 0xF8, 0x00, 0xE7, 0xC0, 0x0F, 0x80,
    0x1D, 0x7C, 0x00, 0xFC, 0x07, 0xC7, 0xC0, 0x07, 0xFF, 0xF0, 0xBE, 0x40, 0x2F, 0xFC, 0x0B, 0xFC,
    0x00, 0x14, 0x00, 0x00, 0x00, 0x00, 0x00, 0x10, 0x00, 0x00, 0x00, 0x0F, 0x80, 0x00, 0x00, 0x03,
    0xFE, 0x00, 0x00, 0x00, 0xF9, 0xF4, 0x00, 0x00, 0x2C, 0x02, 0xC0, 0x00, 0x00, 0x00, 0x00, 0x00,
    0x2A, 0xA8, 0x01, 0xAA, 0x97, 0xFF, 0xC0, 0x3F, 0xFD, 0x0B, 0xC0, 0x00, 0x3E, 0x00, 0xBC, 0x00,
    0x03, 0xE0, 0x0B, 0xC0, 0x00, 0x7D, 0x00, 0xFC, 0x00, 0x07, 0xD0, 0x0F, 0xC0, 0x00, 0xBD, 0x00,
    0xFC, 0x00, 0x0F, 0xD0, 0x0F, 0xC0, 0x00, 0xFC, 0x00, 0xF8, 0x00, 0x1F, 0xC0, 0x0F, 0x80, 0x02,
    0xBC, 0x00, 0xF8, 0x00, 0x37, 0xC0, 0x0F, 0x80, 0x07, 0x3C, 0x00, 0xF8, 0x00, 0xE7, 0xC0, 0x0F,
    0x80, 0x1D, 0x7C, 0x00, 0xFC, 0x07, 0xC7, 0xC0, 0x07, 0xFF, 0xF0, 0xBE, 0x40, 0x2F, 0xFC, 0x0B,
    0xFC, 0x00, 0x14, 0x00, 0x00, 0x00, 0x00, 0x1E, 0x02, 0x80, 0x00, 0x03, 0xF4, 0xFD, 0x00, 0x00,
    0x3F, 0x0F, 0xD0, 0x00, 0x00, 0x90, 0x24, 0x00, 0x00, 0x00, 0x00, 0x00, 0x02, 0xAA, 0x80, 0x1A,
    0xA9, 0x7F, 0xFC, 0x03, 0xFF, 0xD0, 0xBC, 0x00, 0x03, 0xE0, 0x0B, 0xC0, 0x00, 0x3E, 0x00, 0xBC,
    0x00, 0x07, 0xD0, 0x0F, 0xC0, 0x00, 0x7D, 0x00, 0xFC, 0x00, 0x0B, 0xD0, 0x0F, 0xC0, 0x00, 0xFD,
    0x00, 0xFC, 0x00, 0x0F, 0xC0, 0x0F, 0x80, 0x01, 0xFC, 0x00, 0xF8, 0x00, 0x2B, 0xC0, 0x0F, 0x80,
    0x03, 0x7C, 0x00, 0xF8, 0x00, 0x73, 0xC0, 0x0F, 0x80, 0x0E, 0x7C, 0x00, 0xF8, 0x01, 0xD7, 0xC0,
    0x0F, 0xC0, 0x7C, 0x7C, 0x00, 0x7F, 0xFF, 0x0B, 0xE4, 0x02, 0xFF, 0xC0, 0xBF, 0xC0, 0x01, 0x40,
    0x00, 0x00, 0x00, 0x00, 0x00, 0x00, 0x00, 0x00, 0x00, 0xB8, 0x00, 0x00, 0x00, 0x2F, 0xC0, 0x00,
    0x00, 0x0B, 0xE0, 0x00, 0x00, 0x01, 0xD0, 0x00, 0x00, 0x00, 0x00, 0x00, 0x00, 0x2A, 0xA9, 0x00,
    0xAA, 0x97, 0xFF, 0xD0, 0x1F, 0xFD, 0x0B, 0xE0, 0x00, 0x2D, 0x00, 0x3F, 0x00, 0x03, 0x80, 0x01,
    0xF8, 0x00, 0xB0, 0x00, 0x0F, 0xC0, 0x1E, 0x00, 0x00, 0x7E, 0x03, 0xC0, 0x00, 0x03, 0xF0, 0x74,
    0x00, 0x00, 0x1F, 0x8F, 0x00, 0x00, 0x00, 0xBE, 0xC0, 0x00, 0x00, 0x03, 0xF8, 0x00, 0x00, 0x00,
    0x2F, 0x00, 0x00, 0x00, 0x02, 0xF0, 0x00, 0x00, 0x00, 0x3F, 0x00, 0x00, 0x00, 0x03, 0xF0, 0x00,
    0x00, 0x00, 0x3F, 0x00, 0x00, 0x00, 0x1B, 0xF9, 0x00, 0x00, 0x03, 0xFF, 0xF0, 0x00, 0x1A, 0xAA,
    0x40, 0x03, 0xFF, 0xF4, 0x00, 0x03, 0xF0, 0x00, 0x00, 0x3E, 0x00, 0x00, 0x03, 0xFF, 0xF8, 0x00,
    0x3F, 0xAB, 0xF4, 0x03, 0xE0, 0x0F, 0xC0, 0x3E, 0x00, 0x7E, 0x03, 0xE0, 0x03, 0xF0, 0x3E, 0x00,
    0x3F, 0x07, 0xE0, 0x07, 0xE0, 0x7D, 0x00, 0xFC, 0x07, 0xE5, 0x7F, 0x40, 0x7F, 0xFF, 0x80, 0x07,
    0xD0, 0x00, 0x00, 0x7D, 0x00, 0x00, 0x1F, 0xE5, 0x00, 0x0F, 0xFF, 0xF4, 0x00, 0x00, 0x00, 0x1A,
    0x40, 0x00, 0x00, 0x2F, 0xFF, 0xC0, 0x00, 0x0F, 0x80, 0x3E, 0x00, 0x01, 0xF0, 0x01, 0xF0, 0x00,
    0x3E, 0x00, 0x1F, 0x00, 0x03, 0xE0, 0x03, 0xD0, 0x00, 0x3E, 0x00, 0xB8, 0x00, 0x03, 0xE0, 0x1E,
    0x00, 0x00, 0x3D, 0x07, 0x80, 0x00, 0x03, 0xD0, 0xF0, 0x00, 0x00, 0x7D, 0x0F, 0x40, 0x00, 0x07,
    0xD0, 0xFD, 0x00, 0x00, 0x7D, 0x0B, 0xFC, 0x00, 0x07, 0xD0, 0x1F, 0xF4, 0x00, 0x7C, 0x00, 0x2F,
    0xC0, 0x07, 0xC0, 0x00, 0x7D, 0x00, 0x7C, 0x14, 0x03, 0xD0, 0x0B, 0xC7, 0xC0, 0x3C, 0x00, 0xBC,
    0x7E, 0x0B, 0x80, 0x0B, 0xC2, 0xFF, 0xE0, 0x00, 0xB8, 0x01, 0x50, 0x00, 0x0B, 0x40, 0x00, 0x00,
    0x00, 0xF0, 0x00, 0x00, 0x03, 0xFD, 0x00, 0x00, 0x00, 0x3F, 0x80, 0x00, 0x00, 0x01, 0x90, 0x00,
    0x00, 0x00, 0x00, 0x40, 0x00, 0x00, 0x1F, 0x00, 0x00, 0x00, 0xFC, 0x00, 0x00, 0x03, 0xE0, 0x00,
    0x00, 0x0B, 0x40, 0x00, 0x00, 0x00, 0x00, 0x00, 0x00, 0x00, 0x00, 0x1F, 0xFA, 0xE0, 0x0B, 0xEA,
    0xFE, 0x01, 0xF4, 0x03, 0xE0, 0x3F, 0x00, 0x7D, 0x07, 0xD0, 0x0F, 0xD0, 0xBC, 0x00, 0xFD, 0x0F,
    0xC0, 0x1F, 0xD0, 0xFC, 0x02, 0xBD, 0x0F, 0xC0, 0x37, 0xD0, 0xFC, 0x07, 0x3D, 0x0B, 0xD0, 0xF3,
    0xD0, 0x3F, 0xAD, 0x3E, 0x91, 0xFF, 0x43, 0xFD, 0x01, 0x40, 0x04, 0x00, 0x00, 0x00, 0x80, 0x00,
    0x00, 0x3E, 0x00, 0x00, 0x0B, 0xD0, 0x00, 0x01, 0xF0, 0x00, 0x00, 0x38, 0x00, 0x00, 0x01, 0x00,
    0x00, 0x00, 0x00, 0x00, 0x00, 0x1F, 0xFA, 0xE0, 0x0B, 0xEA, 0xFE, 0x01, 0xF4, 0x03, 0xE0, 0x3F,
    0x00, 0x7D, 0x07, 0xD0, 0x0F, 0xD0, 0xBC, 0x00, 0xFD, 0x0F, 0xC0, 0x1F, 0xD0, 0xFC, 0x02, 0xBD,
    0x0F, 0xC0, 0x37, 0xD0, 0xFC, 0x07, 0x3D, 0x0B, 0xD0, 0xF3, 0xD0, 0x3F, 0xAD, 0x3E, 0x91, 0xFF,
    0x43, 0xFD, 0x01, 0x40, 0x04, 0x00, 0x00, 0x09, 0x00, 0x00, 0x02, 0xF0, 0x00, 0x00, 0x7F, 0xC0,
    0x00, 0x1F, 0x2E, 0x00, 0x03, 0x80, 0x74, 0x00, 0x10, 0x00, 0x00, 0x00, 0x00, 0x00, 0x00, 0x1F,
    0xFA, 0xE0, 0x0B, 0xEA, 0xFE, 0x01, 0xF4, 0x03, 0xE0, 0x3F, 0x00, 0x7D, 0x07, 0xD0, 0x0F, 0xD0,
    0xBC, 0x00, 0xFD, 0x0F, 0xC0, 0x1F, 0xD0, 0xFC, 0x02, 0xBD, 0x0F, 0xC0, 0x37, 0xD0, 0xFC, 0x07,
    0x3D, 0x0B, 0xD0, 0xF3, 0xD0, 0x3F, 0xAD, 0x3E, 0x91, 0xFF, 0x43, 0xFD, 0x01, 0x40, 0x04, 0x00,
    0x00, 0xA0, 0x00, 0x00, 0x3F, 0xF6, 0xC0, 0x07, 0x6F, 0xF0, 0x00, 0x00, 0x29, 0x00, 0x00, 0x00,
    0x00, 0x00, 0x00, 0x00, 0x00, 0x01, 0xFF, 0xAE, 0x00, 0xBE, 0xAF, 0xE0, 0x1F, 0x40, 0x3E, 0x03,
    0xF0, 0x07, 0xD0, 0x7D, 0x00, 0xFD, 0x0B, 0xC0, 0x0F, 0xD0, 0xFC, 0x01, 0xFD, 0x0F, 0xC0, 0x2B,
    0xD0, 0xFC, 0x03, 0x7D, 0x0F, 0xC0, 0x73, 0xD0, 0xBD, 0x0F, 0x3D, 0x03, 0xFA, 0xD3, 0xE9, 0x1F,
    0xF4, 0x3F, 0xD0, 0x14, 0x00, 0x40, 0x02, 0x80, 0xB4, 0x00, 0xBE, 0x1F, 0xC0, 0x0B, 0xE1, 0xFC,
    0x00, 0x14, 0x06, 0x00, 0x00, 0x00, 0x00, 0x00, 0x00, 0x00, 0x00, 0x01, 0xFF, 0xAE, 0x00, 0xBE,
    0xAF, 0xE0, 0x1F, 0x40, 0x3E, 0x03, 0xF0, 0x07, 0xD0, 0x7D, 0x00, 0xFD, 0x0B, 0xC0, 0x0F, 0xD0,
    0xFC, 0x01, 0xFD, 0x0F, 0xC0, 0x2B, 0xD0, 0xFC, 0x03, 0x7D, 0x0F, 0xC0, 0x73, 0xD0, 0xBD, 0x0F,
    0x3D, 0x03, 0xFA, 0xD3, 0xE9, 0x1F, 0xF4, 0x3F, 0xD0, 0x14, 0x00, 0x40, 0x00, 0x2F, 0x40, 0x00,
    0x0F, 0x6D, 0x00, 0x00, 0xE0, 0xD0, 0x00, 0x0E, 0x1D, 0x00, 0x00, 0xBF, 0xC0, 0x00, 0x01, 0x50,
    0x00, 0x00, 0x00, 0x00, 0x00, 0x1F, 0xFA, 0xE0, 0x0B, 0xEA, 0xFE, 0x01, 0xF4, 0x03, 0xE0, 0x3F,
    0x00, 0x7D, 0x07, 0xD0, 0x0F, 0xD0, 0xBC, 0x00, 0xFD, 0x0F, 0xC0, 0x1F, 0xD0, 0xFC, 0x02, 0xBD,
    0x0F, 0xC0, 0x37, 0xD0, 0xFC, 0x07, 0x3D, 0x0B, 0xD0, 0xF3, 0xD0, 0x3F, 0xAD, 0x3E, 0x91, 0xFF,
    0x43, 0xFD, 0x01, 0x40, 0x04, 0x00, 0x00, 0x00, 0x00, 0x00, 0x00, 0x1F, 0xFA, 0xDF, 0xF4, 0x0B,
    0xFA, 0xFF, 0x9B, 0xD1, 0xF4, 0x03, 0xE0, 0x3E, 0x3F, 0x00, 0x7C, 0x03, 0xE7, 0xD0, 0x0B, 0x80,
    0x7D, 0xBC, 0x00, 0xF4, 0x1F, 0xCF, 0xC0, 0x1F, 0xFF, 0xD0, 0xFC, 0x02, 0xFF, 0x80, 0x0F, 0xC0,
    0x3F, 0x40, 0x00, 0xFC, 0x07, 0xF8, 0x00, 0x0B, 0xD0, 0xF7, 0xD0, 0x0C, 0x3F, 0xAD, 0x3F, 0xAB,
    0xC1, 0xFF, 0x40, 0xFF, 0xE0, 0x01, 0x40, 0x00, 0x50, 0x00, 0x00, 0x00, 0x00, 0x07, 0xFE, 0x00,
    0xBE, 0x6F, 0x0B, 0xC0, 0x3D, 0x3E, 0x02, 0xF5, 0xF0, 0x07, 0x8B, 0xC0, 0x00, 0x3F, 0x00, 0x00,
    0xFC, 0x00, 0x03, 0xF0, 0x00, 0x0B, 0xD0, 0x00, 0x0F, 0xC0, 0x2C, 0x2F, 0xEB, 0xD0, 0x2F, 0xFD,
    0x00, 0x0B, 0x00, 0x00, 0x3E, 0x00, 0x00, 0x6F, 0x00, 0x00, 0x3C, 0x00, 0x2B, 0xF0, 0x00, 0xBE,
    0x00, 0x00, 0x40, 0x00, 0x0F, 0x80, 0x00, 0x2F, 0x40, 0x00, 0x2F, 0x00, 0x00, 0x0F, 0x00, 0x00,
    0x04, 0x00, 0x00, 0x00, 0x00, 0x7F, 0xE0, 0x0B, 0xE7, 0xF0, 0xBC, 0x0B, 0xC3, 0xE0, 0x1F, 0x1F,
    0x00, 0xBC, 0xBC, 0x1B, 0xD3, 0xFB, 0xF8, 0x0F, 0xF9, 0x00, 0x3F, 0x00, 0x00, 0xBD, 0x00, 0x00,
    0xFC, 0x02, 0x82, 0xFE, 0xBE, 0x02, 0xFF, 0xD0, 0x00, 0x50, 0x00, 0x00, 0x01, 0x40, 0x00, 0x1F,
    0x00, 0x00, 0xFC, 0x00, 0x0F, 0x80, 0x00, 0xB0, 0x00, 0x00, 0x00, 0x00, 0x00, 0x00, 0x00, 0x7F,
    0xE0, 0x0B, 0xE7, 0xF0, 0xBC, 0x0B, 0xC3, 0xE0, 0x1F, 0x1F, 0x00, 0xBC, 0xBC, 0x1B, 0xD3, 0xFB,
    0xF8, 0x0F, 0xF9, 0x00, 0x3F, 0x00, 0x00, 0xBD, 0x00, 0x00, 0xFC, 0x02, 0x82, 0xFE, 0xBE, 0x02,
    0xFF, 0xD0, 0x00, 0x50, 0x00, 0x00, 0x18, 0x00, 0x01, 0xF8, 0x00, 0x0F, 0xF4, 0x00, 0xF5, 0xF0,
    0x0B, 0x00, 0xF0, 0x00, 0x00, 0x40, 0x00, 0x00, 0x00, 0x7F, 0xE0, 0x0B, 0xE7, 0xF0, 0xBC, 0x0B,
    0xC3, 0xE0, 0x1F, 0x1F, 0x00, 0xBC, 0xBC, 0x1B, 0xD3, 0xFB, 0xF8, 0x0F, 0xF9, 0x00, 0x3F, 0x00,
    0x00, 0xBD, 0x00, 0x00, 0xFC, 0x02, 0x82, 0xFE, 0xBE, 0x02, 0xFF, 0xD0, 0x00, 0x50, 0x00, 0x07,
    0x81, 0xA0, 0x3F, 0x0F, 0xD0, 0xFC, 0x3F, 0x41, 0x90, 0x24, 0x00, 0x00, 0x00, 0x00, 0x00, 0x00,
    0x1F, 0xF8, 0x02, 0xF9, 0xFC, 0x2F, 0x02, 0xF0, 0xF8, 0x07, 0xC7, 0xC0, 0x2F, 0x2F, 0x06, 0xF4,
    0xFE, 0xFE, 0x03, 0xFE, 0x40, 0x0F, 0xC0, 0x00, 0x2F, 0x40, 0x00, 0x3F, 0x00, 0xA0, 0xBF, 0xAF,
    0x80, 0xBF, 0xF4, 0x00, 0x14, 0x00, 0x10, 0x00, 0xBC, 0x00, 0x7E, 0x00, 0x1F, 0x40, 0x02, 0xC0,
    0x00, 0x40, 0x00, 0x00, 0x2F, 0xC0, 0x7F, 0xD0, 0x03, 0xE0, 0x03, 0xD0, 0x03, 0xD0, 0x07, 0xD0,
    0x07, 0xC0, 0x07, 0xC0, 0x0B, 0xC0, 0x0B, 0xC0, 0x0B, 0xC0, 0x0B, 0xDD, 0x07, 0xF8, 0x00, 0x40,
    0x00, 0x10, 0x00, 0xF4, 0x03, 0xF0, 0x0B, 0x80, 0x1D, 0x00, 0x00, 0x00, 0x00, 0x00, 0x2F, 0xC0,
    0x7F, 0xD0, 0x03, 0xE0, 0x03, 0xD0, 0x03, 0xD0, 0x07, 0xD0, 0x07, 0xC0, 0x07, 0xC0, 0x0B, 0xC0,
    0x0B, 0xC0, 0x0B, 0xC0, 0x0B, 0xDD, 0x07, 0xF8, 0x00, 0x40, 0x00, 0x80, 0x00, 0xFC, 0x00, 0xFF,
    0x80, 0xB8, 0xF4, 0x74, 0x0B, 0x00, 0x00, 0x40, 0x00, 0x00, 0x2F, 0xC0, 0x1F, 0xF4, 0x00, 0x3E,
    0x00, 0x0F, 0x40, 0x03, 0xD0, 0x01, 0xF4, 0x00, 0x7C, 0x00, 0x1F, 0x00, 0x0B, 0xC0, 0x02, 0xF0,
    0x00, 0xBC, 0x00, 0x2F, 0x74, 0x07, 0xF8, 0x00, 0x10, 0x00, 0x28, 0x0A, 0x3F, 0x4B, 0xEF, 0xD2,
    0xF8, 0x90, 0x24, 0x00, 0x00, 0x00, 0x00, 0x00, 0xBF, 0x00, 0x7F, 0xD0, 0x00, 0xF8, 0x00, 0x3D,
    0x00, 0x0F, 0x40, 0x07, 0xD0, 0x01, 0xF0, 0x00, 0x7C, 0x00, 0x2F, 0x00, 0x0B, 0xC0, 0x02, 0xF0,
    0x00, 0xBD, 0xD0, 0x1F, 0xE0, 0x00, 0x40, 0x01, 0x00, 0x04, 0x03, 0xF8, 0x7C, 0x00, 0x7F, 0xE0,
    0x00, 0x3F, 0xD0, 0x00, 0xF2, 0xF0, 0x00, 0x00, 0xF8, 0x00, 0x00, 0xBC, 0x02, 0xFE, 0x7D, 0x0F,
    0xEB, 0xFD, 0x3F, 0x00, 0xFE, 0x7D, 0x00, 0xBE, 0xBC, 0x00, 0x7E, 0xBC, 0x00, 0x3E, 0xFC, 0x00,
    0x3E, 0xFC, 0x00, 0x7D, 0xBC, 0x00, 0x7C, 0xBD, 0x00, 0xBC, 0x3E, 0x00, 0xF4, 0x2F, 0x97, 0xE0,
    0x07, 0xFF, 0x80, 0x00, 0x54, 0x00, 0x00, 0x29, 0x00, 0x00, 0x02, 0xFF, 0xAC, 0x00, 0x0D, 0xBF,
    0xD0, 0x00, 0x00, 0x19, 0x00, 0x00, 0x00, 0x00, 0x00, 0x00, 0x00, 0x00, 0x07, 0xF8, 0x0B, 0xF0,
    0x2F, 0xF0, 0xBF, 0xF0, 0x07, 0xC3, 0x8B, 0xC0, 0x1F, 0x1C, 0x2F, 0x00, 0x7C, 0xE0, 0xBC, 0x02,
    0xF3, 0x42, 0xF0, 0x0B, 0x9C, 0x0F, 0xC0, 0x2E, 0xE0, 0x3F, 0x00, 0xBB, 0x40, 0xF8, 0x02, 0xFC,
    0x03, 0xE0, 0x0B, 0xE0, 0x0F, 0x80, 0x2F, 0x40, 0x3F, 0x60, 0xFC, 0x00, 0xFF, 0x40, 0x00, 0x00,
    0x50, 0x00, 0x40, 0x00, 0x02, 0xF0, 0x00, 0x01, 0xF8, 0x00, 0x00, 0x7D, 0x00, 0x00, 0x0B, 0x00,
    0x00, 0x01, 0x00, 0x00, 0x00, 0x00, 0x01, 0xFF, 0x80, 0x0F, 0xEB, 0xF0, 0x2F, 0x00, 0xFC, 0x3E,
    0x00, 0x7D, 0xBC, 0x00, 0x3E, 0xBC, 0x00, 0x3E, 0xFC, 0x00, 0x3E, 0xFC, 0x00, 0x3E, 0xBC, 0x00,
    0x7D, 0xBD, 0x00, 0xBC, 0x3E, 0x00, 0xF8, 0x2F, 0x97, 0xF0, 0x07, 0xFF, 0x80, 0x00, 0x54, 0x00,
    0x00, 0x01, 0x40, 0x00, 0x03, 0xD0, 0x00, 0x0F, 0xC0, 0x00, 0x2E, 0x00, 0x00, 0x74, 0x00, 0x00,
    0x00, 0x00, 0x00, 0x00, 0x00, 0x01, 0xFF, 0x80, 0x0F, 0xEB, 0xF0, 0x2F, 0x00, 0xFC, 0x3E, 0x00,
    0x7D, 0xBC, 0x00, 0x3E, 0xBC, 0x00, 0x3E, 0xFC, 0x00, 0x3E, 0xFC, 0x00, 0x3E, 0xBC, 0x00, 0x7D,
    0xBD, 0x00, 0xBC, 0x3E, 0x00, 0xF8, 0x2F, 0x97, 0xF0, 0x07, 0xFF, 0x80, 0x00, 0x54, 0x00, 0x00,
    0x08, 0x00, 0x00, 0x3F, 0x00, 0x00, 0xFF, 0x80, 0x02, 0xE3, 0xD0, 0x07, 0x40, 0xB0, 0x00, 0x00,
    0x10, 0x00, 0x00, 0x00, 0x01, 0xFF, 0x80, 0x0F, 0xEB, 0xF0, 0x2F, 0x00, 0xFC, 0x3E, 0x00, 0x7D,
    0xBC, 0x00, 0x3E, 0xBC, 0x00, 0x3E, 0xFC, 0x00, 0x3E, 0xFC, 0x00, 0x3E, 0xBC, 0x00, 0x7D, 0xBD,
    0x00, 0xBC, 0x3E, 0x00, 0xF8, 0x2F, 0x97, 0xF0, 0x07, 0xFF, 0x80, 0x00, 0x54, 0x00, 0x01, 0x90,
    0x00, 0x03, 0xFE, 0x74, 0x0A, 0x7F, 0xF0, 0x00, 0x06, 0x80, 0x00, 0x00, 0x00, 0x00, 0x00, 0x00,
    0x01, 0xFF, 0x80, 0x0F, 0xEB, 0xF0, 0x2F, 0x00, 0xFC, 0x3E, 0x00, 0x7D, 0xBC, 0x00, 0x3E, 0xBC,
    0x00, 0x3E, 0xFC, 0x00, 0x3E, 0xFC, 0x00, 0x3E, 0xBC, 0x00, 0x7D, 0xBD, 0x00, 0xBC, 0x3E, 0x00,
    0xF8, 0x2F, 0x97, 0xF0, 0x07, 0xFF, 0x80, 0x00, 0x54, 0x00, 0x02, 0x80, 0xA0, 0x0F, 0xD2, 0xF8,
    0x0F, 0xD2, 0xF8, 0x02, 0x40, 0x90, 0x00, 0x00, 0x00, 0x00, 0x00, 0x00, 0x01, 0xFF, 0x80, 0x0F,
    0xEB, 0xF0, 0x2F, 0x00, 0xFC, 0x3E, 0x00, 0x7D, 0xBC, 0x00, 0x3E, 0xBC, 0x00, 0x3E, 0xFC, 0x00,
    0x3E, 0xFC, 0x00, 0x3E, 0xBC, 0x00, 0x7D, 0xBD, 0x00, 0xBC, 0x3E, 0x00, 0xF8, 0x2F, 0x97, 0xF0,
    0x07, 0xFF, 0x80, 0x00, 0x54, 0x00, 0x00, 0x04, 0x00, 0x00, 0x3F, 0x00, 0x00, 0x3F, 0x40, 0x00,
    0x2E, 0x00, 0x00, 0x00, 0x00, 0x2A, 0xAA, 0xA9, 0x3F, 0xFF, 0xFE, 0x15, 0x55, 0x54, 0x00, 0x00,
    0x00, 0x00, 0x7E, 0x00, 0x00, 0xBF, 0x00, 0x00, 0x3D, 0x00, 0x00, 0x00, 0x00, 0x00, 0x00, 0x00,
    0x00, 0x07, 0xFE, 0x3C, 0x03, 0xFA, 0xFF, 0x40, 0xBC, 0x03, 0xF0, 0x0F, 0x80, 0x7F, 0x42, 0xF4,
    0x1F, 0xF8, 0x2F, 0x03, 0xDF, 0x83, 0xF0, 0xF0, 0xF8, 0x3F, 0x2D, 0x0F, 0x82, 0xFB, 0x81, 0xF4,
    0x2F, 0xF0, 0x2F, 0x00, 0xFC, 0x03, 0xE0, 0x0F, 0xE1, 0xFC, 0x03, 0xEF, 0xFE, 0x00, 0x14, 0x15,
    0x00, 0x00, 0x00, 0x10, 0x00, 0x00, 0x02, 0xF0, 0x00, 0x00, 0x07, 0xE0, 0x00, 0x00, 0x07, 0xD0,
    0x00, 0x00, 0x02, 0xC0, 0x00, 0x00, 0x01, 0x00, 0x00, 0x00, 0x00, 0x00, 0x0B, 0xF0, 0x02, 0xE0,
    0x7F, 0xD0, 0x0F, 0xC0, 0x0F, 0x40, 0x7F, 0x00, 0x7D, 0x03, 0xFC, 0x01, 0xF4, 0x0E, 0xF0, 0x07,
    0xC0, 0x77, 0x80, 0x2F, 0x03, 0xAE, 0x00, 0xBC, 0x0D, 0xB8, 0x02, 0xF0, 0x73, 0xE0, 0x0F, 0xC3,
    0xCF, 0x80, 0x3F, 0x1D, 0x3E, 0x00, 0xBF, 0xF0, 0xFE, 0x80, 0xFF, 0x02, 0xFE, 0x00, 0x50, 0x01,
    0x40, 0x00, 0x00, 0x10, 0x00, 0x00, 0x03, 0xD0, 0x00, 0x00, 0x3F, 0x00, 0x00, 0x02, 0xE0, 0x00,
    0x00, 0x1D, 0x00, 0x00, 0x00, 0x00, 0x00, 0x00, 0x00, 0x00, 0x00, 0x0B, 0xF0, 0x02, 0xE0, 0x7F,
    0xD0, 0x0F, 0xC0, 0x0F, 0x40, 0x7F, 0x00, 0x7D, 0x03, 0xFC, 0x01, 0xF4, 0x0E, 0xF0, 0x07, 0xC0,
    0x77, 0x80, 0x2F, 0x03, 0xAE, 0x00, 0xBC, 0x0D, 0xB8, 0x02, 0xF0, 0x73, 0xE0, 0x0F, 0xC3, 0xCF,
    0x80, 0x3F, 0x1D, 0x3E, 0x00, 0xBF, 0xF0, 0xFE, 0x80, 0xFF, 0x02, 0xFE, 0x00, 0x50, 0x01, 0x40,
    0x00, 0x02, 0x00, 0x00, 0x00, 0x3F, 0x00, 0x00, 0x02, 0xFE, 0x00, 0x00, 0x1E, 0x3D, 0x00, 0x00,
    0xD0, 0x2C, 0x00, 0x00, 0x00, 0x10, 0x00, 0x00, 0x00, 0x00, 0x0B, 0xF0, 0x02, 0xE0, 0x7F, 0xD0,
    0x0F, 0xC0, 0x0F, 0x40, 0x7F, 0x00, 0x7D, 0x03, 0xFC, 0x01, 0xF4, 0x0E, 0xF0, 0x07, 0xC0, 0x77,
    0x80, 0x2F, 0x03, 0xAE, 0x00, 0xBC, 0x0D, 0xB8, 0x02, 0xF0, 0x73, 0xE0, 0x0F, 0xC3, 0xCF, 0x80,
    0x3F, 0x1D, 0x3E, 0x00, 0xBF, 0xF0, 0xFE, 0x80, 0xFF, 0x02, 0xFE, 0x00, 0x50, 0x01, 0x40, 0x00,
    0xA0, 0x28, 0x00, 0x0B, 0xE2, 0xF8, 0x00, 0x2F, 0x4B, 0xE0, 0x00, 0x24, 0x09, 0x00, 0x00, 0x00,
    0x00, 0x00, 0x00, 0x00, 0x00, 0x02, 0xFC, 0x00, 0xB8, 0x1F, 0xF4, 0x03, 0xF0, 0x03, 0xD0, 0x1F,
    0xC0, 0x1F, 0x40, 0xFF, 0x00, 0x7D, 0x03, 0xBC, 0x01, 0xF0, 0x1D, 0xE0, 0x0B, 0xC0, 0xEB, 0x80,
    0x2F, 0x03, 0x6E, 0x00, 0xBC, 0x1C, 0xF8, 0x03, 0xF0, 0xF3, 0xE0, 0x0F, 0xC7, 0x4F, 0x80, 0x2F,
    0xFC, 0x3F, 0xA0, 0x3F, 0xC0, 0xBF, 0x80, 0x14, 0x00, 0x50, 0x00, 0x00, 0x50, 0x00, 0x00, 0x7C,
    0x00, 0x00, 0x3F, 0x00, 0x00, 0x3E, 0x00, 0x00, 0x2D, 0x00, 0x00, 0x00, 0x00, 0x00, 0x00, 0x00,
    0x01, 0xFE, 0x00, 0xBC, 0xBF, 0xC0, 0x3F, 0x81, 0xF0, 0x07, 0xE0, 0x7C, 0x00, 0x74, 0x1F, 0x00,
    0x2C, 0x07, 0xC0, 0x0E, 0x01, 0xF4, 0x0B, 0x40, 0x3D, 0x03, 0xC0, 0x0F, 0x81, 0xD0, 0x03, 0xF0,
    0xF0, 0x00, 0xBC, 0x38, 0x00, 0x0F, 0xFC, 0x00, 0x01, 0xFE, 0x00, 0x00, 0x0B, 0x00, 0x00, 0x03,
    0xC0, 0x02, 0x81, 0xD0, 0x00, 0xF4, 0xF0, 0x00, 0x3F, 0xF0, 0x00, 0x06, 0xA0, 0x00, 0x00, 0x00,
    0x00, 0x00, 0x0B, 0xFC, 0x00, 0x00, 0x1B, 0xC0, 0x00, 0x00, 0x7C, 0x00, 0x00, 0x07, 0xC0, 0x00,
    0x00, 0x7C, 0x00, 0x00, 0x0B, 0xC0, 0x00, 0x00, 0xBC, 0x1F, 0xE0, 0x0B, 0xC7, 0xFF, 0x80, 0xBC,
    0xF0, 0xBC, 0x0B, 0xCC, 0x07, 0xD0, 0xBA, 0xC0, 0x3E, 0x0B, 0xB8, 0x03, 0xE0, 0xBB, 0x00, 0x3E,
    0x0F, 0xB0, 0x07, 0xD0, 0xFE, 0x00, 0xBC, 0x0F, 0xD0, 0x0F, 0xC0, 0xFC, 0x02, 0xF4, 0x0F, 0xE5,
    0xBE, 0x00, 0xFF, 0xFF, 0x40, 0x0F, 0x45, 0x00, 0x00, 0xF4, 0x00, 0x00, 0x0F, 0x40, 0x00, 0x01,
    0xF0, 0x00, 0x00, 0x1F, 0xF4, 0x00, 0x00, 0xAA, 0x40, 0x00, 0x01, 0xE0, 0x68, 0x00, 0xFC, 0x3F,
    0x40, 0x3F, 0x0F, 0xD0, 0x06, 0x40, 0x90, 0x00, 0x00, 0x00, 0x00, 0x00, 0x00, 0x07, 0xF8, 0x02,
    0xF2, 0xFF, 0x00, 0xFE, 0x07, 0xC0, 0x1F, 0x81, 0xF0, 0x01, 0xD0, 0x7C, 0x00, 0xB0, 0x1F, 0x00,
    0x38, 0x07, 0xD0, 0x2D, 0x00, 0xF4, 0x0F, 0x00, 0x3E, 0x07, 0x40, 0x0F, 0xC3, 0xC0, 0x02, 0xF0,
    0xE0, 0x00, 0x3F, 0xF0, 0x00, 0x07, 0xF8, 0x00, 0x00, 0x2C, 0x00, 0x00, 0x0F, 0x00, 0x0A, 0x07,
    0x40, 0x03, 0xD3, 0xC0, 0x00, 0xFF, 0xC0, 0x00, 0x1A, 0x80, 0x00, 0x00, 0x00, 0x0F, 0xFF, 0xD0,
    0x00, 0x00, 0xFF, 0xFD, 0x00, 0x00, 0x00, 0x00, 0x00, 0x00, 0x00, 0x00, 0x00, 0x00, 0x00, 0x00,
    0x68, 0x00, 0x00, 0x00, 0x1F, 0xD0, 0x00, 0x00, 0x02, 0xFE, 0x00, 0x00, 0x00, 0x3B, 0xF0, 0x00,
    0x00, 0x07, 0x6F, 0x00, 0x00, 0x00, 0xB1, 0xF4, 0x00, 0x00, 0x0E, 0x0F, 0xC0, 0x00, 0x01, 0xC0,
    0xFC, 0x00, 0x00, 0x3C, 0x0B, 0xD0, 0x00, 0x03, 0x80, 0x7E, 0x00, 0x00, 0xB5, 0x57, 0xF0, 0x00,
    0x0F, 0xFF, 0xFF, 0x00, 0x01, 0xE5, 0x56, 0xF4, 0x00, 0x2C, 0x00, 0x1F, 0x80, 0x03, 0xC0, 0x00,
    0xFC, 0x00, 0x74, 0x00, 0x0B, 0xD0, 0x1F, 0x90, 0x01, 0xFF, 0x4B, 0xFF, 0x40, 0xBF, 0xFE, 0x03,
    0xFF, 0xF4, 0x00, 0x3F, 0xFF, 0x40, 0x00, 0x00, 0x00, 0x00, 0x00, 0x00, 0x00, 0x00, 0x00, 0x00,
    0x00, 0x1F, 0xFA, 0xE0, 0x0B, 0xEA, 0xFE, 0x01, 0xF4, 0x03, 0xE0, 0x3F, 0x00, 0x7D, 0x07, 0xD0,
    0x0F, 0xD0, 0xBC, 0x00, 0xFD, 0x0F, 0xC0, 0x1F, 0xD0, 0xFC, 0x02, 0xBD, 0x0F, 0xC0, 0x37, 0xD0,
    0xFC, 0x07, 0x3D, 0x0B, 0xD0, 0xF3, 0xD0, 0x3F, 0xAD, 0x3E, 0x91, 0xFF, 0x43, 0xFD, 0x01, 0x40,
    0x04, 0x00, 0x00, 0x04, 0x00, 0x00, 0x00, 0x01, 0xC0, 0x0A, 0x00, 0x00, 0x0F, 0x02, 0xD0, 0x00,
    0x00, 0xBF, 0xFC, 0x00, 0x00, 0x02, 0xFE, 0x00, 0x00, 0x00, 0x00, 0x00, 0x00, 0x00, 0x00, 0x68,
    0x00, 0x00, 0x00, 0x1F, 0xD0, 0x00, 0x00, 0x02, 0xFE, 0x00, 0x00, 0x00, 0x3B, 0xF0, 0x00, 0x00,
    0x07, 0x6F, 0x00, 0x00, 0x00, 0xB1, 0xF4, 0x00, 0x00, 0x0E, 0x0F, 0xC0, 0x00, 0x01, 0xC0, 0xFC,
    0x00, 0x00, 0x3C, 0x0B, 0xD0, 0x00, 0x03, 0x80, 0x7E, 0x00, 0x00, 0xB5, 0x57, 0xF0, 0x00, 0x0F,
    0xFF, 0xFF, 0x00, 0x01, 0xE5, 0x56, 0xF4, 0x00, 0x2C, 0x00, 0x1F, 0x80, 0x03, 0xC0, 0x00, 0xFC,
    0x00, 0x74, 0x00, 0x0B, 0xD0, 0x1F, 0x90, 0x01, 0xFF, 0x4B, 0xFF, 0x40, 0xBF, 0xFE, 0x01, 0x00,
    0x00, 0x00, 0x34, 0x02, 0x80, 0x03, 0xC0, 0xB4, 0x00, 0x1F, 0xFF, 0x00, 0x00, 0xBF, 0xC0, 0x00,
    0x00, 0x40, 0x00, 0x00, 0x00, 0x00, 0x00, 0x1F, 0xFA, 0xE0, 0x0B, 0xEA, 0xFE, 0x01, 0xF4, 0x03,
    0xE0, 0x3F, 0x00, 0x7D, 0x07, 0xD0, 0x0F, 0xD0, 0xBC, 0x00, 0xFD, 0x0F, 0xC0, 0x1F, 0xD0, 0xFC,
    0x02, 0xBD, 0x0F, 0xC0, 0x37, 0xD0, 0xFC, 0x07, 0x3D, 0x0B, 0xD0, 0xF3, 0xD0, 0x3F, 0xAD, 0x3E,
    0x91, 0xFF, 0x43, 0xFD, 0x01, 0x40, 0x04, 0x00, 0x00, 0x00, 0x68, 0x00, 0x00, 0x00, 0x1F, 0xD0,
    0x00, 0x00, 0x02, 0xFE, 0x00, 0x00, 0x00, 0x3B, 0xF0, 0x00, 0x00, 0x07, 0x6F, 0x00, 0x00, 0x00,
    0xB1, 0xF4, 0x00, 0x00, 0x0E, 0x0F, 0xC0, 0x00, 0x01, 0xC0, 0xFC, 0x00, 0x00, 0x3C, 0x0B, 0xD0,
    0x00, 0x03, 0x80, 0x7E, 0x00, 0x00, 0xB5, 0x57, 0xF0, 0x00, 0x0F, 0xFF, 0xFF, 0x00, 0x01, 0xE5,
    0x56, 0xF4, 0x00, 0x2C, 0x00, 0x1F, 0x80, 0x03, 0xC0, 0x00, 0xFC, 0x00, 0x74, 0x00, 0x0B, 0xD0,
    0x1F, 0x90, 0x01, 0xFF, 0x4B, 0xFF, 0x40, 0xBF, 0xFE, 0x00, 0x00, 0x00, 0x74, 0x00, 0x00, 0x00,
    0x1E, 0x00, 0x00, 0x00, 0x03, 0xC0, 0x00, 0x00, 0x00, 0x7C, 0x50, 0x00, 0x00, 0x07, 0xFD, 0x00,
    0x00, 0x00, 0x2E, 0x40, 0x00, 0x00, 0x00, 0x00, 0x1F, 0xFA, 0xE0, 0x0B, 0xEA, 0xFE, 0x01, 0xF4,
    0x03, 0xE0, 0x3F, 0x00, 0x7D, 0x07, 0xD0, 0x0F, 0xD0, 0xBC, 0x00, 0xFD, 0x0F, 0xC0, 0x1F, 0xD0,
    0xFC, 0x02, 0xBD, 0x0F, 0xC0, 0x37, 0xD0, 0xFC, 0x07, 0x3D, 0x0B, 0xD0, 0xF3, 0xD0, 0x3F, 0xAD,
    0x3E, 0x91, 0xFF, 0x43, 0xFD, 0x01, 0x40, 0x0F, 0x00, 0x00, 0x02, 0xC0, 0x00, 0x00, 0xB8, 0x00,
    0x00, 0x0F, 0x48, 0x00, 0x00, 0xFF, 0xC0, 0x00, 0x02, 0xE0, 0x00, 0x00, 0x00, 0x00, 0x00, 0x00,
    0x7C, 0x00, 0x00, 0x0B, 0xF0, 0x00, 0x00, 0xBE, 0x00, 0x00, 0x07, 0x40, 0x00, 0x00, 0x00, 0x00,
    0x00, 0x01, 0xBF, 0x90, 0x00, 0x3F, 0xFF, 0xF0, 0x03, 0xF4, 0x03, 0xF0, 0x3F, 0x00, 0x0B, 0xC1,
    0xF4, 0x00, 0x3F, 0x0F, 0xC0, 0x00, 0x64, 0x3E, 0x00, 0x00, 0x01, 0xF4, 0x00, 0x00, 0x0B, 0xD0,
    0x00, 0x00, 0x2F, 0x40, 0x00, 0x00, 0xBD, 0x00, 0x00, 0x01, 0xF4, 0x00, 0x00, 0x07, 0xE0, 0x00,
    0x00, 0x0F, 0xC0, 0x00, 0x00, 0x2F, 0x80, 0x00, 0xE0, 0x3F, 0x40, 0x1F, 0x40, 0x3F, 0xEB, 0xF4,
    0x00, 0x2F, 0xFE, 0x00, 0x00, 0x05, 0x40, 0x00, 0x00, 0x01, 0x40, 0x00, 0x1F, 0x00, 0x00, 0xF8,
    0x00, 0x0F, 0x40, 0x00, 0xB0, 0x00, 0x01, 0x00, 0x00, 0x00, 0x00, 0x00, 0x7F, 0xE0, 0x0B, 0xE6,
    0xF0, 0xBC, 0x03, 0xD3, 0xE0, 0x2F, 0x5F, 0x00, 0x78, 0xBC, 0x00, 0x03, 0xF0, 0x00, 0x0F, 0xC0,
    0x00, 0x3F, 0x00, 0x00, 0xBD, 0x00, 0x00, 0xFC, 0x02, 0xC2, 0xFE, 0xBD, 0x02, 0xFF, 0xD0, 0x00,
    0x50, 0x00, 0x00, 0x00, 0x40, 0x00, 0x00, 0x0F, 0xC0, 0x00, 0x00, 0xBF, 0xC0, 0x00, 0x0B, 0x9B,
    0x80, 0x00, 0x74, 0x07, 0x40, 0x00, 0x00, 0x00, 0x00, 0x01, 0xBF, 0x90, 0x00, 0x3F, 0xFF, 0xF0,
    0x03, 0xF4, 0x03, 0xF0, 0x3F, 0x00, 0x0B, 0xC1, 0xF4, 0x00, 0x3F, 0x0F, 0xC0, 0x00, 0x64, 0x3E,
    0x00, 0x00, 0x01, 0xF4, 0x00, 0x00, 0x0B, 0xD0, 0x00, 0x00, 0x2F, 0x40, 0x00, 0x00, 0xBD, 0x00,
    0x00, 0x01, 0xF4, 0x00, 0x00, 0x07, 0xE0, 0x00, 0x00, 0x0F, 0xC0, 0x00, 0x00, 0x2F, 0x80, 0x00,
    0xE0, 0x3F, 0x40, 0x1F, 0x40, 0x3F, 0xEB, 0xF4, 0x00, 0x2F, 0xFE, 0x00, 0x00, 0x05, 0x40, 0x00,
    0x00, 0x18, 0x00, 0x01, 0xF8, 0x00, 0x0F, 0xF4, 0x00, 0xF5, 0xF0, 0x0B, 0x00, 0xF0, 0x00, 0x00,
    0x40, 0x00, 0x00, 0x00, 0x7F, 0xE0, 0x0B, 0xE6, 0xF0, 0xBC, 0x03, 0xD3, 0xE0, 0x2F, 0x5F, 0x00,
    0x78, 0xBC, 0x00, 0x03, 0xF0, 0x00, 0x0F, 0xC0, 0x00, 0x3F, 0x00, 0x00, 0xBD, 0x00, 0x00, 0xFC,
    0x02, 0xC2, 0xFE, 0xBD, 0x02, 0xFF, 0xD0, 0x00, 0x50, 0x00, 0x00, 0x02, 0xE0, 0x00, 0x00, 0x0F,
    0xC0, 0x00, 0x00, 0x3F, 0x00, 0x00, 0x00, 0x64, 0x00, 0x00, 0x00, 0x00, 0x00, 0x00, 0x6F, 0xE4,
    0x00, 0x0F, 0xFF, 0xFC, 0x00, 0xFD, 0x00, 0xFC, 0x0F, 0xC0, 0x02, 0xF0, 0x7D, 0x00, 0x0F, 0xC3,
    0xF0, 0x00, 0x19, 0x0F, 0x80, 0x00, 0x00, 0x7D, 0x00, 0x00, 0x02, 0xF4, 0x00, 0x00, 0x0B, 0xD0,
    0x00, 0x00, 0x2F, 0x40, 0x00, 0x00, 0x7D, 0x00, 0x00, 0x01, 0xF8, 0x00, 0x00, 0x03, 0xF0, 0x00,
    0x00, 0x0B, 0xE0, 0x00, 0x38, 0x0F, 0xD0, 0x07, 0xD0, 0x0F, 0xFA, 0xFD, 0x00, 0x0B, 0xFF, 0x80,
    0x00, 0x01, 0x50, 0x00, 0x00, 0x3D, 0x00, 0x02, 0xFC, 0x00, 0x0B, 0xE0, 0x00, 0x06, 0x00, 0x00,
    0x00, 0x00, 0x00, 0x00, 0x00, 0x1F, 0xF8, 0x02, 0xF9, 0xBC, 0x2F, 0x00, 0xF4, 0xF8, 0x0B, 0xD7,
    0xC0, 0x1E, 0x2F, 0x00, 0x00, 0xFC, 0x00, 0x03, 0xF0, 0x00, 0x0F, 0xC0, 0x00, 0x2F, 0x40, 0x00,
    0x3F, 0x00, 0xB0, 0xBF, 0xAF, 0x40, 0xBF, 0xF4, 0x00, 0x14, 0x00, 0x00, 0x10, 0x00, 0x00, 0x01,
    0xE0, 0x2D, 0x00, 0x01, 0xFB, 0xD0, 0x00, 0x02, 0xFD, 0x00, 0x00, 0x02, 0xE0, 0x00, 0x00, 0x00,
    0x00, 0x00, 0x01, 0xBF, 0x90, 0x00, 0x3F, 0xFF, 0xF0, 0x03, 0xF4, 0x03, 0xF0, 0x3F, 0x00, 0x0B,
    0xC1, 0xF4, 0x00, 0x3F, 0x0F, 0xC0, 0x00, 0x64, 0x3E, 0x00, 0x00, 0x01, 0xF4, 0x00, 0x00, 0x0B,
    0xD0, 0x00, 0x00, 0x2F, 0x40, 0x00, 0x00, 0xBD, 0x00, 0x00, 0x01, 0xF4, 0x00, 0x00, 0x07, 0xE0,
    0x00, 0x00, 0x0F, 0xC0, 0x00, 0x00, 0x2F, 0x80, 0x00, 0xE0, 0x3F, 0x40, 0x1F, 0x40, 0x3F, 0xEB,
    0xF4, 0x00, 0x2F, 0xFE, 0x00, 0x00, 0x05, 0x40, 0x00, 0x04, 0x00, 0x10, 0x2D, 0x03, 0x80, 0x3D,
    0x7C, 0x00, 0x3F, 0xC0, 0x00, 0x7D, 0x00, 0x00, 0x50, 0x00, 0x00, 0x00, 0x00, 0x7F, 0xE0, 0x0B,
    0xE6, 0xF0, 0xBC, 0x03, 0xD3, 0xE0, 0x2F, 0x5F, 0x00, 0x78, 0xBC, 0x00, 0x03, 0xF0, 0x00, 0x0F,
    0xC0, 0x00, 0x3F, 0x00, 0x00, 0xBD, 0x00, 0x00, 0xFC, 0x02, 0xC2, 0xFE, 0xBD, 0x02, 0xFF, 0xD0,
    0x00, 0x50, 0x00, 0x00, 0x40, 0x01, 0x00, 0x00, 0x1E, 0x02, 0xC0, 0x00, 0x02, 0xFB, 0xD0, 0x00,
    0x00, 0x2F, 0xD0, 0x00, 0x00, 0x03, 0xD0, 0x00, 0x00, 0x00, 0x00, 0x00, 0x01, 0xAA, 0xA9, 0x40,
    0x00, 0xFF, 0xFF, 0xFE, 0x00, 0x03, 0xF0, 0x07, 0xF4, 0x00, 0xFC, 0x00, 0x3F, 0x40, 0x3E, 0x00,
    0x03, 0xF0, 0x0F, 0x80, 0x00, 0xBD, 0x03, 0xE0, 0x00, 0x1F, 0x80, 0xF8, 0x00, 0x07, 0xF0, 0x3E,
    0x00, 0x00, 0xFC, 0x0F, 0x80, 0x00, 0x7E, 0x07, 0xD0, 0x00, 0x1F, 0x81, 0xF4, 0x00, 0x0B, 0xD0,
    0x7D, 0x00, 0x03, 0xF0, 0x1F, 0x40, 0x02, 0xF4, 0x07, 0xD0, 0x01, 0xFC, 0x01, 0xF4, 0x02, 0xFC,
    0x05, 0xFE, 0xAF, 0xF4, 0x03, 0xFF, 0xFF, 0x90, 0x00, 0x00, 0x00, 0x00, 0x04, 0x00, 0x00, 0xFF,
    0x8B, 0xC0, 0x00, 0x1B, 0xE1, 0xF4, 0x00, 0x00, 0xF8, 0x3C, 0x00, 0x00, 0x3E, 0x0E, 0x00, 0x00,
    0x0F, 0x8B, 0x00, 0x00, 0x03, 0xE1, 0x00, 0x07, 0xFE, 0xF8, 0x00, 0x0B, 0xEA, 0xFD, 0x00, 0x07,
    0xD0, 0x0F, 0x40, 0x03, 0xE0, 0x0B, 0xD0, 0x01, 0xF4, 0x03, 0xF4, 0x00, 0xBC, 0x00, 0xFD, 0x00,
    0x3F, 0x00, 0x7F, 0x40, 0x0F, 0xC0, 0x2B, 0xD0, 0x03, 0xF0, 0x0D, 0xF4, 0x00, 0xFC, 0x07, 0x3D,
    0x00, 0x2F, 0x43, 0x8F, 0x00, 0x03, 0xFA, 0xC3, 0xE9, 0x00, 0x7F, 0xD0, 0xFF, 0x40, 0x01, 0x40,
    0x04, 0x00, 0x00, 0x06, 0xAA, 0xA5, 0x00, 0x00, 0xFF, 0xFF, 0xFE, 0x00, 0x00, 0xFC, 0x01, 0xFD,
    0x00, 0x0F, 0xC0, 0x03, 0xF4, 0x00, 0xF8, 0x00, 0x0F, 0xC0, 0x0F, 0x80, 0x00, 0xBD, 0x00, 0xF8,
    0x00, 0x07, 0xE0, 0x0F, 0x80, 0x00, 0x7F, 0x3F, 0xFF, 0xFC, 0x03, 0xF3, 0xFF, 0xFF, 0xC0, 0x7E,
    0x01, 0xF8, 0x00, 0x07, 0xE0, 0x1F, 0x40, 0x00, 0xBD, 0x01, 0xF4, 0x00, 0x0F, 0xC0, 0x1F, 0x40,
    0x02, 0xF4, 0x01, 0xF4, 0x00, 0x7F, 0x00, 0x1F, 0x40, 0x2F, 0xC0, 0x17, 0xFA, 0xBF, 0xD0, 0x03,
    0xFF, 0xFF, 0x90, 0x00, 0x00, 0x00, 0x00, 0x00, 0x00, 0x3F, 0xE0, 0x00, 0x01, 0xBE, 0x00, 0x00,
    0x03, 0xE0, 0x00, 0x2F, 0xFF, 0xE0, 0x02, 0xFF, 0xFE, 0x00, 0x00, 0x3E, 0x00, 0x1F, 0xFB, 0xE0,
    0x0B, 0xEA, 0xFE, 0x01, 0xF4, 0x03, 0xD0, 0x3E, 0x00, 0xBD, 0x07, 0xD0, 0x0F, 0xD0, 0xBC, 0x00,
    0xFD, 0x0F, 0xC0, 0x1F, 0xD0, 0xFC, 0x02, 0xBD, 0x0F, 0xC0, 0x37, 0xD0, 0xFC, 0x07, 0x3D, 0x0B,
    0xD0, 0xE3, 0xC0, 0x3F, 0xAC, 0x3E, 0x91, 0xFF, 0x43, 0xFD, 0x01, 0x40, 0x04, 0x00, 0x00, 0xFF,
    0xFD, 0x00, 0x0F, 0xFF, 0xD0, 0x00, 0x00, 0x00, 0x00, 0x00, 0x00, 0x00, 0x2A, 0xAA, 0xAA, 0x43,
    0xFF, 0xFF, 0xFC, 0x03, 0xE0, 0x0B, 0xC0, 0x3E, 0x00, 0x3C, 0x03, 0xE0, 0x02, 0xC0, 0x3E, 0x00,
    0x00, 0x07, 0xD0, 0x00, 0x00, 0x7D, 0x00, 0x00, 0x07, 0xFF, 0xFD, 0x00, 0x7F, 0xFF, 0xD0, 0x07,
    0xD0, 0x00, 0x00, 0x7D, 0x00, 0x00, 0x0B, 0xC0, 0x00, 0x00, 0xBC, 0x00, 0x18, 0x0B, 0xC0, 0x03,
    0xC0, 0xBC, 0x00, 0x7C, 0x6F, 0xEA, 0xAF, 0xCF, 0xFF, 0xFF, 0xF8, 0x07, 0xFF, 0xE0, 0x2F, 0xFF,
    0x80, 0x00, 0x00, 0x00, 0x00, 0x00, 0x00, 0x00, 0x00, 0x07, 0xFE, 0x00, 0xBE, 0x7F, 0x0B, 0xC0,
    0xBC, 0x3E, 0x01, 0xF1, 0xF0, 0x0B, 0xCB, 0xC1, 0xBD, 0x3F, 0xBF, 0x80, 0xFF, 0x90, 0x03, 0xF0,
    0x00, 0x0B, 0xD0, 0x00, 0x0F, 0xC0, 0x28, 0x2F, 0xEB, 0xE0, 0x2F, 0xFD, 0x00, 0x05, 0x00, 0x00,
    0x00, 0x40, 0x00, 0x00, 0x1C, 0x00, 0xA0, 0x00, 0xF0, 0x2D, 0x00, 0x0B, 0xFF, 0xC0, 0x00, 0x2F,
    0xE0, 0x00, 0x00, 0x00, 0x00, 0x2A, 0xAA, 0xAA, 0x43, 0xFF, 0xFF, 0xFC, 0x03, 0xE0, 0x0B, 0xC0,
    0x3E, 0x00, 0x3C, 0x03, 0xE0, 0x02, 0xC0, 0x3E, 0x00, 0x00, 0x07, 0xD0, 0x00, 0x00, 0x7D, 0x00,
    0x00, 0x07, 0xFF, 0xFD, 0x00, 0x7F, 0xFF, 0xD0, 0x07, 0xD0, 0x00, 0x00, 0x7D, 0x00, 0x00, 0x0B,
    0xC0, 0x00, 0x00, 0xBC, 0x00, 0x18, 0x0B, 0xC0, 0x03, 0xC0, 0xBC, 0x00, 0x7C, 0x6F, 0xEA, 0xAF,
    0xCF, 0xFF, 0xFF, 0xF8, 0x00, 0x00, 0x10, 0x2C, 0x01, 0xC0, 0x74, 0x0F, 0x00, 0xFF, 0xF4, 0x01,
    0xFF, 0x40, 0x00, 0x50, 0x00, 0x00, 0x00, 0x00, 0x7F, 0xE0, 0x0B, 0xE7, 0xF0, 0xBC, 0x0B, 0xC3,
    0xE0, 0x1F, 0x1F, 0x00, 0xBC, 0xBC, 0x1B, 0xD3, 0xFB, 0xF8, 0x0F, 0xF9, 0x00, 0x3F, 0x00, 0x00,
    0xBD, 0x00, 0x00, 0xFC, 0x02, 0x82, 0xFE, 0xBE, 0x02, 0xFF, 0xD0, 0x00, 0x50, 0x00, 0x00, 0x0B,
    0x80, 0x00, 0x00, 0xFD, 0x00, 0x00, 0x0F, 0xD0, 0x00, 0x00, 0x64, 0x00, 0x00, 0x00, 0x00, 0x02,
    0xAA, 0xAA, 0xA4, 0x3F, 0xFF, 0xFF, 0xC0, 0x3E, 0x00, 0xBC, 0x03, 0xE0, 0x03, 0xC0, 0x3E, 0x00,
    0x2C, 0x03, 0xE0, 0x00, 0x00, 0x7D, 0x00, 0x00, 0x07, 0xD0, 0x00, 0x00, 0x7F, 0xFF, 0xD0, 0x07,
    0xFF, 0xFD, 0x00, 0x7D, 0x00, 0x00, 0x07, 0xD0, 0x00, 0x00, 0xBC, 0x00, 0x00, 0x0B, 0xC0, 0x01,
    0x80, 0xBC, 0x00, 0x3C, 0x0B, 0xC0, 0x07, 0xC6, 0xFE, 0xAA, 0xFC, 0xFF, 0xFF, 0xFF, 0x80, 0x00,
    0x3D, 0x00, 0x02, 0xFC, 0x00, 0x0B, 0xE0, 0x00, 0x06, 0x00, 0x00, 0x00, 0x00, 0x00, 0x00, 0x00,
    0x1F, 0xF8, 0x02, 0xF9, 0xFC, 0x2F, 0x02, 0xF0, 0xF8, 0x07, 0xC7, 0xC0, 0x2F, 0x2F, 0x06, 0xF4,
    0xFE, 0xFE, 0x03, 0xFE, 0x40, 0x0F, 0xC0, 0x00, 0x2F, 0x40, 0x00, 0x3F, 0x00, 0xA0, 0xBF, 0xAF,
    0x80, 0xBF, 0xF4, 0x00, 0x14, 0x00, 0x2A, 0xAA, 0xAA, 0x43, 0xFF, 0xFF, 0xFC, 0x03, 0xE0, 0x0B,
    0xC0, 0x3E, 0x00, 0x3C, 0x03, 0xE0, 0x02, 0xC0, 0x3E, 0x00, 0x00, 0x07, 0xD0, 0x00, 0x00, 0x7D,
    0x00, 0x00, 0x07, 0xFF, 0xFD, 0x00, 0x7F, 0xFF, 0xD0, 0x07, 0xD0, 0x00, 0x00, 0x7D, 0x00, 0x00,
    0x0B, 0xC0, 0x00, 0x00, 0xBC, 0x00, 0x18, 0x0B, 0xC0, 0x03, 0xC0, 0xBC, 0x00, 0x7C, 0x6F, 0xEA,
    0xAF, 0xCF, 0xFF, 0xFF, 0xF8, 0x00, 0x00, 0x1E, 0x00, 0x00, 0x0B, 0x40, 0x00, 0x01, 0xE0, 0x00,
    0x00, 0x3E, 0x20, 0x00, 0x03, 0xFF, 0x00, 0x00, 0x0B, 0x80, 0x00, 0x00, 0x00, 0x07, 0xFE, 0x00,
    0xBE, 0x7F, 0x0B, 0xC0, 0xBC, 0x3E, 0x01, 0xF1, 0xF0, 0x0B, 0xCB, 0xC1, 0xBD, 0x3F, 0xBF, 0x80,
    0xFF, 0x90, 0x03, 0xF0, 0x00, 0x0B, 0xD0, 0x00, 0x0F, 0xC0, 0x28, 0x2F, 0xEB, 0xE0, 0x2F, 0xFE,
    0x00, 0x05, 0xF0, 0x00, 0x0B, 0x00, 0x00, 0x78, 0x00, 0x02, 0xE2, 0x00, 0x0B, 0xFC, 0x00, 0x0B,
    0x80, 0x00, 0x40, 0x00, 0x00, 0x0E, 0x02, 0xD0, 0x00, 0x7E, 0xF4, 0x00, 0x02, 0xFE, 0x00, 0x00,
    0x0B, 0x80, 0x00, 0x00, 0x00, 0x00, 0x2A, 0xAA, 0xAA, 0x43, 0xFF, 0xFF, 0xFC, 0x03, 0xE0, 0x0B,
    0xC0, 0x3E, 0x00, 0x3C, 0x03, 0xE0, 0x02, 0xC0, 0x3E, 0x00, 0x00, 0x07, 0xD0, 0x00, 0x00, 0x7D,
    0x00, 0x00, 0x07, 0xFF, 0xFD, 0x00, 0x7F, 0xFF, 0xD0, 0x07, 0xD0, 0x00, 0x00, 0x7D, 0x00, 0x00,
    0x0B, 0xC0, 0x00, 0x00, 0xBC, 0x00, 0x18, 0x0B, 0xC0, 0x03, 0xC0, 0xBC, 0x00, 0x7C, 0x6F, 0xEA,
    0xAF, 0xCF, 0xFF, 0xFF, 0xF8, 0x04, 0x00, 0x10, 0x2D, 0x03, 0x80, 0x3E, 0x7C, 0x00, 0x3F, 0xC0,
    0x00, 0x7D, 0x00, 0x00, 0x50, 0x00, 0x00, 0x00, 0x00, 0x7F, 0xE0, 0x0B, 0xE7, 0xF0, 0xBC, 0x0B,
    0xC3, 0xE0, 0x1F, 0x1F, 0x00, 0xBC, 0xBC, 0x1B, 0xD3, 0xFB, 0xF8, 0x0F, 0xF9, 0x00, 0x3F, 0x00,
    0x00, 0xBD, 0x00, 0x00, 0xFC, 0x02, 0x82, 0xFE, 0xBE, 0x02, 0xFF, 0xD0, 0x00, 0x50, 0x00, 0x00,
    0x00, 0x50, 0x00, 0x00, 0x0B, 0xD0, 0x00, 0x00, 0xBF, 0xC0, 0x00, 0x07, 0xDB, 0xC0, 0x00, 0x34,
    0x03, 0x80, 0x00, 0x00, 0x00, 0x00, 0x00, 0xBF, 0xE0, 0x00, 0x2F, 0xFF, 0xF8, 0x03, 0xF4, 0x01,
    0xF4, 0x3F, 0x00, 0x03, 0xF1, 0xF4, 0x00, 0x1F, 0x8F, 0xC0, 0x00, 0x18, 0x3E, 0x00, 0x00, 0x01,
    0xF8, 0x00, 0x00, 0x0B, 0xD0, 0x00, 0x00, 0x2F, 0x40, 0x01, 0x54, 0xBD, 0x00, 0x1F, 0xF5, 0xF4,
    0x00, 0x0B, 0xD7, 0xE0, 0x00, 0x1F, 0x4F, 0xC0, 0x00, 0x7D, 0x2F, 0x80, 0x01, 0xF4, 0x3F, 0x40,
    0x0B, 0xC0, 0x3F, 0xE6, 0xFF, 0x00, 0x2F, 0xFF, 0xD0, 0x00, 0x01, 0x40, 0x00, 0x00, 0x09, 0x00,
    0x00, 0x3F, 0x00, 0x00, 0xBF, 0xC0, 0x01, 0xE2, 0xE0, 0x03, 0x80, 0xB0, 0x00, 0x00, 0x10, 0x00,
    0x00, 0x00, 0x01, 0xFF, 0xED, 0x0B, 0xFA, 0xFE, 0x1F, 0x80, 0x3D, 0x3F, 0x00, 0x7D, 0x7D, 0x00,
    0xBD, 0xBC, 0x00, 0xFD, 0xFC, 0x01, 0xFD, 0xFC, 0x02, 0xBD, 0xFC, 0x03, 0x7C, 0xBC, 0x07, 0x3C,
    0x7D, 0x0F, 0x3C, 0x3F, 0xBD, 0x3C, 0x0F, 0xF4, 0x7C, 0x00, 0x00, 0xBC, 0x28, 0x00, 0xF4, 0xBD,
    0x01, 0xF0, 0xBC, 0x03, 0xD0, 0x7F, 0xAF, 0x40, 0x0A, 0xA4, 0x00, 0x00, 0x10, 0x00, 0x00, 0x00,
    0xC0, 0x0B, 0x00, 0x03, 0xD0, 0x74, 0x00, 0x0B, 0xFF, 0xC0, 0x00, 0x0B, 0xFC, 0x00, 0x00, 0x00,
    0x00, 0x00, 0x00, 0xBF, 0xE0, 0x00, 0x2F, 0xFF, 0xF8, 0x03, 0xF4, 0x01, 0xF4, 0x3F, 0x00, 0x03,
    0xF1, 0xF4, 0x00, 0x1F, 0x8F, 0xC0, 0x00, 0x18, 0x3E, 0x00, 0x00, 0x01, 0xF8, 0x00, 0x00, 0x0B,
    0xD0, 0x00, 0x00, 0x2F, 0x40, 0x01, 0x54, 0xBD, 0x00, 0x1F, 0xF5, 0xF4, 0x00, 0x0B, 0xD7, 0xE0,
    0x00, 0x1F, 0x4F, 0xC0, 0x00, 0x7D, 0x2F, 0x80, 0x01, 0xF4, 0x3F, 0x40, 0x0B, 0xC0, 0x3F, 0xE6,
    0xFF, 0x00, 0x2F, 0xFF, 0xD0, 0x00, 0x01, 0x40, 0x00, 0x01, 0x00, 0x00, 0x03, 0x00, 0x38, 0x03,
    0xC0, 0xB0, 0x02, 0xFF, 0xE0, 0x00, 0xBF, 0x80, 0x00, 0x04, 0x00, 0x00, 0x00, 0x00, 0x01, 0xFF,
    0xED, 0x0B, 0xFA, 0xFE, 0x1F, 0x80, 0x3D, 0x3F, 0x00, 0x7D, 0x7D, 0x00, 0xBD, 0xBC, 0x00, 0xFD,
    0xFC, 0x01, 0xFD, 0xFC, 0x02, 0xBD, 0xFC, 0x03, 0x7C, 0xBC, 0x07, 0x3C, 0x7D, 0x0F, 0x3C, 0x3F,
    0xBD, 0x3C, 0x0F, 0xF4, 0x7C, 0x00, 0x00, 0xBC, 0x28, 0x00, 0xF4, 0xBD, 0x01, 0xF0, 0xBC, 0x03,
    0xD0, 0x7F, 0xAF, 0x40, 0x0A, 0xA4, 0x00, 0x00, 0x01, 0xE0, 0x00, 0x00, 0x0F, 0xD0, 0x00, 0x00,
    0x3F, 0x40, 0x00, 0x00, 0x24, 0x00, 0x00, 0x00, 0x00, 0x00, 0x00, 0x2F, 0xF8, 0x00, 0x0B, 0xFF,
    0xFE, 0x00, 0xFD, 0x00, 0x7D, 0x0F, 0xC0, 0x00, 0xFC, 0x7D, 0x00, 0x07, 0xE3, 0xF0, 0x00, 0x06,
    0x0F, 0x80, 0x00, 0x00, 0x7E, 0x00, 0x00, 0x02, 0xF4, 0x00, 0x00, 0x0B, 0xD0, 0x00, 0x55, 0x2F,
    0x40, 0x07, 0xFD, 0x7D, 0x00, 0x02, 0xF5, 0xF8, 0x00, 0x07, 0xD3, 0xF0, 0x00, 0x1F, 0x4B, 0xE0,
    0x00, 0x7D, 0x0F, 0xD0, 0x02, 0xF0, 0x0F, 0xF9, 0xBF, 0xC0, 0x0B, 0xFF, 0xF4, 0x00, 0x00, 0x50,
    0x00, 0x00, 0x2E, 0x00, 0x00, 0x3F, 0x40, 0x00, 0x3F, 0x00, 0x00, 0x19, 0x00, 0x00, 0x00, 0x00,
    0x00, 0x00, 0x00, 0x01, 0xFF, 0xED, 0x0B, 0xFA, 0xFE, 0x1F, 0x80, 0x3D, 0x3F, 0x00, 0x7D, 0x7D,
    0x00, 0xBD, 0xBC, 0x00, 0xFD, 0xFC, 0x01, 0xFD, 0xFC, 0x02, 0xBD, 0xFC, 0x03, 0x7C, 0xBC, 0x07,
    0x3C, 0x7D, 0x0F, 0x3C, 0x3F, 0xBD, 0x3C, 0x0F, 0xF4, 0x7C, 0x00, 0x00, 0xBC, 0x28, 0x00, 0xF4,
    0xBD, 0x01, 0xF0, 0xBC, 0x03, 0xD0, 0x7F, 0xAF, 0x40, 0x0A, 0xA4, 0x00, 0x00, 0x0B, 0xFE, 0x00,
    0x02, 0xFF, 0xFF, 0x80, 0x3F, 0x40, 0x1F, 0x43, 0xF0, 0x00, 0x3F, 0x1F, 0x40, 0x01, 0xF8, 0xFC,
    0x00, 0x01, 0x83, 0xE0, 0x00, 0x00, 0x1F, 0x80, 0x00, 0x00, 0xBD, 0x00, 0x00, 0x02, 0xF4, 0x00,
    0x15, 0x4B, 0xD0, 0x01, 0xFF, 0x5F, 0x40, 0x00, 0xBD, 0x7E, 0x00, 0x01, 0xF4, 0xFC, 0x00, 0x07,
    0xD2, 0xF8, 0x00, 0x1F, 0x43, 0xF4, 0x00, 0xBC, 0x03, 0xFE, 0x6F, 0xF0, 0x02, 0xFF, 0xFD, 0x00,
    0x00, 0x14, 0x00, 0x00, 0x00, 0x00, 0x00, 0x00, 0x07, 0xD0, 0x00, 0x00, 0x2F, 0xC0, 0x00, 0x00,
    0xBE, 0x00, 0x00, 0x00, 0x50, 0x00, 0x00, 0x06, 0x00, 0x00, 0x1D, 0x00, 0x00, 0x3C, 0x00, 0x00,
    0x3F, 0x00, 0x00, 0x3F, 0x00, 0x00, 0x18, 0x00, 0x00, 0x00, 0x00, 0x01, 0xFF, 0xED, 0x0B, 0xFA,
    0xFE, 0x1F, 0x80, 0x3D, 0x3F, 0x00, 0x7D, 0x7D, 0x00, 0xBD, 0xBC, 0x00, 0xFD, 0xFC, 0x01, 0xFD,
    0xFC, 0x02, 0xBD, 0xFC, 0x03, 0x7C, 0xBC, 0x07, 0x3C, 0x7D, 0x0F, 0x3C, 0x3F, 0xBD, 0x3C, 0x0F,
    0xF4, 0x7C, 0x00, 0x00, 0xBC, 0x28, 0x00, 0xF4, 0xBD, 0x01, 0xF0, 0xBC, 0x03, 0xD0, 0x7F, 0xAF,
    0x40, 0x0A, 0xA4, 0x00, 0x00, 0x00, 0x10, 0x00, 0x00, 0x00, 0x0F, 0xC0, 0x00, 0x00, 0x02, 0xFF,
    0x00, 0x00, 0x00, 0xB9, 0xB8, 0x00, 0x00, 0x1D, 0x01, 0xD0, 0x00, 0x00, 0x00, 0x00, 0x00, 0x2A,
    0xA9, 0x02, 0xAA, 0xA3, 0xFF, 0xE0, 0x3F, 0xFF, 0x03, 0xE0, 0x00, 0x3F, 0x00, 0x3E, 0x00, 0x03,
    0xE0, 0x03, 0xE0, 0x00, 0x3E, 0x00, 0x3E, 0x00, 0x03, 0xE0, 0x07, 0xD0, 0x00, 0x3E, 0x00, 0x7D,
    0x00, 0x07, 0xE0, 0x07, 0xFF, 0xFF, 0xFD, 0x00, 0x7F, 0xFF, 0xFF, 0xD0, 0x07, 0xD0, 0x00, 0x7D,
    0x00, 0x7D, 0x00, 0x07, 0xD0, 0x0B, 0xC0, 0x00, 0x7D, 0x00, 0xBC, 0x00, 0x07, 0xD0, 0x0B, 0xC0,
    0x00, 0xBC, 0x00, 0xBC, 0x00, 0x0B, 0xC0, 0x5F, 0xE4, 0x01, 0xFE, 0x4F, 0xFF, 0xD0, 0xBF, 0xFD,
    0x00, 0x10, 0x00, 0x00, 0x00, 0x7E, 0x00, 0x00, 0x00, 0x7F, 0xD0, 0x00, 0x00, 0x3D, 0x7D, 0x00,
    0x00, 0x38, 0x02, 0xC0, 0x00, 0x00, 0x00, 0x00, 0x00, 0x00, 0xBF, 0xC0, 0x00, 0x00, 0x06, 0xF0,
    0x00, 0x00, 0x00, 0x7C, 0x00, 0x00, 0x00, 0x1F, 0x00, 0x00, 0x00, 0x07, 0xC0, 0x00, 0x00, 0x02,
    0xF0, 0x00, 0x00, 0x00, 0xBC, 0x0B, 0xF0, 0x00, 0x2F, 0x0F, 0xFE, 0x00, 0x0B, 0xC7, 0x4F, 0xC0,
    0x02, 0xF2, 0xC3, 0xF0, 0x00, 0xB8, 0xE0, 0xFC, 0x00, 0x2E, 0x70, 0x3E, 0x00, 0x0F, 0x6C, 0x0F,
    0x80, 0x03, 0xDD, 0x03, 0xE0, 0x00, 0xFB, 0x00, 0xF4, 0x00, 0x3F, 0xC0, 0x7D, 0x00, 0x0F, 0xD0,
    0x1F, 0x40, 0x03, 0xF0, 0x07, 0xE9, 0x00, 0xFC, 0x00, 0xFF, 0x40, 0x00, 0x00, 0x04, 0x00, 0x2A,
    0xA9, 0x02, 0xAA, 0xA0, 0xFF, 0xF8, 0x0F, 0xFF, 0xC0, 0x3E, 0x00, 0x03, 0xF0, 0x00, 0xF8, 0x00,
    0x0F, 0x80, 0xAB, 0xFA, 0xAA, 0xBF, 0xA3, 0xFF, 0xFF, 0xFF, 0xFF, 0xC0, 0x7D, 0x00, 0x03, 0xE0,
    0x01, 0xF4, 0x00, 0x0F, 0x80, 0x07, 0xFA, 0xAA, 0xFD, 0x00, 0x1F, 0xFF, 0xFF, 0xF4, 0x00, 0x7D,
    0x00, 0x07, 0xD0, 0x01, 0xF4, 0x00, 0x1F, 0x40, 0x0B, 0xC0, 0x00, 0x7D, 0x00, 0x2F, 0x00, 0x01,
    0xF4, 0x00, 0xBC, 0x00, 0x0B, 0xC0, 0x02, 0xF0, 0x00, 0x2F, 0x00, 0x5F, 0xE4, 0x01, 0xFE, 0x43,
    0xFF, 0xF4, 0x2F, 0xFF, 0x40, 0x00, 0x00, 0x00, 0x02, 0xFF, 0x00, 0x00, 0x01, 0xBC, 0x00, 0x00,
    0x01, 0xF0, 0x00, 0x00, 0xBF, 0xFF, 0xC0, 0x01, 0xBF, 0xA9, 0x00, 0x00, 0xBC, 0x00, 0x00, 0x02,
    0xF0, 0x2F, 0xC0, 0x0B, 0xC3, 0xFF, 0x80, 0x2F, 0x1D, 0x3F, 0x00, 0xBC, 0xB0, 0xFC, 0x02, 0xE3,
    0x83, 0xF0, 0x0B, 0x9C, 0x0F, 0x80, 0x3D, 0xB0, 0x3E, 0x00, 0xF7, 0x40, 0xF8, 0x03, 0xEC, 0x03,
    0xD0, 0x0F, 0xF0, 0x1F, 0x40, 0x3F, 0x40, 0x7D, 0x00, 0xFC, 0x01, 0xFA, 0x43, 0xF0, 0x03, 0xFD,
    0x00, 0x00, 0x01, 0x00, 0x1A, 0x00, 0x0F, 0xF9, 0xEA, 0x7F, 0xF0, 0x01, 0xA0, 0x00, 0x00, 0x0A,
    0xAA, 0x43, 0xFF, 0xE0, 0x0F, 0x80, 0x03, 0xE0, 0x00, 0xF8, 0x00, 0x3E, 0x00, 0x0F, 0x40, 0x07,
    0xD0, 0x01, 0xF4, 0x00, 0x7D, 0x00, 0x1F, 0x40, 0x07, 0xD0, 0x01, 0xF4, 0x00, 0xBC, 0x00, 0x2F,
    0x00, 0x0B, 0xC0, 0x1B, 0xF9, 0x0F, 0xFF, 0xD0, 0x1A, 0x00, 0x0F, 0xF9, 0xEA, 0x7F, 0xF0, 0x01,
    0xA0, 0x00, 0x00, 0x00, 0x00, 0x00, 0xBF, 0x00, 0x7F, 0xD0, 0x00, 0xF8, 0x00, 0x3D, 0x00, 0x0F,
    0x40, 0x07, 0xD0, 0x01, 0xF0, 0x00, 0x7C, 0x00, 0x2F, 0x00, 0x0B, 0xC0, 0x02, 0xF0, 0x00, 0xBD,
    0xD0, 0x1F, 0xE0, 0x00, 0x40, 0x3F, 0xFF, 0x0F, 0xFF, 0xC0, 0x00, 0x00, 0x00, 0x00, 0x2A, 0xA9,
    0x0F, 0xFF, 0x80, 0x3E, 0x00, 0x0F, 0x80, 0x03, 0xE0, 0x00, 0xF8, 0x00, 0x3D, 0x00, 0x1F, 0x40,
    0x07, 0xD0, 0x01, 0xF4, 0x00, 0x7D, 0x00, 0x1F, 0x40, 0x07, 0xD0, 0x02, 0xF0, 0x00, 0xBC, 0x00,
    0x2F, 0x00, 0x6F, 0xE4, 0x3F, 0xFF, 0x40, 0x3F, 0xFF, 0x1F, 0xFF, 0xC0, 0x00, 0x00, 0x00, 0x00,
    0x00, 0x00, 0x02, 0xFC, 0x01, 0xFF, 0x40, 0x03, 0xE0, 0x00, 0xF4, 0x00, 0x3D, 0x00, 0x1F, 0x40,
    0x07, 0xC0, 0x01, 0xF0, 0x00, 0xBC, 0x00, 0x2F, 0x00, 0x0B, 0xC0, 0x02, 0xF7, 0x40, 0x7F, 0x80,
    0x01, 0x00, 0x00, 0x00, 0x2C, 0x00, 0xD7, 0x80, 0xB0, 0xFF, 0xF8, 0x0F, 0xF8, 0x00, 0x00, 0x02,
    0xAA, 0x90, 0xFF, 0xF8, 0x03, 0xE0, 0x00, 0xF8, 0x00, 0x3E, 0x00, 0x0F, 0x80, 0x03, 0xD0, 0x01,
    0xF4, 0x00, 0x7D, 0x00, 0x1F, 0x40, 0x07, 0xD0, 0x01, 0xF4, 0x00, 0x7D, 0x00, 0x2F, 0x00, 0x0B,
    0xC0, 0x02, 0xF0, 0x06, 0xFE, 0x43, 0xFF, 0xF4, 0x10, 0x00, 0x1C, 0x00, 0xD3, 0x80, 0xF0, 0xBF,
    0xF4, 0x0F, 0xF8, 0x00, 0x50, 0x00, 0x00, 0x00, 0x2F, 0xC0, 0x1F, 0xF4, 0x00, 0x3E, 0x00, 0x0F,
    0x40, 0x03, 0xD0, 0x01, 0xF4, 0x00, 0x7C, 0x00, 0x1F, 0x00, 0x0B, 0xC0, 0x02, 0xF0, 0x00, 0xBC,
    0x00, 0x2F, 0x74, 0x07, 0xF8, 0x00, 0x10, 0x00, 0x2A, 0xA9, 0x3F, 0xFE, 0x03, 0xE0, 0x03, 0xE0,
    0x03, 0xE0, 0x03, 0xE0, 0x03, 0xD0, 0x07, 0xD0, 0x07, 0xD0, 0x07, 0xD0, 0x07, 0xD0, 0x07, 0xD0,
    0x07, 0xD0, 0x0B, 0xC0, 0x0B, 0xC0, 0x0B, 0xC0, 0x6F, 0xE4, 0xFF, 0xFD, 0x03, 0x80, 0x0F, 0x00,
    0x3D, 0x00, 0x3D, 0x20, 0x3F, 0xE0, 0x1F, 0x40, 0x03, 0xD0, 0x0B, 0xF0, 0x0B, 0xE0, 0x01, 0x80,
    0x00, 0x00, 0x00, 0x00, 0x2F, 0xC0, 0x7F, 0xD0, 0x03, 0xE0, 0x03, 0xD0, 0x07, 0xD0, 0x07, 0xD0,
    0x07, 0xC0, 0x0B, 0xC0, 0x0B, 0xC0, 0x0B, 0xC0, 0x0F, 0xC0, 0x0F, 0xDD, 0x07, 0xFC, 0x01, 0xE0,
    0x03, 0xC0, 0x0B, 0x40, 0x0F, 0x48, 0x0F, 0xF8, 0x07, 0xD0, 0x02, 0xE0, 0x07, 0xF0, 0x03, 0xF0,
    0x01, 0x90, 0x00, 0x00, 0x2A, 0xA9, 0x3F, 0xFE, 0x03, 0xE0, 0x03, 0xE0, 0x03, 0xE0, 0x03, 0xE0,
    0x03, 0xD0, 0x07, 0xD0, 0x07, 0xD0, 0x07, 0xD0, 0x07, 0xD0, 0x07, 0xD0, 0x07, 0xD0, 0x0B, 0xC0,
    0x0B, 0xC0, 0x0B, 0xC0, 0x6F, 0xE4, 0xFF, 0xFD, 0x00, 0x00, 0x2F, 0xC0, 0x7F, 0xD0, 0x03, 0xE0,
    0x03, 0xD0, 0x03, 0xD0, 0x07, 0xD0, 0x07, 0xC0, 0x07, 0xC0, 0x0B, 0xC0, 0x0B, 0xC0, 0x0B, 0xC0,
    0x0B, 0xDD, 0x07, 0xF8, 0x00, 0x40, 0x2A, 0xA9, 0x0A, 0xAA, 0x83, 0xFF, 0xE0, 0xFF, 0xFC, 0x03,
    0xE0, 0x00, 0xFC, 0x00, 0x3E, 0x00, 0x0F, 0xC0, 0x03, 0xE0, 0x00, 0xFC, 0x00, 0x3E, 0x00, 0x0F,
    0xC0, 0x03, 0xD0, 0x00, 0xFC, 0x00, 0x7D, 0x00, 0x0F, 0xC0, 0x07, 0xD0, 0x00, 0xFC, 0x00, 0x7D,
    0x00, 0x0F, 0x80, 0x07, 0xD0, 0x00, 0xF8, 0x00, 0x7D, 0x00, 0x0F, 0x80, 0x07, 0xD0, 0x00, 0xF8,
    0x00, 0xBC, 0x00, 0x0F, 0x80, 0x0B, 0xC0, 0x01, 0xF8, 0x00, 0xBC, 0x00, 0x1F, 0x40, 0x6F, 0xE4,
    0x01, 0xF4, 0x0F, 0xFF, 0xD0, 0x1F, 0x40, 0x00, 0x00, 0x02, 0xF0, 0x00, 0x00, 0x00, 0x3F, 0x00,
    0x00, 0x00, 0x07, 0xC0, 0x00, 0x00, 0x00, 0xF4, 0x00, 0x00, 0x00, 0x2D, 0x00, 0x00, 0x00, 0x01,
    0x40, 0x00, 0x03, 0xD0, 0x07, 0xC0, 0xBF, 0x00, 0xFE, 0x0B, 0xE0, 0x0F, 0xD0, 0x18, 0x00, 0x24,
    0x00, 0x00, 0x00, 0x00, 0x00, 0x00, 0x00, 0x2F, 0xC0, 0x2F, 0xC7, 0xFD, 0x07, 0xFD, 0x03, 0xE0,
    0x03, 0xE0, 0x3D, 0x00, 0x3E, 0x07, 0xD0, 0x03, 0xD0, 0x7D, 0x00, 0x3D, 0x07, 0xC0, 0x03, 0xD0,
    0x7C, 0x00, 0x7D, 0x0B, 0xC0, 0x07, 0xD0, 0xBC, 0x00, 0x7C, 0x0B, 0xC0, 0x07, 0xC0, 0xBD, 0xD0,
    0x7C, 0x07, 0xF8, 0x0B, 0xC0, 0x04, 0x00, 0xB8, 0x00, 0x00, 0x0B, 0x40, 0x00, 0x00, 0xF0, 0x00,
    0x03, 0xFD, 0x00, 0x00, 0x3F, 0x80, 0x00, 0x01, 0xA0, 0x00, 0x00, 0x10, 0x00, 0x0F, 0xC0, 0x02,
    0xFF, 0x00, 0xB9, 0xB8, 0x1D, 0x01, 0xD0, 0x00, 0x00, 0x1A, 0xAA, 0x41, 0xFF, 0xF8, 0x00, 0xF8,
    0x00, 0x0F, 0x80, 0x00, 0xF8, 0x00, 0x0F, 0x80, 0x00, 0xF4, 0x00, 0x1F, 0x40, 0x01, 0xF4, 0x00,
    0x1F, 0x40, 0x01, 0xF4, 0x00, 0x1F, 0x40, 0x01, 0xF4, 0x00, 0x2F, 0x00, 0x02, 0xF0, 0x00, 0x2F,
    0x00, 0x02, 0xF0, 0x00, 0x3F, 0x00, 0x03, 0xF0, 0x00, 0x3D, 0x00, 0x0B, 0xC0, 0x01, 0xF0, 0x00,
    0x3C, 0x00, 0x01, 0x00, 0x00, 0x00, 0x80, 0x00, 0xFC, 0x00, 0xBF, 0x80, 0x78, 0xF4, 0x34, 0x0B,
    0x00, 0x00, 0x40, 0x00, 0x00, 0x2F, 0xC0, 0x1F, 0xF8, 0x00, 0x3E, 0x00, 0x0F, 0x80, 0x03, 0xE0,
    0x00, 0xF8, 0x00, 0x3E, 0x00, 0x0F, 0x40, 0x03, 0xD0, 0x00, 0xF4, 0x00, 0x7D, 0x00, 0x1F, 0x00,
    0x07, 0xC0, 0x01, 0xF0, 0x00, 0x78, 0x00, 0x2C, 0x03, 0xEE, 0x00, 0xFF, 0x00, 0x1A, 0x00, 0x00,
    0x2A, 0xA9, 0x06, 0xAA, 0x4F, 0xFF, 0x82, 0xFF, 0xD0, 0x3E, 0x00, 0x0F, 0x40, 0x0F, 0x80, 0x0F,
    0x40, 0x03, 0xE0, 0x0F, 0x00, 0x00, 0xF8, 0x0F, 0x00, 0x00, 0x3D, 0x0F, 0x00, 0x00, 0x1F, 0x4F,
    0x00, 0x00, 0x07, 0xDF, 0x80, 0x00, 0x01, 0xF6, 0xFD, 0x00, 0x00, 0x7D, 0x0F, 0xC0, 0x00, 0x1F,
    0x41, 0xF8, 0x00, 0x0B, 0xD0, 0x3F, 0x00, 0x02, 0xF0, 0x0B, 0xD0, 0x00, 0xBC, 0x00, 0xFC, 0x00,
    0x2F, 0x00, 0x3F, 0x00, 0x6F, 0xE4, 0x07, 0xF6, 0x3F, 0xFF, 0x40, 0xBF, 0xD0, 0x00, 0x00, 0x01,
    0x40, 0x00, 0x09, 0x00, 0x00, 0x00, 0x0B, 0xD0, 0x00, 0x00, 0x02, 0xF8, 0x00, 0x00, 0x00, 0x2C,
    0x00, 0x00, 0x00, 0x0E, 0x00, 0x00, 0x00, 0x0A, 0x00, 0x00, 0x00, 0x00, 0x00, 0x00, 0x0B, 0xFC,
    0x00, 0x00, 0x1B, 0xC0, 0x00, 0x00, 0x7C, 0x00, 0x00, 0x07, 0xC0, 0x00, 0x00, 0x7C, 0x00, 0x00,
    0x0B, 0xC0, 0x00, 0x00, 0xBC, 0x03, 0xE0, 0x0B, 0xC0, 0x7F, 0x00, 0xBC, 0x02, 0xF0, 0x0B, 0x80,
    0x3D, 0x00, 0xB8, 0x2F, 0x40, 0x0F, 0xFF, 0x80, 0x00, 0xFF, 0xF4, 0x00, 0x0F, 0x8F, 0xC0, 0x00,
    0xF8, 0x7D, 0x00, 0x0F, 0x43, 0xF0, 0x00, 0xF4, 0x0F, 0x80, 0x0F, 0x40, 0xBE, 0x50, 0xF4, 0x03,
    0xFD, 0x00, 0x00, 0x05, 0x00, 0x00, 0x90, 0x00, 0x00, 0x3F, 0x00, 0x00, 0x02, 0xF4, 0x00, 0x00,
    0x0F, 0x00, 0x00, 0x01, 0xD0, 0x00, 0x00, 0x24, 0x00, 0x00, 0x00, 0x00, 0x00, 0x01, 0xFE, 0x00,
    0xBC, 0x0B, 0xFC, 0x07, 0xF0, 0x01, 0xF0, 0x07, 0xC0, 0x07, 0xC0, 0x3E, 0x00, 0x2F, 0x07, 0xD0,
    0x00, 0xBE, 0xF8, 0x00, 0x02, 0xFF, 0xD0, 0x00, 0x0B, 0xCB, 0xC0, 0x00, 0x2E, 0x0F, 0x80, 0x00,
    0xF8, 0x2F, 0x00, 0x03, 0xE0, 0x3F, 0x00, 0x0F, 0x80, 0x7E, 0x60, 0x3E, 0x00, 0xBF, 0x80, 0x00,
    0x00, 0x50, 0x00, 0x00, 0x00, 0x00, 0x00, 0x01, 0xF0, 0x00, 0x00, 0xBF, 0x00, 0x00, 0x2F, 0x80,
    0x00, 0x07, 0x40, 0x00, 0x00, 0x00, 0x00, 0x00, 0x2A, 0xAA, 0x00, 0x03, 0xFF, 0xF4, 0x00, 0x03,
    0xE0, 0x00, 0x00, 0x3E, 0x00, 0x00, 0x03, 0xE0, 0x00, 0x00, 0x3E, 0x00, 0x00, 0x07, 0xD0, 0x00,
    0x00, 0x7D, 0x00, 0x00, 0x07, 0xD0, 0x00, 0x00, 0x7D, 0x00, 0x00, 0x07, 0xD0, 0x00, 0x00, 0x7D,
    0x00, 0x00, 0x0B, 0xC0, 0x00, 0x00, 0xBC, 0x00, 0x2C, 0x0B, 0xC0, 0x03, 0xC0, 0xBC, 0x00, 0x7C,
    0x5F, 0xEA, 0xAF, 0x8F, 0xFF, 0xFF, 0xF8, 0x00, 0x00, 0x00, 0xF4, 0x03, 0xF4, 0x0F, 0xD0, 0x38,
    0x00, 0x00, 0x00, 0xBF, 0xC0, 0x1B, 0xC0, 0x07, 0xC0, 0x07, 0xC0, 0x07, 0xC0, 0x0B, 0xC0, 0x0B,
    0xC0, 0x0B, 0xC0, 0x0B, 0xC0, 0x0B, 0xC0, 0x0B, 0xC0, 0x0F, 0xC0, 0x0F, 0xC0, 0x0F, 0x80, 0x0F,
    0x80, 0x0F, 0x80, 0x0F, 0x80, 0x0F, 0xDC, 0x0B, 0xF8, 0x01, 0x40, 0x2A, 0xAA, 0x00, 0x03, 0xFF,
    0xF4, 0x00, 0x03, 0xE0, 0x00, 0x00, 0x3E, 0x00, 0x00, 0x03, 0xE0, 0x00, 0x00, 0x3E, 0x00, 0x00,
    0x07, 0xD0, 0x00, 0x00, 0x7D, 0x00, 0x00, 0x07, 0xD0, 0x00, 0x00, 0x7D, 0x00, 0x00, 0x07, 0xD0,
    0x00, 0x00, 0x7D, 0x00, 0x00, 0x0B, 0xC0, 0x00, 0x00, 0xBC, 0x00, 0x2C, 0x0B, 0xC0, 0x03, 0xC0,
    0xBC, 0x00, 0x7C, 0x5F, 0xEA, 0xAF, 0x8F, 0xFF, 0xFF, 0xF8, 0x00, 0x00, 0x00, 0x00, 0x00, 0x90,
    0x00, 0x00, 0x3F, 0x00, 0x00, 0x02, 0xF4, 0x00, 0x00, 0x0F, 0x00, 0x00, 0x01, 0xD0, 0x00, 0x00,
    0x24, 0x00, 0x00, 0x00, 0x00, 0xBF, 0xC0, 0x1B, 0xC0, 0x07, 0xC0, 0x07, 0xC0, 0x07, 0xC0, 0x0B,
    0xC0, 0x0B, 0xC0, 0x0B, 0xC0, 0x0B, 0xC0, 0x0B, 0xC0, 0x0B, 0xC0, 0x0F, 0xC0, 0x0F, 0xC0, 0x0F,
    0x80, 0x0F, 0x80, 0x0F, 0x80, 0x0F, 0x80, 0x0F, 0xDC, 0x0B, 0xF8, 0x01, 0x40, 0x01, 0x80, 0x07,
    0xE0, 0x07, 0xF0, 0x01, 0xD0, 0x03, 0xC0, 0x06, 0x00, 0x00, 0x00, 0x05, 0x00, 0x00, 0x00, 0xF8,
    0x2A, 0xAA, 0x0F, 0xC3, 0xFF, 0xF4, 0x78, 0x03, 0xE0, 0x0B, 0x00, 0x3E, 0x00, 0xD0, 0x03, 0xE0,
    0x04, 0x00, 0x3E, 0x00, 0x00, 0x07, 0xD0, 0x00, 0x00, 0x7D, 0x00, 0x00, 0x07, 0xD0, 0x00, 0x00,
    0x7D, 0x00, 0x00, 0x07, 0xD0, 0x00, 0x00, 0x7D, 0x00, 0x00, 0x0B, 0xC0, 0x00, 0x00, 0xBC, 0x00,
    0x2C, 0x0B, 0xC0, 0x03, 0xC0, 0xBC, 0x00, 0x7C, 0x5F, 0xEA, 0xAF, 0x8F, 0xFF, 0xFF, 0xF8, 0x00,
    0x01, 0x4B, 0xFC, 0x3E, 0x1B, 0xC3, 0xF0, 0x7C, 0x1E, 0x07, 0xC2, 0xC0, 0x7C, 0x34, 0x0B, 0xC1,
    0x00, 0xBC, 0x00, 0x0B, 0xC0, 0x00, 0xBC, 0x00, 0x0B, 0xC0, 0x00, 0xBC, 0x00, 0x0F, 0xC0, 0x00,
    0xFC, 0x00, 0x0F, 0x80, 0x00, 0xF8, 0x00, 0x0F, 0x80, 0x00, 0xF8, 0x00, 0x0F, 0xDC, 0x00, 0xBF,
    0x80, 0x01, 0x40, 0x00, 0x2A, 0xAA, 0x00, 0x03, 0xFF, 0xF4, 0x00, 0x03, 0xE0, 0x00, 0x00, 0x3E,
    0x00, 0x00, 0x03, 0xE0, 0x00, 0x00, 0x3E, 0x00, 0x00, 0x07, 0xD0, 0x0F, 0x40, 0x7D, 0x02, 0xFC,
    0x07, 0xD0, 0x2F, 0x80, 0x7D, 0x00, 0x60, 0x07, 0xD0, 0x00, 0x00, 0x7D, 0x00, 0x00, 0x0B, 0xC0,
    0x00, 0x00, 0xBC, 0x00, 0x2C, 0x0B, 0xC0, 0x03, 0xC0, 0xBC, 0x00, 0x7C, 0x5F, 0xEA, 0xAF, 0x8F,
    0xFF, 0xFF, 0xF8, 0x00, 0x00, 0x02, 0xFF, 0x00, 0x01, 0xBC, 0x00, 0x01, 0xF0, 0x00, 0x07, 0xC0,
    0x00, 0x1F, 0x00, 0x00, 0xBC, 0x00, 0x02, 0xF0, 0x00, 0x0B, 0xC2, 0xE0, 0x2F, 0x0F, 0xD0, 0xBC,
    0x3F, 0x02, 0xF0, 0x24, 0x0F, 0xC0, 0x00, 0x3F, 0x00, 0x00, 0xF8, 0x00, 0x03, 0xE0, 0x00, 0x0F,
    0x80, 0x00, 0x3E, 0x00, 0x00, 0xFD, 0xC0, 0x02, 0xFE, 0x00, 0x01, 0x40, 0x00, 0x0A, 0xAA, 0x80,
    0x00, 0x3F, 0xFF, 0x40, 0x00, 0x0F, 0x80, 0x00, 0x00, 0x3E, 0x00, 0x00, 0x00, 0xF8, 0x00, 0x00,
    0x03, 0xE0, 0x10, 0x00, 0x1F, 0x47, 0xC0, 0x00, 0x7E, 0xBD, 0x00, 0x01, 0xFF, 0x80, 0x00, 0x0F,
    0xF0, 0x00, 0x02, 0xFF, 0x40, 0x00, 0x0E, 0xBD, 0x00, 0x00, 0x12, 0xF0, 0x00, 0x00, 0x0B, 0xC0,
    0x02, 0xC0, 0x2F, 0x00, 0x0F, 0x00, 0xBC, 0x00, 0x7C, 0x17, 0xFA, 0xAB, 0xE0, 0xFF, 0xFF, 0xFF,
    0x80, 0x00, 0x00, 0x0F, 0xF8, 0x01, 0xBE, 0x00, 0x0F, 0x80, 0x03, 0xE0, 0x00, 0xF8, 0x00, 0x3E,
    0x00, 0x0F, 0x44, 0x03, 0xEF, 0x00, 0xFF, 0x42, 0xFE, 0x01, 0xFF, 0x40, 0x57, 0xD0, 0x01, 0xF4,
    0x00, 0x7D, 0x00, 0x1F, 0x00, 0x07, 0xC0, 0x01, 0xF0, 0x00, 0x7E, 0xA0, 0x0F, 0xF4, 0x00, 0x40,
    0x00, 0x00, 0x00, 0x00, 0x00, 0x00, 0x00, 0x00, 0xB4, 0x00, 0x00, 0x00, 0x3F, 0x80, 0x00, 0x00,
    0x0F, 0xD0, 0x00, 0x00, 0x03, 0xD0, 0x00, 0x00, 0x00, 0x00, 0x00, 0x00, 0x2A, 0xA4, 0x00, 0xAA,
    0x93, 0xFF, 0xC0, 0x1F, 0xFD, 0x03, 0xFD, 0x00, 0x1E, 0x00, 0x3B, 0xF0, 0x01, 0xD0, 0x03, 0xAF,
    0x40, 0x1D, 0x00, 0x38, 0xFC, 0x01, 0xD0, 0x07, 0x4B, 0xD0, 0x2D, 0x00, 0x74, 0x3F, 0x02, 0xD0,
    0x07, 0x42, 0xF4, 0x2C, 0x00, 0x74, 0x0F, 0xC2, 0xC0, 0x07, 0x40, 0xBC, 0x2C, 0x00, 0x74, 0x03,
    0xE2, 0xC0, 0x0B, 0x40, 0x2F, 0x2C, 0x00, 0xB0, 0x00, 0xFB, 0xC0, 0x0B, 0x00, 0x0B, 0xFC, 0x00,
    0xB0, 0x00, 0x3F, 0xC0, 0x5F, 0x90, 0x03, 0xFC, 0x0F, 0xFF, 0x40, 0x1F, 0xC0, 0x00, 0x00, 0x00,
    0x00, 0x00, 0x00, 0x00, 0x10, 0x00, 0x00, 0x02, 0xF0, 0x00, 0x00, 0x1F, 0x80, 0x00, 0x00, 0xF4,
    0x00, 0x00, 0x0E, 0x00, 0x00, 0x00, 0x10, 0x00, 0x00, 0x00, 0x00, 0x00, 0x1F, 0xE0, 0x2F, 0xC0,
    0xBF, 0xC2, 0xFF, 0xC0, 0x1F, 0x0E, 0x2F, 0x00, 0x7C, 0x70, 0xBC, 0x01, 0xF3, 0x82, 0xF0, 0x0B,
    0xCD, 0x0B, 0xC0, 0x2E, 0x70, 0x3F, 0x00, 0xBB, 0x80, 0xFC, 0x02, 0xED, 0x03, 0xE0, 0x0B, 0xF0,
    0x0F, 0x80, 0x2F, 0x80, 0x3E, 0x00, 0xBD, 0x00, 0xFD, 0x83, 0xF0, 0x03, 0xFD, 0x00, 0x00, 0x01,
    0x40, 0x2A, 0xA4, 0x00, 0xAA, 0x93, 0xFF, 0xC0, 0x1F, 0xFD, 0x03, 0xFD, 0x00, 0x1E, 0x00, 0x3B,
    0xF0, 0x01, 0xD0, 0x03, 0xAF, 0x40, 0x1D, 0x00, 0x38, 0xFC, 0x01, 0xD0, 0x07, 0x4B, 0xD0, 0x2D,
    0x00, 0x74, 0x3F, 0x02, 0xD0, 0x07, 0x42, 0xF4, 0x2C, 0x00, 0x74, 0x0F, 0xC2, 0xC0, 0x07, 0x40,
    0xBC, 0x2C, 0x00, 0x74, 0x03, 0xE2, 0xC0, 0x0B, 0x40, 0x2F, 0x2C, 0x00, 0xB0, 0x00, 0xFB, 0xC0,
    0x0B, 0x00, 0x0B, 0xFC, 0x00, 0xB0, 0x00, 0x3F, 0xC0, 0x5F, 0x90, 0x03, 0xFC, 0x0F, 0xFF, 0x40,
    0x1F, 0xC0, 0x00, 0x00, 0x00, 0x00, 0x00, 0x00, 0x18, 0x00, 0x00, 0x00, 0x07, 0xF0, 0x00, 0x00,
    0x00, 0x3F, 0x00, 0x00, 0x00, 0x00, 0xE0, 0x00, 0x00, 0x00, 0x2C, 0x00, 0x00, 0x00, 0x03, 0x00,
    0x00, 0x00, 0x00, 0x00, 0x00, 0x01, 0xFE, 0x02, 0xFC, 0x0B, 0xFC, 0x2F, 0xFC, 0x01, 0xF0, 0xE2,
    0xF0, 0x07, 0xC7, 0x0B, 0xC0, 0x1F, 0x38, 0x2F, 0x00, 0xBC, 0xD0, 0xBC, 0x02, 0xE7, 0x03, 0xF0,
    0x0B, 0xB8, 0x0F, 0xC0, 0x2E, 0xD0, 0x3E, 0x00, 0xBF, 0x00, 0xF8, 0x02, 0xF8, 0x03, 0xE0, 0x0B,
    0xD0, 0x0F, 0xD8, 0x3F, 0x00, 0x3F, 0xD0, 0x00, 0x00, 0x14, 0x00, 0x01, 0x90, 0x00, 0x00, 0x0F,
    0xC0, 0x00, 0x00, 0x3F, 0x00, 0x00, 0x00, 0x3C, 0x00, 0x00, 0x02, 0xC0, 0x00, 0x00, 0x0D, 0x00,
    0x00, 0x00, 0x10, 0x00, 0x40, 0x00, 0x02, 0xE0, 0x3C, 0x00, 0x00, 0x0B, 0xEF, 0x00, 0x00, 0x00,
    0x3F, 0xC0, 0x00, 0x00, 0x00, 0xF4, 0x00, 0x00, 0x00, 0x00, 0x00, 0x00, 0x2A, 0xA4, 0x00, 0xAA,
    0x93, 0xFF, 0xC0, 0x1F, 0xFD, 0x03, 0xFD, 0x00, 0x1E, 0x00, 0x3B, 0xF0, 0x01, 0xD0, 0x03, 0xAF,
    0x40, 0x1D, 0x00, 0x38, 0xFC, 0x01, 0xD0, 0x07, 0x4B, 0xD0, 0x2D, 0x00, 0x74, 0x3F, 0x02, 0xD0,
    0x07, 0x42, 0xF4, 0x2C, 0x00, 0x74, 0x0F, 0xC2, 0xC0, 0x07, 0x40, 0xBC, 0x2C, 0x00, 0x74, 0x03,
    0xE2, 0xC0, 0x0B, 0x40, 0x2F, 0x2C, 0x00, 0xB0, 0x00, 0xFB, 0xC0, 0x0B, 0x00, 0x0B, 0xFC, 0x00,
    0xB0, 0x00, 0x3F, 0xC0, 0x5F, 0x90, 0x03, 0xFC, 0x0F, 0xFF, 0x40, 0x1F, 0xC0, 0x00, 0x00, 0x00,
    0x00, 0x00, 0x00, 0x40, 0x01, 0x00, 0x03, 0xC0, 0x74, 0x00, 0x03, 0xDB, 0x80, 0x00, 0x07, 0xFC,
    0x00, 0x00, 0x0B, 0xC0, 0x00, 0x00, 0x04, 0x00, 0x00, 0x00, 0x00, 0x00, 0x1F, 0xE0, 0x2F, 0xC0,
    0xBF, 0xC2, 0xFF, 0xC0, 0x1F, 0x0E, 0x2F, 0x00, 0x7C, 0x70, 0xBC, 0x01, 0xF3, 0x82, 0xF0, 0x0B,
    0xCD, 0x0B, 0xC0, 0x2E, 0x70, 0x3F, 0x00, 0xBB, 0x80, 0xFC, 0x02, 0xED, 0x03, 0xE0, 0x0B, 0xF0,
    0x0F, 0x80, 0x2F, 0x80, 0x3E, 0x00, 0xBD, 0x00, 0xFD, 0x83, 0xF0, 0x03, 0xFD, 0x00, 0x00, 0x01,
    0x40, 0x00, 0x00, 0x00, 0x00, 0x00, 0xFC, 0x00, 0x00, 0x00, 0x0B, 0xF0, 0x00, 0x00, 0x00, 0x0B,
    0xC0, 0x00, 0x00, 0x00, 0x0F, 0x00, 0x00, 0x00, 0x00, 0xB4, 0x00, 0x00, 0x00, 0x0B, 0x40, 0x00,
    0x00, 0x00, 0x10, 0x6F, 0xC0, 0x7F, 0x40, 0x01, 0xFF, 0x07, 0xFF, 0x00, 0x00, 0x3D, 0x3C, 0xBC,
    0x00, 0x01, 0xF1, 0xD1, 0xF0, 0x00, 0x07, 0xCB, 0x07, 0xC0, 0x00, 0x1F, 0x38, 0x2F, 0x00, 0x00,
    0x7D, 0xC0, 0xBC, 0x00, 0x01, 0xFB, 0x02, 0xF0, 0x00, 0x07, 0xB8, 0x0F, 0xC0, 0x00, 0x1F, 0xC0,
    0x3F, 0x00, 0x00, 0xBF, 0x00, 0xF8, 0x00, 0x02, 0xF8, 0x03, 0xF6, 0x00, 0x0B, 0xC0, 0x0B, 0xF8,
    0x00, 0x00, 0x00, 0x05, 0x00, 0x2A, 0xA4, 0x00, 0xAA, 0x93, 0xFF, 0xC0, 0x1F, 0xFE, 0x03, 0xFD,
    0x00, 0x1E, 0x00, 0x3B, 0xF0, 0x01, 0xD0, 0x03, 0xAF, 0x40, 0x1D, 0x00, 0x38, 0xFC, 0x01, 0xD0,
    0x07, 0x4B, 0xD0, 0x1D, 0x00, 0x74, 0x3F, 0x02, 0xD0, 0x07, 0x42, 0xF4, 0x2C, 0x00, 0x74, 0x0F,
    0xC2, 0xC0, 0x07, 0x40, 0xBC, 0x2C, 0x00, 0x74, 0x03, 0xE2, 0xC0, 0x0B, 0x40, 0x2F, 0x2C, 0x00,
    0xB0, 0x00, 0xFA, 0xC0, 0x0B, 0x00, 0x0B, 0xFC, 0x00, 0xB0, 0x00, 0x3F, 0xC0, 0x5F, 0x90, 0x03,
    0xFC, 0x0F, 0xFF, 0x40, 0x1F, 0xC0, 0x00, 0x00, 0x00, 0xF8, 0x00, 0x00, 0x00, 0x1F, 0x40, 0x00,
    0x00, 0x03, 0xF0, 0x00, 0x00, 0x00, 0x7C, 0x00, 0x00, 0x00, 0x0F, 0x40, 0x00, 0x00, 0x00, 0x80,
    0x00, 0x00, 0x00, 0x00, 0x07, 0xF8, 0x0B, 0xF0, 0xBF, 0xC2, 0xFF, 0xC0, 0x7C, 0x38, 0xBC, 0x07,
    0xC7, 0x0B, 0xC0, 0x7C, 0xE0, 0xBC, 0x0B, 0xCD, 0x0B, 0xC0, 0xB9, 0xC0, 0xFC, 0x0B, 0xB8, 0x0F,
    0x80, 0xBB, 0x40, 0xF8, 0x0B, 0xF0, 0x0F, 0x80, 0xBE, 0x00, 0xF4, 0x0B, 0xD0, 0x0F, 0x40, 0xFC,
    0x01, 0xF0, 0x00, 0x00, 0x1F, 0x00, 0x00, 0x01, 0xE0, 0x00, 0x00, 0x2C, 0x00, 0x00, 0xBB, 0x80,
    0x00, 0x0F, 0xF0, 0x00, 0x00, 0x68, 0x00, 0x00, 0x3F, 0xFF, 0x80, 0x00, 0x0F, 0xFF, 0xE0, 0x00,
    0x00, 0x00, 0x00, 0x00, 0x00, 0x00, 0x00, 0x00, 0x00, 0x1B, 0xFD, 0x00, 0x00, 0x3F, 0xFF, 0xF4,
    0x00, 0x3F, 0x00, 0x7F, 0x40, 0x3F, 0x00, 0x03, 0xF0, 0x1F, 0x40, 0x00, 0xBE, 0x0F, 0xC0, 0x00,
    0x0F, 0xC3, 0xE0, 0x00, 0x03, 0xF1, 0xF4, 0x00, 0x00, 0xFC, 0xBD, 0x00, 0x00, 0x3F, 0x2F, 0x40,
    0x00, 0x0F, 0xCB, 0xD0, 0x00, 0x03, 0xF1, 0xF8, 0x00, 0x00, 0xFC, 0x7E, 0x00, 0x00, 0x3E, 0x0F,
    0xC0, 0x00, 0x2F, 0x42, 0xF8, 0x00, 0x0F, 0xC0, 0x3F, 0x40, 0x0F, 0xC0, 0x03, 0xFE, 0x6F, 0xC0,
    0x00, 0x2F, 0xFF, 0x80, 0x00, 0x00, 0x14, 0x00, 0x00, 0x03, 0xFF, 0xF0, 0x07, 0xFF, 0xF0, 0x00,
    0x00, 0x00, 0x00, 0x00, 0x00, 0x00, 0x00, 0x00, 0x01, 0xFF, 0x80, 0x0F, 0xEB, 0xF0, 0x2F, 0x00,
    0xFC, 0x3E, 0x00, 0x7D, 0xBC, 0x00, 0x3E, 0xBC, 0x00, 0x3E, 0xFC, 0x00, 0x3E, 0xFC, 0x00, 0x3E,
    0xBC, 0x00, 0x7D, 0xBD, 0x00, 0xBC, 0x3E, 0x00, 0xF8, 0x2F, 0x97, 0xF0, 0x07, 0xFF, 0x80, 0x00,
    0x54, 0x00, 0x00, 0x10, 0x00, 0x40, 0x00, 0x0D, 0x00, 0x70, 0x00, 0x03, 0xD0, 0x78, 0x00, 0x00,
    0x7F, 0xFC, 0x00, 0x00, 0x0B, 0xFC, 0x00, 0x00, 0x00, 0x00, 0x00, 0x00, 0x01, 0xBF, 0xD0, 0x00,
    0x03, 0xFF, 0xFF, 0x40, 0x03, 0xF0, 0x07, 0xF4, 0x03, 0xF0, 0x00, 0x3F, 0x01, 0xF4, 0x00, 0x0B,
    0xE0, 0xFC, 0x00, 0x00, 0xFC, 0x3E, 0x00, 0x00, 0x3F, 0x1F, 0x40, 0x00, 0x0F, 0xCB, 0xD0, 0x00,
    0x03, 0xF2, 0xF4, 0x00, 0x00, 0xFC, 0xBD, 0x00, 0x00, 0x3F, 0x1F, 0x80, 0x00, 0x0F, 0xC7, 0xE0,
    0x00, 0x03, 0xE0, 0xFC, 0x00, 0x02, 0xF4, 0x2F, 0x80, 0x00, 0xFC, 0x03, 0xF4, 0x00, 0xFC, 0x00,
    0x3F, 0xE6, 0xFC, 0x00, 0x02, 0xFF, 0xF8, 0x00, 0x00, 0x01, 0x40, 0x00, 0x00, 0x01, 0x00, 0x00,
    0x07, 0x00, 0x34, 0x03, 0x80, 0xF0, 0x02, 0xFF, 0xD0, 0x00, 0xFF, 0x80, 0x00, 0x14, 0x00, 0x00,
    0x00, 0x00, 0x01, 0xFF, 0x80, 0x0F, 0xEB, 0xF0, 0x2F, 0x00, 0xFC, 0x3E, 0x00, 0x7D, 0xBC, 0x00,
    0x3E, 0xBC, 0x00, 0x3E, 0xFC, 0x00, 0x3E, 0xFC, 0x00, 0x3E, 0xBC, 0x00, 0x7D, 0xBD, 0x00, 0xBC,
    0x3E, 0x00, 0xF8, 0x2F, 0x97, 0xF0, 0x07, 0xFF, 0x80, 0x00, 0x54, 0x00, 0x00, 0x00, 0x10, 0x00,
    0x00, 0x00, 0x3C, 0x1F, 0x00, 0x00, 0x3F, 0x1F, 0xC0, 0x00, 0x3E, 0x1F, 0x80, 0x00, 0x28, 0x0E,
    0x00, 0x00, 0x00, 0x00, 0x00, 0x00, 0x01, 0xBF, 0xD0, 0x00, 0x03, 0xFF, 0xFF, 0x40, 0x03, 0xF0,
    0x07, 0xF4, 0x03, 0xF0, 0x00, 0x3F, 0x01, 0xF4, 0x00, 0x0B, 0xE0, 0xFC, 0x00, 0x00, 0xFC, 0x3E,
    0x00, 0x00, 0x3F, 0x1F, 0x40, 0x00, 0x0F, 0xCB, 0xD0, 0x00, 0x03, 0xF2, 0xF4, 0x00, 0x00, 0xFC,
    0xBD, 0x00, 0x00, 0x3F, 0x1F, 0x80, 0x00, 0x0F, 0xC7, 0xE0, 0x00, 0x03, 0xE0, 0xFC, 0x00, 0x02,
    0xF4, 0x2F, 0x80, 0x00, 0xFC, 0x03, 0xF4, 0x00, 0xFC, 0x00, 0x3F, 0xE6, 0xFC, 0x00, 0x02, 0xFF,
    0xF8, 0x00, 0x00, 0x01, 0x40, 0x00, 0x00, 0x00, 0x05, 0x01, 0x00, 0x07, 0xC3, 0xC0, 0x03, 0xE3,
    0xF0, 0x02, 0xE2, 0xE0, 0x00, 0xD1, 0xD0, 0x00, 0x00, 0x00, 0x00, 0x00, 0x00, 0x00, 0x07, 0xFE,
    0x00, 0x0F, 0xEB, 0xF0, 0x0B, 0xC0, 0x3F, 0x03, 0xE0, 0x07, 0xD2, 0xF0, 0x00, 0xF8, 0xBC, 0x00,
    0x3E, 0x3F, 0x00, 0x0F, 0x8F, 0xC0, 0x03, 0xE2, 0xF0, 0x01, 0xF4, 0xBD, 0x00, 0xBC, 0x0F, 0x80,
    0x3E, 0x02, 0xF9, 0x7F, 0x00, 0x1F, 0xFE, 0x00, 0x00, 0x54, 0x00, 0x00, 0x00, 0x1B, 0xFA, 0xAA,
    0xAA, 0xA4, 0x00, 0xFF, 0xFF, 0xFF, 0xFF, 0xFC, 0x03, 0xF4, 0x07, 0xF4, 0x00, 0xBC, 0x0F, 0xC0,
    0x00, 0xFC, 0x00, 0x3C, 0x2F, 0x40, 0x00, 0xBD, 0x00, 0x2C, 0x3F, 0x00, 0x00, 0x3F, 0x00, 0x00,
    0x3E, 0x00, 0x00, 0x3F, 0x00, 0x00, 0x7D, 0x00, 0x00, 0x3F, 0x00, 0x00, 0xBD, 0x00, 0x00, 0x3F,
    0xFF, 0xD0, 0xBD, 0x00, 0x00, 0x3F, 0xFF, 0xD0, 0xBD, 0x00, 0x00, 0x3F, 0x00, 0x00, 0x7E, 0x00,
    0x00, 0x3F, 0x00, 0x00, 0x7E, 0x00, 0x00, 0x3E, 0x00, 0x00, 0x3F, 0x00, 0x00, 0xBD, 0x00, 0x18,
    0x2F, 0x80, 0x00, 0xF8, 0x00, 0x2C, 0x0F, 0xD0, 0x03, 0xF0, 0x00, 0x3C, 0x03, 0xFE, 0x6F, 0xFA,
    0xAA, 0xFC, 0x00, 0xBF, 0xFF, 0xFF, 0xFF, 0xF8, 0x00, 0x01, 0x40, 0x00, 0x00, 0x00, 0x00, 0x00,
    0x00, 0x00, 0x00, 0x0B, 0xFD, 0x01, 0xFF, 0x40, 0xFE, 0xBE, 0x2F, 0x6F, 0x4B, 0xC0, 0x3E, 0xE0,
    0x3F, 0x3E, 0x00, 0x7F, 0x00, 0xFE, 0xF4, 0x00, 0xFC, 0x03, 0xEB, 0xC0, 0x03, 0xE0, 0x7F, 0x3F,
    0x00, 0x0F, 0xFF, 0xE0, 0xFC, 0x00, 0x3F, 0xE4, 0x02, 0xF0, 0x01, 0xF8, 0x00, 0x0B, 0xD0, 0x0B,
    0xF0, 0x00, 0x0F, 0x80, 0x3F, 0xD0, 0x0D, 0x2F, 0x87, 0xDB, 0xFA, 0xF4, 0x2F, 0xFD, 0x0B, 0xFE,
    0x00, 0x05, 0x00, 0x01, 0x40, 0x00, 0x00, 0x00, 0x00, 0x00, 0x00, 0x00, 0x2E, 0x00, 0x00, 0x00,
    0x2F, 0xC0, 0x00, 0x00, 0x2F, 0x80, 0x00, 0x00, 0x1D, 0x00, 0x00, 0x00, 0x00, 0x00, 0x00, 0x01,
    0xAA, 0xA5, 0x00, 0x00, 0xFF, 0xFF, 0xFC, 0x00, 0x03, 0xF0, 0x1F, 0xC0, 0x00, 0xF8, 0x02, 0xF8,
    0x00, 0x3E, 0x00, 0x7E, 0x00, 0x0F, 0x80, 0x1F, 0x80, 0x03, 0xE0, 0x0B, 0xD0, 0x00, 0xF8, 0x07,
    0xE0, 0x00, 0x3E, 0x1B, 0xD0, 0x00, 0x0F, 0x9F, 0x40, 0x00, 0x07, 0xD3, 0xF0, 0x00, 0x01, 0xF4,
    0x3F, 0x00, 0x00, 0x7D, 0x0B, 0xD0, 0x00, 0x1F, 0x40, 0xFC, 0x00, 0x07, 0xD0, 0x3F, 0x40, 0x01,
    0xF4, 0x07, 0xF0, 0x05, 0xFE, 0x50, 0xFE, 0x63, 0xFF, 0xFC, 0x0F, 0xFC, 0x00, 0x00, 0x00, 0x10,
    0x00, 0x00, 0x01, 0x40, 0x00, 0x07, 0xC0, 0x00, 0x0F, 0xC0, 0x00, 0x3E, 0x00, 0x00, 0x74, 0x00,
    0x00, 0x00, 0x00, 0x00, 0x00, 0x00, 0x7F, 0x81, 0xF8, 0xBF, 0xC3, 0xFD, 0x07, 0xCB, 0x7C, 0x07,
    0xCD, 0x04, 0x07, 0xDC, 0x00, 0x0B, 0xF8, 0x00, 0x0B, 0xF0, 0x00, 0x0B, 0xE0, 0x00, 0x0B, 0xD0,
    0x00, 0x0B, 0xC0, 0x00, 0x0F, 0xC0, 0x00, 0x0F, 0x80, 0x00, 0x0F, 0x80, 0x00, 0x1A, 0xAA, 0x50,
    0x00, 0x0F, 0xFF, 0xFF, 0xC0, 0x00, 0x3F, 0x01, 0xFC, 0x00, 0x0F, 0x80, 0x2F, 0x80, 0x03, 0xE0,
    0x07, 0xE0, 0x00, 0xF8, 0x01, 0xF8, 0x00, 0x3E, 0x00, 0xBD, 0x00, 0x0F, 0x80, 0x7E, 0x00, 0x03,
    0xE1, 0xBD, 0x00, 0x00, 0xF9, 0xF4, 0x00, 0x00, 0x7D, 0x3F, 0x00, 0x00, 0x1F, 0x43, 0xF0, 0x00,
    0x07, 0xD0, 0xBD, 0x00, 0x01, 0xF4, 0x0F, 0xC0, 0x00, 0x7D, 0x03, 0xF4, 0x00, 0x1F, 0x40, 0x7F,
    0x00, 0x5F, 0xE5, 0x0F, 0xE6, 0x3F, 0xFF, 0xC0, 0xFF, 0xC0, 0x00, 0x00, 0x01, 0x00, 0x00, 0x09,
    0x00, 0x00, 0x00, 0x0F, 0xD0, 0x00, 0x00, 0x02, 0xF4, 0x00, 0x00, 0x00, 0x2C, 0x00, 0x00, 0x00,
    0x1D, 0x00, 0x00, 0x00, 0x09, 0x00, 0x00, 0x00, 0x00, 0x00, 0x00, 0x7F, 0x81, 0xF8, 0xBF, 0xC3,
    0xFD, 0x07, 0xCB, 0x7C, 0x07, 0xCD, 0x04, 0x07, 0xDC, 0x00, 0x0B, 0xF8, 0x00, 0x0B, 0xF0, 0x00,
    0x0B, 0xE0, 0x00, 0x0B, 0xD0, 0x00, 0x0B, 0xC0, 0x00, 0x0F, 0xC0, 0x00, 0x0F, 0x80, 0x00, 0x0F,
    0x80, 0x00, 0x00, 0x00, 0x00, 0x06, 0x00, 0x00, 0x1F, 0xC0, 0x00, 0x0F, 0xC0, 0x00, 0x03, 0x80,
    0x00, 0x0B, 0x00, 0x00, 0x0C, 0x00, 0x00, 0x00, 0x40, 0x04, 0x00, 0x00, 0x78, 0x0B, 0x40, 0x00,
    0x07, 0xEF, 0x40, 0x00, 0x00, 0xBF, 0x40, 0x00, 0x00, 0x0B, 0x80, 0x00, 0x00, 0x00, 0x00, 0x00,
    0x01, 0xAA, 0xA5, 0x00, 0x00, 0xFF, 0xFF, 0xFC, 0x00, 0x03, 0xF0, 0x1F, 0xC0, 0x00, 0xF8, 0x02,
    0xF8, 0x00, 0x3E, 0x00, 0x7E, 0x00, 0x0F, 0x80, 0x1F, 0x80, 0x03, 0xE0, 0x0B, 0xD0, 0x00, 0xF8,
    0x07, 0xE0, 0x00, 0x3E, 0x1B, 0xD0, 0x00, 0x0F, 0x9F, 0x40, 0x00, 0x07, 0xD3, 0xF0, 0x00, 0x01,
    0xF4, 0x3F, 0x00, 0x00, 0x7D, 0x0B, 0xD0, 0x00, 0x1F, 0x40, 0xFC, 0x00, 0x07, 0xD0, 0x3F, 0x40,
    0x01, 0xF4, 0x07, 0xF0, 0x05, 0xFE, 0x50, 0xFE, 0x63, 0xFF, 0xFC, 0x0F, 0xFC, 0x00, 0x00, 0x00,
    0x10, 0x00, 0x00, 0x00, 0x10, 0x07, 0x40, 0xB0, 0x02, 0xE7, 0xC0, 0x00, 0xFF, 0x40, 0x00, 0x7E,
    0x00, 0x00, 0x14, 0x00, 0x00, 0x00, 0x00, 0x7F, 0x81, 0xF8, 0xBF, 0xC3, 0xFD, 0x07, 0xCB, 0x7C,
    0x07, 0xCD, 0x04, 0x07, 0xDC, 0x00, 0x0B, 0xF8, 0x00, 0x0B, 0xF0, 0x00, 0x0B, 0xE0, 0x00, 0x0B,
    0xD0, 0x00, 0x0B, 0xC0, 0x00, 0x0F, 0xC0, 0x00, 0x0F, 0x80, 0x00, 0x0F, 0x80, 0x00, 0x00, 0x00,
    0x00, 0x00, 0x01, 0xF0, 0x00, 0x0B, 0xF0, 0x00, 0x2F, 0x80, 0x00, 0x74, 0x00, 0x00, 0x00, 0x00,
    0x00, 0xBF, 0x90, 0x0B, 0xFF, 0xF8, 0x1F, 0x00, 0x7C, 0x3D, 0x00, 0x7D, 0x3C, 0x00, 0xBC, 0x3E,
    0x00, 0x00, 0x3F, 0x80, 0x00, 0x1F, 0xF4, 0x00, 0x07, 0xFF, 0x00, 0x00, 0xFF, 0xE0, 0x00, 0x1F,
    0xF8, 0x00, 0x01, 0xFC, 0x00, 0x00, 0x7D, 0x78, 0x00, 0x3D, 0xFD, 0x00, 0x7C, 0xFC, 0x00, 0xF8,
    0xBF, 0x5B, 0xF0, 0x1F, 0xFF, 0x80, 0x00, 0x50, 0x00, 0x00, 0x01, 0x40, 0x00, 0x1F, 0x00, 0x00,
    0xFC, 0x00, 0x0F, 0x80, 0x00, 0x74, 0x00, 0x00, 0x00, 0x00, 0x00, 0x00, 0x00, 0x7F, 0xF4, 0x07,
    0xD6, 0xF0, 0x3C, 0x03, 0xD1, 0xF0, 0x0A, 0x03, 0xF4, 0x00, 0x0F, 0xFD, 0x00, 0x0B, 0xFE, 0x00,
    0x02, 0xFE, 0x00, 0x00, 0xFC, 0x04, 0x00, 0xF0, 0xF8, 0x03, 0xC3, 0xF4, 0x7E, 0x03, 0xFF, 0xD0,
    0x00, 0x50, 0x00, 0x00, 0x04, 0x00, 0x00, 0x3F, 0x00, 0x00, 0xBF, 0xC0, 0x02, 0xE6, 0xF0, 0x07,
    0x40, 0x78, 0x00, 0x00, 0x00, 0x00, 0xBF, 0x90, 0x0B, 0xFF, 0xF8, 0x1F, 0x00, 0x7C, 0x3D, 0x00,
    0x7D, 0x3C, 0x00, 0xBC, 0x3E, 0x00, 0x00, 0x3F, 0x80, 0x00, 0x1F, 0xF4, 0x00, 0x07, 0xFF, 0x00,
    0x00, 0xFF, 0xE0, 0x00, 0x1F, 0xF8, 0x00, 0x01, 0xFC, 0x00, 0x00, 0x7D, 0x78, 0x00, 0x3D, 0xFD,
    0x00, 0x7C, 0xFC, 0x00, 0xF8, 0xBF, 0x5B, 0xF0, 0x1F, 0xFF, 0x80, 0x00, 0x50, 0x00, 0x00, 0x08,
    0x00, 0x00, 0xFC, 0x00, 0x0F, 0xF8, 0x00, 0xB8, 0xF4, 0x07, 0x40, 0xB0, 0x00, 0x00, 0x40, 0x00,
    0x00, 0x00, 0x7F, 0xF4, 0x07, 0xD6, 0xF0, 0x3C, 0x03, 0xD1, 0xF0, 0x0A, 0x03, 0xF4, 0x00, 0x0F,
    0xFD, 0x00, 0x0B, 0xFE, 0x00, 0x02, 0xFE, 0x00, 0x00, 0xFC, 0x04, 0x00, 0xF0, 0xF8, 0x03, 0xC3,
    0xF4, 0x7E, 0x03, 0xFF, 0xD0, 0x00, 0x50, 0x00, 0x00, 0xBF, 0x90, 0x0B, 0xFF, 0xF8, 0x1F, 0x00,
    0x7C, 0x3D, 0x00, 0x7D, 0x3C, 0x00, 0xBC, 0x3E, 0x00, 0x00, 0x3F, 0x80, 0x00, 0x1F, 0xF4, 0x00,
    0x07, 0xFF, 0x00, 0x00, 0xFF, 0xE0, 0x00, 0x1F, 0xF8, 0x00, 0x01, 0xFC, 0x00, 0x00, 0x7D, 0x78,
    0x00, 0x3D, 0xFD, 0x00, 0x7C, 0xFC, 0x00, 0xF8, 0xBF, 0x5B, 0xF0, 0x1F, 0xFF, 0x80, 0x00, 0xB0,
    0x00, 0x00, 0xF8, 0x00, 0x00, 0x6F, 0x00, 0x00, 0x0F, 0x00, 0x02, 0xBF, 0x00, 0x02, 0xF8, 0x00,
    0x00, 0x00, 0x00, 0x07, 0xFF, 0x40, 0x7D, 0x6F, 0x03, 0xC0, 0x3D, 0x1F, 0x00, 0xA0, 0x3F, 0x40,
    0x00, 0xFF, 0xD0, 0x00, 0xBF, 0xE0, 0x00, 0x2F, 0xE0, 0x00, 0x0F, 0xC0, 0x40, 0x0F, 0x0F, 0x80,
    0x3C, 0x3F, 0x47, 0xD0, 0x3F, 0xFD, 0x00, 0x0B, 0x00, 0x00, 0x2E, 0x00, 0x00, 0x6F, 0x00, 0x00,
    0x3C, 0x00, 0x2B, 0xF0, 0x00, 0xBE, 0x00, 0x01, 0x00, 0x00, 0x07, 0x80, 0xB4, 0x01, 0xFB, 0xD0,
    0x00, 0xBF, 0x80, 0x00, 0x2E, 0x00, 0x00, 0x00, 0x00, 0x00, 0xBF, 0x90, 0x0B, 0xFF, 0xF8, 0x1F,
    0x00, 0x7C, 0x3D, 0x00, 0x7D, 0x3C, 0x00, 0xBC, 0x3E, 0x00, 0x00, 0x3F, 0x80, 0x00, 0x1F, 0xF4,
    0x00, 0x07, 0xFF, 0x00, 0x00, 0xFF, 0xE0, 0x00, 0x1F, 0xF8, 0x00, 0x01, 0xFC, 0x00, 0x00, 0x7D,
    0x78, 0x00, 0x3D, 0xFD, 0x00, 0x7C, 0xFC, 0x00, 0xF8, 0xBF, 0x5B, 0xF0, 0x1F, 0xFF, 0x80, 0x00,
    0x50, 0x00, 0x00, 0x00, 0x10, 0x1D, 0x02, 0xC0, 0x2E, 0x7C, 0x00, 0x3F, 0xD0, 0x00, 0x7E, 0x00,
    0x00, 0x50, 0x00, 0x00, 0x00, 0x00, 0x7F, 0xF4, 0x07, 0xD6, 0xF0, 0x3C, 0x03, 0xD1, 0xF0, 0x0A,
    0x03, 0xF4, 0x00, 0x0F, 0xFD, 0x00, 0x0B, 0xFE, 0x00, 0x02, 0xFE, 0x00, 0x00, 0xFC, 0x04, 0x00,
    0xF0, 0xF8, 0x03, 0xC3, 0xF4, 0x7E, 0x03, 0xFF, 0xD0, 0x00, 0x50, 0x00, 0x1A, 0xAA, 0xAA, 0xA9,
    0x0B, 0xFF, 0xFF, 0xFF, 0xC3, 0xE0, 0x3F, 0x02, 0xF0, 0xF0, 0x0F, 0xC0, 0x3C, 0x38, 0x03, 0xF0,
    0x0B, 0x00, 0x00, 0xFC, 0x00, 0x00, 0x00, 0x3E, 0x00, 0x00, 0x00, 0x0F, 0x80, 0x00, 0x00, 0x03,
    0xE0, 0x00, 0x00, 0x00, 0xF8, 0x00, 0x00, 0x00, 0x3E, 0x00, 0x00, 0x00, 0x0F, 0x80, 0x00, 0x00,
    0x03, 0xD0, 0x00, 0x00, 0x00, 0xF4, 0x00, 0x00, 0x00, 0x7D, 0x00, 0x00, 0x00, 0x1F, 0x40, 0x00,
    0x00, 0x5B, 0xE5, 0x00, 0x00, 0x3F, 0xFF, 0xC0, 0x00, 0x00, 0x34, 0x00, 0x00, 0x00, 0x1E, 0x40,
    0x00, 0x00, 0x01, 0xF4, 0x00, 0x00, 0x00, 0x2E, 0x00, 0x00, 0x01, 0xAF, 0x40, 0x00, 0x00, 0x6E,
    0x40, 0x00, 0x00, 0xE0, 0x00, 0x1E, 0x00, 0x02, 0xE0, 0x00, 0x3E, 0x00, 0x2F, 0xFA, 0x83, 0xFF,
    0xFC, 0x07, 0xD0, 0x00, 0x7D, 0x00, 0x07, 0xD0, 0x00, 0x7D, 0x00, 0x07, 0xC0, 0x00, 0x7C, 0x00,
    0x0B, 0xC0, 0x00, 0xBC, 0x00, 0x0B, 0xC0, 0x50, 0x7F, 0xAE, 0x02, 0xFF, 0x80, 0x03, 0x40, 0x00,
    0x79, 0x00, 0x01, 0xF4, 0x00, 0x0B, 0x80, 0x1A, 0xF0, 0x01, 0xB8, 0x00, 0x00, 0x10, 0x00, 0x40,
    0x00, 0x0F, 0x01, 0xE0, 0x00, 0x00, 0xFB, 0xE0, 0x00, 0x00, 0x1F, 0xE0, 0x00, 0x00, 0x01, 0xF0,
    0x00, 0x00, 0x00, 0x00, 0x00, 0x01, 0xAA, 0xAA, 0xAA, 0x90, 0xBF, 0xFF, 0xFF, 0xFC, 0x3E, 0x03,
    0xF0, 0x2F, 0x0F, 0x00, 0xFC, 0x03, 0xC3, 0x80, 0x3F, 0x00, 0xB0, 0x00, 0x0F, 0xC0, 0x00, 0x00,
    0x03, 0xE0, 0x00, 0x00, 0x00, 0xF8, 0x00, 0x00, 0x00, 0x3E, 0x00, 0x00, 0x00, 0x0F, 0x80, 0x00,
    0x00, 0x03, 0xE0, 0x00, 0x00, 0x00, 0xF8, 0x00, 0x00, 0x00, 0x3D, 0x00, 0x00, 0x00, 0x0F, 0x40,
    0x00, 0x00, 0x07, 0xD0, 0x00, 0x00, 0x01, 0xF4, 0x00, 0x00, 0x05, 0xBE, 0x50, 0x00, 0x03, 0xFF,
    0xFC, 0x00, 0x00, 0x00, 0x40, 0x00, 0x0B, 0xC0, 0x00, 0x2F, 0x40, 0x00, 0x3C, 0x00, 0xE0, 0xE0,
    0x07, 0x8B, 0x00, 0x2E, 0x10, 0x00, 0xF8, 0x00, 0x2F, 0xFA, 0x80, 0xFF, 0xFF, 0x00, 0x7D, 0x00,
    0x01, 0xF4, 0x00, 0x07, 0xD0, 0x00, 0x1F, 0x40, 0x00, 0x7C, 0x00, 0x01, 0xF0, 0x00, 0x0B, 0xC0,
    0x00, 0x2F, 0x00, 0x00, 0xBC, 0x05, 0x01, 0xFE, 0xB8, 0x02, 0xFF, 0x80, 0x00, 0x50, 0x00, 0x1A,
    0xAA, 0xAA, 0xA9, 0x0B, 0xFF, 0xFF, 0xFF, 0xC3, 0xE0, 0x3F, 0x02, 0xF0, 0xF0, 0x0F, 0xC0, 0x3C,
    0x38, 0x03, 0xF0, 0x0B, 0x00, 0x00, 0xFC, 0x00, 0x00, 0x00, 0x3E, 0x00, 0x00, 0x00, 0x0F, 0x80,
    0x00, 0x01, 0xAB, 0xFA, 0x80, 0x00, 0xFF, 0xFF, 0xF4, 0x00, 0x15, 0x7E, 0x54, 0x00, 0x00, 0x0F,
    0x80, 0x00, 0x00, 0x03, 0xE0, 0x00, 0x00, 0x00, 0xF4, 0x00, 0x00, 0x00, 0x7D, 0x00, 0x00, 0x00,
    0x1F, 0x40, 0x00, 0x00, 0x5B, 0xE5, 0x00, 0x00, 0x3F, 0xFF, 0xC0, 0x00, 0x00, 0xE0, 0x00, 0x1E,
    0x00, 0x02, 0xE0, 0x00, 0x3E, 0x00, 0x2F, 0xFA, 0x83, 0xFF, 0xFC, 0x07, 0xD0, 0x00, 0x7D, 0x00,
    0x07, 0xD0, 0x07, 0xFF, 0xFC, 0x6B, 0xEA, 0x80, 0x7C, 0x00, 0x0B, 0xC0, 0x00, 0xBC, 0x00, 0x0B,
    0xC0, 0x50, 0x7F, 0xAE, 0x02, 0xFF, 0x80, 0x01, 0x40, 0x00, 0x06, 0x40, 0x00, 0x00, 0x01, 0xFF,
    0x9D, 0x00, 0x00, 0x39, 0xFF, 0xC0, 0x00, 0x00, 0x01, 0xA0, 0x00, 0x00, 0x00, 0x00, 0x00, 0x02,
    0xAA, 0x80, 0x1A, 0xA9, 0x7F, 0xFC, 0x03, 0xFF, 0xD0, 0xBC, 0x00, 0x03, 0xE0, 0x0B, 0xC0, 0x00,
    0x3E, 0x00, 0xBC, 0x00, 0x07, 0xD0, 0x0F, 0xC0, 0x00, 0x7D, 0x00, 0xFC, 0x00, 0x0B, 0xD0, 0x0F,
    0xC0, 0x00, 0xFD, 0x00, 0xFC, 0x00, 0x0F, 0xC0, 0x0F, 0x80, 0x01, 0xFC, 0x00, 0xF8, 0x00, 0x2B,
    0xC0, 0x0F, 0x80, 0x03, 0x7C, 0x00, 0xF8, 0x00, 0x73, 0xC0, 0x0F, 0x80, 0x0E, 0x7C, 0x00, 0xF8,
    0x01, 0xD7, 0xC0, 0x0F, 0xC0, 0x7C, 0x7C, 0x00, 0x7F, 0xFF, 0x0B, 0xE4, 0x02, 0xFF, 0xC0, 0xBF,
    0xC0, 0x01, 0x40, 0x00, 0x00, 0x00, 0x68, 0x00, 0x00, 0x03, 0xFE, 0x78, 0x00, 0x29, 0xFF, 0xC0,
    0x00, 0x00, 0x68, 0x00, 0x00, 0x00, 0x00, 0x00, 0x00, 0x00, 0x00, 0x02, 0xFC, 0x00, 0xB8, 0x1F,
    0xF4, 0x03, 0xF0, 0x03, 0xD0, 0x1F, 0xC0, 0x1F, 0x40, 0xFF, 0x00, 0x7D, 0x03, 0xBC, 0x01, 0xF0,
    0x1D, 0xE0, 0x0B, 0xC0, 0xEB, 0x80, 0x2F, 0x03, 0x6E, 0x00, 0xBC, 0x1C, 0xF8, 0x03, 0xF0, 0xF3,
    0xE0, 0x0F, 0xC7, 0x4F, 0x80, 0x2F, 0xFC, 0x3F, 0xA0, 0x3F, 0xC0, 0xBF, 0x80, 0x14, 0x00, 0x50,
    0x00, 0x1F, 0xFF, 0xC0, 0x00, 0x01, 0xFF, 0xFC, 0x00, 0x00, 0x00, 0x00, 0x00, 0x00, 0x00, 0x00,
    0x00, 0x00, 0x2A, 0xA8, 0x01, 0xAA, 0x97, 0xFF, 0xC0, 0x3F, 0xFD, 0x0B, 0xC0, 0x00, 0x3E, 0x00,
    0xBC, 0x00, 0x03, 0xE0, 0x0B, 0xC0, 0x00, 0x7D, 0x00, 0xFC, 0x00, 0x07, 0xD0, 0x0F, 0xC0, 0x00,
    0xBD, 0x00, 0xFC, 0x00, 0x0F, 0xD0, 0x0F, 0xC0, 0x00, 0xFC, 0x00, 0xF8, 0x00, 0x1F, 0xC0, 0x0F,
    0x80, 0x02, 0xBC, 0x00, 0xF8, 0x00, 0x37, 0xC0, 0x0F, 0x80, 0x07, 0x3C, 0x00, 0xF8, 0x00, 0xE7,
    0xC0, 0x0F, 0x80, 0x1D, 0x7C, 0x00, 0xFC, 0x07, 0xC7, 0xC0, 0x07, 0xFF, 0xF0, 0xBE, 0x40, 0x2F,
    0xFC, 0x0B, 0xFC, 0x00, 0x14, 0x00, 0x00, 0x00, 0x00, 0xFF, 0xFC, 0x00, 0x03, 0xFF, 0xF0, 0x00,
    0x00, 0x00, 0x00, 0x00, 0x00, 0x00, 0x00, 0x00, 0x00, 0x00, 0x00, 0xBF, 0x00, 0x2E, 0x07, 0xFD,
    0x00, 0xFC, 0x00, 0xF4, 0x07, 0xF0, 0x07, 0xD0, 0x3F, 0xC0, 0x1F, 0x40, 0xEF, 0x00, 0x7C, 0x07,
    0x78, 0x02, 0xF0, 0x3A, 0xE0, 0x0B, 0xC0, 0xDB, 0x80, 0x2F, 0x07, 0x3E, 0x00, 0xFC, 0x3C, 0xF8,
    0x03, 0xF1, 0xD3, 0xE0, 0x0B, 0xFF, 0x0F, 0xE8, 0x0F, 0xF0, 0x2F, 0xE0, 0x05, 0x00, 0x14, 0x00,
    0x00, 0x00, 0x00, 0x40, 0x00, 0x02, 0x80, 0x0D, 0x00, 0x00, 0x1E, 0x07, 0xC0, 0x00, 0x00, 0xFF,
    0xF4, 0x00, 0x00, 0x03, 0xFD, 0x00, 0x00, 0x00, 0x00, 0x00, 0x00, 0x2A, 0xA8, 0x01, 0xAA, 0x97,
    0xFF, 0xC0, 0x3F, 0xFD, 0x0B, 0xC0, 0x00, 0x3E, 0x00, 0xBC, 0x00, 0x03, 0xE0, 0x0B, 0xC0, 0x00,
    0x7D, 0x00, 0xFC, 0x00, 0x07, 0xD0, 0x0F, 0xC0, 0x00, 0xBD, 0x00, 0xFC, 0x00, 0x0F, 0xD0, 0x0F,
    0xC0, 0x00, 0xFC, 0x00, 0xF8, 0x00, 0x1F, 0xC0, 0x0F, 0x80, 0x02, 0xBC, 0x00, 0xF8, 0x00, 0x37,
    0xC0, 0x0F, 0x80, 0x07, 0x3C, 0x00, 0xF8, 0x00, 0xE7, 0xC0, 0x0F, 0x80, 0x1D, 0x7C, 0x00, 0xFC,
    0x07, 0xC7, 0xC0, 0x07, 0xFF, 0xF0, 0xBE, 0x40, 0x2F, 0xFC, 0x0B, 0xFC, 0x00, 0x14, 0x00, 0x00,
    0x00, 0x00, 0x40, 0x00, 0x00, 0x03, 0x00, 0x34, 0x00, 0x0F, 0x02, 0xC0, 0x00, 0x2F, 0xFE, 0x00,
    0x00, 0x3F, 0xE0, 0x00, 0x00, 0x04, 0x00, 0x00, 0x00, 0x00, 0x00, 0x0B, 0xF0, 0x02, 0xE0, 0x7F,
    0xD0, 0x0F, 0xC0, 0x0F, 0x40, 0x7F, 0x00, 0x7D, 0x03, 0xFC, 0x01, 0xF4, 0x0E, 0xF0, 0x07, 0xC0,
    0x77, 0x80, 0x2F, 0x03, 0xAE, 0x00, 0xBC, 0x0D, 0xB8, 0x02, 0xF0, 0x73, 0xE0, 0x0F, 0xC3, 0xCF,
    0x80, 0x3F, 0x1D, 0x3E, 0x00, 0xBF, 0xF0, 0xFE, 0x80, 0xFF, 0x02, 0xFE, 0x00, 0x50, 0x01, 0x40,
    0x00, 0x01, 0xF8, 0x00, 0x00, 0x00, 0x79, 0xF0, 0x00, 0x00, 0x0B, 0x0B, 0x00, 0x00, 0x00, 0xB0,
    0xF0, 0x00, 0x00, 0x03, 0xFD, 0x00, 0x00, 0x00, 0x05, 0x00, 0x00, 0x2A, 0xA8, 0x01, 0xAA, 0x97,
    0xFF, 0xC0, 0x3F, 0xFD, 0x0B, 0xC0, 0x00, 0x3E, 0x00, 0xBC, 0x00, 0x03, 0xE0, 0x0B, 0xC0, 0x00,
    0x7D, 0x00, 0xFC, 0x00, 0x07, 0xD0, 0x0F, 0xC0, 0x00, 0xBD, 0x00, 0xFC, 0x00, 0x0F, 0xD0, 0x0F,
    0xC0, 0x00, 0xFC, 0x00, 0xF8, 0x00, 0x1F, 0xC0, 0x0F, 0x80, 0x02, 0xBC, 0x00, 0xF8, 0x00, 0x37,
    0xC0, 0x0F, 0x80, 0x07, 0x3C, 0x00, 0xF8, 0x00, 0xE7, 0xC0, 0x0F, 0x80, 0x1D, 0x7C, 0x00, 0xFC,
    0x07, 0xC7, 0xC0, 0x07, 0xFF, 0xF0, 0xBE, 0x40, 0x2F, 0xFC, 0x0B, 0xFC, 0x00, 0x14, 0x00, 0x00,
    0x00, 0x00, 0x0B, 0x90, 0x00, 0x00, 0xF7, 0xC0, 0x00, 0x07, 0x47, 0x40, 0x00, 0x1D, 0x2C, 0x00,
    0x00, 0x3F, 0xE0, 0x00, 0x00, 0x15, 0x00, 0x00, 0x00, 0x00, 0x00, 0x0B, 0xF0, 0x02, 0xE0, 0x7F,
    0xD0, 0x0F, 0xC0, 0x0F, 0x40, 0x7F, 0x00, 0x7D, 0x03, 0xFC, 0x01, 0xF4, 0x0E, 0xF0, 0x07, 0xC0,
    0x77, 0x80, 0x2F, 0x03, 0xAE, 0x00, 0xBC, 0x0D, 0xB8, 0x02, 0xF0, 0x73, 0xE0, 0x0F, 0xC3, 0xCF,
    0x80, 0x3F, 0x1D, 0x3E, 0x00, 0xBF, 0xF0, 0xFE, 0x80, 0xFF, 0x02, 0xFE, 0x00, 0x50, 0x01, 0x40,
    0x00, 0x00, 0x10, 0x00, 0x00, 0x00, 0x0B, 0x83, 0xD0, 0x00, 0x02, 0xF4, 0xFD, 0x00, 0x00, 0xBD,
    0x3F, 0x40, 0x00, 0x1D, 0x0B, 0x40, 0x00, 0x00, 0x00, 0x00, 0x00, 0x2A, 0xA8, 0x01, 0xAA, 0x97,
    0xFF, 0xC0, 0x3F, 0xFD, 0x0B, 0xC0, 0x00, 0x3E, 0x00, 0xBC, 0x00, 0x03, 0xE0, 0x0B, 0xC0, 0x00,
    0x7D, 0x00, 0xFC, 0x00, 0x07, 0xD0, 0x0F, 0xC0, 0x00, 0xBD, 0x00, 0xFC, 0x00, 0x0F, 0xD0, 0x0F,
    0xC0, 0x00, 0xFC, 0x00, 0xF8, 0x00, 0x1F, 0xC0, 0x0F, 0x80, 0x02, 0xBC, 0x00, 0xF8, 0x00, 0x37,
    0xC0, 0x0F, 0x80, 0x07, 0x3C, 0x00, 0xF8, 0x00, 0xE7, 0xC0, 0x0F, 0x80, 0x1D, 0x7C, 0x00, 0xFC,
    0x07, 0xC7, 0xC0, 0x07, 0xFF, 0xF0, 0xBE, 0x40, 0x2F, 0xFC, 0x0B, 0xFC, 0x00, 0x14, 0x00, 0x00,
    0x00, 0x00, 0x01, 0x40, 0x40, 0x00, 0x1F, 0x0F, 0x00, 0x00, 0xFC, 0xFC, 0x00, 0x0B, 0x87, 0xC0,
    0x00, 0x34, 0x38, 0x00, 0x00, 0x00, 0x00, 0x00, 0x00, 0x00, 0x00, 0x0B, 0xF0, 0x02, 0xE0, 0x7F,
    0xD0, 0x0F, 0xC0, 0x0F, 0x40, 0x7F, 0x00, 0x7D, 0x03, 0xFC, 0x01, 0xF4, 0x0E, 0xF0, 0x07, 0xC0,
    0x77, 0x80, 0x2F, 0x03, 0xAE, 0x00, 0xBC, 0x0D, 0xB8, 0x02, 0xF0, 0x73, 0xE0, 0x0F, 0xC3, 0xCF,
    0x80, 0x3F, 0x1D, 0x3E, 0x00, 0xBF, 0xF0, 0xFE, 0x80, 0xFF, 0x02, 0xFE, 0x00, 0x50, 0x01, 0x40,
    0x2A, 0xA8, 0x01, 0xAA, 0x97, 0xFF, 0xC0, 0x3F, 0xFD, 0x0B, 0xC0, 0x00, 0x3E, 0x00, 0xBC, 0x00,
    0x03, 0xE0, 0x0B, 0xC0, 0x00, 0x7D, 0x00, 0xFC, 0x00, 0x07, 0xD0, 0x0F, 0xC0, 0x00, 0xBD, 0x00,
    0xFC, 0x00, 0x0F, 0xD0, 0x0F, 0xC0, 0x00, 0xFC, 0x00, 0xF8, 0x00, 0x1F, 0xC0, 0x0F, 0x80, 0x02,
    0xBC, 0x00, 0xF8, 0x00, 0x37, 0xC0, 0x0F, 0x80, 0x07, 0x3C, 0x00, 0xF8, 0x00, 0xE7, 0xC0, 0x0F,
    0x80, 0x1D, 0x7C, 0x00, 0xFC, 0x07, 0xC7, 0xC0, 0x07, 0xFF, 0xF0, 0xBE, 0x40, 0x2F, 0xFC, 0x0B,
    0xFC, 0x00, 0x14, 0x00, 0x2C, 0x00, 0x00, 0x00, 0x0F, 0x00, 0x00, 0x00, 0x02, 0xD0, 0x00, 0x00,
    0x00, 0x3D, 0x20, 0x00, 0x00, 0x03, 0xFF, 0x00, 0x00, 0x00, 0x0B, 0x40, 0x00, 0x00, 0x00, 0x00,
    0xBF, 0x00, 0x2E, 0x07, 0xFD, 0x00, 0xFC, 0x00, 0xF4, 0x07, 0xF0, 0x07, 0xD0, 0x3F, 0xC0, 0x1F,
    0x40, 0xEF, 0x00, 0x7C, 0x07, 0x78, 0x02, 0xF0, 0x3A, 0xE0, 0x0B, 0xC0, 0xDB, 0x80, 0x2F, 0x07,
    0x3E, 0x00, 0xFC, 0x3C, 0xF8, 0x03, 0xF1, 0xD3, 0xE0, 0x0B, 0xFF, 0x0F, 0xE8, 0x0F, 0xF0, 0x2F,
    0xE0, 0x05, 0x00, 0x2D, 0x00, 0x00, 0x01, 0xD0, 0x00, 0x00, 0x0F, 0x00, 0x00, 0x00, 0x7C, 0x50,
    0x00, 0x01, 0xFF, 0x40, 0x00, 0x02, 0xE0, 0x00, 0x00, 0x00, 0x10, 0x00, 0x00, 0x00, 0x00, 0x00,
    0x0F, 0xC0, 0x00, 0x00, 0x00, 0x00, 0x03, 0xFE, 0x00, 0x00, 0x00, 0x00, 0x00, 0xF9, 0xF4, 0x00,
    0x00, 0x00, 0x00, 0x2C, 0x02, 0xC0, 0x00, 0x00, 0x00, 0x00, 0x00, 0x00, 0x00, 0x00, 0x2A, 0xA9,
    0x00, 0x50, 0x00, 0xAA, 0xA7, 0xFF, 0xE0, 0x2F, 0x40, 0x0F, 0xFF, 0x0B, 0xD0, 0x01, 0xF8, 0x00,
    0x0F, 0x00, 0x7E, 0x00, 0x0F, 0xC0, 0x01, 0xD0, 0x03, 0xF0, 0x00, 0xFC, 0x00, 0x2C, 0x00, 0x3F,
    0x00, 0x0B, 0xD0, 0x03, 0xC0, 0x02, 0xF4, 0x00, 0xFE, 0x00, 0x78, 0x00, 0x1F, 0x80, 0x1F, 0xF0,
    0x0B, 0x40, 0x00, 0xFC, 0x03, 0xFF, 0x00, 0xF0, 0x00, 0x0F, 0xC0, 0x39, 0xF4, 0x0E, 0x00, 0x00,
    0xBD, 0x0B, 0x4F, 0x81, 0xD0, 0x00, 0x07, 0xE0, 0xF0, 0xFC, 0x2C, 0x00, 0x00, 0x3E, 0x1E, 0x0B,
    0xC3, 0x80, 0x00, 0x03, 0xF2, 0xC0, 0x7D, 0x74, 0x00, 0x00, 0x2F, 0x7C, 0x03, 0xFB, 0x00, 0x00,
    0x01, 0xFF, 0x40, 0x3F, 0xF0, 0x00, 0x00, 0x0F, 0xF0, 0x02, 0xFE, 0x00, 0x00, 0x00, 0xFE, 0x00,
    0x0F, 0xC0, 0x00, 0x00, 0x00, 0x00, 0x00, 0x00, 0x00, 0x00, 0x00, 0x00, 0x08, 0x00, 0x00, 0x00,
    0x00, 0xFC, 0x00, 0x00, 0x00, 0x0B, 0xF8, 0x00, 0x00, 0x00, 0xB8, 0xF4, 0x00, 0x00, 0x07, 0x40,
    0xB0, 0x00, 0x00, 0x00, 0x00, 0x40, 0x00, 0x00, 0x00, 0x00, 0x00, 0x1F, 0xE0, 0x06, 0x80, 0x7D,
    0xBF, 0xC0, 0x2F, 0x03, 0xFC, 0x2F, 0x00, 0xBC, 0x07, 0xF0, 0xBC, 0x02, 0xF0, 0x03, 0xC2, 0xF0,
    0x0B, 0xC0, 0x0F, 0x0B, 0xC0, 0x2F, 0x00, 0x38, 0x2F, 0x00, 0xBC, 0x01, 0xD0, 0xBC, 0x03, 0xE0,
    0x0B, 0x03, 0xF0, 0x0F, 0x80, 0x3C, 0x0F, 0xC0, 0x7D, 0x02, 0xD0, 0x3F, 0x03, 0xF8, 0x0F, 0x00,
    0x7E, 0xBD, 0xFA, 0xF0, 0x00, 0xFF, 0xD2, 0xFF, 0x00, 0x00, 0x14, 0x00, 0x40, 0x00, 0x00, 0x00,
    0x10, 0x00, 0x00, 0x00, 0x0F, 0xC0, 0x00, 0x00, 0x02, 0xFF, 0x00, 0x00, 0x00, 0xB9, 0xB8, 0x00,
    0x00, 0x1D, 0x01, 0xD0, 0x00, 0x00, 0x00, 0x00, 0x00, 0x2A, 0xA9, 0x00, 0xAA, 0x97, 0xFF, 0xD0,
    0x1F, 0xFD, 0x0B, 0xE0, 0x00, 0x2D, 0x00, 0x3F, 0x00, 0x03, 0x80, 0x01, 0xF8, 0x00, 0xB0, 0x00,
    0x0F, 0xC0, 0x1E, 0x00, 0x00, 0x7E, 0x03, 0xC0, 0x00, 0x03, 0xF0, 0x74, 0x00, 0x00, 0x1F, 0x8F,
    0x00, 0x00, 0x00, 0xBE, 0xC0, 0x00, 0x00, 0x03, 0xF8, 0x00, 0x00, 0x00, 0x2F, 0x00, 0x00, 0x00,
    0x02, 0xF0, 0x00, 0x00, 0x00, 0x3F, 0x00, 0x00, 0x00, 0x03, 0xF0, 0x00, 0x00, 0x00, 0x3F, 0x00,
    0x00, 0x00, 0x1B, 0xF9, 0x00, 0x00, 0x03, 0xFF, 0xF0, 0x00, 0x00, 0x06, 0x00, 0x00, 0x03, 0xE0,
    0x00, 0x03, 0xFD, 0x00, 0x03, 0xD7, 0xC0, 0x02, 0xC0, 0x3C, 0x00, 0x00, 0x01, 0x00, 0x00, 0x00,
    0x01, 0xFE, 0x00, 0xBC, 0xBF, 0xC0, 0x3F, 0x81, 0xF0, 0x07, 0xE0, 0x7C, 0x00, 0x74, 0x1F, 0x00,
    0x2C, 0x07, 0xC0, 0x0E, 0x01, 0xF4, 0x0B, 0x40, 0x3D, 0x03, 0xC0, 0x0F, 0x81, 0xD0, 0x03, 0xF0,
    0xF0, 0x00, 0xBC, 0x38, 0x00, 0x0F, 0xFC, 0x00, 0x01, 0xFE, 0x00, 0x00, 0x0B, 0x00, 0x00, 0x03,
    0xC0, 0x02, 0x81, 0xD0, 0x00, 0xF4, 0xF0, 0x00, 0x3F, 0xF0, 0x00, 0x06, 0xA0, 0x00, 0x00, 0x00,
    0x0A, 0x02, 0x80, 0x00, 0x02, 0xF8, 0xBE, 0x00, 0x00, 0x2F, 0x4B, 0xE0, 0x00, 0x00, 0x50, 0x14,
    0x00, 0x00, 0x00, 0x00, 0x00, 0x02, 0xAA, 0x90, 0x0A, 0xA9, 0x7F, 0xFD, 0x01, 0xFF, 0xD0, 0xBE,
    0x00, 0x02, 0xD0, 0x03, 0xF0, 0x00, 0x38, 0x00, 0x1F, 0x80, 0x0B, 0x00, 0x00, 0xFC, 0x01, 0xE0,
    0x00, 0x07, 0xE0, 0x3C, 0x00, 0x00, 0x3F, 0x07, 0x40, 0x00, 0x01, 0xF8, 0xF0, 0x00, 0x00, 0x0B,
    0xEC, 0x00, 0x00, 0x00, 0x3F, 0x80, 0x00, 0x00, 0x02, 0xF0, 0x00, 0x00, 0x00, 0x2F, 0x00, 0x00,
    0x00, 0x03, 0xF0, 0x00, 0x00, 0x00, 0x3F, 0x00, 0x00, 0x00, 0x03, 0xF0, 0x00, 0x00, 0x01, 0xBF,
    0x90, 0x00, 0x00, 0x3F, 0xFF, 0x00, 0x00, 0x00, 0x00, 0x00, 0x00, 0x00, 0x07, 0xC0, 0x00, 0x01,
    0xFC, 0x00, 0x00, 0xBE, 0x00, 0x00, 0x1E, 0x00, 0x00, 0x00, 0x00, 0x00, 0x0A, 0xAA, 0xAA, 0x91,
    0xFF, 0xFF, 0xFF, 0x2F, 0x00, 0x0B, 0xD2, 0xD0, 0x01, 0xF8, 0x3C, 0x00, 0x3F, 0x00, 0x00, 0x0F,
    0xD0, 0x00, 0x02, 0xF8, 0x00, 0x00, 0x3F, 0x00, 0x00, 0x0F, 0xD0, 0x00, 0x02, 0xF8, 0x00, 0x00,
    0x7F, 0x00, 0x00, 0x0F, 0xC0, 0x00, 0x02, 0xF8, 0x00, 0x00, 0x7F, 0x00, 0x0E, 0x0F, 0xC0, 0x01,
    0xE3, 0xF4, 0x00, 0x3D, 0x7F, 0xAA, 0xAF, 0xDB, 0xFF, 0xFF, 0xFC, 0x00, 0x02, 0x00, 0x00, 0x3E,
    0x00, 0x02, 0xF4, 0x00, 0x1F, 0x00, 0x00, 0xE0, 0x00, 0x01, 0x00, 0x00, 0x00, 0x00, 0x0A, 0xAA,
    0xA9, 0x7F, 0xFF, 0xF5, 0xF5, 0x5B, 0x87, 0x00, 0x3C, 0x18, 0x03, 0xC0, 0x00, 0x3C, 0x00, 0x02,
    0xD0, 0x00, 0x1E, 0x00, 0x01, 0xE0, 0x09, 0x0F, 0x00, 0x74, 0xF4, 0x03, 0xCB, 0xFF, 0xFF, 0x2F,
    0xFF, 0xFC, 0x00, 0x00, 0x00, 0x00, 0x07, 0x80, 0x00, 0x00, 0xFD, 0x00, 0x00, 0x0F, 0xD0, 0x00,
    0x00, 0x64, 0x00, 0x00, 0x00, 0x00, 0x00, 0xAA, 0xAA, 0xA9, 0x1F, 0xFF, 0xFF, 0xF2, 0xF0, 0x00,
    0xBD, 0x2D, 0x00, 0x1F, 0x83, 0xC0, 0x03, 0xF0, 0x00, 0x00, 0xFD, 0x00, 0x00, 0x2F, 0x80, 0x00,
    0x03, 0xF0, 0x00, 0x00, 0xFD, 0x00, 0x00, 0x2F, 0x80, 0x00, 0x07, 0xF0, 0x00, 0x00, 0xFC, 0x00,
    0x00, 0x2F, 0x80, 0x00, 0x07, 0xF0, 0x00, 0xE0, 0xFC, 0x00, 0x1E, 0x3F, 0x40, 0x03, 0xD7, 0xFA,
    0xAA, 0xFD, 0xBF, 0xFF, 0xFF, 0xC0, 0x00, 0xBC, 0x00, 0x03, 0xF4, 0x00, 0x0F, 0xD0, 0x00, 0x09,
    0x00, 0x00, 0x00, 0x00, 0x00, 0x00, 0x02, 0xAA, 0xAA, 0x5F, 0xFF, 0xFD, 0x7D, 0x56, 0xE1, 0xC0,
    0x0F, 0x06, 0x00, 0xF0, 0x00, 0x0F, 0x00, 0x00, 0xB4, 0x00, 0x07, 0x80, 0x00, 0x78, 0x02, 0x43,
    0xC0, 0x1D, 0x3D, 0x00, 0xF2, 0xFF, 0xFF, 0xCB, 0xFF, 0xFF, 0x00, 0x00, 0x00, 0x00, 0x40, 0x00,
    0x00, 0x0F, 0x02, 0xD0, 0x00, 0x7E, 0xF8, 0x00, 0x01, 0xFE, 0x00, 0x00, 0x0B, 0x80, 0x00, 0x00,
    0x00, 0x00, 0x0A, 0xAA, 0xAA, 0x91, 0xFF, 0xFF, 0xFF, 0x2F, 0x00, 0x0B, 0xD2, 0xD0, 0x01, 0xF8,
    0x3C, 0x00, 0x3F, 0x00, 0x00, 0x0F, 0xD0, 0x00, 0x02, 0xF8, 0x00, 0x00, 0x3F, 0x00, 0x00, 0x0F,
    0xD0, 0x00, 0x02, 0xF8, 0x00, 0x00, 0x7F, 0x00, 0x00, 0x0F, 0xC0, 0x00, 0x02, 0xF8, 0x00, 0x00,
    0x7F, 0x00, 0x0E, 0x0F, 0xC0, 0x01, 0xE3, 0xF4, 0x00, 0x3D, 0x7F, 0xAA, 0xAF, 0xDB, 0xFF, 0xFF,
    0xFC, 0x04, 0x00, 0x40, 0x38, 0x07, 0x40, 0x7C, 0xB4, 0x00, 0xBF, 0x80, 0x00, 0xFC, 0x00, 0x00,
    0x40, 0x00, 0x00, 0x00, 0x0A, 0xAA, 0xA9, 0x7F, 0xFF, 0xF5, 0xF5, 0x5B, 0x87, 0x00, 0x3C, 0x18,
    0x03, 0xC0, 0x00, 0x3C, 0x00, 0x02, 0xD0, 0x00, 0x1E, 0x00, 0x01, 0xE0, 0x09, 0x0F, 0x00, 0x74,
    0xF4, 0x03, 0xCB, 0xFF, 0xFF, 0x2F, 0xFF, 0xFC, 0x00, 0x00, 0x00, 0x00, 0x2F, 0xE4, 0x00, 0x0B,
    0xFF, 0xFC, 0x00, 0xFE, 0x57, 0xFC, 0x0F, 0x80, 0x02, 0xF8, 0x14, 0x00, 0x03, 0xF0, 0x00, 0x00,
    0x0B, 0xE0, 0x00, 0x00, 0x1F, 0x80, 0x00, 0x00, 0x3F, 0x00, 0x00, 0x00, 0xFD, 0xFF, 0xFF, 0xFF,
    0xF7, 0xFF, 0xFF, 0xFF, 0xAF, 0x00, 0x00, 0x7E, 0xBC, 0x00, 0x02, 0xF6, 0xF0, 0x00, 0x0F, 0xC7,
    0xD0, 0x00, 0xBD, 0x0F, 0xC0, 0x07, 0xE0, 0x1F, 0xE5, 0xFE, 0x00, 0x1F, 0xFF, 0xD0, 0x00, 0x01,
    0x50, 0x00, 0x00, 0x00, 0x00, 0x02, 0xFD, 0x00, 0x00, 0x03, 0xE7, 0xD0, 0x00, 0x02, 0xE0, 0xBC,
    0x00, 0x00, 0xF0, 0x3F, 0x00, 0x00, 0xBC, 0x05, 0x00, 0x00, 0x3F, 0x00, 0x00, 0x00, 0x0F, 0x80,
    0x00, 0x00, 0x3F, 0xFF, 0xC0, 0x00, 0x0A, 0xFA, 0xA0, 0x00, 0x00, 0x7D, 0x00, 0x00, 0x00, 0x2F,
    0x00, 0x00, 0x00, 0x0B, 0xC0, 0x00, 0x00, 0x03, 0xF0, 0x00, 0x00, 0x00, 0xFC, 0x00, 0x00, 0x00,
    0x3E, 0x00, 0x00, 0x00, 0x0F, 0x80, 0x00, 0x00, 0x07, 0xD0, 0x00, 0x00, 0x01, 0xF0, 0x00, 0x01,
    0x40, 0xBC, 0x00, 0x01, 0xF4, 0x2E, 0x00, 0x00, 0x7C, 0x0F, 0x00, 0x00, 0x0F, 0xAF, 0x40, 0x00,
    0x00, 0xBE, 0x00, 0x00, 0x00, 0x00, 0x00, 0x00, 0x00, 0x00, 0x00, 0x00, 0x00, 0x00, 0x7D, 0x00,
    0x1B, 0xFD, 0x00, 0xBF, 0x00, 0xFF, 0xFF, 0xD0, 0x6F, 0x03, 0xF0, 0x07, 0xF4, 0x0E, 0x0F, 0xC0,
    0x00, 0xFC, 0x1C, 0x1F, 0x40, 0x00, 0xBE, 0xB8, 0x3F, 0x00, 0x00, 0x3F, 0xD0, 0x3E, 0x00, 0x00,
    0x3F, 0x00, 0x7D, 0x00, 0x00, 0x3F, 0x00, 0xBD, 0x00, 0x00, 0x3F, 0x00, 0xBD, 0x00, 0x00, 0x3F,
    0x00, 0xBD, 0x00, 0x00, 0x3F, 0x00, 0x7E, 0x00, 0x00, 0x3F, 0x00, 0x7E, 0x00, 0x00, 0x3E, 0x00,
    0x3F, 0x00, 0x00, 0xBD, 0x00, 0x2F, 0x80, 0x00, 0xFC, 0x00, 0x0F, 0xD0, 0x03, 0xF0, 0x00, 0x03,
    0xFE, 0x6F, 0xC0, 0x00, 0x00, 0xBF, 0xFE, 0x00, 0x00, 0x00, 0x01, 0x40, 0x00, 0x00, 0x00, 0x00,
    0x01, 0x90, 0x00, 0x00, 0x0F, 0xD0, 0x00, 0x00, 0x3F, 0x80, 0x00, 0x00, 0x2D, 0x01, 0xFF, 0x80,
    0xB0, 0x3F, 0xAF, 0xD7, 0x42, 0xF0, 0x0F, 0xF8, 0x0F, 0x80, 0x1F, 0x80, 0xBC, 0x00, 0x3E, 0x02,
    0xF0, 0x00, 0xF8, 0x0F, 0xC0, 0x03, 0xE0, 0x3F, 0x00, 0x0F, 0x80, 0xBC, 0x00, 0x7D, 0x02, 0xF4,
    0x02, 0xF0, 0x03, 0xE0, 0x0F, 0x80, 0x0B, 0xE5, 0xFC, 0x00, 0x07, 0xFF, 0x80, 0x00, 0x01, 0x50,
    0x00, 0x00, 0x00, 0x00, 0x00, 0x00, 0x2E, 0x0A, 0xAA, 0x00, 0x6A, 0x4F, 0xD7, 0xFF, 0xC0, 0x3F,
    0xD3, 0xF4, 0x2F, 0x00, 0x00, 0xF4, 0x2C, 0x0B, 0xC0, 0x00, 0x3D, 0x0F, 0x02, 0xF0, 0x00, 0x1F,
    0x4B, 0x00, 0xFC, 0x00, 0x07, 0xFF, 0x00, 0x3F, 0x00, 0x02, 0xF9, 0x00, 0x0F, 0xC0, 0x00, 0xFC,
    0x00, 0x03, 0xE0, 0x00, 0x3F, 0x00, 0x00, 0xF8, 0x00, 0x1F, 0xC0, 0x00, 0x3E, 0x00, 0x0A, 0xF0,
    0x00, 0x0F, 0x80, 0x03, 0x7C, 0x00, 0x03, 0xE0, 0x01, 0xDF, 0x00, 0x00, 0xF8, 0x00, 0xE7, 0xC0,
    0x00, 0x3E, 0x00, 0x75, 0xF0, 0x00, 0x0F, 0xC0, 0x7C, 0xB8, 0x00, 0x01, 0xFF, 0xFC, 0x2F, 0x40,
    0x00, 0x2F, 0xFC, 0x0B, 0xF8, 0x00, 0x00, 0x50, 0x00, 0x00, 0x00, 0x00, 0x00, 0x00, 0x06, 0x40,
    0x00, 0x00, 0x00, 0xFC, 0x00, 0x00, 0x00, 0x0F, 0xD0, 0x00, 0x00, 0x00, 0x2D, 0x2F, 0xC0, 0x0B,
    0x82, 0xC7, 0xFD, 0x00, 0xFC, 0x74, 0x03, 0xD0, 0x1F, 0xFD, 0x00, 0x7D, 0x03, 0xFE, 0x00, 0x07,
    0xD0, 0x3B, 0xC0, 0x00, 0x7C, 0x07, 0x78, 0x00, 0x0B, 0xC0, 0xEB, 0x80, 0x00, 0xBC, 0x0D, 0xB8,
    0x00, 0x0B, 0xC1, 0xCF, 0x80, 0x00, 0xFC, 0x3C, 0xF8, 0x00, 0x0F, 0xC7, 0x4F, 0x80, 0x00, 0xBF,
    0xF0, 0xFE, 0x80, 0x03, 0xFC, 0x0B, 0xF8, 0x00, 0x05, 0x00, 0x14, 0x00, 0x00, 0x00, 0x00, 0x00,
    0x00, 0x04, 0x00, 0x00, 0x00, 0x00, 0x00, 0x00, 0x00, 0x1E, 0x02, 0xD0, 0x00, 0x00, 0x00, 0x00,
    0x00, 0x07, 0xEF, 0x40, 0x00, 0x00, 0x00, 0x00, 0x00, 0x02, 0xFD, 0x00, 0x00, 0x00, 0x00, 0x00,
    0x00, 0x00, 0xB8, 0x00, 0x00, 0x00, 0x00, 0x00, 0x00, 0x00, 0x00, 0x00, 0x1A, 0xAA, 0x94, 0x00,
    0x00, 0xAA, 0xAA, 0xA9, 0x3F, 0xFF, 0xFF, 0x80, 0x02, 0xFF, 0xFF, 0xFE, 0x03, 0xF0, 0x07, 0xF4,
    0x02, 0xE0, 0x00, 0xFD, 0x03, 0xF0, 0x00, 0xFD, 0x03, 0xC0, 0x02, 0xF8, 0x03, 0xE0, 0x00, 0x3F,
    0x03, 0xC0, 0x07, 0xF0, 0x03, 0xE0, 0x00, 0x2F, 0x40, 0x00, 0x0F, 0xD0, 0x03, 0xE0, 0x00, 0x1F,
    0x80, 0x00, 0x2F, 0x80, 0x03, 0xE0, 0x00, 0x1F, 0xC0, 0x00, 0x7F, 0x00, 0x03, 0xE0, 0x00, 0x0F,
    0xC0, 0x00, 0xFC, 0x00, 0x03, 0xE0, 0x00, 0x1F, 0x80, 0x02, 0xF4, 0x00, 0x07, 0xD0, 0x00, 0x1F,
    0x80, 0x07, 0xF0, 0x00, 0x07, 0xD0, 0x00, 0x2F, 0x40, 0x0F, 0xC0, 0x00, 0x07, 0xD0, 0x00, 0x3F,
    0x00, 0x3F, 0x40, 0x00, 0x07, 0xD0, 0x00, 0xBD, 0x00, 0x7E, 0x00, 0x0E, 0x07, 0xD0, 0x01, 0xFC,
    0x00, 0xFC, 0x00, 0x1D, 0x07, 0xD0, 0x0B, 0xF0, 0x03, 0xF4, 0x00, 0x3D, 0x5F, 0xEA, 0xFF, 0x40,
    0x0B, 0xFA, 0xAA, 0xFC, 0xFF, 0xFF, 0xE4, 0x00, 0x0B, 0xFF, 0xFF, 0xFC, 0x00, 0x00, 0x00, 0x00,
    0x00, 0x40, 0x01, 0x00, 0x00, 0x00, 0x00, 0x00, 0x3C, 0x07, 0x81, 0xAA, 0xA9, 0x40, 0x00, 0x03,
    0xDB, 0x80, 0xFF, 0xFF, 0xFE, 0x00, 0x00, 0x7F, 0xC0, 0x03, 0xF0, 0x07, 0xF4, 0x00, 0x0B, 0xC0,
    0x00, 0xFC, 0x00, 0x3F, 0x40, 0x00, 0x40, 0x00, 0x3E, 0x00, 0x03, 0xF0, 0x00, 0x00, 0x00, 0x0F,
    0x80, 0x00, 0xBD, 0x0A, 0xAA, 0xA9, 0x03, 0xE0, 0x00, 0x1F, 0x83, 0xFF, 0xFF, 0x80, 0xF8, 0x00,
    0x07, 0xF0, 0xF5, 0x57, 0xC0, 0x3E, 0x00, 0x00, 0xFC, 0x34, 0x03, 0xC0, 0x0F, 0x80, 0x00, 0x7E,
    0x08, 0x02, 0xD0, 0x07, 0xD0, 0x00, 0x1F, 0x80, 0x02, 0xD0, 0x01, 0xF4, 0x00, 0x0B, 0xD0, 0x01,
    0xE0, 0x00, 0x7D, 0x00, 0x03, 0xF0, 0x00, 0xF0, 0x00, 0x1F, 0x40, 0x02, 0xF4, 0x00, 0xF0, 0x0A,
    0x07, 0xD0, 0x01, 0xFC, 0x00, 0xF0, 0x03, 0x81, 0xF4, 0x02, 0xFC, 0x00, 0xB4, 0x02, 0xD5, 0xFE,
    0xAF, 0xF4, 0x00, 0x7F, 0xFF, 0xF7, 0xFF, 0xFF, 0x90, 0x00, 0x1F, 0xFF, 0xFC, 0x00, 0x00, 0x00,
    0x00, 0x00, 0x00, 0x00, 0x00, 0x00, 0x00, 0x00, 0x00, 0x10, 0x01, 0x00, 0x00, 0x3F, 0xE0, 0x03,
    0x80, 0xB0, 0x00, 0x01, 0xBE, 0x00, 0x1F, 0x3D, 0x00, 0x00, 0x03, 0xE0, 0x00, 0xBF, 0x80, 0x00,
    0x00, 0x3E, 0x00, 0x03, 0xF0, 0x00, 0x00, 0x03, 0xE0, 0x00, 0x04, 0x00, 0x00, 0x00, 0x3E, 0x00,
    0x00, 0x00, 0x00, 0x1F, 0xFB, 0xE0, 0x0A, 0xAA, 0xA8, 0x0B, 0xEA, 0xFD, 0x01, 0xFF, 0xFF, 0xC1,
    0xF4, 0x03, 0xD0, 0x2E, 0x55, 0xB4, 0x3E, 0x00, 0xBD, 0x02, 0xC0, 0x1E, 0x07, 0xD0, 0x0F, 0xD0,
    0x18, 0x03, 0xC0, 0xBC, 0x00, 0xFD, 0x00, 0x00, 0xF0, 0x0F, 0xC0, 0x1F, 0xD0, 0x00, 0x3C, 0x00,
    0xFC, 0x02, 0xBD, 0x00, 0x0B, 0x40, 0x0F, 0xC0, 0x37, 0xD0, 0x01, 0xE0, 0x08, 0xFC, 0x07, 0x3D,
    0x00, 0x78, 0x01, 0xCB, 0xD0, 0xE3, 0xC0, 0x0F, 0x40, 0x3C, 0x3F, 0xAC, 0x3E, 0x93, 0xFF, 0xFF,
    0xC1, 0xFF, 0x43, 0xFD, 0x2F, 0xFF, 0xF8, 0x01, 0x40, 0x04, 0x00, 0x00, 0x00, 0x00, 0x2A, 0xAA,
    0x00, 0x01, 0xAA, 0xA4, 0xFF, 0xFD, 0x00, 0x0F, 0xFF, 0xD0, 0x3E, 0x00, 0x00, 0x02, 0xF4, 0x00,
    0xF8, 0x00, 0x00, 0x0B, 0xC0, 0x03, 0xE0, 0x00, 0x00, 0x2F, 0x00, 0x0F, 0x80, 0x00, 0x00, 0xBC,
    0x00, 0x7D, 0x00, 0x00, 0x02, 0xF0, 0x01, 0xF4, 0x00, 0x00, 0x0B, 0xC0, 0x07, 0xD0, 0x00, 0x00,
    0x2F, 0x00, 0x1F, 0x40, 0x00, 0x00, 0xFC, 0x00, 0x7D, 0x00, 0x00, 0x03, 0xF0, 0x01, 0xF4, 0x00,
    0x00, 0x0F, 0xC0, 0x0B, 0xC0, 0x00, 0x00, 0x3F, 0x00, 0x2F, 0x00, 0x0B, 0x00, 0xFC, 0x00, 0xBC,
    0x00, 0x3C, 0x03, 0xF0, 0x02, 0xF0, 0x01, 0xF0, 0x0F, 0xC0, 0x5F, 0xEA, 0xAF, 0x80, 0x3E, 0x03,
    0xFF, 0xFF, 0xFE, 0x00, 0xF8, 0x00, 0x00, 0x00, 0x00, 0x07, 0xD0, 0x00, 0x00, 0x00, 0x00, 0x2F,
    0x00, 0x00, 0x00, 0x00, 0x00, 0xF8, 0x00, 0x00, 0x00, 0x00, 0x0B, 0x80, 0x00, 0x00, 0x00, 0x00,
    0x78, 0x00, 0x00, 0x00, 0x00, 0x00, 0x40, 0x00, 0x00, 0x00, 0x00, 0x00, 0x7C, 0x2A, 0xAA, 0x00,
    0x00, 0xFE, 0x3F, 0xFF, 0x40, 0x00, 0xFD, 0x03, 0xE0, 0x00, 0x00, 0x24, 0x03, 0xE0, 0x00, 0x00,
    0x00, 0x03, 0xE0, 0x00, 0x00, 0x00, 0x03, 0xE0, 0x00, 0x02, 0xFC, 0x07, 0xD0, 0x00, 0x07, 0xFD,
    0x07, 0xD0, 0x00, 0x00, 0x3E, 0x07, 0xD0, 0x00, 0x00, 0x3E, 0x07, 0xD0, 0x00, 0x00, 0x3D, 0x07,
    0xD0, 0x00, 0x00, 0x3D, 0x07, 0xD0, 0x00, 0x00, 0x3D, 0x0B, 0xC0, 0x00, 0x00, 0x7D, 0x0B, 0xC0,
    0x02, 0xC0, 0x7D, 0x0B, 0xC0, 0x03, 0xC0, 0x7C, 0x0B, 0xC0, 0x07, 0xC0, 0x7C, 0x5F, 0xEA, 0xAF,
    0x80, 0x7C, 0xFF, 0xFF, 0xFF, 0x80, 0xBC, 0x00, 0x00, 0x00, 0x00, 0xB8, 0x00, 0x00, 0x00, 0x00,
    0xB4, 0x00, 0x00, 0x00, 0x00, 0xF0, 0x00, 0x00, 0x00, 0x3F, 0xD0, 0x00, 0x00, 0x00, 0x3F, 0x80,
    0x00, 0x00, 0x00, 0x1A, 0x00, 0x00, 0x00, 0x00, 0x0B, 0xFC, 0x00, 0xF8, 0x1B, 0xC0, 0x1F, 0xC0,
    0x7C, 0x01, 0xFC, 0x07, 0xC0, 0x06, 0x00, 0x7C, 0x00, 0x00, 0x0B, 0xC0, 0x00, 0x00, 0xBC, 0x0B,
    0xF4, 0x0B, 0xC0, 0xFF, 0xC0, 0xBC, 0x00, 0xBC, 0x0B, 0xC0, 0x0B, 0xC0, 0xBC, 0x00, 0xBC, 0x0F,
    0xC0, 0x0B, 0xC0, 0xFC, 0x00, 0xBC, 0x0F, 0x80, 0x0F, 0xC0, 0xF8, 0x00, 0xFC, 0x0F, 0x80, 0x0F,
    0x80, 0xF8, 0x00, 0xF8, 0x0F, 0xDC, 0x0F, 0x80, 0xBF, 0x80, 0xF4, 0x01, 0x40, 0x0F, 0x00, 0x00,
    0x00, 0xF0, 0x00, 0x00, 0x1D, 0x00, 0x00, 0x7B, 0xC0, 0x00, 0x0B, 0xF4, 0x00, 0x00, 0x28, 0x00,
    0x2A, 0xA4, 0x00, 0xAA, 0x91, 0xAA, 0xA4, 0xFF, 0xF0, 0x07, 0xFF, 0x4B, 0xFF, 0xE0, 0x3F, 0xD0,
    0x01, 0xE0, 0x01, 0xF8, 0x00, 0xEF, 0xC0, 0x07, 0x40, 0x07, 0xD0, 0x03, 0xAF, 0x40, 0x1D, 0x00,
    0x1F, 0x40, 0x0E, 0x3F, 0x00, 0x74, 0x00, 0x7D, 0x00, 0x74, 0xBD, 0x02, 0xD0, 0x01, 0xF4, 0x01,
    0xD0, 0xFC, 0x0B, 0x40, 0x07, 0xD0, 0x07, 0x42, 0xF4, 0x2C, 0x00, 0x1F, 0x40, 0x1D, 0x03, 0xF0,
    0xB0, 0x00, 0xBC, 0x00, 0x74, 0x0B, 0xC2, 0xC0, 0x02, 0xF0, 0x01, 0xD0, 0x0F, 0x8B, 0x00, 0x0B,
    0xC0, 0x0B, 0x40, 0x2F, 0x2C, 0x00, 0x2F, 0x00, 0x2C, 0x00, 0x3E, 0xF0, 0x00, 0xBC, 0x00, 0xB0,
    0x00, 0xBF, 0xC0, 0x03, 0xF0, 0x02, 0xC0, 0x00, 0xFF, 0x00, 0x0F, 0xC0, 0x5F, 0x90, 0x03, 0xFC,
    0x00, 0x3F, 0x03, 0xFF, 0xD0, 0x07, 0xF0, 0x00, 0xFC, 0x00, 0x00, 0x00, 0x00, 0x00, 0x03, 0xE0,
    0x00, 0x00, 0x00, 0x00, 0x00, 0x1F, 0x40, 0x00, 0x00, 0x00, 0x00, 0x00, 0xF8, 0x00, 0x00, 0x00,
    0x00, 0x00, 0x0B, 0xC0, 0x00, 0x00, 0x00, 0x00, 0x00, 0x3C, 0x00, 0x00, 0x00, 0x00, 0x00, 0x00,
    0x80, 0x00, 0x00, 0x00, 0x00, 0x00, 0x00, 0x7C, 0x2A, 0xA4, 0x00, 0xAA, 0x90, 0xFE, 0x3F, 0xFC,
    0x01, 0xFF, 0xD0, 0xFD, 0x03, 0xFD, 0x00, 0x1E, 0x00, 0x24, 0x03, 0xBF, 0x00, 0x1D, 0x00, 0x00,
    0x03, 0xAF, 0x40, 0x1D, 0x00, 0x00, 0x03, 0x8F, 0xC0, 0x1D, 0x02, 0xFC, 0x07, 0x4B, 0xD0, 0x2D,
    0x07, 0xFD, 0x07, 0x43, 0xF0, 0x2D, 0x00, 0x3E, 0x07, 0x42, 0xF4, 0x2C, 0x00, 0x3E, 0x07, 0x40,
    0xFC, 0x2C, 0x00, 0x3D, 0x07, 0x40, 0xBC, 0x2C, 0x00, 0x3D, 0x07, 0x40, 0x3E, 0x2C, 0x00, 0x3D,
    0x0B, 0x40, 0x2F, 0x2C, 0x00, 0x7D, 0x0B, 0x00, 0x0F, 0xBC, 0x00, 0x7D, 0x0B, 0x00, 0x0B, 0xFC,
    0x00, 0x7C, 0x0B, 0x00, 0x03, 0xFC, 0x00, 0x7C, 0x5F, 0x90, 0x03, 0xFC, 0x00, 0x7C, 0xFF, 0xF4,
    0x01, 0xFC, 0x00, 0xBC, 0x00, 0x00, 0x00, 0x00, 0x00, 0xB8, 0x00, 0x00, 0x00, 0x00, 0x00, 0xB4,
    0x00, 0x00, 0x00, 0x00, 0x00, 0xF0, 0x00, 0x00, 0x00, 0x00, 0x3F, 0xD0, 0x00, 0x00, 0x00, 0x00,
    0x3F, 0x80, 0x00, 0x00, 0x00, 0x00, 0x1A, 0x00, 0x00, 0x00, 0x00, 0x00, 0x0F, 0x40, 0x00, 0x00,
    0x00, 0x0B, 0xF0, 0x00, 0x00, 0x00, 0x02, 0xF8, 0x00, 0x00, 0x00, 0x00, 0x18, 0x00, 0x00, 0x00,
    0x00, 0x00, 0x00, 0x00, 0x00, 0x00, 0x00, 0x07, 0xF8, 0x0B, 0xF0, 0x0B, 0xF6, 0xFF, 0x0B, 0xFF,
    0x03, 0xBF, 0x07, 0xC3, 0x8B, 0xC0, 0x0F, 0xC1, 0xF1, 0xC2, 0xF0, 0x03, 0xF0, 0x7C, 0xE0, 0xBC,
    0x00, 0xFC, 0x2F, 0x34, 0x2F, 0x00, 0x3E, 0x0B, 0x9C, 0x0F, 0xC0, 0x0F, 0x82, 0xEE, 0x03, 0xF0,
    0x03, 0xE0, 0xBB, 0x40, 0xF8, 0x00, 0xF8, 0x2F, 0xC0, 0x3E, 0x00, 0x3E, 0x0B, 0xE0, 0x0F, 0x80,
    0x0F, 0x42, 0xF4, 0x03, 0xF6, 0x03, 0xD0, 0xFC, 0x00, 0xFF, 0x41, 0xF0, 0x00, 0x00, 0x05, 0x00,
    0x7C, 0x00, 0x00, 0x00, 0x00, 0x1E, 0x00, 0x00, 0x00, 0x00, 0x0B, 0x00, 0x00, 0x00, 0x00, 0xBB,
    0xC0, 0x00, 0x00, 0x00, 0x3F, 0xC0, 0x00, 0x00, 0x00, 0x02, 0x80, 0x00, 0x00, 0x04, 0x00, 0x00,
    0x00, 0x00, 0xF0, 0x2D, 0x00, 0x00, 0x07, 0xEF, 0x80, 0x00, 0x00, 0x1F, 0xE0, 0x00, 0x00, 0x00,
    0xB8, 0x00, 0x00, 0x00, 0x00, 0x00, 0x00, 0x00, 0x00, 0x68, 0x00, 0x00, 0x00, 0x1F, 0xD0, 0x00,
    0x00, 0x02, 0xFE, 0x00, 0x00, 0x00, 0x3B, 0xF0, 0x00, 0x00, 0x07, 0x6F, 0x00, 0x00, 0x00, 0xB1,
    0xF4, 0x00, 0x00, 0x0E, 0x0F, 0xC0, 0x00, 0x01, 0xC0, 0xFC, 0x00, 0x00, 0x3C, 0x0B, 0xD0, 0x00,
    0x03, 0x80, 0x7E, 0x00, 0x00, 0xB5, 0x57, 0xF0, 0x00, 0x0F, 0xFF, 0xFF, 0x00, 0x01, 0xE5, 0x56,
    0xF4, 0x00, 0x2C, 0x00, 0x1F, 0x80, 0x03, 0xC0, 0x00, 0xFC, 0x00, 0x74, 0x00, 0x0B, 0xD0, 0x1F,
    0x90, 0x01, 0xFF, 0x4B, 0xFF, 0x40, 0xBF, 0xFE, 0x01, 0x00, 0x10, 0x00, 0x38, 0x07, 0x40, 0x01,
    0xF2, 0xD0, 0x00, 0x0B, 0xF8, 0x00, 0x00, 0x3F, 0x00, 0x00, 0x00, 0x40, 0x00, 0x00, 0x00, 0x00,
    0x00, 0x1F, 0xFA, 0xE0, 0x0B, 0xEA, 0xFE, 0x01, 0xF4, 0x03, 0xE0, 0x3F, 0x00, 0x7D, 0x07, 0xD0,
    0x0F, 0xD0, 0xBC, 0x00, 0xFD, 0x0F, 0xC0, 0x1F, 0xD0, 0xFC, 0x02, 0xBD, 0x0F, 0xC0, 0x37, 0xD0,
    0xFC, 0x07, 0x3D, 0x0B, 0xD0, 0xF3, 0xD0, 0x3F, 0xAD, 0x3E, 0x91, 0xFF, 0x43, 0xFD, 0x01, 0x40,
    0x04, 0x00, 0x10, 0x01, 0x1E, 0x02, 0xC2, 0xFB, 0xD0, 0x2F, 0xD0, 0x03, 0xD0, 0x00, 0x00, 0x02,
    0xAA, 0x90, 0xFF, 0xF8, 0x03, 0xE0, 0x00, 0xF8, 0x00, 0x3E, 0x00, 0x0F, 0x80, 0x03, 0xD0, 0x01,
    0xF4, 0x00, 0x7D, 0x00, 0x1F, 0x40, 0x07, 0xD0, 0x01, 0xF4, 0x00, 0x7D, 0x00, 0x2F, 0x00, 0x0B,
    0xC0, 0x02, 0xF0, 0x06, 0xFE, 0x43, 0xFF, 0xF4, 0x10, 0x01, 0x1E, 0x02, 0xC2, 0xE3, 0xC0, 0x3F,
    0xD0, 0x03, 0xE0, 0x00, 0x50, 0x00, 0x00, 0x00, 0x2F, 0xC0, 0x1F, 0xF4, 0x00, 0x3E, 0x00, 0x0F,
    0x40, 0x03, 0xD0, 0x01, 0xF4, 0x00, 0x7C, 0x00, 0x1F, 0x00, 0x0B, 0xC0, 0x02, 0xF0, 0x00, 0xBC,
    0x00, 0x2F, 0x74, 0x07, 0xF8, 0x00, 0x10, 0x00, 0x00, 0x10, 0x00, 0x40, 0x00, 0x0F, 0x41, 0xE0,
    0x00, 0x00, 0xFB, 0xE0, 0x00, 0x00, 0x1F, 0xF0, 0x00, 0x00, 0x01, 0xF0, 0x00, 0x00, 0x00, 0x00,
    0x00, 0x00, 0x01, 0xBF, 0xD0, 0x00, 0x03, 0xFF, 0xFF, 0x40, 0x03, 0xF0, 0x07, 0xF4, 0x03, 0xF0,
    0x00, 0x3F, 0x01, 0xF4, 0x00, 0x0B, 0xE0, 0xFC, 0x00, 0x00, 0xFC, 0x3E, 0x00, 0x00, 0x3F, 0x1F,
    0x40, 0x00, 0x0F, 0xCB, 0xD0, 0x00, 0x03, 0xF2, 0xF4, 0x00, 0x00, 0xFC, 0xBD, 0x00, 0x00, 0x3F,
    0x1F, 0x80, 0x00, 0x0F, 0xC7, 0xE0, 0x00, 0x03, 0xE0, 0xFC, 0x00, 0x02, 0xF4, 0x2F, 0x80, 0x00,
    0xFC, 0x03, 0xF4, 0x00, 0xFC, 0x00, 0x3F, 0xE6, 0xFC, 0x00, 0x02, 0xFF, 0xF8, 0x00, 0x00, 0x01,
    0x40, 0x00, 0x00, 0x01, 0x00, 0x10, 0x07, 0x40, 0xB0, 0x02, 0xE3, 0xC0, 0x00, 0xFF, 0x40, 0x00,
    0x3E, 0x00, 0x00, 0x14, 0x00, 0x00, 0x00, 0x00, 0x01, 0xFF, 0x80, 0x0F, 0xEB, 0xF0, 0x2F, 0x00,
    0xFC, 0x3E, 0x00, 0x7D, 0xBC, 0x00, 0x3E, 0xBC, 0x00, 0x3E, 0xFC, 0x00, 0x3E, 0xFC, 0x00, 0x3E,
    0xBC, 0x00, 0x7D, 0xBD, 0x00, 0xBC, 0x3E, 0x00, 0xF8, 0x2F, 0x97, 0xF0, 0x07, 0xFF, 0x80, 0x00,
    0x54, 0x00, 0x00, 0x10, 0x00, 0x40, 0x00, 0x02, 0xE0, 0x3C, 0x00, 0x00, 0x0B, 0xEF, 0x00, 0x00,
    0x00, 0x3F, 0xC0, 0x00, 0x00, 0x00, 0xF4, 0x00, 0x00, 0x00, 0x00, 0x00, 0x00, 0x2A, 0xA8, 0x01,
    0xAA, 0x97, 0xFF, 0xC0, 0x3F, 0xFD, 0x0B, 0xC0, 0x00, 0x3E, 0x00, 0xBC, 0x00, 0x03, 0xE0, 0x0B,
    0xC0, 0x00, 0x7D, 0x00, 0xFC, 0x00, 0x07, 0xD0, 0x0F, 0xC0, 0x00, 0xBD, 0x00, 0xFC, 0x00, 0x0F,
    0xD0, 0x0F, 0xC0, 0x00, 0xFC, 0x00, 0xF8, 0x00, 0x1F, 0xC0, 0x0F, 0x80, 0x02, 0xBC, 0x00, 0xF8,
    0x00, 0x37, 0xC0, 0x0F, 0x80, 0x07, 0x3C, 0x00, 0xF8, 0x00, 0xE7, 0xC0, 0x0F, 0x80, 0x1D, 0x7C,
    0x00, 0xFC, 0x07, 0xC7, 0xC0, 0x07, 0xFF, 0xF0, 0xBE, 0x40, 0x2F, 0xFC, 0x0B, 0xFC, 0x00, 0x14,
    0x00, 0x00, 0x00, 0x00, 0x40, 0x04, 0x00, 0x07, 0x80, 0xB0, 0x00, 0x0B, 0x8F, 0x40, 0x00, 0x0F,
    0xF8, 0x00, 0x00, 0x0F, 0x80, 0x00, 0x00, 0x04, 0x00, 0x00, 0x00, 0x00, 0x00, 0x0B, 0xF0, 0x02,
    0xE0, 0x7F, 0xD0, 0x0F, 0xC0, 0x0F, 0x40, 0x7F, 0x00, 0x7D, 0x03, 0xFC, 0x01, 0xF4, 0x0E, 0xF0,
    0x07, 0xC0, 0x77, 0x80, 0x2F, 0x03, 0xAE, 0x00, 0xBC, 0x0D, 0xB8, 0x02, 0xF0, 0x73, 0xE0, 0x0F,
    0xC3, 0xCF, 0x80, 0x3F, 0x1D, 0x3E, 0x00, 0xBF, 0xF0, 0xFE, 0x80, 0xFF, 0x02, 0xFE, 0x00, 0x50,
    0x01, 0x40, 0x00, 0x1F, 0xFF, 0xC0, 0x00, 0x01, 0xFF, 0xFC, 0x00, 0x00, 0x00, 0x00, 0x00, 0x00,
    0x00, 0x00, 0x00, 0x00, 0x00, 0x1E, 0x02, 0x80, 0x00, 0x03, 0xF4, 0xFD, 0x00, 0x00, 0x3F, 0x0F,
    0xD0, 0x00, 0x00, 0x90, 0x24, 0x00, 0x00, 0x00, 0x00, 0x00, 0x02, 0xAA, 0x80, 0x1A, 0xA9, 0x7F,
    0xFC, 0x03, 0xFF, 0xD0, 0xBC, 0x00, 0x03, 0xE0, 0x0B, 0xC0, 0x00, 0x3E, 0x00, 0xBC, 0x00, 0x07,
    0xD0, 0x0F, 0xC0, 0x00, 0x7D, 0x00, 0xFC, 0x00, 0x0B, 0xD0, 0x0F, 0xC0, 0x00, 0xFD, 0x00, 0xFC,
    0x00, 0x0F, 0xC0, 0x0F, 0x80, 0x01, 0xFC, 0x00, 0xF8, 0x00, 0x2B, 0xC0, 0x0F, 0x80, 0x03, 0x7C,
    0x00, 0xF8, 0x00, 0x73, 0xC0, 0x0F, 0x80, 0x0E, 0x7C, 0x00, 0xF8, 0x01, 0xD7, 0xC0, 0x0F, 0xC0,
    0x7C, 0x7C, 0x00, 0x7F, 0xFF, 0x0B, 0xE4, 0x02, 0xFF, 0xC0, 0xBF, 0xC0, 0x01, 0x40, 0x00, 0x00,
    0x00, 0xFF, 0xFD, 0x00, 0x03, 0xFF, 0xF4, 0x00, 0x00, 0x00, 0x00, 0x00, 0x00, 0x00, 0x00, 0x00,
    0xA0, 0x28, 0x00, 0x0B, 0xE2, 0xF8, 0x00, 0x2F, 0x4B, 0xE0, 0x00, 0x24, 0x09, 0x00, 0x00, 0x00,
    0x00, 0x00, 0x00, 0x00, 0x00, 0x02, 0xFC, 0x00, 0xB8, 0x1F, 0xF4, 0x03, 0xF0, 0x03, 0xD0, 0x1F,
    0xC0, 0x1F, 0x40, 0xFF, 0x00, 0x7D, 0x03, 0xBC, 0x01, 0xF0, 0x1D, 0xE0, 0x0B, 0xC0, 0xEB, 0x80,
    0x2F, 0x03, 0x6E, 0x00, 0xBC, 0x1C, 0xF8, 0x03, 0xF0, 0xF3, 0xE0, 0x0F, 0xC7, 0x4F, 0x80, 0x2F,
    0xFC, 0x3F, 0xA0, 0x3F, 0xC0, 0xBF, 0x80, 0x14, 0x00, 0x50, 0x00, 0x00, 0x00, 0x00, 0x00, 0x00,
    0x00, 0xB4, 0x00, 0x00, 0x00, 0x3F, 0x80, 0x00, 0x00, 0x0F, 0xD0, 0x00, 0x00, 0x03, 0xD0, 0x00,
    0x00, 0x00, 0x00, 0x00, 0x00, 0x00, 0x1E, 0x02, 0x80, 0x00, 0x03, 0xF4, 0xFD, 0x00, 0x00, 0x3F,
    0x0F, 0xD0, 0x00, 0x00, 0x90, 0x24, 0x00, 0x00, 0x00, 0x00, 0x00, 0x02, 0xAA, 0x80, 0x1A, 0xA9,
    0x7F, 0xFC, 0x03, 0xFF, 0xD0, 0xBC, 0x00, 0x03, 0xE0, 0x0B, 0xC0, 0x00, 0x3E, 0x00, 0xBC, 0x00,
    0x07, 0xD0, 0x0F, 0xC0, 0x00, 0x7D, 0x00, 0xFC, 0x00, 0x0B, 0xD0, 0x0F, 0xC0, 0x00, 0xFD, 0x00,
    0xFC, 0x00, 0x0F, 0xC0, 0x0F, 0x80, 0x01, 0xFC, 0x00, 0xF8, 0x00, 0x2B, 0xC0, 0x0F, 0x80, 0x03,
    0x7C, 0x00, 0xF8, 0x00, 0x73, 0xC0, 0x0F, 0x80, 0x0E, 0x7C, 0x00, 0xF8, 0x01, 0xD7, 0xC0, 0x0F,
    0xC0, 0x7C, 0x7C, 0x00, 0x7F, 0xFF, 0x0B, 0xE4, 0x02, 0xFF, 0xC0, 0xBF, 0xC0, 0x01, 0x40, 0x00,
    0x00, 0x00, 0x00, 0x00, 0x00, 0x00, 0x01, 0xF0, 0x00, 0x00, 0x1F, 0xC0, 0x00, 0x01, 0xF8, 0x00,
    0x00, 0x1E, 0x00, 0x00, 0x00, 0x00, 0x00, 0x00, 0x0A, 0x02, 0x80, 0x00, 0xBE, 0x2F, 0x80, 0x02,
    0xF4, 0xBE, 0x00, 0x02, 0x40, 0x90, 0x00, 0x00, 0x00, 0x00, 0x00, 0x00, 0x00, 0x00, 0x2F, 0xC0,
    0x0B, 0x81, 0xFF, 0x40, 0x3F, 0x00, 0x3D, 0x01, 0xFC, 0x01, 0xF4, 0x0F, 0xF0, 0x07, 0xD0, 0x3B,
    0xC0, 0x1F, 0x01, 0xDE, 0x00, 0xBC, 0x0E, 0xB8, 0x02, 0xF0, 0x36, 0xE0, 0x0B, 0xC1, 0xCF, 0x80,
    0x3F, 0x0F, 0x3E, 0x00, 0xFC, 0x74, 0xF8, 0x02, 0xFF, 0xC3, 0xFA, 0x03, 0xFC, 0x0B, 0xF8, 0x01,
    0x40, 0x05, 0x00, 0x00, 0x04, 0x00, 0x40, 0x00, 0x01, 0xE0, 0x2C, 0x00, 0x00, 0x0B, 0xEF, 0x40,
    0x00, 0x00, 0x2F, 0xD0, 0x00, 0x00, 0x00, 0xF4, 0x00, 0x00, 0x00, 0x00, 0x00, 0x00, 0x00, 0x1E,
    0x02, 0x80, 0x00, 0x03, 0xF4, 0xFD, 0x00, 0x00, 0x3F, 0x0F, 0xD0, 0x00, 0x00, 0x90, 0x24, 0x00,
    0x00, 0x00, 0x00, 0x00, 0x02, 0xAA, 0x80, 0x1A, 0xA9, 0x7F, 0xFC, 0x03, 0xFF, 0xD0, 0xBC, 0x00,
    0x03, 0xE0, 0x0B, 0xC0, 0x00, 0x3E, 0x00, 0xBC, 0x00, 0x07, 0xD0, 0x0F, 0xC0, 0x00, 0x7D, 0x00,
    0xFC, 0x00, 0x0B, 0xD0, 0x0F, 0xC0, 0x00, 0xFD, 0x00, 0xFC, 0x00, 0x0F, 0xC0, 0x0F, 0x80, 0x01,
    0xFC, 0x00, 0xF8, 0x00, 0x2B, 0xC0, 0x0F, 0x80, 0x03, 0x7C, 0x00, 0xF8, 0x00, 0x73, 0xC0, 0x0F,
    0x80, 0x0E, 0x7C, 0x00, 0xF8, 0x01, 0xD7, 0xC0, 0x0F, 0xC0, 0x7C, 0x7C, 0x00, 0x7F, 0xFF, 0x0B,
    0xE4, 0x02, 0xFF, 0xC0, 0xBF, 0xC0, 0x01, 0x40, 0x00, 0x00, 0x00, 0x40, 0x01, 0x00, 0x03, 0xC0,
    0xB4, 0x00, 0x07, 0xEF, 0x80, 0x00, 0x07, 0xF8, 0x00, 0x00, 0x0B, 0x80, 0x00, 0x00, 0x00, 0x00,
    0x00, 0x0A, 0x02, 0x80, 0x00, 0xBE, 0x2F, 0x80, 0x02, 0xF4, 0xBE, 0x00, 0x02, 0x40, 0x90, 0x00,
    0x00, 0x00, 0x00, 0x00, 0x00, 0x00, 0x00, 0x2F, 0xC0, 0x0B, 0x81, 0xFF, 0x40, 0x3F, 0x00, 0x3D,
    0x01, 0xFC, 0x01, 0xF4, 0x0F, 0xF0, 0x07, 0xD0, 0x3B, 0xC0, 0x1F, 0x01, 0xDE, 0x00, 0xBC, 0x0E,
    0xB8, 0x02, 0xF0, 0x36, 0xE0, 0x0B, 0xC1, 0xCF, 0x80, 0x3F, 0x0F, 0x3E, 0x00, 0xFC, 0x74, 0xF8,
    0x02, 0xFF, 0xC3, 0xFA, 0x03, 0xFC, 0x0B, 0xF8, 0x01, 0x40, 0x05, 0x00, 0x00, 0x00, 0x00, 0x00,
    0x00, 0x00, 0xF0, 0x00, 0x00, 0x00, 0x0F, 0xD0, 0x00, 0x00, 0x00, 0x7F, 0x40, 0x00, 0x00, 0x00,
    0x2C, 0x00, 0x00, 0x00, 0x00, 0x00, 0x00, 0x00, 0x1E, 0x02, 0x80, 0x00, 0x03, 0xF4, 0xFD, 0x00,
    0x00, 0x3F, 0x0F, 0xD0, 0x00, 0x00, 0x90, 0x24, 0x00, 0x00, 0x00, 0x00, 0x00, 0x02, 0xAA, 0x80,
    0x1A, 0xA9, 0x7F, 0xFC, 0x03, 0xFF, 0xD0, 0xBC, 0x00, 0x03, 0xE0, 0x0B, 0xC0, 0x00, 0x3E, 0x00,
    0xBC, 0x00, 0x07, 0xD0, 0x0F, 0xC0, 0x00, 0x7D, 0x00, 0xFC, 0x00, 0x0B, 0xD0, 0x0F, 0xC0, 0x00,
    0xFD, 0x00, 0xFC, 0x00, 0x0F, 0xC0, 0x0F, 0x80, 0x01, 0xFC, 0x00, 0xF8, 0x00, 0x2B, 0xC0, 0x0F,
    0x80, 0x03, 0x7C, 0x00, 0xF8, 0x00, 0x73, 0xC0, 0x0F, 0x80, 0x0E, 0x7C, 0x00, 0xF8, 0x01, 0xD7,
    0xC0, 0x0F, 0xC0, 0x7C, 0x7C, 0x00, 0x7F, 0xFF, 0x0B, 0xE4, 0x02, 0xFF, 0xC0, 0xBF, 0xC0, 0x01,
    0x40, 0x00, 0x00, 0x00, 0x00, 0x00, 0x00, 0x01, 0xE0, 0x00, 0x00, 0x0B, 0xE0, 0x00, 0x00, 0x0B,
    0xF0, 0x00, 0x00, 0x01, 0xE0, 0x00, 0x00, 0x00, 0x00, 0x00, 0x0A, 0x02, 0x80, 0x00, 0xBE, 0x2F,
    0x80, 0x02, 0xF4, 0xBE, 0x00, 0x02, 0x40, 0x90, 0x00, 0x00, 0x00, 0x00, 0x00, 0x00, 0x00, 0x00,
    0x2F, 0xC0, 0x0B, 0x81, 0xFF, 0x40, 0x3F, 0x00, 0x3D, 0x01, 0xFC, 0x01, 0xF4, 0x0F, 0xF0, 0x07,
    0xD0, 0x3B, 0xC0, 0x1F, 0x01, 0xDE, 0x00, 0xBC, 0x0E, 0xB8, 0x02, 0xF0, 0x36, 0xE0, 0x0B, 0xC1,
    0xCF, 0x80, 0x3F, 0x0F, 0x3E, 0x00, 0xFC, 0x74, 0xF8, 0x02, 0xFF, 0xC3, 0xFA, 0x03, 0xFC, 0x0B,
    0xF8, 0x01, 0x40, 0x05, 0x00, 0x00, 0x10, 0x00, 0x40, 0x00, 0xF0, 0x1E, 0x00, 0x00, 0xFB, 0xE0,
    0x00, 0x01, 0xFE, 0x00, 0x00, 0x02, 0xE0, 0x00, 0x00, 0x00, 0x00, 0x00, 0x00, 0xBF, 0xE0, 0x00,
    0x2F, 0xFF, 0xF8, 0x03, 0xF4, 0x01, 0xF4, 0x3F, 0x00, 0x03, 0xF1, 0xF4, 0x00, 0x1F, 0x8F, 0xC0,
    0x00, 0x18, 0x3E, 0x00, 0x00, 0x01, 0xF8, 0x00, 0x00, 0x0B, 0xD0, 0x00, 0x00, 0x2F, 0x40, 0x01,
    0x54, 0xBD, 0x00, 0x1F, 0xF5, 0xF4, 0x00, 0x0B, 0xD7, 0xE0, 0x00, 0x1F, 0x4F, 0xC0, 0x00, 0x7D,
    0x2F, 0x80, 0x01, 0xF4, 0x3F, 0x40, 0x0B, 0xC0, 0x3F, 0xE6, 0xFF, 0x00, 0x2F, 0xFF, 0xD0, 0x00,
    0x01, 0x40, 0x00, 0x01, 0x00, 0x10, 0x03, 0x80, 0xB0, 0x01, 0xF3, 0xD0, 0x00, 0xBF, 0x80, 0x00,
    0x3F, 0x00, 0x00, 0x04, 0x00, 0x00, 0x00, 0x00, 0x01, 0xFF, 0xED, 0x0B, 0xFA, 0xFE, 0x1F, 0x80,
    0x3D, 0x3F, 0x00, 0x7D, 0x7D, 0x00, 0xBD, 0xBC, 0x00, 0xFD, 0xFC, 0x01, 0xFD, 0xFC, 0x02, 0xBD,
    0xFC, 0x03, 0x7C, 0xBC, 0x07, 0x3C, 0x7D, 0x0F, 0x3C, 0x3F, 0xBD, 0x3C, 0x0F, 0xF4, 0x7C, 0x00,
    0x00, 0xBC, 0x28, 0x00, 0xF4, 0xBD, 0x01, 0xF0, 0xBC, 0x03, 0xD0, 0x7F, 0xAF, 0x40, 0x0A, 0xA4,
    0x00, 0x00, 0x1B, 0xFD, 0x00, 0x00, 0x3F, 0xFF, 0xF4, 0x00, 0x3F, 0x00, 0x7F, 0x40, 0x3F, 0x00,
    0x03, 0xF0, 0x1F, 0x40, 0x00, 0xBE, 0x0F, 0xC0, 0x00, 0x0F, 0xC3, 0xE0, 0x00, 0x03, 0xF1, 0xF4,
    0x00, 0x00, 0xFC, 0xBD, 0x00, 0x00, 0x3F, 0x2F, 0x40, 0x00, 0x0F, 0xCB, 0xD0, 0x00, 0x03, 0xF1,
    0xF8, 0x00, 0x00, 0xFC, 0x7E, 0x00, 0x00, 0x3E, 0x0F, 0xC0, 0x00, 0x2F, 0x42, 0xF8, 0x00, 0x0F,
    0xC0, 0x3F, 0x40, 0x0F, 0xC0, 0x03, 0xFE, 0x6F, 0xC0, 0x00, 0x2F, 0xFF, 0x80, 0x00, 0x00, 0x1F,
    0x00, 0x00, 0x00, 0x0B, 0x40, 0x00, 0x00, 0x07, 0x80, 0x00, 0x00, 0x02, 0xE2, 0x00, 0x00, 0x00,
    0xBF, 0xC0, 0x00, 0x00, 0x0B, 0x80, 0x00, 0x00, 0x00, 0x00, 0x01, 0xFF, 0x80, 0x0F, 0xEB, 0xF0,
    0x2F, 0x00, 0xFC, 0x3E, 0x00, 0x7D, 0xBC, 0x00, 0x3E, 0xBC, 0x00, 0x3E, 0xFC, 0x00, 0x3E, 0xFC,
    0x00, 0x3E, 0xBC, 0x00, 0x7D, 0xBD, 0x00, 0xBC, 0x3E, 0x00, 0xF8, 0x2F, 0x97, 0xF0, 0x07, 0xFF,
    0x80, 0x00, 0x6E, 0x00, 0x00, 0x78, 0x00, 0x00, 0xF0, 0x00, 0x01, 0xF1, 0x40, 0x00, 0xFF, 0x40,
    0x00, 0x79, 0x00, 0x00, 0x00, 0x02, 0x40, 0x00, 0x00, 0x00, 0xFC, 0x00, 0x00, 0x00, 0x3F, 0x80,
    0x00, 0x00, 0x0F, 0x80, 0x00, 0x00, 0x00, 0x80, 0x00, 0x00, 0x00, 0x06, 0x80, 0x00, 0x00, 0x03,
    0xEF, 0x00, 0x00, 0x00, 0x38, 0x74, 0x00, 0x00, 0x03, 0x87, 0x40, 0x00, 0x00, 0x3E, 0xF0, 0x00,
    0x00, 0x01, 0xFD, 0x00, 0x00, 0x00, 0x2F, 0xE0, 0x00, 0x00, 0x03, 0xBF, 0x00, 0x00, 0x00, 0x76,
    0xF0, 0x00, 0x00, 0x0B, 0x1F, 0x40, 0x00, 0x00, 0xE0, 0xFC, 0x00, 0x00, 0x1C, 0x0F, 0xC0, 0x00,
    0x03, 0xC0, 0xBD, 0x00, 0x00, 0x38, 0x07, 0xE0, 0x00, 0x0B, 0x55, 0x7F, 0x00, 0x00, 0xFF, 0xFF,
    0xF0, 0x00, 0x1E, 0x55, 0x6F, 0x40, 0x02, 0xC0, 0x01, 0xF8, 0x00, 0x3C, 0x00, 0x0F, 0xC0, 0x07,
    0x40, 0x00, 0xBD, 0x01, 0xF9, 0x00, 0x1F, 0xF4, 0xBF, 0xF4, 0x0B, 0xFF, 0xE0, 0x00, 0x00, 0x00,
    0x00, 0x00, 0x1F, 0x00, 0x00, 0x07, 0xF0, 0x00, 0x02, 0xF8, 0x00, 0x00, 0x78, 0x00, 0x00, 0x00,
    0x00, 0x00, 0x00, 0x2F, 0x40, 0x00, 0x0F, 0x6D, 0x00, 0x00, 0xE0, 0xD0, 0x00, 0x0E, 0x1D, 0x00,
    0x00, 0xBF, 0xC0, 0x00, 0x01, 0x50, 0x00, 0x00, 0x00, 0x00, 0x00, 0x1F, 0xFA, 0xE0, 0x0B, 0xEA,
    0xFE, 0x01, 0xF4, 0x03, 0xE0, 0x3F, 0x00, 0x7D, 0x07, 0xD0, 0x0F, 0xD0, 0xBC, 0x00, 0xFD, 0x0F,
    0xC0, 0x1F, 0xD0, 0xFC, 0x02, 0xBD, 0x0F, 0xC0, 0x37, 0xD0, 0xFC, 0x07, 0x3D, 0x0B, 0xD0, 0xF3,
    0xD0, 0x3F, 0xAD, 0x3E, 0x91, 0xFF, 0x43, 0xFD, 0x01, 0x40, 0x04, 0x00, 0x00, 0x00, 0x00, 0x00,
    0x00, 0x00, 0x00, 0x00, 0x00, 0x0F, 0x40, 0x00, 0x00, 0x00, 0x00, 0xFD, 0x00, 0x00, 0x00, 0x00,
    0x0F, 0xD0, 0x00, 0x00, 0x00, 0x00, 0xE4, 0x00, 0x00, 0x00, 0x00, 0x00, 0x00, 0x00, 0x00, 0x00,
    0x0A, 0xAA, 0xAA, 0x90, 0x00, 0x00, 0x7F, 0xFF, 0xFF, 0x80, 0x00, 0x02, 0xFE, 0x00, 0x2F, 0x00,
    0x00, 0x0E, 0xFC, 0x00, 0x3C, 0x00, 0x00, 0x76, 0xF0, 0x00, 0xF0, 0x00, 0x02, 0xC7, 0xE0, 0x00,
    0x00, 0x00, 0x0E, 0x0F, 0xC0, 0x00, 0x00, 0x00, 0x70, 0x3F, 0x00, 0x00, 0x00, 0x03, 0xC0, 0xBF,
    0xFF, 0xC0, 0x00, 0x0E, 0x01, 0xFF, 0xFF, 0x00, 0x00, 0xB5, 0x57, 0xF0, 0x00, 0x00, 0x03, 0xFF,
    0xFF, 0xC0, 0x00, 0x00, 0x1E, 0x55, 0x6F, 0x40, 0x00, 0x00, 0xB0, 0x00, 0x7E, 0x00, 0x09, 0x03,
    0xC0, 0x00, 0xFC, 0x00, 0x74, 0x1D, 0x00, 0x02, 0xF0, 0x03, 0xC1, 0xF9, 0x00, 0x1F, 0xEA, 0xBF,
    0x2F, 0xFD, 0x02, 0xFF, 0xFF, 0xFC, 0x00, 0x00, 0x00, 0x80, 0x00, 0x00, 0x00, 0x3E, 0x00, 0x00,
    0x00, 0x0B, 0xD0, 0x00, 0x00, 0x01, 0xF0, 0x00, 0x00, 0x00, 0x38, 0x00, 0x00, 0x00, 0x01, 0x00,
    0x00, 0x00, 0x00, 0x00, 0x00, 0x00, 0x1F, 0xFA, 0xDF, 0xF4, 0x0B, 0xFA, 0xFF, 0x9B, 0xD1, 0xF4,
    0x03, 0xE0, 0x3E, 0x3F, 0x00, 0x7C, 0x03, 0xE7, 0xD0, 0x0B, 0x80, 0x7D, 0xBC, 0x00, 0xF4, 0x1F,
    0xCF, 0xC0, 0x1F, 0xFF, 0xD0, 0xFC, 0x02, 0xFF, 0x80, 0x0F, 0xC0, 0x3F, 0x40, 0x00, 0xFC, 0x07,
    0xF8, 0x00, 0x0B, 0xD0, 0xF7, 0xD0, 0x0C, 0x3F, 0xAD, 0x3F, 0xAB, 0xC1, 0xFF, 0x40, 0xFF, 0xE0,
    0x01, 0x40, 0x00, 0x50, 0x00, 0x00, 0x00, 0x00, 0x00, 0x00, 0x00, 0x03, 0xC0, 0x00, 0x00, 0x07,
    0xF0, 0x00, 0x00, 0x07, 0xE0, 0x00, 0x00, 0x03, 0x80, 0x00, 0x00, 0x00, 0x00, 0x00, 0x00, 0x01,
    0xBF, 0xD0, 0xB4, 0x03, 0xFF, 0xFF, 0xB8, 0x03, 0xF0, 0x07, 0xFC, 0x03, 0xF0, 0x00, 0x7F, 0x01,
    0xF4, 0x00, 0x3F, 0xE0, 0xFC, 0x00, 0x2E, 0xFC, 0x3E, 0x00, 0x1E, 0x3F, 0x1F, 0x40, 0x1F, 0x0F,
    0xCB, 0xD0, 0x0F, 0x03, 0xF2, 0xF4, 0x0F, 0x40, 0xFC, 0xBD, 0x0B, 0x80, 0x3F, 0x1F, 0x87, 0x80,
    0x0F, 0xC7, 0xF3, 0xC0, 0x03, 0xE0, 0xFF, 0xC0, 0x02, 0xF4, 0x2F, 0xD0, 0x00, 0xFC, 0x03, 0xF4,
    0x00, 0xFC, 0x01, 0xFF, 0xD6, 0xFC, 0x00, 0xF2, 0xFF, 0xF8, 0x00, 0x10, 0x01, 0x40, 0x00, 0x00,
    0x00, 0x00, 0x50, 0x00, 0x00, 0x0F, 0x40, 0x00, 0x03, 0xF0, 0x00, 0x00, 0xB8, 0x00, 0x00, 0x1D,
    0x00, 0x00, 0x00, 0x00, 0x00, 0x00, 0x00, 0x00, 0x00, 0x07, 0xFE, 0x3C, 0x03, 0xFA, 0xFF, 0x40,
    0xBC, 0x03, 0xF0, 0x0F, 0x80, 0x7F, 0x42, 0xF4, 0x1F, 0xF8, 0x2F, 0x03, 0xDF, 0x83, 0xF0, 0xF0,
    0xF8, 0x3F, 0x2D, 0x0F, 0x82, 0xFB, 0x81, 0xF4, 0x2F, 0xF0, 0x2F, 0x00, 0xFC, 0x03, 0xE0, 0x0F,
    0xE1, 0xFC, 0x03, 0xEF, 0xFE, 0x00, 0x14, 0x15, 0x00, 0x00, 0x00, 0x00, 0x50, 0x00, 0x00, 0x3C,
    0x1F, 0x40, 0x00, 0x03, 0xF0, 0xFC, 0x00, 0x00, 0x0B, 0xD2, 0xF0, 0x00, 0x00, 0x0B, 0x07, 0x40,
    0x00, 0x00, 0x00, 0x00, 0x00, 0x00, 0x00, 0x68, 0x00, 0x00, 0x00, 0x1F, 0xD0, 0x00, 0x00, 0x02,
    0xFE, 0x00, 0x00, 0x00, 0x3B, 0xF0, 0x00, 0x00, 0x07, 0x6F, 0x00, 0x00, 0x00, 0xB1, 0xF4, 0x00,
    0x00, 0x0E, 0x0F, 0xC0, 0x00, 0x01, 0xC0, 0xFC, 0x00, 0x00, 0x3C, 0x0B, 0xD0, 0x00, 0x03, 0x80,
    0x7E, 0x00, 0x00, 0xB5, 0x57, 0xF0, 0x00, 0x0F, 0xFF, 0xFF, 0x00, 0x01, 0xE5, 0x56, 0xF4, 0x00,
    0x2C, 0x00, 0x1F, 0x80, 0x03, 0xC0, 0x00, 0xFC, 0x00, 0x74, 0x00, 0x0B, 0xD0, 0x1F, 0x90, 0x01,
    0xFF, 0x4B, 0xFF, 0x40, 0xBF, 0xFE, 0x00, 0x04, 0x00, 0x03, 0xC3, 0xD0, 0x00, 0x3F, 0x2F, 0x00,
    0x00, 0xF8, 0xB8, 0x00, 0x01, 0xD1, 0xD0, 0x00, 0x00, 0x04, 0x00, 0x00, 0x00, 0x00, 0x00, 0x1F,
    0xFA, 0xE0, 0x0B, 0xEA, 0xFE, 0x01, 0xF4, 0x03, 0xE0, 0x3F, 0x00, 0x7D, 0x07, 0xD0, 0x0F, 0xD0,
    0xBC, 0x00, 0xFD, 0x0F, 0xC0, 0x1F, 0xD0, 0xFC, 0x02, 0xBD, 0x0F, 0xC0, 0x37, 0xD0, 0xFC, 0x07,
    0x3D, 0x0B, 0xD0, 0xF3, 0xD0, 0x3F, 0xAD, 0x3E, 0x91, 0xFF, 0x43, 0xFD, 0x01, 0x40, 0x04, 0x00,
    0x00, 0x00, 0x00, 0x00, 0x00, 0x00, 0x2F, 0xF0, 0x00, 0x00, 0x0B, 0xFF, 0xC0, 0x00, 0x00, 0xE0,
    0x2D, 0x00, 0x00, 0x1C, 0x00, 0xE0, 0x00, 0x00, 0x00, 0x00, 0x00, 0x00, 0x00, 0x68, 0x00, 0x00,
    0x00, 0x1F, 0xD0, 0x00, 0x00, 0x02, 0xFE, 0x00, 0x00, 0x00, 0x3B, 0xF0, 0x00, 0x00, 0x07, 0x6F,
    0x00, 0x00, 0x00, 0xB1, 0xF4, 0x00, 0x00, 0x0E, 0x0F, 0xC0, 0x00, 0x01, 0xC0, 0xFC, 0x00, 0x00,
    0x3C, 0x0B, 0xD0, 0x00, 0x03, 0x80, 0x7E, 0x00, 0x00, 0xB5, 0x57, 0xF0, 0x00, 0x0F, 0xFF, 0xFF,
    0x00, 0x01, 0xE5, 0x56, 0xF4, 0x00, 0x2C, 0x00, 0x1F, 0x80, 0x03, 0xC0, 0x00, 0xFC, 0x00, 0x74,
    0x00, 0x0B, 0xD0, 0x1F, 0x90, 0x01, 0xFF, 0x4B, 0xFF, 0x40, 0xBF, 0xFE, 0x00, 0x00, 0x00, 0x00,
    0x07, 0xF8, 0x00, 0x01, 0xFF, 0xE0, 0x00, 0x3D, 0x0B, 0x00, 0x03, 0x00, 0x34, 0x00, 0x10, 0x01,
    0x00, 0x00, 0x00, 0x00, 0x00, 0x1F, 0xFA, 0xE0, 0x0B, 0xEA, 0xFE, 0x01, 0xF4, 0x03, 0xE0, 0x3F,
    0x00, 0x7D, 0x07, 0xD0, 0x0F, 0xD0, 0xBC, 0x00, 0xFD, 0x0F, 0xC0, 0x1F, 0xD0, 0xFC, 0x02, 0xBD,
    0x0F, 0xC0, 0x37, 0xD0, 0xFC, 0x07, 0x3D, 0x0B, 0xD0, 0xF3, 0xD0, 0x3F, 0xAD, 0x3E, 0x91, 0xFF,
    0x43, 0xFD, 0x01, 0x40, 0x04, 0x00, 0x00, 0x05, 0x00, 0x03, 0xC1, 0xF0, 0x00, 0x3F, 0x0F, 0xC0,
    0x00, 0xBC, 0x2F, 0x00, 0x00, 0xB0, 0x74, 0x00, 0x00, 0x00, 0x00, 0x2A, 0xAA, 0xAA, 0x43, 0xFF,
    0xFF, 0xFC, 0x03, 0xE0, 0x0B, 0xC0, 0x3E, 0x00, 0x3C, 0x03, 0xE0, 0x02, 0xC0, 0x3E, 0x00, 0x00,
    0x07, 0xD0, 0x00, 0x00, 0x7D, 0x00, 0x00, 0x07, 0xFF, 0xFD, 0x00, 0x7F, 0xFF, 0xD0, 0x07, 0xD0,
    0x00, 0x00, 0x7D, 0x00, 0x00, 0x0B, 0xC0, 0x00, 0x00, 0xBC, 0x00, 0x18, 0x0B, 0xC0, 0x03, 0xC0,
    0xBC, 0x00, 0x7C, 0x6F, 0xEA, 0xAF, 0xCF, 0xFF, 0xFF, 0xF8, 0x00, 0x10, 0x02, 0xE2, 0xF0, 0x0B,
    0xD7, 0xD0, 0x07, 0xC7, 0xC0, 0x03, 0xC3, 0xC0, 0x01, 0x00, 0x00, 0x00, 0x00, 0x00, 0x7F, 0xE0,
    0x0B, 0xE7, 0xF0, 0xBC, 0x0B, 0xC3, 0xE0, 0x1F, 0x1F, 0x00, 0xBC, 0xBC, 0x1B, 0xD3, 0xFB, 0xF8,
    0x0F, 0xF9, 0x00, 0x3F, 0x00, 0x00, 0xBD, 0x00, 0x00, 0xFC, 0x02, 0x82, 0xFE, 0xBE, 0x02, 0xFF,
    0xD0, 0x00, 0x50, 0x00, 0x00, 0x00, 0x00, 0x00, 0x02, 0xFF, 0x00, 0x00, 0xBF, 0xFC, 0x00, 0x0E,
    0x02, 0xD0, 0x01, 0xC0, 0x0E, 0x00, 0x00, 0x00, 0x00, 0x2A, 0xAA, 0xAA, 0x43, 0xFF, 0xFF, 0xFC,
    0x03, 0xE0, 0x0B, 0xC0, 0x3E, 0x00, 0x3C, 0x03, 0xE0, 0x02, 0xC0, 0x3E, 0x00, 0x00, 0x07, 0xD0,
    0x00, 0x00, 0x7D, 0x00, 0x00, 0x07, 0xFF, 0xFD, 0x00, 0x7F, 0xFF, 0xD0, 0x07, 0xD0, 0x00, 0x00,
    0x7D, 0x00, 0x00, 0x0B, 0xC0, 0x00, 0x00, 0xBC, 0x00, 0x18, 0x0B, 0xC0, 0x03, 0xC0, 0xBC, 0x00,
    0x7C, 0x6F, 0xEA, 0xAF, 0xCF, 0xFF, 0xFF, 0xF8, 0x00, 0x00, 0x00, 0x02, 0xFD, 0x00, 0x3F, 0xFC,
    0x01, 0xE0, 0x78, 0x0E, 0x00, 0xB0, 0x10, 0x00, 0x40, 0x00, 0x00, 0x00, 0x7F, 0xE0, 0x0B, 0xE7,
    0xF0, 0xBC, 0x0B, 0xC3, 0xE0, 0x1F, 0x1F, 0x00, 0xBC, 0xBC, 0x1B, 0xD3, 0xFB, 0xF8, 0x0F, 0xF9,
    0x00, 0x3F, 0x00, 0x00, 0xBD, 0x00, 0x00, 0xFC, 0x02, 0x82, 0xFE, 0xBE, 0x02, 0xFF, 0xD0, 0x00,
    0x50, 0x00, 0x00, 0x04, 0x00, 0xF0, 0xBC, 0x03, 0xF0, 0xFC, 0x07, 0xF0, 0xF8, 0x01, 0xE0, 0x70,
    0x00, 0x00, 0x00, 0x0A, 0xAA, 0x40, 0x3F, 0xFE, 0x00, 0x0F, 0x80, 0x00, 0x3E, 0x00, 0x00, 0xF8,
    0x00, 0x03, 0xE0, 0x00, 0x0F, 0x40, 0x00, 0x7D, 0x00, 0x01, 0xF4, 0x00, 0x07, 0xD0, 0x00, 0x1F,
    0x40, 0x00, 0x7D, 0x00, 0x01, 0xF4, 0x00, 0x0B, 0xC0, 0x00, 0x2F, 0x00, 0x00, 0xBC, 0x00, 0x1B,
    0xF9, 0x00, 0xFF, 0xFD, 0x00, 0x14, 0x01, 0xF0, 0xF0, 0x07, 0xE3, 0xF0, 0x07, 0xD3, 0xD0, 0x02,
    0xC2, 0xC0, 0x01, 0x01, 0x00, 0x00, 0x00, 0x00, 0x2F, 0xC0, 0x01, 0xFF, 0x40, 0x00, 0x3E, 0x00,
    0x00, 0xF4, 0x00, 0x03, 0xD0, 0x00, 0x1F, 0x40, 0x00, 0x7C, 0x00, 0x01, 0xF0, 0x00, 0x0B, 0xC0,
    0x00, 0x2F, 0x00, 0x00, 0xBC, 0x00, 0x02, 0xF7, 0x40, 0x07, 0xF8, 0x00, 0x01, 0x00, 0x00, 0x00,
    0x02, 0xFF, 0x03, 0xFF, 0xF1, 0xE0, 0x2C, 0xB0, 0x03, 0x40, 0x00, 0x02, 0xAA, 0x90, 0xFF, 0xF8,
    0x03, 0xE0, 0x00, 0xF8, 0x00, 0x3E, 0x00, 0x0F, 0x80, 0x03, 0xD0, 0x01, 0xF4, 0x00, 0x7D, 0x00,
    0x1F, 0x40, 0x07, 0xD0, 0x01, 0xF4, 0x00, 0x7D, 0x00, 0x2F, 0x00, 0x0B, 0xC0, 0x02, 0xF0, 0x06,
    0xFE, 0x43, 0xFF, 0xF4, 0x00, 0x00, 0x02, 0xFE, 0x02, 0xFF, 0xD0, 0xF0, 0x7C, 0x70, 0x07, 0x04,
    0x00, 0x40, 0x00, 0x00, 0x2F, 0xC0, 0x1F, 0xF4, 0x00, 0x3E, 0x00, 0x0F, 0x40, 0x03, 0xD0, 0x01,
    0xF4, 0x00, 0x7C, 0x00, 0x1F, 0x00, 0x0B, 0xC0, 0x02, 0xF0, 0x00, 0xBC, 0x00, 0x2F, 0x74, 0x07,
    0xF8, 0x00, 0x10, 0x00, 0x00, 0x01, 0x40, 0x00, 0x02, 0xD0, 0xF4, 0x00, 0x00, 0xFD, 0x3F, 0x40,
    0x00, 0x0B, 0xD2, 0xF0, 0x00, 0x00, 0x2C, 0x0E, 0x00, 0x00, 0x00, 0x00, 0x00, 0x00, 0x01, 0xBF,
    0xD0, 0x00, 0x03, 0xFF, 0xFF, 0x40, 0x03, 0xF0, 0x07, 0xF4, 0x03, 0xF0, 0x00, 0x3F, 0x01, 0xF4,
    0x00, 0x0B, 0xE0, 0xFC, 0x00, 0x00, 0xFC, 0x3E, 0x00, 0x00, 0x3F, 0x1F, 0x40, 0x00, 0x0F, 0xCB,
    0xD0, 0x00, 0x03, 0xF2, 0xF4, 0x00, 0x00, 0xFC, 0xBD, 0x00, 0x00, 0x3F, 0x1F, 0x80, 0x00, 0x0F,
    0xC7, 0xE0, 0x00, 0x03, 0xE0, 0xFC, 0x00, 0x02, 0xF4, 0x2F, 0x80, 0x00, 0xFC, 0x03, 0xF4, 0x00,
    0xFC, 0x00, 0x3F, 0xE6, 0xFC, 0x00, 0x02, 0xFF, 0xF8, 0x00, 0x00, 0x01, 0x40, 0x00, 0x00, 0x00,
    0x10, 0x00, 0x78, 0x7C, 0x00, 0x7D, 0x3E, 0x00, 0x1F, 0x0F, 0x00, 0x03, 0xC3, 0xC0, 0x00, 0x40,
    0x40, 0x00, 0x00, 0x00, 0x01, 0xFF, 0x80, 0x0F, 0xEB, 0xF0, 0x2F, 0x00, 0xFC, 0x3E, 0x00, 0x7D,
    0xBC, 0x00, 0x3E, 0xBC, 0x00, 0x3E, 0xFC, 0x00, 0x3E, 0xFC, 0x00, 0x3E, 0xBC, 0x00, 0x7D, 0xBD,
    0x00, 0xBC, 0x3E, 0x00, 0xF8, 0x2F, 0x97, 0xF0, 0x07, 0xFF, 0x80, 0x00, 0x54, 0x00, 0x00, 0x00,
    0x00, 0x00, 0x00, 0x01, 0xFF, 0x40, 0x00, 0x01, 0xFF, 0xF0, 0x00, 0x00, 0xF0, 0x1E, 0x00, 0x00,
    0x30, 0x02, 0xC0, 0x00, 0x00, 0x00, 0x00, 0x00, 0x01, 0xBF, 0xD0, 0x00, 0x03, 0xFF, 0xFF, 0x40,
    0x03, 0xF0, 0x07, 0xF4, 0x03, 0xF0, 0x00, 0x3F, 0x01, 0xF4, 0x00, 0x0B, 0xE0, 0xFC, 0x00, 0x00,
    0xFC, 0x3E, 0x00, 0x00, 0x3F, 0x1F, 0x40, 0x00, 0x0F, 0xCB, 0xD0, 0x00, 0x03, 0xF2, 0xF4, 0x00,
    0x00, 0xFC, 0xBD, 0x00, 0x00, 0x3F, 0x1F, 0x80, 0x00, 0x0F, 0xC7, 0xE0, 0x00, 0x03, 0xE0, 0xFC,
    0x00, 0x02, 0xF4, 0x2F, 0x80, 0x00, 0xFC, 0x03, 0xF4, 0x00, 0xFC, 0x00, 0x3F, 0xE6, 0xFC, 0x00,
    0x02, 0xFF, 0xF8, 0x00, 0x00, 0x01, 0x40, 0x00, 0x00, 0x00, 0x00, 0x00, 0x00, 0xBF, 0x80, 0x02,
    0xFF, 0xD0, 0x03, 0x81, 0xF0, 0x0B, 0x00, 0x70, 0x04, 0x00, 0x10, 0x00, 0x00, 0x00, 0x01, 0xFF,
    0x80, 0x0F, 0xEB, 0xF0, 0x2F, 0x00, 0xFC, 0x3E, 0x00, 0x7D, 0xBC, 0x00, 0x3E, 0xBC, 0x00, 0x3E,
    0xFC, 0x00, 0x3E, 0xFC, 0x00, 0x3E, 0xBC, 0x00, 0x7D, 0xBD, 0x00, 0xBC, 0x3E, 0x00, 0xF8, 0x2F,
    0x97, 0xF0, 0x07, 0xFF, 0x80, 0x00, 0x54, 0x00, 0x00, 0x04, 0x00, 0x00, 0x0F, 0x07, 0xC0, 0x00,
    0x03, 0xF0, 0xFC, 0x00, 0x00, 0x3F, 0x0B, 0x80, 0x00, 0x01, 0xF0, 0x70, 0x00, 0x00, 0x00, 0x00,
    0x00, 0x01, 0xAA, 0xA5, 0x00, 0x00, 0xFF, 0xFF, 0xFC, 0x00, 0x03, 0xF0, 0x1F, 0xC0, 0x00, 0xF8,
    0x02, 0xF8, 0x00, 0x3E, 0x00, 0x7E, 0x00, 0x0F, 0x80, 0x1F, 0x80, 0x03, 0xE0, 0x0B, 0xD0, 0x00,
    0xF8, 0x07, 0xE0, 0x00, 0x3E, 0x1B, 0xD0, 0x00, 0x0F, 0x9F, 0x40, 0x00, 0x07, 0xD3, 0xF0, 0x00,
    0x01, 0xF4, 0x3F, 0x00, 0x00, 0x7D, 0x0B, 0xD0, 0x00, 0x1F, 0x40, 0xFC, 0x00, 0x07, 0xD0, 0x3F,
    0x40, 0x01, 0xF4, 0x07, 0xF0, 0x05, 0xFE, 0x50, 0xFE, 0x63, 0xFF, 0xFC, 0x0F, 0xFC, 0x00, 0x00,
    0x00, 0x10, 0x00, 0x00, 0x10, 0x00, 0x7C, 0x7C, 0x00, 0x7E, 0x3E, 0x00, 0x1F, 0x4F, 0x40, 0x02,
    0xC2, 0xC0, 0x00, 0x40, 0x40, 0x00, 0x00, 0x00, 0x7F, 0x81, 0xF8, 0xBF, 0xC3, 0xFD, 0x07, 0xCB,
    0x7C, 0x07, 0xCD, 0x04, 0x07, 0xDC, 0x00, 0x0B, 0xF8, 0x00, 0x0B, 0xF0, 0x00, 0x0B, 0xE0, 0x00,
    0x0B, 0xD0, 0x00, 0x0B, 0xC0, 0x00, 0x0F, 0xC0, 0x00, 0x0F, 0x80, 0x00, 0x0F, 0x80, 0x00, 0x00,
    0x00, 0x00, 0x00, 0x00, 0x0B, 0xFC, 0x00, 0x00, 0x0F, 0xFF, 0xC0, 0x00, 0x07, 0x80, 0xB0, 0x00,
    0x02, 0xC0, 0x0D, 0x00, 0x00, 0x00, 0x00, 0x00, 0x01, 0xAA, 0xA5, 0x00, 0x00, 0xFF, 0xFF, 0xFC,
    0x00, 0x03, 0xF0, 0x1F, 0xC0, 0x00, 0xF8, 0x02, 0xF8, 0x00, 0x3E, 0x00, 0x7E, 0x00, 0x0F, 0x80,
    0x1F, 0x80, 0x03, 0xE0, 0x0B, 0xD0, 0x00, 0xF8, 0x07, 0xE0, 0x00, 0x3E, 0x1B, 0xD0, 0x00, 0x0F,
    0x9F, 0x40, 0x00, 0x07, 0xD3, 0xF0, 0x00, 0x01, 0xF4, 0x3F, 0x00, 0x00, 0x7D, 0x0B, 0xD0, 0x00,
    0x1F, 0x40, 0xFC, 0x00, 0x07, 0xD0, 0x3F, 0x40, 0x01, 0xF4, 0x07, 0xF0, 0x05, 0xFE, 0x50, 0xFE,
    0x63, 0xFF, 0xFC, 0x0F, 0xFC, 0x00, 0x00, 0x00, 0x10, 0x00, 0x00, 0x00, 0x00, 0x00, 0xBF, 0x40,
    0x02, 0xFF, 0xD0, 0x07, 0x81, 0xF0, 0x0B, 0x00, 0x70, 0x04, 0x00, 0x10, 0x00, 0x00, 0x00, 0x7F,
    0x81, 0xF8, 0xBF, 0xC3, 0xFD, 0x07, 0xCB, 0x7C, 0x07, 0xCD, 0x04, 0x07, 0xDC, 0x00, 0x0B, 0xF8,
    0x00, 0x0B, 0xF0, 0x00, 0x0B, 0xE0, 0x00, 0x0B, 0xD0, 0x00, 0x0B, 0xC0, 0x00, 0x0F, 0xC0, 0x00,
    0x0F, 0x80, 0x00, 0x0F, 0x80, 0x00, 0x00, 0x00, 0x40, 0x00, 0x00, 0x78, 0x2F, 0x00, 0x00, 0x07,
    0xE1, 0xF8, 0x00, 0x00, 0x1F, 0x87, 0xD0, 0x00, 0x00, 0x1D, 0x0B, 0x00, 0x00, 0x00, 0x00, 0x00,
    0x00, 0x2A, 0xA8, 0x01, 0xAA, 0x97, 0xFF, 0xC0, 0x3F, 0xFD, 0x0B, 0xC0, 0x00, 0x3E, 0x00, 0xBC,
    0x00, 0x03, 0xE0, 0x0B, 0xC0, 0x00, 0x7D, 0x00, 0xFC, 0x00, 0x07, 0xD0, 0x0F, 0xC0, 0x00, 0xBD,
    0x00, 0xFC, 0x00, 0x0F, 0xD0, 0x0F, 0xC0, 0x00, 0xFC, 0x00, 0xF8, 0x00, 0x1F, 0xC0, 0x0F, 0x80,
    0x02, 0xBC, 0x00, 0xF8, 0x00, 0x37, 0xC0, 0x0F, 0x80, 0x07, 0x3C, 0x00, 0xF8, 0x00, 0xE7, 0xC0,
    0x0F, 0x80, 0x1D, 0x7C, 0x00, 0xFC, 0x07, 0xC7, 0xC0, 0x07, 0xFF, 0xF0, 0xBE, 0x40, 0x2F, 0xFC,
    0x0B, 0xFC, 0x00, 0x14, 0x00, 0x00, 0x00, 0x00, 0x01, 0x00, 0x00, 0x2E, 0x2F, 0x00, 0x00, 0xBD,
    0x7D, 0x00, 0x00, 0x7C, 0x7C, 0x00, 0x00, 0x3C, 0x3C, 0x00, 0x00, 0x10, 0x00, 0x00, 0x00, 0x00,
    0x00, 0x0B, 0xF0, 0x02, 0xE0, 0x7F, 0xD0, 0x0F, 0xC0, 0x0F, 0x40, 0x7F, 0x00, 0x7D, 0x03, 0xFC,
    0x01, 0xF4, 0x0E, 0xF0, 0x07, 0xC0, 0x77, 0x80, 0x2F, 0x03, 0xAE, 0x00, 0xBC, 0x0D, 0xB8, 0x02,
    0xF0, 0x73, 0xE0, 0x0F, 0xC3, 0xCF, 0x80, 0x3F, 0x1D, 0x3E, 0x00, 0xBF, 0xF0, 0xFE, 0x80, 0xFF,
    0x02, 0xFE, 0x00, 0x50, 0x01, 0x40, 0x00, 0x00, 0x00, 0x00, 0x00, 0x00, 0x3F, 0xE0, 0x00, 0x00,
    0x0F, 0xFF, 0x80, 0x00, 0x02, 0xD0, 0x3C, 0x00, 0x00, 0x38, 0x00, 0xC0, 0x00, 0x00, 0x00, 0x04,
    0x00, 0x2A, 0xA8, 0x01, 0xAA, 0x97, 0xFF, 0xC0, 0x3F, 0xFD, 0x0B, 0xC0, 0x00, 0x3E, 0x00, 0xBC,
    0x00, 0x03, 0xE0, 0x0B, 0xC0, 0x00, 0x7D, 0x00, 0xFC, 0x00, 0x07, 0xD0, 0x0F, 0xC0, 0x00, 0xBD,
    0x00, 0xFC, 0x00, 0x0F, 0xD0, 0x0F, 0xC0, 0x00, 0xFC, 0x00, 0xF8, 0x00, 0x1F, 0xC0, 0x0F, 0x80,
    0x02, 0xBC, 0x00, 0xF8, 0x00, 0x37, 0xC0, 0x0F, 0x80, 0x07, 0x3C, 0x00, 0xF8, 0x00, 0xE7, 0xC0,
    0x0F, 0x80, 0x1D, 0x7C, 0x00, 0xFC, 0x07, 0xC7, 0xC0, 0x07, 0xFF, 0xF0, 0xBE, 0x40, 0x2F, 0xFC,
    0x0B, 0xFC, 0x00, 0x14, 0x00, 0x00, 0x00, 0x00, 0x00, 0x00, 0x00, 0x00, 0xBF, 0x80, 0x00, 0x0B,
    0xFF, 0x40, 0x00, 0x3C, 0x0F, 0x00, 0x01, 0xC0, 0x1C, 0x00, 0x01, 0x00, 0x10, 0x00, 0x00, 0x00,
    0x00, 0x0B, 0xF0, 0x02, 0xE0, 0x7F, 0xD0, 0x0F, 0xC0, 0x0F, 0x40, 0x7F, 0x00, 0x7D, 0x03, 0xFC,
    0x01, 0xF4, 0x0E, 0xF0, 0x07, 0xC0, 0x77, 0x80, 0x2F, 0x03, 0xAE, 0x00, 0xBC, 0x0D, 0xB8, 0x02,
    0xF0, 0x73, 0xE0, 0x0F, 0xC3, 0xCF, 0x80, 0x3F, 0x1D, 0x3E, 0x00, 0xBF, 0xF0, 0xFE, 0x80, 0xFF,
    0x02, 0xFE, 0x00, 0x50, 0x01, 0x40, 0x00, 0xBF, 0x90, 0x0B, 0xFF, 0xF8, 0x1F, 0x00, 0x7C, 0x3D,
    0x00, 0x7D, 0x3C, 0x00, 0xBC, 0x3E, 0x00, 0x00, 0x3F, 0x80, 0x00, 0x1F, 0xF4, 0x00, 0x07, 0xFF,
    0x00, 0x00, 0xFF, 0xE0, 0x00, 0x1F, 0xF8, 0x00, 0x01, 0xFC, 0x00, 0x00, 0x7D, 0x78, 0x00, 0x3D,
    0xFD, 0x00, 0x7C, 0xFC, 0x00, 0xF8, 0xBF, 0x5B, 0xF0, 0x1F, 0xFF, 0x80, 0x00, 0x50, 0x00, 0x00,
    0x60, 0x00, 0x01, 0xFC, 0x00, 0x00, 0xFC, 0x00, 0x00, 0x78, 0x00, 0x00, 0xF0, 0x00, 0x00, 0xC0,
    0x00, 0x00, 0x00, 0x00, 0x07, 0xFF, 0x40, 0x7D, 0x6F, 0x03, 0xC0, 0x3D, 0x1F, 0x00, 0xA0, 0x3F,
    0x40, 0x00, 0xFF, 0xD0, 0x00, 0xBF, 0xE0, 0x00, 0x2F, 0xE0, 0x00, 0x0F, 0xC0, 0x40, 0x0F, 0x0F,
    0x80, 0x3C, 0x3F, 0x47, 0xE0, 0x3F, 0xFD, 0x00, 0x05, 0x00, 0x00, 0x18, 0x00, 0x01, 0xFC, 0x00,
    0x03, 0xF0, 0x00, 0x03, 0x80, 0x00, 0x2C, 0x00, 0x00, 0xC0, 0x00, 0x1A, 0xAA, 0xAA, 0xA9, 0x0B,
    0xFF, 0xFF, 0xFF, 0xC3, 0xE0, 0x3F, 0x02, 0xF0, 0xF0, 0x0F, 0xC0, 0x3C, 0x38, 0x03, 0xF0, 0x0B,
    0x00, 0x00, 0xFC, 0x00, 0x00, 0x00, 0x3E, 0x00, 0x00, 0x00, 0x0F, 0x80, 0x00, 0x00, 0x03, 0xE0,
    0x00, 0x00, 0x00, 0xF8, 0x00, 0x00, 0x00, 0x3E, 0x00, 0x00, 0x00, 0x0F, 0x80, 0x00, 0x00, 0x03,
    0xD0, 0x00, 0x00, 0x00, 0xF4, 0x00, 0x00, 0x00, 0x7D, 0x00, 0x00, 0x00, 0x1F, 0x40, 0x00, 0x00,
    0x5B, 0xE5, 0x00, 0x00, 0x3F, 0xFF, 0xC0, 0x00, 0x00, 0x00, 0x00, 0x00, 0x00, 0x09, 0x00, 0x00,
    0x00, 0x0F, 0xD0, 0x00, 0x00, 0x02, 0xF4, 0x00, 0x00, 0x00, 0x2C, 0x00, 0x00, 0x00, 0x1D, 0x00,
    0x00, 0x00, 0x09, 0x00, 0x00, 0x00, 0x00, 0xE0, 0x00, 0x1E, 0x00, 0x02, 0xE0, 0x00, 0x3E, 0x00,
    0x2F, 0xFA, 0x83, 0xFF, 0xFC, 0x07, 0xD0, 0x00, 0x7D, 0x00, 0x07, 0xD0, 0x00, 0x7D, 0x00, 0x07,
    0xC0, 0x00, 0x7C, 0x00, 0x0B, 0xC0, 0x00, 0xBC, 0x00, 0x0B, 0xC0, 0x50, 0x7F, 0xAE, 0x02, 0xFF,
    0x80, 0x01, 0x40, 0x00, 0x24, 0x00, 0x0F, 0xC0, 0x00, 0xBD, 0x00, 0x03, 0xC0, 0x00, 0x74, 0x00,
    0x09, 0x00, 0x00, 0x2F, 0xFF, 0x80, 0x00, 0x0B, 0xFF, 0xE0, 0x00, 0x00, 0x00, 0x00, 0x00, 0x00,
    0x00, 0x00, 0x00, 0x00, 0x2D, 0x07, 0x40, 0x00, 0x1F, 0xC3, 0xF0, 0x00, 0x07, 0xF0, 0xFC, 0x00,
    0x00, 0x50, 0x18, 0x00, 0x00, 0x00, 0x00, 0x00, 0x00, 0x06, 0xFF, 0x40, 0x00, 0x0F, 0xFF, 0xFD,
    0x00, 0x0F, 0xC0, 0x1F, 0xD0, 0x0F, 0xC0, 0x00, 0xFC, 0x07, 0xD0, 0x00, 0x2F, 0x83, 0xF0, 0x00,
    0x03, 0xF0, 0xF8, 0x00, 0x00, 0xFC, 0x7D, 0x00, 0x00, 0x3F, 0x2F, 0x40, 0x00, 0x0F, 0xCB, 0xD0,
    0x00, 0x03, 0xF2, 0xF4, 0x00, 0x00, 0xFC, 0x7E, 0x00, 0x00, 0x3F, 0x1F, 0x80, 0x00, 0x0F, 0x83,
    0xF0, 0x00, 0x0B, 0xD0, 0xBE, 0x00, 0x03, 0xF0, 0x0F, 0xD0, 0x03, 0xF0, 0x00, 0xFF, 0x9B, 0xF0,
    0x00, 0x0B, 0xFF, 0xE0, 0x00, 0x00, 0x05, 0x00, 0x00, 0x03, 0xFF, 0xF0, 0x07, 0xFF, 0xF0, 0x00,
    0x00, 0x00, 0x00, 0x00, 0x00, 0x02, 0x80, 0xA0, 0x0F, 0xD2, 0xF8, 0x0F, 0xD2, 0xF8, 0x02, 0x40,
    0x90, 0x00, 0x00, 0x00, 0x00, 0x00, 0x00, 0x01, 0xFF, 0x80, 0x0F, 0xEB, 0xF0, 0x2F, 0x00, 0xFC,
    0x3E, 0x00, 0x7D, 0xBC, 0x00, 0x3E, 0xBC, 0x00, 0x3E, 0xFC, 0x00, 0x3E, 0xFC, 0x00, 0x3E, 0xBC,
    0x00, 0x7D, 0xBD, 0x00, 0xBC, 0x3E, 0x00, 0xF8, 0x2F, 0x97, 0xF0, 0x07, 0xFF, 0x80, 0x00, 0x54,
    0x00, 0x00, 0x2F, 0xFF, 0x80, 0x00, 0x0B, 0xFF, 0xE0, 0x00, 0x00, 0x00, 0x00, 0x00, 0x00, 0x00,
    0x00, 0x00, 0x00, 0x0A, 0x40, 0x00, 0x00, 0x0B, 0xFE, 0xB0, 0x00, 0x07, 0x6F, 0xF4, 0x00, 0x00,
    0x00, 0x64, 0x00, 0x00, 0x00, 0x00, 0x00, 0x00, 0x06, 0xFF, 0x40, 0x00, 0x0F, 0xFF, 0xFD, 0x00,
    0x0F, 0xC0, 0x1F, 0xD0, 0x0F, 0xC0, 0x00, 0xFC, 0x07, 0xD0, 0x00, 0x2F, 0x83, 0xF0, 0x00, 0x03,
    0xF0, 0xF8, 0x00, 0x00, 0xFC, 0x7D, 0x00, 0x00, 0x3F, 0x2F, 0x40, 0x00, 0x0F, 0xCB, 0xD0, 0x00,
    0x03, 0xF2, 0xF4, 0x00, 0x00, 0xFC, 0x7E, 0x00, 0x00, 0x3F, 0x1F, 0x80, 0x00, 0x0F, 0x83, 0xF0,
    0x00, 0x0B, 0xD0, 0xBE, 0x00, 0x03, 0xF0, 0x0F, 0xD0, 0x03, 0xF0, 0x00, 0xFF, 0x9B, 0xF0, 0x00,
    0x0B, 0xFF, 0xE0, 0x00, 0x00, 0x05, 0x00, 0x00, 0x07, 0xFF, 0xF0, 0x07, 0xFF, 0xF0, 0x00, 0x00,
    0x00, 0x00, 0x00, 0x00, 0x01, 0x90, 0x00, 0x07, 0xFE, 0x74, 0x0E, 0x7F, 0xF0, 0x00, 0x06, 0x80,
    0x00, 0x00, 0x00, 0x00, 0x00, 0x00, 0x01, 0xFF, 0x80, 0x0F, 0xEB, 0xF0, 0x2F, 0x00, 0xFC, 0x3E,
    0x00, 0x7D, 0xBC, 0x00, 0x3E, 0xBC, 0x00, 0x3E, 0xFC, 0x00, 0x3E, 0xFC, 0x00, 0x3E, 0xBC, 0x00,
    0x7D, 0xBD, 0x00, 0xBC, 0x3E, 0x00, 0xF8, 0x2F, 0x97, 0xF0, 0x07, 0xFF, 0x80, 0x00, 0x54, 0x00,
    0x00, 0x2F, 0xFF, 0x80, 0x00, 0x0F, 0xFF, 0xE0, 0x00, 0x00, 0x00, 0x00, 0x00, 0x00, 0x00, 0x00,
    0x00, 0x00, 0x01, 0xF0, 0x00, 0x00, 0x00, 0xFE, 0x00, 0x00, 0x00, 0x3F, 0x80, 0x00, 0x00, 0x02,
    0x80, 0x00, 0x00, 0x00, 0x00, 0x00, 0x00, 0x06, 0xFF, 0x40, 0x00, 0x0F, 0xFF, 0xFD, 0x00, 0x0F,
    0xC0, 0x1F, 0xD0, 0x0F, 0xC0, 0x00, 0xFC, 0x07, 0xD0, 0x00, 0x2F, 0x83, 0xF0, 0x00, 0x03, 0xF0,
    0xF8, 0x00, 0x00, 0xFC, 0x7D, 0x00, 0x00, 0x3F, 0x2F, 0x40, 0x00, 0x0F, 0xCB, 0xD0, 0x00, 0x03,
    0xF2, 0xF4, 0x00, 0x00, 0xFC, 0x7E, 0x00, 0x00, 0x3F, 0x1F, 0x80, 0x00, 0x0F, 0x83, 0xF0, 0x00,
    0x0B, 0xD0, 0xBE, 0x00, 0x03, 0xF0, 0x0F, 0xD0, 0x03, 0xF0, 0x00, 0xFF, 0x9B, 0xF0, 0x00, 0x0B,
    0xFF, 0xE0, 0x00, 0x00, 0x05, 0x00, 0x00, 0x03, 0xFF, 0xF0, 0x03, 0xFF, 0xF0, 0x00, 0x00, 0x00,
    0x00, 0x00, 0x00, 0x00, 0x3E, 0x00, 0x00, 0x7F, 0x00, 0x00, 0x7F, 0x00, 0x00, 0x18, 0x00, 0x00,
    0x00, 0x00, 0x00, 0x00, 0x00, 0x01, 0xFF, 0x80, 0x0F, 0xEB, 0xF0, 0x2F, 0x00, 0xFC, 0x3E, 0x00,
    0x7D, 0xBC, 0x00, 0x3E, 0xBC, 0x00, 0x3E, 0xFC, 0x00, 0x3E, 0xFC, 0x00, 0x3E, 0xBC, 0x00, 0x7D,
    0xBD, 0x00, 0xBC, 0x3E, 0x00, 0xF8, 0x2F, 0x97, 0xF0, 0x07, 0xFF, 0x80, 0x00, 0x54, 0x00, 0x00,
    0x0F, 0xFF, 0xC0, 0x00, 0x00, 0xFF, 0xFC, 0x00, 0x00, 0x00, 0x00, 0x00, 0x00, 0x00, 0x00, 0x00,
    0x00, 0x2A, 0xA9, 0x00, 0xAA, 0x97, 0xFF, 0xD0, 0x1F, 0xFD, 0x0B, 0xE0, 0x00, 0x2D, 0x00, 0x3F,
    0x00, 0x03, 0x80, 0x01, 0xF8, 0x00, 0xB0, 0x00, 0x0F, 0xC0, 0x1E, 0x00, 0x00, 0x7E, 0x03, 0xC0,
    0x00, 0x03, 0xF0, 0x74, 0x00, 0x00, 0x1F, 0x8F, 0x00, 0x00, 0x00, 0xBE, 0xC0, 0x00, 0x00, 0x03,
    0xF8, 0x00, 0x00, 0x00, 0x2F, 0x00, 0x00, 0x00, 0x02, 0xF0, 0x00, 0x00, 0x00, 0x3F, 0x00, 0x00,
    0x00, 0x03, 0xF0, 0x00, 0x00, 0x00, 0x3F, 0x00, 0x00, 0x00, 0x1B, 0xF9, 0x00, 0x00, 0x03, 0xFF,
    0xF0, 0x00, 0x01, 0xFF, 0xF8, 0x00, 0xBF, 0xFF, 0x00, 0x00, 0x00, 0x00, 0x00, 0x00, 0x00, 0x00,
    0x00, 0x00, 0x1F, 0xE0, 0x0B, 0xCB, 0xFC, 0x03, 0xF8, 0x1F, 0x00, 0x7E, 0x07, 0xC0, 0x07, 0x41,
    0xF0, 0x02, 0xC0, 0x7C, 0x00, 0xE0, 0x1F, 0x40, 0xB4, 0x03, 0xD0, 0x3C, 0x00, 0xF8, 0x1D, 0x00,
    0x3F, 0x0F, 0x00, 0x0B, 0xC3, 0x80, 0x00, 0xFF, 0xC0, 0x00, 0x1F, 0xE0, 0x00, 0x00, 0xB0, 0x00,
    0x00, 0x3C, 0x00, 0x28, 0x1D, 0x00, 0x0F, 0x4F, 0x00, 0x03, 0xFF, 0x00, 0x00, 0x6A, 0x00, 0x00,
    0x00, 0x00, 0x2F, 0xC1, 0xFF, 0x80, 0x3E, 0x00, 0xF8, 0x03, 0xE0, 0x0F, 0x80, 0x3E, 0x00, 0xF4,
    0x03, 0xD0, 0x0F, 0x40, 0x7D, 0x01, 0xF0, 0x07, 0xC0, 0x1F, 0x00, 0x78, 0x02, 0xC3, 0xEE, 0x0F,
    0xF0, 0x1A, 0x00, 0x00, 0x00, 0x00, 0x00, 0x1F, 0xFA, 0xE0, 0x0B, 0xEA, 0xFE, 0x01, 0xF4, 0x03,
    0xE0, 0x3F, 0x00, 0x7D, 0x07, 0xD0, 0x0F, 0xD0, 0xBC, 0x00, 0xFD, 0x0F, 0xC0, 0x1F, 0xD0, 0xFC,
    0x02, 0xBD, 0x0F, 0xC0, 0x37, 0xD0, 0xFC, 0x07, 0x3D, 0x0B, 0xD0, 0xF3, 0xD0, 0x3F, 0xAD, 0x3E,
    0x91, 0xFF, 0x43, 0xFD, 0x01, 0x40, 0x04, 0x00, 0x00, 0x00, 0x00, 0x02, 0xFF, 0x40, 0x0F, 0xFF,
    0xE0, 0x2D, 0x03, 0xF4, 0x00, 0x00, 0xF8, 0x00, 0x00, 0xFC, 0x00, 0x06, 0xFC, 0x01, 0xBF, 0xFC,
    0x0F, 0xE4, 0xFC, 0x2F, 0x00, 0xF8, 0x3E, 0x00, 0xF4, 0x3E, 0x02, 0xF0, 0x3F, 0x4B, 0xC0, 0x0F,
    0xFE, 0x00, 0x00, 0x50, 0x00, 0x00, 0x00, 0x00, 0x01, 0xFF, 0xED, 0x0B, 0xFA, 0xFE, 0x1F, 0x80,
    0x3D, 0x3F, 0x00, 0x7D, 0x7D, 0x00, 0xBD, 0xBC, 0x00, 0xFD, 0xFC, 0x01, 0xFD, 0xFC, 0x02, 0xBD,
    0xFC, 0x03, 0x7C, 0xBC, 0x07, 0x3C, 0x7D, 0x0F, 0x3C, 0x3F, 0xBD, 0x3C, 0x0F, 0xF4, 0x7C, 0x00,
    0x00, 0xBC, 0x28, 0x00, 0xF4, 0xBD, 0x01, 0xF0, 0xBC, 0x03, 0xD0, 0x7F, 0xAF, 0x40, 0x0A, 0xA4,
    0x00, 0x10, 0x0B, 0x80, 0x7E, 0x01, 0xF4, 0x03, 0xC0, 0x04, 0x00, 0x80, 0x3D, 0x0B, 0xD1, 0xF0,
    0x38, 0x00, 0x00, 0x00, 0x80, 0x00, 0xFC, 0x00, 0xFF, 0x80, 0xB8, 0xF4, 0x74, 0x0B, 0x00, 0x00,
    0x40, 0x19, 0x00, 0x0F, 0xF9, 0xDA, 0x7F, 0xF0, 0x01, 0xA0, 0x3F, 0xFF, 0x1F, 0xFF, 0xC0, 0x00,
    0x00, 0x10, 0x00, 0x1C, 0x00, 0xD3, 0x80, 0xF0, 0xBF, 0xF4, 0x0F, 0xF8, 0x00, 0x50, 0x00, 0x2E,
    0x1F, 0xC3, 0xF0, 0x60, 0x28, 0x0A, 0x3F, 0x4B, 0xEF, 0xD2, 0xF8, 0x90, 0x24, 0x05, 0x40, 0xFF,
    0xDB, 0x4B, 0x9C, 0x3E, 0x03, 0xE0, 0x1E, 0x00, 0x64, 0x00, 0x0B, 0x80, 0xF7, 0xC7, 0x4B, 0x1D,
    0x2C, 0x3F, 0xE0, 0x14, 0x00, 0x01, 0x40, 0x40, 0x3C, 0x3C, 0x0F, 0xCB, 0xC1, 0xE1, 0xF0, 0x38,
    0x38, 0x00, 0x00, 0x00, 0x10, 0x01, 0x1E, 0x02, 0xC2, 0xE3, 0xD0, 0x3F, 0xE0, 0x03, 0xE0, 0x00,
    0x10, 0x00, 0x00, 0x14, 0x07, 0xC3, 0xC0, 0x7E, 0x3F, 0x01, 0xF4, 0xF4, 0x02, 0xC2, 0xC0, 0x04,
    0x04, 0x00, 0x00, 0x02, 0xFE, 0x02, 0xFF, 0xD0, 0xF0, 0x7C, 0x70, 0x07, 0x04, 0x00, 0x40, 0x06,
    0x1D, 0x38, 0x7E, 0x7F, 0x18, 0x06, 0x40, 0xFC, 0x0F, 0xD0, 0x2D, 0x02, 0xC0, 0x74, 0x3E, 0x02,
    0x00, 0x2F, 0x0F, 0xD3, 0xF4, 0x24, 0x28, 0x0B, 0x6F, 0x87, 0xFB, 0xE1, 0xFC, 0x50, 0x18, 0x24,
    0xFD, 0xBD, 0x3C, 0x74, 0x90, 0x00, 0x00, 0xD0, 0x1E, 0x40, 0x7D, 0x02, 0xE6, 0xBD, 0x6E, 0x40,
    0x00, 0x00, 0xB0, 0x2C, 0x07, 0x80, 0xF8, 0x8B, 0xFC, 0x2E, 0x00, 0x10, 0x00, 0x1C, 0x00, 0xA3,
    0xD0, 0xB4, 0xBF, 0xFC, 0x0B, 0xFC, 0x00, 0x00, 0x00, 0x3F, 0xFF, 0x4F, 0xFF, 0xD0, 0x00, 0x00,
    0x00, 0x00, 0x3C, 0x0B, 0xD0, 0xF8, 0x1F, 0x03, 0xC0, 0x30, 0x00, 0x00, 0x00, 0x40, 0xE0, 0xB4,
    0xBC, 0x7D, 0x2F, 0x01, 0x40, 0x7C, 0x1F, 0x0B, 0xC1, 0xFE, 0x2E, 0x00, 0x01, 0x40, 0xFD, 0x2F,
    0xE1, 0xFD, 0x01, 0x00, 0x00, 0x00, 0x00, 0x00, 0x00, 0x00, 0x00, 0x00, 0x02, 0xF8, 0x3F, 0xC2,
    0xFC, 0x03, 0xC0, 0xB4, 0x1E, 0x03, 0x80, 0x00, 0x00, 0x00, 0x00, 0x3C, 0x0B, 0xD0, 0xF8, 0x1E,
    0x03, 0x80, 0x10, 0x00, 0x00, 0x00, 0x00, 0x00, 0x03, 0xE0, 0x02, 0xD1, 0xF9, 0xE1, 0xFC, 0xB8,
    0xFD, 0x7F, 0x3C, 0x3F, 0x05, 0x1C, 0x02, 0x40, 0x01, 0x00, 0x00, 0x00, 0x00, 0x00, 0x00, 0x00,
    0x3C, 0x06, 0x90, 0x00, 0x0B, 0xD0, 0xFE, 0x00, 0x00, 0xF8, 0x1F, 0xF0, 0x00, 0x1E, 0x02, 0xEF,
    0x00, 0x03, 0x80, 0x39, 0xF4, 0x00, 0x10, 0x07, 0x0F, 0xC0, 0x00, 0x00, 0xF0, 0xFC, 0x00, 0x00,
    0x0E, 0x0B, 0xD0, 0x00, 0x02, 0xC0, 0x7E, 0x00, 0x00, 0x3C, 0x03, 0xF0, 0x00, 0x07, 0x95, 0x7F,
    0x00, 0x00, 0xBF, 0xFF, 0xF4, 0x00, 0x0F, 0x55, 0x5F, 0x80, 0x01, 0xD0, 0x00, 0xFC, 0x00, 0x2C,
    0x00, 0x0B, 0xD0, 0x03, 0xC0, 0x00, 0x7E, 0x01, 0xBD, 0x00, 0x1B, 0xF9, 0x7F, 0xF8, 0x07, 0xFF,
    0xF0, 0x29, 0x2F, 0xCF, 0xF6, 0xF8, 0x00, 0x00, 0x00, 0x00, 0x00, 0x00, 0x00, 0x07, 0xC2, 0xAA,
    0xAA, 0xA4, 0x0F, 0xC3, 0xFF, 0xFF, 0xFC, 0x0F, 0x40, 0x3E, 0x00, 0xBC, 0x2D, 0x00, 0x3E, 0x00,
    0x3C, 0x38, 0x00, 0x3E, 0x00, 0x2C, 0x10, 0x00, 0x3E, 0x00, 0x00, 0x00, 0x00, 0x7D, 0x00, 0x00,
    0x00, 0x00, 0x7D, 0x00, 0x00, 0x00, 0x00, 0x7F, 0xFF, 0xD0, 0x00, 0x00, 0x7F, 0xFF, 0xD0, 0x00,
    0x00, 0x7D, 0x00, 0x00, 0x00, 0x00, 0x7D, 0x00, 0x00, 0x00, 0x00, 0xBC, 0x00, 0x00, 0x00, 0x00,
    0xBC, 0x00, 0x18, 0x00, 0x00, 0xBC, 0x00, 0x3C, 0x00, 0x00, 0xBC, 0x00, 0x7C, 0x00, 0x06, 0xFE,
    0xAA, 0xFC, 0x00, 0x0F, 0xFF, 0xFF, 0xF8, 0x00, 0x00, 0x00, 0x00, 0x00, 0x00, 0x07, 0xC2, 0xAA,
    0x90, 0x2A, 0xAA, 0x0F, 0xC3, 0xFF, 0xE0, 0x3F, 0xFF, 0x1F, 0x40, 0x3E, 0x00, 0x03, 0xF0, 0x2D,
    0x00, 0x3E, 0x00, 0x03, 0xE0, 0x34, 0x00, 0x3E, 0x00, 0x03, 0xE0, 0x10, 0x00, 0x3E, 0x00, 0x03,
    0xE0, 0x00, 0x00, 0x7D, 0x00, 0x03, 0xE0, 0x00, 0x00, 0x7D, 0x00, 0x07, 0xE0, 0x00, 0x00, 0x7F,
    0xFF, 0xFF, 0xD0, 0x00, 0x00, 0x7F, 0xFF, 0xFF, 0xD0, 0x00, 0x00, 0x7D, 0x00, 0x07, 0xD0, 0x00,
    0x00, 0x7D, 0x00, 0x07, 0xD0, 0x00, 0x00, 0xBC, 0x00, 0x07, 0xD0, 0x00, 0x00, 0xBC, 0x00, 0x07,
    0xD0, 0x00, 0x00, 0xBC, 0x00, 0x0B, 0xC0, 0x00, 0x00, 0xBC, 0x00, 0x0B, 0xC0, 0x00, 0x05, 0xFE,
    0x40, 0x1F, 0xE4, 0x00, 0x0F, 0xFF, 0xD0, 0xBF, 0xFD, 0x00, 0x00, 0x00, 0x00, 0x7C, 0x2A, 0xA9,
    0x0F, 0xC3, 0xFF, 0xE0, 0xF4, 0x03, 0xE0, 0x2D, 0x00, 0x3E, 0x03, 0x80, 0x03, 0xE0, 0x10, 0x00,
    0x3E, 0x00, 0x00, 0x03, 0xD0, 0x00, 0x00, 0x7D, 0x00, 0x00, 0x07, 0xD0, 0x00, 0x00, 0x7D, 0x00,
    0x00, 0x07, 0xD0, 0x00, 0x00, 0x7D, 0x00, 0x00, 0x07, 0xD0, 0x00, 0x00, 0xBC, 0x00, 0x00, 0x0B,
    0xC0, 0x00, 0x00, 0xBC, 0x00, 0x00, 0x6F, 0xE4, 0x00, 0x0F, 0xFF, 0xD0, 0x00, 0x00, 0x00, 0x00,
    0x00, 0x00, 0x7C, 0x00, 0x6F, 0xF4, 0x00, 0x0F, 0xC0, 0x3F, 0xFF, 0xF4, 0x01, 0xF4, 0x0F, 0xC0,
    0x1F, 0xD0, 0x2D, 0x03, 0xF0, 0x00, 0x3F, 0x03, 0x40, 0x7D, 0x00, 0x02, 0xF8, 0x10, 0x0F, 0xC0,
    0x00, 0x0F, 0xC0, 0x00, 0xF8, 0x00, 0x00, 0xFC, 0x00, 0x1F, 0x40, 0x00, 0x0F, 0xC0, 0x02, 0xF4,
    0x00, 0x00, 0xFC, 0x00, 0x2F, 0x40, 0x00, 0x0F, 0xC0, 0x02, 0xF4, 0x00, 0x00, 0xFC, 0x00, 0x1F,
    0x80, 0x00, 0x0F, 0xC0, 0x01, 0xF8, 0x00, 0x00, 0xF8, 0x00, 0x0F, 0xC0, 0x00, 0x2F, 0x40, 0x00,
    0xBE, 0x00, 0x03, 0xF0, 0x00, 0x03, 0xF4, 0x00, 0xFC, 0x00, 0x00, 0x0F, 0xF9, 0xBF, 0x00, 0x00,
    0x00, 0x2F, 0xFF, 0x80, 0x00, 0x00, 0x00, 0x05, 0x00, 0x00, 0x00, 0x00, 0x00, 0x00, 0x00, 0x00,
    0x03, 0xD2, 0xAA, 0x90, 0x0A, 0xA9, 0x07, 0xE7, 0xFF, 0xD0, 0x1F, 0xFD, 0x0F, 0x80, 0xBE, 0x00,
    0x02, 0xD0, 0x1E, 0x00, 0x3F, 0x00, 0x03, 0x80, 0x3C, 0x00, 0x1F, 0x80, 0x0B, 0x00, 0x10, 0x00,
    0x0F, 0xC0, 0x1E, 0x00, 0x00, 0x00, 0x07, 0xE0, 0x3C, 0x00, 0x00, 0x00, 0x03, 0xF0, 0x74, 0x00,
    0x00, 0x00, 0x01, 0xF8, 0xF0, 0x00, 0x00, 0x00, 0x00, 0xBE, 0xC0, 0x00, 0x00, 0x00, 0x00, 0x3F,
    0x80, 0x00, 0x00, 0x00, 0x00, 0x2F, 0x00, 0x00, 0x00, 0x00, 0x00, 0x2F, 0x00, 0x00, 0x00, 0x00,
    0x00, 0x3F, 0x00, 0x00, 0x00, 0x00, 0x00, 0x3F, 0x00, 0x00, 0x00, 0x00, 0x00, 0x3F, 0x00, 0x00,
    0x00, 0x00, 0x01, 0xBF, 0x90, 0x00, 0x00, 0x00, 0x03, 0xFF, 0xF0, 0x00, 0x00, 0x00, 0x00, 0x00,
    0x00, 0x00, 0x78, 0x00, 0x6F, 0xE4, 0x00, 0x0F, 0xC0, 0x7F, 0xEF, 0xF4, 0x01, 0xF4, 0x1F, 0x80,
    0x0F, 0xD0, 0x3D, 0x03, 0xE0, 0x00, 0x3F, 0x07, 0x40, 0xBC, 0x00, 0x02, 0xF4, 0x10, 0x0F, 0x80,
    0x00, 0x0F, 0x80, 0x00, 0xF8, 0x00, 0x00, 0xFC, 0x00, 0x1F, 0x40, 0x00, 0x0F, 0xC0, 0x01, 0xF4,
    0x00, 0x00, 0xF8, 0x00, 0x1F, 0x80, 0x00, 0x1F, 0x40, 0x00, 0xFC, 0x00, 0x02, 0xF0, 0x00, 0x0B,
    0xD0, 0x00, 0x3E, 0x00, 0x00, 0x3F, 0x00, 0x0B, 0xC0, 0x00, 0x31, 0xFD, 0x02, 0xF5, 0xC0, 0x03,
    0x87, 0xF0, 0xBC, 0x2C, 0x00, 0x3C, 0x0B, 0x0B, 0x03, 0xC0, 0x03, 0xFA, 0xF0, 0xFA, 0xFC, 0x00,
    0x3F, 0xFF, 0x0F, 0xFF, 0x80, 0x00, 0x00, 0x00, 0x00, 0x07, 0xC0, 0x02, 0xC2, 0xF2, 0xD2, 0xF8,
    0xF5, 0xFC, 0xBE, 0x78, 0x3F, 0x05, 0x2C, 0x05, 0x00, 0x04, 0x00, 0x00, 0x00, 0x00, 0x00, 0x02,
    0xF0, 0x00, 0x00, 0xFC, 0x00, 0x00, 0x3F, 0x00, 0x00, 0x0F, 0xC0, 0x00, 0x03, 0xE0, 0x00, 0x00,
    0xF4, 0x00, 0x00, 0x3D, 0x00, 0x00, 0x0F, 0x00, 0x00, 0x03, 0xC0, 0x00, 0x01, 0xF0, 0x00, 0x00,
    0x7C, 0x00, 0x00, 0x0F, 0xE8, 0x00, 0x02, 0xFF, 0x00, 0x00, 0x04, 0x00, 0x00, 0x00, 0x00, 0x68,
    0x00, 0x00, 0x00, 0x1F, 0xD0, 0x00, 0x00, 0x02, 0xFE, 0x00, 0x00, 0x00, 0x3B, 0xF0, 0x00, 0x00,
    0x07, 0x6F, 0x00, 0x00, 0x00, 0xB1, 0xF4, 0x00, 0x00, 0x0E, 0x0F, 0xC0, 0x00, 0x01, 0xC0, 0xFC,
    0x00, 0x00, 0x3C, 0x0B, 0xD0, 0x00, 0x03, 0x80, 0x7E, 0x00, 0x00, 0xB5, 0x57, 0xF0, 0x00, 0x0F,
    0xFF, 0xFF, 0x00, 0x01, 0xE5, 0x56, 0xF4, 0x00, 0x2C, 0x00, 0x1F, 0x80, 0x03, 0xC0, 0x00, 0xFC,
    0x00, 0x74, 0x00, 0x0B, 0xD0, 0x1F, 0x90, 0x01, 0xFF, 0x4B, 0xFF, 0x40, 0xBF, 0xFE, 0x1A, 0xAA,
    0x50, 0x00, 0xFF, 0xFF, 0xFC, 0x00, 0x3F, 0x01, 0xFC, 0x00, 0xFC, 0x02, 0xF4, 0x03, 0xE0, 0x07,
    0xE0, 0x0F, 0x80, 0x1F, 0x40, 0x3E, 0x00, 0xF8, 0x00, 0xF8, 0x0B, 0x80, 0x03, 0xE2, 0xF4, 0x00,
    0x0F, 0x9B, 0xFD, 0x00, 0x7D, 0x00, 0xBD, 0x01, 0xF4, 0x00, 0xFC, 0x07, 0xD0, 0x02, 0xF0, 0x1F,
    0x40, 0x0B, 0xC0, 0x7D, 0x00, 0x3F, 0x01, 0xF4, 0x03, 0xF4, 0x5F, 0xEA, 0xBF, 0x43, 0xFF, 0xFF,
    0x90, 0x00, 0x2A, 0xAA, 0xAA, 0x4F, 0xFF, 0xFF, 0xE0, 0x3E, 0x00, 0xF8, 0x0F, 0x80, 0x0E, 0x03,
    0xE0, 0x03, 0x80, 0xF8, 0x00, 0x00, 0x7D, 0x00, 0x00, 0x1F, 0x40, 0x00, 0x07, 0xD0, 0x00, 0x01,
    0xF4, 0x00, 0x00, 0x7D, 0x00, 0x00, 0x1F, 0x40, 0x00, 0x0B, 0xC0, 0x00, 0x02, 0xF0, 0x00, 0x00,
    0xBC, 0x00, 0x00, 0x2F, 0x00, 0x00, 0x5F, 0xE5, 0x00, 0x3F, 0xFF, 0xC0, 0x00, 0x00, 0x01, 0x90,
    0x00, 0x00, 0x2F, 0xC0, 0x00, 0x00, 0xFF, 0x00, 0x00, 0x07, 0x7E, 0x00, 0x00, 0x3C, 0xFC, 0x00,
    0x00, 0xD2, 0xF0, 0x00, 0x0B, 0x07, 0xD0, 0x00, 0x38, 0x0F, 0x80, 0x01, 0xD0, 0x3F, 0x00, 0x0B,
    0x00, 0xBD, 0x00, 0x38, 0x01, 0xF8, 0x01, 0xD0, 0x03, 0xF0, 0x0F, 0x00, 0x0B, 0xC0, 0x78, 0x00,
    0x1F, 0x82, 0xC0, 0x00, 0x3F, 0x0F, 0x00, 0x00, 0xFC, 0x7F, 0xFF, 0xFF, 0xF5, 0xFF, 0xFF, 0xFF,
    0xD0, 0x2A, 0xAA, 0xAA, 0x43, 0xFF, 0xFF, 0xFC, 0x03, 0xE0, 0x0B, 0xC0, 0x3E, 0x00, 0x3C, 0x03,
    0xE0, 0x02, 0xC0, 0x3E, 0x00, 0x00, 0x07, 0xD0, 0x00, 0x00, 0x7D, 0x00, 0x00, 0x07, 0xFF, 0xFD,
    0x00, 0x7F, 0xFF, 0xD0, 0x07, 0xD0, 0x00, 0x00, 0x7D, 0x00, 0x00, 0x0B, 0xC0, 0x00, 0x00, 0xBC,
    0x00, 0x18, 0x0B, 0xC0, 0x03, 0xC0, 0xBC, 0x00, 0x7C, 0x6F, 0xEA, 0xAF, 0xCF, 0xFF, 0xFF, 0xF8,
    0x0A, 0xAA, 0xAA, 0x91, 0xFF, 0xFF, 0xFF, 0x2F, 0x00, 0x0B, 0xD2, 0xD0, 0x01, 0xF8, 0x3C, 0x00,
    0x3F, 0x00, 0x00, 0x0F, 0xD0, 0x00, 0x02, 0xF8, 0x00, 0x00, 0x3F, 0x00, 0x00, 0x0F, 0xD0, 0x00,
    0x02, 0xF8, 0x00, 0x00, 0x7F, 0x00, 0x00, 0x0F, 0xC0, 0x00, 0x02, 0xF8, 0x00, 0x00, 0x7F, 0x00,
    0x0E, 0x0F, 0xC0, 0x01, 0xE3, 0xF4, 0x00, 0x3D, 0x7F, 0xAA, 0xAF, 0xDB, 0xFF, 0xFF, 0xFC, 0x2A,
    0xA9, 0x02, 0xAA, 0xA3, 0xFF, 0xE0, 0x3F, 0xFF, 0x03, 0xE0, 0x00, 0x3F, 0x00, 0x3E, 0x00, 0x03,
    0xE0, 0x03, 0xE0, 0x00, 0x3E, 0x00, 0x3E, 0x00, 0x03, 0xE0, 0x07, 0xD0, 0x00, 0x3E, 0x00, 0x7D,
    0x00, 0x07, 0xE0, 0x07, 0xFF, 0xFF, 0xFD, 0x00, 0x7F, 0xFF, 0xFF, 0xD0, 0x07, 0xD0, 0x00, 0x7D,
    0x00, 0x7D, 0x00, 0x07, 0xD0, 0x0B, 0xC0, 0x00, 0x7D, 0x00, 0xBC, 0x00, 0x07, 0xD0, 0x0B, 0xC0,
    0x00, 0xBC, 0x00, 0xBC, 0x00, 0x0B, 0xC0, 0x5F, 0xE4, 0x01, 0xFE, 0x4F, 0xFF, 0xD0, 0xBF, 0xFD,
    0x00, 0x1B, 0xFE, 0x00, 0x00, 0x3F, 0xFF, 0xF4, 0x00, 0x3F, 0x00, 0x3F, 0x80, 0x3F, 0x00, 0x03,
    0xF0, 0x1F, 0x40, 0x00, 0x7E, 0x0F, 0xC0, 0x00, 0x0F, 0xC3, 0xE0, 0x00, 0x03, 0xF5, 0xF4, 0x00,
    0x00, 0xBD, 0xBD, 0x2F, 0xFD, 0x2F, 0x6F, 0x4B, 0xFF, 0x4B, 0xDB, 0xD0, 0x00, 0x02, 0xF5, 0xF4,
    0x00, 0x00, 0xFC, 0x7E, 0x00, 0x00, 0x3F, 0x0F, 0xC0, 0x00, 0x1F, 0x42, 0xF8, 0x00, 0x0F, 0xC0,
    0x3F, 0x40, 0x0B, 0xC0, 0x03, 0xFE, 0x6F, 0xD0, 0x00, 0x2F, 0xFF, 0x80, 0x00, 0x00, 0x14, 0x00,
    0x00, 0x2A, 0xA9, 0x3F, 0xFE, 0x03, 0xE0, 0x03, 0xE0, 0x03, 0xE0, 0x03, 0xE0, 0x03, 0xD0, 0x07,
    0xD0, 0x07, 0xD0, 0x07, 0xD0, 0x07, 0xD0, 0x07, 0xD0, 0x07, 0xD0, 0x0B, 0xC0, 0x0B, 0xC0, 0x0B,
    0xC0, 0x6F, 0xE4, 0xFF, 0xFD, 0x2A, 0xA9, 0x06, 0xAA, 0x4F, 0xFF, 0x82, 0xFF, 0xD0, 0x3E, 0x00,
    0x0F, 0x40, 0x0F, 0x80, 0x0F, 0x40, 0x03, 0xE0, 0x0F, 0x00, 0x00, 0xF8, 0x0F, 0x00, 0x00, 0x3D,
    0x0F, 0x00, 0x00, 0x1F, 0x4F, 0x00, 0x00, 0x07, 0xDF, 0x80, 0x00, 0x01, 0xF6, 0xFD, 0x00, 0x00,
    0x7D, 0x0F, 0xC0, 0x00, 0x1F, 0x41, 0xF8, 0x00, 0x0B, 0xD0, 0x3F, 0x00, 0x02, 0xF0, 0x0B, 0xD0,
    0x00, 0xBC, 0x00, 0xFC, 0x00, 0x2F, 0x00, 0x3F, 0x00, 0x6F, 0xE4, 0x07, 0xF6, 0x3F, 0xFF, 0x40,
    0xBF, 0xD0, 0x00, 0x00, 0x01, 0x40, 0x00, 0x00, 0x68, 0x00, 0x00, 0x00, 0x2F, 0xC0, 0x00, 0x00,
    0x03, 0xFD, 0x00, 0x00, 0x00, 0x37, 0xE0, 0x00, 0x00, 0x0B, 0x3F, 0x00, 0x00, 0x00, 0xE2, 0xF0,
    0x00, 0x00, 0x0D, 0x1F, 0x40, 0x00, 0x02, 0xC0, 0xF8, 0x00, 0x00, 0x38, 0x0F, 0xC0, 0x00, 0x07,
    0x40, 0xBC, 0x00, 0x00, 0xB0, 0x07, 0xD0, 0x00, 0x0F, 0x00, 0x3E, 0x00, 0x01, 0xD0, 0x03, 0xF0,
    0x00, 0x2C, 0x00, 0x2F, 0x40, 0x03, 0xC0, 0x01, 0xF8, 0x00, 0x74, 0x00, 0x0F, 0xC0, 0x1F, 0x90,
    0x06, 0xFE, 0x4B, 0xFF, 0x40, 0xFF, 0xFC, 0x1A, 0xA8, 0x00, 0x00, 0xAA, 0x90, 0xBF, 0xF4, 0x00,
    0x03, 0xFF, 0x80, 0x3F, 0xE0, 0x00, 0x2F, 0xF0, 0x00, 0xFF, 0xC0, 0x00, 0xFF, 0xC0, 0x03, 0xDF,
    0x40, 0x03, 0xAF, 0x00, 0x0F, 0x3E, 0x00, 0x2D, 0xBC, 0x00, 0x3C, 0xFC, 0x00, 0xF2, 0xF0, 0x00,
    0xE2, 0xF0, 0x03, 0x8B, 0xC0, 0x03, 0x87, 0xD0, 0x1D, 0x2F, 0x00, 0x0E, 0x0F, 0x80, 0xF0, 0xBC,
    0x00, 0x74, 0x2F, 0x03, 0x82, 0xF0, 0x01, 0xD0, 0x7D, 0x1D, 0x0B, 0xC0, 0x07, 0x40, 0xF8, 0xF0,
    0x1F, 0x00, 0x2D, 0x03, 0xF3, 0x80, 0x7C, 0x00, 0xB0, 0x0B, 0xED, 0x01, 0xF0, 0x02, 0xC0, 0x1F,
    0xF0, 0x07, 0xD0, 0x6F, 0x90, 0x3F, 0x80, 0x6F, 0x93, 0xFF, 0xC0, 0xBD, 0x0B, 0xFF, 0xE0, 0x00,
    0x00, 0x00, 0x00, 0x00, 0x00, 0x2A, 0xA4, 0x00, 0xAA, 0x93, 0xFF, 0xC0, 0x1F, 0xFD, 0x03, 0xFD,
    0x00, 0x1E, 0x00, 0x3B, 0xF0, 0x01, 0xD0, 0x03, 0xAF, 0x40, 0x1D, 0x00, 0x38, 0xFC, 0x01, 0xD0,
    0x07, 0x4B, 0xD0, 0x2D, 0x00, 0x74, 0x3F, 0x02, 0xD0, 0x07, 0x42, 0xF4, 0x2C, 0x00, 0x74, 0x0F,
    0xC2, 0xC0, 0x07, 0x40, 0xBC, 0x2C, 0x00, 0x74, 0x03, 0xE2, 0xC0, 0x0B, 0x40, 0x2F, 0x2C, 0x00,
    0xB0, 0x00, 0xFB, 0xC0, 0x0B, 0x00, 0x0B, 0xFC, 0x00, 0xB0, 0x00, 0x3F, 0xC0, 0x5F, 0x90, 0x03,
    0xFC, 0x0F, 0xFF, 0x40, 0x1F, 0xC0, 0x00, 0x00, 0x00, 0x00, 0x00, 0x02, 0xAA, 0xAA, 0xA0, 0x2F,
    0xFF, 0xFF, 0xC0, 0xFF, 0xFF, 0xFF, 0x43, 0xC0, 0x00, 0x2D, 0x0D, 0x00, 0x00, 0x34, 0x00, 0x00,
    0x00, 0x00, 0x00, 0x00, 0x00, 0x00, 0x00, 0x00, 0x00, 0x03, 0xFF, 0xFF, 0x40, 0x0F, 0xFF, 0xFD,
    0x00, 0x00, 0x00, 0x00, 0x00, 0x00, 0x00, 0x00, 0x00, 0x00, 0x00, 0x00, 0x90, 0x00, 0x01, 0x83,
    0x80, 0x00, 0x0B, 0x0F, 0x95, 0x55, 0xBC, 0x7F, 0xFF, 0xFF, 0xF1, 0xFF, 0xFF, 0xFF, 0xC0, 0x00,
    0x1B, 0xFD, 0x00, 0x00, 0x3F, 0xFF, 0xF4, 0x00, 0x3F, 0x00, 0x7F, 0x40, 0x3F, 0x00, 0x03, 0xF0,
    0x1F, 0x40, 0x00, 0xBE, 0x0F, 0xC0, 0x00, 0x0F, 0xC3, 0xE0, 0x00, 0x03, 0xF1, 0xF4, 0x00, 0x00,
    0xFC, 0xBD, 0x00, 0x00, 0x3F, 0x2F, 0x40, 0x00, 0x0F, 0xCB, 0xD0, 0x00, 0x03, 0xF1, 0xF8, 0x00,
    0x00, 0xFC, 0x7E, 0x00, 0x00, 0x3E, 0x0F, 0xC0, 0x00, 0x2F, 0x42, 0xF8, 0x00, 0x0F, 0xC0, 0x3F,
    0x40, 0x0F, 0xC0, 0x03, 0xFE, 0x6F, 0xC0, 0x00, 0x2F, 0xFF, 0x80, 0x00, 0x00, 0x14, 0x00, 0x00,
    0x2A, 0xAA, 0xAA, 0xAA, 0x93, 0xFF, 0xFF, 0xFF, 0xFE, 0x03, 0xE0, 0x00, 0x7E, 0x00, 0x3E, 0x00,
    0x07, 0xD0, 0x03, 0xE0, 0x00, 0x7D, 0x00, 0x3E, 0x00, 0x07, 0xD0, 0x07, 0xD0, 0x00, 0x7D, 0x00,
    0x7D, 0x00, 0x07, 0xD0, 0x07, 0xD0, 0x00, 0xBC, 0x00, 0x7D, 0x00, 0x0B, 0xC0, 0x07, 0xD0, 0x00,
    0xBC, 0x00, 0x7D, 0x00, 0x0B, 0xC0, 0x0B, 0xC0, 0x00, 0xBC, 0x00, 0xBC, 0x00, 0x0B, 0xC0, 0x0B,
    0xC0, 0x00, 0xFC, 0x00, 0xBC, 0x00, 0x0F, 0xC0, 0x5F, 0xE4, 0x06, 0xFE, 0x4F, 0xFF, 0xD0, 0xFF,
    0xFC, 0x1A, 0xAA, 0x50, 0x03, 0xFF, 0xFF, 0xF0, 0x03, 0xF0, 0x2F, 0xC0, 0x3F, 0x00, 0xBE, 0x03,
    0xE0, 0x03, 0xF0, 0x3E, 0x00, 0x3F, 0x03, 0xE0, 0x03, 0xF0, 0x3E, 0x00, 0x7E, 0x03, 0xE0, 0x0F,
    0xC0, 0x3E, 0x2B, 0xF0, 0x07, 0xD7, 0xF4, 0x00, 0x7D, 0x00, 0x00, 0x07, 0xD0, 0x00, 0x00, 0x7D,
    0x00, 0x00, 0x07, 0xD0, 0x00, 0x00, 0x7D, 0x00, 0x00, 0x1F, 0xE5, 0x00, 0x0F, 0xFF, 0xF4, 0x00,
    0x1A, 0xAA, 0xAA, 0x83, 0xFF, 0xFF, 0xFD, 0x2F, 0xC0, 0x07, 0xD0, 0xFD, 0x00, 0x1E, 0x07, 0xF0,
    0x00, 0xE0, 0x3F, 0x80, 0x00, 0x00, 0xFC, 0x00, 0x00, 0x0B, 0xE0, 0x00, 0x00, 0x3F, 0x40, 0x00,
    0x02, 0xF0, 0x00, 0x00, 0x7D, 0x00, 0x00, 0x0F, 0x80, 0x00, 0x02, 0xF0, 0x00, 0x00, 0x7D, 0x00,
    0x0E, 0x0F, 0x80, 0x01, 0xE2, 0xF0, 0x00, 0x3D, 0x7F, 0xFF, 0xFF, 0xDB, 0xFF, 0xFF, 0xFC, 0x1A,
    0xAA, 0xAA, 0xA9, 0x0B, 0xFF, 0xFF, 0xFF, 0xC3, 0xE0, 0x3F, 0x02, 0xF0, 0xF0, 0x0F, 0xC0, 0x3C,
    0x38, 0x03, 0xF0, 0x0B, 0x00, 0x00, 0xFC, 0x00, 0x00, 0x00, 0x3E, 0x00, 0x00, 0x00, 0x0F, 0x80,
    0x00, 0x00, 0x03, 0xE0, 0x00, 0x00, 0x00, 0xF8, 0x00, 0x00, 0x00, 0x3E, 0x00, 0x00, 0x00, 0x0F,
    0x80, 0x00, 0x00, 0x03, 0xD0, 0x00, 0x00, 0x00, 0xF4, 0x00, 0x00, 0x00, 0x7D, 0x00, 0x00, 0x00,
    0x1F, 0x40, 0x00, 0x00, 0x5B, 0xE5, 0x00, 0x00, 0x3F, 0xFF, 0xC0, 0x00, 0x2A, 0xA9, 0x00, 0xAA,
    0x97, 0xFF, 0xD0, 0x1F, 0xFD, 0x0B, 0xE0, 0x00, 0x2D, 0x00, 0x3F, 0x00, 0x03, 0x80, 0x01, 0xF8,
    0x00, 0xB0, 0x00, 0x0F, 0xC0, 0x1E, 0x00, 0x00, 0x7E, 0x03, 0xC0, 0x00, 0x03, 0xF0, 0x74, 0x00,
    0x00, 0x1F, 0x8F, 0x00, 0x00, 0x00, 0xBE, 0xC0, 0x00, 0x00, 0x03, 0xF8, 0x00, 0x00, 0x00, 0x2F,
    0x00, 0x00, 0x00, 0x02, 0xF0, 0x00, 0x00, 0x00, 0x3F, 0x00, 0x00, 0x00, 0x03, 0xF0, 0x00, 0x00,
    0x00, 0x3F, 0x00, 0x00, 0x00, 0x1B, 0xF9, 0x00, 0x00, 0x03, 0xFF, 0xF0, 0x00, 0x00, 0x01, 0x55,
    0x40, 0x00, 0x00, 0x2F, 0xFF, 0x40, 0x00, 0x00, 0x0B, 0xD0, 0x00, 0x00, 0x01, 0xBF, 0x90, 0x00,
    0x01, 0xFF, 0xFF, 0xFD, 0x00, 0x2F, 0x82, 0xF0, 0xBE, 0x01, 0xF4, 0x0B, 0xC0, 0xBE, 0x0F, 0xC0,
    0x2F, 0x00, 0xFC, 0x7E, 0x00, 0xFC, 0x02, 0xF6, 0xF4, 0x03, 0xF0, 0x07, 0xDB, 0xD0, 0x0F, 0x80,
    0x1F, 0x5F, 0x40, 0x3E, 0x00, 0xBC, 0x7F, 0x00, 0xF8, 0x03, 0xF0, 0xFD, 0x03, 0xE0, 0x1F, 0x40,
    0xFD, 0x0F, 0x81, 0xF8, 0x00, 0xBF, 0xFF, 0xBF, 0x40, 0x00, 0x1B, 0xFE, 0x90, 0x00, 0x00, 0x03,
    0xE0, 0x00, 0x00, 0x00, 0xFF, 0xF8, 0x00, 0x00, 0x02, 0xAA, 0x90, 0x00, 0x1A, 0xAA, 0x01, 0xAA,
    0x83, 0xFF, 0xF0, 0x2F, 0xFC, 0x03, 0xF4, 0x00, 0x3C, 0x00, 0x1F, 0xC0, 0x0F, 0x00, 0x00, 0xBE,
    0x02, 0xD0, 0x00, 0x03, 0xF0, 0x38, 0x00, 0x00, 0x1F, 0x8F, 0x00, 0x00, 0x00, 0xFF, 0xC0, 0x00,
    0x00, 0x03, 0xF8, 0x00, 0x00, 0x00, 0x2F, 0xC0, 0x00, 0x00, 0x07, 0xFD, 0x00, 0x00, 0x00, 0xF3,
    0xF0, 0x00, 0x00, 0x3C, 0x1F, 0x80, 0x00, 0x0B, 0x40, 0xFD, 0x00, 0x01, 0xE0, 0x03, 0xF0, 0x00,
    0x3C, 0x00, 0x2F, 0x80, 0x2F, 0xD0, 0x06, 0xFE, 0x4B, 0xFF, 0x40, 0xFF, 0xFD, 0x2A, 0x81, 0xAA,
    0xA0, 0x6A, 0x5F, 0xF0, 0xBF, 0xFC, 0x3F, 0xD0, 0xBC, 0x03, 0xF0, 0x0F, 0x80, 0x2F, 0x00, 0xFC,
    0x03, 0xE0, 0x0B, 0xC0, 0x3F, 0x00, 0xF8, 0x03, 0xF0, 0x0F, 0xC0, 0x3E, 0x00, 0xFC, 0x03, 0xE0,
    0x0F, 0x80, 0x3E, 0x00, 0xF8, 0x03, 0xD0, 0x0F, 0xC0, 0x3E, 0x00, 0xF4, 0x02, 0xF0, 0x0F, 0x80,
    0xBC, 0x00, 0x3F, 0x03, 0xE0, 0x7E, 0x00, 0x07, 0xFE, 0xFF, 0xFF, 0x00, 0x00, 0x6F, 0xFF, 0xFD,
    0x00, 0x00, 0x00, 0x1F, 0x80, 0x00, 0x00, 0x00, 0x07, 0xD0, 0x00, 0x00, 0x00, 0x01, 0xF4, 0x00,
    0x00, 0x00, 0x01, 0xBE, 0x40, 0x00, 0x00, 0x01, 0xFF, 0xF8, 0x00, 0x00, 0x00, 0x06, 0xFE, 0x40,
    0x00, 0x07, 0xFE, 0xFF, 0x40, 0x01, 0xF8, 0x00, 0xFD, 0x00, 0x3E, 0x00, 0x03, 0xF0, 0x0B, 0xC0,
    0x00, 0x2F, 0x40, 0xF8, 0x00, 0x00, 0xF8, 0x0F, 0x80, 0x00, 0x0F, 0xC1, 0xF4, 0x00, 0x00, 0xFC,
    0x1F, 0x40, 0x00, 0x0F, 0x81, 0xF8, 0x00, 0x01, 0xF4, 0x0F, 0xC0, 0x00, 0x2F, 0x00, 0xBD, 0x00,
    0x03, 0xE0, 0x03, 0xF0, 0x00, 0xBC, 0x03, 0x1F, 0xD0, 0x2F, 0x5C, 0x38, 0x7F, 0x0B, 0xC2, 0xC3,
    0xC0, 0xB0, 0xB0, 0x3C, 0x3F, 0xAF, 0x0F, 0xAF, 0xC3, 0xFF, 0xF0, 0xFF, 0xF8, 0x28, 0x0A, 0x2F,
    0x8B, 0xFB, 0xE2, 0xF8, 0x90, 0x18, 0x00, 0x00, 0x00, 0x00, 0x02, 0xAA, 0x90, 0xFF, 0xF8, 0x03,
    0xE0, 0x00, 0xF8, 0x00, 0x3E, 0x00, 0x0F, 0x80, 0x03, 0xD0, 0x01, 0xF4, 0x00, 0x7D, 0x00, 0x1F,
    0x40, 0x07, 0xD0, 0x01, 0xF4, 0x00, 0x7D, 0x00, 0x2F, 0x00, 0x0B, 0xC0, 0x02, 0xF0, 0x06, 0xFE,
    0x43, 0xFF, 0xF4, 0x00, 0x0A, 0x02, 0x80, 0x00, 0x02, 0xF8, 0xBF, 0x00, 0x00, 0x2F, 0x8B, 0xE0,
    0x00, 0x00, 0x90, 0x18, 0x00, 0x00, 0x00, 0x00, 0x00, 0x00, 0x00, 0x00, 0x00, 0x00, 0x2A, 0xA9,
    0x00, 0xAA, 0x97, 0xFF, 0xD0, 0x1F, 0xFD, 0x0B, 0xE0, 0x00, 0x2D, 0x00, 0x3F, 0x00, 0x03, 0x80,
    0x01, 0xF8, 0x00, 0xB0, 0x00, 0x0F, 0xC0, 0x1E, 0x00, 0x00, 0x7E, 0x03, 0xC0, 0x00, 0x03, 0xF0,
    0x74, 0x00, 0x00, 0x1F, 0x8F, 0x00, 0x00, 0x00, 0xBE, 0xC0, 0x00, 0x00, 0x03, 0xF8, 0x00, 0x00,
    0x00, 0x2F, 0x00, 0x00, 0x00, 0x02, 0xF0, 0x00, 0x00, 0x00, 0x3F, 0x00, 0x00, 0x00, 0x03, 0xF0,
    0x00, 0x00, 0x00, 0x3F, 0x00, 0x00, 0x00, 0x1B, 0xF9, 0x00, 0x00, 0x03, 0xFF, 0xF0, 0x00, 0x00,
    0x00, 0x00, 0x00, 0x00, 0x0B, 0x80, 0x00, 0x00, 0x3F, 0x00, 0x00, 0x02, 0xF0, 0x00, 0x00, 0x0F,
    0x00, 0x00, 0x00, 0xB0, 0x00, 0x00, 0x01, 0x00, 0x00, 0x00, 0x00, 0x00, 0x00, 0x02, 0xFE, 0x03,
    0xD0, 0x3F, 0xAF, 0x1F, 0x02, 0xF0, 0x1D, 0xBC, 0x0F, 0x80, 0x3F, 0xD0, 0x7D, 0x00, 0xBF, 0x02,
    0xF0, 0x02, 0xF8, 0x0B, 0xC0, 0x07, 0xC0, 0x2F, 0x00, 0x1E, 0x00, 0xBC, 0x00, 0xF8, 0x01, 0xF4,
    0x07, 0xF0, 0x03, 0xE0, 0x3B, 0xC0, 0x0B, 0xE7, 0xCF, 0xE8, 0x0B, 0xFD, 0x1F, 0xE0, 0x01, 0x40,
    0x04, 0x00, 0x00, 0x00, 0x00, 0x00, 0x00, 0xF4, 0x00, 0x01, 0xF8, 0x00, 0x03, 0xE0, 0x00, 0x07,
    0xC0, 0x00, 0x0F, 0x00, 0x00, 0x04, 0x00, 0x00, 0x00, 0x00, 0x02, 0xFF, 0xE0, 0x0F, 0xE5, 0xBC,
    0x3F, 0x00, 0x3E, 0x3E, 0x00, 0x7E, 0x3E, 0x00, 0x3C, 0x1F, 0x5E, 0x00, 0x07, 0xFF, 0x00, 0x2F,
    0x1E, 0x00, 0x7D, 0x00, 0x00, 0xBC, 0x00, 0x00, 0xBD, 0x00, 0x2C, 0x3F, 0x9A, 0xF4, 0x1F, 0xFF,
    0xC0, 0x00, 0x54, 0x00, 0x00, 0x00, 0x00, 0x00, 0x00, 0x02, 0xE0, 0x00, 0x00, 0x3F, 0x00, 0x00,
    0x0B, 0xC0, 0x00, 0x00, 0xF0, 0x00, 0x00, 0x2C, 0x00, 0x00, 0x01, 0x00, 0x00, 0x00, 0x00, 0x00,
    0x1F, 0xC0, 0xBF, 0x03, 0xBE, 0x2F, 0xFC, 0x02, 0xE7, 0x8B, 0xC0, 0x1D, 0xF0, 0x7C, 0x01, 0xEC,
    0x07, 0xC0, 0x1F, 0x80, 0x7C, 0x01, 0xF0, 0x07, 0xC0, 0x1E, 0x00, 0xBC, 0x02, 0xD0, 0x0B, 0xC0,
    0x3D, 0x00, 0xFC, 0x07, 0xD0, 0x0F, 0x80, 0x7C, 0x00, 0xF8, 0x0B, 0xC0, 0x0F, 0x40, 0x10, 0x01,
    0xF4, 0x00, 0x00, 0x2F, 0x40, 0x00, 0x03, 0xF0, 0x00, 0x00, 0x3F, 0x00, 0x00, 0x03, 0xF0, 0x00,
    0x00, 0x1A, 0x00, 0x00, 0x00, 0x02, 0xE0, 0x0F, 0xC0, 0xBC, 0x03, 0xC0, 0x2C, 0x00, 0x40, 0x00,
    0x00, 0x2F, 0x00, 0xFC, 0x03, 0xF0, 0x0F, 0xC0, 0x3E, 0x00, 0xF4, 0x03, 0xD0, 0x0F, 0x00, 0x3C,
    0x01, 0xF0, 0x07, 0xC0, 0x0F, 0xE8, 0x2F, 0xF0, 0x04, 0x00, 0x00, 0x00, 0x10, 0x00, 0x00, 0x03,
    0xE0, 0x00, 0x1E, 0x0F, 0x8E, 0x00, 0xFC, 0xBC, 0xFD, 0x03, 0xF3, 0xC3, 0xF4, 0x06, 0x1D, 0x01,
    0x40, 0x00, 0x10, 0x00, 0x00, 0x00, 0x00, 0x00, 0x1F, 0xD0, 0x2F, 0x00, 0xEF, 0x80, 0xFE, 0x00,
    0x3E, 0x01, 0xFC, 0x00, 0xF8, 0x00, 0xF0, 0x07, 0xD0, 0x02, 0xC0, 0x1F, 0x00, 0x0E, 0x00, 0xBC,
    0x00, 0x38, 0x02, 0xF0, 0x00, 0xD0, 0x0F, 0x80, 0x07, 0x00, 0x3E, 0x00, 0x38, 0x00, 0xFC, 0x03,
    0xC0, 0x02, 0xFE, 0xBD, 0x00, 0x02, 0xFF, 0xC0, 0x00, 0x00, 0x50, 0x00, 0x00, 0x00, 0x00, 0x00,
    0x00, 0x0B, 0xF8, 0x0F, 0x40, 0xFE, 0xBC, 0x7C, 0x0B, 0xC0, 0x76, 0xF0, 0x3E, 0x00, 0xFF, 0x41,
    0xF4, 0x02, 0xFC, 0x0B, 0xC0, 0x0B, 0xE0, 0x2F, 0x00, 0x1F, 0x00, 0xBC, 0x00, 0x78, 0x02, 0xF0,
    0x03, 0xE0, 0x07, 0xD0, 0x1F, 0xC0, 0x0F, 0x80, 0xEF, 0x00, 0x2F, 0x9F, 0x3F, 0xA0, 0x2F, 0xF4,
    0x7F, 0x80, 0x05, 0x00, 0x10, 0x00, 0x00, 0x06, 0x90, 0x00, 0x2F, 0xFF, 0x00, 0x2F, 0x03, 0xF0,
    0x2F, 0x00, 0xBC, 0x0F, 0x40, 0x2F, 0x0B, 0xC0, 0x0B, 0xC3, 0xE0, 0x03, 0xF1, 0xF4, 0x02, 0xF4,
    0xBC, 0x02, 0xF8, 0x2F, 0x07, 0xF8, 0x0F, 0xEF, 0xFC, 0x03, 0xFE, 0x47, 0xC0, 0xFC, 0x00, 0xFC,
    0x3F, 0x00, 0x2F, 0x0B, 0xC0, 0x07, 0xD2, 0xF0, 0x01, 0xF4, 0x7D, 0x00, 0xBC, 0x0F, 0xC0, 0x3E,
    0x01, 0xF9, 0x6F, 0x00, 0x1F, 0xFE, 0x00, 0x00, 0x14, 0x00, 0x00, 0x00, 0x00, 0x00, 0x0B, 0xE0,
    0x1F, 0x4E, 0xFD, 0x0B, 0xF0, 0x0F, 0x80, 0xBC, 0x03, 0xF0, 0x0F, 0x00, 0xBC, 0x03, 0xC0, 0x2F,
    0x00, 0xE0, 0x07, 0xC0, 0xB0, 0x01, 0xF0, 0x38, 0x00, 0x7C, 0x2C, 0x00, 0x0F, 0x0D, 0x00, 0x03,
    0xCE, 0x00, 0x00, 0xFE, 0x00, 0x00, 0x3E, 0x00, 0x00, 0x0F, 0x00, 0x00, 0x0B, 0xC0, 0x00, 0x02,
    0xF4, 0x00, 0x00, 0xBC, 0x00, 0x00, 0x0A, 0x00, 0x00, 0x00, 0x06, 0x90, 0x00, 0x1F, 0xFF, 0xC0,
    0x0F, 0x00, 0xF8, 0x0B, 0xC0, 0x3F, 0x02, 0xF0, 0x0F, 0x80, 0x7E, 0x00, 0x40, 0x0F, 0xE0, 0x00,
    0x00, 0xFE, 0x00, 0x00, 0x2F, 0xF0, 0x00, 0x7E, 0xBE, 0x00, 0x7D, 0x0F, 0xD0, 0x3E, 0x00, 0xFC,
    0x2F, 0x00, 0x3F, 0x0F, 0x80, 0x0B, 0xD3, 0xE0, 0x02, 0xF4, 0xF8, 0x00, 0xBC, 0x3E, 0x00, 0x3F,
    0x0B, 0xC0, 0x1F, 0x40, 0xFD, 0x1F, 0x80, 0x0B, 0xFF, 0x40, 0x00, 0x14, 0x00, 0x00, 0x00, 0x00,
    0x00, 0x02, 0xFF, 0xE0, 0x0F, 0xE5, 0xBC, 0x3F, 0x00, 0x3E, 0x3E, 0x00, 0x7E, 0x3E, 0x00, 0x3C,
    0x1F, 0x5E, 0x00, 0x07, 0xFF, 0x00, 0x2F, 0x1E, 0x00, 0x7D, 0x00, 0x00, 0xBC, 0x00, 0x00, 0xBD,
    0x00, 0x2C, 0x3F, 0x9A, 0xF4, 0x1F, 0xFF, 0xC0, 0x00, 0x54, 0x00, 0x09, 0x00, 0x00, 0xFC, 0x00,
    0x83, 0xF0, 0x1F, 0x8B, 0xE1, 0xFE, 0x0B, 0xFF, 0xE0, 0x00, 0xE0, 0x00, 0x0F, 0x00, 0x00, 0xB0,
    0x00, 0x07, 0x80, 0x00, 0x3C, 0x00, 0x02, 0xE0, 0x00, 0x0F, 0x40, 0x00, 0x7C, 0x00, 0x02, 0xF0,
    0x00, 0x0F, 0xC0, 0x00, 0x3F, 0x00, 0x00, 0xBD, 0x00, 0x01, 0xFE, 0x00, 0x02, 0xFF, 0x80, 0x01,
    0xFF, 0xC0, 0x00, 0x7F, 0x80, 0x00, 0x2F, 0x00, 0x00, 0x78, 0x00, 0x01, 0xD0, 0x00, 0x0E, 0x00,
    0x00, 0x20, 0x00, 0x00, 0x00, 0x00, 0x01, 0xFC, 0x0B, 0xF0, 0x3B, 0xE2, 0xFF, 0xC0, 0x2E, 0x78,
    0xBC, 0x01, 0xDF, 0x07, 0xC0, 0x1E, 0xC0, 0x7C, 0x01, 0xF8, 0x07, 0xC0, 0x1F, 0x00, 0x7C, 0x01,
    0xE0, 0x0B, 0xC0, 0x2D, 0x00, 0xBC, 0x03, 0xD0, 0x0F, 0xC0, 0x7D, 0x00, 0xF8, 0x07, 0xC0, 0x0F,
    0x80, 0xBC, 0x00, 0xF4, 0x01, 0x00, 0x1F, 0x40, 0x00, 0x02, 0xF4, 0x00, 0x00, 0x3F, 0x00, 0x00,
    0x03, 0xF0, 0x00, 0x00, 0x3F, 0x00, 0x00, 0x01, 0xA0, 0x00, 0x06, 0x50, 0x00, 0x0B, 0xFF, 0xC0,
    0x02, 0xF0, 0x2F, 0x00, 0x3E, 0x00, 0xF8, 0x07, 0xD0, 0x0B, 0xC0, 0x7D, 0x00, 0x7C, 0x03, 0xE0,
    0x07, 0xD0, 0x3F, 0x00, 0x3D, 0x01, 0xFC, 0x03, 0xD0, 0x07, 0xF4, 0x3D, 0x00, 0x0B, 0xFF, 0xD0,
    0x64, 0x01, 0xBD, 0x7F, 0xD0, 0x07, 0xC1, 0x7E, 0x00, 0x7C, 0x03, 0xD0, 0x0B, 0xC0, 0x7C, 0x00,
    0xF4, 0x07, 0xC0, 0x1F, 0x00, 0x7C, 0x03, 0xE0, 0x03, 0xF5, 0xFC, 0x00, 0x1F, 0xFE, 0x00, 0x00,
    0x05, 0x00, 0x00, 0x2F, 0x00, 0xFC, 0x03, 0xF0, 0x0F, 0xC0, 0x3E, 0x00, 0xF4, 0x03, 0xD0, 0x0F,
    0x00, 0x3C, 0x01, 0xF0, 0x07, 0xC0, 0x0F, 0xE8, 0x2F, 0xF0, 0x04, 0x00, 0x00, 0x00, 0x00, 0x07,
    0xFC, 0x00, 0xBC, 0xBF, 0xD0, 0x7F, 0xD0, 0x7C, 0x1F, 0xF9, 0x0B, 0xC7, 0xF4, 0x00, 0xBC, 0xFC,
    0x00, 0x0F, 0xAF, 0xC0, 0x00, 0xFB, 0xAC, 0x00, 0x0F, 0xF3, 0xC0, 0x01, 0xFD, 0x3C, 0x00, 0x2F,
    0x87, 0xC0, 0x03, 0xF0, 0x3E, 0x00, 0x3E, 0x03, 0xF9, 0x83, 0xC0, 0x1F, 0xF8, 0x00, 0x00, 0x14,
    0x00, 0x01, 0xA4, 0x00, 0x00, 0xFF, 0xF0, 0x00, 0x2F, 0x0B, 0x80, 0x03, 0xF0, 0x7C, 0x00, 0x1F,
    0x03, 0xC0, 0x00, 0x00, 0x3C, 0x00, 0x00, 0x03, 0xD0, 0x00, 0x00, 0x3D, 0x00, 0x00, 0x0B, 0xE0,
    0x00, 0x00, 0xFE, 0x00, 0x00, 0x2F, 0xF0, 0x00, 0x03, 0xDF, 0x00, 0x00, 0xB5, 0xF0, 0x00, 0x0F,
    0x1F, 0x00, 0x02, 0xE0, 0xF0, 0x00, 0x3C, 0x0F, 0x40, 0x0F, 0xC0, 0xF4, 0x01, 0xF4, 0x0F, 0x80,
    0x3F, 0x00, 0xBD, 0x87, 0xD0, 0x03, 0xFC, 0x00, 0x00, 0x04, 0x00, 0x1F, 0x40, 0x3E, 0x01, 0xF4,
    0x03, 0xE0, 0x2F, 0x40, 0x7D, 0x02, 0xF0, 0x07, 0xD0, 0x2F, 0x00, 0x7C, 0x03, 0xF0, 0x07, 0xC0,
    0x3F, 0x00, 0xBC, 0x03, 0xE0, 0x0B, 0xC0, 0x3E, 0x00, 0xFC, 0x03, 0xE0, 0x0F, 0xC0, 0x3E, 0x02,
    0xFC, 0x03, 0xFE, 0xF7, 0xE9, 0x3F, 0xFD, 0x2F, 0xE3, 0xD1, 0x00, 0x50, 0x3E, 0x00, 0x00, 0x03,
    0xE0, 0x00, 0x00, 0x3E, 0x00, 0x00, 0x03, 0xF0, 0x00, 0x00, 0x29, 0x00, 0x00, 0x00, 0x00, 0x00,
    0x00, 0x0B, 0xE0, 0x1F, 0x4E, 0xFD, 0x0B, 0xF0, 0x0F, 0x80, 0xBC, 0x03, 0xF0, 0x0F, 0x00, 0xBC,
    0x03, 0xC0, 0x2F, 0x00, 0xE0, 0x07, 0xC0, 0xB0, 0x01, 0xF0, 0x38, 0x00, 0x7C, 0x2C, 0x00, 0x0F,
    0x0D, 0x00, 0x03, 0xCE, 0x00, 0x00, 0xFE, 0x00, 0x00, 0x3E, 0x00, 0x00, 0x01, 0x00, 0x00, 0x19,
    0x00, 0x00, 0xF8, 0x00, 0x03, 0xE0, 0x2F, 0xCB, 0xEB, 0xFE, 0x06, 0xFF, 0x40, 0x0F, 0xD0, 0x00,
    0xBC, 0x00, 0x03, 0xD0, 0x00, 0x0F, 0x00, 0x00, 0x3D, 0x05, 0x00, 0x3E, 0xFE, 0x00, 0x7F, 0xF8,
    0x0B, 0x86, 0x80, 0x7C, 0x00, 0x03, 0xE0, 0x00, 0x0F, 0x80, 0x00, 0x3F, 0x00, 0x00, 0xFF, 0x40,
    0x00, 0xFF, 0xD0, 0x00, 0xBF, 0xE0, 0x00, 0x2F, 0xD0, 0x00, 0x0F, 0x80, 0x00, 0x2D, 0x00, 0x00,
    0xB0, 0x00, 0x03, 0x40, 0x00, 0x18, 0x00, 0x00, 0x00, 0x00, 0x01, 0xFF, 0x80, 0x0F, 0xEB, 0xF0,
    0x2F, 0x00, 0xF8, 0x3E, 0x00, 0xFC, 0xBD, 0x00, 0xBC, 0xBC, 0x00, 0xBD, 0xFC, 0x00, 0xBD, 0xFC,
    0x00, 0xBC, 0xFC, 0x00, 0xFC, 0xBC, 0x00, 0xF8, 0x7D, 0x01, 0xF4, 0x2F, 0x4B, 0xE0, 0x0B, 0xFF,
    0x40, 0x00, 0x50, 0x00, 0x00, 0x00, 0x00, 0x00, 0x0F, 0xFF, 0xFA, 0xAF, 0xCB, 0xFF, 0xFF, 0xFF,
    0xF2, 0xF4, 0xF5, 0x7E, 0xA0, 0x24, 0x38, 0x0F, 0x00, 0x00, 0x1E, 0x03, 0xC0, 0x00, 0x0B, 0x40,
    0xF0, 0x00, 0x03, 0xC0, 0x7C, 0x00, 0x00, 0xF0, 0x1E, 0x00, 0x00, 0x7C, 0x0B, 0x80, 0x00, 0x2F,
    0x02, 0xE0, 0x00, 0x0F, 0x80, 0xF8, 0x00, 0x03, 0xD0, 0x3F, 0xA0, 0x01, 0xF4, 0x07, 0xFC, 0x00,
    0x00, 0x00, 0x10, 0x00, 0x00, 0x00, 0x00, 0x00, 0xBF, 0xD0, 0x03, 0xFA, 0xF8, 0x0B, 0xC0, 0xBC,
    0x0F, 0x40, 0x3E, 0x2F, 0x00, 0x3E, 0x3E, 0x00, 0x3F, 0x3E, 0x00, 0x3F, 0x3D, 0x00, 0x3E, 0x7D,
    0x00, 0x7D, 0x7C, 0x00, 0xBC, 0xBC, 0x01, 0xF8, 0xBF, 0x47, 0xF0, 0xBE, 0xFF, 0x80, 0xBC, 0x14,
    0x00, 0xBC, 0x00, 0x00, 0xBD, 0x00, 0x00, 0xBD, 0x00, 0x00, 0xBE, 0x00, 0x00, 0x64, 0x00, 0x00,
    0x00, 0x00, 0x00, 0x07, 0xFE, 0x00, 0xBE, 0x6F, 0x0B, 0xD0, 0x3D, 0x3E, 0x01, 0xFA, 0xF0, 0x03,
    0xCB, 0xC0, 0x00, 0x3F, 0x00, 0x00, 0xFC, 0x00, 0x03, 0xF0, 0x00, 0x0B, 0xE0, 0x00, 0x0F, 0xE0,
    0x00, 0x1F, 0xF8, 0x00, 0x1F, 0xFC, 0x00, 0x07, 0xF8, 0x00, 0x02, 0xF0, 0x00, 0x03, 0x80, 0x00,
    0x1D, 0x00, 0x00, 0xF0, 0x00, 0x02, 0x00, 0x00, 0x00, 0x00, 0x00, 0x01, 0xAA, 0x5B, 0xC0, 0x7F,
    0xFF, 0xFF, 0x07, 0xF5, 0x7E, 0xF8, 0x3F, 0x00, 0xBC, 0x01, 0xF4, 0x01, 0xF0, 0x0B, 0xC0, 0x03,
    0xD0, 0x3F, 0x00, 0x0F, 0x80, 0xFC, 0x00, 0x3E, 0x03, 0xF0, 0x00, 0xF4, 0x0B, 0xC0, 0x07, 0xC0,
    0x0F, 0x80, 0x3E, 0x00, 0x2F, 0x87, 0xF0, 0x00, 0x1F, 0xFE, 0x00, 0x00, 0x01, 0x40, 0x00, 0x00,
    0x00, 0x00, 0x00, 0x0F, 0xFF, 0xAB, 0xEB, 0xFF, 0xFF, 0xFA, 0xF0, 0xB9, 0xA8, 0x24, 0x3C, 0x00,
    0x00, 0x0F, 0x00, 0x00, 0x07, 0xC0, 0x00, 0x02, 0xE0, 0x00, 0x00, 0xB8, 0x00, 0x00, 0x3E, 0x00,
    0x00, 0x0F, 0x80, 0x00, 0x03, 0xE0, 0x10, 0x00, 0xFE, 0xBC, 0x00, 0x1F, 0xF8, 0x00, 0x00, 0x50,
    0x00, 0x00, 0x00, 0x00, 0x07, 0xF4, 0x0B, 0xC3, 0xBE, 0x03, 0xF8, 0x0F, 0x80, 0x7F, 0x03, 0xE0,
    0x03, 0xC1, 0xF4, 0x00, 0xB0, 0x7C, 0x00, 0x38, 0x2F, 0x00, 0x0E, 0x0B, 0xC0, 0x03, 0x43, 0xE0,
    0x01, 0xC0, 0xF8, 0x00, 0xE0, 0x3F, 0x00, 0xF0, 0x0B, 0xFA, 0xF4, 0x00, 0xBF, 0xF0, 0x00, 0x01,
    0x40, 0x00, 0x00, 0x00, 0x00, 0x00, 0x00, 0x2C, 0x0B, 0xFC, 0x00, 0x7D, 0x0B, 0xDB, 0xC0, 0x7D,
    0x03, 0xC0, 0xF8, 0x3E, 0x01, 0xF0, 0x2F, 0x1F, 0x40, 0xB8, 0x0B, 0xCB, 0xC0, 0x2E, 0x02, 0xF3,
    0xF0, 0x0F, 0x40, 0xFC, 0xFC, 0x03, 0xC0, 0x3F, 0x3F, 0x00, 0xF0, 0x1F, 0x4B, 0xC0, 0x7C, 0x0F,
    0xC0, 0xF8, 0x2E, 0x0F, 0xC0, 0x2F, 0x9F, 0x9F, 0xC0, 0x01, 0xFF, 0xFF, 0x40, 0x00, 0x01, 0xF4,
    0x00, 0x00, 0x00, 0x3C, 0x00, 0x00, 0x00, 0x1E, 0x00, 0x00, 0x00, 0x0B, 0x80, 0x00, 0x00, 0x02,
    0xD0, 0x00, 0x00, 0x00, 0xA0, 0x00, 0x00, 0x00, 0x00, 0x00, 0x0B, 0xF0, 0x07, 0xD7, 0xFE, 0x03,
    0xFC, 0x0F, 0xC0, 0x7F, 0x01, 0xF4, 0x03, 0x80, 0x3E, 0x01, 0xC0, 0x0F, 0xC0, 0xD0, 0x02, 0xF0,
    0xE0, 0x00, 0x3E, 0xE0, 0x00, 0x0F, 0xE0, 0x00, 0x03, 0xF0, 0x00, 0x03, 0xFD, 0x00, 0x03, 0x8F,
    0x80, 0x03, 0x82, 0xF0, 0x03, 0xC0, 0x7D, 0x01, 0xD0, 0x0F, 0x80, 0xB4, 0x03, 0xF0, 0x3F, 0xC0,
    0xBD, 0x0B, 0xF0, 0x0F, 0xFC, 0xA4, 0x01, 0xA4, 0x00, 0x00, 0x01, 0x00, 0x00, 0x00, 0x00, 0xB0,
    0x00, 0x00, 0x00, 0x0F, 0x00, 0x00, 0x00, 0x00, 0xF0, 0x00, 0x00, 0x00, 0x0E, 0x00, 0x02, 0xFD,
    0x01, 0xE0, 0xF8, 0x3B, 0xE0, 0x2D, 0x1F, 0xD0, 0x3E, 0x02, 0xD0, 0x7D, 0x03, 0xE0, 0x3C, 0x00,
    0xD0, 0x7D, 0x03, 0xC0, 0x0D, 0x07, 0xC0, 0x7C, 0x00, 0xD0, 0xBC, 0x07, 0x80, 0x1C, 0x0F, 0xC0,
    0xB8, 0x02, 0xC0, 0xF8, 0x0F, 0x40, 0x34, 0x0F, 0x80, 0xF0, 0x0F, 0x00, 0xFD, 0x0F, 0x03, 0xD0,
    0x07, 0xFE, 0xFB, 0xF4, 0x00, 0x1F, 0xFF, 0xF8, 0x00, 0x00, 0x07, 0xE0, 0x00, 0x00, 0x00, 0x3D,
    0x00, 0x00, 0x00, 0x03, 0xD0, 0x00, 0x00, 0x00, 0x7C, 0x00, 0x00, 0x00, 0x0B, 0xC0, 0x00, 0x00,
    0x00, 0x64, 0x00, 0x00, 0x00, 0x00, 0x00, 0x00, 0x00, 0x38, 0x00, 0x2F, 0x00, 0x3D, 0x00, 0x0B,
    0xE0, 0x3E, 0x00, 0x00, 0xFC, 0x2F, 0x00, 0x00, 0x2F, 0x4F, 0x80, 0xFC, 0x07, 0xE7, 0xD0, 0x3F,
    0x40, 0xFA, 0xF0, 0x1F, 0xD0, 0x3E, 0xFC, 0x03, 0xF0, 0x0F, 0xBF, 0x00, 0xB4, 0x03, 0xEB, 0xC0,
    0x2D, 0x01, 0xF5, 0xF4, 0x1F, 0xC0, 0xFC, 0x3F, 0xAE, 0x7E, 0xFD, 0x07, 0xFE, 0x0B, 0xFD, 0x00,
    0x14, 0x00, 0x14, 0x00, 0x1E, 0x06, 0x83, 0xF0, 0xFD, 0x3F, 0x0F, 0xD1, 0x90, 0x24, 0x00, 0x00,
    0x00, 0x00, 0x00, 0x02, 0xF0, 0x00, 0x3F, 0x00, 0x03, 0xF0, 0x00, 0x3F, 0x00, 0x03, 0xE0, 0x00,
    0x3D, 0x00, 0x03, 0xD0, 0x00, 0x3C, 0x00, 0x03, 0xC0, 0x00, 0x7C, 0x00, 0x07, 0xC0, 0x00, 0x3F,
    0xA0, 0x02, 0xFF, 0x00, 0x01, 0x00, 0x00, 0xA0, 0x28, 0x00, 0xBE, 0x2F, 0xC0, 0x2F, 0x8B, 0xE0,
    0x02, 0x40, 0x60, 0x00, 0x00, 0x00, 0x00, 0x00, 0x00, 0x01, 0xFD, 0x02, 0xF0, 0xEF, 0x80, 0xFE,
    0x03, 0xE0, 0x1F, 0xC0, 0xF8, 0x00, 0xF0, 0x7D, 0x00, 0x2C, 0x1F, 0x00, 0x0E, 0x0B, 0xC0, 0x03,
    0x82, 0xF0, 0x00, 0xD0, 0xF8, 0x00, 0x70, 0x3E, 0x00, 0x38, 0x0F, 0xC0, 0x3C, 0x02, 0xFE, 0xBD,
    0x00, 0x2F, 0xFC, 0x00, 0x00, 0x50, 0x00, 0x00, 0x00, 0x00, 0x00, 0x01, 0xF0, 0x00, 0x03, 0xF0,
    0x00, 0x07, 0xD0, 0x00, 0x0B, 0x40, 0x00, 0x0D, 0x00, 0x00, 0x04, 0x00, 0x00, 0x00, 0x00, 0x01,
    0xFF, 0x80, 0x0F, 0xEB, 0xF0, 0x2F, 0x00, 0xF8, 0x3E, 0x00, 0xFC, 0xBD, 0x00, 0xBC, 0xBC, 0x00,
    0xBD, 0xFC, 0x00, 0xBD, 0xFC, 0x00, 0xBC, 0xFC, 0x00, 0xFC, 0xBC, 0x00, 0xF8, 0x7D, 0x01, 0xF4,
    0x2F, 0x4B, 0xE0, 0x0B, 0xFF, 0x40, 0x00, 0x50, 0x00, 0x00, 0x00, 0x00, 0x00, 0x00, 0x0F, 0x00,
    0x00, 0x0B, 0xD0, 0x00, 0x03, 0xE0, 0x00, 0x02, 0xE0, 0x00, 0x00, 0xE0, 0x00, 0x00, 0x10, 0x00,
    0x00, 0x00, 0x00, 0x1F, 0xD0, 0x2F, 0x0E, 0xF8, 0x0F, 0xE0, 0x3E, 0x01, 0xFC, 0x0F, 0x80, 0x0F,
    0x07, 0xD0, 0x02, 0xC1, 0xF0, 0x00, 0xE0, 0xBC, 0x00, 0x38, 0x2F, 0x00, 0x0D, 0x0F, 0x80, 0x07,
    0x03, 0xE0, 0x03, 0x80, 0xFC, 0x03, 0xC0, 0x2F, 0xEB, 0xD0, 0x02, 0xFF, 0xC0, 0x00, 0x05, 0x00,
    0x00, 0x00, 0x00, 0x00, 0x00, 0x00, 0x00, 0x02, 0xE0, 0x00, 0x00, 0x00, 0xFC, 0x00, 0x00, 0x00,
    0xBC, 0x00, 0x00, 0x00, 0x3C, 0x00, 0x00, 0x00, 0x1D, 0x00, 0x00, 0x00, 0x01, 0x00, 0x00, 0x00,
    0x00, 0x00, 0x00, 0x00, 0xE0, 0x00, 0xBC, 0x00, 0xF4, 0x00, 0x2F, 0x80, 0xF8, 0x00, 0x03, 0xF0,
    0xBC, 0x00, 0x00, 0xBD, 0x3E, 0x03, 0xF0, 0x1F, 0x9F, 0x40, 0xFD, 0x03, 0xEB, 0xC0, 0x7F, 0x40,
    0xFB, 0xF0, 0x0F, 0xC0, 0x3E, 0xFC, 0x02, 0xD0, 0x0F, 0xAF, 0x00, 0xB4, 0x07, 0xD7, 0xD0, 0x7F,
    0x03, 0xF0, 0xFE, 0xB9, 0xFB, 0xF4, 0x1F, 0xF8, 0x2F, 0xF4, 0x00, 0x50, 0x00, 0x50, 0x00, 0x00,
    0x00, 0x00, 0x07, 0xFC, 0x00, 0xBC, 0xBF, 0xD0, 0x7F, 0xD0, 0x7C, 0x1F, 0xF9, 0x0B, 0xC7, 0xF4,
    0x00, 0xBC, 0xFD, 0x00, 0x0F, 0xAF, 0xD0, 0x00, 0xFB, 0xAD, 0x00, 0x0F, 0xF2, 0xF0, 0x01, 0xFC,
    0x2F, 0x40, 0x2F, 0x80, 0xFC, 0x03, 0xF0, 0x0B, 0xE0, 0x3E, 0x00, 0x3F, 0x43, 0xC0, 0x00, 0xFC,
    0x00, 0x00, 0x0F, 0xC0, 0x00, 0x00, 0xFC, 0x00, 0x00, 0x0F, 0x80, 0x00, 0x07, 0xF0, 0x00, 0x3F,
    0xFC, 0x00, 0x02, 0xA9, 0x00, 0x00, 0x1B, 0xFD, 0x00, 0x00, 0x3F, 0xFF, 0xF4, 0x00, 0x3F, 0x00,
    0x7F, 0x40, 0x3F, 0x00, 0x03, 0xF0, 0x1F, 0x40, 0x00, 0x7E, 0x0F, 0xC0, 0x00, 0x0F, 0xC3, 0xE0,
    0x00, 0x03, 0xF1, 0xF4, 0x00, 0x00, 0xFC, 0xBD, 0x00, 0x00, 0x3F, 0x2F, 0x40, 0x00, 0x0F, 0xCB,
    0xD0, 0x00, 0x03, 0xF1, 0xF8, 0x00, 0x00, 0xFC, 0x7F, 0x02, 0x90, 0x3E, 0x0F, 0xC0, 0xF4, 0x2F,
    0x42, 0xF8, 0x3C, 0x0F, 0xC0, 0x3F, 0x8F, 0x0F, 0xC0, 0x03, 0xFF, 0xEF, 0xC0, 0x00, 0x2F, 0xFF,
    0x80, 0x00, 0x00, 0x7C, 0x00, 0x00, 0x00, 0x1F, 0x00, 0x00, 0x00, 0x07, 0xC0, 0x00, 0x00, 0x01,
    0xF0, 0x00, 0x00, 0x00, 0xBC, 0x00, 0x00, 0x00, 0x15, 0x00, 0x00, 0x00, 0x00, 0x00, 0x01, 0xFF,
    0x80, 0x0F, 0xEB, 0xF0, 0x2F, 0x00, 0xFC, 0x3E, 0x00, 0x7D, 0xBC, 0x00, 0x3E, 0xBC, 0x00, 0x3E,
    0xFC, 0x00, 0x3E, 0xFC, 0x00, 0x3E, 0xBC, 0x00, 0x7D, 0xBD, 0x28, 0xBC, 0x3E, 0x38, 0xF8, 0x2F,
    0xBB, 0xF0, 0x0B, 0xFF, 0x80, 0x00, 0x78, 0x00, 0x00, 0x74, 0x00, 0x00, 0xB4, 0x00, 0x00, 0xB4,
    0x00, 0x00, 0x1B, 0xF9, 0x00, 0x03, 0xFF, 0xFF, 0x00, 0x3F, 0x40, 0x3F, 0x03, 0xF0, 0x00, 0xBC,
    0x2F, 0x40, 0x03, 0xF0, 0xFC, 0x00, 0x06, 0x43, 0xE0, 0x00, 0x00, 0x1F, 0x40, 0x00, 0x00, 0xBD,
    0x00, 0x00, 0x02, 0xF4, 0x00, 0x00, 0x0B, 0xD0, 0x00, 0x00, 0x1F, 0x80, 0x00, 0x00, 0x3F, 0x00,
    0x00, 0x00, 0xFF, 0x00, 0x00, 0x00, 0xFF, 0x80, 0x00, 0x01, 0xFF, 0xF4, 0x00, 0x00, 0xBF, 0xFC,
    0x00, 0x00, 0x2F, 0xF8, 0x00, 0x00, 0x07, 0xF0, 0x00, 0x00, 0x0B, 0xC0, 0x00, 0x00, 0x2E, 0x00,
    0x00, 0x00, 0xF0, 0x00, 0x00, 0x07, 0x00, 0x00, 0x00, 0x00, 0x00, 0x00, 0x00, 0x14, 0x00, 0x00,
    0x2C, 0x00, 0x00, 0x3C, 0x00, 0xBF, 0xFC, 0x0B, 0xFF, 0xF4, 0x1F, 0xD0, 0x00, 0x3E, 0x00, 0x00,
    0x7C, 0x00, 0x00, 0xB8, 0x00, 0x00, 0xF8, 0x00, 0x00, 0xF8, 0x00, 0x00, 0xFC, 0x00, 0x00, 0xBD,
    0x00, 0x00, 0x3F, 0x80, 0x00, 0x1F, 0xF8, 0x00, 0x07, 0xFF, 0x00, 0x00, 0x7F, 0x80, 0x00, 0x0B,
    0xC0, 0x00, 0x07, 0x80, 0x00, 0x07, 0x40, 0x00, 0x0E, 0x00, 0x00, 0x08, 0x00, 0x2A, 0xAA, 0xAA,
    0x43, 0xFF, 0xFF, 0xFC, 0x03, 0xE0, 0x0B, 0xC0, 0x3E, 0x00, 0x3C, 0x03, 0xE0, 0x02, 0xC0, 0x3E,
    0x00, 0x00, 0x07, 0xD0, 0x00, 0x00, 0x7D, 0x00, 0x00, 0x07, 0xFA, 0xA8, 0x00, 0x7F, 0xFF, 0xC0,
    0x07, 0xD0, 0x00, 0x00, 0x7D, 0x00, 0x00, 0x0B, 0xC0, 0x00, 0x00, 0xBC, 0x00, 0x00, 0x0B, 0xC0,
    0x00, 0x00, 0xBC, 0x00, 0x00, 0x5F, 0xE5, 0x00, 0x0F, 0xFF, 0xF0, 0x00, 0x00, 0x06, 0x90, 0x00,
    0x3F, 0xFC, 0x00, 0xF4, 0x3E, 0x02, 0xF0, 0x3E, 0x03, 0xE0, 0x2C, 0x03, 0xE0, 0x00, 0x03, 0xD0,
    0x00, 0x2F, 0xFA, 0x80, 0x7F, 0xFF, 0xC0, 0x07, 0xD0, 0x00, 0x07, 0xD0, 0x00, 0x07, 0xD0, 0x00,
    0x07, 0xD0, 0x00, 0x07, 0xC0, 0x00, 0x0B, 0xC0, 0x00, 0x0B, 0xC0, 0x00, 0x0B, 0xC0, 0x00, 0x0B,
    0xC0, 0x00, 0x0B, 0xC0, 0x00, 0x0B, 0xC0, 0x00, 0x02, 0xF8, 0x00, 0x03, 0xFD, 0x00, 0x00, 0x3D,
    0x00, 0x00, 0x7C, 0x00, 0x00, 0xF8, 0x00, 0x01, 0xF0, 0x1C, 0x03, 0xC1, 0xFE, 0x0B, 0x5F, 0xFC,
    0x1F, 0xFF, 0xF4, 0x3F, 0xF5, 0xE0, 0xFF, 0x43, 0xC0, 0x78, 0x0F, 0x40, 0x00, 0x2E, 0x00, 0x00,
    0x7C, 0x00, 0x00, 0xBC, 0x00, 0x00, 0xBE, 0x80, 0x00, 0x7F, 0x80, 0x00, 0x04, 0x00, 0x00, 0x00,
    0x00, 0x7F, 0x40, 0x0A, 0xFC, 0x00, 0x0F, 0x80, 0x01, 0xF0, 0x00, 0x3D, 0x00, 0x0F, 0x80, 0x02,
    0xF5, 0x54, 0x7F, 0xFF, 0xEB, 0xFF, 0xFC, 0x00, 0x1F, 0x00, 0x03, 0xD0, 0x00, 0xF8, 0x00, 0x2F,
    0x00, 0x03, 0xF0, 0x00, 0x2F, 0xE0, 0x00, 0x64, 0x00, 0x00, 0xFE, 0x90, 0x00, 0x00, 0x0F, 0xFF,
    0xE0, 0x00, 0x00, 0x05, 0xFF, 0xD0, 0x00, 0x00, 0x00, 0xFF, 0x40, 0x00, 0x00, 0x3F, 0xFC, 0x00,
    0x00, 0x1F, 0xD7, 0xE0, 0x00, 0x0B, 0xF0, 0x2F, 0x00, 0x03, 0xF8, 0x01, 0xF8, 0x12, 0xFD, 0x00,
    0x7F, 0xC3, 0xFE, 0x00, 0x3F, 0xFC, 0x1F, 0x40, 0x1F, 0xD7, 0xC0, 0xE0, 0x0B, 0xF0, 0x7C, 0x02,
    0x03, 0xF8, 0x07, 0xC0, 0x1E, 0xFC, 0x00, 0x7C, 0x00, 0xFE, 0x00, 0x07, 0xC0, 0x07, 0x80, 0x00,
    0xBC, 0x00, 0x28, 0x00, 0x0B, 0xC0, 0x00, 0x00, 0x00, 0x00, 0x00, 0x00, 0x00, 0x00, 0x0F, 0x80,
    0x00, 0x00, 0xBF, 0x80, 0x00, 0x00, 0x7F, 0x00, 0x00, 0x00, 0xFC, 0x00, 0x00, 0x03, 0xF0, 0x00,
    0x00, 0x7F, 0x40, 0x01, 0xBF, 0xFC, 0x36, 0xFF, 0x4B, 0xC2, 0xFE, 0x00, 0x7D, 0x1D, 0x00, 0x07,
    0xD0, 0xC0, 0x07, 0xFD, 0x01, 0x0B, 0xFF, 0xD0, 0x7F, 0xF8, 0x3D, 0x03, 0xE4, 0x03, 0xC0, 0x28,
    0x00, 0x7C, 0x00, 0x40, 0x0B, 0x80, 0x00, 0x00, 0xF4, 0x00, 0x00, 0x0F, 0x00, 0x00, 0x01, 0xE0,
    0x00, 0x00, 0x00, 0x00, 0x00, 0xA0, 0x2D, 0x00, 0x2F, 0x87, 0xF0, 0x02, 0xF8, 0x7F, 0x00, 0x05,
    0x01, 0x80, 0x00, 0x00, 0x00, 0x00, 0x00, 0x00, 0x00, 0x2A, 0xAA, 0xAA, 0x43, 0xFF, 0xFF, 0xFC,
    0x03, 0xE0, 0x0B, 0xC0, 0x3E, 0x00, 0x3C, 0x03, 0xE0, 0x02, 0xC0, 0x3E, 0x00, 0x00, 0x07, 0xD0,
    0x00, 0x00, 0x7D, 0x00, 0x00, 0x07, 0xFF, 0xFD, 0x00, 0x7F, 0xFF, 0xD0, 0x07, 0xD0, 0x00, 0x00,
    0x7D, 0x00, 0x00, 0x0B, 0xC0, 0x00, 0x00, 0xBC, 0x00, 0x18, 0x0B, 0xC0, 0x03, 0xC0, 0xBC, 0x00,
    0x7C, 0x6F, 0xEA, 0xAF, 0xCF, 0xFF, 0xFF, 0xF8, 0x1A, 0xAA, 0xAA, 0xA9, 0x00, 0xBF, 0xFF, 0xFF,
    0xFC, 0x03, 0xE0, 0x7D, 0x02, 0xF0, 0x0F, 0x01, 0xF4, 0x03, 0xC0, 0x38, 0x07, 0xD0, 0x0B, 0x00,
    0x00, 0x1F, 0x40, 0x00, 0x00, 0x00, 0x7C, 0x00, 0x00, 0x00, 0x02, 0xF0, 0x6F, 0x80, 0x00, 0x0B,
    0xEF, 0xFF, 0xE0, 0x00, 0x2F, 0xD0, 0x1F, 0xD0, 0x00, 0xBC, 0x00, 0x1F, 0x80, 0x02, 0xF0, 0x00,
    0x3F, 0x00, 0x0B, 0xC0, 0x00, 0xFC, 0x00, 0x3F, 0x00, 0x03, 0xF0, 0x00, 0xFC, 0x00, 0x0F, 0x80,
    0x03, 0xF0, 0x00, 0x7C, 0x00, 0x6F, 0xE4, 0x03, 0xE0, 0x07, 0xFF, 0xF0, 0x1F, 0x00, 0x00, 0x00,
    0x00, 0xF0, 0x00, 0x00, 0x00, 0x0F, 0x00, 0x00, 0x00, 0x00, 0x10, 0x00, 0x00, 0x00, 0x00, 0x00,
    0x00, 0x2E, 0x00, 0x00, 0x2F, 0x80, 0x00, 0x3F, 0x40, 0x00, 0x2D, 0x00, 0x00, 0x00, 0x00, 0x02,
    0xAA, 0xAA, 0xA4, 0xFF, 0xFF, 0xFE, 0x03, 0xE0, 0x0F, 0x80, 0xF8, 0x00, 0xE0, 0x3E, 0x00, 0x3C,
    0x0F, 0x80, 0x00, 0x03, 0xE0, 0x00, 0x00, 0xF8, 0x00, 0x00, 0x7D, 0x00, 0x00, 0x1F, 0x40, 0x00,
    0x07, 0xD0, 0x00, 0x01, 0xF4, 0x00, 0x00, 0x7D, 0x00, 0x00, 0x1F, 0x00, 0x00, 0x0B, 0xC0, 0x00,
    0x02, 0xF0, 0x00, 0x05, 0xFE, 0x50, 0x03, 0xFF, 0xFC, 0x00, 0x00, 0x1B, 0xF9, 0x00, 0x03, 0xFF,
    0xFF, 0x00, 0x3F, 0x40, 0x3F, 0x03, 0xF0, 0x00, 0xBC, 0x2F, 0x40, 0x03, 0xF0, 0xFC, 0x00, 0x06,
    0x43, 0xE0, 0x00, 0x00, 0x1F, 0x40, 0x00, 0x00, 0xBF, 0xFF, 0xFD, 0x02, 0xFF, 0xFF, 0xF4, 0x0B,
    0xD0, 0x00, 0x00, 0x1F, 0x40, 0x00, 0x00, 0x7E, 0x00, 0x00, 0x00, 0xFC, 0x00, 0x00, 0x02, 0xF8,
    0x00, 0x0E, 0x03, 0xF4, 0x01, 0xF4, 0x07, 0xFE, 0xBF, 0x40, 0x02, 0xFF, 0xE0, 0x00, 0x00, 0x54,
    0x00, 0x00, 0x00, 0xBF, 0x90, 0x0B, 0xFF, 0xF8, 0x1F, 0x00, 0x7C, 0x3D, 0x00, 0x7D, 0x3C, 0x00,
    0xBC, 0x3E, 0x00, 0x00, 0x3F, 0x80, 0x00, 0x1F, 0xF4, 0x00, 0x07, 0xFF, 0x00, 0x00, 0xFF, 0xE0,
    0x00, 0x1F, 0xF8, 0x00, 0x01, 0xFC, 0x00, 0x00, 0x7D, 0x78, 0x00, 0x3D, 0xFD, 0x00, 0x7C, 0xFC,
    0x00, 0xF8, 0xBF, 0x5B, 0xF0, 0x1F, 0xFF, 0x80, 0x00, 0x50, 0x00, 0x2A, 0xA9, 0x3F, 0xFE, 0x03,
    0xE0, 0x03, 0xE0, 0x03, 0xE0, 0x03, 0xE0, 0x03, 0xD0, 0x07, 0xD0, 0x07, 0xD0, 0x07, 0xD0, 0x07,
    0xD0, 0x07, 0xD0, 0x07, 0xD0, 0x0B, 0xC0, 0x0B, 0xC0, 0x0B, 0xC0, 0x6F, 0xE4, 0xFF, 0xFD, 0x28,
    0x0A, 0x2F, 0x8B, 0xFB, 0xE2, 0xF8, 0x90, 0x18, 0x00, 0x00, 0x00, 0x00, 0x02, 0xAA, 0x90, 0xFF,
    0xF8, 0x03, 0xE0, 0x00, 0xF8, 0x00, 0x3E, 0x00, 0x0F, 0x80, 0x03, 0xD0, 0x01, 0xF4, 0x00, 0x7D,
    0x00, 0x1F, 0x40, 0x07, 0xD0, 0x01, 0xF4, 0x00, 0x7D, 0x00, 0x2F, 0x00, 0x0B, 0xC0, 0x02, 0xF0,
    0x06, 0xFE, 0x43, 0xFF, 0xF4, 0x1A, 0xAA, 0x47, 0xFF, 0xE0, 0x0F, 0x80, 0x03, 0xE0, 0x00, 0xF8,
    0x00, 0x3E, 0x00, 0x0F, 0x40, 0x07, 0xD0, 0x01, 0xF4, 0x00, 0x7D, 0x00, 0x1F, 0x40, 0x07, 0xD0,
    0x01, 0xF4, 0x00, 0xBC, 0x00, 0x2F, 0x00, 0x0B, 0xC0, 0x02, 0xF0, 0x00, 0xFC, 0x00, 0x3F, 0x00,
    0x0F, 0x40, 0x0B, 0xC0, 0x07, 0xC0, 0x03, 0xC0, 0x00, 0x40, 0x00, 0x00, 0x2A, 0xAA, 0xAA, 0x90,
    0x00, 0x00, 0x7F, 0xFF, 0xFF, 0xE0, 0x00, 0x00, 0x07, 0x80, 0x7E, 0x00, 0x00, 0x00, 0x07, 0x40,
    0x3E, 0x00, 0x00, 0x00, 0x07, 0x40, 0x3E, 0x00, 0x00, 0x00, 0x07, 0x40, 0x7D, 0x00, 0x00, 0x00,
    0x0B, 0x00, 0x7D, 0x00, 0x00, 0x00, 0x0B, 0x00, 0x7D, 0x00, 0x00, 0x00, 0x0F, 0x00, 0x7D, 0xFF,
    0xD0, 0x00, 0x0E, 0x00, 0x7D, 0x57, 0xF8, 0x00, 0x0E, 0x00, 0x7D, 0x00, 0xBD, 0x00, 0x1D, 0x00,
    0xBC, 0x00, 0x7E, 0x00, 0x2C, 0x00, 0xBC, 0x00, 0x3F, 0x00, 0x3C, 0x00, 0xBC, 0x00, 0x7E, 0x24,
    0x78, 0x00, 0xBC, 0x00, 0xBD, 0x7D, 0xF0, 0x00, 0xBC, 0x01, 0xFC, 0xBF, 0xE0, 0x06, 0xFE, 0xAF,
    0xF0, 0x3F, 0x80, 0x0F, 0xFF, 0xFE, 0x40, 0x04, 0x00, 0x00, 0x00, 0x00, 0x00, 0x2A, 0xA9, 0x02,
    0xAA, 0x90, 0x00, 0x3F, 0xFE, 0x03, 0xFF, 0xE0, 0x00, 0x03, 0xE0, 0x00, 0x7E, 0x00, 0x00, 0x03,
    0xE0, 0x00, 0x7D, 0x00, 0x00, 0x03, 0xE0, 0x00, 0x7D, 0x00, 0x00, 0x03, 0xE0, 0x00, 0x7D, 0x00,
    0x00, 0x07, 0xD0, 0x00, 0x7D, 0x00, 0x00, 0x07, 0xD0, 0x00, 0x7D, 0x00, 0x00, 0x07, 0xFF, 0xFF,
    0xFD, 0xFF, 0xD0, 0x07, 0xFF, 0xFF, 0xFC, 0x57, 0xF8, 0x07, 0xD0, 0x00, 0xBC, 0x00, 0xFD, 0x07,
    0xD0, 0x00, 0xBC, 0x00, 0x7E, 0x0B, 0xC0, 0x00, 0xBC, 0x00, 0x3E, 0x0B, 0xC0, 0x00, 0xBC, 0x00,
    0x7E, 0x0B, 0xC0, 0x00, 0xBC, 0x00, 0xBD, 0x0B, 0xC0, 0x00, 0xFC, 0x01, 0xFC, 0x5F, 0xE4, 0x06,
    0xFE, 0xAF, 0xE0, 0xFF, 0xFD, 0x0F, 0xFF, 0xFE, 0x40, 0x1A, 0xAA, 0xAA, 0xA9, 0x00, 0x02, 0xFF,
    0xFF, 0xFF, 0xF0, 0x00, 0x3E, 0x07, 0xD0, 0x2F, 0x00, 0x03, 0xC0, 0x7D, 0x00, 0xF0, 0x00, 0x38,
    0x07, 0xD0, 0x0B, 0x00, 0x00, 0x00, 0x7D, 0x00, 0x00, 0x00, 0x00, 0x0B, 0xC0, 0x04, 0x00, 0x00,
    0x00, 0xBC, 0x6F, 0xFD, 0x00, 0x00, 0x0B, 0xFF, 0xAB, 0xF4, 0x00, 0x00, 0xBF, 0x40, 0x0F, 0xC0,
    0x00, 0x0B, 0xC0, 0x00, 0xBC, 0x00, 0x00, 0xBC, 0x00, 0x0B, 0xC0, 0x00, 0x0F, 0xC0, 0x00, 0xBC,
    0x00, 0x00, 0xFC, 0x00, 0x0B, 0xC0, 0x00, 0x0F, 0xC0, 0x00, 0xFC, 0x00, 0x00, 0xFC, 0x00, 0x0F,
    0xC0, 0x00, 0x6F, 0xE4, 0x06, 0xFE, 0x40, 0x0F, 0xFF, 0xC0, 0xFF, 0xFC, 0x00, 0x00, 0x00, 0x00,
    0x00, 0x00, 0x00, 0xF4, 0x00, 0x00, 0x00, 0x3F, 0x40, 0x00, 0x00, 0x0F, 0xD0, 0x00, 0x00, 0x03,
    0xD0, 0x00, 0x00, 0x00, 0x00, 0x00, 0x00, 0x2A, 0xAA, 0x00, 0x68, 0x03, 0xFF, 0xF0, 0x1F, 0xE0,
    0x03, 0xE0, 0x03, 0xFE, 0x00, 0x3E, 0x00, 0x70, 0x80, 0x03, 0xE0, 0x0E, 0x00, 0x00, 0x3E, 0x01,
    0xC0, 0x00, 0x03, 0xE0, 0x38, 0x00, 0x00, 0x3E, 0x1F, 0x00, 0x00, 0x07, 0xDF, 0xC0, 0x00, 0x00,
    0x7D, 0x6F, 0xC0, 0x00, 0x07, 0xD0, 0x7F, 0x00, 0x00, 0x7D, 0x02, 0xF4, 0x00, 0x07, 0xD0, 0x1F,
    0x80, 0x00, 0xBD, 0x00, 0xFC, 0x00, 0x0B, 0xC0, 0x0B, 0xE0, 0x00, 0xBC, 0x00, 0x3F, 0x00, 0x5F,
    0xE4, 0x02, 0xFE, 0x8F, 0xFF, 0xD0, 0x0F, 0xF8, 0x00, 0x00, 0x00, 0x14, 0x00, 0x00, 0x00, 0x00,
    0x00, 0x00, 0x00, 0xB4, 0x00, 0x00, 0x00, 0x0F, 0xE0, 0x00, 0x00, 0x00, 0x2F, 0x80, 0x00, 0x00,
    0x00, 0x2E, 0x00, 0x00, 0x00, 0x00, 0x00, 0x00, 0x2A, 0xA9, 0x02, 0xAA, 0xA3, 0xFF, 0xE0, 0x3F,
    0xFF, 0x03, 0xE0, 0x00, 0x3F, 0x00, 0x3E, 0x00, 0x03, 0xE0, 0x03, 0xE0, 0x00, 0x7E, 0x00, 0x3E,
    0x00, 0x1F, 0xE0, 0x07, 0xE0, 0x07, 0xFE, 0x00, 0x7D, 0x01, 0xF7, 0xE0, 0x07, 0xD0, 0x7C, 0x7D,
    0x00, 0x7D, 0x1F, 0x07, 0xD0, 0x07, 0xD7, 0xC0, 0x7D, 0x00, 0x7E, 0xF0, 0x07, 0xD0, 0x0B, 0xFC,
    0x00, 0x7D, 0x00, 0xBF, 0x00, 0x07, 0xD0, 0x0B, 0xC0, 0x00, 0xBC, 0x00, 0xBC, 0x00, 0x0B, 0xC0,
    0x5F, 0xE4, 0x01, 0xFE, 0x4F, 0xFF, 0xD0, 0xBF, 0xFD, 0x00, 0x0B, 0x00, 0x00, 0x00, 0x01, 0xF4,
    0x1E, 0x00, 0x00, 0x1F, 0xEF, 0x80, 0x00, 0x00, 0x7F, 0x90, 0x00, 0x00, 0x00, 0x00, 0x00, 0x02,
    0xAA, 0x90, 0x1A, 0xA8, 0x7F, 0xFD, 0x03, 0xFF, 0xC0, 0x7E, 0x00, 0x03, 0xC0, 0x03, 0xF0, 0x00,
    0x78, 0x00, 0x1F, 0x40, 0x0B, 0x00, 0x00, 0xFC, 0x00, 0xE0, 0x00, 0x0B, 0xD0, 0x2C, 0x00, 0x00,
    0x3E, 0x03, 0xC0, 0x00, 0x02, 0xF0, 0x74, 0x00, 0x00, 0x0F, 0x8F, 0x00, 0x00, 0x00, 0xFD, 0xD0,
    0x00, 0x00, 0x07, 0xFC, 0x00, 0x00, 0x00, 0x3F, 0x40, 0x00, 0x00, 0x01, 0xF0, 0x00, 0x00, 0x24,
    0x1D, 0x00, 0x00, 0x0B, 0xC3, 0xC0, 0x00, 0x00, 0xFF, 0xF0, 0x00, 0x00, 0x07, 0xFC, 0x00, 0x00,
    0x00, 0x04, 0x00, 0x00, 0x00, 0x2A, 0xA9, 0x02, 0xAA, 0x97, 0xFF, 0xE0, 0x3F, 0xFE, 0x03, 0xE0,
    0x00, 0x3E, 0x00, 0x3E, 0x00, 0x03, 0xE0, 0x03, 0xE0, 0x00, 0x3E, 0x00, 0x3E, 0x00, 0x03, 0xE0,
    0x07, 0xD0, 0x00, 0x3E, 0x00, 0x7D, 0x00, 0x07, 0xE0, 0x07, 0xD0, 0x00, 0x7D, 0x00, 0x7D, 0x00,
    0x07, 0xD0, 0x07, 0xD0, 0x00, 0x7D, 0x00, 0x7D, 0x00, 0x07, 0xD0, 0x0B, 0xC0, 0x00, 0x7D, 0x00,
    0xBC, 0x00, 0x07, 0xD0, 0x0B, 0xC0, 0x00, 0xBC, 0x00, 0xBC, 0x00, 0x0B, 0xC0, 0x6F, 0xEA, 0xAA,
    0xFE, 0x4F, 0xFF, 0xFF, 0xFF, 0xFD, 0x00, 0x01, 0xF0, 0x00, 0x00, 0x00, 0x1F, 0x00, 0x00, 0x00,
    0x00, 0xE0, 0x00, 0x00, 0x00, 0x0D, 0x00, 0x00, 0x00, 0x00, 0x68, 0x00, 0x00, 0x00, 0x1F, 0xD0,
    0x00, 0x00, 0x02, 0xFE, 0x00, 0x00, 0x00, 0x3B, 0xF0, 0x00, 0x00, 0x07, 0x6F, 0x00, 0x00, 0x00,
    0xB1, 0xF4, 0x00, 0x00, 0x0E, 0x0F, 0xC0, 0x00, 0x01, 0xC0, 0xFC, 0x00, 0x00, 0x3C, 0x0B, 0xD0,
    0x00, 0x03, 0x80, 0x7E, 0x00, 0x00, 0xB5, 0x57, 0xF0, 0x00, 0x0F, 0xFF, 0xFF, 0x00, 0x01, 0xE5,
    0x56, 0xF4, 0x00, 0x2C, 0x00, 0x1F, 0x80, 0x03, 0xC0, 0x00, 0xFC, 0x00, 0x74, 0x00, 0x0B, 0xD0,
    0x1F, 0x90, 0x01, 0xFF, 0x4B, 0xFF, 0x40, 0xBF, 0xFE, 0x2A, 0xAA, 0xAA, 0x40, 0xFF, 0xFF, 0xFE,
    0x00, 0x3F, 0x00, 0xBC, 0x00, 0xFC, 0x00, 0xF0, 0x03, 0xE0, 0x02, 0xC0, 0x0F, 0x80, 0x00, 0x00,
    0x3E, 0x00, 0x00, 0x00, 0xF8, 0x00, 0x00, 0x03, 0xEB, 0xFE, 0x00, 0x0F, 0x95, 0xBF, 0x00, 0x7D,
    0x00, 0x7F, 0x01, 0xF4, 0x00, 0xFC, 0x07, 0xD0, 0x02, 0xF0, 0x1F, 0x40, 0x0F, 0xC0, 0x7D, 0x00,
    0x3F, 0x01, 0xF4, 0x03, 0xF0, 0x5F, 0xEA, 0xBF, 0x43, 0xFF, 0xFF, 0x90, 0x00, 0x1A, 0xAA, 0x50,
    0x00, 0xFF, 0xFF, 0xFC, 0x00, 0x3F, 0x01, 0xFC, 0x00, 0xFC, 0x02, 0xF4, 0x03, 0xE0, 0x07, 0xE0,
    0x0F, 0x80, 0x1F, 0x40, 0x3E, 0x00, 0xF8, 0x00, 0xF8, 0x0B, 0x80, 0x03, 0xE2, 0xF4, 0x00, 0x0F,
    0x9B, 0xFD, 0x00, 0x7D, 0x00, 0xBD, 0x01, 0xF4, 0x00, 0xFC, 0x07, 0xD0, 0x02, 0xF0, 0x1F, 0x40,
    0x0B, 0xC0, 0x7D, 0x00, 0x3F, 0x01, 0xF4, 0x03, 0xF4, 0x5F, 0xEA, 0xBF, 0x43, 0xFF, 0xFF, 0x90,
    0x00, 0x2A, 0xAA, 0xAA, 0x4F, 0xFF, 0xFF, 0xE0, 0x3E, 0x00, 0xF8, 0x0F, 0x80, 0x0E, 0x03, 0xE0,
    0x03, 0xC0, 0xF8, 0x00, 0x00, 0x3E, 0x00, 0x00, 0x0F, 0x80, 0x00, 0x07, 0xD0, 0x00, 0x01, 0xF4,
    0x00, 0x00, 0x7D, 0x00, 0x00, 0x1F, 0x40, 0x00, 0x07, 0xD0, 0x00, 0x01, 0xF0, 0x00, 0x00, 0xBC,
    0x00, 0x00, 0x2F, 0x00, 0x00, 0x5F, 0xE5, 0x00, 0x3F, 0xFF, 0xC0, 0x00, 0x00, 0xAA, 0xAA, 0xAA,
    0x80, 0x0F, 0xFF, 0xFF, 0xFC, 0x00, 0x1E, 0x00, 0xFC, 0x00, 0x01, 0xE0, 0x0F, 0xC0, 0x00, 0x1E,
    0x00, 0xFC, 0x00, 0x01, 0xD0, 0x0F, 0xC0, 0x00, 0x2D, 0x00, 0xFC, 0x00, 0x02, 0xC0, 0x0F, 0xC0,
    0x00, 0x3C, 0x00, 0xF8, 0x00, 0x03, 0xC0, 0x0F, 0x80, 0x00, 0x38, 0x00, 0xF8, 0x00, 0x07, 0x40,
    0x0F, 0x80, 0x00, 0xB4, 0x00, 0xF8, 0x00, 0x0F, 0x00, 0x0F, 0x80, 0x01, 0xE0, 0x01, 0xF4, 0x00,
    0x2C, 0x00, 0x1F, 0x40, 0x6B, 0xEA, 0xAB, 0xFE, 0x87, 0xFF, 0xFF, 0xFF, 0xFC, 0x7C, 0x00, 0x00,
    0x07, 0xCB, 0x80, 0x00, 0x00, 0x3C, 0xB4, 0x00, 0x00, 0x03, 0x8B, 0x00, 0x00, 0x00, 0x38, 0x2A,
    0xAA, 0xAA, 0x43, 0xFF, 0xFF, 0xFC, 0x03, 0xE0, 0x0B, 0xC0, 0x3E, 0x00, 0x3C, 0x03, 0xE0, 0x02,
    0xC0, 0x3E, 0x00, 0x00, 0x07, 0xD0, 0x00, 0x00, 0x7D, 0x00, 0x00, 0x07, 0xFF, 0xFD, 0x00, 0x7F,
    0xFF, 0xD0, 0x07, 0xD0, 0x00, 0x00, 0x7D, 0x00, 0x00, 0x0B, 0xC0, 0x00, 0x00, 0xBC, 0x00, 0x18,
    0x0B, 0xC0, 0x03, 0xC0, 0xBC, 0x00, 0x7C, 0x6F, 0xEA, 0xAF, 0xCF, 0xFF, 0xFF, 0xF8, 0x02, 0x90,
    0x06, 0xAA, 0x80, 0x1A, 0x00, 0x1F, 0xD0, 0x3F, 0xFF, 0x01, 0xFE, 0x00, 0x7F, 0xC0, 0x0F, 0xC0,
    0x0F, 0xF4, 0x00, 0x87, 0x40, 0x3F, 0x00, 0xB0, 0x80, 0x00, 0x0E, 0x00, 0xFC, 0x03, 0x80, 0x00,
    0x00, 0x2C, 0x03, 0xF0, 0x2C, 0x00, 0x00, 0x00, 0x38, 0x0F, 0x80, 0xE0, 0x00, 0x00, 0x00, 0x78,
    0x3E, 0x0F, 0x00, 0x00, 0x00, 0x00, 0xBF, 0xFF, 0xF4, 0x00, 0x00, 0x00, 0x0F, 0xEB, 0xF6, 0xFC,
    0x00, 0x00, 0x00, 0xFC, 0x0F, 0x80, 0xFC, 0x00, 0x00, 0x0B, 0xD0, 0x3E, 0x02, 0xF4, 0x00, 0x00,
    0x3F, 0x01, 0xF4, 0x03, 0xF0, 0x00, 0x02, 0xF4, 0x07, 0xD0, 0x0F, 0xD0, 0x00, 0x0F, 0xC0, 0x1F,
    0x40, 0x1F, 0x80, 0x00, 0xBD, 0x00, 0x7D, 0x00, 0x3F, 0x00, 0xAB, 0xF0, 0x07, 0xF9, 0x40, 0xBF,
    0xA1, 0xFF, 0x00, 0xBF, 0xFE, 0x00, 0xFF, 0x40, 0x10, 0x00, 0x00, 0x00, 0x00, 0x10, 0x00, 0x00,
    0x1B, 0xF8, 0x00, 0x1F, 0xFF, 0xF0, 0x07, 0xD0, 0x3F, 0x80, 0xF0, 0x00, 0xFC, 0x00, 0x00, 0x0F,
    0xC0, 0x00, 0x00, 0xF8, 0x00, 0x00, 0x2F, 0x00, 0x00, 0x1F, 0xC0, 0x00, 0xFF, 0xD0, 0x00, 0x0E,
    0xAF, 0xE0, 0x00, 0x00, 0x1F, 0xC0, 0x00, 0x00, 0xFD, 0x00, 0x00, 0x0B, 0xD2, 0xF0, 0x00, 0xBD,
    0x3F, 0x00, 0x0F, 0xC3, 0xF0, 0x02, 0xF4, 0x1F, 0x95, 0xFE, 0x00, 0x7F, 0xFF, 0x40, 0x00, 0x14,
    0x00, 0x00, 0x2A, 0xA9, 0x02, 0xAA, 0xA3, 0xFF, 0xE0, 0x3F, 0xFF, 0x03, 0xE0, 0x00, 0x3F, 0x00,
    0x3E, 0x00, 0x03, 0xE0, 0x03, 0xE0, 0x00, 0x7E, 0x00, 0x3E, 0x00, 0x1F, 0xE0, 0x07, 0xE0, 0x07,
    0xFE, 0x00, 0x7D, 0x01, 0xF7, 0xE0, 0x07, 0xD0, 0x7C, 0x7D, 0x00, 0x7D, 0x1F, 0x07, 0xD0, 0x07,
    0xD7, 0xC0, 0x7D, 0x00, 0x7E, 0xF0, 0x07, 0xD0, 0x0B, 0xFC, 0x00, 0x7D, 0x00, 0xBF, 0x00, 0x07,
    0xD0, 0x0B, 0xC0, 0x00, 0xBC, 0x00, 0xBC, 0x00, 0x0B, 0xC0, 0x5F, 0xE4, 0x01, 0xFE, 0x4F, 0xFF,
    0xD0, 0xBF, 0xFD, 0x00, 0x07, 0x40, 0x00, 0x00, 0x00, 0xF8, 0x0F, 0x00, 0x00, 0x0F, 0xEB, 0xC0,
    0x00, 0x00, 0x7F, 0xD0, 0x00, 0x00, 0x00, 0x00, 0x00, 0x02, 0xAA, 0x90, 0x2A, 0xAA, 0x3F, 0xFE,
    0x03, 0xFF, 0xF0, 0x3E, 0x00, 0x03, 0xF0, 0x03, 0xE0, 0x00, 0x3E, 0x00, 0x3E, 0x00, 0x07, 0xE0,
    0x03, 0xE0, 0x01, 0xFE, 0x00, 0x7E, 0x00, 0x7F, 0xE0, 0x07, 0xD0, 0x1F, 0x7E, 0x00, 0x7D, 0x07,
    0xC7, 0xD0, 0x07, 0xD1, 0xF0, 0x7D, 0x00, 0x7D, 0x7C, 0x07, 0xD0, 0x07, 0xEF, 0x00, 0x7D, 0x00,
    0xBF, 0xC0, 0x07, 0xD0, 0x0B, 0xF0, 0x00, 0x7D, 0x00, 0xBC, 0x00, 0x0B, 0xC0, 0x0B, 0xC0, 0x00,
    0xBC, 0x05, 0xFE, 0x40, 0x1F, 0xE4, 0xFF, 0xFD, 0x0B, 0xFF, 0xD0, 0x2A, 0xAA, 0x00, 0x68, 0x03,
    0xFF, 0xF0, 0x1F, 0xE0, 0x03, 0xE0, 0x03, 0xFE, 0x00, 0x3E, 0x00, 0x70, 0x80, 0x03, 0xE0, 0x0E,
    0x00, 0x00, 0x3E, 0x01, 0xC0, 0x00, 0x03, 0xE0, 0x38, 0x00, 0x00, 0x3E, 0x1F, 0x00, 0x00, 0x07,
    0xDF, 0xC0, 0x00, 0x00, 0x7D, 0x6F, 0xC0, 0x00, 0x07, 0xD0, 0x7F, 0x00, 0x00, 0x7D, 0x02, 0xF4,
    0x00, 0x07, 0xD0, 0x1F, 0x80, 0x00, 0xBD, 0x00, 0xFC, 0x00, 0x0B, 0xC0, 0x0B, 0xE0, 0x00, 0xBC,
    0x00, 0x3F, 0x00, 0x5F, 0xE4, 0x02, 0xFE, 0x8F, 0xFF, 0xD0, 0x0F, 0xF8, 0x00, 0x00, 0x00, 0x14,
    0x00, 0x00, 0x2A, 0xAA, 0xAA, 0xA0, 0x01, 0xFF, 0xFF, 0xFF, 0xC0, 0x00, 0x78, 0x03, 0xF0, 0x00,
    0x01, 0xD0, 0x0F, 0x80, 0x00, 0x07, 0x40, 0x3E, 0x00, 0x00, 0x2C, 0x00, 0xF8, 0x00, 0x00, 0xB0,
    0x03, 0xE0, 0x00, 0x03, 0xC0, 0x0F, 0x80, 0x00, 0x0F, 0x00, 0x3E, 0x00, 0x00, 0x38, 0x01, 0xF4,
    0x00, 0x01, 0xD0, 0x07, 0xD0, 0x00, 0x07, 0x40, 0x1F, 0x40, 0x00, 0x2C, 0x00, 0x7D, 0x00, 0x00,
    0xF0, 0x01, 0xF4, 0x01, 0x47, 0x40, 0x07, 0xD0, 0x1F, 0x7C, 0x00, 0x2F, 0x40, 0xBF, 0xD0, 0x01,
    0xFE, 0x40, 0xFE, 0x00, 0x2F, 0xFF, 0x40, 0x40, 0x00, 0x00, 0x00, 0x00, 0x1A, 0xA8, 0x00, 0x00,
    0xAA, 0x90, 0xBF, 0xF4, 0x00, 0x03, 0xFF, 0x80, 0x3F, 0xE0, 0x00, 0x2F, 0xF0, 0x00, 0xFF, 0xC0,
    0x00, 0xFF, 0xC0, 0x03, 0xDF, 0x40, 0x03, 0xAF, 0x00, 0x0F, 0x3E, 0x00, 0x2D, 0xBC, 0x00, 0x3C,
    0xFC, 0x00, 0xF2, 0xF0, 0x00, 0xE2, 0xF0, 0x03, 0x8B, 0xC0, 0x03, 0x87, 0xD0, 0x1D, 0x2F, 0x00,
    0x0E, 0x0F, 0x80, 0xF0, 0xBC, 0x00, 0x74, 0x2F, 0x03, 0x82, 0xF0, 0x01, 0xD0, 0x7D, 0x1D, 0x0B,
    0xC0, 0x07, 0x40, 0xF8, 0xF0, 0x1F, 0x00, 0x2D, 0x03, 0xF3, 0x80, 0x7C, 0x00, 0xB0, 0x0B, 0xED,
    0x01, 0xF0, 0x02, 0xC0, 0x1F, 0xF0, 0x07, 0xD0, 0x6F, 0x90, 0x3F, 0x80, 0x6F, 0x93, 0xFF, 0xC0,
    0xBD, 0x0B, 0xFF, 0xE0, 0x00, 0x00, 0x00, 0x00, 0x00, 0x00, 0x2A, 0xA9, 0x02, 0xAA, 0xA3, 0xFF,
    0xE0, 0x3F, 0xFF, 0x03, 0xE0, 0x00, 0x3F, 0x00, 0x3E, 0x00, 0x03, 0xE0, 0x03, 0xE0, 0x00, 0x3E,
    0x00, 0x3E, 0x00, 0x03, 0xE0, 0x07, 0xD0, 0x00, 0x3E, 0x00, 0x7D, 0x00, 0x07, 0xE0, 0x07, 0xFF,
    0xFF, 0xFD, 0x00, 0x7F, 0xFF, 0xFF, 0xD0, 0x07, 0xD0, 0x00, 0x7D, 0x00, 0x7D, 0x00, 0x07, 0xD0,
    0x0B, 0xC0, 0x00, 0x7D, 0x00, 0xBC, 0x00, 0x07, 0xD0, 0x0B, 0xC0, 0x00, 0xBC, 0x00, 0xBC, 0x00,
    0x0B, 0xC0, 0x5F, 0xE4, 0x01, 0xFE, 0x4F, 0xFF, 0xD0, 0xBF, 0xFD, 0x00, 0x1B, 0xFD, 0x00, 0x00,
    0x3F, 0xFF, 0xF4, 0x00, 0x3F, 0x00, 0x7F, 0x40, 0x3F, 0x00, 0x03, 0xF0, 0x1F, 0x40, 0x00, 0xBE,
    0x0F, 0xC0, 0x00, 0x0F, 0xC3, 0xE0, 0x00, 0x03, 0xF1, 0xF4, 0x00, 0x00, 0xFC, 0xBD, 0x00, 0x00,
    0x3F, 0x2F, 0x40, 0x00, 0x0F, 0xCB, 0xD0, 0x00, 0x03, 0xF1, 0xF8, 0x00, 0x00, 0xFC, 0x7E, 0x00,
    0x00, 0x3E, 0x0F, 0xC0, 0x00, 0x2F, 0x42, 0xF8, 0x00, 0x0F, 0xC0, 0x3F, 0x40, 0x0F, 0xC0, 0x03,
    0xFE, 0x6F, 0xC0, 0x00, 0x2F, 0xFF, 0x80, 0x00, 0x00, 0x14, 0x00, 0x00, 0x2A, 0xAA, 0xAA, 0xAA,
    0xA3, 0xFF, 0xFF, 0xFF, 0xFF, 0x03, 0xE0, 0x00, 0x3F, 0x00, 0x3E, 0x00, 0x03, 0xE0, 0x03, 0xE0,
    0x00, 0x3E, 0x00, 0x3E, 0x00, 0x03, 0xE0, 0x07, 0xD0, 0x00, 0x3E, 0x00, 0x7D, 0x00, 0x03, 0xE0,
    0x07, 0xD0, 0x00, 0x7D, 0x00, 0x7D, 0x00, 0x07, 0xD0, 0x07, 0xD0, 0x00, 0x7D, 0x00, 0x7D, 0x00,
    0x07, 0xD0, 0x0B, 0xC0, 0x00, 0x7D, 0x00, 0xBC, 0x00, 0x07, 0xD0, 0x0B, 0xC0, 0x00, 0xBC, 0x00,
    0xBC, 0x00, 0x0B, 0xC0, 0x5F, 0xE4, 0x01, 0xFE, 0x4F, 0xFF, 0xD0, 0xBF, 0xFD, 0x1A, 0xAA, 0x50,
    0x03, 0xFF, 0xFF, 0xF0, 0x03, 0xF0, 0x2F, 0xC0, 0x3F, 0x00, 0xBE, 0x03, 0xE0, 0x03, 0xF0, 0x3E,
    0x00, 0x3F, 0x03, 0xE0, 0x03, 0xF0, 0x3E, 0x00, 0x7E, 0x03, 0xE0, 0x0F, 0xC0, 0x3E, 0x2B, 0xF0,
    0x07, 0xD7, 0xF4, 0x00, 0x7D, 0x00, 0x00, 0x07, 0xD0, 0x00, 0x00, 0x7D, 0x00, 0x00, 0x07, 0xD0,
    0x00, 0x00, 0x7D, 0x00, 0x00, 0x1F, 0xE5, 0x00, 0x0F, 0xFF, 0xF4, 0x00, 0x00, 0x1B, 0xF9, 0x00,
    0x03, 0xFF, 0xFF, 0x00, 0x3F, 0x40, 0x3F, 0x03, 0xF0, 0x00, 0xBC, 0x1F, 0x40, 0x03, 0xF0, 0xFC,
    0x00, 0x06, 0x43, 0xE0, 0x00, 0x00, 0x1F, 0x40, 0x00, 0x00, 0xBD, 0x00, 0x00, 0x02, 0xF4, 0x00,
    0x00, 0x0B, 0xD0, 0x00, 0x00, 0x1F, 0x40, 0x00, 0x00, 0x7E, 0x00, 0x00, 0x00, 0xFC, 0x00, 0x00,
    0x02, 0xF8, 0x00, 0x0E, 0x03, 0xF4, 0x01, 0xF4, 0x03, 0xFE, 0xBF, 0x40, 0x02, 0xFF, 0xE0, 0x00,
    0x00, 0x54, 0x00, 0x00, 0x1A, 0xAA, 0xAA, 0xA9, 0x0B, 0xFF, 0xFF, 0xFF, 0xC3, 0xE0, 0x3F, 0x02,
    0xF0, 0xF0, 0x0F, 0xC0, 0x3C, 0x38, 0x03, 0xF0, 0x0B, 0x00, 0x00, 0xFC, 0x00, 0x00, 0x00, 0x3E,
    0x00, 0x00, 0x00, 0x0F, 0x80, 0x00, 0x00, 0x03, 0xE0, 0x00, 0x00, 0x00, 0xF8, 0x00, 0x00, 0x00,
    0x3E, 0x00, 0x00, 0x00, 0x0F, 0x80, 0x00, 0x00, 0x03, 0xD0, 0x00, 0x00, 0x00, 0xF4, 0x00, 0x00,
    0x00, 0x7D, 0x00, 0x00, 0x00, 0x1F, 0x40, 0x00, 0x00, 0x5B, 0xE5, 0x00, 0x00, 0x3F, 0xFF, 0xC0,
    0x00, 0x2A, 0xA9, 0x01, 0xAA, 0x87, 0xFF, 0xD0, 0x3F, 0xFC, 0x07, 0xE0, 0x00, 0x3C, 0x00, 0x3F,
    0x00, 0x07, 0x80, 0x01, 0xF4, 0x00, 0xB0, 0x00, 0x0F, 0xC0, 0x0E, 0x00, 0x00, 0xBD, 0x02, 0xC0,
    0x00, 0x03, 0xE0, 0x3C, 0x00, 0x00, 0x2F, 0x07, 0x40, 0x00, 0x00, 0xF8, 0xF0, 0x00, 0x00, 0x0F,
    0xDD, 0x00, 0x00, 0x00, 0x7F, 0xC0, 0x00, 0x00, 0x03, 0xF4, 0x00, 0x00, 0x00, 0x1F, 0x00, 0x00,
    0x02, 0x41, 0xD0, 0x00, 0x00, 0xBC, 0x3C, 0x00, 0x00, 0x0F, 0xFF, 0x00, 0x00, 0x00, 0x7F, 0xC0,
    0x00, 0x00, 0x00, 0x40, 0x00, 0x00, 0x00, 0x00, 0x05, 0x55, 0x40, 0x00, 0x00, 0x3F, 0xFF, 0x00,
    0x00, 0x00, 0x1F, 0xD0, 0x00, 0x00, 0x05, 0x3F, 0x14, 0x00, 0x07, 0xFF, 0xFF, 0xFF, 0x40, 0x7F,
    0x47, 0xF4, 0x7F, 0x43, 0xF0, 0x0F, 0xC0, 0x3F, 0x1F, 0x40, 0x3F, 0x00, 0xBD, 0xBC, 0x00, 0xF8,
    0x01, 0xF7, 0xF0, 0x03, 0xE0, 0x07, 0xDF, 0xC0, 0x0F, 0x80, 0x1F, 0x6F, 0x00, 0x3E, 0x00, 0xBC,
    0x3E, 0x00, 0xF8, 0x03, 0xE0, 0xBE, 0x07, 0xE0, 0x7F, 0x00, 0xBF, 0xFF, 0xFF, 0xE0, 0x00, 0x15,
    0x7E, 0x54, 0x00, 0x00, 0x01, 0xF4, 0x00, 0x00, 0x00, 0x1B, 0xE4, 0x00, 0x00, 0x02, 0xFF, 0xF8,
    0x00, 0x00, 0x00, 0x00, 0x00, 0x00, 0x1A, 0xAA, 0x01, 0xAA, 0x83, 0xFF, 0xF0, 0x2F, 0xFC, 0x03,
    0xF4, 0x00, 0x3C, 0x00, 0x1F, 0xC0, 0x0F, 0x00, 0x00, 0xBE, 0x02, 0xD0, 0x00, 0x03, 0xF0, 0x38,
    0x00, 0x00, 0x1F, 0x8F, 0x00, 0x00, 0x00, 0xFF, 0xC0, 0x00, 0x00, 0x03, 0xF8, 0x00, 0x00, 0x00,
    0x2F, 0xC0, 0x00, 0x00, 0x07, 0xFD, 0x00, 0x00, 0x00, 0xF3, 0xF0, 0x00, 0x00, 0x3C, 0x1F, 0x80,
    0x00, 0x0B, 0x40, 0xFD, 0x00, 0x01, 0xE0, 0x03, 0xF0, 0x00, 0x3C, 0x00, 0x2F, 0x80, 0x2F, 0xD0,
    0x06, 0xFE, 0x4B, 0xFF, 0x40, 0xFF, 0xFD, 0x2A, 0xA9, 0x02, 0xAA, 0x91, 0xFF, 0xF8, 0x0F, 0xFF,
    0x80, 0x3E, 0x00, 0x03, 0xE0, 0x00, 0xF8, 0x00, 0x0F, 0x80, 0x03, 0xE0, 0x00, 0x3E, 0x00, 0x0F,
    0x80, 0x00, 0xF8, 0x00, 0x7D, 0x00, 0x03, 0xE0, 0x01, 0xF4, 0x00, 0x1F, 0x40, 0x07, 0xD0, 0x00,
    0x7D, 0x00, 0x1F, 0x40, 0x01, 0xF4, 0x00, 0x7D, 0x00, 0x07, 0xD0, 0x01, 0xF4, 0x00, 0x1F, 0x40,
    0x0B, 0xC0, 0x00, 0x7D, 0x00, 0x2F, 0x00, 0x02, 0xF0, 0x00, 0xBC, 0x00, 0x0B, 0xC0, 0x02, 0xF0,
    0x00, 0x2F, 0x00, 0x6F, 0xEA, 0xAA, 0xFE, 0xA3, 0xFF, 0xFF, 0xFF, 0xFF, 0xC0, 0x00, 0x00, 0x00,
    0x2F, 0x00, 0x00, 0x00, 0x00, 0x3C, 0x00, 0x00, 0x00, 0x00, 0xE0, 0x00, 0x00, 0x00, 0x03, 0x80,
    0x6A, 0xA8, 0x06, 0xAA, 0x8F, 0xFF, 0xC0, 0xFF, 0xFC, 0x0F, 0xC0, 0x00, 0xFC, 0x00, 0xFC, 0x00,
    0x0F, 0xC0, 0x0F, 0xC0, 0x00, 0xFC, 0x00, 0xF8, 0x00, 0x0F, 0x80, 0x0F, 0x80, 0x00, 0xF8, 0x00,
    0xF8, 0x00, 0x0F, 0x80, 0x0F, 0xC0, 0x02, 0xF8, 0x00, 0xBE, 0x01, 0xFF, 0x80, 0x03, 0xFF, 0xF9,
    0xF8, 0x00, 0x06, 0xE8, 0x1F, 0x40, 0x00, 0x00, 0x01, 0xF4, 0x00, 0x00, 0x00, 0x1F, 0x40, 0x00,
    0x00, 0x01, 0xF4, 0x00, 0x00, 0x00, 0x1F, 0x40, 0x00, 0x00, 0x07, 0xF9, 0x00, 0x00, 0x02, 0xFF,
    0xF8, 0x2A, 0xA9, 0x06, 0xAA, 0x81, 0xAA, 0xA5, 0xFF, 0xF8, 0x3F, 0xFF, 0x0B, 0xFF, 0xD0, 0x3E,
    0x00, 0x0F, 0xC0, 0x01, 0xF4, 0x00, 0xF8, 0x00, 0x3F, 0x00, 0x07, 0xD0, 0x03, 0xE0, 0x00, 0xFC,
    0x00, 0x2F, 0x40, 0x0F, 0x80, 0x03, 0xF0, 0x00, 0xBC, 0x00, 0x7D, 0x00, 0x0F, 0xC0, 0x02, 0xF0,
    0x01, 0xF4, 0x00, 0x3F, 0x00, 0x0B, 0xC0, 0x07, 0xD0, 0x00, 0xFC, 0x00, 0x2F, 0x00, 0x1F, 0x40,
    0x03, 0xE0, 0x00, 0xBC, 0x00, 0x7D, 0x00, 0x0F, 0x80, 0x02, 0xF0, 0x01, 0xF4, 0x00, 0x3E, 0x00,
    0x0F, 0xC0, 0x0B, 0xC0, 0x00, 0xF8, 0x00, 0x3F, 0x00, 0x2F, 0x00, 0x03, 0xE0, 0x00, 0xFC, 0x00,
    0xBC, 0x00, 0x0F, 0x80, 0x03, 0xF0, 0x02, 0xF0, 0x00, 0x7D, 0x00, 0x0F, 0xC0, 0x6F, 0xEA, 0xAB,
    0xFE, 0xAA, 0xBF, 0x93, 0xFF, 0xFF, 0xFF, 0xFF, 0xFF, 0xFF, 0xC0, 0x2A, 0xA9, 0x06, 0xAA, 0x81,
    0xAA, 0xA4, 0x7F, 0xFE, 0x0F, 0xFF, 0xC2, 0xFF, 0xF4, 0x03, 0xE0, 0x00, 0xFC, 0x00, 0x1F, 0x40,
    0x03, 0xE0, 0x00, 0xFC, 0x00, 0x1F, 0x40, 0x03, 0xE0, 0x00, 0xFC, 0x00, 0x2F, 0x40, 0x03, 0xE0,
    0x00, 0xFC, 0x00, 0x2F, 0x00, 0x07, 0xD0, 0x00, 0xFC, 0x00, 0x2F, 0x00, 0x07, 0xD0, 0x00, 0xFC,
    0x00, 0x2F, 0x00, 0x07, 0xD0, 0x00, 0xFC, 0x00, 0x2F, 0x00, 0x07, 0xD0, 0x00, 0xF8, 0x00, 0x2F,
    0x00, 0x07, 0xD0, 0x00, 0xF8, 0x00, 0x2F, 0x00, 0x07, 0xD0, 0x00, 0xF8, 0x00, 0x3F, 0x00, 0x0B,
    0xC0, 0x00, 0xF8, 0x00, 0x3F, 0x00, 0x0B, 0xC0, 0x00, 0xF8, 0x00, 0x3F, 0x00, 0x0B, 0xC0, 0x00,
    0xF8, 0x00, 0x3F, 0x00, 0x0B, 0xC0, 0x01, 0xF4, 0x00, 0x3F, 0x00, 0x6F, 0xEA, 0xAB, 0xFE, 0xAA,
    0xBF, 0xA8, 0xFF, 0xFF, 0xFF, 0xFF, 0xFF, 0xFF, 0xFC, 0x00, 0x00, 0x00, 0x00, 0x00, 0x00, 0xBC,
    0x00, 0x00, 0x00, 0x00, 0x00, 0x00, 0x78, 0x00, 0x00, 0x00, 0x00, 0x00, 0x00, 0x38, 0x00, 0x00,
    0x00, 0x00, 0x00, 0x00, 0x34, 0x0A, 0xAA, 0xA9, 0x00, 0x01, 0xFF, 0xFF, 0xD0, 0x00, 0x2E, 0x07,
    0xD0, 0x00, 0x03, 0xC0, 0x7D, 0x00, 0x00, 0x38, 0x07, 0xD0, 0x00, 0x00, 0x00, 0x7D, 0x00, 0x00,
    0x00, 0x0B, 0xD0, 0x00, 0x00, 0x00, 0xBC, 0x00, 0x00, 0x00, 0x0B, 0xCF, 0xFD, 0x00, 0x00, 0xBC,
    0x57, 0xF8, 0x00, 0x0B, 0xC0, 0x0B, 0xD0, 0x00, 0xBC, 0x00, 0x3E, 0x00, 0x0F, 0xC0, 0x03, 0xF0,
    0x00, 0xFC, 0x00, 0x3E, 0x00, 0x0F, 0xC0, 0x0B, 0xD0, 0x00, 0xFC, 0x01, 0xFC, 0x00, 0x6F, 0xEA,
    0xFE, 0x00, 0x0F, 0xFF, 0xFE, 0x40, 0x1A, 0xAA, 0x00, 0x02, 0xAA, 0xA0, 0xFF, 0xFC, 0x00, 0x0F,
    0xFF, 0xC0, 0x3F, 0x00, 0x00, 0x03, 0xF0, 0x00, 0xFC, 0x00, 0x00, 0x0F, 0x80, 0x03, 0xE0, 0x00,
    0x00, 0x3E, 0x00, 0x0F, 0x80, 0x00, 0x00, 0xF8, 0x00, 0x3E, 0x00, 0x00, 0x03, 0xE0, 0x00, 0xF8,
    0x00, 0x00, 0x0F, 0x80, 0x03, 0xEB, 0xFE, 0x00, 0x3E, 0x00, 0x0F, 0x95, 0xBF, 0x01, 0xF4, 0x00,
    0x7D, 0x00, 0xBE, 0x07, 0xD0, 0x01, 0xF4, 0x00, 0xFC, 0x1F, 0x40, 0x07, 0xD0, 0x03, 0xF0, 0x7D,
    0x00, 0x1F, 0x40, 0x0F, 0xC1, 0xF4, 0x00, 0x7D, 0x00, 0x7E, 0x07, 0xD0, 0x01, 0xF4, 0x03, 0xF0,
    0x2F, 0x40, 0x5F, 0xEA, 0xBF, 0x01, 0xFE, 0x43, 0xFF, 0xFF, 0x90, 0x2F, 0xFF, 0x80, 0x1A, 0xAA,
    0x00, 0x00, 0xBF, 0xFC, 0x00, 0x00, 0x3F, 0x00, 0x00, 0x00, 0xFC, 0x00, 0x00, 0x03, 0xF0, 0x00,
    0x00, 0x0F, 0xC0, 0x00, 0x00, 0x3F, 0x00, 0x00, 0x00, 0xFC, 0x00, 0x00, 0x03, 0xE7, 0xFE, 0x00,
    0x0F, 0x85, 0xBF, 0x40, 0x3E, 0x00, 0x3F, 0x00, 0xF8, 0x00, 0xBD, 0x03, 0xE0, 0x02, 0xF4, 0x0F,
    0x80, 0x0B, 0xC0, 0x7E, 0x00, 0x3F, 0x01, 0xF4, 0x02, 0xF4, 0x1B, 0xEA, 0xBF, 0x42, 0xFF, 0xFF,
    0x90, 0x00, 0x00, 0x6F, 0xE4, 0x00, 0x0F, 0xFF, 0xF8, 0x00, 0xF9, 0x07, 0xF8, 0x0B, 0x40, 0x03,
    0xF0, 0x04, 0x00, 0x07, 0xE0, 0x00, 0x00, 0x0F, 0xC0, 0x00, 0x00, 0x3F, 0x00, 0x00, 0x00, 0xFC,
    0x02, 0xFF, 0xFF, 0xF0, 0x0B, 0xFF, 0xEF, 0xC0, 0x00, 0x00, 0x3F, 0x00, 0x00, 0x00, 0xFC, 0x00,
    0x00, 0x07, 0xE0, 0xFC, 0x00, 0x2F, 0x07, 0xE0, 0x00, 0xF8, 0x0F, 0x80, 0x0F, 0xC0, 0x2F, 0x96,
    0xFC, 0x00, 0x1F, 0xFF, 0x80, 0x00, 0x01, 0x40, 0x00, 0x00, 0x2A, 0xA9, 0x00, 0x06, 0xFE, 0x00,
    0x0F, 0xFF, 0x80, 0x1F, 0xFF, 0xF4, 0x00, 0x3E, 0x00, 0x2F, 0x40, 0x3F, 0x40, 0x0F, 0x80, 0x1F,
    0x40, 0x03, 0xF0, 0x03, 0xE0, 0x0F, 0xC0, 0x00, 0xBE, 0x00, 0xF8, 0x07, 0xD0, 0x00, 0x0F, 0xC0,
    0x7D, 0x02, 0xF0, 0x00, 0x03, 0xF0, 0x1F, 0x40, 0xFC, 0x00, 0x00, 0xFC, 0x07, 0xFF, 0xFF, 0x00,
    0x00, 0x3F, 0x01, 0xFF, 0xFF, 0xC0, 0x00, 0x0F, 0xC0, 0x7D, 0x03, 0xF0, 0x00, 0x03, 0xF0, 0x1F,
    0x40, 0xFC, 0x00, 0x00, 0xFC, 0x0B, 0xC0, 0x2F, 0x40, 0x00, 0x3E, 0x02, 0xF0, 0x07, 0xE0, 0x00,
    0x2F, 0x40, 0xBC, 0x00, 0xFC, 0x00, 0x0F, 0xC0, 0x2F, 0x00, 0x1F, 0xC0, 0x0F, 0xC0, 0x5F, 0xE4,
    0x02, 0xFE, 0x6F, 0xC0, 0x3F, 0xFF, 0x40, 0x1F, 0xFF, 0x80, 0x00, 0x00, 0x00, 0x00, 0x14, 0x00,
    0x00, 0x00, 0x00, 0x5A, 0xAA, 0x90, 0x00, 0xBF, 0xFF, 0xFD, 0x00, 0x3F, 0x40, 0x7D, 0x00, 0x0B,
    0xD0, 0x07, 0xD0, 0x00, 0xFC, 0x00, 0xBC, 0x00, 0x0F, 0xC0, 0x0B, 0xC0, 0x00, 0xFC, 0x00, 0xBC,
    0x00, 0x0F, 0xC0, 0x0B, 0xC0, 0x00, 0x3F, 0x40, 0xBC, 0x00, 0x00, 0xBF, 0xDF, 0xC0, 0x00, 0x02,
    0xF4, 0xFC, 0x00, 0x00, 0xFC, 0x0F, 0xC0, 0x00, 0x3F, 0x00, 0xFC, 0x00, 0x07, 0xE0, 0x0F, 0xC0,
    0x00, 0xFC, 0x00, 0xFC, 0x00, 0x2F, 0x40, 0x0F, 0xC0, 0xBB, 0xF0, 0x06, 0xFE, 0x47, 0xFC, 0x00,
    0xFF, 0xFC, 0x05, 0x00, 0x00, 0x00, 0x00, 0x00, 0x00, 0x00, 0x00, 0x1F, 0xFA, 0xE0, 0x0B, 0xEA,
    0xFE, 0x01, 0xF4, 0x03, 0xE0, 0x3F, 0x00, 0x7D, 0x07, 0xD0, 0x0F, 0xD0, 0xBC, 0x00, 0xFD, 0x0F,
    0xC0, 0x1F, 0xD0, 0xFC, 0x02, 0xBD, 0x0F, 0xC0, 0x37, 0xD0, 0xFC, 0x07, 0x3D, 0x0B, 0xD0, 0xF3,
    0xD0, 0x3F, 0xAD, 0x3E, 0x91, 0xFF, 0x43, 0xFD, 0x01, 0x40, 0x04, 0x00, 0x00, 0x00, 0x04, 0x00,
    0x00, 0x0D, 0x00, 0x06, 0xBC, 0x00, 0xBF, 0xFC, 0x03, 0xFF, 0xA0, 0x0F, 0x90, 0x00, 0x1E, 0x00,
    0x00, 0x3C, 0x1B, 0x90, 0x3C, 0xBF, 0xF4, 0x79, 0xE0, 0xFC, 0xB6, 0xC0, 0xBC, 0xB7, 0x40, 0x7D,
    0xFB, 0x00, 0x7D, 0xFE, 0x00, 0x7D, 0xFD, 0x00, 0xBC, 0xBC, 0x00, 0xFC, 0xBD, 0x00, 0xF8, 0x3E,
    0x03, 0xF0, 0x2F, 0x5F, 0xD0, 0x0B, 0xFF, 0x00, 0x00, 0x50, 0x00, 0x00, 0x00, 0x00, 0x07, 0xFE,
    0x00, 0xBD, 0x7F, 0x07, 0xC0, 0xBC, 0x3E, 0x02, 0xF1, 0xF0, 0x1F, 0x0B, 0xD6, 0xE0, 0x3F, 0xFF,
    0xF4, 0xFC, 0x03, 0xF3, 0xF0, 0x07, 0xDB, 0xC0, 0x1F, 0x5F, 0x00, 0xFC, 0x3F, 0x0B, 0xD0, 0x3F,
    0xFC, 0x00, 0x05, 0x00, 0x00, 0x00, 0x00, 0x01, 0xBF, 0x47, 0xFF, 0xF5, 0xD0, 0x7E, 0x00, 0x1F,
    0x80, 0x0F, 0xC0, 0x0B, 0xC0, 0x0F, 0x80, 0x1F, 0x40, 0x1F, 0x40, 0x0F, 0xC0, 0x03, 0xF0, 0x09,
    0xBF, 0xBF, 0x4F, 0xFE, 0x00, 0x10, 0x00, 0x00, 0x00, 0x00, 0x01, 0xFF, 0xD0, 0x0B, 0xEB, 0xF0,
    0x00, 0x00, 0xF8, 0x00, 0x00, 0xFC, 0x00, 0x00, 0xBC, 0x00, 0x00, 0xBC, 0x02, 0xFE, 0xBC, 0x0F,
    0xEB, 0xFC, 0x2F, 0x00, 0xBC, 0x3E, 0x00, 0xBC, 0xBD, 0x00, 0xFC, 0xBC, 0x00, 0xFC, 0xFC, 0x00,
    0xF8, 0xFC, 0x00, 0xF4, 0xFC, 0x01, 0xF0, 0xBC, 0x02, 0xF0, 0x7D, 0x03, 0xD0, 0x3F, 0x4F, 0x80,
    0x0F, 0xFE, 0x00, 0x00, 0x50, 0x00, 0x00, 0x00, 0x00, 0x07, 0xFE, 0x00, 0xBE, 0x7F, 0x0B, 0xC0,
    0xBC, 0x3E, 0x01, 0xF1, 0xF0, 0x0B, 0xCB, 0xC1, 0xBD, 0x3F, 0xBF, 0x80, 0xFF, 0x90, 0x03, 0xF0,
    0x00, 0x0B, 0xD0, 0x00, 0x0F, 0xC0, 0x28, 0x2F, 0xEB, 0xE0, 0x2F, 0xFD, 0x00, 0x05, 0x00, 0x00,
    0x00, 0x00, 0x00, 0x00, 0x00, 0x0B, 0xC0, 0x7C, 0x02, 0xF0, 0x3F, 0xD0, 0x7C, 0x0F, 0xF8, 0x23,
    0xE0, 0xBC, 0x1E, 0xB0, 0x01, 0xF0, 0xBC, 0x38, 0x00, 0x00, 0xF8, 0xF8, 0xB0, 0x00, 0x00, 0xBF,
    0xF8, 0xF0, 0x00, 0x00, 0x3E, 0xF7, 0xF4, 0x00, 0x00, 0xF4, 0xFB, 0xFC, 0x00, 0x03, 0xC0, 0xFE,
    0x3E, 0x00, 0x0F, 0x00, 0xFC, 0x2F, 0x00, 0x3E, 0x00, 0xF4, 0x0F, 0xC8, 0x3F, 0x40, 0xF4, 0x0B,
    0xFC, 0x3F, 0x40, 0xF0, 0x03, 0xF0, 0x04, 0x00, 0x00, 0x00, 0x40, 0x00, 0x00, 0x00, 0x2F, 0xF0,
    0x1F, 0xBF, 0xC3, 0x80, 0xBC, 0x10, 0x07, 0xC0, 0x00, 0xF4, 0x05, 0xB9, 0x00, 0xFF, 0xE4, 0x00,
    0x1F, 0xD0, 0x00, 0x3E, 0xB8, 0x03, 0xEF, 0x80, 0x7D, 0xFC, 0x1F, 0x83, 0xFF, 0xD0, 0x01, 0x40,
    0x00, 0x00, 0x00, 0x00, 0x00, 0xBF, 0x00, 0x2E, 0x07, 0xFD, 0x00, 0xFC, 0x00, 0xF4, 0x07, 0xF0,
    0x07, 0xD0, 0x3F, 0xC0, 0x1F, 0x40, 0xEF, 0x00, 0x7C, 0x07, 0x78, 0x02, 0xF0, 0x3A, 0xE0, 0x0B,
    0xC0, 0xDB, 0x80, 0x2F, 0x07, 0x3E, 0x00, 0xFC, 0x3C, 0xF8, 0x03, 0xF1, 0xD3, 0xE0, 0x0B, 0xFF,
    0x0F, 0xE8, 0x0F, 0xF0, 0x2F, 0xE0, 0x05, 0x00, 0x14, 0x00, 0x00, 0x00, 0x00, 0x00, 0x03, 0xD0,
    0x30, 0x00, 0x1F, 0x87, 0x80, 0x00, 0x3F, 0xF8, 0x00, 0x00, 0x15, 0x00, 0x00, 0x00, 0x00, 0x00,
    0x02, 0xFC, 0x00, 0xB8, 0x1F, 0xF4, 0x03, 0xF0, 0x03, 0xD0, 0x1F, 0xC0, 0x1F, 0x40, 0xFF, 0x00,
    0x7D, 0x03, 0xBC, 0x01, 0xF0, 0x1D, 0xE0, 0x0B, 0xC0, 0xEB, 0x80, 0x2F, 0x03, 0x6E, 0x00, 0xBC,
    0x1C, 0xF8, 0x03, 0xF0, 0xF3, 0xE0, 0x0F, 0xC7, 0x4F, 0x80, 0x2F, 0xFC, 0x3F, 0xA0, 0x3F, 0xC0,
    0xBF, 0x80, 0x14, 0x00, 0x50, 0x00, 0x00, 0x00, 0x06, 0xFC, 0x02, 0xF4, 0xAF, 0xC0, 0x7F, 0xC0,
    0x7C, 0x0F, 0x78, 0x07, 0xC2, 0xC1, 0x00, 0x7C, 0x34, 0x00, 0x07, 0xCB, 0x00, 0x00, 0xBC, 0xFC,
    0x00, 0x0B, 0xAF, 0xE0, 0x00, 0xBB, 0x6F, 0x00, 0x0B, 0xF0, 0xF8, 0x00, 0xFD, 0x0B, 0xC4, 0x0F,
    0xC0, 0x3F, 0xD0, 0xF8, 0x01, 0xF4, 0x00, 0x00, 0x04, 0x00, 0x00, 0x00, 0x00, 0x00, 0x0B, 0xFF,
    0xD0, 0x03, 0xFF, 0xFF, 0x00, 0x03, 0xC2, 0xF0, 0x00, 0x38, 0x2F, 0x00, 0x03, 0x83, 0xF0, 0x00,
    0x34, 0x3E, 0x00, 0x07, 0x03, 0xE0, 0x00, 0xB0, 0x3E, 0x00, 0x0E, 0x03, 0xE0, 0x00, 0xD0, 0x3E,
    0x03, 0x6C, 0x03, 0xE0, 0xBF, 0xC0, 0x3F, 0x57, 0xF0, 0x03, 0xFE, 0x04, 0x00, 0x05, 0x00, 0x00,
    0x00, 0x00, 0x00, 0x00, 0xBF, 0x00, 0x0B, 0x80, 0x2E, 0xF8, 0x00, 0xFC, 0x00, 0x0F, 0xC0, 0x2F,
    0xC0, 0x02, 0xFC, 0x03, 0xFC, 0x00, 0x3B, 0xD0, 0xBB, 0xC0, 0x0B, 0x3E, 0x0D, 0xBC, 0x01, 0xD2,
    0xF2, 0xCB, 0xC0, 0x3C, 0x1F, 0x38, 0xBC, 0x07, 0x40, 0xFF, 0x0B, 0xC0, 0xB0, 0x0F, 0xE0, 0xBC,
    0x0F, 0x40, 0xFC, 0x0F, 0xC0, 0xFE, 0x0B, 0x80, 0xBD, 0x8B, 0xD0, 0x74, 0x07, 0xFC, 0x10, 0x01,
    0x00, 0x04, 0x00, 0x00, 0x00, 0x00, 0x01, 0xBF, 0x00, 0x29, 0x0B, 0xFD, 0x00, 0xF8, 0x01, 0xF4,
    0x03, 0xD0, 0x07, 0xC0, 0x0F, 0x40, 0x1F, 0x00, 0x7D, 0x00, 0x7D, 0x56, 0xF0, 0x02, 0xFF, 0xFF,
    0xC0, 0x0B, 0xD5, 0x2F, 0x00, 0x2F, 0x00, 0xBC, 0x00, 0xFC, 0x02, 0xF0, 0x03, 0xE0, 0x0B, 0xC0,
    0x0F, 0x80, 0x2F, 0xA0, 0x3E, 0x00, 0x7F, 0xC0, 0x00, 0x00, 0x10, 0x00, 0x00, 0x00, 0x00, 0x01,
    0xFF, 0x80, 0x0F, 0xEB, 0xF0, 0x2F, 0x00, 0xFC, 0x3E, 0x00, 0x7D, 0xBC, 0x00, 0x3E, 0xBC, 0x00,
    0x3E, 0xFC, 0x00, 0x3E, 0xFC, 0x00, 0x3E, 0xBC, 0x00, 0x7D, 0xBD, 0x00, 0xBC, 0x3E, 0x00, 0xF8,
    0x2F, 0x97, 0xF0, 0x07, 0xFF, 0x80, 0x00, 0x54, 0x00, 0x00, 0x00, 0x00, 0x01, 0xFE, 0x02, 0xFC,
    0x0B, 0xFC, 0x2F, 0xFC, 0x01, 0xF0, 0xE2, 0xF0, 0x07, 0xC7, 0x0B, 0xC0, 0x1F, 0x38, 0x2F, 0x00,
    0xBC, 0xD0, 0xBC, 0x02, 0xE7, 0x03, 0xF0, 0x0B, 0xB8, 0x0F, 0xC0, 0x2E, 0xD0, 0x3E, 0x00, 0xBF,
    0x00, 0xF8, 0x02, 0xF8, 0x03, 0xE0, 0x0B, 0xD0, 0x0F, 0xD8, 0x3F, 0x00, 0x3F, 0xD0, 0x00, 0x00,
    0x14, 0x00, 0x00, 0x00, 0x00, 0x07, 0xF8, 0x0F, 0xF0, 0xBF, 0xC3, 0xFF, 0xC0, 0x7C, 0xB0, 0x7D,
    0x07, 0xCD, 0x03, 0xE0, 0x7D, 0xC0, 0x3F, 0x07, 0xEC, 0x03, 0xF0, 0xBB, 0x40, 0x3F, 0x0B, 0xB0,
    0x03, 0xE0, 0xBF, 0x00, 0x7D, 0x0B, 0xE0, 0x0B, 0xC0, 0xBD, 0x01, 0xF8, 0x0B, 0xE5, 0xBE, 0x00,
    0xBF, 0xFF, 0x80, 0x0F, 0x81, 0x40, 0x00, 0xF8, 0x00, 0x00, 0x0F, 0x80, 0x00, 0x00, 0xF4, 0x00,
    0x00, 0x0F, 0xF8, 0x00, 0x00, 0xAA, 0x40, 0x00, 0x00, 0x00, 0x00, 0x07, 0xFE, 0x00, 0xBE, 0x6F,
    0x0B, 0xC0, 0x3D, 0x3E, 0x02, 0xF5, 0xF0, 0x07, 0x8B, 0xC0, 0x00, 0x3F, 0x00, 0x00, 0xFC, 0x00,
    0x03, 0xF0, 0x00, 0x0B, 0xD0, 0x00, 0x0F, 0xC0, 0x2C, 0x2F, 0xEB, 0xD0, 0x2F, 0xFD, 0x00, 0x05,
    0x00, 0x00, 0x00, 0x00, 0x00, 0x00, 0x00, 0x01, 0xFE, 0x03, 0xF8, 0x07, 0xF4, 0x0B, 0xFC, 0x3F,
    0xF4, 0x7F, 0xF0, 0x01, 0xF1, 0xD3, 0xD3, 0xCB, 0xC0, 0x07, 0xCB, 0x0F, 0x4D, 0x1F, 0x00, 0x1F,
    0x38, 0x3D, 0x70, 0x7C, 0x00, 0xBD, 0xC0, 0xF3, 0x82, 0xF0, 0x02, 0xEB, 0x03, 0xCD, 0x0B, 0xC0,
    0x0B, 0xB8, 0x0F, 0x70, 0x3F, 0x00, 0x2E, 0xC0, 0x3F, 0x80, 0xFC, 0x00, 0xBF, 0x01, 0xFD, 0x03,
    0xE0, 0x02, 0xF8, 0x07, 0xF0, 0x0F, 0x80, 0x0B, 0xD0, 0x1F, 0x80, 0x3F, 0x60, 0x3F, 0x00, 0xBC,
    0x00, 0xFF, 0x80, 0x00, 0x00, 0x00, 0x00, 0x50, 0x00, 0x00, 0x00, 0x00, 0x1F, 0xE0, 0x0B, 0xCB,
    0xFC, 0x03, 0xF8, 0x1F, 0x00, 0x7E, 0x07, 0xC0, 0x07, 0x41, 0xF0, 0x02, 0xC0, 0x7C, 0x00, 0xE0,
    0x1F, 0x40, 0xB4, 0x03, 0xD0, 0x3C, 0x00, 0xF8, 0x1D, 0x00, 0x3F, 0x0F, 0x00, 0x0B, 0xC3, 0x80,
    0x00, 0xFF, 0xC0, 0x00, 0x1F, 0xE0, 0x00, 0x00, 0xB0, 0x00, 0x00, 0x3C, 0x00, 0x28, 0x1D, 0x00,
    0x0F, 0x4F, 0x00, 0x03, 0xFF, 0x00, 0x00, 0x6A, 0x00, 0x00, 0x00, 0x00, 0x00, 0x00, 0x00, 0x00,
    0x3F, 0xF0, 0x00, 0x00, 0x00, 0x1F, 0xC0, 0x00, 0x00, 0x00, 0x2F, 0x00, 0x00, 0x00, 0x00, 0xBC,
    0x00, 0x00, 0x00, 0x02, 0xF0, 0x00, 0x00, 0x00, 0x0B, 0xC0, 0x00, 0x00, 0xBF, 0xFE, 0x0F, 0xE0,
    0x0F, 0xEB, 0xF8, 0xFF, 0xF0, 0xBD, 0x03, 0xEA, 0x0B, 0xC3, 0xE0, 0x0F, 0xB0, 0x0F, 0x5F, 0x00,
    0x3F, 0x80, 0x3E, 0xBC, 0x00, 0xFC, 0x00, 0xFB, 0xF0, 0x03, 0xF0, 0x03, 0xEF, 0xC0, 0x1F, 0x80,
    0x0F, 0x7F, 0x00, 0xBE, 0x00, 0x7C, 0xBC, 0x03, 0xF8, 0x03, 0xF1, 0xF4, 0x2B, 0xD0, 0x1F, 0x43,
    0xFB, 0xCF, 0xD6, 0xF8, 0x07, 0xFC, 0x3F, 0xFF, 0x80, 0x01, 0x40, 0xF4, 0x50, 0x00, 0x00, 0x07,
    0xC0, 0x00, 0x00, 0x00, 0x1F, 0x00, 0x00, 0x00, 0x00, 0x7C, 0x00, 0x00, 0x00, 0x01, 0xFF, 0x40,
    0x00, 0x00, 0x06, 0xA8, 0x00, 0x00, 0x00, 0x00, 0x00, 0x02, 0xFD, 0x01, 0xF0, 0x7F, 0xF0, 0x2F,
    0x80, 0x2F, 0x40, 0xF4, 0x00, 0xFC, 0x1E, 0x00, 0x0B, 0xDB, 0x80, 0x00, 0x3F, 0xD0, 0x00, 0x03,
    0xF4, 0x00, 0x00, 0xFF, 0x80, 0x00, 0x3C, 0xFC, 0x00, 0x1F, 0x07, 0xE0, 0x03, 0xC0, 0x3F, 0x00,
    0x3E, 0x01, 0xFD, 0x83, 0xF0, 0x0B, 0xFC, 0x04, 0x00, 0x04, 0x00, 0x00, 0x00, 0x00, 0x00, 0x2F,
    0xC0, 0x0B, 0x80, 0x7F, 0xD0, 0x0F, 0xC0, 0x03, 0xD0, 0x1F, 0xC0, 0x03, 0xD0, 0x3F, 0xC0, 0x07,
    0xD0, 0x3B, 0x80, 0x07, 0xC0, 0x77, 0x80, 0x0B, 0xC0, 0xEB, 0x80, 0x0B, 0xC0, 0xDB, 0x80, 0x0B,
    0xC1, 0xCF, 0x40, 0x0F, 0xC3, 0xCF, 0x40, 0x0F, 0xC7, 0x4F, 0x40, 0x0B, 0xFF, 0x0F, 0xFE, 0x03,
    0xFC, 0x0F, 0xFD, 0x00, 0x50, 0x01, 0x3C, 0x00, 0x00, 0x00, 0x78, 0x00, 0x00, 0x00, 0xB0, 0x00,
    0x00, 0x00, 0xE0, 0x00, 0x00, 0x00, 0x80, 0x00, 0x00, 0x00, 0x02, 0xF8, 0x01, 0xF0, 0xEF, 0xC0,
    0x3F, 0x00, 0x7C, 0x07, 0xF0, 0x0B, 0xC0, 0xBF, 0x00, 0xFC, 0x0E, 0xE0, 0x0F, 0x82, 0xBE, 0x00,
    0xF8, 0x73, 0xD0, 0x0F, 0xFE, 0x3D, 0x00, 0x7F, 0x83, 0xC0, 0x00, 0x40, 0x7C, 0x00, 0x00, 0x0B,
    0xC0, 0x00, 0x00, 0xBE, 0x80, 0x00, 0x07, 0xFC, 0x00, 0x00, 0x04, 0x00, 0x00, 0x00, 0x00, 0x00,
    0x00, 0x00, 0xBF, 0x00, 0x2E, 0x00, 0x7C, 0x0B, 0xFD, 0x00, 0xFC, 0x03, 0xF0, 0x00, 0xF4, 0x07,
    0xF0, 0x0F, 0xC0, 0x07, 0xD0, 0x3F, 0x80, 0x7F, 0x00, 0x1F, 0x40, 0xEE, 0x03, 0xBC, 0x00, 0x7C,
    0x0B, 0xB8, 0x0D, 0xF0, 0x02, 0xF0, 0x3A, 0xD0, 0x77, 0xC0, 0x0B, 0xC0, 0xDF, 0x42, 0x9F, 0x00,
    0x2F, 0x0B, 0x3D, 0x0D, 0x7C, 0x00, 0xFC, 0x38, 0xF0, 0x72, 0xF0, 0x03, 0xF1, 0xD3, 0xD3, 0xCB,
    0xC0, 0x0B, 0xFF, 0x0F, 0xFD, 0x2F, 0x60, 0x0F, 0xF0, 0x1F, 0xE0, 0x7F, 0xC0, 0x05, 0x00, 0x04,
    0x00, 0x10, 0x00, 0x00, 0x00, 0x00, 0x00, 0x00, 0x00, 0xBF, 0x00, 0x2E, 0x00, 0x7C, 0x0B, 0xFD,
    0x00, 0xFC, 0x03, 0xF0, 0x00, 0xF4, 0x07, 0xF0, 0x0F, 0xC0, 0x07, 0xD0, 0x3F, 0x80, 0x7F, 0x00,
    0x1F, 0x00, 0xEE, 0x03, 0xBC, 0x00, 0x7C, 0x0B, 0xB4, 0x0D, 0xF0, 0x02, 0xF0, 0x3A, 0xD0, 0x77,
    0xC0, 0x0B, 0xC0, 0xDF, 0x43, 0x9F, 0x00, 0x2F, 0x0B, 0x3C, 0x0D, 0xBC, 0x00, 0xFC, 0x38, 0xF0,
    0x72, 0xF0, 0x03, 0xF1, 0xD3, 0xC3, 0xCB, 0x80, 0x0B, 0xFF, 0x0F, 0xFD, 0x3F, 0xBC, 0x0F, 0xF0,
    0x2F, 0xE0, 0xBF, 0xE0, 0x05, 0x00, 0x04, 0x00, 0x4B, 0x40, 0x00, 0x00, 0x00, 0x00, 0x3C, 0x00,
    0x00, 0x00, 0x00, 0x01, 0xE0, 0x00, 0x00, 0x00, 0x00, 0x0F, 0x00, 0x00, 0x00, 0x00, 0x00, 0x24,
    0x00, 0x00, 0x00, 0x00, 0x0B, 0xFE, 0xF4, 0x03, 0xFF, 0xBC, 0x00, 0xE4, 0x3C, 0x00, 0x70, 0x3D,
    0x00, 0x1C, 0x2F, 0x00, 0x00, 0x0F, 0xAF, 0xC0, 0x0B, 0xFA, 0xFC, 0x03, 0xE0, 0x2F, 0x01, 0xF4,
    0x07, 0xC0, 0x7D, 0x02, 0xF0, 0x0F, 0x40, 0xF8, 0x03, 0xF0, 0xBC, 0x00, 0x3F, 0xF8, 0x00, 0x00,
    0x50, 0x00, 0x00, 0x00, 0x00, 0x00, 0x02, 0xFC, 0x00, 0x02, 0xA0, 0x7F, 0xD0, 0x00, 0x3E, 0x00,
    0x3D, 0x00, 0x03, 0xE0, 0x07, 0xC0, 0x00, 0x3E, 0x00, 0x7C, 0x00, 0x03, 0xD0, 0x0B, 0xEF, 0xF0,
    0x3D, 0x00, 0xBF, 0x6F, 0xC7, 0xD0, 0x0F, 0x80, 0xBC, 0x7C, 0x00, 0xF4, 0x0B, 0xC7, 0xC0, 0x0F,
    0x40, 0xBC, 0x7C, 0x00, 0xF8, 0x0F, 0x4B, 0xC0, 0x0B, 0xC3, 0xE0, 0xBE, 0x80, 0x3F, 0xF8, 0x07,
    0xFC, 0x00, 0x14, 0x00, 0x04, 0x00, 0x00, 0x00, 0x00, 0x2F, 0xC0, 0x00, 0x7F, 0xD0, 0x00, 0x03,
    0xD0, 0x00, 0x07, 0xD0, 0x00, 0x07, 0xC0, 0x00, 0x0B, 0xDF, 0xF4, 0x0B, 0xF9, 0xFC, 0x0F, 0x80,
    0x7D, 0x0F, 0x80, 0x3D, 0x0F, 0x80, 0x7D, 0x0F, 0x80, 0xFC, 0x0B, 0xD2, 0xF0, 0x02, 0xFF, 0x80,
    0x00, 0x14, 0x00, 0x00, 0x00, 0x00, 0x1F, 0xF8, 0x02, 0xFB, 0xFC, 0x1D, 0x02, 0xF4, 0x00, 0x03,
    0xF0, 0x00, 0x0B, 0xC0, 0x55, 0x7F, 0x03, 0xFF, 0xFC, 0x00, 0x02, 0xF0, 0x00, 0x0F, 0xCB, 0x80,
    0x3E, 0x3E, 0x02, 0xF0, 0xFC, 0x2F, 0x40, 0xFF, 0xF0, 0x00, 0x14, 0x00, 0x00, 0x00, 0x00, 0x00,
    0x00, 0x01, 0xBE, 0x00, 0x1B, 0xFC, 0x0B, 0xFC, 0x01, 0xFA, 0xFD, 0x01, 0xF4, 0x0F, 0x40, 0xFC,
    0x07, 0xC0, 0xFC, 0x01, 0xF4, 0x1F, 0x03, 0xE0, 0x07, 0xE0, 0xBD, 0x6F, 0x80, 0x0F, 0x82, 0xFF,
    0xFD, 0x00, 0x3E, 0x0B, 0xD6, 0xF4, 0x01, 0xF8, 0x2F, 0x07, 0xD0, 0x07, 0xD0, 0xF8, 0x0F, 0x80,
    0x2F, 0x03, 0xE0, 0x3F, 0x00, 0xF8, 0x0F, 0x80, 0x3E, 0x5F, 0xC0, 0x3D, 0x00, 0x7F, 0xF8, 0x00,
    0x00, 0x00, 0x05, 0x00, 0x00, 0x00, 0x00, 0x00, 0x00, 0xBF, 0xFC, 0x00, 0xFD, 0x6F, 0x00, 0xFC,
    0x07, 0xC0, 0x3E, 0x01, 0xF0, 0x0F, 0x80, 0xBC, 0x03, 0xF0, 0x3F, 0x00, 0x3F, 0xBF, 0xC0, 0x01,
    0xFB, 0xF0, 0x02, 0xE0, 0xFC, 0x03, 0xD0, 0x3E, 0x02, 0xE0, 0x0F, 0x80, 0xFC, 0x03, 0xFA, 0x2F,
    0x40, 0xBF, 0x81, 0x00, 0x05, 0x00, 0x07, 0x81, 0xA0, 0x3F, 0x0F, 0xD0, 0xFC, 0x3F, 0x41, 0x90,
    0x24, 0x00, 0x00, 0x00, 0x00, 0x00, 0x00, 0x1F, 0xF8, 0x02, 0xF9, 0xFC, 0x2F, 0x02, 0xF0, 0xF8,
    0x07, 0xC7, 0xC0, 0x2F, 0x2F, 0x06, 0xF4, 0xFE, 0xFE, 0x03, 0xFE, 0x40, 0x0F, 0xC0, 0x00, 0x2F,
    0x40, 0x00, 0x3F, 0x00, 0xA0, 0xBF, 0xAF, 0x80, 0xBF, 0xF4, 0x00, 0x14, 0x00, 0x00, 0x00, 0x00,
    0x2F, 0xF0, 0x00, 0x01, 0xFC, 0x00, 0x00, 0x2F, 0x00, 0x00, 0xBF, 0xFF, 0xC0, 0x2B, 0xFA, 0xA0,
    0x00, 0xBC, 0x00, 0x00, 0x2F, 0x03, 0xF8, 0x0B, 0xC3, 0xFF, 0x82, 0xE1, 0xD3, 0xE0, 0xF8, 0xF0,
    0xF8, 0x3E, 0x34, 0x3E, 0x0F, 0x5C, 0x0F, 0x83, 0xDE, 0x03, 0xE0, 0xF7, 0x40, 0xF4, 0x3E, 0xC0,
    0x3D, 0x0F, 0xE0, 0x1F, 0x03, 0xF4, 0x07, 0xC0, 0xFC, 0x02, 0xF0, 0x3E, 0x00, 0xBC, 0x00, 0x00,
    0x2E, 0x00, 0x00, 0x0B, 0x40, 0x00, 0x03, 0xC0, 0x00, 0x3F, 0xD0, 0x00, 0x0F, 0xE0, 0x00, 0x01,
    0x90, 0x00, 0x00, 0x05, 0x00, 0x0B, 0xC0, 0x07, 0xE0, 0x03, 0xD0, 0x03, 0xC0, 0x00, 0x40, 0x00,
    0x00, 0x00, 0x1B, 0xF4, 0x7F, 0xFF, 0x5D, 0x07, 0xE0, 0x01, 0xF8, 0x00, 0xFC, 0x00, 0xBC, 0x00,
    0xF8, 0x01, 0xF4, 0x01, 0xF4, 0x00, 0xFC, 0x00, 0x3F, 0x00, 0x9B, 0xFB, 0xF4, 0xFF, 0xE0, 0x01,
    0x00, 0x00, 0x00, 0x00, 0x00, 0x07, 0xFE, 0x00, 0xBE, 0x6F, 0x0B, 0xC0, 0x3D, 0x3E, 0x02, 0xF5,
    0xF4, 0x02, 0x8B, 0xC0, 0x00, 0x3F, 0xFF, 0xC0, 0xFD, 0x55, 0x03, 0xF0, 0x00, 0x0B, 0xD0, 0x00,
    0x0F, 0xC0, 0x2C, 0x2F, 0xEB, 0xD0, 0x2F, 0xFD, 0x00, 0x05, 0x00, 0x00, 0x00, 0x00, 0x00, 0x07,
    0xFF, 0x40, 0x7D, 0x6F, 0x03, 0xC0, 0x3D, 0x1F, 0x00, 0xA0, 0x3F, 0x40, 0x00, 0xFF, 0xD0, 0x00,
    0xBF, 0xE0, 0x00, 0x2F, 0xE0, 0x00, 0x0F, 0xC0, 0x40, 0x0F, 0x0F, 0x80, 0x3C, 0x3F, 0x47, 0xE0,
    0x3F, 0xFD, 0x00, 0x05, 0x00, 0x00, 0x03, 0xD0, 0x0B, 0xF0, 0x0B, 0xE0, 0x01, 0x80, 0x00, 0x00,
    0x00, 0x00, 0x2F, 0xC0, 0x7F, 0xD0, 0x03, 0xE0, 0x03, 0xD0, 0x07, 0xD0, 0x07, 0xD0, 0x07, 0xC0,
    0x07, 0xC0, 0x0B, 0xC0, 0x0B, 0xC0, 0x0B, 0xC0, 0x0B, 0xDD, 0x07, 0xF8, 0x00, 0x40, 0x28, 0x0A,
    0x3F, 0x4B, 0xEF, 0xD2, 0xF8, 0x90, 0x24, 0x00, 0x00, 0x00, 0x00, 0x00, 0xBF, 0x00, 0x7F, 0xD0,
    0x00, 0xF8, 0x00, 0x3D, 0x00, 0x0F, 0x40, 0x07, 0xD0, 0x01, 0xF0, 0x00, 0x7C, 0x00, 0x2F, 0x00,
    0x0B, 0xC0, 0x02, 0xF0, 0x00, 0xBD, 0xD0, 0x1F, 0xE0, 0x00, 0x40, 0x00, 0xF4, 0x0B, 0xF0, 0x2F,
    0x80, 0x18, 0x00, 0x00, 0x00, 0x00, 0xBF, 0x03, 0xBE, 0x00, 0xFC, 0x03, 0xE0, 0x0F, 0x80, 0x3E,
    0x00, 0xF8, 0x03, 0xE0, 0x0F, 0x40, 0x3D, 0x00, 0xF4, 0x07, 0xC0, 0x1F, 0x00, 0x7C, 0x01, 0xE0,
    0x0B, 0x0B, 0xB8, 0x3F, 0xC0, 0x68, 0x00, 0x00, 0x00, 0x00, 0x00, 0x00, 0x0B, 0xFF, 0xD0, 0x00,
    0x03, 0xFF, 0xFF, 0x00, 0x00, 0x03, 0x82, 0xF0, 0x00, 0x00, 0x38, 0x3E, 0x00, 0x00, 0x03, 0x43,
    0xE0, 0x00, 0x00, 0x74, 0x3E, 0xBF, 0xC0, 0x07, 0x03, 0xF9, 0xBE, 0x00, 0xB0, 0x3D, 0x03, 0xF0,
    0x0E, 0x03, 0xC0, 0x2F, 0x00, 0xD0, 0x7C, 0x03, 0xE3, 0x6C, 0x03, 0xD0, 0x7D, 0xBF, 0x80, 0x3E,
    0x1F, 0x87, 0xF0, 0x00, 0xFF, 0xD0, 0x04, 0x00, 0x01, 0x40, 0x00, 0x00, 0x00, 0x00, 0x00, 0x01,
    0xBF, 0x00, 0x29, 0x00, 0x0B, 0xFD, 0x00, 0xF4, 0x00, 0x01, 0xF4, 0x07, 0xC0, 0x00, 0x07, 0xC0,
    0x1F, 0x00, 0x00, 0x1F, 0x00, 0x7C, 0x00, 0x00, 0x7D, 0x56, 0xF7, 0xFD, 0x02, 0xFF, 0xFF, 0xF9,
    0xFC, 0x0B, 0xD5, 0x3F, 0x02, 0xF4, 0x2F, 0x00, 0xF8, 0x07, 0xD0, 0xFC, 0x03, 0xE0, 0x2F, 0x03,
    0xE0, 0x0F, 0x80, 0xF8, 0x0F, 0x80, 0x1F, 0x4B, 0xC0, 0x3E, 0x00, 0x2F, 0xF8, 0x00, 0x00, 0x00,
    0x05, 0x00, 0x00, 0x00, 0x00, 0x00, 0x02, 0xFF, 0x00, 0x00, 0x01, 0xBC, 0x00, 0x00, 0x01, 0xF0,
    0x00, 0x00, 0xBF, 0xFF, 0xC0, 0x01, 0xBF, 0xAA, 0x00, 0x00, 0x7C, 0x00, 0x00, 0x02, 0xF0, 0x2F,
    0xC0, 0x0B, 0xC2, 0xFF, 0x80, 0x2F, 0x1E, 0x3F, 0x00, 0xBC, 0xB0, 0xBC, 0x02, 0xE3, 0x83, 0xF0,
    0x0B, 0x9C, 0x0F, 0xC0, 0x2E, 0xB0, 0x3E, 0x00, 0xF7, 0x80, 0xF8, 0x03, 0xEC, 0x03, 0xE0, 0x0F,
    0xF0, 0x0F, 0x40, 0x3F, 0x40, 0x7D, 0x00, 0xFC, 0x01, 0xFA, 0x43, 0xF0, 0x03, 0xFD, 0x00, 0x00,
    0x01, 0x00, 0x00, 0x00, 0x10, 0x00, 0x00, 0x0B, 0xC0, 0x00, 0x01, 0xF8, 0x00, 0x00, 0x3D, 0x00,
    0x00, 0x0E, 0x00, 0x00, 0x00, 0x40, 0x00, 0x00, 0x00, 0x00, 0x06, 0xFC, 0x02, 0xF4, 0xAF, 0xC0,
    0x7F, 0xC0, 0x7C, 0x0F, 0x78, 0x07, 0xC2, 0xC1, 0x00, 0x7C, 0x34, 0x00, 0x07, 0xCB, 0x00, 0x00,
    0xBC, 0xFC, 0x00, 0x0B, 0xAF, 0xE0, 0x00, 0xBB, 0x6F, 0x00, 0x0B, 0xF0, 0xF8, 0x00, 0xFD, 0x0B,
    0xC4, 0x0F, 0xC0, 0x3F, 0xD0, 0xF8, 0x01, 0xF4, 0x00, 0x00, 0x04, 0x00, 0x00, 0x10, 0x00, 0x00,
    0x02, 0xF0, 0x00, 0x00, 0x07, 0xE0, 0x00, 0x00, 0x07, 0xD0, 0x00, 0x00, 0x02, 0xC0, 0x00, 0x00,
    0x01, 0x00, 0x00, 0x00, 0x00, 0x00, 0x0B, 0xF0, 0x02, 0xE0, 0x7F, 0xD0, 0x0F, 0xC0, 0x0F, 0x40,
    0x7F, 0x00, 0x7D, 0x03, 0xFC, 0x01, 0xF4, 0x0E, 0xF0, 0x07, 0xC0, 0x77, 0x80, 0x2F, 0x03, 0xAE,
    0x00, 0xBC, 0x0D, 0xB8, 0x02, 0xF0, 0x73, 0xE0, 0x0F, 0xC3, 0xCF, 0x80, 0x3F, 0x1D, 0x3E, 0x00,
    0xBF, 0xF0, 0xFE, 0x80, 0xFF, 0x02, 0xFE, 0x00, 0x50, 0x01, 0x40, 0x00, 0x00, 0x00, 0x00, 0x7C,
    0x07, 0x00, 0x2F, 0x4B, 0x80, 0x03, 0xFF, 0x40, 0x00, 0x15, 0x00, 0x00, 0x00, 0x00, 0x07, 0xF8,
    0x02, 0xF2, 0xFF, 0x00, 0xFE, 0x07, 0xC0, 0x1F, 0x81, 0xF0, 0x01, 0xD0, 0x7C, 0x00, 0xB0, 0x1F,
    0x00, 0x38, 0x07, 0xD0, 0x2D, 0x00, 0xF4, 0x0F, 0x00, 0x3E, 0x07, 0x40, 0x0F, 0xC3, 0xC0, 0x02,
    0xF0, 0xE0, 0x00, 0x3F, 0xF0, 0x00, 0x07, 0xF8, 0x00, 0x00, 0x2C, 0x00, 0x00, 0x0F, 0x00, 0x0A,
    0x07, 0x40, 0x03, 0xD3, 0xC0, 0x00, 0xFF, 0xC0, 0x00, 0x1A, 0x80, 0x00, 0x00, 0x00, 0x00, 0x00,
    0x00, 0xBF, 0x00, 0x2E, 0x07, 0xFD, 0x00, 0xFC, 0x00, 0xF4, 0x07, 0xF0, 0x07, 0xD0, 0x3F, 0xC0,
    0x1F, 0x40, 0xEF, 0x00, 0x7C, 0x07, 0x78, 0x02, 0xF0, 0x3A, 0xE0, 0x0B, 0xC0, 0xDB, 0x80, 0x2F,
    0x07, 0x3E, 0x00, 0xFC, 0x3C, 0xF8, 0x03, 0xF1, 0xD3, 0xE0, 0x0B, 0xFF, 0x0F, 0xE8, 0x0F, 0xF0,
    0x2F, 0xE0, 0x05, 0x29, 0x14, 0x00, 0x00, 0xF4, 0x00, 0x00, 0x03, 0xC0, 0x00, 0x00, 0x2E, 0x00,
    0x00, 0x00, 0xF0, 0x00, 0x00, 0x03, 0x00, 0x00, 0x00, 0x00, 0x00, 0x00, 0x00, 0x2A, 0xA9, 0x00,
    0x00, 0x07, 0xFF, 0xD0, 0x00, 0x00, 0x07, 0xD0, 0x00, 0x00, 0x55, 0xBE, 0x55, 0x40, 0x2F, 0xFF,
    0xFF, 0xFD, 0x03, 0xE4, 0xBD, 0x07, 0xD0, 0x3C, 0x0B, 0xC0, 0x2D, 0x03, 0x80, 0xBC, 0x00, 0xD0,
    0x00, 0x0B, 0xC0, 0x00, 0x00, 0x00, 0xBC, 0xBE, 0x80, 0x00, 0x0B, 0xCA, 0xBF, 0x40, 0x00, 0xBC,
    0x00, 0xFD, 0x00, 0x0F, 0xC0, 0x07, 0xE0, 0x00, 0xFC, 0x00, 0x3F, 0x00, 0x0F, 0xC0, 0x03, 0xE0,
    0x00, 0xFC, 0x00, 0xBD, 0x00, 0x0F, 0xC0, 0x1F, 0xC0, 0x06, 0xFE, 0xAF, 0xE0, 0x01, 0xFF, 0xFF,
    0xE4, 0x00, 0x00, 0x00, 0x00, 0x00, 0x00, 0x7F, 0x80, 0xBF, 0x00, 0x00, 0xBF, 0xC2, 0xFF, 0xC0,
    0x00, 0x07, 0xC3, 0x8F, 0xC0, 0x00, 0x07, 0xCB, 0x0B, 0xC0, 0x00, 0x07, 0xCE, 0x0F, 0x80, 0x00,
    0x07, 0xCD, 0x0F, 0xEF, 0xF0, 0x0B, 0xAC, 0x0F, 0xEA, 0xF8, 0x0B, 0xB8, 0x0F, 0x40, 0xFC, 0x0B,
    0xB4, 0x1F, 0x40, 0xBC, 0x0B, 0xF0, 0x1F, 0x00, 0xFC, 0x0B, 0xE0, 0x1F, 0x40, 0xF4, 0x0B, 0xD0,
    0x0F, 0xC7, 0xE0, 0x0F, 0xC0, 0x03, 0xFF, 0x40, 0x00, 0x00, 0x00, 0x10, 0x00, 0x00, 0x2A, 0xAA,
    0xAA, 0xAA, 0x40, 0x00, 0x7F, 0xFF, 0xFF, 0xFF, 0x80, 0x00, 0x07, 0xE0, 0x00, 0x78, 0x00, 0x00,
    0x02, 0xF0, 0x00, 0xF0, 0x00, 0x00, 0x00, 0xFC, 0x02, 0xC0, 0x00, 0x00, 0x00, 0x7D, 0x07, 0x40,
    0x00, 0x00, 0x00, 0x3F, 0x0E, 0x00, 0x00, 0x00, 0x00, 0x0F, 0xBC, 0x00, 0x00, 0x00, 0x00, 0x1F,
    0xF9, 0x00, 0x00, 0x00, 0x07, 0xFF, 0xFF, 0xF0, 0x00, 0x00, 0x1F, 0x43, 0xE0, 0xFC, 0x00, 0x00,
    0x3E, 0x03, 0xE0, 0x7E, 0x00, 0x00, 0xBD, 0x03, 0xE0, 0x3F, 0x00, 0x00, 0xFC, 0x03, 0xE0, 0x2F,
    0x40, 0x02, 0xF4, 0x03, 0xE0, 0x0F, 0xC0, 0x03, 0xF0, 0x07, 0xD0, 0x0F, 0xD0, 0xAF, 0xD0, 0x1B,
    0xF9, 0x07, 0xF5, 0xBF, 0x80, 0x7F, 0xFE, 0x02, 0xFE, 0x04, 0x00, 0x00, 0x00, 0x00, 0x10, 0x02,
    0xAA, 0xAA, 0xA9, 0x00, 0x2F, 0xEA, 0xAF, 0x80, 0x00, 0x7D, 0x01, 0xD0, 0x00, 0x03, 0xF0, 0x38,
    0x00, 0x00, 0x1F, 0x4B, 0x00, 0x00, 0x00, 0xFD, 0xF0, 0x00, 0x00, 0x1F, 0xFF, 0xC0, 0x00, 0x0F,
    0xBF, 0x7D, 0x00, 0x07, 0xC3, 0xE3, 0xF0, 0x01, 0xE0, 0x3D, 0x1F, 0x80, 0x3C, 0x03, 0xD0, 0xBD,
    0x47, 0xF0, 0x3D, 0x03, 0xFD, 0x3F, 0x03, 0xD0, 0x1F, 0x40, 0x40, 0x00, 0x00, 0x40, 0x00, 0x00,
    0x01, 0x80, 0x00, 0x00, 0x3C, 0x00, 0x00, 0x07, 0x82, 0xAA, 0xAA, 0xF4, 0x3F, 0xFF, 0xFF, 0x00,
    0x3E, 0x00, 0x00, 0x03, 0xE0, 0x00, 0x00, 0x3E, 0x00, 0x00, 0x03, 0xE0, 0x00, 0x00, 0x3E, 0x00,
    0x00, 0x03, 0xE0, 0x00, 0x00, 0x7D, 0x00, 0x00, 0x07, 0xD0, 0x00, 0x00, 0x7D, 0x00, 0x00, 0x07,
    0xD0, 0x00, 0x00, 0x7D, 0x00, 0x00, 0x07, 0xC0, 0x00, 0x00, 0xBC, 0x00, 0x00, 0x0B, 0xC0, 0x00,
    0x05, 0xFE, 0x50, 0x00, 0xFF, 0xFF, 0x00, 0x00, 0x00, 0x00, 0x02, 0xC0, 0x00, 0x00, 0x3C, 0x00,
    0x00, 0x07, 0xC0, 0x00, 0xBF, 0xF8, 0x00, 0x3F, 0xBF, 0x40, 0x07, 0xC0, 0x00, 0x00, 0xBC, 0x00,
    0x00, 0x0B, 0xC0, 0x00, 0x00, 0xBC, 0x00, 0x00, 0x0B, 0xC0, 0x00, 0x00, 0xBC, 0x00, 0x00, 0x0B,
    0xC0, 0x00, 0x00, 0xBC, 0x00, 0x00, 0x0B, 0xC0, 0x00, 0x00, 0xBC, 0x00, 0x00, 0x0F, 0x80, 0x00,
    0x00, 0xF4, 0x00, 0x00, 0x0F, 0x00, 0x00, 0x00, 0xE0, 0x00, 0x07, 0xBC, 0x00, 0x00, 0x7F, 0x40,
    0x00, 0x02, 0x90, 0x00, 0x00, 0x2A, 0xAA, 0xAA, 0x4F, 0xFF, 0xFF, 0xE0, 0x3E, 0x00, 0xF8, 0x0F,
    0x80, 0x0E, 0x03, 0xE0, 0x03, 0xC0, 0xF8, 0x00, 0x00, 0x3E, 0x00, 0x00, 0x1F, 0x80, 0x00, 0x7F,
    0xFF, 0xE0, 0x1F, 0xFF, 0xF4, 0x00, 0x7D, 0x00, 0x00, 0x1F, 0x40, 0x00, 0x07, 0xD0, 0x00, 0x01,
    0xF0, 0x00, 0x00, 0xBC, 0x00, 0x00, 0x2F, 0x00, 0x00, 0x5F, 0xE5, 0x00, 0x3F, 0xFF, 0xC0, 0x00,
    0x00, 0x00, 0x00, 0x2F, 0xE0, 0x2F, 0xFF, 0x83, 0x81, 0xFC, 0x00, 0x1F, 0x80, 0x03, 0xF0, 0x00,
    0xFD, 0x0B, 0xFF, 0xFC, 0x1F, 0xD5, 0x43, 0xF0, 0x00, 0x7D, 0x00, 0x0B, 0xD0, 0x28, 0x7F, 0xBF,
    0x82, 0xFF, 0x80, 0x01, 0x40, 0x00, 0x02, 0x90, 0x06, 0xAA, 0x80, 0x1A, 0x00, 0x1F, 0xD0, 0x3F,
    0xFF, 0x01, 0xFD, 0x00, 0x7F, 0xC0, 0x0F, 0xC0, 0x0F, 0xF4, 0x00, 0x87, 0x40, 0x3F, 0x00, 0xB0,
    0x80, 0x00, 0x0E, 0x00, 0xFC, 0x03, 0x80, 0x00, 0x00, 0x2C, 0x03, 0xF0, 0x2C, 0x00, 0x00, 0x00,
    0x38, 0x0F, 0x80, 0xE0, 0x00, 0x00, 0x00, 0x78, 0x3E, 0x0F, 0x00, 0x00, 0x00, 0x00, 0xBF, 0xFF,
    0xF4, 0x00, 0x00, 0x00, 0x0F, 0xEB, 0xF6, 0xFC, 0x00, 0x00, 0x00, 0xFC, 0x0F, 0x80, 0xFC, 0x00,
    0x00, 0x0B, 0xD0, 0x3E, 0x02, 0xF4, 0x00, 0x00, 0x3F, 0x01, 0xF4, 0x03, 0xF0, 0x00, 0x02, 0xF4,
    0x07, 0xD0, 0x0B, 0xD0, 0x00, 0x0F, 0xC0, 0x1F, 0x40, 0x1F, 0x80, 0x00, 0xBD, 0x00, 0x7D, 0x00,
    0x3F, 0x00, 0xAB, 0xF0, 0x07, 0xF9, 0x40, 0xBF, 0xB1, 0xFF, 0x00, 0xBF, 0xFE, 0x00, 0xFF, 0xC0,
    0x10, 0x00, 0x00, 0x00, 0x00, 0x4F, 0x00, 0x00, 0x00, 0x00, 0x00, 0x00, 0x3C, 0x00, 0x00, 0x00,
    0x00, 0x00, 0x00, 0xF0, 0x00, 0x00, 0x00, 0x00, 0x00, 0x03, 0x80, 0x00, 0x00, 0x00, 0x00, 0x00,
    0x02, 0xF0, 0x1F, 0x00, 0xBC, 0x03, 0xFD, 0x07, 0xC0, 0xFF, 0x40, 0x8F, 0x82, 0xF0, 0x7A, 0xC0,
    0x01, 0xF0, 0xBC, 0x38, 0x00, 0x00, 0x3E, 0x3E, 0x2C, 0x00, 0x00, 0x0B, 0xFF, 0x9F, 0x00, 0x00,
    0x00, 0xFB, 0xDF, 0xD0, 0x00, 0x00, 0xF4, 0xFB, 0xFC, 0x00, 0x00, 0xF0, 0x3F, 0x8F, 0x80, 0x00,
    0xF0, 0x0F, 0xC2, 0xF0, 0x00, 0xB8, 0x03, 0xD0, 0x3F, 0x00, 0x3F, 0x40, 0xF4, 0x0B, 0xFF, 0x0B,
    0xD0, 0x7C, 0x00, 0xFF, 0xC0, 0x40, 0x00, 0x00, 0x02, 0xE0, 0x00, 0x00, 0x00, 0x00, 0xF0, 0x00,
    0x00, 0x00, 0x00, 0x38, 0x00, 0x00, 0x00, 0x00, 0x2C, 0x00, 0x00, 0x00, 0x00, 0x05, 0x00, 0x2A,
    0xAA, 0x00, 0x68, 0x03, 0xFF, 0xF0, 0x1F, 0xE0, 0x03, 0xE0, 0x03, 0xFE, 0x00, 0x3E, 0x00, 0x70,
    0x80, 0x03, 0xE0, 0x0E, 0x00, 0x00, 0x3E, 0x01, 0xC0, 0x00, 0x03, 0xE0, 0x38, 0x00, 0x00, 0x3E,
    0x1F, 0x00, 0x00, 0x07, 0xDF, 0xC0, 0x00, 0x00, 0x7D, 0x6F, 0xC0, 0x00, 0x07, 0xD0, 0x7F, 0x00,
    0x00, 0x7D, 0x02, 0xF4, 0x00, 0x07, 0xD0, 0x1F, 0x80, 0x00, 0xBD, 0x00, 0xFC, 0x00, 0x0B, 0xC0,
    0x0B, 0xE0, 0x00, 0xBC, 0x00, 0x3F, 0x00, 0x5F, 0xE4, 0x02, 0xFE, 0xCF, 0xFF, 0xD0, 0x0F, 0xFC,
    0x00, 0x00, 0x00, 0x13, 0xC0, 0x00, 0x00, 0x00, 0x3C, 0x00, 0x00, 0x00, 0x03, 0x80, 0x00, 0x00,
    0x00, 0x34, 0x00, 0x00, 0x00, 0x01, 0xBF, 0x00, 0xBD, 0x0A, 0xFC, 0x0B, 0xFC, 0x01, 0xF0, 0x3D,
    0xE0, 0x07, 0xC2, 0xC1, 0x00, 0x1F, 0x0D, 0x00, 0x00, 0x7C, 0xB0, 0x00, 0x02, 0xF3, 0xF0, 0x00,
    0x0B, 0xAF, 0xE0, 0x00, 0x2E, 0xDF, 0xC0, 0x00, 0xBF, 0x0F, 0x80, 0x03, 0xF4, 0x2F, 0x44, 0x0F,
    0xC0, 0x3F, 0xF4, 0x3E, 0x00, 0x7F, 0xC0, 0x00, 0x00, 0x0F, 0x00, 0x00, 0x00, 0x78, 0x00, 0x00,
    0x02, 0xC0, 0x00, 0x00, 0x0E, 0x00, 0x00, 0x00, 0x20, 0x00, 0x2A, 0xA9, 0x02, 0xAA, 0xA0, 0xFF,
    0xF8, 0x0F, 0xFF, 0xC0, 0x3E, 0x00, 0x03, 0xF0, 0x00, 0xF8, 0x00, 0x0F, 0x80, 0x03, 0xE0, 0x00,
    0x3E, 0x00, 0x0F, 0x80, 0x00, 0xF8, 0x00, 0x7D, 0x00, 0x03, 0xE0, 0x01, 0xF4, 0x00, 0x1F, 0x80,
    0x07, 0xFF, 0xFF, 0xFD, 0x00, 0x1F, 0xFF, 0xFF, 0xF4, 0x00, 0x7D, 0x00, 0x07, 0xD0, 0x01, 0xF4,
    0x00, 0x1F, 0x40, 0x0B, 0xC0, 0x00, 0x7D, 0x00, 0x2F, 0x00, 0x01, 0xF4, 0x00, 0xBC, 0x00, 0x0B,
    0xC0, 0x02, 0xF0, 0x00, 0x2F, 0x00, 0x5F, 0xE4, 0x01, 0xFE, 0xA3, 0xFF, 0xF4, 0x2F, 0xFF, 0xD0,
    0x00, 0x00, 0x00, 0x1F, 0x00, 0x00, 0x00, 0x00, 0x3C, 0x00, 0x00, 0x00, 0x00, 0xF0, 0x00, 0x00,
    0x00, 0x03, 0x80, 0x00, 0x00, 0x00, 0x00, 0x6F, 0xC0, 0x0A, 0x40, 0xBF, 0xD0, 0x0F, 0x80, 0x07,
    0xD0, 0x0F, 0x40, 0x07, 0xC0, 0x0F, 0x40, 0x07, 0xC0, 0x0F, 0x40, 0x07, 0xD5, 0x6F, 0x00, 0x0B,
    0xFF, 0xFF, 0x00, 0x0B, 0xD5, 0x2F, 0x00, 0x0B, 0xC0, 0x2F, 0x00, 0x0F, 0xC0, 0x2F, 0x00, 0x0F,
    0x80, 0x3F, 0x00, 0x0F, 0x80, 0x3F, 0xBC, 0x0F, 0x80, 0x1F, 0xFC, 0x00, 0x00, 0x00, 0xB8, 0x00,
    0x00, 0x00, 0xF0, 0x00, 0x00, 0x00, 0xE0, 0x00, 0x00, 0x02, 0xC0, 0x00, 0x00, 0x01, 0x40, 0x2A,
    0xA9, 0x00, 0xAA, 0x97, 0xFF, 0xD0, 0x1F, 0xFD, 0x0B, 0xE0, 0x00, 0x2D, 0x00, 0x3F, 0x00, 0x03,
    0x80, 0x01, 0xF8, 0x00, 0xB0, 0x00, 0x0F, 0xC0, 0x1E, 0x00, 0x00, 0x7E, 0x03, 0xC0, 0x00, 0x03,
    0xF0, 0x74, 0x00, 0x00, 0x1F, 0x8F, 0x00, 0x00, 0x00, 0xBE, 0xC0, 0x00, 0x00, 0x03, 0xF8, 0x00,
    0x00, 0x00, 0x2F, 0x00, 0x00, 0x00, 0x02, 0xF0, 0x00, 0x00, 0x00, 0x3F, 0x00, 0x00, 0x00, 0x03,
    0xF0, 0x00, 0x00, 0x00, 0x3F, 0x00, 0x00, 0x00, 0x1B, 0xF9, 0x00, 0x00, 0x03, 0xFF, 0xF0, 0x00,
    0x00, 0x00, 0x00, 0x02, 0xFC, 0x00, 0xFC, 0x3B, 0xE0, 0x1F, 0xD0, 0x3F, 0x00, 0x7E, 0x02, 0xF4,
    0x02, 0xD0, 0x0F, 0x80, 0x2C, 0x00, 0xFC, 0x03, 0xC0, 0x0B, 0xC0, 0x74, 0x00, 0x7D, 0x0F, 0x00,
    0x03, 0xE1, 0xD0, 0x00, 0x3F, 0x38, 0x00, 0x02, 0xFB, 0x00, 0x00, 0x1F, 0xD0, 0x00, 0x00, 0xFC,
    0x00, 0x00, 0x0F, 0x40, 0x00, 0x00, 0xF4, 0x00, 0x00, 0x0F, 0x00, 0x00, 0x01, 0xF0, 0x00, 0x00,
    0xFF, 0xF0, 0x00, 0x05, 0x55, 0x00, 0x2A, 0xA9, 0x01, 0xAA, 0x97, 0xFF, 0xD0, 0x1F, 0xFD, 0x0B,
    0xD0, 0x00, 0x3D, 0x00, 0x3F, 0x00, 0x07, 0x80, 0x01, 0xF4, 0x00, 0xF0, 0x00, 0x0F, 0xC0, 0x1D,
    0x00, 0x00, 0x7E, 0x03, 0xC0, 0x00, 0x03, 0xF0, 0xB4, 0x00, 0x00, 0x1F, 0x8E, 0x00, 0x00, 0x00,
    0xFE, 0xC0, 0x00, 0x00, 0x07, 0xF8, 0x00, 0x00, 0x00, 0x3F, 0x00, 0x00, 0x00, 0x17, 0xF5, 0x00,
    0x00, 0x03, 0xFF, 0xF4, 0x00, 0x00, 0x03, 0xF0, 0x00, 0x00, 0x00, 0x3F, 0x00, 0x00, 0x00, 0x1B,
    0xF9, 0x00, 0x00, 0x03, 0xFF, 0xF0, 0x00, 0x00, 0x00, 0x00, 0x02, 0xFC, 0x00, 0xFC, 0x3B, 0xE0,
    0x1F, 0xD0, 0x3F, 0x00, 0x7E, 0x02, 0xF4, 0x02, 0xD0, 0x0F, 0x80, 0x2C, 0x00, 0xFC, 0x03, 0xC0,
    0x0B, 0xC0, 0x74, 0x00, 0x7D, 0x0F, 0x00, 0x03, 0xE1, 0xD0, 0x00, 0x3F, 0x38, 0x00, 0x02, 0xFB,
    0x00, 0x00, 0x1F, 0xD0, 0x00, 0x00, 0xFC, 0x00, 0x01, 0x5F, 0x95, 0x00, 0x3F, 0xFF, 0xE0, 0x00,
    0x0F, 0x00, 0x00, 0x01, 0xF0, 0x00, 0x00, 0xFF, 0xF0, 0x00, 0x05, 0x55, 0x00, 0x2A, 0xAA, 0x00,
    0x00, 0x03, 0xFF, 0xF0, 0x00, 0x00, 0x03, 0xF0, 0x00, 0x00, 0x00, 0x3E, 0x00, 0x00, 0x00, 0x03,
    0xE0, 0x00, 0x00, 0x00, 0x3E, 0x00, 0x00, 0x00, 0x03, 0xE0, 0x05, 0x00, 0x00, 0x3E, 0x2F, 0xFE,
    0x00, 0x07, 0xFF, 0xAB, 0xF8, 0x00, 0x7F, 0x40, 0x0F, 0xC0, 0x07, 0xD0, 0x00, 0x7D, 0x00, 0x7D,
    0x00, 0x07, 0xD0, 0x07, 0xD0, 0x00, 0x7D, 0x00, 0x7D, 0x00, 0x07, 0xD0, 0x0B, 0xD0, 0x00, 0x7D,
    0x00, 0xBC, 0x00, 0x07, 0xD0, 0x6F, 0xE4, 0x02, 0xFE, 0x4F, 0xFF, 0xC0, 0xBF, 0xFD, 0x00, 0x00,
    0x00, 0x02, 0xFF, 0x00, 0x00, 0x01, 0xBC, 0x00, 0x00, 0x01, 0xF0, 0x00, 0x00, 0x07, 0xC0, 0x00,
    0x00, 0x1F, 0x00, 0x00, 0x00, 0xBC, 0x00, 0x00, 0x02, 0xF0, 0x2F, 0xC0, 0x0B, 0xC3, 0xFF, 0x80,
    0x2F, 0x1D, 0x3F, 0x00, 0xBC, 0xB0, 0xFC, 0x02, 0xE3, 0x83, 0xF0, 0x0B, 0x9C, 0x0F, 0x80, 0x3D,
    0xB0, 0x3E, 0x00, 0xF7, 0x40, 0xF8, 0x03, 0xEC, 0x03, 0xD0, 0x0F, 0xF0, 0x1F, 0x40, 0x3F, 0x40,
    0x7D, 0x00, 0xFC, 0x01, 0xFA, 0x43, 0xF0, 0x03, 0xFD, 0x00, 0x00, 0x01, 0x00, 0x00, 0x2F, 0xE4,
    0x00, 0x0B, 0xFF, 0xFC, 0x00, 0xFD, 0x02, 0xFC, 0x0B, 0x40, 0x02, 0xF8, 0x04, 0x00, 0x03, 0xF0,
    0x00, 0x00, 0x0B, 0xD0, 0x00, 0x00, 0x1F, 0x80, 0x00, 0x00, 0x7E, 0x15, 0x55, 0x56, 0xF9, 0xFF,
    0xFF, 0xFF, 0xEB, 0xD5, 0x55, 0x6F, 0xAF, 0x00, 0x00, 0x7D, 0xBC, 0x00, 0x02, 0xF1, 0xF0, 0x00,
    0x0F, 0xC3, 0xE0, 0x00, 0xBD, 0x0B, 0xD0, 0x07, 0xE0, 0x0F, 0xE5, 0xBE, 0x00, 0x0B, 0xFF, 0xD0,
    0x00, 0x00, 0x40, 0x00, 0x00, 0x00, 0x00, 0x00, 0x1F, 0xF4, 0x03, 0xFF, 0xF8, 0x2D, 0x02, 0xF4,
    0x00, 0x03, 0xF0, 0x00, 0x0B, 0xC0, 0x01, 0xBF, 0x01, 0xBF, 0xFC, 0x2F, 0x92, 0xF2, 0xF0, 0x0F,
    0xCF, 0xC0, 0x3E, 0x3F, 0x02, 0xF0, 0xBD, 0x2F, 0x40, 0xFF, 0xF0, 0x00, 0x14, 0x00, 0x00, 0x00,
    0x1B, 0xF9, 0x00, 0x00, 0x3F, 0xFF, 0xF4, 0x00, 0x3F, 0x00, 0x7F, 0x40, 0x3F, 0x00, 0x03, 0xF0,
    0x2F, 0x00, 0x00, 0xBE, 0x0F, 0xC0, 0x00, 0x0F, 0xC3, 0xE0, 0x00, 0x03, 0xF1, 0xF4, 0x00, 0x00,
    0xFC, 0xBF, 0xFF, 0xFF, 0xFF, 0x2F, 0xFF, 0xFF, 0xFF, 0xCB, 0xD0, 0x00, 0x03, 0xF1, 0xF4, 0x00,
    0x00, 0xFC, 0x7E, 0x00, 0x00, 0x3E, 0x0F, 0xC0, 0x00, 0x2F, 0x42, 0xF8, 0x00, 0x0F, 0xC0, 0x3F,
    0x40, 0x0F, 0xC0, 0x03, 0xFE, 0x6F, 0xC0, 0x00, 0x2F, 0xFF, 0x80, 0x00, 0x00, 0x14, 0x00, 0x00,
    0x00, 0x00, 0x00, 0x01, 0xFF, 0x80, 0x0F, 0xEB, 0xF4, 0x2F, 0x00, 0xFC, 0x3E, 0x00, 0x7D, 0xBD,
    0x00, 0x3E, 0xBD, 0x55, 0x7E, 0xFF, 0xFF, 0xFE, 0xFC, 0x00, 0x7E, 0xFC, 0x00, 0x7E, 0xBD, 0x00,
    0xBC, 0x3E, 0x00, 0xFC, 0x2F, 0x87, 0xF0, 0x0B, 0xFF, 0x80, 0x00, 0x54, 0x00, 0x00, 0x00, 0x00,
    0x00, 0x00, 0x00, 0x7C, 0x00, 0x00, 0x0B, 0xF0, 0x00, 0x00, 0xBE, 0x00, 0x00, 0x07, 0x40, 0x00,
    0x00, 0x00, 0x00, 0x00, 0x01, 0xBF, 0x90, 0x00, 0x3F, 0xFF, 0xF0, 0x03, 0xF4, 0x03, 0xF0, 0x3F,
    0x00, 0x0B, 0xC1, 0xF4, 0x00, 0x3F, 0x0F, 0xC0, 0x00, 0x64, 0x3E, 0x00, 0x00, 0x01, 0xF4, 0x00,
    0x00, 0x0B, 0xD0, 0x00, 0x00, 0x2F, 0x40, 0x00, 0x00, 0xBD, 0x00, 0x00, 0x01, 0xF4, 0x00, 0x00,
    0x07, 0xE0, 0x00, 0x00, 0x0F, 0xC0, 0x00, 0x00, 0x2F, 0x80, 0x00, 0xE0, 0x3F, 0x40, 0x1F, 0x40,
    0x3F, 0xEB, 0xF4, 0x00, 0x2F, 0xFE, 0x00, 0x00, 0x07, 0x40, 0x00, 0x00, 0x2E, 0x00, 0x00, 0x00,
    0x6F, 0x00, 0x00, 0x00, 0x3D, 0x00, 0x00, 0x2A, 0xF0, 0x00, 0x00, 0xAE, 0x00, 0x00, 0x00, 0x01,
    0x40, 0x00, 0x1F, 0x00, 0x01, 0xF8, 0x00, 0x0F, 0x40, 0x00, 0xB0, 0x00, 0x01, 0x00, 0x00, 0x00,
    0x00, 0x00, 0x7F, 0xE0, 0x0B, 0xE6, 0xF0, 0xBC, 0x03, 0xD3, 0xE0, 0x2F, 0x5F, 0x00, 0x78, 0xBC,
    0x00, 0x03, 0xF0, 0x00, 0x0F, 0xC0, 0x00, 0x3F, 0x00, 0x00, 0xBD, 0x00, 0x00, 0xFC, 0x02, 0xC2,
    0xFE, 0xBD, 0x02, 0xFF, 0xD0, 0x00, 0xB0, 0x00, 0x03, 0xE0, 0x00, 0x06, 0xF0, 0x00, 0x03, 0xC0,
    0x02, 0xBF, 0x00, 0x0B, 0xE0, 0x00, 0x1A, 0xAA, 0x94, 0x00, 0x0F, 0xFF, 0xFF, 0xE0, 0x00, 0x3F,
    0x00, 0x7F, 0x40, 0x0F, 0xC0, 0x03, 0xF4, 0x03, 0xE0, 0x00, 0x3F, 0x00, 0xF8, 0x00, 0x0B, 0xD0,
    0x3E, 0x00, 0x01, 0xF8, 0x0F, 0x80, 0x00, 0x7F, 0x03, 0xE0, 0x00, 0x0F, 0xC0, 0xF8, 0x00, 0x07,
    0xE0, 0x7D, 0x00, 0x01, 0xF8, 0x1F, 0x40, 0x00, 0xBD, 0x07, 0xD0, 0x00, 0x3F, 0x01, 0xF4, 0x00,
    0x2F, 0x40, 0x7D, 0x00, 0x1F, 0xC0, 0x1F, 0x40, 0x2F, 0xC0, 0x5F, 0xEA, 0xFF, 0x40, 0x3F, 0xFF,
    0xF9, 0x00, 0x00, 0x00, 0x00, 0x00, 0x00, 0x00, 0x00, 0x00, 0x00, 0x00, 0x07, 0xC0, 0x00, 0x00,
    0x03, 0xF8, 0x00, 0x00, 0x00, 0xFD, 0x00, 0x00, 0x00, 0x09, 0x00, 0x00, 0x00, 0x00, 0x00, 0x00,
    0x00, 0x3F, 0xE0, 0x00, 0x01, 0xBE, 0x00, 0x00, 0x03, 0xE0, 0x00, 0x00, 0x3E, 0x00, 0x00, 0x03,
    0xE0, 0x00, 0x00, 0x3E, 0x00, 0x1F, 0xFB, 0xE0, 0x0B, 0xEA, 0xFD, 0x01, 0xF4, 0x03, 0xD0, 0x3E,
    0x00, 0xBD, 0x07, 0xD0, 0x0F, 0xD0, 0xBC, 0x00, 0xFD, 0x0F, 0xC0, 0x1F, 0xD0, 0xFC, 0x02, 0xBD,
    0x0F, 0xC0, 0x37, 0xD0, 0xFC, 0x07, 0x3D, 0x0B, 0xD0, 0xE3, 0xC0, 0x3F, 0xAC, 0x3E, 0x91, 0xFF,
    0x43, 0xFD, 0x01, 0x40, 0x04, 0x00, 0x00, 0x00, 0x00, 0x00, 0x3D, 0x00, 0x00, 0x0B, 0xF0, 0x00,
    0x00, 0x7F, 0x00, 0x00, 0x01, 0x80, 0x00, 0x1A, 0xAA, 0x94, 0x00, 0x0F, 0xFF, 0xFF, 0xE0, 0x00,
    0x3F, 0x00, 0x7F, 0x40, 0x0F, 0xC0, 0x03, 0xF4, 0x03, 0xE0, 0x00, 0x3F, 0x00, 0xF8, 0x00, 0x0B,
    0xD0, 0x3E, 0x00, 0x01, 0xF8, 0x0F, 0x80, 0x00, 0x7F, 0x03, 0xE0, 0x00, 0x0F, 0xC0, 0xF8, 0x00,
    0x07, 0xE0, 0x7D, 0x00, 0x01, 0xF8, 0x1F, 0x40, 0x00, 0xBD, 0x07, 0xD0, 0x00, 0x3F, 0x01, 0xF4,
    0x00, 0x2F, 0x40, 0x7D, 0x00, 0x1F, 0xC0, 0x1F, 0x40, 0x2F, 0xC0, 0x5F, 0xEA, 0xFF, 0x40, 0x3F,
    0xFF, 0xF9, 0x00, 0x00, 0x00, 0x00, 0x00, 0x00, 0x00, 0x00, 0x00, 0x00, 0x00, 0xFF, 0xFD, 0x00,
    0x00, 0x3F, 0xFF, 0x40, 0x00, 0x00, 0x00, 0x00, 0x00, 0x00, 0x00, 0x00, 0x00, 0x00, 0x3F, 0xE0,
    0x00, 0x01, 0xBE, 0x00, 0x00, 0x03, 0xE0, 0x00, 0x00, 0x3E, 0x00, 0x00, 0x03, 0xE0, 0x00, 0x00,
    0x3E, 0x00, 0x1F, 0xFB, 0xE0, 0x0B, 0xEA, 0xFD, 0x01, 0xF4, 0x03, 0xD0, 0x3E, 0x00, 0xBD, 0x07,
    0xD0, 0x0F, 0xD0, 0xBC, 0x00, 0xFD, 0x0F, 0xC0, 0x1F, 0xD0, 0xFC, 0x02, 0xBD, 0x0F, 0xC0, 0x37,
    0xD0, 0xFC, 0x07, 0x3D, 0x0B, 0xD0, 0xE3, 0xC0, 0x3F, 0xAC, 0x3E, 0x91, 0xFF, 0x43, 0xFD, 0x01,
    0x40, 0x04, 0x00, 0x00, 0x00, 0x00, 0x07, 0xFF, 0xE0, 0x00, 0xBF, 0xFF, 0x00, 0x00, 0x00, 0x00,
    0x00, 0x00, 0x00, 0x00, 0x00, 0x03, 0xC0, 0x00, 0x00, 0x7F, 0x00, 0x00, 0x01, 0xFC, 0x00, 0x00,
    0x01, 0xB0, 0x00, 0x00, 0x00, 0x00, 0x00, 0x00, 0x00, 0x00, 0x0F, 0xFF, 0xD0, 0x00, 0xFF, 0xFD,
    0x00, 0x00, 0x00, 0x00, 0x00, 0x00, 0x00, 0x02, 0xAA, 0xAA, 0xA4, 0x3F, 0xFF, 0xFF, 0xC0, 0x3E,
    0x00, 0xBC, 0x03, 0xE0, 0x03, 0xC0, 0x3E, 0x00, 0x2C, 0x03, 0xE0, 0x00, 0x00, 0x7D, 0x00, 0x00,
    0x07, 0xD0, 0x00, 0x00, 0x7F, 0xFF, 0xD0, 0x07, 0xFF, 0xFD, 0x00, 0x7D, 0x00, 0x00, 0x07, 0xD0,
    0x00, 0x00, 0xBC, 0x00, 0x00, 0x0B, 0xC0, 0x01, 0x80, 0xBC, 0x00, 0x3C, 0x0B, 0xC0, 0x07, 0xC6,
    0xFE, 0xAA, 0xFC, 0xFF, 0xFF, 0xFF, 0x80, 0x00, 0x00, 0x00, 0x0B, 0x40, 0x00, 0x3F, 0x80, 0x00,
    0x2F, 0x80, 0x00, 0x0B, 0x80, 0x00, 0x00, 0x00, 0x00, 0x00, 0x01, 0xFF, 0xF8, 0x0B, 0xFF, 0xE0,
    0x00, 0x00, 0x00, 0x00, 0x00, 0x00, 0x00, 0x00, 0x01, 0xFF, 0x80, 0x2F, 0x9F, 0xC2, 0xF0, 0x2F,
    0x0F, 0x80, 0x7C, 0x7C, 0x02, 0xF2, 0xF0, 0x6F, 0x4F, 0xEF, 0xE0, 0x3F, 0xE4, 0x00, 0xFC, 0x00,
    0x02, 0xF4, 0x00, 0x03, 0xF0, 0x0A, 0x0B, 0xFA, 0xF8, 0x0B, 0xFF, 0x40, 0x01, 0x40, 0x00, 0x00,
    0x00, 0x00, 0x00, 0x00, 0x0B, 0x80, 0x00, 0x02, 0xFC, 0x00, 0x00, 0xBE, 0x00, 0x00, 0x2D, 0x00,
    0x00, 0x00, 0x00, 0x00, 0x00, 0x00, 0x00, 0x00, 0x0F, 0xFF, 0xD0, 0x00, 0xFF, 0xFD, 0x00, 0x00,
    0x00, 0x00, 0x00, 0x00, 0x00, 0x02, 0xAA, 0xAA, 0xA4, 0x3F, 0xFF, 0xFF, 0xC0, 0x3E, 0x00, 0xBC,
    0x03, 0xE0, 0x03, 0xC0, 0x3E, 0x00, 0x2C, 0x03, 0xE0, 0x00, 0x00, 0x7D, 0x00, 0x00, 0x07, 0xD0,
    0x00, 0x00, 0x7F, 0xFF, 0xD0, 0x07, 0xFF, 0xFD, 0x00, 0x7D, 0x00, 0x00, 0x07, 0xD0, 0x00, 0x00,
    0xBC, 0x00, 0x00, 0x0B, 0xC0, 0x01, 0x80, 0xBC, 0x00, 0x3C, 0x0B, 0xC0, 0x07, 0xC6, 0xFE, 0xAA,
    0xFC, 0xFF, 0xFF, 0xFF, 0x80, 0x00, 0x00, 0x00, 0x00, 0x1F, 0x00, 0x01, 0xFC, 0x00, 0x1F, 0x80,
    0x00, 0xE0, 0x00, 0x00, 0x00, 0x00, 0x00, 0x00, 0x01, 0xFF, 0xF8, 0x0B, 0xFF, 0xE0, 0x00, 0x00,
    0x00, 0x00, 0x00, 0x00, 0x00, 0x00, 0x01, 0xFF, 0x80, 0x2F, 0x9F, 0xC2, 0xF0, 0x2F, 0x0F, 0x80,
    0x7C, 0x7C, 0x02, 0xF2, 0xF0, 0x6F, 0x4F, 0xEF, 0xE0, 0x3F, 0xE4, 0x00, 0xFC, 0x00, 0x02, 0xF4,
    0x00, 0x03, 0xF0, 0x0A, 0x0B, 0xFA, 0xF8, 0x0B, 0xFF, 0x40, 0x01, 0x40, 0x00, 0x00, 0x40, 0x00,
    0x00, 0x1C, 0x00, 0xA0, 0x00, 0xF0, 0x2D, 0x00, 0x0B, 0xFF, 0xC0, 0x00, 0x2F, 0xE0, 0x00, 0x00,
    0x00, 0x00, 0x2A, 0xAA, 0xAA, 0x43, 0xFF, 0xFF, 0xFC, 0x03, 0xE0, 0x0B, 0xC0, 0x3E, 0x00, 0x3C,
    0x03, 0xE0, 0x02, 0xC0, 0x3E, 0x00, 0x00, 0x07, 0xD0, 0x00, 0x00, 0x7D, 0x00, 0x00, 0x07, 0xFF,
    0xFD, 0x00, 0x7F, 0xFF, 0xD0, 0x07, 0xD0, 0x00, 0x00, 0x7D, 0x00, 0x00, 0x0B, 0xC0, 0x00, 0x00,
    0xBC, 0x00, 0x18, 0x0B, 0xC0, 0x03, 0xC0, 0xBC, 0x00, 0x7C, 0x6F, 0xEA, 0xAF, 0xCF, 0xFF, 0xFF,
    0xF8, 0x00, 0x0D, 0x00, 0x00, 0x00, 0xE4, 0x00, 0x00, 0x07, 0xE0, 0x00, 0x00, 0x1E, 0x00, 0x00,
    0x6B, 0xD0, 0x00, 0x06, 0xE4, 0x00, 0x00, 0x00, 0x10, 0x2C, 0x01, 0xC0, 0x74, 0x0E, 0x00, 0xFF,
    0xF0, 0x01, 0xFF, 0x40, 0x00, 0x50, 0x00, 0x00, 0x00, 0x00, 0x7F, 0xE0, 0x0B, 0xE7, 0xF0, 0xBC,
    0x0B, 0xC3, 0xE0, 0x1F, 0x1F, 0x00, 0xBC, 0xBC, 0x1B, 0xD3, 0xFB, 0xF8, 0x0F, 0xF9, 0x00, 0x3F,
    0x00, 0x00, 0xBD, 0x00, 0x00, 0xFC, 0x02, 0x82, 0xFE, 0xBE, 0x02, 0xFF, 0xD0, 0x00, 0xB0, 0x00,
    0x02, 0xE0, 0x00, 0x06, 0xF0, 0x00, 0x03, 0xC0, 0x02, 0xBF, 0x00, 0x0A, 0xE0, 0x00, 0x00, 0x3F,
    0xFF, 0x40, 0x00, 0xFF, 0xFD, 0x00, 0x00, 0x00, 0x00, 0x00, 0x00, 0x00, 0x00, 0x00, 0x0B, 0xFE,
    0x00, 0x02, 0xFF, 0xFF, 0x80, 0x3F, 0x40, 0x1F, 0x43, 0xF0, 0x00, 0x3F, 0x1F, 0x40, 0x01, 0xF8,
    0xFC, 0x00, 0x01, 0x83, 0xE0, 0x00, 0x00, 0x1F, 0x80, 0x00, 0x00, 0xBD, 0x00, 0x00, 0x02, 0xF4,
    0x00, 0x15, 0x4B, 0xD0, 0x01, 0xFF, 0x5F, 0x40, 0x00, 0xBD, 0x7E, 0x00, 0x01, 0xF4, 0xFC, 0x00,
    0x07, 0xD2, 0xF8, 0x00, 0x1F, 0x43, 0xF4, 0x00, 0xBC, 0x03, 0xFE, 0x6F, 0xF0, 0x02, 0xFF, 0xFD,
    0x00, 0x00, 0x14, 0x00, 0x00, 0x03, 0xFF, 0xF0, 0x03, 0xFF, 0xF0, 0x00, 0x00, 0x00, 0x00, 0x00,
    0x00, 0x00, 0x00, 0x00, 0x01, 0xFF, 0xED, 0x0B, 0xFA, 0xFE, 0x1F, 0x80, 0x3D, 0x3F, 0x00, 0x7D,
    0x7D, 0x00, 0xBD, 0xBC, 0x00, 0xFD, 0xFC, 0x01, 0xFD, 0xFC, 0x02, 0xBD, 0xFC, 0x03, 0x7C, 0xBC,
    0x07, 0x3C, 0x7D, 0x0F, 0x3C, 0x3F, 0xBD, 0x3C, 0x0F, 0xF4, 0x7C, 0x00, 0x00, 0xBC, 0x28, 0x00,
    0xF4, 0xBD, 0x01, 0xF0, 0xBC, 0x03, 0xD0, 0x7F, 0xAF, 0x40, 0x0A, 0xA4, 0x00, 0x2A, 0xA9, 0x02,
    0xAA, 0xA3, 0xFF, 0xE0, 0x3F, 0xFF, 0x03, 0xE0, 0x00, 0x3F, 0x00, 0x3E, 0x00, 0x03, 0xE0, 0x03,
    0xE0, 0x00, 0x3E, 0x00, 0x3E, 0x00, 0x03, 0xE0, 0x07, 0xD0, 0x00, 0x3E, 0x00, 0x7D, 0x00, 0x07,
    0xE0, 0x07, 0xFF, 0xFF, 0xFD, 0x00, 0x7F, 0xFF, 0xFF, 0xD0, 0x07, 0xD0, 0x00, 0x7D, 0x00, 0x7D,
    0x00, 0x07, 0xD0, 0x0B, 0xC0, 0x00, 0x7D, 0x00, 0xBC, 0x00, 0x07, 0xD0, 0x0B, 0xC0, 0x00, 0xBC,
    0x00, 0xBC, 0x00, 0x0B, 0xC0, 0x5F, 0xE4, 0x01, 0xFE, 0x4F, 0xFF, 0xD0, 0xBF, 0xFD, 0x00, 0x00,
    0x00, 0x00, 0x00, 0x00, 0x00, 0x00, 0x00, 0x00, 0x02, 0xE0, 0x00, 0x00, 0x00, 0x7F, 0x00, 0x00,
    0x00, 0x03, 0xF0, 0x00, 0x00, 0x00, 0x19, 0x00, 0x00, 0x00, 0x00, 0x00, 0x02, 0xFF, 0x00, 0x00,
    0x01, 0xBC, 0x00, 0x00, 0x01, 0xF0, 0x00, 0x00, 0x07, 0xC0, 0x00, 0x00, 0x1F, 0x00, 0x00, 0x00,
    0xBC, 0x00, 0x00, 0x02, 0xF0, 0x2F, 0xC0, 0x0B, 0xC3, 0xFF, 0x80, 0x2F, 0x1D, 0x3F, 0x00, 0xBC,
    0xB0, 0xFC, 0x02, 0xE3, 0x83, 0xF0, 0x0B, 0x9C, 0x0F, 0x80, 0x3D, 0xB0, 0x3E, 0x00, 0xF7, 0x40,
    0xF8, 0x03, 0xEC, 0x03, 0xD0, 0x0F, 0xF0, 0x1F, 0x40, 0x3F, 0x40, 0x7D, 0x00, 0xFC, 0x01, 0xFA,
    0x43, 0xF0, 0x03, 0xFD, 0x00, 0x00, 0x01, 0x00, 0x00, 0x00, 0x00, 0x00, 0x00, 0xF4, 0x00, 0x00,
    0x07, 0xF0, 0x00, 0x00, 0x1F, 0xC0, 0x00, 0x00, 0x18, 0x00, 0x00, 0x2A, 0xA9, 0x02, 0xAA, 0xA3,
    0xFF, 0xE0, 0x3F, 0xFF, 0x03, 0xE0, 0x00, 0x3F, 0x00, 0x3E, 0x00, 0x03, 0xE0, 0x03, 0xE0, 0x00,
    0x3E, 0x00, 0x3E, 0x00, 0x03, 0xE0, 0x07, 0xD0, 0x00, 0x3E, 0x00, 0x7D, 0x00, 0x07, 0xE0, 0x07,
    0xFF, 0xFF, 0xFD, 0x00, 0x7F, 0xFF, 0xFF, 0xD0, 0x07, 0xD0, 0x00, 0x7D, 0x00, 0x7D, 0x00, 0x07,
    0xD0, 0x0B, 0xC0, 0x00, 0x7D, 0x00, 0xBC, 0x00, 0x07, 0xD0, 0x0B, 0xC0, 0x00, 0xBC, 0x00, 0xBC,
    0x00, 0x0B, 0xC0, 0x5F, 0xE4, 0x01, 0xFE, 0x4F, 0xFF, 0xD0, 0xBF, 0xFD, 0x00, 0x00, 0x00, 0x00,
    0x00, 0x00, 0x00, 0x00, 0x00, 0x00, 0x70, 0x03, 0x80, 0x00, 0x03, 0x80, 0xB0, 0x00, 0x00, 0x3F,
    0xFE, 0x00, 0x00, 0x00, 0xBF, 0x80, 0x00, 0x00, 0x00, 0x00, 0x00, 0x00, 0x00, 0x00, 0x00, 0x02,
    0xFF, 0x00, 0x00, 0x01, 0xBC, 0x00, 0x00, 0x01, 0xF0, 0x00, 0x00, 0x07, 0xC0, 0x00, 0x00, 0x1F,
    0x00, 0x00, 0x00, 0xBC, 0x00, 0x00, 0x02, 0xF0, 0x2F, 0xC0, 0x0B, 0xC3, 0xFF, 0x80, 0x2F, 0x1D,
    0x3F, 0x00, 0xBC, 0xB0, 0xFC, 0x02, 0xE3, 0x83, 0xF0, 0x0B, 0x9C, 0x0F, 0x80, 0x3D, 0xB0, 0x3E,
    0x00, 0xF7, 0x40, 0xF8, 0x03, 0xEC, 0x03, 0xD0, 0x0F, 0xF0, 0x1F, 0x40, 0x3F, 0x40, 0x7D, 0x00,
    0xFC, 0x01, 0xFA, 0x43, 0xF0, 0x03, 0xFD, 0x00, 0x00, 0x01, 0x00, 0x00, 0x00, 0x00, 0x00, 0x2C,
    0x00, 0xD0, 0x00, 0x78, 0x0F, 0x00, 0x00, 0xFF, 0xF4, 0x00, 0x00, 0xFF, 0x80, 0x00, 0x00, 0x00,
    0x00, 0x00, 0x00, 0x00, 0x00, 0x0B, 0x80, 0x0B, 0xF0, 0x0B, 0xE0, 0x0B, 0x40, 0x00, 0x00, 0x02,
    0x80, 0xA3, 0xF4, 0xBE, 0xFD, 0x2F, 0x89, 0x01, 0x40, 0x00, 0x00, 0xAA, 0xA4, 0x3F, 0xFE, 0x00,
    0xF8, 0x00, 0x3E, 0x00, 0x0F, 0x80, 0x03, 0xE0, 0x00, 0xF4, 0x00, 0x7D, 0x00, 0x1F, 0x40, 0x07,
    0xD0, 0x01, 0xF4, 0x00, 0x7D, 0x00, 0x1F, 0x40, 0x0B, 0xC0, 0x02, 0xF0, 0x00, 0xBC, 0x01, 0xBF,
    0x90, 0xFF, 0xFD, 0x00, 0x00, 0x00, 0x00, 0x0B, 0x80, 0x0B, 0xF0, 0x0B, 0xE0, 0x0B, 0x40, 0x00,
    0x00, 0x02, 0x80, 0xA3, 0xF4, 0xBE, 0xFD, 0x2F, 0x89, 0x02, 0x40, 0x00, 0x00, 0x00, 0x00, 0x0B,
    0xF0, 0x07, 0xFD, 0x00, 0x0F, 0x80, 0x03, 0xD0, 0x00, 0xF4, 0x00, 0x7D, 0x00, 0x1F, 0x00, 0x07,
    0xC0, 0x02, 0xF0, 0x00, 0xBC, 0x00, 0x2F, 0x00, 0x0B, 0xDD, 0x01, 0xFE, 0x00, 0x04, 0x00, 0x2A,
    0xAA, 0x00, 0x03, 0xFF, 0xF4, 0x00, 0x03, 0xE0, 0x00, 0x00, 0x3E, 0x00, 0x00, 0x03, 0xE0, 0x00,
    0x00, 0x3E, 0x00, 0x00, 0x07, 0xD0, 0x00, 0x00, 0x7D, 0x00, 0x00, 0x07, 0xD0, 0x00, 0x00, 0x7D,
    0x00, 0x00, 0x07, 0xD0, 0x00, 0x00, 0x7D, 0x00, 0x00, 0x0B, 0xC0, 0x00, 0x00, 0xBC, 0x00, 0x2C,
    0x0B, 0xC0, 0x03, 0xC0, 0xBC, 0x00, 0x7C, 0x5F, 0xEA, 0xAF, 0x8F, 0xFF, 0xFF, 0xF8, 0x00, 0x00,
    0x00, 0x00, 0x00, 0x00, 0x00, 0x00, 0x2F, 0x00, 0x00, 0x03, 0xF4, 0x00, 0x00, 0x3F, 0x40, 0x00,
    0x00, 0x90, 0x00, 0x00, 0x00, 0xBF, 0xC0, 0x1B, 0xC0, 0x07, 0xC0, 0x07, 0xC0, 0x07, 0xC0, 0x0B,
    0xC0, 0x0B, 0xC0, 0x0B, 0xC0, 0x0B, 0xC0, 0x0B, 0xC0, 0x0B, 0xC0, 0x0F, 0xC0, 0x0F, 0xC0, 0x0F,
    0x80, 0x0F, 0x80, 0x0F, 0x80, 0x0F, 0x80, 0x0F, 0xDC, 0x0B, 0xF8, 0x01, 0x40, 0x00, 0x00, 0x03,
    0xD0, 0x0B, 0xF0, 0x07, 0xF0, 0x01, 0x80, 0x3F, 0xFF, 0x40, 0x03, 0xFF, 0xF0, 0x00, 0x00, 0x00,
    0x00, 0x00, 0x00, 0x00, 0x00, 0x2A, 0xAA, 0x00, 0x03, 0xFF, 0xF4, 0x00, 0x03, 0xE0, 0x00, 0x00,
    0x3E, 0x00, 0x00, 0x03, 0xE0, 0x00, 0x00, 0x3E, 0x00, 0x00, 0x07, 0xD0, 0x00, 0x00, 0x7D, 0x00,
    0x00, 0x07, 0xD0, 0x00, 0x00, 0x7D, 0x00, 0x00, 0x07, 0xD0, 0x00, 0x00, 0x7D, 0x00, 0x00, 0x0B,
    0xC0, 0x00, 0x00, 0xBC, 0x00, 0x2C, 0x0B, 0xC0, 0x03, 0xC0, 0xBC, 0x00, 0x7C, 0x5F, 0xEA, 0xAF,
    0x8F, 0xFF, 0xFF, 0xF8, 0x00, 0x00, 0x00, 0x00, 0x00, 0x00, 0x00, 0x00, 0x2F, 0x00, 0x00, 0x03,
    0xF4, 0x00, 0x00, 0x3F, 0x40, 0x00, 0x00, 0x90, 0x00, 0xBF, 0xFF, 0x2F, 0xFF, 0x80, 0x00, 0x00,
    0x00, 0x00, 0x2F, 0xF0, 0x01, 0xBC, 0x00, 0x1F, 0x00, 0x07, 0xC0, 0x01, 0xF0, 0x00, 0xBC, 0x00,
    0x2F, 0x00, 0x0B, 0xC0, 0x02, 0xF0, 0x00, 0xBC, 0x00, 0x2F, 0x00, 0x0F, 0xC0, 0x03, 0xF0, 0x00,
    0xF8, 0x00, 0x3E, 0x00, 0x0F, 0x80, 0x03, 0xE0, 0x00, 0xFD, 0xC0, 0x2F, 0xE0, 0x01, 0x40, 0x00,
    0x00, 0x00, 0x3D, 0x00, 0x2F, 0xC0, 0x07, 0xF0, 0x00, 0x60, 0x00, 0x2A, 0xAA, 0x00, 0x03, 0xFF,
    0xF4, 0x00, 0x03, 0xE0, 0x00, 0x00, 0x3E, 0x00, 0x00, 0x03, 0xE0, 0x00, 0x00, 0x3E, 0x00, 0x00,
    0x07, 0xD0, 0x00, 0x00, 0x7D, 0x00, 0x00, 0x07, 0xD0, 0x00, 0x00, 0x7D, 0x00, 0x00, 0x07, 0xD0,
    0x00, 0x00, 0x7D, 0x00, 0x00, 0x0B, 0xC0, 0x00, 0x00, 0xBC, 0x00, 0x2C, 0x0B, 0xC0, 0x03, 0xC0,
    0xBC, 0x00, 0x7C, 0x5F, 0xEA, 0xAF, 0x8F, 0xFF, 0xFF, 0xF8, 0x00, 0x00, 0x00, 0x00, 0x00, 0x00,
    0x00, 0x03, 0xFF, 0xF4, 0x00, 0x3F, 0xFF, 0x40, 0x00, 0x00, 0x00, 0x00, 0x00, 0x00, 0xBF, 0xC0,
    0x1B, 0xC0, 0x07, 0xC0, 0x07, 0xC0, 0x07, 0xC0, 0x0B, 0xC0, 0x0B, 0xC0, 0x0B, 0xC0, 0x0B, 0xC0,
    0x0B, 0xC0, 0x0B, 0xC0, 0x0F, 0xC0, 0x0F, 0xC0, 0x0F, 0x80, 0x0F, 0x80, 0x0F, 0x80, 0x0F, 0x80,
    0x0F, 0xDC, 0x0B, 0xF8, 0x01, 0x40, 0x00, 0x00, 0x7F, 0xFF, 0x7F, 0xFF, 0x00, 0x00, 0x1A, 0xA8,
    0x00, 0x00, 0xAA, 0x90, 0xBF, 0xF4, 0x00, 0x03, 0xFF, 0x80, 0x3F, 0xE0, 0x00, 0x2F, 0xF0, 0x00,
    0xFF, 0xC0, 0x00, 0xFF, 0xC0, 0x03, 0xDF, 0x40, 0x03, 0xAF, 0x00, 0x0F, 0x3E, 0x00, 0x2D, 0xBC,
    0x00, 0x3C, 0xFC, 0x00, 0xF2, 0xF0, 0x00, 0xE2, 0xF0, 0x03, 0x8B, 0xC0, 0x03, 0x87, 0xD0, 0x1D,
    0x2F, 0x00, 0x0E, 0x0F, 0x80, 0xF0, 0xBC, 0x00, 0x74, 0x2F, 0x03, 0x82, 0xF0, 0x01, 0xD0, 0x7D,
    0x1D, 0x0B, 0xC0, 0x07, 0x40, 0xF8, 0xF0, 0x1F, 0x00, 0x2D, 0x03, 0xF3, 0x80, 0x7C, 0x00, 0xB0,
    0x0B, 0xED, 0x01, 0xF0, 0x02, 0xC0, 0x1F, 0xF0, 0x07, 0xD0, 0x6F, 0x90, 0x3F, 0x80, 0x6F, 0x93,
    0xFF, 0xC0, 0xBD, 0x0B, 0xFF, 0xE0, 0x00, 0x00, 0x00, 0x00, 0x00, 0x00, 0x00, 0x00, 0x00, 0x00,
    0x00, 0x00, 0x00, 0x1F, 0x00, 0x00, 0x00, 0x00, 0x00, 0xFD, 0x00, 0x00, 0x00, 0x00, 0x03, 0xF4,
    0x00, 0x00, 0x00, 0x00, 0x02, 0x40, 0x00, 0x00, 0x00, 0x00, 0x00, 0x00, 0x00, 0x01, 0xFE, 0x03,
    0xF8, 0x07, 0xF4, 0x0B, 0xFC, 0x3F, 0xF4, 0x7F, 0xF0, 0x01, 0xF1, 0xD3, 0xD3, 0xCB, 0xC0, 0x07,
    0xCB, 0x0F, 0x4D, 0x1F, 0x00, 0x1F, 0x38, 0x3D, 0x70, 0x7C, 0x00, 0xBD, 0xC0, 0xF3, 0x82, 0xF0,
    0x02, 0xEB, 0x03, 0xCD, 0x0B, 0xC0, 0x0B, 0xB8, 0x0F, 0x70, 0x3F, 0x00, 0x2E, 0xC0, 0x3F, 0x80,
    0xFC, 0x00, 0xBF, 0x01, 0xFD, 0x03, 0xE0, 0x02, 0xF8, 0x07, 0xF0, 0x0F, 0x80, 0x0B, 0xD0, 0x1F,
    0x80, 0x3F, 0x60, 0x3F, 0x00, 0xBC, 0x00, 0xFF, 0x80, 0x00, 0x00, 0x00, 0x00, 0x50, 0x00, 0x00,
    0x00, 0x00, 0x00, 0x00, 0x00, 0x00, 0x2E, 0x00, 0x00, 0x00, 0x00, 0x00, 0xFD, 0x00, 0x00, 0x00,
    0x00, 0x03, 0xF0, 0x00, 0x00, 0x00, 0x00, 0x06, 0x40, 0x00, 0x00, 0x00, 0x00, 0xB4, 0x00, 0x00,
    0x00, 0x2F, 0xC0, 0x00, 0x00, 0x01, 0xFC, 0x00, 0x00, 0x00, 0x06, 0x00, 0x00, 0x00, 0x00, 0x00,
    0x00, 0x02, 0xAA, 0x40, 0x0A, 0xA9, 0x3F, 0xFC, 0x01, 0xFF, 0xD0, 0x3F, 0xD0, 0x01, 0xE0, 0x03,
    0xBF, 0x00, 0x1D, 0x00, 0x3A, 0xF4, 0x01, 0xD0, 0x03, 0x8F, 0xC0, 0x1D, 0x00, 0x74, 0xBD, 0x02,
    0xD0, 0x07, 0x43, 0xF0, 0x2D, 0x00, 0x74, 0x2F, 0x42, 0xC0, 0x07, 0x40, 0xFC, 0x2C, 0x00, 0x74,
    0x0B, 0xC2, 0xC0, 0x07, 0x40, 0x3E, 0x2C, 0x00, 0xB4, 0x02, 0xF2, 0xC0, 0x0B, 0x00, 0x0F, 0xBC,
    0x00, 0xB0, 0x00, 0xBF, 0xC0, 0x0B, 0x00, 0x03, 0xFC, 0x05, 0xF9, 0x00, 0x3F, 0xC0, 0xFF, 0xF4,
    0x01, 0xFC, 0x00, 0x00, 0x00, 0x00, 0x00, 0x00, 0x07, 0xC0, 0x00, 0x00, 0x3F, 0x80, 0x00, 0x00,
    0xFD, 0x00, 0x00, 0x00, 0x90, 0x00, 0x00, 0x00, 0x00, 0x00, 0x00, 0x00, 0x00, 0x07, 0xF8, 0x0B,
    0xF0, 0x2F, 0xF0, 0xBF, 0xF0, 0x07, 0xC3, 0x8B, 0xC0, 0x1F, 0x1C, 0x2F, 0x00, 0x7C, 0xE0, 0xBC,
    0x02, 0xF3, 0x42, 0xF0, 0x0B, 0x9C, 0x0F, 0xC0, 0x2E, 0xE0, 0x3F, 0x00, 0xBB, 0x40, 0xF8, 0x02,
    0xFC, 0x03, 0xE0, 0x0B, 0xE0, 0x0F, 0x80, 0x2F, 0x40, 0x3F, 0x60, 0xFC, 0x00, 0xFF, 0x40, 0x00,
    0x00, 0x50, 0x2A, 0xA4, 0x00, 0xAA, 0x93, 0xFF, 0xC0, 0x1F, 0xFD, 0x03, 0xFD, 0x00, 0x1E, 0x00,
    0x3B, 0xF0, 0x01, 0xD0, 0x03, 0xAF, 0x40, 0x1D, 0x00, 0x38, 0xFC, 0x01, 0xD0, 0x07, 0x4B, 0xD0,
    0x2D, 0x00, 0x74, 0x3F, 0x02, 0xD0, 0x07, 0x42, 0xF4, 0x2C, 0x00, 0x74, 0x0F, 0xC2, 0xC0, 0x07,
    0x40, 0xBC, 0x2C, 0x00, 0x74, 0x03, 0xE2, 0xC0, 0x0B, 0x40, 0x2F, 0x2C, 0x00, 0xB0, 0x00, 0xFB,
    0xC0, 0x0B, 0x00, 0x0B, 0xFC, 0x00, 0xB0, 0x00, 0x3F, 0xC0, 0x5F, 0x90, 0x03, 0xFC, 0x0F, 0xFF,
    0x40, 0x1F, 0xC0, 0x00, 0x00, 0x00, 0x00, 0x00, 0x00, 0x00, 0x00, 0x00, 0x00, 0x03, 0xD0, 0x00,
    0x00, 0x00, 0xBF, 0x00, 0x00, 0x00, 0x07, 0xF0, 0x00, 0x00, 0x00, 0x18, 0x00, 0x00, 0x00, 0x00,
    0x00, 0x01, 0xFE, 0x02, 0xFC, 0x0B, 0xFC, 0x2F, 0xFC, 0x01, 0xF0, 0xE2, 0xF0, 0x07, 0xC7, 0x0B,
    0xC0, 0x1F, 0x38, 0x2F, 0x00, 0xBC, 0xD0, 0xBC, 0x02, 0xE7, 0x03, 0xF0, 0x0B, 0xB8, 0x0F, 0xC0,
    0x2E, 0xD0, 0x3E, 0x00, 0xBF, 0x00, 0xF8, 0x02, 0xF8, 0x03, 0xE0, 0x0B, 0xD0, 0x0F, 0xD8, 0x3F,
    0x00, 0x3F, 0xD0, 0x00, 0x00, 0x14, 0x00, 0x00, 0x00, 0x00, 0x00, 0x0F, 0x40, 0x00, 0x00, 0xBF,
    0x00, 0x00, 0x01, 0xFC, 0x00, 0x00, 0x01, 0x80, 0x00, 0x2A, 0xA4, 0x00, 0xAA, 0x93, 0xFF, 0xC0,
    0x1F, 0xFD, 0x03, 0xFD, 0x00, 0x1E, 0x00, 0x3B, 0xF0, 0x01, 0xD0, 0x03, 0xAF, 0x40, 0x1D, 0x00,
    0x38, 0xFC, 0x01, 0xD0, 0x07, 0x4B, 0xD0, 0x2D, 0x00, 0x74, 0x3F, 0x02, 0xD0, 0x07, 0x42, 0xF4,
    0x2C, 0x00, 0x74, 0x0F, 0xC2, 0xC0, 0x07, 0x40, 0xBC, 0x2C, 0x00, 0x74, 0x03, 0xE2, 0xC0, 0x0B,
    0x40, 0x2F, 0x2C, 0x00, 0xB0, 0x00, 0xFB, 0xC0, 0x0B, 0x00, 0x0B, 0xFC, 0x00, 0xB0, 0x00, 0x3F,
    0xC0, 0x5F, 0x90, 0x03, 0xFC, 0x0F, 0xFF, 0x40, 0x1F, 0xC0, 0x00, 0x00, 0x00, 0x00, 0x00, 0x00,
    0x00, 0x00, 0x00, 0x00, 0x7F, 0xFF, 0x00, 0x00, 0x07, 0xFF, 0xF0, 0x00, 0x00, 0x00, 0x00, 0x00,
    0x00, 0x00, 0x00, 0x00, 0x01, 0xFE, 0x02, 0xFC, 0x0B, 0xFC, 0x2F, 0xFC, 0x01, 0xF0, 0xE2, 0xF0,
    0x07, 0xC7, 0x0B, 0xC0, 0x1F, 0x38, 0x2F, 0x00, 0xBC, 0xD0, 0xBC, 0x02, 0xE7, 0x03, 0xF0, 0x0B,
    0xB8, 0x0F, 0xC0, 0x2E, 0xD0, 0x3E, 0x00, 0xBF, 0x00, 0xF8, 0x02, 0xF8, 0x03, 0xE0, 0x0B, 0xD0,
    0x0F, 0xD8, 0x3F, 0x00, 0x3F, 0xD0, 0x00, 0x00, 0x14, 0x00, 0x00, 0x00, 0x00, 0x01, 0xFF, 0xFC,
    0x00, 0x07, 0xFF, 0xF0, 0x00, 0x00, 0x00, 0x00, 0x00, 0x00, 0x00, 0x00, 0x00, 0x00, 0x00, 0x07,
    0xC0, 0x00, 0x00, 0x0B, 0xF0, 0x00, 0x00, 0x0B, 0xE0, 0x00, 0x00, 0x07, 0x40, 0x00, 0x00, 0x00,
    0x00, 0x00, 0x00, 0x00, 0xA4, 0x00, 0x00, 0x00, 0xBF, 0xEB, 0x00, 0x00, 0x36, 0xFF, 0x40, 0x00,
    0x00, 0x06, 0x40, 0x00, 0x00, 0x00, 0x00, 0x00, 0x00, 0x6F, 0xF4, 0x00, 0x00, 0xFF, 0xFF, 0xD0,
    0x00, 0xFC, 0x01, 0xFD, 0x00, 0xFC, 0x00, 0x0F, 0xC0, 0x7D, 0x00, 0x02, 0xF8, 0x3F, 0x00, 0x00,
    0x3F, 0x0F, 0x80, 0x00, 0x0F, 0xC7, 0xD0, 0x00, 0x03, 0xF2, 0xF4, 0x00, 0x00, 0xFC, 0xBD, 0x00,
    0x00, 0x3F, 0x2F, 0x40, 0x00, 0x0F, 0xC7, 0xE0, 0x00, 0x03, 0xF1, 0xF8, 0x00, 0x00, 0xF8, 0x3F,
    0x00, 0x00, 0xBD, 0x0B, 0xE0, 0x00, 0x3F, 0x00, 0xFD, 0x00, 0x3F, 0x00, 0x0F, 0xF9, 0xBF, 0x00,
    0x00, 0xBF, 0xFE, 0x00, 0x00, 0x00, 0x50, 0x00, 0x00, 0x00, 0x00, 0x00, 0x00, 0x03, 0xC0, 0x00,
    0x0F, 0xD0, 0x00, 0x3F, 0x40, 0x00, 0xE0, 0x00, 0x00, 0x00, 0x00, 0x01, 0x90, 0x00, 0x07, 0xFE,
    0x74, 0x0E, 0x7F, 0xF0, 0x00, 0x06, 0x80, 0x00, 0x00, 0x00, 0x00, 0x00, 0x00, 0x01, 0xFF, 0x80,
    0x0F, 0xEB, 0xF0, 0x2F, 0x00, 0xFC, 0x3E, 0x00, 0x7D, 0xBC, 0x00, 0x3E, 0xBC, 0x00, 0x3E, 0xFC,
    0x00, 0x3E, 0xFC, 0x00, 0x3E, 0xBC, 0x00, 0x7D, 0xBD, 0x00, 0xBC, 0x3E, 0x00, 0xF8, 0x2F, 0x97,
    0xF0, 0x07, 0xFF, 0x80, 0x00, 0x54, 0x00, 0x00, 0x1D, 0x07, 0x80, 0x00, 0x0F, 0xC3, 0xF0, 0x00,
    0x03, 0xF0, 0xFC, 0x00, 0x00, 0x60, 0x08, 0x00, 0x00, 0x00, 0x00, 0x00, 0x00, 0x02, 0x90, 0x00,
    0x00, 0x02, 0xFF, 0xAC, 0x00, 0x01, 0xDB, 0xFD, 0x00, 0x00, 0x00, 0x19, 0x00, 0x00, 0x00, 0x00,
    0x00, 0x00, 0x01, 0xBF, 0xD0, 0x00, 0x03, 0xFF, 0xFF, 0x40, 0x03, 0xF0, 0x07, 0xF4, 0x03, 0xF0,
    0x00, 0x3F, 0x01, 0xF4, 0x00, 0x0B, 0xE0, 0xFC, 0x00, 0x00, 0xFC, 0x3E, 0x00, 0x00, 0x3F, 0x1F,
    0x40, 0x00, 0x0F, 0xCB, 0xD0, 0x00, 0x03, 0xF2, 0xF4, 0x00, 0x00, 0xFC, 0xBD, 0x00, 0x00, 0x3F,
    0x1F, 0x80, 0x00, 0x0F, 0xC7, 0xE0, 0x00, 0x03, 0xE0, 0xFC, 0x00, 0x02, 0xF4, 0x2F, 0x80, 0x00,
    0xFC, 0x03, 0xF4, 0x00, 0xFC, 0x00, 0x3F, 0xE6, 0xFC, 0x00, 0x02, 0xFF, 0xF8, 0x00, 0x00, 0x01,
    0x40, 0x00, 0x00, 0x02, 0x80, 0xA0, 0x0B, 0xE2, 0xF8, 0x0B, 0xD2, 0xF8, 0x01, 0x40, 0x50, 0x00,
    0x00, 0x00, 0x01, 0x90, 0x00, 0x07, 0xFE, 0x74, 0x0E, 0x7F, 0xF0, 0x00, 0x06, 0x80, 0x00, 0x00,
    0x00, 0x00, 0x00, 0x00, 0x01, 0xFF, 0x80, 0x0F, 0xEB, 0xF0, 0x2F, 0x00, 0xFC, 0x3E, 0x00, 0x7D,
    0xBC, 0x00, 0x3E, 0xBC, 0x00, 0x3E, 0xFC, 0x00, 0x3E, 0xFC, 0x00, 0x3E, 0xBC, 0x00, 0x7D, 0xBD,
    0x00, 0xBC, 0x3E, 0x00, 0xF8, 0x2F, 0x97, 0xF0, 0x07, 0xFF, 0x80, 0x00, 0x54, 0x00, 0x00, 0x00,
    0x00, 0x00, 0x00, 0x03, 0xC0, 0x00, 0x00, 0x00, 0xFD, 0x00, 0x00, 0x00, 0x1F, 0xD0, 0x00, 0x00,
    0x00, 0x2D, 0x00, 0x00, 0x00, 0x00, 0x00, 0x00, 0x00, 0x00, 0x00, 0x00, 0x00, 0xFF, 0xFE, 0x00,
    0x00, 0x3F, 0xFF, 0x80, 0x00, 0x00, 0x00, 0x00, 0x00, 0x00, 0x00, 0x00, 0x00, 0x00, 0x6F, 0xF4,
    0x00, 0x00, 0xFF, 0xFF, 0xD0, 0x00, 0xFC, 0x01, 0xFD, 0x00, 0xFC, 0x00, 0x0F, 0xC0, 0x7D, 0x00,
    0x02, 0xF8, 0x3F, 0x00, 0x00, 0x3F, 0x0F, 0x80, 0x00, 0x0F, 0xC7, 0xD0, 0x00, 0x03, 0xF2, 0xF4,
    0x00, 0x00, 0xFC, 0xBD, 0x00, 0x00, 0x3F, 0x2F, 0x40, 0x00, 0x0F, 0xC7, 0xE0, 0x00, 0x03, 0xF1,
    0xF8, 0x00, 0x00, 0xF8, 0x3F, 0x00, 0x00, 0xBD, 0x0B, 0xE0, 0x00, 0x3F, 0x00, 0xFD, 0x00, 0x3F,
    0x00, 0x0F, 0xF9, 0xBF, 0x00, 0x00, 0xBF, 0xFE, 0x00, 0x00, 0x00, 0x50, 0x00, 0x00, 0x00, 0x00,
    0x00, 0x01, 0xE0, 0x00, 0x02, 0xF8, 0x00, 0x00, 0xBE, 0x00, 0x00, 0x07, 0x80, 0x00, 0x00, 0x00,
    0x00, 0x00, 0x00, 0x03, 0xFF, 0xF0, 0x07, 0xFF, 0xF0, 0x00, 0x00, 0x00, 0x00, 0x00, 0x00, 0x00,
    0x00, 0x00, 0x01, 0xFF, 0x80, 0x0F, 0xEB, 0xF0, 0x2F, 0x00, 0xFC, 0x3E, 0x00, 0x7D, 0xBC, 0x00,
    0x3E, 0xBC, 0x00, 0x3E, 0xFC, 0x00, 0x3E, 0xFC, 0x00, 0x3E, 0xBC, 0x00, 0x7D, 0xBD, 0x00, 0xBC,
    0x3E, 0x00, 0xF8, 0x2F, 0x97, 0xF0, 0x07, 0xFF, 0x80, 0x00, 0x54, 0x00, 0x00, 0x00, 0x00, 0x00,
    0x00, 0x00, 0x0B, 0x80, 0x00, 0x00, 0x0B, 0xF0, 0x00, 0x00, 0x0B, 0xE0, 0x00, 0x00, 0x07, 0x40,
    0x00, 0x00, 0x00, 0x00, 0x00, 0x00, 0x00, 0x00, 0x00, 0x00, 0x00, 0xFF, 0xFE, 0x00, 0x00, 0x3F,
    0xFF, 0x80, 0x00, 0x00, 0x00, 0x00, 0x00, 0x00, 0x00, 0x00, 0x00, 0x00, 0x6F, 0xF4, 0x00, 0x00,
    0xFF, 0xFF, 0xD0, 0x00, 0xFC, 0x01, 0xFD, 0x00, 0xFC, 0x00, 0x0F, 0xC0, 0x7D, 0x00, 0x02, 0xF8,
    0x3F, 0x00, 0x00, 0x3F, 0x0F, 0x80, 0x00, 0x0F, 0xC7, 0xD0, 0x00, 0x03, 0xF2, 0xF4, 0x00, 0x00,
    0xFC, 0xBD, 0x00, 0x00, 0x3F, 0x2F, 0x40, 0x00, 0x0F, 0xC7, 0xE0, 0x00, 0x03, 0xF1, 0xF8, 0x00,
    0x00, 0xF8, 0x3F, 0x00, 0x00, 0xBD, 0x0B, 0xE0, 0x00, 0x3F, 0x00, 0xFD, 0x00, 0x3F, 0x00, 0x0F,
    0xF9, 0xBF, 0x00, 0x00, 0xBF, 0xFE, 0x00, 0x00, 0x00, 0x50, 0x00, 0x00, 0x00, 0x00, 0x00, 0x00,
    0x03, 0xC0, 0x00, 0x0F, 0xD0, 0x00, 0x7E, 0x40, 0x00, 0xE0, 0x00, 0x00, 0x00, 0x00, 0x00, 0x00,
    0x00, 0x03, 0xFF, 0xF0, 0x07, 0xFF, 0xF0, 0x00, 0x00, 0x00, 0x00, 0x00, 0x00, 0x00, 0x00, 0x00,
    0x01, 0xFF, 0x80, 0x0F, 0xEB, 0xF0, 0x2F, 0x00, 0xFC, 0x3E, 0x00, 0x7D, 0xBC, 0x00, 0x3E, 0xBC,
    0x00, 0x3E, 0xFC, 0x00, 0x3E, 0xFC, 0x00, 0x3E, 0xBC, 0x00, 0x7D, 0xBD, 0x00, 0xBC, 0x3E, 0x00,
    0xF8, 0x2F, 0x97, 0xF0, 0x07, 0xFF, 0x80, 0x00, 0x54, 0x00, 0x1A, 0xAA, 0x50, 0x00, 0x0F, 0xFF,
    0xFF, 0xC0, 0x00, 0x3F, 0x01, 0xFC, 0x00, 0x0F, 0x80, 0x2F, 0x80, 0x03, 0xE0, 0x07, 0xE0, 0x00,
    0xF8, 0x01, 0xF8, 0x00, 0x3E, 0x00, 0xBD, 0x00, 0x0F, 0x80, 0x7E, 0x00, 0x03, 0xE1, 0xBD, 0x00,
    0x00, 0xF9, 0xF4, 0x00, 0x00, 0x7D, 0x3F, 0x00, 0x00, 0x1F, 0x43, 0xF0, 0x00, 0x07, 0xD0, 0xBD,
    0x00, 0x01, 0xF4, 0x0F, 0xC0, 0x00, 0x7D, 0x03, 0xF4, 0x00, 0x1F, 0x40, 0x7F, 0x00, 0x5F, 0xE5,
    0x0F, 0xE6, 0x3F, 0xFF, 0xC0, 0xFF, 0xC0, 0x00, 0x00, 0x01, 0x00, 0x00, 0x00, 0x00, 0x00, 0x00,
    0x07, 0xC0, 0x00, 0x00, 0x03, 0xF8, 0x00, 0x00, 0x00, 0xFD, 0x00, 0x00, 0x00, 0x09, 0x00, 0x00,
    0x00, 0x00, 0x00, 0x7F, 0x81, 0xF8, 0xBF, 0xC3, 0xFD, 0x07, 0xCB, 0x7C, 0x07, 0xCD, 0x04, 0x07,
    0xDC, 0x00, 0x0B, 0xF8, 0x00, 0x0B, 0xF0, 0x00, 0x0B, 0xE0, 0x00, 0x0B, 0xD0, 0x00, 0x0B, 0xC0,
    0x00, 0x0F, 0xC0, 0x00, 0x0F, 0x80, 0x00, 0x0F, 0x80, 0x00, 0x00, 0x00, 0x00, 0x00, 0x00, 0x00,
    0x0F, 0x40, 0x00, 0x2F, 0xC0, 0x00, 0x1F, 0xC0, 0x00, 0x06, 0x00, 0x00, 0x00, 0xFF, 0xFC, 0x00,
    0x00, 0x3F, 0xFF, 0x00, 0x00, 0x00, 0x00, 0x00, 0x00, 0x00, 0x00, 0x00, 0x00, 0x1A, 0xAA, 0x50,
    0x00, 0x0F, 0xFF, 0xFF, 0xC0, 0x00, 0x3F, 0x01, 0xFC, 0x00, 0x0F, 0x80, 0x2F, 0x80, 0x03, 0xE0,
    0x07, 0xE0, 0x00, 0xF8, 0x01, 0xF8, 0x00, 0x3E, 0x00, 0xBD, 0x00, 0x0F, 0x80, 0x7E, 0x00, 0x03,
    0xE1, 0xBD, 0x00, 0x00, 0xF9, 0xF4, 0x00, 0x00, 0x7D, 0x3F, 0x00, 0x00, 0x1F, 0x43, 0xF0, 0x00,
    0x07, 0xD0, 0xBD, 0x00, 0x01, 0xF4, 0x0F, 0xC0, 0x00, 0x7D, 0x03, 0xF4, 0x00, 0x1F, 0x40, 0x7F,
    0x00, 0x5F, 0xE5, 0x0F, 0xE6, 0x3F, 0xFF, 0xC0, 0xFF, 0xC0, 0x00, 0x00, 0x01, 0x00, 0x00, 0x00,
    0x00, 0x00, 0x00, 0x07, 0xC0, 0x00, 0x00, 0x03, 0xF8, 0x00, 0x00, 0x00, 0xFD, 0x00, 0x00, 0x00,
    0x09, 0x00, 0x00, 0x07, 0xFF, 0xF0, 0x07, 0xFF, 0xF0, 0x00, 0x00, 0x00, 0x00, 0x00, 0x00, 0x00,
    0x00, 0x00, 0x7F, 0x81, 0xF8, 0xBF, 0xC3, 0xFD, 0x07, 0xCB, 0x7C, 0x07, 0xCD, 0x04, 0x07, 0xDC,
    0x00, 0x0B, 0xF8, 0x00, 0x0B, 0xF0, 0x00, 0x0B, 0xE0, 0x00, 0x0B, 0xD0, 0x00, 0x0B, 0xC0, 0x00,
    0x0F, 0xC0, 0x00, 0x0F, 0x80, 0x00, 0x0F, 0x80, 0x00, 0x00, 0x00, 0x00, 0x00, 0x00, 0x00, 0x0F,
    0x40, 0x00, 0x2F, 0xC0, 0x00, 0x1F, 0xC0, 0x00, 0x06, 0x00, 0x00, 0x1A, 0xAA, 0x50, 0x00, 0x0F,
    0xFF, 0xFF, 0xC0, 0x00, 0x3F, 0x01, 0xFC, 0x00, 0x0F, 0x80, 0x2F, 0x80, 0x03, 0xE0, 0x07, 0xE0,
    0x00, 0xF8, 0x01, 0xF8, 0x00, 0x3E, 0x00, 0xBD, 0x00, 0x0F, 0x80, 0x7E, 0x00, 0x03, 0xE1, 0xBD,
    0x00, 0x00, 0xF9, 0xF4, 0x00, 0x00, 0x7D, 0x3F, 0x00, 0x00, 0x1F, 0x43, 0xF0, 0x00, 0x07, 0xD0,
    0xBD, 0x00, 0x01, 0xF4, 0x0F, 0xC0, 0x00, 0x7D, 0x03, 0xF4, 0x00, 0x1F, 0x40, 0x7F, 0x00, 0x5F,
    0xE5, 0x0F, 0xE6, 0x3F, 0xFF, 0xC0, 0xFF, 0xC0, 0x00, 0x00, 0x01, 0x00, 0x00, 0x00, 0x00, 0x00,
    0x00, 0xFF, 0xFD, 0x00, 0x00, 0x3F, 0xFF, 0x40, 0x00, 0x00, 0x00, 0x00, 0x00, 0x00, 0x00, 0x00,
    0x07, 0xF8, 0x1F, 0x82, 0xFF, 0x0F, 0xF4, 0x07, 0xCB, 0x7C, 0x01, 0xF3, 0x41, 0x00, 0x7D, 0xC0,
    0x00, 0x2F, 0xE0, 0x00, 0x0B, 0xF0, 0x00, 0x02, 0xF8, 0x00, 0x00, 0xBD, 0x00, 0x00, 0x2F, 0x00,
    0x00, 0x0F, 0xC0, 0x00, 0x03, 0xE0, 0x00, 0x00, 0xF8, 0x00, 0x00, 0x00, 0x00, 0x00, 0x00, 0x00,
    0x00, 0x7F, 0xFF, 0x00, 0x1F, 0xFF, 0xC0, 0x00, 0x00, 0x00, 0x00, 0x00, 0x2E, 0x00, 0x00, 0x3F,
    0x40, 0x00, 0x3F, 0x00, 0x00, 0x19, 0x00, 0x00, 0x00, 0x00, 0x00, 0xBF, 0x90, 0x0B, 0xFF, 0xF8,
    0x1F, 0x00, 0x7C, 0x3D, 0x00, 0x7D, 0x3C, 0x00, 0xBC, 0x3E, 0x00, 0x00, 0x3F, 0x80, 0x00, 0x1F,
    0xF4, 0x00, 0x07, 0xFF, 0x00, 0x00, 0xFF, 0xE0, 0x00, 0x1F, 0xF8, 0x00, 0x01, 0xFC, 0x00, 0x00,
    0x7D, 0x78, 0x00, 0x3D, 0xFD, 0x00, 0x7C, 0xFC, 0x00, 0xF8, 0xBF, 0x5B, 0xF0, 0x1F, 0xFF, 0x80,
    0x00, 0x50, 0x00, 0x00, 0x3D, 0x00, 0x01, 0xFC, 0x00, 0x07, 0xF0, 0x00, 0x06, 0x00, 0x00, 0x00,
    0x00, 0x00, 0x00, 0x00, 0x1F, 0xFD, 0x01, 0xF5, 0xBC, 0x0F, 0x00, 0xF4, 0x7C, 0x02, 0x80, 0xFD,
    0x00, 0x03, 0xFF, 0x40, 0x02, 0xFF, 0x80, 0x00, 0xBF, 0x80, 0x00, 0x3F, 0x01, 0x00, 0x3C, 0x3E,
    0x00, 0xF0, 0xFD, 0x1F, 0x80, 0xFF, 0xF4, 0x00, 0x14, 0x00, 0x00, 0xBF, 0x90, 0x0B, 0xFF, 0xF8,
    0x1F, 0x00, 0x7C, 0x3D, 0x00, 0x7D, 0x3C, 0x00, 0xBC, 0x3E, 0x00, 0x00, 0x3F, 0x80, 0x00, 0x1F,
    0xF4, 0x00, 0x07, 0xFF, 0x00, 0x00, 0xFF, 0xE0, 0x00, 0x1F, 0xF8, 0x00, 0x01, 0xFC, 0x00, 0x00,
    0x7D, 0x78, 0x00, 0x3D, 0xFD, 0x00, 0x7C, 0xFC, 0x00, 0xF8, 0xBF, 0x5B, 0xF0, 0x1F, 0xFF, 0x80,
    0x00, 0x50, 0x00, 0x00, 0x00, 0x00, 0x00, 0xF4, 0x00, 0x02, 0xFC, 0x00, 0x01, 0xFC, 0x00, 0x00,
    0x60, 0x00, 0x00, 0x00, 0x00, 0x07, 0xFF, 0x40, 0x7D, 0x6F, 0x03, 0xC0, 0x3D, 0x1F, 0x00, 0xA0,
    0x3F, 0x40, 0x00, 0xFF, 0xD0, 0x00, 0xBF, 0xE0, 0x00, 0x2F, 0xE0, 0x00, 0x0F, 0xC0, 0x40, 0x0F,
    0x0F, 0x80, 0x3C, 0x3F, 0x47, 0xE0, 0x3F, 0xFD, 0x00, 0x05, 0x00, 0x00, 0x00, 0x00, 0x00, 0xF4,
    0x00, 0x07, 0xF0, 0x00, 0x1F, 0xC0, 0x00, 0x18, 0x00, 0x00, 0x1E, 0x00, 0x00, 0x3F, 0x40, 0x00,
    0x3F, 0x40, 0x00, 0x09, 0x00, 0x00, 0x00, 0x00, 0x00, 0x01, 0xF0, 0x00, 0x0B, 0xF0, 0x00, 0x2F,
    0x80, 0x00, 0x74, 0x00, 0x00, 0x00, 0x00, 0x00, 0xBF, 0x90, 0x0B, 0xFF, 0xF8, 0x1F, 0x00, 0x7C,
    0x3D, 0x00, 0x7D, 0x3C, 0x00, 0xBC, 0x3E, 0x00, 0x00, 0x3F, 0x80, 0x00, 0x1F, 0xF4, 0x00, 0x07,
    0xFF, 0x00, 0x00, 0xFF, 0xE0, 0x00, 0x1F, 0xF8, 0x00, 0x01, 0xFC, 0x00, 0x00, 0x7D, 0x78, 0x00,
    0x3D, 0xFD, 0x00, 0x7C, 0xFC, 0x00, 0xF8, 0xBF, 0x5B, 0xF0, 0x1F, 0xFF, 0x80, 0x00, 0x50, 0x00,
    0x00, 0x2E, 0x00, 0x00, 0xFC, 0x00, 0x03, 0xF0, 0x00, 0x06, 0x40, 0x00, 0x00, 0x40, 0x00, 0x0F,
    0x40, 0x00, 0xFC, 0x00, 0x0B, 0x80, 0x00, 0x74, 0x00, 0x00, 0x00, 0x00, 0x00, 0x00, 0x00, 0x7F,
    0xF4, 0x07, 0xD6, 0xF0, 0x3C, 0x03, 0xD1, 0xF0, 0x0A, 0x03, 0xF4, 0x00, 0x0F, 0xFD, 0x00, 0x0B,
    0xFE, 0x00, 0x02, 0xFE, 0x00, 0x00, 0xFC, 0x04, 0x00, 0xF0, 0xF8, 0x03, 0xC3, 0xF4, 0x7E, 0x03,
    0xFF, 0xD0, 0x00, 0x50, 0x00, 0x00, 0x1E, 0x00, 0x00, 0x3F, 0x40, 0x00, 0x3F, 0x40, 0x00, 0x19,
    0x00, 0x01, 0x00, 0x00, 0x07, 0x80, 0xB4, 0x01, 0xFB, 0xD0, 0x00, 0xBF, 0x80, 0x00, 0x2E, 0x00,
    0x00, 0x00, 0x00, 0x00, 0xBF, 0x90, 0x0B, 0xFF, 0xF8, 0x1F, 0x00, 0x7C, 0x3D, 0x00, 0x7D, 0x3C,
    0x00, 0xBC, 0x3E, 0x00, 0x00, 0x3F, 0x80, 0x00, 0x1F, 0xF4, 0x00, 0x07, 0xFF, 0x00, 0x00, 0xFF,
    0xE0, 0x00, 0x1F, 0xF8, 0x00, 0x01, 0xFC, 0x00, 0x00, 0x7D, 0x78, 0x00, 0x3D, 0xFD, 0x00, 0x7C,
    0xFC, 0x00, 0xF8, 0xBF, 0x5B, 0xF0, 0x1F, 0xFF, 0x80, 0x00, 0x50, 0x00, 0x00, 0x2D, 0x00, 0x01,
    0xFC, 0x00, 0x07, 0xF0, 0x00, 0x06, 0x00, 0x00, 0x00, 0x10, 0x1D, 0x02, 0xC0, 0x2E, 0x7C, 0x00,
    0x3F, 0xD0, 0x00, 0x7E, 0x00, 0x00, 0x50, 0x00, 0x00, 0x00, 0x00, 0x7F, 0xF4, 0x07, 0xD6, 0xF0,
    0x3C, 0x03, 0xD1, 0xF0, 0x0A, 0x03, 0xF4, 0x00, 0x0F, 0xFD, 0x00, 0x0B, 0xFE, 0x00, 0x02, 0xFE,
    0x00, 0x00, 0xFC, 0x04, 0x00, 0xF0, 0xF8, 0x03, 0xC3, 0xF4, 0x7E, 0x03, 0xFF, 0xD0, 0x00, 0x50,
    0x00, 0x00, 0x2E, 0x00, 0x00, 0x3F, 0x40, 0x00, 0x3F, 0x00, 0x00, 0x19, 0x00, 0x00, 0x00, 0x00,
    0x00, 0xBF, 0x90, 0x0B, 0xFF, 0xF8, 0x1F, 0x00, 0x7C, 0x3D, 0x00, 0x7D, 0x3C, 0x00, 0xBC, 0x3E,
    0x00, 0x00, 0x3F, 0x80, 0x00, 0x1F, 0xF4, 0x00, 0x07, 0xFF, 0x00, 0x00, 0xFF, 0xE0, 0x00, 0x1F,
    0xF8, 0x00, 0x01, 0xFC, 0x00, 0x00, 0x7D, 0x78, 0x00, 0x3D, 0xFD, 0x00, 0x7C, 0xFC, 0x00, 0xF8,
    0xBF, 0x5B, 0xF0, 0x1F, 0xFF, 0x80, 0x00, 0x50, 0x00, 0x00, 0x00, 0x00, 0x00, 0xF4, 0x00, 0x02,
    0xFC, 0x00, 0x01, 0xFC, 0x00, 0x00, 0x60, 0x00, 0x00, 0x3D, 0x00, 0x01, 0xFC, 0x00, 0x07, 0xF0,
    0x00, 0x06, 0x00, 0x00, 0x00, 0x00, 0x00, 0x00, 0x00, 0x1F, 0xFD, 0x01, 0xF5, 0xBC, 0x0F, 0x00,
    0xF4, 0x7C, 0x02, 0x80, 0xFD, 0x00, 0x03, 0xFF, 0x40, 0x02, 0xFF, 0x80, 0x00, 0xBF, 0x80, 0x00,
    0x3F, 0x01, 0x00, 0x3C, 0x3E, 0x00, 0xF0, 0xFD, 0x1F, 0x80, 0xFF, 0xF4, 0x00, 0x14, 0x00, 0x00,
    0x00, 0x00, 0x03, 0xD0, 0x00, 0x1F, 0xC0, 0x00, 0x7F, 0x00, 0x00, 0x60, 0x00, 0x1A, 0xAA, 0xAA,
    0xA9, 0x0B, 0xFF, 0xFF, 0xFF, 0xC3, 0xE0, 0x3F, 0x02, 0xF0, 0xF0, 0x0F, 0xC0, 0x3C, 0x38, 0x03,
    0xF0, 0x0B, 0x00, 0x00, 0xFC, 0x00, 0x00, 0x00, 0x3E, 0x00, 0x00, 0x00, 0x0F, 0x80, 0x00, 0x00,
    0x03, 0xE0, 0x00, 0x00, 0x00, 0xF8, 0x00, 0x00, 0x00, 0x3E, 0x00, 0x00, 0x00, 0x0F, 0x80, 0x00,
    0x00, 0x03, 0xD0, 0x00, 0x00, 0x00, 0xF4, 0x00, 0x00, 0x00, 0x7D, 0x00, 0x00, 0x00, 0x1F, 0x40,
    0x00, 0x00, 0x5B, 0xE5, 0x00, 0x00, 0x3F, 0xFF, 0xC0, 0x00, 0x00, 0x00, 0x00, 0x00, 0x00, 0x00,
    0x00, 0x00, 0x00, 0x0B, 0xC0, 0x00, 0x00, 0x03, 0xF4, 0x00, 0x00, 0x00, 0xFD, 0x00, 0x00, 0x00,
    0x09, 0x00, 0x00, 0x00, 0xE0, 0x00, 0x1E, 0x00, 0x02, 0xE0, 0x00, 0x3E, 0x00, 0x2F, 0xFA, 0x83,
    0xFF, 0xFC, 0x07, 0xD0, 0x00, 0x7D, 0x00, 0x07, 0xD0, 0x00, 0x7D, 0x00, 0x07, 0xC0, 0x00, 0x7C,
    0x00, 0x0B, 0xC0, 0x00, 0xBC, 0x00, 0x0B, 0xC0, 0x50, 0x7F, 0xAE, 0x02, 0xFF, 0x80, 0x01, 0x40,
    0x00, 0x00, 0x00, 0x0B, 0x80, 0x00, 0xFD, 0x00, 0x0F, 0xC0, 0x00, 0x24, 0x00, 0x1A, 0xAA, 0xAA,
    0xA9, 0x0B, 0xFF, 0xFF, 0xFF, 0xC3, 0xE0, 0x3F, 0x02, 0xF0, 0xF0, 0x0F, 0xC0, 0x3C, 0x38, 0x03,
    0xF0, 0x0B, 0x00, 0x00, 0xFC, 0x00, 0x00, 0x00, 0x3E, 0x00, 0x00, 0x00, 0x0F, 0x80, 0x00, 0x00,
    0x03, 0xE0, 0x00, 0x00, 0x00, 0xF8, 0x00, 0x00, 0x00, 0x3E, 0x00, 0x00, 0x00, 0x0F, 0x80, 0x00,
    0x00, 0x03, 0xD0, 0x00, 0x00, 0x00, 0xF4, 0x00, 0x00, 0x00, 0x7D, 0x00, 0x00, 0x00, 0x1F, 0x40,
    0x00, 0x00, 0x5B, 0xE5, 0x00, 0x00, 0x3F, 0xFF, 0xC0, 0x00, 0x00, 0x00, 0x00, 0x00, 0x00, 0x00,
    0x00, 0x00, 0x00, 0xFF, 0xFD, 0x00, 0x00, 0x3F, 0xFF, 0x40, 0x00, 0x00, 0x00, 0x00, 0x00, 0x00,
    0xE0, 0x00, 0x1E, 0x00, 0x02, 0xE0, 0x00, 0x3E, 0x00, 0x2F, 0xFA, 0x83, 0xFF, 0xFC, 0x07, 0xD0,
    0x00, 0x7D, 0x00, 0x07, 0xD0, 0x00, 0x7D, 0x00, 0x07, 0xC0, 0x00, 0x7C, 0x00, 0x0B, 0xC0, 0x00,
    0xBC, 0x00, 0x0B, 0xC0, 0x50, 0x7F, 0xAE, 0x02, 0xFF, 0x80, 0x01, 0x40, 0x00, 0x00, 0x00, 0xFF,
    0xFD, 0x0F, 0xFF, 0xD0, 0x00, 0x00, 0x00, 0x00, 0x00, 0x00, 0x00, 0x00, 0x00, 0xB8, 0x00, 0x00,
    0x00, 0x2F, 0x80, 0x00, 0x00, 0x0F, 0xD0, 0x00, 0x00, 0x02, 0xD0, 0x00, 0x00, 0x00, 0x00, 0x00,
    0x00, 0x00, 0x06, 0x40, 0x00, 0x00, 0x01, 0xFF, 0x9D, 0x00, 0x00, 0x39, 0xFF, 0xC0, 0x00, 0x00,
    0x01, 0xA0, 0x00, 0x00, 0x00, 0x00, 0x00, 0x02, 0xAA, 0x80, 0x1A, 0xA9, 0x7F, 0xFC, 0x03, 0xFF,
    0xD0, 0xBC, 0x00, 0x03, 0xE0, 0x0B, 0xC0, 0x00, 0x3E, 0x00, 0xBC, 0x00, 0x07, 0xD0, 0x0F, 0xC0,
    0x00, 0x7D, 0x00, 0xFC, 0x00, 0x0B, 0xD0, 0x0F, 0xC0, 0x00, 0xFD, 0x00, 0xFC, 0x00, 0x0F, 0xC0,
    0x0F, 0x80, 0x01, 0xFC, 0x00, 0xF8, 0x00, 0x2B, 0xC0, 0x0F, 0x80, 0x03, 0x7C, 0x00, 0xF8, 0x00,
    0x73, 0xC0, 0x0F, 0x80, 0x0E, 0x7C, 0x00, 0xF8, 0x01, 0xD7, 0xC0, 0x0F, 0xC0, 0x7C, 0x7C, 0x00,
    0x7F, 0xFF, 0x0B, 0xE4, 0x02, 0xFF, 0xC0, 0xBF, 0xC0, 0x01, 0x40, 0x00, 0x00, 0x00, 0x00, 0x00,
    0x00, 0x00, 0x02, 0xD0, 0x00, 0x00, 0x3F, 0x80, 0x00, 0x03, 0xF4, 0x00, 0x00, 0x2D, 0x00, 0x00,
    0x00, 0x00, 0x00, 0x00, 0x06, 0x80, 0x00, 0x00, 0x3F, 0xE7, 0x80, 0x02, 0x9F, 0xFC, 0x00, 0x00,
    0x06, 0x80, 0x00, 0x00, 0x00, 0x00, 0x00, 0x00, 0x00, 0x00, 0x2F, 0xC0, 0x0B, 0x81, 0xFF, 0x40,
    0x3F, 0x00, 0x3D, 0x01, 0xFC, 0x01, 0xF4, 0x0F, 0xF0, 0x07, 0xD0, 0x3B, 0xC0, 0x1F, 0x01, 0xDE,
    0x00, 0xBC, 0x0E, 0xB8, 0x02, 0xF0, 0x36, 0xE0, 0x0B, 0xC1, 0xCF, 0x80, 0x3F, 0x0F, 0x3E, 0x00,
    0xFC, 0x74, 0xF8, 0x02, 0xFF, 0xC3, 0xFA, 0x03, 0xFC, 0x0B, 0xF8, 0x01, 0x40, 0x05, 0x00, 0x00,
    0x0A, 0x02, 0x80, 0x00, 0x02, 0xF8, 0xBE, 0x00, 0x00, 0x2F, 0x4B, 0xE0, 0x00, 0x00, 0x50, 0x14,
    0x00, 0x00, 0x00, 0x00, 0x00, 0x00, 0x01, 0xFF, 0xFC, 0x00, 0x00, 0x1F, 0xFF, 0xC0, 0x00, 0x00,
    0x00, 0x00, 0x00, 0x00, 0x00, 0x00, 0x00, 0x02, 0xAA, 0x80, 0x1A, 0xA9, 0x7F, 0xFC, 0x03, 0xFF,
    0xD0, 0xBC, 0x00, 0x03, 0xE0, 0x0B, 0xC0, 0x00, 0x3E, 0x00, 0xBC, 0x00, 0x07, 0xD0, 0x0F, 0xC0,
    0x00, 0x7D, 0x00, 0xFC, 0x00, 0x0B, 0xD0, 0x0F, 0xC0, 0x00, 0xFD, 0x00, 0xFC, 0x00, 0x0F, 0xC0,
    0x0F, 0x80, 0x01, 0xFC, 0x00, 0xF8, 0x00, 0x2B, 0xC0, 0x0F, 0x80, 0x03, 0x7C, 0x00, 0xF8, 0x00,
    0x73, 0xC0, 0x0F, 0x80, 0x0E, 0x7C, 0x00, 0xF8, 0x01, 0xD7, 0xC0, 0x0F, 0xC0, 0x7C, 0x7C, 0x00,
    0x7F, 0xFF, 0x0B, 0xE4, 0x02, 0xFF, 0xC0, 0xBF, 0xC0, 0x01, 0x40, 0x00, 0x00, 0x00, 0xA0, 0x2D,
    0x00, 0x0B, 0xE1, 0xFC, 0x00, 0x2F, 0x87, 0xE0, 0x00, 0x14, 0x05, 0x00, 0x00, 0x00, 0x00, 0x00,
    0x03, 0xFF, 0xF0, 0x00, 0x0F, 0xFF, 0xC0, 0x00, 0x00, 0x00, 0x00, 0x00, 0x00, 0x00, 0x00, 0x00,
    0x00, 0x00, 0x02, 0xFC, 0x00, 0xB8, 0x1F, 0xF4, 0x03, 0xF0, 0x03, 0xD0, 0x1F, 0xC0, 0x1F, 0x40,
    0xFF, 0x00, 0x7D, 0x03, 0xBC, 0x01, 0xF0, 0x1D, 0xE0, 0x0B, 0xC0, 0xEB, 0x80, 0x2F, 0x03, 0x6E,
    0x00, 0xBC, 0x1C, 0xF8, 0x03, 0xF0, 0xF3, 0xE0, 0x0F, 0xC7, 0x4F, 0x80, 0x2F, 0xFC, 0x3F, 0xA0,
    0x3F, 0xC0, 0xBF, 0x80, 0x14, 0x00, 0x50, 0x00, 0x00, 0x00, 0x00, 0x00, 0x00, 0x00, 0x00, 0x00,
    0xF0, 0x00, 0x00, 0x00, 0x00, 0x00, 0x0F, 0xC0, 0x00, 0x00, 0x00, 0x00, 0x00, 0x7F, 0x40, 0x00,
    0x00, 0x00, 0x00, 0x00, 0x6C, 0x00, 0x00, 0x00, 0x00, 0x00, 0x00, 0x00, 0x00, 0x00, 0x2A, 0xA9,
    0x00, 0x50, 0x00, 0xAA, 0xA7, 0xFF, 0xE0, 0x2F, 0x40, 0x0F, 0xFF, 0x0B, 0xD0, 0x01, 0xF8, 0x00,
    0x0F, 0x00, 0x7E, 0x00, 0x0F, 0xC0, 0x01, 0xD0, 0x03, 0xF0, 0x00, 0xFC, 0x00, 0x2C, 0x00, 0x3F,
    0x00, 0x0B, 0xD0, 0x03, 0xC0, 0x02, 0xF4, 0x00, 0xFE, 0x00, 0x78, 0x00, 0x1F, 0x80, 0x1F, 0xF0,
    0x0B, 0x40, 0x00, 0xFC, 0x03, 0xFF, 0x00, 0xF0, 0x00, 0x0F, 0xC0, 0x39, 0xF4, 0x0E, 0x00, 0x00,
    0xBD, 0x0B, 0x4F, 0x81, 0xD0, 0x00, 0x07, 0xE0, 0xF0, 0xFC, 0x2C, 0x00, 0x00, 0x3E, 0x1E, 0x0B,
    0xC3, 0x80, 0x00, 0x03, 0xF2, 0xC0, 0x7D, 0x74, 0x00, 0x00, 0x2F, 0x7C, 0x03, 0xFB, 0x00, 0x00,
    0x01, 0xFF, 0x40, 0x3F, 0xF0, 0x00, 0x00, 0x0F, 0xF0, 0x02, 0xFE, 0x00, 0x00, 0x00, 0xFE, 0x00,
    0x0F, 0xC0, 0x00, 0x00, 0x00, 0x00, 0x00, 0x00, 0x00, 0x00, 0x00, 0x00, 0x40, 0x00, 0x00, 0x00,
    0x0B, 0x80, 0x00, 0x00, 0x00, 0x1F, 0x80, 0x00, 0x00, 0x00, 0x1F, 0x40, 0x00, 0x00, 0x00, 0x0F,
    0x00, 0x00, 0x00, 0x00, 0x04, 0x00, 0x00, 0x00, 0x00, 0x00, 0x00, 0x1F, 0xE0, 0x06, 0x80, 0x7D,
    0xBF, 0xC0, 0x2F, 0x03, 0xFC, 0x2F, 0x00, 0xBC, 0x07, 0xF0, 0xBC, 0x02, 0xF0, 0x03, 0xC2, 0xF0,
    0x0B, 0xC0, 0x0F, 0x0B, 0xC0, 0x2F, 0x00, 0x38, 0x2F, 0x00, 0xBC, 0x01, 0xD0, 0xBC, 0x03, 0xE0,
    0x0B, 0x03, 0xF0, 0x0F, 0x80, 0x3C, 0x0F, 0xC0, 0x7D, 0x02, 0xD0, 0x3F, 0x03, 0xF8, 0x0F, 0x00,
    0x7E, 0xBD, 0xFA, 0xF0, 0x00, 0xFF, 0xD2, 0xFF, 0x00, 0x00, 0x14, 0x00, 0x40, 0x00, 0x00, 0x00,
    0x00, 0x00, 0x00, 0x00, 0x00, 0x00, 0x00, 0x00, 0xB8, 0x00, 0x00, 0x00, 0x00, 0x00, 0x3F, 0x80,
    0x00, 0x00, 0x00, 0x00, 0x0F, 0xD0, 0x00, 0x00, 0x00, 0x00, 0x02, 0xD0, 0x00, 0x00, 0x00, 0x00,
    0x00, 0x00, 0x00, 0x00, 0x00, 0x2A, 0xA9, 0x00, 0x50, 0x00, 0xAA, 0xA7, 0xFF, 0xE0, 0x2F, 0x40,
    0x0F, 0xFF, 0x0B, 0xD0, 0x01, 0xF8, 0x00, 0x0F, 0x00, 0x7E, 0x00, 0x0F, 0xC0, 0x01, 0xD0, 0x03,
    0xF0, 0x00, 0xFC, 0x00, 0x2C, 0x00, 0x3F, 0x00, 0x0B, 0xD0, 0x03, 0xC0, 0x02, 0xF4, 0x00, 0xFE,
    0x00, 0x78, 0x00, 0x1F, 0x80, 0x1F, 0xF0, 0x0B, 0x40, 0x00, 0xFC, 0x03, 0xFF, 0x00, 0xF0, 0x00,
    0x0F, 0xC0, 0x39, 0xF4, 0x0E, 0x00, 0x00, 0xBD, 0x0B, 0x4F, 0x81, 0xD0, 0x00, 0x07, 0xE0, 0xF0,
    0xFC, 0x2C, 0x00, 0x00, 0x3E, 0x1E, 0x0B, 0xC3, 0x80, 0x00, 0x03, 0xF2, 0xC0, 0x7D, 0x74, 0x00,
    0x00, 0x2F, 0x7C, 0x03, 0xFB, 0x00, 0x00, 0x01, 0xFF, 0x40, 0x3F, 0xF0, 0x00, 0x00, 0x0F, 0xF0,
    0x02, 0xFE, 0x00, 0x00, 0x00, 0xFE, 0x00, 0x0F, 0xC0, 0x00, 0x00, 0x00, 0x00, 0x00, 0x00, 0x00,
    0x00, 0x00, 0x00, 0x00, 0x80, 0x00, 0x00, 0x00, 0x0F, 0x40, 0x00, 0x00, 0x00, 0xBD, 0x00, 0x00,
    0x00, 0x07, 0xC0, 0x00, 0x00, 0x00, 0x38, 0x00, 0x00, 0x00, 0x00, 0x00, 0x00, 0x00, 0x00, 0x00,
    0x00, 0x00, 0x1F, 0xE0, 0x06, 0x80, 0x7D, 0xBF, 0xC0, 0x2F, 0x03, 0xFC, 0x2F, 0x00, 0xBC, 0x07,
    0xF0, 0xBC, 0x02, 0xF0, 0x03, 0xC2, 0xF0, 0x0B, 0xC0, 0x0F, 0x0B, 0xC0, 0x2F, 0x00, 0x38, 0x2F,
    0x00, 0xBC, 0x01, 0xD0, 0xBC, 0x03, 0xE0, 0x0B, 0x03, 0xF0, 0x0F, 0x80, 0x3C, 0x0F, 0xC0, 0x7D,
    0x02, 0xD0, 0x3F, 0x03, 0xF8, 0x0F, 0x00, 0x7E, 0xBD, 0xFA, 0xF0, 0x00, 0xFF, 0xD2, 0xFF, 0x00,
    0x00, 0x14, 0x00, 0x40, 0x00, 0x00, 0x00, 0x1E, 0x02, 0x80, 0x00, 0x00, 0x00, 0x03, 0xF4, 0xFD,
    0x00, 0x00, 0x00, 0x00, 0x3F, 0x0F, 0xD0, 0x00, 0x00, 0x00, 0x00, 0x90, 0x24, 0x00, 0x00, 0x00,
    0x00, 0x00, 0x00, 0x00, 0x00, 0x02, 0xAA, 0x90, 0x05, 0x00, 0x0A, 0xAA, 0x7F, 0xFE, 0x02, 0xF4,
    0x00, 0xFF, 0xF0, 0xBD, 0x00, 0x1F, 0x80, 0x00, 0xF0, 0x07, 0xE0, 0x00, 0xFC, 0x00, 0x1D, 0x00,
    0x3F, 0x00, 0x0F, 0xC0, 0x02, 0xC0, 0x03, 0xF0, 0x00, 0xBD, 0x00, 0x3C, 0x00, 0x2F, 0x40, 0x0F,
    0xE0, 0x07, 0x80, 0x01, 0xF8, 0x01, 0xFF, 0x00, 0xB4, 0x00, 0x0F, 0xC0, 0x3F, 0xF0, 0x0F, 0x00,
    0x00, 0xFC, 0x03, 0x9F, 0x40, 0xE0, 0x00, 0x0B, 0xD0, 0xB4, 0xF8, 0x1D, 0x00, 0x00, 0x7E, 0x0F,
    0x0F, 0xC2, 0xC0, 0x00, 0x03, 0xE1, 0xE0, 0xBC, 0x38, 0x00, 0x00, 0x3F, 0x2C, 0x07, 0xD7, 0x40,
    0x00, 0x02, 0xF7, 0xC0, 0x3F, 0xB0, 0x00, 0x00, 0x1F, 0xF4, 0x03, 0xFF, 0x00, 0x00, 0x00, 0xFF,
    0x00, 0x2F, 0xE0, 0x00, 0x00, 0x0F, 0xE0, 0x00, 0xFC, 0x00, 0x00, 0x00, 0x00, 0x00, 0x00, 0x00,
    0x00, 0x00, 0x02, 0x80, 0xA0, 0x00, 0x00, 0x3F, 0x4B, 0xE0, 0x00, 0x00, 0xFD, 0x2F, 0x80, 0x00,
    0x00, 0x90, 0x24, 0x00, 0x00, 0x00, 0x00, 0x00, 0x00, 0x00, 0x00, 0x00, 0x00, 0x07, 0xF8, 0x01,
    0xA0, 0x1F, 0x6F, 0xF0, 0x0B, 0xC0, 0xFF, 0x0B, 0xC0, 0x2F, 0x01, 0xFC, 0x2F, 0x00, 0xBC, 0x00,
    0xF0, 0xBC, 0x02, 0xF0, 0x03, 0xC2, 0xF0, 0x0B, 0xC0, 0x0E, 0x0B, 0xC0, 0x2F, 0x00, 0x74, 0x2F,
    0x00, 0xF8, 0x02, 0xC0, 0xFC, 0x03, 0xE0, 0x0F, 0x03, 0xF0, 0x1F, 0x40, 0xB4, 0x0F, 0xC0, 0xFE,
    0x03, 0xC0, 0x1F, 0xAF, 0x7E, 0xBC, 0x00, 0x3F, 0xF4, 0xBF, 0xC0, 0x00, 0x05, 0x00, 0x10, 0x00,
    0x00, 0x00, 0xB8, 0x00, 0x00, 0x00, 0x0F, 0xC0, 0x00, 0x00, 0x00, 0xFC, 0x00, 0x00, 0x00, 0x06,
    0x40, 0x00, 0x00, 0x00, 0x00, 0x00, 0x02, 0xAA, 0x90, 0x0A, 0xA9, 0x7F, 0xFD, 0x01, 0xFF, 0xD0,
    0xBE, 0x00, 0x02, 0xD0, 0x03, 0xF0, 0x00, 0x38, 0x00, 0x1F, 0x80, 0x0B, 0x00, 0x00, 0xFC, 0x01,
    0xE0, 0x00, 0x07, 0xE0, 0x3C, 0x00, 0x00, 0x3F, 0x07, 0x40, 0x00, 0x01, 0xF8, 0xF0, 0x00, 0x00,
    0x0B, 0xEC, 0x00, 0x00, 0x00, 0x3F, 0x80, 0x00, 0x00, 0x02, 0xF0, 0x00, 0x00, 0x00, 0x2F, 0x00,
    0x00, 0x00, 0x03, 0xF0, 0x00, 0x00, 0x00, 0x3F, 0x00, 0x00, 0x00, 0x03, 0xF0, 0x00, 0x00, 0x01,
    0xBF, 0x90, 0x00, 0x00, 0x3F, 0xFF, 0x00, 0x00, 0x00, 0x0F, 0x40, 0x00, 0x0B, 0xF0, 0x00, 0x01,
    0xFC, 0x00, 0x00, 0x18, 0x00, 0x00, 0x00, 0x00, 0x00, 0x00, 0x00, 0x07, 0xF8, 0x02, 0xF2, 0xFF,
    0x00, 0xFE, 0x07, 0xC0, 0x1F, 0x81, 0xF0, 0x01, 0xD0, 0x7C, 0x00, 0xB0, 0x1F, 0x00, 0x38, 0x07,
    0xD0, 0x2D, 0x00, 0xF4, 0x0F, 0x00, 0x3E, 0x07, 0x40, 0x0F, 0xC3, 0xC0, 0x02, 0xF0, 0xE0, 0x00,
    0x3F, 0xF0, 0x00, 0x07, 0xF8, 0x00, 0x00, 0x2C, 0x00, 0x00, 0x0F, 0x00, 0x0A, 0x07, 0x40, 0x03,
    0xD3, 0xC0, 0x00, 0xFF, 0xC0, 0x00, 0x1A, 0x80, 0x00, 0x00, 0x0A, 0xAA, 0xAA, 0x91, 0xFF, 0xFF,
    0xFF, 0x2F, 0x00, 0x0B, 0xD2, 0xD0, 0x01, 0xF8, 0x3C, 0x00, 0x3F, 0x00, 0x00, 0x0F, 0xD0, 0x00,
    0x02, 0xF8, 0x00, 0x00, 0x3F, 0x00, 0x00, 0x0F, 0xD0, 0x00, 0x02, 0xF8, 0x00, 0x00, 0x7F, 0x00,
    0x00, 0x0F, 0xC0, 0x00, 0x02, 0xF8, 0x00, 0x00, 0x7F, 0x00, 0x0E, 0x0F, 0xC0, 0x01, 0xE3, 0xF4,
    0x00, 0x3D, 0x7F, 0xAA, 0xAF, 0xDB, 0xFF, 0xFF, 0xFC, 0x00, 0x00, 0x00, 0x00, 0x00, 0x00, 0x00,
    0x00, 0x2F, 0x00, 0x00, 0x03, 0xF4, 0x00, 0x00, 0x3F, 0x40, 0x00, 0x00, 0x90, 0x00, 0x2A, 0xAA,
    0xA5, 0xFF, 0xFF, 0xD7, 0xD5, 0x6E, 0x1C, 0x00, 0xF0, 0x60, 0x0F, 0x00, 0x00, 0xF0, 0x00, 0x0B,
    0x40, 0x00, 0x78, 0x00, 0x07, 0x80, 0x24, 0x3C, 0x01, 0xD3, 0xD0, 0x0F, 0x2F, 0xFF, 0xFC, 0xBF,
    0xFF, 0xF0, 0x00, 0x00, 0x00, 0x00, 0x00, 0x00, 0x7C, 0x00, 0x03, 0xF8, 0x00, 0x0F, 0xD0, 0x00,
    0x09, 0x00, 0x00, 0x29, 0x07, 0x47, 0xF1, 0xFC, 0x7F, 0x1F, 0xC1, 0x80, 0x60, 0x00, 0x00, 0x00,
    0x0E, 0x00, 0x01, 0xE0, 0x00, 0x2E, 0x00, 0x03, 0xE0, 0x02, 0xFF, 0xA8, 0x3F, 0xFF, 0xC0, 0x7D,
    0x00, 0x07, 0xD0, 0x00, 0x7D, 0x00, 0x07, 0xD0, 0x00, 0x7C, 0x00, 0x07, 0xC0, 0x00, 0xBC, 0x00,
    0x0B, 0xC0, 0x00, 0xBC, 0x05, 0x07, 0xFA, 0xE0, 0x2F, 0xF8, 0x00, 0x14, 0x00, 0x00, 0x01, 0xBF,
    0xA4, 0x00, 0x00, 0x7F, 0xFF, 0xFC, 0x00, 0x07, 0xF0, 0x01, 0xF4, 0x00, 0x3F, 0x00, 0x0F, 0x80,
    0x00, 0xF8, 0x00, 0xBC, 0x00, 0x07, 0xD0, 0x03, 0xD0, 0x00, 0x1F, 0x40, 0x3F, 0x00, 0x00, 0xBC,
    0x01, 0xF0, 0x00, 0x02, 0xF0, 0x0F, 0xFD, 0x00, 0x0B, 0xC0, 0x15, 0xBF, 0x00, 0x2F, 0x00, 0x00,
    0x7E, 0x00, 0xBC, 0x00, 0x00, 0xFC, 0x02, 0xF0, 0x00, 0x03, 0xF0, 0x0F, 0xC0, 0x40, 0x0F, 0xC0,
    0x3F, 0x0F, 0x80, 0x3F, 0x00, 0xFC, 0x7D, 0x02, 0xF4, 0x1B, 0xF0, 0xF8, 0x2F, 0x80, 0xFF, 0xC1,
    0xFF, 0xF4, 0x00, 0x00, 0x00, 0x14, 0x00, 0x00, 0x00, 0x00, 0x68, 0x00, 0x00, 0x00, 0x1F, 0xD0,
    0x00, 0x00, 0x02, 0xFE, 0x00, 0x00, 0x00, 0x3B, 0xF0, 0x00, 0x00, 0x07, 0x6F, 0x00, 0x00, 0x00,
    0xB1, 0xF4, 0x00, 0x00, 0x0E, 0x0F, 0xC0, 0x00, 0x01, 0xC0, 0xFC, 0x00, 0x00, 0x3C, 0x0B, 0xD0,
    0x00, 0x03, 0x80, 0x7E, 0x00, 0x00, 0xB5, 0x57, 0xF0, 0x00, 0x0F, 0xFF, 0xFF, 0x00, 0x01, 0xE5,
    0x56, 0xF4, 0x00, 0x2C, 0x00, 0x1F, 0x80, 0x03, 0xC0, 0x00, 0xFC, 0x00, 0x74, 0x00, 0x0B, 0xD0,
    0x1F, 0x90, 0x01, 0xFF, 0x4B, 0xFF, 0x40, 0xBF, 0xFE, 0x00, 0x00, 0x00, 0x00, 0x00, 0x00, 0x00,
    0x00, 0x00, 0x00, 0x03, 0xD0, 0x00, 0x00, 0x00, 0x7F, 0x00, 0x00, 0x00, 0x07, 0xF0, 0x00, 0x00,
    0x00, 0x18, 0x00, 0x00, 0x00, 0x00, 0x00, 0x00, 0x1F, 0xFA, 0xE0, 0x0B, 0xEA, 0xFE, 0x01, 0xF4,
    0x03, 0xE0, 0x3F, 0x00, 0x7D, 0x07, 0xD0, 0x0F, 0xD0, 0xBC, 0x00, 0xFD, 0x0F, 0xC0, 0x1F, 0xD0,
    0xFC, 0x02, 0xBD, 0x0F, 0xC0, 0x37, 0xD0, 0xFC, 0x07, 0x3D, 0x0B, 0xD0, 0xF3, 0xD0, 0x3F, 0xAD,
    0x3E, 0x91, 0xFF, 0x43, 0xFD, 0x01, 0x40, 0x04, 0x00, 0x00, 0x00, 0x00, 0x00, 0x3D, 0x00, 0x00,
    0x0B, 0xF0, 0x00, 0x00, 0x7F, 0x00, 0x00, 0x01, 0x80, 0x00, 0x00, 0x00, 0x10, 0x00, 0x00, 0x00,
    0x2F, 0xF4, 0x00, 0x00, 0x07, 0x4B, 0xC0, 0x00, 0x00, 0x74, 0xB8, 0x00, 0x00, 0x00, 0x3F, 0x00,
    0x00, 0x00, 0x07, 0xC0, 0x00, 0x00, 0x00, 0x10, 0x00, 0x00, 0x00, 0x06, 0x80, 0x00, 0x00, 0x01,
    0xFD, 0x00, 0x00, 0x00, 0x2F, 0xE0, 0x00, 0x00, 0x03, 0xBF, 0x00, 0x00, 0x00, 0x76, 0xF0, 0x00,
    0x00, 0x0B, 0x1F, 0x40, 0x00, 0x00, 0xE0, 0xFC, 0x00, 0x00, 0x1C, 0x0F, 0xC0, 0x00, 0x03, 0xC0,
    0xBD, 0x00, 0x00, 0x38, 0x07, 0xE0, 0x00, 0x0B, 0x55, 0x7F, 0x00, 0x00, 0xFF, 0xFF, 0xF0, 0x00,
    0x1E, 0x55, 0x6F, 0x40, 0x02, 0xC0, 0x01, 0xF8, 0x00, 0x3C, 0x00, 0x0F, 0xC0, 0x07, 0x40, 0x00,
    0xBD, 0x01, 0xF9, 0x00, 0x1F, 0xF4, 0xBF, 0xF4, 0x0B, 0xFF, 0xE0, 0x00, 0x05, 0x00, 0x00, 0x0F,
    0xFD, 0x00, 0x02, 0xD1, 0xF0, 0x00, 0x1D, 0x3E, 0x00, 0x00, 0x0F, 0xC0, 0x00, 0x01, 0xF0, 0x00,
    0x00, 0x09, 0x00, 0x00, 0x00, 0x00, 0x00, 0x01, 0xFF, 0xAE, 0x00, 0xBE, 0xAF, 0xE0, 0x1F, 0x40,
    0x3E, 0x03, 0xF0, 0x07, 0xD0, 0x7D, 0x00, 0xFD, 0x0B, 0xC0, 0x0F, 0xD0, 0xFC, 0x01, 0xFD, 0x0F,
    0xC0, 0x2B, 0xD0, 0xFC, 0x03, 0x7D, 0x0F, 0xC0, 0x73, 0xD0, 0xBD, 0x0F, 0x3D, 0x03, 0xFA, 0xD3,
    0xE9, 0x1F, 0xF4, 0x3F, 0xD0, 0x14, 0x00, 0x40, 0x00, 0x00, 0x00, 0x00, 0x00, 0x00, 0x00, 0xB8,
    0x00, 0x00, 0x00, 0x2F, 0x80, 0x00, 0x00, 0x0B, 0xD0, 0x00, 0x00, 0x02, 0xD0, 0x00, 0x00, 0x00,
    0x01, 0x00, 0x00, 0x00, 0x00, 0xBC, 0x00, 0x00, 0x00, 0x2F, 0xF0, 0x00, 0x00, 0x0B, 0xDB, 0xC0,
    0x00, 0x01, 0xD0, 0x1E, 0x00, 0x00, 0x00, 0x00, 0x00, 0x00, 0x00, 0x06, 0x80, 0x00, 0x00, 0x01,
    0xFD, 0x00, 0x00, 0x00, 0x2F, 0xE0, 0x00, 0x00, 0x03, 0xBF, 0x00, 0x00, 0x00, 0x76, 0xF0, 0x00,
    0x00, 0x0B, 0x1F, 0x40, 0x00, 0x00, 0xE0, 0xFC, 0x00, 0x00, 0x1C, 0x0F, 0xC0, 0x00, 0x03, 0xC0,
    0xBD, 0x00, 0x00, 0x38, 0x07, 0xE0, 0x00, 0x0B, 0x55, 0x7F, 0x00, 0x00, 0xFF, 0xFF, 0xF0, 0x00,
    0x1E, 0x55, 0x6F, 0x40, 0x02, 0xC0, 0x01, 0xF8, 0x00, 0x3C, 0x00, 0x0F, 0xC0, 0x07, 0x40, 0x00,
    0xBD, 0x01, 0xF9, 0x00, 0x1F, 0xF4, 0xBF, 0xF4, 0x0B, 0xFF, 0xE0, 0x00, 0x00, 0x00, 0x00, 0x00,
    0x2D, 0x00, 0x00, 0x0F, 0xE0, 0x00, 0x03, 0xF4, 0x00, 0x00, 0xB4, 0x00, 0x00, 0x00, 0x90, 0x00,
    0x00, 0x2F, 0x00, 0x00, 0x07, 0xFC, 0x00, 0x01, 0xF2, 0xE0, 0x00, 0x38, 0x07, 0x40, 0x01, 0x00,
    0x00, 0x00, 0x00, 0x00, 0x00, 0x01, 0xFF, 0xAE, 0x00, 0xBE, 0xAF, 0xE0, 0x1F, 0x40, 0x3E, 0x03,
    0xF0, 0x07, 0xD0, 0x7D, 0x00, 0xFD, 0x0B, 0xC0, 0x0F, 0xD0, 0xFC, 0x01, 0xFD, 0x0F, 0xC0, 0x2B,
    0xD0, 0xFC, 0x03, 0x7D, 0x0F, 0xC0, 0x73, 0xD0, 0xBD, 0x0F, 0x3D, 0x03, 0xFA, 0xD3, 0xE9, 0x1F,
    0xF4, 0x3F, 0xD0, 0x14, 0x00, 0x40, 0x00, 0x00, 0x00, 0x00, 0x00, 0x00, 0x3D, 0x00, 0x00, 0x00,
    0x03, 0xF4, 0x00, 0x00, 0x00, 0x0B, 0xD0, 0x00, 0x00, 0x00, 0x0B, 0x40, 0x00, 0x00, 0x01, 0x00,
    0x00, 0x00, 0x00, 0xBC, 0x00, 0x00, 0x00, 0x2F, 0xF0, 0x00, 0x00, 0x0B, 0xDB, 0xC0, 0x00, 0x01,
    0xD0, 0x1E, 0x00, 0x00, 0x00, 0x00, 0x00, 0x00, 0x00, 0x06, 0x80, 0x00, 0x00, 0x01, 0xFD, 0x00,
    0x00, 0x00, 0x2F, 0xE0, 0x00, 0x00, 0x03, 0xBF, 0x00, 0x00, 0x00, 0x76, 0xF0, 0x00, 0x00, 0x0B,
    0x1F, 0x40, 0x00, 0x00, 0xE0, 0xFC, 0x00, 0x00, 0x1C, 0x0F, 0xC0, 0x00, 0x03, 0xC0, 0xBD, 0x00,
    0x00, 0x38, 0x07, 0xE0, 0x00, 0x0B, 0x55, 0x7F, 0x00, 0x00, 0xFF, 0xFF, 0xF0, 0x00, 0x1E, 0x55,
    0x6F, 0x40, 0x02, 0xC0, 0x01, 0xF8, 0x00, 0x3C, 0x00, 0x0F, 0xC0, 0x07, 0x40, 0x00, 0xBD, 0x01,
    0xF9, 0x00, 0x1F, 0xF4, 0xBF, 0xF4, 0x0B, 0xFF, 0xE0, 0x00, 0x00, 0x00, 0x00, 0x0B, 0x40, 0x00,
    0x00, 0xFE, 0x00, 0x00, 0x02, 0xF8, 0x00, 0x00, 0x02, 0xE0, 0x00, 0x00, 0x90, 0x00, 0x00, 0x2F,
    0x00, 0x00, 0x07, 0xFC, 0x00, 0x01, 0xF2, 0xE0, 0x00, 0x38, 0x07, 0x40, 0x01, 0x00, 0x00, 0x00,
    0x00, 0x00, 0x00, 0x01, 0xFF, 0xAE, 0x00, 0xBE, 0xAF, 0xE0, 0x1F, 0x40, 0x3E, 0x03, 0xF0, 0x07,
    0xD0, 0x7D, 0x00, 0xFD, 0x0B, 0xC0, 0x0F, 0xD0, 0xFC, 0x01, 0xFD, 0x0F, 0xC0, 0x2B, 0xD0, 0xFC,
    0x03, 0x7D, 0x0F, 0xC0, 0x73, 0xD0, 0xBD, 0x0F, 0x3D, 0x03, 0xFA, 0xD3, 0xE9, 0x1F, 0xF4, 0x3F,
    0xD0, 0x14, 0x00, 0x40, 0x00, 0x00, 0x00, 0x10, 0x00, 0x00, 0x00, 0x2F, 0xF4, 0x00, 0x00, 0x07,
    0x47, 0xC0, 0x00, 0x00, 0x74, 0xB8, 0x00, 0x00, 0x10, 0x2F, 0x00, 0x00, 0x0B, 0xC7, 0xC0, 0x00,
    0x02, 0xFF, 0x10, 0x00, 0x00, 0xBD, 0xBC, 0x00, 0x00, 0x1D, 0x01, 0xE0, 0x00, 0x00, 0x00, 0x00,
    0x00, 0x00, 0x00, 0x68, 0x00, 0x00, 0x00, 0x1F, 0xD0, 0x00, 0x00, 0x02, 0xFE, 0x00, 0x00, 0x00,
    0x3B, 0xF0, 0x00, 0x00, 0x07, 0x6F, 0x00, 0x00, 0x00, 0xB1, 0xF4, 0x00, 0x00, 0x0E, 0x0F, 0xC0,
    0x00, 0x01, 0xC0, 0xFC, 0x00, 0x00, 0x3C, 0x0B, 0xD0, 0x00, 0x03, 0x80, 0x7E, 0x00, 0x00, 0xB5,
    0x57, 0xF0, 0x00, 0x0F, 0xFF, 0xFF, 0x00, 0x01, 0xE5, 0x56, 0xF4, 0x00, 0x2C, 0x00, 0x1F, 0x80,
    0x03, 0xC0, 0x00, 0xFC, 0x00, 0x74, 0x00, 0x0B, 0xD0, 0x1F, 0x90, 0x01, 0xFF, 0x4B, 0xFF, 0x40,
    0xBF, 0xFE, 0x00, 0x00, 0x04, 0x00, 0x00, 0x0B, 0xFD, 0x00, 0x01, 0xD1, 0xF0, 0x00, 0x1D, 0x2E,
    0x00, 0x00, 0x0F, 0xC0, 0x00, 0x91, 0xF0, 0x00, 0x2F, 0x04, 0x00, 0x07, 0xFC, 0x00, 0x01, 0xF2,
    0xE0, 0x00, 0x38, 0x07, 0x40, 0x01, 0x00, 0x00, 0x00, 0x00, 0x00, 0x00, 0x01, 0xFF, 0xAE, 0x00,
    0xBE, 0xAF, 0xE0, 0x1F, 0x40, 0x3E, 0x03, 0xF0, 0x07, 0xD0, 0x7D, 0x00, 0xFD, 0x0B, 0xC0, 0x0F,
    0xD0, 0xFC, 0x01, 0xFD, 0x0F, 0xC0, 0x2B, 0xD0, 0xFC, 0x03, 0x7D, 0x0F, 0xC0, 0x73, 0xD0, 0xBD,
    0x0F, 0x3D, 0x03, 0xFA, 0xD3, 0xE9, 0x1F, 0xF4, 0x3F, 0xD0, 0x14, 0x00, 0x40, 0x00, 0x01, 0x90,
    0x00, 0x00, 0x00, 0x7F, 0xE7, 0x00, 0x00, 0x0D, 0xBF, 0xE0, 0x00, 0x00, 0x00, 0x68, 0x00, 0x00,
    0x00, 0x10, 0x00, 0x00, 0x00, 0x0B, 0xC0, 0x00, 0x00, 0x02, 0xFF, 0x00, 0x00, 0x00, 0xBD, 0xBC,
    0x00, 0x00, 0x1D, 0x01, 0xE0, 0x00, 0x00, 0x00, 0x00, 0x00, 0x00, 0x00, 0x68, 0x00, 0x00, 0x00,
    0x1F, 0xD0, 0x00, 0x00, 0x02, 0xFE, 0x00, 0x00, 0x00, 0x3B, 0xF0, 0x00, 0x00, 0x07, 0x6F, 0x00,
    0x00, 0x00, 0xB1, 0xF4, 0x00, 0x00, 0x0E, 0x0F, 0xC0, 0x00, 0x01, 0xC0, 0xFC, 0x00, 0x00, 0x3C,
    0x0B, 0xD0, 0x00, 0x03, 0x80, 0x7E, 0x00, 0x00, 0xB5, 0x57, 0xF0, 0x00, 0x0F, 0xFF, 0xFF, 0x00,
    0x01, 0xE5, 0x56, 0xF4, 0x00, 0x2C, 0x00, 0x1F, 0x80, 0x03, 0xC0, 0x00, 0xFC, 0x00, 0x74, 0x00,
    0x0B, 0xD0, 0x1F, 0x90, 0x01, 0xFF, 0x4B, 0xFF, 0x40, 0xBF, 0xFE, 0x00, 0x64, 0x00, 0x00, 0x2F,
    0xF9, 0xC0, 0x03, 0x6F, 0xF8, 0x00, 0x00, 0x1A, 0x00, 0x00, 0x09, 0x00, 0x00, 0x02, 0xF0, 0x00,
    0x00, 0x7F, 0xC0, 0x00, 0x1F, 0x2E, 0x00, 0x03, 0x80, 0x74, 0x00, 0x10, 0x00, 0x00, 0x00, 0x00,
    0x00, 0x00, 0x1F, 0xFA, 0xE0, 0x0B, 0xEA, 0xFE, 0x01, 0xF4, 0x03, 0xE0, 0x3F, 0x00, 0x7D, 0x07,
    0xD0, 0x0F, 0xD0, 0xBC, 0x00, 0xFD, 0x0F, 0xC0, 0x1F, 0xD0, 0xFC, 0x02, 0xBD, 0x0F, 0xC0, 0x37,
    0xD0, 0xFC, 0x07, 0x3D, 0x0B, 0xD0, 0xF3, 0xD0, 0x3F, 0xAD, 0x3E, 0x91, 0xFF, 0x43, 0xFD, 0x01,
    0x40, 0x04, 0x00, 0x00, 0x00, 0x10, 0x00, 0x00, 0x00, 0x0B, 0xC0, 0x00, 0x00, 0x02, 0xFF, 0x00,
    0x00, 0x00, 0xBD, 0xBC, 0x00, 0x00, 0x1D, 0x01, 0xE0, 0x00, 0x00, 0x00, 0x00, 0x00, 0x00, 0x00,
    0x68, 0x00, 0x00, 0x00, 0x1F, 0xD0, 0x00, 0x00, 0x02, 0xFE, 0x00, 0x00, 0x00, 0x3B, 0xF0, 0x00,
    0x00, 0x07, 0x6F, 0x00, 0x00, 0x00, 0xB1, 0xF4, 0x00, 0x00, 0x0E, 0x0F, 0xC0, 0x00, 0x01, 0xC0,
    0xFC, 0x00, 0x00, 0x3C, 0x0B, 0xD0, 0x00, 0x03, 0x80, 0x7E, 0x00, 0x00, 0xB5, 0x57, 0xF0, 0x00,
    0x0F, 0xFF, 0xFF, 0x00, 0x01, 0xE5, 0x56, 0xF4, 0x00, 0x2C, 0x00, 0x1F, 0x80, 0x03, 0xC0, 0x00,
    0xFC, 0x00, 0x74, 0x00, 0x0B, 0xD0, 0x1F, 0x90, 0x01, 0xFF, 0x4B, 0xFF, 0x40, 0xBF, 0xFE, 0x00,
    0x00, 0x00, 0x00, 0x00, 0x00, 0x00, 0x00, 0x00, 0x00, 0x03, 0xD0, 0x00, 0x00, 0x00, 0x7F, 0x00,
    0x00, 0x00, 0x07, 0xF0, 0x00, 0x00, 0x00, 0x18, 0x00, 0x00, 0x00, 0x09, 0x00, 0x00, 0x02, 0xF0,
    0x00, 0x00, 0x7F, 0xC0, 0x00, 0x1F, 0x2E, 0x00, 0x03, 0x80, 0x74, 0x00, 0x10, 0x00, 0x00, 0x00,
    0x00, 0x00, 0x00, 0x1F, 0xFA, 0xE0, 0x0B, 0xEA, 0xFE, 0x01, 0xF4, 0x03, 0xE0, 0x3F, 0x00, 0x7D,
    0x07, 0xD0, 0x0F, 0xD0, 0xBC, 0x00, 0xFD, 0x0F, 0xC0, 0x1F, 0xD0, 0xFC, 0x02, 0xBD, 0x0F, 0xC0,
    0x37, 0xD0, 0xFC, 0x07, 0x3D, 0x0B, 0xD0, 0xF3, 0xD0, 0x3F, 0xAD, 0x3E, 0x91, 0xFF, 0x43, 0xFD,
    0x01, 0x40, 0x04, 0x00, 0x00, 0x00, 0x00, 0x00, 0x3D, 0x00, 0x00, 0x0B, 0xF0, 0x00, 0x00, 0x7F,
    0x00, 0x00, 0x01, 0x80, 0x00, 0x00, 0x00, 0x00, 0x00, 0x00, 0x00, 0x00, 0x3C, 0x00, 0x00, 0x00,
    0x1F, 0xC0, 0x00, 0x00, 0x07, 0xE0, 0x00, 0x00, 0x00, 0xE0, 0x00, 0x00, 0x00, 0x40, 0x00, 0x00,
    0x00, 0x1C, 0x00, 0xA0, 0x00, 0x00, 0xF0, 0x2D, 0x00, 0x00, 0x0B, 0xFF, 0xC0, 0x00, 0x00, 0x2F,
    0xE0, 0x00, 0x00, 0x00, 0x00, 0x00, 0x00, 0x00, 0x06, 0x80, 0x00, 0x00, 0x01, 0xFD, 0x00, 0x00,
    0x00, 0x2F, 0xE0, 0x00, 0x00, 0x03, 0xBF, 0x00, 0x00, 0x00, 0x76, 0xF0, 0x00, 0x00, 0x0B, 0x1F,
    0x40, 0x00, 0x00, 0xE0, 0xFC, 0x00, 0x00, 0x1C, 0x0F, 0xC0, 0x00, 0x03, 0xC0, 0xBD, 0x00, 0x00,
    0x38, 0x07, 0xE0, 0x00, 0x0B, 0x55, 0x7F, 0x00, 0x00, 0xFF, 0xFF, 0xF0, 0x00, 0x1E, 0x55, 0x6F,
    0x40, 0x02, 0xC0, 0x01, 0xF8, 0x00, 0x3C, 0x00, 0x0F, 0xC0, 0x07, 0x40, 0x00, 0xBD, 0x01, 0xF9,
    0x00, 0x1F, 0xF4, 0xBF, 0xF4, 0x0B, 0xFF, 0xE0, 0x00, 0x00, 0x00, 0x00, 0x00, 0x1F, 0x00, 0x00,
    0x07, 0xF0, 0x00, 0x02, 0xF8, 0x00, 0x00, 0x78, 0x00, 0x00, 0x10, 0x00, 0x00, 0x03, 0x40, 0x28,
    0x00, 0x3C, 0x0B, 0x40, 0x01, 0xFF, 0xF0, 0x00, 0x0B, 0xFC, 0x00, 0x00, 0x04, 0x00, 0x00, 0x00,
    0x00, 0x00, 0x01, 0xFF, 0xAE, 0x00, 0xBE, 0xAF, 0xE0, 0x1F, 0x40, 0x3E, 0x03, 0xF0, 0x07, 0xD0,
    0x7D, 0x00, 0xFD, 0x0B, 0xC0, 0x0F, 0xD0, 0xFC, 0x01, 0xFD, 0x0F, 0xC0, 0x2B, 0xD0, 0xFC, 0x03,
    0x7D, 0x0F, 0xC0, 0x73, 0xD0, 0xBD, 0x0F, 0x3D, 0x03, 0xFA, 0xD3, 0xE9, 0x1F, 0xF4, 0x3F, 0xD0,
    0x14, 0x00, 0x40, 0x00, 0x00, 0x00, 0x00, 0x00, 0x00, 0x78, 0x00, 0x00, 0x00, 0x07, 0xF0, 0x00,
    0x00, 0x00, 0x1F, 0xC0, 0x00, 0x00, 0x00, 0x1F, 0x00, 0x00, 0x00, 0x40, 0x00, 0x00, 0x00, 0x1C,
    0x00, 0xA0, 0x00, 0x00, 0xF0, 0x2D, 0x00, 0x00, 0x0B, 0xFF, 0xC0, 0x00, 0x00, 0x2F, 0xE0, 0x00,
    0x00, 0x00, 0x00, 0x00, 0x00, 0x00, 0x06, 0x80, 0x00, 0x00, 0x01, 0xFD, 0x00, 0x00, 0x00, 0x2F,
    0xE0, 0x00, 0x00, 0x03, 0xBF, 0x00, 0x00, 0x00, 0x76, 0xF0, 0x00, 0x00, 0x0B, 0x1F, 0x40, 0x00,
    0x00, 0xE0, 0xFC, 0x00, 0x00, 0x1C, 0x0F, 0xC0, 0x00, 0x03, 0xC0, 0xBD, 0x00, 0x00, 0x38, 0x07,
    0xE0, 0x00, 0x0B, 0x55, 0x7F, 0x00, 0x00, 0xFF, 0xFF, 0xF0, 0x00, 0x1E, 0x55, 0x6F, 0x40, 0x02,
    0xC0, 0x01, 0xF8, 0x00, 0x3C, 0x00, 0x0F, 0xC0, 0x07, 0x40, 0x00, 0xBD, 0x01, 0xF9, 0x00, 0x1F,
    0xF4, 0xBF, 0xF4, 0x0B, 0xFF, 0xE0, 0x00, 0x00, 0x00, 0x00, 0x0F, 0x00, 0x00, 0x01, 0xFC, 0x00,
    0x00, 0x07, 0xF4, 0x00, 0x00, 0x06, 0xC0, 0x00, 0x10, 0x00, 0x00, 0x03, 0x40, 0x28, 0x00, 0x3C,
    0x0B, 0x40, 0x01, 0xFF, 0xF0, 0x00, 0x0B, 0xFC, 0x00, 0x00, 0x04, 0x00, 0x00, 0x00, 0x00, 0x00,
    0x01, 0xFF, 0xAE, 0x00, 0xBE, 0xAF, 0xE0, 0x1F, 0x40, 0x3E, 0x03, 0xF0, 0x07, 0xD0, 0x7D, 0x00,
    0xFD, 0x0B, 0xC0, 0x0F, 0xD0, 0xFC, 0x01, 0xFD, 0x0F, 0xC0, 0x2B, 0xD0, 0xFC, 0x03, 0x7D, 0x0F,
    0xC0, 0x73, 0xD0, 0xBD, 0x0F, 0x3D, 0x03, 0xFA, 0xD3, 0xE9, 0x1F, 0xF4, 0x3F, 0xD0, 0x14, 0x00,
    0x40, 0x00, 0x00, 0x10, 0x00, 0x00, 0x00, 0x2F, 0xF4, 0x00, 0x00, 0x07, 0x87, 0xC0, 0x00, 0x00,
    0x34, 0xBC, 0x00, 0x00, 0x00, 0x2F, 0x00, 0x00, 0x00, 0x07, 0xC0, 0x00, 0x00, 0x1C, 0x10, 0xE0,
    0x00, 0x00, 0xE0, 0x2D, 0x00, 0x00, 0x0F, 0xFF, 0x80, 0x00, 0x00, 0x2F, 0xE0, 0x00, 0x00, 0x00,
    0x00, 0x00, 0x00, 0x00, 0x06, 0x80, 0x00, 0x00, 0x01, 0xFD, 0x00, 0x00, 0x00, 0x2F, 0xE0, 0x00,
    0x00, 0x03, 0xBF, 0x00, 0x00, 0x00, 0x76, 0xF0, 0x00, 0x00, 0x0B, 0x1F, 0x40, 0x00, 0x00, 0xE0,
    0xFC, 0x00, 0x00, 0x1C, 0x0F, 0xC0, 0x00, 0x03, 0xC0, 0xBD, 0x00, 0x00, 0x38, 0x07, 0xE0, 0x00,
    0x0B, 0x55, 0x7F, 0x00, 0x00, 0xFF, 0xFF, 0xF0, 0x00, 0x1E, 0x55, 0x6F, 0x40, 0x02, 0xC0, 0x01,
    0xF8, 0x00, 0x3C, 0x00, 0x0F, 0xC0, 0x07, 0x40, 0x00, 0xBD, 0x01, 0xF9, 0x00, 0x1F, 0xF4, 0xBF,
    0xF4, 0x0B, 0xFF, 0xE0, 0x00, 0x04, 0x00, 0x00, 0x0B, 0xFD, 0x00, 0x01, 0xE1, 0xF0, 0x00, 0x0E,
    0x2F, 0x00, 0x00, 0x0B, 0xC0, 0x00, 0x00, 0xF0, 0x00, 0x01, 0x05, 0x00, 0x00, 0x34, 0x02, 0x80,
    0x03, 0xC0, 0xB4, 0x00, 0x1F, 0xFF, 0x00, 0x00, 0xBF, 0xC0, 0x00, 0x00, 0x40, 0x00, 0x00, 0x00,
    0x00, 0x00, 0x1F, 0xFA, 0xE0, 0x0B, 0xEA, 0xFE, 0x01, 0xF4, 0x03, 0xE0, 0x3F, 0x00, 0x7D, 0x07,
    0xD0, 0x0F, 0xD0, 0xBC, 0x00, 0xFD, 0x0F, 0xC0, 0x1F, 0xD0, 0xFC, 0x02, 0xBD, 0x0F, 0xC0, 0x37,
    0xD0, 0xFC, 0x07, 0x3D, 0x0B, 0xD0, 0xF3, 0xD0, 0x3F, 0xAD, 0x3E, 0x91, 0xFF, 0x43, 0xFD, 0x01,
    0x40, 0x04, 0x00, 0x00, 0x02, 0x90, 0x00, 0x00, 0x00, 0xBF, 0xEB, 0x00, 0x00, 0x0D, 0xBF, 0xD0,
    0x00, 0x00, 0x00, 0x64, 0x00, 0x00, 0x04, 0x00, 0x00, 0x00, 0x01, 0xC0, 0x0A, 0x00, 0x00, 0x0F,
    0x02, 0xD0, 0x00, 0x00, 0xBF, 0xFC, 0x00, 0x00, 0x02, 0xFE, 0x00, 0x00, 0x00, 0x00, 0x00, 0x00,
    0x00, 0x00, 0x68, 0x00, 0x00, 0x00, 0x1F, 0xD0, 0x00, 0x00, 0x02, 0xFE, 0x00, 0x00, 0x00, 0x3B,
    0xF0, 0x00, 0x00, 0x07, 0x6F, 0x00, 0x00, 0x00, 0xB1, 0xF4, 0x00, 0x00, 0x0E, 0x0F, 0xC0, 0x00,
    0x01, 0xC0, 0xFC, 0x00, 0x00, 0x3C, 0x0B, 0xD0, 0x00, 0x03, 0x80, 0x7E, 0x00, 0x00, 0xB5, 0x57,
    0xF0, 0x00, 0x0F, 0xFF, 0xFF, 0x00, 0x01, 0xE5, 0x56, 0xF4, 0x00, 0x2C, 0x00, 0x1F, 0x80, 0x03,
    0xC0, 0x00, 0xFC, 0x00, 0x74, 0x00, 0x0B, 0xD0, 0x1F, 0x90, 0x01, 0xFF, 0x4B, 0xFF, 0x40, 0xBF,
    0xFE, 0x00, 0xA4, 0x00, 0x00, 0x2F, 0xF9, 0xC0, 0x03, 0x6F, 0xF8, 0x00, 0x00, 0x19, 0x00, 0x01,
    0x00, 0x00, 0x00, 0x34, 0x02, 0x80, 0x03, 0xC0, 0xB4, 0x00, 0x1F, 0xFF, 0x00, 0x00, 0xBF, 0xC0,
    0x00, 0x00, 0x40, 0x00, 0x00, 0x00, 0x00, 0x00, 0x1F, 0xFA, 0xE0, 0x0B, 0xEA, 0xFE, 0x01, 0xF4,
    0x03, 0xE0, 0x3F, 0x00, 0x7D, 0x07, 0xD0, 0x0F, 0xD0, 0xBC, 0x00, 0xFD, 0x0F, 0xC0, 0x1F, 0xD0,
    0xFC, 0x02, 0xBD, 0x0F, 0xC0, 0x37, 0xD0, 0xFC, 0x07, 0x3D, 0x0B, 0xD0, 0xF3, 0xD0, 0x3F, 0xAD,
    0x3E, 0x91, 0xFF, 0x43, 0xFD, 0x01, 0x40, 0x04, 0x00, 0x00, 0x04, 0x00, 0x00, 0x00, 0x01, 0xC0,
    0x0A, 0x00, 0x00, 0x0F, 0x02, 0xD0, 0x00, 0x00, 0xBF, 0xFC, 0x00, 0x00, 0x02, 0xFE, 0x00, 0x00,
    0x00, 0x00, 0x00, 0x00, 0x00, 0x00, 0x68, 0x00, 0x00, 0x00, 0x1F, 0xD0, 0x00, 0x00, 0x02, 0xFE,
    0x00, 0x00, 0x00, 0x3B, 0xF0, 0x00, 0x00, 0x07, 0x6F, 0x00, 0x00, 0x00, 0xB1, 0xF4, 0x00, 0x00,
    0x0E, 0x0F, 0xC0, 0x00, 0x01, 0xC0, 0xFC, 0x00, 0x00, 0x3C, 0x0B, 0xD0, 0x00, 0x03, 0x80, 0x7E,
    0x00, 0x00, 0xB5, 0x57, 0xF0, 0x00, 0x0F, 0xFF, 0xFF, 0x00, 0x01, 0xE5, 0x56, 0xF4, 0x00, 0x2C,
    0x00, 0x1F, 0x80, 0x03, 0xC0, 0x00, 0xFC, 0x00, 0x74, 0x00, 0x0B, 0xD0, 0x1F, 0x90, 0x01, 0xFF,
    0x4B, 0xFF, 0x40, 0xBF, 0xFE, 0x00, 0x00, 0x00, 0x00, 0x00, 0x00, 0x00, 0x00, 0x00, 0x00, 0x03,
    0xD0, 0x00, 0x00, 0x00, 0x7F, 0x00, 0x00, 0x00, 0x07, 0xF0, 0x00, 0x00, 0x00, 0x18, 0x00, 0x00,
    0x01, 0x00, 0x00, 0x00, 0x34, 0x02, 0x80, 0x03, 0xC0, 0xB4, 0x00, 0x1F, 0xFF, 0x00, 0x00, 0xBF,
    0xC0, 0x00, 0x00, 0x40, 0x00, 0x00, 0x00, 0x00, 0x00, 0x1F, 0xFA, 0xE0, 0x0B, 0xEA, 0xFE, 0x01,
    0xF4, 0x03, 0xE0, 0x3F, 0x00, 0x7D, 0x07, 0xD0, 0x0F, 0xD0, 0xBC, 0x00, 0xFD, 0x0F, 0xC0, 0x1F,
    0xD0, 0xFC, 0x02, 0xBD, 0x0F, 0xC0, 0x37, 0xD0, 0xFC, 0x07, 0x3D, 0x0B, 0xD0, 0xF3, 0xD0, 0x3F,
    0xAD, 0x3E, 0x91, 0xFF, 0x43, 0xFD, 0x01, 0x40, 0x04, 0x00, 0x00, 0x00, 0x00, 0x00, 0x3D, 0x00,
    0x00, 0x0B, 0xF0, 0x00, 0x00, 0x7F, 0x00, 0x00, 0x01, 0x80, 0x00, 0x2A, 0xAA, 0xAA, 0x43, 0xFF,
    0xFF, 0xFC, 0x03, 0xE0, 0x0B, 0xC0, 0x3E, 0x00, 0x3C, 0x03, 0xE0, 0x02, 0xC0, 0x3E, 0x00, 0x00,
    0x07, 0xD0, 0x00, 0x00, 0x7D, 0x00, 0x00, 0x07, 0xFF, 0xFD, 0x00, 0x7F, 0xFF, 0xD0, 0x07, 0xD0,
    0x00, 0x00, 0x7D, 0x00, 0x00, 0x0B, 0xC0, 0x00, 0x00, 0xBC, 0x00, 0x18, 0x0B, 0xC0, 0x03, 0xC0,
    0xBC, 0x00, 0x7C, 0x6F, 0xEA, 0xAF, 0xCF, 0xFF, 0xFF, 0xF8, 0x00, 0x00, 0x00, 0x00, 0x00, 0x00,
    0x00, 0x00, 0x1F, 0x00, 0x00, 0x03, 0xF8, 0x00, 0x00, 0x3F, 0x40, 0x00, 0x00, 0x90, 0x00, 0x00,
    0x00, 0x00, 0x07, 0xFE, 0x00, 0xBE, 0x7F, 0x0B, 0xC0, 0xBC, 0x3E, 0x01, 0xF1, 0xF0, 0x0B, 0xCB,
    0xC1, 0xBD, 0x3F, 0xBF, 0x80, 0xFF, 0x90, 0x03, 0xF0, 0x00, 0x0B, 0xD0, 0x00, 0x0F, 0xC0, 0x28,
    0x2F, 0xEB, 0xE0, 0x2F, 0xFD, 0x00, 0x05, 0x00, 0x00, 0x00, 0x00, 0x00, 0xF4, 0x00, 0x07, 0xF0,
    0x00, 0x1F, 0xC0, 0x00, 0x18, 0x00, 0x00, 0x01, 0x00, 0x00, 0x03, 0xFF, 0x00, 0x00, 0xB4, 0xB8,
    0x00, 0x07, 0x4F, 0x80, 0x00, 0x03, 0xF0, 0x00, 0x00, 0x7C, 0x00, 0x00, 0x01, 0x00, 0x02, 0xAA,
    0xAA, 0xA4, 0x3F, 0xFF, 0xFF, 0xC0, 0x3E, 0x00, 0xBC, 0x03, 0xE0, 0x03, 0xC0, 0x3E, 0x00, 0x2C,
    0x03, 0xE0, 0x00, 0x00, 0x7D, 0x00, 0x00, 0x07, 0xD0, 0x00, 0x00, 0x7F, 0xFF, 0xD0, 0x07, 0xFF,
    0xFD, 0x00, 0x7D, 0x00, 0x00, 0x07, 0xD0, 0x00, 0x00, 0xBC, 0x00, 0x00, 0x0B, 0xC0, 0x01, 0x80,
    0xBC, 0x00, 0x3C, 0x0B, 0xC0, 0x07, 0xC6, 0xFE, 0xAA, 0xFC, 0xFF, 0xFF, 0xFF, 0x80, 0x00, 0x14,
    0x00, 0x0B, 0xFE, 0x00, 0x3C, 0x3C, 0x00, 0xA1, 0xF0, 0x00, 0x1F, 0x40, 0x00, 0xF0, 0x00, 0x02,
    0x80, 0x00, 0x00, 0x00, 0x01, 0xFF, 0x80, 0x2F, 0x9F, 0xC2, 0xF0, 0x2F, 0x0F, 0x80, 0x7C, 0x7C,
    0x02, 0xF2, 0xF0, 0x6F, 0x4F, 0xEF, 0xE0, 0x3F, 0xE4, 0x00, 0xFC, 0x00, 0x02, 0xF4, 0x00, 0x03,
    0xF0, 0x0A, 0x0B, 0xFA, 0xF8, 0x0B, 0xFF, 0x40, 0x01, 0x40, 0x00, 0x00, 0x28, 0x00, 0x00, 0x0F,
    0xFD, 0xA0, 0x02, 0xDF, 0xFC, 0x00, 0x00, 0x0A, 0x40, 0x00, 0x00, 0x00, 0x02, 0xAA, 0xAA, 0xA4,
    0x3F, 0xFF, 0xFF, 0xC0, 0x3E, 0x00, 0xBC, 0x03, 0xE0, 0x03, 0xC0, 0x3E, 0x00, 0x2C, 0x03, 0xE0,
    0x00, 0x00, 0x7D, 0x00, 0x00, 0x07, 0xD0, 0x00, 0x00, 0x7F, 0xFF, 0xD0, 0x07, 0xFF, 0xFD, 0x00,
    0x7D, 0x00, 0x00, 0x07, 0xD0, 0x00, 0x00, 0xBC, 0x00, 0x00, 0x0B, 0xC0, 0x01, 0x80, 0xBC, 0x00,
    0x3C, 0x0B, 0xC0, 0x07, 0xC6, 0xFE, 0xAA, 0xFC, 0xFF, 0xFF, 0xFF, 0x80, 0x01, 0x90, 0x00, 0x1F,
    0xF9, 0xC0, 0xDB, 0xFE, 0x00, 0x01, 0xA0, 0x00, 0x00, 0x00, 0x00, 0x00, 0x00, 0x1F, 0xF8, 0x02,
    0xF9, 0xFC, 0x2F, 0x02, 0xF0, 0xF8, 0x07, 0xC7, 0xC0, 0x2F, 0x2F, 0x06, 0xF4, 0xFE, 0xFE, 0x03,
    0xFE, 0x40, 0x0F, 0xC0, 0x00, 0x2F, 0x40, 0x00, 0x3F, 0x00, 0xA0, 0xBF, 0xAF, 0x80, 0xBF, 0xF4,
    0x00, 0x14, 0x00, 0x00, 0x00, 0x00, 0x00, 0x00, 0x0B, 0x80, 0x00, 0x02, 0xFC, 0x00, 0x00, 0xBE,
    0x00, 0x00, 0x1D, 0x00, 0x00, 0x00, 0x10, 0x00, 0x00, 0x0B, 0xC0, 0x00, 0x02, 0xFF, 0x00, 0x00,
    0xBD, 0xBC, 0x00, 0x1D, 0x01, 0xE0, 0x00, 0x00, 0x00, 0x02, 0xAA, 0xAA, 0xA4, 0x3F, 0xFF, 0xFF,
    0xC0, 0x3E, 0x00, 0xBC, 0x03, 0xE0, 0x03, 0xC0, 0x3E, 0x00, 0x2C, 0x03, 0xE0, 0x00, 0x00, 0x7D,
    0x00, 0x00, 0x07, 0xD0, 0x00, 0x00, 0x7F, 0xFF, 0xD0, 0x07, 0xFF, 0xFD, 0x00, 0x7D, 0x00, 0x00,
    0x07, 0xD0, 0x00, 0x00, 0xBC, 0x00, 0x00, 0x0B, 0xC0, 0x01, 0x80, 0xBC, 0x00, 0x3C, 0x0B, 0xC0,
    0x07, 0xC6, 0xFE, 0xAA, 0xFC, 0xFF, 0xFF, 0xFF, 0x80, 0x00, 0x00, 0x00, 0x00, 0x0F, 0x00, 0x00,
    0xFC, 0x00, 0x1F, 0x90, 0x00, 0xE0, 0x00, 0x00, 0x60, 0x00, 0x07, 0xE0, 0x00, 0x3F, 0xD0, 0x03,
    0xD7, 0xC0, 0x2C, 0x03, 0xC0, 0x00, 0x01, 0x00, 0x00, 0x00, 0x01, 0xFF, 0x80, 0x2F, 0x9F, 0xC2,
    0xF0, 0x2F, 0x0F, 0x80, 0x7C, 0x7C, 0x02, 0xF2, 0xF0, 0x6F, 0x4F, 0xEF, 0xE0, 0x3F, 0xE4, 0x00,
    0xFC, 0x00, 0x02, 0xF4, 0x00, 0x03, 0xF0, 0x0A, 0x0B, 0xFA, 0xF8, 0x0B, 0xFF, 0x40, 0x01, 0x40,
    0x00, 0x00, 0x00, 0x00, 0x00, 0x03, 0xC0, 0x00, 0x00, 0x3F, 0x00, 0x00, 0x01, 0xFD, 0x00, 0x00,
    0x01, 0xB0, 0x00, 0x00, 0x10, 0x00, 0x00, 0x0B, 0xC0, 0x00, 0x02, 0xFF, 0x00, 0x00, 0xBD, 0xBC,
    0x00, 0x1D, 0x01, 0xE0, 0x00, 0x00, 0x00, 0x02, 0xAA, 0xAA, 0xA4, 0x3F, 0xFF, 0xFF, 0xC0, 0x3E,
    0x00, 0xBC, 0x03, 0xE0, 0x03, 0xC0, 0x3E, 0x00, 0x2C, 0x03, 0xE0, 0x00, 0x00, 0x7D, 0x00, 0x00,
    0x07, 0xD0, 0x00, 0x00, 0x7F, 0xFF, 0xD0, 0x07, 0xFF, 0xFD, 0x00, 0x7D, 0x00, 0x00, 0x07, 0xD0,
    0x00, 0x00, 0xBC, 0x00, 0x00, 0x0B, 0xC0, 0x01, 0x80, 0xBC, 0x00, 0x3C, 0x0B, 0xC0, 0x07, 0xC6,
    0xFE, 0xAA, 0xFC, 0xFF, 0xFF, 0xFF, 0x80, 0x00, 0x00, 0x00, 0x07, 0x80, 0x00, 0x1F, 0xC0, 0x00,
    0x1F, 0xC0, 0x00, 0x07, 0xC0, 0x00, 0x60, 0x00, 0x07, 0xE0, 0x00, 0x3F, 0xD0, 0x03, 0xD7, 0xC0,
    0x2C, 0x03, 0xC0, 0x00, 0x01, 0x00, 0x00, 0x00, 0x01, 0xFF, 0x80, 0x2F, 0x9F, 0xC2, 0xF0, 0x2F,
    0x0F, 0x80, 0x7C, 0x7C, 0x02, 0xF2, 0xF0, 0x6F, 0x4F, 0xEF, 0xE0, 0x3F, 0xE4, 0x00, 0xFC, 0x00,
    0x02, 0xF4, 0x00, 0x03, 0xF0, 0x0A, 0x0B, 0xFA, 0xF8, 0x0B, 0xFF, 0x40, 0x01, 0x40, 0x00, 0x00,
    0x00, 0x01, 0x00, 0x00, 0x00, 0xFF, 0xD0, 0x00, 0x0B, 0x4B, 0x80, 0x00, 0x1D, 0x2E, 0x00, 0x01,
    0x03, 0xF0, 0x00, 0x2F, 0x1F, 0x00, 0x02, 0xFF, 0x10, 0x00, 0x2F, 0x6F, 0x00, 0x01, 0xD0, 0x1E,
    0x00, 0x00, 0x00, 0x00, 0x02, 0xAA, 0xAA, 0xA4, 0x0F, 0xFF, 0xFF, 0xF0, 0x03, 0xE0, 0x0B, 0xC0,
    0x0F, 0x80, 0x0F, 0x00, 0x3E, 0x00, 0x2C, 0x00, 0xF8, 0x00, 0x00, 0x07, 0xD0, 0x00, 0x00, 0x1F,
    0x40, 0x00, 0x00, 0x7F, 0xFF, 0xD0, 0x01, 0xFF, 0xFF, 0x40, 0x07, 0xD0, 0x00, 0x00, 0x1F, 0x40,
    0x00, 0x00, 0xBC, 0x00, 0x00, 0x02, 0xF0, 0x00, 0x60, 0x0B, 0xC0, 0x03, 0xC0, 0x2F, 0x00, 0x1F,
    0x06, 0xFE, 0xAA, 0xFC, 0x3F, 0xFF, 0xFF, 0xE0, 0x00, 0x00, 0x04, 0x00, 0x00, 0x2F, 0xF8, 0x00,
    0x03, 0x83, 0xC0, 0x00, 0x38, 0x7C, 0x00, 0x00, 0x2F, 0x40, 0x01, 0x83, 0xC0, 0x00, 0x7E, 0x14,
    0x00, 0x0F, 0xF4, 0x00, 0x03, 0xD7, 0xC0, 0x00, 0xB0, 0x0F, 0x00, 0x00, 0x00, 0x10, 0x00, 0x00,
    0x00, 0x00, 0x01, 0xFF, 0x80, 0x00, 0xBE, 0x7F, 0x00, 0x2F, 0x02, 0xF0, 0x03, 0xE0, 0x1F, 0x00,
    0x7C, 0x02, 0xF0, 0x0B, 0xC1, 0xBD, 0x00, 0xFE, 0xFE, 0x00, 0x0F, 0xF9, 0x00, 0x00, 0xFC, 0x00,
    0x00, 0x0B, 0xD0, 0x00, 0x00, 0x3F, 0x00, 0xA0, 0x02, 0xFE, 0xBE, 0x00, 0x0B, 0xFF, 0x40, 0x00,
    0x05, 0x00, 0x00, 0x00, 0x29, 0x00, 0x00, 0x0B, 0xFE, 0x70, 0x00, 0xDB, 0xFE, 0x00, 0x00, 0x06,
    0x40, 0x00, 0x01, 0x00, 0x00, 0x00, 0xBC, 0x00, 0x00, 0x2F, 0xF0, 0x00, 0x0B, 0xDB, 0xC0, 0x01,
    0xD0, 0x1E, 0x00, 0x00, 0x00, 0x00, 0x2A, 0xAA, 0xAA, 0x43, 0xFF, 0xFF, 0xFC, 0x03, 0xE0, 0x0B,
    0xC0, 0x3E, 0x00, 0x3C, 0x03, 0xE0, 0x02, 0xC0, 0x3E, 0x00, 0x00, 0x07, 0xD0, 0x00, 0x00, 0x7D,
    0x00, 0x00, 0x07, 0xFF, 0xFD, 0x00, 0x7F, 0xFF, 0xD0, 0x07, 0xD0, 0x00, 0x00, 0x7D, 0x00, 0x00,
    0x0B, 0xC0, 0x00, 0x00, 0xBC, 0x00, 0x18, 0x0B, 0xC0, 0x03, 0xC0, 0xBC, 0x00, 0x7C, 0x6F, 0xEA,
    0xAF, 0xCF, 0xFF, 0xFF, 0xF8, 0x00, 0xA0, 0x00, 0x0F, 0xFD, 0xA0, 0xB7, 0xFF, 0x00, 0x00, 0xA0,
    0x00, 0x18, 0x00, 0x01, 0xF8, 0x00, 0x0F, 0xF4, 0x00, 0xF5, 0xF0, 0x0B, 0x00, 0xF0, 0x00, 0x00,
    0x40, 0x00, 0x00, 0x00, 0x7F, 0xE0, 0x0B, 0xE7, 0xF0, 0xBC, 0x0B, 0xC3, 0xE0, 0x1F, 0x1F, 0x00,
    0xBC, 0xBC, 0x1B, 0xD3, 0xFB, 0xF8, 0x0F, 0xF9, 0x00, 0x3F, 0x00, 0x00, 0xBD, 0x00, 0x00, 0xFC,
    0x02, 0x82, 0xFE, 0xBE, 0x02, 0xFF, 0xD0, 0x00, 0x50, 0x00, 0x00, 0x01, 0x00, 0x00, 0x00, 0xBC,
    0x00, 0x00, 0x2F, 0xF0, 0x00, 0x0B, 0xDB, 0xC0, 0x01, 0xD0, 0x1E, 0x00, 0x00, 0x00, 0x00, 0x2A,
    0xAA, 0xAA, 0x43, 0xFF, 0xFF, 0xFC, 0x03, 0xE0, 0x0B, 0xC0, 0x3E, 0x00, 0x3C, 0x03, 0xE0, 0x02,
    0xC0, 0x3E, 0x00, 0x00, 0x07, 0xD0, 0x00, 0x00, 0x7D, 0x00, 0x00, 0x07, 0xFF, 0xFD, 0x00, 0x7F,
    0xFF, 0xD0, 0x07, 0xD0, 0x00, 0x00, 0x7D, 0x00, 0x00, 0x0B, 0xC0, 0x00, 0x00, 0xBC, 0x00, 0x18,
    0x0B, 0xC0, 0x03, 0xC0, 0xBC, 0x00, 0x7C, 0x6F, 0xEA, 0xAF, 0xCF, 0xFF, 0xFF, 0xF8, 0x00, 0x00,
    0x00, 0x00, 0x00, 0x00, 0x00, 0x00, 0x1F, 0x00, 0x00, 0x03, 0xF8, 0x00, 0x00, 0x3F, 0x40, 0x00,
    0x00, 0x90, 0x00, 0x00, 0x18, 0x00, 0x01, 0xF8, 0x00, 0x0F, 0xF4, 0x00, 0xF5, 0xF0, 0x0B, 0x00,
    0xF0, 0x00, 0x00, 0x40, 0x00, 0x00, 0x00, 0x7F, 0xE0, 0x0B, 0xE7, 0xF0, 0xBC, 0x0B, 0xC3, 0xE0,
    0x1F, 0x1F, 0x00, 0xBC, 0xBC, 0x1B, 0xD3, 0xFB, 0xF8, 0x0F, 0xF9, 0x00, 0x3F, 0x00, 0x00, 0xBD,
    0x00, 0x00, 0xFC, 0x02, 0x82, 0xFE, 0xBE, 0x02, 0xFF, 0xD0, 0x00, 0x50, 0x00, 0x00, 0x00, 0x00,
    0x0F, 0x40, 0x00, 0x7F, 0x00, 0x01, 0xFC, 0x00, 0x01, 0x80, 0x00, 0x00, 0x40, 0x0F, 0xFC, 0x2C,
    0x2E, 0x1C, 0x3D, 0x00, 0xF8, 0x02, 0xE0, 0x00, 0x40, 0x2A, 0xA9, 0x3F, 0xFE, 0x03, 0xE0, 0x03,
    0xE0, 0x03, 0xE0, 0x03, 0xE0, 0x03, 0xD0, 0x07, 0xD0, 0x07, 0xD0, 0x07, 0xD0, 0x07, 0xD0, 0x07,
    0xD0, 0x07, 0xD0, 0x0B, 0xC0, 0x0B, 0xC0, 0x0B, 0xC0, 0x6F, 0xE4, 0xFF, 0xFD, 0x05, 0x40, 0x7F,
    0xF0, 0xF0, 0xF8, 0x70, 0xF4, 0x03, 0xE0, 0x0B, 0x80, 0x06, 0x00, 0x00, 0x00, 0x2F, 0xC0, 0x7F,
    0xD0, 0x03, 0xE0, 0x03, 0xD0, 0x03, 0xD0, 0x07, 0xD0, 0x07, 0xC0, 0x07, 0xC0, 0x0B, 0xC0, 0x0B,
    0xC0, 0x0B, 0xC0, 0x0B, 0xDD, 0x07, 0xF8, 0x00, 0x40, 0x2A, 0xA9, 0x3F, 0xFE, 0x03, 0xE0, 0x03,
    0xE0, 0x03, 0xE0, 0x03, 0xE0, 0x03, 0xD0, 0x07, 0xD0, 0x07, 0xD0, 0x07, 0xD0, 0x07, 0xD0, 0x07,
    0xD0, 0x07, 0xD0, 0x0B, 0xC0, 0x0B, 0xC0, 0x0B, 0xC0, 0x6F, 0xE4, 0xFF, 0xFD, 0x00, 0x00, 0x00,
    0x00, 0x0B, 0xC0, 0x0F, 0xD0, 0x0F, 0xD0, 0x02, 0x40, 0x03, 0xD0, 0x0B, 0xF0, 0x0B, 0xE0, 0x01,
    0x80, 0x00, 0x00, 0x00, 0x00, 0x2F, 0xC0, 0x7F, 0xD0, 0x03, 0xE0, 0x03, 0xD0, 0x07, 0xD0, 0x07,
    0xD0, 0x07, 0xC0, 0x07, 0xC0, 0x0B, 0xC0, 0x0B, 0xC0, 0x0B, 0xC0, 0x0B, 0xDD, 0x07, 0xF8, 0x00,
    0x40, 0x00, 0x00, 0x03, 0xD0, 0x0B, 0xF0, 0x0B, 0xE0, 0x01, 0x80, 0x00, 0x1B, 0xFD, 0x00, 0x00,
    0x3F, 0xFF, 0xF4, 0x00, 0x3F, 0x00, 0x7F, 0x40, 0x3F, 0x00, 0x03, 0xF0, 0x1F, 0x40, 0x00, 0xBE,
    0x0F, 0xC0, 0x00, 0x0F, 0xC3, 0xE0, 0x00, 0x03, 0xF1, 0xF4, 0x00, 0x00, 0xFC, 0xBD, 0x00, 0x00,
    0x3F, 0x2F, 0x40, 0x00, 0x0F, 0xCB, 0xD0, 0x00, 0x03, 0xF1, 0xF8, 0x00, 0x00, 0xFC, 0x7E, 0x00,
    0x00, 0x3E, 0x0F, 0xC0, 0x00, 0x2F, 0x42, 0xF8, 0x00, 0x0F, 0xC0, 0x3F, 0x40, 0x0F, 0xC0, 0x03,
    0xFE, 0x6F, 0xC0, 0x00, 0x2F, 0xFF, 0x80, 0x00, 0x00, 0x14, 0x00, 0x00, 0x00, 0x00, 0x00, 0x00,
    0x00, 0x07, 0xC0, 0x00, 0x00, 0x03, 0xF8, 0x00, 0x00, 0x00, 0xFD, 0x00, 0x00, 0x00, 0x09, 0x00,
    0x00, 0x00, 0x00, 0x00, 0x01, 0xFF, 0x80, 0x0F, 0xEB, 0xF0, 0x2F, 0x00, 0xFC, 0x3E, 0x00, 0x7D,
    0xBC, 0x00, 0x3E, 0xBC, 0x00, 0x3E, 0xFC, 0x00, 0x3E, 0xFC, 0x00, 0x3E, 0xBC, 0x00, 0x7D, 0xBD,
    0x00, 0xBC, 0x3E, 0x00, 0xF8, 0x2F, 0x97, 0xF0, 0x07, 0xFF, 0x80, 0x00, 0x54, 0x00, 0x00, 0x00,
    0x00, 0x00, 0xB8, 0x00, 0x00, 0xFD, 0x00, 0x00, 0xFC, 0x00, 0x00, 0x64, 0x00, 0x00, 0x00, 0x40,
    0x00, 0x00, 0x02, 0xFF, 0x40, 0x00, 0x01, 0xE1, 0xF0, 0x00, 0x00, 0x38, 0xBC, 0x00, 0x00, 0x00,
    0xBC, 0x00, 0x00, 0x00, 0x3C, 0x00, 0x00, 0x00, 0x05, 0x00, 0x00, 0x00, 0x6F, 0xF4, 0x00, 0x00,
    0xFF, 0xFF, 0xD0, 0x00, 0xFC, 0x01, 0xFD, 0x00, 0xFC, 0x00, 0x0F, 0xC0, 0x7D, 0x00, 0x02, 0xF8,
    0x3F, 0x00, 0x00, 0x3F, 0x0F, 0x80, 0x00, 0x0F, 0xC7, 0xD0, 0x00, 0x03, 0xF2, 0xF4, 0x00, 0x00,
    0xFC, 0xBD, 0x00, 0x00, 0x3F, 0x2F, 0x40, 0x00, 0x0F, 0xC7, 0xE0, 0x00, 0x03, 0xF1, 0xF8, 0x00,
    0x00, 0xF8, 0x3F, 0x00, 0x00, 0xBD, 0x0B, 0xE0, 0x00, 0x3F, 0x00, 0xFD, 0x00, 0x3F, 0x00, 0x0F,
    0xF9, 0xBF, 0x00, 0x00, 0xBF, 0xFE, 0x00, 0x00, 0x00, 0x50, 0x00, 0x00, 0x00, 0x15, 0x00, 0x01,
    0xFF, 0xC0, 0x03, 0xC3, 0xE0, 0x01, 0xC3, 0xD0, 0x00, 0x0F, 0x80, 0x00, 0x2E, 0x00, 0x00, 0x18,
    0x00, 0x00, 0x00, 0x00, 0x01, 0xFF, 0x80, 0x0F, 0xEB, 0xF0, 0x2F, 0x00, 0xFC, 0x3E, 0x00, 0x7D,
    0xBC, 0x00, 0x3E, 0xBC, 0x00, 0x3E, 0xFC, 0x00, 0x3E, 0xFC, 0x00, 0x3E, 0xBC, 0x00, 0x7D, 0xBD,
    0x00, 0xBC, 0x3E, 0x00, 0xF8, 0x2F, 0x97, 0xF0, 0x07, 0xFF, 0x80, 0x00, 0x54, 0x00, 0x00, 0x00,
    0x00, 0x00, 0x00, 0x00, 0x0B, 0x80, 0x00, 0x00, 0x0B, 0xF0, 0x00, 0x00, 0x0B, 0xE0, 0x00, 0x00,
    0x0B, 0x40, 0x00, 0x00, 0x00, 0x14, 0x00, 0x00, 0x00, 0x1F, 0x40, 0x00, 0x00, 0x1F, 0xF0, 0x00,
    0x00, 0x1F, 0x6F, 0x00, 0x00, 0x0E, 0x00, 0xF0, 0x00, 0x00, 0x00, 0x00, 0x00, 0x00, 0x6F, 0xF4,
    0x00, 0x00, 0xFF, 0xFF, 0xD0, 0x00, 0xFC, 0x01, 0xFD, 0x00, 0xFC, 0x00, 0x0F, 0xC0, 0x7D, 0x00,
    0x02, 0xF8, 0x3F, 0x00, 0x00, 0x3F, 0x0F, 0x80, 0x00, 0x0F, 0xC7, 0xD0, 0x00, 0x03, 0xF2, 0xF4,
    0x00, 0x00, 0xFC, 0xBD, 0x00, 0x00, 0x3F, 0x2F, 0x40, 0x00, 0x0F, 0xC7, 0xE0, 0x00, 0x03, 0xF1,
    0xF8, 0x00, 0x00, 0xF8, 0x3F, 0x00, 0x00, 0xBD, 0x0B, 0xE0, 0x00, 0x3F, 0x00, 0xFD, 0x00, 0x3F,
    0x00, 0x0F, 0xF9, 0xBF, 0x00, 0x00, 0xBF, 0xFE, 0x00, 0x00, 0x00, 0x50, 0x00, 0x00, 0x00, 0x00,
    0x00, 0x00, 0x03, 0xD0, 0x00, 0x0F, 0xD0, 0x00, 0x3F, 0x40, 0x00, 0xE4, 0x00, 0x00, 0x00, 0x00,
    0x00, 0x08, 0x00, 0x00, 0x3F, 0x00, 0x00, 0xFF, 0x80, 0x02, 0xE3, 0xD0, 0x07, 0x40, 0xB0, 0x00,
    0x00, 0x10, 0x00, 0x00, 0x00, 0x01, 0xFF, 0x80, 0x0F, 0xEB, 0xF0, 0x2F, 0x00, 0xFC, 0x3E, 0x00,
    0x7D, 0xBC, 0x00, 0x3E, 0xBC, 0x00, 0x3E, 0xFC, 0x00, 0x3E, 0xFC, 0x00, 0x3E, 0xBC, 0x00, 0x7D,
    0xBD, 0x00, 0xBC, 0x3E, 0x00, 0xF8, 0x2F, 0x97, 0xF0, 0x07, 0xFF, 0x80, 0x00, 0x54, 0x00, 0x00,
    0x00, 0x00, 0x00, 0x00, 0x02, 0xD0, 0x00, 0x00, 0x00, 0xFD, 0x00, 0x00, 0x00, 0x0B, 0xE0, 0x00,
    0x00, 0x00, 0x2D, 0x00, 0x00, 0x00, 0x14, 0x00, 0x00, 0x00, 0x1F, 0x40, 0x00, 0x00, 0x1F, 0xF0,
    0x00, 0x00, 0x1F, 0x6F, 0x00, 0x00, 0x0E, 0x00, 0xF0, 0x00, 0x00, 0x00, 0x00, 0x00, 0x00, 0x6F,
    0xF4, 0x00, 0x00, 0xFF, 0xFF, 0xD0, 0x00, 0xFC, 0x01, 0xFD, 0x00, 0xFC, 0x00, 0x0F, 0xC0, 0x7D,
    0x00, 0x02, 0xF8, 0x3F, 0x00, 0x00, 0x3F, 0x0F, 0x80, 0x00, 0x0F, 0xC7, 0xD0, 0x00, 0x03, 0xF2,
    0xF4, 0x00, 0x00, 0xFC, 0xBD, 0x00, 0x00, 0x3F, 0x2F, 0x40, 0x00, 0x0F, 0xC7, 0xE0, 0x00, 0x03,
    0xF1, 0xF8, 0x00, 0x00, 0xF8, 0x3F, 0x00, 0x00, 0xBD, 0x0B, 0xE0, 0x00, 0x3F, 0x00, 0xFD, 0x00,
    0x3F, 0x00, 0x0F, 0xF9, 0xBF, 0x00, 0x00, 0xBF, 0xFE, 0x00, 0x00, 0x00, 0x50, 0x00, 0x00, 0x00,
    0x00, 0x00, 0x00, 0xF0, 0x00, 0x01, 0xFC, 0x00, 0x00, 0x7F, 0x00, 0x00, 0x07, 0xC0, 0x00, 0x00,
    0x00, 0x00, 0x08, 0x00, 0x00, 0x3F, 0x00, 0x00, 0xFF, 0x80, 0x02, 0xE3, 0xD0, 0x07, 0x40, 0xB0,
    0x00, 0x00, 0x10, 0x00, 0x00, 0x00, 0x01, 0xFF, 0x80, 0x0F, 0xEB, 0xF0, 0x2F, 0x00, 0xFC, 0x3E,
    0x00, 0x7D, 0xBC, 0x00, 0x3E, 0xBC, 0x00, 0x3E, 0xFC, 0x00, 0x3E, 0xFC, 0x00, 0x3E, 0xBC, 0x00,
    0x7D, 0xBD, 0x00, 0xBC, 0x3E, 0x00, 0xF8, 0x2F, 0x97, 0xF0, 0x07, 0xFF, 0x80, 0x00, 0x54, 0x00,
    0x00, 0x00, 0x00, 0x40, 0x00, 0x00, 0x02, 0xFF, 0x40, 0x00, 0x01, 0xE1, 0xF0, 0x00, 0x00, 0x34,
    0xBC, 0x00, 0x00, 0x50, 0xBC, 0x00, 0x00, 0x7D, 0x7C, 0x00, 0x00, 0x7F, 0xD4, 0x00, 0x00, 0x7D,
    0xBC, 0x00, 0x00, 0x38, 0x03, 0xC0, 0x00, 0x00, 0x00, 0x00, 0x00, 0x01, 0xBF, 0xD0, 0x00, 0x03,
    0xFF, 0xFF, 0x40, 0x03, 0xF0, 0x07, 0xF4, 0x03, 0xF0, 0x00, 0x3F, 0x01, 0xF4, 0x00, 0x0B, 0xE0,
    0xFC, 0x00, 0x00, 0xFC, 0x3E, 0x00, 0x00, 0x3F, 0x1F, 0x40, 0x00, 0x0F, 0xCB, 0xD0, 0x00, 0x03,
    0xF2, 0xF4, 0x00, 0x00, 0xFC, 0xBD, 0x00, 0x00, 0x3F, 0x1F, 0x80, 0x00, 0x0F, 0xC7, 0xE0, 0x00,
    0x03, 0xE0, 0xFC, 0x00, 0x02, 0xF4, 0x2F, 0x80, 0x00, 0xFC, 0x03, 0xF4, 0x00, 0xFC, 0x00, 0x3F,
    0xE6, 0xFC, 0x00, 0x02, 0xFF, 0xF8, 0x00, 0x00, 0x01, 0x40, 0x00, 0x00, 0x00, 0x00, 0x04, 0x00,
    0x00, 0x1F, 0xF8, 0x00, 0x03, 0xC3, 0xC0, 0x00, 0x3C, 0x7C, 0x00, 0x00, 0x1F, 0x40, 0x00, 0x83,
    0xD0, 0x00, 0x3F, 0x14, 0x00, 0x0F, 0xF8, 0x00, 0x02, 0xE3, 0xD0, 0x00, 0x74, 0x0B, 0x00, 0x00,
    0x00, 0x10, 0x00, 0x00, 0x00, 0x00, 0x01, 0xFF, 0x80, 0x00, 0xFE, 0xBF, 0x00, 0x2F, 0x00, 0xFC,
    0x03, 0xE0, 0x07, 0xD0, 0xBC, 0x00, 0x3E, 0x0B, 0xC0, 0x03, 0xE0, 0xFC, 0x00, 0x3E, 0x0F, 0xC0,
    0x03, 0xE0, 0xBC, 0x00, 0x7D, 0x0B, 0xD0, 0x0B, 0xC0, 0x3E, 0x00, 0xF8, 0x02, 0xF9, 0x7F, 0x00,
    0x07, 0xFF, 0x80, 0x00, 0x05, 0x40, 0x00, 0x00, 0x06, 0x40, 0x00, 0x00, 0x07, 0xFE, 0x74, 0x00,
    0x03, 0xAF, 0xF8, 0x00, 0x00, 0x00, 0x68, 0x00, 0x00, 0x00, 0x50, 0x00, 0x00, 0x00, 0x7D, 0x00,
    0x00, 0x00, 0x7F, 0xC0, 0x00, 0x00, 0x7D, 0xBC, 0x00, 0x00, 0x38, 0x03, 0xC0, 0x00, 0x00, 0x00,
    0x00, 0x00, 0x01, 0xBF, 0xD0, 0x00, 0x03, 0xFF, 0xFF, 0x40, 0x03, 0xF0, 0x07, 0xF4, 0x03, 0xF0,
    0x00, 0x3F, 0x01, 0xF4, 0x00, 0x0B, 0xE0, 0xFC, 0x00, 0x00, 0xFC, 0x3E, 0x00, 0x00, 0x3F, 0x1F,
    0x40, 0x00, 0x0F, 0xCB, 0xD0, 0x00, 0x03, 0xF2, 0xF4, 0x00, 0x00, 0xFC, 0xBD, 0x00, 0x00, 0x3F,
    0x1F, 0x80, 0x00, 0x0F, 0xC7, 0xE0, 0x00, 0x03, 0xE0, 0xFC, 0x00, 0x02, 0xF4, 0x2F, 0x80, 0x00,
    0xFC, 0x03, 0xF4, 0x00, 0xFC, 0x00, 0x3F, 0xE6, 0xFC, 0x00, 0x02, 0xFF, 0xF8, 0x00, 0x00, 0x01,
    0x40, 0x00, 0x00, 0x00, 0xA0, 0x00, 0x03, 0xFF, 0x6C, 0x07, 0x6F, 0xF4, 0x00, 0x02, 0x90, 0x00,
    0x08, 0x00, 0x00, 0x3F, 0x00, 0x00, 0xFF, 0x80, 0x02, 0xE3, 0xD0, 0x07, 0x40, 0xB0, 0x00, 0x00,
    0x10, 0x00, 0x00, 0x00, 0x01, 0xFF, 0x80, 0x0F, 0xEB, 0xF0, 0x2F, 0x00, 0xFC, 0x3E, 0x00, 0x7D,
    0xBC, 0x00, 0x3E, 0xBC, 0x00, 0x3E, 0xFC, 0x00, 0x3E, 0xFC, 0x00, 0x3E, 0xBC, 0x00, 0x7D, 0xBD,
    0x00, 0xBC, 0x3E, 0x00, 0xF8, 0x2F, 0x97, 0xF0, 0x07, 0xFF, 0x80, 0x00, 0x54, 0x00, 0x00, 0x00,
    0x50, 0x00, 0x00, 0x00, 0x7D, 0x00, 0x00, 0x00, 0x7F, 0xC0, 0x00, 0x00, 0x7D, 0xBC, 0x00, 0x00,
    0x38, 0x03, 0xC0, 0x00, 0x00, 0x00, 0x00, 0x00, 0x01, 0xBF, 0xD0, 0x00, 0x03, 0xFF, 0xFF, 0x40,
    0x03, 0xF0, 0x07, 0xF4, 0x03, 0xF0, 0x00, 0x3F, 0x01, 0xF4, 0x00, 0x0B, 0xE0, 0xFC, 0x00, 0x00,
    0xFC, 0x3E, 0x00, 0x00, 0x3F, 0x1F, 0x40, 0x00, 0x0F, 0xCB, 0xD0, 0x00, 0x03, 0xF2, 0xF4, 0x00,
    0x00, 0xFC, 0xBD, 0x00, 0x00, 0x3F, 0x1F, 0x80, 0x00, 0x0F, 0xC7, 0xE0, 0x00, 0x03, 0xE0, 0xFC,
    0x00, 0x02, 0xF4, 0x2F, 0x80, 0x00, 0xFC, 0x03, 0xF4, 0x00, 0xFC, 0x00, 0x3F, 0xE6, 0xFC, 0x00,
    0x02, 0xFF, 0xF8, 0x00, 0x00, 0x01, 0x40, 0x00, 0x00, 0x00, 0x00, 0x00, 0x00, 0x00, 0x7C, 0x00,
    0x00, 0x00, 0x3F, 0x80, 0x00, 0x00, 0x0F, 0xD0, 0x00, 0x00, 0x00, 0x90, 0x00, 0x00, 0x00, 0x08,
    0x00, 0x00, 0x3F, 0x00, 0x00, 0xFF, 0x80, 0x02, 0xE3, 0xD0, 0x07, 0x40, 0xB0, 0x00, 0x00, 0x10,
    0x00, 0x00, 0x00, 0x01, 0xFF, 0x80, 0x0F, 0xEB, 0xF0, 0x2F, 0x00, 0xFC, 0x3E, 0x00, 0x7D, 0xBC,
    0x00, 0x3E, 0xBC, 0x00, 0x3E, 0xFC, 0x00, 0x3E, 0xFC, 0x00, 0x3E, 0xBC, 0x00, 0x7D, 0xBD, 0x00,
    0xBC, 0x3E, 0x00, 0xF8, 0x2F, 0x97, 0xF0, 0x07, 0xFF, 0x80, 0x00, 0x54, 0x00, 0x00, 0x00, 0x00,
    0x00, 0xB8, 0x00, 0x00, 0xFD, 0x00, 0x00, 0xFC, 0x00, 0x00, 0x64, 0x00, 0x00, 0x00, 0x00, 0x00,
    0x00, 0x00, 0x00, 0x0F, 0x00, 0x00, 0x00, 0x00, 0x7F, 0x00, 0x00, 0x00, 0x01, 0xF9, 0x00, 0x00,
    0x00, 0x03, 0x80, 0x00, 0x00, 0x00, 0x00, 0x00, 0x00, 0x7D, 0x00, 0x1B, 0xFD, 0x00, 0xBF, 0x00,
    0xFF, 0xFF, 0xD0, 0x6F, 0x03, 0xF0, 0x07, 0xF4, 0x0E, 0x0F, 0xC0, 0x00, 0xFC, 0x1C, 0x1F, 0x40,
    0x00, 0xBE, 0xB8, 0x3F, 0x00, 0x00, 0x3F, 0xD0, 0x3E, 0x00, 0x00, 0x3F, 0x00, 0x7D, 0x00, 0x00,
    0x3F, 0x00, 0xBD, 0x00, 0x00, 0x3F, 0x00, 0xBD, 0x00, 0x00, 0x3F, 0x00, 0xBD, 0x00, 0x00, 0x3F,
    0x00, 0x7E, 0x00, 0x00, 0x3F, 0x00, 0x7E, 0x00, 0x00, 0x3E, 0x00, 0x3F, 0x00, 0x00, 0xBD, 0x00,
    0x2F, 0x80, 0x00, 0xFC, 0x00, 0x0F, 0xD0, 0x03, 0xF0, 0x00, 0x03, 0xFE, 0x6F, 0xC0, 0x00, 0x00,
    0xBF, 0xFE, 0x00, 0x00, 0x00, 0x01, 0x40, 0x00, 0x00, 0x00, 0x01, 0x40, 0x00, 0x00, 0x0F, 0x40,
    0x00, 0x00, 0xFC, 0x00, 0x00, 0x0B, 0x80, 0x64, 0x00, 0x74, 0x03, 0xF4, 0x00, 0x00, 0x0F, 0xE0,
    0x00, 0x00, 0x0B, 0x40, 0x7F, 0xE0, 0x2C, 0x0F, 0xEB, 0xF5, 0xD0, 0xBC, 0x03, 0xFE, 0x03, 0xE0,
    0x07, 0xE0, 0x2F, 0x00, 0x0F, 0x80, 0xBC, 0x00, 0x3E, 0x03, 0xF0, 0x00, 0xF8, 0x0F, 0xC0, 0x03,
    0xE0, 0x2F, 0x00, 0x1F, 0x40, 0xBD, 0x00, 0xBC, 0x00, 0xF8, 0x03, 0xE0, 0x02, 0xF9, 0x7F, 0x00,
    0x01, 0xFF, 0xE0, 0x00, 0x00, 0x54, 0x00, 0x00, 0x00, 0x00, 0x00, 0x00, 0x00, 0x00, 0x1E, 0x00,
    0x00, 0x00, 0x00, 0x2F, 0x80, 0x00, 0x00, 0x00, 0x0B, 0xF0, 0x00, 0x00, 0x00, 0x00, 0x7C, 0x00,
    0x00, 0x00, 0x00, 0x00, 0x00, 0x7D, 0x00, 0x1B, 0xFD, 0x00, 0xBF, 0x00, 0xFF, 0xFF, 0xD0, 0x6F,
    0x03, 0xF0, 0x07, 0xF4, 0x0E, 0x0F, 0xC0, 0x00, 0xFC, 0x1C, 0x1F, 0x40, 0x00, 0xBE, 0xB8, 0x3F,
    0x00, 0x00, 0x3F, 0xD0, 0x3E, 0x00, 0x00, 0x3F, 0x00, 0x7D, 0x00, 0x00, 0x3F, 0x00, 0xBD, 0x00,
    0x00, 0x3F, 0x00, 0xBD, 0x00, 0x00, 0x3F, 0x00, 0xBD, 0x00, 0x00, 0x3F, 0x00, 0x7E, 0x00, 0x00,
    0x3F, 0x00, 0x7E, 0x00, 0x00, 0x3E, 0x00, 0x3F, 0x00, 0x00, 0xBD, 0x00, 0x2F, 0x80, 0x00, 0xFC,
    0x00, 0x0F, 0xD0, 0x03, 0xF0, 0x00, 0x03, 0xFE, 0x6F, 0xC0, 0x00, 0x00, 0xBF, 0xFE, 0x00, 0x00,
    0x00, 0x01, 0x40, 0x00, 0x00, 0x00, 0x40, 0x00, 0x00, 0x0B, 0xC0, 0x00, 0x00, 0x1F, 0x80, 0x00,
    0x00, 0x1F, 0x40, 0x64, 0x00, 0x0B, 0x03, 0xF4, 0x00, 0x04, 0x0F, 0xE0, 0x00, 0x00, 0x0B, 0x40,
    0x7F, 0xE0, 0x2C, 0x0F, 0xEB, 0xF5, 0xD0, 0xBC, 0x03, 0xFE, 0x03, 0xE0, 0x07, 0xE0, 0x2F, 0x00,
    0x0F, 0x80, 0xBC, 0x00, 0x3E, 0x03, 0xF0, 0x00, 0xF8, 0x0F, 0xC0, 0x03, 0xE0, 0x2F, 0x00, 0x1F,
    0x40, 0xBD, 0x00, 0xBC, 0x00, 0xF8, 0x03, 0xE0, 0x02, 0xF9, 0x7F, 0x00, 0x01, 0xFF, 0xE0, 0x00,
    0x00, 0x54, 0x00, 0x00, 0x00, 0x00, 0x40, 0x00, 0x00, 0x00, 0x0B, 0xFD, 0x00, 0x00, 0x00, 0x1E,
    0x1F, 0x00, 0x00, 0x00, 0x0E, 0x2F, 0x00, 0x00, 0x00, 0x00, 0xBC, 0x00, 0x00, 0x00, 0x00, 0xF0,
    0x00, 0x00, 0x00, 0x00, 0x50, 0x00, 0x7D, 0x00, 0x1B, 0xFD, 0x00, 0xBF, 0x00, 0xFF, 0xFF, 0xD0,
    0x6F, 0x03, 0xF0, 0x07, 0xF4, 0x0E, 0x0F, 0xC0, 0x00, 0xFC, 0x1C, 0x1F, 0x40, 0x00, 0xBE, 0xB8,
    0x3F, 0x00, 0x00, 0x3F, 0xD0, 0x3E, 0x00, 0x00, 0x3F, 0x00, 0x7D, 0x00, 0x00, 0x3F, 0x00, 0xBD,
    0x00, 0x00, 0x3F, 0x00, 0xBD, 0x00, 0x00, 0x3F, 0x00, 0xBD, 0x00, 0x00, 0x3F, 0x00, 0x7E, 0x00,
    0x00, 0x3F, 0x00, 0x7E, 0x00, 0x00, 0x3E, 0x00, 0x3F, 0x00, 0x00, 0xBD, 0x00, 0x2F, 0x80, 0x00,
    0xFC, 0x00, 0x0F, 0xD0, 0x03, 0xF0, 0x00, 0x03, 0xFE, 0x6F, 0xC0, 0x00, 0x00, 0xBF, 0xFE, 0x00,
    0x00, 0x00, 0x01, 0x40, 0x00, 0x00, 0x00, 0x15, 0x00, 0x00, 0x07, 0xFF, 0x00, 0x00, 0x3C, 0x3E,
    0x00, 0x00, 0x70, 0xF4, 0x00, 0x00, 0x0F, 0x81, 0x90, 0x00, 0xB8, 0x0F, 0xD0, 0x01, 0x80, 0x3F,
    0x80, 0x00, 0x00, 0x2D, 0x01, 0xFF, 0x80, 0xB0, 0x3F, 0xAF, 0xD7, 0x42, 0xF0, 0x0F, 0xF8, 0x0F,
    0x80, 0x1F, 0x80, 0xBC, 0x00, 0x3E, 0x02, 0xF0, 0x00, 0xF8, 0x0F, 0xC0, 0x03, 0xE0, 0x3F, 0x00,
    0x0F, 0x80, 0xBC, 0x00, 0x7D, 0x02, 0xF4, 0x02, 0xF0, 0x03, 0xE0, 0x0F, 0x80, 0x0B, 0xE5, 0xFC,
    0x00, 0x07, 0xFF, 0x80, 0x00, 0x01, 0x50, 0x00, 0x00, 0x00, 0x0A, 0x40, 0x00, 0x00, 0x00, 0x2F,
    0xFA, 0xC0, 0x00, 0x00, 0x36, 0xFF, 0x40, 0x00, 0x00, 0x00, 0x19, 0x00, 0x00, 0x00, 0x00, 0x00,
    0x00, 0x7D, 0x00, 0x1B, 0xFD, 0x00, 0xBF, 0x00, 0xFF, 0xFF, 0xD0, 0x6F, 0x03, 0xF0, 0x07, 0xF4,
    0x0E, 0x0F, 0xC0, 0x00, 0xFC, 0x1C, 0x1F, 0x40, 0x00, 0xBE, 0xB8, 0x3F, 0x00, 0x00, 0x3F, 0xD0,
    0x3E, 0x00, 0x00, 0x3F, 0x00, 0x7D, 0x00, 0x00, 0x3F, 0x00, 0xBD, 0x00, 0x00, 0x3F, 0x00, 0xBD,
    0x00, 0x00, 0x3F, 0x00, 0xBD, 0x00, 0x00, 0x3F, 0x00, 0x7E, 0x00, 0x00, 0x3F, 0x00, 0x7E, 0x00,
    0x00, 0x3E, 0x00, 0x3F, 0x00, 0x00, 0xBD, 0x00, 0x2F, 0x80, 0x00, 0xFC, 0x00, 0x0F, 0xD0, 0x03,
    0xF0, 0x00, 0x03, 0xFE, 0x6F, 0xC0, 0x00, 0x00, 0xBF, 0xFE, 0x00, 0x00, 0x00, 0x01, 0x40, 0x00,
    0x00, 0x01, 0x90, 0x00, 0x00, 0x0F, 0xF9, 0xD0, 0x00, 0xA7, 0xFF, 0x19, 0x00, 0x01, 0xA0, 0xFD,
    0x00, 0x00, 0x03, 0xF8, 0x00, 0x00, 0x02, 0xD0, 0x1F, 0xF8, 0x0B, 0x03, 0xFA, 0xFD, 0x74, 0x2F,
    0x00, 0xFF, 0x80, 0xF8, 0x01, 0xF8, 0x0B, 0xC0, 0x03, 0xE0, 0x2F, 0x00, 0x0F, 0x80, 0xFC, 0x00,
    0x3E, 0x03, 0xF0, 0x00, 0xF8, 0x0B, 0xC0, 0x07, 0xD0, 0x2F, 0x40, 0x2F, 0x00, 0x3E, 0x00, 0xF8,
    0x00, 0xBE, 0x5F, 0xC0, 0x00, 0x7F, 0xF8, 0x00, 0x00, 0x15, 0x00, 0x00, 0x00, 0x00, 0x00, 0x00,
    0x00, 0x00, 0x00, 0x00, 0x00, 0x7D, 0x00, 0x1B, 0xFD, 0x00, 0xBF, 0x00, 0xFF, 0xFF, 0xD0, 0x6F,
    0x03, 0xF0, 0x07, 0xF4, 0x0E, 0x0F, 0xC0, 0x00, 0xFC, 0x1C, 0x1F, 0x40, 0x00, 0xBE, 0xB8, 0x3F,
    0x00, 0x00, 0x3F, 0xD0, 0x3E, 0x00, 0x00, 0x3F, 0x00, 0x7D, 0x00, 0x00, 0x3F, 0x00, 0xBD, 0x00,
    0x00, 0x3F, 0x00, 0xBD, 0x00, 0x00, 0x3F, 0x00, 0xBD, 0x00, 0x00, 0x3F, 0x00, 0x7E, 0x00, 0x00,
    0x3F, 0x00, 0x7E, 0x00, 0x00, 0x3E, 0x00, 0x3F, 0x00, 0x00, 0xBD, 0x00, 0x2F, 0x80, 0x00, 0xFC,
    0x00, 0x0F, 0xD0, 0x03, 0xF0, 0x00, 0x03, 0xFE, 0x6F, 0xC0, 0x00, 0x00, 0xBF, 0xFE, 0x00, 0x00,
    0x00, 0x01, 0x40, 0x00, 0x00, 0x00, 0x00, 0x00, 0x00, 0x00, 0x00, 0x07, 0xC0, 0x00, 0x00, 0x00,
    0x0F, 0xE0, 0x00, 0x00, 0x00, 0x0F, 0xD0, 0x00, 0x00, 0x00, 0x02, 0x40, 0x00, 0x00, 0x00, 0x00,
    0x01, 0x90, 0x00, 0x00, 0x0F, 0xD0, 0x00, 0x00, 0x3F, 0x80, 0x00, 0x00, 0x2D, 0x01, 0xFF, 0x80,
    0xB0, 0x3F, 0xAF, 0xD7, 0x42, 0xF0, 0x0F, 0xF8, 0x0F, 0x80, 0x1F, 0x80, 0xBC, 0x00, 0x3E, 0x02,
    0xF0, 0x00, 0xF8, 0x0F, 0xC0, 0x03, 0xE0, 0x3F, 0x00, 0x0F, 0x80, 0xBC, 0x00, 0x7D, 0x02, 0xF4,
    0x02, 0xF0, 0x03, 0xE0, 0x0F, 0x80, 0x0B, 0xE5, 0xFC, 0x00, 0x07, 0xFF, 0x80, 0x00, 0x01, 0x50,
    0x00, 0x00, 0x00, 0x00, 0x00, 0x00, 0x2E, 0x00, 0x00, 0x00, 0xFD, 0x00, 0x00, 0x03, 0xF0, 0x00,
    0x00, 0x06, 0x40, 0x00, 0x00, 0x2A, 0xA8, 0x01, 0xAA, 0x97, 0xFF, 0xC0, 0x3F, 0xFD, 0x0B, 0xC0,
    0x00, 0x3E, 0x00, 0xBC, 0x00, 0x03, 0xE0, 0x0B, 0xC0, 0x00, 0x7D, 0x00, 0xFC, 0x00, 0x07, 0xD0,
    0x0F, 0xC0, 0x00, 0xBD, 0x00, 0xFC, 0x00, 0x0F, 0xD0, 0x0F, 0xC0, 0x00, 0xFC, 0x00, 0xF8, 0x00,
    0x1F, 0xC0, 0x0F, 0x80, 0x02, 0xBC, 0x00, 0xF8, 0x00, 0x37, 0xC0, 0x0F, 0x80, 0x07, 0x3C, 0x00,
    0xF8, 0x00, 0xE7, 0xC0, 0x0F, 0x80, 0x1D, 0x7C, 0x00, 0xFC, 0x07, 0xC7, 0xC0, 0x07, 0xFF, 0xF0,
    0xBE, 0x40, 0x2F, 0xFC, 0x0B, 0xFC, 0x00, 0x14, 0x00, 0x00, 0x00, 0x00, 0x00, 0x00, 0x00, 0x00,
    0x07, 0xC0, 0x00, 0x00, 0x00, 0xFE, 0x00, 0x00, 0x00, 0x0B, 0xE0, 0x00, 0x00, 0x00, 0x24, 0x00,
    0x00, 0x00, 0x00, 0x00, 0x00, 0xBF, 0x00, 0x2E, 0x07, 0xFD, 0x00, 0xFC, 0x00, 0xF4, 0x07, 0xF0,
    0x07, 0xD0, 0x3F, 0xC0, 0x1F, 0x40, 0xEF, 0x00, 0x7C, 0x07, 0x78, 0x02, 0xF0, 0x3A, 0xE0, 0x0B,
    0xC0, 0xDB, 0x80, 0x2F, 0x07, 0x3E, 0x00, 0xFC, 0x3C, 0xF8, 0x03, 0xF1, 0xD3, 0xE0, 0x0B, 0xFF,
    0x0F, 0xE8, 0x0F, 0xF0, 0x2F, 0xE0, 0x05, 0x00, 0x14, 0x00, 0x00, 0x00, 0x00, 0x00, 0x0B, 0x80,
    0x00, 0x00, 0x3F, 0x40, 0x00, 0x00, 0xFC, 0x00, 0x00, 0x00, 0x90, 0x00, 0x00, 0x00, 0x10, 0x00,
    0x00, 0x00, 0x7F, 0xE0, 0x00, 0x00, 0x0F, 0x0F, 0x40, 0x00, 0x00, 0xB0, 0xF0, 0x00, 0x00, 0x00,
    0x7E, 0x00, 0x00, 0x00, 0x0F, 0x40, 0x00, 0x00, 0x00, 0x50, 0x00, 0x02, 0xAA, 0x80, 0x1A, 0xA9,
    0x7F, 0xFC, 0x03, 0xFF, 0xD0, 0xBC, 0x00, 0x03, 0xE0, 0x0B, 0xC0, 0x00, 0x3E, 0x00, 0xBC, 0x00,
    0x07, 0xD0, 0x0F, 0xC0, 0x00, 0x7D, 0x00, 0xFC, 0x00, 0x0B, 0xD0, 0x0F, 0xC0, 0x00, 0xFD, 0x00,
    0xFC, 0x00, 0x0F, 0xC0, 0x0F, 0x80, 0x01, 0xFC, 0x00, 0xF8, 0x00, 0x2B, 0xC0, 0x0F, 0x80, 0x03,
    0x7C, 0x00, 0xF8, 0x00, 0x73, 0xC0, 0x0F, 0x80, 0x0E, 0x7C, 0x00, 0xF8, 0x01, 0xD7, 0xC0, 0x0F,
    0xC0, 0x7C, 0x7C, 0x00, 0x7F, 0xFF, 0x0B, 0xE4, 0x02, 0xFF, 0xC0, 0xBF, 0xC0, 0x01, 0x40, 0x00,
    0x00, 0x00, 0x05, 0x40, 0x00, 0x01, 0xFF, 0xC0, 0x00, 0x0F, 0x0B, 0x80, 0x00, 0x1C, 0x3D, 0x00,
    0x00, 0x03, 0xE0, 0x00, 0x00, 0x2E, 0x00, 0x00, 0x00, 0x60, 0x00, 0x00, 0x00, 0x00, 0x00, 0x2F,
    0xC0, 0x0B, 0x81, 0xFF, 0x40, 0x3F, 0x00, 0x3D, 0x01, 0xFC, 0x01, 0xF4, 0x0F, 0xF0, 0x07, 0xD0,
    0x3B, 0xC0, 0x1F, 0x01, 0xDE, 0x00, 0xBC, 0x0E, 0xB8, 0x02, 0xF0, 0x36, 0xE0, 0x0B, 0xC1, 0xCF,
    0x80, 0x3F, 0x0F, 0x3E, 0x00, 0xFC, 0x74, 0xF8, 0x02, 0xFF, 0xC3, 0xFA, 0x03, 0xFC, 0x0B, 0xF8,
    0x01, 0x40, 0x05, 0x00, 0x00, 0x00, 0x00, 0x00, 0x00, 0x00, 0x00, 0x03, 0xD0, 0x00, 0x00, 0x00,
    0x03, 0xF4, 0x00, 0x00, 0x00, 0x03, 0xF4, 0x00, 0x00, 0x00, 0x03, 0x90, 0x00, 0x00, 0x00, 0x00,
    0x00, 0x00, 0x0B, 0x82, 0xAA, 0x80, 0x1A, 0x93, 0xF5, 0xFF, 0xF0, 0x0F, 0xF4, 0xFD, 0x0B, 0xC0,
    0x00, 0x3D, 0x0B, 0x02, 0xF0, 0x00, 0x0F, 0x43, 0xC0, 0xBC, 0x00, 0x07, 0xD2, 0xC0, 0x3F, 0x00,
    0x01, 0xFF, 0xC0, 0x0F, 0xC0, 0x00, 0xBE, 0x40, 0x03, 0xF0, 0x00, 0x3F, 0x00, 0x00, 0xF8, 0x00,
    0x0F, 0xC0, 0x00, 0x3E, 0x00, 0x07, 0xF0, 0x00, 0x0F, 0x80, 0x02, 0xBC, 0x00, 0x03, 0xE0, 0x00,
    0xDF, 0x00, 0x00, 0xF8, 0x00, 0x77, 0xC0, 0x00, 0x3E, 0x00, 0x39, 0xF0, 0x00, 0x0F, 0x80, 0x1D,
    0x7C, 0x00, 0x03, 0xF0, 0x1F, 0x2E, 0x00, 0x00, 0x7F, 0xFF, 0x0B, 0xD0, 0x00, 0x0B, 0xFF, 0x02,
    0xFE, 0x00, 0x00, 0x14, 0x00, 0x00, 0x00, 0x00, 0x00, 0x00, 0x10, 0x00, 0x00, 0x00, 0x0F, 0x40,
    0x00, 0x00, 0x03, 0xF0, 0x00, 0x00, 0x00, 0xB8, 0x00, 0x64, 0x00, 0x1D, 0x00, 0x0F, 0xC0, 0x00,
    0x00, 0x00, 0xFD, 0x00, 0x00, 0x00, 0x02, 0xD2, 0xFC, 0x00, 0xB8, 0x2C, 0x7F, 0xD0, 0x0F, 0xC7,
    0x40, 0x3D, 0x01, 0xFF, 0xD0, 0x07, 0xD0, 0x3F, 0xE0, 0x00, 0x7D, 0x03, 0xBC, 0x00, 0x07, 0xC0,
    0x77, 0x80, 0x00, 0xBC, 0x0E, 0xB8, 0x00, 0x0B, 0xC0, 0xDB, 0x80, 0x00, 0xBC, 0x1C, 0xF8, 0x00,
    0x0F, 0xC3, 0xCF, 0x80, 0x00, 0xFC, 0x74, 0xF8, 0x00, 0x0B, 0xFF, 0x0F, 0xE8, 0x00, 0x3F, 0xC0,
    0xBF, 0x80, 0x00, 0x50, 0x01, 0x40, 0x00, 0x00, 0x00, 0x00, 0x00, 0x00, 0x00, 0x03, 0xC0, 0x00,
    0x00, 0x00, 0x01, 0xFC, 0x00, 0x00, 0x00, 0x00, 0x1F, 0xC0, 0x00, 0x00, 0x00, 0x00, 0x6C, 0x00,
    0x00, 0x00, 0x00, 0x00, 0x00, 0x0B, 0x82, 0xAA, 0x80, 0x1A, 0x93, 0xF5, 0xFF, 0xF0, 0x0F, 0xF4,
    0xFD, 0x0B, 0xC0, 0x00, 0x3D, 0x0B, 0x02, 0xF0, 0x00, 0x0F, 0x43, 0xC0, 0xBC, 0x00, 0x07, 0xD2,
    0xC0, 0x3F, 0x00, 0x01, 0xFF, 0xC0, 0x0F, 0xC0, 0x00, 0xBE, 0x40, 0x03, 0xF0, 0x00, 0x3F, 0x00,
    0x00, 0xF8, 0x00, 0x0F, 0xC0, 0x00, 0x3E, 0x00, 0x07, 0xF0, 0x00, 0x0F, 0x80, 0x02, 0xBC, 0x00,
    0x03, 0xE0, 0x00, 0xDF, 0x00, 0x00, 0xF8, 0x00, 0x77, 0xC0, 0x00, 0x3E, 0x00, 0x39, 0xF0, 0x00,
    0x0F, 0x80, 0x1D, 0x7C, 0x00, 0x03, 0xF0, 0x1F, 0x2E, 0x00, 0x00, 0x7F, 0xFF, 0x0B, 0xD0, 0x00,
    0x0B, 0xFF, 0x02, 0xFE, 0x00, 0x00, 0x14, 0x00, 0x00, 0x00, 0x00, 0x00, 0x10, 0x00, 0x00, 0x00,
    0x0B, 0xC0, 0x00, 0x00, 0x00, 0x7E, 0x00, 0x00, 0x00, 0x01, 0xF4, 0x00, 0x64, 0x00, 0x02, 0xC0,
    0x0F, 0xC0, 0x00, 0x04, 0x00, 0xFD, 0x00, 0x00, 0x00, 0x02, 0xD2, 0xFC, 0x00, 0xB8, 0x2C, 0x7F,
    0xD0, 0x0F, 0xC7, 0x40, 0x3D, 0x01, 0xFF, 0xD0, 0x07, 0xD0, 0x3F, 0xE0, 0x00, 0x7D, 0x03, 0xBC,
    0x00, 0x07, 0xC0, 0x77, 0x80, 0x00, 0xBC, 0x0E, 0xB8, 0x00, 0x0B, 0xC0, 0xDB, 0x80, 0x00, 0xBC,
    0x1C, 0xF8, 0x00, 0x0F, 0xC3, 0xCF, 0x80, 0x00, 0xFC, 0x74, 0xF8, 0x00, 0x0B, 0xFF, 0x0F, 0xE8,
    0x00, 0x3F, 0xC0, 0xBF, 0x80, 0x00, 0x50, 0x01, 0x40, 0x00, 0x00, 0x00, 0x10, 0x00, 0x00, 0x00,
    0x01, 0xFF, 0x80, 0x00, 0x00, 0x00, 0xF0, 0xF0, 0x00, 0x00, 0x00, 0x3C, 0x7C, 0x00, 0x00, 0x00,
    0x00, 0x7D, 0x00, 0x00, 0x00, 0x00, 0x3D, 0x00, 0x00, 0x00, 0x00, 0x05, 0x00, 0x02, 0xE0, 0xAA,
    0xA0, 0x06, 0xA4, 0xFD, 0x7F, 0xFC, 0x03, 0xFD, 0x3F, 0x42, 0xF0, 0x00, 0x0F, 0x42, 0xC0, 0xBC,
    0x00, 0x03, 0xD0, 0xF0, 0x2F, 0x00, 0x01, 0xF4, 0xB0, 0x0F, 0xC0, 0x00, 0x7F, 0xF0, 0x03, 0xF0,
    0x00, 0x2F, 0x90, 0x00, 0xFC, 0x00, 0x0F, 0xC0, 0x00, 0x3E, 0x00, 0x03, 0xF0, 0x00, 0x0F, 0x80,
    0x01, 0xFC, 0x00, 0x03, 0xE0, 0x00, 0xAF, 0x00, 0x00, 0xF8, 0x00, 0x37, 0xC0, 0x00, 0x3E, 0x00,
    0x1D, 0xF0, 0x00, 0x0F, 0x80, 0x0E, 0x7C, 0x00, 0x03, 0xE0, 0x07, 0x5F, 0x00, 0x00, 0xFC, 0x07,
    0xCB, 0x80, 0x00, 0x1F, 0xFF, 0xC2, 0xF4, 0x00, 0x02, 0xFF, 0xC0, 0xBF, 0x80, 0x00, 0x05, 0x00,
    0x00, 0x00, 0x00, 0x00, 0x05, 0x40, 0x00, 0x00, 0x07, 0xFF, 0x00, 0x00, 0x00, 0xF0, 0xB8, 0x00,
    0x00, 0x07, 0x0F, 0x40, 0x00, 0x00, 0x03, 0xE0, 0x06, 0x40, 0x00, 0xB8, 0x00, 0xFC, 0x00, 0x06,
    0x00, 0x0F, 0xD0, 0x00, 0x00, 0x00, 0x2D, 0x2F, 0xC0, 0x0B, 0x82, 0xC7, 0xFD, 0x00, 0xFC, 0x74,
    0x03, 0xD0, 0x1F, 0xFD, 0x00, 0x7D, 0x03, 0xFE, 0x00, 0x07, 0xD0, 0x3B, 0xC0, 0x00, 0x7C, 0x07,
    0x78, 0x00, 0x0B, 0xC0, 0xEB, 0x80, 0x00, 0xBC, 0x0D, 0xB8, 0x00, 0x0B, 0xC1, 0xCF, 0x80, 0x00,
    0xFC, 0x3C, 0xF8, 0x00, 0x0F, 0xC7, 0x4F, 0x80, 0x00, 0xBF, 0xF0, 0xFE, 0x80, 0x03, 0xFC, 0x0B,
    0xF8, 0x00, 0x05, 0x00, 0x14, 0x00, 0x00, 0x06, 0x40, 0x00, 0x00, 0x00, 0x07, 0xFE, 0x70, 0x00,
    0x00, 0x03, 0x6F, 0xF8, 0x00, 0x00, 0x00, 0x00, 0x68, 0x00, 0x00, 0x00, 0x00, 0x00, 0x00, 0x2E,
    0x0A, 0xAA, 0x00, 0x6A, 0x4F, 0xD7, 0xFF, 0xC0, 0x3F, 0xD3, 0xF4, 0x2F, 0x00, 0x00, 0xF4, 0x2C,
    0x0B, 0xC0, 0x00, 0x3D, 0x0F, 0x02, 0xF0, 0x00, 0x1F, 0x4B, 0x00, 0xFC, 0x00, 0x07, 0xFF, 0x00,
    0x3F, 0x00, 0x02, 0xF9, 0x00, 0x0F, 0xC0, 0x00, 0xFC, 0x00, 0x03, 0xE0, 0x00, 0x3F, 0x00, 0x00,
    0xF8, 0x00, 0x1F, 0xC0, 0x00, 0x3E, 0x00, 0x0A, 0xF0, 0x00, 0x0F, 0x80, 0x03, 0x7C, 0x00, 0x03,
    0xE0, 0x01, 0xDF, 0x00, 0x00, 0xF8, 0x00, 0xE7, 0xC0, 0x00, 0x3E, 0x00, 0x75, 0xF0, 0x00, 0x0F,
    0xC0, 0x7C, 0xB8, 0x00, 0x01, 0xFF, 0xFC, 0x2F, 0x40, 0x00, 0x2F, 0xFC, 0x0B, 0xF8, 0x00, 0x00,
    0x50, 0x00, 0x00, 0x00, 0x00, 0x68, 0x00, 0x00, 0x00, 0x0F, 0xF9, 0xE0, 0x00, 0x02, 0x9F, 0xFC,
    0x06, 0x40, 0x00, 0x1A, 0x00, 0xFC, 0x00, 0x00, 0x00, 0x0F, 0xD0, 0x00, 0x00, 0x00, 0x2D, 0x2F,
    0xC0, 0x0B, 0x82, 0xC7, 0xFD, 0x00, 0xFC, 0x74, 0x03, 0xD0, 0x1F, 0xFD, 0x00, 0x7D, 0x03, 0xFE,
    0x00, 0x07, 0xD0, 0x3B, 0xC0, 0x00, 0x7C, 0x07, 0x78, 0x00, 0x0B, 0xC0, 0xEB, 0x80, 0x00, 0xBC,
    0x0D, 0xB8, 0x00, 0x0B, 0xC1, 0xCF, 0x80, 0x00, 0xFC, 0x3C, 0xF8, 0x00, 0x0F, 0xC7, 0x4F, 0x80,
    0x00, 0xBF, 0xF0, 0xFE, 0x80, 0x03, 0xFC, 0x0B, 0xF8, 0x00, 0x05, 0x00, 0x14, 0x00, 0x00, 0x00,
    0x00, 0x00, 0x2E, 0x0A, 0xAA, 0x00, 0x6A, 0x4F, 0xD7, 0xFF, 0xC0, 0x3F, 0xD3, 0xF4, 0x2F, 0x00,
    0x00, 0xF4, 0x2C, 0x0B, 0xC0, 0x00, 0x3D, 0x0F, 0x02, 0xF0, 0x00, 0x1F, 0x4B, 0x00, 0xFC, 0x00,
    0x07, 0xFF, 0x00, 0x3F, 0x00, 0x02, 0xF9, 0x00, 0x0F, 0xC0, 0x00, 0xFC, 0x00, 0x03, 0xE0, 0x00,
    0x3F, 0x00, 0x00, 0xF8, 0x00, 0x1F, 0xC0, 0x00, 0x3E, 0x00, 0x0A, 0xF0, 0x00, 0x0F, 0x80, 0x03,
    0x7C, 0x00, 0x03, 0xE0, 0x01, 0xDF, 0x00, 0x00, 0xF8, 0x00, 0xE7, 0xC0, 0x00, 0x3E, 0x00, 0x75,
    0xF0, 0x00, 0x0F, 0xC0, 0x7C, 0xB8, 0x00, 0x01, 0xFF, 0xFC, 0x2F, 0x40, 0x00, 0x2F, 0xFC, 0x0B,
    0xF8, 0x00, 0x00, 0x50, 0x00, 0x00, 0x00, 0x00, 0x00, 0x00, 0x00, 0x00, 0x00, 0x02, 0xF0, 0x00,
    0x00, 0x00, 0x00, 0xFD, 0x00, 0x00, 0x00, 0x00, 0x3F, 0x40, 0x00, 0x00, 0x00, 0x02, 0x40, 0x00,
    0x00, 0x00, 0x00, 0x00, 0x00, 0x06, 0x40, 0x00, 0x00, 0x00, 0xFC, 0x00, 0x00, 0x00, 0x0F, 0xD0,
    0x00, 0x00, 0x00, 0x2D, 0x2F, 0xC0, 0x0B, 0x82, 0xC7, 0xFD, 0x00, 0xFC, 0x74, 0x03, 0xD0, 0x1F,
    0xFD, 0x00, 0x7D, 0x03, 0xFE, 0x00, 0x07, 0xD0, 0x3B, 0xC0, 0x00, 0x7C, 0x07, 0x78, 0x00, 0x0B,
    0xC0, 0xEB, 0x80, 0x00, 0xBC, 0x0D, 0xB8, 0x00, 0x0B, 0xC1, 0xCF, 0x80, 0x00, 0xFC, 0x3C, 0xF8,
    0x00, 0x0F, 0xC7, 0x4F, 0x80, 0x00, 0xBF, 0xF0, 0xFE, 0x80, 0x03, 0xFC, 0x0B, 0xF8, 0x00, 0x05,
    0x00, 0x14, 0x00, 0x00, 0x00, 0x00, 0x00, 0x00, 0x00, 0xB8, 0x00, 0x00, 0x00, 0x0F, 0xD0, 0x00,
    0x00, 0x00, 0xFC, 0x00, 0x00, 0x00, 0x02, 0x40, 0x00, 0x00, 0x00, 0x00, 0x00, 0x00, 0x00, 0x00,
    0xB4, 0x00, 0x00, 0x00, 0x0F, 0xD0, 0x00, 0x00, 0x00, 0x2F, 0x80, 0x00, 0x00, 0x00, 0x2D, 0x00,
    0x00, 0x00, 0x00, 0x00, 0x00, 0x2A, 0xA9, 0x00, 0xAA, 0x97, 0xFF, 0xD0, 0x1F, 0xFD, 0x0B, 0xE0,
    0x00, 0x2D, 0x00, 0x3F, 0x00, 0x03, 0x80, 0x01, 0xF8, 0x00, 0xB0, 0x00, 0x0F, 0xC0, 0x1E, 0x00,
    0x00, 0x7E, 0x03, 0xC0, 0x00, 0x03, 0xF0, 0x74, 0x00, 0x00, 0x1F, 0x8F, 0x00, 0x00, 0x00, 0xBE,
    0xC0, 0x00, 0x00, 0x03, 0xF8, 0x00, 0x00, 0x00, 0x2F, 0x00, 0x00, 0x00, 0x02, 0xF0, 0x00, 0x00,
    0x00, 0x3F, 0x00, 0x00, 0x00, 0x03, 0xF0, 0x00, 0x00, 0x00, 0x3F, 0x00, 0x00, 0x00, 0x1B, 0xF9,
    0x00, 0x00, 0x03, 0xFF, 0xF0, 0x00, 0x00, 0x10, 0x00, 0x00, 0x3E, 0x00, 0x00, 0x0B, 0xD0, 0x00,
    0x00, 0x7C, 0x00, 0x00, 0x03, 0xC0, 0x00, 0x00, 0x10, 0x00, 0x00, 0x00, 0x01, 0xFE, 0x00, 0xBC,
    0xBF, 0xC0, 0x3F, 0x81, 0xF0, 0x07, 0xE0, 0x7C, 0x00, 0x74, 0x1F, 0x00, 0x2C, 0x07, 0xC0, 0x0E,
    0x01, 0xF4, 0x0B, 0x40, 0x3D, 0x03, 0xC0, 0x0F, 0x81, 0xD0, 0x03, 0xF0, 0xF0, 0x00, 0xBC, 0x38,
    0x00, 0x0F, 0xFC, 0x00, 0x01, 0xFE, 0x00, 0x00, 0x0B, 0x00, 0x00, 0x03, 0xC0, 0x02, 0x81, 0xD0,
    0x00, 0xF4, 0xF0, 0x00, 0x3F, 0xF0, 0x00, 0x06, 0xA0, 0x00, 0x00, 0x2A, 0xA9, 0x00, 0xAA, 0x97,
    0xFF, 0xD0, 0x1F, 0xFD, 0x0B, 0xE0, 0x00, 0x2D, 0x00, 0x3F, 0x00, 0x03, 0x80, 0x01, 0xF8, 0x00,
    0xB0, 0x00, 0x0F, 0xC0, 0x1E, 0x00, 0x00, 0x7E, 0x03, 0xC0, 0x00, 0x03, 0xF0, 0x74, 0x00, 0x00,
    0x1F, 0x8F, 0x00, 0x00, 0x00, 0xBE, 0xC0, 0x00, 0x00, 0x03, 0xF8, 0x00, 0x00, 0x00, 0x2F, 0x00,
    0x00, 0x00, 0x02, 0xF0, 0x00, 0x00, 0x00, 0x3F, 0x00, 0x00, 0x00, 0x03, 0xF0, 0x00, 0x00, 0x00,
    0x3F, 0x00, 0x00, 0x00, 0x1B, 0xF9, 0x00, 0x00, 0x03, 0xFF, 0xF0, 0x00, 0x00, 0x00, 0x00, 0x00,
    0x00, 0x00, 0x00, 0x00, 0x00, 0x00, 0x03, 0xE0, 0x00, 0x00, 0x00, 0x7F, 0x00, 0x00, 0x00, 0x07,
    0xF0, 0x00, 0x00, 0x00, 0x18, 0x00, 0x00, 0x00, 0x00, 0x00, 0x1F, 0xE0, 0x0B, 0xCB, 0xFC, 0x03,
    0xF8, 0x1F, 0x00, 0x7E, 0x07, 0xC0, 0x07, 0x41, 0xF0, 0x02, 0xC0, 0x7C, 0x00, 0xE0, 0x1F, 0x40,
    0xB4, 0x03, 0xD0, 0x3C, 0x00, 0xF8, 0x1D, 0x00, 0x3F, 0x0F, 0x00, 0x0B, 0xC3, 0x80, 0x00, 0xFF,
    0xC0, 0x00, 0x1F, 0xE0, 0x00, 0x00, 0xB0, 0x00, 0x00, 0x3C, 0x00, 0x28, 0x1D, 0xB8, 0x0F, 0x4F,
    0x7F, 0x03, 0xFF, 0x0F, 0xC0, 0x6A, 0x01, 0x90, 0x00, 0x00, 0x10, 0x00, 0x00, 0x00, 0x3F, 0xF0,
    0x00, 0x00, 0x0B, 0x4B, 0x80, 0x00, 0x00, 0x74, 0xF8, 0x00, 0x00, 0x00, 0x3F, 0x00, 0x00, 0x00,
    0x0B, 0x80, 0x00, 0x00, 0x00, 0x10, 0x00, 0x02, 0xAA, 0x90, 0x0A, 0xA9, 0x7F, 0xFD, 0x01, 0xFF,
    0xD0, 0xBE, 0x00, 0x02, 0xD0, 0x03, 0xF0, 0x00, 0x38, 0x00, 0x1F, 0x80, 0x0B, 0x00, 0x00, 0xFC,
    0x01, 0xE0, 0x00, 0x07, 0xE0, 0x3C, 0x00, 0x00, 0x3F, 0x07, 0x40, 0x00, 0x01, 0xF8, 0xF0, 0x00,
    0x00, 0x0B, 0xEC, 0x00, 0x00, 0x00, 0x3F, 0x80, 0x00, 0x00, 0x02, 0xF0, 0x00, 0x00, 0x00, 0x2F,
    0x00, 0x00, 0x00, 0x03, 0xF0, 0x00, 0x00, 0x00, 0x3F, 0x00, 0x00, 0x00, 0x03, 0xF0, 0x00, 0x00,
    0x01, 0xBF, 0x90, 0x00, 0x00, 0x3F, 0xFF, 0x00, 0x00, 0x00, 0x05, 0x00, 0x00, 0x1F, 0xFC, 0x00,
    0x0F, 0x0F, 0x40, 0x02, 0x87, 0xC0, 0x00, 0x07, 0xD0, 0x00, 0x03, 0xD0, 0x00, 0x00, 0xA0, 0x00,
    0x00, 0x00, 0x00, 0x7F, 0x80, 0x2F, 0x2F, 0xF0, 0x0F, 0xE0, 0x7C, 0x01, 0xF8, 0x1F, 0x00, 0x1D,
    0x07, 0xC0, 0x0B, 0x01, 0xF0, 0x03, 0x80, 0x7D, 0x02, 0xD0, 0x0F, 0x40, 0xF0, 0x03, 0xE0, 0x74,
    0x00, 0xFC, 0x3C, 0x00, 0x2F, 0x0E, 0x00, 0x03, 0xFF, 0x00, 0x00, 0x7F, 0x80, 0x00, 0x02, 0xC0,
    0x00, 0x00, 0xF0, 0x00, 0xA0, 0x74, 0x00, 0x3D, 0x3C, 0x00, 0x0F, 0xFC, 0x00, 0x01, 0xA8, 0x00,
    0x00, 0x00, 0x02, 0x80, 0x00, 0x00, 0x00, 0xFF, 0xDA, 0x00, 0x00, 0x29, 0xFF, 0xC0, 0x00, 0x00,
    0x00, 0xA0, 0x00, 0x00, 0x00, 0x00, 0x00, 0x02, 0xAA, 0x90, 0x0A, 0xA9, 0x7F, 0xFD, 0x01, 0xFF,
    0xD0, 0xBE, 0x00, 0x02, 0xD0, 0x03, 0xF0, 0x00, 0x38, 0x00, 0x1F, 0x80, 0x0B, 0x00, 0x00, 0xFC,
    0x01, 0xE0, 0x00, 0x07, 0xE0, 0x3C, 0x00, 0x00, 0x3F, 0x07, 0x40, 0x00, 0x01, 0xF8, 0xF0, 0x00,
    0x00, 0x0B, 0xEC, 0x00, 0x00, 0x00, 0x3F, 0x80, 0x00, 0x00, 0x02, 0xF0, 0x00, 0x00, 0x00, 0x2F,
    0x00, 0x00, 0x00, 0x03, 0xF0, 0x00, 0x00, 0x00, 0x3F, 0x00, 0x00, 0x00, 0x03, 0xF0, 0x00, 0x00,
    0x01, 0xBF, 0x90, 0x00, 0x00, 0x3F, 0xFF, 0x00, 0x00, 0x00, 0x64, 0x00, 0x00, 0x7F, 0xE7, 0x40,
    0x36, 0xFF, 0x80, 0x00, 0x06, 0x80, 0x00, 0x00, 0x00, 0x00, 0x00, 0x00, 0x07, 0xF8, 0x02, 0xF2,
    0xFF, 0x00, 0xFE, 0x07, 0xC0, 0x1F, 0x81, 0xF0, 0x01, 0xD0, 0x7C, 0x00, 0xB0, 0x1F, 0x00, 0x38,
    0x07, 0xD0, 0x2D, 0x00, 0xF4, 0x0F, 0x00, 0x3E, 0x07, 0x40, 0x0F, 0xC3, 0xC0, 0x02, 0xF0, 0xE0,
    0x00, 0x3F, 0xF0, 0x00, 0x07, 0xF8, 0x00, 0x00, 0x2C, 0x00, 0x00, 0x0F, 0x00, 0x0A, 0x07, 0x40,
    0x03, 0xD3, 0xC0, 0x00, 0xFF, 0xC0, 0x00, 0x1A, 0x80, 0x00, 0x00, 0x15, 0x53, 0xFF, 0xFF, 0xFF,
    0xC0, 0x7F, 0xFF, 0xFF, 0x5F, 0xFF, 0xFF, 0xD0, 0x3F, 0xFF, 0xFF, 0x5F, 0xFF, 0xFF, 0xD0, 0x7F,
    0xFF, 0xFF, 0xFF, 0xFF, 0xFF, 0x9F, 0xFF, 0xFF, 0xFF, 0xFF, 0xFF, 0xE0, 0x7F, 0xFF, 0xFF, 0xFF,
    0xFF, 0xFF, 0x9F, 0xFF, 0xFF, 0xFF, 0xFF, 0xFF, 0xE0, 0x00, 0x02, 0xC3, 0xC2, 0xD0, 0xF8, 0x3F,
    0xCB, 0xE0, 0x50, 0x00, 0x0B, 0xD3, 0xF8, 0x7E, 0x07, 0x43, 0xC3, 0xC0, 0x40, 0x00, 0x0B, 0xD3,
    0xF8, 0xBE, 0x07, 0x43, 0xC3, 0xC0, 0x40, 0x00, 0x00, 0x00, 0xB0, 0x2C, 0x3C, 0x0F, 0x0B, 0x42,
    0xD0, 0xF8, 0x3E, 0x0F, 0xF3, 0xFC, 0xBE, 0x2F, 0x81, 0x40, 0x50, 0x00, 0x00, 0x02, 0xF4, 0xBD,
    0x3F, 0x8F, 0xF1, 0xF8, 0x7F, 0x07, 0x41, 0xE0, 0xF0, 0x3C, 0x3C, 0x0F, 0x01, 0x00, 0x40, 0x00,
    0x00, 0x02, 0xF4, 0xBD, 0x3F, 0x8F, 0xF2, 0xF8, 0xBF, 0x07, 0x41, 0xD0, 0xF0, 0x3C, 0x3C, 0x0F,
    0x01, 0x00, 0x40, 0x00, 0x00, 0x00, 0x01, 0xB0, 0x00, 0x07, 0xC0, 0x00, 0x0E, 0x00, 0x00, 0x34,
    0x00, 0xF9, 0xDB, 0xD3, 0xFF, 0xFF, 0x04, 0x0D, 0x00, 0x00, 0xB8, 0x00, 0x03, 0xF0, 0x00, 0x0F,
    0xC0, 0x00, 0x2F, 0x00, 0x00, 0x78, 0x00, 0x01, 0xE0, 0x00, 0x03, 0x40, 0x00, 0x0D, 0x00, 0x00,
    0x34, 0x00, 0x00, 0xD0, 0x00, 0x03, 0x00, 0x00, 0x0C, 0x00, 0x00, 0x20, 0x00, 0x00, 0x00, 0x00,
    0x01, 0xB0, 0x00, 0x07, 0xC0, 0x00, 0x0E, 0x00, 0x00, 0x34, 0x00, 0xF9, 0xDB, 0xD3, 0xFF, 0xFF,
    0x04, 0x0D, 0x00, 0x00, 0x78, 0x00, 0x02, 0xF0, 0x00, 0x0F, 0xC0, 0x00, 0x3F, 0x00, 0x00, 0xB8,
    0x00, 0x01, 0xD0, 0x01, 0x43, 0x5B, 0x4F, 0xFF, 0xFD, 0x39, 0x30, 0x60, 0x00, 0xD0, 0x00, 0x07,
    0x80, 0x00, 0x2E, 0x00, 0x00, 0x50, 0x00, 0x01, 0x40, 0x7F, 0xD3, 0xFF, 0xCF, 0xFF, 0x3F, 0xF8,
    0x3F, 0xC0, 0x00, 0x00, 0x14, 0x00, 0x14, 0x00, 0x04, 0x2F, 0xC0, 0x1F, 0xC0, 0x1F, 0xDF, 0xF4,
    0x0F, 0xF4, 0x0B, 0xFA, 0xFC, 0x02, 0xFC, 0x01, 0xFC, 0x14, 0x00, 0x14, 0x00, 0x14, 0x00, 0x0B,
    0xE4, 0x00, 0x3C, 0x00, 0x00, 0x00, 0x3E, 0x7D, 0x00, 0xB4, 0x00, 0x00, 0x00, 0x78, 0x1E, 0x01,
    0xE0, 0x00, 0x00, 0x00, 0xB4, 0x0F, 0x03, 0xC0, 0x00, 0x00, 0x00, 0xB4, 0x0F, 0x0B, 0x40, 0x00,
    0x00, 0x00, 0xB8, 0x1E, 0x0F, 0x00, 0x00, 0x00, 0x00, 0x3D, 0x7C, 0x3C, 0x00, 0x00, 0x00, 0x00,
    0x1F, 0xF4, 0x78, 0x2A, 0x40, 0x0A, 0x90, 0x00, 0x00, 0xF0, 0xFB, 0xE0, 0x3E, 0xF8, 0x00, 0x02,
    0xD2, 0xD0, 0xF4, 0xF4, 0x3C, 0x00, 0x07, 0x83, 0xC0, 0xB8, 0xF0, 0x2D, 0x00, 0x0F, 0x03, 0xC0,
    0xB8, 0xF0, 0x2D, 0x00, 0x2D, 0x03, 0xC0, 0xB4, 0xF0, 0x3D, 0x00, 0x3C, 0x02, 0xE1, 0xF0, 0xB8,
    0x7C, 0x00, 0xF0, 0x00, 0xBF, 0xC0, 0x3F, 0xF0, 0x00, 0x40, 0x00, 0x04, 0x00, 0x01, 0x00, 0x00,
    0x3C, 0x7C, 0x78, 0xB0, 0xB0, 0x50, 0x00, 0x00, 0x3C, 0x3D, 0x7C, 0x3C, 0x78, 0x78, 0xB0, 0x74,
    0xB0, 0x70, 0x50, 0x50, 0x00, 0x20, 0x03, 0xC0, 0x3C, 0x07, 0xD0, 0x7E, 0x03, 0xF0, 0x03, 0xF0,
    0x03, 0xE0, 0x03, 0xC0, 0x03, 0xC0, 0x01, 0x00, 0x20, 0x00, 0xF0, 0x01, 0xF0, 0x02, 0xF0, 0x03,
    0xF0, 0x07, 0xD0, 0x3F, 0x03, 0xE0, 0x2D, 0x01, 0xD0, 0x01, 0x00, 0x00, 0x00, 0x00, 0x06, 0x00,
    0x00, 0x00, 0x00, 0x03, 0xC0, 0x00, 0x00, 0x00, 0x28, 0xB1, 0x80, 0x00, 0x00, 0x0F, 0xA9, 0xF0,
    0x00, 0x00, 0x00, 0x7F, 0xE0, 0x00, 0x00, 0x00, 0x1F, 0xE0, 0x00, 0x00, 0x00, 0x7E, 0xAF, 0x80,
    0x00, 0x00, 0x09, 0x38, 0xF0, 0x00, 0x00, 0x00, 0x0E, 0x00, 0x00, 0x00, 0x00, 0x02, 0x40, 0x00,
    0x00, 0x06, 0x00, 0x00, 0x18, 0x00, 0x02, 0xC0, 0x00, 0x0B, 0x00, 0x18, 0xB0, 0x80, 0x62, 0xC2,
    0x0F, 0x99, 0xF0, 0x3E, 0x67, 0xC0, 0x7F, 0xE0, 0x01, 0xFF, 0x90, 0x1F, 0xE0, 0x00, 0x6F, 0x80,
    0x3E, 0xAF, 0x80, 0xFA, 0xBF, 0x09, 0x38, 0xF0, 0x24, 0xE3, 0xC0, 0x0F, 0x00, 0x00, 0x3C, 0x00,
    0x02, 0x40, 0x00, 0x09, 0x00, 0x00, 0x00, 0x0B, 0x00, 0x00, 0x07, 0x80, 0x00, 0x03, 0xC0, 0x00,
    0x02, 0xE0, 0x00, 0x00, 0xF0, 0x00, 0x00, 0xB4, 0x00, 0x00, 0x3C, 0x00, 0x00, 0x3C, 0x00, 0x00,
    0x1E, 0x00, 0x00, 0x0F, 0x00, 0x00, 0x0B, 0x80, 0x00, 0x03, 0xC0, 0x00, 0x02, 0xD0, 0x00, 0x00,
    0xF0, 0x00, 0x00, 0xF0, 0x00, 0x00, 0x78, 0x00, 0x00, 0x3C, 0x00, 0x00, 0x2E, 0x00, 0x00, 0x01,
    0x00, 0x00, 0x00, 0x02, 0xFD, 0x00, 0xF9, 0xF8, 0x2D, 0x03, 0xD3, 0xC0, 0x2E, 0x7C, 0x01, 0xF7,
    0x80, 0x1F, 0xB8, 0x01, 0xF7, 0xC0, 0x2E, 0x7C, 0x03, 0xD3, 0xD0, 0x7C, 0x1F, 0xAF, 0x40, 0x6F,
    0x80, 0x00, 0x06, 0x80, 0x00, 0x7F, 0x00, 0x03, 0xFC, 0x00, 0x2D, 0xF0, 0x01, 0xC7, 0x80, 0x0D,
    0x1E, 0x00, 0xE0, 0xB8, 0x0B, 0x02, 0xE0, 0x3F, 0xFF, 0xF4, 0xAA, 0xBF, 0x90, 0x00, 0xB4, 0x00,
    0x01, 0x90, 0x1A, 0xAA, 0x0B, 0xFF, 0xC2, 0x95, 0x40, 0xA0, 0x00, 0x35, 0xA4, 0x0F, 0xFF, 0x80,
    0x01, 0xF4, 0x00, 0x3D, 0x60, 0x0F, 0x7D, 0x07, 0xCF, 0x87, 0xD0, 0xBF, 0x80, 0x00, 0xBF, 0x40,
    0x7D, 0x3D, 0x0F, 0x03, 0xD2, 0xD0, 0x04, 0x3C, 0x69, 0x07, 0xEE, 0xF8, 0x7E, 0x03, 0xC7, 0xC0,
    0x3D, 0x7C, 0x03, 0xC3, 0xC0, 0x3C, 0x1F, 0x5F, 0x00, 0x7F, 0x80, 0x6A, 0xAA, 0x6F, 0xFF, 0xFB,
    0x40, 0x72, 0x40, 0x34, 0x00, 0x3C, 0x00, 0x2C, 0x00, 0x0F, 0x00, 0x0B, 0x40, 0x03, 0xC0, 0x01,
    0xF0, 0x00, 0xBC, 0x00, 0x19, 0x00, 0x02, 0xFE, 0x01, 0xF5, 0xBC, 0x2D, 0x03, 0xC2, 0xE0, 0x3C,
    0x1F, 0xDB, 0x00, 0x7F, 0xE0, 0x1F, 0xBF, 0x83, 0xC0, 0x7D, 0xB4, 0x03, 0xDB, 0x80, 0x3C, 0x3E,
    0x5F, 0x80, 0xBF, 0x90, 0x06, 0xF8, 0x01, 0xF5, 0xF0, 0x3C, 0x07, 0x87, 0x80, 0x3C, 0xB8, 0x03,
    0xC7, 0xC0, 0xFC, 0x3F, 0xB7, 0xC0, 0xA8, 0x3C, 0x10, 0x07, 0x47, 0xC0, 0xF0, 0x7C, 0x7C, 0x02,
    0xFE, 0x00, 0x00, 0x00, 0x0C, 0x03, 0x80, 0xB0, 0x1E, 0x02, 0xD0, 0x3C, 0x07, 0xC0, 0x7C, 0x07,
    0xC0, 0x3C, 0x03, 0xC0, 0x2D, 0x00, 0xF0, 0x0B, 0x00, 0x24, 0x00, 0x00, 0x00, 0x01, 0xC0, 0x0F,
    0x00, 0x74, 0x03, 0xC0, 0x3D, 0x03, 0xE0, 0x2E, 0x02, 0xE0, 0x3D, 0x03, 0xD0, 0x3C, 0x0B, 0x80,
    0xF0, 0x1D, 0x03, 0x40, 0x00, 0x00, 0x19, 0x01, 0x80, 0x7F, 0x0F, 0xF0, 0x0F, 0x1C, 0xF0, 0x0F,
    0x34, 0xF0, 0x0F, 0x30, 0xF0, 0x0F, 0xA0, 0xF0, 0x0F, 0xC0, 0xF0, 0x0F, 0xC1, 0xF0, 0x0F, 0x41,
    0xF9, 0x0A, 0x00, 0xB8, 0x02, 0xF8, 0x01, 0xF6, 0xF4, 0x3C, 0x07, 0xCB, 0x80, 0x3C, 0xF4, 0x03,
    0xDF, 0x40, 0x3D, 0xF4, 0x03, 0xDF, 0x40, 0x3C, 0xF4, 0x03, 0xC7, 0xC0, 0xB4, 0x3F, 0xAF, 0x00,
    0xBF, 0x40, 0x2A, 0xD0, 0xAF, 0x40, 0x3D, 0x00, 0xF4, 0x03, 0xC0, 0x0F, 0x00, 0x3C, 0x00, 0xF0,
    0x03, 0xC0, 0x0F, 0x02, 0xFE, 0x9A, 0xAA, 0x07, 0xF9, 0x03, 0xD1, 0xF4, 0x3C, 0x0B, 0xC3, 0xC0,
    0x7C, 0x00, 0x0B, 0x80, 0x01, 0xF0, 0x00, 0x3C, 0x00, 0x0F, 0x00, 0x03, 0x80, 0xC0, 0xE0, 0x2C,
    0x3F, 0xFF, 0xC2, 0xAA, 0xA8, 0x07, 0xFD, 0x01, 0xE1, 0xF8, 0x3D, 0x07, 0xC1, 0x90, 0xB8, 0x00,
    0x1F, 0x00, 0x1F, 0xD0, 0x00, 0x5F, 0x80, 0x00, 0x3C, 0x14, 0x03, 0xC7, 0xC0, 0xBC, 0x3D, 0x6F,
    0x01, 0xFF, 0x40, 0x00, 0x0A, 0x40, 0x00, 0xBD, 0x00, 0x07, 0xF4, 0x00, 0x37, 0xD0, 0x03, 0x8F,
    0x40, 0x2C, 0x3C, 0x01, 0xC0, 0xF0, 0x0D, 0x03, 0xC0, 0xBF, 0xFF, 0xF1, 0xAA, 0xBE, 0x80, 0x00,
    0xF0, 0x00, 0x02, 0x80, 0x0A, 0xAA, 0x83, 0xFF, 0xE0, 0xD5, 0x50, 0x30, 0x00, 0x1C, 0x68, 0x07,
    0xEF, 0xD0, 0x00, 0xBC, 0x00, 0x1F, 0x24, 0x07, 0xDF, 0x02, 0xE3, 0xD6, 0xF0, 0x7F, 0xD0, 0x01,
    0xFE, 0x02, 0xE1, 0xF2, 0xD0, 0x7C, 0xF0, 0x04, 0xB8, 0x68, 0x2E, 0xFB, 0xDF, 0xC0, 0xBB, 0xD0,
    0x1F, 0xF4, 0x07, 0x9E, 0x02, 0xD3, 0xD6, 0xE0, 0x2F, 0xD0, 0x2A, 0xAA, 0x83, 0xFF, 0xFD, 0x38,
    0x03, 0x83, 0x00, 0xB0, 0x00, 0x1D, 0x00, 0x03, 0xC0, 0x00, 0xB4, 0x00, 0x0F, 0x00, 0x02, 0xE0,
    0x00, 0x3D, 0x00, 0x03, 0xD0, 0x00, 0x28, 0x00, 0x01, 0xFF, 0x40, 0x2E, 0x5F, 0x40, 0xF0, 0x1E,
    0x03, 0xC0, 0x74, 0x0F, 0xE7, 0x80, 0x0B, 0xFC, 0x00, 0xBA, 0xFD, 0x0B, 0x40, 0xFC, 0x3C, 0x01,
    0xF0, 0xF0, 0x07, 0xC2, 0xF5, 0xBC, 0x01, 0xBF, 0x80, 0x02, 0xFD, 0x00, 0xF9, 0xB8, 0x2E, 0x03,
    0xD3, 0xC0, 0x2E, 0x3C, 0x02, 0xE3, 0xD0, 0x7E, 0x1F, 0xBE, 0xE0, 0x69, 0x2D, 0x04, 0x03, 0xC3,
    0xD0, 0x78, 0x3D, 0x2E, 0x00, 0xBE, 0x40, 0x00, 0x00, 0x0D, 0x03, 0x80, 0xB0, 0x0F, 0x02, 0xD0,
    0x3C, 0x03, 0xC0, 0x7C, 0x07, 0xC0, 0x3C, 0x03, 0xD0, 0x2E, 0x00, 0xF0, 0x07, 0x40, 0x28, 0x00,
    0x00, 0x00, 0x03, 0x40, 0x1D, 0x00, 0xF0, 0x0B, 0x40, 0x78, 0x07, 0xC0, 0x3C, 0x03, 0xC0, 0x7C,
    0x07, 0x80, 0xB4, 0x0F, 0x02, 0xD0, 0x38, 0x06, 0x00, 0x00, 0x00, 0x00, 0x0A, 0x24, 0x00, 0x00,
    0x28, 0xE0, 0x00, 0x01, 0xFF, 0xD0, 0x00, 0x3F, 0xFF, 0xF0, 0x03, 0xFD, 0x37, 0xF0, 0x3F, 0x34,
    0xCB, 0xC1, 0xF4, 0xC7, 0x3F, 0x0F, 0xC7, 0x1C, 0x64, 0x3E, 0x1C, 0x70, 0x01, 0xF4, 0x72, 0xC0,
    0x0B, 0xD2, 0xCA, 0x00, 0x2F, 0x4A, 0x28, 0x00, 0xBD, 0x28, 0xE0, 0x01, 0xF4, 0xE3, 0x40, 0x07,
    0xE3, 0x4D, 0x00, 0x0F, 0xCD, 0x35, 0xF4, 0x2F, 0xB4, 0xC7, 0xE0, 0x3F, 0xC3, 0x1F, 0x40, 0x3F,
    0xEE, 0xFC, 0x00, 0x2F, 0xFF, 0x40, 0x00, 0x72, 0xC0, 0x00, 0x01, 0xCB, 0x00, 0x00, 0x00, 0x00,
    0x00, 0x00, 0x0A, 0xAA, 0xAA, 0x90, 0x3F, 0xFF, 0xFF, 0xC0, 0x0F, 0xC0, 0x2F, 0x00, 0x3E, 0x00,
    0x3C, 0x00, 0xF8, 0x00, 0xB0, 0x03, 0xE0, 0x00, 0x00, 0x0F, 0x80, 0x00, 0x00, 0x3E, 0x00, 0x00,
    0x01, 0xFE, 0xAA, 0x00, 0x07, 0xFF, 0xFC, 0x00, 0x1F, 0x40, 0x00, 0x00, 0x7D, 0x00, 0x00, 0x3F,
    0xFF, 0xFF, 0x00, 0x5B, 0xD5, 0x54, 0x00, 0x2F, 0x00, 0x00, 0x00, 0xBC, 0x00, 0x00, 0x07, 0xFA,
    0x40, 0x00, 0xBF, 0xFF, 0x00, 0x00, 0x00, 0x0B, 0xF9, 0x00, 0x01, 0xFE, 0xBF, 0x00, 0x1F, 0x80,
    0x3D, 0x00, 0xFC, 0x01, 0xF8, 0x03, 0xE0, 0x0B, 0xD0, 0x1F, 0x40, 0x00, 0x00, 0x7D, 0x00, 0x00,
    0x0F, 0xFF, 0xFF, 0x00, 0x1B, 0xF5, 0x54, 0x00, 0x0F, 0x80, 0x00, 0x03, 0xFF, 0xFF, 0x80, 0x0A,
    0xBE, 0xA9, 0x00, 0x00, 0xF4, 0x01, 0x40, 0x00, 0xF0, 0x0B, 0xC0, 0x02, 0xC0, 0x0B, 0x80, 0x1B,
    0x80, 0x1E, 0x07, 0xFF, 0xF9, 0xF8, 0x3D, 0x06, 0xFF, 0xC0, 0x00, 0x00, 0x14, 0x00, 0x06, 0xA9,
    0x00, 0x2A, 0xA4, 0x0F, 0xFF, 0x00, 0x3F, 0xF8, 0x00, 0xFF, 0x80, 0x07, 0x80, 0x00, 0xEF, 0xC0,
    0x07, 0x80, 0x00, 0xE7, 0xE0, 0x07, 0x80, 0x00, 0xE3, 0xF0, 0x07, 0x40, 0x05, 0xF6, 0xF9, 0x5B,
    0x94, 0x2F, 0xFF, 0xFF, 0xFF, 0xFD, 0x00, 0xE0, 0x7D, 0x07, 0x40, 0x01, 0xE0, 0x3F, 0x07, 0x40,
    0x3F, 0xFF, 0xFF, 0xFF, 0xFC, 0x16, 0xE5, 0x5F, 0xDB, 0x94, 0x01, 0xD0, 0x0B, 0xDB, 0x00, 0x01,
    0xD0, 0x03, 0xFB, 0x00, 0x02, 0xD0, 0x02, 0xFF, 0x00, 0x02, 0xD0, 0x00, 0xFF, 0x00, 0x07, 0xE4,
    0x00, 0xBF, 0x00, 0x2F, 0xFE, 0x00, 0x3F, 0x00, 0x00, 0x00, 0x00, 0x00, 0x00, 0x1A, 0xAA, 0x50,
    0x00, 0x00, 0x00, 0x00, 0x00, 0x00, 0x3F, 0xFF, 0xFF, 0x00, 0x0B, 0x00, 0x00, 0x00, 0x00, 0x03,
    0xF0, 0x2F, 0xC0, 0x0F, 0x00, 0x00, 0x00, 0x00, 0x03, 0xF0, 0x0B, 0xE0, 0x0F, 0x00, 0x00, 0x00,
    0x00, 0x03, 0xE0, 0x03, 0xF0, 0x1F, 0x00, 0x00, 0x00, 0x00, 0x03, 0xE0, 0x03, 0xF1, 0xBF, 0xA9,
    0x00, 0xBF, 0xE0, 0x03, 0xE0, 0x03, 0xF2, 0xFF, 0xFE, 0x03, 0xE5, 0xFC, 0x03, 0xE0, 0x07, 0xE0,
    0x3F, 0x00, 0x07, 0xC0, 0x7C, 0x03, 0xE0, 0x0F, 0xC0, 0x3F, 0x00, 0x0B, 0xC0, 0x64, 0x03, 0xE2,
    0xBF, 0x00, 0x3E, 0x00, 0x0B, 0xE0, 0x00, 0x07, 0xD7, 0xF4, 0x00, 0x3E, 0x00, 0x03, 0xFE, 0x00,
    0x07, 0xD0, 0x00, 0x00, 0x3E, 0x00, 0x01, 0xFF, 0xD0, 0x07, 0xD0, 0x00, 0x00, 0x3E, 0x00, 0x00,
    0x1F, 0xF4, 0x07, 0xD0, 0x00, 0x00, 0x3E, 0x00, 0x00, 0x01, 0xFC, 0x07, 0xD0, 0x00, 0x00, 0x3D,
    0x00, 0x05, 0x00, 0xBC, 0x07, 0xD0, 0x00, 0x00, 0x3E, 0x02, 0x1F, 0x40, 0xB8, 0x1F, 0xE5, 0x00,
    0x00, 0x3F, 0xAF, 0x1F, 0x81, 0xF0, 0xFF, 0xFF, 0x40, 0x00, 0x1F, 0xFC, 0x0B, 0xFF, 0xC0, 0x00,
    0x00, 0x00, 0x00, 0x01, 0x40, 0x00, 0x14, 0x00, 0x0A, 0xAA, 0x40, 0x14, 0x00, 0x2A, 0xA4, 0x7F,
    0xFD, 0x03, 0xF0, 0x00, 0xFF, 0xE0, 0x2F, 0x40, 0x0B, 0xD0, 0x00, 0x78, 0x00, 0x7E, 0x00, 0x0F,
    0xC0, 0x02, 0xD0, 0x00, 0xFC, 0x00, 0x3F, 0x00, 0x0F, 0x00, 0x03, 0xF0, 0x00, 0xFD, 0x00, 0x38,
    0x01, 0x5F, 0xE5, 0x5B, 0xF9, 0x56, 0xE5, 0x5F, 0xFF, 0xFF, 0xFF, 0xFF, 0xFF, 0xFE, 0x00, 0x3E,
    0x00, 0xFF, 0xC0, 0x3C, 0x00, 0x00, 0xFC, 0x07, 0x9F, 0x40, 0xE0, 0x07, 0xFF, 0xFF, 0xFF, 0xFF,
    0xFF, 0xFF, 0x9A, 0xAF, 0xFA, 0xFA, 0xFE, 0xBE, 0xA9, 0x00, 0x0F, 0x87, 0x42, 0xF0, 0xE0, 0x00,
    0x00, 0x3F, 0x3C, 0x07, 0xD7, 0x40, 0x00, 0x00, 0xBC, 0xE0, 0x0F, 0xAC, 0x00, 0x00, 0x01, 0xFF,
    0x40, 0x3F, 0xE0, 0x00, 0x00, 0x03, 0xFC, 0x00, 0xBF, 0x40, 0x00, 0x00, 0x0F, 0xE0, 0x01, 0xFC,
    0x00, 0x00, 0x00, 0x00, 0x00, 0x00, 0x00, 0x00, 0x00, 0x00, 0x00, 0x00, 0x00, 0x00, 0x3F, 0xE0,
    0x00, 0x01, 0xBE, 0x00, 0x00, 0x03, 0xE0, 0x00, 0x2F, 0xFF, 0xE0, 0x02, 0xFF, 0xFE, 0x00, 0x00,
    0x3E, 0x00, 0x1F, 0xFB, 0xE0, 0x0B, 0xEA, 0xFE, 0x01, 0xF4, 0x03, 0xD0, 0x3E, 0x00, 0xBD, 0x07,
    0xD0, 0x0F, 0xD0, 0xBC, 0x00, 0xFD, 0x0F, 0xC0, 0x1F, 0xD0, 0xFC, 0x02, 0xBD, 0x0F, 0xC0, 0x37,
    0xD0, 0xFC, 0x07, 0x3D, 0x0B, 0xD0, 0xE3, 0xC0, 0x3F, 0xAC, 0x3E, 0x91, 0xFF, 0x43, 0xFD, 0x01,
    0x40, 0x04, 0x00, 0x00, 0x00, 0x00, 0x07, 0xFF, 0xF0, 0x00, 0x7F, 0xFF, 0x00, 0x00, 0x00, 0x00,
    0x00, 0x00, 0x00, 0x2F, 0xF8, 0x00, 0x00, 0x2F, 0xFF, 0xF4, 0x00, 0x0B, 0xD0, 0x0B, 0xC0, 0x02,
    0xF4, 0x00, 0x7E, 0x00, 0x3E, 0x00, 0x0B, 0xE0, 0x07, 0xD0, 0x00, 0x18, 0x00, 0xFD, 0x00, 0x00,
    0x02, 0xFF, 0xFF, 0xE0, 0x00, 0x01, 0xFC, 0x00, 0x00, 0x00, 0x0F, 0x80, 0x00, 0x00, 0x3F, 0xFF,
    0xFC, 0x00, 0x02, 0xAF, 0xEA, 0x80, 0x00, 0x00, 0xFC, 0x00, 0x00, 0x00, 0x0B, 0xD0, 0x00, 0xF8,
    0x00, 0x3F, 0x00, 0x0F, 0xC0, 0x02, 0xF8, 0x00, 0xFC, 0x00, 0x0B, 0xF5, 0x7F, 0x40, 0x00, 0x1F,
    0xFF, 0x80, 0x00, 0x00, 0x05, 0x40, 0x00, 0x02, 0xAA, 0x90, 0x6A, 0xA0, 0x1F, 0xFF, 0x43, 0xFF,
    0xC0, 0x0B, 0xD0, 0x01, 0xF0, 0x00, 0x2F, 0x00, 0x1F, 0x00, 0x00, 0xBC, 0x01, 0xE0, 0x00, 0x02,
    0xF0, 0x1E, 0x00, 0x00, 0x0B, 0xC1, 0xE0, 0x00, 0x00, 0x2F, 0x1E, 0x00, 0x00, 0x3F, 0xFF, 0xFF,
    0xFF, 0xD0, 0xAB, 0xFA, 0xFE, 0xAA, 0x00, 0x0F, 0xC1, 0xFC, 0x00, 0x00, 0x3F, 0x02, 0xF4, 0x00,
    0x00, 0xFC, 0x07, 0xE0, 0x00, 0x03, 0xF0, 0x0F, 0xC0, 0x00, 0x0F, 0xC0, 0x2F, 0x40, 0x00, 0x3E,
    0x00, 0x3F, 0x00, 0x06, 0xFE, 0x40, 0xFE, 0x60, 0x3F, 0xFF, 0x00, 0xFF, 0x80, 0x00, 0x00, 0x00,
    0x50, 0x00, 0x1A, 0xAA, 0xAA, 0xA9, 0x0B, 0xFF, 0xFF, 0xFF, 0xC3, 0xE0, 0x3F, 0x02, 0xF0, 0xF0,
    0x0F, 0xC0, 0x3C, 0x38, 0x03, 0xF0, 0x0B, 0x00, 0x00, 0xFC, 0x00, 0x00, 0x00, 0x3E, 0x00, 0x00,
    0x00, 0x0F, 0xEF, 0xD0, 0x07, 0xFF, 0xFA, 0x50, 0x01, 0x95, 0xF8, 0x00, 0x00, 0x00, 0x7F, 0xFF,
    0x40, 0x2F, 0xFF, 0xE5, 0x00, 0x05, 0x43, 0xE0, 0x00, 0x00, 0x00, 0xF4, 0x00, 0x00, 0x00, 0x7D,
    0x00, 0x00, 0x00, 0x1F, 0x40, 0x00, 0x00, 0x5B, 0xE5, 0x00, 0x00, 0x3F, 0xFF, 0xC0, 0x00, 0x0A,
    0xAA, 0x94, 0x00, 0x07, 0xFF, 0xFF, 0xD0, 0x00, 0x1F, 0x41, 0xFE, 0x00, 0x0B, 0xD0, 0x1F, 0xD0,
    0x7F, 0xFF, 0xFF, 0xFF, 0x40, 0xBD, 0x00, 0xBE, 0x01, 0x6F, 0x55, 0x6F, 0x92, 0xFF, 0xFF, 0xFF,
    0xFC, 0x02, 0xF0, 0x0B, 0xE0, 0x00, 0xBC, 0x6F, 0xE0, 0x00, 0x2F, 0x3F, 0x80, 0x00, 0x0F, 0xC0,
    0x00, 0x00, 0x03, 0xF0, 0x00, 0x00, 0x00, 0xFC, 0x00, 0x00, 0x00, 0x3F, 0x00, 0x00, 0x00, 0x0F,
    0xC0, 0x00, 0x00, 0x1B, 0xF9, 0x40, 0x00, 0x1F, 0xFF, 0xF0, 0x00, 0x00, 0x00, 0x00, 0xC0, 0x00,
    0x00, 0x07, 0x00, 0x00, 0x00, 0xBF, 0xE0, 0x00, 0x2F, 0xFF, 0xF8, 0x03, 0xF6, 0xC1, 0xF4, 0x3F,
    0x07, 0x03, 0xF1, 0xF4, 0x1C, 0x1F, 0x8F, 0xC0, 0xB0, 0x18, 0x3E, 0x02, 0xC0, 0x01, 0xF8, 0x0B,
    0x00, 0x0B, 0xD0, 0x2C, 0x00, 0x2F, 0x40, 0xB1, 0x54, 0xBD, 0x02, 0x9F, 0xF5, 0xF4, 0x0A, 0x0B,
    0xD7, 0xE0, 0x38, 0x1F, 0x4F, 0xC0, 0xE0, 0x7D, 0x2F, 0x83, 0x81, 0xF4, 0x3F, 0x4E, 0x0B, 0xC0,
    0x3F, 0xFE, 0xFF, 0x00, 0x2F, 0xFF, 0xD0, 0x00, 0x03, 0x80, 0x00, 0x00, 0x0D, 0x00, 0x00, 0x00,
    0x00, 0x00, 0x00, 0x00, 0x1F, 0xE4, 0x00, 0x00, 0xFF, 0xFF, 0x00, 0x02, 0xF0, 0x07, 0xC0, 0x03,
    0xF0, 0x03, 0xE0, 0x01, 0xF4, 0x02, 0xE0, 0x00, 0x00, 0x03, 0xF0, 0x00, 0x00, 0x1F, 0xE0, 0x3F,
    0xFF, 0xFF, 0xFF, 0x00, 0x0B, 0xFF, 0x00, 0x00, 0x3F, 0xF8, 0x00, 0x3F, 0xFF, 0xFF, 0xFF, 0x16,
    0xFD, 0x55, 0x54, 0x03, 0xF0, 0x00, 0x00, 0x03, 0xE0, 0x01, 0xE0, 0x02, 0xF0, 0x02, 0xF4, 0x00,
    0xF4, 0x01, 0xF4, 0x00, 0x7E, 0x5B, 0xF0, 0x00, 0x0F, 0xFF, 0xC0, 0x00, 0x00, 0x54, 0x00, 0x00,
    0x00, 0x00, 0x00, 0x00, 0x07, 0x00, 0x00, 0x00, 0x1C, 0x00, 0x00, 0x06, 0xFE, 0x40, 0x00, 0xFF,
    0xFF, 0xC0, 0x0F, 0xD7, 0x0F, 0xC0, 0xFC, 0x1C, 0x2F, 0x07, 0xD0, 0xB0, 0xFC, 0x3F, 0x02, 0xC1,
    0x90, 0xF8, 0x0B, 0x00, 0x07, 0xD0, 0x2C, 0x00, 0x2F, 0x40, 0xA0, 0x00, 0xBD, 0x02, 0x80, 0x02,
    0xF4, 0x0A, 0x00, 0x07, 0xD0, 0x38, 0x00, 0x1F, 0x80, 0xE0, 0x00, 0x3F, 0x03, 0x8B, 0xD0, 0xBE,
    0x0E, 0x1F, 0x80, 0xFD, 0x34, 0x7D, 0x01, 0xFF, 0xEB, 0xF0, 0x00, 0xBF, 0xFD, 0x00, 0x00, 0x1E,
    0x00, 0x00, 0x00, 0x34, 0x00, 0x00, 0x00, 0x80, 0x00, 0x0A, 0xAA, 0xAA, 0xA9, 0x03, 0xFF, 0xFF,
    0xFF, 0x80, 0x00, 0x00, 0x00, 0x00, 0x6A, 0xAA, 0xAA, 0xA4, 0x2F, 0xFF, 0xFF, 0xFF, 0x0F, 0x80,
    0xFC, 0x0B, 0xC3, 0xC0, 0x3F, 0x00, 0xF0, 0xE0, 0x0F, 0xC0, 0x2C, 0x00, 0x03, 0xE0, 0x00, 0x00,
    0x00, 0xF8, 0x00, 0x00, 0x00, 0x3E, 0x00, 0x00, 0x00, 0x0F, 0x80, 0x00, 0x00, 0x03, 0xE0, 0x00,
    0x00, 0x00, 0xF4, 0x00, 0x00, 0x00, 0x7D, 0x00, 0x00, 0x00, 0x1F, 0x40, 0x00, 0x00, 0x5B, 0xE5,
    0x00, 0x00, 0x3F, 0xFF, 0xC0, 0x00, 0x1A, 0xAA, 0xAA, 0x93, 0xFF, 0xFF, 0xFE, 0x00, 0x07, 0xF4,
    0x00, 0x00, 0x1F, 0xC0, 0x15, 0x55, 0xFE, 0x53, 0xFF, 0xFF, 0xFE, 0x00, 0x01, 0xFC, 0x00, 0x00,
    0x3F, 0x00, 0x15, 0x6F, 0xC0, 0x03, 0xFF, 0xD0, 0x00, 0x00, 0x3F, 0x40, 0x00, 0x00, 0xFC, 0x00,
    0x00, 0x0F, 0xD0, 0x00, 0x00, 0xBF, 0x00, 0x00, 0x03, 0xF4, 0x00, 0x00, 0x3F, 0x80, 0x00, 0x01,
    0xFE, 0x90, 0x00, 0x0B, 0xFD, 0x00, 0x00, 0x05, 0x00, 0x01, 0xA0, 0x00, 0x00, 0x2F, 0x00, 0x00,
    0x02, 0xF0, 0x00, 0x00, 0x2F, 0x00, 0x00, 0x03, 0xF0, 0x00, 0x00, 0x3F, 0xAD, 0x00, 0x2F, 0xFE,
    0x80, 0x06, 0xBF, 0x00, 0x00, 0x03, 0xF6, 0x90, 0x02, 0xBF, 0xF8, 0x00, 0x7F, 0xE0, 0x01, 0x00,
    0x3E, 0x00, 0xFC, 0x03, 0xE0, 0x0F, 0xD0, 0x3E, 0x00, 0x2D, 0x03, 0xE0, 0x02, 0xC0, 0x3E, 0x00,
    0xB8, 0x1B, 0xFA, 0xFE, 0x07, 0xFF, 0xFE, 0x00, 0x00, 0x01, 0xE0, 0x00, 0x00, 0x00, 0xB8, 0x00,
    0x00, 0x07, 0xFF, 0xF4, 0x00, 0x0F, 0xFF, 0xFF, 0xC0, 0x0F, 0xD2, 0xE2, 0xFC, 0x0B, 0xD0, 0xF8,
    0x2F, 0x43, 0xF0, 0x3E, 0x03, 0xF1, 0xF8, 0x0F, 0x80, 0xFC, 0xBD, 0x03, 0xE0, 0x3F, 0x3F, 0x00,
    0xF8, 0x0B, 0xDF, 0xC0, 0x3E, 0x02, 0xF7, 0xF0, 0x0F, 0x80, 0xBD, 0xFC, 0x03, 0xE0, 0x3F, 0x3F,
    0x01, 0xF8, 0x0F, 0xCB, 0xC0, 0x7E, 0x03, 0xF2, 0xF4, 0x2F, 0x81, 0xF8, 0x7E, 0x00, 0x00, 0xBD,
    0x0F, 0xC0, 0x00, 0x3F, 0x00, 0x1A, 0xAA, 0x90, 0x00, 0xBF, 0xFF, 0xFD, 0x00, 0x2F, 0x01, 0xFD,
    0x00, 0xBC, 0x00, 0xFC, 0x02, 0xF0, 0x03, 0xF4, 0x0B, 0xC0, 0x0B, 0xD0, 0x2F, 0x00, 0x3F, 0x00,
    0xBC, 0x00, 0xFC, 0x03, 0xF0, 0x0B, 0xD0, 0xAF, 0xEA, 0xFD, 0x07, 0xFF, 0xFE, 0x40, 0x00, 0xFC,
    0x00, 0x00, 0x17, 0xF5, 0x50, 0x02, 0xFF, 0xFF, 0xE0, 0x00, 0x3E, 0x00, 0x00, 0x00, 0xF8, 0x00,
    0x00, 0x1B, 0xF9, 0x40, 0x01, 0xFF, 0xFE, 0x00, 0x00, 0x00, 0x06, 0x40, 0x00, 0xFF, 0xC0, 0x0F,
    0x8F, 0x40, 0x7D, 0x1E, 0x02, 0xF0, 0x78, 0x0B, 0xC1, 0xE0, 0x2F, 0x0B, 0x40, 0xBC, 0x3C, 0x02,
    0xF1, 0xE0, 0x0B, 0xDF, 0x00, 0x2F, 0xF0, 0x01, 0xFF, 0x00, 0x3F, 0xF0, 0x00, 0x9B, 0xC0, 0x00,
    0x2F, 0x00, 0x00, 0xBC, 0x00, 0x02, 0xF0, 0x00, 0x0B, 0xD0, 0x40, 0x1F, 0xFF, 0x00, 0x2F, 0xF4,
    0x00, 0x04, 0x00, 0x2A, 0xA4, 0x00, 0xAA, 0x90, 0x00, 0x00, 0x3F, 0xFC, 0x01, 0xFF, 0xD0, 0x00,
    0x00, 0x03, 0xFD, 0x00, 0x1E, 0x00, 0x00, 0x00, 0x03, 0xBF, 0x00, 0x1D, 0x00, 0x00, 0x00, 0x03,
    0xAF, 0x40, 0x1D, 0x00, 0x7F, 0xE0, 0x03, 0x8F, 0xC0, 0x1D, 0x02, 0xF5, 0xF8, 0x07, 0x4B, 0xD0,
    0x2D, 0x03, 0xC0, 0x3C, 0x07, 0x43, 0xF0, 0x2D, 0x07, 0xC0, 0x3D, 0x07, 0x42, 0xF4, 0x2C, 0x0B,
    0x80, 0x3E, 0x07, 0x40, 0xFC, 0x2C, 0x0B, 0x80, 0x3E, 0x07, 0x40, 0xBC, 0x2C, 0x0B, 0x80, 0x3D,
    0x07, 0x40, 0x3E, 0x2C, 0x07, 0xC0, 0x3C, 0x0B, 0x40, 0x2F, 0x2C, 0x03, 0xE1, 0xF4, 0x0B, 0x00,
    0x0F, 0xBC, 0x00, 0xFF, 0xD0, 0x0B, 0x00, 0x0B, 0xFC, 0x00, 0x04, 0x00, 0x0B, 0x00, 0x03, 0xFC,
    0x00, 0x00, 0x00, 0x5F, 0x90, 0x03, 0xFC, 0x0F, 0xFF, 0xFD, 0xFF, 0xF4, 0x01, 0xFC, 0x0F, 0xFF,
    0xFC, 0x00, 0x00, 0x00, 0x00, 0x00, 0x00, 0x00, 0x00, 0x00, 0x54, 0x00, 0x00, 0x02, 0xFF, 0xFD,
    0x00, 0x01, 0xF8, 0x01, 0xBC, 0x00, 0x78, 0x00, 0x01, 0xF0, 0x0E, 0x1F, 0xFE, 0x07, 0x82, 0xC0,
    0x7D, 0x7D, 0x2C, 0x38, 0x03, 0x80, 0xF1, 0xD7, 0x40, 0x78, 0x0F, 0x0E, 0x74, 0x07, 0x81, 0xE0,
    0xE7, 0x00, 0x79, 0x7C, 0x0E, 0x74, 0x07, 0x99, 0x00, 0xE3, 0x80, 0x78, 0x00, 0x1D, 0x3C, 0x0B,
    0x80, 0x02, 0xC1, 0xE3, 0xFF, 0x40, 0x78, 0x0B, 0x80, 0x00, 0x1F, 0x00, 0x2F, 0x90, 0x1F, 0x80,
    0x00, 0x6F, 0xFF, 0xD0, 0x00, 0x00, 0x05, 0x00, 0x00, 0x01, 0x04, 0x00, 0x00, 0x00, 0x00, 0x2F,
    0xFC, 0x2F, 0xF0, 0x0F, 0xF8, 0x78, 0x2D, 0x07, 0xF0, 0x0F, 0xD0, 0xB8, 0x09, 0x07, 0xB8, 0x2F,
    0xD0, 0x7E, 0x00, 0x07, 0x3C, 0x37, 0xD0, 0x3F, 0xF4, 0x07, 0x3D, 0x73, 0xD0, 0x07, 0xFD, 0x07,
    0x1E, 0xA2, 0xD0, 0x00, 0x3E, 0x0B, 0x0F, 0xC2, 0xE0, 0xE0, 0x1E, 0x0B, 0x0B, 0xC2, 0xE0, 0xB8,
    0x3D, 0x0F, 0x40, 0x03, 0xF0, 0xAF, 0xF4, 0x3F, 0xC0, 0x0F, 0xFC, 0x00, 0x00, 0x00, 0x00, 0x00,
    0x00, 0x00, 0x00, 0x00, 0x00, 0x00, 0x00, 0x0B, 0xFF, 0xFF, 0x2F, 0xF0, 0x0B, 0xFC, 0xB4, 0xF4,
    0xB0, 0x7F, 0x40, 0xFD, 0x0E, 0x0F, 0x43, 0x43, 0xB8, 0x2F, 0xD0, 0x00, 0xF4, 0x10, 0x73, 0xC3,
    0x7D, 0x00, 0x0F, 0x40, 0x07, 0x3D, 0x72, 0xD0, 0x00, 0xF4, 0x00, 0x71, 0xFA, 0x2E, 0x00, 0x0F,
    0x40, 0x0B, 0x0F, 0xD2, 0xE0, 0x00, 0xF4, 0x00, 0xB0, 0xBC, 0x2E, 0x00, 0x1F, 0x80, 0x0F, 0x40,
    0x02, 0xF0, 0x0B, 0xFF, 0x03, 0xFC, 0x00, 0xFF, 0xC0, 0x00, 0x06, 0xFE, 0x40, 0x00, 0x07, 0xFE,
    0xFF, 0x40, 0x01, 0xF8, 0x00, 0xFD, 0x00, 0x3E, 0x00, 0x03, 0xF0, 0x0B, 0xC0, 0x00, 0x2F, 0x40,
    0xF8, 0x00, 0x00, 0xF8, 0x0F, 0x80, 0x00, 0x0F, 0xC1, 0xF4, 0x00, 0x00, 0xFC, 0x1F, 0x40, 0x00,
    0x0F, 0x81, 0xF8, 0x00, 0x01, 0xF4, 0x0F, 0xC0, 0x00, 0x2F, 0x00, 0xBD, 0x00, 0x03, 0xE0, 0x03,
    0xF0, 0x00, 0xBC, 0x03, 0x1F, 0xD0, 0x2F, 0x5C, 0x38, 0x7F, 0x0B, 0xC2, 0xC3, 0xC0, 0xB0, 0xB0,
    0x3C, 0x3F, 0xAF, 0x0F, 0xAF, 0xC3, 0xFF, 0xF0, 0xFF, 0xF8, 0x00, 0x0A, 0xFE, 0x40, 0x00, 0x0B,
    0xE5, 0xAF, 0x00, 0x03, 0xC0, 0x00, 0x2D, 0x00, 0xF0, 0x00, 0x00, 0xF0, 0x2F, 0x00, 0x00, 0x0F,
    0x83, 0xF0, 0x00, 0x00, 0xFC, 0x3F, 0x00, 0x00, 0x0F, 0xD7, 0xF0, 0x00, 0x00, 0xFD, 0xBF, 0x40,
    0x00, 0x0F, 0xEB, 0xFF, 0xFF, 0xFF, 0xFE, 0x7F, 0x00, 0x00, 0x00, 0x07, 0xF0, 0x00, 0x00, 0x00,
    0x3F, 0x00, 0x00, 0x00, 0x02, 0xF0, 0x00, 0x00, 0x00, 0x0F, 0x00, 0x00, 0x05, 0x00, 0xB8, 0x00,
    0x01, 0xD0, 0x02, 0xF4, 0x01, 0xB4, 0x00, 0x02, 0xFF, 0xF8, 0x00, 0x00, 0x00, 0x50, 0x00, 0x00,
    0x2B, 0xC0, 0x00, 0x03, 0x80, 0x01, 0xBF, 0x00, 0x00, 0x2D, 0x00, 0x00, 0x7C, 0x00, 0x01, 0xE0,
    0x00, 0x01, 0xF0, 0x00, 0x0F, 0x00, 0x00, 0x07, 0x80, 0x00, 0x78, 0x00, 0x00, 0x1E, 0x00, 0x03,
    0xC0, 0x00, 0x00, 0xB8, 0x00, 0x2D, 0x1F, 0xF4, 0x02, 0xE0, 0x00, 0xF1, 0xE1, 0xF8, 0x0B, 0x80,
    0x0B, 0x4F, 0x41, 0xF0, 0x2D, 0x00, 0x78, 0x19, 0x0B, 0x86, 0xFE, 0x03, 0xC0, 0x00, 0x7C, 0x2A,
    0xA9, 0x1E, 0x00, 0x1F, 0xD0, 0x00, 0x00, 0xF0, 0x00, 0x17, 0xF0, 0x00, 0x0B, 0x40, 0x00, 0x03,
    0xC0, 0x00, 0x3C, 0x00, 0x50, 0x0F, 0x00, 0x02, 0xD0, 0x03, 0xC0, 0xBC, 0x00, 0x1F, 0x00, 0x0F,
    0x5B, 0xC0, 0x00, 0xF0, 0x00, 0x1F, 0xF4, 0x00, 0x01, 0x00, 0x00, 0x00, 0x00, 0x00, 0x0B, 0xF8,
    0x00, 0x00, 0xB0, 0x00, 0x79, 0x7F, 0x00, 0x00, 0xF0, 0x00, 0xB0, 0x0F, 0x40, 0x03, 0xC0, 0x00,
    0xB8, 0x0F, 0x40, 0x07, 0x80, 0x00, 0x00, 0x0F, 0x00, 0x0F, 0x00, 0x00, 0x00, 0x3D, 0x00, 0x2D,
    0x00, 0x00, 0x00, 0xB8, 0x00, 0x3C, 0x2F, 0xE0, 0x02, 0xE0, 0x00, 0xB5, 0xE1, 0xBC, 0x0B, 0x42,
    0x80, 0xF2, 0xE0, 0x3C, 0x2D, 0x07, 0x83, 0xC0, 0x90, 0x7C, 0xBF, 0xFF, 0x47, 0x80, 0x00, 0xF0,
    0x6A, 0xAA, 0x0F, 0x00, 0x0F, 0xD0, 0x00, 0x00, 0x2D, 0x00, 0x05, 0xBC, 0x00, 0x00, 0x3C, 0x00,
    0x00, 0x3D, 0x00, 0x00, 0xB4, 0x00, 0x40, 0x3D, 0x00, 0x00, 0xF0, 0x03, 0xD0, 0x7C, 0x00, 0x03,
    0xC0, 0x03, 0xE6, 0xF4, 0x00, 0x07, 0x80, 0x00, 0xBF, 0x80, 0x00, 0x01, 0x00, 0x00, 0x00, 0x00,
    0x2B, 0xC0, 0x00, 0x07, 0x40, 0x01, 0xBF, 0x00, 0x00, 0x3C, 0x00, 0x00, 0x7C, 0x00, 0x02, 0xD0,
    0x00, 0x01, 0xF0, 0x00, 0x0F, 0x00, 0x00, 0x07, 0x80, 0x00, 0xB4, 0x00, 0x00, 0x1E, 0x00, 0x03,
    0xC0, 0x00, 0x00, 0xB8, 0x00, 0x3C, 0x1B, 0xF8, 0x02, 0xE0, 0x01, 0xE2, 0xE5, 0xB8, 0x0B, 0x80,
    0x0F, 0x0F, 0x00, 0xF0, 0x2D, 0x00, 0xB4, 0x3D, 0x03, 0x86, 0xFE, 0x03, 0xC0, 0xBE, 0x7C, 0x2A,
    0xA9, 0x2D, 0x00, 0xBF, 0xD0, 0x00, 0x00, 0xF0, 0x07, 0xAF, 0xD0, 0x00, 0x0F, 0x00, 0x78, 0x0B,
    0xC0, 0x00, 0x78, 0x03, 0xC0, 0x0F, 0x00, 0x03, 0xC0, 0x0F, 0x40, 0x3C, 0x00, 0x2E, 0x00, 0x1F,
    0x9B, 0xD0, 0x00, 0xF0, 0x00, 0x1B, 0xF8, 0x00, 0x01, 0x00, 0x00, 0x00, 0x00, 0x00, 0x0B, 0xF8,
    0x00, 0x01, 0xE0, 0x00, 0xF4, 0xBC, 0x00, 0x0F, 0x00, 0x07, 0xC0, 0xF4, 0x00, 0x78, 0x00, 0x0A,
    0x03, 0xC0, 0x03, 0xC0, 0x00, 0x00, 0x2D, 0x00, 0x2D, 0x00, 0x00, 0x0F, 0xE0, 0x00, 0xF0, 0x00,
    0x00, 0x16, 0xF4, 0x0B, 0x47, 0xFD, 0x00, 0x02, 0xE0, 0x78, 0xF9, 0x7D, 0x10, 0x0B, 0x83, 0xC3,
    0x80, 0x7B, 0xE0, 0x3D, 0x1E, 0x1F, 0x01, 0xDB, 0x97, 0xE0, 0xF0, 0x3F, 0x5E, 0x0B, 0xF9, 0x0B,
    0x40, 0x3F, 0xF0, 0x00, 0x00, 0x3C, 0x02, 0xEB, 0xF4, 0x00, 0x02, 0xD0, 0x2D, 0x03, 0xF0, 0x00,
    0x1E, 0x00, 0xF0, 0x07, 0xC0, 0x00, 0xF0, 0x03, 0xC0, 0x1E, 0x00, 0x07, 0x80, 0x0B, 0xD6, 0xF0,
    0x00, 0x3C, 0x00, 0x07, 0xFD, 0x00, 0x00, 0x40, 0x00, 0x00, 0x00, 0x00, 0x1A, 0xAA, 0x00, 0x02,
    0xC0, 0x00, 0xBF, 0xFC, 0x00, 0x1E, 0x00, 0x02, 0x95, 0x40, 0x00, 0xF0, 0x00, 0x0A, 0x00, 0x00,
    0x0B, 0x80, 0x00, 0x35, 0xA4, 0x00, 0x3C, 0x00, 0x00, 0xFF, 0xF8, 0x02, 0xD0, 0x00, 0x00, 0x01,
    0xF4, 0x0F, 0x1B, 0xF8, 0x00, 0x03, 0xD0, 0xF1, 0xF5, 0xBC, 0x60, 0x0F, 0x47, 0x8F, 0x00, 0xF3,
    0xD0, 0x3C, 0x3C, 0x3D, 0x03, 0xCF, 0x87, 0xD2, 0xE0, 0x7E, 0x6C, 0x0B, 0xF8, 0x0F, 0x00, 0x7F,
    0xD0, 0x00, 0x00, 0xB4, 0x07, 0xEF, 0xE0, 0x00, 0x03, 0xC0, 0x78, 0x0B, 0xD0, 0x00, 0x3C, 0x02,
    0xD0, 0x0F, 0x40, 0x01, 0xE0, 0x0B, 0x40, 0x3C, 0x00, 0x0F, 0x00, 0x0F, 0x97, 0xD0, 0x00, 0xB8,
    0x00, 0x0B, 0xF8, 0x00, 0x00, 0x40, 0x00, 0x00, 0x00, 0x00, 0x6A, 0xAA, 0x80, 0x0E, 0x00, 0x0B,
    0xFF, 0xFC, 0x02, 0xD0, 0x00, 0xB4, 0x07, 0x40, 0x78, 0x00, 0x09, 0x00, 0xD0, 0x0F, 0x00, 0x00,
    0x00, 0x3C, 0x01, 0xE0, 0x00, 0x00, 0x0B, 0x40, 0x3C, 0x00, 0x00, 0x00, 0xF0, 0x0B, 0x42, 0xFE,
    0x00, 0x2D, 0x00, 0xF1, 0xF5, 0xBC, 0x03, 0xC0, 0x2D, 0x2D, 0x03, 0xC0, 0x7C, 0x07, 0xC2, 0xE0,
    0x3C, 0x0B, 0xC0, 0xF0, 0x1F, 0xDB, 0x00, 0x68, 0x1E, 0x00, 0x7F, 0xE0, 0x00, 0x03, 0xC0, 0x1F,
    0xBF, 0x80, 0x00, 0xB4, 0x03, 0xC0, 0x7D, 0x00, 0x0F, 0x00, 0xB4, 0x03, 0xD0, 0x02, 0xD0, 0x0B,
    0x80, 0x3C, 0x00, 0x7C, 0x00, 0x3E, 0x5F, 0x80, 0x0F, 0x00, 0x00, 0xBF, 0x90, 0x00, 0x40, 0x00,
    0x00, 0x00, 0x00, 0x0B, 0x40, 0x00, 0x03, 0xC0, 0x00, 0x03, 0xD0, 0x00, 0x01, 0xFF, 0xFF, 0xFD,
    0xBF, 0xFF, 0xFF, 0x4F, 0x00, 0x00, 0x02, 0xE0, 0x00, 0x00, 0x3C, 0x00, 0x00, 0x00, 0x00, 0x00,
    0x00, 0x01, 0x80, 0x03, 0xFE, 0x0B, 0xFF, 0xF3, 0xCF, 0x2C, 0x43, 0xC1, 0x00, 0xF0, 0x00, 0x3C,
    0x00, 0x0F, 0x00, 0x03, 0xC0, 0x00, 0xF0, 0x00, 0x3C, 0x00, 0x0F, 0x00, 0x01, 0x40, 0x00, 0x00,
    0x00, 0x3C, 0x00, 0x00, 0x01, 0xF0, 0x00, 0x00, 0x0F, 0x43, 0xFF, 0xFF, 0xFC, 0x3F, 0xFF, 0xFF,
    0xC0, 0x00, 0x00, 0xF4, 0x00, 0x00, 0x1E, 0x00, 0x00, 0x03, 0xC0, 0x00, 0x00, 0x00, 0x00, 0x02,
    0xD0, 0x00, 0xB4, 0x00, 0x2D, 0x00, 0x0B, 0x00, 0x02, 0xC0, 0x00, 0xF0, 0x00, 0x3C, 0x00, 0x0F,
    0x00, 0xD3, 0xC3, 0x3E, 0xFB, 0xC7, 0xFF, 0xD0, 0x2F, 0x40, 0x00, 0x00, 0x00, 0x00, 0x6F, 0x90,
    0x00, 0xBE, 0xBE, 0x00, 0x7C, 0x03, 0xD0, 0x2F, 0x40, 0x7C, 0x07, 0xD0, 0x0F, 0x40, 0x00, 0x03,
    0xE0, 0x00, 0x00, 0xF8, 0x01, 0xA4, 0x3E, 0x02, 0xFF, 0xDF, 0x82, 0xF8, 0x2F, 0xE1, 0xF8, 0x03,
    0xF8, 0xBC, 0x00, 0xFD, 0x3F, 0x00, 0x2F, 0x0F, 0xC0, 0x0F, 0xC3, 0xF0, 0x03, 0xD0, 0xFC, 0x02,
    0xF0, 0x1F, 0x82, 0xF0, 0x01, 0xFF, 0xE0, 0x00, 0x05, 0x40, 0x00, 0x00, 0x00, 0x00, 0x04, 0x00,
    0x00, 0x00, 0x09, 0x00, 0x02, 0xFB, 0xE7, 0x00, 0x0A, 0x00, 0x07, 0x80, 0x0D, 0x00, 0x02, 0x68,
    0x09, 0x00, 0x01, 0x83, 0x43, 0x00, 0x00, 0xC0, 0x32, 0x40, 0x00, 0x90, 0x0C, 0x80, 0x00, 0x60,
    0x02, 0x70, 0x00, 0x30, 0x00, 0x6C, 0x00, 0x24, 0x00, 0x1A, 0x00, 0x18, 0x00, 0x09, 0x60, 0x0C,
    0x00, 0x03, 0x0C, 0x08, 0x00, 0x01, 0x81, 0x86, 0x00, 0x00, 0xC0, 0x2B, 0x00, 0x00, 0xD0, 0x03,
    0xC0, 0x01, 0xD0, 0x02, 0x5B, 0xAB, 0x80, 0x00, 0xC0, 0x00, 0x00, 0x00, 0x00, 0x00, 0x00, 0x00,
    0x00, 0x01, 0x90, 0x00, 0x00, 0x2F, 0xC0, 0x00, 0x00, 0xFF, 0x00, 0x00, 0x07, 0x7E, 0x00, 0x00,
    0x3C, 0xFC, 0x00, 0x00, 0xD2, 0xF0, 0x00, 0x0B, 0x07, 0xD0, 0x00, 0x38, 0x0F, 0x80, 0x01, 0xD0,
    0x3F, 0x00, 0x0B, 0x00, 0xBD, 0x00, 0x38, 0x01, 0xF8, 0x01, 0xD0, 0x03, 0xF0, 0x0F, 0x00, 0x0B,
    0xC0, 0x78, 0x00, 0x1F, 0x82, 0xC0, 0x00, 0x3F, 0x0F, 0x00, 0x00, 0xFC, 0x7F, 0xFF, 0xFF, 0xF5,
    0xFF, 0xFF, 0xFF, 0xD0, 0x1A, 0xAA, 0xAA, 0xAA, 0xA8, 0x3F, 0xFF, 0xFF, 0xFF, 0xFC, 0x03, 0xF0,
    0x00, 0x0B, 0xC0, 0x03, 0xF0, 0x00, 0x0B, 0xC0, 0x03, 0xF0, 0x00, 0x0F, 0xC0, 0x03, 0xE0, 0x00,
    0x0F, 0xC0, 0x03, 0xE0, 0x00, 0x0F, 0xC0, 0x03, 0xE0, 0x00, 0x0F, 0xC0, 0x03, 0xE0, 0x00, 0x0F,
    0xC0, 0x03, 0xE0, 0x00, 0x0F, 0x80, 0x03, 0xD0, 0x00, 0x0F, 0x80, 0x07, 0xD0, 0x00, 0x0F, 0x80,
    0x07, 0xD0, 0x00, 0x0F, 0x80, 0x07, 0xD0, 0x00, 0x0F, 0x80, 0x07, 0xD0, 0x00, 0x1F, 0x40, 0x07,
    0xD0, 0x00, 0x1F, 0x40, 0x0B, 0xC0, 0x00, 0x1F, 0x40, 0x0B, 0xC0, 0x00, 0x1F, 0x40, 0x0B, 0xC0,
    0x00, 0x1F, 0x40, 0x0B, 0xC0, 0x00, 0x2F, 0x40, 0xBF, 0xFC, 0x01, 0xFF, 0xF4, 0xAA, 0xA8, 0x01,
    0xAA, 0xA0, 0x0A, 0xAA, 0xAA, 0xA0, 0x7F, 0xFF, 0xFF, 0xD0, 0xFD, 0x00, 0x1F, 0x41, 0xFC, 0x00,
    0x2E, 0x03, 0xF8, 0x00, 0x38, 0x07, 0xF0, 0x00, 0x40, 0x0B, 0xF0, 0x00, 0x00, 0x0F, 0xD0, 0x00,
    0x00, 0x2F, 0xC0, 0x00, 0x00, 0x3F, 0x40, 0x00, 0x00, 0x7F, 0x00, 0x00, 0x00, 0xF4, 0x00, 0x00,
    0x0B, 0x80, 0x00, 0x00, 0x7C, 0x00, 0x00, 0x03, 0xD0, 0x00, 0x00, 0x3E, 0x00, 0x00, 0x02, 0xF0,
    0x00, 0x24, 0x1F, 0x00, 0x01, 0xD0, 0xF4, 0x00, 0x0F, 0x4B, 0x80, 0x00, 0xBC, 0x3F, 0xFF, 0xFF,
    0xF0, 0xAA, 0xAA, 0xAA, 0x80, 0x2A, 0xAA, 0xA9, 0x3F, 0xFF, 0xFE, 0x15, 0x55, 0x54, 0x00, 0x00,
    0x0B, 0x00, 0x00, 0x07, 0x80, 0x00, 0x03, 0xC0, 0x00, 0x02, 0xE0, 0x00, 0x00, 0xF0, 0x00, 0x00,
    0xB4, 0x00, 0x00, 0x3C, 0x00, 0x00, 0x3C, 0x00, 0x00, 0x1E, 0x00, 0x00, 0x0F, 0x00, 0x00, 0x0B,
    0x80, 0x00, 0x03, 0xC0, 0x00, 0x02, 0xD0, 0x00, 0x00, 0xF0, 0x00, 0x00, 0xF0, 0x00, 0x00, 0x78,
    0x00, 0x00, 0x3C, 0x00, 0x00, 0x2E, 0x00, 0x00, 0x01, 0x00, 0x00, 0x00, 0x19, 0x1F, 0xDB, 0xF9,
    0xFC, 0x00, 0x00, 0x00, 0x00, 0x00, 0x70, 0x00, 0x00, 0x02, 0xC0, 0x00, 0x00, 0x0F, 0x00, 0x00,
    0x00, 0x78, 0x00, 0x00, 0x02, 0xC0, 0x00, 0x00, 0x0F, 0x00, 0x00, 0x00, 0x38, 0x05, 0x50, 0x01,
    0xD0, 0x3F, 0xE0, 0x0B, 0x00, 0x5F, 0xC0, 0x3C, 0x00, 0x3F, 0x41, 0xE0, 0x00, 0x7E, 0x0B, 0x00,
    0x00, 0xFC, 0x3C, 0x00, 0x02, 0xF4, 0xE0, 0x00, 0x07, 0xF7, 0x40, 0x00, 0x0F, 0xFC, 0x00, 0x00,
    0x1F, 0xF0, 0x00, 0x00, 0x3F, 0x80, 0x00, 0x00, 0xBC, 0x00, 0x00, 0x05, 0x40, 0x01, 0x00, 0xFF,
    0xD1, 0xFF, 0x4B, 0xEF, 0xFE, 0x0F, 0x3C, 0x0F, 0xD0, 0x2C, 0xF0, 0x2F, 0xD0, 0xF2, 0xE6, 0xDB,
    0xFF, 0x82, 0xF8, 0x07, 0xF8, 0x00, 0x00, 0x00, 0x00, 0x00, 0x01, 0xBE, 0x00, 0x01, 0xE7, 0xE0,
    0x00, 0xF0, 0xFC, 0x00, 0xB8, 0x3E, 0x00, 0x3D, 0x00, 0x00, 0x0F, 0x80, 0x00, 0x03, 0xE0, 0x00,
    0x00, 0xF8, 0x00, 0x00, 0x3F, 0x00, 0x00, 0x0F, 0xC0, 0x00, 0x03, 0xF0, 0x00, 0x00, 0xFC, 0x00,
    0x00, 0x2F, 0x40, 0x00, 0x0B, 0xD0, 0x00, 0x01, 0xF4, 0x00, 0x00, 0x7E, 0x00, 0x00, 0x0F, 0x80,
    0x00, 0x03, 0xD0, 0x00, 0x00, 0xF4, 0x01, 0xF4, 0x3C, 0x00, 0xBC, 0x1E, 0x00, 0x1F, 0x6F, 0x00,
    0x01, 0xFE, 0x00, 0x00, 0x00, 0x00, 0x00, 0x0F, 0xF9, 0x4E, 0x2F, 0xFF, 0xFD, 0x24, 0x06, 0xF4,
    0x00, 0x00, 0x00, 0x05, 0x40, 0x04, 0x1F, 0xFE, 0x6D, 0x3E, 0xFF, 0xFC, 0x20, 0x05, 0xA0, 0x00,
    0x00, 0x00, 0x00, 0x00, 0xD0, 0x00, 0x02, 0xD0, 0x00, 0x03, 0xC0, 0x2F, 0xFF, 0xFE, 0x3F, 0xFF,
    0xFE, 0x00, 0x1F, 0x00, 0x00, 0x2D, 0x00, 0x15, 0x7D, 0x54, 0x3F, 0xFF, 0xFD, 0x2A, 0xFA, 0xA9,
    0x01, 0xE0, 0x00, 0x02, 0xD0, 0x00, 0x02, 0xC0, 0x00, 0x00, 0x00, 0x00, 0x00, 0x00, 0x00, 0x00,
    0x00, 0x2D, 0x00, 0x02, 0xFD, 0x00, 0x2F, 0xD0, 0x02, 0xF8, 0x00, 0x2F, 0x80, 0x00, 0x2F, 0x80,
    0x00, 0x07, 0xF8, 0x00, 0x00, 0x7F, 0x80, 0x00, 0x07, 0xF8, 0x00, 0x00, 0x7C, 0x00, 0x00, 0x00,
    0x3F, 0xFF, 0xFC, 0x3F, 0xFF, 0xFC, 0x00, 0x00, 0x01, 0xE0, 0x00, 0x07, 0xF8, 0x00, 0x01, 0xFE,
    0x00, 0x00, 0x6F, 0x80, 0x00, 0x0B, 0xD0, 0x00, 0x2F, 0x40, 0x1F, 0xE0, 0x07, 0xF8, 0x01, 0xFE,
    0x00, 0x0B, 0x80, 0x00, 0x00, 0x00, 0x00, 0xBF, 0xFF, 0xF3, 0xFF, 0xFF, 0xC0, 0x00, 0x00, 0x69,
    0x00, 0x00, 0x01, 0xFF, 0xF8, 0x00, 0x02, 0xF0, 0x1F, 0x40, 0x00, 0xF0, 0x0B, 0xD0, 0x00, 0xBC,
    0x01, 0xF0, 0x00, 0x3F, 0x00, 0x00, 0x00, 0x0F, 0xC0, 0x00, 0x00, 0x2B, 0xFA, 0xAA, 0x80, 0x0F,
    0xFF, 0xFF, 0xF8, 0x00, 0x3E, 0x00, 0x3F, 0x00, 0x0F, 0x80, 0x0F, 0xC0, 0x03, 0xE0, 0x03, 0xE0,
    0x00, 0xF8, 0x00, 0xF8, 0x00, 0x3E, 0x00, 0x3E, 0x00, 0x0F, 0x80, 0x0F, 0x40, 0x03, 0xD0, 0x03,
    0xD0, 0x00, 0xF4, 0x01, 0xF4, 0x00, 0x7D, 0x00, 0x7D, 0x00, 0x1F, 0x40, 0x1F, 0xA8, 0x07, 0xC0,
    0x03, 0xFD, 0x01, 0xF0, 0x00, 0x10, 0x00, 0x78, 0x00, 0x00, 0x00, 0x2C, 0x00, 0x00, 0x02, 0xEE,
    0x00, 0x00, 0x00, 0xFF, 0x00, 0x00, 0x00, 0x1A, 0x00, 0x00, 0x00, 0x00, 0x00, 0x00, 0x65, 0x00,
    0x00, 0x00, 0xBF, 0xFE, 0xC0, 0x00, 0x2E, 0x02, 0xFC, 0x00, 0x03, 0xC0, 0x2F, 0xC0, 0x00, 0xBC,
    0x01, 0xFC, 0x00, 0x0F, 0xC0, 0x0B, 0xC0, 0x00, 0xFC, 0x00, 0xFC, 0x00, 0xAF, 0xEA, 0x0F, 0x80,
    0x0F, 0xFF, 0xF0, 0xF8, 0x00, 0x0F, 0x80, 0x0F, 0x80, 0x00, 0xF8, 0x00, 0xF8, 0x00, 0x0F, 0x80,
    0x0F, 0x80, 0x00, 0xF8, 0x00, 0xF8, 0x00, 0x0F, 0x80, 0x0F, 0x80, 0x00, 0xF8, 0x00, 0xF8, 0x00,
    0x0F, 0x40, 0x0F, 0x40, 0x00, 0xF4, 0x00, 0xF4, 0x00, 0x1F, 0x40, 0x0F, 0x40, 0x01, 0xF0, 0x00,
    0xF9, 0xC0, 0x1F, 0x00, 0x0F, 0xF4, 0x01, 0xF0, 0x00, 0x14, 0x00, 0x1E, 0x00, 0x00, 0x00, 0x02,
    0xC0, 0x00, 0x00, 0x0B, 0xB8, 0x00, 0x00, 0x00, 0xFF, 0x00, 0x00, 0x00, 0x06, 0x80, 0x00, 0x00,
    0x00
};

static const EpdGlyph PROGMEM literata_small_italic_2bGlyphs[] = {
    {0, 0, 5, 0, 0, 0, 0},
    {5, 19, 9, 2, 18, 24, 0},
    {8, 7, 10, 2, 20, 14, 24},
    {16, 15, 17, 1, 14, 60, 38},
    {12, 23, 13, 1, 20, 69, 98},
    {19, 16, 21, 1, 15, 76, 167},
    {18, 19, 19, 1, 18, 86, 243},
    {4, 7, 7, 2, 20, 7, 329},
    {7, 27, 9, 2, 21, 48, 336},
    {8, 27, 9, 0, 21, 54, 384},
    {9, 10, 12, 2, 20, 23, 438},
    {11, 11, 15, 2, 13, 31, 461},
    {5, 9, 9, 2, 4, 12, 492},
    {8, 3, 9, 1, 9, 6, 504},
    {5, 5, 8, 2, 4, 7, 510},
    {12, 24, 11, 0, 21, 72, 517},
    {14, 19, 15, 1, 18, 67, 589},
    {10, 18, 10, 0, 18, 45, 656},
    {13, 18, 13, 0, 18, 59, 701},
    {13, 19, 14, 0, 18, 62, 760},
    {14, 18, 14, 0, 18, 63, 822},
    {13, 19, 13, 0, 18, 62, 885},
    {13, 19, 14, 1, 18, 62, 947},
    {13, 18, 13, 1, 18, 59, 1009},
    {12, 19, 14, 1, 18, 57, 1068},
    {13, 19, 14, 1, 18, 62, 1125},
    {5, 15, 8, 2, 14, 19, 1187},
    {6, 19, 9, 1, 14, 29, 1206},
    {12, 14, 15, 1, 14, 42, 1235},
    {12, 7, 15, 2, 11, 21, 1277},
    {11, 14, 15, 2, 14, 39, 1298},
    {11, 19, 13, 1, 18, 53, 1337},
    {21, 20, 22, 1, 15, 105, 1390},
    {18, 18, 18, 0, 18, 81, 1495},
    {15, 18, 16, 1, 18, 68, 1576},
    {15, 19, 16, 1, 18, 72, 1644},
    {17, 18, 19, 1, 18, 77, 1716},
    {14, 18, 15, 1, 18, 63, 1793},
    {14, 18, 14, 1, 18, 63, 1856},
    {15, 19, 17, 1, 18, 72, 1919},
    {18, 18, 19, 1, 18, 81, 1991},
    {8, 18, 9, 1, 18, 36, 2072},
    {9, 24, 10, 0, 18, 54, 2108},
    {17, 19, 18, 1, 18, 81, 2162},
    {14, 18, 15, 1, 18, 63, 2243},
    {23, 19, 24, 1, 18, 110, 2306},
    {18, 19, 19, 1, 18, 86, 2416},
    {17, 19, 18, 1, 18, 81, 2502},
    {14, 18, 15, 1, 18, 63, 2583},
    {18, 23, 18, 1, 18, 104, 2646},
    {17, 19, 17, 1, 18, 81, 2750},
    {12, 19, 13, 1, 18, 57, 2831},
    {17, 18, 16, 0, 18, 77, 2888},
    {18, 19, 19, 1, 18, 86, 2965},
    {19, 19, 18, 0, 18, 91, 3051},
    {26, 19, 25, 0, 18, 124, 3142},
    {18, 18, 18, 0, 18, 81, 3266},
    {18, 18, 17, 0, 18, 81, 3347},
    {14, 18, 16, 1, 18, 63, 3428},
    {7, 27, 9, 2, 21, 48, 3491},
    {11, 24, 11, 0, 21, 66, 3539},
    {7, 27, 9, 0, 21, 48, 3605},
    {14, 10, 15, 1, 18, 35, 3653},
    {13, 3, 13, 0, 0, 10, 3688},
    {6, 6, 12, 3, 20, 9, 3698},
    {14, 15, 15, 1, 14, 53, 3707},
    {14, 21, 15, 0, 20, 74, 3760},
    {11, 15, 12, 1, 14, 42, 3834},
    {14, 21, 15, 1, 20, 74, 3876},
    {11, 15, 12, 1, 14, 42, 3950},
    {14, 26, 10, -1, 20, 91, 3992},
    {12, 20, 14, 1, 14, 60, 4083},
    {15, 21, 15, 0, 20, 79, 4143},
    {8, 20, 8, 0, 19, 40, 4222},
    {7, 25, 8, -1, 19, 44, 4262},
    {14, 21, 14, 0, 20, 74, 4306},
    {8, 21, 7, 0, 20, 42, 4380},
    {23, 15, 22, 0, 14, 87, 4422},
    {15, 15, 15, 0, 14, 57, 4509},
    {12, 15, 14, 1, 14, 45, 4566},
    {14, 20, 15, 0, 14, 70, 4611},
    {14, 20, 14, 1, 14, 70, 4681},
    {12, 14, 12, 0, 14, 42, 4751},
    {11, 15, 11, 0, 14, 42, 4793},
    {10, 18, 10, 0, 17, 45, 4835},
    {15, 15, 15, 0, 14, 57, 4880},
    {13, 15, 14, 0, 14, 49, 4937},
    {19, 15, 20, 0, 14, 72, 4986},
    {14, 15, 14, 0, 14, 53, 5058},
    {13, 20, 14, 0, 14, 65, 5111},
    {11, 14, 12, 1, 13, 39, 5176},
    {9, 27, 9, 1, 21, 61, 5215},
    {3, 24, 11, 4, 21, 18, 5276},
    {9, 27, 9, 0, 21, 61, 5294},
    {13, 5, 15, 2, 10, 17, 5355},
    {0, 0, 5, 0, 0, 0, 5372},
    {6, 20, 9, 1, 14, 30, 5372},
    {11, 18, 12, 1, 17, 50, 5402},
    {15, 19, 15, 0, 18, 72, 5452},
    {12, 12, 14, 1, 14, 36, 5524},
    {18, 18, 17, 0, 18, 81, 5560},
    {3, 24, 11, 4, 21, 18, 5641},
    {13, 22, 16, 2, 18, 72, 5659},
    {10, 4, 13, 2, 19, 10, 5731},
    {18, 18, 20, 1, 17, 81, 5741},
    {11, 10, 11, 1, 19, 28, 5822},
    {12, 11, 13, 1, 12, 33, 5850},
    {12, 7, 15, 1, 10, 21, 5883},
    {0, 0, 0, 0, 0, 0, 5904},
    {10, 11, 12, 1, 20, 28, 5904},
    {8, 3, 13, 3, 18, 6, 5932},
    {7, 7, 8, 1, 20, 13, 5938},
    {12, 14, 15, 1, 14, 42, 5951},
    {9, 12, 10, 1, 21, 27, 5993},
    {9, 12, 10, 1, 21, 27, 6020},
    {6, 6, 13, 4, 20, 9, 6047},
    {14, 19, 15, 0, 13, 67, 6056},
    {14, 24, 15, 1, 18, 84, 6123},
    {5, 5, 8, 2, 10, 7, 6207},
    {7, 7, 13, 3, 1, 13, 6214},
    {7, 12, 8, 1, 21, 21, 6227},
    {10, 10, 11, 1, 19, 25, 6248},
    {12, 11, 13, 1, 12, 33, 6273},
    {22, 19, 24, 1, 18, 105, 6306},
    {23, 19, 24, 1, 18, 110, 6411},
    {23, 19, 25, 1, 18, 110, 6521},
    {12, 20, 13, 1, 14, 60, 6631},
    {18, 24, 18, 0, 24, 108, 6691},
    {18, 24, 18, 0, 24, 108, 6799},
    {18, 24, 18, 0, 24, 108, 6907},
    {18, 23, 18, 0, 23, 104, 7015},
    {18, 23, 18, 0, 23, 104, 7119},
    {18, 24, 18, 0, 24, 108, 7223},
    {23, 18, 23, 0, 18, 104, 7331},
    {15, 24, 16, 1, 18, 90, 7435},
    {14, 24, 15, 1, 24, 84, 7525},
    {14, 24, 15, 1, 24, 84, 7609},
    {14, 24, 15, 1, 24, 84, 7693},
    {14, 23, 15, 1, 23, 81, 7777},
    {8, 24, 9, 1, 24, 48, 7858},
    {8, 24, 9, 1, 24, 48, 7906},
    {9, 24, 9, 1, 24, 54, 7954},
    {9, 23, 9, 1, 23, 52, 8008},
    {18, 18, 19, 0, 18, 81, 8060},
    {18, 24, 19, 1, 23, 108, 8141},
    {17, 25, 18, 1, 24, 107, 8249},
    {17, 25, 18, 1, 24, 107, 8356},
    {17, 25, 18, 1, 24, 107, 8463},
    {17, 24, 18, 1, 23, 102, 8570},
    {17, 24, 18, 1, 23, 102, 8672},
    {10, 11, 14, 2, 13, 28, 8774},
    {17, 19, 18, 1, 18, 81, 8802},
    {18, 25, 19, 1, 24, 113, 8883},
    {18, 25, 19, 1, 24, 113, 8996},
    {18, 25, 19, 1, 24, 113, 9109},
    {18, 24, 19, 1, 23, 108, 9222},
    {18, 24, 17, 0, 24, 108, 9330},
    {14, 18, 16, 1, 18, 63, 9438},
    {18, 26, 17, -2, 20, 117, 9501},
    {14, 21, 15, 1, 20, 74, 9618},
    {14, 21, 15, 1, 20, 74, 9692},
    {14, 21, 15, 1, 20, 74, 9766},
    {14, 20, 15, 1, 19, 70, 9840},
    {14, 20, 15, 1, 19, 70, 9910},
    {14, 21, 15, 1, 20, 74, 9980},
    {18, 15, 20, 1, 14, 68, 10054},
    {11, 20, 12, 1, 14, 55, 10122},
    {11, 21, 12, 1, 20, 58, 10177},
    {11, 21, 12, 1, 20, 58, 10235},
    {11, 21, 12, 1, 20, 58, 10293},
    {11, 20, 12, 1, 19, 55, 10351},
    {8, 21, 8, 0, 20, 42, 10406},
    {8, 21, 8, 0, 20, 42, 10448},
    {9, 21, 8, -1, 20, 48, 10490},
    {9, 20, 8, -1, 19, 45, 10538},
    {12, 21, 14, 1, 20, 63, 10583},
    {15, 20, 15, 0, 19, 75, 10646},
    {12, 21, 14, 1, 20, 63, 10721},
    {12, 21, 14, 1, 20, 63, 10784},
    {12, 21, 14, 1, 20, 63, 10847},
    {12, 20, 14, 1, 19, 60, 10910},
    {12, 20, 14, 1, 19, 60, 10970},
    {12, 13, 15, 1, 14, 39, 11030},
    {14, 15, 14, 0, 14, 53, 11069},
    {15, 21, 15, 0, 20, 79, 11122},
    {15, 21, 15, 0, 20, 79, 11201},
    {15, 21, 15, 0, 20, 79, 11280},
    {15, 20, 15, 0, 19, 75, 11359},
    {13, 26, 14, 0, 20, 85, 11434},
    {14, 26, 15, 0, 20, 91, 11519},
    {13, 25, 14, 0, 19, 82, 11610},
    {18, 22, 18, 0, 22, 99, 11692},
    {14, 19, 15, 1, 18, 67, 11791},
    {18, 24, 18, 0, 24, 108, 11858},
    {14, 21, 15, 1, 20, 74, 11966},
    {18, 24, 18, 0, 18, 108, 12040},
    {14, 20, 15, 1, 14, 70, 12148},
    {15, 25, 16, 1, 24, 94, 12218},
    {11, 21, 12, 1, 20, 58, 12312},
    {15, 25, 16, 1, 24, 94, 12370},
    {11, 21, 12, 1, 20, 58, 12464},
    {15, 24, 16, 1, 23, 90, 12522},
    {11, 20, 12, 1, 19, 55, 12612},
    {15, 25, 16, 1, 24, 94, 12667},
    {11, 21, 12, 1, 20, 58, 12761},
    {17, 24, 19, 1, 24, 102, 12819},
    {17, 21, 18, 1, 20, 90, 12921},
    {18, 18, 19, 0, 18, 81, 13011},
    {14, 21, 15, 1, 20, 74, 13092},
    {14, 22, 15, 1, 22, 77, 13166},
    {11, 19, 12, 1, 18, 53, 13243},
    {14, 24, 15, 1, 24, 84, 13296},
    {11, 21, 12, 1, 20, 58, 13380},
    {14, 23, 15, 1, 23, 81, 13438},
    {11, 20, 12, 1, 19, 55, 13519},
    {14, 24, 15, 1, 18, 84, 13574},
    {11, 20, 12, 1, 14, 55, 13658},
    {14, 24, 15, 1, 24, 84, 13713},
    {11, 21, 12, 1, 20, 58, 13797},
    {15, 25, 17, 1, 24, 94, 13855},
    {12, 26, 14, 1, 20, 78, 13949},
    {15, 25, 17, 1, 24, 94, 14027},
    {12, 26, 14, 1, 20, 78, 14121},
    {15, 24, 17, 1, 23, 90, 14199},
    {12, 25, 14, 1, 19, 75, 14289},
    {15, 24, 17, 1, 18, 90, 14364},
    {12, 26, 14, 1, 20, 78, 14454},
    {18, 24, 19, 1, 24, 108, 14532},
    {17, 26, 15, -2, 25, 111, 14640},
    {19, 18, 19, 1, 18, 86, 14751},
    {15, 21, 15, 0, 20, 79, 14837},
    {9, 23, 9, 1, 23, 52, 14916},
    {9, 20, 8, -1, 19, 45, 14968},
    {9, 22, 9, 1, 22, 50, 15013},
    {9, 19, 8, -1, 18, 43, 15063},
    {9, 24, 9, 1, 24, 54, 15106},
    {9, 21, 8, -1, 20, 48, 15160},
    {8, 24, 9, 1, 18, 48, 15208},
    {8, 25, 8, 0, 19, 50, 15256},
    {8, 23, 9, 1, 23, 46, 15306},
    {8, 15, 8, 0, 14, 30, 15352},
    {18, 24, 19, 1, 18, 108, 15382},
    {14, 25, 15, 0, 19, 88, 15490},
    {10, 30, 10, 0, 24, 75, 15578},
    {9, 26, 8, -1, 20, 59, 15653},
    {17, 25, 18, 1, 18, 107, 15712},
    {14, 27, 14, 0, 20, 95, 15819},
    {15, 15, 14, 0, 14, 57, 15914},
    {14, 24, 15, 1, 24, 84, 15971},
    {8, 26, 7, 0, 25, 52, 16055},
    {14, 25, 15, 1, 18, 88, 16107},
    {8, 27, 7, 0, 20, 54, 16195},
    {14, 20, 15, 1, 20, 70, 16249},
    {10, 21, 10, 0, 20, 53, 16319},
    {14, 18, 15, 1, 18, 63, 16372},
    {11, 21, 10, 0, 20, 58, 16435},
    {15, 18, 15, 0, 18, 68, 16493},
    {9, 21, 8, 0, 20, 48, 16561},
    {18, 25, 19, 1, 24, 113, 16609},
    {15, 21, 15, 0, 20, 79, 16722},
    {18, 25, 19, 1, 18, 113, 16801},
    {15, 21, 15, 0, 14, 79, 16914},
    {18, 25, 19, 1, 24, 113, 16993},
    {15, 21, 15, 0, 20, 79, 17106},
    {19, 21, 18, 0, 20, 100, 17185},
    {18, 24, 19, 1, 18, 108, 17285},
    {14, 20, 15, 0, 14, 70, 17393},
    {17, 23, 18, 1, 22, 98, 17463},
    {12, 19, 14, 1, 18, 57, 17561},
    {17, 25, 18, 1, 24, 107, 17618},
    {12, 21, 14, 1, 20, 63, 17725},
    {17, 25, 18, 1, 24, 107, 17788},
    {13, 21, 14, 1, 20, 69, 17895},
    {24, 19, 25, 1, 18, 114, 17964},
    {19, 15, 21, 1, 14, 72, 18078},
    {17, 25, 17, 1, 24, 107, 18150},
    {12, 20, 12, 0, 20, 60, 18257},
    {17, 25, 17, 1, 18, 107, 18317},
    {12, 21, 12, 0, 14, 63, 18424},
    {17, 25, 17, 1, 24, 107, 18487},
    {12, 20, 12, 0, 20, 60, 18594},
    {12, 25, 13, 1, 24, 75, 18654},
    {11, 21, 11, 0, 20, 58, 18729},
    {12, 25, 13, 1, 24, 75, 18787},
    {11, 21, 11, 0, 20, 58, 18862},
    {12, 24, 13, 1, 18, 72, 18920},
    {11, 20, 11, 0, 14, 55, 18992},
    {12, 25, 13, 1, 24, 75, 19047},
    {11, 21, 11, 0, 20, 58, 19122},
    {17, 24, 16, 0, 18, 102, 19180},
    {10, 23, 10, 0, 17, 58, 19282},
    {17, 24, 16, 0, 24, 102, 19340},
    {11, 22, 11, 0, 21, 61, 19442},
    {17, 18, 16, 0, 18, 77, 19503},
    {10, 18, 10, 0, 17, 45, 19580},
    {18, 24, 19, 1, 23, 108, 19625},
    {15, 20, 15, 0, 19, 75, 19733},
    {18, 23, 19, 1, 22, 104, 19808},
    {15, 19, 15, 0, 18, 72, 19912},
    {18, 25, 19, 1, 24, 113, 19984},
    {15, 21, 15, 0, 20, 79, 20097},
    {18, 25, 19, 1, 24, 113, 20176},
    {15, 21, 15, 0, 20, 79, 20289},
    {18, 25, 19, 1, 24, 113, 20368},
    {15, 21, 15, 0, 20, 79, 20481},
    {18, 24, 19, 1, 18, 108, 20560},
    {15, 20, 15, 0, 14, 75, 20668},
    {26, 25, 25, 0, 24, 163, 20743},
    {19, 21, 20, 0, 20, 100, 20906},
    {18, 24, 17, 0, 24, 108, 21006},
    {13, 26, 14, 0, 20, 85, 21114},
    {18, 23, 17, 0, 23, 104, 21199},
    {14, 24, 16, 1, 24, 84, 21303},
    {11, 21, 12, 1, 20, 58, 21387},
    {14, 23, 16, 1, 23, 81, 21445},
    {11, 20, 12, 1, 19, 55, 21526},
    {14, 24, 16, 1, 24, 84, 21581},
    {11, 21, 12, 1, 20, 58, 21665},
    {15, 19, 17, 1, 18, 72, 21723},
    {17, 23, 15, -2, 18, 98, 21795},
    {20, 21, 21, 1, 20, 105, 21893},
    {15, 18, 15, 1, 17, 68, 21998},
    {21, 20, 21, 1, 19, 105, 22066},
    {18, 18, 17, 0, 17, 81, 22171},
    {32, 24, 34, 1, 24, 192, 22252},
    {29, 21, 31, 1, 20, 153, 22444},
    {26, 21, 27, 1, 20, 137, 22597},
    {23, 24, 24, 1, 18, 138, 22734},
    {20, 25, 23, 1, 19, 125, 22872},
    {14, 26, 15, 0, 20, 91, 22997},
    {27, 24, 28, 1, 18, 162, 23088},
    {24, 25, 26, 1, 19, 150, 23250},
    {21, 25, 23, 0, 19, 132, 23400},
    {18, 24, 18, 0, 24, 108, 23532},
    {14, 21, 15, 1, 20, 74, 23640},
    {9, 24, 9, 1, 24, 54, 23714},
    {9, 21, 8, -1, 20, 48, 23768},
    {17, 25, 18, 1, 24, 107, 23816},
    {12, 21, 14, 1, 20, 63, 23923},
    {18, 25, 19, 1, 24, 113, 23986},
    {15, 21, 15, 0, 20, 79, 24099},
    {18, 28, 19, 1, 27, 126, 24178},
    {15, 24, 15, 0, 23, 90, 24304},
    {18, 30, 19, 1, 29, 135, 24394},
    {15, 26, 15, 0, 25, 98, 24529},
    {18, 30, 19, 1, 29, 135, 24627},
    {15, 26, 15, 0, 25, 98, 24762},
    {18, 30, 19, 1, 29, 135, 24860},
    {15, 26, 15, 0, 25, 98, 24995},
    {15, 25, 17, 1, 24, 94, 25093},
    {12, 26, 14, 1, 20, 78, 25187},
    {17, 24, 18, 1, 18, 102, 25265},
    {12, 20, 14, 1, 14, 60, 25367},
    {18, 27, 18, 0, 27, 122, 25427},
    {14, 27, 15, 1, 26, 95, 25549},
    {23, 24, 23, 0, 24, 138, 25644},
    {18, 21, 20, 1, 20, 95, 25782},
    {17, 25, 18, 1, 24, 107, 25877},
    {14, 21, 14, 0, 20, 74, 25984},
    {18, 24, 18, 0, 24, 108, 26058},
    {14, 21, 15, 1, 20, 74, 26166},
    {18, 24, 18, 0, 24, 108, 26240},
    {14, 21, 15, 1, 20, 74, 26348},
    {14, 24, 15, 1, 24, 84, 26422},
    {11, 21, 12, 1, 20, 58, 26506},
    {14, 24, 15, 1, 24, 84, 26564},
    {11, 21, 12, 1, 20, 58, 26648},
    {11, 24, 9, -2, 24, 66, 26706},
    {11, 21, 8, -3, 20, 58, 26772},
    {9, 24, 9, 1, 24, 54, 26830},
    {9, 21, 8, -1, 20, 48, 26884},
    {17, 25, 18, 1, 24, 107, 26932},
    {12, 21, 14, 1, 20, 63, 27039},
    {17, 25, 18, 1, 24, 107, 27102},
    {12, 21, 14, 1, 20, 63, 27209},
    {17, 25, 17, 1, 24, 107, 27272},
    {12, 20, 12, 0, 20, 60, 27379},
    {17, 25, 17, 1, 24, 107, 27439},
    {12, 20, 12, 0, 20, 60, 27546},
    {18, 25, 19, 1, 24, 113, 27606},
    {15, 21, 15, 0, 20, 79, 27719},
    {18, 25, 19, 1, 24, 113, 27798},
    {15, 21, 15, 0, 20, 79, 27911},
    {12, 25, 13, 1, 18, 75, 27990},
    {11, 21, 11, 0, 14, 58, 28065},
    {17, 25, 16, 0, 18, 107, 28123},
    {10, 24, 10, 0, 17, 60, 28230},
    {17, 28, 18, 1, 27, 119, 28290},
    {12, 24, 14, 1, 23, 72, 28409},
    {17, 28, 18, 1, 27, 119, 28481},
    {12, 24, 14, 1, 23, 72, 28600},
    {17, 28, 18, 1, 27, 119, 28672},
    {12, 24, 14, 1, 23, 72, 28791},
    {18, 22, 17, 0, 22, 99, 28863},
    {13, 24, 14, 0, 18, 78, 28962},
    {7, 20, 8, -1, 14, 35, 29040},
    {14, 15, 15, 1, 14, 53, 29075},
    {12, 15, 12, 0, 14, 45, 29128},
    {12, 20, 14, 1, 14, 60, 29173},
    {6, 6, 0, -3, 20, 9, 29233},
    {6, 6, 0, -2, 20, 9, 29242},
    {9, 6, 0, -4, 20, 14, 29251},
    {9, 4, 0, -4, 19, 9, 29265},
    {9, 3, 0, -4, 18, 7, 29274},
    {9, 6, 0, -4, 20, 14, 29281},
    {5, 4, 0, -2, 19, 5, 29295},
    {9, 4, 0, -4, 19, 9, 29300},
    {7, 7, 0, -3, 21, 13, 29309},
    {7, 6, 0, -3, 20, 11, 29322},
    {10, 6, 0, -3, 20, 15, 29333},
    {9, 6, 0, -4, 20, 14, 29348},
    {10, 6, 0, -6, 20, 15, 29362},
    {9, 6, 0, -4, 20, 14, 29377},
    {4, 6, 0, -2, 20, 6, 29391},
    {6, 8, 0, -3, 17, 12, 29397},
    {5, 4, 0, -3, -2, 5, 29409},
    {9, 4, 0, -5, -1, 9, 29414},
    {4, 6, 0, -2, -1, 6, 29423},
    {6, 7, 0, -3, 1, 11, 29429},
    {6, 7, 0, -3, 1, 11, 29440},
    {9, 6, 0, -5, -1, 14, 29451},
    {9, 3, 0, -5, -2, 7, 29465},
    {6, 8, 9, 1, 20, 12, 29472},
    {5, 7, 9, 3, 2, 9, 29484},
    {5, 5, 6, 0, -1, 7, 29493},
    {6, 19, 9, 1, 14, 29, 29500},
    {6, 7, 12, 4, 21, 11, 29529},
    {13, 7, 16, 2, 21, 23, 29540},
    {18, 19, 18, 0, 19, 86, 29563},
    {5, 5, 8, 2, 14, 7, 29649},
    {20, 19, 15, -5, 19, 95, 29656},
    {24, 19, 19, -5, 19, 114, 29751},
    {14, 19, 9, -5, 19, 67, 29865},
    {22, 20, 18, -4, 19, 110, 29932},
    {24, 19, 17, -6, 19, 114, 30042},
    {22, 19, 18, -4, 19, 105, 30156},
    {13, 22, 8, -2, 21, 72, 30261},
    {18, 18, 18, 0, 18, 81, 30333},
    {15, 18, 16, 1, 18, 68, 30414},
    {13, 18, 14, 1, 18, 59, 30482},
    {15, 18, 15, 0, 18, 68, 30541},
    {14, 18, 15, 1, 18, 63, 30609},
    {14, 18, 16, 1, 18, 63, 30672},
    {18, 18, 19, 1, 18, 81, 30735},
    {17, 19, 18, 1, 18, 81, 30816},
    {8, 18, 9, 1, 18, 36, 30897},
    {17, 19, 18, 1, 18, 81, 30933},
    {18, 18, 17, 0, 18, 81, 31014},
    {23, 19, 24, 1, 18, 110, 31095},
    {18, 19, 19, 1, 18, 86, 31205},
    {15, 18, 15, 0, 18, 68, 31291},
    {17, 19, 18, 1, 18, 81, 31359},
    {18, 18, 19, 1, 18, 81, 31440},
    {14, 18, 15, 1, 18, 63, 31521},
    {14, 18, 16, 1, 18, 63, 31584},
    {17, 18, 16, 0, 18, 77, 31647},
    {18, 18, 17, 0, 18, 81, 31724},
    {19, 20, 20, 1, 19, 95, 31805},
    {18, 18, 18, 0, 18, 81, 31900},
    {21, 18, 22, 1, 18, 95, 31981},
    {18, 18, 18, 0, 18, 81, 32076},
    {9, 24, 9, 1, 24, 54, 32157},
    {18, 24, 17, 0, 24, 108, 32211},
    {15, 22, 16, 1, 21, 83, 32319},
    {12, 22, 14, 1, 21, 66, 32402},
    {14, 27, 14, 0, 21, 95, 32468},
    {7, 22, 8, 0, 21, 39, 32563},
    {15, 22, 14, 0, 21, 83, 32602},
    {15, 15, 16, 1, 14, 57, 32685},
    {13, 21, 14, 1, 20, 69, 32742},
    {13, 19, 14, 0, 14, 62, 32811},
    {13, 21, 14, 0, 20, 69, 32873},
    {12, 15, 14, 1, 14, 45, 32942},
    {11, 26, 11, 1, 20, 72, 32987},
    {14, 20, 14, 0, 14, 70, 33059},
    {14, 21, 16, 1, 20, 74, 33129},
    {7, 14, 8, 0, 13, 25, 33203},
    {14, 15, 15, 1, 14, 53, 33228},
    {14, 21, 14, -1, 20, 74, 33281},
    {14, 19, 15, 0, 13, 67, 33355},
    {13, 15, 14, 0, 14, 49, 33422},
    {11, 26, 11, 0, 20, 72, 33471},
    {12, 15, 13, 1, 14, 45, 33543},
    {17, 15, 17, 0, 14, 64, 33588},
    {12, 20, 13, 0, 14, 60, 33652},
    {11, 20, 13, 1, 14, 55, 33712},
    {15, 15, 16, 1, 14, 57, 33767},
    {13, 15, 13, 0, 14, 49, 33824},
    {13, 15, 14, 0, 14, 49, 33873},
    {17, 20, 18, 1, 14, 85, 33922},
    {13, 20, 13, 0, 14, 65, 34007},
    {18, 24, 19, 0, 18, 108, 34072},
    {17, 15, 19, 1, 14, 64, 34180},
    {10, 20, 8, -2, 19, 50, 34244},
    {13, 20, 14, 0, 19, 65, 34294},
    {12, 22, 13, 1, 21, 66, 34359},
    {13, 22, 14, 0, 21, 72, 34425},
    {17, 22, 19, 1, 21, 94, 34497},
    {14, 20, 16, 1, 14, 70, 34591},
    {17, 24, 18, 1, 18, 102, 34661},
    {12, 18, 14, 1, 14, 54, 34763},
    {15, 24, 16, 1, 18, 90, 34817},
    {12, 22, 13, 1, 16, 66, 34907},
    {14, 18, 14, 1, 18, 63, 34973},
    {12, 20, 9, -1, 20, 60, 35036},
    {12, 18, 14, 1, 15, 54, 35096},
    {10, 17, 11, 1, 15, 43, 35150},
    {18, 18, 19, 0, 13, 81, 35193},
    {14, 21, 14, 0, 14, 74, 35274},
    {14, 24, 15, 1, 24, 84, 35348},
    {19, 21, 20, 0, 18, 100, 35432},
    {13, 24, 14, 1, 24, 78, 35532},
    {15, 19, 16, 1, 18, 72, 35610},
    {12, 19, 13, 1, 18, 57, 35682},
    {8, 18, 9, 1, 18, 36, 35739},
    {9, 24, 9, 1, 24, 54, 35775},
    {9, 24, 10, 0, 18, 54, 35829},
    {24, 19, 24, 0, 18, 114, 35883},
    {24, 18, 25, 1, 18, 108, 35997},
    {22, 18, 22, 0, 18, 99, 36105},
    {18, 25, 18, 1, 24, 113, 36204},
    {18, 24, 19, 1, 24, 108, 36317},
    {18, 24, 16, 0, 23, 108, 36425},
    {18, 22, 19, 1, 18, 99, 36533},
    {18, 18, 18, 0, 18, 81, 36632},
    {15, 18, 16, 1, 18, 68, 36713},
    {15, 18, 16, 1, 18, 68, 36781},
    {13, 18, 14, 1, 18, 59, 36849},
    {18, 22, 18, 0, 18, 99, 36908},
    {14, 18, 15, 1, 18, 63, 37007},
    {27, 19, 26, 0, 18, 129, 37070},
    {14, 19, 14, 0, 18, 67, 37199},
    {18, 18, 19, 1, 18, 81, 37266},
    {18, 23, 19, 1, 23, 104, 37347},
    {18, 19, 18, 1, 18, 86, 37451},
    {19, 19, 18, 0, 18, 91, 37537},
    {23, 19, 24, 1, 18, 110, 37628},
    {18, 18, 19, 1, 18, 81, 37738},
    {17, 19, 18, 1, 18, 81, 37819},
    {18, 18, 19, 1, 18, 81, 37900},
    {14, 18, 15, 1, 18, 63, 37981},
    {15, 19, 16, 1, 18, 72, 38044},
    {17, 18, 16, 0, 18, 77, 38116},
    {18, 19, 16, 0, 18, 86, 38193},
    {19, 20, 20, 1, 19, 95, 38279},
    {18, 18, 18, 0, 18, 81, 38374},
    {19, 22, 20, 1, 18, 105, 38455},
    {18, 18, 19, 1, 18, 81, 38560},
    {27, 18, 28, 1, 18, 122, 38641},
    {28, 22, 29, 1, 18, 154, 38763},
    {18, 18, 18, 0, 18, 81, 38917},
    {23, 18, 23, 1, 18, 104, 38998},
    {15, 18, 16, 1, 18, 68, 39102},
    {15, 19, 16, 1, 18, 72, 39170},
    {25, 19, 26, 1, 18, 119, 39242},
    {18, 19, 18, 0, 18, 86, 39361},
    {14, 15, 15, 1, 14, 53, 39447},
    {12, 21, 13, 1, 20, 63, 39500},
    {11, 15, 13, 1, 14, 42, 39563},
    {9, 15, 11, 1, 14, 34, 39605},
    {12, 21, 13, 1, 20, 63, 39639},
    {11, 15, 12, 1, 14, 42, 39702},
    {20, 15, 20, 0, 14, 75, 39744},
    {10, 15, 12, 1, 14, 38, 39819},
    {15, 15, 15, 0, 14, 57, 39857},
    {15, 20, 15, 0, 19, 75, 39914},
    {14, 15, 14, 0, 14, 53, 39989},
    {14, 15, 14, 0, 14, 53, 40042},
    {18, 15, 18, 1, 14, 68, 40095},
    {15, 15, 15, 0, 14, 57, 40163},
    {12, 15, 14, 1, 14, 45, 40220},
    {15, 15, 15, 0, 14, 57, 40265},
    {14, 20, 15, 0, 14, 70, 40322},
    {11, 15, 12, 1, 14, 42, 40392},
    {23, 15, 22, 0, 14, 87, 40434},
    {13, 20, 14, 0, 14, 65, 40521},
    {19, 26, 21, 1, 20, 124, 40586},
    {14, 15, 14, 0, 14, 53, 40710},
    {16, 19, 16, 0, 14, 76, 40763},
    {14, 15, 14, 0, 14, 53, 40839},
    {23, 15, 23, 0, 14, 87, 40892},
    {23, 19, 23, 0, 14, 110, 40979},
    {13, 15, 13, 0, 14, 49, 41089},
    {18, 15, 18, 0, 14, 68, 41138},
    {12, 15, 12, 0, 14, 45, 41206},
    {11, 15, 12, 1, 14, 42, 41251},
    {19, 15, 20, 0, 14, 72, 41293},
    {13, 15, 13, 1, 14, 49, 41365},
    {11, 20, 12, 1, 19, 55, 41414},
    {13, 26, 14, 0, 20, 85, 41469},
    {9, 21, 11, 1, 20, 48, 41554},
    {11, 15, 13, 1, 14, 42, 41602},
    {11, 15, 11, 0, 14, 42, 41644},
    {8, 20, 8, 0, 19, 40, 41686},
    {9, 20, 8, -1, 19, 45, 41726},
    {7, 25, 8, -1, 19, 44, 41771},
    {18, 15, 19, 0, 14, 68, 41815},
    {19, 15, 19, 0, 14, 72, 41883},
    {15, 21, 15, 0, 20, 79, 41955},
    {14, 21, 14, 0, 20, 74, 42034},
    {15, 21, 15, 0, 20, 79, 42108},
    {13, 25, 14, 0, 19, 82, 42187},
    {15, 21, 15, 0, 14, 79, 42269},
    {18, 19, 18, 0, 19, 86, 42348},
    {20, 15, 20, 0, 14, 75, 42434},
    {24, 19, 24, 0, 18, 114, 42509},
    {18, 14, 17, 0, 13, 63, 42623},
    {14, 21, 13, 1, 21, 74, 42686},
    {14, 22, 11, -2, 16, 77, 42760},
    {13, 18, 14, 1, 18, 59, 42837},
    {10, 15, 11, 1, 14, 38, 42896},
    {27, 22, 26, 0, 18, 149, 42934},
    {21, 19, 20, 0, 14, 100, 43083},
    {18, 22, 18, 1, 18, 99, 43183},
    {15, 19, 15, 0, 14, 72, 43282},
    {19, 22, 20, 1, 18, 105, 43354},
    {16, 19, 15, 0, 14, 76, 43459},
    {18, 18, 17, 0, 18, 81, 43535},
    {14, 20, 14, -1, 14, 70, 43616},
    {18, 18, 17, 0, 18, 81, 43686},
    {14, 20, 14, -1, 14, 70, 43767},
    {18, 18, 19, 1, 18, 81, 43837},
    {15, 21, 15, 0, 20, 79, 43918},
    {15, 19, 17, 1, 18, 72, 43997},
    {11, 15, 12, 1, 14, 42, 44069},
    {17, 19, 18, 1, 18, 81, 44111},
    {12, 15, 14, 1, 14, 45, 44192},
    {15, 30, 16, 1, 24, 113, 44237},
    {11, 26, 12, 1, 20, 72, 44350},
    {17, 24, 19, 1, 18, 102, 44422},
    {14, 26, 15, 1, 20, 91, 44524},
    {17, 23, 19, 1, 18, 98, 44615},
    {14, 25, 15, 1, 20, 88, 44713},
    {14, 29, 15, 1, 29, 102, 44801},
    {11, 26, 12, 1, 25, 72, 44903},
    {14, 29, 15, 1, 29, 102, 44975},
    {11, 26, 12, 1, 25, 72, 45077},
    {14, 30, 15, 1, 24, 105, 45149},
    {11, 26, 12, 1, 20, 72, 45254},
    {15, 23, 17, 1, 22, 87, 45326},
    {12, 24, 14, 1, 18, 72, 45413},
    {18, 24, 19, 1, 18, 108, 45485},
    {15, 26, 15, 0, 20, 98, 45593},
    {18, 25, 19, 1, 18, 113, 45691},
    {15, 27, 15, 0, 20, 102, 45804},
    {9, 29, 9, 1, 29, 66, 45906},
    {9, 26, 8, -1, 25, 59, 45972},
    {14, 24, 15, 1, 18, 84, 46031},
    {8, 26, 7, 0, 20, 52, 46115},
    {14, 28, 15, 1, 22, 98, 46167},
    {9, 29, 7, -1, 23, 66, 46265},
    {14, 23, 15, 1, 18, 81, 46331},
    {8, 25, 7, 0, 20, 50, 46412},
    {23, 24, 24, 1, 18, 138, 46462},
    {23, 20, 22, 0, 14, 115, 46600},
    {18, 24, 19, 1, 23, 108, 46715},
    {15, 20, 15, 0, 19, 75, 46823},
    {18, 24, 19, 1, 18, 108, 46898},
    {15, 20, 15, 0, 14, 75, 47006},
    {18, 23, 19, 1, 18, 104, 47081},
    {15, 19, 15, 0, 14, 72, 47185},
    {17, 30, 18, 1, 29, 128, 47257},
    {12, 26, 14, 1, 25, 78, 47385},
    {17, 29, 18, 1, 28, 124, 47463},
    {12, 25, 14, 1, 24, 75, 47587},
    {17, 30, 18, 1, 29, 128, 47662},
    {12, 26, 14, 1, 25, 78, 47790},
    {17, 30, 18, 1, 29, 128, 47868},
    {12, 26, 14, 1, 25, 78, 47996},
    {17, 24, 17, 1, 18, 102, 48074},
    {12, 20, 12, 0, 14, 60, 48176},
    {17, 28, 17, 1, 22, 119, 48236},
    {12, 24, 12, 0, 18, 72, 48355},
    {17, 23, 17, 1, 18, 98, 48427},
    {13, 19, 12, -1, 14, 62, 48525},
    {12, 24, 13, 1, 23, 72, 48587},
    {11, 20, 11, 0, 19, 55, 48659},
    {12, 24, 13, 1, 18, 72, 48714},
    {11, 20, 11, 0, 14, 55, 48786},
    {12, 29, 13, 1, 28, 87, 48841},
    {11, 25, 11, 0, 24, 69, 48928},
    {12, 29, 13, 1, 28, 87, 48997},
    {11, 25, 11, 0, 24, 69, 49084},
    {12, 29, 13, 1, 23, 87, 49153},
    {11, 25, 11, 0, 19, 69, 49240},
    {17, 24, 16, 0, 18, 102, 49309},
    {10, 23, 10, 0, 17, 58, 49411},
    {17, 23, 16, 0, 18, 98, 49469},
    {10, 22, 10, 0, 17, 55, 49567},
    {18, 30, 19, 1, 29, 135, 49622},
    {15, 26, 15, 0, 25, 98, 49757},
    {18, 28, 19, 1, 27, 126, 49855},
    {15, 24, 15, 0, 23, 90, 49981},
    {26, 25, 25, 0, 24, 163, 50071},
    {19, 21, 20, 0, 20, 100, 50234},
    {26, 25, 25, 0, 24, 163, 50334},
    {19, 21, 20, 0, 20, 100, 50497},
    {26, 24, 25, 0, 23, 156, 50597},
    {19, 20, 20, 0, 19, 95, 50753},
    {18, 23, 17, 0, 23, 104, 50848},
    {13, 25, 14, 0, 19, 82, 50952},
    {14, 24, 16, 1, 18, 84, 51034},
    {11, 19, 12, 1, 13, 53, 51118},
    {10, 23, 10, 0, 22, 58, 51171},
    {19, 19, 19, 0, 18, 91, 51229},
    {18, 24, 18, 0, 18, 108, 51320},
    {14, 20, 15, 1, 14, 70, 51428},
    {18, 25, 18, 0, 25, 113, 51498},
    {14, 22, 15, 1, 21, 77, 51611},
    {18, 29, 18, 0, 29, 131, 51688},
    {14, 26, 15, 1, 25, 91, 51819},
    {18, 29, 18, 0, 29, 131, 51910},
    {14, 26, 15, 1, 25, 91, 52041},
    {18, 28, 18, 0, 28, 126, 52132},
    {14, 26, 15, 1, 25, 91, 52258},
    {18, 28, 18, 0, 28, 126, 52349},
    {14, 25, 15, 1, 24, 88, 52475},
    {18, 30, 18, 0, 24, 135, 52563},
    {14, 26, 15, 1, 20, 91, 52698},
    {18, 29, 18, 0, 29, 131, 52789},
    {14, 26, 15, 1, 25, 91, 52920},
    {18, 29, 18, 0, 29, 131, 53011},
    {14, 26, 15, 1, 25, 91, 53142},
    {18, 29, 18, 0, 29, 131, 53233},
    {14, 27, 15, 1, 26, 95, 53364},
    {18, 28, 18, 0, 28, 126, 53459},
    {14, 25, 15, 1, 24, 88, 53585},
    {18, 30, 18, 0, 24, 135, 53673},
    {14, 26, 15, 1, 20, 91, 53808},
    {14, 24, 15, 1, 18, 84, 53899},
    {11, 20, 12, 1, 14, 55, 53983},
    {14, 25, 15, 1, 25, 88, 54038},
    {11, 22, 12, 1, 21, 61, 54126},
    {14, 23, 15, 1, 23, 81, 54187},
    {11, 20, 12, 1, 19, 55, 54268},
    {14, 29, 15, 1, 29, 102, 54323},
    {11, 26, 12, 1, 25, 72, 54425},
    {14, 29, 15, 1, 29, 102, 54497},
    {11, 26, 12, 1, 25, 72, 54599},
    {15, 28, 15, 1, 28, 105, 54671},
    {14, 26, 12, 1, 25, 91, 54776},
    {14, 28, 15, 1, 28, 98, 54867},
    {11, 25, 12, 1, 24, 69, 54965},
    {14, 30, 15, 1, 24, 105, 55034},
    {11, 26, 12, 1, 20, 72, 55139},
    {8, 25, 9, 1, 25, 50, 55211},
    {8, 22, 8, 0, 21, 44, 55261},
    {8, 24, 9, 1, 18, 48, 55305},
    {8, 25, 8, 0, 19, 50, 55353},
    {17, 24, 18, 1, 18, 102, 55403},
    {12, 20, 14, 1, 14, 60, 55505},
    {17, 26, 18, 1, 25, 111, 55565},
    {12, 22, 14, 1, 21, 66, 55676},
    {17, 30, 18, 1, 29, 128, 55742},
    {12, 27, 14, 1, 26, 81, 55870},
    {17, 30, 18, 1, 29, 128, 55951},
    {12, 27, 14, 1, 26, 81, 56079},
    {17, 29, 18, 1, 28, 124, 56160},
    {14, 26, 14, 1, 25, 91, 56284},
    {17, 29, 18, 1, 28, 124, 56375},
    {12, 25, 14, 1, 24, 75, 56499},
    {17, 30, 18, 1, 24, 128, 56574},
    {12, 26, 14, 1, 20, 78, 56702},
    {20, 25, 21, 1, 24, 125, 56780},
    {15, 21, 15, 1, 20, 79, 56905},
    {20, 25, 21, 1, 24, 125, 56984},
    {15, 21, 15, 1, 20, 79, 57109},
    {20, 26, 21, 1, 25, 130, 57188},
    {15, 22, 15, 1, 21, 83, 57318},
    {20, 24, 21, 1, 23, 120, 57401},
    {15, 20, 15, 1, 19, 75, 57521},
    {20, 26, 21, 1, 20, 130, 57596},
    {15, 23, 15, 1, 17, 87, 57726},
    {18, 24, 19, 1, 18, 108, 57813},
    {15, 20, 15, 0, 14, 75, 57921},
    {18, 26, 19, 1, 25, 117, 57996},
    {15, 22, 15, 0, 21, 83, 58113},
    {21, 25, 21, 1, 24, 132, 58196},
    {18, 21, 17, 0, 20, 95, 58328},
    {21, 25, 21, 1, 24, 132, 58423},
    {18, 21, 17, 0, 20, 95, 58555},
    {21, 26, 21, 1, 25, 137, 58650},
    {18, 22, 17, 0, 21, 99, 58787},
    {21, 24, 21, 1, 23, 126, 58886},
    {18, 20, 17, 0, 19, 90, 59012},
    {21, 25, 21, 1, 19, 132, 59102},
    {18, 23, 17, 0, 17, 104, 59234},
    {18, 24, 17, 0, 24, 108, 59338},
    {13, 26, 14, 0, 20, 85, 59446},
    {18, 24, 17, 0, 18, 108, 59531},
    {13, 20, 13, 0, 14, 65, 59639},
    {18, 25, 17, 0, 25, 113, 59704},
    {13, 27, 14, 0, 21, 88, 59817},
    {18, 23, 17, 0, 23, 104, 59905},
    {13, 25, 14, 0, 19, 82, 60009},
    {0, 0, 15, 0, 0, 0, 60091},
    {0, 0, 8, 0, 0, 0, 60091},
    {0, 0, 3, 0, 0, 0, 60091},
    {0, 0, 2, 0, 0, 0, 60091},
    {0, 0, 0, 0, 0, 0, 60091},
    {7, 3, 9, 1, 9, 6, 60091},
    {13, 2, 13, 0, 8, 7, 60097},
    {13, 2, 13, 0, 8, 7, 60104},
    {25, 2, 25, 0, 8, 13, 60111},
    {25, 2, 25, 0, 8, 13, 60124},
    {5, 8, 7, 2, 20, 10, 60137},
    {5, 8, 7, 1, 20, 10, 60147},
    {5, 8, 7, 1, 4, 10, 60157},
    {10, 8, 12, 2, 20, 20, 60167},
    {10, 8, 12, 1, 20, 20, 60187},
    {10, 8, 12, 1, 4, 20, 60207},
    {11, 21, 13, 1, 20, 58, 60227},
    {11, 21, 13, 1, 20, 58, 60285},
    {7, 7, 10, 1, 11, 13, 60343},
    {21, 5, 24, 2, 4, 27, 60356},
    {28, 16, 30, 1, 15, 112, 60383},
    {4, 7, 5, 1, 21, 7, 60495},
    {8, 7, 10, 1, 21, 14, 60502},
    {7, 11, 8, 1, 12, 20, 60516},
    {7, 11, 8, 1, 12, 20, 60536},
    {21, 20, 23, 1, 20, 105, 60556},
    {13, 19, 7, -3, 18, 62, 60661},
    {10, 12, 11, 1, 21, 30, 60723},
    {11, 12, 11, 0, 21, 33, 60753},
    {9, 12, 10, 1, 21, 27, 60786},
    {10, 12, 11, 1, 21, 30, 60813},
    {9, 12, 10, 1, 21, 27, 60843},
    {10, 12, 11, 1, 21, 30, 60870},
    {10, 12, 11, 1, 21, 30, 60900},
    {6, 17, 7, 1, 23, 26, 60930},
    {6, 17, 6, 0, 23, 26, 60956},
    {12, 10, 13, 1, 19, 30, 60982},
    {10, 12, 11, 1, 8, 30, 61012},
    {7, 12, 8, 0, 8, 21, 61042},
    {10, 12, 10, 0, 8, 30, 61063},
    {10, 12, 10, 0, 8, 30, 61093},
    {11, 12, 11, 0, 8, 33, 61123},
    {9, 12, 10, 0, 8, 27, 61156},
    {9, 12, 11, 1, 8, 27, 61183},
    {10, 12, 10, 0, 8, 30, 61210},
    {11, 12, 11, 0, 8, 33, 61240},
    {10, 12, 11, 0, 8, 30, 61273},
    {6, 17, 7, 1, 10, 26, 61303},
    {6, 17, 6, 0, 10, 26, 61329},
    {15, 23, 16, 1, 20, 87, 61355},
    {15, 18, 14, 0, 18, 68, 61442},
    {15, 19, 15, 0, 18, 72, 61510},
    {20, 19, 19, 0, 18, 95, 61582},
    {36, 19, 37, 1, 18, 171, 61677},
    {27, 19, 27, 0, 18, 129, 61848},
    {14, 25, 15, 1, 20, 88, 61977},
    {18, 19, 18, 0, 18, 86, 62065},
    {19, 19, 18, 0, 18, 91, 62151},
    {17, 18, 16, 0, 18, 77, 62242},
    {17, 18, 17, 1, 18, 77, 62319},
    {15, 23, 17, 1, 20, 87, 62396},
    {16, 19, 16, 0, 18, 76, 62483},
    {15, 24, 16, 1, 21, 90, 62559},
    {17, 18, 16, 0, 18, 77, 62649},
    {14, 19, 15, 1, 18, 67, 62726},
    {14, 18, 15, 1, 18, 63, 62793},
    {17, 18, 18, 1, 18, 77, 62856},
    {15, 18, 15, 1, 18, 68, 62933},
    {11, 21, 12, 0, 20, 58, 63001},
    {28, 19, 30, 1, 18, 133, 63059},
    {18, 18, 20, 1, 17, 81, 63192},
    {24, 12, 25, 1, 17, 72, 63273},
    {26, 11, 27, 1, 17, 72, 63345},
    {18, 18, 18, 0, 18, 81, 63417},
    {18, 19, 20, 1, 18, 86, 63498},
    {23, 19, 24, 1, 18, 110, 63584},
    {24, 19, 26, 1, 18, 114, 63694},
    {23, 19, 24, 1, 18, 110, 63808},
    {23, 19, 25, 1, 18, 110, 63918},
    {23, 19, 25, 1, 18, 110, 64028},
    {22, 19, 23, 1, 18, 105, 64138},
    {13, 9, 14, 1, 11, 30, 64243},
    {9, 13, 14, 3, 13, 30, 64273},
    {14, 9, 14, 0, 11, 32, 64303},
    {9, 13, 14, 3, 13, 30, 64335},
    {13, 19, 14, 0, 18, 62, 64365},
    {17, 20, 19, 1, 17, 85, 64427},
    {15, 18, 15, 0, 18, 68, 64512},
    {20, 22, 21, 1, 18, 110, 64580},
    {15, 22, 15, 0, 18, 83, 64690},
    {12, 3, 15, 1, 9, 9, 64773},
    {13, 19, 7, -3, 18, 62, 64782},
    {5, 5, 8, 2, 10, 7, 64844},
    {15, 19, 15, 0, 19, 72, 64851},
    {15, 8, 16, 1, 10, 30, 64923},
    {13, 23, 11, -1, 18, 75, 64953},
    {12, 9, 15, 1, 12, 27, 65028},
    {12, 15, 15, 1, 15, 45, 65055},
    {12, 14, 15, 1, 14, 42, 65100},
    {11, 14, 15, 2, 14, 39, 65142},
    {17, 26, 16, -1, 20, 111, 65181},
    {18, 26, 16, -1, 20, 117, 65292},
};

static const EpdUnicodeInterval PROGMEM literata_small_italic_2bIntervals[] = {
    {0x20, 0x7E, 0},
    {0xA0, 0x17E, 95},
    {0x18F, 0x18F, 318},
    {0x192, 0x192, 319},
    {0x1A0, 0x1A1, 320},
    {0x1AF, 0x1B0, 322},
    {0x1C4, 0x1DC, 324},
    {0x1E6, 0x1E7, 349},
    {0x1EA, 0x1EB, 351},
    {0x1FA, 0x21B, 353},
    {0x22A, 0x22D, 387},
    {0x230, 0x233, 391},
    {0x237, 0x237, 395},
    {0x251, 0x251, 396},
    {0x259, 0x259, 397},
    {0x261, 0x261, 398},
    {0x300, 0x304, 399},
    {0x306, 0x30C, 404},
    {0x30F, 0x30F, 411},
    {0x311, 0x312, 412},
    {0x31B, 0x31B, 414},
    {0x323, 0x324, 415},
    {0x326, 0x328, 417},
    {0x32E, 0x32E, 420},
    {0x331, 0x331, 421},
    {0x374, 0x375, 422},
    {0x37A, 0x37A, 424},
    {0x37E, 0x37E, 425},
    {0x384, 0x38A, 426},
    {0x38C, 0x38C, 433},
    {0x38E, 0x3A1, 434},
    {0x3A3, 0x3CE, 454},
    {0x3D7, 0x3E1, 498},
    {0x401, 0x44F, 509},
    {0x451, 0x45F, 588},
    {0x462, 0x463, 603},
    {0x46A, 0x46B, 605},
    {0x490, 0x493, 607},
    {0x496, 0x497, 611},
    {0x49A, 0x49B, 613},
    {0x4A2, 0x4A3, 615},
    {0x4AE, 0x4B1, 617},
    {0x4BA, 0x4BB, 621},
    {0x4D8, 0x4D9, 623},
    {0x4E8, 0x4E9, 625},
    {0x1E08, 0x1E09, 627},
    {0x1E0C, 0x1E0F, 629},
    {0x1E14, 0x1E17, 633},
    {0x1E1C, 0x1E1D, 637},
    {0x1E20, 0x1E21, 639},
    {0x1E24, 0x1E25, 641},
    {0x1E2A, 0x1E2B, 643},
    {0x1E2E, 0x1E2F, 645},
    {0x1E36, 0x1E3B, 647},
    {0x1E42, 0x1E49, 653},
    {0x1E4C, 0x1E53, 661},
    {0x1E5A, 0x1E69, 669},
    {0x1E6C, 0x1E6F, 685},
    {0x1E78, 0x1E7B, 689},
    {0x1E80, 0x1E85, 693},
    {0x1E8E, 0x1E8F, 699},
    {0x1E92, 0x1E93, 701},
    {0x1E97, 0x1E97, 703},
    {0x1E9E, 0x1E9E, 704},
    {0x1EA0, 0x1EF9, 705},
    {0x2007, 0x200B, 795},
    {0x2010, 0x2010, 800},
    {0x2012, 0x2015, 801},
    {0x2018, 0x201A, 805},
    {0x201C, 0x201E, 808},
    {0x2020, 0x2022, 811},
    {0x2026, 0x2026, 814},
    {0x2030, 0x2030, 815},
    {0x2032, 0x2033, 816},
    {0x2039, 0x203A, 818},
    {0x2042, 0x2042, 820},
    {0x2044, 0x2044, 821},
    {0x2070, 0x2070, 822},
    {0x2074, 0x2079, 823},
    {0x207D, 0x2089, 829},
    {0x208D, 0x208E, 842},
    {0x20A1, 0x20A1, 844},
    {0x20A3, 0x20A4, 845},
    {0x20A6, 0x20A7, 847},
    {0x20A9, 0x20A9, 849},
    {0x20AB, 0x20AE, 850},
    {0x20B1, 0x20B2, 854},
    {0x20B4, 0x20B5, 856},
    {0x20B8, 0x20BA, 858},
    {0x20BC, 0x20BD, 861},
    {0x2113, 0x2113, 863},
    {0x2116, 0x2117, 864},
    {0x2120, 0x2120, 866},
    {0x2122, 0x2122, 867},
    {0x2126, 0x2126, 868},
    {0x212E, 0x212E, 869},
    {0x2153, 0x2154, 870},
    {0x215B, 0x215E, 872},
    {0x2190, 0x2193, 876},
    {0x2202, 0x2202, 880},
    {0x2205, 0x2206, 881},
    {0x220F, 0x220F, 883},
    {0x2211, 0x2212, 884},
    {0x2215, 0x2215, 886},
    {0x2219, 0x221A, 887},
    {0x221E, 0x221E, 889},
    {0x222B, 0x222B, 890},
    {0x2248, 0x2248, 891},
    {0x2260, 0x2260, 892},
    {0x2264, 0x2265, 893},
    {0xFB01, 0xFB02, 895},
};

const EpdFontData literata_small_italic_2b = {
    literata_small_italic_2bBitmaps,
    literata_small_italic_2bGlyphs,
    literata_small_italic_2bIntervals,
    111,
    37,
    30,
    -8,
    true
};
