/**
 * generated from .epdfont via epdfont2h.py
 * name: literata_medium_2b
 * mode: 2-bit
 */
#pragma once
#include "EpdFontData.h"

static const uint8_t PROGMEM literata_medium_2bBitmaps[117758] = {
    0x0B, 0x80, 0xFF, 0xC3, 0xFF, 0x0F, 0xFC, 0x3F, 0xF0, 0xBF, 0x82, 0xFD, 0x07, 0xF4, 0x0F, 0xC0,
    0x3F, 0x00, 0xFC, 0x03, 0xE0, 0x0F, 0x80, 0x2E, 0x00, 0xB8, 0x02, 0xE0, 0x0B, 0x80, 0x14, 0x00,
    0x00, 0x01, 0x40, 0x2F, 0xD0, 0xFF, 0xC3, 0xFF, 0x0B, 0xF4, 0x05, 0x40, 0x00, 0x00, 0x07, 0xE0,
    0xFC, 0xBF, 0x1F, 0xCB, 0xE1, 0xFC, 0x7D, 0x0F, 0xC7, 0xC0, 0xF8, 0x3C, 0x0F, 0x43, 0xC0, 0xB0,
    0x38, 0x07, 0x00, 0x00, 0x01, 0x40, 0x01, 0x40, 0x00, 0x02, 0xE0, 0x02, 0xE0, 0x00, 0x00, 0xB8,
    0x00, 0xF4, 0x00, 0x00, 0x3D, 0x00, 0x3D, 0x00, 0x00, 0x0F, 0x40, 0x0F, 0x00, 0x07, 0xFF, 0xFF,
    0xFF, 0xFF, 0xC1, 0xFF, 0xFF, 0xFF, 0xFF, 0xF0, 0x00, 0x7C, 0x00, 0xB8, 0x00, 0x00, 0x2E, 0x00,
    0x2E, 0x00, 0x00, 0x0F, 0x40, 0x0F, 0x40, 0x00, 0x03, 0xD0, 0x03, 0xC0, 0x00, 0x00, 0xF0, 0x00,
    0xF0, 0x00, 0x2A, 0xBE, 0xAA, 0xBE, 0xA8, 0x2F, 0xFF, 0xFF, 0xFF, 0xFF, 0x05, 0x5F, 0xD5, 0x5F,
    0xD5, 0x40, 0x02, 0xE0, 0x03, 0xD0, 0x00, 0x00, 0xF4, 0x00, 0xF4, 0x00, 0x00, 0x3D, 0x00, 0x3C,
    0x00, 0x00, 0x0F, 0x00, 0x1F, 0x00, 0x00, 0x00, 0x00, 0x00, 0x00, 0x00, 0x00, 0x00, 0x90, 0x00,
    0x00, 0x00, 0x0F, 0x00, 0x00, 0x00, 0x00, 0xF0, 0x00, 0x00, 0x01, 0xBF, 0x90, 0xE0, 0x00, 0xFF,
    0xFF, 0xDF, 0x00, 0x3F, 0xEF, 0xBF, 0xF0, 0x0F, 0xF0, 0xF0, 0xFF, 0x01, 0xFC, 0x0F, 0x03, 0xF4,
    0x2F, 0xC0, 0xF0, 0x1F, 0x43, 0xFC, 0x0F, 0x00, 0xF8, 0x2F, 0xE0, 0xF0, 0x00, 0x02, 0xFF, 0x4F,
    0x00, 0x00, 0x1F, 0xFF, 0xF0, 0x00, 0x00, 0xBF, 0xFF, 0x90, 0x00, 0x02, 0xFF, 0xFF, 0xD0, 0x00,
    0x07, 0xFF, 0xFF, 0xC0, 0x00, 0x06, 0xFF, 0xFF, 0x00, 0x00, 0x0F, 0xFF, 0xF8, 0x00, 0x00, 0xF1,
    0xFF, 0xC0, 0x00, 0x0F, 0x07, 0xFC, 0x7C, 0x00, 0xF0, 0x3F, 0xC7, 0xD0, 0x0F, 0x02, 0xFC, 0x7F,
    0x00, 0xF0, 0x3F, 0xC3, 0xFC, 0x0F, 0x07, 0xF4, 0x3F, 0xF8, 0xF1, 0xFE, 0x03, 0xEF, 0xFF, 0xFF,
    0xC0, 0x3C, 0x2F, 0xFF, 0xD0, 0x00, 0x00, 0x1F, 0x40, 0x00, 0x00, 0x00, 0xF0, 0x00, 0x00, 0x00,
    0x0F, 0x00, 0x00, 0x01, 0xBE, 0x40, 0x00, 0x1F, 0x80, 0x00, 0x3F, 0xFF, 0xC0, 0x00, 0xFC, 0x00,
    0x03, 0xF8, 0x3F, 0x80, 0x07, 0xE0, 0x00, 0x1F, 0xC0, 0x7F, 0x00, 0x3F, 0x00, 0x00, 0xBE, 0x00,
    0xFD, 0x02, 0xF4, 0x00, 0x02, 0xF8, 0x03, 0xF4, 0x1F, 0xC0, 0x00, 0x0B, 0xE0, 0x0F, 0xC0, 0xFC,
    0x00, 0x00, 0x1F, 0xC0, 0x3F, 0x07, 0xE0, 0x00, 0x00, 0x3F, 0x83, 0xF4, 0x3F, 0x00, 0x00, 0x00,
    0x3F, 0xFF, 0x82, 0xF4, 0x00, 0x00, 0x00, 0x1F, 0xE4, 0x0F, 0xC0, 0xBF, 0xF4, 0x00, 0x00, 0x00,
    0xFC, 0x0F, 0xFF, 0xF4, 0x00, 0x00, 0x07, 0xE0, 0xFD, 0x07, 0xF0, 0x00, 0x00, 0x3F, 0x03, 0xF0,
    0x0F, 0xD0, 0x00, 0x02, 0xF4, 0x1F, 0xC0, 0x2F, 0x80, 0x00, 0x0F, 0xC0, 0x7F, 0x00, 0xBD, 0x00,
    0x00, 0xFC, 0x01, 0xFC, 0x03, 0xF4, 0x00, 0x07, 0xE0, 0x03, 0xF4, 0x0F, 0xC0, 0x00, 0x3F, 0x00,
    0x07, 0xFA, 0xFD, 0x00, 0x02, 0xF4, 0x00, 0x07, 0xFF, 0xD0, 0x00, 0x05, 0x40, 0x00, 0x01, 0xA4,
    0x00, 0x00, 0x02, 0xBA, 0x00, 0x00, 0x00, 0x00, 0x02, 0xFF, 0xFD, 0x00, 0x00, 0x00, 0x00, 0xFF,
    0x47, 0xF0, 0x00, 0x00, 0x00, 0x1F, 0xC0, 0x0F, 0x80, 0x00, 0x00, 0x02, 0xF8, 0x00, 0xBC, 0x00,
    0x00, 0x00, 0x3F, 0x80, 0x0B, 0xC0, 0x00, 0x00, 0x03, 0xFC, 0x00, 0xF8, 0x00, 0x00, 0x00, 0x2F,
    0xD0, 0x1F, 0x40, 0x01, 0x40, 0x01, 0xFF, 0x03, 0xE0, 0x02, 0xFF, 0x00, 0x0B, 0xFE, 0xF8, 0x00,
    0xBF, 0xF8, 0x00, 0x3F, 0xFD, 0x00, 0x1F, 0x7F, 0xC0, 0x02, 0xFF, 0xC0, 0x03, 0xC1, 0xF4, 0x01,
    0xFF, 0xFF, 0x00, 0xB8, 0x05, 0x00, 0xBF, 0x0F, 0xFC, 0x0F, 0x00, 0x00, 0x1F, 0xC0, 0x3F, 0xF0,
    0xE0, 0x00, 0x03, 0xF8, 0x00, 0xFF, 0xED, 0x00, 0x00, 0x3F, 0x80, 0x03, 0xFF, 0xC0, 0x00, 0x07,
    0xF8, 0x00, 0x0F, 0xFC, 0x00, 0x00, 0x7F, 0x80, 0x00, 0x3F, 0xF0, 0x00, 0x03, 0xFC, 0x00, 0x01,
    0xFF, 0xD0, 0x00, 0x3F, 0xE0, 0x00, 0x2F, 0xFF, 0x97, 0xC1, 0xFF, 0x80, 0x0B, 0xDF, 0xFF, 0xF8,
    0x07, 0xFF, 0xFF, 0xF4, 0x2F, 0xFE, 0x00, 0x0B, 0xFF, 0xF8, 0x00, 0x6F, 0x40, 0x00, 0x05, 0x54,
    0x00, 0x00, 0x00, 0x00, 0x00, 0x7E, 0xBF, 0xBE, 0x7D, 0x7C, 0x3C, 0x3C, 0x38, 0x00, 0x00, 0x00,
    0x02, 0xC0, 0x02, 0xF0, 0x01, 0xF4, 0x00, 0xFC, 0x00, 0xBD, 0x00, 0x3F, 0x00, 0x2F, 0x80, 0x0F,
    0xD0, 0x07, 0xF0, 0x02, 0xFC, 0x00, 0xFE, 0x00, 0x7F, 0x40, 0x1F, 0xD0, 0x0B, 0xF0, 0x02, 0xFC,
    0x00, 0xFF, 0x00, 0x3F, 0xC0, 0x0F, 0xF0, 0x03, 0xFC, 0x00, 0xBF, 0x00, 0x2F, 0xD0, 0x07, 0xF4,
    0x00, 0xFE, 0x00, 0x3F, 0xC0, 0x0B, 0xF0, 0x01, 0xFD, 0x00, 0x3F, 0x80, 0x07, 0xF0, 0x00, 0xFD,
    0x00, 0x1F, 0x80, 0x03, 0xF0, 0x00, 0x3E, 0x00, 0x07, 0xC0, 0x00, 0x60, 0x00, 0x00, 0x03, 0xC0,
    0x00, 0x2F, 0x00, 0x00, 0xF8, 0x00, 0x0B, 0xD0, 0x00, 0x3F, 0x00, 0x03, 0xF4, 0x00, 0x1F, 0xC0,
    0x00, 0xFD, 0x00, 0x0F, 0xE0, 0x00, 0xBF, 0x00, 0x07, 0xF4, 0x00, 0x3F, 0x80, 0x03, 0xF8, 0x00,
    0x3F, 0xC0, 0x03, 0xFC, 0x00, 0x3F, 0xC0, 0x03, 0xFC, 0x00, 0x3F, 0xC0, 0x03, 0xFC, 0x00, 0x3F,
    0xC0, 0x03, 0xFC, 0x00, 0x3F, 0x80, 0x07, 0xF4, 0x00, 0xBF, 0x00, 0x0F, 0xF0, 0x00, 0xFD, 0x00,
    0x1F, 0xC0, 0x02, 0xF8, 0x00, 0x3F, 0x00, 0x07, 0xD0, 0x00, 0xFC, 0x00, 0x1F, 0x00, 0x03, 0xD0,
    0x00, 0x18, 0x00, 0x00, 0x00, 0x00, 0x00, 0x00, 0x0B, 0xC0, 0x00, 0x03, 0xF0, 0x00, 0xA0, 0xB8,
    0x24, 0x3F, 0x1D, 0x3F, 0x0B, 0xF7, 0x7F, 0xC0, 0x2F, 0xFE, 0x00, 0x02, 0xFD, 0x00, 0x1F, 0xEE,
    0xF8, 0x1F, 0xD7, 0x6F, 0xC3, 0xD2, 0xD1, 0xF0, 0x00, 0xF8, 0x00, 0x00, 0x3E, 0x00, 0x00, 0x06,
    0x00, 0x00, 0x00, 0x05, 0x40, 0x00, 0x00, 0x3F, 0x00, 0x00, 0x00, 0xFC, 0x00, 0x00, 0x03, 0xF0,
    0x00, 0x00, 0x0F, 0xC0, 0x00, 0x00, 0x3F, 0x00, 0x02, 0xAA, 0xFE, 0xAA, 0x5F, 0xFF, 0xFF, 0xFF,
    0x7F, 0xFF, 0xFF, 0xFC, 0x00, 0x3F, 0x00, 0x00, 0x00, 0xFC, 0x00, 0x00, 0x03, 0xF0, 0x00, 0x00,
    0x0F, 0xC0, 0x00, 0x00, 0x3F, 0x00, 0x00, 0x00, 0xFC, 0x00, 0x00, 0x00, 0x50, 0x00, 0x06, 0x40,
    0xFF, 0x87, 0xFF, 0x1F, 0xFD, 0x2F, 0xF4, 0x07, 0xC0, 0x3E, 0x01, 0xF0, 0x1F, 0x40, 0xF4, 0x01,
    0x00, 0x00, 0x00, 0x00, 0x0B, 0xFF, 0xFD, 0xBF, 0xFF, 0xD7, 0xFF, 0xFC, 0x0A, 0x80, 0xFF, 0xC3,
    0xFF, 0x4F, 0xFC, 0x2F, 0xE0, 0x19, 0x00, 0x00, 0x00, 0x01, 0xA0, 0x00, 0x00, 0x0F, 0x80, 0x00,
    0x00, 0x7D, 0x00, 0x00, 0x02, 0xF0, 0x00, 0x00, 0x0F, 0x80, 0x00, 0x00, 0x7C, 0x00, 0x00, 0x03,
    0xF0, 0x00, 0x00, 0x0F, 0x80, 0x00, 0x00, 0x7C, 0x00, 0x00, 0x03, 0xF0, 0x00, 0x00, 0x0F, 0x40,
    0x00, 0x00, 0xBC, 0x00, 0x00, 0x03, 0xE0, 0x00, 0x00, 0x1F, 0x40, 0x00, 0x00, 0xBC, 0x00, 0x00,
    0x03, 0xE0, 0x00, 0x00, 0x1F, 0x40, 0x00, 0x00, 0xBC, 0x00, 0x00, 0x03, 0xE0, 0x00, 0x00, 0x1F,
    0x00, 0x00, 0x00, 0xFC, 0x00, 0x00, 0x03, 0xD0, 0x00, 0x00, 0x2F, 0x00, 0x00, 0x00, 0xFC, 0x00,
    0x00, 0x03, 0xD0, 0x00, 0x00, 0x2F, 0x00, 0x00, 0x00, 0xF8, 0x00, 0x00, 0x07, 0xD0, 0x00, 0x00,
    0x2F, 0x00, 0x00, 0x00, 0xF8, 0x00, 0x00, 0x02, 0x80, 0x00, 0x00, 0x00, 0x00, 0x06, 0xF9, 0x00,
    0x00, 0x07, 0xFF, 0xFD, 0x00, 0x02, 0xFE, 0x6F, 0xF8, 0x00, 0xBF, 0x40, 0x2F, 0xD0, 0x0F, 0xE0,
    0x00, 0xFF, 0x02, 0xFC, 0x00, 0x07, 0xF8, 0x3F, 0xC0, 0x00, 0x3F, 0xC7, 0xF8, 0x00, 0x03, 0xFC,
    0xBF, 0x40, 0x00, 0x3F, 0xDB, 0xF4, 0x00, 0x02, 0xFD, 0xFF, 0x40, 0x00, 0x2F, 0xEF, 0xF0, 0x00,
    0x02, 0xFE, 0xFF, 0x00, 0x00, 0x2F, 0xEF, 0xF4, 0x00, 0x02, 0xFE, 0xFF, 0x40, 0x00, 0x2F, 0xDB,
    0xF4, 0x00, 0x02, 0xFD, 0xBF, 0x80, 0x00, 0x3F, 0xC7, 0xFC, 0x00, 0x03, 0xFC, 0x3F, 0xC0, 0x00,
    0x3F, 0x82, 0xFD, 0x00, 0x0B, 0xF0, 0x0F, 0xF0, 0x00, 0xFE, 0x00, 0x7F, 0xD0, 0x3F, 0xC0, 0x01,
    0xFF, 0xFF, 0xF0, 0x00, 0x07, 0xFF, 0xF8, 0x00, 0x00, 0x01, 0x54, 0x00, 0x00, 0x00, 0x5A, 0x00,
    0x7F, 0xFF, 0x00, 0xFF, 0xFF, 0x00, 0x16, 0xFF, 0x00, 0x00, 0xFF, 0x00, 0x00, 0xFF, 0x00, 0x00,
    0xFF, 0x00, 0x00, 0xFF, 0x00, 0x00, 0xFF, 0x00, 0x00, 0xFF, 0x00, 0x00, 0xFF, 0x00, 0x00, 0xFF,
    0x00, 0x00, 0xFF, 0x00, 0x00, 0xFF, 0x00, 0x00, 0xFF, 0x00, 0x00, 0xFF, 0x00, 0x00, 0xFF, 0x00,
    0x00, 0xFF, 0x00, 0x00, 0xFF, 0x00, 0x00, 0xFF, 0x00, 0x00, 0xFF, 0x00, 0x01, 0xFF, 0x80, 0xBF,
    0xFF, 0xFF, 0xFF, 0xFF, 0xFF, 0x00, 0x1B, 0xF9, 0x00, 0x00, 0xBF, 0xFF, 0xF0, 0x00, 0xFF, 0xAB,
    0xFF, 0x00, 0xFE, 0x00, 0x2F, 0xF0, 0x3F, 0xC0, 0x03, 0xFD, 0x0F, 0xF0, 0x00, 0xBF, 0x83, 0xFC,
    0x00, 0x2F, 0xE0, 0x28, 0x00, 0x0B, 0xF8, 0x00, 0x00, 0x03, 0xFD, 0x00, 0x00, 0x00, 0xFF, 0x00,
    0x00, 0x00, 0xBF, 0x80, 0x00, 0x00, 0x3F, 0xC0, 0x00, 0x00, 0x3F, 0xD0, 0x00, 0x00, 0x2F, 0xD0,
    0x00, 0x00, 0x2F, 0xE0, 0x00, 0x00, 0x1F, 0xE0, 0x00, 0x00, 0x1F, 0xE0, 0x00, 0x00, 0x0F, 0xE0,
    0x03, 0xC0, 0x0F, 0xE0, 0x01, 0xF0, 0x0F, 0xD0, 0x00, 0xFC, 0x0F, 0xE0, 0x01, 0xFF, 0x0F, 0xFF,
    0xFF, 0xFF, 0x83, 0xFF, 0xFF, 0xFF, 0xE0, 0xFF, 0xFF, 0xFF, 0xF8, 0x00, 0x1A, 0xF9, 0x00, 0x00,
    0x3F, 0xFF, 0xF8, 0x00, 0x7F, 0xEA, 0xFF, 0x80, 0x3F, 0x40, 0x0F, 0xF4, 0x1F, 0xE0, 0x01, 0xFE,
    0x07, 0xFC, 0x00, 0x3F, 0xC0, 0xFF, 0x00, 0x0F, 0xF0, 0x0A, 0x00, 0x07, 0xF8, 0x00, 0x00, 0x02,
    0xFC, 0x00, 0x00, 0x02, 0xFD, 0x00, 0x00, 0x07, 0xFD, 0x00, 0x00, 0x1F, 0xF8, 0x00, 0x00, 0x07,
    0xFF, 0xE0, 0x00, 0x00, 0x1B, 0xFF, 0x00, 0x00, 0x00, 0x2F, 0xF0, 0x00, 0x00, 0x03, 0xFD, 0x00,
    0x00, 0x00, 0xBF, 0x80, 0x00, 0x00, 0x2F, 0xE0, 0x00, 0x00, 0x0F, 0xF8, 0x70, 0x00, 0x03, 0xFD,
    0x3F, 0x40, 0x03, 0xFF, 0x07, 0xFE, 0xAB, 0xFF, 0x40, 0x7F, 0xFF, 0xFF, 0x40, 0x02, 0xFF, 0xFE,
    0x00, 0x00, 0x05, 0x50, 0x00, 0x00, 0x00, 0x00, 0x01, 0x64, 0x00, 0x00, 0x00, 0x2F, 0xF0, 0x00,
    0x00, 0x01, 0xFF, 0xC0, 0x00, 0x00, 0x0F, 0xFF, 0x00, 0x00, 0x00, 0xBF, 0xFC, 0x00, 0x00, 0x07,
    0xEF, 0xF0, 0x00, 0x00, 0x3E, 0x7F, 0xC0, 0x00, 0x02, 0xF1, 0xFF, 0x00, 0x00, 0x1F, 0x47, 0xFC,
    0x00, 0x00, 0xF8, 0x1F, 0xF0, 0x00, 0x0B, 0xC0, 0x7F, 0xC0, 0x00, 0x7D, 0x01, 0xFF, 0x00, 0x03,
    0xE0, 0x07, 0xFC, 0x00, 0x2F, 0x00, 0x1F, 0xF0, 0x01, 0xF4, 0x00, 0x7F, 0xC0, 0x0F, 0x80, 0x01,
    0xFF, 0x00, 0xBF, 0xFF, 0xFF, 0xFF, 0xF5, 0xFF, 0xFF, 0xFF, 0xFF, 0xD1, 0x55, 0x55, 0xBF, 0xD5,
    0x00, 0x00, 0x01, 0xFF, 0x00, 0x00, 0x00, 0x07, 0xFC, 0x00, 0x00, 0x00, 0x2F, 0xF0, 0x00, 0x00,
    0x3F, 0xFF, 0xFE, 0x00, 0x00, 0xFF, 0xFF, 0xF8, 0x01, 0x55, 0x55, 0x54, 0x00, 0xFF, 0xFF, 0xFF,
    0x40, 0x3F, 0xFF, 0xFF, 0xC0, 0x0F, 0xFF, 0xFF, 0xF0, 0x03, 0xE0, 0x00, 0x00, 0x00, 0xF4, 0x00,
    0x00, 0x00, 0x7C, 0x00, 0x00, 0x00, 0x1F, 0x00, 0x00, 0x00, 0x07, 0xC0, 0x00, 0x00, 0x02, 0xF1,
    0xBF, 0x80, 0x00, 0xBF, 0xFF, 0xFE, 0x00, 0x3F, 0xFF, 0xFF, 0xE0, 0x03, 0x80, 0x0B, 0xFD, 0x00,
    0x00, 0x00, 0xBF, 0xC0, 0x00, 0x00, 0x0F, 0xF0, 0x00, 0x00, 0x03, 0xFC, 0x00, 0x00, 0x00, 0xFF,
    0x40, 0x00, 0x00, 0x3F, 0xC0, 0x00, 0x00, 0x0F, 0xF0, 0xB0, 0x00, 0x0B, 0xF8, 0x7F, 0x40, 0x07,
    0xFD, 0x0B, 0xFE, 0xAF, 0xFE, 0x00, 0xBF, 0xFF, 0xFE, 0x00, 0x07, 0xFF, 0xFD, 0x00, 0x00, 0x05,
    0x50, 0x00, 0x00, 0x00, 0x01, 0xBF, 0x90, 0x00, 0x0B, 0xFF, 0xFF, 0x00, 0x0F, 0xF9, 0x6F, 0xF0,
    0x0F, 0xF4, 0x02, 0xFD, 0x0B, 0xF4, 0x00, 0xFF, 0x43, 0xF8, 0x00, 0x3F, 0xC2, 0xFD, 0x00, 0x01,
    0x40, 0xFF, 0x00, 0x00, 0x00, 0x3F, 0x80, 0x00, 0x00, 0x1F, 0xD1, 0xFF, 0xD0, 0x0B, 0xF7, 0xFF,
    0xFF, 0x03, 0xFF, 0xF9, 0xBF, 0xF0, 0xFF, 0xE0, 0x03, 0xFE, 0x3F, 0xE0, 0x00, 0x3F, 0xCF, 0xF4,
    0x00, 0x0F, 0xF3, 0xFC, 0x00, 0x02, 0xFC, 0xFF, 0x00, 0x00, 0xBF, 0x2F, 0xC0, 0x00, 0x2F, 0xC7,
    0xF4, 0x00, 0x0F, 0xF0, 0xFE, 0x00, 0x03, 0xFC, 0x2F, 0xC0, 0x01, 0xFD, 0x03, 0xFC, 0x01, 0xFE,
    0x00, 0x7F, 0xFB, 0xFF, 0x00, 0x02, 0xFF, 0xFD, 0x00, 0x00, 0x05, 0x50, 0x00, 0x00, 0x15, 0x55,
    0x55, 0x55, 0x0F, 0xFF, 0xFF, 0xFF, 0xE3, 0xFF, 0xFF, 0xFF, 0xFC, 0xFF, 0xFF, 0xFF, 0xFE, 0x3F,
    0x00, 0x00, 0x3E, 0x1F, 0x40, 0x00, 0x3F, 0x07, 0xC0, 0x00, 0x2F, 0x40, 0x00, 0x00, 0x1F, 0xC0,
    0x00, 0x00, 0x0F, 0xC0, 0x00, 0x00, 0x0B, 0xE0, 0x00, 0x00, 0x03, 0xF0, 0x00, 0x00, 0x02, 0xFC,
    0x00, 0x00, 0x00, 0xFD, 0x00, 0x00, 0x00, 0xBF, 0x00, 0x00, 0x00, 0x3F, 0xC0, 0x00, 0x00, 0x1F,
    0xE0, 0x00, 0x00, 0x0B, 0xF4, 0x00, 0x00, 0x03, 0xFC, 0x00, 0x00, 0x00, 0xFF, 0x00, 0x00, 0x00,
    0x7F, 0xC0, 0x00, 0x00, 0x1F, 0xF0, 0x00, 0x00, 0x0B, 0xFC, 0x00, 0x00, 0x02, 0xFF, 0x00, 0x00,
    0x00, 0xBF, 0xC0, 0x00, 0x00, 0x04, 0x00, 0x00, 0x00, 0x00, 0x06, 0xFE, 0x40, 0x00, 0x0B, 0xFF,
    0xFF, 0x80, 0x02, 0xFE, 0x57, 0xFE, 0x00, 0x7F, 0x00, 0x0B, 0xF4, 0x0F, 0xE0, 0x00, 0x3F, 0x80,
    0xFE, 0x00, 0x03, 0xF8, 0x0F, 0xE0, 0x00, 0x3F, 0x80, 0xFF, 0x40, 0x07, 0xF0, 0x0B, 0xFD, 0x00,
    0xFE, 0x00, 0x3F, 0xFD, 0x2F, 0x80, 0x00, 0xFF, 0xFF, 0xD0, 0x00, 0x02, 0xFF, 0xFE, 0x00, 0x00,
    0x7F, 0xFF, 0xFD, 0x00, 0x3F, 0xD1, 0xFF, 0xF4, 0x0F, 0xF0, 0x01, 0xFF, 0xC2, 0xFD, 0x00, 0x07,
    0xFD, 0x3F, 0xC0, 0x00, 0x2F, 0xE3, 0xF8, 0x00, 0x01, 0xFE, 0x3F, 0x80, 0x00, 0x1F, 0xE3, 0xFC,
    0x00, 0x02, 0xFD, 0x3F, 0xD0, 0x00, 0x3F, 0xC1, 0xFF, 0x80, 0x0F, 0xF4, 0x07, 0xFF, 0xFF, 0xFD,
    0x00, 0x0B, 0xFF, 0xFE, 0x00, 0x00, 0x01, 0x54, 0x00, 0x00, 0x00, 0x0A, 0xF9, 0x00, 0x00, 0x2F,
    0xFF, 0xF8, 0x00, 0x3F, 0xD5, 0xBF, 0x80, 0x3F, 0xC0, 0x07, 0xF4, 0x1F, 0xD0, 0x00, 0xFF, 0x0F,
    0xF0, 0x00, 0x1F, 0xD3, 0xFC, 0x00, 0x07, 0xF8, 0xFF, 0x00, 0x00, 0xFE, 0x3F, 0xC0, 0x00, 0x3F,
    0xCF, 0xF0, 0x00, 0x1F, 0xF3, 0xFC, 0x00, 0x0B, 0xFC, 0xFF, 0x40, 0x03, 0xFF, 0x1F, 0xF4, 0x03,
    0xFF, 0xC2, 0xFF, 0xFF, 0xFF, 0xF0, 0x2F, 0xFF, 0xE7, 0xF8, 0x00, 0xAE, 0x81, 0xFE, 0x00, 0x00,
    0x00, 0xBF, 0x40, 0x00, 0x00, 0x3F, 0xC0, 0x00, 0x00, 0x0F, 0xF0, 0x00, 0x00, 0x0B, 0xF4, 0x1D,
    0x00, 0x0B, 0xFC, 0x0F, 0xFA, 0x6F, 0xFD, 0x00, 0xFF, 0xFF, 0xFD, 0x00, 0x07, 0xFF, 0xFD, 0x00,
    0x00, 0x05, 0x50, 0x00, 0x00, 0x05, 0x40, 0xBF, 0x83, 0xFF, 0x0F, 0xFD, 0x3F, 0xF0, 0x2E, 0x00,
    0x00, 0x00, 0x00, 0x00, 0x00, 0x00, 0x00, 0x00, 0x00, 0x00, 0x00, 0x00, 0x2A, 0x03, 0xFF, 0x0F,
    0xFD, 0x3F, 0xF0, 0xBF, 0x80, 0x64, 0x00, 0x05, 0x00, 0xFF, 0x47, 0xFF, 0x1F, 0xFC, 0x3F, 0xF0,
    0x7E, 0x00, 0x00, 0x00, 0x00, 0x00, 0x00, 0x00, 0x00, 0x00, 0x00, 0x00, 0x00, 0x00, 0x19, 0x03,
    0xFE, 0x1F, 0xFC, 0x7F, 0xF4, 0xBF, 0xD0, 0x1F, 0x00, 0xF8, 0x07, 0xC0, 0x7D, 0x03, 0xD0, 0x04,
    0x00, 0x00, 0x00, 0x00, 0x80, 0x00, 0x00, 0x7E, 0x00, 0x00, 0x2F, 0xE0, 0x00, 0x2F, 0xF0, 0x00,
    0x1F, 0xF4, 0x00, 0x0B, 0xF8, 0x00, 0x0B, 0xFC, 0x00, 0x07, 0xFD, 0x00, 0x00, 0xBF, 0x00, 0x00,
    0x07, 0xFD, 0x00, 0x00, 0x0B, 0xFC, 0x00, 0x00, 0x0F, 0xF8, 0x00, 0x00, 0x1F, 0xF4, 0x00, 0x00,
    0x2F, 0xF0, 0x00, 0x00, 0x3F, 0xE0, 0x00, 0x00, 0x7E, 0x00, 0x00, 0x00, 0x80, 0x15, 0x55, 0x55,
    0x55, 0xFF, 0xFF, 0xFF, 0xF7, 0xFF, 0xFF, 0xFF, 0xC0, 0x00, 0x00, 0x00, 0x00, 0x00, 0x00, 0x00,
    0x00, 0x00, 0x00, 0x01, 0x55, 0x55, 0x55, 0x5F, 0xFF, 0xFF, 0xFF, 0x7F, 0xFF, 0xFF, 0xFC, 0x00,
    0x00, 0x00, 0x00, 0x10, 0x00, 0x00, 0x03, 0xE0, 0x00, 0x00, 0x7F, 0xD0, 0x00, 0x00, 0xBF, 0xC0,
    0x00, 0x00, 0xFF, 0x80, 0x00, 0x01, 0xFF, 0x40, 0x00, 0x02, 0xFF, 0x00, 0x00, 0x02, 0xFE, 0x00,
    0x00, 0x0B, 0xF0, 0x00, 0x02, 0xFE, 0x00, 0x02, 0xFF, 0x00, 0x01, 0xFF, 0x40, 0x00, 0xFF, 0x80,
    0x00, 0xBF, 0xC0, 0x00, 0x7F, 0xD0, 0x00, 0x03, 0xE0, 0x00, 0x00, 0x10, 0x00, 0x00, 0x00, 0x00,
    0x2B, 0xE4, 0x00, 0x0B, 0xFF, 0xFE, 0x00, 0xFD, 0x07, 0xFE, 0x0B, 0xD0, 0x03, 0xFC, 0x3F, 0xC0,
    0x07, 0xF4, 0xFF, 0x00, 0x1F, 0xE1, 0xF8, 0x00, 0xBF, 0x80, 0x00, 0x03, 0xFD, 0x00, 0x00, 0x3F,
    0xF0, 0x00, 0x03, 0xFF, 0x00, 0x00, 0x3F, 0xF0, 0x00, 0x02, 0xFF, 0x40, 0x00, 0x0F, 0xF0, 0x00,
    0x00, 0x3F, 0x00, 0x00, 0x00, 0xF8, 0x00, 0x00, 0x03, 0xD0, 0x00, 0x00, 0x0F, 0x40, 0x00, 0x00,
    0x14, 0x00, 0x00, 0x00, 0x00, 0x00, 0x00, 0x01, 0x40, 0x00, 0x00, 0x3F, 0xC0, 0x00, 0x01, 0xFF,
    0x80, 0x00, 0x07, 0xFE, 0x00, 0x00, 0x0F, 0xF0, 0x00, 0x00, 0x05, 0x00, 0x00, 0x00, 0x00, 0x00,
    0x00, 0x00, 0x00, 0x00, 0x00, 0x00, 0xBF, 0xFF, 0xE4, 0x00, 0x00, 0x00, 0x2F, 0xFF, 0xFF, 0xFE,
    0x00, 0x00, 0x07, 0xFD, 0x00, 0x01, 0xFF, 0x00, 0x00, 0x7F, 0x00, 0x00, 0x00, 0x7F, 0x00, 0x07,
    0xE0, 0x00, 0x00, 0x00, 0x3F, 0x00, 0x3E, 0x00, 0x01, 0x40, 0x00, 0x3D, 0x02, 0xF0, 0x02, 0xFF,
    0xFB, 0x80, 0xBC, 0x0F, 0x40, 0x3F, 0xE6, 0xFE, 0x01, 0xF0, 0x7C, 0x02, 0xF8, 0x01, 0xF8, 0x03,
    0xD2, 0xE0, 0x0F, 0xC0, 0x0B, 0xE0, 0x0F, 0x4F, 0x40, 0xBE, 0x00, 0x3F, 0x80, 0x3E, 0x3D, 0x03,
    0xF4, 0x01, 0xFD, 0x00, 0xF8, 0xF4, 0x0F, 0xC0, 0x0B, 0xF4, 0x03, 0xD3, 0xD0, 0x3F, 0x00, 0x3B,
    0xD0, 0x0F, 0x4F, 0x40, 0xFC, 0x01, 0xDF, 0x40, 0x7C, 0x3E, 0x03, 0xF0, 0x0F, 0x3D, 0x03, 0xE0,
    0xF8, 0x0B, 0xE0, 0xB4, 0xF4, 0x2F, 0x02, 0xF0, 0x1F, 0xFF, 0xC3, 0xFB, 0xF4, 0x07, 0xD0, 0x1F,
    0xFC, 0x0F, 0xFF, 0x00, 0x0F, 0xC0, 0x05, 0x40, 0x05, 0x40, 0x00, 0x1F, 0xC0, 0x00, 0x00, 0x00,
    0x00, 0x00, 0x1F, 0xC0, 0x00, 0x00, 0x74, 0x00, 0x00, 0x2F, 0xE4, 0x00, 0x1B, 0xE0, 0x00, 0x00,
    0x1F, 0xFF, 0xFF, 0xFD, 0x00, 0x00, 0x00, 0x06, 0xFF, 0xFF, 0x40, 0x00, 0x00, 0x00, 0x00, 0x15,
    0x00, 0x00, 0x00, 0x00, 0x00, 0x00, 0x01, 0x50, 0x00, 0x00, 0x00, 0x00, 0x03, 0xFF, 0x00, 0x00,
    0x00, 0x00, 0x00, 0xFF, 0xC0, 0x00, 0x00, 0x00, 0x00, 0xBF, 0xF8, 0x00, 0x00, 0x00, 0x00, 0x3E,
    0xFF, 0x00, 0x00, 0x00, 0x00, 0x1F, 0x2F, 0xD0, 0x00, 0x00, 0x00, 0x0B, 0xC7, 0xF8, 0x00, 0x00,
    0x00, 0x03, 0xD0, 0xFF, 0x00, 0x00, 0x00, 0x01, 0xF0, 0x2F, 0xD0, 0x00, 0x00, 0x00, 0xB8, 0x07,
    0xF8, 0x00, 0x00, 0x00, 0x3D, 0x00, 0xFF, 0x00, 0x00, 0x00, 0x1F, 0x00, 0x2F, 0xD0, 0x00, 0x00,
    0x0F, 0x80, 0x07, 0xF8, 0x00, 0x00, 0x03, 0xD0, 0x00, 0xFF, 0x00, 0x00, 0x02, 0xFA, 0xAA, 0xBF,
    0xD0, 0x00, 0x00, 0xFF, 0xFF, 0xFF, 0xFC, 0x00, 0x00, 0x3E, 0xAA, 0xAA, 0xFF, 0x00, 0x00, 0x2F,
    0x00, 0x00, 0x2F, 0xE0, 0x00, 0x0F, 0x80, 0x00, 0x07, 0xFC, 0x00, 0x07, 0xD0, 0x00, 0x00, 0xFF,
    0x00, 0x02, 0xF0, 0x00, 0x00, 0x2F, 0xE0, 0x01, 0xFC, 0x00, 0x00, 0x0B, 0xFD, 0x0B, 0xFF, 0xF8,
    0x00, 0x3F, 0xFF, 0xF2, 0xFF, 0xFE, 0x00, 0x0F, 0xFF, 0xFD, 0x15, 0x55, 0x55, 0x00, 0x00, 0x3F,
    0xFF, 0xFF, 0xFD, 0x00, 0x2B, 0xFF, 0xAB, 0xFF, 0xC0, 0x01, 0xFF, 0x00, 0x3F, 0xF0, 0x01, 0xFF,
    0x00, 0x0F, 0xF4, 0x01, 0xFF, 0x00, 0x0B, 0xF8, 0x01, 0xFF, 0x00, 0x0B, 0xF8, 0x01, 0xFF, 0x00,
    0x0B, 0xF4, 0x01, 0xFF, 0x00, 0x0F, 0xF0, 0x01, 0xFF, 0x00, 0x2F, 0xD0, 0x01, 0xFF, 0x01, 0xFF,
    0x00, 0x01, 0xFF, 0xFF, 0xF8, 0x00, 0x01, 0xFF, 0xFF, 0xFF, 0x90, 0x01, 0xFF, 0x00, 0x2F, 0xF4,
    0x01, 0xFF, 0x00, 0x03, 0xFD, 0x01, 0xFF, 0x00, 0x02, 0xFE, 0x01, 0xFF, 0x00, 0x01, 0xFF, 0x01,
    0xFF, 0x00, 0x01, 0xFF, 0x01, 0xFF, 0x00, 0x01, 0xFF, 0x01, 0xFF, 0x00, 0x03, 0xFE, 0x01, 0xFF,
    0x00, 0x0B, 0xFC, 0x02, 0xFF, 0x01, 0x7F, 0xF4, 0x3F, 0xFF, 0xFF, 0xFF, 0xC0, 0x3F, 0xFF, 0xFF,
    0xE8, 0x00, 0x00, 0x00, 0x6F, 0xE4, 0x3C, 0x00, 0x02, 0xFF, 0xFF, 0xCF, 0x40, 0x07, 0xFF, 0xAB,
    0xFF, 0xD0, 0x07, 0xFD, 0x00, 0x0F, 0xF8, 0x03, 0xFC, 0x00, 0x00, 0xFF, 0x03, 0xFD, 0x00, 0x00,
    0x0F, 0xC1, 0xFF, 0x00, 0x00, 0x02, 0xF0, 0xBF, 0x40, 0x00, 0x00, 0x3C, 0x3F, 0xC0, 0x00, 0x00,
    0x04, 0x0F, 0xF0, 0x00, 0x00, 0x00, 0x07, 0xFC, 0x00, 0x00, 0x00, 0x01, 0xFF, 0x00, 0x00, 0x00,
    0x00, 0x7F, 0xC0, 0x00, 0x00, 0x00, 0x1F, 0xF0, 0x00, 0x00, 0x00, 0x07, 0xFC, 0x00, 0x00, 0x00,
    0x00, 0xFF, 0x40, 0x00, 0x00, 0x00, 0x3F, 0xE0, 0x00, 0x00, 0x00, 0x0B, 0xFC, 0x00, 0x00, 0x00,
    0x00, 0xFF, 0x80, 0x00, 0x00, 0x10, 0x2F, 0xF4, 0x00, 0x00, 0x3D, 0x03, 0xFF, 0x40, 0x00, 0x7F,
    0x00, 0x3F, 0xFE, 0x56, 0xFF, 0x40, 0x02, 0xFF, 0xFF, 0xFF, 0x00, 0x00, 0x1B, 0xFF, 0xFD, 0x00,
    0x00, 0x00, 0x15, 0x50, 0x00, 0x00, 0x15, 0x55, 0x55, 0x40, 0x00, 0x00, 0x3F, 0xFF, 0xFF, 0xFF,
    0x80, 0x00, 0x2B, 0xFF, 0xFF, 0xFF, 0xF8, 0x00, 0x01, 0xFF, 0x00, 0x0B, 0xFF, 0x00, 0x01, 0xFF,
    0x00, 0x00, 0xFF, 0xC0, 0x01, 0xFF, 0x00, 0x00, 0x3F, 0xE0, 0x01, 0xFF, 0x00, 0x00, 0x1F, 0xF0,
    0x01, 0xFF, 0x00, 0x00, 0x0F, 0xF4, 0x01, 0xFF, 0x00, 0x00, 0x0B, 0xF8, 0x01, 0xFF, 0x00, 0x00,
    0x07, 0xFC, 0x01, 0xFF, 0x00, 0x00, 0x07, 0xFC, 0x01, 0xFF, 0x00, 0x00, 0x07, 0xFC, 0x01, 0xFF,
    0x00, 0x00, 0x07, 0xFC, 0x01, 0xFF, 0x00, 0x00, 0x07, 0xFC, 0x01, 0xFF, 0x00, 0x00, 0x07, 0xFC,
    0x01, 0xFF, 0x00, 0x00, 0x0B, 0xF8, 0x01, 0xFF, 0x00, 0x00, 0x0F, 0xF4, 0x01, 0xFF, 0x00, 0x00,
    0x0F, 0xF0, 0x01, 0xFF, 0x00, 0x00, 0x2F, 0xD0, 0x01, 0xFF, 0x00, 0x00, 0x7F, 0x80, 0x01, 0xFF,
    0x00, 0x02, 0xFF, 0x00, 0x02, 0xFF, 0x41, 0x6F, 0xF8, 0x00, 0x3F, 0xFF, 0xFF, 0xFF, 0x80, 0x00,
    0x3F, 0xFF, 0xFF, 0xE4, 0x00, 0x00, 0x15, 0x55, 0x55, 0x55, 0x40, 0xFF, 0xFF, 0xFF, 0xFF, 0x02,
    0xBF, 0xFA, 0xAF, 0xFD, 0x00, 0x7F, 0xC0, 0x02, 0xF8, 0x01, 0xFF, 0x00, 0x03, 0xF0, 0x07, 0xFC,
    0x00, 0x07, 0xC0, 0x1F, 0xF0, 0x00, 0x09, 0x00, 0x7F, 0xC0, 0x00, 0x00, 0x01, 0xFF, 0x00, 0x2C,
    0x00, 0x07, 0xFC, 0x00, 0xF0, 0x00, 0x1F, 0xF0, 0x0B, 0xC0, 0x00, 0x7F, 0xFF, 0xFF, 0x00, 0x01,
    0xFF, 0xFF, 0xFC, 0x00, 0x07, 0xFD, 0x57, 0xF0, 0x00, 0x1F, 0xF0, 0x03, 0xC0, 0x00, 0x7F, 0xC0,
    0x0F, 0x00, 0x01, 0xFF, 0x00, 0x00, 0x00, 0x07, 0xFC, 0x00, 0x00, 0x50, 0x1F, 0xF0, 0x00, 0x0B,
    0xC0, 0x7F, 0xC0, 0x00, 0x3E, 0x01, 0xFF, 0x00, 0x01, 0xF8, 0x0B, 0xFC, 0x00, 0x2F, 0xD3, 0xFF,
    0xFF, 0xFF, 0xFF, 0x4F, 0xFF, 0xFF, 0xFF, 0xFC, 0x15, 0x55, 0x55, 0x55, 0x40, 0xFF, 0xFF, 0xFF,
    0xFF, 0x42, 0xBF, 0xFA, 0xAF, 0xFE, 0x00, 0x7F, 0xC0, 0x02, 0xFC, 0x01, 0xFF, 0x00, 0x03, 0xF0,
    0x07, 0xFC, 0x00, 0x07, 0xC0, 0x1F, 0xF0, 0x00, 0x0F, 0x40, 0x7F, 0xC0, 0x00, 0x00, 0x01, 0xFF,
    0x00, 0x00, 0x00, 0x07, 0xFC, 0x00, 0xF0, 0x00, 0x1F, 0xF0, 0x03, 0xC0, 0x00, 0x7F, 0xD5, 0x7F,
    0x00, 0x01, 0xFF, 0xFF, 0xFC, 0x00, 0x07, 0xFF, 0xFF, 0xF0, 0x00, 0x1F, 0xF0, 0x0B, 0xC0, 0x00,
    0x7F, 0xC0, 0x0F, 0x00, 0x01, 0xFF, 0x00, 0x3C, 0x00, 0x07, 0xFC, 0x00, 0x00, 0x00, 0x1F, 0xF0,
    0x00, 0x00, 0x00, 0x7F, 0xC0, 0x00, 0x00, 0x01, 0xFF, 0x00, 0x00, 0x00, 0x0B, 0xFC, 0x00, 0x00,
    0x03, 0xFF, 0xFF, 0xD0, 0x00, 0x0F, 0xFF, 0xFF, 0x40, 0x00, 0x00, 0x00, 0x6F, 0xE4, 0x2D, 0x00,
    0x00, 0x0B, 0xFF, 0xFF, 0x7D, 0x00, 0x00, 0x7F, 0xFA, 0xBF, 0xFE, 0x00, 0x01, 0xFF, 0x40, 0x02,
    0xFF, 0x00, 0x03, 0xFC, 0x00, 0x00, 0xBF, 0x00, 0x0B, 0xF4, 0x00, 0x00, 0x3F, 0x00, 0x0F, 0xF0,
    0x00, 0x00, 0x0F, 0x40, 0x2F, 0xD0, 0x00, 0x00, 0x0F, 0x80, 0x3F, 0xC0, 0x00, 0x00, 0x01, 0x00,
    0x3F, 0xC0, 0x00, 0x00, 0x00, 0x00, 0x7F, 0xC0, 0x00, 0x00, 0x00, 0x00, 0x7F, 0xC0, 0x00, 0x00,
    0x00, 0x00, 0x7F, 0xC0, 0x00, 0x05, 0x55, 0x54, 0x7F, 0xC0, 0x00, 0x0F, 0xFF, 0xFC, 0x7F, 0xC0,
    0x00, 0x0B, 0xFF, 0xF8, 0x3F, 0xC0, 0x00, 0x00, 0x7F, 0x80, 0x3F, 0xD0, 0x00, 0x00, 0x3F, 0x80,
    0x2F, 0xF0, 0x00, 0x00, 0x3F, 0x80, 0x0F, 0xF4, 0x00, 0x00, 0x3F, 0x80, 0x0B, 0xFC, 0x00, 0x00,
    0x3F, 0x80, 0x03, 0xFF, 0x00, 0x00, 0xFF, 0x80, 0x00, 0xFF, 0xE4, 0x1B, 0xFF, 0x80, 0x00, 0x3F,
    0xFF, 0xFF, 0xEF, 0x80, 0x00, 0x07, 0xFF, 0xFE, 0x0B, 0x80, 0x00, 0x00, 0x15, 0x50, 0x00, 0x00,
    0x15, 0x55, 0x50, 0x00, 0x55, 0x55, 0x43, 0xFF, 0xFF, 0x80, 0x2F, 0xFF, 0xFC, 0x2B, 0xFF, 0xE4,
    0x01, 0xBF, 0xFE, 0x80, 0x1F, 0xF0, 0x00, 0x00, 0xFF, 0x40, 0x01, 0xFF, 0x00, 0x00, 0x0B, 0xF4,
    0x00, 0x1F, 0xF0, 0x00, 0x00, 0xBF, 0x40, 0x01, 0xFF, 0x00, 0x00, 0x0B, 0xF4, 0x00, 0x1F, 0xF0,
    0x00, 0x00, 0xBF, 0x40, 0x01, 0xFF, 0x00, 0x00, 0x0B, 0xF4, 0x00, 0x1F, 0xF0, 0x00, 0x00, 0xBF,
    0x40, 0x01, 0xFF, 0x00, 0x00, 0x0F, 0xF4, 0x00, 0x1F, 0xFF, 0xFF, 0xFF, 0xFF, 0x40, 0x01, 0xFF,
    0xFF, 0xFF, 0xFF, 0xF4, 0x00, 0x1F, 0xF0, 0x00, 0x00, 0xFF, 0x40, 0x01, 0xFF, 0x00, 0x00, 0x0B,
    0xF4, 0x00, 0x1F, 0xF0, 0x00, 0x00, 0xBF, 0x40, 0x01, 0xFF, 0x00, 0x00, 0x0B, 0xF4, 0x00, 0x1F,
    0xF0, 0x00, 0x00, 0xBF, 0x40, 0x01, 0xFF, 0x00, 0x00, 0x0B, 0xF4, 0x00, 0x1F, 0xF0, 0x00, 0x00,
    0xBF, 0x40, 0x01, 0xFF, 0x00, 0x00, 0x0F, 0xF4, 0x00, 0x2F, 0xF0, 0x00, 0x00, 0xFF, 0x80, 0x3F,
    0xFF, 0xF4, 0x01, 0xFF, 0xFF, 0xC3, 0xFF, 0xFF, 0x80, 0x2F, 0xFF, 0xFC, 0x15, 0x55, 0x54, 0xFF,
    0xFF, 0xF2, 0xBF, 0xFE, 0x40, 0x7F, 0xC0, 0x00, 0xFF, 0x00, 0x03, 0xFC, 0x00, 0x0F, 0xF0, 0x00,
    0x3F, 0xC0, 0x00, 0xFF, 0x00, 0x03, 0xFC, 0x00, 0x0F, 0xF0, 0x00, 0x3F, 0xC0, 0x00, 0xFF, 0x00,
    0x03, 0xFC, 0x00, 0x0F, 0xF0, 0x00, 0x3F, 0xC0, 0x00, 0xFF, 0x00, 0x03, 0xFC, 0x00, 0x0F, 0xF0,
    0x00, 0x3F, 0xC0, 0x00, 0xFF, 0x00, 0x0B, 0xFD, 0x03, 0xFF, 0xFF, 0x8F, 0xFF, 0xFF, 0x00, 0x01,
    0x55, 0x55, 0x40, 0x02, 0xFF, 0xFF, 0xE0, 0x00, 0x6F, 0xFF, 0xE4, 0x00, 0x00, 0x7F, 0xC0, 0x00,
    0x00, 0x0F, 0xF0, 0x00, 0x00, 0x03, 0xFC, 0x00, 0x00, 0x00, 0xFF, 0x00, 0x00, 0x00, 0x3F, 0xC0,
    0x00, 0x00, 0x0F, 0xF0, 0x00, 0x00, 0x03, 0xFC, 0x00, 0x00, 0x00, 0xFF, 0x00, 0x00, 0x00, 0x3F,
    0xC0, 0x00, 0x00, 0x0F, 0xF0, 0x00, 0x00, 0x03, 0xFC, 0x00, 0x00, 0x00, 0xFF, 0x00, 0x00, 0x00,
    0x3F, 0xC0, 0x00, 0x00, 0x0F, 0xF0, 0x07, 0x90, 0x03, 0xF8, 0x07, 0xFC, 0x01, 0xFE, 0x03, 0xFF,
    0x00, 0x7F, 0x40, 0xFF, 0x40, 0x3F, 0xC0, 0x2F, 0xD0, 0x2F, 0xE0, 0x03, 0xFF, 0xFF, 0xE0, 0x00,
    0x2F, 0xFF, 0xD0, 0x00, 0x00, 0x55, 0x00, 0x00, 0x00, 0x15, 0x55, 0x54, 0x05, 0x55, 0x50, 0x3F,
    0xFF, 0xFC, 0x0F, 0xFF, 0xF0, 0x2B, 0xFF, 0xE4, 0x0B, 0xFF, 0xE0, 0x01, 0xFF, 0x00, 0x00, 0xFE,
    0x00, 0x00, 0xFF, 0x00, 0x01, 0xF4, 0x00, 0x00, 0xFF, 0x00, 0x07, 0xD0, 0x00, 0x00, 0xFF, 0x00,
    0x1F, 0x80, 0x00, 0x00, 0xFF, 0x00, 0x7E, 0x00, 0x00, 0x00, 0xFF, 0x01, 0xF8, 0x00, 0x00, 0x00,
    0xFF, 0x07, 0xE0, 0x00, 0x00, 0x00, 0xFF, 0x1F, 0xC0, 0x00, 0x00, 0x00, 0xFF, 0x7F, 0xC0, 0x00,
    0x00, 0x00, 0xFF, 0xFF, 0xF0, 0x00, 0x00, 0x00, 0xFF, 0xEF, 0xF8, 0x00, 0x00, 0x00, 0xFF, 0x87,
    0xFC, 0x00, 0x00, 0x00, 0xFF, 0x03, 0xFF, 0x00, 0x00, 0x00, 0xFF, 0x00, 0xFF, 0x40, 0x00, 0x00,
    0xFF, 0x00, 0xBF, 0xC0, 0x00, 0x00, 0xFF, 0x00, 0x3F, 0xF0, 0x00, 0x00, 0xFF, 0x00, 0x1F, 0xF4,
    0x00, 0x00, 0xFF, 0x00, 0x0B, 0xFC, 0x00, 0x02, 0xFF, 0x40, 0x03, 0xFF, 0x40, 0x3F, 0xFF, 0xF8,
    0x01, 0xFF, 0xFF, 0x3F, 0xFF, 0xFC, 0x00, 0x7F, 0xFD, 0x00, 0x00, 0x00, 0x00, 0x05, 0x50, 0x15,
    0x55, 0x54, 0x00, 0x00, 0xFF, 0xFF, 0xF0, 0x00, 0x02, 0xBF, 0xFE, 0x80, 0x00, 0x00, 0x7F, 0xC0,
    0x00, 0x00, 0x01, 0xFF, 0x00, 0x00, 0x00, 0x07, 0xFC, 0x00, 0x00, 0x00, 0x1F, 0xF0, 0x00, 0x00,
    0x00, 0x7F, 0xC0, 0x00, 0x00, 0x01, 0xFF, 0x00, 0x00, 0x00, 0x07, 0xFC, 0x00, 0x00, 0x00, 0x1F,
    0xF0, 0x00, 0x00, 0x00, 0x7F, 0xC0, 0x00, 0x00, 0x01, 0xFF, 0x00, 0x00, 0x00, 0x07, 0xFC, 0x00,
    0x00, 0x00, 0x1F, 0xF0, 0x00, 0x00, 0x00, 0x7F, 0xC0, 0x00, 0x00, 0x01, 0xFF, 0x00, 0x00, 0x50,
    0x07, 0xFC, 0x00, 0x03, 0xD0, 0x1F, 0xF0, 0x00, 0x1F, 0x40, 0x7F, 0xC0, 0x00, 0xBC, 0x01, 0xFF,
    0x00, 0x07, 0xF0, 0x0B, 0xFC, 0x00, 0xBF, 0xC3, 0xFF, 0xFF, 0xFF, 0xFF, 0x0F, 0xFF, 0xFF, 0xFF,
    0xFC, 0x05, 0x55, 0x50, 0x00, 0x00, 0x05, 0x55, 0x40, 0x3F, 0xFF, 0xD0, 0x00, 0x00, 0xFF, 0xFF,
    0x40, 0xAF, 0xFF, 0x80, 0x00, 0x03, 0xFF, 0xF8, 0x00, 0x1F, 0xFF, 0x00, 0x00, 0x2F, 0xFE, 0x00,
    0x00, 0x7F, 0xFD, 0x00, 0x00, 0xFF, 0xF8, 0x00, 0x01, 0xF7, 0xF8, 0x00, 0x07, 0xDF, 0xE0, 0x00,
    0x07, 0xCF, 0xF0, 0x00, 0x2E, 0x7F, 0x80, 0x00, 0x2F, 0x1F, 0xD0, 0x00, 0xF4, 0xFF, 0x00, 0x00,
    0xBC, 0x3F, 0xC0, 0x07, 0xC3, 0xFC, 0x00, 0x02, 0xF0, 0xBF, 0x00, 0x3E, 0x0F, 0xF0, 0x00, 0x0B,
    0xC1, 0xFD, 0x00, 0xF0, 0x3F, 0xC0, 0x00, 0x3F, 0x03, 0xFC, 0x0B, 0xC0, 0xFF, 0x00, 0x00, 0xFC,
    0x0B, 0xF0, 0x3D, 0x03, 0xFC, 0x00, 0x03, 0xF0, 0x1F, 0xE1, 0xF0, 0x0F, 0xF0, 0x00, 0x0F, 0x80,
    0x3F, 0xCB, 0x80, 0x3F, 0xC0, 0x00, 0x3E, 0x00, 0xBF, 0x7D, 0x00, 0xBF, 0x00, 0x00, 0xF8, 0x00,
    0xFF, 0xF0, 0x02, 0xFD, 0x00, 0x03, 0xE0, 0x03, 0xFF, 0x80, 0x0B, 0xF4, 0x00, 0x0F, 0x40, 0x07,
    0xFC, 0x00, 0x2F, 0xD0, 0x00, 0x3D, 0x00, 0x0F, 0xF0, 0x00, 0x7F, 0x40, 0x01, 0xF4, 0x00, 0x00,
    0x00, 0x01, 0xFE, 0x00, 0x0B, 0xE0, 0x00, 0x00, 0x00, 0x0B, 0xFC, 0x03, 0xFF, 0xFC, 0x00, 0x00,
    0x07, 0xFF, 0xFF, 0x4F, 0xFF, 0xF0, 0x00, 0x00, 0x1F, 0xFF, 0xFD, 0x15, 0x55, 0x40, 0x00, 0x15,
    0x55, 0x4F, 0xFF, 0xF0, 0x00, 0x1F, 0xFF, 0xF2, 0xBF, 0xFF, 0x00, 0x02, 0xFF, 0xE4, 0x07, 0xFF,
    0xD0, 0x00, 0x0B, 0xC0, 0x01, 0xFF, 0xFC, 0x00, 0x02, 0xF0, 0x00, 0x7E, 0xFF, 0x80, 0x00, 0xBC,
    0x00, 0x1F, 0x6F, 0xF0, 0x00, 0x2F, 0x00, 0x07, 0xD3, 0xFE, 0x00, 0x0B, 0xC0, 0x01, 0xF4, 0x7F,
    0xD0, 0x02, 0xF0, 0x00, 0x7D, 0x0B, 0xFC, 0x00, 0xBC, 0x00, 0x1F, 0x40, 0xFF, 0x40, 0x2F, 0x00,
    0x07, 0xD0, 0x2F, 0xF0, 0x0B, 0xC0, 0x01, 0xF4, 0x03, 0xFE, 0x02, 0xF0, 0x00, 0x7D, 0x00, 0x7F,
    0xC0, 0xBC, 0x00, 0x1F, 0x40, 0x0B, 0xFC, 0x2F, 0x00, 0x07, 0xD0, 0x00, 0xFF, 0x4B, 0xC0, 0x01,
    0xF4, 0x00, 0x2F, 0xF2, 0xF0, 0x00, 0x7D, 0x00, 0x03, 0xFE, 0xBC, 0x00, 0x1F, 0x40, 0x00, 0x7F,
    0xFF, 0x00, 0x07, 0xD0, 0x00, 0x0B, 0xFF, 0xC0, 0x01, 0xF4, 0x00, 0x00, 0xFF, 0xF0, 0x00, 0xBF,
    0x00, 0x00, 0x2F, 0xFC, 0x03, 0xFF, 0xFC, 0x00, 0x03, 0xFF, 0x00, 0xFF, 0xFF, 0x00, 0x00, 0x7F,
    0xC0, 0x00, 0x00, 0x6B, 0xE9, 0x00, 0x00, 0x00, 0x2F, 0xFF, 0xFF, 0x80, 0x00, 0x03, 0xFF, 0xAB,
    0xFF, 0xC0, 0x00, 0x7F, 0xD0, 0x01, 0xFF, 0xC0, 0x03, 0xFC, 0x00, 0x00, 0xFF, 0xC0, 0x2F, 0xD0,
    0x00, 0x00, 0xFF, 0x80, 0xFF, 0x00, 0x00, 0x02, 0xFF, 0x0B, 0xF4, 0x00, 0x00, 0x03, 0xFD, 0x3F,
    0xC0, 0x00, 0x00, 0x0F, 0xF8, 0xFF, 0x00, 0x00, 0x00, 0x2F, 0xF7, 0xFC, 0x00, 0x00, 0x00, 0xBF,
    0xDF, 0xF0, 0x00, 0x00, 0x01, 0xFF, 0x7F, 0xC0, 0x00, 0x00, 0x07, 0xFD, 0xFF, 0x00, 0x00, 0x00,
    0x1F, 0xF7, 0xFC, 0x00, 0x00, 0x00, 0xBF, 0x8F, 0xF0, 0x00, 0x00, 0x02, 0xFE, 0x3F, 0xD0, 0x00,
    0x00, 0x0F, 0xF0, 0xBF, 0xC0, 0x00, 0x00, 0x3F, 0xC0, 0xFF, 0x40, 0x00, 0x01, 0xFD, 0x02, 0xFF,
    0x00, 0x00, 0x0F, 0xF0, 0x03, 0xFF, 0x00, 0x00, 0xFF, 0x00, 0x03, 0xFF, 0x80, 0x2F, 0xF4, 0x00,
    0x03, 0xFF, 0xFF, 0xFF, 0x00, 0x00, 0x01, 0xFF, 0xFF, 0xD0, 0x00, 0x00, 0x00, 0x15, 0x50, 0x00,
    0x00, 0x15, 0x55, 0x55, 0x00, 0x00, 0xFF, 0xFF, 0xFF, 0xE4, 0x02, 0xBF, 0xFA, 0xFF, 0xF8, 0x00,
    0x7F, 0xC0, 0x1F, 0xF8, 0x01, 0xFF, 0x00, 0x0F, 0xF4, 0x07, 0xFC, 0x00, 0x2F, 0xE0, 0x1F, 0xF0,
    0x00, 0xBF, 0xC0, 0x7F, 0xC0, 0x01, 0xFF, 0x01, 0xFF, 0x00, 0x0B, 0xF8, 0x07, 0xFC, 0x00, 0x2F,
    0xE0, 0x1F, 0xF0, 0x00, 0xFF, 0x00, 0x7F, 0xC0, 0x0F, 0xF8, 0x01, 0xFF, 0x46, 0xFF, 0x80, 0x07,
    0xFF, 0xFF, 0xF8, 0x00, 0x1F, 0xFF, 0xF9, 0x00, 0x00, 0x7F, 0xC0, 0x00, 0x00, 0x01, 0xFF, 0x00,
    0x00, 0x00, 0x07, 0xFC, 0x00, 0x00, 0x00, 0x1F, 0xF0, 0x00, 0x00, 0x00, 0x7F, 0xC0, 0x00, 0x00,
    0x01, 0xFF, 0x00, 0x00, 0x00, 0x0B, 0xFC, 0x00, 0x00, 0x03, 0xFF, 0xFF, 0xD0, 0x00, 0x0F, 0xFF,
    0xFF, 0x40, 0x00, 0x00, 0x00, 0x6B, 0xF9, 0x00, 0x00, 0x00, 0x00, 0x02, 0xFF, 0xFF, 0xF8, 0x00,
    0x00, 0x00, 0x03, 0xFF, 0xAB, 0xFF, 0xC0, 0x00, 0x00, 0x03, 0xFD, 0x00, 0x0F, 0xFC, 0x00, 0x00,
    0x03, 0xFC, 0x00, 0x00, 0xBF, 0xC0, 0x00, 0x02, 0xFD, 0x00, 0x00, 0x0F, 0xF8, 0x00, 0x00, 0xFF,
    0x00, 0x00, 0x01, 0xFF, 0x00, 0x00, 0xBF, 0x40, 0x00, 0x00, 0x3F, 0xD0, 0x00, 0x3F, 0xC0, 0x00,
    0x00, 0x0B, 0xF8, 0x00, 0x0F, 0xF0, 0x00, 0x00, 0x02, 0xFF, 0x00, 0x07, 0xFC, 0x00, 0x00, 0x00,
    0x7F, 0xC0, 0x01, 0xFF, 0x00, 0x00, 0x00, 0x1F, 0xF0, 0x00, 0x7F, 0xC0, 0x00, 0x00, 0x07, 0xFC,
    0x00, 0x1F, 0xF0, 0x00, 0x00, 0x01, 0xFF, 0x00, 0x07, 0xFC, 0x00, 0x00, 0x00, 0x7F, 0xC0, 0x00,
    0xFF, 0x06, 0xE4, 0x00, 0x2F, 0xE0, 0x00, 0x3F, 0xEB, 0xFF, 0xC0, 0x0F, 0xF4, 0x00, 0x0B, 0xFF,
    0xD7, 0xFC, 0x03, 0xFC, 0x00, 0x00, 0xFF, 0x80, 0x2F, 0xC1, 0xFE, 0x00, 0x00, 0x2F, 0xF0, 0x03,
    0xFC, 0xFF, 0x00, 0x00, 0x03, 0xFF, 0x00, 0x3F, 0xFF, 0x40, 0x00, 0x00, 0x3F, 0xF8, 0x0B, 0xFF,
    0x40, 0x00, 0x00, 0x03, 0xFF, 0xFF, 0xFF, 0x40, 0x00, 0x00, 0x00, 0x1F, 0xFF, 0xFF, 0xE0, 0x00,
    0x00, 0x00, 0x00, 0x15, 0x53, 0xFD, 0x00, 0x00, 0x00, 0x00, 0x00, 0x00, 0x7F, 0xD0, 0x00, 0x40,
    0x00, 0x00, 0x00, 0x0F, 0xFE, 0x01, 0xF4, 0x00, 0x00, 0x00, 0x00, 0xFF, 0xFF, 0xF8, 0x00, 0x00,
    0x00, 0x00, 0x0F, 0xFF, 0xF8, 0x00, 0x00, 0x00, 0x00, 0x00, 0xBF, 0xF4, 0x00, 0x00, 0x00, 0x00,
    0x00, 0x01, 0x40, 0x00, 0x15, 0x55, 0x55, 0x00, 0x00, 0x00, 0xFF, 0xFF, 0xFF, 0xF4, 0x00, 0x02,
    0xBF, 0xFA, 0xFF, 0xFC, 0x00, 0x00, 0x7F, 0xC0, 0x0F, 0xFC, 0x00, 0x01, 0xFF, 0x00, 0x0F, 0xF8,
    0x00, 0x07, 0xFC, 0x00, 0x2F, 0xF0, 0x00, 0x1F, 0xF0, 0x00, 0x7F, 0xC0, 0x00, 0x7F, 0xC0, 0x01,
    0xFF, 0x00, 0x01, 0xFF, 0x00, 0x0B, 0xF8, 0x00, 0x07, 0xFC, 0x00, 0x3F, 0xC0, 0x00, 0x1F, 0xF0,
    0x03, 0xFC, 0x00, 0x00, 0x7F, 0xD6, 0xBF, 0x80, 0x00, 0x01, 0xFF, 0xFF, 0xE0, 0x00, 0x00, 0x07,
    0xFD, 0x6F, 0xE0, 0x00, 0x00, 0x1F, 0xF0, 0x2F, 0xF0, 0x00, 0x00, 0x7F, 0xC0, 0x3F, 0xD0, 0x00,
    0x01, 0xFF, 0x00, 0xBF, 0xC0, 0x00, 0x07, 0xFC, 0x00, 0xFF, 0x40, 0x00, 0x1F, 0xF0, 0x03, 0xFE,
    0x00, 0x00, 0x7F, 0xC0, 0x07, 0xFC, 0x00, 0x01, 0xFF, 0x00, 0x0F, 0xF8, 0x00, 0x0B, 0xFC, 0x00,
    0x2F, 0xF4, 0x03, 0xFF, 0xFF, 0xC0, 0x3F, 0xFF, 0x4F, 0xFF, 0xFF, 0x00, 0x3F, 0xFC, 0x00, 0x00,
    0x00, 0x00, 0x15, 0x40, 0x00, 0x0A, 0xF9, 0x0B, 0x00, 0x0B, 0xFF, 0xFD, 0xF0, 0x03, 0xFE, 0x5B,
    0xFF, 0x40, 0xBF, 0x00, 0x0B, 0xF4, 0x0F, 0xD0, 0x00, 0x2F, 0x41, 0xFD, 0x00, 0x00, 0xF8, 0x2F,
    0xD0, 0x00, 0x0B, 0x82, 0xFF, 0x00, 0x00, 0x10, 0x1F, 0xF8, 0x00, 0x00, 0x00, 0xFF, 0xF8, 0x00,
    0x00, 0x07, 0xFF, 0xFD, 0x00, 0x00, 0x2F, 0xFF, 0xFE, 0x00, 0x00, 0x7F, 0xFF, 0xFD, 0x00, 0x00,
    0x2F, 0xFF, 0xF0, 0x00, 0x00, 0x1B, 0xFF, 0xC0, 0x00, 0x00, 0x0F, 0xFC, 0x00, 0x00, 0x00, 0x3F,
    0xD3, 0xC0, 0x00, 0x02, 0xFD, 0x3E, 0x00, 0x00, 0x2F, 0xC3, 0xF4, 0x00, 0x02, 0xFC, 0x3F, 0xD0,
    0x00, 0x3F, 0x83, 0xFF, 0x80, 0x1F, 0xF0, 0x3E, 0xFF, 0xFF, 0xFC, 0x02, 0xC2, 0xFF, 0xFE, 0x00,
    0x00, 0x00, 0x55, 0x00, 0x00, 0x05, 0x55, 0x55, 0x55, 0x55, 0x40, 0xBF, 0xFF, 0xFF, 0xFF, 0xFF,
    0x43, 0xFF, 0xEB, 0xFF, 0xBF, 0xFE, 0x0F, 0xE0, 0x0B, 0xF4, 0x03, 0xFC, 0x7F, 0x00, 0x2F, 0xD0,
    0x03, 0xF1, 0xF4, 0x00, 0xBF, 0x40, 0x0B, 0xCB, 0xC0, 0x02, 0xFD, 0x00, 0x0F, 0x5A, 0x00, 0x0B,
    0xF4, 0x00, 0x38, 0x00, 0x00, 0x2F, 0xD0, 0x00, 0x00, 0x00, 0x00, 0xBF, 0x40, 0x00, 0x00, 0x00,
    0x02, 0xFD, 0x00, 0x00, 0x00, 0x00, 0x0B, 0xF4, 0x00, 0x00, 0x00, 0x00, 0x2F, 0xD0, 0x00, 0x00,
    0x00, 0x00, 0xBF, 0x40, 0x00, 0x00, 0x00, 0x02, 0xFD, 0x00, 0x00, 0x00, 0x00, 0x0B, 0xF4, 0x00,
    0x00, 0x00, 0x00, 0x2F, 0xD0, 0x00, 0x00, 0x00, 0x00, 0xBF, 0x40, 0x00, 0x00, 0x00, 0x02, 0xFD,
    0x00, 0x00, 0x00, 0x00, 0x0B, 0xF4, 0x00, 0x00, 0x00, 0x00, 0x2F, 0xD0, 0x00, 0x00, 0x00, 0x01,
    0xFF, 0x80, 0x00, 0x00, 0x01, 0xFF, 0xFF, 0xFC, 0x00, 0x00, 0x07, 0xFF, 0xFF, 0xF0, 0x00, 0x15,
    0x55, 0x50, 0x00, 0x55, 0x55, 0x2F, 0xFF, 0xFC, 0x00, 0x3F, 0xFF, 0xD6, 0xFF, 0xFA, 0x00, 0x06,
    0xFF, 0xE0, 0x0F, 0xF4, 0x00, 0x00, 0x0F, 0x80, 0x02, 0xFD, 0x00, 0x00, 0x03, 0xE0, 0x00, 0xBF,
    0x40, 0x00, 0x00, 0xF8, 0x00, 0x2F, 0xD0, 0x00, 0x00, 0x3E, 0x00, 0x0B, 0xF4, 0x00, 0x00, 0x0F,
    0x80, 0x02, 0xFD, 0x00, 0x00, 0x03, 0xE0, 0x00, 0xBF, 0x40, 0x00, 0x00, 0xF8, 0x00, 0x2F, 0xD0,
    0x00, 0x00, 0x3E, 0x00, 0x0B, 0xF4, 0x00, 0x00, 0x0F, 0x80, 0x02, 0xFD, 0x00, 0x00, 0x03, 0xE0,
    0x00, 0xBF, 0x40, 0x00, 0x00, 0xF8, 0x00, 0x2F, 0xD0, 0x00, 0x00, 0x3E, 0x00, 0x0B, 0xF4, 0x00,
    0x00, 0x0F, 0x80, 0x02, 0xFD, 0x00, 0x00, 0x03, 0xD0, 0x00, 0xBF, 0x80, 0x00, 0x01, 0xF4, 0x00,
    0x1F, 0xF0, 0x00, 0x00, 0xBC, 0x00, 0x03, 0xFC, 0x00, 0x00, 0x3E, 0x00, 0x00, 0xBF, 0xC0, 0x00,
    0x3F, 0x40, 0x00, 0x0F, 0xFE, 0x55, 0xBF, 0x80, 0x00, 0x00, 0xFF, 0xFF, 0xFF, 0x80, 0x00, 0x00,
    0x0B, 0xFF, 0xFF, 0x40, 0x00, 0x00, 0x00, 0x05, 0x54, 0x00, 0x00, 0x00, 0x15, 0x55, 0x50, 0x00,
    0x55, 0x55, 0x1F, 0xFF, 0xFC, 0x00, 0x3F, 0xFF, 0xC2, 0xFF, 0xFA, 0x00, 0x0B, 0xFF, 0xE0, 0x0F,
    0xF8, 0x00, 0x00, 0x1F, 0x80, 0x02, 0xFE, 0x00, 0x00, 0x0B, 0xC0, 0x00, 0x3F, 0xC0, 0x00, 0x03,
    0xF0, 0x00, 0x0F, 0xF4, 0x00, 0x00, 0xF4, 0x00, 0x02, 0xFE, 0x00, 0x00, 0xBC, 0x00, 0x00, 0x3F,
    0xC0, 0x00, 0x3F, 0x00, 0x00, 0x0F, 0xF4, 0x00, 0x0F, 0x40, 0x00, 0x01, 0xFE, 0x00, 0x0B, 0xC0,
    0x00, 0x00, 0x3F, 0xC0, 0x03, 0xE0, 0x00, 0x00, 0x0F, 0xF4, 0x00, 0xF4, 0x00, 0x00, 0x01, 0xFE,
    0x00, 0xBC, 0x00, 0x00, 0x00, 0x3F, 0xC0, 0x3E, 0x00, 0x00, 0x00, 0x0B, 0xF4, 0x0F, 0x40, 0x00,
    0x00, 0x01, 0xFE, 0x0B, 0xC0, 0x00, 0x00, 0x00, 0x3F, 0xC3, 0xE0, 0x00, 0x00, 0x00, 0x0B, 0xF4,
    0xF4, 0x00, 0x00, 0x00, 0x01, 0xFE, 0xBC, 0x00, 0x00, 0x00, 0x00, 0x3F, 0xFE, 0x00, 0x00, 0x00,
    0x00, 0x0B, 0xFF, 0x40, 0x00, 0x00, 0x00, 0x01, 0xFF, 0xC0, 0x00, 0x00, 0x00, 0x00, 0x3F, 0xE0,
    0x00, 0x00, 0x15, 0x55, 0x50, 0x00, 0x15, 0x40, 0x00, 0x55, 0x55, 0x7F, 0xFF, 0xF0, 0x00, 0xBF,
    0xC0, 0x00, 0xFF, 0xFF, 0x2F, 0xFF, 0xA0, 0x00, 0xFF, 0xD0, 0x00, 0xBF, 0xFA, 0x03, 0xFE, 0x00,
    0x00, 0xFF, 0xE0, 0x00, 0x0F, 0xC0, 0x02, 0xFE, 0x00, 0x01, 0xFF, 0xF0, 0x00, 0x0F, 0xC0, 0x01,
    0xFF, 0x00, 0x02, 0xFF, 0xF0, 0x00, 0x0F, 0x80, 0x00, 0xFF, 0x00, 0x03, 0xEB, 0xF4, 0x00, 0x1F,
    0x40, 0x00, 0xFF, 0x40, 0x03, 0xD7, 0xF8, 0x00, 0x1F, 0x00, 0x00, 0xBF, 0x80, 0x07, 0xC3, 0xFC,
    0x00, 0x2F, 0x00, 0x00, 0x7F, 0xC0, 0x0B, 0xC2, 0xFD, 0x00, 0x3E, 0x00, 0x00, 0x3F, 0xC0, 0x0F,
    0x81, 0xFE, 0x00, 0x3D, 0x00, 0x00, 0x3F, 0xD0, 0x1F, 0x40, 0xFF, 0x00, 0x7C, 0x00, 0x00, 0x2F,
    0xE0, 0x2F, 0x00, 0xFF, 0x00, 0xBC, 0x00, 0x00, 0x1F, 0xE0, 0x3E, 0x00, 0xBF, 0x40, 0xF8, 0x00,
    0x00, 0x0F, 0xF0, 0x3D, 0x00, 0x7F, 0x80, 0xF4, 0x00, 0x00, 0x0F, 0xF0, 0x7C, 0x00, 0x3F, 0xC1,
    0xF0, 0x00, 0x00, 0x0B, 0xF4, 0xBC, 0x00, 0x2F, 0xD2, 0xF0, 0x00, 0x00, 0x07, 0xF8, 0xF8, 0x00,
    0x1F, 0xE3, 0xE0, 0x00, 0x00, 0x03, 0xFC, 0xF4, 0x00, 0x0F, 0xF3, 0xD0, 0x00, 0x00, 0x03, 0xFD,
    0xF0, 0x00, 0x0F, 0xF7, 0xC0, 0x00, 0x00, 0x02, 0xFF, 0xF0, 0x00, 0x0B, 0xFF, 0xC0, 0x00, 0x00,
    0x01, 0xFF, 0xE0, 0x00, 0x07, 0xFF, 0x80, 0x00, 0x00, 0x00, 0xFF, 0xD0, 0x00, 0x03, 0xFF, 0x40,
    0x00, 0x00, 0x00, 0xFF, 0xC0, 0x00, 0x02, 0xFF, 0x00, 0x00, 0x15, 0x55, 0x50, 0x01, 0x55, 0x54,
    0x7F, 0xFF, 0xF0, 0x03, 0xFF, 0xFC, 0x7F, 0xFF, 0x90, 0x02, 0xFF, 0xF4, 0x03, 0xFF, 0x00, 0x00,
    0x3F, 0x00, 0x00, 0xFF, 0x40, 0x00, 0xBC, 0x00, 0x00, 0x7F, 0xC0, 0x01, 0xF4, 0x00, 0x00, 0x2F,
    0xF0, 0x03, 0xE0, 0x00, 0x00, 0x0F, 0xF8, 0x0F, 0xC0, 0x00, 0x00, 0x03, 0xFD, 0x2F, 0x00, 0x00,
    0x00, 0x01, 0xFF, 0x7D, 0x00, 0x00, 0x00, 0x00, 0xBF, 0xF8, 0x00, 0x00, 0x00, 0x00, 0x3F, 0xF0,
    0x00, 0x00, 0x00, 0x00, 0x1F, 0xF4, 0x00, 0x00, 0x00, 0x00, 0x2F, 0xFC, 0x00, 0x00, 0x00, 0x00,
    0x7F, 0xFF, 0x00, 0x00, 0x00, 0x00, 0xF8, 0xFF, 0x80, 0x00, 0x00, 0x03, 0xF0, 0x3F, 0xD0, 0x00,
    0x00, 0x0F, 0xC0, 0x1F, 0xF0, 0x00, 0x00, 0x2F, 0x40, 0x0B, 0xFC, 0x00, 0x00, 0x7E, 0x00, 0x03,
    0xFE, 0x00, 0x00, 0xFC, 0x00, 0x01, 0xFF, 0x40, 0x07, 0xF8, 0x00, 0x00, 0xFF, 0xD0, 0xBF, 0xFF,
    0x80, 0x0F, 0xFF, 0xFE, 0xBF, 0xFF, 0xC0, 0x0F, 0xFF, 0xFE, 0x15, 0x55, 0x50, 0x01, 0x55, 0x54,
    0x7F, 0xFF, 0xF4, 0x03, 0xFF, 0xFE, 0x2F, 0xFF, 0xE0, 0x01, 0xBF, 0xF9, 0x03, 0xFF, 0x00, 0x00,
    0x1F, 0x80, 0x00, 0xFF, 0x00, 0x00, 0x2F, 0x00, 0x00, 0xBF, 0xC0, 0x00, 0x7D, 0x00, 0x00, 0x3F,
    0xD0, 0x00, 0xFC, 0x00, 0x00, 0x1F, 0xF0, 0x01, 0xF4, 0x00, 0x00, 0x0B, 0xF8, 0x03, 0xE0, 0x00,
    0x00, 0x03, 0xFD, 0x0B, 0xC0, 0x00, 0x00, 0x01, 0xFF, 0x0F, 0x40, 0x00, 0x00, 0x00, 0xFF, 0xBF,
    0x00, 0x00, 0x00, 0x00, 0x3F, 0xFC, 0x00, 0x00, 0x00, 0x00, 0x2F, 0xF8, 0x00, 0x00, 0x00, 0x00,
    0x0F, 0xF0, 0x00, 0x00, 0x00, 0x00, 0x0F, 0xF0, 0x00, 0x00, 0x00, 0x00, 0x0F, 0xF0, 0x00, 0x00,
    0x00, 0x00, 0x0F, 0xF0, 0x00, 0x00, 0x00, 0x00, 0x0F, 0xF0, 0x00, 0x00, 0x00, 0x00, 0x0F, 0xF0,
    0x00, 0x00, 0x00, 0x00, 0x0F, 0xF0, 0x00, 0x00, 0x00, 0x00, 0x1F, 0xF4, 0x00, 0x00, 0x00, 0x03,
    0xFF, 0xFF, 0xC0, 0x00, 0x00, 0x03, 0xFF, 0xFF, 0xC0, 0x00, 0x05, 0x55, 0x55, 0x55, 0x54, 0x2F,
    0xFF, 0xFF, 0xFF, 0xFC, 0x2F, 0xFE, 0xAA, 0xAF, 0xFC, 0x2F, 0xD0, 0x00, 0x0F, 0xF4, 0x2F, 0x40,
    0x00, 0x3F, 0xE0, 0x3F, 0x00, 0x00, 0xBF, 0xC0, 0x3E, 0x00, 0x01, 0xFF, 0x40, 0x14, 0x00, 0x03,
    0xFE, 0x00, 0x00, 0x00, 0x0B, 0xFC, 0x00, 0x00, 0x00, 0x1F, 0xF0, 0x00, 0x00, 0x00, 0x3F, 0xE0,
    0x00, 0x00, 0x00, 0xFF, 0xC0, 0x00, 0x00, 0x01, 0xFF, 0x00, 0x00, 0x00, 0x03, 0xFD, 0x00, 0x00,
    0x00, 0x0F, 0xF8, 0x00, 0x00, 0x00, 0x2F, 0xF0, 0x00, 0x00, 0x00, 0x7F, 0xD0, 0x00, 0x00, 0x00,
    0xFF, 0x80, 0x00, 0x3D, 0x02, 0xFF, 0x00, 0x00, 0x7C, 0x07, 0xFD, 0x00, 0x00, 0xFC, 0x0F, 0xF8,
    0x00, 0x02, 0xFC, 0x3F, 0xF0, 0x00, 0x1B, 0xFC, 0x3F, 0xFF, 0xFF, 0xFF, 0xFC, 0x3F, 0xFF, 0xFF,
    0xFF, 0xFC, 0x00, 0x00, 0xBF, 0xFC, 0xBF, 0xFC, 0xBF, 0x00, 0xBE, 0x00, 0xBE, 0x00, 0xBE, 0x00,
    0xBE, 0x00, 0xBE, 0x00, 0xBE, 0x00, 0xBE, 0x00, 0xBE, 0x00, 0xBE, 0x00, 0xBE, 0x00, 0xBE, 0x00,
    0xBE, 0x00, 0xBE, 0x00, 0xBE, 0x00, 0xBE, 0x00, 0xBE, 0x00, 0xBE, 0x00, 0xBE, 0x00, 0xBE, 0x00,
    0xBE, 0x00, 0xBE, 0x00, 0xBE, 0x00, 0xBE, 0x00, 0xBE, 0x00, 0xBE, 0x00, 0xBE, 0x00, 0xBE, 0x00,
    0xBE, 0x00, 0xBF, 0x00, 0xBF, 0xFC, 0xBF, 0xFC, 0x00, 0x00, 0x68, 0x00, 0x00, 0x00, 0xF8, 0x00,
    0x00, 0x02, 0xF0, 0x00, 0x00, 0x07, 0xD0, 0x00, 0x00, 0x0F, 0x80, 0x00, 0x00, 0x2F, 0x00, 0x00,
    0x00, 0x3D, 0x00, 0x00, 0x00, 0xFC, 0x00, 0x00, 0x02, 0xF0, 0x00, 0x00, 0x03, 0xE0, 0x00, 0x00,
    0x0F, 0xC0, 0x00, 0x00, 0x1F, 0x00, 0x00, 0x00, 0x3E, 0x00, 0x00, 0x00, 0xBC, 0x00, 0x00, 0x01,
    0xF4, 0x00, 0x00, 0x03, 0xE0, 0x00, 0x00, 0x0B, 0xC0, 0x00, 0x00, 0x1F, 0x40, 0x00, 0x00, 0x3E,
    0x00, 0x00, 0x00, 0xBC, 0x00, 0x00, 0x00, 0xF4, 0x00, 0x00, 0x03, 0xF0, 0x00, 0x00, 0x07, 0xC0,
    0x00, 0x00, 0x0F, 0x80, 0x00, 0x00, 0x3F, 0x00, 0x00, 0x00, 0x7D, 0x00, 0x00, 0x00, 0xF8, 0x00,
    0x00, 0x02, 0xF0, 0x00, 0x00, 0x07, 0xD0, 0x00, 0x00, 0x0F, 0x80, 0x00, 0x00, 0x1A, 0x00, 0x00,
    0x02, 0xFF, 0xFB, 0xFF, 0xC0, 0xBF, 0x01, 0xFC, 0x07, 0xF0, 0x1F, 0xC0, 0x7F, 0x01, 0xFC, 0x07,
    0xF0, 0x1F, 0xC0, 0x7F, 0x01, 0xFC, 0x07, 0xF0, 0x1F, 0xC0, 0x7F, 0x01, 0xFC, 0x07, 0xF0, 0x1F,
    0xC0, 0x7F, 0x01, 0xFC, 0x07, 0xF0, 0x1F, 0xC0, 0x7F, 0x01, 0xFC, 0x07, 0xF0, 0x1F, 0xC0, 0x7F,
    0x01, 0xFC, 0x07, 0xF0, 0x1F, 0xC0, 0x7F, 0x02, 0xFE, 0xFF, 0xFB, 0xFF, 0xC0, 0x00, 0x00, 0x01,
    0xE0, 0x00, 0x00, 0x00, 0xFD, 0x00, 0x00, 0x00, 0xBF, 0xC0, 0x00, 0x00, 0x7F, 0xFC, 0x00, 0x00,
    0x3F, 0x2F, 0x40, 0x00, 0x2F, 0x43, 0xF0, 0x00, 0x1F, 0x80, 0x7F, 0x00, 0x0F, 0xC0, 0x0B, 0xD0,
    0x0B, 0xD0, 0x00, 0xFC, 0x07, 0xE0, 0x00, 0x1F, 0xC3, 0xF0, 0x00, 0x02, 0xF5, 0xF4, 0x00, 0x00,
    0x3E, 0x04, 0x00, 0x00, 0x01, 0x00, 0xAA, 0xAA, 0xAA, 0xA9, 0xFF, 0xFF, 0xFF, 0xFE, 0xFF, 0xFF,
    0xFF, 0xFE, 0x00, 0x00, 0xF0, 0x0B, 0xF0, 0x2F, 0xE0, 0x2F, 0xD0, 0x1F, 0xC0, 0x0B, 0xC0, 0x05,
    0x00, 0x05, 0x40, 0x00, 0x00, 0x2F, 0xFF, 0xE0, 0x00, 0x0F, 0xE5, 0xBF, 0x80, 0x03, 0xF0, 0x02,
    0xFD, 0x00, 0x3F, 0x40, 0x0F, 0xE0, 0x03, 0xF8, 0x00, 0xFF, 0x00, 0x2E, 0x00, 0x0F, 0xF0, 0x00,
    0x00, 0x00, 0xFF, 0x00, 0x00, 0x01, 0x5F, 0xF0, 0x00, 0x1B, 0xFF, 0xFF, 0x00, 0x0F, 0xFE, 0x5F,
    0xF0, 0x03, 0xFD, 0x00, 0xFF, 0x00, 0x3F, 0x80, 0x0F, 0xF0, 0x07, 0xF4, 0x00, 0xFF, 0x00, 0x7F,
    0x80, 0x1F, 0xF0, 0x03, 0xFD, 0x07, 0xFF, 0x40, 0x2F, 0xFF, 0xF7, 0xFF, 0xC0, 0xBF, 0xF8, 0x2F,
    0xF8, 0x00, 0x54, 0x00, 0x14, 0x00, 0x15, 0x54, 0x00, 0x00, 0x00, 0x7F, 0xFC, 0x00, 0x00, 0x00,
    0x6F, 0xFC, 0x00, 0x00, 0x00, 0x03, 0xFC, 0x00, 0x00, 0x00, 0x02, 0xFC, 0x00, 0x00, 0x00, 0x02,
    0xFC, 0x00, 0x00, 0x00, 0x02, 0xFC, 0x00, 0x00, 0x00, 0x02, 0xFC, 0x00, 0x00, 0x00, 0x02, 0xFC,
    0x01, 0x50, 0x00, 0x02, 0xFC, 0x2F, 0xFF, 0x00, 0x02, 0xFC, 0xFF, 0xFF, 0xD0, 0x02, 0xFF, 0xE5,
    0x7F, 0xF0, 0x02, 0xFF, 0x00, 0x0F, 0xF4, 0x02, 0xFE, 0x00, 0x07, 0xFC, 0x02, 0xFC, 0x00, 0x03,
    0xFC, 0x02, 0xFC, 0x00, 0x03, 0xFC, 0x02, 0xFC, 0x00, 0x03, 0xFC, 0x02, 0xFC, 0x00, 0x03, 0xFC,
    0x02, 0xFC, 0x00, 0x03, 0xFC, 0x02, 0xFC, 0x00, 0x03, 0xFC, 0x02, 0xFC, 0x00, 0x03, 0xFC, 0x02,
    0xFC, 0x00, 0x0B, 0xF8, 0x02, 0xFC, 0x00, 0x0F, 0xF0, 0x02, 0xFF, 0x40, 0x7F, 0xE0, 0x02, 0xFF,
    0xFF, 0xFF, 0x80, 0x02, 0xE2, 0xFF, 0xFD, 0x00, 0x00, 0x40, 0x15, 0x40, 0x00, 0x00, 0x01, 0x54,
    0x00, 0x00, 0x7F, 0xFF, 0x80, 0x02, 0xFF, 0xAF, 0xF0, 0x0B, 0xF4, 0x02, 0xF8, 0x1F, 0xE0, 0x03,
    0xFC, 0x3F, 0xC0, 0x07, 0xFC, 0x3F, 0xC0, 0x03, 0xF8, 0x7F, 0x80, 0x00, 0x50, 0x7F, 0x40, 0x00,
    0x00, 0xBF, 0x40, 0x00, 0x00, 0xBF, 0x80, 0x00, 0x00, 0x7F, 0xC0, 0x00, 0x00, 0x3F, 0xC0, 0x00,
    0x00, 0x3F, 0xE0, 0x00, 0x00, 0x2F, 0xF8, 0x00, 0x38, 0x0F, 0xFF, 0xAB, 0xFC, 0x03, 0xFF, 0xFF,
    0xF0, 0x00, 0xBF, 0xFF, 0x40, 0x00, 0x05, 0x50, 0x00, 0x00, 0x00, 0x05, 0x56, 0x00, 0x00, 0x00,
    0x0F, 0xFF, 0x40, 0x00, 0x00, 0x0B, 0xFF, 0x40, 0x00, 0x00, 0x00, 0x7F, 0x40, 0x00, 0x00, 0x00,
    0x7F, 0x40, 0x00, 0x00, 0x00, 0x7F, 0x40, 0x00, 0x00, 0x00, 0x7F, 0x40, 0x00, 0x00, 0x00, 0x7F,
    0x40, 0x00, 0x01, 0x50, 0x7F, 0x40, 0x00, 0x7F, 0xFF, 0xBF, 0x40, 0x02, 0xFF, 0xFF, 0xFF, 0x40,
    0x0B, 0xF9, 0x06, 0xFF, 0x40, 0x1F, 0xE0, 0x00, 0x7F, 0x40, 0x3F, 0xC0, 0x00, 0x7F, 0x40, 0x3F,
    0xC0, 0x00, 0x7F, 0x40, 0x7F, 0x80, 0x00, 0x7F, 0x40, 0x7F, 0x80, 0x00, 0x7F, 0x40, 0xBF, 0x40,
    0x00, 0x7F, 0x40, 0xBF, 0x40, 0x00, 0x7F, 0x40, 0x7F, 0x80, 0x00, 0x7F, 0x40, 0x7F, 0xC0, 0x00,
    0xBF, 0x40, 0x3F, 0xC0, 0x00, 0xFF, 0x40, 0x3F, 0xE0, 0x01, 0xFF, 0x40, 0x1F, 0xFD, 0x1B, 0xFF,
    0x80, 0x07, 0xFF, 0xFF, 0x3F, 0xFC, 0x01, 0xFF, 0xF8, 0x2F, 0xFC, 0x00, 0x05, 0x40, 0x04, 0x00,
    0x00, 0x01, 0x54, 0x00, 0x00, 0x7F, 0xFF, 0x80, 0x02, 0xFE, 0xAF, 0xF0, 0x0B, 0xF0, 0x03, 0xF8,
    0x1F, 0xD0, 0x02, 0xFC, 0x3F, 0xC0, 0x01, 0xFD, 0x3F, 0x80, 0x01, 0xFD, 0x7F, 0x80, 0x02, 0xFD,
    0x7F, 0xFF, 0xFF, 0xFC, 0xBF, 0xFF, 0xFF, 0xFC, 0xBF, 0x80, 0x00, 0x00, 0x7F, 0x80, 0x00, 0x00,
    0x3F, 0xC0, 0x00, 0x00, 0x3F, 0xE0, 0x00, 0x00, 0x1F, 0xF4, 0x00, 0x2C, 0x0F, 0xFF, 0x9A, 0xFC,
    0x03, 0xFF, 0xFF, 0xF0, 0x00, 0xBF, 0xFF, 0x80, 0x00, 0x05, 0x54, 0x00, 0x00, 0x00, 0x00, 0x00,
    0x00, 0x1F, 0xFE, 0x00, 0x02, 0xFF, 0xFF, 0x00, 0x2F, 0xC0, 0xFD, 0x00, 0xFC, 0x07, 0xF8, 0x07,
    0xF0, 0x1F, 0xD0, 0x2F, 0xC0, 0x29, 0x00, 0xFF, 0x00, 0x00, 0x03, 0xFC, 0x00, 0x00, 0x0F, 0xF0,
    0x00, 0x06, 0xFF, 0xFF, 0xE0, 0x2F, 0xFF, 0xFF, 0x80, 0x17, 0xFD, 0x55, 0x00, 0x0F, 0xF0, 0x00,
    0x00, 0x3F, 0xC0, 0x00, 0x00, 0xFF, 0x00, 0x00, 0x03, 0xFC, 0x00, 0x00, 0x0F, 0xF0, 0x00, 0x00,
    0x3F, 0xC0, 0x00, 0x00, 0xFF, 0x00, 0x00, 0x03, 0xFC, 0x00, 0x00, 0x0F, 0xF0, 0x00, 0x00, 0x3F,
    0xC0, 0x00, 0x00, 0xFF, 0x00, 0x00, 0x07, 0xFD, 0x00, 0x02, 0xFF, 0xFF, 0xE0, 0x0B, 0xFF, 0xFF,
    0x80, 0x00, 0x00, 0x00, 0x00, 0x01, 0xA0, 0x00, 0x00, 0x00, 0x0B, 0xFC, 0x00, 0x01, 0x54, 0x1F,
    0xFC, 0x00, 0x7F, 0xFF, 0xBC, 0xF8, 0x03, 0xFE, 0xAF, 0xF8, 0x00, 0x0B, 0xF4, 0x03, 0xFC, 0x00,
    0x0F, 0xE0, 0x01, 0xFE, 0x00, 0x1F, 0xD0, 0x00, 0xFF, 0x00, 0x1F, 0xD0, 0x00, 0xFF, 0x00, 0x1F,
    0xD0, 0x00, 0xFF, 0x00, 0x0F, 0xF0, 0x01, 0xFE, 0x00, 0x0F, 0xF8, 0x03, 0xFC, 0x00, 0x03, 0xFF,
    0xFF, 0xF4, 0x00, 0x01, 0xFF, 0xFF, 0x80, 0x00, 0x03, 0xE1, 0x50, 0x00, 0x00, 0x0F, 0xC0, 0x00,
    0x00, 0x00, 0x0F, 0xD0, 0x00, 0x00, 0x00, 0x0F, 0xFF, 0xFF, 0xF9, 0x00, 0x0B, 0xFF, 0xFF, 0xFF,
    0xC0, 0x01, 0xFF, 0xFF, 0xFF, 0xE0, 0x0B, 0xE5, 0x55, 0xBF, 0xF0, 0x2F, 0xC0, 0x00, 0x0F, 0xF0,
    0x3F, 0x40, 0x00, 0x0F, 0xF0, 0x7F, 0x80, 0x00, 0x1F, 0xE0, 0x3F, 0xC0, 0x00, 0x7F, 0xC0, 0x2F,
    0xFE, 0xAB, 0xFF, 0x00, 0x07, 0xFF, 0xFF, 0xF8, 0x00, 0x00, 0x5A, 0xA9, 0x40, 0x00, 0x15, 0x64,
    0x00, 0x00, 0x00, 0x2F, 0xFF, 0x00, 0x00, 0x00, 0x07, 0xFF, 0xC0, 0x00, 0x00, 0x00, 0x0F, 0xF0,
    0x00, 0x00, 0x00, 0x03, 0xFC, 0x00, 0x00, 0x00, 0x00, 0xFF, 0x00, 0x00, 0x00, 0x00, 0x3F, 0xC0,
    0x00, 0x00, 0x00, 0x0F, 0xF0, 0x00, 0x00, 0x00, 0x03, 0xFC, 0x01, 0x50, 0x00, 0x00, 0xFF, 0x0F,
    0xFF, 0x80, 0x00, 0x3F, 0xDF, 0xFF, 0xFC, 0x00, 0x0F, 0xFF, 0x96, 0xFF, 0x40, 0x03, 0xFF, 0x00,
    0x1F, 0xE0, 0x00, 0xFF, 0x40, 0x03, 0xFC, 0x00, 0x3F, 0xC0, 0x00, 0xFF, 0x00, 0x0F, 0xF0, 0x00,
    0x3F, 0xC0, 0x03, 0xFC, 0x00, 0x0F, 0xF0, 0x00, 0xFF, 0x00, 0x03, 0xFC, 0x00, 0x3F, 0xC0, 0x00,
    0xFF, 0x00, 0x0F, 0xF0, 0x00, 0x3F, 0xC0, 0x03, 0xFC, 0x00, 0x0F, 0xF0, 0x00, 0xFF, 0x00, 0x03,
    0xFC, 0x00, 0x3F, 0xC0, 0x00, 0xFF, 0x00, 0x1F, 0xF0, 0x00, 0x3F, 0xC0, 0x7F, 0xFF, 0xC0, 0xFF,
    0xFF, 0x5F, 0xFF, 0xF0, 0x3F, 0xFF, 0xD0, 0x00, 0x40, 0x00, 0x7F, 0x40, 0x0F, 0xFC, 0x00, 0xFF,
    0xC0, 0x0B, 0xF8, 0x00, 0x15, 0x00, 0x00, 0x00, 0x00, 0x00, 0x00, 0x00, 0x00, 0x07, 0xFF, 0xC0,
    0xBF, 0xFC, 0x01, 0xBF, 0xC0, 0x03, 0xFC, 0x00, 0x3F, 0xC0, 0x03, 0xFC, 0x00, 0x3F, 0xC0, 0x03,
    0xFC, 0x00, 0x3F, 0xC0, 0x03, 0xFC, 0x00, 0x3F, 0xC0, 0x03, 0xFC, 0x00, 0x3F, 0xC0, 0x03, 0xFC,
    0x00, 0x7F, 0xD0, 0xBF, 0xFF, 0xEB, 0xFF, 0xFE, 0x00, 0x10, 0x02, 0xFC, 0x03, 0xFE, 0x07, 0xFE,
    0x03, 0xFD, 0x00, 0x50, 0x00, 0x00, 0x00, 0x00, 0x00, 0x00, 0x2F, 0xFE, 0x3F, 0xFE, 0x06, 0xFE,
    0x01, 0xFE, 0x00, 0xFE, 0x00, 0xFE, 0x00, 0xFE, 0x00, 0xFE, 0x00, 0xFE, 0x00, 0xFE, 0x00, 0xFE,
    0x00, 0xFE, 0x00, 0xFE, 0x00, 0xFE, 0x00, 0xFE, 0x00, 0xFE, 0x00, 0xFD, 0x01, 0xFD, 0x01, 0xFC,
    0x02, 0xFC, 0x03, 0xF4, 0x0B, 0xF0, 0x1F, 0xC0, 0x2F, 0x00, 0x04, 0x00, 0x15, 0x64, 0x00, 0x00,
    0x00, 0x2F, 0xFF, 0x00, 0x00, 0x00, 0x07, 0xFF, 0xC0, 0x00, 0x00, 0x00, 0x0F, 0xF0, 0x00, 0x00,
    0x00, 0x03, 0xFC, 0x00, 0x00, 0x00, 0x00, 0xFF, 0x00, 0x00, 0x00, 0x00, 0x3F, 0xC0, 0x00, 0x00,
    0x00, 0x0F, 0xF0, 0x00, 0x00, 0x00, 0x03, 0xFC, 0x00, 0x00, 0x00, 0x00, 0xFF, 0x00, 0xFF, 0xFF,
    0x00, 0x3F, 0xC0, 0x3F, 0xFF, 0x80, 0x0F, 0xF0, 0x01, 0xFE, 0x00, 0x03, 0xFC, 0x00, 0xFD, 0x00,
    0x00, 0xFF, 0x00, 0xFC, 0x00, 0x00, 0x3F, 0xC1, 0xFC, 0x00, 0x00, 0x0F, 0xF1, 0xF8, 0x00, 0x00,
    0x03, 0xFD, 0xFC, 0x00, 0x00, 0x00, 0xFF, 0xBF, 0xC0, 0x00, 0x00, 0x3F, 0xCF, 0xFC, 0x00, 0x00,
    0x0F, 0xF0, 0xFF, 0x80, 0x00, 0x03, 0xFC, 0x1F, 0xF8, 0x00, 0x00, 0xFF, 0x01, 0xFF, 0x40, 0x00,
    0x3F, 0xC0, 0x2F, 0xF4, 0x00, 0x1F, 0xF0, 0x03, 0xFF, 0x44, 0xBF, 0xFF, 0xC0, 0x3F, 0xFF, 0x2F,
    0xFF, 0xF0, 0x03, 0xFF, 0x40, 0x00, 0x00, 0x00, 0x05, 0x00, 0x15, 0x64, 0x0B, 0xFF, 0xC0, 0x7F,
    0xFC, 0x00, 0x3F, 0xC0, 0x03, 0xFC, 0x00, 0x3F, 0xC0, 0x03, 0xFC, 0x00, 0x3F, 0xC0, 0x03, 0xFC,
    0x00, 0x3F, 0xC0, 0x03, 0xFC, 0x00, 0x3F, 0xC0, 0x03, 0xFC, 0x00, 0x3F, 0xC0, 0x03, 0xFC, 0x00,
    0x3F, 0xC0, 0x03, 0xFC, 0x00, 0x3F, 0xC0, 0x03, 0xFC, 0x00, 0x3F, 0xC0, 0x03, 0xFC, 0x00, 0x3F,
    0xC0, 0x03, 0xFC, 0x00, 0x7F, 0xD0, 0xBF, 0xFF, 0xEB, 0xFF, 0xFE, 0x00, 0x00, 0x01, 0x50, 0x00,
    0x15, 0x00, 0x01, 0xFF, 0xD0, 0xFF, 0xF4, 0x07, 0xFF, 0xC0, 0x0B, 0xFF, 0x5F, 0xFF, 0xF4, 0xBF,
    0xFF, 0xC0, 0x02, 0xFE, 0xF9, 0x6F, 0xF7, 0xD5, 0xFF, 0x80, 0x03, 0xFF, 0x00, 0x3F, 0xF8, 0x00,
    0xFF, 0x00, 0x0F, 0xF4, 0x00, 0x7F, 0xC0, 0x03, 0xFC, 0x00, 0x3F, 0xC0, 0x01, 0xFE, 0x00, 0x0B,
    0xF0, 0x00, 0xFF, 0x00, 0x07, 0xF8, 0x00, 0x2F, 0xC0, 0x03, 0xFC, 0x00, 0x1F, 0xE0, 0x00, 0xBF,
    0x00, 0x0F, 0xF0, 0x00, 0x7F, 0x80, 0x02, 0xFC, 0x00, 0x3F, 0xC0, 0x01, 0xFE, 0x00, 0x0B, 0xF0,
    0x00, 0xFF, 0x00, 0x07, 0xF8, 0x00, 0x2F, 0xC0, 0x03, 0xFC, 0x00, 0x1F, 0xE0, 0x00, 0xBF, 0x00,
    0x0F, 0xF0, 0x00, 0x7F, 0x80, 0x02, 0xFC, 0x00, 0x3F, 0xC0, 0x01, 0xFE, 0x00, 0x0B, 0xF0, 0x00,
    0xFF, 0x00, 0x0B, 0xF8, 0x00, 0x3F, 0xD0, 0x3F, 0xFF, 0xC1, 0xFF, 0xFE, 0x0B, 0xFF, 0xF9, 0xFF,
    0xFF, 0x07, 0xFF, 0xF8, 0x2F, 0xFF, 0xE0, 0x00, 0x00, 0x01, 0x50, 0x00, 0x1F, 0xFD, 0x0B, 0xFF,
    0x80, 0x0B, 0xFF, 0x5F, 0xFF, 0xFC, 0x00, 0x2F, 0xEF, 0x96, 0xFF, 0x40, 0x03, 0xFF, 0x00, 0x1F,
    0xE0, 0x00, 0xFF, 0x40, 0x03, 0xFC, 0x00, 0x3F, 0xC0, 0x00, 0xFF, 0x00, 0x0F, 0xF0, 0x00, 0x3F,
    0xC0, 0x03, 0xFC, 0x00, 0x0F, 0xF0, 0x00, 0xFF, 0x00, 0x03, 0xFC, 0x00, 0x3F, 0xC0, 0x00, 0xFF,
    0x00, 0x0F, 0xF0, 0x00, 0x3F, 0xC0, 0x03, 0xFC, 0x00, 0x0F, 0xF0, 0x00, 0xFF, 0x00, 0x03, 0xFC,
    0x00, 0x3F, 0xC0, 0x00, 0xFF, 0x00, 0x0F, 0xF0, 0x00, 0x3F, 0xC0, 0x3F, 0xFF, 0xC0, 0xFF, 0xFF,
    0x5F, 0xFF, 0xF4, 0x3F, 0xFF, 0xD0, 0x00, 0x01, 0x54, 0x00, 0x00, 0x07, 0xFF, 0xFD, 0x00, 0x02,
    0xFF, 0xFF, 0xFC, 0x00, 0xBF, 0x40, 0x3F, 0xF0, 0x1F, 0xE0, 0x00, 0xFF, 0x43, 0xFC, 0x00, 0x07,
    0xFC, 0x3F, 0x80, 0x00, 0x3F, 0xC7, 0xF8, 0x00, 0x03, 0xFD, 0x7F, 0x80, 0x00, 0x2F, 0xDB, 0xF8,
    0x00, 0x02, 0xFD, 0xBF, 0x80, 0x00, 0x2F, 0xD7, 0xF8, 0x00, 0x02, 0xFD, 0x7F, 0xC0, 0x00, 0x3F,
    0xC3, 0xFD, 0x00, 0x03, 0xF8, 0x2F, 0xF0, 0x00, 0xBF, 0x00, 0xFF, 0xC0, 0x2F, 0xE0, 0x03, 0xFF,
    0xFF, 0xF8, 0x00, 0x0B, 0xFF, 0xFD, 0x00, 0x00, 0x01, 0x54, 0x00, 0x00, 0x00, 0x00, 0x01, 0x54,
    0x00, 0x3F, 0xFC, 0x1F, 0xFF, 0x40, 0x3F, 0xFC, 0xBF, 0xFF, 0xE0, 0x07, 0xFE, 0xE5, 0x6F, 0xF4,
    0x02, 0xFF, 0x40, 0x0B, 0xFC, 0x01, 0xFF, 0x00, 0x03, 0xFC, 0x01, 0xFD, 0x00, 0x03, 0xFD, 0x01,
    0xFD, 0x00, 0x02, 0xFE, 0x01, 0xFD, 0x00, 0x02, 0xFE, 0x01, 0xFD, 0x00, 0x02, 0xFE, 0x01, 0xFD,
    0x00, 0x02, 0xFE, 0x01, 0xFD, 0x00, 0x02, 0xFD, 0x01, 0xFD, 0x00, 0x03, 0xFC, 0x01, 0xFD, 0x00,
    0x03, 0xFC, 0x01, 0xFD, 0x00, 0x0F, 0xF4, 0x01, 0xFF, 0x80, 0x2F, 0xF0, 0x01, 0xFF, 0xFF, 0xFF,
    0xC0, 0x01, 0xFE, 0xFF, 0xFE, 0x00, 0x01, 0xFD, 0x05, 0x50, 0x00, 0x01, 0xFD, 0x00, 0x00, 0x00,
    0x01, 0xFD, 0x00, 0x00, 0x00, 0x01, 0xFD, 0x00, 0x00, 0x00, 0x02, 0xFE, 0x00, 0x00, 0x00, 0x2F,
    0xFF, 0xE4, 0x00, 0x00, 0x3F, 0xFF, 0xF4, 0x00, 0x00, 0x00, 0x00, 0x00, 0x00, 0x00, 0x00, 0x01,
    0x50, 0x01, 0x00, 0x01, 0xFF, 0xFE, 0x3D, 0x00, 0x2F, 0xFF, 0xFF, 0xF4, 0x02, 0xFE, 0x00, 0xBF,
    0xD0, 0x1F, 0xE0, 0x00, 0x7F, 0x40, 0xBF, 0x00, 0x01, 0xFD, 0x03, 0xFC, 0x00, 0x07, 0xF4, 0x1F,
    0xE0, 0x00, 0x1F, 0xD0, 0x7F, 0x80, 0x00, 0x7F, 0x42, 0xFD, 0x00, 0x01, 0xFD, 0x0B, 0xF4, 0x00,
    0x07, 0xF4, 0x1F, 0xE0, 0x00, 0x1F, 0xD0, 0x7F, 0xC0, 0x00, 0x7F, 0x40, 0xFF, 0x00, 0x03, 0xFD,
    0x02, 0xFE, 0x00, 0x1F, 0xF4, 0x03, 0xFF, 0x46, 0xFF, 0xD0, 0x07, 0xFF, 0xFF, 0x7F, 0x40, 0x07,
    0xFF, 0xE1, 0xFD, 0x00, 0x01, 0x54, 0x07, 0xF4, 0x00, 0x00, 0x00, 0x1F, 0xD0, 0x00, 0x00, 0x00,
    0x7F, 0x40, 0x00, 0x00, 0x01, 0xFD, 0x00, 0x00, 0x00, 0x0B, 0xF8, 0x00, 0x00, 0x06, 0xFF, 0xFE,
    0x00, 0x00, 0x1F, 0xFF, 0xFC, 0x00, 0x00, 0x00, 0x00, 0x00, 0x00, 0x00, 0x05, 0x40, 0x7F, 0xF0,
    0x7F, 0xF4, 0xBF, 0xF5, 0xFF, 0xFC, 0x0B, 0xFB, 0xD3, 0xFC, 0x03, 0xFF, 0x03, 0xFC, 0x03, 0xFD,
    0x07, 0xFC, 0x03, 0xFC, 0x01, 0xA0, 0x03, 0xFC, 0x00, 0x00, 0x03, 0xFC, 0x00, 0x00, 0x03, 0xFC,
    0x00, 0x00, 0x03, 0xFC, 0x00, 0x00, 0x03, 0xFC, 0x00, 0x00, 0x03, 0xFC, 0x00, 0x00, 0x03, 0xFC,
    0x00, 0x00, 0x03, 0xFC, 0x00, 0x00, 0x03, 0xFD, 0x00, 0x00, 0x3F, 0xFF, 0xF4, 0x00, 0x7F, 0xFF,
    0xF4, 0x00, 0x00, 0x15, 0x01, 0x40, 0x2F, 0xFF, 0xB8, 0x0F, 0xFA, 0xFF, 0xC2, 0xF8, 0x01, 0xFC,
    0x3F, 0x00, 0x0B, 0xC3, 0xF4, 0x00, 0x3C, 0x3F, 0xD0, 0x00, 0x03, 0xFF, 0xE4, 0x00, 0x0F, 0xFF,
    0xF8, 0x00, 0x3F, 0xFF, 0xF4, 0x00, 0x6F, 0xFF, 0xC0, 0x00, 0x0B, 0xFD, 0x14, 0x00, 0x0F, 0xE7,
    0xC0, 0x00, 0xBE, 0x7E, 0x00, 0x0F, 0xD3, 0xF8, 0x01, 0xFC, 0x3F, 0xFE, 0xFF, 0x43, 0xEF, 0xFF,
    0xC0, 0x14, 0x15, 0x40, 0x00, 0x00, 0xA4, 0x00, 0x00, 0x3D, 0x00, 0x00, 0x1F, 0x40, 0x00, 0x0B,
    0xD0, 0x00, 0x03, 0xF4, 0x00, 0x02, 0xFD, 0x00, 0x0B, 0xFF, 0xFF, 0xE3, 0xFF, 0xFF, 0xF8, 0x5B,
    0xF9, 0x54, 0x01, 0xFD, 0x00, 0x00, 0x7F, 0x40, 0x00, 0x1F, 0xD0, 0x00, 0x07, 0xF4, 0x00, 0x01,
    0xFD, 0x00, 0x00, 0x7F, 0x40, 0x00, 0x1F, 0xD0, 0x00, 0x07, 0xF4, 0x00, 0x01, 0xFD, 0x00, 0x00,
    0x7F, 0x80, 0x00, 0x1F, 0xE0, 0x00, 0x03, 0xFE, 0x5B, 0x40, 0xBF, 0xFF, 0xC0, 0x0B, 0xFF, 0x80,
    0x00, 0x15, 0x00, 0x00, 0x00, 0x00, 0x00, 0x00, 0x0F, 0xFF, 0x00, 0x3F, 0xFC, 0x03, 0xFF, 0xC0,
    0x0F, 0xFF, 0x00, 0x1F, 0xF0, 0x00, 0x7F, 0xC0, 0x02, 0xFC, 0x00, 0x0F, 0xF0, 0x00, 0xBF, 0x00,
    0x03, 0xFC, 0x00, 0x2F, 0xC0, 0x00, 0xFF, 0x00, 0x0B, 0xF0, 0x00, 0x3F, 0xC0, 0x02, 0xFC, 0x00,
    0x0F, 0xF0, 0x00, 0xBF, 0x00, 0x03, 0xFC, 0x00, 0x2F, 0xC0, 0x00, 0xFF, 0x00, 0x0B, 0xF0, 0x00,
    0x3F, 0xC0, 0x02, 0xFC, 0x00, 0x0F, 0xF0, 0x00, 0xBF, 0x40, 0x07, 0xFC, 0x00, 0x1F, 0xE0, 0x03,
    0xFF, 0x00, 0x03, 0xFE, 0x5B, 0xFF, 0xD0, 0x00, 0xBF, 0xFF, 0xD7, 0xFF, 0x80, 0x0B, 0xFF, 0xD0,
    0xFF, 0xE0, 0x00, 0x15, 0x00, 0x00, 0x00, 0x7F, 0xFF, 0xC0, 0x7F, 0xFE, 0xBF, 0xFF, 0xC0, 0xBF,
    0xFE, 0x0B, 0xFC, 0x00, 0x0B, 0xE0, 0x03, 0xFC, 0x00, 0x07, 0xC0, 0x03, 0xFD, 0x00, 0x0F, 0x80,
    0x01, 0xFE, 0x00, 0x0F, 0x40, 0x00, 0xFF, 0x00, 0x2F, 0x00, 0x00, 0xBF, 0x40, 0x3E, 0x00, 0x00,
    0x3F, 0xC0, 0x3C, 0x00, 0x00, 0x3F, 0xC0, 0xBC, 0x00, 0x00, 0x1F, 0xE0, 0xF4, 0x00, 0x00, 0x0F,
    0xF1, 0xF0, 0x00, 0x00, 0x0B, 0xF6, 0xE0, 0x00, 0x00, 0x07, 0xFB, 0xC0, 0x00, 0x00, 0x03, 0xFF,
    0xC0, 0x00, 0x00, 0x01, 0xFF, 0x40, 0x00, 0x00, 0x00, 0xFF, 0x00, 0x00, 0xBF, 0xFF, 0xC0, 0x3F,
    0xD0, 0x0F, 0xFF, 0xEF, 0xFF, 0xF0, 0x0F, 0xFC, 0x03, 0xFF, 0xF0, 0xFF, 0x80, 0x07, 0xFF, 0x00,
    0x1F, 0xC0, 0x1F, 0xE0, 0x02, 0xFF, 0xD0, 0x03, 0xC0, 0x03, 0xFC, 0x00, 0xF7, 0xF8, 0x01, 0xF0,
    0x00, 0xBF, 0x40, 0x3C, 0xFF, 0x00, 0xB8, 0x00, 0x1F, 0xE0, 0x1F, 0x2F, 0xC0, 0x3D, 0x00, 0x03,
    0xFC, 0x0F, 0x87, 0xF4, 0x0F, 0x00, 0x00, 0xBF, 0x03, 0xD0, 0xFE, 0x0B, 0x80, 0x00, 0x1F, 0xD1,
    0xF0, 0x3F, 0xC3, 0xD0, 0x00, 0x03, 0xF8, 0xBC, 0x07, 0xF0, 0xF0, 0x00, 0x00, 0xFF, 0x3E, 0x00,
    0xFD, 0x7C, 0x00, 0x00, 0x1F, 0xDF, 0x40, 0x3F, 0xAD, 0x00, 0x00, 0x03, 0xFF, 0xC0, 0x0B, 0xFF,
    0x00, 0x00, 0x00, 0xFF, 0xE0, 0x01, 0xFF, 0xC0, 0x00, 0x00, 0x2F, 0xF4, 0x00, 0x3F, 0xE0, 0x00,
    0x00, 0x03, 0xFC, 0x00, 0x0F, 0xF0, 0x00, 0x00, 0xBF, 0xFF, 0xC2, 0xFF, 0xF4, 0xBF, 0xFF, 0xC2,
    0xFF, 0xF4, 0x0B, 0xFD, 0x00, 0x3F, 0x40, 0x03, 0xFE, 0x00, 0x7D, 0x00, 0x00, 0xFF, 0x80, 0xF4,
    0x00, 0x00, 0x3F, 0xD3, 0xE0, 0x00, 0x00, 0x1F, 0xFF, 0xC0, 0x00, 0x00, 0x0B, 0xFF, 0x00, 0x00,
    0x00, 0x02, 0xFF, 0x00, 0x00, 0x00, 0x03, 0xFF, 0x80, 0x00, 0x00, 0x0F, 0xBF, 0xD0, 0x00, 0x00,
    0x2F, 0x0F, 0xF0, 0x00, 0x00, 0xBC, 0x07, 0xFC, 0x00, 0x01, 0xF4, 0x02, 0xFF, 0x00, 0x07, 0xF0,
    0x00, 0xFF, 0xC0, 0xBF, 0xFE, 0x0F, 0xFF, 0xFC, 0xBF, 0xFF, 0x0F, 0xFF, 0xFC, 0x7F, 0xFF, 0xC0,
    0xBF, 0xFD, 0x7F, 0xFF, 0xC0, 0xFF, 0xFD, 0x0B, 0xFC, 0x00, 0x0F, 0xE0, 0x03, 0xFC, 0x00, 0x0B,
    0xC0, 0x02, 0xFD, 0x00, 0x0F, 0x40, 0x01, 0xFF, 0x00, 0x1F, 0x00, 0x00, 0xFF, 0x00, 0x3E, 0x00,
    0x00, 0x7F, 0x80, 0x3C, 0x00, 0x00, 0x3F, 0xC0, 0xBC, 0x00, 0x00, 0x2F, 0xD0, 0xF4, 0x00, 0x00,
    0x0F, 0xF1, 0xF0, 0x00, 0x00, 0x0B, 0xF3, 0xD0, 0x00, 0x00, 0x07, 0xFF, 0xC0, 0x00, 0x00, 0x03,
    0xFF, 0x80, 0x00, 0x00, 0x01, 0xFF, 0x00, 0x00, 0x00, 0x00, 0xFF, 0x00, 0x00, 0x00, 0x00, 0xBD,
    0x00, 0x00, 0x00, 0x00, 0xBC, 0x00, 0x00, 0x00, 0x00, 0xF8, 0x00, 0x00, 0x09, 0x01, 0xF0, 0x00,
    0x00, 0x7F, 0x43, 0xE0, 0x00, 0x00, 0xBF, 0x4B, 0xC0, 0x00, 0x00, 0xBF, 0xAF, 0x40, 0x00, 0x00,
    0x3F, 0xFD, 0x00, 0x00, 0x00, 0x06, 0x90, 0x00, 0x00, 0x00, 0x7F, 0xFF, 0xFF, 0xF5, 0xFF, 0xFF,
    0xFF, 0xD7, 0xF4, 0x01, 0xFE, 0x2F, 0x40, 0x0F, 0xF0, 0xBC, 0x00, 0xFF, 0x42, 0xD0, 0x0B, 0xF8,
    0x00, 0x00, 0x7F, 0xC0, 0x00, 0x03, 0xFC, 0x00, 0x00, 0x2F, 0xD0, 0x00, 0x01, 0xFE, 0x00, 0x00,
    0x0F, 0xF0, 0x00, 0x00, 0xFF, 0x00, 0x1E, 0x0B, 0xF4, 0x00, 0xF8, 0x7F, 0x80, 0x07, 0xE3, 0xFC,
    0x00, 0x7F, 0xAF, 0xFF, 0xFF, 0xFD, 0xFF, 0xFF, 0xFF, 0xF4, 0x00, 0x05, 0x40, 0x02, 0xFF, 0xC0,
    0x1F, 0xE9, 0x00, 0xFF, 0x00, 0x03, 0xF8, 0x00, 0x0F, 0xE0, 0x00, 0x3F, 0x80, 0x00, 0xFF, 0x00,
    0x02, 0xFC, 0x00, 0x0B, 0xF0, 0x00, 0x2F, 0xC0, 0x00, 0x7F, 0x00, 0x01, 0xFC, 0x00, 0x07, 0xF0,
    0x00, 0x1F, 0xC0, 0x00, 0xBF, 0x00, 0x1B, 0xF0, 0x01, 0xFD, 0x00, 0x07, 0xFD, 0x00, 0x00, 0xFD,
    0x00, 0x02, 0xFC, 0x00, 0x07, 0xF0, 0x00, 0x1F, 0xC0, 0x00, 0x7F, 0x00, 0x01, 0xFC, 0x00, 0x0B,
    0xF0, 0x00, 0x2F, 0xC0, 0x00, 0xBF, 0x00, 0x03, 0xFC, 0x00, 0x0F, 0xE0, 0x00, 0x3F, 0x80, 0x00,
    0xFE, 0x00, 0x03, 0xFC, 0x00, 0x0B, 0xF9, 0x40, 0x0B, 0xFF, 0x00, 0x06, 0xA4, 0x29, 0x3D, 0x3D,
    0x3D, 0x3D, 0x3D, 0x3D, 0x3D, 0x3D, 0x3D, 0x3D, 0x3D, 0x3D, 0x3D, 0x3D, 0x3D, 0x3D, 0x3D, 0x3D,
    0x3D, 0x3D, 0x3D, 0x3D, 0x3D, 0x3D, 0x3D, 0x3D, 0x3D, 0x3D, 0x3D, 0x29, 0x15, 0x00, 0x0B, 0xFF,
    0x00, 0x2B, 0xFC, 0x00, 0x1F, 0xD0, 0x01, 0xFD, 0x00, 0x1F, 0xD0, 0x01, 0xFD, 0x00, 0x1F, 0xC0,
    0x02, 0xFC, 0x00, 0x2F, 0xC0, 0x02, 0xFC, 0x00, 0x3F, 0xC0, 0x03, 0xF8, 0x00, 0x3F, 0x80, 0x03,
    0xFC, 0x00, 0x1F, 0xC0, 0x00, 0xBF, 0x40, 0x01, 0xFF, 0x00, 0x2F, 0xE0, 0x0F, 0xE0, 0x02, 0xFC,
    0x00, 0x3F, 0xC0, 0x03, 0xF8, 0x00, 0x3F, 0xC0, 0x03, 0xFC, 0x00, 0x2F, 0xC0, 0x02, 0xFC, 0x00,
    0x2F, 0xC0, 0x01, 0xFC, 0x00, 0x1F, 0xD0, 0x01, 0xFD, 0x00, 0x1F, 0xD0, 0x01, 0xFC, 0x05, 0xBF,
    0xC0, 0xBF, 0xF0, 0x05, 0xA4, 0x00, 0x00, 0x00, 0x00, 0x00, 0x0F, 0xE9, 0x00, 0x38, 0x3F, 0xFF,
    0xFA, 0xBC, 0x7E, 0xFF, 0xFF, 0xF4, 0xB4, 0x01, 0xBF, 0xE0, 0x00, 0x00, 0x00, 0x00, 0x05, 0x02,
    0xFD, 0x3F, 0xF3, 0xFF, 0x2F, 0xD0, 0x50, 0x00, 0x00, 0x10, 0x0B, 0x80, 0xB8, 0x0B, 0x80, 0xB8,
    0x0F, 0x80, 0xF8, 0x0F, 0xC0, 0xFC, 0x0F, 0xC1, 0xFD, 0x2F, 0xD3, 0xFE, 0x3F, 0xF3, 0xFF, 0x3F,
    0xF3, 0xFE, 0x1F, 0x80, 0x00, 0x00, 0x14, 0x00, 0x00, 0x00, 0x7C, 0x00, 0x00, 0x00, 0xB8, 0x00,
    0x00, 0x1F, 0xFE, 0x40, 0x00, 0xFF, 0xFF, 0xE0, 0x07, 0xFE, 0xF7, 0xF8, 0x0F, 0xF1, 0xF3, 0xFC,
    0x2F, 0xC2, 0xE7, 0xFC, 0x3F, 0xC3, 0xD7, 0xFC, 0x7F, 0x83, 0xC1, 0xA0, 0x7F, 0x87, 0xC0, 0x00,
    0xBF, 0x47, 0xC0, 0x00, 0xBF, 0x8B, 0x80, 0x00, 0x7F, 0x8F, 0x40, 0x00, 0x7F, 0xCF, 0x00, 0x00,
    0x3F, 0xEF, 0x00, 0x00, 0x2F, 0xFE, 0x00, 0x14, 0x0F, 0xFF, 0x01, 0xFC, 0x07, 0xFF, 0xFF, 0xF4,
    0x01, 0xFF, 0xFF, 0xC0, 0x00, 0x7F, 0xF9, 0x00, 0x00, 0xB8, 0x00, 0x00, 0x00, 0xB8, 0x00, 0x00,
    0x00, 0x01, 0xBF, 0x90, 0x00, 0x02, 0xFF, 0xFF, 0xD0, 0x00, 0xBF, 0x81, 0xBF, 0x00, 0x1F, 0xD0,
    0x03, 0xF8, 0x03, 0xFC, 0x00, 0xBF, 0xC0, 0x3F, 0x80, 0x0B, 0xF8, 0x07, 0xF8, 0x00, 0x3E, 0x00,
    0x7F, 0x80, 0x00, 0x00, 0x03, 0xFC, 0x00, 0x00, 0x00, 0x3F, 0xC0, 0x00, 0x00, 0x02, 0xFE, 0x00,
    0x00, 0x01, 0x6F, 0xF5, 0x55, 0x40, 0x3F, 0xFF, 0xFF, 0xF8, 0x02, 0xAB, 0xFE, 0xAA, 0x40, 0x00,
    0x3F, 0xD0, 0x00, 0x00, 0x02, 0xFD, 0x00, 0x00, 0x00, 0x1F, 0xD0, 0x00, 0x00, 0x01, 0xFC, 0x00,
    0x04, 0x00, 0x2F, 0xC0, 0x02, 0xE0, 0x03, 0xF0, 0x00, 0x3E, 0x00, 0xBD, 0x00, 0x0F, 0xD0, 0x3F,
    0xFF, 0xFF, 0xFD, 0x1F, 0xFF, 0xFF, 0xFF, 0xC1, 0xFF, 0xFF, 0xFF, 0xFC, 0x00, 0x00, 0x00, 0x00,
    0x24, 0x00, 0x00, 0x18, 0x3E, 0x06, 0xA4, 0xBD, 0x1F, 0xFF, 0xFF, 0xF8, 0x0B, 0xFD, 0x6F, 0xF0,
    0x0B, 0xF0, 0x0B, 0xF0, 0x0F, 0xD0, 0x03, 0xF0, 0x0F, 0xC0, 0x03, 0xF4, 0x0F, 0xC0, 0x03, 0xF4,
    0x0F, 0xC0, 0x03, 0xF0, 0x0F, 0xD0, 0x03, 0xF0, 0x0B, 0xF0, 0x0B, 0xE0, 0x0B, 0xFE, 0xBF, 0xF0,
    0x1F, 0xFF, 0xFF, 0xF8, 0x3E, 0x05, 0x50, 0xBC, 0x14, 0x00, 0x00, 0x18, 0x55, 0x55, 0x50, 0x01,
    0x55, 0x57, 0xFF, 0xFF, 0xC0, 0x1F, 0xFF, 0xFB, 0xFF, 0xF9, 0x00, 0x2F, 0xFE, 0x81, 0xFF, 0x40,
    0x00, 0x0F, 0xC0, 0x02, 0xFE, 0x00, 0x00, 0x3E, 0x00, 0x03, 0xFC, 0x00, 0x03, 0xF0, 0x00, 0x07,
    0xFC, 0x00, 0x1F, 0x40, 0x00, 0x0F, 0xF4, 0x00, 0xF8, 0x00, 0x00, 0x0F, 0xF0, 0x0B, 0xC0, 0x00,
    0x00, 0x2F, 0xE0, 0x3D, 0x00, 0x00, 0x00, 0x3F, 0xD3, 0xF0, 0x00, 0x03, 0xFF, 0xFF, 0xDF, 0xFF,
    0x80, 0x0A, 0xAA, 0xFF, 0xFF, 0xFD, 0x00, 0x00, 0x00, 0xFF, 0xC0, 0x00, 0x00, 0x00, 0x03, 0xFE,
    0x00, 0x00, 0x07, 0xFF, 0xFF, 0xFF, 0xFF, 0x80, 0x1F, 0xFF, 0xFF, 0xFF, 0xFD, 0x00, 0x00, 0x00,
    0xBF, 0x40, 0x00, 0x00, 0x00, 0x02, 0xFD, 0x00, 0x00, 0x00, 0x00, 0x0B, 0xF4, 0x00, 0x00, 0x00,
    0x00, 0x2F, 0xD0, 0x00, 0x00, 0x00, 0x00, 0xFF, 0x80, 0x00, 0x00, 0x00, 0xBF, 0xFF, 0xF4, 0x00,
    0x00, 0x02, 0xFF, 0xFF, 0xE0, 0x00, 0x3D, 0x3D, 0x3D, 0x3D, 0x3D, 0x3D, 0x3D, 0x3D, 0x3D, 0x3D,
    0x3D, 0x3D, 0x3D, 0x00, 0x00, 0x00, 0x00, 0x3D, 0x3D, 0x3D, 0x3D, 0x3D, 0x3D, 0x3D, 0x3D, 0x3D,
    0x3D, 0x3D, 0x3D, 0x3D, 0x29, 0x00, 0x02, 0xFF, 0x80, 0x00, 0x01, 0xFF, 0xFF, 0x00, 0x00, 0x7F,
    0x42, 0xFC, 0x00, 0x0F, 0xD0, 0x3F, 0xC0, 0x00, 0xFC, 0x07, 0xF8, 0x00, 0x0F, 0xC0, 0x2E, 0x00,
    0x00, 0xFE, 0x00, 0x00, 0x00, 0x0F, 0xF8, 0x00, 0x00, 0x07, 0xFF, 0xF0, 0x00, 0x01, 0xFD, 0xFF,
    0xD0, 0x00, 0x3F, 0x07, 0xFF, 0xC0, 0x03, 0xF0, 0x0F, 0xFF, 0x40, 0x3F, 0x40, 0x2F, 0xFE, 0x03,
    0xFC, 0x00, 0x7F, 0xF8, 0x2F, 0xF0, 0x00, 0xBF, 0xC0, 0xFF, 0xC0, 0x02, 0xFE, 0x07, 0xFF, 0x80,
    0x0F, 0xF0, 0x0F, 0xFF, 0x40, 0x7F, 0x00, 0x2F, 0xFE, 0x07, 0xE0, 0x00, 0x7F, 0xF8, 0xFC, 0x00,
    0x00, 0xBF, 0xFF, 0x40, 0x00, 0x01, 0xFF, 0xC0, 0x00, 0x00, 0x07, 0xF8, 0x00, 0x05, 0x00, 0x2F,
    0x80, 0x01, 0xFC, 0x01, 0xF8, 0x00, 0x3F, 0xD0, 0x2F, 0x80, 0x03, 0xFC, 0x03, 0xF0, 0x00, 0x1F,
    0xFB, 0xFD, 0x00, 0x00, 0x7F, 0xFE, 0x00, 0x00, 0x00, 0x14, 0x00, 0x00, 0x00, 0x00, 0x00, 0x0B,
    0xD0, 0x2F, 0x47, 0xFC, 0x1F, 0xF1, 0xFF, 0x0B, 0xFC, 0x3F, 0xC0, 0xFE, 0x01, 0x40, 0x05, 0x00,
    0x00, 0x00, 0x6F, 0xE9, 0x00, 0x00, 0x00, 0x7F, 0xFF, 0xFF, 0x40, 0x00, 0x0B, 0xF4, 0x00, 0x7F,
    0xC0, 0x00, 0xFD, 0x00, 0x00, 0x1F, 0xC0, 0x0F, 0xC0, 0x05, 0x41, 0x0F, 0xC0, 0x7C, 0x02, 0xFF,
    0xEC, 0x0F, 0x83, 0xD0, 0x3F, 0x97, 0xF4, 0x1F, 0x1F, 0x02, 0xF4, 0x02, 0xD0, 0x3D, 0xB8, 0x0F,
    0xC0, 0x03, 0x80, 0xBB, 0xD0, 0xBE, 0x00, 0x04, 0x01, 0xFF, 0x42, 0xF4, 0x00, 0x00, 0x07, 0xFD,
    0x0B, 0xD0, 0x00, 0x00, 0x0F, 0xF4, 0x2F, 0x40, 0x00, 0x00, 0x7F, 0xD0, 0x7E, 0x00, 0x00, 0x01,
    0xFB, 0x80, 0xFC, 0x00, 0x00, 0x0B, 0x9F, 0x02, 0xFC, 0x00, 0xE0, 0x3C, 0x3E, 0x03, 0xFE, 0xAF,
    0x02, 0xF0, 0xBC, 0x02, 0xFF, 0xF0, 0x1F, 0x40, 0xFC, 0x00, 0x54, 0x01, 0xF8, 0x00, 0xFE, 0x00,
    0x00, 0x2F, 0x80, 0x00, 0xBF, 0xE5, 0x6F, 0xF4, 0x00, 0x00, 0x2F, 0xFF, 0xFE, 0x00, 0x00, 0x00,
    0x01, 0x55, 0x00, 0x00, 0x00, 0x01, 0xAA, 0x00, 0x02, 0xFF, 0xFD, 0x00, 0x7D, 0x03, 0xF0, 0x0B,
    0xD0, 0x2F, 0x40, 0x3C, 0x02, 0xF8, 0x00, 0x00, 0x2F, 0x80, 0x07, 0xFF, 0xF8, 0x03, 0xFD, 0x6F,
    0x80, 0xBE, 0x02, 0xF8, 0x0F, 0xD0, 0x2F, 0x80, 0xBF, 0x07, 0xFC, 0x07, 0xFF, 0xEF, 0xFC, 0x1B,
    0xE4, 0x7F, 0x40, 0x00, 0x06, 0x00, 0x30, 0x00, 0x7C, 0x03, 0xD0, 0x07, 0xD0, 0x3F, 0x00, 0x7F,
    0x03, 0xF0, 0x0B, 0xF0, 0x3F, 0x40, 0xBF, 0x43, 0xFC, 0x07, 0xF8, 0x3F, 0xC0, 0x1F, 0xE0, 0xFF,
    0x00, 0x3F, 0xD2, 0xFE, 0x00, 0x3F, 0xC2, 0xFD, 0x00, 0x3F, 0x82, 0xFC, 0x00, 0x3F, 0x42, 0xF8,
    0x00, 0x3F, 0x01, 0xF4, 0x00, 0x2C, 0x01, 0xD0, 0x00, 0x00, 0x00, 0x00, 0x15, 0x55, 0x55, 0x55,
    0xFF, 0xFF, 0xFF, 0xF7, 0xFF, 0xFF, 0xFF, 0xC0, 0x00, 0x00, 0x3F, 0x00, 0x00, 0x00, 0xFC, 0x00,
    0x00, 0x03, 0xF0, 0x00, 0x00, 0x0F, 0xC0, 0x00, 0x00, 0x3F, 0x00, 0x00, 0x00, 0x00, 0x00, 0x1A,
    0x40, 0x00, 0x2F, 0xFF, 0xC0, 0x0B, 0xAA, 0xFF, 0x01, 0xF8, 0xA1, 0xF8, 0x3F, 0xCF, 0x4F, 0xC3,
    0xFC, 0xF1, 0xFD, 0x3F, 0xC0, 0x7F, 0xD3, 0xFC, 0xE3, 0xFD, 0x3F, 0xCF, 0x1F, 0xC2, 0xF8, 0xB4,
    0xB8, 0x0F, 0xAB, 0xEB, 0x00, 0x3F, 0xFF, 0xC0, 0x00, 0x6A, 0x90, 0x00, 0x7F, 0xFF, 0xF2, 0xFF,
    0xFF, 0xCB, 0xFF, 0xFF, 0x00, 0x00, 0x00, 0x02, 0xFF, 0x43, 0xFB, 0xF5, 0xF0, 0x2F, 0xB8, 0x03,
    0xEF, 0x01, 0xF3, 0xD0, 0xF8, 0xBF, 0xFC, 0x06, 0xE4, 0x00, 0x00, 0x0A, 0x80, 0x00, 0x00, 0x3F,
    0x00, 0x00, 0x00, 0xFC, 0x00, 0x00, 0x03, 0xF0, 0x00, 0x00, 0x0F, 0xC0, 0x01, 0xFF, 0xFF, 0xFF,
    0xE7, 0xFF, 0xFF, 0xFF, 0xDA, 0xAB, 0xFA, 0xAA, 0x00, 0x0F, 0xC0, 0x00, 0x00, 0x3F, 0x00, 0x00,
    0x00, 0xFC, 0x00, 0x00, 0x03, 0xF0, 0x00, 0x00, 0x0B, 0xC0, 0x00, 0x00, 0x00, 0x00, 0x00, 0x00,
    0x00, 0x00, 0x0A, 0xAA, 0xAA, 0xA9, 0x7F, 0xFF, 0xFF, 0xFD, 0xFF, 0xFF, 0xFF, 0xF0, 0x02, 0xFF,
    0x90, 0x07, 0xFF, 0xFE, 0x03, 0xF0, 0x1F, 0xE0, 0xFC, 0x02, 0xFC, 0x3F, 0x00, 0x7F, 0x00, 0x00,
    0x2F, 0x80, 0x00, 0x0F, 0xD0, 0x00, 0x0B, 0xE0, 0x00, 0x0B, 0xE0, 0x00, 0x0B, 0xE0, 0x00, 0x0B,
    0xD0, 0x00, 0x0B, 0xD0, 0x2C, 0x0B, 0xC0, 0x1F, 0x0B, 0xFF, 0xFF, 0xC3, 0xFF, 0xFF, 0xF0, 0x6A,
    0xAA, 0xA4, 0x01, 0xBF, 0x90, 0x03, 0xFF, 0xFF, 0x02, 0xF0, 0x0F, 0xE0, 0xFD, 0x01, 0xFC, 0x1F,
    0x40, 0x7F, 0x00, 0x00, 0x3F, 0x40, 0x00, 0x2F, 0x80, 0x00, 0xFF, 0x40, 0x00, 0x2B, 0xF8, 0x00,
    0x00, 0x2F, 0xC0, 0x00, 0x03, 0xF4, 0x00, 0x00, 0xFD, 0x28, 0x00, 0x7F, 0x4F, 0xE5, 0xBF, 0xC0,
    0xFF, 0xFF, 0xC0, 0x06, 0xFE, 0x40, 0x00, 0x00, 0x00, 0x7C, 0x00, 0xFD, 0x03, 0xFC, 0x0B, 0xF4,
    0x1F, 0xC0, 0x3D, 0x00, 0x10, 0x00, 0x00, 0x00, 0x00, 0x00, 0x02, 0xFE, 0x00, 0x0B, 0xF4, 0x0B,
    0xF4, 0x00, 0x2F, 0xD0, 0x2F, 0xD0, 0x00, 0xBF, 0x00, 0xBF, 0x40, 0x02, 0xFC, 0x02, 0xFD, 0x00,
    0x0B, 0xF0, 0x0B, 0xF4, 0x00, 0x2F, 0xC0, 0x2F, 0xD0, 0x00, 0xBF, 0x00, 0xBF, 0x00, 0x02, 0xFC,
    0x02, 0xFC, 0x00, 0x0B, 0xF0, 0x07, 0xF0, 0x00, 0x2F, 0xC0, 0x1F, 0xC0, 0x00, 0xBF, 0x00, 0x7F,
    0x00, 0x03, 0xFC, 0x01, 0xFC, 0x00, 0x0F, 0xF0, 0x07, 0xF0, 0x00, 0xBF, 0xC0, 0x1F, 0xF4, 0x1F,
    0xBF, 0x80, 0x7F, 0xFF, 0xFC, 0xFF, 0xF5, 0xFE, 0xFF, 0x80, 0xFF, 0xC7, 0xF0, 0x50, 0x00, 0x50,
    0x1F, 0xD0, 0x00, 0x00, 0x00, 0x7F, 0x40, 0x00, 0x00, 0x01, 0xFD, 0x00, 0x00, 0x00, 0x07, 0xF8,
    0x00, 0x00, 0x00, 0x0F, 0xE0, 0x00, 0x00, 0x00, 0x3F, 0xC0, 0x00, 0x00, 0x00, 0x54, 0x00, 0x00,
    0x00, 0x00, 0x00, 0x05, 0x01, 0x55, 0x00, 0x7F, 0xD2, 0xFF, 0xD0, 0xBF, 0xF4, 0xBF, 0xE0, 0xBF,
    0xFD, 0x2F, 0xC0, 0x3F, 0xFF, 0x4B, 0xF0, 0x2F, 0xFF, 0xD2, 0xFC, 0x0F, 0xFF, 0xF4, 0xBF, 0x03,
    0xFF, 0xFD, 0x2F, 0xC0, 0xFF, 0xFF, 0x4B, 0xF0, 0x3F, 0xFF, 0xD2, 0xFC, 0x0B, 0xFF, 0xF4, 0xBF,
    0x01, 0xFF, 0xFD, 0x2F, 0xC0, 0x3F, 0xFF, 0x4B, 0xF0, 0x07, 0xFF, 0xD2, 0xFC, 0x00, 0x7F, 0xF4,
    0xBF, 0x00, 0x02, 0xFD, 0x2F, 0xC0, 0x00, 0x00, 0x0B, 0xF0, 0x00, 0x00, 0x02, 0xFC, 0x00, 0x00,
    0x00, 0xBF, 0x00, 0x00, 0x00, 0x2F, 0xC0, 0x00, 0x00, 0x0B, 0xF0, 0x00, 0x00, 0x02, 0xFC, 0x00,
    0x00, 0x00, 0xBF, 0x00, 0x00, 0x00, 0x2F, 0xC0, 0x00, 0x00, 0x0B, 0xF0, 0x00, 0x00, 0x02, 0xFC,
    0x00, 0x00, 0x01, 0xFF, 0x00, 0x00, 0x1F, 0xFF, 0xC0, 0x00, 0x07, 0xFF, 0xE0, 0x00, 0x0A, 0x80,
    0xFF, 0xC3, 0xFF, 0x4F, 0xFC, 0x2F, 0xE0, 0x19, 0x00, 0x01, 0x40, 0x03, 0x80, 0x07, 0x80, 0x0B,
    0xFC, 0x00, 0x7E, 0x00, 0x3F, 0x24, 0xBE, 0x7F, 0xFD, 0x0A, 0xA0, 0x05, 0xB4, 0x0F, 0xFF, 0x40,
    0x6F, 0xF4, 0x00, 0x3F, 0x40, 0x03, 0xF4, 0x00, 0x3F, 0x40, 0x03, 0xF4, 0x00, 0x3F, 0x40, 0x03,
    0xF4, 0x00, 0x3F, 0x40, 0x03, 0xF4, 0x00, 0x3F, 0x40, 0x03, 0xF4, 0x00, 0x7F, 0x90, 0xFF, 0xFF,
    0xC6, 0xAA, 0xA8, 0x00, 0x6A, 0x40, 0x02, 0xFF, 0xFD, 0x02, 0xF8, 0x1F, 0xD1, 0xF8, 0x01, 0xFC,
    0xBD, 0x00, 0x3F, 0x7F, 0x40, 0x0F, 0xDF, 0xC0, 0x02, 0xF7, 0xF4, 0x00, 0xBD, 0xBE, 0x00, 0x3F,
    0x1F, 0xC0, 0x0F, 0xC3, 0xF8, 0x0B, 0xD0, 0x3F, 0xFF, 0xD0, 0x01, 0xFF, 0x80, 0x00, 0x30, 0x02,
    0x40, 0x02, 0xF0, 0x0F, 0x40, 0x03, 0xF0, 0x2F, 0x40, 0x03, 0xF0, 0x3F, 0x80, 0x07, 0xF0, 0x3F,
    0x80, 0x0F, 0xF0, 0x7F, 0x80, 0x0F, 0xF0, 0xBF, 0x40, 0x3F, 0xC2, 0xFD, 0x02, 0xFD, 0x1F, 0xF0,
    0x1F, 0xE0, 0xFF, 0x00, 0xFE, 0x0B, 0xF0, 0x0B, 0xD0, 0x7F, 0x00, 0x7D, 0x03, 0xF0, 0x01, 0xD0,
    0x0F, 0x00, 0x00, 0x00, 0x00, 0x00, 0x00, 0x05, 0xB4, 0x00, 0x00, 0x00, 0xF8, 0x00, 0x0F, 0xFF,
    0x40, 0x00, 0x00, 0x2F, 0x00, 0x00, 0x6F, 0xF4, 0x00, 0x00, 0x03, 0xE0, 0x00, 0x00, 0x3F, 0x40,
    0x00, 0x00, 0xFC, 0x00, 0x00, 0x03, 0xF4, 0x00, 0x00, 0x1F, 0x40, 0x00, 0x00, 0x3F, 0x40, 0x00,
    0x03, 0xF0, 0x00, 0x00, 0x03, 0xF4, 0x00, 0x00, 0x7D, 0x00, 0x00, 0x00, 0x3F, 0x40, 0x00, 0x0F,
    0xC0, 0x00, 0x00, 0x03, 0xF4, 0x00, 0x02, 0xF0, 0x00, 0x58, 0x00, 0x3F, 0x40, 0x00, 0x3E, 0x00,
    0x3F, 0xC0, 0x03, 0xF4, 0x00, 0x0F, 0xC0, 0x0B, 0xFC, 0x00, 0x3F, 0x40, 0x01, 0xF4, 0x00, 0xFF,
    0xC0, 0x03, 0xF4, 0x00, 0x3F, 0x00, 0x3D, 0xFC, 0x00, 0x7F, 0x90, 0x07, 0xD0, 0x0B, 0x8F, 0xC0,
    0xFF, 0xFF, 0xC0, 0xFC, 0x00, 0xF0, 0xFC, 0x06, 0xAA, 0xA8, 0x2F, 0x00, 0x3C, 0x0F, 0xC0, 0x00,
    0x00, 0x03, 0xE0, 0x0B, 0x80, 0xFC, 0x00, 0x00, 0x00, 0xFC, 0x01, 0xF0, 0x0F, 0xC0, 0x00, 0x00,
    0x1F, 0x40, 0x3C, 0x00, 0xFC, 0x00, 0x00, 0x03, 0xF0, 0x07, 0xFF, 0xFF, 0xFE, 0x00, 0x00, 0xBD,
    0x00, 0x3F, 0xFF, 0xFF, 0xE0, 0x00, 0x0F, 0xC0, 0x00, 0x00, 0x0F, 0xC0, 0x00, 0x02, 0xF0, 0x00,
    0x00, 0x00, 0xFC, 0x00, 0x00, 0x3E, 0x00, 0x00, 0x00, 0x0F, 0xC0, 0x00, 0x05, 0x40, 0x00, 0x00,
    0x00, 0x00, 0x00, 0x05, 0xB4, 0x00, 0x00, 0x00, 0xF8, 0x00, 0x03, 0xFF, 0xD0, 0x00, 0x00, 0x0B,
    0xC0, 0x00, 0x06, 0xFF, 0x40, 0x00, 0x00, 0x3E, 0x00, 0x00, 0x00, 0xFD, 0x00, 0x00, 0x03, 0xF0,
    0x00, 0x00, 0x03, 0xF4, 0x00, 0x00, 0x1F, 0x40, 0x00, 0x00, 0x0F, 0xD0, 0x00, 0x00, 0xFC, 0x00,
    0x00, 0x00, 0x3F, 0x40, 0x00, 0x0B, 0xD0, 0x00, 0x00, 0x00, 0xFD, 0x00, 0x00, 0x3E, 0x00, 0x00,
    0x00, 0x03, 0xF4, 0x00, 0x02, 0xF0, 0x1B, 0xFE, 0x00, 0x0F, 0xD0, 0x00, 0x0F, 0x83, 0xFF, 0xFF,
    0x00, 0x3F, 0x40, 0x00, 0xFC, 0x2F, 0x00, 0xFF, 0x00, 0xFD, 0x00, 0x07, 0xD0, 0xFD, 0x00, 0xFC,
    0x03, 0xF4, 0x00, 0x3F, 0x02, 0xF4, 0x03, 0xF4, 0x1F, 0xE4, 0x02, 0xF4, 0x00, 0x00, 0x0F, 0xCF,
    0xFF, 0xFC, 0x0F, 0x80, 0x00, 0x00, 0xBE, 0x1A, 0xAA, 0xA0, 0xBC, 0x00, 0x00, 0x07, 0xF0, 0x00,
    0x00, 0x03, 0xE0, 0x00, 0x00, 0x3F, 0x00, 0x00, 0x00, 0x3F, 0x00, 0x00, 0x03, 0xF0, 0x00, 0x00,
    0x01, 0xF4, 0x00, 0x00, 0x3F, 0x00, 0x00, 0x00, 0x0F, 0xC0, 0x00, 0x07, 0xE0, 0x1E, 0x00, 0x00,
    0xBD, 0x00, 0x00, 0x7D, 0x00, 0xF8, 0x00, 0x03, 0xE0, 0x00, 0x07, 0xFF, 0xFF, 0xD0, 0x00, 0x2F,
    0x00, 0x00, 0x1F, 0xFF, 0xFF, 0x40, 0x01, 0xF8, 0x00, 0x00, 0x2A, 0xAA, 0xA8, 0x00, 0x05, 0x40,
    0x00, 0x00, 0x00, 0x00, 0x00, 0x01, 0xBF, 0x90, 0x00, 0x00, 0x0B, 0xC0, 0x00, 0x03, 0xFF, 0xFF,
    0x00, 0x00, 0x03, 0xE0, 0x00, 0x02, 0xF0, 0x0F, 0xE0, 0x00, 0x03, 0xF0, 0x00, 0x00, 0xFD, 0x01,
    0xFC, 0x00, 0x01, 0xF4, 0x00, 0x00, 0x1F, 0x40, 0x7F, 0x00, 0x00, 0xFC, 0x00, 0x00, 0x00, 0x00,
    0x3F, 0x40, 0x00, 0xBD, 0x00, 0x00, 0x00, 0x00, 0x2F, 0x80, 0x00, 0x3E, 0x00, 0x00, 0x00, 0x00,
    0xFF, 0x40, 0x00, 0x2F, 0x00, 0x00, 0x00, 0x00, 0x2B, 0xF8, 0x00, 0x0F, 0x80, 0x05, 0x90, 0x00,
    0x00, 0x2F, 0xC0, 0x0F, 0xC0, 0x07, 0xF8, 0x00, 0x00, 0x03, 0xF4, 0x07, 0xD0, 0x03, 0xFE, 0x00,
    0x00, 0x00, 0xFD, 0x03, 0xF0, 0x03, 0xFF, 0x80, 0x28, 0x00, 0x7F, 0x42, 0xF4, 0x01, 0xEB, 0xE0,
    0x0F, 0xE5, 0xBF, 0xC0, 0xF8, 0x00, 0xF2, 0xF8, 0x00, 0xFF, 0xFF, 0xC0, 0xBC, 0x00, 0xF4, 0xBE,
    0x00, 0x06, 0xFE, 0x40, 0x3E, 0x00, 0xB8, 0x2F, 0x80, 0x00, 0x00, 0x00, 0x3F, 0x00, 0x3C, 0x0B,
    0xE0, 0x00, 0x00, 0x00, 0x1F, 0x40, 0x3D, 0x02, 0xF8, 0x00, 0x00, 0x00, 0x0F, 0xC0, 0x2E, 0x00,
    0xBE, 0x00, 0x00, 0x00, 0x0B, 0xD0, 0x0F, 0xFF, 0xFF, 0xFC, 0x00, 0x00, 0x03, 0xE0, 0x03, 0xFF,
    0xFF, 0xFF, 0x00, 0x00, 0x02, 0xF0, 0x00, 0x00, 0x02, 0xF8, 0x00, 0x00, 0x00, 0xF8, 0x00, 0x00,
    0x00, 0xBE, 0x00, 0x00, 0x00, 0xFC, 0x00, 0x00, 0x00, 0x2F, 0x80, 0x00, 0x00, 0x15, 0x00, 0x00,
    0x00, 0x00, 0x00, 0x00, 0x00, 0x01, 0x40, 0x00, 0x00, 0x3F, 0xC0, 0x00, 0x02, 0xFF, 0x40, 0x00,
    0x07, 0xFD, 0x00, 0x00, 0x0F, 0xF0, 0x00, 0x00, 0x05, 0x00, 0x00, 0x00, 0x00, 0x00, 0x00, 0x00,
    0x50, 0x00, 0x00, 0x03, 0xC0, 0x00, 0x00, 0x0F, 0x00, 0x00, 0x00, 0x7C, 0x00, 0x00, 0x03, 0xF0,
    0x00, 0x00, 0x3F, 0xC0, 0x00, 0x03, 0xFE, 0x00, 0x00, 0x3F, 0xF0, 0x00, 0x03, 0xFF, 0x00, 0x00,
    0x2F, 0xF0, 0x00, 0x00, 0xFF, 0x00, 0x00, 0x07, 0xF8, 0x00, 0xBE, 0x1F, 0xD0, 0x03, 0xFC, 0x7F,
    0x80, 0x0B, 0xF0, 0xFF, 0x00, 0x0F, 0xC1, 0xFF, 0x41, 0xFC, 0x01, 0xFF, 0xFF, 0x80, 0x00, 0x6F,
    0xA0, 0x00, 0x00, 0x00, 0x78, 0x00, 0x00, 0x00, 0x00, 0x00, 0x2F, 0xC0, 0x00, 0x00, 0x00, 0x00,
    0x0B, 0xFC, 0x00, 0x00, 0x00, 0x00, 0x00, 0xBF, 0xC0, 0x00, 0x00, 0x00, 0x00, 0x02, 0xFD, 0x00,
    0x00, 0x00, 0x00, 0x00, 0x07, 0x40, 0x00, 0x00, 0x00, 0x00, 0x00, 0x00, 0x00, 0x00, 0x00, 0x00,
    0x05, 0x40, 0x00, 0x00, 0x00, 0x00, 0x0F, 0xFC, 0x00, 0x00, 0x00, 0x00, 0x03, 0xFF, 0x00, 0x00,
    0x00, 0x00, 0x02, 0xFF, 0xE0, 0x00, 0x00, 0x00, 0x00, 0xFB, 0xFC, 0x00, 0x00, 0x00, 0x00, 0x7C,
    0xBF, 0x40, 0x00, 0x00, 0x00, 0x2F, 0x1F, 0xE0, 0x00, 0x00, 0x00, 0x0F, 0x43, 0xFC, 0x00, 0x00,
    0x00, 0x07, 0xC0, 0xBF, 0x40, 0x00, 0x00, 0x02, 0xE0, 0x1F, 0xE0, 0x00, 0x00, 0x00, 0xF4, 0x03,
    0xFC, 0x00, 0x00, 0x00, 0x7C, 0x00, 0xBF, 0x40, 0x00, 0x00, 0x3E, 0x00, 0x1F, 0xE0, 0x00, 0x00,
    0x0F, 0x40, 0x03, 0xFC, 0x00, 0x00, 0x0B, 0xEA, 0xAA, 0xFF, 0x40, 0x00, 0x03, 0xFF, 0xFF, 0xFF,
    0xF0, 0x00, 0x00, 0xFA, 0xAA, 0xAB, 0xFC, 0x00, 0x00, 0xBC, 0x00, 0x00, 0xBF, 0x80, 0x00, 0x3E,
    0x00, 0x00, 0x1F, 0xF0, 0x00, 0x1F, 0x40, 0x00, 0x03, 0xFC, 0x00, 0x0B, 0xC0, 0x00, 0x00, 0xBF,
    0x80, 0x07, 0xF0, 0x00, 0x00, 0x2F, 0xF4, 0x2F, 0xFF, 0xE0, 0x00, 0xFF, 0xFF, 0xCB, 0xFF, 0xF8,
    0x00, 0x3F, 0xFF, 0xF4, 0x00, 0x00, 0x00, 0x0F, 0x00, 0x00, 0x00, 0x00, 0x00, 0x0F, 0xE0, 0x00,
    0x00, 0x00, 0x00, 0x0F, 0xF8, 0x00, 0x00, 0x00, 0x00, 0x1F, 0xF8, 0x00, 0x00, 0x00, 0x00, 0x1F,
    0xD0, 0x00, 0x00, 0x00, 0x00, 0x07, 0x40, 0x00, 0x00, 0x00, 0x00, 0x00, 0x00, 0x00, 0x00, 0x00,
    0x00, 0x00, 0x05, 0x40, 0x00, 0x00, 0x00, 0x00, 0x0F, 0xFC, 0x00, 0x00, 0x00, 0x00, 0x03, 0xFF,
    0x00, 0x00, 0x00, 0x00, 0x02, 0xFF, 0xE0, 0x00, 0x00, 0x00, 0x00, 0xFB, 0xFC, 0x00, 0x00, 0x00,
    0x00, 0x7C, 0xBF, 0x40, 0x00, 0x00, 0x00, 0x2F, 0x1F, 0xE0, 0x00, 0x00, 0x00, 0x0F, 0x43, 0xFC,
    0x00, 0x00, 0x00, 0x07, 0xC0, 0xBF, 0x40, 0x00, 0x00, 0x02, 0xE0, 0x1F, 0xE0, 0x00, 0x00, 0x00,
    0xF4, 0x03, 0xFC, 0x00, 0x00, 0x00, 0x7C, 0x00, 0xBF, 0x40, 0x00, 0x00, 0x3E, 0x00, 0x1F, 0xE0,
    0x00, 0x00, 0x0F, 0x40, 0x03, 0xFC, 0x00, 0x00, 0x0B, 0xEA, 0xAA, 0xFF, 0x40, 0x00, 0x03, 0xFF,
    0xFF, 0xFF, 0xF0, 0x00, 0x00, 0xFA, 0xAA, 0xAB, 0xFC, 0x00, 0x00, 0xBC, 0x00, 0x00, 0xBF, 0x80,
    0x00, 0x3E, 0x00, 0x00, 0x1F, 0xF0, 0x00, 0x1F, 0x40, 0x00, 0x03, 0xFC, 0x00, 0x0B, 0xC0, 0x00,
    0x00, 0xBF, 0x80, 0x07, 0xF0, 0x00, 0x00, 0x2F, 0xF4, 0x2F, 0xFF, 0xE0, 0x00, 0xFF, 0xFF, 0xCB,
    0xFF, 0xF8, 0x00, 0x3F, 0xFF, 0xF4, 0x00, 0x00, 0x00, 0x40, 0x00, 0x00, 0x00, 0x00, 0x00, 0xFC,
    0x00, 0x00, 0x00, 0x00, 0x00, 0xFF, 0xC0, 0x00, 0x00, 0x00, 0x00, 0xFF, 0xF8, 0x00, 0x00, 0x00,
    0x00, 0xBF, 0x7F, 0x80, 0x00, 0x00, 0x00, 0xBD, 0x02, 0xF8, 0x00, 0x00, 0x00, 0x38, 0x00, 0x0A,
    0x00, 0x00, 0x00, 0x00, 0x00, 0x00, 0x00, 0x00, 0x00, 0x00, 0x01, 0x50, 0x00, 0x00, 0x00, 0x00,
    0x03, 0xFF, 0x00, 0x00, 0x00, 0x00, 0x00, 0xFF, 0xC0, 0x00, 0x00, 0x00, 0x00, 0xBF, 0xF8, 0x00,
    0x00, 0x00, 0x00, 0x3E, 0xFF, 0x00, 0x00, 0x00, 0x00, 0x1F, 0x2F, 0xD0, 0x00, 0x00, 0x00, 0x0B,
    0xC7, 0xF8, 0x00, 0x00, 0x00, 0x03, 0xD0, 0xFF, 0x00, 0x00, 0x00, 0x01, 0xF0, 0x2F, 0xD0, 0x00,
    0x00, 0x00, 0xB8, 0x07, 0xF8, 0x00, 0x00, 0x00, 0x3D, 0x00, 0xFF, 0x00, 0x00, 0x00, 0x1F, 0x00,
    0x2F, 0xD0, 0x00, 0x00, 0x0F, 0x80, 0x07, 0xF8, 0x00, 0x00, 0x03, 0xD0, 0x00, 0xFF, 0x00, 0x00,
    0x02, 0xFA, 0xAA, 0xBF, 0xD0, 0x00, 0x00, 0xFF, 0xFF, 0xFF, 0xFC, 0x00, 0x00, 0x3E, 0xAA, 0xAA,
    0xFF, 0x00, 0x00, 0x2F, 0x00, 0x00, 0x2F, 0xE0, 0x00, 0x0F, 0x80, 0x00, 0x07, 0xFC, 0x00, 0x07,
    0xD0, 0x00, 0x00, 0xFF, 0x00, 0x02, 0xF0, 0x00, 0x00, 0x2F, 0xE0, 0x01, 0xFC, 0x00, 0x00, 0x0B,
    0xFD, 0x0B, 0xFF, 0xF8, 0x00, 0x3F, 0xFF, 0xF2, 0xFF, 0xFE, 0x00, 0x0F, 0xFF, 0xFD, 0x00, 0x00,
    0x14, 0x00, 0x00, 0x00, 0x00, 0x00, 0x3F, 0xE4, 0x18, 0x00, 0x00, 0x00, 0x2F, 0xFF, 0xEF, 0x00,
    0x00, 0x00, 0x0F, 0xBF, 0xFF, 0x40, 0x00, 0x00, 0x02, 0x00, 0xBF, 0x80, 0x00, 0x00, 0x00, 0x00,
    0x00, 0x00, 0x00, 0x00, 0x00, 0x00, 0x00, 0x00, 0x00, 0x00, 0x00, 0x00, 0x05, 0x40, 0x00, 0x00,
    0x00, 0x00, 0x0F, 0xFC, 0x00, 0x00, 0x00, 0x00, 0x03, 0xFF, 0x00, 0x00, 0x00, 0x00, 0x02, 0xFF,
    0xE0, 0x00, 0x00, 0x00, 0x00, 0xFB, 0xFC, 0x00, 0x00, 0x00, 0x00, 0x7C, 0xBF, 0x40, 0x00, 0x00,
    0x00, 0x2F, 0x1F, 0xE0, 0x00, 0x00, 0x00, 0x0F, 0x43, 0xFC, 0x00, 0x00, 0x00, 0x07, 0xC0, 0xBF,
    0x40, 0x00, 0x00, 0x02, 0xE0, 0x1F, 0xE0, 0x00, 0x00, 0x00, 0xF4, 0x03, 0xFC, 0x00, 0x00, 0x00,
    0x7C, 0x00, 0xBF, 0x40, 0x00, 0x00, 0x3E, 0x00, 0x1F, 0xE0, 0x00, 0x00, 0x0F, 0x40, 0x03, 0xFC,
    0x00, 0x00, 0x0B, 0xEA, 0xAA, 0xFF, 0x40, 0x00, 0x03, 0xFF, 0xFF, 0xFF, 0xF0, 0x00, 0x00, 0xFA,
    0xAA, 0xAB, 0xFC, 0x00, 0x00, 0xBC, 0x00, 0x00, 0xBF, 0x80, 0x00, 0x3E, 0x00, 0x00, 0x1F, 0xF0,
    0x00, 0x1F, 0x40, 0x00, 0x03, 0xFC, 0x00, 0x0B, 0xC0, 0x00, 0x00, 0xBF, 0x80, 0x07, 0xF0, 0x00,
    0x00, 0x2F, 0xF4, 0x2F, 0xFF, 0xE0, 0x00, 0xFF, 0xFF, 0xCB, 0xFF, 0xF8, 0x00, 0x3F, 0xFF, 0xF4,
    0x00, 0x00, 0x50, 0x01, 0x40, 0x00, 0x00, 0x00, 0xFF, 0x03, 0xFC, 0x00, 0x00, 0x00, 0x7F, 0xD1,
    0xFF, 0x40, 0x00, 0x00, 0x1F, 0xF0, 0x7F, 0xC0, 0x00, 0x00, 0x02, 0xF8, 0x0B, 0xE0, 0x00, 0x00,
    0x00, 0x00, 0x00, 0x00, 0x00, 0x00, 0x00, 0x00, 0x00, 0x00, 0x00, 0x00, 0x00, 0x00, 0x05, 0x40,
    0x00, 0x00, 0x00, 0x00, 0x0F, 0xFC, 0x00, 0x00, 0x00, 0x00, 0x03, 0xFF, 0x00, 0x00, 0x00, 0x00,
    0x02, 0xFF, 0xE0, 0x00, 0x00, 0x00, 0x00, 0xFB, 0xFC, 0x00, 0x00, 0x00, 0x00, 0x7C, 0xBF, 0x40,
    0x00, 0x00, 0x00, 0x2F, 0x1F, 0xE0, 0x00, 0x00, 0x00, 0x0F, 0x43, 0xFC, 0x00, 0x00, 0x00, 0x07,
    0xC0, 0xBF, 0x40, 0x00, 0x00, 0x02, 0xE0, 0x1F, 0xE0, 0x00, 0x00, 0x00, 0xF4, 0x03, 0xFC, 0x00,
    0x00, 0x00, 0x7C, 0x00, 0xBF, 0x40, 0x00, 0x00, 0x3E, 0x00, 0x1F, 0xE0, 0x00, 0x00, 0x0F, 0x40,
    0x03, 0xFC, 0x00, 0x00, 0x0B, 0xEA, 0xAA, 0xFF, 0x40, 0x00, 0x03, 0xFF, 0xFF, 0xFF, 0xF0, 0x00,
    0x00, 0xFA, 0xAA, 0xAB, 0xFC, 0x00, 0x00, 0xBC, 0x00, 0x00, 0xBF, 0x80, 0x00, 0x3E, 0x00, 0x00,
    0x1F, 0xF0, 0x00, 0x1F, 0x40, 0x00, 0x03, 0xFC, 0x00, 0x0B, 0xC0, 0x00, 0x00, 0xBF, 0x80, 0x07,
    0xF0, 0x00, 0x00, 0x2F, 0xF4, 0x2F, 0xFF, 0xE0, 0x00, 0xFF, 0xFF, 0xCB, 0xFF, 0xF8, 0x00, 0x3F,
    0xFF, 0xF4, 0x00, 0x00, 0x0B, 0xF8, 0x00, 0x00, 0x00, 0x00, 0x0F, 0xEF, 0xC0, 0x00, 0x00, 0x00,
    0x07, 0xC0, 0xF4, 0x00, 0x00, 0x00, 0x02, 0xF0, 0x3D, 0x00, 0x00, 0x00, 0x00, 0x7C, 0x0F, 0x40,
    0x00, 0x00, 0x00, 0x0F, 0x9B, 0xC0, 0x00, 0x00, 0x00, 0x01, 0xFF, 0xC0, 0x00, 0x00, 0x00, 0x00,
    0x00, 0x00, 0x00, 0x00, 0x00, 0x00, 0x01, 0x50, 0x00, 0x00, 0x00, 0x00, 0x03, 0xFF, 0x00, 0x00,
    0x00, 0x00, 0x00, 0xFF, 0xC0, 0x00, 0x00, 0x00, 0x00, 0xBF, 0xF8, 0x00, 0x00, 0x00, 0x00, 0x3E,
    0xFF, 0x00, 0x00, 0x00, 0x00, 0x1F, 0x2F, 0xD0, 0x00, 0x00, 0x00, 0x0B, 0xC7, 0xF8, 0x00, 0x00,
    0x00, 0x03, 0xD0, 0xFF, 0x00, 0x00, 0x00, 0x01, 0xF0, 0x2F, 0xD0, 0x00, 0x00, 0x00, 0xB8, 0x07,
    0xF8, 0x00, 0x00, 0x00, 0x3D, 0x00, 0xFF, 0x00, 0x00, 0x00, 0x1F, 0x00, 0x2F, 0xD0, 0x00, 0x00,
    0x0F, 0x80, 0x07, 0xF8, 0x00, 0x00, 0x03, 0xD0, 0x00, 0xFF, 0x00, 0x00, 0x02, 0xFA, 0xAA, 0xBF,
    0xD0, 0x00, 0x00, 0xFF, 0xFF, 0xFF, 0xFC, 0x00, 0x00, 0x3E, 0xAA, 0xAA, 0xFF, 0x00, 0x00, 0x2F,
    0x00, 0x00, 0x2F, 0xE0, 0x00, 0x0F, 0x80, 0x00, 0x07, 0xFC, 0x00, 0x07, 0xD0, 0x00, 0x00, 0xFF,
    0x00, 0x02, 0xF0, 0x00, 0x00, 0x2F, 0xE0, 0x01, 0xFC, 0x00, 0x00, 0x0B, 0xFD, 0x0B, 0xFF, 0xF8,
    0x00, 0x3F, 0xFF, 0xF2, 0xFF, 0xFE, 0x00, 0x0F, 0xFF, 0xFD, 0x00, 0x00, 0x05, 0x55, 0x55, 0x55,
    0x55, 0x50, 0x00, 0x00, 0x0F, 0xFF, 0xFF, 0xFF, 0xFF, 0xF4, 0x00, 0x00, 0x0A, 0xFE, 0xBF, 0xEA,
    0xBF, 0xF8, 0x00, 0x00, 0x01, 0xF4, 0x3F, 0xC0, 0x02, 0xF8, 0x00, 0x00, 0x03, 0xF0, 0x3F, 0xC0,
    0x00, 0xFC, 0x00, 0x00, 0x03, 0xD0, 0x3F, 0xC0, 0x00, 0x7C, 0x00, 0x00, 0x0B, 0xC0, 0x3F, 0xC0,
    0x00, 0x28, 0x00, 0x00, 0x0F, 0x40, 0x3F, 0xC0, 0x00, 0x00, 0x00, 0x00, 0x2F, 0x00, 0x3F, 0xC0,
    0x01, 0x00, 0x00, 0x00, 0x3D, 0x00, 0x3F, 0xC0, 0x0F, 0x00, 0x00, 0x00, 0xBC, 0x00, 0x3F, 0xC0,
    0x0F, 0x00, 0x00, 0x00, 0xFE, 0xAA, 0xBF, 0xEA, 0xBF, 0x00, 0x00, 0x02, 0xFF, 0xFF, 0xFF, 0xFF,
    0xFF, 0x00, 0x00, 0x03, 0xFA, 0xAA, 0xBF, 0xEA, 0xBF, 0x00, 0x00, 0x0B, 0xC0, 0x00, 0x3F, 0xC0,
    0x0F, 0x00, 0x00, 0x0F, 0x80, 0x00, 0x3F, 0xC0, 0x0F, 0x00, 0x00, 0x2F, 0x00, 0x00, 0x3F, 0xC0,
    0x00, 0x00, 0x00, 0x3E, 0x00, 0x00, 0x3F, 0xC0, 0x00, 0x05, 0x00, 0xBC, 0x00, 0x00, 0x3F, 0xC0,
    0x00, 0x1F, 0x00, 0xF8, 0x00, 0x00, 0x3F, 0xC0, 0x00, 0x3F, 0x02, 0xF4, 0x00, 0x00, 0x3F, 0xC0,
    0x00, 0x7E, 0x07, 0xF4, 0x00, 0x00, 0x7F, 0xC0, 0x01, 0xFE, 0xBF, 0xFF, 0x80, 0x0F, 0xFF, 0xFF,
    0xFF, 0xFD, 0xBF, 0xFF, 0xC0, 0x0F, 0xFF, 0xFF, 0xFF, 0xFD, 0x00, 0x00, 0x6F, 0xE4, 0x3C, 0x00,
    0x02, 0xFF, 0xFF, 0xCF, 0x40, 0x07, 0xFF, 0xAB, 0xFF, 0xD0, 0x07, 0xFD, 0x00, 0x0F, 0xF8, 0x03,
    0xFC, 0x00, 0x00, 0xFF, 0x03, 0xFD, 0x00, 0x00, 0x0F, 0xC1, 0xFF, 0x00, 0x00, 0x02, 0xF0, 0xBF,
    0x40, 0x00, 0x00, 0x3C, 0x3F, 0xC0, 0x00, 0x00, 0x04, 0x0F, 0xF0, 0x00, 0x00, 0x00, 0x07, 0xFC,
    0x00, 0x00, 0x00, 0x01, 0xFF, 0x00, 0x00, 0x00, 0x00, 0x7F, 0xC0, 0x00, 0x00, 0x00, 0x1F, 0xF0,
    0x00, 0x00, 0x00, 0x07, 0xFC, 0x00, 0x00, 0x00, 0x00, 0xFF, 0x40, 0x00, 0x00, 0x00, 0x3F, 0xE0,
    0x00, 0x00, 0x00, 0x0B, 0xFC, 0x00, 0x00, 0x00, 0x00, 0xFF, 0x80, 0x00, 0x00, 0x10, 0x2F, 0xF4,
    0x00, 0x00, 0x3D, 0x03, 0xFF, 0x40, 0x00, 0x7F, 0x00, 0x3F, 0xFE, 0x56, 0xFF, 0x40, 0x02, 0xFF,
    0xFF, 0xFF, 0x00, 0x00, 0x1B, 0xFF, 0xFD, 0x00, 0x00, 0x00, 0x1F, 0x50, 0x00, 0x00, 0x00, 0x07,
    0x80, 0x00, 0x00, 0x00, 0x02, 0xFF, 0x40, 0x00, 0x00, 0x00, 0x07, 0xF0, 0x00, 0x00, 0x00, 0x00,
    0xFC, 0x00, 0x00, 0x00, 0x24, 0x7F, 0x00, 0x00, 0x00, 0x0F, 0xFF, 0x40, 0x00, 0x00, 0x00, 0xAE,
    0x00, 0x00, 0x00, 0x0F, 0x40, 0x00, 0x00, 0x00, 0x7F, 0x40, 0x00, 0x00, 0x01, 0xFF, 0x40, 0x00,
    0x00, 0x01, 0xFF, 0x80, 0x00, 0x00, 0x00, 0x7F, 0x80, 0x00, 0x00, 0x00, 0x0A, 0x00, 0x00, 0x00,
    0x00, 0x00, 0x00, 0x05, 0x55, 0x55, 0x55, 0x50, 0x3F, 0xFF, 0xFF, 0xFF, 0xC0, 0xAF, 0xFE, 0xAB,
    0xFF, 0x40, 0x1F, 0xF0, 0x00, 0xBE, 0x00, 0x7F, 0xC0, 0x00, 0xFC, 0x01, 0xFF, 0x00, 0x01, 0xF0,
    0x07, 0xFC, 0x00, 0x02, 0x40, 0x1F, 0xF0, 0x00, 0x00, 0x00, 0x7F, 0xC0, 0x0B, 0x00, 0x01, 0xFF,
    0x00, 0x3C, 0x00, 0x07, 0xFC, 0x02, 0xF0, 0x00, 0x1F, 0xFF, 0xFF, 0xC0, 0x00, 0x7F, 0xFF, 0xFF,
    0x00, 0x01, 0xFF, 0x55, 0xFC, 0x00, 0x07, 0xFC, 0x00, 0xF0, 0x00, 0x1F, 0xF0, 0x03, 0xC0, 0x00,
    0x7F, 0xC0, 0x00, 0x00, 0x01, 0xFF, 0x00, 0x00, 0x14, 0x07, 0xFC, 0x00, 0x02, 0xF0, 0x1F, 0xF0,
    0x00, 0x0F, 0x80, 0x7F, 0xC0, 0x00, 0x7E, 0x02, 0xFF, 0x00, 0x0B, 0xF4, 0xFF, 0xFF, 0xFF, 0xFF,
    0xD3, 0xFF, 0xFF, 0xFF, 0xFF, 0x00, 0x00, 0x00, 0x02, 0xD0, 0x00, 0x00, 0x00, 0x2F, 0xC0, 0x00,
    0x00, 0x02, 0xFF, 0x00, 0x00, 0x00, 0x3F, 0xF0, 0x00, 0x00, 0x03, 0xF8, 0x00, 0x00, 0x00, 0x0E,
    0x00, 0x00, 0x00, 0x00, 0x00, 0x00, 0x00, 0x05, 0x55, 0x55, 0x55, 0x50, 0x3F, 0xFF, 0xFF, 0xFF,
    0xC0, 0xAF, 0xFE, 0xAB, 0xFF, 0x40, 0x1F, 0xF0, 0x00, 0xBE, 0x00, 0x7F, 0xC0, 0x00, 0xFC, 0x01,
    0xFF, 0x00, 0x01, 0xF0, 0x07, 0xFC, 0x00, 0x02, 0x40, 0x1F, 0xF0, 0x00, 0x00, 0x00, 0x7F, 0xC0,
    0x0B, 0x00, 0x01, 0xFF, 0x00, 0x3C, 0x00, 0x07, 0xFC, 0x02, 0xF0, 0x00, 0x1F, 0xFF, 0xFF, 0xC0,
    0x00, 0x7F, 0xFF, 0xFF, 0x00, 0x01, 0xFF, 0x55, 0xFC, 0x00, 0x07, 0xFC, 0x00, 0xF0, 0x00, 0x1F,
    0xF0, 0x03, 0xC0, 0x00, 0x7F, 0xC0, 0x00, 0x00, 0x01, 0xFF, 0x00, 0x00, 0x14, 0x07, 0xFC, 0x00,
    0x02, 0xF0, 0x1F, 0xF0, 0x00, 0x0F, 0x80, 0x7F, 0xC0, 0x00, 0x7E, 0x02, 0xFF, 0x00, 0x0B, 0xF4,
    0xFF, 0xFF, 0xFF, 0xFF, 0xD3, 0xFF, 0xFF, 0xFF, 0xFF, 0x00, 0x00, 0x00, 0x10, 0x00, 0x00, 0x00,
    0x02, 0xF4, 0x00, 0x00, 0x00, 0x2F, 0xF4, 0x00, 0x00, 0x01, 0xFF, 0xF0, 0x00, 0x00, 0x1F, 0xDB,
    0xF0, 0x00, 0x01, 0xF8, 0x07, 0xF0, 0x00, 0x07, 0x40, 0x02, 0xC0, 0x00, 0x00, 0x00, 0x00, 0x00,
    0x15, 0x55, 0x55, 0x55, 0x40, 0xFF, 0xFF, 0xFF, 0xFF, 0x02, 0xBF, 0xFA, 0xAF, 0xFD, 0x00, 0x7F,
    0xC0, 0x02, 0xF8, 0x01, 0xFF, 0x00, 0x03, 0xF0, 0x07, 0xFC, 0x00, 0x07, 0xC0, 0x1F, 0xF0, 0x00,
    0x09, 0x00, 0x7F, 0xC0, 0x00, 0x00, 0x01, 0xFF, 0x00, 0x2C, 0x00, 0x07, 0xFC, 0x00, 0xF0, 0x00,
    0x1F, 0xF0, 0x0B, 0xC0, 0x00, 0x7F, 0xFF, 0xFF, 0x00, 0x01, 0xFF, 0xFF, 0xFC, 0x00, 0x07, 0xFD,
    0x57, 0xF0, 0x00, 0x1F, 0xF0, 0x03, 0xC0, 0x00, 0x7F, 0xC0, 0x0F, 0x00, 0x01, 0xFF, 0x00, 0x00,
    0x00, 0x07, 0xFC, 0x00, 0x00, 0x50, 0x1F, 0xF0, 0x00, 0x0B, 0xC0, 0x7F, 0xC0, 0x00, 0x3E, 0x01,
    0xFF, 0x00, 0x01, 0xF8, 0x0B, 0xFC, 0x00, 0x2F, 0xD3, 0xFF, 0xFF, 0xFF, 0xFF, 0x4F, 0xFF, 0xFF,
    0xFF, 0xFC, 0x00, 0x14, 0x00, 0x50, 0x00, 0x02, 0xFD, 0x0B, 0xF4, 0x00, 0x0F, 0xF8, 0x3F, 0xE0,
    0x00, 0x3F, 0xE0, 0xFF, 0x80, 0x00, 0x7F, 0x01, 0xFC, 0x00, 0x00, 0x00, 0x00, 0x00, 0x00, 0x00,
    0x00, 0x00, 0x00, 0x05, 0x55, 0x55, 0x55, 0x50, 0x3F, 0xFF, 0xFF, 0xFF, 0xC0, 0xAF, 0xFE, 0xAB,
    0xFF, 0x40, 0x1F, 0xF0, 0x00, 0xBE, 0x00, 0x7F, 0xC0, 0x00, 0xFC, 0x01, 0xFF, 0x00, 0x01, 0xF0,
    0x07, 0xFC, 0x00, 0x02, 0x40, 0x1F, 0xF0, 0x00, 0x00, 0x00, 0x7F, 0xC0, 0x0B, 0x00, 0x01, 0xFF,
    0x00, 0x3C, 0x00, 0x07, 0xFC, 0x02, 0xF0, 0x00, 0x1F, 0xFF, 0xFF, 0xC0, 0x00, 0x7F, 0xFF, 0xFF,
    0x00, 0x01, 0xFF, 0x55, 0xFC, 0x00, 0x07, 0xFC, 0x00, 0xF0, 0x00, 0x1F, 0xF0, 0x03, 0xC0, 0x00,
    0x7F, 0xC0, 0x00, 0x00, 0x01, 0xFF, 0x00, 0x00, 0x14, 0x07, 0xFC, 0x00, 0x02, 0xF0, 0x1F, 0xF0,
    0x00, 0x0F, 0x80, 0x7F, 0xC0, 0x00, 0x7E, 0x02, 0xFF, 0x00, 0x0B, 0xF4, 0xFF, 0xFF, 0xFF, 0xFF,
    0xD3, 0xFF, 0xFF, 0xFF, 0xFF, 0x00, 0x0F, 0x40, 0x00, 0x7F, 0x40, 0x01, 0xFF, 0x40, 0x01, 0xFF,
    0x80, 0x00, 0x7F, 0x80, 0x00, 0x0A, 0x00, 0x00, 0x00, 0x05, 0x55, 0x55, 0x3F, 0xFF, 0xFC, 0xAF,
    0xFF, 0x90, 0x1F, 0xF0, 0x00, 0x3F, 0xC0, 0x00, 0xFF, 0x00, 0x03, 0xFC, 0x00, 0x0F, 0xF0, 0x00,
    0x3F, 0xC0, 0x00, 0xFF, 0x00, 0x03, 0xFC, 0x00, 0x0F, 0xF0, 0x00, 0x3F, 0xC0, 0x00, 0xFF, 0x00,
    0x03, 0xFC, 0x00, 0x0F, 0xF0, 0x00, 0x3F, 0xC0, 0x00, 0xFF, 0x00, 0x03, 0xFC, 0x00, 0x0F, 0xF0,
    0x00, 0x3F, 0xC0, 0x02, 0xFF, 0x40, 0xFF, 0xFF, 0xE3, 0xFF, 0xFF, 0xC0, 0x00, 0x02, 0xD0, 0x00,
    0x2F, 0xC0, 0x02, 0xFF, 0x00, 0x3F, 0xF0, 0x03, 0xF8, 0x00, 0x0E, 0x00, 0x00, 0x00, 0x00, 0x05,
    0x55, 0x55, 0x3F, 0xFF, 0xFC, 0xAF, 0xFF, 0x90, 0x1F, 0xF0, 0x00, 0x3F, 0xC0, 0x00, 0xFF, 0x00,
    0x03, 0xFC, 0x00, 0x0F, 0xF0, 0x00, 0x3F, 0xC0, 0x00, 0xFF, 0x00, 0x03, 0xFC, 0x00, 0x0F, 0xF0,
    0x00, 0x3F, 0xC0, 0x00, 0xFF, 0x00, 0x03, 0xFC, 0x00, 0x0F, 0xF0, 0x00, 0x3F, 0xC0, 0x00, 0xFF,
    0x00, 0x03, 0xFC, 0x00, 0x0F, 0xF0, 0x00, 0x3F, 0xC0, 0x02, 0xFF, 0x40, 0xFF, 0xFF, 0xE3, 0xFF,
    0xFF, 0xC0, 0x00, 0x10, 0x00, 0x00, 0xBD, 0x00, 0x02, 0xFF, 0x40, 0x07, 0xFF, 0xC0, 0x1F, 0xDB,
    0xF0, 0x7E, 0x01, 0xFC, 0x74, 0x00, 0x2C, 0x00, 0x00, 0x00, 0x15, 0x55, 0x54, 0x3F, 0xFF, 0xFC,
    0x2B, 0xFF, 0xE4, 0x01, 0xFF, 0x00, 0x00, 0xFF, 0x00, 0x00, 0xFF, 0x00, 0x00, 0xFF, 0x00, 0x00,
    0xFF, 0x00, 0x00, 0xFF, 0x00, 0x00, 0xFF, 0x00, 0x00, 0xFF, 0x00, 0x00, 0xFF, 0x00, 0x00, 0xFF,
    0x00, 0x00, 0xFF, 0x00, 0x00, 0xFF, 0x00, 0x00, 0xFF, 0x00, 0x00, 0xFF, 0x00, 0x00, 0xFF, 0x00,
    0x00, 0xFF, 0x00, 0x00, 0xFF, 0x00, 0x00, 0xFF, 0x00, 0x02, 0xFF, 0x40, 0x3F, 0xFF, 0xF8, 0x3F,
    0xFF, 0xFC, 0x05, 0x00, 0x14, 0x0B, 0xF4, 0x2F, 0xD3, 0xFE, 0x0F, 0xF8, 0xFF, 0x83, 0xFE, 0x1F,
    0xC0, 0x7F, 0x00, 0x00, 0x00, 0x00, 0x00, 0x00, 0x00, 0x15, 0x55, 0x54, 0x0F, 0xFF, 0xFF, 0x02,
    0xBF, 0xFE, 0x40, 0x07, 0xFC, 0x00, 0x00, 0xFF, 0x00, 0x00, 0x3F, 0xC0, 0x00, 0x0F, 0xF0, 0x00,
    0x03, 0xFC, 0x00, 0x00, 0xFF, 0x00, 0x00, 0x3F, 0xC0, 0x00, 0x0F, 0xF0, 0x00, 0x03, 0xFC, 0x00,
    0x00, 0xFF, 0x00, 0x00, 0x3F, 0xC0, 0x00, 0x0F, 0xF0, 0x00, 0x03, 0xFC, 0x00, 0x00, 0xFF, 0x00,
    0x00, 0x3F, 0xC0, 0x00, 0x0F, 0xF0, 0x00, 0x03, 0xFC, 0x00, 0x00, 0xFF, 0x00, 0x00, 0xBF, 0xD0,
    0x03, 0xFF, 0xFF, 0x80, 0xFF, 0xFF, 0xF0, 0x05, 0x55, 0x55, 0x50, 0x00, 0x00, 0x03, 0xFF, 0xFF,
    0xFF, 0xF8, 0x00, 0x00, 0xAF, 0xFF, 0xFF, 0xFF, 0xE0, 0x00, 0x01, 0xFF, 0x00, 0x0B, 0xFF, 0x00,
    0x00, 0x7F, 0xC0, 0x00, 0x3F, 0xF0, 0x00, 0x1F, 0xF0, 0x00, 0x03, 0xFE, 0x00, 0x07, 0xFC, 0x00,
    0x00, 0x7F, 0xC0, 0x01, 0xFF, 0x00, 0x00, 0x0F, 0xF4, 0x00, 0x7F, 0xC0, 0x00, 0x02, 0xFE, 0x00,
    0x1F, 0xF0, 0x00, 0x00, 0x7F, 0xC0, 0x07, 0xFC, 0x00, 0x00, 0x1F, 0xF0, 0xFF, 0xFF, 0xFF, 0xD0,
    0x07, 0xFC, 0x3F, 0xFF, 0xFF, 0xF4, 0x01, 0xFF, 0x00, 0x1F, 0xF0, 0x00, 0x00, 0x7F, 0xC0, 0x07,
    0xFC, 0x00, 0x00, 0x1F, 0xF0, 0x01, 0xFF, 0x00, 0x00, 0x0B, 0xF8, 0x00, 0x7F, 0xC0, 0x00, 0x03,
    0xFD, 0x00, 0x1F, 0xF0, 0x00, 0x00, 0xFF, 0x00, 0x07, 0xFC, 0x00, 0x00, 0xBF, 0x40, 0x01, 0xFF,
    0x00, 0x00, 0x7F, 0x80, 0x00, 0x7F, 0xC0, 0x00, 0xBF, 0xC0, 0x00, 0x2F, 0xF4, 0x16, 0xFF, 0x80,
    0x00, 0xFF, 0xFF, 0xFF, 0xFE, 0x00, 0x00, 0x3F, 0xFF, 0xFF, 0xE4, 0x00, 0x00, 0x00, 0x00, 0x04,
    0x00, 0x00, 0x00, 0x00, 0x00, 0x2F, 0xF4, 0x08, 0x00, 0x00, 0x00, 0x0F, 0xFF, 0xEF, 0x00, 0x00,
    0x00, 0x0B, 0xBF, 0xFF, 0x80, 0x00, 0x00, 0x01, 0x40, 0xBF, 0xC0, 0x00, 0x00, 0x00, 0x00, 0x00,
    0x00, 0x00, 0x00, 0x00, 0x00, 0x00, 0x00, 0x00, 0x00, 0x55, 0x55, 0x00, 0x00, 0x55, 0x55, 0x3F,
    0xFF, 0xC0, 0x00, 0x7F, 0xFF, 0xCA, 0xFF, 0xFC, 0x00, 0x0B, 0xFF, 0x90, 0x1F, 0xFF, 0x40, 0x00,
    0x2F, 0x00, 0x07, 0xFF, 0xF0, 0x00, 0x0B, 0xC0, 0x01, 0xFB, 0xFE, 0x00, 0x02, 0xF0, 0x00, 0x7D,
    0xBF, 0xC0, 0x00, 0xBC, 0x00, 0x1F, 0x4F, 0xF8, 0x00, 0x2F, 0x00, 0x07, 0xD1, 0xFF, 0x40, 0x0B,
    0xC0, 0x01, 0xF4, 0x2F, 0xF0, 0x02, 0xF0, 0x00, 0x7D, 0x03, 0xFD, 0x00, 0xBC, 0x00, 0x1F, 0x40,
    0xBF, 0xC0, 0x2F, 0x00, 0x07, 0xD0, 0x0F, 0xF8, 0x0B, 0xC0, 0x01, 0xF4, 0x01, 0xFF, 0x02, 0xF0,
    0x00, 0x7D, 0x00, 0x2F, 0xF0, 0xBC, 0x00, 0x1F, 0x40, 0x03, 0xFD, 0x2F, 0x00, 0x07, 0xD0, 0x00,
    0xBF, 0xCB, 0xC0, 0x01, 0xF4, 0x00, 0x0F, 0xFA, 0xF0, 0x00, 0x7D, 0x00, 0x01, 0xFF, 0xFC, 0x00,
    0x1F, 0x40, 0x00, 0x2F, 0xFF, 0x00, 0x07, 0xD0, 0x00, 0x03, 0xFF, 0xC0, 0x02, 0xFC, 0x00, 0x00,
    0xBF, 0xF0, 0x0F, 0xFF, 0xF0, 0x00, 0x0F, 0xFC, 0x03, 0xFF, 0xFC, 0x00, 0x01, 0xFF, 0x00, 0x00,
    0x00, 0xF4, 0x00, 0x00, 0x00, 0x00, 0x07, 0xF4, 0x00, 0x00, 0x00, 0x00, 0x1F, 0xF4, 0x00, 0x00,
    0x00, 0x00, 0x1F, 0xF4, 0x00, 0x00, 0x00, 0x00, 0x07, 0xF8, 0x00, 0x00, 0x00, 0x00, 0x00, 0xA0,
    0x00, 0x00, 0x00, 0x00, 0x00, 0x00, 0x00, 0x00, 0x00, 0x1A, 0xFA, 0x40, 0x00, 0x00, 0x0B, 0xFF,
    0xFF, 0xE0, 0x00, 0x00, 0xFF, 0xEA, 0xFF, 0xF0, 0x00, 0x1F, 0xF4, 0x00, 0x7F, 0xF0, 0x00, 0xFF,
    0x00, 0x00, 0x3F, 0xF0, 0x0B, 0xF4, 0x00, 0x00, 0x3F, 0xE0, 0x3F, 0xC0, 0x00, 0x00, 0xBF, 0xC2,
    0xFD, 0x00, 0x00, 0x00, 0xFF, 0x4F, 0xF0, 0x00, 0x00, 0x03, 0xFE, 0x3F, 0xC0, 0x00, 0x00, 0x0B,
    0xFD, 0xFF, 0x00, 0x00, 0x00, 0x2F, 0xF7, 0xFC, 0x00, 0x00, 0x00, 0x7F, 0xDF, 0xF0, 0x00, 0x00,
    0x01, 0xFF, 0x7F, 0xC0, 0x00, 0x00, 0x07, 0xFD, 0xFF, 0x00, 0x00, 0x00, 0x2F, 0xE3, 0xFC, 0x00,
    0x00, 0x00, 0xBF, 0x8F, 0xF4, 0x00, 0x00, 0x03, 0xFC, 0x2F, 0xF0, 0x00, 0x00, 0x0F, 0xF0, 0x3F,
    0xD0, 0x00, 0x00, 0x7F, 0x40, 0xBF, 0xC0, 0x00, 0x03, 0xFC, 0x00, 0xFF, 0xC0, 0x00, 0x3F, 0xC0,
    0x00, 0xFF, 0xE0, 0x0B, 0xFD, 0x00, 0x00, 0xFF, 0xFF, 0xFF, 0xC0, 0x00, 0x00, 0x7F, 0xFF, 0xF4,
    0x00, 0x00, 0x00, 0x05, 0x54, 0x00, 0x00, 0x00, 0x00, 0x00, 0x2D, 0x00, 0x00, 0x00, 0x00, 0x02,
    0xFC, 0x00, 0x00, 0x00, 0x00, 0x3F, 0xF0, 0x00, 0x00, 0x00, 0x03, 0xFF, 0x00, 0x00, 0x00, 0x00,
    0x3F, 0x80, 0x00, 0x00, 0x00, 0x00, 0xD0, 0x00, 0x00, 0x00, 0x00, 0x00, 0x00, 0x00, 0x00, 0x00,
    0x00, 0x1A, 0xFA, 0x40, 0x00, 0x00, 0x0B, 0xFF, 0xFF, 0xE0, 0x00, 0x00, 0xFF, 0xEA, 0xFF, 0xF0,
    0x00, 0x1F, 0xF4, 0x00, 0x7F, 0xF0, 0x00, 0xFF, 0x00, 0x00, 0x3F, 0xF0, 0x0B, 0xF4, 0x00, 0x00,
    0x3F, 0xE0, 0x3F, 0xC0, 0x00, 0x00, 0xBF, 0xC2, 0xFD, 0x00, 0x00, 0x00, 0xFF, 0x4F, 0xF0, 0x00,
    0x00, 0x03, 0xFE, 0x3F, 0xC0, 0x00, 0x00, 0x0B, 0xFD, 0xFF, 0x00, 0x00, 0x00, 0x2F, 0xF7, 0xFC,
    0x00, 0x00, 0x00, 0x7F, 0xDF, 0xF0, 0x00, 0x00, 0x01, 0xFF, 0x7F, 0xC0, 0x00, 0x00, 0x07, 0xFD,
    0xFF, 0x00, 0x00, 0x00, 0x2F, 0xE3, 0xFC, 0x00, 0x00, 0x00, 0xBF, 0x8F, 0xF4, 0x00, 0x00, 0x03,
    0xFC, 0x2F, 0xF0, 0x00, 0x00, 0x0F, 0xF0, 0x3F, 0xD0, 0x00, 0x00, 0x7F, 0x40, 0xBF, 0xC0, 0x00,
    0x03, 0xFC, 0x00, 0xFF, 0xC0, 0x00, 0x3F, 0xC0, 0x00, 0xFF, 0xE0, 0x0B, 0xFD, 0x00, 0x00, 0xFF,
    0xFF, 0xFF, 0xC0, 0x00, 0x00, 0x7F, 0xFF, 0xF4, 0x00, 0x00, 0x00, 0x05, 0x54, 0x00, 0x00, 0x00,
    0x00, 0x01, 0x00, 0x00, 0x00, 0x00, 0x00, 0x2F, 0x40, 0x00, 0x00, 0x00, 0x02, 0xFF, 0x00, 0x00,
    0x00, 0x00, 0x1F, 0xFF, 0x00, 0x00, 0x00, 0x01, 0xFD, 0xBF, 0x00, 0x00, 0x00, 0x1F, 0x80, 0x7F,
    0x00, 0x00, 0x00, 0x74, 0x00, 0x2C, 0x00, 0x00, 0x00, 0x00, 0x00, 0x00, 0x00, 0x00, 0x00, 0x6B,
    0xE9, 0x00, 0x00, 0x00, 0x2F, 0xFF, 0xFF, 0x80, 0x00, 0x03, 0xFF, 0xAB, 0xFF, 0xC0, 0x00, 0x7F,
    0xD0, 0x01, 0xFF, 0xC0, 0x03, 0xFC, 0x00, 0x00, 0xFF, 0xC0, 0x2F, 0xD0, 0x00, 0x00, 0xFF, 0x80,
    0xFF, 0x00, 0x00, 0x02, 0xFF, 0x0B, 0xF4, 0x00, 0x00, 0x03, 0xFD, 0x3F, 0xC0, 0x00, 0x00, 0x0F,
    0xF8, 0xFF, 0x00, 0x00, 0x00, 0x2F, 0xF7, 0xFC, 0x00, 0x00, 0x00, 0xBF, 0xDF, 0xF0, 0x00, 0x00,
    0x01, 0xFF, 0x7F, 0xC0, 0x00, 0x00, 0x07, 0xFD, 0xFF, 0x00, 0x00, 0x00, 0x1F, 0xF7, 0xFC, 0x00,
    0x00, 0x00, 0xBF, 0x8F, 0xF0, 0x00, 0x00, 0x02, 0xFE, 0x3F, 0xD0, 0x00, 0x00, 0x0F, 0xF0, 0xBF,
    0xC0, 0x00, 0x00, 0x3F, 0xC0, 0xFF, 0x40, 0x00, 0x01, 0xFD, 0x02, 0xFF, 0x00, 0x00, 0x0F, 0xF0,
    0x03, 0xFF, 0x00, 0x00, 0xFF, 0x00, 0x03, 0xFF, 0x80, 0x2F, 0xF4, 0x00, 0x03, 0xFF, 0xFF, 0xFF,
    0x00, 0x00, 0x01, 0xFF, 0xFF, 0xD0, 0x00, 0x00, 0x00, 0x15, 0x50, 0x00, 0x00, 0x00, 0x00, 0x10,
    0x00, 0x00, 0x00, 0x00, 0x07, 0xFD, 0x02, 0x00, 0x00, 0x00, 0x3F, 0xFF, 0xBD, 0x00, 0x00, 0x02,
    0xEB, 0xFF, 0xE0, 0x00, 0x00, 0x05, 0x01, 0xFF, 0x00, 0x00, 0x00, 0x00, 0x00, 0x00, 0x00, 0x00,
    0x00, 0x00, 0x00, 0x00, 0x00, 0x00, 0x00, 0x1A, 0xFA, 0x40, 0x00, 0x00, 0x0B, 0xFF, 0xFF, 0xE0,
    0x00, 0x00, 0xFF, 0xEA, 0xFF, 0xF0, 0x00, 0x1F, 0xF4, 0x00, 0x7F, 0xF0, 0x00, 0xFF, 0x00, 0x00,
    0x3F, 0xF0, 0x0B, 0xF4, 0x00, 0x00, 0x3F, 0xE0, 0x3F, 0xC0, 0x00, 0x00, 0xBF, 0xC2, 0xFD, 0x00,
    0x00, 0x00, 0xFF, 0x4F, 0xF0, 0x00, 0x00, 0x03, 0xFE, 0x3F, 0xC0, 0x00, 0x00, 0x0B, 0xFD, 0xFF,
    0x00, 0x00, 0x00, 0x2F, 0xF7, 0xFC, 0x00, 0x00, 0x00, 0x7F, 0xDF, 0xF0, 0x00, 0x00, 0x01, 0xFF,
    0x7F, 0xC0, 0x00, 0x00, 0x07, 0xFD, 0xFF, 0x00, 0x00, 0x00, 0x2F, 0xE3, 0xFC, 0x00, 0x00, 0x00,
    0xBF, 0x8F, 0xF4, 0x00, 0x00, 0x03, 0xFC, 0x2F, 0xF0, 0x00, 0x00, 0x0F, 0xF0, 0x3F, 0xD0, 0x00,
    0x00, 0x7F, 0x40, 0xBF, 0xC0, 0x00, 0x03, 0xFC, 0x00, 0xFF, 0xC0, 0x00, 0x3F, 0xC0, 0x00, 0xFF,
    0xE0, 0x0B, 0xFD, 0x00, 0x00, 0xFF, 0xFF, 0xFF, 0xC0, 0x00, 0x00, 0x7F, 0xFF, 0xF4, 0x00, 0x00,
    0x00, 0x05, 0x54, 0x00, 0x00, 0x00, 0x01, 0x40, 0x05, 0x00, 0x00, 0x00, 0x2F, 0xD0, 0xBF, 0x40,
    0x00, 0x00, 0xFF, 0x83, 0xFE, 0x00, 0x00, 0x03, 0xFE, 0x0F, 0xF8, 0x00, 0x00, 0x07, 0xF0, 0x1F,
    0xC0, 0x00, 0x00, 0x00, 0x00, 0x00, 0x00, 0x00, 0x00, 0x00, 0x00, 0x00, 0x00, 0x00, 0x00, 0x1A,
    0xFA, 0x40, 0x00, 0x00, 0x0B, 0xFF, 0xFF, 0xE0, 0x00, 0x00, 0xFF, 0xEA, 0xFF, 0xF0, 0x00, 0x1F,
    0xF4, 0x00, 0x7F, 0xF0, 0x00, 0xFF, 0x00, 0x00, 0x3F, 0xF0, 0x0B, 0xF4, 0x00, 0x00, 0x3F, 0xE0,
    0x3F, 0xC0, 0x00, 0x00, 0xBF, 0xC2, 0xFD, 0x00, 0x00, 0x00, 0xFF, 0x4F, 0xF0, 0x00, 0x00, 0x03,
    0xFE, 0x3F, 0xC0, 0x00, 0x00, 0x0B, 0xFD, 0xFF, 0x00, 0x00, 0x00, 0x2F, 0xF7, 0xFC, 0x00, 0x00,
    0x00, 0x7F, 0xDF, 0xF0, 0x00, 0x00, 0x01, 0xFF, 0x7F, 0xC0, 0x00, 0x00, 0x07, 0xFD, 0xFF, 0x00,
    0x00, 0x00, 0x2F, 0xE3, 0xFC, 0x00, 0x00, 0x00, 0xBF, 0x8F, 0xF4, 0x00, 0x00, 0x03, 0xFC, 0x2F,
    0xF0, 0x00, 0x00, 0x0F, 0xF0, 0x3F, 0xD0, 0x00, 0x00, 0x7F, 0x40, 0xBF, 0xC0, 0x00, 0x03, 0xFC,
    0x00, 0xFF, 0xC0, 0x00, 0x3F, 0xC0, 0x00, 0xFF, 0xE0, 0x0B, 0xFD, 0x00, 0x00, 0xFF, 0xFF, 0xFF,
    0xC0, 0x00, 0x00, 0x7F, 0xFF, 0xF4, 0x00, 0x00, 0x00, 0x05, 0x54, 0x00, 0x00, 0x00, 0x00, 0x00,
    0x0B, 0x00, 0x03, 0xC3, 0xF0, 0x03, 0xF8, 0x7F, 0x03, 0xF8, 0x07, 0xF3, 0xF8, 0x00, 0x7F, 0xF8,
    0x00, 0x07, 0xF8, 0x00, 0x02, 0xFF, 0x00, 0x02, 0xFF, 0xF0, 0x02, 0xF8, 0x7F, 0x02, 0xF8, 0x07,
    0xF0, 0xF8, 0x00, 0x7E, 0x08, 0x00, 0x06, 0x00, 0x00, 0x00, 0x00, 0x00, 0x00, 0x6B, 0xE9, 0x00,
    0xF8, 0x00, 0x0B, 0xFF, 0xFF, 0xE2, 0xF0, 0x00, 0x3F, 0xFA, 0xBF, 0xFF, 0xD0, 0x01, 0xFF, 0x40,
    0x07, 0xFF, 0x80, 0x03, 0xFC, 0x00, 0x00, 0xFF, 0xC0, 0x0B, 0xF4, 0x00, 0x00, 0xFF, 0xD0, 0x0F,
    0xF0, 0x00, 0x03, 0xFF, 0xF0, 0x2F, 0xD0, 0x00, 0x0B, 0xDF, 0xF4, 0x3F, 0xC0, 0x00, 0x2F, 0x4F,
    0xF8, 0x3F, 0xC0, 0x00, 0x7E, 0x0B, 0xFC, 0x7F, 0xC0, 0x00, 0xF8, 0x0B, 0xFC, 0x7F, 0xC0, 0x03,
    0xF0, 0x07, 0xFC, 0x7F, 0xC0, 0x0F, 0xC0, 0x07, 0xFC, 0x7F, 0xC0, 0x2F, 0x00, 0x07, 0xFC, 0x7F,
    0xC0, 0xBD, 0x00, 0x0B, 0xF8, 0x3F, 0xC1, 0xF8, 0x00, 0x0B, 0xF8, 0x3F, 0xE3, 0xE0, 0x00, 0x0F,
    0xF0, 0x2F, 0xFF, 0xC0, 0x00, 0x0F, 0xF0, 0x0F, 0xFF, 0x00, 0x00, 0x1F, 0xD0, 0x0B, 0xFD, 0x00,
    0x00, 0x3F, 0xC0, 0x03, 0xFF, 0x00, 0x00, 0xFF, 0x00, 0x07, 0xFF, 0xE0, 0x0B, 0xFD, 0x00, 0x0F,
    0xBF, 0xFF, 0xFF, 0xF0, 0x00, 0x3F, 0x07, 0xFF, 0xFF, 0x40, 0x00, 0x54, 0x00, 0x15, 0x50, 0x00,
    0x00, 0x00, 0x00, 0x2D, 0x00, 0x00, 0x00, 0x00, 0x00, 0x1F, 0xD0, 0x00, 0x00, 0x00, 0x00, 0x03,
    0xFD, 0x00, 0x00, 0x00, 0x00, 0x00, 0x7F, 0xE0, 0x00, 0x00, 0x00, 0x00, 0x01, 0xFE, 0x00, 0x00,
    0x00, 0x00, 0x00, 0x02, 0x80, 0x00, 0x00, 0x00, 0x00, 0x00, 0x00, 0x00, 0x00, 0x55, 0x55, 0x40,
    0x01, 0x55, 0x54, 0xBF, 0xFF, 0xF0, 0x00, 0xFF, 0xFF, 0x5B, 0xFF, 0xE8, 0x00, 0x1B, 0xFF, 0x80,
    0x3F, 0xD0, 0x00, 0x00, 0x3E, 0x00, 0x0B, 0xF4, 0x00, 0x00, 0x0F, 0x80, 0x02, 0xFD, 0x00, 0x00,
    0x03, 0xE0, 0x00, 0xBF, 0x40, 0x00, 0x00, 0xF8, 0x00, 0x2F, 0xD0, 0x00, 0x00, 0x3E, 0x00, 0x0B,
    0xF4, 0x00, 0x00, 0x0F, 0x80, 0x02, 0xFD, 0x00, 0x00, 0x03, 0xE0, 0x00, 0xBF, 0x40, 0x00, 0x00,
    0xF8, 0x00, 0x2F, 0xD0, 0x00, 0x00, 0x3E, 0x00, 0x0B, 0xF4, 0x00, 0x00, 0x0F, 0x80, 0x02, 0xFD,
    0x00, 0x00, 0x03, 0xE0, 0x00, 0xBF, 0x40, 0x00, 0x00, 0xF8, 0x00, 0x2F, 0xD0, 0x00, 0x00, 0x3E,
    0x00, 0x0B, 0xF4, 0x00, 0x00, 0x0F, 0x40, 0x02, 0xFE, 0x00, 0x00, 0x07, 0xD0, 0x00, 0x7F, 0xC0,
    0x00, 0x02, 0xF0, 0x00, 0x0F, 0xF0, 0x00, 0x00, 0xF8, 0x00, 0x02, 0xFF, 0x00, 0x00, 0xFD, 0x00,
    0x00, 0x3F, 0xF9, 0x56, 0xFE, 0x00, 0x00, 0x03, 0xFF, 0xFF, 0xFE, 0x00, 0x00, 0x00, 0x2F, 0xFF,
    0xFD, 0x00, 0x00, 0x00, 0x00, 0x15, 0x50, 0x00, 0x00, 0x00, 0x00, 0x00, 0x07, 0x80, 0x00, 0x00,
    0x00, 0x00, 0x0B, 0xF0, 0x00, 0x00, 0x00, 0x00, 0x0B, 0xFC, 0x00, 0x00, 0x00, 0x00, 0x0F, 0xFC,
    0x00, 0x00, 0x00, 0x00, 0x0F, 0xE0, 0x00, 0x00, 0x00, 0x00, 0x03, 0x80, 0x00, 0x00, 0x00, 0x00,
    0x00, 0x00, 0x00, 0x00, 0x00, 0x55, 0x55, 0x40, 0x01, 0x55, 0x54, 0xBF, 0xFF, 0xF0, 0x00, 0xFF,
    0xFF, 0x5B, 0xFF, 0xE8, 0x00, 0x1B, 0xFF, 0x80, 0x3F, 0xD0, 0x00, 0x00, 0x3E, 0x00, 0x0B, 0xF4,
    0x00, 0x00, 0x0F, 0x80, 0x02, 0xFD, 0x00, 0x00, 0x03, 0xE0, 0x00, 0xBF, 0x40, 0x00, 0x00, 0xF8,
    0x00, 0x2F, 0xD0, 0x00, 0x00, 0x3E, 0x00, 0x0B, 0xF4, 0x00, 0x00, 0x0F, 0x80, 0x02, 0xFD, 0x00,
    0x00, 0x03, 0xE0, 0x00, 0xBF, 0x40, 0x00, 0x00, 0xF8, 0x00, 0x2F, 0xD0, 0x00, 0x00, 0x3E, 0x00,
    0x0B, 0xF4, 0x00, 0x00, 0x0F, 0x80, 0x02, 0xFD, 0x00, 0x00, 0x03, 0xE0, 0x00, 0xBF, 0x40, 0x00,
    0x00, 0xF8, 0x00, 0x2F, 0xD0, 0x00, 0x00, 0x3E, 0x00, 0x0B, 0xF4, 0x00, 0x00, 0x0F, 0x40, 0x02,
    0xFE, 0x00, 0x00, 0x07, 0xD0, 0x00, 0x7F, 0xC0, 0x00, 0x02, 0xF0, 0x00, 0x0F, 0xF0, 0x00, 0x00,
    0xF8, 0x00, 0x02, 0xFF, 0x00, 0x00, 0xFD, 0x00, 0x00, 0x3F, 0xF9, 0x56, 0xFE, 0x00, 0x00, 0x03,
    0xFF, 0xFF, 0xFE, 0x00, 0x00, 0x00, 0x2F, 0xFF, 0xFD, 0x00, 0x00, 0x00, 0x00, 0x15, 0x50, 0x00,
    0x00, 0x00, 0x00, 0x00, 0x40, 0x00, 0x00, 0x00, 0x00, 0x00, 0xBD, 0x00, 0x00, 0x00, 0x00, 0x00,
    0x7F, 0xD0, 0x00, 0x00, 0x00, 0x00, 0x7F, 0xFC, 0x00, 0x00, 0x00, 0x00, 0x7F, 0xAF, 0xC0, 0x00,
    0x00, 0x00, 0x3E, 0x00, 0xFC, 0x00, 0x00, 0x00, 0x1D, 0x00, 0x07, 0x00, 0x00, 0x00, 0x00, 0x00,
    0x00, 0x00, 0x00, 0x15, 0x55, 0x50, 0x00, 0x55, 0x55, 0x2F, 0xFF, 0xFC, 0x00, 0x3F, 0xFF, 0xD6,
    0xFF, 0xFA, 0x00, 0x06, 0xFF, 0xE0, 0x0F, 0xF4, 0x00, 0x00, 0x0F, 0x80, 0x02, 0xFD, 0x00, 0x00,
    0x03, 0xE0, 0x00, 0xBF, 0x40, 0x00, 0x00, 0xF8, 0x00, 0x2F, 0xD0, 0x00, 0x00, 0x3E, 0x00, 0x0B,
    0xF4, 0x00, 0x00, 0x0F, 0x80, 0x02, 0xFD, 0x00, 0x00, 0x03, 0xE0, 0x00, 0xBF, 0x40, 0x00, 0x00,
    0xF8, 0x00, 0x2F, 0xD0, 0x00, 0x00, 0x3E, 0x00, 0x0B, 0xF4, 0x00, 0x00, 0x0F, 0x80, 0x02, 0xFD,
    0x00, 0x00, 0x03, 0xE0, 0x00, 0xBF, 0x40, 0x00, 0x00, 0xF8, 0x00, 0x2F, 0xD0, 0x00, 0x00, 0x3E,
    0x00, 0x0B, 0xF4, 0x00, 0x00, 0x0F, 0x80, 0x02, 0xFD, 0x00, 0x00, 0x03, 0xD0, 0x00, 0xBF, 0x80,
    0x00, 0x01, 0xF4, 0x00, 0x1F, 0xF0, 0x00, 0x00, 0xBC, 0x00, 0x03, 0xFC, 0x00, 0x00, 0x3E, 0x00,
    0x00, 0xBF, 0xC0, 0x00, 0x3F, 0x40, 0x00, 0x0F, 0xFE, 0x55, 0xBF, 0x80, 0x00, 0x00, 0xFF, 0xFF,
    0xFF, 0x80, 0x00, 0x00, 0x0B, 0xFF, 0xFF, 0x40, 0x00, 0x00, 0x00, 0x05, 0x54, 0x00, 0x00, 0x00,
    0x00, 0x00, 0x50, 0x01, 0x40, 0x00, 0x00, 0x00, 0xBF, 0x42, 0xFD, 0x00, 0x00, 0x00, 0x3F, 0xE0,
    0xFF, 0x80, 0x00, 0x00, 0x0F, 0xF8, 0x3F, 0xE0, 0x00, 0x00, 0x01, 0xFC, 0x07, 0xF0, 0x00, 0x00,
    0x00, 0x00, 0x00, 0x00, 0x00, 0x00, 0x00, 0x00, 0x00, 0x00, 0x00, 0x00, 0x55, 0x55, 0x40, 0x01,
    0x55, 0x54, 0xBF, 0xFF, 0xF0, 0x00, 0xFF, 0xFF, 0x5B, 0xFF, 0xE8, 0x00, 0x1B, 0xFF, 0x80, 0x3F,
    0xD0, 0x00, 0x00, 0x3E, 0x00, 0x0B, 0xF4, 0x00, 0x00, 0x0F, 0x80, 0x02, 0xFD, 0x00, 0x00, 0x03,
    0xE0, 0x00, 0xBF, 0x40, 0x00, 0x00, 0xF8, 0x00, 0x2F, 0xD0, 0x00, 0x00, 0x3E, 0x00, 0x0B, 0xF4,
    0x00, 0x00, 0x0F, 0x80, 0x02, 0xFD, 0x00, 0x00, 0x03, 0xE0, 0x00, 0xBF, 0x40, 0x00, 0x00, 0xF8,
    0x00, 0x2F, 0xD0, 0x00, 0x00, 0x3E, 0x00, 0x0B, 0xF4, 0x00, 0x00, 0x0F, 0x80, 0x02, 0xFD, 0x00,
    0x00, 0x03, 0xE0, 0x00, 0xBF, 0x40, 0x00, 0x00, 0xF8, 0x00, 0x2F, 0xD0, 0x00, 0x00, 0x3E, 0x00,
    0x0B, 0xF4, 0x00, 0x00, 0x0F, 0x40, 0x02, 0xFE, 0x00, 0x00, 0x07, 0xD0, 0x00, 0x7F, 0xC0, 0x00,
    0x02, 0xF0, 0x00, 0x0F, 0xF0, 0x00, 0x00, 0xF8, 0x00, 0x02, 0xFF, 0x00, 0x00, 0xFD, 0x00, 0x00,
    0x3F, 0xF9, 0x56, 0xFE, 0x00, 0x00, 0x03, 0xFF, 0xFF, 0xFE, 0x00, 0x00, 0x00, 0x2F, 0xFF, 0xFD,
    0x00, 0x00, 0x00, 0x00, 0x15, 0x50, 0x00, 0x00, 0x00, 0x00, 0x00, 0x0B, 0x40, 0x00, 0x00, 0x00,
    0x00, 0x2F, 0xC0, 0x00, 0x00, 0x00, 0x00, 0xFF, 0xC0, 0x00, 0x00, 0x00, 0x03, 0xFE, 0x00, 0x00,
    0x00, 0x00, 0x0F, 0xE0, 0x00, 0x00, 0x00, 0x00, 0x0D, 0x00, 0x00, 0x00, 0x00, 0x00, 0x00, 0x00,
    0x00, 0x00, 0x15, 0x55, 0x50, 0x01, 0x55, 0x54, 0x7F, 0xFF, 0xF4, 0x03, 0xFF, 0xFE, 0x2F, 0xFF,
    0xE0, 0x01, 0xBF, 0xF9, 0x03, 0xFF, 0x00, 0x00, 0x1F, 0x80, 0x00, 0xFF, 0x00, 0x00, 0x2F, 0x00,
    0x00, 0xBF, 0xC0, 0x00, 0x7D, 0x00, 0x00, 0x3F, 0xD0, 0x00, 0xFC, 0x00, 0x00, 0x1F, 0xF0, 0x01,
    0xF4, 0x00, 0x00, 0x0B, 0xF8, 0x03, 0xE0, 0x00, 0x00, 0x03, 0xFD, 0x0B, 0xC0, 0x00, 0x00, 0x01,
    0xFF, 0x0F, 0x40, 0x00, 0x00, 0x00, 0xFF, 0xBF, 0x00, 0x00, 0x00, 0x00, 0x3F, 0xFC, 0x00, 0x00,
    0x00, 0x00, 0x2F, 0xF8, 0x00, 0x00, 0x00, 0x00, 0x0F, 0xF0, 0x00, 0x00, 0x00, 0x00, 0x0F, 0xF0,
    0x00, 0x00, 0x00, 0x00, 0x0F, 0xF0, 0x00, 0x00, 0x00, 0x00, 0x0F, 0xF0, 0x00, 0x00, 0x00, 0x00,
    0x0F, 0xF0, 0x00, 0x00, 0x00, 0x00, 0x0F, 0xF0, 0x00, 0x00, 0x00, 0x00, 0x0F, 0xF0, 0x00, 0x00,
    0x00, 0x00, 0x1F, 0xF4, 0x00, 0x00, 0x00, 0x03, 0xFF, 0xFF, 0xC0, 0x00, 0x00, 0x03, 0xFF, 0xFF,
    0xC0, 0x00, 0x15, 0x55, 0x54, 0x00, 0x00, 0xFF, 0xFF, 0xF4, 0x00, 0x02, 0xBF, 0xFE, 0x80, 0x00,
    0x00, 0x7F, 0xC0, 0x00, 0x00, 0x01, 0xFF, 0x00, 0x00, 0x00, 0x07, 0xFE, 0xA5, 0x00, 0x00, 0x1F,
    0xFF, 0xFF, 0xE0, 0x00, 0x7F, 0xEA, 0xBF, 0xF0, 0x01, 0xFF, 0x00, 0x2F, 0xF0, 0x07, 0xFC, 0x00,
    0x3F, 0xD0, 0x1F, 0xF0, 0x00, 0xBF, 0x80, 0x7F, 0xC0, 0x01, 0xFF, 0x01, 0xFF, 0x00, 0x07, 0xFC,
    0x07, 0xFC, 0x00, 0x2F, 0xE0, 0x1F, 0xF0, 0x00, 0xFF, 0x40, 0x7F, 0xC0, 0x0B, 0xFC, 0x01, 0xFF,
    0x05, 0xFF, 0xC0, 0x07, 0xFF, 0xFF, 0xF8, 0x00, 0x1F, 0xFF, 0xF9, 0x00, 0x00, 0x7F, 0xC0, 0x00,
    0x00, 0x01, 0xFF, 0x00, 0x00, 0x00, 0x0B, 0xFC, 0x00, 0x00, 0x03, 0xFF, 0xFF, 0xD0, 0x00, 0x0F,
    0xFF, 0xFF, 0x40, 0x00, 0x00, 0x00, 0x00, 0x00, 0x00, 0x00, 0x00, 0x1B, 0xFF, 0x90, 0x00, 0x00,
    0x0F, 0xFF, 0xFF, 0x80, 0x00, 0x03, 0xF8, 0x02, 0xFE, 0x00, 0x00, 0xFE, 0x00, 0x0B, 0xF0, 0x00,
    0x1F, 0xC0, 0x00, 0x7F, 0x00, 0x02, 0xFC, 0x00, 0x07, 0xF0, 0x00, 0x3F, 0xC0, 0x00, 0xBD, 0x00,
    0x03, 0xFC, 0x00, 0x0F, 0xC0, 0x00, 0x3F, 0xC0, 0x03, 0xF0, 0x00, 0x6F, 0xFC, 0x00, 0xBC, 0x00,
    0x0B, 0xFF, 0xC0, 0x1F, 0x80, 0x00, 0x17, 0xFC, 0x03, 0xF0, 0x00, 0x00, 0x3F, 0xC0, 0x3F, 0x00,
    0x00, 0x03, 0xFC, 0x07, 0xF8, 0x00, 0x00, 0x3F, 0xC0, 0x3F, 0xE0, 0x00, 0x03, 0xFC, 0x03, 0xFF,
    0xE0, 0x00, 0x3F, 0xC0, 0x0F, 0xFF, 0xD0, 0x03, 0xFC, 0x00, 0x2F, 0xFF, 0x80, 0x3F, 0xC0, 0x00,
    0x2F, 0xFD, 0x03, 0xFC, 0x00, 0x00, 0x2F, 0xE0, 0x3F, 0xC1, 0x40, 0x00, 0xFE, 0x03, 0xFC, 0x3D,
    0x00, 0x0B, 0xE0, 0x3F, 0xC3, 0xF0, 0x00, 0xBD, 0x07, 0xFC, 0x3F, 0xC0, 0x1F, 0xCB, 0xFF, 0xC2,
    0xFF, 0xEF, 0xF4, 0xBF, 0xFC, 0x2E, 0xFF, 0xFD, 0x00, 0x00, 0x01, 0x40, 0x54, 0x00, 0x00, 0x00,
    0x00, 0x00, 0x00, 0x0F, 0x40, 0x00, 0x00, 0x01, 0xFC, 0x00, 0x00, 0x00, 0x1F, 0xF0, 0x00, 0x00,
    0x00, 0x7F, 0x80, 0x00, 0x00, 0x00, 0xFD, 0x00, 0x00, 0x00, 0x02, 0xF0, 0x00, 0x00, 0x00, 0x01,
    0x00, 0x00, 0x00, 0x00, 0x00, 0x00, 0x00, 0x00, 0x54, 0x00, 0x00, 0x02, 0xFF, 0xFE, 0x00, 0x00,
    0xFE, 0x5B, 0xF8, 0x00, 0x3F, 0x00, 0x2F, 0xD0, 0x03, 0xF4, 0x00, 0xFE, 0x00, 0x3F, 0x80, 0x0F,
    0xF0, 0x02, 0xE0, 0x00, 0xFF, 0x00, 0x00, 0x00, 0x0F, 0xF0, 0x00, 0x00, 0x15, 0xFF, 0x00, 0x01,
    0xBF, 0xFF, 0xF0, 0x00, 0xFF, 0xE5, 0xFF, 0x00, 0x3F, 0xD0, 0x0F, 0xF0, 0x03, 0xF8, 0x00, 0xFF,
    0x00, 0x7F, 0x40, 0x0F, 0xF0, 0x07, 0xF8, 0x01, 0xFF, 0x00, 0x3F, 0xD0, 0x7F, 0xF4, 0x02, 0xFF,
    0xFF, 0x7F, 0xFC, 0x0B, 0xFF, 0x82, 0xFF, 0x80, 0x05, 0x40, 0x01, 0x40, 0x00, 0x00, 0x00, 0x00,
    0x00, 0x00, 0x03, 0xC0, 0x00, 0x00, 0x00, 0xFE, 0x00, 0x00, 0x00, 0x2F, 0xD0, 0x00, 0x00, 0x07,
    0xF8, 0x00, 0x00, 0x00, 0xFD, 0x00, 0x00, 0x00, 0x3E, 0x00, 0x00, 0x00, 0x01, 0x40, 0x00, 0x00,
    0x00, 0x00, 0x00, 0x00, 0x00, 0x00, 0x54, 0x00, 0x00, 0x02, 0xFF, 0xFE, 0x00, 0x00, 0xFE, 0x5B,
    0xF8, 0x00, 0x3F, 0x00, 0x2F, 0xD0, 0x03, 0xF4, 0x00, 0xFE, 0x00, 0x3F, 0x80, 0x0F, 0xF0, 0x02,
    0xE0, 0x00, 0xFF, 0x00, 0x00, 0x00, 0x0F, 0xF0, 0x00, 0x00, 0x15, 0xFF, 0x00, 0x01, 0xBF, 0xFF,
    0xF0, 0x00, 0xFF, 0xE5, 0xFF, 0x00, 0x3F, 0xD0, 0x0F, 0xF0, 0x03, 0xF8, 0x00, 0xFF, 0x00, 0x7F,
    0x40, 0x0F, 0xF0, 0x07, 0xF8, 0x01, 0xFF, 0x00, 0x3F, 0xD0, 0x7F, 0xF4, 0x02, 0xFF, 0xFF, 0x7F,
    0xFC, 0x0B, 0xFF, 0x82, 0xFF, 0x80, 0x05, 0x40, 0x01, 0x40, 0x00, 0x00, 0x00, 0x00, 0x00, 0x00,
    0xFC, 0x00, 0x00, 0x00, 0x2F, 0xE0, 0x00, 0x00, 0x07, 0xFF, 0x40, 0x00, 0x00, 0xFE, 0xFC, 0x00,
    0x00, 0x3F, 0x03, 0xF0, 0x00, 0x0B, 0x80, 0x0B, 0x80, 0x00, 0x10, 0x00, 0x10, 0x00, 0x00, 0x00,
    0x00, 0x00, 0x00, 0x00, 0x54, 0x00, 0x00, 0x02, 0xFF, 0xFE, 0x00, 0x00, 0xFE, 0x5B, 0xF8, 0x00,
    0x3F, 0x00, 0x2F, 0xD0, 0x03, 0xF4, 0x00, 0xFE, 0x00, 0x3F, 0x80, 0x0F, 0xF0, 0x02, 0xE0, 0x00,
    0xFF, 0x00, 0x00, 0x00, 0x0F, 0xF0, 0x00, 0x00, 0x15, 0xFF, 0x00, 0x01, 0xBF, 0xFF, 0xF0, 0x00,
    0xFF, 0xE5, 0xFF, 0x00, 0x3F, 0xD0, 0x0F, 0xF0, 0x03, 0xF8, 0x00, 0xFF, 0x00, 0x7F, 0x40, 0x0F,
    0xF0, 0x07, 0xF8, 0x01, 0xFF, 0x00, 0x3F, 0xD0, 0x7F, 0xF4, 0x02, 0xFF, 0xFF, 0x7F, 0xFC, 0x0B,
    0xFF, 0x82, 0xFF, 0x80, 0x05, 0x40, 0x01, 0x40, 0x01, 0xF9, 0x00, 0x40, 0x00, 0x3F, 0xFE, 0x7C,
    0x00, 0x0F, 0xFF, 0xFF, 0x80, 0x00, 0xD0, 0x7F, 0xF0, 0x00, 0x00, 0x00, 0x14, 0x00, 0x00, 0x00,
    0x00, 0x00, 0x00, 0x00, 0x00, 0x00, 0x00, 0x00, 0x00, 0x54, 0x00, 0x00, 0x02, 0xFF, 0xFE, 0x00,
    0x00, 0xFE, 0x5B, 0xF8, 0x00, 0x3F, 0x00, 0x2F, 0xD0, 0x03, 0xF4, 0x00, 0xFE, 0x00, 0x3F, 0x80,
    0x0F, 0xF0, 0x02, 0xE0, 0x00, 0xFF, 0x00, 0x00, 0x00, 0x0F, 0xF0, 0x00, 0x00, 0x15, 0xFF, 0x00,
    0x01, 0xBF, 0xFF, 0xF0, 0x00, 0xFF, 0xE5, 0xFF, 0x00, 0x3F, 0xD0, 0x0F, 0xF0, 0x03, 0xF8, 0x00,
    0xFF, 0x00, 0x7F, 0x40, 0x0F, 0xF0, 0x07, 0xF8, 0x01, 0xFF, 0x00, 0x3F, 0xD0, 0x7F, 0xF4, 0x02,
    0xFF, 0xFF, 0x7F, 0xFC, 0x0B, 0xFF, 0x82, 0xFF, 0x80, 0x05, 0x40, 0x01, 0x40, 0x00, 0x00, 0x00,
    0x00, 0x00, 0x7F, 0x01, 0xF8, 0x00, 0x0F, 0xF8, 0x3F, 0xD0, 0x00, 0xFF, 0x83, 0xFE, 0x00, 0x0B,
    0xF4, 0x2F, 0xC0, 0x00, 0x14, 0x00, 0x50, 0x00, 0x00, 0x00, 0x00, 0x00, 0x00, 0x00, 0x00, 0x00,
    0x00, 0x00, 0x05, 0x40, 0x00, 0x00, 0x2F, 0xFF, 0xE0, 0x00, 0x0F, 0xE5, 0xBF, 0x80, 0x03, 0xF0,
    0x02, 0xFD, 0x00, 0x3F, 0x40, 0x0F, 0xE0, 0x03, 0xF8, 0x00, 0xFF, 0x00, 0x2E, 0x00, 0x0F, 0xF0,
    0x00, 0x00, 0x00, 0xFF, 0x00, 0x00, 0x01, 0x5F, 0xF0, 0x00, 0x1B, 0xFF, 0xFF, 0x00, 0x0F, 0xFE,
    0x5F, 0xF0, 0x03, 0xFD, 0x00, 0xFF, 0x00, 0x3F, 0x80, 0x0F, 0xF0, 0x07, 0xF4, 0x00, 0xFF, 0x00,
    0x7F, 0x80, 0x1F, 0xF0, 0x03, 0xFD, 0x07, 0xFF, 0x40, 0x2F, 0xFF, 0xF7, 0xFF, 0xC0, 0xBF, 0xF8,
    0x2F, 0xF8, 0x00, 0x54, 0x00, 0x14, 0x00, 0x00, 0x05, 0x40, 0x00, 0x00, 0x07, 0xFF, 0x40, 0x00,
    0x00, 0xF8, 0xBC, 0x00, 0x00, 0x1F, 0x03, 0xD0, 0x00, 0x01, 0xF0, 0x3D, 0x00, 0x00, 0x0F, 0x47,
    0xC0, 0x00, 0x00, 0xBF, 0xF8, 0x00, 0x00, 0x01, 0xA8, 0x00, 0x00, 0x00, 0x00, 0x00, 0x00, 0x00,
    0x00, 0x54, 0x00, 0x00, 0x02, 0xFF, 0xFE, 0x00, 0x00, 0xFE, 0x5B, 0xF8, 0x00, 0x3F, 0x00, 0x2F,
    0xD0, 0x03, 0xF4, 0x00, 0xFE, 0x00, 0x3F, 0x80, 0x0F, 0xF0, 0x02, 0xE0, 0x00, 0xFF, 0x00, 0x00,
    0x00, 0x0F, 0xF0, 0x00, 0x00, 0x15, 0xFF, 0x00, 0x01, 0xBF, 0xFF, 0xF0, 0x00, 0xFF, 0xE5, 0xFF,
    0x00, 0x3F, 0xD0, 0x0F, 0xF0, 0x03, 0xF8, 0x00, 0xFF, 0x00, 0x7F, 0x40, 0x0F, 0xF0, 0x07, 0xF8,
    0x01, 0xFF, 0x00, 0x3F, 0xD0, 0x7F, 0xF4, 0x02, 0xFF, 0xFF, 0x7F, 0xFC, 0x0B, 0xFF, 0x82, 0xFF,
    0x80, 0x05, 0x40, 0x01, 0x40, 0x00, 0x05, 0x40, 0x00, 0x15, 0x00, 0x00, 0x2F, 0xFF, 0xD0, 0xBF,
    0xFF, 0x00, 0x0F, 0xE5, 0xBF, 0xBF, 0xEB, 0xFD, 0x03, 0xF0, 0x02, 0xFF, 0xE0, 0x0B, 0xF0, 0x3F,
    0x40, 0x0F, 0xFC, 0x00, 0x3F, 0x83, 0xF8, 0x00, 0xFF, 0x40, 0x03, 0xFC, 0x2F, 0x00, 0x0F, 0xF0,
    0x00, 0x3F, 0xC0, 0x00, 0x00, 0xFF, 0x00, 0x03, 0xFC, 0x00, 0x01, 0x5F, 0xFF, 0xFF, 0xFF, 0x80,
    0x1F, 0xFF, 0xFF, 0xFF, 0xFF, 0xF4, 0x0F, 0xFE, 0x5F, 0xF0, 0x00, 0x00, 0x03, 0xFD, 0x00, 0xFF,
    0x00, 0x00, 0x00, 0x7F, 0x80, 0x0F, 0xF4, 0x00, 0x00, 0x07, 0xF4, 0x00, 0xFF, 0xC0, 0x00, 0x00,
    0x7F, 0x80, 0x1F, 0xFF, 0x00, 0x07, 0x83, 0xFD, 0x07, 0xEF, 0xFE, 0x5B, 0xF8, 0x2F, 0xFF, 0xF8,
    0x7F, 0xFF, 0xFE, 0x00, 0xBF, 0xFD, 0x00, 0xBF, 0xFF, 0x40, 0x00, 0x54, 0x00, 0x00, 0x55, 0x00,
    0x00, 0x00, 0x01, 0x54, 0x00, 0x00, 0x7F, 0xFF, 0x80, 0x02, 0xFF, 0xAF, 0xF0, 0x0B, 0xF4, 0x02,
    0xF8, 0x1F, 0xE0, 0x03, 0xFC, 0x3F, 0xC0, 0x07, 0xFC, 0x3F, 0xC0, 0x03, 0xF8, 0x7F, 0x80, 0x00,
    0x50, 0x7F, 0x40, 0x00, 0x00, 0xBF, 0x40, 0x00, 0x00, 0xBF, 0x80, 0x00, 0x00, 0x7F, 0xC0, 0x00,
    0x00, 0x7F, 0xC0, 0x00, 0x00, 0x3F, 0xE0, 0x00, 0x00, 0x2F, 0xF8, 0x00, 0x38, 0x0F, 0xFF, 0xAB,
    0xFC, 0x03, 0xFF, 0xFF, 0xF0, 0x00, 0xBF, 0xFF, 0x40, 0x00, 0x03, 0xD0, 0x00, 0x00, 0x07, 0x80,
    0x00, 0x00, 0x0B, 0xFD, 0x00, 0x00, 0x00, 0x7F, 0x00, 0x00, 0x00, 0x2F, 0x00, 0x00, 0x24, 0x7F,
    0x00, 0x00, 0x3F, 0xFD, 0x00, 0x00, 0x06, 0xE4, 0x00, 0x00, 0x00, 0x00, 0x00, 0x00, 0x3D, 0x00,
    0x00, 0x00, 0x7F, 0x00, 0x00, 0x00, 0x7F, 0xC0, 0x00, 0x00, 0x1F, 0xE0, 0x00, 0x00, 0x03, 0xF4,
    0x00, 0x00, 0x00, 0xBC, 0x00, 0x00, 0x00, 0x04, 0x00, 0x00, 0x00, 0x00, 0x00, 0x00, 0x01, 0x54,
    0x00, 0x00, 0x7F, 0xFF, 0x80, 0x02, 0xFE, 0xAF, 0xF0, 0x0B, 0xF0, 0x03, 0xF8, 0x1F, 0xD0, 0x02,
    0xFC, 0x3F, 0xC0, 0x01, 0xFD, 0x3F, 0x80, 0x01, 0xFD, 0x7F, 0x80, 0x02, 0xFD, 0x7F, 0xFF, 0xFF,
    0xFC, 0xBF, 0xFF, 0xFF, 0xFC, 0xBF, 0x80, 0x00, 0x00, 0x7F, 0x80, 0x00, 0x00, 0x3F, 0xC0, 0x00,
    0x00, 0x3F, 0xE0, 0x00, 0x00, 0x1F, 0xF4, 0x00, 0x2C, 0x0F, 0xFF, 0x9A, 0xFC, 0x03, 0xFF, 0xFF,
    0xF0, 0x00, 0xBF, 0xFF, 0x80, 0x00, 0x05, 0x54, 0x00, 0x00, 0x00, 0x00, 0x00, 0x00, 0x00, 0x0F,
    0x00, 0x00, 0x00, 0x3F, 0x40, 0x00, 0x00, 0xBF, 0x40, 0x00, 0x01, 0xFE, 0x00, 0x00, 0x03, 0xF4,
    0x00, 0x00, 0x0F, 0x80, 0x00, 0x00, 0x04, 0x00, 0x00, 0x00, 0x00, 0x00, 0x00, 0x00, 0x01, 0x54,
    0x00, 0x00, 0x7F, 0xFF, 0x80, 0x02, 0xFE, 0xAF, 0xF0, 0x0B, 0xF0, 0x03, 0xF8, 0x1F, 0xD0, 0x02,
    0xFC, 0x3F, 0xC0, 0x01, 0xFD, 0x3F, 0x80, 0x01, 0xFD, 0x7F, 0x80, 0x02, 0xFD, 0x7F, 0xFF, 0xFF,
    0xFC, 0xBF, 0xFF, 0xFF, 0xFC, 0xBF, 0x80, 0x00, 0x00, 0x7F, 0x80, 0x00, 0x00, 0x3F, 0xC0, 0x00,
    0x00, 0x3F, 0xE0, 0x00, 0x00, 0x1F, 0xF4, 0x00, 0x2C, 0x0F, 0xFF, 0x9A, 0xFC, 0x03, 0xFF, 0xFF,
    0xF0, 0x00, 0xBF, 0xFF, 0x80, 0x00, 0x05, 0x54, 0x00, 0x00, 0x00, 0x00, 0x00, 0x00, 0x03, 0xF0,
    0x00, 0x00, 0x0B, 0xF8, 0x00, 0x00, 0x1F, 0xFD, 0x00, 0x00, 0x3F, 0xBF, 0x00, 0x00, 0xFC, 0x0F,
    0xC0, 0x02, 0xE0, 0x02, 0xE0, 0x00, 0x40, 0x00, 0x40, 0x00, 0x00, 0x00, 0x00, 0x00, 0x01, 0x54,
    0x00, 0x00, 0x7F, 0xFF, 0x80, 0x02, 0xFE, 0xAF, 0xF0, 0x0B, 0xF0, 0x03, 0xF8, 0x1F, 0xD0, 0x02,
    0xFC, 0x3F, 0xC0, 0x01, 0xFD, 0x3F, 0x80, 0x01, 0xFD, 0x7F, 0x80, 0x02, 0xFD, 0x7F, 0xFF, 0xFF,
    0xFC, 0xBF, 0xFF, 0xFF, 0xFC, 0xBF, 0x80, 0x00, 0x00, 0x7F, 0x80, 0x00, 0x00, 0x3F, 0xC0, 0x00,
    0x00, 0x3F, 0xE0, 0x00, 0x00, 0x1F, 0xF4, 0x00, 0x2C, 0x0F, 0xFF, 0x9A, 0xFC, 0x03, 0xFF, 0xFF,
    0xF0, 0x00, 0xBF, 0xFF, 0x80, 0x00, 0x05, 0x54, 0x00, 0x00, 0x00, 0x00, 0x00, 0x01, 0xFC, 0x07,
    0xE0, 0x03, 0xFE, 0x0F, 0xF4, 0x03, 0xFE, 0x0F, 0xF8, 0x02, 0xFC, 0x0B, 0xF0, 0x00, 0x50, 0x01,
    0x40, 0x00, 0x00, 0x00, 0x00, 0x00, 0x00, 0x00, 0x00, 0x00, 0x01, 0x54, 0x00, 0x00, 0x7F, 0xFF,
    0x80, 0x02, 0xFE, 0xAF, 0xF0, 0x0B, 0xF0, 0x03, 0xF8, 0x1F, 0xD0, 0x02, 0xFC, 0x3F, 0xC0, 0x01,
    0xFD, 0x3F, 0x80, 0x01, 0xFD, 0x7F, 0x80, 0x02, 0xFD, 0x7F, 0xFF, 0xFF, 0xFC, 0xBF, 0xFF, 0xFF,
    0xFC, 0xBF, 0x80, 0x00, 0x00, 0x7F, 0x80, 0x00, 0x00, 0x3F, 0xC0, 0x00, 0x00, 0x3F, 0xE0, 0x00,
    0x00, 0x1F, 0xF4, 0x00, 0x2C, 0x0F, 0xFF, 0x9A, 0xFC, 0x03, 0xFF, 0xFF, 0xF0, 0x00, 0xBF, 0xFF,
    0x80, 0x00, 0x05, 0x54, 0x00, 0x00, 0x00, 0x00, 0xB4, 0x00, 0x03, 0xF4, 0x00, 0x0F, 0xF0, 0x00,
    0x1F, 0xE0, 0x00, 0x0B, 0xD0, 0x00, 0x07, 0xC0, 0x00, 0x01, 0x00, 0x00, 0x00, 0x00, 0x00, 0x00,
    0x01, 0xFF, 0xF0, 0x0B, 0xFF, 0xC0, 0x06, 0xFF, 0x00, 0x03, 0xFC, 0x00, 0x0F, 0xF0, 0x00, 0x3F,
    0xC0, 0x00, 0xFF, 0x00, 0x03, 0xFC, 0x00, 0x0F, 0xF0, 0x00, 0x3F, 0xC0, 0x00, 0xFF, 0x00, 0x03,
    0xFC, 0x00, 0x0F, 0xF0, 0x00, 0x3F, 0xC0, 0x01, 0xFF, 0x40, 0xBF, 0xFF, 0xE2, 0xFF, 0xFF, 0x80,
    0x00, 0x00, 0x00, 0x03, 0xD0, 0x00, 0xBE, 0x00, 0x1F, 0xE0, 0x03, 0xF8, 0x00, 0xFD, 0x00, 0x2E,
    0x00, 0x00, 0x40, 0x00, 0x00, 0x00, 0x00, 0x00, 0x00, 0x7F, 0xFC, 0x0B, 0xFF, 0xC0, 0x1B, 0xFC,
    0x00, 0x3F, 0xC0, 0x03, 0xFC, 0x00, 0x3F, 0xC0, 0x03, 0xFC, 0x00, 0x3F, 0xC0, 0x03, 0xFC, 0x00,
    0x3F, 0xC0, 0x03, 0xFC, 0x00, 0x3F, 0xC0, 0x03, 0xFC, 0x00, 0x3F, 0xC0, 0x07, 0xFD, 0x0B, 0xFF,
    0xFE, 0xBF, 0xFF, 0xE0, 0x00, 0x00, 0x00, 0x00, 0xBC, 0x00, 0x01, 0xFF, 0x00, 0x03, 0xFF, 0x80,
    0x0F, 0xEF, 0xD0, 0x2F, 0x42, 0xF0, 0x7C, 0x00, 0x7C, 0x10, 0x00, 0x14, 0x00, 0x00, 0x00, 0x00,
    0x00, 0x00, 0x07, 0xFF, 0xC0, 0x0B, 0xFF, 0xC0, 0x01, 0xBF, 0xC0, 0x00, 0x3F, 0xC0, 0x00, 0x3F,
    0xC0, 0x00, 0x3F, 0xC0, 0x00, 0x3F, 0xC0, 0x00, 0x3F, 0xC0, 0x00, 0x3F, 0xC0, 0x00, 0x3F, 0xC0,
    0x00, 0x3F, 0xC0, 0x00, 0x3F, 0xC0, 0x00, 0x3F, 0xC0, 0x00, 0x3F, 0xC0, 0x00, 0x7F, 0xD0, 0x0B,
    0xFF, 0xFE, 0x0B, 0xFF, 0xFE, 0x00, 0x00, 0x00, 0x3F, 0x00, 0xFC, 0xBF, 0xC3, 0xFE, 0xFF, 0xC3,
    0xFF, 0x7F, 0x41, 0xFD, 0x05, 0x00, 0x50, 0x00, 0x00, 0x00, 0x00, 0x00, 0x00, 0x00, 0x00, 0x00,
    0x07, 0xFF, 0xC0, 0x0B, 0xFF, 0xC0, 0x01, 0xBF, 0xC0, 0x00, 0x3F, 0xC0, 0x00, 0x3F, 0xC0, 0x00,
    0x3F, 0xC0, 0x00, 0x3F, 0xC0, 0x00, 0x3F, 0xC0, 0x00, 0x3F, 0xC0, 0x00, 0x3F, 0xC0, 0x00, 0x3F,
    0xC0, 0x00, 0x3F, 0xC0, 0x00, 0x3F, 0xC0, 0x00, 0x3F, 0xC0, 0x00, 0x7F, 0xD0, 0x0B, 0xFF, 0xFE,
    0x0B, 0xFF, 0xFE, 0x00, 0x00, 0x00, 0x04, 0x00, 0x1E, 0x90, 0x03, 0xC0, 0x01, 0xFF, 0xE5, 0xFC,
    0x00, 0x01, 0xBF, 0xFE, 0x00, 0x00, 0x00, 0xFF, 0xC0, 0x00, 0x00, 0x1F, 0xFF, 0x00, 0x00, 0x0B,
    0xE7, 0xFC, 0x00, 0x00, 0xB4, 0x2F, 0xD0, 0x00, 0x00, 0x00, 0xFF, 0x00, 0x00, 0x00, 0x0B, 0xF0,
    0x00, 0x06, 0x90, 0x7F, 0x80, 0x0B, 0xFF, 0xE3, 0xF8, 0x03, 0xFF, 0xFF, 0xBF, 0xC0, 0xFF, 0x40,
    0x2F, 0xFC, 0x2F, 0xE0, 0x00, 0xFF, 0xC3, 0xFC, 0x00, 0x07, 0xFC, 0x7F, 0xC0, 0x00, 0x3F, 0xC7,
    0xF8, 0x00, 0x03, 0xFC, 0xBF, 0x80, 0x00, 0x3F, 0xCB, 0xF8, 0x00, 0x03, 0xF8, 0x7F, 0x80, 0x00,
    0x3F, 0x87, 0xFC, 0x00, 0x07, 0xF0, 0x3F, 0xC0, 0x00, 0xBF, 0x02, 0xFE, 0x00, 0x0F, 0xD0, 0x0F,
    0xF8, 0x03, 0xF8, 0x00, 0x3F, 0xFF, 0xFE, 0x00, 0x00, 0xBF, 0xFF, 0x40, 0x00, 0x00, 0x55, 0x00,
    0x00, 0x00, 0x07, 0xE4, 0x00, 0x00, 0x00, 0x07, 0xFF, 0xE7, 0xC0, 0x00, 0x03, 0xFF, 0xFF, 0xD0,
    0x00, 0x00, 0xD0, 0xBF, 0xF0, 0x00, 0x00, 0x00, 0x01, 0x50, 0x00, 0x00, 0x00, 0x00, 0x00, 0x00,
    0x00, 0x00, 0x00, 0x00, 0x00, 0x00, 0x00, 0x00, 0x05, 0x40, 0x00, 0x7F, 0xF4, 0x2F, 0xFE, 0x00,
    0x2F, 0xFD, 0x7F, 0xFF, 0xF0, 0x00, 0xBF, 0xBE, 0x5B, 0xFD, 0x00, 0x0F, 0xFC, 0x00, 0x7F, 0x80,
    0x03, 0xFD, 0x00, 0x0F, 0xF0, 0x00, 0xFF, 0x00, 0x03, 0xFC, 0x00, 0x3F, 0xC0, 0x00, 0xFF, 0x00,
    0x0F, 0xF0, 0x00, 0x3F, 0xC0, 0x03, 0xFC, 0x00, 0x0F, 0xF0, 0x00, 0xFF, 0x00, 0x03, 0xFC, 0x00,
    0x3F, 0xC0, 0x00, 0xFF, 0x00, 0x0F, 0xF0, 0x00, 0x3F, 0xC0, 0x03, 0xFC, 0x00, 0x0F, 0xF0, 0x00,
    0xFF, 0x00, 0x03, 0xFC, 0x00, 0x3F, 0xC0, 0x00, 0xFF, 0x00, 0xFF, 0xFF, 0x03, 0xFF, 0xFD, 0x7F,
    0xFF, 0xD0, 0xFF, 0xFF, 0x40, 0x00, 0x00, 0x00, 0x00, 0x00, 0x01, 0xE0, 0x00, 0x00, 0x00, 0x3F,
    0x80, 0x00, 0x00, 0x03, 0xFD, 0x00, 0x00, 0x00, 0x0F, 0xF0, 0x00, 0x00, 0x00, 0x2F, 0x80, 0x00,
    0x00, 0x00, 0x3D, 0x00, 0x00, 0x00, 0x00, 0x40, 0x00, 0x00, 0x00, 0x00, 0x00, 0x00, 0x00, 0x15,
    0x40, 0x00, 0x00, 0x7F, 0xFF, 0xD0, 0x00, 0x2F, 0xFF, 0xFF, 0xC0, 0x0B, 0xF4, 0x03, 0xFF, 0x01,
    0xFE, 0x00, 0x0F, 0xF4, 0x3F, 0xC0, 0x00, 0x7F, 0xC3, 0xF8, 0x00, 0x03, 0xFC, 0x7F, 0x80, 0x00,
    0x3F, 0xD7, 0xF8, 0x00, 0x02, 0xFD, 0xBF, 0x80, 0x00, 0x2F, 0xDB, 0xF8, 0x00, 0x02, 0xFD, 0x7F,
    0x80, 0x00, 0x2F, 0xD7, 0xFC, 0x00, 0x03, 0xFC, 0x3F, 0xD0, 0x00, 0x3F, 0x82, 0xFF, 0x00, 0x0B,
    0xF0, 0x0F, 0xFC, 0x02, 0xFE, 0x00, 0x3F, 0xFF, 0xFF, 0x80, 0x00, 0xBF, 0xFF, 0xD0, 0x00, 0x00,
    0x15, 0x40, 0x00, 0x00, 0x00, 0x00, 0x00, 0x00, 0x00, 0x00, 0xB4, 0x00, 0x00, 0x00, 0x1F, 0xC0,
    0x00, 0x00, 0x03, 0xFC, 0x00, 0x00, 0x00, 0xFF, 0x00, 0x00, 0x00, 0x2F, 0x80, 0x00, 0x00, 0x07,
    0xC0, 0x00, 0x00, 0x00, 0x10, 0x00, 0x00, 0x00, 0x00, 0x00, 0x00, 0x00, 0x00, 0x15, 0x40, 0x00,
    0x00, 0x7F, 0xFF, 0xD0, 0x00, 0x2F, 0xFF, 0xFF, 0xC0, 0x0B, 0xF4, 0x03, 0xFF, 0x01, 0xFE, 0x00,
    0x0F, 0xF4, 0x3F, 0xC0, 0x00, 0x7F, 0xC3, 0xF8, 0x00, 0x03, 0xFC, 0x7F, 0x80, 0x00, 0x3F, 0xD7,
    0xF8, 0x00, 0x02, 0xFD, 0xBF, 0x80, 0x00, 0x2F, 0xDB, 0xF8, 0x00, 0x02, 0xFD, 0x7F, 0x80, 0x00,
    0x2F, 0xD7, 0xFC, 0x00, 0x03, 0xFC, 0x3F, 0xD0, 0x00, 0x3F, 0x82, 0xFF, 0x00, 0x0B, 0xF0, 0x0F,
    0xFC, 0x02, 0xFE, 0x00, 0x3F, 0xFF, 0xFF, 0x80, 0x00, 0xBF, 0xFF, 0xD0, 0x00, 0x00, 0x15, 0x40,
    0x00, 0x00, 0x00, 0x00, 0x00, 0x00, 0x00, 0x1F, 0x40, 0x00, 0x00, 0x03, 0xFC, 0x00, 0x00, 0x00,
    0xFF, 0xF0, 0x00, 0x00, 0x2F, 0xEF, 0x80, 0x00, 0x07, 0xE0, 0x7D, 0x00, 0x00, 0xF4, 0x01, 0xF0,
    0x00, 0x04, 0x00, 0x01, 0x00, 0x00, 0x00, 0x00, 0x00, 0x00, 0x00, 0x15, 0x40, 0x00, 0x00, 0x7F,
    0xFF, 0xD0, 0x00, 0x2F, 0xFF, 0xFF, 0xC0, 0x0B, 0xF4, 0x03, 0xFF, 0x01, 0xFE, 0x00, 0x0F, 0xF4,
    0x3F, 0xC0, 0x00, 0x7F, 0xC3, 0xF8, 0x00, 0x03, 0xFC, 0x7F, 0x80, 0x00, 0x3F, 0xD7, 0xF8, 0x00,
    0x02, 0xFD, 0xBF, 0x80, 0x00, 0x2F, 0xDB, 0xF8, 0x00, 0x02, 0xFD, 0x7F, 0x80, 0x00, 0x2F, 0xD7,
    0xFC, 0x00, 0x03, 0xFC, 0x3F, 0xD0, 0x00, 0x3F, 0x82, 0xFF, 0x00, 0x0B, 0xF0, 0x0F, 0xFC, 0x02,
    0xFE, 0x00, 0x3F, 0xFF, 0xFF, 0x80, 0x00, 0xBF, 0xFF, 0xD0, 0x00, 0x00, 0x15, 0x40, 0x00, 0x00,
    0x2F, 0x80, 0x10, 0x00, 0x0B, 0xFF, 0xDB, 0x80, 0x01, 0xFF, 0xFF, 0xF0, 0x00, 0x1C, 0x1B, 0xFD,
    0x00, 0x00, 0x00, 0x05, 0x00, 0x00, 0x00, 0x00, 0x00, 0x00, 0x00, 0x00, 0x00, 0x00, 0x00, 0x00,
    0x15, 0x40, 0x00, 0x00, 0x7F, 0xFF, 0xD0, 0x00, 0x2F, 0xFF, 0xFF, 0xC0, 0x0B, 0xF4, 0x03, 0xFF,
    0x01, 0xFE, 0x00, 0x0F, 0xF4, 0x3F, 0xC0, 0x00, 0x7F, 0xC3, 0xF8, 0x00, 0x03, 0xFC, 0x7F, 0x80,
    0x00, 0x3F, 0xD7, 0xF8, 0x00, 0x02, 0xFD, 0xBF, 0x80, 0x00, 0x2F, 0xDB, 0xF8, 0x00, 0x02, 0xFD,
    0x7F, 0x80, 0x00, 0x2F, 0xD7, 0xFC, 0x00, 0x03, 0xFC, 0x3F, 0xD0, 0x00, 0x3F, 0x82, 0xFF, 0x00,
    0x0B, 0xF0, 0x0F, 0xFC, 0x02, 0xFE, 0x00, 0x3F, 0xFF, 0xFF, 0x80, 0x00, 0xBF, 0xFF, 0xD0, 0x00,
    0x00, 0x15, 0x40, 0x00, 0x00, 0x00, 0x00, 0x00, 0x00, 0x0B, 0xD0, 0x2F, 0x40, 0x01, 0xFF, 0x0B,
    0xFC, 0x00, 0x2F, 0xF0, 0xBF, 0xC0, 0x00, 0xFE, 0x07, 0xF8, 0x00, 0x01, 0x40, 0x05, 0x00, 0x00,
    0x00, 0x00, 0x00, 0x00, 0x00, 0x00, 0x00, 0x00, 0x00, 0x01, 0x54, 0x00, 0x00, 0x07, 0xFF, 0xFD,
    0x00, 0x02, 0xFF, 0xFF, 0xFC, 0x00, 0xBF, 0x40, 0x3F, 0xF0, 0x1F, 0xE0, 0x00, 0xFF, 0x43, 0xFC,
    0x00, 0x07, 0xFC, 0x3F, 0x80, 0x00, 0x3F, 0xC7, 0xF8, 0x00, 0x03, 0xFD, 0x7F, 0x80, 0x00, 0x2F,
    0xDB, 0xF8, 0x00, 0x02, 0xFD, 0xBF, 0x80, 0x00, 0x2F, 0xD7, 0xF8, 0x00, 0x02, 0xFD, 0x7F, 0xC0,
    0x00, 0x3F, 0xC3, 0xFD, 0x00, 0x03, 0xF8, 0x2F, 0xF0, 0x00, 0xBF, 0x00, 0xFF, 0xC0, 0x2F, 0xE0,
    0x03, 0xFF, 0xFF, 0xF8, 0x00, 0x0B, 0xFF, 0xFD, 0x00, 0x00, 0x01, 0x54, 0x00, 0x00, 0x00, 0x07,
    0x80, 0x00, 0x00, 0x7F, 0xC0, 0x00, 0x02, 0xFF, 0x00, 0x00, 0x07, 0xF8, 0x00, 0x00, 0x06, 0x40,
    0x00, 0x00, 0x00, 0x00, 0x06, 0xAA, 0xAA, 0xAA, 0x6F, 0xFF, 0xFF, 0xFF, 0xBF, 0xFF, 0xFF, 0xFC,
    0x00, 0x00, 0x00, 0x00, 0x00, 0x00, 0x00, 0x00, 0x02, 0xF0, 0x00, 0x00, 0x1F, 0xF0, 0x00, 0x00,
    0xBF, 0xC0, 0x00, 0x01, 0xFE, 0x00, 0x00, 0x00, 0x50, 0x00, 0x00, 0x00, 0x55, 0x00, 0x64, 0x00,
    0x7F, 0xFF, 0xDB, 0xC0, 0x0B, 0xFF, 0xFF, 0xFC, 0x00, 0xBF, 0x40, 0x3F, 0xF0, 0x07, 0xF8, 0x00,
    0x7F, 0xD0, 0x3F, 0xC0, 0x07, 0xFF, 0xC0, 0xFE, 0x00, 0x3E, 0xFF, 0x07, 0xF8, 0x03, 0xE3, 0xFD,
    0x1F, 0xE0, 0x3F, 0x0B, 0xF4, 0xBF, 0x83, 0xF0, 0x2F, 0xD2, 0xFE, 0x2F, 0x00, 0xBF, 0x47, 0xFE,
    0xF0, 0x02, 0xFD, 0x1F, 0xFF, 0x40, 0x0F, 0xF0, 0x3F, 0xF4, 0x00, 0x3F, 0x80, 0x7F, 0xC0, 0x02,
    0xFC, 0x01, 0xFF, 0xC0, 0x2F, 0xE0, 0x0F, 0xFF, 0xFF, 0xFE, 0x00, 0xFC, 0x7F, 0xFF, 0xD0, 0x06,
    0x80, 0x05, 0x50, 0x00, 0x00, 0x00, 0x00, 0x00, 0x00, 0x00, 0x00, 0x01, 0xF0, 0x00, 0x00, 0x00,
    0x00, 0xFE, 0x00, 0x00, 0x00, 0x00, 0x2F, 0xD0, 0x00, 0x00, 0x00, 0x03, 0xFC, 0x00, 0x00, 0x00,
    0x00, 0x1F, 0xC0, 0x00, 0x00, 0x00, 0x00, 0xF8, 0x00, 0x00, 0x00, 0x00, 0x04, 0x00, 0x00, 0x00,
    0x00, 0x00, 0x00, 0x00, 0x00, 0x00, 0x00, 0x00, 0x00, 0x03, 0xFF, 0xC0, 0x0F, 0xFF, 0x00, 0xFF,
    0xF0, 0x03, 0xFF, 0xC0, 0x07, 0xFC, 0x00, 0x1F, 0xF0, 0x00, 0xBF, 0x00, 0x03, 0xFC, 0x00, 0x2F,
    0xC0, 0x00, 0xFF, 0x00, 0x0B, 0xF0, 0x00, 0x3F, 0xC0, 0x02, 0xFC, 0x00, 0x0F, 0xF0, 0x00, 0xBF,
    0x00, 0x03, 0xFC, 0x00, 0x2F, 0xC0, 0x00, 0xFF, 0x00, 0x0B, 0xF0, 0x00, 0x3F, 0xC0, 0x02, 0xFC,
    0x00, 0x0F, 0xF0, 0x00, 0xBF, 0x00, 0x03, 0xFC, 0x00, 0x2F, 0xD0, 0x01, 0xFF, 0x00, 0x07, 0xF8,
    0x00, 0xFF, 0xC0, 0x00, 0xFF, 0x96, 0xFF, 0xF4, 0x00, 0x2F, 0xFF, 0xF5, 0xFF, 0xE0, 0x02, 0xFF,
    0xF4, 0x3F, 0xF8, 0x00, 0x05, 0x40, 0x00, 0x00, 0x00, 0x00, 0x00, 0x00, 0x00, 0x00, 0x00, 0x00,
    0xB8, 0x00, 0x00, 0x00, 0x00, 0x7F, 0x00, 0x00, 0x00, 0x00, 0x3F, 0xC0, 0x00, 0x00, 0x00, 0x3F,
    0xD0, 0x00, 0x00, 0x00, 0x2F, 0x80, 0x00, 0x00, 0x00, 0x1F, 0x40, 0x00, 0x00, 0x00, 0x02, 0x00,
    0x00, 0x00, 0x00, 0x00, 0x00, 0x00, 0x00, 0x00, 0x00, 0x00, 0x00, 0x00, 0x03, 0xFF, 0xC0, 0x0F,
    0xFF, 0x00, 0xFF, 0xF0, 0x03, 0xFF, 0xC0, 0x07, 0xFC, 0x00, 0x1F, 0xF0, 0x00, 0xBF, 0x00, 0x03,
    0xFC, 0x00, 0x2F, 0xC0, 0x00, 0xFF, 0x00, 0x0B, 0xF0, 0x00, 0x3F, 0xC0, 0x02, 0xFC, 0x00, 0x0F,
    0xF0, 0x00, 0xBF, 0x00, 0x03, 0xFC, 0x00, 0x2F, 0xC0, 0x00, 0xFF, 0x00, 0x0B, 0xF0, 0x00, 0x3F,
    0xC0, 0x02, 0xFC, 0x00, 0x0F, 0xF0, 0x00, 0xBF, 0x00, 0x03, 0xFC, 0x00, 0x2F, 0xD0, 0x01, 0xFF,
    0x00, 0x07, 0xF8, 0x00, 0xFF, 0xC0, 0x00, 0xFF, 0x96, 0xFF, 0xF4, 0x00, 0x2F, 0xFF, 0xF5, 0xFF,
    0xE0, 0x02, 0xFF, 0xF4, 0x3F, 0xF8, 0x00, 0x05, 0x40, 0x00, 0x00, 0x00, 0x00, 0x00, 0x00, 0x00,
    0x00, 0x00, 0x1F, 0x80, 0x00, 0x00, 0x00, 0x0F, 0xF4, 0x00, 0x00, 0x00, 0x0F, 0xFF, 0x00, 0x00,
    0x00, 0x0B, 0xFB, 0xF0, 0x00, 0x00, 0x07, 0xE0, 0x7E, 0x00, 0x00, 0x03, 0xD0, 0x03, 0xD0, 0x00,
    0x00, 0x40, 0x00, 0x10, 0x00, 0x00, 0x00, 0x00, 0x00, 0x00, 0x00, 0x00, 0x00, 0x00, 0x00, 0x03,
    0xFF, 0xC0, 0x0F, 0xFF, 0x00, 0xFF, 0xF0, 0x03, 0xFF, 0xC0, 0x07, 0xFC, 0x00, 0x1F, 0xF0, 0x00,
    0xBF, 0x00, 0x03, 0xFC, 0x00, 0x2F, 0xC0, 0x00, 0xFF, 0x00, 0x0B, 0xF0, 0x00, 0x3F, 0xC0, 0x02,
    0xFC, 0x00, 0x0F, 0xF0, 0x00, 0xBF, 0x00, 0x03, 0xFC, 0x00, 0x2F, 0xC0, 0x00, 0xFF, 0x00, 0x0B,
    0xF0, 0x00, 0x3F, 0xC0, 0x02, 0xFC, 0x00, 0x0F, 0xF0, 0x00, 0xBF, 0x00, 0x03, 0xFC, 0x00, 0x2F,
    0xD0, 0x01, 0xFF, 0x00, 0x07, 0xF8, 0x00, 0xFF, 0xC0, 0x00, 0xFF, 0x96, 0xFF, 0xF4, 0x00, 0x2F,
    0xFF, 0xF5, 0xFF, 0xE0, 0x02, 0xFF, 0xF4, 0x3F, 0xF8, 0x00, 0x05, 0x40, 0x00, 0x00, 0x00, 0x00,
    0x00, 0x00, 0x00, 0x00, 0x0B, 0xE0, 0x2F, 0x40, 0x00, 0x07, 0xFC, 0x1F, 0xF0, 0x00, 0x01, 0xFF,
    0x47, 0xFC, 0x00, 0x00, 0x3F, 0xC0, 0xFF, 0x00, 0x00, 0x01, 0x40, 0x05, 0x00, 0x00, 0x00, 0x00,
    0x00, 0x00, 0x00, 0x00, 0x00, 0x00, 0x00, 0x00, 0x00, 0x00, 0x00, 0x00, 0x00, 0x0F, 0xFF, 0x00,
    0x3F, 0xFC, 0x03, 0xFF, 0xC0, 0x0F, 0xFF, 0x00, 0x1F, 0xF0, 0x00, 0x7F, 0xC0, 0x02, 0xFC, 0x00,
    0x0F, 0xF0, 0x00, 0xBF, 0x00, 0x03, 0xFC, 0x00, 0x2F, 0xC0, 0x00, 0xFF, 0x00, 0x0B, 0xF0, 0x00,
    0x3F, 0xC0, 0x02, 0xFC, 0x00, 0x0F, 0xF0, 0x00, 0xBF, 0x00, 0x03, 0xFC, 0x00, 0x2F, 0xC0, 0x00,
    0xFF, 0x00, 0x0B, 0xF0, 0x00, 0x3F, 0xC0, 0x02, 0xFC, 0x00, 0x0F, 0xF0, 0x00, 0xBF, 0x40, 0x07,
    0xFC, 0x00, 0x1F, 0xE0, 0x03, 0xFF, 0x00, 0x03, 0xFE, 0x5B, 0xFF, 0xD0, 0x00, 0xBF, 0xFF, 0xD7,
    0xFF, 0x80, 0x0B, 0xFF, 0xD0, 0xFF, 0xE0, 0x00, 0x15, 0x00, 0x00, 0x00, 0x00, 0x00, 0x00, 0x00,
    0x00, 0x00, 0x00, 0x01, 0xF0, 0x00, 0x00, 0x00, 0x03, 0xF4, 0x00, 0x00, 0x00, 0x0B, 0xF4, 0x00,
    0x00, 0x00, 0x1F, 0xE0, 0x00, 0x00, 0x00, 0x3F, 0x00, 0x00, 0x00, 0x00, 0xF8, 0x00, 0x00, 0x00,
    0x00, 0x40, 0x00, 0x00, 0x00, 0x00, 0x00, 0x00, 0x00, 0x00, 0x00, 0x00, 0x00, 0x00, 0x7F, 0xFF,
    0xC0, 0xBF, 0xFD, 0x7F, 0xFF, 0xC0, 0xFF, 0xFD, 0x0B, 0xFC, 0x00, 0x0F, 0xE0, 0x03, 0xFC, 0x00,
    0x0B, 0xC0, 0x02, 0xFD, 0x00, 0x0F, 0x40, 0x01, 0xFF, 0x00, 0x1F, 0x00, 0x00, 0xFF, 0x00, 0x3E,
    0x00, 0x00, 0x7F, 0x80, 0x3C, 0x00, 0x00, 0x3F, 0xC0, 0xBC, 0x00, 0x00, 0x2F, 0xD0, 0xF4, 0x00,
    0x00, 0x0F, 0xF1, 0xF0, 0x00, 0x00, 0x0B, 0xF3, 0xD0, 0x00, 0x00, 0x07, 0xFF, 0xC0, 0x00, 0x00,
    0x03, 0xFF, 0x80, 0x00, 0x00, 0x01, 0xFF, 0x00, 0x00, 0x00, 0x00, 0xFF, 0x00, 0x00, 0x00, 0x00,
    0xBD, 0x00, 0x00, 0x00, 0x00, 0xBC, 0x00, 0x00, 0x00, 0x00, 0xF8, 0x00, 0x00, 0x09, 0x01, 0xF0,
    0x00, 0x00, 0x7F, 0x43, 0xE0, 0x00, 0x00, 0xBF, 0x4B, 0xC0, 0x00, 0x00, 0xBF, 0xAF, 0x40, 0x00,
    0x00, 0x3F, 0xFD, 0x00, 0x00, 0x00, 0x06, 0x90, 0x00, 0x00, 0x00, 0x15, 0x64, 0x00, 0x00, 0x00,
    0xBF, 0xFC, 0x00, 0x00, 0x00, 0x7F, 0xFC, 0x00, 0x00, 0x00, 0x03, 0xFC, 0x00, 0x00, 0x00, 0x03,
    0xFC, 0x00, 0x00, 0x00, 0x03, 0xFC, 0x00, 0x00, 0x00, 0x03, 0xFC, 0x00, 0x00, 0x00, 0x03, 0xFC,
    0x00, 0x00, 0x00, 0x03, 0xFC, 0x01, 0x50, 0x00, 0x03, 0xFC, 0x3F, 0xFF, 0x00, 0x03, 0xFC, 0xFF,
    0xFF, 0xC0, 0x03, 0xFF, 0xE5, 0x7F, 0xF0, 0x03, 0xFF, 0x00, 0x0F, 0xF4, 0x03, 0xFD, 0x00, 0x0B,
    0xF8, 0x03, 0xFC, 0x00, 0x07, 0xFC, 0x03, 0xFC, 0x00, 0x03, 0xFC, 0x03, 0xFC, 0x00, 0x03, 0xFC,
    0x03, 0xFC, 0x00, 0x03, 0xFC, 0x03, 0xFC, 0x00, 0x03, 0xFC, 0x03, 0xFC, 0x00, 0x03, 0xFC, 0x03,
    0xFC, 0x00, 0x07, 0xF8, 0x03, 0xFC, 0x00, 0x0B, 0xF4, 0x03, 0xFC, 0x00, 0x1F, 0xF0, 0x03, 0xFF,
    0x80, 0x7F, 0xD0, 0x03, 0xFF, 0xFF, 0xFF, 0x40, 0x03, 0xFE, 0xFF, 0xFD, 0x00, 0x03, 0xFC, 0x15,
    0x40, 0x00, 0x03, 0xFC, 0x00, 0x00, 0x00, 0x03, 0xFC, 0x00, 0x00, 0x00, 0x03, 0xFC, 0x00, 0x00,
    0x00, 0x03, 0xFC, 0x00, 0x00, 0x00, 0x2F, 0xFF, 0xA0, 0x00, 0x00, 0x7F, 0xFF, 0xF0, 0x00, 0x00,
    0x15, 0x55, 0x50, 0x00, 0x00, 0x00, 0x00, 0x00, 0x00, 0x00, 0x00, 0x1F, 0xC0, 0x7E, 0x00, 0x00,
    0x3F, 0xE0, 0xFF, 0x40, 0x00, 0x3F, 0xE0, 0xFF, 0x80, 0x00, 0x2F, 0xC0, 0xBF, 0x00, 0x00, 0x05,
    0x00, 0x14, 0x00, 0x00, 0x00, 0x00, 0x00, 0x00, 0x00, 0x00, 0x00, 0x00, 0x00, 0x00, 0x00, 0x00,
    0x00, 0x00, 0x7F, 0xFF, 0xC0, 0xBF, 0xFD, 0x7F, 0xFF, 0xC0, 0xFF, 0xFD, 0x0B, 0xFC, 0x00, 0x0F,
    0xE0, 0x03, 0xFC, 0x00, 0x0B, 0xC0, 0x02, 0xFD, 0x00, 0x0F, 0x40, 0x01, 0xFF, 0x00, 0x1F, 0x00,
    0x00, 0xFF, 0x00, 0x3E, 0x00, 0x00, 0x7F, 0x80, 0x3C, 0x00, 0x00, 0x3F, 0xC0, 0xBC, 0x00, 0x00,
    0x2F, 0xD0, 0xF4, 0x00, 0x00, 0x0F, 0xF1, 0xF0, 0x00, 0x00, 0x0B, 0xF3, 0xD0, 0x00, 0x00, 0x07,
    0xFF, 0xC0, 0x00, 0x00, 0x03, 0xFF, 0x80, 0x00, 0x00, 0x01, 0xFF, 0x00, 0x00, 0x00, 0x00, 0xFF,
    0x00, 0x00, 0x00, 0x00, 0xBD, 0x00, 0x00, 0x00, 0x00, 0xBC, 0x00, 0x00, 0x00, 0x00, 0xF8, 0x00,
    0x00, 0x09, 0x01, 0xF0, 0x00, 0x00, 0x7F, 0x43, 0xE0, 0x00, 0x00, 0xBF, 0x4B, 0xC0, 0x00, 0x00,
    0xBF, 0xAF, 0x40, 0x00, 0x00, 0x3F, 0xFD, 0x00, 0x00, 0x00, 0x06, 0x90, 0x00, 0x00, 0x00, 0x00,
    0x00, 0x55, 0x55, 0x40, 0x00, 0x00, 0x00, 0xBF, 0xFF, 0xF4, 0x00, 0x00, 0x00, 0x2F, 0xFF, 0xFD,
    0x00, 0x00, 0x00, 0x01, 0x55, 0x55, 0x00, 0x00, 0x00, 0x00, 0x00, 0x00, 0x00, 0x00, 0x00, 0x00,
    0x00, 0x00, 0x00, 0x00, 0x00, 0x00, 0x00, 0x15, 0x00, 0x00, 0x00, 0x00, 0x00, 0x3F, 0xF0, 0x00,
    0x00, 0x00, 0x00, 0x0F, 0xFC, 0x00, 0x00, 0x00, 0x00, 0x0B, 0xFF, 0x80, 0x00, 0x00, 0x00, 0x03,
    0xEF, 0xF0, 0x00, 0x00, 0x00, 0x01, 0xF2, 0xFD, 0x00, 0x00, 0x00, 0x00, 0xBC, 0x7F, 0x80, 0x00,
    0x00, 0x00, 0x3D, 0x0F, 0xF0, 0x00, 0x00, 0x00, 0x1F, 0x02, 0xFD, 0x00, 0x00, 0x00, 0x0B, 0x80,
    0x7F, 0x80, 0x00, 0x00, 0x03, 0xD0, 0x0F, 0xF0, 0x00, 0x00, 0x01, 0xF0, 0x02, 0xFD, 0x00, 0x00,
    0x00, 0xF8, 0x00, 0x7F, 0x80, 0x00, 0x00, 0x3D, 0x00, 0x0F, 0xF0, 0x00, 0x00, 0x2F, 0xAA, 0xAB,
    0xFD, 0x00, 0x00, 0x0F, 0xFF, 0xFF, 0xFF, 0xC0, 0x00, 0x03, 0xEA, 0xAA, 0xAF, 0xF0, 0x00, 0x02,
    0xF0, 0x00, 0x02, 0xFE, 0x00, 0x00, 0xF8, 0x00, 0x00, 0x7F, 0xC0, 0x00, 0x7D, 0x00, 0x00, 0x0F,
    0xF0, 0x00, 0x2F, 0x00, 0x00, 0x02, 0xFE, 0x00, 0x1F, 0xC0, 0x00, 0x00, 0xBF, 0xD0, 0xBF, 0xFF,
    0x80, 0x03, 0xFF, 0xFF, 0x2F, 0xFF, 0xE0, 0x00, 0xFF, 0xFF, 0xD0, 0x07, 0xFF, 0xFF, 0x40, 0x00,
    0x7F, 0xFF, 0xF4, 0x00, 0x07, 0xFF, 0xFF, 0x40, 0x00, 0x00, 0x00, 0x00, 0x00, 0x00, 0x00, 0x00,
    0x00, 0x00, 0x00, 0x00, 0x00, 0x00, 0x00, 0x05, 0x40, 0x00, 0x00, 0x2F, 0xFF, 0xE0, 0x00, 0x0F,
    0xE5, 0xBF, 0x80, 0x03, 0xF0, 0x02, 0xFD, 0x00, 0x3F, 0x40, 0x0F, 0xE0, 0x03, 0xF8, 0x00, 0xFF,
    0x00, 0x2E, 0x00, 0x0F, 0xF0, 0x00, 0x00, 0x00, 0xFF, 0x00, 0x00, 0x01, 0x5F, 0xF0, 0x00, 0x1B,
    0xFF, 0xFF, 0x00, 0x0F, 0xFE, 0x5F, 0xF0, 0x03, 0xFD, 0x00, 0xFF, 0x00, 0x3F, 0x80, 0x0F, 0xF0,
    0x07, 0xF4, 0x00, 0xFF, 0x00, 0x7F, 0x80, 0x1F, 0xF0, 0x03, 0xFD, 0x07, 0xFF, 0x40, 0x2F, 0xFF,
    0xF7, 0xFF, 0xC0, 0xBF, 0xF8, 0x2F, 0xF8, 0x00, 0x54, 0x00, 0x14, 0x00, 0x00, 0x00, 0x00, 0x00,
    0x00, 0x00, 0x00, 0x00, 0xE0, 0x00, 0x2C, 0x00, 0x00, 0x00, 0x3D, 0x00, 0x1E, 0x00, 0x00, 0x00,
    0x0B, 0xD0, 0x2F, 0x40, 0x00, 0x00, 0x00, 0xFF, 0xFF, 0xC0, 0x00, 0x00, 0x00, 0x1F, 0xFF, 0xC0,
    0x00, 0x00, 0x00, 0x00, 0xBF, 0x80, 0x00, 0x00, 0x00, 0x00, 0x00, 0x00, 0x00, 0x00, 0x00, 0x00,
    0x01, 0x50, 0x00, 0x00, 0x00, 0x00, 0x03, 0xFF, 0x00, 0x00, 0x00, 0x00, 0x00, 0xFF, 0xC0, 0x00,
    0x00, 0x00, 0x00, 0xBF, 0xF8, 0x00, 0x00, 0x00, 0x00, 0x3E, 0xFF, 0x00, 0x00, 0x00, 0x00, 0x1F,
    0x2F, 0xD0, 0x00, 0x00, 0x00, 0x0B, 0xC7, 0xF8, 0x00, 0x00, 0x00, 0x03, 0xD0, 0xFF, 0x00, 0x00,
    0x00, 0x01, 0xF0, 0x2F, 0xD0, 0x00, 0x00, 0x00, 0xB8, 0x07, 0xF8, 0x00, 0x00, 0x00, 0x3D, 0x00,
    0xFF, 0x00, 0x00, 0x00, 0x1F, 0x00, 0x2F, 0xD0, 0x00, 0x00, 0x0F, 0x80, 0x07, 0xF8, 0x00, 0x00,
    0x03, 0xD0, 0x00, 0xFF, 0x00, 0x00, 0x02, 0xFA, 0xAA, 0xBF, 0xD0, 0x00, 0x00, 0xFF, 0xFF, 0xFF,
    0xFC, 0x00, 0x00, 0x3E, 0xAA, 0xAA, 0xFF, 0x00, 0x00, 0x2F, 0x00, 0x00, 0x2F, 0xE0, 0x00, 0x0F,
    0x80, 0x00, 0x07, 0xFC, 0x00, 0x07, 0xD0, 0x00, 0x00, 0xFF, 0x00, 0x02, 0xF0, 0x00, 0x00, 0x2F,
    0xE0, 0x01, 0xFC, 0x00, 0x00, 0x0B, 0xFD, 0x0B, 0xFF, 0xF8, 0x00, 0x3F, 0xFF, 0xF2, 0xFF, 0xFE,
    0x00, 0x0F, 0xFF, 0xFD, 0x07, 0x00, 0x02, 0x40, 0x00, 0xB4, 0x00, 0x38, 0x00, 0x07, 0xC0, 0x0F,
    0x40, 0x00, 0x3F, 0xAB, 0xF0, 0x00, 0x01, 0xFF, 0xFD, 0x00, 0x00, 0x07, 0xFF, 0x40, 0x00, 0x00,
    0x05, 0x40, 0x00, 0x00, 0x00, 0x00, 0x00, 0x00, 0x00, 0x05, 0x40, 0x00, 0x00, 0x2F, 0xFF, 0xE0,
    0x00, 0x0F, 0xE5, 0xBF, 0x80, 0x03, 0xF0, 0x02, 0xFD, 0x00, 0x3F, 0x40, 0x0F, 0xE0, 0x03, 0xF8,
    0x00, 0xFF, 0x00, 0x2E, 0x00, 0x0F, 0xF0, 0x00, 0x00, 0x00, 0xFF, 0x00, 0x00, 0x01, 0x5F, 0xF0,
    0x00, 0x1B, 0xFF, 0xFF, 0x00, 0x0F, 0xFE, 0x5F, 0xF0, 0x03, 0xFD, 0x00, 0xFF, 0x00, 0x3F, 0x80,
    0x0F, 0xF0, 0x07, 0xF4, 0x00, 0xFF, 0x00, 0x7F, 0x80, 0x1F, 0xF0, 0x03, 0xFD, 0x07, 0xFF, 0x40,
    0x2F, 0xFF, 0xF7, 0xFF, 0xC0, 0xBF, 0xF8, 0x2F, 0xF8, 0x00, 0x54, 0x00, 0x14, 0x00, 0x00, 0x00,
    0x01, 0x50, 0x00, 0x00, 0x00, 0x00, 0x03, 0xFF, 0x00, 0x00, 0x00, 0x00, 0x00, 0xFF, 0xC0, 0x00,
    0x00, 0x00, 0x00, 0xBF, 0xF8, 0x00, 0x00, 0x00, 0x00, 0x3E, 0xFF, 0x00, 0x00, 0x00, 0x00, 0x1F,
    0x2F, 0xD0, 0x00, 0x00, 0x00, 0x0B, 0xC7, 0xF8, 0x00, 0x00, 0x00, 0x03, 0xD0, 0xFF, 0x00, 0x00,
    0x00, 0x01, 0xF0, 0x2F, 0xD0, 0x00, 0x00, 0x00, 0xB8, 0x07, 0xF8, 0x00, 0x00, 0x00, 0x3D, 0x00,
    0xFF, 0x00, 0x00, 0x00, 0x1F, 0x00, 0x2F, 0xD0, 0x00, 0x00, 0x0F, 0x80, 0x07, 0xF8, 0x00, 0x00,
    0x03, 0xD0, 0x00, 0xFF, 0x00, 0x00, 0x02, 0xFA, 0xAA, 0xBF, 0xD0, 0x00, 0x00, 0xFF, 0xFF, 0xFF,
    0xFC, 0x00, 0x00, 0x3E, 0xAA, 0xAA, 0xFF, 0x00, 0x00, 0x2F, 0x00, 0x00, 0x2F, 0xE0, 0x00, 0x0F,
    0x80, 0x00, 0x07, 0xFC, 0x00, 0x07, 0xD0, 0x00, 0x00, 0xFF, 0x00, 0x02, 0xF0, 0x00, 0x00, 0x2F,
    0xE0, 0x01, 0xFC, 0x00, 0x00, 0x0B, 0xFD, 0x0B, 0xFF, 0xF8, 0x00, 0x3F, 0xFF, 0xF2, 0xFF, 0xFE,
    0x00, 0x0F, 0xFF, 0xFD, 0x00, 0x00, 0x00, 0x00, 0x0B, 0x80, 0x00, 0x00, 0x00, 0x00, 0x0F, 0x80,
    0x00, 0x00, 0x00, 0x00, 0x0F, 0xC0, 0x00, 0x00, 0x00, 0x00, 0x07, 0xE0, 0x00, 0x00, 0x00, 0x00,
    0x02, 0xF8, 0x00, 0x00, 0x00, 0x00, 0x00, 0xBF, 0xA8, 0x00, 0x00, 0x00, 0x00, 0x0F, 0xFF, 0x00,
    0x00, 0x00, 0x00, 0x00, 0xB9, 0x00, 0x00, 0x05, 0x50, 0x00, 0x00, 0x2F, 0xFF, 0xE0, 0x00, 0x0F,
    0xE5, 0xBF, 0x80, 0x03, 0xF0, 0x02, 0xFD, 0x00, 0x3F, 0x40, 0x0F, 0xE0, 0x03, 0xF8, 0x00, 0xFF,
    0x00, 0x2E, 0x00, 0x0F, 0xF0, 0x00, 0x00, 0x00, 0xFF, 0x00, 0x00, 0x01, 0x5F, 0xF0, 0x00, 0x1B,
    0xFF, 0xFF, 0x00, 0x0F, 0xFE, 0x5F, 0xF0, 0x03, 0xFD, 0x00, 0xFF, 0x00, 0x7F, 0x80, 0x0F, 0xF0,
    0x07, 0xF4, 0x00, 0xFF, 0x00, 0x7F, 0x80, 0x1F, 0xF0, 0x03, 0xFD, 0x07, 0xFF, 0x40, 0x2F, 0xFF,
    0xF7, 0xFF, 0xC0, 0xBF, 0xF8, 0x2F, 0xF4, 0x00, 0x54, 0x00, 0xBC, 0x00, 0x00, 0x00, 0x2E, 0x00,
    0x00, 0x00, 0x0B, 0xC0, 0x00, 0x00, 0x00, 0xF8, 0x00, 0x00, 0x00, 0x2F, 0x80, 0x00, 0x00, 0x02,
    0xFE, 0xA0, 0x00, 0x00, 0x0F, 0xFF, 0x00, 0x00, 0x00, 0x2E, 0x40, 0x00, 0x00, 0x00, 0x3C, 0x00,
    0x00, 0x00, 0x00, 0x7F, 0x40, 0x00, 0x00, 0x00, 0x7F, 0xD0, 0x00, 0x00, 0x00, 0x7F, 0xE0, 0x00,
    0x00, 0x00, 0x7F, 0x40, 0x00, 0x00, 0x00, 0x29, 0x00, 0x00, 0x00, 0x00, 0x00, 0x00, 0x00, 0x00,
    0x00, 0x01, 0xBF, 0x90, 0xF0, 0x00, 0x0B, 0xFF, 0xFF, 0x3D, 0x00, 0x1F, 0xFE, 0xAF, 0xFF, 0x40,
    0x1F, 0xF4, 0x00, 0x3F, 0xE0, 0x0F, 0xF0, 0x00, 0x03, 0xFC, 0x0F, 0xF4, 0x00, 0x00, 0x3F, 0x07,
    0xFC, 0x00, 0x00, 0x0B, 0xC2, 0xFD, 0x00, 0x00, 0x00, 0xF0, 0xFF, 0x00, 0x00, 0x00, 0x10, 0x3F,
    0xC0, 0x00, 0x00, 0x00, 0x1F, 0xF0, 0x00, 0x00, 0x00, 0x07, 0xFC, 0x00, 0x00, 0x00, 0x01, 0xFF,
    0x00, 0x00, 0x00, 0x00, 0x7F, 0xC0, 0x00, 0x00, 0x00, 0x1F, 0xF0, 0x00, 0x00, 0x00, 0x03, 0xFD,
    0x00, 0x00, 0x00, 0x00, 0xFF, 0x80, 0x00, 0x00, 0x00, 0x2F, 0xF0, 0x00, 0x00, 0x00, 0x03, 0xFE,
    0x00, 0x00, 0x00, 0x40, 0xBF, 0xD0, 0x00, 0x00, 0xF4, 0x0F, 0xFD, 0x00, 0x01, 0xFC, 0x00, 0xFF,
    0xF9, 0x5B, 0xFD, 0x00, 0x0B, 0xFF, 0xFF, 0xFC, 0x00, 0x00, 0x6F, 0xFF, 0xF4, 0x00, 0x00, 0x00,
    0x55, 0x40, 0x00, 0x00, 0x00, 0x00, 0x00, 0x00, 0x00, 0x0F, 0x00, 0x00, 0x00, 0x3F, 0x80, 0x00,
    0x00, 0xBF, 0x40, 0x00, 0x01, 0xFE, 0x00, 0x00, 0x03, 0xF4, 0x00, 0x00, 0x0F, 0x80, 0x00, 0x00,
    0x05, 0x00, 0x00, 0x00, 0x00, 0x00, 0x00, 0x00, 0x01, 0x54, 0x00, 0x00, 0x7F, 0xFF, 0x80, 0x02,
    0xFF, 0xAF, 0xF0, 0x0B, 0xF4, 0x02, 0xF8, 0x1F, 0xE0, 0x03, 0xFC, 0x3F, 0xC0, 0x07, 0xFC, 0x3F,
    0xC0, 0x03, 0xF8, 0x7F, 0x80, 0x00, 0x50, 0x7F, 0x40, 0x00, 0x00, 0xBF, 0x40, 0x00, 0x00, 0xBF,
    0x80, 0x00, 0x00, 0x7F, 0xC0, 0x00, 0x00, 0x3F, 0xC0, 0x00, 0x00, 0x3F, 0xE0, 0x00, 0x00, 0x2F,
    0xF8, 0x00, 0x38, 0x0F, 0xFF, 0xAB, 0xFC, 0x03, 0xFF, 0xFF, 0xF0, 0x00, 0xBF, 0xFF, 0x40, 0x00,
    0x05, 0x50, 0x00, 0x00, 0x00, 0x01, 0x00, 0x00, 0x00, 0x00, 0x03, 0xF0, 0x00, 0x00, 0x00, 0x03,
    0xFE, 0x00, 0x00, 0x00, 0x03, 0xFF, 0xE0, 0x00, 0x00, 0x03, 0xFD, 0xFD, 0x00, 0x00, 0x02, 0xF4,
    0x0B, 0xD0, 0x00, 0x00, 0xE0, 0x00, 0x38, 0x00, 0x00, 0x00, 0x00, 0x00, 0x00, 0x00, 0x00, 0x6F,
    0xE4, 0x3C, 0x00, 0x02, 0xFF, 0xFF, 0xCF, 0x40, 0x07, 0xFF, 0xAB, 0xFF, 0xD0, 0x07, 0xFD, 0x00,
    0x0F, 0xF8, 0x03, 0xFC, 0x00, 0x00, 0xFF, 0x03, 0xFD, 0x00, 0x00, 0x0F, 0xC1, 0xFF, 0x00, 0x00,
    0x02, 0xF0, 0xBF, 0x40, 0x00, 0x00, 0x3C, 0x3F, 0xC0, 0x00, 0x00, 0x04, 0x0F, 0xF0, 0x00, 0x00,
    0x00, 0x07, 0xFC, 0x00, 0x00, 0x00, 0x01, 0xFF, 0x00, 0x00, 0x00, 0x00, 0x7F, 0xC0, 0x00, 0x00,
    0x00, 0x1F, 0xF0, 0x00, 0x00, 0x00, 0x07, 0xFC, 0x00, 0x00, 0x00, 0x00, 0xFF, 0x40, 0x00, 0x00,
    0x00, 0x3F, 0xE0, 0x00, 0x00, 0x00, 0x0B, 0xFC, 0x00, 0x00, 0x00, 0x00, 0xFF, 0x80, 0x00, 0x00,
    0x10, 0x2F, 0xF4, 0x00, 0x00, 0x3D, 0x03, 0xFF, 0x40, 0x00, 0x7F, 0x00, 0x3F, 0xFE, 0x56, 0xFF,
    0x40, 0x02, 0xFF, 0xFF, 0xFF, 0x00, 0x00, 0x1B, 0xFF, 0xFD, 0x00, 0x00, 0x00, 0x15, 0x50, 0x00,
    0x00, 0x00, 0x00, 0x00, 0x00, 0x00, 0x02, 0xF0, 0x00, 0x00, 0x0B, 0xFC, 0x00, 0x00, 0x1F, 0xFE,
    0x00, 0x00, 0x3F, 0xBF, 0x40, 0x00, 0xFC, 0x0F, 0xC0, 0x01, 0xF0, 0x02, 0xE0, 0x00, 0x40, 0x00,
    0x40, 0x00, 0x00, 0x00, 0x00, 0x00, 0x01, 0x54, 0x00, 0x00, 0x7F, 0xFF, 0x80, 0x02, 0xFF, 0xAF,
    0xF0, 0x0B, 0xF4, 0x02, 0xF8, 0x1F, 0xE0, 0x03, 0xFC, 0x3F, 0xC0, 0x07, 0xFC, 0x3F, 0xC0, 0x03,
    0xF8, 0x7F, 0x80, 0x00, 0x50, 0x7F, 0x40, 0x00, 0x00, 0xBF, 0x40, 0x00, 0x00, 0xBF, 0x80, 0x00,
    0x00, 0x7F, 0xC0, 0x00, 0x00, 0x3F, 0xC0, 0x00, 0x00, 0x3F, 0xE0, 0x00, 0x00, 0x2F, 0xF8, 0x00,
    0x38, 0x0F, 0xFF, 0xAB, 0xFC, 0x03, 0xFF, 0xFF, 0xF0, 0x00, 0xBF, 0xFF, 0x40, 0x00, 0x05, 0x50,
    0x00, 0x00, 0x00, 0x06, 0x40, 0x00, 0x00, 0x00, 0x0F, 0xF4, 0x00, 0x00, 0x00, 0x07, 0xFF, 0x00,
    0x00, 0x00, 0x00, 0xFF, 0xC0, 0x00, 0x00, 0x00, 0x2F, 0xC0, 0x00, 0x00, 0x00, 0x00, 0x00, 0x00,
    0x00, 0x00, 0x00, 0x00, 0x00, 0x00, 0x00, 0x01, 0xBF, 0x90, 0xF0, 0x00, 0x0B, 0xFF, 0xFF, 0x3D,
    0x00, 0x1F, 0xFE, 0xAF, 0xFF, 0x40, 0x1F, 0xF4, 0x00, 0x3F, 0xE0, 0x0F, 0xF0, 0x00, 0x03, 0xFC,
    0x0F, 0xF4, 0x00, 0x00, 0x3F, 0x07, 0xFC, 0x00, 0x00, 0x0B, 0xC2, 0xFD, 0x00, 0x00, 0x00, 0xF0,
    0xFF, 0x00, 0x00, 0x00, 0x10, 0x3F, 0xC0, 0x00, 0x00, 0x00, 0x1F, 0xF0, 0x00, 0x00, 0x00, 0x07,
    0xFC, 0x00, 0x00, 0x00, 0x01, 0xFF, 0x00, 0x00, 0x00, 0x00, 0x7F, 0xC0, 0x00, 0x00, 0x00, 0x1F,
    0xF0, 0x00, 0x00, 0x00, 0x03, 0xFD, 0x00, 0x00, 0x00, 0x00, 0xFF, 0x80, 0x00, 0x00, 0x00, 0x2F,
    0xF0, 0x00, 0x00, 0x00, 0x03, 0xFE, 0x00, 0x00, 0x00, 0x40, 0xBF, 0xD0, 0x00, 0x00, 0xF4, 0x0F,
    0xFD, 0x00, 0x01, 0xFC, 0x00, 0xFF, 0xF9, 0x5B, 0xFD, 0x00, 0x0B, 0xFF, 0xFF, 0xFC, 0x00, 0x00,
    0x6F, 0xFF, 0xF4, 0x00, 0x00, 0x00, 0x55, 0x40, 0x00, 0x00, 0x00, 0x40, 0x00, 0x00, 0x07, 0xF8,
    0x00, 0x00, 0x0F, 0xFC, 0x00, 0x00, 0x0F, 0xFC, 0x00, 0x00, 0x0B, 0xF8, 0x00, 0x00, 0x01, 0x50,
    0x00, 0x00, 0x00, 0x00, 0x00, 0x00, 0x00, 0x00, 0x00, 0x00, 0x01, 0x54, 0x00, 0x00, 0x7F, 0xFF,
    0x80, 0x02, 0xFF, 0xAF, 0xF0, 0x0B, 0xF4, 0x02, 0xF8, 0x1F, 0xE0, 0x03, 0xFC, 0x3F, 0xC0, 0x07,
    0xFC, 0x3F, 0xC0, 0x03, 0xF8, 0x7F, 0x80, 0x00, 0x50, 0x7F, 0x40, 0x00, 0x00, 0xBF, 0x40, 0x00,
    0x00, 0xBF, 0x80, 0x00, 0x00, 0x7F, 0xC0, 0x00, 0x00, 0x3F, 0xC0, 0x00, 0x00, 0x3F, 0xE0, 0x00,
    0x00, 0x2F, 0xF8, 0x00, 0x38, 0x0F, 0xFF, 0xAB, 0xFC, 0x03, 0xFF, 0xFF, 0xF0, 0x00, 0xBF, 0xFF,
    0x40, 0x00, 0x05, 0x50, 0x00, 0x00, 0x04, 0x00, 0x00, 0x00, 0x00, 0x03, 0xD0, 0x02, 0xE0, 0x00,
    0x00, 0x7F, 0x07, 0xF0, 0x00, 0x00, 0x0B, 0xFF, 0xF0, 0x00, 0x00, 0x00, 0xBF, 0xF4, 0x00, 0x00,
    0x00, 0x0B, 0xF4, 0x00, 0x00, 0x00, 0x00, 0xB4, 0x00, 0x00, 0x00, 0x00, 0x00, 0x00, 0x00, 0x00,
    0x00, 0x6F, 0xE4, 0x3C, 0x00, 0x02, 0xFF, 0xFF, 0xCF, 0x40, 0x07, 0xFF, 0xAB, 0xFF, 0xD0, 0x07,
    0xFD, 0x00, 0x0F, 0xF8, 0x03, 0xFC, 0x00, 0x00, 0xFF, 0x03, 0xFD, 0x00, 0x00, 0x0F, 0xC1, 0xFF,
    0x00, 0x00, 0x02, 0xF0, 0xBF, 0x40, 0x00, 0x00, 0x3C, 0x3F, 0xC0, 0x00, 0x00, 0x04, 0x0F, 0xF0,
    0x00, 0x00, 0x00, 0x07, 0xFC, 0x00, 0x00, 0x00, 0x01, 0xFF, 0x00, 0x00, 0x00, 0x00, 0x7F, 0xC0,
    0x00, 0x00, 0x00, 0x1F, 0xF0, 0x00, 0x00, 0x00, 0x07, 0xFC, 0x00, 0x00, 0x00, 0x00, 0xFF, 0x40,
    0x00, 0x00, 0x00, 0x3F, 0xE0, 0x00, 0x00, 0x00, 0x0B, 0xFC, 0x00, 0x00, 0x00, 0x00, 0xFF, 0x80,
    0x00, 0x00, 0x10, 0x2F, 0xF4, 0x00, 0x00, 0x3D, 0x03, 0xFF, 0x40, 0x00, 0x7F, 0x00, 0x3F, 0xFE,
    0x56, 0xFF, 0x40, 0x02, 0xFF, 0xFF, 0xFF, 0x00, 0x00, 0x1B, 0xFF, 0xFD, 0x00, 0x00, 0x00, 0x15,
    0x50, 0x00, 0x00, 0x00, 0x00, 0x00, 0x00, 0x01, 0xD0, 0x00, 0xE0, 0x00, 0xF8, 0x07, 0xD0, 0x00,
    0x7E, 0x2F, 0x80, 0x00, 0x2F, 0xFF, 0x00, 0x00, 0x0F, 0xFC, 0x00, 0x00, 0x03, 0xF4, 0x00, 0x00,
    0x01, 0x90, 0x00, 0x00, 0x00, 0x00, 0x00, 0x00, 0x01, 0x54, 0x00, 0x00, 0x7F, 0xFF, 0x80, 0x02,
    0xFF, 0xAF, 0xF0, 0x0B, 0xF4, 0x02, 0xF8, 0x1F, 0xE0, 0x03, 0xFC, 0x3F, 0xC0, 0x07, 0xFC, 0x3F,
    0xC0, 0x03, 0xF8, 0x7F, 0x80, 0x00, 0x50, 0x7F, 0x40, 0x00, 0x00, 0xBF, 0x40, 0x00, 0x00, 0xBF,
    0x80, 0x00, 0x00, 0x7F, 0xC0, 0x00, 0x00, 0x3F, 0xC0, 0x00, 0x00, 0x3F, 0xE0, 0x00, 0x00, 0x2F,
    0xF8, 0x00, 0x38, 0x0F, 0xFF, 0xAB, 0xFC, 0x03, 0xFF, 0xFF, 0xF0, 0x00, 0xBF, 0xFF, 0x40, 0x00,
    0x05, 0x50, 0x00, 0x00, 0x04, 0x00, 0x01, 0x00, 0x00, 0x00, 0x2E, 0x00, 0x0F, 0x40, 0x00, 0x00,
    0x0F, 0xE0, 0xBE, 0x00, 0x00, 0x00, 0x03, 0xFF, 0xF8, 0x00, 0x00, 0x00, 0x00, 0xFF, 0xF0, 0x00,
    0x00, 0x00, 0x00, 0x3F, 0xC0, 0x00, 0x00, 0x00, 0x00, 0x0F, 0x00, 0x00, 0x00, 0x00, 0x00, 0x00,
    0x00, 0x00, 0x00, 0x15, 0x55, 0x55, 0x40, 0x00, 0x00, 0x3F, 0xFF, 0xFF, 0xFF, 0x80, 0x00, 0x2B,
    0xFF, 0xFF, 0xFF, 0xF8, 0x00, 0x01, 0xFF, 0x00, 0x0B, 0xFF, 0x00, 0x01, 0xFF, 0x00, 0x00, 0xFF,
    0xC0, 0x01, 0xFF, 0x00, 0x00, 0x3F, 0xE0, 0x01, 0xFF, 0x00, 0x00, 0x1F, 0xF0, 0x01, 0xFF, 0x00,
    0x00, 0x0F, 0xF4, 0x01, 0xFF, 0x00, 0x00, 0x0B, 0xF8, 0x01, 0xFF, 0x00, 0x00, 0x07, 0xFC, 0x01,
    0xFF, 0x00, 0x00, 0x07, 0xFC, 0x01, 0xFF, 0x00, 0x00, 0x07, 0xFC, 0x01, 0xFF, 0x00, 0x00, 0x07,
    0xFC, 0x01, 0xFF, 0x00, 0x00, 0x07, 0xFC, 0x01, 0xFF, 0x00, 0x00, 0x07, 0xFC, 0x01, 0xFF, 0x00,
    0x00, 0x0B, 0xF8, 0x01, 0xFF, 0x00, 0x00, 0x0F, 0xF4, 0x01, 0xFF, 0x00, 0x00, 0x0F, 0xF0, 0x01,
    0xFF, 0x00, 0x00, 0x2F, 0xD0, 0x01, 0xFF, 0x00, 0x00, 0x7F, 0x80, 0x01, 0xFF, 0x00, 0x02, 0xFF,
    0x00, 0x02, 0xFF, 0x41, 0x6F, 0xF8, 0x00, 0x3F, 0xFF, 0xFF, 0xFF, 0x80, 0x00, 0x3F, 0xFF, 0xFF,
    0xE4, 0x00, 0x00, 0x00, 0x00, 0x05, 0x56, 0x07, 0xD0, 0x00, 0x00, 0x3F, 0xFD, 0x3F, 0xC0, 0x00,
    0x00, 0xBF, 0xF4, 0xBF, 0x40, 0x00, 0x00, 0x1F, 0xD0, 0xFC, 0x00, 0x00, 0x00, 0x7F, 0x42, 0xF0,
    0x00, 0x00, 0x01, 0xFD, 0x0F, 0x40, 0x00, 0x00, 0x07, 0xF4, 0x78, 0x00, 0x00, 0x00, 0x1F, 0xD2,
    0xC0, 0x00, 0x01, 0x50, 0x7F, 0x40, 0x00, 0x01, 0xFF, 0xFE, 0xFD, 0x00, 0x00, 0x2F, 0xFF, 0xFF,
    0xF4, 0x00, 0x02, 0xFE, 0x41, 0xBF, 0xD0, 0x00, 0x1F, 0xE0, 0x00, 0x7F, 0x40, 0x00, 0xFF, 0x00,
    0x01, 0xFD, 0x00, 0x03, 0xFC, 0x00, 0x07, 0xF4, 0x00, 0x1F, 0xE0, 0x00, 0x1F, 0xD0, 0x00, 0x7F,
    0x80, 0x00, 0x7F, 0x40, 0x02, 0xFD, 0x00, 0x01, 0xFD, 0x00, 0x0B, 0xF4, 0x00, 0x07, 0xF4, 0x00,
    0x1F, 0xE0, 0x00, 0x1F, 0xD0, 0x00, 0x7F, 0xC0, 0x00, 0xBF, 0x40, 0x00, 0xFF, 0x00, 0x03, 0xFD,
    0x00, 0x03, 0xFE, 0x00, 0x1F, 0xF4, 0x00, 0x07, 0xFF, 0x46, 0xFF, 0xE0, 0x00, 0x07, 0xFF, 0xFF,
    0x3F, 0xFC, 0x00, 0x07, 0xFF, 0xE0, 0xBF, 0xF0, 0x00, 0x00, 0x54, 0x00, 0x40, 0x00, 0x00, 0x05,
    0x55, 0x55, 0x50, 0x00, 0x00, 0x03, 0xFF, 0xFF, 0xFF, 0xF8, 0x00, 0x00, 0xAF, 0xFF, 0xFF, 0xFF,
    0xE0, 0x00, 0x01, 0xFF, 0x00, 0x0B, 0xFF, 0x00, 0x00, 0x7F, 0xC0, 0x00, 0x3F, 0xF0, 0x00, 0x1F,
    0xF0, 0x00, 0x03, 0xFE, 0x00, 0x07, 0xFC, 0x00, 0x00, 0x7F, 0xC0, 0x01, 0xFF, 0x00, 0x00, 0x0F,
    0xF4, 0x00, 0x7F, 0xC0, 0x00, 0x02, 0xFE, 0x00, 0x1F, 0xF0, 0x00, 0x00, 0x7F, 0xC0, 0x07, 0xFC,
    0x00, 0x00, 0x1F, 0xF0, 0xFF, 0xFF, 0xFF, 0xD0, 0x07, 0xFC, 0x3F, 0xFF, 0xFF, 0xF4, 0x01, 0xFF,
    0x00, 0x1F, 0xF0, 0x00, 0x00, 0x7F, 0xC0, 0x07, 0xFC, 0x00, 0x00, 0x1F, 0xF0, 0x01, 0xFF, 0x00,
    0x00, 0x0B, 0xF8, 0x00, 0x7F, 0xC0, 0x00, 0x03, 0xFD, 0x00, 0x1F, 0xF0, 0x00, 0x00, 0xFF, 0x00,
    0x07, 0xFC, 0x00, 0x00, 0xBF, 0x40, 0x01, 0xFF, 0x00, 0x00, 0x7F, 0x80, 0x00, 0x7F, 0xC0, 0x00,
    0xBF, 0xC0, 0x00, 0x2F, 0xF4, 0x16, 0xFF, 0x80, 0x00, 0xFF, 0xFF, 0xFF, 0xFE, 0x00, 0x00, 0x3F,
    0xFF, 0xFF, 0xE4, 0x00, 0x00, 0x00, 0x00, 0x05, 0x56, 0x00, 0x00, 0x00, 0x0F, 0xFF, 0x40, 0x00,
    0x00, 0x0B, 0xFF, 0x40, 0x00, 0x00, 0x00, 0x7F, 0x40, 0x00, 0x00, 0x00, 0x7F, 0x40, 0x00, 0x02,
    0xFF, 0xFF, 0xFC, 0x00, 0x03, 0xFF, 0xFF, 0xFC, 0x00, 0x00, 0x00, 0x7F, 0x80, 0x00, 0x01, 0x50,
    0x7F, 0x40, 0x00, 0x7F, 0xFF, 0xBF, 0x40, 0x02, 0xFF, 0xFF, 0xFF, 0x40, 0x0B, 0xF9, 0x06, 0xFF,
    0x40, 0x1F, 0xE0, 0x00, 0x7F, 0x40, 0x3F, 0xC0, 0x00, 0x7F, 0x40, 0x3F, 0xC0, 0x00, 0x7F, 0x40,
    0x7F, 0x80, 0x00, 0x7F, 0x40, 0x7F, 0x80, 0x00, 0x7F, 0x40, 0xBF, 0x40, 0x00, 0x7F, 0x40, 0xBF,
    0x40, 0x00, 0x7F, 0x40, 0x7F, 0x80, 0x00, 0x7F, 0x40, 0x7F, 0xC0, 0x00, 0xBF, 0x40, 0x3F, 0xC0,
    0x00, 0xFF, 0x40, 0x3F, 0xE0, 0x01, 0xFF, 0x40, 0x1F, 0xFD, 0x1B, 0xFF, 0x80, 0x07, 0xFF, 0xFF,
    0x3F, 0xFC, 0x01, 0xFF, 0xF8, 0x2F, 0xFC, 0x00, 0x05, 0x40, 0x04, 0x00, 0x00, 0x15, 0x55, 0x54,
    0x00, 0x00, 0xFF, 0xFF, 0xF0, 0x00, 0x03, 0xFF, 0xFF, 0xC0, 0x00, 0x05, 0x55, 0x55, 0x00, 0x00,
    0x00, 0x00, 0x00, 0x00, 0x00, 0x00, 0x00, 0x00, 0x01, 0x55, 0x55, 0x55, 0x54, 0x0F, 0xFF, 0xFF,
    0xFF, 0xF0, 0x2B, 0xFF, 0xAA, 0xFF, 0xD0, 0x07, 0xFC, 0x00, 0x2F, 0x80, 0x1F, 0xF0, 0x00, 0x3F,
    0x00, 0x7F, 0xC0, 0x00, 0x7C, 0x01, 0xFF, 0x00, 0x00, 0x90, 0x07, 0xFC, 0x00, 0x00, 0x00, 0x1F,
    0xF0, 0x02, 0xC0, 0x00, 0x7F, 0xC0, 0x0F, 0x00, 0x01, 0xFF, 0x00, 0xBC, 0x00, 0x07, 0xFF, 0xFF,
    0xF0, 0x00, 0x1F, 0xFF, 0xFF, 0xC0, 0x00, 0x7F, 0xD5, 0x7F, 0x00, 0x01, 0xFF, 0x00, 0x3C, 0x00,
    0x07, 0xFC, 0x00, 0xF0, 0x00, 0x1F, 0xF0, 0x00, 0x00, 0x00, 0x7F, 0xC0, 0x00, 0x05, 0x01, 0xFF,
    0x00, 0x00, 0xBC, 0x07, 0xFC, 0x00, 0x03, 0xE0, 0x1F, 0xF0, 0x00, 0x1F, 0x80, 0xBF, 0xC0, 0x02,
    0xFD, 0x3F, 0xFF, 0xFF, 0xFF, 0xF4, 0xFF, 0xFF, 0xFF, 0xFF, 0xC0, 0x01, 0xFF, 0xFF, 0xD0, 0x01,
    0xFF, 0xFF, 0xD0, 0x01, 0xFF, 0xFF, 0xD0, 0x00, 0x00, 0x00, 0x00, 0x00, 0x00, 0x00, 0x00, 0x00,
    0x00, 0x00, 0x00, 0x00, 0x01, 0x54, 0x00, 0x00, 0x7F, 0xFF, 0x80, 0x02, 0xFE, 0xAF, 0xF0, 0x0B,
    0xF0, 0x03, 0xF8, 0x1F, 0xD0, 0x02, 0xFC, 0x3F, 0xC0, 0x01, 0xFD, 0x3F, 0x80, 0x01, 0xFD, 0x7F,
    0x80, 0x02, 0xFD, 0x7F, 0xFF, 0xFF, 0xFC, 0xBF, 0xFF, 0xFF, 0xFC, 0xBF, 0x80, 0x00, 0x00, 0x7F,
    0x80, 0x00, 0x00, 0x3F, 0xC0, 0x00, 0x00, 0x3F, 0xE0, 0x00, 0x00, 0x1F, 0xF4, 0x00, 0x2C, 0x0F,
    0xFF, 0x9A, 0xFC, 0x03, 0xFF, 0xFF, 0xF0, 0x00, 0xBF, 0xFF, 0x80, 0x00, 0x05, 0x54, 0x00, 0x00,
    0x00, 0x00, 0x00, 0x00, 0x02, 0xC0, 0x00, 0x74, 0x00, 0x07, 0x80, 0x03, 0xC0, 0x00, 0x0F, 0x90,
    0x7F, 0x00, 0x00, 0x2F, 0xFF, 0xF4, 0x00, 0x00, 0x3F, 0xFF, 0x40, 0x00, 0x00, 0x1F, 0xE0, 0x00,
    0x00, 0x00, 0x00, 0x00, 0x00, 0x15, 0x55, 0x55, 0x55, 0x40, 0xFF, 0xFF, 0xFF, 0xFF, 0x02, 0xBF,
    0xFA, 0xAF, 0xFD, 0x00, 0x7F, 0xC0, 0x02, 0xF8, 0x01, 0xFF, 0x00, 0x03, 0xF0, 0x07, 0xFC, 0x00,
    0x07, 0xC0, 0x1F, 0xF0, 0x00, 0x09, 0x00, 0x7F, 0xC0, 0x00, 0x00, 0x01, 0xFF, 0x00, 0x2C, 0x00,
    0x07, 0xFC, 0x00, 0xF0, 0x00, 0x1F, 0xF0, 0x0B, 0xC0, 0x00, 0x7F, 0xFF, 0xFF, 0x00, 0x01, 0xFF,
    0xFF, 0xFC, 0x00, 0x07, 0xFD, 0x57, 0xF0, 0x00, 0x1F, 0xF0, 0x03, 0xC0, 0x00, 0x7F, 0xC0, 0x0F,
    0x00, 0x01, 0xFF, 0x00, 0x00, 0x00, 0x07, 0xFC, 0x00, 0x00, 0x50, 0x1F, 0xF0, 0x00, 0x0B, 0xC0,
    0x7F, 0xC0, 0x00, 0x3E, 0x01, 0xFF, 0x00, 0x01, 0xF8, 0x0B, 0xFC, 0x00, 0x2F, 0xD3, 0xFF, 0xFF,
    0xFF, 0xFF, 0x4F, 0xFF, 0xFF, 0xFF, 0xFC, 0x01, 0x80, 0x00, 0x90, 0x02, 0xD0, 0x01, 0xE0, 0x01,
    0xF0, 0x03, 0xD0, 0x00, 0xFE, 0xAF, 0xC0, 0x00, 0x7F, 0xFF, 0x40, 0x00, 0x1F, 0xFD, 0x00, 0x00,
    0x01, 0x50, 0x00, 0x00, 0x00, 0x00, 0x00, 0x00, 0x01, 0x54, 0x00, 0x00, 0x7F, 0xFF, 0x80, 0x02,
    0xFE, 0xAF, 0xF0, 0x0B, 0xF0, 0x03, 0xF8, 0x1F, 0xD0, 0x02, 0xFC, 0x3F, 0xC0, 0x01, 0xFD, 0x3F,
    0x80, 0x01, 0xFD, 0x7F, 0x80, 0x02, 0xFD, 0x7F, 0xFF, 0xFF, 0xFC, 0xBF, 0xFF, 0xFF, 0xFC, 0xBF,
    0x80, 0x00, 0x00, 0x7F, 0x80, 0x00, 0x00, 0x3F, 0xC0, 0x00, 0x00, 0x3F, 0xE0, 0x00, 0x00, 0x1F,
    0xF4, 0x00, 0x2C, 0x0F, 0xFF, 0x9A, 0xFC, 0x03, 0xFF, 0xFF, 0xF0, 0x00, 0xBF, 0xFF, 0x80, 0x00,
    0x05, 0x54, 0x00, 0x00, 0x00, 0x64, 0x00, 0x00, 0x00, 0x07, 0xFC, 0x00, 0x00, 0x00, 0x2F, 0xF4,
    0x00, 0x00, 0x00, 0xBF, 0xD0, 0x00, 0x00, 0x00, 0xFE, 0x00, 0x00, 0x00, 0x00, 0x00, 0x00, 0x00,
    0x00, 0x00, 0x00, 0x00, 0x05, 0x55, 0x55, 0x55, 0x50, 0x3F, 0xFF, 0xFF, 0xFF, 0xC0, 0xAF, 0xFE,
    0xAB, 0xFF, 0x40, 0x1F, 0xF0, 0x00, 0xBE, 0x00, 0x7F, 0xC0, 0x00, 0xFC, 0x01, 0xFF, 0x00, 0x01,
    0xF0, 0x07, 0xFC, 0x00, 0x02, 0x40, 0x1F, 0xF0, 0x00, 0x00, 0x00, 0x7F, 0xC0, 0x0B, 0x00, 0x01,
    0xFF, 0x00, 0x3C, 0x00, 0x07, 0xFC, 0x02, 0xF0, 0x00, 0x1F, 0xFF, 0xFF, 0xC0, 0x00, 0x7F, 0xFF,
    0xFF, 0x00, 0x01, 0xFF, 0x55, 0xFC, 0x00, 0x07, 0xFC, 0x00, 0xF0, 0x00, 0x1F, 0xF0, 0x03, 0xC0,
    0x00, 0x7F, 0xC0, 0x00, 0x00, 0x01, 0xFF, 0x00, 0x00, 0x14, 0x07, 0xFC, 0x00, 0x02, 0xF0, 0x1F,
    0xF0, 0x00, 0x0F, 0x80, 0x7F, 0xC0, 0x00, 0x7E, 0x02, 0xFF, 0x00, 0x0B, 0xF4, 0xFF, 0xFF, 0xFF,
    0xFF, 0xD3, 0xFF, 0xFF, 0xFF, 0xFF, 0x00, 0x00, 0x00, 0x40, 0x00, 0x00, 0x07, 0xF4, 0x00, 0x00,
    0x0F, 0xFC, 0x00, 0x00, 0x0F, 0xFC, 0x00, 0x00, 0x0B, 0xF8, 0x00, 0x00, 0x01, 0x50, 0x00, 0x00,
    0x00, 0x00, 0x00, 0x00, 0x00, 0x00, 0x00, 0x00, 0x01, 0x54, 0x00, 0x00, 0x7F, 0xFF, 0x80, 0x02,
    0xFE, 0xAF, 0xF0, 0x0B, 0xF0, 0x03, 0xF8, 0x1F, 0xD0, 0x02, 0xFC, 0x3F, 0xC0, 0x01, 0xFD, 0x3F,
    0x80, 0x01, 0xFD, 0x7F, 0x80, 0x02, 0xFD, 0x7F, 0xFF, 0xFF, 0xFC, 0xBF, 0xFF, 0xFF, 0xFC, 0xBF,
    0x80, 0x00, 0x00, 0x7F, 0x80, 0x00, 0x00, 0x3F, 0xC0, 0x00, 0x00, 0x3F, 0xE0, 0x00, 0x00, 0x1F,
    0xF4, 0x00, 0x2C, 0x0F, 0xFF, 0x9A, 0xFC, 0x03, 0xFF, 0xFF, 0xF0, 0x00, 0xBF, 0xFF, 0x80, 0x00,
    0x05, 0x54, 0x00, 0x15, 0x55, 0x55, 0x55, 0x40, 0xFF, 0xFF, 0xFF, 0xFF, 0x02, 0xBF, 0xFA, 0xAF,
    0xFD, 0x00, 0x7F, 0xC0, 0x02, 0xF8, 0x01, 0xFF, 0x00, 0x03, 0xF0, 0x07, 0xFC, 0x00, 0x07, 0xC0,
    0x1F, 0xF0, 0x00, 0x09, 0x00, 0x7F, 0xC0, 0x00, 0x00, 0x01, 0xFF, 0x00, 0x2C, 0x00, 0x07, 0xFC,
    0x00, 0xF0, 0x00, 0x1F, 0xF0, 0x0B, 0xC0, 0x00, 0x7F, 0xFF, 0xFF, 0x00, 0x01, 0xFF, 0xFF, 0xFC,
    0x00, 0x07, 0xFD, 0x57, 0xF0, 0x00, 0x1F, 0xF0, 0x03, 0xC0, 0x00, 0x7F, 0xC0, 0x0F, 0x00, 0x01,
    0xFF, 0x00, 0x00, 0x00, 0x07, 0xFC, 0x00, 0x00, 0x50, 0x1F, 0xF0, 0x00, 0x0B, 0xC0, 0x7F, 0xC0,
    0x00, 0x3E, 0x01, 0xFF, 0x00, 0x01, 0xF8, 0x0B, 0xFC, 0x00, 0x2F, 0xD3, 0xFF, 0xFF, 0xFF, 0xFF,
    0x4F, 0xFF, 0xFF, 0xFF, 0xFC, 0x00, 0x00, 0x00, 0x0B, 0xD0, 0x00, 0x00, 0x00, 0xF8, 0x00, 0x00,
    0x00, 0x0F, 0xC0, 0x00, 0x00, 0x00, 0xBE, 0x00, 0x00, 0x00, 0x03, 0xF8, 0x00, 0x00, 0x00, 0x0F,
    0xFA, 0x80, 0x00, 0x00, 0x1F, 0xFE, 0x00, 0x00, 0x00, 0x1B, 0x90, 0x00, 0x01, 0x54, 0x00, 0x00,
    0x7F, 0xFF, 0x80, 0x02, 0xFE, 0xAF, 0xF0, 0x0B, 0xF0, 0x03, 0xF8, 0x1F, 0xD0, 0x02, 0xFC, 0x3F,
    0xC0, 0x01, 0xFD, 0x3F, 0x80, 0x01, 0xFD, 0x7F, 0x80, 0x02, 0xFD, 0x7F, 0xFF, 0xFF, 0xFC, 0xBF,
    0xFF, 0xFF, 0xFC, 0xBF, 0x80, 0x00, 0x00, 0x7F, 0x80, 0x00, 0x00, 0x3F, 0xC0, 0x00, 0x00, 0x3F,
    0xE0, 0x00, 0x00, 0x1F, 0xF4, 0x00, 0x2C, 0x0F, 0xFF, 0x9A, 0xFC, 0x03, 0xFF, 0xFF, 0xF0, 0x00,
    0xBF, 0xFF, 0x80, 0x00, 0x05, 0x7E, 0x00, 0x00, 0x00, 0xB8, 0x00, 0x00, 0x02, 0xF0, 0x00, 0x00,
    0x03, 0xF0, 0x00, 0x00, 0x0B, 0xF0, 0x00, 0x00, 0x0B, 0xFA, 0xC0, 0x00, 0x03, 0xFF, 0xC0, 0x00,
    0x00, 0xB9, 0x00, 0x00, 0x10, 0x00, 0x04, 0x00, 0x02, 0xE0, 0x01, 0xF4, 0x00, 0x03, 0xF4, 0x2F,
    0x80, 0x00, 0x03, 0xFF, 0xF8, 0x00, 0x00, 0x03, 0xFF, 0x80, 0x00, 0x00, 0x03, 0xFC, 0x00, 0x00,
    0x00, 0x07, 0x80, 0x00, 0x00, 0x00, 0x00, 0x00, 0x00, 0x15, 0x55, 0x55, 0x55, 0x40, 0xFF, 0xFF,
    0xFF, 0xFF, 0x02, 0xBF, 0xFA, 0xAF, 0xFD, 0x00, 0x7F, 0xC0, 0x02, 0xF8, 0x01, 0xFF, 0x00, 0x03,
    0xF0, 0x07, 0xFC, 0x00, 0x07, 0xC0, 0x1F, 0xF0, 0x00, 0x09, 0x00, 0x7F, 0xC0, 0x00, 0x00, 0x01,
    0xFF, 0x00, 0x2C, 0x00, 0x07, 0xFC, 0x00, 0xF0, 0x00, 0x1F, 0xF0, 0x0B, 0xC0, 0x00, 0x7F, 0xFF,
    0xFF, 0x00, 0x01, 0xFF, 0xFF, 0xFC, 0x00, 0x07, 0xFD, 0x57, 0xF0, 0x00, 0x1F, 0xF0, 0x03, 0xC0,
    0x00, 0x7F, 0xC0, 0x0F, 0x00, 0x01, 0xFF, 0x00, 0x00, 0x00, 0x07, 0xFC, 0x00, 0x00, 0x50, 0x1F,
    0xF0, 0x00, 0x0B, 0xC0, 0x7F, 0xC0, 0x00, 0x3E, 0x01, 0xFF, 0x00, 0x01, 0xF8, 0x0B, 0xFC, 0x00,
    0x2F, 0xD3, 0xFF, 0xFF, 0xFF, 0xFF, 0x4F, 0xFF, 0xFF, 0xFF, 0xFC, 0x00, 0x00, 0x00, 0x00, 0x02,
    0xC0, 0x00, 0xE0, 0x01, 0xF4, 0x07, 0xD0, 0x00, 0xBE, 0x2F, 0x80, 0x00, 0x2F, 0xFF, 0x00, 0x00,
    0x0F, 0xFC, 0x00, 0x00, 0x07, 0xF4, 0x00, 0x00, 0x01, 0x90, 0x00, 0x00, 0x00, 0x00, 0x00, 0x00,
    0x01, 0x54, 0x00, 0x00, 0x7F, 0xFF, 0x80, 0x02, 0xFE, 0xAF, 0xF0, 0x0B, 0xF0, 0x03, 0xF8, 0x1F,
    0xD0, 0x02, 0xFC, 0x3F, 0xC0, 0x01, 0xFD, 0x3F, 0x80, 0x01, 0xFD, 0x7F, 0x80, 0x02, 0xFD, 0x7F,
    0xFF, 0xFF, 0xFC, 0xBF, 0xFF, 0xFF, 0xFC, 0xBF, 0x80, 0x00, 0x00, 0x7F, 0x80, 0x00, 0x00, 0x3F,
    0xC0, 0x00, 0x00, 0x3F, 0xE0, 0x00, 0x00, 0x1F, 0xF4, 0x00, 0x2C, 0x0F, 0xFF, 0x9A, 0xFC, 0x03,
    0xFF, 0xFF, 0xF0, 0x00, 0xBF, 0xFF, 0x80, 0x00, 0x05, 0x54, 0x00, 0x00, 0x00, 0x01, 0x00, 0x00,
    0x00, 0x00, 0x00, 0x0F, 0xC0, 0x00, 0x00, 0x00, 0x00, 0x3F, 0xF0, 0x00, 0x00, 0x00, 0x00, 0xFF,
    0xF8, 0x00, 0x00, 0x00, 0x02, 0xFD, 0xFE, 0x00, 0x00, 0x00, 0x0B, 0xD0, 0x2F, 0x80, 0x00, 0x00,
    0x0E, 0x00, 0x02, 0x80, 0x00, 0x00, 0x00, 0x00, 0x00, 0x00, 0x00, 0x00, 0x00, 0x6F, 0xE4, 0x2D,
    0x00, 0x00, 0x0B, 0xFF, 0xFF, 0x7D, 0x00, 0x00, 0x7F, 0xFA, 0xBF, 0xFE, 0x00, 0x01, 0xFF, 0x40,
    0x02, 0xFF, 0x00, 0x03, 0xFC, 0x00, 0x00, 0xBF, 0x00, 0x0B, 0xF4, 0x00, 0x00, 0x3F, 0x00, 0x0F,
    0xF0, 0x00, 0x00, 0x0F, 0x40, 0x2F, 0xD0, 0x00, 0x00, 0x0F, 0x80, 0x3F, 0xC0, 0x00, 0x00, 0x01,
    0x00, 0x3F, 0xC0, 0x00, 0x00, 0x00, 0x00, 0x7F, 0xC0, 0x00, 0x00, 0x00, 0x00, 0x7F, 0xC0, 0x00,
    0x00, 0x00, 0x00, 0x7F, 0xC0, 0x00, 0x05, 0x55, 0x54, 0x7F, 0xC0, 0x00, 0x0F, 0xFF, 0xFC, 0x7F,
    0xC0, 0x00, 0x0B, 0xFF, 0xF8, 0x3F, 0xC0, 0x00, 0x00, 0x7F, 0x80, 0x3F, 0xD0, 0x00, 0x00, 0x3F,
    0x80, 0x2F, 0xF0, 0x00, 0x00, 0x3F, 0x80, 0x0F, 0xF4, 0x00, 0x00, 0x3F, 0x80, 0x0B, 0xFC, 0x00,
    0x00, 0x3F, 0x80, 0x03, 0xFF, 0x00, 0x00, 0xFF, 0x80, 0x00, 0xFF, 0xE4, 0x1B, 0xFF, 0x80, 0x00,
    0x3F, 0xFF, 0xFF, 0xEF, 0x80, 0x00, 0x07, 0xFF, 0xFE, 0x0B, 0x80, 0x00, 0x00, 0x15, 0x50, 0x00,
    0x00, 0x00, 0x00, 0x00, 0x00, 0x00, 0x00, 0x03, 0xE0, 0x00, 0x00, 0x00, 0x0F, 0xF4, 0x00, 0x00,
    0x00, 0x2F, 0xFC, 0x00, 0x00, 0x00, 0x7F, 0xBF, 0x00, 0x00, 0x00, 0xF8, 0x0F, 0x80, 0x00, 0x03,
    0xE0, 0x03, 0xD0, 0x00, 0x01, 0x40, 0x00, 0x41, 0xA0, 0x00, 0x00, 0x00, 0x0B, 0xFC, 0x00, 0x01,
    0x54, 0x1F, 0xFC, 0x00, 0x7F, 0xFF, 0xBC, 0xF8, 0x03, 0xFE, 0xAF, 0xF8, 0x00, 0x0B, 0xF4, 0x03,
    0xFC, 0x00, 0x0F, 0xE0, 0x01, 0xFE, 0x00, 0x1F, 0xD0, 0x00, 0xFF, 0x00, 0x1F, 0xD0, 0x00, 0xFF,
    0x00, 0x1F, 0xD0, 0x00, 0xFF, 0x00, 0x0F, 0xF0, 0x01, 0xFE, 0x00, 0x0F, 0xF8, 0x03, 0xFC, 0x00,
    0x03, 0xFF, 0xFF, 0xF4, 0x00, 0x01, 0xFF, 0xFF, 0x80, 0x00, 0x03, 0xE1, 0x50, 0x00, 0x00, 0x0F,
    0xC0, 0x00, 0x00, 0x00, 0x0F, 0xD0, 0x00, 0x00, 0x00, 0x0F, 0xFF, 0xFF, 0xF9, 0x00, 0x0B, 0xFF,
    0xFF, 0xFF, 0xC0, 0x01, 0xFF, 0xFF, 0xFF, 0xE0, 0x0B, 0xE5, 0x55, 0xBF, 0xF0, 0x2F, 0xC0, 0x00,
    0x0F, 0xF0, 0x3F, 0x40, 0x00, 0x0F, 0xF0, 0x7F, 0x80, 0x00, 0x1F, 0xE0, 0x3F, 0xC0, 0x00, 0x7F,
    0xC0, 0x2F, 0xFE, 0xAB, 0xFF, 0x00, 0x07, 0xFF, 0xFF, 0xF8, 0x00, 0x00, 0x5A, 0xA9, 0x40, 0x00,
    0x00, 0x00, 0x00, 0x00, 0x00, 0x00, 0x00, 0x0E, 0x00, 0x03, 0xC0, 0x00, 0x00, 0x0F, 0x40, 0x07,
    0x80, 0x00, 0x00, 0x0B, 0xD0, 0x2F, 0x40, 0x00, 0x00, 0x03, 0xFF, 0xFF, 0x00, 0x00, 0x00, 0x01,
    0xFF, 0xFC, 0x00, 0x00, 0x00, 0x00, 0x2F, 0xE0, 0x00, 0x00, 0x00, 0x00, 0x00, 0x00, 0x00, 0x00,
    0x00, 0x00, 0x6F, 0xE4, 0x2D, 0x00, 0x00, 0x0B, 0xFF, 0xFF, 0x7D, 0x00, 0x00, 0x7F, 0xFA, 0xBF,
    0xFE, 0x00, 0x01, 0xFF, 0x40, 0x02, 0xFF, 0x00, 0x03, 0xFC, 0x00, 0x00, 0xBF, 0x00, 0x0B, 0xF4,
    0x00, 0x00, 0x3F, 0x00, 0x0F, 0xF0, 0x00, 0x00, 0x0F, 0x40, 0x2F, 0xD0, 0x00, 0x00, 0x0F, 0x80,
    0x3F, 0xC0, 0x00, 0x00, 0x01, 0x00, 0x3F, 0xC0, 0x00, 0x00, 0x00, 0x00, 0x7F, 0xC0, 0x00, 0x00,
    0x00, 0x00, 0x7F, 0xC0, 0x00, 0x00, 0x00, 0x00, 0x7F, 0xC0, 0x00, 0x05, 0x55, 0x54, 0x7F, 0xC0,
    0x00, 0x0F, 0xFF, 0xFC, 0x7F, 0xC0, 0x00, 0x0B, 0xFF, 0xF8, 0x3F, 0xC0, 0x00, 0x00, 0x7F, 0x80,
    0x3F, 0xD0, 0x00, 0x00, 0x3F, 0x80, 0x2F, 0xF0, 0x00, 0x00, 0x3F, 0x80, 0x0F, 0xF4, 0x00, 0x00,
    0x3F, 0x80, 0x0B, 0xFC, 0x00, 0x00, 0x3F, 0x80, 0x03, 0xFF, 0x00, 0x00, 0xFF, 0x80, 0x00, 0xFF,
    0xE4, 0x1B, 0xFF, 0x80, 0x00, 0x3F, 0xFF, 0xFF, 0xEF, 0x80, 0x00, 0x07, 0xFF, 0xFE, 0x0B, 0x80,
    0x00, 0x00, 0x15, 0x50, 0x00, 0x00, 0x00, 0x90, 0x00, 0x60, 0x00, 0x00, 0xE0, 0x00, 0xF0, 0x00,
    0x00, 0xF4, 0x02, 0xE0, 0x00, 0x00, 0xBF, 0xAF, 0xD0, 0x00, 0x00, 0x3F, 0xFF, 0x80, 0x00, 0x00,
    0x0F, 0xFE, 0x00, 0x00, 0x00, 0x01, 0x50, 0x01, 0xA0, 0x00, 0x00, 0x00, 0x0B, 0xFC, 0x00, 0x01,
    0x54, 0x1F, 0xFC, 0x00, 0x7F, 0xFF, 0xBC, 0xF8, 0x03, 0xFE, 0xAF, 0xF8, 0x00, 0x0B, 0xF4, 0x03,
    0xFC, 0x00, 0x0F, 0xE0, 0x01, 0xFE, 0x00, 0x1F, 0xD0, 0x00, 0xFF, 0x00, 0x1F, 0xD0, 0x00, 0xFF,
    0x00, 0x1F, 0xD0, 0x00, 0xFF, 0x00, 0x0F, 0xF0, 0x01, 0xFE, 0x00, 0x0F, 0xF8, 0x03, 0xFC, 0x00,
    0x03, 0xFF, 0xFF, 0xF4, 0x00, 0x01, 0xFF, 0xFF, 0x80, 0x00, 0x03, 0xE1, 0x50, 0x00, 0x00, 0x0F,
    0xC0, 0x00, 0x00, 0x00, 0x0F, 0xD0, 0x00, 0x00, 0x00, 0x0F, 0xFF, 0xFF, 0xF9, 0x00, 0x0B, 0xFF,
    0xFF, 0xFF, 0xC0, 0x01, 0xFF, 0xFF, 0xFF, 0xE0, 0x0B, 0xE5, 0x55, 0xBF, 0xF0, 0x2F, 0xC0, 0x00,
    0x0F, 0xF0, 0x3F, 0x40, 0x00, 0x0F, 0xF0, 0x7F, 0x80, 0x00, 0x1F, 0xE0, 0x3F, 0xC0, 0x00, 0x7F,
    0xC0, 0x2F, 0xFE, 0xAB, 0xFF, 0x00, 0x07, 0xFF, 0xFF, 0xF8, 0x00, 0x00, 0x5A, 0xA9, 0x40, 0x00,
    0x00, 0x00, 0x06, 0x40, 0x00, 0x00, 0x00, 0x00, 0x3F, 0xE0, 0x00, 0x00, 0x00, 0x00, 0x3F, 0xF0,
    0x00, 0x00, 0x00, 0x00, 0x3F, 0xF0, 0x00, 0x00, 0x00, 0x00, 0x1F, 0xD0, 0x00, 0x00, 0x00, 0x00,
    0x00, 0x00, 0x00, 0x00, 0x00, 0x00, 0x00, 0x00, 0x00, 0x00, 0x00, 0x00, 0x6F, 0xE4, 0x2D, 0x00,
    0x00, 0x0B, 0xFF, 0xFF, 0x7D, 0x00, 0x00, 0x7F, 0xFA, 0xBF, 0xFE, 0x00, 0x01, 0xFF, 0x40, 0x02,
    0xFF, 0x00, 0x03, 0xFC, 0x00, 0x00, 0xBF, 0x00, 0x0B, 0xF4, 0x00, 0x00, 0x3F, 0x00, 0x0F, 0xF0,
    0x00, 0x00, 0x0F, 0x40, 0x2F, 0xD0, 0x00, 0x00, 0x0F, 0x80, 0x3F, 0xC0, 0x00, 0x00, 0x01, 0x00,
    0x3F, 0xC0, 0x00, 0x00, 0x00, 0x00, 0x7F, 0xC0, 0x00, 0x00, 0x00, 0x00, 0x7F, 0xC0, 0x00, 0x00,
    0x00, 0x00, 0x7F, 0xC0, 0x00, 0x05, 0x55, 0x54, 0x7F, 0xC0, 0x00, 0x0F, 0xFF, 0xFC, 0x7F, 0xC0,
    0x00, 0x0B, 0xFF, 0xF8, 0x3F, 0xC0, 0x00, 0x00, 0x7F, 0x80, 0x3F, 0xD0, 0x00, 0x00, 0x3F, 0x80,
    0x2F, 0xF0, 0x00, 0x00, 0x3F, 0x80, 0x0F, 0xF4, 0x00, 0x00, 0x3F, 0x80, 0x0B, 0xFC, 0x00, 0x00,
    0x3F, 0x80, 0x03, 0xFF, 0x00, 0x00, 0xFF, 0x80, 0x00, 0xFF, 0xE4, 0x1B, 0xFF, 0x80, 0x00, 0x3F,
    0xFF, 0xFF, 0xEF, 0x80, 0x00, 0x07, 0xFF, 0xFE, 0x0B, 0x80, 0x00, 0x00, 0x15, 0x50, 0x00, 0x00,
    0x00, 0x00, 0x40, 0x00, 0x00, 0x00, 0x03, 0xFC, 0x00, 0x00, 0x00, 0x0B, 0xFD, 0x00, 0x00, 0x00,
    0x0B, 0xFD, 0x00, 0x00, 0x00, 0x07, 0xFC, 0x00, 0x00, 0x00, 0x00, 0x50, 0x00, 0x00, 0x00, 0x00,
    0x00, 0x01, 0xA0, 0x00, 0x00, 0x00, 0x0B, 0xFC, 0x00, 0x01, 0x54, 0x1F, 0xFC, 0x00, 0x7F, 0xFF,
    0xBC, 0xF8, 0x03, 0xFE, 0xAF, 0xF8, 0x00, 0x0B, 0xF4, 0x03, 0xFC, 0x00, 0x0F, 0xE0, 0x01, 0xFE,
    0x00, 0x1F, 0xD0, 0x00, 0xFF, 0x00, 0x1F, 0xD0, 0x00, 0xFF, 0x00, 0x1F, 0xD0, 0x00, 0xFF, 0x00,
    0x0F, 0xF0, 0x01, 0xFE, 0x00, 0x0F, 0xF8, 0x03, 0xFC, 0x00, 0x03, 0xFF, 0xFF, 0xF4, 0x00, 0x01,
    0xFF, 0xFF, 0x80, 0x00, 0x03, 0xE1, 0x50, 0x00, 0x00, 0x0F, 0xC0, 0x00, 0x00, 0x00, 0x0F, 0xD0,
    0x00, 0x00, 0x00, 0x0F, 0xFF, 0xFF, 0xF9, 0x00, 0x0B, 0xFF, 0xFF, 0xFF, 0xC0, 0x01, 0xFF, 0xFF,
    0xFF, 0xE0, 0x0B, 0xE5, 0x55, 0xBF, 0xF0, 0x2F, 0xC0, 0x00, 0x0F, 0xF0, 0x3F, 0x40, 0x00, 0x0F,
    0xF0, 0x7F, 0x80, 0x00, 0x1F, 0xE0, 0x3F, 0xC0, 0x00, 0x7F, 0xC0, 0x2F, 0xFE, 0xAB, 0xFF, 0x00,
    0x07, 0xFF, 0xFF, 0xF8, 0x00, 0x00, 0x5A, 0xA9, 0x40, 0x00, 0x00, 0x00, 0x6F, 0xE4, 0x2D, 0x00,
    0x00, 0x0B, 0xFF, 0xFF, 0x7D, 0x00, 0x00, 0x7F, 0xFA, 0xBF, 0xFE, 0x00, 0x01, 0xFF, 0x40, 0x02,
    0xFF, 0x00, 0x03, 0xFC, 0x00, 0x00, 0xBF, 0x00, 0x0B, 0xF4, 0x00, 0x00, 0x3F, 0x00, 0x0F, 0xF0,
    0x00, 0x00, 0x0F, 0x40, 0x2F, 0xD0, 0x00, 0x00, 0x0F, 0x80, 0x3F, 0xC0, 0x00, 0x00, 0x01, 0x00,
    0x3F, 0xC0, 0x00, 0x00, 0x00, 0x00, 0x7F, 0xC0, 0x00, 0x00, 0x00, 0x00, 0x7F, 0xC0, 0x00, 0x00,
    0x00, 0x00, 0x7F, 0xC0, 0x00, 0x05, 0x55, 0x54, 0x7F, 0xC0, 0x00, 0x0F, 0xFF, 0xFC, 0x7F, 0xC0,
    0x00, 0x0B, 0xFF, 0xF8, 0x3F, 0xC0, 0x00, 0x00, 0x7F, 0x80, 0x3F, 0xD0, 0x00, 0x00, 0x3F, 0x80,
    0x2F, 0xF0, 0x00, 0x00, 0x3F, 0x80, 0x0F, 0xF4, 0x00, 0x00, 0x3F, 0x80, 0x0B, 0xFC, 0x00, 0x00,
    0x3F, 0x80, 0x03, 0xFF, 0x00, 0x00, 0xFF, 0x80, 0x00, 0xFF, 0xE4, 0x1B, 0xFF, 0x80, 0x00, 0x3F,
    0xFF, 0xFF, 0xEF, 0x80, 0x00, 0x07, 0xFF, 0xFE, 0x0B, 0x80, 0x00, 0x00, 0x15, 0x50, 0x00, 0x00,
    0x00, 0x00, 0x00, 0x00, 0x00, 0x00, 0x00, 0x00, 0x1F, 0xC0, 0x00, 0x00, 0x00, 0x00, 0x3F, 0xE0,
    0x00, 0x00, 0x00, 0x00, 0x3F, 0xE0, 0x00, 0x00, 0x00, 0x00, 0x07, 0xE0, 0x00, 0x00, 0x00, 0x00,
    0x03, 0xC0, 0x00, 0x00, 0x00, 0x00, 0x0B, 0x80, 0x00, 0x00, 0x00, 0x00, 0x1E, 0x00, 0x00, 0x00,
    0x00, 0x00, 0x00, 0x00, 0x00, 0x00, 0x00, 0x00, 0x10, 0x00, 0x00, 0x00, 0x00, 0xB4, 0x00, 0x00,
    0x00, 0x02, 0xE0, 0x00, 0x00, 0x00, 0x03, 0xC0, 0x00, 0x00, 0x00, 0x07, 0xE4, 0x00, 0x00, 0x00,
    0x07, 0xFC, 0x00, 0x00, 0x00, 0x03, 0xFC, 0x00, 0x00, 0x00, 0x01, 0xA0, 0x01, 0xA0, 0x00, 0x00,
    0x00, 0x0B, 0xFC, 0x00, 0x01, 0x54, 0x1F, 0xFC, 0x00, 0x7F, 0xFF, 0xBC, 0xF8, 0x03, 0xFE, 0xAF,
    0xF8, 0x00, 0x0B, 0xF4, 0x03, 0xFC, 0x00, 0x0F, 0xE0, 0x01, 0xFE, 0x00, 0x1F, 0xD0, 0x00, 0xFF,
    0x00, 0x1F, 0xD0, 0x00, 0xFF, 0x00, 0x1F, 0xD0, 0x00, 0xFF, 0x00, 0x0F, 0xF0, 0x01, 0xFE, 0x00,
    0x0F, 0xF8, 0x03, 0xFC, 0x00, 0x03, 0xFF, 0xFF, 0xF4, 0x00, 0x01, 0xFF, 0xFF, 0x80, 0x00, 0x03,
    0xE1, 0x50, 0x00, 0x00, 0x0F, 0xC0, 0x00, 0x00, 0x00, 0x0F, 0xD0, 0x00, 0x00, 0x00, 0x0F, 0xFF,
    0xFF, 0xF9, 0x00, 0x0B, 0xFF, 0xFF, 0xFF, 0xC0, 0x01, 0xFF, 0xFF, 0xFF, 0xE0, 0x0B, 0xE5, 0x55,
    0xBF, 0xF0, 0x2F, 0xC0, 0x00, 0x0F, 0xF0, 0x3F, 0x40, 0x00, 0x0F, 0xF0, 0x7F, 0x80, 0x00, 0x1F,
    0xE0, 0x3F, 0xC0, 0x00, 0x7F, 0xC0, 0x2F, 0xFE, 0xAB, 0xFF, 0x00, 0x07, 0xFF, 0xFF, 0xF8, 0x00,
    0x00, 0x5A, 0xA9, 0x40, 0x00, 0x00, 0x00, 0x00, 0x00, 0x00, 0x00, 0x00, 0x00, 0x00, 0x1F, 0x80,
    0x00, 0x00, 0x00, 0x00, 0x07, 0xFD, 0x00, 0x00, 0x00, 0x00, 0x01, 0xFF, 0xF4, 0x00, 0x00, 0x00,
    0x00, 0x3F, 0xAF, 0xC0, 0x00, 0x00, 0x00, 0x0F, 0xC0, 0x3F, 0x00, 0x00, 0x00, 0x01, 0xD0, 0x00,
    0x74, 0x00, 0x00, 0x00, 0x00, 0x00, 0x00, 0x00, 0x00, 0x15, 0x55, 0x50, 0x00, 0x55, 0x55, 0x43,
    0xFF, 0xFF, 0x80, 0x2F, 0xFF, 0xFC, 0x2B, 0xFF, 0xE4, 0x01, 0xBF, 0xFE, 0x80, 0x1F, 0xF0, 0x00,
    0x00, 0xFF, 0x40, 0x01, 0xFF, 0x00, 0x00, 0x0B, 0xF4, 0x00, 0x1F, 0xF0, 0x00, 0x00, 0xBF, 0x40,
    0x01, 0xFF, 0x00, 0x00, 0x0B, 0xF4, 0x00, 0x1F, 0xF0, 0x00, 0x00, 0xBF, 0x40, 0x01, 0xFF, 0x00,
    0x00, 0x0B, 0xF4, 0x00, 0x1F, 0xF0, 0x00, 0x00, 0xBF, 0x40, 0x01, 0xFF, 0x00, 0x00, 0x0F, 0xF4,
    0x00, 0x1F, 0xFF, 0xFF, 0xFF, 0xFF, 0x40, 0x01, 0xFF, 0xFF, 0xFF, 0xFF, 0xF4, 0x00, 0x1F, 0xF0,
    0x00, 0x00, 0xFF, 0x40, 0x01, 0xFF, 0x00, 0x00, 0x0B, 0xF4, 0x00, 0x1F, 0xF0, 0x00, 0x00, 0xBF,
    0x40, 0x01, 0xFF, 0x00, 0x00, 0x0B, 0xF4, 0x00, 0x1F, 0xF0, 0x00, 0x00, 0xBF, 0x40, 0x01, 0xFF,
    0x00, 0x00, 0x0B, 0xF4, 0x00, 0x1F, 0xF0, 0x00, 0x00, 0xBF, 0x40, 0x01, 0xFF, 0x00, 0x00, 0x0F,
    0xF4, 0x00, 0x2F, 0xF0, 0x00, 0x00, 0xFF, 0x80, 0x3F, 0xFF, 0xF4, 0x01, 0xFF, 0xFF, 0xC3, 0xFF,
    0xFF, 0x80, 0x2F, 0xFF, 0xFC, 0x00, 0x00, 0x00, 0x00, 0x00, 0x00, 0x02, 0xF4, 0x00, 0x00, 0x00,
    0x00, 0x1F, 0xF4, 0x00, 0x00, 0x00, 0x01, 0xFF, 0xF4, 0x00, 0x00, 0x00, 0x1F, 0xEB, 0xF0, 0x00,
    0x00, 0x00, 0xF8, 0x03, 0xF0, 0x00, 0x00, 0x07, 0x40, 0x01, 0xC0, 0x00, 0x00, 0x00, 0x00, 0x00,
    0x00, 0x00, 0x00, 0x01, 0x56, 0x40, 0x00, 0x00, 0x00, 0x2F, 0xFF, 0x00, 0x00, 0x00, 0x00, 0x7F,
    0xFC, 0x00, 0x00, 0x00, 0x00, 0x0F, 0xF0, 0x00, 0x00, 0x00, 0x00, 0x3F, 0xC0, 0x00, 0x00, 0x00,
    0x00, 0xFF, 0x00, 0x00, 0x00, 0x00, 0x03, 0xFC, 0x00, 0x00, 0x00, 0x00, 0x0F, 0xF0, 0x00, 0x00,
    0x00, 0x00, 0x3F, 0xC0, 0x15, 0x00, 0x00, 0x00, 0xFF, 0x0F, 0xFF, 0x80, 0x00, 0x03, 0xFD, 0xFF,
    0xFF, 0xC0, 0x00, 0x0F, 0xFF, 0x96, 0xFF, 0x40, 0x00, 0x3F, 0xF0, 0x01, 0xFE, 0x00, 0x00, 0xFF,
    0x40, 0x03, 0xFC, 0x00, 0x03, 0xFC, 0x00, 0x0F, 0xF0, 0x00, 0x0F, 0xF0, 0x00, 0x3F, 0xC0, 0x00,
    0x3F, 0xC0, 0x00, 0xFF, 0x00, 0x00, 0xFF, 0x00, 0x03, 0xFC, 0x00, 0x03, 0xFC, 0x00, 0x0F, 0xF0,
    0x00, 0x0F, 0xF0, 0x00, 0x3F, 0xC0, 0x00, 0x3F, 0xC0, 0x00, 0xFF, 0x00, 0x00, 0xFF, 0x00, 0x03,
    0xFC, 0x00, 0x03, 0xFC, 0x00, 0x0F, 0xF0, 0x00, 0x1F, 0xF0, 0x00, 0x3F, 0xC0, 0x07, 0xFF, 0xFC,
    0x0F, 0xFF, 0xF4, 0x1F, 0xFF, 0xF0, 0x3F, 0xFF, 0xD0, 0x15, 0x55, 0x54, 0x00, 0x55, 0x55, 0x43,
    0xFF, 0xFF, 0xC0, 0x0F, 0xFF, 0xFD, 0x1B, 0xFF, 0xE4, 0x00, 0xBF, 0xFE, 0x80, 0x0F, 0xF0, 0x00,
    0x00, 0xBF, 0x80, 0x00, 0xFF, 0x00, 0x00, 0x07, 0xF8, 0x00, 0x0F, 0xF0, 0x00, 0x00, 0xBF, 0x80,
    0x3F, 0xFF, 0xFF, 0xFF, 0xFF, 0xFF, 0xF3, 0xFF, 0xFF, 0xFF, 0xFF, 0xFF, 0xFE, 0x00, 0xFF, 0x00,
    0x00, 0x07, 0xF8, 0x00, 0x0F, 0xF0, 0x00, 0x00, 0x7F, 0x80, 0x00, 0xFF, 0x00, 0x00, 0x07, 0xF8,
    0x00, 0x0F, 0xFF, 0xFF, 0xFF, 0xFF, 0x80, 0x00, 0xFF, 0xFF, 0xFF, 0xFF, 0xF8, 0x00, 0x0F, 0xF5,
    0x55, 0x55, 0xBF, 0x80, 0x00, 0xFF, 0x00, 0x00, 0x07, 0xF8, 0x00, 0x0F, 0xF0, 0x00, 0x00, 0x7F,
    0x80, 0x00, 0xFF, 0x00, 0x00, 0x07, 0xF8, 0x00, 0x0F, 0xF0, 0x00, 0x00, 0x7F, 0x80, 0x00, 0xFF,
    0x00, 0x00, 0x07, 0xF8, 0x00, 0x0F, 0xF0, 0x00, 0x00, 0x7F, 0x80, 0x00, 0xFF, 0x00, 0x00, 0x07,
    0xF8, 0x00, 0x1F, 0xF4, 0x00, 0x00, 0xFF, 0xC0, 0x2F, 0xFF, 0xF8, 0x00, 0xFF, 0xFF, 0xD3, 0xFF,
    0xFF, 0xC0, 0x0F, 0xFF, 0xFD, 0x05, 0x59, 0x00, 0x00, 0x00, 0x02, 0xFF, 0xF0, 0x00, 0x00, 0x00,
    0x1F, 0xFF, 0x00, 0x00, 0x00, 0x00, 0x0F, 0xF0, 0x00, 0x00, 0x00, 0x00, 0xFF, 0x00, 0x00, 0x00,
    0x07, 0xFF, 0xFF, 0xF0, 0x00, 0x00, 0xBF, 0xFF, 0xFF, 0x00, 0x00, 0x00, 0x0F, 0xF0, 0x00, 0x00,
    0x00, 0x00, 0xFF, 0x00, 0x54, 0x00, 0x00, 0x0F, 0xF0, 0xFF, 0xF8, 0x00, 0x00, 0xFF, 0x7F, 0xFF,
    0xF0, 0x00, 0x0F, 0xFF, 0x96, 0xFF, 0x40, 0x00, 0xFF, 0xC0, 0x07, 0xF8, 0x00, 0x0F, 0xF4, 0x00,
    0x3F, 0xC0, 0x00, 0xFF, 0x00, 0x03, 0xFC, 0x00, 0x0F, 0xF0, 0x00, 0x3F, 0xC0, 0x00, 0xFF, 0x00,
    0x03, 0xFC, 0x00, 0x0F, 0xF0, 0x00, 0x3F, 0xC0, 0x00, 0xFF, 0x00, 0x03, 0xFC, 0x00, 0x0F, 0xF0,
    0x00, 0x3F, 0xC0, 0x00, 0xFF, 0x00, 0x03, 0xFC, 0x00, 0x0F, 0xF0, 0x00, 0x3F, 0xC0, 0x00, 0xFF,
    0x00, 0x03, 0xFC, 0x00, 0x1F, 0xF0, 0x00, 0x3F, 0xC0, 0x1F, 0xFF, 0xF0, 0x3F, 0xFF, 0xD1, 0xFF,
    0xFF, 0x03, 0xFF, 0xFD, 0x01, 0x00, 0x00, 0x1F, 0xF4, 0x08, 0x3F, 0xFF, 0xBD, 0xBA, 0xFF, 0xFC,
    0x50, 0x1F, 0xF0, 0x00, 0x00, 0x00, 0x00, 0x00, 0x00, 0x15, 0x55, 0x54, 0x3F, 0xFF, 0xFC, 0x2B,
    0xFF, 0xE4, 0x01, 0xFF, 0x00, 0x00, 0xFF, 0x00, 0x00, 0xFF, 0x00, 0x00, 0xFF, 0x00, 0x00, 0xFF,
    0x00, 0x00, 0xFF, 0x00, 0x00, 0xFF, 0x00, 0x00, 0xFF, 0x00, 0x00, 0xFF, 0x00, 0x00, 0xFF, 0x00,
    0x00, 0xFF, 0x00, 0x00, 0xFF, 0x00, 0x00, 0xFF, 0x00, 0x00, 0xFF, 0x00, 0x00, 0xFF, 0x00, 0x00,
    0xFF, 0x00, 0x00, 0xFF, 0x00, 0x00, 0xFF, 0x00, 0x02, 0xFF, 0x40, 0x3F, 0xFF, 0xF8, 0x3F, 0xFF,
    0xFC, 0x0F, 0xD0, 0x04, 0x3F, 0xFE, 0x6C, 0xBF, 0xFF, 0xFC, 0xA0, 0x7F, 0xF0, 0x00, 0x01, 0x40,
    0x00, 0x00, 0x00, 0x00, 0x00, 0x00, 0x00, 0x00, 0x00, 0x07, 0xFF, 0xC0, 0x0B, 0xFF, 0xC0, 0x01,
    0xBF, 0xC0, 0x00, 0x3F, 0xC0, 0x00, 0x3F, 0xC0, 0x00, 0x3F, 0xC0, 0x00, 0x3F, 0xC0, 0x00, 0x3F,
    0xC0, 0x00, 0x3F, 0xC0, 0x00, 0x3F, 0xC0, 0x00, 0x3F, 0xC0, 0x00, 0x3F, 0xC0, 0x00, 0x3F, 0xC0,
    0x00, 0x3F, 0xC0, 0x00, 0x7F, 0xD0, 0x0B, 0xFF, 0xFE, 0x0B, 0xFF, 0xFE, 0x15, 0x55, 0x54, 0xFF,
    0xFF, 0xF3, 0xFF, 0xFF, 0xC5, 0x55, 0x55, 0x00, 0x00, 0x00, 0x00, 0x00, 0x01, 0x55, 0x55, 0x4F,
    0xFF, 0xFF, 0x2B, 0xFF, 0xE4, 0x07, 0xFC, 0x00, 0x0F, 0xF0, 0x00, 0x3F, 0xC0, 0x00, 0xFF, 0x00,
    0x03, 0xFC, 0x00, 0x0F, 0xF0, 0x00, 0x3F, 0xC0, 0x00, 0xFF, 0x00, 0x03, 0xFC, 0x00, 0x0F, 0xF0,
    0x00, 0x3F, 0xC0, 0x00, 0xFF, 0x00, 0x03, 0xFC, 0x00, 0x0F, 0xF0, 0x00, 0x3F, 0xC0, 0x00, 0xFF,
    0x00, 0x03, 0xFC, 0x00, 0x0F, 0xF0, 0x00, 0xBF, 0xD0, 0x3F, 0xFF, 0xF8, 0xFF, 0xFF, 0xF0, 0x3F,
    0xFF, 0xF8, 0x3F, 0xFF, 0xF8, 0x3F, 0xFF, 0xF8, 0x00, 0x00, 0x00, 0x00, 0x00, 0x00, 0x00, 0x00,
    0x00, 0x00, 0x00, 0x00, 0x07, 0xFF, 0xC0, 0x0B, 0xFF, 0xC0, 0x01, 0xBF, 0xC0, 0x00, 0x3F, 0xC0,
    0x00, 0x3F, 0xC0, 0x00, 0x3F, 0xC0, 0x00, 0x3F, 0xC0, 0x00, 0x3F, 0xC0, 0x00, 0x3F, 0xC0, 0x00,
    0x3F, 0xC0, 0x00, 0x3F, 0xC0, 0x00, 0x3F, 0xC0, 0x00, 0x3F, 0xC0, 0x00, 0x3F, 0xC0, 0x00, 0x7F,
    0xD0, 0x0B, 0xFF, 0xFE, 0x0B, 0xFF, 0xFE, 0x00, 0x00, 0x00, 0xB0, 0x00, 0x1D, 0x78, 0x00, 0x3C,
    0x3E, 0x41, 0xFC, 0x2F, 0xFF, 0xF4, 0x0F, 0xFF, 0xD0, 0x01, 0xFE, 0x00, 0x00, 0x00, 0x00, 0x15,
    0x55, 0x54, 0x3F, 0xFF, 0xFC, 0x2B, 0xFF, 0xE4, 0x01, 0xFF, 0x00, 0x00, 0xFF, 0x00, 0x00, 0xFF,
    0x00, 0x00, 0xFF, 0x00, 0x00, 0xFF, 0x00, 0x00, 0xFF, 0x00, 0x00, 0xFF, 0x00, 0x00, 0xFF, 0x00,
    0x00, 0xFF, 0x00, 0x00, 0xFF, 0x00, 0x00, 0xFF, 0x00, 0x00, 0xFF, 0x00, 0x00, 0xFF, 0x00, 0x00,
    0xFF, 0x00, 0x00, 0xFF, 0x00, 0x00, 0xFF, 0x00, 0x00, 0xFF, 0x00, 0x00, 0xFF, 0x00, 0x02, 0xFF,
    0x40, 0x3F, 0xFF, 0xF8, 0x3F, 0xFF, 0xFC, 0x70, 0x00, 0x18, 0x78, 0x00, 0x3C, 0x3D, 0x00, 0xB8,
    0x2F, 0xAB, 0xF0, 0x0F, 0xFF, 0xE0, 0x07, 0xFF, 0x80, 0x00, 0x54, 0x00, 0x00, 0x00, 0x00, 0x00,
    0x00, 0x00, 0x07, 0xFF, 0xC0, 0x0B, 0xFF, 0xC0, 0x01, 0xBF, 0xC0, 0x00, 0x3F, 0xC0, 0x00, 0x3F,
    0xC0, 0x00, 0x3F, 0xC0, 0x00, 0x3F, 0xC0, 0x00, 0x3F, 0xC0, 0x00, 0x3F, 0xC0, 0x00, 0x3F, 0xC0,
    0x00, 0x3F, 0xC0, 0x00, 0x3F, 0xC0, 0x00, 0x3F, 0xC0, 0x00, 0x3F, 0xC0, 0x00, 0x7F, 0xD0, 0x0B,
    0xFF, 0xFE, 0x0B, 0xFF, 0xFE, 0x15, 0x55, 0x54, 0xFF, 0xFF, 0xF2, 0xBF, 0xFE, 0x40, 0x7F, 0xC0,
    0x00, 0xFF, 0x00, 0x03, 0xFC, 0x00, 0x0F, 0xF0, 0x00, 0x3F, 0xC0, 0x00, 0xFF, 0x00, 0x03, 0xFC,
    0x00, 0x0F, 0xF0, 0x00, 0x3F, 0xC0, 0x00, 0xFF, 0x00, 0x03, 0xFC, 0x00, 0x0F, 0xF0, 0x00, 0x3F,
    0xC0, 0x00, 0xFF, 0x00, 0x03, 0xFC, 0x00, 0x0F, 0xF0, 0x00, 0x3F, 0xC0, 0x00, 0xFF, 0x00, 0x0B,
    0xFD, 0x03, 0xFF, 0xFF, 0x8F, 0xFF, 0xFF, 0x00, 0x2D, 0x00, 0x03, 0xE0, 0x00, 0x3F, 0x00, 0x02,
    0xF4, 0x00, 0x0F, 0xD0, 0x00, 0x3F, 0xEA, 0x00, 0x7F, 0xF8, 0x00, 0x6E, 0x00, 0x00, 0x40, 0x00,
    0x7F, 0x40, 0x0F, 0xFC, 0x00, 0xFF, 0xC0, 0x0B, 0xF8, 0x00, 0x15, 0x00, 0x00, 0x00, 0x00, 0x00,
    0x00, 0x00, 0x00, 0x07, 0xFF, 0xC0, 0xBF, 0xFC, 0x01, 0xBF, 0xC0, 0x03, 0xFC, 0x00, 0x3F, 0xC0,
    0x03, 0xFC, 0x00, 0x3F, 0xC0, 0x03, 0xFC, 0x00, 0x3F, 0xC0, 0x03, 0xFC, 0x00, 0x3F, 0xC0, 0x03,
    0xFC, 0x00, 0x3F, 0xC0, 0x03, 0xFC, 0x00, 0x7F, 0xD0, 0xBF, 0xFF, 0xEB, 0xFF, 0xFE, 0x00, 0xF4,
    0x00, 0x7D, 0x00, 0x0F, 0x80, 0x02, 0xF4, 0x00, 0x3F, 0x40, 0x03, 0xFE, 0xA0, 0x1F, 0xFE, 0x00,
    0x6A, 0x00, 0x00, 0x64, 0x00, 0x07, 0xFC, 0x00, 0x2F, 0xF4, 0x00, 0xBF, 0xD0, 0x00, 0xFE, 0x00,
    0x00, 0x00, 0x00, 0x00, 0x00, 0x05, 0x55, 0x55, 0x3F, 0xFF, 0xFC, 0xAF, 0xFF, 0x90, 0x1F, 0xF0,
    0x00, 0x3F, 0xC0, 0x00, 0xFF, 0x00, 0x03, 0xFC, 0x00, 0x0F, 0xF0, 0x00, 0x3F, 0xC0, 0x00, 0xFF,
    0x00, 0x03, 0xFC, 0x00, 0x0F, 0xF0, 0x00, 0x3F, 0xC0, 0x00, 0xFF, 0x00, 0x03, 0xFC, 0x00, 0x0F,
    0xF0, 0x00, 0x3F, 0xC0, 0x00, 0xFF, 0x00, 0x03, 0xFC, 0x00, 0x0F, 0xF0, 0x00, 0x3F, 0xC0, 0x02,
    0xFF, 0x40, 0xFF, 0xFF, 0xE3, 0xFF, 0xFF, 0xC0, 0x00, 0x00, 0x07, 0xFF, 0xC0, 0xBF, 0xFC, 0x01,
    0xBF, 0xC0, 0x03, 0xFC, 0x00, 0x3F, 0xC0, 0x03, 0xFC, 0x00, 0x3F, 0xC0, 0x03, 0xFC, 0x00, 0x3F,
    0xC0, 0x03, 0xFC, 0x00, 0x3F, 0xC0, 0x03, 0xFC, 0x00, 0x3F, 0xC0, 0x03, 0xFC, 0x00, 0x7F, 0xD0,
    0xBF, 0xFF, 0xEB, 0xFF, 0xFE, 0x15, 0x55, 0x54, 0x00, 0x00, 0x55, 0x55, 0x50, 0xFF, 0xFF, 0xF0,
    0x00, 0x03, 0xFF, 0xFF, 0xD2, 0xBF, 0xFE, 0x40, 0x00, 0x0A, 0xFF, 0xFE, 0x00, 0x7F, 0xC0, 0x00,
    0x00, 0x00, 0xBF, 0x80, 0x00, 0xFF, 0x00, 0x00, 0x00, 0x02, 0xFE, 0x00, 0x03, 0xFC, 0x00, 0x00,
    0x00, 0x0B, 0xF8, 0x00, 0x0F, 0xF0, 0x00, 0x00, 0x00, 0x2F, 0xE0, 0x00, 0x3F, 0xC0, 0x00, 0x00,
    0x00, 0xBF, 0x80, 0x00, 0xFF, 0x00, 0x00, 0x00, 0x02, 0xFE, 0x00, 0x03, 0xFC, 0x00, 0x00, 0x00,
    0x0B, 0xF8, 0x00, 0x0F, 0xF0, 0x00, 0x00, 0x00, 0x2F, 0xE0, 0x00, 0x3F, 0xC0, 0x00, 0x00, 0x00,
    0xBF, 0x80, 0x00, 0xFF, 0x00, 0x00, 0x00, 0x02, 0xFE, 0x00, 0x03, 0xFC, 0x00, 0x00, 0x00, 0x0B,
    0xF8, 0x00, 0x0F, 0xF0, 0x00, 0x00, 0x00, 0x2F, 0xE0, 0x00, 0x3F, 0xC0, 0x00, 0x00, 0x00, 0xBF,
    0x80, 0x00, 0xFF, 0x00, 0x00, 0x00, 0x02, 0xFD, 0x00, 0x03, 0xFC, 0x00, 0x0B, 0x80, 0x0B, 0xF4,
    0x00, 0x0F, 0xF0, 0x00, 0xBF, 0x80, 0x2F, 0xD0, 0x00, 0x3F, 0xC0, 0x03, 0xFE, 0x00, 0xFF, 0x00,
    0x00, 0xFF, 0x00, 0x0F, 0xF0, 0x03, 0xFC, 0x00, 0x0B, 0xFD, 0x00, 0x3F, 0xC0, 0x3F, 0xC0, 0x03,
    0xFF, 0xFF, 0x80, 0x3F, 0xFF, 0xFD, 0x00, 0x0F, 0xFF, 0xFF, 0x00, 0x3F, 0xFF, 0xD0, 0x00, 0x00,
    0x00, 0x00, 0x00, 0x05, 0x50, 0x00, 0x00, 0x00, 0x40, 0x00, 0x01, 0x00, 0x1F, 0xD0, 0x00, 0x7F,
    0x80, 0xFF, 0xC0, 0x03, 0xFF, 0x03, 0xFF, 0x00, 0x0F, 0xFC, 0x0B, 0xF8, 0x00, 0x1F, 0xF0, 0x05,
    0x40, 0x00, 0x15, 0x00, 0x00, 0x00, 0x00, 0x00, 0x00, 0x00, 0x00, 0x00, 0x00, 0x00, 0x00, 0x00,
    0x00, 0x01, 0xFF, 0xF0, 0x03, 0xFF, 0xCB, 0xFF, 0xC0, 0x1F, 0xFF, 0x06, 0xFF, 0x00, 0x17, 0xFC,
    0x03, 0xFC, 0x00, 0x0F, 0xF0, 0x0F, 0xF0, 0x00, 0x3F, 0xC0, 0x3F, 0xC0, 0x00, 0xFF, 0x00, 0xFF,
    0x00, 0x03, 0xFC, 0x03, 0xFC, 0x00, 0x0F, 0xF0, 0x0F, 0xF0, 0x00, 0x3F, 0xC0, 0x3F, 0xC0, 0x00,
    0xFF, 0x00, 0xFF, 0x00, 0x03, 0xFC, 0x03, 0xFC, 0x00, 0x0F, 0xF0, 0x0F, 0xF0, 0x00, 0x3F, 0xC0,
    0x3F, 0xC0, 0x00, 0xFF, 0x01, 0xFF, 0x40, 0x03, 0xFC, 0xBF, 0xFF, 0xE0, 0x0F, 0xF2, 0xFF, 0xFF,
    0x80, 0x3F, 0xC0, 0x00, 0x00, 0x00, 0xFF, 0x00, 0x00, 0x00, 0x03, 0xF8, 0x00, 0x00, 0x00, 0x0F,
    0xD0, 0x00, 0x00, 0x00, 0xBF, 0x00, 0x00, 0x00, 0x03, 0xF4, 0x00, 0x00, 0x00, 0x3F, 0x40, 0x00,
    0x00, 0x01, 0xF4, 0x00, 0x00, 0x00, 0x01, 0x00, 0x00, 0x00, 0x00, 0x01, 0x00, 0x00, 0x00, 0x00,
    0xBD, 0x00, 0x00, 0x00, 0x2F, 0xF0, 0x00, 0x00, 0x0B, 0xFF, 0xC0, 0x00, 0x01, 0xFD, 0xBF, 0x00,
    0x00, 0x7E, 0x01, 0xFC, 0x00, 0x0B, 0x00, 0x02, 0xC0, 0x00, 0x00, 0x00, 0x00, 0x00, 0x01, 0x55,
    0x55, 0x40, 0x00, 0xBF, 0xFF, 0xF8, 0x00, 0x06, 0xFF, 0xFE, 0x40, 0x00, 0x01, 0xFF, 0x00, 0x00,
    0x00, 0x0F, 0xF0, 0x00, 0x00, 0x00, 0xFF, 0x00, 0x00, 0x00, 0x0F, 0xF0, 0x00, 0x00, 0x00, 0xFF,
    0x00, 0x00, 0x00, 0x0F, 0xF0, 0x00, 0x00, 0x00, 0xFF, 0x00, 0x00, 0x00, 0x0F, 0xF0, 0x00, 0x00,
    0x00, 0xFF, 0x00, 0x00, 0x00, 0x0F, 0xF0, 0x00, 0x00, 0x00, 0xFF, 0x00, 0x00, 0x00, 0x0F, 0xF0,
    0x00, 0x00, 0x00, 0xFF, 0x00, 0x00, 0x00, 0x0F, 0xF0, 0x01, 0xE4, 0x00, 0xFE, 0x00, 0x7F, 0xC0,
    0x1F, 0xE0, 0x0F, 0xFC, 0x01, 0xFD, 0x00, 0xFF, 0x40, 0x3F, 0xC0, 0x0B, 0xF4, 0x0B, 0xF8, 0x00,
    0x3F, 0xFF, 0xFE, 0x00, 0x00, 0xBF, 0xFF, 0x40, 0x00, 0x00, 0x55, 0x00, 0x00, 0x00, 0x00, 0x00,
    0x00, 0x00, 0xBD, 0x00, 0x01, 0xFF, 0x00, 0x03, 0xFF, 0x80, 0x0F, 0xEF, 0xD0, 0x2F, 0x42, 0xF4,
    0x7C, 0x00, 0x7C, 0x10, 0x00, 0x04, 0x00, 0x00, 0x00, 0x00, 0x00, 0x00, 0x0B, 0xFF, 0x80, 0x0F,
    0xFF, 0x80, 0x01, 0xBF, 0x80, 0x00, 0x7F, 0x80, 0x00, 0x3F, 0x80, 0x00, 0x3F, 0x80, 0x00, 0x3F,
    0x80, 0x00, 0x3F, 0x80, 0x00, 0x3F, 0x80, 0x00, 0x3F, 0x80, 0x00, 0x3F, 0x80, 0x00, 0x3F, 0x80,
    0x00, 0x3F, 0x80, 0x00, 0x3F, 0x80, 0x00, 0x3F, 0x80, 0x00, 0x3F, 0x80, 0x00, 0x3F, 0x40, 0x00,
    0x7F, 0x40, 0x00, 0x7F, 0x00, 0x00, 0xBF, 0x00, 0x00, 0xFD, 0x00, 0x02, 0xFC, 0x00, 0x07, 0xF0,
    0x00, 0x0B, 0xC0, 0x00, 0x01, 0x00, 0x00, 0x15, 0x55, 0x54, 0x05, 0x55, 0x50, 0x3F, 0xFF, 0xFC,
    0x0F, 0xFF, 0xF0, 0x2B, 0xFF, 0xE4, 0x0B, 0xFF, 0xE0, 0x01, 0xFF, 0x00, 0x00, 0xFE, 0x00, 0x00,
    0xFF, 0x00, 0x01, 0xF4, 0x00, 0x00, 0xFF, 0x00, 0x07, 0xD0, 0x00, 0x00, 0xFF, 0x00, 0x1F, 0x80,
    0x00, 0x00, 0xFF, 0x00, 0x7E, 0x00, 0x00, 0x00, 0xFF, 0x01, 0xF8, 0x00, 0x00, 0x00, 0xFF, 0x07,
    0xE0, 0x00, 0x00, 0x00, 0xFF, 0x1F, 0xC0, 0x00, 0x00, 0x00, 0xFF, 0x7F, 0xC0, 0x00, 0x00, 0x00,
    0xFF, 0xFF, 0xF0, 0x00, 0x00, 0x00, 0xFF, 0xEF, 0xF8, 0x00, 0x00, 0x00, 0xFF, 0x87, 0xFC, 0x00,
    0x00, 0x00, 0xFF, 0x03, 0xFF, 0x00, 0x00, 0x00, 0xFF, 0x00, 0xFF, 0x40, 0x00, 0x00, 0xFF, 0x00,
    0xBF, 0xC0, 0x00, 0x00, 0xFF, 0x00, 0x3F, 0xF0, 0x00, 0x00, 0xFF, 0x00, 0x1F, 0xF4, 0x00, 0x00,
    0xFF, 0x00, 0x0B, 0xFC, 0x00, 0x02, 0xFF, 0x40, 0x03, 0xFF, 0x40, 0x3F, 0xFF, 0xF8, 0x01, 0xFF,
    0xFF, 0x3F, 0xFF, 0xFC, 0x00, 0x7F, 0xFD, 0x00, 0x00, 0x00, 0x00, 0x05, 0x50, 0x00, 0x00, 0x00,
    0x00, 0x00, 0x00, 0x00, 0x00, 0x0F, 0xD0, 0x00, 0x00, 0x00, 0x00, 0x1F, 0xF0, 0x00, 0x00, 0x00,
    0x00, 0x1F, 0xF0, 0x00, 0x00, 0x00, 0x00, 0x07, 0xF0, 0x00, 0x00, 0x00, 0x00, 0x02, 0xE0, 0x00,
    0x00, 0x00, 0x00, 0x07, 0xC0, 0x00, 0x00, 0x00, 0x00, 0x0F, 0x00, 0x00, 0x00, 0x00, 0x00, 0x00,
    0x00, 0x00, 0x00, 0x15, 0x64, 0x00, 0x00, 0x00, 0x2F, 0xFF, 0x00, 0x00, 0x00, 0x07, 0xFF, 0xC0,
    0x00, 0x00, 0x00, 0x0F, 0xF0, 0x00, 0x00, 0x00, 0x03, 0xFC, 0x00, 0x00, 0x00, 0x00, 0xFF, 0x00,
    0x00, 0x00, 0x00, 0x3F, 0xC0, 0x00, 0x00, 0x00, 0x0F, 0xF0, 0x00, 0x00, 0x00, 0x03, 0xFC, 0x00,
    0x00, 0x00, 0x00, 0xFF, 0x00, 0xFF, 0xFF, 0x00, 0x3F, 0xC0, 0x3F, 0xFF, 0x80, 0x0F, 0xF0, 0x01,
    0xFE, 0x00, 0x03, 0xFC, 0x00, 0xFD, 0x00, 0x00, 0xFF, 0x00, 0xFC, 0x00, 0x00, 0x3F, 0xC1, 0xFC,
    0x00, 0x00, 0x0F, 0xF1, 0xF8, 0x00, 0x00, 0x03, 0xFD, 0xFC, 0x00, 0x00, 0x00, 0xFF, 0xBF, 0xC0,
    0x00, 0x00, 0x3F, 0xCF, 0xFC, 0x00, 0x00, 0x0F, 0xF0, 0xFF, 0x80, 0x00, 0x03, 0xFC, 0x1F, 0xF8,
    0x00, 0x00, 0xFF, 0x01, 0xFF, 0x40, 0x00, 0x3F, 0xC0, 0x2F, 0xF4, 0x00, 0x1F, 0xF0, 0x03, 0xFF,
    0x44, 0xBF, 0xFF, 0xC0, 0x3F, 0xFF, 0x2F, 0xFF, 0xF0, 0x03, 0xFF, 0x40, 0x00, 0x00, 0x00, 0x05,
    0x00, 0x00, 0x00, 0x00, 0x00, 0x00, 0x00, 0x00, 0xFD, 0x00, 0x00, 0x00, 0x00, 0xBF, 0xC0, 0x00,
    0x00, 0x00, 0x1F, 0xF0, 0x00, 0x00, 0x00, 0x01, 0xFC, 0x00, 0x00, 0x00, 0x00, 0x3E, 0x00, 0x00,
    0x00, 0x00, 0x1F, 0x00, 0x00, 0x00, 0x00, 0x0F, 0x00, 0x00, 0x00, 0x00, 0x00, 0x00, 0x00, 0x00,
    0x00, 0x00, 0x00, 0x00, 0x00, 0x2F, 0xFF, 0x00, 0xFF, 0xFF, 0x0B, 0xFF, 0xC0, 0x3F, 0xFF, 0x80,
    0x1F, 0xF0, 0x01, 0xFE, 0x00, 0x03, 0xFC, 0x00, 0xFD, 0x00, 0x00, 0xFF, 0x00, 0xFC, 0x00, 0x00,
    0x3F, 0xC1, 0xFC, 0x00, 0x00, 0x0F, 0xF1, 0xF8, 0x00, 0x00, 0x03, 0xFD, 0xFC, 0x00, 0x00, 0x00,
    0xFF, 0xBF, 0xC0, 0x00, 0x00, 0x3F, 0xCF, 0xFC, 0x00, 0x00, 0x0F, 0xF0, 0xFF, 0x80, 0x00, 0x03,
    0xFC, 0x1F, 0xF8, 0x00, 0x00, 0xFF, 0x01, 0xFF, 0x40, 0x00, 0x3F, 0xC0, 0x2F, 0xF4, 0x00, 0x1F,
    0xF0, 0x03, 0xFF, 0x44, 0xBF, 0xFF, 0xC0, 0x3F, 0xFF, 0x2F, 0xFF, 0xF0, 0x03, 0xFF, 0x40, 0x00,
    0x00, 0x00, 0x05, 0x00, 0x00, 0x02, 0xD0, 0x00, 0x00, 0x00, 0x2F, 0xC0, 0x00, 0x00, 0x03, 0xFF,
    0x00, 0x00, 0x00, 0x3F, 0xE0, 0x00, 0x00, 0x03, 0xF8, 0x00, 0x00, 0x00, 0x0D, 0x00, 0x00, 0x00,
    0x00, 0x00, 0x00, 0x00, 0x00, 0x05, 0x55, 0x55, 0x00, 0x00, 0x3F, 0xFF, 0xFC, 0x00, 0x00, 0xAF,
    0xFF, 0xA0, 0x00, 0x00, 0x1F, 0xF0, 0x00, 0x00, 0x00, 0x7F, 0xC0, 0x00, 0x00, 0x01, 0xFF, 0x00,
    0x00, 0x00, 0x07, 0xFC, 0x00, 0x00, 0x00, 0x1F, 0xF0, 0x00, 0x00, 0x00, 0x7F, 0xC0, 0x00, 0x00,
    0x01, 0xFF, 0x00, 0x00, 0x00, 0x07, 0xFC, 0x00, 0x00, 0x00, 0x1F, 0xF0, 0x00, 0x00, 0x00, 0x7F,
    0xC0, 0x00, 0x00, 0x01, 0xFF, 0x00, 0x00, 0x00, 0x07, 0xFC, 0x00, 0x00, 0x00, 0x1F, 0xF0, 0x00,
    0x00, 0x00, 0x7F, 0xC0, 0x00, 0x14, 0x01, 0xFF, 0x00, 0x00, 0xF4, 0x07, 0xFC, 0x00, 0x07, 0xD0,
    0x1F, 0xF0, 0x00, 0x2F, 0x00, 0x7F, 0xC0, 0x01, 0xFC, 0x02, 0xFF, 0x00, 0x2F, 0xF0, 0xFF, 0xFF,
    0xFF, 0xFF, 0xC3, 0xFF, 0xFF, 0xFF, 0xFF, 0x00, 0x00, 0x1E, 0x00, 0x0B, 0xF0, 0x02, 0xFF, 0x00,
    0xBF, 0xD0, 0x3F, 0x90, 0x03, 0x80, 0x00, 0x00, 0x00, 0x01, 0x56, 0x40, 0xBF, 0xFC, 0x07, 0xFF,
    0xC0, 0x03, 0xFC, 0x00, 0x3F, 0xC0, 0x03, 0xFC, 0x00, 0x3F, 0xC0, 0x03, 0xFC, 0x00, 0x3F, 0xC0,
    0x03, 0xFC, 0x00, 0x3F, 0xC0, 0x03, 0xFC, 0x00, 0x3F, 0xC0, 0x03, 0xFC, 0x00, 0x3F, 0xC0, 0x03,
    0xFC, 0x00, 0x3F, 0xC0, 0x03, 0xFC, 0x00, 0x3F, 0xC0, 0x03, 0xFC, 0x00, 0x3F, 0xC0, 0x03, 0xFC,
    0x00, 0x3F, 0xC0, 0x07, 0xFD, 0x0B, 0xFF, 0xFE, 0xBF, 0xFF, 0xE0, 0x15, 0x55, 0x54, 0x00, 0x00,
    0xFF, 0xFF, 0xF0, 0x00, 0x02, 0xBF, 0xFE, 0x80, 0x00, 0x00, 0x7F, 0xC0, 0x00, 0x00, 0x01, 0xFF,
    0x00, 0x00, 0x00, 0x07, 0xFC, 0x00, 0x00, 0x00, 0x1F, 0xF0, 0x00, 0x00, 0x00, 0x7F, 0xC0, 0x00,
    0x00, 0x01, 0xFF, 0x00, 0x00, 0x00, 0x07, 0xFC, 0x00, 0x00, 0x00, 0x1F, 0xF0, 0x00, 0x00, 0x00,
    0x7F, 0xC0, 0x00, 0x00, 0x01, 0xFF, 0x00, 0x00, 0x00, 0x07, 0xFC, 0x00, 0x00, 0x00, 0x1F, 0xF0,
    0x00, 0x00, 0x00, 0x7F, 0xC0, 0x00, 0x00, 0x01, 0xFF, 0x00, 0x00, 0x50, 0x07, 0xFC, 0x00, 0x03,
    0xD0, 0x1F, 0xF0, 0x00, 0x1F, 0x40, 0x7F, 0xC0, 0x00, 0xBC, 0x01, 0xFF, 0x00, 0x07, 0xF0, 0x0B,
    0xFC, 0x00, 0xBF, 0xC3, 0xFF, 0xFF, 0xFF, 0xFF, 0x0F, 0xFF, 0xFF, 0xFF, 0xFC, 0x00, 0x00, 0x00,
    0x00, 0x00, 0x00, 0x00, 0x00, 0x00, 0x00, 0x00, 0x0B, 0xE0, 0x00, 0x00, 0x00, 0x3F, 0xC0, 0x00,
    0x00, 0x00, 0xFF, 0x40, 0x00, 0x00, 0x01, 0xBC, 0x00, 0x00, 0x00, 0x01, 0xF0, 0x00, 0x00, 0x00,
    0x0F, 0x40, 0x00, 0x00, 0x00, 0xB4, 0x00, 0x00, 0x00, 0x00, 0x00, 0x00, 0x00, 0x15, 0x64, 0x0B,
    0xFF, 0xC0, 0x7F, 0xFC, 0x00, 0x3F, 0xC0, 0x03, 0xFC, 0x00, 0x3F, 0xC0, 0x03, 0xFC, 0x00, 0x3F,
    0xC0, 0x03, 0xFC, 0x00, 0x3F, 0xC0, 0x03, 0xFC, 0x00, 0x3F, 0xC0, 0x03, 0xFC, 0x00, 0x3F, 0xC0,
    0x03, 0xFC, 0x00, 0x3F, 0xC0, 0x03, 0xFC, 0x00, 0x3F, 0xC0, 0x03, 0xFC, 0x00, 0x3F, 0xC0, 0x03,
    0xFC, 0x00, 0x3F, 0xC0, 0x03, 0xFC, 0x00, 0x7F, 0xD0, 0xBF, 0xFF, 0xEB, 0xFF, 0xFE, 0x00, 0x00,
    0x00, 0x00, 0x00, 0x02, 0xF8, 0x00, 0x7F, 0xC0, 0x03, 0xFD, 0x00, 0x1B, 0xC0, 0x00, 0xBC, 0x00,
    0x0F, 0x00, 0x02, 0xD0, 0x00, 0x00, 0x00, 0x00, 0x00, 0x00, 0x2F, 0x00, 0x00, 0x00, 0x00, 0xFF,
    0x01, 0x55, 0x55, 0x43, 0xFC, 0x0F, 0xFF, 0xFF, 0x03, 0xF0, 0x2B, 0xFF, 0xE8, 0x0F, 0x80, 0x07,
    0xFC, 0x00, 0x3C, 0x00, 0x1F, 0xF0, 0x03, 0xD0, 0x00, 0x7F, 0xC0, 0x0D, 0x00, 0x01, 0xFF, 0x00,
    0x00, 0x00, 0x07, 0xFC, 0x00, 0x00, 0x00, 0x1F, 0xF0, 0x00, 0x00, 0x00, 0x7F, 0xC0, 0x00, 0x00,
    0x01, 0xFF, 0x00, 0x00, 0x00, 0x07, 0xFC, 0x00, 0x00, 0x00, 0x1F, 0xF0, 0x00, 0x00, 0x00, 0x7F,
    0xC0, 0x00, 0x00, 0x01, 0xFF, 0x00, 0x00, 0x00, 0x07, 0xFC, 0x00, 0x00, 0x00, 0x1F, 0xF0, 0x00,
    0x05, 0x00, 0x7F, 0xC0, 0x00, 0x3D, 0x01, 0xFF, 0x00, 0x01, 0xF4, 0x07, 0xFC, 0x00, 0x0B, 0xC0,
    0x1F, 0xF0, 0x00, 0x7F, 0x00, 0xBF, 0xC0, 0x0B, 0xFC, 0x3F, 0xFF, 0xFF, 0xFF, 0xF0, 0xFF, 0xFF,
    0xFF, 0xFF, 0xC0, 0x15, 0x64, 0x2E, 0x2F, 0xFF, 0x2F, 0xD7, 0xFF, 0xC7, 0xF8, 0x0F, 0xF0, 0xBE,
    0x03, 0xFC, 0x0F, 0x00, 0xFF, 0x0B, 0x80, 0x3F, 0xC3, 0xC0, 0x0F, 0xF1, 0xC0, 0x03, 0xFC, 0x00,
    0x00, 0xFF, 0x00, 0x00, 0x3F, 0xC0, 0x00, 0x0F, 0xF0, 0x00, 0x03, 0xFC, 0x00, 0x00, 0xFF, 0x00,
    0x00, 0x3F, 0xC0, 0x00, 0x0F, 0xF0, 0x00, 0x03, 0xFC, 0x00, 0x00, 0xFF, 0x00, 0x00, 0x3F, 0xC0,
    0x00, 0x0F, 0xF0, 0x00, 0x03, 0xFC, 0x00, 0x00, 0xFF, 0x00, 0x00, 0x3F, 0xC0, 0x00, 0x1F, 0xF4,
    0x00, 0xBF, 0xFF, 0xE0, 0x2F, 0xFF, 0xF8, 0x00, 0x15, 0x55, 0x54, 0x00, 0x00, 0xFF, 0xFF, 0xF0,
    0x00, 0x02, 0xBF, 0xFE, 0x80, 0x00, 0x00, 0x7F, 0xC0, 0x00, 0x00, 0x01, 0xFF, 0x00, 0x00, 0x00,
    0x07, 0xFC, 0x00, 0x00, 0x00, 0x1F, 0xF0, 0x00, 0x00, 0x00, 0x7F, 0xC0, 0x00, 0x00, 0x01, 0xFF,
    0x00, 0x00, 0x40, 0x07, 0xFC, 0x00, 0x3F, 0xC0, 0x1F, 0xF0, 0x01, 0xFF, 0x80, 0x7F, 0xC0, 0x07,
    0xFE, 0x01, 0xFF, 0x00, 0x0F, 0xF4, 0x07, 0xFC, 0x00, 0x05, 0x00, 0x1F, 0xF0, 0x00, 0x00, 0x00,
    0x7F, 0xC0, 0x00, 0x00, 0x01, 0xFF, 0x00, 0x00, 0x50, 0x07, 0xFC, 0x00, 0x03, 0xD0, 0x1F, 0xF0,
    0x00, 0x1F, 0x40, 0x7F, 0xC0, 0x00, 0xBC, 0x01, 0xFF, 0x00, 0x07, 0xF0, 0x0B, 0xFC, 0x00, 0xBF,
    0xC3, 0xFF, 0xFF, 0xFF, 0xFF, 0x0F, 0xFF, 0xFF, 0xFF, 0xFC, 0x15, 0x64, 0x00, 0x0B, 0xFF, 0xC0,
    0x00, 0x7F, 0xFC, 0x00, 0x00, 0x3F, 0xC0, 0x00, 0x03, 0xFC, 0x00, 0x00, 0x3F, 0xC0, 0x00, 0x03,
    0xFC, 0x00, 0x00, 0x3F, 0xC0, 0x00, 0x03, 0xFC, 0x00, 0x00, 0x3F, 0xC0, 0x00, 0x03, 0xFC, 0x01,
    0x00, 0x3F, 0xC3, 0xFC, 0x03, 0xFC, 0x7F, 0xE0, 0x3F, 0xC7, 0xFE, 0x03, 0xFC, 0x3F, 0xD0, 0x3F,
    0xC0, 0x50, 0x03, 0xFC, 0x00, 0x00, 0x3F, 0xC0, 0x00, 0x03, 0xFC, 0x00, 0x00, 0x3F, 0xC0, 0x00,
    0x03, 0xFC, 0x00, 0x00, 0x3F, 0xC0, 0x00, 0x03, 0xFC, 0x00, 0x00, 0x7F, 0xD0, 0x00, 0xBF, 0xFF,
    0xE0, 0x0B, 0xFF, 0xFE, 0x00, 0x05, 0x55, 0x55, 0x00, 0x00, 0x0F, 0xFF, 0xFF, 0x00, 0x00, 0x0A,
    0xFF, 0xFA, 0x00, 0x00, 0x00, 0x7F, 0xC0, 0x00, 0x00, 0x00, 0x7F, 0xC0, 0x00, 0x00, 0x00, 0x7F,
    0xC0, 0x00, 0x00, 0x00, 0x7F, 0xC0, 0x00, 0x00, 0x00, 0x7F, 0xC0, 0x24, 0x00, 0x00, 0x7F, 0xC2,
    0xF8, 0x00, 0x00, 0x7F, 0xDF, 0xF4, 0x00, 0x00, 0x7F, 0xFF, 0x80, 0x00, 0x00, 0x7F, 0xF8, 0x00,
    0x00, 0x07, 0xFF, 0xC0, 0x00, 0x00, 0x3F, 0xFF, 0xC0, 0x00, 0x00, 0x7E, 0x7F, 0xC0, 0x00, 0x00,
    0x70, 0x7F, 0xC0, 0x00, 0x00, 0x00, 0x7F, 0xC0, 0x00, 0x14, 0x00, 0x7F, 0xC0, 0x00, 0x3D, 0x00,
    0x7F, 0xC0, 0x00, 0x7D, 0x00, 0x7F, 0xC0, 0x00, 0xBC, 0x00, 0x7F, 0xC0, 0x01, 0xFC, 0x00, 0xBF,
    0xC0, 0x0B, 0xFC, 0x0F, 0xFF, 0xFF, 0xFF, 0xFC, 0x0F, 0xFF, 0xFF, 0xFF, 0xFC, 0x05, 0x55, 0x00,
    0x1F, 0xFF, 0x00, 0x1F, 0xFF, 0x00, 0x00, 0xFF, 0x00, 0x00, 0xFF, 0x00, 0x00, 0xFF, 0x00, 0x00,
    0xFF, 0x00, 0x00, 0xFF, 0x00, 0x00, 0xFF, 0x00, 0x00, 0xFF, 0x09, 0x00, 0xFF, 0xBD, 0x00, 0xFF,
    0xFC, 0x02, 0xFF, 0xD0, 0x2F, 0xFF, 0x00, 0x3F, 0xFF, 0x00, 0x38, 0xFF, 0x00, 0x00, 0xFF, 0x00,
    0x00, 0xFF, 0x00, 0x00, 0xFF, 0x00, 0x00, 0xFF, 0x00, 0x00, 0xFF, 0x00, 0x00, 0xFF, 0x00, 0x00,
    0xFF, 0x00, 0x00, 0xFF, 0x40, 0x2F, 0xFF, 0xF8, 0x2F, 0xFF, 0xF8, 0x00, 0x00, 0x00, 0x0B, 0x40,
    0x00, 0x00, 0x00, 0x00, 0x0B, 0xF0, 0x00, 0x00, 0x00, 0x00, 0x0F, 0xFC, 0x00, 0x00, 0x00, 0x00,
    0x0F, 0xF8, 0x00, 0x00, 0x00, 0x00, 0x0F, 0xE0, 0x00, 0x00, 0x00, 0x00, 0x03, 0x40, 0x00, 0x00,
    0x00, 0x00, 0x00, 0x00, 0x00, 0x00, 0x00, 0x55, 0x55, 0x00, 0x00, 0x55, 0x55, 0x3F, 0xFF, 0xC0,
    0x00, 0x7F, 0xFF, 0xCA, 0xFF, 0xFC, 0x00, 0x0B, 0xFF, 0x90, 0x1F, 0xFF, 0x40, 0x00, 0x2F, 0x00,
    0x07, 0xFF, 0xF0, 0x00, 0x0B, 0xC0, 0x01, 0xFB, 0xFE, 0x00, 0x02, 0xF0, 0x00, 0x7D, 0xBF, 0xC0,
    0x00, 0xBC, 0x00, 0x1F, 0x4F, 0xF8, 0x00, 0x2F, 0x00, 0x07, 0xD1, 0xFF, 0x40, 0x0B, 0xC0, 0x01,
    0xF4, 0x2F, 0xF0, 0x02, 0xF0, 0x00, 0x7D, 0x03, 0xFD, 0x00, 0xBC, 0x00, 0x1F, 0x40, 0xBF, 0xC0,
    0x2F, 0x00, 0x07, 0xD0, 0x0F, 0xF8, 0x0B, 0xC0, 0x01, 0xF4, 0x01, 0xFF, 0x02, 0xF0, 0x00, 0x7D,
    0x00, 0x2F, 0xF0, 0xBC, 0x00, 0x1F, 0x40, 0x03, 0xFD, 0x2F, 0x00, 0x07, 0xD0, 0x00, 0xBF, 0xCB,
    0xC0, 0x01, 0xF4, 0x00, 0x0F, 0xFA, 0xF0, 0x00, 0x7D, 0x00, 0x01, 0xFF, 0xFC, 0x00, 0x1F, 0x40,
    0x00, 0x2F, 0xFF, 0x00, 0x07, 0xD0, 0x00, 0x03, 0xFF, 0xC0, 0x02, 0xFC, 0x00, 0x00, 0xBF, 0xF0,
    0x0F, 0xFF, 0xF0, 0x00, 0x0F, 0xFC, 0x03, 0xFF, 0xFC, 0x00, 0x01, 0xFF, 0x00, 0x00, 0x00, 0x00,
    0x00, 0x00, 0x00, 0x00, 0x00, 0x7C, 0x00, 0x00, 0x00, 0x00, 0x3F, 0x40, 0x00, 0x00, 0x00, 0x3F,
    0xD0, 0x00, 0x00, 0x00, 0x2F, 0xD0, 0x00, 0x00, 0x00, 0x1F, 0xC0, 0x00, 0x00, 0x00, 0x0F, 0x80,
    0x00, 0x00, 0x00, 0x01, 0x00, 0x00, 0x00, 0x00, 0x00, 0x00, 0x00, 0x00, 0x00, 0x00, 0x00, 0x54,
    0x00, 0x07, 0xFF, 0x42, 0xFF, 0xE0, 0x02, 0xFF, 0xD7, 0xFF, 0xFF, 0x00, 0x0B, 0xFB, 0xE5, 0xBF,
    0xD0, 0x00, 0xFF, 0xC0, 0x07, 0xF8, 0x00, 0x3F, 0xD0, 0x00, 0xFF, 0x00, 0x0F, 0xF0, 0x00, 0x3F,
    0xC0, 0x03, 0xFC, 0x00, 0x0F, 0xF0, 0x00, 0xFF, 0x00, 0x03, 0xFC, 0x00, 0x3F, 0xC0, 0x00, 0xFF,
    0x00, 0x0F, 0xF0, 0x00, 0x3F, 0xC0, 0x03, 0xFC, 0x00, 0x0F, 0xF0, 0x00, 0xFF, 0x00, 0x03, 0xFC,
    0x00, 0x3F, 0xC0, 0x00, 0xFF, 0x00, 0x0F, 0xF0, 0x00, 0x3F, 0xC0, 0x03, 0xFC, 0x00, 0x0F, 0xF0,
    0x0F, 0xFF, 0xF0, 0x3F, 0xFF, 0xD7, 0xFF, 0xFD, 0x0F, 0xFF, 0xF4, 0x15, 0x55, 0x40, 0x00, 0x15,
    0x55, 0x4F, 0xFF, 0xF0, 0x00, 0x1F, 0xFF, 0xF2, 0xBF, 0xFF, 0x00, 0x02, 0xFF, 0xE4, 0x07, 0xFF,
    0xD0, 0x00, 0x0B, 0xC0, 0x01, 0xFF, 0xFC, 0x00, 0x02, 0xF0, 0x00, 0x7E, 0xFF, 0x80, 0x00, 0xBC,
    0x00, 0x1F, 0x6F, 0xF0, 0x00, 0x2F, 0x00, 0x07, 0xD3, 0xFE, 0x00, 0x0B, 0xC0, 0x01, 0xF4, 0x7F,
    0xD0, 0x02, 0xF0, 0x00, 0x7D, 0x0B, 0xFC, 0x00, 0xBC, 0x00, 0x1F, 0x40, 0xFF, 0x40, 0x2F, 0x00,
    0x07, 0xD0, 0x2F, 0xF0, 0x0B, 0xC0, 0x01, 0xF4, 0x03, 0xFE, 0x02, 0xF0, 0x00, 0x7D, 0x00, 0x7F,
    0xC0, 0xBC, 0x00, 0x1F, 0x40, 0x0B, 0xFC, 0x2F, 0x00, 0x07, 0xD0, 0x00, 0xFF, 0x4B, 0xC0, 0x01,
    0xF4, 0x00, 0x2F, 0xF2, 0xF0, 0x00, 0x7D, 0x00, 0x03, 0xFE, 0xBC, 0x00, 0x1F, 0x40, 0x00, 0x7F,
    0xFF, 0x00, 0x07, 0xD0, 0x00, 0x0B, 0xFF, 0xC0, 0x01, 0xF4, 0x00, 0x00, 0xFF, 0xF0, 0x00, 0xBF,
    0x00, 0x00, 0x2F, 0xFC, 0x03, 0xFF, 0xFC, 0x00, 0x03, 0xFF, 0x00, 0xFF, 0xFF, 0x00, 0x00, 0x7F,
    0xC0, 0x00, 0x00, 0x00, 0x00, 0x00, 0x00, 0x00, 0x00, 0x00, 0x00, 0x00, 0x00, 0x00, 0x00, 0x00,
    0x3F, 0x40, 0x00, 0x00, 0x00, 0x00, 0x2F, 0xF0, 0x00, 0x00, 0x00, 0x00, 0x07, 0xFC, 0x00, 0x00,
    0x00, 0x00, 0x00, 0x7F, 0x00, 0x00, 0x00, 0x00, 0x00, 0x0F, 0x80, 0x00, 0x00, 0x00, 0x00, 0x07,
    0xC0, 0x00, 0x00, 0x00, 0x00, 0x03, 0xC0, 0x00, 0x00, 0x00, 0x00, 0x00, 0x00, 0x00, 0x00, 0x00,
    0x00, 0x00, 0x01, 0x50, 0x00, 0x1F, 0xFD, 0x0B, 0xFF, 0x80, 0x0B, 0xFF, 0x5F, 0xFF, 0xFC, 0x00,
    0x2F, 0xEF, 0x96, 0xFF, 0x40, 0x03, 0xFF, 0x00, 0x1F, 0xE0, 0x00, 0xFF, 0x40, 0x03, 0xFC, 0x00,
    0x3F, 0xC0, 0x00, 0xFF, 0x00, 0x0F, 0xF0, 0x00, 0x3F, 0xC0, 0x03, 0xFC, 0x00, 0x0F, 0xF0, 0x00,
    0xFF, 0x00, 0x03, 0xFC, 0x00, 0x3F, 0xC0, 0x00, 0xFF, 0x00, 0x0F, 0xF0, 0x00, 0x3F, 0xC0, 0x03,
    0xFC, 0x00, 0x0F, 0xF0, 0x00, 0xFF, 0x00, 0x03, 0xFC, 0x00, 0x3F, 0xC0, 0x00, 0xFF, 0x00, 0x0F,
    0xF0, 0x00, 0x3F, 0xC0, 0x3F, 0xFF, 0xC0, 0xFF, 0xFF, 0x5F, 0xFF, 0xF4, 0x3F, 0xFF, 0xD0, 0x00,
    0x00, 0x00, 0x00, 0x00, 0x00, 0x00, 0x00, 0x00, 0x00, 0x00, 0x00, 0x7F, 0x00, 0x00, 0x00, 0x00,
    0x3F, 0xE0, 0x00, 0x00, 0x00, 0x0B, 0xFC, 0x00, 0x00, 0x00, 0x00, 0x7E, 0x00, 0x00, 0x00, 0x00,
    0x0F, 0x40, 0x00, 0x00, 0x00, 0x0B, 0x80, 0x00, 0x00, 0x00, 0x03, 0x80, 0x00, 0x00, 0x00, 0x00,
    0x00, 0x00, 0x00, 0x00, 0x00, 0x40, 0x00, 0x10, 0x00, 0x00, 0x00, 0xB8, 0x00, 0x7C, 0x00, 0x00,
    0x00, 0x0F, 0xD0, 0xBD, 0x00, 0x00, 0x00, 0x00, 0xFF, 0xFE, 0x00, 0x00, 0x00, 0x00, 0x0F, 0xFE,
    0x00, 0x00, 0x00, 0x00, 0x01, 0xFE, 0x00, 0x00, 0x00, 0x00, 0x00, 0x1E, 0x00, 0x00, 0x00, 0x00,
    0x00, 0x00, 0x00, 0x00, 0x00, 0x15, 0x55, 0x40, 0x00, 0x15, 0x55, 0x4F, 0xFF, 0xF0, 0x00, 0x1F,
    0xFF, 0xF2, 0xBF, 0xFF, 0x00, 0x02, 0xFF, 0xE4, 0x07, 0xFF, 0xD0, 0x00, 0x0B, 0xC0, 0x01, 0xFF,
    0xFC, 0x00, 0x02, 0xF0, 0x00, 0x7E, 0xFF, 0x80, 0x00, 0xBC, 0x00, 0x1F, 0x6F, 0xF0, 0x00, 0x2F,
    0x00, 0x07, 0xD3, 0xFE, 0x00, 0x0B, 0xC0, 0x01, 0xF4, 0x7F, 0xD0, 0x02, 0xF0, 0x00, 0x7D, 0x0B,
    0xFC, 0x00, 0xBC, 0x00, 0x1F, 0x40, 0xFF, 0x40, 0x2F, 0x00, 0x07, 0xD0, 0x2F, 0xF0, 0x0B, 0xC0,
    0x01, 0xF4, 0x03, 0xFE, 0x02, 0xF0, 0x00, 0x7D, 0x00, 0x7F, 0xC0, 0xBC, 0x00, 0x1F, 0x40, 0x0B,
    0xFC, 0x2F, 0x00, 0x07, 0xD0, 0x00, 0xFF, 0x4B, 0xC0, 0x01, 0xF4, 0x00, 0x2F, 0xF2, 0xF0, 0x00,
    0x7D, 0x00, 0x03, 0xFE, 0xBC, 0x00, 0x1F, 0x40, 0x00, 0x7F, 0xFF, 0x00, 0x07, 0xD0, 0x00, 0x0B,
    0xFF, 0xC0, 0x01, 0xF4, 0x00, 0x00, 0xFF, 0xF0, 0x00, 0xBF, 0x00, 0x00, 0x2F, 0xFC, 0x03, 0xFF,
    0xFC, 0x00, 0x03, 0xFF, 0x00, 0xFF, 0xFF, 0x00, 0x00, 0x7F, 0xC0, 0x00, 0x00, 0x00, 0x00, 0x00,
    0x00, 0x0B, 0x00, 0x07, 0x40, 0x00, 0x01, 0xF4, 0x0B, 0xC0, 0x00, 0x00, 0x2F, 0x8F, 0xD0, 0x00,
    0x00, 0x03, 0xFF, 0xE0, 0x00, 0x00, 0x00, 0x3F, 0xF0, 0x00, 0x00, 0x00, 0x07, 0xF0, 0x00, 0x00,
    0x00, 0x00, 0x60, 0x00, 0x00, 0x00, 0x00, 0x00, 0x00, 0x00, 0x00, 0x00, 0x00, 0x54, 0x00, 0x07,
    0xFF, 0x42, 0xFF, 0xE0, 0x02, 0xFF, 0xD7, 0xFF, 0xFF, 0x00, 0x0B, 0xFB, 0xE5, 0xBF, 0xD0, 0x00,
    0xFF, 0xC0, 0x07, 0xF8, 0x00, 0x3F, 0xD0, 0x00, 0xFF, 0x00, 0x0F, 0xF0, 0x00, 0x3F, 0xC0, 0x03,
    0xFC, 0x00, 0x0F, 0xF0, 0x00, 0xFF, 0x00, 0x03, 0xFC, 0x00, 0x3F, 0xC0, 0x00, 0xFF, 0x00, 0x0F,
    0xF0, 0x00, 0x3F, 0xC0, 0x03, 0xFC, 0x00, 0x0F, 0xF0, 0x00, 0xFF, 0x00, 0x03, 0xFC, 0x00, 0x3F,
    0xC0, 0x00, 0xFF, 0x00, 0x0F, 0xF0, 0x00, 0x3F, 0xC0, 0x03, 0xFC, 0x00, 0x0F, 0xF0, 0x0F, 0xFF,
    0xF0, 0x3F, 0xFF, 0xD7, 0xFF, 0xFD, 0x0F, 0xFF, 0xF4, 0x06, 0x40, 0x00, 0x00, 0x00, 0x00, 0x02,
    0xFE, 0x00, 0x00, 0x00, 0x00, 0x00, 0x3F, 0xF0, 0x00, 0x00, 0x00, 0x00, 0x03, 0xFF, 0x00, 0x00,
    0x00, 0x00, 0x00, 0x0B, 0xF0, 0x00, 0x00, 0x00, 0x00, 0x00, 0x2E, 0x00, 0x00, 0x00, 0x00, 0x00,
    0x03, 0xC0, 0x00, 0x00, 0x00, 0x00, 0x00, 0xF4, 0x00, 0x00, 0x00, 0x00, 0x00, 0x3D, 0x00, 0x00,
    0x00, 0x55, 0x00, 0x00, 0x00, 0xFF, 0xF0, 0x7F, 0xFD, 0x00, 0x00, 0x0F, 0xFF, 0x2F, 0xFF, 0xF4,
    0x00, 0x00, 0x1F, 0xFB, 0xD5, 0xFF, 0xC0, 0x00, 0x00, 0xBF, 0xE0, 0x03, 0xFC, 0x00, 0x00, 0x07,
    0xFC, 0x00, 0x2F, 0xD0, 0x00, 0x00, 0x7F, 0x80, 0x01, 0xFD, 0x00, 0x00, 0x07, 0xF4, 0x00, 0x1F,
    0xD0, 0x00, 0x00, 0x7F, 0x40, 0x01, 0xFD, 0x00, 0x00, 0x07, 0xF4, 0x00, 0x1F, 0xD0, 0x00, 0x00,
    0x7F, 0x40, 0x01, 0xFD, 0x00, 0x00, 0x07, 0xF4, 0x00, 0x1F, 0xD0, 0x00, 0x00, 0x7F, 0x40, 0x01,
    0xFD, 0x00, 0x00, 0x07, 0xF4, 0x00, 0x1F, 0xD0, 0x00, 0x00, 0x7F, 0x40, 0x01, 0xFD, 0x00, 0x00,
    0x0B, 0xF8, 0x00, 0x2F, 0xE0, 0x00, 0x0B, 0xFF, 0xF8, 0x2F, 0xFF, 0xF0, 0x00, 0xFF, 0xFF, 0xC2,
    0xFF, 0xFF, 0x15, 0x55, 0x40, 0x00, 0x15, 0x55, 0x4F, 0xFF, 0xF0, 0x00, 0x1F, 0xFF, 0xF2, 0xBF,
    0xFE, 0x00, 0x02, 0xFF, 0xE4, 0x07, 0xFF, 0xD0, 0x00, 0x0F, 0xC0, 0x01, 0xFF, 0xFC, 0x00, 0x02,
    0xF0, 0x00, 0x7E, 0xFF, 0x80, 0x00, 0xBC, 0x00, 0x1F, 0x9F, 0xF0, 0x00, 0x2F, 0x00, 0x07, 0xE3,
    0xFE, 0x00, 0x0B, 0xC0, 0x01, 0xF8, 0x7F, 0xD0, 0x02, 0xF0, 0x00, 0x7E, 0x0B, 0xFC, 0x00, 0xBC,
    0x00, 0x1F, 0x80, 0xFF, 0x80, 0x2F, 0x00, 0x07, 0xE0, 0x1F, 0xF0, 0x0B, 0xC0, 0x01, 0xF8, 0x03,
    0xFE, 0x02, 0xF0, 0x00, 0x7E, 0x00, 0x3F, 0xD0, 0xBC, 0x00, 0x1F, 0x80, 0x0B, 0xFC, 0x2F, 0x00,
    0x07, 0xE0, 0x00, 0xFF, 0x8B, 0xC0, 0x01, 0xF8, 0x00, 0x1F, 0xF2, 0xF0, 0x00, 0x7E, 0x00, 0x02,
    0xFE, 0xBC, 0x00, 0x1F, 0x80, 0x00, 0x3F, 0xFF, 0x00, 0x07, 0xE0, 0x00, 0x07, 0xFF, 0xC0, 0x01,
    0xF8, 0x00, 0x00, 0xFF, 0xF0, 0x00, 0xBF, 0x00, 0x00, 0x0F, 0xFC, 0x03, 0xFF, 0xFD, 0x00, 0x02,
    0xFF, 0x00, 0xFF, 0xFF, 0x40, 0x00, 0x3F, 0xC0, 0x00, 0x00, 0x00, 0x00, 0x0F, 0xF0, 0x00, 0x00,
    0x00, 0x00, 0x03, 0xF8, 0x00, 0x00, 0x00, 0x00, 0x01, 0xFD, 0x00, 0x00, 0x00, 0x00, 0x00, 0xBF,
    0x00, 0x00, 0x00, 0x00, 0x00, 0x3F, 0x00, 0x00, 0x00, 0x00, 0x00, 0x3F, 0x40, 0x00, 0x00, 0x00,
    0x00, 0x1F, 0x40, 0x00, 0x00, 0x00, 0x00, 0x01, 0x00, 0x00, 0x00, 0x00, 0x01, 0x50, 0x07, 0xFF,
    0x42, 0xFF, 0xE0, 0xBF, 0xF5, 0xFF, 0xFF, 0xC0, 0xBF, 0xBE, 0x5B, 0xFD, 0x03, 0xFF, 0x00, 0x1F,
    0xE0, 0x3F, 0xD0, 0x00, 0xFF, 0x03, 0xFC, 0x00, 0x0F, 0xF0, 0x3F, 0xC0, 0x00, 0xFF, 0x03, 0xFC,
    0x00, 0x0F, 0xF0, 0x3F, 0xC0, 0x00, 0xFF, 0x03, 0xFC, 0x00, 0x0F, 0xF0, 0x3F, 0xC0, 0x00, 0xFF,
    0x03, 0xFC, 0x00, 0x0F, 0xF0, 0x3F, 0xC0, 0x00, 0xFF, 0x03, 0xFC, 0x00, 0x0F, 0xF0, 0x3F, 0xC0,
    0x00, 0xFF, 0x3F, 0xFF, 0xC0, 0x0F, 0xF7, 0xFF, 0xFD, 0x00, 0xFF, 0x00, 0x00, 0x00, 0x0F, 0xE0,
    0x00, 0x00, 0x00, 0xFD, 0x00, 0x00, 0x00, 0x1F, 0xC0, 0x00, 0x00, 0x02, 0xF8, 0x00, 0x00, 0x00,
    0x7F, 0x00, 0x00, 0x00, 0x0F, 0xD0, 0x00, 0x00, 0x01, 0xF4, 0x00, 0x00, 0x00, 0x04, 0x00, 0x00,
    0x01, 0x55, 0x55, 0x40, 0x00, 0x00, 0x0F, 0xFF, 0xFF, 0x00, 0x00, 0x00, 0x3F, 0xFF, 0xFC, 0x00,
    0x00, 0x00, 0x55, 0x55, 0x50, 0x00, 0x00, 0x00, 0x00, 0x00, 0x00, 0x00, 0x00, 0x00, 0x00, 0x00,
    0x00, 0x00, 0x00, 0x06, 0xBE, 0x90, 0x00, 0x00, 0x02, 0xFF, 0xFF, 0xF8, 0x00, 0x00, 0x3F, 0xFA,
    0xBF, 0xFC, 0x00, 0x07, 0xFD, 0x00, 0x1F, 0xFC, 0x00, 0x3F, 0xC0, 0x00, 0x0F, 0xFC, 0x02, 0xFD,
    0x00, 0x00, 0x0F, 0xF8, 0x0F, 0xF0, 0x00, 0x00, 0x2F, 0xF0, 0xBF, 0x40, 0x00, 0x00, 0x3F, 0xD3,
    0xFC, 0x00, 0x00, 0x00, 0xFF, 0x8F, 0xF0, 0x00, 0x00, 0x02, 0xFF, 0x7F, 0xC0, 0x00, 0x00, 0x0B,
    0xFD, 0xFF, 0x00, 0x00, 0x00, 0x1F, 0xF7, 0xFC, 0x00, 0x00, 0x00, 0x7F, 0xDF, 0xF0, 0x00, 0x00,
    0x01, 0xFF, 0x7F, 0xC0, 0x00, 0x00, 0x0B, 0xF8, 0xFF, 0x00, 0x00, 0x00, 0x2F, 0xE3, 0xFD, 0x00,
    0x00, 0x00, 0xFF, 0x0B, 0xFC, 0x00, 0x00, 0x03, 0xFC, 0x0F, 0xF4, 0x00, 0x00, 0x1F, 0xD0, 0x2F,
    0xF0, 0x00, 0x00, 0xFF, 0x00, 0x3F, 0xF0, 0x00, 0x0F, 0xF0, 0x00, 0x3F, 0xF8, 0x02, 0xFF, 0x40,
    0x00, 0x3F, 0xFF, 0xFF, 0xF0, 0x00, 0x00, 0x1F, 0xFF, 0xFD, 0x00, 0x00, 0x00, 0x01, 0x55, 0x00,
    0x00, 0x00, 0x00, 0xBF, 0xFF, 0xF0, 0x00, 0x0F, 0xFF, 0xFF, 0x00, 0x00, 0xFF, 0xFF, 0xF0, 0x00,
    0x00, 0x00, 0x00, 0x00, 0x00, 0x00, 0x00, 0x00, 0x00, 0x00, 0x00, 0x00, 0x00, 0x00, 0x01, 0x54,
    0x00, 0x00, 0x07, 0xFF, 0xFD, 0x00, 0x02, 0xFF, 0xFF, 0xFC, 0x00, 0xBF, 0x40, 0x3F, 0xF0, 0x1F,
    0xE0, 0x00, 0xFF, 0x43, 0xFC, 0x00, 0x07, 0xFC, 0x3F, 0x80, 0x00, 0x3F, 0xC7, 0xF8, 0x00, 0x03,
    0xFD, 0x7F, 0x80, 0x00, 0x2F, 0xDB, 0xF8, 0x00, 0x02, 0xFD, 0xBF, 0x80, 0x00, 0x2F, 0xD7, 0xF8,
    0x00, 0x02, 0xFD, 0x7F, 0xC0, 0x00, 0x3F, 0xC3, 0xFD, 0x00, 0x03, 0xF8, 0x2F, 0xF0, 0x00, 0xBF,
    0x00, 0xFF, 0xC0, 0x2F, 0xE0, 0x03, 0xFF, 0xFF, 0xF8, 0x00, 0x0B, 0xFF, 0xFD, 0x00, 0x00, 0x01,
    0x54, 0x00, 0x00, 0x00, 0x00, 0x00, 0x00, 0x00, 0x00, 0x00, 0x2C, 0x00, 0x07, 0x00, 0x00, 0x00,
    0x78, 0x00, 0x3C, 0x00, 0x00, 0x00, 0xF8, 0x07, 0xE0, 0x00, 0x00, 0x02, 0xFF, 0xFF, 0x00, 0x00,
    0x00, 0x03, 0xFF, 0xF4, 0x00, 0x00, 0x00, 0x02, 0xFE, 0x00, 0x00, 0x00, 0x00, 0x00, 0x00, 0x00,
    0x00, 0x00, 0x00, 0x6B, 0xE9, 0x00, 0x00, 0x00, 0x2F, 0xFF, 0xFF, 0x80, 0x00, 0x03, 0xFF, 0xAB,
    0xFF, 0xC0, 0x00, 0x7F, 0xD0, 0x01, 0xFF, 0xC0, 0x03, 0xFC, 0x00, 0x00, 0xFF, 0xC0, 0x2F, 0xD0,
    0x00, 0x00, 0xFF, 0x80, 0xFF, 0x00, 0x00, 0x02, 0xFF, 0x0B, 0xF4, 0x00, 0x00, 0x03, 0xFD, 0x3F,
    0xC0, 0x00, 0x00, 0x0F, 0xF8, 0xFF, 0x00, 0x00, 0x00, 0x2F, 0xF7, 0xFC, 0x00, 0x00, 0x00, 0xBF,
    0xDF, 0xF0, 0x00, 0x00, 0x01, 0xFF, 0x7F, 0xC0, 0x00, 0x00, 0x07, 0xFD, 0xFF, 0x00, 0x00, 0x00,
    0x1F, 0xF7, 0xFC, 0x00, 0x00, 0x00, 0xBF, 0x8F, 0xF0, 0x00, 0x00, 0x02, 0xFE, 0x3F, 0xD0, 0x00,
    0x00, 0x0F, 0xF0, 0xBF, 0xC0, 0x00, 0x00, 0x3F, 0xC0, 0xFF, 0x40, 0x00, 0x01, 0xFD, 0x02, 0xFF,
    0x00, 0x00, 0x0F, 0xF0, 0x03, 0xFF, 0x00, 0x00, 0xFF, 0x00, 0x03, 0xFF, 0x80, 0x2F, 0xF4, 0x00,
    0x03, 0xFF, 0xFF, 0xFF, 0x00, 0x00, 0x01, 0xFF, 0xFF, 0xD0, 0x00, 0x00, 0x00, 0x15, 0x50, 0x00,
    0x00, 0x00, 0x90, 0x00, 0x60, 0x00, 0x0F, 0x00, 0x0B, 0x00, 0x00, 0xF8, 0x01, 0xF0, 0x00, 0x07,
    0xFA, 0xFD, 0x00, 0x00, 0x3F, 0xFF, 0xC0, 0x00, 0x00, 0xFF, 0xE0, 0x00, 0x00, 0x01, 0x50, 0x00,
    0x00, 0x00, 0x00, 0x00, 0x00, 0x00, 0x01, 0x54, 0x00, 0x00, 0x07, 0xFF, 0xFD, 0x00, 0x02, 0xFF,
    0xFF, 0xFC, 0x00, 0xBF, 0x40, 0x3F, 0xF0, 0x1F, 0xE0, 0x00, 0xFF, 0x43, 0xFC, 0x00, 0x07, 0xFC,
    0x3F, 0x80, 0x00, 0x3F, 0xC7, 0xF8, 0x00, 0x03, 0xFD, 0x7F, 0x80, 0x00, 0x2F, 0xDB, 0xF8, 0x00,
    0x02, 0xFD, 0xBF, 0x80, 0x00, 0x2F, 0xD7, 0xF8, 0x00, 0x02, 0xFD, 0x7F, 0xC0, 0x00, 0x3F, 0xC3,
    0xFD, 0x00, 0x03, 0xF8, 0x2F, 0xF0, 0x00, 0xBF, 0x00, 0xFF, 0xC0, 0x2F, 0xE0, 0x03, 0xFF, 0xFF,
    0xF8, 0x00, 0x0B, 0xFF, 0xFD, 0x00, 0x00, 0x01, 0x54, 0x00, 0x00, 0x00, 0x00, 0x00, 0x00, 0x00,
    0x00, 0x00, 0x00, 0x0B, 0xC0, 0x38, 0x00, 0x00, 0x00, 0xBF, 0x03, 0xF4, 0x00, 0x00, 0x07, 0xFC,
    0x3F, 0xD0, 0x00, 0x00, 0x7F, 0x83, 0xFD, 0x00, 0x00, 0x03, 0xE0, 0x3F, 0x40, 0x00, 0x00, 0x0D,
    0x00, 0xD0, 0x00, 0x00, 0x00, 0x00, 0x00, 0x00, 0x00, 0x00, 0x00, 0x6B, 0xE9, 0x00, 0x00, 0x00,
    0x2F, 0xFF, 0xFF, 0x80, 0x00, 0x03, 0xFF, 0xAB, 0xFF, 0xC0, 0x00, 0x7F, 0xD0, 0x01, 0xFF, 0xC0,
    0x03, 0xFC, 0x00, 0x00, 0xFF, 0xC0, 0x2F, 0xD0, 0x00, 0x00, 0xFF, 0x80, 0xFF, 0x00, 0x00, 0x02,
    0xFF, 0x0B, 0xF4, 0x00, 0x00, 0x03, 0xFD, 0x3F, 0xC0, 0x00, 0x00, 0x0F, 0xF8, 0xFF, 0x00, 0x00,
    0x00, 0x2F, 0xF7, 0xFC, 0x00, 0x00, 0x00, 0xBF, 0xDF, 0xF0, 0x00, 0x00, 0x01, 0xFF, 0x7F, 0xC0,
    0x00, 0x00, 0x07, 0xFD, 0xFF, 0x00, 0x00, 0x00, 0x1F, 0xF7, 0xFC, 0x00, 0x00, 0x00, 0xBF, 0x8F,
    0xF0, 0x00, 0x00, 0x02, 0xFE, 0x3F, 0xD0, 0x00, 0x00, 0x0F, 0xF0, 0xBF, 0xC0, 0x00, 0x00, 0x3F,
    0xC0, 0xFF, 0x40, 0x00, 0x01, 0xFD, 0x02, 0xFF, 0x00, 0x00, 0x0F, 0xF0, 0x03, 0xFF, 0x00, 0x00,
    0xFF, 0x00, 0x03, 0xFF, 0x80, 0x2F, 0xF4, 0x00, 0x03, 0xFF, 0xFF, 0xFF, 0x00, 0x00, 0x01, 0xFF,
    0xFF, 0xD0, 0x00, 0x00, 0x00, 0x15, 0x50, 0x00, 0x00, 0x00, 0x00, 0xB8, 0x0F, 0x00, 0x00, 0x0F,
    0xC3, 0xF4, 0x00, 0x03, 0xFC, 0xBF, 0x40, 0x00, 0x7F, 0x0F, 0xE0, 0x00, 0x0F, 0x83, 0xF4, 0x00,
    0x02, 0xD0, 0xB8, 0x00, 0x00, 0x04, 0x01, 0x00, 0x00, 0x00, 0x00, 0x00, 0x00, 0x00, 0x01, 0x54,
    0x00, 0x00, 0x07, 0xFF, 0xFD, 0x00, 0x02, 0xFF, 0xFF, 0xFC, 0x00, 0xBF, 0x40, 0x3F, 0xF0, 0x1F,
    0xE0, 0x00, 0xFF, 0x43, 0xFC, 0x00, 0x07, 0xFC, 0x3F, 0x80, 0x00, 0x3F, 0xC7, 0xF8, 0x00, 0x03,
    0xFD, 0x7F, 0x80, 0x00, 0x2F, 0xDB, 0xF8, 0x00, 0x02, 0xFD, 0xBF, 0x80, 0x00, 0x2F, 0xD7, 0xF8,
    0x00, 0x02, 0xFD, 0x7F, 0xC0, 0x00, 0x3F, 0xC3, 0xFD, 0x00, 0x03, 0xF8, 0x2F, 0xF0, 0x00, 0xBF,
    0x00, 0xFF, 0xC0, 0x2F, 0xE0, 0x03, 0xFF, 0xFF, 0xF8, 0x00, 0x0B, 0xFF, 0xFD, 0x00, 0x00, 0x01,
    0x54, 0x00, 0x00, 0x00, 0x00, 0x6F, 0xE4, 0x01, 0x55, 0x55, 0x55, 0x00, 0x00, 0xBF, 0xFF, 0xF8,
    0x3F, 0xFF, 0xFF, 0xF0, 0x00, 0x7F, 0xFA, 0xBF, 0xF7, 0xFE, 0xAB, 0xFF, 0x00, 0x1F, 0xF4, 0x00,
    0x7F, 0xFF, 0x40, 0x03, 0xF4, 0x03, 0xFC, 0x00, 0x00, 0xFF, 0xF4, 0x00, 0x1F, 0x40, 0xBF, 0x40,
    0x00, 0x03, 0xFF, 0x40, 0x00, 0xF8, 0x0F, 0xF0, 0x00, 0x00, 0x2F, 0xF4, 0x00, 0x06, 0x42, 0xFD,
    0x00, 0x00, 0x00, 0xFF, 0x40, 0x00, 0x00, 0x3F, 0xC0, 0x00, 0x00, 0x0F, 0xF4, 0x00, 0x90, 0x03,
    0xFC, 0x00, 0x00, 0x00, 0xBF, 0x40, 0x1E, 0x00, 0x7F, 0xC0, 0x00, 0x00, 0x0B, 0xF4, 0x03, 0xE0,
    0x07, 0xFC, 0x00, 0x00, 0x00, 0x7F, 0xFF, 0xFE, 0x00, 0x7F, 0xC0, 0x00, 0x00, 0x07, 0xFF, 0xFF,
    0xE0, 0x07, 0xFC, 0x00, 0x00, 0x00, 0x7F, 0x95, 0x7E, 0x00, 0x7F, 0xC0, 0x00, 0x00, 0x0B, 0xF4,
    0x01, 0xE0, 0x03, 0xFC, 0x00, 0x00, 0x00, 0xBF, 0x40, 0x0D, 0x00, 0x3F, 0xD0, 0x00, 0x00, 0x0F,
    0xF4, 0x00, 0x00, 0x02, 0xFF, 0x00, 0x00, 0x00, 0xFF, 0x40, 0x00, 0x14, 0x0F, 0xF4, 0x00, 0x00,
    0x1F, 0xF4, 0x00, 0x03, 0xD0, 0xBF, 0xC0, 0x00, 0x03, 0xFF, 0x40, 0x00, 0x7D, 0x03, 0xFF, 0x00,
    0x00, 0xFF, 0xF4, 0x00, 0x0F, 0xC0, 0x0F, 0xFE, 0x00, 0x7F, 0xBF, 0x40, 0x06, 0xFC, 0x00, 0x3F,
    0xFF, 0xFF, 0xD3, 0xFF, 0xFF, 0xFF, 0xC0, 0x00, 0x7F, 0xFF, 0xE0, 0x3F, 0xFF, 0xFF, 0xFC, 0x00,
    0x00, 0x15, 0x50, 0x00, 0x00, 0x00, 0x00, 0x00, 0x00, 0x01, 0x54, 0x00, 0x00, 0x55, 0x00, 0x00,
    0x1B, 0xFF, 0xF4, 0x07, 0xFF, 0xF4, 0x00, 0x2F, 0xFF, 0xFF, 0x8B, 0xFA, 0xBF, 0x80, 0x2F, 0xD0,
    0x0F, 0xFB, 0xF0, 0x07, 0xF4, 0x1F, 0xE0, 0x00, 0xFF, 0xF4, 0x00, 0xBF, 0x0F, 0xF0, 0x00, 0x1F,
    0xFC, 0x00, 0x1F, 0xC3, 0xF8, 0x00, 0x03, 0xFE, 0x00, 0x07, 0xF1, 0xFE, 0x00, 0x00, 0xFF, 0x80,
    0x02, 0xFC, 0xBF, 0x80, 0x00, 0x2F, 0xFF, 0xFF, 0xFF, 0x2F, 0xE0, 0x00, 0x0B, 0xFF, 0xFF, 0xFF,
    0xCB, 0xF8, 0x00, 0x02, 0xFD, 0x00, 0x00, 0x01, 0xFE, 0x00, 0x00, 0xBF, 0x80, 0x00, 0x00, 0x7F,
    0xC0, 0x00, 0x3F, 0xF0, 0x00, 0x00, 0x0F, 0xF4, 0x00, 0x0F, 0xFD, 0x00, 0x00, 0x02, 0xFF, 0x00,
    0x0B, 0xFF, 0xD0, 0x00, 0xF0, 0x3F, 0xF0, 0x0B, 0xFB, 0xFF, 0x9B, 0xFC, 0x03, 0xFF, 0xFF, 0xF0,
    0xBF, 0xFF, 0xFC, 0x00, 0x2F, 0xFF, 0xE0, 0x07, 0xFF, 0xF4, 0x00, 0x00, 0x15, 0x40, 0x00, 0x05,
    0x40, 0x00, 0x00, 0x00, 0x00, 0xF0, 0x00, 0x00, 0x00, 0x00, 0x1F, 0xD0, 0x00, 0x00, 0x00, 0x01,
    0xFF, 0x40, 0x00, 0x00, 0x00, 0x1F, 0xF4, 0x00, 0x00, 0x00, 0x02, 0xFD, 0x00, 0x00, 0x00, 0x00,
    0x0A, 0x00, 0x00, 0x00, 0x00, 0x00, 0x00, 0x00, 0x00, 0x00, 0x05, 0x55, 0x55, 0x40, 0x00, 0x00,
    0x3F, 0xFF, 0xFF, 0xFD, 0x00, 0x00, 0xAF, 0xFE, 0xBF, 0xFF, 0x00, 0x00, 0x1F, 0xF0, 0x03, 0xFF,
    0x00, 0x00, 0x7F, 0xC0, 0x03, 0xFE, 0x00, 0x01, 0xFF, 0x00, 0x0B, 0xFC, 0x00, 0x07, 0xFC, 0x00,
    0x1F, 0xF0, 0x00, 0x1F, 0xF0, 0x00, 0x7F, 0xC0, 0x00, 0x7F, 0xC0, 0x02, 0xFE, 0x00, 0x01, 0xFF,
    0x00, 0x0F, 0xF0, 0x00, 0x07, 0xFC, 0x00, 0xFF, 0x00, 0x00, 0x1F, 0xF5, 0xAF, 0xE0, 0x00, 0x00,
    0x7F, 0xFF, 0xF8, 0x00, 0x00, 0x01, 0xFF, 0x5B, 0xF8, 0x00, 0x00, 0x07, 0xFC, 0x0B, 0xFC, 0x00,
    0x00, 0x1F, 0xF0, 0x0F, 0xF4, 0x00, 0x00, 0x7F, 0xC0, 0x2F, 0xF0, 0x00, 0x01, 0xFF, 0x00, 0x3F,
    0xD0, 0x00, 0x07, 0xFC, 0x00, 0xFF, 0x80, 0x00, 0x1F, 0xF0, 0x01, 0xFF, 0x00, 0x00, 0x7F, 0xC0,
    0x03, 0xFE, 0x00, 0x02, 0xFF, 0x00, 0x0B, 0xFD, 0x00, 0xFF, 0xFF, 0xF0, 0x0F, 0xFF, 0xD3, 0xFF,
    0xFF, 0xC0, 0x0F, 0xFF, 0x00, 0x00, 0x00, 0x00, 0x05, 0x50, 0x00, 0x00, 0x00, 0x00, 0x00, 0x00,
    0x1F, 0x00, 0x00, 0x00, 0x3F, 0x40, 0x00, 0x00, 0xFF, 0x00, 0x00, 0x02, 0xFD, 0x00, 0x00, 0x07,
    0xF0, 0x00, 0x00, 0x0F, 0x40, 0x00, 0x00, 0x04, 0x00, 0x00, 0x00, 0x00, 0x00, 0x00, 0x00, 0x00,
    0x05, 0x40, 0x7F, 0xF0, 0x7F, 0xF4, 0xBF, 0xF5, 0xFF, 0xFC, 0x0B, 0xFB, 0xD3, 0xFC, 0x03, 0xFF,
    0x03, 0xFC, 0x03, 0xFD, 0x07, 0xFC, 0x03, 0xFC, 0x01, 0xA0, 0x03, 0xFC, 0x00, 0x00, 0x03, 0xFC,
    0x00, 0x00, 0x03, 0xFC, 0x00, 0x00, 0x03, 0xFC, 0x00, 0x00, 0x03, 0xFC, 0x00, 0x00, 0x03, 0xFC,
    0x00, 0x00, 0x03, 0xFC, 0x00, 0x00, 0x03, 0xFC, 0x00, 0x00, 0x03, 0xFD, 0x00, 0x00, 0x3F, 0xFF,
    0xF4, 0x00, 0x7F, 0xFF, 0xF4, 0x00, 0x15, 0x55, 0x55, 0x00, 0x00, 0x00, 0xFF, 0xFF, 0xFF, 0xF4,
    0x00, 0x02, 0xBF, 0xFA, 0xFF, 0xFC, 0x00, 0x00, 0x7F, 0xC0, 0x0F, 0xFC, 0x00, 0x01, 0xFF, 0x00,
    0x0F, 0xF8, 0x00, 0x07, 0xFC, 0x00, 0x2F, 0xF0, 0x00, 0x1F, 0xF0, 0x00, 0x7F, 0xC0, 0x00, 0x7F,
    0xC0, 0x01, 0xFF, 0x00, 0x01, 0xFF, 0x00, 0x0B, 0xF8, 0x00, 0x07, 0xFC, 0x00, 0x3F, 0xC0, 0x00,
    0x1F, 0xF0, 0x03, 0xFC, 0x00, 0x00, 0x7F, 0xD6, 0xBF, 0x80, 0x00, 0x01, 0xFF, 0xFF, 0xE0, 0x00,
    0x00, 0x07, 0xFD, 0x6F, 0xE0, 0x00, 0x00, 0x1F, 0xF0, 0x2F, 0xF0, 0x00, 0x00, 0x7F, 0xC0, 0x3F,
    0xD0, 0x00, 0x01, 0xFF, 0x00, 0xBF, 0xC0, 0x00, 0x07, 0xFC, 0x00, 0xFF, 0x40, 0x00, 0x1F, 0xF0,
    0x03, 0xFE, 0x00, 0x00, 0x7F, 0xC0, 0x07, 0xFC, 0x00, 0x01, 0xFF, 0x00, 0x0F, 0xF8, 0x00, 0x0B,
    0xFC, 0x00, 0x2F, 0xF4, 0x03, 0xFF, 0xFF, 0xC0, 0x3F, 0xFF, 0x4F, 0xFF, 0xFF, 0x00, 0x3F, 0xFC,
    0x00, 0x00, 0x00, 0x00, 0x15, 0x40, 0x00, 0x00, 0x00, 0x00, 0x00, 0x00, 0x00, 0x01, 0xFC, 0x00,
    0x00, 0x00, 0x00, 0x0F, 0xF4, 0x00, 0x00, 0x00, 0x00, 0x3F, 0xE0, 0x00, 0x00, 0x00, 0x00, 0x1F,
    0x40, 0x00, 0x00, 0x00, 0x00, 0x3C, 0x00, 0x00, 0x00, 0x00, 0x03, 0xE0, 0x00, 0x00, 0x00, 0x00,
    0x1E, 0x00, 0x00, 0x00, 0x00, 0x00, 0x00, 0x00, 0x00, 0x00, 0x00, 0x00, 0x05, 0x40, 0x7F, 0xF0,
    0x7F, 0xF4, 0xBF, 0xF5, 0xFF, 0xFC, 0x0B, 0xFB, 0xD3, 0xFC, 0x03, 0xFF, 0x03, 0xFC, 0x03, 0xFD,
    0x07, 0xFC, 0x03, 0xFC, 0x01, 0xA0, 0x03, 0xFC, 0x00, 0x00, 0x03, 0xFC, 0x00, 0x00, 0x03, 0xFC,
    0x00, 0x00, 0x03, 0xFC, 0x00, 0x00, 0x03, 0xFC, 0x00, 0x00, 0x03, 0xFC, 0x00, 0x00, 0x03, 0xFC,
    0x00, 0x00, 0x03, 0xFC, 0x00, 0x00, 0x03, 0xFD, 0x00, 0x00, 0x3F, 0xFF, 0xF4, 0x00, 0x7F, 0xFF,
    0xF4, 0x00, 0x00, 0x00, 0x00, 0x00, 0x00, 0x00, 0x00, 0x00, 0x01, 0xFC, 0x00, 0x00, 0x03, 0xFD,
    0x00, 0x00, 0x03, 0xFE, 0x00, 0x00, 0x00, 0x7D, 0x00, 0x00, 0x00, 0x3C, 0x00, 0x00, 0x00, 0xF8,
    0x00, 0x00, 0x01, 0xE0, 0x00, 0x00, 0x00, 0x00, 0x00, 0x00, 0x00, 0x10, 0x00, 0x04, 0x00, 0x00,
    0x02, 0xE0, 0x01, 0xF4, 0x00, 0x00, 0x03, 0xF4, 0x2F, 0x80, 0x00, 0x00, 0x03, 0xFF, 0xF8, 0x00,
    0x00, 0x00, 0x03, 0xFF, 0x80, 0x00, 0x00, 0x00, 0x03, 0xFC, 0x00, 0x00, 0x00, 0x00, 0x07, 0x80,
    0x00, 0x00, 0x00, 0x00, 0x00, 0x00, 0x00, 0x00, 0x15, 0x55, 0x55, 0x00, 0x00, 0x00, 0xFF, 0xFF,
    0xFF, 0xF4, 0x00, 0x02, 0xBF, 0xFA, 0xFF, 0xFC, 0x00, 0x00, 0x7F, 0xC0, 0x0F, 0xFC, 0x00, 0x01,
    0xFF, 0x00, 0x0F, 0xF8, 0x00, 0x07, 0xFC, 0x00, 0x2F, 0xF0, 0x00, 0x1F, 0xF0, 0x00, 0x7F, 0xC0,
    0x00, 0x7F, 0xC0, 0x01, 0xFF, 0x00, 0x01, 0xFF, 0x00, 0x0B, 0xF8, 0x00, 0x07, 0xFC, 0x00, 0x3F,
    0xC0, 0x00, 0x1F, 0xF0, 0x03, 0xFC, 0x00, 0x00, 0x7F, 0xD6, 0xBF, 0x80, 0x00, 0x01, 0xFF, 0xFF,
    0xE0, 0x00, 0x00, 0x07, 0xFD, 0x6F, 0xE0, 0x00, 0x00, 0x1F, 0xF0, 0x2F, 0xF0, 0x00, 0x00, 0x7F,
    0xC0, 0x3F, 0xD0, 0x00, 0x01, 0xFF, 0x00, 0xBF, 0xC0, 0x00, 0x07, 0xFC, 0x00, 0xFF, 0x40, 0x00,
    0x1F, 0xF0, 0x03, 0xFE, 0x00, 0x00, 0x7F, 0xC0, 0x07, 0xFC, 0x00, 0x01, 0xFF, 0x00, 0x0F, 0xF8,
    0x00, 0x0B, 0xFC, 0x00, 0x2F, 0xF4, 0x03, 0xFF, 0xFF, 0xC0, 0x3F, 0xFF, 0x4F, 0xFF, 0xFF, 0x00,
    0x3F, 0xFC, 0x00, 0x00, 0x00, 0x00, 0x15, 0x40, 0x00, 0x00, 0x00, 0x00, 0x02, 0xC0, 0x01, 0xD0,
    0x01, 0xF4, 0x0B, 0xC0, 0x00, 0xBD, 0x3F, 0x40, 0x00, 0x3F, 0xFE, 0x00, 0x00, 0x0F, 0xFC, 0x00,
    0x00, 0x07, 0xF0, 0x00, 0x00, 0x01, 0x80, 0x00, 0x00, 0x00, 0x00, 0x00, 0x00, 0x00, 0x05, 0x40,
    0x7F, 0xF0, 0x7F, 0xF4, 0xBF, 0xF5, 0xFF, 0xFC, 0x0B, 0xFB, 0xD3, 0xFC, 0x03, 0xFF, 0x03, 0xFC,
    0x03, 0xFD, 0x07, 0xFC, 0x03, 0xFC, 0x01, 0xA0, 0x03, 0xFC, 0x00, 0x00, 0x03, 0xFC, 0x00, 0x00,
    0x03, 0xFC, 0x00, 0x00, 0x03, 0xFC, 0x00, 0x00, 0x03, 0xFC, 0x00, 0x00, 0x03, 0xFC, 0x00, 0x00,
    0x03, 0xFC, 0x00, 0x00, 0x03, 0xFC, 0x00, 0x00, 0x03, 0xFD, 0x00, 0x00, 0x3F, 0xFF, 0xF4, 0x00,
    0x7F, 0xFF, 0xF4, 0x00, 0x00, 0x00, 0x07, 0x80, 0x00, 0x00, 0x01, 0xFC, 0x00, 0x00, 0x00, 0xBF,
    0xC0, 0x00, 0x00, 0x2F, 0xF4, 0x00, 0x00, 0x0B, 0xE4, 0x00, 0x00, 0x00, 0xE0, 0x00, 0x00, 0x00,
    0x00, 0x00, 0x00, 0x00, 0x00, 0xAF, 0x90, 0xB0, 0x00, 0xBF, 0xFF, 0xDF, 0x00, 0x3F, 0xE5, 0xBF,
    0xF4, 0x0B, 0xF0, 0x00, 0xBF, 0x40, 0xFD, 0x00, 0x02, 0xF4, 0x1F, 0xD0, 0x00, 0x0F, 0x82, 0xFD,
    0x00, 0x00, 0xB8, 0x2F, 0xF0, 0x00, 0x01, 0x01, 0xFF, 0x80, 0x00, 0x00, 0x0F, 0xFF, 0x80, 0x00,
    0x00, 0x7F, 0xFF, 0xD0, 0x00, 0x02, 0xFF, 0xFF, 0xE0, 0x00, 0x07, 0xFF, 0xFF, 0xD0, 0x00, 0x02,
    0xFF, 0xFF, 0x00, 0x00, 0x01, 0xBF, 0xFC, 0x00, 0x00, 0x00, 0xFF, 0xC0, 0x00, 0x00, 0x03, 0xFD,
    0x3C, 0x00, 0x00, 0x2F, 0xD3, 0xE0, 0x00, 0x02, 0xFC, 0x3F, 0x40, 0x00, 0x2F, 0xC3, 0xFD, 0x00,
    0x03, 0xF8, 0x3F, 0xF8, 0x01, 0xFF, 0x03, 0xEF, 0xFF, 0xFF, 0xC0, 0x2C, 0x2F, 0xFF, 0xE0, 0x00,
    0x00, 0x05, 0x50, 0x00, 0x00, 0x00, 0x00, 0x00, 0x00, 0x0B, 0x40, 0x00, 0x01, 0xFC, 0x00, 0x00,
    0x3F, 0xC0, 0x00, 0x0F, 0xF0, 0x00, 0x02, 0xF8, 0x00, 0x00, 0x7C, 0x00, 0x00, 0x01, 0x00, 0x00,
    0x00, 0x00, 0x00, 0x00, 0x01, 0x50, 0x14, 0x02, 0xFF, 0xFB, 0x80, 0xFF, 0xAF, 0xFC, 0x2F, 0x80,
    0x1F, 0xC3, 0xF0, 0x00, 0xBC, 0x3F, 0x40, 0x03, 0xC3, 0xFD, 0x00, 0x00, 0x3F, 0xFE, 0x40, 0x00,
    0xFF, 0xFF, 0x80, 0x03, 0xFF, 0xFF, 0x40, 0x06, 0xFF, 0xFC, 0x00, 0x00, 0xBF, 0xD1, 0x40, 0x00,
    0xFE, 0x7C, 0x00, 0x0B, 0xE7, 0xE0, 0x00, 0xFD, 0x3F, 0x80, 0x1F, 0xC3, 0xFF, 0xEF, 0xF4, 0x3E,
    0xFF, 0xFC, 0x01, 0x41, 0x54, 0x00, 0x00, 0x00, 0x10, 0x00, 0x00, 0x00, 0x1F, 0x80, 0x00, 0x00,
    0x07, 0xFD, 0x00, 0x00, 0x01, 0xFF, 0xF4, 0x00, 0x00, 0x3F, 0xAF, 0xD0, 0x00, 0x0F, 0xC0, 0x3F,
    0x00, 0x00, 0xD0, 0x00, 0x74, 0x00, 0x00, 0x00, 0x00, 0x00, 0x00, 0x0A, 0xF9, 0x0B, 0x00, 0x0B,
    0xFF, 0xFD, 0xF0, 0x03, 0xFE, 0x5B, 0xFF, 0x40, 0xBF, 0x00, 0x0B, 0xF4, 0x0F, 0xD0, 0x00, 0x2F,
    0x41, 0xFD, 0x00, 0x00, 0xF8, 0x2F, 0xD0, 0x00, 0x0B, 0x82, 0xFF, 0x00, 0x00, 0x10, 0x1F, 0xF8,
    0x00, 0x00, 0x00, 0xFF, 0xF8, 0x00, 0x00, 0x07, 0xFF, 0xFD, 0x00, 0x00, 0x2F, 0xFF, 0xFE, 0x00,
    0x00, 0x7F, 0xFF, 0xFD, 0x00, 0x00, 0x2F, 0xFF, 0xF0, 0x00, 0x00, 0x1B, 0xFF, 0xC0, 0x00, 0x00,
    0x0F, 0xFC, 0x00, 0x00, 0x00, 0x3F, 0xD3, 0xC0, 0x00, 0x02, 0xFD, 0x3E, 0x00, 0x00, 0x2F, 0xC3,
    0xF4, 0x00, 0x02, 0xFC, 0x3F, 0xD0, 0x00, 0x3F, 0x83, 0xFF, 0x80, 0x1F, 0xF0, 0x3E, 0xFF, 0xFF,
    0xFC, 0x02, 0xC2, 0xFF, 0xFE, 0x00, 0x00, 0x00, 0x55, 0x00, 0x00, 0x00, 0x00, 0x00, 0x00, 0x01,
    0xF4, 0x00, 0x00, 0x3F, 0xC0, 0x00, 0x0F, 0xFF, 0x00, 0x02, 0xFE, 0xF8, 0x00, 0x7E, 0x07, 0xD0,
    0x0F, 0x40, 0x1F, 0x00, 0x40, 0x00, 0x10, 0x00, 0x00, 0x00, 0x00, 0x01, 0x50, 0x14, 0x02, 0xFF,
    0xFB, 0x80, 0xFF, 0xAF, 0xFC, 0x2F, 0x80, 0x1F, 0xC3, 0xF0, 0x00, 0xBC, 0x3F, 0x40, 0x03, 0xC3,
    0xFD, 0x00, 0x00, 0x3F, 0xFE, 0x40, 0x00, 0xFF, 0xFF, 0x80, 0x03, 0xFF, 0xFF, 0x40, 0x06, 0xFF,
    0xFC, 0x00, 0x00, 0xBF, 0xD1, 0x40, 0x00, 0xFE, 0x7C, 0x00, 0x0B, 0xE7, 0xE0, 0x00, 0xFD, 0x3F,
    0x80, 0x1F, 0xC3, 0xFF, 0xEF, 0xF4, 0x3E, 0xFF, 0xFC, 0x01, 0x41, 0x54, 0x00, 0x00, 0x0A, 0xF9,
    0x0B, 0x00, 0x0B, 0xFF, 0xFD, 0xF0, 0x03, 0xFE, 0x5B, 0xFF, 0x40, 0xBF, 0x00, 0x0B, 0xF4, 0x0F,
    0xD0, 0x00, 0x2F, 0x41, 0xFD, 0x00, 0x00, 0xF8, 0x2F, 0xD0, 0x00, 0x0B, 0x82, 0xFF, 0x00, 0x00,
    0x10, 0x1F, 0xF8, 0x00, 0x00, 0x00, 0xFF, 0xF8, 0x00, 0x00, 0x07, 0xFF, 0xFD, 0x00, 0x00, 0x2F,
    0xFF, 0xFE, 0x00, 0x00, 0x7F, 0xFF, 0xFD, 0x00, 0x00, 0x2F, 0xFF, 0xF0, 0x00, 0x00, 0x1B, 0xFF,
    0xC0, 0x00, 0x00, 0x0F, 0xFC, 0x00, 0x00, 0x00, 0x3F, 0xD3, 0xC0, 0x00, 0x02, 0xFD, 0x3E, 0x00,
    0x00, 0x2F, 0xC3, 0xF4, 0x00, 0x02, 0xFC, 0x3F, 0xD0, 0x00, 0x3F, 0x83, 0xFF, 0x80, 0x1F, 0xF0,
    0x3E, 0xFF, 0xFF, 0xFC, 0x02, 0xC2, 0xFF, 0xFE, 0x00, 0x00, 0x01, 0xF5, 0x00, 0x00, 0x00, 0x1E,
    0x00, 0x00, 0x00, 0x02, 0xFF, 0x00, 0x00, 0x00, 0x01, 0xFC, 0x00, 0x00, 0x00, 0x0F, 0xC0, 0x00,
    0x00, 0x92, 0xFC, 0x00, 0x00, 0x0F, 0xFF, 0x40, 0x00, 0x00, 0x2A, 0x80, 0x00, 0x00, 0x15, 0x01,
    0x40, 0x2F, 0xFF, 0xB8, 0x0F, 0xFA, 0xFF, 0xC2, 0xF8, 0x01, 0xFC, 0x3F, 0x00, 0x0B, 0xC3, 0xF4,
    0x00, 0x3C, 0x3F, 0xD0, 0x00, 0x03, 0xFF, 0xE4, 0x00, 0x0F, 0xFF, 0xF8, 0x00, 0x3F, 0xFF, 0xF4,
    0x00, 0x6F, 0xFF, 0xC0, 0x00, 0x0B, 0xFD, 0x14, 0x00, 0x0F, 0xE7, 0xC0, 0x00, 0xBE, 0x7E, 0x00,
    0x0F, 0xD3, 0xF8, 0x01, 0xFC, 0x3F, 0xFE, 0xFF, 0x43, 0xEF, 0xFF, 0xC0, 0x14, 0x1E, 0x40, 0x00,
    0x02, 0xD0, 0x00, 0x00, 0x3F, 0xF0, 0x00, 0x00, 0x1F, 0x80, 0x00, 0x00, 0xFC, 0x00, 0x09, 0x2F,
    0x80, 0x01, 0xFF, 0xF0, 0x00, 0x02, 0xA8, 0x00, 0x00, 0x40, 0x00, 0x10, 0x00, 0x1F, 0x00, 0x0B,
    0x40, 0x00, 0xBE, 0x0B, 0xE0, 0x00, 0x03, 0xFF, 0xFC, 0x00, 0x00, 0x0F, 0xFF, 0x00, 0x00, 0x00,
    0x3F, 0xC0, 0x00, 0x00, 0x00, 0xF0, 0x00, 0x00, 0x00, 0x00, 0x00, 0x00, 0x00, 0x0A, 0xF9, 0x0B,
    0x00, 0x0B, 0xFF, 0xFD, 0xF0, 0x03, 0xFE, 0x5B, 0xFF, 0x40, 0xBF, 0x00, 0x0B, 0xF4, 0x0F, 0xD0,
    0x00, 0x2F, 0x41, 0xFD, 0x00, 0x00, 0xF8, 0x2F, 0xD0, 0x00, 0x0B, 0x82, 0xFF, 0x00, 0x00, 0x10,
    0x1F, 0xF8, 0x00, 0x00, 0x00, 0xFF, 0xF8, 0x00, 0x00, 0x07, 0xFF, 0xFD, 0x00, 0x00, 0x2F, 0xFF,
    0xFE, 0x00, 0x00, 0x7F, 0xFF, 0xFD, 0x00, 0x00, 0x2F, 0xFF, 0xF0, 0x00, 0x00, 0x1B, 0xFF, 0xC0,
    0x00, 0x00, 0x0F, 0xFC, 0x00, 0x00, 0x00, 0x3F, 0xD3, 0xC0, 0x00, 0x02, 0xFD, 0x3E, 0x00, 0x00,
    0x2F, 0xC3, 0xF4, 0x00, 0x02, 0xFC, 0x3F, 0xD0, 0x00, 0x3F, 0x83, 0xFF, 0x80, 0x1F, 0xF0, 0x3E,
    0xFF, 0xFF, 0xFC, 0x02, 0xC2, 0xFF, 0xFE, 0x00, 0x00, 0x00, 0x55, 0x00, 0x00, 0x00, 0x00, 0x00,
    0x00, 0xE0, 0x00, 0xB0, 0x0B, 0xC0, 0x3F, 0x00, 0x3F, 0x5F, 0xC0, 0x01, 0xFF, 0xF4, 0x00, 0x0B,
    0xFE, 0x00, 0x00, 0x2F, 0xC0, 0x00, 0x00, 0xA0, 0x00, 0x00, 0x00, 0x00, 0x00, 0x01, 0x50, 0x14,
    0x02, 0xFF, 0xFB, 0x80, 0xFF, 0xAF, 0xFC, 0x2F, 0x80, 0x1F, 0xC3, 0xF0, 0x00, 0xBC, 0x3F, 0x40,
    0x03, 0xC3, 0xFD, 0x00, 0x00, 0x3F, 0xFE, 0x40, 0x00, 0xFF, 0xFF, 0x80, 0x03, 0xFF, 0xFF, 0x40,
    0x06, 0xFF, 0xFC, 0x00, 0x00, 0xBF, 0xD1, 0x40, 0x00, 0xFE, 0x7C, 0x00, 0x0B, 0xE7, 0xE0, 0x00,
    0xFD, 0x3F, 0x80, 0x1F, 0xC3, 0xFF, 0xEF, 0xF4, 0x3E, 0xFF, 0xFC, 0x01, 0x41, 0x54, 0x00, 0x05,
    0x55, 0x55, 0x55, 0x55, 0x40, 0xBF, 0xFF, 0xFF, 0xFF, 0xFF, 0x43, 0xFF, 0xEB, 0xFF, 0xBF, 0xFE,
    0x0F, 0xE0, 0x0B, 0xF4, 0x03, 0xFC, 0x7F, 0x00, 0x2F, 0xD0, 0x03, 0xF1, 0xF4, 0x00, 0xBF, 0x40,
    0x0B, 0xCB, 0xC0, 0x02, 0xFD, 0x00, 0x0F, 0x5A, 0x00, 0x0B, 0xF4, 0x00, 0x38, 0x00, 0x00, 0x2F,
    0xD0, 0x00, 0x00, 0x00, 0x00, 0xBF, 0x40, 0x00, 0x00, 0x00, 0x02, 0xFD, 0x00, 0x00, 0x00, 0x00,
    0x0B, 0xF4, 0x00, 0x00, 0x00, 0x00, 0x2F, 0xD0, 0x00, 0x00, 0x00, 0x00, 0xBF, 0x40, 0x00, 0x00,
    0x00, 0x02, 0xFD, 0x00, 0x00, 0x00, 0x00, 0x0B, 0xF4, 0x00, 0x00, 0x00, 0x00, 0x2F, 0xD0, 0x00,
    0x00, 0x00, 0x00, 0xBF, 0x40, 0x00, 0x00, 0x00, 0x02, 0xFD, 0x00, 0x00, 0x00, 0x00, 0x0B, 0xF4,
    0x00, 0x00, 0x00, 0x00, 0x2F, 0xD0, 0x00, 0x00, 0x00, 0x01, 0xFF, 0x80, 0x00, 0x00, 0x01, 0xFF,
    0xFF, 0xFC, 0x00, 0x00, 0x07, 0xFF, 0xFF, 0xF0, 0x00, 0x00, 0x00, 0x0F, 0x00, 0x00, 0x00, 0x00,
    0x00, 0x78, 0x00, 0x00, 0x00, 0x00, 0x02, 0xFF, 0x40, 0x00, 0x00, 0x00, 0x00, 0x7F, 0x00, 0x00,
    0x00, 0x00, 0x00, 0xFC, 0x00, 0x00, 0x00, 0x02, 0x47, 0xF0, 0x00, 0x00, 0x00, 0x0F, 0xFF, 0x40,
    0x00, 0x00, 0x00, 0x0A, 0xA0, 0x00, 0x00, 0x00, 0xA4, 0x00, 0x00, 0x3D, 0x00, 0x00, 0x1F, 0x40,
    0x00, 0x0B, 0xD0, 0x00, 0x03, 0xF4, 0x00, 0x02, 0xFD, 0x00, 0x0B, 0xFF, 0xFF, 0xE3, 0xFF, 0xFF,
    0xF8, 0x5B, 0xF9, 0x54, 0x01, 0xFD, 0x00, 0x00, 0x7F, 0x40, 0x00, 0x1F, 0xD0, 0x00, 0x07, 0xF4,
    0x00, 0x01, 0xFD, 0x00, 0x00, 0x7F, 0x40, 0x00, 0x1F, 0xD0, 0x00, 0x07, 0xF4, 0x00, 0x01, 0xFD,
    0x00, 0x00, 0x7F, 0x80, 0x00, 0x1F, 0xE0, 0x00, 0x03, 0xFE, 0x5B, 0x40, 0xBF, 0xFF, 0xC0, 0x0F,
    0xFF, 0x80, 0x00, 0x3D, 0x00, 0x00, 0x0F, 0x00, 0x00, 0x07, 0xFD, 0x00, 0x00, 0x0F, 0xC0, 0x00,
    0x02, 0xF0, 0x00, 0x91, 0xFC, 0x00, 0x3F, 0xFE, 0x00, 0x01, 0xB9, 0x00, 0x00, 0x04, 0x00, 0x00,
    0x00, 0x00, 0x00, 0x3D, 0x00, 0x2E, 0x00, 0x00, 0x00, 0x7F, 0x07, 0xF0, 0x00, 0x00, 0x00, 0xBF,
    0xFF, 0x00, 0x00, 0x00, 0x00, 0xBF, 0xF4, 0x00, 0x00, 0x00, 0x00, 0xBF, 0x40, 0x00, 0x00, 0x00,
    0x00, 0xB4, 0x00, 0x00, 0x00, 0x00, 0x00, 0x00, 0x00, 0x00, 0x05, 0x55, 0x55, 0x55, 0x55, 0x40,
    0xBF, 0xFF, 0xFF, 0xFF, 0xFF, 0x43, 0xFF, 0xEB, 0xFF, 0xBF, 0xFE, 0x0F, 0xE0, 0x0B, 0xF4, 0x03,
    0xFC, 0x7F, 0x00, 0x2F, 0xD0, 0x03, 0xF1, 0xF4, 0x00, 0xBF, 0x40, 0x0B, 0xCB, 0xC0, 0x02, 0xFD,
    0x00, 0x0F, 0x5A, 0x00, 0x0B, 0xF4, 0x00, 0x38, 0x00, 0x00, 0x2F, 0xD0, 0x00, 0x00, 0x00, 0x00,
    0xBF, 0x40, 0x00, 0x00, 0x00, 0x02, 0xFD, 0x00, 0x00, 0x00, 0x00, 0x0B, 0xF4, 0x00, 0x00, 0x00,
    0x00, 0x2F, 0xD0, 0x00, 0x00, 0x00, 0x00, 0xBF, 0x40, 0x00, 0x00, 0x00, 0x02, 0xFD, 0x00, 0x00,
    0x00, 0x00, 0x0B, 0xF4, 0x00, 0x00, 0x00, 0x00, 0x2F, 0xD0, 0x00, 0x00, 0x00, 0x00, 0xBF, 0x40,
    0x00, 0x00, 0x00, 0x02, 0xFD, 0x00, 0x00, 0x00, 0x00, 0x0B, 0xF4, 0x00, 0x00, 0x00, 0x00, 0x2F,
    0xD0, 0x00, 0x00, 0x00, 0x01, 0xFF, 0x80, 0x00, 0x00, 0x01, 0xFF, 0xFF, 0xFC, 0x00, 0x00, 0x07,
    0xFF, 0xFF, 0xF0, 0x00, 0x00, 0x00, 0x3E, 0x00, 0x00, 0x2F, 0xD0, 0x00, 0x07, 0xF4, 0x00, 0x00,
    0xBD, 0x00, 0xA4, 0x1F, 0x00, 0x3D, 0x0B, 0x80, 0x1F, 0x47, 0xC0, 0x0B, 0xD1, 0xC0, 0x03, 0xF4,
    0x00, 0x02, 0xFD, 0x00, 0x0B, 0xFF, 0xFF, 0xE3, 0xFF, 0xFF, 0xF8, 0x5B, 0xF9, 0x54, 0x01, 0xFD,
    0x00, 0x00, 0x7F, 0x40, 0x00, 0x1F, 0xD0, 0x00, 0x07, 0xF4, 0x00, 0x01, 0xFD, 0x00, 0x00, 0x7F,
    0x40, 0x00, 0x1F, 0xD0, 0x00, 0x07, 0xF4, 0x00, 0x01, 0xFD, 0x00, 0x00, 0x7F, 0x80, 0x00, 0x1F,
    0xE0, 0x00, 0x03, 0xFE, 0x5B, 0x40, 0xBF, 0xFF, 0xC0, 0x0B, 0xFF, 0x80, 0x00, 0x15, 0x00, 0x05,
    0x55, 0x55, 0x55, 0x55, 0x40, 0xBF, 0xFF, 0xFF, 0xFF, 0xFF, 0x43, 0xFF, 0xEB, 0xFF, 0xBF, 0xFE,
    0x0F, 0xE0, 0x0B, 0xF4, 0x03, 0xFC, 0x7F, 0x00, 0x2F, 0xD0, 0x03, 0xF1, 0xF4, 0x00, 0xBF, 0x40,
    0x0B, 0xCB, 0xC0, 0x02, 0xFD, 0x00, 0x0F, 0x5A, 0x00, 0x0B, 0xF4, 0x00, 0x38, 0x00, 0x00, 0x2F,
    0xD0, 0x00, 0x00, 0x00, 0x00, 0xBF, 0x40, 0x00, 0x00, 0x00, 0x02, 0xFD, 0x00, 0x00, 0x00, 0x1A,
    0xAF, 0xFE, 0xA8, 0x00, 0x00, 0xBF, 0xFF, 0xFF, 0xF4, 0x00, 0x02, 0xFF, 0xFF, 0xFF, 0xD0, 0x00,
    0x00, 0x02, 0xFD, 0x00, 0x00, 0x00, 0x00, 0x0B, 0xF4, 0x00, 0x00, 0x00, 0x00, 0x2F, 0xD0, 0x00,
    0x00, 0x00, 0x00, 0xBF, 0x40, 0x00, 0x00, 0x00, 0x02, 0xFD, 0x00, 0x00, 0x00, 0x00, 0x0B, 0xF4,
    0x00, 0x00, 0x00, 0x00, 0x2F, 0xD0, 0x00, 0x00, 0x00, 0x01, 0xFF, 0x80, 0x00, 0x00, 0x01, 0xFF,
    0xFF, 0xFC, 0x00, 0x00, 0x07, 0xFF, 0xFF, 0xF0, 0x00, 0x00, 0x29, 0x00, 0x00, 0x03, 0xD0, 0x00,
    0x00, 0x7D, 0x00, 0x00, 0x0B, 0xD0, 0x00, 0x00, 0xFD, 0x00, 0x00, 0x2F, 0xD0, 0x00, 0x2F, 0xFF,
    0xFF, 0x83, 0xFF, 0xFF, 0xF8, 0x16, 0xFE, 0x55, 0x00, 0x1F, 0xD0, 0x00, 0x01, 0xFD, 0x00, 0x00,
    0x1F, 0xD0, 0x00, 0x3F, 0xFF, 0xFF, 0x43, 0xFF, 0xFF, 0xF4, 0x16, 0xFE, 0x55, 0x00, 0x1F, 0xD0,
    0x00, 0x01, 0xFD, 0x00, 0x00, 0x1F, 0xD0, 0x00, 0x01, 0xFE, 0x00, 0x00, 0x1F, 0xE0, 0x00, 0x00,
    0xFF, 0x96, 0xD0, 0x0B, 0xFF, 0xFC, 0x00, 0x2F, 0xFE, 0x00, 0x00, 0x15, 0x00, 0x00, 0x00, 0x04,
    0x00, 0x00, 0x00, 0x00, 0x00, 0x1F, 0xF4, 0x09, 0x00, 0x00, 0x00, 0x0F, 0xFF, 0xEF, 0x40, 0x00,
    0x00, 0x0B, 0xAF, 0xFF, 0xC0, 0x00, 0x00, 0x01, 0x40, 0x7F, 0xC0, 0x00, 0x00, 0x00, 0x00, 0x00,
    0x00, 0x00, 0x00, 0x00, 0x00, 0x00, 0x00, 0x00, 0x00, 0x55, 0x55, 0x40, 0x01, 0x55, 0x54, 0xBF,
    0xFF, 0xF0, 0x00, 0xFF, 0xFF, 0x5B, 0xFF, 0xE8, 0x00, 0x1B, 0xFF, 0x80, 0x3F, 0xD0, 0x00, 0x00,
    0x3E, 0x00, 0x0B, 0xF4, 0x00, 0x00, 0x0F, 0x80, 0x02, 0xFD, 0x00, 0x00, 0x03, 0xE0, 0x00, 0xBF,
    0x40, 0x00, 0x00, 0xF8, 0x00, 0x2F, 0xD0, 0x00, 0x00, 0x3E, 0x00, 0x0B, 0xF4, 0x00, 0x00, 0x0F,
    0x80, 0x02, 0xFD, 0x00, 0x00, 0x03, 0xE0, 0x00, 0xBF, 0x40, 0x00, 0x00, 0xF8, 0x00, 0x2F, 0xD0,
    0x00, 0x00, 0x3E, 0x00, 0x0B, 0xF4, 0x00, 0x00, 0x0F, 0x80, 0x02, 0xFD, 0x00, 0x00, 0x03, 0xE0,
    0x00, 0xBF, 0x40, 0x00, 0x00, 0xF8, 0x00, 0x2F, 0xD0, 0x00, 0x00, 0x3E, 0x00, 0x0B, 0xF4, 0x00,
    0x00, 0x0F, 0x40, 0x02, 0xFE, 0x00, 0x00, 0x07, 0xD0, 0x00, 0x7F, 0xC0, 0x00, 0x02, 0xF0, 0x00,
    0x0F, 0xF0, 0x00, 0x00, 0xF8, 0x00, 0x02, 0xFF, 0x00, 0x00, 0xFD, 0x00, 0x00, 0x3F, 0xF9, 0x56,
    0xFE, 0x00, 0x00, 0x03, 0xFF, 0xFF, 0xFE, 0x00, 0x00, 0x00, 0x2F, 0xFF, 0xFD, 0x00, 0x00, 0x00,
    0x00, 0x15, 0x50, 0x00, 0x00, 0x00, 0x0B, 0xE0, 0x04, 0x00, 0x00, 0x0B, 0xFF, 0xD7, 0x80, 0x00,
    0x03, 0xFF, 0xFF, 0xC0, 0x00, 0x01, 0xC0, 0xBF, 0xE0, 0x00, 0x00, 0x00, 0x01, 0x50, 0x00, 0x00,
    0x00, 0x00, 0x00, 0x00, 0x00, 0x00, 0x00, 0x00, 0x00, 0x00, 0x00, 0x00, 0x00, 0x00, 0x00, 0x3F,
    0xFC, 0x00, 0xFF, 0xF0, 0x0F, 0xFF, 0x00, 0x3F, 0xFC, 0x00, 0x7F, 0xC0, 0x01, 0xFF, 0x00, 0x0B,
    0xF0, 0x00, 0x3F, 0xC0, 0x02, 0xFC, 0x00, 0x0F, 0xF0, 0x00, 0xBF, 0x00, 0x03, 0xFC, 0x00, 0x2F,
    0xC0, 0x00, 0xFF, 0x00, 0x0B, 0xF0, 0x00, 0x3F, 0xC0, 0x02, 0xFC, 0x00, 0x0F, 0xF0, 0x00, 0xBF,
    0x00, 0x03, 0xFC, 0x00, 0x2F, 0xC0, 0x00, 0xFF, 0x00, 0x0B, 0xF0, 0x00, 0x3F, 0xC0, 0x02, 0xFD,
    0x00, 0x1F, 0xF0, 0x00, 0x7F, 0x80, 0x0F, 0xFC, 0x00, 0x0F, 0xF9, 0x6F, 0xFF, 0x40, 0x02, 0xFF,
    0xFF, 0x5F, 0xFE, 0x00, 0x2F, 0xFF, 0x43, 0xFF, 0x80, 0x00, 0x54, 0x00, 0x00, 0x00, 0x00, 0x00,
    0x55, 0x55, 0x50, 0x00, 0x00, 0x00, 0x3F, 0xFF, 0xFC, 0x00, 0x00, 0x00, 0x0F, 0xFF, 0xFF, 0x00,
    0x00, 0x00, 0x01, 0x55, 0x55, 0x40, 0x00, 0x00, 0x00, 0x00, 0x00, 0x00, 0x00, 0x00, 0x00, 0x00,
    0x00, 0x00, 0x00, 0x01, 0x55, 0x55, 0x00, 0x05, 0x55, 0x52, 0xFF, 0xFF, 0xC0, 0x03, 0xFF, 0xFD,
    0x6F, 0xFF, 0xA0, 0x00, 0x6F, 0xFE, 0x00, 0xFF, 0x40, 0x00, 0x00, 0xF8, 0x00, 0x2F, 0xD0, 0x00,
    0x00, 0x3E, 0x00, 0x0B, 0xF4, 0x00, 0x00, 0x0F, 0x80, 0x02, 0xFD, 0x00, 0x00, 0x03, 0xE0, 0x00,
    0xBF, 0x40, 0x00, 0x00, 0xF8, 0x00, 0x2F, 0xD0, 0x00, 0x00, 0x3E, 0x00, 0x0B, 0xF4, 0x00, 0x00,
    0x0F, 0x80, 0x02, 0xFD, 0x00, 0x00, 0x03, 0xE0, 0x00, 0xBF, 0x40, 0x00, 0x00, 0xF8, 0x00, 0x2F,
    0xD0, 0x00, 0x00, 0x3E, 0x00, 0x0B, 0xF4, 0x00, 0x00, 0x0F, 0x80, 0x02, 0xFD, 0x00, 0x00, 0x03,
    0xE0, 0x00, 0xBF, 0x40, 0x00, 0x00, 0xF8, 0x00, 0x2F, 0xD0, 0x00, 0x00, 0x3D, 0x00, 0x0B, 0xF8,
    0x00, 0x00, 0x1F, 0x40, 0x01, 0xFF, 0x00, 0x00, 0x0B, 0xC0, 0x00, 0x3F, 0xC0, 0x00, 0x03, 0xE0,
    0x00, 0x0B, 0xFC, 0x00, 0x03, 0xF4, 0x00, 0x00, 0xFF, 0xE5, 0x5B, 0xF8, 0x00, 0x00, 0x0F, 0xFF,
    0xFF, 0xF8, 0x00, 0x00, 0x00, 0xBF, 0xFF, 0xF4, 0x00, 0x00, 0x00, 0x00, 0x55, 0x40, 0x00, 0x00,
    0x00, 0x2F, 0xFF, 0xFC, 0x00, 0x00, 0x0B, 0xFF, 0xFF, 0x00, 0x00, 0x02, 0xFF, 0xFF, 0xC0, 0x00,
    0x00, 0x00, 0x00, 0x00, 0x00, 0x00, 0x00, 0x00, 0x00, 0x00, 0x00, 0x00, 0x00, 0x00, 0x00, 0x00,
    0x00, 0x00, 0x00, 0x00, 0x00, 0xFF, 0xF0, 0x03, 0xFF, 0xC0, 0x3F, 0xFC, 0x00, 0xFF, 0xF0, 0x01,
    0xFF, 0x00, 0x07, 0xFC, 0x00, 0x2F, 0xC0, 0x00, 0xFF, 0x00, 0x0B, 0xF0, 0x00, 0x3F, 0xC0, 0x02,
    0xFC, 0x00, 0x0F, 0xF0, 0x00, 0xBF, 0x00, 0x03, 0xFC, 0x00, 0x2F, 0xC0, 0x00, 0xFF, 0x00, 0x0B,
    0xF0, 0x00, 0x3F, 0xC0, 0x02, 0xFC, 0x00, 0x0F, 0xF0, 0x00, 0xBF, 0x00, 0x03, 0xFC, 0x00, 0x2F,
    0xC0, 0x00, 0xFF, 0x00, 0x0B, 0xF4, 0x00, 0x7F, 0xC0, 0x01, 0xFE, 0x00, 0x3F, 0xF0, 0x00, 0x3F,
    0xE5, 0xBF, 0xFD, 0x00, 0x0B, 0xFF, 0xFD, 0x7F, 0xF8, 0x00, 0xBF, 0xFD, 0x0F, 0xFE, 0x00, 0x01,
    0x50, 0x00, 0x00, 0x00, 0x00, 0x00, 0x00, 0x00, 0x00, 0x00, 0x00, 0x00, 0xB0, 0x00, 0x1D, 0x00,
    0x00, 0x00, 0x1E, 0x00, 0x0F, 0x00, 0x00, 0x00, 0x03, 0xE4, 0x1F, 0xC0, 0x00, 0x00, 0x00, 0xBF,
    0xFF, 0xD0, 0x00, 0x00, 0x00, 0x0F, 0xFF, 0xE0, 0x00, 0x00, 0x00, 0x00, 0x7F, 0x90, 0x00, 0x00,
    0x00, 0x00, 0x00, 0x00, 0x00, 0x00, 0x15, 0x55, 0x50, 0x00, 0x55, 0x55, 0x2F, 0xFF, 0xFC, 0x00,
    0x3F, 0xFF, 0xD6, 0xFF, 0xFA, 0x00, 0x06, 0xFF, 0xE0, 0x0F, 0xF4, 0x00, 0x00, 0x0F, 0x80, 0x02,
    0xFD, 0x00, 0x00, 0x03, 0xE0, 0x00, 0xBF, 0x40, 0x00, 0x00, 0xF8, 0x00, 0x2F, 0xD0, 0x00, 0x00,
    0x3E, 0x00, 0x0B, 0xF4, 0x00, 0x00, 0x0F, 0x80, 0x02, 0xFD, 0x00, 0x00, 0x03, 0xE0, 0x00, 0xBF,
    0x40, 0x00, 0x00, 0xF8, 0x00, 0x2F, 0xD0, 0x00, 0x00, 0x3E, 0x00, 0x0B, 0xF4, 0x00, 0x00, 0x0F,
    0x80, 0x02, 0xFD, 0x00, 0x00, 0x03, 0xE0, 0x00, 0xBF, 0x40, 0x00, 0x00, 0xF8, 0x00, 0x2F, 0xD0,
    0x00, 0x00, 0x3E, 0x00, 0x0B, 0xF4, 0x00, 0x00, 0x0F, 0x80, 0x02, 0xFD, 0x00, 0x00, 0x03, 0xD0,
    0x00, 0xBF, 0x80, 0x00, 0x01, 0xF4, 0x00, 0x1F, 0xF0, 0x00, 0x00, 0xBC, 0x00, 0x03, 0xFC, 0x00,
    0x00, 0x3E, 0x00, 0x00, 0xBF, 0xC0, 0x00, 0x3F, 0x40, 0x00, 0x0F, 0xFE, 0x55, 0xBF, 0x80, 0x00,
    0x00, 0xFF, 0xFF, 0xFF, 0x80, 0x00, 0x00, 0x0B, 0xFF, 0xFF, 0x40, 0x00, 0x00, 0x00, 0x05, 0x54,
    0x00, 0x00, 0x00, 0x00, 0x28, 0x00, 0x08, 0x00, 0x00, 0x0F, 0x00, 0x0B, 0x40, 0x00, 0x02, 0xE0,
    0x07, 0xC0, 0x00, 0x00, 0x7F, 0xAB, 0xE0, 0x00, 0x00, 0x0B, 0xFF, 0xF0, 0x00, 0x00, 0x00, 0xBF,
    0xF0, 0x00, 0x00, 0x00, 0x01, 0x50, 0x00, 0x00, 0x00, 0x00, 0x00, 0x00, 0x00, 0x00, 0x00, 0x00,
    0x00, 0x00, 0x0F, 0xFF, 0x00, 0x3F, 0xFC, 0x03, 0xFF, 0xC0, 0x0F, 0xFF, 0x00, 0x1F, 0xF0, 0x00,
    0x7F, 0xC0, 0x02, 0xFC, 0x00, 0x0F, 0xF0, 0x00, 0xBF, 0x00, 0x03, 0xFC, 0x00, 0x2F, 0xC0, 0x00,
    0xFF, 0x00, 0x0B, 0xF0, 0x00, 0x3F, 0xC0, 0x02, 0xFC, 0x00, 0x0F, 0xF0, 0x00, 0xBF, 0x00, 0x03,
    0xFC, 0x00, 0x2F, 0xC0, 0x00, 0xFF, 0x00, 0x0B, 0xF0, 0x00, 0x3F, 0xC0, 0x02, 0xFC, 0x00, 0x0F,
    0xF0, 0x00, 0xBF, 0x40, 0x07, 0xFC, 0x00, 0x1F, 0xE0, 0x03, 0xFF, 0x00, 0x03, 0xFE, 0x5B, 0xFF,
    0xD0, 0x00, 0xBF, 0xFF, 0xD7, 0xFF, 0x80, 0x0B, 0xFF, 0xD0, 0xFF, 0xE0, 0x00, 0x15, 0x00, 0x00,
    0x00, 0x00, 0x00, 0x06, 0xF8, 0x00, 0x00, 0x00, 0x00, 0x07, 0xFF, 0xC0, 0x00, 0x00, 0x00, 0x03,
    0xE0, 0xF8, 0x00, 0x00, 0x00, 0x00, 0xF4, 0x2F, 0x00, 0x00, 0x00, 0x00, 0x3D, 0x0B, 0xC0, 0x00,
    0x00, 0x00, 0x0B, 0xDB, 0xD0, 0x00, 0x00, 0x00, 0x00, 0xBF, 0xD0, 0x00, 0x00, 0x00, 0x00, 0x00,
    0x00, 0x00, 0x00, 0x15, 0x55, 0x50, 0x00, 0x55, 0x55, 0x2F, 0xFF, 0xFC, 0x00, 0x3F, 0xFF, 0xD6,
    0xFF, 0xFA, 0x00, 0x06, 0xFF, 0xE0, 0x0F, 0xF4, 0x00, 0x00, 0x0F, 0x80, 0x02, 0xFD, 0x00, 0x00,
    0x03, 0xE0, 0x00, 0xBF, 0x40, 0x00, 0x00, 0xF8, 0x00, 0x2F, 0xD0, 0x00, 0x00, 0x3E, 0x00, 0x0B,
    0xF4, 0x00, 0x00, 0x0F, 0x80, 0x02, 0xFD, 0x00, 0x00, 0x03, 0xE0, 0x00, 0xBF, 0x40, 0x00, 0x00,
    0xF8, 0x00, 0x2F, 0xD0, 0x00, 0x00, 0x3E, 0x00, 0x0B, 0xF4, 0x00, 0x00, 0x0F, 0x80, 0x02, 0xFD,
    0x00, 0x00, 0x03, 0xE0, 0x00, 0xBF, 0x40, 0x00, 0x00, 0xF8, 0x00, 0x2F, 0xD0, 0x00, 0x00, 0x3E,
    0x00, 0x0B, 0xF4, 0x00, 0x00, 0x0F, 0x80, 0x02, 0xFD, 0x00, 0x00, 0x03, 0xD0, 0x00, 0xBF, 0x80,
    0x00, 0x01, 0xF4, 0x00, 0x1F, 0xF0, 0x00, 0x00, 0xBC, 0x00, 0x03, 0xFC, 0x00, 0x00, 0x3E, 0x00,
    0x00, 0xBF, 0xC0, 0x00, 0x3F, 0x40, 0x00, 0x0F, 0xFE, 0x55, 0xBF, 0x80, 0x00, 0x00, 0xFF, 0xFF,
    0xFF, 0x80, 0x00, 0x00, 0x0B, 0xFF, 0xFF, 0x40, 0x00, 0x00, 0x00, 0x05, 0x54, 0x00, 0x00, 0x00,
    0x00, 0x00, 0x15, 0x00, 0x00, 0x00, 0x00, 0xBF, 0xF0, 0x00, 0x00, 0x00, 0x7D, 0x7F, 0x00, 0x00,
    0x00, 0x2E, 0x07, 0xC0, 0x00, 0x00, 0x0F, 0x81, 0xF0, 0x00, 0x00, 0x02, 0xF0, 0xBC, 0x00, 0x00,
    0x00, 0x3F, 0xFC, 0x00, 0x00, 0x00, 0x01, 0xA4, 0x00, 0x00, 0x00, 0x00, 0x00, 0x00, 0x00, 0x00,
    0x00, 0x00, 0x00, 0x00, 0x03, 0xFF, 0xC0, 0x0F, 0xFF, 0x00, 0xFF, 0xF0, 0x03, 0xFF, 0xC0, 0x07,
    0xFC, 0x00, 0x1F, 0xF0, 0x00, 0xBF, 0x00, 0x03, 0xFC, 0x00, 0x2F, 0xC0, 0x00, 0xFF, 0x00, 0x0B,
    0xF0, 0x00, 0x3F, 0xC0, 0x02, 0xFC, 0x00, 0x0F, 0xF0, 0x00, 0xBF, 0x00, 0x03, 0xFC, 0x00, 0x2F,
    0xC0, 0x00, 0xFF, 0x00, 0x0B, 0xF0, 0x00, 0x3F, 0xC0, 0x02, 0xFC, 0x00, 0x0F, 0xF0, 0x00, 0xBF,
    0x00, 0x03, 0xFC, 0x00, 0x2F, 0xD0, 0x01, 0xFF, 0x00, 0x07, 0xF8, 0x00, 0xFF, 0xC0, 0x00, 0xFF,
    0x96, 0xFF, 0xF4, 0x00, 0x2F, 0xFF, 0xF5, 0xFF, 0xE0, 0x02, 0xFF, 0xF4, 0x3F, 0xF8, 0x00, 0x05,
    0x40, 0x00, 0x00, 0x00, 0x00, 0x00, 0x00, 0x00, 0x00, 0x00, 0x00, 0x00, 0x1F, 0x00, 0xF0, 0x00,
    0x00, 0x00, 0x1F, 0xC0, 0xFD, 0x00, 0x00, 0x00, 0x1F, 0xF0, 0xFF, 0x40, 0x00, 0x00, 0x1F, 0xE0,
    0xFF, 0x40, 0x00, 0x00, 0x0F, 0xC0, 0xFD, 0x00, 0x00, 0x00, 0x03, 0x40, 0x34, 0x00, 0x00, 0x00,
    0x00, 0x00, 0x00, 0x00, 0x00, 0x15, 0x55, 0x50, 0x00, 0x55, 0x55, 0x2F, 0xFF, 0xFC, 0x00, 0x3F,
    0xFF, 0xD6, 0xFF, 0xFA, 0x00, 0x06, 0xFF, 0xE0, 0x0F, 0xF4, 0x00, 0x00, 0x0F, 0x80, 0x02, 0xFD,
    0x00, 0x00, 0x03, 0xE0, 0x00, 0xBF, 0x40, 0x00, 0x00, 0xF8, 0x00, 0x2F, 0xD0, 0x00, 0x00, 0x3E,
    0x00, 0x0B, 0xF4, 0x00, 0x00, 0x0F, 0x80, 0x02, 0xFD, 0x00, 0x00, 0x03, 0xE0, 0x00, 0xBF, 0x40,
    0x00, 0x00, 0xF8, 0x00, 0x2F, 0xD0, 0x00, 0x00, 0x3E, 0x00, 0x0B, 0xF4, 0x00, 0x00, 0x0F, 0x80,
    0x02, 0xFD, 0x00, 0x00, 0x03, 0xE0, 0x00, 0xBF, 0x40, 0x00, 0x00, 0xF8, 0x00, 0x2F, 0xD0, 0x00,
    0x00, 0x3E, 0x00, 0x0B, 0xF4, 0x00, 0x00, 0x0F, 0x80, 0x02, 0xFD, 0x00, 0x00, 0x03, 0xD0, 0x00,
    0xBF, 0x80, 0x00, 0x01, 0xF4, 0x00, 0x1F, 0xF0, 0x00, 0x00, 0xBC, 0x00, 0x03, 0xFC, 0x00, 0x00,
    0x3E, 0x00, 0x00, 0xBF, 0xC0, 0x00, 0x3F, 0x40, 0x00, 0x0F, 0xFE, 0x55, 0xBF, 0x80, 0x00, 0x00,
    0xFF, 0xFF, 0xFF, 0x80, 0x00, 0x00, 0x0B, 0xFF, 0xFF, 0x40, 0x00, 0x00, 0x00, 0x05, 0x54, 0x00,
    0x00, 0x00, 0x00, 0x00, 0x1E, 0x02, 0xC0, 0x00, 0x00, 0x0F, 0xC2, 0xF8, 0x00, 0x00, 0x0B, 0xF1,
    0xFD, 0x00, 0x00, 0x07, 0xF0, 0xFE, 0x00, 0x00, 0x03, 0xF0, 0xFD, 0x00, 0x00, 0x02, 0xE0, 0x7C,
    0x00, 0x00, 0x00, 0x10, 0x04, 0x00, 0x00, 0x00, 0x00, 0x00, 0x00, 0x00, 0x00, 0x00, 0x00, 0x00,
    0x00, 0x0F, 0xFF, 0x00, 0x3F, 0xFC, 0x03, 0xFF, 0xC0, 0x0F, 0xFF, 0x00, 0x1F, 0xF0, 0x00, 0x7F,
    0xC0, 0x02, 0xFC, 0x00, 0x0F, 0xF0, 0x00, 0xBF, 0x00, 0x03, 0xFC, 0x00, 0x2F, 0xC0, 0x00, 0xFF,
    0x00, 0x0B, 0xF0, 0x00, 0x3F, 0xC0, 0x02, 0xFC, 0x00, 0x0F, 0xF0, 0x00, 0xBF, 0x00, 0x03, 0xFC,
    0x00, 0x2F, 0xC0, 0x00, 0xFF, 0x00, 0x0B, 0xF0, 0x00, 0x3F, 0xC0, 0x02, 0xFC, 0x00, 0x0F, 0xF0,
    0x00, 0xBF, 0x40, 0x07, 0xFC, 0x00, 0x1F, 0xE0, 0x03, 0xFF, 0x00, 0x03, 0xFE, 0x5B, 0xFF, 0xD0,
    0x00, 0xBF, 0xFF, 0xD7, 0xFF, 0x80, 0x0B, 0xFF, 0xD0, 0xFF, 0xE0, 0x00, 0x15, 0x00, 0x00, 0x00,
    0x15, 0x55, 0x50, 0x00, 0x55, 0x55, 0x2F, 0xFF, 0xFC, 0x00, 0x3F, 0xFF, 0xD6, 0xFF, 0xFA, 0x00,
    0x06, 0xFF, 0xE0, 0x0F, 0xF4, 0x00, 0x00, 0x0F, 0x80, 0x02, 0xFD, 0x00, 0x00, 0x03, 0xE0, 0x00,
    0xBF, 0x40, 0x00, 0x00, 0xF8, 0x00, 0x2F, 0xD0, 0x00, 0x00, 0x3E, 0x00, 0x0B, 0xF4, 0x00, 0x00,
    0x0F, 0x80, 0x02, 0xFD, 0x00, 0x00, 0x03, 0xE0, 0x00, 0xBF, 0x40, 0x00, 0x00, 0xF8, 0x00, 0x2F,
    0xD0, 0x00, 0x00, 0x3E, 0x00, 0x0B, 0xF4, 0x00, 0x00, 0x0F, 0x80, 0x02, 0xFD, 0x00, 0x00, 0x03,
    0xE0, 0x00, 0xBF, 0x40, 0x00, 0x00, 0xF8, 0x00, 0x2F, 0xD0, 0x00, 0x00, 0x3E, 0x00, 0x0B, 0xF4,
    0x00, 0x00, 0x0F, 0x80, 0x02, 0xFD, 0x00, 0x00, 0x03, 0xD0, 0x00, 0xBF, 0x80, 0x00, 0x01, 0xF4,
    0x00, 0x1F, 0xF0, 0x00, 0x00, 0xBC, 0x00, 0x03, 0xFC, 0x00, 0x00, 0x3E, 0x00, 0x00, 0xBF, 0xC0,
    0x00, 0x3F, 0x40, 0x00, 0x0F, 0xFE, 0x55, 0xBF, 0x80, 0x00, 0x00, 0xFF, 0xFF, 0xFF, 0x80, 0x00,
    0x00, 0x0B, 0xFF, 0xFF, 0x40, 0x00, 0x00, 0x00, 0x05, 0xFC, 0x00, 0x00, 0x00, 0x00, 0x00, 0xBC,
    0x00, 0x00, 0x00, 0x00, 0x00, 0xBD, 0x00, 0x00, 0x00, 0x00, 0x00, 0x3F, 0x00, 0x00, 0x00, 0x00,
    0x00, 0x1F, 0xC0, 0x00, 0x00, 0x00, 0x00, 0x07, 0xFE, 0xC0, 0x00, 0x00, 0x00, 0x00, 0xFF, 0xF0,
    0x00, 0x00, 0x00, 0x00, 0x0A, 0x90, 0x00, 0x00, 0x00, 0x00, 0x00, 0x00, 0x00, 0x0F, 0xFF, 0x00,
    0x3F, 0xFC, 0x03, 0xFF, 0xC0, 0x0F, 0xFF, 0x00, 0x1F, 0xF0, 0x00, 0x7F, 0xC0, 0x02, 0xFC, 0x00,
    0x0F, 0xF0, 0x00, 0xBF, 0x00, 0x03, 0xFC, 0x00, 0x2F, 0xC0, 0x00, 0xFF, 0x00, 0x0B, 0xF0, 0x00,
    0x3F, 0xC0, 0x02, 0xFC, 0x00, 0x0F, 0xF0, 0x00, 0xBF, 0x00, 0x03, 0xFC, 0x00, 0x2F, 0xC0, 0x00,
    0xFF, 0x00, 0x0B, 0xF0, 0x00, 0x3F, 0xC0, 0x02, 0xFC, 0x00, 0x0F, 0xF0, 0x00, 0xBF, 0x40, 0x07,
    0xFC, 0x00, 0x1F, 0xE0, 0x03, 0xFF, 0x00, 0x03, 0xFE, 0x5B, 0xFF, 0xD0, 0x00, 0xBF, 0xFF, 0xD7,
    0xFF, 0x80, 0x0B, 0xFF, 0xD0, 0xFF, 0xE0, 0x00, 0x15, 0x00, 0x1F, 0x80, 0x00, 0x00, 0x00, 0x0F,
    0x80, 0x00, 0x00, 0x00, 0x0F, 0xC0, 0x00, 0x00, 0x00, 0x0B, 0xE0, 0x00, 0x00, 0x00, 0x03, 0xF8,
    0x00, 0x00, 0x00, 0x00, 0xFF, 0xA8, 0x00, 0x00, 0x00, 0x1F, 0xFE, 0x00, 0x00, 0x00, 0x01, 0xB9,
    0x00, 0x00, 0x00, 0x00, 0x00, 0x04, 0x00, 0x00, 0x00, 0x00, 0x00, 0x00, 0x00, 0x00, 0x3F, 0x00,
    0x00, 0x00, 0x00, 0x00, 0x00, 0x00, 0x00, 0xBF, 0xC0, 0x00, 0x00, 0x00, 0x00, 0x00, 0x00, 0x02,
    0xFF, 0xF0, 0x00, 0x00, 0x00, 0x00, 0x00, 0x00, 0x0B, 0xF7, 0xFC, 0x00, 0x00, 0x00, 0x00, 0x00,
    0x00, 0x1F, 0x80, 0x7E, 0x00, 0x00, 0x00, 0x00, 0x00, 0x00, 0x2C, 0x00, 0x0B, 0x00, 0x00, 0x00,
    0x00, 0x00, 0x00, 0x00, 0x00, 0x00, 0x00, 0x00, 0x00, 0x15, 0x55, 0x50, 0x00, 0x15, 0x40, 0x00,
    0x55, 0x55, 0x7F, 0xFF, 0xF0, 0x00, 0xBF, 0xC0, 0x00, 0xFF, 0xFF, 0x2F, 0xFF, 0xA0, 0x00, 0xFF,
    0xD0, 0x00, 0xBF, 0xFA, 0x03, 0xFE, 0x00, 0x00, 0xFF, 0xE0, 0x00, 0x0F, 0xC0, 0x02, 0xFE, 0x00,
    0x01, 0xFF, 0xF0, 0x00, 0x0F, 0xC0, 0x01, 0xFF, 0x00, 0x02, 0xFF, 0xF0, 0x00, 0x0F, 0x80, 0x00,
    0xFF, 0x00, 0x03, 0xEB, 0xF4, 0x00, 0x1F, 0x40, 0x00, 0xFF, 0x40, 0x03, 0xD7, 0xF8, 0x00, 0x1F,
    0x00, 0x00, 0xBF, 0x80, 0x07, 0xC3, 0xFC, 0x00, 0x2F, 0x00, 0x00, 0x7F, 0xC0, 0x0B, 0xC2, 0xFD,
    0x00, 0x3E, 0x00, 0x00, 0x3F, 0xC0, 0x0F, 0x81, 0xFE, 0x00, 0x3D, 0x00, 0x00, 0x3F, 0xD0, 0x1F,
    0x40, 0xFF, 0x00, 0x7C, 0x00, 0x00, 0x2F, 0xE0, 0x2F, 0x00, 0xFF, 0x00, 0xBC, 0x00, 0x00, 0x1F,
    0xE0, 0x3E, 0x00, 0xBF, 0x40, 0xF8, 0x00, 0x00, 0x0F, 0xF0, 0x3D, 0x00, 0x7F, 0x80, 0xF4, 0x00,
    0x00, 0x0F, 0xF0, 0x7C, 0x00, 0x3F, 0xC1, 0xF0, 0x00, 0x00, 0x0B, 0xF4, 0xBC, 0x00, 0x2F, 0xD2,
    0xF0, 0x00, 0x00, 0x07, 0xF8, 0xF8, 0x00, 0x1F, 0xE3, 0xE0, 0x00, 0x00, 0x03, 0xFC, 0xF4, 0x00,
    0x0F, 0xF3, 0xD0, 0x00, 0x00, 0x03, 0xFD, 0xF0, 0x00, 0x0F, 0xF7, 0xC0, 0x00, 0x00, 0x02, 0xFF,
    0xF0, 0x00, 0x0B, 0xFF, 0xC0, 0x00, 0x00, 0x01, 0xFF, 0xE0, 0x00, 0x07, 0xFF, 0x80, 0x00, 0x00,
    0x00, 0xFF, 0xD0, 0x00, 0x03, 0xFF, 0x40, 0x00, 0x00, 0x00, 0xFF, 0xC0, 0x00, 0x02, 0xFF, 0x00,
    0x00, 0x00, 0x00, 0x00, 0x00, 0x00, 0x00, 0x00, 0x00, 0x00, 0x00, 0x03, 0xE0, 0x00, 0x00, 0x00,
    0x00, 0x00, 0x03, 0xFD, 0x00, 0x00, 0x00, 0x00, 0x00, 0x02, 0xFF, 0xC0, 0x00, 0x00, 0x00, 0x00,
    0x01, 0xFE, 0xFC, 0x00, 0x00, 0x00, 0x00, 0x00, 0xFC, 0x0F, 0x80, 0x00, 0x00, 0x00, 0x00, 0xF8,
    0x00, 0xF4, 0x00, 0x00, 0x00, 0x00, 0x14, 0x00, 0x04, 0x00, 0x00, 0x00, 0x00, 0x00, 0x00, 0x00,
    0x00, 0x00, 0x00, 0x00, 0x00, 0x00, 0x00, 0x00, 0x00, 0x0B, 0xFF, 0xFC, 0x03, 0xFD, 0x00, 0xFF,
    0xFE, 0xFF, 0xFF, 0x00, 0xFF, 0xC0, 0x3F, 0xFF, 0x0F, 0xF8, 0x00, 0x7F, 0xF0, 0x01, 0xFC, 0x01,
    0xFE, 0x00, 0x2F, 0xFD, 0x00, 0x3C, 0x00, 0x3F, 0xC0, 0x0F, 0x7F, 0x80, 0x1F, 0x00, 0x0B, 0xF4,
    0x03, 0xCF, 0xF0, 0x0B, 0x80, 0x01, 0xFE, 0x01, 0xF2, 0xFC, 0x03, 0xD0, 0x00, 0x3F, 0xC0, 0xF8,
    0x7F, 0x40, 0xF0, 0x00, 0x0B, 0xF0, 0x3D, 0x0F, 0xE0, 0xB8, 0x00, 0x01, 0xFD, 0x1F, 0x03, 0xFC,
    0x3D, 0x00, 0x00, 0x3F, 0x8B, 0xC0, 0x7F, 0x0F, 0x00, 0x00, 0x0F, 0xF3, 0xE0, 0x0F, 0xD7, 0xC0,
    0x00, 0x01, 0xFD, 0xF4, 0x03, 0xFA, 0xD0, 0x00, 0x00, 0x3F, 0xFC, 0x00, 0xBF, 0xF0, 0x00, 0x00,
    0x0F, 0xFE, 0x00, 0x1F, 0xFC, 0x00, 0x00, 0x02, 0xFF, 0x40, 0x03, 0xFE, 0x00, 0x00, 0x00, 0x3F,
    0xC0, 0x00, 0xFF, 0x00, 0x00, 0x00, 0x00, 0x00, 0x40, 0x00, 0x00, 0x00, 0x00, 0x02, 0xF4, 0x00,
    0x00, 0x00, 0x00, 0x0B, 0xFC, 0x00, 0x00, 0x00, 0x00, 0x2F, 0xFF, 0x00, 0x00, 0x00, 0x00, 0x7F,
    0x6F, 0xC0, 0x00, 0x00, 0x01, 0xF8, 0x07, 0xF0, 0x00, 0x00, 0x02, 0xC0, 0x00, 0xB0, 0x00, 0x00,
    0x00, 0x00, 0x00, 0x00, 0x00, 0x15, 0x55, 0x50, 0x01, 0x55, 0x54, 0x7F, 0xFF, 0xF4, 0x03, 0xFF,
    0xFE, 0x2F, 0xFF, 0xE0, 0x01, 0xBF, 0xF9, 0x03, 0xFF, 0x00, 0x00, 0x1F, 0x80, 0x00, 0xFF, 0x00,
    0x00, 0x2F, 0x00, 0x00, 0xBF, 0xC0, 0x00, 0x7D, 0x00, 0x00, 0x3F, 0xD0, 0x00, 0xFC, 0x00, 0x00,
    0x1F, 0xF0, 0x01, 0xF4, 0x00, 0x00, 0x0B, 0xF8, 0x03, 0xE0, 0x00, 0x00, 0x03, 0xFD, 0x0B, 0xC0,
    0x00, 0x00, 0x01, 0xFF, 0x0F, 0x40, 0x00, 0x00, 0x00, 0xFF, 0xBF, 0x00, 0x00, 0x00, 0x00, 0x3F,
    0xFC, 0x00, 0x00, 0x00, 0x00, 0x2F, 0xF8, 0x00, 0x00, 0x00, 0x00, 0x0F, 0xF0, 0x00, 0x00, 0x00,
    0x00, 0x0F, 0xF0, 0x00, 0x00, 0x00, 0x00, 0x0F, 0xF0, 0x00, 0x00, 0x00, 0x00, 0x0F, 0xF0, 0x00,
    0x00, 0x00, 0x00, 0x0F, 0xF0, 0x00, 0x00, 0x00, 0x00, 0x0F, 0xF0, 0x00, 0x00, 0x00, 0x00, 0x0F,
    0xF0, 0x00, 0x00, 0x00, 0x00, 0x1F, 0xF4, 0x00, 0x00, 0x00, 0x03, 0xFF, 0xFF, 0xC0, 0x00, 0x00,
    0x03, 0xFF, 0xFF, 0xC0, 0x00, 0x00, 0x00, 0x00, 0x00, 0x00, 0x00, 0x00, 0x3F, 0x00, 0x00, 0x00,
    0x00, 0xBF, 0x80, 0x00, 0x00, 0x01, 0xFF, 0xD0, 0x00, 0x00, 0x03, 0xFB, 0xF0, 0x00, 0x00, 0x0F,
    0xC0, 0xFC, 0x00, 0x00, 0x2E, 0x00, 0x2E, 0x00, 0x00, 0x04, 0x00, 0x04, 0x00, 0x00, 0x00, 0x00,
    0x00, 0x00, 0x00, 0x00, 0x00, 0x00, 0x00, 0x7F, 0xFF, 0xC0, 0xBF, 0xFD, 0x7F, 0xFF, 0xC0, 0xFF,
    0xFD, 0x0B, 0xFC, 0x00, 0x0F, 0xE0, 0x03, 0xFC, 0x00, 0x0B, 0xC0, 0x02, 0xFD, 0x00, 0x0F, 0x40,
    0x01, 0xFF, 0x00, 0x1F, 0x00, 0x00, 0xFF, 0x00, 0x3E, 0x00, 0x00, 0x7F, 0x80, 0x3C, 0x00, 0x00,
    0x3F, 0xC0, 0xBC, 0x00, 0x00, 0x2F, 0xD0, 0xF4, 0x00, 0x00, 0x0F, 0xF1, 0xF0, 0x00, 0x00, 0x0B,
    0xF3, 0xD0, 0x00, 0x00, 0x07, 0xFF, 0xC0, 0x00, 0x00, 0x03, 0xFF, 0x80, 0x00, 0x00, 0x01, 0xFF,
    0x00, 0x00, 0x00, 0x00, 0xFF, 0x00, 0x00, 0x00, 0x00, 0xBD, 0x00, 0x00, 0x00, 0x00, 0xBC, 0x00,
    0x00, 0x00, 0x00, 0xF8, 0x00, 0x00, 0x09, 0x01, 0xF0, 0x00, 0x00, 0x7F, 0x43, 0xE0, 0x00, 0x00,
    0xBF, 0x4B, 0xC0, 0x00, 0x00, 0xBF, 0xAF, 0x40, 0x00, 0x00, 0x3F, 0xFD, 0x00, 0x00, 0x00, 0x06,
    0x90, 0x00, 0x00, 0x00, 0x00, 0x00, 0x50, 0x01, 0x40, 0x00, 0x00, 0x03, 0xFC, 0x0B, 0xF0, 0x00,
    0x00, 0x03, 0xFE, 0x0F, 0xF8, 0x00, 0x00, 0x03, 0xFD, 0x0F, 0xF4, 0x00, 0x00, 0x01, 0xF8, 0x07,
    0xE0, 0x00, 0x00, 0x00, 0x00, 0x00, 0x00, 0x00, 0x00, 0x00, 0x00, 0x00, 0x00, 0x00, 0x15, 0x55,
    0x50, 0x01, 0x55, 0x54, 0x7F, 0xFF, 0xF4, 0x03, 0xFF, 0xFE, 0x2F, 0xFF, 0xE0, 0x01, 0xBF, 0xF9,
    0x03, 0xFF, 0x00, 0x00, 0x1F, 0x80, 0x00, 0xFF, 0x00, 0x00, 0x2F, 0x00, 0x00, 0xBF, 0xC0, 0x00,
    0x7D, 0x00, 0x00, 0x3F, 0xD0, 0x00, 0xFC, 0x00, 0x00, 0x1F, 0xF0, 0x01, 0xF4, 0x00, 0x00, 0x0B,
    0xF8, 0x03, 0xE0, 0x00, 0x00, 0x03, 0xFD, 0x0B, 0xC0, 0x00, 0x00, 0x01, 0xFF, 0x0F, 0x40, 0x00,
    0x00, 0x00, 0xFF, 0xBF, 0x00, 0x00, 0x00, 0x00, 0x3F, 0xFC, 0x00, 0x00, 0x00, 0x00, 0x2F, 0xF8,
    0x00, 0x00, 0x00, 0x00, 0x0F, 0xF0, 0x00, 0x00, 0x00, 0x00, 0x0F, 0xF0, 0x00, 0x00, 0x00, 0x00,
    0x0F, 0xF0, 0x00, 0x00, 0x00, 0x00, 0x0F, 0xF0, 0x00, 0x00, 0x00, 0x00, 0x0F, 0xF0, 0x00, 0x00,
    0x00, 0x00, 0x0F, 0xF0, 0x00, 0x00, 0x00, 0x00, 0x0F, 0xF0, 0x00, 0x00, 0x00, 0x00, 0x1F, 0xF4,
    0x00, 0x00, 0x00, 0x03, 0xFF, 0xFF, 0xC0, 0x00, 0x00, 0x03, 0xFF, 0xFF, 0xC0, 0x00, 0x00, 0x00,
    0x01, 0xE0, 0x00, 0x00, 0x00, 0x0B, 0xF0, 0x00, 0x00, 0x00, 0x2F, 0xF0, 0x00, 0x00, 0x00, 0xBF,
    0xD0, 0x00, 0x00, 0x02, 0xF9, 0x00, 0x00, 0x00, 0x03, 0x80, 0x00, 0x00, 0x00, 0x00, 0x00, 0x00,
    0x00, 0x05, 0x55, 0x55, 0x55, 0x54, 0x2F, 0xFF, 0xFF, 0xFF, 0xFC, 0x2F, 0xFE, 0xAA, 0xAF, 0xFC,
    0x2F, 0xD0, 0x00, 0x0F, 0xF4, 0x2F, 0x40, 0x00, 0x3F, 0xE0, 0x3F, 0x00, 0x00, 0xBF, 0xC0, 0x3E,
    0x00, 0x01, 0xFF, 0x40, 0x14, 0x00, 0x03, 0xFE, 0x00, 0x00, 0x00, 0x0B, 0xFC, 0x00, 0x00, 0x00,
    0x1F, 0xF0, 0x00, 0x00, 0x00, 0x3F, 0xE0, 0x00, 0x00, 0x00, 0xFF, 0xC0, 0x00, 0x00, 0x01, 0xFF,
    0x00, 0x00, 0x00, 0x03, 0xFD, 0x00, 0x00, 0x00, 0x0F, 0xF8, 0x00, 0x00, 0x00, 0x2F, 0xF0, 0x00,
    0x00, 0x00, 0x7F, 0xD0, 0x00, 0x00, 0x00, 0xFF, 0x80, 0x00, 0x3D, 0x02, 0xFF, 0x00, 0x00, 0x7C,
    0x07, 0xFD, 0x00, 0x00, 0xFC, 0x0F, 0xF8, 0x00, 0x02, 0xFC, 0x3F, 0xF0, 0x00, 0x1B, 0xFC, 0x3F,
    0xFF, 0xFF, 0xFF, 0xFC, 0x3F, 0xFF, 0xFF, 0xFF, 0xFC, 0x00, 0x00, 0x00, 0x00, 0x00, 0x01, 0xF0,
    0x00, 0x00, 0x0F, 0xD0, 0x00, 0x00, 0xFF, 0x40, 0x00, 0x0B, 0xF4, 0x00, 0x00, 0x7F, 0x00, 0x00,
    0x03, 0xE0, 0x00, 0x00, 0x04, 0x00, 0x00, 0x00, 0x00, 0x00, 0x00, 0x00, 0x00, 0x00, 0x07, 0xFF,
    0xFF, 0xFF, 0x5F, 0xFF, 0xFF, 0xFD, 0x7F, 0x40, 0x1F, 0xE2, 0xF4, 0x00, 0xFF, 0x0B, 0xC0, 0x0F,
    0xF4, 0x2D, 0x00, 0xBF, 0x80, 0x00, 0x07, 0xFC, 0x00, 0x00, 0x3F, 0xC0, 0x00, 0x02, 0xFD, 0x00,
    0x00, 0x1F, 0xE0, 0x00, 0x00, 0xFF, 0x00, 0x00, 0x0F, 0xF0, 0x01, 0xE0, 0xBF, 0x40, 0x0F, 0x87,
    0xF8, 0x00, 0x7E, 0x3F, 0xC0, 0x07, 0xFA, 0xFF, 0xFF, 0xFF, 0xDF, 0xFF, 0xFF, 0xFF, 0x40, 0x00,
    0x00, 0x28, 0x00, 0x00, 0x00, 0x00, 0xFF, 0x00, 0x00, 0x00, 0x02, 0xFF, 0x80, 0x00, 0x00, 0x01,
    0xFF, 0x40, 0x00, 0x00, 0x00, 0xFF, 0x00, 0x00, 0x00, 0x00, 0x00, 0x00, 0x00, 0x00, 0x00, 0x00,
    0x00, 0x00, 0x05, 0x55, 0x55, 0x55, 0x54, 0x2F, 0xFF, 0xFF, 0xFF, 0xFC, 0x2F, 0xFE, 0xAA, 0xAF,
    0xFC, 0x2F, 0xD0, 0x00, 0x0F, 0xF4, 0x2F, 0x40, 0x00, 0x3F, 0xE0, 0x3F, 0x00, 0x00, 0xBF, 0xC0,
    0x3E, 0x00, 0x01, 0xFF, 0x40, 0x14, 0x00, 0x03, 0xFE, 0x00, 0x00, 0x00, 0x0B, 0xFC, 0x00, 0x00,
    0x00, 0x1F, 0xF0, 0x00, 0x00, 0x00, 0x3F, 0xE0, 0x00, 0x00, 0x00, 0xFF, 0xC0, 0x00, 0x00, 0x01,
    0xFF, 0x00, 0x00, 0x00, 0x03, 0xFD, 0x00, 0x00, 0x00, 0x0F, 0xF8, 0x00, 0x00, 0x00, 0x2F, 0xF0,
    0x00, 0x00, 0x00, 0x7F, 0xD0, 0x00, 0x00, 0x00, 0xFF, 0x80, 0x00, 0x3D, 0x02, 0xFF, 0x00, 0x00,
    0x7C, 0x07, 0xFD, 0x00, 0x00, 0xFC, 0x0F, 0xF8, 0x00, 0x02, 0xFC, 0x3F, 0xF0, 0x00, 0x1B, 0xFC,
    0x3F, 0xFF, 0xFF, 0xFF, 0xFC, 0x3F, 0xFF, 0xFF, 0xFF, 0xFC, 0x00, 0x01, 0x00, 0x00, 0x00, 0xBF,
    0x40, 0x00, 0x03, 0xFF, 0x00, 0x00, 0x0F, 0xFC, 0x00, 0x00, 0x3F, 0xD0, 0x00, 0x00, 0x15, 0x00,
    0x00, 0x00, 0x00, 0x00, 0x00, 0x00, 0x00, 0x00, 0x00, 0x00, 0x00, 0x01, 0xFF, 0xFF, 0xFF, 0xD7,
    0xFF, 0xFF, 0xFF, 0x5F, 0xD0, 0x07, 0xF8, 0xBD, 0x00, 0x3F, 0xC2, 0xF0, 0x03, 0xFD, 0x0B, 0x40,
    0x2F, 0xE0, 0x00, 0x01, 0xFF, 0x00, 0x00, 0x0F, 0xF0, 0x00, 0x00, 0xBF, 0x40, 0x00, 0x07, 0xF8,
    0x00, 0x00, 0x3F, 0xC0, 0x00, 0x03, 0xFC, 0x00, 0x78, 0x2F, 0xD0, 0x03, 0xE1, 0xFE, 0x00, 0x1F,
    0x8F, 0xF0, 0x01, 0xFE, 0xBF, 0xFF, 0xFF, 0xF7, 0xFF, 0xFF, 0xFF, 0xD0, 0x00, 0x10, 0x00, 0x04,
    0x00, 0x00, 0x7C, 0x00, 0x3D, 0x00, 0x00, 0x2F, 0x82, 0xF8, 0x00, 0x00, 0x0F, 0xFF, 0xF0, 0x00,
    0x00, 0x03, 0xFF, 0xC0, 0x00, 0x00, 0x00, 0xFF, 0x00, 0x00, 0x00, 0x00, 0x3C, 0x00, 0x00, 0x00,
    0x00, 0x00, 0x00, 0x00, 0x05, 0x55, 0x55, 0x55, 0x54, 0x2F, 0xFF, 0xFF, 0xFF, 0xFC, 0x2F, 0xFE,
    0xAA, 0xAF, 0xFC, 0x2F, 0xD0, 0x00, 0x0F, 0xF4, 0x2F, 0x40, 0x00, 0x3F, 0xE0, 0x3F, 0x00, 0x00,
    0xBF, 0xC0, 0x3E, 0x00, 0x01, 0xFF, 0x40, 0x14, 0x00, 0x03, 0xFE, 0x00, 0x00, 0x00, 0x0B, 0xFC,
    0x00, 0x00, 0x00, 0x1F, 0xF0, 0x00, 0x00, 0x00, 0x3F, 0xE0, 0x00, 0x00, 0x00, 0xFF, 0xC0, 0x00,
    0x00, 0x01, 0xFF, 0x00, 0x00, 0x00, 0x03, 0xFD, 0x00, 0x00, 0x00, 0x0F, 0xF8, 0x00, 0x00, 0x00,
    0x2F, 0xF0, 0x00, 0x00, 0x00, 0x7F, 0xD0, 0x00, 0x00, 0x00, 0xFF, 0x80, 0x00, 0x3D, 0x02, 0xFF,
    0x00, 0x00, 0x7C, 0x07, 0xFD, 0x00, 0x00, 0xFC, 0x0F, 0xF8, 0x00, 0x02, 0xFC, 0x3F, 0xF0, 0x00,
    0x1B, 0xFC, 0x3F, 0xFF, 0xFF, 0xFF, 0xFC, 0x3F, 0xFF, 0xFF, 0xFF, 0xFC, 0x00, 0x00, 0x00, 0x00,
    0x2C, 0x00, 0x1D, 0x00, 0x7D, 0x02, 0xF0, 0x00, 0xBE, 0x2F, 0x40, 0x00, 0xFF, 0xF8, 0x00, 0x00,
    0xFF, 0xC0, 0x00, 0x01, 0xFC, 0x00, 0x00, 0x01, 0x90, 0x00, 0x00, 0x00, 0x00, 0x00, 0x00, 0x00,
    0x00, 0x07, 0xFF, 0xFF, 0xFF, 0x5F, 0xFF, 0xFF, 0xFD, 0x7F, 0x40, 0x1F, 0xE2, 0xF4, 0x00, 0xFF,
    0x0B, 0xC0, 0x0F, 0xF4, 0x2D, 0x00, 0xBF, 0x80, 0x00, 0x07, 0xFC, 0x00, 0x00, 0x3F, 0xC0, 0x00,
    0x02, 0xFD, 0x00, 0x00, 0x1F, 0xE0, 0x00, 0x00, 0xFF, 0x00, 0x00, 0x0F, 0xF0, 0x01, 0xE0, 0xBF,
    0x40, 0x0F, 0x87, 0xF8, 0x00, 0x7E, 0x3F, 0xC0, 0x07, 0xFA, 0xFF, 0xFF, 0xFF, 0xDF, 0xFF, 0xFF,
    0xFF, 0x40, 0x00, 0x06, 0xBE, 0x90, 0x00, 0x00, 0x1F, 0xFF, 0xFF, 0x80, 0x00, 0x3F, 0xFF, 0xFF,
    0xFC, 0x00, 0x3F, 0xE5, 0x5F, 0xFF, 0xC0, 0x3F, 0x40, 0x00, 0x3F, 0xF8, 0x0B, 0x00, 0x00, 0x03,
    0xFF, 0x40, 0x00, 0x00, 0x00, 0x3F, 0xF0, 0x00, 0x00, 0x00, 0x0B, 0xFC, 0x00, 0x00, 0x00, 0x00,
    0xFF, 0x40, 0x00, 0x00, 0x00, 0x3F, 0xE0, 0x00, 0x00, 0x00, 0x0B, 0xF8, 0x00, 0x00, 0x00, 0x02,
    0xFF, 0x2F, 0xFF, 0xFF, 0xFF, 0xFF, 0xCF, 0xFF, 0xFF, 0xFF, 0xFF, 0xE3, 0xFE, 0xAA, 0xAA, 0xAF,
    0xF8, 0xFF, 0x00, 0x00, 0x02, 0xFD, 0x3F, 0xC0, 0x00, 0x00, 0xFF, 0x0F, 0xF0, 0x00, 0x00, 0x3F,
    0xC3, 0xFC, 0x00, 0x00, 0x2F, 0xD0, 0xBF, 0x80, 0x00, 0x0F, 0xF0, 0x0F, 0xF4, 0x00, 0x0F, 0xF4,
    0x01, 0xFF, 0x80, 0x1F, 0xF4, 0x00, 0x1F, 0xFF, 0xFF, 0xF4, 0x00, 0x00, 0xBF, 0xFF, 0xD0, 0x00,
    0x00, 0x01, 0x55, 0x00, 0x00, 0x00, 0x00, 0x00, 0x00, 0x02, 0xFA, 0x00, 0x00, 0x00, 0x00, 0xBF,
    0xFF, 0x40, 0x00, 0x00, 0x0B, 0xE0, 0x7F, 0x00, 0x00, 0x00, 0x7F, 0x02, 0xFC, 0x00, 0x00, 0x03,
    0xF4, 0x0F, 0xF0, 0x00, 0x00, 0x0F, 0xC0, 0x2F, 0x40, 0x00, 0x00, 0x7F, 0x00, 0x00, 0x00, 0x00,
    0x02, 0xFC, 0x00, 0x00, 0x00, 0x00, 0x0F, 0xF0, 0x00, 0x00, 0x00, 0x06, 0xBF, 0xEA, 0x90, 0x00,
    0x00, 0x3F, 0xFF, 0xFF, 0x40, 0x00, 0x00, 0x6B, 0xFA, 0xA8, 0x00, 0x00, 0x00, 0x1F, 0xD0, 0x00,
    0x00, 0x00, 0x00, 0xBF, 0x00, 0x00, 0x00, 0x00, 0x02, 0xFC, 0x00, 0x00, 0x00, 0x00, 0x0F, 0xF0,
    0x00, 0x00, 0x00, 0x00, 0x3F, 0xC0, 0x00, 0x00, 0x00, 0x00, 0xFE, 0x00, 0x00, 0x00, 0x00, 0x03,
    0xF8, 0x00, 0x00, 0x00, 0x00, 0x1F, 0xD0, 0x00, 0x00, 0x00, 0x00, 0x7F, 0x40, 0x00, 0x00, 0x00,
    0x02, 0xFC, 0x00, 0x00, 0x00, 0x00, 0x0B, 0xF0, 0x00, 0x00, 0x00, 0x00, 0x2F, 0xC0, 0x00, 0x00,
    0x04, 0x00, 0xFE, 0x00, 0x00, 0x00, 0xFD, 0x03, 0xF4, 0x00, 0x00, 0x0B, 0xF4, 0x1F, 0xC0, 0x00,
    0x00, 0x2F, 0xC0, 0xFC, 0x00, 0x00, 0x00, 0x7F, 0xAF, 0xD0, 0x00, 0x00, 0x00, 0x7F, 0xFD, 0x00,
    0x00, 0x00, 0x00, 0x15, 0x00, 0x00, 0x00, 0x00, 0x00, 0x00, 0x00, 0x00, 0x00, 0x00, 0x01, 0x50,
    0x00, 0x00, 0x00, 0x00, 0x00, 0x07, 0xF4, 0x00, 0x00, 0x1A, 0xA4, 0x00, 0x0F, 0xFC, 0x00, 0x07,
    0xFF, 0xFF, 0xD0, 0x0B, 0xFC, 0x00, 0x3F, 0xFE, 0xFF, 0xFC, 0x02, 0xFC, 0x00, 0xFF, 0x40, 0x07,
    0xFF, 0x00, 0xB8, 0x03, 0xFC, 0x00, 0x00, 0xFF, 0xC0, 0xF4, 0x0B, 0xF4, 0x00, 0x00, 0x3F, 0xD2,
    0xE0, 0x0F, 0xF0, 0x00, 0x00, 0x2F, 0xFF, 0xC0, 0x2F, 0xD0, 0x00, 0x00, 0x0F, 0xFE, 0x00, 0x3F,
    0xC0, 0x00, 0x00, 0x0F, 0xF8, 0x00, 0x3F, 0xC0, 0x00, 0x00, 0x0B, 0xFC, 0x00, 0x7F, 0xC0, 0x00,
    0x00, 0x0B, 0xFC, 0x00, 0x7F, 0xC0, 0x00, 0x00, 0x07, 0xFC, 0x00, 0x7F, 0xC0, 0x00, 0x00, 0x07,
    0xFC, 0x00, 0x7F, 0xC0, 0x00, 0x00, 0x07, 0xFC, 0x00, 0x7F, 0xC0, 0x00, 0x00, 0x0B, 0xF8, 0x00,
    0x3F, 0xC0, 0x00, 0x00, 0x0B, 0xF8, 0x00, 0x3F, 0xD0, 0x00, 0x00, 0x0F, 0xF4, 0x00, 0x2F, 0xF0,
    0x00, 0x00, 0x0F, 0xF0, 0x00, 0x1F, 0xF0, 0x00, 0x00, 0x2F, 0xD0, 0x00, 0x0B, 0xFC, 0x00, 0x00,
    0x3F, 0xC0, 0x00, 0x03, 0xFF, 0x00, 0x00, 0xFF, 0x40, 0x00, 0x00, 0xFF, 0xE0, 0x0B, 0xFD, 0x00,
    0x00, 0x00, 0x3F, 0xFF, 0xFF, 0xF0, 0x00, 0x00, 0x00, 0x07, 0xFF, 0xFF, 0x40, 0x00, 0x00, 0x00,
    0x00, 0x15, 0x50, 0x00, 0x00, 0x00, 0x00, 0x00, 0x00, 0x00, 0x00, 0x00, 0x00, 0x00, 0x00, 0x3F,
    0x80, 0x00, 0x00, 0x00, 0x1F, 0xF0, 0x00, 0x00, 0x00, 0x07, 0xFD, 0x00, 0x00, 0x00, 0x00, 0xBF,
    0x40, 0x00, 0x55, 0x00, 0x03, 0xC0, 0x06, 0xFF, 0xFE, 0x02, 0xE0, 0x0B, 0xFF, 0xFF, 0xF0, 0xF0,
    0x0B, 0xF4, 0x03, 0xFF, 0xF4, 0x07, 0xF8, 0x00, 0x3F, 0xF4, 0x03, 0xFC, 0x00, 0x07, 0xFC, 0x00,
    0xFE, 0x00, 0x00, 0xFF, 0x00, 0x7F, 0x80, 0x00, 0x3F, 0xD0, 0x2F, 0xE0, 0x00, 0x0B, 0xF4, 0x0B,
    0xF8, 0x00, 0x02, 0xFD, 0x02, 0xFE, 0x00, 0x00, 0xBF, 0x40, 0x7F, 0x80, 0x00, 0x2F, 0xD0, 0x1F,
    0xF0, 0x00, 0x0F, 0xF0, 0x03, 0xFD, 0x00, 0x03, 0xF8, 0x00, 0xBF, 0xC0, 0x02, 0xFC, 0x00, 0x0F,
    0xFC, 0x02, 0xFE, 0x00, 0x00, 0xFF, 0xFF, 0xFE, 0x00, 0x00, 0x0B, 0xFF, 0xFD, 0x00, 0x00, 0x00,
    0x05, 0x50, 0x00, 0x00, 0x00, 0x00, 0x00, 0x00, 0x00, 0x00, 0x14, 0x00, 0x00, 0x00, 0x00, 0x00,
    0x00, 0x7F, 0x81, 0x55, 0x55, 0x00, 0x05, 0x54, 0x2F, 0xF2, 0xFF, 0xFF, 0xC0, 0x03, 0xFF, 0x8B,
    0xFC, 0x6F, 0xFF, 0xA0, 0x00, 0x6F, 0xE0, 0xAF, 0x00, 0xFF, 0x40, 0x00, 0x00, 0xF8, 0x07, 0x80,
    0x2F, 0xD0, 0x00, 0x00, 0x3E, 0x03, 0xD0, 0x0B, 0xF4, 0x00, 0x00, 0x0F, 0x83, 0xE0, 0x02, 0xFD,
    0x00, 0x00, 0x03, 0xEB, 0xF0, 0x00, 0xBF, 0x40, 0x00, 0x00, 0xFF, 0xE0, 0x00, 0x2F, 0xD0, 0x00,
    0x00, 0x3F, 0x40, 0x00, 0x0B, 0xF4, 0x00, 0x00, 0x0F, 0x80, 0x00, 0x02, 0xFD, 0x00, 0x00, 0x03,
    0xE0, 0x00, 0x00, 0xBF, 0x40, 0x00, 0x00, 0xF8, 0x00, 0x00, 0x2F, 0xD0, 0x00, 0x00, 0x3E, 0x00,
    0x00, 0x0B, 0xF4, 0x00, 0x00, 0x0F, 0x80, 0x00, 0x02, 0xFD, 0x00, 0x00, 0x03, 0xE0, 0x00, 0x00,
    0xBF, 0x40, 0x00, 0x00, 0xF8, 0x00, 0x00, 0x2F, 0xD0, 0x00, 0x00, 0x3D, 0x00, 0x00, 0x0B, 0xF8,
    0x00, 0x00, 0x1F, 0x40, 0x00, 0x01, 0xFF, 0x00, 0x00, 0x0B, 0xC0, 0x00, 0x00, 0x3F, 0xC0, 0x00,
    0x03, 0xE0, 0x00, 0x00, 0x0B, 0xFC, 0x00, 0x03, 0xF4, 0x00, 0x00, 0x00, 0xFF, 0xE5, 0x5B, 0xF8,
    0x00, 0x00, 0x00, 0x0F, 0xFF, 0xFF, 0xF8, 0x00, 0x00, 0x00, 0x00, 0xBF, 0xFF, 0xF4, 0x00, 0x00,
    0x00, 0x00, 0x00, 0x55, 0x40, 0x00, 0x00, 0x00, 0x00, 0x00, 0x00, 0x00, 0x00, 0x00, 0x00, 0x00,
    0x00, 0x00, 0x01, 0xFC, 0x00, 0x00, 0x00, 0x00, 0x03, 0xFE, 0x00, 0x00, 0x00, 0x00, 0x03, 0xFF,
    0x00, 0x00, 0x00, 0x00, 0x01, 0xFF, 0x00, 0x00, 0x00, 0x00, 0x00, 0x2E, 0x3F, 0xFC, 0x00, 0xFF,
    0xF0, 0x3C, 0x3F, 0xFC, 0x00, 0xFF, 0xF0, 0xB8, 0x07, 0xFC, 0x00, 0x1F, 0xF7, 0xF0, 0x02, 0xFC,
    0x00, 0x0F, 0xFF, 0xC0, 0x02, 0xFC, 0x00, 0x0F, 0xF9, 0x00, 0x02, 0xFC, 0x00, 0x0F, 0xF0, 0x00,
    0x02, 0xFC, 0x00, 0x0F, 0xF0, 0x00, 0x02, 0xFC, 0x00, 0x0F, 0xF0, 0x00, 0x02, 0xFC, 0x00, 0x0F,
    0xF0, 0x00, 0x02, 0xFC, 0x00, 0x0F, 0xF0, 0x00, 0x02, 0xFC, 0x00, 0x0F, 0xF0, 0x00, 0x02, 0xFC,
    0x00, 0x0F, 0xF0, 0x00, 0x02, 0xFD, 0x00, 0x1F, 0xF0, 0x00, 0x01, 0xFE, 0x00, 0x3F, 0xF0, 0x00,
    0x00, 0xFF, 0x96, 0xFF, 0xF4, 0x00, 0x00, 0xBF, 0xFF, 0xD7, 0xFF, 0x80, 0x00, 0x2F, 0xFF, 0x43,
    0xFF, 0x80, 0x00, 0x01, 0x50, 0x00, 0x00, 0x00, 0x00, 0x00, 0x00, 0x00, 0x00, 0x00, 0x00, 0x04,
    0x00, 0x01, 0x00, 0x00, 0x00, 0x00, 0x00, 0x00, 0x00, 0x00, 0x0B, 0x80, 0x03, 0xD0, 0x00, 0x00,
    0x00, 0x00, 0x00, 0x00, 0x00, 0x00, 0xFE, 0x0B, 0xE0, 0x00, 0x00, 0x00, 0x00, 0x00, 0x00, 0x00,
    0x00, 0x0F, 0xFF, 0xE0, 0x00, 0x00, 0x00, 0x00, 0x00, 0x00, 0x00, 0x00, 0x00, 0xFF, 0xF0, 0x00,
    0x00, 0x00, 0x00, 0x00, 0x00, 0x00, 0x00, 0x00, 0x0F, 0xF0, 0x00, 0x00, 0x00, 0x00, 0x00, 0x00,
    0x00, 0x00, 0x00, 0x00, 0xF0, 0x00, 0x00, 0x00, 0x00, 0x00, 0x00, 0x00, 0x00, 0x00, 0x00, 0x00,
    0x00, 0x00, 0x15, 0x55, 0x55, 0x40, 0x00, 0x00, 0x01, 0x55, 0x55, 0x55, 0x55, 0x0F, 0xFF, 0xFF,
    0xFF, 0xE0, 0x00, 0x02, 0xFF, 0xFF, 0xFF, 0xFF, 0xC2, 0xBF, 0xFF, 0xFF, 0xFF, 0x80, 0x00, 0xBF,
    0xFA, 0xAA, 0xBF, 0xF0, 0x07, 0xFC, 0x00, 0x2F, 0xFC, 0x00, 0x2F, 0xC0, 0x00, 0x1F, 0xF4, 0x01,
    0xFF, 0x00, 0x00, 0xFF, 0xC0, 0x0F, 0xD0, 0x00, 0x0F, 0xF8, 0x00, 0x7F, 0xC0, 0x00, 0x0F, 0xF8,
    0x03, 0xF0, 0x00, 0x0B, 0xFC, 0x00, 0x1F, 0xF0, 0x00, 0x01, 0xFF, 0x00, 0xF8, 0x00, 0x07, 0xFD,
    0x00, 0x07, 0xFC, 0x00, 0x00, 0x3F, 0xD0, 0x14, 0x00, 0x03, 0xFE, 0x00, 0x01, 0xFF, 0x00, 0x00,
    0x0B, 0xF8, 0x00, 0x00, 0x03, 0xFF, 0x00, 0x00, 0x7F, 0xC0, 0x00, 0x01, 0xFF, 0x00, 0x00, 0x01,
    0xFF, 0x00, 0x00, 0x1F, 0xF0, 0x00, 0x00, 0x7F, 0xC0, 0x00, 0x00, 0xFF, 0x40, 0x00, 0x07, 0xFC,
    0x00, 0x00, 0x1F, 0xF0, 0x00, 0x00, 0xFF, 0xC0, 0x00, 0x01, 0xFF, 0x00, 0x00, 0x07, 0xFC, 0x00,
    0x00, 0xBF, 0xC0, 0x00, 0x00, 0x7F, 0xC0, 0x00, 0x01, 0xFF, 0x00, 0x00, 0x7F, 0xD0, 0x00, 0x00,
    0x1F, 0xF0, 0x00, 0x00, 0x7F, 0xC0, 0x00, 0x3F, 0xE0, 0x00, 0x00, 0x07, 0xFC, 0x00, 0x00, 0x2F,
    0xE0, 0x00, 0x2F, 0xF0, 0x00, 0x00, 0x01, 0xFF, 0x00, 0x00, 0x0F, 0xF4, 0x00, 0x1F, 0xF4, 0x00,
    0x00, 0x00, 0x7F, 0xC0, 0x00, 0x03, 0xFC, 0x00, 0x0F, 0xF8, 0x00, 0x03, 0xC0, 0x1F, 0xF0, 0x00,
    0x02, 0xFD, 0x00, 0x0F, 0xFC, 0x00, 0x02, 0xF0, 0x07, 0xFC, 0x00, 0x01, 0xFE, 0x00, 0x07, 0xFC,
    0x00, 0x00, 0xFC, 0x01, 0xFF, 0x00, 0x02, 0xFF, 0x00, 0x03, 0xFD, 0x00, 0x00, 0xBF, 0x00, 0xBF,
    0xD0, 0x5B, 0xFE, 0x00, 0x03, 0xFF, 0x00, 0x01, 0xBF, 0xC3, 0xFF, 0xFF, 0xFF, 0xF8, 0x00, 0x01,
    0xFF, 0xFF, 0xFF, 0xFF, 0xF0, 0xFF, 0xFF, 0xFF, 0x90, 0x00, 0x00, 0x7F, 0xFF, 0xFF, 0xFF, 0xF8,
    0x00, 0x00, 0x00, 0x00, 0x00, 0x00, 0x00, 0x00, 0x00, 0x00, 0x00, 0x00, 0x00, 0x00, 0x00, 0x00,
    0x00, 0x38, 0x00, 0x2C, 0x00, 0x00, 0x00, 0x00, 0x00, 0x00, 0x00, 0x0F, 0xC0, 0x3E, 0x00, 0x55,
    0x55, 0x55, 0x00, 0x00, 0x00, 0x00, 0xFC, 0x7F, 0x00, 0x3F, 0xFF, 0xFF, 0xFF, 0x80, 0x00, 0x00,
    0x1F, 0xFF, 0x00, 0x0A, 0xFF, 0xFF, 0xFF, 0xFE, 0x00, 0x00, 0x02, 0xFF, 0x40, 0x00, 0x1F, 0xF0,
    0x00, 0xBF, 0xF0, 0x00, 0x00, 0x3F, 0x80, 0x00, 0x07, 0xFC, 0x00, 0x03, 0xFF, 0x00, 0x00, 0x02,
    0x80, 0x00, 0x01, 0xFF, 0x00, 0x00, 0x3F, 0xE0, 0x00, 0x00, 0x00, 0x00, 0x00, 0x7F, 0xC0, 0x00,
    0x07, 0xFC, 0x00, 0x00, 0x00, 0x00, 0x00, 0x1F, 0xF0, 0x00, 0x00, 0xFF, 0x40, 0xBF, 0xFF, 0xFF,
    0xF0, 0x07, 0xFC, 0x00, 0x00, 0x2F, 0xE0, 0x3F, 0xFF, 0xFF, 0xFC, 0x01, 0xFF, 0x00, 0x00, 0x07,
    0xFC, 0x0F, 0xE0, 0x03, 0xFD, 0x00, 0x7F, 0xC0, 0x00, 0x01, 0xFF, 0x03, 0xF0, 0x01, 0xFE, 0x00,
    0x1F, 0xF0, 0x00, 0x00, 0x7F, 0xC0, 0xF4, 0x00, 0xFF, 0x00, 0x07, 0xFC, 0x00, 0x00, 0x1F, 0xF0,
    0x3C, 0x00, 0xFF, 0x00, 0x01, 0xFF, 0x00, 0x00, 0x07, 0xFC, 0x00, 0x00, 0xBF, 0x40, 0x00, 0x7F,
    0xC0, 0x00, 0x01, 0xFF, 0x00, 0x00, 0x7F, 0x80, 0x00, 0x1F, 0xF0, 0x00, 0x00, 0xBF, 0x80, 0x00,
    0x3F, 0xC0, 0x00, 0x07, 0xFC, 0x00, 0x00, 0x3F, 0xD0, 0x00, 0x3F, 0xC0, 0x00, 0x01, 0xFF, 0x00,
    0x00, 0x0F, 0xF0, 0x00, 0x2F, 0xE0, 0x00, 0x00, 0x7F, 0xC0, 0x00, 0x0B, 0xF4, 0x00, 0x1F, 0xF0,
    0x03, 0xD0, 0x1F, 0xF0, 0x00, 0x07, 0xF8, 0x00, 0x0F, 0xF0, 0x01, 0xF4, 0x07, 0xFC, 0x00, 0x0B,
    0xFC, 0x00, 0x0F, 0xF4, 0x00, 0xFC, 0x02, 0xFF, 0x41, 0x6F, 0xF8, 0x00, 0x0B, 0xF8, 0x00, 0xBF,
    0x0F, 0xFF, 0xFF, 0xFF, 0xE0, 0x00, 0x03, 0xFF, 0xFF, 0xFF, 0xC3, 0xFF, 0xFF, 0xFE, 0x40, 0x00,
    0x00, 0xFF, 0xFF, 0xFF, 0xF0, 0x00, 0x00, 0x00, 0x00, 0x00, 0x00, 0x00, 0x00, 0x00, 0x00, 0x00,
    0x05, 0x56, 0x00, 0x02, 0xC0, 0x01, 0xD0, 0x00, 0x00, 0x0F, 0xFF, 0x40, 0x01, 0xF4, 0x0B, 0xC0,
    0x00, 0x00, 0x0B, 0xFF, 0x40, 0x00, 0xBD, 0x3F, 0x40, 0x00, 0x00, 0x00, 0x7F, 0x40, 0x00, 0x3F,
    0xFE, 0x00, 0x00, 0x00, 0x00, 0x7F, 0x40, 0x00, 0x0F, 0xFC, 0x00, 0x00, 0x00, 0x00, 0x7F, 0x40,
    0x00, 0x07, 0xF0, 0x00, 0x00, 0x00, 0x00, 0x7F, 0x40, 0x00, 0x01, 0x80, 0x00, 0x00, 0x00, 0x00,
    0x7F, 0x40, 0x00, 0x00, 0x00, 0x00, 0x00, 0x01, 0x50, 0x7F, 0x40, 0x00, 0x00, 0x00, 0x00, 0x00,
    0x7F, 0xFF, 0xBF, 0x40, 0x1F, 0xFF, 0xFF, 0xFC, 0x02, 0xFF, 0xFF, 0xFF, 0x40, 0x1F, 0xFF, 0xFF,
    0xFC, 0x0B, 0xF9, 0x06, 0xFF, 0x40, 0x2F, 0xD0, 0x0B, 0xF8, 0x1F, 0xE0, 0x00, 0x7F, 0x40, 0x2F,
    0x00, 0x0F, 0xF0, 0x3F, 0xC0, 0x00, 0x7F, 0x40, 0x2E, 0x00, 0x3F, 0xC0, 0x3F, 0xC0, 0x00, 0x7F,
    0x40, 0x2D, 0x00, 0xBF, 0x40, 0x7F, 0x80, 0x00, 0x7F, 0x40, 0x00, 0x01, 0xFE, 0x00, 0x7F, 0x80,
    0x00, 0x7F, 0x40, 0x00, 0x03, 0xFC, 0x00, 0xBF, 0x40, 0x00, 0x7F, 0x40, 0x00, 0x0F, 0xF4, 0x00,
    0xBF, 0x40, 0x00, 0x7F, 0x40, 0x00, 0x2F, 0xE0, 0x00, 0x7F, 0x80, 0x00, 0x7F, 0x40, 0x00, 0x7F,
    0xC0, 0x00, 0x7F, 0xC0, 0x00, 0xBF, 0x40, 0x00, 0xFF, 0x00, 0x2E, 0x3F, 0xC0, 0x00, 0xFF, 0x40,
    0x03, 0xFD, 0x00, 0x3E, 0x3F, 0xE0, 0x01, 0xFF, 0x40, 0x0B, 0xF8, 0x00, 0x7D, 0x1F, 0xFD, 0x1B,
    0xFF, 0x80, 0x1F, 0xF0, 0x01, 0xFD, 0x07, 0xFF, 0xFF, 0x3F, 0xFC, 0x3F, 0xFF, 0xFF, 0xFD, 0x01,
    0xFF, 0xF8, 0x2F, 0xFC, 0x3F, 0xFF, 0xFF, 0xFD, 0x00, 0x05, 0x40, 0x04, 0x00, 0x00, 0x00, 0x00,
    0x00, 0x15, 0x55, 0x54, 0x00, 0x00, 0x00, 0x00, 0x55, 0x55, 0x53, 0xFF, 0xFF, 0xC0, 0x00, 0x00,
    0x00, 0x2F, 0xFF, 0xFF, 0x2B, 0xFF, 0xE8, 0x00, 0x00, 0x00, 0x01, 0xBF, 0xFF, 0x90, 0x1F, 0xF0,
    0x00, 0x00, 0x00, 0x00, 0x00, 0x7F, 0xC0, 0x01, 0xFF, 0x00, 0x00, 0x00, 0x00, 0x00, 0x03, 0xFC,
    0x00, 0x1F, 0xF0, 0x00, 0x00, 0x00, 0x00, 0x00, 0x3F, 0xC0, 0x01, 0xFF, 0x00, 0x00, 0x00, 0x00,
    0x00, 0x03, 0xFC, 0x00, 0x1F, 0xF0, 0x00, 0x00, 0x00, 0x00, 0x00, 0x3F, 0xC0, 0x01, 0xFF, 0x00,
    0x00, 0x00, 0x00, 0x00, 0x03, 0xFC, 0x00, 0x1F, 0xF0, 0x00, 0x00, 0x00, 0x00, 0x00, 0x3F, 0xC0,
    0x01, 0xFF, 0x00, 0x00, 0x00, 0x00, 0x00, 0x03, 0xFC, 0x00, 0x1F, 0xF0, 0x00, 0x00, 0x00, 0x00,
    0x00, 0x3F, 0xC0, 0x01, 0xFF, 0x00, 0x00, 0x00, 0x00, 0x00, 0x03, 0xFC, 0x00, 0x1F, 0xF0, 0x00,
    0x00, 0x00, 0x00, 0x00, 0x3F, 0xC0, 0x01, 0xFF, 0x00, 0x00, 0x00, 0x00, 0x00, 0x03, 0xFC, 0x00,
    0x1F, 0xF0, 0x00, 0x00, 0x00, 0x00, 0x00, 0x3F, 0xC0, 0x01, 0xFF, 0x00, 0x00, 0x50, 0x00, 0x00,
    0x03, 0xFC, 0x00, 0x1F, 0xF0, 0x00, 0x0F, 0x40, 0x79, 0x00, 0x3F, 0xC0, 0x01, 0xFF, 0x00, 0x01,
    0xF4, 0x1F, 0xF0, 0x03, 0xF8, 0x00, 0x1F, 0xF0, 0x00, 0x2F, 0x02, 0xFF, 0x00, 0x7F, 0x40, 0x01,
    0xFF, 0x00, 0x07, 0xF0, 0x3F, 0xE0, 0x0B, 0xF0, 0x00, 0x2F, 0xF0, 0x02, 0xFF, 0x02, 0xFD, 0x02,
    0xFE, 0x00, 0x3F, 0xFF, 0xFF, 0xFF, 0xF0, 0x0F, 0xFF, 0xFF, 0x80, 0x03, 0xFF, 0xFF, 0xFF, 0xFF,
    0x00, 0x2F, 0xFF, 0xD0, 0x00, 0x00, 0x00, 0x00, 0x00, 0x00, 0x00, 0x15, 0x50, 0x00, 0x00, 0x00,
    0x00, 0x00, 0x00, 0x00, 0x00, 0x10, 0x00, 0x00, 0x00, 0x00, 0x00, 0x00, 0x7F, 0x41, 0x55, 0x55,
    0x40, 0x00, 0x00, 0x3F, 0xF0, 0xFF, 0xFF, 0xF0, 0x00, 0x00, 0x0F, 0xFC, 0x2B, 0xFF, 0xE8, 0x00,
    0x00, 0x02, 0xFE, 0x00, 0x7F, 0xC0, 0x00, 0x00, 0x00, 0x15, 0x00, 0x1F, 0xF0, 0x00, 0x00, 0x00,
    0x00, 0x00, 0x07, 0xFC, 0x00, 0x00, 0x00, 0x00, 0x00, 0x01, 0xFF, 0x00, 0x00, 0x00, 0x00, 0x00,
    0x00, 0x7F, 0xC0, 0x00, 0x00, 0x07, 0xFF, 0xC0, 0x1F, 0xF0, 0x00, 0x00, 0x02, 0xFF, 0xF0, 0x07,
    0xFC, 0x00, 0x00, 0x00, 0x1B, 0xFC, 0x01, 0xFF, 0x00, 0x00, 0x00, 0x00, 0xFF, 0x00, 0x7F, 0xC0,
    0x00, 0x00, 0x00, 0x3F, 0xC0, 0x1F, 0xF0, 0x00, 0x00, 0x00, 0x0F, 0xF0, 0x07, 0xFC, 0x00, 0x00,
    0x00, 0x03, 0xFC, 0x01, 0xFF, 0x00, 0x00, 0x00, 0x00, 0xFF, 0x00, 0x7F, 0xC0, 0x00, 0x00, 0x00,
    0x3F, 0xC0, 0x1F, 0xF0, 0x00, 0x05, 0x00, 0x0F, 0xF0, 0x07, 0xFC, 0x00, 0x03, 0xD0, 0x03, 0xFC,
    0x01, 0xFF, 0x00, 0x01, 0xF4, 0x00, 0xFF, 0x00, 0x7F, 0xC0, 0x00, 0xBC, 0x00, 0x3F, 0xC0, 0x1F,
    0xF0, 0x00, 0x7F, 0x00, 0x0F, 0xF0, 0x0B, 0xFC, 0x00, 0xBF, 0xC0, 0x03, 0xFC, 0x3F, 0xFF, 0xFF,
    0xFF, 0xF0, 0x00, 0xFF, 0x0F, 0xFF, 0xFF, 0xFF, 0xFC, 0x00, 0x3F, 0xC0, 0x00, 0x00, 0x00, 0x00,
    0x00, 0x0F, 0xE0, 0x00, 0x00, 0x00, 0x00, 0x00, 0x03, 0xF4, 0x00, 0x00, 0x00, 0x00, 0x00, 0x01,
    0xFC, 0x00, 0x00, 0x00, 0x00, 0x00, 0x00, 0xBE, 0x00, 0x00, 0x00, 0x00, 0x00, 0x00, 0x7F, 0x00,
    0x00, 0x00, 0x00, 0x00, 0x00, 0x3F, 0x40, 0x00, 0x00, 0x00, 0x00, 0x00, 0x1F, 0x40, 0x00, 0x00,
    0x00, 0x00, 0x00, 0x01, 0x00, 0x00, 0x15, 0x64, 0x00, 0x04, 0x0B, 0xFF, 0xC0, 0x03, 0xFC, 0x7F,
    0xFC, 0x00, 0xBF, 0xD0, 0x3F, 0xC0, 0x0B, 0xFD, 0x03, 0xFC, 0x00, 0x7F, 0xC0, 0x3F, 0xC0, 0x00,
    0x50, 0x03, 0xFC, 0x00, 0x00, 0x00, 0x3F, 0xC0, 0x00, 0x00, 0x03, 0xFC, 0x00, 0x00, 0x00, 0x3F,
    0xC0, 0x3F, 0xFC, 0x03, 0xFC, 0x03, 0xFF, 0xC0, 0x3F, 0xC0, 0x07, 0xFC, 0x03, 0xFC, 0x00, 0x2F,
    0xC0, 0x3F, 0xC0, 0x02, 0xFC, 0x03, 0xFC, 0x00, 0x2F, 0xC0, 0x3F, 0xC0, 0x02, 0xFC, 0x03, 0xFC,
    0x00, 0x2F, 0xC0, 0x3F, 0xC0, 0x02, 0xFC, 0x03, 0xFC, 0x00, 0x2F, 0xC0, 0x3F, 0xC0, 0x02, 0xFC,
    0x03, 0xFC, 0x00, 0x2F, 0xC0, 0x3F, 0xC0, 0x02, 0xFC, 0x03, 0xFC, 0x00, 0x2F, 0xC0, 0x7F, 0xD0,
    0x02, 0xFC, 0xBF, 0xFF, 0xE0, 0x2F, 0xCB, 0xFF, 0xFE, 0x02, 0xFC, 0x00, 0x00, 0x00, 0x2F, 0xC0,
    0x00, 0x00, 0x03, 0xF8, 0x00, 0x00, 0x00, 0x3F, 0x40, 0x00, 0x00, 0x07, 0xF0, 0x00, 0x00, 0x00,
    0xFD, 0x00, 0x00, 0x00, 0x3F, 0x80, 0x00, 0x00, 0x03, 0xE0, 0x00, 0x00, 0x00, 0x10, 0x00, 0x15,
    0x55, 0x40, 0x00, 0x15, 0x55, 0x40, 0x00, 0x15, 0x55, 0x54, 0x3F, 0xFF, 0xC0, 0x00, 0x7F, 0xFF,
    0xC0, 0x00, 0x3F, 0xFF, 0xFD, 0x2B, 0xFF, 0xF0, 0x00, 0x2F, 0xFE, 0x40, 0x00, 0x2B, 0xFF, 0xE8,
    0x01, 0xFF, 0xF4, 0x00, 0x02, 0xF0, 0x00, 0x00, 0x00, 0xFF, 0x40, 0x01, 0xFF, 0xFC, 0x00, 0x02,
    0xF0, 0x00, 0x00, 0x00, 0xBF, 0x40, 0x01, 0xFB, 0xFE, 0x00, 0x02, 0xF0, 0x00, 0x00, 0x00, 0xBF,
    0x40, 0x01, 0xF6, 0xFF, 0x00, 0x02, 0xF0, 0x00, 0x00, 0x00, 0xBF, 0x40, 0x01, 0xF4, 0xFF, 0x80,
    0x02, 0xF0, 0x00, 0x00, 0x00, 0xBF, 0x40, 0x01, 0xF4, 0x7F, 0xD0, 0x02, 0xF0, 0x00, 0x00, 0x00,
    0xBF, 0x40, 0x01, 0xF4, 0x2F, 0xF0, 0x02, 0xF0, 0x00, 0x00, 0x00, 0xBF, 0x40, 0x01, 0xF4, 0x0F,
    0xF4, 0x02, 0xF0, 0x00, 0x00, 0x00, 0xBF, 0x40, 0x01, 0xF4, 0x0B, 0xFC, 0x02, 0xF0, 0x00, 0x00,
    0x00, 0xBF, 0x40, 0x01, 0xF4, 0x03, 0xFE, 0x02, 0xF0, 0x00, 0x00, 0x00, 0xBF, 0x40, 0x01, 0xF4,
    0x01, 0xFF, 0x02, 0xF0, 0x00, 0x00, 0x00, 0xBF, 0x40, 0x01, 0xF4, 0x00, 0xBF, 0xC2, 0xF0, 0x00,
    0x00, 0x00, 0xBF, 0x40, 0x01, 0xF4, 0x00, 0x3F, 0xD2, 0xF0, 0x00, 0x00, 0x00, 0xBF, 0x40, 0x01,
    0xF4, 0x00, 0x2F, 0xF2, 0xF0, 0x00, 0x00, 0x00, 0xBF, 0x40, 0x01, 0xF4, 0x00, 0x0F, 0xFA, 0xF0,
    0x00, 0xB8, 0x00, 0xBF, 0x40, 0x01, 0xF4, 0x00, 0x07, 0xFF, 0xF0, 0x03, 0xFE, 0x00, 0xBF, 0x00,
    0x01, 0xF4, 0x00, 0x02, 0xFF, 0xF0, 0x03, 0xFD, 0x00, 0xFF, 0x00, 0x01, 0xF4, 0x00, 0x00, 0xFF,
    0xF0, 0x07, 0xFC, 0x00, 0xFE, 0x00, 0x02, 0xFC, 0x00, 0x00, 0xBF, 0xF0, 0x03, 0xFC, 0x03, 0xFC,
    0x00, 0x3F, 0xFF, 0xC0, 0x00, 0x3F, 0xF0, 0x01, 0xFF, 0xFF, 0xF4, 0x00, 0x3F, 0xFF, 0xC0, 0x00,
    0x1F, 0xF0, 0x00, 0x7F, 0xFF, 0xC0, 0x00, 0x00, 0x00, 0x00, 0x00, 0x00, 0x00, 0x00, 0x01, 0x54,
    0x00, 0x00, 0x00, 0x00, 0x00, 0x00, 0x00, 0x00, 0x00, 0x01, 0x00, 0x00, 0x00, 0x00, 0x00, 0x00,
    0x00, 0x00, 0x3F, 0xC1, 0x55, 0x54, 0x00, 0x01, 0x55, 0x54, 0x02, 0xFF, 0x4F, 0xFF, 0xF0, 0x00,
    0x1F, 0xFF, 0xF0, 0x0B, 0xFD, 0x2B, 0xFF, 0xF0, 0x00, 0x2F, 0xFE, 0x40, 0x1F, 0xF0, 0x07, 0xFF,
    0xD0, 0x00, 0x0B, 0xC0, 0x00, 0x05, 0x00, 0x1F, 0xFF, 0xC0, 0x00, 0x2F, 0x00, 0x00, 0x00, 0x00,
    0x7E, 0xFF, 0x80, 0x00, 0xBC, 0x00, 0x00, 0x00, 0x01, 0xF6, 0xFF, 0x00, 0x02, 0xF0, 0x00, 0x00,
    0x00, 0x07, 0xD3, 0xFE, 0x00, 0x0B, 0xC0, 0x03, 0xFF, 0xC0, 0x1F, 0x47, 0xFD, 0x00, 0x2F, 0x00,
    0x0F, 0xFF, 0x00, 0x7D, 0x0B, 0xFC, 0x00, 0xBC, 0x00, 0x07, 0xFC, 0x01, 0xF4, 0x0F, 0xF4, 0x02,
    0xF0, 0x00, 0x0B, 0xF0, 0x07, 0xD0, 0x2F, 0xF0, 0x0B, 0xC0, 0x00, 0x2F, 0xC0, 0x1F, 0x40, 0x3F,
    0xE0, 0x2F, 0x00, 0x00, 0xBF, 0x00, 0x7D, 0x00, 0x7F, 0xC0, 0xBC, 0x00, 0x02, 0xFC, 0x01, 0xF4,
    0x00, 0xBF, 0xC2, 0xF0, 0x00, 0x0B, 0xF0, 0x07, 0xD0, 0x00, 0xFF, 0x4B, 0xC0, 0x00, 0x2F, 0xC0,
    0x1F, 0x40, 0x02, 0xFF, 0x2F, 0x00, 0x00, 0xBF, 0x00, 0x7D, 0x00, 0x03, 0xFE, 0xBC, 0x00, 0x02,
    0xFC, 0x01, 0xF4, 0x00, 0x07, 0xFF, 0xF0, 0x00, 0x0B, 0xF0, 0x07, 0xD0, 0x00, 0x0B, 0xFF, 0xC0,
    0x00, 0x2F, 0xC0, 0x1F, 0x40, 0x00, 0x0F, 0xFF, 0x00, 0x00, 0xBF, 0x00, 0xBF, 0x00, 0x00, 0x2F,
    0xFC, 0x00, 0x02, 0xFC, 0x3F, 0xFF, 0xC0, 0x00, 0x3F, 0xF0, 0x00, 0x0B, 0xF0, 0xFF, 0xFF, 0x00,
    0x00, 0x7F, 0xC0, 0x00, 0x2F, 0xC0, 0x00, 0x00, 0x00, 0x00, 0x00, 0x00, 0x00, 0xBF, 0x00, 0x00,
    0x00, 0x00, 0x00, 0x00, 0x00, 0x03, 0xF8, 0x00, 0x00, 0x00, 0x00, 0x00, 0x00, 0x00, 0x0F, 0xD0,
    0x00, 0x00, 0x00, 0x00, 0x00, 0x00, 0x00, 0x7F, 0x00, 0x00, 0x00, 0x00, 0x00, 0x00, 0x00, 0x03,
    0xF4, 0x00, 0x00, 0x00, 0x00, 0x00, 0x00, 0x00, 0x3F, 0x80, 0x00, 0x00, 0x00, 0x00, 0x00, 0x00,
    0x00, 0xF8, 0x00, 0x00, 0x00, 0x00, 0x00, 0x00, 0x00, 0x01, 0x00, 0x00, 0x00, 0x00, 0x00, 0x00,
    0x00, 0x00, 0x04, 0x00, 0x00, 0x00, 0x00, 0x00, 0x00, 0x2F, 0xC0, 0x00, 0x00, 0x00, 0x00, 0x00,
    0x1F, 0xF8, 0x00, 0x00, 0x00, 0x00, 0x00, 0x07, 0xFE, 0x00, 0x00, 0x00, 0x00, 0x00, 0x00, 0xFF,
    0x40, 0x00, 0x00, 0x00, 0x00, 0x00, 0x05, 0x00, 0x00, 0x00, 0x00, 0x00, 0x00, 0x00, 0x00, 0x00,
    0x00, 0x00, 0x00, 0x00, 0x00, 0x00, 0x00, 0x00, 0x01, 0x50, 0x00, 0x00, 0x00, 0x1F, 0xFD, 0x0B,
    0xFF, 0x80, 0x02, 0xFF, 0xEB, 0xFF, 0x5F, 0xFF, 0xFC, 0x00, 0xFF, 0xF8, 0x2F, 0xEF, 0x96, 0xFF,
    0x40, 0x07, 0xFE, 0x03, 0xFF, 0x00, 0x1F, 0xE0, 0x00, 0x7F, 0x80, 0xFF, 0x40, 0x03, 0xFC, 0x00,
    0x1F, 0xE0, 0x3F, 0xC0, 0x00, 0xFF, 0x00, 0x07, 0xF8, 0x0F, 0xF0, 0x00, 0x3F, 0xC0, 0x01, 0xFE,
    0x03, 0xFC, 0x00, 0x0F, 0xF0, 0x00, 0x7F, 0x80, 0xFF, 0x00, 0x03, 0xFC, 0x00, 0x1F, 0xE0, 0x3F,
    0xC0, 0x00, 0xFF, 0x00, 0x07, 0xF8, 0x0F, 0xF0, 0x00, 0x3F, 0xC0, 0x01, 0xFE, 0x03, 0xFC, 0x00,
    0x0F, 0xF0, 0x00, 0x7F, 0x80, 0xFF, 0x00, 0x03, 0xFC, 0x00, 0x1F, 0xE0, 0x3F, 0xC0, 0x00, 0xFF,
    0x00, 0x07, 0xF8, 0x0F, 0xF0, 0x00, 0x3F, 0xC0, 0x01, 0xFE, 0x3F, 0xFF, 0xC0, 0xFF, 0xFF, 0x40,
    0x7F, 0x5F, 0xFF, 0xF4, 0x3F, 0xFF, 0xD0, 0x1F, 0xD0, 0x00, 0x00, 0x00, 0x00, 0x00, 0x07, 0xF4,
    0x00, 0x00, 0x00, 0x00, 0x00, 0x01, 0xFC, 0x00, 0x00, 0x00, 0x00, 0x00, 0x00, 0xBF, 0x00, 0x00,
    0x00, 0x00, 0x00, 0x00, 0x3F, 0x40, 0x00, 0x00, 0x00, 0x00, 0x00, 0x2F, 0x80, 0x00, 0x00, 0x00,
    0x00, 0x00, 0x2F, 0xC0, 0x00, 0x00, 0x00, 0x00, 0x00, 0x0B, 0x80, 0x00, 0x00, 0x00, 0x00, 0x00,
    0x00, 0x40, 0x00, 0x00, 0x01, 0x00, 0x00, 0x00, 0x00, 0x00, 0x00, 0xF4, 0x00, 0x7C, 0x00, 0x00,
    0x00, 0x1F, 0xC1, 0xFC, 0x00, 0x00, 0x00, 0x01, 0xFF, 0xFD, 0x00, 0x00, 0x00, 0x00, 0x1F, 0xFD,
    0x00, 0x00, 0x00, 0x00, 0x02, 0xFD, 0x00, 0x00, 0x00, 0x00, 0x00, 0x2D, 0x00, 0x00, 0x00, 0x00,
    0x00, 0x00, 0x00, 0x00, 0x00, 0x00, 0x00, 0x01, 0x50, 0x00, 0x00, 0x00, 0x00, 0x03, 0xFF, 0x00,
    0x00, 0x00, 0x00, 0x00, 0xFF, 0xC0, 0x00, 0x00, 0x00, 0x00, 0xBF, 0xF8, 0x00, 0x00, 0x00, 0x00,
    0x3E, 0xFF, 0x00, 0x00, 0x00, 0x00, 0x1F, 0x2F, 0xD0, 0x00, 0x00, 0x00, 0x0B, 0xC7, 0xF8, 0x00,
    0x00, 0x00, 0x03, 0xD0, 0xFF, 0x00, 0x00, 0x00, 0x01, 0xF0, 0x2F, 0xD0, 0x00, 0x00, 0x00, 0xB8,
    0x07, 0xF8, 0x00, 0x00, 0x00, 0x3D, 0x00, 0xFF, 0x00, 0x00, 0x00, 0x1F, 0x00, 0x2F, 0xD0, 0x00,
    0x00, 0x0F, 0x80, 0x07, 0xF8, 0x00, 0x00, 0x03, 0xD0, 0x00, 0xFF, 0x00, 0x00, 0x02, 0xFA, 0xAA,
    0xBF, 0xD0, 0x00, 0x00, 0xFF, 0xFF, 0xFF, 0xFC, 0x00, 0x00, 0x3E, 0xAA, 0xAA, 0xFF, 0x00, 0x00,
    0x2F, 0x00, 0x00, 0x2F, 0xE0, 0x00, 0x0F, 0x80, 0x00, 0x07, 0xFC, 0x00, 0x07, 0xD0, 0x00, 0x00,
    0xFF, 0x00, 0x02, 0xF0, 0x00, 0x00, 0x2F, 0xE0, 0x01, 0xFC, 0x00, 0x00, 0x0B, 0xFD, 0x0B, 0xFF,
    0xF8, 0x00, 0x3F, 0xFF, 0xF2, 0xFF, 0xFE, 0x00, 0x0F, 0xFF, 0xFD, 0x00, 0x00, 0x00, 0x00, 0x00,
    0xB0, 0x00, 0x38, 0x00, 0x07, 0xD0, 0x1F, 0x40, 0x00, 0x2F, 0x8B, 0xE0, 0x00, 0x00, 0xBF, 0xFC,
    0x00, 0x00, 0x03, 0xFF, 0x00, 0x00, 0x00, 0x1F, 0xD0, 0x00, 0x00, 0x00, 0x64, 0x00, 0x00, 0x00,
    0x00, 0x00, 0x00, 0x00, 0x00, 0x54, 0x00, 0x00, 0x02, 0xFF, 0xFE, 0x00, 0x00, 0xFE, 0x5B, 0xF8,
    0x00, 0x3F, 0x00, 0x2F, 0xD0, 0x03, 0xF4, 0x00, 0xFE, 0x00, 0x3F, 0x80, 0x0F, 0xF0, 0x02, 0xE0,
    0x00, 0xFF, 0x00, 0x00, 0x00, 0x0F, 0xF0, 0x00, 0x00, 0x15, 0xFF, 0x00, 0x01, 0xBF, 0xFF, 0xF0,
    0x00, 0xFF, 0xE5, 0xFF, 0x00, 0x3F, 0xD0, 0x0F, 0xF0, 0x03, 0xF8, 0x00, 0xFF, 0x00, 0x7F, 0x40,
    0x0F, 0xF0, 0x07, 0xF8, 0x01, 0xFF, 0x00, 0x3F, 0xD0, 0x7F, 0xF4, 0x02, 0xFF, 0xFF, 0x7F, 0xFC,
    0x0B, 0xFF, 0x82, 0xFF, 0x80, 0x05, 0x40, 0x01, 0x40, 0x10, 0x00, 0x04, 0xB8, 0x00, 0x7D, 0x3F,
    0x42, 0xF8, 0x0F, 0xFF, 0xE0, 0x03, 0xFF, 0x80, 0x00, 0xFF, 0x00, 0x00, 0x78, 0x00, 0x00, 0x00,
    0x00, 0x15, 0x55, 0x54, 0x3F, 0xFF, 0xFC, 0x2B, 0xFF, 0xE4, 0x01, 0xFF, 0x00, 0x00, 0xFF, 0x00,
    0x00, 0xFF, 0x00, 0x00, 0xFF, 0x00, 0x00, 0xFF, 0x00, 0x00, 0xFF, 0x00, 0x00, 0xFF, 0x00, 0x00,
    0xFF, 0x00, 0x00, 0xFF, 0x00, 0x00, 0xFF, 0x00, 0x00, 0xFF, 0x00, 0x00, 0xFF, 0x00, 0x00, 0xFF,
    0x00, 0x00, 0xFF, 0x00, 0x00, 0xFF, 0x00, 0x00, 0xFF, 0x00, 0x00, 0xFF, 0x00, 0x00, 0xFF, 0x00,
    0x02, 0xFF, 0x40, 0x3F, 0xFF, 0xF8, 0x3F, 0xFF, 0xFC, 0x00, 0x00, 0x00, 0x74, 0x00, 0x3C, 0x3E,
    0x01, 0xF8, 0x1F, 0xC7, 0xE0, 0x0B, 0xFF, 0xC0, 0x03, 0xFF, 0x40, 0x00, 0xFE, 0x00, 0x00, 0x24,
    0x00, 0x00, 0x00, 0x00, 0x00, 0x00, 0x00, 0x07, 0xFF, 0xC0, 0x0B, 0xFF, 0xC0, 0x01, 0xBF, 0xC0,
    0x00, 0x3F, 0xC0, 0x00, 0x3F, 0xC0, 0x00, 0x3F, 0xC0, 0x00, 0x3F, 0xC0, 0x00, 0x3F, 0xC0, 0x00,
    0x3F, 0xC0, 0x00, 0x3F, 0xC0, 0x00, 0x3F, 0xC0, 0x00, 0x3F, 0xC0, 0x00, 0x3F, 0xC0, 0x00, 0x3F,
    0xC0, 0x00, 0x7F, 0xD0, 0x0B, 0xFF, 0xFE, 0x0B, 0xFF, 0xFE, 0x00, 0x01, 0x00, 0x00, 0x40, 0x00,
    0x00, 0x2E, 0x00, 0x1F, 0x00, 0x00, 0x00, 0x3F, 0x42, 0xF8, 0x00, 0x00, 0x00, 0x3F, 0xFF, 0x80,
    0x00, 0x00, 0x00, 0x3F, 0xF8, 0x00, 0x00, 0x00, 0x00, 0x3F, 0xC0, 0x00, 0x00, 0x00, 0x00, 0x78,
    0x00, 0x00, 0x00, 0x00, 0x00, 0x00, 0x00, 0x00, 0x00, 0x00, 0x6B, 0xE9, 0x00, 0x00, 0x00, 0x2F,
    0xFF, 0xFF, 0x80, 0x00, 0x03, 0xFF, 0xAB, 0xFF, 0xC0, 0x00, 0x7F, 0xD0, 0x01, 0xFF, 0xC0, 0x03,
    0xFC, 0x00, 0x00, 0xFF, 0xC0, 0x2F, 0xD0, 0x00, 0x00, 0xFF, 0x80, 0xFF, 0x00, 0x00, 0x02, 0xFF,
    0x0B, 0xF4, 0x00, 0x00, 0x03, 0xFD, 0x3F, 0xC0, 0x00, 0x00, 0x0F, 0xF8, 0xFF, 0x00, 0x00, 0x00,
    0x2F, 0xF7, 0xFC, 0x00, 0x00, 0x00, 0xBF, 0xDF, 0xF0, 0x00, 0x00, 0x01, 0xFF, 0x7F, 0xC0, 0x00,
    0x00, 0x07, 0xFD, 0xFF, 0x00, 0x00, 0x00, 0x1F, 0xF7, 0xFC, 0x00, 0x00, 0x00, 0xBF, 0x8F, 0xF0,
    0x00, 0x00, 0x02, 0xFE, 0x3F, 0xD0, 0x00, 0x00, 0x0F, 0xF0, 0xBF, 0xC0, 0x00, 0x00, 0x3F, 0xC0,
    0xFF, 0x40, 0x00, 0x01, 0xFD, 0x02, 0xFF, 0x00, 0x00, 0x0F, 0xF0, 0x03, 0xFF, 0x00, 0x00, 0xFF,
    0x00, 0x03, 0xFF, 0x80, 0x2F, 0xF4, 0x00, 0x03, 0xFF, 0xFF, 0xFF, 0x00, 0x00, 0x01, 0xFF, 0xFF,
    0xD0, 0x00, 0x00, 0x00, 0x15, 0x50, 0x00, 0x00, 0x00, 0x00, 0x00, 0x00, 0x00, 0x0E, 0x00, 0x0B,
    0x00, 0x00, 0xFC, 0x03, 0xE0, 0x00, 0x03, 0xF1, 0xFC, 0x00, 0x00, 0x1F, 0xFF, 0x00, 0x00, 0x00,
    0xBF, 0xD0, 0x00, 0x00, 0x03, 0xF8, 0x00, 0x00, 0x00, 0x0A, 0x00, 0x00, 0x00, 0x00, 0x00, 0x00,
    0x00, 0x00, 0x15, 0x40, 0x00, 0x00, 0x7F, 0xFF, 0xD0, 0x00, 0x2F, 0xFF, 0xFF, 0xC0, 0x0B, 0xF4,
    0x03, 0xFF, 0x01, 0xFE, 0x00, 0x0F, 0xF4, 0x3F, 0xC0, 0x00, 0x7F, 0xC3, 0xF8, 0x00, 0x03, 0xFC,
    0x7F, 0x80, 0x00, 0x3F, 0xD7, 0xF8, 0x00, 0x02, 0xFD, 0xBF, 0x80, 0x00, 0x2F, 0xDB, 0xF8, 0x00,
    0x02, 0xFD, 0x7F, 0x80, 0x00, 0x2F, 0xD7, 0xFC, 0x00, 0x03, 0xFC, 0x3F, 0xD0, 0x00, 0x3F, 0x82,
    0xFF, 0x00, 0x0B, 0xF0, 0x0F, 0xFC, 0x02, 0xFE, 0x00, 0x3F, 0xFF, 0xFF, 0x80, 0x00, 0xBF, 0xFF,
    0xD0, 0x00, 0x00, 0x15, 0x40, 0x00, 0x00, 0x00, 0x40, 0x00, 0x10, 0x00, 0x00, 0x00, 0xB8, 0x00,
    0x3D, 0x00, 0x00, 0x00, 0x0F, 0xE0, 0xBE, 0x00, 0x00, 0x00, 0x00, 0xFF, 0xFE, 0x00, 0x00, 0x00,
    0x00, 0x0F, 0xFF, 0x00, 0x00, 0x00, 0x00, 0x00, 0xFF, 0x00, 0x00, 0x00, 0x00, 0x00, 0x0F, 0x00,
    0x00, 0x00, 0x00, 0x00, 0x00, 0x00, 0x00, 0x00, 0x15, 0x55, 0x50, 0x00, 0x55, 0x55, 0x2F, 0xFF,
    0xFC, 0x00, 0x3F, 0xFF, 0xD6, 0xFF, 0xFA, 0x00, 0x06, 0xFF, 0xE0, 0x0F, 0xF4, 0x00, 0x00, 0x0F,
    0x80, 0x02, 0xFD, 0x00, 0x00, 0x03, 0xE0, 0x00, 0xBF, 0x40, 0x00, 0x00, 0xF8, 0x00, 0x2F, 0xD0,
    0x00, 0x00, 0x3E, 0x00, 0x0B, 0xF4, 0x00, 0x00, 0x0F, 0x80, 0x02, 0xFD, 0x00, 0x00, 0x03, 0xE0,
    0x00, 0xBF, 0x40, 0x00, 0x00, 0xF8, 0x00, 0x2F, 0xD0, 0x00, 0x00, 0x3E, 0x00, 0x0B, 0xF4, 0x00,
    0x00, 0x0F, 0x80, 0x02, 0xFD, 0x00, 0x00, 0x03, 0xE0, 0x00, 0xBF, 0x40, 0x00, 0x00, 0xF8, 0x00,
    0x2F, 0xD0, 0x00, 0x00, 0x3E, 0x00, 0x0B, 0xF4, 0x00, 0x00, 0x0F, 0x80, 0x02, 0xFD, 0x00, 0x00,
    0x03, 0xD0, 0x00, 0xBF, 0x80, 0x00, 0x01, 0xF4, 0x00, 0x1F, 0xF0, 0x00, 0x00, 0xBC, 0x00, 0x03,
    0xFC, 0x00, 0x00, 0x3E, 0x00, 0x00, 0xBF, 0xC0, 0x00, 0x3F, 0x40, 0x00, 0x0F, 0xFE, 0x55, 0xBF,
    0x80, 0x00, 0x00, 0xFF, 0xFF, 0xFF, 0x80, 0x00, 0x00, 0x0B, 0xFF, 0xFF, 0x40, 0x00, 0x00, 0x00,
    0x05, 0x54, 0x00, 0x00, 0x00, 0x00, 0x00, 0x00, 0x00, 0x00, 0x00, 0x0E, 0x00, 0x07, 0x00, 0x00,
    0x02, 0xF0, 0x0B, 0xC0, 0x00, 0x00, 0x3F, 0x4F, 0xC0, 0x00, 0x00, 0x03, 0xFF, 0xD0, 0x00, 0x00,
    0x00, 0x7F, 0xE0, 0x00, 0x00, 0x00, 0x0B, 0xF0, 0x00, 0x00, 0x00, 0x00, 0xA0, 0x00, 0x00, 0x00,
    0x00, 0x00, 0x00, 0x00, 0x00, 0x00, 0x00, 0x00, 0x00, 0x03, 0xFF, 0xC0, 0x0F, 0xFF, 0x00, 0xFF,
    0xF0, 0x03, 0xFF, 0xC0, 0x07, 0xFC, 0x00, 0x1F, 0xF0, 0x00, 0xBF, 0x00, 0x03, 0xFC, 0x00, 0x2F,
    0xC0, 0x00, 0xFF, 0x00, 0x0B, 0xF0, 0x00, 0x3F, 0xC0, 0x02, 0xFC, 0x00, 0x0F, 0xF0, 0x00, 0xBF,
    0x00, 0x03, 0xFC, 0x00, 0x2F, 0xC0, 0x00, 0xFF, 0x00, 0x0B, 0xF0, 0x00, 0x3F, 0xC0, 0x02, 0xFC,
    0x00, 0x0F, 0xF0, 0x00, 0xBF, 0x00, 0x03, 0xFC, 0x00, 0x2F, 0xD0, 0x01, 0xFF, 0x00, 0x07, 0xF8,
    0x00, 0xFF, 0xC0, 0x00, 0xFF, 0x96, 0xFF, 0xF4, 0x00, 0x2F, 0xFF, 0xF5, 0xFF, 0xE0, 0x02, 0xFF,
    0xF4, 0x3F, 0xF8, 0x00, 0x05, 0x40, 0x00, 0x00, 0x00, 0x00, 0x55, 0x55, 0x50, 0x00, 0x00, 0x00,
    0x3F, 0xFF, 0xFC, 0x00, 0x00, 0x00, 0x0F, 0xFF, 0xFF, 0x00, 0x00, 0x00, 0x01, 0x55, 0x55, 0x40,
    0x00, 0x00, 0x00, 0x00, 0x00, 0x00, 0x00, 0x00, 0x00, 0x14, 0x00, 0x50, 0x00, 0x00, 0x00, 0x2F,
    0xD0, 0xBF, 0x40, 0x00, 0x00, 0x0F, 0xF8, 0x3F, 0xE0, 0x00, 0x00, 0x03, 0xFE, 0x0F, 0xF8, 0x00,
    0x00, 0x00, 0x7F, 0x01, 0xFC, 0x00, 0x00, 0x00, 0x00, 0x00, 0x00, 0x00, 0x00, 0x00, 0x00, 0x00,
    0x00, 0x00, 0x00, 0x15, 0x55, 0x50, 0x00, 0x55, 0x55, 0x2F, 0xFF, 0xFC, 0x00, 0x3F, 0xFF, 0xD6,
    0xFF, 0xFA, 0x00, 0x06, 0xFF, 0xE0, 0x0F, 0xF4, 0x00, 0x00, 0x0F, 0x80, 0x02, 0xFD, 0x00, 0x00,
    0x03, 0xE0, 0x00, 0xBF, 0x40, 0x00, 0x00, 0xF8, 0x00, 0x2F, 0xD0, 0x00, 0x00, 0x3E, 0x00, 0x0B,
    0xF4, 0x00, 0x00, 0x0F, 0x80, 0x02, 0xFD, 0x00, 0x00, 0x03, 0xE0, 0x00, 0xBF, 0x40, 0x00, 0x00,
    0xF8, 0x00, 0x2F, 0xD0, 0x00, 0x00, 0x3E, 0x00, 0x0B, 0xF4, 0x00, 0x00, 0x0F, 0x80, 0x02, 0xFD,
    0x00, 0x00, 0x03, 0xE0, 0x00, 0xBF, 0x40, 0x00, 0x00, 0xF8, 0x00, 0x2F, 0xD0, 0x00, 0x00, 0x3E,
    0x00, 0x0B, 0xF4, 0x00, 0x00, 0x0F, 0x80, 0x02, 0xFD, 0x00, 0x00, 0x03, 0xD0, 0x00, 0xBF, 0x80,
    0x00, 0x01, 0xF4, 0x00, 0x1F, 0xF0, 0x00, 0x00, 0xBC, 0x00, 0x03, 0xFC, 0x00, 0x00, 0x3E, 0x00,
    0x00, 0xBF, 0xC0, 0x00, 0x3F, 0x40, 0x00, 0x0F, 0xFE, 0x55, 0xBF, 0x80, 0x00, 0x00, 0xFF, 0xFF,
    0xFF, 0x80, 0x00, 0x00, 0x0B, 0xFF, 0xFF, 0x40, 0x00, 0x00, 0x00, 0x05, 0x54, 0x00, 0x00, 0x00,
    0x00, 0x05, 0x55, 0x54, 0x00, 0x00, 0x0B, 0xFF, 0xFF, 0x00, 0x00, 0x02, 0xFF, 0xFF, 0xC0, 0x00,
    0x00, 0x55, 0x55, 0x50, 0x00, 0x00, 0x00, 0x00, 0x00, 0x00, 0x00, 0x00, 0x00, 0x00, 0x00, 0x00,
    0x02, 0xF8, 0x0B, 0xD0, 0x00, 0x01, 0xFF, 0x07, 0xFC, 0x00, 0x00, 0x7F, 0xD1, 0xFF, 0x00, 0x00,
    0x0F, 0xF0, 0x3F, 0xC0, 0x00, 0x00, 0x50, 0x01, 0x40, 0x00, 0x00, 0x00, 0x00, 0x00, 0x00, 0x00,
    0x00, 0x00, 0x00, 0x00, 0x00, 0x00, 0x00, 0x00, 0x00, 0x03, 0xFF, 0xC0, 0x0F, 0xFF, 0x00, 0xFF,
    0xF0, 0x03, 0xFF, 0xC0, 0x07, 0xFC, 0x00, 0x1F, 0xF0, 0x00, 0xBF, 0x00, 0x03, 0xFC, 0x00, 0x2F,
    0xC0, 0x00, 0xFF, 0x00, 0x0B, 0xF0, 0x00, 0x3F, 0xC0, 0x02, 0xFC, 0x00, 0x0F, 0xF0, 0x00, 0xBF,
    0x00, 0x03, 0xFC, 0x00, 0x2F, 0xC0, 0x00, 0xFF, 0x00, 0x0B, 0xF0, 0x00, 0x3F, 0xC0, 0x02, 0xFC,
    0x00, 0x0F, 0xF0, 0x00, 0xBF, 0x00, 0x03, 0xFC, 0x00, 0x2F, 0xD0, 0x01, 0xFF, 0x00, 0x07, 0xF8,
    0x00, 0xFF, 0xC0, 0x00, 0xFF, 0x96, 0xFF, 0xF4, 0x00, 0x2F, 0xFF, 0xF5, 0xFF, 0xE0, 0x02, 0xFF,
    0xF4, 0x3F, 0xF8, 0x00, 0x05, 0x40, 0x00, 0x00, 0x00, 0x00, 0x00, 0x0B, 0x40, 0x00, 0x00, 0x00,
    0x00, 0x0B, 0xF0, 0x00, 0x00, 0x00, 0x00, 0x0F, 0xFC, 0x00, 0x00, 0x00, 0x00, 0x0F, 0xFC, 0x00,
    0x00, 0x00, 0x00, 0x0F, 0xE0, 0x00, 0x00, 0x00, 0x00, 0x03, 0x40, 0x00, 0x00, 0x00, 0x00, 0x00,
    0x00, 0x00, 0x00, 0x00, 0x00, 0x01, 0x40, 0x05, 0x00, 0x00, 0x00, 0x02, 0xFD, 0x0B, 0xF4, 0x00,
    0x00, 0x00, 0xFF, 0x83, 0xFE, 0x00, 0x00, 0x00, 0x3F, 0xE0, 0xFF, 0x80, 0x00, 0x00, 0x07, 0xF0,
    0x1F, 0xC0, 0x00, 0x00, 0x00, 0x00, 0x00, 0x00, 0x00, 0x00, 0x00, 0x00, 0x00, 0x00, 0x00, 0x01,
    0x55, 0x55, 0x00, 0x05, 0x55, 0x52, 0xFF, 0xFF, 0xC0, 0x03, 0xFF, 0xFD, 0x6F, 0xFF, 0xA0, 0x00,
    0x6F, 0xFE, 0x00, 0xFF, 0x40, 0x00, 0x00, 0xF8, 0x00, 0x2F, 0xD0, 0x00, 0x00, 0x3E, 0x00, 0x0B,
    0xF4, 0x00, 0x00, 0x0F, 0x80, 0x02, 0xFD, 0x00, 0x00, 0x03, 0xE0, 0x00, 0xBF, 0x40, 0x00, 0x00,
    0xF8, 0x00, 0x2F, 0xD0, 0x00, 0x00, 0x3E, 0x00, 0x0B, 0xF4, 0x00, 0x00, 0x0F, 0x80, 0x02, 0xFD,
    0x00, 0x00, 0x03, 0xE0, 0x00, 0xBF, 0x40, 0x00, 0x00, 0xF8, 0x00, 0x2F, 0xD0, 0x00, 0x00, 0x3E,
    0x00, 0x0B, 0xF4, 0x00, 0x00, 0x0F, 0x80, 0x02, 0xFD, 0x00, 0x00, 0x03, 0xE0, 0x00, 0xBF, 0x40,
    0x00, 0x00, 0xF8, 0x00, 0x2F, 0xD0, 0x00, 0x00, 0x3D, 0x00, 0x0B, 0xF8, 0x00, 0x00, 0x1F, 0x40,
    0x01, 0xFF, 0x00, 0x00, 0x0B, 0xC0, 0x00, 0x3F, 0xC0, 0x00, 0x03, 0xE0, 0x00, 0x0B, 0xFC, 0x00,
    0x03, 0xF4, 0x00, 0x00, 0xFF, 0xE5, 0x5B, 0xF8, 0x00, 0x00, 0x0F, 0xFF, 0xFF, 0xF8, 0x00, 0x00,
    0x00, 0xBF, 0xFF, 0xF4, 0x00, 0x00, 0x00, 0x00, 0x55, 0x40, 0x00, 0x00, 0x00, 0x00, 0x00, 0xF0,
    0x00, 0x00, 0x00, 0x00, 0xFE, 0x00, 0x00, 0x00, 0x00, 0xFF, 0x80, 0x00, 0x00, 0x01, 0xFF, 0x80,
    0x00, 0x00, 0x01, 0xFD, 0x00, 0x00, 0x00, 0x00, 0x74, 0x00, 0x00, 0x00, 0x00, 0x00, 0x00, 0x00,
    0x00, 0x00, 0x00, 0x00, 0x00, 0x00, 0x00, 0x2F, 0x80, 0xBD, 0x00, 0x00, 0x1F, 0xF0, 0x7F, 0xC0,
    0x00, 0x07, 0xFD, 0x1F, 0xF0, 0x00, 0x00, 0xFF, 0x03, 0xFC, 0x00, 0x00, 0x05, 0x00, 0x14, 0x00,
    0x00, 0x00, 0x00, 0x00, 0x00, 0x00, 0x00, 0x00, 0x00, 0x00, 0x00, 0x00, 0x00, 0x00, 0x00, 0x00,
    0x3F, 0xFC, 0x00, 0xFF, 0xF0, 0x0F, 0xFF, 0x00, 0x3F, 0xFC, 0x00, 0x7F, 0xC0, 0x01, 0xFF, 0x00,
    0x0B, 0xF0, 0x00, 0x3F, 0xC0, 0x02, 0xFC, 0x00, 0x0F, 0xF0, 0x00, 0xBF, 0x00, 0x03, 0xFC, 0x00,
    0x2F, 0xC0, 0x00, 0xFF, 0x00, 0x0B, 0xF0, 0x00, 0x3F, 0xC0, 0x02, 0xFC, 0x00, 0x0F, 0xF0, 0x00,
    0xBF, 0x00, 0x03, 0xFC, 0x00, 0x2F, 0xC0, 0x00, 0xFF, 0x00, 0x0B, 0xF0, 0x00, 0x3F, 0xC0, 0x02,
    0xFD, 0x00, 0x1F, 0xF0, 0x00, 0x7F, 0x80, 0x0F, 0xFC, 0x00, 0x0F, 0xF9, 0x6F, 0xFF, 0x40, 0x02,
    0xFF, 0xFF, 0x5F, 0xFE, 0x00, 0x2F, 0xFF, 0x43, 0xFF, 0x80, 0x00, 0x54, 0x00, 0x00, 0x00, 0x00,
    0x00, 0x40, 0x00, 0x10, 0x00, 0x00, 0x00, 0xB8, 0x00, 0x7C, 0x00, 0x00, 0x00, 0x0F, 0xD0, 0xBD,
    0x00, 0x00, 0x00, 0x00, 0xFF, 0xFE, 0x00, 0x00, 0x00, 0x00, 0x0F, 0xFE, 0x00, 0x00, 0x00, 0x00,
    0x01, 0xFE, 0x00, 0x00, 0x00, 0x00, 0x00, 0x1E, 0x00, 0x00, 0x00, 0x00, 0x00, 0x00, 0x00, 0x00,
    0x00, 0x00, 0x00, 0x50, 0x01, 0x40, 0x00, 0x00, 0x00, 0xBF, 0x42, 0xFD, 0x00, 0x00, 0x00, 0x3F,
    0xE0, 0xFF, 0x80, 0x00, 0x00, 0x0F, 0xF8, 0x3F, 0xE0, 0x00, 0x00, 0x01, 0xFC, 0x07, 0xF0, 0x00,
    0x00, 0x00, 0x00, 0x00, 0x00, 0x00, 0x00, 0x00, 0x00, 0x00, 0x00, 0x00, 0x00, 0x55, 0x55, 0x40,
    0x01, 0x55, 0x54, 0xBF, 0xFF, 0xF0, 0x00, 0xFF, 0xFF, 0x5B, 0xFF, 0xE8, 0x00, 0x1B, 0xFF, 0x80,
    0x3F, 0xD0, 0x00, 0x00, 0x3E, 0x00, 0x0B, 0xF4, 0x00, 0x00, 0x0F, 0x80, 0x02, 0xFD, 0x00, 0x00,
    0x03, 0xE0, 0x00, 0xBF, 0x40, 0x00, 0x00, 0xF8, 0x00, 0x2F, 0xD0, 0x00, 0x00, 0x3E, 0x00, 0x0B,
    0xF4, 0x00, 0x00, 0x0F, 0x80, 0x02, 0xFD, 0x00, 0x00, 0x03, 0xE0, 0x00, 0xBF, 0x40, 0x00, 0x00,
    0xF8, 0x00, 0x2F, 0xD0, 0x00, 0x00, 0x3E, 0x00, 0x0B, 0xF4, 0x00, 0x00, 0x0F, 0x80, 0x02, 0xFD,
    0x00, 0x00, 0x03, 0xE0, 0x00, 0xBF, 0x40, 0x00, 0x00, 0xF8, 0x00, 0x2F, 0xD0, 0x00, 0x00, 0x3E,
    0x00, 0x0B, 0xF4, 0x00, 0x00, 0x0F, 0x40, 0x02, 0xFE, 0x00, 0x00, 0x07, 0xD0, 0x00, 0x7F, 0xC0,
    0x00, 0x02, 0xF0, 0x00, 0x0F, 0xF0, 0x00, 0x00, 0xF8, 0x00, 0x02, 0xFF, 0x00, 0x00, 0xFD, 0x00,
    0x00, 0x3F, 0xF9, 0x56, 0xFE, 0x00, 0x00, 0x03, 0xFF, 0xFF, 0xFE, 0x00, 0x00, 0x00, 0x2F, 0xFF,
    0xFD, 0x00, 0x00, 0x00, 0x00, 0x15, 0x50, 0x00, 0x00, 0x00, 0x10, 0x00, 0x00, 0x00, 0x00, 0x0F,
    0x40, 0x0B, 0x80, 0x00, 0x02, 0xF8, 0x1F, 0xC0, 0x00, 0x00, 0x2F, 0xFF, 0xC0, 0x00, 0x00, 0x02,
    0xFF, 0xC0, 0x00, 0x00, 0x00, 0x3F, 0xC0, 0x00, 0x00, 0x00, 0x02, 0xD0, 0x00, 0x00, 0x00, 0x00,
    0x00, 0x00, 0x00, 0x00, 0x00, 0x00, 0x00, 0x00, 0x00, 0x0B, 0xE0, 0x2F, 0x40, 0x00, 0x07, 0xFC,
    0x1F, 0xF0, 0x00, 0x01, 0xFF, 0x47, 0xFC, 0x00, 0x00, 0x3F, 0xC0, 0xFF, 0x00, 0x00, 0x01, 0x40,
    0x05, 0x00, 0x00, 0x00, 0x00, 0x00, 0x00, 0x00, 0x00, 0x00, 0x00, 0x00, 0x00, 0x00, 0x00, 0x00,
    0x00, 0x00, 0x0F, 0xFF, 0x00, 0x3F, 0xFC, 0x03, 0xFF, 0xC0, 0x0F, 0xFF, 0x00, 0x1F, 0xF0, 0x00,
    0x7F, 0xC0, 0x02, 0xFC, 0x00, 0x0F, 0xF0, 0x00, 0xBF, 0x00, 0x03, 0xFC, 0x00, 0x2F, 0xC0, 0x00,
    0xFF, 0x00, 0x0B, 0xF0, 0x00, 0x3F, 0xC0, 0x02, 0xFC, 0x00, 0x0F, 0xF0, 0x00, 0xBF, 0x00, 0x03,
    0xFC, 0x00, 0x2F, 0xC0, 0x00, 0xFF, 0x00, 0x0B, 0xF0, 0x00, 0x3F, 0xC0, 0x02, 0xFC, 0x00, 0x0F,
    0xF0, 0x00, 0xBF, 0x40, 0x07, 0xFC, 0x00, 0x1F, 0xE0, 0x03, 0xFF, 0x00, 0x03, 0xFE, 0x5B, 0xFF,
    0xD0, 0x00, 0xBF, 0xFF, 0xD7, 0xFF, 0x80, 0x0B, 0xFF, 0xD0, 0xFF, 0xE0, 0x00, 0x15, 0x00, 0x00,
    0x00, 0x00, 0x00, 0xB8, 0x00, 0x00, 0x00, 0x00, 0x00, 0x3F, 0x80, 0x00, 0x00, 0x00, 0x00, 0x0F,
    0xF8, 0x00, 0x00, 0x00, 0x00, 0x00, 0xFF, 0xC0, 0x00, 0x00, 0x00, 0x00, 0x02, 0xFC, 0x00, 0x00,
    0x00, 0x00, 0x00, 0x0B, 0x00, 0x00, 0x00, 0x00, 0x00, 0x00, 0x00, 0x00, 0x00, 0x00, 0x01, 0x40,
    0x05, 0x00, 0x00, 0x00, 0x02, 0xFD, 0x0B, 0xF4, 0x00, 0x00, 0x00, 0xFF, 0x83, 0xFE, 0x00, 0x00,
    0x00, 0x3F, 0xE0, 0xFF, 0x80, 0x00, 0x00, 0x07, 0xF0, 0x1F, 0xC0, 0x00, 0x00, 0x00, 0x00, 0x00,
    0x00, 0x00, 0x00, 0x00, 0x00, 0x00, 0x00, 0x00, 0x01, 0x55, 0x55, 0x00, 0x05, 0x55, 0x52, 0xFF,
    0xFF, 0xC0, 0x03, 0xFF, 0xFD, 0x6F, 0xFF, 0xA0, 0x00, 0x6F, 0xFE, 0x00, 0xFF, 0x40, 0x00, 0x00,
    0xF8, 0x00, 0x2F, 0xD0, 0x00, 0x00, 0x3E, 0x00, 0x0B, 0xF4, 0x00, 0x00, 0x0F, 0x80, 0x02, 0xFD,
    0x00, 0x00, 0x03, 0xE0, 0x00, 0xBF, 0x40, 0x00, 0x00, 0xF8, 0x00, 0x2F, 0xD0, 0x00, 0x00, 0x3E,
    0x00, 0x0B, 0xF4, 0x00, 0x00, 0x0F, 0x80, 0x02, 0xFD, 0x00, 0x00, 0x03, 0xE0, 0x00, 0xBF, 0x40,
    0x00, 0x00, 0xF8, 0x00, 0x2F, 0xD0, 0x00, 0x00, 0x3E, 0x00, 0x0B, 0xF4, 0x00, 0x00, 0x0F, 0x80,
    0x02, 0xFD, 0x00, 0x00, 0x03, 0xE0, 0x00, 0xBF, 0x40, 0x00, 0x00, 0xF8, 0x00, 0x2F, 0xD0, 0x00,
    0x00, 0x3D, 0x00, 0x0B, 0xF8, 0x00, 0x00, 0x1F, 0x40, 0x01, 0xFF, 0x00, 0x00, 0x0B, 0xC0, 0x00,
    0x3F, 0xC0, 0x00, 0x03, 0xE0, 0x00, 0x0B, 0xFC, 0x00, 0x03, 0xF4, 0x00, 0x00, 0xFF, 0xE5, 0x5B,
    0xF8, 0x00, 0x00, 0x0F, 0xFF, 0xFF, 0xF8, 0x00, 0x00, 0x00, 0xBF, 0xFF, 0xF4, 0x00, 0x00, 0x00,
    0x00, 0x55, 0x40, 0x00, 0x00, 0x00, 0x0B, 0x80, 0x00, 0x00, 0x00, 0x03, 0xF8, 0x00, 0x00, 0x00,
    0x00, 0xFF, 0x80, 0x00, 0x00, 0x00, 0x0F, 0xFC, 0x00, 0x00, 0x00, 0x00, 0x2F, 0xC0, 0x00, 0x00,
    0x00, 0x00, 0xB0, 0x00, 0x00, 0x00, 0x00, 0x00, 0x00, 0x00, 0x00, 0x00, 0x00, 0x00, 0x00, 0x00,
    0x2F, 0x80, 0xBD, 0x00, 0x00, 0x1F, 0xF0, 0x7F, 0xC0, 0x00, 0x07, 0xFD, 0x1F, 0xF0, 0x00, 0x00,
    0xFF, 0x03, 0xFC, 0x00, 0x00, 0x05, 0x00, 0x14, 0x00, 0x00, 0x00, 0x00, 0x00, 0x00, 0x00, 0x00,
    0x00, 0x00, 0x00, 0x00, 0x00, 0x00, 0x00, 0x00, 0x00, 0x3F, 0xFC, 0x00, 0xFF, 0xF0, 0x0F, 0xFF,
    0x00, 0x3F, 0xFC, 0x00, 0x7F, 0xC0, 0x01, 0xFF, 0x00, 0x0B, 0xF0, 0x00, 0x3F, 0xC0, 0x02, 0xFC,
    0x00, 0x0F, 0xF0, 0x00, 0xBF, 0x00, 0x03, 0xFC, 0x00, 0x2F, 0xC0, 0x00, 0xFF, 0x00, 0x0B, 0xF0,
    0x00, 0x3F, 0xC0, 0x02, 0xFC, 0x00, 0x0F, 0xF0, 0x00, 0xBF, 0x00, 0x03, 0xFC, 0x00, 0x2F, 0xC0,
    0x00, 0xFF, 0x00, 0x0B, 0xF0, 0x00, 0x3F, 0xC0, 0x02, 0xFD, 0x00, 0x1F, 0xF0, 0x00, 0x7F, 0x80,
    0x0F, 0xFC, 0x00, 0x0F, 0xF9, 0x6F, 0xFF, 0x40, 0x02, 0xFF, 0xFF, 0x5F, 0xFE, 0x00, 0x2F, 0xFF,
    0x43, 0xFF, 0x80, 0x00, 0x54, 0x00, 0x00, 0x00, 0x00, 0x04, 0x00, 0x00, 0x00, 0x00, 0x00, 0x0F,
    0x40, 0x0B, 0xC0, 0x00, 0x00, 0x07, 0xF0, 0x7F, 0x00, 0x00, 0x00, 0x01, 0xFF, 0xFD, 0x00, 0x00,
    0x00, 0x00, 0x7F, 0xF4, 0x00, 0x00, 0x00, 0x00, 0x2F, 0xD0, 0x00, 0x00, 0x00, 0x00, 0x0B, 0x40,
    0x00, 0x00, 0x00, 0x00, 0x00, 0x00, 0x00, 0x00, 0x00, 0x00, 0x6F, 0xE4, 0x2D, 0x00, 0x00, 0x0B,
    0xFF, 0xFF, 0x7D, 0x00, 0x00, 0x7F, 0xFA, 0xBF, 0xFE, 0x00, 0x01, 0xFF, 0x40, 0x02, 0xFF, 0x00,
    0x03, 0xFC, 0x00, 0x00, 0xBF, 0x00, 0x0B, 0xF4, 0x00, 0x00, 0x3F, 0x00, 0x0F, 0xF0, 0x00, 0x00,
    0x0F, 0x40, 0x2F, 0xD0, 0x00, 0x00, 0x0F, 0x80, 0x3F, 0xC0, 0x00, 0x00, 0x01, 0x00, 0x3F, 0xC0,
    0x00, 0x00, 0x00, 0x00, 0x7F, 0xC0, 0x00, 0x00, 0x00, 0x00, 0x7F, 0xC0, 0x00, 0x00, 0x00, 0x00,
    0x7F, 0xC0, 0x00, 0x05, 0x55, 0x54, 0x7F, 0xC0, 0x00, 0x0F, 0xFF, 0xFC, 0x7F, 0xC0, 0x00, 0x0B,
    0xFF, 0xF8, 0x3F, 0xC0, 0x00, 0x00, 0x7F, 0x80, 0x3F, 0xD0, 0x00, 0x00, 0x3F, 0x80, 0x2F, 0xF0,
    0x00, 0x00, 0x3F, 0x80, 0x0F, 0xF4, 0x00, 0x00, 0x3F, 0x80, 0x0B, 0xFC, 0x00, 0x00, 0x3F, 0x80,
    0x03, 0xFF, 0x00, 0x00, 0xFF, 0x80, 0x00, 0xFF, 0xE4, 0x1B, 0xFF, 0x80, 0x00, 0x3F, 0xFF, 0xFF,
    0xEF, 0x80, 0x00, 0x07, 0xFF, 0xFE, 0x0B, 0x80, 0x00, 0x00, 0x15, 0x50, 0x00, 0x00, 0x00, 0x00,
    0x00, 0x00, 0x00, 0x00, 0xD0, 0x00, 0xB0, 0x00, 0x00, 0xF8, 0x03, 0xE0, 0x00, 0x00, 0x3F, 0x1F,
    0xC0, 0x00, 0x00, 0x1F, 0xFF, 0x00, 0x00, 0x00, 0x0B, 0xFD, 0x00, 0x00, 0x00, 0x03, 0xF8, 0x00,
    0x00, 0x00, 0x00, 0xA0, 0x01, 0xA0, 0x00, 0x00, 0x00, 0x0B, 0xFC, 0x00, 0x01, 0x54, 0x1F, 0xFC,
    0x00, 0x7F, 0xFF, 0xBC, 0xF8, 0x03, 0xFE, 0xAF, 0xF8, 0x00, 0x0B, 0xF4, 0x03, 0xFC, 0x00, 0x0F,
    0xE0, 0x01, 0xFE, 0x00, 0x1F, 0xD0, 0x00, 0xFF, 0x00, 0x1F, 0xD0, 0x00, 0xFF, 0x00, 0x1F, 0xD0,
    0x00, 0xFF, 0x00, 0x0F, 0xF0, 0x01, 0xFE, 0x00, 0x0F, 0xF8, 0x03, 0xFC, 0x00, 0x03, 0xFF, 0xFF,
    0xF4, 0x00, 0x01, 0xFF, 0xFF, 0x80, 0x00, 0x03, 0xE1, 0x50, 0x00, 0x00, 0x0F, 0xC0, 0x00, 0x00,
    0x00, 0x0F, 0xD0, 0x00, 0x00, 0x00, 0x0F, 0xFF, 0xFF, 0xF9, 0x00, 0x0B, 0xFF, 0xFF, 0xFF, 0xC0,
    0x01, 0xFF, 0xFF, 0xFF, 0xE0, 0x0B, 0xE5, 0x55, 0xBF, 0xF0, 0x2F, 0xC0, 0x00, 0x0F, 0xF0, 0x3F,
    0x40, 0x00, 0x0F, 0xF0, 0x7F, 0x80, 0x00, 0x1F, 0xE0, 0x3F, 0xC0, 0x00, 0x7F, 0xC0, 0x2F, 0xFE,
    0xAB, 0xFF, 0x00, 0x07, 0xFF, 0xFF, 0xF8, 0x00, 0x00, 0x5A, 0xA9, 0x40, 0x00, 0x00, 0x00, 0x6B,
    0xE9, 0x00, 0x00, 0x00, 0x2F, 0xFF, 0xFF, 0x80, 0x00, 0x03, 0xFF, 0xAB, 0xFF, 0xC0, 0x00, 0x7F,
    0xD0, 0x01, 0xFF, 0xC0, 0x03, 0xFC, 0x00, 0x00, 0xFF, 0xC0, 0x2F, 0xD0, 0x00, 0x00, 0xFF, 0x80,
    0xFF, 0x00, 0x00, 0x02, 0xFF, 0x0B, 0xF4, 0x00, 0x00, 0x03, 0xFD, 0x3F, 0xC0, 0x00, 0x00, 0x0F,
    0xF8, 0xFF, 0x00, 0x00, 0x00, 0x2F, 0xF7, 0xFC, 0x00, 0x00, 0x00, 0xBF, 0xDF, 0xF0, 0x00, 0x00,
    0x01, 0xFF, 0x7F, 0xC0, 0x00, 0x00, 0x07, 0xFD, 0xFF, 0x00, 0x00, 0x00, 0x1F, 0xF7, 0xFC, 0x00,
    0x00, 0x00, 0xBF, 0x8F, 0xF0, 0x00, 0x00, 0x02, 0xFE, 0x3F, 0xD0, 0x00, 0x00, 0x0F, 0xF0, 0xBF,
    0xC0, 0x00, 0x00, 0x3F, 0xC0, 0xFF, 0x40, 0x00, 0x01, 0xFD, 0x02, 0xFF, 0x00, 0x00, 0x0F, 0xF0,
    0x03, 0xFF, 0x00, 0x00, 0xFF, 0x00, 0x03, 0xFF, 0x80, 0x2F, 0xF4, 0x00, 0x03, 0xFF, 0xFF, 0xFF,
    0x00, 0x00, 0x01, 0xFF, 0xFF, 0xD0, 0x00, 0x00, 0x00, 0x16, 0xF4, 0x00, 0x00, 0x00, 0x00, 0x1F,
    0x40, 0x00, 0x00, 0x00, 0x01, 0xF8, 0x00, 0x00, 0x00, 0x00, 0x0F, 0xC0, 0x00, 0x00, 0x00, 0x00,
    0x3F, 0x00, 0x00, 0x00, 0x00, 0x00, 0xFF, 0xA4, 0x00, 0x00, 0x00, 0x02, 0xFF, 0xD0, 0x00, 0x00,
    0x00, 0x01, 0xA8, 0x00, 0x00, 0x00, 0x01, 0x54, 0x00, 0x00, 0x07, 0xFF, 0xFD, 0x00, 0x02, 0xFF,
    0xFF, 0xFC, 0x00, 0xBF, 0x40, 0x3F, 0xF0, 0x1F, 0xE0, 0x00, 0xFF, 0x43, 0xFC, 0x00, 0x07, 0xFC,
    0x3F, 0x80, 0x00, 0x3F, 0xC7, 0xF8, 0x00, 0x03, 0xFD, 0x7F, 0x80, 0x00, 0x2F, 0xDB, 0xF8, 0x00,
    0x02, 0xFD, 0xBF, 0x80, 0x00, 0x2F, 0xD7, 0xF8, 0x00, 0x02, 0xFD, 0x7F, 0xC0, 0x00, 0x3F, 0xC3,
    0xFD, 0x00, 0x03, 0xF8, 0x2F, 0xF0, 0x00, 0xBF, 0x00, 0xFF, 0xC0, 0x2F, 0xE0, 0x03, 0xFF, 0xFF,
    0xF8, 0x00, 0x07, 0xFF, 0xFD, 0x00, 0x00, 0x01, 0xBC, 0x00, 0x00, 0x00, 0x1F, 0x00, 0x00, 0x00,
    0x07, 0xD0, 0x00, 0x00, 0x00, 0xFC, 0x00, 0x00, 0x00, 0x0F, 0xC0, 0x00, 0x00, 0x00, 0xFF, 0xB4,
    0x00, 0x00, 0x0F, 0xFF, 0x40, 0x00, 0x00, 0x1A, 0x80, 0x00, 0x00, 0x00, 0x00, 0x05, 0x00, 0x00,
    0x00, 0x00, 0x00, 0x0B, 0xD0, 0x00, 0x00, 0x00, 0x00, 0x0F, 0xF8, 0x00, 0x00, 0x00, 0x00, 0x0F,
    0xFC, 0x00, 0x00, 0x00, 0x00, 0x0F, 0xF4, 0x00, 0x00, 0x00, 0x00, 0x0B, 0x90, 0x00, 0x00, 0x00,
    0x00, 0x00, 0x00, 0x00, 0x00, 0x00, 0x00, 0x00, 0x0A, 0x90, 0x00, 0x00, 0x00, 0x00, 0x1F, 0xFE,
    0x00, 0x00, 0x00, 0x00, 0x0F, 0x47, 0xC0, 0x00, 0x00, 0x00, 0x07, 0xC0, 0xF4, 0x00, 0x00, 0x00,
    0x00, 0xF0, 0x3D, 0x00, 0x00, 0x00, 0x00, 0x3F, 0x6F, 0x00, 0x00, 0x00, 0x00, 0x03, 0xFF, 0x00,
    0x00, 0x00, 0x00, 0x00, 0xFF, 0xC0, 0x00, 0x00, 0x00, 0x00, 0xBF, 0xF8, 0x00, 0x00, 0x00, 0x00,
    0x3E, 0xFF, 0x00, 0x00, 0x00, 0x00, 0x1F, 0x2F, 0xC0, 0x00, 0x00, 0x00, 0x0B, 0xC7, 0xF8, 0x00,
    0x00, 0x00, 0x03, 0xD0, 0xFF, 0x00, 0x00, 0x00, 0x01, 0xF0, 0x2F, 0xD0, 0x00, 0x00, 0x00, 0xB8,
    0x07, 0xF8, 0x00, 0x00, 0x00, 0x3D, 0x00, 0xFF, 0x00, 0x00, 0x00, 0x1F, 0x00, 0x2F, 0xD0, 0x00,
    0x00, 0x0F, 0x80, 0x07, 0xF8, 0x00, 0x00, 0x03, 0xD0, 0x00, 0xFF, 0x00, 0x00, 0x02, 0xFA, 0xAA,
    0xBF, 0xD0, 0x00, 0x00, 0xFF, 0xFF, 0xFF, 0xFC, 0x00, 0x00, 0x3E, 0xAA, 0xAA, 0xFF, 0x00, 0x00,
    0x2F, 0x00, 0x00, 0x2F, 0xE0, 0x00, 0x0F, 0x80, 0x00, 0x07, 0xFC, 0x00, 0x07, 0xD0, 0x00, 0x00,
    0xFF, 0x00, 0x02, 0xF0, 0x00, 0x00, 0x2F, 0xE0, 0x01, 0xFC, 0x00, 0x00, 0x0B, 0xFD, 0x0B, 0xFF,
    0xF8, 0x00, 0x3F, 0xFF, 0xF2, 0xFF, 0xFE, 0x00, 0x0F, 0xFF, 0xFD, 0x00, 0x00, 0x78, 0x00, 0x00,
    0x00, 0x1F, 0xD0, 0x00, 0x00, 0x0B, 0xFC, 0x00, 0x00, 0x02, 0xFF, 0x40, 0x00, 0x00, 0xBF, 0x40,
    0x00, 0x00, 0x0A, 0x00, 0x00, 0x00, 0x00, 0x01, 0x00, 0x00, 0x00, 0x03, 0xFF, 0x40, 0x00, 0x00,
    0xF9, 0xBC, 0x00, 0x00, 0x1F, 0x03, 0xD0, 0x00, 0x01, 0xF0, 0x3D, 0x00, 0x00, 0x0F, 0x47, 0xC0,
    0x00, 0x00, 0xBF, 0xF4, 0x00, 0x00, 0x01, 0xA8, 0x00, 0x00, 0x00, 0x00, 0x00, 0x00, 0x00, 0x00,
    0x54, 0x00, 0x00, 0x02, 0xFF, 0xFE, 0x00, 0x00, 0xFE, 0x5B, 0xF8, 0x00, 0x3F, 0x00, 0x2F, 0xD0,
    0x03, 0xF4, 0x00, 0xFE, 0x00, 0x3F, 0x80, 0x0F, 0xF0, 0x02, 0xE0, 0x00, 0xFF, 0x00, 0x00, 0x00,
    0x0F, 0xF0, 0x00, 0x00, 0x15, 0xFF, 0x00, 0x01, 0xBF, 0xFF, 0xF0, 0x00, 0xFF, 0xE5, 0xFF, 0x00,
    0x3F, 0xD0, 0x0F, 0xF0, 0x03, 0xF8, 0x00, 0xFF, 0x00, 0x7F, 0x40, 0x0F, 0xF0, 0x07, 0xF8, 0x01,
    0xFF, 0x00, 0x3F, 0xD0, 0x7F, 0xF4, 0x02, 0xFF, 0xFF, 0x7F, 0xFC, 0x0B, 0xFF, 0x82, 0xFF, 0x80,
    0x05, 0x40, 0x01, 0x40, 0x00, 0x00, 0x00, 0x00, 0x00, 0x02, 0xD0, 0x00, 0x00, 0x00, 0x00, 0x00,
    0x00, 0x0F, 0xF0, 0x00, 0x00, 0x00, 0x00, 0x00, 0x00, 0x3F, 0xE0, 0x00, 0x00, 0x00, 0x00, 0x00,
    0x00, 0xFF, 0x80, 0x00, 0x00, 0x00, 0x00, 0x00, 0x03, 0xF8, 0x00, 0x00, 0x00, 0x00, 0x00, 0x00,
    0x03, 0x40, 0x00, 0x00, 0x00, 0x00, 0x00, 0x00, 0x00, 0x00, 0x00, 0x00, 0x00, 0x00, 0x05, 0x55,
    0x55, 0x55, 0x55, 0x50, 0x00, 0x00, 0x0F, 0xFF, 0xFF, 0xFF, 0xFF, 0xF4, 0x00, 0x00, 0x0A, 0xFE,
    0xBF, 0xEA, 0xBF, 0xF8, 0x00, 0x00, 0x01, 0xF4, 0x3F, 0xC0, 0x02, 0xF8, 0x00, 0x00, 0x03, 0xF0,
    0x3F, 0xC0, 0x00, 0xFC, 0x00, 0x00, 0x03, 0xD0, 0x3F, 0xC0, 0x00, 0x7C, 0x00, 0x00, 0x0B, 0xC0,
    0x3F, 0xC0, 0x00, 0x28, 0x00, 0x00, 0x0F, 0x40, 0x3F, 0xC0, 0x00, 0x00, 0x00, 0x00, 0x2F, 0x00,
    0x3F, 0xC0, 0x01, 0x00, 0x00, 0x00, 0x3D, 0x00, 0x3F, 0xC0, 0x0F, 0x00, 0x00, 0x00, 0xBC, 0x00,
    0x3F, 0xC0, 0x0F, 0x00, 0x00, 0x00, 0xFE, 0xAA, 0xBF, 0xEA, 0xBF, 0x00, 0x00, 0x02, 0xFF, 0xFF,
    0xFF, 0xFF, 0xFF, 0x00, 0x00, 0x03, 0xFA, 0xAA, 0xBF, 0xEA, 0xBF, 0x00, 0x00, 0x0B, 0xC0, 0x00,
    0x3F, 0xC0, 0x0F, 0x00, 0x00, 0x0F, 0x80, 0x00, 0x3F, 0xC0, 0x0F, 0x00, 0x00, 0x2F, 0x00, 0x00,
    0x3F, 0xC0, 0x00, 0x00, 0x00, 0x3E, 0x00, 0x00, 0x3F, 0xC0, 0x00, 0x05, 0x00, 0xBC, 0x00, 0x00,
    0x3F, 0xC0, 0x00, 0x1F, 0x00, 0xF8, 0x00, 0x00, 0x3F, 0xC0, 0x00, 0x3F, 0x02, 0xF4, 0x00, 0x00,
    0x3F, 0xC0, 0x00, 0x7E, 0x07, 0xF4, 0x00, 0x00, 0x7F, 0xC0, 0x01, 0xFE, 0xBF, 0xFF, 0x80, 0x0F,
    0xFF, 0xFF, 0xFF, 0xFD, 0xBF, 0xFF, 0xC0, 0x0F, 0xFF, 0xFF, 0xFF, 0xFD, 0x00, 0x00, 0x00, 0x00,
    0x00, 0x00, 0x00, 0x00, 0x00, 0x00, 0x78, 0x00, 0x00, 0x00, 0x00, 0x00, 0x1F, 0xC0, 0x00, 0x00,
    0x00, 0x00, 0x03, 0xFC, 0x00, 0x00, 0x00, 0x00, 0x00, 0xBF, 0x40, 0x00, 0x00, 0x00, 0x00, 0x1F,
    0x80, 0x00, 0x00, 0x00, 0x00, 0x03, 0xD0, 0x00, 0x00, 0x00, 0x00, 0x00, 0x10, 0x00, 0x00, 0x00,
    0x00, 0x00, 0x00, 0x00, 0x00, 0x00, 0x00, 0x00, 0x54, 0x00, 0x01, 0x50, 0x00, 0x02, 0xFF, 0xFD,
    0x0B, 0xFF, 0xF0, 0x00, 0xFE, 0x5B, 0xFB, 0xFE, 0xBF, 0xD0, 0x3F, 0x00, 0x2F, 0xFE, 0x00, 0xBF,
    0x03, 0xF4, 0x00, 0xFF, 0xC0, 0x03, 0xF8, 0x3F, 0x80, 0x0F, 0xF4, 0x00, 0x3F, 0xC2, 0xF0, 0x00,
    0xFF, 0x00, 0x03, 0xFC, 0x00, 0x00, 0x0F, 0xF0, 0x00, 0x3F, 0xC0, 0x00, 0x15, 0xFF, 0xFF, 0xFF,
    0xF8, 0x01, 0xFF, 0xFF, 0xFF, 0xFF, 0xFF, 0x40, 0xFF, 0xE5, 0xFF, 0x00, 0x00, 0x00, 0x3F, 0xD0,
    0x0F, 0xF0, 0x00, 0x00, 0x07, 0xF8, 0x00, 0xFF, 0x40, 0x00, 0x00, 0x7F, 0x40, 0x0F, 0xFC, 0x00,
    0x00, 0x07, 0xF8, 0x01, 0xFF, 0xF0, 0x00, 0x78, 0x3F, 0xD0, 0x7E, 0xFF, 0xE5, 0xBF, 0x82, 0xFF,
    0xFF, 0x87, 0xFF, 0xFF, 0xE0, 0x0B, 0xFF, 0xD0, 0x0B, 0xFF, 0xF4, 0x00, 0x05, 0x40, 0x00, 0x05,
    0x50, 0x00, 0x00, 0x00, 0x00, 0x2D, 0x00, 0x00, 0x00, 0x00, 0x00, 0xBF, 0x00, 0x00, 0x00, 0x00,
    0x03, 0xFF, 0x00, 0x00, 0x00, 0x00, 0x0F, 0xFC, 0x00, 0x00, 0x00, 0x00, 0x3F, 0x80, 0x00, 0x00,
    0x00, 0x00, 0x34, 0x00, 0x00, 0x00, 0x00, 0x00, 0x00, 0x00, 0x00, 0x00, 0x00, 0x00, 0x6B, 0xE9,
    0x00, 0xF8, 0x00, 0x0B, 0xFF, 0xFF, 0xE2, 0xF0, 0x00, 0x3F, 0xFA, 0xBF, 0xFF, 0xD0, 0x01, 0xFF,
    0x40, 0x07, 0xFF, 0x80, 0x03, 0xFC, 0x00, 0x00, 0xFF, 0xC0, 0x0B, 0xF4, 0x00, 0x00, 0xFF, 0xD0,
    0x0F, 0xF0, 0x00, 0x03, 0xFF, 0xF0, 0x2F, 0xD0, 0x00, 0x0B, 0xDF, 0xF4, 0x3F, 0xC0, 0x00, 0x2F,
    0x4F, 0xF8, 0x3F, 0xC0, 0x00, 0x7E, 0x0B, 0xFC, 0x7F, 0xC0, 0x00, 0xF8, 0x0B, 0xFC, 0x7F, 0xC0,
    0x03, 0xF0, 0x07, 0xFC, 0x7F, 0xC0, 0x0F, 0xC0, 0x07, 0xFC, 0x7F, 0xC0, 0x2F, 0x00, 0x07, 0xFC,
    0x7F, 0xC0, 0xBD, 0x00, 0x0B, 0xF8, 0x3F, 0xC1, 0xF8, 0x00, 0x0B, 0xF8, 0x3F, 0xE3, 0xE0, 0x00,
    0x0F, 0xF0, 0x2F, 0xFF, 0xC0, 0x00, 0x0F, 0xF0, 0x0F, 0xFF, 0x00, 0x00, 0x1F, 0xD0, 0x0B, 0xFD,
    0x00, 0x00, 0x3F, 0xC0, 0x03, 0xFF, 0x00, 0x00, 0xFF, 0x00, 0x07, 0xFF, 0xE0, 0x0B, 0xFD, 0x00,
    0x0F, 0xBF, 0xFF, 0xFF, 0xF0, 0x00, 0x3F, 0x07, 0xFF, 0xFF, 0x40, 0x00, 0x54, 0x00, 0x15, 0x50,
    0x00, 0x00, 0x00, 0x00, 0x00, 0x00, 0x00, 0x00, 0x00, 0x0B, 0x40, 0x00, 0x00, 0x00, 0x7F, 0x00,
    0x00, 0x00, 0x03, 0xFC, 0x00, 0x00, 0x00, 0x3F, 0xC0, 0x00, 0x00, 0x02, 0xF8, 0x00, 0x00, 0x00,
    0x1F, 0x00, 0x00, 0x00, 0x00, 0x10, 0x00, 0x00, 0x00, 0x00, 0x00, 0x00, 0x00, 0x00, 0x01, 0x54,
    0x01, 0x90, 0x01, 0xFF, 0xFF, 0x6F, 0x00, 0x2F, 0xFF, 0xFF, 0xF0, 0x02, 0xFD, 0x00, 0xFF, 0xC0,
    0x1F, 0xE0, 0x01, 0xFF, 0x40, 0xFF, 0x00, 0x1F, 0xFF, 0x03, 0xF8, 0x00, 0xFB, 0xFC, 0x1F, 0xE0,
    0x0F, 0x8F, 0xF4, 0x7F, 0x80, 0xFC, 0x2F, 0xD2, 0xFE, 0x0F, 0xC0, 0xBF, 0x4B, 0xF8, 0xBC, 0x02,
    0xFD, 0x1F, 0xFB, 0xC0, 0x0B, 0xF4, 0x7F, 0xFD, 0x00, 0x3F, 0xC0, 0xFF, 0xD0, 0x00, 0xFE, 0x01,
    0xFF, 0x00, 0x0B, 0xF0, 0x07, 0xFF, 0x00, 0xBF, 0x80, 0x3F, 0xFF, 0xFF, 0xF8, 0x03, 0xF1, 0xFF,
    0xFF, 0x40, 0x1A, 0x00, 0x15, 0x40, 0x00, 0x00, 0x00, 0x00, 0x00, 0x00, 0x00, 0x00, 0x2D, 0x02,
    0xF0, 0x00, 0x00, 0x00, 0x0F, 0xE0, 0xFF, 0x00, 0x00, 0x00, 0x03, 0xFE, 0x2F, 0xE0, 0x00, 0x00,
    0x00, 0x2F, 0xE1, 0xFE, 0x00, 0x00, 0x00, 0x00, 0xBD, 0x0B, 0xE0, 0x00, 0x00, 0x00, 0x02, 0x40,
    0x24, 0x00, 0x00, 0x00, 0x00, 0x00, 0x00, 0x00, 0x00, 0x00, 0x00, 0x01, 0x50, 0x00, 0x00, 0x00,
    0x00, 0x03, 0xFF, 0x00, 0x00, 0x00, 0x00, 0x00, 0xFF, 0xC0, 0x00, 0x00, 0x00, 0x00, 0xBF, 0xF8,
    0x00, 0x00, 0x00, 0x00, 0x3E, 0xFF, 0x00, 0x00, 0x00, 0x00, 0x1F, 0x2F, 0xD0, 0x00, 0x00, 0x00,
    0x0B, 0xC7, 0xF8, 0x00, 0x00, 0x00, 0x03, 0xD0, 0xFF, 0x00, 0x00, 0x00, 0x01, 0xF0, 0x2F, 0xD0,
    0x00, 0x00, 0x00, 0xB8, 0x07, 0xF8, 0x00, 0x00, 0x00, 0x3D, 0x00, 0xFF, 0x00, 0x00, 0x00, 0x1F,
    0x00, 0x2F, 0xD0, 0x00, 0x00, 0x0F, 0x80, 0x07, 0xF8, 0x00, 0x00, 0x03, 0xD0, 0x00, 0xFF, 0x00,
    0x00, 0x02, 0xFA, 0xAA, 0xBF, 0xD0, 0x00, 0x00, 0xFF, 0xFF, 0xFF, 0xFC, 0x00, 0x00, 0x3E, 0xAA,
    0xAA, 0xFF, 0x00, 0x00, 0x2F, 0x00, 0x00, 0x2F, 0xE0, 0x00, 0x0F, 0x80, 0x00, 0x07, 0xFC, 0x00,
    0x07, 0xD0, 0x00, 0x00, 0xFF, 0x00, 0x02, 0xF0, 0x00, 0x00, 0x2F, 0xE0, 0x01, 0xFC, 0x00, 0x00,
    0x0B, 0xFD, 0x0B, 0xFF, 0xF8, 0x00, 0x3F, 0xFF, 0xF2, 0xFF, 0xFE, 0x00, 0x0F, 0xFF, 0xFD, 0x74,
    0x0F, 0x00, 0x00, 0x0F, 0xD1, 0xF8, 0x00, 0x00, 0xFF, 0x1F, 0xD0, 0x00, 0x03, 0xF8, 0x7F, 0x00,
    0x00, 0x0B, 0xD1, 0xF8, 0x00, 0x00, 0x1F, 0x03, 0xC0, 0x00, 0x00, 0x10, 0x04, 0x00, 0x00, 0x00,
    0x00, 0x00, 0x00, 0x00, 0x05, 0x40, 0x00, 0x00, 0x2F, 0xFF, 0xE0, 0x00, 0x0F, 0xE5, 0xBF, 0x80,
    0x03, 0xF0, 0x02, 0xFD, 0x00, 0x3F, 0x40, 0x0F, 0xE0, 0x03, 0xF8, 0x00, 0xFF, 0x00, 0x2E, 0x00,
    0x0F, 0xF0, 0x00, 0x00, 0x00, 0xFF, 0x00, 0x00, 0x01, 0x5F, 0xF0, 0x00, 0x1B, 0xFF, 0xFF, 0x00,
    0x0F, 0xFE, 0x5F, 0xF0, 0x03, 0xFD, 0x00, 0xFF, 0x00, 0x3F, 0x80, 0x0F, 0xF0, 0x07, 0xF4, 0x00,
    0xFF, 0x00, 0x7F, 0x80, 0x1F, 0xF0, 0x03, 0xFD, 0x07, 0xFF, 0x40, 0x2F, 0xFF, 0xF7, 0xFF, 0xC0,
    0xBF, 0xF8, 0x2F, 0xF8, 0x00, 0x54, 0x00, 0x14, 0x00, 0x00, 0x00, 0x00, 0x00, 0x00, 0x00, 0x00,
    0x00, 0x02, 0xFE, 0x00, 0x00, 0x00, 0x00, 0x07, 0xFF, 0xF4, 0x00, 0x00, 0x00, 0x03, 0xFF, 0xFF,
    0x00, 0x00, 0x00, 0x01, 0xF4, 0x07, 0xD0, 0x00, 0x00, 0x00, 0xF0, 0x00, 0x7C, 0x00, 0x00, 0x00,
    0x38, 0x00, 0x0F, 0x00, 0x00, 0x00, 0x00, 0x00, 0x00, 0x00, 0x00, 0x00, 0x00, 0x01, 0x50, 0x00,
    0x00, 0x00, 0x00, 0x03, 0xFF, 0x00, 0x00, 0x00, 0x00, 0x00, 0xFF, 0xC0, 0x00, 0x00, 0x00, 0x00,
    0xBF, 0xF8, 0x00, 0x00, 0x00, 0x00, 0x3E, 0xFF, 0x00, 0x00, 0x00, 0x00, 0x1F, 0x2F, 0xD0, 0x00,
    0x00, 0x00, 0x0B, 0xC7, 0xF8, 0x00, 0x00, 0x00, 0x03, 0xD0, 0xFF, 0x00, 0x00, 0x00, 0x01, 0xF0,
    0x2F, 0xD0, 0x00, 0x00, 0x00, 0xB8, 0x07, 0xF8, 0x00, 0x00, 0x00, 0x3D, 0x00, 0xFF, 0x00, 0x00,
    0x00, 0x1F, 0x00, 0x2F, 0xD0, 0x00, 0x00, 0x0F, 0x80, 0x07, 0xF8, 0x00, 0x00, 0x03, 0xD0, 0x00,
    0xFF, 0x00, 0x00, 0x02, 0xFA, 0xAA, 0xBF, 0xD0, 0x00, 0x00, 0xFF, 0xFF, 0xFF, 0xFC, 0x00, 0x00,
    0x3E, 0xAA, 0xAA, 0xFF, 0x00, 0x00, 0x2F, 0x00, 0x00, 0x2F, 0xE0, 0x00, 0x0F, 0x80, 0x00, 0x07,
    0xFC, 0x00, 0x07, 0xD0, 0x00, 0x00, 0xFF, 0x00, 0x02, 0xF0, 0x00, 0x00, 0x2F, 0xE0, 0x01, 0xFC,
    0x00, 0x00, 0x0B, 0xFD, 0x0B, 0xFF, 0xF8, 0x00, 0x3F, 0xFF, 0xF2, 0xFF, 0xFE, 0x00, 0x0F, 0xFF,
    0xFD, 0x00, 0x06, 0x40, 0x00, 0x00, 0x07, 0xFF, 0x80, 0x00, 0x01, 0xFF, 0xFE, 0x00, 0x00, 0x3F,
    0x97, 0xF0, 0x00, 0x07, 0xC0, 0x0F, 0x40, 0x00, 0xB4, 0x00, 0x38, 0x00, 0x06, 0x00, 0x02, 0x40,
    0x00, 0x00, 0x00, 0x00, 0x00, 0x00, 0x05, 0x40, 0x00, 0x00, 0x2F, 0xFF, 0xE0, 0x00, 0x0F, 0xE5,
    0xBF, 0x80, 0x03, 0xF0, 0x02, 0xFD, 0x00, 0x3F, 0x40, 0x0F, 0xE0, 0x03, 0xF8, 0x00, 0xFF, 0x00,
    0x2E, 0x00, 0x0F, 0xF0, 0x00, 0x00, 0x00, 0xFF, 0x00, 0x00, 0x01, 0x5F, 0xF0, 0x00, 0x1B, 0xFF,
    0xFF, 0x00, 0x0F, 0xFE, 0x5F, 0xF0, 0x03, 0xFD, 0x00, 0xFF, 0x00, 0x3F, 0x80, 0x0F, 0xF0, 0x07,
    0xF4, 0x00, 0xFF, 0x00, 0x7F, 0x80, 0x1F, 0xF0, 0x03, 0xFD, 0x07, 0xFF, 0x40, 0x2F, 0xFF, 0xF7,
    0xFF, 0xC0, 0xBF, 0xF8, 0x2F, 0xF8, 0x00, 0x54, 0x00, 0x14, 0x00, 0x00, 0x00, 0x00, 0x00, 0x00,
    0x78, 0x03, 0xD0, 0x00, 0x03, 0xFC, 0x2F, 0xD0, 0x00, 0x0B, 0xFC, 0x3F, 0xC0, 0x00, 0x0B, 0xFC,
    0x3F, 0xC0, 0x00, 0x02, 0xFC, 0x1F, 0xC0, 0x00, 0x00, 0x60, 0x06, 0x00, 0x00, 0x00, 0x00, 0x00,
    0x00, 0x15, 0x55, 0x55, 0x55, 0x40, 0xFF, 0xFF, 0xFF, 0xFF, 0x02, 0xBF, 0xFA, 0xAF, 0xFD, 0x00,
    0x7F, 0xC0, 0x02, 0xF8, 0x01, 0xFF, 0x00, 0x03, 0xF0, 0x07, 0xFC, 0x00, 0x07, 0xC0, 0x1F, 0xF0,
    0x00, 0x09, 0x00, 0x7F, 0xC0, 0x00, 0x00, 0x01, 0xFF, 0x00, 0x2C, 0x00, 0x07, 0xFC, 0x00, 0xF0,
    0x00, 0x1F, 0xF0, 0x0B, 0xC0, 0x00, 0x7F, 0xFF, 0xFF, 0x00, 0x01, 0xFF, 0xFF, 0xFC, 0x00, 0x07,
    0xFD, 0x57, 0xF0, 0x00, 0x1F, 0xF0, 0x03, 0xC0, 0x00, 0x7F, 0xC0, 0x0F, 0x00, 0x01, 0xFF, 0x00,
    0x00, 0x00, 0x07, 0xFC, 0x00, 0x00, 0x50, 0x1F, 0xF0, 0x00, 0x0B, 0xC0, 0x7F, 0xC0, 0x00, 0x3E,
    0x01, 0xFF, 0x00, 0x01, 0xF8, 0x0B, 0xFC, 0x00, 0x2F, 0xD3, 0xFF, 0xFF, 0xFF, 0xFF, 0x4F, 0xFF,
    0xFF, 0xFF, 0xFC, 0x1D, 0x03, 0xC0, 0x00, 0x3F, 0x4B, 0xE0, 0x00, 0x3F, 0xC7, 0xF4, 0x00, 0x0F,
    0xE2, 0xFC, 0x00, 0x02, 0xF4, 0x7E, 0x00, 0x00, 0x7C, 0x0F, 0x00, 0x00, 0x04, 0x01, 0x00, 0x00,
    0x00, 0x00, 0x00, 0x00, 0x01, 0x54, 0x00, 0x00, 0x7F, 0xFF, 0x80, 0x02, 0xFE, 0xAF, 0xF0, 0x0B,
    0xF0, 0x03, 0xF8, 0x1F, 0xD0, 0x02, 0xFC, 0x3F, 0xC0, 0x01, 0xFD, 0x3F, 0x80, 0x01, 0xFD, 0x7F,
    0x80, 0x02, 0xFD, 0x7F, 0xFF, 0xFF, 0xFC, 0xBF, 0xFF, 0xFF, 0xFC, 0xBF, 0x80, 0x00, 0x00, 0x7F,
    0x80, 0x00, 0x00, 0x3F, 0xC0, 0x00, 0x00, 0x3F, 0xE0, 0x00, 0x00, 0x1F, 0xF4, 0x00, 0x2C, 0x0F,
    0xFF, 0x9A, 0xFC, 0x03, 0xFF, 0xFF, 0xF0, 0x00, 0xBF, 0xFF, 0x80, 0x00, 0x05, 0x54, 0x00, 0x00,
    0x00, 0x00, 0x00, 0x00, 0x00, 0x0B, 0xFD, 0x00, 0x00, 0x00, 0xFF, 0xFE, 0x00, 0x00, 0x0B, 0xFF,
    0xFD, 0x00, 0x00, 0x3E, 0x00, 0xFC, 0x00, 0x01, 0xE0, 0x00, 0xF0, 0x00, 0x0B, 0x00, 0x01, 0xC0,
    0x00, 0x00, 0x00, 0x00, 0x00, 0x15, 0x55, 0x55, 0x55, 0x40, 0xFF, 0xFF, 0xFF, 0xFF, 0x02, 0xBF,
    0xFA, 0xAF, 0xFD, 0x00, 0x7F, 0xC0, 0x02, 0xF8, 0x01, 0xFF, 0x00, 0x03, 0xF0, 0x07, 0xFC, 0x00,
    0x07, 0xC0, 0x1F, 0xF0, 0x00, 0x09, 0x00, 0x7F, 0xC0, 0x00, 0x00, 0x01, 0xFF, 0x00, 0x2C, 0x00,
    0x07, 0xFC, 0x00, 0xF0, 0x00, 0x1F, 0xF0, 0x0B, 0xC0, 0x00, 0x7F, 0xFF, 0xFF, 0x00, 0x01, 0xFF,
    0xFF, 0xFC, 0x00, 0x07, 0xFD, 0x57, 0xF0, 0x00, 0x1F, 0xF0, 0x03, 0xC0, 0x00, 0x7F, 0xC0, 0x0F,
    0x00, 0x01, 0xFF, 0x00, 0x00, 0x00, 0x07, 0xFC, 0x00, 0x00, 0x50, 0x1F, 0xF0, 0x00, 0x0B, 0xC0,
    0x7F, 0xC0, 0x00, 0x3E, 0x01, 0xFF, 0x00, 0x01, 0xF8, 0x0B, 0xFC, 0x00, 0x2F, 0xD3, 0xFF, 0xFF,
    0xFF, 0xFF, 0x4F, 0xFF, 0xFF, 0xFF, 0xFC, 0x00, 0x01, 0x90, 0x00, 0x00, 0x1F, 0xFE, 0x00, 0x00,
    0x7F, 0xFF, 0x80, 0x00, 0xFE, 0x6F, 0xC0, 0x01, 0xF0, 0x03, 0xD0, 0x02, 0xC0, 0x00, 0xE0, 0x01,
    0x80, 0x00, 0x90, 0x00, 0x00, 0x00, 0x00, 0x00, 0x01, 0x54, 0x00, 0x00, 0x7F, 0xFF, 0x80, 0x02,
    0xFE, 0xAF, 0xF0, 0x0B, 0xF0, 0x03, 0xF8, 0x1F, 0xD0, 0x02, 0xFC, 0x3F, 0xC0, 0x01, 0xFD, 0x3F,
    0x80, 0x01, 0xFD, 0x7F, 0x80, 0x02, 0xFD, 0x7F, 0xFF, 0xFF, 0xFC, 0xBF, 0xFF, 0xFF, 0xFC, 0xBF,
    0x80, 0x00, 0x00, 0x7F, 0x80, 0x00, 0x00, 0x3F, 0xC0, 0x00, 0x00, 0x3F, 0xE0, 0x00, 0x00, 0x1F,
    0xF4, 0x00, 0x2C, 0x0F, 0xFF, 0x9A, 0xFC, 0x03, 0xFF, 0xFF, 0xF0, 0x00, 0xBF, 0xFF, 0x80, 0x00,
    0x05, 0x54, 0x00, 0x00, 0x00, 0x00, 0x07, 0x80, 0x3D, 0x00, 0xFF, 0x0B, 0xF4, 0x0B, 0xFC, 0x3F,
    0xC0, 0x2F, 0xF0, 0xFF, 0x00, 0x2F, 0xC1, 0xFC, 0x00, 0x18, 0x01, 0x80, 0x00, 0x00, 0x00, 0x00,
    0x55, 0x55, 0x50, 0x0F, 0xFF, 0xFF, 0x00, 0xAF, 0xFF, 0x90, 0x00, 0x7F, 0xC0, 0x00, 0x03, 0xFC,
    0x00, 0x00, 0x3F, 0xC0, 0x00, 0x03, 0xFC, 0x00, 0x00, 0x3F, 0xC0, 0x00, 0x03, 0xFC, 0x00, 0x00,
    0x3F, 0xC0, 0x00, 0x03, 0xFC, 0x00, 0x00, 0x3F, 0xC0, 0x00, 0x03, 0xFC, 0x00, 0x00, 0x3F, 0xC0,
    0x00, 0x03, 0xFC, 0x00, 0x00, 0x3F, 0xC0, 0x00, 0x03, 0xFC, 0x00, 0x00, 0x3F, 0xC0, 0x00, 0x03,
    0xFC, 0x00, 0x00, 0x3F, 0xC0, 0x00, 0x03, 0xFC, 0x00, 0x00, 0xBF, 0xD0, 0x00, 0xFF, 0xFF, 0xE0,
    0x0F, 0xFF, 0xFF, 0x78, 0x0F, 0x40, 0x0B, 0xE1, 0xFC, 0x00, 0xBF, 0x0F, 0xE0, 0x02, 0xFC, 0x7F,
    0x00, 0x07, 0xE0, 0xFC, 0x00, 0x0F, 0x42, 0xD0, 0x00, 0x10, 0x04, 0x00, 0x00, 0x00, 0x00, 0x00,
    0x00, 0x00, 0x00, 0x07, 0xFF, 0xC0, 0x00, 0xBF, 0xFC, 0x00, 0x01, 0xBF, 0xC0, 0x00, 0x03, 0xFC,
    0x00, 0x00, 0x3F, 0xC0, 0x00, 0x03, 0xFC, 0x00, 0x00, 0x3F, 0xC0, 0x00, 0x03, 0xFC, 0x00, 0x00,
    0x3F, 0xC0, 0x00, 0x03, 0xFC, 0x00, 0x00, 0x3F, 0xC0, 0x00, 0x03, 0xFC, 0x00, 0x00, 0x3F, 0xC0,
    0x00, 0x03, 0xFC, 0x00, 0x00, 0x7F, 0xD0, 0x00, 0xBF, 0xFF, 0xE0, 0x0B, 0xFF, 0xFE, 0x00, 0x00,
    0x00, 0x02, 0xFF, 0x40, 0x0F, 0xFF, 0xE0, 0x2F, 0xFF, 0xF4, 0x3E, 0x00, 0xFC, 0x78, 0x00, 0x3C,
    0xB0, 0x00, 0x1C, 0x00, 0x00, 0x00, 0x15, 0x55, 0x54, 0x3F, 0xFF, 0xFC, 0x2B, 0xFF, 0xE4, 0x01,
    0xFF, 0x00, 0x00, 0xFF, 0x00, 0x00, 0xFF, 0x00, 0x00, 0xFF, 0x00, 0x00, 0xFF, 0x00, 0x00, 0xFF,
    0x00, 0x00, 0xFF, 0x00, 0x00, 0xFF, 0x00, 0x00, 0xFF, 0x00, 0x00, 0xFF, 0x00, 0x00, 0xFF, 0x00,
    0x00, 0xFF, 0x00, 0x00, 0xFF, 0x00, 0x00, 0xFF, 0x00, 0x00, 0xFF, 0x00, 0x00, 0xFF, 0x00, 0x00,
    0xFF, 0x00, 0x00, 0xFF, 0x00, 0x02, 0xFF, 0x40, 0x3F, 0xFF, 0xF8, 0x3F, 0xFF, 0xFC, 0x00, 0x69,
    0x00, 0x07, 0xFF, 0xC0, 0x0F, 0xFF, 0xF0, 0x2F, 0x97, 0xF4, 0x3C, 0x00, 0xB8, 0x74, 0x00, 0x3C,
    0x20, 0x00, 0x18, 0x00, 0x00, 0x00, 0x00, 0x00, 0x00, 0x07, 0xFF, 0xC0, 0x0B, 0xFF, 0xC0, 0x01,
    0xBF, 0xC0, 0x00, 0x3F, 0xC0, 0x00, 0x3F, 0xC0, 0x00, 0x3F, 0xC0, 0x00, 0x3F, 0xC0, 0x00, 0x3F,
    0xC0, 0x00, 0x3F, 0xC0, 0x00, 0x3F, 0xC0, 0x00, 0x3F, 0xC0, 0x00, 0x3F, 0xC0, 0x00, 0x3F, 0xC0,
    0x00, 0x3F, 0xC0, 0x00, 0x7F, 0xD0, 0x0B, 0xFF, 0xFE, 0x0B, 0xFF, 0xFE, 0x00, 0x00, 0x00, 0x00,
    0x00, 0x00, 0x07, 0x80, 0x7D, 0x00, 0x00, 0x00, 0x3F, 0xC2, 0xFC, 0x00, 0x00, 0x00, 0xBF, 0xC7,
    0xFC, 0x00, 0x00, 0x00, 0xBF, 0xC7, 0xFC, 0x00, 0x00, 0x00, 0x2F, 0xC1, 0xFC, 0x00, 0x00, 0x00,
    0x0A, 0x00, 0x60, 0x00, 0x00, 0x00, 0x00, 0x00, 0x00, 0x00, 0x00, 0x00, 0x6B, 0xE9, 0x00, 0x00,
    0x00, 0x2F, 0xFF, 0xFF, 0x80, 0x00, 0x03, 0xFF, 0xAB, 0xFF, 0xC0, 0x00, 0x7F, 0xD0, 0x01, 0xFF,
    0xC0, 0x03, 0xFC, 0x00, 0x00, 0xFF, 0xC0, 0x2F, 0xD0, 0x00, 0x00, 0xFF, 0x80, 0xFF, 0x00, 0x00,
    0x02, 0xFF, 0x0B, 0xF4, 0x00, 0x00, 0x03, 0xFD, 0x3F, 0xC0, 0x00, 0x00, 0x0F, 0xF8, 0xFF, 0x00,
    0x00, 0x00, 0x2F, 0xF7, 0xFC, 0x00, 0x00, 0x00, 0xBF, 0xDF, 0xF0, 0x00, 0x00, 0x01, 0xFF, 0x7F,
    0xC0, 0x00, 0x00, 0x07, 0xFD, 0xFF, 0x00, 0x00, 0x00, 0x1F, 0xF7, 0xFC, 0x00, 0x00, 0x00, 0xBF,
    0x8F, 0xF0, 0x00, 0x00, 0x02, 0xFE, 0x3F, 0xD0, 0x00, 0x00, 0x0F, 0xF0, 0xBF, 0xC0, 0x00, 0x00,
    0x3F, 0xC0, 0xFF, 0x40, 0x00, 0x01, 0xFD, 0x02, 0xFF, 0x00, 0x00, 0x0F, 0xF0, 0x03, 0xFF, 0x00,
    0x00, 0xFF, 0x00, 0x03, 0xFF, 0x80, 0x2F, 0xF4, 0x00, 0x03, 0xFF, 0xFF, 0xFF, 0x00, 0x00, 0x01,
    0xFF, 0xFF, 0xD0, 0x00, 0x00, 0x00, 0x15, 0x50, 0x00, 0x00, 0x0F, 0x02, 0xD0, 0x00, 0x01, 0xFC,
    0x3F, 0x00, 0x00, 0x1F, 0xD3, 0xFC, 0x00, 0x00, 0xBF, 0x0F, 0xD0, 0x00, 0x01, 0xFC, 0x2F, 0x00,
    0x00, 0x02, 0xE0, 0xB8, 0x00, 0x00, 0x04, 0x01, 0x00, 0x00, 0x00, 0x00, 0x00, 0x00, 0x00, 0x01,
    0x54, 0x00, 0x00, 0x07, 0xFF, 0xFD, 0x00, 0x02, 0xFF, 0xFF, 0xFC, 0x00, 0xBF, 0x40, 0x3F, 0xF0,
    0x1F, 0xE0, 0x00, 0xFF, 0x43, 0xFC, 0x00, 0x07, 0xFC, 0x3F, 0x80, 0x00, 0x3F, 0xC7, 0xF8, 0x00,
    0x03, 0xFD, 0x7F, 0x80, 0x00, 0x2F, 0xDB, 0xF8, 0x00, 0x02, 0xFD, 0xBF, 0x80, 0x00, 0x2F, 0xD7,
    0xF8, 0x00, 0x02, 0xFD, 0x7F, 0xC0, 0x00, 0x3F, 0xC3, 0xFD, 0x00, 0x03, 0xF8, 0x2F, 0xF0, 0x00,
    0xBF, 0x00, 0xFF, 0xC0, 0x2F, 0xE0, 0x03, 0xFF, 0xFF, 0xF8, 0x00, 0x0B, 0xFF, 0xFD, 0x00, 0x00,
    0x01, 0x54, 0x00, 0x00, 0x00, 0x00, 0x00, 0x00, 0x00, 0x00, 0x00, 0x00, 0xBF, 0xD0, 0x00, 0x00,
    0x00, 0x0F, 0xFF, 0xE0, 0x00, 0x00, 0x00, 0xBF, 0xFF, 0xD0, 0x00, 0x00, 0x03, 0xE0, 0x0F, 0xC0,
    0x00, 0x00, 0x1D, 0x00, 0x0F, 0x00, 0x00, 0x00, 0xB0, 0x00, 0x1C, 0x00, 0x00, 0x00, 0x00, 0x00,
    0x00, 0x00, 0x00, 0x00, 0x6B, 0xE9, 0x00, 0x00, 0x00, 0x2F, 0xFF, 0xFF, 0x80, 0x00, 0x03, 0xFF,
    0xAB, 0xFF, 0xC0, 0x00, 0x7F, 0xD0, 0x01, 0xFF, 0xC0, 0x03, 0xFC, 0x00, 0x00, 0xFF, 0xC0, 0x2F,
    0xD0, 0x00, 0x00, 0xFF, 0x80, 0xFF, 0x00, 0x00, 0x02, 0xFF, 0x0B, 0xF4, 0x00, 0x00, 0x03, 0xFD,
    0x3F, 0xC0, 0x00, 0x00, 0x0F, 0xF8, 0xFF, 0x00, 0x00, 0x00, 0x2F, 0xF7, 0xFC, 0x00, 0x00, 0x00,
    0xBF, 0xDF, 0xF0, 0x00, 0x00, 0x01, 0xFF, 0x7F, 0xC0, 0x00, 0x00, 0x07, 0xFD, 0xFF, 0x00, 0x00,
    0x00, 0x1F, 0xF7, 0xFC, 0x00, 0x00, 0x00, 0xBF, 0x8F, 0xF0, 0x00, 0x00, 0x02, 0xFE, 0x3F, 0xD0,
    0x00, 0x00, 0x0F, 0xF0, 0xBF, 0xC0, 0x00, 0x00, 0x3F, 0xC0, 0xFF, 0x40, 0x00, 0x01, 0xFD, 0x02,
    0xFF, 0x00, 0x00, 0x0F, 0xF0, 0x03, 0xFF, 0x00, 0x00, 0xFF, 0x00, 0x03, 0xFF, 0x80, 0x2F, 0xF4,
    0x00, 0x03, 0xFF, 0xFF, 0xFF, 0x00, 0x00, 0x01, 0xFF, 0xFF, 0xD0, 0x00, 0x00, 0x00, 0x15, 0x50,
    0x00, 0x00, 0x00, 0x01, 0xA4, 0x00, 0x00, 0x00, 0xFF, 0xF0, 0x00, 0x00, 0x3F, 0xFF, 0xC0, 0x00,
    0x07, 0xE5, 0xBE, 0x00, 0x00, 0xF4, 0x01, 0xF0, 0x00, 0x0E, 0x00, 0x0B, 0x00, 0x00, 0x90, 0x00,
    0x60, 0x00, 0x00, 0x00, 0x00, 0x00, 0x00, 0x01, 0x54, 0x00, 0x00, 0x07, 0xFF, 0xFD, 0x00, 0x02,
    0xFF, 0xFF, 0xFC, 0x00, 0xBF, 0x40, 0x3F, 0xF0, 0x1F, 0xE0, 0x00, 0xFF, 0x43, 0xFC, 0x00, 0x07,
    0xFC, 0x3F, 0x80, 0x00, 0x3F, 0xC7, 0xF8, 0x00, 0x03, 0xFD, 0x7F, 0x80, 0x00, 0x2F, 0xDB, 0xF8,
    0x00, 0x02, 0xFD, 0xBF, 0x80, 0x00, 0x2F, 0xD7, 0xF8, 0x00, 0x02, 0xFD, 0x7F, 0xC0, 0x00, 0x3F,
    0xC3, 0xFD, 0x00, 0x03, 0xF8, 0x2F, 0xF0, 0x00, 0xBF, 0x00, 0xFF, 0xC0, 0x2F, 0xE0, 0x03, 0xFF,
    0xFF, 0xF8, 0x00, 0x0B, 0xFF, 0xFD, 0x00, 0x00, 0x01, 0x54, 0x00, 0x00, 0x00, 0x00, 0x00, 0x00,
    0x00, 0x00, 0x78, 0x03, 0xD0, 0x00, 0x00, 0x03, 0xFC, 0x2F, 0xD0, 0x00, 0x00, 0x0B, 0xFC, 0x3F,
    0xC0, 0x00, 0x00, 0x0B, 0xFC, 0x3F, 0xC0, 0x00, 0x00, 0x02, 0xFC, 0x1F, 0xC0, 0x00, 0x00, 0x00,
    0x60, 0x06, 0x00, 0x00, 0x00, 0x00, 0x00, 0x00, 0x00, 0x00, 0x15, 0x55, 0x55, 0x00, 0x00, 0x00,
    0xFF, 0xFF, 0xFF, 0xF4, 0x00, 0x02, 0xBF, 0xFA, 0xFF, 0xFC, 0x00, 0x00, 0x7F, 0xC0, 0x0F, 0xFC,
    0x00, 0x01, 0xFF, 0x00, 0x0F, 0xF8, 0x00, 0x07, 0xFC, 0x00, 0x2F, 0xF0, 0x00, 0x1F, 0xF0, 0x00,
    0x7F, 0xC0, 0x00, 0x7F, 0xC0, 0x01, 0xFF, 0x00, 0x01, 0xFF, 0x00, 0x0B, 0xF8, 0x00, 0x07, 0xFC,
    0x00, 0x3F, 0xC0, 0x00, 0x1F, 0xF0, 0x03, 0xFC, 0x00, 0x00, 0x7F, 0xD6, 0xBF, 0x80, 0x00, 0x01,
    0xFF, 0xFF, 0xE0, 0x00, 0x00, 0x07, 0xFD, 0x6F, 0xE0, 0x00, 0x00, 0x1F, 0xF0, 0x2F, 0xF0, 0x00,
    0x00, 0x7F, 0xC0, 0x3F, 0xD0, 0x00, 0x01, 0xFF, 0x00, 0xBF, 0xC0, 0x00, 0x07, 0xFC, 0x00, 0xFF,
    0x40, 0x00, 0x1F, 0xF0, 0x03, 0xFE, 0x00, 0x00, 0x7F, 0xC0, 0x07, 0xFC, 0x00, 0x01, 0xFF, 0x00,
    0x0F, 0xF8, 0x00, 0x0B, 0xFC, 0x00, 0x2F, 0xF4, 0x03, 0xFF, 0xFF, 0xC0, 0x3F, 0xFF, 0x4F, 0xFF,
    0xFF, 0x00, 0x3F, 0xFC, 0x00, 0x00, 0x00, 0x00, 0x15, 0x40, 0x2D, 0x07, 0xC0, 0x00, 0x3F, 0x0B,
    0xE0, 0x00, 0x3F, 0xCB, 0xF0, 0x00, 0x1F, 0xE2, 0xFC, 0x00, 0x02, 0xF0, 0x7D, 0x00, 0x00, 0x7C,
    0x1F, 0x00, 0x00, 0x04, 0x01, 0x00, 0x00, 0x00, 0x00, 0x00, 0x00, 0x00, 0x05, 0x40, 0x7F, 0xF0,
    0x7F, 0xF4, 0xBF, 0xF5, 0xFF, 0xFC, 0x0B, 0xFB, 0xD3, 0xFC, 0x03, 0xFF, 0x03, 0xFC, 0x03, 0xFD,
    0x07, 0xFC, 0x03, 0xFC, 0x01, 0xA0, 0x03, 0xFC, 0x00, 0x00, 0x03, 0xFC, 0x00, 0x00, 0x03, 0xFC,
    0x00, 0x00, 0x03, 0xFC, 0x00, 0x00, 0x03, 0xFC, 0x00, 0x00, 0x03, 0xFC, 0x00, 0x00, 0x03, 0xFC,
    0x00, 0x00, 0x03, 0xFC, 0x00, 0x00, 0x03, 0xFD, 0x00, 0x00, 0x3F, 0xFF, 0xF4, 0x00, 0x7F, 0xFF,
    0xF4, 0x00, 0x00, 0x00, 0x00, 0x00, 0x00, 0x00, 0x00, 0x0B, 0xFD, 0x00, 0x00, 0x00, 0x00, 0xFF,
    0xFE, 0x00, 0x00, 0x00, 0x0B, 0xFF, 0xFD, 0x00, 0x00, 0x00, 0x3E, 0x00, 0xFC, 0x00, 0x00, 0x01,
    0xE0, 0x00, 0xF0, 0x00, 0x00, 0x0B, 0x00, 0x01, 0xC0, 0x00, 0x00, 0x00, 0x00, 0x00, 0x00, 0x00,
    0x15, 0x55, 0x55, 0x00, 0x00, 0x00, 0xFF, 0xFF, 0xFF, 0xF4, 0x00, 0x02, 0xBF, 0xFA, 0xFF, 0xFC,
    0x00, 0x00, 0x7F, 0xC0, 0x0F, 0xFC, 0x00, 0x01, 0xFF, 0x00, 0x0F, 0xF8, 0x00, 0x07, 0xFC, 0x00,
    0x2F, 0xF0, 0x00, 0x1F, 0xF0, 0x00, 0x7F, 0xC0, 0x00, 0x7F, 0xC0, 0x01, 0xFF, 0x00, 0x01, 0xFF,
    0x00, 0x0B, 0xF8, 0x00, 0x07, 0xFC, 0x00, 0x3F, 0xC0, 0x00, 0x1F, 0xF0, 0x03, 0xFC, 0x00, 0x00,
    0x7F, 0xD6, 0xBF, 0x80, 0x00, 0x01, 0xFF, 0xFF, 0xE0, 0x00, 0x00, 0x07, 0xFD, 0x6F, 0xE0, 0x00,
    0x00, 0x1F, 0xF0, 0x2F, 0xF0, 0x00, 0x00, 0x7F, 0xC0, 0x3F, 0xD0, 0x00, 0x01, 0xFF, 0x00, 0xBF,
    0xC0, 0x00, 0x07, 0xFC, 0x00, 0xFF, 0x40, 0x00, 0x1F, 0xF0, 0x03, 0xFE, 0x00, 0x00, 0x7F, 0xC0,
    0x07, 0xFC, 0x00, 0x01, 0xFF, 0x00, 0x0F, 0xF8, 0x00, 0x0B, 0xFC, 0x00, 0x2F, 0xF4, 0x03, 0xFF,
    0xFF, 0xC0, 0x3F, 0xFF, 0x4F, 0xFF, 0xFF, 0x00, 0x3F, 0xFC, 0x00, 0x00, 0x00, 0x00, 0x15, 0x40,
    0x00, 0x01, 0x90, 0x00, 0x00, 0x2F, 0xFD, 0x00, 0x00, 0xBF, 0xFF, 0x40, 0x00, 0xFD, 0x6F, 0xC0,
    0x01, 0xE0, 0x03, 0xD0, 0x03, 0xC0, 0x01, 0xD0, 0x01, 0x40, 0x00, 0x90, 0x00, 0x00, 0x00, 0x00,
    0x00, 0x00, 0x05, 0x40, 0x7F, 0xF0, 0x7F, 0xF4, 0xBF, 0xF5, 0xFF, 0xFC, 0x0B, 0xFB, 0xD3, 0xFC,
    0x03, 0xFF, 0x03, 0xFC, 0x03, 0xFD, 0x07, 0xFC, 0x03, 0xFC, 0x01, 0xA0, 0x03, 0xFC, 0x00, 0x00,
    0x03, 0xFC, 0x00, 0x00, 0x03, 0xFC, 0x00, 0x00, 0x03, 0xFC, 0x00, 0x00, 0x03, 0xFC, 0x00, 0x00,
    0x03, 0xFC, 0x00, 0x00, 0x03, 0xFC, 0x00, 0x00, 0x03, 0xFC, 0x00, 0x00, 0x03, 0xFD, 0x00, 0x00,
    0x3F, 0xFF, 0xF4, 0x00, 0x7F, 0xFF, 0xF4, 0x00, 0x00, 0x00, 0x00, 0x00, 0x00, 0x00, 0x00, 0x1F,
    0x00, 0xF4, 0x00, 0x00, 0x00, 0x0B, 0xF0, 0x7F, 0x40, 0x00, 0x00, 0x02, 0xFF, 0x0F, 0xF0, 0x00,
    0x00, 0x00, 0x2F, 0xF0, 0xFF, 0x00, 0x00, 0x00, 0x00, 0xBF, 0x07, 0xF0, 0x00, 0x00, 0x00, 0x01,
    0x80, 0x1C, 0x00, 0x00, 0x00, 0x00, 0x00, 0x00, 0x00, 0x00, 0x15, 0x55, 0x50, 0x00, 0x55, 0x55,
    0x2F, 0xFF, 0xFC, 0x00, 0x3F, 0xFF, 0xD6, 0xFF, 0xFA, 0x00, 0x06, 0xFF, 0xE0, 0x0F, 0xF4, 0x00,
    0x00, 0x0F, 0x80, 0x02, 0xFD, 0x00, 0x00, 0x03, 0xE0, 0x00, 0xBF, 0x40, 0x00, 0x00, 0xF8, 0x00,
    0x2F, 0xD0, 0x00, 0x00, 0x3E, 0x00, 0x0B, 0xF4, 0x00, 0x00, 0x0F, 0x80, 0x02, 0xFD, 0x00, 0x00,
    0x03, 0xE0, 0x00, 0xBF, 0x40, 0x00, 0x00, 0xF8, 0x00, 0x2F, 0xD0, 0x00, 0x00, 0x3E, 0x00, 0x0B,
    0xF4, 0x00, 0x00, 0x0F, 0x80, 0x02, 0xFD, 0x00, 0x00, 0x03, 0xE0, 0x00, 0xBF, 0x40, 0x00, 0x00,
    0xF8, 0x00, 0x2F, 0xD0, 0x00, 0x00, 0x3E, 0x00, 0x0B, 0xF4, 0x00, 0x00, 0x0F, 0x80, 0x02, 0xFD,
    0x00, 0x00, 0x03, 0xD0, 0x00, 0xBF, 0x80, 0x00, 0x01, 0xF4, 0x00, 0x1F, 0xF0, 0x00, 0x00, 0xBC,
    0x00, 0x03, 0xFC, 0x00, 0x00, 0x3E, 0x00, 0x00, 0xBF, 0xC0, 0x00, 0x3F, 0x40, 0x00, 0x0F, 0xFE,
    0x55, 0xBF, 0x80, 0x00, 0x00, 0xFF, 0xFF, 0xFF, 0x80, 0x00, 0x00, 0x0B, 0xFF, 0xFF, 0x40, 0x00,
    0x00, 0x00, 0x05, 0x54, 0x00, 0x00, 0x00, 0x02, 0xC0, 0x78, 0x00, 0x00, 0x01, 0xFC, 0x3F, 0x40,
    0x00, 0x00, 0x3F, 0x8B, 0xF0, 0x00, 0x00, 0x07, 0xF4, 0xFE, 0x00, 0x00, 0x00, 0x3F, 0x0B, 0xC0,
    0x00, 0x00, 0x02, 0xE0, 0x7C, 0x00, 0x00, 0x00, 0x10, 0x05, 0x00, 0x00, 0x00, 0x00, 0x00, 0x00,
    0x00, 0x00, 0x00, 0x00, 0x00, 0x00, 0x0F, 0xFF, 0x00, 0x3F, 0xFC, 0x03, 0xFF, 0xC0, 0x0F, 0xFF,
    0x00, 0x1F, 0xF0, 0x00, 0x7F, 0xC0, 0x02, 0xFC, 0x00, 0x0F, 0xF0, 0x00, 0xBF, 0x00, 0x03, 0xFC,
    0x00, 0x2F, 0xC0, 0x00, 0xFF, 0x00, 0x0B, 0xF0, 0x00, 0x3F, 0xC0, 0x02, 0xFC, 0x00, 0x0F, 0xF0,
    0x00, 0xBF, 0x00, 0x03, 0xFC, 0x00, 0x2F, 0xC0, 0x00, 0xFF, 0x00, 0x0B, 0xF0, 0x00, 0x3F, 0xC0,
    0x02, 0xFC, 0x00, 0x0F, 0xF0, 0x00, 0xBF, 0x40, 0x07, 0xFC, 0x00, 0x1F, 0xE0, 0x03, 0xFF, 0x00,
    0x03, 0xFE, 0x5B, 0xFF, 0xD0, 0x00, 0xBF, 0xFF, 0xD7, 0xFF, 0x80, 0x0B, 0xFF, 0xD0, 0xFF, 0xE0,
    0x00, 0x15, 0x00, 0x00, 0x00, 0x00, 0x00, 0x00, 0x00, 0x00, 0x00, 0x00, 0x00, 0x01, 0xFF, 0x40,
    0x00, 0x00, 0x00, 0x03, 0xFF, 0xF8, 0x00, 0x00, 0x00, 0x02, 0xFF, 0xFF, 0x40, 0x00, 0x00, 0x00,
    0xF8, 0x02, 0xF0, 0x00, 0x00, 0x00, 0x78, 0x00, 0x3C, 0x00, 0x00, 0x00, 0x1C, 0x00, 0x07, 0x40,
    0x00, 0x00, 0x00, 0x00, 0x00, 0x00, 0x00, 0x15, 0x55, 0x50, 0x00, 0x55, 0x55, 0x2F, 0xFF, 0xFC,
    0x00, 0x3F, 0xFF, 0xD6, 0xFF, 0xFA, 0x00, 0x06, 0xFF, 0xE0, 0x0F, 0xF4, 0x00, 0x00, 0x0F, 0x80,
    0x02, 0xFD, 0x00, 0x00, 0x03, 0xE0, 0x00, 0xBF, 0x40, 0x00, 0x00, 0xF8, 0x00, 0x2F, 0xD0, 0x00,
    0x00, 0x3E, 0x00, 0x0B, 0xF4, 0x00, 0x00, 0x0F, 0x80, 0x02, 0xFD, 0x00, 0x00, 0x03, 0xE0, 0x00,
    0xBF, 0x40, 0x00, 0x00, 0xF8, 0x00, 0x2F, 0xD0, 0x00, 0x00, 0x3E, 0x00, 0x0B, 0xF4, 0x00, 0x00,
    0x0F, 0x80, 0x02, 0xFD, 0x00, 0x00, 0x03, 0xE0, 0x00, 0xBF, 0x40, 0x00, 0x00, 0xF8, 0x00, 0x2F,
    0xD0, 0x00, 0x00, 0x3E, 0x00, 0x0B, 0xF4, 0x00, 0x00, 0x0F, 0x80, 0x02, 0xFD, 0x00, 0x00, 0x03,
    0xD0, 0x00, 0xBF, 0x80, 0x00, 0x01, 0xF4, 0x00, 0x1F, 0xF0, 0x00, 0x00, 0xBC, 0x00, 0x03, 0xFC,
    0x00, 0x00, 0x3E, 0x00, 0x00, 0xBF, 0xC0, 0x00, 0x3F, 0x40, 0x00, 0x0F, 0xFE, 0x55, 0xBF, 0x80,
    0x00, 0x00, 0xFF, 0xFF, 0xFF, 0x80, 0x00, 0x00, 0x0B, 0xFF, 0xFF, 0x40, 0x00, 0x00, 0x00, 0x05,
    0x54, 0x00, 0x00, 0x00, 0x00, 0x00, 0x59, 0x00, 0x00, 0x00, 0x00, 0xBF, 0xF4, 0x00, 0x00, 0x00,
    0xBF, 0xFF, 0x00, 0x00, 0x00, 0x7E, 0x5B, 0xE0, 0x00, 0x00, 0x2E, 0x00, 0x7C, 0x00, 0x00, 0x0F,
    0x00, 0x0B, 0x40, 0x00, 0x02, 0x40, 0x00, 0x80, 0x00, 0x00, 0x00, 0x00, 0x00, 0x00, 0x00, 0x00,
    0x00, 0x00, 0x00, 0x0F, 0xFF, 0x00, 0x3F, 0xFC, 0x03, 0xFF, 0xC0, 0x0F, 0xFF, 0x00, 0x1F, 0xF0,
    0x00, 0x7F, 0xC0, 0x02, 0xFC, 0x00, 0x0F, 0xF0, 0x00, 0xBF, 0x00, 0x03, 0xFC, 0x00, 0x2F, 0xC0,
    0x00, 0xFF, 0x00, 0x0B, 0xF0, 0x00, 0x3F, 0xC0, 0x02, 0xFC, 0x00, 0x0F, 0xF0, 0x00, 0xBF, 0x00,
    0x03, 0xFC, 0x00, 0x2F, 0xC0, 0x00, 0xFF, 0x00, 0x0B, 0xF0, 0x00, 0x3F, 0xC0, 0x02, 0xFC, 0x00,
    0x0F, 0xF0, 0x00, 0xBF, 0x40, 0x07, 0xFC, 0x00, 0x1F, 0xE0, 0x03, 0xFF, 0x00, 0x03, 0xFE, 0x5B,
    0xFF, 0xD0, 0x00, 0xBF, 0xFF, 0xD7, 0xFF, 0x80, 0x0B, 0xFF, 0xD0, 0xFF, 0xE0, 0x00, 0x15, 0x00,
    0x00, 0x00, 0x00, 0x0A, 0xF9, 0x0B, 0x00, 0x0B, 0xFF, 0xFD, 0xF0, 0x03, 0xFE, 0x5B, 0xFF, 0x40,
    0xBF, 0x00, 0x0B, 0xF4, 0x0F, 0xD0, 0x00, 0x2F, 0x41, 0xFD, 0x00, 0x00, 0xF8, 0x2F, 0xD0, 0x00,
    0x0B, 0x82, 0xFF, 0x00, 0x00, 0x10, 0x1F, 0xF8, 0x00, 0x00, 0x00, 0xFF, 0xF8, 0x00, 0x00, 0x07,
    0xFF, 0xFD, 0x00, 0x00, 0x2F, 0xFF, 0xFE, 0x00, 0x00, 0x7F, 0xFF, 0xFD, 0x00, 0x00, 0x2F, 0xFF,
    0xF0, 0x00, 0x00, 0x1B, 0xFF, 0xC0, 0x00, 0x00, 0x0F, 0xFC, 0x00, 0x00, 0x00, 0x3F, 0xD3, 0xC0,
    0x00, 0x02, 0xFD, 0x3E, 0x00, 0x00, 0x2F, 0xC3, 0xF4, 0x00, 0x02, 0xFC, 0x3F, 0xD0, 0x00, 0x3F,
    0x83, 0xFF, 0x80, 0x1F, 0xF0, 0x3E, 0xFF, 0xFF, 0xFC, 0x02, 0xC2, 0xFF, 0xFE, 0x00, 0x00, 0x00,
    0x55, 0x00, 0x00, 0x00, 0x00, 0x00, 0x00, 0x00, 0x02, 0xF8, 0x00, 0x00, 0x00, 0x3F, 0xD0, 0x00,
    0x00, 0x03, 0xFE, 0x00, 0x00, 0x00, 0x0B, 0xD0, 0x00, 0x00, 0x00, 0x7C, 0x00, 0x00, 0x00, 0x0F,
    0x40, 0x00, 0x00, 0x01, 0xD0, 0x00, 0x00, 0x00, 0x00, 0x00, 0x00, 0x00, 0x15, 0x01, 0x40, 0x2F,
    0xFF, 0xB8, 0x0F, 0xFA, 0xFF, 0xC2, 0xF8, 0x01, 0xFC, 0x3F, 0x00, 0x0B, 0xC3, 0xF4, 0x00, 0x3C,
    0x3F, 0xD0, 0x00, 0x03, 0xFF, 0xE4, 0x00, 0x0F, 0xFF, 0xF8, 0x00, 0x3F, 0xFF, 0xF4, 0x00, 0x6F,
    0xFF, 0xC0, 0x00, 0x0B, 0xFD, 0x14, 0x00, 0x0F, 0xE7, 0xC0, 0x00, 0xBE, 0x7E, 0x00, 0x0F, 0xD3,
    0xF8, 0x01, 0xFC, 0x3F, 0xFE, 0xFF, 0x43, 0xEF, 0xFF, 0xC0, 0x14, 0x15, 0x40, 0x00, 0x00, 0x00,
    0x00, 0x00, 0x2F, 0x80, 0x00, 0x03, 0xFC, 0x00, 0x00, 0x3F, 0xD0, 0x00, 0x01, 0xBC, 0x00, 0x00,
    0x07, 0xC0, 0x00, 0x00, 0xF4, 0x00, 0x00, 0x2D, 0x00, 0x00, 0x00, 0x00, 0x00, 0x05, 0x55, 0x55,
    0x55, 0x55, 0x40, 0xBF, 0xFF, 0xFF, 0xFF, 0xFF, 0x43, 0xFF, 0xEB, 0xFF, 0xBF, 0xFE, 0x0F, 0xE0,
    0x0B, 0xF4, 0x03, 0xFC, 0x7F, 0x00, 0x2F, 0xD0, 0x03, 0xF1, 0xF4, 0x00, 0xBF, 0x40, 0x0B, 0xCB,
    0xC0, 0x02, 0xFD, 0x00, 0x0F, 0x5A, 0x00, 0x0B, 0xF4, 0x00, 0x38, 0x00, 0x00, 0x2F, 0xD0, 0x00,
    0x00, 0x00, 0x00, 0xBF, 0x40, 0x00, 0x00, 0x00, 0x02, 0xFD, 0x00, 0x00, 0x00, 0x00, 0x0B, 0xF4,
    0x00, 0x00, 0x00, 0x00, 0x2F, 0xD0, 0x00, 0x00, 0x00, 0x00, 0xBF, 0x40, 0x00, 0x00, 0x00, 0x02,
    0xFD, 0x00, 0x00, 0x00, 0x00, 0x0B, 0xF4, 0x00, 0x00, 0x00, 0x00, 0x2F, 0xD0, 0x00, 0x00, 0x00,
    0x00, 0xBF, 0x40, 0x00, 0x00, 0x00, 0x02, 0xFD, 0x00, 0x00, 0x00, 0x00, 0x0B, 0xF4, 0x00, 0x00,
    0x00, 0x00, 0x2F, 0xD0, 0x00, 0x00, 0x00, 0x01, 0xFF, 0x80, 0x00, 0x00, 0x01, 0xFF, 0xFF, 0xFC,
    0x00, 0x00, 0x07, 0xFF, 0xFF, 0xF0, 0x00, 0x00, 0x00, 0x00, 0x00, 0x00, 0x00, 0x00, 0x00, 0x00,
    0x00, 0x00, 0x00, 0x00, 0x01, 0xFC, 0x00, 0x00, 0x00, 0x00, 0x0F, 0xF4, 0x00, 0x00, 0x00, 0x00,
    0x3F, 0xE0, 0x00, 0x00, 0x00, 0x00, 0x1F, 0x40, 0x00, 0x00, 0x00, 0x00, 0x3C, 0x00, 0x00, 0x00,
    0x00, 0x03, 0xE0, 0x00, 0x00, 0x00, 0x00, 0x1E, 0x00, 0x00, 0x00, 0x00, 0x00, 0x00, 0x00, 0x00,
    0x00, 0x00, 0xA4, 0x00, 0x00, 0x3D, 0x00, 0x00, 0x1F, 0x40, 0x00, 0x0B, 0xD0, 0x00, 0x03, 0xF4,
    0x00, 0x02, 0xFD, 0x00, 0x0B, 0xFF, 0xFF, 0xE3, 0xFF, 0xFF, 0xF8, 0x5B, 0xF9, 0x54, 0x01, 0xFD,
    0x00, 0x00, 0x7F, 0x40, 0x00, 0x1F, 0xD0, 0x00, 0x07, 0xF4, 0x00, 0x01, 0xFD, 0x00, 0x00, 0x7F,
    0x40, 0x00, 0x1F, 0xD0, 0x00, 0x07, 0xF4, 0x00, 0x01, 0xFD, 0x00, 0x00, 0x7F, 0x80, 0x00, 0x1F,
    0xE0, 0x00, 0x03, 0xFE, 0x5B, 0x40, 0xBF, 0xFF, 0xC0, 0x0B, 0xFF, 0x80, 0x00, 0x15, 0x00, 0x00,
    0x00, 0x00, 0x00, 0x07, 0xF0, 0x00, 0x03, 0xFE, 0x00, 0x00, 0xBF, 0xC0, 0x00, 0x07, 0xE0, 0x00,
    0x00, 0xF4, 0x00, 0x00, 0xB8, 0x00, 0x00, 0x38, 0x00, 0x00, 0x00, 0x00, 0x00, 0x00, 0x01, 0x55,
    0x55, 0x00, 0x00, 0x00, 0x1F, 0xFF, 0xFE, 0x00, 0x00, 0x00, 0x7F, 0xFF, 0xF8, 0x00, 0x00, 0x00,
    0x55, 0x55, 0x50, 0x00, 0x00, 0x00, 0x00, 0x00, 0x00, 0x00, 0x00, 0x05, 0x00, 0x14, 0x00, 0x00,
    0x00, 0xBF, 0x42, 0xFD, 0x00, 0x00, 0x03, 0xFE, 0x0F, 0xF8, 0x00, 0x00, 0x0F, 0xF8, 0x3F, 0xE0,
    0x00, 0x00, 0x1F, 0xC0, 0x7F, 0x00, 0x00, 0x00, 0x00, 0x00, 0x00, 0x00, 0x00, 0x00, 0x00, 0x00,
    0x00, 0x00, 0x00, 0x00, 0x6B, 0xE9, 0x00, 0x00, 0x00, 0x2F, 0xFF, 0xFF, 0x80, 0x00, 0x03, 0xFF,
    0xAB, 0xFF, 0xC0, 0x00, 0x7F, 0xD0, 0x01, 0xFF, 0xC0, 0x03, 0xFC, 0x00, 0x00, 0xFF, 0xC0, 0x2F,
    0xD0, 0x00, 0x00, 0xFF, 0x80, 0xFF, 0x00, 0x00, 0x02, 0xFF, 0x0B, 0xF4, 0x00, 0x00, 0x03, 0xFD,
    0x3F, 0xC0, 0x00, 0x00, 0x0F, 0xF8, 0xFF, 0x00, 0x00, 0x00, 0x2F, 0xF7, 0xFC, 0x00, 0x00, 0x00,
    0xBF, 0xDF, 0xF0, 0x00, 0x00, 0x01, 0xFF, 0x7F, 0xC0, 0x00, 0x00, 0x07, 0xFD, 0xFF, 0x00, 0x00,
    0x00, 0x1F, 0xF7, 0xFC, 0x00, 0x00, 0x00, 0xBF, 0x8F, 0xF0, 0x00, 0x00, 0x02, 0xFE, 0x3F, 0xD0,
    0x00, 0x00, 0x0F, 0xF0, 0xBF, 0xC0, 0x00, 0x00, 0x3F, 0xC0, 0xFF, 0x40, 0x00, 0x01, 0xFD, 0x02,
    0xFF, 0x00, 0x00, 0x0F, 0xF0, 0x03, 0xFF, 0x00, 0x00, 0xFF, 0x00, 0x03, 0xFF, 0x80, 0x2F, 0xF4,
    0x00, 0x03, 0xFF, 0xFF, 0xFF, 0x00, 0x00, 0x01, 0xFF, 0xFF, 0xD0, 0x00, 0x00, 0x00, 0x15, 0x50,
    0x00, 0x00, 0x00, 0x55, 0x55, 0x50, 0x00, 0x0F, 0xFF, 0xFF, 0x00, 0x00, 0xFF, 0xFF, 0xF0, 0x00,
    0x05, 0x55, 0x55, 0x00, 0x00, 0x00, 0x00, 0x00, 0x00, 0x00, 0x00, 0x00, 0x00, 0x00, 0xFC, 0x03,
    0xF0, 0x00, 0x2F, 0xF0, 0xFF, 0x80, 0x03, 0xFF, 0x0F, 0xF8, 0x00, 0x1F, 0xD0, 0xBF, 0x40, 0x00,
    0x54, 0x01, 0x40, 0x00, 0x00, 0x00, 0x00, 0x00, 0x00, 0x00, 0x00, 0x00, 0x00, 0x00, 0x15, 0x40,
    0x00, 0x00, 0x7F, 0xFF, 0xD0, 0x00, 0x2F, 0xFF, 0xFF, 0xC0, 0x0B, 0xF4, 0x03, 0xFF, 0x01, 0xFE,
    0x00, 0x0F, 0xF4, 0x3F, 0xC0, 0x00, 0x7F, 0xC3, 0xF8, 0x00, 0x03, 0xFC, 0x7F, 0x80, 0x00, 0x3F,
    0xD7, 0xF8, 0x00, 0x02, 0xFD, 0xBF, 0x80, 0x00, 0x2F, 0xDB, 0xF8, 0x00, 0x02, 0xFD, 0x7F, 0x80,
    0x00, 0x2F, 0xD7, 0xFC, 0x00, 0x03, 0xFC, 0x3F, 0xD0, 0x00, 0x3F, 0x82, 0xFF, 0x00, 0x0B, 0xF0,
    0x0F, 0xFC, 0x02, 0xFE, 0x00, 0x3F, 0xFF, 0xFF, 0x80, 0x00, 0xBF, 0xFF, 0xD0, 0x00, 0x00, 0x15,
    0x40, 0x00, 0x00, 0x01, 0x55, 0x55, 0x00, 0x00, 0x00, 0x1F, 0xFF, 0xFE, 0x00, 0x00, 0x00, 0x7F,
    0xFF, 0xF8, 0x00, 0x00, 0x00, 0x55, 0x55, 0x50, 0x00, 0x00, 0x00, 0x00, 0x00, 0x00, 0x00, 0x00,
    0x00, 0x40, 0x00, 0x00, 0x00, 0x00, 0x1F, 0xF4, 0x08, 0x00, 0x00, 0x00, 0xFF, 0xFE, 0xF4, 0x00,
    0x00, 0x0B, 0xAF, 0xFF, 0x80, 0x00, 0x00, 0x14, 0x07, 0xFC, 0x00, 0x00, 0x00, 0x00, 0x00, 0x00,
    0x00, 0x00, 0x00, 0x00, 0x00, 0x00, 0x00, 0x00, 0x00, 0x6B, 0xE9, 0x00, 0x00, 0x00, 0x2F, 0xFF,
    0xFF, 0x80, 0x00, 0x03, 0xFF, 0xAB, 0xFF, 0xC0, 0x00, 0x7F, 0xD0, 0x01, 0xFF, 0xC0, 0x03, 0xFC,
    0x00, 0x00, 0xFF, 0xC0, 0x2F, 0xD0, 0x00, 0x00, 0xFF, 0x80, 0xFF, 0x00, 0x00, 0x02, 0xFF, 0x0B,
    0xF4, 0x00, 0x00, 0x03, 0xFD, 0x3F, 0xC0, 0x00, 0x00, 0x0F, 0xF8, 0xFF, 0x00, 0x00, 0x00, 0x2F,
    0xF7, 0xFC, 0x00, 0x00, 0x00, 0xBF, 0xDF, 0xF0, 0x00, 0x00, 0x01, 0xFF, 0x7F, 0xC0, 0x00, 0x00,
    0x07, 0xFD, 0xFF, 0x00, 0x00, 0x00, 0x1F, 0xF7, 0xFC, 0x00, 0x00, 0x00, 0xBF, 0x8F, 0xF0, 0x00,
    0x00, 0x02, 0xFE, 0x3F, 0xD0, 0x00, 0x00, 0x0F, 0xF0, 0xBF, 0xC0, 0x00, 0x00, 0x3F, 0xC0, 0xFF,
    0x40, 0x00, 0x01, 0xFD, 0x02, 0xFF, 0x00, 0x00, 0x0F, 0xF0, 0x03, 0xFF, 0x00, 0x00, 0xFF, 0x00,
    0x03, 0xFF, 0x80, 0x2F, 0xF4, 0x00, 0x03, 0xFF, 0xFF, 0xFF, 0x00, 0x00, 0x01, 0xFF, 0xFF, 0xD0,
    0x00, 0x00, 0x00, 0x15, 0x50, 0x00, 0x00, 0x00, 0x55, 0x55, 0x50, 0x00, 0x0F, 0xFF, 0xFF, 0x00,
    0x00, 0xFF, 0xFF, 0xF0, 0x00, 0x05, 0x55, 0x55, 0x00, 0x00, 0x00, 0x00, 0x00, 0x00, 0x00, 0x00,
    0x00, 0x00, 0x00, 0x2F, 0x80, 0x10, 0x00, 0x0B, 0xFF, 0xDB, 0x80, 0x01, 0xFF, 0xFF, 0xF0, 0x00,
    0x1C, 0x1B, 0xFD, 0x00, 0x00, 0x00, 0x05, 0x00, 0x00, 0x00, 0x00, 0x00, 0x00, 0x00, 0x00, 0x00,
    0x00, 0x00, 0x00, 0x15, 0x40, 0x00, 0x00, 0x7F, 0xFF, 0xD0, 0x00, 0x2F, 0xFF, 0xFF, 0xC0, 0x0B,
    0xF4, 0x03, 0xFF, 0x01, 0xFE, 0x00, 0x0F, 0xF4, 0x3F, 0xC0, 0x00, 0x7F, 0xC3, 0xF8, 0x00, 0x03,
    0xFC, 0x7F, 0x80, 0x00, 0x3F, 0xD7, 0xF8, 0x00, 0x02, 0xFD, 0xBF, 0x80, 0x00, 0x2F, 0xDB, 0xF8,
    0x00, 0x02, 0xFD, 0x7F, 0x80, 0x00, 0x2F, 0xD7, 0xFC, 0x00, 0x03, 0xFC, 0x3F, 0xD0, 0x00, 0x3F,
    0x82, 0xFF, 0x00, 0x0B, 0xF0, 0x0F, 0xFC, 0x02, 0xFE, 0x00, 0x3F, 0xFF, 0xFF, 0x80, 0x00, 0xBF,
    0xFF, 0xD0, 0x00, 0x00, 0x15, 0x40, 0x00, 0x00, 0x01, 0x55, 0x55, 0x00, 0x00, 0x00, 0x1F, 0xFF,
    0xFE, 0x00, 0x00, 0x00, 0x7F, 0xFF, 0xF8, 0x00, 0x00, 0x00, 0x55, 0x55, 0x50, 0x00, 0x00, 0x00,
    0x00, 0x00, 0x00, 0x00, 0x00, 0x00, 0x19, 0x00, 0x00, 0x00, 0x00, 0x01, 0xFF, 0x00, 0x00, 0x00,
    0x00, 0x0F, 0xFD, 0x00, 0x00, 0x00, 0x00, 0x2F, 0xF4, 0x00, 0x00, 0x00, 0x00, 0x3F, 0x80, 0x00,
    0x00, 0x00, 0x00, 0x00, 0x00, 0x00, 0x00, 0x00, 0x00, 0x00, 0x00, 0x00, 0x00, 0x00, 0x6B, 0xE9,
    0x00, 0x00, 0x00, 0x2F, 0xFF, 0xFF, 0x80, 0x00, 0x03, 0xFF, 0xAB, 0xFF, 0xC0, 0x00, 0x7F, 0xD0,
    0x01, 0xFF, 0xC0, 0x03, 0xFC, 0x00, 0x00, 0xFF, 0xC0, 0x2F, 0xD0, 0x00, 0x00, 0xFF, 0x80, 0xFF,
    0x00, 0x00, 0x02, 0xFF, 0x0B, 0xF4, 0x00, 0x00, 0x03, 0xFD, 0x3F, 0xC0, 0x00, 0x00, 0x0F, 0xF8,
    0xFF, 0x00, 0x00, 0x00, 0x2F, 0xF7, 0xFC, 0x00, 0x00, 0x00, 0xBF, 0xDF, 0xF0, 0x00, 0x00, 0x01,
    0xFF, 0x7F, 0xC0, 0x00, 0x00, 0x07, 0xFD, 0xFF, 0x00, 0x00, 0x00, 0x1F, 0xF7, 0xFC, 0x00, 0x00,
    0x00, 0xBF, 0x8F, 0xF0, 0x00, 0x00, 0x02, 0xFE, 0x3F, 0xD0, 0x00, 0x00, 0x0F, 0xF0, 0xBF, 0xC0,
    0x00, 0x00, 0x3F, 0xC0, 0xFF, 0x40, 0x00, 0x01, 0xFD, 0x02, 0xFF, 0x00, 0x00, 0x0F, 0xF0, 0x03,
    0xFF, 0x00, 0x00, 0xFF, 0x00, 0x03, 0xFF, 0x80, 0x2F, 0xF4, 0x00, 0x03, 0xFF, 0xFF, 0xFF, 0x00,
    0x00, 0x01, 0xFF, 0xFF, 0xD0, 0x00, 0x00, 0x00, 0x15, 0x50, 0x00, 0x00, 0x00, 0x55, 0x55, 0x50,
    0x00, 0x0F, 0xFF, 0xFF, 0x00, 0x00, 0xFF, 0xFF, 0xF0, 0x00, 0x05, 0x55, 0x55, 0x00, 0x00, 0x00,
    0x00, 0x00, 0x00, 0x00, 0x05, 0x00, 0x00, 0x00, 0x03, 0xFC, 0x00, 0x00, 0x00, 0xBF, 0xD0, 0x00,
    0x00, 0x0B, 0xFD, 0x00, 0x00, 0x00, 0x3F, 0xC0, 0x00, 0x00, 0x00, 0x50, 0x00, 0x00, 0x00, 0x00,
    0x00, 0x00, 0x00, 0x00, 0x00, 0x00, 0x00, 0x00, 0x15, 0x40, 0x00, 0x00, 0x7F, 0xFF, 0xD0, 0x00,
    0x2F, 0xFF, 0xFF, 0xC0, 0x0B, 0xF4, 0x03, 0xFF, 0x01, 0xFE, 0x00, 0x0F, 0xF4, 0x3F, 0xC0, 0x00,
    0x7F, 0xC3, 0xF8, 0x00, 0x03, 0xFC, 0x7F, 0x80, 0x00, 0x3F, 0xD7, 0xF8, 0x00, 0x02, 0xFD, 0xBF,
    0x80, 0x00, 0x2F, 0xDB, 0xF8, 0x00, 0x02, 0xFD, 0x7F, 0x80, 0x00, 0x2F, 0xD7, 0xFC, 0x00, 0x03,
    0xFC, 0x3F, 0xD0, 0x00, 0x3F, 0x82, 0xFF, 0x00, 0x0B, 0xF0, 0x0F, 0xFC, 0x02, 0xFE, 0x00, 0x3F,
    0xFF, 0xFF, 0x80, 0x00, 0xBF, 0xFF, 0xD0, 0x00, 0x00, 0x15, 0x40, 0x00, 0x00, 0x00, 0x55, 0x55,
    0x40, 0x00, 0x00, 0x00, 0xFF, 0xFF, 0xE0, 0x00, 0x00, 0x00, 0xFF, 0xFF, 0xE0, 0x00, 0x00, 0x00,
    0x55, 0x55, 0x50, 0x00, 0x00, 0x00, 0x00, 0x00, 0x00, 0x00, 0x00, 0x00, 0x00, 0x00, 0x00, 0x00,
    0x15, 0x55, 0x50, 0x01, 0x55, 0x54, 0x7F, 0xFF, 0xF4, 0x03, 0xFF, 0xFE, 0x2F, 0xFF, 0xE0, 0x01,
    0xBF, 0xF9, 0x03, 0xFF, 0x00, 0x00, 0x1F, 0x80, 0x00, 0xFF, 0x00, 0x00, 0x2F, 0x00, 0x00, 0xBF,
    0xC0, 0x00, 0x7D, 0x00, 0x00, 0x3F, 0xD0, 0x00, 0xFC, 0x00, 0x00, 0x1F, 0xF0, 0x01, 0xF4, 0x00,
    0x00, 0x0B, 0xF8, 0x03, 0xE0, 0x00, 0x00, 0x03, 0xFD, 0x0B, 0xC0, 0x00, 0x00, 0x01, 0xFF, 0x0F,
    0x40, 0x00, 0x00, 0x00, 0xFF, 0xBF, 0x00, 0x00, 0x00, 0x00, 0x3F, 0xFC, 0x00, 0x00, 0x00, 0x00,
    0x2F, 0xF8, 0x00, 0x00, 0x00, 0x00, 0x0F, 0xF0, 0x00, 0x00, 0x00, 0x00, 0x0F, 0xF0, 0x00, 0x00,
    0x00, 0x00, 0x0F, 0xF0, 0x00, 0x00, 0x00, 0x00, 0x0F, 0xF0, 0x00, 0x00, 0x00, 0x00, 0x0F, 0xF0,
    0x00, 0x00, 0x00, 0x00, 0x0F, 0xF0, 0x00, 0x00, 0x00, 0x00, 0x0F, 0xF0, 0x00, 0x00, 0x00, 0x00,
    0x1F, 0xF4, 0x00, 0x00, 0x00, 0x03, 0xFF, 0xFF, 0xC0, 0x00, 0x00, 0x03, 0xFF, 0xFF, 0xC0, 0x00,
    0x00, 0x1F, 0xFF, 0xFD, 0x00, 0x00, 0x1F, 0xFF, 0xFD, 0x00, 0x00, 0x1F, 0xFF, 0xFD, 0x00, 0x00,
    0x00, 0x00, 0x00, 0x00, 0x00, 0x00, 0x00, 0x00, 0x00, 0x00, 0x00, 0x00, 0x00, 0x00, 0x00, 0x00,
    0x00, 0x00, 0x00, 0x7F, 0xFF, 0xC0, 0xBF, 0xFD, 0x7F, 0xFF, 0xC0, 0xFF, 0xFD, 0x0B, 0xFC, 0x00,
    0x0F, 0xE0, 0x03, 0xFC, 0x00, 0x0B, 0xC0, 0x02, 0xFD, 0x00, 0x0F, 0x40, 0x01, 0xFF, 0x00, 0x1F,
    0x00, 0x00, 0xFF, 0x00, 0x3E, 0x00, 0x00, 0x7F, 0x80, 0x3C, 0x00, 0x00, 0x3F, 0xC0, 0xBC, 0x00,
    0x00, 0x2F, 0xD0, 0xF4, 0x00, 0x00, 0x0F, 0xF1, 0xF0, 0x00, 0x00, 0x0B, 0xF3, 0xD0, 0x00, 0x00,
    0x07, 0xFF, 0xC0, 0x00, 0x00, 0x03, 0xFF, 0x80, 0x00, 0x00, 0x01, 0xFF, 0x00, 0x00, 0x00, 0x00,
    0xFF, 0x00, 0x00, 0x00, 0x00, 0xBD, 0x00, 0x00, 0x00, 0x00, 0xBC, 0x00, 0x00, 0x00, 0x00, 0xF8,
    0x00, 0x00, 0x09, 0x01, 0xF0, 0x00, 0x00, 0x7F, 0x43, 0xE0, 0x00, 0x00, 0xBF, 0x4B, 0xC0, 0x00,
    0x00, 0xBF, 0xAF, 0x40, 0x00, 0x00, 0x3F, 0xFD, 0x00, 0x00, 0x00, 0x06, 0x90, 0x00, 0x00, 0x00,
    0x00, 0x00, 0x2F, 0xFE, 0x3F, 0xFE, 0x06, 0xFE, 0x01, 0xFE, 0x00, 0xFE, 0x00, 0xFE, 0x00, 0xFE,
    0x00, 0xFE, 0x00, 0xFE, 0x00, 0xFE, 0x00, 0xFE, 0x00, 0xFE, 0x00, 0xFE, 0x00, 0xFE, 0x00, 0xFE,
    0x00, 0xFE, 0x00, 0xFD, 0x01, 0xFD, 0x01, 0xFC, 0x02, 0xFC, 0x03, 0xF4, 0x0B, 0xF0, 0x1F, 0xC0,
    0x2F, 0x00, 0x04, 0x00, 0x00, 0x01, 0x50, 0x01, 0x00, 0x00, 0x7F, 0xFF, 0x8F, 0x40, 0x02, 0xFF,
    0xFF, 0xFF, 0x40, 0x0B, 0xF8, 0x06, 0xFF, 0x40, 0x1F, 0xE0, 0x00, 0x7F, 0x40, 0x3F, 0xC0, 0x00,
    0x7F, 0x40, 0x3F, 0xC0, 0x00, 0x7F, 0x40, 0x7F, 0x80, 0x00, 0x7F, 0x40, 0x7F, 0x80, 0x00, 0x7F,
    0x40, 0xBF, 0x40, 0x00, 0x7F, 0x40, 0xBF, 0x80, 0x00, 0x7F, 0x40, 0x7F, 0x80, 0x00, 0x7F, 0x40,
    0x7F, 0xC0, 0x00, 0x7F, 0x40, 0x3F, 0xC0, 0x00, 0xFF, 0x40, 0x2F, 0xE0, 0x01, 0xFF, 0x80, 0x0F,
    0xFD, 0x1B, 0xFF, 0xC0, 0x07, 0xFF, 0xFF, 0x3F, 0xFE, 0x01, 0xFF, 0xF8, 0x1F, 0xFC, 0x00, 0x15,
    0x40, 0x01, 0x50, 0x00, 0x05, 0x40, 0x00, 0x02, 0xFF, 0xFE, 0x00, 0x0F, 0xFF, 0xFF, 0xC0, 0x3F,
    0xE6, 0xFF, 0xF0, 0x3C, 0x00, 0x1F, 0xF4, 0x00, 0x00, 0x0B, 0xFC, 0x00, 0x00, 0x03, 0xFD, 0x00,
    0x00, 0x02, 0xFD, 0x00, 0x00, 0x02, 0xFE, 0x3F, 0xFF, 0xFF, 0xFE, 0x3F, 0xFF, 0xFF, 0xFE, 0x7F,
    0x80, 0x02, 0xFD, 0x7F, 0x40, 0x02, 0xFC, 0x3F, 0x40, 0x03, 0xFC, 0x3F, 0x80, 0x07, 0xF4, 0x2F,
    0xD0, 0x0F, 0xE0, 0x0F, 0xFA, 0xBF, 0x80, 0x02, 0xFF, 0xFD, 0x00, 0x00, 0x15, 0x40, 0x00, 0x00,
    0x01, 0x50, 0x01, 0x00, 0x1F, 0xFF, 0xE3, 0xE0, 0x2F, 0xFF, 0xFF, 0xF8, 0x2F, 0xE0, 0x1B, 0xFE,
    0x1F, 0xE0, 0x00, 0x7F, 0x8F, 0xF0, 0x00, 0x1F, 0xE3, 0xFC, 0x00, 0x07, 0xF9, 0xFE, 0x00, 0x01,
    0xFE, 0x7F, 0x80, 0x00, 0x7F, 0xAF, 0xD0, 0x00, 0x1F, 0xEB, 0xF8, 0x00, 0x07, 0xF9, 0xFE, 0x00,
    0x01, 0xFE, 0x7F, 0xC0, 0x00, 0x7F, 0x8F, 0xF0, 0x00, 0x3F, 0xE2, 0xFF, 0x00, 0x2F, 0xF8, 0x3F,
    0xF5, 0x7F, 0xFE, 0x07, 0xFF, 0xFF, 0x7F, 0x80, 0x7F, 0xFE, 0x1F, 0xD0, 0x00, 0x50, 0x07, 0xF4,
    0x00, 0x00, 0x01, 0xFD, 0x0B, 0xC0, 0x00, 0xBF, 0x07, 0xF8, 0x00, 0x3F, 0x81, 0xFD, 0x00, 0x2F,
    0xC0, 0x3F, 0xE5, 0xBF, 0xC0, 0x07, 0xFF, 0xFF, 0x80, 0x00, 0x06, 0xA9, 0x00, 0x00, 0x00, 0x01,
    0xE0, 0x0F, 0xE0, 0x3F, 0xD0, 0x3F, 0xC0, 0x2F, 0x80, 0x0F, 0x40, 0x04, 0x00, 0x00, 0x00, 0x7C,
    0x00, 0xFD, 0x03, 0xFD, 0x0B, 0xF8, 0x1F, 0xC0, 0x3E, 0x00, 0x10, 0x00, 0x00, 0x00, 0x00, 0x00,
    0x7D, 0x00, 0x00, 0xFF, 0x00, 0x03, 0xFF, 0xC0, 0x0B, 0xEB, 0xE0, 0x1F, 0x81, 0xF4, 0x3D, 0x00,
    0x3C, 0x10, 0x00, 0x04, 0x0B, 0xE0, 0x04, 0x2F, 0xFF, 0x6E, 0x7F, 0xFF, 0xFC, 0x70, 0x6F, 0xF4,
    0x00, 0x01, 0x40, 0xBF, 0xFF, 0xEF, 0xFF, 0xFF, 0xFF, 0xFF, 0xF0, 0x24, 0x00, 0x18, 0x3C, 0x00,
    0x2C, 0x3E, 0x00, 0x7C, 0x1F, 0xEB, 0xF4, 0x0F, 0xFF, 0xF0, 0x03, 0xFF, 0x80, 0x00, 0x54, 0x00,
    0x05, 0x03, 0xFC, 0xBF, 0xDB, 0xFD, 0x3F, 0xC0, 0x50, 0x00, 0x00, 0x00, 0x3F, 0x00, 0xFC, 0xBF,
    0xC3, 0xFE, 0xFF, 0xC3, 0xFF, 0x7F, 0x41, 0xFD, 0x05, 0x00, 0x50, 0x00, 0x00, 0x00, 0xBF, 0xE0,
    0x3E, 0x6F, 0xC7, 0xD0, 0xFC, 0x3D, 0x0F, 0xC0, 0x07, 0xF4, 0x00, 0xFD, 0x00, 0x1F, 0x40, 0x01,
    0xF0, 0x00, 0x00, 0x00, 0x2F, 0xF8, 0x7D, 0x7E, 0xF8, 0x2F, 0xF4, 0x2F, 0xBC, 0x3E, 0x3F, 0xFC,
    0x06, 0x90, 0x02, 0xE0, 0x3C, 0x07, 0xF0, 0xFD, 0x0F, 0xF2, 0xFD, 0x2F, 0xC3, 0xF4, 0x3E, 0x0F,
    0xD0, 0xB4, 0x2E, 0x00, 0x10, 0x04, 0x00, 0x00, 0x00, 0x00, 0x38, 0x00, 0x2C, 0x2F, 0x00, 0xF8,
    0x0F, 0xC7, 0xF0, 0x07, 0xFF, 0xC0, 0x02, 0xFF, 0x40, 0x00, 0xBE, 0x00, 0x00, 0x28, 0x00, 0x3C,
    0x0B, 0x40, 0x7F, 0x0F, 0xC0, 0x7F, 0x4F, 0xF0, 0x2F, 0xC3, 0xF4, 0x07, 0xF0, 0xBC, 0x00, 0xB8,
    0x2E, 0x00, 0x10, 0x04, 0x00, 0x69, 0x00, 0x03, 0xFF, 0xC0, 0x0F, 0xFF, 0xF0, 0x1F, 0x96, 0xF8,
    0x3D, 0x00, 0x7C, 0x38, 0x00, 0x2C, 0x24, 0x00, 0x18, 0x01, 0x00, 0xB8, 0x1F, 0x03, 0xD0, 0x7F,
    0x47, 0xFC, 0x3F, 0xC0, 0xA0, 0x00, 0x00, 0x2F, 0x80, 0xFF, 0x43, 0xFE, 0x0B, 0xF8, 0x03, 0xD0,
    0x1F, 0x00, 0xF4, 0x1F, 0x81, 0xF8, 0x06, 0x00, 0x00, 0x0A, 0x43, 0xFD, 0x7F, 0xE7, 0xFD, 0x2F,
    0x80, 0x00, 0x2E, 0x00, 0xB8, 0xBF, 0x82, 0xFE, 0xFF, 0xC3, 0xFF, 0xBF, 0x82, 0xFE, 0x19, 0x00,
    0xA4, 0x00, 0x02, 0xF8, 0x3F, 0xC3, 0xFD, 0x1B, 0xC0, 0x7C, 0x0F, 0x42, 0xD0, 0x00, 0x00, 0x01,
    0x40, 0x03, 0x80, 0x0B, 0x40, 0x0F, 0xFC, 0x00, 0x7E, 0x00, 0x3F, 0x24, 0xBE, 0x7F, 0xFC, 0x0A,
    0xA0, 0x00, 0x10, 0x01, 0xF0, 0x0B, 0xC0, 0x2F, 0x40, 0x3F, 0x00, 0x7F, 0x00, 0x7F, 0xEC, 0x3F,
    0xFC, 0x0A, 0x90, 0x00, 0x00, 0x00, 0x38, 0x00, 0x2C, 0x3C, 0x00, 0x3C, 0x2F, 0x96, 0xF8, 0x0F,
    0xFF, 0xF0, 0x07, 0xFF, 0xC0, 0x00, 0x69, 0x00, 0x00, 0x00, 0x0F, 0xFF, 0xFF, 0xFF, 0xFF, 0xFA,
    0xAA, 0xAA, 0x00, 0x40, 0x0F, 0xD0, 0x7F, 0xC2, 0xFD, 0x0F, 0xD0, 0x7E, 0x02, 0xF0, 0x0F, 0x00,
    0x24, 0x00, 0x00, 0x00, 0x00, 0xD0, 0x0F, 0x40, 0xBC, 0x0B, 0xE0, 0x7F, 0x43, 0xFC, 0x1F, 0xE0,
    0x2F, 0x00, 0x00, 0x00, 0x59, 0x03, 0xF4, 0x0F, 0xD0, 0x3F, 0x40, 0xFF, 0xA1, 0xFF, 0xC1, 0xA8,
    0x00, 0x05, 0x00, 0xFF, 0x47, 0xFF, 0x1F, 0xFC, 0x3F, 0xF0, 0x7E, 0x00, 0x00, 0x00, 0x00, 0x00,
    0x00, 0x00, 0x00, 0x00, 0x00, 0x00, 0x00, 0x00, 0x19, 0x03, 0xFE, 0x1F, 0xFC, 0x7F, 0xF4, 0xBF,
    0xD0, 0x1F, 0x00, 0xF8, 0x07, 0xC0, 0x7D, 0x03, 0xD0, 0x04, 0x00, 0x01, 0xE0, 0x0F, 0xE0, 0x7F,
    0x83, 0xFC, 0x0F, 0xC0, 0xBC, 0x03, 0xC0, 0x09, 0x00, 0x00, 0x00, 0x00, 0x00, 0x00, 0x00, 0x3E,
    0x00, 0x00, 0x00, 0x2F, 0xD0, 0x00, 0xBD, 0x0F, 0xF2, 0xF8, 0x7F, 0xC7, 0xF1, 0xFF, 0x5F, 0xF2,
    0xF4, 0x7F, 0xD3, 0xF8, 0xF8, 0x0F, 0xF0, 0x14, 0x3C, 0x00, 0x50, 0x00, 0x04, 0x00, 0x00, 0x00,
    0x01, 0xE0, 0x00, 0x54, 0x00, 0x00, 0x00, 0x3F, 0x80, 0x3F, 0xF0, 0x00, 0x00, 0x07, 0xF8, 0x03,
    0xFF, 0x00, 0x00, 0x00, 0xFF, 0x00, 0xBF, 0xF8, 0x00, 0x00, 0x1F, 0xC0, 0x0F, 0xBF, 0xC0, 0x00,
    0x02, 0xF0, 0x01, 0xF2, 0xFD, 0x00, 0x00, 0x3C, 0x00, 0x2F, 0x1F, 0xE0, 0x00, 0x02, 0x00, 0x03,
    0xD0, 0xFF, 0x00, 0x00, 0x00, 0x00, 0x7C, 0x0B, 0xF4, 0x00, 0x00, 0x00, 0x0B, 0x80, 0x7F, 0x80,
    0x00, 0x00, 0x00, 0xF4, 0x03, 0xFC, 0x00, 0x00, 0x00, 0x1F, 0x00, 0x2F, 0xD0, 0x00, 0x00, 0x03,
    0xE0, 0x01, 0xFE, 0x00, 0x00, 0x00, 0x3D, 0x00, 0x0F, 0xF0, 0x00, 0x00, 0x0B, 0xEA, 0xAA, 0xFF,
    0x40, 0x00, 0x00, 0xFF, 0xFF, 0xFF, 0xFC, 0x00, 0x00, 0x0F, 0xAA, 0xAA, 0xBF, 0xC0, 0x00, 0x02,
    0xF0, 0x00, 0x02, 0xFE, 0x00, 0x00, 0x3E, 0x00, 0x00, 0x1F, 0xF0, 0x00, 0x07, 0xD0, 0x00, 0x00,
    0xFF, 0x00, 0x00, 0xBC, 0x00, 0x00, 0x0B, 0xF8, 0x00, 0x1F, 0xC0, 0x00, 0x00, 0xBF, 0xD0, 0x2F,
    0xFF, 0xE0, 0x00, 0xFF, 0xFF, 0xC2, 0xFF, 0xFE, 0x00, 0x0F, 0xFF, 0xFD, 0x0A, 0x80, 0xFF, 0xC3,
    0xFF, 0x4F, 0xFC, 0x2F, 0xE0, 0x19, 0x00, 0x01, 0xE0, 0x15, 0x55, 0x55, 0x55, 0x40, 0x0F, 0xE0,
    0xFF, 0xFF, 0xFF, 0xFF, 0x00, 0x7F, 0x82, 0xBF, 0xFA, 0xAF, 0xFD, 0x03, 0xFC, 0x00, 0x7F, 0xC0,
    0x02, 0xF8, 0x1F, 0xC0, 0x01, 0xFF, 0x00, 0x03, 0xF0, 0xBC, 0x00, 0x07, 0xFC, 0x00, 0x07, 0xC3,
    0xC0, 0x00, 0x1F, 0xF0, 0x00, 0x09, 0x09, 0x00, 0x00, 0x7F, 0xC0, 0x00, 0x00, 0x00, 0x00, 0x01,
    0xFF, 0x00, 0x2C, 0x00, 0x00, 0x00, 0x07, 0xFC, 0x00, 0xF0, 0x00, 0x00, 0x00, 0x1F, 0xF0, 0x0B,
    0xC0, 0x00, 0x00, 0x00, 0x7F, 0xFF, 0xFF, 0x00, 0x00, 0x00, 0x01, 0xFF, 0xFF, 0xFC, 0x00, 0x00,
    0x00, 0x07, 0xFD, 0x57, 0xF0, 0x00, 0x00, 0x00, 0x1F, 0xF0, 0x03, 0xC0, 0x00, 0x00, 0x00, 0x7F,
    0xC0, 0x0F, 0x00, 0x00, 0x00, 0x01, 0xFF, 0x00, 0x00, 0x00, 0x00, 0x00, 0x07, 0xFC, 0x00, 0x00,
    0x50, 0x00, 0x00, 0x1F, 0xF0, 0x00, 0x0B, 0xC0, 0x00, 0x00, 0x7F, 0xC0, 0x00, 0x3E, 0x00, 0x00,
    0x01, 0xFF, 0x00, 0x01, 0xF8, 0x00, 0x00, 0x0B, 0xFC, 0x00, 0x2F, 0xD0, 0x00, 0x03, 0xFF, 0xFF,
    0xFF, 0xFF, 0x40, 0x00, 0x0F, 0xFF, 0xFF, 0xFF, 0xFC, 0x01, 0xE0, 0x15, 0x55, 0x50, 0x00, 0x55,
    0x55, 0x40, 0x3F, 0x83, 0xFF, 0xFF, 0x80, 0x2F, 0xFF, 0xFC, 0x07, 0xF8, 0x2B, 0xFF, 0xE4, 0x01,
    0xBF, 0xFE, 0x80, 0xFF, 0x00, 0x1F, 0xF0, 0x00, 0x00, 0xFF, 0x40, 0x1F, 0xC0, 0x01, 0xFF, 0x00,
    0x00, 0x0B, 0xF4, 0x02, 0xF0, 0x00, 0x1F, 0xF0, 0x00, 0x00, 0xBF, 0x40, 0x3C, 0x00, 0x01, 0xFF,
    0x00, 0x00, 0x0B, 0xF4, 0x02, 0x40, 0x00, 0x1F, 0xF0, 0x00, 0x00, 0xBF, 0x40, 0x00, 0x00, 0x01,
    0xFF, 0x00, 0x00, 0x0B, 0xF4, 0x00, 0x00, 0x00, 0x1F, 0xF0, 0x00, 0x00, 0xBF, 0x40, 0x00, 0x00,
    0x01, 0xFF, 0x00, 0x00, 0x0F, 0xF4, 0x00, 0x00, 0x00, 0x1F, 0xFF, 0xFF, 0xFF, 0xFF, 0x40, 0x00,
    0x00, 0x01, 0xFF, 0xFF, 0xFF, 0xFF, 0xF4, 0x00, 0x00, 0x00, 0x1F, 0xF0, 0x00, 0x00, 0xFF, 0x40,
    0x00, 0x00, 0x01, 0xFF, 0x00, 0x00, 0x0B, 0xF4, 0x00, 0x00, 0x00, 0x1F, 0xF0, 0x00, 0x00, 0xBF,
    0x40, 0x00, 0x00, 0x01, 0xFF, 0x00, 0x00, 0x0B, 0xF4, 0x00, 0x00, 0x00, 0x1F, 0xF0, 0x00, 0x00,
    0xBF, 0x40, 0x00, 0x00, 0x01, 0xFF, 0x00, 0x00, 0x0B, 0xF4, 0x00, 0x00, 0x00, 0x1F, 0xF0, 0x00,
    0x00, 0xBF, 0x40, 0x00, 0x00, 0x01, 0xFF, 0x00, 0x00, 0x0F, 0xF4, 0x00, 0x00, 0x00, 0x2F, 0xF0,
    0x00, 0x00, 0xFF, 0x80, 0x00, 0x00, 0x3F, 0xFF, 0xF4, 0x01, 0xFF, 0xFF, 0xC0, 0x00, 0x03, 0xFF,
    0xFF, 0x80, 0x2F, 0xFF, 0xFC, 0x01, 0xE0, 0x15, 0x55, 0x54, 0x0F, 0xE0, 0xFF, 0xFF, 0xF0, 0x7F,
    0x82, 0xBF, 0xFE, 0x43, 0xFC, 0x00, 0x7F, 0xC0, 0x1F, 0xC0, 0x00, 0xFF, 0x00, 0xBC, 0x00, 0x03,
    0xFC, 0x03, 0xC0, 0x00, 0x0F, 0xF0, 0x09, 0x00, 0x00, 0x3F, 0xC0, 0x00, 0x00, 0x00, 0xFF, 0x00,
    0x00, 0x00, 0x03, 0xFC, 0x00, 0x00, 0x00, 0x0F, 0xF0, 0x00, 0x00, 0x00, 0x3F, 0xC0, 0x00, 0x00,
    0x00, 0xFF, 0x00, 0x00, 0x00, 0x03, 0xFC, 0x00, 0x00, 0x00, 0x0F, 0xF0, 0x00, 0x00, 0x00, 0x3F,
    0xC0, 0x00, 0x00, 0x00, 0xFF, 0x00, 0x00, 0x00, 0x03, 0xFC, 0x00, 0x00, 0x00, 0x0F, 0xF0, 0x00,
    0x00, 0x00, 0x3F, 0xC0, 0x00, 0x00, 0x00, 0xFF, 0x00, 0x00, 0x00, 0x0B, 0xFD, 0x00, 0x00, 0x03,
    0xFF, 0xFF, 0x80, 0x00, 0x0F, 0xFF, 0xFF, 0x01, 0xE0, 0x00, 0x01, 0xAF, 0xA4, 0x00, 0x00, 0x3F,
    0x80, 0x02, 0xFF, 0xFF, 0xF8, 0x00, 0x07, 0xFC, 0x00, 0xFF, 0xEA, 0xFF, 0xF0, 0x00, 0xFF, 0x00,
    0x7F, 0xD0, 0x01, 0xFF, 0xC0, 0x0F, 0xC0, 0x0F, 0xF0, 0x00, 0x03, 0xFF, 0x02, 0xF0, 0x02, 0xFD,
    0x00, 0x00, 0x0F, 0xF8, 0x3D, 0x00, 0x3F, 0xC0, 0x00, 0x00, 0xBF, 0xC2, 0x40, 0x0B, 0xF4, 0x00,
    0x00, 0x03, 0xFD, 0x00, 0x00, 0xFF, 0x00, 0x00, 0x00, 0x3F, 0xE0, 0x00, 0x0F, 0xF0, 0x00, 0x00,
    0x02, 0xFF, 0x00, 0x01, 0xFF, 0x00, 0x00, 0x00, 0x2F, 0xF0, 0x00, 0x1F, 0xF0, 0x00, 0x00, 0x01,
    0xFF, 0x00, 0x01, 0xFF, 0x00, 0x00, 0x00, 0x1F, 0xF0, 0x00, 0x1F, 0xF0, 0x00, 0x00, 0x01, 0xFF,
    0x00, 0x01, 0xFF, 0x00, 0x00, 0x00, 0x2F, 0xE0, 0x00, 0x0F, 0xF0, 0x00, 0x00, 0x02, 0xFE, 0x00,
    0x00, 0xFF, 0x40, 0x00, 0x00, 0x3F, 0xC0, 0x00, 0x0B, 0xFC, 0x00, 0x00, 0x03, 0xFC, 0x00, 0x00,
    0x3F, 0xD0, 0x00, 0x00, 0x7F, 0x40, 0x00, 0x02, 0xFF, 0x00, 0x00, 0x0F, 0xF0, 0x00, 0x00, 0x0F,
    0xFC, 0x00, 0x03, 0xFC, 0x00, 0x00, 0x00, 0x3F, 0xF8, 0x02, 0xFF, 0x40, 0x00, 0x00, 0x00, 0xFF,
    0xFF, 0xFF, 0xC0, 0x00, 0x00, 0x00, 0x01, 0xFF, 0xFF, 0xD0, 0x00, 0x00, 0x00, 0x00, 0x00, 0x55,
    0x40, 0x00, 0x00, 0x01, 0xE0, 0x15, 0x55, 0x50, 0x01, 0x55, 0x54, 0x03, 0xF8, 0x7F, 0xFF, 0xF4,
    0x03, 0xFF, 0xFE, 0x07, 0xF8, 0x2F, 0xFF, 0xE0, 0x01, 0xBF, 0xF9, 0x0F, 0xF0, 0x03, 0xFF, 0x00,
    0x00, 0x1F, 0x80, 0x0F, 0xC0, 0x00, 0xFF, 0x00, 0x00, 0x2F, 0x00, 0x2F, 0x00, 0x00, 0xBF, 0xC0,
    0x00, 0x7D, 0x00, 0x3C, 0x00, 0x00, 0x3F, 0xD0, 0x00, 0xFC, 0x00, 0x24, 0x00, 0x00, 0x1F, 0xF0,
    0x01, 0xF4, 0x00, 0x00, 0x00, 0x00, 0x0B, 0xF8, 0x03, 0xE0, 0x00, 0x00, 0x00, 0x00, 0x03, 0xFD,
    0x0B, 0xC0, 0x00, 0x00, 0x00, 0x00, 0x01, 0xFF, 0x0F, 0x40, 0x00, 0x00, 0x00, 0x00, 0x00, 0xFF,
    0xBF, 0x00, 0x00, 0x00, 0x00, 0x00, 0x00, 0x3F, 0xFC, 0x00, 0x00, 0x00, 0x00, 0x00, 0x00, 0x2F,
    0xF8, 0x00, 0x00, 0x00, 0x00, 0x00, 0x00, 0x0F, 0xF0, 0x00, 0x00, 0x00, 0x00, 0x00, 0x00, 0x0F,
    0xF0, 0x00, 0x00, 0x00, 0x00, 0x00, 0x00, 0x0F, 0xF0, 0x00, 0x00, 0x00, 0x00, 0x00, 0x00, 0x0F,
    0xF0, 0x00, 0x00, 0x00, 0x00, 0x00, 0x00, 0x0F, 0xF0, 0x00, 0x00, 0x00, 0x00, 0x00, 0x00, 0x0F,
    0xF0, 0x00, 0x00, 0x00, 0x00, 0x00, 0x00, 0x0F, 0xF0, 0x00, 0x00, 0x00, 0x00, 0x00, 0x00, 0x1F,
    0xF4, 0x00, 0x00, 0x00, 0x00, 0x00, 0x03, 0xFF, 0xFF, 0xC0, 0x00, 0x00, 0x00, 0x00, 0x03, 0xFF,
    0xFF, 0xC0, 0x00, 0x00, 0xF0, 0x00, 0x01, 0xAF, 0xE4, 0x00, 0x00, 0x0F, 0xF0, 0x00, 0xBF, 0xFF,
    0xFE, 0x00, 0x00, 0x3F, 0xC0, 0x1F, 0xFE, 0xAF, 0xFF, 0x40, 0x02, 0xFC, 0x02, 0xFF, 0x40, 0x02,
    0xFF, 0x40, 0x0F, 0xC0, 0x1F, 0xF0, 0x00, 0x01, 0xFF, 0x40, 0x7D, 0x00, 0xFF, 0x00, 0x00, 0x02,
    0xFF, 0x03, 0xD0, 0x0B, 0xF8, 0x00, 0x00, 0x03, 0xFD, 0x09, 0x00, 0x3F, 0xD0, 0x00, 0x00, 0x0B,
    0xF8, 0x00, 0x00, 0xFF, 0x00, 0x00, 0x00, 0x2F, 0xE0, 0x00, 0x03, 0xFC, 0x00, 0x00, 0x00, 0x7F,
    0xC0, 0x00, 0x1F, 0xF0, 0x00, 0x00, 0x01, 0xFF, 0x00, 0x00, 0x3F, 0xC0, 0x00, 0x00, 0x0B, 0xF8,
    0x00, 0x00, 0xFF, 0x00, 0x00, 0x00, 0x2F, 0xD0, 0x00, 0x02, 0xFD, 0x00, 0x00, 0x00, 0xFF, 0x00,
    0x00, 0x07, 0xFC, 0x00, 0x00, 0x07, 0xF8, 0x00, 0x00, 0x0B, 0xF8, 0x00, 0x00, 0x3F, 0xC0, 0x00,
    0x00, 0x0F, 0xF4, 0x00, 0x02, 0xFD, 0x00, 0x00, 0x0F, 0x0F, 0xF8, 0x00, 0x7F, 0xD1, 0xF0, 0x00,
    0x3C, 0x0B, 0xFD, 0x0F, 0xFC, 0x0B, 0x80, 0x00, 0xF8, 0x01, 0xF4, 0x3F, 0x40, 0x3E, 0x00, 0x03,
    0xF4, 0x03, 0xD0, 0xF4, 0x02, 0xF4, 0x00, 0x0B, 0xF9, 0x5F, 0x43, 0xE5, 0xBF, 0xD0, 0x00, 0x2F,
    0xFF, 0xFD, 0x0F, 0xFF, 0xFF, 0x00, 0x00, 0x7F, 0xFF, 0xF4, 0x3F, 0xFF, 0xFC, 0x00, 0x00, 0x00,
    0x00, 0x00, 0x00, 0x3F, 0x00, 0x00, 0x00, 0x1F, 0xE0, 0x00, 0xBE, 0x0B, 0xF1, 0xFC, 0x3F, 0xD3,
    0xF4, 0xFF, 0x8F, 0xF5, 0xF8, 0x3F, 0xE3, 0xFC, 0xBC, 0x0B, 0xF0, 0x14, 0x3C, 0x00, 0x50, 0x00,
    0x00, 0x00, 0x00, 0x00, 0x00, 0x00, 0x00, 0x00, 0x00, 0x00, 0x00, 0x00, 0x00, 0xFF, 0x00, 0x00,
    0x00, 0x3F, 0xC0, 0x00, 0x00, 0x0F, 0xF0, 0x00, 0x00, 0x03, 0xFC, 0x00, 0x00, 0x00, 0xFF, 0x00,
    0x00, 0x00, 0x3F, 0xC0, 0x00, 0x00, 0x0F, 0xF0, 0x00, 0x00, 0x03, 0xFC, 0x00, 0x00, 0x00, 0xFE,
    0x00, 0x00, 0x00, 0x3F, 0x80, 0x00, 0x00, 0x0F, 0xE0, 0x00, 0x00, 0x03, 0xF8, 0x00, 0x00, 0x00,
    0xFE, 0x00, 0x00, 0x00, 0x2F, 0xC0, 0x00, 0x00, 0x0B, 0xF9, 0x60, 0x00, 0x00, 0xFF, 0xFD, 0x00,
    0x00, 0x1F, 0xFE, 0x00, 0x00, 0x00, 0x54, 0x00, 0x00, 0x00, 0x00, 0x01, 0x50, 0x00, 0x00, 0x00,
    0x00, 0x03, 0xFF, 0x00, 0x00, 0x00, 0x00, 0x00, 0xFF, 0xC0, 0x00, 0x00, 0x00, 0x00, 0xBF, 0xF8,
    0x00, 0x00, 0x00, 0x00, 0x3E, 0xFF, 0x00, 0x00, 0x00, 0x00, 0x1F, 0x2F, 0xD0, 0x00, 0x00, 0x00,
    0x0B, 0xC7, 0xF8, 0x00, 0x00, 0x00, 0x03, 0xD0, 0xFF, 0x00, 0x00, 0x00, 0x01, 0xF0, 0x2F, 0xD0,
    0x00, 0x00, 0x00, 0xB8, 0x07, 0xF8, 0x00, 0x00, 0x00, 0x3D, 0x00, 0xFF, 0x00, 0x00, 0x00, 0x1F,
    0x00, 0x2F, 0xD0, 0x00, 0x00, 0x0F, 0x80, 0x07, 0xF8, 0x00, 0x00, 0x03, 0xD0, 0x00, 0xFF, 0x00,
    0x00, 0x02, 0xFA, 0xAA, 0xBF, 0xD0, 0x00, 0x00, 0xFF, 0xFF, 0xFF, 0xFC, 0x00, 0x00, 0x3E, 0xAA,
    0xAA, 0xFF, 0x00, 0x00, 0x2F, 0x00, 0x00, 0x2F, 0xE0, 0x00, 0x0F, 0x80, 0x00, 0x07, 0xFC, 0x00,
    0x07, 0xD0, 0x00, 0x00, 0xFF, 0x00, 0x02, 0xF0, 0x00, 0x00, 0x2F, 0xE0, 0x01, 0xFC, 0x00, 0x00,
    0x0B, 0xFD, 0x0B, 0xFF, 0xF8, 0x00, 0x3F, 0xFF, 0xF2, 0xFF, 0xFE, 0x00, 0x0F, 0xFF, 0xFD, 0x15,
    0x55, 0x55, 0x00, 0x00, 0x3F, 0xFF, 0xFF, 0xFD, 0x00, 0x2B, 0xFF, 0xAB, 0xFF, 0xC0, 0x01, 0xFF,
    0x00, 0x3F, 0xF0, 0x01, 0xFF, 0x00, 0x0F, 0xF4, 0x01, 0xFF, 0x00, 0x0B, 0xF8, 0x01, 0xFF, 0x00,
    0x0B, 0xF8, 0x01, 0xFF, 0x00, 0x0B, 0xF4, 0x01, 0xFF, 0x00, 0x0F, 0xF0, 0x01, 0xFF, 0x00, 0x2F,
    0xD0, 0x01, 0xFF, 0x01, 0xFF, 0x00, 0x01, 0xFF, 0xFF, 0xF8, 0x00, 0x01, 0xFF, 0xFF, 0xFF, 0x90,
    0x01, 0xFF, 0x00, 0x2F, 0xF4, 0x01, 0xFF, 0x00, 0x03, 0xFD, 0x01, 0xFF, 0x00, 0x02, 0xFE, 0x01,
    0xFF, 0x00, 0x01, 0xFF, 0x01, 0xFF, 0x00, 0x01, 0xFF, 0x01, 0xFF, 0x00, 0x01, 0xFF, 0x01, 0xFF,
    0x00, 0x03, 0xFE, 0x01, 0xFF, 0x00, 0x0B, 0xFC, 0x02, 0xFF, 0x01, 0x7F, 0xF4, 0x3F, 0xFF, 0xFF,
    0xFF, 0xC0, 0x3F, 0xFF, 0xFF, 0xE8, 0x00, 0x15, 0x55, 0x55, 0x55, 0x40, 0xFF, 0xFF, 0xFF, 0xFF,
    0x02, 0xBF, 0xFA, 0xAF, 0xFD, 0x00, 0x7F, 0xC0, 0x03, 0xF4, 0x01, 0xFF, 0x00, 0x03, 0xE0, 0x07,
    0xFC, 0x00, 0x0B, 0xC0, 0x1F, 0xF0, 0x00, 0x1F, 0x00, 0x7F, 0xC0, 0x00, 0x00, 0x01, 0xFF, 0x00,
    0x00, 0x00, 0x07, 0xFC, 0x00, 0x00, 0x00, 0x1F, 0xF0, 0x00, 0x00, 0x00, 0x7F, 0xC0, 0x00, 0x00,
    0x01, 0xFF, 0x00, 0x00, 0x00, 0x07, 0xFC, 0x00, 0x00, 0x00, 0x1F, 0xF0, 0x00, 0x00, 0x00, 0x7F,
    0xC0, 0x00, 0x00, 0x01, 0xFF, 0x00, 0x00, 0x00, 0x07, 0xFC, 0x00, 0x00, 0x00, 0x1F, 0xF0, 0x00,
    0x00, 0x00, 0x7F, 0xC0, 0x00, 0x00, 0x01, 0xFF, 0x00, 0x00, 0x00, 0x0B, 0xFC, 0x00, 0x00, 0x03,
    0xFF, 0xFF, 0xD0, 0x00, 0x0F, 0xFF, 0xFF, 0x40, 0x00, 0x00, 0x00, 0x15, 0x40, 0x00, 0x00, 0x00,
    0x2F, 0xF0, 0x00, 0x00, 0x00, 0x0F, 0xFE, 0x00, 0x00, 0x00, 0x07, 0xFF, 0xC0, 0x00, 0x00, 0x02,
    0xFB, 0xF4, 0x00, 0x00, 0x00, 0xF5, 0xFE, 0x00, 0x00, 0x00, 0x7C, 0x3F, 0xC0, 0x00, 0x00, 0x3E,
    0x0B, 0xF4, 0x00, 0x00, 0x0F, 0x40, 0xFF, 0x00, 0x00, 0x0B, 0xC0, 0x3F, 0xC0, 0x00, 0x03, 0xE0,
    0x0B, 0xF8, 0x00, 0x01, 0xF0, 0x00, 0xFF, 0x00, 0x00, 0xBC, 0x00, 0x3F, 0xD0, 0x00, 0x3E, 0x00,
    0x07, 0xF8, 0x00, 0x1F, 0x00, 0x00, 0xFF, 0x00, 0x0F, 0xC0, 0x00, 0x3F, 0xD0, 0x03, 0xD0, 0x00,
    0x07, 0xFC, 0x02, 0xF0, 0x00, 0x00, 0xFF, 0x00, 0xF8, 0x00, 0x00, 0x2F, 0xE0, 0x7D, 0x00, 0x00,
    0x07, 0xFC, 0x2F, 0x00, 0x00, 0x00, 0xFF, 0x0F, 0xFF, 0xFF, 0xFF, 0xFF, 0xE3, 0xFF, 0xFF, 0xFF,
    0xFF, 0xFC, 0xFF, 0xFF, 0xFF, 0xFF, 0xFE, 0x15, 0x55, 0x55, 0x55, 0x40, 0xFF, 0xFF, 0xFF, 0xFF,
    0x02, 0xBF, 0xFA, 0xAF, 0xFD, 0x00, 0x7F, 0xC0, 0x02, 0xF8, 0x01, 0xFF, 0x00, 0x03, 0xF0, 0x07,
    0xFC, 0x00, 0x07, 0xC0, 0x1F, 0xF0, 0x00, 0x09, 0x00, 0x7F, 0xC0, 0x00, 0x00, 0x01, 0xFF, 0x00,
    0x2C, 0x00, 0x07, 0xFC, 0x00, 0xF0, 0x00, 0x1F, 0xF0, 0x0B, 0xC0, 0x00, 0x7F, 0xFF, 0xFF, 0x00,
    0x01, 0xFF, 0xFF, 0xFC, 0x00, 0x07, 0xFD, 0x57, 0xF0, 0x00, 0x1F, 0xF0, 0x03, 0xC0, 0x00, 0x7F,
    0xC0, 0x0F, 0x00, 0x01, 0xFF, 0x00, 0x00, 0x00, 0x07, 0xFC, 0x00, 0x00, 0x50, 0x1F, 0xF0, 0x00,
    0x0B, 0xC0, 0x7F, 0xC0, 0x00, 0x3E, 0x01, 0xFF, 0x00, 0x01, 0xF8, 0x0B, 0xFC, 0x00, 0x2F, 0xD3,
    0xFF, 0xFF, 0xFF, 0xFF, 0x4F, 0xFF, 0xFF, 0xFF, 0xFC, 0x05, 0x55, 0x55, 0x55, 0x54, 0x2F, 0xFF,
    0xFF, 0xFF, 0xFC, 0x2F, 0xFE, 0xAA, 0xAF, 0xFC, 0x2F, 0xD0, 0x00, 0x0F, 0xF4, 0x2F, 0x40, 0x00,
    0x3F, 0xE0, 0x3F, 0x00, 0x00, 0xBF, 0xC0, 0x3E, 0x00, 0x01, 0xFF, 0x40, 0x14, 0x00, 0x03, 0xFE,
    0x00, 0x00, 0x00, 0x0B, 0xFC, 0x00, 0x00, 0x00, 0x1F, 0xF0, 0x00, 0x00, 0x00, 0x3F, 0xE0, 0x00,
    0x00, 0x00, 0xFF, 0xC0, 0x00, 0x00, 0x01, 0xFF, 0x00, 0x00, 0x00, 0x03, 0xFD, 0x00, 0x00, 0x00,
    0x0F, 0xF8, 0x00, 0x00, 0x00, 0x2F, 0xF0, 0x00, 0x00, 0x00, 0x7F, 0xD0, 0x00, 0x00, 0x00, 0xFF,
    0x80, 0x00, 0x3D, 0x02, 0xFF, 0x00, 0x00, 0x7C, 0x07, 0xFD, 0x00, 0x00, 0xFC, 0x0F, 0xF8, 0x00,
    0x02, 0xFC, 0x3F, 0xF0, 0x00, 0x1B, 0xFC, 0x3F, 0xFF, 0xFF, 0xFF, 0xFC, 0x3F, 0xFF, 0xFF, 0xFF,
    0xFC, 0x15, 0x55, 0x50, 0x00, 0x55, 0x55, 0x43, 0xFF, 0xFF, 0x80, 0x2F, 0xFF, 0xFC, 0x2B, 0xFF,
    0xE4, 0x01, 0xBF, 0xFE, 0x80, 0x1F, 0xF0, 0x00, 0x00, 0xFF, 0x40, 0x01, 0xFF, 0x00, 0x00, 0x0B,
    0xF4, 0x00, 0x1F, 0xF0, 0x00, 0x00, 0xBF, 0x40, 0x01, 0xFF, 0x00, 0x00, 0x0B, 0xF4, 0x00, 0x1F,
    0xF0, 0x00, 0x00, 0xBF, 0x40, 0x01, 0xFF, 0x00, 0x00, 0x0B, 0xF4, 0x00, 0x1F, 0xF0, 0x00, 0x00,
    0xBF, 0x40, 0x01, 0xFF, 0x00, 0x00, 0x0F, 0xF4, 0x00, 0x1F, 0xFF, 0xFF, 0xFF, 0xFF, 0x40, 0x01,
    0xFF, 0xFF, 0xFF, 0xFF, 0xF4, 0x00, 0x1F, 0xF0, 0x00, 0x00, 0xFF, 0x40, 0x01, 0xFF, 0x00, 0x00,
    0x0B, 0xF4, 0x00, 0x1F, 0xF0, 0x00, 0x00, 0xBF, 0x40, 0x01, 0xFF, 0x00, 0x00, 0x0B, 0xF4, 0x00,
    0x1F, 0xF0, 0x00, 0x00, 0xBF, 0x40, 0x01, 0xFF, 0x00, 0x00, 0x0B, 0xF4, 0x00, 0x1F, 0xF0, 0x00,
    0x00, 0xBF, 0x40, 0x01, 0xFF, 0x00, 0x00, 0x0F, 0xF4, 0x00, 0x2F, 0xF0, 0x00, 0x00, 0xFF, 0x80,
    0x3F, 0xFF, 0xF4, 0x01, 0xFF, 0xFF, 0xC3, 0xFF, 0xFF, 0x80, 0x2F, 0xFF, 0xFC, 0x00, 0x00, 0x2B,
    0xF9, 0x00, 0x00, 0x00, 0x07, 0xFF, 0xFF, 0xF4, 0x00, 0x00, 0x2F, 0xFE, 0xBF, 0xFE, 0x00, 0x00,
    0xFF, 0x80, 0x02, 0xFF, 0x80, 0x02, 0xFD, 0x00, 0x00, 0x7F, 0xD0, 0x07, 0xF8, 0x00, 0x00, 0x2F,
    0xF0, 0x0F, 0xF0, 0x00, 0x00, 0x0F, 0xF8, 0x0F, 0xE0, 0x00, 0x00, 0x0B, 0xFC, 0x2F, 0xD0, 0x00,
    0x00, 0x07, 0xFC, 0x3F, 0xD1, 0xC0, 0x02, 0xC3, 0xFD, 0x3F, 0xC2, 0xC0, 0x03, 0xC3, 0xFD, 0x3F,
    0xC2, 0xFA, 0xAB, 0xC3, 0xFD, 0x3F, 0xC2, 0xFF, 0xFF, 0xC3, 0xFD, 0x3F, 0xC2, 0xE5, 0x5B, 0xC3,
    0xFD, 0x3F, 0xD2, 0xC0, 0x03, 0xC3, 0xFD, 0x3F, 0xD2, 0x80, 0x01, 0x83, 0xFC, 0x2F, 0xE0, 0x00,
    0x00, 0x07, 0xFC, 0x1F, 0xF0, 0x00, 0x00, 0x0B, 0xF4, 0x0F, 0xF8, 0x00, 0x00, 0x0F, 0xF0, 0x07,
    0xFD, 0x00, 0x00, 0x2F, 0xD0, 0x02, 0xFF, 0x40, 0x00, 0x7F, 0x80, 0x00, 0xBF, 0xE4, 0x06, 0xFE,
    0x00, 0x00, 0x2F, 0xFF, 0xFF, 0xF8, 0x00, 0x00, 0x02, 0xFF, 0xFF, 0x80, 0x00, 0x00, 0x00, 0x05,
    0x50, 0x00, 0x00, 0x15, 0x55, 0x54, 0xFF, 0xFF, 0xF2, 0xBF, 0xFE, 0x40, 0x7F, 0xC0, 0x00, 0xFF,
    0x00, 0x03, 0xFC, 0x00, 0x0F, 0xF0, 0x00, 0x3F, 0xC0, 0x00, 0xFF, 0x00, 0x03, 0xFC, 0x00, 0x0F,
    0xF0, 0x00, 0x3F, 0xC0, 0x00, 0xFF, 0x00, 0x03, 0xFC, 0x00, 0x0F, 0xF0, 0x00, 0x3F, 0xC0, 0x00,
    0xFF, 0x00, 0x03, 0xFC, 0x00, 0x0F, 0xF0, 0x00, 0x3F, 0xC0, 0x00, 0xFF, 0x00, 0x0B, 0xFD, 0x03,
    0xFF, 0xFF, 0x8F, 0xFF, 0xFF, 0x15, 0x55, 0x54, 0x05, 0x55, 0x50, 0x3F, 0xFF, 0xFC, 0x0F, 0xFF,
    0xF0, 0x2B, 0xFF, 0xE4, 0x0B, 0xFF, 0xE0, 0x01, 0xFF, 0x00, 0x00, 0xFE, 0x00, 0x00, 0xFF, 0x00,
    0x01, 0xF4, 0x00, 0x00, 0xFF, 0x00, 0x07, 0xD0, 0x00, 0x00, 0xFF, 0x00, 0x1F, 0x80, 0x00, 0x00,
    0xFF, 0x00, 0x7E, 0x00, 0x00, 0x00, 0xFF, 0x01, 0xF8, 0x00, 0x00, 0x00, 0xFF, 0x07, 0xE0, 0x00,
    0x00, 0x00, 0xFF, 0x1F, 0xC0, 0x00, 0x00, 0x00, 0xFF, 0x7F, 0xC0, 0x00, 0x00, 0x00, 0xFF, 0xFF,
    0xF0, 0x00, 0x00, 0x00, 0xFF, 0xEF, 0xF8, 0x00, 0x00, 0x00, 0xFF, 0x87, 0xFC, 0x00, 0x00, 0x00,
    0xFF, 0x03, 0xFF, 0x00, 0x00, 0x00, 0xFF, 0x00, 0xFF, 0x40, 0x00, 0x00, 0xFF, 0x00, 0xBF, 0xC0,
    0x00, 0x00, 0xFF, 0x00, 0x3F, 0xF0, 0x00, 0x00, 0xFF, 0x00, 0x1F, 0xF4, 0x00, 0x00, 0xFF, 0x00,
    0x0B, 0xFC, 0x00, 0x02, 0xFF, 0x40, 0x03, 0xFF, 0x40, 0x3F, 0xFF, 0xF8, 0x01, 0xFF, 0xFF, 0x3F,
    0xFF, 0xFC, 0x00, 0x7F, 0xFD, 0x00, 0x00, 0x00, 0x00, 0x05, 0x50, 0x00, 0x00, 0x05, 0x50, 0x00,
    0x00, 0x00, 0x00, 0x0F, 0xF4, 0x00, 0x00, 0x00, 0x00, 0x2F, 0xFC, 0x00, 0x00, 0x00, 0x00, 0x3F,
    0xFC, 0x00, 0x00, 0x00, 0x00, 0x3D, 0xFE, 0x00, 0x00, 0x00, 0x00, 0xBC, 0xFF, 0x00, 0x00, 0x00,
    0x00, 0xF4, 0xBF, 0x00, 0x00, 0x00, 0x00, 0xF0, 0x7F, 0x80, 0x00, 0x00, 0x02, 0xF0, 0x3F, 0xC0,
    0x00, 0x00, 0x03, 0xE0, 0x3F, 0xC0, 0x00, 0x00, 0x07, 0xC0, 0x1F, 0xE0, 0x00, 0x00, 0x0B, 0xC0,
    0x0F, 0xF0, 0x00, 0x00, 0x0F, 0x80, 0x0F, 0xF0, 0x00, 0x00, 0x1F, 0x00, 0x0B, 0xF8, 0x00, 0x00,
    0x2F, 0x00, 0x07, 0xFC, 0x00, 0x00, 0x3E, 0x00, 0x03, 0xFC, 0x00, 0x00, 0x7D, 0x00, 0x02, 0xFE,
    0x00, 0x00, 0xBC, 0x00, 0x01, 0xFF, 0x00, 0x00, 0xF8, 0x00, 0x00, 0xFF, 0x00, 0x01, 0xF4, 0x00,
    0x00, 0xBF, 0x80, 0x02, 0xF0, 0x00, 0x00, 0x7F, 0xC0, 0x07, 0xF0, 0x00, 0x00, 0x7F, 0xE0, 0xBF,
    0xFF, 0x80, 0x0F, 0xFF, 0xFE, 0xBF, 0xFF, 0x80, 0x0F, 0xFF, 0xFE, 0x05, 0x55, 0x50, 0x00, 0x00,
    0x05, 0x55, 0x40, 0x3F, 0xFF, 0xD0, 0x00, 0x00, 0xFF, 0xFF, 0x40, 0xAF, 0xFF, 0x80, 0x00, 0x03,
    0xFF, 0xF8, 0x00, 0x1F, 0xFF, 0x00, 0x00, 0x2F, 0xFE, 0x00, 0x00, 0x7F, 0xFD, 0x00, 0x00, 0xFF,
    0xF8, 0x00, 0x01, 0xF7, 0xF8, 0x00, 0x07, 0xDF, 0xE0, 0x00, 0x07, 0xCF, 0xF0, 0x00, 0x2E, 0x7F,
    0x80, 0x00, 0x2F, 0x1F, 0xD0, 0x00, 0xF4, 0xFF, 0x00, 0x00, 0xBC, 0x3F, 0xC0, 0x07, 0xC3, 0xFC,
    0x00, 0x02, 0xF0, 0xBF, 0x00, 0x3E, 0x0F, 0xF0, 0x00, 0x0B, 0xC1, 0xFD, 0x00, 0xF0, 0x3F, 0xC0,
    0x00, 0x3F, 0x03, 0xFC, 0x0B, 0xC0, 0xFF, 0x00, 0x00, 0xFC, 0x0B, 0xF0, 0x3D, 0x03, 0xFC, 0x00,
    0x03, 0xF0, 0x1F, 0xE1, 0xF0, 0x0F, 0xF0, 0x00, 0x0F, 0x80, 0x3F, 0xCB, 0x80, 0x3F, 0xC0, 0x00,
    0x3E, 0x00, 0xBF, 0x7D, 0x00, 0xBF, 0x00, 0x00, 0xF8, 0x00, 0xFF, 0xF0, 0x02, 0xFD, 0x00, 0x03,
    0xE0, 0x03, 0xFF, 0x80, 0x0B, 0xF4, 0x00, 0x0F, 0x40, 0x07, 0xFC, 0x00, 0x2F, 0xD0, 0x00, 0x3D,
    0x00, 0x0F, 0xF0, 0x00, 0x7F, 0x40, 0x01, 0xF4, 0x00, 0x00, 0x00, 0x01, 0xFE, 0x00, 0x0B, 0xE0,
    0x00, 0x00, 0x00, 0x0B, 0xFC, 0x03, 0xFF, 0xFC, 0x00, 0x00, 0x07, 0xFF, 0xFF, 0x4F, 0xFF, 0xF0,
    0x00, 0x00, 0x1F, 0xFF, 0xFD, 0x15, 0x55, 0x40, 0x00, 0x15, 0x55, 0x4F, 0xFF, 0xF0, 0x00, 0x1F,
    0xFF, 0xF2, 0xBF, 0xFF, 0x00, 0x02, 0xFF, 0xE4, 0x07, 0xFF, 0xD0, 0x00, 0x0B, 0xC0, 0x01, 0xFF,
    0xFC, 0x00, 0x02, 0xF0, 0x00, 0x7E, 0xFF, 0x80, 0x00, 0xBC, 0x00, 0x1F, 0x6F, 0xF0, 0x00, 0x2F,
    0x00, 0x07, 0xD3, 0xFE, 0x00, 0x0B, 0xC0, 0x01, 0xF4, 0x7F, 0xD0, 0x02, 0xF0, 0x00, 0x7D, 0x0B,
    0xFC, 0x00, 0xBC, 0x00, 0x1F, 0x40, 0xFF, 0x40, 0x2F, 0x00, 0x07, 0xD0, 0x2F, 0xF0, 0x0B, 0xC0,
    0x01, 0xF4, 0x03, 0xFE, 0x02, 0xF0, 0x00, 0x7D, 0x00, 0x7F, 0xC0, 0xBC, 0x00, 0x1F, 0x40, 0x0B,
    0xFC, 0x2F, 0x00, 0x07, 0xD0, 0x00, 0xFF, 0x4B, 0xC0, 0x01, 0xF4, 0x00, 0x2F, 0xF2, 0xF0, 0x00,
    0x7D, 0x00, 0x03, 0xFE, 0xBC, 0x00, 0x1F, 0x40, 0x00, 0x7F, 0xFF, 0x00, 0x07, 0xD0, 0x00, 0x0B,
    0xFF, 0xC0, 0x01, 0xF4, 0x00, 0x00, 0xFF, 0xF0, 0x00, 0xBF, 0x00, 0x00, 0x2F, 0xFC, 0x03, 0xFF,
    0xFC, 0x00, 0x03, 0xFF, 0x00, 0xFF, 0xFF, 0x00, 0x00, 0x7F, 0xC0, 0x05, 0x55, 0x55, 0x55, 0x50,
    0x0F, 0xFF, 0xFF, 0xFF, 0xF8, 0x1F, 0xFF, 0xFF, 0xFF, 0xF8, 0x1F, 0xEA, 0xAA, 0xAB, 0xFC, 0x2F,
    0x40, 0x00, 0x00, 0xBC, 0x3E, 0x00, 0x00, 0x00, 0x3D, 0x2C, 0x00, 0x00, 0x00, 0x29, 0x00, 0x00,
    0x00, 0x00, 0x00, 0x00, 0x00, 0x00, 0x00, 0x00, 0x00, 0xF0, 0x00, 0x0B, 0x00, 0x00, 0xF4, 0x00,
    0x0F, 0x00, 0x00, 0xFF, 0xFF, 0xFF, 0x00, 0x00, 0xFF, 0xFF, 0xFF, 0x00, 0x00, 0xFF, 0xFF, 0xFF,
    0x00, 0x00, 0xF0, 0x00, 0x0B, 0x00, 0x00, 0xE0, 0x00, 0x06, 0x00, 0x00, 0x00, 0x00, 0x00, 0x00,
    0x28, 0x00, 0x00, 0x00, 0x0A, 0x7C, 0x00, 0x00, 0x00, 0x2F, 0x3E, 0x00, 0x00, 0x00, 0x3E, 0x3F,
    0x40, 0x00, 0x00, 0xBE, 0x3F, 0xFF, 0xFF, 0xFF, 0xFD, 0x3F, 0xFF, 0xFF, 0xFF, 0xFD, 0x2F, 0xFF,
    0xFF, 0xFF, 0xFC, 0x00, 0x00, 0x6B, 0xE9, 0x00, 0x00, 0x00, 0x2F, 0xFF, 0xFF, 0x80, 0x00, 0x03,
    0xFF, 0xAB, 0xFF, 0xC0, 0x00, 0x7F, 0xD0, 0x01, 0xFF, 0xC0, 0x03, 0xFC, 0x00, 0x00, 0xFF, 0xC0,
    0x2F, 0xD0, 0x00, 0x00, 0xFF, 0x80, 0xFF, 0x00, 0x00, 0x02, 0xFF, 0x0B, 0xF4, 0x00, 0x00, 0x03,
    0xFD, 0x3F, 0xC0, 0x00, 0x00, 0x0F, 0xF8, 0xFF, 0x00, 0x00, 0x00, 0x2F, 0xF7, 0xFC, 0x00, 0x00,
    0x00, 0xBF, 0xDF, 0xF0, 0x00, 0x00, 0x01, 0xFF, 0x7F, 0xC0, 0x00, 0x00, 0x07, 0xFD, 0xFF, 0x00,
    0x00, 0x00, 0x1F, 0xF7, 0xFC, 0x00, 0x00, 0x00, 0xBF, 0x8F, 0xF0, 0x00, 0x00, 0x02, 0xFE, 0x3F,
    0xD0, 0x00, 0x00, 0x0F, 0xF0, 0xBF, 0xC0, 0x00, 0x00, 0x3F, 0xC0, 0xFF, 0x40, 0x00, 0x01, 0xFD,
    0x02, 0xFF, 0x00, 0x00, 0x0F, 0xF0, 0x03, 0xFF, 0x00, 0x00, 0xFF, 0x00, 0x03, 0xFF, 0x80, 0x2F,
    0xF4, 0x00, 0x03, 0xFF, 0xFF, 0xFF, 0x00, 0x00, 0x01, 0xFF, 0xFF, 0xD0, 0x00, 0x00, 0x00, 0x15,
    0x50, 0x00, 0x00, 0x15, 0x55, 0x55, 0x55, 0x55, 0x55, 0x4F, 0xFF, 0xFF, 0xFF, 0xFF, 0xFF, 0xE2,
    0xBF, 0xFF, 0xFF, 0xFF, 0xFF, 0xE4, 0x07, 0xFC, 0x00, 0x00, 0x3F, 0xC0, 0x01, 0xFF, 0x00, 0x00,
    0x0F, 0xF0, 0x00, 0x7F, 0xC0, 0x00, 0x03, 0xFC, 0x00, 0x1F, 0xF0, 0x00, 0x00, 0xFF, 0x00, 0x07,
    0xFC, 0x00, 0x00, 0x3F, 0xC0, 0x01, 0xFF, 0x00, 0x00, 0x0F, 0xF0, 0x00, 0x7F, 0xC0, 0x00, 0x03,
    0xFC, 0x00, 0x1F, 0xF0, 0x00, 0x00, 0xFF, 0x00, 0x07, 0xFC, 0x00, 0x00, 0x3F, 0xC0, 0x01, 0xFF,
    0x00, 0x00, 0x0F, 0xF0, 0x00, 0x7F, 0xC0, 0x00, 0x03, 0xFC, 0x00, 0x1F, 0xF0, 0x00, 0x00, 0xFF,
    0x00, 0x07, 0xFC, 0x00, 0x00, 0x3F, 0xC0, 0x01, 0xFF, 0x00, 0x00, 0x0F, 0xF0, 0x00, 0x7F, 0xC0,
    0x00, 0x03, 0xFC, 0x00, 0x1F, 0xF0, 0x00, 0x00, 0xFF, 0x00, 0x07, 0xFC, 0x00, 0x00, 0x3F, 0xC0,
    0x01, 0xFF, 0x00, 0x00, 0x0F, 0xF0, 0x00, 0xBF, 0xC0, 0x00, 0x07, 0xFD, 0x03, 0xFF, 0xFF, 0x40,
    0x3F, 0xFF, 0xF8, 0xFF, 0xFF, 0xE0, 0x0F, 0xFF, 0xFE, 0x15, 0x55, 0x55, 0x00, 0x00, 0xFF, 0xFF,
    0xFF, 0xE4, 0x02, 0xBF, 0xFA, 0xFF, 0xF8, 0x00, 0x7F, 0xC0, 0x1F, 0xF8, 0x01, 0xFF, 0x00, 0x0F,
    0xF4, 0x07, 0xFC, 0x00, 0x2F, 0xE0, 0x1F, 0xF0, 0x00, 0xBF, 0xC0, 0x7F, 0xC0, 0x01, 0xFF, 0x01,
    0xFF, 0x00, 0x0B, 0xF8, 0x07, 0xFC, 0x00, 0x2F, 0xE0, 0x1F, 0xF0, 0x00, 0xFF, 0x00, 0x7F, 0xC0,
    0x0F, 0xF8, 0x01, 0xFF, 0x46, 0xFF, 0x80, 0x07, 0xFF, 0xFF, 0xF8, 0x00, 0x1F, 0xFF, 0xF9, 0x00,
    0x00, 0x7F, 0xC0, 0x00, 0x00, 0x01, 0xFF, 0x00, 0x00, 0x00, 0x07, 0xFC, 0x00, 0x00, 0x00, 0x1F,
    0xF0, 0x00, 0x00, 0x00, 0x7F, 0xC0, 0x00, 0x00, 0x01, 0xFF, 0x00, 0x00, 0x00, 0x0B, 0xFC, 0x00,
    0x00, 0x03, 0xFF, 0xFF, 0xD0, 0x00, 0x0F, 0xFF, 0xFF, 0x40, 0x00, 0x15, 0x55, 0x55, 0x55, 0x40,
    0x3F, 0xFF, 0xFF, 0xFF, 0xF0, 0x3F, 0xFA, 0xAA, 0xFF, 0xF0, 0x1F, 0xF8, 0x00, 0x07, 0xF0, 0x0B,
    0xFD, 0x00, 0x02, 0xF4, 0x03, 0xFF, 0x00, 0x00, 0xF8, 0x01, 0xFF, 0x80, 0x00, 0xB8, 0x00, 0xBF,
    0xD0, 0x00, 0x00, 0x00, 0x3F, 0xF0, 0x00, 0x00, 0x00, 0x0F, 0xFC, 0x00, 0x00, 0x00, 0x0B, 0xFD,
    0x00, 0x00, 0x00, 0x03, 0xFF, 0x00, 0x00, 0x00, 0x00, 0xFF, 0x00, 0x00, 0x00, 0x01, 0xFC, 0x00,
    0x00, 0x00, 0x03, 0xF4, 0x00, 0x00, 0x00, 0x0F, 0xE0, 0x00, 0x00, 0x00, 0x2F, 0xC0, 0x00, 0x2D,
    0x00, 0xBF, 0x00, 0x00, 0x3D, 0x01, 0xFD, 0x00, 0x00, 0xBC, 0x03, 0xF8, 0x00, 0x00, 0xFC, 0x0F,
    0xE0, 0x00, 0x03, 0xFC, 0x2F, 0xFF, 0xFF, 0xFF, 0xFC, 0x3F, 0xFF, 0xFF, 0xFF, 0xF8, 0x3F, 0xFF,
    0xFF, 0xFF, 0xF8, 0x05, 0x55, 0x55, 0x55, 0x55, 0x40, 0xBF, 0xFF, 0xFF, 0xFF, 0xFF, 0x43, 0xFF,
    0xEB, 0xFF, 0xBF, 0xFE, 0x0F, 0xE0, 0x0B, 0xF4, 0x03, 0xFC, 0x7F, 0x00, 0x2F, 0xD0, 0x03, 0xF1,
    0xF4, 0x00, 0xBF, 0x40, 0x0B, 0xCB, 0xC0, 0x02, 0xFD, 0x00, 0x0F, 0x5A, 0x00, 0x0B, 0xF4, 0x00,
    0x38, 0x00, 0x00, 0x2F, 0xD0, 0x00, 0x00, 0x00, 0x00, 0xBF, 0x40, 0x00, 0x00, 0x00, 0x02, 0xFD,
    0x00, 0x00, 0x00, 0x00, 0x0B, 0xF4, 0x00, 0x00, 0x00, 0x00, 0x2F, 0xD0, 0x00, 0x00, 0x00, 0x00,
    0xBF, 0x40, 0x00, 0x00, 0x00, 0x02, 0xFD, 0x00, 0x00, 0x00, 0x00, 0x0B, 0xF4, 0x00, 0x00, 0x00,
    0x00, 0x2F, 0xD0, 0x00, 0x00, 0x00, 0x00, 0xBF, 0x40, 0x00, 0x00, 0x00, 0x02, 0xFD, 0x00, 0x00,
    0x00, 0x00, 0x0B, 0xF4, 0x00, 0x00, 0x00, 0x00, 0x2F, 0xD0, 0x00, 0x00, 0x00, 0x01, 0xFF, 0x80,
    0x00, 0x00, 0x01, 0xFF, 0xFF, 0xFC, 0x00, 0x00, 0x07, 0xFF, 0xFF, 0xF0, 0x00, 0x15, 0x55, 0x50,
    0x01, 0x55, 0x54, 0x7F, 0xFF, 0xF4, 0x03, 0xFF, 0xFE, 0x2F, 0xFF, 0xE0, 0x01, 0xBF, 0xF9, 0x03,
    0xFF, 0x00, 0x00, 0x1F, 0x80, 0x00, 0xFF, 0x00, 0x00, 0x2F, 0x00, 0x00, 0xBF, 0xC0, 0x00, 0x7D,
    0x00, 0x00, 0x3F, 0xD0, 0x00, 0xFC, 0x00, 0x00, 0x1F, 0xF0, 0x01, 0xF4, 0x00, 0x00, 0x0B, 0xF8,
    0x03, 0xE0, 0x00, 0x00, 0x03, 0xFD, 0x0B, 0xC0, 0x00, 0x00, 0x01, 0xFF, 0x0F, 0x40, 0x00, 0x00,
    0x00, 0xFF, 0xBF, 0x00, 0x00, 0x00, 0x00, 0x3F, 0xFC, 0x00, 0x00, 0x00, 0x00, 0x2F, 0xF8, 0x00,
    0x00, 0x00, 0x00, 0x0F, 0xF0, 0x00, 0x00, 0x00, 0x00, 0x0F, 0xF0, 0x00, 0x00, 0x00, 0x00, 0x0F,
    0xF0, 0x00, 0x00, 0x00, 0x00, 0x0F, 0xF0, 0x00, 0x00, 0x00, 0x00, 0x0F, 0xF0, 0x00, 0x00, 0x00,
    0x00, 0x0F, 0xF0, 0x00, 0x00, 0x00, 0x00, 0x0F, 0xF0, 0x00, 0x00, 0x00, 0x00, 0x1F, 0xF4, 0x00,
    0x00, 0x00, 0x03, 0xFF, 0xFF, 0xC0, 0x00, 0x00, 0x03, 0xFF, 0xFF, 0xC0, 0x00, 0x00, 0x00, 0x15,
    0x55, 0x50, 0x00, 0x00, 0x00, 0x00, 0xFF, 0xFF, 0xC0, 0x00, 0x00, 0x00, 0x01, 0xBF, 0xF9, 0x00,
    0x00, 0x00, 0x00, 0x00, 0xBF, 0x40, 0x00, 0x00, 0x00, 0x01, 0x6F, 0xFF, 0xA4, 0x00, 0x00, 0x00,
    0xBF, 0xFF, 0xFF, 0xFF, 0x40, 0x00, 0x0F, 0xFE, 0x6F, 0xEB, 0xFF, 0x80, 0x01, 0xFF, 0x40, 0xBF,
    0x41, 0xFF, 0xC0, 0x0F, 0xF4, 0x02, 0xFD, 0x00, 0xFF, 0x80, 0xBF, 0x80, 0x0B, 0xF4, 0x00, 0xFF,
    0x43, 0xFC, 0x00, 0x2F, 0xD0, 0x02, 0xFE, 0x0F, 0xF0, 0x00, 0xBF, 0x40, 0x07, 0xFC, 0x7F, 0xC0,
    0x02, 0xFD, 0x00, 0x0F, 0xF1, 0xFF, 0x00, 0x0B, 0xF4, 0x00, 0x3F, 0xC7, 0xFC, 0x00, 0x2F, 0xD0,
    0x00, 0xFF, 0x0F, 0xF0, 0x00, 0xBF, 0x40, 0x07, 0xFC, 0x3F, 0xD0, 0x02, 0xFD, 0x00, 0x2F, 0xE0,
    0x7F, 0xC0, 0x0B, 0xF4, 0x00, 0xFF, 0x00, 0xBF, 0xC0, 0x2F, 0xD0, 0x0F, 0xF4, 0x00, 0xFF, 0xE0,
    0xBF, 0x41, 0xFF, 0x80, 0x00, 0xBF, 0xFF, 0xFF, 0xFF, 0xF4, 0x00, 0x00, 0x1F, 0xFF, 0xFF, 0xFD,
    0x00, 0x00, 0x00, 0x01, 0x7F, 0xE4, 0x00, 0x00, 0x00, 0x00, 0x00, 0xFF, 0x80, 0x00, 0x00, 0x00,
    0x00, 0x3F, 0xFF, 0xF0, 0x00, 0x00, 0x00, 0x00, 0xFF, 0xFF, 0xC0, 0x00, 0x00, 0x15, 0x55, 0x50,
    0x01, 0x55, 0x54, 0x7F, 0xFF, 0xF0, 0x03, 0xFF, 0xFC, 0x7F, 0xFF, 0x90, 0x02, 0xFF, 0xF4, 0x03,
    0xFF, 0x00, 0x00, 0x3F, 0x00, 0x00, 0xFF, 0x40, 0x00, 0xBC, 0x00, 0x00, 0x7F, 0xC0, 0x01, 0xF4,
    0x00, 0x00, 0x2F, 0xF0, 0x03, 0xE0, 0x00, 0x00, 0x0F, 0xF8, 0x0F, 0xC0, 0x00, 0x00, 0x03, 0xFD,
    0x2F, 0x00, 0x00, 0x00, 0x01, 0xFF, 0x7D, 0x00, 0x00, 0x00, 0x00, 0xBF, 0xF8, 0x00, 0x00, 0x00,
    0x00, 0x3F, 0xF0, 0x00, 0x00, 0x00, 0x00, 0x1F, 0xF4, 0x00, 0x00, 0x00, 0x00, 0x2F, 0xFC, 0x00,
    0x00, 0x00, 0x00, 0x7F, 0xFF, 0x00, 0x00, 0x00, 0x00, 0xF8, 0xFF, 0x80, 0x00, 0x00, 0x03, 0xF0,
    0x3F, 0xD0, 0x00, 0x00, 0x0F, 0xC0, 0x1F, 0xF0, 0x00, 0x00, 0x2F, 0x40, 0x0B, 0xFC, 0x00, 0x00,
    0x7E, 0x00, 0x03, 0xFE, 0x00, 0x00, 0xFC, 0x00, 0x01, 0xFF, 0x40, 0x07, 0xF8, 0x00, 0x00, 0xFF,
    0xD0, 0xBF, 0xFF, 0x80, 0x0F, 0xFF, 0xFE, 0xBF, 0xFF, 0xC0, 0x0F, 0xFF, 0xFE, 0x15, 0x54, 0x05,
    0x55, 0x54, 0x01, 0x55, 0x6F, 0xFF, 0x03, 0xFF, 0xFF, 0x82, 0xFF, 0xF6, 0xFF, 0xC0, 0xAF, 0xFF,
    0x90, 0xBF, 0xE4, 0x0F, 0xF0, 0x01, 0xFE, 0x00, 0x2F, 0xD0, 0x03, 0xFC, 0x00, 0x7F, 0x80, 0x0B,
    0xF4, 0x00, 0xFF, 0x00, 0x1F, 0xE0, 0x02, 0xFD, 0x00, 0x3F, 0xC0, 0x07, 0xF8, 0x00, 0xBF, 0x40,
    0x0F, 0xF0, 0x01, 0xFE, 0x00, 0x2F, 0xD0, 0x03, 0xFC, 0x00, 0x7F, 0x80, 0x0B, 0xF4, 0x00, 0xFF,
    0x00, 0x1F, 0xE0, 0x02, 0xFD, 0x00, 0x3F, 0xC0, 0x07, 0xF8, 0x00, 0xBF, 0x00, 0x0B, 0xF0, 0x01,
    0xFE, 0x00, 0x3F, 0xC0, 0x01, 0xFE, 0x00, 0x7F, 0x80, 0x0F, 0xE0, 0x00, 0x3F, 0xD0, 0x1F, 0xE0,
    0x0F, 0xF0, 0x00, 0x03, 0xFE, 0x07, 0xF8, 0x1F, 0xF4, 0x00, 0x00, 0x3F, 0xFF, 0xFF, 0xFF, 0xF4,
    0x00, 0x00, 0x02, 0xFF, 0xFF, 0xFF, 0xE0, 0x00, 0x00, 0x00, 0x01, 0xBF, 0xFA, 0x40, 0x00, 0x00,
    0x00, 0x00, 0x07, 0xF8, 0x00, 0x00, 0x00, 0x00, 0x00, 0x01, 0xFE, 0x00, 0x00, 0x00, 0x00, 0x00,
    0x00, 0x7F, 0x80, 0x00, 0x00, 0x00, 0x00, 0x00, 0x2F, 0xF0, 0x00, 0x00, 0x00, 0x00, 0x00, 0xFF,
    0xFF, 0xD0, 0x00, 0x00, 0x00, 0x00, 0x3F, 0xFF, 0xF8, 0x00, 0x00, 0x00, 0x00, 0x1A, 0xFE, 0x40,
    0x00, 0x00, 0x00, 0xBF, 0xFF, 0xFE, 0x00, 0x00, 0x01, 0xFF, 0xEA, 0xFF, 0xF4, 0x00, 0x02, 0xFF,
    0x40, 0x02, 0xFF, 0x40, 0x01, 0xFF, 0x00, 0x00, 0x1F, 0xF4, 0x00, 0xFF, 0x00, 0x00, 0x02, 0xFF,
    0x00, 0xBF, 0x80, 0x00, 0x00, 0x3F, 0xD0, 0x3F, 0xD0, 0x00, 0x00, 0x0B, 0xF8, 0x0F, 0xF0, 0x00,
    0x00, 0x02, 0xFE, 0x03, 0xFC, 0x00, 0x00, 0x00, 0x7F, 0xC1, 0xFF, 0x00, 0x00, 0x00, 0x1F, 0xF0,
    0x3F, 0xC0, 0x00, 0x00, 0x0B, 0xF8, 0x0F, 0xF0, 0x00, 0x00, 0x02, 0xFD, 0x02, 0xFD, 0x00, 0x00,
    0x00, 0xFF, 0x00, 0x7F, 0xC0, 0x00, 0x00, 0x7F, 0x80, 0x0B, 0xF8, 0x00, 0x00, 0x3F, 0xC0, 0x00,
    0xFF, 0x40, 0x00, 0x2F, 0xD0, 0x0F, 0x0F, 0xF8, 0x00, 0x7F, 0xD1, 0xF3, 0xC0, 0xBF, 0xD0, 0xFF,
    0xC0, 0xB8, 0xF8, 0x01, 0xF4, 0x3F, 0x40, 0x3E, 0x3F, 0x40, 0x3D, 0x0F, 0x40, 0x2F, 0x4B, 0xF9,
    0x5F, 0x43, 0xE5, 0xBF, 0xD2, 0xFF, 0xFF, 0xD0, 0xFF, 0xFF, 0xF0, 0x7F, 0xFF, 0xF4, 0x3F, 0xFF,
    0xFC, 0x00, 0x00, 0x00, 0x7F, 0x01, 0xFC, 0xFF, 0x83, 0xFE, 0xFF, 0x83, 0xFE, 0xBF, 0x42, 0xFC,
    0x14, 0x00, 0x50, 0x00, 0x00, 0x00, 0x00, 0x00, 0x00, 0x15, 0x55, 0x54, 0x3F, 0xFF, 0xFC, 0x2B,
    0xFF, 0xE4, 0x01, 0xFF, 0x00, 0x00, 0xFF, 0x00, 0x00, 0xFF, 0x00, 0x00, 0xFF, 0x00, 0x00, 0xFF,
    0x00, 0x00, 0xFF, 0x00, 0x00, 0xFF, 0x00, 0x00, 0xFF, 0x00, 0x00, 0xFF, 0x00, 0x00, 0xFF, 0x00,
    0x00, 0xFF, 0x00, 0x00, 0xFF, 0x00, 0x00, 0xFF, 0x00, 0x00, 0xFF, 0x00, 0x00, 0xFF, 0x00, 0x00,
    0xFF, 0x00, 0x00, 0xFF, 0x00, 0x00, 0xFF, 0x00, 0x02, 0xFF, 0x40, 0x3F, 0xFF, 0xF8, 0x3F, 0xFF,
    0xFC, 0x00, 0x00, 0x00, 0x00, 0x00, 0x00, 0x00, 0x01, 0xF8, 0x07, 0xE0, 0x00, 0x00, 0x03, 0xFD,
    0x0F, 0xF4, 0x00, 0x00, 0x03, 0xFE, 0x0F, 0xF4, 0x00, 0x00, 0x02, 0xFC, 0x0F, 0xF0, 0x00, 0x00,
    0x00, 0x50, 0x01, 0x40, 0x00, 0x00, 0x00, 0x00, 0x00, 0x00, 0x00, 0x00, 0x00, 0x00, 0x00, 0x00,
    0x00, 0x15, 0x55, 0x50, 0x01, 0x55, 0x54, 0x7F, 0xFF, 0xF4, 0x03, 0xFF, 0xFE, 0x2F, 0xFF, 0xE0,
    0x01, 0xBF, 0xF9, 0x03, 0xFF, 0x00, 0x00, 0x1F, 0x80, 0x00, 0xFF, 0x00, 0x00, 0x2F, 0x00, 0x00,
    0xBF, 0xC0, 0x00, 0x7D, 0x00, 0x00, 0x3F, 0xD0, 0x00, 0xFC, 0x00, 0x00, 0x1F, 0xF0, 0x01, 0xF4,
    0x00, 0x00, 0x0B, 0xF8, 0x03, 0xE0, 0x00, 0x00, 0x03, 0xFD, 0x0B, 0xC0, 0x00, 0x00, 0x01, 0xFF,
    0x0F, 0x40, 0x00, 0x00, 0x00, 0xFF, 0xBF, 0x00, 0x00, 0x00, 0x00, 0x3F, 0xFC, 0x00, 0x00, 0x00,
    0x00, 0x2F, 0xF8, 0x00, 0x00, 0x00, 0x00, 0x0F, 0xF0, 0x00, 0x00, 0x00, 0x00, 0x0F, 0xF0, 0x00,
    0x00, 0x00, 0x00, 0x0F, 0xF0, 0x00, 0x00, 0x00, 0x00, 0x0F, 0xF0, 0x00, 0x00, 0x00, 0x00, 0x0F,
    0xF0, 0x00, 0x00, 0x00, 0x00, 0x0F, 0xF0, 0x00, 0x00, 0x00, 0x00, 0x0F, 0xF0, 0x00, 0x00, 0x00,
    0x00, 0x1F, 0xF4, 0x00, 0x00, 0x00, 0x03, 0xFF, 0xFF, 0xC0, 0x00, 0x00, 0x03, 0xFF, 0xFF, 0xC0,
    0x00, 0x00, 0x00, 0x07, 0x80, 0x00, 0x00, 0x00, 0x0F, 0xE0, 0x00, 0x00, 0x00, 0x2F, 0xE0, 0x00,
    0x00, 0x00, 0x3F, 0x80, 0x00, 0x00, 0x00, 0x7F, 0x00, 0x00, 0x00, 0x00, 0xFC, 0x00, 0x00, 0x00,
    0x00, 0xF0, 0x00, 0x00, 0x00, 0x00, 0x80, 0x00, 0x00, 0x00, 0x00, 0x00, 0x00, 0x00, 0x00, 0x05,
    0x40, 0x00, 0x00, 0x00, 0xBF, 0xFD, 0x3F, 0xC0, 0x03, 0xFF, 0xFF, 0x7F, 0xC0, 0x0B, 0xF8, 0x07,
    0xFF, 0x80, 0x1F, 0xF0, 0x01, 0xFF, 0x80, 0x2F, 0xD0, 0x00, 0xBF, 0x40, 0x3F, 0xC0, 0x00, 0x7F,
    0x40, 0x3F, 0xC0, 0x00, 0xBF, 0x00, 0x7F, 0xC0, 0x00, 0xBF, 0x00, 0x7F, 0x80, 0x00, 0xBF, 0x00,
    0x7F, 0xC0, 0x00, 0xBF, 0x00, 0x7F, 0xC0, 0x00, 0xBF, 0x00, 0x3F, 0xC0, 0x00, 0xBF, 0x00, 0x3F,
    0xC0, 0x00, 0xFF, 0x00, 0x2F, 0xE0, 0x02, 0xFF, 0x00, 0x0F, 0xF8, 0x0B, 0xBF, 0x84, 0x07, 0xFF,
    0xFE, 0x3F, 0xFD, 0x01, 0xFF, 0xF8, 0x1F, 0xF8, 0x00, 0x15, 0x40, 0x01, 0x40, 0x00, 0x00, 0x07,
    0x80, 0x00, 0x00, 0x0F, 0xE0, 0x00, 0x00, 0x1F, 0xE0, 0x00, 0x00, 0x3F, 0xC0, 0x00, 0x00, 0x3F,
    0x00, 0x00, 0x00, 0xBC, 0x00, 0x00, 0x00, 0xF0, 0x00, 0x00, 0x00, 0x90, 0x00, 0x00, 0x00, 0x00,
    0x00, 0x00, 0x05, 0x54, 0x00, 0x01, 0xFF, 0xFF, 0xD0, 0x0B, 0xFF, 0xFF, 0xF8, 0x1F, 0xE0, 0x00,
    0xFD, 0x3F, 0x80, 0x01, 0xFE, 0x3F, 0x40, 0x02, 0xFE, 0x3F, 0x80, 0x01, 0xFC, 0x1F, 0xD0, 0xA0,
    0x00, 0x0B, 0xFB, 0xFC, 0x00, 0x01, 0xFF, 0xFC, 0x00, 0x0F, 0xE2, 0xF8, 0x00, 0x3F, 0x80, 0x00,
    0x00, 0x7F, 0x40, 0x00, 0x00, 0x7F, 0x40, 0x00, 0x00, 0x7F, 0xC0, 0x00, 0x2E, 0x3F, 0xF9, 0x56,
    0xFD, 0x1F, 0xFF, 0xFF, 0xF4, 0x02, 0xFF, 0xFF, 0x40, 0x00, 0x15, 0x50, 0x00, 0x00, 0x00, 0x02,
    0xD0, 0x00, 0x00, 0x00, 0x2F, 0xC0, 0x00, 0x00, 0x00, 0xFF, 0x00, 0x00, 0x00, 0x07, 0xF4, 0x00,
    0x00, 0x00, 0x2F, 0x40, 0x00, 0x00, 0x00, 0xF8, 0x00, 0x00, 0x00, 0x0B, 0x80, 0x00, 0x00, 0x00,
    0x18, 0x00, 0x00, 0x00, 0x00, 0x00, 0x00, 0x00, 0x00, 0x00, 0x05, 0x50, 0x01, 0xFF, 0x01, 0xFF,
    0xF4, 0x0F, 0xFE, 0x2F, 0xFF, 0xF4, 0x16, 0xFE, 0xF5, 0x7F, 0xF0, 0x07, 0xFE, 0x00, 0x3F, 0xC0,
    0x1F, 0xF0, 0x00, 0xBF, 0x40, 0x7F, 0x80, 0x02, 0xFD, 0x01, 0xFD, 0x00, 0x07, 0xF4, 0x07, 0xF4,
    0x00, 0x1F, 0xD0, 0x1F, 0xD0, 0x00, 0x7F, 0x40, 0x7F, 0x40, 0x01, 0xFD, 0x01, 0xFD, 0x00, 0x07,
    0xF4, 0x07, 0xF4, 0x00, 0x1F, 0xD0, 0x1F, 0xD0, 0x00, 0x7F, 0x40, 0x7F, 0x40, 0x01, 0xFD, 0x01,
    0xFD, 0x00, 0x07, 0xF4, 0x07, 0xF4, 0x00, 0x1F, 0xD0, 0x1F, 0xD0, 0x00, 0x7F, 0x40, 0x00, 0x00,
    0x02, 0xFD, 0x00, 0x00, 0x00, 0x0B, 0xF4, 0x00, 0x00, 0x00, 0x2F, 0xD0, 0x00, 0x00, 0x00, 0xBF,
    0x00, 0x00, 0x00, 0x02, 0xFC, 0x00, 0x00, 0x00, 0x0F, 0xF0, 0x00, 0x00, 0x00, 0x3F, 0xC0, 0x00,
    0x00, 0x00, 0x15, 0x00, 0x00, 0xB8, 0x00, 0x3F, 0x40, 0x2F, 0xE0, 0x0F, 0xE0, 0x07, 0xE0, 0x03,
    0xF0, 0x01, 0xF0, 0x00, 0x20, 0x00, 0x00, 0x00, 0x00, 0x00, 0x0F, 0xF0, 0x03, 0xFC, 0x00, 0xFF,
    0x00, 0x3F, 0xC0, 0x0F, 0xF0, 0x03, 0xFC, 0x00, 0xFF, 0x00, 0x3F, 0xC0, 0x0F, 0xE0, 0x03, 0xF8,
    0x00, 0xFE, 0x00, 0x3F, 0x80, 0x0F, 0xE0, 0x02, 0xFC, 0x00, 0xBF, 0x96, 0x0F, 0xFF, 0xD1, 0xFF,
    0xE0, 0x05, 0x40, 0x00, 0x00, 0x00, 0x00, 0x00, 0x00, 0x00, 0x03, 0xE0, 0x00, 0x00, 0x00, 0x0B,
    0xF4, 0x00, 0x00, 0xBD, 0x0F, 0xF2, 0xF8, 0x01, 0xFF, 0x1F, 0xC7, 0xFD, 0x01, 0xFF, 0x2F, 0x47,
    0xFD, 0x00, 0xFE, 0x3E, 0x03, 0xFC, 0x00, 0x14, 0x3C, 0x00, 0x50, 0x00, 0x00, 0x10, 0x00, 0x00,
    0x00, 0x00, 0x00, 0x00, 0x00, 0x00, 0x00, 0x00, 0x00, 0x00, 0x1F, 0xF8, 0x00, 0x3F, 0x80, 0x3F,
    0xFC, 0x00, 0x3F, 0xC0, 0x16, 0xFD, 0x00, 0x2F, 0xE0, 0x01, 0xFD, 0x00, 0x0F, 0xF0, 0x00, 0xFD,
    0x00, 0x0F, 0xF0, 0x01, 0xFD, 0x00, 0x0B, 0xF4, 0x01, 0xFC, 0x00, 0x0B, 0xF4, 0x01, 0xFC, 0x00,
    0x07, 0xF8, 0x01, 0xFC, 0x00, 0x07, 0xF8, 0x01, 0xFC, 0x00, 0x07, 0xF8, 0x01, 0xFC, 0x00, 0x07,
    0xF4, 0x01, 0xFC, 0x00, 0x0B, 0xF0, 0x01, 0xFD, 0x00, 0x0F, 0xF0, 0x00, 0xFF, 0x00, 0x1F, 0xD0,
    0x00, 0xBF, 0x80, 0x7F, 0xC0, 0x00, 0x3F, 0xFF, 0xFF, 0x00, 0x00, 0x0B, 0xFF, 0xF8, 0x00, 0x00,
    0x00, 0x55, 0x40, 0x00, 0x00, 0x05, 0x40, 0x00, 0x00, 0x00, 0xBF, 0xFD, 0x3F, 0xC0, 0x03, 0xFF,
    0xFF, 0x7F, 0xC0, 0x0B, 0xF8, 0x07, 0xFF, 0x80, 0x1F, 0xF0, 0x01, 0xFF, 0x80, 0x2F, 0xD0, 0x00,
    0xBF, 0x40, 0x3F, 0xC0, 0x00, 0x7F, 0x40, 0x3F, 0xC0, 0x00, 0xBF, 0x00, 0x7F, 0xC0, 0x00, 0xBF,
    0x00, 0x7F, 0x80, 0x00, 0xBF, 0x00, 0x7F, 0xC0, 0x00, 0xBF, 0x00, 0x7F, 0xC0, 0x00, 0xBF, 0x00,
    0x3F, 0xC0, 0x00, 0xBF, 0x00, 0x3F, 0xC0, 0x00, 0xFF, 0x00, 0x2F, 0xE0, 0x02, 0xFF, 0x00, 0x0F,
    0xF8, 0x0B, 0xBF, 0x84, 0x07, 0xFF, 0xFE, 0x3F, 0xFD, 0x01, 0xFF, 0xF8, 0x1F, 0xF8, 0x00, 0x15,
    0x40, 0x01, 0x40, 0x00, 0x00, 0x00, 0x00, 0x00, 0x06, 0xFF, 0xE0, 0x00, 0x03, 0xFF, 0xFF, 0xD0,
    0x00, 0xFF, 0x40, 0xBF, 0x40, 0x1F, 0xC0, 0x02, 0xFC, 0x03, 0xF8, 0x00, 0x0F, 0xD0, 0x3F, 0x00,
    0x00, 0xFE, 0x07, 0xF0, 0x00, 0x0F, 0xE0, 0xBF, 0x00, 0x00, 0xFD, 0x0B, 0xF0, 0x00, 0x0F, 0xC0,
    0xBF, 0x00, 0x02, 0xF8, 0x0B, 0xF0, 0xBD, 0x7F, 0x00, 0xBF, 0x1F, 0xFF, 0xC0, 0x0B, 0xF1, 0xFF,
    0xFF, 0x80, 0xBF, 0x0F, 0xD2, 0xFE, 0x0B, 0xF0, 0x00, 0x0B, 0xF4, 0xBF, 0x00, 0x00, 0x3F, 0xCB,
    0xF0, 0x00, 0x03, 0xFC, 0xBF, 0x00, 0x00, 0x2F, 0xDB, 0xF0, 0x00, 0x02, 0xFD, 0xBF, 0x00, 0x00,
    0x2F, 0xDB, 0xF0, 0x00, 0x03, 0xFC, 0xBF, 0x00, 0x00, 0x3F, 0xCB, 0xF0, 0x00, 0x0F, 0xF4, 0xBF,
    0xD0, 0x03, 0xFE, 0x0B, 0xFF, 0xFF, 0xFF, 0x80, 0xBF, 0x7F, 0xFF, 0xD0, 0x0B, 0xF0, 0x15, 0x40,
    0x00, 0xBF, 0x00, 0x00, 0x00, 0x0B, 0xF0, 0x00, 0x00, 0x00, 0x7F, 0x00, 0x00, 0x00, 0x07, 0xF4,
    0x00, 0x00, 0x00, 0x7F, 0x40, 0x00, 0x00, 0x07, 0xF8, 0x00, 0x00, 0x00, 0x15, 0x00, 0x00, 0x00,
    0x00, 0x00, 0x00, 0x00, 0x00, 0x02, 0xFF, 0x40, 0x01, 0xFF, 0xBF, 0xFD, 0x00, 0x0F, 0xF1, 0x7F,
    0xF0, 0x00, 0xFF, 0x00, 0xBF, 0x40, 0x0F, 0xF0, 0x03, 0xF8, 0x01, 0xFE, 0x00, 0x3F, 0x80, 0x1F,
    0xD0, 0x02, 0xFC, 0x02, 0xFC, 0x00, 0x1F, 0xC0, 0x3F, 0xC0, 0x00, 0xFC, 0x03, 0xF8, 0x00, 0x0F,
    0xC0, 0xBF, 0x00, 0x00, 0xFD, 0x0F, 0xE0, 0x00, 0x0B, 0xD2, 0xFC, 0x00, 0x00, 0xBD, 0x7F, 0x00,
    0x00, 0x07, 0xEF, 0xD0, 0x00, 0x00, 0x7F, 0xF4, 0x00, 0x00, 0x03, 0xFD, 0x00, 0x00, 0x00, 0x3F,
    0x40, 0x00, 0x00, 0x07, 0xF0, 0x00, 0x00, 0x00, 0xBF, 0x00, 0x00, 0x00, 0x0B, 0xF0, 0x00, 0x00,
    0x00, 0xBF, 0x00, 0x00, 0x00, 0x07, 0xF4, 0x00, 0x00, 0x00, 0x3F, 0x40, 0x00, 0x00, 0x00, 0x00,
    0x00, 0x00, 0x00, 0x00, 0x00, 0x00, 0x00, 0x06, 0xFF, 0xE0, 0x00, 0x0F, 0xFF, 0xFF, 0x40, 0x0F,
    0xE0, 0x07, 0xF4, 0x07, 0xF0, 0x00, 0xBF, 0x02, 0xF8, 0x00, 0x3F, 0xC0, 0xBF, 0x00, 0x1F, 0xF0,
    0x2F, 0xE0, 0x02, 0xF0, 0x03, 0xFF, 0x00, 0x00, 0x00, 0x7F, 0xF4, 0x00, 0x00, 0x03, 0xFF, 0x80,
    0x00, 0x00, 0x7F, 0xFC, 0x00, 0x00, 0xBF, 0xFF, 0xC0, 0x01, 0xFE, 0x0B, 0xFC, 0x00, 0xFE, 0x00,
    0x7F, 0xC0, 0xFF, 0x00, 0x0B, 0xF8, 0x7F, 0x80, 0x00, 0xFF, 0x2F, 0xD0, 0x00, 0x3F, 0xCF, 0xF0,
    0x00, 0x0B, 0xF7, 0xFC, 0x00, 0x02, 0xFD, 0xFF, 0x00, 0x00, 0xBF, 0x6F, 0xD0, 0x00, 0x2F, 0xCB,
    0xF8, 0x00, 0x0F, 0xF0, 0xFF, 0x00, 0x0B, 0xF4, 0x2F, 0xF0, 0x07, 0xF8, 0x02, 0xFF, 0xFF, 0xF8,
    0x00, 0x1F, 0xFF, 0xF4, 0x00, 0x00, 0x15, 0x40, 0x00, 0x00, 0x05, 0x54, 0x00, 0x01, 0xFF, 0xFF,
    0xD0, 0x0B, 0xFF, 0xFF, 0xF8, 0x1F, 0xE0, 0x00, 0xFD, 0x3F, 0x80, 0x01, 0xFE, 0x3F, 0x40, 0x02,
    0xFE, 0x3F, 0x80, 0x01, 0xFC, 0x1F, 0xD0, 0xA0, 0x00, 0x0B, 0xFB, 0xFC, 0x00, 0x01, 0xFF, 0xFC,
    0x00, 0x0F, 0xE2, 0xF8, 0x00, 0x3F, 0x80, 0x00, 0x00, 0x7F, 0x40, 0x00, 0x00, 0x7F, 0x40, 0x00,
    0x00, 0x7F, 0xC0, 0x00, 0x2E, 0x3F, 0xF9, 0x56, 0xFD, 0x1F, 0xFF, 0xFF, 0xF4, 0x02, 0xFF, 0xFF,
    0x40, 0x00, 0x15, 0x50, 0x00, 0x1A, 0x00, 0x00, 0x01, 0xFE, 0x00, 0x01, 0x0B, 0xF8, 0x00, 0x3D,
    0x1F, 0xE0, 0x03, 0xFD, 0x3F, 0xFF, 0xFF, 0xF4, 0x1B, 0xFF, 0xFF, 0x00, 0x00, 0x3F, 0xF0, 0x00,
    0x03, 0xFF, 0x00, 0x00, 0x2F, 0xF0, 0x00, 0x01, 0xFF, 0x00, 0x00, 0x0F, 0xF0, 0x00, 0x00, 0xBF,
    0x00, 0x00, 0x07, 0xF4, 0x00, 0x00, 0x3F, 0x80, 0x00, 0x01, 0xFC, 0x00, 0x00, 0x0F, 0xE0, 0x00,
    0x00, 0x3F, 0x00, 0x00, 0x01, 0xFC, 0x00, 0x00, 0x0B, 0xE0, 0x00, 0x00, 0x3F, 0x80, 0x00, 0x00,
    0xFE, 0x00, 0x00, 0x03, 0xFC, 0x00, 0x00, 0x0B, 0xFC, 0x00, 0x00, 0x0F, 0xFF, 0x40, 0x00, 0x1F,
    0xFF, 0xF8, 0x00, 0x1F, 0xFF, 0xFE, 0x00, 0x06, 0xFF, 0xFE, 0x00, 0x00, 0x6F, 0xFC, 0x00, 0x00,
    0x0F, 0xF4, 0x00, 0x00, 0x0F, 0xC0, 0x00, 0x00, 0x3F, 0x00, 0x00, 0x01, 0xF8, 0x00, 0x00, 0x0F,
    0xC0, 0x00, 0x00, 0x7C, 0x00, 0x00, 0x00, 0x40, 0x00, 0x00, 0x00, 0x01, 0x54, 0x00, 0x7F, 0xC0,
    0x7F, 0xFD, 0x03, 0xFF, 0x8B, 0xFF, 0xFD, 0x05, 0xBF, 0xBD, 0x5F, 0xFC, 0x01, 0xFF, 0x80, 0x0F,
    0xF0, 0x07, 0xFC, 0x00, 0x2F, 0xD0, 0x1F, 0xE0, 0x00, 0xBF, 0x40, 0x7F, 0x40, 0x01, 0xFD, 0x01,
    0xFD, 0x00, 0x07, 0xF4, 0x07, 0xF4, 0x00, 0x1F, 0xD0, 0x1F, 0xD0, 0x00, 0x7F, 0x40, 0x7F, 0x40,
    0x01, 0xFD, 0x01, 0xFD, 0x00, 0x07, 0xF4, 0x07, 0xF4, 0x00, 0x1F, 0xD0, 0x1F, 0xD0, 0x00, 0x7F,
    0x40, 0x7F, 0x40, 0x01, 0xFD, 0x01, 0xFD, 0x00, 0x07, 0xF4, 0x07, 0xF4, 0x00, 0x1F, 0xD0, 0x00,
    0x00, 0x00, 0xBF, 0x40, 0x00, 0x00, 0x02, 0xFD, 0x00, 0x00, 0x00, 0x0B, 0xF4, 0x00, 0x00, 0x00,
    0x2F, 0xC0, 0x00, 0x00, 0x00, 0xBF, 0x00, 0x00, 0x00, 0x03, 0xFC, 0x00, 0x00, 0x00, 0x0F, 0xF0,
    0x00, 0x00, 0x00, 0x05, 0x40, 0x00, 0x00, 0x00, 0x00, 0x00, 0x00, 0xBF, 0xF4, 0x00, 0x00, 0x7F,
    0xFF, 0xF0, 0x00, 0x1F, 0xD0, 0x7F, 0xC0, 0x03, 0xF4, 0x00, 0xFE, 0x00, 0xBE, 0x00, 0x0B, 0xF0,
    0x0F, 0xD0, 0x00, 0x3F, 0x81, 0xFC, 0x00, 0x03, 0xFC, 0x2F, 0xC0, 0x00, 0x2F, 0xC3, 0xFC, 0x00,
    0x02, 0xFC, 0x3F, 0x80, 0x00, 0x1F, 0xD3, 0xF8, 0x00, 0x01, 0xFD, 0x3F, 0x95, 0x55, 0x6F, 0xE3,
    0xFF, 0xFF, 0xFF, 0xFE, 0x3F, 0xFF, 0xFF, 0xFF, 0xE3, 0xFF, 0xFA, 0x96, 0xFE, 0x3F, 0x80, 0x00,
    0x1F, 0xD3, 0xF8, 0x00, 0x01, 0xFD, 0x3F, 0xC0, 0x00, 0x1F, 0xC3, 0xFC, 0x00, 0x02, 0xFC, 0x2F,
    0xC0, 0x00, 0x2F, 0xC1, 0xFD, 0x00, 0x03, 0xF8, 0x0F, 0xE0, 0x00, 0x7F, 0x00, 0xBF, 0x40, 0x0F,
    0xE0, 0x03, 0xFC, 0x02, 0xFC, 0x00, 0x0F, 0xFF, 0xFF, 0x00, 0x00, 0x2F, 0xFF, 0x80, 0x00, 0x00,
    0x15, 0x40, 0x00, 0x00, 0x00, 0x3F, 0xC0, 0x0F, 0xF0, 0x03, 0xFC, 0x00, 0xFF, 0x00, 0x3F, 0xC0,
    0x0F, 0xF0, 0x03, 0xFC, 0x00, 0xFF, 0x00, 0x3F, 0x80, 0x0F, 0xE0, 0x03, 0xF8, 0x00, 0xFE, 0x00,
    0x3F, 0x80, 0x0B, 0xF0, 0x02, 0xFE, 0x58, 0x3F, 0xFF, 0x47, 0xFF, 0x80, 0x15, 0x00, 0x00, 0x00,
    0x00, 0x14, 0x2F, 0xD0, 0x00, 0x7F, 0xCB, 0xF4, 0x00, 0x7F, 0xF6, 0xFD, 0x00, 0x7F, 0xFD, 0xBF,
    0x40, 0x3D, 0x3F, 0x2F, 0xC0, 0x3D, 0x00, 0x0B, 0xF0, 0x2E, 0x00, 0x02, 0xFC, 0x2F, 0x00, 0x00,
    0xBF, 0x1F, 0xE0, 0x00, 0x2F, 0xCF, 0xFC, 0x00, 0x0B, 0xFF, 0xBF, 0x80, 0x02, 0xFF, 0x8B, 0xF0,
    0x00, 0xBF, 0xC0, 0xFE, 0x00, 0x2F, 0xC0, 0x2F, 0xD0, 0x0B, 0xF0, 0x03, 0xFC, 0x02, 0xFC, 0x00,
    0xBF, 0x80, 0x7F, 0x00, 0x0F, 0xFF, 0xDF, 0xC0, 0x01, 0xFF, 0xD0, 0x00, 0x00, 0x05, 0x40, 0x00,
    0x00, 0x00, 0x00, 0x00, 0x02, 0xFF, 0x80, 0x00, 0x00, 0x03, 0xFF, 0xFC, 0x00, 0x00, 0x02, 0xFC,
    0x2F, 0x80, 0x00, 0x00, 0xBF, 0x03, 0xF4, 0x00, 0x00, 0x1F, 0xD0, 0x7E, 0x00, 0x00, 0x01, 0x90,
    0x0F, 0xC0, 0x00, 0x00, 0x00, 0x02, 0xF4, 0x00, 0x00, 0x00, 0x00, 0x7E, 0x00, 0x00, 0x00, 0x00,
    0x0F, 0xC0, 0x00, 0x00, 0x00, 0x0B, 0xF4, 0x00, 0x00, 0x00, 0x03, 0xFE, 0x00, 0x00, 0x00, 0x02,
    0xFF, 0xC0, 0x00, 0x00, 0x00, 0xFF, 0xF4, 0x00, 0x00, 0x00, 0xBF, 0xFE, 0x00, 0x00, 0x00, 0x3F,
    0x9F, 0xC0, 0x00, 0x00, 0x1F, 0xD3, 0xF0, 0x00, 0x00, 0x0F, 0xF0, 0xFE, 0x00, 0x00, 0x07, 0xF4,
    0x2F, 0xC0, 0x00, 0x03, 0xFC, 0x03, 0xF0, 0x00, 0x01, 0xFE, 0x00, 0xFE, 0x00, 0x00, 0xFF, 0x00,
    0x2F, 0xC0, 0x00, 0x7F, 0xC0, 0x07, 0xF0, 0x00, 0x3F, 0xD0, 0x00, 0xFE, 0x00, 0x1F, 0xF0, 0x00,
    0x2F, 0xD1, 0x0F, 0xF8, 0x00, 0x07, 0xFF, 0xC3, 0xFC, 0x00, 0x00, 0xBF, 0xE0, 0x00, 0x00, 0x00,
    0x05, 0x40, 0x00, 0x00, 0x00, 0x00, 0x02, 0xFE, 0x00, 0x0B, 0xF4, 0x0B, 0xF4, 0x00, 0x2F, 0xD0,
    0x2F, 0xD0, 0x00, 0xBF, 0x00, 0xBF, 0x40, 0x02, 0xFC, 0x02, 0xFD, 0x00, 0x0B, 0xF0, 0x0B, 0xF4,
    0x00, 0x2F, 0xC0, 0x2F, 0xD0, 0x00, 0xBF, 0x00, 0xBF, 0x00, 0x02, 0xFC, 0x02, 0xFC, 0x00, 0x0B,
    0xF0, 0x07, 0xF0, 0x00, 0x2F, 0xC0, 0x1F, 0xC0, 0x00, 0xBF, 0x00, 0x7F, 0x00, 0x03, 0xFC, 0x01,
    0xFC, 0x00, 0x0F, 0xF0, 0x07, 0xF0, 0x00, 0xBF, 0xC0, 0x1F, 0xF4, 0x1F, 0xBF, 0x80, 0x7F, 0xFF,
    0xFC, 0xFF, 0xF5, 0xFE, 0xFF, 0x80, 0xFF, 0xC7, 0xF0, 0x50, 0x00, 0x50, 0x1F, 0xD0, 0x00, 0x00,
    0x00, 0x7F, 0x40, 0x00, 0x00, 0x01, 0xFD, 0x00, 0x00, 0x00, 0x07, 0xF8, 0x00, 0x00, 0x00, 0x0F,
    0xE0, 0x00, 0x00, 0x00, 0x3F, 0xC0, 0x00, 0x00, 0x00, 0x54, 0x00, 0x00, 0x00, 0x00, 0x00, 0x00,
    0x00, 0x00, 0x02, 0xFF, 0x80, 0x01, 0xFF, 0xBF, 0xFE, 0x00, 0x0F, 0xF1, 0x7F, 0xF0, 0x00, 0xFF,
    0x00, 0xFF, 0x40, 0x0F, 0xF0, 0x03, 0xF8, 0x00, 0xFE, 0x00, 0x3F, 0xC0, 0x1F, 0xE0, 0x01, 0xFC,
    0x02, 0xFD, 0x00, 0x0F, 0xD0, 0x2F, 0xC0, 0x00, 0xFD, 0x03, 0xF8, 0x00, 0x0F, 0xD0, 0x7F, 0x40,
    0x00, 0xBE, 0x0B, 0xF0, 0x00, 0x0B, 0xE0, 0xFC, 0x00, 0x00, 0x7E, 0x2F, 0x80, 0x00, 0x07, 0xE7,
    0xF0, 0x00, 0x00, 0x7F, 0xFC, 0x00, 0x00, 0x03, 0xFF, 0x00, 0x00, 0x00, 0x3F, 0xC0, 0x00, 0x00,
    0x01, 0x60, 0x00, 0x00, 0x1E, 0x00, 0x00, 0x00, 0x7F, 0x80, 0x00, 0x10, 0xBF, 0x80, 0x07, 0xF4,
    0x7F, 0x90, 0xBF, 0xFC, 0x2F, 0xFF, 0xFF, 0xF8, 0x01, 0x7F, 0xFE, 0x40, 0x00, 0xBF, 0xD0, 0x00,
    0x01, 0xFE, 0x00, 0x00, 0x03, 0xF8, 0x00, 0x00, 0x03, 0xF0, 0x00, 0x00, 0x07, 0xF0, 0x00, 0x00,
    0x03, 0xF0, 0x00, 0x00, 0x02, 0xFC, 0x06, 0x90, 0x00, 0xBF, 0xBF, 0xF4, 0x00, 0x1F, 0xFF, 0xF8,
    0x00, 0x2F, 0xFF, 0xF4, 0x01, 0xFD, 0x0A, 0x90, 0x07, 0xF0, 0x00, 0x00, 0x0F, 0xD0, 0x00, 0x00,
    0x1F, 0xC0, 0x00, 0x00, 0x1F, 0xC0, 0x00, 0x00, 0x1F, 0xD0, 0x00, 0x00, 0x1F, 0xF4, 0x00, 0x00,
    0x0F, 0xFF, 0x90, 0x00, 0x07, 0xFF, 0xFF, 0x40, 0x00, 0xBF, 0xFF, 0xF4, 0x00, 0x0B, 0xFF, 0xFC,
    0x00, 0x00, 0x2F, 0xFE, 0x00, 0x00, 0x01, 0xFE, 0x00, 0x00, 0x00, 0xBE, 0x00, 0x00, 0x00, 0xBD,
    0x00, 0x00, 0x00, 0xFC, 0x00, 0x00, 0x01, 0xF4, 0x00, 0x00, 0x03, 0xE0, 0x00, 0x00, 0x00, 0x40,
    0x00, 0x01, 0x54, 0x00, 0x00, 0x07, 0xFF, 0xFD, 0x00, 0x02, 0xFF, 0xFF, 0xF4, 0x00, 0xBF, 0x40,
    0x7F, 0xD0, 0x1F, 0xE0, 0x01, 0xFF, 0x03, 0xFC, 0x00, 0x0F, 0xF4, 0x3F, 0x80, 0x00, 0x7F, 0xC7,
    0xF8, 0x00, 0x03, 0xFC, 0x7F, 0x80, 0x00, 0x3F, 0xCB, 0xF8, 0x00, 0x03, 0xFC, 0xBF, 0x80, 0x00,
    0x3F, 0xC7, 0xF8, 0x00, 0x03, 0xFC, 0x7F, 0xC0, 0x00, 0x7F, 0x83, 0xFD, 0x00, 0x0B, 0xF4, 0x2F,
    0xF0, 0x00, 0xFF, 0x00, 0xFF, 0xC0, 0x3F, 0xC0, 0x03, 0xFF, 0xFF, 0xF4, 0x00, 0x0B, 0xFF, 0xF8,
    0x00, 0x00, 0x05, 0x54, 0x00, 0x00, 0x00, 0x00, 0x55, 0x55, 0x55, 0x0B, 0xFF, 0xFF, 0xFF, 0xFF,
    0xD7, 0xFF, 0xFF, 0xFF, 0xFF, 0xF5, 0xFF, 0xFF, 0xFF, 0xFF, 0xFD, 0x00, 0x3D, 0x00, 0x2F, 0x40,
    0x00, 0x1F, 0x40, 0x0F, 0xD0, 0x00, 0x0B, 0xC0, 0x03, 0xF4, 0x00, 0x03, 0xF0, 0x00, 0xFD, 0x00,
    0x00, 0xFC, 0x00, 0x3F, 0x40, 0x00, 0x3F, 0x00, 0x0F, 0xD0, 0x00, 0x1F, 0xC0, 0x03, 0xF4, 0x00,
    0x0B, 0xE0, 0x00, 0xFD, 0x00, 0x03, 0xF8, 0x00, 0x3F, 0x40, 0x00, 0xFE, 0x00, 0x1F, 0xD0, 0x00,
    0x7F, 0x40, 0x03, 0xF4, 0x00, 0x1F, 0xD0, 0x00, 0xFF, 0x55, 0x0B, 0xF0, 0x00, 0x2F, 0xFF, 0x83,
    0xFC, 0x00, 0x03, 0xFF, 0xD0, 0x00, 0x00, 0x00, 0x15, 0x40, 0x00, 0x01, 0x54, 0x00, 0x00, 0x1F,
    0xFF, 0xE0, 0x00, 0x2F, 0xFF, 0xFF, 0x40, 0x2F, 0xD0, 0x1F, 0xF0, 0x0F, 0xD0, 0x01, 0xFE, 0x0B,
    0xF0, 0x00, 0x3F, 0xC3, 0xF8, 0x00, 0x0B, 0xF4, 0xFD, 0x00, 0x01, 0xFE, 0x3F, 0x40, 0x00, 0x7F,
    0x8F, 0xD0, 0x00, 0x1F, 0xF3, 0xF4, 0x00, 0x07, 0xF8, 0xFD, 0x00, 0x01, 0xFE, 0x3F, 0x40, 0x00,
    0xBF, 0x4F, 0xD0, 0x00, 0x3F, 0xC3, 0xF4, 0x00, 0x2F, 0xE0, 0xFF, 0x40, 0x2F, 0xF0, 0x3F, 0xFF,
    0xFF, 0xF0, 0x0F, 0xEB, 0xFF, 0xE0, 0x03, 0xF4, 0x15, 0x40, 0x00, 0xFD, 0x00, 0x00, 0x00, 0x3F,
    0x40, 0x00, 0x00, 0x0F, 0xE0, 0x00, 0x00, 0x03, 0xF8, 0x00, 0x00, 0x00, 0xFF, 0x00, 0x00, 0x00,
    0x3F, 0xC0, 0x00, 0x00, 0x05, 0x40, 0x00, 0x00, 0x00, 0x00, 0x01, 0x54, 0x00, 0x00, 0x7F, 0xFF,
    0x80, 0x02, 0xFF, 0xAF, 0xF0, 0x0B, 0xF4, 0x02, 0xF8, 0x1F, 0xE0, 0x03, 0xFC, 0x3F, 0xC0, 0x07,
    0xFC, 0x3F, 0x80, 0x03, 0xF8, 0x7F, 0x80, 0x00, 0x50, 0xBF, 0x40, 0x00, 0x00, 0xBF, 0x40, 0x00,
    0x00, 0xBF, 0x80, 0x00, 0x00, 0x7F, 0xC0, 0x00, 0x00, 0x3F, 0xC0, 0x00, 0x00, 0x3F, 0xF0, 0x00,
    0x00, 0x1F, 0xFE, 0x40, 0x00, 0x0B, 0xFF, 0xF9, 0x00, 0x01, 0xFF, 0xFF, 0xC0, 0x00, 0x2F, 0xFF,
    0xF0, 0x00, 0x01, 0xBF, 0xF4, 0x00, 0x00, 0x0B, 0xF8, 0x00, 0x00, 0x03, 0xF4, 0x00, 0x00, 0x03,
    0xF0, 0x00, 0x00, 0x03, 0xF0, 0x00, 0x00, 0x0B, 0xC0, 0x00, 0x00, 0x0F, 0x40, 0x00, 0x00, 0x01,
    0x00, 0x00, 0x00, 0x15, 0x55, 0x54, 0x00, 0x6F, 0xFF, 0xFF, 0xF0, 0x0F, 0xFF, 0xFF, 0xFF, 0xC0,
    0xFF, 0xE5, 0xFE, 0xAA, 0x0F, 0xF8, 0x01, 0xFD, 0x00, 0xBF, 0x80, 0x02, 0xFC, 0x03, 0xFC, 0x00,
    0x07, 0xF4, 0x1F, 0xF0, 0x00, 0x0F, 0xF0, 0x7F, 0x80, 0x00, 0x3F, 0xC2, 0xFE, 0x00, 0x00, 0xFF,
    0x0B, 0xF8, 0x00, 0x03, 0xFC, 0x1F, 0xE0, 0x00, 0x0F, 0xF0, 0x3F, 0xC0, 0x00, 0x3F, 0xC0, 0xFF,
    0x00, 0x01, 0xFD, 0x01, 0xFE, 0x00, 0x0F, 0xF0, 0x03, 0xFE, 0x00, 0xBF, 0x40, 0x03, 0xFF, 0xFF,
    0xF4, 0x00, 0x01, 0xFF, 0xFE, 0x00, 0x00, 0x00, 0x15, 0x40, 0x00, 0x00, 0x00, 0x05, 0x55, 0x55,
    0x0B, 0xFF, 0xFF, 0xFF, 0xD7, 0xFF, 0xFF, 0xFF, 0xF5, 0xFF, 0xFF, 0xFF, 0xFC, 0x00, 0x0B, 0xD0,
    0x00, 0x00, 0x03, 0xF0, 0x00, 0x00, 0x00, 0xFC, 0x00, 0x00, 0x00, 0x3F, 0x00, 0x00, 0x00, 0x0F,
    0xC0, 0x00, 0x00, 0x07, 0xF0, 0x00, 0x00, 0x01, 0xFC, 0x00, 0x00, 0x00, 0x7F, 0x00, 0x00, 0x00,
    0x1F, 0xC0, 0x00, 0x00, 0x07, 0xF0, 0x00, 0x00, 0x01, 0xFD, 0x00, 0x00, 0x00, 0x3F, 0xE5, 0xF0,
    0x00, 0x0F, 0xFF, 0xFC, 0x00, 0x00, 0xFF, 0xF8, 0x00, 0x00, 0x05, 0x50, 0x00, 0x00, 0x00, 0x00,
    0x00, 0x00, 0x7F, 0xE0, 0x00, 0xFE, 0x03, 0xFF, 0xC0, 0x03, 0xFC, 0x05, 0xBF, 0x40, 0x0B, 0xF8,
    0x01, 0xFD, 0x00, 0x0F, 0xF0, 0x03, 0xF4, 0x00, 0x3F, 0xC0, 0x1F, 0xD0, 0x00, 0xBF, 0x40, 0x7F,
    0x00, 0x02, 0xFD, 0x01, 0xFC, 0x00, 0x07, 0xF8, 0x07, 0xF0, 0x00, 0x1F, 0xE0, 0x1F, 0xC0, 0x00,
    0x7F, 0x80, 0x7F, 0x00, 0x01, 0xFD, 0x01, 0xFC, 0x00, 0x0B, 0xF0, 0x07, 0xF4, 0x00, 0x3F, 0xC0,
    0x0F, 0xF0, 0x01, 0xFD, 0x00, 0x2F, 0xE0, 0x1F, 0xF0, 0x00, 0x3F, 0xFF, 0xFF, 0x00, 0x00, 0x2F,
    0xFF, 0xE0, 0x00, 0x00, 0x05, 0x54, 0x00, 0x00, 0x00, 0x00, 0x0A, 0xA0, 0x00, 0x00, 0x00, 0x00,
    0x0F, 0xF0, 0x00, 0x00, 0x00, 0x00, 0x0F, 0xF0, 0x00, 0x00, 0x00, 0x00, 0x0F, 0xF0, 0x00, 0x00,
    0x00, 0x00, 0x0F, 0xF0, 0x00, 0x00, 0x00, 0x00, 0x0F, 0xE0, 0x00, 0x00, 0x00, 0x00, 0x1F, 0xF4,
    0x00, 0x00, 0x00, 0x1B, 0xFF, 0xFF, 0xE4, 0x00, 0x00, 0xFF, 0xEF, 0xFF, 0xFF, 0x00, 0x07, 0xFC,
    0x0F, 0xE0, 0xBF, 0xD0, 0x0F, 0xF0, 0x0F, 0xE0, 0x1F, 0xF0, 0x2F, 0xC0, 0x0F, 0xE0, 0x0B, 0xF8,
    0x3F, 0xC0, 0x0F, 0xE0, 0x03, 0xFC, 0x7F, 0x80, 0x0F, 0xE0, 0x03, 0xFD, 0x7F, 0x40, 0x0F, 0xE0,
    0x02, 0xFD, 0xBF, 0x40, 0x0F, 0xE0, 0x02, 0xFD, 0xBF, 0x80, 0x0F, 0xD0, 0x02, 0xFD, 0x7F, 0x80,
    0x0F, 0xD0, 0x02, 0xFC, 0x3F, 0xC0, 0x0F, 0xD0, 0x03, 0xFC, 0x3F, 0xD0, 0x0B, 0xD0, 0x07, 0xF4,
    0x0F, 0xF0, 0x0B, 0xD0, 0x0F, 0xF0, 0x07, 0xFE, 0x0B, 0xD0, 0x3F, 0xC0, 0x01, 0xFF, 0xFF, 0xEB,
    0xFF, 0x00, 0x00, 0x1F, 0xFF, 0xFF, 0xE4, 0x00, 0x00, 0x00, 0x5F, 0xE4, 0x00, 0x00, 0x00, 0x00,
    0x0B, 0xD0, 0x00, 0x00, 0x00, 0x00, 0x0B, 0xD0, 0x00, 0x00, 0x00, 0x00, 0x0B, 0xD0, 0x00, 0x00,
    0x00, 0x00, 0x0B, 0xC0, 0x00, 0x00, 0x00, 0x00, 0x0B, 0xC0, 0x00, 0x00, 0x00, 0x00, 0x0B, 0xC0,
    0x00, 0x00, 0x00, 0x00, 0x01, 0x40, 0x00, 0x00, 0x00, 0x00, 0x00, 0x00, 0x00, 0x2F, 0xF4, 0x00,
    0x0F, 0xF0, 0xBF, 0xFD, 0x00, 0x1F, 0xE0, 0x17, 0xFF, 0x00, 0x3F, 0xC0, 0x00, 0xFF, 0x40, 0x3F,
    0x40, 0x00, 0x7F, 0x80, 0xBF, 0x00, 0x00, 0x3F, 0xC0, 0xFC, 0x00, 0x00, 0x1F, 0xD2, 0xF8, 0x00,
    0x00, 0x0F, 0xE3, 0xF0, 0x00, 0x00, 0x0B, 0xF7, 0xD0, 0x00, 0x00, 0x03, 0xFF, 0xC0, 0x00, 0x00,
    0x03, 0xFF, 0x00, 0x00, 0x00, 0x01, 0xFE, 0x00, 0x00, 0x00, 0x00, 0xFF, 0x00, 0x00, 0x00, 0x02,
    0xFF, 0x00, 0x00, 0x00, 0x03, 0xFF, 0x80, 0x00, 0x00, 0x0F, 0xEF, 0xC0, 0x00, 0x00, 0x1F, 0x8F,
    0xD0, 0x00, 0x00, 0x3F, 0x0F, 0xF0, 0x00, 0x00, 0xBF, 0x0B, 0xF4, 0x00, 0x00, 0xFD, 0x03, 0xF8,
    0x00, 0x02, 0xFC, 0x03, 0xFC, 0x00, 0x07, 0xF4, 0x01, 0xFF, 0x00, 0x0F, 0xF0, 0x00, 0xFF, 0xFC,
    0x1F, 0xE0, 0x00, 0x7F, 0xFC, 0x15, 0x40, 0x00, 0x0A, 0x90, 0x00, 0x00, 0x00, 0xA9, 0x00, 0x00,
    0x00, 0x00, 0x00, 0x3F, 0x80, 0x00, 0x00, 0x00, 0x00, 0x0F, 0xE0, 0x00, 0x00, 0x00, 0x00, 0x03,
    0xF8, 0x00, 0x00, 0x00, 0x00, 0x00, 0xFE, 0x00, 0x00, 0x00, 0x00, 0x00, 0x3F, 0x80, 0x00, 0x00,
    0x00, 0x00, 0x0F, 0xE0, 0x00, 0x00, 0x7F, 0xD0, 0x03, 0xF8, 0x0F, 0xE0, 0x3F, 0xFC, 0x00, 0xFD,
    0x03, 0xFC, 0x05, 0xBF, 0x40, 0x3F, 0x40, 0xBF, 0x40, 0x1F, 0xD0, 0x0F, 0xD0, 0x1F, 0xE0, 0x03,
    0xF4, 0x03, 0xF4, 0x03, 0xFC, 0x01, 0xFD, 0x00, 0xFD, 0x00, 0xFF, 0x00, 0x7F, 0x00, 0x3F, 0x40,
    0x2F, 0xC0, 0x1F, 0xC0, 0x0F, 0xD0, 0x0B, 0xF4, 0x07, 0xF0, 0x03, 0xF4, 0x02, 0xFD, 0x01, 0xFC,
    0x00, 0xFD, 0x00, 0xBF, 0x40, 0x7F, 0x00, 0x3F, 0x40, 0x2F, 0xC0, 0x1F, 0xC0, 0x0F, 0xC0, 0x0F,
    0xF0, 0x07, 0xF4, 0x03, 0xF0, 0x07, 0xF4, 0x00, 0xFF, 0x00, 0xFC, 0x03, 0xFC, 0x00, 0x1F, 0xF0,
    0x3F, 0x07, 0xFC, 0x00, 0x02, 0xFF, 0xFF, 0xFF, 0xFC, 0x00, 0x00, 0x1B, 0xFF, 0xFF, 0xF8, 0x00,
    0x00, 0x00, 0x15, 0xFD, 0x40, 0x00, 0x00, 0x00, 0x00, 0x3F, 0x00, 0x00, 0x00, 0x00, 0x00, 0x0F,
    0xC0, 0x00, 0x00, 0x00, 0x00, 0x03, 0xF0, 0x00, 0x00, 0x00, 0x00, 0x00, 0xFC, 0x00, 0x00, 0x00,
    0x00, 0x00, 0x3F, 0x00, 0x00, 0x00, 0x00, 0x00, 0x0F, 0xC0, 0x00, 0x00, 0x00, 0x00, 0x01, 0x50,
    0x00, 0x00, 0x00, 0x00, 0x00, 0x00, 0x00, 0x00, 0x00, 0x1F, 0x40, 0x00, 0x0B, 0xF4, 0x00, 0x1F,
    0xC0, 0x00, 0x01, 0xFF, 0x00, 0x0F, 0xE0, 0x00, 0x00, 0x2F, 0xE0, 0x0F, 0xF0, 0x00, 0x00, 0x03,
    0xFC, 0x07, 0xF8, 0x00, 0x00, 0x00, 0xBF, 0x42, 0xFC, 0x00, 0x3F, 0x00, 0x1F, 0xE0, 0xFF, 0x00,
    0x2F, 0xE0, 0x03, 0xFC, 0x3F, 0xC0, 0x0F, 0xFC, 0x00, 0xFF, 0x1F, 0xE0, 0x03, 0xFF, 0x00, 0x3F,
    0xC7, 0xF8, 0x00, 0xBF, 0x80, 0x0B, 0xF1, 0xFE, 0x00, 0x1F, 0xC0, 0x03, 0xFC, 0x3F, 0x80, 0x03,
    0xE0, 0x00, 0xFF, 0x0F, 0xF0, 0x00, 0xFC, 0x00, 0x3F, 0x82, 0xFD, 0x00, 0xBF, 0x80, 0x2F, 0xD0,
    0x3F, 0xD1, 0xBD, 0xF9, 0x2F, 0xF0, 0x07, 0xFF, 0xFD, 0x2F, 0xFF, 0xF0, 0x00, 0x7F, 0xFD, 0x01,
    0xFF, 0xF0, 0x00, 0x01, 0x54, 0x00, 0x05, 0x40, 0x00, 0x00, 0x00, 0x00, 0x0B, 0xD0, 0x3F, 0x47,
    0xFC, 0x2F, 0xF2, 0xFF, 0x0B, 0xFC, 0x3F, 0x81, 0xFE, 0x01, 0x40, 0x05, 0x00, 0x00, 0x00, 0x00,
    0x00, 0x00, 0x00, 0x00, 0x00, 0x00, 0x00, 0x3F, 0xC0, 0x00, 0x0F, 0xF0, 0x00, 0x03, 0xFC, 0x00,
    0x00, 0xFF, 0x00, 0x00, 0x3F, 0xC0, 0x00, 0x0F, 0xF0, 0x00, 0x03, 0xFC, 0x00, 0x00, 0xFF, 0x00,
    0x00, 0x3F, 0x80, 0x00, 0x0F, 0xE0, 0x00, 0x03, 0xF8, 0x00, 0x00, 0xFE, 0x00, 0x00, 0x3F, 0x80,
    0x00, 0x0B, 0xF0, 0x00, 0x02, 0xFE, 0x58, 0x00, 0x3F, 0xFF, 0x40, 0x07, 0xFF, 0x80, 0x00, 0x15,
    0x00, 0x00, 0x00, 0x00, 0x00, 0x00, 0x00, 0xFC, 0x03, 0xF0, 0x00, 0x0B, 0xFC, 0x3F, 0xE0, 0x00,
    0x3F, 0xF0, 0xFF, 0x80, 0x00, 0x7F, 0x42, 0xFD, 0x00, 0x00, 0x54, 0x01, 0x40, 0x00, 0x00, 0x00,
    0x00, 0x00, 0x00, 0x00, 0x00, 0x00, 0x00, 0x00, 0x00, 0x00, 0x00, 0x00, 0x7F, 0xE0, 0x00, 0xFE,
    0x03, 0xFF, 0xC0, 0x03, 0xFC, 0x05, 0xBF, 0x40, 0x0B, 0xF8, 0x01, 0xFD, 0x00, 0x0F, 0xF0, 0x03,
    0xF4, 0x00, 0x3F, 0xC0, 0x1F, 0xD0, 0x00, 0xBF, 0x40, 0x7F, 0x00, 0x02, 0xFD, 0x01, 0xFC, 0x00,
    0x07, 0xF8, 0x07, 0xF0, 0x00, 0x1F, 0xE0, 0x1F, 0xC0, 0x00, 0x7F, 0x80, 0x7F, 0x00, 0x01, 0xFD,
    0x01, 0xFC, 0x00, 0x0B, 0xF0, 0x07, 0xF4, 0x00, 0x3F, 0xC0, 0x0F, 0xF0, 0x01, 0xFD, 0x00, 0x2F,
    0xE0, 0x1F, 0xF0, 0x00, 0x3F, 0xFF, 0xFF, 0x00, 0x00, 0x2F, 0xFF, 0xE0, 0x00, 0x00, 0x05, 0x54,
    0x00, 0x00, 0x00, 0x00, 0x07, 0x80, 0x00, 0x00, 0x00, 0xFE, 0x00, 0x00, 0x00, 0x1F, 0xF0, 0x00,
    0x00, 0x03, 0xFC, 0x00, 0x00, 0x00, 0x3F, 0x00, 0x00, 0x00, 0x0B, 0xC0, 0x00, 0x00, 0x00, 0xF4,
    0x00, 0x00, 0x00, 0x09, 0x00, 0x00, 0x00, 0x00, 0x00, 0x00, 0x00, 0x00, 0x15, 0x40, 0x00, 0x00,
    0x7F, 0xFF, 0xD0, 0x00, 0x2F, 0xFF, 0xFF, 0x40, 0x0B, 0xF4, 0x07, 0xFD, 0x01, 0xFE, 0x00, 0x1F,
    0xF0, 0x3F, 0xC0, 0x00, 0xFF, 0x43, 0xF8, 0x00, 0x07, 0xFC, 0x7F, 0x80, 0x00, 0x3F, 0xC7, 0xF8,
    0x00, 0x03, 0xFC, 0xBF, 0x80, 0x00, 0x3F, 0xCB, 0xF8, 0x00, 0x03, 0xFC, 0x7F, 0x80, 0x00, 0x3F,
    0xC7, 0xFC, 0x00, 0x07, 0xF8, 0x3F, 0xD0, 0x00, 0xBF, 0x42, 0xFF, 0x00, 0x0F, 0xF0, 0x0F, 0xFC,
    0x03, 0xFC, 0x00, 0x3F, 0xFF, 0xFF, 0x40, 0x00, 0xBF, 0xFF, 0x80, 0x00, 0x00, 0x55, 0x40, 0x00,
    0x00, 0x00, 0x00, 0xB4, 0x00, 0x00, 0x00, 0x07, 0xF0, 0x00, 0x00, 0x00, 0x3F, 0xC0, 0x00, 0x00,
    0x01, 0xFD, 0x00, 0x00, 0x00, 0x0B, 0xE0, 0x00, 0x00, 0x00, 0x3E, 0x00, 0x00, 0x00, 0x02, 0xE0,
    0x00, 0x00, 0x00, 0x06, 0x00, 0x00, 0x00, 0x00, 0x00, 0x00, 0x00, 0x00, 0x00, 0x00, 0x00, 0x01,
    0xFF, 0x80, 0x03, 0xF8, 0x0F, 0xFF, 0x00, 0x0F, 0xF0, 0x16, 0xFD, 0x00, 0x2F, 0xE0, 0x07, 0xF4,
    0x00, 0x3F, 0xC0, 0x0F, 0xD0, 0x00, 0xFF, 0x00, 0x7F, 0x40, 0x02, 0xFD, 0x01, 0xFC, 0x00, 0x0B,
    0xF4, 0x07, 0xF0, 0x00, 0x1F, 0xE0, 0x1F, 0xC0, 0x00, 0x7F, 0x80, 0x7F, 0x00, 0x01, 0xFE, 0x01,
    0xFC, 0x00, 0x07, 0xF4, 0x07, 0xF0, 0x00, 0x2F, 0xC0, 0x1F, 0xD0, 0x00, 0xFF, 0x00, 0x3F, 0xC0,
    0x07, 0xF4, 0x00, 0xBF, 0x80, 0x7F, 0xC0, 0x00, 0xFF, 0xFF, 0xFC, 0x00, 0x00, 0xBF, 0xFF, 0x80,
    0x00, 0x00, 0x15, 0x50, 0x00, 0x00, 0x00, 0x00, 0x07, 0x80, 0x00, 0x00, 0x00, 0x00, 0x03, 0xF8,
    0x00, 0x00, 0x00, 0x00, 0x01, 0xFE, 0x00, 0x00, 0x00, 0x00, 0x00, 0xFF, 0x00, 0x00, 0x00, 0x00,
    0x00, 0x3F, 0x00, 0x00, 0x00, 0x00, 0x00, 0x2F, 0x00, 0x00, 0x00, 0x00, 0x00, 0x0F, 0x00, 0x00,
    0x00, 0x00, 0x00, 0x02, 0x40, 0x00, 0x00, 0x00, 0x00, 0x00, 0x00, 0x00, 0x00, 0x00, 0x00, 0x00,
    0x00, 0x00, 0x00, 0x00, 0x07, 0xD0, 0x00, 0x02, 0xFD, 0x00, 0x07, 0xF0, 0x00, 0x00, 0x7F, 0xC0,
    0x03, 0xF8, 0x00, 0x00, 0x0B, 0xF8, 0x03, 0xFC, 0x00, 0x00, 0x00, 0xFF, 0x01, 0xFE, 0x00, 0x00,
    0x00, 0x2F, 0xD0, 0xBF, 0x00, 0x0F, 0xC0, 0x07, 0xF8, 0x3F, 0xC0, 0x0B, 0xF8, 0x00, 0xFF, 0x0F,
    0xF0, 0x03, 0xFF, 0x00, 0x3F, 0xC7, 0xF8, 0x00, 0xFF, 0xC0, 0x0F, 0xF1, 0xFE, 0x00, 0x2F, 0xE0,
    0x02, 0xFC, 0x7F, 0x80, 0x07, 0xF0, 0x00, 0xFF, 0x0F, 0xE0, 0x00, 0xF8, 0x00, 0x3F, 0xC3, 0xFC,
    0x00, 0x3F, 0x00, 0x0F, 0xE0, 0xBF, 0x40, 0x2F, 0xE0, 0x0B, 0xF4, 0x0F, 0xF4, 0x6F, 0x7E, 0x4B,
    0xFC, 0x01, 0xFF, 0xFF, 0x4B, 0xFF, 0xFC, 0x00, 0x1F, 0xFF, 0x40, 0x7F, 0xFC, 0x00, 0x00, 0x55,
    0x00, 0x01, 0x50, 0x00, 0x00, 0x00, 0x00, 0x14, 0x2F, 0xD0, 0x00, 0xBF, 0xCB, 0xF4, 0x00, 0xFF,
    0xF6, 0xFC, 0x00, 0xFF, 0xFD, 0xBF, 0x00, 0xFC, 0x3F, 0x2F, 0xC0, 0xFC, 0x00, 0x0B, 0xF0, 0xBF,
    0x00, 0x02, 0xFC, 0x3F, 0xC0, 0x00, 0xBF, 0x3F, 0xF0, 0x00, 0x2F, 0xDE, 0xFD, 0x00, 0x0B, 0xFF,
    0x3F, 0xC0, 0x02, 0xFF, 0x4B, 0xFC, 0x00, 0xBF, 0x80, 0xFF, 0x80, 0x2F, 0xC0, 0x1F, 0xF8, 0x0B,
    0xF0, 0x02, 0xFF, 0x41, 0xFC, 0x00, 0x3F, 0xF0, 0x7F, 0x00, 0x03, 0xFF, 0x1F, 0xC0, 0x00, 0x3F,
    0xC0, 0x00, 0x00, 0x07, 0xF4, 0x00, 0x00, 0x00, 0xFE, 0x00, 0x00, 0x00, 0x3F, 0x40, 0x00, 0x00,
    0x2F, 0xD0, 0x00, 0x00, 0x2F, 0xF0, 0x00, 0x1B, 0xFF, 0xF0, 0x00, 0x0B, 0xFF, 0xF0, 0x00, 0x00,
    0xAA, 0x40, 0x00, 0x00, 0x00, 0x6B, 0xF9, 0x00, 0x00, 0x00, 0x0B, 0xFF, 0xFF, 0xE0, 0x00, 0x00,
    0x3F, 0xFA, 0xBF, 0xFC, 0x00, 0x00, 0xFF, 0x40, 0x02, 0xFF, 0x00, 0x03, 0xFC, 0x00, 0x00, 0xBF,
    0xC0, 0x0B, 0xF4, 0x00, 0x00, 0x3F, 0xE0, 0x0F, 0xE0, 0x00, 0x00, 0x1F, 0xF0, 0x2F, 0xD0, 0x00,
    0x00, 0x0F, 0xF4, 0x3F, 0xC0, 0x00, 0x00, 0x0B, 0xF8, 0x3F, 0xC0, 0x00, 0x00, 0x07, 0xFC, 0x7F,
    0xC0, 0x00, 0x00, 0x07, 0xFC, 0x7F, 0xC0, 0x00, 0x00, 0x07, 0xFC, 0x7F, 0xC0, 0x00, 0x00, 0x03,
    0xFC, 0x7F, 0xC0, 0x00, 0x00, 0x07, 0xFC, 0x7F, 0xC0, 0x00, 0x00, 0x07, 0xFC, 0x3F, 0xC0, 0x00,
    0x00, 0x0B, 0xF8, 0x3F, 0xD0, 0x06, 0x90, 0x0B, 0xF4, 0x2F, 0xE0, 0x0F, 0xE0, 0x0F, 0xF0, 0x1F,
    0xF0, 0x0F, 0xE0, 0x1F, 0xD0, 0x0B, 0xFC, 0x0F, 0xE0, 0x3F, 0xC0, 0x03, 0xFE, 0x0F, 0xD0, 0xFF,
    0x00, 0x01, 0xFF, 0xDF, 0xEB, 0xFD, 0x00, 0x00, 0x3F, 0xFF, 0xFF, 0xF0, 0x00, 0x00, 0x07, 0xFF,
    0xFF, 0x40, 0x00, 0x00, 0x00, 0x1F, 0xE0, 0x00, 0x00, 0x00, 0x00, 0x0F, 0xD0, 0x00, 0x00, 0x00,
    0x00, 0x0F, 0xE0, 0x00, 0x00, 0x00, 0x00, 0x0F, 0xE0, 0x00, 0x00, 0x00, 0x00, 0x0F, 0xE0, 0x00,
    0x00, 0x00, 0x00, 0x0F, 0xE0, 0x00, 0x00, 0x00, 0x00, 0x0F, 0xE0, 0x00, 0x00, 0x00, 0x00, 0x00,
    0x00, 0x00, 0x00, 0x00, 0x01, 0x54, 0x00, 0x00, 0x06, 0xFF, 0xFD, 0x00, 0x02, 0xFF, 0xFF, 0xFC,
    0x00, 0xBF, 0x40, 0x2F, 0xF0, 0x1F, 0xD0, 0x00, 0xFF, 0x43, 0xFC, 0x00, 0x07, 0xFC, 0x3F, 0x80,
    0x00, 0x3F, 0xC7, 0xF4, 0x00, 0x02, 0xFD, 0x7F, 0x40, 0x00, 0x2F, 0xDB, 0xF4, 0x00, 0x01, 0xFD,
    0xBF, 0x40, 0x00, 0x1F, 0xD7, 0xF8, 0x00, 0x02, 0xFD, 0x7F, 0xC0, 0x00, 0x2F, 0xC3, 0xFC, 0x1F,
    0x43, 0xF8, 0x2F, 0xF0, 0xF4, 0xBF, 0x00, 0xFF, 0xDF, 0x5F, 0xE0, 0x03, 0xFF, 0xFF, 0xF8, 0x00,
    0x0B, 0xFF, 0xFD, 0x00, 0x00, 0x01, 0xF4, 0x00, 0x00, 0x00, 0x0F, 0x00, 0x00, 0x00, 0x00, 0xF4,
    0x00, 0x00, 0x00, 0x1F, 0x40, 0x00, 0x00, 0x01, 0xF4, 0x00, 0x00, 0x00, 0x04, 0x00, 0x00, 0x00,
    0x00, 0x6F, 0xE8, 0x00, 0x00, 0x0B, 0xFF, 0xFF, 0xC0, 0x00, 0x7F, 0xFA, 0xAF, 0xF4, 0x01, 0xFF,
    0x40, 0x03, 0xFC, 0x03, 0xFC, 0x00, 0x03, 0xFD, 0x0F, 0xF4, 0x00, 0x0B, 0xFD, 0x1F, 0xF0, 0x00,
    0x0B, 0xFC, 0x2F, 0xD0, 0x00, 0x02, 0xF4, 0x3F, 0xC0, 0x00, 0x00, 0x00, 0x3F, 0xC0, 0x00, 0x00,
    0x00, 0x7F, 0xC0, 0x00, 0x00, 0x00, 0x7F, 0xC0, 0x00, 0x00, 0x00, 0x7F, 0xC0, 0x00, 0x00, 0x00,
    0x7F, 0xC0, 0x00, 0x00, 0x00, 0x3F, 0xD0, 0x00, 0x00, 0x00, 0x3F, 0xE0, 0x00, 0x00, 0x00, 0x3F,
    0xF4, 0x00, 0x00, 0x00, 0x1F, 0xFD, 0x00, 0x00, 0x00, 0x0F, 0xFF, 0x80, 0x00, 0x00, 0x03, 0xFF,
    0xF9, 0x00, 0x00, 0x00, 0xFF, 0xFF, 0xE4, 0x00, 0x00, 0x1F, 0xFF, 0xFF, 0x00, 0x00, 0x01, 0xFF,
    0xFF, 0xC0, 0x00, 0x00, 0x0B, 0xFF, 0xE0, 0x00, 0x00, 0x00, 0x3F, 0xF0, 0x00, 0x00, 0x00, 0x0F,
    0xF0, 0x00, 0x00, 0x00, 0x07, 0xE0, 0x00, 0x00, 0x00, 0x07, 0xD0, 0x00, 0x00, 0x00, 0x0F, 0xC0,
    0x00, 0x00, 0x00, 0x2F, 0x00, 0x00, 0x00, 0x00, 0x1C, 0x00, 0x00, 0x00, 0x00, 0x00, 0x00, 0x00,
    0x00, 0x00, 0x24, 0x00, 0x00, 0x00, 0x3C, 0x00, 0x00, 0x00, 0x3D, 0x00, 0x01, 0x56, 0xFE, 0x00,
    0x7F, 0xFF, 0xFE, 0x02, 0xFF, 0xFF, 0xFC, 0x0B, 0xFF, 0xAA, 0x50, 0x1F, 0xE0, 0x00, 0x00, 0x3F,
    0x40, 0x00, 0x00, 0x3F, 0x00, 0x00, 0x00, 0x7D, 0x00, 0x00, 0x00, 0xBD, 0x00, 0x00, 0x00, 0xBD,
    0x00, 0x00, 0x00, 0xBE, 0x00, 0x00, 0x00, 0x7F, 0x00, 0x00, 0x00, 0x3F, 0x80, 0x00, 0x00, 0x3F,
    0xE0, 0x00, 0x00, 0x1F, 0xFE, 0x40, 0x00, 0x0B, 0xFF, 0xF9, 0x00, 0x01, 0xFF, 0xFF, 0xC0, 0x00,
    0x2F, 0xFF, 0xF0, 0x00, 0x01, 0xBF, 0xF4, 0x00, 0x00, 0x0B, 0xF8, 0x00, 0x00, 0x03, 0xF4, 0x00,
    0x00, 0x03, 0xF0, 0x00, 0x00, 0x03, 0xF0, 0x00, 0x00, 0x0B, 0xC0, 0x00, 0x00, 0x0F, 0x40, 0x00,
    0x00, 0x01, 0x00, 0x15, 0x55, 0x55, 0x55, 0x40, 0xFF, 0xFF, 0xFF, 0xFF, 0x42, 0xBF, 0xFA, 0xAF,
    0xFE, 0x00, 0x7F, 0xC0, 0x02, 0xFC, 0x01, 0xFF, 0x00, 0x03, 0xF0, 0x07, 0xFC, 0x00, 0x07, 0xC0,
    0x1F, 0xF0, 0x00, 0x0F, 0x40, 0x7F, 0xC0, 0x00, 0x00, 0x01, 0xFF, 0x00, 0x00, 0x00, 0x07, 0xFC,
    0x00, 0xF0, 0x00, 0x1F, 0xF0, 0x03, 0xC0, 0x00, 0x7F, 0xD5, 0x7F, 0x00, 0x01, 0xFF, 0xFF, 0xFC,
    0x00, 0x07, 0xFF, 0xFF, 0xF0, 0x00, 0x1F, 0xF0, 0x0B, 0xC0, 0x00, 0x7F, 0xC0, 0x0F, 0x00, 0x01,
    0xFF, 0x00, 0x3C, 0x00, 0x07, 0xFC, 0x00, 0x00, 0x00, 0x1F, 0xF0, 0x00, 0x00, 0x00, 0x7F, 0xC0,
    0x00, 0x00, 0x01, 0xFF, 0x00, 0x00, 0x00, 0x0B, 0xFC, 0x00, 0x00, 0x03, 0xFF, 0xFF, 0xD0, 0x00,
    0x0F, 0xFF, 0xFF, 0x40, 0x00, 0x00, 0x00, 0x00, 0x00, 0x00, 0x1F, 0xFD, 0x00, 0x03, 0xFF, 0xFE,
    0x00, 0x3F, 0x80, 0xFC, 0x01, 0xFC, 0x0B, 0xF4, 0x0B, 0xF0, 0x2F, 0xC0, 0x3F, 0x80, 0x29, 0x00,
    0xFE, 0x00, 0x00, 0x03, 0xF8, 0x00, 0x00, 0x0F, 0xE0, 0x00, 0x06, 0xFF, 0xFF, 0xD0, 0x3F, 0xFF,
    0xFF, 0x40, 0x57, 0xFD, 0x54, 0x00, 0x0F, 0xE0, 0x00, 0x00, 0x3F, 0x80, 0x00, 0x00, 0xFE, 0x00,
    0x00, 0x03, 0xF8, 0x00, 0x00, 0x0F, 0xE0, 0x00, 0x00, 0x3F, 0x80, 0x00, 0x00, 0xFE, 0x00, 0x00,
    0x03, 0xF8, 0x00, 0x00, 0x0F, 0xE0, 0x00, 0x00, 0x3F, 0x80, 0x00, 0x00, 0xFE, 0x00, 0x00, 0x03,
    0xF8, 0x00, 0x00, 0x0F, 0xE0, 0x00, 0x00, 0x3F, 0x80, 0x00, 0x00, 0x00, 0x00, 0x00, 0x00, 0x7F,
    0x80, 0x00, 0x01, 0xFF, 0xE0, 0x00, 0x00, 0xAF, 0xF0, 0x00, 0x00, 0x0B, 0xF0, 0x00, 0x00, 0x0B,
    0xE0, 0x00, 0x00, 0x0F, 0xC0, 0x00, 0x00, 0x2F, 0x80, 0x00, 0x00, 0x3F, 0x00, 0x3C, 0x00, 0xBD,
    0x02, 0xFE, 0x01, 0xF8, 0x2F, 0xFE, 0x03, 0xF2, 0xFF, 0xFC, 0x0B, 0xEF, 0xFF, 0xF0, 0x1F, 0xFF,
    0xD7, 0xE0, 0x3F, 0xFD, 0x0F, 0xC0, 0x3F, 0xE0, 0x2F, 0x00, 0x2E, 0x00, 0x7E, 0x00, 0x00, 0x00,
    0xFC, 0x00, 0x00, 0x02, 0xF8, 0x00, 0x00, 0x03, 0xF0, 0x00, 0x00, 0x07, 0xF0, 0x00, 0x00, 0x07,
    0xFD, 0x40, 0x00, 0x03, 0xFF, 0xC0, 0x00, 0x01, 0xFE, 0x00, 0x00, 0x00, 0x00, 0x00, 0x00, 0xBE,
    0x00, 0x00, 0x3F, 0xFC, 0x00, 0x02, 0xBF, 0xC0, 0x00, 0x01, 0xFC, 0x00, 0x00, 0x2F, 0x80, 0x00,
    0x03, 0xF0, 0x00, 0x00, 0xFD, 0x00, 0x00, 0x2F, 0x80, 0x00, 0x07, 0xE0, 0x00, 0x00, 0xFF, 0xAA,
    0xA9, 0x3F, 0xFF, 0xFF, 0xD7, 0xFF, 0xFF, 0xF8, 0x00, 0x00, 0x7F, 0x00, 0x00, 0x0F, 0xC0, 0x00,
    0x03, 0xF4, 0x00, 0x00, 0xBE, 0x00, 0x00, 0x1F, 0xC0, 0x00, 0x03, 0xF8, 0x00, 0x00, 0x3F, 0xC4,
    0x00, 0x03, 0xFF, 0xC0, 0x00, 0x0F, 0xF4, 0x00, 0x00, 0x00, 0x00, 0x00, 0x50, 0x00, 0x00, 0x00,
    0x00, 0x03, 0xFF, 0xE4, 0x00, 0x00, 0x00, 0x0F, 0xFF, 0xFE, 0x40, 0x00, 0x00, 0x1A, 0xBF, 0xFF,
    0x80, 0x00, 0x00, 0x00, 0x07, 0xFF, 0xD0, 0x00, 0x00, 0x00, 0x01, 0xFF, 0xD0, 0x00, 0x00, 0x00,
    0x1F, 0xFF, 0xC0, 0x00, 0x00, 0x02, 0xFF, 0x7F, 0xC0, 0x00, 0x00, 0x7F, 0xE0, 0x7F, 0x40, 0x00,
    0x0B, 0xFD, 0x00, 0xFF, 0x00, 0x00, 0xFF, 0xC0, 0x01, 0xFD, 0x00, 0x1F, 0xF8, 0x00, 0x1F, 0xF8,
    0x76, 0xFF, 0x40, 0x02, 0xFF, 0xF0, 0xFF, 0xE0, 0x00, 0x3F, 0xFF, 0xC2, 0xFD, 0x00, 0x07, 0xFE,
    0x3F, 0x43, 0xE0, 0x00, 0xBF, 0xD0, 0xFD, 0x03, 0xC0, 0x0F, 0xFC, 0x03, 0xF8, 0x05, 0x01, 0xFF,
    0x80, 0x0F, 0xE0, 0x07, 0x6F, 0xF0, 0x00, 0x2F, 0x80, 0x0F, 0xFE, 0x00, 0x00, 0xBE, 0x00, 0x1F,
    0xD0, 0x00, 0x03, 0xF8, 0x00, 0x2E, 0x00, 0x00, 0x0F, 0xE0, 0x00, 0x3C, 0x00, 0x00, 0x3F, 0x80,
    0x00, 0x50, 0x00, 0x00, 0x04, 0x00, 0x90, 0x00, 0x00, 0x00, 0x1F, 0xE4, 0x00, 0x00, 0x01, 0xBF,
    0xF0, 0x00, 0x00, 0x00, 0x7F, 0xD0, 0x00, 0x00, 0x00, 0xBF, 0x80, 0x00, 0x00, 0x02, 0xFE, 0x00,
    0x00, 0x00, 0x0B, 0xF4, 0x00, 0x00, 0x00, 0x3F, 0xC0, 0x00, 0x00, 0x7F, 0xFD, 0x00, 0x00, 0xBF,
    0xFF, 0xF0, 0xA1, 0xBF, 0xF4, 0x3F, 0x47, 0xFF, 0xE4, 0x03, 0xF8, 0x3F, 0xD0, 0x00, 0x2F, 0x82,
    0xD0, 0x00, 0x02, 0xFC, 0x0D, 0x00, 0x06, 0xFF, 0xC0, 0x40, 0x07, 0xFF, 0xFC, 0x07, 0x1B, 0xFF,
    0x9F, 0xC0, 0x3F, 0xFF, 0x40, 0xFC, 0x03, 0xFE, 0x00, 0x1F, 0xC0, 0x1E, 0x00, 0x01, 0xF8, 0x00,
    0xE0, 0x00, 0x2F, 0x80, 0x04, 0x00, 0x02, 0xF4, 0x00, 0x00, 0x00, 0x3F, 0x00, 0x00, 0x00, 0x03,
    0xF0, 0x00, 0x00, 0x00, 0xBE, 0x00, 0x00, 0x00, 0x0B, 0xC0, 0x00, 0x00, 0x00, 0x00, 0x00, 0x00,
    0x14, 0x00, 0x50, 0x00, 0x02, 0xFD, 0x0B, 0xF4, 0x00, 0x0F, 0xF8, 0x3F, 0xE0, 0x00, 0x3F, 0xE0,
    0xFF, 0x80, 0x00, 0x7F, 0x01, 0xFC, 0x00, 0x00, 0x00, 0x00, 0x00, 0x00, 0x00, 0x00, 0x00, 0x00,
    0x05, 0x55, 0x55, 0x55, 0x50, 0x3F, 0xFF, 0xFF, 0xFF, 0xC0, 0xAF, 0xFE, 0xAB, 0xFF, 0x40, 0x1F,
    0xF0, 0x00, 0xBE, 0x00, 0x7F, 0xC0, 0x00, 0xFC, 0x01, 0xFF, 0x00, 0x01, 0xF0, 0x07, 0xFC, 0x00,
    0x02, 0x40, 0x1F, 0xF0, 0x00, 0x00, 0x00, 0x7F, 0xC0, 0x0B, 0x00, 0x01, 0xFF, 0x00, 0x3C, 0x00,
    0x07, 0xFC, 0x02, 0xF0, 0x00, 0x1F, 0xFF, 0xFF, 0xC0, 0x00, 0x7F, 0xFF, 0xFF, 0x00, 0x01, 0xFF,
    0x55, 0xFC, 0x00, 0x07, 0xFC, 0x00, 0xF0, 0x00, 0x1F, 0xF0, 0x03, 0xC0, 0x00, 0x7F, 0xC0, 0x00,
    0x00, 0x01, 0xFF, 0x00, 0x00, 0x14, 0x07, 0xFC, 0x00, 0x02, 0xF0, 0x1F, 0xF0, 0x00, 0x0F, 0x80,
    0x7F, 0xC0, 0x00, 0x7E, 0x02, 0xFF, 0x00, 0x0B, 0xF4, 0xFF, 0xFF, 0xFF, 0xFF, 0xD3, 0xFF, 0xFF,
    0xFF, 0xFF, 0x00, 0x05, 0x55, 0x55, 0x55, 0x55, 0x50, 0x00, 0x2F, 0xFF, 0xFF, 0xFF, 0xFF, 0xF0,
    0x00, 0x3F, 0xFE, 0xFF, 0xEA, 0xFF, 0xF4, 0x00, 0x3F, 0x80, 0x3F, 0xC0, 0x07, 0xF8, 0x00, 0x3F,
    0x00, 0x3F, 0xC0, 0x01, 0xFC, 0x00, 0x7D, 0x00, 0x3F, 0xC0, 0x00, 0xFC, 0x00, 0xBC, 0x00, 0x3F,
    0xC0, 0x00, 0x7C, 0x00, 0x68, 0x00, 0x3F, 0xC0, 0x00, 0x24, 0x00, 0x00, 0x00, 0x3F, 0xC0, 0x00,
    0x00, 0x00, 0x00, 0x00, 0x3F, 0xC0, 0x00, 0x00, 0x00, 0x00, 0x00, 0x3F, 0xC1, 0xBF, 0xF8, 0x00,
    0x00, 0x00, 0x3F, 0xDF, 0xFF, 0xFF, 0x80, 0x00, 0x00, 0x3F, 0xFF, 0xA6, 0xFF, 0xE0, 0x00, 0x00,
    0x3F, 0xF4, 0x00, 0x2F, 0xF4, 0x00, 0x00, 0x3F, 0xC0, 0x00, 0x0F, 0xF8, 0x00, 0x00, 0x3F, 0xC0,
    0x00, 0x07, 0xFC, 0x00, 0x00, 0x3F, 0xC0, 0x00, 0x03, 0xFC, 0x00, 0x00, 0x3F, 0xC0, 0x00, 0x03,
    0xFC, 0x00, 0x00, 0x3F, 0xC0, 0x00, 0x03, 0xFC, 0x00, 0x00, 0x3F, 0xC0, 0x00, 0x03, 0xFC, 0x00,
    0x00, 0x7F, 0xC0, 0x00, 0x07, 0xF8, 0x00, 0x00, 0xBF, 0xC0, 0x00, 0x0B, 0xF0, 0x00, 0x0F, 0xFF,
    0xFD, 0x00, 0x0F, 0xE0, 0x00, 0x0F, 0xFF, 0xFE, 0x00, 0x2F, 0xC0, 0x00, 0x00, 0x00, 0x00, 0x00,
    0x7F, 0x00, 0x00, 0x00, 0x00, 0x00, 0x01, 0xFC, 0x00, 0x00, 0x00, 0x00, 0x00, 0x03, 0xF0, 0x00,
    0x00, 0x00, 0x00, 0x00, 0x01, 0x40, 0x00, 0x00, 0x00, 0x00, 0xF0, 0x00, 0x00, 0x00, 0x1F, 0xD0,
    0x00, 0x00, 0x01, 0xFF, 0x40, 0x00, 0x00, 0x1F, 0xF4, 0x00, 0x00, 0x02, 0xFD, 0x00, 0x00, 0x00,
    0x0A, 0x00, 0x00, 0x00, 0x00, 0x00, 0x00, 0x00, 0x05, 0x55, 0x55, 0x55, 0x50, 0x3F, 0xFF, 0xFF,
    0xFF, 0xD0, 0xAF, 0xFE, 0xAB, 0xFF, 0x80, 0x1F, 0xF0, 0x00, 0xFF, 0x00, 0x3F, 0xC0, 0x00, 0xFC,
    0x00, 0xFF, 0x00, 0x02, 0xF0, 0x03, 0xFC, 0x00, 0x03, 0xD0, 0x0F, 0xF0, 0x00, 0x04, 0x00, 0x3F,
    0xC0, 0x00, 0x00, 0x00, 0xFF, 0x00, 0x00, 0x00, 0x03, 0xFC, 0x00, 0x00, 0x00, 0x0F, 0xF0, 0x00,
    0x00, 0x00, 0x3F, 0xC0, 0x00, 0x00, 0x00, 0xFF, 0x00, 0x00, 0x00, 0x03, 0xFC, 0x00, 0x00, 0x00,
    0x0F, 0xF0, 0x00, 0x00, 0x00, 0x3F, 0xC0, 0x00, 0x00, 0x00, 0xFF, 0x00, 0x00, 0x00, 0x03, 0xFC,
    0x00, 0x00, 0x00, 0x0F, 0xF0, 0x00, 0x00, 0x00, 0x7F, 0xC0, 0x00, 0x00, 0x02, 0xFF, 0x00, 0x00,
    0x00, 0xFF, 0xFF, 0xF0, 0x00, 0x03, 0xFF, 0xFF, 0xC0, 0x00, 0x00, 0x00, 0x00, 0x6A, 0xA0, 0x2C,
    0x00, 0x02, 0xFF, 0xFF, 0x8F, 0x00, 0x03, 0xFF, 0xAB, 0xFF, 0xD0, 0x03, 0xFD, 0x00, 0x1F, 0xF4,
    0x03, 0xFD, 0x00, 0x00, 0xFE, 0x02, 0xFE, 0x00, 0x00, 0x0F, 0x80, 0xFF, 0x00, 0x00, 0x02, 0xF0,
    0x7F, 0x80, 0x00, 0x00, 0x78, 0x2F, 0xD0, 0x00, 0x00, 0x00, 0x0F, 0xF4, 0x00, 0x00, 0x00, 0x03,
    0xFC, 0x00, 0x00, 0x00, 0x00, 0xFF, 0xFF, 0xFF, 0xFD, 0x00, 0x3F, 0xFF, 0xFF, 0xFF, 0x40, 0x0F,
    0xF4, 0x00, 0x00, 0x00, 0x03, 0xFD, 0x00, 0x00, 0x00, 0x00, 0xFF, 0x40, 0x00, 0x00, 0x00, 0x2F,
    0xF0, 0x00, 0x00, 0x00, 0x07, 0xFC, 0x00, 0x00, 0x00, 0x00, 0xFF, 0x80, 0x00, 0x00, 0x40, 0x1F,
    0xF4, 0x00, 0x00, 0x7C, 0x03, 0xFF, 0x80, 0x00, 0xBE, 0x00, 0x3F, 0xFE, 0x56, 0xFE, 0x00, 0x02,
    0xFF, 0xFF, 0xFE, 0x00, 0x00, 0x1B, 0xFF, 0xF8, 0x00, 0x00, 0x00, 0x05, 0x40, 0x00, 0x00, 0x00,
    0x0A, 0xF9, 0x0B, 0x00, 0x0B, 0xFF, 0xFD, 0xF0, 0x03, 0xFE, 0x5B, 0xFF, 0x40, 0xBF, 0x00, 0x0B,
    0xF4, 0x0F, 0xD0, 0x00, 0x2F, 0x41, 0xFD, 0x00, 0x00, 0xF8, 0x2F, 0xD0, 0x00, 0x0B, 0x82, 0xFF,
    0x00, 0x00, 0x10, 0x1F, 0xF8, 0x00, 0x00, 0x00, 0xFF, 0xF8, 0x00, 0x00, 0x07, 0xFF, 0xFD, 0x00,
    0x00, 0x2F, 0xFF, 0xFE, 0x00, 0x00, 0x7F, 0xFF, 0xFD, 0x00, 0x00, 0x2F, 0xFF, 0xF0, 0x00, 0x00,
    0x1B, 0xFF, 0xC0, 0x00, 0x00, 0x0F, 0xFC, 0x00, 0x00, 0x00, 0x3F, 0xD3, 0xC0, 0x00, 0x02, 0xFD,
    0x3E, 0x00, 0x00, 0x2F, 0xC3, 0xF4, 0x00, 0x02, 0xFC, 0x3F, 0xD0, 0x00, 0x3F, 0x83, 0xFF, 0x80,
    0x1F, 0xF0, 0x3E, 0xFF, 0xFF, 0xFC, 0x02, 0xC2, 0xFF, 0xFE, 0x00, 0x00, 0x00, 0x55, 0x00, 0x00,
    0x15, 0x55, 0x54, 0xFF, 0xFF, 0xF2, 0xBF, 0xFE, 0x40, 0x7F, 0xC0, 0x00, 0xFF, 0x00, 0x03, 0xFC,
    0x00, 0x0F, 0xF0, 0x00, 0x3F, 0xC0, 0x00, 0xFF, 0x00, 0x03, 0xFC, 0x00, 0x0F, 0xF0, 0x00, 0x3F,
    0xC0, 0x00, 0xFF, 0x00, 0x03, 0xFC, 0x00, 0x0F, 0xF0, 0x00, 0x3F, 0xC0, 0x00, 0xFF, 0x00, 0x03,
    0xFC, 0x00, 0x0F, 0xF0, 0x00, 0x3F, 0xC0, 0x00, 0xFF, 0x00, 0x0B, 0xFD, 0x03, 0xFF, 0xFF, 0x8F,
    0xFF, 0xFF, 0x05, 0x00, 0x14, 0x0B, 0xF4, 0x2F, 0xD3, 0xFE, 0x0F, 0xF8, 0xFF, 0x83, 0xFE, 0x1F,
    0xC0, 0x7F, 0x00, 0x00, 0x00, 0x00, 0x00, 0x00, 0x00, 0x15, 0x55, 0x54, 0x0F, 0xFF, 0xFF, 0x02,
    0xBF, 0xFE, 0x40, 0x07, 0xFC, 0x00, 0x00, 0xFF, 0x00, 0x00, 0x3F, 0xC0, 0x00, 0x0F, 0xF0, 0x00,
    0x03, 0xFC, 0x00, 0x00, 0xFF, 0x00, 0x00, 0x3F, 0xC0, 0x00, 0x0F, 0xF0, 0x00, 0x03, 0xFC, 0x00,
    0x00, 0xFF, 0x00, 0x00, 0x3F, 0xC0, 0x00, 0x0F, 0xF0, 0x00, 0x03, 0xFC, 0x00, 0x00, 0xFF, 0x00,
    0x00, 0x3F, 0xC0, 0x00, 0x0F, 0xF0, 0x00, 0x03, 0xFC, 0x00, 0x00, 0xFF, 0x00, 0x00, 0xBF, 0xD0,
    0x03, 0xFF, 0xFF, 0x80, 0xFF, 0xFF, 0xF0, 0x00, 0x01, 0x55, 0x55, 0x40, 0x02, 0xFF, 0xFF, 0xE0,
    0x00, 0x6F, 0xFF, 0xE4, 0x00, 0x00, 0x7F, 0xC0, 0x00, 0x00, 0x0F, 0xF0, 0x00, 0x00, 0x03, 0xFC,
    0x00, 0x00, 0x00, 0xFF, 0x00, 0x00, 0x00, 0x3F, 0xC0, 0x00, 0x00, 0x0F, 0xF0, 0x00, 0x00, 0x03,
    0xFC, 0x00, 0x00, 0x00, 0xFF, 0x00, 0x00, 0x00, 0x3F, 0xC0, 0x00, 0x00, 0x0F, 0xF0, 0x00, 0x00,
    0x03, 0xFC, 0x00, 0x00, 0x00, 0xFF, 0x00, 0x00, 0x00, 0x3F, 0xC0, 0x00, 0x00, 0x0F, 0xF0, 0x07,
    0x90, 0x03, 0xF8, 0x07, 0xFC, 0x01, 0xFE, 0x03, 0xFF, 0x00, 0x7F, 0x40, 0xFF, 0x40, 0x3F, 0xC0,
    0x2F, 0xD0, 0x2F, 0xE0, 0x03, 0xFF, 0xFF, 0xE0, 0x00, 0x2F, 0xFF, 0xD0, 0x00, 0x00, 0x55, 0x00,
    0x00, 0x00, 0x00, 0x15, 0x55, 0x55, 0x55, 0x54, 0x00, 0x00, 0x00, 0x1F, 0xFF, 0xFF, 0xFF, 0xFF,
    0x80, 0x00, 0x00, 0x02, 0xBF, 0xFF, 0xFF, 0xFF, 0x90, 0x00, 0x00, 0x00, 0x07, 0xC0, 0x01, 0xFF,
    0x00, 0x00, 0x00, 0x00, 0x01, 0xF0, 0x00, 0x7F, 0xC0, 0x00, 0x00, 0x00, 0x00, 0x7C, 0x00, 0x1F,
    0xF0, 0x00, 0x00, 0x00, 0x00, 0x1F, 0x00, 0x07, 0xFC, 0x00, 0x00, 0x00, 0x00, 0x07, 0xC0, 0x01,
    0xFF, 0x00, 0x00, 0x00, 0x00, 0x01, 0xF0, 0x00, 0x7F, 0xC0, 0x00, 0x00, 0x00, 0x00, 0x7C, 0x00,
    0x1F, 0xF0, 0x00, 0x00, 0x00, 0x00, 0x1F, 0x00, 0x07, 0xFE, 0xBA, 0x90, 0x00, 0x00, 0x0B, 0xC0,
    0x01, 0xFF, 0xFF, 0xFF, 0x40, 0x00, 0x02, 0xE0, 0x00, 0x7F, 0xD5, 0xAF, 0xFC, 0x00, 0x00, 0xB8,
    0x00, 0x1F, 0xF0, 0x00, 0xFF, 0xC0, 0x00, 0x3E, 0x00, 0x07, 0xFC, 0x00, 0x0F, 0xF4, 0x00, 0x0F,
    0x40, 0x01, 0xFF, 0x00, 0x02, 0xFE, 0x00, 0x03, 0xC0, 0x00, 0x7F, 0xC0, 0x00, 0xBF, 0xC0, 0x01,
    0xF0, 0x00, 0x1F, 0xF0, 0x00, 0x2F, 0xE0, 0x00, 0xB8, 0x00, 0x07, 0xFC, 0x00, 0x0B, 0xF8, 0x68,
    0x3D, 0x00, 0x01, 0xFF, 0x00, 0x03, 0xFD, 0x3F, 0xAF, 0x00, 0x00, 0x7F, 0xC0, 0x02, 0xFF, 0x1F,
    0xFF, 0x80, 0x00, 0x2F, 0xF0, 0x07, 0xFF, 0x07, 0xFF, 0xC0, 0x00, 0xFF, 0xFF, 0xFF, 0xFE, 0x00,
    0xFF, 0xC0, 0x00, 0x3F, 0xFF, 0xFF, 0xE4, 0x00, 0x05, 0x40, 0x00, 0x00, 0x00, 0x00, 0x00, 0x00,
    0x00, 0x15, 0x55, 0x50, 0x01, 0x55, 0x55, 0x40, 0x00, 0x03, 0xFF, 0xFF, 0x80, 0x3F, 0xFF, 0xF8,
    0x00, 0x00, 0x2B, 0xFF, 0xE4, 0x01, 0xBF, 0xFE, 0x40, 0x00, 0x00, 0x1F, 0xF0, 0x00, 0x00, 0xFF,
    0x00, 0x00, 0x00, 0x00, 0xFF, 0x00, 0x00, 0x0F, 0xF0, 0x00, 0x00, 0x00, 0x0F, 0xF0, 0x00, 0x00,
    0xFF, 0x00, 0x00, 0x00, 0x00, 0xFF, 0x00, 0x00, 0x0F, 0xF0, 0x00, 0x00, 0x00, 0x0F, 0xF0, 0x00,
    0x00, 0xFF, 0x00, 0x00, 0x00, 0x00, 0xFF, 0x00, 0x00, 0x0F, 0xF0, 0x00, 0x00, 0x00, 0x0F, 0xF0,
    0x00, 0x00, 0xFF, 0x00, 0x00, 0x00, 0x00, 0xFF, 0x00, 0x00, 0x1F, 0xFA, 0xE9, 0x00, 0x00, 0x0F,
    0xFF, 0xFF, 0xFF, 0xFF, 0xFF, 0xFF, 0x40, 0x00, 0xFF, 0xFF, 0xFF, 0xFF, 0xF5, 0x6F, 0xFE, 0x00,
    0x0F, 0xF0, 0x00, 0x01, 0xFF, 0x00, 0x1F, 0xF8, 0x00, 0xFF, 0x00, 0x00, 0x0F, 0xF0, 0x00, 0x7F,
    0xC0, 0x0F, 0xF0, 0x00, 0x00, 0xFF, 0x00, 0x03, 0xFD, 0x00, 0xFF, 0x00, 0x00, 0x0F, 0xF0, 0x00,
    0x2F, 0xE0, 0x0F, 0xF0, 0x00, 0x00, 0xFF, 0x00, 0x02, 0xFD, 0x00, 0xFF, 0x00, 0x00, 0x0F, 0xF0,
    0x00, 0x3F, 0xD0, 0x0F, 0xF0, 0x00, 0x00, 0xFF, 0x00, 0x03, 0xFC, 0x01, 0xFF, 0x00, 0x00, 0x0F,
    0xF0, 0x00, 0xFF, 0x80, 0x2F, 0xF0, 0x00, 0x01, 0xFF, 0x00, 0x7F, 0xF0, 0x3F, 0xFF, 0xF4, 0x02,
    0xFF, 0xFF, 0xFF, 0xF8, 0x03, 0xFF, 0xFF, 0x80, 0x3F, 0xFF, 0xFF, 0xE4, 0x00, 0x05, 0x55, 0x55,
    0x55, 0x55, 0x50, 0x00, 0x00, 0x3F, 0xFF, 0xFF, 0xFF, 0xFF, 0xF0, 0x00, 0x00, 0xFF, 0xFB, 0xFF,
    0xAB, 0xFF, 0xC0, 0x00, 0x07, 0xF4, 0x0B, 0xF4, 0x00, 0x7F, 0x00, 0x00, 0x2F, 0x40, 0x2F, 0xD0,
    0x00, 0xBD, 0x00, 0x00, 0xFC, 0x00, 0xBF, 0x40, 0x00, 0xF8, 0x00, 0x03, 0xE0, 0x02, 0xFD, 0x00,
    0x02, 0xE0, 0x00, 0x0B, 0x00, 0x0B, 0xF4, 0x00, 0x00, 0x00, 0x00, 0x00, 0x00, 0x2F, 0xD0, 0x00,
    0x00, 0x00, 0x00, 0x00, 0x00, 0xBF, 0x40, 0x6B, 0xA4, 0x00, 0x00, 0x00, 0x02, 0xFD, 0x7F, 0xFF,
    0xFD, 0x00, 0x00, 0x00, 0x0B, 0xFF, 0xFE, 0xBF, 0xFD, 0x00, 0x00, 0x00, 0x2F, 0xFD, 0x00, 0x0F,
    0xFC, 0x00, 0x00, 0x00, 0xBF, 0x80, 0x00, 0x0F, 0xF4, 0x00, 0x00, 0x02, 0xFD, 0x00, 0x00, 0x2F,
    0xE0, 0x00, 0x00, 0x0B, 0xF4, 0x00, 0x00, 0x7F, 0x80, 0x00, 0x00, 0x2F, 0xD0, 0x00, 0x01, 0xFE,
    0x00, 0x00, 0x00, 0xBF, 0x40, 0x00, 0x07, 0xF8, 0x00, 0x00, 0x02, 0xFD, 0x00, 0x00, 0x1F, 0xE0,
    0x00, 0x00, 0x0B, 0xF4, 0x00, 0x00, 0x7F, 0x80, 0x00, 0x00, 0x2F, 0xD0, 0x00, 0x01, 0xFE, 0x00,
    0x00, 0x00, 0xFF, 0x80, 0x00, 0x0B, 0xFC, 0x00, 0x00, 0x7F, 0xFF, 0xF0, 0x03, 0xFF, 0xFF, 0x40,
    0x02, 0xFF, 0xFF, 0xC0, 0x0F, 0xFF, 0xFD, 0x00, 0x00, 0x00, 0x07, 0x80, 0x00, 0x00, 0x00, 0x00,
    0x1F, 0xC0, 0x00, 0x00, 0x00, 0x00, 0xBF, 0xC0, 0x00, 0x00, 0x00, 0x02, 0xFF, 0x40, 0x00, 0x00,
    0x00, 0x0B, 0xE4, 0x00, 0x00, 0x00, 0x00, 0x0A, 0x00, 0x00, 0x00, 0x00, 0x00, 0x00, 0x00, 0x00,
    0x00, 0x15, 0x55, 0x54, 0x00, 0x0A, 0x40, 0x3F, 0xFF, 0xFC, 0x00, 0x7F, 0xF0, 0x2B, 0xFF, 0xE4,
    0x00, 0xFF, 0xF4, 0x00, 0xFF, 0x00, 0x03, 0xFF, 0xF0, 0x00, 0xFF, 0x00, 0x03, 0xCB, 0xE0, 0x00,
    0xFF, 0x00, 0x0B, 0xC1, 0x40, 0x00, 0xFF, 0x00, 0x0F, 0x40, 0x00, 0x00, 0xFF, 0x00, 0x0F, 0x00,
    0x00, 0x00, 0xFF, 0x00, 0x2E, 0x00, 0x00, 0x00, 0xFF, 0x00, 0x7C, 0x00, 0x00, 0x00, 0xFF, 0x02,
    0xF4, 0x00, 0x00, 0x00, 0xFF, 0xFF, 0xD0, 0x00, 0x00, 0x00, 0xFF, 0xFF, 0xE4, 0x00, 0x00, 0x00,
    0xFF, 0x07, 0xFE, 0x00, 0x00, 0x00, 0xFF, 0x00, 0xBF, 0x80, 0x00, 0x00, 0xFF, 0x00, 0x3F, 0xD0,
    0x00, 0x00, 0xFF, 0x00, 0x2F, 0xF0, 0x00, 0x00, 0xFF, 0x00, 0x0F, 0xF4, 0x00, 0x00, 0xFF, 0x00,
    0x0F, 0xF8, 0x00, 0x00, 0xFF, 0x00, 0x07, 0xFC, 0x00, 0x00, 0xFF, 0x00, 0x03, 0xFE, 0x00, 0x01,
    0xFF, 0x40, 0x01, 0xFF, 0x44, 0x3F, 0xFF, 0xF8, 0x00, 0xFF, 0xFC, 0x3F, 0xFF, 0xFC, 0x00, 0x3F,
    0xF8, 0x00, 0x00, 0x00, 0x00, 0x05, 0x40, 0x00, 0x00, 0x2D, 0x00, 0x00, 0x00, 0x00, 0x00, 0x03,
    0xF8, 0x00, 0x00, 0x00, 0x00, 0x00, 0x3F, 0xE0, 0x00, 0x00, 0x00, 0x00, 0x00, 0xFF, 0x80, 0x00,
    0x00, 0x00, 0x00, 0x01, 0xBF, 0x00, 0x00, 0x00, 0x00, 0x00, 0x00, 0xB0, 0x00, 0x00, 0x00, 0x00,
    0x00, 0x00, 0x00, 0x00, 0x01, 0x55, 0x55, 0x00, 0x05, 0x55, 0x54, 0x3F, 0xFF, 0xF8, 0x01, 0xFF,
    0xFF, 0xC2, 0xBF, 0xFE, 0x40, 0x0B, 0xFF, 0xE8, 0x01, 0xFF, 0x00, 0x00, 0x0F, 0xF4, 0x00, 0x0F,
    0xF0, 0x00, 0x00, 0xBF, 0x40, 0x00, 0xFF, 0x00, 0x00, 0x0F, 0xF4, 0x00, 0x0F, 0xF0, 0x00, 0x02,
    0xFF, 0x40, 0x00, 0xFF, 0x00, 0x00, 0xBF, 0xF4, 0x00, 0x0F, 0xF0, 0x00, 0x2F, 0xFF, 0x40, 0x00,
    0xFF, 0x00, 0x0B, 0xEB, 0xF4, 0x00, 0x0F, 0xF0, 0x02, 0xF4, 0xBF, 0x40, 0x00, 0xFF, 0x00, 0xBD,
    0x0B, 0xF4, 0x00, 0x0F, 0xF0, 0x2F, 0x40, 0xBF, 0x40, 0x00, 0xFF, 0x0B, 0xD0, 0x0B, 0xF4, 0x00,
    0x0F, 0xF2, 0xF4, 0x00, 0xBF, 0x40, 0x00, 0xFF, 0xBD, 0x00, 0x0B, 0xF4, 0x00, 0x0F, 0xFF, 0x40,
    0x00, 0xBF, 0x40, 0x00, 0xFF, 0xD0, 0x00, 0x0B, 0xF4, 0x00, 0x0F, 0xF4, 0x00, 0x00, 0xBF, 0x40,
    0x00, 0xFF, 0x00, 0x00, 0x0B, 0xF4, 0x00, 0x1F, 0xF0, 0x00, 0x00, 0xBF, 0x40, 0x02, 0xFF, 0x00,
    0x00, 0x0F, 0xF8, 0x03, 0xFF, 0xFF, 0x40, 0x1F, 0xFF, 0xFC, 0x3F, 0xFF, 0xF8, 0x01, 0xFF, 0xFF,
    0xC0, 0x00, 0x02, 0x80, 0x01, 0x90, 0x00, 0x00, 0x3F, 0xC0, 0x1F, 0xD0, 0x00, 0x00, 0xFF, 0x00,
    0x7F, 0x80, 0x00, 0x03, 0xF8, 0x00, 0xFD, 0x00, 0x00, 0x07, 0xFA, 0xAB, 0xE0, 0x00, 0x00, 0x01,
    0xBF, 0xF8, 0x00, 0x00, 0x00, 0x00, 0x00, 0x00, 0x00, 0x00, 0x00, 0x00, 0x00, 0x00, 0x00, 0x15,
    0x55, 0x50, 0x01, 0x55, 0x56, 0xFF, 0xFF, 0xC0, 0x1F, 0xFF, 0xE6, 0xFF, 0xFA, 0x00, 0x2F, 0xFE,
    0x40, 0xFF, 0x40, 0x00, 0x0F, 0xC0, 0x01, 0xFF, 0x00, 0x00, 0x7D, 0x00, 0x03, 0xFD, 0x00, 0x02,
    0xF0, 0x00, 0x07, 0xFC, 0x00, 0x0F, 0x80, 0x00, 0x0F, 0xF0, 0x00, 0x7C, 0x00, 0x00, 0x1F, 0xE0,
    0x02, 0xF0, 0x00, 0x00, 0x3F, 0xC0, 0x0F, 0x40, 0x00, 0x00, 0x7F, 0x80, 0x7C, 0x00, 0x00, 0x00,
    0xFF, 0x02, 0xE0, 0x00, 0x00, 0x01, 0xFE, 0x0F, 0x40, 0x00, 0x00, 0x02, 0xFC, 0xBC, 0x00, 0x00,
    0x00, 0x03, 0xFB, 0xD0, 0x00, 0x00, 0x00, 0x0B, 0xFF, 0x00, 0x00, 0x00, 0x00, 0x0F, 0xF8, 0x00,
    0x00, 0x00, 0x00, 0x2F, 0xC0, 0x00, 0x00, 0x00, 0x00, 0x3E, 0x00, 0x00, 0x00, 0x01, 0x00, 0xF4,
    0x00, 0x00, 0x00, 0x3F, 0x4F, 0x80, 0x00, 0x00, 0x01, 0xFF, 0xBC, 0x00, 0x00, 0x00, 0x07, 0xFF,
    0xD0, 0x00, 0x00, 0x00, 0x0F, 0xFD, 0x00, 0x00, 0x00, 0x00, 0x05, 0x40, 0x00, 0x00, 0x00, 0x15,
    0x55, 0x50, 0x00, 0x55, 0x55, 0x43, 0xFF, 0xFF, 0x80, 0x2F, 0xFF, 0xFC, 0x2B, 0xFF, 0xE4, 0x01,
    0xBF, 0xFE, 0x80, 0x1F, 0xF0, 0x00, 0x00, 0xFF, 0x40, 0x00, 0xFF, 0x00, 0x00, 0x0B, 0xF4, 0x00,
    0x0F, 0xF0, 0x00, 0x00, 0xBF, 0x40, 0x00, 0xFF, 0x00, 0x00, 0x0B, 0xF4, 0x00, 0x0F, 0xF0, 0x00,
    0x00, 0xBF, 0x40, 0x00, 0xFF, 0x00, 0x00, 0x0B, 0xF4, 0x00, 0x0F, 0xF0, 0x00, 0x00, 0xBF, 0x40,
    0x00, 0xFF, 0x00, 0x00, 0x0B, 0xF4, 0x00, 0x0F, 0xF0, 0x00, 0x00, 0xBF, 0x40, 0x00, 0xFF, 0x00,
    0x00, 0x0B, 0xF4, 0x00, 0x0F, 0xF0, 0x00, 0x00, 0xBF, 0x40, 0x00, 0xFF, 0x00, 0x00, 0x0B, 0xF4,
    0x00, 0x0F, 0xF0, 0x00, 0x00, 0xBF, 0x40, 0x00, 0xFF, 0x00, 0x00, 0x0B, 0xF4, 0x00, 0x0F, 0xF0,
    0x00, 0x00, 0xBF, 0x40, 0x00, 0xFF, 0x00, 0x00, 0x0B, 0xF4, 0x00, 0x0F, 0xF0, 0x00, 0x00, 0xBF,
    0x40, 0x00, 0xFF, 0x00, 0x00, 0x0B, 0xF4, 0x00, 0x2F, 0xF5, 0x55, 0x55, 0xFF, 0x80, 0x3F, 0xFF,
    0xFF, 0xFF, 0xFF, 0xFF, 0xC3, 0xFF, 0xFF, 0xFF, 0xFF, 0xFF, 0xFC, 0x00, 0x00, 0x02, 0xFC, 0x00,
    0x00, 0x00, 0x00, 0x00, 0x1F, 0x80, 0x00, 0x00, 0x00, 0x00, 0x01, 0xF8, 0x00, 0x00, 0x00, 0x00,
    0x00, 0x0F, 0x40, 0x00, 0x00, 0x00, 0x00, 0x00, 0xF0, 0x00, 0x00, 0x00, 0x00, 0x00, 0x00, 0x00,
    0x00, 0x00, 0x00, 0x00, 0x01, 0x50, 0x00, 0x00, 0x00, 0x00, 0x03, 0xFF, 0x00, 0x00, 0x00, 0x00,
    0x00, 0xFF, 0xC0, 0x00, 0x00, 0x00, 0x00, 0xBF, 0xF8, 0x00, 0x00, 0x00, 0x00, 0x3E, 0xFF, 0x00,
    0x00, 0x00, 0x00, 0x1F, 0x2F, 0xD0, 0x00, 0x00, 0x00, 0x0B, 0xC7, 0xF8, 0x00, 0x00, 0x00, 0x03,
    0xD0, 0xFF, 0x00, 0x00, 0x00, 0x01, 0xF0, 0x2F, 0xD0, 0x00, 0x00, 0x00, 0xB8, 0x07, 0xF8, 0x00,
    0x00, 0x00, 0x3D, 0x00, 0xFF, 0x00, 0x00, 0x00, 0x1F, 0x00, 0x2F, 0xD0, 0x00, 0x00, 0x0F, 0x80,
    0x07, 0xF8, 0x00, 0x00, 0x03, 0xD0, 0x00, 0xFF, 0x00, 0x00, 0x02, 0xFA, 0xAA, 0xBF, 0xD0, 0x00,
    0x00, 0xFF, 0xFF, 0xFF, 0xFC, 0x00, 0x00, 0x3E, 0xAA, 0xAA, 0xFF, 0x00, 0x00, 0x2F, 0x00, 0x00,
    0x2F, 0xE0, 0x00, 0x0F, 0x80, 0x00, 0x07, 0xFC, 0x00, 0x07, 0xD0, 0x00, 0x00, 0xFF, 0x00, 0x02,
    0xF0, 0x00, 0x00, 0x2F, 0xE0, 0x01, 0xFC, 0x00, 0x00, 0x0B, 0xFD, 0x0B, 0xFF, 0xF8, 0x00, 0x3F,
    0xFF, 0xF2, 0xFF, 0xFE, 0x00, 0x0F, 0xFF, 0xFD, 0x15, 0x55, 0x55, 0x55, 0x40, 0x3F, 0xFF, 0xFF,
    0xFF, 0xF0, 0x2B, 0xFF, 0xAA, 0xFF, 0xF0, 0x01, 0xFF, 0x00, 0x07, 0xF0, 0x00, 0xFF, 0x00, 0x02,
    0xF4, 0x00, 0xFF, 0x00, 0x00, 0xF8, 0x00, 0xFF, 0x00, 0x00, 0xB8, 0x00, 0xFF, 0x00, 0x00, 0x00,
    0x00, 0xFF, 0x00, 0x00, 0x00, 0x00, 0xFF, 0x00, 0x00, 0x00, 0x00, 0xFF, 0x6A, 0x90, 0x00, 0x00,
    0xFF, 0xFF, 0xFF, 0x40, 0x00, 0xFF, 0xAA, 0xFF, 0xF0, 0x00, 0xFF, 0x00, 0x1F, 0xFC, 0x00, 0xFF,
    0x00, 0x03, 0xFD, 0x00, 0xFF, 0x00, 0x02, 0xFF, 0x00, 0xFF, 0x00, 0x01, 0xFF, 0x00, 0xFF, 0x00,
    0x01, 0xFF, 0x00, 0xFF, 0x00, 0x01, 0xFF, 0x00, 0xFF, 0x00, 0x03, 0xFD, 0x01, 0xFF, 0x00, 0x0B,
    0xFC, 0x02, 0xFF, 0x00, 0x7F, 0xF0, 0x3F, 0xFF, 0xFF, 0xFF, 0x80, 0x3F, 0xFF, 0xFF, 0xE4, 0x00,
    0x15, 0x55, 0x55, 0x00, 0x00, 0x3F, 0xFF, 0xFF, 0xFD, 0x00, 0x2B, 0xFF, 0xAB, 0xFF, 0xC0, 0x01,
    0xFF, 0x00, 0x3F, 0xF0, 0x01, 0xFF, 0x00, 0x0F, 0xF4, 0x01, 0xFF, 0x00, 0x0B, 0xF8, 0x01, 0xFF,
    0x00, 0x0B, 0xF8, 0x01, 0xFF, 0x00, 0x0B, 0xF4, 0x01, 0xFF, 0x00, 0x0F, 0xF0, 0x01, 0xFF, 0x00,
    0x2F, 0xD0, 0x01, 0xFF, 0x01, 0xFF, 0x00, 0x01, 0xFF, 0xFF, 0xF8, 0x00, 0x01, 0xFF, 0xFF, 0xFF,
    0x90, 0x01, 0xFF, 0x00, 0x2F, 0xF4, 0x01, 0xFF, 0x00, 0x03, 0xFD, 0x01, 0xFF, 0x00, 0x02, 0xFE,
    0x01, 0xFF, 0x00, 0x01, 0xFF, 0x01, 0xFF, 0x00, 0x01, 0xFF, 0x01, 0xFF, 0x00, 0x01, 0xFF, 0x01,
    0xFF, 0x00, 0x03, 0xFE, 0x01, 0xFF, 0x00, 0x0B, 0xFC, 0x02, 0xFF, 0x01, 0x7F, 0xF4, 0x3F, 0xFF,
    0xFF, 0xFF, 0xC0, 0x3F, 0xFF, 0xFF, 0xE8, 0x00, 0x15, 0x55, 0x55, 0x55, 0x40, 0xFF, 0xFF, 0xFF,
    0xFF, 0x42, 0xBF, 0xFA, 0xAF, 0xFE, 0x00, 0x7F, 0xC0, 0x03, 0xFC, 0x00, 0xFF, 0x00, 0x03, 0xF0,
    0x03, 0xFC, 0x00, 0x0B, 0xC0, 0x0F, 0xF0, 0x00, 0x0F, 0x40, 0x3F, 0xC0, 0x00, 0x10, 0x00, 0xFF,
    0x00, 0x00, 0x00, 0x03, 0xFC, 0x00, 0x00, 0x00, 0x0F, 0xF0, 0x00, 0x00, 0x00, 0x3F, 0xC0, 0x00,
    0x00, 0x00, 0xFF, 0x00, 0x00, 0x00, 0x03, 0xFC, 0x00, 0x00, 0x00, 0x0F, 0xF0, 0x00, 0x00, 0x00,
    0x3F, 0xC0, 0x00, 0x00, 0x00, 0xFF, 0x00, 0x00, 0x00, 0x03, 0xFC, 0x00, 0x00, 0x00, 0x0F, 0xF0,
    0x00, 0x00, 0x00, 0x3F, 0xC0, 0x00, 0x00, 0x01, 0xFF, 0x00, 0x00, 0x00, 0x0B, 0xFC, 0x00, 0x00,
    0x03, 0xFF, 0xFF, 0xC0, 0x00, 0x0F, 0xFF, 0xFF, 0x00, 0x00, 0x01, 0x55, 0x55, 0x55, 0x55, 0x50,
    0x03, 0xFF, 0xFF, 0xFF, 0xFF, 0xF4, 0x01, 0xBF, 0xFF, 0xFF, 0xFF, 0xE0, 0x00, 0x0F, 0xC0, 0x02,
    0xFE, 0x00, 0x00, 0x0F, 0xC0, 0x01, 0xFE, 0x00, 0x00, 0x0F, 0xC0, 0x01, 0xFE, 0x00, 0x00, 0x0F,
    0xC0, 0x01, 0xFE, 0x00, 0x00, 0x0F, 0xC0, 0x01, 0xFE, 0x00, 0x00, 0x0F, 0xC0, 0x01, 0xFE, 0x00,
    0x00, 0x0F, 0x80, 0x01, 0xFE, 0x00, 0x00, 0x0F, 0x80, 0x01, 0xFE, 0x00, 0x00, 0x0F, 0x80, 0x01,
    0xFE, 0x00, 0x00, 0x0F, 0x40, 0x01, 0xFE, 0x00, 0x00, 0x1F, 0x40, 0x01, 0xFE, 0x00, 0x00, 0x1F,
    0x00, 0x01, 0xFE, 0x00, 0x00, 0x2F, 0x00, 0x01, 0xFE, 0x00, 0x00, 0x3F, 0x00, 0x01, 0xFE, 0x00,
    0x00, 0x3E, 0x00, 0x01, 0xFE, 0x00, 0x00, 0x7D, 0x00, 0x01, 0xFE, 0x00, 0x00, 0xBC, 0x00, 0x01,
    0xFE, 0x00, 0x00, 0xF8, 0x00, 0x01, 0xFE, 0x00, 0x56, 0xF9, 0x55, 0x56, 0xFF, 0x54, 0xFF, 0xFF,
    0xFF, 0xFF, 0xFF, 0xFC, 0xFF, 0xFF, 0xFF, 0xFF, 0xFF, 0xFC, 0xFE, 0x00, 0x00, 0x00, 0x01, 0xFC,
    0xFC, 0x00, 0x00, 0x00, 0x00, 0xFC, 0xFC, 0x00, 0x00, 0x00, 0x00, 0xBC, 0xF8, 0x00, 0x00, 0x00,
    0x00, 0x7C, 0xF4, 0x00, 0x00, 0x00, 0x00, 0x3C, 0x50, 0x00, 0x00, 0x00, 0x00, 0x14, 0x15, 0x55,
    0x55, 0x55, 0x40, 0xFF, 0xFF, 0xFF, 0xFF, 0x02, 0xBF, 0xFA, 0xAF, 0xFD, 0x00, 0x7F, 0xC0, 0x02,
    0xF8, 0x01, 0xFF, 0x00, 0x03, 0xF0, 0x07, 0xFC, 0x00, 0x07, 0xC0, 0x1F, 0xF0, 0x00, 0x09, 0x00,
    0x7F, 0xC0, 0x00, 0x00, 0x01, 0xFF, 0x00, 0x2C, 0x00, 0x07, 0xFC, 0x00, 0xF0, 0x00, 0x1F, 0xF0,
    0x0B, 0xC0, 0x00, 0x7F, 0xFF, 0xFF, 0x00, 0x01, 0xFF, 0xFF, 0xFC, 0x00, 0x07, 0xFD, 0x57, 0xF0,
    0x00, 0x1F, 0xF0, 0x03, 0xC0, 0x00, 0x7F, 0xC0, 0x0F, 0x00, 0x01, 0xFF, 0x00, 0x00, 0x00, 0x07,
    0xFC, 0x00, 0x00, 0x50, 0x1F, 0xF0, 0x00, 0x0B, 0xC0, 0x7F, 0xC0, 0x00, 0x3E, 0x01, 0xFF, 0x00,
    0x01, 0xF8, 0x0B, 0xFC, 0x00, 0x2F, 0xD3, 0xFF, 0xFF, 0xFF, 0xFF, 0x4F, 0xFF, 0xFF, 0xFF, 0xFC,
    0x02, 0xA0, 0x00, 0x15, 0x55, 0x50, 0x00, 0x2A, 0x00, 0x3F, 0xF4, 0x01, 0xFF, 0xFF, 0xD0, 0x03,
    0xFF, 0x01, 0xFF, 0xF0, 0x02, 0xFF, 0xFE, 0x00, 0x3F, 0xFE, 0x07, 0xFF, 0xE0, 0x00, 0xBF, 0x80,
    0x02, 0xFF, 0xF8, 0x0F, 0xDB, 0xC0, 0x02, 0xFE, 0x00, 0x0F, 0x9F, 0xC0, 0x05, 0x0F, 0x40, 0x0B,
    0xF8, 0x00, 0x7C, 0x04, 0x00, 0x00, 0x3E, 0x00, 0x2F, 0xE0, 0x02, 0xF0, 0x00, 0x00, 0x00, 0x7C,
    0x00, 0xBF, 0x80, 0x0F, 0x40, 0x00, 0x00, 0x00, 0xF4, 0x02, 0xFE, 0x00, 0x7C, 0x00, 0x00, 0x00,
    0x02, 0xF0, 0x0B, 0xF8, 0x03, 0xE0, 0x00, 0x00, 0x00, 0x03, 0xF0, 0x2F, 0xE0, 0x7F, 0x00, 0x00,
    0x00, 0x00, 0x02, 0xFF, 0xFF, 0xFF, 0xE0, 0x00, 0x00, 0x00, 0x00, 0x2F, 0xFF, 0xFF, 0xFF, 0xE0,
    0x00, 0x00, 0x00, 0x03, 0xFE, 0x4B, 0xF8, 0x6F, 0xF4, 0x00, 0x00, 0x00, 0x3F, 0xD0, 0x2F, 0xE0,
    0x1F, 0xF0, 0x00, 0x00, 0x02, 0xFF, 0x00, 0xBF, 0x80, 0x3F, 0xE0, 0x00, 0x00, 0x0F, 0xF0, 0x02,
    0xFE, 0x00, 0x3F, 0xC0, 0x00, 0x00, 0xBF, 0xC0, 0x0B, 0xF8, 0x00, 0xFF, 0x80, 0x00, 0x03, 0xFD,
    0x00, 0x2F, 0xE0, 0x01, 0xFF, 0x00, 0x00, 0x1F, 0xF0, 0x00, 0xBF, 0x80, 0x03, 0xFD, 0x00, 0x00,
    0xFF, 0x80, 0x02, 0xFE, 0x00, 0x0B, 0xFC, 0x00, 0x0B, 0xFC, 0x00, 0x0F, 0xFC, 0x00, 0x0F, 0xF8,
    0x0B, 0xFF, 0xE0, 0x07, 0xFF, 0xFF, 0x40, 0x2F, 0xFF, 0x4F, 0xFE, 0x00, 0x1F, 0xFF, 0xFD, 0x00,
    0x2F, 0xFC, 0x05, 0x40, 0x00, 0x00, 0x00, 0x00, 0x00, 0x05, 0x00, 0x0A, 0x41, 0xBF, 0x90, 0x00,
    0x2F, 0x7F, 0xFF, 0xF4, 0x00, 0xBF, 0xE5, 0x7F, 0xF4, 0x02, 0xFD, 0x00, 0x2F, 0xF0, 0x07, 0xD0,
    0x00, 0x3F, 0xD0, 0x1F, 0x00, 0x00, 0xBF, 0x80, 0x78, 0x00, 0x02, 0xFD, 0x00, 0x90, 0x00, 0x0F,
    0xF4, 0x00, 0x00, 0x00, 0x3F, 0xC0, 0x00, 0x00, 0x03, 0xFC, 0x00, 0x00, 0x01, 0xBF, 0x80, 0x00,
    0x0F, 0xFF, 0xE0, 0x00, 0x00, 0x3F, 0xFF, 0xFD, 0x00, 0x00, 0x00, 0x1B, 0xFF, 0x00, 0x00, 0x00,
    0x03, 0xFE, 0x00, 0x00, 0x00, 0x07, 0xFC, 0x00, 0x00, 0x00, 0x0F, 0xF4, 0x10, 0x00, 0x00, 0x3F,
    0xD3, 0xE0, 0x00, 0x00, 0xFF, 0x0B, 0xC0, 0x00, 0x07, 0xFC, 0x1F, 0xC0, 0x00, 0x7F, 0xD0, 0x2F,
    0xE4, 0x1B, 0xFE, 0x00, 0x2F, 0xFF, 0xFF, 0xE0, 0x00, 0x1F, 0xFF, 0xF9, 0x00, 0x00, 0x01, 0x55,
    0x00, 0x00, 0x15, 0x55, 0x50, 0x00, 0x55, 0x55, 0x43, 0xFF, 0xFF, 0x80, 0x1F, 0xFF, 0xFC, 0x2B,
    0xFF, 0xE4, 0x00, 0xBF, 0xFE, 0x80, 0x1F, 0xF0, 0x00, 0x00, 0xFF, 0x40, 0x00, 0xFF, 0x00, 0x00,
    0x0B, 0xF4, 0x00, 0x0F, 0xF0, 0x00, 0x00, 0xFF, 0x40, 0x00, 0xFF, 0x00, 0x00, 0x2F, 0xF4, 0x00,
    0x0F, 0xF0, 0x00, 0x0B, 0xFF, 0x40, 0x00, 0xFF, 0x00, 0x02, 0xFF, 0xF4, 0x00, 0x0F, 0xF0, 0x00,
    0xBE, 0xBF, 0x40, 0x00, 0xFF, 0x00, 0x2F, 0x4B, 0xF4, 0x00, 0x0F, 0xF0, 0x0B, 0xD0, 0xBF, 0x40,
    0x00, 0xFF, 0x02, 0xF4, 0x0B, 0xF4, 0x00, 0x0F, 0xF0, 0xBD, 0x00, 0xBF, 0x40, 0x00, 0xFF, 0x2F,
    0x40, 0x0B, 0xF4, 0x00, 0x0F, 0xFB, 0xD0, 0x00, 0xBF, 0x40, 0x00, 0xFF, 0xF4, 0x00, 0x0B, 0xF4,
    0x00, 0x0F, 0xFD, 0x00, 0x00, 0xBF, 0x40, 0x00, 0xFF, 0x40, 0x00, 0x0B, 0xF4, 0x00, 0x0F, 0xF0,
    0x00, 0x00, 0xBF, 0x40, 0x01, 0xFF, 0x00, 0x00, 0x0B, 0xF4, 0x00, 0x2F, 0xF0, 0x00, 0x00, 0xFF,
    0x80, 0x3F, 0xFF, 0xF4, 0x01, 0xFF, 0xFF, 0xC3, 0xFF, 0xFF, 0x80, 0x1F, 0xFF, 0xFC, 0x00, 0x00,
    0xA0, 0x00, 0xA4, 0x00, 0x00, 0x00, 0x3F, 0x80, 0x1F, 0xD0, 0x00, 0x00, 0x07, 0xF8, 0x01, 0xFE,
    0x00, 0x00, 0x00, 0x3F, 0x40, 0x0F, 0xD0, 0x00, 0x00, 0x01, 0xFE, 0xAB, 0xF8, 0x00, 0x00, 0x00,
    0x02, 0xFF, 0xF8, 0x00, 0x00, 0x00, 0x00, 0x00, 0x00, 0x00, 0x00, 0x00, 0x00, 0x00, 0x00, 0x00,
    0x00, 0x00, 0x15, 0x55, 0x50, 0x00, 0x55, 0x55, 0x43, 0xFF, 0xFF, 0x80, 0x1F, 0xFF, 0xFC, 0x2B,
    0xFF, 0xE4, 0x00, 0xBF, 0xFE, 0x80, 0x1F, 0xF0, 0x00, 0x00, 0xFF, 0x40, 0x00, 0xFF, 0x00, 0x00,
    0x0B, 0xF4, 0x00, 0x0F, 0xF0, 0x00, 0x00, 0xFF, 0x40, 0x00, 0xFF, 0x00, 0x00, 0x2F, 0xF4, 0x00,
    0x0F, 0xF0, 0x00, 0x0B, 0xFF, 0x40, 0x00, 0xFF, 0x00, 0x02, 0xFF, 0xF4, 0x00, 0x0F, 0xF0, 0x00,
    0xBE, 0xBF, 0x40, 0x00, 0xFF, 0x00, 0x2F, 0x4B, 0xF4, 0x00, 0x0F, 0xF0, 0x0B, 0xD0, 0xBF, 0x40,
    0x00, 0xFF, 0x02, 0xF4, 0x0B, 0xF4, 0x00, 0x0F, 0xF0, 0xBD, 0x00, 0xBF, 0x40, 0x00, 0xFF, 0x2F,
    0x40, 0x0B, 0xF4, 0x00, 0x0F, 0xFB, 0xD0, 0x00, 0xBF, 0x40, 0x00, 0xFF, 0xF4, 0x00, 0x0B, 0xF4,
    0x00, 0x0F, 0xFD, 0x00, 0x00, 0xBF, 0x40, 0x00, 0xFF, 0x40, 0x00, 0x0B, 0xF4, 0x00, 0x0F, 0xF0,
    0x00, 0x00, 0xBF, 0x40, 0x01, 0xFF, 0x00, 0x00, 0x0B, 0xF4, 0x00, 0x2F, 0xF0, 0x00, 0x00, 0xFF,
    0x80, 0x3F, 0xFF, 0xF4, 0x01, 0xFF, 0xFF, 0xC3, 0xFF, 0xFF, 0x80, 0x1F, 0xFF, 0xFC, 0x15, 0x55,
    0x54, 0x00, 0x0A, 0x40, 0x3F, 0xFF, 0xFC, 0x00, 0x7F, 0xF0, 0x2B, 0xFF, 0xE4, 0x00, 0xFF, 0xF4,
    0x00, 0xFF, 0x00, 0x03, 0xFF, 0xF0, 0x00, 0xFF, 0x00, 0x03, 0xCB, 0xE0, 0x00, 0xFF, 0x00, 0x0B,
    0xC1, 0x40, 0x00, 0xFF, 0x00, 0x0F, 0x40, 0x00, 0x00, 0xFF, 0x00, 0x0F, 0x00, 0x00, 0x00, 0xFF,
    0x00, 0x2E, 0x00, 0x00, 0x00, 0xFF, 0x00, 0x7C, 0x00, 0x00, 0x00, 0xFF, 0x02, 0xF4, 0x00, 0x00,
    0x00, 0xFF, 0xFF, 0xD0, 0x00, 0x00, 0x00, 0xFF, 0xFF, 0xE4, 0x00, 0x00, 0x00, 0xFF, 0x07, 0xFE,
    0x00, 0x00, 0x00, 0xFF, 0x00, 0xBF, 0x80, 0x00, 0x00, 0xFF, 0x00, 0x3F, 0xD0, 0x00, 0x00, 0xFF,
    0x00, 0x2F, 0xF0, 0x00, 0x00, 0xFF, 0x00, 0x0F, 0xF4, 0x00, 0x00, 0xFF, 0x00, 0x0F, 0xF8, 0x00,
    0x00, 0xFF, 0x00, 0x07, 0xFC, 0x00, 0x00, 0xFF, 0x00, 0x03, 0xFE, 0x00, 0x01, 0xFF, 0x40, 0x01,
    0xFF, 0x44, 0x3F, 0xFF, 0xF8, 0x00, 0xFF, 0xFC, 0x3F, 0xFF, 0xFC, 0x00, 0x3F, 0xF8, 0x00, 0x00,
    0x00, 0x00, 0x05, 0x40, 0x00, 0x15, 0x55, 0x55, 0x55, 0x54, 0x00, 0x7F, 0xFF, 0xFF, 0xFF, 0xFE,
    0x00, 0x2F, 0xFF, 0xFF, 0xFF, 0xF9, 0x00, 0x02, 0xF0, 0x00, 0x3F, 0xC0, 0x00, 0x01, 0xF0, 0x00,
    0x3F, 0xC0, 0x00, 0x01, 0xF0, 0x00, 0x3F, 0xC0, 0x00, 0x01, 0xF0, 0x00, 0x3F, 0xC0, 0x00, 0x02,
    0xF0, 0x00, 0x3F, 0xC0, 0x00, 0x02, 0xF0, 0x00, 0x3F, 0xC0, 0x00, 0x02, 0xF0, 0x00, 0x3F, 0xC0,
    0x00, 0x02, 0xE0, 0x00, 0x3F, 0xC0, 0x00, 0x02, 0xE0, 0x00, 0x3F, 0xC0, 0x00, 0x03, 0xE0, 0x00,
    0x3F, 0xC0, 0x00, 0x03, 0xD0, 0x00, 0x3F, 0xC0, 0x00, 0x03, 0xD0, 0x00, 0x3F, 0xC0, 0x00, 0x03,
    0xC0, 0x00, 0x3F, 0xC0, 0x00, 0x07, 0xC0, 0x00, 0x3F, 0xC0, 0x00, 0x07, 0xC0, 0x00, 0x3F, 0xC0,
    0x00, 0x0F, 0x80, 0x00, 0x3F, 0xC0, 0x19, 0x0F, 0x40, 0x00, 0x3F, 0xC0, 0x3F, 0x6F, 0x00, 0x00,
    0x3F, 0xC0, 0xBF, 0xFD, 0x00, 0x00, 0xBF, 0xD0, 0x7F, 0xFC, 0x00, 0x0F, 0xFF, 0xFE, 0x3F, 0xE0,
    0x00, 0x0F, 0xFF, 0xFE, 0x05, 0x00, 0x00, 0x00, 0x00, 0x00, 0x05, 0x55, 0x50, 0x00, 0x00, 0x05,
    0x55, 0x40, 0x3F, 0xFF, 0xD0, 0x00, 0x00, 0xFF, 0xFF, 0x40, 0xAF, 0xFF, 0x80, 0x00, 0x03, 0xFF,
    0xF8, 0x00, 0x1F, 0xFF, 0x00, 0x00, 0x2F, 0xFE, 0x00, 0x00, 0x7F, 0xFD, 0x00, 0x00, 0xFF, 0xF8,
    0x00, 0x01, 0xF7, 0xF8, 0x00, 0x07, 0xDF, 0xE0, 0x00, 0x07, 0xCF, 0xF0, 0x00, 0x2E, 0x7F, 0x80,
    0x00, 0x2F, 0x1F, 0xD0, 0x00, 0xF4, 0xFF, 0x00, 0x00, 0xBC, 0x3F, 0xC0, 0x07, 0xC3, 0xFC, 0x00,
    0x02, 0xF0, 0xBF, 0x00, 0x3E, 0x0F, 0xF0, 0x00, 0x0B, 0xC1, 0xFD, 0x00, 0xF0, 0x3F, 0xC0, 0x00,
    0x3F, 0x03, 0xFC, 0x0B, 0xC0, 0xFF, 0x00, 0x00, 0xFC, 0x0B, 0xF0, 0x3D, 0x03, 0xFC, 0x00, 0x03,
    0xF0, 0x1F, 0xE1, 0xF0, 0x0F, 0xF0, 0x00, 0x0F, 0x80, 0x3F, 0xCB, 0x80, 0x3F, 0xC0, 0x00, 0x3E,
    0x00, 0xBF, 0x7D, 0x00, 0xBF, 0x00, 0x00, 0xF8, 0x00, 0xFF, 0xF0, 0x02, 0xFD, 0x00, 0x03, 0xE0,
    0x03, 0xFF, 0x80, 0x0B, 0xF4, 0x00, 0x0F, 0x40, 0x07, 0xFC, 0x00, 0x2F, 0xD0, 0x00, 0x3D, 0x00,
    0x0F, 0xF0, 0x00, 0x7F, 0x40, 0x01, 0xF4, 0x00, 0x00, 0x00, 0x01, 0xFE, 0x00, 0x0B, 0xE0, 0x00,
    0x00, 0x00, 0x0B, 0xFC, 0x03, 0xFF, 0xFC, 0x00, 0x00, 0x07, 0xFF, 0xFF, 0x4F, 0xFF, 0xF0, 0x00,
    0x00, 0x1F, 0xFF, 0xFD, 0x15, 0x55, 0x50, 0x00, 0x55, 0x55, 0x43, 0xFF, 0xFF, 0x80, 0x2F, 0xFF,
    0xFC, 0x2B, 0xFF, 0xE4, 0x01, 0xBF, 0xFE, 0x80, 0x1F, 0xF0, 0x00, 0x00, 0xFF, 0x40, 0x01, 0xFF,
    0x00, 0x00, 0x0B, 0xF4, 0x00, 0x1F, 0xF0, 0x00, 0x00, 0xBF, 0x40, 0x01, 0xFF, 0x00, 0x00, 0x0B,
    0xF4, 0x00, 0x1F, 0xF0, 0x00, 0x00, 0xBF, 0x40, 0x01, 0xFF, 0x00, 0x00, 0x0B, 0xF4, 0x00, 0x1F,
    0xF0, 0x00, 0x00, 0xBF, 0x40, 0x01, 0xFF, 0x00, 0x00, 0x0F, 0xF4, 0x00, 0x1F, 0xFF, 0xFF, 0xFF,
    0xFF, 0x40, 0x01, 0xFF, 0xFF, 0xFF, 0xFF, 0xF4, 0x00, 0x1F, 0xF0, 0x00, 0x00, 0xFF, 0x40, 0x01,
    0xFF, 0x00, 0x00, 0x0B, 0xF4, 0x00, 0x1F, 0xF0, 0x00, 0x00, 0xBF, 0x40, 0x01, 0xFF, 0x00, 0x00,
    0x0B, 0xF4, 0x00, 0x1F, 0xF0, 0x00, 0x00, 0xBF, 0x40, 0x01, 0xFF, 0x00, 0x00, 0x0B, 0xF4, 0x00,
    0x1F, 0xF0, 0x00, 0x00, 0xBF, 0x40, 0x01, 0xFF, 0x00, 0x00, 0x0F, 0xF4, 0x00, 0x2F, 0xF0, 0x00,
    0x00, 0xFF, 0x80, 0x3F, 0xFF, 0xF4, 0x01, 0xFF, 0xFF, 0xC3, 0xFF, 0xFF, 0x80, 0x2F, 0xFF, 0xFC,
    0x00, 0x00, 0x6B, 0xE9, 0x00, 0x00, 0x00, 0x2F, 0xFF, 0xFF, 0x80, 0x00, 0x03, 0xFF, 0xAB, 0xFF,
    0xC0, 0x00, 0x7F, 0xD0, 0x01, 0xFF, 0xC0, 0x03, 0xFC, 0x00, 0x00, 0xFF, 0xC0, 0x2F, 0xD0, 0x00,
    0x00, 0xFF, 0x80, 0xFF, 0x00, 0x00, 0x02, 0xFF, 0x0B, 0xF4, 0x00, 0x00, 0x03, 0xFD, 0x3F, 0xC0,
    0x00, 0x00, 0x0F, 0xF8, 0xFF, 0x00, 0x00, 0x00, 0x2F, 0xF7, 0xFC, 0x00, 0x00, 0x00, 0xBF, 0xDF,
    0xF0, 0x00, 0x00, 0x01, 0xFF, 0x7F, 0xC0, 0x00, 0x00, 0x07, 0xFD, 0xFF, 0x00, 0x00, 0x00, 0x1F,
    0xF7, 0xFC, 0x00, 0x00, 0x00, 0xBF, 0x8F, 0xF0, 0x00, 0x00, 0x02, 0xFE, 0x3F, 0xD0, 0x00, 0x00,
    0x0F, 0xF0, 0xBF, 0xC0, 0x00, 0x00, 0x3F, 0xC0, 0xFF, 0x40, 0x00, 0x01, 0xFD, 0x02, 0xFF, 0x00,
    0x00, 0x0F, 0xF0, 0x03, 0xFF, 0x00, 0x00, 0xFF, 0x00, 0x03, 0xFF, 0x80, 0x2F, 0xF4, 0x00, 0x03,
    0xFF, 0xFF, 0xFF, 0x00, 0x00, 0x01, 0xFF, 0xFF, 0xD0, 0x00, 0x00, 0x00, 0x15, 0x50, 0x00, 0x00,
    0x15, 0x55, 0x55, 0x55, 0x55, 0x55, 0x43, 0xFF, 0xFF, 0xFF, 0xFF, 0xFF, 0xFC, 0x2B, 0xFF, 0xFF,
    0xFF, 0xFF, 0xFE, 0x80, 0x1F, 0xF0, 0x00, 0x00, 0xBF, 0x40, 0x00, 0xFF, 0x00, 0x00, 0x0B, 0xF4,
    0x00, 0x0F, 0xF0, 0x00, 0x00, 0xBF, 0x40, 0x00, 0xFF, 0x00, 0x00, 0x0B, 0xF4, 0x00, 0x0F, 0xF0,
    0x00, 0x00, 0xBF, 0x40, 0x00, 0xFF, 0x00, 0x00, 0x0B, 0xF4, 0x00, 0x0F, 0xF0, 0x00, 0x00, 0xBF,
    0x40, 0x00, 0xFF, 0x00, 0x00, 0x0B, 0xF4, 0x00, 0x0F, 0xF0, 0x00, 0x00, 0xBF, 0x40, 0x00, 0xFF,
    0x00, 0x00, 0x0B, 0xF4, 0x00, 0x0F, 0xF0, 0x00, 0x00, 0xBF, 0x40, 0x00, 0xFF, 0x00, 0x00, 0x0B,
    0xF4, 0x00, 0x0F, 0xF0, 0x00, 0x00, 0xBF, 0x40, 0x00, 0xFF, 0x00, 0x00, 0x0B, 0xF4, 0x00, 0x0F,
    0xF0, 0x00, 0x00, 0xBF, 0x40, 0x00, 0xFF, 0x00, 0x00, 0x0B, 0xF4, 0x00, 0x0F, 0xF0, 0x00, 0x00,
    0xBF, 0x40, 0x01, 0xFF, 0x00, 0x00, 0x0B, 0xF4, 0x00, 0x2F, 0xF0, 0x00, 0x00, 0xFF, 0x80, 0x3F,
    0xFF, 0xF4, 0x01, 0xFF, 0xFF, 0xC3, 0xFF, 0xFF, 0x80, 0x1F, 0xFF, 0xFC, 0x15, 0x55, 0x55, 0x00,
    0x00, 0xFF, 0xFF, 0xFF, 0xE4, 0x02, 0xBF, 0xFA, 0xFF, 0xF8, 0x00, 0x7F, 0xC0, 0x1F, 0xF8, 0x01,
    0xFF, 0x00, 0x0F, 0xF4, 0x07, 0xFC, 0x00, 0x2F, 0xE0, 0x1F, 0xF0, 0x00, 0xBF, 0xC0, 0x7F, 0xC0,
    0x01, 0xFF, 0x01, 0xFF, 0x00, 0x0B, 0xF8, 0x07, 0xFC, 0x00, 0x2F, 0xE0, 0x1F, 0xF0, 0x00, 0xFF,
    0x00, 0x7F, 0xC0, 0x0F, 0xF8, 0x01, 0xFF, 0x46, 0xFF, 0x80, 0x07, 0xFF, 0xFF, 0xF8, 0x00, 0x1F,
    0xFF, 0xF9, 0x00, 0x00, 0x7F, 0xC0, 0x00, 0x00, 0x01, 0xFF, 0x00, 0x00, 0x00, 0x07, 0xFC, 0x00,
    0x00, 0x00, 0x1F, 0xF0, 0x00, 0x00, 0x00, 0x7F, 0xC0, 0x00, 0x00, 0x01, 0xFF, 0x00, 0x00, 0x00,
    0x0B, 0xFC, 0x00, 0x00, 0x03, 0xFF, 0xFF, 0xD0, 0x00, 0x0F, 0xFF, 0xFF, 0x40, 0x00, 0x00, 0x00,
    0x6F, 0xE4, 0x3C, 0x00, 0x02, 0xFF, 0xFF, 0xCF, 0x40, 0x07, 0xFF, 0xAB, 0xFF, 0xD0, 0x07, 0xFD,
    0x00, 0x0F, 0xF8, 0x03, 0xFC, 0x00, 0x00, 0xFF, 0x03, 0xFD, 0x00, 0x00, 0x0F, 0xC1, 0xFF, 0x00,
    0x00, 0x02, 0xF0, 0xBF, 0x40, 0x00, 0x00, 0x3C, 0x3F, 0xC0, 0x00, 0x00, 0x04, 0x0F, 0xF0, 0x00,
    0x00, 0x00, 0x07, 0xFC, 0x00, 0x00, 0x00, 0x01, 0xFF, 0x00, 0x00, 0x00, 0x00, 0x7F, 0xC0, 0x00,
    0x00, 0x00, 0x1F, 0xF0, 0x00, 0x00, 0x00, 0x07, 0xFC, 0x00, 0x00, 0x00, 0x00, 0xFF, 0x40, 0x00,
    0x00, 0x00, 0x3F, 0xE0, 0x00, 0x00, 0x00, 0x0B, 0xFC, 0x00, 0x00, 0x00, 0x00, 0xFF, 0x80, 0x00,
    0x00, 0x10, 0x2F, 0xF4, 0x00, 0x00, 0x3D, 0x03, 0xFF, 0x40, 0x00, 0x7F, 0x00, 0x3F, 0xFE, 0x56,
    0xFF, 0x40, 0x02, 0xFF, 0xFF, 0xFF, 0x00, 0x00, 0x1B, 0xFF, 0xFD, 0x00, 0x00, 0x00, 0x15, 0x50,
    0x00, 0x00, 0x05, 0x55, 0x55, 0x55, 0x55, 0x40, 0xBF, 0xFF, 0xFF, 0xFF, 0xFF, 0x43, 0xFF, 0xEB,
    0xFF, 0xBF, 0xFE, 0x0F, 0xE0, 0x0B, 0xF4, 0x03, 0xFC, 0x7F, 0x00, 0x2F, 0xD0, 0x03, 0xF1, 0xF4,
    0x00, 0xBF, 0x40, 0x0B, 0xCB, 0xC0, 0x02, 0xFD, 0x00, 0x0F, 0x5A, 0x00, 0x0B, 0xF4, 0x00, 0x38,
    0x00, 0x00, 0x2F, 0xD0, 0x00, 0x00, 0x00, 0x00, 0xBF, 0x40, 0x00, 0x00, 0x00, 0x02, 0xFD, 0x00,
    0x00, 0x00, 0x00, 0x0B, 0xF4, 0x00, 0x00, 0x00, 0x00, 0x2F, 0xD0, 0x00, 0x00, 0x00, 0x00, 0xBF,
    0x40, 0x00, 0x00, 0x00, 0x02, 0xFD, 0x00, 0x00, 0x00, 0x00, 0x0B, 0xF4, 0x00, 0x00, 0x00, 0x00,
    0x2F, 0xD0, 0x00, 0x00, 0x00, 0x00, 0xBF, 0x40, 0x00, 0x00, 0x00, 0x02, 0xFD, 0x00, 0x00, 0x00,
    0x00, 0x0B, 0xF4, 0x00, 0x00, 0x00, 0x00, 0x2F, 0xD0, 0x00, 0x00, 0x00, 0x01, 0xFF, 0x80, 0x00,
    0x00, 0x01, 0xFF, 0xFF, 0xFC, 0x00, 0x00, 0x07, 0xFF, 0xFF, 0xF0, 0x00, 0x15, 0x55, 0x50, 0x01,
    0x55, 0x56, 0xFF, 0xFF, 0xC0, 0x1F, 0xFF, 0xE6, 0xFF, 0xFA, 0x00, 0x2F, 0xFE, 0x40, 0xFF, 0x40,
    0x00, 0x0F, 0xC0, 0x01, 0xFF, 0x00, 0x00, 0x7D, 0x00, 0x03, 0xFD, 0x00, 0x02, 0xF0, 0x00, 0x07,
    0xFC, 0x00, 0x0F, 0x80, 0x00, 0x0F, 0xF0, 0x00, 0x7C, 0x00, 0x00, 0x1F, 0xE0, 0x02, 0xF0, 0x00,
    0x00, 0x3F, 0xC0, 0x0F, 0x40, 0x00, 0x00, 0x7F, 0x80, 0x7C, 0x00, 0x00, 0x00, 0xFF, 0x02, 0xE0,
    0x00, 0x00, 0x01, 0xFE, 0x0F, 0x40, 0x00, 0x00, 0x02, 0xFC, 0xBC, 0x00, 0x00, 0x00, 0x03, 0xFB,
    0xD0, 0x00, 0x00, 0x00, 0x0B, 0xFF, 0x00, 0x00, 0x00, 0x00, 0x0F, 0xF8, 0x00, 0x00, 0x00, 0x00,
    0x2F, 0xC0, 0x00, 0x00, 0x00, 0x00, 0x3E, 0x00, 0x00, 0x00, 0x01, 0x00, 0xF4, 0x00, 0x00, 0x00,
    0x3F, 0x4F, 0x80, 0x00, 0x00, 0x01, 0xFF, 0xBC, 0x00, 0x00, 0x00, 0x07, 0xFF, 0xD0, 0x00, 0x00,
    0x00, 0x0F, 0xFD, 0x00, 0x00, 0x00, 0x00, 0x05, 0x40, 0x00, 0x00, 0x00, 0x00, 0x00, 0x55, 0x55,
    0x50, 0x00, 0x00, 0x00, 0x0F, 0xFF, 0xFF, 0x00, 0x00, 0x00, 0x00, 0x6F, 0xFF, 0x90, 0x00, 0x00,
    0x00, 0x00, 0x3F, 0xC0, 0x00, 0x00, 0x00, 0x01, 0x57, 0xFD, 0x54, 0x00, 0x00, 0x07, 0xFF, 0xFF,
    0xFF, 0xFD, 0x00, 0x03, 0xFF, 0xAB, 0xFE, 0xAF, 0xFC, 0x00, 0xFF, 0x40, 0x3F, 0xC0, 0x1F, 0xF0,
    0x2F, 0xD0, 0x03, 0xFC, 0x00, 0x7F, 0xC3, 0xFC, 0x00, 0x3F, 0xC0, 0x03, 0xFD, 0xBF, 0x80, 0x03,
    0xFC, 0x00, 0x1F, 0xEB, 0xF4, 0x00, 0x3F, 0xC0, 0x01, 0xFF, 0xFF, 0x40, 0x03, 0xFC, 0x00, 0x0F,
    0xFB, 0xF4, 0x00, 0x3F, 0xC0, 0x00, 0xFF, 0xBF, 0x40, 0x03, 0xFC, 0x00, 0x1F, 0xE7, 0xF8, 0x00,
    0x3F, 0xC0, 0x02, 0xFD, 0x3F, 0xC0, 0x03, 0xFC, 0x00, 0x3F, 0xC2, 0xFE, 0x00, 0x3F, 0xC0, 0x0B,
    0xF4, 0x0B, 0xFD, 0x03, 0xFC, 0x07, 0xFE, 0x00, 0x2F, 0xFF, 0xFF, 0xFF, 0xFF, 0x40, 0x00, 0x2F,
    0xFF, 0xFF, 0xFE, 0x40, 0x00, 0x00, 0x00, 0x3F, 0xC0, 0x00, 0x00, 0x00, 0x00, 0x03, 0xFC, 0x00,
    0x00, 0x00, 0x00, 0x05, 0xBF, 0xF5, 0x00, 0x00, 0x00, 0x00, 0xFF, 0xFF, 0xF0, 0x00, 0x00, 0x00,
    0x0A, 0xAA, 0xAA, 0x00, 0x00, 0x15, 0x55, 0x50, 0x01, 0x55, 0x54, 0x7F, 0xFF, 0xF0, 0x03, 0xFF,
    0xFC, 0x7F, 0xFF, 0x90, 0x02, 0xFF, 0xF4, 0x03, 0xFF, 0x00, 0x00, 0x3F, 0x00, 0x00, 0xFF, 0x40,
    0x00, 0xBC, 0x00, 0x00, 0x7F, 0xC0, 0x01, 0xF4, 0x00, 0x00, 0x2F, 0xF0, 0x03, 0xE0, 0x00, 0x00,
    0x0F, 0xF8, 0x0F, 0xC0, 0x00, 0x00, 0x03, 0xFD, 0x2F, 0x00, 0x00, 0x00, 0x01, 0xFF, 0x7D, 0x00,
    0x00, 0x00, 0x00, 0xBF, 0xF8, 0x00, 0x00, 0x00, 0x00, 0x3F, 0xF0, 0x00, 0x00, 0x00, 0x00, 0x1F,
    0xF4, 0x00, 0x00, 0x00, 0x00, 0x2F, 0xFC, 0x00, 0x00, 0x00, 0x00, 0x7F, 0xFF, 0x00, 0x00, 0x00,
    0x00, 0xF8, 0xFF, 0x80, 0x00, 0x00, 0x03, 0xF0, 0x3F, 0xD0, 0x00, 0x00, 0x0F, 0xC0, 0x1F, 0xF0,
    0x00, 0x00, 0x2F, 0x40, 0x0B, 0xFC, 0x00, 0x00, 0x7E, 0x00, 0x03, 0xFE, 0x00, 0x00, 0xFC, 0x00,
    0x01, 0xFF, 0x40, 0x07, 0xF8, 0x00, 0x00, 0xFF, 0xD0, 0xBF, 0xFF, 0x80, 0x0F, 0xFF, 0xFE, 0xBF,
    0xFF, 0xC0, 0x0F, 0xFF, 0xFE, 0x15, 0x55, 0x50, 0x00, 0x55, 0x55, 0x40, 0xFF, 0xFF, 0xE0, 0x0B,
    0xFF, 0xFF, 0x02, 0xBF, 0xFE, 0x40, 0x1B, 0xFF, 0xE8, 0x00, 0x7F, 0xC0, 0x00, 0x03, 0xFD, 0x00,
    0x00, 0xFF, 0x00, 0x00, 0x0F, 0xF4, 0x00, 0x03, 0xFC, 0x00, 0x00, 0x3F, 0xD0, 0x00, 0x0F, 0xF0,
    0x00, 0x00, 0xFF, 0x40, 0x00, 0x3F, 0xC0, 0x00, 0x03, 0xFD, 0x00, 0x00, 0xFF, 0x00, 0x00, 0x0F,
    0xF4, 0x00, 0x03, 0xFC, 0x00, 0x00, 0x3F, 0xD0, 0x00, 0x0F, 0xF0, 0x00, 0x00, 0xFF, 0x40, 0x00,
    0x3F, 0xC0, 0x00, 0x03, 0xFD, 0x00, 0x00, 0xFF, 0x00, 0x00, 0x0F, 0xF4, 0x00, 0x03, 0xFC, 0x00,
    0x00, 0x3F, 0xD0, 0x00, 0x0F, 0xF0, 0x00, 0x00, 0xFF, 0x40, 0x00, 0x3F, 0xC0, 0x00, 0x03, 0xFD,
    0x00, 0x00, 0xFF, 0x00, 0x00, 0x0F, 0xF4, 0x00, 0x03, 0xFC, 0x00, 0x00, 0x3F, 0xD0, 0x00, 0x0F,
    0xF0, 0x00, 0x00, 0xFF, 0x40, 0x00, 0x3F, 0xC0, 0x00, 0x03, 0xFD, 0x00, 0x00, 0xFF, 0x00, 0x00,
    0x0F, 0xF4, 0x00, 0x0B, 0xFD, 0x55, 0x55, 0x7F, 0xE5, 0x43, 0xFF, 0xFF, 0xFF, 0xFF, 0xFF, 0xFF,
    0x0F, 0xFF, 0xFF, 0xFF, 0xFF, 0xFF, 0xFC, 0x00, 0x00, 0x00, 0x00, 0x00, 0x07, 0xF0, 0x00, 0x00,
    0x00, 0x00, 0x00, 0x0F, 0xC0, 0x00, 0x00, 0x00, 0x00, 0x00, 0x1F, 0x00, 0x00, 0x00, 0x00, 0x00,
    0x00, 0x7C, 0x00, 0x00, 0x00, 0x00, 0x00, 0x00, 0xF0, 0x00, 0x00, 0x00, 0x00, 0x00, 0x00, 0x00,
    0x15, 0x55, 0x50, 0x01, 0x55, 0x55, 0x7F, 0xFF, 0xF0, 0x0B, 0xFF, 0xFF, 0x2F, 0xFF, 0xE0, 0x06,
    0xFF, 0xF9, 0x02, 0xFE, 0x00, 0x00, 0x3F, 0xD0, 0x02, 0xFD, 0x00, 0x00, 0x3F, 0xC0, 0x02, 0xFD,
    0x00, 0x00, 0x3F, 0xC0, 0x02, 0xFD, 0x00, 0x00, 0x3F, 0xC0, 0x02, 0xFD, 0x00, 0x00, 0x3F, 0xC0,
    0x02, 0xFD, 0x00, 0x00, 0x3F, 0xC0, 0x02, 0xFE, 0x00, 0x00, 0x3F, 0xC0, 0x01, 0xFF, 0x00, 0x00,
    0x3F, 0xC0, 0x00, 0xFF, 0x00, 0x00, 0x7F, 0xC0, 0x00, 0xFF, 0xD0, 0x02, 0xFF, 0xC0, 0x00, 0x3F,
    0xFF, 0xFF, 0xFF, 0xC0, 0x00, 0x0F, 0xFF, 0xFE, 0x3F, 0xC0, 0x00, 0x01, 0xAF, 0x90, 0x3F, 0xC0,
    0x00, 0x00, 0x00, 0x00, 0x3F, 0xC0, 0x00, 0x00, 0x00, 0x00, 0x3F, 0xC0, 0x00, 0x00, 0x00, 0x00,
    0x3F, 0xC0, 0x00, 0x00, 0x00, 0x00, 0x3F, 0xC0, 0x00, 0x00, 0x00, 0x00, 0x3F, 0xC0, 0x00, 0x00,
    0x00, 0x00, 0x7F, 0xE0, 0x00, 0x00, 0x00, 0x1F, 0xFF, 0xFF, 0x00, 0x00, 0x00, 0x1F, 0xFF, 0xFF,
    0x15, 0x55, 0x50, 0x05, 0x55, 0x54, 0x01, 0x55, 0x55, 0x3F, 0xFF, 0xF8, 0x1F, 0xFF, 0xFD, 0x0B,
    0xFF, 0xFF, 0x2B, 0xFF, 0xE4, 0x0B, 0xFF, 0xF8, 0x06, 0xFF, 0xFA, 0x01, 0xFF, 0x00, 0x00, 0xBF,
    0x80, 0x00, 0x3F, 0xD0, 0x00, 0xFF, 0x00, 0x00, 0xBF, 0x80, 0x00, 0x3F, 0xC0, 0x00, 0xFF, 0x00,
    0x00, 0xBF, 0x80, 0x00, 0x3F, 0xC0, 0x00, 0xFF, 0x00, 0x00, 0xBF, 0x80, 0x00, 0x3F, 0xC0, 0x00,
    0xFF, 0x00, 0x00, 0xBF, 0x80, 0x00, 0x3F, 0xC0, 0x00, 0xFF, 0x00, 0x00, 0xBF, 0x80, 0x00, 0x3F,
    0xC0, 0x00, 0xFF, 0x00, 0x00, 0xBF, 0x80, 0x00, 0x3F, 0xC0, 0x00, 0xFF, 0x00, 0x00, 0xBF, 0x80,
    0x00, 0x3F, 0xC0, 0x00, 0xFF, 0x00, 0x00, 0xBF, 0x80, 0x00, 0x3F, 0xC0, 0x00, 0xFF, 0x00, 0x00,
    0xBF, 0x80, 0x00, 0x3F, 0xC0, 0x00, 0xFF, 0x00, 0x00, 0xBF, 0x80, 0x00, 0x3F, 0xC0, 0x00, 0xFF,
    0x00, 0x00, 0xBF, 0x80, 0x00, 0x3F, 0xC0, 0x00, 0xFF, 0x00, 0x00, 0xBF, 0x80, 0x00, 0x3F, 0xC0,
    0x00, 0xFF, 0x00, 0x00, 0xBF, 0x80, 0x00, 0x3F, 0xC0, 0x00, 0xFF, 0x00, 0x00, 0xBF, 0x80, 0x00,
    0x3F, 0xC0, 0x00, 0xFF, 0x00, 0x00, 0xBF, 0x80, 0x00, 0x3F, 0xC0, 0x00, 0xFF, 0x00, 0x00, 0xBF,
    0x80, 0x00, 0x3F, 0xC0, 0x00, 0xFF, 0x00, 0x00, 0xBF, 0x80, 0x00, 0x3F, 0xC0, 0x02, 0xFF, 0x55,
    0x55, 0xBF, 0x95, 0x55, 0x7F, 0xE0, 0x3F, 0xFF, 0xFF, 0xFF, 0xFF, 0xFF, 0xFF, 0xFF, 0xFF, 0x3F,
    0xFF, 0xFF, 0xFF, 0xFF, 0xFF, 0xFF, 0xFF, 0xFF, 0x15, 0x55, 0x50, 0x05, 0x55, 0x54, 0x01, 0x55,
    0x55, 0x03, 0xFF, 0xFF, 0x81, 0xFF, 0xFF, 0xD0, 0xBF, 0xFF, 0xF0, 0x2B, 0xFF, 0xE4, 0x0B, 0xFF,
    0xF8, 0x06, 0xFF, 0xFA, 0x00, 0x1F, 0xF0, 0x00, 0x0B, 0xF8, 0x00, 0x03, 0xFD, 0x00, 0x00, 0xFF,
    0x00, 0x00, 0xBF, 0x80, 0x00, 0x3F, 0xC0, 0x00, 0x0F, 0xF0, 0x00, 0x0B, 0xF8, 0x00, 0x03, 0xFC,
    0x00, 0x00, 0xFF, 0x00, 0x00, 0xBF, 0x80, 0x00, 0x3F, 0xC0, 0x00, 0x0F, 0xF0, 0x00, 0x0B, 0xF8,
    0x00, 0x03, 0xFC, 0x00, 0x00, 0xFF, 0x00, 0x00, 0xBF, 0x80, 0x00, 0x3F, 0xC0, 0x00, 0x0F, 0xF0,
    0x00, 0x0B, 0xF8, 0x00, 0x03, 0xFC, 0x00, 0x00, 0xFF, 0x00, 0x00, 0xBF, 0x80, 0x00, 0x3F, 0xC0,
    0x00, 0x0F, 0xF0, 0x00, 0x0B, 0xF8, 0x00, 0x03, 0xFC, 0x00, 0x00, 0xFF, 0x00, 0x00, 0xBF, 0x80,
    0x00, 0x3F, 0xC0, 0x00, 0x0F, 0xF0, 0x00, 0x0B, 0xF8, 0x00, 0x03, 0xFC, 0x00, 0x00, 0xFF, 0x00,
    0x00, 0xBF, 0x80, 0x00, 0x3F, 0xC0, 0x00, 0x0F, 0xF0, 0x00, 0x0B, 0xF8, 0x00, 0x03, 0xFC, 0x00,
    0x00, 0xFF, 0x00, 0x00, 0xBF, 0x80, 0x00, 0x3F, 0xC0, 0x00, 0x0F, 0xF0, 0x00, 0x0B, 0xF8, 0x00,
    0x03, 0xFC, 0x00, 0x00, 0xFF, 0x00, 0x00, 0xBF, 0x80, 0x00, 0x3F, 0xC0, 0x00, 0x0F, 0xF0, 0x00,
    0x0B, 0xF8, 0x00, 0x03, 0xFC, 0x00, 0x00, 0xFF, 0x00, 0x00, 0xBF, 0x80, 0x00, 0x3F, 0xC0, 0x00,
    0x2F, 0xF5, 0x55, 0x5B, 0xF9, 0x55, 0x57, 0xFE, 0x54, 0x3F, 0xFF, 0xFF, 0xFF, 0xFF, 0xFF, 0xFF,
    0xFF, 0xFF, 0xC3, 0xFF, 0xFF, 0xFF, 0xFF, 0xFF, 0xFF, 0xFF, 0xFF, 0xFC, 0x00, 0x00, 0x00, 0x00,
    0x00, 0x00, 0x00, 0x00, 0x2F, 0xC0, 0x00, 0x00, 0x00, 0x00, 0x00, 0x00, 0x00, 0x00, 0xFC, 0x00,
    0x00, 0x00, 0x00, 0x00, 0x00, 0x00, 0x00, 0x0B, 0xC0, 0x00, 0x00, 0x00, 0x00, 0x00, 0x00, 0x00,
    0x00, 0x7C, 0x00, 0x00, 0x00, 0x00, 0x00, 0x00, 0x00, 0x00, 0x03, 0xC0, 0x00, 0x00, 0x00, 0x00,
    0x00, 0x00, 0x00, 0x00, 0x00, 0x05, 0x55, 0x55, 0x54, 0x00, 0x00, 0x07, 0xFF, 0xFF, 0xFF, 0x40,
    0x00, 0x02, 0xFF, 0xEF, 0xFF, 0x80, 0x00, 0x00, 0xFE, 0x01, 0xFE, 0x00, 0x00, 0x00, 0x3F, 0x00,
    0x7F, 0x80, 0x00, 0x00, 0x0F, 0x40, 0x1F, 0xE0, 0x00, 0x00, 0x07, 0xC0, 0x07, 0xF8, 0x00, 0x00,
    0x00, 0xA0, 0x01, 0xFE, 0x00, 0x00, 0x00, 0x00, 0x00, 0x7F, 0x80, 0x00, 0x00, 0x00, 0x00, 0x1F,
    0xE0, 0x00, 0x00, 0x00, 0x00, 0x07, 0xFE, 0xBA, 0x40, 0x00, 0x00, 0x01, 0xFF, 0xFF, 0xFF, 0x40,
    0x00, 0x00, 0x7F, 0xD5, 0xBF, 0xFC, 0x00, 0x00, 0x1F, 0xE0, 0x00, 0xFF, 0x80, 0x00, 0x07, 0xF8,
    0x00, 0x1F, 0xF0, 0x00, 0x01, 0xFE, 0x00, 0x03, 0xFD, 0x00, 0x00, 0x7F, 0x80, 0x00, 0xBF, 0x80,
    0x00, 0x1F, 0xE0, 0x00, 0x2F, 0xE0, 0x00, 0x07, 0xF8, 0x00, 0x0F, 0xF4, 0x00, 0x01, 0xFE, 0x00,
    0x03, 0xFC, 0x00, 0x00, 0x7F, 0x80, 0x02, 0xFE, 0x00, 0x00, 0x2F, 0xE0, 0x07, 0xFF, 0x00, 0x00,
    0xFF, 0xFF, 0xFF, 0xFE, 0x00, 0x00, 0x7F, 0xFF, 0xFF, 0xE4, 0x00, 0x15, 0x55, 0x50, 0x00, 0x00,
    0x15, 0x55, 0x50, 0xFF, 0xFF, 0xE0, 0x00, 0x02, 0xFF, 0xFF, 0xC2, 0xBF, 0xFE, 0x40, 0x00, 0x06,
    0xFF, 0xFA, 0x00, 0x7F, 0xC0, 0x00, 0x00, 0x00, 0xFF, 0x40, 0x00, 0xFF, 0x00, 0x00, 0x00, 0x02,
    0xFD, 0x00, 0x03, 0xFC, 0x00, 0x00, 0x00, 0x0B, 0xF4, 0x00, 0x0F, 0xF0, 0x00, 0x00, 0x00, 0x2F,
    0xD0, 0x00, 0x3F, 0xC0, 0x00, 0x00, 0x00, 0xBF, 0x40, 0x00, 0xFF, 0x00, 0x00, 0x00, 0x02, 0xFD,
    0x00, 0x03, 0xFC, 0x00, 0x00, 0x00, 0x0B, 0xF4, 0x00, 0x0F, 0xFA, 0xEA, 0x40, 0x00, 0x2F, 0xD0,
    0x00, 0x3F, 0xFF, 0xFF, 0xD0, 0x00, 0xBF, 0x40, 0x00, 0xFF, 0x56, 0xBF, 0xF0, 0x02, 0xFD, 0x00,
    0x03, 0xFC, 0x00, 0x3F, 0xE0, 0x0B, 0xF4, 0x00, 0x0F, 0xF0, 0x00, 0x7F, 0xC0, 0x2F, 0xD0, 0x00,
    0x3F, 0xC0, 0x00, 0xFF, 0x40, 0xBF, 0x40, 0x00, 0xFF, 0x00, 0x03, 0xFD, 0x02, 0xFD, 0x00, 0x03,
    0xFC, 0x00, 0x0F, 0xF4, 0x0B, 0xF4, 0x00, 0x0F, 0xF0, 0x00, 0x3F, 0xD0, 0x2F, 0xD0, 0x00, 0x3F,
    0xC0, 0x00, 0xFF, 0x00, 0xBF, 0x40, 0x00, 0xFF, 0x00, 0x0F, 0xF8, 0x03, 0xFD, 0x00, 0x0B, 0xFC,
    0x01, 0xFF, 0xC0, 0x0F, 0xF8, 0x03, 0xFF, 0xFF, 0xFF, 0xF8, 0x0B, 0xFF, 0xFF, 0x0F, 0xFF, 0xFF,
    0xF9, 0x00, 0x2F, 0xFF, 0xFC, 0x15, 0x55, 0x50, 0x00, 0x00, 0x3F, 0xFF, 0xF8, 0x00, 0x00, 0x2B,
    0xFF, 0xE4, 0x00, 0x00, 0x01, 0xFF, 0x00, 0x00, 0x00, 0x00, 0xFF, 0x00, 0x00, 0x00, 0x00, 0xFF,
    0x00, 0x00, 0x00, 0x00, 0xFF, 0x00, 0x00, 0x00, 0x00, 0xFF, 0x00, 0x00, 0x00, 0x00, 0xFF, 0x00,
    0x00, 0x00, 0x00, 0xFF, 0x00, 0x00, 0x00, 0x00, 0xFF, 0xAE, 0xA4, 0x00, 0x00, 0xFF, 0xFF, 0xFF,
    0x80, 0x00, 0xFF, 0x56, 0xBF, 0xF0, 0x00, 0xFF, 0x00, 0x0F, 0xFC, 0x00, 0xFF, 0x00, 0x03, 0xFD,
    0x00, 0xFF, 0x00, 0x02, 0xFE, 0x00, 0xFF, 0x00, 0x01, 0xFF, 0x00, 0xFF, 0x00, 0x01, 0xFF, 0x00,
    0xFF, 0x00, 0x02, 0xFE, 0x00, 0xFF, 0x00, 0x03, 0xFD, 0x00, 0xFF, 0x00, 0x0B, 0xFC, 0x02, 0xFF,
    0x00, 0x7F, 0xF0, 0x3F, 0xFF, 0xFF, 0xFF, 0x80, 0x3F, 0xFF, 0xFF, 0xE4, 0x00, 0x29, 0x06, 0xBE,
    0x90, 0x00, 0x2E, 0x7F, 0xFF, 0xFD, 0x00, 0x2F, 0xFE, 0xAB, 0xFF, 0x40, 0x2F, 0xE0, 0x00, 0x7F,
    0xD0, 0x2F, 0x80, 0x00, 0x1F, 0xF0, 0x1F, 0x00, 0x00, 0x0B, 0xF8, 0x1E, 0x00, 0x00, 0x07, 0xFC,
    0x0E, 0x00, 0x00, 0x03, 0xFD, 0x00, 0x00, 0x00, 0x03, 0xFD, 0x00, 0x00, 0x00, 0x02, 0xFE, 0x00,
    0x00, 0x00, 0x02, 0xFE, 0x00, 0xFF, 0xFF, 0xFF, 0xFF, 0x00, 0xFF, 0xFF, 0xFF, 0xFE, 0x00, 0x00,
    0x00, 0x02, 0xFE, 0x00, 0x00, 0x00, 0x02, 0xFE, 0x00, 0x00, 0x00, 0x03, 0xFD, 0x00, 0x00, 0x00,
    0x03, 0xFC, 0x14, 0x00, 0x00, 0x07, 0xFC, 0xBC, 0x00, 0x00, 0x0F, 0xF4, 0x7E, 0x00, 0x00, 0x1F,
    0xF0, 0x3F, 0x80, 0x00, 0x7F, 0xD0, 0x0F, 0xF9, 0x57, 0xFF, 0x40, 0x03, 0xFF, 0xFF, 0xFD, 0x00,
    0x00, 0x7F, 0xFF, 0xE0, 0x00, 0x00, 0x01, 0x54, 0x00, 0x00, 0x15, 0x55, 0x50, 0x00, 0x00, 0x6B,
    0xE4, 0x00, 0x00, 0xFF, 0xFF, 0xE0, 0x00, 0x1F, 0xFF, 0xFF, 0x40, 0x02, 0xBF, 0xFE, 0x40, 0x02,
    0xFF, 0xAB, 0xFF, 0x80, 0x00, 0x7F, 0xC0, 0x00, 0x3F, 0xD0, 0x01, 0xFF, 0x80, 0x00, 0xFF, 0x00,
    0x02, 0xFD, 0x00, 0x00, 0xFF, 0x40, 0x03, 0xFC, 0x00, 0x1F, 0xE0, 0x00, 0x01, 0xFF, 0x00, 0x0F,
    0xF0, 0x00, 0xBF, 0x00, 0x00, 0x03, 0xFD, 0x00, 0x3F, 0xC0, 0x03, 0xFC, 0x00, 0x00, 0x0B, 0xFC,
    0x00, 0xFF, 0x00, 0x1F, 0xE0, 0x00, 0x00, 0x1F, 0xF0, 0x03, 0xFC, 0x00, 0xBF, 0x40, 0x00, 0x00,
    0x3F, 0xC0, 0x0F, 0xF0, 0x03, 0xFD, 0x00, 0x00, 0x00, 0xFF, 0x40, 0x3F, 0xFF, 0xFF, 0xF4, 0x00,
    0x00, 0x03, 0xFD, 0x00, 0xFF, 0xFF, 0xFF, 0xD0, 0x00, 0x00, 0x0F, 0xF4, 0x03, 0xFC, 0x00, 0xFF,
    0x40, 0x00, 0x00, 0x3F, 0xC0, 0x0F, 0xF0, 0x03, 0xFD, 0x00, 0x00, 0x00, 0xFF, 0x00, 0x3F, 0xC0,
    0x0B, 0xF8, 0x00, 0x00, 0x03, 0xFC, 0x00, 0xFF, 0x00, 0x1F, 0xF0, 0x00, 0x00, 0x1F, 0xE0, 0x03,
    0xFC, 0x00, 0x3F, 0xC0, 0x00, 0x00, 0xBF, 0x40, 0x0F, 0xF0, 0x00, 0xBF, 0x80, 0x00, 0x03, 0xFC,
    0x00, 0x3F, 0xC0, 0x00, 0xFF, 0x00, 0x00, 0x1F, 0xD0, 0x01, 0xFF, 0x00, 0x02, 0xFF, 0x00, 0x01,
    0xFF, 0x00, 0x0B, 0xFC, 0x00, 0x02, 0xFF, 0x80, 0x2F, 0xF0, 0x03, 0xFF, 0xFF, 0x40, 0x02, 0xFF,
    0xFF, 0xFE, 0x00, 0x0F, 0xFF, 0xFE, 0x00, 0x00, 0xBF, 0xFF, 0xD0, 0x00, 0x00, 0x00, 0x00, 0x00,
    0x00, 0x15, 0x50, 0x00, 0x00, 0x00, 0x00, 0x01, 0x55, 0x55, 0x50, 0x00, 0x1B, 0xFF, 0xFF, 0xFF,
    0x00, 0x0F, 0xFF, 0xAB, 0xFF, 0xA0, 0x03, 0xFE, 0x00, 0x3F, 0xD0, 0x00, 0xBF, 0x80, 0x03, 0xFC,
    0x00, 0x0F, 0xF0, 0x00, 0x3F, 0xC0, 0x01, 0xFF, 0x00, 0x03, 0xFC, 0x00, 0x1F, 0xF0, 0x00, 0x3F,
    0xC0, 0x00, 0xFF, 0x00, 0x03, 0xFC, 0x00, 0x0F, 0xF4, 0x00, 0x3F, 0xC0, 0x00, 0x7F, 0xC0, 0x03,
    0xFC, 0x00, 0x02, 0xFF, 0x40, 0x3F, 0xC0, 0x00, 0x06, 0xFF, 0xFF, 0xFC, 0x00, 0x00, 0x02, 0xFF,
    0xFF, 0xC0, 0x00, 0x02, 0xFD, 0x03, 0xFC, 0x00, 0x00, 0xBF, 0x00, 0x3F, 0xC0, 0x00, 0x1F, 0xD0,
    0x03, 0xFC, 0x00, 0x03, 0xFC, 0x00, 0x3F, 0xC0, 0x00, 0x7F, 0x80, 0x03, 0xFC, 0x00, 0x0F, 0xF4,
    0x00, 0x3F, 0xC0, 0x00, 0xFF, 0x00, 0x03, 0xFC, 0x01, 0x7F, 0xE0, 0x00, 0x7F, 0xE0, 0xBF, 0xFC,
    0x00, 0xFF, 0xFF, 0xF3, 0xFF, 0x40, 0x0F, 0xFF, 0xFF, 0x01, 0x40, 0x00, 0x00, 0x00, 0x00, 0x00,
    0x05, 0x40, 0x00, 0x00, 0x2F, 0xFF, 0xE0, 0x00, 0x0F, 0xE5, 0xBF, 0x80, 0x03, 0xF0, 0x02, 0xFD,
    0x00, 0x3F, 0x40, 0x0F, 0xE0, 0x03, 0xF8, 0x00, 0xFF, 0x00, 0x2E, 0x00, 0x0F, 0xF0, 0x00, 0x00,
    0x00, 0xFF, 0x00, 0x00, 0x01, 0x5F, 0xF0, 0x00, 0x1B, 0xFF, 0xFF, 0x00, 0x0F, 0xFE, 0x5F, 0xF0,
    0x03, 0xFD, 0x00, 0xFF, 0x00, 0x3F, 0x80, 0x0F, 0xF0, 0x07, 0xF4, 0x00, 0xFF, 0x00, 0x7F, 0x80,
    0x1F, 0xF0, 0x03, 0xFD, 0x07, 0xFF, 0x40, 0x2F, 0xFF, 0xF7, 0xFF, 0xC0, 0xBF, 0xF8, 0x2F, 0xF8,
    0x00, 0x54, 0x00, 0x14, 0x00, 0x00, 0x00, 0x00, 0x00, 0x00, 0x00, 0x00, 0x00, 0x38, 0x00, 0x00,
    0x00, 0x0B, 0x40, 0x00, 0x2F, 0xFF, 0xF4, 0x00, 0x2F, 0xFF, 0xFF, 0x00, 0x0B, 0xFF, 0xFF, 0xD0,
    0x02, 0xFF, 0xFE, 0x90, 0x00, 0x7F, 0x40, 0x00, 0x00, 0x0F, 0xC0, 0x00, 0x00, 0x00, 0xF4, 0x00,
    0x00, 0x00, 0x2F, 0x01, 0xAA, 0x40, 0x03, 0xE1, 0xFF, 0xFF, 0x00, 0x3D, 0x7E, 0x5B, 0xFD, 0x03,
    0xEF, 0x40, 0x1F, 0xF0, 0x3F, 0xE0, 0x00, 0xBF, 0x43, 0xFC, 0x00, 0x07, 0xFC, 0x3F, 0xC0, 0x00,
    0x3F, 0xC7, 0xFC, 0x00, 0x03, 0xFC, 0x3F, 0xC0, 0x00, 0x3F, 0xC3, 0xFC, 0x00, 0x03, 0xFC, 0x3F,
    0xC0, 0x00, 0x3F, 0xC3, 0xFC, 0x00, 0x03, 0xF8, 0x1F, 0xD0, 0x00, 0x7F, 0x40, 0xFF, 0x00, 0x0F,
    0xF0, 0x07, 0xFC, 0x02, 0xFC, 0x00, 0x1F, 0xFF, 0xFF, 0x00, 0x00, 0x3F, 0xFF, 0x80, 0x00, 0x00,
    0x15, 0x40, 0x00, 0x7F, 0xFF, 0xFF, 0x90, 0x1F, 0xFF, 0xFF, 0xFF, 0x00, 0x7F, 0xC0, 0x3F, 0xD0,
    0x0F, 0xF0, 0x07, 0xF8, 0x03, 0xFC, 0x00, 0xFE, 0x00, 0xFF, 0x00, 0x7F, 0x40, 0x3F, 0xC0, 0x3F,
    0x80, 0x0F, 0xFA, 0xBE, 0x40, 0x03, 0xFF, 0xFF, 0xE4, 0x00, 0xFF, 0x01, 0xBF, 0x80, 0x3F, 0xC0,
    0x0B, 0xF4, 0x0F, 0xF0, 0x01, 0xFE, 0x03, 0xFC, 0x00, 0x7F, 0x80, 0xFF, 0x00, 0x2F, 0xD0, 0x7F,
    0xC0, 0x1F, 0xF1, 0xFF, 0xFF, 0xFF, 0xF0, 0x7F, 0xFF, 0xFF, 0x90, 0x00, 0x7F, 0xFF, 0xFF, 0xF0,
    0x7F, 0xFF, 0xFF, 0xF4, 0x07, 0xFC, 0x02, 0xF8, 0x03, 0xFC, 0x00, 0xF8, 0x03, 0xFC, 0x00, 0xBC,
    0x03, 0xFC, 0x00, 0x7C, 0x03, 0xFC, 0x00, 0x10, 0x03, 0xFC, 0x00, 0x00, 0x03, 0xFC, 0x00, 0x00,
    0x03, 0xFC, 0x00, 0x00, 0x03, 0xFC, 0x00, 0x00, 0x03, 0xFC, 0x00, 0x00, 0x03, 0xFC, 0x00, 0x00,
    0x03, 0xFC, 0x00, 0x00, 0x07, 0xFC, 0x00, 0x00, 0x7F, 0xFF, 0xF4, 0x00, 0x7F, 0xFF, 0xF4, 0x00,
    0x0B, 0xFF, 0xFF, 0xFF, 0xF8, 0x2F, 0xFF, 0xFF, 0xFF, 0xE0, 0x07, 0xE0, 0x0B, 0xF4, 0x00, 0x0F,
    0x40, 0x2F, 0xC0, 0x00, 0x3D, 0x00, 0xBF, 0x00, 0x00, 0xF4, 0x02, 0xFC, 0x00, 0x03, 0xD0, 0x0B,
    0xF0, 0x00, 0x1F, 0x40, 0x2F, 0xC0, 0x00, 0x7C, 0x00, 0xBF, 0x00, 0x01, 0xF0, 0x02, 0xFC, 0x00,
    0x0B, 0xC0, 0x0B, 0xF0, 0x00, 0x3E, 0x00, 0x2F, 0xC0, 0x00, 0xF4, 0x00, 0xBF, 0x00, 0x07, 0xC0,
    0x02, 0xFC, 0x00, 0x3F, 0x00, 0x0B, 0xF4, 0x2F, 0xFF, 0xFF, 0xFF, 0xFF, 0xBF, 0xFF, 0xFF, 0xFF,
    0xFE, 0xFC, 0x00, 0x00, 0x0B, 0xFB, 0xD0, 0x00, 0x00, 0x0F, 0xEF, 0x00, 0x00, 0x00, 0x2F, 0xBC,
    0x00, 0x00, 0x00, 0xBE, 0xE0, 0x00, 0x00, 0x01, 0xF0, 0x00, 0x00, 0x00, 0x00, 0x00, 0x00, 0x01,
    0x54, 0x00, 0x00, 0x7F, 0xFF, 0x80, 0x02, 0xFE, 0xAF, 0xF0, 0x0B, 0xF0, 0x03, 0xF8, 0x1F, 0xD0,
    0x02, 0xFC, 0x3F, 0xC0, 0x01, 0xFD, 0x3F, 0x80, 0x01, 0xFD, 0x7F, 0x80, 0x02, 0xFD, 0x7F, 0xFF,
    0xFF, 0xFC, 0xBF, 0xFF, 0xFF, 0xFC, 0xBF, 0x80, 0x00, 0x00, 0x7F, 0x80, 0x00, 0x00, 0x3F, 0xC0,
    0x00, 0x00, 0x3F, 0xE0, 0x00, 0x00, 0x1F, 0xF4, 0x00, 0x2C, 0x0F, 0xFF, 0x9A, 0xFC, 0x03, 0xFF,
    0xFF, 0xF0, 0x00, 0xBF, 0xFF, 0x80, 0x00, 0x05, 0x54, 0x00, 0x01, 0x40, 0x00, 0x00, 0x00, 0x00,
    0x50, 0x03, 0xFE, 0x02, 0xFF, 0xFE, 0x01, 0xFF, 0x02, 0xFF, 0xD0, 0xBF, 0xFF, 0x81, 0xFF, 0xE0,
    0xBF, 0xBC, 0x02, 0xFE, 0x00, 0xFB, 0xF8, 0x0F, 0x8F, 0x40, 0x7F, 0x40, 0x7C, 0xBC, 0x00, 0x01,
    0xF0, 0x1F, 0xD0, 0x2D, 0x00, 0x00, 0x00, 0x3D, 0x07, 0xF4, 0x0F, 0x00, 0x00, 0x00, 0x07, 0xC1,
    0xFD, 0x0F, 0x80, 0x00, 0x00, 0x00, 0xBE, 0xBF, 0xEF, 0x80, 0x00, 0x00, 0x00, 0xBF, 0xFF, 0xFF,
    0xF8, 0x00, 0x00, 0x00, 0xFF, 0x47, 0xF8, 0x6F, 0xD0, 0x00, 0x00, 0xFF, 0x01, 0xFD, 0x03, 0xFC,
    0x00, 0x00, 0x7F, 0x40, 0x7F, 0x40, 0x7F, 0x80, 0x00, 0x2F, 0xC0, 0x1F, 0xD0, 0x0F, 0xF0, 0x00,
    0x0F, 0xE0, 0x07, 0xF4, 0x02, 0xFD, 0x00, 0x4F, 0xF4, 0x02, 0xFE, 0x00, 0x3F, 0xD0, 0x7F, 0xFC,
    0x0B, 0xFF, 0xF8, 0x0B, 0xFF, 0x4B, 0xFC, 0x02, 0xFF, 0xFF, 0x00, 0xBF, 0x80, 0x00, 0x00, 0x00,
    0x00, 0x00, 0x00, 0x00, 0x14, 0x05, 0x50, 0x00, 0xB9, 0xFF, 0xFD, 0x02, 0xFF, 0xAB, 0xFC, 0x0B,
    0xE0, 0x0B, 0xF8, 0x2F, 0x00, 0x0F, 0xF0, 0x78, 0x00, 0x3F, 0xC1, 0xD0, 0x01, 0xFD, 0x00, 0x00,
    0x0F, 0xE0, 0x00, 0xAB, 0xF9, 0x00, 0x03, 0xFF, 0xE4, 0x00, 0x05, 0x5B, 0xFD, 0x00, 0x00, 0x03,
    0xFC, 0x2F, 0x40, 0x0B, 0xF5, 0xFF, 0x00, 0x1F, 0xD7, 0xF8, 0x00, 0xBF, 0x4F, 0xC0, 0x07, 0xFC,
    0x2F, 0xE5, 0xBF, 0xC0, 0x1F, 0xFF, 0xF8, 0x00, 0x01, 0x54, 0x00, 0x00, 0x7F, 0xFF, 0xC0, 0xFF,
    0xFF, 0x5F, 0xFF, 0xF0, 0x3F, 0xFF, 0xD0, 0x7F, 0xC0, 0x00, 0xFF, 0x40, 0x0F, 0xF0, 0x00, 0x2F,
    0xC0, 0x03, 0xFC, 0x00, 0x1F, 0xF0, 0x00, 0xFF, 0x00, 0x2F, 0xFC, 0x00, 0x3F, 0xC0, 0x2F, 0xFF,
    0x00, 0x0F, 0xF0, 0x3F, 0x6F, 0xC0, 0x03, 0xFC, 0x3F, 0x0B, 0xF0, 0x00, 0xFF, 0x7F, 0x02, 0xFC,
    0x00, 0x3F, 0xFE, 0x00, 0xBF, 0x00, 0x0F, 0xFE, 0x00, 0x2F, 0xC0, 0x03, 0xFD, 0x00, 0x0B, 0xF0,
    0x00, 0xFF, 0x00, 0x02, 0xFC, 0x00, 0x7F, 0xC0, 0x00, 0xFF, 0x41, 0xFF, 0xFF, 0x03, 0xFF, 0xFD,
    0x7F, 0xFF, 0xC0, 0xFF, 0xFF, 0x80, 0x00, 0x00, 0x00, 0x00, 0x00, 0x00, 0x0F, 0xC0, 0x0F, 0xC0,
    0x00, 0x07, 0xF4, 0x07, 0xF8, 0x00, 0x01, 0xFD, 0x00, 0xFE, 0x00, 0x00, 0x3F, 0x40, 0x7F, 0x00,
    0x00, 0x02, 0xFF, 0xFE, 0x00, 0x00, 0x00, 0x01, 0x50, 0x00, 0x00, 0x00, 0x00, 0x00, 0x00, 0x00,
    0x00, 0x00, 0x00, 0x00, 0x00, 0x1F, 0xFF, 0xF0, 0x3F, 0xFF, 0xD7, 0xFF, 0xFC, 0x0F, 0xFF, 0xF4,
    0x1F, 0xF0, 0x00, 0x3F, 0xD0, 0x03, 0xFC, 0x00, 0x0B, 0xF0, 0x00, 0xFF, 0x00, 0x07, 0xFC, 0x00,
    0x3F, 0xC0, 0x0B, 0xFF, 0x00, 0x0F, 0xF0, 0x0B, 0xFF, 0xC0, 0x03, 0xFC, 0x0F, 0xDB, 0xF0, 0x00,
    0xFF, 0x0F, 0xC2, 0xFC, 0x00, 0x3F, 0xDF, 0xC0, 0xBF, 0x00, 0x0F, 0xFF, 0x80, 0x2F, 0xC0, 0x03,
    0xFF, 0x80, 0x0B, 0xF0, 0x00, 0xFF, 0x40, 0x02, 0xFC, 0x00, 0x3F, 0xC0, 0x00, 0xBF, 0x00, 0x1F,
    0xF0, 0x00, 0x3F, 0xD0, 0x7F, 0xFF, 0xC0, 0xFF, 0xFF, 0x5F, 0xFF, 0xF0, 0x3F, 0xFF, 0xE0, 0x00,
    0x00, 0x00, 0x05, 0x01, 0xFF, 0xFF, 0x00, 0xFF, 0x47, 0xFF, 0xFC, 0x0F, 0xFF, 0x01, 0xFF, 0x00,
    0xBF, 0xFC, 0x03, 0xFC, 0x03, 0xC7, 0xD0, 0x0F, 0xF0, 0x1E, 0x00, 0x00, 0x3F, 0xC0, 0xF4, 0x00,
    0x00, 0xFF, 0x0B, 0x80, 0x00, 0x03, 0xFE, 0xF8, 0x00, 0x00, 0x0F, 0xFF, 0xF9, 0x00, 0x00, 0x3F,
    0xC7, 0xFE, 0x00, 0x00, 0xFF, 0x02, 0xFD, 0x00, 0x03, 0xFC, 0x03, 0xFC, 0x00, 0x0F, 0xF0, 0x0B,
    0xF4, 0x00, 0x3F, 0xC0, 0x1F, 0xF0, 0x01, 0xFF, 0x00, 0x3F, 0xE0, 0x7F, 0xFF, 0xC0, 0x7F, 0xFD,
    0xFF, 0xFF, 0x00, 0x7F, 0xD0, 0x00, 0x00, 0x00, 0x00, 0x00, 0x00, 0xFF, 0xFF, 0xFF, 0xFE, 0x00,
    0xFF, 0xFF, 0xFF, 0xFE, 0x00, 0x0F, 0x80, 0x2F, 0xD0, 0x00, 0x0B, 0x80, 0x2F, 0xC0, 0x00, 0x0B,
    0x80, 0x2F, 0xC0, 0x00, 0x0B, 0x80, 0x2F, 0xC0, 0x00, 0x0F, 0x80, 0x2F, 0xC0, 0x00, 0x0F, 0x40,
    0x2F, 0xC0, 0x00, 0x0F, 0x40, 0x2F, 0xC0, 0x00, 0x0F, 0x40, 0x2F, 0xC0, 0x00, 0x0F, 0x00, 0x2F,
    0xC0, 0x00, 0x1F, 0x00, 0x2F, 0xC0, 0x00, 0x2E, 0x00, 0x2F, 0xC0, 0x3E, 0x3D, 0x00, 0x2F, 0xC0,
    0x7F, 0xFC, 0x00, 0x3F, 0xD0, 0x7F, 0xF4, 0x03, 0xFF, 0xFE, 0x3F, 0xE0, 0x03, 0xFF, 0xFE, 0x05,
    0x00, 0x00, 0x00, 0x00, 0x7F, 0xFF, 0x00, 0x00, 0xFF, 0xFC, 0x7F, 0xFF, 0x00, 0x01, 0xFF, 0xFC,
    0x07, 0xFF, 0x80, 0x03, 0xFF, 0xC0, 0x03, 0xFF, 0xC0, 0x03, 0xFF, 0x80, 0x03, 0xEF, 0xD0, 0x0B,
    0xBF, 0x80, 0x03, 0xCF, 0xF0, 0x0F, 0x3F, 0x80, 0x03, 0xC7, 0xF4, 0x2E, 0x3F, 0x80, 0x03, 0xC3,
    0xF8, 0x3C, 0x3F, 0x80, 0x03, 0xC2, 0xFC, 0x7C, 0x3F, 0x80, 0x03, 0xC0, 0xFE, 0xF4, 0x3F, 0x80,
    0x03, 0xC0, 0xBF, 0xF0, 0x3F, 0x80, 0x03, 0xC0, 0x7F, 0xD0, 0x3F, 0x80, 0x03, 0xC0, 0x3F, 0xC0,
    0x3F, 0x80, 0x03, 0xC0, 0x1A, 0x40, 0x3F, 0x80, 0x07, 0xD0, 0x00, 0x00, 0x7F, 0xC0, 0x7F, 0xFE,
    0x00, 0x07, 0xFF, 0xFC, 0x7F, 0xFE, 0x00, 0x07, 0xFF, 0xFC, 0x7F, 0xFF, 0xC0, 0xFF, 0xFF, 0x5F,
    0xFF, 0xF0, 0x3F, 0xFF, 0xD0, 0x7F, 0xC0, 0x00, 0xFF, 0x40, 0x0F, 0xF0, 0x00, 0x3F, 0xC0, 0x03,
    0xFC, 0x00, 0x0F, 0xF0, 0x00, 0xFF, 0x00, 0x03, 0xFC, 0x00, 0x3F, 0xC0, 0x00, 0xFF, 0x00, 0x0F,
    0xFA, 0xAA, 0xBF, 0xC0, 0x03, 0xFF, 0xFF, 0xFF, 0xF0, 0x00, 0xFF, 0x55, 0x57, 0xFC, 0x00, 0x3F,
    0xC0, 0x00, 0xFF, 0x00, 0x0F, 0xF0, 0x00, 0x3F, 0xC0, 0x03, 0xFC, 0x00, 0x0F, 0xF0, 0x00, 0xFF,
    0x00, 0x03, 0xFC, 0x00, 0x7F, 0xC0, 0x00, 0xFF, 0x41, 0xFF, 0xFF, 0x03, 0xFF, 0xFD, 0x7F, 0xFF,
    0xC0, 0xFF, 0xFF, 0x80, 0x00, 0x01, 0x54, 0x00, 0x00, 0x07, 0xFF, 0xFD, 0x00, 0x02, 0xFF, 0xFF,
    0xFC, 0x00, 0xBF, 0x40, 0x3F, 0xF0, 0x1F, 0xE0, 0x00, 0xFF, 0x43, 0xFC, 0x00, 0x07, 0xFC, 0x3F,
    0x80, 0x00, 0x3F, 0xC7, 0xF8, 0x00, 0x03, 0xFD, 0x7F, 0x80, 0x00, 0x2F, 0xDB, 0xF8, 0x00, 0x02,
    0xFD, 0xBF, 0x80, 0x00, 0x2F, 0xD7, 0xF8, 0x00, 0x02, 0xFD, 0x7F, 0xC0, 0x00, 0x3F, 0xC3, 0xFD,
    0x00, 0x03, 0xF8, 0x2F, 0xF0, 0x00, 0xBF, 0x00, 0xFF, 0xC0, 0x2F, 0xE0, 0x03, 0xFF, 0xFF, 0xF8,
    0x00, 0x0B, 0xFF, 0xFD, 0x00, 0x00, 0x01, 0x54, 0x00, 0x00, 0x7F, 0xFF, 0xFF, 0xFF, 0xFF, 0x5F,
    0xFF, 0xFF, 0xFF, 0xFF, 0xD0, 0x7F, 0xC0, 0x00, 0xFF, 0x40, 0x0F, 0xF0, 0x00, 0x3F, 0xC0, 0x03,
    0xFC, 0x00, 0x0F, 0xF0, 0x00, 0xFF, 0x00, 0x03, 0xFC, 0x00, 0x3F, 0xC0, 0x00, 0xFF, 0x00, 0x0F,
    0xF0, 0x00, 0x3F, 0xC0, 0x03, 0xFC, 0x00, 0x0F, 0xF0, 0x00, 0xFF, 0x00, 0x03, 0xFC, 0x00, 0x3F,
    0xC0, 0x00, 0xFF, 0x00, 0x0F, 0xF0, 0x00, 0x3F, 0xC0, 0x03, 0xFC, 0x00, 0x0F, 0xF0, 0x00, 0xFF,
    0x00, 0x03, 0xFC, 0x00, 0x3F, 0xC0, 0x00, 0xFF, 0x01, 0xFF, 0xFF, 0x03, 0xFF, 0xFD, 0x7F, 0xFF,
    0xC0, 0xFF, 0xFF, 0x40, 0x00, 0x00, 0x01, 0x54, 0x00, 0x3F, 0xFC, 0x1F, 0xFF, 0x40, 0x3F, 0xFC,
    0xBF, 0xFF, 0xE0, 0x07, 0xFE, 0xE5, 0x6F, 0xF4, 0x02, 0xFF, 0x40, 0x0B, 0xFC, 0x01, 0xFF, 0x00,
    0x03, 0xFC, 0x01, 0xFD, 0x00, 0x03, 0xFD, 0x01, 0xFD, 0x00, 0x02, 0xFE, 0x01, 0xFD, 0x00, 0x02,
    0xFE, 0x01, 0xFD, 0x00, 0x02, 0xFE, 0x01, 0xFD, 0x00, 0x02, 0xFE, 0x01, 0xFD, 0x00, 0x02, 0xFD,
    0x01, 0xFD, 0x00, 0x03, 0xFC, 0x01, 0xFD, 0x00, 0x03, 0xFC, 0x01, 0xFD, 0x00, 0x0F, 0xF4, 0x01,
    0xFF, 0x80, 0x2F, 0xF0, 0x01, 0xFF, 0xFF, 0xFF, 0xC0, 0x01, 0xFE, 0xFF, 0xFE, 0x00, 0x01, 0xFD,
    0x05, 0x50, 0x00, 0x01, 0xFD, 0x00, 0x00, 0x00, 0x01, 0xFD, 0x00, 0x00, 0x00, 0x01, 0xFD, 0x00,
    0x00, 0x00, 0x02, 0xFE, 0x00, 0x00, 0x00, 0x2F, 0xFF, 0xE4, 0x00, 0x00, 0x3F, 0xFF, 0xF4, 0x00,
    0x00, 0x00, 0x00, 0x00, 0x00, 0x00, 0x00, 0x01, 0x54, 0x00, 0x00, 0x7F, 0xFF, 0x80, 0x02, 0xFF,
    0xAF, 0xF0, 0x0B, 0xF4, 0x02, 0xF8, 0x1F, 0xE0, 0x03, 0xFC, 0x3F, 0xC0, 0x07, 0xFC, 0x3F, 0xC0,
    0x03, 0xF8, 0x7F, 0x80, 0x00, 0x50, 0x7F, 0x40, 0x00, 0x00, 0xBF, 0x40, 0x00, 0x00, 0xBF, 0x80,
    0x00, 0x00, 0x7F, 0xC0, 0x00, 0x00, 0x3F, 0xC0, 0x00, 0x00, 0x3F, 0xE0, 0x00, 0x00, 0x2F, 0xF8,
    0x00, 0x38, 0x0F, 0xFF, 0xAB, 0xFC, 0x03, 0xFF, 0xFF, 0xF0, 0x00, 0xBF, 0xFF, 0x40, 0x00, 0x05,
    0x50, 0x00, 0x1F, 0xFF, 0xFF, 0xFF, 0xF0, 0x7F, 0xFF, 0xFF, 0xFF, 0xC2, 0xF8, 0x0F, 0xF0, 0x3F,
    0x4B, 0xC0, 0x3F, 0xC0, 0x7D, 0x3E, 0x00, 0xFF, 0x00, 0xF8, 0xF4, 0x03, 0xFC, 0x02, 0xF0, 0x40,
    0x0F, 0xF0, 0x01, 0x00, 0x00, 0x3F, 0xC0, 0x00, 0x00, 0x00, 0xFF, 0x00, 0x00, 0x00, 0x03, 0xFC,
    0x00, 0x00, 0x00, 0x0F, 0xF0, 0x00, 0x00, 0x00, 0x3F, 0xC0, 0x00, 0x00, 0x00, 0xFF, 0x00, 0x00,
    0x00, 0x03, 0xFC, 0x00, 0x00, 0x00, 0x1F, 0xF0, 0x00, 0x00, 0x07, 0xFF, 0xFD, 0x00, 0x00, 0x2F,
    0xFF, 0xF4, 0x00, 0x7F, 0xFF, 0xC0, 0xBF, 0xFD, 0x7F, 0xFF, 0xC0, 0xFF, 0xFD, 0x0B, 0xFC, 0x00,
    0x0F, 0xE0, 0x03, 0xFC, 0x00, 0x0B, 0xC0, 0x02, 0xFD, 0x00, 0x0F, 0x40, 0x01, 0xFF, 0x00, 0x1F,
    0x00, 0x00, 0xFF, 0x00, 0x3E, 0x00, 0x00, 0x7F, 0x80, 0x3C, 0x00, 0x00, 0x3F, 0xC0, 0xBC, 0x00,
    0x00, 0x2F, 0xD0, 0xF4, 0x00, 0x00, 0x0F, 0xF1, 0xF0, 0x00, 0x00, 0x0B, 0xF3, 0xD0, 0x00, 0x00,
    0x07, 0xFF, 0xC0, 0x00, 0x00, 0x03, 0xFF, 0x80, 0x00, 0x00, 0x01, 0xFF, 0x00, 0x00, 0x00, 0x00,
    0xFF, 0x00, 0x00, 0x00, 0x00, 0xBD, 0x00, 0x00, 0x00, 0x00, 0xBC, 0x00, 0x00, 0x00, 0x00, 0xF8,
    0x00, 0x00, 0x09, 0x01, 0xF0, 0x00, 0x00, 0x7F, 0x43, 0xE0, 0x00, 0x00, 0xBF, 0x4B, 0xC0, 0x00,
    0x00, 0xBF, 0xAF, 0x40, 0x00, 0x00, 0x3F, 0xFD, 0x00, 0x00, 0x00, 0x06, 0x90, 0x00, 0x00, 0x00,
    0x00, 0x00, 0x6A, 0xA4, 0x00, 0x00, 0x00, 0x00, 0x0B, 0xFF, 0xC0, 0x00, 0x00, 0x00, 0x00, 0x6F,
    0xFC, 0x00, 0x00, 0x00, 0x00, 0x00, 0x3F, 0xC0, 0x00, 0x00, 0x00, 0x00, 0x03, 0xFC, 0x00, 0x00,
    0x00, 0x00, 0x00, 0x3F, 0xC0, 0x00, 0x00, 0x00, 0x00, 0x03, 0xFC, 0x00, 0x00, 0x00, 0x00, 0x00,
    0x3F, 0xC0, 0x00, 0x00, 0x00, 0x05, 0x43, 0xFC, 0x15, 0x40, 0x00, 0x0F, 0xFF, 0x3F, 0xDF, 0xFF,
    0x40, 0x07, 0xFF, 0xFF, 0xFF, 0xFF, 0xFD, 0x00, 0xFF, 0x41, 0xFF, 0xF0, 0x1F, 0xF0, 0x2F, 0xD0,
    0x07, 0xFC, 0x00, 0xBF, 0x83, 0xFC, 0x00, 0x3F, 0xC0, 0x03, 0xFC, 0x3F, 0x80, 0x03, 0xFC, 0x00,
    0x3F, 0xC7, 0xF4, 0x00, 0x3F, 0xC0, 0x02, 0xFC, 0x7F, 0x40, 0x03, 0xFC, 0x00, 0x2F, 0xDB, 0xF4,
    0x00, 0x3F, 0xC0, 0x02, 0xFD, 0xBF, 0x40, 0x03, 0xFC, 0x00, 0x2F, 0xC7, 0xF4, 0x00, 0x3F, 0xC0,
    0x02, 0xFC, 0x7F, 0x80, 0x03, 0xFC, 0x00, 0x3F, 0xC3, 0xFC, 0x00, 0x3F, 0xC0, 0x03, 0xF8, 0x2F,
    0xD0, 0x03, 0xFC, 0x00, 0xBF, 0x40, 0xFF, 0x00, 0xFF, 0xE0, 0x1F, 0xE0, 0x07, 0xFF, 0xFF, 0xFF,
    0xFF, 0xFC, 0x00, 0x1F, 0xFF, 0x7F, 0xEF, 0xFE, 0x00, 0x00, 0x15, 0x43, 0xFC, 0x15, 0x00, 0x00,
    0x00, 0x00, 0x3F, 0xC0, 0x00, 0x00, 0x00, 0x00, 0x03, 0xFC, 0x00, 0x00, 0x00, 0x00, 0x00, 0x3F,
    0xC0, 0x00, 0x00, 0x00, 0x00, 0x03, 0xFC, 0x00, 0x00, 0x00, 0x00, 0x06, 0xFF, 0xF9, 0x00, 0x00,
    0x00, 0x00, 0xFF, 0xFF, 0xE0, 0x00, 0x00, 0x00, 0x01, 0x55, 0x54, 0x00, 0x00, 0xBF, 0xFF, 0xC2,
    0xFF, 0xF4, 0xBF, 0xFF, 0xC2, 0xFF, 0xF4, 0x0B, 0xFD, 0x00, 0x3F, 0x40, 0x03, 0xFE, 0x00, 0x7D,
    0x00, 0x00, 0xFF, 0x80, 0xF4, 0x00, 0x00, 0x3F, 0xD3, 0xE0, 0x00, 0x00, 0x1F, 0xFF, 0xC0, 0x00,
    0x00, 0x0B, 0xFF, 0x00, 0x00, 0x00, 0x02, 0xFF, 0x00, 0x00, 0x00, 0x03, 0xFF, 0x80, 0x00, 0x00,
    0x0F, 0xBF, 0xD0, 0x00, 0x00, 0x2F, 0x0F, 0xF0, 0x00, 0x00, 0xBC, 0x07, 0xFC, 0x00, 0x01, 0xF4,
    0x02, 0xFF, 0x00, 0x07, 0xF0, 0x00, 0xFF, 0xC0, 0xBF, 0xFE, 0x0F, 0xFF, 0xFC, 0xBF, 0xFF, 0x0F,
    0xFF, 0xFC, 0x7F, 0xFF, 0xC0, 0xFF, 0xFF, 0x47, 0xFF, 0xFC, 0x0F, 0xFF, 0xF0, 0x07, 0xFC, 0x00,
    0x0F, 0xF0, 0x00, 0x3F, 0xC0, 0x00, 0xFF, 0x00, 0x03, 0xFC, 0x00, 0x0F, 0xF0, 0x00, 0x3F, 0xC0,
    0x00, 0xFF, 0x00, 0x03, 0xFC, 0x00, 0x0F, 0xF0, 0x00, 0x3F, 0xC0, 0x00, 0xFF, 0x00, 0x03, 0xFC,
    0x00, 0x0F, 0xF0, 0x00, 0x3F, 0xC0, 0x00, 0xFF, 0x00, 0x03, 0xFC, 0x00, 0x0F, 0xF0, 0x00, 0x3F,
    0xC0, 0x00, 0xFF, 0x00, 0x03, 0xFC, 0x00, 0x0F, 0xF0, 0x00, 0x3F, 0xC0, 0x00, 0xFF, 0x00, 0x07,
    0xFC, 0x00, 0x0F, 0xF0, 0x07, 0xFF, 0xFF, 0xFF, 0xFF, 0xFD, 0xBF, 0xFF, 0xFF, 0xFF, 0xFF, 0xD0,
    0x00, 0x00, 0x00, 0x00, 0xFD, 0x00, 0x00, 0x00, 0x00, 0x07, 0xD0, 0x00, 0x00, 0x00, 0x00, 0x3D,
    0x00, 0x00, 0x00, 0x00, 0x03, 0xD0, 0x00, 0x00, 0x00, 0x00, 0x2D, 0x00, 0x00, 0x00, 0x00, 0x00,
    0x00, 0x7F, 0xFF, 0xC2, 0xFF, 0xFF, 0x7F, 0xFF, 0xC2, 0xFF, 0xFE, 0x07, 0xFC, 0x00, 0x2F, 0xE0,
    0x03, 0xFC, 0x00, 0x1F, 0xD0, 0x03, 0xFC, 0x00, 0x1F, 0xD0, 0x03, 0xFC, 0x00, 0x1F, 0xD0, 0x03,
    0xFC, 0x00, 0x1F, 0xD0, 0x03, 0xFC, 0x00, 0x1F, 0xD0, 0x02, 0xFE, 0x00, 0x7F, 0xD0, 0x00, 0xFF,
    0xFF, 0xFF, 0xD0, 0x00, 0x7F, 0xFF, 0xAF, 0xD0, 0x00, 0x06, 0xA4, 0x1F, 0xD0, 0x00, 0x00, 0x00,
    0x1F, 0xD0, 0x00, 0x00, 0x00, 0x1F, 0xD0, 0x00, 0x00, 0x00, 0x2F, 0xE0, 0x00, 0x00, 0x02, 0xFF,
    0xFE, 0x00, 0x00, 0x02, 0xFF, 0xFF, 0x7F, 0xFF, 0xC2, 0xFF, 0xFE, 0x1F, 0xFF, 0xF1, 0xFF, 0xFF,
    0x0F, 0xFF, 0xF4, 0x7F, 0xFF, 0xC0, 0x7F, 0xC0, 0x03, 0xFE, 0x00, 0x1F, 0xF0, 0x00, 0xFF, 0x00,
    0x0B, 0xF4, 0x00, 0x3F, 0x80, 0x03, 0xFC, 0x00, 0x2F, 0xD0, 0x00, 0xFE, 0x00, 0x0F, 0xF0, 0x00,
    0xBF, 0x40, 0x03, 0xF8, 0x00, 0x3F, 0xC0, 0x02, 0xFD, 0x00, 0x0F, 0xE0, 0x00, 0xFF, 0x00, 0x0B,
    0xF4, 0x00, 0x3F, 0x80, 0x03, 0xFC, 0x00, 0x2F, 0xD0, 0x00, 0xFE, 0x00, 0x0F, 0xF0, 0x00, 0xBF,
    0x40, 0x03, 0xF8, 0x00, 0x3F, 0xC0, 0x02, 0xFD, 0x00, 0x0F, 0xE0, 0x00, 0xFF, 0x00, 0x0B, 0xF4,
    0x00, 0x3F, 0x80, 0x03, 0xFC, 0x00, 0x2F, 0xD0, 0x00, 0xFE, 0x00, 0x0F, 0xF0, 0x00, 0xBF, 0x40,
    0x03, 0xF8, 0x00, 0x7F, 0xC0, 0x02, 0xFD, 0x00, 0x1F, 0xF0, 0x1F, 0xFF, 0xFF, 0xFF, 0xFF, 0xFF,
    0xFF, 0xFC, 0xBF, 0xFF, 0xFF, 0xFF, 0xFF, 0xFF, 0xFF, 0xF0, 0x7F, 0xFF, 0xC2, 0xFF, 0xFE, 0x1F,
    0xFF, 0xF0, 0x7F, 0xFF, 0xC3, 0xFF, 0xFD, 0x1F, 0xFF, 0xF0, 0x07, 0xFC, 0x00, 0x3F, 0xE0, 0x01,
    0xFF, 0x00, 0x03, 0xFC, 0x00, 0x2F, 0xD0, 0x00, 0xFE, 0x00, 0x03, 0xFC, 0x00, 0x2F, 0xD0, 0x00,
    0xFE, 0x00, 0x03, 0xFC, 0x00, 0x2F, 0xD0, 0x00, 0xFE, 0x00, 0x03, 0xFC, 0x00, 0x2F, 0xD0, 0x00,
    0xFE, 0x00, 0x03, 0xFC, 0x00, 0x2F, 0xD0, 0x00, 0xFE, 0x00, 0x03, 0xFC, 0x00, 0x2F, 0xD0, 0x00,
    0xFE, 0x00, 0x03, 0xFC, 0x00, 0x2F, 0xD0, 0x00, 0xFE, 0x00, 0x03, 0xFC, 0x00, 0x2F, 0xD0, 0x00,
    0xFE, 0x00, 0x03, 0xFC, 0x00, 0x2F, 0xD0, 0x00, 0xFE, 0x00, 0x03, 0xFC, 0x00, 0x2F, 0xD0, 0x00,
    0xFE, 0x00, 0x03, 0xFC, 0x00, 0x2F, 0xD0, 0x00, 0xFE, 0x00, 0x07, 0xFC, 0x00, 0x2F, 0xD0, 0x01,
    0xFE, 0x00, 0x7F, 0xFF, 0xFF, 0xFF, 0xFF, 0xFF, 0xFF, 0xFD, 0xBF, 0xFF, 0xFF, 0xFF, 0xFF, 0xFF,
    0xFF, 0xFD, 0x00, 0x00, 0x00, 0x00, 0x00, 0x00, 0x00, 0xFD, 0x00, 0x00, 0x00, 0x00, 0x00, 0x00,
    0x00, 0x7D, 0x00, 0x00, 0x00, 0x00, 0x00, 0x00, 0x00, 0x3D, 0x00, 0x00, 0x00, 0x00, 0x00, 0x00,
    0x00, 0x3D, 0x00, 0x00, 0x00, 0x00, 0x00, 0x00, 0x00, 0x3D, 0x00, 0x00, 0x00, 0x00, 0x00, 0x00,
    0x00, 0x00, 0x1F, 0xFF, 0xFF, 0xE0, 0x00, 0x0B, 0xFF, 0xFF, 0xF8, 0x00, 0x02, 0xF4, 0x2F, 0xD0,
    0x00, 0x00, 0xFC, 0x0B, 0xF0, 0x00, 0x00, 0x3D, 0x02, 0xFC, 0x00, 0x00, 0x0F, 0x00, 0xBF, 0x00,
    0x00, 0x00, 0x40, 0x2F, 0xD5, 0x54, 0x00, 0x00, 0x0B, 0xFF, 0xFF, 0xE0, 0x00, 0x02, 0xFE, 0xAB,
    0xFF, 0x00, 0x00, 0xBF, 0x00, 0x3F, 0xD0, 0x00, 0x2F, 0xC0, 0x07, 0xFC, 0x00, 0x0B, 0xF0, 0x00,
    0xFF, 0x00, 0x02, 0xFC, 0x00, 0x3F, 0x80, 0x00, 0xBF, 0x00, 0x1F, 0xD0, 0x00, 0x3F, 0xC0, 0x1F,
    0xF0, 0x00, 0xFF, 0xFF, 0xFF, 0xE0, 0x00, 0x3F, 0xFF, 0xFF, 0x80, 0x00, 0x7F, 0xFF, 0xD0, 0x00,
    0x3F, 0xFF, 0xD7, 0xFF, 0xFD, 0x00, 0x03, 0xFF, 0xFD, 0x07, 0xFC, 0x00, 0x00, 0x03, 0xFD, 0x00,
    0x3F, 0xC0, 0x00, 0x00, 0x2F, 0xC0, 0x03, 0xFC, 0x00, 0x00, 0x02, 0xFC, 0x00, 0x3F, 0xC0, 0x00,
    0x00, 0x2F, 0xC0, 0x03, 0xFD, 0x55, 0x00, 0x02, 0xFC, 0x00, 0x3F, 0xFF, 0xFF, 0x40, 0x2F, 0xC0,
    0x03, 0xFE, 0xAF, 0xFD, 0x02, 0xFC, 0x00, 0x3F, 0xC0, 0x2F, 0xF0, 0x2F, 0xC0, 0x03, 0xFC, 0x00,
    0xFF, 0x02, 0xFC, 0x00, 0x3F, 0xC0, 0x0B, 0xF0, 0x2F, 0xC0, 0x03, 0xFC, 0x00, 0xFF, 0x02, 0xFC,
    0x00, 0x3F, 0xC0, 0x0F, 0xF0, 0x2F, 0xC0, 0x07, 0xFC, 0x03, 0xFD, 0x03, 0xFD, 0x07, 0xFF, 0xFF,
    0xFF, 0x43, 0xFF, 0xFD, 0x7F, 0xFF, 0xFE, 0x40, 0x3F, 0xFF, 0xE0, 0x7F, 0xFF, 0xD0, 0x00, 0x1F,
    0xFF, 0xF4, 0x00, 0x00, 0x7F, 0xC0, 0x00, 0x00, 0x0F, 0xF0, 0x00, 0x00, 0x03, 0xFC, 0x00, 0x00,
    0x00, 0xFF, 0x00, 0x00, 0x00, 0x3F, 0xD5, 0x54, 0x00, 0x0F, 0xFF, 0xFF, 0xD0, 0x03, 0xFE, 0xAB,
    0xFE, 0x00, 0xFF, 0x00, 0x3F, 0xC0, 0x3F, 0xC0, 0x0B, 0xF4, 0x0F, 0xF0, 0x01, 0xFE, 0x03, 0xFC,
    0x00, 0x7F, 0x40, 0xFF, 0x00, 0x3F, 0xC0, 0x7F, 0xC0, 0x2F, 0xE1, 0xFF, 0xFF, 0xFF, 0xE0, 0x7F,
    0xFF, 0xFE, 0x40, 0x00, 0x14, 0x05, 0x50, 0x00, 0x3E, 0xBF, 0xFE, 0x00, 0x2F, 0xFA, 0xFF, 0xC0,
    0x2F, 0x80, 0x1F, 0xE0, 0x2F, 0x00, 0x0B, 0xF4, 0x2E, 0x00, 0x03, 0xF8, 0x19, 0x00, 0x03, 0xFC,
    0x00, 0x00, 0x03, 0xFC, 0x00, 0xAA, 0xAB, 0xFC, 0x00, 0xFF, 0xFF, 0xFC, 0x00, 0x55, 0x57, 0xFC,
    0x00, 0x00, 0x03, 0xFC, 0x2F, 0x40, 0x03, 0xFC, 0x7F, 0xC0, 0x07, 0xF4, 0x7F, 0x80, 0x0F, 0xF0,
    0x3F, 0x00, 0x2F, 0xC0, 0x2F, 0xE6, 0xFF, 0x40, 0x07, 0xFF, 0xF8, 0x00, 0x00, 0x15, 0x40, 0x00,
    0x00, 0x00, 0x00, 0x00, 0x05, 0x40, 0x01, 0xFF, 0xFF, 0x00, 0x0B, 0xFF, 0xE0, 0x07, 0xFF, 0xFC,
    0x01, 0xFF, 0xFF, 0xF4, 0x01, 0xFF, 0x00, 0x1F, 0xE0, 0x1F, 0xF4, 0x03, 0xFC, 0x00, 0xFE, 0x00,
    0x1F, 0xF0, 0x0F, 0xF0, 0x0B, 0xF0, 0x00, 0x3F, 0xD0, 0x3F, 0xC0, 0x3F, 0xC0, 0x00, 0xBF, 0x80,
    0xFF, 0x00, 0xFF, 0x00, 0x01, 0xFF, 0x03, 0xFE, 0xAF, 0xF8, 0x00, 0x03, 0xFC, 0x0F, 0xFF, 0xFF,
    0xF0, 0x00, 0x0F, 0xF0, 0x3F, 0xD5, 0xBF, 0xC0, 0x00, 0x3F, 0xC0, 0xFF, 0x00, 0xFF, 0x00, 0x01,
    0xFF, 0x03, 0xFC, 0x03, 0xFC, 0x00, 0x07, 0xF8, 0x0F, 0xF0, 0x0B, 0xF4, 0x00, 0x2F, 0xC0, 0x3F,
    0xC0, 0x1F, 0xF0, 0x00, 0xFE, 0x01, 0xFF, 0x00, 0x2F, 0xF0, 0x0F, 0xF0, 0x7F, 0xFF, 0xC0, 0x2F,
    0xFF, 0xFF, 0x01, 0xFF, 0xFF, 0x00, 0x1F, 0xFF, 0xE0, 0x00, 0x00, 0x00, 0x00, 0x01, 0x54, 0x00,
    0x00, 0x00, 0x0B, 0xFF, 0xFF, 0xFC, 0x01, 0xFF, 0xEB, 0xFF, 0xE0, 0x1F, 0xF0, 0x07, 0xF8, 0x00,
    0xFF, 0x40, 0x1F, 0xD0, 0x03, 0xFC, 0x00, 0x7F, 0x40, 0x0F, 0xF0, 0x01, 0xFD, 0x00, 0x2F, 0xD0,
    0x07, 0xF4, 0x00, 0x3F, 0xD0, 0x1F, 0xD0, 0x00, 0x2F, 0xFF, 0xFF, 0x40, 0x00, 0x0B, 0xFF, 0xFD,
    0x00, 0x01, 0xFD, 0x07, 0xF4, 0x00, 0x0F, 0xD0, 0x1F, 0xD0, 0x00, 0xBF, 0x00, 0x7F, 0x40, 0x03,
    0xFC, 0x01, 0xFD, 0x00, 0x2F, 0xD0, 0x0B, 0xF8, 0x0F, 0xFF, 0x02, 0xFF, 0xFF, 0x3F, 0xF0, 0x0B,
    0xFF, 0xFC, 0x15, 0x00, 0x00, 0x00, 0x00, 0x00, 0x00, 0x00, 0x00, 0x01, 0xFC, 0x07, 0xE0, 0x03,
    0xFE, 0x0F, 0xF4, 0x03, 0xFE, 0x0F, 0xF8, 0x02, 0xFC, 0x0B, 0xF0, 0x00, 0x50, 0x01, 0x40, 0x00,
    0x00, 0x00, 0x00, 0x00, 0x00, 0x00, 0x00, 0x00, 0x01, 0x54, 0x00, 0x00, 0x7F, 0xFF, 0x80, 0x02,
    0xFE, 0xAF, 0xF0, 0x0B, 0xF0, 0x03, 0xF8, 0x1F, 0xD0, 0x02, 0xFC, 0x3F, 0xC0, 0x01, 0xFD, 0x3F,
    0x80, 0x01, 0xFD, 0x7F, 0x80, 0x02, 0xFD, 0x7F, 0xFF, 0xFF, 0xFC, 0xBF, 0xFF, 0xFF, 0xFC, 0xBF,
    0x80, 0x00, 0x00, 0x7F, 0x80, 0x00, 0x00, 0x3F, 0xC0, 0x00, 0x00, 0x3F, 0xE0, 0x00, 0x00, 0x1F,
    0xF4, 0x00, 0x2C, 0x0F, 0xFF, 0x9A, 0xFC, 0x03, 0xFF, 0xFF, 0xF0, 0x00, 0xBF, 0xFF, 0x80, 0x00,
    0x05, 0x54, 0x00, 0x05, 0x59, 0x00, 0x00, 0x00, 0xBF, 0xFC, 0x00, 0x00, 0x01, 0xFF, 0xF0, 0x00,
    0x00, 0x00, 0x3F, 0xC0, 0x00, 0x00, 0x00, 0xFF, 0x00, 0x00, 0x00, 0xBF, 0xFF, 0xFE, 0x00, 0x03,
    0xFF, 0xFF, 0xFC, 0x00, 0x00, 0x3F, 0xC0, 0x00, 0x00, 0x00, 0xFF, 0x00, 0x54, 0x00, 0x03, 0xFC,
    0x2F, 0xFE, 0x00, 0x0F, 0xF3, 0xFF, 0xFF, 0x00, 0x3F, 0xFE, 0x5B, 0xFD, 0x00, 0xFF, 0xC0, 0x07,
    0xFC, 0x03, 0xFD, 0x00, 0x0F, 0xF0, 0x0F, 0xF0, 0x00, 0x3F, 0xC0, 0x3F, 0xC0, 0x00, 0xFF, 0x00,
    0xFF, 0x00, 0x03, 0xFC, 0x03, 0xFC, 0x00, 0x0F, 0xF0, 0x0F, 0xF0, 0x00, 0x3F, 0xC0, 0x3F, 0xC0,
    0x00, 0xFF, 0x00, 0xFF, 0x00, 0x03, 0xFC, 0x03, 0xFC, 0x00, 0x0F, 0xF0, 0x0F, 0xF0, 0x00, 0x3F,
    0xC0, 0x3F, 0xC0, 0x00, 0xFF, 0x1F, 0xFF, 0xF0, 0x03, 0xFC, 0x7F, 0xFF, 0xD0, 0x0F, 0xF0, 0x00,
    0x00, 0x00, 0x3F, 0x80, 0x00, 0x00, 0x00, 0xFD, 0x00, 0x00, 0x00, 0x07, 0xF0, 0x00, 0x00, 0x00,
    0x2F, 0x80, 0x00, 0x00, 0x01, 0xFC, 0x00, 0x00, 0x00, 0x0F, 0xD0, 0x00, 0x00, 0x00, 0x7D, 0x00,
    0x00, 0x00, 0x00, 0x40, 0x00, 0x00, 0x00, 0x00, 0x00, 0x00, 0x00, 0x1E, 0x00, 0x00, 0x00, 0x3F,
    0x40, 0x00, 0x00, 0xFF, 0x00, 0x00, 0x02, 0xFD, 0x00, 0x00, 0x07, 0xE0, 0x00, 0x00, 0x0F, 0x40,
    0x00, 0x00, 0x04, 0x00, 0x00, 0x00, 0x00, 0x00, 0x00, 0x00, 0x00, 0x00, 0x00, 0x7F, 0xFF, 0xFF,
    0xF0, 0x7F, 0xFF, 0xFF, 0xF4, 0x07, 0xFC, 0x02, 0xF8, 0x03, 0xFC, 0x00, 0xF8, 0x03, 0xFC, 0x00,
    0xBC, 0x03, 0xFC, 0x00, 0x7C, 0x03, 0xFC, 0x00, 0x10, 0x03, 0xFC, 0x00, 0x00, 0x03, 0xFC, 0x00,
    0x00, 0x03, 0xFC, 0x00, 0x00, 0x03, 0xFC, 0x00, 0x00, 0x03, 0xFC, 0x00, 0x00, 0x03, 0xFC, 0x00,
    0x00, 0x03, 0xFC, 0x00, 0x00, 0x07, 0xFC, 0x00, 0x00, 0x7F, 0xFF, 0xF4, 0x00, 0x7F, 0xFF, 0xF4,
    0x00, 0x00, 0x01, 0x54, 0x00, 0x00, 0x7F, 0xFF, 0x80, 0x02, 0xFF, 0xAF, 0xF0, 0x0B, 0xF8, 0x02,
    0xF8, 0x1F, 0xE0, 0x03, 0xFC, 0x3F, 0xC0, 0x03, 0xFC, 0x3F, 0xC0, 0x02, 0xF4, 0x7F, 0x80, 0x00,
    0x00, 0x7F, 0xEA, 0xA8, 0x00, 0xBF, 0xFF, 0xFD, 0x00, 0x7F, 0xD5, 0x54, 0x00, 0x7F, 0x80, 0x00,
    0x00, 0x3F, 0xC0, 0x00, 0x00, 0x3F, 0xE0, 0x00, 0x00, 0x1F, 0xF4, 0x00, 0x74, 0x0F, 0xFF, 0x9B,
    0xF8, 0x03, 0xFF, 0xFF, 0xE0, 0x00, 0xBF, 0xFF, 0x40, 0x00, 0x05, 0x50, 0x00, 0x00, 0x15, 0x01,
    0x40, 0x2F, 0xFF, 0xB8, 0x0F, 0xFA, 0xFF, 0xC2, 0xF8, 0x01, 0xFC, 0x3F, 0x00, 0x0B, 0xC3, 0xF4,
    0x00, 0x3C, 0x3F, 0xD0, 0x00, 0x03, 0xFF, 0xE4, 0x00, 0x0F, 0xFF, 0xF8, 0x00, 0x3F, 0xFF, 0xF4,
    0x00, 0x6F, 0xFF, 0xC0, 0x00, 0x0B, 0xFD, 0x14, 0x00, 0x0F, 0xE7, 0xC0, 0x00, 0xBE, 0x7E, 0x00,
    0x0F, 0xD3, 0xF8, 0x01, 0xFC, 0x3F, 0xFE, 0xFF, 0x43, 0xEF, 0xFF, 0xC0, 0x14, 0x15, 0x40, 0x00,
    0x00, 0x40, 0x00, 0x7F, 0x40, 0x0F, 0xFC, 0x00, 0xFF, 0xC0, 0x0B, 0xF8, 0x00, 0x15, 0x00, 0x00,
    0x00, 0x00, 0x00, 0x00, 0x00, 0x00, 0x07, 0xFF, 0xC0, 0xBF, 0xFC, 0x01, 0xBF, 0xC0, 0x03, 0xFC,
    0x00, 0x3F, 0xC0, 0x03, 0xFC, 0x00, 0x3F, 0xC0, 0x03, 0xFC, 0x00, 0x3F, 0xC0, 0x03, 0xFC, 0x00,
    0x3F, 0xC0, 0x03, 0xFC, 0x00, 0x3F, 0xC0, 0x03, 0xFC, 0x00, 0x7F, 0xD0, 0xBF, 0xFF, 0xEB, 0xFF,
    0xFE, 0x00, 0x00, 0x00, 0x3F, 0x00, 0xFC, 0xBF, 0xC3, 0xFE, 0xFF, 0xC3, 0xFF, 0x7F, 0x41, 0xFD,
    0x05, 0x00, 0x50, 0x00, 0x00, 0x00, 0x00, 0x00, 0x00, 0x00, 0x00, 0x00, 0x07, 0xFF, 0xC0, 0x0B,
    0xFF, 0xC0, 0x01, 0xBF, 0xC0, 0x00, 0x3F, 0xC0, 0x00, 0x3F, 0xC0, 0x00, 0x3F, 0xC0, 0x00, 0x3F,
    0xC0, 0x00, 0x3F, 0xC0, 0x00, 0x3F, 0xC0, 0x00, 0x3F, 0xC0, 0x00, 0x3F, 0xC0, 0x00, 0x3F, 0xC0,
    0x00, 0x3F, 0xC0, 0x00, 0x3F, 0xC0, 0x00, 0x7F, 0xD0, 0x0B, 0xFF, 0xFE, 0x0B, 0xFF, 0xFE, 0x00,
    0x10, 0x02, 0xFC, 0x03, 0xFE, 0x07, 0xFE, 0x03, 0xFD, 0x00, 0x50, 0x00, 0x00, 0x00, 0x00, 0x00,
    0x00, 0x2F, 0xFE, 0x3F, 0xFE, 0x06, 0xFE, 0x01, 0xFE, 0x00, 0xFE, 0x00, 0xFE, 0x00, 0xFE, 0x00,
    0xFE, 0x00, 0xFE, 0x00, 0xFE, 0x00, 0xFE, 0x00, 0xFE, 0x00, 0xFE, 0x00, 0xFE, 0x00, 0xFE, 0x00,
    0xFE, 0x00, 0xFD, 0x01, 0xFD, 0x01, 0xFC, 0x02, 0xFC, 0x03, 0xF4, 0x0B, 0xF0, 0x1F, 0xC0, 0x2F,
    0x00, 0x04, 0x00, 0x01, 0xFF, 0xFF, 0xFF, 0xFD, 0x00, 0x00, 0x07, 0xFF, 0xFF, 0xFF, 0xF4, 0x00,
    0x00, 0x00, 0xF8, 0x03, 0xFD, 0x00, 0x00, 0x00, 0x02, 0xE0, 0x0F, 0xF0, 0x00, 0x00, 0x00, 0x0B,
    0x80, 0x3F, 0xC0, 0x00, 0x00, 0x00, 0x3E, 0x00, 0xFF, 0x00, 0x00, 0x00, 0x00, 0xF4, 0x03, 0xFD,
    0x55, 0x40, 0x00, 0x03, 0xD0, 0x0F, 0xFF, 0xFF, 0xE0, 0x00, 0x0F, 0x40, 0x3F, 0xEA, 0xBF, 0xF0,
    0x00, 0x3C, 0x00, 0xFF, 0x00, 0x3F, 0xD0, 0x00, 0xF0, 0x03, 0xFC, 0x00, 0x7F, 0x80, 0x07, 0xC0,
    0x0F, 0xF0, 0x00, 0xFE, 0x00, 0x2E, 0x00, 0x3F, 0xC0, 0x07, 0xF8, 0xF8, 0xF4, 0x00, 0xFF, 0x00,
    0x2F, 0xD7, 0xFF, 0xC0, 0x03, 0xFC, 0x02, 0xFE, 0x2F, 0xFD, 0x00, 0xFF, 0xFF, 0xFF, 0xE0, 0x3F,
    0xE0, 0x03, 0xFF, 0xFF, 0xE4, 0x00, 0x14, 0x00, 0x00, 0x00, 0x00, 0x00, 0x00, 0x7F, 0xFF, 0xC0,
    0xFF, 0xFF, 0x40, 0x00, 0x7F, 0xFF, 0xC0, 0xFF, 0xFF, 0x40, 0x00, 0x07, 0xFC, 0x00, 0x0F, 0xF0,
    0x00, 0x00, 0x03, 0xFC, 0x00, 0x0F, 0xF0, 0x00, 0x00, 0x03, 0xFC, 0x00, 0x0F, 0xF0, 0x00, 0x00,
    0x03, 0xFC, 0x00, 0x0F, 0xF0, 0x00, 0x00, 0x03, 0xFC, 0x00, 0x0F, 0xF5, 0x55, 0x00, 0x03, 0xFE,
    0xAA, 0xAF, 0xFF, 0xFF, 0xD0, 0x03, 0xFF, 0xFF, 0xFF, 0xFA, 0xBF, 0xF8, 0x03, 0xFD, 0x55, 0x5F,
    0xF0, 0x07, 0xFC, 0x03, 0xFC, 0x00, 0x0F, 0xF0, 0x02, 0xFD, 0x03, 0xFC, 0x00, 0x0F, 0xF0, 0x01,
    0xFE, 0x03, 0xFC, 0x00, 0x0F, 0xF0, 0x02, 0xFD, 0x03, 0xFC, 0x00, 0x0F, 0xF0, 0x03, 0xFC, 0x07,
    0xFC, 0x00, 0x0F, 0xF0, 0x0B, 0xF8, 0x7F, 0xFF, 0xC0, 0xFF, 0xFF, 0xFF, 0xE0, 0x7F, 0xFF, 0xC0,
    0xFF, 0xFF, 0xF9, 0x00, 0x05, 0x59, 0x00, 0x00, 0x00, 0x02, 0xFF, 0xF0, 0x00, 0x00, 0x00, 0x1F,
    0xFF, 0x00, 0x00, 0x00, 0x00, 0x0F, 0xF0, 0x00, 0x00, 0x00, 0x00, 0xFF, 0x00, 0x00, 0x00, 0x07,
    0xFF, 0xFF, 0xF0, 0x00, 0x00, 0xBF, 0xFF, 0xFF, 0x00, 0x00, 0x00, 0x0F, 0xF0, 0x00, 0x00, 0x00,
    0x00, 0xFF, 0x00, 0x54, 0x00, 0x00, 0x0F, 0xF0, 0xFF, 0xF8, 0x00, 0x00, 0xFF, 0x7F, 0xFF, 0xF0,
    0x00, 0x0F, 0xFF, 0x96, 0xFF, 0x40, 0x00, 0xFF, 0xC0, 0x07, 0xF8, 0x00, 0x0F, 0xF4, 0x00, 0x3F,
    0xC0, 0x00, 0xFF, 0x00, 0x03, 0xFC, 0x00, 0x0F, 0xF0, 0x00, 0x3F, 0xC0, 0x00, 0xFF, 0x00, 0x03,
    0xFC, 0x00, 0x0F, 0xF0, 0x00, 0x3F, 0xC0, 0x00, 0xFF, 0x00, 0x03, 0xFC, 0x00, 0x0F, 0xF0, 0x00,
    0x3F, 0xC0, 0x00, 0xFF, 0x00, 0x03, 0xFC, 0x00, 0x0F, 0xF0, 0x00, 0x3F, 0xC0, 0x00, 0xFF, 0x00,
    0x03, 0xFC, 0x00, 0x1F, 0xF0, 0x00, 0x3F, 0xC0, 0x1F, 0xFF, 0xF0, 0x3F, 0xFF, 0xD1, 0xFF, 0xFF,
    0x03, 0xFF, 0xFD, 0x00, 0x00, 0x00, 0x00, 0x00, 0x00, 0x00, 0x07, 0xC0, 0x00, 0x00, 0x00, 0x3F,
    0x40, 0x00, 0x00, 0x03, 0xFD, 0x00, 0x00, 0x00, 0x2F, 0xD0, 0x00, 0x00, 0x01, 0xFC, 0x00, 0x00,
    0x00, 0x0F, 0x40, 0x00, 0x00, 0x00, 0x10, 0x00, 0x00, 0x00, 0x00, 0x00, 0x00, 0x00, 0x00, 0x00,
    0x00, 0x14, 0x07, 0xFF, 0xFC, 0x03, 0xFD, 0x1F, 0xFF, 0xF0, 0x3F, 0xFC, 0x07, 0xFC, 0x02, 0xFF,
    0xF0, 0x0F, 0xF0, 0x0F, 0x1F, 0x40, 0x3F, 0xC0, 0x78, 0x00, 0x00, 0xFF, 0x03, 0xD0, 0x00, 0x03,
    0xFC, 0x2E, 0x00, 0x00, 0x0F, 0xFB, 0xE0, 0x00, 0x00, 0x3F, 0xFF, 0xE4, 0x00, 0x00, 0xFF, 0x1F,
    0xF8, 0x00, 0x03, 0xFC, 0x0B, 0xF4, 0x00, 0x0F, 0xF0, 0x0F, 0xF0, 0x00, 0x3F, 0xC0, 0x2F, 0xD0,
    0x00, 0xFF, 0x00, 0x7F, 0xC0, 0x07, 0xFC, 0x00, 0xFF, 0x81, 0xFF, 0xFF, 0x01, 0xFF, 0xF7, 0xFF,
    0xFC, 0x01, 0xFF, 0x40, 0x00, 0x00, 0x00, 0x00, 0x00, 0x00, 0x00, 0x00, 0x00, 0x00, 0x00, 0xF4,
    0x00, 0x00, 0x00, 0x00, 0x7F, 0x00, 0x00, 0x00, 0x00, 0x1F, 0xF0, 0x00, 0x00, 0x00, 0x01, 0xFE,
    0x00, 0x00, 0x00, 0x00, 0x0F, 0xD0, 0x00, 0x00, 0x00, 0x00, 0x7C, 0x00, 0x00, 0x00, 0x00, 0x01,
    0x00, 0x00, 0x00, 0x00, 0x00, 0x00, 0x00, 0x00, 0x00, 0x00, 0x00, 0x00, 0x07, 0xFF, 0xFC, 0x0F,
    0xFF, 0xF5, 0xFF, 0xFF, 0x03, 0xFF, 0xFD, 0x07, 0xFC, 0x00, 0x0F, 0xF4, 0x00, 0xFF, 0x00, 0x02,
    0xFC, 0x00, 0x3F, 0xC0, 0x01, 0xFF, 0x00, 0x0F, 0xF0, 0x02, 0xFF, 0xC0, 0x03, 0xFC, 0x02, 0xFF,
    0xF0, 0x00, 0xFF, 0x03, 0xF6, 0xFC, 0x00, 0x3F, 0xC3, 0xF0, 0xBF, 0x00, 0x0F, 0xF7, 0xF0, 0x2F,
    0xC0, 0x03, 0xFF, 0xE0, 0x0B, 0xF0, 0x00, 0xFF, 0xE0, 0x02, 0xFC, 0x00, 0x3F, 0xD0, 0x00, 0xBF,
    0x00, 0x0F, 0xF0, 0x00, 0x2F, 0xC0, 0x07, 0xFC, 0x00, 0x0F, 0xF4, 0x1F, 0xFF, 0xF0, 0x3F, 0xFF,
    0xD7, 0xFF, 0xFC, 0x0F, 0xFF, 0xF8, 0x00, 0x00, 0x00, 0x00, 0x00, 0x00, 0x3F, 0x00, 0x3F, 0x00,
    0x00, 0xBF, 0x40, 0x7F, 0x40, 0x00, 0xBF, 0x00, 0x7F, 0x40, 0x00, 0x3F, 0x40, 0x7F, 0x00, 0x00,
    0x0B, 0xFF, 0xF8, 0x00, 0x00, 0x00, 0x15, 0x00, 0x00, 0x00, 0x00, 0x00, 0x00, 0x00, 0x00, 0x00,
    0x00, 0x00, 0x00, 0x7F, 0xFF, 0xC0, 0xBF, 0xFD, 0x7F, 0xFF, 0xC0, 0xFF, 0xFD, 0x0B, 0xFC, 0x00,
    0x0F, 0xE0, 0x03, 0xFC, 0x00, 0x0B, 0xC0, 0x02, 0xFD, 0x00, 0x0F, 0x40, 0x01, 0xFF, 0x00, 0x1F,
    0x00, 0x00, 0xFF, 0x00, 0x3E, 0x00, 0x00, 0x7F, 0x80, 0x3C, 0x00, 0x00, 0x3F, 0xC0, 0xBC, 0x00,
    0x00, 0x2F, 0xD0, 0xF4, 0x00, 0x00, 0x0F, 0xF1, 0xF0, 0x00, 0x00, 0x0B, 0xF3, 0xD0, 0x00, 0x00,
    0x07, 0xFF, 0xC0, 0x00, 0x00, 0x03, 0xFF, 0x80, 0x00, 0x00, 0x01, 0xFF, 0x00, 0x00, 0x00, 0x00,
    0xFF, 0x00, 0x00, 0x00, 0x00, 0xBD, 0x00, 0x00, 0x00, 0x00, 0xBC, 0x00, 0x00, 0x00, 0x00, 0xF8,
    0x00, 0x00, 0x09, 0x01, 0xF0, 0x00, 0x00, 0x7F, 0x43, 0xE0, 0x00, 0x00, 0xBF, 0x4B, 0xC0, 0x00,
    0x00, 0xBF, 0xAF, 0x40, 0x00, 0x00, 0x3F, 0xFD, 0x00, 0x00, 0x00, 0x06, 0x90, 0x00, 0x00, 0x00,
    0x3F, 0xFF, 0xD0, 0xFF, 0xFF, 0x8F, 0xFF, 0xF0, 0x3F, 0xFF, 0xD0, 0x3F, 0xC0, 0x00, 0xFF, 0x40,
    0x0F, 0xF0, 0x00, 0x3F, 0xC0, 0x03, 0xFC, 0x00, 0x0F, 0xF0, 0x00, 0xFF, 0x00, 0x03, 0xFC, 0x00,
    0x3F, 0xC0, 0x00, 0xFF, 0x00, 0x0F, 0xF0, 0x00, 0x3F, 0xC0, 0x03, 0xFC, 0x00, 0x0F, 0xF0, 0x00,
    0xFF, 0x00, 0x03, 0xFC, 0x00, 0x3F, 0xC0, 0x00, 0xFF, 0x00, 0x0F, 0xF0, 0x00, 0x3F, 0xC0, 0x03,
    0xFC, 0x00, 0x0F, 0xF0, 0x00, 0xFF, 0x00, 0x03, 0xFC, 0x00, 0x7F, 0xC0, 0x00, 0xFF, 0x41, 0xFF,
    0xFF, 0xFF, 0xFF, 0xFD, 0xBF, 0xFF, 0xFF, 0xFF, 0xFF, 0x80, 0x00, 0x0F, 0xD0, 0x00, 0x00, 0x00,
    0x03, 0xF0, 0x00, 0x00, 0x00, 0x00, 0xFC, 0x00, 0x00, 0x00, 0x00, 0x2F, 0x00, 0x00, 0x00, 0x00,
    0x07, 0x80, 0x00, 0x00, 0x00, 0x00, 0x00, 0x00, 0x00, 0x00, 0x0A, 0xAA, 0xA8, 0x00, 0x00, 0x00,
    0x07, 0xFF, 0xFF, 0x40, 0x00, 0x00, 0x00, 0x5F, 0xFD, 0x40, 0x00, 0x00, 0x00, 0x02, 0xFE, 0x00,
    0x00, 0x00, 0x1F, 0xFF, 0xFF, 0xFF, 0xFF, 0x00, 0x0B, 0xFF, 0xFF, 0xFF, 0xFF, 0xC0, 0x03, 0xFD,
    0x5B, 0xF9, 0x57, 0xF4, 0x00, 0xFC, 0x01, 0xFE, 0x00, 0x3E, 0x00, 0x3E, 0x00, 0x7F, 0x80, 0x0B,
    0xC0, 0x1F, 0x00, 0x1F, 0xE0, 0x00, 0x00, 0x0B, 0xC0, 0x07, 0xF8, 0x00, 0x00, 0x00, 0x00, 0x01,
    0xFE, 0x00, 0x00, 0x00, 0x00, 0x00, 0x7F, 0xFF, 0xFA, 0x40, 0x00, 0x00, 0x1F, 0xFF, 0xFF, 0xFD,
    0x00, 0x00, 0x07, 0xF8, 0x01, 0xFF, 0xD0, 0x00, 0x01, 0xFE, 0x00, 0x0B, 0xFC, 0x00, 0x00, 0x7F,
    0x80, 0x00, 0xFF, 0x40, 0x00, 0x1F, 0xE0, 0x00, 0x2F, 0xE0, 0x00, 0x07, 0xF8, 0x00, 0x0B, 0xF8,
    0x00, 0x01, 0xFE, 0x00, 0x03, 0xFD, 0x00, 0x00, 0x7F, 0x80, 0x00, 0xFF, 0x00, 0x00, 0x1F, 0xE0,
    0x00, 0xBF, 0x80, 0x00, 0x0F, 0xF8, 0x01, 0xFF, 0xC0, 0x00, 0x3F, 0xFF, 0xFF, 0xFF, 0x80, 0x00,
    0x1F, 0xFF, 0xFF, 0xF9, 0x00, 0x00, 0x00, 0x15, 0x59, 0x00, 0x00, 0x00, 0x03, 0xFF, 0xE0, 0x00,
    0x00, 0x00, 0x2F, 0xFE, 0x00, 0x00, 0x00, 0x00, 0x1F, 0xE0, 0x00, 0x00, 0x00, 0x00, 0xFE, 0x00,
    0x00, 0x00, 0x00, 0x0F, 0xE0, 0x00, 0x00, 0x00, 0x00, 0xFE, 0x00, 0x00, 0x00, 0x00, 0x0F, 0xE0,
    0x00, 0x00, 0x00, 0x00, 0xFE, 0x00, 0x00, 0x01, 0xFF, 0xFF, 0xFF, 0xFF, 0x40, 0x1F, 0xFF, 0xFF,
    0xFF, 0xF4, 0x02, 0xF8, 0x0F, 0xE0, 0x2F, 0x80, 0x2F, 0x00, 0xFE, 0x00, 0xF8, 0x03, 0xE0, 0x0F,
    0xE0, 0x07, 0x80, 0x3D, 0x00, 0xFE, 0x00, 0x00, 0x00, 0x40, 0x0F, 0xE0, 0x50, 0x00, 0x00, 0x00,
    0xFF, 0xFF, 0xFD, 0x00, 0x00, 0x0F, 0xFA, 0xBF, 0xF4, 0x00, 0x00, 0xFE, 0x00, 0x7F, 0xC0, 0x00,
    0x0F, 0xE0, 0x02, 0xFD, 0x00, 0x00, 0xFE, 0x00, 0x2F, 0xD0, 0x00, 0x0F, 0xE0, 0x02, 0xFD, 0x00,
    0x00, 0xFE, 0x00, 0x3F, 0xC0, 0x00, 0x1F, 0xE0, 0x0B, 0xF4, 0x00, 0x1F, 0xFF, 0xFF, 0xFD, 0x00,
    0x02, 0xFF, 0xFF, 0xF9, 0x00, 0x00, 0x05, 0x55, 0x55, 0x55, 0x55, 0x55, 0x00, 0x00, 0x02, 0xFF,
    0xFF, 0xFF, 0xFF, 0xFF, 0xF0, 0x00, 0x00, 0x1B, 0xFF, 0xEA, 0xAA, 0xAF, 0xFA, 0x00, 0x00, 0x00,
    0x07, 0xFC, 0x00, 0x00, 0xBC, 0x00, 0x00, 0x00, 0x00, 0x2F, 0xF0, 0x00, 0x1F, 0x40, 0x00, 0x00,
    0x00, 0x00, 0xFF, 0x40, 0x03, 0xE0, 0x00, 0x00, 0x00, 0x00, 0x03, 0xFC, 0x00, 0xBC, 0x00, 0x00,
    0x00, 0x00, 0x00, 0x2F, 0xE0, 0x0F, 0x40, 0x00, 0x00, 0x00, 0x00, 0x00, 0xFF, 0x43, 0xE0, 0x00,
    0x00, 0x00, 0x00, 0x00, 0x03, 0xFC, 0x7C, 0x00, 0x00, 0x00, 0x00, 0x00, 0x00, 0x2F, 0xEF, 0x40,
    0x00, 0x00, 0x00, 0x00, 0x00, 0x05, 0xFF, 0xF5, 0x40, 0x00, 0x00, 0x00, 0x00, 0x2F, 0xFF, 0xFF,
    0xFF, 0xC0, 0x00, 0x00, 0x00, 0x1F, 0xF9, 0x7F, 0xD6, 0xFF, 0x40, 0x00, 0x00, 0x07, 0xFC, 0x03,
    0xFC, 0x03, 0xFC, 0x00, 0x00, 0x00, 0xFF, 0x40, 0x3F, 0xC0, 0x1F, 0xF0, 0x00, 0x00, 0x2F, 0xF0,
    0x03, 0xFC, 0x00, 0xFF, 0x40, 0x00, 0x03, 0xFD, 0x00, 0x3F, 0xC0, 0x0B, 0xFC, 0x00, 0x00, 0x7F,
    0xC0, 0x03, 0xFC, 0x00, 0x3F, 0xC0, 0x00, 0x0B, 0xF8, 0x00, 0x3F, 0xC0, 0x03, 0xFE, 0x00, 0x00,
    0xFF, 0x00, 0x03, 0xFC, 0x00, 0x1F, 0xF0, 0x01, 0x3F, 0xF0, 0x00, 0x7F, 0xD0, 0x00, 0xFF, 0x84,
    0xBF, 0xFC, 0x00, 0xFF, 0xFF, 0xF0, 0x07, 0xFF, 0xD2, 0xFF, 0x40, 0x0F, 0xFF, 0xFF, 0x00, 0x2F,
    0xF8, 0x01, 0x40, 0x00, 0x00, 0x00, 0x00, 0x00, 0x14, 0x00, 0x00, 0x3F, 0xFF, 0xFF, 0xFF, 0xFC,
    0x00, 0x00, 0x3F, 0xFF, 0xFF, 0xFF, 0xFC, 0x00, 0x00, 0x02, 0xFE, 0x00, 0x0B, 0xC0, 0x00, 0x00,
    0x00, 0xFF, 0x40, 0x1F, 0x00, 0x00, 0x00, 0x00, 0x3F, 0xC0, 0x3D, 0x00, 0x00, 0x00, 0x00, 0x1F,
    0xE0, 0xB8, 0x00, 0x00, 0x00, 0x00, 0x0B, 0xF5, 0xF0, 0x00, 0x00, 0x00, 0x00, 0x03, 0xFF, 0xD0,
    0x00, 0x00, 0x00, 0x06, 0xFF, 0xFF, 0xFF, 0xD0, 0x00, 0x00, 0x2F, 0xF9, 0xFF, 0x5B, 0xF8, 0x00,
    0x00, 0x7F, 0xC0, 0xFF, 0x02, 0xFD, 0x00, 0x00, 0xBF, 0x00, 0xFF, 0x00, 0xFF, 0x00, 0x00, 0xFF,
    0x00, 0xFF, 0x00, 0xBF, 0x40, 0x02, 0xFD, 0x00, 0xFF, 0x00, 0x3F, 0xC0, 0x07, 0xFC, 0x00, 0xFF,
    0x00, 0x3F, 0xE0, 0xBF, 0xF8, 0x0F, 0xFF, 0xF4, 0x1F, 0xFF, 0x3F, 0xE0, 0x0F, 0xFF, 0xF4, 0x07,
    0xFD, 0x00, 0x00, 0x00, 0x00, 0x00, 0x00, 0x00, 0x00, 0x00, 0x00, 0x00, 0x40, 0x00, 0x00, 0x00,
    0x03, 0xC0, 0x00, 0x00, 0x00, 0x2F, 0x00, 0x00, 0x00, 0x00, 0xFC, 0x00, 0x00, 0x00, 0x0B, 0xE0,
    0x55, 0x55, 0x55, 0xBF, 0x83, 0xFF, 0xFF, 0xFF, 0xFD, 0x0A, 0xFF, 0xEA, 0xAA, 0xA0, 0x01, 0xFF,
    0x00, 0x00, 0x00, 0x03, 0xFC, 0x00, 0x00, 0x00, 0x0F, 0xF0, 0x00, 0x00, 0x00, 0x3F, 0xC0, 0x00,
    0x00, 0x00, 0xFF, 0x00, 0x00, 0x00, 0x03, 0xFC, 0x00, 0x00, 0x00, 0x0F, 0xF0, 0x00, 0x00, 0x00,
    0x3F, 0xC0, 0x00, 0x00, 0x00, 0xFF, 0x00, 0x00, 0x00, 0x03, 0xFC, 0x00, 0x00, 0x00, 0x0F, 0xF0,
    0x00, 0x00, 0x00, 0x3F, 0xC0, 0x00, 0x00, 0x00, 0xFF, 0x00, 0x00, 0x00, 0x03, 0xFC, 0x00, 0x00,
    0x00, 0x0F, 0xF0, 0x00, 0x00, 0x00, 0x3F, 0xC0, 0x00, 0x00, 0x00, 0xFF, 0x00, 0x00, 0x00, 0x03,
    0xFC, 0x00, 0x00, 0x00, 0x2F, 0xF0, 0x00, 0x00, 0x0F, 0xFF, 0xFF, 0x00, 0x00, 0x3F, 0xFF, 0xFC,
    0x00, 0x00, 0x00, 0x00, 0x00, 0x10, 0x00, 0x00, 0x02, 0xE0, 0x00, 0x00, 0x0F, 0x40, 0x00, 0x00,
    0x7D, 0x00, 0x00, 0x03, 0xF1, 0xFF, 0xFF, 0xFF, 0xC7, 0xFF, 0xFF, 0xFF, 0x01, 0xFF, 0x00, 0x00,
    0x03, 0xFC, 0x00, 0x00, 0x0F, 0xF0, 0x00, 0x00, 0x3F, 0xC0, 0x00, 0x00, 0xFF, 0x00, 0x00, 0x03,
    0xFC, 0x00, 0x00, 0x0F, 0xF0, 0x00, 0x00, 0x3F, 0xC0, 0x00, 0x00, 0xFF, 0x00, 0x00, 0x03, 0xFC,
    0x00, 0x00, 0x0F, 0xF0, 0x00, 0x00, 0x3F, 0xC0, 0x00, 0x01, 0xFF, 0x00, 0x00, 0x7F, 0xFF, 0xF4,
    0x01, 0xFF, 0xFF, 0xD0, 0x00, 0x15, 0x55, 0x55, 0x55, 0x40, 0xFF, 0xFF, 0xFF, 0xFF, 0x82, 0xBF,
    0xFA, 0xAF, 0xFF, 0x00, 0x7F, 0xC0, 0x02, 0xFC, 0x00, 0xFF, 0x00, 0x03, 0xF0, 0x03, 0xFC, 0x00,
    0x07, 0xD0, 0x0F, 0xF0, 0x00, 0x0F, 0x40, 0x3F, 0xC0, 0x00, 0x10, 0x00, 0xFF, 0x00, 0x00, 0x00,
    0x03, 0xFC, 0x00, 0x00, 0x00, 0x1F, 0xF0, 0x00, 0x00, 0x0F, 0xFF, 0xFF, 0xC0, 0x00, 0x3F, 0xFF,
    0xFF, 0x00, 0x00, 0x57, 0xFD, 0x54, 0x00, 0x00, 0x0F, 0xF0, 0x00, 0x00, 0x00, 0x3F, 0xC0, 0x00,
    0x00, 0x00, 0xFF, 0x00, 0x00, 0x00, 0x03, 0xFC, 0x00, 0x00, 0x00, 0x0F, 0xF0, 0x00, 0x00, 0x00,
    0x3F, 0xC0, 0x00, 0x00, 0x00, 0xFF, 0x00, 0x00, 0x00, 0x0B, 0xFC, 0x00, 0x00, 0x03, 0xFF, 0xFF,
    0xC0, 0x00, 0x0F, 0xFF, 0xFF, 0x00, 0x00, 0x3F, 0xFF, 0xFF, 0xF4, 0x7F, 0xFF, 0xFF, 0xF8, 0x07,
    0xFC, 0x02, 0xFC, 0x03, 0xFC, 0x00, 0xFC, 0x03, 0xFC, 0x00, 0x7C, 0x03, 0xFC, 0x00, 0x3C, 0x03,
    0xFC, 0x00, 0x10, 0x2B, 0xFE, 0xA0, 0x00, 0x7F, 0xFF, 0xF0, 0x00, 0x17, 0xFD, 0x50, 0x00, 0x03,
    0xFC, 0x00, 0x00, 0x03, 0xFC, 0x00, 0x00, 0x03, 0xFC, 0x00, 0x00, 0x03, 0xFC, 0x00, 0x00, 0x03,
    0xFD, 0x00, 0x00, 0x3F, 0xFF, 0xF0, 0x00, 0x3F, 0xFF, 0xF4, 0x00, 0x01, 0xA4, 0x00, 0x15, 0x55,
    0x54, 0x00, 0x1A, 0x40, 0x0F, 0xFE, 0x00, 0x3F, 0xFF, 0xF8, 0x00, 0xFF, 0xD0, 0x0F, 0xFF, 0x40,
    0x2B, 0xFF, 0xE4, 0x02, 0xFF, 0xF0, 0x0F, 0xFF, 0xC0, 0x01, 0xFF, 0x00, 0x03, 0xFF, 0xF0, 0x0B,
    0xE7, 0xC0, 0x00, 0xFF, 0x00, 0x0B, 0xCF, 0xD0, 0x01, 0x43, 0xE0, 0x00, 0xFF, 0x00, 0x0F, 0x41,
    0x00, 0x00, 0x02, 0xF0, 0x00, 0xFF, 0x00, 0x1F, 0x00, 0x00, 0x00, 0x00, 0xF0, 0x00, 0xFF, 0x00,
    0x2F, 0x00, 0x00, 0x00, 0x00, 0xF8, 0x00, 0xFF, 0x00, 0x3D, 0x00, 0x00, 0x00, 0x00, 0x7C, 0x00,
    0xFF, 0x00, 0xBC, 0x00, 0x00, 0x00, 0x00, 0x2F, 0x40, 0xFF, 0x02, 0xF4, 0x00, 0x00, 0x00, 0x00,
    0x0B, 0xFF, 0xFF, 0xFF, 0xD0, 0x00, 0x00, 0x00, 0x00, 0x1F, 0xFF, 0xFF, 0xFF, 0xE4, 0x00, 0x00,
    0x00, 0x00, 0xFF, 0x91, 0xFF, 0x17, 0xFE, 0x00, 0x00, 0x00, 0x03, 0xFE, 0x00, 0xFF, 0x00, 0xFF,
    0x40, 0x00, 0x00, 0x07, 0xFC, 0x00, 0xFF, 0x00, 0x7F, 0xC0, 0x00, 0x00, 0x0F, 0xF4, 0x00, 0xFF,
    0x00, 0x3F, 0xD0, 0x00, 0x00, 0x1F, 0xF0, 0x00, 0xFF, 0x00, 0x2F, 0xF0, 0x00, 0x00, 0x2F, 0xE0,
    0x00, 0xFF, 0x00, 0x0F, 0xF4, 0x00, 0x00, 0x3F, 0xD0, 0x00, 0xFF, 0x00, 0x0F, 0xF8, 0x00, 0x00,
    0xBF, 0xC0, 0x00, 0xFF, 0x00, 0x07, 0xFC, 0x00, 0x11, 0xFF, 0x40, 0x02, 0xFF, 0x00, 0x03, 0xFE,
    0x04, 0x7F, 0xFF, 0x00, 0x3F, 0xFF, 0xF8, 0x02, 0xFF, 0xFE, 0x2F, 0xFC, 0x00, 0x3F, 0xFF, 0xF8,
    0x00, 0xFF, 0xFE, 0x01, 0x50, 0x00, 0x00, 0x00, 0x00, 0x00, 0x14, 0xBE, 0x00, 0x00, 0x00, 0x00,
    0x00, 0x00, 0x00, 0x00, 0x3E, 0x00, 0x00, 0x00, 0x00, 0x00, 0x00, 0x00, 0x00, 0x3E, 0x00, 0x00,
    0x00, 0x00, 0x00, 0x00, 0x00, 0x00, 0x2E, 0x00, 0x00, 0x00, 0x00, 0x00, 0x00, 0x00, 0x00, 0x2D,
    0x00, 0x00, 0x00, 0x00, 0x00, 0x00, 0x00, 0x00, 0x00, 0x01, 0x40, 0x00, 0x00, 0x00, 0x00, 0x50,
    0x00, 0xFF, 0x80, 0xBF, 0xFF, 0x80, 0x7F, 0xC0, 0x2F, 0xFD, 0x0B, 0xFF, 0xF8, 0x0F, 0xFE, 0x02,
    0xFE, 0xF0, 0x0B, 0xF8, 0x02, 0xEF, 0xE0, 0x0F, 0xCB, 0x40, 0x7F, 0x40, 0x3C, 0xBC, 0x00, 0x00,
    0x7C, 0x07, 0xF4, 0x0B, 0x40, 0x00, 0x00, 0x03, 0xC0, 0x7F, 0x40, 0xF0, 0x00, 0x00, 0x00, 0x1E,
    0x07, 0xF4, 0x2E, 0x00, 0x00, 0x00, 0x00, 0xBE, 0xBF, 0xEB, 0xC0, 0x00, 0x00, 0x00, 0x2F, 0xFF,
    0xFF, 0xFE, 0x00, 0x00, 0x00, 0x1F, 0xF4, 0x7F, 0x86, 0xFD, 0x00, 0x00, 0x03, 0xFC, 0x07, 0xF4,
    0x0B, 0xF0, 0x00, 0x00, 0x7F, 0x40, 0x7F, 0x40, 0x7F, 0x40, 0x00, 0x0F, 0xF0, 0x07, 0xF4, 0x03,
    0xFC, 0x00, 0x01, 0xFE, 0x00, 0x7F, 0x40, 0x2F, 0xD0, 0x01, 0x7F, 0xD0, 0x0B, 0xF8, 0x01, 0xFF,
    0x00, 0x7F, 0xFC, 0x0B, 0xFF, 0xF8, 0x0F, 0xFF, 0xC2, 0xFF, 0x00, 0xBF, 0xFF, 0xC0, 0x3F, 0xFC,
    0x00, 0x00, 0x00, 0x00, 0x00, 0x00, 0x0F, 0xC0, 0x00, 0x00, 0x00, 0x00, 0x00, 0x00, 0x7C, 0x00,
    0x00, 0x00, 0x00, 0x00, 0x00, 0x07, 0xC0, 0x00, 0x00, 0x00, 0x00, 0x00, 0x00, 0x3C, 0x00, 0x00,
    0x00, 0x00, 0x00, 0x00, 0x03, 0xC0, 0x00, 0x00, 0x00, 0x00, 0x00, 0x00, 0x00, 0x15, 0x55, 0x54,
    0x00, 0x0A, 0x40, 0x3F, 0xFF, 0xFC, 0x00, 0x7F, 0xF0, 0x2B, 0xFF, 0xE4, 0x00, 0xFF, 0xF4, 0x00,
    0xFF, 0x00, 0x02, 0xFF, 0xF0, 0x00, 0xFF, 0x00, 0x03, 0xDB, 0xE0, 0x00, 0xFF, 0x00, 0x0B, 0xC1,
    0x40, 0x00, 0xFF, 0x00, 0x0F, 0x80, 0x00, 0x00, 0xFF, 0x00, 0x1F, 0x00, 0x00, 0x00, 0xFF, 0x00,
    0x3F, 0x00, 0x00, 0x00, 0xFF, 0x00, 0x7C, 0x00, 0x00, 0x00, 0xFF, 0x02, 0xF4, 0x00, 0x00, 0x00,
    0xFF, 0xFF, 0xD0, 0x00, 0x00, 0x00, 0xFF, 0xFF, 0xF4, 0x00, 0x00, 0x00, 0xFF, 0x07, 0xFE, 0x00,
    0x00, 0x00, 0xFF, 0x00, 0xFF, 0x80, 0x00, 0x00, 0xFF, 0x00, 0x3F, 0xD0, 0x00, 0x00, 0xFF, 0x00,
    0x2F, 0xF0, 0x00, 0x00, 0xFF, 0x00, 0x0F, 0xF4, 0x00, 0x00, 0xFF, 0x00, 0x0F, 0xF8, 0x00, 0x00,
    0xFF, 0x00, 0x07, 0xFC, 0x00, 0x00, 0xFF, 0x00, 0x03, 0xFD, 0x00, 0x01, 0xFF, 0x40, 0x01, 0xFF,
    0x04, 0x3F, 0xFF, 0xF8, 0x00, 0xFF, 0xFE, 0x3F, 0xFF, 0xFC, 0x00, 0x3F, 0xFE, 0x00, 0x00, 0x00,
    0x00, 0x05, 0x7E, 0x00, 0x00, 0x00, 0x00, 0x00, 0x3E, 0x00, 0x00, 0x00, 0x00, 0x00, 0x3E, 0x00,
    0x00, 0x00, 0x00, 0x00, 0x2E, 0x00, 0x00, 0x00, 0x00, 0x00, 0x2D, 0x00, 0x00, 0x00, 0x00, 0x00,
    0x00, 0x00, 0x00, 0x00, 0x05, 0x00, 0x7F, 0xFF, 0xC0, 0x3F, 0xD0, 0x7F, 0xFF, 0xC0, 0xFF, 0xF0,
    0x07, 0xFC, 0x02, 0xEF, 0xF0, 0x03, 0xFC, 0x03, 0xC7, 0xD0, 0x03, 0xFC, 0x07, 0x80, 0x00, 0x03,
    0xFC, 0x0F, 0x00, 0x00, 0x03, 0xFC, 0x1E, 0x00, 0x00, 0x03, 0xFE, 0xB8, 0x00, 0x00, 0x03, 0xFF,
    0xFF, 0x40, 0x00, 0x03, 0xFC, 0x7F, 0xE0, 0x00, 0x03, 0xFC, 0x0B, 0xF4, 0x00, 0x03, 0xFC, 0x03,
    0xFC, 0x00, 0x03, 0xFC, 0x02, 0xFD, 0x00, 0x03, 0xFC, 0x00, 0xFF, 0x00, 0x07, 0xFC, 0x00, 0xFF,
    0x44, 0x7F, 0xFF, 0xC0, 0x7F, 0xFE, 0x7F, 0xFF, 0xC0, 0x2F, 0xFE, 0x00, 0x00, 0x00, 0x00, 0x3E,
    0x00, 0x00, 0x00, 0x00, 0x3E, 0x00, 0x00, 0x00, 0x00, 0x3E, 0x00, 0x00, 0x00, 0x00, 0x2E, 0x00,
    0x00, 0x00, 0x00, 0x2D, 0x00, 0x00, 0x00, 0x00, 0x00, 0x15, 0x55, 0x50, 0x00, 0x55, 0x55, 0x40,
    0xFF, 0xFF, 0xE0, 0x0B, 0xFF, 0xFF, 0x02, 0xBF, 0xFE, 0x40, 0x1B, 0xFF, 0xE8, 0x00, 0x7F, 0xC0,
    0x00, 0x03, 0xFD, 0x00, 0x00, 0xFF, 0x00, 0x00, 0x0B, 0xF4, 0x00, 0x03, 0xFC, 0x00, 0x00, 0x2F,
    0xD0, 0x00, 0x0F, 0xF0, 0x00, 0x00, 0xBF, 0x40, 0x00, 0x3F, 0xC0, 0x00, 0x02, 0xFD, 0x00, 0x00,
    0xFF, 0x00, 0x00, 0x0B, 0xF4, 0x00, 0x03, 0xFC, 0x00, 0x00, 0x2F, 0xD0, 0x00, 0x0F, 0xF0, 0x00,
    0x00, 0xFF, 0x40, 0x00, 0x3F, 0xFF, 0xFF, 0xFF, 0xFD, 0x00, 0x00, 0xFF, 0xFF, 0xFF, 0xFF, 0xF4,
    0x00, 0x03, 0xFC, 0x00, 0x00, 0x3F, 0xD0, 0x00, 0x0F, 0xF0, 0x00, 0x00, 0xBF, 0x40, 0x00, 0x3F,
    0xC0, 0x00, 0x02, 0xFD, 0x00, 0x00, 0xFF, 0x00, 0x00, 0x0B, 0xF4, 0x00, 0x03, 0xFC, 0x00, 0x00,
    0x2F, 0xD0, 0x00, 0x0F, 0xF0, 0x00, 0x00, 0xBF, 0x40, 0x00, 0x3F, 0xC0, 0x00, 0x02, 0xFD, 0x00,
    0x00, 0xFF, 0x00, 0x00, 0x0B, 0xF4, 0x00, 0x0B, 0xFC, 0x00, 0x00, 0x3F, 0xE5, 0x43, 0xFF, 0xFF,
    0x40, 0x1F, 0xFF, 0xFF, 0x0F, 0xFF, 0xFE, 0x00, 0xBF, 0xFF, 0xFC, 0x00, 0x00, 0x00, 0x00, 0x00,
    0x07, 0xF0, 0x00, 0x00, 0x00, 0x00, 0x00, 0x0F, 0xC0, 0x00, 0x00, 0x00, 0x00, 0x00, 0x2F, 0x00,
    0x00, 0x00, 0x00, 0x00, 0x00, 0x7C, 0x00, 0x00, 0x00, 0x00, 0x00, 0x00, 0xE0, 0x7F, 0xFF, 0xC0,
    0xFF, 0xFF, 0x41, 0xFF, 0xFF, 0x03, 0xFF, 0xFD, 0x00, 0x7F, 0xC0, 0x00, 0xFF, 0x40, 0x00, 0xFF,
    0x00, 0x03, 0xFC, 0x00, 0x03, 0xFC, 0x00, 0x0F, 0xF0, 0x00, 0x0F, 0xF0, 0x00, 0x3F, 0xC0, 0x00,
    0x3F, 0xC0, 0x00, 0xFF, 0x00, 0x00, 0xFF, 0xAA, 0xAB, 0xFC, 0x00, 0x03, 0xFF, 0xFF, 0xFF, 0xF0,
    0x00, 0x0F, 0xF5, 0x55, 0x7F, 0xC0, 0x00, 0x3F, 0xC0, 0x00, 0xFF, 0x00, 0x00, 0xFF, 0x00, 0x03,
    0xFC, 0x00, 0x03, 0xFC, 0x00, 0x0F, 0xF0, 0x00, 0x0F, 0xF0, 0x00, 0x3F, 0xC0, 0x00, 0x7F, 0xC0,
    0x00, 0xFF, 0x00, 0x1F, 0xFF, 0xF0, 0x3F, 0xFF, 0xFC, 0x7F, 0xFF, 0xC0, 0xFF, 0xFF, 0xF0, 0x00,
    0x00, 0x00, 0x00, 0x1F, 0xC0, 0x00, 0x00, 0x00, 0x00, 0x2F, 0x00, 0x00, 0x00, 0x00, 0x00, 0x7C,
    0x00, 0x00, 0x00, 0x00, 0x00, 0xF0, 0x00, 0x00, 0x00, 0x00, 0x03, 0xC0, 0x00, 0x00, 0x00, 0x00,
    0x00, 0x00, 0x15, 0x55, 0x50, 0x01, 0x55, 0x54, 0x7F, 0xFF, 0xF4, 0x03, 0xFF, 0xFE, 0x2F, 0xFF,
    0xE0, 0x01, 0xBF, 0xF9, 0x03, 0xFF, 0x00, 0x00, 0x1F, 0x80, 0x00, 0xFF, 0x00, 0x00, 0x2F, 0x00,
    0x00, 0xBF, 0xC0, 0x00, 0x7D, 0x00, 0x00, 0x3F, 0xD0, 0x00, 0xFC, 0x00, 0x00, 0x1F, 0xF0, 0x01,
    0xF4, 0x00, 0x00, 0x0B, 0xF8, 0x03, 0xE0, 0x00, 0x00, 0x03, 0xFD, 0x0B, 0xC0, 0x00, 0x00, 0x01,
    0xFF, 0x0F, 0x40, 0x00, 0x00, 0x00, 0xFF, 0xBF, 0x00, 0x00, 0x00, 0x00, 0x3F, 0xFC, 0x00, 0x00,
    0x00, 0x00, 0x2F, 0xF8, 0x00, 0x00, 0x00, 0x00, 0x0F, 0xF0, 0x00, 0x00, 0x00, 0x00, 0x0F, 0xF0,
    0x00, 0x00, 0x00, 0x00, 0x0F, 0xF0, 0x00, 0x00, 0x00, 0x00, 0x0F, 0xF0, 0x00, 0x00, 0x00, 0x00,
    0x0F, 0xF0, 0x00, 0x00, 0x00, 0x00, 0x0F, 0xF0, 0x00, 0x00, 0x00, 0x00, 0x0F, 0xF0, 0x00, 0x00,
    0x00, 0x00, 0x1F, 0xF4, 0x00, 0x00, 0x00, 0x03, 0xFF, 0xFF, 0xC0, 0x00, 0x00, 0x03, 0xFF, 0xFF,
    0xC0, 0x00, 0x3F, 0xFF, 0xE0, 0x3F, 0xFF, 0x0F, 0xFF, 0xF8, 0x0F, 0xFF, 0xC0, 0x7F, 0xE0, 0x00,
    0x3F, 0x40, 0x0B, 0xF8, 0x00, 0x0F, 0x80, 0x01, 0xFF, 0x00, 0x03, 0xD0, 0x00, 0x3F, 0xC0, 0x02,
    0xF0, 0x00, 0x07, 0xF8, 0x00, 0xF8, 0x00, 0x00, 0xFF, 0x00, 0x7C, 0x00, 0x00, 0x2F, 0xD0, 0x2E,
    0x00, 0x00, 0x07, 0xF8, 0x0F, 0x40, 0x00, 0x00, 0xFF, 0x07, 0xC0, 0x00, 0x00, 0x2F, 0xD3, 0xE0,
    0x00, 0x00, 0x03, 0xFC, 0xF0, 0x00, 0x00, 0x00, 0xBF, 0xBC, 0x00, 0x00, 0x00, 0x1F, 0xFD, 0x00,
    0x00, 0x00, 0x03, 0xFF, 0x00, 0x00, 0x00, 0x00, 0xBF, 0x80, 0x00, 0x00, 0x00, 0x1F, 0xD0, 0x00,
    0x00, 0x00, 0x07, 0xF4, 0x00, 0x00, 0x00, 0x01, 0xFD, 0x00, 0x00, 0x00, 0x00, 0x7F, 0x40, 0x00,
    0x00, 0x00, 0x2F, 0xE0, 0x00, 0x00, 0x00, 0xBF, 0xFF, 0x80, 0x00, 0x00, 0x3F, 0xFF, 0xF0, 0x00,
    0x00, 0x05, 0x55, 0x54, 0x00, 0x00, 0x15, 0x55, 0x50, 0x01, 0x55, 0x54, 0xBF, 0xFF, 0xF4, 0x03,
    0xFF, 0xFD, 0x7F, 0xFF, 0xA0, 0x02, 0xFF, 0xF8, 0x03, 0xFE, 0x00, 0x00, 0x2F, 0x80, 0x01, 0xFF,
    0x00, 0x00, 0x3F, 0x00, 0x00, 0xBF, 0x80, 0x00, 0x7D, 0x00, 0x00, 0x3F, 0xD0, 0x00, 0xF8, 0x00,
    0x00, 0x1F, 0xF0, 0x02, 0xF0, 0x00, 0x00, 0x0F, 0xF8, 0x03, 0xE0, 0x00, 0x00, 0x03, 0xFC, 0x0F,
    0xC0, 0x00, 0x00, 0x02, 0xFE, 0x1F, 0x40, 0x00, 0x00, 0x00, 0xFF, 0x7E, 0x00, 0x00, 0x00, 0x00,
    0x7F, 0xFC, 0x00, 0x00, 0x00, 0x00, 0x2F, 0xF4, 0x00, 0x00, 0x00, 0x00, 0x0F, 0xF0, 0x00, 0x00,
    0x00, 0x00, 0x0F, 0xF0, 0x00, 0x00, 0x00, 0x01, 0x5F, 0xF5, 0x40, 0x00, 0x00, 0x03, 0xFF, 0xFF,
    0xC0, 0x00, 0x00, 0x03, 0xFF, 0xFF, 0xC0, 0x00, 0x00, 0x00, 0x0F, 0xF0, 0x00, 0x00, 0x00, 0x00,
    0x0F, 0xF0, 0x00, 0x00, 0x00, 0x00, 0x1F, 0xF4, 0x00, 0x00, 0x00, 0x07, 0xFF, 0xFF, 0xC0, 0x00,
    0x00, 0x07, 0xFF, 0xFF, 0xC0, 0x00, 0x3F, 0xFF, 0xE0, 0x3F, 0xFF, 0x0F, 0xFF, 0xF8, 0x0F, 0xFF,
    0xC0, 0x7F, 0xE0, 0x00, 0x3F, 0x40, 0x0B, 0xF8, 0x00, 0x0F, 0x80, 0x01, 0xFF, 0x00, 0x03, 0xD0,
    0x00, 0x3F, 0xC0, 0x02, 0xF0, 0x00, 0x07, 0xF8, 0x00, 0xF8, 0x00, 0x00, 0xFF, 0x00, 0x7C, 0x00,
    0x00, 0x2F, 0xD0, 0x2E, 0x00, 0x00, 0x07, 0xF8, 0x0F, 0x40, 0x00, 0x00, 0xFF, 0x07, 0xC0, 0x00,
    0x00, 0x2F, 0xD3, 0xE0, 0x00, 0x00, 0x03, 0xFC, 0xF0, 0x00, 0x00, 0x00, 0xBF, 0xBC, 0x00, 0x00,
    0x00, 0x1F, 0xFD, 0x00, 0x00, 0x00, 0x03, 0xFF, 0x00, 0x00, 0x00, 0x00, 0xBF, 0x80, 0x00, 0x00,
    0x00, 0x1F, 0xD0, 0x00, 0x00, 0x01, 0xFF, 0xFF, 0xF0, 0x00, 0x00, 0x7F, 0xFF, 0xF8, 0x00, 0x00,
    0x00, 0x7F, 0x40, 0x00, 0x00, 0x00, 0x1F, 0xE0, 0x00, 0x00, 0x00, 0xBF, 0xFF, 0x80, 0x00, 0x00,
    0x3F, 0xFF, 0xF0, 0x00, 0x00, 0x05, 0x55, 0x54, 0x00, 0x00, 0x15, 0x55, 0x54, 0x00, 0x00, 0x00,
    0x03, 0xFF, 0xFF, 0xC0, 0x00, 0x00, 0x00, 0x2B, 0xFF, 0xE4, 0x00, 0x00, 0x00, 0x00, 0x0F, 0xF0,
    0x00, 0x00, 0x00, 0x00, 0x00, 0xFF, 0x00, 0x00, 0x00, 0x00, 0x00, 0x0F, 0xF0, 0x00, 0x00, 0x00,
    0x00, 0x00, 0xFF, 0x00, 0x00, 0x00, 0x00, 0x00, 0x0F, 0xF0, 0x00, 0x00, 0x00, 0x00, 0x00, 0xFF,
    0x00, 0x00, 0x00, 0x00, 0x00, 0x0F, 0xF0, 0x6F, 0xFE, 0x40, 0x00, 0x00, 0xFF, 0x7F, 0xFF, 0xFF,
    0x00, 0x00, 0x0F, 0xFF, 0xE5, 0x7F, 0xFC, 0x00, 0x00, 0xFF, 0xE0, 0x00, 0x7F, 0xD0, 0x00, 0x0F,
    0xF0, 0x00, 0x02, 0xFF, 0x00, 0x00, 0xFF, 0x00, 0x00, 0x0F, 0xF0, 0x00, 0x0F, 0xF0, 0x00, 0x00,
    0xFF, 0x00, 0x00, 0xFF, 0x00, 0x00, 0x0F, 0xF0, 0x00, 0x0F, 0xF0, 0x00, 0x00, 0xFF, 0x00, 0x00,
    0xFF, 0x00, 0x00, 0x0F, 0xF0, 0x00, 0x0F, 0xF0, 0x00, 0x00, 0xFF, 0x00, 0x00, 0xFF, 0x00, 0x00,
    0x0F, 0xF0, 0x00, 0x2F, 0xF4, 0x00, 0x00, 0xFF, 0x80, 0x3F, 0xFF, 0xF8, 0x01, 0xFF, 0xFF, 0xC3,
    0xFF, 0xFF, 0x80, 0x2F, 0xFF, 0xFC, 0x15, 0x64, 0x00, 0x00, 0x00, 0x2F, 0xFF, 0x00, 0x00, 0x00,
    0x07, 0xFF, 0xC0, 0x00, 0x00, 0x00, 0x0F, 0xF0, 0x00, 0x00, 0x00, 0x03, 0xFC, 0x00, 0x00, 0x00,
    0x00, 0xFF, 0x00, 0x00, 0x00, 0x00, 0x3F, 0xC0, 0x00, 0x00, 0x00, 0x0F, 0xF0, 0x00, 0x00, 0x00,
    0x03, 0xFC, 0x01, 0x50, 0x00, 0x00, 0xFF, 0x0F, 0xFF, 0x80, 0x00, 0x3F, 0xDF, 0xFF, 0xFC, 0x00,
    0x0F, 0xFF, 0x96, 0xFF, 0x40, 0x03, 0xFF, 0x00, 0x1F, 0xE0, 0x00, 0xFF, 0x40, 0x03, 0xFC, 0x00,
    0x3F, 0xC0, 0x00, 0xFF, 0x00, 0x0F, 0xF0, 0x00, 0x3F, 0xC0, 0x03, 0xFC, 0x00, 0x0F, 0xF0, 0x00,
    0xFF, 0x00, 0x03, 0xFC, 0x00, 0x3F, 0xC0, 0x00, 0xFF, 0x00, 0x0F, 0xF0, 0x00, 0x3F, 0xC0, 0x03,
    0xFC, 0x00, 0x0F, 0xF0, 0x00, 0xFF, 0x00, 0x03, 0xFC, 0x00, 0x3F, 0xC0, 0x00, 0xFF, 0x00, 0x1F,
    0xF0, 0x00, 0x3F, 0xC0, 0x7F, 0xFF, 0xC0, 0xFF, 0xFF, 0x5F, 0xFF, 0xF0, 0x3F, 0xFF, 0xD0, 0x06,
    0x41, 0xAF, 0xA0, 0x00, 0x02, 0xF7, 0xFF, 0xFF, 0xC0, 0x00, 0xBF, 0xFA, 0xAF, 0xFD, 0x00, 0x2F,
    0xE0, 0x00, 0xBF, 0xD0, 0x07, 0xE0, 0x00, 0x0B, 0xFC, 0x01, 0xF0, 0x00, 0x00, 0xFF, 0x80, 0x7C,
    0x00, 0x00, 0x1F, 0xF0, 0x0E, 0x00, 0x00, 0x03, 0xFC, 0x00, 0x00, 0x00, 0x00, 0xFF, 0x40, 0x00,
    0x00, 0x00, 0x2F, 0xE0, 0x00, 0x00, 0x00, 0x0B, 0xF8, 0x15, 0x55, 0x55, 0x56, 0xFF, 0x3F, 0xFF,
    0xFF, 0xFF, 0xFF, 0x8F, 0xFF, 0xFF, 0xFF, 0xFF, 0xE3, 0xF8, 0x00, 0x00, 0x0B, 0xF8, 0xFE, 0x00,
    0x00, 0x03, 0xFD, 0x3F, 0x80, 0x00, 0x00, 0xFF, 0x0F, 0xF0, 0x00, 0x00, 0x3F, 0xC2, 0xFC, 0x00,
    0x00, 0x2F, 0xD0, 0x7F, 0x80, 0x00, 0x1F, 0xF0, 0x0F, 0xF4, 0x00, 0x0F, 0xF0, 0x00, 0xFF, 0x90,
    0x2F, 0xF4, 0x00, 0x0F, 0xFF, 0xFF, 0xF4, 0x00, 0x00, 0xBF, 0xFF, 0xD0, 0x00, 0x00, 0x00, 0x55,
    0x00, 0x00, 0x00, 0x00, 0x15, 0x40, 0x00, 0x02, 0xFF, 0xFD, 0x00, 0x1F, 0xFF, 0xFF, 0x80, 0x7F,
    0xA6, 0xFF, 0xE0, 0x78, 0x00, 0x2F, 0xF4, 0x00, 0x00, 0x0B, 0xF8, 0x00, 0x00, 0x03, 0xFC, 0x00,
    0x00, 0x03, 0xFC, 0x00, 0x00, 0x02, 0xFD, 0x3F, 0xFF, 0xFF, 0xFD, 0x7F, 0xFF, 0xFF, 0xFD, 0xBF,
    0x40, 0x03, 0xFC, 0xBF, 0x00, 0x03, 0xFC, 0x7F, 0x40, 0x03, 0xF8, 0x3F, 0x40, 0x0B, 0xF0, 0x3F,
    0xC0, 0x1F, 0xD0, 0x0F, 0xFA, 0xFF, 0x40, 0x02, 0xFF, 0xF8, 0x00, 0x00, 0x15, 0x40, 0x00, 0x00,
    0x00, 0x6B, 0xF9, 0x00, 0x00, 0x00, 0x07, 0xFF, 0xFF, 0xE0, 0x00, 0x00, 0x3F, 0xFE, 0xBF, 0xFD,
    0x00, 0x00, 0xFF, 0x40, 0x02, 0xFF, 0x40, 0x03, 0xFD, 0x00, 0x00, 0xBF, 0xC0, 0x0B, 0xF8, 0x00,
    0x00, 0x3F, 0xF0, 0x0F, 0xF0, 0x00, 0x00, 0x1F, 0xF0, 0x1F, 0xE0, 0x00, 0x00, 0x0F, 0xF8, 0x2F,
    0xD0, 0x00, 0x00, 0x0B, 0xFC, 0x3F, 0xC0, 0x00, 0x00, 0x07, 0xFC, 0x3F, 0xD0, 0x00, 0x00, 0x07,
    0xFC, 0x3F, 0xFF, 0xFF, 0xFF, 0xFF, 0xFC, 0x3F, 0xFF, 0xFF, 0xFF, 0xFF, 0xFC, 0x3F, 0xD5, 0x55,
    0x55, 0x57, 0xFC, 0x3F, 0xC0, 0x00, 0x00, 0x07, 0xFC, 0x3F, 0xD0, 0x00, 0x00, 0x07, 0xFC, 0x2F,
    0xE0, 0x00, 0x00, 0x0B, 0xF4, 0x1F, 0xF0, 0x00, 0x00, 0x0F, 0xF0, 0x0F, 0xF4, 0x00, 0x00, 0x1F,
    0xE0, 0x07, 0xFC, 0x00, 0x00, 0x3F, 0xC0, 0x03, 0xFF, 0x00, 0x00, 0xBF, 0x40, 0x00, 0xFF, 0xE4,
    0x07, 0xFE, 0x00, 0x00, 0x2F, 0xFF, 0xFF, 0xF4, 0x00, 0x00, 0x06, 0xFF, 0xFF, 0x80, 0x00, 0x00,
    0x00, 0x15, 0x50, 0x00, 0x00, 0x00, 0x01, 0x54, 0x00, 0x00, 0x02, 0xFF, 0xFD, 0x00, 0x02, 0xFF,
    0xFF, 0xFC, 0x00, 0xBF, 0x40, 0x3F, 0xF0, 0x1F, 0xE0, 0x00, 0xFF, 0x83, 0xFC, 0x00, 0x07, 0xFC,
    0x3F, 0xC0, 0x00, 0x3F, 0xD7, 0xF8, 0x00, 0x03, 0xFD, 0x7F, 0xEA, 0xAA, 0xBF, 0xEB, 0xFF, 0xFF,
    0xFF, 0xFE, 0xBF, 0xD5, 0x55, 0x7F, 0xD7, 0xF8, 0x00, 0x02, 0xFD, 0x3F, 0xC0, 0x00, 0x3F, 0xC3,
    0xFD, 0x00, 0x03, 0xF8, 0x1F, 0xF0, 0x00, 0xBF, 0x00, 0xFF, 0xC0, 0x2F, 0xE0, 0x03, 0xFF, 0xFF,
    0xF8, 0x00, 0x0B, 0xFF, 0xFD, 0x00, 0x00, 0x01, 0x54, 0x00, 0x00, 0x00, 0x00, 0x00, 0x3C, 0x00,
    0x00, 0x00, 0x00, 0x7F, 0x40, 0x00, 0x00, 0x00, 0x7F, 0xD0, 0x00, 0x00, 0x00, 0x7F, 0xE0, 0x00,
    0x00, 0x00, 0x7F, 0x40, 0x00, 0x00, 0x00, 0x29, 0x00, 0x00, 0x00, 0x00, 0x00, 0x00, 0x00, 0x00,
    0x00, 0x01, 0xBF, 0x90, 0xF0, 0x00, 0x0B, 0xFF, 0xFF, 0x3D, 0x00, 0x1F, 0xFE, 0xAF, 0xFF, 0x40,
    0x1F, 0xF4, 0x00, 0x3F, 0xE0, 0x0F, 0xF0, 0x00, 0x03, 0xFC, 0x0F, 0xF4, 0x00, 0x00, 0x3F, 0x07,
    0xFC, 0x00, 0x00, 0x0B, 0xC2, 0xFD, 0x00, 0x00, 0x00, 0xF0, 0xFF, 0x00, 0x00, 0x00, 0x10, 0x3F,
    0xC0, 0x00, 0x00, 0x00, 0x1F, 0xF0, 0x00, 0x00, 0x00, 0x07, 0xFC, 0x00, 0x00, 0x00, 0x01, 0xFF,
    0x00, 0x00, 0x00, 0x00, 0x7F, 0xC0, 0x00, 0x00, 0x00, 0x1F, 0xF0, 0x00, 0x00, 0x00, 0x03, 0xFD,
    0x00, 0x00, 0x00, 0x00, 0xFF, 0x80, 0x00, 0x00, 0x00, 0x2F, 0xF0, 0x00, 0x00, 0x00, 0x03, 0xFE,
    0x00, 0x00, 0x00, 0x40, 0xBF, 0xD0, 0x00, 0x00, 0xF4, 0x0F, 0xFD, 0x00, 0x01, 0xFC, 0x00, 0xFF,
    0xF9, 0x5B, 0xFD, 0x00, 0x0B, 0xFF, 0xFF, 0xFC, 0x00, 0x00, 0x6F, 0xFF, 0xF4, 0x00, 0x00, 0x00,
    0x7D, 0x40, 0x00, 0x00, 0x00, 0x1E, 0x00, 0x00, 0x00, 0x00, 0x0B, 0xFD, 0x00, 0x00, 0x00, 0x00,
    0x1F, 0xC0, 0x00, 0x00, 0x00, 0x03, 0xF0, 0x00, 0x00, 0x00, 0x91, 0xFC, 0x00, 0x00, 0x00, 0x3F,
    0xFD, 0x00, 0x00, 0x00, 0x02, 0xB8, 0x00, 0x00, 0x00, 0x00, 0x00, 0x00, 0x00, 0x00, 0x0F, 0x00,
    0x00, 0x00, 0x3F, 0x80, 0x00, 0x00, 0xBF, 0x80, 0x00, 0x01, 0xFE, 0x00, 0x00, 0x03, 0xF4, 0x00,
    0x00, 0x0F, 0x80, 0x00, 0x00, 0x05, 0x00, 0x00, 0x00, 0x00, 0x00, 0x00, 0x00, 0x01, 0x54, 0x00,
    0x00, 0x7F, 0xFF, 0x80, 0x02, 0xFF, 0xAF, 0xF0, 0x0B, 0xF4, 0x02, 0xF8, 0x1F, 0xE0, 0x03, 0xFC,
    0x3F, 0xC0, 0x07, 0xFC, 0x3F, 0xC0, 0x03, 0xF8, 0x7F, 0x80, 0x00, 0x50, 0x7F, 0x40, 0x00, 0x00,
    0xBF, 0x40, 0x00, 0x00, 0xBF, 0x80, 0x00, 0x00, 0x7F, 0xC0, 0x00, 0x00, 0x7F, 0xC0, 0x00, 0x00,
    0x3F, 0xE0, 0x00, 0x00, 0x2F, 0xF8, 0x00, 0x38, 0x0F, 0xFF, 0xAB, 0xFC, 0x03, 0xFF, 0xFF, 0xF0,
    0x00, 0xBF, 0xFF, 0x40, 0x00, 0x03, 0xD0, 0x00, 0x00, 0x07, 0x80, 0x00, 0x00, 0x0B, 0xFD, 0x00,
    0x00, 0x00, 0x7F, 0x00, 0x00, 0x00, 0x2F, 0x00, 0x00, 0x24, 0x7F, 0x00, 0x00, 0x3F, 0xFD, 0x00,
    0x00, 0x06, 0xE4, 0x00, 0x15, 0x55, 0x55, 0x40, 0x00, 0x00, 0x3F, 0xFF, 0xFF, 0xFF, 0x80, 0x00,
    0x2B, 0xFF, 0xFF, 0xFF, 0xF8, 0x00, 0x01, 0xFF, 0x00, 0x0B, 0xFF, 0x00, 0x01, 0xFF, 0x00, 0x00,
    0xFF, 0xC0, 0x01, 0xFF, 0x00, 0x00, 0x3F, 0xE0, 0x01, 0xFF, 0x00, 0x00, 0x1F, 0xF0, 0x01, 0xFF,
    0x00, 0x00, 0x0F, 0xF4, 0x01, 0xFF, 0x00, 0x00, 0x0B, 0xF8, 0x01, 0xFF, 0x00, 0x00, 0x07, 0xFC,
    0x01, 0xFF, 0x00, 0x00, 0x07, 0xFC, 0x01, 0xFF, 0x00, 0x00, 0x07, 0xFC, 0x01, 0xFF, 0x00, 0x00,
    0x07, 0xFC, 0x01, 0xFF, 0x00, 0x00, 0x07, 0xFC, 0x01, 0xFF, 0x00, 0x00, 0x07, 0xFC, 0x01, 0xFF,
    0x00, 0x00, 0x0B, 0xF8, 0x01, 0xFF, 0x00, 0x00, 0x0F, 0xF4, 0x01, 0xFF, 0x00, 0x00, 0x0F, 0xF0,
    0x01, 0xFF, 0x00, 0x00, 0x2F, 0xD0, 0x01, 0xFF, 0x00, 0x00, 0x7F, 0x80, 0x01, 0xFF, 0x00, 0x02,
    0xFF, 0x00, 0x02, 0xFF, 0x41, 0x6F, 0xF8, 0x00, 0x3F, 0xFF, 0xFF, 0xFF, 0x80, 0x00, 0x3F, 0xFF,
    0xFF, 0xE4, 0x00, 0x00, 0x00, 0x00, 0x00, 0x00, 0x00, 0x00, 0x00, 0x00, 0x00, 0x00, 0x00, 0x00,
    0x00, 0x00, 0x0A, 0x40, 0x00, 0x00, 0x00, 0x00, 0x3F, 0xD0, 0x00, 0x00, 0x00, 0x00, 0x7F, 0xE0,
    0x00, 0x00, 0x00, 0x00, 0x7F, 0xE0, 0x00, 0x00, 0x00, 0x00, 0x2F, 0xC0, 0x00, 0x00, 0x00, 0x00,
    0x00, 0x00, 0x00, 0x00, 0x00, 0x00, 0x05, 0x56, 0x00, 0x00, 0x00, 0x0F, 0xFF, 0x40, 0x00, 0x00,
    0x0B, 0xFF, 0x40, 0x00, 0x00, 0x00, 0x7F, 0x40, 0x00, 0x00, 0x00, 0x7F, 0x40, 0x00, 0x00, 0x00,
    0x7F, 0x40, 0x00, 0x00, 0x00, 0x7F, 0x40, 0x00, 0x00, 0x00, 0x7F, 0x40, 0x00, 0x01, 0x50, 0x7F,
    0x40, 0x00, 0x7F, 0xFF, 0xBF, 0x40, 0x02, 0xFF, 0xFF, 0xFF, 0x40, 0x0B, 0xF9, 0x06, 0xFF, 0x40,
    0x1F, 0xE0, 0x00, 0x7F, 0x40, 0x3F, 0xC0, 0x00, 0x7F, 0x40, 0x3F, 0xC0, 0x00, 0x7F, 0x40, 0x7F,
    0x80, 0x00, 0x7F, 0x40, 0x7F, 0x80, 0x00, 0x7F, 0x40, 0xBF, 0x40, 0x00, 0x7F, 0x40, 0xBF, 0x40,
    0x00, 0x7F, 0x40, 0x7F, 0x80, 0x00, 0x7F, 0x40, 0x7F, 0xC0, 0x00, 0xBF, 0x40, 0x3F, 0xC0, 0x00,
    0xFF, 0x40, 0x3F, 0xE0, 0x01, 0xFF, 0x40, 0x1F, 0xFD, 0x1B, 0xFF, 0x80, 0x07, 0xFF, 0xFF, 0x3F,
    0xFC, 0x01, 0xFF, 0xF8, 0x2F, 0xFC, 0x00, 0x05, 0x40, 0x04, 0x00, 0x00, 0x00, 0x00, 0x00, 0x00,
    0x00, 0x00, 0xA4, 0x00, 0x00, 0x00, 0x03, 0xFE, 0x00, 0x00, 0x00, 0x03, 0xFF, 0x00, 0x00, 0x00,
    0x03, 0xFF, 0x00, 0x00, 0x00, 0x01, 0xFC, 0x00, 0x00, 0x00, 0x00, 0x00, 0x00, 0x00, 0x15, 0x55,
    0x55, 0x40, 0x00, 0x00, 0x3F, 0xFF, 0xFF, 0xFF, 0x80, 0x00, 0x2B, 0xFF, 0xFF, 0xFF, 0xF8, 0x00,
    0x01, 0xFF, 0x00, 0x0B, 0xFF, 0x00, 0x01, 0xFF, 0x00, 0x00, 0xFF, 0xC0, 0x01, 0xFF, 0x00, 0x00,
    0x3F, 0xE0, 0x01, 0xFF, 0x00, 0x00, 0x1F, 0xF0, 0x01, 0xFF, 0x00, 0x00, 0x0F, 0xF4, 0x01, 0xFF,
    0x00, 0x00, 0x0B, 0xF8, 0x01, 0xFF, 0x00, 0x00, 0x07, 0xFC, 0x01, 0xFF, 0x00, 0x00, 0x07, 0xFC,
    0x01, 0xFF, 0x00, 0x00, 0x07, 0xFC, 0x01, 0xFF, 0x00, 0x00, 0x07, 0xFC, 0x01, 0xFF, 0x00, 0x00,
    0x07, 0xFC, 0x01, 0xFF, 0x00, 0x00, 0x07, 0xFC, 0x01, 0xFF, 0x00, 0x00, 0x0B, 0xF8, 0x01, 0xFF,
    0x00, 0x00, 0x0F, 0xF4, 0x01, 0xFF, 0x00, 0x00, 0x0F, 0xF0, 0x01, 0xFF, 0x00, 0x00, 0x2F, 0xD0,
    0x01, 0xFF, 0x00, 0x00, 0x7F, 0x80, 0x01, 0xFF, 0x00, 0x02, 0xFF, 0x00, 0x02, 0xFF, 0x41, 0x6F,
    0xF8, 0x00, 0x3F, 0xFF, 0xFF, 0xFF, 0x80, 0x00, 0x3F, 0xFF, 0xFF, 0xE4, 0x00, 0x00, 0x00, 0x00,
    0x00, 0x00, 0x00, 0x00, 0x00, 0x00, 0x00, 0x00, 0x00, 0x00, 0x00, 0x00, 0x00, 0x00, 0x00, 0x00,
    0x00, 0x0F, 0xFF, 0xFF, 0x00, 0x00, 0x00, 0x0F, 0xFF, 0xFF, 0x00, 0x00, 0x00, 0x0A, 0xAA, 0xAA,
    0x00, 0x00, 0x00, 0x00, 0x05, 0x56, 0x00, 0x00, 0x00, 0x0F, 0xFF, 0x40, 0x00, 0x00, 0x0B, 0xFF,
    0x40, 0x00, 0x00, 0x00, 0x7F, 0x40, 0x00, 0x00, 0x00, 0x7F, 0x40, 0x00, 0x00, 0x00, 0x7F, 0x40,
    0x00, 0x00, 0x00, 0x7F, 0x40, 0x00, 0x00, 0x00, 0x7F, 0x40, 0x00, 0x01, 0x50, 0x7F, 0x40, 0x00,
    0x7F, 0xFF, 0xBF, 0x40, 0x02, 0xFF, 0xFF, 0xFF, 0x40, 0x0B, 0xF9, 0x06, 0xFF, 0x40, 0x1F, 0xE0,
    0x00, 0x7F, 0x40, 0x3F, 0xC0, 0x00, 0x7F, 0x40, 0x3F, 0xC0, 0x00, 0x7F, 0x40, 0x7F, 0x80, 0x00,
    0x7F, 0x40, 0x7F, 0x80, 0x00, 0x7F, 0x40, 0xBF, 0x40, 0x00, 0x7F, 0x40, 0xBF, 0x40, 0x00, 0x7F,
    0x40, 0x7F, 0x80, 0x00, 0x7F, 0x40, 0x7F, 0xC0, 0x00, 0xBF, 0x40, 0x3F, 0xC0, 0x00, 0xFF, 0x40,
    0x3F, 0xE0, 0x01, 0xFF, 0x40, 0x1F, 0xFD, 0x1B, 0xFF, 0x80, 0x07, 0xFF, 0xFF, 0x3F, 0xFC, 0x01,
    0xFF, 0xF8, 0x2F, 0xFC, 0x00, 0x05, 0x40, 0x04, 0x00, 0x00, 0x00, 0x00, 0x00, 0x00, 0x00, 0x00,
    0x00, 0x00, 0x00, 0x00, 0xBF, 0xFF, 0xF0, 0x00, 0x00, 0xBF, 0xFF, 0xF0, 0x00, 0x00, 0x6A, 0xAA,
    0xA0, 0x00, 0x00, 0x0F, 0x00, 0x00, 0x00, 0x00, 0xBF, 0x00, 0x00, 0x00, 0x02, 0xFF, 0x00, 0x00,
    0x00, 0x02, 0xFF, 0x00, 0x00, 0x00, 0x00, 0xBF, 0x40, 0x00, 0x00, 0x00, 0x1D, 0x00, 0x00, 0x00,
    0x00, 0x00, 0x00, 0x00, 0x05, 0x55, 0x55, 0x00, 0x00, 0x3F, 0xFF, 0xFC, 0x00, 0x00, 0xFF, 0xFF,
    0xF0, 0x00, 0x01, 0x55, 0x55, 0x40, 0x00, 0x00, 0x00, 0x00, 0x00, 0x00, 0x00, 0x00, 0x00, 0x00,
    0x55, 0x55, 0x55, 0x55, 0x03, 0xFF, 0xFF, 0xFF, 0xFC, 0x0A, 0xFF, 0xEA, 0xBF, 0xF4, 0x01, 0xFF,
    0x00, 0x0B, 0xE0, 0x07, 0xFC, 0x00, 0x0F, 0xC0, 0x1F, 0xF0, 0x00, 0x1F, 0x00, 0x7F, 0xC0, 0x00,
    0x24, 0x01, 0xFF, 0x00, 0x00, 0x00, 0x07, 0xFC, 0x00, 0xB0, 0x00, 0x1F, 0xF0, 0x03, 0xC0, 0x00,
    0x7F, 0xC0, 0x2F, 0x00, 0x01, 0xFF, 0xFF, 0xFC, 0x00, 0x07, 0xFF, 0xFF, 0xF0, 0x00, 0x1F, 0xF5,
    0x5F, 0xC0, 0x00, 0x7F, 0xC0, 0x0F, 0x00, 0x01, 0xFF, 0x00, 0x3C, 0x00, 0x07, 0xFC, 0x00, 0x00,
    0x00, 0x1F, 0xF0, 0x00, 0x01, 0x40, 0x7F, 0xC0, 0x00, 0x2F, 0x01, 0xFF, 0x00, 0x00, 0xF8, 0x07,
    0xFC, 0x00, 0x07, 0xE0, 0x2F, 0xF0, 0x00, 0xBF, 0x4F, 0xFF, 0xFF, 0xFF, 0xFD, 0x3F, 0xFF, 0xFF,
    0xFF, 0xF0, 0x00, 0x3C, 0x00, 0x00, 0x00, 0xBF, 0x00, 0x00, 0x00, 0x7F, 0xD0, 0x00, 0x00, 0x2F,
    0xF4, 0x00, 0x00, 0x01, 0xFD, 0x00, 0x00, 0x00, 0x19, 0x00, 0x00, 0x00, 0x00, 0x00, 0x00, 0x00,
    0x00, 0x00, 0x01, 0xFF, 0xFF, 0xD0, 0x01, 0xFF, 0xFF, 0xD0, 0x01, 0xFF, 0xFF, 0xD0, 0x00, 0x00,
    0x00, 0x00, 0x00, 0x00, 0x00, 0x00, 0x00, 0x00, 0x00, 0x00, 0x00, 0x01, 0x54, 0x00, 0x00, 0x7F,
    0xFF, 0x80, 0x02, 0xFE, 0xAF, 0xF0, 0x0B, 0xF0, 0x03, 0xF8, 0x1F, 0xD0, 0x02, 0xFC, 0x3F, 0xC0,
    0x01, 0xFD, 0x3F, 0x80, 0x01, 0xFD, 0x7F, 0x80, 0x02, 0xFD, 0x7F, 0xFF, 0xFF, 0xFC, 0xBF, 0xFF,
    0xFF, 0xFC, 0xBF, 0x80, 0x00, 0x00, 0x7F, 0x80, 0x00, 0x00, 0x3F, 0xC0, 0x00, 0x00, 0x3F, 0xE0,
    0x00, 0x00, 0x1F, 0xF4, 0x00, 0x2C, 0x0F, 0xFF, 0x9A, 0xFC, 0x03, 0xFF, 0xFF, 0xF0, 0x00, 0xBF,
    0xFF, 0x80, 0x00, 0x05, 0x54, 0x00, 0x00, 0x00, 0x02, 0xD0, 0x00, 0x00, 0x00, 0x3F, 0x80, 0x00,
    0x00, 0x03, 0xFE, 0x00, 0x00, 0x00, 0x3F, 0xE0, 0x00, 0x00, 0x07, 0xF8, 0x00, 0x00, 0x00, 0x1D,
    0x00, 0x00, 0x00, 0x00, 0x00, 0x00, 0x00, 0x00, 0x05, 0x55, 0x55, 0x00, 0x00, 0x3F, 0xFF, 0xFC,
    0x00, 0x00, 0xFF, 0xFF, 0xF0, 0x00, 0x01, 0x55, 0x55, 0x40, 0x00, 0x00, 0x00, 0x00, 0x00, 0x00,
    0x00, 0x00, 0x00, 0x00, 0x55, 0x55, 0x55, 0x55, 0x03, 0xFF, 0xFF, 0xFF, 0xFC, 0x0A, 0xFF, 0xEA,
    0xBF, 0xF4, 0x01, 0xFF, 0x00, 0x0B, 0xE0, 0x07, 0xFC, 0x00, 0x0F, 0xC0, 0x1F, 0xF0, 0x00, 0x1F,
    0x00, 0x7F, 0xC0, 0x00, 0x24, 0x01, 0xFF, 0x00, 0x00, 0x00, 0x07, 0xFC, 0x00, 0xB0, 0x00, 0x1F,
    0xF0, 0x03, 0xC0, 0x00, 0x7F, 0xC0, 0x2F, 0x00, 0x01, 0xFF, 0xFF, 0xFC, 0x00, 0x07, 0xFF, 0xFF,
    0xF0, 0x00, 0x1F, 0xF5, 0x5F, 0xC0, 0x00, 0x7F, 0xC0, 0x0F, 0x00, 0x01, 0xFF, 0x00, 0x3C, 0x00,
    0x07, 0xFC, 0x00, 0x00, 0x00, 0x1F, 0xF0, 0x00, 0x01, 0x40, 0x7F, 0xC0, 0x00, 0x2F, 0x01, 0xFF,
    0x00, 0x00, 0xF8, 0x07, 0xFC, 0x00, 0x07, 0xE0, 0x2F, 0xF0, 0x00, 0xBF, 0x4F, 0xFF, 0xFF, 0xFF,
    0xFD, 0x3F, 0xFF, 0xFF, 0xFF, 0xF0, 0x00, 0x00, 0x2E, 0x00, 0x00, 0x00, 0xBF, 0x00, 0x00, 0x02,
    0xFF, 0x00, 0x00, 0x0F, 0xFC, 0x00, 0x00, 0x3F, 0x80, 0x00, 0x00, 0x38, 0x00, 0x00, 0x00, 0x00,
    0x00, 0x00, 0x00, 0x00, 0x00, 0x00, 0x01, 0xFF, 0xFF, 0xD0, 0x01, 0xFF, 0xFF, 0xD0, 0x01, 0xFF,
    0xFF, 0xD0, 0x00, 0x00, 0x00, 0x00, 0x00, 0x00, 0x00, 0x00, 0x00, 0x00, 0x00, 0x00, 0x00, 0x01,
    0x54, 0x00, 0x00, 0x7F, 0xFF, 0x80, 0x02, 0xFE, 0xAF, 0xF0, 0x0B, 0xF0, 0x03, 0xF8, 0x1F, 0xD0,
    0x02, 0xFC, 0x3F, 0xC0, 0x01, 0xFD, 0x3F, 0x80, 0x01, 0xFD, 0x7F, 0x80, 0x02, 0xFD, 0x7F, 0xFF,
    0xFF, 0xFC, 0xBF, 0xFF, 0xFF, 0xFC, 0xBF, 0x80, 0x00, 0x00, 0x7F, 0x80, 0x00, 0x00, 0x3F, 0xC0,
    0x00, 0x00, 0x3F, 0xE0, 0x00, 0x00, 0x1F, 0xF4, 0x00, 0x2C, 0x0F, 0xFF, 0x9A, 0xFC, 0x03, 0xFF,
    0xFF, 0xF0, 0x00, 0xBF, 0xFF, 0x80, 0x00, 0x05, 0x54, 0x00, 0x00, 0x00, 0x00, 0x00, 0x00, 0x02,
    0xC0, 0x00, 0x74, 0x00, 0x07, 0x80, 0x03, 0xC0, 0x00, 0x0F, 0x90, 0x7F, 0x00, 0x00, 0x2F, 0xFF,
    0xF4, 0x00, 0x00, 0x3F, 0xFF, 0x40, 0x00, 0x00, 0x1F, 0xE0, 0x00, 0x00, 0x00, 0x00, 0x00, 0x00,
    0x15, 0x55, 0x55, 0x55, 0x40, 0xFF, 0xFF, 0xFF, 0xFF, 0x02, 0xBF, 0xFA, 0xAF, 0xFD, 0x00, 0x7F,
    0xC0, 0x02, 0xF8, 0x01, 0xFF, 0x00, 0x03, 0xF0, 0x07, 0xFC, 0x00, 0x07, 0xC0, 0x1F, 0xF0, 0x00,
    0x09, 0x00, 0x7F, 0xC0, 0x00, 0x00, 0x01, 0xFF, 0x00, 0x2C, 0x00, 0x07, 0xFC, 0x00, 0xF0, 0x00,
    0x1F, 0xF0, 0x0B, 0xC0, 0x00, 0x7F, 0xFF, 0xFF, 0x00, 0x01, 0xFF, 0xFF, 0xFC, 0x00, 0x07, 0xFD,
    0x57, 0xF0, 0x00, 0x1F, 0xF0, 0x03, 0xC0, 0x00, 0x7F, 0xC0, 0x0F, 0x00, 0x01, 0xFF, 0x00, 0x00,
    0x00, 0x07, 0xFC, 0x00, 0x00, 0x50, 0x1F, 0xF0, 0x00, 0x0B, 0xC0, 0x7F, 0xC0, 0x00, 0x3E, 0x01,
    0xFF, 0x00, 0x01, 0xF8, 0x0B, 0xFC, 0x00, 0x2F, 0xD3, 0xFF, 0xFF, 0xFF, 0xFF, 0x4F, 0xFF, 0xFF,
    0xFF, 0xFC, 0x00, 0x00, 0x38, 0x00, 0x00, 0x00, 0x02, 0xD0, 0x00, 0x00, 0x00, 0x0F, 0xFC, 0x00,
    0x00, 0x00, 0x01, 0xF8, 0x00, 0x00, 0x00, 0x03, 0xF0, 0x00, 0x00, 0x09, 0x2F, 0x80, 0x00, 0x00,
    0x7F, 0xFC, 0x00, 0x00, 0x00, 0x2A, 0x80, 0x00, 0x01, 0x80, 0x00, 0x90, 0x02, 0xD0, 0x00, 0xE0,
    0x01, 0xF0, 0x03, 0xD0, 0x00, 0xFE, 0xAF, 0xC0, 0x00, 0x7F, 0xFF, 0x40, 0x00, 0x1F, 0xFD, 0x00,
    0x00, 0x01, 0x50, 0x00, 0x00, 0x00, 0x00, 0x00, 0x00, 0x01, 0x54, 0x00, 0x00, 0x7F, 0xFF, 0x80,
    0x02, 0xFE, 0xAF, 0xF0, 0x0B, 0xF0, 0x03, 0xF8, 0x1F, 0xD0, 0x02, 0xFC, 0x3F, 0xC0, 0x01, 0xFD,
    0x3F, 0x80, 0x01, 0xFD, 0x7F, 0x80, 0x02, 0xFD, 0x7F, 0xFF, 0xFF, 0xFC, 0xBF, 0xFF, 0xFF, 0xFC,
    0xBF, 0x80, 0x00, 0x00, 0x7F, 0x80, 0x00, 0x00, 0x7F, 0xC0, 0x00, 0x00, 0x3F, 0xE0, 0x00, 0x00,
    0x2F, 0xF4, 0x00, 0x2C, 0x0F, 0xFF, 0x9A, 0xFC, 0x03, 0xFF, 0xFF, 0xF0, 0x00, 0xBF, 0xFF, 0x80,
    0x00, 0x03, 0xD0, 0x00, 0x00, 0x03, 0xC0, 0x00, 0x00, 0x07, 0xFD, 0x00, 0x00, 0x00, 0x3F, 0x00,
    0x00, 0x00, 0x2F, 0x00, 0x00, 0x24, 0x7F, 0x00, 0x00, 0x3F, 0xFE, 0x00, 0x00, 0x06, 0xE4, 0x00,
    0x00, 0x01, 0x55, 0x55, 0x00, 0x00, 0x00, 0x0B, 0xFF, 0xFF, 0x40, 0x00, 0x00, 0x0B, 0xFF, 0xFF,
    0x40, 0x00, 0x00, 0x05, 0x55, 0x55, 0x00, 0x00, 0x00, 0x00, 0x00, 0x00, 0x00, 0x00, 0x00, 0x00,
    0x00, 0x00, 0x00, 0x00, 0x00, 0x00, 0x6F, 0xE4, 0x2D, 0x00, 0x00, 0x0B, 0xFF, 0xFF, 0x7D, 0x00,
    0x00, 0x7F, 0xFA, 0xBF, 0xFE, 0x00, 0x01, 0xFF, 0x40, 0x02, 0xFF, 0x00, 0x03, 0xFC, 0x00, 0x00,
    0xBF, 0x00, 0x0B, 0xF4, 0x00, 0x00, 0x3F, 0x00, 0x0F, 0xF0, 0x00, 0x00, 0x0F, 0x40, 0x2F, 0xD0,
    0x00, 0x00, 0x0F, 0x80, 0x3F, 0xC0, 0x00, 0x00, 0x01, 0x00, 0x3F, 0xC0, 0x00, 0x00, 0x00, 0x00,
    0x7F, 0xC0, 0x00, 0x00, 0x00, 0x00, 0x7F, 0xC0, 0x00, 0x00, 0x00, 0x00, 0x7F, 0xC0, 0x00, 0x05,
    0x55, 0x54, 0x7F, 0xC0, 0x00, 0x0F, 0xFF, 0xFC, 0x7F, 0xC0, 0x00, 0x0B, 0xFF, 0xF8, 0x3F, 0xC0,
    0x00, 0x00, 0x7F, 0x80, 0x3F, 0xD0, 0x00, 0x00, 0x3F, 0x80, 0x2F, 0xF0, 0x00, 0x00, 0x3F, 0x80,
    0x0F, 0xF4, 0x00, 0x00, 0x3F, 0x80, 0x0B, 0xFC, 0x00, 0x00, 0x3F, 0x80, 0x03, 0xFF, 0x00, 0x00,
    0xFF, 0x80, 0x00, 0xFF, 0xE4, 0x1B, 0xFF, 0x80, 0x00, 0x3F, 0xFF, 0xFF, 0xEF, 0x80, 0x00, 0x07,
    0xFF, 0xFE, 0x0B, 0x80, 0x00, 0x00, 0x15, 0x50, 0x00, 0x00, 0x00, 0xFF, 0xFF, 0xE0, 0x00, 0x00,
    0xFF, 0xFF, 0xE0, 0x00, 0x00, 0xFF, 0xFF, 0xE0, 0x00, 0x00, 0x00, 0x00, 0x00, 0x00, 0x00, 0x00,
    0x00, 0x01, 0xA0, 0x00, 0x00, 0x00, 0x0B, 0xFC, 0x00, 0x01, 0x54, 0x1F, 0xFC, 0x00, 0x7F, 0xFF,
    0xBC, 0xF8, 0x03, 0xFE, 0xAF, 0xF8, 0x00, 0x0B, 0xF4, 0x03, 0xFC, 0x00, 0x0F, 0xE0, 0x01, 0xFE,
    0x00, 0x1F, 0xD0, 0x00, 0xFF, 0x00, 0x1F, 0xD0, 0x00, 0xFF, 0x00, 0x1F, 0xD0, 0x00, 0xFF, 0x00,
    0x0F, 0xF0, 0x01, 0xFE, 0x00, 0x0F, 0xF8, 0x03, 0xFC, 0x00, 0x03, 0xFF, 0xFF, 0xF4, 0x00, 0x01,
    0xFF, 0xFF, 0x80, 0x00, 0x03, 0xE1, 0x50, 0x00, 0x00, 0x0F, 0xC0, 0x00, 0x00, 0x00, 0x0F, 0xD0,
    0x00, 0x00, 0x00, 0x0F, 0xFF, 0xFF, 0xF9, 0x00, 0x0B, 0xFF, 0xFF, 0xFF, 0xC0, 0x01, 0xFF, 0xFF,
    0xFF, 0xE0, 0x0B, 0xE5, 0x55, 0xBF, 0xF0, 0x2F, 0xC0, 0x00, 0x0F, 0xF0, 0x3F, 0x40, 0x00, 0x0F,
    0xF0, 0x7F, 0x80, 0x00, 0x1F, 0xE0, 0x3F, 0xC0, 0x00, 0x7F, 0xC0, 0x2F, 0xFE, 0xAB, 0xFF, 0x00,
    0x07, 0xFF, 0xFF, 0xF8, 0x00, 0x00, 0x5A, 0xA9, 0x40, 0x00, 0x15, 0x55, 0x50, 0x00, 0x55, 0x55,
    0x43, 0xFF, 0xFF, 0x80, 0x2F, 0xFF, 0xFC, 0x2B, 0xFF, 0xE4, 0x01, 0xBF, 0xFE, 0x80, 0x1F, 0xF0,
    0x00, 0x00, 0xFF, 0x40, 0x01, 0xFF, 0x00, 0x00, 0x0B, 0xF4, 0x00, 0x1F, 0xF0, 0x00, 0x00, 0xBF,
    0x40, 0x01, 0xFF, 0x00, 0x00, 0x0B, 0xF4, 0x00, 0x1F, 0xF0, 0x00, 0x00, 0xBF, 0x40, 0x01, 0xFF,
    0x00, 0x00, 0x0B, 0xF4, 0x00, 0x1F, 0xF0, 0x00, 0x00, 0xBF, 0x40, 0x01, 0xFF, 0x00, 0x00, 0x0F,
    0xF4, 0x00, 0x1F, 0xFF, 0xFF, 0xFF, 0xFF, 0x40, 0x01, 0xFF, 0xFF, 0xFF, 0xFF, 0xF4, 0x00, 0x1F,
    0xF0, 0x00, 0x00, 0xFF, 0x40, 0x01, 0xFF, 0x00, 0x00, 0x0B, 0xF4, 0x00, 0x1F, 0xF0, 0x00, 0x00,
    0xBF, 0x40, 0x01, 0xFF, 0x00, 0x00, 0x0B, 0xF4, 0x00, 0x1F, 0xF0, 0x00, 0x00, 0xBF, 0x40, 0x01,
    0xFF, 0x00, 0x00, 0x0B, 0xF4, 0x00, 0x1F, 0xF0, 0x00, 0x00, 0xBF, 0x40, 0x01, 0xFF, 0x00, 0x00,
    0x0F, 0xF4, 0x00, 0x2F, 0xF0, 0x00, 0x00, 0xFF, 0x80, 0x3F, 0xFF, 0xF4, 0x01, 0xFF, 0xFF, 0xC3,
    0xFF, 0xFF, 0x80, 0x2F, 0xFF, 0xFC, 0x00, 0x00, 0x00, 0x00, 0x00, 0x00, 0x00, 0x00, 0x00, 0x00,
    0x00, 0x00, 0x00, 0x00, 0x00, 0x01, 0xA4, 0x00, 0x00, 0x00, 0x00, 0x00, 0x3F, 0xC0, 0x00, 0x00,
    0x00, 0x00, 0x0B, 0xFE, 0x00, 0x00, 0x00, 0x00, 0x00, 0x7F, 0xD0, 0x00, 0x00, 0x00, 0x00, 0x02,
    0xF8, 0x00, 0x00, 0x00, 0x00, 0x00, 0x00, 0x00, 0x00, 0x00, 0x15, 0x64, 0x00, 0x00, 0x00, 0x2F,
    0xFF, 0x00, 0x00, 0x00, 0x07, 0xFF, 0xC0, 0x00, 0x00, 0x00, 0x0F, 0xF0, 0x00, 0x00, 0x00, 0x03,
    0xFC, 0x00, 0x00, 0x00, 0x00, 0xFF, 0x00, 0x00, 0x00, 0x00, 0x3F, 0xC0, 0x00, 0x00, 0x00, 0x0F,
    0xF0, 0x00, 0x00, 0x00, 0x03, 0xFC, 0x01, 0x50, 0x00, 0x00, 0xFF, 0x0F, 0xFF, 0x80, 0x00, 0x3F,
    0xDF, 0xFF, 0xFC, 0x00, 0x0F, 0xFF, 0x96, 0xFF, 0x40, 0x03, 0xFF, 0x00, 0x1F, 0xE0, 0x00, 0xFF,
    0x40, 0x03, 0xFC, 0x00, 0x3F, 0xC0, 0x00, 0xFF, 0x00, 0x0F, 0xF0, 0x00, 0x3F, 0xC0, 0x03, 0xFC,
    0x00, 0x0F, 0xF0, 0x00, 0xFF, 0x00, 0x03, 0xFC, 0x00, 0x3F, 0xC0, 0x00, 0xFF, 0x00, 0x0F, 0xF0,
    0x00, 0x3F, 0xC0, 0x03, 0xFC, 0x00, 0x0F, 0xF0, 0x00, 0xFF, 0x00, 0x03, 0xFC, 0x00, 0x3F, 0xC0,
    0x00, 0xFF, 0x00, 0x1F, 0xF0, 0x00, 0x3F, 0xC0, 0x7F, 0xFF, 0xC0, 0xFF, 0xFF, 0x5F, 0xFF, 0xF0,
    0x3F, 0xFF, 0xD0, 0x00, 0x00, 0x00, 0x00, 0x00, 0x00, 0x00, 0x00, 0x00, 0x00, 0x00, 0x00, 0x29,
    0x00, 0x00, 0x00, 0x00, 0x3F, 0xE0, 0x00, 0x00, 0x00, 0x0F, 0xFC, 0x00, 0x00, 0x00, 0x03, 0xFF,
    0x00, 0x00, 0x00, 0x00, 0x7F, 0x00, 0x00, 0x00, 0x00, 0x00, 0x00, 0x00, 0x00, 0x15, 0x55, 0x50,
    0x00, 0x55, 0x55, 0x43, 0xFF, 0xFF, 0x80, 0x2F, 0xFF, 0xFC, 0x2B, 0xFF, 0xE4, 0x01, 0xBF, 0xFE,
    0x80, 0x1F, 0xF0, 0x00, 0x00, 0xFF, 0x40, 0x01, 0xFF, 0x00, 0x00, 0x0B, 0xF4, 0x00, 0x1F, 0xF0,
    0x00, 0x00, 0xBF, 0x40, 0x01, 0xFF, 0x00, 0x00, 0x0B, 0xF4, 0x00, 0x1F, 0xF0, 0x00, 0x00, 0xBF,
    0x40, 0x01, 0xFF, 0x00, 0x00, 0x0B, 0xF4, 0x00, 0x1F, 0xF0, 0x00, 0x00, 0xBF, 0x40, 0x01, 0xFF,
    0x00, 0x00, 0x0F, 0xF4, 0x00, 0x1F, 0xFF, 0xFF, 0xFF, 0xFF, 0x40, 0x01, 0xFF, 0xFF, 0xFF, 0xFF,
    0xF4, 0x00, 0x1F, 0xF0, 0x00, 0x00, 0xFF, 0x40, 0x01, 0xFF, 0x00, 0x00, 0x0B, 0xF4, 0x00, 0x1F,
    0xF0, 0x00, 0x00, 0xBF, 0x40, 0x01, 0xFF, 0x00, 0x00, 0x0B, 0xF4, 0x00, 0x1F, 0xF0, 0x00, 0x00,
    0xBF, 0x40, 0x01, 0xFF, 0x00, 0x00, 0x0B, 0xF4, 0x00, 0x1F, 0xF0, 0x00, 0x00, 0xBF, 0x40, 0x01,
    0xFF, 0x00, 0x00, 0x0F, 0xF4, 0x00, 0x2F, 0xF0, 0x00, 0x00, 0xFF, 0x80, 0x3F, 0xFF, 0xF4, 0x01,
    0xFF, 0xFF, 0xC3, 0xFF, 0xFF, 0x80, 0x2F, 0xFF, 0xFC, 0x00, 0x00, 0x00, 0x00, 0x00, 0x00, 0x00,
    0x00, 0x00, 0x00, 0x00, 0x00, 0x00, 0x00, 0x00, 0xE0, 0x00, 0xB0, 0x00, 0x00, 0x00, 0x0F, 0x00,
    0x1F, 0x00, 0x00, 0x00, 0x00, 0xBE, 0x5B, 0xE0, 0x00, 0x00, 0x00, 0x03, 0xFF, 0xFC, 0x00, 0x00,
    0x00, 0x00, 0x1F, 0xFF, 0x00, 0x00, 0x00, 0x00, 0x00, 0x1A, 0x40, 0x00, 0x00, 0x15, 0x64, 0x00,
    0x00, 0x00, 0x2F, 0xFF, 0x00, 0x00, 0x00, 0x07, 0xFF, 0xC0, 0x00, 0x00, 0x00, 0x0F, 0xF0, 0x00,
    0x00, 0x00, 0x03, 0xFC, 0x00, 0x00, 0x00, 0x00, 0xFF, 0x00, 0x00, 0x00, 0x00, 0x3F, 0xC0, 0x00,
    0x00, 0x00, 0x0F, 0xF0, 0x00, 0x00, 0x00, 0x03, 0xFC, 0x01, 0x50, 0x00, 0x00, 0xFF, 0x0F, 0xFF,
    0x80, 0x00, 0x3F, 0xDF, 0xFF, 0xFC, 0x00, 0x0F, 0xFF, 0x96, 0xFF, 0x40, 0x03, 0xFF, 0x00, 0x1F,
    0xE0, 0x00, 0xFF, 0x40, 0x03, 0xFC, 0x00, 0x3F, 0xC0, 0x00, 0xFF, 0x00, 0x0F, 0xF0, 0x00, 0x3F,
    0xC0, 0x03, 0xFC, 0x00, 0x0F, 0xF0, 0x00, 0xFF, 0x00, 0x03, 0xFC, 0x00, 0x3F, 0xC0, 0x00, 0xFF,
    0x00, 0x0F, 0xF0, 0x00, 0x3F, 0xC0, 0x03, 0xFC, 0x00, 0x0F, 0xF0, 0x00, 0xFF, 0x00, 0x03, 0xFC,
    0x00, 0x3F, 0xC0, 0x00, 0xFF, 0x00, 0x1F, 0xF0, 0x00, 0x3F, 0xC0, 0x7F, 0xFF, 0xC0, 0xFF, 0xFF,
    0x5F, 0xFF, 0xF0, 0x3F, 0xFF, 0xD0, 0x00, 0x00, 0x00, 0x00, 0x00, 0x00, 0x00, 0x00, 0x00, 0x00,
    0x00, 0x2C, 0x00, 0x0D, 0x00, 0x00, 0x0B, 0x80, 0x0F, 0x40, 0x00, 0x00, 0xF9, 0x5F, 0xC0, 0x00,
    0x00, 0x2F, 0xFF, 0xD0, 0x00, 0x00, 0x03, 0xFF, 0xE0, 0x00, 0x00, 0x00, 0x1A, 0x80, 0x00, 0x00,
    0x00, 0x00, 0xB4, 0x00, 0x00, 0xFE, 0x00, 0x00, 0xFF, 0x80, 0x00, 0xFF, 0x80, 0x01, 0xFE, 0x00,
    0x00, 0x74, 0x00, 0x00, 0x00, 0x00, 0x00, 0x14, 0x00, 0x50, 0x2F, 0xD0, 0xBF, 0x4F, 0xF8, 0x3F,
    0xE3, 0xFE, 0x0F, 0xF8, 0x7F, 0x01, 0xFC, 0x00, 0x00, 0x00, 0x00, 0x00, 0x00, 0x00, 0x55, 0x55,
    0x50, 0x3F, 0xFF, 0xFC, 0x0A, 0xFF, 0xF9, 0x00, 0x1F, 0xF0, 0x00, 0x03, 0xFC, 0x00, 0x00, 0xFF,
    0x00, 0x00, 0x3F, 0xC0, 0x00, 0x0F, 0xF0, 0x00, 0x03, 0xFC, 0x00, 0x00, 0xFF, 0x00, 0x00, 0x3F,
    0xC0, 0x00, 0x0F, 0xF0, 0x00, 0x03, 0xFC, 0x00, 0x00, 0xFF, 0x00, 0x00, 0x3F, 0xC0, 0x00, 0x0F,
    0xF0, 0x00, 0x03, 0xFC, 0x00, 0x00, 0xFF, 0x00, 0x00, 0x3F, 0xC0, 0x00, 0x0F, 0xF0, 0x00, 0x03,
    0xFC, 0x00, 0x02, 0xFF, 0x40, 0x0F, 0xFF, 0xFE, 0x03, 0xFF, 0xFF, 0xC0, 0x00, 0x00, 0xB4, 0x00,
    0x00, 0xBF, 0x00, 0x00, 0xFF, 0xC0, 0x00, 0xFF, 0xC0, 0x00, 0xFE, 0x00, 0x00, 0x34, 0x00, 0x00,
    0x00, 0x00, 0x00, 0x00, 0x00, 0x00, 0x1F, 0xC0, 0x7E, 0x0F, 0xF8, 0x3F, 0xD3, 0xFE, 0x0F, 0xF4,
    0xBF, 0x03, 0xFC, 0x05, 0x00, 0x14, 0x00, 0x00, 0x00, 0x00, 0x00, 0x00, 0x00, 0x00, 0x00, 0x00,
    0x01, 0xFF, 0xF0, 0x00, 0xBF, 0xFC, 0x00, 0x06, 0xFF, 0x00, 0x00, 0x3F, 0xC0, 0x00, 0x0F, 0xF0,
    0x00, 0x03, 0xFC, 0x00, 0x00, 0xFF, 0x00, 0x00, 0x3F, 0xC0, 0x00, 0x0F, 0xF0, 0x00, 0x03, 0xFC,
    0x00, 0x00, 0xFF, 0x00, 0x00, 0x3F, 0xC0, 0x00, 0x0F, 0xF0, 0x00, 0x03, 0xFC, 0x00, 0x01, 0xFF,
    0x40, 0x0B, 0xFF, 0xFE, 0x02, 0xFF, 0xFF, 0x80, 0x15, 0x55, 0x54, 0x00, 0x00, 0xFF, 0xFF, 0xF0,
    0x00, 0x02, 0xBF, 0xFE, 0x80, 0x00, 0x00, 0x7F, 0xC0, 0x00, 0x00, 0x01, 0xFF, 0x00, 0x00, 0x00,
    0x07, 0xFC, 0x00, 0x00, 0x00, 0x1F, 0xF0, 0x00, 0x00, 0x00, 0x7F, 0xC0, 0x00, 0x00, 0x01, 0xFF,
    0x00, 0x00, 0x00, 0x07, 0xFC, 0x00, 0x00, 0x00, 0x1F, 0xF0, 0x00, 0x00, 0x00, 0x7F, 0xC0, 0x00,
    0x00, 0x01, 0xFF, 0x00, 0x00, 0x00, 0x07, 0xFC, 0x00, 0x00, 0x00, 0x1F, 0xF0, 0x00, 0x00, 0x00,
    0x7F, 0xC0, 0x00, 0x00, 0x01, 0xFF, 0x00, 0x00, 0x50, 0x07, 0xFC, 0x00, 0x03, 0xD0, 0x1F, 0xF0,
    0x00, 0x1F, 0x40, 0x7F, 0xC0, 0x00, 0xBC, 0x01, 0xFF, 0x00, 0x07, 0xF0, 0x0B, 0xFC, 0x00, 0xBF,
    0xC3, 0xFF, 0xFF, 0xFF, 0xFF, 0x0F, 0xFF, 0xFF, 0xFF, 0xFC, 0x00, 0x00, 0x00, 0x00, 0x00, 0x00,
    0x00, 0x00, 0x00, 0x00, 0x00, 0x02, 0x90, 0x00, 0x00, 0x00, 0x3F, 0xD0, 0x00, 0x00, 0x01, 0xFF,
    0x80, 0x00, 0x00, 0x07, 0xFD, 0x00, 0x00, 0x00, 0x0B, 0xE0, 0x00, 0x00, 0x00, 0x00, 0x00, 0x00,
    0x15, 0x64, 0x0B, 0xFF, 0xC0, 0x7F, 0xFC, 0x00, 0x3F, 0xC0, 0x03, 0xFC, 0x00, 0x3F, 0xC0, 0x03,
    0xFC, 0x00, 0x3F, 0xC0, 0x03, 0xFC, 0x00, 0x3F, 0xC0, 0x03, 0xFC, 0x00, 0x3F, 0xC0, 0x03, 0xFC,
    0x00, 0x3F, 0xC0, 0x03, 0xFC, 0x00, 0x3F, 0xC0, 0x03, 0xFC, 0x00, 0x3F, 0xC0, 0x03, 0xFC, 0x00,
    0x3F, 0xC0, 0x03, 0xFC, 0x00, 0x3F, 0xC0, 0x03, 0xFC, 0x00, 0x7F, 0xD0, 0xBF, 0xFF, 0xEB, 0xFF,
    0xFE, 0x00, 0x00, 0x00, 0x00, 0x00, 0x01, 0xA4, 0x00, 0x3F, 0xC0, 0x0B, 0xFE, 0x00, 0x7F, 0xD0,
    0x02, 0xF8, 0x00, 0x00, 0x00, 0x15, 0x55, 0x50, 0x00, 0x00, 0xFF, 0xFF, 0xE0, 0x00, 0x03, 0xFF,
    0xFF, 0x80, 0x00, 0x05, 0x55, 0x55, 0x00, 0x00, 0x00, 0x00, 0x00, 0x00, 0x00, 0x00, 0x00, 0x00,
    0x00, 0x01, 0x55, 0x55, 0x40, 0x00, 0x0F, 0xFF, 0xFF, 0x00, 0x00, 0x2B, 0xFF, 0xE8, 0x00, 0x00,
    0x07, 0xFC, 0x00, 0x00, 0x00, 0x1F, 0xF0, 0x00, 0x00, 0x00, 0x7F, 0xC0, 0x00, 0x00, 0x01, 0xFF,
    0x00, 0x00, 0x00, 0x07, 0xFC, 0x00, 0x00, 0x00, 0x1F, 0xF0, 0x00, 0x00, 0x00, 0x7F, 0xC0, 0x00,
    0x00, 0x01, 0xFF, 0x00, 0x00, 0x00, 0x07, 0xFC, 0x00, 0x00, 0x00, 0x1F, 0xF0, 0x00, 0x00, 0x00,
    0x7F, 0xC0, 0x00, 0x00, 0x01, 0xFF, 0x00, 0x00, 0x00, 0x07, 0xFC, 0x00, 0x00, 0x00, 0x1F, 0xF0,
    0x00, 0x05, 0x00, 0x7F, 0xC0, 0x00, 0x3D, 0x01, 0xFF, 0x00, 0x01, 0xF4, 0x07, 0xFC, 0x00, 0x0B,
    0xC0, 0x1F, 0xF0, 0x00, 0x7F, 0x00, 0xBF, 0xC0, 0x0B, 0xFC, 0x3F, 0xFF, 0xFF, 0xFF, 0xF0, 0xFF,
    0xFF, 0xFF, 0xFF, 0xC0, 0x00, 0x00, 0x00, 0x00, 0x00, 0x00, 0x00, 0x00, 0x00, 0x00, 0x00, 0x29,
    0x00, 0x00, 0x00, 0x03, 0xFD, 0x00, 0x00, 0x00, 0x1F, 0xF8, 0x00, 0x00, 0x00, 0x7F, 0xD0, 0x00,
    0x00, 0x00, 0xBE, 0x00, 0x00, 0x00, 0x00, 0x00, 0x00, 0x00, 0x15, 0x55, 0x54, 0x3F, 0xFF, 0xFC,
    0x3F, 0xFF, 0xFC, 0x15, 0x55, 0x54, 0x00, 0x00, 0x00, 0x00, 0x00, 0x00, 0x01, 0x56, 0x40, 0x0B,
    0xFF, 0xC0, 0x07, 0xFF, 0xC0, 0x00, 0x3F, 0xC0, 0x00, 0x3F, 0xC0, 0x00, 0x3F, 0xC0, 0x00, 0x3F,
    0xC0, 0x00, 0x3F, 0xC0, 0x00, 0x3F, 0xC0, 0x00, 0x3F, 0xC0, 0x00, 0x3F, 0xC0, 0x00, 0x3F, 0xC0,
    0x00, 0x3F, 0xC0, 0x00, 0x3F, 0xC0, 0x00, 0x3F, 0xC0, 0x00, 0x3F, 0xC0, 0x00, 0x3F, 0xC0, 0x00,
    0x3F, 0xC0, 0x00, 0x3F, 0xC0, 0x00, 0x3F, 0xC0, 0x00, 0x3F, 0xC0, 0x00, 0x3F, 0xC0, 0x00, 0x3F,
    0xC0, 0x00, 0x7F, 0xD0, 0x0B, 0xFF, 0xFE, 0x0B, 0xFF, 0xFE, 0x00, 0x00, 0x00, 0x00, 0x00, 0x00,
    0x00, 0x1A, 0x40, 0x00, 0x3F, 0xC0, 0x00, 0xBF, 0xE0, 0x00, 0x7F, 0xD0, 0x00, 0x2F, 0x80, 0x00,
    0x00, 0x00, 0x15, 0x55, 0x54, 0x00, 0x00, 0xFF, 0xFF, 0xF0, 0x00, 0x02, 0xBF, 0xFE, 0x80, 0x00,
    0x00, 0x7F, 0xC0, 0x00, 0x00, 0x01, 0xFF, 0x00, 0x00, 0x00, 0x07, 0xFC, 0x00, 0x00, 0x00, 0x1F,
    0xF0, 0x00, 0x00, 0x00, 0x7F, 0xC0, 0x00, 0x00, 0x01, 0xFF, 0x00, 0x00, 0x00, 0x07, 0xFC, 0x00,
    0x00, 0x00, 0x1F, 0xF0, 0x00, 0x00, 0x00, 0x7F, 0xC0, 0x00, 0x00, 0x01, 0xFF, 0x00, 0x00, 0x00,
    0x07, 0xFC, 0x00, 0x00, 0x00, 0x1F, 0xF0, 0x00, 0x00, 0x00, 0x7F, 0xC0, 0x00, 0x00, 0x01, 0xFF,
    0x00, 0x00, 0x50, 0x07, 0xFC, 0x00, 0x03, 0xD0, 0x1F, 0xF0, 0x00, 0x1F, 0x40, 0x7F, 0xC0, 0x00,
    0xBC, 0x01, 0xFF, 0x00, 0x07, 0xF0, 0x0B, 0xFC, 0x00, 0xBF, 0xC3, 0xFF, 0xFF, 0xFF, 0xFF, 0x0F,
    0xFF, 0xFF, 0xFF, 0xFC, 0x00, 0x00, 0x00, 0x00, 0x00, 0x00, 0x00, 0x00, 0x00, 0x00, 0x00, 0x00,
    0x00, 0x00, 0x00, 0x0F, 0xFF, 0xFF, 0x00, 0x00, 0x3F, 0xFF, 0xFC, 0x00, 0x00, 0xAA, 0xAA, 0xA0,
    0x00, 0x15, 0x64, 0x0B, 0xFF, 0xC0, 0x7F, 0xFC, 0x00, 0x3F, 0xC0, 0x03, 0xFC, 0x00, 0x3F, 0xC0,
    0x03, 0xFC, 0x00, 0x3F, 0xC0, 0x03, 0xFC, 0x00, 0x3F, 0xC0, 0x03, 0xFC, 0x00, 0x3F, 0xC0, 0x03,
    0xFC, 0x00, 0x3F, 0xC0, 0x03, 0xFC, 0x00, 0x3F, 0xC0, 0x03, 0xFC, 0x00, 0x3F, 0xC0, 0x03, 0xFC,
    0x00, 0x3F, 0xC0, 0x03, 0xFC, 0x00, 0x3F, 0xC0, 0x03, 0xFC, 0x00, 0x7F, 0xD0, 0xBF, 0xFF, 0xEB,
    0xFF, 0xFE, 0x00, 0x00, 0x00, 0x00, 0x00, 0x00, 0x00, 0x0F, 0xFF, 0xFF, 0xFF, 0xFF, 0xFA, 0xAA,
    0xAA, 0x05, 0x55, 0x50, 0x00, 0x00, 0x05, 0x55, 0x40, 0x3F, 0xFF, 0xD0, 0x00, 0x00, 0xFF, 0xFF,
    0x40, 0xAF, 0xFF, 0x80, 0x00, 0x03, 0xFF, 0xF8, 0x00, 0x1F, 0xFF, 0x00, 0x00, 0x2F, 0xFE, 0x00,
    0x00, 0x7F, 0xFD, 0x00, 0x00, 0xFF, 0xF8, 0x00, 0x01, 0xF7, 0xF8, 0x00, 0x07, 0xDF, 0xE0, 0x00,
    0x07, 0xCF, 0xF0, 0x00, 0x2E, 0x7F, 0x80, 0x00, 0x2F, 0x1F, 0xD0, 0x00, 0xF4, 0xFF, 0x00, 0x00,
    0xBC, 0x3F, 0xC0, 0x07, 0xC3, 0xFC, 0x00, 0x02, 0xF0, 0xBF, 0x00, 0x3E, 0x0F, 0xF0, 0x00, 0x0B,
    0xC1, 0xFD, 0x00, 0xF0, 0x3F, 0xC0, 0x00, 0x3F, 0x03, 0xFC, 0x0B, 0xC0, 0xFF, 0x00, 0x00, 0xFC,
    0x0B, 0xF0, 0x3D, 0x03, 0xFC, 0x00, 0x03, 0xF0, 0x1F, 0xE1, 0xF0, 0x0F, 0xF0, 0x00, 0x0F, 0x80,
    0x3F, 0xCB, 0x80, 0x3F, 0xC0, 0x00, 0x3E, 0x00, 0xBF, 0x7D, 0x00, 0xBF, 0x00, 0x00, 0xF8, 0x00,
    0xFF, 0xF0, 0x02, 0xFD, 0x00, 0x03, 0xE0, 0x03, 0xFF, 0x80, 0x0B, 0xF4, 0x00, 0x0F, 0x40, 0x07,
    0xFC, 0x00, 0x2F, 0xD0, 0x00, 0x3D, 0x00, 0x0F, 0xF0, 0x00, 0x7F, 0x40, 0x01, 0xF4, 0x00, 0x00,
    0x00, 0x01, 0xFE, 0x00, 0x0B, 0xE0, 0x00, 0x00, 0x00, 0x0B, 0xFC, 0x03, 0xFF, 0xFC, 0x00, 0x00,
    0x07, 0xFF, 0xFF, 0x4F, 0xFF, 0xF0, 0x00, 0x00, 0x1F, 0xFF, 0xFD, 0x00, 0x00, 0x00, 0x00, 0x00,
    0x00, 0x00, 0x00, 0x00, 0x00, 0x00, 0x00, 0x00, 0x00, 0x00, 0x00, 0x00, 0x00, 0x00, 0xA4, 0x00,
    0x00, 0x00, 0x00, 0x00, 0x00, 0x0F, 0xF4, 0x00, 0x00, 0x00, 0x00, 0x00, 0x00, 0x7F, 0xE0, 0x00,
    0x00, 0x00, 0x00, 0x00, 0x01, 0xFF, 0x80, 0x00, 0x00, 0x00, 0x00, 0x00, 0x02, 0xFC, 0x00, 0x00,
    0x00, 0x00, 0x00, 0x00, 0x00, 0x00, 0x00, 0x00, 0x00, 0x00, 0x00, 0x01, 0x50, 0x00, 0x15, 0x00,
    0x01, 0xFF, 0xD0, 0xFF, 0xF4, 0x07, 0xFF, 0xC0, 0x0B, 0xFF, 0x5F, 0xFF, 0xF4, 0xBF, 0xFF, 0xC0,
    0x02, 0xFE, 0xF9, 0x6F, 0xF7, 0xD5, 0xFF, 0x80, 0x03, 0xFF, 0x00, 0x3F, 0xF8, 0x00, 0xFF, 0x00,
    0x0F, 0xF4, 0x00, 0x7F, 0xC0, 0x03, 0xFC, 0x00, 0x3F, 0xC0, 0x01, 0xFE, 0x00, 0x0B, 0xF0, 0x00,
    0xFF, 0x00, 0x07, 0xF8, 0x00, 0x2F, 0xC0, 0x03, 0xFC, 0x00, 0x1F, 0xE0, 0x00, 0xBF, 0x00, 0x0F,
    0xF0, 0x00, 0x7F, 0x80, 0x02, 0xFC, 0x00, 0x3F, 0xC0, 0x01, 0xFE, 0x00, 0x0B, 0xF0, 0x00, 0xFF,
    0x00, 0x07, 0xF8, 0x00, 0x2F, 0xC0, 0x03, 0xFC, 0x00, 0x1F, 0xE0, 0x00, 0xBF, 0x00, 0x0F, 0xF0,
    0x00, 0x7F, 0x80, 0x02, 0xFC, 0x00, 0x3F, 0xC0, 0x01, 0xFE, 0x00, 0x0B, 0xF0, 0x00, 0xFF, 0x00,
    0x0B, 0xF8, 0x00, 0x3F, 0xD0, 0x3F, 0xFF, 0xC1, 0xFF, 0xFE, 0x0B, 0xFF, 0xF9, 0xFF, 0xFF, 0x07,
    0xFF, 0xF8, 0x2F, 0xFF, 0xE0, 0x00, 0x00, 0x00, 0x00, 0x00, 0x00, 0x00, 0x00, 0x00, 0x00, 0x00,
    0x00, 0x00, 0x00, 0x00, 0x00, 0x00, 0x00, 0x06, 0x80, 0x00, 0x00, 0x00, 0x00, 0x00, 0x00, 0xBF,
    0xC0, 0x00, 0x00, 0x00, 0x00, 0x00, 0x03, 0xFF, 0x00, 0x00, 0x00, 0x00, 0x00, 0x00, 0x0F, 0xFC,
    0x00, 0x00, 0x00, 0x00, 0x00, 0x00, 0x1F, 0xD0, 0x00, 0x00, 0x00, 0x00, 0x00, 0x00, 0x00, 0x00,
    0x00, 0x00, 0x00, 0x00, 0x00, 0x01, 0x90, 0x00, 0x00, 0x00, 0x00, 0x01, 0xFF, 0x00, 0x00, 0x00,
    0x00, 0x00, 0xFF, 0xD0, 0x00, 0x00, 0x00, 0x00, 0x3F, 0xF0, 0x00, 0x00, 0x00, 0x00, 0x03, 0xF8,
    0x00, 0x00, 0x00, 0x00, 0x00, 0x00, 0x00, 0x00, 0x00, 0x00, 0x00, 0x00, 0x00, 0x00, 0x00, 0x55,
    0x55, 0x00, 0x00, 0x55, 0x55, 0x3F, 0xFF, 0xC0, 0x00, 0x7F, 0xFF, 0xCA, 0xFF, 0xFC, 0x00, 0x0B,
    0xFF, 0x90, 0x1F, 0xFF, 0x40, 0x00, 0x2F, 0x00, 0x07, 0xFF, 0xF0, 0x00, 0x0B, 0xC0, 0x01, 0xFB,
    0xFE, 0x00, 0x02, 0xF0, 0x00, 0x7D, 0xBF, 0xC0, 0x00, 0xBC, 0x00, 0x1F, 0x4F, 0xF8, 0x00, 0x2F,
    0x00, 0x07, 0xD1, 0xFF, 0x40, 0x0B, 0xC0, 0x01, 0xF4, 0x2F, 0xF0, 0x02, 0xF0, 0x00, 0x7D, 0x03,
    0xFD, 0x00, 0xBC, 0x00, 0x1F, 0x40, 0xBF, 0xC0, 0x2F, 0x00, 0x07, 0xD0, 0x0F, 0xF8, 0x0B, 0xC0,
    0x01, 0xF4, 0x01, 0xFF, 0x02, 0xF0, 0x00, 0x7D, 0x00, 0x2F, 0xF0, 0xBC, 0x00, 0x1F, 0x40, 0x03,
    0xFD, 0x2F, 0x00, 0x07, 0xD0, 0x00, 0xBF, 0xCB, 0xC0, 0x01, 0xF4, 0x00, 0x0F, 0xFA, 0xF0, 0x00,
    0x7D, 0x00, 0x01, 0xFF, 0xFC, 0x00, 0x1F, 0x40, 0x00, 0x2F, 0xFF, 0x00, 0x07, 0xD0, 0x00, 0x03,
    0xFF, 0xC0, 0x02, 0xFC, 0x00, 0x00, 0xBF, 0xF0, 0x0F, 0xFF, 0xF0, 0x00, 0x0F, 0xFC, 0x03, 0xFF,
    0xFC, 0x00, 0x01, 0xFF, 0x00, 0x00, 0x00, 0x04, 0x00, 0x00, 0x00, 0x00, 0x2F, 0xD0, 0x00, 0x00,
    0x00, 0x0F, 0xFC, 0x00, 0x00, 0x00, 0x03, 0xFF, 0x00, 0x00, 0x00, 0x00, 0xFF, 0x40, 0x00, 0x00,
    0x00, 0x05, 0x40, 0x00, 0x00, 0x00, 0x00, 0x00, 0x00, 0x00, 0x00, 0x00, 0x00, 0x00, 0x00, 0x00,
    0x00, 0x01, 0x50, 0x00, 0x1F, 0xFD, 0x0B, 0xFF, 0x80, 0x0B, 0xFF, 0x5F, 0xFF, 0xFC, 0x00, 0x2F,
    0xEF, 0x96, 0xFF, 0x40, 0x03, 0xFF, 0x00, 0x1F, 0xE0, 0x00, 0xFF, 0x40, 0x03, 0xFC, 0x00, 0x3F,
    0xC0, 0x00, 0xFF, 0x00, 0x0F, 0xF0, 0x00, 0x3F, 0xC0, 0x03, 0xFC, 0x00, 0x0F, 0xF0, 0x00, 0xFF,
    0x00, 0x03, 0xFC, 0x00, 0x3F, 0xC0, 0x00, 0xFF, 0x00, 0x0F, 0xF0, 0x00, 0x3F, 0xC0, 0x03, 0xFC,
    0x00, 0x0F, 0xF0, 0x00, 0xFF, 0x00, 0x03, 0xFC, 0x00, 0x3F, 0xC0, 0x00, 0xFF, 0x00, 0x0F, 0xF0,
    0x00, 0x3F, 0xC0, 0x3F, 0xFF, 0xC0, 0xFF, 0xFF, 0x5F, 0xFF, 0xF4, 0x3F, 0xFF, 0xD0, 0x15, 0x55,
    0x40, 0x00, 0x15, 0x55, 0x4F, 0xFF, 0xF0, 0x00, 0x1F, 0xFF, 0xF2, 0xBF, 0xFF, 0x00, 0x02, 0xFF,
    0xE4, 0x07, 0xFF, 0xD0, 0x00, 0x0B, 0xC0, 0x01, 0xFF, 0xFC, 0x00, 0x02, 0xF0, 0x00, 0x7E, 0xFF,
    0x80, 0x00, 0xBC, 0x00, 0x1F, 0x6F, 0xF0, 0x00, 0x2F, 0x00, 0x07, 0xD3, 0xFE, 0x00, 0x0B, 0xC0,
    0x01, 0xF4, 0x7F, 0xD0, 0x02, 0xF0, 0x00, 0x7D, 0x0B, 0xFC, 0x00, 0xBC, 0x00, 0x1F, 0x40, 0xFF,
    0x40, 0x2F, 0x00, 0x07, 0xD0, 0x2F, 0xF0, 0x0B, 0xC0, 0x01, 0xF4, 0x03, 0xFE, 0x02, 0xF0, 0x00,
    0x7D, 0x00, 0x7F, 0xC0, 0xBC, 0x00, 0x1F, 0x40, 0x0B, 0xFC, 0x2F, 0x00, 0x07, 0xD0, 0x00, 0xFF,
    0x4B, 0xC0, 0x01, 0xF4, 0x00, 0x2F, 0xF2, 0xF0, 0x00, 0x7D, 0x00, 0x03, 0xFE, 0xBC, 0x00, 0x1F,
    0x40, 0x00, 0x7F, 0xFF, 0x00, 0x07, 0xD0, 0x00, 0x0B, 0xFF, 0xC0, 0x01, 0xF4, 0x00, 0x00, 0xFF,
    0xF0, 0x00, 0xBF, 0x00, 0x00, 0x2F, 0xFC, 0x03, 0xFF, 0xFC, 0x00, 0x03, 0xFF, 0x00, 0xFF, 0xFF,
    0x00, 0x00, 0x7F, 0xC0, 0x00, 0x00, 0x00, 0x00, 0x00, 0x00, 0x00, 0x00, 0x00, 0x00, 0x00, 0x00,
    0x00, 0x00, 0x00, 0x1A, 0x00, 0x00, 0x00, 0x00, 0x00, 0x2F, 0xF0, 0x00, 0x00, 0x00, 0x00, 0x0F,
    0xFC, 0x00, 0x00, 0x00, 0x00, 0x02, 0xFF, 0x00, 0x00, 0x00, 0x00, 0x00, 0x3F, 0x40, 0x00, 0x00,
    0x00, 0x00, 0x00, 0x00, 0x00, 0x00, 0x00, 0x00, 0x01, 0x50, 0x00, 0x1F, 0xFD, 0x0B, 0xFF, 0x80,
    0x0B, 0xFF, 0x5F, 0xFF, 0xFC, 0x00, 0x2F, 0xEF, 0x96, 0xFF, 0x40, 0x03, 0xFF, 0x00, 0x1F, 0xE0,
    0x00, 0xFF, 0x40, 0x03, 0xFC, 0x00, 0x3F, 0xC0, 0x00, 0xFF, 0x00, 0x0F, 0xF0, 0x00, 0x3F, 0xC0,
    0x03, 0xFC, 0x00, 0x0F, 0xF0, 0x00, 0xFF, 0x00, 0x03, 0xFC, 0x00, 0x3F, 0xC0, 0x00, 0xFF, 0x00,
    0x0F, 0xF0, 0x00, 0x3F, 0xC0, 0x03, 0xFC, 0x00, 0x0F, 0xF0, 0x00, 0xFF, 0x00, 0x03, 0xFC, 0x00,
    0x3F, 0xC0, 0x00, 0xFF, 0x00, 0x0F, 0xF0, 0x00, 0x3F, 0xC0, 0x3F, 0xFF, 0xC0, 0xFF, 0xFF, 0x5F,
    0xFF, 0xF4, 0x3F, 0xFF, 0xD0, 0x00, 0x00, 0x00, 0x00, 0x00, 0x00, 0x00, 0x00, 0x00, 0x00, 0x00,
    0x00, 0x19, 0x00, 0x00, 0x00, 0x00, 0x2F, 0xE0, 0x00, 0x00, 0x00, 0x0F, 0xFC, 0x00, 0x00, 0x00,
    0x03, 0xFF, 0x00, 0x00, 0x00, 0x00, 0x7F, 0x40, 0x00, 0x00, 0x00, 0x00, 0x00, 0x00, 0x00, 0x15,
    0x55, 0x40, 0x00, 0x15, 0x55, 0x4F, 0xFF, 0xF0, 0x00, 0x1F, 0xFF, 0xF2, 0xBF, 0xFF, 0x00, 0x02,
    0xFF, 0xE4, 0x07, 0xFF, 0xD0, 0x00, 0x0B, 0xC0, 0x01, 0xFF, 0xFC, 0x00, 0x02, 0xF0, 0x00, 0x7E,
    0xFF, 0x80, 0x00, 0xBC, 0x00, 0x1F, 0x6F, 0xF0, 0x00, 0x2F, 0x00, 0x07, 0xD3, 0xFE, 0x00, 0x0B,
    0xC0, 0x01, 0xF4, 0x7F, 0xD0, 0x02, 0xF0, 0x00, 0x7D, 0x0B, 0xFC, 0x00, 0xBC, 0x00, 0x1F, 0x40,
    0xFF, 0x40, 0x2F, 0x00, 0x07, 0xD0, 0x2F, 0xF0, 0x0B, 0xC0, 0x01, 0xF4, 0x03, 0xFE, 0x02, 0xF0,
    0x00, 0x7D, 0x00, 0x7F, 0xC0, 0xBC, 0x00, 0x1F, 0x40, 0x0B, 0xFC, 0x2F, 0x00, 0x07, 0xD0, 0x00,
    0xFF, 0x4B, 0xC0, 0x01, 0xF4, 0x00, 0x2F, 0xF2, 0xF0, 0x00, 0x7D, 0x00, 0x03, 0xFE, 0xBC, 0x00,
    0x1F, 0x40, 0x00, 0x7F, 0xFF, 0x00, 0x07, 0xD0, 0x00, 0x0B, 0xFF, 0xC0, 0x01, 0xF4, 0x00, 0x00,
    0xFF, 0xF0, 0x00, 0xBF, 0x00, 0x00, 0x2F, 0xFC, 0x03, 0xFF, 0xFC, 0x00, 0x03, 0xFF, 0x00, 0xFF,
    0xFF, 0x00, 0x00, 0x7F, 0xC0, 0x00, 0x00, 0x00, 0x00, 0x00, 0x00, 0x00, 0x00, 0x00, 0x00, 0x00,
    0x00, 0x00, 0x00, 0x00, 0x00, 0x00, 0x00, 0x00, 0x00, 0x03, 0xFF, 0xFF, 0x80, 0x00, 0x00, 0x00,
    0xFF, 0xFF, 0xE0, 0x00, 0x00, 0x00, 0x2A, 0xAA, 0xA4, 0x00, 0x00, 0x00, 0x00, 0x01, 0x50, 0x00,
    0x1F, 0xFD, 0x0B, 0xFF, 0x80, 0x0B, 0xFF, 0x5F, 0xFF, 0xFC, 0x00, 0x2F, 0xEF, 0x96, 0xFF, 0x40,
    0x03, 0xFF, 0x00, 0x1F, 0xE0, 0x00, 0xFF, 0x40, 0x03, 0xFC, 0x00, 0x3F, 0xC0, 0x00, 0xFF, 0x00,
    0x0F, 0xF0, 0x00, 0x3F, 0xC0, 0x03, 0xFC, 0x00, 0x0F, 0xF0, 0x00, 0xFF, 0x00, 0x03, 0xFC, 0x00,
    0x3F, 0xC0, 0x00, 0xFF, 0x00, 0x0F, 0xF0, 0x00, 0x3F, 0xC0, 0x03, 0xFC, 0x00, 0x0F, 0xF0, 0x00,
    0xFF, 0x00, 0x03, 0xFC, 0x00, 0x3F, 0xC0, 0x00, 0xFF, 0x00, 0x0F, 0xF0, 0x00, 0x3F, 0xC0, 0x3F,
    0xFF, 0xC0, 0xFF, 0xFF, 0x5F, 0xFF, 0xF4, 0x3F, 0xFF, 0xD0, 0x00, 0x00, 0x00, 0x00, 0x00, 0x00,
    0x00, 0x00, 0x00, 0x00, 0x00, 0x00, 0x00, 0x00, 0x00, 0x00, 0x07, 0xFF, 0xFF, 0x40, 0x00, 0x01,
    0xFF, 0xFF, 0xD0, 0x00, 0x00, 0x2A, 0xAA, 0xA0, 0x00, 0x00, 0x00, 0x00, 0x3C, 0x00, 0x00, 0x00,
    0x00, 0x03, 0xF8, 0x00, 0x00, 0x00, 0x00, 0x7F, 0xD0, 0x00, 0x00, 0x00, 0x07, 0xFE, 0x00, 0x00,
    0x00, 0x00, 0x7F, 0x40, 0x00, 0x00, 0x00, 0x02, 0x90, 0x00, 0x00, 0x00, 0x00, 0x00, 0x00, 0x00,
    0x00, 0x00, 0x00, 0x04, 0x00, 0x00, 0x00, 0x00, 0x01, 0xFF, 0x40, 0x80, 0x00, 0x00, 0x0F, 0xFF,
    0xEF, 0x40, 0x00, 0x00, 0xBA, 0xFF, 0xF8, 0x00, 0x00, 0x01, 0x40, 0x7F, 0xC0, 0x00, 0x00, 0x00,
    0x00, 0x00, 0x00, 0x00, 0x00, 0x00, 0x00, 0x00, 0x00, 0x00, 0x00, 0x06, 0xBE, 0x90, 0x00, 0x00,
    0x02, 0xFF, 0xFF, 0xF8, 0x00, 0x00, 0x3F, 0xFA, 0xBF, 0xFC, 0x00, 0x07, 0xFD, 0x00, 0x1F, 0xFC,
    0x00, 0x3F, 0xC0, 0x00, 0x0F, 0xFC, 0x02, 0xFD, 0x00, 0x00, 0x0F, 0xF8, 0x0F, 0xF0, 0x00, 0x00,
    0x2F, 0xF0, 0xBF, 0x40, 0x00, 0x00, 0x3F, 0xD3, 0xFC, 0x00, 0x00, 0x00, 0xFF, 0x8F, 0xF0, 0x00,
    0x00, 0x02, 0xFF, 0x7F, 0xC0, 0x00, 0x00, 0x0B, 0xFD, 0xFF, 0x00, 0x00, 0x00, 0x1F, 0xF7, 0xFC,
    0x00, 0x00, 0x00, 0x7F, 0xDF, 0xF0, 0x00, 0x00, 0x01, 0xFF, 0x7F, 0xC0, 0x00, 0x00, 0x0B, 0xF8,
    0xFF, 0x00, 0x00, 0x00, 0x2F, 0xE3, 0xFD, 0x00, 0x00, 0x00, 0xFF, 0x0B, 0xFC, 0x00, 0x00, 0x03,
    0xFC, 0x0F, 0xF4, 0x00, 0x00, 0x1F, 0xD0, 0x2F, 0xF0, 0x00, 0x00, 0xFF, 0x00, 0x3F, 0xF0, 0x00,
    0x0F, 0xF0, 0x00, 0x3F, 0xF8, 0x02, 0xFF, 0x40, 0x00, 0x3F, 0xFF, 0xFF, 0xF0, 0x00, 0x00, 0x1F,
    0xFF, 0xFD, 0x00, 0x00, 0x00, 0x01, 0x55, 0x00, 0x00, 0x00, 0x00, 0x00, 0x0B, 0x40, 0x00, 0x00,
    0x03, 0xFC, 0x00, 0x00, 0x00, 0xFF, 0x80, 0x00, 0x00, 0x3F, 0xE0, 0x00, 0x00, 0x1F, 0xE0, 0x00,
    0x00, 0x01, 0xD0, 0x00, 0x00, 0x00, 0x00, 0x00, 0x00, 0x00, 0x02, 0xF8, 0x01, 0x00, 0x00, 0xBF,
    0xFD, 0xB8, 0x00, 0x1F, 0xFF, 0xFF, 0x00, 0x01, 0xC1, 0xBF, 0xD0, 0x00, 0x00, 0x00, 0x50, 0x00,
    0x00, 0x00, 0x00, 0x00, 0x00, 0x00, 0x00, 0x00, 0x00, 0x00, 0x01, 0x54, 0x00, 0x00, 0x07, 0xFF,
    0xFD, 0x00, 0x02, 0xFF, 0xFF, 0xFC, 0x00, 0xBF, 0x40, 0x3F, 0xF0, 0x1F, 0xE0, 0x00, 0xFF, 0x43,
    0xFC, 0x00, 0x07, 0xFC, 0x3F, 0x80, 0x00, 0x3F, 0xC7, 0xF8, 0x00, 0x03, 0xFD, 0x7F, 0x80, 0x00,
    0x2F, 0xDB, 0xF8, 0x00, 0x02, 0xFD, 0xBF, 0x80, 0x00, 0x2F, 0xD7, 0xF8, 0x00, 0x02, 0xFD, 0x7F,
    0xC0, 0x00, 0x3F, 0xC3, 0xFD, 0x00, 0x03, 0xF8, 0x2F, 0xF0, 0x00, 0xBF, 0x00, 0xFF, 0xC0, 0x2F,
    0xE0, 0x03, 0xFF, 0xFF, 0xF8, 0x00, 0x0B, 0xFF, 0xFD, 0x00, 0x00, 0x01, 0x54, 0x00, 0x00, 0x00,
    0x01, 0x40, 0x05, 0x00, 0x00, 0x00, 0x2F, 0xD0, 0xBF, 0x40, 0x00, 0x00, 0xFF, 0x83, 0xFE, 0x00,
    0x00, 0x03, 0xFE, 0x0F, 0xF8, 0x00, 0x00, 0x07, 0xF0, 0x1F, 0xC0, 0x00, 0x00, 0x00, 0x00, 0x00,
    0x00, 0x00, 0x00, 0x01, 0x00, 0x00, 0x00, 0x00, 0x00, 0x7F, 0xD0, 0x20, 0x00, 0x00, 0x03, 0xFF,
    0xFB, 0xD0, 0x00, 0x00, 0x2E, 0xBF, 0xFE, 0x00, 0x00, 0x00, 0x50, 0x1F, 0xF0, 0x00, 0x00, 0x00,
    0x00, 0x00, 0x00, 0x00, 0x00, 0x00, 0x00, 0x00, 0x00, 0x00, 0x00, 0x01, 0xAF, 0xA4, 0x00, 0x00,
    0x00, 0xBF, 0xFF, 0xFE, 0x00, 0x00, 0x0F, 0xFE, 0xAF, 0xFF, 0x00, 0x01, 0xFF, 0x40, 0x07, 0xFF,
    0x00, 0x0F, 0xF0, 0x00, 0x03, 0xFF, 0x00, 0xBF, 0x40, 0x00, 0x03, 0xFE, 0x03, 0xFC, 0x00, 0x00,
    0x0B, 0xFC, 0x2F, 0xD0, 0x00, 0x00, 0x0F, 0xF4, 0xFF, 0x00, 0x00, 0x00, 0x3F, 0xE3, 0xFC, 0x00,
    0x00, 0x00, 0xBF, 0xDF, 0xF0, 0x00, 0x00, 0x02, 0xFF, 0x7F, 0xC0, 0x00, 0x00, 0x07, 0xFD, 0xFF,
    0x00, 0x00, 0x00, 0x1F, 0xF7, 0xFC, 0x00, 0x00, 0x00, 0x7F, 0xDF, 0xF0, 0x00, 0x00, 0x02, 0xFE,
    0x3F, 0xC0, 0x00, 0x00, 0x0B, 0xF8, 0xFF, 0x40, 0x00, 0x00, 0x3F, 0xC2, 0xFF, 0x00, 0x00, 0x00,
    0xFF, 0x03, 0xFD, 0x00, 0x00, 0x07, 0xF4, 0x0B, 0xFC, 0x00, 0x00, 0x3F, 0xC0, 0x0F, 0xFC, 0x00,
    0x03, 0xFC, 0x00, 0x0F, 0xFE, 0x00, 0xBF, 0xD0, 0x00, 0x0F, 0xFF, 0xFF, 0xFC, 0x00, 0x00, 0x07,
    0xFF, 0xFF, 0x40, 0x00, 0x00, 0x00, 0x55, 0x40, 0x00, 0x00, 0x00, 0x50, 0x01, 0x40, 0x00, 0x2F,
    0xD0, 0xBF, 0x40, 0x03, 0xFE, 0x0F, 0xFC, 0x00, 0x3F, 0xE0, 0xFF, 0x80, 0x01, 0xFC, 0x07, 0xF0,
    0x00, 0x00, 0x00, 0x00, 0x00, 0x00, 0x00, 0x00, 0x00, 0x00, 0x02, 0xF8, 0x01, 0x00, 0x00, 0xBF,
    0xFD, 0xB8, 0x00, 0x1F, 0xFF, 0xFF, 0x00, 0x01, 0xC1, 0xBF, 0xD0, 0x00, 0x00, 0x00, 0x50, 0x00,
    0x00, 0x00, 0x00, 0x00, 0x00, 0x00, 0x00, 0x00, 0x00, 0x00, 0x01, 0x54, 0x00, 0x00, 0x07, 0xFF,
    0xFD, 0x00, 0x02, 0xFF, 0xFF, 0xFC, 0x00, 0xBF, 0x40, 0x3F, 0xF0, 0x1F, 0xE0, 0x00, 0xFF, 0x43,
    0xFC, 0x00, 0x07, 0xFC, 0x3F, 0x80, 0x00, 0x3F, 0xC7, 0xF8, 0x00, 0x03, 0xFD, 0x7F, 0x80, 0x00,
    0x2F, 0xDB, 0xF8, 0x00, 0x02, 0xFD, 0xBF, 0x80, 0x00, 0x2F, 0xD7, 0xF8, 0x00, 0x02, 0xFD, 0x7F,
    0xC0, 0x00, 0x3F, 0xC3, 0xFD, 0x00, 0x03, 0xF8, 0x2F, 0xF0, 0x00, 0xBF, 0x00, 0xFF, 0xC0, 0x2F,
    0xE0, 0x03, 0xFF, 0xFF, 0xF8, 0x00, 0x0B, 0xFF, 0xFD, 0x00, 0x00, 0x01, 0x54, 0x00, 0x00, 0x00,
    0x01, 0xE0, 0x00, 0x00, 0x00, 0x00, 0x0F, 0xF0, 0x00, 0x00, 0x00, 0x00, 0x2F, 0xF0, 0x00, 0x00,
    0x00, 0x00, 0x2F, 0xF0, 0x00, 0x00, 0x00, 0x00, 0x0B, 0xF0, 0x00, 0x00, 0x00, 0x00, 0x01, 0xC0,
    0x00, 0x00, 0x00, 0x00, 0x00, 0x00, 0x00, 0x00, 0x00, 0x55, 0x55, 0x50, 0x00, 0x00, 0x03, 0xFF,
    0xFF, 0xC0, 0x00, 0x00, 0x0F, 0xFF, 0xFF, 0x00, 0x00, 0x00, 0x15, 0x55, 0x54, 0x00, 0x00, 0x00,
    0x00, 0x00, 0x00, 0x00, 0x00, 0x00, 0x00, 0x00, 0x00, 0x00, 0x00, 0x01, 0xAF, 0xA4, 0x00, 0x00,
    0x00, 0xBF, 0xFF, 0xFE, 0x00, 0x00, 0x0F, 0xFE, 0xAF, 0xFF, 0x00, 0x01, 0xFF, 0x40, 0x07, 0xFF,
    0x00, 0x0F, 0xF0, 0x00, 0x03, 0xFF, 0x00, 0xBF, 0x40, 0x00, 0x03, 0xFE, 0x03, 0xFC, 0x00, 0x00,
    0x0B, 0xFC, 0x2F, 0xD0, 0x00, 0x00, 0x0F, 0xF4, 0xFF, 0x00, 0x00, 0x00, 0x3F, 0xE3, 0xFC, 0x00,
    0x00, 0x00, 0xBF, 0xDF, 0xF0, 0x00, 0x00, 0x02, 0xFF, 0x7F, 0xC0, 0x00, 0x00, 0x07, 0xFD, 0xFF,
    0x00, 0x00, 0x00, 0x1F, 0xF7, 0xFC, 0x00, 0x00, 0x00, 0x7F, 0xDF, 0xF0, 0x00, 0x00, 0x02, 0xFE,
    0x3F, 0xC0, 0x00, 0x00, 0x0B, 0xF8, 0xFF, 0x40, 0x00, 0x00, 0x3F, 0xC2, 0xFF, 0x00, 0x00, 0x00,
    0xFF, 0x03, 0xFD, 0x00, 0x00, 0x07, 0xF4, 0x0B, 0xFC, 0x00, 0x00, 0x3F, 0xC0, 0x0F, 0xFC, 0x00,
    0x03, 0xFC, 0x00, 0x0F, 0xFE, 0x00, 0xBF, 0xD0, 0x00, 0x0F, 0xFF, 0xFF, 0xFC, 0x00, 0x00, 0x07,
    0xFF, 0xFF, 0x40, 0x00, 0x00, 0x00, 0x55, 0x40, 0x00, 0x00, 0x00, 0x2E, 0x00, 0x00, 0x00, 0x03,
    0xF8, 0x00, 0x00, 0x00, 0x3F, 0xE0, 0x00, 0x00, 0x00, 0xFF, 0x80, 0x00, 0x00, 0x00, 0xBF, 0x00,
    0x00, 0x00, 0x00, 0xB0, 0x00, 0x00, 0x00, 0x00, 0x00, 0x00, 0x00, 0x00, 0x00, 0x00, 0x00, 0xBF,
    0xFF, 0xE0, 0x00, 0x0F, 0xFF, 0xFF, 0x00, 0x00, 0xFF, 0xFF, 0xF0, 0x00, 0x00, 0x00, 0x00, 0x00,
    0x00, 0x00, 0x00, 0x00, 0x00, 0x00, 0x00, 0x00, 0x00, 0x00, 0x01, 0x54, 0x00, 0x00, 0x07, 0xFF,
    0xFD, 0x00, 0x02, 0xFF, 0xFF, 0xFC, 0x00, 0xBF, 0x40, 0x3F, 0xF0, 0x1F, 0xE0, 0x00, 0xFF, 0x43,
    0xFC, 0x00, 0x07, 0xFC, 0x3F, 0x80, 0x00, 0x3F, 0xC7, 0xF8, 0x00, 0x03, 0xFD, 0x7F, 0x80, 0x00,
    0x2F, 0xDB, 0xF8, 0x00, 0x02, 0xFD, 0xBF, 0x80, 0x00, 0x2F, 0xD7, 0xF8, 0x00, 0x02, 0xFD, 0x7F,
    0xC0, 0x00, 0x3F, 0xC3, 0xFD, 0x00, 0x03, 0xF8, 0x2F, 0xF0, 0x00, 0xBF, 0x00, 0xFF, 0xC0, 0x2F,
    0xE0, 0x03, 0xFF, 0xFF, 0xF8, 0x00, 0x0B, 0xFF, 0xFD, 0x00, 0x00, 0x01, 0x54, 0x00, 0x00, 0x00,
    0x00, 0x00, 0x7C, 0x00, 0x00, 0x00, 0x00, 0x07, 0xF4, 0x00, 0x00, 0x00, 0x00, 0x7F, 0xC0, 0x00,
    0x00, 0x00, 0x0B, 0xFD, 0x00, 0x00, 0x00, 0x00, 0xBF, 0x40, 0x00, 0x00, 0x00, 0x02, 0x80, 0x00,
    0x00, 0x00, 0x00, 0x00, 0x00, 0x00, 0x00, 0x00, 0x00, 0x55, 0x55, 0x50, 0x00, 0x00, 0x03, 0xFF,
    0xFF, 0xC0, 0x00, 0x00, 0x0F, 0xFF, 0xFF, 0x00, 0x00, 0x00, 0x15, 0x55, 0x54, 0x00, 0x00, 0x00,
    0x00, 0x00, 0x00, 0x00, 0x00, 0x00, 0x00, 0x00, 0x00, 0x00, 0x00, 0x01, 0xAF, 0xA4, 0x00, 0x00,
    0x00, 0xBF, 0xFF, 0xFE, 0x00, 0x00, 0x0F, 0xFE, 0xAF, 0xFF, 0x00, 0x01, 0xFF, 0x40, 0x07, 0xFF,
    0x00, 0x0F, 0xF0, 0x00, 0x03, 0xFF, 0x00, 0xBF, 0x40, 0x00, 0x03, 0xFE, 0x03, 0xFC, 0x00, 0x00,
    0x0B, 0xFC, 0x2F, 0xD0, 0x00, 0x00, 0x0F, 0xF4, 0xFF, 0x00, 0x00, 0x00, 0x3F, 0xE3, 0xFC, 0x00,
    0x00, 0x00, 0xBF, 0xDF, 0xF0, 0x00, 0x00, 0x02, 0xFF, 0x7F, 0xC0, 0x00, 0x00, 0x07, 0xFD, 0xFF,
    0x00, 0x00, 0x00, 0x1F, 0xF7, 0xFC, 0x00, 0x00, 0x00, 0x7F, 0xDF, 0xF0, 0x00, 0x00, 0x02, 0xFE,
    0x3F, 0xC0, 0x00, 0x00, 0x0B, 0xF8, 0xFF, 0x40, 0x00, 0x00, 0x3F, 0xC2, 0xFF, 0x00, 0x00, 0x00,
    0xFF, 0x03, 0xFD, 0x00, 0x00, 0x07, 0xF4, 0x0B, 0xFC, 0x00, 0x00, 0x3F, 0xC0, 0x0F, 0xFC, 0x00,
    0x03, 0xFC, 0x00, 0x0F, 0xFE, 0x00, 0xBF, 0xD0, 0x00, 0x0F, 0xFF, 0xFF, 0xFC, 0x00, 0x00, 0x07,
    0xFF, 0xFF, 0x40, 0x00, 0x00, 0x00, 0x55, 0x40, 0x00, 0x00, 0x00, 0x00, 0x0B, 0x40, 0x00, 0x00,
    0x03, 0xFC, 0x00, 0x00, 0x00, 0xFF, 0x80, 0x00, 0x00, 0x3F, 0xE0, 0x00, 0x00, 0x0F, 0xE0, 0x00,
    0x00, 0x01, 0xD0, 0x00, 0x00, 0x00, 0x00, 0x00, 0x00, 0x00, 0x00, 0x00, 0x00, 0x00, 0x00, 0xBF,
    0xFF, 0xE0, 0x00, 0x0F, 0xFF, 0xFF, 0x00, 0x00, 0xFF, 0xFF, 0xF0, 0x00, 0x00, 0x00, 0x00, 0x00,
    0x00, 0x00, 0x00, 0x00, 0x00, 0x00, 0x00, 0x00, 0x00, 0x00, 0x01, 0x54, 0x00, 0x00, 0x07, 0xFF,
    0xFD, 0x00, 0x02, 0xFF, 0xFF, 0xFC, 0x00, 0xBF, 0x40, 0x3F, 0xF0, 0x1F, 0xE0, 0x00, 0xFF, 0x43,
    0xFC, 0x00, 0x07, 0xFC, 0x3F, 0x80, 0x00, 0x3F, 0xC7, 0xF8, 0x00, 0x03, 0xFD, 0x7F, 0x80, 0x00,
    0x2F, 0xDB, 0xF8, 0x00, 0x02, 0xFD, 0xBF, 0x80, 0x00, 0x2F, 0xD7, 0xF8, 0x00, 0x02, 0xFD, 0x7F,
    0xC0, 0x00, 0x3F, 0xC3, 0xFD, 0x00, 0x03, 0xF8, 0x2F, 0xF0, 0x00, 0xBF, 0x00, 0xFF, 0xC0, 0x2F,
    0xE0, 0x03, 0xFF, 0xFF, 0xF8, 0x00, 0x0B, 0xFF, 0xFD, 0x00, 0x00, 0x01, 0x54, 0x00, 0x00, 0x15,
    0x55, 0x55, 0x00, 0x00, 0x00, 0xFF, 0xFF, 0xFF, 0xF4, 0x00, 0x02, 0xBF, 0xFA, 0xFF, 0xFC, 0x00,
    0x00, 0x7F, 0xC0, 0x0F, 0xFC, 0x00, 0x01, 0xFF, 0x00, 0x0F, 0xF8, 0x00, 0x07, 0xFC, 0x00, 0x2F,
    0xF0, 0x00, 0x1F, 0xF0, 0x00, 0x7F, 0xC0, 0x00, 0x7F, 0xC0, 0x01, 0xFF, 0x00, 0x01, 0xFF, 0x00,
    0x0B, 0xF8, 0x00, 0x07, 0xFC, 0x00, 0x3F, 0xC0, 0x00, 0x1F, 0xF0, 0x03, 0xFC, 0x00, 0x00, 0x7F,
    0xD6, 0xBF, 0x80, 0x00, 0x01, 0xFF, 0xFF, 0xE0, 0x00, 0x00, 0x07, 0xFD, 0x6F, 0xE0, 0x00, 0x00,
    0x1F, 0xF0, 0x2F, 0xF0, 0x00, 0x00, 0x7F, 0xC0, 0x3F, 0xD0, 0x00, 0x01, 0xFF, 0x00, 0xBF, 0xC0,
    0x00, 0x07, 0xFC, 0x00, 0xFF, 0x40, 0x00, 0x1F, 0xF0, 0x03, 0xFE, 0x00, 0x00, 0x7F, 0xC0, 0x07,
    0xFC, 0x00, 0x01, 0xFF, 0x00, 0x0F, 0xF8, 0x00, 0x0B, 0xFC, 0x00, 0x2F, 0xF4, 0x03, 0xFF, 0xFF,
    0xC0, 0x3F, 0xFF, 0x4F, 0xFF, 0xFF, 0x00, 0x3F, 0xFC, 0x00, 0x00, 0x00, 0x00, 0x15, 0x40, 0x00,
    0x00, 0x00, 0x00, 0x00, 0x00, 0x00, 0x00, 0xA4, 0x00, 0x00, 0x00, 0x00, 0x0F, 0xF8, 0x00, 0x00,
    0x00, 0x00, 0x3F, 0xF0, 0x00, 0x00, 0x00, 0x00, 0xFF, 0xC0, 0x00, 0x00, 0x00, 0x01, 0xFC, 0x00,
    0x00, 0x00, 0x00, 0x00, 0x00, 0x00, 0x00, 0x00, 0x00, 0x05, 0x40, 0x7F, 0xF0, 0x7F, 0xF4, 0xBF,
    0xF5, 0xFF, 0xFC, 0x0B, 0xFB, 0xD3, 0xFC, 0x03, 0xFF, 0x03, 0xFC, 0x03, 0xFD, 0x07, 0xFC, 0x03,
    0xFC, 0x01, 0xA0, 0x03, 0xFC, 0x00, 0x00, 0x03, 0xFC, 0x00, 0x00, 0x03, 0xFC, 0x00, 0x00, 0x03,
    0xFC, 0x00, 0x00, 0x03, 0xFC, 0x00, 0x00, 0x03, 0xFC, 0x00, 0x00, 0x03, 0xFC, 0x00, 0x00, 0x03,
    0xFC, 0x00, 0x00, 0x03, 0xFD, 0x00, 0x00, 0x3F, 0xFF, 0xF4, 0x00, 0x7F, 0xFF, 0xF4, 0x00, 0x00,
    0x00, 0x00, 0x00, 0x00, 0x00, 0x00, 0x00, 0x00, 0xA4, 0x00, 0x00, 0x03, 0xFE, 0x00, 0x00, 0x03,
    0xFF, 0x00, 0x00, 0x03, 0xFE, 0x00, 0x00, 0x01, 0xFC, 0x00, 0x00, 0x00, 0x00, 0x00, 0x00, 0x00,
    0x15, 0x55, 0x54, 0x00, 0x00, 0x00, 0xFF, 0xFF, 0xF0, 0x00, 0x00, 0x03, 0xFF, 0xFF, 0xC0, 0x00,
    0x00, 0x05, 0x55, 0x55, 0x00, 0x00, 0x00, 0x00, 0x00, 0x00, 0x00, 0x00, 0x00, 0x00, 0x00, 0x00,
    0x00, 0x01, 0x55, 0x55, 0x50, 0x00, 0x00, 0x0F, 0xFF, 0xFF, 0xFF, 0x40, 0x00, 0x2B, 0xFF, 0xAF,
    0xFF, 0xC0, 0x00, 0x07, 0xFC, 0x00, 0xFF, 0xC0, 0x00, 0x1F, 0xF0, 0x00, 0xFF, 0x80, 0x00, 0x7F,
    0xC0, 0x02, 0xFF, 0x00, 0x01, 0xFF, 0x00, 0x07, 0xFC, 0x00, 0x07, 0xFC, 0x00, 0x1F, 0xF0, 0x00,
    0x1F, 0xF0, 0x00, 0xBF, 0x80, 0x00, 0x7F, 0xC0, 0x03, 0xFC, 0x00, 0x01, 0xFF, 0x00, 0x3F, 0xC0,
    0x00, 0x07, 0xFD, 0x6B, 0xF8, 0x00, 0x00, 0x1F, 0xFF, 0xFE, 0x00, 0x00, 0x00, 0x7F, 0xD6, 0xFE,
    0x00, 0x00, 0x01, 0xFF, 0x02, 0xFF, 0x00, 0x00, 0x07, 0xFC, 0x03, 0xFD, 0x00, 0x00, 0x1F, 0xF0,
    0x0B, 0xFC, 0x00, 0x00, 0x7F, 0xC0, 0x0F, 0xF4, 0x00, 0x01, 0xFF, 0x00, 0x3F, 0xE0, 0x00, 0x07,
    0xFC, 0x00, 0x7F, 0xC0, 0x00, 0x1F, 0xF0, 0x00, 0xFF, 0x80, 0x00, 0xBF, 0xC0, 0x02, 0xFF, 0x40,
    0x3F, 0xFF, 0xFC, 0x03, 0xFF, 0xF4, 0xFF, 0xFF, 0xF0, 0x03, 0xFF, 0xC0, 0x00, 0x00, 0x00, 0x01,
    0x54, 0x00, 0x00, 0x00, 0x00, 0x00, 0x00, 0x00, 0x00, 0x0A, 0x40, 0x00, 0x00, 0x00, 0x00, 0xFF,
    0x80, 0x00, 0x00, 0x00, 0x03, 0xFF, 0x00, 0x00, 0x00, 0x00, 0x0F, 0xFC, 0x00, 0x00, 0x00, 0x00,
    0x1F, 0xC0, 0x00, 0x00, 0x00, 0x00, 0x00, 0x00, 0x00, 0x00, 0x02, 0xFF, 0xFF, 0xC0, 0x03, 0xFF,
    0xFF, 0xC0, 0x02, 0xFF, 0xFF, 0xC0, 0x00, 0x00, 0x00, 0x00, 0x00, 0x00, 0x00, 0x00, 0x00, 0x00,
    0x00, 0x00, 0x00, 0x00, 0x05, 0x40, 0x7F, 0xF0, 0x7F, 0xF4, 0xBF, 0xF5, 0xFF, 0xFC, 0x0B, 0xFB,
    0xD3, 0xFC, 0x03, 0xFF, 0x03, 0xFC, 0x03, 0xFD, 0x07, 0xFC, 0x03, 0xFC, 0x01, 0xA0, 0x03, 0xFC,
    0x00, 0x00, 0x03, 0xFC, 0x00, 0x00, 0x03, 0xFC, 0x00, 0x00, 0x03, 0xFC, 0x00, 0x00, 0x03, 0xFC,
    0x00, 0x00, 0x03, 0xFC, 0x00, 0x00, 0x03, 0xFC, 0x00, 0x00, 0x03, 0xFC, 0x00, 0x00, 0x03, 0xFD,
    0x00, 0x00, 0x3F, 0xFF, 0xF4, 0x00, 0x7F, 0xFF, 0xF4, 0x00, 0x00, 0x00, 0x00, 0x00, 0x00, 0x00,
    0x00, 0x00, 0x00, 0xA4, 0x00, 0x00, 0x03, 0xFE, 0x00, 0x00, 0x03, 0xFF, 0x00, 0x00, 0x03, 0xFE,
    0x00, 0x00, 0x01, 0xFC, 0x00, 0x00, 0x00, 0x00, 0x00, 0x00, 0x15, 0x55, 0x55, 0x00, 0x00, 0x00,
    0xFF, 0xFF, 0xFF, 0xF4, 0x00, 0x02, 0xBF, 0xFA, 0xFF, 0xFC, 0x00, 0x00, 0x7F, 0xC0, 0x0F, 0xFC,
    0x00, 0x01, 0xFF, 0x00, 0x0F, 0xF8, 0x00, 0x07, 0xFC, 0x00, 0x2F, 0xF0, 0x00, 0x1F, 0xF0, 0x00,
    0x7F, 0xC0, 0x00, 0x7F, 0xC0, 0x01, 0xFF, 0x00, 0x01, 0xFF, 0x00, 0x0B, 0xF8, 0x00, 0x07, 0xFC,
    0x00, 0x3F, 0xC0, 0x00, 0x1F, 0xF0, 0x03, 0xFC, 0x00, 0x00, 0x7F, 0xD6, 0xBF, 0x80, 0x00, 0x01,
    0xFF, 0xFF, 0xE0, 0x00, 0x00, 0x07, 0xFD, 0x6F, 0xE0, 0x00, 0x00, 0x1F, 0xF0, 0x2F, 0xF0, 0x00,
    0x00, 0x7F, 0xC0, 0x3F, 0xD0, 0x00, 0x01, 0xFF, 0x00, 0xBF, 0xC0, 0x00, 0x07, 0xFC, 0x00, 0xFF,
    0x40, 0x00, 0x1F, 0xF0, 0x03, 0xFE, 0x00, 0x00, 0x7F, 0xC0, 0x07, 0xFC, 0x00, 0x01, 0xFF, 0x00,
    0x0F, 0xF8, 0x00, 0x0B, 0xFC, 0x00, 0x2F, 0xF4, 0x03, 0xFF, 0xFF, 0xC0, 0x3F, 0xFF, 0x4F, 0xFF,
    0xFF, 0x00, 0x3F, 0xFC, 0x00, 0x00, 0x00, 0x00, 0x15, 0x40, 0x00, 0x00, 0x00, 0x00, 0x00, 0x00,
    0x00, 0x00, 0x00, 0x00, 0x00, 0x00, 0x02, 0xFF, 0xFF, 0xC0, 0x00, 0x00, 0x0B, 0xFF, 0xFF, 0x00,
    0x00, 0x00, 0x1A, 0xAA, 0xA8, 0x00, 0x00, 0x00, 0x00, 0x05, 0x40, 0x7F, 0xF0, 0x7F, 0xF4, 0xBF,
    0xF5, 0xFF, 0xFC, 0x0B, 0xFB, 0xD3, 0xFC, 0x03, 0xFF, 0x03, 0xFC, 0x03, 0xFD, 0x07, 0xFC, 0x03,
    0xFC, 0x01, 0xA0, 0x03, 0xFC, 0x00, 0x00, 0x03, 0xFC, 0x00, 0x00, 0x03, 0xFC, 0x00, 0x00, 0x03,
    0xFC, 0x00, 0x00, 0x03, 0xFC, 0x00, 0x00, 0x03, 0xFC, 0x00, 0x00, 0x03, 0xFC, 0x00, 0x00, 0x03,
    0xFC, 0x00, 0x00, 0x03, 0xFD, 0x00, 0x00, 0x3F, 0xFF, 0xF4, 0x00, 0x7F, 0xFF, 0xF4, 0x00, 0x00,
    0x00, 0x00, 0x00, 0x00, 0x00, 0x00, 0x00, 0x00, 0x00, 0x00, 0x00, 0xBF, 0xFF, 0xF0, 0x00, 0xBF,
    0xFF, 0xF0, 0x00, 0x6A, 0xAA, 0xA0, 0x00, 0x00, 0x00, 0x60, 0x00, 0x00, 0x00, 0x3F, 0xC0, 0x00,
    0x00, 0x07, 0xFE, 0x00, 0x00, 0x00, 0x7F, 0xE0, 0x00, 0x00, 0x03, 0xFC, 0x00, 0x00, 0x00, 0x00,
    0x00, 0x00, 0x00, 0x00, 0x00, 0x00, 0x00, 0x00, 0xAF, 0x90, 0xB0, 0x00, 0xBF, 0xFF, 0xDF, 0x00,
    0x3F, 0xE5, 0xBF, 0xF4, 0x0B, 0xF0, 0x00, 0xBF, 0x40, 0xFD, 0x00, 0x02, 0xF4, 0x1F, 0xD0, 0x00,
    0x0F, 0x82, 0xFD, 0x00, 0x00, 0xB8, 0x2F, 0xF0, 0x00, 0x01, 0x01, 0xFF, 0x80, 0x00, 0x00, 0x0F,
    0xFF, 0x80, 0x00, 0x00, 0x7F, 0xFF, 0xD0, 0x00, 0x02, 0xFF, 0xFF, 0xE0, 0x00, 0x07, 0xFF, 0xFF,
    0xD0, 0x00, 0x02, 0xFF, 0xFF, 0x00, 0x00, 0x01, 0xBF, 0xFC, 0x00, 0x00, 0x00, 0xFF, 0xC0, 0x00,
    0x00, 0x03, 0xFD, 0x3C, 0x00, 0x00, 0x2F, 0xD3, 0xE0, 0x00, 0x02, 0xFC, 0x3F, 0x40, 0x00, 0x2F,
    0xC3, 0xFD, 0x00, 0x03, 0xF8, 0x3F, 0xF8, 0x01, 0xFF, 0x03, 0xEF, 0xFF, 0xFF, 0xC0, 0x2C, 0x2F,
    0xFF, 0xE0, 0x00, 0x00, 0x05, 0x50, 0x00, 0x00, 0x00, 0x00, 0x00, 0x03, 0xFC, 0x00, 0x00, 0xBF,
    0xD0, 0x00, 0x0B, 0xFE, 0x00, 0x00, 0x3F, 0xC0, 0x00, 0x00, 0x50, 0x00, 0x00, 0x00, 0x00, 0x00,
    0x00, 0x00, 0x00, 0x00, 0x15, 0x01, 0x40, 0x2F, 0xFF, 0xB8, 0x0F, 0xFA, 0xFF, 0xC2, 0xF8, 0x01,
    0xFC, 0x3F, 0x00, 0x0B, 0xC3, 0xF4, 0x00, 0x3C, 0x3F, 0xD0, 0x00, 0x03, 0xFF, 0xE4, 0x00, 0x0F,
    0xFF, 0xF8, 0x00, 0x3F, 0xFF, 0xF4, 0x00, 0x6F, 0xFF, 0xC0, 0x00, 0x0B, 0xFD, 0x14, 0x00, 0x0F,
    0xE7, 0xC0, 0x00, 0xBE, 0x7E, 0x00, 0x0F, 0xD3, 0xF8, 0x01, 0xFC, 0x3F, 0xFE, 0xFF, 0x43, 0xEF,
    0xFF, 0xC0, 0x14, 0x15, 0x40, 0x00, 0x00, 0x0A, 0xF9, 0x0B, 0x00, 0x0B, 0xFF, 0xFD, 0xF0, 0x03,
    0xFE, 0x5B, 0xFF, 0x40, 0xBF, 0x00, 0x0B, 0xF4, 0x0F, 0xD0, 0x00, 0x2F, 0x41, 0xFD, 0x00, 0x00,
    0xF8, 0x2F, 0xD0, 0x00, 0x0B, 0x82, 0xFF, 0x00, 0x00, 0x10, 0x1F, 0xF8, 0x00, 0x00, 0x00, 0xFF,
    0xF8, 0x00, 0x00, 0x07, 0xFF, 0xFD, 0x00, 0x00, 0x2F, 0xFF, 0xFE, 0x00, 0x00, 0x7F, 0xFF, 0xFD,
    0x00, 0x00, 0x2F, 0xFF, 0xF0, 0x00, 0x00, 0x1B, 0xFF, 0xC0, 0x00, 0x00, 0x0F, 0xFC, 0x00, 0x00,
    0x00, 0x3F, 0xD3, 0xC0, 0x00, 0x02, 0xFD, 0x3E, 0x00, 0x00, 0x2F, 0xC3, 0xF4, 0x00, 0x02, 0xFC,
    0x3F, 0xD0, 0x00, 0x3F, 0x83, 0xFF, 0x80, 0x1F, 0xF0, 0x3E, 0xFF, 0xFF, 0xFC, 0x02, 0xC2, 0xFF,
    0xFE, 0x00, 0x00, 0x00, 0x55, 0x00, 0x00, 0x00, 0x00, 0x00, 0x00, 0x00, 0x00, 0xA4, 0x00, 0x00,
    0x00, 0x3F, 0xD0, 0x00, 0x00, 0x07, 0xFF, 0x00, 0x00, 0x00, 0x3F, 0xE0, 0x00, 0x00, 0x02, 0xFC,
    0x00, 0x00, 0x00, 0x00, 0x00, 0x00, 0x00, 0x15, 0x01, 0x40, 0x2F, 0xFF, 0xB8, 0x0F, 0xFA, 0xFF,
    0xC2, 0xF8, 0x01, 0xFC, 0x3F, 0x00, 0x0B, 0xC3, 0xF4, 0x00, 0x3C, 0x3F, 0xD0, 0x00, 0x03, 0xFF,
    0xE4, 0x00, 0x0F, 0xFF, 0xF8, 0x00, 0x3F, 0xFF, 0xF4, 0x00, 0x6F, 0xFF, 0xC0, 0x00, 0x0B, 0xFD,
    0x14, 0x00, 0x0F, 0xE7, 0xC0, 0x00, 0xBE, 0x7E, 0x00, 0x0F, 0xD3, 0xF8, 0x01, 0xFC, 0x3F, 0xFE,
    0xFF, 0x43, 0xEF, 0xFF, 0xC0, 0x14, 0x15, 0x40, 0x00, 0x00, 0x00, 0x00, 0x00, 0x0A, 0x40, 0x00,
    0x03, 0xFD, 0x00, 0x00, 0x7F, 0xE0, 0x00, 0x07, 0xFD, 0x00, 0x00, 0x2F, 0xC0, 0x00, 0x00, 0x00,
    0x00, 0x00, 0x01, 0x90, 0x00, 0x00, 0x00, 0x7F, 0xC0, 0x00, 0x00, 0x0F, 0xFC, 0x00, 0x00, 0x00,
    0xFF, 0xC0, 0x00, 0x00, 0x07, 0xF8, 0x00, 0x00, 0x00, 0x00, 0x00, 0x00, 0x00, 0x00, 0x07, 0x80,
    0x00, 0x00, 0x01, 0xFC, 0x00, 0x00, 0x00, 0xBF, 0xC0, 0x00, 0x00, 0x2F, 0xF4, 0x00, 0x00, 0x0B,
    0xE4, 0x00, 0x00, 0x00, 0xE0, 0x00, 0x00, 0x00, 0x00, 0x00, 0x00, 0x00, 0x00, 0xAF, 0x90, 0xB0,
    0x00, 0xBF, 0xFF, 0xDF, 0x00, 0x3F, 0xE5, 0xBF, 0xF4, 0x0B, 0xF0, 0x00, 0xBF, 0x40, 0xFD, 0x00,
    0x02, 0xF4, 0x1F, 0xD0, 0x00, 0x0F, 0x82, 0xFD, 0x00, 0x00, 0xB8, 0x2F, 0xF0, 0x00, 0x01, 0x01,
    0xFF, 0x80, 0x00, 0x00, 0x0F, 0xFF, 0x80, 0x00, 0x00, 0x7F, 0xFF, 0xD0, 0x00, 0x02, 0xFF, 0xFF,
    0xE0, 0x00, 0x07, 0xFF, 0xFF, 0xD0, 0x00, 0x02, 0xFF, 0xFF, 0x00, 0x00, 0x01, 0xBF, 0xFC, 0x00,
    0x00, 0x00, 0xFF, 0xC0, 0x00, 0x00, 0x03, 0xFD, 0x3C, 0x00, 0x00, 0x2F, 0xD3, 0xE0, 0x00, 0x02,
    0xFC, 0x3F, 0x40, 0x00, 0x2F, 0xC3, 0xFD, 0x00, 0x03, 0xF8, 0x3F, 0xF8, 0x01, 0xFF, 0x03, 0xEF,
    0xFF, 0xFF, 0xC0, 0x2C, 0x2F, 0xFF, 0xE0, 0x00, 0x00, 0x05, 0x50, 0x00, 0x00, 0x19, 0x00, 0x00,
    0x07, 0xFC, 0x00, 0x00, 0xBF, 0xD0, 0x00, 0x0B, 0xFD, 0x00, 0x00, 0x3F, 0x80, 0x00, 0x00, 0x00,
    0x00, 0x00, 0x00, 0x7C, 0x00, 0x00, 0x0F, 0xD0, 0x00, 0x03, 0xFD, 0x00, 0x00, 0xBF, 0x40, 0x00,
    0x1F, 0xC0, 0x00, 0x03, 0xD0, 0x00, 0x00, 0x10, 0x00, 0x00, 0x00, 0x00, 0x00, 0x00, 0x15, 0x01,
    0x40, 0x2F, 0xFF, 0xB8, 0x0F, 0xFA, 0xFF, 0xC2, 0xF8, 0x01, 0xFC, 0x3F, 0x00, 0x0B, 0xC3, 0xF4,
    0x00, 0x3C, 0x3F, 0xD0, 0x00, 0x03, 0xFF, 0xE4, 0x00, 0x0F, 0xFF, 0xF8, 0x00, 0x3F, 0xFF, 0xF4,
    0x00, 0x6F, 0xFF, 0xC0, 0x00, 0x0B, 0xFD, 0x14, 0x00, 0x0F, 0xE7, 0xC0, 0x00, 0xBE, 0x7E, 0x00,
    0x0F, 0xD3, 0xF8, 0x01, 0xFC, 0x3F, 0xFE, 0xFF, 0x43, 0xEF, 0xFF, 0xC0, 0x14, 0x15, 0x40, 0x00,
    0x00, 0x00, 0x60, 0x00, 0x00, 0x00, 0x3F, 0xD0, 0x00, 0x00, 0x07, 0xFE, 0x00, 0x00, 0x00, 0x7F,
    0xE0, 0x00, 0x00, 0x02, 0xFC, 0x00, 0x00, 0x04, 0x00, 0x01, 0x00, 0x01, 0xF0, 0x00, 0xB4, 0x00,
    0x0B, 0xE0, 0xBE, 0x00, 0x00, 0x3F, 0xFF, 0xC0, 0x00, 0x00, 0xFF, 0xF0, 0x00, 0x00, 0x03, 0xFC,
    0x00, 0x00, 0x00, 0x0F, 0x00, 0x00, 0x00, 0x00, 0x00, 0x00, 0x00, 0x00, 0xAF, 0x90, 0xB0, 0x00,
    0xBF, 0xFF, 0xDF, 0x00, 0x3F, 0xE5, 0xBF, 0xF4, 0x0B, 0xF0, 0x00, 0xBF, 0x40, 0xFD, 0x00, 0x02,
    0xF4, 0x1F, 0xD0, 0x00, 0x0F, 0x82, 0xFD, 0x00, 0x00, 0xB8, 0x2F, 0xF0, 0x00, 0x01, 0x01, 0xFF,
    0x80, 0x00, 0x00, 0x0F, 0xFF, 0x80, 0x00, 0x00, 0x7F, 0xFF, 0xD0, 0x00, 0x02, 0xFF, 0xFF, 0xE0,
    0x00, 0x07, 0xFF, 0xFF, 0xD0, 0x00, 0x02, 0xFF, 0xFF, 0x00, 0x00, 0x01, 0xBF, 0xFC, 0x00, 0x00,
    0x00, 0xFF, 0xC0, 0x00, 0x00, 0x03, 0xFD, 0x3C, 0x00, 0x00, 0x2F, 0xD3, 0xE0, 0x00, 0x02, 0xFC,
    0x3F, 0x40, 0x00, 0x2F, 0xC3, 0xFD, 0x00, 0x03, 0xF8, 0x3F, 0xF8, 0x01, 0xFF, 0x03, 0xEF, 0xFF,
    0xFF, 0xC0, 0x2C, 0x2F, 0xFF, 0xE0, 0x00, 0x00, 0x05, 0x50, 0x00, 0x00, 0x0A, 0x00, 0x00, 0x03,
    0xFC, 0x00, 0x00, 0xBF, 0xE0, 0x00, 0x07, 0xFD, 0x00, 0x00, 0x3F, 0xC0, 0x00, 0x00, 0x00, 0x00,
    0x0E, 0x00, 0x0B, 0x00, 0xBC, 0x03, 0xE0, 0x03, 0xF1, 0xFC, 0x00, 0x1F, 0xFF, 0x00, 0x00, 0xBF,
    0xD0, 0x00, 0x02, 0xF8, 0x00, 0x00, 0x0A, 0x00, 0x00, 0x00, 0x00, 0x00, 0x00, 0x15, 0x01, 0x40,
    0x2F, 0xFF, 0xB8, 0x0F, 0xFA, 0xFF, 0xC2, 0xF8, 0x01, 0xFC, 0x3F, 0x00, 0x0B, 0xC3, 0xF4, 0x00,
    0x3C, 0x3F, 0xD0, 0x00, 0x03, 0xFF, 0xE4, 0x00, 0x0F, 0xFF, 0xF8, 0x00, 0x3F, 0xFF, 0xF4, 0x00,
    0x6F, 0xFF, 0xC0, 0x00, 0x0B, 0xFD, 0x14, 0x00, 0x0F, 0xE7, 0xC0, 0x00, 0xBE, 0x7E, 0x00, 0x0F,
    0xD3, 0xF8, 0x01, 0xFC, 0x3F, 0xFE, 0xFF, 0x43, 0xEF, 0xFF, 0xC0, 0x14, 0x15, 0x40, 0x00, 0x00,
    0x00, 0xA0, 0x00, 0x00, 0x00, 0x3F, 0xC0, 0x00, 0x00, 0x0B, 0xFE, 0x00, 0x00, 0x00, 0x7F, 0xD0,
    0x00, 0x00, 0x03, 0xFC, 0x00, 0x00, 0x00, 0x00, 0x00, 0x00, 0x00, 0x00, 0x00, 0x00, 0x00, 0x00,
    0xAF, 0x90, 0xB0, 0x00, 0xBF, 0xFF, 0xDF, 0x00, 0x3F, 0xE5, 0xBF, 0xF4, 0x0B, 0xF0, 0x00, 0xBF,
    0x40, 0xFD, 0x00, 0x02, 0xF4, 0x1F, 0xD0, 0x00, 0x0F, 0x82, 0xFD, 0x00, 0x00, 0xB8, 0x2F, 0xF0,
    0x00, 0x01, 0x01, 0xFF, 0x80, 0x00, 0x00, 0x0F, 0xFF, 0x80, 0x00, 0x00, 0x7F, 0xFF, 0xD0, 0x00,
    0x02, 0xFF, 0xFF, 0xE0, 0x00, 0x07, 0xFF, 0xFF, 0xD0, 0x00, 0x02, 0xFF, 0xFF, 0x00, 0x00, 0x01,
    0xBF, 0xFC, 0x00, 0x00, 0x00, 0xFF, 0xC0, 0x00, 0x00, 0x03, 0xFD, 0x3C, 0x00, 0x00, 0x2F, 0xD3,
    0xE0, 0x00, 0x02, 0xFC, 0x3F, 0x40, 0x00, 0x2F, 0xC3, 0xFD, 0x00, 0x03, 0xF8, 0x3F, 0xF8, 0x01,
    0xFF, 0x03, 0xEF, 0xFF, 0xFF, 0xC0, 0x2C, 0x2F, 0xFF, 0xE0, 0x00, 0x00, 0x05, 0x50, 0x00, 0x00,
    0x00, 0x00, 0x00, 0x00, 0x00, 0x0A, 0x40, 0x00, 0x00, 0x03, 0xFD, 0x00, 0x00, 0x00, 0x7F, 0xF0,
    0x00, 0x00, 0x03, 0xFE, 0x00, 0x00, 0x00, 0x2F, 0xC0, 0x00, 0x00, 0x00, 0x00, 0x00, 0x00, 0x00,
    0x05, 0x00, 0x00, 0x03, 0xFC, 0x00, 0x00, 0xBF, 0xD0, 0x00, 0x0B, 0xFD, 0x00, 0x00, 0x3F, 0xC0,
    0x00, 0x00, 0x50, 0x00, 0x00, 0x00, 0x00, 0x00, 0x00, 0x00, 0x00, 0x00, 0x15, 0x01, 0x40, 0x2F,
    0xFF, 0xB8, 0x0F, 0xFA, 0xFF, 0xC2, 0xF8, 0x01, 0xFC, 0x3F, 0x00, 0x0B, 0xC3, 0xF4, 0x00, 0x3C,
    0x3F, 0xD0, 0x00, 0x03, 0xFF, 0xE4, 0x00, 0x0F, 0xFF, 0xF8, 0x00, 0x3F, 0xFF, 0xF4, 0x00, 0x6F,
    0xFF, 0xC0, 0x00, 0x0B, 0xFD, 0x14, 0x00, 0x0F, 0xE7, 0xC0, 0x00, 0xBE, 0x7E, 0x00, 0x0F, 0xD3,
    0xF8, 0x01, 0xFC, 0x3F, 0xFE, 0xFF, 0x43, 0xEF, 0xFF, 0xC0, 0x14, 0x15, 0x40, 0x00, 0x00, 0x00,
    0x00, 0x00, 0x0A, 0x40, 0x00, 0x03, 0xFD, 0x00, 0x00, 0x7F, 0xE0, 0x00, 0x07, 0xFD, 0x00, 0x00,
    0x2F, 0xC0, 0x00, 0x00, 0x00, 0x00, 0x05, 0x55, 0x55, 0x55, 0x55, 0x40, 0xBF, 0xFF, 0xFF, 0xFF,
    0xFF, 0x43, 0xFF, 0xEB, 0xFF, 0xBF, 0xFE, 0x0F, 0xE0, 0x0B, 0xF4, 0x03, 0xFC, 0x7F, 0x00, 0x2F,
    0xD0, 0x03, 0xF1, 0xF4, 0x00, 0xBF, 0x40, 0x0B, 0xCB, 0xC0, 0x02, 0xFD, 0x00, 0x0F, 0x5A, 0x00,
    0x0B, 0xF4, 0x00, 0x38, 0x00, 0x00, 0x2F, 0xD0, 0x00, 0x00, 0x00, 0x00, 0xBF, 0x40, 0x00, 0x00,
    0x00, 0x02, 0xFD, 0x00, 0x00, 0x00, 0x00, 0x0B, 0xF4, 0x00, 0x00, 0x00, 0x00, 0x2F, 0xD0, 0x00,
    0x00, 0x00, 0x00, 0xBF, 0x40, 0x00, 0x00, 0x00, 0x02, 0xFD, 0x00, 0x00, 0x00, 0x00, 0x0B, 0xF4,
    0x00, 0x00, 0x00, 0x00, 0x2F, 0xD0, 0x00, 0x00, 0x00, 0x00, 0xBF, 0x40, 0x00, 0x00, 0x00, 0x02,
    0xFD, 0x00, 0x00, 0x00, 0x00, 0x0B, 0xF4, 0x00, 0x00, 0x00, 0x00, 0x2F, 0xD0, 0x00, 0x00, 0x00,
    0x01, 0xFF, 0x80, 0x00, 0x00, 0x01, 0xFF, 0xFF, 0xFC, 0x00, 0x00, 0x07, 0xFF, 0xFF, 0xF0, 0x00,
    0x00, 0x00, 0x00, 0x00, 0x00, 0x00, 0x00, 0x00, 0x00, 0x00, 0x00, 0x00, 0x00, 0x00, 0xA4, 0x00,
    0x00, 0x00, 0x00, 0x0F, 0xF8, 0x00, 0x00, 0x00, 0x00, 0x3F, 0xF0, 0x00, 0x00, 0x00, 0x00, 0xFF,
    0xC0, 0x00, 0x00, 0x00, 0x01, 0xFC, 0x00, 0x00, 0x00, 0x00, 0x00, 0x00, 0x00, 0x00, 0x00, 0xA4,
    0x00, 0x00, 0x3D, 0x00, 0x00, 0x1F, 0x40, 0x00, 0x0B, 0xD0, 0x00, 0x03, 0xF4, 0x00, 0x02, 0xFD,
    0x00, 0x0B, 0xFF, 0xFF, 0xE3, 0xFF, 0xFF, 0xF8, 0x5B, 0xF9, 0x54, 0x01, 0xFD, 0x00, 0x00, 0x7F,
    0x40, 0x00, 0x1F, 0xD0, 0x00, 0x07, 0xF4, 0x00, 0x01, 0xFD, 0x00, 0x00, 0x7F, 0x40, 0x00, 0x1F,
    0xD0, 0x00, 0x07, 0xF4, 0x00, 0x01, 0xFD, 0x00, 0x00, 0x7F, 0x80, 0x00, 0x1F, 0xE0, 0x00, 0x03,
    0xFE, 0x5B, 0x40, 0xBF, 0xFF, 0xC0, 0x0B, 0xFF, 0x80, 0x00, 0x15, 0x00, 0x00, 0x00, 0x00, 0x00,
    0x01, 0x90, 0x00, 0x02, 0xFE, 0x00, 0x00, 0xFF, 0xC0, 0x00, 0x3F, 0xF0, 0x00, 0x07, 0xF4, 0x00,
    0x00, 0x00, 0x00, 0x05, 0x55, 0x55, 0x55, 0x55, 0x40, 0xBF, 0xFF, 0xFF, 0xFF, 0xFF, 0x43, 0xFF,
    0xEB, 0xFF, 0xBF, 0xFE, 0x0F, 0xE0, 0x0B, 0xF4, 0x03, 0xFC, 0x7F, 0x00, 0x2F, 0xD0, 0x03, 0xF1,
    0xF4, 0x00, 0xBF, 0x40, 0x0B, 0xCB, 0xC0, 0x02, 0xFD, 0x00, 0x0F, 0x5A, 0x00, 0x0B, 0xF4, 0x00,
    0x38, 0x00, 0x00, 0x2F, 0xD0, 0x00, 0x00, 0x00, 0x00, 0xBF, 0x40, 0x00, 0x00, 0x00, 0x02, 0xFD,
    0x00, 0x00, 0x00, 0x00, 0x0B, 0xF4, 0x00, 0x00, 0x00, 0x00, 0x2F, 0xD0, 0x00, 0x00, 0x00, 0x00,
    0xBF, 0x40, 0x00, 0x00, 0x00, 0x02, 0xFD, 0x00, 0x00, 0x00, 0x00, 0x0B, 0xF4, 0x00, 0x00, 0x00,
    0x00, 0x2F, 0xD0, 0x00, 0x00, 0x00, 0x00, 0xBF, 0x40, 0x00, 0x00, 0x00, 0x02, 0xFD, 0x00, 0x00,
    0x00, 0x00, 0x0B, 0xF4, 0x00, 0x00, 0x00, 0x00, 0x2F, 0xD0, 0x00, 0x00, 0x00, 0x01, 0xFF, 0x80,
    0x00, 0x00, 0x01, 0xFF, 0xFF, 0xFC, 0x00, 0x00, 0x07, 0xFF, 0xFF, 0xF0, 0x00, 0x00, 0x00, 0x00,
    0x00, 0x00, 0x00, 0x00, 0x00, 0x00, 0x00, 0x00, 0x00, 0x00, 0x00, 0x00, 0x00, 0x00, 0x00, 0x02,
    0xFF, 0xFF, 0xC0, 0x00, 0x00, 0x0B, 0xFF, 0xFF, 0x00, 0x00, 0x00, 0x1A, 0xAA, 0xA8, 0x00, 0x00,
    0x00, 0xA4, 0x00, 0x00, 0x3D, 0x00, 0x00, 0x1F, 0x40, 0x00, 0x0B, 0xD0, 0x00, 0x03, 0xF4, 0x00,
    0x02, 0xFD, 0x00, 0x0B, 0xFF, 0xFF, 0xE3, 0xFF, 0xFF, 0xF8, 0x5B, 0xF9, 0x54, 0x01, 0xFD, 0x00,
    0x00, 0x7F, 0x40, 0x00, 0x1F, 0xD0, 0x00, 0x07, 0xF4, 0x00, 0x01, 0xFD, 0x00, 0x00, 0x7F, 0x40,
    0x00, 0x1F, 0xD0, 0x00, 0x07, 0xF4, 0x00, 0x01, 0xFD, 0x00, 0x00, 0x7F, 0x80, 0x00, 0x1F, 0xE0,
    0x00, 0x03, 0xFE, 0x5B, 0x40, 0xBF, 0xFF, 0xC0, 0x0B, 0xFF, 0x80, 0x00, 0x15, 0x00, 0x00, 0x00,
    0x00, 0x00, 0x00, 0x00, 0x00, 0x7F, 0xFF, 0xF4, 0x1F, 0xFF, 0xFD, 0x02, 0xAA, 0xAA, 0x00, 0x00,
    0x00, 0x00, 0x0F, 0x00, 0x00, 0x00, 0x00, 0x00, 0x0F, 0xE0, 0x00, 0x00, 0x00, 0x00, 0x0F, 0xF8,
    0x00, 0x00, 0x00, 0x00, 0x1F, 0xF8, 0x00, 0x00, 0x00, 0x00, 0x1F, 0xD0, 0x00, 0x00, 0x00, 0x00,
    0x07, 0x40, 0x00, 0x00, 0x00, 0x00, 0x00, 0x00, 0x00, 0x00, 0x00, 0x00, 0x00, 0x10, 0x00, 0x00,
    0x00, 0x00, 0x00, 0x7F, 0xD0, 0x24, 0x00, 0x00, 0x00, 0x3F, 0xFF, 0xBD, 0x00, 0x00, 0x00, 0x2E,
    0xBF, 0xFF, 0x00, 0x00, 0x00, 0x05, 0x01, 0xFF, 0x00, 0x00, 0x00, 0x00, 0x00, 0x00, 0x00, 0x00,
    0x00, 0x00, 0x00, 0x00, 0x00, 0x00, 0x01, 0x55, 0x55, 0x00, 0x05, 0x55, 0x52, 0xFF, 0xFF, 0xC0,
    0x03, 0xFF, 0xFD, 0x6F, 0xFF, 0xA0, 0x00, 0x6F, 0xFE, 0x00, 0xFF, 0x40, 0x00, 0x00, 0xF8, 0x00,
    0x2F, 0xD0, 0x00, 0x00, 0x3E, 0x00, 0x0B, 0xF4, 0x00, 0x00, 0x0F, 0x80, 0x02, 0xFD, 0x00, 0x00,
    0x03, 0xE0, 0x00, 0xBF, 0x40, 0x00, 0x00, 0xF8, 0x00, 0x2F, 0xD0, 0x00, 0x00, 0x3E, 0x00, 0x0B,
    0xF4, 0x00, 0x00, 0x0F, 0x80, 0x02, 0xFD, 0x00, 0x00, 0x03, 0xE0, 0x00, 0xBF, 0x40, 0x00, 0x00,
    0xF8, 0x00, 0x2F, 0xD0, 0x00, 0x00, 0x3E, 0x00, 0x0B, 0xF4, 0x00, 0x00, 0x0F, 0x80, 0x02, 0xFD,
    0x00, 0x00, 0x03, 0xE0, 0x00, 0xBF, 0x40, 0x00, 0x00, 0xF8, 0x00, 0x2F, 0xD0, 0x00, 0x00, 0x3D,
    0x00, 0x0B, 0xF8, 0x00, 0x00, 0x1F, 0x40, 0x01, 0xFF, 0x00, 0x00, 0x0B, 0xC0, 0x00, 0x3F, 0xC0,
    0x00, 0x03, 0xE0, 0x00, 0x0B, 0xFC, 0x00, 0x03, 0xF4, 0x00, 0x00, 0xFF, 0xE5, 0x5B, 0xF8, 0x00,
    0x00, 0x0F, 0xFF, 0xFF, 0xF8, 0x00, 0x00, 0x00, 0xBF, 0xFF, 0xF4, 0x00, 0x00, 0x00, 0x00, 0x55,
    0x40, 0x00, 0x00, 0x00, 0x00, 0x02, 0xD0, 0x00, 0x00, 0x00, 0x03, 0xF8, 0x00, 0x00, 0x00, 0x03,
    0xFE, 0x00, 0x00, 0x00, 0x03, 0xFE, 0x00, 0x00, 0x00, 0x07, 0xF8, 0x00, 0x00, 0x00, 0x01, 0xD0,
    0x00, 0x00, 0x00, 0x00, 0x00, 0x00, 0x00, 0x00, 0x00, 0x2F, 0x80, 0x10, 0x00, 0x00, 0x2F, 0xFF,
    0x5E, 0x00, 0x00, 0x0F, 0xFF, 0xFF, 0x00, 0x00, 0x07, 0x02, 0xFF, 0x80, 0x00, 0x00, 0x00, 0x05,
    0x40, 0x00, 0x00, 0x00, 0x00, 0x00, 0x00, 0x00, 0x00, 0x00, 0x00, 0x00, 0x00, 0x00, 0x00, 0x00,
    0x00, 0x00, 0xFF, 0xF0, 0x03, 0xFF, 0xC0, 0x3F, 0xFC, 0x00, 0xFF, 0xF0, 0x01, 0xFF, 0x00, 0x07,
    0xFC, 0x00, 0x2F, 0xC0, 0x00, 0xFF, 0x00, 0x0B, 0xF0, 0x00, 0x3F, 0xC0, 0x02, 0xFC, 0x00, 0x0F,
    0xF0, 0x00, 0xBF, 0x00, 0x03, 0xFC, 0x00, 0x2F, 0xC0, 0x00, 0xFF, 0x00, 0x0B, 0xF0, 0x00, 0x3F,
    0xC0, 0x02, 0xFC, 0x00, 0x0F, 0xF0, 0x00, 0xBF, 0x00, 0x03, 0xFC, 0x00, 0x2F, 0xC0, 0x00, 0xFF,
    0x00, 0x0B, 0xF4, 0x00, 0x7F, 0xC0, 0x01, 0xFE, 0x00, 0x3F, 0xF0, 0x00, 0x3F, 0xE5, 0xBF, 0xFD,
    0x00, 0x0B, 0xFF, 0xFD, 0x7F, 0xF8, 0x00, 0xBF, 0xFD, 0x0F, 0xFE, 0x00, 0x01, 0x50, 0x00, 0x00,
    0x00, 0x00, 0x00, 0x50, 0x01, 0x40, 0x00, 0x00, 0x00, 0xBF, 0x42, 0xFD, 0x00, 0x00, 0x00, 0x3F,
    0xE0, 0xFF, 0x80, 0x00, 0x00, 0x0F, 0xF8, 0x3F, 0xE0, 0x00, 0x00, 0x01, 0xFC, 0x07, 0xF0, 0x00,
    0x00, 0x00, 0x00, 0x00, 0x00, 0x00, 0x00, 0x00, 0x00, 0x00, 0x00, 0x00, 0x00, 0x00, 0x01, 0x55,
    0x55, 0x40, 0x00, 0x00, 0x00, 0xFF, 0xFF, 0xF0, 0x00, 0x00, 0x00, 0x3F, 0xFF, 0xFC, 0x00, 0x00,
    0x00, 0x05, 0x55, 0x55, 0x00, 0x00, 0x00, 0x00, 0x00, 0x00, 0x00, 0x00, 0x00, 0x00, 0x00, 0x00,
    0x00, 0x00, 0x05, 0x55, 0x54, 0x00, 0x15, 0x55, 0x4B, 0xFF, 0xFF, 0x00, 0x0F, 0xFF, 0xF5, 0xBF,
    0xFE, 0x80, 0x01, 0xBF, 0xF8, 0x03, 0xFD, 0x00, 0x00, 0x03, 0xE0, 0x00, 0xBF, 0x40, 0x00, 0x00,
    0xF8, 0x00, 0x2F, 0xD0, 0x00, 0x00, 0x3E, 0x00, 0x0B, 0xF4, 0x00, 0x00, 0x0F, 0x80, 0x02, 0xFD,
    0x00, 0x00, 0x03, 0xE0, 0x00, 0xBF, 0x40, 0x00, 0x00, 0xF8, 0x00, 0x2F, 0xD0, 0x00, 0x00, 0x3E,
    0x00, 0x0B, 0xF4, 0x00, 0x00, 0x0F, 0x80, 0x02, 0xFD, 0x00, 0x00, 0x03, 0xE0, 0x00, 0xBF, 0x40,
    0x00, 0x00, 0xF8, 0x00, 0x2F, 0xD0, 0x00, 0x00, 0x3E, 0x00, 0x0B, 0xF4, 0x00, 0x00, 0x0F, 0x80,
    0x02, 0xFD, 0x00, 0x00, 0x03, 0xE0, 0x00, 0xBF, 0x40, 0x00, 0x00, 0xF4, 0x00, 0x2F, 0xE0, 0x00,
    0x00, 0x7D, 0x00, 0x07, 0xFC, 0x00, 0x00, 0x2F, 0x00, 0x00, 0xFF, 0x00, 0x00, 0x0F, 0x80, 0x00,
    0x2F, 0xF0, 0x00, 0x0F, 0xD0, 0x00, 0x03, 0xFF, 0x95, 0x6F, 0xE0, 0x00, 0x00, 0x3F, 0xFF, 0xFF,
    0xE0, 0x00, 0x00, 0x02, 0xFF, 0xFF, 0xD0, 0x00, 0x00, 0x00, 0x01, 0x55, 0x00, 0x00, 0x00, 0x00,
    0x05, 0x00, 0x14, 0x00, 0x00, 0x1F, 0xE0, 0x7F, 0x80, 0x00, 0x0F, 0xFC, 0x2F, 0xF0, 0x00, 0x02,
    0xFF, 0x0B, 0xFC, 0x00, 0x00, 0x3F, 0x40, 0xFD, 0x00, 0x00, 0x00, 0x00, 0x00, 0x00, 0x00, 0x00,
    0x00, 0x00, 0x00, 0x00, 0x00, 0x00, 0x00, 0x00, 0x00, 0x00, 0x2F, 0xFF, 0xFC, 0x00, 0x00, 0x0B,
    0xFF, 0xFF, 0x00, 0x00, 0x02, 0xFF, 0xFF, 0xC0, 0x00, 0x00, 0x00, 0x00, 0x00, 0x00, 0x00, 0x00,
    0x00, 0x00, 0x00, 0x00, 0x00, 0x00, 0x00, 0x00, 0x00, 0x00, 0x00, 0x00, 0x00, 0x00, 0xFF, 0xF0,
    0x03, 0xFF, 0xC0, 0x3F, 0xFC, 0x00, 0xFF, 0xF0, 0x01, 0xFF, 0x00, 0x07, 0xFC, 0x00, 0x2F, 0xC0,
    0x00, 0xFF, 0x00, 0x0B, 0xF0, 0x00, 0x3F, 0xC0, 0x02, 0xFC, 0x00, 0x0F, 0xF0, 0x00, 0xBF, 0x00,
    0x03, 0xFC, 0x00, 0x2F, 0xC0, 0x00, 0xFF, 0x00, 0x0B, 0xF0, 0x00, 0x3F, 0xC0, 0x02, 0xFC, 0x00,
    0x0F, 0xF0, 0x00, 0xBF, 0x00, 0x03, 0xFC, 0x00, 0x2F, 0xC0, 0x00, 0xFF, 0x00, 0x0B, 0xF4, 0x00,
    0x7F, 0xC0, 0x01, 0xFE, 0x00, 0x3F, 0xF0, 0x00, 0x3F, 0xE5, 0xBF, 0xFD, 0x00, 0x0B, 0xFF, 0xFD,
    0x7F, 0xF8, 0x00, 0xBF, 0xFD, 0x0F, 0xFE, 0x00, 0x01, 0x50, 0x00, 0x00, 0x00, 0x00, 0x00, 0x00,
    0x03, 0xC0, 0x00, 0x00, 0x00, 0x00, 0x00, 0x00, 0x00, 0x0B, 0xF0, 0x00, 0x00, 0x00, 0x00, 0x00,
    0x00, 0x00, 0x07, 0xFD, 0x00, 0x00, 0x00, 0x00, 0x00, 0x00, 0x00, 0x02, 0xFF, 0x40, 0x00, 0x00,
    0x00, 0x00, 0x00, 0x00, 0x00, 0x1F, 0xD0, 0x00, 0x00, 0x00, 0x00, 0x00, 0x00, 0x00, 0x01, 0x90,
    0x00, 0x00, 0x00, 0x00, 0x00, 0x00, 0x00, 0x00, 0x00, 0x00, 0x00, 0x00, 0x15, 0x55, 0x50, 0x00,
    0x15, 0x40, 0x00, 0x55, 0x55, 0x7F, 0xFF, 0xF0, 0x00, 0xBF, 0xC0, 0x00, 0xFF, 0xFF, 0x2F, 0xFF,
    0xA0, 0x00, 0xFF, 0xD0, 0x00, 0xBF, 0xFA, 0x03, 0xFE, 0x00, 0x00, 0xFF, 0xE0, 0x00, 0x0F, 0xC0,
    0x02, 0xFE, 0x00, 0x01, 0xFF, 0xF0, 0x00, 0x0F, 0xC0, 0x01, 0xFF, 0x00, 0x02, 0xFF, 0xF0, 0x00,
    0x0F, 0x80, 0x00, 0xFF, 0x00, 0x03, 0xEB, 0xF4, 0x00, 0x1F, 0x40, 0x00, 0xFF, 0x40, 0x03, 0xD7,
    0xF8, 0x00, 0x1F, 0x00, 0x00, 0xBF, 0x80, 0x07, 0xC3, 0xFC, 0x00, 0x2F, 0x00, 0x00, 0x7F, 0xC0,
    0x0B, 0xC2, 0xFD, 0x00, 0x3E, 0x00, 0x00, 0x3F, 0xC0, 0x0F, 0x81, 0xFE, 0x00, 0x3D, 0x00, 0x00,
    0x3F, 0xD0, 0x1F, 0x40, 0xFF, 0x00, 0x7C, 0x00, 0x00, 0x2F, 0xE0, 0x2F, 0x00, 0xFF, 0x00, 0xBC,
    0x00, 0x00, 0x1F, 0xE0, 0x3E, 0x00, 0xBF, 0x40, 0xF8, 0x00, 0x00, 0x0F, 0xF0, 0x3D, 0x00, 0x7F,
    0x80, 0xF4, 0x00, 0x00, 0x0F, 0xF0, 0x7C, 0x00, 0x3F, 0xC1, 0xF0, 0x00, 0x00, 0x0B, 0xF4, 0xBC,
    0x00, 0x2F, 0xD2, 0xF0, 0x00, 0x00, 0x07, 0xF8, 0xF8, 0x00, 0x1F, 0xE3, 0xE0, 0x00, 0x00, 0x03,
    0xFC, 0xF4, 0x00, 0x0F, 0xF3, 0xD0, 0x00, 0x00, 0x03, 0xFD, 0xF0, 0x00, 0x0F, 0xF7, 0xC0, 0x00,
    0x00, 0x02, 0xFF, 0xF0, 0x00, 0x0B, 0xFF, 0xC0, 0x00, 0x00, 0x01, 0xFF, 0xE0, 0x00, 0x07, 0xFF,
    0x80, 0x00, 0x00, 0x00, 0xFF, 0xD0, 0x00, 0x03, 0xFF, 0x40, 0x00, 0x00, 0x00, 0xFF, 0xC0, 0x00,
    0x02, 0xFF, 0x00, 0x00, 0x00, 0x00, 0x00, 0x00, 0x00, 0x00, 0x00, 0x00, 0x00, 0x00, 0x3C, 0x00,
    0x00, 0x00, 0x00, 0x00, 0x00, 0x2F, 0xC0, 0x00, 0x00, 0x00, 0x00, 0x00, 0x0B, 0xF8, 0x00, 0x00,
    0x00, 0x00, 0x00, 0x00, 0xBF, 0x40, 0x00, 0x00, 0x00, 0x00, 0x00, 0x07, 0xF0, 0x00, 0x00, 0x00,
    0x00, 0x00, 0x00, 0x2E, 0x00, 0x00, 0x00, 0x00, 0x00, 0x00, 0x01, 0x40, 0x00, 0x00, 0x00, 0x00,
    0x00, 0x00, 0x00, 0x00, 0x00, 0x00, 0x00, 0x00, 0x00, 0x00, 0x00, 0x00, 0x0B, 0xFF, 0xFC, 0x03,
    0xFD, 0x00, 0xFF, 0xFE, 0xFF, 0xFF, 0x00, 0xFF, 0xC0, 0x3F, 0xFF, 0x0F, 0xF8, 0x00, 0x7F, 0xF0,
    0x01, 0xFC, 0x01, 0xFE, 0x00, 0x2F, 0xFD, 0x00, 0x3C, 0x00, 0x3F, 0xC0, 0x0F, 0x7F, 0x80, 0x1F,
    0x00, 0x0B, 0xF4, 0x03, 0xCF, 0xF0, 0x0B, 0x80, 0x01, 0xFE, 0x01, 0xF2, 0xFC, 0x03, 0xD0, 0x00,
    0x3F, 0xC0, 0xF8, 0x7F, 0x40, 0xF0, 0x00, 0x0B, 0xF0, 0x3D, 0x0F, 0xE0, 0xB8, 0x00, 0x01, 0xFD,
    0x1F, 0x03, 0xFC, 0x3D, 0x00, 0x00, 0x3F, 0x8B, 0xC0, 0x7F, 0x0F, 0x00, 0x00, 0x0F, 0xF3, 0xE0,
    0x0F, 0xD7, 0xC0, 0x00, 0x01, 0xFD, 0xF4, 0x03, 0xFA, 0xD0, 0x00, 0x00, 0x3F, 0xFC, 0x00, 0xBF,
    0xF0, 0x00, 0x00, 0x0F, 0xFE, 0x00, 0x1F, 0xFC, 0x00, 0x00, 0x02, 0xFF, 0x40, 0x03, 0xFE, 0x00,
    0x00, 0x00, 0x3F, 0xC0, 0x00, 0xFF, 0x00, 0x00, 0x00, 0x00, 0x00, 0x00, 0x00, 0xB4, 0x00, 0x00,
    0x00, 0x00, 0x00, 0x00, 0x00, 0x03, 0xFC, 0x00, 0x00, 0x00, 0x00, 0x00, 0x00, 0x00, 0x0F, 0xF8,
    0x00, 0x00, 0x00, 0x00, 0x00, 0x00, 0x00, 0x3F, 0xE0, 0x00, 0x00, 0x00, 0x00, 0x00, 0x00, 0x00,
    0xFE, 0x00, 0x00, 0x00, 0x00, 0x00, 0x00, 0x00, 0x01, 0xD0, 0x00, 0x00, 0x00, 0x00, 0x00, 0x00,
    0x00, 0x00, 0x00, 0x00, 0x00, 0x00, 0x00, 0x15, 0x55, 0x50, 0x00, 0x15, 0x40, 0x00, 0x55, 0x55,
    0x7F, 0xFF, 0xF0, 0x00, 0xBF, 0xC0, 0x00, 0xFF, 0xFF, 0x2F, 0xFF, 0xA0, 0x00, 0xFF, 0xD0, 0x00,
    0xBF, 0xFA, 0x03, 0xFE, 0x00, 0x00, 0xFF, 0xE0, 0x00, 0x0F, 0xC0, 0x02, 0xFE, 0x00, 0x01, 0xFF,
    0xF0, 0x00, 0x0F, 0xC0, 0x01, 0xFF, 0x00, 0x02, 0xFF, 0xF0, 0x00, 0x0F, 0x80, 0x00, 0xFF, 0x00,
    0x03, 0xEB, 0xF4, 0x00, 0x1F, 0x40, 0x00, 0xFF, 0x40, 0x03, 0xD7, 0xF8, 0x00, 0x1F, 0x00, 0x00,
    0xBF, 0x80, 0x07, 0xC3, 0xFC, 0x00, 0x2F, 0x00, 0x00, 0x7F, 0xC0, 0x0B, 0xC2, 0xFD, 0x00, 0x3E,
    0x00, 0x00, 0x3F, 0xC0, 0x0F, 0x81, 0xFE, 0x00, 0x3D, 0x00, 0x00, 0x3F, 0xD0, 0x1F, 0x40, 0xFF,
    0x00, 0x7C, 0x00, 0x00, 0x2F, 0xE0, 0x2F, 0x00, 0xFF, 0x00, 0xBC, 0x00, 0x00, 0x1F, 0xE0, 0x3E,
    0x00, 0xBF, 0x40, 0xF8, 0x00, 0x00, 0x0F, 0xF0, 0x3D, 0x00, 0x7F, 0x80, 0xF4, 0x00, 0x00, 0x0F,
    0xF0, 0x7C, 0x00, 0x3F, 0xC1, 0xF0, 0x00, 0x00, 0x0B, 0xF4, 0xBC, 0x00, 0x2F, 0xD2, 0xF0, 0x00,
    0x00, 0x07, 0xF8, 0xF8, 0x00, 0x1F, 0xE3, 0xE0, 0x00, 0x00, 0x03, 0xFC, 0xF4, 0x00, 0x0F, 0xF3,
    0xD0, 0x00, 0x00, 0x03, 0xFD, 0xF0, 0x00, 0x0F, 0xF7, 0xC0, 0x00, 0x00, 0x02, 0xFF, 0xF0, 0x00,
    0x0B, 0xFF, 0xC0, 0x00, 0x00, 0x01, 0xFF, 0xE0, 0x00, 0x07, 0xFF, 0x80, 0x00, 0x00, 0x00, 0xFF,
    0xD0, 0x00, 0x03, 0xFF, 0x40, 0x00, 0x00, 0x00, 0xFF, 0xC0, 0x00, 0x02, 0xFF, 0x00, 0x00, 0x00,
    0x00, 0x00, 0x00, 0x00, 0x00, 0x00, 0x00, 0x00, 0x00, 0x00, 0x1E, 0x00, 0x00, 0x00, 0x00, 0x00,
    0x00, 0x0F, 0xD0, 0x00, 0x00, 0x00, 0x00, 0x00, 0x0F, 0xF0, 0x00, 0x00, 0x00, 0x00, 0x00, 0x0B,
    0xF4, 0x00, 0x00, 0x00, 0x00, 0x00, 0x07, 0xF0, 0x00, 0x00, 0x00, 0x00, 0x00, 0x03, 0xD0, 0x00,
    0x00, 0x00, 0x00, 0x00, 0x00, 0x40, 0x00, 0x00, 0x00, 0x00, 0x00, 0x00, 0x00, 0x00, 0x00, 0x00,
    0x00, 0x00, 0x00, 0x00, 0x00, 0x00, 0x00, 0x0B, 0xFF, 0xFC, 0x03, 0xFD, 0x00, 0xFF, 0xFE, 0xFF,
    0xFF, 0x00, 0xFF, 0xC0, 0x3F, 0xFF, 0x0F, 0xF8, 0x00, 0x7F, 0xF0, 0x01, 0xFC, 0x01, 0xFE, 0x00,
    0x2F, 0xFD, 0x00, 0x3C, 0x00, 0x3F, 0xC0, 0x0F, 0x7F, 0x80, 0x1F, 0x00, 0x0B, 0xF4, 0x03, 0xCF,
    0xF0, 0x0B, 0x80, 0x01, 0xFE, 0x01, 0xF2, 0xFC, 0x03, 0xD0, 0x00, 0x3F, 0xC0, 0xF8, 0x7F, 0x40,
    0xF0, 0x00, 0x0B, 0xF0, 0x3D, 0x0F, 0xE0, 0xB8, 0x00, 0x01, 0xFD, 0x1F, 0x03, 0xFC, 0x3D, 0x00,
    0x00, 0x3F, 0x8B, 0xC0, 0x7F, 0x0F, 0x00, 0x00, 0x0F, 0xF3, 0xE0, 0x0F, 0xD7, 0xC0, 0x00, 0x01,
    0xFD, 0xF4, 0x03, 0xFA, 0xD0, 0x00, 0x00, 0x3F, 0xFC, 0x00, 0xBF, 0xF0, 0x00, 0x00, 0x0F, 0xFE,
    0x00, 0x1F, 0xFC, 0x00, 0x00, 0x02, 0xFF, 0x40, 0x03, 0xFE, 0x00, 0x00, 0x00, 0x3F, 0xC0, 0x00,
    0xFF, 0x00, 0x00, 0x00, 0x00, 0x00, 0x05, 0x00, 0x14, 0x00, 0x00, 0x00, 0x00, 0x00, 0x00, 0x3F,
    0xC0, 0xFF, 0x00, 0x00, 0x00, 0x00, 0x00, 0x00, 0x7F, 0xD0, 0xFF, 0x40, 0x00, 0x00, 0x00, 0x00,
    0x00, 0x3F, 0xD0, 0xFF, 0x40, 0x00, 0x00, 0x00, 0x00, 0x00, 0x2F, 0x80, 0xBE, 0x00, 0x00, 0x00,
    0x00, 0x00, 0x00, 0x00, 0x00, 0x00, 0x00, 0x00, 0x00, 0x00, 0x00, 0x00, 0x00, 0x00, 0x00, 0x00,
    0x00, 0x00, 0x15, 0x55, 0x50, 0x00, 0x15, 0x40, 0x00, 0x55, 0x55, 0x7F, 0xFF, 0xF0, 0x00, 0xBF,
    0xC0, 0x00, 0xFF, 0xFF, 0x2F, 0xFF, 0xA0, 0x00, 0xFF, 0xD0, 0x00, 0xBF, 0xFA, 0x03, 0xFE, 0x00,
    0x00, 0xFF, 0xE0, 0x00, 0x0F, 0xC0, 0x02, 0xFE, 0x00, 0x01, 0xFF, 0xF0, 0x00, 0x0F, 0xC0, 0x01,
    0xFF, 0x00, 0x02, 0xFF, 0xF0, 0x00, 0x0F, 0x80, 0x00, 0xFF, 0x00, 0x03, 0xEB, 0xF4, 0x00, 0x1F,
    0x40, 0x00, 0xFF, 0x40, 0x03, 0xD7, 0xF8, 0x00, 0x1F, 0x00, 0x00, 0xBF, 0x80, 0x07, 0xC3, 0xFC,
    0x00, 0x2F, 0x00, 0x00, 0x7F, 0xC0, 0x0B, 0xC2, 0xFD, 0x00, 0x3E, 0x00, 0x00, 0x3F, 0xC0, 0x0F,
    0x81, 0xFE, 0x00, 0x3D, 0x00, 0x00, 0x3F, 0xD0, 0x1F, 0x40, 0xFF, 0x00, 0x7C, 0x00, 0x00, 0x2F,
    0xE0, 0x2F, 0x00, 0xFF, 0x00, 0xBC, 0x00, 0x00, 0x1F, 0xE0, 0x3E, 0x00, 0xBF, 0x40, 0xF8, 0x00,
    0x00, 0x0F, 0xF0, 0x3D, 0x00, 0x7F, 0x80, 0xF4, 0x00, 0x00, 0x0F, 0xF0, 0x7C, 0x00, 0x3F, 0xC1,
    0xF0, 0x00, 0x00, 0x0B, 0xF4, 0xBC, 0x00, 0x2F, 0xD2, 0xF0, 0x00, 0x00, 0x07, 0xF8, 0xF8, 0x00,
    0x1F, 0xE3, 0xE0, 0x00, 0x00, 0x03, 0xFC, 0xF4, 0x00, 0x0F, 0xF3, 0xD0, 0x00, 0x00, 0x03, 0xFD,
    0xF0, 0x00, 0x0F, 0xF7, 0xC0, 0x00, 0x00, 0x02, 0xFF, 0xF0, 0x00, 0x0B, 0xFF, 0xC0, 0x00, 0x00,
    0x01, 0xFF, 0xE0, 0x00, 0x07, 0xFF, 0x80, 0x00, 0x00, 0x00, 0xFF, 0xD0, 0x00, 0x03, 0xFF, 0x40,
    0x00, 0x00, 0x00, 0xFF, 0xC0, 0x00, 0x02, 0xFF, 0x00, 0x00, 0x00, 0x00, 0x00, 0x00, 0x00, 0x00,
    0x00, 0x00, 0x00, 0x01, 0xF8, 0x0B, 0xE0, 0x00, 0x00, 0x00, 0x00, 0xFF, 0x43, 0xFC, 0x00, 0x00,
    0x00, 0x00, 0x7F, 0xD1, 0xFF, 0x40, 0x00, 0x00, 0x00, 0x0F, 0xF0, 0x3F, 0xC0, 0x00, 0x00, 0x00,
    0x00, 0x50, 0x01, 0x40, 0x00, 0x00, 0x00, 0x00, 0x00, 0x00, 0x00, 0x00, 0x00, 0x00, 0x00, 0x00,
    0x00, 0x00, 0x00, 0x00, 0x00, 0x00, 0x00, 0x00, 0x00, 0x00, 0x00, 0x2F, 0xFF, 0xF0, 0x0F, 0xF4,
    0x03, 0xFF, 0xFB, 0xFF, 0xFC, 0x03, 0xFF, 0x00, 0xFF, 0xFC, 0x3F, 0xE0, 0x01, 0xFF, 0xC0, 0x07,
    0xF0, 0x07, 0xF8, 0x00, 0xBF, 0xF4, 0x00, 0xF0, 0x00, 0xFF, 0x00, 0x3D, 0xFE, 0x00, 0x7C, 0x00,
    0x2F, 0xD0, 0x0F, 0x3F, 0xC0, 0x2E, 0x00, 0x07, 0xF8, 0x07, 0xCB, 0xF0, 0x0F, 0x40, 0x00, 0xFF,
    0x03, 0xE1, 0xFD, 0x03, 0xC0, 0x00, 0x2F, 0xC0, 0xF4, 0x3F, 0x82, 0xE0, 0x00, 0x07, 0xF4, 0x7C,
    0x0F, 0xF0, 0xF4, 0x00, 0x00, 0xFE, 0x2F, 0x01, 0xFC, 0x3C, 0x00, 0x00, 0x3F, 0xCF, 0x80, 0x3F,
    0x5F, 0x00, 0x00, 0x07, 0xF7, 0xD0, 0x0F, 0xEB, 0x40, 0x00, 0x00, 0xFF, 0xF0, 0x02, 0xFF, 0xC0,
    0x00, 0x00, 0x3F, 0xF8, 0x00, 0x7F, 0xF0, 0x00, 0x00, 0x0B, 0xFD, 0x00, 0x0F, 0xF8, 0x00, 0x00,
    0x00, 0xFF, 0x00, 0x03, 0xFC, 0x00, 0x00, 0x00, 0x00, 0x01, 0x90, 0x00, 0x00, 0x00, 0x00, 0x07,
    0xFC, 0x00, 0x00, 0x00, 0x00, 0x0F, 0xFD, 0x00, 0x00, 0x00, 0x00, 0x0F, 0xFC, 0x00, 0x00, 0x00,
    0x00, 0x03, 0xF8, 0x00, 0x00, 0x00, 0x00, 0x00, 0x00, 0x00, 0x00, 0x00, 0x00, 0x00, 0x00, 0x00,
    0x00, 0x15, 0x55, 0x50, 0x01, 0x55, 0x54, 0x7F, 0xFF, 0xF4, 0x03, 0xFF, 0xFE, 0x2F, 0xFF, 0xE0,
    0x01, 0xBF, 0xF9, 0x03, 0xFF, 0x00, 0x00, 0x1F, 0x80, 0x00, 0xFF, 0x00, 0x00, 0x2F, 0x00, 0x00,
    0xBF, 0xC0, 0x00, 0x7D, 0x00, 0x00, 0x3F, 0xD0, 0x00, 0xFC, 0x00, 0x00, 0x1F, 0xF0, 0x01, 0xF4,
    0x00, 0x00, 0x0B, 0xF8, 0x03, 0xE0, 0x00, 0x00, 0x03, 0xFD, 0x0B, 0xC0, 0x00, 0x00, 0x01, 0xFF,
    0x0F, 0x40, 0x00, 0x00, 0x00, 0xFF, 0xBF, 0x00, 0x00, 0x00, 0x00, 0x3F, 0xFC, 0x00, 0x00, 0x00,
    0x00, 0x2F, 0xF8, 0x00, 0x00, 0x00, 0x00, 0x0F, 0xF0, 0x00, 0x00, 0x00, 0x00, 0x0F, 0xF0, 0x00,
    0x00, 0x00, 0x00, 0x0F, 0xF0, 0x00, 0x00, 0x00, 0x00, 0x0F, 0xF0, 0x00, 0x00, 0x00, 0x00, 0x0F,
    0xF0, 0x00, 0x00, 0x00, 0x00, 0x0F, 0xF0, 0x00, 0x00, 0x00, 0x00, 0x0F, 0xF0, 0x00, 0x00, 0x00,
    0x00, 0x1F, 0xF4, 0x00, 0x00, 0x00, 0x03, 0xFF, 0xFF, 0xC0, 0x00, 0x00, 0x03, 0xFF, 0xFF, 0xC0,
    0x00, 0x00, 0x00, 0x04, 0x00, 0x00, 0x00, 0x00, 0x7F, 0x40, 0x00, 0x00, 0x00, 0xFF, 0xC0, 0x00,
    0x00, 0x00, 0xFF, 0xC0, 0x00, 0x00, 0x00, 0xBF, 0x80, 0x00, 0x00, 0x00, 0x15, 0x00, 0x00, 0x00,
    0x00, 0x00, 0x00, 0x00, 0x00, 0x00, 0x00, 0x00, 0x00, 0x00, 0x00, 0x00, 0x00, 0x00, 0x7F, 0xFF,
    0xC0, 0xBF, 0xFD, 0x7F, 0xFF, 0xC0, 0xFF, 0xFD, 0x0B, 0xFC, 0x00, 0x0F, 0xE0, 0x03, 0xFC, 0x00,
    0x0B, 0xC0, 0x02, 0xFD, 0x00, 0x0F, 0x40, 0x01, 0xFF, 0x00, 0x1F, 0x00, 0x00, 0xFF, 0x00, 0x3E,
    0x00, 0x00, 0x7F, 0x80, 0x3C, 0x00, 0x00, 0x3F, 0xC0, 0xBC, 0x00, 0x00, 0x2F, 0xD0, 0xF4, 0x00,
    0x00, 0x0F, 0xF1, 0xF0, 0x00, 0x00, 0x0B, 0xF3, 0xD0, 0x00, 0x00, 0x07, 0xFF, 0xC0, 0x00, 0x00,
    0x03, 0xFF, 0x80, 0x00, 0x00, 0x01, 0xFF, 0x00, 0x00, 0x00, 0x00, 0xFF, 0x00, 0x00, 0x00, 0x00,
    0xBD, 0x00, 0x00, 0x00, 0x00, 0xBC, 0x00, 0x00, 0x00, 0x00, 0xF8, 0x00, 0x00, 0x09, 0x01, 0xF0,
    0x00, 0x00, 0x7F, 0x43, 0xE0, 0x00, 0x00, 0xBF, 0x4B, 0xC0, 0x00, 0x00, 0xBF, 0xAF, 0x40, 0x00,
    0x00, 0x3F, 0xFD, 0x00, 0x00, 0x00, 0x06, 0x90, 0x00, 0x00, 0x00, 0x05, 0x55, 0x55, 0x55, 0x54,
    0x2F, 0xFF, 0xFF, 0xFF, 0xFC, 0x2F, 0xFE, 0xAA, 0xAF, 0xFC, 0x2F, 0xD0, 0x00, 0x0F, 0xF4, 0x2F,
    0x40, 0x00, 0x3F, 0xE0, 0x3F, 0x00, 0x00, 0xBF, 0xC0, 0x3E, 0x00, 0x01, 0xFF, 0x40, 0x14, 0x00,
    0x03, 0xFE, 0x00, 0x00, 0x00, 0x0B, 0xFC, 0x00, 0x00, 0x00, 0x1F, 0xF0, 0x00, 0x00, 0x00, 0x3F,
    0xE0, 0x00, 0x00, 0x00, 0xFF, 0xC0, 0x00, 0x00, 0x01, 0xFF, 0x00, 0x00, 0x00, 0x03, 0xFD, 0x00,
    0x00, 0x00, 0x0F, 0xF8, 0x00, 0x00, 0x00, 0x2F, 0xF0, 0x00, 0x00, 0x00, 0x7F, 0xD0, 0x00, 0x00,
    0x00, 0xFF, 0x80, 0x00, 0x3D, 0x02, 0xFF, 0x00, 0x00, 0x7C, 0x07, 0xFD, 0x00, 0x00, 0xFC, 0x0F,
    0xF8, 0x00, 0x02, 0xFC, 0x3F, 0xF0, 0x00, 0x1B, 0xFC, 0x3F, 0xFF, 0xFF, 0xFF, 0xFC, 0x3F, 0xFF,
    0xFF, 0xFF, 0xFC, 0x00, 0x00, 0x00, 0x00, 0x00, 0x00, 0x00, 0x00, 0x00, 0x00, 0x00, 0x00, 0x68,
    0x00, 0x00, 0x00, 0x01, 0xFF, 0x00, 0x00, 0x00, 0x02, 0xFF, 0x40, 0x00, 0x00, 0x02, 0xFF, 0x40,
    0x00, 0x00, 0x00, 0xFE, 0x00, 0x00, 0x00, 0x00, 0x00, 0x00, 0x00, 0x7F, 0xFF, 0xFF, 0xF5, 0xFF,
    0xFF, 0xFF, 0xD7, 0xF4, 0x01, 0xFE, 0x2F, 0x40, 0x0F, 0xF0, 0xBC, 0x00, 0xFF, 0x42, 0xD0, 0x0B,
    0xF8, 0x00, 0x00, 0x7F, 0xC0, 0x00, 0x03, 0xFC, 0x00, 0x00, 0x2F, 0xD0, 0x00, 0x01, 0xFE, 0x00,
    0x00, 0x0F, 0xF0, 0x00, 0x00, 0xFF, 0x00, 0x1E, 0x0B, 0xF4, 0x00, 0xF8, 0x7F, 0x80, 0x07, 0xE3,
    0xFC, 0x00, 0x7F, 0xAF, 0xFF, 0xFF, 0xFD, 0xFF, 0xFF, 0xFF, 0xF4, 0x00, 0x00, 0x00, 0x00, 0x00,
    0x00, 0x00, 0x00, 0x02, 0x90, 0x00, 0x00, 0x3F, 0xE0, 0x00, 0x00, 0xFF, 0xC0, 0x00, 0x03, 0xFF,
    0x00, 0x00, 0x07, 0xF0, 0x00, 0x00, 0x00, 0x00, 0x00, 0x00, 0x00, 0x00, 0x03, 0xF0, 0x1F, 0xC0,
    0xFF, 0x83, 0xFE, 0x0F, 0xFC, 0x3F, 0xE0, 0xBF, 0x42, 0xFD, 0x01, 0x40, 0x05, 0x00, 0x00, 0x00,
    0x00, 0x00, 0x02, 0x90, 0x00, 0x00, 0x3D, 0x00, 0x00, 0x07, 0xD0, 0x00, 0x00, 0xBD, 0x00, 0x00,
    0x0F, 0xD0, 0x00, 0x02, 0xFD, 0x00, 0x02, 0xFF, 0xFF, 0xF8, 0x3F, 0xFF, 0xFF, 0x81, 0x6F, 0xE5,
    0x50, 0x01, 0xFD, 0x00, 0x00, 0x1F, 0xD0, 0x00, 0x01, 0xFD, 0x00, 0x00, 0x1F, 0xD0, 0x00, 0x01,
    0xFD, 0x00, 0x00, 0x1F, 0xD0, 0x00, 0x01, 0xFD, 0x00, 0x00, 0x1F, 0xD0, 0x00, 0x01, 0xFD, 0x00,
    0x00, 0x1F, 0xE0, 0x00, 0x01, 0xFE, 0x00, 0x00, 0x0F, 0xF9, 0x6D, 0x00, 0xBF, 0xFF, 0xC0, 0x02,
    0xFF, 0xE0, 0x00, 0x01, 0x50, 0x00, 0x00, 0x00, 0x6B, 0xF9, 0x40, 0x00, 0x00, 0x1F, 0xFF, 0xFF,
    0xE0, 0x00, 0x02, 0xFF, 0xAA, 0xFF, 0xF0, 0x00, 0x2F, 0xE0, 0x00, 0x3F, 0xC0, 0x00, 0xFF, 0x00,
    0x01, 0xFD, 0x00, 0x0B, 0xF4, 0x00, 0x0F, 0xF0, 0x00, 0x3F, 0xC0, 0x00, 0xBF, 0x40, 0x00, 0xFF,
    0x00, 0x03, 0xF8, 0x00, 0x03, 0xFC, 0x00, 0x2F, 0xC0, 0x00, 0x0F, 0xF0, 0x01, 0xFD, 0x00, 0x00,
    0x3F, 0xC0, 0x0F, 0xF0, 0x00, 0x00, 0xFF, 0x00, 0x3F, 0xFE, 0x40, 0x03, 0xFC, 0x00, 0xAA, 0xFF,
    0x80, 0x0F, 0xF0, 0x00, 0x00, 0xBF, 0x80, 0x3F, 0xC0, 0x00, 0x00, 0xFF, 0x40, 0xFF, 0x00, 0x00,
    0x01, 0xFE, 0x03, 0xFC, 0x00, 0x00, 0x07, 0xFC, 0x0F, 0xF0, 0x00, 0x00, 0x0F, 0xF0, 0x3F, 0xC2,
    0xC0, 0x00, 0x7F, 0x80, 0xFF, 0x0F, 0x80, 0x01, 0xFE, 0x03, 0xFC, 0x3F, 0x00, 0x0F, 0xF0, 0x1F,
    0xF0, 0xFF, 0x40, 0xBF, 0x8F, 0xFF, 0xC2, 0xFF, 0xFF, 0xF8, 0x3F, 0xFF, 0x0B, 0x6F, 0xFF, 0x80,
    0x00, 0x00, 0x00, 0x05, 0x50, 0x00, 0x00, 0x00, 0x01, 0x50, 0x00, 0x00, 0x00, 0x00, 0x03, 0xFF,
    0x00, 0x00, 0x00, 0x00, 0x00, 0xFF, 0xC0, 0x00, 0x00, 0x00, 0x00, 0xBF, 0xF8, 0x00, 0x00, 0x00,
    0x00, 0x3E, 0xFF, 0x00, 0x00, 0x00, 0x00, 0x1F, 0x2F, 0xD0, 0x00, 0x00, 0x00, 0x0B, 0xC7, 0xF8,
    0x00, 0x00, 0x00, 0x03, 0xD0, 0xFF, 0x00, 0x00, 0x00, 0x01, 0xF0, 0x2F, 0xD0, 0x00, 0x00, 0x00,
    0xB8, 0x07, 0xF8, 0x00, 0x00, 0x00, 0x3D, 0x00, 0xFF, 0x00, 0x00, 0x00, 0x1F, 0x00, 0x2F, 0xD0,
    0x00, 0x00, 0x0F, 0x80, 0x07, 0xF8, 0x00, 0x00, 0x03, 0xD0, 0x00, 0xFF, 0x00, 0x00, 0x02, 0xFA,
    0xAA, 0xBF, 0xD0, 0x00, 0x00, 0xFF, 0xFF, 0xFF, 0xFC, 0x00, 0x00, 0x3E, 0xAA, 0xAA, 0xFF, 0x00,
    0x00, 0x2F, 0x00, 0x00, 0x2F, 0xE0, 0x00, 0x0F, 0x80, 0x00, 0x07, 0xFC, 0x00, 0x07, 0xD0, 0x00,
    0x00, 0xFF, 0x00, 0x02, 0xF0, 0x00, 0x00, 0x2F, 0xE0, 0x01, 0xFC, 0x00, 0x00, 0x0B, 0xFD, 0x0B,
    0xFF, 0xF8, 0x00, 0x3F, 0xFF, 0xF2, 0xFF, 0xFE, 0x00, 0x0F, 0xFF, 0xFD, 0x00, 0x00, 0x00, 0x00,
    0x00, 0x00, 0x00, 0x00, 0x00, 0x00, 0x00, 0x00, 0x00, 0x00, 0x00, 0x68, 0x00, 0x00, 0x00, 0x00,
    0x00, 0x7F, 0xC0, 0x00, 0x00, 0x00, 0x00, 0x2F, 0xF4, 0x00, 0x00, 0x00, 0x00, 0x0B, 0xFD, 0x00,
    0x00, 0x00, 0x00, 0x00, 0xFE, 0x00, 0x00, 0x00, 0x00, 0x00, 0x00, 0x00, 0x00, 0x00, 0x00, 0x05,
    0x40, 0x00, 0x00, 0x2F, 0xFF, 0xE0, 0x00, 0x0F, 0xE5, 0xBF, 0x80, 0x03, 0xF0, 0x02, 0xFD, 0x00,
    0x3F, 0x40, 0x0F, 0xE0, 0x03, 0xF8, 0x00, 0xFF, 0x00, 0x2E, 0x00, 0x0F, 0xF0, 0x00, 0x00, 0x00,
    0xFF, 0x00, 0x00, 0x01, 0x5F, 0xF0, 0x00, 0x1B, 0xFF, 0xFF, 0x00, 0x0F, 0xFE, 0x5F, 0xF0, 0x03,
    0xFD, 0x00, 0xFF, 0x00, 0x3F, 0x80, 0x0F, 0xF0, 0x07, 0xF4, 0x00, 0xFF, 0x00, 0x7F, 0x80, 0x1F,
    0xF0, 0x03, 0xFD, 0x07, 0xFF, 0x40, 0x2F, 0xFF, 0xF7, 0xFF, 0xC0, 0xBF, 0xF8, 0x2F, 0xF8, 0x00,
    0x54, 0x00, 0x14, 0x00, 0x00, 0x00, 0x00, 0x00, 0x00, 0x06, 0x80, 0x00, 0x00, 0x01, 0xFF, 0x00,
    0x00, 0x00, 0x3F, 0xF4, 0x00, 0x00, 0x02, 0xFF, 0x00, 0x00, 0x00, 0x0F, 0xE0, 0x00, 0x00, 0x00,
    0x00, 0x00, 0x00, 0x00, 0x00, 0x01, 0x50, 0x00, 0x00, 0x00, 0x00, 0x0F, 0xFF, 0x80, 0x00, 0x00,
    0x00, 0x0F, 0x97, 0xF4, 0x00, 0x00, 0x00, 0x03, 0xF0, 0xBD, 0x00, 0x00, 0x00, 0x00, 0xA4, 0x3F,
    0x00, 0x00, 0x00, 0x00, 0x00, 0x7F, 0x80, 0x00, 0x00, 0x00, 0x00, 0x3F, 0x80, 0x00, 0x00, 0x00,
    0x00, 0x0F, 0x80, 0x00, 0x00, 0x00, 0x00, 0x00, 0x00, 0x00, 0x00, 0x00, 0x00, 0x00, 0x54, 0x00,
    0x00, 0x00, 0x00, 0x00, 0xFF, 0xC0, 0x00, 0x00, 0x00, 0x00, 0x3F, 0xF0, 0x00, 0x00, 0x00, 0x00,
    0x2F, 0xFE, 0x00, 0x00, 0x00, 0x00, 0x0F, 0xBF, 0xC0, 0x00, 0x00, 0x00, 0x07, 0xCB, 0xF4, 0x00,
    0x00, 0x00, 0x02, 0xF1, 0xFE, 0x00, 0x00, 0x00, 0x00, 0xF4, 0x3F, 0xC0, 0x00, 0x00, 0x00, 0x7C,
    0x0B, 0xF4, 0x00, 0x00, 0x00, 0x2E, 0x01, 0xFE, 0x00, 0x00, 0x00, 0x0F, 0x40, 0x3F, 0xC0, 0x00,
    0x00, 0x07, 0xC0, 0x0B, 0xF4, 0x00, 0x00, 0x03, 0xE0, 0x01, 0xFE, 0x00, 0x00, 0x00, 0xF4, 0x00,
    0x3F, 0xC0, 0x00, 0x00, 0xBE, 0xAA, 0xAF, 0xF4, 0x00, 0x00, 0x3F, 0xFF, 0xFF, 0xFF, 0x00, 0x00,
    0x0F, 0xAA, 0xAA, 0xBF, 0xC0, 0x00, 0x0B, 0xC0, 0x00, 0x0B, 0xF8, 0x00, 0x03, 0xE0, 0x00, 0x01,
    0xFF, 0x00, 0x01, 0xF4, 0x00, 0x00, 0x3F, 0xC0, 0x00, 0xBC, 0x00, 0x00, 0x0B, 0xF8, 0x00, 0x7F,
    0x00, 0x00, 0x02, 0xFF, 0x42, 0xFF, 0xFE, 0x00, 0x0F, 0xFF, 0xFC, 0xBF, 0xFF, 0x80, 0x03, 0xFF,
    0xFF, 0x40, 0x00, 0x00, 0x00, 0x00, 0x00, 0x07, 0xFF, 0x40, 0x00, 0x02, 0xF5, 0xFD, 0x00, 0x00,
    0x3F, 0x07, 0xE0, 0x00, 0x02, 0xF0, 0xBE, 0x00, 0x00, 0x00, 0x2F, 0xC0, 0x00, 0x00, 0x0B, 0xF0,
    0x00, 0x00, 0x00, 0xFC, 0x00, 0x00, 0x00, 0x0B, 0x80, 0x00, 0x00, 0x00, 0x00, 0x00, 0x00, 0x00,
    0x05, 0x40, 0x00, 0x00, 0x2F, 0xFF, 0xE0, 0x00, 0x0F, 0xE5, 0xBF, 0x80, 0x03, 0xF0, 0x02, 0xFD,
    0x00, 0x3F, 0x40, 0x0F, 0xE0, 0x03, 0xF8, 0x00, 0xFF, 0x00, 0x2E, 0x00, 0x0F, 0xF0, 0x00, 0x00,
    0x00, 0xFF, 0x00, 0x00, 0x01, 0x5F, 0xF0, 0x00, 0x1B, 0xFF, 0xFF, 0x00, 0x0F, 0xFE, 0x5F, 0xF0,
    0x03, 0xFD, 0x00, 0xFF, 0x00, 0x3F, 0x80, 0x0F, 0xF0, 0x07, 0xF4, 0x00, 0xFF, 0x00, 0x7F, 0x80,
    0x1F, 0xF0, 0x03, 0xFD, 0x07, 0xFF, 0x40, 0x2F, 0xFF, 0xF7, 0xFF, 0xC0, 0xBF, 0xF8, 0x2F, 0xF8,
    0x00, 0x54, 0x00, 0x14, 0x00, 0x00, 0x00, 0x00, 0x2D, 0x00, 0x00, 0x00, 0x00, 0x00, 0x2F, 0xC0,
    0x00, 0x00, 0x00, 0x00, 0x3F, 0xF0, 0x00, 0x00, 0x00, 0x00, 0x3F, 0xF0, 0x00, 0x00, 0x00, 0x00,
    0x3F, 0x80, 0x00, 0x00, 0x00, 0x00, 0x0D, 0x00, 0x00, 0x00, 0x00, 0x00, 0x00, 0x04, 0x00, 0x00,
    0x00, 0x00, 0x00, 0x0F, 0xC0, 0x00, 0x00, 0x00, 0x00, 0x0F, 0xFC, 0x00, 0x00, 0x00, 0x00, 0x0F,
    0xFF, 0x80, 0x00, 0x00, 0x00, 0x0B, 0xF7, 0xF8, 0x00, 0x00, 0x00, 0x0B, 0xD0, 0x2F, 0x80, 0x00,
    0x00, 0x03, 0x80, 0x00, 0xA0, 0x00, 0x00, 0x00, 0x00, 0x00, 0x00, 0x00, 0x00, 0x00, 0x00, 0x15,
    0x00, 0x00, 0x00, 0x00, 0x00, 0x3F, 0xF0, 0x00, 0x00, 0x00, 0x00, 0x0F, 0xFC, 0x00, 0x00, 0x00,
    0x00, 0x0B, 0xFF, 0x80, 0x00, 0x00, 0x00, 0x03, 0xEF, 0xF0, 0x00, 0x00, 0x00, 0x01, 0xF2, 0xFD,
    0x00, 0x00, 0x00, 0x00, 0xBC, 0x7F, 0x80, 0x00, 0x00, 0x00, 0x3D, 0x0F, 0xF0, 0x00, 0x00, 0x00,
    0x1F, 0x02, 0xFD, 0x00, 0x00, 0x00, 0x0B, 0x80, 0x7F, 0x80, 0x00, 0x00, 0x03, 0xD0, 0x0F, 0xF0,
    0x00, 0x00, 0x01, 0xF0, 0x02, 0xFD, 0x00, 0x00, 0x00, 0xF8, 0x00, 0x7F, 0x80, 0x00, 0x00, 0x3D,
    0x00, 0x0F, 0xF0, 0x00, 0x00, 0x2F, 0xAA, 0xAB, 0xFD, 0x00, 0x00, 0x0F, 0xFF, 0xFF, 0xFF, 0xC0,
    0x00, 0x03, 0xEA, 0xAA, 0xAF, 0xF0, 0x00, 0x02, 0xF0, 0x00, 0x02, 0xFE, 0x00, 0x00, 0xF8, 0x00,
    0x00, 0x7F, 0xC0, 0x00, 0x7D, 0x00, 0x00, 0x0F, 0xF0, 0x00, 0x2F, 0x00, 0x00, 0x02, 0xFE, 0x00,
    0x1F, 0xC0, 0x00, 0x00, 0xBF, 0xD0, 0xBF, 0xFF, 0x80, 0x03, 0xFF, 0xFF, 0x2F, 0xFF, 0xE0, 0x00,
    0xFF, 0xFF, 0xD0, 0x00, 0x00, 0xB4, 0x00, 0x00, 0x00, 0x2F, 0xC0, 0x00, 0x00, 0x0F, 0xFC, 0x00,
    0x00, 0x03, 0xFF, 0x00, 0x00, 0x00, 0xFE, 0x00, 0x00, 0x00, 0x0D, 0x00, 0x00, 0x00, 0x00, 0x00,
    0x00, 0x00, 0x00, 0x00, 0xFC, 0x00, 0x00, 0x00, 0x2F, 0xE0, 0x00, 0x00, 0x07, 0xFF, 0x40, 0x00,
    0x00, 0xFE, 0xFC, 0x00, 0x00, 0x3F, 0x03, 0xF0, 0x00, 0x0B, 0x80, 0x0B, 0x80, 0x00, 0x10, 0x00,
    0x10, 0x00, 0x00, 0x00, 0x00, 0x00, 0x00, 0x00, 0x54, 0x00, 0x00, 0x02, 0xFF, 0xFE, 0x00, 0x00,
    0xFE, 0x5B, 0xF8, 0x00, 0x3F, 0x00, 0x2F, 0xD0, 0x03, 0xF4, 0x00, 0xFE, 0x00, 0x3F, 0x80, 0x0F,
    0xF0, 0x02, 0xE0, 0x00, 0xFF, 0x00, 0x00, 0x00, 0x0F, 0xF0, 0x00, 0x00, 0x15, 0xFF, 0x00, 0x01,
    0xBF, 0xFF, 0xF0, 0x00, 0xFF, 0xE5, 0xFF, 0x00, 0x3F, 0xD0, 0x0F, 0xF0, 0x03, 0xF8, 0x00, 0xFF,
    0x00, 0x7F, 0x40, 0x0F, 0xF0, 0x07, 0xF8, 0x01, 0xFF, 0x00, 0x3F, 0xD0, 0x7F, 0xF4, 0x02, 0xFF,
    0xFF, 0x7F, 0xFC, 0x0B, 0xFF, 0x82, 0xFF, 0x80, 0x05, 0x40, 0x01, 0x40, 0x00, 0x00, 0x3D, 0x00,
    0x00, 0x00, 0x00, 0x00, 0x1F, 0xD0, 0x00, 0x00, 0x00, 0x00, 0x07, 0xFD, 0x00, 0x00, 0x00, 0x00,
    0x00, 0x7F, 0xE0, 0x00, 0x00, 0x00, 0x00, 0x01, 0xFE, 0x00, 0x00, 0x00, 0x00, 0x00, 0x02, 0x80,
    0x00, 0x00, 0x00, 0x00, 0x04, 0x00, 0x00, 0x00, 0x00, 0x00, 0x0F, 0xC0, 0x00, 0x00, 0x00, 0x00,
    0x0F, 0xFC, 0x00, 0x00, 0x00, 0x00, 0x0F, 0xFF, 0x80, 0x00, 0x00, 0x00, 0x0B, 0xF7, 0xF8, 0x00,
    0x00, 0x00, 0x0B, 0xD0, 0x2F, 0x80, 0x00, 0x00, 0x03, 0x80, 0x00, 0xA0, 0x00, 0x00, 0x00, 0x00,
    0x00, 0x00, 0x00, 0x00, 0x00, 0x00, 0x15, 0x00, 0x00, 0x00, 0x00, 0x00, 0x3F, 0xF0, 0x00, 0x00,
    0x00, 0x00, 0x0F, 0xFC, 0x00, 0x00, 0x00, 0x00, 0x0B, 0xFF, 0x80, 0x00, 0x00, 0x00, 0x03, 0xEF,
    0xF0, 0x00, 0x00, 0x00, 0x01, 0xF2, 0xFD, 0x00, 0x00, 0x00, 0x00, 0xBC, 0x7F, 0x80, 0x00, 0x00,
    0x00, 0x3D, 0x0F, 0xF0, 0x00, 0x00, 0x00, 0x1F, 0x02, 0xFD, 0x00, 0x00, 0x00, 0x0B, 0x80, 0x7F,
    0x80, 0x00, 0x00, 0x03, 0xD0, 0x0F, 0xF0, 0x00, 0x00, 0x01, 0xF0, 0x02, 0xFD, 0x00, 0x00, 0x00,
    0xF8, 0x00, 0x7F, 0x80, 0x00, 0x00, 0x3D, 0x00, 0x0F, 0xF0, 0x00, 0x00, 0x2F, 0xAA, 0xAB, 0xFD,
    0x00, 0x00, 0x0F, 0xFF, 0xFF, 0xFF, 0xC0, 0x00, 0x03, 0xEA, 0xAA, 0xAF, 0xF0, 0x00, 0x02, 0xF0,
    0x00, 0x02, 0xFE, 0x00, 0x00, 0xF8, 0x00, 0x00, 0x7F, 0xC0, 0x00, 0x7D, 0x00, 0x00, 0x0F, 0xF0,
    0x00, 0x2F, 0x00, 0x00, 0x02, 0xFE, 0x00, 0x1F, 0xC0, 0x00, 0x00, 0xBF, 0xD0, 0xBF, 0xFF, 0x80,
    0x03, 0xFF, 0xFF, 0x2F, 0xFF, 0xE0, 0x00, 0xFF, 0xFF, 0xD0, 0x00, 0xB4, 0x00, 0x00, 0x00, 0x1F,
    0xD0, 0x00, 0x00, 0x00, 0xFF, 0x40, 0x00, 0x00, 0x07, 0xFE, 0x00, 0x00, 0x00, 0x07, 0xF8, 0x00,
    0x00, 0x00, 0x02, 0x80, 0x00, 0x00, 0x00, 0x00, 0x00, 0x00, 0x00, 0xFC, 0x00, 0x00, 0x00, 0x2F,
    0xE0, 0x00, 0x00, 0x07, 0xFF, 0x40, 0x00, 0x00, 0xFE, 0xFC, 0x00, 0x00, 0x3F, 0x03, 0xF0, 0x00,
    0x0B, 0x80, 0x0B, 0x80, 0x00, 0x10, 0x00, 0x10, 0x00, 0x00, 0x00, 0x00, 0x00, 0x00, 0x00, 0x54,
    0x00, 0x00, 0x02, 0xFF, 0xFE, 0x00, 0x00, 0xFE, 0x5B, 0xF8, 0x00, 0x3F, 0x00, 0x2F, 0xD0, 0x03,
    0xF4, 0x00, 0xFE, 0x00, 0x3F, 0x80, 0x0F, 0xF0, 0x02, 0xE0, 0x00, 0xFF, 0x00, 0x00, 0x00, 0x0F,
    0xF0, 0x00, 0x00, 0x15, 0xFF, 0x00, 0x01, 0xBF, 0xFF, 0xF0, 0x00, 0xFF, 0xE5, 0xFF, 0x00, 0x3F,
    0xD0, 0x0F, 0xF0, 0x03, 0xF8, 0x00, 0xFF, 0x00, 0x7F, 0x40, 0x0F, 0xF0, 0x07, 0xF8, 0x01, 0xFF,
    0x00, 0x3F, 0xD0, 0x7F, 0xF4, 0x02, 0xFF, 0xFF, 0x7F, 0xFC, 0x0B, 0xFF, 0x82, 0xFF, 0x80, 0x05,
    0x40, 0x01, 0x40, 0x00, 0x00, 0x00, 0x06, 0xFF, 0x40, 0x00, 0x00, 0x00, 0x07, 0xEB, 0xF4, 0x00,
    0x00, 0x00, 0x03, 0xF0, 0x7E, 0x00, 0x00, 0x00, 0x00, 0xBC, 0x2F, 0x80, 0x00, 0x00, 0x00, 0x00,
    0x2F, 0xC0, 0x00, 0x00, 0x00, 0x10, 0x1F, 0xD0, 0x00, 0x00, 0x00, 0x3F, 0x0B, 0xC0, 0x00, 0x00,
    0x00, 0x3F, 0xF1, 0x90, 0x00, 0x00, 0x00, 0x3F, 0xFF, 0x00, 0x00, 0x00, 0x00, 0x2F, 0xDF, 0xE0,
    0x00, 0x00, 0x00, 0x2F, 0x40, 0x7E, 0x00, 0x00, 0x00, 0x0A, 0x00, 0x02, 0x80, 0x00, 0x00, 0x00,
    0x00, 0x00, 0x00, 0x00, 0x00, 0x00, 0x00, 0x54, 0x00, 0x00, 0x00, 0x00, 0x00, 0xFF, 0xC0, 0x00,
    0x00, 0x00, 0x00, 0x3F, 0xF0, 0x00, 0x00, 0x00, 0x00, 0x2F, 0xFE, 0x00, 0x00, 0x00, 0x00, 0x0F,
    0xBF, 0xC0, 0x00, 0x00, 0x00, 0x07, 0xCB, 0xF4, 0x00, 0x00, 0x00, 0x02, 0xF1, 0xFE, 0x00, 0x00,
    0x00, 0x00, 0xF4, 0x3F, 0xC0, 0x00, 0x00, 0x00, 0x7C, 0x0B, 0xF4, 0x00, 0x00, 0x00, 0x2E, 0x01,
    0xFE, 0x00, 0x00, 0x00, 0x0F, 0x40, 0x3F, 0xC0, 0x00, 0x00, 0x07, 0xC0, 0x0B, 0xF4, 0x00, 0x00,
    0x03, 0xE0, 0x01, 0xFE, 0x00, 0x00, 0x00, 0xF4, 0x00, 0x3F, 0xC0, 0x00, 0x00, 0xBE, 0xAA, 0xAF,
    0xF4, 0x00, 0x00, 0x3F, 0xFF, 0xFF, 0xFF, 0x00, 0x00, 0x0F, 0xAA, 0xAA, 0xBF, 0xC0, 0x00, 0x0B,
    0xC0, 0x00, 0x0B, 0xF8, 0x00, 0x03, 0xE0, 0x00, 0x01, 0xFF, 0x00, 0x01, 0xF4, 0x00, 0x00, 0x3F,
    0xC0, 0x00, 0xBC, 0x00, 0x00, 0x0B, 0xF8, 0x00, 0x7F, 0x00, 0x00, 0x02, 0xFF, 0x42, 0xFF, 0xFE,
    0x00, 0x0F, 0xFF, 0xFC, 0xBF, 0xFF, 0x80, 0x03, 0xFF, 0xFF, 0x40, 0x00, 0x00, 0x01, 0x50, 0x00,
    0x00, 0x02, 0xFF, 0xE0, 0x00, 0x00, 0xBD, 0x7F, 0x40, 0x00, 0x0F, 0xC1, 0xF8, 0x00, 0x00, 0x78,
    0x3F, 0x40, 0x00, 0x00, 0x0F, 0xE0, 0x00, 0x00, 0x02, 0xF8, 0x00, 0x00, 0xFC, 0x3F, 0x00, 0x00,
    0x2F, 0xE0, 0x00, 0x00, 0x07, 0xFF, 0x40, 0x00, 0x00, 0xFE, 0xFC, 0x00, 0x00, 0x3F, 0x03, 0xF0,
    0x00, 0x0B, 0x80, 0x0B, 0x80, 0x00, 0x10, 0x00, 0x10, 0x00, 0x00, 0x00, 0x00, 0x00, 0x00, 0x00,
    0x54, 0x00, 0x00, 0x02, 0xFF, 0xFE, 0x00, 0x00, 0xFE, 0x5B, 0xF8, 0x00, 0x3F, 0x00, 0x2F, 0xD0,
    0x03, 0xF4, 0x00, 0xFE, 0x00, 0x3F, 0x80, 0x0F, 0xF0, 0x02, 0xE0, 0x00, 0xFF, 0x00, 0x00, 0x00,
    0x0F, 0xF0, 0x00, 0x00, 0x15, 0xFF, 0x00, 0x01, 0xBF, 0xFF, 0xF0, 0x00, 0xFF, 0xE5, 0xFF, 0x00,
    0x3F, 0xD0, 0x0F, 0xF0, 0x03, 0xF8, 0x00, 0xFF, 0x00, 0x7F, 0x40, 0x0F, 0xF0, 0x07, 0xF8, 0x01,
    0xFF, 0x00, 0x3F, 0xD0, 0x7F, 0xF4, 0x02, 0xFF, 0xFF, 0x7F, 0xFC, 0x0B, 0xFF, 0x82, 0xFF, 0x80,
    0x05, 0x40, 0x01, 0x40, 0x00, 0x00, 0x04, 0x00, 0x00, 0x00, 0x00, 0x00, 0x1F, 0xF4, 0x08, 0x00,
    0x00, 0x00, 0x0F, 0xFF, 0xEF, 0x40, 0x00, 0x00, 0x0B, 0xAF, 0xFF, 0xC0, 0x00, 0x00, 0x01, 0x40,
    0x7F, 0xC0, 0x00, 0x00, 0x00, 0x00, 0x10, 0x00, 0x00, 0x00, 0x00, 0x00, 0x3F, 0x00, 0x00, 0x00,
    0x00, 0x00, 0x3F, 0xF0, 0x00, 0x00, 0x00, 0x00, 0x3F, 0xFE, 0x00, 0x00, 0x00, 0x00, 0x2F, 0xDF,
    0xE0, 0x00, 0x00, 0x00, 0x2F, 0x40, 0xBE, 0x00, 0x00, 0x00, 0x0E, 0x00, 0x02, 0x80, 0x00, 0x00,
    0x00, 0x00, 0x00, 0x00, 0x00, 0x00, 0x00, 0x00, 0x54, 0x00, 0x00, 0x00, 0x00, 0x00, 0xFF, 0xC0,
    0x00, 0x00, 0x00, 0x00, 0x3F, 0xF0, 0x00, 0x00, 0x00, 0x00, 0x2F, 0xFE, 0x00, 0x00, 0x00, 0x00,
    0x0F, 0xBF, 0xC0, 0x00, 0x00, 0x00, 0x07, 0xCB, 0xF4, 0x00, 0x00, 0x00, 0x02, 0xF1, 0xFE, 0x00,
    0x00, 0x00, 0x00, 0xF4, 0x3F, 0xC0, 0x00, 0x00, 0x00, 0x7C, 0x0B, 0xF4, 0x00, 0x00, 0x00, 0x2E,
    0x01, 0xFE, 0x00, 0x00, 0x00, 0x0F, 0x40, 0x3F, 0xC0, 0x00, 0x00, 0x07, 0xC0, 0x0B, 0xF4, 0x00,
    0x00, 0x03, 0xE0, 0x01, 0xFE, 0x00, 0x00, 0x00, 0xF4, 0x00, 0x3F, 0xC0, 0x00, 0x00, 0xBE, 0xAA,
    0xAF, 0xF4, 0x00, 0x00, 0x3F, 0xFF, 0xFF, 0xFF, 0x00, 0x00, 0x0F, 0xAA, 0xAA, 0xBF, 0xC0, 0x00,
    0x0B, 0xC0, 0x00, 0x0B, 0xF8, 0x00, 0x03, 0xE0, 0x00, 0x01, 0xFF, 0x00, 0x01, 0xF4, 0x00, 0x00,
    0x3F, 0xC0, 0x00, 0xBC, 0x00, 0x00, 0x0B, 0xF8, 0x00, 0x7F, 0x00, 0x00, 0x02, 0xFF, 0x42, 0xFF,
    0xFE, 0x00, 0x0F, 0xFF, 0xFC, 0xBF, 0xFF, 0x80, 0x03, 0xFF, 0xFF, 0x40, 0x00, 0x10, 0x00, 0x00,
    0x00, 0x1F, 0xF4, 0x08, 0x00, 0x03, 0xFF, 0xFB, 0xD0, 0x00, 0xBA, 0xFF, 0xFC, 0x00, 0x05, 0x01,
    0xFF, 0x00, 0x00, 0x00, 0x00, 0x00, 0x00, 0x00, 0x0F, 0xC0, 0x00, 0x00, 0x02, 0xFE, 0x00, 0x00,
    0x00, 0x7F, 0xF4, 0x00, 0x00, 0x0F, 0xEF, 0xC0, 0x00, 0x03, 0xF0, 0x3F, 0x00, 0x00, 0xB8, 0x00,
    0xB8, 0x00, 0x01, 0x00, 0x01, 0x00, 0x00, 0x00, 0x00, 0x00, 0x00, 0x00, 0x05, 0x40, 0x00, 0x00,
    0x2F, 0xFF, 0xE0, 0x00, 0x0F, 0xE5, 0xBF, 0x80, 0x03, 0xF0, 0x02, 0xFD, 0x00, 0x3F, 0x40, 0x0F,
    0xE0, 0x03, 0xF8, 0x00, 0xFF, 0x00, 0x2E, 0x00, 0x0F, 0xF0, 0x00, 0x00, 0x00, 0xFF, 0x00, 0x00,
    0x01, 0x5F, 0xF0, 0x00, 0x1B, 0xFF, 0xFF, 0x00, 0x0F, 0xFE, 0x5F, 0xF0, 0x03, 0xFD, 0x00, 0xFF,
    0x00, 0x3F, 0x80, 0x0F, 0xF0, 0x07, 0xF4, 0x00, 0xFF, 0x00, 0x7F, 0x80, 0x1F, 0xF0, 0x03, 0xFD,
    0x07, 0xFF, 0x40, 0x2F, 0xFF, 0xF7, 0xFF, 0xC0, 0xBF, 0xF8, 0x2F, 0xF8, 0x00, 0x54, 0x00, 0x14,
    0x00, 0x00, 0x00, 0x00, 0x40, 0x00, 0x00, 0x00, 0x00, 0x00, 0xFC, 0x00, 0x00, 0x00, 0x00, 0x00,
    0xFF, 0xC0, 0x00, 0x00, 0x00, 0x00, 0xFF, 0xF8, 0x00, 0x00, 0x00, 0x00, 0xBF, 0x7F, 0x80, 0x00,
    0x00, 0x00, 0xBD, 0x02, 0xF8, 0x00, 0x00, 0x00, 0x38, 0x00, 0x0A, 0x00, 0x00, 0x00, 0x00, 0x00,
    0x00, 0x00, 0x00, 0x00, 0x00, 0x01, 0x50, 0x00, 0x00, 0x00, 0x00, 0x03, 0xFF, 0x00, 0x00, 0x00,
    0x00, 0x00, 0xFF, 0xC0, 0x00, 0x00, 0x00, 0x00, 0xBF, 0xF8, 0x00, 0x00, 0x00, 0x00, 0x3E, 0xFF,
    0x00, 0x00, 0x00, 0x00, 0x1F, 0x2F, 0xD0, 0x00, 0x00, 0x00, 0x0B, 0xC7, 0xF8, 0x00, 0x00, 0x00,
    0x03, 0xD0, 0xFF, 0x00, 0x00, 0x00, 0x01, 0xF0, 0x2F, 0xD0, 0x00, 0x00, 0x00, 0xB8, 0x07, 0xF8,
    0x00, 0x00, 0x00, 0x3D, 0x00, 0xFF, 0x00, 0x00, 0x00, 0x1F, 0x00, 0x2F, 0xD0, 0x00, 0x00, 0x0F,
    0x80, 0x07, 0xF8, 0x00, 0x00, 0x03, 0xD0, 0x00, 0xFF, 0x00, 0x00, 0x02, 0xFA, 0xAA, 0xBF, 0xD0,
    0x00, 0x00, 0xFF, 0xFF, 0xFF, 0xFC, 0x00, 0x00, 0x3E, 0xAA, 0xAA, 0xFF, 0x00, 0x00, 0x2F, 0x00,
    0x00, 0x2F, 0xE0, 0x00, 0x0F, 0x80, 0x00, 0x07, 0xFC, 0x00, 0x07, 0xD0, 0x00, 0x00, 0xFF, 0x00,
    0x02, 0xF0, 0x00, 0x00, 0x2F, 0xE0, 0x01, 0xFC, 0x00, 0x00, 0x0B, 0xFD, 0x0B, 0xFF, 0xF8, 0x00,
    0x3F, 0xFF, 0xF2, 0xFF, 0xFE, 0x00, 0x0F, 0xFF, 0xFD, 0x00, 0x00, 0x00, 0x00, 0x00, 0x00, 0x00,
    0x00, 0x00, 0x00, 0x00, 0x00, 0x00, 0x00, 0x00, 0x68, 0x00, 0x00, 0x00, 0x00, 0x00, 0x7F, 0xC0,
    0x00, 0x00, 0x00, 0x00, 0x2F, 0xF4, 0x00, 0x00, 0x00, 0x00, 0x0B, 0xFD, 0x00, 0x00, 0x00, 0x00,
    0x00, 0xFE, 0x00, 0x00, 0x00, 0x00, 0x00, 0x00, 0x00, 0x00, 0x00, 0x00, 0x00, 0x00, 0x00, 0x00,
    0x00, 0xFC, 0x00, 0x00, 0x00, 0x2F, 0xE0, 0x00, 0x00, 0x07, 0xFF, 0x40, 0x00, 0x00, 0xFE, 0xFC,
    0x00, 0x00, 0x3F, 0x03, 0xF0, 0x00, 0x0B, 0x80, 0x0B, 0x80, 0x00, 0x10, 0x00, 0x10, 0x00, 0x00,
    0x00, 0x00, 0x00, 0x00, 0x00, 0x54, 0x00, 0x00, 0x02, 0xFF, 0xFE, 0x00, 0x00, 0xFE, 0x5B, 0xF8,
    0x00, 0x3F, 0x00, 0x2F, 0xD0, 0x03, 0xF4, 0x00, 0xFE, 0x00, 0x3F, 0x80, 0x0F, 0xF0, 0x02, 0xE0,
    0x00, 0xFF, 0x00, 0x00, 0x00, 0x0F, 0xF0, 0x00, 0x00, 0x15, 0xFF, 0x00, 0x01, 0xBF, 0xFF, 0xF0,
    0x00, 0xFF, 0xE5, 0xFF, 0x00, 0x3F, 0xD0, 0x0F, 0xF0, 0x03, 0xF8, 0x00, 0xFF, 0x00, 0x7F, 0x40,
    0x0F, 0xF0, 0x07, 0xF8, 0x01, 0xFF, 0x00, 0x3F, 0xD0, 0x7F, 0xF4, 0x02, 0xFF, 0xFF, 0x7F, 0xFC,
    0x0B, 0xFF, 0x82, 0xFF, 0x80, 0x05, 0x40, 0x01, 0x40, 0x00, 0x00, 0x00, 0x00, 0x00, 0x00, 0x68,
    0x00, 0x00, 0x00, 0x1F, 0xF0, 0x00, 0x00, 0x03, 0xFF, 0x40, 0x00, 0x00, 0x2F, 0xF0, 0x00, 0x00,
    0x00, 0xFE, 0x00, 0x00, 0x00, 0x00, 0x00, 0x00, 0x00, 0x00, 0x00, 0x00, 0x0F, 0x00, 0x00, 0x00,
    0x00, 0x00, 0x0F, 0xE0, 0x00, 0x00, 0x00, 0x00, 0x0F, 0xF8, 0x00, 0x00, 0x00, 0x00, 0x1F, 0xF8,
    0x00, 0x00, 0x00, 0x00, 0x1F, 0xD0, 0x00, 0x00, 0x00, 0x00, 0x07, 0x40, 0x00, 0x00, 0x00, 0x00,
    0x00, 0x00, 0x00, 0x00, 0x00, 0x00, 0x0E, 0x00, 0x02, 0xC0, 0x00, 0x00, 0x03, 0xD0, 0x01, 0xE0,
    0x00, 0x00, 0x00, 0xBD, 0x02, 0xF4, 0x00, 0x00, 0x00, 0x0F, 0xFF, 0xFC, 0x00, 0x00, 0x00, 0x01,
    0xFF, 0xFC, 0x00, 0x00, 0x00, 0x00, 0x0B, 0xF8, 0x00, 0x00, 0x00, 0x00, 0x00, 0x00, 0x00, 0x00,
    0x00, 0x00, 0x00, 0x15, 0x00, 0x00, 0x00, 0x00, 0x00, 0x3F, 0xF0, 0x00, 0x00, 0x00, 0x00, 0x0F,
    0xFC, 0x00, 0x00, 0x00, 0x00, 0x0B, 0xFF, 0x80, 0x00, 0x00, 0x00, 0x03, 0xEF, 0xF0, 0x00, 0x00,
    0x00, 0x01, 0xF2, 0xFD, 0x00, 0x00, 0x00, 0x00, 0xBC, 0x7F, 0x80, 0x00, 0x00, 0x00, 0x3D, 0x0F,
    0xF0, 0x00, 0x00, 0x00, 0x1F, 0x02, 0xFD, 0x00, 0x00, 0x00, 0x0B, 0x80, 0x7F, 0x80, 0x00, 0x00,
    0x03, 0xD0, 0x0F, 0xF0, 0x00, 0x00, 0x01, 0xF0, 0x02, 0xFD, 0x00, 0x00, 0x00, 0xF8, 0x00, 0x7F,
    0x80, 0x00, 0x00, 0x3D, 0x00, 0x0F, 0xF0, 0x00, 0x00, 0x2F, 0xAA, 0xAB, 0xFD, 0x00, 0x00, 0x0F,
    0xFF, 0xFF, 0xFF, 0xC0, 0x00, 0x03, 0xEA, 0xAA, 0xAF, 0xF0, 0x00, 0x02, 0xF0, 0x00, 0x02, 0xFE,
    0x00, 0x00, 0xF8, 0x00, 0x00, 0x7F, 0xC0, 0x00, 0x7D, 0x00, 0x00, 0x0F, 0xF0, 0x00, 0x2F, 0x00,
    0x00, 0x02, 0xFE, 0x00, 0x1F, 0xC0, 0x00, 0x00, 0xBF, 0xD0, 0xBF, 0xFF, 0x80, 0x03, 0xFF, 0xFF,
    0x2F, 0xFF, 0xE0, 0x00, 0xFF, 0xFF, 0xD0, 0x00, 0x00, 0x3C, 0x00, 0x00, 0x00, 0x1F, 0xD0, 0x00,
    0x00, 0x07, 0xFD, 0x00, 0x00, 0x01, 0xFF, 0x80, 0x00, 0x00, 0x7F, 0x40, 0x00, 0x00, 0x0A, 0x40,
    0x00, 0x00, 0x00, 0x00, 0x00, 0x00, 0x00, 0x70, 0x00, 0x24, 0x00, 0x0B, 0x40, 0x03, 0x80, 0x00,
    0x7C, 0x00, 0xF4, 0x00, 0x03, 0xFA, 0xBF, 0x00, 0x00, 0x1F, 0xFF, 0xD0, 0x00, 0x00, 0x7F, 0xF4,
    0x00, 0x00, 0x00, 0x54, 0x00, 0x00, 0x00, 0x00, 0x00, 0x00, 0x00, 0x00, 0x54, 0x00, 0x00, 0x02,
    0xFF, 0xFE, 0x00, 0x00, 0xFE, 0x5B, 0xF8, 0x00, 0x3F, 0x00, 0x2F, 0xD0, 0x03, 0xF4, 0x00, 0xFE,
    0x00, 0x3F, 0x80, 0x0F, 0xF0, 0x02, 0xE0, 0x00, 0xFF, 0x00, 0x00, 0x00, 0x0F, 0xF0, 0x00, 0x00,
    0x15, 0xFF, 0x00, 0x01, 0xBF, 0xFF, 0xF0, 0x00, 0xFF, 0xE5, 0xFF, 0x00, 0x3F, 0xD0, 0x0F, 0xF0,
    0x03, 0xF8, 0x00, 0xFF, 0x00, 0x7F, 0x40, 0x0F, 0xF0, 0x07, 0xF8, 0x01, 0xFF, 0x00, 0x3F, 0xD0,
    0x7F, 0xF4, 0x02, 0xFF, 0xFF, 0x7F, 0xFC, 0x0B, 0xFF, 0x82, 0xFF, 0x80, 0x05, 0x40, 0x01, 0x40,
    0x00, 0x00, 0x78, 0x00, 0x00, 0x00, 0x00, 0x00, 0x3F, 0x80, 0x00, 0x00, 0x00, 0x00, 0x0F, 0xFC,
    0x00, 0x00, 0x00, 0x00, 0x00, 0xBF, 0xC0, 0x00, 0x00, 0x00, 0x00, 0x02, 0xFC, 0x00, 0x00, 0x00,
    0x00, 0x00, 0x07, 0x00, 0x00, 0x00, 0x00, 0x00, 0x00, 0x00, 0x00, 0x00, 0x00, 0x0E, 0x00, 0x02,
    0xC0, 0x00, 0x00, 0x03, 0xD0, 0x01, 0xE0, 0x00, 0x00, 0x00, 0xBD, 0x02, 0xF4, 0x00, 0x00, 0x00,
    0x0F, 0xFF, 0xFC, 0x00, 0x00, 0x00, 0x01, 0xFF, 0xFC, 0x00, 0x00, 0x00, 0x00, 0x0B, 0xF8, 0x00,
    0x00, 0x00, 0x00, 0x00, 0x00, 0x00, 0x00, 0x00, 0x00, 0x00, 0x15, 0x00, 0x00, 0x00, 0x00, 0x00,
    0x3F, 0xF0, 0x00, 0x00, 0x00, 0x00, 0x0F, 0xFC, 0x00, 0x00, 0x00, 0x00, 0x0B, 0xFF, 0x80, 0x00,
    0x00, 0x00, 0x03, 0xEF, 0xF0, 0x00, 0x00, 0x00, 0x01, 0xF2, 0xFD, 0x00, 0x00, 0x00, 0x00, 0xBC,
    0x7F, 0x80, 0x00, 0x00, 0x00, 0x3D, 0x0F, 0xF0, 0x00, 0x00, 0x00, 0x1F, 0x02, 0xFD, 0x00, 0x00,
    0x00, 0x0B, 0x80, 0x7F, 0x80, 0x00, 0x00, 0x03, 0xD0, 0x0F, 0xF0, 0x00, 0x00, 0x01, 0xF0, 0x02,
    0xFD, 0x00, 0x00, 0x00, 0xF8, 0x00, 0x7F, 0x80, 0x00, 0x00, 0x3D, 0x00, 0x0F, 0xF0, 0x00, 0x00,
    0x2F, 0xAA, 0xAB, 0xFD, 0x00, 0x00, 0x0F, 0xFF, 0xFF, 0xFF, 0xC0, 0x00, 0x03, 0xEA, 0xAA, 0xAF,
    0xF0, 0x00, 0x02, 0xF0, 0x00, 0x02, 0xFE, 0x00, 0x00, 0xF8, 0x00, 0x00, 0x7F, 0xC0, 0x00, 0x7D,
    0x00, 0x00, 0x0F, 0xF0, 0x00, 0x2F, 0x00, 0x00, 0x02, 0xFE, 0x00, 0x1F, 0xC0, 0x00, 0x00, 0xBF,
    0xD0, 0xBF, 0xFF, 0x80, 0x03, 0xFF, 0xFF, 0x2F, 0xFF, 0xE0, 0x00, 0xFF, 0xFF, 0xD0, 0x00, 0xF0,
    0x00, 0x00, 0x00, 0x2F, 0xC0, 0x00, 0x00, 0x02, 0xFF, 0x00, 0x00, 0x00, 0x0B, 0xFC, 0x00, 0x00,
    0x00, 0x0B, 0xF4, 0x00, 0x00, 0x00, 0x07, 0x40, 0x00, 0x00, 0x00, 0x00, 0x00, 0x00, 0x70, 0x00,
    0x24, 0x00, 0x0B, 0x40, 0x03, 0x80, 0x00, 0x7C, 0x00, 0xF4, 0x00, 0x03, 0xFA, 0xBF, 0x00, 0x00,
    0x1F, 0xFF, 0xD0, 0x00, 0x00, 0x7F, 0xF4, 0x00, 0x00, 0x00, 0x54, 0x00, 0x00, 0x00, 0x00, 0x00,
    0x00, 0x00, 0x00, 0x54, 0x00, 0x00, 0x02, 0xFF, 0xFE, 0x00, 0x00, 0xFE, 0x5B, 0xF8, 0x00, 0x3F,
    0x00, 0x2F, 0xD0, 0x03, 0xF4, 0x00, 0xFE, 0x00, 0x3F, 0x80, 0x0F, 0xF0, 0x02, 0xE0, 0x00, 0xFF,
    0x00, 0x00, 0x00, 0x0F, 0xF0, 0x00, 0x00, 0x15, 0xFF, 0x00, 0x01, 0xBF, 0xFF, 0xF0, 0x00, 0xFF,
    0xE5, 0xFF, 0x00, 0x3F, 0xD0, 0x0F, 0xF0, 0x03, 0xF8, 0x00, 0xFF, 0x00, 0x7F, 0x40, 0x0F, 0xF0,
    0x07, 0xF8, 0x01, 0xFF, 0x00, 0x3F, 0xD0, 0x7F, 0xF4, 0x02, 0xFF, 0xFF, 0x7F, 0xFC, 0x0B, 0xFF,
    0x82, 0xFF, 0x80, 0x05, 0x40, 0x01, 0x40, 0x00, 0x00, 0x01, 0x50, 0x00, 0x00, 0x00, 0x00, 0x0B,
    0xFF, 0x80, 0x00, 0x00, 0x00, 0x0B, 0xD7, 0xF4, 0x00, 0x00, 0x00, 0x03, 0xF0, 0x7E, 0x00, 0x00,
    0x00, 0x00, 0x78, 0x3F, 0x40, 0x00, 0x00, 0x00, 0x00, 0x3F, 0x80, 0x00, 0x00, 0x00, 0x00, 0x2F,
    0x80, 0x00, 0x00, 0x00, 0x00, 0x0F, 0xC0, 0x00, 0x00, 0x00, 0x03, 0x80, 0x00, 0xB0, 0x00, 0x00,
    0x00, 0xF4, 0x00, 0x78, 0x00, 0x00, 0x00, 0x2F, 0x40, 0xBD, 0x00, 0x00, 0x00, 0x03, 0xFF, 0xFF,
    0x00, 0x00, 0x00, 0x00, 0x7F, 0xFF, 0x00, 0x00, 0x00, 0x00, 0x02, 0xFE, 0x00, 0x00, 0x00, 0x00,
    0x00, 0x00, 0x00, 0x00, 0x00, 0x00, 0x00, 0x05, 0x40, 0x00, 0x00, 0x00, 0x00, 0x0F, 0xFC, 0x00,
    0x00, 0x00, 0x00, 0x03, 0xFF, 0x00, 0x00, 0x00, 0x00, 0x02, 0xFF, 0xE0, 0x00, 0x00, 0x00, 0x00,
    0xFB, 0xFC, 0x00, 0x00, 0x00, 0x00, 0x7C, 0xBF, 0x40, 0x00, 0x00, 0x00, 0x2F, 0x1F, 0xE0, 0x00,
    0x00, 0x00, 0x0F, 0x43, 0xFC, 0x00, 0x00, 0x00, 0x07, 0xC0, 0xBF, 0x40, 0x00, 0x00, 0x02, 0xE0,
    0x1F, 0xE0, 0x00, 0x00, 0x00, 0xF4, 0x03, 0xFC, 0x00, 0x00, 0x00, 0x7C, 0x00, 0xBF, 0x40, 0x00,
    0x00, 0x3E, 0x00, 0x1F, 0xE0, 0x00, 0x00, 0x0F, 0x40, 0x03, 0xFC, 0x00, 0x00, 0x0B, 0xEA, 0xAA,
    0xFF, 0x40, 0x00, 0x03, 0xFF, 0xFF, 0xFF, 0xF0, 0x00, 0x00, 0xFA, 0xAA, 0xAB, 0xFC, 0x00, 0x00,
    0xBC, 0x00, 0x00, 0xBF, 0x80, 0x00, 0x3E, 0x00, 0x00, 0x1F, 0xF0, 0x00, 0x1F, 0x40, 0x00, 0x03,
    0xFC, 0x00, 0x0B, 0xC0, 0x00, 0x00, 0xBF, 0x80, 0x07, 0xF0, 0x00, 0x00, 0x2F, 0xF4, 0x2F, 0xFF,
    0xE0, 0x00, 0xFF, 0xFF, 0xCB, 0xFF, 0xF8, 0x00, 0x3F, 0xFF, 0xF4, 0x00, 0x05, 0x40, 0x00, 0x00,
    0x0B, 0xFF, 0x80, 0x00, 0x02, 0xF5, 0xFD, 0x00, 0x00, 0x3F, 0x07, 0xE0, 0x00, 0x01, 0xE0, 0xFD,
    0x00, 0x00, 0x00, 0x3F, 0x80, 0x00, 0x00, 0x0B, 0xE0, 0x00, 0x00, 0x00, 0xFC, 0x00, 0x00, 0x07,
    0x00, 0x02, 0x40, 0x00, 0xB4, 0x00, 0x38, 0x00, 0x07, 0xC0, 0x0F, 0x40, 0x00, 0x3F, 0xAB, 0xF0,
    0x00, 0x01, 0xFF, 0xFD, 0x00, 0x00, 0x07, 0xFF, 0x40, 0x00, 0x00, 0x05, 0x40, 0x00, 0x00, 0x00,
    0x00, 0x00, 0x00, 0x00, 0x05, 0x40, 0x00, 0x00, 0x2F, 0xFF, 0xE0, 0x00, 0x0F, 0xE5, 0xBF, 0x80,
    0x03, 0xF0, 0x02, 0xFD, 0x00, 0x3F, 0x40, 0x0F, 0xE0, 0x03, 0xF8, 0x00, 0xFF, 0x00, 0x2E, 0x00,
    0x0F, 0xF0, 0x00, 0x00, 0x00, 0xFF, 0x00, 0x00, 0x01, 0x5F, 0xF0, 0x00, 0x1B, 0xFF, 0xFF, 0x00,
    0x0F, 0xFE, 0x5F, 0xF0, 0x03, 0xFD, 0x00, 0xFF, 0x00, 0x3F, 0x80, 0x0F, 0xF0, 0x07, 0xF4, 0x00,
    0xFF, 0x00, 0x7F, 0x80, 0x1F, 0xF0, 0x03, 0xFD, 0x07, 0xFF, 0x40, 0x2F, 0xFF, 0xF7, 0xFF, 0xC0,
    0xBF, 0xF8, 0x2F, 0xF8, 0x00, 0x54, 0x00, 0x14, 0x00, 0x00, 0x00, 0x14, 0x00, 0x00, 0x00, 0x00,
    0x00, 0x3F, 0xE4, 0x08, 0x00, 0x00, 0x00, 0x1F, 0xFF, 0xEF, 0x00, 0x00, 0x00, 0x0F, 0xBF, 0xFF,
    0x40, 0x00, 0x00, 0x02, 0x00, 0xBF, 0x80, 0x00, 0x00, 0x00, 0x00, 0x00, 0x00, 0x00, 0x00, 0x00,
    0x38, 0x00, 0x0B, 0x00, 0x00, 0x00, 0x0F, 0x40, 0x07, 0x80, 0x00, 0x00, 0x02, 0xF4, 0x0B, 0xD0,
    0x00, 0x00, 0x00, 0x3F, 0xFF, 0xF0, 0x00, 0x00, 0x00, 0x07, 0xFF, 0xF0, 0x00, 0x00, 0x00, 0x00,
    0x2F, 0xE0, 0x00, 0x00, 0x00, 0x00, 0x00, 0x00, 0x00, 0x00, 0x00, 0x00, 0x00, 0x54, 0x00, 0x00,
    0x00, 0x00, 0x00, 0xFF, 0xC0, 0x00, 0x00, 0x00, 0x00, 0x3F, 0xF0, 0x00, 0x00, 0x00, 0x00, 0x2F,
    0xFE, 0x00, 0x00, 0x00, 0x00, 0x0F, 0xBF, 0xC0, 0x00, 0x00, 0x00, 0x07, 0xCB, 0xF4, 0x00, 0x00,
    0x00, 0x02, 0xF1, 0xFE, 0x00, 0x00, 0x00, 0x00, 0xF4, 0x3F, 0xC0, 0x00, 0x00, 0x00, 0x7C, 0x0B,
    0xF4, 0x00, 0x00, 0x00, 0x2E, 0x01, 0xFE, 0x00, 0x00, 0x00, 0x0F, 0x40, 0x3F, 0xC0, 0x00, 0x00,
    0x07, 0xC0, 0x0B, 0xF4, 0x00, 0x00, 0x03, 0xE0, 0x01, 0xFE, 0x00, 0x00, 0x00, 0xF4, 0x00, 0x3F,
    0xC0, 0x00, 0x00, 0xBE, 0xAA, 0xAF, 0xF4, 0x00, 0x00, 0x3F, 0xFF, 0xFF, 0xFF, 0x00, 0x00, 0x0F,
    0xAA, 0xAA, 0xBF, 0xC0, 0x00, 0x0B, 0xC0, 0x00, 0x0B, 0xF8, 0x00, 0x03, 0xE0, 0x00, 0x01, 0xFF,
    0x00, 0x01, 0xF4, 0x00, 0x00, 0x3F, 0xC0, 0x00, 0xBC, 0x00, 0x00, 0x0B, 0xF8, 0x00, 0x7F, 0x00,
    0x00, 0x02, 0xFF, 0x42, 0xFF, 0xFE, 0x00, 0x0F, 0xFF, 0xFC, 0xBF, 0xFF, 0x80, 0x03, 0xFF, 0xFF,
    0x40, 0x00, 0x50, 0x00, 0x00, 0x00, 0x3F, 0xE4, 0x18, 0x00, 0x0B, 0xFF, 0xFB, 0xC0, 0x00, 0xFB,
    0xFF, 0xF4, 0x00, 0x08, 0x02, 0xFE, 0x00, 0x00, 0x00, 0x00, 0x00, 0x00, 0x07, 0x00, 0x02, 0x40,
    0x00, 0xB4, 0x00, 0x38, 0x00, 0x07, 0xC0, 0x0F, 0x40, 0x00, 0x3F, 0xAB, 0xF0, 0x00, 0x01, 0xFF,
    0xFD, 0x00, 0x00, 0x07, 0xFF, 0x40, 0x00, 0x00, 0x05, 0x40, 0x00, 0x00, 0x00, 0x00, 0x00, 0x00,
    0x00, 0x05, 0x40, 0x00, 0x00, 0x2F, 0xFF, 0xE0, 0x00, 0x0F, 0xE5, 0xBF, 0x80, 0x03, 0xF0, 0x02,
    0xFD, 0x00, 0x3F, 0x40, 0x0F, 0xE0, 0x03, 0xF8, 0x00, 0xFF, 0x00, 0x2E, 0x00, 0x0F, 0xF0, 0x00,
    0x00, 0x00, 0xFF, 0x00, 0x00, 0x01, 0x5F, 0xF0, 0x00, 0x1B, 0xFF, 0xFF, 0x00, 0x0F, 0xFE, 0x5F,
    0xF0, 0x03, 0xFD, 0x00, 0xFF, 0x00, 0x3F, 0x80, 0x0F, 0xF0, 0x07, 0xF4, 0x00, 0xFF, 0x00, 0x7F,
    0x80, 0x1F, 0xF0, 0x03, 0xFD, 0x07, 0xFF, 0x40, 0x2F, 0xFF, 0xF7, 0xFF, 0xC0, 0xBF, 0xF8, 0x2F,
    0xF8, 0x00, 0x54, 0x00, 0x14, 0x00, 0x00, 0x00, 0x00, 0x00, 0x00, 0x00, 0x00, 0x00, 0xE0, 0x00,
    0x2C, 0x00, 0x00, 0x00, 0x3D, 0x00, 0x1E, 0x00, 0x00, 0x00, 0x0B, 0xD0, 0x2F, 0x40, 0x00, 0x00,
    0x00, 0xFF, 0xFF, 0xC0, 0x00, 0x00, 0x00, 0x1F, 0xFF, 0xC0, 0x00, 0x00, 0x00, 0x00, 0xBF, 0x80,
    0x00, 0x00, 0x00, 0x00, 0x00, 0x00, 0x00, 0x00, 0x00, 0x00, 0x01, 0x50, 0x00, 0x00, 0x00, 0x00,
    0x03, 0xFF, 0x00, 0x00, 0x00, 0x00, 0x00, 0xFF, 0xC0, 0x00, 0x00, 0x00, 0x00, 0xBF, 0xF8, 0x00,
    0x00, 0x00, 0x00, 0x3E, 0xFF, 0x00, 0x00, 0x00, 0x00, 0x1F, 0x2F, 0xD0, 0x00, 0x00, 0x00, 0x0B,
    0xC7, 0xF8, 0x00, 0x00, 0x00, 0x03, 0xD0, 0xFF, 0x00, 0x00, 0x00, 0x01, 0xF0, 0x2F, 0xD0, 0x00,
    0x00, 0x00, 0xB8, 0x07, 0xF8, 0x00, 0x00, 0x00, 0x3D, 0x00, 0xFF, 0x00, 0x00, 0x00, 0x1F, 0x00,
    0x2F, 0xD0, 0x00, 0x00, 0x0F, 0x80, 0x07, 0xF8, 0x00, 0x00, 0x03, 0xD0, 0x00, 0xFF, 0x00, 0x00,
    0x02, 0xFA, 0xAA, 0xBF, 0xD0, 0x00, 0x00, 0xFF, 0xFF, 0xFF, 0xFC, 0x00, 0x00, 0x3E, 0xAA, 0xAA,
    0xFF, 0x00, 0x00, 0x2F, 0x00, 0x00, 0x2F, 0xE0, 0x00, 0x0F, 0x80, 0x00, 0x07, 0xFC, 0x00, 0x07,
    0xD0, 0x00, 0x00, 0xFF, 0x00, 0x02, 0xF0, 0x00, 0x00, 0x2F, 0xE0, 0x01, 0xFC, 0x00, 0x00, 0x0B,
    0xFD, 0x0B, 0xFF, 0xF8, 0x00, 0x3F, 0xFF, 0xF2, 0xFF, 0xFE, 0x00, 0x0F, 0xFF, 0xFD, 0x00, 0x00,
    0x00, 0x00, 0x00, 0x00, 0x00, 0x00, 0x00, 0x00, 0x00, 0x00, 0x00, 0x00, 0x00, 0x68, 0x00, 0x00,
    0x00, 0x00, 0x00, 0x7F, 0xC0, 0x00, 0x00, 0x00, 0x00, 0x2F, 0xF4, 0x00, 0x00, 0x00, 0x00, 0x0B,
    0xFD, 0x00, 0x00, 0x00, 0x00, 0x00, 0xFE, 0x00, 0x00, 0x00, 0x00, 0x00, 0x00, 0x00, 0x00, 0x00,
    0x07, 0x00, 0x02, 0x40, 0x00, 0xB4, 0x00, 0x38, 0x00, 0x07, 0xC0, 0x0F, 0x40, 0x00, 0x3F, 0xAB,
    0xF0, 0x00, 0x01, 0xFF, 0xFD, 0x00, 0x00, 0x07, 0xFF, 0x40, 0x00, 0x00, 0x05, 0x40, 0x00, 0x00,
    0x00, 0x00, 0x00, 0x00, 0x00, 0x05, 0x40, 0x00, 0x00, 0x2F, 0xFF, 0xE0, 0x00, 0x0F, 0xE5, 0xBF,
    0x80, 0x03, 0xF0, 0x02, 0xFD, 0x00, 0x3F, 0x40, 0x0F, 0xE0, 0x03, 0xF8, 0x00, 0xFF, 0x00, 0x2E,
    0x00, 0x0F, 0xF0, 0x00, 0x00, 0x00, 0xFF, 0x00, 0x00, 0x01, 0x5F, 0xF0, 0x00, 0x1B, 0xFF, 0xFF,
    0x00, 0x0F, 0xFE, 0x5F, 0xF0, 0x03, 0xFD, 0x00, 0xFF, 0x00, 0x3F, 0x80, 0x0F, 0xF0, 0x07, 0xF4,
    0x00, 0xFF, 0x00, 0x7F, 0x80, 0x1F, 0xF0, 0x03, 0xFD, 0x07, 0xFF, 0x40, 0x2F, 0xFF, 0xF7, 0xFF,
    0xC0, 0xBF, 0xF8, 0x2F, 0xF8, 0x00, 0x54, 0x00, 0x14, 0x00, 0x00, 0x00, 0x00, 0x00, 0x00, 0x06,
    0x80, 0x00, 0x00, 0x01, 0xFF, 0x00, 0x00, 0x00, 0x3F, 0xF4, 0x00, 0x00, 0x02, 0xFF, 0x00, 0x00,
    0x00, 0x0F, 0xE0, 0x00, 0x00, 0x00, 0x00, 0x00, 0x00, 0x15, 0x55, 0x55, 0x55, 0x40, 0xFF, 0xFF,
    0xFF, 0xFF, 0x02, 0xBF, 0xFA, 0xAF, 0xFD, 0x00, 0x7F, 0xC0, 0x02, 0xF8, 0x01, 0xFF, 0x00, 0x03,
    0xF0, 0x07, 0xFC, 0x00, 0x07, 0xC0, 0x1F, 0xF0, 0x00, 0x09, 0x00, 0x7F, 0xC0, 0x00, 0x00, 0x01,
    0xFF, 0x00, 0x2C, 0x00, 0x07, 0xFC, 0x00, 0xF0, 0x00, 0x1F, 0xF0, 0x0B, 0xC0, 0x00, 0x7F, 0xFF,
    0xFF, 0x00, 0x01, 0xFF, 0xFF, 0xFC, 0x00, 0x07, 0xFD, 0x57, 0xF0, 0x00, 0x1F, 0xF0, 0x03, 0xC0,
    0x00, 0x7F, 0xC0, 0x0F, 0x00, 0x01, 0xFF, 0x00, 0x00, 0x00, 0x07, 0xFC, 0x00, 0x00, 0x50, 0x1F,
    0xF0, 0x00, 0x0B, 0xC0, 0x7F, 0xC0, 0x00, 0x3E, 0x01, 0xFF, 0x00, 0x01, 0xF8, 0x0B, 0xFC, 0x00,
    0x2F, 0xD3, 0xFF, 0xFF, 0xFF, 0xFF, 0x4F, 0xFF, 0xFF, 0xFF, 0xFC, 0x00, 0x00, 0x00, 0x00, 0x00,
    0x00, 0x00, 0x00, 0x00, 0x00, 0x00, 0x02, 0x90, 0x00, 0x00, 0x00, 0x3F, 0xD0, 0x00, 0x00, 0x01,
    0xFF, 0x80, 0x00, 0x00, 0x07, 0xFE, 0x00, 0x00, 0x00, 0x0B, 0xF0, 0x00, 0x00, 0x00, 0x00, 0x00,
    0x00, 0x00, 0x01, 0x54, 0x00, 0x00, 0x7F, 0xFF, 0x80, 0x02, 0xFE, 0xAF, 0xF0, 0x0B, 0xF0, 0x03,
    0xF8, 0x1F, 0xD0, 0x02, 0xFC, 0x3F, 0xC0, 0x01, 0xFD, 0x3F, 0x80, 0x01, 0xFD, 0x7F, 0x80, 0x02,
    0xFD, 0x7F, 0xFF, 0xFF, 0xFC, 0xBF, 0xFF, 0xFF, 0xFC, 0xBF, 0x80, 0x00, 0x00, 0x7F, 0x80, 0x00,
    0x00, 0x3F, 0xC0, 0x00, 0x00, 0x3F, 0xE0, 0x00, 0x00, 0x1F, 0xF4, 0x00, 0x2C, 0x0F, 0xFF, 0x9A,
    0xFC, 0x03, 0xFF, 0xFF, 0xF0, 0x00, 0xBF, 0xFF, 0x80, 0x00, 0x05, 0x54, 0x00, 0x00, 0x00, 0x00,
    0x00, 0x00, 0x01, 0xA0, 0x00, 0x00, 0x0B, 0xFC, 0x00, 0x00, 0x0F, 0xFC, 0x00, 0x00, 0x0F, 0xFC,
    0x00, 0x00, 0x07, 0xF4, 0x00, 0x00, 0x00, 0x00, 0x00, 0x00, 0x00, 0x54, 0x00, 0x00, 0x00, 0x2F,
    0xFF, 0x00, 0x00, 0x01, 0xF5, 0xBE, 0x00, 0x00, 0x0B, 0xC0, 0xFC, 0x00, 0x00, 0x1A, 0x0B, 0xE0,
    0x00, 0x00, 0x00, 0xFF, 0x00, 0x00, 0x00, 0x07, 0xF0, 0x00, 0x00, 0x00, 0x2F, 0x00, 0x00, 0x00,
    0x00, 0x00, 0x00, 0x00, 0x55, 0x55, 0x55, 0x55, 0x03, 0xFF, 0xFF, 0xFF, 0xFC, 0x0A, 0xFF, 0xEA,
    0xBF, 0xF4, 0x01, 0xFF, 0x00, 0x0B, 0xE0, 0x07, 0xFC, 0x00, 0x0F, 0xC0, 0x1F, 0xF0, 0x00, 0x1F,
    0x00, 0x7F, 0xC0, 0x00, 0x24, 0x01, 0xFF, 0x00, 0x00, 0x00, 0x07, 0xFC, 0x00, 0xB0, 0x00, 0x1F,
    0xF0, 0x03, 0xC0, 0x00, 0x7F, 0xC0, 0x2F, 0x00, 0x01, 0xFF, 0xFF, 0xFC, 0x00, 0x07, 0xFF, 0xFF,
    0xF0, 0x00, 0x1F, 0xF5, 0x5F, 0xC0, 0x00, 0x7F, 0xC0, 0x0F, 0x00, 0x01, 0xFF, 0x00, 0x3C, 0x00,
    0x07, 0xFC, 0x00, 0x00, 0x00, 0x1F, 0xF0, 0x00, 0x01, 0x40, 0x7F, 0xC0, 0x00, 0x2F, 0x01, 0xFF,
    0x00, 0x00, 0xF8, 0x07, 0xFC, 0x00, 0x07, 0xE0, 0x2F, 0xF0, 0x00, 0xBF, 0x4F, 0xFF, 0xFF, 0xFF,
    0xFD, 0x3F, 0xFF, 0xFF, 0xFF, 0xF0, 0x00, 0x00, 0x00, 0x00, 0x00, 0x1F, 0xFD, 0x00, 0x00, 0xBD,
    0x7F, 0x40, 0x00, 0xFC, 0x1F, 0x80, 0x00, 0xBC, 0x2F, 0x40, 0x00, 0x00, 0xBF, 0x00, 0x00, 0x02,
    0xFC, 0x00, 0x00, 0x03, 0xF0, 0x00, 0x00, 0x02, 0xE0, 0x00, 0x00, 0x00, 0x00, 0x00, 0x00, 0x01,
    0x54, 0x00, 0x00, 0x7F, 0xFF, 0x80, 0x02, 0xFE, 0xAF, 0xF0, 0x0B, 0xF0, 0x03, 0xF8, 0x1F, 0xD0,
    0x02, 0xFC, 0x3F, 0xC0, 0x01, 0xFD, 0x3F, 0x80, 0x01, 0xFD, 0x7F, 0x80, 0x02, 0xFD, 0x7F, 0xFF,
    0xFF, 0xFC, 0xBF, 0xFF, 0xFF, 0xFC, 0xBF, 0x80, 0x00, 0x00, 0x7F, 0x80, 0x00, 0x00, 0x3F, 0xC0,
    0x00, 0x00, 0x3F, 0xE0, 0x00, 0x00, 0x1F, 0xF4, 0x00, 0x2C, 0x0F, 0xFF, 0x9A, 0xFC, 0x03, 0xFF,
    0xFF, 0xF0, 0x00, 0xBF, 0xFF, 0x80, 0x00, 0x05, 0x54, 0x00, 0x00, 0x01, 0x00, 0x00, 0x00, 0x00,
    0x7F, 0xD0, 0x20, 0x00, 0x03, 0xFF, 0xFB, 0xD0, 0x00, 0x2E, 0xBF, 0xFF, 0x00, 0x00, 0x50, 0x1F,
    0xF0, 0x00, 0x00, 0x00, 0x00, 0x00, 0x00, 0x00, 0x00, 0x00, 0x00, 0x05, 0x55, 0x55, 0x55, 0x50,
    0x3F, 0xFF, 0xFF, 0xFF, 0xC0, 0xAF, 0xFE, 0xAB, 0xFF, 0x40, 0x1F, 0xF0, 0x00, 0xBE, 0x00, 0x7F,
    0xC0, 0x00, 0xFC, 0x01, 0xFF, 0x00, 0x01, 0xF0, 0x07, 0xFC, 0x00, 0x02, 0x40, 0x1F, 0xF0, 0x00,
    0x00, 0x00, 0x7F, 0xC0, 0x0B, 0x00, 0x01, 0xFF, 0x00, 0x3C, 0x00, 0x07, 0xFC, 0x02, 0xF0, 0x00,
    0x1F, 0xFF, 0xFF, 0xC0, 0x00, 0x7F, 0xFF, 0xFF, 0x00, 0x01, 0xFF, 0x55, 0xFC, 0x00, 0x07, 0xFC,
    0x00, 0xF0, 0x00, 0x1F, 0xF0, 0x03, 0xC0, 0x00, 0x7F, 0xC0, 0x00, 0x00, 0x01, 0xFF, 0x00, 0x00,
    0x14, 0x07, 0xFC, 0x00, 0x02, 0xF0, 0x1F, 0xF0, 0x00, 0x0F, 0x80, 0x7F, 0xC0, 0x00, 0x7E, 0x02,
    0xFF, 0x00, 0x0B, 0xF4, 0xFF, 0xFF, 0xFF, 0xFF, 0xD3, 0xFF, 0xFF, 0xFF, 0xFF, 0x00, 0x00, 0x7E,
    0x40, 0x10, 0x00, 0xFF, 0xF9, 0xF0, 0x03, 0xFF, 0xFF, 0xE0, 0x03, 0x41, 0xFF, 0xC0, 0x00, 0x00,
    0x05, 0x00, 0x00, 0x00, 0x00, 0x00, 0x00, 0x00, 0x00, 0x00, 0x00, 0x01, 0x54, 0x00, 0x00, 0x7F,
    0xFF, 0x80, 0x02, 0xFE, 0xAF, 0xF0, 0x0B, 0xF0, 0x03, 0xF8, 0x1F, 0xD0, 0x02, 0xFC, 0x3F, 0xC0,
    0x01, 0xFD, 0x3F, 0x80, 0x01, 0xFD, 0x7F, 0x80, 0x02, 0xFD, 0x7F, 0xFF, 0xFF, 0xFC, 0xBF, 0xFF,
    0xFF, 0xFC, 0xBF, 0x80, 0x00, 0x00, 0x7F, 0x80, 0x00, 0x00, 0x3F, 0xC0, 0x00, 0x00, 0x3F, 0xE0,
    0x00, 0x00, 0x1F, 0xF4, 0x00, 0x2C, 0x0F, 0xFF, 0x9A, 0xFC, 0x03, 0xFF, 0xFF, 0xF0, 0x00, 0xBF,
    0xFF, 0x80, 0x00, 0x05, 0x54, 0x00, 0x00, 0x00, 0x07, 0xC0, 0x00, 0x00, 0x00, 0x7F, 0x40, 0x00,
    0x00, 0x07, 0xFC, 0x00, 0x00, 0x00, 0xBF, 0xD0, 0x00, 0x00, 0x0B, 0xF4, 0x00, 0x00, 0x00, 0x28,
    0x00, 0x00, 0x00, 0x00, 0x01, 0x00, 0x00, 0x00, 0x00, 0x2F, 0x40, 0x00, 0x00, 0x02, 0xFF, 0x40,
    0x00, 0x00, 0x1F, 0xFF, 0x00, 0x00, 0x01, 0xFD, 0xBF, 0x00, 0x00, 0x1F, 0x80, 0x7F, 0x00, 0x00,
    0x74, 0x00, 0x2C, 0x00, 0x00, 0x00, 0x00, 0x00, 0x01, 0x55, 0x55, 0x55, 0x54, 0x0F, 0xFF, 0xFF,
    0xFF, 0xF0, 0x2B, 0xFF, 0xAA, 0xFF, 0xD0, 0x07, 0xFC, 0x00, 0x2F, 0x80, 0x1F, 0xF0, 0x00, 0x3F,
    0x00, 0x7F, 0xC0, 0x00, 0x7C, 0x01, 0xFF, 0x00, 0x00, 0x90, 0x07, 0xFC, 0x00, 0x00, 0x00, 0x1F,
    0xF0, 0x02, 0xC0, 0x00, 0x7F, 0xC0, 0x0F, 0x00, 0x01, 0xFF, 0x00, 0xBC, 0x00, 0x07, 0xFF, 0xFF,
    0xF0, 0x00, 0x1F, 0xFF, 0xFF, 0xC0, 0x00, 0x7F, 0xD5, 0x7F, 0x00, 0x01, 0xFF, 0x00, 0x3C, 0x00,
    0x07, 0xFC, 0x00, 0xF0, 0x00, 0x1F, 0xF0, 0x00, 0x00, 0x00, 0x7F, 0xC0, 0x00, 0x05, 0x01, 0xFF,
    0x00, 0x00, 0xBC, 0x07, 0xFC, 0x00, 0x03, 0xE0, 0x1F, 0xF0, 0x00, 0x1F, 0x80, 0xBF, 0xC0, 0x02,
    0xFD, 0x3F, 0xFF, 0xFF, 0xFF, 0xF4, 0xFF, 0xFF, 0xFF, 0xFF, 0xC0, 0x00, 0x00, 0x1E, 0x00, 0x00,
    0x00, 0x7F, 0x40, 0x00, 0x02, 0xFF, 0x00, 0x00, 0x0B, 0xFD, 0x00, 0x00, 0x2F, 0xD0, 0x00, 0x00,
    0x28, 0x00, 0x00, 0x00, 0x00, 0x00, 0x00, 0x00, 0x03, 0xF0, 0x00, 0x00, 0x0B, 0xF8, 0x00, 0x00,
    0x1F, 0xFD, 0x00, 0x00, 0x3F, 0xBF, 0x00, 0x00, 0xFC, 0x0F, 0xC0, 0x02, 0xE0, 0x02, 0xE0, 0x00,
    0x40, 0x00, 0x40, 0x00, 0x00, 0x00, 0x00, 0x00, 0x01, 0x54, 0x00, 0x00, 0x7F, 0xFF, 0x80, 0x02,
    0xFE, 0xAF, 0xF0, 0x0B, 0xF0, 0x03, 0xF8, 0x1F, 0xD0, 0x02, 0xFC, 0x3F, 0xC0, 0x01, 0xFD, 0x3F,
    0x80, 0x01, 0xFD, 0x7F, 0x80, 0x02, 0xFD, 0x7F, 0xFF, 0xFF, 0xFC, 0xBF, 0xFF, 0xFF, 0xFC, 0xBF,
    0x80, 0x00, 0x00, 0x7F, 0x80, 0x00, 0x00, 0x3F, 0xC0, 0x00, 0x00, 0x3F, 0xE0, 0x00, 0x00, 0x1F,
    0xF4, 0x00, 0x2C, 0x0F, 0xFF, 0x9A, 0xFC, 0x03, 0xFF, 0xFF, 0xF0, 0x00, 0xBF, 0xFF, 0x80, 0x00,
    0x05, 0x54, 0x00, 0x00, 0x07, 0x80, 0x00, 0x00, 0x00, 0x3F, 0x80, 0x00, 0x00, 0x00, 0xFF, 0x80,
    0x00, 0x00, 0x00, 0xFF, 0xC0, 0x00, 0x00, 0x00, 0x2F, 0xC0, 0x00, 0x00, 0x00, 0x07, 0x00, 0x00,
    0x00, 0x01, 0x00, 0x00, 0x00, 0x00, 0x2F, 0x40, 0x00, 0x00, 0x02, 0xFF, 0x40, 0x00, 0x00, 0x1F,
    0xFF, 0x00, 0x00, 0x01, 0xFD, 0xBF, 0x00, 0x00, 0x1F, 0x80, 0x7F, 0x00, 0x00, 0x74, 0x00, 0x2C,
    0x00, 0x00, 0x00, 0x00, 0x00, 0x01, 0x55, 0x55, 0x55, 0x54, 0x0F, 0xFF, 0xFF, 0xFF, 0xF0, 0x2B,
    0xFF, 0xAA, 0xFF, 0xD0, 0x07, 0xFC, 0x00, 0x2F, 0x80, 0x1F, 0xF0, 0x00, 0x3F, 0x00, 0x7F, 0xC0,
    0x00, 0x7C, 0x01, 0xFF, 0x00, 0x00, 0x90, 0x07, 0xFC, 0x00, 0x00, 0x00, 0x1F, 0xF0, 0x02, 0xC0,
    0x00, 0x7F, 0xC0, 0x0F, 0x00, 0x01, 0xFF, 0x00, 0xBC, 0x00, 0x07, 0xFF, 0xFF, 0xF0, 0x00, 0x1F,
    0xFF, 0xFF, 0xC0, 0x00, 0x7F, 0xD5, 0x7F, 0x00, 0x01, 0xFF, 0x00, 0x3C, 0x00, 0x07, 0xFC, 0x00,
    0xF0, 0x00, 0x1F, 0xF0, 0x00, 0x00, 0x00, 0x7F, 0xC0, 0x00, 0x05, 0x01, 0xFF, 0x00, 0x00, 0xBC,
    0x07, 0xFC, 0x00, 0x03, 0xE0, 0x1F, 0xF0, 0x00, 0x1F, 0x80, 0xBF, 0xC0, 0x02, 0xFD, 0x3F, 0xFF,
    0xFF, 0xFF, 0xF4, 0xFF, 0xFF, 0xFF, 0xFF, 0xC0, 0x00, 0x2D, 0x00, 0x00, 0x00, 0x3F, 0x80, 0x00,
    0x00, 0x3F, 0xE0, 0x00, 0x00, 0x1F, 0xF8, 0x00, 0x00, 0x01, 0xBE, 0x00, 0x00, 0x00, 0x0B, 0x00,
    0x00, 0x00, 0x00, 0x00, 0x00, 0x03, 0xF0, 0x00, 0x00, 0x0B, 0xF8, 0x00, 0x00, 0x1F, 0xFD, 0x00,
    0x00, 0x3F, 0xBF, 0x00, 0x00, 0xFC, 0x0F, 0xC0, 0x02, 0xE0, 0x02, 0xE0, 0x00, 0x40, 0x00, 0x40,
    0x00, 0x00, 0x00, 0x00, 0x00, 0x01, 0x54, 0x00, 0x00, 0x7F, 0xFF, 0x80, 0x02, 0xFE, 0xAF, 0xF0,
    0x0B, 0xF0, 0x03, 0xF8, 0x1F, 0xD0, 0x02, 0xFC, 0x3F, 0xC0, 0x01, 0xFD, 0x3F, 0x80, 0x01, 0xFD,
    0x7F, 0x80, 0x02, 0xFD, 0x7F, 0xFF, 0xFF, 0xFC, 0xBF, 0xFF, 0xFF, 0xFC, 0xBF, 0x80, 0x00, 0x00,
    0x7F, 0x80, 0x00, 0x00, 0x3F, 0xC0, 0x00, 0x00, 0x3F, 0xE0, 0x00, 0x00, 0x1F, 0xF4, 0x00, 0x2C,
    0x0F, 0xFF, 0x9A, 0xFC, 0x03, 0xFF, 0xFF, 0xF0, 0x00, 0xBF, 0xFF, 0x80, 0x00, 0x05, 0x54, 0x00,
    0x00, 0x00, 0x00, 0xBF, 0xE0, 0x00, 0x00, 0x03, 0xFB, 0xF8, 0x00, 0x00, 0x07, 0xD0, 0xFC, 0x00,
    0x00, 0x07, 0xD0, 0xFC, 0x00, 0x00, 0x00, 0x03, 0xF8, 0x00, 0x00, 0x10, 0x0F, 0xE0, 0x00, 0x00,
    0xBD, 0x1F, 0x80, 0x00, 0x02, 0xFF, 0x4A, 0x00, 0x00, 0x07, 0xFF, 0xC0, 0x00, 0x00, 0x1F, 0xDB,
    0xF0, 0x00, 0x00, 0x7E, 0x01, 0xFC, 0x00, 0x00, 0x74, 0x00, 0x1C, 0x00, 0x00, 0x00, 0x00, 0x00,
    0x00, 0x15, 0x55, 0x55, 0x55, 0x40, 0x3F, 0xFF, 0xFF, 0xFF, 0xC0, 0x2B, 0xFF, 0xAA, 0xFF, 0xD0,
    0x01, 0xFF, 0x00, 0x0B, 0xE0, 0x01, 0xFF, 0x00, 0x03, 0xF0, 0x01, 0xFF, 0x00, 0x01, 0xF0, 0x01,
    0xFF, 0x00, 0x00, 0x90, 0x01, 0xFF, 0x00, 0x00, 0x00, 0x01, 0xFF, 0x00, 0x2C, 0x00, 0x01, 0xFF,
    0x00, 0x3C, 0x00, 0x01, 0xFF, 0x00, 0xBC, 0x00, 0x01, 0xFF, 0xFF, 0xFC, 0x00, 0x01, 0xFF, 0xFF,
    0xFC, 0x00, 0x01, 0xFF, 0x55, 0xFC, 0x00, 0x01, 0xFF, 0x00, 0x3C, 0x00, 0x01, 0xFF, 0x00, 0x3C,
    0x00, 0x01, 0xFF, 0x00, 0x00, 0x00, 0x01, 0xFF, 0x00, 0x00, 0x14, 0x01, 0xFF, 0x00, 0x00, 0xBC,
    0x01, 0xFF, 0x00, 0x00, 0xF8, 0x01, 0xFF, 0x00, 0x01, 0xF8, 0x02, 0xFF, 0x00, 0x0B, 0xF4, 0x3F,
    0xFF, 0xFF, 0xFF, 0xF4, 0x3F, 0xFF, 0xFF, 0xFF, 0xF0, 0x00, 0x00, 0x00, 0x54, 0x00, 0x00, 0x00,
    0xBF, 0xF8, 0x00, 0x00, 0x2F, 0x5F, 0xD0, 0x00, 0x03, 0xF0, 0x7E, 0x00, 0x00, 0x1E, 0x0F, 0xD0,
    0x00, 0x00, 0x03, 0xF8, 0x00, 0x00, 0x00, 0xBE, 0x00, 0x00, 0x3F, 0x0F, 0xC0, 0x00, 0x0B, 0xF8,
    0x00, 0x00, 0x01, 0xFF, 0xD0, 0x00, 0x00, 0x3F, 0xBF, 0x00, 0x00, 0x0F, 0xC0, 0xFC, 0x00, 0x02,
    0xE0, 0x02, 0xE0, 0x00, 0x04, 0x00, 0x04, 0x00, 0x00, 0x00, 0x00, 0x00, 0x00, 0x00, 0x15, 0x40,
    0x00, 0x00, 0x7F, 0xFF, 0x80, 0x00, 0x2F, 0xEA, 0xFF, 0x00, 0x0B, 0xF0, 0x03, 0xF8, 0x01, 0xFD,
    0x00, 0x2F, 0xC0, 0x3F, 0xC0, 0x01, 0xFD, 0x03, 0xF8, 0x00, 0x1F, 0xD0, 0x7F, 0x80, 0x02, 0xFD,
    0x07, 0xFF, 0xFF, 0xFF, 0xC0, 0xBF, 0xFF, 0xFF, 0xFC, 0x0B, 0xF8, 0x00, 0x00, 0x00, 0x7F, 0x80,
    0x00, 0x00, 0x03, 0xFC, 0x00, 0x00, 0x00, 0x3F, 0xE0, 0x00, 0x00, 0x01, 0xFF, 0x40, 0x02, 0xC0,
    0x0F, 0xFF, 0x9A, 0xFC, 0x00, 0x3F, 0xFF, 0xFF, 0x00, 0x00, 0xBF, 0xFF, 0x80, 0x00, 0x00, 0x55,
    0x40, 0x00, 0x00, 0x01, 0x00, 0x00, 0x00, 0x00, 0x7F, 0xD0, 0x24, 0x00, 0x03, 0xFF, 0xFF, 0xD0,
    0x00, 0x1E, 0xBF, 0xFF, 0x00, 0x00, 0x20, 0x1F, 0xF0, 0x00, 0x00, 0x00, 0x40, 0x00, 0x00, 0x00,
    0x0B, 0xD0, 0x00, 0x00, 0x00, 0xBF, 0xD0, 0x00, 0x00, 0x07, 0xFF, 0xC0, 0x00, 0x00, 0x7F, 0x6F,
    0xC0, 0x00, 0x07, 0xE0, 0x1F, 0xC0, 0x00, 0x1D, 0x00, 0x0B, 0x00, 0x00, 0x00, 0x00, 0x00, 0x00,
    0x55, 0x55, 0x55, 0x55, 0x03, 0xFF, 0xFF, 0xFF, 0xFC, 0x0A, 0xFF, 0xEA, 0xBF, 0xF4, 0x01, 0xFF,
    0x00, 0x0B, 0xE0, 0x07, 0xFC, 0x00, 0x0F, 0xC0, 0x1F, 0xF0, 0x00, 0x1F, 0x00, 0x7F, 0xC0, 0x00,
    0x24, 0x01, 0xFF, 0x00, 0x00, 0x00, 0x07, 0xFC, 0x00, 0xB0, 0x00, 0x1F, 0xF0, 0x03, 0xC0, 0x00,
    0x7F, 0xC0, 0x2F, 0x00, 0x01, 0xFF, 0xFF, 0xFC, 0x00, 0x07, 0xFF, 0xFF, 0xF0, 0x00, 0x1F, 0xF5,
    0x5F, 0xC0, 0x00, 0x7F, 0xC0, 0x0F, 0x00, 0x01, 0xFF, 0x00, 0x3C, 0x00, 0x07, 0xFC, 0x00, 0x00,
    0x00, 0x1F, 0xF0, 0x00, 0x01, 0x40, 0x7F, 0xC0, 0x00, 0x2F, 0x01, 0xFF, 0x00, 0x00, 0xF8, 0x07,
    0xFC, 0x00, 0x07, 0xE0, 0x2F, 0xF0, 0x00, 0xBF, 0x4F, 0xFF, 0xFF, 0xFF, 0xFD, 0x3F, 0xFF, 0xFF,
    0xFF, 0xF0, 0x00, 0x04, 0x00, 0x00, 0x00, 0x7F, 0xD0, 0x20, 0x00, 0xFF, 0xFE, 0xF4, 0x02, 0xEB,
    0xFF, 0xE0, 0x01, 0x40, 0x7F, 0xC0, 0x00, 0x00, 0x00, 0x00, 0x00, 0x03, 0xF0, 0x00, 0x00, 0x0B,
    0xF8, 0x00, 0x00, 0x1F, 0xFD, 0x00, 0x00, 0x3F, 0xBF, 0x00, 0x00, 0xFC, 0x0F, 0xC0, 0x02, 0xE0,
    0x02, 0xE0, 0x00, 0x40, 0x00, 0x40, 0x00, 0x00, 0x00, 0x00, 0x00, 0x01, 0x54, 0x00, 0x00, 0x7F,
    0xFF, 0x80, 0x02, 0xFE, 0xAF, 0xF0, 0x0B, 0xF0, 0x03, 0xF8, 0x1F, 0xD0, 0x02, 0xFC, 0x3F, 0xC0,
    0x01, 0xFD, 0x3F, 0x80, 0x01, 0xFD, 0x7F, 0x80, 0x02, 0xFD, 0x7F, 0xFF, 0xFF, 0xFC, 0xBF, 0xFF,
    0xFF, 0xFC, 0xBF, 0x80, 0x00, 0x00, 0x7F, 0x80, 0x00, 0x00, 0x3F, 0xC0, 0x00, 0x00, 0x3F, 0xE0,
    0x00, 0x00, 0x1F, 0xF4, 0x00, 0x2C, 0x0F, 0xFF, 0x9A, 0xFC, 0x03, 0xFF, 0xFF, 0xF0, 0x00, 0xBF,
    0xFF, 0x80, 0x00, 0x05, 0x54, 0x00, 0x00, 0x00, 0x10, 0x00, 0x00, 0x00, 0x02, 0xF4, 0x00, 0x00,
    0x00, 0x2F, 0xF4, 0x00, 0x00, 0x01, 0xFF, 0xF0, 0x00, 0x00, 0x1F, 0xDB, 0xF0, 0x00, 0x01, 0xF8,
    0x07, 0xF0, 0x00, 0x07, 0x40, 0x02, 0xC0, 0x00, 0x00, 0x00, 0x00, 0x00, 0x15, 0x55, 0x55, 0x55,
    0x40, 0xFF, 0xFF, 0xFF, 0xFF, 0x02, 0xBF, 0xFA, 0xAF, 0xFD, 0x00, 0x7F, 0xC0, 0x02, 0xF8, 0x01,
    0xFF, 0x00, 0x03, 0xF0, 0x07, 0xFC, 0x00, 0x07, 0xC0, 0x1F, 0xF0, 0x00, 0x09, 0x00, 0x7F, 0xC0,
    0x00, 0x00, 0x01, 0xFF, 0x00, 0x2C, 0x00, 0x07, 0xFC, 0x00, 0xF0, 0x00, 0x1F, 0xF0, 0x0B, 0xC0,
    0x00, 0x7F, 0xFF, 0xFF, 0x00, 0x01, 0xFF, 0xFF, 0xFC, 0x00, 0x07, 0xFD, 0x57, 0xF0, 0x00, 0x1F,
    0xF0, 0x03, 0xC0, 0x00, 0x7F, 0xC0, 0x0F, 0x00, 0x01, 0xFF, 0x00, 0x00, 0x00, 0x07, 0xFC, 0x00,
    0x00, 0x50, 0x1F, 0xF0, 0x00, 0x0B, 0xC0, 0x7F, 0xC0, 0x00, 0x3E, 0x01, 0xFF, 0x00, 0x01, 0xF8,
    0x0B, 0xFC, 0x00, 0x2F, 0xD3, 0xFF, 0xFF, 0xFF, 0xFF, 0x4F, 0xFF, 0xFF, 0xFF, 0xFC, 0x00, 0x00,
    0x00, 0x00, 0x00, 0x00, 0x00, 0x00, 0x00, 0x00, 0x00, 0x02, 0x90, 0x00, 0x00, 0x00, 0x3F, 0xD0,
    0x00, 0x00, 0x01, 0xFF, 0x80, 0x00, 0x00, 0x07, 0xFE, 0x00, 0x00, 0x00, 0x0B, 0xF0, 0x00, 0x00,
    0x00, 0x00, 0x00, 0x00, 0x00, 0x00, 0x00, 0x00, 0x00, 0x03, 0xF0, 0x00, 0x00, 0x0B, 0xF8, 0x00,
    0x00, 0x1F, 0xFD, 0x00, 0x00, 0x3F, 0xBF, 0x00, 0x00, 0xFC, 0x0F, 0xC0, 0x02, 0xE0, 0x02, 0xE0,
    0x00, 0x40, 0x00, 0x40, 0x00, 0x00, 0x00, 0x00, 0x00, 0x01, 0x54, 0x00, 0x00, 0x7F, 0xFF, 0x80,
    0x02, 0xFE, 0xAF, 0xF0, 0x0B, 0xF0, 0x03, 0xF8, 0x1F, 0xD0, 0x02, 0xFC, 0x3F, 0xC0, 0x01, 0xFD,
    0x3F, 0x80, 0x01, 0xFD, 0x7F, 0x80, 0x02, 0xFD, 0x7F, 0xFF, 0xFF, 0xFC, 0xBF, 0xFF, 0xFF, 0xFC,
    0xBF, 0x80, 0x00, 0x00, 0x7F, 0x80, 0x00, 0x00, 0x3F, 0xC0, 0x00, 0x00, 0x3F, 0xE0, 0x00, 0x00,
    0x1F, 0xF4, 0x00, 0x2C, 0x0F, 0xFF, 0x9A, 0xFC, 0x03, 0xFF, 0xFF, 0xF0, 0x00, 0xBF, 0xFF, 0x80,
    0x00, 0x05, 0x54, 0x00, 0x00, 0x00, 0x00, 0x00, 0x00, 0x01, 0xA0, 0x00, 0x00, 0x0B, 0xFC, 0x00,
    0x00, 0x0F, 0xFC, 0x00, 0x00, 0x0F, 0xFC, 0x00, 0x00, 0x07, 0xF4, 0x00, 0x00, 0x00, 0x00, 0x00,
    0x00, 0x54, 0x00, 0x2F, 0xFF, 0x01, 0xF5, 0xBE, 0x0B, 0xC0, 0xFC, 0x1A, 0x0B, 0xE0, 0x00, 0xFF,
    0x00, 0x07, 0xF0, 0x00, 0x2F, 0x00, 0x00, 0x00, 0x00, 0x55, 0x55, 0x53, 0xFF, 0xFF, 0xCA, 0xFF,
    0xF9, 0x01, 0xFF, 0x00, 0x03, 0xFC, 0x00, 0x0F, 0xF0, 0x00, 0x3F, 0xC0, 0x00, 0xFF, 0x00, 0x03,
    0xFC, 0x00, 0x0F, 0xF0, 0x00, 0x3F, 0xC0, 0x00, 0xFF, 0x00, 0x03, 0xFC, 0x00, 0x0F, 0xF0, 0x00,
    0x3F, 0xC0, 0x00, 0xFF, 0x00, 0x03, 0xFC, 0x00, 0x0F, 0xF0, 0x00, 0x3F, 0xC0, 0x00, 0xFF, 0x00,
    0x03, 0xFC, 0x00, 0x2F, 0xF4, 0x0F, 0xFF, 0xFE, 0x3F, 0xFF, 0xFC, 0x00, 0x00, 0x00, 0x7F, 0xF8,
    0x07, 0xE7, 0xF8, 0x2F, 0x03, 0xF0, 0x7C, 0x1F, 0x80, 0x01, 0xFC, 0x00, 0x1F, 0xD0, 0x00, 0xBC,
    0x00, 0x01, 0xF0, 0x00, 0x00, 0x00, 0x00, 0x00, 0x00, 0x07, 0xFF, 0xC0, 0x2F, 0xFF, 0x00, 0x1B,
    0xFC, 0x00, 0x0F, 0xF0, 0x00, 0x3F, 0xC0, 0x00, 0xFF, 0x00, 0x03, 0xFC, 0x00, 0x0F, 0xF0, 0x00,
    0x3F, 0xC0, 0x00, 0xFF, 0x00, 0x03, 0xFC, 0x00, 0x0F, 0xF0, 0x00, 0x3F, 0xC0, 0x00, 0xFF, 0x00,
    0x07, 0xFD, 0x02, 0xFF, 0xFF, 0x8B, 0xFF, 0xFE, 0x15, 0x55, 0x54, 0xFF, 0xFF, 0xF2, 0xBF, 0xFE,
    0x40, 0x7F, 0xC0, 0x00, 0xFF, 0x00, 0x03, 0xFC, 0x00, 0x0F, 0xF0, 0x00, 0x3F, 0xC0, 0x00, 0xFF,
    0x00, 0x03, 0xFC, 0x00, 0x0F, 0xF0, 0x00, 0x3F, 0xC0, 0x00, 0xFF, 0x00, 0x03, 0xFC, 0x00, 0x0F,
    0xF0, 0x00, 0x3F, 0xC0, 0x00, 0xFF, 0x00, 0x03, 0xFC, 0x00, 0x0F, 0xF0, 0x00, 0x3F, 0xC0, 0x00,
    0xFF, 0x00, 0x0B, 0xFD, 0x03, 0xFF, 0xFF, 0x8F, 0xFF, 0xFF, 0x00, 0x00, 0x00, 0x00, 0x00, 0x00,
    0x06, 0x80, 0x00, 0x7F, 0xC0, 0x02, 0xFF, 0x40, 0x0B, 0xFD, 0x00, 0x0F, 0xE0, 0x00, 0x00, 0x00,
    0x00, 0x40, 0x00, 0x7F, 0x40, 0x0F, 0xFC, 0x00, 0xFF, 0xC0, 0x0B, 0xF8, 0x00, 0x15, 0x00, 0x00,
    0x00, 0x00, 0x00, 0x00, 0x00, 0x00, 0x07, 0xFF, 0xC0, 0xBF, 0xFC, 0x01, 0xBF, 0xC0, 0x03, 0xFC,
    0x00, 0x3F, 0xC0, 0x03, 0xFC, 0x00, 0x3F, 0xC0, 0x03, 0xFC, 0x00, 0x3F, 0xC0, 0x03, 0xFC, 0x00,
    0x3F, 0xC0, 0x03, 0xFC, 0x00, 0x3F, 0xC0, 0x03, 0xFC, 0x00, 0x7F, 0xD0, 0xBF, 0xFF, 0xEB, 0xFF,
    0xFE, 0x00, 0x00, 0x00, 0x00, 0x00, 0x01, 0xA0, 0x00, 0x7F, 0xC0, 0x0B, 0xFD, 0x00, 0x7F, 0xD0,
    0x03, 0xF8, 0x00, 0x00, 0x00, 0x00, 0x00, 0x6B, 0xE9, 0x00, 0x00, 0x00, 0x2F, 0xFF, 0xFF, 0x80,
    0x00, 0x03, 0xFF, 0xAB, 0xFF, 0xC0, 0x00, 0x7F, 0xD0, 0x01, 0xFF, 0xC0, 0x03, 0xFC, 0x00, 0x00,
    0xFF, 0xC0, 0x2F, 0xD0, 0x00, 0x00, 0xFF, 0x80, 0xFF, 0x00, 0x00, 0x02, 0xFF, 0x0B, 0xF4, 0x00,
    0x00, 0x03, 0xFD, 0x3F, 0xC0, 0x00, 0x00, 0x0F, 0xF8, 0xFF, 0x00, 0x00, 0x00, 0x2F, 0xF7, 0xFC,
    0x00, 0x00, 0x00, 0xBF, 0xDF, 0xF0, 0x00, 0x00, 0x01, 0xFF, 0x7F, 0xC0, 0x00, 0x00, 0x07, 0xFD,
    0xFF, 0x00, 0x00, 0x00, 0x1F, 0xF7, 0xFC, 0x00, 0x00, 0x00, 0xBF, 0x8F, 0xF0, 0x00, 0x00, 0x02,
    0xFE, 0x3F, 0xD0, 0x00, 0x00, 0x0F, 0xF0, 0xBF, 0xC0, 0x00, 0x00, 0x3F, 0xC0, 0xFF, 0x40, 0x00,
    0x01, 0xFD, 0x02, 0xFF, 0x00, 0x00, 0x0F, 0xF0, 0x03, 0xFF, 0x00, 0x00, 0xFF, 0x00, 0x03, 0xFF,
    0x80, 0x2F, 0xF4, 0x00, 0x03, 0xFF, 0xFF, 0xFF, 0x00, 0x00, 0x01, 0xFF, 0xFF, 0xD0, 0x00, 0x00,
    0x00, 0x15, 0x50, 0x00, 0x00, 0x00, 0x00, 0x00, 0x00, 0x00, 0x00, 0x00, 0x00, 0x68, 0x00, 0x00,
    0x00, 0x00, 0x0B, 0xFC, 0x00, 0x00, 0x00, 0x00, 0x3F, 0xF0, 0x00, 0x00, 0x00, 0x00, 0xBF, 0xC0,
    0x00, 0x00, 0x00, 0x00, 0xFD, 0x00, 0x00, 0x00, 0x00, 0x00, 0x00, 0x00, 0x00, 0x00, 0x01, 0x54,
    0x00, 0x00, 0x07, 0xFF, 0xFD, 0x00, 0x02, 0xFF, 0xFF, 0xFC, 0x00, 0xBF, 0x40, 0x3F, 0xF0, 0x1F,
    0xE0, 0x00, 0xFF, 0x43, 0xFC, 0x00, 0x07, 0xFC, 0x3F, 0x80, 0x00, 0x3F, 0xC7, 0xF8, 0x00, 0x03,
    0xFD, 0x7F, 0x80, 0x00, 0x2F, 0xDB, 0xF8, 0x00, 0x02, 0xFD, 0xBF, 0x80, 0x00, 0x2F, 0xD7, 0xF8,
    0x00, 0x02, 0xFD, 0x7F, 0xC0, 0x00, 0x3F, 0xC3, 0xFD, 0x00, 0x03, 0xF8, 0x2F, 0xF0, 0x00, 0xBF,
    0x00, 0xFF, 0xC0, 0x2F, 0xE0, 0x03, 0xFF, 0xFF, 0xF8, 0x00, 0x0B, 0xFF, 0xFD, 0x00, 0x00, 0x01,
    0x54, 0x00, 0x00, 0x00, 0x00, 0x00, 0x00, 0x00, 0x00, 0xA4, 0x00, 0x00, 0x00, 0x3F, 0xD0, 0x00,
    0x00, 0x07, 0xFE, 0x00, 0x00, 0x00, 0x7F, 0xD0, 0x00, 0x00, 0x02, 0xF8, 0x00, 0x00, 0x00, 0x00,
    0x00, 0x00, 0x00, 0x00, 0x05, 0x40, 0x00, 0x00, 0x00, 0x02, 0xFF, 0xE0, 0x00, 0x00, 0x00, 0x2F,
    0x5B, 0xE0, 0x00, 0x00, 0x00, 0xBC, 0x0F, 0xC0, 0x00, 0x00, 0x01, 0xA0, 0xBE, 0x00, 0x00, 0x00,
    0x00, 0x0F, 0xF0, 0x00, 0x00, 0x00, 0x00, 0xBF, 0x00, 0x00, 0x00, 0x00, 0x02, 0xF0, 0x00, 0x00,
    0x00, 0x00, 0x00, 0x00, 0x00, 0x00, 0x00, 0x01, 0xAF, 0xA4, 0x00, 0x00, 0x00, 0xBF, 0xFF, 0xFE,
    0x00, 0x00, 0x0F, 0xFE, 0xAF, 0xFF, 0x00, 0x01, 0xFF, 0x40, 0x07, 0xFF, 0x00, 0x0F, 0xF0, 0x00,
    0x03, 0xFF, 0x00, 0xBF, 0x40, 0x00, 0x03, 0xFE, 0x03, 0xFC, 0x00, 0x00, 0x0B, 0xFC, 0x2F, 0xD0,
    0x00, 0x00, 0x0F, 0xF4, 0xFF, 0x00, 0x00, 0x00, 0x3F, 0xE3, 0xFC, 0x00, 0x00, 0x00, 0xBF, 0xDF,
    0xF0, 0x00, 0x00, 0x02, 0xFF, 0x7F, 0xC0, 0x00, 0x00, 0x07, 0xFD, 0xFF, 0x00, 0x00, 0x00, 0x1F,
    0xF7, 0xFC, 0x00, 0x00, 0x00, 0x7F, 0xDF, 0xF0, 0x00, 0x00, 0x02, 0xFE, 0x3F, 0xC0, 0x00, 0x00,
    0x0B, 0xF8, 0xFF, 0x40, 0x00, 0x00, 0x3F, 0xC2, 0xFF, 0x00, 0x00, 0x00, 0xFF, 0x03, 0xFD, 0x00,
    0x00, 0x07, 0xF4, 0x0B, 0xFC, 0x00, 0x00, 0x3F, 0xC0, 0x0F, 0xFC, 0x00, 0x03, 0xFC, 0x00, 0x0F,
    0xFE, 0x00, 0xBF, 0xD0, 0x00, 0x0F, 0xFF, 0xFF, 0xFC, 0x00, 0x00, 0x07, 0xFF, 0xFF, 0x40, 0x00,
    0x00, 0x00, 0x55, 0x40, 0x00, 0x00, 0x00, 0x00, 0x00, 0x00, 0x00, 0x00, 0xBF, 0xE0, 0x00, 0x00,
    0x3E, 0x6F, 0xC0, 0x00, 0x07, 0xD0, 0xFC, 0x00, 0x00, 0x3D, 0x0F, 0xC0, 0x00, 0x00, 0x07, 0xF4,
    0x00, 0x00, 0x00, 0xFD, 0x00, 0x00, 0x00, 0x1F, 0x40, 0x00, 0x00, 0x01, 0xF0, 0x00, 0x00, 0x00,
    0x00, 0x00, 0x00, 0x00, 0x01, 0x54, 0x00, 0x00, 0x07, 0xFF, 0xFD, 0x00, 0x02, 0xFF, 0xFF, 0xFC,
    0x00, 0xBF, 0x40, 0x3F, 0xF0, 0x1F, 0xE0, 0x00, 0xFF, 0x43, 0xFC, 0x00, 0x07, 0xFC, 0x3F, 0x80,
    0x00, 0x3F, 0xC7, 0xF8, 0x00, 0x03, 0xFD, 0x7F, 0x80, 0x00, 0x2F, 0xDB, 0xF8, 0x00, 0x02, 0xFD,
    0xBF, 0x80, 0x00, 0x2F, 0xD7, 0xF8, 0x00, 0x02, 0xFD, 0x7F, 0xC0, 0x00, 0x3F, 0xC3, 0xFD, 0x00,
    0x03, 0xF8, 0x2F, 0xF0, 0x00, 0xBF, 0x00, 0xFF, 0xC0, 0x2F, 0xE0, 0x03, 0xFF, 0xFF, 0xF8, 0x00,
    0x0B, 0xFF, 0xFD, 0x00, 0x00, 0x01, 0x54, 0x00, 0x00, 0x00, 0x00, 0x00, 0x3C, 0x00, 0x00, 0x00,
    0x00, 0x07, 0xF4, 0x00, 0x00, 0x00, 0x00, 0x7F, 0xD0, 0x00, 0x00, 0x00, 0x07, 0xFD, 0x00, 0x00,
    0x00, 0x00, 0xBF, 0x40, 0x00, 0x00, 0x00, 0x02, 0x90, 0x00, 0x00, 0x00, 0x00, 0x00, 0x10, 0x00,
    0x00, 0x00, 0x00, 0x02, 0xF4, 0x00, 0x00, 0x00, 0x00, 0x2F, 0xF0, 0x00, 0x00, 0x00, 0x01, 0xFF,
    0xF0, 0x00, 0x00, 0x00, 0x1F, 0xDB, 0xF0, 0x00, 0x00, 0x01, 0xF8, 0x07, 0xF0, 0x00, 0x00, 0x07,
    0x40, 0x02, 0xC0, 0x00, 0x00, 0x00, 0x00, 0x00, 0x00, 0x00, 0x00, 0x06, 0xBE, 0x90, 0x00, 0x00,
    0x02, 0xFF, 0xFF, 0xF8, 0x00, 0x00, 0x3F, 0xFA, 0xBF, 0xFC, 0x00, 0x07, 0xFD, 0x00, 0x1F, 0xFC,
    0x00, 0x3F, 0xC0, 0x00, 0x0F, 0xFC, 0x02, 0xFD, 0x00, 0x00, 0x0F, 0xF8, 0x0F, 0xF0, 0x00, 0x00,
    0x2F, 0xF0, 0xBF, 0x40, 0x00, 0x00, 0x3F, 0xD3, 0xFC, 0x00, 0x00, 0x00, 0xFF, 0x8F, 0xF0, 0x00,
    0x00, 0x02, 0xFF, 0x7F, 0xC0, 0x00, 0x00, 0x0B, 0xFD, 0xFF, 0x00, 0x00, 0x00, 0x1F, 0xF7, 0xFC,
    0x00, 0x00, 0x00, 0x7F, 0xDF, 0xF0, 0x00, 0x00, 0x01, 0xFF, 0x7F, 0xC0, 0x00, 0x00, 0x0B, 0xF8,
    0xFF, 0x00, 0x00, 0x00, 0x2F, 0xE3, 0xFD, 0x00, 0x00, 0x00, 0xFF, 0x0B, 0xFC, 0x00, 0x00, 0x03,
    0xFC, 0x0F, 0xF4, 0x00, 0x00, 0x1F, 0xD0, 0x2F, 0xF0, 0x00, 0x00, 0xFF, 0x00, 0x3F, 0xF0, 0x00,
    0x0F, 0xF0, 0x00, 0x3F, 0xF8, 0x02, 0xFF, 0x40, 0x00, 0x3F, 0xFF, 0xFF, 0xF0, 0x00, 0x00, 0x1F,
    0xFF, 0xFD, 0x00, 0x00, 0x00, 0x01, 0x55, 0x00, 0x00, 0x00, 0x00, 0x00, 0x0F, 0x00, 0x00, 0x00,
    0x03, 0xF8, 0x00, 0x00, 0x00, 0xFF, 0x80, 0x00, 0x00, 0x7F, 0xE0, 0x00, 0x00, 0x1F, 0xE0, 0x00,
    0x00, 0x01, 0xD0, 0x00, 0x00, 0x00, 0x00, 0x00, 0x00, 0x00, 0x00, 0x1F, 0x40, 0x00, 0x00, 0x03,
    0xFC, 0x00, 0x00, 0x00, 0xFF, 0xF0, 0x00, 0x00, 0x2F, 0xEF, 0x80, 0x00, 0x07, 0xE0, 0x7D, 0x00,
    0x00, 0xF4, 0x01, 0xF0, 0x00, 0x04, 0x00, 0x01, 0x00, 0x00, 0x00, 0x00, 0x00, 0x00, 0x00, 0x15,
    0x40, 0x00, 0x00, 0x7F, 0xFF, 0xD0, 0x00, 0x2F, 0xFF, 0xFF, 0xC0, 0x0B, 0xF4, 0x03, 0xFF, 0x01,
    0xFE, 0x00, 0x0F, 0xF4, 0x3F, 0xC0, 0x00, 0x7F, 0xC3, 0xF8, 0x00, 0x03, 0xFC, 0x7F, 0x80, 0x00,
    0x3F, 0xD7, 0xF8, 0x00, 0x02, 0xFD, 0xBF, 0x80, 0x00, 0x2F, 0xDB, 0xF8, 0x00, 0x02, 0xFD, 0x7F,
    0x80, 0x00, 0x2F, 0xD7, 0xFC, 0x00, 0x03, 0xFC, 0x3F, 0xD0, 0x00, 0x3F, 0x82, 0xFF, 0x00, 0x0B,
    0xF0, 0x0F, 0xFC, 0x02, 0xFE, 0x00, 0x3F, 0xFF, 0xFF, 0x80, 0x00, 0xBF, 0xFF, 0xD0, 0x00, 0x00,
    0x15, 0x40, 0x00, 0x00, 0x00, 0xB8, 0x00, 0x00, 0x00, 0x00, 0x03, 0xF8, 0x00, 0x00, 0x00, 0x00,
    0x0F, 0xF8, 0x00, 0x00, 0x00, 0x00, 0x0F, 0xFC, 0x00, 0x00, 0x00, 0x00, 0x02, 0xFC, 0x00, 0x00,
    0x00, 0x00, 0x00, 0xB0, 0x00, 0x00, 0x00, 0x00, 0x10, 0x00, 0x00, 0x00, 0x00, 0x02, 0xF4, 0x00,
    0x00, 0x00, 0x00, 0x2F, 0xF0, 0x00, 0x00, 0x00, 0x01, 0xFF, 0xF0, 0x00, 0x00, 0x00, 0x1F, 0xDB,
    0xF0, 0x00, 0x00, 0x01, 0xF8, 0x07, 0xF0, 0x00, 0x00, 0x07, 0x40, 0x02, 0xC0, 0x00, 0x00, 0x00,
    0x00, 0x00, 0x00, 0x00, 0x00, 0x06, 0xBE, 0x90, 0x00, 0x00, 0x02, 0xFF, 0xFF, 0xF8, 0x00, 0x00,
    0x3F, 0xFA, 0xBF, 0xFC, 0x00, 0x07, 0xFD, 0x00, 0x1F, 0xFC, 0x00, 0x3F, 0xC0, 0x00, 0x0F, 0xFC,
    0x02, 0xFD, 0x00, 0x00, 0x0F, 0xF8, 0x0F, 0xF0, 0x00, 0x00, 0x2F, 0xF0, 0xBF, 0x40, 0x00, 0x00,
    0x3F, 0xD3, 0xFC, 0x00, 0x00, 0x00, 0xFF, 0x8F, 0xF0, 0x00, 0x00, 0x02, 0xFF, 0x7F, 0xC0, 0x00,
    0x00, 0x0B, 0xFD, 0xFF, 0x00, 0x00, 0x00, 0x1F, 0xF7, 0xFC, 0x00, 0x00, 0x00, 0x7F, 0xDF, 0xF0,
    0x00, 0x00, 0x01, 0xFF, 0x7F, 0xC0, 0x00, 0x00, 0x0B, 0xF8, 0xFF, 0x00, 0x00, 0x00, 0x2F, 0xE3,
    0xFD, 0x00, 0x00, 0x00, 0xFF, 0x0B, 0xFC, 0x00, 0x00, 0x03, 0xFC, 0x0F, 0xF4, 0x00, 0x00, 0x1F,
    0xD0, 0x2F, 0xF0, 0x00, 0x00, 0xFF, 0x00, 0x3F, 0xF0, 0x00, 0x0F, 0xF0, 0x00, 0x3F, 0xF8, 0x02,
    0xFF, 0x40, 0x00, 0x3F, 0xFF, 0xFF, 0xF0, 0x00, 0x00, 0x1F, 0xFF, 0xFD, 0x00, 0x00, 0x00, 0x01,
    0x55, 0x00, 0x00, 0x00, 0x00, 0x1E, 0x00, 0x00, 0x00, 0x03, 0xF8, 0x00, 0x00, 0x00, 0x3F, 0xE0,
    0x00, 0x00, 0x00, 0xFF, 0xC0, 0x00, 0x00, 0x00, 0xBF, 0x00, 0x00, 0x00, 0x00, 0x70, 0x00, 0x00,
    0x00, 0x00, 0x00, 0x00, 0x00, 0x1F, 0x40, 0x00, 0x00, 0x03, 0xFC, 0x00, 0x00, 0x00, 0xFF, 0xF0,
    0x00, 0x00, 0x2F, 0xEF, 0x80, 0x00, 0x07, 0xE0, 0x7D, 0x00, 0x00, 0xF4, 0x01, 0xF0, 0x00, 0x04,
    0x00, 0x01, 0x00, 0x00, 0x00, 0x00, 0x00, 0x00, 0x00, 0x15, 0x40, 0x00, 0x00, 0x7F, 0xFF, 0xD0,
    0x00, 0x2F, 0xFF, 0xFF, 0xC0, 0x0B, 0xF4, 0x03, 0xFF, 0x01, 0xFE, 0x00, 0x0F, 0xF4, 0x3F, 0xC0,
    0x00, 0x7F, 0xC3, 0xF8, 0x00, 0x03, 0xFC, 0x7F, 0x80, 0x00, 0x3F, 0xD7, 0xF8, 0x00, 0x02, 0xFD,
    0xBF, 0x80, 0x00, 0x2F, 0xDB, 0xF8, 0x00, 0x02, 0xFD, 0x7F, 0x80, 0x00, 0x2F, 0xD7, 0xFC, 0x00,
    0x03, 0xFC, 0x3F, 0xD0, 0x00, 0x3F, 0x82, 0xFF, 0x00, 0x0B, 0xF0, 0x0F, 0xFC, 0x02, 0xFE, 0x00,
    0x3F, 0xFF, 0xFF, 0x80, 0x00, 0xBF, 0xFF, 0xD0, 0x00, 0x00, 0x15, 0x40, 0x00, 0x00, 0x00, 0x00,
    0x0B, 0xFE, 0x00, 0x00, 0x00, 0x00, 0xFE, 0xFE, 0x00, 0x00, 0x00, 0x07, 0xD0, 0xFC, 0x00, 0x00,
    0x00, 0x1F, 0x43, 0xF0, 0x00, 0x00, 0x00, 0x00, 0x7F, 0x40, 0x00, 0x00, 0x04, 0x03, 0xF8, 0x00,
    0x00, 0x00, 0xBD, 0x1F, 0x40, 0x00, 0x00, 0x0B, 0xFC, 0x28, 0x00, 0x00, 0x00, 0x7F, 0xFC, 0x00,
    0x00, 0x00, 0x07, 0xF6, 0xFC, 0x00, 0x00, 0x00, 0x7E, 0x01, 0xFC, 0x00, 0x00, 0x01, 0xD0, 0x00,
    0xB0, 0x00, 0x00, 0x00, 0x00, 0x00, 0x00, 0x00, 0x00, 0x01, 0xAF, 0xA4, 0x00, 0x00, 0x00, 0xBF,
    0xFF, 0xFE, 0x00, 0x00, 0x0F, 0xFE, 0xAF, 0xFF, 0x00, 0x01, 0xFF, 0x40, 0x07, 0xFF, 0x00, 0x0F,
    0xF0, 0x00, 0x03, 0xFF, 0x00, 0xBF, 0x40, 0x00, 0x03, 0xFE, 0x03, 0xFC, 0x00, 0x00, 0x0B, 0xFC,
    0x2F, 0xD0, 0x00, 0x00, 0x0F, 0xF4, 0xFF, 0x00, 0x00, 0x00, 0x3F, 0xE3, 0xFC, 0x00, 0x00, 0x00,
    0xBF, 0xDF, 0xF0, 0x00, 0x00, 0x02, 0xFF, 0x7F, 0xC0, 0x00, 0x00, 0x07, 0xFD, 0xFF, 0x00, 0x00,
    0x00, 0x1F, 0xF7, 0xFC, 0x00, 0x00, 0x00, 0x7F, 0xDF, 0xF0, 0x00, 0x00, 0x02, 0xFE, 0x3F, 0xC0,
    0x00, 0x00, 0x0B, 0xF8, 0xFF, 0x40, 0x00, 0x00, 0x3F, 0xC2, 0xFF, 0x00, 0x00, 0x00, 0xFF, 0x03,
    0xFD, 0x00, 0x00, 0x07, 0xF4, 0x0B, 0xFC, 0x00, 0x00, 0x3F, 0xC0, 0x0F, 0xFC, 0x00, 0x03, 0xFC,
    0x00, 0x0F, 0xFE, 0x00, 0xBF, 0xD0, 0x00, 0x0F, 0xFF, 0xFF, 0xFC, 0x00, 0x00, 0x07, 0xFF, 0xFF,
    0x40, 0x00, 0x00, 0x00, 0x55, 0x40, 0x00, 0x00, 0x00, 0x00, 0x00, 0x14, 0x00, 0x00, 0x00, 0x1F,
    0xFF, 0x00, 0x00, 0x00, 0xF4, 0x7F, 0x00, 0x00, 0x07, 0xD0, 0xFC, 0x00, 0x00, 0x0A, 0x07, 0xF0,
    0x00, 0x00, 0x00, 0xBF, 0x00, 0x00, 0x00, 0x03, 0xF0, 0x00, 0x00, 0x7D, 0x1F, 0x40, 0x00, 0x03,
    0xFC, 0x00, 0x00, 0x00, 0x3F, 0xFC, 0x00, 0x00, 0x02, 0xFE, 0xF8, 0x00, 0x00, 0x1F, 0x81, 0xF4,
    0x00, 0x00, 0xF4, 0x01, 0xF0, 0x00, 0x01, 0x00, 0x00, 0x40, 0x00, 0x00, 0x00, 0x00, 0x00, 0x00,
    0x00, 0x55, 0x00, 0x00, 0x00, 0x7F, 0xFF, 0xD0, 0x00, 0x0B, 0xFF, 0xFF, 0xF0, 0x00, 0xBF, 0x40,
    0x3F, 0xF0, 0x07, 0xF8, 0x00, 0x3F, 0xD0, 0x3F, 0xC0, 0x00, 0x7F, 0xC0, 0xFE, 0x00, 0x00, 0xFF,
    0x07, 0xF8, 0x00, 0x03, 0xFD, 0x1F, 0xE0, 0x00, 0x0B, 0xF4, 0xBF, 0x80, 0x00, 0x2F, 0xD2, 0xFE,
    0x00, 0x00, 0xBF, 0x47, 0xF8, 0x00, 0x02, 0xFD, 0x1F, 0xF0, 0x00, 0x0F, 0xF0, 0x3F, 0xD0, 0x00,
    0x3F, 0x80, 0xBF, 0xC0, 0x02, 0xFC, 0x00, 0xFF, 0xC0, 0x2F, 0xE0, 0x00, 0xFF, 0xFF, 0xFE, 0x00,
    0x00, 0xBF, 0xFF, 0xD0, 0x00, 0x00, 0x05, 0x50, 0x00, 0x00, 0x00, 0x00, 0x10, 0x00, 0x00, 0x00,
    0x00, 0x07, 0xFD, 0x02, 0x40, 0x00, 0x00, 0x3F, 0xFF, 0xFD, 0x00, 0x00, 0x01, 0xEB, 0xFF, 0xF0,
    0x00, 0x00, 0x02, 0x01, 0xFF, 0x00, 0x00, 0x00, 0x00, 0x04, 0x00, 0x00, 0x00, 0x00, 0x00, 0xBD,
    0x00, 0x00, 0x00, 0x00, 0x0B, 0xFC, 0x00, 0x00, 0x00, 0x00, 0x7F, 0xFC, 0x00, 0x00, 0x00, 0x07,
    0xF6, 0xFC, 0x00, 0x00, 0x00, 0x7E, 0x01, 0xFC, 0x00, 0x00, 0x01, 0xD0, 0x00, 0xB0, 0x00, 0x00,
    0x00, 0x00, 0x00, 0x00, 0x00, 0x00, 0x01, 0xAF, 0xA4, 0x00, 0x00, 0x00, 0xBF, 0xFF, 0xFE, 0x00,
    0x00, 0x0F, 0xFE, 0xAF, 0xFF, 0x00, 0x01, 0xFF, 0x40, 0x07, 0xFF, 0x00, 0x0F, 0xF0, 0x00, 0x03,
    0xFF, 0x00, 0xBF, 0x40, 0x00, 0x03, 0xFE, 0x03, 0xFC, 0x00, 0x00, 0x0B, 0xFC, 0x2F, 0xD0, 0x00,
    0x00, 0x0F, 0xF4, 0xFF, 0x00, 0x00, 0x00, 0x3F, 0xE3, 0xFC, 0x00, 0x00, 0x00, 0xBF, 0xDF, 0xF0,
    0x00, 0x00, 0x02, 0xFF, 0x7F, 0xC0, 0x00, 0x00, 0x07, 0xFD, 0xFF, 0x00, 0x00, 0x00, 0x1F, 0xF7,
    0xFC, 0x00, 0x00, 0x00, 0x7F, 0xDF, 0xF0, 0x00, 0x00, 0x02, 0xFE, 0x3F, 0xC0, 0x00, 0x00, 0x0B,
    0xF8, 0xFF, 0x40, 0x00, 0x00, 0x3F, 0xC2, 0xFF, 0x00, 0x00, 0x00, 0xFF, 0x03, 0xFD, 0x00, 0x00,
    0x07, 0xF4, 0x0B, 0xFC, 0x00, 0x00, 0x3F, 0xC0, 0x0F, 0xFC, 0x00, 0x03, 0xFC, 0x00, 0x0F, 0xFE,
    0x00, 0xBF, 0xD0, 0x00, 0x0F, 0xFF, 0xFF, 0xFC, 0x00, 0x00, 0x07, 0xFF, 0xFF, 0x40, 0x00, 0x00,
    0x00, 0x55, 0x40, 0x00, 0x00, 0x00, 0x04, 0x00, 0x00, 0x00, 0x03, 0xFE, 0x02, 0x40, 0x00, 0xFF,
    0xFF, 0xB8, 0x00, 0x1F, 0xBF, 0xFF, 0x00, 0x00, 0x80, 0x6F, 0xD0, 0x00, 0x00, 0x00, 0x00, 0x00,
    0x00, 0x01, 0xF4, 0x00, 0x00, 0x00, 0x3F, 0xC0, 0x00, 0x00, 0x0F, 0xFF, 0x00, 0x00, 0x02, 0xFE,
    0xF8, 0x00, 0x00, 0x7E, 0x07, 0xD0, 0x00, 0x0F, 0x40, 0x1F, 0x00, 0x00, 0x40, 0x00, 0x10, 0x00,
    0x00, 0x00, 0x00, 0x00, 0x00, 0x01, 0x54, 0x00, 0x00, 0x07, 0xFF, 0xFD, 0x00, 0x02, 0xFF, 0xFF,
    0xFC, 0x00, 0xBF, 0x40, 0x3F, 0xF0, 0x1F, 0xE0, 0x00, 0xFF, 0x43, 0xFC, 0x00, 0x07, 0xFC, 0x3F,
    0x80, 0x00, 0x3F, 0xC7, 0xF8, 0x00, 0x03, 0xFD, 0x7F, 0x80, 0x00, 0x2F, 0xDB, 0xF8, 0x00, 0x02,
    0xFD, 0xBF, 0x80, 0x00, 0x2F, 0xD7, 0xF8, 0x00, 0x02, 0xFD, 0x7F, 0xC0, 0x00, 0x3F, 0xC3, 0xFD,
    0x00, 0x03, 0xF8, 0x2F, 0xF0, 0x00, 0xBF, 0x00, 0xFF, 0xC0, 0x2F, 0xE0, 0x03, 0xFF, 0xFF, 0xF8,
    0x00, 0x0B, 0xFF, 0xFD, 0x00, 0x00, 0x01, 0x54, 0x00, 0x00, 0x00, 0x00, 0x01, 0x00, 0x00, 0x00,
    0x00, 0x00, 0x2F, 0x40, 0x00, 0x00, 0x00, 0x02, 0xFF, 0x00, 0x00, 0x00, 0x00, 0x1F, 0xFF, 0x00,
    0x00, 0x00, 0x01, 0xFD, 0xBF, 0x00, 0x00, 0x00, 0x1F, 0x80, 0x7F, 0x00, 0x00, 0x00, 0x74, 0x00,
    0x2C, 0x00, 0x00, 0x00, 0x00, 0x00, 0x00, 0x00, 0x00, 0x00, 0x6B, 0xE9, 0x00, 0x00, 0x00, 0x2F,
    0xFF, 0xFF, 0x80, 0x00, 0x03, 0xFF, 0xAB, 0xFF, 0xC0, 0x00, 0x7F, 0xD0, 0x01, 0xFF, 0xC0, 0x03,
    0xFC, 0x00, 0x00, 0xFF, 0xC0, 0x2F, 0xD0, 0x00, 0x00, 0xFF, 0x80, 0xFF, 0x00, 0x00, 0x02, 0xFF,
    0x0B, 0xF4, 0x00, 0x00, 0x03, 0xFD, 0x3F, 0xC0, 0x00, 0x00, 0x0F, 0xF8, 0xFF, 0x00, 0x00, 0x00,
    0x2F, 0xF7, 0xFC, 0x00, 0x00, 0x00, 0xBF, 0xDF, 0xF0, 0x00, 0x00, 0x01, 0xFF, 0x7F, 0xC0, 0x00,
    0x00, 0x07, 0xFD, 0xFF, 0x00, 0x00, 0x00, 0x1F, 0xF7, 0xFC, 0x00, 0x00, 0x00, 0xBF, 0x8F, 0xF0,
    0x00, 0x00, 0x02, 0xFE, 0x3F, 0xD0, 0x00, 0x00, 0x0F, 0xF0, 0xBF, 0xC0, 0x00, 0x00, 0x3F, 0xC0,
    0xFF, 0x40, 0x00, 0x01, 0xFD, 0x02, 0xFF, 0x00, 0x00, 0x0F, 0xF0, 0x03, 0xFF, 0x00, 0x00, 0xFF,
    0x00, 0x03, 0xFF, 0x80, 0x2F, 0xF4, 0x00, 0x03, 0xFF, 0xFF, 0xFF, 0x00, 0x00, 0x01, 0xFF, 0xFF,
    0xD0, 0x00, 0x00, 0x00, 0x15, 0x50, 0x00, 0x00, 0x00, 0x00, 0x00, 0x00, 0x00, 0x00, 0x00, 0x00,
    0x68, 0x00, 0x00, 0x00, 0x00, 0x0B, 0xFC, 0x00, 0x00, 0x00, 0x00, 0x3F, 0xF0, 0x00, 0x00, 0x00,
    0x00, 0xBF, 0xC0, 0x00, 0x00, 0x00, 0x00, 0xFD, 0x00, 0x00, 0x00, 0x00, 0x00, 0x00, 0x00, 0x00,
    0x00, 0x00, 0x00, 0x00, 0x00, 0x00, 0x1F, 0x40, 0x00, 0x00, 0x03, 0xFC, 0x00, 0x00, 0x00, 0xFF,
    0xF0, 0x00, 0x00, 0x2F, 0xEF, 0x80, 0x00, 0x07, 0xE0, 0x7D, 0x00, 0x00, 0xF4, 0x01, 0xF0, 0x00,
    0x04, 0x00, 0x01, 0x00, 0x00, 0x00, 0x00, 0x00, 0x00, 0x00, 0x15, 0x40, 0x00, 0x00, 0x7F, 0xFF,
    0xD0, 0x00, 0x2F, 0xFF, 0xFF, 0xC0, 0x0B, 0xF4, 0x03, 0xFF, 0x01, 0xFE, 0x00, 0x0F, 0xF4, 0x3F,
    0xC0, 0x00, 0x7F, 0xC3, 0xF8, 0x00, 0x03, 0xFC, 0x7F, 0x80, 0x00, 0x3F, 0xD7, 0xF8, 0x00, 0x02,
    0xFD, 0xBF, 0x80, 0x00, 0x2F, 0xDB, 0xF8, 0x00, 0x02, 0xFD, 0x7F, 0x80, 0x00, 0x2F, 0xD7, 0xFC,
    0x00, 0x03, 0xFC, 0x3F, 0xD0, 0x00, 0x3F, 0x82, 0xFF, 0x00, 0x0B, 0xF0, 0x0F, 0xFC, 0x02, 0xFE,
    0x00, 0x3F, 0xFF, 0xFF, 0x80, 0x00, 0xBF, 0xFF, 0xD0, 0x00, 0x00, 0x15, 0x40, 0x00, 0x00, 0x00,
    0x00, 0x00, 0x00, 0x00, 0x0A, 0x40, 0x00, 0x00, 0x03, 0xFD, 0x00, 0x00, 0x00, 0x7F, 0xE0, 0x00,
    0x00, 0x07, 0xFD, 0x00, 0x00, 0x00, 0x2F, 0x80, 0x00, 0x00, 0x00, 0x00, 0x00, 0x00, 0x00, 0x00,
    0x00, 0x2D, 0x00, 0x00, 0x00, 0x00, 0x00, 0x00, 0xFF, 0x00, 0x00, 0x00, 0x00, 0x00, 0x03, 0xFE,
    0x00, 0x00, 0x00, 0x00, 0x00, 0x0F, 0xF8, 0x00, 0x00, 0x00, 0x00, 0x00, 0x3F, 0x80, 0x00, 0x00,
    0x00, 0x00, 0x00, 0x74, 0x00, 0x00, 0x01, 0x50, 0x00, 0x00, 0x00, 0x00, 0x00, 0x07, 0xF4, 0x00,
    0x00, 0x1A, 0xA4, 0x00, 0x0F, 0xFC, 0x00, 0x07, 0xFF, 0xFF, 0xD0, 0x0B, 0xFC, 0x00, 0x3F, 0xFE,
    0xFF, 0xFC, 0x02, 0xFC, 0x00, 0xFF, 0x40, 0x07, 0xFF, 0x00, 0xB8, 0x03, 0xFC, 0x00, 0x00, 0xFF,
    0xC0, 0xF4, 0x0B, 0xF4, 0x00, 0x00, 0x3F, 0xD2, 0xE0, 0x0F, 0xF0, 0x00, 0x00, 0x2F, 0xFF, 0xC0,
    0x2F, 0xD0, 0x00, 0x00, 0x0F, 0xFE, 0x00, 0x3F, 0xC0, 0x00, 0x00, 0x0F, 0xF8, 0x00, 0x3F, 0xC0,
    0x00, 0x00, 0x0B, 0xFC, 0x00, 0x7F, 0xC0, 0x00, 0x00, 0x0B, 0xFC, 0x00, 0x7F, 0xC0, 0x00, 0x00,
    0x07, 0xFC, 0x00, 0x7F, 0xC0, 0x00, 0x00, 0x07, 0xFC, 0x00, 0x7F, 0xC0, 0x00, 0x00, 0x07, 0xFC,
    0x00, 0x7F, 0xC0, 0x00, 0x00, 0x0B, 0xF8, 0x00, 0x3F, 0xC0, 0x00, 0x00, 0x0B, 0xF8, 0x00, 0x3F,
    0xD0, 0x00, 0x00, 0x0F, 0xF4, 0x00, 0x2F, 0xF0, 0x00, 0x00, 0x0F, 0xF0, 0x00, 0x1F, 0xF0, 0x00,
    0x00, 0x2F, 0xD0, 0x00, 0x0B, 0xFC, 0x00, 0x00, 0x3F, 0xC0, 0x00, 0x03, 0xFF, 0x00, 0x00, 0xFF,
    0x40, 0x00, 0x00, 0xFF, 0xE0, 0x0B, 0xFD, 0x00, 0x00, 0x00, 0x3F, 0xFF, 0xFF, 0xF0, 0x00, 0x00,
    0x00, 0x07, 0xFF, 0xFF, 0x40, 0x00, 0x00, 0x00, 0x00, 0x15, 0x50, 0x00, 0x00, 0x00, 0x00, 0x00,
    0x00, 0x00, 0x00, 0x00, 0x00, 0x02, 0xD0, 0x00, 0x00, 0x00, 0x02, 0xFC, 0x00, 0x00, 0x00, 0x01,
    0xFF, 0x00, 0x00, 0x00, 0x00, 0xFF, 0x00, 0x00, 0x00, 0x00, 0xFE, 0x00, 0x3F, 0x80, 0x00, 0x7C,
    0x00, 0x1F, 0xF0, 0x00, 0x04, 0x00, 0x07, 0xFD, 0x00, 0x00, 0x00, 0x00, 0xBF, 0x40, 0x00, 0x55,
    0x00, 0x03, 0xC0, 0x06, 0xFF, 0xFE, 0x02, 0xE0, 0x0B, 0xFF, 0xFF, 0xF0, 0xF0, 0x0B, 0xF4, 0x03,
    0xFF, 0xF4, 0x07, 0xF8, 0x00, 0x3F, 0xF4, 0x03, 0xFC, 0x00, 0x07, 0xFC, 0x00, 0xFE, 0x00, 0x00,
    0xFF, 0x00, 0x7F, 0x80, 0x00, 0x3F, 0xD0, 0x2F, 0xE0, 0x00, 0x0B, 0xF4, 0x0B, 0xF8, 0x00, 0x02,
    0xFD, 0x02, 0xFE, 0x00, 0x00, 0xBF, 0x40, 0x7F, 0x80, 0x00, 0x2F, 0xD0, 0x1F, 0xF0, 0x00, 0x0F,
    0xF0, 0x03, 0xFD, 0x00, 0x03, 0xF8, 0x00, 0xBF, 0xC0, 0x02, 0xFC, 0x00, 0x0F, 0xFC, 0x02, 0xFE,
    0x00, 0x00, 0xFF, 0xFF, 0xFE, 0x00, 0x00, 0x0B, 0xFF, 0xFD, 0x00, 0x00, 0x00, 0x05, 0x50, 0x00,
    0x00, 0x00, 0x00, 0xF0, 0x00, 0x00, 0x00, 0x00, 0x00, 0x02, 0xFC, 0x00, 0x00, 0x00, 0x00, 0x00,
    0x01, 0xFF, 0x40, 0x00, 0x00, 0x00, 0x00, 0x00, 0xBF, 0xD0, 0x00, 0x00, 0x00, 0x00, 0x00, 0x07,
    0xF4, 0x00, 0x00, 0x00, 0x00, 0x00, 0x00, 0x64, 0x00, 0x01, 0x50, 0x00, 0x00, 0x00, 0x00, 0x00,
    0x07, 0xF4, 0x00, 0x00, 0x1A, 0xA4, 0x00, 0x0F, 0xFC, 0x00, 0x07, 0xFF, 0xFF, 0xD0, 0x0B, 0xFC,
    0x00, 0x3F, 0xFE, 0xFF, 0xFC, 0x02, 0xFC, 0x00, 0xFF, 0x40, 0x07, 0xFF, 0x00, 0xB8, 0x03, 0xFC,
    0x00, 0x00, 0xFF, 0xC0, 0xF4, 0x0B, 0xF4, 0x00, 0x00, 0x3F, 0xD2, 0xE0, 0x0F, 0xF0, 0x00, 0x00,
    0x2F, 0xFF, 0xC0, 0x2F, 0xD0, 0x00, 0x00, 0x0F, 0xFE, 0x00, 0x3F, 0xC0, 0x00, 0x00, 0x0F, 0xF8,
    0x00, 0x3F, 0xC0, 0x00, 0x00, 0x0B, 0xFC, 0x00, 0x7F, 0xC0, 0x00, 0x00, 0x0B, 0xFC, 0x00, 0x7F,
    0xC0, 0x00, 0x00, 0x07, 0xFC, 0x00, 0x7F, 0xC0, 0x00, 0x00, 0x07, 0xFC, 0x00, 0x7F, 0xC0, 0x00,
    0x00, 0x07, 0xFC, 0x00, 0x7F, 0xC0, 0x00, 0x00, 0x0B, 0xF8, 0x00, 0x3F, 0xC0, 0x00, 0x00, 0x0B,
    0xF8, 0x00, 0x3F, 0xD0, 0x00, 0x00, 0x0F, 0xF4, 0x00, 0x2F, 0xF0, 0x00, 0x00, 0x0F, 0xF0, 0x00,
    0x1F, 0xF0, 0x00, 0x00, 0x2F, 0xD0, 0x00, 0x0B, 0xFC, 0x00, 0x00, 0x3F, 0xC0, 0x00, 0x03, 0xFF,
    0x00, 0x00, 0xFF, 0x40, 0x00, 0x00, 0xFF, 0xE0, 0x0B, 0xFD, 0x00, 0x00, 0x00, 0x3F, 0xFF, 0xFF,
    0xF0, 0x00, 0x00, 0x00, 0x07, 0xFF, 0xFF, 0x40, 0x00, 0x00, 0x00, 0x00, 0x15, 0x50, 0x00, 0x00,
    0x00, 0x00, 0x00, 0x00, 0x00, 0x00, 0x00, 0x07, 0x80, 0x00, 0x00, 0x00, 0x03, 0xF4, 0x00, 0x00,
    0x00, 0x00, 0xFF, 0x00, 0x00, 0x00, 0x00, 0x0F, 0xF0, 0x00, 0x00, 0x00, 0x00, 0xBE, 0x00, 0x3F,
    0x80, 0x00, 0x07, 0xD0, 0x1F, 0xF0, 0x00, 0x00, 0x10, 0x07, 0xFD, 0x00, 0x00, 0x00, 0x00, 0xBF,
    0x40, 0x00, 0x55, 0x00, 0x03, 0xC0, 0x06, 0xFF, 0xFE, 0x02, 0xE0, 0x0B, 0xFF, 0xFF, 0xF0, 0xF0,
    0x0B, 0xF4, 0x03, 0xFF, 0xF4, 0x07, 0xF8, 0x00, 0x3F, 0xF4, 0x03, 0xFC, 0x00, 0x07, 0xFC, 0x00,
    0xFE, 0x00, 0x00, 0xFF, 0x00, 0x7F, 0x80, 0x00, 0x3F, 0xD0, 0x2F, 0xE0, 0x00, 0x0B, 0xF4, 0x0B,
    0xF8, 0x00, 0x02, 0xFD, 0x02, 0xFE, 0x00, 0x00, 0xBF, 0x40, 0x7F, 0x80, 0x00, 0x2F, 0xD0, 0x1F,
    0xF0, 0x00, 0x0F, 0xF0, 0x03, 0xFD, 0x00, 0x03, 0xF8, 0x00, 0xBF, 0xC0, 0x02, 0xFC, 0x00, 0x0F,
    0xFC, 0x02, 0xFE, 0x00, 0x00, 0xFF, 0xFF, 0xFE, 0x00, 0x00, 0x0B, 0xFF, 0xFD, 0x00, 0x00, 0x00,
    0x05, 0x50, 0x00, 0x00, 0x00, 0x00, 0x05, 0x40, 0x00, 0x00, 0x00, 0x00, 0x00, 0xBF, 0xF8, 0x00,
    0x00, 0x00, 0x00, 0x02, 0xF5, 0xFD, 0x00, 0x00, 0x00, 0x00, 0x03, 0xF0, 0x7E, 0x00, 0x00, 0x00,
    0x00, 0x01, 0xA0, 0xFD, 0x00, 0x00, 0x00, 0x00, 0x00, 0x03, 0xF8, 0x00, 0x00, 0x00, 0x00, 0x00,
    0x0B, 0xE0, 0x00, 0x00, 0x00, 0x00, 0x00, 0x0F, 0xC0, 0x00, 0x01, 0x50, 0x00, 0x00, 0x00, 0x00,
    0x00, 0x07, 0xF4, 0x00, 0x00, 0x1A, 0xA4, 0x00, 0x0F, 0xFC, 0x00, 0x07, 0xFF, 0xFF, 0xD0, 0x0B,
    0xFC, 0x00, 0x3F, 0xFE, 0xFF, 0xFC, 0x02, 0xFC, 0x00, 0xFF, 0x40, 0x07, 0xFF, 0x00, 0xB8, 0x03,
    0xFC, 0x00, 0x00, 0xFF, 0xC0, 0xF4, 0x0B, 0xF4, 0x00, 0x00, 0x3F, 0xD2, 0xE0, 0x0F, 0xF0, 0x00,
    0x00, 0x2F, 0xFF, 0xC0, 0x2F, 0xD0, 0x00, 0x00, 0x0F, 0xFE, 0x00, 0x3F, 0xC0, 0x00, 0x00, 0x0F,
    0xF8, 0x00, 0x3F, 0xC0, 0x00, 0x00, 0x0B, 0xFC, 0x00, 0x7F, 0xC0, 0x00, 0x00, 0x0B, 0xFC, 0x00,
    0x7F, 0xC0, 0x00, 0x00, 0x07, 0xFC, 0x00, 0x7F, 0xC0, 0x00, 0x00, 0x07, 0xFC, 0x00, 0x7F, 0xC0,
    0x00, 0x00, 0x07, 0xFC, 0x00, 0x7F, 0xC0, 0x00, 0x00, 0x0B, 0xF8, 0x00, 0x3F, 0xC0, 0x00, 0x00,
    0x0B, 0xF8, 0x00, 0x3F, 0xD0, 0x00, 0x00, 0x0F, 0xF4, 0x00, 0x2F, 0xF0, 0x00, 0x00, 0x0F, 0xF0,
    0x00, 0x1F, 0xF0, 0x00, 0x00, 0x2F, 0xD0, 0x00, 0x0B, 0xFC, 0x00, 0x00, 0x3F, 0xC0, 0x00, 0x03,
    0xFF, 0x00, 0x00, 0xFF, 0x40, 0x00, 0x00, 0xFF, 0xE0, 0x0B, 0xFD, 0x00, 0x00, 0x00, 0x3F, 0xFF,
    0xFF, 0xF0, 0x00, 0x00, 0x00, 0x07, 0xFF, 0xFF, 0x40, 0x00, 0x00, 0x00, 0x00, 0x15, 0x50, 0x00,
    0x00, 0x00, 0x00, 0x00, 0x00, 0x00, 0x00, 0x00, 0x02, 0xFF, 0x80, 0x00, 0x00, 0x03, 0xE6, 0xFC,
    0x00, 0x00, 0x01, 0xF4, 0x3F, 0x00, 0x00, 0x00, 0x3D, 0x1F, 0xC0, 0x00, 0x00, 0x00, 0x1F, 0xD0,
    0x00, 0x00, 0x00, 0x0F, 0xD0, 0x0F, 0xE0, 0x00, 0x07, 0xD0, 0x07, 0xFC, 0x00, 0x01, 0xF0, 0x01,
    0xFF, 0x40, 0x00, 0x00, 0x00, 0x2F, 0xD0, 0x00, 0x15, 0x40, 0x00, 0xF0, 0x01, 0xBF, 0xFF, 0x80,
    0xB8, 0x02, 0xFF, 0xFF, 0xFC, 0x3C, 0x02, 0xFD, 0x00, 0xFF, 0xFD, 0x01, 0xFE, 0x00, 0x0F, 0xFD,
    0x00, 0xFF, 0x00, 0x01, 0xFF, 0x00, 0x3F, 0x80, 0x00, 0x3F, 0xC0, 0x1F, 0xE0, 0x00, 0x0F, 0xF4,
    0x0B, 0xF8, 0x00, 0x02, 0xFD, 0x02, 0xFE, 0x00, 0x00, 0xBF, 0x40, 0xBF, 0x80, 0x00, 0x2F, 0xD0,
    0x1F, 0xE0, 0x00, 0x0B, 0xF4, 0x07, 0xFC, 0x00, 0x03, 0xFC, 0x00, 0xFF, 0x40, 0x00, 0xFE, 0x00,
    0x2F, 0xF0, 0x00, 0xBF, 0x00, 0x03, 0xFF, 0x00, 0xBF, 0x80, 0x00, 0x3F, 0xFF, 0xFF, 0x80, 0x00,
    0x02, 0xFF, 0xFF, 0x40, 0x00, 0x00, 0x01, 0x54, 0x00, 0x00, 0x00, 0x00, 0x00, 0x10, 0x00, 0x00,
    0x00, 0x00, 0x00, 0x02, 0xFE, 0x40, 0x80, 0x00, 0x00, 0x00, 0x07, 0xFF, 0xFB, 0xC0, 0x00, 0x00,
    0x00, 0x0F, 0xBF, 0xFF, 0x80, 0x00, 0x00, 0x00, 0x05, 0x02, 0xFF, 0x00, 0x00, 0x00, 0x00, 0x00,
    0x00, 0x00, 0x00, 0x01, 0x50, 0x00, 0x00, 0x00, 0x00, 0x00, 0x07, 0xF4, 0x00, 0x00, 0x1A, 0xA4,
    0x00, 0x0F, 0xFC, 0x00, 0x07, 0xFF, 0xFF, 0xD0, 0x0B, 0xFC, 0x00, 0x3F, 0xFE, 0xFF, 0xFC, 0x02,
    0xFC, 0x00, 0xFF, 0x40, 0x07, 0xFF, 0x00, 0xB8, 0x03, 0xFC, 0x00, 0x00, 0xFF, 0xC0, 0xF4, 0x0B,
    0xF4, 0x00, 0x00, 0x3F, 0xD2, 0xE0, 0x0F, 0xF0, 0x00, 0x00, 0x2F, 0xFF, 0xC0, 0x2F, 0xD0, 0x00,
    0x00, 0x0F, 0xFE, 0x00, 0x3F, 0xC0, 0x00, 0x00, 0x0F, 0xF8, 0x00, 0x3F, 0xC0, 0x00, 0x00, 0x0B,
    0xFC, 0x00, 0x7F, 0xC0, 0x00, 0x00, 0x0B, 0xFC, 0x00, 0x7F, 0xC0, 0x00, 0x00, 0x07, 0xFC, 0x00,
    0x7F, 0xC0, 0x00, 0x00, 0x07, 0xFC, 0x00, 0x7F, 0xC0, 0x00, 0x00, 0x07, 0xFC, 0x00, 0x7F, 0xC0,
    0x00, 0x00, 0x0B, 0xF8, 0x00, 0x3F, 0xC0, 0x00, 0x00, 0x0B, 0xF8, 0x00, 0x3F, 0xD0, 0x00, 0x00,
    0x0F, 0xF4, 0x00, 0x2F, 0xF0, 0x00, 0x00, 0x0F, 0xF0, 0x00, 0x1F, 0xF0, 0x00, 0x00, 0x2F, 0xD0,
    0x00, 0x0B, 0xFC, 0x00, 0x00, 0x3F, 0xC0, 0x00, 0x03, 0xFF, 0x00, 0x00, 0xFF, 0x40, 0x00, 0x00,
    0xFF, 0xE0, 0x0B, 0xFD, 0x00, 0x00, 0x00, 0x3F, 0xFF, 0xFF, 0xF0, 0x00, 0x00, 0x00, 0x07, 0xFF,
    0xFF, 0x40, 0x00, 0x00, 0x00, 0x00, 0x15, 0x50, 0x00, 0x00, 0x00, 0x00, 0x2F, 0x80, 0x10, 0x00,
    0x00, 0x3F, 0xFF, 0x6D, 0x00, 0x00, 0x1F, 0xFF, 0xFF, 0x00, 0x00, 0x07, 0x06, 0xFF, 0x43, 0xF8,
    0x00, 0x00, 0x05, 0x01, 0xFF, 0x00, 0x00, 0x00, 0x00, 0x7F, 0xD0, 0x00, 0x00, 0x00, 0x0B, 0xF4,
    0x00, 0x05, 0x50, 0x00, 0x3C, 0x00, 0x6F, 0xFF, 0xE0, 0x2E, 0x00, 0xBF, 0xFF, 0xFF, 0x0F, 0x00,
    0xBF, 0x40, 0x3F, 0xFF, 0x40, 0x7F, 0x80, 0x03, 0xFF, 0x40, 0x3F, 0xC0, 0x00, 0x7F, 0xC0, 0x0F,
    0xE0, 0x00, 0x0F, 0xF0, 0x07, 0xF8, 0x00, 0x03, 0xFD, 0x02, 0xFE, 0x00, 0x00, 0xBF, 0x40, 0xBF,
    0x80, 0x00, 0x2F, 0xD0, 0x2F, 0xE0, 0x00, 0x0B, 0xF4, 0x07, 0xF8, 0x00, 0x02, 0xFD, 0x01, 0xFF,
    0x00, 0x00, 0xFF, 0x00, 0x3F, 0xD0, 0x00, 0x3F, 0x80, 0x0B, 0xFC, 0x00, 0x2F, 0xC0, 0x00, 0xFF,
    0xC0, 0x2F, 0xE0, 0x00, 0x0F, 0xFF, 0xFF, 0xE0, 0x00, 0x00, 0xBF, 0xFF, 0xD0, 0x00, 0x00, 0x00,
    0x55, 0x00, 0x00, 0x00, 0x00, 0x00, 0x00, 0x00, 0x00, 0x01, 0x50, 0x00, 0x00, 0x00, 0x00, 0x00,
    0x07, 0xF4, 0x00, 0x00, 0x1A, 0xA4, 0x00, 0x0F, 0xFC, 0x00, 0x07, 0xFF, 0xFF, 0xD0, 0x0B, 0xFC,
    0x00, 0x3F, 0xFE, 0xFF, 0xFC, 0x02, 0xFC, 0x00, 0xFF, 0x40, 0x07, 0xFF, 0x00, 0xB8, 0x03, 0xFC,
    0x00, 0x00, 0xFF, 0xC0, 0xF4, 0x0B, 0xF4, 0x00, 0x00, 0x3F, 0xD2, 0xE0, 0x0F, 0xF0, 0x00, 0x00,
    0x2F, 0xFF, 0xC0, 0x2F, 0xD0, 0x00, 0x00, 0x0F, 0xFE, 0x00, 0x3F, 0xC0, 0x00, 0x00, 0x0F, 0xF8,
    0x00, 0x3F, 0xC0, 0x00, 0x00, 0x0B, 0xFC, 0x00, 0x7F, 0xC0, 0x00, 0x00, 0x0B, 0xFC, 0x00, 0x7F,
    0xC0, 0x00, 0x00, 0x07, 0xFC, 0x00, 0x7F, 0xC0, 0x00, 0x00, 0x07, 0xFC, 0x00, 0x7F, 0xC0, 0x00,
    0x00, 0x07, 0xFC, 0x00, 0x7F, 0xC0, 0x00, 0x00, 0x0B, 0xF8, 0x00, 0x3F, 0xC0, 0x00, 0x00, 0x0B,
    0xF8, 0x00, 0x3F, 0xD0, 0x00, 0x00, 0x0F, 0xF4, 0x00, 0x2F, 0xF0, 0x00, 0x00, 0x0F, 0xF0, 0x00,
    0x1F, 0xF0, 0x00, 0x00, 0x2F, 0xD0, 0x00, 0x0B, 0xFC, 0x00, 0x00, 0x3F, 0xC0, 0x00, 0x03, 0xFF,
    0x00, 0x00, 0xFF, 0x40, 0x00, 0x00, 0xFF, 0xE0, 0x0B, 0xFD, 0x00, 0x00, 0x00, 0x3F, 0xFF, 0xFF,
    0xF0, 0x00, 0x00, 0x00, 0x07, 0xFF, 0xFF, 0x40, 0x00, 0x00, 0x00, 0x00, 0x15, 0x50, 0x00, 0x00,
    0x00, 0x00, 0x00, 0x00, 0x00, 0x00, 0x00, 0x00, 0x00, 0x00, 0x06, 0x80, 0x00, 0x00, 0x00, 0x00,
    0x00, 0x1F, 0xF0, 0x00, 0x00, 0x00, 0x00, 0x00, 0x3F, 0xF4, 0x00, 0x00, 0x00, 0x00, 0x00, 0x2F,
    0xF0, 0x00, 0x00, 0x00, 0x00, 0x00, 0x0F, 0xE0, 0x00, 0x00, 0x00, 0x00, 0x00, 0x00, 0x00, 0x00,
    0x00, 0x00, 0x00, 0x00, 0x00, 0x00, 0x00, 0x00, 0x00, 0x00, 0x00, 0x3F, 0x80, 0x00, 0x00, 0x00,
    0x1F, 0xF0, 0x00, 0x00, 0x00, 0x07, 0xFD, 0x00, 0x00, 0x00, 0x00, 0xBF, 0x40, 0x00, 0x55, 0x00,
    0x03, 0xC0, 0x06, 0xFF, 0xFE, 0x02, 0xE0, 0x0B, 0xFF, 0xFF, 0xF0, 0xF0, 0x0B, 0xF4, 0x03, 0xFF,
    0xF4, 0x07, 0xF8, 0x00, 0x3F, 0xF4, 0x03, 0xFC, 0x00, 0x07, 0xFC, 0x00, 0xFE, 0x00, 0x00, 0xFF,
    0x00, 0x7F, 0x80, 0x00, 0x3F, 0xD0, 0x2F, 0xE0, 0x00, 0x0B, 0xF4, 0x0B, 0xF8, 0x00, 0x02, 0xFD,
    0x02, 0xFE, 0x00, 0x00, 0xBF, 0x40, 0x7F, 0x80, 0x00, 0x2F, 0xD0, 0x1F, 0xF0, 0x00, 0x0F, 0xF0,
    0x03, 0xFD, 0x00, 0x03, 0xF8, 0x00, 0xBF, 0xC0, 0x02, 0xFC, 0x00, 0x0F, 0xFC, 0x02, 0xFE, 0x00,
    0x00, 0xFF, 0xFF, 0xFE, 0x00, 0x00, 0x0B, 0xFF, 0xFD, 0x00, 0x00, 0x00, 0x05, 0x50, 0x00, 0x00,
    0x00, 0x00, 0x00, 0x00, 0x00, 0x00, 0x00, 0x29, 0x00, 0x00, 0x00, 0x00, 0x3F, 0xD0, 0x00, 0x00,
    0x00, 0x1F, 0xF8, 0x00, 0x00, 0x00, 0x07, 0xFD, 0x00, 0x00, 0x00, 0x00, 0xBF, 0x00, 0x00, 0x00,
    0x00, 0x00, 0x00, 0x00, 0x00, 0x15, 0x55, 0x50, 0x00, 0x55, 0x55, 0x2F, 0xFF, 0xFC, 0x00, 0x3F,
    0xFF, 0xD6, 0xFF, 0xFA, 0x00, 0x06, 0xFF, 0xE0, 0x0F, 0xF4, 0x00, 0x00, 0x0F, 0x80, 0x02, 0xFD,
    0x00, 0x00, 0x03, 0xE0, 0x00, 0xBF, 0x40, 0x00, 0x00, 0xF8, 0x00, 0x2F, 0xD0, 0x00, 0x00, 0x3E,
    0x00, 0x0B, 0xF4, 0x00, 0x00, 0x0F, 0x80, 0x02, 0xFD, 0x00, 0x00, 0x03, 0xE0, 0x00, 0xBF, 0x40,
    0x00, 0x00, 0xF8, 0x00, 0x2F, 0xD0, 0x00, 0x00, 0x3E, 0x00, 0x0B, 0xF4, 0x00, 0x00, 0x0F, 0x80,
    0x02, 0xFD, 0x00, 0x00, 0x03, 0xE0, 0x00, 0xBF, 0x40, 0x00, 0x00, 0xF8, 0x00, 0x2F, 0xD0, 0x00,
    0x00, 0x3E, 0x00, 0x0B, 0xF4, 0x00, 0x00, 0x0F, 0x80, 0x02, 0xFD, 0x00, 0x00, 0x03, 0xD0, 0x00,
    0xBF, 0x80, 0x00, 0x01, 0xF4, 0x00, 0x1F, 0xF0, 0x00, 0x00, 0xBC, 0x00, 0x03, 0xFC, 0x00, 0x00,
    0x3E, 0x00, 0x00, 0xBF, 0xC0, 0x00, 0x3F, 0x40, 0x00, 0x0F, 0xFE, 0x55, 0xBF, 0x80, 0x00, 0x00,
    0xFF, 0xFF, 0xFF, 0x80, 0x00, 0x00, 0x0B, 0xFF, 0xFF, 0x40, 0x00, 0x00, 0x00, 0x05, 0x54, 0x00,
    0x00, 0x00, 0x00, 0x00, 0x00, 0x00, 0x00, 0x00, 0x00, 0x00, 0x29, 0x00, 0x00, 0x00, 0x00, 0x00,
    0x3F, 0xE0, 0x00, 0x00, 0x00, 0x00, 0x0F, 0xFC, 0x00, 0x00, 0x00, 0x00, 0x03, 0xFE, 0x00, 0x00,
    0x00, 0x00, 0x00, 0x7F, 0x00, 0x00, 0x00, 0x00, 0x00, 0x00, 0x00, 0x00, 0x00, 0x00, 0x00, 0x00,
    0x00, 0x00, 0x0F, 0xFF, 0x00, 0x3F, 0xFC, 0x03, 0xFF, 0xC0, 0x0F, 0xFF, 0x00, 0x1F, 0xF0, 0x00,
    0x7F, 0xC0, 0x02, 0xFC, 0x00, 0x0F, 0xF0, 0x00, 0xBF, 0x00, 0x03, 0xFC, 0x00, 0x2F, 0xC0, 0x00,
    0xFF, 0x00, 0x0B, 0xF0, 0x00, 0x3F, 0xC0, 0x02, 0xFC, 0x00, 0x0F, 0xF0, 0x00, 0xBF, 0x00, 0x03,
    0xFC, 0x00, 0x2F, 0xC0, 0x00, 0xFF, 0x00, 0x0B, 0xF0, 0x00, 0x3F, 0xC0, 0x02, 0xFC, 0x00, 0x0F,
    0xF0, 0x00, 0xBF, 0x40, 0x07, 0xFC, 0x00, 0x1F, 0xE0, 0x03, 0xFF, 0x00, 0x03, 0xFE, 0x5B, 0xFF,
    0xD0, 0x00, 0xBF, 0xFF, 0xD7, 0xFF, 0x80, 0x0B, 0xFF, 0xD0, 0xFF, 0xE0, 0x00, 0x15, 0x00, 0x00,
    0x00, 0x00, 0x00, 0x00, 0x00, 0x00, 0x00, 0x00, 0x1A, 0x00, 0x00, 0x00, 0x00, 0x1F, 0xF0, 0x00,
    0x00, 0x00, 0x0B, 0xFD, 0x00, 0x00, 0x00, 0x02, 0xFF, 0x00, 0x00, 0x00, 0x00, 0x3F, 0x80, 0x00,
    0x00, 0x00, 0x00, 0x00, 0x00, 0x00, 0x00, 0x00, 0x01, 0x50, 0x00, 0x00, 0x00, 0x00, 0x07, 0xFF,
    0xC0, 0x00, 0x00, 0x00, 0x07, 0xD6, 0xF8, 0x00, 0x00, 0x00, 0x02, 0xF4, 0x3F, 0x00, 0x00, 0x00,
    0x00, 0x28, 0x2F, 0x80, 0x00, 0x00, 0x00, 0x00, 0x2F, 0xC0, 0x00, 0x00, 0x00, 0x00, 0x1F, 0xC0,
    0x00, 0x00, 0x00, 0x00, 0x0B, 0xC0, 0x00, 0x00, 0x00, 0x00, 0x00, 0x00, 0x00, 0x00, 0x05, 0x55,
    0x54, 0x00, 0x15, 0x55, 0x4B, 0xFF, 0xFF, 0x00, 0x0F, 0xFF, 0xF5, 0xBF, 0xFE, 0x80, 0x01, 0xBF,
    0xF8, 0x03, 0xFD, 0x00, 0x00, 0x03, 0xE0, 0x00, 0xBF, 0x40, 0x00, 0x00, 0xF8, 0x00, 0x2F, 0xD0,
    0x00, 0x00, 0x3E, 0x00, 0x0B, 0xF4, 0x00, 0x00, 0x0F, 0x80, 0x02, 0xFD, 0x00, 0x00, 0x03, 0xE0,
    0x00, 0xBF, 0x40, 0x00, 0x00, 0xF8, 0x00, 0x2F, 0xD0, 0x00, 0x00, 0x3E, 0x00, 0x0B, 0xF4, 0x00,
    0x00, 0x0F, 0x80, 0x02, 0xFD, 0x00, 0x00, 0x03, 0xE0, 0x00, 0xBF, 0x40, 0x00, 0x00, 0xF8, 0x00,
    0x2F, 0xD0, 0x00, 0x00, 0x3E, 0x00, 0x0B, 0xF4, 0x00, 0x00, 0x0F, 0x80, 0x02, 0xFD, 0x00, 0x00,
    0x03, 0xE0, 0x00, 0xBF, 0x40, 0x00, 0x00, 0xF4, 0x00, 0x2F, 0xE0, 0x00, 0x00, 0x7D, 0x00, 0x07,
    0xFC, 0x00, 0x00, 0x2F, 0x00, 0x00, 0xFF, 0x00, 0x00, 0x0F, 0x80, 0x00, 0x2F, 0xF0, 0x00, 0x0F,
    0xD0, 0x00, 0x03, 0xFF, 0x95, 0x6F, 0xE0, 0x00, 0x00, 0x3F, 0xFF, 0xFF, 0xE0, 0x00, 0x00, 0x02,
    0xFF, 0xFF, 0xD0, 0x00, 0x00, 0x00, 0x01, 0x55, 0x00, 0x00, 0x00, 0x00, 0x00, 0x00, 0x00, 0x00,
    0x00, 0x00, 0xBF, 0xE0, 0x00, 0x00, 0x00, 0xF9, 0xBF, 0x00, 0x00, 0x00, 0x7E, 0x0F, 0xC0, 0x00,
    0x00, 0x0F, 0x43, 0xF0, 0x00, 0x00, 0x00, 0x03, 0xF8, 0x00, 0x00, 0x00, 0x03, 0xF8, 0x00, 0x00,
    0x00, 0x00, 0xF8, 0x00, 0x00, 0x00, 0x00, 0x3D, 0x00, 0x00, 0x00, 0x00, 0x00, 0x00, 0x00, 0x00,
    0x00, 0x00, 0x00, 0x00, 0x00, 0xFF, 0xF0, 0x03, 0xFF, 0xC0, 0x3F, 0xFC, 0x00, 0xFF, 0xF0, 0x01,
    0xFF, 0x00, 0x07, 0xFC, 0x00, 0x2F, 0xC0, 0x00, 0xFF, 0x00, 0x0B, 0xF0, 0x00, 0x3F, 0xC0, 0x02,
    0xFC, 0x00, 0x0F, 0xF0, 0x00, 0xBF, 0x00, 0x03, 0xFC, 0x00, 0x2F, 0xC0, 0x00, 0xFF, 0x00, 0x0B,
    0xF0, 0x00, 0x3F, 0xC0, 0x02, 0xFC, 0x00, 0x0F, 0xF0, 0x00, 0xBF, 0x00, 0x03, 0xFC, 0x00, 0x2F,
    0xC0, 0x00, 0xFF, 0x00, 0x0B, 0xF4, 0x00, 0x7F, 0xC0, 0x01, 0xFE, 0x00, 0x3F, 0xF0, 0x00, 0x3F,
    0xE5, 0xBF, 0xFD, 0x00, 0x0B, 0xFF, 0xFD, 0x7F, 0xF8, 0x00, 0xBF, 0xFD, 0x0F, 0xFE, 0x00, 0x01,
    0x50, 0x00, 0x00, 0x00, 0x00, 0x00, 0x00, 0x07, 0x80, 0x00, 0x00, 0x00, 0x00, 0x00, 0x0B, 0xF0,
    0x00, 0x00, 0x00, 0x00, 0x00, 0x0B, 0xFC, 0x00, 0x00, 0x00, 0x00, 0x00, 0x0B, 0xFD, 0x00, 0x00,
    0x00, 0x00, 0x00, 0x0B, 0xE4, 0x00, 0x00, 0x00, 0x00, 0x00, 0x03, 0x80, 0x00, 0x00, 0x05, 0x00,
    0x00, 0x00, 0x00, 0x00, 0x00, 0x1F, 0xE0, 0x55, 0x55, 0x40, 0x01, 0x55, 0x0B, 0xFC, 0xBF, 0xFF,
    0xF0, 0x00, 0xFF, 0xE2, 0xFF, 0x1B, 0xFF, 0xE8, 0x00, 0x1B, 0xF8, 0x2B, 0xC0, 0x3F, 0xD0, 0x00,
    0x00, 0x3E, 0x01, 0xE0, 0x0B, 0xF4, 0x00, 0x00, 0x0F, 0x80, 0xF4, 0x02, 0xFD, 0x00, 0x00, 0x03,
    0xE0, 0xF8, 0x00, 0xBF, 0x40, 0x00, 0x00, 0xFA, 0xFC, 0x00, 0x2F, 0xD0, 0x00, 0x00, 0x3F, 0xF8,
    0x00, 0x0B, 0xF4, 0x00, 0x00, 0x0F, 0xD0, 0x00, 0x02, 0xFD, 0x00, 0x00, 0x03, 0xE0, 0x00, 0x00,
    0xBF, 0x40, 0x00, 0x00, 0xF8, 0x00, 0x00, 0x2F, 0xD0, 0x00, 0x00, 0x3E, 0x00, 0x00, 0x0B, 0xF4,
    0x00, 0x00, 0x0F, 0x80, 0x00, 0x02, 0xFD, 0x00, 0x00, 0x03, 0xE0, 0x00, 0x00, 0xBF, 0x40, 0x00,
    0x00, 0xF8, 0x00, 0x00, 0x2F, 0xD0, 0x00, 0x00, 0x3E, 0x00, 0x00, 0x0B, 0xF4, 0x00, 0x00, 0x0F,
    0x40, 0x00, 0x02, 0xFE, 0x00, 0x00, 0x07, 0xD0, 0x00, 0x00, 0x7F, 0xC0, 0x00, 0x02, 0xF0, 0x00,
    0x00, 0x0F, 0xF0, 0x00, 0x00, 0xF8, 0x00, 0x00, 0x02, 0xFF, 0x00, 0x00, 0xFD, 0x00, 0x00, 0x00,
    0x3F, 0xF9, 0x56, 0xFE, 0x00, 0x00, 0x00, 0x03, 0xFF, 0xFF, 0xFE, 0x00, 0x00, 0x00, 0x00, 0x2F,
    0xFF, 0xFD, 0x00, 0x00, 0x00, 0x00, 0x00, 0x15, 0x50, 0x00, 0x00, 0x00, 0x00, 0x00, 0x00, 0x00,
    0x00, 0x00, 0x00, 0x00, 0x01, 0xF0, 0x00, 0x00, 0x00, 0x00, 0x03, 0xF4, 0x00, 0x00, 0x00, 0x00,
    0x0F, 0xF0, 0x00, 0x00, 0x00, 0x00, 0x2F, 0xD0, 0x00, 0x00, 0x00, 0x00, 0x7F, 0x00, 0x01, 0xFC,
    0x00, 0x00, 0xF4, 0x00, 0x03, 0xFE, 0x00, 0x00, 0x40, 0x00, 0x03, 0xFF, 0x00, 0x00, 0x00, 0x00,
    0x01, 0xFF, 0x00, 0x00, 0x00, 0x00, 0x00, 0x2E, 0x3F, 0xFC, 0x00, 0xFF, 0xF0, 0x3C, 0x3F, 0xFC,
    0x00, 0xFF, 0xF0, 0xB8, 0x07, 0xFC, 0x00, 0x1F, 0xF7, 0xF0, 0x02, 0xFC, 0x00, 0x0F, 0xFF, 0xC0,
    0x02, 0xFC, 0x00, 0x0F, 0xF9, 0x00, 0x02, 0xFC, 0x00, 0x0F, 0xF0, 0x00, 0x02, 0xFC, 0x00, 0x0F,
    0xF0, 0x00, 0x02, 0xFC, 0x00, 0x0F, 0xF0, 0x00, 0x02, 0xFC, 0x00, 0x0F, 0xF0, 0x00, 0x02, 0xFC,
    0x00, 0x0F, 0xF0, 0x00, 0x02, 0xFC, 0x00, 0x0F, 0xF0, 0x00, 0x02, 0xFC, 0x00, 0x0F, 0xF0, 0x00,
    0x02, 0xFD, 0x00, 0x1F, 0xF0, 0x00, 0x01, 0xFE, 0x00, 0x3F, 0xF0, 0x00, 0x00, 0xFF, 0x96, 0xFF,
    0xF4, 0x00, 0x00, 0xBF, 0xFF, 0xD7, 0xFF, 0x80, 0x00, 0x2F, 0xFF, 0x43, 0xFF, 0x80, 0x00, 0x01,
    0x50, 0x00, 0x00, 0x00, 0x00, 0x00, 0x2D, 0x00, 0x00, 0x00, 0x00, 0x00, 0x00, 0x0F, 0xE0, 0x00,
    0x00, 0x00, 0x00, 0x00, 0x03, 0xFE, 0x00, 0x00, 0x00, 0x00, 0x00, 0x00, 0x7F, 0xE0, 0x00, 0x00,
    0x00, 0x00, 0x00, 0x01, 0xBE, 0x00, 0x00, 0x00, 0x00, 0x00, 0x00, 0x02, 0xC0, 0x00, 0x05, 0x00,
    0x00, 0x00, 0x00, 0x00, 0x00, 0x1F, 0xE0, 0x55, 0x55, 0x40, 0x01, 0x55, 0x0B, 0xFC, 0xBF, 0xFF,
    0xF0, 0x00, 0xFF, 0xE2, 0xFF, 0x1B, 0xFF, 0xE8, 0x00, 0x1B, 0xF8, 0x2B, 0xC0, 0x3F, 0xD0, 0x00,
    0x00, 0x3E, 0x01, 0xE0, 0x0B, 0xF4, 0x00, 0x00, 0x0F, 0x80, 0xF4, 0x02, 0xFD, 0x00, 0x00, 0x03,
    0xE0, 0xF8, 0x00, 0xBF, 0x40, 0x00, 0x00, 0xFA, 0xFC, 0x00, 0x2F, 0xD0, 0x00, 0x00, 0x3F, 0xF8,
    0x00, 0x0B, 0xF4, 0x00, 0x00, 0x0F, 0xD0, 0x00, 0x02, 0xFD, 0x00, 0x00, 0x03, 0xE0, 0x00, 0x00,
    0xBF, 0x40, 0x00, 0x00, 0xF8, 0x00, 0x00, 0x2F, 0xD0, 0x00, 0x00, 0x3E, 0x00, 0x00, 0x0B, 0xF4,
    0x00, 0x00, 0x0F, 0x80, 0x00, 0x02, 0xFD, 0x00, 0x00, 0x03, 0xE0, 0x00, 0x00, 0xBF, 0x40, 0x00,
    0x00, 0xF8, 0x00, 0x00, 0x2F, 0xD0, 0x00, 0x00, 0x3E, 0x00, 0x00, 0x0B, 0xF4, 0x00, 0x00, 0x0F,
    0x40, 0x00, 0x02, 0xFE, 0x00, 0x00, 0x07, 0xD0, 0x00, 0x00, 0x7F, 0xC0, 0x00, 0x02, 0xF0, 0x00,
    0x00, 0x0F, 0xF0, 0x00, 0x00, 0xF8, 0x00, 0x00, 0x02, 0xFF, 0x00, 0x00, 0xFD, 0x00, 0x00, 0x00,
    0x3F, 0xF9, 0x56, 0xFE, 0x00, 0x00, 0x00, 0x03, 0xFF, 0xFF, 0xFE, 0x00, 0x00, 0x00, 0x00, 0x2F,
    0xFF, 0xFD, 0x00, 0x00, 0x00, 0x00, 0x00, 0x15, 0x50, 0x00, 0x00, 0x00, 0x00, 0x00, 0x00, 0x00,
    0x00, 0x00, 0x00, 0x03, 0xC0, 0x00, 0x00, 0x00, 0x00, 0x0B, 0xF0, 0x00, 0x00, 0x00, 0x00, 0x0B,
    0xF8, 0x00, 0x00, 0x00, 0x00, 0x02, 0xFD, 0x00, 0x00, 0x00, 0x00, 0x00, 0x7F, 0x00, 0x01, 0xFC,
    0x00, 0x00, 0x0B, 0x80, 0x03, 0xFE, 0x00, 0x00, 0x01, 0x00, 0x03, 0xFF, 0x00, 0x00, 0x00, 0x00,
    0x01, 0xFF, 0x00, 0x00, 0x00, 0x00, 0x00, 0x2E, 0x3F, 0xFC, 0x00, 0xFF, 0xF0, 0x3C, 0x3F, 0xFC,
    0x00, 0xFF, 0xF0, 0xB8, 0x07, 0xFC, 0x00, 0x1F, 0xF7, 0xF0, 0x02, 0xFC, 0x00, 0x0F, 0xFF, 0xC0,
    0x02, 0xFC, 0x00, 0x0F, 0xF9, 0x00, 0x02, 0xFC, 0x00, 0x0F, 0xF0, 0x00, 0x02, 0xFC, 0x00, 0x0F,
    0xF0, 0x00, 0x02, 0xFC, 0x00, 0x0F, 0xF0, 0x00, 0x02, 0xFC, 0x00, 0x0F, 0xF0, 0x00, 0x02, 0xFC,
    0x00, 0x0F, 0xF0, 0x00, 0x02, 0xFC, 0x00, 0x0F, 0xF0, 0x00, 0x02, 0xFC, 0x00, 0x0F, 0xF0, 0x00,
    0x02, 0xFD, 0x00, 0x1F, 0xF0, 0x00, 0x01, 0xFE, 0x00, 0x3F, 0xF0, 0x00, 0x00, 0xFF, 0x96, 0xFF,
    0xF4, 0x00, 0x00, 0xBF, 0xFF, 0xD7, 0xFF, 0x80, 0x00, 0x2F, 0xFF, 0x43, 0xFF, 0x80, 0x00, 0x01,
    0x50, 0x00, 0x00, 0x00, 0x00, 0x00, 0x00, 0x50, 0x00, 0x00, 0x00, 0x00, 0x00, 0x07, 0xFF, 0xC0,
    0x00, 0x00, 0x00, 0x00, 0x07, 0xD1, 0xFC, 0x00, 0x00, 0x00, 0x00, 0x02, 0xF4, 0x3F, 0x00, 0x00,
    0x00, 0x00, 0x00, 0x28, 0x1F, 0xC0, 0x00, 0x00, 0x00, 0x00, 0x00, 0x2F, 0xC0, 0x00, 0x00, 0x00,
    0x00, 0x00, 0x1F, 0xC0, 0x00, 0x00, 0x00, 0x00, 0x00, 0x07, 0xD0, 0x00, 0x00, 0x50, 0x00, 0x00,
    0x00, 0x00, 0x00, 0x01, 0xFE, 0x05, 0x55, 0x54, 0x00, 0x15, 0x50, 0xBF, 0xCB, 0xFF, 0xFF, 0x00,
    0x0F, 0xFE, 0x2F, 0xF1, 0xBF, 0xFE, 0x80, 0x01, 0xBF, 0x82, 0xBC, 0x03, 0xFD, 0x00, 0x00, 0x03,
    0xE0, 0x1E, 0x00, 0xBF, 0x40, 0x00, 0x00, 0xF8, 0x0F, 0x40, 0x2F, 0xD0, 0x00, 0x00, 0x3E, 0x0F,
    0x80, 0x0B, 0xF4, 0x00, 0x00, 0x0F, 0xAF, 0xC0, 0x02, 0xFD, 0x00, 0x00, 0x03, 0xFF, 0x80, 0x00,
    0xBF, 0x40, 0x00, 0x00, 0xFD, 0x00, 0x00, 0x2F, 0xD0, 0x00, 0x00, 0x3E, 0x00, 0x00, 0x0B, 0xF4,
    0x00, 0x00, 0x0F, 0x80, 0x00, 0x02, 0xFD, 0x00, 0x00, 0x03, 0xE0, 0x00, 0x00, 0xBF, 0x40, 0x00,
    0x00, 0xF8, 0x00, 0x00, 0x2F, 0xD0, 0x00, 0x00, 0x3E, 0x00, 0x00, 0x0B, 0xF4, 0x00, 0x00, 0x0F,
    0x80, 0x00, 0x02, 0xFD, 0x00, 0x00, 0x03, 0xE0, 0x00, 0x00, 0xBF, 0x40, 0x00, 0x00, 0xF4, 0x00,
    0x00, 0x2F, 0xE0, 0x00, 0x00, 0x7D, 0x00, 0x00, 0x07, 0xFC, 0x00, 0x00, 0x2F, 0x00, 0x00, 0x00,
    0xFF, 0x00, 0x00, 0x0F, 0x80, 0x00, 0x00, 0x2F, 0xF0, 0x00, 0x0F, 0xD0, 0x00, 0x00, 0x03, 0xFF,
    0x95, 0x6F, 0xE0, 0x00, 0x00, 0x00, 0x3F, 0xFF, 0xFF, 0xE0, 0x00, 0x00, 0x00, 0x02, 0xFF, 0xFF,
    0xD0, 0x00, 0x00, 0x00, 0x00, 0x01, 0x55, 0x00, 0x00, 0x00, 0x00, 0x00, 0x00, 0x00, 0x00, 0x00,
    0x00, 0x00, 0x02, 0xFF, 0xC0, 0x00, 0x00, 0x00, 0x0F, 0x9B, 0xF0, 0x00, 0x00, 0x00, 0x0F, 0x82,
    0xF4, 0x00, 0x00, 0x00, 0x0F, 0x83, 0xF0, 0x00, 0x00, 0x00, 0x00, 0x0F, 0xE0, 0x00, 0x00, 0x00,
    0x00, 0x3F, 0x80, 0x01, 0xFC, 0x00, 0x00, 0x3E, 0x00, 0x03, 0xFE, 0x00, 0x00, 0x3D, 0x00, 0x03,
    0xFF, 0x00, 0x00, 0x00, 0x00, 0x01, 0xFF, 0x00, 0x00, 0x00, 0x00, 0x00, 0x2E, 0x3F, 0xFC, 0x00,
    0xFF, 0xF0, 0x3C, 0x3F, 0xFC, 0x00, 0xFF, 0xF0, 0xB8, 0x07, 0xFC, 0x00, 0x1F, 0xF7, 0xF0, 0x02,
    0xFC, 0x00, 0x0F, 0xFF, 0xC0, 0x02, 0xFC, 0x00, 0x0F, 0xF9, 0x00, 0x02, 0xFC, 0x00, 0x0F, 0xF0,
    0x00, 0x02, 0xFC, 0x00, 0x0F, 0xF0, 0x00, 0x02, 0xFC, 0x00, 0x0F, 0xF0, 0x00, 0x02, 0xFC, 0x00,
    0x0F, 0xF0, 0x00, 0x02, 0xFC, 0x00, 0x0F, 0xF0, 0x00, 0x02, 0xFC, 0x00, 0x0F, 0xF0, 0x00, 0x02,
    0xFC, 0x00, 0x0F, 0xF0, 0x00, 0x02, 0xFD, 0x00, 0x1F, 0xF0, 0x00, 0x01, 0xFE, 0x00, 0x3F, 0xF0,
    0x00, 0x00, 0xFF, 0x96, 0xFF, 0xF4, 0x00, 0x00, 0xBF, 0xFF, 0xD7, 0xFF, 0x80, 0x00, 0x2F, 0xFF,
    0x43, 0xFF, 0x80, 0x00, 0x01, 0x50, 0x00, 0x00, 0x00, 0x00, 0x00, 0x04, 0x00, 0x00, 0x00, 0x00,
    0x00, 0x00, 0x1F, 0xF4, 0x09, 0x00, 0x00, 0x00, 0x00, 0x0F, 0xFF, 0xFF, 0x40, 0x00, 0x00, 0x00,
    0x07, 0xAF, 0xFF, 0xC0, 0x00, 0x00, 0x00, 0x00, 0x80, 0x7F, 0xC0, 0x00, 0x00, 0x00, 0x00, 0x00,
    0x00, 0x00, 0x00, 0x05, 0x00, 0x00, 0x00, 0x00, 0x00, 0x00, 0x1F, 0xE0, 0x55, 0x55, 0x40, 0x01,
    0x55, 0x0B, 0xFC, 0xBF, 0xFF, 0xF0, 0x00, 0xFF, 0xE2, 0xFF, 0x1B, 0xFF, 0xE8, 0x00, 0x1B, 0xF8,
    0x2B, 0xC0, 0x3F, 0xD0, 0x00, 0x00, 0x3E, 0x01, 0xE0, 0x0B, 0xF4, 0x00, 0x00, 0x0F, 0x80, 0xF4,
    0x02, 0xFD, 0x00, 0x00, 0x03, 0xE0, 0xF8, 0x00, 0xBF, 0x40, 0x00, 0x00, 0xFA, 0xFC, 0x00, 0x2F,
    0xD0, 0x00, 0x00, 0x3F, 0xF8, 0x00, 0x0B, 0xF4, 0x00, 0x00, 0x0F, 0xD0, 0x00, 0x02, 0xFD, 0x00,
    0x00, 0x03, 0xE0, 0x00, 0x00, 0xBF, 0x40, 0x00, 0x00, 0xF8, 0x00, 0x00, 0x2F, 0xD0, 0x00, 0x00,
    0x3E, 0x00, 0x00, 0x0B, 0xF4, 0x00, 0x00, 0x0F, 0x80, 0x00, 0x02, 0xFD, 0x00, 0x00, 0x03, 0xE0,
    0x00, 0x00, 0xBF, 0x40, 0x00, 0x00, 0xF8, 0x00, 0x00, 0x2F, 0xD0, 0x00, 0x00, 0x3E, 0x00, 0x00,
    0x0B, 0xF4, 0x00, 0x00, 0x0F, 0x40, 0x00, 0x02, 0xFE, 0x00, 0x00, 0x07, 0xD0, 0x00, 0x00, 0x7F,
    0xC0, 0x00, 0x02, 0xF0, 0x00, 0x00, 0x0F, 0xF0, 0x00, 0x00, 0xF8, 0x00, 0x00, 0x02, 0xFF, 0x00,
    0x00, 0xFD, 0x00, 0x00, 0x00, 0x3F, 0xF9, 0x56, 0xFE, 0x00, 0x00, 0x00, 0x03, 0xFF, 0xFF, 0xFE,
    0x00, 0x00, 0x00, 0x00, 0x2F, 0xFF, 0xFD, 0x00, 0x00, 0x00, 0x00, 0x00, 0x15, 0x50, 0x00, 0x00,
    0x00, 0x00, 0x0B, 0xE4, 0x04, 0x00, 0x00, 0x00, 0x1F, 0xFF, 0x9E, 0x00, 0x00, 0x00, 0x3F, 0xFF,
    0xFD, 0x00, 0x00, 0x00, 0x30, 0x2F, 0xF8, 0x01, 0xFC, 0x00, 0x00, 0x01, 0x50, 0x03, 0xFE, 0x00,
    0x00, 0x00, 0x00, 0x03, 0xFF, 0x00, 0x00, 0x00, 0x00, 0x01, 0xFF, 0x00, 0x00, 0x00, 0x00, 0x00,
    0x2E, 0x3F, 0xFC, 0x00, 0xFF, 0xF0, 0x3C, 0x3F, 0xFC, 0x00, 0xFF, 0xF0, 0xB8, 0x07, 0xFC, 0x00,
    0x1F, 0xF7, 0xF0, 0x02, 0xFC, 0x00, 0x0F, 0xFF, 0xC0, 0x02, 0xFC, 0x00, 0x0F, 0xF9, 0x00, 0x02,
    0xFC, 0x00, 0x0F, 0xF0, 0x00, 0x02, 0xFC, 0x00, 0x0F, 0xF0, 0x00, 0x02, 0xFC, 0x00, 0x0F, 0xF0,
    0x00, 0x02, 0xFC, 0x00, 0x0F, 0xF0, 0x00, 0x02, 0xFC, 0x00, 0x0F, 0xF0, 0x00, 0x02, 0xFC, 0x00,
    0x0F, 0xF0, 0x00, 0x02, 0xFC, 0x00, 0x0F, 0xF0, 0x00, 0x02, 0xFD, 0x00, 0x1F, 0xF0, 0x00, 0x01,
    0xFE, 0x00, 0x3F, 0xF0, 0x00, 0x00, 0xFF, 0x96, 0xFF, 0xF4, 0x00, 0x00, 0xBF, 0xFF, 0xD7, 0xFF,
    0x80, 0x00, 0x2F, 0xFF, 0x43, 0xFF, 0x80, 0x00, 0x01, 0x50, 0x00, 0x00, 0x00, 0x00, 0x00, 0x00,
    0x00, 0x00, 0x00, 0x14, 0x00, 0x00, 0x00, 0x00, 0x00, 0x00, 0x7F, 0x81, 0x55, 0x55, 0x00, 0x05,
    0x54, 0x2F, 0xF2, 0xFF, 0xFF, 0xC0, 0x03, 0xFF, 0x8B, 0xFC, 0x6F, 0xFF, 0xA0, 0x00, 0x6F, 0xE0,
    0xAF, 0x00, 0xFF, 0x40, 0x00, 0x00, 0xF8, 0x07, 0x80, 0x2F, 0xD0, 0x00, 0x00, 0x3E, 0x03, 0xD0,
    0x0B, 0xF4, 0x00, 0x00, 0x0F, 0x83, 0xE0, 0x02, 0xFD, 0x00, 0x00, 0x03, 0xEB, 0xF0, 0x00, 0xBF,
    0x40, 0x00, 0x00, 0xFF, 0xE0, 0x00, 0x2F, 0xD0, 0x00, 0x00, 0x3F, 0x40, 0x00, 0x0B, 0xF4, 0x00,
    0x00, 0x0F, 0x80, 0x00, 0x02, 0xFD, 0x00, 0x00, 0x03, 0xE0, 0x00, 0x00, 0xBF, 0x40, 0x00, 0x00,
    0xF8, 0x00, 0x00, 0x2F, 0xD0, 0x00, 0x00, 0x3E, 0x00, 0x00, 0x0B, 0xF4, 0x00, 0x00, 0x0F, 0x80,
    0x00, 0x02, 0xFD, 0x00, 0x00, 0x03, 0xE0, 0x00, 0x00, 0xBF, 0x40, 0x00, 0x00, 0xF8, 0x00, 0x00,
    0x2F, 0xD0, 0x00, 0x00, 0x3D, 0x00, 0x00, 0x0B, 0xF8, 0x00, 0x00, 0x1F, 0x40, 0x00, 0x01, 0xFF,
    0x00, 0x00, 0x0B, 0xC0, 0x00, 0x00, 0x3F, 0xC0, 0x00, 0x03, 0xE0, 0x00, 0x00, 0x0B, 0xFC, 0x00,
    0x03, 0xF4, 0x00, 0x00, 0x00, 0xFF, 0xE5, 0x5B, 0xF8, 0x00, 0x00, 0x00, 0x0F, 0xFF, 0xFF, 0xF8,
    0x00, 0x00, 0x00, 0x00, 0xBF, 0xFF, 0xF4, 0x00, 0x00, 0x00, 0x00, 0x00, 0x55, 0x40, 0x00, 0x00,
    0x00, 0x00, 0x00, 0x00, 0x00, 0x00, 0x00, 0x00, 0x00, 0x00, 0x01, 0xA0, 0x00, 0x00, 0x00, 0x00,
    0x00, 0x02, 0xFF, 0x00, 0x00, 0x00, 0x00, 0x00, 0x00, 0xFF, 0xC0, 0x00, 0x00, 0x00, 0x00, 0x00,
    0x3F, 0xF0, 0x00, 0x00, 0x00, 0x00, 0x00, 0x03, 0xF4, 0x00, 0x00, 0x00, 0x00, 0x00, 0x00, 0x00,
    0x00, 0x00, 0x00, 0x00, 0x00, 0x00, 0x00, 0x00, 0x00, 0x00, 0x00, 0x00, 0x00, 0x00, 0x01, 0xFC,
    0x00, 0x00, 0x00, 0x00, 0x03, 0xFE, 0x00, 0x00, 0x00, 0x00, 0x03, 0xFF, 0x00, 0x00, 0x00, 0x00,
    0x01, 0xFF, 0x00, 0x00, 0x00, 0x00, 0x00, 0x2E, 0x3F, 0xFC, 0x00, 0xFF, 0xF0, 0x3C, 0x3F, 0xFC,
    0x00, 0xFF, 0xF0, 0xB8, 0x07, 0xFC, 0x00, 0x1F, 0xF7, 0xF0, 0x02, 0xFC, 0x00, 0x0F, 0xFF, 0xC0,
    0x02, 0xFC, 0x00, 0x0F, 0xF9, 0x00, 0x02, 0xFC, 0x00, 0x0F, 0xF0, 0x00, 0x02, 0xFC, 0x00, 0x0F,
    0xF0, 0x00, 0x02, 0xFC, 0x00, 0x0F, 0xF0, 0x00, 0x02, 0xFC, 0x00, 0x0F, 0xF0, 0x00, 0x02, 0xFC,
    0x00, 0x0F, 0xF0, 0x00, 0x02, 0xFC, 0x00, 0x0F, 0xF0, 0x00, 0x02, 0xFC, 0x00, 0x0F, 0xF0, 0x00,
    0x02, 0xFD, 0x00, 0x1F, 0xF0, 0x00, 0x01, 0xFE, 0x00, 0x3F, 0xF0, 0x00, 0x00, 0xFF, 0x96, 0xFF,
    0xF4, 0x00, 0x00, 0xBF, 0xFF, 0xD7, 0xFF, 0x80, 0x00, 0x2F, 0xFF, 0x43, 0xFF, 0x80, 0x00, 0x01,
    0x50, 0x00, 0x00, 0x00, 0x00, 0x00, 0x00, 0x00, 0x00, 0x00, 0x00, 0x00, 0x29, 0x00, 0x00, 0x00,
    0x00, 0x00, 0xFF, 0x80, 0x00, 0x00, 0x00, 0x00, 0xFF, 0xC0, 0x00, 0x00, 0x00, 0x00, 0xFF, 0xC0,
    0x00, 0x00, 0x00, 0x00, 0x7F, 0x40, 0x00, 0x00, 0x00, 0x00, 0x00, 0x00, 0x00, 0x00, 0x00, 0x00,
    0x3C, 0x00, 0x00, 0x00, 0x00, 0x00, 0x7F, 0x40, 0x00, 0x00, 0x00, 0x00, 0x7F, 0xD0, 0x00, 0x00,
    0x00, 0x00, 0x1F, 0xF4, 0x00, 0x00, 0x00, 0x00, 0x01, 0xFD, 0x00, 0x00, 0x00, 0x00, 0x00, 0x1A,
    0x00, 0x00, 0x00, 0x00, 0x00, 0x00, 0x00, 0x00, 0x15, 0x55, 0x50, 0x01, 0x55, 0x54, 0x7F, 0xFF,
    0xF4, 0x03, 0xFF, 0xFE, 0x2F, 0xFF, 0xE0, 0x01, 0xBF, 0xF9, 0x03, 0xFF, 0x00, 0x00, 0x1F, 0x80,
    0x00, 0xFF, 0x00, 0x00, 0x2F, 0x00, 0x00, 0xBF, 0xC0, 0x00, 0x7D, 0x00, 0x00, 0x3F, 0xD0, 0x00,
    0xFC, 0x00, 0x00, 0x1F, 0xF0, 0x01, 0xF4, 0x00, 0x00, 0x0B, 0xF8, 0x03, 0xE0, 0x00, 0x00, 0x03,
    0xFD, 0x0B, 0xC0, 0x00, 0x00, 0x01, 0xFF, 0x0F, 0x40, 0x00, 0x00, 0x00, 0xFF, 0xBF, 0x00, 0x00,
    0x00, 0x00, 0x3F, 0xFC, 0x00, 0x00, 0x00, 0x00, 0x2F, 0xF8, 0x00, 0x00, 0x00, 0x00, 0x0F, 0xF0,
    0x00, 0x00, 0x00, 0x00, 0x0F, 0xF0, 0x00, 0x00, 0x00, 0x00, 0x0F, 0xF0, 0x00, 0x00, 0x00, 0x00,
    0x0F, 0xF0, 0x00, 0x00, 0x00, 0x00, 0x0F, 0xF0, 0x00, 0x00, 0x00, 0x00, 0x0F, 0xF0, 0x00, 0x00,
    0x00, 0x00, 0x0F, 0xF0, 0x00, 0x00, 0x00, 0x00, 0x1F, 0xF4, 0x00, 0x00, 0x00, 0x03, 0xFF, 0xFF,
    0xC0, 0x00, 0x00, 0x03, 0xFF, 0xFF, 0xC0, 0x00, 0x00, 0x00, 0x00, 0x00, 0x00, 0x00, 0x03, 0xD0,
    0x00, 0x00, 0x00, 0x07, 0xF0, 0x00, 0x00, 0x00, 0x07, 0xF8, 0x00, 0x00, 0x00, 0x02, 0xFD, 0x00,
    0x00, 0x00, 0x00, 0x3F, 0x00, 0x00, 0x00, 0x00, 0x0B, 0xC0, 0x00, 0x00, 0x00, 0x00, 0x40, 0x00,
    0x00, 0x00, 0x00, 0x00, 0x00, 0x00, 0x00, 0x00, 0x00, 0x00, 0x7F, 0xFF, 0xC0, 0xBF, 0xFD, 0x7F,
    0xFF, 0xC0, 0xFF, 0xFD, 0x0B, 0xFC, 0x00, 0x0F, 0xE0, 0x03, 0xFC, 0x00, 0x0B, 0xC0, 0x02, 0xFD,
    0x00, 0x0F, 0x40, 0x01, 0xFF, 0x00, 0x1F, 0x00, 0x00, 0xFF, 0x00, 0x3E, 0x00, 0x00, 0x7F, 0x80,
    0x3C, 0x00, 0x00, 0x3F, 0xC0, 0xBC, 0x00, 0x00, 0x2F, 0xD0, 0xF4, 0x00, 0x00, 0x0F, 0xF1, 0xF0,
    0x00, 0x00, 0x0B, 0xF3, 0xD0, 0x00, 0x00, 0x07, 0xFF, 0xC0, 0x00, 0x00, 0x03, 0xFF, 0x80, 0x00,
    0x00, 0x01, 0xFF, 0x00, 0x00, 0x00, 0x00, 0xFF, 0x00, 0x00, 0x00, 0x00, 0xBD, 0x00, 0x00, 0x00,
    0x00, 0xBC, 0x00, 0x00, 0x00, 0x00, 0xF8, 0x00, 0x00, 0x09, 0x01, 0xF0, 0x00, 0x00, 0x7F, 0x43,
    0xE0, 0x00, 0x00, 0xBF, 0x4B, 0xC0, 0x00, 0x00, 0xBF, 0xAF, 0x40, 0x00, 0x00, 0x3F, 0xFD, 0x00,
    0x00, 0x00, 0x06, 0x90, 0x00, 0x00, 0x00, 0x15, 0x55, 0x50, 0x01, 0x55, 0x54, 0x7F, 0xFF, 0xF4,
    0x03, 0xFF, 0xFE, 0x2F, 0xFF, 0xE0, 0x01, 0xBF, 0xF9, 0x03, 0xFF, 0x00, 0x00, 0x1F, 0x80, 0x00,
    0xFF, 0x00, 0x00, 0x2F, 0x00, 0x00, 0xBF, 0xC0, 0x00, 0x7D, 0x00, 0x00, 0x3F, 0xD0, 0x00, 0xFC,
    0x00, 0x00, 0x1F, 0xF0, 0x01, 0xF4, 0x00, 0x00, 0x0B, 0xF8, 0x03, 0xE0, 0x00, 0x00, 0x03, 0xFD,
    0x0B, 0xC0, 0x00, 0x00, 0x01, 0xFF, 0x0F, 0x40, 0x00, 0x00, 0x00, 0xFF, 0xBF, 0x00, 0x00, 0x00,
    0x00, 0x3F, 0xFC, 0x00, 0x00, 0x00, 0x00, 0x2F, 0xF8, 0x00, 0x00, 0x00, 0x00, 0x0F, 0xF0, 0x00,
    0x00, 0x00, 0x00, 0x0F, 0xF0, 0x00, 0x00, 0x00, 0x00, 0x0F, 0xF0, 0x00, 0x00, 0x00, 0x00, 0x0F,
    0xF0, 0x00, 0x00, 0x00, 0x00, 0x0F, 0xF0, 0x00, 0x00, 0x00, 0x00, 0x0F, 0xF0, 0x00, 0x00, 0x00,
    0x00, 0x0F, 0xF0, 0x00, 0x00, 0x00, 0x00, 0x1F, 0xF4, 0x00, 0x00, 0x00, 0x03, 0xFF, 0xFF, 0xC0,
    0x00, 0x00, 0x03, 0xFF, 0xFF, 0xC0, 0x00, 0x00, 0x00, 0x00, 0x00, 0x00, 0x00, 0x00, 0x00, 0x00,
    0x00, 0x00, 0x00, 0x00, 0x00, 0x06, 0x90, 0x00, 0x00, 0x00, 0x00, 0x0F, 0xF0, 0x00, 0x00, 0x00,
    0x00, 0x2F, 0xF8, 0x00, 0x00, 0x00, 0x00, 0x1F, 0xF4, 0x00, 0x00, 0x00, 0x00, 0x0B, 0xE0, 0x00,
    0x00, 0x00, 0x00, 0x00, 0x00, 0x00, 0x00, 0x7F, 0xFF, 0xC0, 0xBF, 0xFD, 0x7F, 0xFF, 0xC0, 0xFF,
    0xFD, 0x0B, 0xFC, 0x00, 0x0F, 0xE0, 0x03, 0xFC, 0x00, 0x0B, 0xC0, 0x02, 0xFD, 0x00, 0x0F, 0x40,
    0x01, 0xFF, 0x00, 0x1F, 0x00, 0x00, 0xFF, 0x00, 0x3E, 0x00, 0x00, 0x7F, 0x80, 0x3C, 0x00, 0x00,
    0x3F, 0xC0, 0xBC, 0x00, 0x00, 0x2F, 0xD0, 0xF4, 0x00, 0x00, 0x0F, 0xF1, 0xF0, 0x00, 0x00, 0x0B,
    0xF3, 0xD0, 0x00, 0x00, 0x07, 0xFF, 0xC0, 0x00, 0x00, 0x03, 0xFF, 0x80, 0x00, 0x00, 0x01, 0xFF,
    0x00, 0x00, 0x00, 0x00, 0xFF, 0x00, 0x00, 0x00, 0x00, 0xBD, 0x00, 0x00, 0x00, 0x00, 0xBC, 0x00,
    0x00, 0x00, 0x00, 0xF8, 0x00, 0x00, 0x09, 0x01, 0xF0, 0x68, 0x00, 0x7F, 0x43, 0xE2, 0xFF, 0x00,
    0xBF, 0x4B, 0xC3, 0xFF, 0x00, 0xBF, 0xAF, 0x43, 0xFF, 0x00, 0x3F, 0xFD, 0x00, 0xFD, 0x00, 0x06,
    0x90, 0x00, 0x00, 0x00, 0x00, 0x00, 0x01, 0x50, 0x00, 0x00, 0x00, 0x00, 0x2F, 0xFE, 0x00, 0x00,
    0x00, 0x00, 0xBD, 0x6F, 0x80, 0x00, 0x00, 0x00, 0xFC, 0x1F, 0x80, 0x00, 0x00, 0x00, 0x68, 0x2F,
    0x80, 0x00, 0x00, 0x00, 0x00, 0xFF, 0x00, 0x00, 0x00, 0x00, 0x02, 0xF8, 0x00, 0x00, 0x00, 0x00,
    0x02, 0xF0, 0x00, 0x00, 0x00, 0x00, 0x00, 0x00, 0x00, 0x00, 0x15, 0x55, 0x50, 0x01, 0x55, 0x54,
    0x7F, 0xFF, 0xF4, 0x03, 0xFF, 0xFE, 0x2F, 0xFF, 0xE0, 0x01, 0xBF, 0xF9, 0x03, 0xFF, 0x00, 0x00,
    0x1F, 0x80, 0x00, 0xFF, 0x00, 0x00, 0x2F, 0x00, 0x00, 0xBF, 0xC0, 0x00, 0x7D, 0x00, 0x00, 0x3F,
    0xD0, 0x00, 0xFC, 0x00, 0x00, 0x1F, 0xF0, 0x01, 0xF4, 0x00, 0x00, 0x0B, 0xF8, 0x03, 0xE0, 0x00,
    0x00, 0x03, 0xFD, 0x0B, 0xC0, 0x00, 0x00, 0x01, 0xFF, 0x0F, 0x40, 0x00, 0x00, 0x00, 0xFF, 0xBF,
    0x00, 0x00, 0x00, 0x00, 0x3F, 0xFC, 0x00, 0x00, 0x00, 0x00, 0x2F, 0xF8, 0x00, 0x00, 0x00, 0x00,
    0x0F, 0xF0, 0x00, 0x00, 0x00, 0x00, 0x0F, 0xF0, 0x00, 0x00, 0x00, 0x00, 0x0F, 0xF0, 0x00, 0x00,
    0x00, 0x00, 0x0F, 0xF0, 0x00, 0x00, 0x00, 0x00, 0x0F, 0xF0, 0x00, 0x00, 0x00, 0x00, 0x0F, 0xF0,
    0x00, 0x00, 0x00, 0x00, 0x0F, 0xF0, 0x00, 0x00, 0x00, 0x00, 0x1F, 0xF4, 0x00, 0x00, 0x00, 0x03,
    0xFF, 0xFF, 0xC0, 0x00, 0x00, 0x03, 0xFF, 0xFF, 0xC0, 0x00, 0x00, 0x00, 0x00, 0x00, 0x00, 0x00,
    0x01, 0xFF, 0xD0, 0x00, 0x00, 0x0B, 0xD7, 0xF4, 0x00, 0x00, 0x0F, 0xC1, 0xF8, 0x00, 0x00, 0x0B,
    0xC2, 0xF4, 0x00, 0x00, 0x00, 0x0B, 0xF0, 0x00, 0x00, 0x00, 0x2F, 0xC0, 0x00, 0x00, 0x00, 0x3F,
    0x00, 0x00, 0x00, 0x00, 0x2E, 0x00, 0x00, 0x00, 0x00, 0x00, 0x00, 0x00, 0x00, 0x00, 0x00, 0x00,
    0x00, 0x7F, 0xFF, 0xC0, 0xBF, 0xFD, 0x7F, 0xFF, 0xC0, 0xFF, 0xFD, 0x0B, 0xFC, 0x00, 0x0F, 0xE0,
    0x03, 0xFC, 0x00, 0x0B, 0xC0, 0x02, 0xFD, 0x00, 0x0F, 0x40, 0x01, 0xFF, 0x00, 0x1F, 0x00, 0x00,
    0xFF, 0x00, 0x3E, 0x00, 0x00, 0x7F, 0x80, 0x3C, 0x00, 0x00, 0x3F, 0xC0, 0xBC, 0x00, 0x00, 0x2F,
    0xD0, 0xF4, 0x00, 0x00, 0x0F, 0xF1, 0xF0, 0x00, 0x00, 0x0B, 0xF3, 0xD0, 0x00, 0x00, 0x07, 0xFF,
    0xC0, 0x00, 0x00, 0x03, 0xFF, 0x80, 0x00, 0x00, 0x01, 0xFF, 0x00, 0x00, 0x00, 0x00, 0xFF, 0x00,
    0x00, 0x00, 0x00, 0xBD, 0x00, 0x00, 0x00, 0x00, 0xBC, 0x00, 0x00, 0x00, 0x00, 0xF8, 0x00, 0x00,
    0x09, 0x01, 0xF0, 0x00, 0x00, 0x7F, 0x43, 0xE0, 0x00, 0x00, 0xBF, 0x4B, 0xC0, 0x00, 0x00, 0xBF,
    0xAF, 0x40, 0x00, 0x00, 0x3F, 0xFD, 0x00, 0x00, 0x00, 0x06, 0x90, 0x00, 0x00, 0x00, 0x00, 0x00,
    0x04, 0x00, 0x00, 0x00, 0x00, 0x00, 0xBF, 0xD0, 0x20, 0x00, 0x00, 0x00, 0xFF, 0xFE, 0xF0, 0x00,
    0x00, 0x02, 0xEF, 0xFF, 0xE0, 0x00, 0x00, 0x01, 0x40, 0xBF, 0xC0, 0x00, 0x00, 0x00, 0x00, 0x00,
    0x00, 0x00, 0x00, 0x00, 0x00, 0x00, 0x00, 0x00, 0x15, 0x55, 0x50, 0x01, 0x55, 0x54, 0x7F, 0xFF,
    0xF4, 0x03, 0xFF, 0xFE, 0x2F, 0xFF, 0xE0, 0x01, 0xBF, 0xF9, 0x03, 0xFF, 0x00, 0x00, 0x1F, 0x80,
    0x00, 0xFF, 0x00, 0x00, 0x2F, 0x00, 0x00, 0xBF, 0xC0, 0x00, 0x7D, 0x00, 0x00, 0x3F, 0xD0, 0x00,
    0xFC, 0x00, 0x00, 0x1F, 0xF0, 0x01, 0xF4, 0x00, 0x00, 0x0B, 0xF8, 0x03, 0xE0, 0x00, 0x00, 0x03,
    0xFD, 0x0B, 0xC0, 0x00, 0x00, 0x01, 0xFF, 0x0F, 0x40, 0x00, 0x00, 0x00, 0xFF, 0xBF, 0x00, 0x00,
    0x00, 0x00, 0x3F, 0xFC, 0x00, 0x00, 0x00, 0x00, 0x2F, 0xF8, 0x00, 0x00, 0x00, 0x00, 0x0F, 0xF0,
    0x00, 0x00, 0x00, 0x00, 0x0F, 0xF0, 0x00, 0x00, 0x00, 0x00, 0x0F, 0xF0, 0x00, 0x00, 0x00, 0x00,
    0x0F, 0xF0, 0x00, 0x00, 0x00, 0x00, 0x0F, 0xF0, 0x00, 0x00, 0x00, 0x00, 0x0F, 0xF0, 0x00, 0x00,
    0x00, 0x00, 0x0F, 0xF0, 0x00, 0x00, 0x00, 0x00, 0x1F, 0xF4, 0x00, 0x00, 0x00, 0x03, 0xFF, 0xFF,
    0xC0, 0x00, 0x00, 0x03, 0xFF, 0xFF, 0xC0, 0x00, 0x00, 0x07, 0xE4, 0x01, 0x00, 0x00, 0x1F, 0xFF,
    0x9F, 0x00, 0x00, 0x3F, 0xFF, 0xFE, 0x00, 0x00, 0x34, 0x1F, 0xFC, 0x00, 0x00, 0x00, 0x01, 0x50,
    0x00, 0x00, 0x00, 0x00, 0x00, 0x00, 0x00, 0x00, 0x00, 0x00, 0x00, 0x00, 0x00, 0x00, 0x00, 0x00,
    0x7F, 0xFF, 0xC0, 0xBF, 0xFD, 0x7F, 0xFF, 0xC0, 0xFF, 0xFD, 0x0B, 0xFC, 0x00, 0x0F, 0xE0, 0x03,
    0xFC, 0x00, 0x0B, 0xC0, 0x02, 0xFD, 0x00, 0x0F, 0x40, 0x01, 0xFF, 0x00, 0x1F, 0x00, 0x00, 0xFF,
    0x00, 0x3E, 0x00, 0x00, 0x7F, 0x80, 0x3C, 0x00, 0x00, 0x3F, 0xC0, 0xBC, 0x00, 0x00, 0x2F, 0xD0,
    0xF4, 0x00, 0x00, 0x0F, 0xF1, 0xF0, 0x00, 0x00, 0x0B, 0xF3, 0xD0, 0x00, 0x00, 0x07, 0xFF, 0xC0,
    0x00, 0x00, 0x03, 0xFF, 0x80, 0x00, 0x00, 0x01, 0xFF, 0x00, 0x00, 0x00, 0x00, 0xFF, 0x00, 0x00,
    0x00, 0x00, 0xBD, 0x00, 0x00, 0x00, 0x00, 0xBC, 0x00, 0x00, 0x00, 0x00, 0xF8, 0x00, 0x00, 0x09,
    0x01, 0xF0, 0x00, 0x00, 0x7F, 0x43, 0xE0, 0x00, 0x00, 0xBF, 0x4B, 0xC0, 0x00, 0x00, 0xBF, 0xAF,
    0x40, 0x00, 0x00, 0x3F, 0xFD, 0x00, 0x00, 0x00, 0x06, 0x90, 0x00, 0x00, 0x00, 0x00, 0x00, 0x0B,
    0xFF, 0xFD, 0xBF, 0xFF, 0xD7, 0xFF, 0xFC, 0x6A, 0xAA, 0xAA, 0xAA, 0x2F, 0xFF, 0xFF, 0xFF, 0xC7,
    0xFF, 0xFF, 0xFF, 0xF0, 0x6A, 0xAA, 0xAA, 0xAA, 0x2F, 0xFF, 0xFF, 0xFF, 0xC7, 0xFF, 0xFF, 0xFF,
    0xF0, 0x6A, 0xAA, 0xAA, 0xAA, 0xAA, 0xAA, 0xAA, 0xAA, 0x6F, 0xFF, 0xFF, 0xFF, 0xFF, 0xFF, 0xFF,
    0xFF, 0xF7, 0xFF, 0xFF, 0xFF, 0xFF, 0xFF, 0xFF, 0xFF, 0xF8, 0x6A, 0xAA, 0xAA, 0xAA, 0xAA, 0xAA,
    0xAA, 0xAA, 0x6F, 0xFF, 0xFF, 0xFF, 0xFF, 0xFF, 0xFF, 0xFF, 0xF7, 0xFF, 0xFF, 0xFF, 0xFF, 0xFF,
    0xFF, 0xFF, 0xF8, 0x00, 0x90, 0x3E, 0x0F, 0x41, 0xE0, 0x3D, 0x03, 0xFD, 0x3F, 0xF3, 0xFF, 0x1F,
    0xD0, 0x00, 0x06, 0x43, 0xFD, 0x3F, 0xF3, 0xFF, 0x1B, 0xF0, 0x2D, 0x03, 0xC0, 0xF4, 0x3D, 0x01,
    0x00, 0x00, 0x01, 0xFC, 0x3F, 0xE3, 0xFF, 0x3F, 0xF0, 0x2E, 0x03, 0xD0, 0xB8, 0x2F, 0x02, 0x80,
    0x00, 0x00, 0x00, 0x90, 0x02, 0x00, 0xF8, 0x03, 0xD0, 0xF4, 0x03, 0xD0, 0x78, 0x02, 0xE0, 0x3D,
    0x00, 0xF0, 0x0F, 0xF4, 0x7F, 0xD3, 0xFF, 0x1F, 0xFC, 0xFF, 0xC3, 0xFE, 0x1F, 0xD0, 0xBF, 0x00,
    0x00, 0x00, 0x00, 0x06, 0x40, 0x28, 0x0F, 0xF4, 0x3F, 0xD3, 0xFF, 0x1F, 0xF8, 0xFF, 0xC7, 0xFF,
    0x1B, 0xF0, 0x6F, 0x80, 0xB4, 0x03, 0xD0, 0x3C, 0x01, 0xF0, 0x3D, 0x01, 0xF0, 0x3D, 0x00, 0xF0,
    0x04, 0x00, 0x10, 0x00, 0x00, 0x00, 0x00, 0x0F, 0xD0, 0x3F, 0x4B, 0xFC, 0x2F, 0xF3, 0xFF, 0x4F,
    0xFD, 0x7F, 0xD1, 0xFF, 0x41, 0xF0, 0x07, 0xC0, 0x78, 0x02, 0xE0, 0x3C, 0x01, 0xF0, 0x7D, 0x01,
    0xF0, 0x0D, 0x00, 0x70, 0x00, 0x00, 0x00, 0x00, 0x00, 0x06, 0x90, 0x00, 0x00, 0x3F, 0xC0, 0x00,
    0x00, 0xFE, 0x00, 0x00, 0x03, 0xF4, 0x00, 0x00, 0x0B, 0xC0, 0x00, 0x50, 0x1F, 0x00, 0x43, 0xFE,
    0x79, 0xBF, 0x4F, 0xFF, 0xFF, 0xFE, 0x3F, 0xFB, 0xEF, 0xF4, 0x10, 0x1F, 0x01, 0x40, 0x00, 0xBC,
    0x00, 0x00, 0x03, 0xF8, 0x00, 0x00, 0x1F, 0xF0, 0x00, 0x00, 0x3F, 0x80, 0x00, 0x00, 0xFD, 0x00,
    0x00, 0x02, 0xF0, 0x00, 0x00, 0x07, 0xC0, 0x00, 0x00, 0x1F, 0x00, 0x00, 0x00, 0x7C, 0x00, 0x00,
    0x01, 0xF0, 0x00, 0x00, 0x07, 0xC0, 0x00, 0x00, 0x0F, 0x00, 0x00, 0x00, 0x3C, 0x00, 0x00, 0x00,
    0xE0, 0x00, 0x00, 0x03, 0x80, 0x00, 0x00, 0x0E, 0x00, 0x00, 0x00, 0x38, 0x00, 0x00, 0x00, 0x06,
    0x90, 0x00, 0x00, 0x3F, 0xC0, 0x00, 0x00, 0xFE, 0x00, 0x00, 0x03, 0xF4, 0x00, 0x00, 0x0B, 0xC0,
    0x00, 0x50, 0x1F, 0x00, 0x43, 0xFE, 0x79, 0xBF, 0x4F, 0xFF, 0xFF, 0xFE, 0x3F, 0xFB, 0xAF, 0xF4,
    0x10, 0x0E, 0x01, 0x40, 0x00, 0x7C, 0x00, 0x00, 0x02, 0xF0, 0x00, 0x00, 0x0F, 0xE0, 0x00, 0x00,
    0x3F, 0x80, 0x00, 0x00, 0xFE, 0x00, 0x00, 0x03, 0xF4, 0x00, 0x00, 0x0B, 0xC0, 0x00, 0x00, 0x1F,
    0x00, 0x02, 0xE4, 0x38, 0x6F, 0x0F, 0xFF, 0xFF, 0xFE, 0x3F, 0xFF, 0xFF, 0xF8, 0xF9, 0x0E, 0x07,
    0xD0, 0x00, 0x7C, 0x00, 0x00, 0x02, 0xF0, 0x00, 0x00, 0x0F, 0xD0, 0x00, 0x00, 0x7F, 0x80, 0x00,
    0x01, 0xFE, 0x00, 0x00, 0x00, 0x00, 0x00, 0x0B, 0xF4, 0x0F, 0xFF, 0x47, 0xFF, 0xF2, 0xFF, 0xFC,
    0x7F, 0xFF, 0x0F, 0xFF, 0xC1, 0xFF, 0xC0, 0x05, 0x40, 0x0A, 0x40, 0x00, 0x69, 0x00, 0x02, 0xA0,
    0x3F, 0xE0, 0x01, 0xFF, 0x40, 0x0F, 0xFC, 0x7F, 0xF0, 0x03, 0xFF, 0x80, 0x0F, 0xFD, 0x7F, 0xF0,
    0x03, 0xFF, 0x80, 0x0F, 0xFC, 0x3F, 0xE0, 0x01, 0xFF, 0x00, 0x0B, 0xF8, 0x06, 0x40, 0x00, 0x14,
    0x00, 0x01, 0x90, 0x01, 0xBE, 0x40, 0x00, 0x1F, 0x80, 0x00, 0x00, 0x00, 0x00, 0x0F, 0xFF, 0xF0,
    0x00, 0x3F, 0x00, 0x00, 0x00, 0x00, 0x00, 0x3F, 0x83, 0xF8, 0x00, 0x7E, 0x00, 0x00, 0x00, 0x00,
    0x00, 0x7F, 0x01, 0xFC, 0x00, 0xFC, 0x00, 0x00, 0x00, 0x00, 0x00, 0xBE, 0x00, 0xFD, 0x02, 0xF4,
    0x00, 0x00, 0x00, 0x00, 0x00, 0xBE, 0x00, 0xFD, 0x07, 0xF0, 0x00, 0x00, 0x00, 0x00, 0x00, 0xBE,
    0x00, 0xFC, 0x0F, 0xC0, 0x00, 0x00, 0x00, 0x00, 0x00, 0x7F, 0x00, 0xFC, 0x1F, 0x80, 0x00, 0x00,
    0x00, 0x00, 0x00, 0x3F, 0x83, 0xF4, 0x3F, 0x00, 0x00, 0x00, 0x00, 0x00, 0x00, 0x0F, 0xFF, 0xE0,
    0xBD, 0x00, 0x00, 0x00, 0x00, 0x00, 0x00, 0x01, 0xFE, 0x40, 0xFC, 0x0B, 0xFF, 0x40, 0x07, 0xFF,
    0x80, 0x00, 0x00, 0x03, 0xF0, 0x3F, 0xFF, 0xD0, 0x2F, 0xEF, 0xF0, 0x00, 0x00, 0x07, 0xE0, 0xFD,
    0x07, 0xF0, 0x7F, 0x03, 0xF8, 0x00, 0x00, 0x0F, 0xC0, 0xFC, 0x03, 0xF4, 0xBD, 0x01, 0xFC, 0x00,
    0x00, 0x2F, 0x41, 0xFC, 0x02, 0xF8, 0xFD, 0x00, 0xFC, 0x00, 0x00, 0x3F, 0x01, 0xFC, 0x02, 0xF4,
    0xFD, 0x00, 0xFC, 0x00, 0x00, 0xFC, 0x01, 0xFC, 0x03, 0xF4, 0xFD, 0x01, 0xFC, 0x00, 0x01, 0xF8,
    0x00, 0xFD, 0x03, 0xF0, 0x7F, 0x02, 0xF8, 0x00, 0x03, 0xF0, 0x00, 0x7F, 0xAF, 0xD0, 0x3F, 0xEB,
    0xF0, 0x00, 0x0B, 0xD0, 0x00, 0x1F, 0xFF, 0x40, 0x0F, 0xFF, 0xC0, 0x00, 0x05, 0x40, 0x00, 0x01,
    0xA4, 0x00, 0x00, 0x64, 0x00, 0x00, 0x07, 0xD2, 0xFC, 0xFE, 0x3F, 0x0F, 0x83, 0xC0, 0xE0, 0x30,
    0x00, 0x00, 0x00, 0x00, 0x7D, 0x0B, 0xC2, 0xFC, 0x3F, 0x4F, 0xE0, 0xFC, 0x3F, 0x07, 0xE0, 0xF8,
    0x1F, 0x03, 0xC0, 0x78, 0x0E, 0x02, 0xD0, 0x30, 0x06, 0x00, 0x00, 0x0A, 0x00, 0x0B, 0xC0, 0x0B,
    0xD0, 0x0B, 0xE0, 0x0B, 0xF0, 0x0B, 0xF4, 0x07, 0xF8, 0x01, 0xFE, 0x00, 0x3F, 0xC0, 0x03, 0xFC,
    0x00, 0x3F, 0x80, 0x03, 0xF4, 0x00, 0x3F, 0x00, 0x03, 0xC0, 0x00, 0x00, 0x1C, 0x00, 0x0F, 0xC0,
    0x00, 0xFC, 0x00, 0x1F, 0xC0, 0x02, 0xFC, 0x00, 0x3F, 0xC0, 0x07, 0xF8, 0x00, 0xFF, 0x00, 0xFF,
    0x40, 0x7F, 0x40, 0x3F, 0x40, 0x3F, 0x40, 0x2F, 0x40, 0x0B, 0x40, 0x00, 0x00, 0x00, 0x00, 0x00,
    0x00, 0x00, 0x00, 0x00, 0x00, 0x00, 0x00, 0x00, 0x3C, 0x00, 0x00, 0x00, 0x00, 0x00, 0x00, 0x7C,
    0x00, 0x00, 0x00, 0x00, 0x00, 0x74, 0x3C, 0x18, 0x00, 0x00, 0x00, 0x00, 0xFD, 0x3C, 0xBE, 0x00,
    0x00, 0x00, 0x00, 0x7F, 0xBA, 0xFD, 0x00, 0x00, 0x00, 0x00, 0x06, 0xFF, 0x90, 0x00, 0x00, 0x00,
    0x00, 0x01, 0xFE, 0x00, 0x00, 0x00, 0x00, 0x00, 0x2F, 0xFF, 0xF4, 0x00, 0x00, 0x00, 0x00, 0xFF,
    0x38, 0xFD, 0x00, 0x00, 0x00, 0x00, 0xB8, 0x3C, 0x3D, 0x00, 0x00, 0x00, 0x00, 0x00, 0x7C, 0x04,
    0x00, 0x00, 0x00, 0x00, 0x00, 0xBC, 0x00, 0x00, 0x00, 0x00, 0x00, 0x00, 0x24, 0x00, 0x00, 0x00,
    0x00, 0x00, 0x00, 0x00, 0x00, 0x00, 0x00, 0x00, 0x2F, 0x00, 0x00, 0x00, 0xF8, 0x00, 0x00, 0x3F,
    0x00, 0x00, 0x00, 0xF8, 0x00, 0x28, 0x2E, 0x09, 0x00, 0xA0, 0xF4, 0x24, 0x3F, 0x1D, 0x3F, 0x01,
    0xFC, 0xB1, 0xFC, 0x2F, 0xDD, 0xFF, 0x00, 0xFF, 0xB7, 0xF8, 0x02, 0xFF, 0xE0, 0x00, 0x1B, 0xFF,
    0x40, 0x00, 0xBF, 0x40, 0x00, 0x06, 0xFD, 0x00, 0x1F, 0xEE, 0xF8, 0x00, 0xBF, 0xBF, 0xE0, 0x7F,
    0x5D, 0xBF, 0x02, 0xFC, 0xB3, 0xFC, 0x3D, 0x2D, 0x1F, 0x00, 0xF0, 0xF4, 0xB8, 0x00, 0x3E, 0x00,
    0x00, 0x00, 0xF4, 0x10, 0x00, 0x3E, 0x00, 0x00, 0x00, 0xF4, 0x00, 0x00, 0x18, 0x00, 0x00, 0x00,
    0x50, 0x00, 0x00, 0x00, 0x00, 0x0F, 0x40, 0x00, 0x00, 0x0B, 0xC0, 0x00, 0x00, 0x07, 0xD0, 0x00,
    0x00, 0x03, 0xF0, 0x00, 0x00, 0x01, 0xF4, 0x00, 0x00, 0x00, 0xFC, 0x00, 0x00, 0x00, 0xBC, 0x00,
    0x00, 0x00, 0x3E, 0x00, 0x00, 0x00, 0x3F, 0x00, 0x00, 0x00, 0x1F, 0x40, 0x00, 0x00, 0x0F, 0xC0,
    0x00, 0x00, 0x07, 0xD0, 0x00, 0x00, 0x03, 0xF0, 0x00, 0x00, 0x02, 0xF0, 0x00, 0x00, 0x00, 0xF8,
    0x00, 0x00, 0x00, 0xFC, 0x00, 0x00, 0x00, 0x7D, 0x00, 0x00, 0x00, 0x3F, 0x00, 0x00, 0x00, 0x1F,
    0x40, 0x00, 0x00, 0x0F, 0xC0, 0x00, 0x00, 0x0B, 0xC0, 0x00, 0x00, 0x03, 0xE0, 0x00, 0x00, 0x03,
    0xF0, 0x00, 0x00, 0x01, 0xF4, 0x00, 0x00, 0x00, 0x54, 0x00, 0x00, 0x00, 0x00, 0x00, 0x6F, 0x90,
    0x00, 0x7F, 0xFF, 0xC0, 0x1F, 0xC0, 0xBF, 0x03, 0xF4, 0x03, 0xF8, 0x7F, 0x00, 0x1F, 0xCB, 0xE0,
    0x00, 0xFD, 0xFE, 0x00, 0x0F, 0xDF, 0xD0, 0x00, 0xFE, 0xFD, 0x00, 0x0F, 0xDF, 0xE0, 0x00, 0xFD,
    0xBE, 0x00, 0x0F, 0xC7, 0xF0, 0x01, 0xFC, 0x3F, 0x40, 0x2F, 0x41, 0xFD, 0x0B, 0xF0, 0x0B, 0xFF,
    0xFC, 0x00, 0x0B, 0xF9, 0x00, 0x00, 0x00, 0x58, 0x00, 0x00, 0x3F, 0xC0, 0x00, 0x0F, 0xFC, 0x00,
    0x01, 0xFF, 0xC0, 0x00, 0x3D, 0xFC, 0x00, 0x0F, 0x5F, 0xC0, 0x01, 0xE1, 0xFC, 0x00, 0x3C, 0x1F,
    0xC0, 0x0F, 0x41, 0xFC, 0x02, 0xE0, 0x1F, 0xC0, 0x3C, 0x01, 0xFC, 0x0B, 0xFF, 0xFF, 0xFD, 0x7F,
    0xFF, 0xFF, 0xD0, 0x00, 0x1F, 0xC0, 0x00, 0x01, 0xFC, 0x00, 0x00, 0x1F, 0xC0, 0x06, 0xAA, 0xA8,
    0x0B, 0xFF, 0xFD, 0x0F, 0xFF, 0xFC, 0x0F, 0x00, 0x00, 0x0F, 0x00, 0x00, 0x0F, 0x00, 0x00, 0x0F,
    0xBF, 0xD0, 0x1F, 0xFF, 0xFC, 0x09, 0x02, 0xFD, 0x00, 0x00, 0xBF, 0x00, 0x00, 0x7F, 0x00, 0x00,
    0xBF, 0x34, 0x00, 0xFE, 0x7F, 0x57, 0xFC, 0x1F, 0xFF, 0xF4, 0x02, 0xFF, 0x80, 0x00, 0x6F, 0xE4,
    0x03, 0xFE, 0xFD, 0x0F, 0xC0, 0x3F, 0x2F, 0x40, 0x7F, 0x3F, 0x00, 0x14, 0x7D, 0x00, 0x00, 0xBD,
    0xBF, 0xE0, 0xFF, 0xEB, 0xFC, 0xFF, 0x00, 0xFE, 0xFD, 0x00, 0x7F, 0xFD, 0x00, 0x3F, 0xBD, 0x00,
    0x3F, 0x7E, 0x00, 0x7E, 0x3F, 0x40, 0xFC, 0x0F, 0xFF, 0xF4, 0x02, 0xFF, 0x80, 0x2A, 0xAA, 0xAA,
    0x0F, 0xFF, 0xFF, 0xC7, 0xFF, 0xFF, 0xF1, 0xF0, 0x00, 0xF4, 0x74, 0x00, 0xF8, 0x00, 0x00, 0xBC,
    0x00, 0x00, 0x7D, 0x00, 0x00, 0x3F, 0x00, 0x00, 0x1F, 0x40, 0x00, 0x0F, 0xC0, 0x00, 0x07, 0xF0,
    0x00, 0x02, 0xF8, 0x00, 0x00, 0xFE, 0x00, 0x00, 0x3F, 0x80, 0x00, 0x0F, 0xD0, 0x00, 0x02, 0xA4,
    0x00, 0x00, 0xBF, 0xE4, 0x00, 0x7F, 0xFF, 0xE0, 0x0F, 0xC0, 0x3F, 0x41, 0xF8, 0x01, 0xF8, 0x1F,
    0xC0, 0x2F, 0x40, 0xFF, 0x43, 0xF0, 0x0B, 0xFF, 0xF8, 0x00, 0x1F, 0xFF, 0x80, 0x07, 0xFB, 0xFF,
    0x01, 0xF8, 0x0B, 0xFC, 0x3F, 0x00, 0x1F, 0xC3, 0xF0, 0x00, 0xFC, 0x3F, 0x00, 0x0F, 0xC3, 0xFC,
    0x03, 0xF8, 0x0F, 0xFF, 0xFE, 0x00, 0x1B, 0xFE, 0x00, 0x01, 0xBF, 0xD0, 0x02, 0xFE, 0xFE, 0x02,
    0xF8, 0x07, 0xE0, 0xFC, 0x00, 0xFC, 0x3F, 0x00, 0x2F, 0x5F, 0xC0, 0x0B, 0xE3, 0xF0, 0x03, 0xF8,
    0xFE, 0x01, 0xFE, 0x1F, 0xFB, 0xFF, 0x81, 0xFF, 0xEB, 0xD0, 0x01, 0x03, 0xF0, 0x00, 0x00, 0xFC,
    0x00, 0x00, 0xBE, 0x0F, 0x91, 0xBF, 0x01, 0xFF, 0xFF, 0x00, 0x0B, 0xFD, 0x00, 0x00, 0x20, 0x03,
    0xC0, 0x2E, 0x01, 0xF0, 0x0F, 0x80, 0x7D, 0x03, 0xF0, 0x0F, 0xC0, 0x7F, 0x01, 0xF8, 0x07, 0xE0,
    0x1F, 0x80, 0x7F, 0x00, 0xFC, 0x03, 0xF0, 0x07, 0xD0, 0x0F, 0x80, 0x1F, 0x00, 0x3E, 0x00, 0x3C,
    0x00, 0x20, 0x14, 0x00, 0xB4, 0x00, 0xF0, 0x02, 0xF0, 0x07, 0xD0, 0x0F, 0xC0, 0x2F, 0x40, 0x7E,
    0x01, 0xFC, 0x03, 0xF0, 0x0F, 0xC0, 0x3F, 0x01, 0xFC, 0x07, 0xE0, 0x2F, 0x40, 0xFC, 0x07, 0xE0,
    0x2F, 0x00, 0xF4, 0x0B, 0x80, 0x18, 0x00, 0x15, 0x41, 0xA9, 0x00, 0xFF, 0xCF, 0xFF, 0xC0, 0x1F,
    0xFE, 0x6F, 0xE0, 0x0F, 0xF0, 0x0B, 0xF0, 0x0F, 0xE0, 0x07, 0xF0, 0x0F, 0xD0, 0x07, 0xF0, 0x0F,
    0xD0, 0x07, 0xF0, 0x0F, 0xD0, 0x07, 0xF0, 0x0F, 0xD0, 0x07, 0xF0, 0x0F, 0xD0, 0x07, 0xF0, 0x0F,
    0xE0, 0x07, 0xF0, 0xBF, 0xFC, 0x3F, 0xFF, 0x6A, 0xA8, 0x2A, 0xA9, 0x00, 0x6F, 0x90, 0x00, 0x7F,
    0xFF, 0xC0, 0x1F, 0xC0, 0xBF, 0x03, 0xF4, 0x03, 0xF8, 0x7F, 0x00, 0x1F, 0xCB, 0xE0, 0x00, 0xFD,
    0xFE, 0x00, 0x0F, 0xDF, 0xD0, 0x00, 0xFE, 0xFD, 0x00, 0x0F, 0xDF, 0xE0, 0x00, 0xFD, 0xBE, 0x00,
    0x0F, 0xC7, 0xF0, 0x01, 0xFC, 0x3F, 0x40, 0x2F, 0x41, 0xFD, 0x0B, 0xF0, 0x0B, 0xFF, 0xFC, 0x00,
    0x0B, 0xF9, 0x00, 0x05, 0xB4, 0x0F, 0xFF, 0x40, 0x6F, 0xF4, 0x00, 0x3F, 0x40, 0x03, 0xF4, 0x00,
    0x3F, 0x40, 0x03, 0xF4, 0x00, 0x3F, 0x40, 0x03, 0xF4, 0x00, 0x3F, 0x40, 0x03, 0xF4, 0x00, 0x3F,
    0x40, 0x03, 0xF4, 0x00, 0x7F, 0x90, 0xFF, 0xFF, 0xC6, 0xAA, 0xA8, 0x02, 0xFF, 0x90, 0x07, 0xFF,
    0xFE, 0x03, 0xF0, 0x1F, 0xE0, 0xFC, 0x02, 0xFC, 0x3F, 0x00, 0x7F, 0x00, 0x00, 0x2F, 0x80, 0x00,
    0x0F, 0xD0, 0x00, 0x0B, 0xE0, 0x00, 0x0B, 0xE0, 0x00, 0x0B, 0xE0, 0x00, 0x0B, 0xD0, 0x00, 0x0B,
    0xD0, 0x2C, 0x0B, 0xC0, 0x1F, 0x0B, 0xFF, 0xFF, 0xC3, 0xFF, 0xFF, 0xF0, 0x6A, 0xAA, 0xA4, 0x01,
    0xBF, 0x90, 0x03, 0xFF, 0xFF, 0x02, 0xF0, 0x0F, 0xE0, 0xFD, 0x01, 0xFC, 0x1F, 0x40, 0x7F, 0x00,
    0x00, 0x3F, 0x40, 0x00, 0x2F, 0x80, 0x00, 0xFF, 0x40, 0x00, 0x2B, 0xF8, 0x00, 0x00, 0x2F, 0xC0,
    0x00, 0x03, 0xF4, 0x00, 0x00, 0xFD, 0x28, 0x00, 0x7F, 0x4F, 0xE5, 0xBF, 0xC0, 0xFF, 0xFF, 0xC0,
    0x06, 0xFE, 0x40, 0x00, 0x00, 0x58, 0x00, 0x00, 0x3F, 0xC0, 0x00, 0x0F, 0xFC, 0x00, 0x01, 0xFF,
    0xC0, 0x00, 0x3D, 0xFC, 0x00, 0x0F, 0x5F, 0xC0, 0x01, 0xE1, 0xFC, 0x00, 0x3C, 0x1F, 0xC0, 0x0F,
    0x41, 0xFC, 0x02, 0xE0, 0x1F, 0xC0, 0x3C, 0x01, 0xFC, 0x0B, 0xFF, 0xFF, 0xFD, 0x7F, 0xFF, 0xFF,
    0xD0, 0x00, 0x1F, 0xC0, 0x00, 0x01, 0xFC, 0x00, 0x00, 0x1F, 0xC0, 0x06, 0xAA, 0xA8, 0x0B, 0xFF,
    0xFD, 0x0F, 0xFF, 0xFC, 0x0F, 0x00, 0x00, 0x0F, 0x00, 0x00, 0x0F, 0x00, 0x00, 0x0F, 0xBF, 0xD0,
    0x1F, 0xFF, 0xFC, 0x09, 0x02, 0xFD, 0x00, 0x00, 0xBF, 0x00, 0x00, 0x7F, 0x00, 0x00, 0xBF, 0x34,
    0x00, 0xFE, 0x7F, 0x57, 0xFC, 0x1F, 0xFF, 0xF4, 0x02, 0xFF, 0x80, 0x00, 0x6F, 0xE4, 0x03, 0xFE,
    0xFD, 0x0F, 0xC0, 0x3F, 0x2F, 0x40, 0x7F, 0x3F, 0x00, 0x14, 0x7D, 0x00, 0x00, 0xBD, 0xBF, 0xE0,
    0xFF, 0xEB, 0xFC, 0xFF, 0x00, 0xFE, 0xFD, 0x00, 0x7F, 0xFD, 0x00, 0x3F, 0xBD, 0x00, 0x3F, 0x7E,
    0x00, 0x7E, 0x3F, 0x40, 0xFC, 0x0F, 0xFF, 0xF4, 0x02, 0xFF, 0x80, 0x2A, 0xAA, 0xAA, 0x0F, 0xFF,
    0xFF, 0xC7, 0xFF, 0xFF, 0xF1, 0xF0, 0x00, 0xF4, 0x74, 0x00, 0xF8, 0x00, 0x00, 0xBC, 0x00, 0x00,
    0x7D, 0x00, 0x00, 0x3F, 0x00, 0x00, 0x1F, 0x40, 0x00, 0x0F, 0xC0, 0x00, 0x07, 0xF0, 0x00, 0x02,
    0xF8, 0x00, 0x00, 0xFE, 0x00, 0x00, 0x3F, 0x80, 0x00, 0x0F, 0xD0, 0x00, 0x02, 0xA4, 0x00, 0x00,
    0xBF, 0xE4, 0x00, 0x7F, 0xFF, 0xE0, 0x0F, 0xC0, 0x3F, 0x41, 0xF8, 0x01, 0xF8, 0x1F, 0xC0, 0x2F,
    0x40, 0xFF, 0x43, 0xF0, 0x0B, 0xFF, 0xF8, 0x00, 0x1F, 0xFF, 0x80, 0x07, 0xFB, 0xFF, 0x01, 0xF8,
    0x0B, 0xFC, 0x3F, 0x00, 0x1F, 0xC3, 0xF0, 0x00, 0xFC, 0x3F, 0x00, 0x0F, 0xC3, 0xFC, 0x03, 0xF8,
    0x0F, 0xFF, 0xFE, 0x00, 0x1B, 0xFE, 0x00, 0x01, 0xBF, 0xD0, 0x02, 0xFE, 0xFE, 0x02, 0xF8, 0x07,
    0xE0, 0xFC, 0x00, 0xFC, 0x3F, 0x00, 0x2F, 0x5F, 0xC0, 0x0B, 0xE3, 0xF0, 0x03, 0xF8, 0xFE, 0x01,
    0xFE, 0x1F, 0xFB, 0xFF, 0x81, 0xFF, 0xEB, 0xD0, 0x01, 0x03, 0xF0, 0x00, 0x00, 0xFC, 0x00, 0x00,
    0xBE, 0x0F, 0x91, 0xBF, 0x01, 0xFF, 0xFF, 0x00, 0x0B, 0xFD, 0x00, 0x00, 0x20, 0x03, 0xC0, 0x2E,
    0x01, 0xF0, 0x0F, 0x80, 0x7D, 0x03, 0xF0, 0x0F, 0xC0, 0x7F, 0x01, 0xF8, 0x07, 0xE0, 0x1F, 0x80,
    0x7F, 0x00, 0xFC, 0x03, 0xF0, 0x07, 0xD0, 0x0F, 0x80, 0x1F, 0x00, 0x3E, 0x00, 0x3C, 0x00, 0x20,
    0x14, 0x00, 0xB4, 0x00, 0xF0, 0x02, 0xF0, 0x07, 0xD0, 0x0F, 0xC0, 0x2F, 0x40, 0x7E, 0x01, 0xFC,
    0x03, 0xF0, 0x0F, 0xC0, 0x3F, 0x01, 0xFC, 0x07, 0xE0, 0x2F, 0x40, 0xFC, 0x07, 0xE0, 0x2F, 0x00,
    0xF4, 0x0B, 0x80, 0x18, 0x00, 0x00, 0x00, 0x04, 0x14, 0x00, 0x00, 0x00, 0xB0, 0xE0, 0x00, 0x00,
    0x03, 0xC7, 0x40, 0x00, 0x00, 0x6F, 0xBC, 0x70, 0x00, 0x2F, 0xFF, 0xFA, 0xD0, 0x03, 0xFF, 0xE7,
    0xFF, 0x40, 0x3F, 0xCB, 0x0F, 0xFE, 0x03, 0xFC, 0x2C, 0x78, 0xFC, 0x1F, 0xD0, 0xF1, 0xD1, 0xF0,
    0xFF, 0x03, 0x8B, 0x03, 0x83, 0xFC, 0x1D, 0x3C, 0x00, 0x1F, 0xE0, 0x70, 0xE0, 0x00, 0xBF, 0x42,
    0xC3, 0x80, 0x02, 0xFD, 0x0F, 0x1D, 0x00, 0x0B, 0xF4, 0x38, 0xB0, 0x00, 0x2F, 0xD0, 0xD3, 0xC0,
    0x00, 0xBF, 0x47, 0x4F, 0x00, 0x02, 0xFD, 0x2C, 0x38, 0x00, 0x07, 0xF8, 0xF1, 0xD0, 0x00, 0x0F,
    0xF3, 0x8B, 0x00, 0x00, 0x3F, 0xDE, 0x2C, 0x00, 0x00, 0xBF, 0xF4, 0xF0, 0x03, 0xC0, 0xFF, 0xC3,
    0x80, 0x2F, 0x02, 0xFF, 0x1D, 0x01, 0xFC, 0x03, 0xFF, 0xB4, 0x2F, 0xE0, 0x02, 0xFF, 0xFF, 0xFF,
    0x40, 0x07, 0xFF, 0xFF, 0x7D, 0x00, 0x1C, 0x3E, 0x50, 0x60, 0x00, 0xB0, 0xE0, 0x00, 0x00, 0x02,
    0x86, 0x40, 0x00, 0x00, 0x05, 0x55, 0x55, 0x55, 0x50, 0x0F, 0xFF, 0xFF, 0xFF, 0xF8, 0x0A, 0xFF,
    0xEA, 0xBF, 0xFC, 0x00, 0x3F, 0xC0, 0x02, 0xFC, 0x00, 0x3F, 0xC0, 0x00, 0xFC, 0x00, 0x3F, 0xC0,
    0x00, 0x3D, 0x00, 0x3F, 0xC0, 0x00, 0x3D, 0x00, 0x3F, 0xC0, 0x00, 0x00, 0x00, 0x3F, 0xC0, 0x00,
    0x00, 0x00, 0x3F, 0xC0, 0x0F, 0x00, 0x00, 0x3F, 0xC0, 0x0F, 0x00, 0x00, 0x3F, 0xEA, 0xBF, 0x00,
    0x00, 0x3F, 0xFF, 0xFF, 0x00, 0x00, 0x3F, 0xEA, 0xAA, 0x00, 0x00, 0x3F, 0xC0, 0x00, 0x00, 0x00,
    0x3F, 0xC0, 0x00, 0x00, 0x2A, 0xBF, 0xEA, 0xAA, 0x00, 0x3F, 0xFF, 0xFF, 0xFF, 0x00, 0x15, 0x7F,
    0xD5, 0x55, 0x00, 0x00, 0x3F, 0xC0, 0x00, 0x00, 0x00, 0x3F, 0xC0, 0x00, 0x00, 0x00, 0x7F, 0xD0,
    0x00, 0x00, 0x0F, 0xFF, 0xFF, 0x40, 0x00, 0x0F, 0xFF, 0xFF, 0x80, 0x00, 0x00, 0x01, 0xBF, 0x90,
    0x00, 0x02, 0xFF, 0xFF, 0xD0, 0x00, 0xBF, 0x81, 0xBF, 0x00, 0x1F, 0xD0, 0x03, 0xF8, 0x03, 0xFC,
    0x00, 0xBF, 0xC0, 0x3F, 0x80, 0x0B, 0xF8, 0x07, 0xF8, 0x00, 0x3E, 0x00, 0x7F, 0x80, 0x00, 0x00,
    0x03, 0xFC, 0x00, 0x00, 0x02, 0xBF, 0xEA, 0xAA, 0x40, 0x3F, 0xFF, 0xFF, 0xF8, 0x00, 0x1F, 0xF4,
    0x00, 0x00, 0x00, 0xFF, 0x80, 0x00, 0x00, 0x0B, 0xFC, 0x00, 0x00, 0x3F, 0xFF, 0xFF, 0xF8, 0x02,
    0xAB, 0xFF, 0xAA, 0x40, 0x00, 0x1F, 0xD0, 0x00, 0x00, 0x01, 0xFC, 0x00, 0x00, 0x00, 0x1F, 0xC0,
    0x02, 0xE0, 0x03, 0xF0, 0x00, 0x3E, 0x00, 0xBD, 0x00, 0x0F, 0xD0, 0x7F, 0xFF, 0xFF, 0xFD, 0x1F,
    0xFF, 0xFF, 0xFF, 0xC1, 0xFF, 0xFF, 0xFF, 0xFC, 0x15, 0x55, 0x40, 0x00, 0x15, 0x55, 0x4F, 0xFF,
    0xF0, 0x00, 0x1F, 0xFF, 0xF2, 0xBF, 0xFE, 0x00, 0x02, 0xFF, 0xE4, 0x07, 0xFF, 0xD0, 0x00, 0x0B,
    0xC0, 0x01, 0xFF, 0xFC, 0x00, 0x02, 0xF0, 0x00, 0x7D, 0xFF, 0x40, 0x00, 0xBC, 0x00, 0x1F, 0x5F,
    0xF0, 0x00, 0x2F, 0x00, 0x07, 0xD2, 0xFE, 0x00, 0x0B, 0xC0, 0x01, 0xF4, 0x3F, 0xC0, 0x02, 0xF0,
    0x1F, 0xFF, 0xFF, 0xFF, 0xFF, 0xFF, 0xF7, 0xFF, 0xFF, 0xFF, 0xFF, 0xFF, 0xFC, 0x07, 0xD0, 0x1F,
    0xF0, 0x0B, 0xC0, 0x01, 0xF4, 0x03, 0xFD, 0x02, 0xF0, 0x1F, 0xFF, 0xFF, 0xFF, 0xFF, 0xFF, 0xFB,
    0xFF, 0xFF, 0xFF, 0xFF, 0xFF, 0xFC, 0x07, 0xD0, 0x00, 0xFF, 0x0B, 0xC0, 0x01, 0xF4, 0x00, 0x1F,
    0xF2, 0xF0, 0x00, 0x7D, 0x00, 0x03, 0xFD, 0xBC, 0x00, 0x1F, 0x40, 0x00, 0x7F, 0xEF, 0x00, 0x07,
    0xD0, 0x00, 0x0B, 0xFF, 0xC0, 0x01, 0xF4, 0x00, 0x00, 0xFF, 0xF0, 0x00, 0xBE, 0x00, 0x00, 0x2F,
    0xFC, 0x03, 0xFF, 0xFC, 0x00, 0x03, 0xFF, 0x00, 0xFF, 0xFF, 0x00, 0x00, 0x7F, 0xC0, 0x15, 0x55,
    0x55, 0x00, 0x00, 0x00, 0x00, 0x00, 0x00, 0x00, 0x00, 0x00, 0x3F, 0xFF, 0xFF, 0xF9, 0x00, 0x00,
    0x28, 0x00, 0x00, 0x00, 0x00, 0x00, 0x2B, 0xFF, 0xAF, 0xFF, 0x80, 0x00, 0x7C, 0x00, 0x00, 0x00,
    0x00, 0x00, 0x01, 0xFF, 0x00, 0x7F, 0xE0, 0x00, 0xBC, 0x00, 0x00, 0x00, 0x00, 0x00, 0x01, 0xFF,
    0x00, 0x0F, 0xF4, 0x00, 0xFC, 0x00, 0x00, 0x00, 0x00, 0x00, 0x01, 0xFF, 0x00, 0x0B, 0xF8, 0x01,
    0xFC, 0x00, 0x00, 0x00, 0x00, 0x00, 0x01, 0xFF, 0x00, 0x0B, 0xFC, 0x03, 0xFC, 0x00, 0x00, 0x01,
    0x50, 0x10, 0x01, 0xFF, 0x00, 0x07, 0xFC, 0x2F, 0xFF, 0xFF, 0x00, 0x3F, 0xFF, 0xB4, 0x01, 0xFF,
    0x00, 0x0B, 0xF8, 0x7F, 0xFF, 0xFF, 0x00, 0xFE, 0xAF, 0xF8, 0x01, 0xFF, 0x00, 0x0B, 0xF8, 0x17,
    0xFD, 0x55, 0x03, 0xF4, 0x02, 0xF8, 0x01, 0xFF, 0x00, 0x0F, 0xF0, 0x02, 0xFC, 0x00, 0x03, 0xF0,
    0x00, 0xF8, 0x01, 0xFF, 0x00, 0x3F, 0xE0, 0x02, 0xFC, 0x00, 0x07, 0xF0, 0x00, 0x7C, 0x01, 0xFF,
    0x46, 0xFF, 0x80, 0x02, 0xFC, 0x00, 0x03, 0xFC, 0x00, 0x00, 0x01, 0xFF, 0xFF, 0xFE, 0x00, 0x02,
    0xFC, 0x00, 0x03, 0xFF, 0xE0, 0x00, 0x01, 0xFF, 0xFF, 0x90, 0x00, 0x02, 0xFC, 0x00, 0x01, 0xFF,
    0xFF, 0x40, 0x01, 0xFF, 0x00, 0x00, 0x00, 0x02, 0xFC, 0x00, 0x00, 0x7F, 0xFF, 0xF0, 0x01, 0xFF,
    0x00, 0x00, 0x00, 0x02, 0xFC, 0x00, 0x00, 0x06, 0xFF, 0xFC, 0x01, 0xFF, 0x00, 0x00, 0x00, 0x02,
    0xFC, 0x00, 0x00, 0x00, 0x1B, 0xFC, 0x01, 0xFF, 0x00, 0x00, 0x00, 0x02, 0xFC, 0x00, 0x01, 0x40,
    0x01, 0xFD, 0x01, 0xFF, 0x00, 0x00, 0x00, 0x02, 0xFC, 0x00, 0x0B, 0xC0, 0x00, 0xFD, 0x01, 0xFF,
    0x00, 0x00, 0x00, 0x02, 0xFD, 0x00, 0x07, 0xE0, 0x00, 0xFC, 0x02, 0xFF, 0x00, 0x00, 0x00, 0x01,
    0xFF, 0x57, 0xC7, 0xF8, 0x02, 0xF8, 0x3F, 0xFF, 0xFD, 0x00, 0x00, 0x00, 0xFF, 0xFF, 0xC7, 0xFF,
    0xEF, 0xF0, 0x3F, 0xFF, 0xFD, 0x00, 0x00, 0x00, 0x7F, 0xFD, 0x03, 0xEF, 0xFF, 0x80, 0x00, 0x00,
    0x00, 0x00, 0x00, 0x00, 0x05, 0x50, 0x01, 0x41, 0x54, 0x00, 0x15, 0x55, 0x50, 0x00, 0x15, 0x40,
    0x00, 0x55, 0x55, 0x0F, 0xFF, 0xFE, 0x00, 0x1F, 0xF4, 0x00, 0x3F, 0xFF, 0xD2, 0xFF, 0xFE, 0x40,
    0x0B, 0xFE, 0x00, 0x06, 0xFF, 0xE0, 0x0B, 0xFC, 0x00, 0x03, 0xFF, 0xC0, 0x00, 0x1F, 0x80, 0x00,
    0xFF, 0x00, 0x00, 0xFF, 0xF4, 0x00, 0x07, 0xC0, 0x00, 0x3F, 0xD0, 0x00, 0x7D, 0xFE, 0x00, 0x02,
    0xF0, 0x00, 0x0B, 0xF8, 0x00, 0x2F, 0x3F, 0xC0, 0x00, 0xF8, 0x00, 0x01, 0xFF, 0x00, 0x0F, 0x8B,
    0xF0, 0x00, 0x3D, 0x00, 0x05, 0x7F, 0xD5, 0x57, 0xE6, 0xFE, 0x55, 0x6F, 0x54, 0x0F, 0xFF, 0xFF,
    0xFF, 0xFF, 0xFF, 0xFF, 0xFF, 0xFF, 0x82, 0xAB, 0xFF, 0xAA, 0xFE, 0xAF, 0xFA, 0xAB, 0xFA, 0x90,
    0x00, 0x7F, 0x80, 0x3E, 0x02, 0xFD, 0x00, 0xF4, 0x00, 0x00, 0x0F, 0xF0, 0x0F, 0x40, 0x7F, 0x80,
    0x3C, 0x00, 0x0F, 0xFF, 0xFF, 0xFF, 0xFF, 0xFF, 0xFF, 0xFF, 0xFF, 0x87, 0xFF, 0xFF, 0xFF, 0xFF,
    0xFF, 0xFF, 0xFF, 0xFF, 0xE0, 0x00, 0x1F, 0xE0, 0xF8, 0x00, 0xBF, 0x43, 0xD0, 0x00, 0x00, 0x03,
    0xFC, 0x3D, 0x00, 0x1F, 0xE0, 0xF0, 0x00, 0x00, 0x00, 0xFF, 0x1F, 0x00, 0x03, 0xFC, 0x7C, 0x00,
    0x00, 0x00, 0x2F, 0xDB, 0xC0, 0x00, 0xBF, 0x6E, 0x00, 0x00, 0x00, 0x07, 0xFB, 0xE0, 0x00, 0x1F,
    0xEF, 0x40, 0x00, 0x00, 0x00, 0xFF, 0xF4, 0x00, 0x03, 0xFF, 0xC0, 0x00, 0x00, 0x00, 0x3F, 0xFC,
    0x00, 0x00, 0xFF, 0xF0, 0x00, 0x00, 0x00, 0x0B, 0xFF, 0x00, 0x00, 0x2F, 0xF8, 0x00, 0x00, 0x00,
    0x01, 0xFF, 0x80, 0x00, 0x07, 0xFD, 0x00, 0x00, 0x00, 0x00, 0x05, 0x56, 0x00, 0x00, 0x00, 0x0F,
    0xFF, 0x40, 0x00, 0x00, 0x0B, 0xFF, 0x40, 0x00, 0x00, 0x00, 0x7F, 0x40, 0x00, 0x00, 0x00, 0x7F,
    0x40, 0x00, 0x02, 0xFF, 0xFF, 0xFC, 0x00, 0x03, 0xFF, 0xFF, 0xFC, 0x00, 0x00, 0x00, 0x7F, 0x80,
    0x00, 0x01, 0x50, 0x7F, 0x40, 0x00, 0x7F, 0xFF, 0xBF, 0x40, 0x02, 0xFF, 0xFF, 0xFF, 0x40, 0x0B,
    0xF9, 0x06, 0xFF, 0x40, 0x1F, 0xE0, 0x00, 0x7F, 0x40, 0x3F, 0xC0, 0x00, 0x7F, 0x40, 0x3F, 0xC0,
    0x00, 0x7F, 0x40, 0x7F, 0x80, 0x00, 0x7F, 0x40, 0x7F, 0x80, 0x00, 0x7F, 0x40, 0xBF, 0x40, 0x00,
    0x7F, 0x40, 0xBF, 0x40, 0x00, 0x7F, 0x40, 0x7F, 0x80, 0x00, 0x7F, 0x40, 0x7F, 0xC0, 0x00, 0xBF,
    0x40, 0x3F, 0xC0, 0x00, 0xFF, 0x40, 0x3F, 0xE0, 0x01, 0xFF, 0x40, 0x1F, 0xFD, 0x1B, 0xFF, 0x80,
    0x07, 0xFF, 0xFF, 0x3F, 0xFC, 0x01, 0xFF, 0xF8, 0x2F, 0xFC, 0x00, 0x05, 0x40, 0x04, 0x00, 0x00,
    0x00, 0x00, 0x00, 0x00, 0x00, 0x00, 0x00, 0x00, 0x00, 0x00, 0x3F, 0xFF, 0xF8, 0x00, 0x00, 0x3F,
    0xFF, 0xF8, 0x00, 0x00, 0x2A, 0xAA, 0xA4, 0x00, 0x00, 0x00, 0x1A, 0xF9, 0x0F, 0x00, 0x00, 0x3F,
    0xFF, 0xFB, 0xC0, 0x00, 0x7F, 0xE5, 0xBF, 0xF0, 0x00, 0x7F, 0xC0, 0x01, 0xFD, 0x00, 0x3F, 0xC0,
    0x00, 0x1F, 0x80, 0x2F, 0xD0, 0x00, 0x02, 0xE0, 0x0F, 0xF0, 0x00, 0x00, 0x78, 0x07, 0xF8, 0x00,
    0x00, 0x00, 0x02, 0xFE, 0x00, 0x00, 0x00, 0x1F, 0xFF, 0xFF, 0xFD, 0x00, 0x07, 0xFF, 0xFF, 0xFF,
    0x40, 0x00, 0x0F, 0xF4, 0x00, 0x00, 0x00, 0x03, 0xFD, 0x00, 0x00, 0x00, 0x2A, 0xFF, 0xEA, 0xA8,
    0x00, 0x0F, 0xFF, 0xFF, 0xFF, 0x00, 0x00, 0x0F, 0xF8, 0x00, 0x00, 0x00, 0x02, 0xFE, 0x00, 0x00,
    0x00, 0x00, 0x3F, 0xC0, 0x00, 0x00, 0x00, 0x0F, 0xF4, 0x00, 0x00, 0x7C, 0x01, 0xFF, 0x00, 0x00,
    0x3E, 0x00, 0x3F, 0xE0, 0x00, 0x2F, 0x40, 0x03, 0xFE, 0x00, 0x2F, 0xD0, 0x00, 0x3F, 0xFF, 0xFF,
    0xF0, 0x00, 0x02, 0xFF, 0xFF, 0x7C, 0x00, 0x00, 0x05, 0xA4, 0x0A, 0x00, 0x05, 0x55, 0x55, 0x01,
    0x55, 0x54, 0x00, 0xFF, 0xFF, 0xF0, 0x3F, 0xFF, 0xD0, 0x0A, 0xFF, 0xF9, 0x02, 0xFF, 0xF9, 0x00,
    0x03, 0xFC, 0x00, 0x02, 0xF8, 0x00, 0x00, 0x3F, 0xC0, 0x00, 0x3E, 0x00, 0x00, 0x03, 0xFC, 0x00,
    0x0F, 0x80, 0x00, 0x00, 0x3F, 0xC0, 0x03, 0xE0, 0x00, 0x00, 0x03, 0xFC, 0x01, 0xF8, 0x00, 0x00,
    0x00, 0x3F, 0xC0, 0x7E, 0x00, 0x00, 0x00, 0x03, 0xFC, 0x1F, 0x80, 0x00, 0x00, 0x2A, 0xBF, 0xEB,
    0xFA, 0xAA, 0xA4, 0x03, 0xFF, 0xFF, 0xFF, 0xFF, 0xFF, 0x80, 0x2A, 0xBF, 0xEB, 0xFE, 0xAA, 0xA4,
    0x00, 0x03, 0xFC, 0x3F, 0xE0, 0x00, 0x00, 0x00, 0x3F, 0xC1, 0xFF, 0x40, 0x00, 0x00, 0x03, 0xFC,
    0x0B, 0xFC, 0x00, 0x00, 0x00, 0x3F, 0xC0, 0x3F, 0xE0, 0x00, 0x00, 0x03, 0xFC, 0x01, 0xFF, 0x40,
    0x00, 0x00, 0x3F, 0xC0, 0x0F, 0xFC, 0x00, 0x00, 0x03, 0xFC, 0x00, 0x3F, 0xE0, 0x00, 0x00, 0x3F,
    0xC0, 0x02, 0xFF, 0x40, 0x00, 0x07, 0xFD, 0x00, 0x0F, 0xFD, 0x00, 0x0F, 0xFF, 0xFE, 0x00, 0x3F,
    0xFF, 0xC0, 0xFF, 0xFF, 0xF0, 0x00, 0xFF, 0xF8, 0x00, 0x00, 0x00, 0x00, 0x00, 0x54, 0x00, 0x05,
    0x55, 0x55, 0x55, 0x55, 0x40, 0xBF, 0xFF, 0xFF, 0xFF, 0xFF, 0x82, 0xFF, 0xEB, 0xFF, 0xAF, 0xFF,
    0x0F, 0xF0, 0x0B, 0xF8, 0x02, 0xFC, 0x3F, 0x00, 0x2F, 0xE0, 0x03, 0xF1, 0xF4, 0x00, 0xBF, 0x80,
    0x07, 0xD7, 0xC0, 0x02, 0xFE, 0x00, 0x0F, 0x5A, 0x00, 0x0B, 0xF8, 0x00, 0x29, 0x00, 0x00, 0x2F,
    0xE0, 0x00, 0x00, 0x00, 0x00, 0xBF, 0x96, 0xB4, 0x00, 0x00, 0x5B, 0xFF, 0xFF, 0xD0, 0x00, 0x7F,
    0xFF, 0xFD, 0x40, 0x00, 0x01, 0xA5, 0x2F, 0xE0, 0x00, 0x00, 0x00, 0x00, 0xBF, 0x9B, 0xF4, 0x00,
    0x01, 0x6B, 0xFF, 0xFF, 0xD0, 0x00, 0x7F, 0xFF, 0xF9, 0x00, 0x00, 0x01, 0x94, 0x2F, 0xE0, 0x00,
    0x00, 0x00, 0x00, 0xBF, 0x80, 0x00, 0x00, 0x00, 0x02, 0xFE, 0x00, 0x00, 0x00, 0x00, 0x0B, 0xF8,
    0x00, 0x00, 0x00, 0x00, 0x2F, 0xE0, 0x00, 0x00, 0x00, 0x00, 0xFF, 0xD0, 0x00, 0x00, 0x00, 0xFF,
    0xFF, 0xFC, 0x00, 0x00, 0x03, 0xFF, 0xFF, 0xF0, 0x00, 0x15, 0x55, 0x55, 0x00, 0x00, 0x03, 0xFF,
    0xFF, 0xFF, 0x90, 0x00, 0x2B, 0xFF, 0xAF, 0xFF, 0x80, 0x00, 0x1F, 0xF0, 0x07, 0xFE, 0x00, 0x00,
    0xFF, 0x00, 0x0F, 0xF4, 0x07, 0xFF, 0xFF, 0xFF, 0xFF, 0xFC, 0xBF, 0xFF, 0xFF, 0xFF, 0xFF, 0xC0,
    0x0F, 0xF0, 0x00, 0x7F, 0xC0, 0x01, 0xFF, 0x00, 0x0B, 0xFC, 0x0B, 0xFF, 0xFF, 0xFF, 0xFF, 0xFC,
    0x6A, 0xFF, 0xAA, 0xAF, 0xFA, 0x80, 0x0F, 0xF0, 0x02, 0xFE, 0x00, 0x00, 0xFF, 0x01, 0xFF, 0xC0,
    0x00, 0x0F, 0xFF, 0xFF, 0xE0, 0x00, 0x00, 0xFF, 0xFF, 0xE0, 0x00, 0x00, 0x0F, 0xF0, 0x00, 0x00,
    0x00, 0x00, 0xFF, 0x00, 0x00, 0x00, 0x00, 0x0F, 0xF0, 0x00, 0x00, 0x00, 0x00, 0xFF, 0x00, 0x00,
    0x00, 0x00, 0x0F, 0xF0, 0x00, 0x00, 0x00, 0x00, 0xFF, 0x00, 0x00, 0x00, 0x00, 0x2F, 0xF4, 0x00,
    0x00, 0x00, 0x3F, 0xFF, 0xFD, 0x00, 0x00, 0x03, 0xFF, 0xFF, 0xD0, 0x00, 0x00, 0x00, 0x00, 0x01,
    0x00, 0x00, 0x00, 0x00, 0x00, 0x0B, 0x40, 0x00, 0x00, 0x00, 0x00, 0x0B, 0x40, 0x00, 0x00, 0x00,
    0x00, 0x6F, 0xE4, 0x2C, 0x00, 0x00, 0x0B, 0xFF, 0xFF, 0x7D, 0x00, 0x00, 0x7F, 0xFF, 0xFF, 0xFE,
    0x00, 0x01, 0xFF, 0x4B, 0x42, 0xFF, 0x00, 0x03, 0xFC, 0x0B, 0x40, 0xBF, 0x00, 0x0F, 0xF4, 0x0B,
    0x40, 0x3F, 0x00, 0x1F, 0xF0, 0x0B, 0x40, 0x1F, 0x40, 0x2F, 0xD0, 0x0B, 0x40, 0x0F, 0x80, 0x3F,
    0xC0, 0x0B, 0x40, 0x00, 0x00, 0x3F, 0xC0, 0x0B, 0x40, 0x00, 0x00, 0x7F, 0xC0, 0x0B, 0x40, 0x00,
    0x00, 0x7F, 0xC0, 0x0B, 0x40, 0x00, 0x00, 0x7F, 0xC0, 0x0B, 0x45, 0x55, 0x54, 0x7F, 0xC0, 0x0B,
    0x4F, 0xFF, 0xFC, 0x7F, 0xC0, 0x0B, 0x4B, 0xFF, 0xF8, 0x3F, 0xC0, 0x0B, 0x40, 0x7F, 0x80, 0x3F,
    0xD0, 0x0B, 0x40, 0x7F, 0x80, 0x2F, 0xF0, 0x0B, 0x40, 0x7F, 0x80, 0x1F, 0xF4, 0x0B, 0x40, 0x7F,
    0x80, 0x0F, 0xFC, 0x0B, 0x40, 0x7F, 0x80, 0x03, 0xFF, 0x0B, 0x40, 0xFF, 0x80, 0x01, 0xFF, 0xEF,
    0x5B, 0xFF, 0x80, 0x00, 0x3F, 0xFF, 0xFF, 0xEF, 0x80, 0x00, 0x07, 0xFF, 0xFE, 0x0B, 0x80, 0x00,
    0x00, 0x1F, 0x80, 0x00, 0x00, 0x00, 0x00, 0x0B, 0x40, 0x00, 0x00, 0x00, 0x00, 0x06, 0x00, 0x00,
    0x00, 0x02, 0xC0, 0xBF, 0x90, 0x00, 0x00, 0xFB, 0xFF, 0xFF, 0x40, 0x00, 0x3F, 0xF9, 0x5F, 0xF4,
    0x00, 0x0F, 0xF0, 0x00, 0xBF, 0x00, 0x03, 0xF0, 0x00, 0x0F, 0xE0, 0x00, 0xF4, 0x00, 0x03, 0xFC,
    0x00, 0x7C, 0x00, 0x00, 0xFF, 0x00, 0x00, 0x00, 0x00, 0x7F, 0xC0, 0x00, 0x00, 0x00, 0x7F, 0xE0,
    0x0F, 0xFF, 0xFF, 0xFF, 0xFF, 0xE2, 0xAA, 0xBF, 0xFF, 0xFE, 0xA8, 0x00, 0x7F, 0xFF, 0xF8, 0x00,
    0x00, 0xBF, 0xFF, 0xF4, 0x00, 0x0A, 0xFF, 0xFF, 0xFA, 0xAA, 0x97, 0xFF, 0xFF, 0xFF, 0xFF, 0xF8,
    0x2F, 0xF8, 0x00, 0x00, 0x00, 0x0F, 0xF8, 0x00, 0x00, 0x00, 0x03, 0xFC, 0x00, 0x00, 0x2E, 0x00,
    0xFF, 0x00, 0x00, 0x0F, 0x80, 0x2F, 0xC0, 0x00, 0x0F, 0xD0, 0x03, 0xF8, 0x00, 0x0B, 0xF4, 0x00,
    0xBF, 0x80, 0x1F, 0xFD, 0x00, 0x0B, 0xFF, 0xFF, 0xEF, 0x00, 0x00, 0x7F, 0xFF, 0x83, 0xC0, 0x00,
    0x00, 0x55, 0x00, 0x00, 0x00, 0x00, 0x00, 0x2C, 0x00, 0x00, 0x00, 0x00, 0xF4, 0x00, 0x00, 0x00,
    0x03, 0xD0, 0x00, 0x00, 0x00, 0x6F, 0xE0, 0xB0, 0x00, 0x2F, 0xFF, 0xFB, 0xD0, 0x03, 0xFE, 0xFA,
    0xFF, 0x40, 0x3F, 0xC3, 0xD0, 0xFE, 0x02, 0xFC, 0x0F, 0x40, 0xFC, 0x1F, 0xE0, 0x3D, 0x01, 0xF0,
    0xFF, 0x40, 0xF4, 0x03, 0x83, 0xFC, 0x03, 0xD0, 0x00, 0x1F, 0xF0, 0x0F, 0x40, 0x00, 0xBF, 0x80,
    0x3D, 0x00, 0x02, 0xFE, 0x00, 0xF4, 0x00, 0x0B, 0xF8, 0x03, 0xD0, 0x00, 0x2F, 0xE0, 0x0F, 0x40,
    0x00, 0xBF, 0x80, 0x3D, 0x00, 0x02, 0xFE, 0x00, 0xF4, 0x00, 0x07, 0xFC, 0x03, 0xD0, 0x00, 0x0F,
    0xF0, 0x0F, 0x40, 0x00, 0x3F, 0xD0, 0x3D, 0x00, 0x00, 0xBF, 0x80, 0xF4, 0x03, 0xC0, 0xFF, 0x03,
    0xD0, 0x2F, 0x02, 0xFF, 0x0F, 0x41, 0xFC, 0x03, 0xFF, 0x7D, 0x1F, 0xE0, 0x02, 0xFF, 0xFF, 0xFF,
    0x40, 0x01, 0xFF, 0xFF, 0x7D, 0x00, 0x00, 0x1F, 0x80, 0x60, 0x00, 0x00, 0x3D, 0x00, 0x00, 0x00,
    0x00, 0xF4, 0x00, 0x00, 0x00, 0x00, 0x40, 0x00, 0x00, 0x05, 0x55, 0x55, 0x55, 0x55, 0x50, 0x7F,
    0xFF, 0xFF, 0xFF, 0xFF, 0xC1, 0xAA, 0xAA, 0xAA, 0xAA, 0xAA, 0x00, 0x00, 0x00, 0x00, 0x00, 0x00,
    0x05, 0x55, 0x55, 0x55, 0x55, 0x50, 0xBF, 0xFF, 0xFF, 0xFF, 0xFF, 0xC3, 0xFF, 0xAA, 0xFF, 0xAA,
    0xFF, 0x0F, 0xC0, 0x07, 0xF8, 0x00, 0xFD, 0x7D, 0x00, 0x1F, 0xE0, 0x00, 0xF9, 0xF0, 0x00, 0x7F,
    0x80, 0x02, 0xE6, 0x40, 0x01, 0xFE, 0x00, 0x06, 0x40, 0x00, 0x07, 0xF8, 0x00, 0x00, 0x00, 0x00,
    0x1F, 0xE0, 0x00, 0x00, 0x00, 0x00, 0x7F, 0x80, 0x00, 0x00, 0x00, 0x01, 0xFE, 0x00, 0x00, 0x00,
    0x00, 0x07, 0xF8, 0x00, 0x00, 0x00, 0x00, 0x1F, 0xE0, 0x00, 0x00, 0x00, 0x00, 0x7F, 0x80, 0x00,
    0x00, 0x00, 0x01, 0xFE, 0x00, 0x00, 0x00, 0x00, 0x07, 0xF8, 0x00, 0x00, 0x00, 0x00, 0x1F, 0xE0,
    0x00, 0x00, 0x00, 0x00, 0xBF, 0xD0, 0x00, 0x00, 0x00, 0xFF, 0xFF, 0xFD, 0x00, 0x00, 0x03, 0xFF,
    0xFF, 0xF4, 0x00, 0x15, 0x55, 0x55, 0x55, 0x4B, 0xFF, 0xFF, 0xFF, 0xFC, 0x6A, 0xAF, 0xFF, 0xAA,
    0x40, 0x00, 0x0F, 0xFC, 0x00, 0x00, 0x00, 0x3F, 0xD0, 0x00, 0x00, 0x02, 0xFF, 0x00, 0xBF, 0xFF,
    0xFF, 0xFF, 0xCB, 0xFF, 0xFF, 0xFF, 0xFC, 0x00, 0x00, 0x3F, 0xD0, 0x00, 0x00, 0x03, 0xFC, 0x00,
    0x00, 0x00, 0xFF, 0x00, 0x05, 0x56, 0xFF, 0x80, 0x00, 0xFF, 0xFF, 0x80, 0x00, 0x05, 0x56, 0xFE,
    0x00, 0x00, 0x00, 0x0B, 0xF8, 0x00, 0x00, 0x00, 0x3F, 0xD0, 0x00, 0x00, 0x02, 0xFF, 0x00, 0x00,
    0x00, 0x1F, 0xF0, 0x00, 0x00, 0x00, 0xFF, 0x80, 0x00, 0x00, 0x07, 0xFC, 0x00, 0x00, 0x00, 0x3F,
    0xE0, 0x00, 0x00, 0x02, 0xFF, 0x40, 0x00, 0x00, 0x0F, 0xFF, 0xD0, 0x00, 0x00, 0x7F, 0xFC, 0x00,
    0x00, 0x00, 0x54, 0x00, 0x00, 0x55, 0x00, 0x00, 0x00, 0x00, 0xFF, 0x00, 0x00, 0x00, 0x00, 0xFF,
    0x00, 0x00, 0x00, 0x00, 0xFF, 0x00, 0x00, 0x00, 0x00, 0xFF, 0x00, 0x00, 0x00, 0x00, 0xFF, 0x00,
    0x00, 0x00, 0x00, 0xFF, 0x05, 0x40, 0x00, 0x01, 0xFF, 0xFF, 0x40, 0x00, 0x7F, 0xFF, 0xFA, 0x00,
    0x00, 0xBF, 0xFF, 0x00, 0x00, 0x00, 0x00, 0xFF, 0x00, 0x00, 0x00, 0x00, 0xFF, 0xBF, 0x80, 0x00,
    0x2B, 0xFF, 0xFF, 0x40, 0x00, 0x7F, 0xFF, 0x40, 0x00, 0x00, 0x11, 0xFF, 0x00, 0x02, 0xF0, 0x00,
    0xFF, 0x00, 0x07, 0xFC, 0x00, 0xFF, 0x00, 0x07, 0xFC, 0x00, 0xFF, 0x00, 0x02, 0xFC, 0x00, 0xFF,
    0x00, 0x00, 0xFC, 0x00, 0xFF, 0x00, 0x00, 0xF8, 0x01, 0xFF, 0x00, 0x03, 0xF0, 0x02, 0xFF, 0x01,
    0x6F, 0xD0, 0x3F, 0xFF, 0xFF, 0xFF, 0x00, 0x3F, 0xFF, 0xFF, 0xE4, 0x00, 0x00, 0x00, 0x0F, 0x80,
    0x00, 0x00, 0x00, 0x00, 0x3E, 0x00, 0x00, 0x00, 0x00, 0x06, 0xFD, 0x00, 0x00, 0x00, 0x07, 0xFF,
    0xFF, 0xE0, 0x00, 0x00, 0xBF, 0xFF, 0xFF, 0xF4, 0x00, 0x0F, 0xFD, 0x7F, 0x2F, 0xF4, 0x00, 0xBF,
    0x81, 0xFC, 0x1F, 0xF0, 0x03, 0xFC, 0x07, 0xF0, 0x1F, 0xE0, 0x2F, 0xD0, 0x1F, 0xC0, 0x3F, 0xC0,
    0xFF, 0x00, 0x7F, 0x00, 0xBF, 0x47, 0xFC, 0x01, 0xFC, 0x01, 0xFE, 0x1F, 0xE0, 0x07, 0xF0, 0x03,
    0xFC, 0xBF, 0x40, 0x1F, 0xC0, 0x0F, 0xF2, 0xFD, 0x00, 0x7F, 0x00, 0x3F, 0xCB, 0xF4, 0x01, 0xFC,
    0x00, 0xFF, 0x2F, 0xD0, 0x0B, 0xF0, 0x03, 0xFC, 0xBF, 0x40, 0x2F, 0xC0, 0x0F, 0xF1, 0xFE, 0x00,
    0xBF, 0x00, 0x3F, 0xC7, 0xF8, 0x02, 0xFC, 0x00, 0xFF, 0x0F, 0xF0, 0x0F, 0xF4, 0x07, 0xF8, 0x3F,
    0xC0, 0x3F, 0xD0, 0x2F, 0xD0, 0xBF, 0x40, 0xAA, 0x40, 0xFF, 0x01, 0xFE, 0x00, 0x00, 0x03, 0xFC,
    0x03, 0xFC, 0x00, 0x00, 0x1F, 0xE0, 0x15, 0x55, 0x55, 0x00, 0x00, 0xFF, 0xFF, 0xFF, 0xE4, 0x02,
    0xBF, 0xFA, 0xBF, 0xF8, 0x00, 0xBF, 0x80, 0x0F, 0xF8, 0x01, 0xFE, 0x00, 0x0F, 0xF4, 0x07, 0xF8,
    0x00, 0x2F, 0xE0, 0x1F, 0xE0, 0x00, 0xBF, 0xC0, 0x7F, 0x80, 0x01, 0xFF, 0x01, 0xFE, 0x00, 0x0B,
    0xF8, 0x07, 0xF8, 0x00, 0x3F, 0xE0, 0x1F, 0xE0, 0x00, 0xFF, 0x00, 0x7F, 0x80, 0x0F, 0xF8, 0x16,
    0xFF, 0x56, 0xFF, 0x82, 0xFF, 0xFF, 0xFF, 0xF4, 0x06, 0xAF, 0xFA, 0x94, 0x00, 0x00, 0x7F, 0x80,
    0x00, 0x00, 0x01, 0xFE, 0x00, 0x00, 0x02, 0xFF, 0xFF, 0xFF, 0xC0, 0x0B, 0xFF, 0xFF, 0xFF, 0x00,
    0x00, 0x7F, 0x80, 0x00, 0x00, 0x01, 0xFE, 0x00, 0x00, 0x00, 0x0B, 0xFC, 0x00, 0x00, 0x03, 0xFF,
    0xFF, 0xC0, 0x00, 0x0F, 0xFF, 0xFF, 0x00, 0x00, 0x00, 0x00, 0x00, 0x00, 0x00, 0x7F, 0xD0, 0x00,
    0x2F, 0xFF, 0x00, 0x07, 0xF1, 0xF8, 0x00, 0xFD, 0x0F, 0xC0, 0x1F, 0xC0, 0xBC, 0x02, 0xFC, 0x0B,
    0xC0, 0x2F, 0xC0, 0xBC, 0x02, 0xFC, 0x0F, 0xC0, 0x2F, 0xC0, 0xF8, 0x02, 0xFC, 0x1F, 0x00, 0x2F,
    0xC3, 0xE0, 0x02, 0xFC, 0xBC, 0x00, 0x2F, 0xEF, 0x40, 0x02, 0xFF, 0xD0, 0x00, 0x3F, 0xF4, 0x00,
    0x7F, 0xFD, 0x00, 0x0F, 0xFF, 0xC0, 0x00, 0x52, 0xFC, 0x00, 0x00, 0x2F, 0xC0, 0x00, 0x02, 0xFC,
    0x00, 0x00, 0x2F, 0xC0, 0x00, 0x02, 0xFC, 0x00, 0x00, 0x2F, 0xD0, 0x10, 0x01, 0xFF, 0xAF, 0x80,
    0x0F, 0xFF, 0xF4, 0x00, 0x7F, 0xF8, 0x00, 0x00, 0x54, 0x00, 0x15, 0x55, 0x40, 0x00, 0x15, 0x55,
    0x40, 0x00, 0x00, 0x00, 0x3F, 0xFF, 0xC0, 0x00, 0x7F, 0xFF, 0xC0, 0x00, 0x00, 0x00, 0x2B, 0xFF,
    0xF0, 0x00, 0x2F, 0xFE, 0x40, 0x00, 0x00, 0x00, 0x01, 0xFF, 0xF4, 0x00, 0x02, 0xF0, 0x00, 0x00,
    0x00, 0x00, 0x01, 0xFF, 0xFC, 0x00, 0x02, 0xF0, 0x00, 0x00, 0x00, 0x00, 0x01, 0xFB, 0xFE, 0x00,
    0x02, 0xF0, 0x00, 0x1B, 0xFF, 0x40, 0x01, 0xF6, 0xFF, 0x00, 0x02, 0xF0, 0x00, 0xBF, 0xFF, 0xF0,
    0x01, 0xF4, 0xFF, 0x80, 0x02, 0xF0, 0x02, 0xF8, 0x07, 0xF8, 0x01, 0xF4, 0x7F, 0xD0, 0x02, 0xF0,
    0x03, 0xF0, 0x01, 0xFC, 0x01, 0xF4, 0x2F, 0xF0, 0x02, 0xF0, 0x0B, 0xE0, 0x00, 0xFD, 0x01, 0xF4,
    0x0F, 0xF4, 0x02, 0xF0, 0x0B, 0xE0, 0x00, 0xFE, 0x01, 0xF4, 0x0B, 0xFC, 0x02, 0xF0, 0x0F, 0xE0,
    0x00, 0xFE, 0x01, 0xF4, 0x03, 0xFE, 0x02, 0xF0, 0x0F, 0xE0, 0x00, 0xFE, 0x01, 0xF4, 0x01, 0xFF,
    0x02, 0xF0, 0x0B, 0xE0, 0x00, 0xFD, 0x01, 0xF4, 0x00, 0xBF, 0xC2, 0xF0, 0x07, 0xF0, 0x00, 0xFC,
    0x01, 0xF4, 0x00, 0x3F, 0xD2, 0xF0, 0x03, 0xF8, 0x01, 0xF8, 0x01, 0xF4, 0x00, 0x2F, 0xF2, 0xF0,
    0x01, 0xFE, 0x4B, 0xF0, 0x01, 0xF4, 0x00, 0x0F, 0xFA, 0xF0, 0x00, 0x7F, 0xFF, 0xC0, 0x01, 0xF4,
    0x00, 0x07, 0xFF, 0xF0, 0x00, 0x06, 0xE9, 0x00, 0x01, 0xF4, 0x00, 0x02, 0xFF, 0xF0, 0x00, 0x00,
    0x00, 0x00, 0x01, 0xF4, 0x00, 0x00, 0xFF, 0xF0, 0x00, 0x00, 0x00, 0x00, 0x02, 0xFC, 0x00, 0x00,
    0xBF, 0xF0, 0x06, 0xAA, 0xAA, 0xA9, 0x3F, 0xFF, 0xC0, 0x00, 0x3F, 0xF0, 0x0B, 0xFF, 0xFF, 0xFD,
    0x3F, 0xFF, 0xC0, 0x00, 0x1F, 0xF0, 0x0B, 0xFF, 0xFF, 0xFD, 0x00, 0x00, 0x6F, 0xE9, 0x00, 0x00,
    0x00, 0x7F, 0xFF, 0xFF, 0x40, 0x00, 0x0B, 0xF4, 0x00, 0x7F, 0xC0, 0x00, 0xFD, 0x00, 0x00, 0x1F,
    0xC0, 0x0F, 0xC0, 0x00, 0x00, 0x0F, 0xC0, 0x7C, 0x2F, 0xFF, 0xF4, 0x0F, 0x83, 0xD0, 0x2F, 0xD6,
    0xFC, 0x1F, 0x1F, 0x00, 0x3F, 0x02, 0xF8, 0x3D, 0xB8, 0x00, 0xFC, 0x03, 0xF0, 0xBB, 0xD0, 0x03,
    0xF0, 0x0F, 0xC1, 0xFF, 0x40, 0x0F, 0xC0, 0x7E, 0x07, 0xFD, 0x00, 0x3F, 0x03, 0xF0, 0x0F, 0xF4,
    0x00, 0xFF, 0xFF, 0x40, 0x7F, 0xD0, 0x03, 0xFA, 0x90, 0x01, 0xFB, 0x80, 0x0F, 0xC0, 0x00, 0x0B,
    0x9F, 0x00, 0x3F, 0x00, 0x00, 0x3C, 0x3E, 0x01, 0xFD, 0x40, 0x02, 0xF0, 0xBC, 0x2F, 0xFF, 0x40,
    0x1F, 0x40, 0xFC, 0x00, 0x00, 0x01, 0xF8, 0x00, 0xFE, 0x00, 0x00, 0x2F, 0x80, 0x00, 0xBF, 0xE5,
    0x6F, 0xF4, 0x00, 0x00, 0x2F, 0xFF, 0xFE, 0x00, 0x00, 0x00, 0x01, 0x55, 0x00, 0x00, 0x00, 0x01,
    0xA9, 0x20, 0x1A, 0xA4, 0x00, 0x1A, 0xA8, 0x0B, 0xFF, 0xF4, 0x3F, 0xFC, 0x00, 0x3F, 0xFC, 0x1F,
    0x41, 0xF8, 0x03, 0xFE, 0x00, 0x7F, 0xD0, 0x2F, 0x00, 0x78, 0x03, 0xFF, 0x00, 0xFF, 0xC0, 0x2F,
    0x40, 0x10, 0x03, 0xEF, 0x40, 0xEF, 0xC0, 0x2F, 0xE4, 0x00, 0x03, 0xCF, 0xC2, 0xCB, 0xC0, 0x0F,
    0xFF, 0x80, 0x03, 0x8B, 0xC3, 0xCB, 0xD0, 0x02, 0xFF, 0xF0, 0x03, 0x87, 0xE7, 0x4B, 0xD0, 0x00,
    0x1F, 0xFC, 0x07, 0x83, 0xFF, 0x0B, 0xD0, 0x00, 0x01, 0xFC, 0x07, 0x82, 0xFE, 0x07, 0xD0, 0x3C,
    0x00, 0xBC, 0x07, 0x40, 0xFC, 0x07, 0xE0, 0x3E, 0x00, 0xF8, 0x0B, 0x40, 0xA8, 0x07, 0xE0, 0x3F,
    0xEB, 0xF0, 0x2F, 0xE0, 0x00, 0x2F, 0xF9, 0x3A, 0xFF, 0xC0, 0x3F, 0xF0, 0x00, 0x3F, 0xFD, 0x00,
    0x00, 0x00, 0x00, 0x00, 0x00, 0x00, 0x00, 0x1A, 0xAA, 0xAA, 0xA0, 0xAA, 0x90, 0x00, 0xAA, 0x90,
    0xFF, 0xFF, 0xFF, 0xC3, 0xFF, 0xC0, 0x07, 0xFF, 0x83, 0xE0, 0xFC, 0x1F, 0x01, 0xFF, 0x40, 0x3F,
    0xF0, 0x0F, 0x03, 0xF0, 0x2D, 0x07, 0xFE, 0x00, 0xFF, 0xC0, 0x38, 0x0F, 0xC0, 0x74, 0x1D, 0xFC,
    0x0B, 0x7F, 0x00, 0x00, 0x3F, 0x00, 0x00, 0x76, 0xF4, 0x3C, 0xFC, 0x00, 0x00, 0xFC, 0x00, 0x02,
    0xD3, 0xF1, 0xD3, 0xF0, 0x00, 0x03, 0xF0, 0x00, 0x0B, 0x4B, 0xCF, 0x0F, 0xC0, 0x00, 0x0F, 0xC0,
    0x00, 0x2C, 0x1F, 0xB8, 0x3F, 0x00, 0x00, 0x3F, 0x00, 0x00, 0xB0, 0x3F, 0xC0, 0xFC, 0x00, 0x00,
    0xFC, 0x00, 0x03, 0xC0, 0xBF, 0x02, 0xF0, 0x00, 0x03, 0xF0, 0x00, 0x0F, 0x00, 0xA4, 0x0B, 0xD0,
    0x00, 0xBF, 0xF8, 0x01, 0xBF, 0x80, 0x01, 0xBF, 0xE0, 0x03, 0xFF, 0xF4, 0x0B, 0xFF, 0x00, 0x0B,
    0xFF, 0xC0, 0x00, 0x00, 0x1A, 0xFE, 0x40, 0x00, 0x00, 0x00, 0xBF, 0xFF, 0xFE, 0x00, 0x00, 0x01,
    0xFF, 0xEA, 0xFF, 0xF4, 0x00, 0x02, 0xFF, 0x40, 0x02, 0xFF, 0x40, 0x01, 0xFF, 0x00, 0x00, 0x1F,
    0xF4, 0x00, 0xFF, 0x00, 0x00, 0x02, 0xFF, 0x00, 0xBF, 0x80, 0x00, 0x00, 0x3F, 0xD0, 0x3F, 0xD0,
    0x00, 0x00, 0x0B, 0xF8, 0x0F, 0xF0, 0x00, 0x00, 0x02, 0xFE, 0x03, 0xFC, 0x00, 0x00, 0x00, 0x7F,
    0xC1, 0xFF, 0x00, 0x00, 0x00, 0x1F, 0xF0, 0x3F, 0xC0, 0x00, 0x00, 0x0B, 0xF8, 0x0F, 0xF0, 0x00,
    0x00, 0x02, 0xFD, 0x02, 0xFD, 0x00, 0x00, 0x00, 0xFF, 0x00, 0x7F, 0xC0, 0x00, 0x00, 0x7F, 0x80,
    0x0B, 0xF8, 0x00, 0x00, 0x3F, 0xC0, 0x00, 0xFF, 0x40, 0x00, 0x2F, 0xD0, 0x0F, 0x0F, 0xF8, 0x00,
    0x7F, 0xD1, 0xF3, 0xC0, 0xBF, 0xD0, 0xFF, 0xC0, 0xB8, 0xF8, 0x01, 0xF4, 0x3F, 0x40, 0x3E, 0x3F,
    0x40, 0x3D, 0x0F, 0x40, 0x2F, 0x4B, 0xF9, 0x5F, 0x43, 0xE5, 0xBF, 0xD2, 0xFF, 0xFF, 0xD0, 0xFF,
    0xFF, 0xF0, 0x7F, 0xFF, 0xF4, 0x3F, 0xFF, 0xFC, 0x00, 0x00, 0x6F, 0xE9, 0x00, 0x00, 0x00, 0x7F,
    0xFF, 0xFF, 0x40, 0x00, 0x0B, 0xE4, 0x00, 0x6F, 0xC0, 0x00, 0xF8, 0x00, 0x00, 0x0B, 0xC0, 0x0F,
    0xC0, 0x00, 0x00, 0x0F, 0x80, 0x7F, 0x00, 0x00, 0x00, 0x3F, 0x43, 0xFC, 0x00, 0x00, 0x00, 0xFF,
    0x1F, 0xF0, 0x00, 0x00, 0x03, 0xFC, 0xBF, 0xC0, 0x00, 0x00, 0x0F, 0xF7, 0xFF, 0x00, 0x00, 0x00,
    0x3F, 0xEF, 0xFC, 0x00, 0x00, 0x00, 0xFF, 0xBF, 0xF0, 0x00, 0x00, 0x03, 0xFF, 0xFF, 0xFF, 0xFF,
    0xFF, 0xFF, 0xFF, 0xFF, 0x55, 0x55, 0x55, 0x55, 0x4F, 0xFC, 0x00, 0x00, 0x00, 0x00, 0x2F, 0xF0,
    0x00, 0x00, 0x00, 0x00, 0x7F, 0xC0, 0x00, 0x00, 0x00, 0x00, 0xFF, 0x00, 0x00, 0x00, 0x00, 0x02,
    0xFC, 0x00, 0x00, 0x00, 0x00, 0x03, 0xF0, 0x00, 0x00, 0x00, 0x80, 0x07, 0xD0, 0x00, 0x00, 0x0F,
    0x00, 0x0B, 0xE0, 0x00, 0x01, 0xF0, 0x00, 0x07, 0xFD, 0x45, 0xBF, 0x00, 0x00, 0x02, 0xFF, 0xFF,
    0xD0, 0x00, 0x00, 0x00, 0x15, 0x50, 0x00, 0x00, 0x05, 0xB4, 0x00, 0x00, 0x00, 0xF8, 0x00, 0x03,
    0xFF, 0xD0, 0x00, 0x00, 0x0B, 0xD0, 0x00, 0x06, 0xFF, 0x40, 0x00, 0x00, 0x3E, 0x00, 0x00, 0x00,
    0xFD, 0x00, 0x00, 0x02, 0xF0, 0x00, 0x00, 0x03, 0xF4, 0x00, 0x00, 0x1F, 0x80, 0x00, 0x00, 0x0F,
    0xD0, 0x00, 0x00, 0xFC, 0x00, 0x00, 0x00, 0x3F, 0x40, 0x00, 0x07, 0xD0, 0x00, 0x00, 0x00, 0xFD,
    0x00, 0x00, 0x3F, 0x00, 0x00, 0x00, 0x03, 0xF4, 0x00, 0x02, 0xF4, 0x1B, 0xFD, 0x00, 0x0F, 0xD0,
    0x00, 0x0F, 0x82, 0xFF, 0xFF, 0x00, 0x3F, 0x40, 0x00, 0xBC, 0x2F, 0x40, 0xFE, 0x00, 0xFD, 0x00,
    0x07, 0xE0, 0xBE, 0x01, 0xFC, 0x03, 0xF4, 0x00, 0x3F, 0x01, 0xF4, 0x07, 0xF0, 0x1F, 0xE4, 0x01,
    0xF4, 0x00, 0x00, 0x2F, 0x4F, 0xFF, 0xFC, 0x0F, 0xC0, 0x00, 0x02, 0xF8, 0x1A, 0xAA, 0xA0, 0xBD,
    0x00, 0x00, 0xFF, 0x40, 0x00, 0x00, 0x03, 0xE0, 0x00, 0x02, 0xBF, 0xC0, 0x00, 0x00, 0x2F, 0x00,
    0x00, 0x00, 0x2F, 0xC0, 0x00, 0x01, 0xF8, 0x00, 0x00, 0x00, 0x3F, 0x40, 0x00, 0x0F, 0xC0, 0x00,
    0x00, 0x00, 0xFD, 0x00, 0x00, 0x7D, 0x00, 0x01, 0xC0, 0x07, 0xF4, 0x00, 0x03, 0xF0, 0x00, 0x0F,
    0xE5, 0xBF, 0xC0, 0x00, 0x2F, 0x40, 0x00, 0x0F, 0xFF, 0xFC, 0x00, 0x00, 0xF8, 0x00, 0x00, 0x06,
    0xFE, 0x40, 0x00, 0x05, 0x40, 0x00, 0x00, 0x00, 0x00, 0x00, 0x02, 0xFF, 0x90, 0x00, 0x00, 0x03,
    0xE0, 0x00, 0x01, 0xFF, 0xFF, 0x80, 0x00, 0x00, 0xBC, 0x00, 0x00, 0x3F, 0x01, 0xFE, 0x00, 0x00,
    0x0F, 0x80, 0x00, 0x03, 0xF0, 0x0B, 0xF0, 0x00, 0x03, 0xF0, 0x00, 0x00, 0x3F, 0x00, 0x7F, 0x00,
    0x00, 0x7D, 0x00, 0x00, 0x00, 0x00, 0x0B, 0xE0, 0x00, 0x0F, 0xC0, 0x00, 0x00, 0x00, 0x00, 0xFD,
    0x00, 0x02, 0xF4, 0x00, 0x00, 0x00, 0x00, 0x2F, 0x80, 0x00, 0x3E, 0x00, 0x00, 0x00, 0x00, 0x0B,
    0xE0, 0x00, 0x0B, 0xC0, 0xBF, 0xE0, 0x00, 0x02, 0xF8, 0x00, 0x00, 0xF8, 0x7F, 0xFF, 0xD0, 0x00,
    0xBD, 0x00, 0x00, 0x3F, 0x0F, 0xC0, 0x7F, 0x00, 0x2F, 0x40, 0xB0, 0x07, 0xD0, 0xFC, 0x03, 0xF4,
    0x0B, 0xC0, 0x1F, 0x00, 0xFC, 0x0F, 0xC0, 0x3F, 0x42, 0xFF, 0xFF, 0xF0, 0x2F, 0x40, 0x00, 0x03,
    0xF0, 0x3F, 0xFF, 0xFF, 0x03, 0xE0, 0x00, 0x01, 0xFC, 0x01, 0xAA, 0xAA, 0x90, 0xBC, 0x00, 0x01,
    0xFE, 0x00, 0x00, 0x00, 0x00, 0x0F, 0x80, 0x00, 0x1B, 0xFE, 0x00, 0x00, 0x00, 0x03, 0xF0, 0x00,
    0x00, 0x03, 0xF8, 0x00, 0x00, 0x00, 0x7D, 0x00, 0x00, 0x00, 0x2F, 0xC0, 0x00, 0x00, 0x0F, 0xC0,
    0x00, 0x00, 0x01, 0xFC, 0x00, 0x00, 0x02, 0xF4, 0x00, 0x0D, 0x00, 0x3F, 0xC0, 0x00, 0x00, 0x3E,
    0x00, 0x01, 0xFD, 0x5F, 0xF4, 0x00, 0x00, 0x0B, 0xC0, 0x00, 0x07, 0xFF, 0xFD, 0x00, 0x00, 0x01,
    0xF8, 0x00, 0x00, 0x0B, 0xFE, 0x00, 0x00, 0x00, 0x15, 0x00, 0x00, 0x00, 0x00, 0x00, 0x00, 0x05,
    0xB4, 0x00, 0x00, 0x01, 0xF4, 0x00, 0x03, 0xFF, 0xD0, 0x00, 0x00, 0x0F, 0xC0, 0x00, 0x06, 0xFF,
    0x40, 0x00, 0x00, 0x7D, 0x00, 0x00, 0x00, 0xFD, 0x00, 0x00, 0x03, 0xE0, 0x00, 0x00, 0x03, 0xF4,
    0x00, 0x00, 0x2F, 0x00, 0x00, 0x00, 0x0F, 0xD0, 0x00, 0x00, 0xF8, 0x00, 0x00, 0x00, 0x3F, 0x40,
    0x00, 0x0F, 0xC0, 0x00, 0x00, 0x00, 0xFD, 0x00, 0x00, 0x7D, 0x00, 0x00, 0x00, 0x03, 0xF4, 0x00,
    0x03, 0xF0, 0x2F, 0xFD, 0x00, 0x0F, 0xD0, 0x00, 0x2F, 0x43, 0xFF, 0xFF, 0x00, 0x3F, 0x40, 0x00,
    0xF8, 0x3F, 0x00, 0xBE, 0x00, 0xFD, 0x00, 0x0B, 0xC0, 0xF8, 0x00, 0xFC, 0x03, 0xF4, 0x00, 0x3E,
    0x03, 0xF0, 0x07, 0xE0, 0x1F, 0xE4, 0x03, 0xF0, 0x0F, 0xF4, 0x3F, 0x0F, 0xFF, 0xFC, 0x1F, 0x40,
    0x1F, 0xFF, 0xF0, 0x1A, 0xAA, 0xA0, 0xFC, 0x00, 0x0F, 0xFF, 0xC0, 0x00, 0x00, 0x0B, 0xD0, 0x00,
    0xFE, 0xFF, 0xD0, 0x00, 0x00, 0x3E, 0x00, 0x0F, 0xC0, 0xBF, 0xC0, 0x00, 0x02, 0xF0, 0x00, 0xBD,
    0x00, 0x3F, 0x40, 0x00, 0x0F, 0x80, 0x03, 0xF0, 0x00, 0xFD, 0x00, 0x00, 0xFC, 0x00, 0x0F, 0xC0,
    0x03, 0xF4, 0x00, 0x07, 0xD0, 0x00, 0x2F, 0xD0, 0x2F, 0xC0, 0x00, 0x3F, 0x00, 0x00, 0x2F, 0xFF,
    0xFC, 0x00, 0x02, 0xF4, 0x00, 0x00, 0x1B, 0xFE, 0x40, 0x00, 0x05, 0x40, 0x00, 0x00, 0x00, 0x00,
    0x00, 0x01, 0xBF, 0x90, 0x00, 0x00, 0x0F, 0x80, 0x00, 0x03, 0xFF, 0xFF, 0x00, 0x00, 0x0B, 0xC0,
    0x00, 0x02, 0xF0, 0x0F, 0xE0, 0x00, 0x03, 0xE0, 0x00, 0x00, 0xFD, 0x01, 0xFC, 0x00, 0x02, 0xF0,
    0x00, 0x00, 0x1F, 0x40, 0x7F, 0x00, 0x01, 0xF8, 0x00, 0x00, 0x00, 0x00, 0x3F, 0x40, 0x00, 0xFC,
    0x00, 0x00, 0x00, 0x00, 0x2F, 0x80, 0x00, 0x7D, 0x00, 0x00, 0x00, 0x00, 0xFF, 0x40, 0x00, 0x3F,
    0x00, 0x00, 0x00, 0x00, 0x2B, 0xF8, 0x00, 0x2F, 0x01, 0xBF, 0xE0, 0x00, 0x00, 0x2F, 0xC0, 0x0F,
    0x83, 0xFF, 0xFF, 0x40, 0x00, 0x03, 0xF4, 0x0B, 0xC2, 0xF4, 0x0B, 0xF0, 0x00, 0x00, 0xFD, 0x07,
    0xE0, 0xFC, 0x00, 0xFC, 0x28, 0x00, 0x7F, 0x43, 0xF0, 0x3F, 0x40, 0x3F, 0x0F, 0xE5, 0xBF, 0xC1,
    0xF4, 0x0B, 0xF8, 0x2F, 0x40, 0xFF, 0xFF, 0xC0, 0xFC, 0x00, 0xFF, 0xFF, 0x40, 0x06, 0xFE, 0x40,
    0xBC, 0x00, 0x0B, 0xFF, 0xD0, 0x00, 0x00, 0x00, 0x3E, 0x00, 0x0B, 0xEF, 0xFE, 0x00, 0x00, 0x00,
    0x2F, 0x00, 0x0F, 0xC0, 0x7F, 0xD0, 0x00, 0x00, 0x1F, 0x80, 0x07, 0xE0, 0x03, 0xF8, 0x00, 0x00,
    0x0F, 0xC0, 0x02, 0xF4, 0x00, 0xBE, 0x00, 0x00, 0x07, 0xD0, 0x00, 0xBD, 0x00, 0x2F, 0x80, 0x00,
    0x03, 0xF0, 0x00, 0x1F, 0xD0, 0x1F, 0xC0, 0x00, 0x02, 0xF0, 0x00, 0x01, 0xFF, 0xFF, 0xC0, 0x00,
    0x00, 0xF8, 0x00, 0x00, 0x0B, 0xFE, 0x40, 0x00, 0x00, 0x54, 0x00, 0x00, 0x00, 0x00, 0x00, 0x00,
    0x06, 0xAA, 0xA8, 0x00, 0x00, 0x1F, 0x40, 0x00, 0x02, 0xFF, 0xFF, 0x40, 0x00, 0x0F, 0xC0, 0x00,
    0x00, 0xFF, 0xFF, 0xC0, 0x00, 0x0B, 0xD0, 0x00, 0x00, 0x3C, 0x00, 0x00, 0x00, 0x03, 0xE0, 0x00,
    0x00, 0x0F, 0x00, 0x00, 0x00, 0x02, 0xF0, 0x00, 0x00, 0x03, 0xC0, 0x00, 0x00, 0x00, 0xF8, 0x00,
    0x00, 0x00, 0xFB, 0xFD, 0x00, 0x00, 0xFC, 0x00, 0x00, 0x00, 0x7F, 0xFF, 0xF0, 0x00, 0x7D, 0x00,
    0x00, 0x00, 0x09, 0x02, 0xFD, 0x00, 0x3F, 0x02, 0xFF, 0xD0, 0x00, 0x00, 0x2F, 0xC0, 0x2F, 0x47,
    0xFF, 0xFF, 0x00, 0x00, 0x07, 0xF0, 0x0F, 0x83, 0xF0, 0x0B, 0xE0, 0x00, 0x02, 0xFC, 0x0B, 0xC1,
    0xF8, 0x01, 0xF8, 0x34, 0x00, 0xFE, 0x07, 0xE0, 0x7F, 0x00, 0x7E, 0x1F, 0xD5, 0xFF, 0x03, 0xF0,
    0x0F, 0xF4, 0x3F, 0x01, 0xFF, 0xFF, 0x41, 0xF4, 0x01, 0xFF, 0xFE, 0x00, 0x0B, 0xFE, 0x00, 0xFC,
    0x00, 0x0F, 0xFF, 0x80, 0x00, 0x00, 0x00, 0xBD, 0x00, 0x0F, 0xEF, 0xFD, 0x00, 0x00, 0x00, 0x3E,
    0x00, 0x0F, 0xC0, 0xBF, 0xC0, 0x00, 0x00, 0x2F, 0x00, 0x0F, 0xC0, 0x07, 0xF4, 0x00, 0x00, 0x1F,
    0x80, 0x03, 0xF0, 0x00, 0xFD, 0x00, 0x00, 0x0F, 0xC0, 0x00, 0xFC, 0x00, 0x3F, 0x00, 0x00, 0x07,
    0xD0, 0x00, 0x2F, 0xD0, 0x2F, 0xC0, 0x00, 0x03, 0xF0, 0x00, 0x02, 0xFF, 0xFF, 0x80, 0x00, 0x02,
    0xF4, 0x00, 0x00, 0x1B, 0xFE, 0x40, 0x00, 0x00, 0x54, 0x00, 0x00, 0x00, 0x00, 0x00, 0x00, 0x2A,
    0xAA, 0xAA, 0x00, 0x01, 0xF0, 0x00, 0x00, 0xFF, 0xFF, 0xFC, 0x00, 0x0F, 0xC0, 0x00, 0x07, 0xFF,
    0xFF, 0xF0, 0x00, 0xBC, 0x00, 0x00, 0x1F, 0x00, 0x0F, 0x40, 0x03, 0xE0, 0x00, 0x00, 0x74, 0x00,
    0xF8, 0x00, 0x3F, 0x00, 0x00, 0x00, 0x00, 0x0B, 0xC0, 0x01, 0xF4, 0x00, 0x00, 0x00, 0x00, 0x7D,
    0x00, 0x0F, 0xC0, 0x00, 0x00, 0x00, 0x03, 0xF0, 0x00, 0x7D, 0x00, 0x00, 0x00, 0x00, 0x1F, 0x40,
    0x03, 0xF0, 0x2F, 0xF9, 0x00, 0x00, 0xFC, 0x00, 0x2F, 0x07, 0xFF, 0xFF, 0x00, 0x07, 0xF0, 0x00,
    0xF8, 0x3F, 0x00, 0xFD, 0x00, 0x2F, 0x80, 0x0F, 0xC1, 0xF8, 0x01, 0xF8, 0x00, 0xFE, 0x00, 0x7D,
    0x07, 0xF0, 0x07, 0xD0, 0x03, 0xF8, 0x03, 0xF0, 0x0F, 0xF4, 0x3F, 0x00, 0x0F, 0xD0, 0x1F, 0x40,
    0x1F, 0xFF, 0xE0, 0x00, 0x2A, 0x40, 0xFC, 0x00, 0x1F, 0xFF, 0x80, 0x00, 0x00, 0x0B, 0xC0, 0x01,
    0xFE, 0xFF, 0xD0, 0x00, 0x00, 0x3E, 0x00, 0x1F, 0x80, 0xBF, 0xC0, 0x00, 0x03, 0xF0, 0x00, 0xFC,
    0x00, 0x7F, 0x00, 0x00, 0x1F, 0x40, 0x03, 0xF0, 0x00, 0xFD, 0x00, 0x00, 0xFC, 0x00, 0x0F, 0xC0,
    0x03, 0xF0, 0x00, 0x0B, 0xD0, 0x00, 0x3F, 0xC0, 0x3F, 0x80, 0x00, 0x3F, 0x00, 0x00, 0x3F, 0xFF,
    0xF8, 0x00, 0x02, 0xF0, 0x00, 0x00, 0x1B, 0xFE, 0x00, 0x00, 0x05, 0x40, 0x00, 0x00, 0x00, 0x00,
    0x00, 0x00, 0x50, 0x00, 0x00, 0x00, 0xFC, 0x00, 0x00, 0x00, 0xBD, 0x00, 0x00, 0x00, 0x3F, 0x00,
    0x00, 0x00, 0x2F, 0x95, 0x55, 0x55, 0x5F, 0xFF, 0xFF, 0xFF, 0xF3, 0xFF, 0xFF, 0xFF, 0xFC, 0xBD,
    0x00, 0x00, 0x00, 0x0F, 0xC0, 0x00, 0x00, 0x01, 0xF8, 0x00, 0x00, 0x00, 0x3F, 0x00, 0x00, 0x00,
    0x00, 0x00, 0x00, 0x00, 0x00, 0x00, 0x00, 0x02, 0xE0, 0x00, 0x7F, 0xF4, 0x0F, 0xFF, 0xFC, 0xFF,
    0xFF, 0xFF, 0xD3, 0xF1, 0xF4, 0x0F, 0xC0, 0x40, 0x3F, 0x00, 0x00, 0xFC, 0x00, 0x03, 0xF0, 0x00,
    0x0F, 0xC0, 0x00, 0x3F, 0x00, 0x00, 0xFC, 0x00, 0x03, 0xF0, 0x00, 0x0F, 0xC0, 0x00, 0x3F, 0x00,
    0x00, 0xFC, 0x00, 0x00, 0x00, 0x00, 0x00, 0x00, 0x01, 0x40, 0x00, 0x00, 0x00, 0xFC, 0x00, 0x00,
    0x00, 0x1F, 0x80, 0x00, 0x00, 0x03, 0xF0, 0x55, 0x55, 0x55, 0xBE, 0x3F, 0xFF, 0xFF, 0xFF, 0xDF,
    0xFF, 0xFF, 0xFF, 0xF0, 0x00, 0x00, 0x01, 0xF8, 0x00, 0x00, 0x00, 0xFC, 0x00, 0x00, 0x00, 0xBD,
    0x00, 0x00, 0x00, 0x3F, 0x00, 0x00, 0x00, 0x00, 0x00, 0x00, 0x00, 0x00, 0x03, 0xF0, 0x00, 0x0F,
    0xC0, 0x00, 0x3F, 0x00, 0x00, 0xFC, 0x00, 0x03, 0xF0, 0x00, 0x0F, 0xC0, 0x00, 0x3F, 0x00, 0x00,
    0xFC, 0x00, 0x03, 0xF0, 0x00, 0x0F, 0xC0, 0x10, 0x3F, 0x01, 0xF4, 0xFC, 0x7F, 0xFF, 0xFF, 0xF3,
    0xFF, 0xFF, 0x01, 0xFF, 0xD0, 0x00, 0xB8, 0x00, 0x00, 0x00, 0x00, 0x00, 0x1B, 0xF9, 0x00, 0x00,
    0x7F, 0xFF, 0xF0, 0x00, 0x7F, 0x41, 0xFF, 0x00, 0x3F, 0x80, 0x0F, 0xE0, 0x0F, 0xF0, 0x00, 0xFC,
    0x03, 0xFC, 0x00, 0x3F, 0x40, 0x29, 0x00, 0x0B, 0xE0, 0x00, 0x00, 0x01, 0xFC, 0x00, 0x00, 0x00,
    0x7F, 0x00, 0x00, 0x00, 0x1F, 0xC0, 0x07, 0xFF, 0x47, 0xF0, 0x0B, 0xFF, 0xF9, 0xFC, 0x0F, 0xF8,
    0x1F, 0xFF, 0x07, 0xF8, 0x00, 0xFF, 0xC3, 0xFC, 0x00, 0x3F, 0xF1, 0xFE, 0x00, 0x0B, 0xF8, 0xBF,
    0x40, 0x02, 0xFD, 0x2F, 0xC0, 0x00, 0xBF, 0x0F, 0xF0, 0x00, 0x3F, 0xC2, 0xFC, 0x00, 0x0F, 0xD0,
    0x7F, 0x40, 0x0B, 0xF0, 0x0F, 0xE0, 0x07, 0xF0, 0x01, 0xFE, 0x5B, 0xF0, 0x00, 0x1F, 0xFF, 0xE0,
    0x00, 0x00, 0x15, 0x40, 0x00, 0x00, 0x00, 0x00, 0x00, 0x00, 0x03, 0x00, 0x00, 0x00, 0x00, 0x00,
    0x34, 0x00, 0x00, 0x1F, 0xFF, 0xD2, 0xC0, 0x00, 0x0B, 0x90, 0x01, 0xBC, 0x00, 0x00, 0xF0, 0x00,
    0x00, 0xFC, 0x00, 0x0E, 0x00, 0x00, 0x0A, 0x2C, 0x00, 0xA0, 0x00, 0x00, 0x70, 0x38, 0x07, 0x00,
    0x00, 0x03, 0x40, 0x30, 0x28, 0x00, 0x00, 0x28, 0x00, 0xA0, 0xC0, 0x00, 0x01, 0xC0, 0x01, 0xC7,
    0x00, 0x00, 0x0D, 0x00, 0x03, 0x1C, 0x00, 0x00, 0xA0, 0x00, 0x0D, 0x70, 0x00, 0x07, 0x00, 0x00,
    0x35, 0xC0, 0x00, 0x34, 0x00, 0x00, 0xD7, 0x00, 0x02, 0x80, 0x00, 0x03, 0x0C, 0x00, 0x1C, 0x00,
    0x00, 0x1C, 0x38, 0x00, 0xC0, 0x00, 0x00, 0xA0, 0x70, 0x0D, 0x00, 0x00, 0x03, 0x00, 0xE0, 0x70,
    0x00, 0x00, 0x28, 0x00, 0xD3, 0x00, 0x00, 0x02, 0xC0, 0x00, 0xF4, 0x00, 0x00, 0x2C, 0x00, 0x02,
    0xF4, 0x00, 0x07, 0xC0, 0x00, 0x0C, 0x7E, 0x9A, 0xF4, 0x00, 0x00, 0xD0, 0x06, 0xA4, 0x00, 0x00,
    0x06, 0x00, 0x00, 0x00, 0x00, 0x00, 0x00, 0x00, 0x15, 0x40, 0x00, 0x00, 0x00, 0x2F, 0xF0, 0x00,
    0x00, 0x00, 0x0F, 0xFE, 0x00, 0x00, 0x00, 0x07, 0xFF, 0xC0, 0x00, 0x00, 0x02, 0xFB, 0xF4, 0x00,
    0x00, 0x00, 0xF5, 0xFE, 0x00, 0x00, 0x00, 0x7C, 0x3F, 0xC0, 0x00, 0x00, 0x3E, 0x0B, 0xF4, 0x00,
    0x00, 0x0F, 0x40, 0xFF, 0x00, 0x00, 0x0B, 0xC0, 0x3F, 0xC0, 0x00, 0x03, 0xE0, 0x0B, 0xF8, 0x00,
    0x01, 0xF0, 0x00, 0xFF, 0x00, 0x00, 0xBC, 0x00, 0x3F, 0xD0, 0x00, 0x3E, 0x00, 0x07, 0xF8, 0x00,
    0x1F, 0x00, 0x00, 0xFF, 0x00, 0x0F, 0xC0, 0x00, 0x3F, 0xD0, 0x03, 0xD0, 0x00, 0x07, 0xFC, 0x02,
    0xF0, 0x00, 0x00, 0xFF, 0x00, 0xF8, 0x00, 0x00, 0x2F, 0xE0, 0x7D, 0x00, 0x00, 0x07, 0xFC, 0x2F,
    0x00, 0x00, 0x00, 0xFF, 0x0F, 0xFF, 0xFF, 0xFF, 0xFF, 0xE3, 0xFF, 0xFF, 0xFF, 0xFF, 0xFC, 0xFF,
    0xFF, 0xFF, 0xFF, 0xFE, 0x15, 0x55, 0x55, 0x55, 0x55, 0x55, 0x47, 0xFF, 0xFF, 0xFF, 0xFF, 0xFF,
    0xFC, 0x2F, 0xFF, 0xFF, 0xFF, 0xFF, 0xFE, 0x80, 0x2F, 0xE0, 0x00, 0x00, 0xFF, 0x40, 0x01, 0xFE,
    0x00, 0x00, 0x0F, 0xF0, 0x00, 0x1F, 0xE0, 0x00, 0x00, 0xFF, 0x00, 0x01, 0xFE, 0x00, 0x00, 0x0F,
    0xF0, 0x00, 0x1F, 0xE0, 0x00, 0x00, 0xFF, 0x00, 0x01, 0xFE, 0x00, 0x00, 0x0F, 0xF0, 0x00, 0x1F,
    0xE0, 0x00, 0x00, 0xFF, 0x00, 0x01, 0xFE, 0x00, 0x00, 0x0F, 0xF0, 0x00, 0x1F, 0xE0, 0x00, 0x00,
    0xFF, 0x00, 0x01, 0xFE, 0x00, 0x00, 0x0F, 0xF0, 0x00, 0x1F, 0xE0, 0x00, 0x00, 0xFF, 0x00, 0x01,
    0xFE, 0x00, 0x00, 0x0F, 0xF0, 0x00, 0x1F, 0xE0, 0x00, 0x00, 0xFF, 0x00, 0x01, 0xFE, 0x00, 0x00,
    0x0F, 0xF0, 0x00, 0x1F, 0xE0, 0x00, 0x00, 0xFF, 0x00, 0x01, 0xFE, 0x00, 0x00, 0x0F, 0xF0, 0x00,
    0x1F, 0xE0, 0x00, 0x00, 0xFF, 0x00, 0x01, 0xFE, 0x00, 0x00, 0x0F, 0xF0, 0x00, 0x1F, 0xE0, 0x00,
    0x00, 0xFF, 0x00, 0x01, 0xFE, 0x00, 0x00, 0x0F, 0xF0, 0x00, 0x1F, 0xE0, 0x00, 0x00, 0xFF, 0x00,
    0x01, 0xFE, 0x00, 0x00, 0x0F, 0xF0, 0x00, 0x1F, 0xE0, 0x00, 0x00, 0xFF, 0x00, 0x07, 0xFF, 0x40,
    0x00, 0x1F, 0xF9, 0x07, 0xFF, 0xFF, 0x80, 0x3F, 0xFF, 0xFC, 0x7F, 0xFF, 0xF4, 0x02, 0xFF, 0xFF,
    0xC0, 0x55, 0x55, 0x55, 0x55, 0x42, 0xFF, 0xFF, 0xFF, 0xFF, 0x8B, 0xFF, 0xAA, 0xAF, 0xFE, 0x0F,
    0xFC, 0x00, 0x03, 0xFC, 0x2F, 0xF4, 0x00, 0x07, 0xF0, 0x3F, 0xF0, 0x00, 0x0F, 0xC0, 0x7F, 0xE0,
    0x00, 0x2F, 0x00, 0xFF, 0xD0, 0x00, 0x14, 0x00, 0xFF, 0xC0, 0x00, 0x00, 0x02, 0xFF, 0x40, 0x00,
    0x00, 0x03, 0xFF, 0x00, 0x00, 0x00, 0x07, 0xFE, 0x00, 0x00, 0x00, 0x0F, 0xFD, 0x00, 0x00, 0x00,
    0x0F, 0xFC, 0x00, 0x00, 0x00, 0x2F, 0xF0, 0x00, 0x00, 0x00, 0x7F, 0x40, 0x00, 0x00, 0x03, 0xF8,
    0x00, 0x00, 0x00, 0x2F, 0xC0, 0x00, 0x00, 0x00, 0xFD, 0x00, 0x00, 0x00, 0x0F, 0xE0, 0x00, 0x00,
    0x00, 0x7F, 0x00, 0x00, 0x00, 0x03, 0xF4, 0x00, 0x00, 0x40, 0x3F, 0x80, 0x00, 0x0F, 0x41, 0xFC,
    0x00, 0x00, 0x7D, 0x0F, 0xD0, 0x00, 0x03, 0xF4, 0xBE, 0x00, 0x00, 0x2F, 0xC7, 0xF5, 0x55, 0x57,
    0xFF, 0x2F, 0xFF, 0xFF, 0xFF, 0xFC, 0x7F, 0xFF, 0xFF, 0xFF, 0xE0, 0x15, 0x55, 0x55, 0x55, 0xFF,
    0xFF, 0xFF, 0xF7, 0xFF, 0xFF, 0xFF, 0xC0, 0x00, 0x00, 0x00, 0x00, 0x00, 0x00, 0x0A, 0x40, 0x00,
    0x00, 0x0F, 0xC0, 0x00, 0x00, 0x07, 0xD0, 0x00, 0x00, 0x03, 0xF0, 0x00, 0x00, 0x01, 0xF4, 0x00,
    0x00, 0x00, 0xFC, 0x00, 0x00, 0x00, 0x7D, 0x00, 0x00, 0x00, 0x3E, 0x00, 0x00, 0x00, 0x2F, 0x00,
    0x00, 0x00, 0x0F, 0x80, 0x00, 0x00, 0x0B, 0xC0, 0x00, 0x00, 0x03, 0xE0, 0x00, 0x00, 0x02, 0xF0,
    0x00, 0x00, 0x00, 0xF8, 0x00, 0x00, 0x00, 0xBC, 0x00, 0x00, 0x00, 0x7D, 0x00, 0x00, 0x00, 0x3F,
    0x00, 0x00, 0x00, 0x1F, 0x40, 0x00, 0x00, 0x0F, 0xC0, 0x00, 0x00, 0x07, 0xD0, 0x00, 0x00, 0x03,
    0xF0, 0x00, 0x00, 0x01, 0xF4, 0x00, 0x00, 0x00, 0xF8, 0x00, 0x00, 0x00, 0xBC, 0x00, 0x00, 0x00,
    0x15, 0x00, 0x00, 0x00, 0x00, 0x1F, 0x80, 0xFF, 0x8B, 0xFF, 0x1F, 0xFC, 0x3F, 0xD0, 0x14, 0x00,
    0x00, 0x00, 0x00, 0x02, 0xE0, 0x00, 0x00, 0x00, 0x3D, 0x00, 0x00, 0x00, 0x03, 0xC0, 0x00, 0x00,
    0x00, 0x7C, 0x00, 0x00, 0x00, 0x0B, 0x80, 0x00, 0x00, 0x00, 0xF4, 0x00, 0x00, 0x00, 0x0F, 0x00,
    0x00, 0x00, 0x01, 0xF0, 0x00, 0x00, 0x00, 0x2E, 0x00, 0x00, 0x00, 0x03, 0xD0, 0xFF, 0xF4, 0x00,
    0x3C, 0x0F, 0xFF, 0xC0, 0x07, 0xC0, 0x03, 0xFC, 0x00, 0xBC, 0x00, 0x3F, 0xE0, 0x0F, 0x80, 0x01,
    0xFF, 0x00, 0xF4, 0x00, 0x0F, 0xF4, 0x1F, 0x00, 0x00, 0x7F, 0xC2, 0xF0, 0x00, 0x03, 0xFC, 0x3E,
    0x00, 0x00, 0x2F, 0xE3, 0xD0, 0x00, 0x00, 0xFF, 0x7C, 0x00, 0x00, 0x0B, 0xFF, 0xC0, 0x00, 0x00,
    0x3F, 0xF8, 0x00, 0x00, 0x03, 0xFF, 0x40, 0x00, 0x00, 0x1F, 0xF0, 0x00, 0x00, 0x00, 0xFF, 0x00,
    0x00, 0x01, 0xA4, 0x00, 0x05, 0x00, 0x0F, 0xFF, 0x40, 0xBF, 0xE0, 0x3F, 0xFF, 0xE7, 0xE6, 0xF8,
    0x7D, 0x0F, 0xFF, 0x40, 0xBC, 0xBC, 0x02, 0xFE, 0x00, 0x7C, 0x7C, 0x00, 0xFF, 0x80, 0xBC, 0x7D,
    0x07, 0xEF, 0xFA, 0xF8, 0x3F, 0xFF, 0x47, 0xFF, 0xF0, 0x0B, 0xF8, 0x00, 0xBF, 0x80, 0x00, 0x00,
    0x00, 0x00, 0x00, 0x00, 0x00, 0x2F, 0xD0, 0x00, 0x02, 0xFF, 0xFC, 0x00, 0x07, 0xD0, 0xFE, 0x00,
    0x0F, 0xC0, 0xFE, 0x00, 0x1F, 0x81, 0xFD, 0x00, 0x2F, 0x40, 0xB8, 0x00, 0x3F, 0x80, 0x00, 0x00,
    0x3F, 0x80, 0x00, 0x00, 0x3F, 0xC0, 0x00, 0x00, 0x3F, 0xC0, 0x00, 0x00, 0x3F, 0xC0, 0x00, 0x00,
    0x3F, 0xD0, 0x00, 0x00, 0x2F, 0xD0, 0x00, 0x00, 0x2F, 0xE0, 0x00, 0x00, 0x1F, 0xF0, 0x00, 0x00,
    0x1F, 0xF0, 0x00, 0x00, 0x0F, 0xF0, 0x00, 0x00, 0x0F, 0xF0, 0x00, 0x00, 0x0F, 0xF4, 0x00, 0x00,
    0x0B, 0xF8, 0x00, 0x00, 0x07, 0xF8, 0x00, 0x00, 0x07, 0xF8, 0x00, 0x00, 0x03, 0xF8, 0x00, 0x00,
    0x03, 0xF8, 0x00, 0x00, 0x03, 0xF8, 0x00, 0x3F, 0x03, 0xF4, 0x00, 0xBF, 0x43, 0xF0, 0x00, 0xFF,
    0x07, 0xE0, 0x00, 0xBF, 0x5F, 0xC0, 0x00, 0x3F, 0xFF, 0x00, 0x00, 0x06, 0x90, 0x00, 0x00, 0x00,
    0x00, 0x00, 0x00, 0x0B, 0xF9, 0x00, 0x38, 0x2F, 0xFF, 0xFA, 0xF8, 0x3F, 0xFF, 0xFF, 0xF0, 0x78,
    0x06, 0xBF, 0xD0, 0x00, 0x00, 0x00, 0x00, 0x00, 0x00, 0x00, 0x00, 0x06, 0x94, 0x00, 0x20, 0x1F,
    0xFF, 0xE5, 0xBC, 0x3F, 0xFF, 0xFF, 0xF4, 0x7C, 0x1B, 0xFF, 0xE0, 0x10, 0x00, 0x16, 0x40, 0x00,
    0x00, 0x04, 0x00, 0x00, 0x00, 0xBC, 0x00, 0x00, 0x03, 0xE0, 0x00, 0x00, 0x1F, 0x40, 0x15, 0x55,
    0xFD, 0x55, 0xFF, 0xFF, 0xFF, 0xF7, 0xFF, 0xFF, 0xFF, 0xC0, 0x00, 0xFC, 0x00, 0x00, 0x07, 0xD0,
    0x00, 0x00, 0x2F, 0x00, 0x01, 0x55, 0xFD, 0x55, 0x5F, 0xFF, 0xFF, 0xFF, 0x7F, 0xFF, 0xFF, 0xFC,
    0x01, 0xF8, 0x00, 0x00, 0x0B, 0xC0, 0x00, 0x00, 0x3E, 0x00, 0x00, 0x01, 0xF4, 0x00, 0x00, 0x00,
    0x80, 0x00, 0x00, 0x00, 0x00, 0x00, 0x50, 0x00, 0x00, 0x1F, 0xC0, 0x00, 0x07, 0xFF, 0x00, 0x01,
    0xFF, 0xD0, 0x00, 0x7F, 0xE0, 0x00, 0x1F, 0xF8, 0x00, 0x03, 0xFE, 0x00, 0x00, 0x1F, 0xD0, 0x00,
    0x00, 0x2F, 0xF4, 0x00, 0x00, 0x0B, 0xFD, 0x00, 0x00, 0x02, 0xFF, 0x80, 0x00, 0x00, 0xBF, 0xE0,
    0x00, 0x00, 0x2F, 0xF4, 0x00, 0x00, 0x0B, 0xC0, 0x00, 0x00, 0x00, 0x05, 0x55, 0x55, 0x54, 0x7F,
    0xFF, 0xFF, 0xF1, 0xFF, 0xFF, 0xFF, 0xC0, 0x04, 0x00, 0x00, 0x00, 0xBD, 0x00, 0x00, 0x02, 0xFF,
    0x80, 0x00, 0x00, 0xBF, 0xE0, 0x00, 0x00, 0x2F, 0xF8, 0x00, 0x00, 0x07, 0xFE, 0x00, 0x00, 0x01,
    0xFF, 0x40, 0x00, 0x00, 0xFE, 0x00, 0x00, 0x2F, 0xF4, 0x00, 0x1F, 0xFD, 0x00, 0x07, 0xFF, 0x40,
    0x01, 0xFF, 0xD0, 0x00, 0x3F, 0xF4, 0x00, 0x00, 0xB8, 0x00, 0x00, 0x00, 0x00, 0x00, 0x00, 0x05,
    0x55, 0x55, 0x55, 0x2F, 0xFF, 0xFF, 0xFC, 0xBF, 0xFF, 0xFF, 0xE0, 0x00, 0x00, 0x00, 0x00, 0x00,
    0x00, 0x00, 0x6F, 0xFE, 0x00, 0x00, 0x00, 0xFF, 0xFF, 0xF8, 0x00, 0x00, 0xFE, 0x00, 0x3F, 0x40,
    0x00, 0xFE, 0x00, 0x1F, 0xE0, 0x00, 0x7F, 0x00, 0x0B, 0xF8, 0x00, 0x2F, 0xC0, 0x00, 0xFC, 0x00,
    0x0F, 0xF0, 0x00, 0x00, 0x00, 0x03, 0xFC, 0x00, 0x00, 0x00, 0x00, 0xFF, 0x00, 0x00, 0x00, 0x06,
    0xFF, 0xFF, 0xFF, 0xFE, 0x02, 0xFF, 0xFF, 0xFF, 0xFF, 0x80, 0x17, 0xFD, 0x55, 0x6F, 0xE0, 0x00,
    0xFF, 0x00, 0x03, 0xF8, 0x00, 0x3F, 0xC0, 0x00, 0xFE, 0x00, 0x0F, 0xF0, 0x00, 0x3F, 0x80, 0x03,
    0xFC, 0x00, 0x0F, 0xE0, 0x00, 0xFF, 0x00, 0x03, 0xF8, 0x00, 0x3F, 0xC0, 0x00, 0xFE, 0x00, 0x0F,
    0xF0, 0x00, 0x3F, 0x80, 0x03, 0xFC, 0x00, 0x0F, 0xE0, 0x00, 0xFF, 0x00, 0x03, 0xF8, 0x00, 0x3F,
    0xC0, 0x00, 0xFE, 0x00, 0x0F, 0xF0, 0x00, 0x3F, 0x80, 0x07, 0xFD, 0x00, 0x1F, 0xF0, 0x2F, 0xFF,
    0xF4, 0x7F, 0xFF, 0xDB, 0xFF, 0xFD, 0x1F, 0xFF, 0xF4, 0x00, 0x00, 0x00, 0x00, 0x00, 0x00, 0x00,
    0x1F, 0xFE, 0x41, 0x00, 0x00, 0x0F, 0xFF, 0xFE, 0xF4, 0x00, 0x03, 0xF8, 0x03, 0xFF, 0x40, 0x00,
    0xFE, 0x00, 0x0F, 0xF4, 0x00, 0x0F, 0xC0, 0x00, 0xBF, 0x40, 0x02, 0xFC, 0x00, 0x07, 0xF4, 0x00,
    0x3F, 0xC0, 0x00, 0x7F, 0x40, 0x03, 0xFC, 0x00, 0x07, 0xF4, 0x00, 0x3F, 0xC0, 0x00, 0x7F, 0x40,
    0x6F, 0xFF, 0xFF, 0x07, 0xF4, 0x0B, 0xFF, 0xFF, 0xF0, 0x7F, 0x40, 0x17, 0xFD, 0x55, 0x07, 0xF4,
    0x00, 0x3F, 0xC0, 0x00, 0x7F, 0x40, 0x03, 0xFC, 0x00, 0x07, 0xF4, 0x00, 0x3F, 0xC0, 0x00, 0x7F,
    0x40, 0x03, 0xFC, 0x00, 0x07, 0xF4, 0x00, 0x3F, 0xC0, 0x00, 0x7F, 0x40, 0x03, 0xFC, 0x00, 0x07,
    0xF4, 0x00, 0x3F, 0xC0, 0x00, 0x7F, 0x40, 0x03, 0xFC, 0x00, 0x07, 0xF4, 0x00, 0x3F, 0xC0, 0x00,
    0x7F, 0x40, 0x03, 0xFC, 0x00, 0x07, 0xF4, 0x00, 0x3F, 0xC0, 0x00, 0x7F, 0x40, 0x07, 0xFD, 0x00,
    0x0B, 0xF8, 0x0B, 0xFF, 0xFE, 0x0B, 0xFF, 0xFC, 0xBF, 0xFF, 0xE0, 0xFF, 0xFF, 0xC0
};

static const EpdGlyph PROGMEM literata_medium_2bGlyphs[] = {
    {0, 0, 7, 0, 0, 0, 0},
    {7, 25, 11, 2, 24, 44, 0},
    {10, 9, 13, 2, 27, 23, 44},
    {21, 20, 23, 1, 19, 105, 67},
    {18, 30, 19, 1, 27, 135, 172},
    {27, 21, 29, 1, 20, 142, 307},
    {26, 25, 27, 1, 24, 163, 449},
    {4, 9, 8, 2, 27, 9, 612},
    {9, 35, 11, 2, 28, 79, 621},
    {10, 35, 11, 0, 28, 88, 700},
    {13, 14, 15, 1, 27, 46, 788},
    {15, 16, 19, 2, 18, 60, 834},
    {7, 11, 11, 2, 5, 20, 894},
    {10, 4, 12, 1, 12, 10, 914},
    {7, 6, 11, 2, 5, 11, 924},
    {15, 31, 15, 0, 27, 117, 935},
    {18, 25, 20, 1, 24, 113, 1052},
    {12, 24, 14, 1, 24, 72, 1165},
    {17, 24, 17, 0, 24, 102, 1237},
    {17, 25, 18, 0, 24, 107, 1339},
    {19, 24, 19, 0, 24, 114, 1446},
    {17, 25, 17, 0, 24, 107, 1560},
    {17, 25, 18, 1, 24, 107, 1667},
    {17, 25, 17, 0, 24, 107, 1774},
    {18, 25, 19, 0, 24, 113, 1881},
    {17, 25, 18, 0, 24, 107, 1994},
    {7, 19, 11, 2, 18, 34, 2101},
    {7, 24, 11, 2, 18, 42, 2135},
    {14, 17, 19, 2, 18, 60, 2177},
    {15, 10, 19, 2, 15, 38, 2237},
    {14, 17, 19, 3, 18, 60, 2275},
    {15, 25, 18, 1, 24, 94, 2335},
    {27, 27, 29, 1, 20, 183, 2429},
    {25, 24, 25, 0, 24, 150, 2612},
    {20, 24, 22, 1, 24, 120, 2762},
    {21, 25, 23, 1, 24, 132, 2882},
    {24, 24, 26, 1, 24, 144, 3014},
    {19, 24, 22, 1, 24, 114, 3158},
    {19, 24, 21, 1, 24, 114, 3272},
    {24, 25, 25, 1, 24, 150, 3386},
    {26, 24, 28, 1, 24, 156, 3536},
    {11, 24, 14, 1, 24, 66, 3692},
    {17, 25, 19, 1, 24, 107, 3758},
    {24, 25, 25, 1, 24, 150, 3865},
    {19, 24, 21, 1, 24, 114, 4015},
    {31, 24, 33, 1, 24, 186, 4129},
    {25, 24, 28, 1, 24, 150, 4315},
    {23, 25, 26, 1, 24, 144, 4465},
    {19, 24, 21, 1, 24, 114, 4609},
    {29, 31, 26, 1, 24, 225, 4723},
    {23, 25, 24, 1, 24, 144, 4948},
    {18, 25, 20, 1, 24, 113, 5092},
    {23, 24, 25, 1, 24, 138, 5205},
    {25, 25, 27, 1, 24, 157, 5343},
    {25, 24, 25, 0, 24, 150, 5500},
    {36, 24, 37, 0, 24, 216, 5650},
    {24, 24, 24, 0, 24, 144, 5866},
    {24, 24, 24, 0, 24, 144, 6010},
    {20, 24, 22, 1, 24, 120, 6154},
    {8, 36, 11, 3, 28, 72, 6274},
    {15, 31, 15, 0, 27, 117, 6346},
    {7, 36, 11, 1, 28, 63, 6463},
    {17, 13, 19, 1, 24, 56, 6526},
    {16, 3, 16, 0, -1, 12, 6582},
    {7, 8, 17, 4, 27, 14, 6594},
    {18, 19, 18, 1, 18, 86, 6608},
    {20, 27, 21, 0, 26, 135, 6694},
    {16, 19, 17, 1, 18, 76, 6829},
    {20, 27, 21, 1, 26, 135, 6905},
    {16, 19, 18, 1, 18, 76, 7040},
    {15, 27, 13, 1, 27, 102, 7116},
    {20, 28, 19, 0, 20, 140, 7218},
    {21, 26, 22, 1, 26, 137, 7358},
    {10, 26, 11, 1, 26, 65, 7495},
    {8, 34, 11, 0, 26, 68, 7560},
    {21, 27, 21, 1, 26, 142, 7628},
    {10, 26, 11, 1, 26, 65, 7770},
    {31, 18, 33, 1, 18, 140, 7835},
    {21, 18, 22, 1, 18, 95, 7975},
    {18, 19, 20, 1, 18, 86, 8070},
    {20, 26, 21, 0, 18, 130, 8156},
    {19, 26, 20, 1, 18, 124, 8286},
    {16, 18, 17, 1, 18, 72, 8410},
    {14, 19, 16, 1, 18, 67, 8482},
    {13, 24, 14, 1, 23, 78, 8549},
    {21, 19, 22, 0, 18, 100, 8627},
    {20, 17, 20, 0, 17, 85, 8727},
    {29, 17, 29, 0, 17, 124, 8812},
    {20, 17, 19, 0, 17, 85, 8936},
    {20, 25, 20, 0, 17, 125, 9021},
    {15, 17, 17, 1, 17, 64, 9146},
    {11, 36, 12, 1, 28, 99, 9210},
    {4, 31, 14, 5, 27, 31, 9309},
    {10, 36, 12, 1, 28, 90, 9340},
    {16, 6, 19, 2, 13, 24, 9430},
    {0, 0, 7, 0, 0, 0, 9454},
    {6, 25, 11, 2, 18, 38, 9454},
    {16, 23, 17, 1, 22, 92, 9492},
    {18, 24, 19, 0, 24, 108, 9584},
    {16, 16, 18, 1, 19, 64, 9692},
    {23, 24, 24, 1, 24, 138, 9756},
    {4, 31, 14, 5, 27, 31, 9894},
    {18, 30, 21, 1, 24, 135, 9925},
    {13, 6, 17, 2, 26, 20, 10060},
    {23, 23, 27, 2, 22, 133, 10080},
    {14, 13, 14, 1, 25, 46, 10213},
    {15, 15, 17, 1, 16, 57, 10259},
    {15, 9, 19, 2, 13, 34, 10316},
    {0, 0, 0, 0, 0, 0, 10350},
    {14, 13, 16, 1, 26, 46, 10350},
    {11, 3, 17, 3, 24, 9, 10396},
    {9, 9, 11, 1, 27, 21, 10405},
    {15, 18, 19, 2, 18, 68, 10426},
    {13, 16, 13, 0, 28, 52, 10494},
    {13, 16, 14, 0, 28, 52, 10546},
    {8, 8, 17, 5, 27, 16, 10598},
    {19, 26, 21, 2, 18, 124, 10614},
    {17, 29, 20, 2, 24, 124, 10738},
    {7, 6, 11, 2, 13, 11, 10862},
    {8, 9, 17, 4, 1, 18, 10873},
    {10, 16, 11, 1, 28, 40, 10891},
    {13, 13, 15, 1, 25, 43, 10931},
    {15, 15, 17, 1, 16, 57, 10974},
    {30, 25, 31, 1, 24, 188, 11031},
    {31, 25, 33, 1, 24, 194, 11219},
    {33, 25, 33, 0, 24, 207, 11413},
    {15, 25, 18, 2, 18, 94, 11620},
    {25, 31, 25, 0, 31, 194, 11714},
    {25, 31, 25, 0, 31, 194, 11908},
    {25, 32, 25, 0, 32, 200, 12102},
    {25, 31, 25, 0, 31, 194, 12302},
    {25, 31, 25, 0, 31, 194, 12496},
    {25, 32, 25, 0, 32, 200, 12690},
    {32, 24, 34, 0, 24, 192, 12890},
    {21, 32, 23, 1, 24, 168, 13082},
    {19, 31, 22, 1, 31, 148, 13250},
    {19, 31, 22, 1, 31, 148, 13398},
    {19, 32, 22, 1, 32, 152, 13546},
    {19, 31, 22, 1, 31, 148, 13698},
    {11, 31, 14, 1, 31, 86, 13846},
    {11, 31, 14, 1, 31, 86, 13932},
    {12, 32, 14, 1, 32, 96, 14018},
    {13, 31, 14, 0, 31, 101, 14114},
    {25, 24, 26, 0, 24, 150, 14215},
    {25, 31, 28, 1, 31, 194, 14365},
    {23, 32, 26, 1, 31, 184, 14559},
    {23, 32, 26, 1, 31, 184, 14743},
    {23, 33, 26, 1, 32, 190, 14927},
    {23, 32, 26, 1, 31, 184, 15117},
    {23, 32, 26, 1, 31, 184, 15301},
    {13, 14, 19, 3, 17, 46, 15485},
    {24, 25, 26, 1, 24, 150, 15531},
    {25, 32, 27, 1, 31, 200, 15681},
    {25, 32, 27, 1, 31, 200, 15881},
    {25, 33, 27, 1, 32, 207, 16081},
    {25, 32, 27, 1, 31, 200, 16288},
    {24, 31, 24, 0, 31, 186, 16488},
    {19, 24, 21, 1, 24, 114, 16674},
    {22, 28, 24, 1, 27, 154, 16788},
    {18, 28, 18, 1, 27, 126, 16942},
    {18, 28, 18, 1, 27, 126, 17068},
    {18, 28, 18, 1, 27, 126, 17194},
    {18, 26, 18, 1, 25, 117, 17320},
    {18, 27, 18, 1, 26, 122, 17437},
    {18, 28, 18, 1, 27, 126, 17559},
    {26, 19, 27, 1, 18, 124, 17685},
    {16, 26, 17, 1, 18, 104, 17809},
    {16, 28, 18, 1, 27, 112, 17913},
    {16, 28, 18, 1, 27, 112, 18025},
    {16, 28, 18, 1, 27, 112, 18137},
    {16, 27, 18, 1, 26, 108, 18249},
    {11, 27, 11, 0, 27, 75, 18357},
    {10, 27, 11, 1, 27, 68, 18432},
    {12, 27, 11, -1, 27, 81, 18500},
    {12, 26, 11, -1, 26, 78, 18581},
    {18, 28, 20, 1, 27, 126, 18659},
    {21, 25, 22, 1, 25, 132, 18785},
    {18, 28, 20, 1, 27, 126, 18917},
    {18, 28, 20, 1, 27, 126, 19043},
    {18, 28, 20, 1, 27, 126, 19169},
    {18, 26, 20, 1, 25, 117, 19295},
    {18, 27, 20, 1, 26, 122, 19412},
    {15, 16, 19, 2, 18, 60, 19534},
    {19, 19, 20, 0, 18, 91, 19594},
    {21, 28, 22, 0, 27, 147, 19685},
    {21, 28, 22, 0, 27, 147, 19832},
    {21, 28, 22, 0, 27, 147, 19979},
    {21, 27, 22, 0, 26, 142, 20126},
    {20, 35, 20, 0, 27, 175, 20268},
    {20, 34, 21, 0, 26, 170, 20443},
    {20, 34, 20, 0, 26, 170, 20613},
    {25, 30, 25, 0, 30, 188, 20783},
    {18, 25, 18, 1, 24, 113, 20971},
    {25, 32, 25, 0, 32, 200, 21084},
    {18, 27, 18, 1, 26, 122, 21284},
    {25, 32, 25, 0, 24, 200, 21406},
    {18, 26, 18, 1, 18, 117, 21606},
    {21, 32, 23, 1, 31, 168, 21723},
    {16, 28, 17, 1, 27, 112, 21891},
    {21, 33, 23, 1, 32, 174, 22003},
    {16, 28, 17, 1, 27, 112, 22177},
    {21, 32, 23, 1, 31, 168, 22289},
    {16, 27, 17, 1, 26, 108, 22457},
    {21, 33, 23, 1, 32, 174, 22565},
    {16, 28, 17, 1, 27, 112, 22739},
    {24, 32, 26, 1, 32, 192, 22851},
    {23, 27, 24, 1, 26, 156, 23043},
    {25, 24, 26, 0, 24, 150, 23199},
    {20, 27, 20, 1, 26, 135, 23349},
    {19, 30, 22, 1, 30, 143, 23484},
    {16, 25, 18, 1, 24, 100, 23627},
    {19, 32, 22, 1, 32, 152, 23727},
    {16, 27, 18, 1, 26, 108, 23879},
    {19, 31, 22, 1, 31, 148, 23987},
    {16, 27, 18, 1, 26, 108, 24135},
    {19, 32, 22, 1, 24, 152, 24243},
    {16, 26, 18, 1, 18, 104, 24395},
    {19, 32, 22, 1, 32, 152, 24499},
    {16, 28, 18, 1, 27, 112, 24651},
    {24, 33, 25, 1, 32, 198, 24763},
    {20, 35, 18, 0, 27, 175, 24961},
    {24, 33, 25, 1, 32, 198, 25136},
    {20, 34, 19, 0, 26, 170, 25334},
    {24, 32, 25, 1, 31, 192, 25504},
    {20, 34, 19, 0, 26, 170, 25696},
    {24, 34, 25, 1, 24, 204, 25866},
    {20, 35, 19, 0, 27, 175, 26070},
    {26, 32, 28, 1, 32, 208, 26245},
    {23, 34, 22, -1, 34, 196, 26453},
    {26, 24, 27, 0, 24, 156, 26649},
    {22, 26, 22, 0, 26, 143, 26805},
    {12, 31, 14, 1, 31, 93, 26948},
    {12, 25, 11, -1, 25, 75, 27041},
    {11, 30, 14, 1, 30, 83, 27116},
    {12, 24, 11, -1, 24, 72, 27199},
    {12, 32, 14, 1, 32, 96, 27271},
    {12, 26, 11, -1, 26, 78, 27367},
    {11, 32, 12, 1, 24, 88, 27445},
    {10, 34, 11, 1, 26, 85, 27533},
    {11, 31, 14, 1, 31, 86, 27618},
    {10, 18, 11, 1, 18, 45, 27704},
    {31, 25, 32, 1, 24, 194, 27749},
    {19, 34, 22, 1, 26, 162, 27943},
    {18, 33, 19, 1, 32, 149, 28105},
    {12, 35, 10, -1, 27, 105, 28254},
    {24, 34, 25, 1, 24, 204, 28359},
    {21, 36, 21, 1, 26, 189, 28563},
    {21, 19, 21, 1, 18, 100, 28752},
    {19, 31, 21, 1, 31, 148, 28852},
    {10, 33, 11, 1, 33, 83, 29000},
    {19, 34, 21, 1, 24, 162, 29083},
    {10, 36, 11, 1, 26, 90, 29245},
    {19, 26, 21, 1, 26, 124, 29335},
    {13, 26, 14, 1, 26, 85, 29459},
    {19, 24, 21, 1, 24, 114, 29544},
    {14, 26, 13, 1, 26, 91, 29658},
    {20, 24, 21, 0, 24, 120, 29749},
    {12, 26, 12, 0, 26, 78, 29869},
    {25, 31, 28, 1, 31, 194, 29947},
    {21, 27, 22, 1, 27, 142, 30141},
    {25, 34, 28, 1, 24, 213, 30283},
    {21, 28, 22, 1, 18, 147, 30496},
    {25, 32, 28, 1, 32, 200, 30643},
    {21, 27, 22, 1, 27, 142, 30843},
    {26, 26, 27, 0, 26, 169, 30985},
    {25, 32, 28, 1, 24, 200, 31154},
    {18, 26, 22, 1, 18, 117, 31354},
    {23, 31, 26, 1, 30, 179, 31471},
    {18, 25, 20, 1, 24, 113, 31650},
    {23, 33, 26, 1, 32, 190, 31763},
    {18, 27, 20, 1, 26, 122, 31953},
    {23, 33, 26, 1, 32, 190, 32075},
    {18, 27, 20, 1, 26, 122, 32265},
    {34, 25, 36, 1, 24, 213, 32387},
    {29, 19, 31, 1, 18, 138, 32600},
    {23, 32, 24, 1, 31, 184, 32738},
    {16, 27, 17, 1, 27, 108, 32922},
    {23, 34, 24, 1, 24, 196, 33030},
    {16, 28, 17, 1, 18, 112, 33226},
    {23, 33, 24, 1, 32, 190, 33338},
    {16, 27, 17, 1, 27, 108, 33528},
    {18, 32, 20, 1, 31, 144, 33636},
    {14, 28, 16, 1, 27, 98, 33780},
    {18, 33, 20, 1, 32, 149, 33878},
    {14, 28, 16, 1, 27, 98, 34027},
    {18, 32, 20, 1, 24, 144, 34125},
    {14, 26, 16, 1, 18, 91, 34269},
    {18, 33, 20, 1, 32, 149, 34360},
    {14, 28, 16, 1, 27, 98, 34509},
    {23, 32, 25, 1, 24, 184, 34607},
    {13, 31, 14, 1, 23, 101, 34791},
    {23, 32, 25, 1, 32, 184, 34892},
    {13, 28, 14, 1, 27, 91, 35076},
    {23, 24, 25, 1, 24, 138, 35167},
    {14, 24, 14, 0, 23, 84, 35305},
    {25, 32, 27, 1, 31, 200, 35389},
    {21, 26, 22, 0, 25, 137, 35589},
    {25, 31, 27, 1, 30, 194, 35726},
    {21, 25, 22, 0, 24, 132, 35920},
    {25, 33, 27, 1, 32, 207, 36052},
    {21, 27, 22, 0, 26, 142, 36259},
    {25, 33, 27, 1, 32, 207, 36401},
    {21, 28, 22, 0, 27, 147, 36608},
    {25, 33, 27, 1, 32, 207, 36755},
    {21, 27, 22, 0, 26, 142, 36962},
    {25, 32, 27, 1, 24, 200, 37104},
    {21, 26, 21, 0, 18, 137, 37304},
    {36, 32, 37, 0, 32, 288, 37441},
    {29, 27, 29, 0, 27, 196, 37729},
    {24, 32, 24, 0, 32, 192, 37925},
    {20, 35, 20, 0, 27, 175, 38117},
    {24, 31, 24, 0, 31, 186, 38292},
    {20, 31, 22, 1, 31, 155, 38478},
    {15, 27, 17, 1, 27, 102, 38633},
    {20, 31, 22, 1, 31, 155, 38735},
    {15, 26, 17, 1, 26, 98, 38890},
    {20, 32, 22, 1, 32, 160, 38988},
    {15, 27, 17, 1, 27, 102, 39148},
    {21, 25, 23, 1, 24, 132, 39250},
    {23, 31, 19, -3, 24, 179, 39382},
    {28, 27, 28, 1, 26, 189, 39561},
    {21, 24, 21, 1, 23, 126, 39750},
    {29, 27, 29, 1, 26, 196, 39876},
    {24, 24, 24, 0, 23, 144, 40072},
    {45, 32, 47, 1, 32, 360, 40216},
    {41, 27, 42, 1, 27, 277, 40576},
    {36, 28, 38, 1, 27, 252, 40853},
    {38, 25, 40, 1, 24, 238, 41105},
    {29, 34, 32, 1, 26, 247, 41343},
    {18, 34, 21, 1, 26, 153, 41590},
    {44, 25, 45, 1, 24, 275, 41743},
    {35, 34, 38, 1, 26, 298, 42018},
    {29, 34, 33, 1, 26, 247, 42316},
    {25, 32, 25, 0, 32, 200, 42563},
    {18, 28, 18, 1, 27, 126, 42763},
    {12, 32, 14, 1, 32, 96, 42889},
    {12, 27, 11, -1, 27, 81, 42985},
    {23, 33, 26, 1, 32, 190, 43066},
    {18, 28, 20, 1, 27, 126, 43256},
    {25, 33, 27, 1, 32, 207, 43382},
    {21, 28, 22, 0, 27, 147, 43589},
    {25, 37, 27, 1, 36, 232, 43736},
    {21, 32, 22, 0, 31, 168, 43968},
    {25, 39, 27, 1, 38, 244, 44136},
    {21, 34, 22, 0, 33, 179, 44380},
    {25, 40, 27, 1, 39, 250, 44559},
    {21, 35, 22, 0, 34, 184, 44809},
    {25, 39, 27, 1, 38, 244, 44993},
    {21, 34, 22, 0, 33, 179, 45237},
    {24, 33, 25, 1, 32, 198, 45416},
    {20, 35, 19, 0, 27, 175, 45614},
    {23, 32, 26, 1, 24, 184, 45789},
    {18, 26, 20, 1, 18, 117, 45973},
    {25, 36, 25, 0, 36, 225, 46090},
    {18, 34, 18, 1, 33, 153, 46315},
    {32, 31, 34, 0, 31, 248, 46468},
    {26, 28, 27, 1, 27, 182, 46716},
    {24, 32, 26, 1, 31, 192, 46898},
    {19, 28, 20, 0, 27, 133, 47090},
    {25, 32, 25, 0, 32, 200, 47223},
    {18, 27, 18, 1, 26, 122, 47423},
    {25, 32, 25, 0, 32, 200, 47545},
    {18, 27, 18, 1, 26, 122, 47745},
    {19, 32, 22, 1, 32, 152, 47867},
    {16, 27, 18, 1, 26, 108, 48019},
    {19, 32, 22, 1, 32, 152, 48127},
    {16, 27, 18, 1, 26, 108, 48279},
    {14, 32, 14, -2, 32, 112, 48387},
    {14, 26, 11, -3, 26, 91, 48499},
    {12, 32, 14, 1, 32, 96, 48590},
    {12, 26, 11, -1, 26, 78, 48686},
    {23, 33, 26, 1, 32, 190, 48764},
    {18, 27, 20, 1, 26, 122, 48954},
    {23, 33, 26, 1, 32, 190, 49076},
    {18, 27, 20, 1, 26, 122, 49266},
    {23, 33, 24, 1, 32, 190, 49388},
    {16, 26, 17, 1, 26, 104, 49578},
    {23, 33, 24, 1, 32, 190, 49682},
    {16, 26, 17, 1, 26, 104, 49872},
    {25, 33, 27, 1, 32, 207, 49976},
    {21, 27, 22, 0, 26, 142, 50183},
    {25, 33, 27, 1, 32, 207, 50325},
    {21, 27, 22, 0, 26, 142, 50532},
    {18, 34, 20, 1, 24, 153, 50674},
    {14, 28, 16, 1, 18, 98, 50827},
    {23, 34, 25, 1, 24, 196, 50925},
    {13, 33, 14, 1, 23, 108, 51121},
    {23, 37, 26, 1, 36, 213, 51229},
    {18, 32, 20, 1, 31, 144, 51442},
    {23, 37, 26, 1, 36, 213, 51586},
    {18, 32, 20, 1, 31, 144, 51799},
    {23, 37, 26, 1, 36, 213, 51943},
    {18, 32, 20, 1, 31, 144, 52156},
    {24, 30, 24, 0, 30, 180, 52300},
    {20, 32, 20, 0, 24, 160, 52480},
    {8, 26, 10, 0, 18, 52, 52640},
    {20, 19, 21, 1, 18, 95, 52692},
    {16, 19, 18, 1, 18, 76, 52787},
    {17, 26, 20, 1, 18, 111, 52863},
    {7, 8, 0, -4, 27, 14, 52974},
    {8, 8, 0, -3, 27, 16, 52988},
    {12, 8, 0, -6, 27, 24, 53004},
    {12, 5, 0, -6, 25, 15, 53028},
    {10, 3, 0, -5, 24, 8, 53043},
    {12, 7, 0, -6, 26, 21, 53051},
    {6, 6, 0, -3, 26, 9, 53072},
    {12, 6, 0, -6, 26, 18, 53081},
    {10, 9, 0, -5, 28, 23, 53099},
    {8, 8, 0, -4, 27, 16, 53122},
    {12, 7, 0, -4, 26, 21, 53138},
    {12, 8, 0, -6, 27, 24, 53159},
    {12, 7, 0, -8, 26, 21, 53183},
    {12, 7, 0, -6, 26, 21, 53204},
    {6, 8, 0, -3, 27, 12, 53225},
    {7, 11, 0, -4, 23, 20, 53237},
    {6, 6, 0, -3, -2, 9, 53257},
    {12, 5, 0, -6, -2, 15, 53266},
    {6, 9, 0, -3, -1, 14, 53281},
    {8, 9, 0, -4, 1, 18, 53295},
    {8, 9, 0, -4, 1, 18, 53313},
    {12, 7, 0, -6, -1, 21, 53331},
    {10, 4, 0, -5, -2, 10, 53352},
    {7, 9, 11, 1, 26, 16, 53362},
    {7, 10, 11, 3, 3, 18, 53378},
    {7, 7, 8, 2, -1, 13, 53396},
    {7, 24, 11, 2, 18, 42, 53409},
    {7, 8, 16, 5, 27, 14, 53451},
    {17, 9, 21, 2, 28, 39, 53465},
    {26, 24, 25, -1, 24, 156, 53504},
    {7, 6, 11, 2, 18, 11, 53660},
    {27, 24, 22, -7, 24, 162, 53671},
    {34, 24, 28, -7, 24, 204, 53833},
    {19, 24, 14, -7, 24, 114, 54037},
    {30, 25, 26, -6, 24, 188, 54151},
    {32, 24, 24, -8, 24, 192, 54339},
    {31, 24, 28, -5, 24, 186, 54531},
    {17, 29, 11, -3, 28, 124, 54717},
    {25, 24, 25, 0, 24, 150, 54841},
    {20, 24, 22, 1, 24, 120, 54991},
    {19, 24, 20, 1, 24, 114, 55111},
    {21, 24, 22, 0, 24, 126, 55225},
    {19, 24, 22, 1, 24, 114, 55351},
    {20, 24, 22, 1, 24, 120, 55465},
    {26, 24, 28, 1, 24, 156, 55585},
    {24, 25, 26, 1, 24, 150, 55741},
    {11, 24, 14, 1, 24, 66, 55891},
    {24, 25, 25, 1, 24, 150, 55957},
    {24, 24, 24, 0, 24, 144, 56107},
    {31, 24, 33, 1, 24, 186, 56251},
    {25, 24, 28, 1, 24, 150, 56437},
    {20, 24, 23, 1, 24, 120, 56587},
    {23, 25, 26, 1, 24, 144, 56707},
    {25, 24, 28, 1, 24, 150, 56851},
    {19, 24, 21, 1, 24, 114, 57001},
    {20, 24, 22, 1, 24, 120, 57115},
    {23, 24, 25, 1, 24, 138, 57235},
    {24, 24, 24, 0, 24, 144, 57373},
    {27, 26, 29, 1, 25, 176, 57517},
    {24, 24, 24, 0, 24, 144, 57693},
    {29, 24, 31, 1, 24, 174, 57837},
    {25, 24, 28, 1, 24, 150, 58011},
    {12, 32, 14, 1, 32, 96, 58161},
    {24, 32, 24, 0, 32, 192, 58257},
    {20, 28, 21, 1, 27, 140, 58449},
    {16, 28, 18, 1, 27, 112, 58589},
    {19, 35, 20, 0, 27, 167, 58701},
    {9, 28, 11, 2, 27, 63, 58868},
    {20, 29, 20, 0, 28, 145, 58931},
    {20, 19, 21, 1, 18, 95, 59076},
    {18, 35, 21, 2, 27, 158, 59171},
    {18, 25, 20, 0, 18, 113, 59329},
    {17, 28, 19, 1, 27, 119, 59442},
    {16, 19, 18, 1, 18, 76, 59561},
    {15, 35, 15, 1, 27, 132, 59637},
    {19, 26, 20, 0, 18, 124, 59769},
    {18, 28, 20, 1, 27, 126, 59893},
    {9, 19, 11, 2, 18, 43, 60019},
    {17, 19, 20, 2, 18, 81, 60062},
    {21, 28, 20, 0, 27, 147, 60143},
    {19, 26, 21, 2, 18, 124, 60290},
    {18, 19, 20, 0, 18, 86, 60414},
    {16, 35, 16, 0, 27, 140, 60500},
    {18, 19, 20, 1, 18, 86, 60640},
    {21, 19, 22, 0, 18, 100, 60726},
    {17, 26, 19, 1, 18, 111, 60826},
    {16, 26, 17, 1, 18, 104, 60937},
    {19, 19, 21, 1, 18, 91, 61041},
    {17, 19, 17, 0, 18, 81, 61132},
    {19, 19, 20, 0, 18, 91, 61213},
    {24, 32, 26, 1, 24, 192, 61304},
    {20, 26, 19, 0, 18, 130, 61496},
    {25, 32, 26, 0, 24, 200, 61626},
    {25, 19, 27, 1, 18, 119, 61826},
    {13, 27, 11, -2, 26, 88, 61945},
    {19, 27, 20, 0, 26, 129, 62033},
    {18, 28, 20, 1, 27, 126, 62162},
    {19, 28, 20, 0, 27, 133, 62288},
    {25, 28, 27, 1, 27, 175, 62421},
    {17, 26, 20, 2, 18, 111, 62596},
    {24, 32, 26, 1, 24, 192, 62707},
    {18, 24, 20, 1, 18, 108, 62899},
    {20, 32, 22, 1, 24, 160, 63007},
    {16, 29, 18, 1, 21, 116, 63167},
    {19, 24, 21, 1, 24, 114, 63283},
    {15, 28, 13, 1, 27, 105, 63397},
    {16, 24, 18, 1, 20, 96, 63502},
    {14, 22, 16, 1, 19, 77, 63598},
    {23, 24, 25, 1, 18, 138, 63675},
    {18, 27, 19, 1, 18, 122, 63813},
    {19, 31, 22, 1, 31, 148, 63935},
    {28, 28, 28, 0, 24, 196, 64083},
    {19, 31, 20, 1, 31, 148, 64279},
    {21, 25, 23, 1, 24, 132, 64427},
    {18, 25, 20, 1, 24, 113, 64559},
    {11, 24, 14, 1, 24, 66, 64672},
    {13, 31, 14, 0, 31, 101, 64738},
    {17, 25, 19, 1, 24, 107, 64839},
    {33, 25, 34, 0, 24, 207, 64946},
    {34, 24, 36, 1, 24, 204, 65153},
    {31, 24, 32, 0, 24, 186, 65357},
    {24, 32, 25, 1, 31, 192, 65543},
    {26, 31, 28, 1, 31, 202, 65735},
    {23, 33, 22, 0, 32, 190, 65937},
    {26, 30, 28, 1, 24, 195, 66127},
    {25, 24, 25, 0, 24, 150, 66322},
    {20, 24, 22, 1, 24, 120, 66472},
    {20, 24, 22, 1, 24, 120, 66592},
    {19, 24, 20, 1, 24, 114, 66712},
    {24, 30, 25, 0, 24, 180, 66826},
    {19, 24, 22, 1, 24, 114, 67006},
    {35, 25, 35, 0, 24, 219, 67120},
    {19, 25, 20, 0, 24, 119, 67339},
    {26, 24, 28, 1, 24, 156, 67458},
    {26, 32, 28, 1, 32, 208, 67614},
    {24, 25, 25, 1, 24, 150, 67822},
    {24, 25, 26, 0, 24, 150, 67972},
    {31, 24, 33, 1, 24, 186, 68122},
    {26, 24, 28, 1, 24, 156, 68308},
    {23, 25, 26, 1, 24, 144, 68464},
    {26, 24, 28, 1, 24, 156, 68608},
    {19, 24, 21, 1, 24, 114, 68764},
    {21, 25, 23, 1, 24, 132, 68878},
    {23, 24, 25, 1, 24, 138, 69010},
    {23, 25, 22, 0, 24, 144, 69148},
    {26, 26, 28, 1, 25, 169, 69292},
    {24, 24, 24, 0, 24, 144, 69461},
    {27, 30, 29, 1, 24, 203, 69605},
    {24, 24, 26, 0, 24, 144, 69808},
    {36, 24, 39, 1, 24, 216, 69952},
    {38, 30, 40, 1, 24, 285, 70168},
    {25, 24, 26, 0, 24, 150, 70453},
    {31, 24, 33, 1, 24, 186, 70603},
    {20, 24, 22, 1, 24, 120, 70789},
    {20, 25, 23, 1, 24, 125, 70909},
    {35, 25, 37, 1, 24, 219, 71034},
    {22, 25, 24, 0, 24, 138, 71253},
    {18, 19, 18, 1, 18, 86, 71391},
    {18, 28, 20, 1, 27, 126, 71477},
    {17, 17, 19, 1, 17, 73, 71603},
    {16, 17, 17, 1, 17, 68, 71676},
    {19, 23, 20, 0, 17, 110, 71744},
    {16, 19, 18, 1, 18, 76, 71854},
    {29, 19, 29, 0, 18, 138, 71930},
    {15, 19, 17, 1, 18, 72, 72068},
    {21, 17, 23, 1, 17, 90, 72140},
    {21, 26, 23, 1, 26, 137, 72230},
    {19, 19, 20, 1, 18, 91, 72367},
    {20, 18, 21, 0, 17, 90, 72458},
    {24, 17, 26, 1, 17, 102, 72548},
    {21, 17, 23, 1, 17, 90, 72650},
    {18, 19, 20, 1, 18, 86, 72740},
    {21, 17, 23, 1, 17, 90, 72826},
    {20, 26, 21, 0, 18, 130, 72916},
    {16, 19, 17, 1, 18, 76, 73046},
    {19, 17, 20, 0, 17, 81, 73122},
    {20, 25, 20, 0, 17, 125, 73203},
    {26, 34, 28, 1, 26, 221, 73328},
    {20, 17, 19, 0, 17, 85, 73549},
    {22, 23, 23, 1, 17, 127, 73634},
    {20, 17, 21, 0, 17, 85, 73761},
    {31, 17, 33, 1, 17, 132, 73846},
    {32, 23, 33, 1, 17, 184, 73978},
    {21, 17, 22, 0, 17, 90, 74162},
    {26, 17, 28, 1, 17, 111, 74252},
    {17, 17, 19, 1, 17, 73, 74363},
    {16, 19, 18, 1, 18, 76, 74436},
    {27, 19, 29, 1, 18, 129, 74512},
    {19, 18, 20, 0, 17, 86, 74641},
    {16, 27, 18, 1, 26, 108, 74727},
    {19, 34, 22, 0, 26, 162, 74835},
    {16, 27, 17, 1, 27, 108, 74997},
    {16, 19, 17, 1, 18, 76, 75105},
    {14, 19, 16, 1, 18, 67, 75181},
    {10, 26, 11, 1, 26, 65, 75248},
    {12, 26, 11, -1, 26, 78, 75313},
    {8, 34, 11, 0, 26, 68, 75391},
    {27, 18, 28, 0, 17, 122, 75459},
    {28, 17, 30, 1, 17, 119, 75581},
    {22, 26, 22, 0, 26, 143, 75700},
    {19, 28, 20, 1, 27, 133, 75843},
    {21, 27, 23, 1, 27, 142, 75976},
    {20, 34, 20, 0, 26, 170, 76118},
    {21, 23, 23, 1, 17, 121, 76288},
    {25, 25, 26, 0, 25, 157, 76409},
    {22, 26, 23, 0, 26, 143, 76566},
    {34, 25, 34, 0, 24, 213, 76709},
    {28, 18, 28, 0, 17, 126, 76922},
    {19, 29, 19, 1, 29, 138, 77048},
    {15, 22, 16, 1, 22, 83, 77186},
    {19, 24, 20, 1, 24, 114, 77269},
    {16, 17, 17, 1, 17, 68, 77383},
    {36, 30, 36, 0, 24, 270, 77451},
    {30, 24, 29, 0, 18, 180, 77721},
    {24, 30, 25, 1, 24, 180, 77901},
    {20, 24, 21, 1, 18, 120, 78081},
    {27, 29, 28, 1, 24, 196, 78201},
    {23, 23, 24, 1, 17, 133, 78397},
    {24, 24, 24, 0, 24, 144, 78530},
    {21, 25, 19, -1, 17, 132, 78674},
    {24, 24, 24, 0, 24, 144, 78806},
    {21, 25, 19, -1, 17, 132, 78950},
    {26, 24, 26, 1, 24, 156, 79082},
    {21, 26, 22, 1, 26, 137, 79238},
    {21, 25, 24, 1, 24, 132, 79375},
    {16, 19, 18, 1, 18, 76, 79507},
    {24, 25, 26, 1, 24, 150, 79583},
    {18, 19, 20, 1, 18, 86, 79733},
    {21, 39, 23, 1, 31, 205, 79819},
    {16, 35, 17, 1, 27, 140, 80024},
    {24, 32, 26, 1, 24, 192, 80164},
    {20, 34, 21, 1, 26, 170, 80356},
    {24, 30, 26, 1, 24, 180, 80526},
    {20, 32, 21, 1, 26, 160, 80706},
    {19, 37, 22, 1, 37, 176, 80866},
    {16, 33, 18, 1, 32, 132, 81042},
    {19, 37, 22, 1, 37, 176, 81174},
    {16, 33, 18, 1, 32, 132, 81350},
    {19, 40, 22, 1, 32, 190, 81482},
    {16, 34, 18, 1, 26, 136, 81672},
    {24, 31, 25, 1, 30, 186, 81808},
    {20, 32, 19, 0, 24, 160, 81994},
    {26, 32, 28, 1, 24, 208, 82154},
    {21, 34, 22, 1, 26, 179, 82362},
    {26, 32, 28, 1, 24, 208, 82541},
    {21, 34, 22, 1, 26, 179, 82749},
    {13, 38, 12, 0, 38, 124, 82928},
    {13, 33, 11, -2, 33, 108, 83052},
    {19, 32, 21, 1, 24, 152, 83160},
    {10, 34, 11, 1, 26, 85, 83312},
    {19, 38, 21, 1, 30, 181, 83397},
    {12, 40, 11, -1, 32, 120, 83578},
    {19, 30, 21, 1, 24, 143, 83698},
    {10, 32, 11, 1, 26, 80, 83841},
    {31, 32, 33, 1, 24, 248, 83921},
    {31, 26, 33, 1, 18, 202, 84169},
    {25, 31, 28, 1, 31, 194, 84371},
    {21, 26, 22, 1, 26, 137, 84565},
    {25, 32, 28, 1, 24, 200, 84702},
    {21, 26, 22, 1, 18, 137, 84902},
    {25, 30, 28, 1, 24, 188, 85039},
    {21, 24, 22, 1, 18, 126, 85227},
    {23, 39, 26, 1, 38, 225, 85353},
    {18, 33, 20, 1, 32, 149, 85578},
    {23, 38, 26, 1, 37, 219, 85727},
    {18, 33, 20, 1, 32, 149, 85946},
    {23, 38, 26, 1, 37, 219, 86095},
    {18, 33, 20, 1, 32, 149, 86314},
    {23, 38, 26, 1, 37, 219, 86463},
    {18, 33, 20, 1, 32, 149, 86682},
    {23, 32, 24, 1, 24, 184, 86831},
    {16, 26, 17, 1, 18, 104, 87015},
    {23, 38, 24, 1, 30, 219, 87119},
    {16, 32, 17, 1, 24, 128, 87338},
    {23, 30, 24, 1, 24, 173, 87466},
    {16, 24, 17, 1, 18, 96, 87639},
    {18, 32, 20, 1, 31, 144, 87735},
    {14, 27, 16, 1, 26, 95, 87879},
    {18, 32, 20, 1, 24, 144, 87974},
    {14, 26, 16, 1, 18, 91, 88118},
    {18, 38, 20, 1, 37, 171, 88209},
    {14, 33, 16, 1, 32, 116, 88380},
    {18, 38, 20, 1, 37, 171, 88496},
    {14, 33, 16, 1, 32, 116, 88667},
    {18, 39, 20, 1, 31, 176, 88783},
    {14, 34, 16, 1, 26, 119, 88959},
    {23, 32, 25, 1, 24, 184, 89078},
    {13, 31, 14, 1, 23, 101, 89262},
    {23, 30, 25, 1, 24, 173, 89363},
    {13, 29, 14, 1, 23, 95, 89536},
    {25, 39, 27, 1, 38, 244, 89631},
    {21, 33, 22, 0, 32, 174, 89875},
    {25, 38, 27, 1, 37, 238, 90049},
    {21, 33, 22, 0, 32, 174, 90287},
    {36, 31, 37, 0, 31, 279, 90461},
    {29, 27, 29, 0, 27, 196, 90740},
    {36, 31, 37, 0, 31, 279, 90936},
    {29, 27, 29, 0, 27, 196, 91215},
    {36, 31, 37, 0, 31, 279, 91411},
    {29, 26, 29, 0, 26, 189, 91690},
    {24, 31, 24, 0, 31, 186, 91879},
    {20, 34, 20, 0, 26, 170, 92065},
    {20, 32, 22, 1, 24, 160, 92235},
    {15, 25, 17, 1, 17, 94, 92395},
    {14, 31, 13, 0, 30, 109, 92489},
    {23, 25, 25, 1, 24, 144, 92598},
    {25, 32, 25, 0, 24, 200, 92742},
    {18, 26, 18, 1, 18, 117, 92942},
    {25, 33, 25, 0, 33, 207, 93059},
    {18, 29, 18, 1, 28, 131, 93266},
    {25, 38, 25, 0, 38, 238, 93397},
    {18, 34, 18, 1, 33, 153, 93635},
    {25, 38, 25, 0, 38, 238, 93788},
    {18, 34, 18, 1, 33, 153, 94026},
    {25, 37, 25, 0, 37, 232, 94179},
    {18, 34, 18, 1, 33, 153, 94411},
    {25, 37, 25, 0, 37, 232, 94564},
    {18, 33, 18, 1, 32, 149, 94796},
    {25, 40, 25, 0, 32, 250, 94945},
    {18, 35, 18, 1, 27, 158, 95195},
    {25, 38, 25, 0, 38, 238, 95353},
    {18, 34, 18, 1, 33, 153, 95591},
    {25, 38, 25, 0, 38, 238, 95744},
    {18, 34, 18, 1, 33, 153, 95982},
    {25, 39, 25, 0, 39, 244, 96135},
    {18, 35, 18, 1, 34, 158, 96379},
    {25, 37, 25, 0, 37, 232, 96537},
    {18, 33, 18, 1, 32, 149, 96769},
    {25, 40, 25, 0, 32, 250, 96918},
    {18, 34, 18, 1, 26, 153, 97168},
    {19, 32, 22, 1, 24, 152, 97321},
    {16, 26, 18, 1, 18, 104, 97473},
    {19, 33, 22, 1, 33, 157, 97577},
    {16, 29, 18, 1, 28, 116, 97734},
    {19, 31, 22, 1, 31, 148, 97850},
    {16, 26, 18, 1, 25, 104, 97998},
    {19, 38, 22, 1, 38, 181, 98102},
    {16, 34, 18, 1, 33, 136, 98283},
    {19, 38, 22, 1, 38, 181, 98419},
    {16, 34, 18, 1, 33, 136, 98600},
    {20, 37, 22, 1, 37, 185, 98736},
    {18, 34, 18, 1, 33, 153, 98921},
    {19, 37, 22, 1, 37, 176, 99074},
    {16, 33, 18, 1, 32, 132, 99250},
    {19, 40, 22, 1, 32, 190, 99382},
    {16, 35, 18, 1, 27, 140, 99572},
    {11, 33, 14, 1, 33, 91, 99712},
    {11, 28, 11, 0, 28, 77, 99803},
    {11, 32, 14, 1, 24, 88, 99880},
    {10, 34, 11, 1, 26, 85, 99968},
    {23, 32, 26, 1, 24, 184, 100053},
    {18, 26, 20, 1, 18, 117, 100237},
    {23, 34, 26, 1, 33, 196, 100354},
    {18, 29, 20, 1, 28, 131, 100550},
    {23, 39, 26, 1, 38, 225, 100681},
    {18, 34, 20, 1, 33, 153, 100906},
    {23, 39, 26, 1, 38, 225, 101059},
    {18, 34, 20, 1, 33, 153, 101284},
    {23, 38, 26, 1, 37, 219, 101437},
    {19, 34, 20, 1, 33, 162, 101656},
    {23, 38, 26, 1, 37, 219, 101818},
    {18, 33, 20, 1, 32, 149, 102037},
    {23, 40, 26, 1, 32, 230, 102186},
    {18, 35, 20, 1, 27, 158, 102416},
    {28, 32, 28, 1, 31, 224, 102574},
    {21, 28, 21, 1, 27, 147, 102798},
    {28, 32, 28, 1, 31, 224, 102945},
    {21, 28, 21, 1, 27, 147, 103169},
    {28, 34, 28, 1, 33, 238, 103316},
    {21, 29, 21, 1, 28, 153, 103554},
    {28, 32, 28, 1, 31, 224, 103707},
    {21, 26, 21, 1, 25, 137, 103931},
    {28, 34, 28, 1, 26, 238, 104068},
    {21, 31, 21, 1, 23, 163, 104306},
    {25, 32, 27, 1, 24, 200, 104469},
    {21, 26, 22, 0, 18, 137, 104669},
    {25, 34, 27, 1, 33, 213, 104806},
    {21, 29, 22, 0, 28, 153, 105019},
    {29, 32, 29, 1, 31, 232, 105172},
    {24, 28, 24, 0, 27, 168, 105404},
    {29, 32, 29, 1, 31, 232, 105572},
    {24, 28, 24, 0, 27, 168, 105804},
    {29, 34, 29, 1, 33, 247, 105972},
    {24, 29, 24, 0, 28, 174, 106219},
    {29, 32, 29, 1, 31, 232, 106393},
    {24, 26, 24, 0, 25, 156, 106625},
    {29, 34, 29, 1, 26, 247, 106781},
    {24, 31, 24, 0, 23, 186, 107028},
    {24, 31, 24, 0, 31, 186, 107214},
    {20, 35, 20, 0, 27, 175, 107400},
    {24, 32, 24, 0, 24, 192, 107575},
    {20, 25, 20, 0, 17, 125, 107767},
    {24, 33, 24, 0, 33, 198, 107892},
    {20, 36, 20, 0, 28, 180, 108090},
    {24, 31, 24, 0, 31, 186, 108270},
    {20, 33, 20, 0, 25, 165, 108456},
    {0, 0, 19, 0, 0, 0, 108621},
    {0, 0, 11, 0, 0, 0, 108621},
    {0, 0, 4, 0, 0, 0, 108621},
    {0, 0, 2, 0, 0, 0, 108621},
    {0, 0, 0, 0, 0, 0, 108621},
    {10, 4, 12, 1, 12, 10, 108621},
    {17, 3, 17, 0, 11, 13, 108631},
    {17, 3, 17, 0, 11, 13, 108644},
    {33, 3, 33, 0, 11, 25, 108657},
    {33, 3, 33, 0, 11, 25, 108682},
    {6, 10, 11, 2, 26, 15, 108707},
    {6, 10, 11, 2, 26, 15, 108722},
    {6, 11, 11, 2, 5, 17, 108737},
    {13, 10, 18, 2, 26, 33, 108754},
    {13, 10, 18, 2, 26, 33, 108787},
    {13, 11, 15, 1, 5, 36, 108820},
    {15, 27, 18, 1, 26, 102, 108856},
    {15, 28, 18, 1, 26, 105, 108958},
    {9, 8, 13, 2, 14, 18, 109063},
    {28, 6, 30, 1, 5, 42, 109081},
    {40, 21, 41, 1, 20, 210, 109123},
    {5, 9, 7, 1, 28, 12, 109333},
    {11, 9, 13, 1, 28, 25, 109345},
    {9, 15, 10, 1, 16, 34, 109370},
    {9, 15, 10, 0, 16, 34, 109404},
    {28, 28, 30, 1, 27, 196, 109438},
    {17, 25, 9, -4, 24, 107, 109634},
    {14, 16, 16, 1, 28, 56, 109741},
    {14, 16, 14, 0, 28, 56, 109797},
    {12, 16, 13, 0, 28, 48, 109853},
    {12, 16, 14, 1, 28, 48, 109901},
    {13, 16, 13, 0, 28, 52, 109949},
    {14, 16, 14, 0, 28, 56, 110001},
    {13, 16, 14, 0, 28, 52, 110057},
    {7, 21, 9, 1, 30, 37, 110109},
    {7, 21, 8, 0, 30, 37, 110146},
    {16, 13, 18, 1, 25, 52, 110183},
    {14, 16, 16, 1, 11, 56, 110235},
    {10, 16, 11, 1, 11, 40, 110291},
    {13, 16, 13, 0, 11, 52, 110331},
    {13, 16, 14, 0, 11, 52, 110383},
    {14, 16, 14, 0, 11, 56, 110435},
    {12, 16, 13, 0, 11, 48, 110491},
    {12, 16, 14, 1, 11, 48, 110539},
    {13, 16, 13, 0, 11, 52, 110587},
    {14, 16, 14, 0, 11, 56, 110639},
    {13, 16, 14, 0, 11, 52, 110695},
    {7, 21, 9, 1, 13, 37, 110747},
    {7, 21, 8, 0, 13, 37, 110784},
    {19, 30, 21, 1, 27, 143, 110821},
    {20, 24, 21, 0, 24, 120, 110964},
    {18, 24, 19, 0, 24, 108, 111084},
    {25, 24, 28, 1, 24, 150, 111192},
    {48, 25, 49, 1, 24, 300, 111342},
    {37, 24, 36, 0, 24, 222, 111642},
    {20, 32, 21, 1, 26, 160, 111864},
    {21, 25, 23, 0, 24, 132, 112024},
    {26, 25, 25, 0, 24, 163, 112156},
    {23, 24, 23, 0, 24, 138, 112319},
    {22, 24, 23, 1, 24, 132, 112457},
    {24, 30, 24, 1, 27, 180, 112589},
    {21, 25, 22, 0, 24, 132, 112769},
    {19, 31, 21, 1, 27, 148, 112901},
    {23, 24, 23, 0, 24, 138, 113049},
    {18, 25, 20, 1, 24, 113, 113187},
    {20, 24, 21, 1, 24, 120, 113300},
    {23, 24, 25, 1, 24, 138, 113420},
    {19, 24, 21, 1, 24, 114, 113558},
    {14, 28, 16, 1, 27, 98, 113672},
    {40, 24, 42, 1, 24, 240, 113770},
    {23, 23, 27, 2, 22, 133, 114010},
    {32, 15, 32, 0, 22, 120, 114143},
    {35, 14, 35, 0, 22, 123, 114263},
    {25, 24, 28, 1, 24, 150, 114386},
    {23, 25, 27, 2, 24, 144, 114536},
    {31, 25, 33, 1, 24, 194, 114680},
    {34, 25, 35, 0, 24, 213, 114874},
    {31, 25, 33, 1, 24, 194, 115087},
    {33, 25, 34, 0, 24, 207, 115281},
    {33, 25, 34, 0, 24, 207, 115488},
    {31, 25, 31, 0, 24, 194, 115695},
    {17, 12, 19, 1, 15, 51, 115889},
    {11, 18, 19, 4, 18, 50, 115940},
    {17, 12, 19, 1, 15, 51, 115990},
    {11, 18, 19, 4, 18, 50, 116041},
    {17, 25, 19, 1, 24, 107, 116091},
    {23, 25, 25, 1, 22, 144, 116198},
    {21, 24, 22, 0, 24, 126, 116342},
    {26, 29, 28, 1, 24, 189, 116468},
    {19, 29, 21, 1, 24, 138, 116657},
    {15, 4, 19, 2, 12, 15, 116795},
    {17, 25, 20, 1, 24, 107, 116810},
    {7, 6, 10, 2, 14, 11, 116917},
    {18, 25, 19, 1, 25, 113, 116928},
    {20, 10, 22, 1, 13, 50, 117041},
    {16, 31, 14, -1, 24, 124, 117091},
    {16, 12, 19, 2, 16, 48, 117215},
    {15, 18, 19, 2, 19, 68, 117263},
    {15, 18, 19, 2, 18, 68, 117331},
    {15, 18, 19, 2, 18, 68, 117399},
    {21, 27, 22, 1, 27, 142, 117467},
    {22, 27, 23, 1, 27, 149, 117609},
};

static const EpdUnicodeInterval PROGMEM literata_medium_2bIntervals[] = {
    {0x20, 0x7E, 0},
    {0xA0, 0x17E, 95},
    {0x18F, 0x18F, 318},
    {0x192, 0x192, 319},
    {0x1A0, 0x1A1, 320},
    {0x1AF, 0x1B0, 322},
    {0x1C4, 0x1DC, 324},
    {0x1E6, 0x1E7, 349},
    {0x1EA, 0x1EB, 351},
    {0x1FA, 0x21B, 353},
    {0x22A, 0x22D, 387},
    {0x230, 0x233, 391},
    {0x237, 0x237, 395},
    {0x251, 0x251, 396},
    {0x259, 0x259, 397},
    {0x261, 0x261, 398},
    {0x300, 0x304, 399},
    {0x306, 0x30C, 404},
    {0x30F, 0x30F, 411},
    {0x311, 0x312, 412},
    {0x31B, 0x31B, 414},
    {0x323, 0x324, 415},
    {0x326, 0x328, 417},
    {0x32E, 0x32E, 420},
    {0x331, 0x331, 421},
    {0x374, 0x375, 422},
    {0x37A, 0x37A, 424},
    {0x37E, 0x37E, 425},
    {0x384, 0x38A, 426},
    {0x38C, 0x38C, 433},
    {0x38E, 0x3A1, 434},
    {0x3A3, 0x3CE, 454},
    {0x3D7, 0x3E1, 498},
    {0x401, 0x44F, 509},
    {0x451, 0x45F, 588},
    {0x462, 0x463, 603},
    {0x46A, 0x46B, 605},
    {0x490, 0x493, 607},
    {0x496, 0x497, 611},
    {0x49A, 0x49B, 613},
    {0x4A2, 0x4A3, 615},
    {0x4AE, 0x4B1, 617},
    {0x4BA, 0x4BB, 621},
    {0x4D8, 0x4D9, 623},
    {0x4E8, 0x4E9, 625},
    {0x1E08, 0x1E09, 627},
    {0x1E0C, 0x1E0F, 629},
    {0x1E14, 0x1E17, 633},
    {0x1E1C, 0x1E1D, 637},
    {0x1E20, 0x1E21, 639},
    {0x1E24, 0x1E25, 641},
    {0x1E2A, 0x1E2B, 643},
    {0x1E2E, 0x1E2F, 645},
    {0x1E36, 0x1E3B, 647},
    {0x1E42, 0x1E49, 653},
    {0x1E4C, 0x1E53, 661},
    {0x1E5A, 0x1E69, 669},
    {0x1E6C, 0x1E6F, 685},
    {0x1E78, 0x1E7B, 689},
    {0x1E80, 0x1E85, 693},
    {0x1E8E, 0x1E8F, 699},
    {0x1E92, 0x1E93, 701},
    {0x1E97, 0x1E97, 703},
    {0x1E9E, 0x1E9E, 704},
    {0x1EA0, 0x1EF9, 705},
    {0x2007, 0x200B, 795},
    {0x2010, 0x2010, 800},
    {0x2012, 0x2015, 801},
    {0x2018, 0x201A, 805},
    {0x201C, 0x201E, 808},
    {0x2020, 0x2022, 811},
    {0x2026, 0x2026, 814},
    {0x2030, 0x2030, 815},
    {0x2032, 0x2033, 816},
    {0x2039, 0x203A, 818},
    {0x2042, 0x2042, 820},
    {0x2044, 0x2044, 821},
    {0x2070, 0x2070, 822},
    {0x2074, 0x2079, 823},
    {0x207D, 0x2089, 829},
    {0x208D, 0x208E, 842},
    {0x20A1, 0x20A1, 844},
    {0x20A3, 0x20A4, 845},
    {0x20A6, 0x20A7, 847},
    {0x20A9, 0x20A9, 849},
    {0x20AB, 0x20AE, 850},
    {0x20B1, 0x20B2, 854},
    {0x20B4, 0x20B5, 856},
    {0x20B8, 0x20BA, 858},
    {0x20BC, 0x20BD, 861},
    {0x2113, 0x2113, 863},
    {0x2116, 0x2117, 864},
    {0x2120, 0x2120, 866},
    {0x2122, 0x2122, 867},
    {0x2126, 0x2126, 868},
    {0x212E, 0x212E, 869},
    {0x2153, 0x2154, 870},
    {0x215B, 0x215E, 872},
    {0x2190, 0x2193, 876},
    {0x2202, 0x2202, 880},
    {0x2205, 0x2206, 881},
    {0x220F, 0x220F, 883},
    {0x2211, 0x2212, 884},
    {0x2215, 0x2215, 886},
    {0x2219, 0x221A, 887},
    {0x221E, 0x221E, 889},
    {0x222B, 0x222B, 890},
    {0x2248, 0x2248, 891},
    {0x2260, 0x2260, 892},
    {0x2264, 0x2265, 893},
    {0xFB01, 0xFB02, 895},
};

const EpdFontData literata_medium_2b = {
    literata_medium_2bBitmaps,
    literata_medium_2bGlyphs,
    literata_medium_2bIntervals,
    111,
    49,
    40,
    -11,
    true
};
