/**
 * generated from .epdfont via epdfont2h.py
 * name: literata_small_bold_2b
 * mode: 2-bit
 */
#pragma once
#include "EpdFontData.h"

static const uint8_t PROGMEM literata_small_bold_2bBitmaps[72799] = {
    0x1F, 0x83, 0xFE, 0x3F, 0xE3, 0xFE, 0x3F, 0xD2, 0xFC, 0x1F, 0xC0, 0xF8, 0x0F, 0x80, 0xF4, 0x0F,
    0x40, 0xF4, 0x0A, 0x00, 0x00, 0x0A, 0x43, 0xFD, 0x3F, 0xD2, 0xFC, 0x01, 0x00, 0x2D, 0x1E, 0x1F,
    0xCF, 0xD7, 0xE3, 0xF0, 0xF4, 0xBC, 0x3D, 0x1F, 0x0F, 0x03, 0x82, 0x80, 0xD0, 0x00, 0x2F, 0x02,
    0xE0, 0x00, 0x0B, 0xC0, 0xF8, 0x00, 0x03, 0xE0, 0x3D, 0x00, 0x3F, 0xFF, 0xFF, 0xFD, 0x1F, 0xFF,
    0xFF, 0xFF, 0x41, 0x6F, 0x56, 0xF5, 0x40, 0x07, 0xC0, 0xBC, 0x00, 0x02, 0xF0, 0x3E, 0x00, 0x15,
    0xFD, 0x5F, 0x95, 0x0F, 0xFF, 0xFF, 0xFF, 0x83, 0xFF, 0xFF, 0xFF, 0xD0, 0x03, 0xC0, 0x7C, 0x00,
    0x01, 0xF0, 0x2F, 0x00, 0x00, 0xBC, 0x0B, 0x80, 0x00, 0x00, 0x00, 0x00, 0x00, 0x00, 0x07, 0x40,
    0x00, 0x00, 0x1D, 0x00, 0x00, 0x06, 0xFE, 0x1C, 0x00, 0xBF, 0xFF, 0xF4, 0x0B, 0xFB, 0xBF, 0xD0,
    0x3F, 0x5D, 0x2F, 0x42, 0xFC, 0x74, 0x3E, 0x0B, 0xF5, 0xD0, 0x64, 0x2F, 0xFF, 0x40, 0x00, 0x7F,
    0xFF, 0x40, 0x00, 0xBF, 0xFF, 0xE0, 0x00, 0xBF, 0xFF, 0xF0, 0x00, 0x2F, 0xFF, 0xE0, 0x00, 0x1F,
    0xFF, 0xC1, 0x80, 0x75, 0xFF, 0x0F, 0x41, 0xD2, 0xFC, 0x3F, 0x07, 0x4F, 0xF0, 0xFF, 0x5D, 0x7F,
    0x42, 0xFF, 0xFF, 0xF8, 0x0B, 0x5F, 0xFF, 0x40, 0x00, 0x07, 0x80, 0x00, 0x00, 0x1D, 0x00, 0x00,
    0x00, 0x10, 0x00, 0x00, 0x02, 0xFD, 0x00, 0x0F, 0xC0, 0x01, 0xFF, 0xFC, 0x02, 0xF8, 0x00, 0x3F,
    0x0F, 0xD0, 0x3F, 0x00, 0x03, 0xF0, 0xBE, 0x0F, 0xD0, 0x00, 0x7F, 0x0B, 0xE1, 0xFC, 0x00, 0x03,
    0xF0, 0xBD, 0x3F, 0x40, 0x00, 0x2F, 0xEF, 0xCB, 0xE0, 0x00, 0x00, 0x7F, 0xE0, 0xFC, 0x06, 0x40,
    0x00, 0x00, 0x2F, 0x8B, 0xFF, 0x80, 0x00, 0x07, 0xF2, 0xF8, 0xFE, 0x00, 0x00, 0xFD, 0x3F, 0x07,
    0xF0, 0x00, 0x2F, 0x83, 0xF0, 0x7F, 0x00, 0x03, 0xF0, 0x3F, 0x47, 0xF0, 0x00, 0xBE, 0x02, 0xF8,
    0xFD, 0x00, 0x1F, 0xC0, 0x0B, 0xFF, 0x80, 0x01, 0x50, 0x00, 0x05, 0x40, 0x00, 0x6F, 0x90, 0x00,
    0x00, 0x03, 0xFF, 0xF8, 0x00, 0x00, 0x0B, 0xE0, 0x3D, 0x00, 0x00, 0x0F, 0xC0, 0x3E, 0x00, 0x00,
    0x0F, 0xD0, 0x3E, 0x00, 0x00, 0x0F, 0xF0, 0x7C, 0x01, 0x40, 0x0B, 0xF9, 0xF8, 0x0F, 0xF8, 0x03,
    0xFF, 0xD0, 0x3F, 0xFC, 0x01, 0xFF, 0x80, 0x78, 0xFC, 0x0B, 0xFF, 0xE0, 0xF0, 0x74, 0x3F, 0x5F,
    0xF9, 0xE0, 0x00, 0xBF, 0x07, 0xFF, 0xC0, 0x00, 0xFE, 0x01, 0xFF, 0xC0, 0x00, 0xFE, 0x00, 0x7F,
    0xE0, 0x00, 0xFF, 0x00, 0x2F, 0xF8, 0x04, 0xBF, 0xC0, 0x3F, 0xFF, 0xFC, 0x3F, 0xFF, 0xFD, 0xFF,
    0xF8, 0x0B, 0xFF, 0xE0, 0x2F, 0xD0, 0x00, 0x14, 0x00, 0x00, 0x00, 0x2D, 0x7F, 0x7E, 0x3D, 0x3D,
    0x3C, 0x28, 0x00, 0x10, 0x00, 0x7C, 0x00, 0xF8, 0x03, 0xF0, 0x07, 0xE0, 0x0F, 0xD0, 0x2F, 0xC0,
    0x3F, 0xC0, 0x3F, 0x80, 0xBF, 0x40, 0xBF, 0x40, 0xFF, 0x40, 0xFF, 0x00, 0xFF, 0x00, 0xFF, 0x40,
    0xBF, 0x40, 0xBF, 0x40, 0x7F, 0x80, 0x3F, 0xC0, 0x2F, 0xC0, 0x1F, 0xD0, 0x0F, 0xE0, 0x03, 0xF0,
    0x02, 0xF4, 0x00, 0xF8, 0x00, 0x3C, 0x00, 0x00, 0x14, 0x00, 0x3C, 0x00, 0x3F, 0x00, 0x1F, 0x80,
    0x0F, 0xD0, 0x0B, 0xF0, 0x07, 0xF4, 0x03, 0xF8, 0x03, 0xFC, 0x02, 0xFC, 0x02, 0xFD, 0x02, 0xFE,
    0x01, 0xFE, 0x01, 0xFE, 0x01, 0xFE, 0x02, 0xFD, 0x02, 0xFC, 0x03, 0xFC, 0x03, 0xF8, 0x07, 0xF4,
    0x0B, 0xF0, 0x0F, 0xD0, 0x0F, 0xC0, 0x2F, 0x40, 0x3E, 0x00, 0x78, 0x00, 0x00, 0x00, 0x00, 0x78,
    0x00, 0x02, 0xF0, 0x02, 0xD7, 0x8F, 0x0F, 0xEE, 0xFC, 0x0B, 0xFF, 0x90, 0x0B, 0xF9, 0x03, 0xFF,
    0xFF, 0x0F, 0x9D, 0xBC, 0x04, 0xB8, 0x50, 0x02, 0xE0, 0x00, 0x00, 0x00, 0x00, 0x00, 0x3E, 0x00,
    0x00, 0x3E, 0x00, 0x00, 0x3E, 0x00, 0x00, 0x3E, 0x00, 0x3F, 0xFF, 0xFE, 0x3F, 0xFF, 0xFE, 0x2A,
    0xBF, 0xA9, 0x00, 0x3E, 0x00, 0x00, 0x3E, 0x00, 0x00, 0x3E, 0x00, 0x00, 0x3E, 0x00, 0x1F, 0x43,
    0xFD, 0x7F, 0xE3, 0xFD, 0x03, 0xC0, 0xB8, 0x1F, 0x03, 0xC0, 0x00, 0x00, 0x2A, 0xA9, 0x3F, 0xFE,
    0x3F, 0xFE, 0x00, 0x00, 0x1F, 0x83, 0xFD, 0x7F, 0xD3, 0xFC, 0x05, 0x00, 0x00, 0x00, 0x00, 0x00,
    0x00, 0xBD, 0x00, 0x00, 0xFC, 0x00, 0x01, 0xF8, 0x00, 0x02, 0xF0, 0x00, 0x03, 0xF0, 0x00, 0x07,
    0xE0, 0x00, 0x0F, 0xC0, 0x00, 0x0F, 0xC0, 0x00, 0x2F, 0x40, 0x00, 0x3F, 0x00, 0x00, 0x7E, 0x00,
    0x00, 0xBD, 0x00, 0x00, 0xFC, 0x00, 0x01, 0xF8, 0x00, 0x03, 0xF0, 0x00, 0x03, 0xF0, 0x00, 0x0B,
    0xD0, 0x00, 0x0F, 0xC0, 0x00, 0x1F, 0x80, 0x00, 0x2F, 0x40, 0x00, 0x3F, 0x00, 0x00, 0x7E, 0x00,
    0x00, 0xBC, 0x00, 0x00, 0x00, 0x1B, 0xE4, 0x00, 0x07, 0xFF, 0xFC, 0x00, 0x7F, 0x97, 0xFC, 0x03,
    0xFC, 0x07, 0xF4, 0x1F, 0xD0, 0x0F, 0xF0, 0xBF, 0x00, 0x3F, 0xC3, 0xFC, 0x00, 0xBF, 0x4F, 0xF0,
    0x02, 0xFE, 0x3F, 0xC0, 0x0B, 0xF8, 0xFF, 0x00, 0x2F, 0xE3, 0xFC, 0x00, 0xBF, 0x8F, 0xF0, 0x02,
    0xFD, 0x3F, 0xD0, 0x0F, 0xF0, 0xBF, 0x40, 0x3F, 0xC1, 0xFF, 0x00, 0xFE, 0x02, 0xFD, 0x0B, 0xF0,
    0x03, 0xFF, 0xFF, 0x40, 0x02, 0xFF, 0xE0, 0x00, 0x00, 0x14, 0x00, 0x00, 0x01, 0x69, 0x03, 0xFF,
    0xE0, 0x7F, 0xFE, 0x00, 0x3F, 0xE0, 0x02, 0xFE, 0x00, 0x2F, 0xE0, 0x02, 0xFE, 0x00, 0x2F, 0xE0,
    0x02, 0xFE, 0x00, 0x2F, 0xE0, 0x02, 0xFE, 0x00, 0x2F, 0xE0, 0x02, 0xFE, 0x00, 0x2F, 0xE0, 0x02,
    0xFE, 0x00, 0x3F, 0xE0, 0x3F, 0xFF, 0xF7, 0xFF, 0xFF, 0x01, 0xBF, 0x90, 0x03, 0xFF, 0xFF, 0x03,
    0xF5, 0x7F, 0xF1, 0xFC, 0x03, 0xFC, 0x7F, 0x40, 0xFF, 0x4F, 0xC0, 0x3F, 0xD0, 0x00, 0x0F, 0xF0,
    0x00, 0x0B, 0xFC, 0x00, 0x03, 0xFC, 0x00, 0x02, 0xFD, 0x00, 0x02, 0xFE, 0x00, 0x01, 0xFE, 0x00,
    0x01, 0xFE, 0x01, 0x40, 0xFD, 0x02, 0xE0, 0xFD, 0x00, 0xF8, 0xFF, 0xAB, 0xFD, 0x7F, 0xFF, 0xFF,
    0x4F, 0xFF, 0xFF, 0xD0, 0x00, 0xBF, 0xA0, 0x02, 0xFF, 0xFF, 0x42, 0xF9, 0x2F, 0xF0, 0xFE, 0x02,
    0xFD, 0x3F, 0xC0, 0x7F, 0x47, 0xD0, 0x2F, 0xD0, 0x00, 0x0F, 0xF0, 0x00, 0x1F, 0xF0, 0x00, 0x7F,
    0xD0, 0x00, 0x2F, 0xFF, 0x00, 0x01, 0x6F, 0xF0, 0x00, 0x02, 0xFF, 0x00, 0x00, 0x7F, 0xC0, 0x00,
    0x1F, 0xF3, 0xC0, 0x0B, 0xFD, 0xFE, 0xAF, 0xFD, 0x2F, 0xFF, 0xFE, 0x01, 0xFF, 0xFD, 0x00, 0x01,
    0x50, 0x00, 0x00, 0x00, 0x6A, 0x00, 0x00, 0x0B, 0xFC, 0x00, 0x00, 0x3F, 0xF0, 0x00, 0x03, 0xFF,
    0xC0, 0x00, 0x2F, 0xFF, 0x00, 0x01, 0xF3, 0xFC, 0x00, 0x0F, 0x4F, 0xF0, 0x00, 0xB8, 0x3F, 0xC0,
    0x07, 0xC0, 0xFF, 0x00, 0x3D, 0x03, 0xFC, 0x02, 0xE0, 0x0F, 0xF0, 0x1F, 0x95, 0x7F, 0xE5, 0xBF,
    0xFF, 0xFF, 0xF9, 0xFF, 0xFF, 0xFF, 0xE0, 0x00, 0x0F, 0xF0, 0x00, 0x00, 0x3F, 0xD0, 0x00, 0x1F,
    0xFF, 0xF0, 0x00, 0xBF, 0xFF, 0xD0, 0x06, 0xAA, 0xAA, 0x03, 0xFF, 0xFF, 0xC0, 0xFF, 0xFF, 0xE0,
    0x3E, 0x55, 0x50, 0x0F, 0x40, 0x00, 0x03, 0xD0, 0x00, 0x01, 0xF0, 0x10, 0x00, 0x7E, 0xFF, 0xE0,
    0x2F, 0xFF, 0xFE, 0x03, 0xD5, 0xFF, 0xD0, 0x00, 0x0F, 0xF8, 0x00, 0x01, 0xFF, 0x00, 0x00, 0x7F,
    0xC0, 0x00, 0x2F, 0xE3, 0x80, 0x0F, 0xF5, 0xFE, 0xAF, 0xFC, 0x3F, 0xFF, 0xFD, 0x01, 0xFF, 0xFC,
    0x00, 0x01, 0x50, 0x00, 0x00, 0x0B, 0xF9, 0x00, 0x0B, 0xFF, 0xFC, 0x02, 0xFD, 0x0B, 0xE0, 0x7F,
    0x40, 0xFF, 0x0F, 0xF0, 0x0F, 0xD1, 0xFD, 0x00, 0x00, 0x2F, 0xC0, 0x40, 0x03, 0xFC, 0xFF, 0xE0,
    0x3F, 0xFF, 0xFF, 0xC3, 0xFF, 0x03, 0xFD, 0x3F, 0xC0, 0x1F, 0xE3, 0xFC, 0x00, 0xFF, 0x3F, 0xC0,
    0x0F, 0xF3, 0xFC, 0x00, 0xFE, 0x2F, 0xD0, 0x1F, 0xD0, 0xFF, 0x03, 0xFC, 0x07, 0xFF, 0xFF, 0x40,
    0x1F, 0xFF, 0x80, 0x00, 0x05, 0x40, 0x00, 0x2A, 0xAA, 0xAA, 0x83, 0xFF, 0xFF, 0xFD, 0x3F, 0xFF,
    0xFF, 0xD7, 0xF5, 0x55, 0xF8, 0x7C, 0x00, 0x3F, 0x07, 0xC0, 0x0B, 0xD0, 0x00, 0x01, 0xF8, 0x00,
    0x00, 0x3F, 0x00, 0x00, 0x0B, 0xE0, 0x00, 0x00, 0xFD, 0x00, 0x00, 0x2F, 0xC0, 0x00, 0x03, 0xF8,
    0x00, 0x00, 0x7F, 0x80, 0x00, 0x0B, 0xF4, 0x00, 0x00, 0xBF, 0x40, 0x00, 0x0F, 0xF4, 0x00, 0x00,
    0xFF, 0x40, 0x00, 0x0F, 0xF4, 0x00, 0x00, 0x00, 0x00, 0x00, 0x00, 0x6F, 0xE4, 0x00, 0x0F, 0xFF,
    0xFC, 0x00, 0xFF, 0x47, 0xFC, 0x0B, 0xF0, 0x07, 0xF0, 0x2F, 0xC0, 0x1F, 0xD0, 0xBF, 0x80, 0xBF,
    0x01, 0xFF, 0x83, 0xF4, 0x02, 0xFF, 0xFF, 0x40, 0x02, 0xFF, 0xFD, 0x00, 0x0B, 0xFF, 0xFE, 0x00,
    0xFE, 0x2F, 0xFD, 0x0F, 0xF0, 0x0F, 0xFC, 0x7F, 0x40, 0x0F, 0xF1, 0xFD, 0x00, 0x3F, 0xC7, 0xF4,
    0x00, 0xFF, 0x0F, 0xF4, 0x0F, 0xF4, 0x2F, 0xFF, 0xFF, 0x80, 0x1F, 0xFF, 0xE4, 0x00, 0x01, 0x50,
    0x00, 0x00, 0x00, 0x6F, 0xE0, 0x00, 0x7F, 0xFF, 0xD0, 0x1F, 0xF4, 0xBF, 0x03, 0xFC, 0x03, 0xFC,
    0x3F, 0x80, 0x2F, 0xC7, 0xF8, 0x02, 0xFD, 0x7F, 0x80, 0x2F, 0xE7, 0xF8, 0x02, 0xFE, 0x3F, 0xC0,
    0x3F, 0xE2, 0xFF, 0xAF, 0xFE, 0x0F, 0xFF, 0xFF, 0xD0, 0x1B, 0xE2, 0xFD, 0x00, 0x00, 0x3F, 0xC0,
    0x00, 0x03, 0xFC, 0x08, 0x00, 0xBF, 0x83, 0xF9, 0xBF, 0xF0, 0x3F, 0xFF, 0xFD, 0x00, 0x7F, 0xFE,
    0x00, 0x00, 0x15, 0x00, 0x00, 0x00, 0x02, 0xFC, 0x3F, 0xD3, 0xFD, 0x2F, 0xC0, 0x00, 0x00, 0x00,
    0x00, 0x00, 0x00, 0x00, 0x1F, 0x83, 0xFD, 0x7F, 0xD3, 0xFC, 0x05, 0x00, 0x00, 0x02, 0xFC, 0x7F,
    0xD7, 0xFD, 0x2F, 0xC0, 0x00, 0x00, 0x00, 0x00, 0x00, 0x00, 0x00, 0x1F, 0x43, 0xFD, 0x7F, 0xE3,
    0xFD, 0x03, 0xC0, 0xB8, 0x1F, 0x03, 0xC0, 0x00, 0x00, 0x00, 0x00, 0x00, 0x00, 0x00, 0x74, 0x00,
    0x07, 0xFC, 0x00, 0x2F, 0xF0, 0x01, 0xFF, 0x40, 0x0F, 0xF8, 0x00, 0x3F, 0xC0, 0x00, 0x3F, 0xD0,
    0x00, 0x0B, 0xFC, 0x00, 0x00, 0xFF, 0x80, 0x00, 0x1F, 0xF4, 0x00, 0x02, 0xFC, 0x00, 0x00, 0x70,
    0x00, 0x00, 0x00, 0x55, 0x55, 0x53, 0xFF, 0xFF, 0xDF, 0xFF, 0xFF, 0x55, 0x55, 0x54, 0x00, 0x00,
    0x01, 0xAA, 0xAA, 0x8F, 0xFF, 0xFF, 0x7F, 0xFF, 0xFD, 0x00, 0x00, 0x00, 0x00, 0x00, 0x00, 0xF0,
    0x00, 0x07, 0xF8, 0x00, 0x07, 0xFD, 0x00, 0x02, 0xFF, 0x00, 0x00, 0xFF, 0x80, 0x00, 0x7F, 0x80,
    0x02, 0xFE, 0x00, 0x7F, 0xD0, 0x1F, 0xF8, 0x02, 0xFF, 0x00, 0x0F, 0xD0, 0x00, 0x28, 0x00, 0x00,
    0x00, 0x00, 0x00, 0x02, 0xFF, 0x80, 0x2F, 0xFF, 0xF4, 0x7D, 0x07, 0xFC, 0xFD, 0x02, 0xFD, 0xFE,
    0x02, 0xFE, 0x28, 0x03, 0xFD, 0x00, 0x0F, 0xFC, 0x00, 0x3F, 0xF0, 0x00, 0xFF, 0xC0, 0x00, 0xFE,
    0x00, 0x00, 0xFC, 0x00, 0x00, 0xF4, 0x00, 0x00, 0xA4, 0x00, 0x00, 0x00, 0x00, 0x00, 0xA4, 0x00,
    0x03, 0xFD, 0x00, 0x03, 0xFD, 0x00, 0x02, 0xFC, 0x00, 0x00, 0x10, 0x00, 0x00, 0x01, 0xAF, 0xE9,
    0x00, 0x00, 0x01, 0xFF, 0xFF, 0xFE, 0x00, 0x00, 0xBF, 0x40, 0x17, 0xFC, 0x00, 0x3F, 0x40, 0x00,
    0x07, 0xF0, 0x0B, 0xC0, 0x04, 0x00, 0x1F, 0x41, 0xF4, 0x0F, 0xFE, 0xB0, 0xBC, 0x2E, 0x03, 0xF9,
    0xBF, 0x07, 0xC3, 0xD0, 0xFD, 0x03, 0xF0, 0x3C, 0x7C, 0x1F, 0xC0, 0x7F, 0x03, 0xD7, 0xC2, 0xF8,
    0x0F, 0xE0, 0x3D, 0xBC, 0x2F, 0x40, 0xFE, 0x03, 0xCB, 0xC2, 0xF4, 0x2E, 0xE0, 0x7C, 0x7C, 0x2F,
    0x83, 0xBD, 0x0F, 0x47, 0xC1, 0xFD, 0xF3, 0xE7, 0xF0, 0x3E, 0x0B, 0xFD, 0x2F, 0xF8, 0x02, 0xF0,
    0x05, 0x00, 0x54, 0x00, 0x0F, 0xC0, 0x00, 0x04, 0x00, 0x00, 0x7F, 0x90, 0x07, 0xD0, 0x00, 0x01,
    0xFF, 0xFF, 0xF8, 0x00, 0x00, 0x01, 0xBF, 0xF8, 0x00, 0x00, 0x00, 0x01, 0xA9, 0x00, 0x00, 0x00,
    0x0F, 0xFC, 0x00, 0x00, 0x00, 0x3F, 0xF4, 0x00, 0x00, 0x02, 0xFF, 0xE0, 0x00, 0x00, 0x0F, 0x7F,
    0xC0, 0x00, 0x00, 0x7C, 0xBF, 0x40, 0x00, 0x02, 0xE1, 0xFE, 0x00, 0x00, 0x0F, 0x43, 0xFC, 0x00,
    0x00, 0x7C, 0x0B, 0xF4, 0x00, 0x03, 0xE0, 0x1F, 0xF0, 0x00, 0x0F, 0x95, 0x7F, 0xC0, 0x00, 0x7F,
    0xFF, 0xFF, 0x40, 0x03, 0xFA, 0xAB, 0xFF, 0x00, 0x0F, 0x40, 0x03, 0xFC, 0x00, 0xBC, 0x00, 0x0F,
    0xF8, 0x03, 0xF0, 0x00, 0x2F, 0xF0, 0xFF, 0xF8, 0x07, 0xFF, 0xFB, 0xFF, 0xE0, 0x1F, 0xFF, 0xE0,
    0x6A, 0xAA, 0x94, 0x00, 0xFF, 0xFF, 0xFF, 0x80, 0x2F, 0xFA, 0xBF, 0xF0, 0x0F, 0xF4, 0x0F, 0xF4,
    0x0F, 0xF4, 0x0F, 0xF4, 0x0F, 0xF4, 0x0F, 0xF4, 0x0F, 0xF4, 0x0F, 0xF0, 0x0F, 0xF4, 0x3F, 0xC0,
    0x0F, 0xFF, 0xFE, 0x00, 0x0F, 0xFF, 0xFF, 0xD0, 0x0F, 0xF4, 0x0F, 0xF8, 0x0F, 0xF4, 0x03, 0xFC,
    0x0F, 0xF4, 0x03, 0xFD, 0x0F, 0xF4, 0x03, 0xFD, 0x0F, 0xF4, 0x07, 0xFC, 0x0F, 0xF4, 0x1F, 0xF8,
    0xBF, 0xFF, 0xFF, 0xE0, 0xFF, 0xFF, 0xFE, 0x40, 0x00, 0x1B, 0xF8, 0x74, 0x01, 0xFF, 0xFF, 0xF8,
    0x07, 0xFE, 0xAF, 0xFC, 0x1F, 0xF0, 0x01, 0xFC, 0x3F, 0xD0, 0x00, 0xBC, 0x7F, 0xC0, 0x00, 0x3D,
    0xBF, 0x80, 0x00, 0x14, 0xFF, 0x40, 0x00, 0x00, 0xFF, 0x40, 0x00, 0x00, 0xFF, 0x40, 0x00, 0x00,
    0xFF, 0x80, 0x00, 0x00, 0xFF, 0x80, 0x00, 0x00, 0xBF, 0xC0, 0x00, 0x00, 0x3F, 0xE0, 0x00, 0x04,
    0x2F, 0xF4, 0x00, 0x3D, 0x0F, 0xFF, 0x9B, 0xFC, 0x03, 0xFF, 0xFF, 0xF0, 0x00, 0x7F, 0xFF, 0x40,
    0x00, 0x01, 0x50, 0x00, 0x6A, 0xAA, 0x94, 0x00, 0x0F, 0xFF, 0xFF, 0xFD, 0x00, 0x2F, 0xFF, 0xFF,
    0xFC, 0x00, 0xFF, 0x40, 0x7F, 0xF0, 0x0F, 0xF4, 0x00, 0xFF, 0x40, 0xFF, 0x40, 0x0B, 0xFC, 0x0F,
    0xF4, 0x00, 0x7F, 0xC0, 0xFF, 0x40, 0x03, 0xFD, 0x0F, 0xF4, 0x00, 0x3F, 0xD0, 0xFF, 0x40, 0x03,
    0xFD, 0x0F, 0xF4, 0x00, 0x3F, 0xD0, 0xFF, 0x40, 0x03, 0xFC, 0x0F, 0xF4, 0x00, 0x7F, 0xC0, 0xFF,
    0x40, 0x0F, 0xF4, 0x0F, 0xF4, 0x02, 0xFE, 0x00, 0xFF, 0x95, 0xFF, 0xC0, 0xBF, 0xFF, 0xFF, 0xE0,
    0x0F, 0xFF, 0xFF, 0x90, 0x00, 0x6A, 0xAA, 0xAA, 0x83, 0xFF, 0xFF, 0xFF, 0x82, 0xFF, 0xAA, 0xFF,
    0x03, 0xFD, 0x00, 0xFC, 0x0F, 0xF4, 0x01, 0xF0, 0x3F, 0xD0, 0x01, 0x00, 0xFF, 0x42, 0xC0, 0x03,
    0xFD, 0x0F, 0x00, 0x0F, 0xFF, 0xFC, 0x00, 0x3F, 0xFF, 0xF0, 0x00, 0xFF, 0x47, 0xC0, 0x03, 0xFD,
    0x0B, 0x00, 0x0F, 0xF4, 0x00, 0x10, 0x3F, 0xD0, 0x03, 0xE0, 0xFF, 0x40, 0x0F, 0x43, 0xFD, 0x01,
    0xFD, 0xBF, 0xFF, 0xFF, 0xF3, 0xFF, 0xFF, 0xFF, 0xC0, 0x6A, 0xAA, 0xAA, 0x83, 0xFF, 0xFF, 0xFF,
    0x82, 0xFF, 0xAA, 0xFE, 0x03, 0xFD, 0x00, 0xFC, 0x0F, 0xF4, 0x01, 0xF0, 0x3F, 0xD0, 0x02, 0x80,
    0xFF, 0x40, 0x40, 0x03, 0xFD, 0x0B, 0x00, 0x0F, 0xF9, 0xBC, 0x00, 0x3F, 0xFF, 0xF0, 0x00, 0xFF,
    0xEF, 0xC0, 0x03, 0xFD, 0x0F, 0x00, 0x0F, 0xF4, 0x2C, 0x00, 0x3F, 0xD0, 0x00, 0x00, 0xFF, 0x40,
    0x00, 0x03, 0xFD, 0x00, 0x00, 0xBF, 0xFF, 0xC0, 0x03, 0xFF, 0xFF, 0x00, 0x00, 0x00, 0x1B, 0xF9,
    0x38, 0x00, 0x1F, 0xFF, 0xFF, 0xC0, 0x07, 0xFF, 0xAF, 0xFC, 0x00, 0xFF, 0x40, 0x0F, 0xD0, 0x3F,
    0xD0, 0x00, 0x7D, 0x07, 0xFC, 0x00, 0x02, 0xE0, 0xBF, 0x80, 0x00, 0x04, 0x0F, 0xF8, 0x00, 0x00,
    0x00, 0xFF, 0x40, 0x00, 0x00, 0x0F, 0xF4, 0x00, 0xFF, 0xFD, 0xFF, 0x80, 0x0F, 0xFF, 0xEF, 0xF8,
    0x00, 0x1F, 0xF4, 0xBF, 0xC0, 0x00, 0xFF, 0x03, 0xFD, 0x00, 0x0F, 0xF0, 0x3F, 0xF4, 0x00, 0xFF,
    0x00, 0xFF, 0xE5, 0xBF, 0xF0, 0x03, 0xFF, 0xFF, 0xFF, 0x00, 0x0B, 0xFF, 0xE2, 0xF0, 0x00, 0x01,
    0x40, 0x00, 0x00, 0x6A, 0xAA, 0x02, 0xAA, 0xA7, 0xFF, 0xFC, 0x0F, 0xFF, 0xF2, 0xFF, 0x90, 0x1B,
    0xFE, 0x43, 0xFD, 0x00, 0x0F, 0xF0, 0x0F, 0xF4, 0x00, 0x3F, 0xC0, 0x3F, 0xD0, 0x00, 0xFF, 0x00,
    0xFF, 0x40, 0x03, 0xFC, 0x03, 0xFD, 0x00, 0x1F, 0xF0, 0x0F, 0xFF, 0xFF, 0xFF, 0xC0, 0x3F, 0xFF,
    0xFF, 0xFF, 0x00, 0xFF, 0x55, 0x57, 0xFC, 0x03, 0xFD, 0x00, 0x0F, 0xF0, 0x0F, 0xF4, 0x00, 0x3F,
    0xC0, 0x3F, 0xD0, 0x00, 0xFF, 0x00, 0xFF, 0x40, 0x03, 0xFC, 0x03, 0xFD, 0x00, 0x1F, 0xF0, 0xBF,
    0xFF, 0x03, 0xFF, 0xFB, 0xFF, 0xFC, 0x0F, 0xFF, 0xF0, 0x6A, 0xAA, 0x3F, 0xFF, 0xC2, 0xFF, 0xD0,
    0x3F, 0xD0, 0x0F, 0xF4, 0x03, 0xFD, 0x00, 0xFF, 0x40, 0x3F, 0xD0, 0x0F, 0xF4, 0x03, 0xFD, 0x00,
    0xFF, 0x40, 0x3F, 0xD0, 0x0F, 0xF4, 0x03, 0xFD, 0x00, 0xFF, 0x40, 0x3F, 0xD0, 0xBF, 0xFF, 0x3F,
    0xFF, 0xC0, 0x00, 0x1A, 0xAA, 0x90, 0x02, 0xFF, 0xFF, 0x00, 0x17, 0xFF, 0x90, 0x00, 0x1F, 0xF0,
    0x00, 0x01, 0xFF, 0x00, 0x00, 0x1F, 0xF0, 0x00, 0x01, 0xFF, 0x00, 0x00, 0x1F, 0xF0, 0x00, 0x01,
    0xFF, 0x00, 0x00, 0x1F, 0xF0, 0x00, 0x01, 0xFF, 0x00, 0x00, 0x1F, 0xF0, 0x1F, 0x41, 0xFF, 0x03,
    0xF8, 0x1F, 0xF0, 0x7F, 0x41, 0xFE, 0x07, 0xF0, 0x3F, 0xC0, 0x3F, 0xFF, 0xF4, 0x00, 0xBF, 0xFD,
    0x00, 0x00, 0x14, 0x00, 0x00, 0x6A, 0xAA, 0x02, 0xAA, 0x83, 0xFF, 0xFC, 0x2F, 0xFF, 0x01, 0xFF,
    0xD0, 0x1F, 0xE4, 0x03, 0xFD, 0x00, 0x7E, 0x00, 0x0F, 0xF4, 0x07, 0xE0, 0x00, 0x3F, 0xD0, 0x7E,
    0x00, 0x00, 0xFF, 0x47, 0xE0, 0x00, 0x03, 0xFD, 0x7E, 0x00, 0x00, 0x0F, 0xFB, 0xFC, 0x00, 0x00,
    0x3F, 0xFF, 0xF8, 0x00, 0x00, 0xFF, 0xFF, 0xF4, 0x00, 0x03, 0xFE, 0x3F, 0xF0, 0x00, 0x0F, 0xF4,
    0x3F, 0xE0, 0x00, 0x3F, 0xD0, 0xBF, 0xC0, 0x00, 0xFF, 0x40, 0xFF, 0xC0, 0x03, 0xFD, 0x01, 0xFF,
    0x80, 0xBF, 0xFF, 0x02, 0xFF, 0xF7, 0xFF, 0xFC, 0x02, 0xFF, 0xC0, 0x00, 0x00, 0x00, 0x50, 0x00,
    0x6A, 0xAA, 0x00, 0x03, 0xFF, 0xFD, 0x00, 0x02, 0xFF, 0x90, 0x00, 0x03, 0xFD, 0x00, 0x00, 0x0F,
    0xF4, 0x00, 0x00, 0x3F, 0xD0, 0x00, 0x00, 0xFF, 0x40, 0x00, 0x03, 0xFD, 0x00, 0x00, 0x0F, 0xF4,
    0x00, 0x00, 0x3F, 0xD0, 0x00, 0x00, 0xFF, 0x40, 0x00, 0x03, 0xFD, 0x00, 0x00, 0x0F, 0xF4, 0x00,
    0xF0, 0x3F, 0xD0, 0x0B, 0xC0, 0xFF, 0x40, 0x3F, 0x03, 0xFD, 0x07, 0xFC, 0xBF, 0xFF, 0xFF, 0xE3,
    0xFF, 0xFF, 0xFF, 0x80, 0x2A, 0xA9, 0x00, 0x01, 0xAA, 0x91, 0xFF, 0xFC, 0x00, 0x0F, 0xFF, 0xC1,
    0xFF, 0xF0, 0x00, 0x7F, 0xF9, 0x01, 0xFF, 0xE0, 0x02, 0xFF, 0xC0, 0x07, 0xFF, 0xC0, 0x0F, 0xFF,
    0x00, 0x2F, 0xBF, 0x40, 0xBB, 0xFC, 0x00, 0xBC, 0xFF, 0x03, 0xDF, 0xF0, 0x02, 0xF3, 0xFC, 0x1F,
    0x3F, 0xD0, 0x0B, 0xC7, 0xF8, 0xB8, 0xBF, 0x40, 0x3F, 0x0F, 0xF3, 0xC2, 0xFD, 0x00, 0xF8, 0x2F,
    0xFE, 0x0B, 0xF4, 0x03, 0xE0, 0x3F, 0xF4, 0x2F, 0xE0, 0x0F, 0x80, 0xFF, 0xC0, 0x7F, 0x80, 0x3E,
    0x01, 0xFD, 0x01, 0xFE, 0x00, 0xF4, 0x03, 0xF0, 0x07, 0xFC, 0x03, 0xE0, 0x00, 0x00, 0x1F, 0xF0,
    0xFF, 0xF4, 0x00, 0x03, 0xFF, 0xFB, 0xFF, 0xD0, 0x00, 0x1F, 0xFF, 0xE0, 0x6A, 0xA4, 0x00, 0x6A,
    0xA7, 0xFF, 0xF0, 0x02, 0xFF, 0xF2, 0xFF, 0xF0, 0x02, 0xFE, 0x03, 0xFF, 0xD0, 0x03, 0xF0, 0x0F,
    0xFF, 0xC0, 0x0F, 0xC0, 0x3F, 0xFF, 0x80, 0x3F, 0x00, 0xFD, 0xFF, 0x00, 0xFC, 0x03, 0xF3, 0xFF,
    0x03, 0xF0, 0x0F, 0xC7, 0xFD, 0x0F, 0xC0, 0x3F, 0x0B, 0xFC, 0x3F, 0x00, 0xFC, 0x0F, 0xF8, 0xFC,
    0x03, 0xF0, 0x1F, 0xF3, 0xF0, 0x0F, 0xC0, 0x3F, 0xFF, 0xC0, 0x3F, 0x00, 0x3F, 0xFF, 0x00, 0xFC,
    0x00, 0xBF, 0xFC, 0x03, 0xF0, 0x00, 0xFF, 0xF0, 0xBF, 0xF8, 0x01, 0xFF, 0xC3, 0xFF, 0xE0, 0x02,
    0xFF, 0x00, 0x00, 0x1B, 0xFE, 0x40, 0x00, 0x1F, 0xFF, 0xFF, 0x00, 0x07, 0xFE, 0xAF, 0xFC, 0x00,
    0xFF, 0x00, 0x3F, 0xF0, 0x3F, 0xD0, 0x00, 0xFF, 0x47, 0xFC, 0x00, 0x0B, 0xFC, 0xBF, 0x80, 0x00,
    0x7F, 0xCF, 0xF8, 0x00, 0x03, 0xFD, 0xFF, 0x40, 0x00, 0x3F, 0xDF, 0xF4, 0x00, 0x03, 0xFD, 0xFF,
    0x80, 0x00, 0x3F, 0xCF, 0xF8, 0x00, 0x03, 0xFC, 0xBF, 0xC0, 0x00, 0x7F, 0xC3, 0xFD, 0x00, 0x0B,
    0xF4, 0x2F, 0xF0, 0x00, 0xFF, 0x00, 0xFF, 0xD0, 0x7F, 0xC0, 0x03, 0xFF, 0xFF, 0xF0, 0x00, 0x0B,
    0xFF, 0xF8, 0x00, 0x00, 0x01, 0x50, 0x00, 0x00, 0x6A, 0xAA, 0x94, 0x03, 0xFF, 0xFF, 0xFE, 0x02,
    0xFF, 0xAB, 0xFF, 0x03, 0xFD, 0x03, 0xFD, 0x0F, 0xF4, 0x0B, 0xF8, 0x3F, 0xD0, 0x2F, 0xF0, 0xFF,
    0x40, 0xBF, 0x83, 0xFD, 0x03, 0xFE, 0x0F, 0xF4, 0x1F, 0xF0, 0x3F, 0xFF, 0xFF, 0x40, 0xFF, 0xFF,
    0xF0, 0x03, 0xFE, 0x54, 0x00, 0x0F, 0xF4, 0x00, 0x00, 0x3F, 0xD0, 0x00, 0x00, 0xFF, 0x40, 0x00,
    0x03, 0xFD, 0x00, 0x00, 0xBF, 0xFF, 0xC0, 0x03, 0xFF, 0xFF, 0x00, 0x00, 0x00, 0x1B, 0xFE, 0x40,
    0x00, 0x00, 0x0F, 0xFF, 0xFF, 0x00, 0x00, 0x07, 0xFE, 0xAF, 0xFD, 0x00, 0x00, 0xFF, 0x00, 0x2F,
    0xF0, 0x00, 0x3F, 0xD0, 0x00, 0xFF, 0x80, 0x07, 0xFC, 0x00, 0x07, 0xFC, 0x00, 0xBF, 0x80, 0x00,
    0x3F, 0xD0, 0x0F, 0xF4, 0x00, 0x03, 0xFE, 0x00, 0xFF, 0x40, 0x00, 0x2F, 0xE0, 0x0F, 0xF4, 0x00,
    0x02, 0xFE, 0x00, 0xFF, 0x80, 0x00, 0x3F, 0xD0, 0x0F, 0xFA, 0xFE, 0x03, 0xFD, 0x00, 0xBF, 0xFF,
    0xFC, 0x3F, 0xC0, 0x03, 0xFE, 0x0B, 0xEB, 0xF8, 0x00, 0x2F, 0xF0, 0x3F, 0xFF, 0x00, 0x00, 0xFF,
    0xD1, 0xFF, 0xD0, 0x00, 0x03, 0xFF, 0xFF, 0xF4, 0x00, 0x00, 0x07, 0xFF, 0xFF, 0x40, 0x00, 0x00,
    0x01, 0x53, 0xFC, 0x00, 0x00, 0x00, 0x00, 0x0F, 0xF4, 0x1C, 0x00, 0x00, 0x00, 0x7F, 0xFF, 0xC0,
    0x00, 0x00, 0x02, 0xFF, 0xF0, 0x00, 0x00, 0x00, 0x06, 0xE4, 0x00, 0x6A, 0xAA, 0x94, 0x00, 0x0F,
    0xFF, 0xFF, 0xF8, 0x00, 0x2F, 0xFA, 0xBF, 0xF0, 0x00, 0xFF, 0x40, 0xFF, 0x80, 0x0F, 0xF4, 0x0B,
    0xFC, 0x00, 0xFF, 0x40, 0xBF, 0xC0, 0x0F, 0xF4, 0x0F, 0xF4, 0x00, 0xFF, 0x41, 0xFE, 0x00, 0x0F,
    0xFA, 0xFF, 0x40, 0x00, 0xFF, 0xFF, 0x80, 0x00, 0x0F, 0xF5, 0xFF, 0x40, 0x00, 0xFF, 0x47, 0xFC,
    0x00, 0x0F, 0xF4, 0x3F, 0xD0, 0x00, 0xFF, 0x42, 0xFF, 0x00, 0x0F, 0xF4, 0x1F, 0xF4, 0x00, 0xFF,
    0x40, 0xFF, 0xC0, 0xBF, 0xFF, 0x47, 0xFF, 0xCF, 0xFF, 0xF4, 0x2F, 0xFC, 0x00, 0x00, 0x00, 0x14,
    0x00, 0x01, 0xBF, 0x87, 0x00, 0xBF, 0xFF, 0xF4, 0x2F, 0xE5, 0xFF, 0x43, 0xF8, 0x02, 0xF8, 0x7F,
    0x40, 0x0F, 0x8B, 0xF8, 0x00, 0x64, 0x7F, 0xE4, 0x00, 0x03, 0xFF, 0xF8, 0x00, 0x2F, 0xFF, 0xF8,
    0x00, 0xBF, 0xFF, 0xF0, 0x00, 0xBF, 0xFF, 0xC0, 0x00, 0x6F, 0xFC, 0x60, 0x00, 0x7F, 0xDF, 0x80,
    0x03, 0xFC, 0xFD, 0x00, 0x3F, 0xCB, 0xF4, 0x0B, 0xF8, 0xBF, 0xFF, 0xFF, 0x0B, 0x5F, 0xFF, 0x80,
    0x00, 0x05, 0x00, 0x00, 0x1A, 0xAA, 0xAA, 0xAA, 0x80, 0xBF, 0xFF, 0xFF, 0xFF, 0x43, 0xFE, 0xBF,
    0xEA, 0xFE, 0x0F, 0xC0, 0xFF, 0x41, 0xF8, 0x3D, 0x03, 0xFD, 0x03, 0xF1, 0xF0, 0x0F, 0xF4, 0x07,
    0xC0, 0x00, 0x3F, 0xD0, 0x00, 0x00, 0x00, 0xFF, 0x40, 0x00, 0x00, 0x03, 0xFD, 0x00, 0x00, 0x00,
    0x0F, 0xF4, 0x00, 0x00, 0x00, 0x3F, 0xD0, 0x00, 0x00, 0x00, 0xFF, 0x40, 0x00, 0x00, 0x03, 0xFD,
    0x00, 0x00, 0x00, 0x0F, 0xF4, 0x00, 0x00, 0x00, 0x3F, 0xD0, 0x00, 0x00, 0x00, 0xFF, 0x80, 0x00,
    0x00, 0x7F, 0xFF, 0xF0, 0x00, 0x01, 0xFF, 0xFF, 0xC0, 0x00, 0x2A, 0xAA, 0x40, 0x2A, 0xA4, 0xFF,
    0xFF, 0x01, 0xFF, 0xF1, 0xBF, 0xE4, 0x01, 0xFE, 0x00, 0xFF, 0x00, 0x02, 0xF0, 0x03, 0xFC, 0x00,
    0x0B, 0xC0, 0x0F, 0xF0, 0x00, 0x2F, 0x00, 0x3F, 0xC0, 0x00, 0xBC, 0x00, 0xFF, 0x00, 0x02, 0xF0,
    0x03, 0xFC, 0x00, 0x0B, 0xC0, 0x0F, 0xF0, 0x00, 0x2F, 0x00, 0x3F, 0xC0, 0x00, 0xBC, 0x00, 0xFF,
    0x00, 0x02, 0xF0, 0x03, 0xFC, 0x00, 0x0B, 0xC0, 0x0F, 0xF0, 0x00, 0x3E, 0x00, 0x3F, 0xE0, 0x01,
    0xF4, 0x00, 0x7F, 0xF5, 0x6F, 0xC0, 0x00, 0xBF, 0xFF, 0xFC, 0x00, 0x00, 0x7F, 0xFF, 0x80, 0x00,
    0x00, 0x05, 0x40, 0x00, 0x00, 0x6A, 0xAA, 0x40, 0x6A, 0xA6, 0xFF, 0xFE, 0x03, 0xFF, 0xE6, 0xFF,
    0xD0, 0x06, 0xFE, 0x02, 0xFE, 0x00, 0x03, 0xE0, 0x07, 0xFC, 0x00, 0x1F, 0x00, 0x0F, 0xF4, 0x00,
    0xBC, 0x00, 0x2F, 0xE0, 0x03, 0xE0, 0x00, 0x7F, 0xC0, 0x1F, 0x00, 0x00, 0xFF, 0x40, 0xBC, 0x00,
    0x02, 0xFE, 0x03, 0xD0, 0x00, 0x07, 0xFC, 0x1F, 0x00, 0x00, 0x0F, 0xF4, 0xBC, 0x00, 0x00, 0x2F,
    0xE3, 0xD0, 0x00, 0x00, 0x3F, 0xDF, 0x00, 0x00, 0x00, 0xFF, 0xF8, 0x00, 0x00, 0x02, 0xFF, 0xD0,
    0x00, 0x00, 0x03, 0xFF, 0x00, 0x00, 0x00, 0x0F, 0xF8, 0x00, 0x00, 0x6A, 0xAA, 0x40, 0x6A, 0x40,
    0x2A, 0xA8, 0xBF, 0xFF, 0x80, 0xFF, 0xC0, 0x3F, 0xFD, 0x6F, 0xFD, 0x00, 0xFF, 0xC0, 0x1B, 0xF4,
    0x0B, 0xF8, 0x01, 0xFF, 0xD0, 0x07, 0xC0, 0x07, 0xFC, 0x02, 0xFF, 0xE0, 0x0B, 0xC0, 0x03, 0xFC,
    0x03, 0xFF, 0xF0, 0x0B, 0x80, 0x03, 0xFD, 0x03, 0xDF, 0xF0, 0x0F, 0x40, 0x02, 0xFE, 0x07, 0xCB,
    0xF8, 0x0F, 0x00, 0x01, 0xFF, 0x0B, 0xC7, 0xFC, 0x1F, 0x00, 0x00, 0xFF, 0x0F, 0x83, 0xFC, 0x2E,
    0x00, 0x00, 0xFF, 0x0F, 0x43, 0xFD, 0x3D, 0x00, 0x00, 0xBF, 0x5F, 0x02, 0xFE, 0x3D, 0x00, 0x00,
    0x7F, 0xAF, 0x01, 0xFF, 0x3C, 0x00, 0x00, 0x3F, 0xFE, 0x00, 0xFF, 0xBC, 0x00, 0x00, 0x3F, 0xFD,
    0x00, 0xFF, 0xF8, 0x00, 0x00, 0x3F, 0xFC, 0x00, 0xBF, 0xF4, 0x00, 0x00, 0x2F, 0xFC, 0x00, 0x7F,
    0xF0, 0x00, 0x00, 0x1F, 0xF8, 0x00, 0x3F, 0xF0, 0x00, 0x2A, 0xAA, 0x40, 0xAA, 0xA2, 0xFF, 0xFE,
    0x07, 0xFF, 0xC6, 0xFF, 0xE0, 0x0B, 0xF9, 0x00, 0xFF, 0x80, 0x1F, 0x40, 0x01, 0xFF, 0x40, 0xF8,
    0x00, 0x02, 0xFF, 0x0F, 0xC0, 0x00, 0x03, 0xFE, 0xBC, 0x00, 0x00, 0x03, 0xFF, 0xD0, 0x00, 0x00,
    0x07, 0xFE, 0x00, 0x00, 0x00, 0x0B, 0xFC, 0x00, 0x00, 0x00, 0x3F, 0xFC, 0x00, 0x00, 0x03, 0xFF,
    0xF8, 0x00, 0x00, 0x3F, 0x1F, 0xF4, 0x00, 0x02, 0xF0, 0x2F, 0xF0, 0x00, 0x2F, 0x40, 0x3F, 0xF0,
    0x02, 0xFC, 0x00, 0x3F, 0xE0, 0xBF, 0xFD, 0x0B, 0xFF, 0xFA, 0xFF, 0xF4, 0x2F, 0xFF, 0xE0, 0x6A,
    0xAA, 0x41, 0xAA, 0xA3, 0xFF, 0xFE, 0x0B, 0xFF, 0xD6, 0xFF, 0xD0, 0x07, 0xFD, 0x01, 0xFF, 0x00,
    0x0F, 0xC0, 0x03, 0xFE, 0x00, 0x7D, 0x00, 0x03, 0xFC, 0x03, 0xF0, 0x00, 0x0B, 0xF8, 0x1F, 0x00,
    0x00, 0x0F, 0xF4, 0xF8, 0x00, 0x00, 0x1F, 0xFB, 0xC0, 0x00, 0x00, 0x3F, 0xFD, 0x00, 0x00, 0x00,
    0x3F, 0xF0, 0x00, 0x00, 0x00, 0xFF, 0x40, 0x00, 0x00, 0x03, 0xFD, 0x00, 0x00, 0x00, 0x0F, 0xF4,
    0x00, 0x00, 0x00, 0x3F, 0xD0, 0x00, 0x00, 0x00, 0xFF, 0x40, 0x00, 0x00, 0x3F, 0xFF, 0xE0, 0x00,
    0x00, 0xFF, 0xFF, 0x80, 0x00, 0x2A, 0xAA, 0xAA, 0xA4, 0x7F, 0xFF, 0xFF, 0xFC, 0x7F, 0xEA, 0xAF,
    0xF8, 0xBF, 0x00, 0x2F, 0xF0, 0xBD, 0x00, 0x7F, 0xD0, 0xBC, 0x00, 0xFF, 0x80, 0x50, 0x03, 0xFF,
    0x00, 0x00, 0x0B, 0xFC, 0x00, 0x00, 0x1F, 0xF4, 0x00, 0x00, 0x3F, 0xE0, 0x00, 0x00, 0xFF, 0xC0,
    0x00, 0x02, 0xFF, 0x00, 0x00, 0x07, 0xFD, 0x00, 0x7C, 0x0F, 0xFC, 0x00, 0xFC, 0x2F, 0xF0, 0x01,
    0xFC, 0x7F, 0xD0, 0x07, 0xF8, 0xFF, 0xFF, 0xFF, 0xF8, 0xFF, 0xFF, 0xFF, 0xF8, 0x15, 0x53, 0xFF,
    0xCF, 0xFA, 0x3F, 0xC0, 0xFF, 0x03, 0xFC, 0x0F, 0xF0, 0x3F, 0xC0, 0xFF, 0x03, 0xFC, 0x0F, 0xF0,
    0x3F, 0xC0, 0xFF, 0x03, 0xFC, 0x0F, 0xF0, 0x3F, 0xC0, 0xFF, 0x03, 0xFC, 0x0F, 0xF0, 0x3F, 0xC0,
    0xFF, 0x03, 0xFC, 0x0F, 0xF0, 0x3F, 0xC0, 0xFF, 0xA3, 0xFF, 0xC1, 0x55, 0x00, 0x00, 0x00, 0x00,
    0xBD, 0x00, 0x00, 0x7E, 0x00, 0x00, 0x3F, 0x00, 0x00, 0x2F, 0x40, 0x00, 0x0F, 0xC0, 0x00, 0x0F,
    0xC0, 0x00, 0x07, 0xE0, 0x00, 0x03, 0xF0, 0x00, 0x02, 0xF4, 0x00, 0x01, 0xF8, 0x00, 0x00, 0xFC,
    0x00, 0x00, 0xBD, 0x00, 0x00, 0x3E, 0x00, 0x00, 0x3F, 0x00, 0x00, 0x1F, 0x40, 0x00, 0x0F, 0xC0,
    0x00, 0x0B, 0xC0, 0x00, 0x07, 0xE0, 0x00, 0x03, 0xF0, 0x00, 0x02, 0xF4, 0x00, 0x00, 0xF8, 0x00,
    0x00, 0xFC, 0x00, 0x00, 0x7D, 0x15, 0x51, 0xFF, 0xE2, 0xBF, 0x80, 0xFE, 0x03, 0xF8, 0x0F, 0xE0,
    0x3F, 0x80, 0xFE, 0x03, 0xF8, 0x0F, 0xE0, 0x3F, 0x80, 0xFE, 0x03, 0xF8, 0x0F, 0xE0, 0x3F, 0x80,
    0xFE, 0x03, 0xF8, 0x0F, 0xE0, 0x3F, 0x80, 0xFE, 0x03, 0xF8, 0x0F, 0xE0, 0x3F, 0x80, 0xFE, 0x2B,
    0xF9, 0xFF, 0xE1, 0x55, 0x00, 0x00, 0x0F, 0x40, 0x00, 0x02, 0xFC, 0x00, 0x00, 0x7F, 0xF0, 0x00,
    0x0F, 0xFF, 0x80, 0x02, 0xF9, 0xFC, 0x00, 0x7F, 0x0B, 0xF0, 0x0F, 0xD0, 0x3F, 0x82, 0xF8, 0x00,
    0xFD, 0x2F, 0x00, 0x07, 0xD0, 0x50, 0x00, 0x20, 0x55, 0x55, 0x54, 0xFF, 0xFF, 0xFF, 0xFF, 0xFF,
    0xFE, 0x00, 0x00, 0xB4, 0x03, 0xF0, 0x0F, 0xF0, 0x0B, 0xE0, 0x07, 0xC0, 0x01, 0x00, 0x00, 0x00,
    0x00, 0x00, 0x0B, 0xFF, 0x80, 0x00, 0xFE, 0xBF, 0xD0, 0x0B, 0xD0, 0x3F, 0xC0, 0x3F, 0x80, 0xFF,
    0x00, 0x7D, 0x03, 0xFC, 0x00, 0x00, 0x0F, 0xF0, 0x00, 0x6F, 0xFF, 0xC0, 0x0F, 0xFA, 0xFF, 0x00,
    0xFF, 0x03, 0xFC, 0x03, 0xFC, 0x0F, 0xF0, 0x0F, 0xF0, 0x7F, 0xD0, 0x2F, 0xFF, 0xBF, 0xF4, 0x3F,
    0xF4, 0xBF, 0xC0, 0x05, 0x00, 0x10, 0x00, 0x00, 0x00, 0x00, 0x00, 0xBF, 0xF0, 0x00, 0x00, 0xBF,
    0xF0, 0x00, 0x00, 0x0F, 0xF0, 0x00, 0x00, 0x0F, 0xF0, 0x00, 0x00, 0x0F, 0xF0, 0x00, 0x00, 0x0F,
    0xF0, 0x00, 0x00, 0x0F, 0xF1, 0xFF, 0x80, 0x0F, 0xFB, 0xFF, 0xF0, 0x0F, 0xFE, 0x5F, 0xF8, 0x0F,
    0xF8, 0x07, 0xFC, 0x0F, 0xF0, 0x03, 0xFC, 0x0F, 0xF0, 0x03, 0xFD, 0x0F, 0xF0, 0x03, 0xFD, 0x0F,
    0xF0, 0x03, 0xFC, 0x0F, 0xF0, 0x03, 0xFC, 0x0F, 0xF0, 0x07, 0xFC, 0x0F, 0xF8, 0x0F, 0xF4, 0x0F,
    0xFF, 0xFF, 0xE0, 0x0F, 0xDF, 0xFF, 0x40, 0x00, 0x00, 0x50, 0x00, 0x00, 0x00, 0x00, 0x00, 0x07,
    0xFF, 0x80, 0x03, 0xFF, 0xFF, 0x00, 0xFF, 0x02, 0xF8, 0x1F, 0xD0, 0x3F, 0xC3, 0xFC, 0x03, 0xF4,
    0x3F, 0xC0, 0x04, 0x03, 0xFC, 0x00, 0x00, 0x3F, 0xC0, 0x00, 0x03, 0xFD, 0x00, 0x00, 0x2F, 0xF0,
    0x01, 0x00, 0xFF, 0xEA, 0xFC, 0x07, 0xFF, 0xFF, 0x40, 0x1F, 0xFF, 0x80, 0x00, 0x05, 0x40, 0x00,
    0x00, 0x00, 0x00, 0x00, 0x00, 0x00, 0xFF, 0xF0, 0x00, 0x00, 0xFF, 0xF0, 0x00, 0x00, 0x0F, 0xF0,
    0x00, 0x00, 0x0F, 0xF0, 0x00, 0x00, 0x0F, 0xF0, 0x00, 0x00, 0x0F, 0xF0, 0x00, 0xBF, 0xEF, 0xF0,
    0x03, 0xFF, 0xFF, 0xF0, 0x0F, 0xF9, 0x6F, 0xF0, 0x1F, 0xE0, 0x0F, 0xF0, 0x3F, 0xD0, 0x0F, 0xF0,
    0x3F, 0xC0, 0x0F, 0xF0, 0x3F, 0xC0, 0x0F, 0xF0, 0x3F, 0xC0, 0x0F, 0xF0, 0x3F, 0xD0, 0x0F, 0xF0,
    0x3F, 0xE0, 0x0F, 0xF0, 0x1F, 0xF4, 0x7F, 0xF0, 0x0F, 0xFF, 0xFB, 0xFE, 0x02, 0xFF, 0xC7, 0xFF,
    0x00, 0x14, 0x00, 0x00, 0x00, 0x00, 0x00, 0x00, 0x07, 0xFF, 0x80, 0x03, 0xFF, 0xFF, 0x00, 0xFF,
    0x03, 0xF8, 0x1F, 0xD0, 0x2F, 0xC3, 0xFC, 0x02, 0xFC, 0x3F, 0xFF, 0xFF, 0xC3, 0xFF, 0xFF, 0xFC,
    0x3F, 0xC0, 0x00, 0x03, 0xFD, 0x00, 0x00, 0x2F, 0xF0, 0x01, 0x40, 0xFF, 0xEA, 0xFC, 0x07, 0xFF,
    0xFF, 0x40, 0x1F, 0xFF, 0x80, 0x00, 0x05, 0x40, 0x00, 0x00, 0x06, 0x90, 0x00, 0x1F, 0xFF, 0x80,
    0x1F, 0xD2, 0xF4, 0x0F, 0xF0, 0xFE, 0x03, 0xF8, 0x3F, 0x40, 0xFE, 0x01, 0x00, 0x7F, 0x80, 0x00,
    0xAF, 0xFF, 0xC0, 0x3F, 0xFF, 0xF0, 0x06, 0xFF, 0x54, 0x00, 0x7F, 0x80, 0x00, 0x1F, 0xE0, 0x00,
    0x07, 0xF8, 0x00, 0x01, 0xFE, 0x00, 0x00, 0x7F, 0x80, 0x00, 0x1F, 0xE0, 0x00, 0x07, 0xF8, 0x00,
    0x01, 0xFF, 0x00, 0x03, 0xFF, 0xFD, 0x00, 0xFF, 0xFF, 0x40, 0x00, 0x00, 0x00, 0x10, 0x00, 0x00,
    0x01, 0xFC, 0x00, 0x00, 0x03, 0xFD, 0x01, 0xFF, 0xFF, 0x38, 0x0F, 0xFF, 0xFE, 0x00, 0x2F, 0xD0,
    0xBF, 0x40, 0x3F, 0xC0, 0x3F, 0xC0, 0x3F, 0xC0, 0x3F, 0xC0, 0x3F, 0xC0, 0x3F, 0xC0, 0x2F, 0xE0,
    0xFF, 0x40, 0x0F, 0xFF, 0xFE, 0x00, 0x0B, 0xFF, 0xE0, 0x00, 0x1F, 0x40, 0x00, 0x00, 0x2F, 0x95,
    0x55, 0x00, 0x1F, 0xFF, 0xFF, 0xD0, 0x07, 0xFF, 0xFF, 0xF0, 0x2F, 0xEA, 0xAF, 0xF8, 0x7F, 0x40,
    0x0F, 0xF4, 0xBF, 0x00, 0x0F, 0xF0, 0x7F, 0xD5, 0x7F, 0xE0, 0x2F, 0xFF, 0xFF, 0x40, 0x01, 0xAE,
    0xA4, 0x00, 0x00, 0x00, 0x00, 0x00, 0x0F, 0xFE, 0x00, 0x00, 0x03, 0xFF, 0x80, 0x00, 0x00, 0x2F,
    0xE0, 0x00, 0x00, 0x07, 0xF8, 0x00, 0x00, 0x01, 0xFE, 0x00, 0x00, 0x00, 0x7F, 0x80, 0x00, 0x00,
    0x1F, 0xE2, 0xFF, 0x40, 0x07, 0xFB, 0xFF, 0xF4, 0x01, 0xFF, 0xEB, 0xFE, 0x00, 0x7F, 0xC0, 0x7F,
    0xC0, 0x1F, 0xE0, 0x0F, 0xF0, 0x07, 0xF8, 0x03, 0xFC, 0x01, 0xFE, 0x00, 0xFF, 0x00, 0x7F, 0x80,
    0x3F, 0xC0, 0x1F, 0xE0, 0x0F, 0xF0, 0x07, 0xF8, 0x03, 0xFC, 0x02, 0xFE, 0x00, 0xFF, 0x03, 0xFF,
    0xF1, 0xFF, 0xF4, 0xFF, 0xFC, 0x7F, 0xFE, 0x00, 0x40, 0x02, 0xFD, 0x00, 0xFF, 0x80, 0x3F, 0xE0,
    0x07, 0xE0, 0x00, 0x00, 0x00, 0x00, 0x00, 0xBF, 0xE0, 0x3F, 0xF8, 0x06, 0xFE, 0x00, 0x7F, 0x80,
    0x1F, 0xE0, 0x07, 0xF8, 0x01, 0xFE, 0x00, 0x7F, 0x80, 0x1F, 0xE0, 0x07, 0xF8, 0x01, 0xFF, 0x03,
    0xFF, 0xF4, 0xFF, 0xFE, 0x00, 0x40, 0x3F, 0xC1, 0xFF, 0x83, 0xFD, 0x07, 0xE0, 0x00, 0x00, 0x00,
    0x0B, 0xFD, 0x7F, 0xF4, 0x7F, 0xD0, 0xBF, 0x42, 0xFD, 0x0B, 0xF4, 0x2F, 0xD0, 0xBF, 0x42, 0xFD,
    0x0B, 0xF4, 0x2F, 0xD0, 0xBF, 0x42, 0xFD, 0x0B, 0xF0, 0x3F, 0xC0, 0xFD, 0x0F, 0xE0, 0x3E, 0x00,
    0x50, 0x00, 0x00, 0x00, 0x00, 0x00, 0x0F, 0xFE, 0x00, 0x00, 0x03, 0xFF, 0x80, 0x00, 0x00, 0x2F,
    0xE0, 0x00, 0x00, 0x07, 0xF8, 0x00, 0x00, 0x01, 0xFE, 0x00, 0x00, 0x00, 0x7F, 0x80, 0x00, 0x00,
    0x1F, 0xE0, 0x7F, 0xF8, 0x07, 0xF8, 0x2F, 0xFF, 0x01, 0xFE, 0x02, 0xFD, 0x00, 0x7F, 0x81, 0xF8,
    0x00, 0x1F, 0xE1, 0xF8, 0x00, 0x07, 0xF9, 0xF8, 0x00, 0x01, 0xFE, 0xFF, 0x40, 0x00, 0x7F, 0xAF,
    0xF0, 0x00, 0x1F, 0xE3, 0xFF, 0x00, 0x07, 0xF8, 0x3F, 0xE0, 0x01, 0xFE, 0x07, 0xFE, 0x03, 0xFF,
    0xF0, 0xBF, 0xF8, 0xFF, 0xFC, 0x0B, 0xFD, 0x00, 0x00, 0x00, 0x10, 0x00, 0x00, 0x00, 0x0F, 0xFE,
    0x03, 0xFF, 0x80, 0x2F, 0xE0, 0x07, 0xF8, 0x01, 0xFE, 0x00, 0x7F, 0x80, 0x1F, 0xE0, 0x07, 0xF8,
    0x01, 0xFE, 0x00, 0x7F, 0x80, 0x1F, 0xE0, 0x07, 0xF8, 0x01, 0xFE, 0x00, 0x7F, 0x80, 0x1F, 0xE0,
    0x07, 0xF8, 0x01, 0xFE, 0x03, 0xFF, 0xF4, 0xFF, 0xFD, 0x00, 0x00, 0x00, 0x00, 0x00, 0x00, 0x0B,
    0xFC, 0x2F, 0xF0, 0x2F, 0xF0, 0x03, 0xFF, 0x7F, 0xFF, 0x3F, 0xFF, 0x00, 0x6F, 0xFE, 0xBF, 0xFE,
    0xBF, 0xD0, 0x07, 0xFC, 0x0B, 0xFC, 0x0B, 0xF8, 0x01, 0xFF, 0x01, 0xFF, 0x01, 0xFE, 0x00, 0x7F,
    0x80, 0x7F, 0x80, 0x7F, 0x80, 0x1F, 0xE0, 0x1F, 0xE0, 0x1F, 0xE0, 0x07, 0xF8, 0x07, 0xF8, 0x07,
    0xF8, 0x01, 0xFE, 0x01, 0xFE, 0x01, 0xFE, 0x00, 0x7F, 0x80, 0x7F, 0x80, 0x7F, 0x80, 0x1F, 0xF0,
    0x1F, 0xE0, 0x1F, 0xE0, 0x2F, 0xFF, 0x1F, 0xFF, 0x1F, 0xFF, 0x0F, 0xFF, 0xCB, 0xFF, 0xCB, 0xFF,
    0xD0, 0x00, 0x00, 0x00, 0x00, 0x0B, 0xFC, 0x2F, 0xF4, 0x03, 0xFF, 0x7F, 0xFF, 0x40, 0x6F, 0xFE,
    0xBF, 0xF0, 0x07, 0xFD, 0x03, 0xFC, 0x01, 0xFF, 0x00, 0xFF, 0x00, 0x7F, 0x80, 0x3F, 0xC0, 0x1F,
    0xE0, 0x0F, 0xF0, 0x07, 0xF8, 0x03, 0xFC, 0x01, 0xFE, 0x00, 0xFF, 0x00, 0x7F, 0x80, 0x3F, 0xC0,
    0x1F, 0xF0, 0x0F, 0xF0, 0x2F, 0xFF, 0x1F, 0xFF, 0x8F, 0xFF, 0xC7, 0xFF, 0xF0, 0x00, 0x00, 0x00,
    0x00, 0x01, 0xFF, 0xF4, 0x00, 0x3F, 0xFF, 0xFC, 0x03, 0xFD, 0x0F, 0xF8, 0x1F, 0xE0, 0x0F, 0xF0,
    0xFF, 0x00, 0x2F, 0xE3, 0xFC, 0x00, 0xBF, 0x8F, 0xF0, 0x02, 0xFE, 0x3F, 0xC0, 0x0B, 0xF8, 0xFF,
    0x40, 0x2F, 0xD2, 0xFE, 0x00, 0xFF, 0x03, 0xFD, 0x07, 0xF8, 0x07, 0xFF, 0xFF, 0xC0, 0x07, 0xFF,
    0xF4, 0x00, 0x00, 0x54, 0x00, 0x00, 0x00, 0x00, 0x00, 0x00, 0x2F, 0xF0, 0xFF, 0xC0, 0x7F, 0xF7,
    0xFF, 0xF0, 0x1F, 0xFF, 0x5F, 0xFC, 0x0B, 0xFC, 0x03, 0xFC, 0x0B, 0xF4, 0x03, 0xFD, 0x0B, 0xF4,
    0x02, 0xFE, 0x0B, 0xF4, 0x02, 0xFE, 0x0B, 0xF4, 0x02, 0xFD, 0x0B, 0xF4, 0x03, 0xFD, 0x0B, 0xF4,
    0x03, 0xFC, 0x0B, 0xFC, 0x0B, 0xF8, 0x0B, 0xFF, 0xFF, 0xF0, 0x0B, 0xFF, 0xFF, 0x80, 0x0B, 0xF4,
    0x54, 0x00, 0x0B, 0xF4, 0x00, 0x00, 0x0B, 0xF4, 0x00, 0x00, 0x1F, 0xFD, 0x40, 0x00, 0x7F, 0xFF,
    0xC0, 0x00, 0x15, 0x55, 0x40, 0x00, 0x00, 0x00, 0x00, 0x00, 0x00, 0xBF, 0xF5, 0xF0, 0x03, 0xFF,
    0xFF, 0xF0, 0x0F, 0xF8, 0x6F, 0xF0, 0x1F, 0xE0, 0x0F, 0xF0, 0x3F, 0xD0, 0x0F, 0xF0, 0x3F, 0xC0,
    0x0F, 0xF0, 0x3F, 0xC0, 0x0F, 0xF0, 0x3F, 0xC0, 0x0F, 0xF0, 0x3F, 0xD0, 0x0F, 0xF0, 0x3F, 0xE0,
    0x0F, 0xF0, 0x1F, 0xF4, 0x7F, 0xF0, 0x0F, 0xFF, 0xFF, 0xF0, 0x02, 0xFF, 0xCF, 0xF0, 0x00, 0x14,
    0x0F, 0xF0, 0x00, 0x00, 0x0F, 0xF0, 0x00, 0x00, 0x0F, 0xF0, 0x00, 0x00, 0x6F, 0xF9, 0x00, 0x01,
    0xFF, 0xFF, 0x00, 0x00, 0x55, 0x55, 0x00, 0x00, 0x00, 0x02, 0xFF, 0x0B, 0xF4, 0x3F, 0xF7, 0xFF,
    0xC1, 0xBF, 0xF6, 0xFD, 0x07, 0xFD, 0x2F, 0xC0, 0x7F, 0xC1, 0xF8, 0x07, 0xF8, 0x00, 0x00, 0x7F,
    0x80, 0x00, 0x07, 0xF8, 0x00, 0x00, 0x7F, 0x80, 0x00, 0x07, 0xF8, 0x00, 0x00, 0x7F, 0xC0, 0x00,
    0x3F, 0xFF, 0xC0, 0x03, 0xFF, 0xFC, 0x00, 0x00, 0x00, 0x00, 0x2F, 0xFB, 0xC3, 0xFA, 0xFF, 0x2F,
    0x80, 0xBC, 0xFE, 0x00, 0xF7, 0xFF, 0x40, 0x07, 0xFF, 0xF4, 0x0B, 0xFF, 0xFC, 0x06, 0xFF, 0xF8,
    0x00, 0x6F, 0xEF, 0x40, 0x2F, 0xBF, 0x40, 0xBD, 0xBF, 0xEF, 0xF2, 0xEF, 0xFE, 0x01, 0x05, 0x40,
    0x00, 0x00, 0x00, 0x00, 0x03, 0xD0, 0x00, 0x1F, 0x40, 0x00, 0xBD, 0x00, 0x07, 0xF4, 0x00, 0xBF,
    0xFF, 0xC7, 0xFF, 0xFF, 0x06, 0xFE, 0x54, 0x0B, 0xF4, 0x00, 0x2F, 0xD0, 0x00, 0xBF, 0x40, 0x02,
    0xFD, 0x00, 0x0B, 0xF4, 0x00, 0x2F, 0xD0, 0x00, 0xBF, 0x80, 0x01, 0xFF, 0x58, 0x03, 0xFF, 0xF8,
    0x07, 0xFF, 0x80, 0x01, 0x50, 0x00, 0x2F, 0xF0, 0x2F, 0xF4, 0x1F, 0xFD, 0x0F, 0xFD, 0x01, 0xFF,
    0x41, 0xFF, 0x40, 0x2F, 0xD0, 0x2F, 0xD0, 0x0B, 0xF4, 0x0B, 0xF4, 0x02, 0xFD, 0x02, 0xFD, 0x00,
    0xBF, 0x40, 0xBF, 0x40, 0x2F, 0xD0, 0x2F, 0xD0, 0x0B, 0xF4, 0x0B, 0xF4, 0x02, 0xFD, 0x03, 0xFD,
    0x00, 0xBF, 0xD7, 0xFF, 0x80, 0x0F, 0xFF, 0xDF, 0xFC, 0x01, 0xFF, 0xD3, 0xFF, 0x40, 0x05, 0x00,
    0x00, 0x00, 0x7F, 0xFE, 0x0F, 0xFD, 0xBF, 0xFE, 0x1F, 0xFD, 0x1F, 0xF4, 0x03, 0xF0, 0x0F, 0xF4,
    0x03, 0xD0, 0x07, 0xF8, 0x07, 0xC0, 0x03, 0xFC, 0x0B, 0x80, 0x02, 0xFD, 0x0F, 0x00, 0x00, 0xFF,
    0x1F, 0x00, 0x00, 0xFF, 0x3D, 0x00, 0x00, 0x7F, 0xBC, 0x00, 0x00, 0x3F, 0xF8, 0x00, 0x00, 0x2F,
    0xF4, 0x00, 0x00, 0x1F, 0xF0, 0x00, 0xBF, 0xFD, 0x0F, 0xF4, 0x2F, 0xF7, 0xFF, 0xF4, 0x3F, 0xE0,
    0xFF, 0xD2, 0xFF, 0x01, 0xFF, 0xC0, 0xFC, 0x03, 0xFC, 0x0B, 0xFF, 0x02, 0xD0, 0x0B, 0xF4, 0x3E,
    0xFD, 0x0F, 0x00, 0x1F, 0xE0, 0xF3, 0xF8, 0x38, 0x00, 0x3F, 0xC7, 0x8F, 0xF2, 0xD0, 0x00, 0xBF,
    0x2D, 0x2F, 0xCF, 0x00, 0x01, 0xFE, 0xF0, 0x7F, 0x7C, 0x00, 0x03, 0xFF, 0xC0, 0xFF, 0xD0, 0x00,
    0x0B, 0xFE, 0x03, 0xFF, 0x00, 0x00, 0x1F, 0xF4, 0x0B, 0xFC, 0x00, 0x00, 0x3F, 0xC0, 0x1F, 0xE0,
    0x00, 0xBF, 0xFD, 0x2F, 0xF7, 0xFF, 0xF8, 0xFF, 0xD1, 0xFF, 0x80, 0xFC, 0x01, 0xFF, 0x0B, 0xC0,
    0x02, 0xFF, 0xBC, 0x00, 0x02, 0xFF, 0xC0, 0x00, 0x03, 0xFF, 0x00, 0x00, 0x0F, 0xFE, 0x00, 0x00,
    0xFB, 0xFD, 0x00, 0x0F, 0x87, 0xFD, 0x00, 0xFC, 0x0B, 0xFD, 0x2F, 0xFC, 0xBF, 0xFF, 0xBF, 0xF2,
    0xFF, 0xFC, 0x7F, 0xFE, 0x0F, 0xFC, 0xBF, 0xFE, 0x1F, 0xFC, 0x1F, 0xF4, 0x03, 0xE0, 0x0F, 0xF4,
    0x03, 0xC0, 0x07, 0xF8, 0x07, 0x80, 0x03, 0xFC, 0x0F, 0x40, 0x01, 0xFE, 0x0F, 0x00, 0x00, 0xFF,
    0x2D, 0x00, 0x00, 0xBF, 0x7C, 0x00, 0x00, 0x3F, 0xF8, 0x00, 0x00, 0x2F, 0xF0, 0x00, 0x00, 0x0F,
    0xF0, 0x00, 0x00, 0x0F, 0xD0, 0x00, 0x00, 0x0B, 0xC0, 0x00, 0x28, 0x0F, 0x80, 0x00, 0xBE, 0x1F,
    0x00, 0x00, 0xBD, 0x3D, 0x00, 0x00, 0x7F, 0xF8, 0x00, 0x00, 0x1A, 0x90, 0x00, 0x00, 0x2F, 0xFF,
    0xFF, 0x0F, 0xFF, 0xFF, 0xC3, 0xF4, 0x2F, 0xE0, 0xF4, 0x0F, 0xF0, 0x3C, 0x0F, 0xF4, 0x00, 0x0B,
    0xF8, 0x00, 0x07, 0xFC, 0x00, 0x03, 0xFC, 0x00, 0x03, 0xFD, 0x07, 0x82, 0xFE, 0x02, 0xE1, 0xFF,
    0x01, 0xF4, 0xFF, 0xFF, 0xFD, 0x3F, 0xFF, 0xFF, 0x40, 0x00, 0x69, 0x00, 0xFF, 0xD0, 0x7F, 0x90,
    0x2F, 0xC0, 0x0B, 0xF0, 0x01, 0xFC, 0x00, 0x7F, 0x40, 0x0F, 0xD0, 0x03, 0xF4, 0x00, 0xFE, 0x00,
    0x3F, 0x80, 0x0F, 0xD0, 0x2F, 0xE0, 0x0F, 0xE0, 0x01, 0xFF, 0x00, 0x0F, 0xD0, 0x03, 0xF8, 0x00,
    0xFE, 0x00, 0x3F, 0x40, 0x0F, 0xD0, 0x07, 0xF4, 0x01, 0xFC, 0x00, 0xBF, 0x00, 0x2F, 0xC0, 0x07,
    0xF8, 0x00, 0xFF, 0xD0, 0x0A, 0xA0, 0x03, 0xFF, 0xFF, 0xFF, 0xFF, 0xFF, 0xFF, 0xFF, 0xFF, 0xFF,
    0xFF, 0xFF, 0xFF, 0xFF, 0xFF, 0xFF, 0xFF, 0xEE, 0x1A, 0x40, 0x0F, 0xFC, 0x01, 0x7F, 0x80, 0x0F,
    0xF0, 0x03, 0xFC, 0x00, 0xFE, 0x00, 0x3F, 0x80, 0x0F, 0xD0, 0x07, 0xF4, 0x01, 0xFD, 0x00, 0x7F,
    0x00, 0x0F, 0xD0, 0x01, 0xFE, 0x00, 0x1F, 0xD0, 0x2F, 0xD0, 0x0F, 0xD0, 0x07, 0xF4, 0x01, 0xFD,
    0x00, 0x7F, 0x40, 0x0F, 0xD0, 0x03, 0xF8, 0x00, 0xFE, 0x00, 0x3F, 0x80, 0x0F, 0xF0, 0x17, 0xF8,
    0x0F, 0xFC, 0x02, 0xA8, 0x00, 0x05, 0x40, 0x04, 0x07, 0xFF, 0xA7, 0xC3, 0xFF, 0xFF, 0xE1, 0xE5,
    0xBF, 0xF0, 0x00, 0x00, 0x10, 0x00, 0x00, 0x01, 0xFC, 0x3F, 0xD3, 0xFD, 0x1F, 0x80, 0x00, 0x06,
    0x00, 0xF4, 0x0F, 0x40, 0xF4, 0x0F, 0x40, 0xF8, 0x1F, 0xC2, 0xFC, 0x3F, 0xC3, 0xFD, 0x3F, 0xE3,
    0xFD, 0x2F, 0xC0, 0x00, 0x00, 0x00, 0x00, 0x00, 0x00, 0x3F, 0x00, 0x00, 0x07, 0xE0, 0x00, 0x0B,
    0xFF, 0xD0, 0x03, 0xFF, 0xFF, 0x40, 0xFF, 0xBE, 0xFC, 0x1F, 0xDF, 0xFF, 0xC3, 0xFC, 0xFA, 0xF4,
    0x3F, 0xCF, 0x40, 0x03, 0xFD, 0xF0, 0x00, 0x3F, 0xFF, 0x00, 0x03, 0xFF, 0xF0, 0x00, 0x2F, 0xFE,
    0x02, 0x00, 0xFF, 0xFB, 0xFC, 0x07, 0xFF, 0xFF, 0x00, 0x0F, 0xFF, 0x80, 0x00, 0xFC, 0x00, 0x00,
    0x0F, 0x40, 0x00, 0x00, 0x1B, 0xF9, 0x00, 0x07, 0xFF, 0xFE, 0x00, 0x7F, 0xC0, 0xFD, 0x03, 0xFC,
    0x07, 0xF8, 0x0F, 0xF0, 0x1F, 0xD0, 0x3F, 0xC0, 0x19, 0x00, 0xFF, 0x00, 0x00, 0x02, 0xFE, 0x00,
    0x00, 0x2F, 0xFE, 0xA9, 0x01, 0xFF, 0xFF, 0xF8, 0x01, 0x6F, 0xF5, 0x50, 0x00, 0x3F, 0xC0, 0x00,
    0x00, 0xFF, 0x00, 0x00, 0x03, 0xF8, 0x03, 0xC0, 0x1F, 0xC0, 0x2F, 0x01, 0xFE, 0xAB, 0xFC, 0x2F,
    0xFF, 0xFF, 0xF0, 0xBF, 0xFF, 0xFF, 0xC0, 0x08, 0x00, 0x02, 0x03, 0xF5, 0xA9, 0xFC, 0x1F, 0xFF,
    0xFF, 0x40, 0xFF, 0x5F, 0xE0, 0x0F, 0xD0, 0xBF, 0x01, 0xFD, 0x07, 0xF0, 0x1F, 0xD0, 0x7F, 0x00,
    0xFD, 0x0B, 0xF0, 0x0F, 0xF1, 0xFE, 0x01, 0xFF, 0xFF, 0xF0, 0x3F, 0x5A, 0x5F, 0x80, 0x80, 0x00,
    0x20, 0x6A, 0xAA, 0x40, 0xAA, 0xA5, 0xFF, 0xFF, 0x07, 0xFF, 0xE1, 0xFF, 0xE4, 0x07, 0xFE, 0x00,
    0xFF, 0x00, 0x07, 0xC0, 0x02, 0xFF, 0x00, 0x3E, 0x00, 0x03, 0xFD, 0x02, 0xF0, 0x00, 0x07, 0xFC,
    0x0F, 0x40, 0x00, 0x5F, 0xF8, 0xFD, 0x40, 0x0F, 0xFF, 0xFB, 0xFF, 0x40, 0x15, 0x6F, 0xFE, 0x54,
    0x00, 0x00, 0x3F, 0xF0, 0x00, 0x03, 0xFF, 0xFF, 0xFF, 0xD0, 0x0A, 0xAB, 0xFF, 0xAA, 0x00, 0x00,
    0x07, 0xF8, 0x00, 0x00, 0x00, 0x1F, 0xE0, 0x00, 0x00, 0x00, 0xBF, 0x80, 0x00, 0x00, 0x2F, 0xFF,
    0xF0, 0x00, 0x00, 0xBF, 0xFF, 0xC0, 0x00, 0x03, 0xFF, 0xFF, 0xFF, 0xFF, 0xFF, 0xFF, 0xFA, 0x80,
    0x02, 0xAF, 0xFF, 0xFF, 0xFF, 0xFF, 0xFF, 0xFF, 0xEE, 0x00, 0x00, 0x00, 0x00, 0x00, 0xBF, 0xF4,
    0x00, 0x0F, 0xEB, 0xF0, 0x00, 0x7E, 0x0F, 0xD0, 0x02, 0xF8, 0x3F, 0x40, 0x0B, 0xF0, 0x64, 0x00,
    0x2F, 0xE0, 0x00, 0x02, 0xFF, 0xF0, 0x00, 0x2F, 0x7F, 0xF8, 0x00, 0xFC, 0x3F, 0xFC, 0x03, 0xF4,
    0x2F, 0xFD, 0x0F, 0xF4, 0x0F, 0xFC, 0x1F, 0xF8, 0x0B, 0xF4, 0x2F, 0xFC, 0x0F, 0xE0, 0x2F, 0xFD,
    0x1F, 0x80, 0x0F, 0xFD, 0xBC, 0x00, 0x0B, 0xFF, 0xD0, 0x00, 0x07, 0xFC, 0x00, 0x09, 0x07, 0xF0,
    0x00, 0xFD, 0x0F, 0xD0, 0x03, 0xF4, 0x3F, 0x00, 0x0F, 0xEB, 0xF4, 0x00, 0x0B, 0xFF, 0x40, 0x00,
    0x00, 0x00, 0x00, 0x00, 0x00, 0x01, 0xFC, 0x2F, 0x8B, 0xF4, 0xFF, 0x2F, 0xD3, 0xFC, 0x2D, 0x02,
    0x90, 0x00, 0x06, 0xBA, 0x40, 0x00, 0x01, 0xFF, 0xFF, 0xD0, 0x00, 0x2F, 0x40, 0x07, 0xF0, 0x02,
    0xE0, 0x00, 0x02, 0xE0, 0x1F, 0x07, 0xFE, 0xC3, 0xD0, 0xF4, 0x7F, 0x6F, 0x47, 0xC3, 0xC3, 0xF0,
    0x1D, 0x0F, 0x1E, 0x0F, 0x80, 0x24, 0x2D, 0x78, 0x7E, 0x00, 0x00, 0xB5, 0xE1, 0xF8, 0x00, 0x02,
    0xD7, 0x83, 0xF0, 0x00, 0x0B, 0x4F, 0x0F, 0xD0, 0x20, 0x3C, 0x3D, 0x1F, 0xFB, 0xD1, 0xE0, 0x7C,
    0x0F, 0xFD, 0x0F, 0x00, 0xBC, 0x00, 0x01, 0xF8, 0x00, 0xBE, 0x51, 0x6F, 0x40, 0x00, 0x7F, 0xFF,
    0xE0, 0x00, 0x00, 0x05, 0x54, 0x00, 0x00, 0x01, 0xA4, 0x00, 0x1F, 0xFF, 0x80, 0x3E, 0x0F, 0xC0,
    0x3E, 0x0B, 0xD0, 0x00, 0x1F, 0xD0, 0x1F, 0xFF, 0xD0, 0x3F, 0x4B, 0xD0, 0x7F, 0x0F, 0xD0, 0x3F,
    0xFF, 0xFC, 0x1F, 0xE2, 0xF8, 0x00, 0x00, 0x00, 0x00, 0x0B, 0x01, 0xE0, 0x0B, 0xC1, 0xF4, 0x0F,
    0xD1, 0xFC, 0x0F, 0xE2, 0xFC, 0x0F, 0xF1, 0xFE, 0x03, 0xFC, 0xBF, 0x00, 0xBF, 0x4F, 0xF0, 0x0B,
    0xF1, 0xFD, 0x00, 0xBE, 0x0F, 0xC0, 0x07, 0xC0, 0xF8, 0x00, 0x70, 0x0D, 0x00, 0x00, 0x00, 0x00,
    0x2A, 0xAA, 0xA9, 0x3F, 0xFF, 0xFE, 0x3F, 0xFF, 0xFE, 0x00, 0x00, 0x3E, 0x00, 0x00, 0x3E, 0x00,
    0x00, 0x3E, 0x00, 0x00, 0x29, 0x00, 0x54, 0x00, 0x2F, 0xFD, 0x03, 0x95, 0xBD, 0x1F, 0x18, 0xFC,
    0xBC, 0xB3, 0xF3, 0xF0, 0x2F, 0xCB, 0xCA, 0x3F, 0x1F, 0x1C, 0x78, 0x3E, 0xBE, 0xC0, 0x2F, 0xF8,
    0x00, 0x01, 0x00, 0x00, 0x15, 0x55, 0x2F, 0xFF, 0xCB, 0xFF, 0xF1, 0x55, 0x54, 0x0B, 0x90, 0x7F,
    0xF8, 0xF8, 0x3C, 0xF4, 0x3C, 0xBD, 0xBC, 0x3F, 0xF0, 0x05, 0x40, 0x00, 0x3D, 0x00, 0x00, 0x3E,
    0x00, 0x00, 0x3E, 0x00, 0x2A, 0xBF, 0xA9, 0x3F, 0xFF, 0xFE, 0x3F, 0xFF, 0xFE, 0x00, 0x7E, 0x00,
    0x00, 0x3E, 0x00, 0x00, 0x3E, 0x00, 0x00, 0x29, 0x00, 0x00, 0x00, 0x00, 0x2A, 0xAA, 0xA9, 0x3F,
    0xFF, 0xFE, 0x3F, 0xFF, 0xFE, 0x0B, 0xFD, 0x03, 0xFB, 0xF8, 0x7C, 0x0F, 0xC7, 0xC0, 0xFC, 0x00,
    0x0F, 0xC0, 0x03, 0xF4, 0x00, 0xBD, 0x00, 0x3F, 0x00, 0x0F, 0x81, 0xE3, 0xFA, 0xBD, 0x3F, 0xFF,
    0xD2, 0xAA, 0xA8, 0x07, 0xFE, 0x03, 0xFB, 0xFC, 0x3D, 0x0F, 0xC3, 0xD0, 0xFC, 0x00, 0x2F, 0x80,
    0x1F, 0xD0, 0x01, 0xFF, 0x80, 0x00, 0xFD, 0x00, 0x0F, 0xE3, 0xD1, 0xFD, 0x3F, 0xFF, 0xC0, 0xBF,
    0xD0, 0x00, 0x00, 0x3D, 0x0B, 0xE1, 0xFD, 0x3F, 0x4B, 0x80, 0x10, 0x00, 0x3F, 0xC0, 0x3F, 0xC0,
    0x3F, 0xC0, 0x3F, 0xC0, 0x3F, 0xC0, 0x3F, 0xC0, 0x3F, 0x80, 0x3F, 0xC0, 0x3F, 0x80, 0x3F, 0xC0,
    0x3F, 0x80, 0x3F, 0xC0, 0x3F, 0x80, 0x3F, 0xC0, 0x3F, 0x80, 0x3F, 0xC0, 0x3F, 0x80, 0x3F, 0xC0,
    0x3F, 0x80, 0x7F, 0xC0, 0x3F, 0xC1, 0xFF, 0xC0, 0x3F, 0xFF, 0xDF, 0xFC, 0x3F, 0xFF, 0x4B, 0xF8,
    0x3F, 0x84, 0x00, 0x40, 0x3F, 0xC0, 0x00, 0x00, 0x3F, 0xC0, 0x00, 0x00, 0x3F, 0xC0, 0x00, 0x00,
    0x3F, 0xC0, 0x00, 0x00, 0x29, 0x40, 0x00, 0x00, 0x00, 0x58, 0x2A, 0x90, 0xBF, 0xC7, 0xFF, 0x2F,
    0xFC, 0x7F, 0x97, 0xFF, 0xC7, 0xF0, 0xBF, 0xFC, 0x7F, 0x0B, 0xFF, 0xC7, 0xF0, 0xFF, 0xFC, 0x7F,
    0x0B, 0xFF, 0xC7, 0xF0, 0x7F, 0xFC, 0x7F, 0x03, 0xFF, 0xC7, 0xF0, 0x1F, 0xFC, 0x7F, 0x00, 0x2F,
    0xC7, 0xF0, 0x00, 0x00, 0x7F, 0x00, 0x00, 0x07, 0xF0, 0x00, 0x00, 0x7F, 0x00, 0x00, 0x07, 0xF0,
    0x00, 0x00, 0x7F, 0x00, 0x00, 0x07, 0xF0, 0x00, 0x00, 0x7F, 0x00, 0x00, 0x5B, 0xF0, 0x00, 0x0F,
    0xFF, 0x00, 0x00, 0xAA, 0xA0, 0x1F, 0x83, 0xFD, 0x7F, 0xD3, 0xFC, 0x05, 0x00, 0x05, 0x00, 0x38,
    0x02, 0xFD, 0x01, 0xFC, 0x01, 0xF6, 0xEF, 0xC7, 0xFD, 0x00, 0x00, 0x16, 0xB0, 0x1F, 0xFC, 0x01,
    0xBF, 0x00, 0x0F, 0xC0, 0x03, 0xF0, 0x00, 0xFC, 0x00, 0x3F, 0x00, 0x0F, 0xC0, 0x03, 0xF0, 0x01,
    0xFC, 0x03, 0xFF, 0xF0, 0xAA, 0xA8, 0x00, 0x69, 0x00, 0x2F, 0xFF, 0x42, 0xF8, 0x7F, 0x0F, 0xC0,
    0xBE, 0x7F, 0x02, 0xF9, 0xFC, 0x07, 0xE3, 0xF0, 0x2F, 0x8F, 0xD0, 0xFC, 0x1F, 0xEF, 0xD0, 0x0B,
    0xF9, 0x00, 0x00, 0x00, 0x00, 0x0E, 0x02, 0xD0, 0x03, 0xF0, 0x7D, 0x00, 0x7F, 0x0F, 0xD0, 0x0B,
    0xF0, 0xFE, 0x00, 0xFF, 0x2F, 0xD0, 0x2F, 0xC3, 0xF8, 0x0F, 0xE2, 0xFC, 0x0F, 0xE1, 0xFD, 0x07,
    0xE0, 0xFC, 0x03, 0xE0, 0xBC, 0x00, 0x90, 0x1C, 0x00, 0x00, 0x00, 0x00, 0x00, 0x16, 0xB0, 0x00,
    0x00, 0xBC, 0x00, 0x1F, 0xFC, 0x00, 0x00, 0x7E, 0x00, 0x01, 0xBF, 0x00, 0x00, 0x3F, 0x00, 0x00,
    0x0F, 0xC0, 0x00, 0x2F, 0x40, 0x00, 0x03, 0xF0, 0x00, 0x0F, 0xC0, 0x00, 0x00, 0xFC, 0x00, 0x0B,
    0xD0, 0x00, 0x00, 0x3F, 0x00, 0x07, 0xE0, 0x0A, 0x80, 0x0F, 0xC0, 0x03, 0xF0, 0x0F, 0xF0, 0x03,
    0xF0, 0x01, 0xF8, 0x0B, 0xFC, 0x01, 0xFC, 0x00, 0xFC, 0x07, 0xFF, 0x03, 0xFF, 0xF0, 0xBD, 0x03,
    0xDF, 0xC0, 0xAA, 0xA8, 0x3F, 0x02, 0xC7, 0xF0, 0x00, 0x00, 0x2F, 0x41, 0xD1, 0xFC, 0x00, 0x00,
    0x1F, 0x80, 0xF0, 0x7F, 0x00, 0x00, 0x0F, 0xC0, 0xBF, 0xFF, 0xF8, 0x00, 0x07, 0xE0, 0x1F, 0xFF,
    0xFD, 0x00, 0x03, 0xF0, 0x00, 0x01, 0xFC, 0x00, 0x02, 0xF4, 0x00, 0x00, 0x7F, 0x00, 0x00, 0x54,
    0x00, 0x00, 0x00, 0x00, 0x16, 0xB0, 0x00, 0x00, 0xBC, 0x00, 0x07, 0xFF, 0x00, 0x00, 0x1F, 0x80,
    0x00, 0x1B, 0xF0, 0x00, 0x03, 0xF0, 0x00, 0x00, 0x3F, 0x00, 0x00, 0xBD, 0x00, 0x00, 0x03, 0xF0,
    0x00, 0x0F, 0xC0, 0x00, 0x00, 0x3F, 0x00, 0x02, 0xF4, 0x00, 0x00, 0x03, 0xF0, 0x00, 0x7E, 0x0B,
    0xFD, 0x00, 0x3F, 0x00, 0x0F, 0xC3, 0xFB, 0xF8, 0x03, 0xF0, 0x01, 0xF8, 0xBC, 0x0F, 0xC0, 0x7F,
    0x00, 0x3F, 0x07, 0xC0, 0xFC, 0x3F, 0xFF, 0x0B, 0xD0, 0x00, 0x1F, 0xC2, 0xAA, 0xA0, 0xFC, 0x00,
    0x03, 0xF4, 0x00, 0x00, 0x2F, 0x40, 0x00, 0xFD, 0x00, 0x00, 0x07, 0xE0, 0x00, 0x3F, 0x00, 0x00,
    0x00, 0xFC, 0x00, 0x0F, 0x81, 0xE0, 0x00, 0x1F, 0x80, 0x03, 0xFA, 0xBD, 0x00, 0x03, 0xF0, 0x00,
    0x3F, 0xFF, 0xD0, 0x00, 0xBD, 0x00, 0x02, 0xAA, 0xA8, 0x00, 0x05, 0x40, 0x00, 0x00, 0x00, 0x00,
    0x07, 0xFE, 0x00, 0x00, 0x2F, 0x00, 0x03, 0xFB, 0xFC, 0x00, 0x07, 0xE0, 0x00, 0x3D, 0x0F, 0xC0,
    0x00, 0xFC, 0x00, 0x03, 0xD0, 0xFC, 0x00, 0x2F, 0x40, 0x00, 0x00, 0x2F, 0x80, 0x03, 0xF0, 0x00,
    0x00, 0x1F, 0xD0, 0x00, 0xBD, 0x00, 0x00, 0x01, 0xFF, 0x80, 0x0F, 0xC0, 0x2A, 0x00, 0x00, 0xFD,
    0x03, 0xF0, 0x0F, 0xF0, 0x00, 0x0F, 0xE0, 0x7E, 0x02, 0xFF, 0x03, 0xD1, 0xFD, 0x0F, 0xC0, 0x7F,
    0xF0, 0x3F, 0xFF, 0xC2, 0xF4, 0x0F, 0x7F, 0x00, 0xBF, 0xD0, 0x3F, 0x02, 0xC7, 0xF0, 0x00, 0x00,
    0x0B, 0xD0, 0x78, 0x7F, 0x00, 0x00, 0x00, 0xFC, 0x0F, 0x07, 0xF0, 0x00, 0x00, 0x3F, 0x02, 0xFF,
    0xFF, 0xE0, 0x00, 0x07, 0xE0, 0x1F, 0xFF, 0xFE, 0x00, 0x00, 0xFC, 0x00, 0x00, 0x7F, 0x00, 0x00,
    0x2F, 0x40, 0x00, 0x07, 0xF0, 0x00, 0x01, 0x50, 0x00, 0x00, 0x00, 0x00, 0x00, 0x00, 0x00, 0x00,
    0x3F, 0x40, 0x00, 0x7F, 0xC0, 0x00, 0x7F, 0xC0, 0x00, 0x2E, 0x00, 0x00, 0x00, 0x00, 0x00, 0x1A,
    0x00, 0x00, 0x2F, 0x00, 0x00, 0x2F, 0x00, 0x00, 0xBF, 0x00, 0x02, 0xFF, 0x00, 0x0F, 0xFD, 0x00,
    0x2F, 0xF4, 0x00, 0x7F, 0xD0, 0x28, 0xBF, 0x80, 0xBE, 0xBF, 0x40, 0xBF, 0x3F, 0xC0, 0x7D, 0x2F,
    0xFF, 0xF8, 0x06, 0xFF, 0x90, 0x00, 0x00, 0x00, 0x00, 0x06, 0x00, 0x00, 0x00, 0x00, 0x3F, 0x00,
    0x00, 0x00, 0x00, 0xFF, 0x00, 0x00, 0x00, 0x01, 0xFF, 0x00, 0x00, 0x00, 0x00, 0x2F, 0x00, 0x00,
    0x00, 0x00, 0x00, 0x00, 0x00, 0x00, 0x1A, 0x90, 0x00, 0x00, 0x00, 0xFF, 0xC0, 0x00, 0x00, 0x03,
    0xFF, 0x40, 0x00, 0x00, 0x2F, 0xFE, 0x00, 0x00, 0x00, 0xF7, 0xFC, 0x00, 0x00, 0x07, 0xCB, 0xF4,
    0x00, 0x00, 0x2E, 0x1F, 0xE0, 0x00, 0x00, 0xF4, 0x3F, 0xC0, 0x00, 0x07, 0xC0, 0xBF, 0x40, 0x00,
    0x3E, 0x01, 0xFF, 0x00, 0x00, 0xF9, 0x57, 0xFC, 0x00, 0x07, 0xFF, 0xFF, 0xF4, 0x00, 0x3F, 0xAA,
    0xBF, 0xF0, 0x00, 0xF4, 0x00, 0x3F, 0xC0, 0x0B, 0xC0, 0x00, 0xFF, 0x80, 0x3F, 0x00, 0x02, 0xFF,
    0x0F, 0xFF, 0x80, 0x7F, 0xFF, 0xBF, 0xFE, 0x01, 0xFF, 0xFE, 0x00, 0x00, 0x02, 0x40, 0x00, 0x00,
    0x00, 0x3F, 0x00, 0x00, 0x00, 0x03, 0xFC, 0x00, 0x00, 0x00, 0x7F, 0xD0, 0x00, 0x00, 0x03, 0xE0,
    0x00, 0x00, 0x00, 0x00, 0x00, 0x00, 0x00, 0x00, 0x1A, 0x90, 0x00, 0x00, 0x00, 0xFF, 0xC0, 0x00,
    0x00, 0x03, 0xFF, 0x40, 0x00, 0x00, 0x2F, 0xFE, 0x00, 0x00, 0x00, 0xF7, 0xFC, 0x00, 0x00, 0x07,
    0xCB, 0xF4, 0x00, 0x00, 0x2E, 0x1F, 0xE0, 0x00, 0x00, 0xF4, 0x3F, 0xC0, 0x00, 0x07, 0xC0, 0xBF,
    0x40, 0x00, 0x3E, 0x01, 0xFF, 0x00, 0x00, 0xF9, 0x57, 0xFC, 0x00, 0x07, 0xFF, 0xFF, 0xF4, 0x00,
    0x3F, 0xAA, 0xBF, 0xF0, 0x00, 0xF4, 0x00, 0x3F, 0xC0, 0x0B, 0xC0, 0x00, 0xFF, 0x80, 0x3F, 0x00,
    0x02, 0xFF, 0x0F, 0xFF, 0x80, 0x7F, 0xFF, 0xBF, 0xFE, 0x01, 0xFF, 0xFE, 0x00, 0x00, 0x78, 0x00,
    0x00, 0x00, 0x07, 0xF8, 0x00, 0x00, 0x00, 0x7F, 0xF4, 0x00, 0x00, 0x07, 0xF7, 0xF0, 0x00, 0x00,
    0x3E, 0x02, 0xF0, 0x00, 0x00, 0x00, 0x00, 0x00, 0x00, 0x00, 0x1A, 0x90, 0x00, 0x00, 0x00, 0xFF,
    0xC0, 0x00, 0x00, 0x03, 0xFF, 0x40, 0x00, 0x00, 0x2F, 0xFE, 0x00, 0x00, 0x00, 0xF7, 0xFC, 0x00,
    0x00, 0x07, 0xCB, 0xF4, 0x00, 0x00, 0x2E, 0x1F, 0xE0, 0x00, 0x00, 0xF4, 0x3F, 0xC0, 0x00, 0x07,
    0xC0, 0xBF, 0x40, 0x00, 0x3E, 0x01, 0xFF, 0x00, 0x00, 0xF9, 0x57, 0xFC, 0x00, 0x07, 0xFF, 0xFF,
    0xF4, 0x00, 0x3F, 0xAA, 0xBF, 0xF0, 0x00, 0xF4, 0x00, 0x3F, 0xC0, 0x0B, 0xC0, 0x00, 0xFF, 0x80,
    0x3F, 0x00, 0x02, 0xFF, 0x0F, 0xFF, 0x80, 0x7F, 0xFF, 0xBF, 0xFE, 0x01, 0xFF, 0xFE, 0x00, 0x00,
    0x00, 0x00, 0x00, 0x00, 0x3F, 0x81, 0x80, 0x00, 0x02, 0xFF, 0xFF, 0x00, 0x00, 0x0F, 0xBF, 0xF4,
    0x00, 0x00, 0x10, 0x1B, 0x40, 0x00, 0x00, 0x00, 0x00, 0x00, 0x00, 0x00, 0x1A, 0x90, 0x00, 0x00,
    0x00, 0xFF, 0xC0, 0x00, 0x00, 0x03, 0xFF, 0x40, 0x00, 0x00, 0x2F, 0xFE, 0x00, 0x00, 0x00, 0xF7,
    0xFC, 0x00, 0x00, 0x07, 0xCB, 0xF4, 0x00, 0x00, 0x2E, 0x1F, 0xE0, 0x00, 0x00, 0xF4, 0x3F, 0xC0,
    0x00, 0x07, 0xC0, 0xBF, 0x40, 0x00, 0x3E, 0x01, 0xFF, 0x00, 0x00, 0xF9, 0x57, 0xFC, 0x00, 0x07,
    0xFF, 0xFF, 0xF4, 0x00, 0x3F, 0xAA, 0xBF, 0xF0, 0x00, 0xF4, 0x00, 0x3F, 0xC0, 0x0B, 0xC0, 0x00,
    0xFF, 0x80, 0x3F, 0x00, 0x02, 0xFF, 0x0F, 0xFF, 0x80, 0x7F, 0xFF, 0xBF, 0xFE, 0x01, 0xFF, 0xFE,
    0x00, 0x04, 0x00, 0x40, 0x00, 0x00, 0xFD, 0x1F, 0xC0, 0x00, 0x0B, 0xF8, 0xFF, 0x40, 0x00, 0x1F,
    0xE2, 0xFD, 0x00, 0x00, 0x1A, 0x02, 0x90, 0x00, 0x00, 0x00, 0x00, 0x00, 0x00, 0x00, 0x1A, 0x90,
    0x00, 0x00, 0x00, 0xFF, 0xC0, 0x00, 0x00, 0x03, 0xFF, 0x40, 0x00, 0x00, 0x2F, 0xFE, 0x00, 0x00,
    0x00, 0xF7, 0xFC, 0x00, 0x00, 0x07, 0xCB, 0xF4, 0x00, 0x00, 0x2E, 0x1F, 0xE0, 0x00, 0x00, 0xF4,
    0x3F, 0xC0, 0x00, 0x07, 0xC0, 0xBF, 0x40, 0x00, 0x3E, 0x01, 0xFF, 0x00, 0x00, 0xF9, 0x57, 0xFC,
    0x00, 0x07, 0xFF, 0xFF, 0xF4, 0x00, 0x3F, 0xAA, 0xBF, 0xF0, 0x00, 0xF4, 0x00, 0x3F, 0xC0, 0x0B,
    0xC0, 0x00, 0xFF, 0x80, 0x3F, 0x00, 0x02, 0xFF, 0x0F, 0xFF, 0x80, 0x7F, 0xFF, 0xBF, 0xFE, 0x01,
    0xFF, 0xFE, 0x00, 0x00, 0x00, 0x00, 0x00, 0x00, 0x0F, 0xFC, 0x00, 0x00, 0x00, 0xF8, 0xFC, 0x00,
    0x00, 0x03, 0xD1, 0xF0, 0x00, 0x00, 0x0F, 0x8B, 0xC0, 0x00, 0x00, 0x1F, 0xFC, 0x00, 0x00, 0x00,
    0x05, 0x40, 0x00, 0x00, 0x00, 0x6A, 0x40, 0x00, 0x00, 0x03, 0xFF, 0x00, 0x00, 0x00, 0x0F, 0xFD,
    0x00, 0x00, 0x00, 0xBF, 0xF8, 0x00, 0x00, 0x03, 0xDF, 0xF0, 0x00, 0x00, 0x1F, 0x2F, 0xD0, 0x00,
    0x00, 0xB8, 0x7F, 0x80, 0x00, 0x03, 0xD0, 0xFF, 0x00, 0x00, 0x1F, 0x02, 0xFD, 0x00, 0x00, 0xF8,
    0x07, 0xFC, 0x00, 0x03, 0xE5, 0x5F, 0xF0, 0x00, 0x1F, 0xFF, 0xFF, 0xD0, 0x00, 0xFE, 0xAA, 0xFF,
    0xC0, 0x03, 0xD0, 0x00, 0xFF, 0x00, 0x2F, 0x00, 0x03, 0xFE, 0x00, 0xFC, 0x00, 0x0B, 0xFC, 0x3F,
    0xFE, 0x01, 0xFF, 0xFE, 0xFF, 0xF8, 0x07, 0xFF, 0xF8, 0x00, 0x02, 0xAA, 0xAA, 0xAA, 0xA9, 0x00,
    0x01, 0xFF, 0xFF, 0xFF, 0xFF, 0xC0, 0x00, 0x1F, 0xEF, 0xFE, 0xAF, 0xF0, 0x00, 0x03, 0xD2, 0xFE,
    0x00, 0xBC, 0x00, 0x02, 0xF0, 0xBF, 0x80, 0x0F, 0x40, 0x00, 0xF4, 0x2F, 0xE0, 0x01, 0x40, 0x00,
    0xBC, 0x0B, 0xF8, 0x09, 0x00, 0x00, 0x3E, 0x02, 0xFE, 0x0B, 0x40, 0x00, 0x2F, 0xAA, 0xFF, 0xEB,
    0xD0, 0x00, 0x0F, 0xFF, 0xFF, 0xFF, 0xF4, 0x00, 0x0B, 0xD5, 0x5F, 0xF9, 0x7D, 0x00, 0x03, 0xE0,
    0x02, 0xFE, 0x07, 0x40, 0x02, 0xF0, 0x00, 0xBF, 0x80, 0x41, 0x40, 0xFC, 0x00, 0x2F, 0xE0, 0x02,
    0xF0, 0x7D, 0x00, 0x0B, 0xF8, 0x00, 0xF8, 0x3F, 0x00, 0x02, 0xFE, 0x00, 0xBE, 0xFF, 0xFC, 0x07,
    0xFF, 0xFF, 0xFF, 0xBF, 0xFF, 0x01, 0xFF, 0xFF, 0xFF, 0xD0, 0x00, 0x1B, 0xF8, 0x74, 0x01, 0xFF,
    0xFF, 0xF8, 0x07, 0xFE, 0xAF, 0xFC, 0x1F, 0xF0, 0x01, 0xFC, 0x3F, 0xD0, 0x00, 0xBC, 0x7F, 0xC0,
    0x00, 0x3D, 0xBF, 0x80, 0x00, 0x14, 0xFF, 0x40, 0x00, 0x00, 0xFF, 0x40, 0x00, 0x00, 0xFF, 0x40,
    0x00, 0x00, 0xFF, 0x80, 0x00, 0x00, 0xFF, 0x80, 0x00, 0x00, 0xBF, 0xC0, 0x00, 0x00, 0x3F, 0xE0,
    0x00, 0x04, 0x2F, 0xF4, 0x00, 0x3D, 0x0F, 0xFF, 0x9B, 0xFC, 0x03, 0xFF, 0xFF, 0xF0, 0x00, 0x7F,
    0xFF, 0x40, 0x00, 0x03, 0xD0, 0x00, 0x00, 0x07, 0xF8, 0x00, 0x00, 0x01, 0xBD, 0x00, 0x00, 0x00,
    0x3E, 0x00, 0x00, 0x1E, 0xFD, 0x00, 0x00, 0x0B, 0xF8, 0x00, 0x00, 0x00, 0x00, 0x00, 0x00, 0x60,
    0x00, 0x00, 0x03, 0xF0, 0x00, 0x00, 0x0F, 0xF0, 0x00, 0x00, 0x1F, 0xF0, 0x00, 0x00, 0x06, 0xF0,
    0x00, 0x00, 0x00, 0x00, 0x06, 0xAA, 0xAA, 0xA8, 0x3F, 0xFF, 0xFF, 0xF8, 0x2F, 0xFA, 0xAF, 0xF0,
    0x3F, 0xD0, 0x0F, 0xC0, 0xFF, 0x40, 0x1F, 0x03, 0xFD, 0x00, 0x10, 0x0F, 0xF4, 0x2C, 0x00, 0x3F,
    0xD0, 0xF0, 0x00, 0xFF, 0xFF, 0xC0, 0x03, 0xFF, 0xFF, 0x00, 0x0F, 0xF4, 0x7C, 0x00, 0x3F, 0xD0,
    0xB0, 0x00, 0xFF, 0x40, 0x01, 0x03, 0xFD, 0x00, 0x3E, 0x0F, 0xF4, 0x00, 0xF4, 0x3F, 0xD0, 0x1F,
    0xDB, 0xFF, 0xFF, 0xFF, 0x3F, 0xFF, 0xFF, 0xFC, 0x00, 0x00, 0x24, 0x00, 0x00, 0x07, 0xF0, 0x00,
    0x00, 0x7F, 0xC0, 0x00, 0x07, 0xFC, 0x00, 0x00, 0x3E, 0x00, 0x00, 0x00, 0x00, 0x00, 0x06, 0xAA,
    0xAA, 0xA8, 0x3F, 0xFF, 0xFF, 0xF8, 0x2F, 0xFA, 0xAF, 0xF0, 0x3F, 0xD0, 0x0F, 0xC0, 0xFF, 0x40,
    0x1F, 0x03, 0xFD, 0x00, 0x10, 0x0F, 0xF4, 0x2C, 0x00, 0x3F, 0xD0, 0xF0, 0x00, 0xFF, 0xFF, 0xC0,
    0x03, 0xFF, 0xFF, 0x00, 0x0F, 0xF4, 0x7C, 0x00, 0x3F, 0xD0, 0xB0, 0x00, 0xFF, 0x40, 0x01, 0x03,
    0xFD, 0x00, 0x3E, 0x0F, 0xF4, 0x00, 0xF4, 0x3F, 0xD0, 0x1F, 0xDB, 0xFF, 0xFF, 0xFF, 0x3F, 0xFF,
    0xFF, 0xFC, 0x00, 0x0B, 0x40, 0x00, 0x00, 0xBF, 0x40, 0x00, 0x07, 0xFF, 0x40, 0x00, 0x7F, 0x7F,
    0x00, 0x03, 0xD0, 0x2E, 0x00, 0x00, 0x00, 0x00, 0x06, 0xAA, 0xAA, 0xA8, 0x3F, 0xFF, 0xFF, 0xF8,
    0x2F, 0xFA, 0xAF, 0xF0, 0x3F, 0xD0, 0x0F, 0xC0, 0xFF, 0x40, 0x1F, 0x03, 0xFD, 0x00, 0x10, 0x0F,
    0xF4, 0x2C, 0x00, 0x3F, 0xD0, 0xF0, 0x00, 0xFF, 0xFF, 0xC0, 0x03, 0xFF, 0xFF, 0x00, 0x0F, 0xF4,
    0x7C, 0x00, 0x3F, 0xD0, 0xB0, 0x00, 0xFF, 0x40, 0x01, 0x03, 0xFD, 0x00, 0x3E, 0x0F, 0xF4, 0x00,
    0xF4, 0x3F, 0xD0, 0x1F, 0xDB, 0xFF, 0xFF, 0xFF, 0x3F, 0xFF, 0xFF, 0xFC, 0x00, 0x40, 0x04, 0x00,
    0x1F, 0xD1, 0xFC, 0x00, 0xBF, 0x8F, 0xF4, 0x01, 0xFD, 0x2F, 0xC0, 0x01, 0x90, 0x29, 0x00, 0x00,
    0x00, 0x00, 0x06, 0xAA, 0xAA, 0xA8, 0x3F, 0xFF, 0xFF, 0xF8, 0x2F, 0xFA, 0xAF, 0xF0, 0x3F, 0xD0,
    0x0F, 0xC0, 0xFF, 0x40, 0x1F, 0x03, 0xFD, 0x00, 0x10, 0x0F, 0xF4, 0x2C, 0x00, 0x3F, 0xD0, 0xF0,
    0x00, 0xFF, 0xFF, 0xC0, 0x03, 0xFF, 0xFF, 0x00, 0x0F, 0xF4, 0x7C, 0x00, 0x3F, 0xD0, 0xB0, 0x00,
    0xFF, 0x40, 0x01, 0x03, 0xFD, 0x00, 0x3E, 0x0F, 0xF4, 0x00, 0xF4, 0x3F, 0xD0, 0x1F, 0xDB, 0xFF,
    0xFF, 0xFF, 0x3F, 0xFF, 0xFF, 0xFC, 0x28, 0x00, 0x1F, 0xC0, 0x07, 0xFC, 0x00, 0x7F, 0xC0, 0x01,
    0xF8, 0x00, 0x00, 0x06, 0xAA, 0xA3, 0xFF, 0xFC, 0x2F, 0xFD, 0x03, 0xFD, 0x00, 0xFF, 0x40, 0x3F,
    0xD0, 0x0F, 0xF4, 0x03, 0xFD, 0x00, 0xFF, 0x40, 0x3F, 0xD0, 0x0F, 0xF4, 0x03, 0xFD, 0x00, 0xFF,
    0x40, 0x3F, 0xD0, 0x0F, 0xF4, 0x03, 0xFD, 0x0B, 0xFF, 0xF3, 0xFF, 0xFC, 0x00, 0x18, 0x00, 0x1F,
    0xC0, 0x1F, 0xF0, 0x1F, 0xE0, 0x0F, 0x80, 0x00, 0x00, 0x06, 0xAA, 0xA3, 0xFF, 0xFC, 0x2F, 0xFD,
    0x03, 0xFD, 0x00, 0xFF, 0x40, 0x3F, 0xD0, 0x0F, 0xF4, 0x03, 0xFD, 0x00, 0xFF, 0x40, 0x3F, 0xD0,
    0x0F, 0xF4, 0x03, 0xFD, 0x00, 0xFF, 0x40, 0x3F, 0xD0, 0x0F, 0xF4, 0x03, 0xFD, 0x0B, 0xFF, 0xF3,
    0xFF, 0xFC, 0x00, 0xB4, 0x00, 0x2F, 0xD0, 0x0B, 0xFF, 0x01, 0xF9, 0xFC, 0x3D, 0x02, 0xE1, 0x00,
    0x04, 0x1A, 0xAA, 0x83, 0xFF, 0xFC, 0x0B, 0xFF, 0x40, 0x3F, 0xD0, 0x03, 0xFD, 0x00, 0x3F, 0xD0,
    0x03, 0xFD, 0x00, 0x3F, 0xD0, 0x03, 0xFD, 0x00, 0x3F, 0xD0, 0x03, 0xFD, 0x00, 0x3F, 0xD0, 0x03,
    0xFD, 0x00, 0x3F, 0xD0, 0x03, 0xFD, 0x00, 0x3F, 0xD0, 0x2F, 0xFF, 0xC3, 0xFF, 0xFC, 0x04, 0x00,
    0x41, 0xFC, 0x2F, 0xCF, 0xF4, 0xFF, 0x2F, 0xD3, 0xFC, 0x29, 0x02, 0x80, 0x00, 0x00, 0x01, 0xAA,
    0xA8, 0x0F, 0xFF, 0xF0, 0x0B, 0xFF, 0x40, 0x0F, 0xF4, 0x00, 0x3F, 0xD0, 0x00, 0xFF, 0x40, 0x03,
    0xFD, 0x00, 0x0F, 0xF4, 0x00, 0x3F, 0xD0, 0x00, 0xFF, 0x40, 0x03, 0xFD, 0x00, 0x0F, 0xF4, 0x00,
    0x3F, 0xD0, 0x00, 0xFF, 0x40, 0x03, 0xFD, 0x00, 0x0F, 0xF4, 0x02, 0xFF, 0xFC, 0x0F, 0xFF, 0xF0,
    0x1A, 0xAA, 0xA5, 0x00, 0x00, 0xFF, 0xFF, 0xFF, 0xD0, 0x00, 0xBF, 0xFF, 0xFF, 0xF0, 0x00, 0xFF,
    0x40, 0x7F, 0xF0, 0x03, 0xFD, 0x00, 0x3F, 0xD0, 0x0F, 0xF4, 0x00, 0xBF, 0xC0, 0x3F, 0xD0, 0x01,
    0xFF, 0x00, 0xFF, 0x40, 0x03, 0xFD, 0x7F, 0xFF, 0xFC, 0x0F, 0xF6, 0xFF, 0xFF, 0xF0, 0x3F, 0xD0,
    0x3F, 0xD0, 0x00, 0xFF, 0x40, 0xFF, 0x40, 0x03, 0xFC, 0x03, 0xFD, 0x00, 0x1F, 0xF0, 0x0F, 0xF4,
    0x00, 0xFF, 0x40, 0x3F, 0xD0, 0x0B, 0xF8, 0x00, 0xFF, 0x95, 0xFF, 0xC0, 0x2F, 0xFF, 0xFF, 0xF8,
    0x00, 0xFF, 0xFF, 0xF9, 0x00, 0x00, 0x00, 0x00, 0x00, 0x00, 0x00, 0x00, 0x3F, 0x81, 0x80, 0x00,
    0x02, 0xFF, 0xFF, 0x00, 0x00, 0x0F, 0xBF, 0xF4, 0x00, 0x00, 0x10, 0x1B, 0x40, 0x00, 0x00, 0x00,
    0x00, 0x00, 0x06, 0xAA, 0x40, 0x06, 0xAA, 0x7F, 0xFF, 0x00, 0x2F, 0xFF, 0x2F, 0xFF, 0x00, 0x2F,
    0xE0, 0x3F, 0xFD, 0x00, 0x3F, 0x00, 0xFF, 0xFC, 0x00, 0xFC, 0x03, 0xFF, 0xF8, 0x03, 0xF0, 0x0F,
    0xDF, 0xF0, 0x0F, 0xC0, 0x3F, 0x3F, 0xF0, 0x3F, 0x00, 0xFC, 0x7F, 0xD0, 0xFC, 0x03, 0xF0, 0xBF,
    0xC3, 0xF0, 0x0F, 0xC0, 0xFF, 0x8F, 0xC0, 0x3F, 0x01, 0xFF, 0x3F, 0x00, 0xFC, 0x03, 0xFF, 0xFC,
    0x03, 0xF0, 0x03, 0xFF, 0xF0, 0x0F, 0xC0, 0x0B, 0xFF, 0xC0, 0x3F, 0x00, 0x0F, 0xFF, 0x0B, 0xFF,
    0x80, 0x1F, 0xFC, 0x3F, 0xFE, 0x00, 0x2F, 0xF0, 0x00, 0x09, 0x00, 0x00, 0x00, 0x03, 0xF4, 0x00,
    0x00, 0x00, 0x3F, 0xD0, 0x00, 0x00, 0x00, 0xBF, 0x40, 0x00, 0x00, 0x00, 0xBC, 0x00, 0x00, 0x00,
    0x00, 0x00, 0x00, 0x00, 0x1B, 0xFE, 0x40, 0x00, 0x1F, 0xFF, 0xFF, 0x00, 0x07, 0xFE, 0xAF, 0xFC,
    0x00, 0xFF, 0x00, 0x3F, 0xF0, 0x3F, 0xD0, 0x00, 0xFF, 0x47, 0xFC, 0x00, 0x0B, 0xFC, 0xBF, 0x80,
    0x00, 0x7F, 0xCF, 0xF8, 0x00, 0x03, 0xFD, 0xFF, 0x40, 0x00, 0x3F, 0xDF, 0xF4, 0x00, 0x03, 0xFD,
    0xFF, 0x80, 0x00, 0x3F, 0xCF, 0xF8, 0x00, 0x03, 0xFC, 0xBF, 0xC0, 0x00, 0x7F, 0xC3, 0xFD, 0x00,
    0x0B, 0xF4, 0x2F, 0xF0, 0x00, 0xFF, 0x00, 0xFF, 0xD0, 0x7F, 0xC0, 0x03, 0xFF, 0xFF, 0xF0, 0x00,
    0x0B, 0xFF, 0xF8, 0x00, 0x00, 0x01, 0x50, 0x00, 0x00, 0x00, 0x00, 0x09, 0x00, 0x00, 0x00, 0x03,
    0xF4, 0x00, 0x00, 0x00, 0xFF, 0x40, 0x00, 0x00, 0x3F, 0xD0, 0x00, 0x00, 0x0B, 0x90, 0x00, 0x00,
    0x00, 0x00, 0x00, 0x00, 0x00, 0x1B, 0xFE, 0x40, 0x00, 0x1F, 0xFF, 0xFF, 0x00, 0x07, 0xFE, 0xAF,
    0xFC, 0x00, 0xFF, 0x00, 0x3F, 0xF0, 0x3F, 0xD0, 0x00, 0xFF, 0x47, 0xFC, 0x00, 0x0B, 0xFC, 0xBF,
    0x80, 0x00, 0x7F, 0xCF, 0xF8, 0x00, 0x03, 0xFD, 0xFF, 0x40, 0x00, 0x3F, 0xDF, 0xF4, 0x00, 0x03,
    0xFD, 0xFF, 0x80, 0x00, 0x3F, 0xCF, 0xF8, 0x00, 0x03, 0xFC, 0xBF, 0xC0, 0x00, 0x7F, 0xC3, 0xFD,
    0x00, 0x0B, 0xF4, 0x2F, 0xF0, 0x00, 0xFF, 0x00, 0xFF, 0xD0, 0x7F, 0xC0, 0x03, 0xFF, 0xFF, 0xF0,
    0x00, 0x0B, 0xFF, 0xF8, 0x00, 0x00, 0x01, 0x50, 0x00, 0x00, 0x00, 0x01, 0xE0, 0x00, 0x00, 0x00,
    0x3F, 0xC0, 0x00, 0x00, 0x0F, 0xFE, 0x00, 0x00, 0x03, 0xFA, 0xF8, 0x00, 0x00, 0xB8, 0x07, 0xC0,
    0x00, 0x01, 0x00, 0x04, 0x00, 0x00, 0x1B, 0xFE, 0x40, 0x00, 0x1F, 0xFF, 0xFF, 0x00, 0x07, 0xFE,
    0xAF, 0xFC, 0x00, 0xFF, 0x00, 0x3F, 0xF0, 0x3F, 0xD0, 0x00, 0xFF, 0x47, 0xFC, 0x00, 0x0B, 0xFC,
    0xBF, 0x80, 0x00, 0x7F, 0xCF, 0xF8, 0x00, 0x03, 0xFD, 0xFF, 0x40, 0x00, 0x3F, 0xDF, 0xF4, 0x00,
    0x03, 0xFD, 0xFF, 0x80, 0x00, 0x3F, 0xCF, 0xF8, 0x00, 0x03, 0xFC, 0xBF, 0xC0, 0x00, 0x7F, 0xC3,
    0xFD, 0x00, 0x0B, 0xF4, 0x2F, 0xF0, 0x00, 0xFF, 0x00, 0xFF, 0xD0, 0x7F, 0xC0, 0x03, 0xFF, 0xFF,
    0xF0, 0x00, 0x0B, 0xFF, 0xF8, 0x00, 0x00, 0x01, 0x50, 0x00, 0x00, 0x00, 0x00, 0x00, 0x00, 0x00,
    0x02, 0xFD, 0x08, 0x00, 0x00, 0x7F, 0xFF, 0xC0, 0x00, 0x0F, 0xBF, 0xF8, 0x00, 0x00, 0x00, 0x6E,
    0x00, 0x00, 0x00, 0x00, 0x00, 0x00, 0x00, 0x1B, 0xFE, 0x40, 0x00, 0x1F, 0xFF, 0xFF, 0x00, 0x07,
    0xFE, 0xAF, 0xFC, 0x00, 0xFF, 0x00, 0x3F, 0xF0, 0x3F, 0xD0, 0x00, 0xFF, 0x47, 0xFC, 0x00, 0x0B,
    0xFC, 0xBF, 0x80, 0x00, 0x7F, 0xCF, 0xF8, 0x00, 0x03, 0xFD, 0xFF, 0x40, 0x00, 0x3F, 0xDF, 0xF4,
    0x00, 0x03, 0xFD, 0xFF, 0x80, 0x00, 0x3F, 0xCF, 0xF8, 0x00, 0x03, 0xFC, 0xBF, 0xC0, 0x00, 0x7F,
    0xC3, 0xFD, 0x00, 0x0B, 0xF4, 0x2F, 0xF0, 0x00, 0xFF, 0x00, 0xFF, 0xD0, 0x7F, 0xC0, 0x03, 0xFF,
    0xFF, 0xF0, 0x00, 0x0B, 0xFF, 0xF8, 0x00, 0x00, 0x01, 0x50, 0x00, 0x00, 0x00, 0x10, 0x01, 0x00,
    0x00, 0x0F, 0xE0, 0xFD, 0x00, 0x01, 0xFF, 0x2F, 0xE0, 0x00, 0x0F, 0xF1, 0xFE, 0x00, 0x00, 0x68,
    0x06, 0x80, 0x00, 0x00, 0x00, 0x00, 0x00, 0x00, 0x1B, 0xFE, 0x40, 0x00, 0x1F, 0xFF, 0xFF, 0x00,
    0x07, 0xFE, 0xAF, 0xFC, 0x00, 0xFF, 0x00, 0x3F, 0xF0, 0x3F, 0xD0, 0x00, 0xFF, 0x47, 0xFC, 0x00,
    0x0B, 0xFC, 0xBF, 0x80, 0x00, 0x7F, 0xCF, 0xF8, 0x00, 0x03, 0xFD, 0xFF, 0x40, 0x00, 0x3F, 0xDF,
    0xF4, 0x00, 0x03, 0xFD, 0xFF, 0x80, 0x00, 0x3F, 0xCF, 0xF8, 0x00, 0x03, 0xFC, 0xBF, 0xC0, 0x00,
    0x7F, 0xC3, 0xFD, 0x00, 0x0B, 0xF4, 0x2F, 0xF0, 0x00, 0xFF, 0x00, 0xFF, 0xD0, 0x7F, 0xC0, 0x03,
    0xFF, 0xFF, 0xF0, 0x00, 0x0B, 0xFF, 0xF8, 0x00, 0x00, 0x01, 0x50, 0x00, 0x00, 0x00, 0x00, 0x00,
    0xB0, 0x0B, 0x47, 0xF0, 0xBF, 0x07, 0xFF, 0xF0, 0x07, 0xFF, 0x00, 0x0F, 0xF4, 0x00, 0xBF, 0xF0,
    0x0B, 0xFB, 0xF0, 0x7F, 0x07, 0xF0, 0x70, 0x07, 0x00, 0x00, 0x00, 0x00, 0x00, 0x06, 0xFF, 0x81,
    0xF4, 0x01, 0xFF, 0xFF, 0xFF, 0x80, 0x1F, 0xFA, 0xBF, 0xF8, 0x00, 0xFF, 0x00, 0x3F, 0xF0, 0x0F,
    0xF4, 0x00, 0xBF, 0xD0, 0x7F, 0xC0, 0x0B, 0xFF, 0xC2, 0xFE, 0x00, 0x7F, 0xFF, 0x0F, 0xF8, 0x03,
    0xE3, 0xFD, 0x3F, 0xD0, 0x3E, 0x0F, 0xF4, 0xFF, 0x43, 0xF0, 0x3F, 0xD3, 0xFE, 0x2F, 0x00, 0xFF,
    0x0F, 0xFE, 0xF0, 0x03, 0xFC, 0x2F, 0xFF, 0x40, 0x1F, 0xF0, 0x3F, 0xF8, 0x00, 0xBF, 0x40, 0xFF,
    0xC0, 0x03, 0xFC, 0x00, 0xFF, 0xD0, 0x7F, 0xC0, 0x0B, 0xFF, 0xFF, 0xFC, 0x00, 0xBD, 0x7F, 0xFF,
    0x80, 0x01, 0x40, 0x05, 0x40, 0x00, 0x00, 0x00, 0x01, 0x80, 0x00, 0x00, 0x00, 0x0F, 0xC0, 0x00,
    0x00, 0x00, 0x3F, 0xC0, 0x00, 0x00, 0x00, 0x7F, 0xC0, 0x00, 0x00, 0x00, 0x1B, 0xC0, 0x00, 0x00,
    0x00, 0x00, 0x00, 0x02, 0xAA, 0xA4, 0x02, 0xAA, 0x4F, 0xFF, 0xF0, 0x1F, 0xFF, 0x1B, 0xFE, 0x40,
    0x1F, 0xE0, 0x0F, 0xF0, 0x00, 0x2F, 0x00, 0x3F, 0xC0, 0x00, 0xBC, 0x00, 0xFF, 0x00, 0x02, 0xF0,
    0x03, 0xFC, 0x00, 0x0B, 0xC0, 0x0F, 0xF0, 0x00, 0x2F, 0x00, 0x3F, 0xC0, 0x00, 0xBC, 0x00, 0xFF,
    0x00, 0x02, 0xF0, 0x03, 0xFC, 0x00, 0x0B, 0xC0, 0x0F, 0xF0, 0x00, 0x2F, 0x00, 0x3F, 0xC0, 0x00,
    0xBC, 0x00, 0xFF, 0x00, 0x03, 0xE0, 0x03, 0xFE, 0x00, 0x1F, 0x40, 0x07, 0xFF, 0x56, 0xFC, 0x00,
    0x0B, 0xFF, 0xFF, 0xC0, 0x00, 0x07, 0xFF, 0xF8, 0x00, 0x00, 0x00, 0x54, 0x00, 0x00, 0x00, 0x00,
    0x00, 0x90, 0x00, 0x00, 0x00, 0x0F, 0xC0, 0x00, 0x00, 0x01, 0xFF, 0x00, 0x00, 0x00, 0x1F, 0xF4,
    0x00, 0x00, 0x00, 0xF8, 0x00, 0x00, 0x00, 0x00, 0x00, 0x00, 0x02, 0xAA, 0xA4, 0x02, 0xAA, 0x4F,
    0xFF, 0xF0, 0x1F, 0xFF, 0x1B, 0xFE, 0x40, 0x1F, 0xE0, 0x0F, 0xF0, 0x00, 0x2F, 0x00, 0x3F, 0xC0,
    0x00, 0xBC, 0x00, 0xFF, 0x00, 0x02, 0xF0, 0x03, 0xFC, 0x00, 0x0B, 0xC0, 0x0F, 0xF0, 0x00, 0x2F,
    0x00, 0x3F, 0xC0, 0x00, 0xBC, 0x00, 0xFF, 0x00, 0x02, 0xF0, 0x03, 0xFC, 0x00, 0x0B, 0xC0, 0x0F,
    0xF0, 0x00, 0x2F, 0x00, 0x3F, 0xC0, 0x00, 0xBC, 0x00, 0xFF, 0x00, 0x03, 0xE0, 0x03, 0xFE, 0x00,
    0x1F, 0x40, 0x07, 0xFF, 0x56, 0xFC, 0x00, 0x0B, 0xFF, 0xFF, 0xC0, 0x00, 0x07, 0xFF, 0xF8, 0x00,
    0x00, 0x00, 0x54, 0x00, 0x00, 0x00, 0x00, 0x2E, 0x00, 0x00, 0x00, 0x01, 0xFE, 0x00, 0x00, 0x00,
    0x1F, 0xFD, 0x00, 0x00, 0x01, 0xFD, 0xFC, 0x00, 0x00, 0x0F, 0x80, 0xBC, 0x00, 0x00, 0x00, 0x00,
    0x00, 0x02, 0xAA, 0xA4, 0x02, 0xAA, 0x4F, 0xFF, 0xF0, 0x1F, 0xFF, 0x1B, 0xFE, 0x40, 0x1F, 0xE0,
    0x0F, 0xF0, 0x00, 0x2F, 0x00, 0x3F, 0xC0, 0x00, 0xBC, 0x00, 0xFF, 0x00, 0x02, 0xF0, 0x03, 0xFC,
    0x00, 0x0B, 0xC0, 0x0F, 0xF0, 0x00, 0x2F, 0x00, 0x3F, 0xC0, 0x00, 0xBC, 0x00, 0xFF, 0x00, 0x02,
    0xF0, 0x03, 0xFC, 0x00, 0x0B, 0xC0, 0x0F, 0xF0, 0x00, 0x2F, 0x00, 0x3F, 0xC0, 0x00, 0xBC, 0x00,
    0xFF, 0x00, 0x03, 0xE0, 0x03, 0xFE, 0x00, 0x1F, 0x40, 0x07, 0xFF, 0x56, 0xFC, 0x00, 0x0B, 0xFF,
    0xFF, 0xC0, 0x00, 0x07, 0xFF, 0xF8, 0x00, 0x00, 0x00, 0x54, 0x00, 0x00, 0x00, 0x01, 0x00, 0x10,
    0x00, 0x00, 0x3F, 0x47, 0xF0, 0x00, 0x02, 0xFE, 0x3F, 0xD0, 0x00, 0x07, 0xF8, 0xBF, 0x40, 0x00,
    0x06, 0x80, 0xA4, 0x00, 0x00, 0x00, 0x00, 0x00, 0x02, 0xAA, 0xA4, 0x02, 0xAA, 0x4F, 0xFF, 0xF0,
    0x1F, 0xFF, 0x1B, 0xFE, 0x40, 0x1F, 0xE0, 0x0F, 0xF0, 0x00, 0x2F, 0x00, 0x3F, 0xC0, 0x00, 0xBC,
    0x00, 0xFF, 0x00, 0x02, 0xF0, 0x03, 0xFC, 0x00, 0x0B, 0xC0, 0x0F, 0xF0, 0x00, 0x2F, 0x00, 0x3F,
    0xC0, 0x00, 0xBC, 0x00, 0xFF, 0x00, 0x02, 0xF0, 0x03, 0xFC, 0x00, 0x0B, 0xC0, 0x0F, 0xF0, 0x00,
    0x2F, 0x00, 0x3F, 0xC0, 0x00, 0xBC, 0x00, 0xFF, 0x00, 0x03, 0xE0, 0x03, 0xFE, 0x00, 0x1F, 0x40,
    0x07, 0xFF, 0x56, 0xFC, 0x00, 0x0B, 0xFF, 0xFF, 0xC0, 0x00, 0x07, 0xFF, 0xF8, 0x00, 0x00, 0x00,
    0x54, 0x00, 0x00, 0x00, 0x00, 0x01, 0x80, 0x00, 0x00, 0x00, 0x2F, 0x40, 0x00, 0x00, 0x02, 0xFD,
    0x00, 0x00, 0x00, 0x2F, 0xE0, 0x00, 0x00, 0x01, 0xF4, 0x00, 0x00, 0x00, 0x00, 0x00, 0x00, 0x06,
    0xAA, 0xA4, 0x1A, 0xAA, 0x3F, 0xFF, 0xE0, 0xBF, 0xFD, 0x6F, 0xFD, 0x00, 0x7F, 0xD0, 0x1F, 0xF0,
    0x00, 0xFC, 0x00, 0x3F, 0xE0, 0x07, 0xD0, 0x00, 0x3F, 0xC0, 0x3F, 0x00, 0x00, 0xBF, 0x81, 0xF0,
    0x00, 0x00, 0xFF, 0x4F, 0x80, 0x00, 0x01, 0xFF, 0xBC, 0x00, 0x00, 0x03, 0xFF, 0xD0, 0x00, 0x00,
    0x03, 0xFF, 0x00, 0x00, 0x00, 0x0F, 0xF4, 0x00, 0x00, 0x00, 0x3F, 0xD0, 0x00, 0x00, 0x00, 0xFF,
    0x40, 0x00, 0x00, 0x03, 0xFD, 0x00, 0x00, 0x00, 0x0F, 0xF4, 0x00, 0x00, 0x03, 0xFF, 0xFE, 0x00,
    0x00, 0x0F, 0xFF, 0xF8, 0x00, 0x55, 0x55, 0x40, 0x03, 0xFF, 0xFF, 0x00, 0x06, 0xFF, 0xD4, 0x00,
    0x03, 0xFD, 0x00, 0x00, 0x0F, 0xFE, 0xA9, 0x00, 0x3F, 0xFF, 0xFF, 0x40, 0xFF, 0x46, 0xFF, 0x43,
    0xFD, 0x02, 0xFE, 0x0F, 0xF4, 0x07, 0xFC, 0x3F, 0xD0, 0x1F, 0xF0, 0xFF, 0x40, 0xBF, 0x83, 0xFD,
    0x0B, 0xFC, 0x0F, 0xFF, 0xFF, 0xD0, 0x3F, 0xFF, 0xF8, 0x00, 0xFF, 0x40, 0x00, 0x03, 0xFD, 0x00,
    0x00, 0xBF, 0xFF, 0xC0, 0x03, 0xFF, 0xFF, 0x00, 0x00, 0x00, 0x01, 0x69, 0x40, 0x00, 0x00, 0xBF,
    0xFF, 0xD0, 0x00, 0x0F, 0xF4, 0x7F, 0xD0, 0x00, 0xBF, 0x00, 0x3F, 0x80, 0x03, 0xFC, 0x00, 0xFE,
    0x00, 0x0F, 0xE0, 0x03, 0xF4, 0x00, 0x7F, 0x80, 0x1F, 0x40, 0x0B, 0xFE, 0x00, 0xF8, 0x00, 0x3F,
    0xF8, 0x0B, 0xC0, 0x00, 0x6F, 0xE0, 0x7E, 0x00, 0x00, 0x7F, 0x82, 0xFC, 0x00, 0x01, 0xFE, 0x0B,
    0xFE, 0x00, 0x07, 0xF8, 0x1F, 0xFF, 0x80, 0x1F, 0xE0, 0x1F, 0xFF, 0xC0, 0x7F, 0x80, 0x0B, 0xFF,
    0x41, 0xFE, 0x00, 0x01, 0xFE, 0x07, 0xF8, 0xF4, 0x03, 0xF8, 0x1F, 0xE3, 0xF0, 0x0F, 0xC3, 0xFF,
    0x8F, 0xFA, 0xFE, 0x0F, 0xFE, 0x3E, 0xFF, 0xE0, 0x00, 0x00, 0x10, 0x54, 0x00, 0x00, 0x00, 0x00,
    0x00, 0x03, 0xC0, 0x00, 0x00, 0x2F, 0x80, 0x00, 0x00, 0x7F, 0x40, 0x00, 0x00, 0x7F, 0x00, 0x00,
    0x00, 0x2E, 0x00, 0x00, 0x00, 0x10, 0x00, 0x00, 0x00, 0x00, 0x00, 0x02, 0xFF, 0xE0, 0x00, 0x3F,
    0xAF, 0xF4, 0x02, 0xF4, 0x0F, 0xF0, 0x0F, 0xE0, 0x3F, 0xC0, 0x1F, 0x40, 0xFF, 0x00, 0x00, 0x03,
    0xFC, 0x00, 0x1B, 0xFF, 0xF0, 0x03, 0xFE, 0xBF, 0xC0, 0x3F, 0xC0, 0xFF, 0x00, 0xFF, 0x03, 0xFC,
    0x03, 0xFC, 0x1F, 0xF4, 0x0B, 0xFF, 0xEF, 0xFD, 0x0F, 0xFD, 0x2F, 0xF0, 0x01, 0x40, 0x04, 0x00,
    0x00, 0x00, 0x00, 0x00, 0x00, 0x07, 0x80, 0x00, 0x00, 0x3F, 0x00, 0x00, 0x02, 0xFC, 0x00, 0x00,
    0x1F, 0x80, 0x00, 0x00, 0xF4, 0x00, 0x00, 0x01, 0x00, 0x00, 0x00, 0x00, 0x00, 0x00, 0x02, 0xFF,
    0xE0, 0x00, 0x3F, 0xAF, 0xF4, 0x02, 0xF4, 0x0F, 0xF0, 0x0F, 0xE0, 0x3F, 0xC0, 0x1F, 0x40, 0xFF,
    0x00, 0x00, 0x03, 0xFC, 0x00, 0x1B, 0xFF, 0xF0, 0x03, 0xFE, 0xBF, 0xC0, 0x3F, 0xC0, 0xFF, 0x00,
    0xFF, 0x03, 0xFC, 0x03, 0xFC, 0x1F, 0xF4, 0x0B, 0xFF, 0xEF, 0xFD, 0x0F, 0xFD, 0x2F, 0xF0, 0x01,
    0x40, 0x04, 0x00, 0x00, 0x00, 0x00, 0x00, 0x00, 0xBC, 0x00, 0x00, 0x07, 0xFC, 0x00, 0x00, 0x3F,
    0xF8, 0x00, 0x03, 0xF6, 0xF4, 0x00, 0x1E, 0x01, 0xF0, 0x00, 0x10, 0x00, 0x40, 0x00, 0x00, 0x00,
    0x00, 0x02, 0xFF, 0xE0, 0x00, 0x3F, 0xAF, 0xF4, 0x02, 0xF4, 0x0F, 0xF0, 0x0F, 0xE0, 0x3F, 0xC0,
    0x1F, 0x40, 0xFF, 0x00, 0x00, 0x03, 0xFC, 0x00, 0x1B, 0xFF, 0xF0, 0x03, 0xFE, 0xBF, 0xC0, 0x3F,
    0xC0, 0xFF, 0x00, 0xFF, 0x03, 0xFC, 0x03, 0xFC, 0x1F, 0xF4, 0x0B, 0xFF, 0xEF, 0xFD, 0x0F, 0xFD,
    0x2F, 0xF0, 0x01, 0x40, 0x04, 0x00, 0x00, 0x00, 0x00, 0x00, 0x07, 0xF4, 0x20, 0x00, 0x7F, 0xFF,
    0xC0, 0x02, 0xEF, 0xFE, 0x00, 0x01, 0x06, 0xE0, 0x00, 0x00, 0x00, 0x00, 0x00, 0x00, 0x00, 0x00,
    0x00, 0xBF, 0xF8, 0x00, 0x0F, 0xEB, 0xFD, 0x00, 0xBD, 0x03, 0xFC, 0x03, 0xF8, 0x0F, 0xF0, 0x07,
    0xD0, 0x3F, 0xC0, 0x00, 0x00, 0xFF, 0x00, 0x06, 0xFF, 0xFC, 0x00, 0xFF, 0xAF, 0xF0, 0x0F, 0xF0,
    0x3F, 0xC0, 0x3F, 0xC0, 0xFF, 0x00, 0xFF, 0x07, 0xFD, 0x02, 0xFF, 0xFB, 0xFF, 0x43, 0xFF, 0x4B,
    0xFC, 0x00, 0x50, 0x01, 0x00, 0x00, 0x00, 0x00, 0x00, 0x2F, 0x83, 0xF4, 0x00, 0xFF, 0x1F, 0xF0,
    0x03, 0xFC, 0x3F, 0x80, 0x02, 0x90, 0x78, 0x00, 0x00, 0x00, 0x00, 0x00, 0x00, 0x00, 0x00, 0x00,
    0xBF, 0xF8, 0x00, 0x0F, 0xEB, 0xFD, 0x00, 0xBD, 0x03, 0xFC, 0x03, 0xF8, 0x0F, 0xF0, 0x07, 0xD0,
    0x3F, 0xC0, 0x00, 0x00, 0xFF, 0x00, 0x06, 0xFF, 0xFC, 0x00, 0xFF, 0xAF, 0xF0, 0x0F, 0xF0, 0x3F,
    0xC0, 0x3F, 0xC0, 0xFF, 0x00, 0xFF, 0x07, 0xFD, 0x02, 0xFF, 0xFB, 0xFF, 0x43, 0xFF, 0x4B, 0xFC,
    0x00, 0x50, 0x01, 0x00, 0x00, 0x00, 0x00, 0x00, 0x02, 0xFF, 0x40, 0x00, 0x1F, 0x6F, 0x00, 0x00,
    0xB8, 0x3D, 0x00, 0x02, 0xF1, 0xF0, 0x00, 0x03, 0xFF, 0x80, 0x00, 0x01, 0x50, 0x00, 0x00, 0x00,
    0x00, 0x00, 0x02, 0xFF, 0xE0, 0x00, 0x3F, 0xAF, 0xF4, 0x02, 0xF4, 0x0F, 0xF0, 0x0F, 0xE0, 0x3F,
    0xC0, 0x1F, 0x40, 0xFF, 0x00, 0x00, 0x03, 0xFC, 0x00, 0x1B, 0xFF, 0xF0, 0x03, 0xFE, 0xBF, 0xC0,
    0x3F, 0xC0, 0xFF, 0x00, 0xFF, 0x03, 0xFC, 0x03, 0xFC, 0x1F, 0xF4, 0x0B, 0xFF, 0xEF, 0xFD, 0x0F,
    0xFD, 0x2F, 0xF0, 0x01, 0x40, 0x04, 0x00, 0x00, 0x00, 0x00, 0x00, 0x00, 0x00, 0xBF, 0xF8, 0x2F,
    0xF8, 0x00, 0xFE, 0xBF, 0xFF, 0xFF, 0xC0, 0xBD, 0x03, 0xFF, 0x03, 0xFC, 0x3F, 0x80, 0xFF, 0x40,
    0xBF, 0x07, 0xD0, 0x3F, 0xC0, 0x2F, 0xD0, 0x00, 0x0F, 0xFF, 0xFF, 0xF4, 0x0B, 0xFF, 0xFF, 0xFF,
    0xFC, 0x0F, 0xFA, 0xFF, 0x40, 0x00, 0x0F, 0xF0, 0x3F, 0xD0, 0x00, 0x03, 0xFC, 0x0F, 0xFC, 0x00,
    0x60, 0xFF, 0x07, 0xFF, 0xEA, 0xFD, 0x2F, 0xFF, 0xDF, 0xFF, 0xFD, 0x03, 0xFF, 0xD0, 0xBF, 0xFC,
    0x00, 0x05, 0x00, 0x01, 0x50, 0x00, 0x00, 0x00, 0x00, 0x00, 0x07, 0xFF, 0x80, 0x03, 0xFF, 0xFF,
    0x00, 0xFF, 0x02, 0xF8, 0x1F, 0xD0, 0x3F, 0xC3, 0xFC, 0x03, 0xF4, 0x3F, 0xC0, 0x04, 0x03, 0xFC,
    0x00, 0x00, 0x3F, 0xC0, 0x00, 0x03, 0xFD, 0x00, 0x00, 0x2F, 0xF0, 0x01, 0x00, 0xFF, 0xEA, 0xFC,
    0x07, 0xFF, 0xFF, 0x40, 0x1F, 0xFF, 0x80, 0x00, 0x0F, 0x40, 0x00, 0x01, 0xFE, 0x00, 0x00, 0x06,
    0xF4, 0x00, 0x00, 0x0F, 0x80, 0x00, 0x7B, 0xF4, 0x00, 0x02, 0xFE, 0x00, 0x00, 0x00, 0x00, 0x00,
    0x00, 0x00, 0x00, 0x00, 0x07, 0x80, 0x00, 0x00, 0xFD, 0x00, 0x00, 0x0B, 0xF0, 0x00, 0x00, 0x1F,
    0x80, 0x00, 0x00, 0x3D, 0x00, 0x00, 0x00, 0x40, 0x00, 0x00, 0x00, 0x00, 0x00, 0x7F, 0xF8, 0x00,
    0x3F, 0xFF, 0xF0, 0x0F, 0xF0, 0x3F, 0x81, 0xFD, 0x02, 0xFC, 0x3F, 0xC0, 0x2F, 0xC3, 0xFF, 0xFF,
    0xFC, 0x3F, 0xFF, 0xFF, 0xC3, 0xFC, 0x00, 0x00, 0x3F, 0xD0, 0x00, 0x02, 0xFF, 0x00, 0x14, 0x0F,
    0xFE, 0xAF, 0xC0, 0x7F, 0xFF, 0xF4, 0x01, 0xFF, 0xF8, 0x00, 0x00, 0x54, 0x00, 0x00, 0x00, 0x00,
    0x00, 0x00, 0x0B, 0x40, 0x00, 0x01, 0xFC, 0x00, 0x00, 0x3F, 0x80, 0x00, 0x0B, 0xD0, 0x00, 0x01,
    0xF0, 0x00, 0x00, 0x04, 0x00, 0x00, 0x00, 0x00, 0x00, 0x00, 0x7F, 0xF8, 0x00, 0x3F, 0xFF, 0xF0,
    0x0F, 0xF0, 0x3F, 0x81, 0xFD, 0x02, 0xFC, 0x3F, 0xC0, 0x2F, 0xC3, 0xFF, 0xFF, 0xFC, 0x3F, 0xFF,
    0xFF, 0xC3, 0xFC, 0x00, 0x00, 0x3F, 0xD0, 0x00, 0x02, 0xFF, 0x00, 0x14, 0x0F, 0xFE, 0xAF, 0xC0,
    0x7F, 0xFF, 0xF4, 0x01, 0xFF, 0xF8, 0x00, 0x00, 0x54, 0x00, 0x00, 0x00, 0x00, 0x00, 0x00, 0xFC,
    0x00, 0x00, 0x2F, 0xE0, 0x00, 0x07, 0xFF, 0x40, 0x00, 0xFC, 0xBC, 0x00, 0x2E, 0x01, 0xF0, 0x00,
    0x40, 0x04, 0x00, 0x00, 0x00, 0x00, 0x00, 0x7F, 0xF8, 0x00, 0x3F, 0xFF, 0xF0, 0x0F, 0xF0, 0x3F,
    0x81, 0xFD, 0x02, 0xFC, 0x3F, 0xC0, 0x2F, 0xC3, 0xFF, 0xFF, 0xFC, 0x3F, 0xFF, 0xFF, 0xC3, 0xFC,
    0x00, 0x00, 0x3F, 0xD0, 0x00, 0x02, 0xFF, 0x00, 0x14, 0x0F, 0xFE, 0xAF, 0xC0, 0x7F, 0xFF, 0xF4,
    0x01, 0xFF, 0xF8, 0x00, 0x00, 0x54, 0x00, 0x00, 0x00, 0x00, 0x00, 0x3F, 0x43, 0xF0, 0x07, 0xFC,
    0xBF, 0x80, 0x3F, 0x8B, 0xF4, 0x01, 0xE0, 0x2E, 0x00, 0x00, 0x00, 0x00, 0x00, 0x00, 0x00, 0x00,
    0x07, 0xFF, 0x80, 0x03, 0xFF, 0xFF, 0x00, 0xFF, 0x03, 0xF8, 0x1F, 0xD0, 0x2F, 0xC3, 0xFC, 0x02,
    0xFC, 0x3F, 0xFF, 0xFF, 0xC3, 0xFF, 0xFF, 0xFC, 0x3F, 0xC0, 0x00, 0x03, 0xFD, 0x00, 0x00, 0x2F,
    0xF0, 0x01, 0x40, 0xFF, 0xEA, 0xFC, 0x07, 0xFF, 0xFF, 0x40, 0x1F, 0xFF, 0x80, 0x00, 0x05, 0x40,
    0x00, 0x00, 0x00, 0x0F, 0x00, 0x0B, 0xE0, 0x01, 0xFD, 0x00, 0x1F, 0xC0, 0x00, 0xB8, 0x00, 0x04,
    0x00, 0x00, 0x00, 0x2F, 0xF8, 0x0F, 0xFE, 0x01, 0xBF, 0x80, 0x1F, 0xE0, 0x07, 0xF8, 0x01, 0xFE,
    0x00, 0x7F, 0x80, 0x1F, 0xE0, 0x07, 0xF8, 0x01, 0xFE, 0x00, 0x7F, 0xC0, 0xFF, 0xFD, 0x3F, 0xFF,
    0x80, 0x00, 0x00, 0x00, 0x1E, 0x00, 0x0F, 0xC0, 0x0B, 0xF0, 0x07, 0xE0, 0x03, 0xD0, 0x00, 0x40,
    0x00, 0x00, 0x00, 0x2F, 0xF8, 0x0F, 0xFE, 0x01, 0xBF, 0x80, 0x1F, 0xE0, 0x07, 0xF8, 0x01, 0xFE,
    0x00, 0x7F, 0x80, 0x1F, 0xE0, 0x07, 0xF8, 0x01, 0xFE, 0x00, 0x7F, 0xC0, 0xFF, 0xFD, 0x3F, 0xFF,
    0x80, 0x00, 0x00, 0x00, 0x2F, 0x00, 0x07, 0xFC, 0x00, 0xFF, 0xE0, 0x3F, 0x6F, 0x47, 0x80, 0x7C,
    0x10, 0x00, 0x40, 0x00, 0x00, 0x0B, 0xFE, 0x00, 0xFF, 0xE0, 0x06, 0xFE, 0x00, 0x1F, 0xE0, 0x01,
    0xFE, 0x00, 0x1F, 0xE0, 0x01, 0xFE, 0x00, 0x1F, 0xE0, 0x01, 0xFE, 0x00, 0x1F, 0xE0, 0x01, 0xFF,
    0x00, 0xFF, 0xFD, 0x0F, 0xFF, 0xE0, 0x00, 0x00, 0x00, 0xBE, 0x0F, 0xD3, 0xFC, 0x7F, 0xCF, 0xF1,
    0xFE, 0x1A, 0x41, 0xE0, 0x00, 0x00, 0x00, 0x00, 0x00, 0x00, 0xBF, 0xE0, 0x03, 0xFF, 0x80, 0x06,
    0xFE, 0x00, 0x07, 0xF8, 0x00, 0x1F, 0xE0, 0x00, 0x7F, 0x80, 0x01, 0xFE, 0x00, 0x07, 0xF8, 0x00,
    0x1F, 0xE0, 0x00, 0x7F, 0x80, 0x01, 0xFF, 0x00, 0x3F, 0xFF, 0x40, 0xFF, 0xFE, 0x00, 0x00, 0x01,
    0x00, 0x05, 0x40, 0x2E, 0x00, 0x3F, 0xFB, 0xF4, 0x00, 0x6F, 0xFF, 0x00, 0x00, 0x0F, 0xFD, 0x00,
    0x00, 0xFF, 0xFD, 0x00, 0x03, 0x83, 0xFC, 0x00, 0x00, 0x0B, 0xF4, 0x00, 0x15, 0x0F, 0xE0, 0x07,
    0xFF, 0x7F, 0xC0, 0xBF, 0xEF, 0xFF, 0x07, 0xFC, 0x0B, 0xFC, 0x2F, 0xD0, 0x0F, 0xF0, 0xFF, 0x00,
    0x3F, 0xC3, 0xFC, 0x00, 0xFF, 0x0F, 0xF0, 0x03, 0xFC, 0x3F, 0xC0, 0x0F, 0xE0, 0xBF, 0x40, 0x7F,
    0x41, 0xFF, 0x03, 0xF8, 0x02, 0xFF, 0xBF, 0xC0, 0x01, 0xFF, 0xF8, 0x00, 0x00, 0x14, 0x00, 0x00,
    0x00, 0x00, 0x00, 0x00, 0x00, 0x07, 0xF4, 0x20, 0x00, 0x03, 0xFF, 0xFC, 0x00, 0x02, 0xEF, 0xFE,
    0x00, 0x00, 0x10, 0x6E, 0x00, 0x00, 0x00, 0x00, 0x00, 0x00, 0x00, 0x00, 0x00, 0x00, 0xBF, 0xC2,
    0xFF, 0x40, 0x3F, 0xF7, 0xFF, 0xF4, 0x06, 0xFF, 0xEB, 0xFF, 0x00, 0x7F, 0xD0, 0x3F, 0xC0, 0x1F,
    0xF0, 0x0F, 0xF0, 0x07, 0xF8, 0x03, 0xFC, 0x01, 0xFE, 0x00, 0xFF, 0x00, 0x7F, 0x80, 0x3F, 0xC0,
    0x1F, 0xE0, 0x0F, 0xF0, 0x07, 0xF8, 0x03, 0xFC, 0x01, 0xFF, 0x00, 0xFF, 0x02, 0xFF, 0xF1, 0xFF,
    0xF8, 0xFF, 0xFC, 0x7F, 0xFF, 0x00, 0x00, 0x00, 0x00, 0x00, 0xF0, 0x00, 0x00, 0x0B, 0xE0, 0x00,
    0x00, 0x1F, 0xD0, 0x00, 0x00, 0x1F, 0xC0, 0x00, 0x00, 0x0B, 0x80, 0x00, 0x00, 0x04, 0x00, 0x00,
    0x00, 0x00, 0x00, 0x00, 0x7F, 0xFD, 0x00, 0x0F, 0xFF, 0xFF, 0x00, 0xFF, 0x43, 0xFE, 0x07, 0xF8,
    0x03, 0xFC, 0x3F, 0xC0, 0x0B, 0xF8, 0xFF, 0x00, 0x2F, 0xE3, 0xFC, 0x00, 0xBF, 0x8F, 0xF0, 0x02,
    0xFE, 0x3F, 0xD0, 0x0B, 0xF4, 0xBF, 0x80, 0x3F, 0xC0, 0xFF, 0x41, 0xFE, 0x01, 0xFF, 0xFF, 0xF0,
    0x01, 0xFF, 0xFD, 0x00, 0x00, 0x15, 0x00, 0x00, 0x00, 0x00, 0x00, 0x00, 0x00, 0x01, 0xF0, 0x00,
    0x00, 0x0F, 0xC0, 0x00, 0x00, 0xBF, 0x00, 0x00, 0x07, 0xE0, 0x00, 0x00, 0x3D, 0x00, 0x00, 0x00,
    0x40, 0x00, 0x00, 0x00, 0x00, 0x00, 0x00, 0x7F, 0xFD, 0x00, 0x0F, 0xFF, 0xFF, 0x00, 0xFF, 0x43,
    0xFE, 0x07, 0xF8, 0x03, 0xFC, 0x3F, 0xC0, 0x0B, 0xF8, 0xFF, 0x00, 0x2F, 0xE3, 0xFC, 0x00, 0xBF,
    0x8F, 0xF0, 0x02, 0xFE, 0x3F, 0xD0, 0x0B, 0xF4, 0xBF, 0x80, 0x3F, 0xC0, 0xFF, 0x41, 0xFE, 0x01,
    0xFF, 0xFF, 0xF0, 0x01, 0xFF, 0xFD, 0x00, 0x00, 0x15, 0x00, 0x00, 0x00, 0x00, 0x00, 0x00, 0x00,
    0x1F, 0x00, 0x00, 0x01, 0xFF, 0x00, 0x00, 0x0F, 0xFE, 0x00, 0x00, 0xFD, 0x7D, 0x00, 0x07, 0xC0,
    0x7C, 0x00, 0x04, 0x00, 0x10, 0x00, 0x00, 0x00, 0x00, 0x00, 0x7F, 0xFD, 0x00, 0x0F, 0xFF, 0xFF,
    0x00, 0xFF, 0x43, 0xFE, 0x07, 0xF8, 0x03, 0xFC, 0x3F, 0xC0, 0x0B, 0xF8, 0xFF, 0x00, 0x2F, 0xE3,
    0xFC, 0x00, 0xBF, 0x8F, 0xF0, 0x02, 0xFE, 0x3F, 0xD0, 0x0B, 0xF4, 0xBF, 0x80, 0x3F, 0xC0, 0xFF,
    0x41, 0xFE, 0x01, 0xFF, 0xFF, 0xF0, 0x01, 0xFF, 0xFD, 0x00, 0x00, 0x15, 0x00, 0x00, 0x00, 0x00,
    0x00, 0x00, 0x01, 0xFD, 0x08, 0x00, 0x0F, 0xFF, 0xF0, 0x00, 0xBB, 0xFF, 0x80, 0x00, 0x41, 0xB8,
    0x00, 0x00, 0x00, 0x00, 0x00, 0x00, 0x00, 0x00, 0x00, 0x1F, 0xFF, 0x40, 0x03, 0xFF, 0xFF, 0xC0,
    0x3F, 0xD0, 0xFF, 0x81, 0xFE, 0x00, 0xFF, 0x0F, 0xF0, 0x02, 0xFE, 0x3F, 0xC0, 0x0B, 0xF8, 0xFF,
    0x00, 0x2F, 0xE3, 0xFC, 0x00, 0xBF, 0x8F, 0xF4, 0x02, 0xFD, 0x2F, 0xE0, 0x0F, 0xF0, 0x3F, 0xD0,
    0x7F, 0x80, 0x7F, 0xFF, 0xFC, 0x00, 0x7F, 0xFF, 0x40, 0x00, 0x05, 0x40, 0x00, 0x00, 0x00, 0x00,
    0x00, 0x0B, 0xE0, 0xFD, 0x00, 0x3F, 0xC7, 0xFC, 0x00, 0xFF, 0x0F, 0xF0, 0x00, 0xA4, 0x1E, 0x00,
    0x00, 0x00, 0x00, 0x00, 0x00, 0x00, 0x00, 0x00, 0x1F, 0xFF, 0x40, 0x03, 0xFF, 0xFF, 0xC0, 0x3F,
    0xD0, 0xFF, 0x81, 0xFE, 0x00, 0xFF, 0x0F, 0xF0, 0x02, 0xFE, 0x3F, 0xC0, 0x0B, 0xF8, 0xFF, 0x00,
    0x2F, 0xE3, 0xFC, 0x00, 0xBF, 0x8F, 0xF4, 0x02, 0xFD, 0x2F, 0xE0, 0x0F, 0xF0, 0x3F, 0xD0, 0x7F,
    0x80, 0x7F, 0xFF, 0xFC, 0x00, 0x7F, 0xFF, 0x40, 0x00, 0x05, 0x40, 0x00, 0x00, 0x00, 0x00, 0x00,
    0x3E, 0x00, 0x00, 0xBF, 0x00, 0x00, 0xBF, 0x00, 0x00, 0x29, 0x00, 0x00, 0x00, 0x00, 0x3F, 0xFF,
    0xFF, 0x3F, 0xFF, 0xFF, 0x2A, 0xAA, 0xAA, 0x00, 0x00, 0x00, 0x00, 0x3E, 0x00, 0x00, 0xBF, 0x00,
    0x00, 0xBF, 0x00, 0x00, 0x29, 0x00, 0x00, 0x00, 0x00, 0x50, 0x01, 0xFF, 0xFB, 0xC0, 0x3F, 0xFF,
    0xFD, 0x03, 0xFD, 0x0F, 0xF8, 0x1F, 0xE0, 0x3F, 0xF0, 0xFF, 0x02, 0xFF, 0xE3, 0xFC, 0x2F, 0xBF,
    0x8F, 0xF2, 0xF2, 0xFE, 0x3F, 0xEF, 0x0B, 0xF8, 0xFF, 0xF4, 0x2F, 0xD2, 0xFF, 0x40, 0xFF, 0x03,
    0xFD, 0x07, 0xF8, 0x0F, 0xFF, 0xFF, 0xC0, 0xBE, 0xFF, 0xF4, 0x01, 0x40, 0x54, 0x00, 0x00, 0x00,
    0x00, 0x00, 0x00, 0x00, 0x0F, 0x00, 0x00, 0x00, 0x07, 0xF0, 0x00, 0x00, 0x00, 0xFE, 0x00, 0x00,
    0x00, 0x0F, 0xC0, 0x00, 0x00, 0x00, 0x7C, 0x00, 0x00, 0x00, 0x01, 0x00, 0x00, 0x00, 0x00, 0x00,
    0x00, 0x2F, 0xF0, 0x2F, 0xF4, 0x1F, 0xFD, 0x0F, 0xFD, 0x01, 0xFF, 0x41, 0xFF, 0x40, 0x2F, 0xD0,
    0x2F, 0xD0, 0x0B, 0xF4, 0x0B, 0xF4, 0x02, 0xFD, 0x02, 0xFD, 0x00, 0xBF, 0x40, 0xBF, 0x40, 0x2F,
    0xD0, 0x2F, 0xD0, 0x0B, 0xF4, 0x0B, 0xF4, 0x02, 0xFD, 0x03, 0xFD, 0x00, 0xBF, 0xD7, 0xFF, 0x80,
    0x0F, 0xFF, 0xDF, 0xFC, 0x01, 0xFF, 0xD3, 0xFF, 0x40, 0x05, 0x00, 0x00, 0x00, 0x00, 0x00, 0x00,
    0x00, 0x00, 0x00, 0x0F, 0x00, 0x00, 0x00, 0x0F, 0xD0, 0x00, 0x00, 0x0B, 0xF0, 0x00, 0x00, 0x07,
    0xF0, 0x00, 0x00, 0x03, 0xD0, 0x00, 0x00, 0x00, 0x40, 0x00, 0x00, 0x00, 0x00, 0x00, 0x00, 0x2F,
    0xF0, 0x2F, 0xF4, 0x1F, 0xFD, 0x0F, 0xFD, 0x01, 0xFF, 0x41, 0xFF, 0x40, 0x2F, 0xD0, 0x2F, 0xD0,
    0x0B, 0xF4, 0x0B, 0xF4, 0x02, 0xFD, 0x02, 0xFD, 0x00, 0xBF, 0x40, 0xBF, 0x40, 0x2F, 0xD0, 0x2F,
    0xD0, 0x0B, 0xF4, 0x0B, 0xF4, 0x02, 0xFD, 0x03, 0xFD, 0x00, 0xBF, 0xD7, 0xFF, 0x80, 0x0F, 0xFF,
    0xDF, 0xFC, 0x01, 0xFF, 0xD3, 0xFF, 0x40, 0x05, 0x00, 0x00, 0x00, 0x00, 0x00, 0x00, 0x00, 0x00,
    0x01, 0xF4, 0x00, 0x00, 0x00, 0xFF, 0x00, 0x00, 0x00, 0xFF, 0xF0, 0x00, 0x00, 0xBD, 0x7E, 0x00,
    0x00, 0x7C, 0x03, 0xD0, 0x00, 0x04, 0x00, 0x10, 0x00, 0x00, 0x00, 0x00, 0x00, 0x2F, 0xF0, 0x2F,
    0xF4, 0x1F, 0xFD, 0x0F, 0xFD, 0x01, 0xFF, 0x41, 0xFF, 0x40, 0x2F, 0xD0, 0x2F, 0xD0, 0x0B, 0xF4,
    0x0B, 0xF4, 0x02, 0xFD, 0x02, 0xFD, 0x00, 0xBF, 0x40, 0xBF, 0x40, 0x2F, 0xD0, 0x2F, 0xD0, 0x0B,
    0xF4, 0x0B, 0xF4, 0x02, 0xFD, 0x03, 0xFD, 0x00, 0xBF, 0xD7, 0xFF, 0x80, 0x0F, 0xFF, 0xDF, 0xFC,
    0x01, 0xFF, 0xD3, 0xFF, 0x40, 0x05, 0x00, 0x00, 0x00, 0x00, 0x00, 0x00, 0x00, 0x00, 0x7F, 0x0B,
    0xE0, 0x00, 0x3F, 0xD3, 0xFC, 0x00, 0x0F, 0xF0, 0xFF, 0x00, 0x00, 0xB4, 0x1A, 0x00, 0x00, 0x00,
    0x00, 0x00, 0x00, 0x00, 0x00, 0x00, 0x00, 0xBF, 0xC0, 0xBF, 0xD0, 0x7F, 0xF4, 0x3F, 0xF4, 0x07,
    0xFD, 0x07, 0xFD, 0x00, 0xBF, 0x40, 0xBF, 0x40, 0x2F, 0xD0, 0x2F, 0xD0, 0x0B, 0xF4, 0x0B, 0xF4,
    0x02, 0xFD, 0x02, 0xFD, 0x00, 0xBF, 0x40, 0xBF, 0x40, 0x2F, 0xD0, 0x2F, 0xD0, 0x0B, 0xF4, 0x0F,
    0xF4, 0x02, 0xFF, 0x5F, 0xFE, 0x00, 0x3F, 0xFF, 0x7F, 0xF0, 0x07, 0xFF, 0x4F, 0xFD, 0x00, 0x14,
    0x00, 0x00, 0x00, 0x00, 0x00, 0x00, 0x00, 0x00, 0x00, 0x3C, 0x00, 0x00, 0x00, 0xBE, 0x00, 0x00,
    0x01, 0xFD, 0x00, 0x00, 0x03, 0xF4, 0x00, 0x00, 0x0B, 0x80, 0x00, 0x00, 0x01, 0x00, 0x00, 0x00,
    0x00, 0x00, 0x00, 0x7F, 0xFE, 0x0F, 0xFC, 0xBF, 0xFE, 0x1F, 0xFC, 0x1F, 0xF4, 0x03, 0xE0, 0x0F,
    0xF4, 0x03, 0xC0, 0x07, 0xF8, 0x07, 0x80, 0x03, 0xFC, 0x0F, 0x40, 0x01, 0xFE, 0x0F, 0x00, 0x00,
    0xFF, 0x2D, 0x00, 0x00, 0xBF, 0x7C, 0x00, 0x00, 0x3F, 0xF8, 0x00, 0x00, 0x2F, 0xF0, 0x00, 0x00,
    0x0F, 0xF0, 0x00, 0x00, 0x0F, 0xD0, 0x00, 0x00, 0x0B, 0xC0, 0x00, 0x28, 0x0F, 0x80, 0x00, 0xBE,
    0x1F, 0x00, 0x00, 0xBD, 0x3D, 0x00, 0x00, 0x7F, 0xF8, 0x00, 0x00, 0x1A, 0x90, 0x00, 0x00, 0x00,
    0x00, 0x00, 0x00, 0xBF, 0xF0, 0x00, 0x00, 0xBF, 0xF0, 0x00, 0x00, 0x0F, 0xF0, 0x00, 0x00, 0x0F,
    0xF0, 0x00, 0x00, 0x0F, 0xF0, 0x00, 0x00, 0x0F, 0xF0, 0x00, 0x00, 0x0F, 0xF1, 0xFF, 0x80, 0x0F,
    0xFB, 0xFF, 0xF0, 0x0F, 0xFE, 0x6F, 0xF8, 0x0F, 0xF8, 0x07, 0xFC, 0x0F, 0xF0, 0x03, 0xFC, 0x0F,
    0xF0, 0x03, 0xFC, 0x0F, 0xF0, 0x03, 0xFC, 0x0F, 0xF0, 0x03, 0xFC, 0x0F, 0xF0, 0x03, 0xFC, 0x0F,
    0xF0, 0x07, 0xF8, 0x0F, 0xF8, 0x1F, 0xF4, 0x0F, 0xFF, 0xFF, 0xE0, 0x0F, 0xFF, 0xFF, 0x40, 0x0F,
    0xF0, 0x50, 0x00, 0x0F, 0xF0, 0x00, 0x00, 0x0F, 0xF0, 0x00, 0x00, 0x2F, 0xF9, 0x00, 0x00, 0xBF,
    0xFF, 0x40, 0x00, 0x15, 0x55, 0x00, 0x00, 0x00, 0x00, 0x00, 0x00, 0x00, 0xFC, 0x1F, 0x80, 0x02,
    0xFD, 0x3F, 0xC0, 0x02, 0xFD, 0x3F, 0xC0, 0x00, 0xB8, 0x0B, 0x40, 0x00, 0x00, 0x00, 0x00, 0x00,
    0x00, 0x00, 0x00, 0x7F, 0xFE, 0x0F, 0xFC, 0xBF, 0xFE, 0x1F, 0xFC, 0x1F, 0xF4, 0x03, 0xE0, 0x0F,
    0xF4, 0x03, 0xC0, 0x07, 0xF8, 0x07, 0x80, 0x03, 0xFC, 0x0F, 0x40, 0x01, 0xFE, 0x0F, 0x00, 0x00,
    0xFF, 0x2D, 0x00, 0x00, 0xBF, 0x7C, 0x00, 0x00, 0x3F, 0xF8, 0x00, 0x00, 0x2F, 0xF0, 0x00, 0x00,
    0x0F, 0xF0, 0x00, 0x00, 0x0F, 0xD0, 0x00, 0x00, 0x0B, 0xC0, 0x00, 0x28, 0x0F, 0x80, 0x00, 0xBE,
    0x1F, 0x00, 0x00, 0xBD, 0x3D, 0x00, 0x00, 0x7F, 0xF8, 0x00, 0x00, 0x1A, 0x90, 0x00, 0x00, 0x00,
    0x15, 0x55, 0x40, 0x00, 0x00, 0xBF, 0xFF, 0x80, 0x00, 0x02, 0xFF, 0xFE, 0x00, 0x00, 0x01, 0x55,
    0x50, 0x00, 0x00, 0x00, 0x00, 0x00, 0x00, 0x00, 0x06, 0xA4, 0x00, 0x00, 0x00, 0x3F, 0xF0, 0x00,
    0x00, 0x00, 0xFF, 0xD0, 0x00, 0x00, 0x0B, 0xFF, 0x80, 0x00, 0x00, 0x3D, 0xFF, 0x00, 0x00, 0x01,
    0xF2, 0xFD, 0x00, 0x00, 0x0B, 0x87, 0xF8, 0x00, 0x00, 0x3D, 0x0F, 0xF0, 0x00, 0x01, 0xF0, 0x2F,
    0xD0, 0x00, 0x0F, 0x80, 0x7F, 0xC0, 0x00, 0x3E, 0x55, 0xFF, 0x00, 0x01, 0xFF, 0xFF, 0xFD, 0x00,
    0x0F, 0xEA, 0xAF, 0xFC, 0x00, 0x3D, 0x00, 0x0F, 0xF0, 0x02, 0xF0, 0x00, 0x3F, 0xE0, 0x0F, 0xC0,
    0x00, 0xBF, 0xC3, 0xFF, 0xE0, 0x1F, 0xFF, 0xEF, 0xFF, 0x80, 0x7F, 0xFF, 0x80, 0x01, 0x55, 0x50,
    0x00, 0x0F, 0xFF, 0xF0, 0x00, 0x3F, 0xFF, 0xC0, 0x00, 0x55, 0x55, 0x00, 0x00, 0x00, 0x00, 0x00,
    0x00, 0x00, 0x00, 0x00, 0x2F, 0xFE, 0x00, 0x03, 0xFA, 0xFF, 0x40, 0x2F, 0x40, 0xFF, 0x00, 0xFE,
    0x03, 0xFC, 0x01, 0xF4, 0x0F, 0xF0, 0x00, 0x00, 0x3F, 0xC0, 0x01, 0xBF, 0xFF, 0x00, 0x3F, 0xEB,
    0xFC, 0x03, 0xFC, 0x0F, 0xF0, 0x0F, 0xF0, 0x3F, 0xC0, 0x3F, 0xC1, 0xFF, 0x40, 0xBF, 0xFE, 0xFF,
    0xD0, 0xFF, 0xD2, 0xFF, 0x00, 0x14, 0x00, 0x40, 0x00, 0x28, 0x00, 0xA0, 0x00, 0x00, 0xF0, 0x03,
    0xC0, 0x00, 0x02, 0xFA, 0xBD, 0x00, 0x00, 0x03, 0xFF, 0xF0, 0x00, 0x00, 0x03, 0xFE, 0x00, 0x00,
    0x00, 0x00, 0x00, 0x00, 0x00, 0x00, 0x1A, 0x90, 0x00, 0x00, 0x00, 0xFF, 0xC0, 0x00, 0x00, 0x03,
    0xFF, 0x40, 0x00, 0x00, 0x2F, 0xFE, 0x00, 0x00, 0x00, 0xF7, 0xFC, 0x00, 0x00, 0x07, 0xCB, 0xF4,
    0x00, 0x00, 0x2E, 0x1F, 0xE0, 0x00, 0x00, 0xF4, 0x3F, 0xC0, 0x00, 0x07, 0xC0, 0xBF, 0x40, 0x00,
    0x3E, 0x01, 0xFF, 0x00, 0x00, 0xF9, 0x57, 0xFC, 0x00, 0x07, 0xFF, 0xFF, 0xF4, 0x00, 0x3F, 0xAA,
    0xBF, 0xF0, 0x00, 0xF4, 0x00, 0x3F, 0xC0, 0x0B, 0xC0, 0x00, 0xFF, 0x80, 0x3F, 0x00, 0x02, 0xFF,
    0x0F, 0xFF, 0x80, 0x7F, 0xFF, 0xBF, 0xFE, 0x01, 0xFF, 0xFE, 0x07, 0x00, 0x1C, 0x00, 0x1E, 0x00,
    0xF0, 0x00, 0x3E, 0x5F, 0x80, 0x00, 0xBF, 0xFC, 0x00, 0x00, 0xBF, 0xD0, 0x00, 0x00, 0x14, 0x00,
    0x00, 0x00, 0x00, 0x00, 0x00, 0xBF, 0xF8, 0x00, 0x0F, 0xEB, 0xFD, 0x00, 0xBD, 0x03, 0xFC, 0x03,
    0xF8, 0x0F, 0xF0, 0x07, 0xD0, 0x3F, 0xC0, 0x00, 0x00, 0xFF, 0x00, 0x06, 0xFF, 0xFC, 0x00, 0xFF,
    0xAF, 0xF0, 0x0F, 0xF0, 0x3F, 0xC0, 0x3F, 0xC0, 0xFF, 0x00, 0xFF, 0x07, 0xFD, 0x02, 0xFF, 0xFB,
    0xFF, 0x43, 0xFF, 0x4B, 0xFC, 0x00, 0x50, 0x01, 0x00, 0x00, 0x01, 0xA9, 0x00, 0x00, 0x00, 0x0F,
    0xFC, 0x00, 0x00, 0x00, 0x3F, 0xF4, 0x00, 0x00, 0x02, 0xFF, 0xE0, 0x00, 0x00, 0x0F, 0x7F, 0xC0,
    0x00, 0x00, 0x7C, 0xBF, 0x40, 0x00, 0x02, 0xE1, 0xFE, 0x00, 0x00, 0x0F, 0x43, 0xFC, 0x00, 0x00,
    0x7C, 0x0B, 0xF4, 0x00, 0x03, 0xE0, 0x1F, 0xF0, 0x00, 0x0F, 0x95, 0x7F, 0xC0, 0x00, 0x7F, 0xFF,
    0xFF, 0x40, 0x03, 0xFA, 0xAB, 0xFF, 0x00, 0x0F, 0x40, 0x03, 0xFC, 0x00, 0xBC, 0x00, 0x0F, 0xF8,
    0x03, 0xF0, 0x00, 0x2F, 0xF0, 0xFF, 0xF8, 0x07, 0xFF, 0xFB, 0xFF, 0xE0, 0x1F, 0xFF, 0xE0, 0x00,
    0x00, 0x01, 0xF0, 0x00, 0x00, 0x00, 0x2F, 0x00, 0x00, 0x00, 0x01, 0xF4, 0x00, 0x00, 0x00, 0x0B,
    0xE1, 0x00, 0x00, 0x00, 0x2F, 0xFC, 0x00, 0x00, 0x00, 0x2F, 0xD0, 0x00, 0x00, 0x00, 0x00, 0x00,
    0x00, 0x00, 0x00, 0x00, 0x0B, 0xFF, 0x80, 0x00, 0xFE, 0xBF, 0xD0, 0x0B, 0xD0, 0x3F, 0xC0, 0x3F,
    0x80, 0xFF, 0x00, 0x7D, 0x03, 0xFC, 0x00, 0x00, 0x0F, 0xF0, 0x00, 0x6F, 0xFF, 0xC0, 0x0F, 0xFA,
    0xFF, 0x00, 0xFF, 0x03, 0xFC, 0x03, 0xFC, 0x0F, 0xF0, 0x0F, 0xF0, 0x7F, 0xD0, 0x2F, 0xFF, 0xFF,
    0xF4, 0x3F, 0xF4, 0xBF, 0xC0, 0x05, 0x00, 0xF4, 0x00, 0x00, 0x0F, 0x40, 0x00, 0x00, 0xFC, 0x00,
    0x00, 0x03, 0xF0, 0x00, 0x00, 0x0F, 0xFE, 0x00, 0x00, 0x1F, 0xE0, 0x00, 0x00, 0x00, 0x00, 0x00,
    0x00, 0x08, 0x00, 0x00, 0x00, 0x7F, 0x00, 0x00, 0x01, 0xFF, 0x00, 0x00, 0x07, 0xF8, 0x00, 0x00,
    0x0F, 0x80, 0x00, 0x00, 0x00, 0x00, 0x00, 0x00, 0x1B, 0xF8, 0x74, 0x01, 0xFF, 0xFF, 0xF8, 0x07,
    0xFE, 0xAF, 0xFC, 0x1F, 0xF0, 0x01, 0xFC, 0x3F, 0xD0, 0x00, 0xBC, 0x7F, 0xC0, 0x00, 0x3D, 0xBF,
    0x80, 0x00, 0x14, 0xFF, 0x40, 0x00, 0x00, 0xFF, 0x40, 0x00, 0x00, 0xFF, 0x40, 0x00, 0x00, 0xFF,
    0x80, 0x00, 0x00, 0xFF, 0x80, 0x00, 0x00, 0xBF, 0xC0, 0x00, 0x00, 0x3F, 0xE0, 0x00, 0x04, 0x2F,
    0xF4, 0x00, 0x3D, 0x0F, 0xFF, 0x9B, 0xFC, 0x03, 0xFF, 0xFF, 0xF0, 0x00, 0x7F, 0xFF, 0x40, 0x00,
    0x01, 0x50, 0x00, 0x00, 0x00, 0x00, 0x00, 0x00, 0x0B, 0x40, 0x00, 0x01, 0xFC, 0x00, 0x00, 0x3F,
    0x80, 0x00, 0x0B, 0xD0, 0x00, 0x01, 0xF0, 0x00, 0x00, 0x04, 0x00, 0x00, 0x00, 0x00, 0x00, 0x00,
    0x7F, 0xF8, 0x00, 0x3F, 0xFF, 0xF0, 0x0F, 0xF0, 0x2F, 0x81, 0xFD, 0x03, 0xFC, 0x3F, 0xC0, 0x3F,
    0x43, 0xFC, 0x00, 0x40, 0x3F, 0xC0, 0x00, 0x03, 0xFC, 0x00, 0x00, 0x3F, 0xD0, 0x00, 0x02, 0xFF,
    0x00, 0x10, 0x0F, 0xFE, 0xAF, 0xC0, 0x7F, 0xFF, 0xF4, 0x01, 0xFF, 0xF8, 0x00, 0x00, 0x54, 0x00,
    0x00, 0x02, 0xD0, 0x00, 0x00, 0x0B, 0xF4, 0x00, 0x00, 0x1F, 0xFD, 0x00, 0x00, 0x7F, 0x7F, 0x00,
    0x00, 0xF4, 0x0B, 0x80, 0x00, 0x00, 0x00, 0x00, 0x00, 0x1B, 0xF8, 0x74, 0x01, 0xFF, 0xFF, 0xF8,
    0x07, 0xFE, 0xAF, 0xFC, 0x1F, 0xF0, 0x01, 0xFC, 0x3F, 0xD0, 0x00, 0xBC, 0x7F, 0xC0, 0x00, 0x3D,
    0xBF, 0x80, 0x00, 0x14, 0xFF, 0x40, 0x00, 0x00, 0xFF, 0x40, 0x00, 0x00, 0xFF, 0x40, 0x00, 0x00,
    0xFF, 0x80, 0x00, 0x00, 0xFF, 0x80, 0x00, 0x00, 0xBF, 0xC0, 0x00, 0x00, 0x3F, 0xE0, 0x00, 0x04,
    0x2F, 0xF4, 0x00, 0x3D, 0x0F, 0xFF, 0x9B, 0xFC, 0x03, 0xFF, 0xFF, 0xF0, 0x00, 0x7F, 0xFF, 0x40,
    0x00, 0x01, 0x50, 0x00, 0x00, 0x00, 0x00, 0x00, 0x00, 0xFC, 0x00, 0x00, 0x2F, 0xE0, 0x00, 0x07,
    0xFF, 0x40, 0x00, 0xFC, 0xBC, 0x00, 0x2E, 0x01, 0xF0, 0x00, 0x40, 0x04, 0x00, 0x00, 0x00, 0x00,
    0x00, 0x7F, 0xF8, 0x00, 0x3F, 0xFF, 0xF0, 0x0F, 0xF0, 0x2F, 0x81, 0xFD, 0x03, 0xFC, 0x3F, 0xC0,
    0x3F, 0x43, 0xFC, 0x00, 0x40, 0x3F, 0xC0, 0x00, 0x03, 0xFC, 0x00, 0x00, 0x3F, 0xD0, 0x00, 0x02,
    0xFF, 0x00, 0x10, 0x0F, 0xFE, 0xAF, 0xC0, 0x7F, 0xFF, 0xF4, 0x01, 0xFF, 0xF8, 0x00, 0x00, 0x54,
    0x00, 0x00, 0x01, 0x40, 0x00, 0x00, 0x0B, 0xF4, 0x00, 0x00, 0x0F, 0xF8, 0x00, 0x00, 0x0F, 0xF8,
    0x00, 0x00, 0x02, 0xE0, 0x00, 0x00, 0x00, 0x00, 0x00, 0x00, 0x1B, 0xF8, 0x74, 0x01, 0xFF, 0xFF,
    0xF8, 0x07, 0xFE, 0xAF, 0xFC, 0x1F, 0xF0, 0x01, 0xFC, 0x3F, 0xD0, 0x00, 0xBC, 0x7F, 0xC0, 0x00,
    0x3D, 0xBF, 0x80, 0x00, 0x14, 0xFF, 0x40, 0x00, 0x00, 0xFF, 0x40, 0x00, 0x00, 0xFF, 0x40, 0x00,
    0x00, 0xFF, 0x80, 0x00, 0x00, 0xFF, 0x80, 0x00, 0x00, 0xBF, 0xC0, 0x00, 0x00, 0x3F, 0xE0, 0x00,
    0x04, 0x2F, 0xF4, 0x00, 0x3D, 0x0F, 0xFF, 0x9B, 0xFC, 0x03, 0xFF, 0xFF, 0xF0, 0x00, 0x7F, 0xFF,
    0x40, 0x00, 0x01, 0x50, 0x00, 0x00, 0x01, 0x00, 0x00, 0x01, 0xFD, 0x00, 0x00, 0x3F, 0xF0, 0x00,
    0x03, 0xFF, 0x00, 0x00, 0x0F, 0xC0, 0x00, 0x00, 0x00, 0x00, 0x00, 0x00, 0x00, 0x00, 0x07, 0xFF,
    0x80, 0x03, 0xFF, 0xFF, 0x00, 0xFF, 0x02, 0xF8, 0x1F, 0xD0, 0x3F, 0xC3, 0xFC, 0x03, 0xF4, 0x3F,
    0xC0, 0x04, 0x03, 0xFC, 0x00, 0x00, 0x3F, 0xC0, 0x00, 0x03, 0xFD, 0x00, 0x00, 0x2F, 0xF0, 0x01,
    0x00, 0xFF, 0xEA, 0xFC, 0x07, 0xFF, 0xFF, 0x40, 0x1F, 0xFF, 0x80, 0x00, 0x05, 0x40, 0x00, 0x00,
    0x00, 0x00, 0x00, 0x00, 0xE0, 0x03, 0x80, 0x00, 0xFD, 0x2F, 0x40, 0x00, 0x3F, 0xFE, 0x00, 0x00,
    0x0F, 0xF8, 0x00, 0x00, 0x03, 0xE0, 0x00, 0x00, 0x00, 0x00, 0x00, 0x00, 0x1B, 0xF8, 0x74, 0x01,
    0xFF, 0xFF, 0xF8, 0x07, 0xFE, 0xAF, 0xFC, 0x1F, 0xF0, 0x01, 0xFC, 0x3F, 0xD0, 0x00, 0xBC, 0x7F,
    0xC0, 0x00, 0x3D, 0xBF, 0x80, 0x00, 0x14, 0xFF, 0x40, 0x00, 0x00, 0xFF, 0x40, 0x00, 0x00, 0xFF,
    0x40, 0x00, 0x00, 0xFF, 0x80, 0x00, 0x00, 0xFF, 0x80, 0x00, 0x00, 0xBF, 0xC0, 0x00, 0x00, 0x3F,
    0xE0, 0x00, 0x04, 0x2F, 0xF4, 0x00, 0x3D, 0x0F, 0xFF, 0x9B, 0xFC, 0x03, 0xFF, 0xFF, 0xF0, 0x00,
    0x7F, 0xFF, 0x40, 0x00, 0x01, 0x50, 0x00, 0x00, 0x00, 0x00, 0x00, 0x2C, 0x00, 0xE0, 0x01, 0xF4,
    0x7D, 0x00, 0x0B, 0xEF, 0x80, 0x00, 0x3F, 0xF0, 0x00, 0x01, 0xFC, 0x00, 0x00, 0x02, 0x00, 0x00,
    0x00, 0x00, 0x00, 0x00, 0x7F, 0xF8, 0x00, 0x3F, 0xFF, 0xF0, 0x0F, 0xF0, 0x2F, 0x81, 0xFD, 0x03,
    0xFC, 0x3F, 0xC0, 0x3F, 0x43, 0xFC, 0x00, 0x40, 0x3F, 0xC0, 0x00, 0x03, 0xFC, 0x00, 0x00, 0x3F,
    0xD0, 0x00, 0x02, 0xFF, 0x00, 0x10, 0x0F, 0xFE, 0xAF, 0xC0, 0x7F, 0xFF, 0xF4, 0x01, 0xFF, 0xF8,
    0x00, 0x00, 0x54, 0x00, 0x00, 0x00, 0x00, 0x00, 0x00, 0x1D, 0x00, 0x74, 0x00, 0x00, 0xFD, 0x3F,
    0x00, 0x00, 0x03, 0xFF, 0xD0, 0x00, 0x00, 0x1F, 0xF4, 0x00, 0x00, 0x00, 0x7D, 0x00, 0x00, 0x00,
    0x00, 0x00, 0x00, 0x06, 0xAA, 0xA9, 0x40, 0x00, 0xFF, 0xFF, 0xFF, 0xD0, 0x02, 0xFF, 0xFF, 0xFF,
    0xC0, 0x0F, 0xF4, 0x07, 0xFF, 0x00, 0xFF, 0x40, 0x0F, 0xF4, 0x0F, 0xF4, 0x00, 0xBF, 0xC0, 0xFF,
    0x40, 0x07, 0xFC, 0x0F, 0xF4, 0x00, 0x3F, 0xD0, 0xFF, 0x40, 0x03, 0xFD, 0x0F, 0xF4, 0x00, 0x3F,
    0xD0, 0xFF, 0x40, 0x03, 0xFD, 0x0F, 0xF4, 0x00, 0x3F, 0xC0, 0xFF, 0x40, 0x07, 0xFC, 0x0F, 0xF4,
    0x00, 0xFF, 0x40, 0xFF, 0x40, 0x2F, 0xE0, 0x0F, 0xF9, 0x5F, 0xFC, 0x0B, 0xFF, 0xFF, 0xFE, 0x00,
    0xFF, 0xFF, 0xF9, 0x00, 0x00, 0x00, 0x00, 0x00, 0x00, 0x00, 0x00, 0x03, 0xFF, 0xC7, 0xC0, 0x00,
    0x0F, 0xFF, 0x3F, 0xC0, 0x00, 0x03, 0xFC, 0x7F, 0x00, 0x00, 0x0F, 0xF0, 0xB8, 0x00, 0x00, 0x3F,
    0xC3, 0xC0, 0x00, 0x00, 0xFF, 0x1E, 0x00, 0x2F, 0xFB, 0xFC, 0x60, 0x03, 0xFF, 0xFF, 0xF0, 0x00,
    0x3F, 0xE5, 0xBF, 0xC0, 0x01, 0xFE, 0x00, 0xFF, 0x00, 0x0F, 0xF4, 0x03, 0xFC, 0x00, 0x3F, 0xC0,
    0x0F, 0xF0, 0x00, 0xFF, 0x00, 0x3F, 0xC0, 0x03, 0xFC, 0x00, 0xFF, 0x00, 0x0F, 0xF4, 0x03, 0xFC,
    0x00, 0x3F, 0xE0, 0x0F, 0xF0, 0x00, 0x7F, 0xD1, 0xFF, 0xC0, 0x00, 0xFF, 0xFF, 0xBF, 0xE0, 0x00,
    0xBF, 0xF1, 0xFF, 0xC0, 0x00, 0x14, 0x00, 0x00, 0x00, 0x1A, 0xAA, 0xA5, 0x00, 0x00, 0xFF, 0xFF,
    0xFF, 0xD0, 0x00, 0xBF, 0xFF, 0xFF, 0xF0, 0x00, 0xFF, 0x40, 0x7F, 0xF0, 0x03, 0xFD, 0x00, 0x3F,
    0xD0, 0x0F, 0xF4, 0x00, 0xBF, 0xC0, 0x3F, 0xD0, 0x01, 0xFF, 0x00, 0xFF, 0x40, 0x03, 0xFD, 0x7F,
    0xFF, 0xFC, 0x0F, 0xF6, 0xFF, 0xFF, 0xF0, 0x3F, 0xD0, 0x3F, 0xD0, 0x00, 0xFF, 0x40, 0xFF, 0x40,
    0x03, 0xFC, 0x03, 0xFD, 0x00, 0x1F, 0xF0, 0x0F, 0xF4, 0x00, 0xFF, 0x40, 0x3F, 0xD0, 0x0B, 0xF8,
    0x00, 0xFF, 0x95, 0xFF, 0xC0, 0x2F, 0xFF, 0xFF, 0xF8, 0x00, 0xFF, 0xFF, 0xF9, 0x00, 0x00, 0x00,
    0x00, 0x00, 0x00, 0x00, 0x00, 0x3F, 0xFC, 0x00, 0x00, 0x0B, 0xFF, 0x00, 0x00, 0x00, 0x3F, 0xC0,
    0x00, 0x0A, 0xAF, 0xFA, 0x00, 0x03, 0xFF, 0xFF, 0xD0, 0x00, 0x00, 0xFF, 0x00, 0x02, 0xFF, 0xBF,
    0xC0, 0x03, 0xFF, 0xFF, 0xF0, 0x03, 0xFE, 0x5B, 0xFC, 0x01, 0xFE, 0x00, 0xFF, 0x00, 0xFF, 0x40,
    0x3F, 0xC0, 0x3F, 0xC0, 0x0F, 0xF0, 0x0F, 0xF0, 0x03, 0xFC, 0x03, 0xFC, 0x00, 0xFF, 0x00, 0xFF,
    0x40, 0x3F, 0xC0, 0x3F, 0xE0, 0x0F, 0xF0, 0x07, 0xFD, 0x1F, 0xFC, 0x00, 0xFF, 0xFF, 0xBF, 0xE0,
    0x0B, 0xFF, 0x1F, 0xFC, 0x00, 0x14, 0x00, 0x00, 0x00, 0x01, 0x55, 0x54, 0x00, 0x0B, 0xFF, 0xF4,
    0x00, 0x2F, 0xFF, 0xD0, 0x00, 0x15, 0x55, 0x00, 0x00, 0x00, 0x00, 0x01, 0xAA, 0xAA, 0xAA, 0x0F,
    0xFF, 0xFF, 0xFE, 0x0B, 0xFE, 0xAB, 0xFC, 0x0F, 0xF4, 0x03, 0xF0, 0x3F, 0xD0, 0x07, 0xC0, 0xFF,
    0x40, 0x04, 0x03, 0xFD, 0x0B, 0x00, 0x0F, 0xF4, 0x3C, 0x00, 0x3F, 0xFF, 0xF0, 0x00, 0xFF, 0xFF,
    0xC0, 0x03, 0xFD, 0x1F, 0x00, 0x0F, 0xF4, 0x2C, 0x00, 0x3F, 0xD0, 0x00, 0x40, 0xFF, 0x40, 0x0F,
    0x83, 0xFD, 0x00, 0x3D, 0x0F, 0xF4, 0x07, 0xF6, 0xFF, 0xFF, 0xFF, 0xCF, 0xFF, 0xFF, 0xFF, 0x00,
    0x00, 0x55, 0x54, 0x00, 0x1F, 0xFF, 0xD0, 0x01, 0xFF, 0xFD, 0x00, 0x05, 0x55, 0x40, 0x00, 0x00,
    0x00, 0x00, 0x00, 0x00, 0x00, 0x00, 0x7F, 0xF8, 0x00, 0x3F, 0xFF, 0xF0, 0x0F, 0xF0, 0x3F, 0x81,
    0xFD, 0x02, 0xFC, 0x3F, 0xC0, 0x2F, 0xC3, 0xFF, 0xFF, 0xFC, 0x3F, 0xFF, 0xFF, 0xC3, 0xFC, 0x00,
    0x00, 0x3F, 0xD0, 0x00, 0x02, 0xFF, 0x00, 0x14, 0x0F, 0xFE, 0xAF, 0xC0, 0x7F, 0xFF, 0xF4, 0x01,
    0xFF, 0xF8, 0x00, 0x00, 0x54, 0x00, 0x03, 0x40, 0x0A, 0x00, 0x0F, 0x00, 0x78, 0x00, 0x2F, 0xAB,
    0xD0, 0x00, 0x3F, 0xFF, 0x00, 0x00, 0x7F, 0xE0, 0x00, 0x00, 0x00, 0x00, 0x06, 0xAA, 0xAA, 0xA8,
    0x3F, 0xFF, 0xFF, 0xF8, 0x2F, 0xFA, 0xAF, 0xF0, 0x3F, 0xD0, 0x0F, 0xC0, 0xFF, 0x40, 0x1F, 0x03,
    0xFD, 0x00, 0x10, 0x0F, 0xF4, 0x2C, 0x00, 0x3F, 0xD0, 0xF0, 0x00, 0xFF, 0xFF, 0xC0, 0x03, 0xFF,
    0xFF, 0x00, 0x0F, 0xF4, 0x7C, 0x00, 0x3F, 0xD0, 0xB0, 0x00, 0xFF, 0x40, 0x01, 0x03, 0xFD, 0x00,
    0x3E, 0x0F, 0xF4, 0x00, 0xF4, 0x3F, 0xD0, 0x1F, 0xDB, 0xFF, 0xFF, 0xFF, 0x3F, 0xFF, 0xFF, 0xFC,
    0x02, 0x80, 0x0A, 0x00, 0x2D, 0x00, 0xE0, 0x01, 0xF5, 0x7D, 0x00, 0x0F, 0xFF, 0xC0, 0x00, 0x3F,
    0xF0, 0x00, 0x00, 0x50, 0x00, 0x00, 0x00, 0x00, 0x00, 0x07, 0xFF, 0x80, 0x03, 0xFF, 0xFF, 0x00,
    0xFF, 0x03, 0xF8, 0x1F, 0xD0, 0x2F, 0xC3, 0xFC, 0x02, 0xFC, 0x3F, 0xFF, 0xFF, 0xC3, 0xFF, 0xFF,
    0xFC, 0x3F, 0xC0, 0x00, 0x03, 0xFD, 0x00, 0x00, 0x2F, 0xF0, 0x01, 0x40, 0xFF, 0xEA, 0xFC, 0x07,
    0xFF, 0xFF, 0x40, 0x1F, 0xFF, 0x80, 0x00, 0x05, 0x40, 0x00, 0x00, 0x05, 0x00, 0x00, 0x00, 0xBF,
    0x40, 0x00, 0x03, 0xFF, 0x00, 0x00, 0x0F, 0xF8, 0x00, 0x00, 0x0B, 0x80, 0x00, 0x00, 0x00, 0x00,
    0x06, 0xAA, 0xAA, 0xA8, 0x3F, 0xFF, 0xFF, 0xF8, 0x2F, 0xFA, 0xAF, 0xF0, 0x3F, 0xD0, 0x0F, 0xC0,
    0xFF, 0x40, 0x1F, 0x03, 0xFD, 0x00, 0x10, 0x0F, 0xF4, 0x2C, 0x00, 0x3F, 0xD0, 0xF0, 0x00, 0xFF,
    0xFF, 0xC0, 0x03, 0xFF, 0xFF, 0x00, 0x0F, 0xF4, 0x7C, 0x00, 0x3F, 0xD0, 0xB0, 0x00, 0xFF, 0x40,
    0x01, 0x03, 0xFD, 0x00, 0x3E, 0x0F, 0xF4, 0x00, 0xF4, 0x3F, 0xD0, 0x1F, 0xDB, 0xFF, 0xFF, 0xFF,
    0x3F, 0xFF, 0xFF, 0xFC, 0x00, 0x01, 0x00, 0x00, 0x01, 0xFD, 0x00, 0x00, 0x3F, 0xF0, 0x00, 0x03,
    0xFF, 0x00, 0x00, 0x0F, 0xC0, 0x00, 0x00, 0x00, 0x00, 0x00, 0x00, 0x00, 0x00, 0x07, 0xFF, 0x80,
    0x03, 0xFF, 0xFF, 0x00, 0xFF, 0x03, 0xF8, 0x1F, 0xD0, 0x2F, 0xC3, 0xFC, 0x02, 0xFC, 0x3F, 0xFF,
    0xFF, 0xC3, 0xFF, 0xFF, 0xFC, 0x3F, 0xC0, 0x00, 0x03, 0xFD, 0x00, 0x00, 0x2F, 0xF0, 0x01, 0x40,
    0xFF, 0xEA, 0xFC, 0x07, 0xFF, 0xFF, 0x40, 0x1F, 0xFF, 0x80, 0x00, 0x05, 0x40, 0x00, 0x6A, 0xAA,
    0xAA, 0x83, 0xFF, 0xFF, 0xFF, 0x82, 0xFF, 0xAA, 0xFF, 0x03, 0xFD, 0x00, 0xFC, 0x0F, 0xF4, 0x01,
    0xF0, 0x3F, 0xD0, 0x01, 0x00, 0xFF, 0x42, 0xC0, 0x03, 0xFD, 0x0F, 0x00, 0x0F, 0xFF, 0xFC, 0x00,
    0x3F, 0xFF, 0xF0, 0x00, 0xFF, 0x47, 0xC0, 0x03, 0xFD, 0x0B, 0x00, 0x0F, 0xF4, 0x00, 0x10, 0x3F,
    0xD0, 0x03, 0xE0, 0xFF, 0x40, 0x0F, 0x43, 0xFD, 0x01, 0xFD, 0xBF, 0xFF, 0xFF, 0xF3, 0xFF, 0xFF,
    0xFF, 0xC0, 0x00, 0x00, 0x7D, 0x00, 0x00, 0x0F, 0xC0, 0x00, 0x00, 0xBD, 0x00, 0x00, 0x03, 0xF4,
    0x00, 0x00, 0x0F, 0xFF, 0x00, 0x00, 0x0F, 0xE0, 0x00, 0x00, 0x00, 0x00, 0x00, 0x00, 0x00, 0x00,
    0x07, 0xFF, 0x80, 0x03, 0xFF, 0xFF, 0x00, 0xFF, 0x03, 0xF8, 0x1F, 0xD0, 0x2F, 0xC3, 0xFC, 0x02,
    0xFC, 0x3F, 0xFF, 0xFF, 0xC3, 0xFF, 0xFF, 0xFC, 0x3F, 0xC0, 0x00, 0x03, 0xFD, 0x00, 0x00, 0x2F,
    0xF0, 0x01, 0x40, 0xFF, 0xEA, 0xFC, 0x07, 0xFF, 0xFF, 0x40, 0x1F, 0xFF, 0xC0, 0x00, 0x06, 0xF0,
    0x00, 0x00, 0x3D, 0x00, 0x00, 0x0F, 0xC0, 0x00, 0x00, 0xFC, 0x00, 0x00, 0x0F, 0xFE, 0x00, 0x00,
    0x7F, 0x80, 0x00, 0x00, 0x00, 0x00, 0x00, 0x00, 0x00, 0x00, 0x0E, 0x00, 0x38, 0x00, 0x2F, 0x4B,
    0xD0, 0x00, 0x3F, 0xFE, 0x00, 0x00, 0x3F, 0xE0, 0x00, 0x00, 0x3E, 0x00, 0x00, 0x00, 0x00, 0x00,
    0x1A, 0xAA, 0xAA, 0xA0, 0xFF, 0xFF, 0xFF, 0xE0, 0xBF, 0xEA, 0xBF, 0xC0, 0xFF, 0x40, 0x3F, 0x03,
    0xFD, 0x00, 0x7C, 0x0F, 0xF4, 0x00, 0x40, 0x3F, 0xD0, 0xB0, 0x00, 0xFF, 0x43, 0xC0, 0x03, 0xFF,
    0xFF, 0x00, 0x0F, 0xFF, 0xFC, 0x00, 0x3F, 0xD1, 0xF0, 0x00, 0xFF, 0x42, 0xC0, 0x03, 0xFD, 0x00,
    0x04, 0x0F, 0xF4, 0x00, 0xF8, 0x3F, 0xD0, 0x03, 0xD0, 0xFF, 0x40, 0x7F, 0x6F, 0xFF, 0xFF, 0xFC,
    0xFF, 0xFF, 0xFF, 0xF0, 0x00, 0x00, 0x00, 0x00, 0x2C, 0x00, 0xE0, 0x01, 0xF4, 0x7D, 0x00, 0x0B,
    0xEF, 0x80, 0x00, 0x3F, 0xF0, 0x00, 0x01, 0xFC, 0x00, 0x00, 0x02, 0x00, 0x00, 0x00, 0x00, 0x00,
    0x00, 0x7F, 0xF8, 0x00, 0x3F, 0xFF, 0xF0, 0x0F, 0xF0, 0x3F, 0x81, 0xFD, 0x02, 0xFC, 0x3F, 0xC0,
    0x2F, 0xC3, 0xFF, 0xFF, 0xFC, 0x3F, 0xFF, 0xFF, 0xC3, 0xFC, 0x00, 0x00, 0x3F, 0xD0, 0x00, 0x02,
    0xFF, 0x00, 0x14, 0x0F, 0xFE, 0xAF, 0xC0, 0x7F, 0xFF, 0xF4, 0x01, 0xFF, 0xF8, 0x00, 0x00, 0x54,
    0x00, 0x00, 0x01, 0xE0, 0x00, 0x00, 0x00, 0x7F, 0x80, 0x00, 0x00, 0x0F, 0xFE, 0x00, 0x00, 0x03,
    0xF7, 0xF4, 0x00, 0x00, 0xB8, 0x07, 0xC0, 0x00, 0x00, 0x00, 0x00, 0x00, 0x00, 0x1B, 0xF9, 0x38,
    0x00, 0x1F, 0xFF, 0xFF, 0xC0, 0x07, 0xFF, 0xAF, 0xFC, 0x00, 0xFF, 0x40, 0x0F, 0xD0, 0x3F, 0xD0,
    0x00, 0x7D, 0x07, 0xFC, 0x00, 0x02, 0xE0, 0xBF, 0x80, 0x00, 0x04, 0x0F, 0xF8, 0x00, 0x00, 0x00,
    0xFF, 0x40, 0x00, 0x00, 0x0F, 0xF4, 0x00, 0xFF, 0xFD, 0xFF, 0x80, 0x0F, 0xFF, 0xEF, 0xF8, 0x00,
    0x1F, 0xF4, 0xBF, 0xC0, 0x00, 0xFF, 0x03, 0xFD, 0x00, 0x0F, 0xF0, 0x3F, 0xF4, 0x00, 0xFF, 0x00,
    0xFF, 0xE5, 0xBF, 0xF0, 0x03, 0xFF, 0xFF, 0xFF, 0x00, 0x0B, 0xFF, 0xE2, 0xF0, 0x00, 0x01, 0x40,
    0x00, 0x00, 0x00, 0x00, 0x00, 0x00, 0x00, 0x1F, 0x00, 0x00, 0x00, 0x7F, 0xC0, 0x00, 0x00, 0xFF,
    0xE0, 0x00, 0x03, 0xF2, 0xF4, 0x00, 0x07, 0x80, 0x78, 0x10, 0x01, 0x00, 0x01, 0xFC, 0x00, 0x00,
    0x03, 0xFD, 0x01, 0xFF, 0xFF, 0x38, 0x0F, 0xFF, 0xFE, 0x00, 0x2F, 0xD0, 0xBF, 0x40, 0x3F, 0xC0,
    0x3F, 0xC0, 0x3F, 0xC0, 0x3F, 0xC0, 0x3F, 0xC0, 0x3F, 0xC0, 0x2F, 0xE0, 0xFF, 0x40, 0x0F, 0xFF,
    0xFE, 0x00, 0x0B, 0xFF, 0xE0, 0x00, 0x1F, 0x40, 0x00, 0x00, 0x2F, 0x95, 0x55, 0x00, 0x1F, 0xFF,
    0xFF, 0xD0, 0x07, 0xFF, 0xFF, 0xF0, 0x2F, 0xEA, 0xAF, 0xF8, 0x7F, 0x40, 0x0F, 0xF4, 0xBF, 0x00,
    0x0F, 0xF0, 0x7F, 0xD5, 0x7F, 0xE0, 0x2F, 0xFF, 0xFF, 0x40, 0x01, 0xAE, 0xA4, 0x00, 0x00, 0xA0,
    0x01, 0x80, 0x00, 0x0B, 0x40, 0x3C, 0x00, 0x00, 0x7E, 0xAF, 0x80, 0x00, 0x03, 0xFF, 0xF0, 0x00,
    0x00, 0x0F, 0xFC, 0x00, 0x00, 0x00, 0x00, 0x00, 0x00, 0x00, 0x1B, 0xF9, 0x38, 0x00, 0x1F, 0xFF,
    0xFF, 0xC0, 0x07, 0xFF, 0xAF, 0xFC, 0x00, 0xFF, 0x40, 0x0F, 0xD0, 0x3F, 0xD0, 0x00, 0x7D, 0x07,
    0xFC, 0x00, 0x02, 0xE0, 0xBF, 0x80, 0x00, 0x04, 0x0F, 0xF8, 0x00, 0x00, 0x00, 0xFF, 0x40, 0x00,
    0x00, 0x0F, 0xF4, 0x00, 0xFF, 0xFD, 0xFF, 0x80, 0x0F, 0xFF, 0xEF, 0xF8, 0x00, 0x1F, 0xF4, 0xBF,
    0xC0, 0x00, 0xFF, 0x03, 0xFD, 0x00, 0x0F, 0xF0, 0x3F, 0xF4, 0x00, 0xFF, 0x00, 0xFF, 0xE5, 0xBF,
    0xF0, 0x03, 0xFF, 0xFF, 0xFF, 0x00, 0x0B, 0xFF, 0xE2, 0xF0, 0x00, 0x01, 0x40, 0x00, 0x00, 0x03,
    0x00, 0x1C, 0x00, 0x03, 0x80, 0x3C, 0x00, 0x03, 0xE5, 0xBC, 0x00, 0x01, 0xFF, 0xF4, 0x00, 0x00,
    0xBF, 0xD0, 0x10, 0x00, 0x05, 0x01, 0xFC, 0x00, 0x00, 0x03, 0xFD, 0x01, 0xFF, 0xFF, 0x38, 0x0F,
    0xFF, 0xFE, 0x00, 0x2F, 0xD0, 0xBF, 0x40, 0x3F, 0xC0, 0x3F, 0xC0, 0x3F, 0xC0, 0x3F, 0xC0, 0x3F,
    0xC0, 0x3F, 0xC0, 0x2F, 0xE0, 0xFF, 0x40, 0x0F, 0xFF, 0xFE, 0x00, 0x0B, 0xFF, 0xE0, 0x00, 0x1F,
    0x40, 0x00, 0x00, 0x2F, 0x95, 0x55, 0x00, 0x1F, 0xFF, 0xFF, 0xD0, 0x07, 0xFF, 0xFF, 0xF0, 0x2F,
    0xEA, 0xAF, 0xF8, 0x7F, 0x40, 0x0F, 0xF4, 0xBF, 0x00, 0x0F, 0xF0, 0x7F, 0xD5, 0x7F, 0xE0, 0x2F,
    0xFF, 0xFF, 0x40, 0x01, 0xAE, 0xA4, 0x00, 0x00, 0x00, 0x50, 0x00, 0x00, 0x00, 0x7F, 0x80, 0x00,
    0x00, 0x0F, 0xFC, 0x00, 0x00, 0x00, 0xBF, 0xC0, 0x00, 0x00, 0x02, 0xE0, 0x00, 0x00, 0x00, 0x00,
    0x00, 0x00, 0x00, 0x1B, 0xF9, 0x38, 0x00, 0x1F, 0xFF, 0xFF, 0xC0, 0x07, 0xFF, 0xAF, 0xFC, 0x00,
    0xFF, 0x40, 0x0F, 0xD0, 0x3F, 0xD0, 0x00, 0x7D, 0x07, 0xFC, 0x00, 0x02, 0xE0, 0xBF, 0x80, 0x00,
    0x04, 0x0F, 0xF8, 0x00, 0x00, 0x00, 0xFF, 0x40, 0x00, 0x00, 0x0F, 0xF4, 0x00, 0xFF, 0xFD, 0xFF,
    0x80, 0x0F, 0xFF, 0xEF, 0xF8, 0x00, 0x1F, 0xF4, 0xBF, 0xC0, 0x00, 0xFF, 0x03, 0xFD, 0x00, 0x0F,
    0xF0, 0x3F, 0xF4, 0x00, 0xFF, 0x00, 0xFF, 0xE5, 0xBF, 0xF0, 0x03, 0xFF, 0xFF, 0xFF, 0x00, 0x0B,
    0xFF, 0xE2, 0xF0, 0x00, 0x01, 0x40, 0x00, 0x00, 0x00, 0x04, 0x00, 0x00, 0x00, 0x3F, 0xC0, 0x00,
    0x00, 0x7F, 0xD0, 0x00, 0x00, 0x7F, 0xD0, 0x00, 0x00, 0x2F, 0x40, 0x10, 0x00, 0x00, 0x01, 0xFC,
    0x00, 0x00, 0x03, 0xFD, 0x01, 0xFF, 0xFF, 0x38, 0x0F, 0xFF, 0xFE, 0x00, 0x2F, 0xD0, 0xBF, 0x40,
    0x3F, 0xC0, 0x3F, 0xC0, 0x3F, 0xC0, 0x3F, 0xC0, 0x3F, 0xC0, 0x3F, 0xC0, 0x2F, 0xE0, 0xFF, 0x40,
    0x0F, 0xFF, 0xFE, 0x00, 0x0B, 0xFF, 0xE0, 0x00, 0x1F, 0x40, 0x00, 0x00, 0x2F, 0x95, 0x55, 0x00,
    0x1F, 0xFF, 0xFF, 0xD0, 0x07, 0xFF, 0xFF, 0xF0, 0x2F, 0xEA, 0xAF, 0xF8, 0x7F, 0x40, 0x0F, 0xF4,
    0xBF, 0x00, 0x0F, 0xF0, 0x7F, 0xD5, 0x7F, 0xE0, 0x2F, 0xFF, 0xFF, 0x40, 0x01, 0xAE, 0xA4, 0x00,
    0x00, 0x1B, 0xF9, 0x38, 0x00, 0x1F, 0xFF, 0xFF, 0xC0, 0x07, 0xFF, 0xAF, 0xFC, 0x00, 0xFF, 0x40,
    0x0F, 0xD0, 0x3F, 0xD0, 0x00, 0x7D, 0x07, 0xFC, 0x00, 0x02, 0xE0, 0xBF, 0x80, 0x00, 0x04, 0x0F,
    0xF8, 0x00, 0x00, 0x00, 0xFF, 0x40, 0x00, 0x00, 0x0F, 0xF4, 0x00, 0xFF, 0xFD, 0xFF, 0x80, 0x0F,
    0xFF, 0xEF, 0xF8, 0x00, 0x1F, 0xF4, 0xBF, 0xC0, 0x00, 0xFF, 0x03, 0xFD, 0x00, 0x0F, 0xF0, 0x3F,
    0xF4, 0x00, 0xFF, 0x00, 0xFF, 0xE5, 0xBF, 0xF0, 0x03, 0xFF, 0xFF, 0xFF, 0x00, 0x0B, 0xFF, 0xE2,
    0xF0, 0x00, 0x01, 0x40, 0x00, 0x00, 0x00, 0x19, 0x00, 0x00, 0x00, 0x07, 0xF4, 0x00, 0x00, 0x00,
    0x7F, 0x80, 0x00, 0x00, 0x01, 0xF4, 0x00, 0x00, 0x00, 0x0F, 0x00, 0x00, 0x00, 0x03, 0xD0, 0x00,
    0x00, 0x00, 0x10, 0x00, 0x00, 0x00, 0x00, 0x00, 0x00, 0x00, 0x0B, 0x40, 0x00, 0x00, 0x1F, 0x00,
    0x00, 0x00, 0x3E, 0x00, 0x00, 0x00, 0x3F, 0x80, 0x00, 0x00, 0x3F, 0x80, 0x10, 0x00, 0x09, 0x01,
    0xFC, 0x00, 0x00, 0x03, 0xFD, 0x01, 0xFF, 0xFF, 0x38, 0x0F, 0xFF, 0xFE, 0x00, 0x2F, 0xD0, 0xBF,
    0x40, 0x3F, 0xC0, 0x3F, 0xC0, 0x3F, 0xC0, 0x3F, 0xC0, 0x3F, 0xC0, 0x3F, 0xC0, 0x2F, 0xE0, 0xFF,
    0x40, 0x0F, 0xFF, 0xFE, 0x00, 0x0B, 0xFF, 0xE0, 0x00, 0x1F, 0x40, 0x00, 0x00, 0x2F, 0x95, 0x55,
    0x00, 0x1F, 0xFF, 0xFF, 0xD0, 0x07, 0xFF, 0xFF, 0xF0, 0x2F, 0xEA, 0xAF, 0xF8, 0x7F, 0x40, 0x0F,
    0xF4, 0xBF, 0x00, 0x0F, 0xF0, 0x7F, 0xD5, 0x7F, 0xE0, 0x2F, 0xFF, 0xFF, 0x40, 0x01, 0xAE, 0xA4,
    0x00, 0x00, 0x00, 0x78, 0x00, 0x00, 0x00, 0x07, 0xF8, 0x00, 0x00, 0x00, 0x7F, 0xF4, 0x00, 0x00,
    0x03, 0xF7, 0xF4, 0x00, 0x00, 0x3E, 0x01, 0xF0, 0x00, 0x00, 0x00, 0x00, 0x00, 0x06, 0xAA, 0xA0,
    0x2A, 0xAA, 0x7F, 0xFF, 0xC0, 0xFF, 0xFF, 0x2F, 0xF9, 0x01, 0xBF, 0xE4, 0x3F, 0xD0, 0x00, 0xFF,
    0x00, 0xFF, 0x40, 0x03, 0xFC, 0x03, 0xFD, 0x00, 0x0F, 0xF0, 0x0F, 0xF4, 0x00, 0x3F, 0xC0, 0x3F,
    0xD0, 0x01, 0xFF, 0x00, 0xFF, 0xFF, 0xFF, 0xFC, 0x03, 0xFF, 0xFF, 0xFF, 0xF0, 0x0F, 0xF5, 0x55,
    0x7F, 0xC0, 0x3F, 0xD0, 0x00, 0xFF, 0x00, 0xFF, 0x40, 0x03, 0xFC, 0x03, 0xFD, 0x00, 0x0F, 0xF0,
    0x0F, 0xF4, 0x00, 0x3F, 0xC0, 0x3F, 0xD0, 0x01, 0xFF, 0x0B, 0xFF, 0xF0, 0x3F, 0xFF, 0xBF, 0xFF,
    0xC0, 0xFF, 0xFF, 0x01, 0xE0, 0x00, 0x00, 0x00, 0x3F, 0xC0, 0x00, 0x00, 0x0F, 0xFE, 0x00, 0x00,
    0x03, 0xFA, 0xF8, 0x00, 0x00, 0xB8, 0x07, 0xC0, 0x00, 0x01, 0x00, 0x04, 0x00, 0x00, 0x0F, 0xFE,
    0x00, 0x00, 0x00, 0xFF, 0xE0, 0x00, 0x00, 0x02, 0xFE, 0x00, 0x00, 0x00, 0x1F, 0xE0, 0x00, 0x00,
    0x01, 0xFE, 0x00, 0x00, 0x00, 0x1F, 0xE0, 0x00, 0x00, 0x01, 0xFE, 0x2F, 0xF4, 0x00, 0x1F, 0xEF,
    0xFF, 0xD0, 0x01, 0xFF, 0xEB, 0xFE, 0x00, 0x1F, 0xF0, 0x1F, 0xF0, 0x01, 0xFE, 0x00, 0xFF, 0x00,
    0x1F, 0xE0, 0x0F, 0xF0, 0x01, 0xFE, 0x00, 0xFF, 0x00, 0x1F, 0xE0, 0x0F, 0xF0, 0x01, 0xFE, 0x00,
    0xFF, 0x00, 0x1F, 0xE0, 0x0F, 0xF0, 0x02, 0xFE, 0x00, 0xFF, 0x00, 0xFF, 0xFC, 0x7F, 0xFD, 0x0F,
    0xFF, 0xC7, 0xFF, 0xE0, 0x2A, 0xAA, 0x40, 0xAA, 0xA9, 0x3F, 0xFF, 0xC1, 0xFF, 0xFD, 0x1B, 0xFD,
    0x00, 0x7F, 0xF4, 0x07, 0xFC, 0x00, 0x2F, 0xE0, 0x2B, 0xFE, 0xAA, 0xBF, 0xF9, 0x7F, 0xFF, 0xFF,
    0xFF, 0xFF, 0x17, 0xFD, 0x55, 0x6F, 0xF4, 0x07, 0xFC, 0x00, 0x2F, 0xE0, 0x07, 0xFE, 0xAA, 0xBF,
    0xE0, 0x07, 0xFF, 0xFF, 0xFF, 0xE0, 0x07, 0xFE, 0xAA, 0xBF, 0xE0, 0x07, 0xFC, 0x00, 0x2F, 0xE0,
    0x07, 0xFC, 0x00, 0x2F, 0xE0, 0x07, 0xFC, 0x00, 0x2F, 0xE0, 0x07, 0xFC, 0x00, 0x2F, 0xE0, 0x07,
    0xFC, 0x00, 0x2F, 0xF0, 0x3F, 0xFF, 0x81, 0xFF, 0xFD, 0x3F, 0xFF, 0xC1, 0xFF, 0xFD, 0x00, 0x00,
    0x00, 0x00, 0x0F, 0xFE, 0x00, 0x00, 0x03, 0xFF, 0x80, 0x00, 0x00, 0x2F, 0xE0, 0x00, 0x00, 0xAF,
    0xFE, 0xA0, 0x00, 0x3F, 0xFF, 0xFC, 0x00, 0x00, 0x7F, 0x80, 0x00, 0x00, 0x1F, 0xE2, 0xFF, 0x40,
    0x07, 0xFB, 0xFF, 0xF4, 0x01, 0xFF, 0xEB, 0xFE, 0x00, 0x7F, 0xC0, 0x7F, 0xC0, 0x1F, 0xE0, 0x0F,
    0xF0, 0x07, 0xF8, 0x03, 0xFC, 0x01, 0xFE, 0x00, 0xFF, 0x00, 0x7F, 0x80, 0x3F, 0xC0, 0x1F, 0xE0,
    0x0F, 0xF0, 0x07, 0xF8, 0x03, 0xFC, 0x02, 0xFE, 0x00, 0xFF, 0x03, 0xFF, 0xF1, 0xFF, 0xF4, 0xFF,
    0xFC, 0x7F, 0xFE, 0x00, 0x00, 0x00, 0xFE, 0x09, 0x3F, 0xFF, 0xE7, 0xAF, 0xFC, 0x10, 0x1A, 0x40,
    0x00, 0x00, 0x1A, 0xAA, 0x83, 0xFF, 0xFC, 0x0B, 0xFF, 0x40, 0x3F, 0xD0, 0x03, 0xFD, 0x00, 0x3F,
    0xD0, 0x03, 0xFD, 0x00, 0x3F, 0xD0, 0x03, 0xFD, 0x00, 0x3F, 0xD0, 0x03, 0xFD, 0x00, 0x3F, 0xD0,
    0x03, 0xFD, 0x00, 0x3F, 0xD0, 0x03, 0xFD, 0x00, 0x3F, 0xD0, 0x2F, 0xFF, 0xC3, 0xFF, 0xFC, 0x00,
    0x00, 0x02, 0xF9, 0x08, 0x7F, 0xFF, 0xCB, 0xBF, 0xF8, 0x10, 0x6E, 0x00, 0x00, 0x00, 0x00, 0x00,
    0x00, 0xBF, 0xE0, 0x0F, 0xFE, 0x00, 0x6F, 0xE0, 0x01, 0xFE, 0x00, 0x1F, 0xE0, 0x01, 0xFE, 0x00,
    0x1F, 0xE0, 0x01, 0xFE, 0x00, 0x1F, 0xE0, 0x01, 0xFE, 0x00, 0x1F, 0xF0, 0x0F, 0xFF, 0xD0, 0xFF,
    0xFE, 0x55, 0x55, 0x3F, 0xFF, 0xDF, 0xFF, 0xF4, 0x55, 0x54, 0x00, 0x00, 0x1A, 0xAA, 0x8F, 0xFF,
    0xF0, 0xBF, 0xF4, 0x0F, 0xF4, 0x03, 0xFD, 0x00, 0xFF, 0x40, 0x3F, 0xD0, 0x0F, 0xF4, 0x03, 0xFD,
    0x00, 0xFF, 0x40, 0x3F, 0xD0, 0x0F, 0xF4, 0x03, 0xFD, 0x00, 0xFF, 0x40, 0x3F, 0xD0, 0x0F, 0xF4,
    0x2F, 0xFF, 0xCF, 0xFF, 0xF0, 0x15, 0x55, 0x03, 0xFF, 0xFC, 0x3F, 0xFF, 0xC1, 0x55, 0x54, 0x00,
    0x00, 0x00, 0x00, 0x00, 0x0B, 0xFE, 0x00, 0xFF, 0xE0, 0x06, 0xFE, 0x00, 0x1F, 0xE0, 0x01, 0xFE,
    0x00, 0x1F, 0xE0, 0x01, 0xFE, 0x00, 0x1F, 0xE0, 0x01, 0xFE, 0x00, 0x1F, 0xE0, 0x01, 0xFF, 0x00,
    0xFF, 0xFD, 0x0F, 0xFF, 0xE0, 0x34, 0x00, 0x93, 0xC0, 0x1E, 0x3F, 0xAB, 0xC1, 0xFF, 0xF8, 0x07,
    0xFE, 0x00, 0x00, 0x00, 0x1A, 0xAA, 0x83, 0xFF, 0xFC, 0x0B, 0xFF, 0x40, 0x3F, 0xD0, 0x03, 0xFD,
    0x00, 0x3F, 0xD0, 0x03, 0xFD, 0x00, 0x3F, 0xD0, 0x03, 0xFD, 0x00, 0x3F, 0xD0, 0x03, 0xFD, 0x00,
    0x3F, 0xD0, 0x03, 0xFD, 0x00, 0x3F, 0xD0, 0x03, 0xFD, 0x00, 0x3F, 0xD0, 0x2F, 0xFF, 0xC3, 0xFF,
    0xFC, 0x60, 0x01, 0x87, 0x40, 0x3C, 0x3E, 0x5F, 0x82, 0xFF, 0xF0, 0x0B, 0xFD, 0x00, 0x05, 0x00,
    0x00, 0x00, 0x00, 0xBF, 0xE0, 0x0F, 0xFE, 0x00, 0x6F, 0xE0, 0x01, 0xFE, 0x00, 0x1F, 0xE0, 0x01,
    0xFE, 0x00, 0x1F, 0xE0, 0x01, 0xFE, 0x00, 0x1F, 0xE0, 0x01, 0xFE, 0x00, 0x1F, 0xF0, 0x0F, 0xFF,
    0xD0, 0xFF, 0xFE, 0x6A, 0xAA, 0x3F, 0xFF, 0xC2, 0xFF, 0xD0, 0x3F, 0xD0, 0x0F, 0xF4, 0x03, 0xFD,
    0x00, 0xFF, 0x40, 0x3F, 0xD0, 0x0F, 0xF4, 0x03, 0xFD, 0x00, 0xFF, 0x40, 0x3F, 0xD0, 0x0F, 0xF4,
    0x03, 0xFD, 0x00, 0xFF, 0x40, 0x3F, 0xD0, 0xBF, 0xFF, 0x3F, 0xFF, 0xC0, 0x2E, 0x00, 0x3F, 0x00,
    0x2F, 0x40, 0x0F, 0xD0, 0x02, 0xFF, 0xC0, 0x3F, 0xD0, 0x00, 0x00, 0x00, 0x00, 0x40, 0x02, 0xFD,
    0x00, 0xFF, 0x80, 0x3F, 0xE0, 0x07, 0xE0, 0x00, 0x00, 0x00, 0x00, 0x00, 0xBF, 0xE0, 0x3F, 0xF8,
    0x06, 0xFE, 0x00, 0x7F, 0x80, 0x1F, 0xE0, 0x07, 0xF8, 0x01, 0xFE, 0x00, 0x7F, 0x80, 0x1F, 0xE0,
    0x07, 0xF8, 0x01, 0xFF, 0x03, 0xFF, 0xF4, 0xFF, 0xFE, 0x01, 0xF0, 0x02, 0xF0, 0x01, 0xF8, 0x00,
    0xBE, 0x10, 0x1F, 0xFD, 0x02, 0xFD, 0x00, 0x00, 0x00, 0x01, 0x40, 0x03, 0xFD, 0x00, 0xFF, 0x80,
    0x3F, 0xD0, 0x06, 0xE0, 0x00, 0x00, 0x06, 0xAA, 0xA3, 0xFF, 0xFC, 0x2F, 0xFD, 0x03, 0xFD, 0x00,
    0xFF, 0x40, 0x3F, 0xD0, 0x0F, 0xF4, 0x03, 0xFD, 0x00, 0xFF, 0x40, 0x3F, 0xD0, 0x0F, 0xF4, 0x03,
    0xFD, 0x00, 0xFF, 0x40, 0x3F, 0xD0, 0x0F, 0xF4, 0x03, 0xFD, 0x0B, 0xFF, 0xF3, 0xFF, 0xFC, 0x2F,
    0xF8, 0x0F, 0xFE, 0x01, 0xBF, 0x80, 0x1F, 0xE0, 0x07, 0xF8, 0x01, 0xFE, 0x00, 0x7F, 0x80, 0x1F,
    0xE0, 0x07, 0xF8, 0x01, 0xFE, 0x00, 0x7F, 0xC0, 0xFF, 0xFD, 0x3F, 0xFF, 0x80, 0x6A, 0xAA, 0x00,
    0x02, 0xAA, 0xA8, 0xFF, 0xFF, 0x00, 0x07, 0xFF, 0xFC, 0x2F, 0xFD, 0x00, 0x01, 0xBF, 0xF4, 0x0F,
    0xF4, 0x00, 0x00, 0x3F, 0xD0, 0x0F, 0xF4, 0x00, 0x00, 0x3F, 0xD0, 0x0F, 0xF4, 0x00, 0x00, 0x3F,
    0xD0, 0x0F, 0xF4, 0x00, 0x00, 0x3F, 0xD0, 0x0F, 0xF4, 0x00, 0x00, 0x3F, 0xD0, 0x0F, 0xF4, 0x00,
    0x00, 0x3F, 0xD0, 0x0F, 0xF4, 0x00, 0x00, 0x3F, 0xD0, 0x0F, 0xF4, 0x00, 0x00, 0x3F, 0xD0, 0x0F,
    0xF4, 0x00, 0x00, 0x3F, 0xD0, 0x0F, 0xF4, 0x02, 0xE0, 0x3F, 0xD0, 0x0F, 0xF4, 0x0F, 0xF0, 0x3F,
    0xC0, 0x0F, 0xF4, 0x0F, 0xF0, 0x3F, 0xC0, 0x0F, 0xF4, 0x0F, 0xE0, 0xBF, 0x80, 0xBF, 0xFF, 0x07,
    0xFF, 0xFF, 0x00, 0xFF, 0xFF, 0x01, 0xFF, 0xF8, 0x00, 0x00, 0x00, 0x00, 0x05, 0x00, 0x00, 0x00,
    0x40, 0x00, 0x10, 0x0B, 0xF4, 0x02, 0xFC, 0x0F, 0xF8, 0x03, 0xFE, 0x0F, 0xF8, 0x03, 0xFE, 0x07,
    0xE0, 0x01, 0xF8, 0x00, 0x00, 0x00, 0x00, 0x00, 0x00, 0x00, 0x00, 0x2F, 0xF8, 0x0B, 0xFD, 0x3F,
    0xF8, 0x0F, 0xFE, 0x1B, 0xF8, 0x07, 0xFE, 0x07, 0xF8, 0x01, 0xFE, 0x07, 0xF8, 0x01, 0xFE, 0x07,
    0xF8, 0x01, 0xFE, 0x07, 0xF8, 0x01, 0xFE, 0x07, 0xF8, 0x01, 0xFE, 0x07, 0xF8, 0x01, 0xFE, 0x07,
    0xF8, 0x01, 0xFE, 0x07, 0xFC, 0x01, 0xFE, 0x3F, 0xFF, 0x41, 0xFE, 0x3F, 0xFF, 0x81, 0xFD, 0x00,
    0x00, 0x02, 0xFD, 0x00, 0x00, 0x02, 0xFC, 0x00, 0x00, 0x03, 0xF4, 0x00, 0x00, 0x0F, 0xE0, 0x00,
    0x00, 0x0F, 0x80, 0x00, 0x00, 0x05, 0x00, 0x00, 0x00, 0x78, 0x00, 0x00, 0x07, 0xF8, 0x00, 0x00,
    0x7F, 0xF4, 0x00, 0x03, 0xF7, 0xF4, 0x00, 0x2E, 0x01, 0xF0, 0x00, 0x00, 0x00, 0x00, 0x01, 0xAA,
    0xA9, 0x00, 0x0B, 0xFF, 0xFC, 0x00, 0x17, 0xFF, 0x90, 0x00, 0x07, 0xFC, 0x00, 0x00, 0x1F, 0xF0,
    0x00, 0x00, 0x7F, 0xC0, 0x00, 0x01, 0xFF, 0x00, 0x00, 0x07, 0xFC, 0x00, 0x00, 0x1F, 0xF0, 0x00,
    0x00, 0x7F, 0xC0, 0x00, 0x01, 0xFF, 0x00, 0x00, 0x07, 0xFC, 0x01, 0xF4, 0x1F, 0xF0, 0x0F, 0xE0,
    0x7F, 0xC0, 0x7F, 0x41, 0xFE, 0x01, 0xFC, 0x0F, 0xF0, 0x03, 0xFF, 0xFF, 0x40, 0x02, 0xFF, 0xF4,
    0x00, 0x00, 0x14, 0x00, 0x00, 0x00, 0x00, 0x00, 0x2F, 0x00, 0x07, 0xFC, 0x00, 0xFF, 0xE0, 0x3F,
    0x6F, 0x47, 0x80, 0x7C, 0x10, 0x00, 0x40, 0x00, 0x00, 0x0B, 0xFD, 0x01, 0xFF, 0xD0, 0x07, 0xFD,
    0x00, 0x2F, 0xD0, 0x02, 0xFD, 0x00, 0x2F, 0xD0, 0x02, 0xFD, 0x00, 0x2F, 0xD0, 0x02, 0xFD, 0x00,
    0x2F, 0xD0, 0x02, 0xFD, 0x00, 0x2F, 0xD0, 0x02, 0xFD, 0x00, 0x2F, 0xC0, 0x03, 0xFC, 0x00, 0x3F,
    0x40, 0x0F, 0xE0, 0x00, 0xF8, 0x00, 0x05, 0x00, 0x00, 0x6A, 0xAA, 0x02, 0xAA, 0x83, 0xFF, 0xFC,
    0x2F, 0xFF, 0x01, 0xFF, 0xD0, 0x1F, 0xE4, 0x03, 0xFD, 0x00, 0x7E, 0x00, 0x0F, 0xF4, 0x07, 0xE0,
    0x00, 0x3F, 0xD0, 0x7E, 0x00, 0x00, 0xFF, 0x47, 0xE0, 0x00, 0x03, 0xFD, 0x7E, 0x00, 0x00, 0x0F,
    0xFB, 0xFC, 0x00, 0x00, 0x3F, 0xFF, 0xF8, 0x00, 0x00, 0xFF, 0xFF, 0xF4, 0x00, 0x03, 0xFE, 0x3F,
    0xF0, 0x00, 0x0F, 0xF4, 0x3F, 0xE0, 0x00, 0x3F, 0xD0, 0xBF, 0xC0, 0x00, 0xFF, 0x40, 0xFF, 0xC0,
    0x03, 0xFD, 0x01, 0xFF, 0x80, 0xBF, 0xFF, 0x02, 0xFF, 0xF7, 0xFF, 0xFC, 0x02, 0xFF, 0xC0, 0x00,
    0x00, 0x00, 0x50, 0x00, 0x00, 0x24, 0x00, 0x00, 0x00, 0x03, 0xF8, 0x00, 0x00, 0x00, 0x0F, 0xF0,
    0x00, 0x00, 0x00, 0x1F, 0x80, 0x00, 0x00, 0x00, 0x3D, 0x00, 0x00, 0x00, 0x02, 0xE0, 0x00, 0x00,
    0x00, 0x05, 0x00, 0x00, 0x00, 0x00, 0x00, 0x00, 0x00, 0x0F, 0xFE, 0x00, 0x00, 0x03, 0xFF, 0x80,
    0x00, 0x00, 0x2F, 0xE0, 0x00, 0x00, 0x07, 0xF8, 0x00, 0x00, 0x01, 0xFE, 0x00, 0x00, 0x00, 0x7F,
    0x80, 0x00, 0x00, 0x1F, 0xE0, 0x7F, 0xF8, 0x07, 0xF8, 0x2F, 0xFF, 0x01, 0xFE, 0x02, 0xFD, 0x00,
    0x7F, 0x81, 0xF8, 0x00, 0x1F, 0xE1, 0xF8, 0x00, 0x07, 0xF9, 0xF8, 0x00, 0x01, 0xFE, 0xFF, 0x40,
    0x00, 0x7F, 0xAF, 0xF0, 0x00, 0x1F, 0xE3, 0xFF, 0x00, 0x07, 0xF8, 0x3F, 0xE0, 0x01, 0xFE, 0x07,
    0xFE, 0x03, 0xFF, 0xF0, 0xBF, 0xF8, 0xFF, 0xFC, 0x0B, 0xFD, 0x00, 0x00, 0x00, 0x10, 0x00, 0x00,
    0xA0, 0x00, 0x00, 0x00, 0xFF, 0x00, 0x00, 0x00, 0x3F, 0xC0, 0x00, 0x00, 0x06, 0xF0, 0x00, 0x00,
    0x00, 0xB8, 0x00, 0x00, 0x00, 0x78, 0x00, 0x00, 0x00, 0x04, 0x00, 0x00, 0x3F, 0xF8, 0x1F, 0xFE,
    0x0F, 0xFE, 0x0B, 0xFF, 0xC1, 0xBF, 0x80, 0x7F, 0x40, 0x1F, 0xE0, 0x3F, 0x00, 0x07, 0xF8, 0x7E,
    0x00, 0x01, 0xFE, 0x7F, 0x00, 0x00, 0x7F, 0xBF, 0xD0, 0x00, 0x1F, 0xE7, 0xFC, 0x00, 0x07, 0xF8,
    0xBF, 0xC0, 0x01, 0xFE, 0x0F, 0xF8, 0x00, 0x7F, 0xC0, 0xFF, 0x80, 0xFF, 0xFC, 0x1F, 0xFE, 0x3F,
    0xFF, 0x01, 0xFF, 0x40, 0x00, 0x00, 0x04, 0x00, 0x00, 0x18, 0x00, 0x00, 0x01, 0xF8, 0x00, 0x00,
    0x2F, 0xE0, 0x00, 0x02, 0xFE, 0x00, 0x00, 0x1F, 0x40, 0x00, 0x00, 0x10, 0x00, 0x00, 0x06, 0xAA,
    0xA0, 0x00, 0x3F, 0xFF, 0xD0, 0x00, 0x2F, 0xF9, 0x00, 0x00, 0x3F, 0xD0, 0x00, 0x00, 0xFF, 0x40,
    0x00, 0x03, 0xFD, 0x00, 0x00, 0x0F, 0xF4, 0x00, 0x00, 0x3F, 0xD0, 0x00, 0x00, 0xFF, 0x40, 0x00,
    0x03, 0xFD, 0x00, 0x00, 0x0F, 0xF4, 0x00, 0x00, 0x3F, 0xD0, 0x00, 0x00, 0xFF, 0x40, 0x0F, 0x03,
    0xFD, 0x00, 0xBC, 0x0F, 0xF4, 0x03, 0xF0, 0x3F, 0xD0, 0x7F, 0xCB, 0xFF, 0xFF, 0xFE, 0x3F, 0xFF,
    0xFF, 0xF8, 0x00, 0x28, 0x00, 0x2F, 0x40, 0x3F, 0xD0, 0x3F, 0xD0, 0x2F, 0x40, 0x00, 0x00, 0x03,
    0xFF, 0x80, 0xFF, 0xE0, 0x0B, 0xF8, 0x01, 0xFE, 0x00, 0x7F, 0x80, 0x1F, 0xE0, 0x07, 0xF8, 0x01,
    0xFE, 0x00, 0x7F, 0x80, 0x1F, 0xE0, 0x07, 0xF8, 0x01, 0xFE, 0x00, 0x7F, 0x80, 0x1F, 0xE0, 0x07,
    0xF8, 0x01, 0xFE, 0x00, 0x7F, 0x80, 0xFF, 0xFD, 0x3F, 0xFF, 0x40, 0x6A, 0xAA, 0x00, 0x03, 0xFF,
    0xFD, 0x00, 0x02, 0xFF, 0x90, 0x00, 0x03, 0xFD, 0x00, 0x00, 0x0F, 0xF4, 0x00, 0x00, 0x3F, 0xD0,
    0x00, 0x00, 0xFF, 0x40, 0x00, 0x03, 0xFD, 0x00, 0x00, 0x0F, 0xF4, 0x00, 0x00, 0x3F, 0xD0, 0x00,
    0x00, 0xFF, 0x40, 0x00, 0x03, 0xFD, 0x00, 0x00, 0x0F, 0xF4, 0x00, 0xF0, 0x3F, 0xD0, 0x0B, 0xC0,
    0xFF, 0x40, 0x3F, 0x03, 0xFD, 0x07, 0xFC, 0xBF, 0xFF, 0xFF, 0xE3, 0xFF, 0xFF, 0xFF, 0x80, 0x00,
    0x00, 0x00, 0x00, 0x02, 0x80, 0x00, 0x00, 0x3F, 0xC0, 0x00, 0x00, 0xFF, 0x00, 0x00, 0x00, 0xBC,
    0x00, 0x00, 0x02, 0xE0, 0x00, 0x00, 0x1F, 0x00, 0x00, 0x00, 0x20, 0x00, 0x00, 0x00, 0x00, 0x0F,
    0xFE, 0x03, 0xFF, 0x80, 0x2F, 0xE0, 0x07, 0xF8, 0x01, 0xFE, 0x00, 0x7F, 0x80, 0x1F, 0xE0, 0x07,
    0xF8, 0x01, 0xFE, 0x00, 0x7F, 0x80, 0x1F, 0xE0, 0x07, 0xF8, 0x01, 0xFE, 0x00, 0x7F, 0x80, 0x1F,
    0xE0, 0x07, 0xF8, 0x01, 0xFE, 0x03, 0xFF, 0xF4, 0xFF, 0xFD, 0x00, 0x00, 0x00, 0x64, 0x00, 0x7F,
    0x40, 0x1F, 0xE0, 0x01, 0xF4, 0x00, 0x3C, 0x00, 0x3D, 0x00, 0x04, 0x00, 0x00, 0x00, 0x0B, 0x80,
    0x00, 0x00, 0x7F, 0x46, 0xAA, 0xA0, 0xFD, 0x3F, 0xFF, 0xD0, 0xF0, 0x2F, 0xF9, 0x07, 0xC0, 0x3F,
    0xD0, 0x3C, 0x00, 0xFF, 0x40, 0xD0, 0x03, 0xFD, 0x00, 0x00, 0x0F, 0xF4, 0x00, 0x00, 0x3F, 0xD0,
    0x00, 0x00, 0xFF, 0x40, 0x00, 0x03, 0xFD, 0x00, 0x00, 0x0F, 0xF4, 0x00, 0x00, 0x3F, 0xD0, 0x00,
    0x00, 0xFF, 0x40, 0x0F, 0x03, 0xFD, 0x00, 0xBC, 0x0F, 0xF4, 0x03, 0xF0, 0x3F, 0xD0, 0x7F, 0xCB,
    0xFF, 0xFF, 0xFE, 0x3F, 0xFF, 0xFF, 0xF8, 0x00, 0x00, 0x00, 0x3F, 0xF8, 0xB8, 0x3F, 0xF9, 0xFD,
    0x0B, 0xF8, 0xFD, 0x07, 0xF8, 0x3C, 0x07, 0xF8, 0x78, 0x07, 0xF8, 0xF0, 0x07, 0xF8, 0xD0, 0x07,
    0xF8, 0x00, 0x07, 0xF8, 0x00, 0x07, 0xF8, 0x00, 0x07, 0xF8, 0x00, 0x07, 0xF8, 0x00, 0x07, 0xF8,
    0x00, 0x07, 0xF8, 0x00, 0x07, 0xF8, 0x00, 0x07, 0xF8, 0x00, 0x07, 0xF8, 0x00, 0x3F, 0xFF, 0x40,
    0x3F, 0xFF, 0x40, 0x6A, 0xAA, 0x00, 0x03, 0xFF, 0xFD, 0x00, 0x02, 0xFF, 0x90, 0x00, 0x03, 0xFD,
    0x00, 0x00, 0x0F, 0xF4, 0x00, 0x00, 0x3F, 0xD0, 0x01, 0x00, 0xFF, 0x40, 0xFF, 0x03, 0xFD, 0x07,
    0xFE, 0x0F, 0xF4, 0x0F, 0xF4, 0x3F, 0xD0, 0x1F, 0x80, 0xFF, 0x40, 0x00, 0x03, 0xFD, 0x00, 0x00,
    0x0F, 0xF4, 0x00, 0xF0, 0x3F, 0xD0, 0x0B, 0xC0, 0xFF, 0x40, 0x3F, 0x03, 0xFD, 0x07, 0xFC, 0xBF,
    0xFF, 0xFF, 0xE3, 0xFF, 0xFF, 0xFF, 0x80, 0x00, 0x00, 0x00, 0x3F, 0xF8, 0x00, 0x3F, 0xF8, 0x00,
    0x0B, 0xF8, 0x00, 0x07, 0xF8, 0x00, 0x07, 0xF8, 0x00, 0x07, 0xF8, 0x00, 0x07, 0xF8, 0x10, 0x07,
    0xFB, 0xFC, 0x07, 0xFF, 0xFE, 0x07, 0xFF, 0xFD, 0x07, 0xF9, 0xF8, 0x07, 0xF8, 0x00, 0x07, 0xF8,
    0x00, 0x07, 0xF8, 0x00, 0x07, 0xF8, 0x00, 0x07, 0xF8, 0x00, 0x07, 0xF8, 0x00, 0x3F, 0xFF, 0x40,
    0x3F, 0xFF, 0x40, 0x1A, 0xAA, 0x80, 0x00, 0x3F, 0xFF, 0xD0, 0x00, 0x0B, 0xFE, 0x40, 0x00, 0x03,
    0xFD, 0x00, 0x00, 0x03, 0xFD, 0x00, 0x00, 0x03, 0xFD, 0x08, 0x00, 0x03, 0xFD, 0xBC, 0x00, 0x03,
    0xFF, 0xFC, 0x00, 0x03, 0xFF, 0xD0, 0x00, 0x2F, 0xFE, 0x00, 0x00, 0xBF, 0xFD, 0x00, 0x00, 0xB7,
    0xFD, 0x00, 0x00, 0x03, 0xFD, 0x00, 0x3C, 0x03, 0xFD, 0x00, 0xBC, 0x03, 0xFD, 0x00, 0xFC, 0x03,
    0xFD, 0x07, 0xFC, 0x2F, 0xFF, 0xFF, 0xF8, 0x3F, 0xFF, 0xFF, 0xF8, 0x00, 0x00, 0x03, 0xFF, 0xC0,
    0x3F, 0xFC, 0x00, 0x7F, 0xC0, 0x03, 0xFC, 0x00, 0x3F, 0xC0, 0x03, 0xFC, 0x00, 0x3F, 0xC8, 0x03,
    0xFF, 0xC0, 0x7F, 0xFC, 0x3F, 0xFC, 0x07, 0xFF, 0xC0, 0x53, 0xFC, 0x00, 0x3F, 0xC0, 0x03, 0xFC,
    0x00, 0x3F, 0xC0, 0x03, 0xFC, 0x00, 0x7F, 0xC0, 0x3F, 0xFF, 0x83, 0xFF, 0xF8, 0x00, 0x00, 0x02,
    0x00, 0x00, 0x00, 0x00, 0x7F, 0x00, 0x00, 0x00, 0x07, 0xFC, 0x00, 0x00, 0x00, 0x7F, 0x80, 0x00,
    0x00, 0x03, 0xE0, 0x00, 0x00, 0x00, 0x00, 0x00, 0x00, 0x06, 0xAA, 0x40, 0x06, 0xAA, 0x7F, 0xFF,
    0x00, 0x2F, 0xFF, 0x2F, 0xFF, 0x00, 0x2F, 0xE0, 0x3F, 0xFD, 0x00, 0x3F, 0x00, 0xFF, 0xFC, 0x00,
    0xFC, 0x03, 0xFF, 0xF8, 0x03, 0xF0, 0x0F, 0xDF, 0xF0, 0x0F, 0xC0, 0x3F, 0x3F, 0xF0, 0x3F, 0x00,
    0xFC, 0x7F, 0xD0, 0xFC, 0x03, 0xF0, 0xBF, 0xC3, 0xF0, 0x0F, 0xC0, 0xFF, 0x8F, 0xC0, 0x3F, 0x01,
    0xFF, 0x3F, 0x00, 0xFC, 0x03, 0xFF, 0xFC, 0x03, 0xF0, 0x03, 0xFF, 0xF0, 0x0F, 0xC0, 0x0B, 0xFF,
    0xC0, 0x3F, 0x00, 0x0F, 0xFF, 0x0B, 0xFF, 0x80, 0x1F, 0xFC, 0x3F, 0xFE, 0x00, 0x2F, 0xF0, 0x00,
    0x00, 0x00, 0x00, 0x00, 0x00, 0x07, 0xC0, 0x00, 0x00, 0x03, 0xF0, 0x00, 0x00, 0x02, 0xFC, 0x00,
    0x00, 0x01, 0xF8, 0x00, 0x00, 0x00, 0xF4, 0x00, 0x00, 0x00, 0x10, 0x00, 0x00, 0x00, 0x00, 0x00,
    0x00, 0x2F, 0xF0, 0xBF, 0xD0, 0x0F, 0xFD, 0xFF, 0xFD, 0x01, 0xBF, 0xFA, 0xFF, 0xC0, 0x1F, 0xF4,
    0x0F, 0xF0, 0x07, 0xFC, 0x03, 0xFC, 0x01, 0xFE, 0x00, 0xFF, 0x00, 0x7F, 0x80, 0x3F, 0xC0, 0x1F,
    0xE0, 0x0F, 0xF0, 0x07, 0xF8, 0x03, 0xFC, 0x01, 0xFE, 0x00, 0xFF, 0x00, 0x7F, 0xC0, 0x3F, 0xC0,
    0xBF, 0xFC, 0x7F, 0xFE, 0x3F, 0xFF, 0x1F, 0xFF, 0xC0, 0x6A, 0xA4, 0x00, 0x6A, 0xA7, 0xFF, 0xF0,
    0x02, 0xFF, 0xF2, 0xFF, 0xF0, 0x02, 0xFE, 0x03, 0xFF, 0xD0, 0x03, 0xF0, 0x0F, 0xFF, 0xC0, 0x0F,
    0xC0, 0x3F, 0xFF, 0x80, 0x3F, 0x00, 0xFD, 0xFF, 0x00, 0xFC, 0x03, 0xF3, 0xFF, 0x03, 0xF0, 0x0F,
    0xC7, 0xFD, 0x0F, 0xC0, 0x3F, 0x0B, 0xFC, 0x3F, 0x00, 0xFC, 0x0F, 0xF8, 0xFC, 0x03, 0xF0, 0x1F,
    0xF3, 0xF0, 0x0F, 0xC0, 0x3F, 0xFF, 0xC0, 0x3F, 0x00, 0x3F, 0xFF, 0x00, 0xFC, 0x00, 0xBF, 0xFC,
    0x03, 0xF0, 0x00, 0xFF, 0xF0, 0xBF, 0xF8, 0x01, 0xFF, 0xC3, 0xFF, 0xE0, 0x02, 0xFF, 0x00, 0x00,
    0x00, 0x00, 0x00, 0x00, 0x00, 0x18, 0x00, 0x00, 0x00, 0x02, 0xFC, 0x00, 0x00, 0x00, 0x0B, 0xF0,
    0x00, 0x00, 0x00, 0x0B, 0xC0, 0x00, 0x00, 0x00, 0x2E, 0x00, 0x00, 0x00, 0x01, 0xF0, 0x00, 0x00,
    0x00, 0x02, 0x00, 0x00, 0x00, 0x00, 0x00, 0x00, 0x00, 0x0B, 0xFC, 0x2F, 0xF4, 0x03, 0xFF, 0x7F,
    0xFF, 0x40, 0x6F, 0xFE, 0xBF, 0xF0, 0x07, 0xFD, 0x03, 0xFC, 0x01, 0xFF, 0x00, 0xFF, 0x00, 0x7F,
    0x80, 0x3F, 0xC0, 0x1F, 0xE0, 0x0F, 0xF0, 0x07, 0xF8, 0x03, 0xFC, 0x01, 0xFE, 0x00, 0xFF, 0x00,
    0x7F, 0x80, 0x3F, 0xC0, 0x1F, 0xF0, 0x0F, 0xF0, 0x2F, 0xFF, 0x1F, 0xFF, 0x8F, 0xFF, 0xC7, 0xFF,
    0xF0, 0x00, 0x00, 0x00, 0x00, 0x00, 0x02, 0x40, 0x00, 0x00, 0x03, 0xF8, 0x00, 0x00, 0x00, 0xFF,
    0x00, 0x00, 0x00, 0x1F, 0x80, 0x00, 0x00, 0x03, 0xD0, 0x00, 0x00, 0x02, 0xE0, 0x00, 0x00, 0x00,
    0x50, 0x00, 0x00, 0x00, 0x00, 0x00, 0x00, 0x00, 0x00, 0xE0, 0x03, 0x80, 0x00, 0x02, 0xF4, 0xBD,
    0x00, 0x00, 0x03, 0xFF, 0xE0, 0x00, 0x00, 0x03, 0xFE, 0x00, 0x00, 0x00, 0x03, 0xE0, 0x00, 0x00,
    0x00, 0x00, 0x00, 0x00, 0x1A, 0xA9, 0x00, 0x1A, 0xA9, 0xFF, 0xFC, 0x00, 0xBF, 0xFC, 0xBF, 0xFC,
    0x00, 0xBF, 0x80, 0xFF, 0xF4, 0x00, 0xFC, 0x03, 0xFF, 0xF0, 0x03, 0xF0, 0x0F, 0xFF, 0xE0, 0x0F,
    0xC0, 0x3F, 0x7F, 0xC0, 0x3F, 0x00, 0xFC, 0xFF, 0xC0, 0xFC, 0x03, 0xF1, 0xFF, 0x43, 0xF0, 0x0F,
    0xC2, 0xFF, 0x0F, 0xC0, 0x3F, 0x03, 0xFE, 0x3F, 0x00, 0xFC, 0x07, 0xFC, 0xFC, 0x03, 0xF0, 0x0F,
    0xFF, 0xF0, 0x0F, 0xC0, 0x0F, 0xFF, 0xC0, 0x3F, 0x00, 0x2F, 0xFF, 0x00, 0xFC, 0x00, 0x3F, 0xFC,
    0x2F, 0xFE, 0x00, 0x7F, 0xF0, 0xFF, 0xF8, 0x00, 0xBF, 0xC0, 0x00, 0x00, 0x00, 0x00, 0x00, 0x1D,
    0x00, 0xB0, 0x00, 0x03, 0xE0, 0xFC, 0x00, 0x00, 0x7F, 0xFC, 0x00, 0x00, 0x0B, 0xFD, 0x00, 0x00,
    0x00, 0xFE, 0x00, 0x00, 0x00, 0x05, 0x00, 0x00, 0x00, 0x00, 0x00, 0x00, 0x2F, 0xF0, 0xBF, 0xD0,
    0x0F, 0xFD, 0xFF, 0xFD, 0x01, 0xBF, 0xFA, 0xFF, 0xC0, 0x1F, 0xF4, 0x0F, 0xF0, 0x07, 0xFC, 0x03,
    0xFC, 0x01, 0xFE, 0x00, 0xFF, 0x00, 0x7F, 0x80, 0x3F, 0xC0, 0x1F, 0xE0, 0x0F, 0xF0, 0x07, 0xF8,
    0x03, 0xFC, 0x01, 0xFE, 0x00, 0xFF, 0x00, 0x7F, 0xC0, 0x3F, 0xC0, 0xBF, 0xFC, 0x7F, 0xFE, 0x3F,
    0xFF, 0x1F, 0xFF, 0xC0, 0x19, 0x00, 0x00, 0x00, 0x00, 0x1F, 0xE0, 0x00, 0x00, 0x00, 0x0B, 0xFC,
    0x00, 0x00, 0x00, 0x00, 0xFF, 0x00, 0x00, 0x00, 0x00, 0x0B, 0x80, 0x00, 0x00, 0x00, 0x03, 0xC0,
    0x00, 0x00, 0x00, 0x03, 0xD0, 0x00, 0x00, 0x00, 0x00, 0x90, 0xBF, 0xC2, 0xFF, 0x40, 0x00, 0x7F,
    0xF3, 0xFF, 0xF0, 0x00, 0x07, 0xFF, 0xEB, 0xFE, 0x00, 0x00, 0x7F, 0xC0, 0x7F, 0xC0, 0x00, 0x1F,
    0xE0, 0x0F, 0xF0, 0x00, 0x07, 0xF8, 0x03, 0xFC, 0x00, 0x01, 0xFE, 0x00, 0xFF, 0x00, 0x00, 0x7F,
    0x80, 0x3F, 0xC0, 0x00, 0x1F, 0xE0, 0x0F, 0xF0, 0x00, 0x07, 0xF8, 0x03, 0xFC, 0x00, 0x02, 0xFE,
    0x00, 0xFF, 0x00, 0x03, 0xFF, 0xF1, 0xFF, 0xF4, 0x00, 0xFF, 0xFC, 0xBF, 0xFE, 0x6A, 0xA4, 0x00,
    0x6A, 0xA7, 0xFF, 0xF0, 0x03, 0xFF, 0xF2, 0xFF, 0xF0, 0x06, 0xFE, 0x03, 0xFF, 0xD0, 0x03, 0xF0,
    0x0F, 0xFF, 0xC0, 0x0F, 0xC0, 0x3F, 0xFF, 0x80, 0x3F, 0x00, 0xFD, 0xFF, 0x40, 0xFC, 0x03, 0xF3,
    0xFF, 0x03, 0xF0, 0x0F, 0xC3, 0xFD, 0x0F, 0xC0, 0x3F, 0x0B, 0xFC, 0x3F, 0x00, 0xFC, 0x0F, 0xF8,
    0xFC, 0x03, 0xF0, 0x0F, 0xF7, 0xF0, 0x0F, 0xC0, 0x2F, 0xFF, 0xC0, 0x3F, 0x00, 0x3F, 0xFF, 0x00,
    0xFC, 0x00, 0x7F, 0xFC, 0x03, 0xF0, 0x00, 0xBF, 0xF0, 0xBF, 0xF8, 0x00, 0xFF, 0xC3, 0xFF, 0xF0,
    0x01, 0xFF, 0x00, 0x00, 0x00, 0x07, 0xF8, 0x00, 0x00, 0x00, 0x2F, 0xC0, 0x00, 0x00, 0x00, 0xFE,
    0x00, 0x00, 0x00, 0x0B, 0xF0, 0x00, 0x00, 0x00, 0x3F, 0x00, 0x00, 0x00, 0x00, 0x10, 0x00, 0x00,
    0x00, 0x00, 0x00, 0x2F, 0xF0, 0xBF, 0xD0, 0x3F, 0xF7, 0xFF, 0xF4, 0x1B, 0xFF, 0xAF, 0xFC, 0x07,
    0xFD, 0x03, 0xFC, 0x07, 0xFC, 0x03, 0xFC, 0x07, 0xF8, 0x03, 0xFC, 0x07, 0xF8, 0x03, 0xFC, 0x07,
    0xF8, 0x03, 0xFC, 0x07, 0xF8, 0x03, 0xFC, 0x07, 0xF8, 0x03, 0xFC, 0x07, 0xFC, 0x03, 0xFC, 0x2F,
    0xFF, 0x03, 0xFC, 0x3F, 0xFF, 0x03, 0xFC, 0x00, 0x00, 0x03, 0xF8, 0x00, 0x00, 0x03, 0xF4, 0x00,
    0x00, 0x0B, 0xF0, 0x00, 0x00, 0x1F, 0xC0, 0x00, 0x00, 0x2F, 0x00, 0x00, 0x00, 0x08, 0x00, 0x00,
    0x15, 0x55, 0x40, 0x00, 0x07, 0xFF, 0xFC, 0x00, 0x00, 0x7F, 0xFF, 0xC0, 0x00, 0x01, 0x55, 0x50,
    0x00, 0x00, 0x00, 0x00, 0x00, 0x00, 0x01, 0xBF, 0xE4, 0x00, 0x01, 0xFF, 0xFF, 0xF0, 0x00, 0x7F,
    0xEA, 0xFF, 0xC0, 0x0F, 0xF0, 0x03, 0xFF, 0x03, 0xFD, 0x00, 0x0F, 0xF4, 0x7F, 0xC0, 0x00, 0xBF,
    0xCB, 0xF8, 0x00, 0x07, 0xFC, 0xFF, 0x80, 0x00, 0x3F, 0xDF, 0xF4, 0x00, 0x03, 0xFD, 0xFF, 0x40,
    0x00, 0x3F, 0xDF, 0xF8, 0x00, 0x03, 0xFC, 0xFF, 0x80, 0x00, 0x3F, 0xCB, 0xFC, 0x00, 0x07, 0xFC,
    0x3F, 0xD0, 0x00, 0xBF, 0x42, 0xFF, 0x00, 0x0F, 0xF0, 0x0F, 0xFD, 0x07, 0xFC, 0x00, 0x3F, 0xFF,
    0xFF, 0x00, 0x00, 0xBF, 0xFF, 0x80, 0x00, 0x00, 0x15, 0x00, 0x00, 0x00, 0x55, 0x54, 0x00, 0x03,
    0xFF, 0xFC, 0x00, 0x0F, 0xFF, 0xF0, 0x00, 0x15, 0x55, 0x40, 0x00, 0x00, 0x00, 0x00, 0x00, 0x00,
    0x00, 0x00, 0x07, 0xFF, 0xD0, 0x00, 0xFF, 0xFF, 0xF0, 0x0F, 0xF4, 0x3F, 0xE0, 0x7F, 0x80, 0x3F,
    0xC3, 0xFC, 0x00, 0xBF, 0x8F, 0xF0, 0x02, 0xFE, 0x3F, 0xC0, 0x0B, 0xF8, 0xFF, 0x00, 0x2F, 0xE3,
    0xFD, 0x00, 0xBF, 0x4B, 0xF8, 0x03, 0xFC, 0x0F, 0xF4, 0x1F, 0xE0, 0x1F, 0xFF, 0xFF, 0x00, 0x1F,
    0xFF, 0xD0, 0x00, 0x01, 0x50, 0x00, 0x00, 0xA0, 0x01, 0x80, 0x00, 0x0B, 0x40, 0x3C, 0x00, 0x00,
    0x7E, 0xAF, 0x80, 0x00, 0x03, 0xFF, 0xF0, 0x00, 0x00, 0x0B, 0xFD, 0x00, 0x00, 0x00, 0x00, 0x00,
    0x00, 0x00, 0x1B, 0xFE, 0x40, 0x00, 0x1F, 0xFF, 0xFF, 0x00, 0x07, 0xFE, 0xAF, 0xFC, 0x00, 0xFF,
    0x00, 0x3F, 0xF0, 0x3F, 0xD0, 0x00, 0xFF, 0x47, 0xFC, 0x00, 0x0B, 0xFC, 0xBF, 0x80, 0x00, 0x7F,
    0xCF, 0xF8, 0x00, 0x03, 0xFD, 0xFF, 0x40, 0x00, 0x3F, 0xDF, 0xF4, 0x00, 0x03, 0xFD, 0xFF, 0x80,
    0x00, 0x3F, 0xCF, 0xF8, 0x00, 0x03, 0xFC, 0xBF, 0xC0, 0x00, 0x7F, 0xC3, 0xFD, 0x00, 0x0B, 0xF4,
    0x2F, 0xF0, 0x00, 0xFF, 0x00, 0xFF, 0xD0, 0x7F, 0xC0, 0x03, 0xFF, 0xFF, 0xF0, 0x00, 0x0B, 0xFF,
    0xF8, 0x00, 0x00, 0x01, 0x50, 0x00, 0x00, 0x01, 0xC0, 0x06, 0x00, 0x07, 0x80, 0x3C, 0x00, 0x0F,
    0x97, 0xE0, 0x00, 0x2F, 0xFF, 0x00, 0x00, 0x2F, 0xF4, 0x00, 0x00, 0x05, 0x00, 0x00, 0x00, 0x00,
    0x00, 0x00, 0x1F, 0xFF, 0x40, 0x03, 0xFF, 0xFF, 0xC0, 0x3F, 0xD0, 0xFF, 0x81, 0xFE, 0x00, 0xFF,
    0x0F, 0xF0, 0x02, 0xFE, 0x3F, 0xC0, 0x0B, 0xF8, 0xFF, 0x00, 0x2F, 0xE3, 0xFC, 0x00, 0xBF, 0x8F,
    0xF4, 0x02, 0xFD, 0x2F, 0xE0, 0x0F, 0xF0, 0x3F, 0xD0, 0x7F, 0x80, 0x7F, 0xFF, 0xFC, 0x00, 0x7F,
    0xFF, 0x40, 0x00, 0x05, 0x40, 0x00, 0x00, 0x00, 0x74, 0x08, 0x00, 0x00, 0x1F, 0xC3, 0xF0, 0x00,
    0x03, 0xF8, 0xFF, 0x00, 0x00, 0xFD, 0x3F, 0x80, 0x00, 0x1E, 0x0B, 0x80, 0x00, 0x00, 0x00, 0x00,
    0x00, 0x00, 0x1B, 0xFE, 0x40, 0x00, 0x1F, 0xFF, 0xFF, 0x00, 0x07, 0xFE, 0xAF, 0xFC, 0x00, 0xFF,
    0x00, 0x3F, 0xF0, 0x3F, 0xD0, 0x00, 0xFF, 0x47, 0xFC, 0x00, 0x0B, 0xFC, 0xBF, 0x80, 0x00, 0x7F,
    0xCF, 0xF8, 0x00, 0x03, 0xFD, 0xFF, 0x40, 0x00, 0x3F, 0xDF, 0xF4, 0x00, 0x03, 0xFD, 0xFF, 0x80,
    0x00, 0x3F, 0xCF, 0xF8, 0x00, 0x03, 0xFC, 0xBF, 0xC0, 0x00, 0x7F, 0xC3, 0xFD, 0x00, 0x0B, 0xF4,
    0x2F, 0xF0, 0x00, 0xFF, 0x00, 0xFF, 0xD0, 0x7F, 0xC0, 0x03, 0xFF, 0xFF, 0xF0, 0x00, 0x0B, 0xFF,
    0xF8, 0x00, 0x00, 0x01, 0x50, 0x00, 0x00, 0x00, 0x02, 0xD0, 0xF0, 0x00, 0x1F, 0x8F, 0xD0, 0x00,
    0xFD, 0x7F, 0x00, 0x0B, 0xD3, 0xF0, 0x00, 0x3C, 0x3E, 0x00, 0x00, 0x40, 0x40, 0x00, 0x00, 0x00,
    0x00, 0x00, 0x1F, 0xFF, 0x40, 0x03, 0xFF, 0xFF, 0xC0, 0x3F, 0xD0, 0xFF, 0x81, 0xFE, 0x00, 0xFF,
    0x0F, 0xF0, 0x02, 0xFE, 0x3F, 0xC0, 0x0B, 0xF8, 0xFF, 0x00, 0x2F, 0xE3, 0xFC, 0x00, 0xBF, 0x8F,
    0xF4, 0x02, 0xFD, 0x2F, 0xE0, 0x0F, 0xF0, 0x3F, 0xD0, 0x7F, 0x80, 0x7F, 0xFF, 0xFC, 0x00, 0x7F,
    0xFF, 0x40, 0x00, 0x05, 0x40, 0x00, 0x00, 0x1B, 0xF8, 0x1A, 0xAA, 0xAA, 0x00, 0x1F, 0xFF, 0xFA,
    0xFF, 0xFF, 0xF4, 0x07, 0xFE, 0xAF, 0xFF, 0xEA, 0xBF, 0x81, 0xFF, 0x00, 0x2F, 0xFC, 0x00, 0xF8,
    0x3F, 0xD0, 0x00, 0xFF, 0xC0, 0x0B, 0xC7, 0xFC, 0x00, 0x0B, 0xFC, 0x00, 0x10, 0xBF, 0x80, 0x00,
    0x7F, 0xC0, 0xB0, 0x0F, 0xF8, 0x00, 0x03, 0xFC, 0x0F, 0x00, 0xFF, 0x40, 0x00, 0x3F, 0xFF, 0xF0,
    0x0F, 0xF4, 0x00, 0x03, 0xFF, 0xFF, 0x00, 0xFF, 0x80, 0x00, 0x3F, 0xC1, 0xF0, 0x0F, 0xF8, 0x00,
    0x03, 0xFC, 0x0F, 0x00, 0xBF, 0xC0, 0x00, 0x7F, 0xC0, 0x01, 0x43, 0xFD, 0x00, 0x0B, 0xFC, 0x00,
    0x3D, 0x2F, 0xF0, 0x00, 0xFF, 0xC0, 0x07, 0xC0, 0xFF, 0xD0, 0x7F, 0xFC, 0x01, 0xFC, 0x03, 0xFF,
    0xFF, 0xEF, 0xFF, 0xFF, 0xC0, 0x0B, 0xFF, 0xE2, 0xFF, 0xFF, 0xFC, 0x00, 0x01, 0x40, 0x00, 0x00,
    0x00, 0x00, 0x00, 0x00, 0x00, 0x00, 0x00, 0x00, 0x01, 0xFF, 0xE0, 0x2F, 0xFD, 0x00, 0x3F, 0xFF,
    0xF7, 0xFF, 0xFE, 0x03, 0xFD, 0x0B, 0xFF, 0x81, 0xFD, 0x1F, 0xE0, 0x0F, 0xFC, 0x03, 0xF8, 0xFF,
    0x00, 0x2F, 0xE0, 0x0F, 0xE3, 0xFC, 0x00, 0xBF, 0xFF, 0xFF, 0x8F, 0xF0, 0x01, 0xFF, 0xFF, 0xFE,
    0x3F, 0xC0, 0x07, 0xF8, 0x00, 0x00, 0xFF, 0x40, 0x2F, 0xF0, 0x00, 0x02, 0xFE, 0x00, 0xFF, 0xD0,
    0x02, 0x03, 0xFD, 0x07, 0xFF, 0xFA, 0xBE, 0x07, 0xFF, 0xFF, 0xBF, 0xFF, 0xF0, 0x07, 0xFF, 0xE0,
    0x7F, 0xFD, 0x00, 0x00, 0x54, 0x00, 0x05, 0x00, 0x00, 0x00, 0x00, 0x24, 0x00, 0x00, 0x00, 0x0F,
    0xC0, 0x00, 0x00, 0x03, 0xFC, 0x00, 0x00, 0x00, 0xFF, 0x40, 0x00, 0x00, 0x3E, 0x00, 0x00, 0x00,
    0x00, 0x00, 0x00, 0x00, 0x6A, 0xAA, 0x94, 0x00, 0x0F, 0xFF, 0xFF, 0xF8, 0x00, 0x2F, 0xFA, 0xBF,
    0xF0, 0x00, 0xFF, 0x40, 0xFF, 0x80, 0x0F, 0xF4, 0x0B, 0xFC, 0x00, 0xFF, 0x40, 0xBF, 0xC0, 0x0F,
    0xF4, 0x0F, 0xF4, 0x00, 0xFF, 0x41, 0xFE, 0x00, 0x0F, 0xFA, 0xFF, 0x40, 0x00, 0xFF, 0xFF, 0x80,
    0x00, 0x0F, 0xF5, 0xFF, 0x40, 0x00, 0xFF, 0x47, 0xFC, 0x00, 0x0F, 0xF4, 0x3F, 0xD0, 0x00, 0xFF,
    0x42, 0xFF, 0x00, 0x0F, 0xF4, 0x1F, 0xF4, 0x00, 0xFF, 0x40, 0xFF, 0xC0, 0xBF, 0xFF, 0x47, 0xFF,
    0xCF, 0xFF, 0xF4, 0x2F, 0xFC, 0x00, 0x00, 0x00, 0x14, 0x00, 0x00, 0x00, 0x00, 0x00, 0x00, 0x0B,
    0x40, 0x00, 0x01, 0xFC, 0x00, 0x00, 0x3F, 0x40, 0x00, 0x0F, 0xD0, 0x00, 0x02, 0xE0, 0x00, 0x00,
    0x04, 0x00, 0x00, 0x00, 0x00, 0x00, 0x2F, 0xF0, 0xBF, 0x43, 0xFF, 0x7F, 0xFC, 0x1B, 0xFF, 0x6F,
    0xD0, 0x7F, 0xD2, 0xFC, 0x07, 0xFC, 0x1F, 0x80, 0x7F, 0x80, 0x00, 0x07, 0xF8, 0x00, 0x00, 0x7F,
    0x80, 0x00, 0x07, 0xF8, 0x00, 0x00, 0x7F, 0x80, 0x00, 0x07, 0xFC, 0x00, 0x03, 0xFF, 0xFC, 0x00,
    0x3F, 0xFF, 0xC0, 0x00, 0x6A, 0xAA, 0x94, 0x00, 0x0F, 0xFF, 0xFF, 0xF8, 0x00, 0x2F, 0xFA, 0xBF,
    0xF0, 0x00, 0xFF, 0x40, 0xFF, 0x80, 0x0F, 0xF4, 0x0B, 0xFC, 0x00, 0xFF, 0x40, 0xBF, 0xC0, 0x0F,
    0xF4, 0x0F, 0xF4, 0x00, 0xFF, 0x41, 0xFE, 0x00, 0x0F, 0xFA, 0xFF, 0x40, 0x00, 0xFF, 0xFF, 0x80,
    0x00, 0x0F, 0xF5, 0xFF, 0x40, 0x00, 0xFF, 0x47, 0xFC, 0x00, 0x0F, 0xF4, 0x3F, 0xD0, 0x00, 0xFF,
    0x42, 0xFF, 0x00, 0x0F, 0xF4, 0x1F, 0xF4, 0x00, 0xFF, 0x40, 0xFF, 0xC0, 0xBF, 0xFF, 0x47, 0xFF,
    0xCF, 0xFF, 0xF4, 0x2F, 0xFC, 0x00, 0x00, 0x00, 0x14, 0x00, 0x00, 0x18, 0x00, 0x00, 0x00, 0x0B,
    0xF0, 0x00, 0x00, 0x00, 0xBF, 0x00, 0x00, 0x00, 0x02, 0xF0, 0x00, 0x00, 0x00, 0x2E, 0x00, 0x00,
    0x00, 0x07, 0xC0, 0x00, 0x00, 0x00, 0x20, 0x00, 0x00, 0x00, 0x00, 0x00, 0x02, 0xFF, 0x0B, 0xF4,
    0x3F, 0xF7, 0xFF, 0xC1, 0xBF, 0xF6, 0xFD, 0x07, 0xFD, 0x2F, 0xC0, 0x7F, 0xC1, 0xF8, 0x07, 0xF8,
    0x00, 0x00, 0x7F, 0x80, 0x00, 0x07, 0xF8, 0x00, 0x00, 0x7F, 0x80, 0x00, 0x07, 0xF8, 0x00, 0x00,
    0x7F, 0xC0, 0x00, 0x3F, 0xFF, 0xC0, 0x03, 0xFF, 0xFC, 0x00, 0x00, 0x00, 0x00, 0x00, 0x09, 0x00,
    0x00, 0x03, 0xF8, 0x00, 0x00, 0x3F, 0xC0, 0x00, 0x01, 0xFC, 0x00, 0x00, 0x0F, 0x40, 0x00, 0x02,
    0xE0, 0x00, 0x00, 0x14, 0x00, 0x00, 0x00, 0x00, 0x00, 0x00, 0x00, 0x38, 0x00, 0xE0, 0x00, 0x02,
    0xF4, 0xBD, 0x00, 0x00, 0x0F, 0xFF, 0x80, 0x00, 0x00, 0x3F, 0xE0, 0x00, 0x00, 0x00, 0xF8, 0x00,
    0x00, 0x00, 0x00, 0x00, 0x00, 0x06, 0xAA, 0xA9, 0x40, 0x00, 0xFF, 0xFF, 0xFF, 0x80, 0x02, 0xFF,
    0xAB, 0xFF, 0x00, 0x0F, 0xF4, 0x0F, 0xF8, 0x00, 0xFF, 0x40, 0xBF, 0xC0, 0x0F, 0xF4, 0x0B, 0xFC,
    0x00, 0xFF, 0x40, 0xFF, 0x40, 0x0F, 0xF4, 0x1F, 0xE0, 0x00, 0xFF, 0xAF, 0xF4, 0x00, 0x0F, 0xFF,
    0xF8, 0x00, 0x00, 0xFF, 0x5F, 0xF4, 0x00, 0x0F, 0xF4, 0x7F, 0xC0, 0x00, 0xFF, 0x43, 0xFD, 0x00,
    0x0F, 0xF4, 0x2F, 0xF0, 0x00, 0xFF, 0x41, 0xFF, 0x40, 0x0F, 0xF4, 0x0F, 0xFC, 0x0B, 0xFF, 0xF4,
    0x7F, 0xFC, 0xFF, 0xFF, 0x42, 0xFF, 0xC0, 0x00, 0x00, 0x01, 0x40, 0x00, 0x00, 0x00, 0x00, 0x38,
    0x00, 0xE0, 0x02, 0xF0, 0x7D, 0x00, 0x0F, 0xFF, 0x80, 0x00, 0x3F, 0xF0, 0x00, 0x01, 0xFC, 0x00,
    0x00, 0x06, 0x00, 0x00, 0x00, 0x00, 0x00, 0x2F, 0xF0, 0xBF, 0x43, 0xFF, 0x7F, 0xFC, 0x1B, 0xFF,
    0x6F, 0xD0, 0x7F, 0xD2, 0xFC, 0x07, 0xFC, 0x1F, 0x80, 0x7F, 0x80, 0x00, 0x07, 0xF8, 0x00, 0x00,
    0x7F, 0x80, 0x00, 0x07, 0xF8, 0x00, 0x00, 0x7F, 0x80, 0x00, 0x07, 0xFC, 0x00, 0x03, 0xFF, 0xFC,
    0x00, 0x3F, 0xFF, 0xC0, 0x00, 0x00, 0x00, 0x90, 0x00, 0x00, 0x3F, 0x40, 0x00, 0x0F, 0xF4, 0x00,
    0x03, 0xFD, 0x00, 0x00, 0xB9, 0x00, 0x00, 0x00, 0x00, 0x00, 0x01, 0xBF, 0x87, 0x00, 0xBF, 0xFF,
    0xF4, 0x2F, 0xE5, 0xFF, 0x43, 0xF8, 0x02, 0xF8, 0x7F, 0x40, 0x0F, 0x8B, 0xF8, 0x00, 0x64, 0x7F,
    0xE4, 0x00, 0x03, 0xFF, 0xF8, 0x00, 0x2F, 0xFF, 0xF8, 0x00, 0xBF, 0xFF, 0xF0, 0x00, 0xBF, 0xFF,
    0xC0, 0x00, 0x6F, 0xFC, 0x60, 0x00, 0x7F, 0xDF, 0x80, 0x03, 0xFC, 0xFD, 0x00, 0x3F, 0xCB, 0xF4,
    0x0B, 0xF8, 0xBF, 0xFF, 0xFF, 0x0B, 0x5F, 0xFF, 0x80, 0x00, 0x05, 0x00, 0x00, 0x00, 0x00, 0x00,
    0x00, 0x3D, 0x00, 0x02, 0xF8, 0x00, 0x0F, 0xD0, 0x00, 0xFD, 0x00, 0x0B, 0x80, 0x00, 0x04, 0x00,
    0x00, 0x00, 0x00, 0x0B, 0xFE, 0xF0, 0xFE, 0xBF, 0xCB, 0xE0, 0x2F, 0x3F, 0x80, 0x3D, 0xFF, 0xD0,
    0x01, 0xFF, 0xFD, 0x02, 0xFF, 0xFF, 0x01, 0xBF, 0xFE, 0x00, 0x1B, 0xFB, 0xD0, 0x0B, 0xEF, 0xD0,
    0x2F, 0x6F, 0xFB, 0xFC, 0xBB, 0xFF, 0x80, 0x41, 0x50, 0x00, 0x00, 0x1E, 0x00, 0x00, 0x03, 0xFC,
    0x00, 0x00, 0xFF, 0xE0, 0x00, 0x3F, 0x7F, 0x40, 0x0B, 0x80, 0x7C, 0x00, 0x10, 0x00, 0x40, 0x01,
    0xBF, 0x87, 0x00, 0xBF, 0xFF, 0xF4, 0x2F, 0xE5, 0xFF, 0x43, 0xF8, 0x02, 0xF8, 0x7F, 0x40, 0x0F,
    0x8B, 0xF8, 0x00, 0x64, 0x7F, 0xE4, 0x00, 0x03, 0xFF, 0xF8, 0x00, 0x2F, 0xFF, 0xF8, 0x00, 0xBF,
    0xFF, 0xF0, 0x00, 0xBF, 0xFF, 0xC0, 0x00, 0x6F, 0xFC, 0x60, 0x00, 0x7F, 0xDF, 0x80, 0x03, 0xFC,
    0xFD, 0x00, 0x3F, 0xCB, 0xF4, 0x0B, 0xF8, 0xBF, 0xFF, 0xFF, 0x0B, 0x5F, 0xFF, 0x80, 0x00, 0x05,
    0x00, 0x00, 0x00, 0x00, 0x00, 0x03, 0xE0, 0x00, 0x3F, 0xD0, 0x02, 0xFF, 0xC0, 0x1F, 0x8F, 0xC0,
    0xF4, 0x0B, 0x81, 0x00, 0x04, 0x00, 0x00, 0x00, 0x0B, 0xFE, 0xF0, 0xFE, 0xBF, 0xCB, 0xE0, 0x2F,
    0x3F, 0x80, 0x3D, 0xFF, 0xD0, 0x01, 0xFF, 0xFD, 0x02, 0xFF, 0xFF, 0x01, 0xBF, 0xFE, 0x00, 0x1B,
    0xFB, 0xD0, 0x0B, 0xEF, 0xD0, 0x2F, 0x6F, 0xFB, 0xFC, 0xBB, 0xFF, 0x80, 0x41, 0x50, 0x00, 0x01,
    0xBF, 0x87, 0x00, 0xBF, 0xFF, 0xF4, 0x2F, 0xE5, 0xFF, 0x43, 0xF8, 0x02, 0xF8, 0x7F, 0x40, 0x0F,
    0x8B, 0xF8, 0x00, 0x64, 0x7F, 0xE4, 0x00, 0x03, 0xFF, 0xF8, 0x00, 0x2F, 0xFF, 0xF8, 0x00, 0xBF,
    0xFF, 0xF0, 0x00, 0xBF, 0xFF, 0xC0, 0x00, 0x6F, 0xFC, 0x60, 0x00, 0x7F, 0xDF, 0x80, 0x03, 0xFC,
    0xFD, 0x00, 0x3F, 0xCB, 0xF4, 0x0B, 0xF8, 0xBF, 0xFF, 0xFF, 0x0B, 0x5F, 0xFF, 0x80, 0x00, 0x2E,
    0x00, 0x00, 0x03, 0xF8, 0x00, 0x00, 0x17, 0xF0, 0x00, 0x00, 0x2F, 0x00, 0x00, 0xFF, 0xF0, 0x00,
    0x07, 0xFC, 0x00, 0x00, 0x00, 0x00, 0x00, 0x00, 0x00, 0x00, 0x2F, 0xFB, 0xC3, 0xFA, 0xFF, 0x2F,
    0x80, 0xBC, 0xFE, 0x00, 0xF7, 0xFF, 0x40, 0x07, 0xFF, 0xF4, 0x0B, 0xFF, 0xFC, 0x06, 0xFF, 0xF8,
    0x00, 0x6F, 0xEF, 0x40, 0x2F, 0xBF, 0x40, 0xBD, 0xBF, 0xEF, 0xF2, 0xEF, 0xFE, 0x01, 0x0F, 0x40,
    0x00, 0x7F, 0x80, 0x00, 0x6F, 0x40, 0x00, 0x3E, 0x00, 0x7B, 0xF4, 0x00, 0xBF, 0x80, 0x00, 0x00,
    0x00, 0x00, 0x00, 0x00, 0x00, 0xB4, 0x02, 0xC0, 0x07, 0xE1, 0xFC, 0x00, 0x1F, 0xFF, 0x00, 0x00,
    0xBF, 0xC0, 0x00, 0x02, 0xF0, 0x00, 0x00, 0x00, 0x00, 0x00, 0x1B, 0xF8, 0x70, 0x0B, 0xFF, 0xFF,
    0x42, 0xFE, 0x5F, 0xF4, 0x3F, 0x80, 0x2F, 0x87, 0xF4, 0x00, 0xF8, 0xBF, 0x80, 0x06, 0x47, 0xFE,
    0x40, 0x00, 0x3F, 0xFF, 0x80, 0x02, 0xFF, 0xFF, 0x80, 0x0B, 0xFF, 0xFF, 0x00, 0x0B, 0xFF, 0xFC,
    0x00, 0x06, 0xFF, 0xC6, 0x00, 0x07, 0xFD, 0xF8, 0x00, 0x3F, 0xCF, 0xD0, 0x03, 0xFC, 0xBF, 0x40,
    0xBF, 0x8B, 0xFF, 0xFF, 0xF0, 0xB5, 0xFF, 0xF8, 0x00, 0x00, 0x50, 0x00, 0x00, 0x00, 0x00, 0xE0,
    0x03, 0x42, 0xF0, 0x7D, 0x03, 0xFF, 0xE0, 0x03, 0xFE, 0x00, 0x07, 0xF0, 0x00, 0x05, 0x00, 0x00,
    0x00, 0x00, 0x0B, 0xFE, 0xF0, 0xFE, 0xBF, 0xCB, 0xE0, 0x2F, 0x3F, 0x80, 0x3D, 0xFF, 0xD0, 0x01,
    0xFF, 0xFD, 0x02, 0xFF, 0xFF, 0x01, 0xBF, 0xFE, 0x00, 0x1B, 0xFB, 0xD0, 0x0B, 0xEF, 0xD0, 0x2F,
    0x6F, 0xFB, 0xFC, 0xBB, 0xFF, 0x80, 0x41, 0x50, 0x00, 0x1A, 0xAA, 0xAA, 0xAA, 0x80, 0xBF, 0xFF,
    0xFF, 0xFF, 0x43, 0xFE, 0xBF, 0xEA, 0xFE, 0x0F, 0xC0, 0xFF, 0x41, 0xF8, 0x3D, 0x03, 0xFD, 0x03,
    0xF1, 0xF0, 0x0F, 0xF4, 0x07, 0xC0, 0x00, 0x3F, 0xD0, 0x00, 0x00, 0x00, 0xFF, 0x40, 0x00, 0x00,
    0x03, 0xFD, 0x00, 0x00, 0x00, 0x0F, 0xF4, 0x00, 0x00, 0x00, 0x3F, 0xD0, 0x00, 0x00, 0x00, 0xFF,
    0x40, 0x00, 0x00, 0x03, 0xFD, 0x00, 0x00, 0x00, 0x0F, 0xF4, 0x00, 0x00, 0x00, 0x3F, 0xD0, 0x00,
    0x00, 0x00, 0xFF, 0x80, 0x00, 0x00, 0x7F, 0xFF, 0xF0, 0x00, 0x01, 0xFF, 0xFF, 0xC0, 0x00, 0x00,
    0x0F, 0x00, 0x00, 0x00, 0x00, 0x7F, 0x40, 0x00, 0x00, 0x00, 0x6F, 0x40, 0x00, 0x00, 0x00, 0x7D,
    0x00, 0x00, 0x00, 0x7B, 0xF4, 0x00, 0x00, 0x00, 0xBF, 0x40, 0x00, 0x00, 0x00, 0x00, 0x00, 0x00,
    0x00, 0x00, 0x00, 0x03, 0xD0, 0x00, 0x1F, 0x40, 0x00, 0xBD, 0x00, 0x07, 0xF4, 0x00, 0xBF, 0xFF,
    0xC7, 0xFF, 0xFF, 0x06, 0xFE, 0x54, 0x0B, 0xF4, 0x00, 0x2F, 0xD0, 0x00, 0xBF, 0x40, 0x02, 0xFD,
    0x00, 0x0B, 0xF4, 0x00, 0x2F, 0xD0, 0x00, 0xBF, 0x80, 0x01, 0xFF, 0x58, 0x03, 0xFF, 0xF8, 0x07,
    0xFF, 0x80, 0x03, 0xC0, 0x00, 0x1F, 0xE0, 0x00, 0x1B, 0xD0, 0x00, 0x0F, 0x80, 0x1E, 0xFD, 0x00,
    0x2F, 0xE0, 0x00, 0x00, 0x00, 0x00, 0x00, 0x00, 0x00, 0x00, 0x00, 0xE0, 0x03, 0x80, 0x00, 0x03,
    0xF4, 0xBD, 0x00, 0x00, 0x03, 0xFF, 0xD0, 0x00, 0x00, 0x03, 0xFE, 0x00, 0x00, 0x00, 0x03, 0xE0,
    0x00, 0x00, 0x00, 0x00, 0x00, 0x00, 0x06, 0xAA, 0xAA, 0xAA, 0xA0, 0x2F, 0xFF, 0xFF, 0xFF, 0xD0,
    0xFF, 0xAF, 0xFA, 0xBF, 0x83, 0xF0, 0x3F, 0xD0, 0x7E, 0x0F, 0x40, 0xFF, 0x40, 0xFC, 0x7C, 0x03,
    0xFD, 0x01, 0xF0, 0x00, 0x0F, 0xF4, 0x00, 0x00, 0x00, 0x3F, 0xD0, 0x00, 0x00, 0x00, 0xFF, 0x40,
    0x00, 0x00, 0x03, 0xFD, 0x00, 0x00, 0x00, 0x0F, 0xF4, 0x00, 0x00, 0x00, 0x3F, 0xD0, 0x00, 0x00,
    0x00, 0xFF, 0x40, 0x00, 0x00, 0x03, 0xFD, 0x00, 0x00, 0x00, 0x0F, 0xF4, 0x00, 0x00, 0x00, 0x3F,
    0xE0, 0x00, 0x00, 0x1F, 0xFF, 0xFC, 0x00, 0x00, 0x7F, 0xFF, 0xF0, 0x00, 0x00, 0x02, 0xE0, 0x00,
    0x1F, 0xD0, 0x00, 0x3F, 0x40, 0x00, 0x3C, 0x00, 0xF5, 0xE0, 0x07, 0xDF, 0x00, 0x2F, 0xB4, 0x01,
    0xFD, 0x00, 0x2F, 0xFF, 0xF1, 0xFF, 0xFF, 0xC1, 0xBF, 0x95, 0x02, 0xFD, 0x00, 0x0B, 0xF4, 0x00,
    0x2F, 0xD0, 0x00, 0xBF, 0x40, 0x02, 0xFD, 0x00, 0x0B, 0xF4, 0x00, 0x2F, 0xE0, 0x00, 0x7F, 0xD6,
    0x00, 0xFF, 0xFE, 0x01, 0xFF, 0xE0, 0x00, 0x54, 0x00, 0x1A, 0xAA, 0xAA, 0xAA, 0x80, 0xBF, 0xFF,
    0xFF, 0xFF, 0x43, 0xFE, 0xBF, 0xEA, 0xFE, 0x0F, 0xC0, 0xFF, 0x41, 0xF8, 0x3D, 0x03, 0xFD, 0x03,
    0xF1, 0xF0, 0x0F, 0xF4, 0x07, 0xC0, 0x00, 0x3F, 0xD0, 0x00, 0x00, 0x00, 0xFF, 0x40, 0x00, 0x00,
    0xAB, 0xFF, 0xA8, 0x00, 0x07, 0xFF, 0xFF, 0xF0, 0x00, 0x1F, 0xFF, 0xFF, 0x80, 0x00, 0x00, 0xFF,
    0x40, 0x00, 0x00, 0x03, 0xFD, 0x00, 0x00, 0x00, 0x0F, 0xF4, 0x00, 0x00, 0x00, 0x3F, 0xD0, 0x00,
    0x00, 0x00, 0xFF, 0x80, 0x00, 0x00, 0x7F, 0xFF, 0xF0, 0x00, 0x01, 0xFF, 0xFF, 0xC0, 0x00, 0x00,
    0x00, 0x00, 0x03, 0xD0, 0x00, 0x1F, 0x40, 0x00, 0xBD, 0x00, 0x07, 0xF4, 0x00, 0xBF, 0xFF, 0xC7,
    0xFF, 0xFF, 0x06, 0xFE, 0x54, 0x0B, 0xF4, 0x00, 0x2F, 0xE0, 0x0B, 0xFF, 0xFF, 0x2F, 0xFF, 0xFC,
    0x0B, 0xF4, 0x00, 0x2F, 0xD0, 0x00, 0xBF, 0x80, 0x01, 0xFF, 0x58, 0x03, 0xFF, 0xF8, 0x07, 0xFF,
    0x80, 0x01, 0x50, 0x00, 0x00, 0x00, 0x00, 0x00, 0x00, 0x00, 0x0F, 0xE4, 0x60, 0x00, 0x00, 0xBF,
    0xFF, 0xC0, 0x00, 0x03, 0xEF, 0xFD, 0x00, 0x00, 0x04, 0x06, 0xD0, 0x00, 0x00, 0x00, 0x00, 0x00,
    0x02, 0xAA, 0xA4, 0x02, 0xAA, 0x4F, 0xFF, 0xF0, 0x1F, 0xFF, 0x1B, 0xFE, 0x40, 0x1F, 0xE0, 0x0F,
    0xF0, 0x00, 0x2F, 0x00, 0x3F, 0xC0, 0x00, 0xBC, 0x00, 0xFF, 0x00, 0x02, 0xF0, 0x03, 0xFC, 0x00,
    0x0B, 0xC0, 0x0F, 0xF0, 0x00, 0x2F, 0x00, 0x3F, 0xC0, 0x00, 0xBC, 0x00, 0xFF, 0x00, 0x02, 0xF0,
    0x03, 0xFC, 0x00, 0x0B, 0xC0, 0x0F, 0xF0, 0x00, 0x2F, 0x00, 0x3F, 0xC0, 0x00, 0xBC, 0x00, 0xFF,
    0x00, 0x03, 0xE0, 0x03, 0xFE, 0x00, 0x1F, 0x40, 0x07, 0xFF, 0x56, 0xFC, 0x00, 0x0B, 0xFF, 0xFF,
    0xC0, 0x00, 0x07, 0xFF, 0xF8, 0x00, 0x00, 0x00, 0x54, 0x00, 0x00, 0x00, 0x00, 0x00, 0x00, 0x00,
    0x1F, 0xD0, 0x80, 0x00, 0x0F, 0xFF, 0xF4, 0x00, 0x0B, 0xBF, 0xFC, 0x00, 0x00, 0x40, 0xB8, 0x00,
    0x00, 0x00, 0x00, 0x00, 0x00, 0x00, 0x00, 0x00, 0x00, 0xBF, 0xC0, 0xBF, 0xD0, 0x7F, 0xF4, 0x3F,
    0xF4, 0x07, 0xFD, 0x07, 0xFD, 0x00, 0xBF, 0x40, 0xBF, 0x40, 0x2F, 0xD0, 0x2F, 0xD0, 0x0B, 0xF4,
    0x0B, 0xF4, 0x02, 0xFD, 0x02, 0xFD, 0x00, 0xBF, 0x40, 0xBF, 0x40, 0x2F, 0xD0, 0x2F, 0xD0, 0x0B,
    0xF4, 0x0F, 0xF4, 0x02, 0xFF, 0x5F, 0xFE, 0x00, 0x3F, 0xFF, 0x7F, 0xF0, 0x07, 0xFF, 0x4F, 0xFD,
    0x00, 0x14, 0x00, 0x00, 0x00, 0x00, 0x05, 0x55, 0x50, 0x00, 0x00, 0x2F, 0xFF, 0xE0, 0x00, 0x00,
    0xBF, 0xFF, 0x80, 0x00, 0x00, 0x55, 0x54, 0x00, 0x00, 0x00, 0x00, 0x00, 0x00, 0xAA, 0xA9, 0x00,
    0xAA, 0x93, 0xFF, 0xFC, 0x07, 0xFF, 0xC6, 0xFF, 0x90, 0x07, 0xF8, 0x03, 0xFC, 0x00, 0x0B, 0xC0,
    0x0F, 0xF0, 0x00, 0x2F, 0x00, 0x3F, 0xC0, 0x00, 0xBC, 0x00, 0xFF, 0x00, 0x02, 0xF0, 0x03, 0xFC,
    0x00, 0x0B, 0xC0, 0x0F, 0xF0, 0x00, 0x2F, 0x00, 0x3F, 0xC0, 0x00, 0xBC, 0x00, 0xFF, 0x00, 0x02,
    0xF0, 0x03, 0xFC, 0x00, 0x0B, 0xC0, 0x0F, 0xF0, 0x00, 0x2F, 0x00, 0x3F, 0xC0, 0x00, 0xF8, 0x00,
    0xFF, 0x80, 0x07, 0xD0, 0x01, 0xFF, 0xD5, 0xBF, 0x00, 0x02, 0xFF, 0xFF, 0xF0, 0x00, 0x01, 0xFF,
    0xFE, 0x00, 0x00, 0x00, 0x15, 0x00, 0x00, 0x00, 0x55, 0x55, 0x00, 0x00, 0x3F, 0xFF, 0xC0, 0x00,
    0x0F, 0xFF, 0xF0, 0x00, 0x01, 0x55, 0x54, 0x00, 0x00, 0x00, 0x00, 0x00, 0x00, 0x00, 0x00, 0x00,
    0x02, 0xFF, 0x02, 0xFF, 0x41, 0xFF, 0xD0, 0xFF, 0xD0, 0x1F, 0xF4, 0x1F, 0xF4, 0x02, 0xFD, 0x02,
    0xFD, 0x00, 0xBF, 0x40, 0xBF, 0x40, 0x2F, 0xD0, 0x2F, 0xD0, 0x0B, 0xF4, 0x0B, 0xF4, 0x02, 0xFD,
    0x02, 0xFD, 0x00, 0xBF, 0x40, 0xBF, 0x40, 0x2F, 0xD0, 0x3F, 0xD0, 0x0B, 0xFD, 0x7F, 0xF8, 0x00,
    0xFF, 0xFD, 0xFF, 0xC0, 0x1F, 0xFD, 0x3F, 0xF4, 0x00, 0x50, 0x00, 0x00, 0x00, 0x0A, 0x00, 0x28,
    0x00, 0x00, 0x3C, 0x01, 0xE0, 0x00, 0x00, 0xBE, 0xAF, 0x40, 0x00, 0x00, 0xFF, 0xFC, 0x00, 0x00,
    0x00, 0xFF, 0x80, 0x00, 0x00, 0x00, 0x00, 0x00, 0x02, 0xAA, 0xA4, 0x02, 0xAA, 0x4F, 0xFF, 0xF0,
    0x1F, 0xFF, 0x1B, 0xFE, 0x40, 0x1F, 0xE0, 0x0F, 0xF0, 0x00, 0x2F, 0x00, 0x3F, 0xC0, 0x00, 0xBC,
    0x00, 0xFF, 0x00, 0x02, 0xF0, 0x03, 0xFC, 0x00, 0x0B, 0xC0, 0x0F, 0xF0, 0x00, 0x2F, 0x00, 0x3F,
    0xC0, 0x00, 0xBC, 0x00, 0xFF, 0x00, 0x02, 0xF0, 0x03, 0xFC, 0x00, 0x0B, 0xC0, 0x0F, 0xF0, 0x00,
    0x2F, 0x00, 0x3F, 0xC0, 0x00, 0xBC, 0x00, 0xFF, 0x00, 0x03, 0xE0, 0x03, 0xFE, 0x00, 0x1F, 0x40,
    0x07, 0xFF, 0x56, 0xFC, 0x00, 0x0B, 0xFF, 0xFF, 0xC0, 0x00, 0x07, 0xFF, 0xF8, 0x00, 0x00, 0x00,
    0x54, 0x00, 0x00, 0x00, 0xC0, 0x07, 0x00, 0x00, 0x38, 0x03, 0xC0, 0x00, 0x0F, 0x96, 0xF0, 0x00,
    0x01, 0xFF, 0xF4, 0x00, 0x00, 0x2F, 0xF4, 0x00, 0x00, 0x00, 0x50, 0x00, 0x00, 0x00, 0x00, 0x00,
    0x00, 0xBF, 0xC0, 0xBF, 0xD0, 0x7F, 0xF4, 0x3F, 0xF4, 0x07, 0xFD, 0x07, 0xFD, 0x00, 0xBF, 0x40,
    0xBF, 0x40, 0x2F, 0xD0, 0x2F, 0xD0, 0x0B, 0xF4, 0x0B, 0xF4, 0x02, 0xFD, 0x02, 0xFD, 0x00, 0xBF,
    0x40, 0xBF, 0x40, 0x2F, 0xD0, 0x2F, 0xD0, 0x0B, 0xF4, 0x0F, 0xF4, 0x02, 0xFF, 0x5F, 0xFE, 0x00,
    0x3F, 0xFF, 0x7F, 0xF0, 0x07, 0xFF, 0x4F, 0xFD, 0x00, 0x14, 0x00, 0x00, 0x00, 0x00, 0x00, 0x00,
    0x00, 0x00, 0x00, 0x03, 0xFF, 0x00, 0x00, 0x00, 0x3E, 0x3F, 0x00, 0x00, 0x00, 0xF4, 0x7C, 0x00,
    0x00, 0x03, 0xE2, 0xF0, 0x00, 0x00, 0x07, 0xFF, 0x00, 0x00, 0x00, 0x01, 0x50, 0x00, 0x0A, 0xAA,
    0x90, 0x0A, 0xA9, 0x3F, 0xFF, 0xC0, 0x7F, 0xFC, 0x6F, 0xF9, 0x00, 0x7F, 0x80, 0x3F, 0xC0, 0x00,
    0xBC, 0x00, 0xFF, 0x00, 0x02, 0xF0, 0x03, 0xFC, 0x00, 0x0B, 0xC0, 0x0F, 0xF0, 0x00, 0x2F, 0x00,
    0x3F, 0xC0, 0x00, 0xBC, 0x00, 0xFF, 0x00, 0x02, 0xF0, 0x03, 0xFC, 0x00, 0x0B, 0xC0, 0x0F, 0xF0,
    0x00, 0x2F, 0x00, 0x3F, 0xC0, 0x00, 0xBC, 0x00, 0xFF, 0x00, 0x02, 0xF0, 0x03, 0xFC, 0x00, 0x0F,
    0x80, 0x0F, 0xF8, 0x00, 0x7D, 0x00, 0x1F, 0xFD, 0x5B, 0xF0, 0x00, 0x2F, 0xFF, 0xFF, 0x00, 0x00,
    0x1F, 0xFF, 0xE0, 0x00, 0x00, 0x01, 0x50, 0x00, 0x00, 0x00, 0x00, 0x00, 0x00, 0x00, 0x07, 0xFD,
    0x00, 0x00, 0x07, 0xD7, 0xD0, 0x00, 0x02, 0xF0, 0xF4, 0x00, 0x00, 0x7C, 0x3D, 0x00, 0x00, 0x0F,
    0xFE, 0x00, 0x00, 0x00, 0x54, 0x00, 0x00, 0x00, 0x00, 0x00, 0x00, 0x2F, 0xF0, 0x2F, 0xF4, 0x1F,
    0xFD, 0x0F, 0xFD, 0x01, 0xFF, 0x41, 0xFF, 0x40, 0x2F, 0xD0, 0x2F, 0xD0, 0x0B, 0xF4, 0x0B, 0xF4,
    0x02, 0xFD, 0x02, 0xFD, 0x00, 0xBF, 0x40, 0xBF, 0x40, 0x2F, 0xD0, 0x2F, 0xD0, 0x0B, 0xF4, 0x0B,
    0xF4, 0x02, 0xFD, 0x03, 0xFD, 0x00, 0xBF, 0xD7, 0xFF, 0x80, 0x0F, 0xFF, 0xDF, 0xFC, 0x01, 0xFF,
    0xD3, 0xFF, 0x40, 0x05, 0x00, 0x00, 0x00, 0x00, 0x00, 0x0B, 0x01, 0x80, 0x00, 0x00, 0xBE, 0x1F,
    0x80, 0x00, 0x07, 0xF5, 0xFE, 0x00, 0x00, 0x7F, 0x5F, 0xE0, 0x00, 0x03, 0xD0, 0xF4, 0x00, 0x00,
    0x00, 0x00, 0x00, 0x02, 0xAA, 0xA4, 0x02, 0xAA, 0x4F, 0xFF, 0xF0, 0x1F, 0xFF, 0x1B, 0xFE, 0x40,
    0x1F, 0xE0, 0x0F, 0xF0, 0x00, 0x2F, 0x00, 0x3F, 0xC0, 0x00, 0xBC, 0x00, 0xFF, 0x00, 0x02, 0xF0,
    0x03, 0xFC, 0x00, 0x0B, 0xC0, 0x0F, 0xF0, 0x00, 0x2F, 0x00, 0x3F, 0xC0, 0x00, 0xBC, 0x00, 0xFF,
    0x00, 0x02, 0xF0, 0x03, 0xFC, 0x00, 0x0B, 0xC0, 0x0F, 0xF0, 0x00, 0x2F, 0x00, 0x3F, 0xC0, 0x00,
    0xBC, 0x00, 0xFF, 0x00, 0x03, 0xE0, 0x03, 0xFE, 0x00, 0x1F, 0x40, 0x07, 0xFF, 0x56, 0xFC, 0x00,
    0x0B, 0xFF, 0xFF, 0xC0, 0x00, 0x07, 0xFF, 0xF8, 0x00, 0x00, 0x00, 0x54, 0x00, 0x00, 0x00, 0x02,
    0xD0, 0xF0, 0x00, 0x00, 0xFC, 0xBD, 0x00, 0x00, 0xFD, 0x7F, 0x00, 0x00, 0xBD, 0x3F, 0x00, 0x00,
    0x3C, 0x2E, 0x00, 0x00, 0x04, 0x01, 0x00, 0x00, 0x00, 0x00, 0x00, 0x00, 0xBF, 0xC0, 0xBF, 0xD0,
    0x7F, 0xF4, 0x3F, 0xF4, 0x07, 0xFD, 0x07, 0xFD, 0x00, 0xBF, 0x40, 0xBF, 0x40, 0x2F, 0xD0, 0x2F,
    0xD0, 0x0B, 0xF4, 0x0B, 0xF4, 0x02, 0xFD, 0x02, 0xFD, 0x00, 0xBF, 0x40, 0xBF, 0x40, 0x2F, 0xD0,
    0x2F, 0xD0, 0x0B, 0xF4, 0x0F, 0xF4, 0x02, 0xFF, 0x5F, 0xFE, 0x00, 0x3F, 0xFF, 0x7F, 0xF0, 0x07,
    0xFF, 0x4F, 0xFD, 0x00, 0x14, 0x00, 0x00, 0x00, 0x2A, 0xAA, 0x40, 0x2A, 0xA4, 0xFF, 0xFF, 0x01,
    0xFF, 0xF1, 0xBF, 0xE4, 0x01, 0xFE, 0x00, 0xFF, 0x00, 0x02, 0xF0, 0x03, 0xFC, 0x00, 0x0B, 0xC0,
    0x0F, 0xF0, 0x00, 0x2F, 0x00, 0x3F, 0xC0, 0x00, 0xBC, 0x00, 0xFF, 0x00, 0x02, 0xF0, 0x03, 0xFC,
    0x00, 0x0B, 0xC0, 0x0F, 0xF0, 0x00, 0x2F, 0x00, 0x3F, 0xC0, 0x00, 0xBC, 0x00, 0xFF, 0x00, 0x02,
    0xF0, 0x03, 0xFC, 0x00, 0x0B, 0xC0, 0x0F, 0xF0, 0x00, 0x3E, 0x00, 0x3F, 0xE0, 0x01, 0xF4, 0x00,
    0x7F, 0xF5, 0x6F, 0xC0, 0x00, 0xBF, 0xFF, 0xFC, 0x00, 0x00, 0x7F, 0xFF, 0x80, 0x00, 0x00, 0x05,
    0xF4, 0x00, 0x00, 0x00, 0x1F, 0x40, 0x00, 0x00, 0x00, 0xFC, 0x00, 0x00, 0x00, 0x07, 0xF0, 0x00,
    0x00, 0x00, 0x0F, 0xFE, 0x00, 0x00, 0x00, 0x1F, 0xE0, 0x00, 0x00, 0x00, 0x00, 0x00, 0x00, 0x2F,
    0xF0, 0x2F, 0xF4, 0x1F, 0xFD, 0x0F, 0xFD, 0x01, 0xFF, 0x41, 0xFF, 0x40, 0x2F, 0xD0, 0x2F, 0xD0,
    0x0B, 0xF4, 0x0B, 0xF4, 0x02, 0xFD, 0x02, 0xFD, 0x00, 0xBF, 0x40, 0xBF, 0x40, 0x2F, 0xD0, 0x2F,
    0xD0, 0x0B, 0xF4, 0x0B, 0xF4, 0x02, 0xFD, 0x03, 0xFD, 0x00, 0xBF, 0xD7, 0xFF, 0x80, 0x0F, 0xFF,
    0xDF, 0xFC, 0x01, 0xFF, 0xD3, 0xFF, 0x40, 0x05, 0x00, 0x7D, 0x00, 0x00, 0x00, 0x3E, 0x00, 0x00,
    0x00, 0x3F, 0x00, 0x00, 0x00, 0x0F, 0xC0, 0x00, 0x00, 0x03, 0xFF, 0xC0, 0x00, 0x00, 0x7F, 0x80,
    0x00, 0x00, 0x00, 0x00, 0x00, 0x00, 0x00, 0x1E, 0x00, 0x00, 0x00, 0x00, 0x00, 0x00, 0x7F, 0x80,
    0x00, 0x00, 0x00, 0x00, 0x01, 0xFF, 0xD0, 0x00, 0x00, 0x00, 0x00, 0x03, 0xF7, 0xF4, 0x00, 0x00,
    0x00, 0x00, 0x0F, 0x80, 0x7C, 0x00, 0x00, 0x00, 0x00, 0x00, 0x00, 0x00, 0x00, 0x00, 0x6A, 0xAA,
    0x40, 0x6A, 0x40, 0x2A, 0xA8, 0xBF, 0xFF, 0x80, 0xFF, 0xC0, 0x3F, 0xFD, 0x6F, 0xFD, 0x00, 0xFF,
    0xC0, 0x1B, 0xF4, 0x0B, 0xF8, 0x01, 0xFF, 0xD0, 0x07, 0xC0, 0x07, 0xFC, 0x02, 0xFF, 0xE0, 0x0B,
    0xC0, 0x03, 0xFC, 0x03, 0xFF, 0xF0, 0x0B, 0x80, 0x03, 0xFD, 0x03, 0xDF, 0xF0, 0x0F, 0x40, 0x02,
    0xFE, 0x07, 0xCB, 0xF8, 0x0F, 0x00, 0x01, 0xFF, 0x0B, 0xC7, 0xFC, 0x1F, 0x00, 0x00, 0xFF, 0x0F,
    0x83, 0xFC, 0x2E, 0x00, 0x00, 0xFF, 0x0F, 0x43, 0xFD, 0x3D, 0x00, 0x00, 0xBF, 0x5F, 0x02, 0xFE,
    0x3D, 0x00, 0x00, 0x7F, 0xAF, 0x01, 0xFF, 0x3C, 0x00, 0x00, 0x3F, 0xFE, 0x00, 0xFF, 0xBC, 0x00,
    0x00, 0x3F, 0xFD, 0x00, 0xFF, 0xF8, 0x00, 0x00, 0x3F, 0xFC, 0x00, 0xBF, 0xF4, 0x00, 0x00, 0x2F,
    0xFC, 0x00, 0x7F, 0xF0, 0x00, 0x00, 0x1F, 0xF8, 0x00, 0x3F, 0xF0, 0x00, 0x00, 0x00, 0x00, 0x00,
    0x00, 0x00, 0x00, 0x00, 0x0F, 0x80, 0x00, 0x00, 0x00, 0x00, 0xFF, 0x40, 0x00, 0x00, 0x00, 0x0B,
    0xFF, 0x00, 0x00, 0x00, 0x00, 0x7E, 0x7F, 0x00, 0x00, 0x00, 0x03, 0xD0, 0x2D, 0x00, 0x00, 0x00,
    0x04, 0x00, 0x10, 0x00, 0x00, 0x00, 0x00, 0x00, 0x00, 0x00, 0xBF, 0xFD, 0x0F, 0xF4, 0x2F, 0xF7,
    0xFF, 0xF4, 0x3F, 0xE0, 0xFF, 0xD2, 0xFF, 0x01, 0xFF, 0xC0, 0xFC, 0x03, 0xFC, 0x0B, 0xFF, 0x02,
    0xD0, 0x0B, 0xF4, 0x3E, 0xFD, 0x0F, 0x00, 0x1F, 0xE0, 0xF3, 0xF8, 0x38, 0x00, 0x3F, 0xC7, 0x8F,
    0xF2, 0xD0, 0x00, 0xBF, 0x2D, 0x2F, 0xCF, 0x00, 0x01, 0xFE, 0xF0, 0x7F, 0x7C, 0x00, 0x03, 0xFF,
    0xC0, 0xFF, 0xD0, 0x00, 0x0B, 0xFE, 0x03, 0xFF, 0x00, 0x00, 0x1F, 0xF4, 0x0B, 0xFC, 0x00, 0x00,
    0x3F, 0xC0, 0x1F, 0xE0, 0x00, 0x00, 0x00, 0x3C, 0x00, 0x00, 0x00, 0x03, 0xFC, 0x00, 0x00, 0x00,
    0x3F, 0xFC, 0x00, 0x00, 0x02, 0xFA, 0xF8, 0x00, 0x00, 0x1F, 0x01, 0xF0, 0x00, 0x00, 0x10, 0x00,
    0x40, 0x06, 0xAA, 0xA4, 0x1A, 0xAA, 0x3F, 0xFF, 0xE0, 0xBF, 0xFD, 0x6F, 0xFD, 0x00, 0x7F, 0xD0,
    0x1F, 0xF0, 0x00, 0xFC, 0x00, 0x3F, 0xE0, 0x07, 0xD0, 0x00, 0x3F, 0xC0, 0x3F, 0x00, 0x00, 0xBF,
    0x81, 0xF0, 0x00, 0x00, 0xFF, 0x4F, 0x80, 0x00, 0x01, 0xFF, 0xBC, 0x00, 0x00, 0x03, 0xFF, 0xD0,
    0x00, 0x00, 0x03, 0xFF, 0x00, 0x00, 0x00, 0x0F, 0xF4, 0x00, 0x00, 0x00, 0x3F, 0xD0, 0x00, 0x00,
    0x00, 0xFF, 0x40, 0x00, 0x00, 0x03, 0xFD, 0x00, 0x00, 0x00, 0x0F, 0xF4, 0x00, 0x00, 0x03, 0xFF,
    0xFE, 0x00, 0x00, 0x0F, 0xFF, 0xF8, 0x00, 0x00, 0x00, 0x00, 0x00, 0x00, 0x03, 0xE0, 0x00, 0x00,
    0x0F, 0xF4, 0x00, 0x00, 0x2F, 0xFC, 0x00, 0x00, 0x7E, 0x7F, 0x00, 0x00, 0xF4, 0x0B, 0x40, 0x00,
    0x40, 0x01, 0x00, 0x00, 0x00, 0x00, 0x00, 0x7F, 0xFE, 0x0F, 0xFC, 0xBF, 0xFE, 0x1F, 0xFC, 0x1F,
    0xF4, 0x03, 0xE0, 0x0F, 0xF4, 0x03, 0xC0, 0x07, 0xF8, 0x07, 0x80, 0x03, 0xFC, 0x0F, 0x40, 0x01,
    0xFE, 0x0F, 0x00, 0x00, 0xFF, 0x2D, 0x00, 0x00, 0xBF, 0x7C, 0x00, 0x00, 0x3F, 0xF8, 0x00, 0x00,
    0x2F, 0xF0, 0x00, 0x00, 0x0F, 0xF0, 0x00, 0x00, 0x0F, 0xD0, 0x00, 0x00, 0x0B, 0xC0, 0x00, 0x28,
    0x0F, 0x80, 0x00, 0xBE, 0x1F, 0x00, 0x00, 0xBD, 0x3D, 0x00, 0x00, 0x7F, 0xF8, 0x00, 0x00, 0x1A,
    0x90, 0x00, 0x00, 0x00, 0x00, 0x00, 0x40, 0x00, 0x00, 0xBF, 0x0F, 0xE0, 0x00, 0x03, 0xFC, 0x7F,
    0xC0, 0x00, 0x0F, 0xF0, 0xFE, 0x00, 0x00, 0x0A, 0x01, 0xA0, 0x00, 0x00, 0x00, 0x00, 0x00, 0x06,
    0xAA, 0xA4, 0x1A, 0xAA, 0x3F, 0xFF, 0xE0, 0xBF, 0xFD, 0x6F, 0xFD, 0x00, 0x7F, 0xD0, 0x1F, 0xF0,
    0x00, 0xFC, 0x00, 0x3F, 0xE0, 0x07, 0xD0, 0x00, 0x3F, 0xC0, 0x3F, 0x00, 0x00, 0xBF, 0x81, 0xF0,
    0x00, 0x00, 0xFF, 0x4F, 0x80, 0x00, 0x01, 0xFF, 0xBC, 0x00, 0x00, 0x03, 0xFF, 0xD0, 0x00, 0x00,
    0x03, 0xFF, 0x00, 0x00, 0x00, 0x0F, 0xF4, 0x00, 0x00, 0x00, 0x3F, 0xD0, 0x00, 0x00, 0x00, 0xFF,
    0x40, 0x00, 0x00, 0x03, 0xFD, 0x00, 0x00, 0x00, 0x0F, 0xF4, 0x00, 0x00, 0x03, 0xFF, 0xFE, 0x00,
    0x00, 0x0F, 0xFF, 0xF8, 0x00, 0x00, 0x00, 0x24, 0x00, 0x00, 0x00, 0xFC, 0x00, 0x00, 0x03, 0xFC,
    0x00, 0x00, 0x0F, 0xF4, 0x00, 0x00, 0x3E, 0x00, 0x00, 0x00, 0x00, 0x00, 0x00, 0x2A, 0xAA, 0xAA,
    0xA4, 0x7F, 0xFF, 0xFF, 0xFC, 0x7F, 0xEA, 0xAF, 0xF8, 0xBF, 0x00, 0x2F, 0xF0, 0xBD, 0x00, 0x7F,
    0xD0, 0xBC, 0x00, 0xFF, 0x80, 0x50, 0x03, 0xFF, 0x00, 0x00, 0x0B, 0xFC, 0x00, 0x00, 0x1F, 0xF4,
    0x00, 0x00, 0x3F, 0xE0, 0x00, 0x00, 0xFF, 0xC0, 0x00, 0x02, 0xFF, 0x00, 0x00, 0x07, 0xFD, 0x00,
    0x7C, 0x0F, 0xFC, 0x00, 0xFC, 0x2F, 0xF0, 0x01, 0xFC, 0x7F, 0xD0, 0x07, 0xF8, 0xFF, 0xFF, 0xFF,
    0xF8, 0xFF, 0xFF, 0xFF, 0xF8, 0x00, 0x00, 0x00, 0x00, 0x00, 0x78, 0x00, 0x00, 0x3F, 0x00, 0x00,
    0x3F, 0xC0, 0x00, 0x2F, 0x80, 0x00, 0x0F, 0x40, 0x00, 0x01, 0x00, 0x00, 0x00, 0x00, 0x00, 0x2F,
    0xFF, 0xFF, 0x0F, 0xFF, 0xFF, 0xC3, 0xF4, 0x2F, 0xE0, 0xF4, 0x0F, 0xF0, 0x3C, 0x0F, 0xF4, 0x00,
    0x0B, 0xF8, 0x00, 0x07, 0xFC, 0x00, 0x03, 0xFC, 0x00, 0x03, 0xFD, 0x07, 0x82, 0xFE, 0x02, 0xE1,
    0xFF, 0x01, 0xF4, 0xFF, 0xFF, 0xFD, 0x3F, 0xFF, 0xFF, 0x40, 0x00, 0x01, 0x00, 0x00, 0x00, 0x2F,
    0xE0, 0x00, 0x00, 0x3F, 0xF0, 0x00, 0x00, 0x3F, 0xF0, 0x00, 0x00, 0x0B, 0x80, 0x00, 0x00, 0x00,
    0x00, 0x00, 0x2A, 0xAA, 0xAA, 0xA4, 0x7F, 0xFF, 0xFF, 0xFC, 0x7F, 0xEA, 0xAF, 0xF8, 0xBF, 0x00,
    0x2F, 0xF0, 0xBD, 0x00, 0x7F, 0xD0, 0xBC, 0x00, 0xFF, 0x80, 0x50, 0x03, 0xFF, 0x00, 0x00, 0x0B,
    0xFC, 0x00, 0x00, 0x1F, 0xF4, 0x00, 0x00, 0x3F, 0xE0, 0x00, 0x00, 0xFF, 0xC0, 0x00, 0x02, 0xFF,
    0x00, 0x00, 0x07, 0xFD, 0x00, 0x7C, 0x0F, 0xFC, 0x00, 0xFC, 0x2F, 0xF0, 0x01, 0xFC, 0x7F, 0xD0,
    0x07, 0xF8, 0xFF, 0xFF, 0xFF, 0xF8, 0xFF, 0xFF, 0xFF, 0xF8, 0x00, 0x04, 0x00, 0x00, 0x1F, 0xE0,
    0x00, 0x0B, 0xFC, 0x00, 0x02, 0xFF, 0x00, 0x00, 0x2F, 0x40, 0x00, 0x00, 0x00, 0x00, 0x00, 0x00,
    0x00, 0xBF, 0xFF, 0xFC, 0x3F, 0xFF, 0xFF, 0x0F, 0xD0, 0xBF, 0x83, 0xD0, 0x3F, 0xC0, 0xF0, 0x3F,
    0xD0, 0x00, 0x2F, 0xE0, 0x00, 0x1F, 0xF0, 0x00, 0x0F, 0xF0, 0x00, 0x0F, 0xF4, 0x1E, 0x0B, 0xF8,
    0x0B, 0x87, 0xFC, 0x07, 0xD3, 0xFF, 0xFF, 0xF4, 0xFF, 0xFF, 0xFD, 0x00, 0x00, 0x00, 0x00, 0x03,
    0xC0, 0x0B, 0x00, 0x02, 0xF8, 0x7E, 0x00, 0x00, 0xBF, 0xF8, 0x00, 0x00, 0x3F, 0xF0, 0x00, 0x00,
    0x0F, 0xC0, 0x00, 0x00, 0x00, 0x00, 0x00, 0x2A, 0xAA, 0xAA, 0xA4, 0x7F, 0xFF, 0xFF, 0xFC, 0x7F,
    0xEA, 0xAF, 0xF8, 0xBF, 0x00, 0x2F, 0xF0, 0xBD, 0x00, 0x7F, 0xD0, 0xBC, 0x00, 0xFF, 0x80, 0x50,
    0x03, 0xFF, 0x00, 0x00, 0x0B, 0xFC, 0x00, 0x00, 0x1F, 0xF4, 0x00, 0x00, 0x3F, 0xE0, 0x00, 0x00,
    0xFF, 0xC0, 0x00, 0x02, 0xFF, 0x00, 0x00, 0x07, 0xFD, 0x00, 0x7C, 0x0F, 0xFC, 0x00, 0xFC, 0x2F,
    0xF0, 0x01, 0xFC, 0x7F, 0xD0, 0x07, 0xF8, 0xFF, 0xFF, 0xFF, 0xF8, 0xFF, 0xFF, 0xFF, 0xF8, 0x00,
    0x00, 0x00, 0x01, 0xC0, 0x0B, 0x00, 0x7D, 0x0F, 0x80, 0x0B, 0xFF, 0xC0, 0x00, 0xFF, 0xC0, 0x00,
    0x0F, 0xD0, 0x00, 0x00, 0x90, 0x00, 0x00, 0x00, 0x00, 0x2F, 0xFF, 0xFF, 0x0F, 0xFF, 0xFF, 0xC3,
    0xF4, 0x2F, 0xE0, 0xF4, 0x0F, 0xF0, 0x3C, 0x0F, 0xF4, 0x00, 0x0B, 0xF8, 0x00, 0x07, 0xFC, 0x00,
    0x03, 0xFC, 0x00, 0x03, 0xFD, 0x07, 0x82, 0xFE, 0x02, 0xE1, 0xFF, 0x01, 0xF4, 0xFF, 0xFF, 0xFD,
    0x3F, 0xFF, 0xFF, 0x40, 0x00, 0x6F, 0xE8, 0x00, 0x07, 0xFF, 0xFF, 0x80, 0x2F, 0xFF, 0xFF, 0xE0,
    0x7F, 0x40, 0x7F, 0xF8, 0x34, 0x00, 0x0F, 0xFC, 0x00, 0x00, 0x03, 0xFD, 0x00, 0x00, 0x03, 0xFE,
    0x00, 0x00, 0x02, 0xFF, 0x15, 0x55, 0x56, 0xFF, 0xBF, 0xFF, 0xFF, 0xFF, 0xFF, 0xFF, 0xFF, 0xFF,
    0xFF, 0x80, 0x02, 0xFF, 0xFF, 0x40, 0x02, 0xFE, 0xBF, 0x80, 0x03, 0xFC, 0x7F, 0xC0, 0x07, 0xF8,
    0x3F, 0xF0, 0x2F, 0xF0, 0x0F, 0xFF, 0xFF, 0xC0, 0x02, 0xFF, 0xFD, 0x00, 0x00, 0x05, 0x40, 0x00,
    0x00, 0x00, 0x01, 0xBE, 0x00, 0x00, 0x00, 0xFF, 0xFC, 0x00, 0x00, 0x2F, 0x87, 0xE0, 0x00, 0x07,
    0xF0, 0xFE, 0x00, 0x00, 0xBF, 0x0B, 0xC0, 0x00, 0x0F, 0xE0, 0x00, 0x00, 0x00, 0xFE, 0x00, 0x00,
    0x01, 0xFF, 0xFF, 0xC0, 0x00, 0x1F, 0xFF, 0xFC, 0x00, 0x00, 0x2F, 0xC0, 0x00, 0x00, 0x02, 0xFC,
    0x00, 0x00, 0x00, 0x3F, 0xC0, 0x00, 0x00, 0x03, 0xFC, 0x00, 0x00, 0x00, 0x3F, 0x80, 0x00, 0x00,
    0x03, 0xF8, 0x00, 0x00, 0x00, 0x7F, 0x40, 0x00, 0x00, 0x07, 0xF4, 0x00, 0x00, 0x00, 0xBF, 0x00,
    0x00, 0x3E, 0x0B, 0xF0, 0x00, 0x07, 0xF0, 0xFD, 0x00, 0x00, 0x7E, 0x1F, 0xC0, 0x00, 0x03, 0xFF,
    0xF0, 0x00, 0x00, 0x0B, 0xE4, 0x00, 0x00, 0x00, 0x00, 0x00, 0x00, 0x00, 0x04, 0x00, 0x00, 0x00,
    0x00, 0x0F, 0xD0, 0x00, 0xAF, 0xA0, 0x07, 0xFC, 0x03, 0xFF, 0xFF, 0x80, 0xFF, 0x07, 0xFE, 0xAF,
    0xFC, 0x0B, 0x87, 0xFC, 0x00, 0xFF, 0xC3, 0xD3, 0xFD, 0x00, 0x0F, 0xFB, 0xE1, 0xFF, 0x00, 0x02,
    0xFF, 0xE0, 0xBF, 0x80, 0x00, 0x7F, 0xD0, 0x3F, 0xE0, 0x00, 0x0F, 0xF4, 0x0F, 0xF4, 0x00, 0x03,
    0xFD, 0x03, 0xFD, 0x00, 0x00, 0xFF, 0x40, 0xFF, 0x80, 0x00, 0x3F, 0xC0, 0x3F, 0xE0, 0x00, 0x0F,
    0xF0, 0x0B, 0xFC, 0x00, 0x07, 0xFC, 0x00, 0xFF, 0x00, 0x02, 0xFD, 0x00, 0x3F, 0xF0, 0x00, 0xFF,
    0x00, 0x03, 0xFF, 0x41, 0xFF, 0x00, 0x00, 0x3F, 0xFF, 0xFF, 0x40, 0x00, 0x02, 0xFF, 0xFE, 0x00,
    0x00, 0x00, 0x01, 0x50, 0x00, 0x00, 0x00, 0x00, 0x00, 0x00, 0x0B, 0x40, 0x00, 0x00, 0x03, 0xFC,
    0x00, 0x00, 0x00, 0x3F, 0xD0, 0x00, 0x00, 0x00, 0xBD, 0x00, 0x7F, 0xFD, 0x03, 0xC0, 0x3F, 0xFF,
    0xFC, 0xF4, 0x0F, 0xF4, 0x2F, 0xFE, 0x01, 0xFE, 0x00, 0xFF, 0x40, 0x3F, 0xC0, 0x0B, 0xF8, 0x03,
    0xFC, 0x00, 0xBF, 0x80, 0x3F, 0xC0, 0x0B, 0xF8, 0x03, 0xFC, 0x00, 0xBF, 0x80, 0x3F, 0xD0, 0x0B,
    0xF4, 0x02, 0xFE, 0x00, 0xFF, 0x00, 0x0F, 0xF4, 0x1F, 0xE0, 0x00, 0x7F, 0xFF, 0xFC, 0x00, 0x01,
    0xFF, 0xFD, 0x00, 0x00, 0x00, 0x54, 0x00, 0x00, 0x00, 0x00, 0x00, 0x00, 0x00, 0x00, 0x00, 0x00,
    0x00, 0x00, 0x2F, 0x82, 0xAA, 0xA4, 0x02, 0xA4, 0xFF, 0x0F, 0xFF, 0xF0, 0x1F, 0xF2, 0xFD, 0x1B,
    0xFE, 0x40, 0x1F, 0xC0, 0xF0, 0x0F, 0xF0, 0x00, 0x2F, 0x07, 0xC0, 0x3F, 0xC0, 0x00, 0xBC, 0xBC,
    0x00, 0xFF, 0x00, 0x02, 0xFF, 0xC0, 0x03, 0xFC, 0x00, 0x0B, 0xE4, 0x00, 0x0F, 0xF0, 0x00, 0x2F,
    0x00, 0x00, 0x3F, 0xC0, 0x00, 0xBC, 0x00, 0x00, 0xFF, 0x00, 0x02, 0xF0, 0x00, 0x03, 0xFC, 0x00,
    0x0B, 0xC0, 0x00, 0x0F, 0xF0, 0x00, 0x2F, 0x00, 0x00, 0x3F, 0xC0, 0x00, 0xBC, 0x00, 0x00, 0xFF,
    0x00, 0x03, 0xE0, 0x00, 0x03, 0xFE, 0x00, 0x1F, 0x40, 0x00, 0x07, 0xFF, 0x56, 0xFC, 0x00, 0x00,
    0x0B, 0xFF, 0xFF, 0xC0, 0x00, 0x00, 0x07, 0xFF, 0xF8, 0x00, 0x00, 0x00, 0x00, 0x54, 0x00, 0x00,
    0x00, 0x00, 0x00, 0x00, 0x00, 0xB4, 0x00, 0x00, 0x00, 0x02, 0xFC, 0x00, 0x00, 0x00, 0x03, 0xFD,
    0x00, 0x00, 0x00, 0x00, 0xBD, 0x2F, 0xF0, 0x2F, 0xF4, 0x3C, 0x7F, 0xF4, 0x3F, 0xF4, 0xB8, 0x1F,
    0xF4, 0x1F, 0xFF, 0xE0, 0x0B, 0xF4, 0x0B, 0xFF, 0x40, 0x0B, 0xF4, 0x0B, 0xF4, 0x00, 0x0B, 0xF4,
    0x0B, 0xF4, 0x00, 0x0B, 0xF4, 0x0B, 0xF4, 0x00, 0x0B, 0xF4, 0x0B, 0xF4, 0x00, 0x0B, 0xF4, 0x0B,
    0xF4, 0x00, 0x0B, 0xF4, 0x0F, 0xF4, 0x00, 0x0B, 0xFD, 0x7F, 0xF8, 0x00, 0x03, 0xFF, 0xF7, 0xFF,
    0x00, 0x01, 0xFF, 0xD3, 0xFF, 0x40, 0x00, 0x14, 0x00, 0x00, 0x00, 0x00, 0x00, 0x00, 0x00, 0x00,
    0x00, 0x00, 0x00, 0x00, 0x00, 0x00, 0x00, 0x00, 0x00, 0xE0, 0x03, 0x80, 0x00, 0x00, 0x00, 0x00,
    0x00, 0x0B, 0xD2, 0xF4, 0x00, 0x00, 0x00, 0x00, 0x00, 0x00, 0x3F, 0xFE, 0x00, 0x00, 0x00, 0x00,
    0x00, 0x00, 0x00, 0xFF, 0x80, 0x00, 0x00, 0x00, 0x00, 0x00, 0x00, 0x03, 0xE0, 0x00, 0x00, 0x00,
    0x00, 0x00, 0x00, 0x00, 0x00, 0x00, 0x06, 0xAA, 0xA9, 0x40, 0x00, 0x1A, 0xAA, 0xAA, 0xA9, 0xFF,
    0xFF, 0xFF, 0xD0, 0x02, 0xFF, 0xFF, 0xFF, 0xE2, 0xFF, 0xFF, 0xFF, 0xC0, 0x2F, 0xFA, 0xAB, 0xFE,
    0x0F, 0xF4, 0x07, 0xFF, 0x02, 0xF8, 0x00, 0xFF, 0xC0, 0xFF, 0x40, 0x0F, 0xF4, 0x2F, 0x00, 0x2F,
    0xF0, 0x0F, 0xF4, 0x00, 0xBF, 0xC3, 0xF0, 0x07, 0xFD, 0x00, 0xFF, 0x40, 0x07, 0xFC, 0x14, 0x00,
    0xFF, 0x80, 0x0F, 0xF4, 0x00, 0x3F, 0xD0, 0x00, 0x3F, 0xF0, 0x00, 0xFF, 0x40, 0x03, 0xFD, 0x00,
    0x07, 0xFC, 0x00, 0x0F, 0xF4, 0x00, 0x3F, 0xD0, 0x00, 0xFF, 0x80, 0x00, 0xFF, 0x40, 0x03, 0xFD,
    0x00, 0x3F, 0xF0, 0x00, 0x0F, 0xF4, 0x00, 0x3F, 0xC0, 0x0B, 0xFC, 0x00, 0x00, 0xFF, 0x40, 0x07,
    0xFC, 0x01, 0xFF, 0x40, 0x2F, 0x0F, 0xF4, 0x00, 0xFF, 0x40, 0x3F, 0xE0, 0x03, 0xF0, 0xFF, 0x40,
    0x2F, 0xE0, 0x0F, 0xFC, 0x00, 0x7E, 0x0F, 0xF9, 0x5F, 0xFC, 0x02, 0xFF, 0x40, 0x1F, 0xEB, 0xFF,
    0xFF, 0xFE, 0x00, 0x3F, 0xFF, 0xFF, 0xFE, 0xFF, 0xFF, 0xF9, 0x00, 0x03, 0xFF, 0xFF, 0xFF, 0xD0,
    0x00, 0x00, 0x00, 0x00, 0x00, 0x00, 0x00, 0x00, 0x00, 0x00, 0x00, 0x00, 0x00, 0xD0, 0x07, 0x00,
    0x00, 0x00, 0x00, 0x00, 0x03, 0xE0, 0xBC, 0x1A, 0xAA, 0xA5, 0x00, 0x00, 0x03, 0xFF, 0xD0, 0xFF,
    0xFF, 0xFF, 0xD0, 0x00, 0x07, 0xFE, 0x00, 0xBF, 0xFF, 0xFF, 0xF0, 0x00, 0x0B, 0xE0, 0x00, 0xFF,
    0x40, 0x7F, 0xF0, 0x00, 0x05, 0x00, 0x03, 0xFD, 0x00, 0x3F, 0xD0, 0x00, 0x00, 0x00, 0x0F, 0xF4,
    0x00, 0xBF, 0xC1, 0xFF, 0xFF, 0xF4, 0x3F, 0xD0, 0x01, 0xFF, 0x07, 0xFF, 0xFF, 0xE0, 0xFF, 0x40,
    0x03, 0xFD, 0x2F, 0x41, 0xFF, 0x03, 0xFD, 0x00, 0x0F, 0xF4, 0xB8, 0x0F, 0xF4, 0x0F, 0xF4, 0x00,
    0x3F, 0xD2, 0xD0, 0xBF, 0x80, 0x3F, 0xD0, 0x00, 0xFF, 0x40, 0x07, 0xFC, 0x00, 0xFF, 0x40, 0x03,
    0xFC, 0x00, 0x3F, 0xC0, 0x03, 0xFD, 0x00, 0x1F, 0xF0, 0x03, 0xFD, 0x00, 0x0F, 0xF4, 0x00, 0xFF,
    0x40, 0x2F, 0xE0, 0x3C, 0x3F, 0xD0, 0x0B, 0xF8, 0x01, 0xFF, 0x01, 0xF0, 0xFF, 0x95, 0xFF, 0xC0,
    0x0F, 0xF0, 0x1F, 0xEF, 0xFF, 0xFF, 0xF8, 0x00, 0xBF, 0xFF, 0xFE, 0xFF, 0xFF, 0xF9, 0x00, 0x03,
    0xFF, 0xFF, 0xF8, 0x00, 0x00, 0x00, 0x00, 0x00, 0x00, 0x00, 0x00, 0x00, 0x00, 0x00, 0x00, 0x38,
    0x01, 0xD0, 0x00, 0x00, 0xFF, 0xF0, 0x03, 0xF0, 0xBC, 0x00, 0x00, 0x0F, 0xFF, 0x00, 0x0F, 0xFF,
    0x40, 0x00, 0x00, 0x0F, 0xF0, 0x00, 0x7F, 0xE0, 0x00, 0x00, 0x00, 0xFF, 0x00, 0x02, 0xFC, 0x00,
    0x00, 0x00, 0x0F, 0xF0, 0x00, 0x05, 0x00, 0x00, 0x00, 0x00, 0xFF, 0x00, 0x00, 0x00, 0x00, 0x00,
    0xBF, 0xEF, 0xF0, 0x0F, 0xFF, 0xFF, 0x80, 0x3F, 0xFF, 0xFF, 0x01, 0xFF, 0xFF, 0xF8, 0x0F, 0xF9,
    0x6F, 0xF0, 0x1F, 0x81, 0xFF, 0x01, 0xFE, 0x00, 0xFF, 0x01, 0xF0, 0x2F, 0xD0, 0x3F, 0xD0, 0x0F,
    0xF0, 0x2D, 0x07, 0xF8, 0x03, 0xFC, 0x00, 0xFF, 0x00, 0x00, 0xFF, 0x00, 0x3F, 0xC0, 0x0F, 0xF0,
    0x00, 0x3F, 0xD0, 0x03, 0xFC, 0x00, 0xFF, 0x00, 0x0B, 0xF8, 0x00, 0x3F, 0xD0, 0x0F, 0xF0, 0x01,
    0xFF, 0x03, 0xC3, 0xFE, 0x00, 0xFF, 0x00, 0x3F, 0xC0, 0x7C, 0x1F, 0xF4, 0x7F, 0xF0, 0x0F, 0xF4,
    0x0F, 0xC0, 0xFF, 0xFF, 0xBF, 0xE2, 0xFF, 0xFF, 0xFC, 0x02, 0xFF, 0xC7, 0xFF, 0x2F, 0xFF, 0xFF,
    0xC0, 0x01, 0x40, 0x00, 0x00, 0x00, 0x00, 0x00, 0x6A, 0xAA, 0x00, 0x00, 0x00, 0x6A, 0xAA, 0x7F,
    0xFF, 0xD0, 0x00, 0x00, 0x2F, 0xFF, 0xF2, 0xFF, 0x90, 0x00, 0x00, 0x01, 0xFF, 0xE4, 0x3F, 0xD0,
    0x00, 0x00, 0x00, 0x0F, 0xF0, 0x0F, 0xF4, 0x00, 0x00, 0x00, 0x03, 0xFC, 0x03, 0xFD, 0x00, 0x00,
    0x00, 0x00, 0xFF, 0x00, 0xFF, 0x40, 0x00, 0x00, 0x00, 0x3F, 0xC0, 0x3F, 0xD0, 0x00, 0x00, 0x00,
    0x0F, 0xF0, 0x0F, 0xF4, 0x00, 0x00, 0x00, 0x03, 0xFC, 0x03, 0xFD, 0x00, 0x00, 0x00, 0x00, 0xFF,
    0x00, 0xFF, 0x40, 0x00, 0x00, 0x00, 0x3F, 0xC0, 0x3F, 0xD0, 0x00, 0x00, 0x00, 0x0F, 0xF0, 0x0F,
    0xF4, 0x00, 0xF0, 0x7D, 0x03, 0xFC, 0x03, 0xFD, 0x00, 0xBC, 0x3F, 0xC0, 0xFF, 0x00, 0xFF, 0x40,
    0x3F, 0x1F, 0xE0, 0x7F, 0x80, 0x3F, 0xD0, 0x7F, 0xC7, 0xF0, 0x3F, 0xC0, 0xBF, 0xFF, 0xFF, 0xE0,
    0xBF, 0xFF, 0xE0, 0x3F, 0xFF, 0xFF, 0xF8, 0x0B, 0xFF, 0xD0, 0x00, 0x00, 0x00, 0x00, 0x00, 0x05,
    0x00, 0x00, 0x00, 0x00, 0x00, 0x00, 0x01, 0x00, 0x00, 0x00, 0x00, 0x02, 0xFD, 0x6A, 0xAA, 0x00,
    0x00, 0x3F, 0xEF, 0xFF, 0xF4, 0x00, 0x03, 0xFE, 0x2F, 0xF9, 0x00, 0x00, 0x1F, 0x80, 0xFF, 0x40,
    0x00, 0x00, 0x00, 0x0F, 0xF4, 0x00, 0x00, 0x00, 0x00, 0xFF, 0x40, 0x00, 0x0B, 0xFE, 0x0F, 0xF4,
    0x00, 0x00, 0xFF, 0xE0, 0xFF, 0x40, 0x00, 0x06, 0xFE, 0x0F, 0xF4, 0x00, 0x00, 0x1F, 0xE0, 0xFF,
    0x40, 0x00, 0x01, 0xFE, 0x0F, 0xF4, 0x00, 0x00, 0x1F, 0xE0, 0xFF, 0x40, 0x00, 0x01, 0xFE, 0x0F,
    0xF4, 0x00, 0xF0, 0x1F, 0xE0, 0xFF, 0x40, 0x2F, 0x01, 0xFE, 0x0F, 0xF4, 0x03, 0xF0, 0x1F, 0xE0,
    0xFF, 0x41, 0xFF, 0x01, 0xFE, 0xBF, 0xFF, 0xFF, 0xE0, 0x1F, 0xEF, 0xFF, 0xFF, 0xFE, 0x01, 0xFE,
    0x00, 0x00, 0x00, 0x00, 0x1F, 0xD0, 0x00, 0x00, 0x00, 0x02, 0xFC, 0x00, 0x00, 0x00, 0x00, 0x3F,
    0x80, 0x00, 0x00, 0x00, 0x0B, 0xF0, 0x00, 0x00, 0x00, 0x00, 0xF8, 0x00, 0x00, 0x00, 0x00, 0x05,
    0x00, 0x00, 0x00, 0x00, 0x40, 0x3F, 0xF8, 0x03, 0xFC, 0x3F, 0xF8, 0x0B, 0xFC, 0x0B, 0xF8, 0x0B,
    0xFC, 0x07, 0xF8, 0x02, 0xF4, 0x07, 0xF8, 0x00, 0x00, 0x07, 0xF8, 0x00, 0x00, 0x07, 0xF8, 0x1B,
    0xFC, 0x07, 0xF8, 0x2F, 0xFC, 0x07, 0xF8, 0x07, 0xFC, 0x07, 0xF8, 0x03, 0xFC, 0x07, 0xF8, 0x03,
    0xFC, 0x07, 0xF8, 0x03, 0xFC, 0x07, 0xF8, 0x03, 0xFC, 0x07, 0xF8, 0x03, 0xFC, 0x07, 0xF8, 0x03,
    0xFC, 0x07, 0xF8, 0x03, 0xFC, 0x07, 0xF8, 0x03, 0xFC, 0x3F, 0xFF, 0x43, 0xFC, 0x3F, 0xFF, 0x43,
    0xFC, 0x00, 0x00, 0x03, 0xFC, 0x00, 0x00, 0x03, 0xF8, 0x00, 0x00, 0x0B, 0xF0, 0x00, 0x00, 0x1F,
    0xD0, 0x00, 0x00, 0x2F, 0x40, 0x00, 0x00, 0x08, 0x00, 0x6A, 0xA4, 0x00, 0x6A, 0xA4, 0x00, 0x6A,
    0xAA, 0xBF, 0xFF, 0x00, 0x2F, 0xFF, 0x00, 0x2F, 0xFF, 0xF2, 0xFF, 0xF0, 0x02, 0xFE, 0x00, 0x01,
    0xBF, 0xE4, 0x3F, 0xFD, 0x00, 0x3F, 0x00, 0x00, 0x0F, 0xF0, 0x0F, 0xFF, 0xC0, 0x0F, 0xC0, 0x00,
    0x03, 0xFC, 0x03, 0xFF, 0xF8, 0x03, 0xF0, 0x00, 0x00, 0xFF, 0x00, 0xFD, 0xFF, 0x00, 0xFC, 0x00,
    0x00, 0x3F, 0xC0, 0x3F, 0x3F, 0xF0, 0x3F, 0x00, 0x00, 0x0F, 0xF0, 0x0F, 0xC7, 0xFD, 0x0F, 0xC0,
    0x00, 0x03, 0xFC, 0x03, 0xF0, 0xBF, 0xC3, 0xF0, 0x00, 0x00, 0xFF, 0x00, 0xFC, 0x0F, 0xF8, 0xFC,
    0x00, 0x00, 0x3F, 0xC0, 0x3F, 0x01, 0xFF, 0x3F, 0x00, 0x00, 0x0F, 0xF0, 0x0F, 0xC0, 0x3F, 0xFF,
    0xC0, 0x7D, 0x03, 0xFC, 0x03, 0xF0, 0x03, 0xFF, 0xF0, 0x3F, 0xC0, 0xFF, 0x00, 0xFC, 0x00, 0xBF,
    0xFC, 0x1F, 0xE0, 0x7F, 0x80, 0x3F, 0x00, 0x0F, 0xFF, 0x03, 0xF4, 0x3F, 0xD0, 0xBF, 0xF8, 0x01,
    0xFF, 0xC0, 0xBF, 0xFF, 0xE0, 0x3F, 0xFE, 0x00, 0x2F, 0xF0, 0x07, 0xFF, 0xD0, 0x00, 0x00, 0x00,
    0x00, 0x00, 0x00, 0x05, 0x00, 0x00, 0x00, 0x00, 0x00, 0x00, 0x00, 0x00, 0x40, 0x00, 0x00, 0x00,
    0x00, 0x00, 0x3F, 0xC6, 0xAA, 0x40, 0x06, 0xAA, 0x41, 0xFF, 0xBF, 0xFF, 0x00, 0x2F, 0xFF, 0x03,
    0xFD, 0x2F, 0xFF, 0x00, 0x2F, 0xE0, 0x07, 0xE0, 0x3F, 0xFD, 0x00, 0x3F, 0x00, 0x00, 0x00, 0xFF,
    0xFC, 0x00, 0xFC, 0x00, 0x00, 0x03, 0xFF, 0xF8, 0x03, 0xF0, 0x0B, 0xFD, 0x0F, 0xDF, 0xF0, 0x0F,
    0xC0, 0x7F, 0xF8, 0x3F, 0x3F, 0xF0, 0x3F, 0x00, 0x7F, 0xE0, 0xFC, 0x7F, 0xD0, 0xFC, 0x00, 0x7F,
    0x83, 0xF0, 0xBF, 0xC3, 0xF0, 0x01, 0xFE, 0x0F, 0xC0, 0xFF, 0x8F, 0xC0, 0x07, 0xF8, 0x3F, 0x01,
    0xFF, 0x3F, 0x00, 0x1F, 0xE0, 0xFC, 0x03, 0xFF, 0xFC, 0x00, 0x7F, 0x83, 0xF0, 0x03, 0xFF, 0xF0,
    0x01, 0xFE, 0x0F, 0xC0, 0x0B, 0xFF, 0xC0, 0x07, 0xF8, 0x3F, 0x00, 0x0F, 0xFF, 0x00, 0x1F, 0xEB,
    0xFF, 0x80, 0x1F, 0xFC, 0x00, 0x7F, 0x7F, 0xFE, 0x00, 0x2F, 0xF0, 0x01, 0xFD, 0x00, 0x00, 0x00,
    0x00, 0x00, 0x0B, 0xF0, 0x00, 0x00, 0x00, 0x00, 0x00, 0x3F, 0xC0, 0x00, 0x00, 0x00, 0x00, 0x00,
    0xFD, 0x00, 0x00, 0x00, 0x00, 0x00, 0x0F, 0xE0, 0x00, 0x00, 0x00, 0x00, 0x00, 0x3E, 0x00, 0x00,
    0x00, 0x00, 0x00, 0x00, 0x50, 0x00, 0x00, 0x00, 0x00, 0x00, 0x00, 0x10, 0x00, 0x00, 0x00, 0x00,
    0x02, 0xFC, 0x00, 0x00, 0x00, 0x00, 0x03, 0xFE, 0x00, 0x00, 0x00, 0x00, 0x03, 0xFE, 0x00, 0x00,
    0x00, 0x00, 0x01, 0xF8, 0x00, 0x00, 0x00, 0x00, 0x00, 0x00, 0x00, 0x00, 0x00, 0x00, 0x00, 0x00,
    0x2F, 0xF0, 0xBF, 0xD0, 0x0B, 0xFD, 0x3F, 0xF7, 0xFF, 0xF4, 0x0F, 0xFE, 0x1B, 0xFF, 0xAF, 0xFC,
    0x07, 0xFE, 0x07, 0xFD, 0x03, 0xFC, 0x01, 0xFE, 0x07, 0xFC, 0x03, 0xFC, 0x01, 0xFE, 0x07, 0xF8,
    0x03, 0xFC, 0x01, 0xFE, 0x07, 0xF8, 0x03, 0xFC, 0x01, 0xFE, 0x07, 0xF8, 0x03, 0xFC, 0x01, 0xFE,
    0x07, 0xF8, 0x03, 0xFC, 0x01, 0xFE, 0x07, 0xF8, 0x03, 0xFC, 0x01, 0xFE, 0x07, 0xFC, 0x03, 0xFC,
    0x01, 0xFE, 0x2F, 0xFF, 0x1F, 0xFF, 0x81, 0xFE, 0x3F, 0xFF, 0x1F, 0xFF, 0xC1, 0xFD, 0x00, 0x00,
    0x00, 0x00, 0x02, 0xFD, 0x00, 0x00, 0x00, 0x00, 0x02, 0xFC, 0x00, 0x00, 0x00, 0x00, 0x03, 0xF4,
    0x00, 0x00, 0x00, 0x00, 0x0F, 0xE0, 0x00, 0x00, 0x00, 0x00, 0x0F, 0x80, 0x00, 0x00, 0x00, 0x00,
    0x05, 0x00, 0x00, 0x00, 0x00, 0x00, 0x00, 0x00, 0xE0, 0x02, 0xC0, 0x00, 0x02, 0xF8, 0xBE, 0x00,
    0x00, 0x02, 0xFF, 0xE0, 0x00, 0x00, 0x03, 0xFE, 0x00, 0x00, 0x00, 0x03, 0xF0, 0x00, 0x00, 0x00,
    0x00, 0x00, 0x00, 0x00, 0x00, 0x6A, 0x40, 0x00, 0x00, 0x03, 0xFF, 0x00, 0x00, 0x00, 0x0F, 0xFD,
    0x00, 0x00, 0x00, 0xBF, 0xF8, 0x00, 0x00, 0x03, 0xDF, 0xF0, 0x00, 0x00, 0x1F, 0x2F, 0xD0, 0x00,
    0x00, 0xB8, 0x7F, 0x80, 0x00, 0x03, 0xD0, 0xFF, 0x00, 0x00, 0x1F, 0x02, 0xFD, 0x00, 0x00, 0xF8,
    0x07, 0xFC, 0x00, 0x03, 0xE5, 0x5F, 0xF0, 0x00, 0x1F, 0xFF, 0xFF, 0xD0, 0x00, 0xFE, 0xAA, 0xFF,
    0xC0, 0x03, 0xD0, 0x00, 0xFF, 0x00, 0x2F, 0x00, 0x03, 0xFE, 0x00, 0xFC, 0x00, 0x0B, 0xFC, 0x3F,
    0xFE, 0x01, 0xFF, 0xFE, 0xFF, 0xF8, 0x07, 0xFF, 0xF8, 0x00, 0x00, 0x00, 0x00, 0x1D, 0x00, 0xB0,
    0x00, 0x3E, 0x0F, 0xC0, 0x00, 0x7F, 0xFC, 0x00, 0x00, 0xBF, 0xD0, 0x00, 0x00, 0xFE, 0x00, 0x00,
    0x00, 0x50, 0x00, 0x00, 0x00, 0x00, 0x00, 0x02, 0xFF, 0xE0, 0x00, 0x3F, 0xAF, 0xF4, 0x02, 0xF4,
    0x0F, 0xF0, 0x0F, 0xE0, 0x3F, 0xC0, 0x1F, 0x40, 0xFF, 0x00, 0x00, 0x03, 0xFC, 0x00, 0x1B, 0xFF,
    0xF0, 0x03, 0xFE, 0xBF, 0xC0, 0x3F, 0xC0, 0xFF, 0x00, 0xFF, 0x03, 0xFC, 0x03, 0xFC, 0x1F, 0xF4,
    0x0B, 0xFF, 0xEF, 0xFD, 0x0F, 0xFD, 0x2F, 0xF0, 0x01, 0x40, 0x04, 0x00, 0x00, 0x00, 0x03, 0x80,
    0x1E, 0x3F, 0x4B, 0xD0, 0xFF, 0xF4, 0x03, 0xFE, 0x00, 0x0F, 0x80, 0x00, 0x00, 0x01, 0xAA, 0xA8,
    0x3F, 0xFF, 0xC0, 0xBF, 0xF4, 0x03, 0xFD, 0x00, 0x3F, 0xD0, 0x03, 0xFD, 0x00, 0x3F, 0xD0, 0x03,
    0xFD, 0x00, 0x3F, 0xD0, 0x03, 0xFD, 0x00, 0x3F, 0xD0, 0x03, 0xFD, 0x00, 0x3F, 0xD0, 0x03, 0xFD,
    0x00, 0x3F, 0xD0, 0x03, 0xFD, 0x02, 0xFF, 0xFC, 0x3F, 0xFF, 0xC0, 0x00, 0x00, 0x07, 0x40, 0x2C,
    0x3E, 0x0F, 0x81, 0xFF, 0xF0, 0x0B, 0xFD, 0x00, 0x3F, 0x40, 0x00, 0x50, 0x00, 0x00, 0x00, 0x0B,
    0xFE, 0x00, 0xFF, 0xE0, 0x06, 0xFE, 0x00, 0x1F, 0xE0, 0x01, 0xFE, 0x00, 0x1F, 0xE0, 0x01, 0xFE,
    0x00, 0x1F, 0xE0, 0x01, 0xFE, 0x00, 0x1F, 0xE0, 0x01, 0xFF, 0x00, 0xFF, 0xFD, 0x0F, 0xFF, 0xE0,
    0x00, 0x00, 0x00, 0x00, 0x00, 0x0B, 0x40, 0x2C, 0x00, 0x00, 0x7E, 0x1F, 0xC0, 0x00, 0x01, 0xFF,
    0xF0, 0x00, 0x00, 0x0B, 0xFC, 0x00, 0x00, 0x00, 0x2F, 0x00, 0x00, 0x00, 0x00, 0x00, 0x00, 0x00,
    0x01, 0xBF, 0xE4, 0x00, 0x01, 0xFF, 0xFF, 0xF0, 0x00, 0x7F, 0xEA, 0xFF, 0xC0, 0x0F, 0xF0, 0x03,
    0xFF, 0x03, 0xFD, 0x00, 0x0F, 0xF4, 0x7F, 0xC0, 0x00, 0xBF, 0xCB, 0xF8, 0x00, 0x07, 0xFC, 0xFF,
    0x80, 0x00, 0x3F, 0xDF, 0xF4, 0x00, 0x03, 0xFD, 0xFF, 0x40, 0x00, 0x3F, 0xDF, 0xF8, 0x00, 0x03,
    0xFC, 0xFF, 0x80, 0x00, 0x3F, 0xCB, 0xFC, 0x00, 0x07, 0xFC, 0x3F, 0xD0, 0x00, 0xBF, 0x42, 0xFF,
    0x00, 0x0F, 0xF0, 0x0F, 0xFD, 0x07, 0xFC, 0x00, 0x3F, 0xFF, 0xFF, 0x00, 0x00, 0xBF, 0xFF, 0x80,
    0x00, 0x00, 0x15, 0x00, 0x00, 0x00, 0x00, 0x00, 0x00, 0x07, 0x40, 0x2C, 0x00, 0x0F, 0x83, 0xF0,
    0x00, 0x1F, 0xFF, 0x00, 0x00, 0x2F, 0xF4, 0x00, 0x00, 0x3F, 0x80, 0x00, 0x00, 0x14, 0x00, 0x00,
    0x00, 0x00, 0x00, 0x00, 0x7F, 0xFD, 0x00, 0x0F, 0xFF, 0xFF, 0x00, 0xFF, 0x43, 0xFE, 0x07, 0xF8,
    0x03, 0xFC, 0x3F, 0xC0, 0x0B, 0xF8, 0xFF, 0x00, 0x2F, 0xE3, 0xFC, 0x00, 0xBF, 0x8F, 0xF0, 0x02,
    0xFE, 0x3F, 0xD0, 0x0B, 0xF4, 0xBF, 0x80, 0x3F, 0xC0, 0xFF, 0x41, 0xFE, 0x01, 0xFF, 0xFF, 0xF0,
    0x01, 0xFF, 0xFD, 0x00, 0x00, 0x15, 0x00, 0x00, 0x00, 0x00, 0x00, 0x00, 0x00, 0x00, 0x38, 0x00,
    0xB0, 0x00, 0x00, 0xBE, 0x2F, 0x80, 0x00, 0x00, 0xBF, 0xF8, 0x00, 0x00, 0x00, 0xFF, 0x80, 0x00,
    0x00, 0x00, 0xFC, 0x00, 0x00, 0x00, 0x00, 0x00, 0x00, 0x0A, 0xAA, 0x90, 0x0A, 0xA9, 0x3F, 0xFF,
    0xC0, 0x7F, 0xFC, 0x6F, 0xF9, 0x00, 0x7F, 0x80, 0x3F, 0xC0, 0x00, 0xBC, 0x00, 0xFF, 0x00, 0x02,
    0xF0, 0x03, 0xFC, 0x00, 0x0B, 0xC0, 0x0F, 0xF0, 0x00, 0x2F, 0x00, 0x3F, 0xC0, 0x00, 0xBC, 0x00,
    0xFF, 0x00, 0x02, 0xF0, 0x03, 0xFC, 0x00, 0x0B, 0xC0, 0x0F, 0xF0, 0x00, 0x2F, 0x00, 0x3F, 0xC0,
    0x00, 0xBC, 0x00, 0xFF, 0x00, 0x02, 0xF0, 0x03, 0xFC, 0x00, 0x0F, 0x80, 0x0F, 0xF8, 0x00, 0x7D,
    0x00, 0x1F, 0xFD, 0x5B, 0xF0, 0x00, 0x2F, 0xFF, 0xFF, 0x00, 0x00, 0x1F, 0xFF, 0xE0, 0x00, 0x00,
    0x01, 0x50, 0x00, 0x00, 0x00, 0x00, 0x00, 0x00, 0x00, 0x34, 0x01, 0xC0, 0x00, 0x0F, 0x82, 0xF0,
    0x00, 0x01, 0xFF, 0xF0, 0x00, 0x00, 0x2F, 0xF4, 0x00, 0x00, 0x03, 0xF8, 0x00, 0x00, 0x00, 0x14,
    0x00, 0x00, 0x00, 0x00, 0x00, 0x00, 0x2F, 0xF0, 0x2F, 0xF4, 0x1F, 0xFD, 0x0F, 0xFD, 0x01, 0xFF,
    0x41, 0xFF, 0x40, 0x2F, 0xD0, 0x2F, 0xD0, 0x0B, 0xF4, 0x0B, 0xF4, 0x02, 0xFD, 0x02, 0xFD, 0x00,
    0xBF, 0x40, 0xBF, 0x40, 0x2F, 0xD0, 0x2F, 0xD0, 0x0B, 0xF4, 0x0B, 0xF4, 0x02, 0xFD, 0x03, 0xFD,
    0x00, 0xBF, 0xD7, 0xFF, 0x80, 0x0F, 0xFF, 0xDF, 0xFC, 0x01, 0xFF, 0xD3, 0xFF, 0x40, 0x05, 0x00,
    0x00, 0x00, 0x00, 0x05, 0x55, 0x50, 0x00, 0x00, 0x2F, 0xFF, 0xD0, 0x00, 0x00, 0xBF, 0xFF, 0x40,
    0x00, 0x00, 0x55, 0x54, 0x00, 0x00, 0x01, 0x00, 0x10, 0x00, 0x00, 0x3F, 0x47, 0xF0, 0x00, 0x02,
    0xFE, 0x3F, 0xD0, 0x00, 0x07, 0xF8, 0xBF, 0x40, 0x00, 0x06, 0x80, 0xA4, 0x00, 0x00, 0x00, 0x00,
    0x00, 0x02, 0xAA, 0xA4, 0x02, 0xAA, 0x4F, 0xFF, 0xF0, 0x1F, 0xFF, 0x1B, 0xFE, 0x40, 0x1F, 0xE0,
    0x0F, 0xF0, 0x00, 0x2F, 0x00, 0x3F, 0xC0, 0x00, 0xBC, 0x00, 0xFF, 0x00, 0x02, 0xF0, 0x03, 0xFC,
    0x00, 0x0B, 0xC0, 0x0F, 0xF0, 0x00, 0x2F, 0x00, 0x3F, 0xC0, 0x00, 0xBC, 0x00, 0xFF, 0x00, 0x02,
    0xF0, 0x03, 0xFC, 0x00, 0x0B, 0xC0, 0x0F, 0xF0, 0x00, 0x2F, 0x00, 0x3F, 0xC0, 0x00, 0xBC, 0x00,
    0xFF, 0x00, 0x03, 0xE0, 0x03, 0xFE, 0x00, 0x1F, 0x40, 0x07, 0xFF, 0x56, 0xFC, 0x00, 0x0B, 0xFF,
    0xFF, 0xC0, 0x00, 0x07, 0xFF, 0xF8, 0x00, 0x00, 0x00, 0x54, 0x00, 0x00, 0x00, 0x55, 0x55, 0x00,
    0x00, 0x3F, 0xFF, 0xC0, 0x00, 0x0F, 0xFF, 0xF0, 0x00, 0x01, 0x55, 0x54, 0x00, 0x00, 0x00, 0x00,
    0x00, 0x00, 0x7F, 0x0B, 0xE0, 0x00, 0x3F, 0xD3, 0xFC, 0x00, 0x0F, 0xF0, 0xFF, 0x00, 0x00, 0xB4,
    0x1A, 0x00, 0x00, 0x00, 0x00, 0x00, 0x00, 0x00, 0x00, 0x00, 0x00, 0xBF, 0xC0, 0xBF, 0xD0, 0x7F,
    0xF4, 0x3F, 0xF4, 0x07, 0xFD, 0x07, 0xFD, 0x00, 0xBF, 0x40, 0xBF, 0x40, 0x2F, 0xD0, 0x2F, 0xD0,
    0x0B, 0xF4, 0x0B, 0xF4, 0x02, 0xFD, 0x02, 0xFD, 0x00, 0xBF, 0x40, 0xBF, 0x40, 0x2F, 0xD0, 0x2F,
    0xD0, 0x0B, 0xF4, 0x0F, 0xF4, 0x02, 0xFF, 0x5F, 0xFE, 0x00, 0x3F, 0xFF, 0x7F, 0xF0, 0x07, 0xFF,
    0x4F, 0xFD, 0x00, 0x14, 0x00, 0x00, 0x00, 0x00, 0x00, 0x01, 0x80, 0x00, 0x00, 0x00, 0x1F, 0x80,
    0x00, 0x00, 0x01, 0xFE, 0x00, 0x00, 0x00, 0x2F, 0xE0, 0x00, 0x00, 0x00, 0xF8, 0x00, 0x00, 0x00,
    0x01, 0x00, 0x00, 0x00, 0x00, 0x10, 0x01, 0x00, 0x00, 0x03, 0xF4, 0x7F, 0x00, 0x00, 0x2F, 0xE3,
    0xFD, 0x00, 0x00, 0x7F, 0x8B, 0xF4, 0x00, 0x00, 0x68, 0x0A, 0x40, 0x00, 0x00, 0x00, 0x00, 0x00,
    0x2A, 0xAA, 0x40, 0x2A, 0xA4, 0xFF, 0xFF, 0x01, 0xFF, 0xF1, 0xBF, 0xE4, 0x01, 0xFE, 0x00, 0xFF,
    0x00, 0x02, 0xF0, 0x03, 0xFC, 0x00, 0x0B, 0xC0, 0x0F, 0xF0, 0x00, 0x2F, 0x00, 0x3F, 0xC0, 0x00,
    0xBC, 0x00, 0xFF, 0x00, 0x02, 0xF0, 0x03, 0xFC, 0x00, 0x0B, 0xC0, 0x0F, 0xF0, 0x00, 0x2F, 0x00,
    0x3F, 0xC0, 0x00, 0xBC, 0x00, 0xFF, 0x00, 0x02, 0xF0, 0x03, 0xFC, 0x00, 0x0B, 0xC0, 0x0F, 0xF0,
    0x00, 0x3E, 0x00, 0x3F, 0xE0, 0x01, 0xF4, 0x00, 0x7F, 0xF5, 0x6F, 0xC0, 0x00, 0xBF, 0xFF, 0xFC,
    0x00, 0x00, 0x7F, 0xFF, 0x80, 0x00, 0x00, 0x05, 0x40, 0x00, 0x00, 0x00, 0x00, 0x18, 0x00, 0x00,
    0x00, 0x2F, 0x80, 0x00, 0x00, 0x2F, 0xE0, 0x00, 0x00, 0x2F, 0xE0, 0x00, 0x00, 0x1F, 0x40, 0x00,
    0x00, 0x00, 0x00, 0x00, 0x00, 0x00, 0x00, 0x00, 0x00, 0x07, 0xF0, 0xBE, 0x00, 0x03, 0xFD, 0x3F,
    0xC0, 0x00, 0xFF, 0x0F, 0xF0, 0x00, 0x0B, 0x41, 0xA0, 0x00, 0x00, 0x00, 0x00, 0x00, 0x00, 0x00,
    0x00, 0x00, 0x0B, 0xFC, 0x0B, 0xFD, 0x07, 0xFF, 0x43, 0xFF, 0x40, 0x7F, 0xD0, 0x7F, 0xD0, 0x0B,
    0xF4, 0x0B, 0xF4, 0x02, 0xFD, 0x02, 0xFD, 0x00, 0xBF, 0x40, 0xBF, 0x40, 0x2F, 0xD0, 0x2F, 0xD0,
    0x0B, 0xF4, 0x0B, 0xF4, 0x02, 0xFD, 0x02, 0xFD, 0x00, 0xBF, 0x40, 0xFF, 0x40, 0x2F, 0xF5, 0xFF,
    0xE0, 0x03, 0xFF, 0xF7, 0xFF, 0x00, 0x7F, 0xF4, 0xFF, 0xD0, 0x01, 0x40, 0x00, 0x00, 0x00, 0x00,
    0x00, 0x00, 0x00, 0x00, 0x38, 0x00, 0xE0, 0x00, 0x00, 0xBD, 0x2F, 0x40, 0x00, 0x00, 0xFF, 0xF8,
    0x00, 0x00, 0x00, 0xFF, 0x80, 0x00, 0x00, 0x00, 0xF8, 0x00, 0x00, 0x00, 0x10, 0x01, 0x00, 0x00,
    0x03, 0xF4, 0x7F, 0x00, 0x00, 0x2F, 0xE3, 0xFD, 0x00, 0x00, 0x7F, 0x8B, 0xF4, 0x00, 0x00, 0x68,
    0x0A, 0x40, 0x00, 0x00, 0x00, 0x00, 0x00, 0x2A, 0xAA, 0x40, 0x2A, 0xA4, 0xFF, 0xFF, 0x01, 0xFF,
    0xF1, 0xBF, 0xE4, 0x01, 0xFE, 0x00, 0xFF, 0x00, 0x02, 0xF0, 0x03, 0xFC, 0x00, 0x0B, 0xC0, 0x0F,
    0xF0, 0x00, 0x2F, 0x00, 0x3F, 0xC0, 0x00, 0xBC, 0x00, 0xFF, 0x00, 0x02, 0xF0, 0x03, 0xFC, 0x00,
    0x0B, 0xC0, 0x0F, 0xF0, 0x00, 0x2F, 0x00, 0x3F, 0xC0, 0x00, 0xBC, 0x00, 0xFF, 0x00, 0x02, 0xF0,
    0x03, 0xFC, 0x00, 0x0B, 0xC0, 0x0F, 0xF0, 0x00, 0x3E, 0x00, 0x3F, 0xE0, 0x01, 0xF4, 0x00, 0x7F,
    0xF5, 0x6F, 0xC0, 0x00, 0xBF, 0xFF, 0xFC, 0x00, 0x00, 0x7F, 0xFF, 0x80, 0x00, 0x00, 0x05, 0x40,
    0x00, 0x00, 0x00, 0x00, 0x00, 0x00, 0x00, 0x74, 0x01, 0xD0, 0x00, 0x0F, 0xC3, 0xF0, 0x00, 0x01,
    0xFF, 0xF0, 0x00, 0x00, 0x1F, 0xF4, 0x00, 0x00, 0x01, 0xF4, 0x00, 0x00, 0x00, 0x00, 0x00, 0x00,
    0x00, 0x00, 0x00, 0x00, 0x01, 0xFC, 0x2F, 0x80, 0x00, 0xFF, 0x4F, 0xF0, 0x00, 0x3F, 0xC3, 0xFC,
    0x00, 0x02, 0xD0, 0x68, 0x00, 0x00, 0x00, 0x00, 0x00, 0x00, 0x00, 0x00, 0x00, 0x02, 0xFF, 0x02,
    0xFF, 0x41, 0xFF, 0xD0, 0xFF, 0xD0, 0x1F, 0xF4, 0x1F, 0xF4, 0x02, 0xFD, 0x02, 0xFD, 0x00, 0xBF,
    0x40, 0xBF, 0x40, 0x2F, 0xD0, 0x2F, 0xD0, 0x0B, 0xF4, 0x0B, 0xF4, 0x02, 0xFD, 0x02, 0xFD, 0x00,
    0xBF, 0x40, 0xBF, 0x40, 0x2F, 0xD0, 0x3F, 0xD0, 0x0B, 0xFD, 0x7F, 0xF8, 0x00, 0xFF, 0xFD, 0xFF,
    0xC0, 0x1F, 0xFD, 0x3F, 0xF4, 0x00, 0x50, 0x00, 0x00, 0x00, 0x02, 0x80, 0x00, 0x00, 0x00, 0x1F,
    0x80, 0x00, 0x00, 0x00, 0x7F, 0xC0, 0x00, 0x00, 0x00, 0xBF, 0xC0, 0x00, 0x00, 0x00, 0x1F, 0x80,
    0x00, 0x00, 0x04, 0x00, 0x40, 0x00, 0x00, 0xFD, 0x1F, 0xC0, 0x00, 0x0B, 0xF8, 0xFF, 0x40, 0x00,
    0x1F, 0xE2, 0xFD, 0x00, 0x00, 0x1A, 0x02, 0x90, 0x00, 0x00, 0x00, 0x00, 0x00, 0x0A, 0xAA, 0x90,
    0x0A, 0xA9, 0x3F, 0xFF, 0xC0, 0x7F, 0xFC, 0x6F, 0xF9, 0x00, 0x7F, 0x80, 0x3F, 0xC0, 0x00, 0xBC,
    0x00, 0xFF, 0x00, 0x02, 0xF0, 0x03, 0xFC, 0x00, 0x0B, 0xC0, 0x0F, 0xF0, 0x00, 0x2F, 0x00, 0x3F,
    0xC0, 0x00, 0xBC, 0x00, 0xFF, 0x00, 0x02, 0xF0, 0x03, 0xFC, 0x00, 0x0B, 0xC0, 0x0F, 0xF0, 0x00,
    0x2F, 0x00, 0x3F, 0xC0, 0x00, 0xBC, 0x00, 0xFF, 0x00, 0x02, 0xF0, 0x03, 0xFC, 0x00, 0x0F, 0x80,
    0x0F, 0xF8, 0x00, 0x7D, 0x00, 0x1F, 0xFD, 0x5B, 0xF0, 0x00, 0x2F, 0xFF, 0xFF, 0x00, 0x00, 0x1F,
    0xFF, 0xE0, 0x00, 0x00, 0x01, 0x50, 0x00, 0x00, 0x00, 0x24, 0x00, 0x00, 0x00, 0x2F, 0x80, 0x00,
    0x00, 0x0B, 0xF8, 0x00, 0x00, 0x00, 0xBF, 0x80, 0x00, 0x00, 0x01, 0xF4, 0x00, 0x00, 0x00, 0x00,
    0x00, 0x00, 0x00, 0x00, 0x00, 0x00, 0x07, 0xF0, 0xBE, 0x00, 0x03, 0xFD, 0x3F, 0xC0, 0x00, 0xFF,
    0x0F, 0xF0, 0x00, 0x0B, 0x41, 0xA0, 0x00, 0x00, 0x00, 0x00, 0x00, 0x00, 0x00, 0x00, 0x00, 0x0B,
    0xFC, 0x0B, 0xFD, 0x07, 0xFF, 0x43, 0xFF, 0x40, 0x7F, 0xD0, 0x7F, 0xD0, 0x0B, 0xF4, 0x0B, 0xF4,
    0x02, 0xFD, 0x02, 0xFD, 0x00, 0xBF, 0x40, 0xBF, 0x40, 0x2F, 0xD0, 0x2F, 0xD0, 0x0B, 0xF4, 0x0B,
    0xF4, 0x02, 0xFD, 0x02, 0xFD, 0x00, 0xBF, 0x40, 0xFF, 0x40, 0x2F, 0xF5, 0xFF, 0xE0, 0x03, 0xFF,
    0xF7, 0xFF, 0x00, 0x7F, 0xF4, 0xFF, 0xD0, 0x01, 0x40, 0x00, 0x00, 0x00, 0x00, 0x00, 0x00, 0x00,
    0x0B, 0x00, 0x2C, 0x00, 0x00, 0x7E, 0x1F, 0x80, 0x00, 0x02, 0xFF, 0xF0, 0x00, 0x00, 0x0B, 0xFC,
    0x00, 0x00, 0x00, 0x2F, 0x00, 0x00, 0x00, 0x00, 0x00, 0x00, 0x00, 0x01, 0xBF, 0x93, 0x80, 0x01,
    0xFF, 0xFF, 0xFC, 0x00, 0x7F, 0xFA, 0xFF, 0xC0, 0x0F, 0xF4, 0x00, 0xFD, 0x03, 0xFD, 0x00, 0x07,
    0xD0, 0x7F, 0xC0, 0x00, 0x2E, 0x0B, 0xF8, 0x00, 0x00, 0x40, 0xFF, 0x80, 0x00, 0x00, 0x0F, 0xF4,
    0x00, 0x00, 0x00, 0xFF, 0x40, 0x0F, 0xFF, 0xDF, 0xF8, 0x00, 0xFF, 0xFE, 0xFF, 0x80, 0x01, 0xFF,
    0x4B, 0xFC, 0x00, 0x0F, 0xF0, 0x3F, 0xD0, 0x00, 0xFF, 0x03, 0xFF, 0x40, 0x0F, 0xF0, 0x0F, 0xFE,
    0x5B, 0xFF, 0x00, 0x3F, 0xFF, 0xFF, 0xF0, 0x00, 0xBF, 0xFE, 0x2F, 0x00, 0x00, 0x14, 0x00, 0x00,
    0x00, 0x00, 0x00, 0x00, 0x03, 0x40, 0x1C, 0x00, 0x03, 0xE0, 0xBC, 0x00, 0x01, 0xFF, 0xF0, 0x00,
    0x00, 0xBF, 0xD0, 0x00, 0x00, 0x3F, 0x80, 0x10, 0x00, 0x05, 0x01, 0xFC, 0x00, 0x00, 0x03, 0xFD,
    0x01, 0xFF, 0xFF, 0x38, 0x0F, 0xFF, 0xFE, 0x00, 0x2F, 0xD0, 0xBF, 0x40, 0x3F, 0xC0, 0x3F, 0xC0,
    0x3F, 0xC0, 0x3F, 0xC0, 0x3F, 0xC0, 0x3F, 0xC0, 0x2F, 0xE0, 0xFF, 0x40, 0x0F, 0xFF, 0xFE, 0x00,
    0x0B, 0xFF, 0xE0, 0x00, 0x1F, 0x40, 0x00, 0x00, 0x2F, 0x95, 0x55, 0x00, 0x1F, 0xFF, 0xFF, 0xD0,
    0x07, 0xFF, 0xFF, 0xF0, 0x2F, 0xEA, 0xAF, 0xF8, 0x7F, 0x40, 0x0F, 0xF4, 0xBF, 0x00, 0x0F, 0xF0,
    0x7F, 0xD5, 0x7F, 0xE0, 0x2F, 0xFF, 0xFF, 0x40, 0x01, 0xAE, 0xA4, 0x00, 0x00, 0x1B, 0xFE, 0x40,
    0x00, 0x1F, 0xFF, 0xFF, 0x00, 0x07, 0xFE, 0xAF, 0xFC, 0x00, 0xFF, 0x00, 0x3F, 0xF0, 0x3F, 0xD0,
    0x00, 0xFF, 0x47, 0xFC, 0x00, 0x0B, 0xFC, 0xBF, 0x80, 0x00, 0x7F, 0xCF, 0xF8, 0x00, 0x03, 0xFD,
    0xFF, 0x40, 0x00, 0x3F, 0xDF, 0xF4, 0x00, 0x03, 0xFD, 0xFF, 0x80, 0x00, 0x3F, 0xCF, 0xF8, 0x00,
    0x03, 0xFC, 0xBF, 0xC0, 0x00, 0x7F, 0xC3, 0xFD, 0x00, 0x0B, 0xF4, 0x2F, 0xF0, 0x00, 0xFF, 0x00,
    0xFF, 0xD0, 0x7F, 0xC0, 0x03, 0xFF, 0xFF, 0xF0, 0x00, 0x0B, 0xFF, 0xF8, 0x00, 0x00, 0x01, 0xBC,
    0x00, 0x00, 0x00, 0x2F, 0x00, 0x00, 0x00, 0x07, 0xE0, 0x00, 0x00, 0x00, 0xBE, 0x10, 0x00, 0x00,
    0x0B, 0xFF, 0x40, 0x00, 0x00, 0x2F, 0xD0, 0x00, 0x00, 0x00, 0x00, 0x00, 0x00, 0x00, 0x00, 0x00,
    0x00, 0x01, 0xFF, 0xF4, 0x00, 0x3F, 0xFF, 0xFC, 0x03, 0xFD, 0x0F, 0xF8, 0x1F, 0xE0, 0x0F, 0xF0,
    0xFF, 0x00, 0x2F, 0xE3, 0xFC, 0x00, 0xBF, 0x8F, 0xF0, 0x02, 0xFE, 0x3F, 0xC0, 0x0B, 0xF8, 0xFF,
    0x40, 0x2F, 0xD2, 0xFE, 0x00, 0xFF, 0x03, 0xFD, 0x07, 0xF8, 0x07, 0xFF, 0xFF, 0xC0, 0x07, 0xFF,
    0xF4, 0x00, 0x00, 0x7E, 0x00, 0x00, 0x03, 0xF0, 0x00, 0x00, 0x2F, 0x40, 0x00, 0x00, 0xFD, 0x00,
    0x00, 0x03, 0xFF, 0xC0, 0x00, 0x03, 0xFD, 0x00, 0x00, 0x00, 0x00, 0x00, 0x00, 0x00, 0x01, 0x00,
    0x00, 0x00, 0x00, 0x3E, 0x00, 0x00, 0x00, 0x03, 0xFC, 0x00, 0x00, 0x00, 0x3F, 0xD0, 0x00, 0x00,
    0x03, 0xF4, 0x00, 0x00, 0x00, 0x09, 0x00, 0x00, 0x00, 0x00, 0x0A, 0x90, 0x00, 0x00, 0x01, 0xFB,
    0xE0, 0x00, 0x00, 0x0F, 0x87, 0xC0, 0x00, 0x00, 0x3E, 0x1F, 0x00, 0x00, 0x00, 0x7E, 0xF8, 0x00,
    0x00, 0x00, 0xFF, 0xC0, 0x00, 0x00, 0x03, 0xFF, 0x00, 0x00, 0x00, 0x2F, 0xFE, 0x00, 0x00, 0x00,
    0xF7, 0xFC, 0x00, 0x00, 0x07, 0xCB, 0xF4, 0x00, 0x00, 0x2E, 0x1F, 0xE0, 0x00, 0x00, 0xF4, 0x3F,
    0xC0, 0x00, 0x07, 0xC0, 0xBF, 0x40, 0x00, 0x3E, 0x01, 0xFF, 0x00, 0x00, 0xF9, 0x57, 0xFC, 0x00,
    0x07, 0xFF, 0xFF, 0xF4, 0x00, 0x3F, 0xAA, 0xBF, 0xF0, 0x00, 0xF4, 0x00, 0x3F, 0xC0, 0x0B, 0xC0,
    0x00, 0xFF, 0x80, 0x3F, 0x00, 0x02, 0xFF, 0x0F, 0xFF, 0x80, 0x7F, 0xFF, 0xBF, 0xFE, 0x01, 0xFF,
    0xFE, 0x00, 0x00, 0x80, 0x00, 0x00, 0x1F, 0xC0, 0x00, 0x01, 0xFF, 0x00, 0x00, 0x1F, 0xE0, 0x00,
    0x00, 0xF8, 0x00, 0x00, 0x00, 0x00, 0x00, 0x00, 0x07, 0xFD, 0x00, 0x00, 0x7D, 0xBC, 0x00, 0x02,
    0xF0, 0xF0, 0x00, 0x0B, 0xC7, 0xC0, 0x00, 0x0F, 0xFE, 0x00, 0x00, 0x05, 0x40, 0x00, 0x00, 0x00,
    0x00, 0x00, 0x0B, 0xFF, 0x80, 0x00, 0xFE, 0xBF, 0xD0, 0x0B, 0xD0, 0x3F, 0xC0, 0x3F, 0x80, 0xFF,
    0x00, 0x7D, 0x03, 0xFC, 0x00, 0x00, 0x0F, 0xF0, 0x00, 0x6F, 0xFF, 0xC0, 0x0F, 0xFA, 0xFF, 0x00,
    0xFF, 0x03, 0xFC, 0x03, 0xFC, 0x0F, 0xF0, 0x0F, 0xF0, 0x7F, 0xD0, 0x2F, 0xFF, 0xBF, 0xF4, 0x3F,
    0xF4, 0xBF, 0xC0, 0x05, 0x00, 0x10, 0x00, 0x00, 0x00, 0x00, 0x00, 0x18, 0x00, 0x00, 0x00, 0x00,
    0x00, 0x1F, 0x80, 0x00, 0x00, 0x00, 0x00, 0x1F, 0xF0, 0x00, 0x00, 0x00, 0x00, 0x2F, 0xE0, 0x00,
    0x00, 0x00, 0x00, 0x0F, 0x80, 0x00, 0x00, 0x00, 0x00, 0x01, 0x00, 0x00, 0x00, 0x00, 0x2A, 0xAA,
    0xAA, 0xAA, 0x90, 0x00, 0x1F, 0xFF, 0xFF, 0xFF, 0xFC, 0x00, 0x01, 0xFE, 0xFF, 0xEA, 0xFF, 0x00,
    0x00, 0x3D, 0x2F, 0xE0, 0x0B, 0xC0, 0x00, 0x2F, 0x0B, 0xF8, 0x00, 0xF4, 0x00, 0x0F, 0x42, 0xFE,
    0x00, 0x14, 0x00, 0x0B, 0xC0, 0xBF, 0x80, 0x90, 0x00, 0x03, 0xE0, 0x2F, 0xE0, 0xB4, 0x00, 0x02,
    0xFA, 0xAF, 0xFE, 0xBD, 0x00, 0x00, 0xFF, 0xFF, 0xFF, 0xFF, 0x40, 0x00, 0xBD, 0x55, 0xFF, 0x97,
    0xD0, 0x00, 0x3E, 0x00, 0x2F, 0xE0, 0x74, 0x00, 0x2F, 0x00, 0x0B, 0xF8, 0x04, 0x14, 0x0F, 0xC0,
    0x02, 0xFE, 0x00, 0x2F, 0x07, 0xD0, 0x00, 0xBF, 0x80, 0x0F, 0x83, 0xF0, 0x00, 0x2F, 0xE0, 0x0B,
    0xEF, 0xFF, 0xC0, 0x7F, 0xFF, 0xFF, 0xFB, 0xFF, 0xF0, 0x1F, 0xFF, 0xFF, 0xFD, 0x00, 0x00, 0x00,
    0x00, 0x00, 0x00, 0x00, 0x00, 0x3C, 0x00, 0x00, 0x00, 0x00, 0x3F, 0x40, 0x00, 0x00, 0x00, 0x1F,
    0xC0, 0x00, 0x00, 0x00, 0x0F, 0xC0, 0x00, 0x00, 0x00, 0x0F, 0x80, 0x00, 0x00, 0x00, 0x01, 0x00,
    0x00, 0x00, 0x00, 0x00, 0x00, 0x00, 0x00, 0x02, 0xFF, 0xE0, 0xBF, 0xE0, 0x03, 0xFA, 0xFF, 0xFF,
    0xFF, 0x02, 0xF4, 0x0F, 0xFC, 0x0F, 0xF0, 0xFE, 0x03, 0xFD, 0x02, 0xFC, 0x1F, 0x40, 0xFF, 0x00,
    0xBF, 0x40, 0x00, 0x3F, 0xFF, 0xFF, 0xD0, 0x2F, 0xFF, 0xFF, 0xFF, 0xF0, 0x3F, 0xEB, 0xFD, 0x00,
    0x00, 0x3F, 0xC0, 0xFF, 0x40, 0x00, 0x0F, 0xF0, 0x3F, 0xF0, 0x01, 0x83, 0xFC, 0x1F, 0xFF, 0xAB,
    0xF4, 0xBF, 0xFF, 0x7F, 0xFF, 0xF4, 0x0F, 0xFF, 0x42, 0xFF, 0xF0, 0x00, 0x14, 0x00, 0x05, 0x40,
    0x00, 0x00, 0x00, 0x02, 0x40, 0x00, 0x00, 0x00, 0x3F, 0x40, 0x00, 0x00, 0x03, 0xFD, 0x00, 0x00,
    0x00, 0x3F, 0xD0, 0x00, 0x00, 0x02, 0xE4, 0x00, 0x00, 0x00, 0x00, 0x00, 0x00, 0x00, 0x00, 0x6F,
    0xF8, 0x1F, 0x40, 0x1F, 0xFF, 0xFF, 0xF8, 0x01, 0xFF, 0xAB, 0xFF, 0x80, 0x0F, 0xF0, 0x03, 0xFF,
    0x00, 0xFF, 0x40, 0x0B, 0xFD, 0x07, 0xFC, 0x00, 0xBF, 0xFC, 0x2F, 0xE0, 0x07, 0xFF, 0xF0, 0xFF,
    0x80, 0x3E, 0x3F, 0xD3, 0xFD, 0x03, 0xE0, 0xFF, 0x4F, 0xF4, 0x3F, 0x03, 0xFD, 0x3F, 0xE2, 0xF0,
    0x0F, 0xF0, 0xFF, 0xEF, 0x00, 0x3F, 0xC2, 0xFF, 0xF4, 0x01, 0xFF, 0x03, 0xFF, 0x80, 0x0B, 0xF4,
    0x0F, 0xFC, 0x00, 0x3F, 0xC0, 0x0F, 0xFD, 0x07, 0xFC, 0x00, 0xBF, 0xFF, 0xFF, 0xC0, 0x0B, 0xD7,
    0xFF, 0xF8, 0x00, 0x14, 0x00, 0x54, 0x00, 0x00, 0x00, 0x00, 0x00, 0x00, 0x00, 0x01, 0xF0, 0x00,
    0x00, 0x0F, 0xC0, 0x00, 0x00, 0xBF, 0x00, 0x00, 0x07, 0xE0, 0x00, 0x00, 0x3D, 0x00, 0x00, 0x00,
    0x40, 0x00, 0x00, 0x00, 0x00, 0x14, 0x00, 0x7F, 0xFE, 0xF0, 0x0F, 0xFF, 0xFF, 0x40, 0xFF, 0x43,
    0xFE, 0x07, 0xF8, 0x0F, 0xFC, 0x3F, 0xC0, 0xBF, 0xF8, 0xFF, 0x0B, 0xEF, 0xE3, 0xFC, 0xBC, 0xBF,
    0x8F, 0xFB, 0xC2, 0xFE, 0x3F, 0xFD, 0x0B, 0xF4, 0xBF, 0xD0, 0x3F, 0xC0, 0xFF, 0x41, 0xFE, 0x03,
    0xFF, 0xFF, 0xF0, 0x2F, 0xBF, 0xFD, 0x00, 0x50, 0x15, 0x00, 0x00, 0x00, 0x00, 0x00, 0x00, 0x00,
    0x09, 0x03, 0xC0, 0x00, 0x00, 0xBD, 0x2F, 0x80, 0x00, 0x02, 0xFD, 0x7F, 0x80, 0x00, 0x01, 0xFD,
    0x3F, 0x40, 0x00, 0x00, 0x7C, 0x1E, 0x00, 0x00, 0x00, 0x00, 0x00, 0x00, 0x00, 0x00, 0x6A, 0x40,
    0x00, 0x00, 0x03, 0xFF, 0x00, 0x00, 0x00, 0x0F, 0xFD, 0x00, 0x00, 0x00, 0xBF, 0xF8, 0x00, 0x00,
    0x03, 0xDF, 0xF0, 0x00, 0x00, 0x1F, 0x2F, 0xD0, 0x00, 0x00, 0xB8, 0x7F, 0x80, 0x00, 0x03, 0xD0,
    0xFF, 0x00, 0x00, 0x1F, 0x02, 0xFD, 0x00, 0x00, 0xF8, 0x07, 0xFC, 0x00, 0x03, 0xE5, 0x5F, 0xF0,
    0x00, 0x1F, 0xFF, 0xFF, 0xD0, 0x00, 0xFE, 0xAA, 0xFF, 0xC0, 0x03, 0xD0, 0x00, 0xFF, 0x00, 0x2F,
    0x00, 0x03, 0xFE, 0x00, 0xFC, 0x00, 0x0B, 0xFC, 0x3F, 0xFE, 0x01, 0xFF, 0xFE, 0xFF, 0xF8, 0x07,
    0xFF, 0xF8, 0x78, 0x2D, 0x00, 0x02, 0xF4, 0xFC, 0x00, 0x07, 0xF2, 0xF8, 0x00, 0x07, 0xF2, 0xF4,
    0x00, 0x02, 0xD1, 0xF0, 0x00, 0x01, 0x00, 0x40, 0x00, 0x00, 0x00, 0x00, 0x00, 0xBF, 0xF8, 0x00,
    0x0F, 0xEB, 0xFD, 0x00, 0xBD, 0x03, 0xFC, 0x03, 0xF8, 0x0F, 0xF0, 0x07, 0xD0, 0x3F, 0xC0, 0x00,
    0x00, 0xFF, 0x00, 0x06, 0xFF, 0xFC, 0x00, 0xFF, 0xAF, 0xF0, 0x0F, 0xF0, 0x3F, 0xC0, 0x3F, 0xC0,
    0xFF, 0x00, 0xFF, 0x07, 0xFD, 0x02, 0xFF, 0xFB, 0xFF, 0x43, 0xFF, 0x4B, 0xFC, 0x00, 0x50, 0x01,
    0x00, 0x00, 0x01, 0xB9, 0x00, 0x00, 0x00, 0x2F, 0xFE, 0x00, 0x00, 0x01, 0xFF, 0xFD, 0x00, 0x00,
    0x0F, 0x80, 0xB8, 0x00, 0x00, 0x38, 0x00, 0xF0, 0x00, 0x00, 0x00, 0x00, 0x00, 0x00, 0x00, 0x1A,
    0x90, 0x00, 0x00, 0x00, 0xFF, 0xC0, 0x00, 0x00, 0x03, 0xFF, 0x40, 0x00, 0x00, 0x2F, 0xFE, 0x00,
    0x00, 0x00, 0xF7, 0xFC, 0x00, 0x00, 0x07, 0xCB, 0xF4, 0x00, 0x00, 0x2E, 0x1F, 0xE0, 0x00, 0x00,
    0xF4, 0x3F, 0xC0, 0x00, 0x07, 0xC0, 0xBF, 0x40, 0x00, 0x3E, 0x01, 0xFF, 0x00, 0x00, 0xF9, 0x57,
    0xFC, 0x00, 0x07, 0xFF, 0xFF, 0xF4, 0x00, 0x3F, 0xAA, 0xBF, 0xF0, 0x00, 0xF4, 0x00, 0x3F, 0xC0,
    0x0B, 0xC0, 0x00, 0xFF, 0x80, 0x3F, 0x00, 0x02, 0xFF, 0x0F, 0xFF, 0x80, 0x7F, 0xFF, 0xBF, 0xFE,
    0x01, 0xFF, 0xFE, 0x00, 0x1A, 0x40, 0x00, 0x03, 0xFF, 0x80, 0x00, 0x2F, 0xFF, 0x40, 0x00, 0xF4,
    0x2F, 0x00, 0x07, 0x40, 0x2C, 0x00, 0x04, 0x00, 0x10, 0x00, 0x00, 0x00, 0x00, 0x00, 0xBF, 0xF8,
    0x00, 0x0F, 0xEB, 0xFD, 0x00, 0xBD, 0x03, 0xFC, 0x03, 0xF8, 0x0F, 0xF0, 0x07, 0xD0, 0x3F, 0xC0,
    0x00, 0x00, 0xFF, 0x00, 0x06, 0xFF, 0xFC, 0x00, 0xFF, 0xAF, 0xF0, 0x0F, 0xF0, 0x3F, 0xC0, 0x3F,
    0xC0, 0xFF, 0x00, 0xFF, 0x07, 0xFD, 0x02, 0xFF, 0xFB, 0xFF, 0x43, 0xFF, 0x4B, 0xFC, 0x00, 0x50,
    0x01, 0x00, 0x00, 0x00, 0x00, 0x00, 0x90, 0x78, 0x00, 0x0B, 0xD2, 0xF8, 0x00, 0x2F, 0xD7, 0xF4,
    0x00, 0x2F, 0xD3, 0xF0, 0x00, 0x07, 0xC1, 0xE0, 0x00, 0x00, 0x00, 0x00, 0x1A, 0xAA, 0xAA, 0xA0,
    0xFF, 0xFF, 0xFF, 0xE0, 0xBF, 0xEA, 0xBF, 0xC0, 0xFF, 0x40, 0x3F, 0x03, 0xFD, 0x00, 0x7C, 0x0F,
    0xF4, 0x00, 0x40, 0x3F, 0xD0, 0xB0, 0x00, 0xFF, 0x43, 0xC0, 0x03, 0xFF, 0xFF, 0x00, 0x0F, 0xFF,
    0xFC, 0x00, 0x3F, 0xD1, 0xF0, 0x00, 0xFF, 0x42, 0xC0, 0x03, 0xFD, 0x00, 0x04, 0x0F, 0xF4, 0x00,
    0xF8, 0x3F, 0xD0, 0x03, 0xD0, 0xFF, 0x40, 0x7F, 0x6F, 0xFF, 0xFF, 0xFC, 0xFF, 0xFF, 0xFF, 0xF0,
    0x2D, 0x0F, 0x00, 0x03, 0xF1, 0xF8, 0x00, 0x2F, 0xCF, 0xD0, 0x00, 0xBE, 0x2F, 0x00, 0x01, 0xF0,
    0xB8, 0x00, 0x01, 0x01, 0x00, 0x00, 0x00, 0x00, 0x00, 0x07, 0xFF, 0x80, 0x03, 0xFF, 0xFF, 0x00,
    0xFF, 0x03, 0xF8, 0x1F, 0xD0, 0x2F, 0xC3, 0xFC, 0x02, 0xFC, 0x3F, 0xFF, 0xFF, 0xC3, 0xFF, 0xFF,
    0xFC, 0x3F, 0xC0, 0x00, 0x03, 0xFD, 0x00, 0x00, 0x2F, 0xF0, 0x01, 0x40, 0xFF, 0xEA, 0xFC, 0x07,
    0xFF, 0xFF, 0x40, 0x1F, 0xFF, 0x80, 0x00, 0x05, 0x40, 0x00, 0x00, 0x1F, 0x90, 0x00, 0x02, 0xFF,
    0xE0, 0x00, 0x1F, 0xFF, 0xC0, 0x00, 0xF4, 0x0B, 0x80, 0x03, 0x80, 0x0F, 0x00, 0x00, 0x00, 0x00,
    0x06, 0xAA, 0xAA, 0xA8, 0x3F, 0xFF, 0xFF, 0xF8, 0x2F, 0xFA, 0xAF, 0xF0, 0x3F, 0xD0, 0x0F, 0xC0,
    0xFF, 0x40, 0x1F, 0x03, 0xFD, 0x00, 0x10, 0x0F, 0xF4, 0x2C, 0x00, 0x3F, 0xD0, 0xF0, 0x00, 0xFF,
    0xFF, 0xC0, 0x03, 0xFF, 0xFF, 0x00, 0x0F, 0xF4, 0x7C, 0x00, 0x3F, 0xD0, 0xB0, 0x00, 0xFF, 0x40,
    0x01, 0x03, 0xFD, 0x00, 0x3E, 0x0F, 0xF4, 0x00, 0xF4, 0x3F, 0xD0, 0x1F, 0xDB, 0xFF, 0xFF, 0xFF,
    0x3F, 0xFF, 0xFF, 0xFC, 0x00, 0x0A, 0x80, 0x00, 0x07, 0xFF, 0x40, 0x00, 0xFF, 0xFC, 0x00, 0x1E,
    0x03, 0xE0, 0x02, 0xC0, 0x0F, 0x00, 0x14, 0x00, 0x50, 0x00, 0x00, 0x00, 0x00, 0x07, 0xFF, 0x80,
    0x03, 0xFF, 0xFF, 0x00, 0xFF, 0x03, 0xF8, 0x1F, 0xD0, 0x2F, 0xC3, 0xFC, 0x02, 0xFC, 0x3F, 0xFF,
    0xFF, 0xC3, 0xFF, 0xFF, 0xFC, 0x3F, 0xC0, 0x00, 0x03, 0xFD, 0x00, 0x00, 0x2F, 0xF0, 0x01, 0x40,
    0xFF, 0xEA, 0xFC, 0x07, 0xFF, 0xFF, 0x40, 0x1F, 0xFF, 0x80, 0x00, 0x05, 0x40, 0x00, 0x00, 0x00,
    0x00, 0x60, 0x1E, 0x00, 0xFD, 0x3F, 0x40, 0xFF, 0x5F, 0xD0, 0x2F, 0xC7, 0xF0, 0x02, 0xE0, 0xB4,
    0x00, 0x00, 0x00, 0x01, 0xAA, 0xA8, 0x03, 0xFF, 0xFC, 0x00, 0xBF, 0xF4, 0x00, 0x3F, 0xD0, 0x00,
    0x3F, 0xD0, 0x00, 0x3F, 0xD0, 0x00, 0x3F, 0xD0, 0x00, 0x3F, 0xD0, 0x00, 0x3F, 0xD0, 0x00, 0x3F,
    0xD0, 0x00, 0x3F, 0xD0, 0x00, 0x3F, 0xD0, 0x00, 0x3F, 0xD0, 0x00, 0x3F, 0xD0, 0x00, 0x3F, 0xD0,
    0x00, 0x3F, 0xD0, 0x02, 0xFF, 0xFC, 0x03, 0xFF, 0xFC, 0x78, 0x2D, 0x00, 0xBD, 0x3F, 0x00, 0x7F,
    0x2F, 0x80, 0x1F, 0xCB, 0xD0, 0x02, 0xD1, 0xF0, 0x00, 0x40, 0x10, 0x00, 0x00, 0x00, 0x00, 0xBF,
    0xE0, 0x00, 0xFF, 0xE0, 0x00, 0x6F, 0xE0, 0x00, 0x1F, 0xE0, 0x00, 0x1F, 0xE0, 0x00, 0x1F, 0xE0,
    0x00, 0x1F, 0xE0, 0x00, 0x1F, 0xE0, 0x00, 0x1F, 0xE0, 0x00, 0x1F, 0xE0, 0x00, 0x1F, 0xF0, 0x00,
    0xFF, 0xFD, 0x00, 0xFF, 0xFE, 0x02, 0xF9, 0x00, 0xFF, 0xF4, 0x2F, 0xFF, 0xC3, 0xD0, 0x3D, 0x34,
    0x00, 0xE0, 0x00, 0x00, 0x1A, 0xAA, 0x83, 0xFF, 0xFC, 0x0B, 0xFF, 0x40, 0x3F, 0xD0, 0x03, 0xFD,
    0x00, 0x3F, 0xD0, 0x03, 0xFD, 0x00, 0x3F, 0xD0, 0x03, 0xFD, 0x00, 0x3F, 0xD0, 0x03, 0xFD, 0x00,
    0x3F, 0xD0, 0x03, 0xFD, 0x00, 0x3F, 0xD0, 0x03, 0xFD, 0x00, 0x3F, 0xD0, 0x2F, 0xFF, 0xC3, 0xFF,
    0xFC, 0x01, 0xA4, 0x00, 0xFF, 0xE0, 0x3F, 0xFF, 0x43, 0xD0, 0xBC, 0x74, 0x02, 0xC1, 0x00, 0x04,
    0x00, 0x00, 0x00, 0xBF, 0xE0, 0x0F, 0xFE, 0x00, 0x6F, 0xE0, 0x01, 0xFE, 0x00, 0x1F, 0xE0, 0x01,
    0xFE, 0x00, 0x1F, 0xE0, 0x01, 0xFE, 0x00, 0x1F, 0xE0, 0x01, 0xFE, 0x00, 0x1F, 0xF0, 0x0F, 0xFF,
    0xD0, 0xFF, 0xFE, 0x00, 0x00, 0x00, 0x00, 0x00, 0xA0, 0x3C, 0x00, 0x00, 0x1F, 0x87, 0xF0, 0x00,
    0x00, 0xFE, 0x3F, 0xC0, 0x00, 0x07, 0xF8, 0xBE, 0x00, 0x00, 0x06, 0xC0, 0xF0, 0x00, 0x00, 0x00,
    0x00, 0x00, 0x00, 0x01, 0xBF, 0xE4, 0x00, 0x01, 0xFF, 0xFF, 0xF0, 0x00, 0x7F, 0xEA, 0xFF, 0xC0,
    0x0F, 0xF0, 0x03, 0xFF, 0x03, 0xFD, 0x00, 0x0F, 0xF4, 0x7F, 0xC0, 0x00, 0xBF, 0xCB, 0xF8, 0x00,
    0x07, 0xFC, 0xFF, 0x80, 0x00, 0x3F, 0xDF, 0xF4, 0x00, 0x03, 0xFD, 0xFF, 0x40, 0x00, 0x3F, 0xDF,
    0xF8, 0x00, 0x03, 0xFC, 0xFF, 0x80, 0x00, 0x3F, 0xCB, 0xFC, 0x00, 0x07, 0xFC, 0x3F, 0xD0, 0x00,
    0xBF, 0x42, 0xFF, 0x00, 0x0F, 0xF0, 0x0F, 0xFD, 0x07, 0xFC, 0x00, 0x3F, 0xFF, 0xFF, 0x00, 0x00,
    0xBF, 0xFF, 0x80, 0x00, 0x00, 0x15, 0x00, 0x00, 0x1E, 0x0B, 0x40, 0x00, 0xBD, 0x3F, 0x00, 0x01,
    0xFC, 0xBE, 0x00, 0x01, 0xFC, 0x7D, 0x00, 0x00, 0xB4, 0x7C, 0x00, 0x00, 0x40, 0x10, 0x00, 0x00,
    0x00, 0x00, 0x00, 0x1F, 0xFF, 0x40, 0x03, 0xFF, 0xFF, 0xC0, 0x3F, 0xD0, 0xFF, 0x81, 0xFE, 0x00,
    0xFF, 0x0F, 0xF0, 0x02, 0xFE, 0x3F, 0xC0, 0x0B, 0xF8, 0xFF, 0x00, 0x2F, 0xE3, 0xFC, 0x00, 0xBF,
    0x8F, 0xF4, 0x02, 0xFD, 0x2F, 0xE0, 0x0F, 0xF0, 0x3F, 0xD0, 0x7F, 0x80, 0x7F, 0xFF, 0xFC, 0x00,
    0x7F, 0xFF, 0x40, 0x00, 0x05, 0x40, 0x00, 0x00, 0x06, 0xF8, 0x00, 0x00, 0x01, 0xFF, 0xF0, 0x00,
    0x00, 0x3F, 0xFF, 0x80, 0x00, 0x07, 0x80, 0x7C, 0x00, 0x00, 0xB0, 0x02, 0xC0, 0x00, 0x00, 0x00,
    0x00, 0x00, 0x00, 0x1B, 0xFE, 0x40, 0x00, 0x1F, 0xFF, 0xFF, 0x00, 0x07, 0xFE, 0xAF, 0xFC, 0x00,
    0xFF, 0x00, 0x3F, 0xF0, 0x3F, 0xD0, 0x00, 0xFF, 0x47, 0xFC, 0x00, 0x0B, 0xFC, 0xBF, 0x80, 0x00,
    0x7F, 0xCF, 0xF8, 0x00, 0x03, 0xFD, 0xFF, 0x40, 0x00, 0x3F, 0xDF, 0xF4, 0x00, 0x03, 0xFD, 0xFF,
    0x80, 0x00, 0x3F, 0xCF, 0xF8, 0x00, 0x03, 0xFC, 0xBF, 0xC0, 0x00, 0x7F, 0xC3, 0xFD, 0x00, 0x0B,
    0xF4, 0x2F, 0xF0, 0x00, 0xFF, 0x00, 0xFF, 0xD0, 0x7F, 0xC0, 0x03, 0xFF, 0xFF, 0xF0, 0x00, 0x0B,
    0xFF, 0xF8, 0x00, 0x00, 0x01, 0x50, 0x00, 0x00, 0x00, 0x06, 0x90, 0x00, 0x00, 0xFF, 0xF0, 0x00,
    0x0B, 0xFF, 0xD0, 0x00, 0x3D, 0x0B, 0xC0, 0x01, 0xD0, 0x0B, 0x00, 0x01, 0x00, 0x04, 0x00, 0x00,
    0x00, 0x00, 0x00, 0x1F, 0xFF, 0x40, 0x03, 0xFF, 0xFF, 0xC0, 0x3F, 0xD0, 0xFF, 0x81, 0xFE, 0x00,
    0xFF, 0x0F, 0xF0, 0x02, 0xFE, 0x3F, 0xC0, 0x0B, 0xF8, 0xFF, 0x00, 0x2F, 0xE3, 0xFC, 0x00, 0xBF,
    0x8F, 0xF4, 0x02, 0xFD, 0x2F, 0xE0, 0x0F, 0xF0, 0x3F, 0xD0, 0x7F, 0x80, 0x7F, 0xFF, 0xFC, 0x00,
    0x7F, 0xFF, 0x40, 0x00, 0x05, 0x40, 0x00, 0x00, 0x00, 0x00, 0x00, 0x02, 0x41, 0xE0, 0x00, 0x00,
    0xBD, 0x2F, 0x80, 0x00, 0x0B, 0xF5, 0xFD, 0x00, 0x00, 0x2F, 0xD3, 0xF0, 0x00, 0x00, 0x1F, 0x07,
    0x80, 0x00, 0x00, 0x00, 0x00, 0x00, 0x06, 0xAA, 0xA9, 0x40, 0x00, 0xFF, 0xFF, 0xFF, 0x80, 0x02,
    0xFF, 0xAB, 0xFF, 0x00, 0x0F, 0xF4, 0x0F, 0xF8, 0x00, 0xFF, 0x40, 0xBF, 0xC0, 0x0F, 0xF4, 0x0B,
    0xFC, 0x00, 0xFF, 0x40, 0xFF, 0x40, 0x0F, 0xF4, 0x1F, 0xE0, 0x00, 0xFF, 0xAF, 0xF4, 0x00, 0x0F,
    0xFF, 0xF8, 0x00, 0x00, 0xFF, 0x5F, 0xF4, 0x00, 0x0F, 0xF4, 0x7F, 0xC0, 0x00, 0xFF, 0x43, 0xFD,
    0x00, 0x0F, 0xF4, 0x2F, 0xF0, 0x00, 0xFF, 0x41, 0xFF, 0x40, 0x0F, 0xF4, 0x0F, 0xFC, 0x0B, 0xFF,
    0xF4, 0x7F, 0xFC, 0xFF, 0xFF, 0x42, 0xFF, 0xC0, 0x00, 0x00, 0x01, 0x40, 0x2D, 0x0F, 0x00, 0x03,
    0xF1, 0xF8, 0x00, 0x3F, 0x8F, 0xC0, 0x00, 0xBD, 0x3F, 0x00, 0x01, 0xF0, 0xB4, 0x00, 0x01, 0x01,
    0x00, 0x00, 0x00, 0x00, 0x02, 0xFF, 0x0B, 0xF4, 0x3F, 0xF7, 0xFF, 0xC1, 0xBF, 0xF6, 0xFD, 0x07,
    0xFD, 0x2F, 0xC0, 0x7F, 0xC1, 0xF8, 0x07, 0xF8, 0x00, 0x00, 0x7F, 0x80, 0x00, 0x07, 0xF8, 0x00,
    0x00, 0x7F, 0x80, 0x00, 0x07, 0xF8, 0x00, 0x00, 0x7F, 0xC0, 0x00, 0x3F, 0xFF, 0xC0, 0x03, 0xFF,
    0xFC, 0x00, 0x00, 0x1F, 0x90, 0x00, 0x00, 0x0F, 0xFF, 0x80, 0x00, 0x01, 0xFF, 0xFC, 0x00, 0x00,
    0x3D, 0x02, 0xE0, 0x00, 0x03, 0x80, 0x0E, 0x00, 0x00, 0x00, 0x00, 0x00, 0x00, 0x6A, 0xAA, 0x94,
    0x00, 0x0F, 0xFF, 0xFF, 0xF8, 0x00, 0x2F, 0xFA, 0xBF, 0xF0, 0x00, 0xFF, 0x40, 0xFF, 0x80, 0x0F,
    0xF4, 0x0B, 0xFC, 0x00, 0xFF, 0x40, 0xBF, 0xC0, 0x0F, 0xF4, 0x0F, 0xF4, 0x00, 0xFF, 0x41, 0xFE,
    0x00, 0x0F, 0xFA, 0xFF, 0x40, 0x00, 0xFF, 0xFF, 0x80, 0x00, 0x0F, 0xF5, 0xFF, 0x40, 0x00, 0xFF,
    0x47, 0xFC, 0x00, 0x0F, 0xF4, 0x3F, 0xD0, 0x00, 0xFF, 0x42, 0xFF, 0x00, 0x0F, 0xF4, 0x1F, 0xF4,
    0x00, 0xFF, 0x40, 0xFF, 0xC0, 0xBF, 0xFF, 0x47, 0xFF, 0xCF, 0xFF, 0xF4, 0x2F, 0xFC, 0x00, 0x00,
    0x00, 0x14, 0x00, 0x00, 0x0A, 0x80, 0x00, 0x07, 0xFF, 0x40, 0x00, 0xFF, 0xFC, 0x00, 0x2E, 0x03,
    0xD0, 0x03, 0xC0, 0x0E, 0x00, 0x14, 0x00, 0x50, 0x00, 0x00, 0x00, 0x02, 0xFF, 0x0B, 0xF4, 0x3F,
    0xF7, 0xFF, 0xC1, 0xBF, 0xF6, 0xFD, 0x07, 0xFD, 0x2F, 0xC0, 0x7F, 0xC1, 0xF8, 0x07, 0xF8, 0x00,
    0x00, 0x7F, 0x80, 0x00, 0x07, 0xF8, 0x00, 0x00, 0x7F, 0x80, 0x00, 0x07, 0xF8, 0x00, 0x00, 0x7F,
    0xC0, 0x00, 0x3F, 0xFF, 0xC0, 0x03, 0xFF, 0xFC, 0x00, 0x00, 0x00, 0x00, 0x00, 0x00, 0x02, 0x41,
    0xF0, 0x00, 0x00, 0x2F, 0x4B, 0xE0, 0x00, 0x00, 0xBF, 0x5F, 0xD0, 0x00, 0x00, 0x7F, 0x4F, 0xD0,
    0x00, 0x00, 0x1F, 0x07, 0x80, 0x00, 0x00, 0x00, 0x00, 0x00, 0x0A, 0xAA, 0x90, 0x0A, 0xA9, 0x3F,
    0xFF, 0xC0, 0x7F, 0xFC, 0x6F, 0xF9, 0x00, 0x7F, 0x80, 0x3F, 0xC0, 0x00, 0xBC, 0x00, 0xFF, 0x00,
    0x02, 0xF0, 0x03, 0xFC, 0x00, 0x0B, 0xC0, 0x0F, 0xF0, 0x00, 0x2F, 0x00, 0x3F, 0xC0, 0x00, 0xBC,
    0x00, 0xFF, 0x00, 0x02, 0xF0, 0x03, 0xFC, 0x00, 0x0B, 0xC0, 0x0F, 0xF0, 0x00, 0x2F, 0x00, 0x3F,
    0xC0, 0x00, 0xBC, 0x00, 0xFF, 0x00, 0x02, 0xF0, 0x03, 0xFC, 0x00, 0x0F, 0x80, 0x0F, 0xF8, 0x00,
    0x7D, 0x00, 0x1F, 0xFD, 0x5B, 0xF0, 0x00, 0x2F, 0xFF, 0xFF, 0x00, 0x00, 0x1F, 0xFF, 0xE0, 0x00,
    0x00, 0x01, 0x50, 0x00, 0x00, 0x0F, 0x07, 0x80, 0x00, 0x07, 0xE3, 0xF0, 0x00, 0x00, 0xFD, 0x7F,
    0x00, 0x00, 0x0F, 0xC7, 0xD0, 0x00, 0x00, 0xB8, 0x3C, 0x00, 0x00, 0x04, 0x01, 0x00, 0x00, 0x00,
    0x00, 0x00, 0x00, 0xBF, 0xC0, 0xBF, 0xD0, 0x7F, 0xF4, 0x3F, 0xF4, 0x07, 0xFD, 0x07, 0xFD, 0x00,
    0xBF, 0x40, 0xBF, 0x40, 0x2F, 0xD0, 0x2F, 0xD0, 0x0B, 0xF4, 0x0B, 0xF4, 0x02, 0xFD, 0x02, 0xFD,
    0x00, 0xBF, 0x40, 0xBF, 0x40, 0x2F, 0xD0, 0x2F, 0xD0, 0x0B, 0xF4, 0x0F, 0xF4, 0x02, 0xFF, 0x5F,
    0xFE, 0x00, 0x3F, 0xFF, 0x7F, 0xF0, 0x07, 0xFF, 0x4F, 0xFD, 0x00, 0x14, 0x00, 0x00, 0x00, 0x00,
    0x00, 0x6E, 0x40, 0x00, 0x00, 0x0B, 0xFF, 0x80, 0x00, 0x00, 0x7F, 0xFF, 0x40, 0x00, 0x03, 0xD0,
    0x2E, 0x00, 0x00, 0x0E, 0x00, 0x3C, 0x00, 0x00, 0x00, 0x00, 0x00, 0x02, 0xAA, 0xA4, 0x02, 0xAA,
    0x4F, 0xFF, 0xF0, 0x1F, 0xFF, 0x1B, 0xFE, 0x40, 0x1F, 0xE0, 0x0F, 0xF0, 0x00, 0x2F, 0x00, 0x3F,
    0xC0, 0x00, 0xBC, 0x00, 0xFF, 0x00, 0x02, 0xF0, 0x03, 0xFC, 0x00, 0x0B, 0xC0, 0x0F, 0xF0, 0x00,
    0x2F, 0x00, 0x3F, 0xC0, 0x00, 0xBC, 0x00, 0xFF, 0x00, 0x02, 0xF0, 0x03, 0xFC, 0x00, 0x0B, 0xC0,
    0x0F, 0xF0, 0x00, 0x2F, 0x00, 0x3F, 0xC0, 0x00, 0xBC, 0x00, 0xFF, 0x00, 0x03, 0xE0, 0x03, 0xFE,
    0x00, 0x1F, 0x40, 0x07, 0xFF, 0x56, 0xFC, 0x00, 0x0B, 0xFF, 0xFF, 0xC0, 0x00, 0x07, 0xFF, 0xF8,
    0x00, 0x00, 0x00, 0x54, 0x00, 0x00, 0x00, 0x06, 0x90, 0x00, 0x00, 0x0F, 0xFF, 0x00, 0x00, 0x0B,
    0xFF, 0xE0, 0x00, 0x03, 0xD0, 0x7C, 0x00, 0x01, 0xD0, 0x07, 0x40, 0x00, 0x10, 0x00, 0x40, 0x00,
    0x00, 0x00, 0x00, 0x00, 0xBF, 0xC0, 0xBF, 0xD0, 0x7F, 0xF4, 0x3F, 0xF4, 0x07, 0xFD, 0x07, 0xFD,
    0x00, 0xBF, 0x40, 0xBF, 0x40, 0x2F, 0xD0, 0x2F, 0xD0, 0x0B, 0xF4, 0x0B, 0xF4, 0x02, 0xFD, 0x02,
    0xFD, 0x00, 0xBF, 0x40, 0xBF, 0x40, 0x2F, 0xD0, 0x2F, 0xD0, 0x0B, 0xF4, 0x0F, 0xF4, 0x02, 0xFF,
    0x5F, 0xFE, 0x00, 0x3F, 0xFF, 0x7F, 0xF0, 0x07, 0xFF, 0x4F, 0xFD, 0x00, 0x14, 0x00, 0x00, 0x00,
    0x01, 0xBF, 0x87, 0x00, 0xBF, 0xFF, 0xF4, 0x2F, 0xE5, 0xFF, 0x43, 0xF8, 0x02, 0xF8, 0x7F, 0x40,
    0x0F, 0x8B, 0xF8, 0x00, 0x64, 0x7F, 0xE4, 0x00, 0x03, 0xFF, 0xF8, 0x00, 0x2F, 0xFF, 0xF8, 0x00,
    0xBF, 0xFF, 0xF0, 0x00, 0xBF, 0xFF, 0xC0, 0x00, 0x6F, 0xFC, 0x60, 0x00, 0x7F, 0xDF, 0x80, 0x03,
    0xFC, 0xFD, 0x00, 0x3F, 0xCB, 0xF4, 0x0B, 0xF8, 0xBF, 0xFF, 0xFF, 0x0B, 0x5F, 0xFF, 0x80, 0x00,
    0x05, 0x00, 0x00, 0x00, 0x90, 0x00, 0x00, 0x3F, 0x80, 0x00, 0x03, 0xFC, 0x00, 0x00, 0x1F, 0x80,
    0x00, 0x00, 0xF4, 0x00, 0x00, 0x2E, 0x00, 0x00, 0x01, 0x40, 0x00, 0x00, 0x00, 0x00, 0x2F, 0xFB,
    0xC3, 0xFA, 0xFF, 0x2F, 0x80, 0xBC, 0xFE, 0x00, 0xF7, 0xFF, 0x40, 0x07, 0xFF, 0xF4, 0x0B, 0xFF,
    0xFC, 0x06, 0xFF, 0xF8, 0x00, 0x6F, 0xEF, 0x40, 0x2F, 0xBF, 0x40, 0xBD, 0xBF, 0xEF, 0xF2, 0xEF,
    0xFE, 0x01, 0x05, 0x40, 0x00, 0x19, 0x00, 0x02, 0xFC, 0x00, 0x0B, 0xF4, 0x00, 0x0B, 0xC0, 0x00,
    0x1F, 0x00, 0x00, 0xF0, 0x00, 0x02, 0x00, 0x00, 0x1A, 0xAA, 0xAA, 0xAA, 0x80, 0xBF, 0xFF, 0xFF,
    0xFF, 0x43, 0xFE, 0xBF, 0xEA, 0xFE, 0x0F, 0xC0, 0xFF, 0x41, 0xF8, 0x3D, 0x03, 0xFD, 0x03, 0xF1,
    0xF0, 0x0F, 0xF4, 0x07, 0xC0, 0x00, 0x3F, 0xD0, 0x00, 0x00, 0x00, 0xFF, 0x40, 0x00, 0x00, 0x03,
    0xFD, 0x00, 0x00, 0x00, 0x0F, 0xF4, 0x00, 0x00, 0x00, 0x3F, 0xD0, 0x00, 0x00, 0x00, 0xFF, 0x40,
    0x00, 0x00, 0x03, 0xFD, 0x00, 0x00, 0x00, 0x0F, 0xF4, 0x00, 0x00, 0x00, 0x3F, 0xD0, 0x00, 0x00,
    0x00, 0xFF, 0x80, 0x00, 0x00, 0x7F, 0xFF, 0xF0, 0x00, 0x01, 0xFF, 0xFF, 0xC0, 0x00, 0x00, 0x00,
    0x00, 0x00, 0x00, 0x00, 0x18, 0x00, 0x00, 0x00, 0x02, 0xFC, 0x00, 0x00, 0x00, 0x0B, 0xF4, 0x00,
    0x00, 0x00, 0x0B, 0xC0, 0x00, 0x00, 0x00, 0x2E, 0x00, 0x00, 0x00, 0x01, 0xF0, 0x00, 0x00, 0x00,
    0x02, 0x00, 0x00, 0x00, 0x00, 0x00, 0x00, 0x03, 0xD0, 0x00, 0x1F, 0x40, 0x00, 0xBD, 0x00, 0x07,
    0xF4, 0x00, 0xBF, 0xFF, 0xC7, 0xFF, 0xFF, 0x06, 0xFE, 0x54, 0x0B, 0xF4, 0x00, 0x2F, 0xD0, 0x00,
    0xBF, 0x40, 0x02, 0xFD, 0x00, 0x0B, 0xF4, 0x00, 0x2F, 0xD0, 0x00, 0xBF, 0x80, 0x01, 0xFF, 0x58,
    0x03, 0xFF, 0xF8, 0x07, 0xFF, 0x80, 0x01, 0x50, 0x00, 0x06, 0x40, 0x00, 0xBF, 0x00, 0x02, 0xFD,
    0x00, 0x02, 0xF0, 0x00, 0x07, 0xC0, 0x00, 0x3C, 0x00, 0x00, 0x80, 0x00, 0x00, 0x15, 0x55, 0x40,
    0x00, 0x07, 0xFF, 0xFC, 0x00, 0x00, 0x7F, 0xFF, 0xC0, 0x00, 0x01, 0x55, 0x50, 0x00, 0x00, 0x10,
    0x01, 0x00, 0x00, 0x0F, 0xE0, 0xFD, 0x00, 0x01, 0xFF, 0x2F, 0xE0, 0x00, 0x0F, 0xF1, 0xFE, 0x00,
    0x00, 0x68, 0x06, 0x80, 0x00, 0x00, 0x00, 0x00, 0x00, 0x00, 0x1B, 0xFE, 0x40, 0x00, 0x1F, 0xFF,
    0xFF, 0x00, 0x07, 0xFE, 0xAF, 0xFC, 0x00, 0xFF, 0x00, 0x3F, 0xF0, 0x3F, 0xD0, 0x00, 0xFF, 0x47,
    0xFC, 0x00, 0x0B, 0xFC, 0xBF, 0x80, 0x00, 0x7F, 0xCF, 0xF8, 0x00, 0x03, 0xFD, 0xFF, 0x40, 0x00,
    0x3F, 0xDF, 0xF4, 0x00, 0x03, 0xFD, 0xFF, 0x80, 0x00, 0x3F, 0xCF, 0xF8, 0x00, 0x03, 0xFC, 0xBF,
    0xC0, 0x00, 0x7F, 0xC3, 0xFD, 0x00, 0x0B, 0xF4, 0x2F, 0xF0, 0x00, 0xFF, 0x00, 0xFF, 0xD0, 0x7F,
    0xC0, 0x03, 0xFF, 0xFF, 0xF0, 0x00, 0x0B, 0xFF, 0xF8, 0x00, 0x00, 0x01, 0x50, 0x00, 0x00, 0x00,
    0x55, 0x55, 0x00, 0x07, 0xFF, 0xFC, 0x00, 0x1F, 0xFF, 0xF0, 0x00, 0x15, 0x55, 0x00, 0x00, 0x00,
    0x00, 0x00, 0x0B, 0xE0, 0xFD, 0x00, 0x3F, 0xC7, 0xF8, 0x00, 0xFF, 0x1F, 0xE0, 0x01, 0xA0, 0x2E,
    0x00, 0x00, 0x00, 0x00, 0x00, 0x00, 0x00, 0x00, 0x00, 0x1F, 0xFF, 0x40, 0x03, 0xFF, 0xFF, 0xC0,
    0x3F, 0xD0, 0xFF, 0x81, 0xFE, 0x00, 0xFF, 0x0F, 0xF0, 0x02, 0xFE, 0x3F, 0xC0, 0x0B, 0xF8, 0xFF,
    0x00, 0x2F, 0xE3, 0xFC, 0x00, 0xBF, 0x8F, 0xF4, 0x02, 0xFD, 0x2F, 0xE0, 0x0F, 0xF0, 0x3F, 0xD0,
    0x7F, 0x80, 0x7F, 0xFF, 0xFC, 0x00, 0x7F, 0xFF, 0x40, 0x00, 0x05, 0x40, 0x00, 0x00, 0x15, 0x55,
    0x40, 0x00, 0x07, 0xFF, 0xFC, 0x00, 0x00, 0x7F, 0xFF, 0xC0, 0x00, 0x01, 0x55, 0x50, 0x00, 0x00,
    0x00, 0x00, 0x00, 0x00, 0x02, 0xFD, 0x08, 0x00, 0x00, 0x7F, 0xFF, 0xC0, 0x00, 0x0F, 0xBF, 0xF8,
    0x00, 0x00, 0x00, 0x6E, 0x00, 0x00, 0x00, 0x00, 0x00, 0x00, 0x00, 0x1B, 0xFE, 0x40, 0x00, 0x1F,
    0xFF, 0xFF, 0x00, 0x07, 0xFE, 0xAF, 0xFC, 0x00, 0xFF, 0x00, 0x3F, 0xF0, 0x3F, 0xD0, 0x00, 0xFF,
    0x47, 0xFC, 0x00, 0x0B, 0xFC, 0xBF, 0x80, 0x00, 0x7F, 0xCF, 0xF8, 0x00, 0x03, 0xFD, 0xFF, 0x40,
    0x00, 0x3F, 0xDF, 0xF4, 0x00, 0x03, 0xFD, 0xFF, 0x80, 0x00, 0x3F, 0xCF, 0xF8, 0x00, 0x03, 0xFC,
    0xBF, 0xC0, 0x00, 0x7F, 0xC3, 0xFD, 0x00, 0x0B, 0xF4, 0x2F, 0xF0, 0x00, 0xFF, 0x00, 0xFF, 0xD0,
    0x7F, 0xC0, 0x03, 0xFF, 0xFF, 0xF0, 0x00, 0x0B, 0xFF, 0xF8, 0x00, 0x00, 0x01, 0x50, 0x00, 0x00,
    0x00, 0x55, 0x55, 0x00, 0x07, 0xFF, 0xFC, 0x00, 0x1F, 0xFF, 0xF0, 0x00, 0x15, 0x55, 0x00, 0x00,
    0x00, 0x00, 0x00, 0x01, 0xFD, 0x08, 0x00, 0x0F, 0xFF, 0xF0, 0x00, 0xBB, 0xFF, 0x80, 0x00, 0x41,
    0xB8, 0x00, 0x00, 0x00, 0x00, 0x00, 0x00, 0x00, 0x00, 0x00, 0x1F, 0xFF, 0x40, 0x03, 0xFF, 0xFF,
    0xC0, 0x3F, 0xD0, 0xFF, 0x81, 0xFE, 0x00, 0xFF, 0x0F, 0xF0, 0x02, 0xFE, 0x3F, 0xC0, 0x0B, 0xF8,
    0xFF, 0x00, 0x2F, 0xE3, 0xFC, 0x00, 0xBF, 0x8F, 0xF4, 0x02, 0xFD, 0x2F, 0xE0, 0x0F, 0xF0, 0x3F,
    0xD0, 0x7F, 0x80, 0x7F, 0xFF, 0xFC, 0x00, 0x7F, 0xFF, 0x40, 0x00, 0x05, 0x40, 0x00, 0x00, 0x15,
    0x55, 0x40, 0x00, 0x07, 0xFF, 0xFC, 0x00, 0x00, 0x7F, 0xFF, 0xC0, 0x00, 0x01, 0x55, 0x50, 0x00,
    0x00, 0x00, 0x50, 0x00, 0x00, 0x00, 0x7F, 0xC0, 0x00, 0x00, 0x0B, 0xFC, 0x00, 0x00, 0x00, 0xBF,
    0xC0, 0x00, 0x00, 0x02, 0xE4, 0x00, 0x00, 0x00, 0x00, 0x00, 0x00, 0x00, 0x1B, 0xFE, 0x40, 0x00,
    0x1F, 0xFF, 0xFF, 0x00, 0x07, 0xFE, 0xAF, 0xFC, 0x00, 0xFF, 0x00, 0x3F, 0xF0, 0x3F, 0xD0, 0x00,
    0xFF, 0x47, 0xFC, 0x00, 0x0B, 0xFC, 0xBF, 0x80, 0x00, 0x7F, 0xCF, 0xF8, 0x00, 0x03, 0xFD, 0xFF,
    0x40, 0x00, 0x3F, 0xDF, 0xF4, 0x00, 0x03, 0xFD, 0xFF, 0x80, 0x00, 0x3F, 0xCF, 0xF8, 0x00, 0x03,
    0xFC, 0xBF, 0xC0, 0x00, 0x7F, 0xC3, 0xFD, 0x00, 0x0B, 0xF4, 0x2F, 0xF0, 0x00, 0xFF, 0x00, 0xFF,
    0xD0, 0x7F, 0xC0, 0x03, 0xFF, 0xFF, 0xF0, 0x00, 0x0B, 0xFF, 0xF8, 0x00, 0x00, 0x01, 0x50, 0x00,
    0x00, 0x00, 0x55, 0x55, 0x00, 0x07, 0xFF, 0xFC, 0x00, 0x1F, 0xFF, 0xF0, 0x00, 0x15, 0x55, 0x00,
    0x00, 0x01, 0x40, 0x00, 0x00, 0x3F, 0xC0, 0x00, 0x02, 0xFF, 0x00, 0x00, 0x07, 0xFC, 0x00, 0x00,
    0x0B, 0xD0, 0x00, 0x00, 0x00, 0x00, 0x00, 0x00, 0x00, 0x00, 0x00, 0x1F, 0xFF, 0x40, 0x03, 0xFF,
    0xFF, 0xC0, 0x3F, 0xD0, 0xFF, 0x81, 0xFE, 0x00, 0xFF, 0x0F, 0xF0, 0x02, 0xFE, 0x3F, 0xC0, 0x0B,
    0xF8, 0xFF, 0x00, 0x2F, 0xE3, 0xFC, 0x00, 0xBF, 0x8F, 0xF4, 0x02, 0xFD, 0x2F, 0xE0, 0x0F, 0xF0,
    0x3F, 0xD0, 0x7F, 0x80, 0x7F, 0xFF, 0xFC, 0x00, 0x7F, 0xFF, 0x40, 0x00, 0x05, 0x40, 0x00, 0x00,
    0x05, 0x55, 0x50, 0x00, 0x00, 0x3F, 0xFF, 0xC0, 0x00, 0x00, 0xFF, 0xFF, 0x00, 0x00, 0x01, 0x55,
    0x54, 0x00, 0x00, 0x00, 0x00, 0x00, 0x01, 0xAA, 0xA9, 0x06, 0xAA, 0x8F, 0xFF, 0xF8, 0x2F, 0xFF,
    0x5B, 0xFF, 0x40, 0x1F, 0xF4, 0x07, 0xFC, 0x00, 0x3F, 0x00, 0x0F, 0xF8, 0x01, 0xF4, 0x00, 0x0F,
    0xF0, 0x0F, 0xC0, 0x00, 0x2F, 0xE0, 0x7C, 0x00, 0x00, 0x3F, 0xD3, 0xE0, 0x00, 0x00, 0x7F, 0xEF,
    0x00, 0x00, 0x00, 0xFF, 0xF4, 0x00, 0x00, 0x00, 0xFF, 0xC0, 0x00, 0x00, 0x03, 0xFD, 0x00, 0x00,
    0x00, 0x0F, 0xF4, 0x00, 0x00, 0x00, 0x3F, 0xD0, 0x00, 0x00, 0x00, 0xFF, 0x40, 0x00, 0x00, 0x03,
    0xFD, 0x00, 0x00, 0x00, 0xFF, 0xFF, 0x80, 0x00, 0x03, 0xFF, 0xFE, 0x00, 0x00, 0x00, 0x15, 0x55,
    0x00, 0x00, 0xFF, 0xFF, 0x00, 0x00, 0xFF, 0xFF, 0x00, 0x00, 0x55, 0x55, 0x00, 0x00, 0x00, 0x00,
    0x00, 0x00, 0x00, 0x00, 0x00, 0x7F, 0xFE, 0x0F, 0xFC, 0xBF, 0xFE, 0x1F, 0xFC, 0x1F, 0xF4, 0x03,
    0xE0, 0x0F, 0xF4, 0x03, 0xC0, 0x07, 0xF8, 0x07, 0x80, 0x03, 0xFC, 0x0F, 0x40, 0x01, 0xFE, 0x0F,
    0x00, 0x00, 0xFF, 0x2D, 0x00, 0x00, 0xBF, 0x7C, 0x00, 0x00, 0x3F, 0xF8, 0x00, 0x00, 0x2F, 0xF0,
    0x00, 0x00, 0x0F, 0xF0, 0x00, 0x00, 0x0F, 0xD0, 0x00, 0x00, 0x0B, 0xC0, 0x00, 0x28, 0x0F, 0x80,
    0x00, 0xBE, 0x1F, 0x00, 0x00, 0xBD, 0x3D, 0x00, 0x00, 0x7F, 0xF8, 0x00, 0x00, 0x1A, 0x90, 0x00,
    0x00, 0x2F, 0xF5, 0xFF, 0xD1, 0xFF, 0x42, 0xFD, 0x0B, 0xF4, 0x2F, 0xD0, 0xBF, 0x42, 0xFD, 0x0B,
    0xF4, 0x2F, 0xD0, 0xBF, 0x42, 0xFD, 0x0B, 0xF4, 0x2F, 0xC0, 0xFF, 0x03, 0xF4, 0x3F, 0x80, 0xF8,
    0x01, 0x40, 0x00, 0x00, 0x00, 0x00, 0x00, 0x00, 0x2F, 0xFD, 0x7C, 0x00, 0x3F, 0xFF, 0xFF, 0x00,
    0x3F, 0xE1, 0xBF, 0xC0, 0x1F, 0xE0, 0x0F, 0xF0, 0x0F, 0xF4, 0x03, 0xFC, 0x03, 0xFC, 0x00, 0xFF,
    0x00, 0xFF, 0x00, 0x3F, 0xC0, 0x3F, 0xC0, 0x0F, 0xF0, 0x0F, 0xF4, 0x03, 0xFC, 0x03, 0xFE, 0x00,
    0xFF, 0x00, 0x7F, 0xD1, 0xFF, 0xD0, 0x0F, 0xFF, 0xFB, 0xFF, 0x00, 0xBF, 0xF4, 0xFF, 0xC0, 0x01,
    0x40, 0x05, 0x00, 0x00, 0x00, 0x00, 0x00, 0x1F, 0xFE, 0x40, 0x0F, 0xFF, 0xFE, 0x03, 0xFE, 0xFF,
    0xF4, 0x1C, 0x00, 0xFF, 0xC0, 0x00, 0x03, 0xFC, 0x00, 0x00, 0x3F, 0xD2, 0xFF, 0xFF, 0xFD, 0x3F,
    0xFF, 0xFF, 0xD3, 0xFC, 0x03, 0xFC, 0x3F, 0xC0, 0x3F, 0xC2, 0xFC, 0x07, 0xF4, 0x0F, 0xFA, 0xFD,
    0x00, 0x2F, 0xFF, 0x40, 0x00, 0x15, 0x00, 0x00, 0x00, 0x00, 0x00, 0x00, 0x02, 0xFF, 0xD7, 0xC0,
    0x3F, 0xFF, 0xFF, 0x03, 0xFE, 0x1B, 0xFC, 0x1F, 0xE0, 0x0F, 0xF0, 0xFF, 0x40, 0x3F, 0xC3, 0xFC,
    0x00, 0xFF, 0x0F, 0xF0, 0x03, 0xFC, 0x3F, 0xC0, 0x0F, 0xF0, 0xFF, 0x40, 0x3F, 0xC2, 0xFE, 0x01,
    0xFF, 0x07, 0xFE, 0x6F, 0xFC, 0x0B, 0xFF, 0xFF, 0xF0, 0x07, 0xFE, 0x3F, 0xC0, 0x00, 0x00, 0xFF,
    0x02, 0xF0, 0x03, 0xF8, 0x0F, 0xD0, 0x1F, 0xC0, 0x3F, 0x42, 0xFD, 0x00, 0xBF, 0xFF, 0xD0, 0x00,
    0x2A, 0xA4, 0x00, 0x00, 0x00, 0xF0, 0x07, 0xF0, 0x0F, 0xE0, 0x0F, 0xD0, 0x07, 0xC0, 0x01, 0x00,
    0x00, 0x00, 0x3C, 0x0B, 0xE1, 0xFD, 0x3F, 0x4B, 0x80, 0x10, 0x00, 0x00, 0x00, 0x00, 0x1F, 0x40,
    0x03, 0xFC, 0x00, 0xFF, 0xF0, 0x2F, 0x5F, 0x83, 0xC0, 0x3C, 0x10, 0x00, 0x40, 0x00, 0x00, 0x01,
    0xFD, 0x08, 0x3F, 0xFF, 0xDB, 0xBF, 0xFC, 0x10, 0x2E, 0x00, 0x55, 0x55, 0xFF, 0xFF, 0xFF, 0xFF,
    0x55, 0x55, 0x30, 0x00, 0xC3, 0x80, 0x2C, 0x3E, 0x5B, 0xC1, 0xFF, 0xF4, 0x0B, 0xFD, 0x00, 0x05,
    0x00, 0x05, 0x03, 0xFC, 0x7F, 0xD7, 0xFD, 0x2F, 0x40, 0x00, 0x00, 0x07, 0xE0, 0xBD, 0xFF, 0x0F,
    0xFF, 0xF0, 0xFF, 0x2D, 0x07, 0x80, 0x1B, 0xA0, 0xBE, 0xFC, 0xF8, 0x7D, 0xB4, 0xFD, 0x03, 0xF8,
    0x03, 0xE0, 0x02, 0x90, 0x00, 0x00, 0x1F, 0xF4, 0x3D, 0x7C, 0x7C, 0x3D, 0x7C, 0x3D, 0x3F, 0xF8,
    0x05, 0x40, 0x01, 0xD0, 0xB0, 0x0F, 0xCB, 0xD0, 0xFD, 0x7F, 0x07, 0xD3, 0xF0, 0x3C, 0x2E, 0x00,
    0x40, 0x10, 0x00, 0x00, 0x00, 0x03, 0x40, 0x1C, 0x3E, 0x0B, 0xC0, 0xFF, 0xF0, 0x07, 0xFD, 0x00,
    0x2F, 0x80, 0x00, 0x50, 0x00, 0x3C, 0x1E, 0x01, 0xF8, 0xFD, 0x03, 0xF5, 0xFC, 0x03, 0xF1, 0xF8,
    0x02, 0xE0, 0xF0, 0x01, 0x00, 0x40, 0x01, 0xA4, 0x00, 0xFF, 0xF0, 0x2F, 0xFF, 0x83, 0xD0, 0x7C,
    0x34, 0x01, 0xD1, 0x00, 0x04, 0x00, 0x1D, 0x7C, 0xF8, 0xFE, 0xFE, 0x28, 0x1F, 0x43, 0xFC, 0x3F,
    0xC1, 0xBC, 0x03, 0xC0, 0xF4, 0xBE, 0x0E, 0x40, 0x00, 0x00, 0x05, 0x03, 0xFC, 0x7F, 0xD3, 0xFD,
    0x1A, 0x40, 0x14, 0x01, 0x4B, 0xF0, 0xFE, 0xFF, 0x5F, 0xFF, 0xF0, 0xFE, 0x18, 0x02, 0x40, 0x0A,
    0x0F, 0xE3, 0xFC, 0x7F, 0x0F, 0x4B, 0x80, 0x40, 0x05, 0x00, 0x78, 0x02, 0xF9, 0x05, 0xFC, 0x02,
    0xF2, 0xEF, 0xC7, 0xFD, 0x00, 0x00, 0x00, 0x00, 0x2E, 0x03, 0xE0, 0x2F, 0x00, 0xFD, 0x03, 0xFF,
    0xC3, 0xF8, 0x00, 0x00, 0x34, 0x01, 0x83, 0xC0, 0x3C, 0x3F, 0xAF, 0xC1, 0xFF, 0xF4, 0x07, 0xFD,
    0x00, 0x00, 0x00, 0x00, 0x00, 0xFF, 0xFF, 0xFF, 0xFF, 0xAA, 0xAA, 0x00, 0x00, 0xF8, 0x0F, 0xC2,
    0xF8, 0x3F, 0x07, 0xC0, 0xB0, 0x01, 0x00, 0x00, 0x00, 0x1C, 0x03, 0xC0, 0xF8, 0x2F, 0x47, 0xF0,
    0xBE, 0x01, 0x80, 0x00, 0x07, 0xF0, 0xBF, 0x07, 0xF4, 0x7F, 0xE1, 0xF8, 0x00, 0x02, 0xFC, 0x7F,
    0xD7, 0xFD, 0x2F, 0xC0, 0x00, 0x00, 0x00, 0x00, 0x00, 0x00, 0x00, 0x1F, 0x43, 0xFD, 0x7F, 0xE3,
    0xFD, 0x03, 0xC0, 0xB8, 0x1F, 0x03, 0xC0, 0x00, 0x00, 0x02, 0x00, 0xFC, 0x1F, 0xC3, 0xF4, 0x3D,
    0x0B, 0x40, 0x10, 0x00, 0x00, 0x06, 0x40, 0x00, 0x00, 0xFD, 0x00, 0x7F, 0x0F, 0xCF, 0xDB, 0xF6,
    0xF2, 0xFE, 0xBF, 0x7D, 0x1F, 0xE2, 0x93, 0x80, 0xA8, 0x00, 0x10, 0x00, 0x00, 0x01, 0x40, 0x1A,
    0x90, 0x00, 0x00, 0xF8, 0x0F, 0xFC, 0x00, 0x00, 0xBF, 0x03, 0xFF, 0x40, 0x00, 0x3F, 0x02, 0xFF,
    0xE0, 0x00, 0x1F, 0x00, 0xF7, 0xFC, 0x00, 0x0F, 0x00, 0x7C, 0xBF, 0x40, 0x01, 0x40, 0x2E, 0x1F,
    0xE0, 0x00, 0x00, 0x0F, 0x43, 0xFC, 0x00, 0x00, 0x07, 0xC0, 0xBF, 0x40, 0x00, 0x03, 0xE0, 0x1F,
    0xF0, 0x00, 0x00, 0xF9, 0x57, 0xFC, 0x00, 0x00, 0x7F, 0xFF, 0xFF, 0x40, 0x00, 0x3F, 0xAA, 0xBF,
    0xF0, 0x00, 0x0F, 0x40, 0x03, 0xFC, 0x00, 0x0B, 0xC0, 0x00, 0xFF, 0x80, 0x03, 0xF0, 0x00, 0x2F,
    0xF0, 0x0F, 0xFF, 0x80, 0x7F, 0xFF, 0x83, 0xFF, 0xE0, 0x1F, 0xFF, 0xE0, 0x1F, 0x83, 0xFD, 0x7F,
    0xD3, 0xFC, 0x05, 0x00, 0x01, 0x41, 0xAA, 0xAA, 0xAA, 0x00, 0xBD, 0x3F, 0xFF, 0xFF, 0xF8, 0x0F,
    0xE0, 0xBF, 0xEA, 0xBF, 0xC1, 0xF8, 0x03, 0xFD, 0x00, 0xFC, 0x3F, 0x00, 0x3F, 0xD0, 0x07, 0xC3,
    0xC0, 0x03, 0xFD, 0x00, 0x10, 0x20, 0x00, 0x3F, 0xD0, 0xB0, 0x00, 0x00, 0x03, 0xFD, 0x0F, 0x00,
    0x00, 0x00, 0x3F, 0xFF, 0xF0, 0x00, 0x00, 0x03, 0xFF, 0xFF, 0x00, 0x00, 0x00, 0x3F, 0xD1, 0xF0,
    0x00, 0x00, 0x03, 0xFD, 0x0B, 0x00, 0x00, 0x00, 0x3F, 0xD0, 0x00, 0x40, 0x00, 0x03, 0xFD, 0x00,
    0x3E, 0x00, 0x00, 0x3F, 0xD0, 0x03, 0xD0, 0x00, 0x03, 0xFD, 0x01, 0xFD, 0x00, 0x02, 0xFF, 0xFF,
    0xFF, 0xC0, 0x00, 0x3F, 0xFF, 0xFF, 0xFC, 0x01, 0x41, 0xAA, 0xA8, 0x0A, 0xAA, 0x90, 0xBD, 0x3F,
    0xFF, 0xC0, 0xFF, 0xFF, 0x0F, 0xE0, 0xBF, 0xE4, 0x06, 0xFF, 0x91, 0xF8, 0x03, 0xFD, 0x00, 0x0F,
    0xF0, 0x3F, 0x00, 0x3F, 0xD0, 0x00, 0xFF, 0x03, 0xC0, 0x03, 0xFD, 0x00, 0x0F, 0xF0, 0x20, 0x00,
    0x3F, 0xD0, 0x00, 0xFF, 0x00, 0x00, 0x03, 0xFD, 0x00, 0x1F, 0xF0, 0x00, 0x00, 0x3F, 0xFF, 0xFF,
    0xFF, 0x00, 0x00, 0x03, 0xFF, 0xFF, 0xFF, 0xF0, 0x00, 0x00, 0x3F, 0xD5, 0x55, 0xFF, 0x00, 0x00,
    0x03, 0xFD, 0x00, 0x0F, 0xF0, 0x00, 0x00, 0x3F, 0xD0, 0x00, 0xFF, 0x00, 0x00, 0x03, 0xFD, 0x00,
    0x0F, 0xF0, 0x00, 0x00, 0x3F, 0xD0, 0x00, 0xFF, 0x00, 0x00, 0x03, 0xFD, 0x00, 0x1F, 0xF0, 0x00,
    0x02, 0xFF, 0xFC, 0x0F, 0xFF, 0xE0, 0x00, 0x3F, 0xFF, 0xC0, 0xFF, 0xFF, 0x01, 0x41, 0xAA, 0xA8,
    0x0B, 0xD3, 0xFF, 0xFC, 0x0F, 0xE0, 0xBF, 0xF4, 0x1F, 0x80, 0x3F, 0xD0, 0x3F, 0x00, 0x3F, 0xD0,
    0x3C, 0x00, 0x3F, 0xD0, 0x20, 0x00, 0x3F, 0xD0, 0x00, 0x00, 0x3F, 0xD0, 0x00, 0x00, 0x3F, 0xD0,
    0x00, 0x00, 0x3F, 0xD0, 0x00, 0x00, 0x3F, 0xD0, 0x00, 0x00, 0x3F, 0xD0, 0x00, 0x00, 0x3F, 0xD0,
    0x00, 0x00, 0x3F, 0xD0, 0x00, 0x00, 0x3F, 0xD0, 0x00, 0x00, 0x3F, 0xD0, 0x00, 0x02, 0xFF, 0xFC,
    0x00, 0x03, 0xFF, 0xFC, 0x01, 0x40, 0x01, 0xBF, 0xE4, 0x00, 0x0B, 0xD0, 0x1F, 0xFF, 0xFF, 0x00,
    0x0F, 0xD0, 0x7F, 0xEA, 0xFF, 0xC0, 0x1F, 0x80, 0xFF, 0x00, 0x3F, 0xF0, 0x3E, 0x03, 0xFD, 0x00,
    0x0F, 0xF4, 0x3C, 0x07, 0xFC, 0x00, 0x0B, 0xFC, 0x20, 0x0B, 0xF8, 0x00, 0x07, 0xFC, 0x00, 0x0F,
    0xF8, 0x00, 0x03, 0xFD, 0x00, 0x0F, 0xF4, 0x00, 0x03, 0xFD, 0x00, 0x0F, 0xF4, 0x00, 0x03, 0xFD,
    0x00, 0x0F, 0xF8, 0x00, 0x03, 0xFC, 0x00, 0x0F, 0xF8, 0x00, 0x03, 0xFC, 0x00, 0x0B, 0xFC, 0x00,
    0x07, 0xFC, 0x00, 0x03, 0xFD, 0x00, 0x0B, 0xF4, 0x00, 0x02, 0xFF, 0x00, 0x0F, 0xF0, 0x00, 0x00,
    0xFF, 0xD0, 0x7F, 0xC0, 0x00, 0x00, 0x3F, 0xFF, 0xFF, 0x00, 0x00, 0x00, 0x0B, 0xFF, 0xF8, 0x00,
    0x00, 0x00, 0x00, 0x15, 0x00, 0x00, 0x05, 0x06, 0xAA, 0xA4, 0x1A, 0xAA, 0x03, 0xF3, 0xFF, 0xFE,
    0x0B, 0xFF, 0xD2, 0xFC, 0x6F, 0xFD, 0x00, 0x7F, 0xD0, 0xFC, 0x01, 0xFF, 0x00, 0x0F, 0xC0, 0x7C,
    0x00, 0x3F, 0xE0, 0x07, 0xD0, 0x3D, 0x00, 0x03, 0xFC, 0x03, 0xF0, 0x05, 0x00, 0x00, 0xBF, 0x81,
    0xF0, 0x00, 0x00, 0x00, 0x0F, 0xF4, 0xF8, 0x00, 0x00, 0x00, 0x01, 0xFF, 0xBC, 0x00, 0x00, 0x00,
    0x00, 0x3F, 0xFD, 0x00, 0x00, 0x00, 0x00, 0x03, 0xFF, 0x00, 0x00, 0x00, 0x00, 0x00, 0xFF, 0x40,
    0x00, 0x00, 0x00, 0x00, 0x3F, 0xD0, 0x00, 0x00, 0x00, 0x00, 0x0F, 0xF4, 0x00, 0x00, 0x00, 0x00,
    0x03, 0xFD, 0x00, 0x00, 0x00, 0x00, 0x00, 0xFF, 0x40, 0x00, 0x00, 0x00, 0x03, 0xFF, 0xFE, 0x00,
    0x00, 0x00, 0x00, 0xFF, 0xFF, 0x80, 0x00, 0x02, 0x00, 0x01, 0xBF, 0x90, 0x00, 0x0F, 0xC0, 0x2F,
    0xFF, 0xFE, 0x00, 0x1F, 0xC0, 0xFF, 0xEA, 0xFF, 0x80, 0x3F, 0x43, 0xFE, 0x00, 0x3F, 0xE0, 0x3D,
    0x0B, 0xF8, 0x00, 0x1F, 0xF0, 0xB4, 0x0F, 0xF4, 0x00, 0x0F, 0xF4, 0x10, 0x0F, 0xF0, 0x00, 0x0B,
    0xF8, 0x00, 0x0F, 0xF0, 0x00, 0x0B, 0xF8, 0x00, 0x0F, 0xF0, 0x00, 0x0B, 0xF8, 0x00, 0x0F, 0xF0,
    0x00, 0x0F, 0xF4, 0x00, 0x0B, 0xF8, 0x00, 0x0F, 0xF0, 0x00, 0x03, 0xFC, 0x00, 0x2F, 0xD0, 0x00,
    0x15, 0xFF, 0x00, 0xBF, 0x84, 0x00, 0x3C, 0x3F, 0xD3, 0xFD, 0x1D, 0x00, 0x3D, 0x03, 0xD3, 0xE0,
    0x3C, 0x00, 0x2F, 0x97, 0xD3, 0xE5, 0xFC, 0x00, 0x2F, 0xFF, 0xD3, 0xFF, 0xFC, 0x00, 0x1F, 0xFF,
    0xD3, 0xFF, 0xFC, 0x00, 0x06, 0x40, 0x00, 0x00, 0xFC, 0x00, 0x7F, 0x1F, 0xDF, 0xCF, 0xF7, 0xF2,
    0xFD, 0xFF, 0x3C, 0x2F, 0xD2, 0x97, 0x40, 0xA4, 0x00, 0x10, 0x00, 0x00, 0x00, 0x00, 0x00, 0x01,
    0xFE, 0x00, 0x00, 0x1F, 0xE0, 0x00, 0x01, 0xFD, 0x00, 0x00, 0x1F, 0xD0, 0x00, 0x01, 0xFD, 0x00,
    0x00, 0x1F, 0xD0, 0x00, 0x01, 0xFC, 0x00, 0x00, 0x1F, 0xC0, 0x00, 0x01, 0xFC, 0x00, 0x00, 0x1F,
    0xD0, 0x00, 0x01, 0xFF, 0x54, 0x00, 0x0F, 0xFF, 0xC0, 0x00, 0x7F, 0xF4, 0x00, 0x00, 0x50, 0x00,
    0x00, 0x01, 0xA9, 0x00, 0x00, 0x00, 0x0F, 0xFC, 0x00, 0x00, 0x00, 0x3F, 0xF4, 0x00, 0x00, 0x02,
    0xFF, 0xE0, 0x00, 0x00, 0x0F, 0x7F, 0xC0, 0x00, 0x00, 0x7C, 0xBF, 0x40, 0x00, 0x02, 0xE1, 0xFE,
    0x00, 0x00, 0x0F, 0x43, 0xFC, 0x00, 0x00, 0x7C, 0x0B, 0xF4, 0x00, 0x03, 0xE0, 0x1F, 0xF0, 0x00,
    0x0F, 0x95, 0x7F, 0xC0, 0x00, 0x7F, 0xFF, 0xFF, 0x40, 0x03, 0xFA, 0xAB, 0xFF, 0x00, 0x0F, 0x40,
    0x03, 0xFC, 0x00, 0xBC, 0x00, 0x0F, 0xF8, 0x03, 0xF0, 0x00, 0x2F, 0xF0, 0xFF, 0xF8, 0x07, 0xFF,
    0xFB, 0xFF, 0xE0, 0x1F, 0xFF, 0xE0, 0x6A, 0xAA, 0x94, 0x00, 0xFF, 0xFF, 0xFF, 0x80, 0x2F, 0xFA,
    0xBF, 0xF0, 0x0F, 0xF4, 0x0F, 0xF4, 0x0F, 0xF4, 0x0F, 0xF4, 0x0F, 0xF4, 0x0F, 0xF4, 0x0F, 0xF4,
    0x0F, 0xF0, 0x0F, 0xF4, 0x3F, 0xC0, 0x0F, 0xFF, 0xFE, 0x00, 0x0F, 0xFF, 0xFF, 0xD0, 0x0F, 0xF4,
    0x0F, 0xF8, 0x0F, 0xF4, 0x03, 0xFC, 0x0F, 0xF4, 0x03, 0xFD, 0x0F, 0xF4, 0x03, 0xFD, 0x0F, 0xF4,
    0x07, 0xFC, 0x0F, 0xF4, 0x1F, 0xF8, 0xBF, 0xFF, 0xFF, 0xE0, 0xFF, 0xFF, 0xFE, 0x40, 0x6A, 0xAA,
    0xAA, 0x8F, 0xFF, 0xFF, 0xFD, 0x2F, 0xFA, 0xAF, 0xD0, 0xFF, 0x40, 0x3E, 0x0F, 0xF4, 0x02, 0xF0,
    0xFF, 0x40, 0x0A, 0x0F, 0xF4, 0x00, 0x00, 0xFF, 0x40, 0x00, 0x0F, 0xF4, 0x00, 0x00, 0xFF, 0x40,
    0x00, 0x0F, 0xF4, 0x00, 0x00, 0xFF, 0x40, 0x00, 0x0F, 0xF4, 0x00, 0x00, 0xFF, 0x40, 0x00, 0x0F,
    0xF4, 0x00, 0x00, 0xFF, 0x40, 0x00, 0xBF, 0xFF, 0xC0, 0x0F, 0xFF, 0xFC, 0x00, 0x00, 0x06, 0xA4,
    0x00, 0x00, 0x03, 0xFF, 0x00, 0x00, 0x01, 0xFF, 0xC0, 0x00, 0x00, 0xBF, 0xF8, 0x00, 0x00, 0x3D,
    0xFF, 0x00, 0x00, 0x1F, 0x2F, 0xD0, 0x00, 0x0F, 0x87, 0xF8, 0x00, 0x03, 0xC0, 0xFF, 0x00, 0x02,
    0xF0, 0x2F, 0xD0, 0x00, 0xF4, 0x07, 0xFC, 0x00, 0x7C, 0x00, 0xFF, 0x00, 0x2F, 0x00, 0x2F, 0xE0,
    0x0F, 0x40, 0x07, 0xFC, 0x0B, 0xC0, 0x00, 0xFF, 0x43, 0xE0, 0x00, 0x2F, 0xE1, 0xFE, 0xAA, 0xAF,
    0xFC, 0xBF, 0xFF, 0xFF, 0xFF, 0x5F, 0xFF, 0xFF, 0xFF, 0xC0, 0x6A, 0xAA, 0xAA, 0x83, 0xFF, 0xFF,
    0xFF, 0x82, 0xFF, 0xAA, 0xFF, 0x03, 0xFD, 0x00, 0xFC, 0x0F, 0xF4, 0x01, 0xF0, 0x3F, 0xD0, 0x01,
    0x00, 0xFF, 0x42, 0xC0, 0x03, 0xFD, 0x0F, 0x00, 0x0F, 0xFF, 0xFC, 0x00, 0x3F, 0xFF, 0xF0, 0x00,
    0xFF, 0x47, 0xC0, 0x03, 0xFD, 0x0B, 0x00, 0x0F, 0xF4, 0x00, 0x10, 0x3F, 0xD0, 0x03, 0xE0, 0xFF,
    0x40, 0x0F, 0x43, 0xFD, 0x01, 0xFD, 0xBF, 0xFF, 0xFF, 0xF3, 0xFF, 0xFF, 0xFF, 0xC0, 0x2A, 0xAA,
    0xAA, 0xA4, 0x7F, 0xFF, 0xFF, 0xFC, 0x7F, 0xEA, 0xAF, 0xF8, 0xBF, 0x00, 0x2F, 0xF0, 0xBD, 0x00,
    0x7F, 0xD0, 0xBC, 0x00, 0xFF, 0x80, 0x50, 0x03, 0xFF, 0x00, 0x00, 0x0B, 0xFC, 0x00, 0x00, 0x1F,
    0xF4, 0x00, 0x00, 0x3F, 0xE0, 0x00, 0x00, 0xFF, 0xC0, 0x00, 0x02, 0xFF, 0x00, 0x00, 0x07, 0xFD,
    0x00, 0x7C, 0x0F, 0xFC, 0x00, 0xFC, 0x2F, 0xF0, 0x01, 0xFC, 0x7F, 0xD0, 0x07, 0xF8, 0xFF, 0xFF,
    0xFF, 0xF8, 0xFF, 0xFF, 0xFF, 0xF8, 0x6A, 0xAA, 0x02, 0xAA, 0xA7, 0xFF, 0xFC, 0x0F, 0xFF, 0xF2,
    0xFF, 0x90, 0x1B, 0xFE, 0x43, 0xFD, 0x00, 0x0F, 0xF0, 0x0F, 0xF4, 0x00, 0x3F, 0xC0, 0x3F, 0xD0,
    0x00, 0xFF, 0x00, 0xFF, 0x40, 0x03, 0xFC, 0x03, 0xFD, 0x00, 0x1F, 0xF0, 0x0F, 0xFF, 0xFF, 0xFF,
    0xC0, 0x3F, 0xFF, 0xFF, 0xFF, 0x00, 0xFF, 0x55, 0x57, 0xFC, 0x03, 0xFD, 0x00, 0x0F, 0xF0, 0x0F,
    0xF4, 0x00, 0x3F, 0xC0, 0x3F, 0xD0, 0x00, 0xFF, 0x00, 0xFF, 0x40, 0x03, 0xFC, 0x03, 0xFD, 0x00,
    0x1F, 0xF0, 0xBF, 0xFF, 0x03, 0xFF, 0xFB, 0xFF, 0xFC, 0x0F, 0xFF, 0xF0, 0x00, 0x0A, 0xFE, 0x40,
    0x00, 0x02, 0xFF, 0xFF, 0xD0, 0x00, 0x3F, 0xFA, 0xFF, 0xE0, 0x03, 0xFD, 0x00, 0x7F, 0xE0, 0x2F,
    0xD0, 0x00, 0x7F, 0xC0, 0xFF, 0x00, 0x00, 0xFF, 0x87, 0xF8, 0x00, 0x02, 0xFF, 0x2F, 0xE3, 0x00,
    0xD7, 0xFC, 0xBF, 0x4F, 0x5B, 0x5F, 0xF3, 0xFD, 0x3F, 0xFD, 0x7F, 0xCB, 0xF8, 0xE0, 0x75, 0xFF,
    0x2F, 0xE3, 0x00, 0x87, 0xF8, 0x7F, 0xC0, 0x00, 0x2F, 0xD0, 0xFF, 0x40, 0x00, 0xFF, 0x02, 0xFF,
    0x00, 0x0B, 0xF4, 0x03, 0xFF, 0x41, 0xBF, 0x80, 0x02, 0xFF, 0xFF, 0xF8, 0x00, 0x01, 0xFF, 0xFE,
    0x40, 0x00, 0x00, 0x15, 0x00, 0x00, 0x00, 0x6A, 0xAA, 0x3F, 0xFF, 0xC2, 0xFF, 0xD0, 0x3F, 0xD0,
    0x0F, 0xF4, 0x03, 0xFD, 0x00, 0xFF, 0x40, 0x3F, 0xD0, 0x0F, 0xF4, 0x03, 0xFD, 0x00, 0xFF, 0x40,
    0x3F, 0xD0, 0x0F, 0xF4, 0x03, 0xFD, 0x00, 0xFF, 0x40, 0x3F, 0xD0, 0xBF, 0xFF, 0x3F, 0xFF, 0xC0,
    0x6A, 0xAA, 0x02, 0xAA, 0x83, 0xFF, 0xFC, 0x2F, 0xFF, 0x01, 0xFF, 0xD0, 0x1F, 0xE4, 0x03, 0xFD,
    0x00, 0x7E, 0x00, 0x0F, 0xF4, 0x07, 0xE0, 0x00, 0x3F, 0xD0, 0x7E, 0x00, 0x00, 0xFF, 0x47, 0xE0,
    0x00, 0x03, 0xFD, 0x7E, 0x00, 0x00, 0x0F, 0xFB, 0xFC, 0x00, 0x00, 0x3F, 0xFF, 0xF8, 0x00, 0x00,
    0xFF, 0xFF, 0xF4, 0x00, 0x03, 0xFE, 0x3F, 0xF0, 0x00, 0x0F, 0xF4, 0x3F, 0xE0, 0x00, 0x3F, 0xD0,
    0xBF, 0xC0, 0x00, 0xFF, 0x40, 0xFF, 0xC0, 0x03, 0xFD, 0x01, 0xFF, 0x80, 0xBF, 0xFF, 0x02, 0xFF,
    0xF7, 0xFF, 0xFC, 0x02, 0xFF, 0xC0, 0x00, 0x00, 0x00, 0x50, 0x00, 0x00, 0x01, 0xA8, 0x00, 0x00,
    0x00, 0x0F, 0xF8, 0x00, 0x00, 0x00, 0x7F, 0xF0, 0x00, 0x00, 0x03, 0xFF, 0xD0, 0x00, 0x00, 0x0F,
    0x7F, 0x80, 0x00, 0x00, 0x7C, 0xFF, 0x00, 0x00, 0x03, 0xE2, 0xFD, 0x00, 0x00, 0x0F, 0x07, 0xF8,
    0x00, 0x00, 0x7C, 0x0F, 0xF0, 0x00, 0x03, 0xE0, 0x3F, 0xD0, 0x00, 0x0F, 0x40, 0x7F, 0x80, 0x00,
    0xBC, 0x00, 0xFF, 0x00, 0x03, 0xE0, 0x03, 0xFD, 0x00, 0x0F, 0x40, 0x0B, 0xF8, 0x00, 0xBC, 0x00,
    0x1F, 0xF0, 0x03, 0xF0, 0x00, 0x3F, 0xE0, 0xFF, 0xF8, 0x0F, 0xFF, 0xF3, 0xFF, 0xE0, 0x3F, 0xFF,
    0xC0, 0x2A, 0xA9, 0x00, 0x01, 0xAA, 0x91, 0xFF, 0xFC, 0x00, 0x0F, 0xFF, 0xC1, 0xFF, 0xF0, 0x00,
    0x7F, 0xF9, 0x01, 0xFF, 0xE0, 0x02, 0xFF, 0xC0, 0x07, 0xFF, 0xC0, 0x0F, 0xFF, 0x00, 0x2F, 0xBF,
    0x40, 0xBB, 0xFC, 0x00, 0xBC, 0xFF, 0x03, 0xDF, 0xF0, 0x02, 0xF3, 0xFC, 0x1F, 0x3F, 0xD0, 0x0B,
    0xC7, 0xF8, 0xB8, 0xBF, 0x40, 0x3F, 0x0F, 0xF3, 0xC2, 0xFD, 0x00, 0xF8, 0x2F, 0xFE, 0x0B, 0xF4,
    0x03, 0xE0, 0x3F, 0xF4, 0x2F, 0xE0, 0x0F, 0x80, 0xFF, 0xC0, 0x7F, 0x80, 0x3E, 0x01, 0xFD, 0x01,
    0xFE, 0x00, 0xF4, 0x03, 0xF0, 0x07, 0xFC, 0x03, 0xE0, 0x00, 0x00, 0x1F, 0xF0, 0xFF, 0xF4, 0x00,
    0x03, 0xFF, 0xFB, 0xFF, 0xD0, 0x00, 0x1F, 0xFF, 0xE0, 0x6A, 0xA4, 0x00, 0x6A, 0xA7, 0xFF, 0xF0,
    0x02, 0xFF, 0xF2, 0xFF, 0xF0, 0x02, 0xFE, 0x03, 0xFF, 0xD0, 0x03, 0xF0, 0x0F, 0xFF, 0xC0, 0x0F,
    0xC0, 0x3F, 0xFF, 0x80, 0x3F, 0x00, 0xFD, 0xFF, 0x00, 0xFC, 0x03, 0xF3, 0xFF, 0x03, 0xF0, 0x0F,
    0xC7, 0xFD, 0x0F, 0xC0, 0x3F, 0x0B, 0xFC, 0x3F, 0x00, 0xFC, 0x0F, 0xF8, 0xFC, 0x03, 0xF0, 0x1F,
    0xF3, 0xF0, 0x0F, 0xC0, 0x3F, 0xFF, 0xC0, 0x3F, 0x00, 0x3F, 0xFF, 0x00, 0xFC, 0x00, 0xBF, 0xFC,
    0x03, 0xF0, 0x00, 0xFF, 0xF0, 0xBF, 0xF8, 0x01, 0xFF, 0xC3, 0xFF, 0xE0, 0x02, 0xFF, 0x00, 0x0A,
    0xAA, 0xAA, 0xA8, 0x03, 0xFF, 0xFF, 0xFF, 0x01, 0xFF, 0xFF, 0xFF, 0xD0, 0x7E, 0x00, 0x02, 0xF8,
    0x2F, 0x00, 0x00, 0x2F, 0x01, 0x00, 0x00, 0x01, 0x00, 0x00, 0x00, 0x04, 0x00, 0x03, 0xC0, 0x0F,
    0x00, 0x00, 0xFF, 0xFF, 0xC0, 0x00, 0x3F, 0xFF, 0xF0, 0x00, 0x0F, 0xAA, 0xBC, 0x00, 0x03, 0x80,
    0x0B, 0x00, 0x14, 0x00, 0x00, 0x05, 0x0F, 0x40, 0x00, 0x07, 0xC3, 0xF0, 0x00, 0x02, 0xF0, 0xFF,
    0xAA, 0xAB, 0xFC, 0x2F, 0xFF, 0xFF, 0xFF, 0x0B, 0xFF, 0xFF, 0xFF, 0x80, 0x00, 0x1B, 0xFE, 0x40,
    0x00, 0x1F, 0xFF, 0xFF, 0x00, 0x07, 0xFE, 0xAF, 0xFC, 0x00, 0xFF, 0x00, 0x3F, 0xF0, 0x3F, 0xD0,
    0x00, 0xFF, 0x47, 0xFC, 0x00, 0x0B, 0xFC, 0xBF, 0x80, 0x00, 0x7F, 0xCF, 0xF8, 0x00, 0x03, 0xFD,
    0xFF, 0x40, 0x00, 0x3F, 0xDF, 0xF4, 0x00, 0x03, 0xFD, 0xFF, 0x80, 0x00, 0x3F, 0xCF, 0xF8, 0x00,
    0x03, 0xFC, 0xBF, 0xC0, 0x00, 0x7F, 0xC3, 0xFD, 0x00, 0x0B, 0xF4, 0x2F, 0xF0, 0x00, 0xFF, 0x00,
    0xFF, 0xD0, 0x7F, 0xC0, 0x03, 0xFF, 0xFF, 0xF0, 0x00, 0x0B, 0xFF, 0xF8, 0x00, 0x00, 0x01, 0x50,
    0x00, 0x00, 0x6A, 0xAA, 0xAA, 0xAA, 0xA7, 0xFF, 0xFF, 0xFF, 0xFF, 0xE2, 0xFF, 0xFF, 0xFF, 0xFD,
    0x03, 0xFD, 0x00, 0x1F, 0xE0, 0x0F, 0xF4, 0x00, 0x7F, 0x80, 0x3F, 0xD0, 0x01, 0xFE, 0x00, 0xFF,
    0x40, 0x07, 0xF8, 0x03, 0xFD, 0x00, 0x1F, 0xE0, 0x0F, 0xF4, 0x00, 0x7F, 0x80, 0x3F, 0xD0, 0x01,
    0xFE, 0x00, 0xFF, 0x40, 0x07, 0xF8, 0x03, 0xFD, 0x00, 0x1F, 0xE0, 0x0F, 0xF4, 0x00, 0x7F, 0x80,
    0x3F, 0xD0, 0x01, 0xFE, 0x00, 0xFF, 0x40, 0x07, 0xF8, 0x03, 0xFD, 0x00, 0x2F, 0xF0, 0xBF, 0xFF,
    0x03, 0xFF, 0xF7, 0xFF, 0xFC, 0x1F, 0xFF, 0xE0, 0x6A, 0xAA, 0x94, 0x03, 0xFF, 0xFF, 0xFE, 0x02,
    0xFF, 0xAB, 0xFF, 0x03, 0xFD, 0x03, 0xFD, 0x0F, 0xF4, 0x0B, 0xF8, 0x3F, 0xD0, 0x2F, 0xF0, 0xFF,
    0x40, 0xBF, 0x83, 0xFD, 0x03, 0xFE, 0x0F, 0xF4, 0x1F, 0xF0, 0x3F, 0xFF, 0xFF, 0x40, 0xFF, 0xFF,
    0xF0, 0x03, 0xFE, 0x54, 0x00, 0x0F, 0xF4, 0x00, 0x00, 0x3F, 0xD0, 0x00, 0x00, 0xFF, 0x40, 0x00,
    0x03, 0xFD, 0x00, 0x00, 0xBF, 0xFF, 0xC0, 0x03, 0xFF, 0xFF, 0x00, 0x00, 0x6A, 0xAA, 0xAA, 0xA0,
    0xBF, 0xFF, 0xFF, 0xF0, 0x7F, 0xFA, 0xAB, 0xF4, 0x3F, 0xF0, 0x01, 0xF4, 0x1F, 0xFC, 0x00, 0xF8,
    0x0B, 0xFD, 0x00, 0x64, 0x03, 0xFF, 0x00, 0x00, 0x01, 0xFF, 0x80, 0x00, 0x00, 0xBF, 0xD0, 0x00,
    0x00, 0x3F, 0xC0, 0x00, 0x00, 0x7F, 0x40, 0x00, 0x01, 0xFE, 0x00, 0x14, 0x03, 0xFC, 0x00, 0x7C,
    0x0F, 0xF0, 0x00, 0xBC, 0x2F, 0xD0, 0x00, 0xFC, 0x7F, 0xEA, 0xAB, 0xFC, 0xFF, 0xFF, 0xFF, 0xF8,
    0xFF, 0xFF, 0xFF, 0xF8, 0x1A, 0xAA, 0xAA, 0xAA, 0x80, 0xBF, 0xFF, 0xFF, 0xFF, 0x43, 0xFE, 0xBF,
    0xEA, 0xFE, 0x0F, 0xC0, 0xFF, 0x41, 0xF8, 0x3D, 0x03, 0xFD, 0x03, 0xF1, 0xF0, 0x0F, 0xF4, 0x07,
    0xC0, 0x00, 0x3F, 0xD0, 0x00, 0x00, 0x00, 0xFF, 0x40, 0x00, 0x00, 0x03, 0xFD, 0x00, 0x00, 0x00,
    0x0F, 0xF4, 0x00, 0x00, 0x00, 0x3F, 0xD0, 0x00, 0x00, 0x00, 0xFF, 0x40, 0x00, 0x00, 0x03, 0xFD,
    0x00, 0x00, 0x00, 0x0F, 0xF4, 0x00, 0x00, 0x00, 0x3F, 0xD0, 0x00, 0x00, 0x00, 0xFF, 0x80, 0x00,
    0x00, 0x7F, 0xFF, 0xF0, 0x00, 0x01, 0xFF, 0xFF, 0xC0, 0x00, 0x6A, 0xAA, 0x41, 0xAA, 0xA3, 0xFF,
    0xFE, 0x0B, 0xFF, 0xD6, 0xFF, 0xD0, 0x07, 0xFD, 0x01, 0xFF, 0x00, 0x0F, 0xC0, 0x03, 0xFE, 0x00,
    0x7D, 0x00, 0x03, 0xFC, 0x03, 0xF0, 0x00, 0x0B, 0xF8, 0x1F, 0x00, 0x00, 0x0F, 0xF4, 0xF8, 0x00,
    0x00, 0x1F, 0xFB, 0xC0, 0x00, 0x00, 0x3F, 0xFD, 0x00, 0x00, 0x00, 0x3F, 0xF0, 0x00, 0x00, 0x00,
    0xFF, 0x40, 0x00, 0x00, 0x03, 0xFD, 0x00, 0x00, 0x00, 0x0F, 0xF4, 0x00, 0x00, 0x00, 0x3F, 0xD0,
    0x00, 0x00, 0x00, 0xFF, 0x40, 0x00, 0x00, 0x3F, 0xFF, 0xE0, 0x00, 0x00, 0xFF, 0xFF, 0x80, 0x00,
    0x00, 0x01, 0x55, 0x50, 0x00, 0x00, 0x01, 0xFF, 0xFC, 0x00, 0x00, 0x00, 0x1F, 0xFD, 0x00, 0x00,
    0x00, 0x07, 0xFE, 0x40, 0x00, 0x01, 0xBF, 0xFF, 0xFF, 0x80, 0x02, 0xFF, 0xFF, 0xFF, 0xFD, 0x02,
    0xFE, 0x0B, 0xF4, 0x7F, 0xD1, 0xFF, 0x02, 0xFD, 0x07, 0xFC, 0xBF, 0x40, 0xBF, 0x40, 0xFF, 0x7F,
    0xC0, 0x2F, 0xD0, 0x2F, 0xEF, 0xF0, 0x0B, 0xF4, 0x0B, 0xFB, 0xFD, 0x02, 0xFD, 0x02, 0xFD, 0xBF,
    0x80, 0xBF, 0x40, 0xFF, 0x0F, 0xF8, 0x2F, 0xD0, 0xBF, 0x81, 0xFF, 0xEF, 0xF9, 0xFF, 0xC0, 0x0B,
    0xFF, 0xFF, 0xFF, 0x40, 0x00, 0x1A, 0xFF, 0xE9, 0x00, 0x00, 0x00, 0x2F, 0xD0, 0x00, 0x00, 0x00,
    0x3F, 0xFF, 0x00, 0x00, 0x00, 0x0F, 0xFF, 0x80, 0x00, 0x2A, 0xAA, 0x40, 0xAA, 0xA2, 0xFF, 0xFE,
    0x07, 0xFF, 0xC6, 0xFF, 0xE0, 0x0B, 0xF9, 0x00, 0xFF, 0x80, 0x1F, 0x40, 0x01, 0xFF, 0x40, 0xF8,
    0x00, 0x02, 0xFF, 0x0F, 0xC0, 0x00, 0x03, 0xFE, 0xBC, 0x00, 0x00, 0x03, 0xFF, 0xD0, 0x00, 0x00,
    0x07, 0xFE, 0x00, 0x00, 0x00, 0x0B, 0xFC, 0x00, 0x00, 0x00, 0x3F, 0xFC, 0x00, 0x00, 0x03, 0xFF,
    0xF8, 0x00, 0x00, 0x3F, 0x1F, 0xF4, 0x00, 0x02, 0xF0, 0x2F, 0xF0, 0x00, 0x2F, 0x40, 0x3F, 0xF0,
    0x02, 0xFC, 0x00, 0x3F, 0xE0, 0xBF, 0xFD, 0x0B, 0xFF, 0xFA, 0xFF, 0xF4, 0x2F, 0xFF, 0xE0, 0x2A,
    0xA0, 0x6A, 0xA9, 0x0A, 0xA8, 0x3F, 0xF4, 0xBF, 0xFF, 0x0F, 0xFD, 0x1B, 0xF4, 0x1F, 0xF9, 0x0F,
    0xF4, 0x07, 0xF4, 0x0B, 0xF0, 0x0F, 0xE0, 0x07, 0xF4, 0x0B, 0xF0, 0x0F, 0xE0, 0x07, 0xF4, 0x0B,
    0xF0, 0x0F, 0xE0, 0x07, 0xF4, 0x0B, 0xF0, 0x0F, 0xE0, 0x03, 0xF4, 0x0B, 0xF0, 0x0F, 0xE0, 0x03,
    0xF8, 0x0B, 0xF0, 0x1F, 0xD0, 0x02, 0xFC, 0x0B, 0xF0, 0x3F, 0xC0, 0x00, 0xFF, 0x8F, 0xF5, 0xFF,
    0x40, 0x00, 0x7F, 0xFF, 0xFF, 0xFE, 0x00, 0x00, 0x0B, 0xFF, 0xFF, 0xE0, 0x00, 0x00, 0x00, 0x0F,
    0xF4, 0x00, 0x00, 0x00, 0x00, 0x0B, 0xF0, 0x00, 0x00, 0x00, 0x00, 0x0F, 0xF0, 0x00, 0x00, 0x00,
    0x00, 0x7F, 0xFF, 0x00, 0x00, 0x00, 0x00, 0xBF, 0xFF, 0x00, 0x00, 0x00, 0x06, 0xFE, 0x40, 0x00,
    0x02, 0xFF, 0xFF, 0xE0, 0x00, 0x3F, 0xFA, 0xBF, 0xE0, 0x03, 0xFE, 0x00, 0x3F, 0xE0, 0x2F, 0xE0,
    0x00, 0x7F, 0xC0, 0xFF, 0x40, 0x00, 0xFF, 0x43, 0xFC, 0x00, 0x02, 0xFE, 0x0F, 0xF0, 0x00, 0x0B,
    0xF8, 0x3F, 0xC0, 0x00, 0x2F, 0xE0, 0xFF, 0x00, 0x00, 0xFF, 0x42, 0xFE, 0x00, 0x03, 0xFC, 0x03,
    0xFC, 0x00, 0x2F, 0xD0, 0x57, 0xFC, 0x02, 0xFE, 0x13, 0xC3, 0xFD, 0x3F, 0xD1, 0xDF, 0x40, 0xF4,
    0xF8, 0x0F, 0x2F, 0x97, 0xD3, 0xE5, 0xFC, 0xBF, 0xFF, 0x4F, 0xFF, 0xF1, 0xFF, 0xFD, 0x3F, 0xFF,
    0xC0, 0x00, 0x00, 0x01, 0xFC, 0x2F, 0x8F, 0xF4, 0xFF, 0x2F, 0xD3, 0xFC, 0x2D, 0x02, 0x90, 0x00,
    0x00, 0x00, 0x00, 0x00, 0x06, 0xAA, 0xA0, 0x3F, 0xFF, 0xC0, 0x2F, 0xFD, 0x00, 0x3F, 0xD0, 0x00,
    0xFF, 0x40, 0x03, 0xFD, 0x00, 0x0F, 0xF4, 0x00, 0x3F, 0xD0, 0x00, 0xFF, 0x40, 0x03, 0xFD, 0x00,
    0x0F, 0xF4, 0x00, 0x3F, 0xD0, 0x00, 0xFF, 0x40, 0x03, 0xFD, 0x00, 0x0F, 0xF4, 0x00, 0x3F, 0xD0,
    0x0B, 0xFF, 0xF0, 0x3F, 0xFF, 0xC0, 0x00, 0x00, 0x00, 0x00, 0x00, 0x00, 0xBE, 0x0F, 0xD0, 0x00,
    0x03, 0xFC, 0x7F, 0xC0, 0x00, 0x0F, 0xF0, 0xFE, 0x00, 0x00, 0x0A, 0x41, 0xE0, 0x00, 0x00, 0x00,
    0x00, 0x00, 0x00, 0x00, 0x00, 0x00, 0x00, 0x1A, 0xAA, 0x90, 0x6A, 0xA8, 0xFF, 0xFF, 0x82, 0xFF,
    0xF5, 0xBF, 0xF4, 0x01, 0xFF, 0x40, 0x7F, 0xC0, 0x03, 0xF0, 0x00, 0xFF, 0x80, 0x1F, 0x40, 0x00,
    0xFF, 0x00, 0xFC, 0x00, 0x02, 0xFE, 0x07, 0xC0, 0x00, 0x03, 0xFD, 0x3E, 0x00, 0x00, 0x07, 0xFE,
    0xF0, 0x00, 0x00, 0x0F, 0xFF, 0x40, 0x00, 0x00, 0x0F, 0xFC, 0x00, 0x00, 0x00, 0x3F, 0xD0, 0x00,
    0x00, 0x00, 0xFF, 0x40, 0x00, 0x00, 0x03, 0xFD, 0x00, 0x00, 0x00, 0x0F, 0xF4, 0x00, 0x00, 0x00,
    0x3F, 0xD0, 0x00, 0x00, 0x0F, 0xFF, 0xF8, 0x00, 0x00, 0x3F, 0xFF, 0xE0, 0x00, 0x00, 0x00, 0x50,
    0x00, 0x00, 0x01, 0xF8, 0x00, 0x00, 0x03, 0xF8, 0x00, 0x00, 0x03, 0xF0, 0x00, 0x00, 0x0B, 0xC0,
    0x00, 0x00, 0x0F, 0x00, 0x00, 0x00, 0x04, 0x00, 0x00, 0x00, 0x00, 0x00, 0x00, 0x03, 0xFF, 0x5F,
    0xE0, 0x1F, 0xFF, 0xEF, 0xD0, 0x3F, 0xE1, 0xFF, 0xD0, 0x7F, 0xC0, 0x3F, 0xC0, 0xBF, 0x40, 0x3F,
    0xC0, 0xFF, 0x40, 0x3F, 0xC0, 0xFF, 0x40, 0x3F, 0xC0, 0xFF, 0x40, 0x3F, 0x80, 0xFF, 0x40, 0x3F,
    0x80, 0xBF, 0x80, 0x7F, 0x80, 0x3F, 0xD0, 0xFF, 0xC0, 0x2F, 0xFF, 0xEF, 0xFC, 0x0B, 0xFF, 0x0F,
    0xF8, 0x00, 0x50, 0x01, 0x40, 0x00, 0x00, 0x50, 0x00, 0x00, 0xBD, 0x00, 0x00, 0x3F, 0x40, 0x00,
    0x1F, 0x80, 0x00, 0x0F, 0x80, 0x00, 0x03, 0xC0, 0x00, 0x00, 0x80, 0x00, 0x00, 0x00, 0x00, 0x07,
    0xFF, 0xF4, 0x0F, 0xFF, 0xFF, 0x87, 0xF4, 0x03, 0xF2, 0xFC, 0x00, 0xFD, 0xBF, 0x00, 0x3F, 0x0F,
    0xEB, 0xD0, 0x00, 0xFF, 0xF4, 0x00, 0xFD, 0x28, 0x00, 0xFE, 0x00, 0x00, 0x3F, 0xC0, 0x00, 0x4F,
    0xFD, 0x56, 0xF1, 0xFF, 0xFF, 0xF8, 0x1F, 0xFF, 0xE0, 0x00, 0x15, 0x00, 0x00, 0x00, 0x00, 0x20,
    0x00, 0x00, 0x03, 0xF0, 0x00, 0x00, 0x0F, 0xD0, 0x00, 0x00, 0xBD, 0x00, 0x00, 0x03, 0xE0, 0x00,
    0x00, 0x1E, 0x00, 0x00, 0x00, 0x20, 0x00, 0x00, 0x00, 0x00, 0x00, 0x2F, 0xC0, 0xBF, 0xC1, 0xFF,
    0xCF, 0xFF, 0xC1, 0xFF, 0xFA, 0xFF, 0x41, 0xFF, 0x02, 0xFE, 0x07, 0xF8, 0x07, 0xF8, 0x1F, 0xD0,
    0x1F, 0xE0, 0x7F, 0x40, 0x7F, 0x81, 0xFD, 0x01, 0xFE, 0x07, 0xF4, 0x07, 0xF8, 0x1F, 0xD0, 0x1F,
    0xE0, 0x7F, 0x40, 0x7F, 0x81, 0xFD, 0x01, 0xFE, 0x07, 0xF4, 0x07, 0xF8, 0x00, 0x00, 0x1F, 0xE0,
    0x00, 0x00, 0x7F, 0x80, 0x00, 0x01, 0xFE, 0x00, 0x00, 0x0B, 0xF8, 0x00, 0x00, 0x2F, 0xE0, 0x00,
    0x00, 0x5A, 0x00, 0x00, 0x50, 0x01, 0xF8, 0x02, 0xF8, 0x03, 0xF0, 0x0B, 0xC0, 0x0F, 0x00, 0x04,
    0x00, 0x00, 0x00, 0x7F, 0x80, 0x7F, 0x80, 0x7F, 0x40, 0x7F, 0x40, 0x7F, 0x40, 0x7F, 0x40, 0x7F,
    0x00, 0x7F, 0x00, 0x7F, 0x00, 0x7F, 0x40, 0x7F, 0xD5, 0x3F, 0xFF, 0x1F, 0xFD, 0x01, 0x40, 0x00,
    0x00, 0x64, 0x00, 0x00, 0x00, 0xFD, 0x00, 0x07, 0xF1, 0xFC, 0xFD, 0x0B, 0xF6, 0xF2, 0xFE, 0x0B,
    0xF7, 0xD1, 0xFE, 0x02, 0x93, 0x80, 0xA8, 0x00, 0x01, 0x00, 0x00, 0x00, 0x00, 0x00, 0x00, 0x2F,
    0xD0, 0x1B, 0xD0, 0x7F, 0xF0, 0x1F, 0xF0, 0x1F, 0xF4, 0x0F, 0xF4, 0x07, 0xF4, 0x0B, 0xF8, 0x0B,
    0xF4, 0x07, 0xFC, 0x0B, 0xF0, 0x03, 0xFC, 0x0B, 0xF0, 0x03, 0xFC, 0x0B, 0xF0, 0x03, 0xFC, 0x0B,
    0xF0, 0x03, 0xFC, 0x0B, 0xF4, 0x07, 0xF4, 0x03, 0xFC, 0x0F, 0xF0, 0x02, 0xFF, 0xFF, 0xC0, 0x00,
    0x7F, 0xFE, 0x00, 0x00, 0x01, 0x40, 0x00, 0x00, 0x00, 0x00, 0x00, 0x03, 0xFF, 0x5F, 0xE0, 0x1F,
    0xFF, 0xEF, 0xD0, 0x3F, 0xE1, 0xFF, 0xD0, 0x7F, 0xC0, 0x3F, 0xC0, 0xBF, 0x40, 0x3F, 0xC0, 0xFF,
    0x40, 0x3F, 0xC0, 0xFF, 0x40, 0x3F, 0xC0, 0xFF, 0x40, 0x3F, 0x80, 0xFF, 0x40, 0x3F, 0x80, 0xBF,
    0x80, 0x7F, 0x80, 0x3F, 0xD0, 0xFF, 0xC0, 0x2F, 0xFF, 0xEF, 0xFC, 0x0B, 0xFF, 0x0F, 0xF8, 0x00,
    0x50, 0x01, 0x40, 0x00, 0x16, 0x50, 0x00, 0x0B, 0xFF, 0xF4, 0x00, 0xFF, 0x5B, 0xF8, 0x07, 0xF0,
    0x0B, 0xF0, 0x3F, 0x80, 0x0F, 0xD0, 0xFD, 0x00, 0x3F, 0x43, 0xF4, 0x00, 0xFC, 0x0F, 0xD0, 0x07,
    0xF0, 0x7F, 0x5F, 0xBF, 0x01, 0xFD, 0xBF, 0xF8, 0x07, 0xF5, 0xFA, 0xFD, 0x1F, 0xD0, 0x03, 0xFC,
    0x7F, 0x40, 0x07, 0xF9, 0xFD, 0x00, 0x1F, 0xE7, 0xF4, 0x00, 0x3F, 0xDF, 0xD0, 0x01, 0xFE, 0x7F,
    0x40, 0x0B, 0xF5, 0xFF, 0x00, 0xBF, 0xC7, 0xFF, 0xEF, 0xFC, 0x1F, 0xFF, 0xFF, 0x80, 0x3F, 0x81,
    0x50, 0x00, 0xFE, 0x00, 0x00, 0x03, 0xF8, 0x00, 0x00, 0x0F, 0xF0, 0x00, 0x00, 0x3F, 0xC0, 0x00,
    0x00, 0xA5, 0x00, 0x00, 0x00, 0x00, 0x00, 0x00, 0x00, 0xBF, 0x80, 0x2F, 0xDB, 0xFF, 0x40, 0xBF,
    0x86, 0xFF, 0x02, 0xFE, 0x02, 0xFD, 0x0B, 0xF4, 0x03, 0xF4, 0x2F, 0xC0, 0x0F, 0xE0, 0xFF, 0x00,
    0x2F, 0x83, 0xF8, 0x00, 0x7F, 0x1F, 0xC0, 0x01, 0xFC, 0xFD, 0x00, 0x03, 0xFB, 0xF0, 0x00, 0x0F,
    0xFF, 0x00, 0x00, 0x3F, 0xF0, 0x00, 0x00, 0xFE, 0x00, 0x00, 0x03, 0xF4, 0x00, 0x00, 0x0F, 0xD0,
    0x00, 0x00, 0x3F, 0x80, 0x00, 0x00, 0xFE, 0x00, 0x00, 0x01, 0xA0, 0x00, 0x00, 0x00, 0x06, 0x94,
    0x00, 0x0F, 0xFF, 0xF4, 0x03, 0xF4, 0x1F, 0xC0, 0x7E, 0x00, 0xFE, 0x0B, 0xF0, 0x0F, 0xE0, 0x7F,
    0x80, 0xBC, 0x03, 0xFF, 0x40, 0x00, 0x0F, 0xFE, 0x00, 0x00, 0x7F, 0xFC, 0x00, 0x2F, 0xEF, 0xF0,
    0x0F, 0xF0, 0x7F, 0xC2, 0xFD, 0x02, 0xFD, 0x3F, 0xC0, 0x1F, 0xE3, 0xFC, 0x00, 0xFF, 0x7F, 0x80,
    0x0F, 0xF7, 0xFC, 0x00, 0xFF, 0x3F, 0xC0, 0x1F, 0xD2, 0xFE, 0x03, 0xFC, 0x0F, 0xFA, 0xFF, 0x00,
    0x2F, 0xFF, 0x80, 0x00, 0x05, 0x00, 0x00, 0x00, 0x00, 0x00, 0x01, 0xFF, 0xFD, 0x03, 0xFF, 0xFF,
    0xE1, 0xFD, 0x00, 0xFC, 0xBF, 0x00, 0x3F, 0x6F, 0xC0, 0x0F, 0xC3, 0xFA, 0xF4, 0x00, 0x3F, 0xFD,
    0x00, 0x3F, 0x4A, 0x00, 0x3F, 0x80, 0x00, 0x0F, 0xF0, 0x00, 0x13, 0xFF, 0x55, 0xBC, 0x7F, 0xFF,
    0xFE, 0x07, 0xFF, 0xF8, 0x00, 0x05, 0x40, 0x00, 0x00, 0x00, 0x00, 0x0B, 0xD0, 0x00, 0x03, 0xF8,
    0x01, 0xC0, 0xFD, 0x02, 0xFC, 0x3F, 0xFB, 0xFF, 0x82, 0xFF, 0xFF, 0xC0, 0x02, 0xFF, 0x80, 0x02,
    0xFF, 0x40, 0x01, 0xFF, 0x00, 0x00, 0xFF, 0x00, 0x00, 0xBF, 0x00, 0x00, 0x3F, 0x40, 0x00, 0x2F,
    0xC0, 0x00, 0x0F, 0xD0, 0x00, 0x03, 0xF0, 0x00, 0x01, 0xFD, 0x00, 0x00, 0x7F, 0xC0, 0x00, 0x0F,
    0xFE, 0x40, 0x02, 0xFF, 0xFF, 0x40, 0x2F, 0xFF, 0xF8, 0x00, 0xBF, 0xFF, 0x40, 0x01, 0xBF, 0xE0,
    0x00, 0x03, 0xF4, 0x00, 0x00, 0xBC, 0x00, 0x00, 0x3E, 0x00, 0x00, 0x2F, 0x00, 0x00, 0x02, 0x00,
    0x00, 0x00, 0x00, 0x00, 0xBF, 0x02, 0xFF, 0x07, 0xFF, 0x3F, 0xFF, 0x07, 0xFF, 0xEB, 0xFD, 0x07,
    0xFC, 0x0B, 0xF8, 0x1F, 0xE0, 0x1F, 0xE0, 0x7F, 0x40, 0x7F, 0x81, 0xFD, 0x01, 0xFE, 0x07, 0xF4,
    0x07, 0xF8, 0x1F, 0xD0, 0x1F, 0xE0, 0x7F, 0x40, 0x7F, 0x81, 0xFD, 0x01, 0xFE, 0x07, 0xF4, 0x07,
    0xF8, 0x1F, 0xD0, 0x1F, 0xE0, 0x00, 0x00, 0x7F, 0x80, 0x00, 0x01, 0xFE, 0x00, 0x00, 0x07, 0xF8,
    0x00, 0x00, 0x2F, 0xE0, 0x00, 0x00, 0xBF, 0x80, 0x00, 0x01, 0x68, 0x00, 0x1A, 0x40, 0x00, 0x1F,
    0xFF, 0x80, 0x0B, 0xF5, 0xFF, 0x01, 0xFC, 0x03, 0xF4, 0x3F, 0x80, 0x2F, 0xC3, 0xF4, 0x01, 0xFD,
    0x7F, 0x00, 0x1F, 0xDB, 0xF0, 0x00, 0xFE, 0xBF, 0x00, 0x0F, 0xFF, 0xFF, 0xFF, 0xFF, 0xFF, 0xFF,
    0xFF, 0xFF, 0xFF, 0xEA, 0xFF, 0xBF, 0x00, 0x0F, 0xEB, 0xF0, 0x00, 0xFE, 0x7F, 0x40, 0x1F, 0xD3,
    0xF4, 0x01, 0xFC, 0x3F, 0xC0, 0x2F, 0x81, 0xFD, 0x07, 0xF0, 0x0B, 0xFA, 0xFD, 0x00, 0x1F, 0xFF,
    0x00, 0x00, 0x05, 0x00, 0x00, 0x7F, 0x80, 0x7F, 0x80, 0x7F, 0x40, 0x7F, 0x40, 0x7F, 0x40, 0x7F,
    0x40, 0x7F, 0x00, 0x7F, 0x00, 0x7F, 0x00, 0x7F, 0x40, 0x7F, 0xD5, 0x3F, 0xFF, 0x1F, 0xFD, 0x01,
    0x40, 0x00, 0x00, 0x00, 0x01, 0xFF, 0x00, 0x2F, 0x87, 0xFC, 0x03, 0xFF, 0x1F, 0xF0, 0x2E, 0xFC,
    0x7F, 0x82, 0xD2, 0xD1, 0xFE, 0x1E, 0x00, 0x07, 0xF8, 0xFC, 0x00, 0x1F, 0xEF, 0xF8, 0x00, 0x7F,
    0xFF, 0xF0, 0x00, 0xFF, 0x5F, 0xE0, 0x03, 0xF8, 0x3F, 0xD0, 0x0F, 0xE0, 0x7F, 0xC0, 0x3F, 0x80,
    0xBF, 0xF4, 0xFE, 0x00, 0xFF, 0xC0, 0x00, 0x00, 0x50, 0x00, 0x06, 0x90, 0x00, 0x00, 0x0F, 0xFF,
    0x80, 0x00, 0x0B, 0xD2, 0xF4, 0x00, 0x02, 0xF8, 0x3F, 0x00, 0x00, 0x7D, 0x0B, 0xD0, 0x00, 0x00,
    0x01, 0xFC, 0x00, 0x00, 0x00, 0x3F, 0x00, 0x00, 0x00, 0x1F, 0xD0, 0x00, 0x00, 0x0F, 0xFC, 0x00,
    0x00, 0x07, 0xFF, 0x00, 0x00, 0x03, 0xFF, 0xD0, 0x00, 0x01, 0xFF, 0xFC, 0x00, 0x00, 0xFF, 0x7F,
    0x00, 0x00, 0x7F, 0xCF, 0xD0, 0x00, 0x3F, 0xD2, 0xFC, 0x00, 0x1F, 0xF0, 0x7F, 0x00, 0x0F, 0xF4,
    0x0F, 0xD0, 0x07, 0xFC, 0x03, 0xFC, 0x03, 0xFE, 0x00, 0x7F, 0xF1, 0xFF, 0x00, 0x0F, 0xF8, 0x00,
    0x00, 0x00, 0x10, 0x00, 0x3F, 0xC0, 0x3F, 0xC0, 0x3F, 0xC0, 0x3F, 0xC0, 0x3F, 0xC0, 0x3F, 0xC0,
    0x3F, 0x80, 0x3F, 0xC0, 0x3F, 0x80, 0x3F, 0xC0, 0x3F, 0x80, 0x3F, 0xC0, 0x3F, 0x80, 0x3F, 0xC0,
    0x3F, 0x80, 0x3F, 0xC0, 0x3F, 0x80, 0x3F, 0xC0, 0x3F, 0x80, 0x7F, 0xC0, 0x3F, 0xC1, 0xFF, 0xC0,
    0x3F, 0xFF, 0xDF, 0xFC, 0x3F, 0xFF, 0x4B, 0xF8, 0x3F, 0x84, 0x00, 0x40, 0x3F, 0xC0, 0x00, 0x00,
    0x3F, 0xC0, 0x00, 0x00, 0x3F, 0xC0, 0x00, 0x00, 0x3F, 0xC0, 0x00, 0x00, 0x29, 0x40, 0x00, 0x00,
    0x00, 0x00, 0x00, 0x00, 0xBF, 0x80, 0x2F, 0xDB, 0xFF, 0x80, 0xBF, 0x86, 0xFF, 0x02, 0xFE, 0x02,
    0xFD, 0x0B, 0xF4, 0x03, 0xF8, 0x2F, 0xD0, 0x0F, 0xE0, 0xFF, 0x00, 0x2F, 0xC3, 0xFC, 0x00, 0x7F,
    0x1F, 0xD0, 0x01, 0xFC, 0xBF, 0x00, 0x03, 0xF7, 0xF0, 0x00, 0x0F, 0xFF, 0x40, 0x00, 0x3F, 0xF8,
    0x00, 0x00, 0xFF, 0x40, 0x00, 0x00, 0x10, 0x00, 0x00, 0x14, 0x00, 0x00, 0x1F, 0xC0, 0x00, 0x0F,
    0xF0, 0x0B, 0xC2, 0xF8, 0x7F, 0xFC, 0x3F, 0xFF, 0xFF, 0x40, 0xFF, 0xF9, 0x00, 0x7F, 0xD0, 0x00,
    0x3F, 0xC0, 0x00, 0x0F, 0xD0, 0x00, 0x03, 0xF4, 0x00, 0x00, 0x7F, 0x4F, 0xC0, 0x06, 0xFF, 0xF8,
    0x01, 0xFF, 0xFD, 0x02, 0xF8, 0x19, 0x01, 0xFC, 0x00, 0x00, 0xFE, 0x00, 0x00, 0x3F, 0xD0, 0x00,
    0x0F, 0xFF, 0x40, 0x01, 0xFF, 0xFF, 0x80, 0x2F, 0xFF, 0xFC, 0x00, 0xBF, 0xFF, 0x80, 0x00, 0x7F,
    0xF0, 0x00, 0x02, 0xFC, 0x00, 0x00, 0x7D, 0x00, 0x00, 0x2F, 0x00, 0x00, 0x0F, 0x40, 0x00, 0x01,
    0x40, 0x00, 0x00, 0x00, 0x00, 0x01, 0xFF, 0xE0, 0x00, 0x3F, 0xFF, 0xF4, 0x03, 0xFD, 0x1F, 0xF4,
    0x1F, 0xD0, 0x2F, 0xF0, 0xFF, 0x00, 0x3F, 0xC3, 0xFC, 0x00, 0xFF, 0x0F, 0xF0, 0x03, 0xFC, 0x3F,
    0xC0, 0x0F, 0xF0, 0xFF, 0x40, 0x3F, 0xC2, 0xFE, 0x01, 0xFE, 0x03, 0xFD, 0x0F, 0xF0, 0x07, 0xFF,
    0xFF, 0x40, 0x07, 0xFF, 0xF0, 0x00, 0x00, 0x54, 0x00, 0x00, 0x00, 0x00, 0x00, 0x00, 0x0B, 0xFF,
    0xFF, 0xFF, 0xDB, 0xFF, 0xFF, 0xFF, 0xF7, 0xFF, 0xFF, 0xFF, 0xFD, 0x02, 0xF4, 0x0F, 0xD0, 0x00,
    0xFD, 0x03, 0xF4, 0x00, 0x3F, 0x00, 0xFD, 0x00, 0x1F, 0xC0, 0x3F, 0x40, 0x07, 0xF0, 0x0F, 0xD0,
    0x02, 0xFC, 0x03, 0xF4, 0x00, 0xFF, 0x01, 0xFD, 0x00, 0x3F, 0x80, 0x3F, 0xD4, 0x1F, 0xE0, 0x0F,
    0xFF, 0x8B, 0xF4, 0x01, 0xFF, 0xD0, 0x00, 0x00, 0x05, 0x00, 0x00, 0x00, 0x00, 0x00, 0x1F, 0xFE,
    0x00, 0x0F, 0xFF, 0xFD, 0x02, 0xFC, 0x0F, 0xF4, 0x3F, 0x40, 0x7F, 0xCB, 0xF0, 0x03, 0xFC, 0xBF,
    0x00, 0x3F, 0xDB, 0xF0, 0x03, 0xFD, 0xFF, 0x00, 0x3F, 0xDF, 0xF0, 0x03, 0xFC, 0xFF, 0x00, 0x7F,
    0xCF, 0xF4, 0x0F, 0xF0, 0xFF, 0xFF, 0xFD, 0x0F, 0xFB, 0xFF, 0x40, 0xBF, 0x05, 0x00, 0x0B, 0xF0,
    0x00, 0x00, 0xBF, 0x00, 0x00, 0x0B, 0xF4, 0x00, 0x00, 0xBF, 0x40, 0x00, 0x06, 0x90, 0x00, 0x00,
    0x00, 0x00, 0x00, 0x00, 0x1F, 0xFE, 0x00, 0x3F, 0xFF, 0xF0, 0x3F, 0xC0, 0xBE, 0x1F, 0xD0, 0x3F,
    0xCF, 0xF0, 0x0F, 0xD3, 0xFC, 0x00, 0x40, 0xFF, 0x00, 0x00, 0x3F, 0xC0, 0x00, 0x0F, 0xF8, 0x00,
    0x02, 0xFF, 0xD0, 0x00, 0x3F, 0xFF, 0xD0, 0x07, 0xFF, 0xFE, 0x00, 0x2F, 0xFF, 0xC0, 0x00, 0x6F,
    0xF4, 0x00, 0x00, 0xFD, 0x00, 0x00, 0x3F, 0x00, 0x00, 0x0F, 0x80, 0x00, 0x0B, 0xC0, 0x00, 0x00,
    0x80, 0x00, 0x00, 0x00, 0x00, 0x00, 0x2F, 0xFF, 0xFF, 0x02, 0xFF, 0xFF, 0xFF, 0x0B, 0xFE, 0xBF,
    0xBF, 0x1F, 0xF0, 0x1F, 0xC0, 0x2F, 0xD0, 0x0F, 0xE0, 0x3F, 0xC0, 0x0F, 0xF0, 0x3F, 0xC0, 0x0B,
    0xF4, 0x3F, 0xC0, 0x0B, 0xF4, 0x3F, 0xC0, 0x0B, 0xF0, 0x2F, 0xD0, 0x0F, 0xF0, 0x0F, 0xF0, 0x2F,
    0xD0, 0x07, 0xFE, 0xFF, 0x80, 0x00, 0xFF, 0xFD, 0x00, 0x00, 0x05, 0x40, 0x00, 0x00, 0x00, 0x00,
    0x0B, 0xFF, 0xFF, 0xFB, 0xFF, 0xFF, 0xFF, 0xFF, 0xFF, 0xFF, 0x00, 0x7F, 0x00, 0x00, 0x2F, 0x80,
    0x00, 0x0F, 0xE0, 0x00, 0x03, 0xF8, 0x00, 0x00, 0xFE, 0x00, 0x00, 0x3F, 0x80, 0x00, 0x0F, 0xF0,
    0x00, 0x03, 0xFE, 0x68, 0x00, 0xBF, 0xFF, 0x00, 0x0B, 0xFF, 0x40, 0x00, 0x14, 0x00, 0x00, 0x00,
    0x00, 0x00, 0x2F, 0xD0, 0x1B, 0xD0, 0x7F, 0xF0, 0x1F, 0xF0, 0x1F, 0xF4, 0x0F, 0xF4, 0x07, 0xF4,
    0x0B, 0xF8, 0x0B, 0xF4, 0x07, 0xFC, 0x0B, 0xF0, 0x03, 0xFC, 0x0B, 0xF0, 0x03, 0xFC, 0x0B, 0xF0,
    0x03, 0xFC, 0x0B, 0xF0, 0x03, 0xFC, 0x0B, 0xF4, 0x07, 0xF4, 0x03, 0xFC, 0x0F, 0xF0, 0x02, 0xFF,
    0xFF, 0xC0, 0x00, 0x7F, 0xFE, 0x00, 0x00, 0x01, 0x40, 0x00, 0x00, 0x00, 0x6E, 0x00, 0x00, 0x00,
    0x00, 0xBF, 0x00, 0x00, 0x00, 0x00, 0xBF, 0x00, 0x00, 0x00, 0x00, 0xBF, 0x00, 0x00, 0x00, 0x00,
    0xBF, 0x00, 0x00, 0x00, 0x1F, 0xFF, 0xF8, 0x00, 0x01, 0xFF, 0xFF, 0xFF, 0x80, 0x0B, 0xF4, 0xBF,
    0x2F, 0xF0, 0x1F, 0xE0, 0xBE, 0x0B, 0xF8, 0x2F, 0xD0, 0xBE, 0x03, 0xFC, 0x3F, 0xC0, 0xBE, 0x03,
    0xFC, 0x3F, 0xC0, 0xBE, 0x03, 0xFD, 0x3F, 0xC0, 0xBE, 0x03, 0xFC, 0x3F, 0xD0, 0xBE, 0x03, 0xFC,
    0x2F, 0xE0, 0x7E, 0x07, 0xF8, 0x0F, 0xF4, 0x7E, 0x0F, 0xF0, 0x03, 0xFE, 0xBE, 0x7F, 0xC0, 0x00,
    0x7F, 0xFF, 0xFD, 0x00, 0x00, 0x01, 0xBE, 0x40, 0x00, 0x00, 0x00, 0x7D, 0x00, 0x00, 0x00, 0x00,
    0x7D, 0x00, 0x00, 0x00, 0x00, 0x7D, 0x00, 0x00, 0x00, 0x00, 0x7D, 0x00, 0x00, 0x00, 0x00, 0x14,
    0x00, 0x00, 0x00, 0x00, 0x00, 0x00, 0x2F, 0xD0, 0x03, 0xFC, 0xBF, 0xF0, 0x0B, 0xF0, 0x1B, 0xF8,
    0x0F, 0xE0, 0x03, 0xFC, 0x1F, 0xC0, 0x01, 0xFD, 0x3F, 0x40, 0x00, 0xFF, 0x7E, 0x00, 0x00, 0xBF,
    0xFC, 0x00, 0x00, 0x3F, 0xF8, 0x00, 0x00, 0x2F, 0xF0, 0x00, 0x00, 0x1F, 0xE0, 0x00, 0x00, 0x2F,
    0xF0, 0x00, 0x00, 0x7F, 0xF8, 0x00, 0x00, 0xFF, 0xFC, 0x00, 0x02, 0xF9, 0xFE, 0x00, 0x03, 0xF4,
    0xFF, 0x00, 0x0B, 0xF0, 0xBF, 0x40, 0x1F, 0xD0, 0x7F, 0xE8, 0x3F, 0xC0, 0x2F, 0xFC, 0x29, 0x40,
    0x0A, 0xE0, 0x00, 0x00, 0x2B, 0x40, 0x00, 0x00, 0x00, 0x3F, 0x80, 0x00, 0x00, 0x00, 0x3F, 0x80,
    0x00, 0x00, 0x00, 0x3F, 0x80, 0x00, 0x00, 0x00, 0x3F, 0x40, 0x00, 0x2F, 0xD0, 0x3F, 0x46, 0xF0,
    0x7F, 0xF0, 0x3F, 0x4B, 0xF8, 0x1F, 0xF0, 0x3F, 0x43, 0xFC, 0x07, 0xF0, 0x3F, 0x43, 0xFC, 0x0B,
    0xF0, 0x3F, 0x42, 0xFD, 0x0B, 0xF0, 0x3F, 0x42, 0xFD, 0x0B, 0xF0, 0x3F, 0x42, 0xFD, 0x0B, 0xF0,
    0x3F, 0x42, 0xFD, 0x0B, 0xF0, 0x3F, 0x02, 0xFC, 0x07, 0xF4, 0x3F, 0x03, 0xFC, 0x03, 0xFC, 0x3F,
    0x0F, 0xF0, 0x01, 0xFF, 0xFF, 0xFF, 0xD0, 0x00, 0x2F, 0xFF, 0xFE, 0x00, 0x00, 0x00, 0x7F, 0x40,
    0x00, 0x00, 0x00, 0x3F, 0x00, 0x00, 0x00, 0x00, 0x3F, 0x00, 0x00, 0x00, 0x00, 0x3F, 0x00, 0x00,
    0x00, 0x00, 0x3F, 0x00, 0x00, 0x00, 0x00, 0x15, 0x00, 0x00, 0x03, 0x90, 0x00, 0x6F, 0x80, 0x3F,
    0xC0, 0x00, 0xFF, 0x42, 0xFD, 0x00, 0x01, 0xFF, 0x0F, 0xF0, 0x04, 0x03, 0xFC, 0xBF, 0x80, 0xFC,
    0x0B, 0xF7, 0xFD, 0x0B, 0xF4, 0x1F, 0xEF, 0xF0, 0x2F, 0xD0, 0x7F, 0xFF, 0xC0, 0x7F, 0x01, 0xFF,
    0xFF, 0x00, 0xF8, 0x07, 0xFA, 0xFD, 0x03, 0xF0, 0x2F, 0xD7, 0xFC, 0x2F, 0xE0, 0xFF, 0x0B, 0xFF,
    0xF7, 0xFF, 0xF4, 0x0B, 0xFF, 0x03, 0xFF, 0x40, 0x01, 0x40, 0x00, 0x50, 0x00, 0x00, 0x00, 0x00,
    0xBD, 0x0F, 0xC3, 0xFC, 0xBF, 0x8F, 0xF1, 0xFE, 0x1E, 0x02, 0xE0, 0x00, 0x00, 0x00, 0x00, 0x00,
    0x00, 0x7F, 0x80, 0x01, 0xFE, 0x00, 0x07, 0xF4, 0x00, 0x1F, 0xD0, 0x00, 0x7F, 0x40, 0x01, 0xFD,
    0x00, 0x07, 0xF0, 0x00, 0x1F, 0xC0, 0x00, 0x7F, 0x00, 0x01, 0xFD, 0x00, 0x07, 0xFD, 0x50, 0x0F,
    0xFF, 0xC0, 0x1F, 0xFD, 0x00, 0x05, 0x00, 0x00, 0x00, 0x00, 0x00, 0x02, 0xF8, 0x3F, 0x40, 0x03,
    0xFC, 0x7F, 0xC0, 0x03, 0xFC, 0x7F, 0x80, 0x01, 0xA4, 0x1E, 0x00, 0x00, 0x00, 0x00, 0x00, 0x00,
    0x00, 0x00, 0x00, 0x2F, 0xD0, 0x1B, 0xD0, 0x7F, 0xF0, 0x1F, 0xF0, 0x1F, 0xF4, 0x0F, 0xF4, 0x07,
    0xF4, 0x0B, 0xF8, 0x0B, 0xF4, 0x07, 0xFC, 0x0B, 0xF0, 0x03, 0xFC, 0x0B, 0xF0, 0x03, 0xFC, 0x0B,
    0xF0, 0x03, 0xFC, 0x0B, 0xF0, 0x03, 0xFC, 0x0B, 0xF4, 0x07, 0xF4, 0x03, 0xFC, 0x0F, 0xF0, 0x02,
    0xFF, 0xFF, 0xC0, 0x00, 0x7F, 0xFE, 0x00, 0x00, 0x01, 0x40, 0x00, 0x00, 0x00, 0x14, 0x00, 0x00,
    0x02, 0xF4, 0x00, 0x00, 0x0F, 0xE0, 0x00, 0x00, 0x7E, 0x00, 0x00, 0x02, 0xF0, 0x00, 0x00, 0x0F,
    0x00, 0x00, 0x00, 0x20, 0x00, 0x00, 0x00, 0x00, 0x00, 0x00, 0x7F, 0xF8, 0x00, 0x0F, 0xFF, 0xFD,
    0x00, 0xFF, 0x47, 0xFD, 0x07, 0xF4, 0x0B, 0xFC, 0x3F, 0xC0, 0x0F, 0xF0, 0xFF, 0x00, 0x3F, 0xC3,
    0xFC, 0x00, 0xFF, 0x0F, 0xF0, 0x03, 0xFC, 0x3F, 0xD0, 0x0F, 0xF0, 0xBF, 0x80, 0x7F, 0x80, 0xFF,
    0x43, 0xFC, 0x01, 0xFF, 0xFF, 0xD0, 0x01, 0xFF, 0xFC, 0x00, 0x00, 0x15, 0x00, 0x00, 0x00, 0x00,
    0x14, 0x00, 0x00, 0x00, 0x3F, 0x00, 0x00, 0x00, 0xBF, 0x00, 0x00, 0x00, 0xFC, 0x00, 0x00, 0x01,
    0xF0, 0x00, 0x00, 0x03, 0xD0, 0x00, 0x00, 0x01, 0x40, 0x00, 0x00, 0x00, 0x00, 0x00, 0x2F, 0xD0,
    0x1B, 0xD0, 0x7F, 0xF0, 0x1F, 0xF0, 0x1F, 0xF4, 0x0F, 0xF4, 0x07, 0xF4, 0x0B, 0xF8, 0x0B, 0xF4,
    0x07, 0xFC, 0x0B, 0xF0, 0x03, 0xFC, 0x0B, 0xF0, 0x03, 0xFC, 0x0B, 0xF0, 0x03, 0xFC, 0x0B, 0xF0,
    0x03, 0xFC, 0x0B, 0xF4, 0x07, 0xF4, 0x03, 0xFC, 0x0F, 0xF0, 0x02, 0xFF, 0xFF, 0xC0, 0x00, 0x7F,
    0xFE, 0x00, 0x00, 0x01, 0x40, 0x00, 0x00, 0x00, 0x01, 0x40, 0x00, 0x00, 0x00, 0x2F, 0x40, 0x00,
    0x00, 0x00, 0xFD, 0x00, 0x00, 0x00, 0x07, 0xE0, 0x00, 0x00, 0x00, 0x3E, 0x00, 0x00, 0x00, 0x00,
    0xF0, 0x00, 0x00, 0x00, 0x02, 0x00, 0x00, 0x00, 0x00, 0x00, 0x00, 0x00, 0x03, 0x90, 0x00, 0x6F,
    0x80, 0x3F, 0xC0, 0x00, 0xFF, 0x42, 0xFD, 0x00, 0x01, 0xFF, 0x0F, 0xF0, 0x04, 0x03, 0xFC, 0xBF,
    0x80, 0xFC, 0x0B, 0xF7, 0xFD, 0x0B, 0xF4, 0x1F, 0xEF, 0xF0, 0x2F, 0xD0, 0x7F, 0xFF, 0xC0, 0x7F,
    0x01, 0xFF, 0xFF, 0x00, 0xF8, 0x07, 0xFA, 0xFD, 0x03, 0xF0, 0x2F, 0xD7, 0xFC, 0x2F, 0xE0, 0xFF,
    0x0B, 0xFF, 0xF7, 0xFF, 0xF4, 0x0B, 0xFF, 0x03, 0xFF, 0x40, 0x01, 0x40, 0x00, 0x50, 0x00, 0x00,
    0x00, 0x00, 0x01, 0xFF, 0x00, 0x2F, 0x87, 0xFC, 0x07, 0xFF, 0x1F, 0xE0, 0x7E, 0xFC, 0x7F, 0x83,
    0xD2, 0xD1, 0xFE, 0x3F, 0x00, 0x07, 0xFA, 0xFC, 0x00, 0x1F, 0xEF, 0xF4, 0x00, 0x3F, 0xFB, 0xF0,
    0x00, 0xFF, 0x2F, 0xF0, 0x03, 0xF8, 0x3F, 0xE0, 0x0F, 0xD0, 0x7F, 0xD0, 0x3F, 0x80, 0x7F, 0xC0,
    0xFE, 0x00, 0xBF, 0x80, 0x00, 0x00, 0xFF, 0x00, 0x00, 0x03, 0xFC, 0x00, 0x00, 0x0F, 0xE0, 0x00,
    0x5A, 0xFF, 0x40, 0x03, 0xFF, 0xF4, 0x00, 0x06, 0xA9, 0x00, 0x00, 0x0B, 0xFE, 0x40, 0x00, 0x0F,
    0xFF, 0xFF, 0x00, 0x07, 0xFD, 0x5B, 0xFD, 0x00, 0xFF, 0x00, 0x1F, 0xF0, 0x3F, 0xC0, 0x00, 0xBF,
    0x87, 0xF8, 0x00, 0x03, 0xFC, 0xBF, 0x40, 0x00, 0x3F, 0xDF, 0xF4, 0x00, 0x02, 0xFE, 0xFF, 0x00,
    0x00, 0x2F, 0xEF, 0xF0, 0x00, 0x02, 0xFE, 0xFF, 0x40, 0x00, 0x2F, 0xDF, 0xF4, 0x00, 0x03, 0xFD,
    0xBF, 0x82, 0xF8, 0x3F, 0xC3, 0xFC, 0x3F, 0x87, 0xF8, 0x2F, 0xE2, 0xF4, 0xFF, 0x00, 0xFF, 0xBF,
    0xBF, 0xD0, 0x03, 0xFF, 0xFF, 0xF4, 0x00, 0x07, 0xFF, 0xF8, 0x00, 0x00, 0x02, 0xF4, 0x00, 0x00,
    0x00, 0x2F, 0x40, 0x00, 0x00, 0x03, 0xF4, 0x00, 0x00, 0x00, 0x3F, 0x80, 0x00, 0x00, 0x03, 0xF8,
    0x00, 0x00, 0x00, 0x15, 0x00, 0x00, 0x00, 0x00, 0x00, 0x00, 0x01, 0xFF, 0xF4, 0x00, 0x3F, 0xFF,
    0xFC, 0x03, 0xFC, 0x0B, 0xF8, 0x1F, 0xC0, 0x0F, 0xF0, 0xFF, 0x00, 0x1F, 0xE3, 0xFC, 0x00, 0x3F,
    0x8F, 0xF0, 0x00, 0xFE, 0x3F, 0xC0, 0x03, 0xF8, 0xFF, 0x05, 0x1F, 0xD2, 0xFD, 0x3C, 0xBF, 0x03,
    0xFC, 0xF3, 0xF8, 0x07, 0xFF, 0xFF, 0xC0, 0x07, 0xFF, 0xF4, 0x00, 0x00, 0x7C, 0x00, 0x00, 0x00,
    0xF0, 0x00, 0x00, 0x03, 0xC0, 0x00, 0x00, 0x0F, 0x00, 0x00, 0x00, 0x00, 0x00, 0x00, 0x00, 0x1B,
    0xF9, 0x00, 0x07, 0xFF, 0xFF, 0x40, 0x7F, 0xEA, 0xFF, 0x07, 0xFC, 0x01, 0xFE, 0x3F, 0xD0, 0x0B,
    0xF9, 0xFF, 0x00, 0x2F, 0xDB, 0xF8, 0x00, 0x14, 0x3F, 0xD0, 0x00, 0x00, 0xFF, 0x40, 0x00, 0x03,
    0xFE, 0x00, 0x00, 0x0F, 0xF8, 0x00, 0x00, 0x2F, 0xF0, 0x00, 0x00, 0x7F, 0xF0, 0x00, 0x00, 0xFF,
    0xF4, 0x00, 0x01, 0xFF, 0xFE, 0x40, 0x01, 0xFF, 0xFF, 0xD0, 0x00, 0xBF, 0xFF, 0xD0, 0x00, 0x2F,
    0xFF, 0x80, 0x00, 0x02, 0xFF, 0x00, 0x00, 0x01, 0xF8, 0x00, 0x00, 0x07, 0xC0, 0x00, 0x00, 0x2E,
    0x00, 0x00, 0x00, 0xF0, 0x00, 0x00, 0x00, 0x00, 0x00, 0x00, 0x01, 0x00, 0x00, 0x00, 0x78, 0x00,
    0x00, 0x1B, 0xC0, 0x0B, 0xFF, 0xFC, 0x03, 0xFF, 0xFF, 0x80, 0xFF, 0xEA, 0x90, 0x2F, 0xC0, 0x00,
    0x03, 0xF4, 0x00, 0x00, 0x3F, 0x00, 0x00, 0x03, 0xF0, 0x00, 0x00, 0x3F, 0x40, 0x00, 0x03, 0xFD,
    0x00, 0x00, 0x2F, 0xFD, 0x00, 0x00, 0xFF, 0xFF, 0x40, 0x07, 0xFF, 0xFE, 0x00, 0x0B, 0xFF, 0xF0,
    0x00, 0x06, 0xFF, 0x40, 0x00, 0x03, 0xF4, 0x00, 0x00, 0x3F, 0x00, 0x00, 0x03, 0xE0, 0x00, 0x00,
    0xBC, 0x00, 0x00, 0x02, 0x00, 0x6A, 0xAA, 0xAA, 0x83, 0xFF, 0xFF, 0xFF, 0x82, 0xFF, 0xAA, 0xFE,
    0x03, 0xFD, 0x00, 0xFC, 0x0F, 0xF4, 0x01, 0xF0, 0x3F, 0xD0, 0x02, 0x80, 0xFF, 0x40, 0x40, 0x03,
    0xFD, 0x0B, 0x00, 0x0F, 0xF9, 0xBC, 0x00, 0x3F, 0xFF, 0xF0, 0x00, 0xFF, 0xEF, 0xC0, 0x03, 0xFD,
    0x0F, 0x00, 0x0F, 0xF4, 0x2C, 0x00, 0x3F, 0xD0, 0x00, 0x00, 0xFF, 0x40, 0x00, 0x03, 0xFD, 0x00,
    0x00, 0xBF, 0xFF, 0xC0, 0x03, 0xFF, 0xFF, 0x00, 0x00, 0x00, 0x06, 0x90, 0x00, 0x1F, 0xFF, 0x80,
    0x1F, 0xD3, 0xF4, 0x0F, 0xE0, 0xFD, 0x03, 0xF8, 0x3F, 0x01, 0xFE, 0x01, 0x00, 0x7F, 0x80, 0x00,
    0xBF, 0xFF, 0xC0, 0x7F, 0xFF, 0xF0, 0x06, 0xFE, 0x54, 0x00, 0x7F, 0x80, 0x00, 0x1F, 0xE0, 0x00,
    0x07, 0xF8, 0x00, 0x01, 0xFE, 0x00, 0x00, 0x7F, 0x80, 0x00, 0x1F, 0xE0, 0x00, 0x07, 0xF8, 0x00,
    0x01, 0xFE, 0x00, 0x00, 0x7F, 0x80, 0x00, 0x1F, 0xE0, 0x00, 0x00, 0x00, 0x00, 0x00, 0x00, 0x00,
    0x00, 0x00, 0xBE, 0x00, 0x00, 0xFF, 0xE0, 0x00, 0x17, 0xFC, 0x00, 0x00, 0xBE, 0x00, 0x00, 0x3F,
    0x00, 0x00, 0x1F, 0x81, 0xC0, 0x0F, 0xC7, 0xFC, 0x0B, 0xDF, 0xFE, 0x07, 0xFF, 0xFF, 0x03, 0xFF,
    0xBF, 0x03, 0xFF, 0x5F, 0x80, 0x7D, 0x0F, 0xC0, 0x04, 0x0F, 0xD0, 0x00, 0x07, 0xF0, 0x00, 0x02,
    0xFC, 0x00, 0x00, 0xBF, 0xF0, 0x00, 0x1F, 0xF8, 0x00, 0x00, 0x50, 0x00, 0x01, 0xA0, 0x00, 0x3F,
    0xF0, 0x00, 0xBF, 0xD0, 0x00, 0x3F, 0x40, 0x02, 0xFC, 0x00, 0x1F, 0xC0, 0x00, 0xFC, 0x00, 0x0F,
    0xFA, 0xA9, 0xBF, 0xFF, 0xFA, 0xFF, 0xFF, 0xC0, 0x00, 0xFD, 0x00, 0x0B, 0xE0, 0x00, 0x7F, 0x00,
    0x03, 0xF4, 0x00, 0x1F, 0xE4, 0x00, 0x3F, 0xF0, 0x00, 0x7E, 0x40, 0x00, 0x54, 0x00, 0x00, 0x00,
    0x03, 0xFF, 0xE0, 0x00, 0x00, 0x0F, 0xFF, 0xF8, 0x00, 0x00, 0x16, 0xBF, 0xFD, 0x00, 0x00, 0x00,
    0x2F, 0xFD, 0x00, 0x00, 0x01, 0xFF, 0xFC, 0x00, 0x00, 0x2F, 0xF7, 0xFC, 0x00, 0x07, 0xFE, 0x07,
    0xF4, 0x00, 0xBF, 0xD0, 0x0F, 0xE0, 0xEF, 0xF8, 0x00, 0xFF, 0xC3, 0xFF, 0x40, 0x1F, 0xFF, 0x03,
    0xF0, 0x02, 0xFF, 0xFD, 0x0B, 0x40, 0x7F, 0xE3, 0xF4, 0x0D, 0x0B, 0xFD, 0x0F, 0xD0, 0x0F, 0xFF,
    0xC0, 0x2F, 0x40, 0x1F, 0xF8, 0x00, 0xBD, 0x00, 0x3F, 0x40, 0x03, 0xF4, 0x00, 0x3C, 0x00, 0x0F,
    0xD0, 0x00, 0x50, 0x00, 0x00, 0x00, 0x01, 0x90, 0x00, 0x00, 0x0F, 0xF8, 0x00, 0x00, 0x1B, 0xFE,
    0x00, 0x00, 0x02, 0xFF, 0x00, 0x00, 0x00, 0xFF, 0x00, 0x00, 0x01, 0xFE, 0x00, 0x00, 0x6F, 0xFC,
    0x09, 0x1F, 0xFF, 0xF8, 0x3F, 0xFE, 0x47, 0xF0, 0x7F, 0x40, 0x0F, 0xC0, 0xE0, 0x00, 0x3F, 0x01,
    0x40, 0x1F, 0xFD, 0x02, 0x5B, 0xFF, 0xF4, 0x0F, 0xFF, 0x4F, 0xD0, 0x1F, 0x80, 0x3F, 0x00, 0x34,
    0x00, 0xFC, 0x00, 0x40, 0x03, 0xF0, 0x00, 0x00, 0x1F, 0x80, 0x00, 0x00, 0xBC, 0x00, 0x00, 0x03,
    0xF0, 0x00, 0x00, 0x00, 0x00, 0x00, 0x40, 0x04, 0x00, 0x1F, 0xD1, 0xFC, 0x00, 0xBF, 0x8F, 0xF4,
    0x01, 0xFD, 0x2F, 0xC0, 0x01, 0x90, 0x29, 0x00, 0x00, 0x00, 0x00, 0x06, 0xAA, 0xAA, 0xA8, 0x3F,
    0xFF, 0xFF, 0xF8, 0x2F, 0xFA, 0xAF, 0xF0, 0x3F, 0xD0, 0x0F, 0xC0, 0xFF, 0x40, 0x1F, 0x03, 0xFD,
    0x00, 0x10, 0x0F, 0xF4, 0x2C, 0x00, 0x3F, 0xD0, 0xF0, 0x00, 0xFF, 0xFF, 0xC0, 0x03, 0xFF, 0xFF,
    0x00, 0x0F, 0xF4, 0x7C, 0x00, 0x3F, 0xD0, 0xB0, 0x00, 0xFF, 0x40, 0x01, 0x03, 0xFD, 0x00, 0x3E,
    0x0F, 0xF4, 0x00, 0xF4, 0x3F, 0xD0, 0x1F, 0xDB, 0xFF, 0xFF, 0xFF, 0x3F, 0xFF, 0xFF, 0xFC, 0x2A,
    0xAA, 0xAA, 0xAA, 0x80, 0x03, 0xFF, 0xFF, 0xFF, 0xFE, 0x00, 0x7F, 0xEB, 0xFE, 0xAF, 0xE0, 0x07,
    0xE0, 0x7F, 0xC0, 0x3F, 0x00, 0xBC, 0x07, 0xFC, 0x02, 0xF0, 0x0B, 0xC0, 0x7F, 0xC0, 0x09, 0x00,
    0x00, 0x07, 0xFC, 0x00, 0x00, 0x00, 0x00, 0x7F, 0xC6, 0xFE, 0x40, 0x00, 0x07, 0xFF, 0xFF, 0xFF,
    0x00, 0x00, 0x7F, 0xFE, 0xBF, 0xF8, 0x00, 0x07, 0xFD, 0x00, 0xBF, 0xC0, 0x00, 0x7F, 0xC0, 0x03,
    0xFD, 0x00, 0x07, 0xFC, 0x00, 0x2F, 0xD0, 0x00, 0x7F, 0xC0, 0x02, 0xFD, 0x00, 0x07, 0xFC, 0x00,
    0x2F, 0xC0, 0x00, 0x7F, 0xC0, 0x03, 0xFC, 0x00, 0x3F, 0xFF, 0x80, 0x3F, 0x40, 0x03, 0xFF, 0xFC,
    0x0B, 0xF0, 0x00, 0x00, 0x00, 0x01, 0xFC, 0x00, 0x00, 0x00, 0x00, 0x3F, 0x00, 0x00, 0x00, 0x00,
    0x03, 0x40, 0x00, 0x00, 0x00, 0x00, 0x00, 0x00, 0x00, 0x00, 0x20, 0x00, 0x00, 0x1F, 0xC0, 0x00,
    0x07, 0xFC, 0x00, 0x01, 0xFE, 0x00, 0x00, 0x3E, 0x00, 0x00, 0x00, 0x00, 0x00, 0x6A, 0xAA, 0xAA,
    0x8B, 0xFF, 0xFF, 0xFD, 0x1F, 0xFA, 0xAF, 0xD0, 0xFF, 0x40, 0x7E, 0x0F, 0xF4, 0x03, 0xF0, 0xFF,
    0x40, 0x1E, 0x0F, 0xF4, 0x00, 0x00, 0xFF, 0x40, 0x00, 0x0F, 0xF4, 0x00, 0x00, 0xFF, 0x40, 0x00,
    0x0F, 0xF4, 0x00, 0x00, 0xFF, 0x40, 0x00, 0x0F, 0xF4, 0x00, 0x00, 0xFF, 0x40, 0x00, 0x0F, 0xF4,
    0x00, 0x00, 0xFF, 0x40, 0x00, 0xBF, 0xFF, 0x40, 0x0B, 0xFF, 0xF4, 0x00, 0x00, 0x1B, 0xF8, 0x74,
    0x01, 0xFF, 0xFF, 0xF8, 0x07, 0xFE, 0xAF, 0xF8, 0x0F, 0xF4, 0x01, 0xFC, 0x3F, 0xD0, 0x00, 0xBC,
    0x3F, 0xC0, 0x00, 0x3C, 0xBF, 0xC0, 0x00, 0x00, 0xBF, 0x80, 0x00, 0x00, 0xFF, 0xFF, 0xFF, 0xC0,
    0xFF, 0xFF, 0xFF, 0xC0, 0xFF, 0xD5, 0x55, 0x40, 0xBF, 0xC0, 0x00, 0x00, 0x7F, 0xC0, 0x00, 0x00,
    0x3F, 0xE0, 0x00, 0x04, 0x2F, 0xF8, 0x00, 0x7C, 0x0F, 0xFF, 0xAB, 0xFC, 0x03, 0xFF, 0xFF, 0xF0,
    0x00, 0x7F, 0xFF, 0x40, 0x00, 0x01, 0x50, 0x00, 0x01, 0xBF, 0x87, 0x00, 0xBF, 0xFF, 0xF4, 0x2F,
    0xE5, 0xFF, 0x43, 0xF8, 0x02, 0xF8, 0x7F, 0x40, 0x0F, 0x8B, 0xF8, 0x00, 0x64, 0x7F, 0xE4, 0x00,
    0x03, 0xFF, 0xF8, 0x00, 0x2F, 0xFF, 0xF8, 0x00, 0xBF, 0xFF, 0xF0, 0x00, 0xBF, 0xFF, 0xC0, 0x00,
    0x6F, 0xFC, 0x60, 0x00, 0x7F, 0xDF, 0x80, 0x03, 0xFC, 0xFD, 0x00, 0x3F, 0xCB, 0xF4, 0x0B, 0xF8,
    0xBF, 0xFF, 0xFF, 0x0B, 0x5F, 0xFF, 0x80, 0x00, 0x05, 0x00, 0x00, 0x6A, 0xAA, 0x3F, 0xFF, 0xC2,
    0xFF, 0xD0, 0x3F, 0xD0, 0x0F, 0xF4, 0x03, 0xFD, 0x00, 0xFF, 0x40, 0x3F, 0xD0, 0x0F, 0xF4, 0x03,
    0xFD, 0x00, 0xFF, 0x40, 0x3F, 0xD0, 0x0F, 0xF4, 0x03, 0xFD, 0x00, 0xFF, 0x40, 0x3F, 0xD0, 0xBF,
    0xFF, 0x3F, 0xFF, 0xC0, 0x04, 0x00, 0x41, 0xFC, 0x2F, 0xCF, 0xF4, 0xFF, 0x2F, 0xD3, 0xFC, 0x29,
    0x02, 0x80, 0x00, 0x00, 0x01, 0xAA, 0xA8, 0x0F, 0xFF, 0xF0, 0x0B, 0xFF, 0x40, 0x0F, 0xF4, 0x00,
    0x3F, 0xD0, 0x00, 0xFF, 0x40, 0x03, 0xFD, 0x00, 0x0F, 0xF4, 0x00, 0x3F, 0xD0, 0x00, 0xFF, 0x40,
    0x03, 0xFD, 0x00, 0x0F, 0xF4, 0x00, 0x3F, 0xD0, 0x00, 0xFF, 0x40, 0x03, 0xFD, 0x00, 0x0F, 0xF4,
    0x02, 0xFF, 0xFC, 0x0F, 0xFF, 0xF0, 0x00, 0x1A, 0xAA, 0x90, 0x02, 0xFF, 0xFF, 0x00, 0x17, 0xFF,
    0x90, 0x00, 0x1F, 0xF0, 0x00, 0x01, 0xFF, 0x00, 0x00, 0x1F, 0xF0, 0x00, 0x01, 0xFF, 0x00, 0x00,
    0x1F, 0xF0, 0x00, 0x01, 0xFF, 0x00, 0x00, 0x1F, 0xF0, 0x00, 0x01, 0xFF, 0x00, 0x00, 0x1F, 0xF0,
    0x1F, 0x41, 0xFF, 0x03, 0xF8, 0x1F, 0xF0, 0x7F, 0x41, 0xFE, 0x07, 0xF0, 0x3F, 0xC0, 0x3F, 0xFF,
    0xF4, 0x00, 0xBF, 0xFD, 0x00, 0x00, 0x14, 0x00, 0x00, 0x00, 0x6A, 0xAA, 0xAA, 0xA4, 0x00, 0x00,
    0x0F, 0xFF, 0xFF, 0xFF, 0x40, 0x00, 0x00, 0x1F, 0xFF, 0xFF, 0xD0, 0x00, 0x00, 0x00, 0xB8, 0x0B,
    0xF8, 0x00, 0x00, 0x00, 0x0B, 0x80, 0xBF, 0x80, 0x00, 0x00, 0x00, 0xB8, 0x0B, 0xF8, 0x00, 0x00,
    0x00, 0x0B, 0x80, 0xBF, 0x80, 0x00, 0x00, 0x00, 0xF4, 0x0B, 0xFE, 0xA9, 0x00, 0x00, 0x0F, 0x40,
    0xBF, 0xFF, 0xFD, 0x00, 0x00, 0xF4, 0x0B, 0xFD, 0x6F, 0xF8, 0x00, 0x0F, 0x00, 0xBF, 0x80, 0x7F,
    0xC0, 0x00, 0xF0, 0x0B, 0xF8, 0x03, 0xFD, 0x00, 0x1F, 0x00, 0xBF, 0x80, 0x2F, 0xE0, 0x02, 0xE0,
    0x0B, 0xF8, 0x03, 0xFD, 0x3F, 0x3D, 0x00, 0xBF, 0x80, 0x3F, 0xC7, 0xFF, 0xC0, 0x0B, 0xF8, 0x0F,
    0xF8, 0x7F, 0xF4, 0x07, 0xFF, 0xFF, 0xFE, 0x03, 0xFD, 0x00, 0x7F, 0xFF, 0xFE, 0x00, 0x01, 0x00,
    0x00, 0x00, 0x00, 0x00, 0x00, 0x6A, 0xAA, 0x02, 0xAA, 0xA4, 0x00, 0x0B, 0xFF, 0xF0, 0x3F, 0xFF,
    0x80, 0x00, 0x1F, 0xFD, 0x01, 0xFF, 0xD0, 0x00, 0x00, 0xFF, 0x40, 0x07, 0xFC, 0x00, 0x00, 0x0F,
    0xF4, 0x00, 0x7F, 0xC0, 0x00, 0x00, 0xFF, 0x40, 0x07, 0xFC, 0x00, 0x00, 0x0F, 0xF4, 0x00, 0x7F,
    0xC0, 0x00, 0x00, 0xFF, 0x40, 0x07, 0xFE, 0xA5, 0x00, 0x0F, 0xFF, 0xFF, 0xFF, 0xFF, 0xFD, 0x00,
    0xFF, 0xFF, 0xFF, 0xFD, 0xAF, 0xF4, 0x0F, 0xF5, 0x55, 0xBF, 0xC0, 0x7F, 0xC0, 0xFF, 0x40, 0x07,
    0xFC, 0x03, 0xFD, 0x0F, 0xF4, 0x00, 0x7F, 0xC0, 0x3F, 0xD0, 0xFF, 0x40, 0x07, 0xFC, 0x03, 0xFD,
    0x0F, 0xF4, 0x00, 0x7F, 0xC0, 0x3F, 0xC0, 0xFF, 0x40, 0x0B, 0xFC, 0x0F, 0xF8, 0xBF, 0xFF, 0x03,
    0xFF, 0xFF, 0xFE, 0x0B, 0xFF, 0xF0, 0x3F, 0xFF, 0xFE, 0x00, 0x1A, 0xAA, 0xAA, 0xAA, 0x90, 0x00,
    0x3F, 0xFF, 0xFF, 0xFF, 0xF0, 0x00, 0x3F, 0xEB, 0xFE, 0xAF, 0xF0, 0x00, 0x3F, 0x03, 0xFC, 0x03,
    0xF0, 0x00, 0x7D, 0x03, 0xFC, 0x01, 0xF4, 0x00, 0x7C, 0x03, 0xFC, 0x00, 0x40, 0x00, 0x00, 0x03,
    0xFC, 0x00, 0x00, 0x00, 0x00, 0x03, 0xFD, 0xBF, 0xFD, 0x00, 0x00, 0x03, 0xFF, 0xFF, 0xFF, 0x80,
    0x00, 0x03, 0xFF, 0x95, 0xBF, 0xD0, 0x00, 0x03, 0xFD, 0x00, 0x2F, 0xF0, 0x00, 0x03, 0xFC, 0x00,
    0x1F, 0xF0, 0x00, 0x03, 0xFC, 0x00, 0x0F, 0xF0, 0x00, 0x03, 0xFC, 0x00, 0x0F, 0xF0, 0x00, 0x03,
    0xFC, 0x00, 0x0F, 0xF0, 0x00, 0x03, 0xFD, 0x00, 0x1F, 0xF0, 0x00, 0x2F, 0xFF, 0xC0, 0xFF, 0xFE,
    0x00, 0x3F, 0xFF, 0xC0, 0xFF, 0xFF, 0x00, 0x00, 0x02, 0x40, 0x00, 0x00, 0x00, 0x3F, 0x00, 0x00,
    0x00, 0x03, 0xFC, 0x00, 0x00, 0x00, 0x3F, 0xD0, 0x00, 0x00, 0x02, 0xE4, 0x00, 0x00, 0x00, 0x00,
    0x00, 0x00, 0x06, 0xAA, 0xA0, 0x02, 0xA4, 0x2F, 0xFF, 0xC0, 0x3F, 0xF0, 0x1F, 0xFD, 0x02, 0xFF,
    0xD0, 0x3F, 0xD0, 0x0F, 0xBF, 0x00, 0xFF, 0x40, 0x7C, 0x60, 0x03, 0xFD, 0x02, 0xE0, 0x00, 0x0F,
    0xF4, 0x0F, 0x00, 0x00, 0x3F, 0xD1, 0xF8, 0x00, 0x00, 0xFF, 0xFF, 0x80, 0x00, 0x03, 0xFF, 0xFF,
    0x80, 0x00, 0x0F, 0xF4, 0xBF, 0xC0, 0x00, 0x3F, 0xD0, 0xBF, 0x80, 0x00, 0xFF, 0x40, 0xFF, 0x00,
    0x03, 0xFD, 0x03, 0xFE, 0x00, 0x0F, 0xF4, 0x07, 0xFC, 0x00, 0x3F, 0xD0, 0x0F, 0xF8, 0x0B, 0xFF,
    0xF0, 0x2F, 0xFF, 0x2F, 0xFF, 0xD0, 0x2F, 0xF4, 0x00, 0x00, 0x00, 0x05, 0x00, 0x00, 0x02, 0x00,
    0x00, 0x00, 0x00, 0x3F, 0x40, 0x00, 0x00, 0x00, 0xFF, 0x40, 0x00, 0x00, 0x00, 0xBF, 0x40, 0x00,
    0x00, 0x00, 0x2F, 0x00, 0x00, 0x00, 0x00, 0x00, 0x00, 0x06, 0xAA, 0xA0, 0x1A, 0xAA, 0xAF, 0xFF,
    0xC0, 0xFF, 0xFF, 0x1F, 0xFD, 0x01, 0xBF, 0xE4, 0x3F, 0xD0, 0x00, 0xFF, 0x00, 0xFF, 0x40, 0x03,
    0xFC, 0x03, 0xFD, 0x00, 0x3F, 0xF0, 0x0F, 0xF4, 0x03, 0xFF, 0xC0, 0x3F, 0xD0, 0x3F, 0xFF, 0x00,
    0xFF, 0x43, 0xF3, 0xFC, 0x03, 0xFD, 0x3F, 0x0F, 0xF0, 0x0F, 0xFB, 0xF0, 0x3F, 0xC0, 0x3F, 0xFE,
    0x00, 0xFF, 0x00, 0xFF, 0xE0, 0x03, 0xFC, 0x03, 0xFE, 0x00, 0x0F, 0xF0, 0x0F, 0xF4, 0x00, 0x3F,
    0xC0, 0x3F, 0xD0, 0x00, 0xFF, 0x4B, 0xFF, 0xF0, 0x2F, 0xFF, 0xEF, 0xFF, 0xC0, 0xFF, 0xFF, 0x00,
    0x3D, 0x01, 0xF0, 0x00, 0x0F, 0xF0, 0x3F, 0x80, 0x00, 0xFE, 0x02, 0xF8, 0x00, 0x03, 0xF9, 0xBF,
    0x00, 0x00, 0x06, 0xFE, 0x40, 0x00, 0x00, 0x00, 0x00, 0x00, 0x6A, 0xAA, 0x02, 0xAA, 0x8F, 0xFF,
    0xF4, 0x3F, 0xFD, 0x6F, 0xFD, 0x01, 0xBF, 0x40, 0x7F, 0x80, 0x07, 0xC0, 0x03, 0xFC, 0x00, 0xB8,
    0x00, 0x1F, 0xE0, 0x0F, 0x40, 0x00, 0xFF, 0x01, 0xF0, 0x00, 0x07, 0xF4, 0x3D, 0x00, 0x00, 0x3F,
    0xC3, 0xC0, 0x00, 0x01, 0xFD, 0xB8, 0x00, 0x00, 0x0F, 0xFF, 0x00, 0x00, 0x00, 0x7F, 0xF0, 0x00,
    0x00, 0x03, 0xFD, 0x00, 0x00, 0x00, 0x1F, 0xC0, 0x00, 0x00, 0xF0, 0xF4, 0x00, 0x00, 0x3F, 0xEF,
    0x00, 0x00, 0x03, 0xFF, 0xC0, 0x00, 0x00, 0x1F, 0xF0, 0x00, 0x00, 0x00, 0x14, 0x00, 0x00, 0x00,
    0x6A, 0xAA, 0x02, 0xAA, 0xA6, 0xFF, 0xFC, 0x0F, 0xFF, 0xF1, 0xFF, 0xD0, 0x1B, 0xFE, 0x43, 0xFD,
    0x00, 0x0F, 0xF0, 0x0F, 0xF4, 0x00, 0x3F, 0xC0, 0x3F, 0xD0, 0x00, 0xFF, 0x00, 0xFF, 0x40, 0x03,
    0xFC, 0x03, 0xFD, 0x00, 0x0F, 0xF0, 0x0F, 0xF4, 0x00, 0x3F, 0xC0, 0x3F, 0xD0, 0x00, 0xFF, 0x00,
    0xFF, 0x40, 0x03, 0xFC, 0x03, 0xFD, 0x00, 0x0F, 0xF0, 0x0F, 0xF4, 0x00, 0x3F, 0xC0, 0x3F, 0xD0,
    0x00, 0xFF, 0x00, 0xFF, 0x40, 0x03, 0xFC, 0x03, 0xFE, 0x55, 0x6F, 0xF0, 0xBF, 0xFF, 0xFF, 0xFF,
    0xFE, 0xFF, 0xFF, 0xFF, 0xFF, 0xF0, 0x00, 0x0F, 0xC0, 0x00, 0x00, 0x00, 0x2F, 0x00, 0x00, 0x00,
    0x00, 0x7C, 0x00, 0x00, 0x00, 0x00, 0x90, 0x00, 0x00, 0x00, 0x01, 0xA9, 0x00, 0x00, 0x00, 0x0F,
    0xFC, 0x00, 0x00, 0x00, 0x3F, 0xF4, 0x00, 0x00, 0x02, 0xFF, 0xE0, 0x00, 0x00, 0x0F, 0x7F, 0xC0,
    0x00, 0x00, 0x7C, 0xBF, 0x40, 0x00, 0x02, 0xE1, 0xFE, 0x00, 0x00, 0x0F, 0x43, 0xFC, 0x00, 0x00,
    0x7C, 0x0B, 0xF4, 0x00, 0x03, 0xE0, 0x1F, 0xF0, 0x00, 0x0F, 0x95, 0x7F, 0xC0, 0x00, 0x7F, 0xFF,
    0xFF, 0x40, 0x03, 0xFA, 0xAB, 0xFF, 0x00, 0x0F, 0x40, 0x03, 0xFC, 0x00, 0xBC, 0x00, 0x0F, 0xF8,
    0x03, 0xF0, 0x00, 0x2F, 0xF0, 0xFF, 0xF8, 0x07, 0xFF, 0xFB, 0xFF, 0xE0, 0x1F, 0xFF, 0xE0, 0x6A,
    0xAA, 0xAA, 0x90, 0xBF, 0xFF, 0xFF, 0xF0, 0x1F, 0xFA, 0xAF, 0xF0, 0x0F, 0xF4, 0x03, 0xF0, 0x0F,
    0xF4, 0x01, 0xF4, 0x0F, 0xF4, 0x00, 0xE0, 0x0F, 0xF4, 0x00, 0x00, 0x0F, 0xF9, 0x50, 0x00, 0x0F,
    0xFF, 0xFF, 0x80, 0x0F, 0xFE, 0xFF, 0xF0, 0x0F, 0xF4, 0x0B, 0xFC, 0x0F, 0xF4, 0x03, 0xFC, 0x0F,
    0xF4, 0x03, 0xFD, 0x0F, 0xF4, 0x03, 0xFD, 0x0F, 0xF4, 0x07, 0xFC, 0x0F, 0xF4, 0x1F, 0xF4, 0xBF,
    0xFF, 0xFF, 0xD0, 0xBF, 0xFF, 0xFD, 0x00, 0x6A, 0xAA, 0x94, 0x00, 0xFF, 0xFF, 0xFF, 0x80, 0x2F,
    0xFA, 0xBF, 0xF0, 0x0F, 0xF4, 0x0F, 0xF4, 0x0F, 0xF4, 0x0F, 0xF4, 0x0F, 0xF4, 0x0F, 0xF4, 0x0F,
    0xF4, 0x0F, 0xF0, 0x0F, 0xF4, 0x3F, 0xC0, 0x0F, 0xFF, 0xFE, 0x00, 0x0F, 0xFF, 0xFF, 0xD0, 0x0F,
    0xF4, 0x0F, 0xF8, 0x0F, 0xF4, 0x03, 0xFC, 0x0F, 0xF4, 0x03, 0xFD, 0x0F, 0xF4, 0x03, 0xFD, 0x0F,
    0xF4, 0x07, 0xFC, 0x0F, 0xF4, 0x1F, 0xF8, 0xBF, 0xFF, 0xFF, 0xE0, 0xFF, 0xFF, 0xFE, 0x40, 0x6A,
    0xAA, 0xAA, 0x8B, 0xFF, 0xFF, 0xFD, 0x1F, 0xFA, 0xAF, 0xD0, 0xFF, 0x40, 0x7E, 0x0F, 0xF4, 0x03,
    0xF0, 0xFF, 0x40, 0x1E, 0x0F, 0xF4, 0x00, 0x00, 0xFF, 0x40, 0x00, 0x0F, 0xF4, 0x00, 0x00, 0xFF,
    0x40, 0x00, 0x0F, 0xF4, 0x00, 0x00, 0xFF, 0x40, 0x00, 0x0F, 0xF4, 0x00, 0x00, 0xFF, 0x40, 0x00,
    0x0F, 0xF4, 0x00, 0x00, 0xFF, 0x40, 0x00, 0xBF, 0xFF, 0x40, 0x0B, 0xFF, 0xF4, 0x00, 0x02, 0xAA,
    0xAA, 0xAA, 0x80, 0x1F, 0xFF, 0xFF, 0xFF, 0x40, 0x1F, 0xFF, 0xFF, 0xF4, 0x00, 0x1F, 0x00, 0xBF,
    0x80, 0x00, 0x7C, 0x02, 0xFE, 0x00, 0x01, 0xF0, 0x0B, 0xF8, 0x00, 0x07, 0xC0, 0x2F, 0xE0, 0x00,
    0x1F, 0x00, 0xBF, 0x80, 0x00, 0x7C, 0x02, 0xFE, 0x00, 0x02, 0xF0, 0x0B, 0xF8, 0x00, 0x0B, 0x80,
    0x2F, 0xE0, 0x00, 0x3E, 0x00, 0xBF, 0x80, 0x00, 0xF4, 0x02, 0xFE, 0x00, 0x07, 0xC0, 0x0B, 0xF8,
    0x00, 0x2F, 0x00, 0x2F, 0xE0, 0x15, 0xF9, 0x55, 0xFF, 0x94, 0xFF, 0xFF, 0xFF, 0xFF, 0xF7, 0xFF,
    0xFF, 0xFF, 0xFF, 0xDF, 0xD0, 0x00, 0x00, 0x3F, 0x7F, 0x00, 0x00, 0x00, 0x7D, 0xF8, 0x00, 0x00,
    0x00, 0xF7, 0xD0, 0x00, 0x00, 0x03, 0xD0, 0x6A, 0xAA, 0xAA, 0x83, 0xFF, 0xFF, 0xFF, 0x82, 0xFF,
    0xAA, 0xFF, 0x03, 0xFD, 0x00, 0xFC, 0x0F, 0xF4, 0x01, 0xF0, 0x3F, 0xD0, 0x01, 0x00, 0xFF, 0x42,
    0xC0, 0x03, 0xFD, 0x0F, 0x00, 0x0F, 0xFF, 0xFC, 0x00, 0x3F, 0xFF, 0xF0, 0x00, 0xFF, 0x47, 0xC0,
    0x03, 0xFD, 0x0B, 0x00, 0x0F, 0xF4, 0x00, 0x10, 0x3F, 0xD0, 0x03, 0xE0, 0xFF, 0x40, 0x0F, 0x43,
    0xFD, 0x01, 0xFD, 0xBF, 0xFF, 0xFF, 0xF3, 0xFF, 0xFF, 0xFF, 0xC0, 0x0A, 0x80, 0x0A, 0xAA, 0x90,
    0x06, 0x90, 0x2F, 0xF4, 0x0F, 0xFF, 0xF0, 0x2F, 0xF4, 0x3F, 0xFC, 0x06, 0xFF, 0x80, 0x7F, 0xF8,
    0x2F, 0xBD, 0x01, 0xFF, 0x00, 0xBF, 0xF4, 0x0A, 0x3E, 0x01, 0xFF, 0x00, 0xF4, 0x90, 0x00, 0x1F,
    0x01, 0xFF, 0x01, 0xF0, 0x00, 0x00, 0x0F, 0x81, 0xFF, 0x03, 0xE0, 0x00, 0x00, 0x07, 0xD1, 0xFF,
    0x0F, 0xC0, 0x00, 0x00, 0x01, 0xFF, 0xFF, 0xFF, 0x00, 0x00, 0x00, 0x07, 0xFF, 0xFF, 0xFF, 0x80,
    0x00, 0x00, 0x2F, 0xF1, 0xFF, 0x1F, 0xF4, 0x00, 0x00, 0x7F, 0xC1, 0xFF, 0x07, 0xFC, 0x00, 0x00,
    0xFF, 0x41, 0xFF, 0x03, 0xFD, 0x00, 0x01, 0xFF, 0x01, 0xFF, 0x02, 0xFF, 0x00, 0x03, 0xFE, 0x01,
    0xFF, 0x00, 0xFF, 0x40, 0x07, 0xFD, 0x01, 0xFF, 0x00, 0xBF, 0xC0, 0xBF, 0xFC, 0x0F, 0xFF, 0xE0,
    0x3F, 0xFC, 0x7F, 0xF0, 0x0F, 0xFF, 0xF0, 0x1F, 0xF8, 0x01, 0x00, 0x00, 0x00, 0x00, 0x01, 0x40,
    0x1E, 0x1B, 0xF9, 0x00, 0x7F, 0xFF, 0xFF, 0x01, 0xFE, 0x47, 0xFE, 0x03, 0xD0, 0x07, 0xFC, 0x0F,
    0x00, 0x0F, 0xF0, 0x38, 0x00, 0x3F, 0xC0, 0x00, 0x02, 0xFD, 0x00, 0x00, 0x6F, 0xD0, 0x00, 0xFF,
    0xF8, 0x00, 0x03, 0xFF, 0xFE, 0x00, 0x00, 0x07, 0xFF, 0x00, 0x00, 0x03, 0xFD, 0x00, 0x00, 0x0B,
    0xF8, 0xF0, 0x00, 0x2F, 0xE3, 0xE0, 0x00, 0xFF, 0x4B, 0xF4, 0x1F, 0xFC, 0x0B, 0xFF, 0xFF, 0xC0,
    0x07, 0xFF, 0xF8, 0x00, 0x00, 0x54, 0x00, 0x00, 0x6A, 0xAA, 0x01, 0xAA, 0xAA, 0xFF, 0xFC, 0x0F,
    0xFF, 0xF1, 0xFF, 0xD0, 0x1B, 0xFE, 0x43, 0xFD, 0x00, 0x0F, 0xF0, 0x0F, 0xF4, 0x00, 0x3F, 0xC0,
    0x3F, 0xD0, 0x03, 0xFF, 0x00, 0xFF, 0x40, 0x3F, 0xFC, 0x03, 0xFD, 0x03, 0xFF, 0xF0, 0x0F, 0xF4,
    0x3F, 0x3F, 0xC0, 0x3F, 0xD3, 0xF0, 0xFF, 0x00, 0xFF, 0xBF, 0x03, 0xFC, 0x03, 0xFF, 0xE0, 0x0F,
    0xF0, 0x0F, 0xFE, 0x00, 0x3F, 0xC0, 0x3F, 0xE0, 0x00, 0xFF, 0x00, 0xFF, 0x40, 0x03, 0xFC, 0x03,
    0xFD, 0x00, 0x0F, 0xF4, 0xBF, 0xFF, 0x02, 0xFF, 0xFE, 0xFF, 0xFC, 0x0F, 0xFF, 0xF0, 0x00, 0x2E,
    0x00, 0xF4, 0x00, 0x02, 0xFC, 0x0B, 0xF0, 0x00, 0x0B, 0xF0, 0x1F, 0xC0, 0x00, 0x0F, 0xE6, 0xBC,
    0x00, 0x00, 0x06, 0xBE, 0x40, 0x00, 0x00, 0x00, 0x00, 0x00, 0x06, 0xAA, 0xA0, 0x1A, 0xAA, 0xAF,
    0xFF, 0xC0, 0xFF, 0xFF, 0x1F, 0xFD, 0x01, 0xBF, 0xE4, 0x3F, 0xD0, 0x00, 0xFF, 0x00, 0xFF, 0x40,
    0x03, 0xFC, 0x03, 0xFD, 0x00, 0x3F, 0xF0, 0x0F, 0xF4, 0x03, 0xFF, 0xC0, 0x3F, 0xD0, 0x3F, 0xFF,
    0x00, 0xFF, 0x43, 0xF3, 0xFC, 0x03, 0xFD, 0x3F, 0x0F, 0xF0, 0x0F, 0xFB, 0xF0, 0x3F, 0xC0, 0x3F,
    0xFE, 0x00, 0xFF, 0x00, 0xFF, 0xE0, 0x03, 0xFC, 0x03, 0xFE, 0x00, 0x0F, 0xF0, 0x0F, 0xF4, 0x00,
    0x3F, 0xC0, 0x3F, 0xD0, 0x00, 0xFF, 0x4B, 0xFF, 0xF0, 0x2F, 0xFF, 0xEF, 0xFF, 0xC0, 0xFF, 0xFF,
    0x6A, 0xAA, 0x00, 0x2A, 0x42, 0xFF, 0xFC, 0x03, 0xFF, 0x01, 0xFF, 0xD0, 0x2F, 0xFD, 0x03, 0xFD,
    0x00, 0xFB, 0xF0, 0x0F, 0xF4, 0x07, 0xC6, 0x00, 0x3F, 0xD0, 0x2E, 0x00, 0x00, 0xFF, 0x40, 0xF0,
    0x00, 0x03, 0xFD, 0x1F, 0x80, 0x00, 0x0F, 0xFF, 0xF8, 0x00, 0x00, 0x3F, 0xFF, 0xF8, 0x00, 0x00,
    0xFF, 0x4B, 0xFC, 0x00, 0x03, 0xFD, 0x0B, 0xF8, 0x00, 0x0F, 0xF4, 0x0F, 0xF0, 0x00, 0x3F, 0xD0,
    0x3F, 0xE0, 0x00, 0xFF, 0x40, 0x7F, 0xC0, 0x03, 0xFD, 0x00, 0xFF, 0x80, 0xBF, 0xFF, 0x02, 0xFF,
    0xF2, 0xFF, 0xFD, 0x02, 0xFF, 0x40, 0x00, 0x00, 0x00, 0x50, 0x00, 0x00, 0xAA, 0xAA, 0xAA, 0xA0,
    0x03, 0xFF, 0xFF, 0xFF, 0xD0, 0x06, 0xFF, 0xFF, 0xFD, 0x00, 0x03, 0xD0, 0x2F, 0xE0, 0x00, 0x0F,
    0x40, 0xBF, 0x80, 0x00, 0x3C, 0x02, 0xFE, 0x00, 0x00, 0xF0, 0x0B, 0xF8, 0x00, 0x03, 0xC0, 0x2F,
    0xE0, 0x00, 0x0F, 0x00, 0xBF, 0x80, 0x00, 0x7C, 0x02, 0xFE, 0x00, 0x01, 0xF0, 0x0B, 0xF8, 0x00,
    0x0B, 0x80, 0x2F, 0xE0, 0x00, 0x3D, 0x00, 0xBF, 0x80, 0x00, 0xF0, 0x02, 0xFE, 0x03, 0xDB, 0xC0,
    0x0B, 0xF8, 0x2F, 0xFD, 0x00, 0x3F, 0xE0, 0xBF, 0xF0, 0x07, 0xFF, 0xF4, 0xFF, 0x00, 0x1F, 0xFF,
    0xD0, 0x40, 0x00, 0x00, 0x00, 0x00, 0x2A, 0xA9, 0x00, 0x01, 0xAA, 0x91, 0xFF, 0xFC, 0x00, 0x0F,
    0xFF, 0xC1, 0xFF, 0xF0, 0x00, 0x7F, 0xF9, 0x01, 0xFF, 0xE0, 0x02, 0xFF, 0xC0, 0x07, 0xFF, 0xC0,
    0x0F, 0xFF, 0x00, 0x2F, 0xBF, 0x40, 0xBB, 0xFC, 0x00, 0xBC, 0xFF, 0x03, 0xDF, 0xF0, 0x02, 0xF3,
    0xFC, 0x1F, 0x3F, 0xD0, 0x0B, 0xC7, 0xF8, 0xB8, 0xBF, 0x40, 0x3F, 0x0F, 0xF3, 0xC2, 0xFD, 0x00,
    0xF8, 0x2F, 0xFE, 0x0B, 0xF4, 0x03, 0xE0, 0x3F, 0xF4, 0x2F, 0xE0, 0x0F, 0x80, 0xFF, 0xC0, 0x7F,
    0x80, 0x3E, 0x01, 0xFD, 0x01, 0xFE, 0x00, 0xF4, 0x03, 0xF0, 0x07, 0xFC, 0x03, 0xE0, 0x00, 0x00,
    0x1F, 0xF0, 0xFF, 0xF4, 0x00, 0x03, 0xFF, 0xFB, 0xFF, 0xD0, 0x00, 0x1F, 0xFF, 0xE0, 0x6A, 0xAA,
    0x02, 0xAA, 0xA7, 0xFF, 0xFC, 0x0F, 0xFF, 0xF2, 0xFF, 0x90, 0x1B, 0xFE, 0x43, 0xFD, 0x00, 0x0F,
    0xF0, 0x0F, 0xF4, 0x00, 0x3F, 0xC0, 0x3F, 0xD0, 0x00, 0xFF, 0x00, 0xFF, 0x40, 0x03, 0xFC, 0x03,
    0xFD, 0x00, 0x1F, 0xF0, 0x0F, 0xFF, 0xFF, 0xFF, 0xC0, 0x3F, 0xFF, 0xFF, 0xFF, 0x00, 0xFF, 0x55,
    0x57, 0xFC, 0x03, 0xFD, 0x00, 0x0F, 0xF0, 0x0F, 0xF4, 0x00, 0x3F, 0xC0, 0x3F, 0xD0, 0x00, 0xFF,
    0x00, 0xFF, 0x40, 0x03, 0xFC, 0x03, 0xFD, 0x00, 0x1F, 0xF0, 0xBF, 0xFF, 0x03, 0xFF, 0xFB, 0xFF,
    0xFC, 0x0F, 0xFF, 0xF0, 0x00, 0x1B, 0xFE, 0x40, 0x00, 0x1F, 0xFF, 0xFF, 0x00, 0x07, 0xFE, 0xAF,
    0xFC, 0x00, 0xFF, 0x00, 0x3F, 0xF0, 0x3F, 0xD0, 0x00, 0xFF, 0x47, 0xFC, 0x00, 0x0B, 0xFC, 0xBF,
    0x80, 0x00, 0x7F, 0xCF, 0xF8, 0x00, 0x03, 0xFD, 0xFF, 0x40, 0x00, 0x3F, 0xDF, 0xF4, 0x00, 0x03,
    0xFD, 0xFF, 0x80, 0x00, 0x3F, 0xCF, 0xF8, 0x00, 0x03, 0xFC, 0xBF, 0xC0, 0x00, 0x7F, 0xC3, 0xFD,
    0x00, 0x0B, 0xF4, 0x2F, 0xF0, 0x00, 0xFF, 0x00, 0xFF, 0xD0, 0x7F, 0xC0, 0x03, 0xFF, 0xFF, 0xF0,
    0x00, 0x0B, 0xFF, 0xF8, 0x00, 0x00, 0x01, 0x50, 0x00, 0x00, 0x6A, 0xAA, 0xAA, 0xAA, 0xA6, 0xFF,
    0xFF, 0xFF, 0xFF, 0xF1, 0xFF, 0xFF, 0xFF, 0xFE, 0x43, 0xFD, 0x00, 0x0F, 0xF0, 0x0F, 0xF4, 0x00,
    0x3F, 0xC0, 0x3F, 0xD0, 0x00, 0xFF, 0x00, 0xFF, 0x40, 0x03, 0xFC, 0x03, 0xFD, 0x00, 0x0F, 0xF0,
    0x0F, 0xF4, 0x00, 0x3F, 0xC0, 0x3F, 0xD0, 0x00, 0xFF, 0x00, 0xFF, 0x40, 0x03, 0xFC, 0x03, 0xFD,
    0x00, 0x0F, 0xF0, 0x0F, 0xF4, 0x00, 0x3F, 0xC0, 0x3F, 0xD0, 0x00, 0xFF, 0x00, 0xFF, 0x40, 0x03,
    0xFC, 0x03, 0xFD, 0x00, 0x0F, 0xF0, 0xBF, 0xFF, 0x03, 0xFF, 0xFE, 0xFF, 0xFC, 0x0F, 0xFF, 0xF0,
    0x6A, 0xAA, 0x94, 0x03, 0xFF, 0xFF, 0xFE, 0x02, 0xFF, 0xAB, 0xFF, 0x03, 0xFD, 0x03, 0xFD, 0x0F,
    0xF4, 0x0B, 0xF8, 0x3F, 0xD0, 0x2F, 0xF0, 0xFF, 0x40, 0xBF, 0x83, 0xFD, 0x03, 0xFE, 0x0F, 0xF4,
    0x1F, 0xF0, 0x3F, 0xFF, 0xFF, 0x40, 0xFF, 0xFF, 0xF0, 0x03, 0xFE, 0x54, 0x00, 0x0F, 0xF4, 0x00,
    0x00, 0x3F, 0xD0, 0x00, 0x00, 0xFF, 0x40, 0x00, 0x03, 0xFD, 0x00, 0x00, 0xBF, 0xFF, 0xC0, 0x03,
    0xFF, 0xFF, 0x00, 0x00, 0x00, 0x1B, 0xF8, 0x74, 0x01, 0xFF, 0xFF, 0xF8, 0x07, 0xFE, 0xAF, 0xFC,
    0x1F, 0xF0, 0x01, 0xFC, 0x3F, 0xD0, 0x00, 0xBC, 0x7F, 0xC0, 0x00, 0x3D, 0xBF, 0x80, 0x00, 0x14,
    0xFF, 0x40, 0x00, 0x00, 0xFF, 0x40, 0x00, 0x00, 0xFF, 0x40, 0x00, 0x00, 0xFF, 0x80, 0x00, 0x00,
    0xFF, 0x80, 0x00, 0x00, 0xBF, 0xC0, 0x00, 0x00, 0x3F, 0xE0, 0x00, 0x04, 0x2F, 0xF4, 0x00, 0x3D,
    0x0F, 0xFF, 0x9B, 0xFC, 0x03, 0xFF, 0xFF, 0xF0, 0x00, 0x7F, 0xFF, 0x40, 0x00, 0x01, 0x50, 0x00,
    0x1A, 0xAA, 0xAA, 0xAA, 0x80, 0xBF, 0xFF, 0xFF, 0xFF, 0x43, 0xFE, 0xBF, 0xEA, 0xFE, 0x0F, 0xC0,
    0xFF, 0x41, 0xF8, 0x3D, 0x03, 0xFD, 0x03, 0xF1, 0xF0, 0x0F, 0xF4, 0x07, 0xC0, 0x00, 0x3F, 0xD0,
    0x00, 0x00, 0x00, 0xFF, 0x40, 0x00, 0x00, 0x03, 0xFD, 0x00, 0x00, 0x00, 0x0F, 0xF4, 0x00, 0x00,
    0x00, 0x3F, 0xD0, 0x00, 0x00, 0x00, 0xFF, 0x40, 0x00, 0x00, 0x03, 0xFD, 0x00, 0x00, 0x00, 0x0F,
    0xF4, 0x00, 0x00, 0x00, 0x3F, 0xD0, 0x00, 0x00, 0x00, 0xFF, 0x80, 0x00, 0x00, 0x7F, 0xFF, 0xF0,
    0x00, 0x01, 0xFF, 0xFF, 0xC0, 0x00, 0x6A, 0xAA, 0x02, 0xAA, 0x8F, 0xFF, 0xF4, 0x3F, 0xFD, 0x6F,
    0xFD, 0x01, 0xBF, 0x40, 0x7F, 0x80, 0x07, 0xC0, 0x03, 0xFC, 0x00, 0xB8, 0x00, 0x1F, 0xE0, 0x0F,
    0x40, 0x00, 0xFF, 0x01, 0xF0, 0x00, 0x07, 0xF4, 0x3D, 0x00, 0x00, 0x3F, 0xC3, 0xC0, 0x00, 0x01,
    0xFD, 0xB8, 0x00, 0x00, 0x0F, 0xFF, 0x00, 0x00, 0x00, 0x7F, 0xF0, 0x00, 0x00, 0x03, 0xFD, 0x00,
    0x00, 0x00, 0x1F, 0xC0, 0x00, 0x00, 0xF0, 0xF4, 0x00, 0x00, 0x3F, 0xEF, 0x00, 0x00, 0x03, 0xFF,
    0xC0, 0x00, 0x00, 0x1F, 0xF0, 0x00, 0x00, 0x00, 0x14, 0x00, 0x00, 0x00, 0x00, 0x01, 0x55, 0x54,
    0x00, 0x00, 0x00, 0x3F, 0xFF, 0xC0, 0x00, 0x00, 0x01, 0xBF, 0xF4, 0x00, 0x00, 0x00, 0x03, 0xFC,
    0x00, 0x00, 0x00, 0xBF, 0xFF, 0xFF, 0xE0, 0x00, 0x7F, 0xEB, 0xFF, 0xBF, 0xE0, 0x1F, 0xF0, 0x3F,
    0xC0, 0xFF, 0x43, 0xFC, 0x03, 0xFC, 0x03, 0xFC, 0x3F, 0xC0, 0x3F, 0xC0, 0x3F, 0xC3, 0xFC, 0x03,
    0xFC, 0x02, 0xFD, 0x3F, 0xC0, 0x3F, 0xC0, 0x2F, 0xD3, 0xFC, 0x03, 0xFC, 0x03, 0xFC, 0x3F, 0xD0,
    0x3F, 0xC0, 0x7F, 0xC1, 0xFF, 0x03, 0xFC, 0x0F, 0xF4, 0x07, 0xFF, 0xFF, 0xFF, 0xFD, 0x00, 0x0B,
    0xFF, 0xFF, 0xFE, 0x00, 0x00, 0x00, 0x3F, 0xC0, 0x00, 0x00, 0x00, 0x1B, 0xFE, 0x40, 0x00, 0x00,
    0x03, 0xFF, 0xFC, 0x00, 0x00, 0x00, 0x15, 0x55, 0x40, 0x00, 0x2A, 0xAA, 0x40, 0xAA, 0xA2, 0xFF,
    0xFE, 0x07, 0xFF, 0xC6, 0xFF, 0xE0, 0x0B, 0xF9, 0x00, 0xFF, 0x80, 0x1F, 0x40, 0x01, 0xFF, 0x40,
    0xF8, 0x00, 0x02, 0xFF, 0x0F, 0xC0, 0x00, 0x03, 0xFE, 0xBC, 0x00, 0x00, 0x03, 0xFF, 0xD0, 0x00,
    0x00, 0x07, 0xFE, 0x00, 0x00, 0x00, 0x0B, 0xFC, 0x00, 0x00, 0x00, 0x3F, 0xFC, 0x00, 0x00, 0x03,
    0xFF, 0xF8, 0x00, 0x00, 0x3F, 0x1F, 0xF4, 0x00, 0x02, 0xF0, 0x2F, 0xF0, 0x00, 0x2F, 0x40, 0x3F,
    0xF0, 0x02, 0xFC, 0x00, 0x3F, 0xE0, 0xBF, 0xFD, 0x0B, 0xFF, 0xFA, 0xFF, 0xF4, 0x2F, 0xFF, 0xE0,
    0x6A, 0xAA, 0x02, 0xAA, 0xA4, 0xBF, 0xFF, 0x03, 0xFF, 0xFC, 0x1F, 0xFD, 0x01, 0xBF, 0xE4, 0x0F,
    0xF4, 0x00, 0x3F, 0xC0, 0x0F, 0xF4, 0x00, 0x3F, 0xC0, 0x0F, 0xF4, 0x00, 0x3F, 0xC0, 0x0F, 0xF4,
    0x00, 0x3F, 0xC0, 0x0F, 0xF4, 0x00, 0x3F, 0xC0, 0x0F, 0xF4, 0x00, 0x3F, 0xC0, 0x0F, 0xF4, 0x00,
    0x3F, 0xC0, 0x0F, 0xF4, 0x00, 0x3F, 0xC0, 0x0F, 0xF4, 0x00, 0x3F, 0xC0, 0x0F, 0xF4, 0x00, 0x3F,
    0xC0, 0x0F, 0xF4, 0x00, 0x3F, 0xC0, 0x0F, 0xF4, 0x00, 0x3F, 0xC0, 0x0F, 0xF9, 0x55, 0xBF, 0xD5,
    0xBF, 0xFF, 0xFF, 0xFF, 0xFF, 0xBF, 0xFF, 0xFF, 0xFF, 0xFF, 0x00, 0x00, 0x00, 0x00, 0x7F, 0x00,
    0x00, 0x00, 0x00, 0x3F, 0x00, 0x00, 0x00, 0x00, 0x2F, 0x00, 0x00, 0x00, 0x00, 0x1A, 0x6A, 0xAA,
    0x02, 0xAA, 0xA6, 0xFF, 0xFD, 0x1F, 0xFF, 0xE1, 0xFF, 0xD0, 0x1F, 0xFD, 0x02, 0xFD, 0x00, 0x1F,
    0xF0, 0x0B, 0xF4, 0x00, 0x7F, 0xC0, 0x2F, 0xD0, 0x01, 0xFF, 0x00, 0xBF, 0x40, 0x07, 0xFC, 0x02,
    0xFE, 0x00, 0x1F, 0xF0, 0x0B, 0xFC, 0x00, 0xBF, 0xC0, 0x0F, 0xFE, 0x6F, 0xFF, 0x00, 0x1F, 0xFF,
    0xFF, 0xFC, 0x00, 0x0B, 0xFE, 0x5F, 0xF0, 0x00, 0x00, 0x00, 0x7F, 0xC0, 0x00, 0x00, 0x01, 0xFF,
    0x00, 0x00, 0x00, 0x07, 0xFC, 0x00, 0x00, 0x00, 0x2F, 0xF0, 0x00, 0x00, 0x0B, 0xFF, 0xF4, 0x00,
    0x00, 0x2F, 0xFF, 0xE0, 0x6A, 0xAA, 0x0A, 0xAA, 0x90, 0xAA, 0xA8, 0xBF, 0xFF, 0x0F, 0xFF, 0xF1,
    0xFF, 0xFD, 0x1F, 0xFD, 0x06, 0xFF, 0x90, 0x7F, 0xF4, 0x0F, 0xF4, 0x00, 0xFF, 0x00, 0x2F, 0xE0,
    0x0F, 0xF4, 0x00, 0xFF, 0x00, 0x2F, 0xE0, 0x0F, 0xF4, 0x00, 0xFF, 0x00, 0x2F, 0xE0, 0x0F, 0xF4,
    0x00, 0xFF, 0x00, 0x2F, 0xE0, 0x0F, 0xF4, 0x00, 0xFF, 0x00, 0x2F, 0xE0, 0x0F, 0xF4, 0x00, 0xFF,
    0x00, 0x2F, 0xE0, 0x0F, 0xF4, 0x00, 0xFF, 0x00, 0x2F, 0xE0, 0x0F, 0xF4, 0x00, 0xFF, 0x00, 0x2F,
    0xE0, 0x0F, 0xF4, 0x00, 0xFF, 0x00, 0x2F, 0xE0, 0x0F, 0xF4, 0x00, 0xFF, 0x00, 0x2F, 0xE0, 0x0F,
    0xF4, 0x00, 0xFF, 0x00, 0x2F, 0xE0, 0x0F, 0xF4, 0x00, 0xFF, 0x00, 0x2F, 0xE0, 0x0F, 0xF9, 0x56,
    0xFF, 0x55, 0x6F, 0xF0, 0xBF, 0xFF, 0xFF, 0xFF, 0xFF, 0xFF, 0xFD, 0xBF, 0xFF, 0xFF, 0xFF, 0xFF,
    0xFF, 0xFD, 0x6A, 0xAA, 0x0A, 0xAA, 0x90, 0xAA, 0xA8, 0x2F, 0xFF, 0xC3, 0xFF, 0xFC, 0x7F, 0xFF,
    0x41, 0xFF, 0xD0, 0x6F, 0xF9, 0x07, 0xFF, 0x40, 0x3F, 0xD0, 0x03, 0xFC, 0x00, 0xBF, 0x80, 0x0F,
    0xF4, 0x00, 0xFF, 0x00, 0x2F, 0xE0, 0x03, 0xFD, 0x00, 0x3F, 0xC0, 0x0B, 0xF8, 0x00, 0xFF, 0x40,
    0x0F, 0xF0, 0x02, 0xFE, 0x00, 0x3F, 0xD0, 0x03, 0xFC, 0x00, 0xBF, 0x80, 0x0F, 0xF4, 0x00, 0xFF,
    0x00, 0x2F, 0xE0, 0x03, 0xFD, 0x00, 0x3F, 0xC0, 0x0B, 0xF8, 0x00, 0xFF, 0x40, 0x0F, 0xF0, 0x02,
    0xFE, 0x00, 0x3F, 0xD0, 0x03, 0xFC, 0x00, 0xBF, 0x80, 0x0F, 0xF4, 0x00, 0xFF, 0x00, 0x2F, 0xE0,
    0x03, 0xFD, 0x00, 0x3F, 0xC0, 0x0B, 0xF8, 0x00, 0xFF, 0x40, 0x0F, 0xF0, 0x02, 0xFE, 0x00, 0x3F,
    0xE5, 0x5B, 0xFD, 0x55, 0xBF, 0xD5, 0xBF, 0xFF, 0xFF, 0xFF, 0xFF, 0xFF, 0xFF, 0xAF, 0xFF, 0xFF,
    0xFF, 0xFF, 0xFF, 0xFF, 0xE0, 0x00, 0x00, 0x00, 0x00, 0x00, 0x02, 0xF8, 0x00, 0x00, 0x00, 0x00,
    0x00, 0x00, 0x3E, 0x00, 0x00, 0x00, 0x00, 0x00, 0x00, 0x0F, 0x80, 0x00, 0x00, 0x00, 0x00, 0x00,
    0x01, 0x90, 0x1A, 0xAA, 0xAA, 0x00, 0x00, 0x3F, 0xFF, 0xFF, 0x40, 0x00, 0x3F, 0xEF, 0xFD, 0x00,
    0x00, 0x7E, 0x0B, 0xF4, 0x00, 0x00, 0x7C, 0x0B, 0xF4, 0x00, 0x00, 0xBC, 0x0B, 0xF4, 0x00, 0x00,
    0x00, 0x0B, 0xF4, 0x00, 0x00, 0x00, 0x0B, 0xFE, 0xA5, 0x00, 0x00, 0x0B, 0xFF, 0xFF, 0xD0, 0x00,
    0x0B, 0xF9, 0xAF, 0xF4, 0x00, 0x0B, 0xF4, 0x07, 0xFC, 0x00, 0x0B, 0xF4, 0x03, 0xFD, 0x00, 0x0B,
    0xF4, 0x03, 0xFD, 0x00, 0x0B, 0xF4, 0x03, 0xFD, 0x00, 0x0B, 0xF4, 0x03, 0xFC, 0x00, 0x0F, 0xF4,
    0x0F, 0xF8, 0x00, 0x7F, 0xFF, 0xFF, 0xE0, 0x00, 0xBF, 0xFF, 0xFE, 0x00, 0x6A, 0xAA, 0x00, 0x01,
    0xAA, 0xA8, 0xBF, 0xFF, 0x00, 0x02, 0xFF, 0xFD, 0x1F, 0xFD, 0x00, 0x00, 0x7F, 0xF4, 0x0F, 0xF4,
    0x00, 0x00, 0x3F, 0xD0, 0x0F, 0xF4, 0x00, 0x00, 0x3F, 0xD0, 0x0F, 0xF4, 0x00, 0x00, 0x3F, 0xD0,
    0x0F, 0xF4, 0x00, 0x00, 0x3F, 0xD0, 0x0F, 0xFA, 0xA4, 0x00, 0x3F, 0xD0, 0x0F, 0xFF, 0xFF, 0xC0,
    0x3F, 0xD0, 0x0F, 0xF9, 0xBF, 0xF0, 0x3F, 0xD0, 0x0F, 0xF4, 0x0F, 0xF8, 0x3F, 0xD0, 0x0F, 0xF4,
    0x07, 0xFC, 0x3F, 0xD0, 0x0F, 0xF4, 0x03, 0xFC, 0x3F, 0xD0, 0x0F, 0xF4, 0x07, 0xFC, 0x3F, 0xD0,
    0x0F, 0xF4, 0x0B, 0xF8, 0x3F, 0xD0, 0x0F, 0xF4, 0x1F, 0xF0, 0x3F, 0xE0, 0xBF, 0xFF, 0xFF, 0xD2,
    0xFF, 0xFC, 0xBF, 0xFF, 0xF9, 0x02, 0xFF, 0xFD, 0x6A, 0xAA, 0x00, 0x00, 0xBF, 0xFF, 0x00, 0x00,
    0x1F, 0xFD, 0x00, 0x00, 0x0F, 0xF4, 0x00, 0x00, 0x0F, 0xF4, 0x00, 0x00, 0x0F, 0xF4, 0x00, 0x00,
    0x0F, 0xF4, 0x00, 0x00, 0x0F, 0xFA, 0xA4, 0x00, 0x0F, 0xFF, 0xFF, 0xD0, 0x0F, 0xF9, 0xBF, 0xF4,
    0x0F, 0xF4, 0x0B, 0xFC, 0x0F, 0xF4, 0x03, 0xFC, 0x0F, 0xF4, 0x03, 0xFD, 0x0F, 0xF4, 0x03, 0xFC,
    0x0F, 0xF4, 0x07, 0xFC, 0x0F, 0xF4, 0x1F, 0xF4, 0xBF, 0xFF, 0xFF, 0xD0, 0xBF, 0xFF, 0xFD, 0x00,
    0x1E, 0x1B, 0xF9, 0x00, 0x07, 0xEF, 0xFF, 0xF4, 0x01, 0xFF, 0xAB, 0xFF, 0x40, 0x7E, 0x00, 0x2F,
    0xF0, 0x0F, 0x00, 0x03, 0xFE, 0x03, 0x80, 0x00, 0x7F, 0xC0, 0x40, 0x00, 0x0F, 0xF0, 0x00, 0x00,
    0x03, 0xFD, 0x01, 0xAA, 0xAA, 0xFF, 0x40, 0x7F, 0xFF, 0xFF, 0xD0, 0x05, 0x55, 0x5F, 0xF0, 0x00,
    0x00, 0x03, 0xFC, 0x00, 0x00, 0x01, 0xFF, 0x07, 0x40, 0x00, 0xFF, 0x43, 0xF0, 0x00, 0xBF, 0xC0,
    0x3F, 0x95, 0xFF, 0xD0, 0x07, 0xFF, 0xFF, 0xD0, 0x00, 0x2F, 0xFF, 0x80, 0x00, 0x00, 0x14, 0x00,
    0x00, 0x6A, 0xAA, 0x00, 0x02, 0xBE, 0x40, 0x02, 0xFF, 0xFC, 0x00, 0xBF, 0xFF, 0xE0, 0x01, 0xFF,
    0xD0, 0x0F, 0xFE, 0xBF, 0xF0, 0x03, 0xFD, 0x00, 0xFF, 0x40, 0x3F, 0xE0, 0x0F, 0xF4, 0x0B, 0xF8,
    0x00, 0x7F, 0xC0, 0x3F, 0xD0, 0x3F, 0xC0, 0x00, 0xFF, 0x80, 0xFF, 0x41, 0xFF, 0x00, 0x02, 0xFF,
    0x03, 0xFD, 0x0B, 0xFC, 0x00, 0x07, 0xFC, 0x0F, 0xFF, 0xFF, 0xE0, 0x00, 0x1F, 0xF0, 0x3F, 0xFF,
    0xFF, 0x80, 0x00, 0x7F, 0xC0, 0xFF, 0x56, 0xFF, 0x00, 0x01, 0xFF, 0x03, 0xFD, 0x07, 0xFC, 0x00,
    0x07, 0xFC, 0x0F, 0xF4, 0x0F, 0xF0, 0x00, 0x2F, 0xE0, 0x3F, 0xD0, 0x3F, 0xD0, 0x00, 0xFF, 0x00,
    0xFF, 0x40, 0x7F, 0xC0, 0x07, 0xF8, 0x03, 0xFD, 0x00, 0xFF, 0xD0, 0x7F, 0xC0, 0xBF, 0xFF, 0x00,
    0xFF, 0xFF, 0xFC, 0x02, 0xFF, 0xFC, 0x00, 0x7F, 0xFF, 0x80, 0x00, 0x00, 0x00, 0x00, 0x05, 0x40,
    0x00, 0x00, 0x00, 0x01, 0x6A, 0xAA, 0x80, 0x02, 0xFF, 0xFF, 0xFD, 0x01, 0xFF, 0xEB, 0xFF, 0x40,
    0x3F, 0xE0, 0x2F, 0xE0, 0x07, 0xFC, 0x02, 0xFE, 0x00, 0x7F, 0xC0, 0x2F, 0xE0, 0x07, 0xFC, 0x02,
    0xFE, 0x00, 0x3F, 0xD0, 0x2F, 0xE0, 0x00, 0xFF, 0x42, 0xFE, 0x00, 0x01, 0xBF, 0xFF, 0xE0, 0x00,
    0x0B, 0xFF, 0xFE, 0x00, 0x07, 0xF8, 0x2F, 0xE0, 0x00, 0xFF, 0x02, 0xFE, 0x00, 0x2F, 0xE0, 0x2F,
    0xE0, 0x03, 0xFD, 0x02, 0xFE, 0x00, 0xBF, 0xC0, 0x3F, 0xE0, 0xBF, 0xF8, 0x2F, 0xFF, 0xD7, 0xFE,
    0x02, 0xFF, 0xFD, 0x01, 0x00, 0x00, 0x00, 0x00, 0x00, 0x00, 0x00, 0x00, 0x0B, 0xFF, 0x80, 0x00,
    0xFE, 0xBF, 0xD0, 0x0B, 0xD0, 0x3F, 0xC0, 0x3F, 0x80, 0xFF, 0x00, 0x7D, 0x03, 0xFC, 0x00, 0x00,
    0x0F, 0xF0, 0x00, 0x6F, 0xFF, 0xC0, 0x0F, 0xFA, 0xFF, 0x00, 0xFF, 0x03, 0xFC, 0x03, 0xFC, 0x0F,
    0xF0, 0x0F, 0xF0, 0x7F, 0xD0, 0x2F, 0xFF, 0xBF, 0xF4, 0x3F, 0xF4, 0xBF, 0xC0, 0x05, 0x00, 0x10,
    0x00, 0x00, 0x00, 0x02, 0x40, 0x00, 0x00, 0x78, 0x00, 0x6F, 0xFF, 0x40, 0x2F, 0xFF, 0xF0, 0x0B,
    0xFF, 0xFE, 0x01, 0xFF, 0xFA, 0x40, 0x3F, 0x40, 0x00, 0x07, 0xC0, 0x50, 0x00, 0xB8, 0xBF, 0xF8,
    0x0F, 0xAF, 0xBF, 0xF0, 0xFF, 0xC0, 0xBF, 0x8F, 0xF4, 0x03, 0xFC, 0xFF, 0x00, 0x3F, 0xCF, 0xF0,
    0x03, 0xFC, 0xFF, 0x00, 0x3F, 0xCB, 0xF4, 0x03, 0xFC, 0x7F, 0x80, 0x3F, 0x83, 0xFC, 0x0B, 0xF0,
    0x0F, 0xFB, 0xFD, 0x00, 0x2F, 0xFE, 0x00, 0x00, 0x15, 0x00, 0x00, 0x3F, 0xFF, 0xF9, 0x00, 0xFF,
    0xFF, 0xFF, 0x00, 0x7F, 0x82, 0xFD, 0x01, 0xFE, 0x07, 0xF4, 0x07, 0xF8, 0x2F, 0xC0, 0x1F, 0xF5,
    0xF8, 0x00, 0x7F, 0xFF, 0xE4, 0x01, 0xFF, 0x5B, 0xF8, 0x07, 0xF8, 0x0F, 0xF0, 0x1F, 0xE0, 0x3F,
    0xC0, 0x7F, 0x81, 0xFF, 0x0F, 0xFF, 0xAF, 0xF4, 0x3F, 0xFF, 0xFE, 0x00, 0x3F, 0xFF, 0xFF, 0x0F,
    0xFF, 0xFF, 0xC0, 0x7F, 0x81, 0xF4, 0x1F, 0xE0, 0x3E, 0x07, 0xF8, 0x0B, 0x81, 0xFE, 0x00, 0x00,
    0x7F, 0x80, 0x00, 0x1F, 0xE0, 0x00, 0x07, 0xF8, 0x00, 0x01, 0xFE, 0x00, 0x00, 0x7F, 0x80, 0x00,
    0xFF, 0xFF, 0x00, 0x3F, 0xFF, 0xC0, 0x00, 0x0F, 0xFF, 0xFF, 0xF8, 0x0F, 0xFF, 0xFF, 0xF8, 0x02,
    0xF4, 0x3F, 0xC0, 0x01, 0xF0, 0x3F, 0xC0, 0x01, 0xF0, 0x3F, 0xC0, 0x02, 0xF0, 0x3F, 0xC0, 0x02,
    0xF0, 0x3F, 0xC0, 0x02, 0xE0, 0x3F, 0xC0, 0x03, 0xE0, 0x3F, 0xC0, 0x03, 0xD0, 0x3F, 0xC0, 0x07,
    0xC0, 0x3F, 0xC0, 0xFF, 0xFF, 0xFF, 0xFC, 0xFF, 0xFF, 0xFF, 0xFC, 0xFD, 0x00, 0x00, 0xFC, 0xFC,
    0x00, 0x00, 0x7C, 0xF8, 0x00, 0x00, 0x7C, 0xB4, 0x00, 0x00, 0x3C, 0x00, 0x00, 0x00, 0x00, 0x07,
    0xFF, 0x80, 0x03, 0xFF, 0xFF, 0x00, 0xFF, 0x03, 0xF8, 0x1F, 0xD0, 0x2F, 0xC3, 0xFC, 0x02, 0xFC,
    0x3F, 0xFF, 0xFF, 0xC3, 0xFF, 0xFF, 0xFC, 0x3F, 0xC0, 0x00, 0x03, 0xFD, 0x00, 0x00, 0x2F, 0xF0,
    0x01, 0x40, 0xFF, 0xEA, 0xFC, 0x07, 0xFF, 0xFF, 0x40, 0x1F, 0xFF, 0x80, 0x00, 0x05, 0x40, 0x00,
    0x00, 0x00, 0x00, 0x00, 0x00, 0x00, 0x7F, 0x03, 0xFF, 0xF0, 0x2F, 0x43, 0xFF, 0x0F, 0xFF, 0xC3,
    0xFF, 0x0F, 0xFD, 0x0B, 0xF8, 0x1F, 0xFC, 0x09, 0x3C, 0x1F, 0xD0, 0xF1, 0x80, 0x00, 0xB4, 0x7F,
    0x47, 0x80, 0x00, 0x00, 0xF6, 0xFE, 0x7C, 0x00, 0x00, 0x06, 0xFF, 0xFF, 0xF4, 0x00, 0x00, 0xBF,
    0xAF, 0xEB, 0xFC, 0x00, 0x07, 0xF4, 0x7F, 0x47, 0xF8, 0x00, 0x3F, 0xC1, 0xFD, 0x0F, 0xF0, 0x01,
    0xFE, 0x0B, 0xF8, 0x2F, 0xE0, 0x7F, 0xF0, 0xBF, 0xFC, 0x3F, 0xF9, 0xFF, 0x43, 0xFF, 0xF0, 0x7F,
    0xD0, 0x00, 0x00, 0x00, 0x00, 0x00, 0x00, 0x00, 0x00, 0x00, 0x79, 0xFF, 0xE0, 0x7F, 0xEF, 0xF8,
    0x7D, 0x07, 0xFC, 0x3C, 0x03, 0xFC, 0x24, 0x03, 0xF8, 0x01, 0x5F, 0xE0, 0x0B, 0xFF, 0x90, 0x01,
    0x5B, 0xF8, 0x28, 0x03, 0xFD, 0xFE, 0x02, 0xFD, 0xFE, 0x03, 0xFD, 0xBE, 0x5F, 0xF8, 0x1F, 0xFF,
    0xD0, 0x00, 0x54, 0x00, 0x3F, 0xFF, 0x0F, 0xFF, 0x8F, 0xFF, 0xC7, 0xFF, 0xE0, 0xBF, 0x80, 0x3F,
    0xD0, 0x1F, 0xE0, 0x0F, 0xF0, 0x07, 0xF8, 0x0F, 0xFC, 0x01, 0xFE, 0x1F, 0xFF, 0x00, 0x7F, 0xAF,
    0x7F, 0xC0, 0x1F, 0xFF, 0x4F, 0xF0, 0x07, 0xFF, 0x03, 0xFC, 0x01, 0xFF, 0x00, 0xFF, 0x00, 0x7F,
    0x80, 0x3F, 0xC0, 0xFF, 0xFC, 0x3F, 0xFE, 0x3F, 0xFF, 0x1F, 0xFF, 0xC0, 0x00, 0x00, 0x00, 0x00,
    0x00, 0x2F, 0x41, 0xF8, 0x00, 0x0F, 0xE0, 0x7F, 0x00, 0x02, 0xF4, 0x1F, 0x80, 0x00, 0x2F, 0xFF,
    0x80, 0x00, 0x00, 0x14, 0x00, 0x00, 0x00, 0x00, 0x00, 0x00, 0xFF, 0xFC, 0x3F, 0xFE, 0x3F, 0xFF,
    0x1F, 0xFF, 0x82, 0xFE, 0x00, 0xFF, 0x40, 0x7F, 0x80, 0x3F, 0xC0, 0x1F, 0xE0, 0x3F, 0xF0, 0x07,
    0xF8, 0x7F, 0xFC, 0x01, 0xFE, 0xBD, 0xFF, 0x00, 0x7F, 0xFD, 0x3F, 0xC0, 0x1F, 0xFC, 0x0F, 0xF0,
    0x07, 0xFC, 0x03, 0xFC, 0x01, 0xFE, 0x00, 0xFF, 0x03, 0xFF, 0xF0, 0xFF, 0xF8, 0xFF, 0xFC, 0x7F,
    0xFF, 0x00, 0x00, 0x00, 0x00, 0x3F, 0xFF, 0x02, 0xF8, 0x3F, 0xFF, 0x0B, 0xFC, 0x0B, 0xFC, 0x1F,
    0xFC, 0x07, 0xF8, 0x2D, 0x64, 0x07, 0xF8, 0x3C, 0x00, 0x07, 0xF9, 0xF0, 0x00, 0x07, 0xFF, 0xF4,
    0x00, 0x07, 0xFE, 0xFF, 0x00, 0x07, 0xF8, 0x7F, 0x80, 0x07, 0xF8, 0x3F, 0xC0, 0x07, 0xF8, 0x1F,
    0xF0, 0x3F, 0xFF, 0x0F, 0xFE, 0x3F, 0xFF, 0x03, 0xFE, 0x00, 0x00, 0x00, 0x00, 0x02, 0xFF, 0xFF,
    0xFE, 0x03, 0xFF, 0xFF, 0xFE, 0x00, 0x3D, 0x0F, 0xF0, 0x00, 0x3C, 0x0F, 0xF0, 0x00, 0x3C, 0x0F,
    0xF0, 0x00, 0x3C, 0x0F, 0xF0, 0x00, 0x3C, 0x0F, 0xF0, 0x00, 0x7C, 0x0F, 0xF0, 0x00, 0x78, 0x0F,
    0xF0, 0x28, 0xB4, 0x0F, 0xF0, 0xBF, 0xF0, 0x0F, 0xF0, 0xBF, 0xE0, 0xBF, 0xFD, 0x7F, 0xC0, 0xFF,
    0xFE, 0x04, 0x00, 0x00, 0x00, 0x3F, 0xFC, 0x00, 0xFF, 0xF4, 0xFF, 0xF8, 0x07, 0xFF, 0xD0, 0xBF,
    0xF0, 0x2F, 0xFC, 0x01, 0xFF, 0xD0, 0xFF, 0xF0, 0x07, 0xBF, 0x87, 0xBF, 0xC0, 0x1E, 0xBF, 0x3D,
    0xFF, 0x00, 0x78, 0xFE, 0xF3, 0xFC, 0x01, 0xE3, 0xFF, 0x4F, 0xF0, 0x07, 0x87, 0xFC, 0x3F, 0xC0,
    0x1E, 0x0F, 0xE0, 0xFF, 0x00, 0x7C, 0x00, 0x03, 0xFC, 0x0F, 0xFC, 0x00, 0x7F, 0xFD, 0x3F, 0xF0,
    0x02, 0xFF, 0xF8, 0x3F, 0xFF, 0x1F, 0xFF, 0x8F, 0xFF, 0xC7, 0xFF, 0xE0, 0xBF, 0xC0, 0x3F, 0xC0,
    0x1F, 0xE0, 0x0F, 0xF0, 0x07, 0xF8, 0x03, 0xFC, 0x01, 0xFF, 0xAA, 0xFF, 0x00, 0x7F, 0xFF, 0xFF,
    0xC0, 0x1F, 0xF5, 0x5F, 0xF0, 0x07, 0xF8, 0x03, 0xFC, 0x01, 0xFE, 0x00, 0xFF, 0x00, 0x7F, 0x80,
    0x3F, 0xC0, 0xFF, 0xFC, 0x7F, 0xFE, 0x3F, 0xFF, 0x1F, 0xFF, 0xC0, 0x00, 0x00, 0x00, 0x00, 0x01,
    0xFF, 0xF4, 0x00, 0x3F, 0xFF, 0xFC, 0x03, 0xFD, 0x0F, 0xF8, 0x1F, 0xE0, 0x0F, 0xF0, 0xFF, 0x00,
    0x2F, 0xE3, 0xFC, 0x00, 0xBF, 0x8F, 0xF0, 0x02, 0xFE, 0x3F, 0xC0, 0x0B, 0xF8, 0xFF, 0x40, 0x2F,
    0xD2, 0xFE, 0x00, 0xFF, 0x03, 0xFD, 0x07, 0xF8, 0x07, 0xFF, 0xFF, 0xC0, 0x07, 0xFF, 0xF4, 0x00,
    0x00, 0x54, 0x00, 0x00, 0x3F, 0xFF, 0xFF, 0xFF, 0x8F, 0xFF, 0xFF, 0xFF, 0xE0, 0xBF, 0x80, 0x3F,
    0xC0, 0x1F, 0xE0, 0x0F, 0xF0, 0x07, 0xF8, 0x03, 0xFC, 0x01, 0xFE, 0x00, 0xFF, 0x00, 0x7F, 0x80,
    0x3F, 0xC0, 0x1F, 0xE0, 0x0F, 0xF0, 0x07, 0xF8, 0x03, 0xFC, 0x01, 0xFE, 0x00, 0xFF, 0x00, 0x7F,
    0x80, 0x3F, 0xC0, 0xFF, 0xFC, 0x7F, 0xFE, 0x3F, 0xFF, 0x1F, 0xFF, 0x80, 0x00, 0x00, 0x00, 0x00,
    0x2F, 0xF0, 0xFF, 0xC0, 0x7F, 0xF7, 0xFF, 0xF0, 0x1F, 0xFF, 0x5F, 0xFC, 0x0B, 0xFC, 0x03, 0xFC,
    0x0B, 0xF4, 0x03, 0xFD, 0x0B, 0xF4, 0x02, 0xFE, 0x0B, 0xF4, 0x02, 0xFE, 0x0B, 0xF4, 0x02, 0xFD,
    0x0B, 0xF4, 0x03, 0xFD, 0x0B, 0xF4, 0x03, 0xFC, 0x0B, 0xFC, 0x0B, 0xF8, 0x0B, 0xFF, 0xFF, 0xF0,
    0x0B, 0xFF, 0xFF, 0x80, 0x0B, 0xF4, 0x54, 0x00, 0x0B, 0xF4, 0x00, 0x00, 0x0B, 0xF4, 0x00, 0x00,
    0x1F, 0xFD, 0x40, 0x00, 0x7F, 0xFF, 0xC0, 0x00, 0x15, 0x55, 0x40, 0x00, 0x00, 0x00, 0x00, 0x00,
    0x07, 0xFF, 0x80, 0x03, 0xFF, 0xFF, 0x00, 0xFF, 0x02, 0xF8, 0x1F, 0xD0, 0x3F, 0xC3, 0xFC, 0x03,
    0xF4, 0x3F, 0xC0, 0x04, 0x03, 0xFC, 0x00, 0x00, 0x3F, 0xC0, 0x00, 0x03, 0xFD, 0x00, 0x00, 0x2F,
    0xF0, 0x01, 0x00, 0xFF, 0xEA, 0xFC, 0x07, 0xFF, 0xFF, 0x40, 0x1F, 0xFF, 0x80, 0x00, 0x05, 0x40,
    0x00, 0x2F, 0xFF, 0xFF, 0xF0, 0xFF, 0xFF, 0xFF, 0xD3, 0xE1, 0xFE, 0x0F, 0x8F, 0x07, 0xF8, 0x3E,
    0x7C, 0x1F, 0xE0, 0x78, 0x00, 0x7F, 0x80, 0x00, 0x01, 0xFE, 0x00, 0x00, 0x07, 0xF8, 0x00, 0x00,
    0x1F, 0xE0, 0x00, 0x00, 0x7F, 0x80, 0x00, 0x01, 0xFF, 0x00, 0x00, 0x3F, 0xFF, 0x40, 0x00, 0xFF,
    0xFE, 0x00, 0x7F, 0xFE, 0x0F, 0xFC, 0xBF, 0xFE, 0x1F, 0xFC, 0x1F, 0xF4, 0x03, 0xE0, 0x0F, 0xF4,
    0x03, 0xC0, 0x07, 0xF8, 0x07, 0x80, 0x03, 0xFC, 0x0F, 0x40, 0x01, 0xFE, 0x0F, 0x00, 0x00, 0xFF,
    0x2D, 0x00, 0x00, 0xBF, 0x7C, 0x00, 0x00, 0x3F, 0xF8, 0x00, 0x00, 0x2F, 0xF0, 0x00, 0x00, 0x0F,
    0xF0, 0x00, 0x00, 0x0F, 0xD0, 0x00, 0x00, 0x0B, 0xC0, 0x00, 0x28, 0x0F, 0x80, 0x00, 0xBE, 0x1F,
    0x00, 0x00, 0xBD, 0x3D, 0x00, 0x00, 0x7F, 0xF8, 0x00, 0x00, 0x1A, 0x90, 0x00, 0x00, 0x00, 0x01,
    0x55, 0x40, 0x00, 0x00, 0x00, 0xFF, 0xE0, 0x00, 0x00, 0x00, 0x3F, 0xF8, 0x00, 0x00, 0x00, 0x01,
    0xFE, 0x00, 0x00, 0x00, 0x00, 0x7F, 0x80, 0x00, 0x00, 0x00, 0x1F, 0xE0, 0x00, 0x00, 0x00, 0x07,
    0xF8, 0x00, 0x00, 0x07, 0xFE, 0xFF, 0xFF, 0xC0, 0x07, 0xFF, 0xFF, 0xFF, 0xFC, 0x03, 0xFC, 0x2F,
    0xF0, 0x7F, 0xC2, 0xFD, 0x07, 0xF8, 0x0F, 0xF0, 0xFF, 0x01, 0xFE, 0x02, 0xFD, 0x3F, 0xC0, 0x7F,
    0x80, 0x7F, 0x4F, 0xF0, 0x1F, 0xE0, 0x1F, 0xD3, 0xFC, 0x07, 0xF8, 0x07, 0xF4, 0xFF, 0x01, 0xFE,
    0x02, 0xFD, 0x2F, 0xC0, 0x7F, 0x80, 0xFF, 0x07, 0xF8, 0x1F, 0xF0, 0x3F, 0x80, 0xBF, 0xAF, 0xFF,
    0xBF, 0xC0, 0x0B, 0xFF, 0xFF, 0xFF, 0x80, 0x00, 0x14, 0x7F, 0x85, 0x00, 0x00, 0x00, 0x1F, 0xE0,
    0x00, 0x00, 0x00, 0x07, 0xF8, 0x00, 0x00, 0x00, 0x06, 0xFF, 0x40, 0x00, 0x00, 0x03, 0xFF, 0xF8,
    0x00, 0x00, 0x00, 0x55, 0x55, 0x00, 0x00, 0xBF, 0xFD, 0x2F, 0xF7, 0xFF, 0xF8, 0xFF, 0xD1, 0xFF,
    0x80, 0xFC, 0x01, 0xFF, 0x0B, 0xC0, 0x02, 0xFF, 0xBC, 0x00, 0x02, 0xFF, 0xC0, 0x00, 0x03, 0xFF,
    0x00, 0x00, 0x0F, 0xFE, 0x00, 0x00, 0xFB, 0xFD, 0x00, 0x0F, 0x87, 0xFD, 0x00, 0xFC, 0x0B, 0xFD,
    0x2F, 0xFC, 0xBF, 0xFF, 0xBF, 0xF2, 0xFF, 0xFC, 0x3F, 0xFF, 0x1F, 0xFF, 0x83, 0xFF, 0xF1, 0xFF,
    0xF8, 0x0B, 0xF8, 0x03, 0xFC, 0x00, 0x7F, 0x80, 0x3F, 0xC0, 0x07, 0xF8, 0x03, 0xFC, 0x00, 0x7F,
    0x80, 0x3F, 0xC0, 0x07, 0xF8, 0x03, 0xFC, 0x00, 0x7F, 0x80, 0x3F, 0xC0, 0x07, 0xF8, 0x03, 0xFC,
    0x00, 0x7F, 0x80, 0x3F, 0xC0, 0x07, 0xF8, 0x03, 0xFC, 0x03, 0xFF, 0xFF, 0xFF, 0xFE, 0x3F, 0xFF,
    0xFF, 0xFF, 0xE0, 0x00, 0x00, 0x00, 0xBE, 0x00, 0x00, 0x00, 0x03, 0xE0, 0x00, 0x00, 0x00, 0x3E,
    0x00, 0x00, 0x00, 0x02, 0xD0, 0x00, 0x00, 0x00, 0x00, 0x7F, 0xFD, 0x7F, 0xFE, 0xBF, 0xFD, 0x7F,
    0xFE, 0x0F, 0xF0, 0x0F, 0xF0, 0x0F, 0xF0, 0x0F, 0xF0, 0x0F, 0xF0, 0x0F, 0xF0, 0x0F, 0xF0, 0x0F,
    0xF0, 0x0B, 0xF9, 0x6F, 0xF0, 0x03, 0xFF, 0xFF, 0xF0, 0x00, 0xBF, 0x9F, 0xF0, 0x00, 0x00, 0x0F,
    0xF0, 0x00, 0x00, 0x0F, 0xF0, 0x00, 0x00, 0x7F, 0xFE, 0x00, 0x00, 0x7F, 0xFE, 0x3F, 0xFF, 0x2F,
    0xFF, 0x3F, 0xFF, 0x0F, 0xFF, 0xCF, 0xFF, 0xCF, 0xFF, 0xC0, 0xBF, 0x80, 0xBF, 0x80, 0xBF, 0x80,
    0x1F, 0xE0, 0x1F, 0xE0, 0x2F, 0xD0, 0x07, 0xF8, 0x07, 0xF8, 0x0B, 0xF4, 0x01, 0xFE, 0x01, 0xFE,
    0x02, 0xFD, 0x00, 0x7F, 0x80, 0x7F, 0x80, 0xBF, 0x40, 0x1F, 0xE0, 0x1F, 0xE0, 0x2F, 0xD0, 0x07,
    0xF8, 0x07, 0xF8, 0x0B, 0xF4, 0x01, 0xFE, 0x01, 0xFE, 0x02, 0xFD, 0x00, 0x7F, 0x80, 0xBF, 0x80,
    0xBF, 0x80, 0xFF, 0xFF, 0xFF, 0xFF, 0xFF, 0xFC, 0x3F, 0xFF, 0xFF, 0xFF, 0xFF, 0xFF, 0x00, 0x3F,
    0xFF, 0x2F, 0xFF, 0x3F, 0xFF, 0x03, 0xFF, 0xF3, 0xFF, 0xF3, 0xFF, 0xF0, 0x0B, 0xF8, 0x0B, 0xF8,
    0x0B, 0xF8, 0x00, 0x7F, 0x80, 0x7F, 0x80, 0xBF, 0x40, 0x07, 0xF8, 0x07, 0xF8, 0x0B, 0xF4, 0x00,
    0x7F, 0x80, 0x7F, 0x80, 0xBF, 0x40, 0x07, 0xF8, 0x07, 0xF8, 0x0B, 0xF4, 0x00, 0x7F, 0x80, 0x7F,
    0x80, 0xBF, 0x40, 0x07, 0xF8, 0x07, 0xF8, 0x0B, 0xF4, 0x00, 0x7F, 0x80, 0x7F, 0x80, 0xBF, 0x40,
    0x07, 0xF8, 0x0B, 0xF8, 0x0B, 0xF4, 0x03, 0xFF, 0xFF, 0xFF, 0xFF, 0xFF, 0xFC, 0x3F, 0xFF, 0xFF,
    0xFF, 0xFF, 0xFF, 0xC0, 0x00, 0x00, 0x00, 0x00, 0x00, 0xFC, 0x00, 0x00, 0x00, 0x00, 0x00, 0x07,
    0xC0, 0x00, 0x00, 0x00, 0x00, 0x00, 0x3C, 0x00, 0x00, 0x00, 0x00, 0x00, 0x03, 0xC0, 0x00, 0x00,
    0x00, 0x00, 0x00, 0x00, 0x3F, 0xFF, 0xFD, 0x00, 0x0F, 0xFF, 0xFF, 0x40, 0x03, 0xE2, 0xFE, 0x00,
    0x01, 0xF0, 0xBF, 0x40, 0x00, 0x7C, 0x2F, 0xD0, 0x00, 0x00, 0x0B, 0xFF, 0xFE, 0x00, 0x02, 0xFF,
    0xBF, 0xF0, 0x00, 0xBF, 0x42, 0xFE, 0x00, 0x2F, 0xD0, 0x7F, 0x80, 0x0B, 0xF4, 0x1F, 0xE0, 0x02,
    0xFD, 0x0F, 0xF0, 0x03, 0xFF, 0xFF, 0xF8, 0x01, 0xFF, 0xFF, 0xE0, 0x00, 0x3F, 0xFF, 0x80, 0x0F,
    0xFF, 0xC3, 0xFF, 0xF8, 0x00, 0xFF, 0xFC, 0x07, 0xFC, 0x00, 0x02, 0xFE, 0x00, 0x7F, 0x80, 0x00,
    0x1F, 0xE0, 0x07, 0xF8, 0x00, 0x01, 0xFE, 0x00, 0x7F, 0xFF, 0xE0, 0x1F, 0xE0, 0x07, 0xFE, 0xFF,
    0xC1, 0xFE, 0x00, 0x7F, 0x82, 0xFE, 0x1F, 0xE0, 0x07, 0xF8, 0x1F, 0xE1, 0xFE, 0x00, 0x7F, 0x81,
    0xFE, 0x1F, 0xE0, 0x07, 0xF8, 0x2F, 0xD1, 0xFE, 0x03, 0xFF, 0xFF, 0xF8, 0xFF, 0xFC, 0x3F, 0xFF,
    0xF8, 0x0F, 0xFF, 0xC0, 0x3F, 0xFF, 0x80, 0x03, 0xFF, 0xF8, 0x00, 0x0B, 0xFC, 0x00, 0x00, 0x7F,
    0x80, 0x00, 0x07, 0xF8, 0x00, 0x00, 0x7F, 0xFF, 0xF4, 0x07, 0xFE, 0xFF, 0xD0, 0x7F, 0x81, 0xFF,
    0x07, 0xF8, 0x0F, 0xF0, 0x7F, 0x80, 0xFF, 0x07, 0xF8, 0x2F, 0xE3, 0xFF, 0xFF, 0xF8, 0x3F, 0xFF,
    0xF9, 0x00, 0x00, 0x00, 0x00, 0x7E, 0xFF, 0xD0, 0x7F, 0xEF, 0xF4, 0x3D, 0x03, 0xFC, 0x3C, 0x01,
    0xFE, 0x24, 0x00, 0xFF, 0x05, 0x55, 0xFF, 0x0B, 0xFF, 0xFF, 0x01, 0x55, 0xFF, 0x28, 0x00, 0xFE,
    0xFE, 0x01, 0xFD, 0xFD, 0x03, 0xFC, 0xBE, 0x5F, 0xF0, 0x2F, 0xFF, 0x80, 0x00, 0x50, 0x00, 0x00,
    0x00, 0x00, 0x00, 0x00, 0x03, 0xFF, 0xF0, 0x07, 0xFF, 0x40, 0x3F, 0xFF, 0x03, 0xFF, 0xFF, 0x00,
    0xBF, 0x80, 0xFF, 0x0B, 0xFC, 0x07, 0xF8, 0x2F, 0xD0, 0x3F, 0xD0, 0x7F, 0x83, 0xFC, 0x02, 0xFE,
    0x07, 0xFE, 0xBF, 0xC0, 0x1F, 0xF0, 0x7F, 0xFF, 0xFC, 0x01, 0xFF, 0x07, 0xFD, 0xBF, 0xC0, 0x1F,
    0xE0, 0x7F, 0x83, 0xFC, 0x02, 0xFE, 0x07, 0xF8, 0x3F, 0xD0, 0x2F, 0xC0, 0x7F, 0x81, 0xFF, 0x03,
    0xF8, 0x3F, 0xFF, 0x0B, 0xFF, 0xFF, 0x03, 0xFF, 0xF0, 0x1F, 0xFF, 0x80, 0x00, 0x00, 0x00, 0x05,
    0x40, 0x00, 0x00, 0x6F, 0xFF, 0xFC, 0x03, 0xFE, 0xBF, 0xFC, 0x0B, 0xF8, 0x2F, 0xD0, 0x0F, 0xF0,
    0x2F, 0xD0, 0x0F, 0xF0, 0x2F, 0xD0, 0x07, 0xF8, 0x2F, 0xD0, 0x01, 0xFF, 0xFF, 0xD0, 0x00, 0x2F,
    0xFF, 0xD0, 0x01, 0xFD, 0x2F, 0xD0, 0x03, 0xFC, 0x2F, 0xD0, 0x07, 0xF4, 0x2F, 0xD0, 0x7F, 0xF0,
    0xFF, 0xFC, 0x7F, 0xD0, 0xFF, 0xFC, 0x05, 0x00, 0x00, 0x00, 0x00, 0x00, 0x00, 0x00, 0x3F, 0x43,
    0xF0, 0x07, 0xFC, 0xBF, 0x80, 0x3F, 0x8B, 0xF4, 0x01, 0xE0, 0x2E, 0x00, 0x00, 0x00, 0x00, 0x00,
    0x00, 0x00, 0x00, 0x07, 0xFF, 0x80, 0x03, 0xFF, 0xFF, 0x00, 0xFF, 0x03, 0xF8, 0x1F, 0xD0, 0x2F,
    0xC3, 0xFC, 0x02, 0xFC, 0x3F, 0xFF, 0xFF, 0xC3, 0xFF, 0xFF, 0xFC, 0x3F, 0xC0, 0x00, 0x03, 0xFD,
    0x00, 0x00, 0x2F, 0xF0, 0x01, 0x40, 0xFF, 0xEA, 0xFC, 0x07, 0xFF, 0xFF, 0x40, 0x1F, 0xFF, 0x80,
    0x00, 0x05, 0x40, 0x00, 0x00, 0x00, 0x00, 0x00, 0xFF, 0xE0, 0x00, 0x03, 0xFF, 0x80, 0x00, 0x02,
    0xFE, 0x00, 0x00, 0x2B, 0xFE, 0xA4, 0x01, 0xFF, 0xFF, 0xE0, 0x00, 0x7F, 0x80, 0x00, 0x01, 0xFE,
    0x1F, 0xF4, 0x07, 0xFB, 0xFF, 0xF4, 0x1F, 0xFE, 0xBF, 0xF0, 0x7F, 0xC0, 0x3F, 0xC1, 0xFE, 0x00,
    0xFF, 0x07, 0xF8, 0x03, 0xFC, 0x1F, 0xE0, 0x0F, 0xF0, 0x7F, 0x80, 0x3F, 0xC1, 0xFE, 0x00, 0xFF,
    0x07, 0xF8, 0x03, 0xFC, 0x1F, 0xE0, 0x0F, 0xF3, 0xFF, 0xF0, 0x3F, 0xCF, 0xFF, 0xC0, 0xFF, 0x00,
    0x00, 0x03, 0xF8, 0x00, 0x00, 0x1F, 0xD0, 0x00, 0x00, 0xBF, 0x00, 0x00, 0x07, 0xF0, 0x00, 0x00,
    0x2F, 0x00, 0x00, 0x00, 0x20, 0x00, 0x00, 0x00, 0x00, 0x00, 0x00, 0x3C, 0x00, 0x00, 0x3F, 0x40,
    0x00, 0x2F, 0xC0, 0x00, 0x0F, 0xC0, 0x00, 0x0F, 0x40, 0x00, 0x01, 0x00, 0x00, 0x00, 0x00, 0x00,
    0x3F, 0xFF, 0xFF, 0x0F, 0xFF, 0xFF, 0xC0, 0x7F, 0x81, 0xF4, 0x1F, 0xE0, 0x3E, 0x07, 0xF8, 0x0B,
    0x81, 0xFE, 0x00, 0x00, 0x7F, 0x80, 0x00, 0x1F, 0xE0, 0x00, 0x07, 0xF8, 0x00, 0x01, 0xFE, 0x00,
    0x00, 0x7F, 0x80, 0x00, 0xFF, 0xFF, 0x00, 0x3F, 0xFF, 0xC0, 0x00, 0x00, 0x00, 0x00, 0x00, 0x1F,
    0xFE, 0x00, 0x3F, 0xFF, 0xF0, 0x3F, 0xD0, 0xBE, 0x1F, 0xE0, 0x3F, 0xCF, 0xF0, 0x0B, 0xD3, 0xFC,
    0x00, 0x00, 0xFF, 0xFF, 0xC0, 0x3F, 0xEA, 0xA0, 0x0F, 0xF4, 0x00, 0x02, 0xFF, 0x00, 0x10, 0x3F,
    0xF9, 0xBE, 0x07, 0xFF, 0xFF, 0x40, 0x7F, 0xFE, 0x00, 0x00, 0x50, 0x00, 0x00, 0x00, 0x00, 0x2F,
    0xFB, 0xC3, 0xFA, 0xFF, 0x2F, 0x80, 0xBC, 0xFE, 0x00, 0xF7, 0xFF, 0x40, 0x07, 0xFF, 0xF4, 0x0B,
    0xFF, 0xFC, 0x06, 0xFF, 0xF8, 0x00, 0x6F, 0xEF, 0x40, 0x2F, 0xBF, 0x40, 0xBD, 0xBF, 0xEF, 0xF2,
    0xEF, 0xFE, 0x01, 0x05, 0x40, 0x00, 0x00, 0x40, 0x02, 0xFD, 0x00, 0xFF, 0x80, 0x3F, 0xE0, 0x07,
    0xE0, 0x00, 0x00, 0x00, 0x00, 0x00, 0xBF, 0xE0, 0x3F, 0xF8, 0x06, 0xFE, 0x00, 0x7F, 0x80, 0x1F,
    0xE0, 0x07, 0xF8, 0x01, 0xFE, 0x00, 0x7F, 0x80, 0x1F, 0xE0, 0x07, 0xF8, 0x01, 0xFF, 0x03, 0xFF,
    0xF4, 0xFF, 0xFE, 0x00, 0x00, 0x00, 0xBE, 0x0F, 0xD3, 0xFC, 0x7F, 0xCF, 0xF1, 0xFE, 0x1A, 0x41,
    0xE0, 0x00, 0x00, 0x00, 0x00, 0x00, 0x00, 0xBF, 0xE0, 0x03, 0xFF, 0x80, 0x06, 0xFE, 0x00, 0x07,
    0xF8, 0x00, 0x1F, 0xE0, 0x00, 0x7F, 0x80, 0x01, 0xFE, 0x00, 0x07, 0xF8, 0x00, 0x1F, 0xE0, 0x00,
    0x7F, 0x80, 0x01, 0xFF, 0x00, 0x3F, 0xFF, 0x40, 0xFF, 0xFE, 0x00, 0x40, 0x3F, 0xC1, 0xFF, 0x83,
    0xFD, 0x07, 0xE0, 0x00, 0x00, 0x00, 0x0B, 0xFD, 0x7F, 0xF4, 0x7F, 0xD0, 0xBF, 0x42, 0xFD, 0x0B,
    0xF4, 0x2F, 0xD0, 0xBF, 0x42, 0xFD, 0x0B, 0xF4, 0x2F, 0xD0, 0xBF, 0x42, 0xFD, 0x0B, 0xF0, 0x3F,
    0xC0, 0xFD, 0x0F, 0xE0, 0x3E, 0x00, 0x50, 0x00, 0x03, 0xFF, 0xFF, 0xFD, 0x00, 0x00, 0x3F, 0xFF,
    0xFF, 0xD0, 0x00, 0x00, 0x3D, 0x1F, 0xF0, 0x00, 0x00, 0x03, 0xC1, 0xFF, 0x00, 0x00, 0x00, 0x3C,
    0x1F, 0xF0, 0x00, 0x00, 0x03, 0xC1, 0xFF, 0xFF, 0xD0, 0x00, 0x3C, 0x1F, 0xFB, 0xFF, 0x40, 0x07,
    0xC1, 0xFF, 0x07, 0xFC, 0x00, 0xB8, 0x1F, 0xF0, 0x3F, 0xC2, 0x8F, 0x41, 0xFF, 0x03, 0xFC, 0xBF,
    0xF0, 0x1F, 0xF0, 0x7F, 0x8B, 0xFE, 0x0B, 0xFF, 0xFF, 0xF0, 0x7F, 0xC0, 0xFF, 0xFF, 0xE4, 0x00,
    0x40, 0x00, 0x00, 0x00, 0x00, 0x3F, 0xFF, 0x1F, 0xFF, 0xC0, 0x00, 0xFF, 0xFC, 0x7F, 0xFF, 0x00,
    0x00, 0xBF, 0xC0, 0x3F, 0xC0, 0x00, 0x01, 0xFE, 0x00, 0xFF, 0x00, 0x00, 0x07, 0xF8, 0x03, 0xFC,
    0x00, 0x00, 0x1F, 0xFA, 0xAF, 0xFF, 0xFD, 0x00, 0x7F, 0xFF, 0xFF, 0xEF, 0xFE, 0x01, 0xFF, 0x55,
    0xFF, 0x03, 0xFC, 0x07, 0xF8, 0x03, 0xFC, 0x0B, 0xF4, 0x1F, 0xE0, 0x0F, 0xF0, 0x2F, 0xC0, 0x7F,
    0x80, 0x3F, 0xC0, 0xFF, 0x0F, 0xFF, 0xC7, 0xFF, 0xFF, 0xF0, 0x3F, 0xFF, 0x1F, 0xFF, 0xF9, 0x00,
    0x00, 0x00, 0x00, 0x00, 0x0F, 0xFE, 0x00, 0x00, 0x03, 0xFF, 0x80, 0x00, 0x00, 0x2F, 0xE0, 0x00,
    0x00, 0xAF, 0xFE, 0xA0, 0x00, 0x3F, 0xFF, 0xFC, 0x00, 0x00, 0x7F, 0x80, 0x00, 0x00, 0x1F, 0xE2,
    0xFF, 0x40, 0x07, 0xFB, 0xFF, 0xF4, 0x01, 0xFF, 0xEB, 0xFE, 0x00, 0x7F, 0xC0, 0x7F, 0xC0, 0x1F,
    0xE0, 0x0F, 0xF0, 0x07, 0xF8, 0x03, 0xFC, 0x01, 0xFE, 0x00, 0xFF, 0x00, 0x7F, 0x80, 0x3F, 0xC0,
    0x1F, 0xE0, 0x0F, 0xF0, 0x07, 0xF8, 0x03, 0xFC, 0x02, 0xFE, 0x00, 0xFF, 0x03, 0xFF, 0xF1, 0xFF,
    0xF4, 0xFF, 0xFC, 0x7F, 0xFE, 0x00, 0x00, 0x00, 0x00, 0x00, 0x00, 0x1E, 0x00, 0x00, 0x00, 0x3F,
    0x00, 0x00, 0x00, 0xFF, 0x00, 0x00, 0x02, 0xF8, 0x00, 0x00, 0x03, 0xD0, 0x00, 0x00, 0x01, 0x00,
    0x00, 0x00, 0x00, 0x00, 0x00, 0x3F, 0xFF, 0x02, 0xF8, 0x3F, 0xFF, 0x0B, 0xFC, 0x0B, 0xFC, 0x1F,
    0xFC, 0x07, 0xF8, 0x2D, 0x64, 0x07, 0xF8, 0x3C, 0x00, 0x07, 0xF9, 0xF0, 0x00, 0x07, 0xFF, 0xF4,
    0x00, 0x07, 0xFE, 0xFF, 0x00, 0x07, 0xF8, 0x7F, 0x80, 0x07, 0xF8, 0x3F, 0xC0, 0x07, 0xF8, 0x1F,
    0xF0, 0x3F, 0xFF, 0x0F, 0xFE, 0x3F, 0xFF, 0x03, 0xFE, 0x00, 0x00, 0x00, 0x00, 0x00, 0x00, 0x00,
    0x00, 0x00, 0x03, 0xC0, 0x00, 0x00, 0x01, 0xFC, 0x00, 0x00, 0x00, 0x3F, 0x80, 0x00, 0x00, 0x03,
    0xF4, 0x00, 0x00, 0x00, 0x1F, 0x00, 0x00, 0x00, 0x00, 0x40, 0x00, 0x00, 0x00, 0x00, 0x00, 0x3F,
    0xFF, 0x0F, 0xFF, 0x8F, 0xFF, 0xC7, 0xFF, 0xE0, 0xBF, 0x80, 0x3F, 0xD0, 0x1F, 0xE0, 0x0F, 0xF0,
    0x07, 0xF8, 0x0F, 0xFC, 0x01, 0xFE, 0x1F, 0xFF, 0x00, 0x7F, 0xAF, 0x7F, 0xC0, 0x1F, 0xFF, 0x4F,
    0xF0, 0x07, 0xFF, 0x03, 0xFC, 0x01, 0xFF, 0x00, 0xFF, 0x00, 0x7F, 0x80, 0x3F, 0xC0, 0xFF, 0xFC,
    0x3F, 0xFE, 0x3F, 0xFF, 0x1F, 0xFF, 0xC0, 0x00, 0x00, 0x00, 0x00, 0x01, 0xF4, 0x0F, 0xC0, 0x03,
    0xF8, 0x1F, 0xC0, 0x02, 0xF4, 0x0F, 0xC0, 0x00, 0xBF, 0xFE, 0x00, 0x00, 0x01, 0x40, 0x00, 0x00,
    0x00, 0x00, 0x00, 0x7F, 0xFE, 0x0F, 0xFC, 0xBF, 0xFE, 0x1F, 0xFC, 0x1F, 0xF4, 0x03, 0xE0, 0x0F,
    0xF4, 0x03, 0xC0, 0x07, 0xF8, 0x07, 0x80, 0x03, 0xFC, 0x0F, 0x40, 0x01, 0xFE, 0x0F, 0x00, 0x00,
    0xFF, 0x2D, 0x00, 0x00, 0xBF, 0x7C, 0x00, 0x00, 0x3F, 0xF8, 0x00, 0x00, 0x2F, 0xF0, 0x00, 0x00,
    0x0F, 0xF0, 0x00, 0x00, 0x0F, 0xD0, 0x00, 0x00, 0x0B, 0xC0, 0x00, 0x28, 0x0F, 0x80, 0x00, 0xBE,
    0x1F, 0x00, 0x00, 0xBD, 0x3D, 0x00, 0x00, 0x7F, 0xF8, 0x00, 0x00, 0x1A, 0x90, 0x00, 0x00, 0x2F,
    0xFF, 0x1F, 0xFF, 0x8F, 0xFF, 0xC7, 0xFF, 0xE0, 0x7F, 0xC0, 0x3F, 0xC0, 0x1F, 0xE0, 0x0F, 0xF0,
    0x07, 0xF8, 0x03, 0xFC, 0x01, 0xFE, 0x00, 0xFF, 0x00, 0x7F, 0x80, 0x3F, 0xC0, 0x1F, 0xE0, 0x0F,
    0xF0, 0x07, 0xF8, 0x03, 0xFC, 0x01, 0xFE, 0x00, 0xFF, 0x00, 0x7F, 0x80, 0x3F, 0xC0, 0xFF, 0xFF,
    0xFF, 0xFE, 0x3F, 0xFF, 0xFF, 0xFF, 0xC0, 0x00, 0xBD, 0x00, 0x00, 0x00, 0x1F, 0x00, 0x00, 0x00,
    0x07, 0xC0, 0x00, 0x00, 0x00, 0xF0, 0x00, 0x00, 0x00, 0x00, 0x00, 0x00, 0x00, 0x6A, 0xAA, 0x00,
    0x00, 0x00, 0xBF, 0xFF, 0x00, 0x00, 0x00, 0x2F, 0xFD, 0x00, 0x00, 0x15, 0x5F, 0xF9, 0x54, 0x00,
    0x3F, 0xFF, 0xFF, 0xFF, 0x00, 0x3F, 0xFF, 0xFF, 0xFF, 0x00, 0x7E, 0x0F, 0xF4, 0x2F, 0x40, 0xBC,
    0x0F, 0xF4, 0x0A, 0x00, 0xBC, 0x0F, 0xF4, 0x00, 0x00, 0x00, 0x0F, 0xFF, 0xE9, 0x00, 0x00, 0x0F,
    0xFF, 0xFF, 0xE0, 0x00, 0x0F, 0xF4, 0x1F, 0xF8, 0x00, 0x0F, 0xF4, 0x07, 0xFC, 0x00, 0x0F, 0xF4,
    0x03, 0xFD, 0x00, 0x0F, 0xF4, 0x03, 0xFD, 0x00, 0x0F, 0xF4, 0x07, 0xFC, 0x00, 0x0F, 0xF4, 0x1F,
    0xF8, 0x00, 0xBF, 0xFF, 0xFF, 0xE0, 0x00, 0xBF, 0xFF, 0xFE, 0x00, 0x00, 0x00, 0x00, 0x00, 0x00,
    0x3F, 0xF8, 0x00, 0x00, 0x0F, 0xFE, 0x00, 0x00, 0x00, 0xBF, 0x80, 0x00, 0x00, 0x1F, 0xE0, 0x00,
    0x00, 0x07, 0xF8, 0x00, 0x00, 0x01, 0xFE, 0x00, 0x00, 0xBF, 0xFF, 0xFF, 0xE0, 0x3F, 0xFF, 0xFF,
    0xFC, 0x0F, 0x87, 0xF8, 0x2F, 0x03, 0xC1, 0xFE, 0x03, 0xC1, 0xF0, 0x7F, 0x80, 0x00, 0x00, 0x1F,
    0xFF, 0xE4, 0x00, 0x07, 0xFE, 0xFF, 0xC0, 0x01, 0xFE, 0x07, 0xFC, 0x00, 0x7F, 0x80, 0xFF, 0x00,
    0x1F, 0xE0, 0x3F, 0xC0, 0x07, 0xF8, 0x2F, 0xE0, 0x0F, 0xFF, 0xFF, 0xF0, 0x03, 0xFF, 0xFF, 0x90,
    0x00, 0x6A, 0xAA, 0xAA, 0xAA, 0xA0, 0x00, 0x02, 0xFF, 0xFF, 0xFF, 0xFF, 0xD0, 0x00, 0x01, 0xFF,
    0xEA, 0xAA, 0xFD, 0x00, 0x00, 0x00, 0xFF, 0x40, 0x0B, 0xC0, 0x00, 0x00, 0x00, 0xFF, 0x00, 0x7C,
    0x00, 0x00, 0x00, 0x02, 0xFF, 0x03, 0xD0, 0x00, 0x00, 0x00, 0x03, 0xFD, 0x2F, 0x00, 0x00, 0x00,
    0x00, 0x03, 0xFD, 0xF0, 0x00, 0x00, 0x00, 0x00, 0x6F, 0xFF, 0xE4, 0x00, 0x00, 0x00, 0x2F, 0xFF,
    0xFF, 0xFE, 0x00, 0x00, 0x03, 0xFF, 0x7F, 0xE7, 0xFF, 0x00, 0x00, 0x2F, 0xF0, 0xBF, 0x83, 0xFE,
    0x00, 0x00, 0xFF, 0x02, 0xFE, 0x07, 0xFC, 0x00, 0x07, 0xFC, 0x0B, 0xF8, 0x0F, 0xF8, 0x00, 0x3F,
    0xD0, 0x2F, 0xE0, 0x1F, 0xF0, 0x02, 0xFF, 0x00, 0xBF, 0x80, 0x3F, 0xE0, 0xBF, 0xF8, 0x2F, 0xFF,
    0xE0, 0xBF, 0xF8, 0xFF, 0x80, 0xFF, 0xFF, 0xC0, 0xBF, 0xD0, 0x10, 0x00, 0x00, 0x00, 0x00, 0x10,
    0x00, 0x00, 0xBF, 0xFF, 0xFF, 0xF8, 0x00, 0x03, 0xFF, 0xFF, 0xFF, 0xE0, 0x00, 0x01, 0xFF, 0x40,
    0xBC, 0x00, 0x00, 0x01, 0xFE, 0x03, 0xC0, 0x00, 0x00, 0x02, 0xFD, 0x3C, 0x00, 0x00, 0x00, 0x02,
    0xFE, 0xD0, 0x00, 0x00, 0x01, 0xFF, 0xFF, 0xF8, 0x00, 0x00, 0x3F, 0xEF, 0xFB, 0xFD, 0x00, 0x02,
    0xFD, 0x3F, 0xC3, 0xFC, 0x00, 0x0F, 0xF0, 0xFF, 0x07, 0xF8, 0x00, 0xBF, 0x43, 0xFD, 0x0F, 0xF0,
    0x2F, 0xFC, 0x3F, 0xFE, 0x1F, 0xFC, 0x7F, 0xC0, 0xFF, 0xF8, 0x2F, 0xF0, 0x00, 0x00, 0x00, 0x00,
    0x00, 0x00, 0x00, 0x00, 0x00, 0x00, 0x00, 0x00, 0x3D, 0x00, 0x00, 0x07, 0xD0, 0x00, 0x00, 0xBC,
    0x6A, 0xAA, 0xBF, 0xCB, 0xFF, 0xFF, 0xFC, 0x1F, 0xFA, 0xAA, 0x40, 0xFF, 0x40, 0x00, 0x0F, 0xF4,
    0x00, 0x00, 0xFF, 0x40, 0x00, 0x0F, 0xF4, 0x00, 0x00, 0xFF, 0x40, 0x00, 0x0F, 0xF4, 0x00, 0x00,
    0xFF, 0x40, 0x00, 0x0F, 0xF4, 0x00, 0x00, 0xFF, 0x40, 0x00, 0x0F, 0xF4, 0x00, 0x00, 0xFF, 0x40,
    0x00, 0x0F, 0xF4, 0x00, 0x00, 0xFF, 0x40, 0x00, 0xBF, 0xFF, 0x40, 0x0B, 0xFF, 0xF4, 0x00, 0x00,
    0x00, 0x00, 0x00, 0x00, 0x03, 0xC0, 0x00, 0x01, 0xF0, 0x00, 0x00, 0xFC, 0x3F, 0xFF, 0xFF, 0x0F,
    0xFF, 0xFF, 0x80, 0xBF, 0x80, 0x00, 0x1F, 0xE0, 0x00, 0x07, 0xF8, 0x00, 0x01, 0xFE, 0x00, 0x00,
    0x7F, 0x80, 0x00, 0x1F, 0xE0, 0x00, 0x07, 0xF8, 0x00, 0x01, 0xFE, 0x00, 0x00, 0x7F, 0x80, 0x00,
    0xFF, 0xFF, 0x00, 0x3F, 0xFF, 0xC0, 0x00, 0x6A, 0xAA, 0xAA, 0x8B, 0xFF, 0xFF, 0xFD, 0x1F, 0xFA,
    0xAF, 0xD0, 0xFF, 0x40, 0x7E, 0x0F, 0xF4, 0x03, 0xE0, 0xFF, 0x40, 0x2E, 0x0F, 0xF4, 0x00, 0x00,
    0xFF, 0x40, 0x00, 0xBF, 0xFF, 0xE0, 0x0B, 0xFF, 0xFE, 0x00, 0x1F, 0xF9, 0x40, 0x00, 0xFF, 0x40,
    0x00, 0x0F, 0xF4, 0x00, 0x00, 0xFF, 0x40, 0x00, 0x0F, 0xF4, 0x00, 0x00, 0xFF, 0x40, 0x00, 0xBF,
    0xFF, 0x40, 0x0B, 0xFF, 0xF4, 0x00, 0x2F, 0xFF, 0xFF, 0x4B, 0xFF, 0xFF, 0xD0, 0x3F, 0xC1, 0xF8,
    0x0F, 0xF0, 0x2F, 0x03, 0xFC, 0x07, 0x81, 0xFF, 0x50, 0x03, 0xFF, 0xFC, 0x00, 0xAF, 0xFA, 0x00,
    0x03, 0xFC, 0x00, 0x00, 0xFF, 0x00, 0x00, 0x3F, 0xC0, 0x00, 0xBF, 0xFE, 0x00, 0x2F, 0xFF, 0xC0,
    0x00, 0x0A, 0x90, 0x0A, 0xAA, 0x90, 0x02, 0xA0, 0x0B, 0xFD, 0x03, 0xFF, 0xFC, 0x07, 0xFE, 0x03,
    0xFF, 0xC0, 0x6F, 0xF9, 0x03, 0xFF, 0xC0, 0xBE, 0xF4, 0x03, 0xFC, 0x01, 0xFB, 0xE0, 0x0A, 0x2E,
    0x00, 0xFF, 0x00, 0xF8, 0xA0, 0x00, 0x07, 0xC0, 0x3F, 0xC0, 0x3C, 0x00, 0x00, 0x00, 0xF8, 0x0F,
    0xF0, 0x2F, 0x00, 0x00, 0x00, 0x1F, 0x83, 0xFC, 0x2F, 0x40, 0x00, 0x00, 0x01, 0xFF, 0xFF, 0xFF,
    0x40, 0x00, 0x00, 0x01, 0xFF, 0xFF, 0xFF, 0xF4, 0x00, 0x00, 0x02, 0xFF, 0x1F, 0xF1, 0xFF, 0x80,
    0x00, 0x01, 0xFF, 0x03, 0xFC, 0x0F, 0xF0, 0x00, 0x00, 0xFF, 0x80, 0xFF, 0x02, 0xFF, 0x00, 0x00,
    0x7F, 0xC0, 0x3F, 0xC0, 0x7F, 0xC0, 0x00, 0x2F, 0xF0, 0x0F, 0xF0, 0x0F, 0xF8, 0x00, 0x1F, 0xF4,
    0x07, 0xFC, 0x02, 0xFF, 0x00, 0x7F, 0xFC, 0x0F, 0xFF, 0xF0, 0x3F, 0xFF, 0x0F, 0xFC, 0x03, 0xFF,
    0xFC, 0x07, 0xFF, 0xC0, 0x14, 0x00, 0x00, 0x00, 0x00, 0x12, 0xF0, 0x00, 0x00, 0x00, 0x00, 0x00,
    0x00, 0x3C, 0x00, 0x00, 0x00, 0x00, 0x00, 0x00, 0x0F, 0x00, 0x00, 0x00, 0x00, 0x00, 0x00, 0x03,
    0x80, 0x00, 0x00, 0x00, 0x00, 0x00, 0x00, 0x1F, 0x80, 0xFF, 0xFC, 0x0B, 0xE0, 0x3F, 0xF0, 0xFF,
    0xFC, 0x2F, 0xF0, 0x3F, 0xF4, 0x2F, 0xE0, 0x7F, 0xF0, 0x09, 0x3C, 0x1F, 0xE0, 0xB1, 0x90, 0x00,
    0x2D, 0x1F, 0xE0, 0xF0, 0x00, 0x00, 0x0F, 0x6F, 0xE7, 0xC0, 0x00, 0x00, 0x1F, 0xFF, 0xFF, 0xD0,
    0x00, 0x00, 0xBF, 0xAF, 0xE7, 0xFC, 0x00, 0x01, 0xFD, 0x1F, 0xE1, 0xFE, 0x00, 0x03, 0xFC, 0x1F,
    0xE0, 0xFF, 0x00, 0x0B, 0xF8, 0x2F, 0xE0, 0x7F, 0x80, 0x7F, 0xF0, 0xFF, 0xFC, 0x3F, 0xFD, 0x7F,
    0xD0, 0xFF, 0xFC, 0x1F, 0xFD, 0x00, 0x00, 0x00, 0x00, 0x00, 0x3D, 0x00, 0x00, 0x00, 0x00, 0x00,
    0x3D, 0x00, 0x00, 0x00, 0x00, 0x00, 0x2D, 0x00, 0x00, 0x00, 0x00, 0x00, 0x2D, 0x00, 0x00, 0x00,
    0x00, 0x00, 0x00, 0x6A, 0xAA, 0x00, 0x2A, 0x02, 0xFF, 0xFC, 0x03, 0xFF, 0x01, 0xFF, 0xD0, 0x2F,
    0xFD, 0x03, 0xFD, 0x00, 0xFB, 0xF0, 0x0F, 0xF4, 0x07, 0xC6, 0x00, 0x3F, 0xD0, 0x2E, 0x00, 0x00,
    0xFF, 0x40, 0xF4, 0x00, 0x03, 0xFD, 0x1F, 0x80, 0x00, 0x0F, 0xFF, 0xF8, 0x00, 0x00, 0x3F, 0xFF,
    0xF8, 0x00, 0x00, 0xFF, 0x4B, 0xFC, 0x00, 0x03, 0xFD, 0x0B, 0xF8, 0x00, 0x0F, 0xF4, 0x0F, 0xF0,
    0x00, 0x3F, 0xD0, 0x3F, 0xE0, 0x00, 0xFF, 0x40, 0x7F, 0xC0, 0x03, 0xFD, 0x00, 0xFF, 0x80, 0xBF,
    0xFF, 0x02, 0xFF, 0xF6, 0xFF, 0xFD, 0x03, 0xFF, 0xD0, 0x00, 0x00, 0x01, 0x4F, 0x40, 0x00, 0x00,
    0x00, 0x3D, 0x00, 0x00, 0x00, 0x00, 0xF4, 0x00, 0x00, 0x00, 0x02, 0xC0, 0x00, 0x00, 0x00, 0x00,
    0x0F, 0xFF, 0xC0, 0xBE, 0x03, 0xFF, 0xF0, 0xBF, 0xC0, 0x2F, 0xF0, 0x3F, 0xF0, 0x07, 0xF8, 0x2C,
    0x64, 0x01, 0xFE, 0x0F, 0x00, 0x00, 0x7F, 0x9F, 0x00, 0x00, 0x1F, 0xFF, 0xD0, 0x00, 0x07, 0xFE,
    0xFF, 0x00, 0x01, 0xFE, 0x1F, 0xE0, 0x00, 0x7F, 0x83, 0xFC, 0x00, 0x1F, 0xE0, 0x7F, 0x80, 0x3F,
    0xFF, 0x0F, 0xFF, 0x4F, 0xFF, 0xC0, 0xFF, 0xE0, 0x00, 0x00, 0x00, 0xF8, 0x00, 0x00, 0x00, 0x2E,
    0x00, 0x00, 0x00, 0x0B, 0x80, 0x00, 0x00, 0x02, 0xD0, 0x00, 0x00, 0x00, 0x00, 0x6A, 0xAA, 0x02,
    0xAA, 0xA4, 0xBF, 0xFF, 0x03, 0xFF, 0xFC, 0x1F, 0xFD, 0x01, 0xBF, 0xE4, 0x0F, 0xF4, 0x00, 0x3F,
    0xC0, 0x0F, 0xF4, 0x00, 0x3F, 0xC0, 0x0F, 0xF4, 0x00, 0x3F, 0xC0, 0x0F, 0xF4, 0x00, 0x3F, 0xC0,
    0x0F, 0xF4, 0x00, 0x7F, 0xC0, 0x0F, 0xFF, 0xFF, 0xFF, 0xC0, 0x0F, 0xFF, 0xFF, 0xFF, 0xC0, 0x0F,
    0xF5, 0x55, 0x7F, 0xC0, 0x0F, 0xF4, 0x00, 0x3F, 0xC0, 0x0F, 0xF4, 0x00, 0x3F, 0xC0, 0x0F, 0xF4,
    0x00, 0x3F, 0xC0, 0x0F, 0xF4, 0x00, 0x3F, 0xC0, 0x0F, 0xF4, 0x00, 0x7F, 0xD5, 0xBF, 0xFF, 0x03,
    0xFF, 0xFF, 0xBF, 0xFF, 0x03, 0xFF, 0xFF, 0x00, 0x00, 0x00, 0x00, 0x3F, 0x00, 0x00, 0x00, 0x00,
    0x2F, 0x00, 0x00, 0x00, 0x00, 0x1F, 0x00, 0x00, 0x00, 0x00, 0x05, 0x3F, 0xFF, 0x1F, 0xFF, 0x83,
    0xFF, 0xF1, 0xFF, 0xF8, 0x0B, 0xFC, 0x03, 0xFC, 0x00, 0x7F, 0x80, 0x3F, 0xC0, 0x07, 0xF8, 0x03,
    0xFC, 0x00, 0x7F, 0xEA, 0xBF, 0xC0, 0x07, 0xFF, 0xFF, 0xFC, 0x00, 0x7F, 0xD5, 0x7F, 0xC0, 0x07,
    0xF8, 0x03, 0xFC, 0x00, 0x7F, 0x80, 0x3F, 0xC0, 0x07, 0xF8, 0x03, 0xFC, 0x03, 0xFF, 0xF1, 0xFF,
    0xFF, 0x3F, 0xFF, 0x1F, 0xFF, 0xF0, 0x00, 0x00, 0x00, 0x3F, 0x00, 0x00, 0x00, 0x02, 0xF0, 0x00,
    0x00, 0x00, 0x1F, 0x00, 0x00, 0x00, 0x01, 0xF0, 0x00, 0x00, 0x00, 0x00, 0x6A, 0xAA, 0x41, 0xAA,
    0xA3, 0xFF, 0xFE, 0x0B, 0xFF, 0xD6, 0xFF, 0xD0, 0x07, 0xFD, 0x01, 0xFF, 0x00, 0x0F, 0xC0, 0x03,
    0xFE, 0x00, 0x7D, 0x00, 0x03, 0xFC, 0x03, 0xF0, 0x00, 0x0B, 0xF8, 0x1F, 0x00, 0x00, 0x0F, 0xF4,
    0xF8, 0x00, 0x00, 0x1F, 0xFB, 0xC0, 0x00, 0x00, 0x3F, 0xFD, 0x00, 0x00, 0x00, 0x3F, 0xF0, 0x00,
    0x00, 0x00, 0xFF, 0x40, 0x00, 0x00, 0x03, 0xFD, 0x00, 0x00, 0x00, 0x0F, 0xF4, 0x00, 0x00, 0x00,
    0x3F, 0xD0, 0x00, 0x00, 0x00, 0xFF, 0x40, 0x00, 0x00, 0x3F, 0xFF, 0xE0, 0x00, 0x00, 0xFF, 0xFF,
    0x80, 0x00, 0xBF, 0xFD, 0x1F, 0xFC, 0xFF, 0xFD, 0x2F, 0xFC, 0x2F, 0xF0, 0x07, 0xE0, 0x0F, 0xF0,
    0x03, 0xC0, 0x0B, 0xF8, 0x0B, 0xC0, 0x03, 0xFC, 0x0F, 0x40, 0x03, 0xFC, 0x0F, 0x00, 0x01, 0xFE,
    0x2E, 0x00, 0x00, 0xFF, 0x3D, 0x00, 0x00, 0xBF, 0xBC, 0x00, 0x00, 0x7F, 0xF8, 0x00, 0x00, 0x3F,
    0xF0, 0x00, 0x00, 0x2F, 0xF0, 0x00, 0x00, 0x1F, 0xE0, 0x00, 0x00, 0x1F, 0xE0, 0x00, 0x00, 0x1F,
    0xE0, 0x00, 0x00, 0x7F, 0xF4, 0x00, 0x00, 0xFF, 0xFD, 0x00, 0x00, 0x55, 0x54, 0x00, 0x6A, 0xAA,
    0x41, 0xAA, 0xA3, 0xFF, 0xFE, 0x0B, 0xFF, 0xD6, 0xFF, 0xD0, 0x07, 0xFD, 0x01, 0xFF, 0x00, 0x0F,
    0xC0, 0x03, 0xFD, 0x00, 0x7D, 0x00, 0x07, 0xFC, 0x03, 0xE0, 0x00, 0x0B, 0xF8, 0x2F, 0x00, 0x00,
    0x0F, 0xF4, 0xF8, 0x00, 0x00, 0x1F, 0xFB, 0xC0, 0x00, 0x00, 0x3F, 0xFD, 0x00, 0x00, 0x00, 0x3F,
    0xE0, 0x00, 0x00, 0x00, 0xFF, 0x40, 0x00, 0x00, 0x2B, 0xFF, 0xA0, 0x00, 0x01, 0xFF, 0xFF, 0xC0,
    0x00, 0x00, 0x3F, 0xD0, 0x00, 0x00, 0x00, 0xFF, 0x40, 0x00, 0x00, 0x7F, 0xFF, 0xF0, 0x00, 0x01,
    0xFF, 0xFF, 0xC0, 0x00, 0xBF, 0xFD, 0x1F, 0xFC, 0xFF, 0xFD, 0x2F, 0xFC, 0x2F, 0xF0, 0x07, 0xE0,
    0x0F, 0xF0, 0x03, 0xC0, 0x0B, 0xF8, 0x0B, 0xC0, 0x03, 0xFC, 0x0F, 0x40, 0x03, 0xFC, 0x0F, 0x00,
    0x01, 0xFE, 0x2E, 0x00, 0x00, 0xFF, 0x3D, 0x00, 0x00, 0xBF, 0xBC, 0x00, 0x00, 0x7F, 0xF8, 0x00,
    0x00, 0x3F, 0xF0, 0x00, 0x00, 0x2F, 0xF0, 0x00, 0x01, 0x6F, 0xF5, 0x00, 0x03, 0xFF, 0xFF, 0x00,
    0x00, 0x1F, 0xE0, 0x00, 0x00, 0x7F, 0xF4, 0x00, 0x00, 0xFF, 0xFD, 0x00, 0x00, 0x55, 0x54, 0x00,
    0x6A, 0xAA, 0x00, 0x00, 0x02, 0xFF, 0xFD, 0x00, 0x00, 0x01, 0xFF, 0xD0, 0x00, 0x00, 0x03, 0xFD,
    0x00, 0x00, 0x00, 0x0F, 0xF4, 0x00, 0x00, 0x00, 0x3F, 0xD0, 0x00, 0x00, 0x00, 0xFF, 0x41, 0x64,
    0x00, 0x03, 0xFE, 0xFF, 0xFF, 0x00, 0x0F, 0xFF, 0xFF, 0xFF, 0x00, 0x3F, 0xF8, 0x07, 0xFE, 0x00,
    0xFF, 0x40, 0x07, 0xFC, 0x03, 0xFD, 0x00, 0x0F, 0xF0, 0x0F, 0xF4, 0x00, 0x3F, 0xC0, 0x3F, 0xD0,
    0x00, 0xFF, 0x00, 0xFF, 0x40, 0x03, 0xFC, 0x03, 0xFD, 0x00, 0x0F, 0xF4, 0xBF, 0xFF, 0x02, 0xFF,
    0xFE, 0xFF, 0xFC, 0x0F, 0xFF, 0xF0, 0x00, 0x00, 0x00, 0x00, 0x0F, 0xFE, 0x00, 0x00, 0x03, 0xFF,
    0x80, 0x00, 0x00, 0x2F, 0xE0, 0x00, 0x00, 0x07, 0xF8, 0x00, 0x00, 0x01, 0xFE, 0x00, 0x00, 0x00,
    0x7F, 0x80, 0x00, 0x00, 0x1F, 0xE2, 0xFF, 0x40, 0x07, 0xFB, 0xFF, 0xF4, 0x01, 0xFF, 0xEB, 0xFE,
    0x00, 0x7F, 0xC0, 0x7F, 0xC0, 0x1F, 0xE0, 0x0F, 0xF0, 0x07, 0xF8, 0x03, 0xFC, 0x01, 0xFE, 0x00,
    0xFF, 0x00, 0x7F, 0x80, 0x3F, 0xC0, 0x1F, 0xE0, 0x0F, 0xF0, 0x07, 0xF8, 0x03, 0xFC, 0x02, 0xFE,
    0x00, 0xFF, 0x03, 0xFF, 0xF1, 0xFF, 0xF4, 0xFF, 0xFC, 0x7F, 0xFE, 0x2D, 0x1B, 0xF9, 0x00, 0x0B,
    0xBF, 0xFF, 0xF0, 0x02, 0xFF, 0xAB, 0xFF, 0x00, 0xBE, 0x00, 0x3F, 0xF0, 0x1F, 0x00, 0x03, 0xFD,
    0x07, 0x40, 0x00, 0xFF, 0x80, 0x40, 0x00, 0x2F, 0xF0, 0x00, 0x00, 0x07, 0xFC, 0x15, 0x55, 0x56,
    0xFF, 0x2F, 0xFF, 0xFF, 0xFF, 0xCB, 0xFA, 0xAA, 0xAF, 0xF2, 0xFC, 0x00, 0x07, 0xFC, 0xBF, 0x00,
    0x02, 0xFE, 0x2F, 0xD0, 0x00, 0xFF, 0x03, 0xFC, 0x00, 0xBF, 0x80, 0xBF, 0xD5, 0xFF, 0xC0, 0x0F,
    0xFF, 0xFF, 0xC0, 0x00, 0xBF, 0xFF, 0x80, 0x00, 0x00, 0x54, 0x00, 0x00, 0x00, 0x00, 0x00, 0x00,
    0x1F, 0xFE, 0x00, 0x0F, 0xFF, 0xFD, 0x03, 0xFE, 0xFF, 0xF0, 0x18, 0x00, 0xFF, 0x80, 0x00, 0x07,
    0xFC, 0x00, 0x00, 0x3F, 0xC3, 0xFF, 0xFF, 0xFC, 0x3F, 0xFF, 0xFF, 0xC3, 0xFC, 0x03, 0xFC, 0x3F,
    0xC0, 0x3F, 0x82, 0xFC, 0x0B, 0xF0, 0x0F, 0xFB, 0xFD, 0x00, 0x2F, 0xFE, 0x00, 0x00, 0x14, 0x00,
    0x00, 0x00, 0x1B, 0xFE, 0x40, 0x00, 0x0F, 0xFF, 0xFF, 0x00, 0x07, 0xFE, 0xAF, 0xFD, 0x00, 0xFF,
    0x00, 0x2F, 0xF0, 0x2F, 0xD0, 0x00, 0xFF, 0x83, 0xFC, 0x00, 0x07, 0xFC, 0x7F, 0x80, 0x00, 0x3F,
    0xDB, 0xF8, 0x00, 0x03, 0xFD, 0xFF, 0xFF, 0xFF, 0xFF, 0xDF, 0xFF, 0xFF, 0xFF, 0xFD, 0xFF, 0x95,
    0x55, 0x7F, 0xDB, 0xF8, 0x00, 0x03, 0xFC, 0x7F, 0xC0, 0x00, 0x7F, 0xC3, 0xFD, 0x00, 0x0B, 0xF8,
    0x2F, 0xF0, 0x00, 0xFF, 0x00, 0xFF, 0xD0, 0x7F, 0xD0, 0x03, 0xFF, 0xFF, 0xF4, 0x00, 0x07, 0xFF,
    0xF8, 0x00, 0x00, 0x01, 0x50, 0x00, 0x00, 0x00, 0x00, 0x00, 0x00, 0x01, 0xFF, 0xF4, 0x00, 0x3F,
    0xFF, 0xFC, 0x03, 0xFD, 0x0B, 0xF8, 0x1F, 0xE0, 0x0F, 0xF0, 0xFF, 0x40, 0x2F, 0xE3, 0xFE, 0x55,
    0xFF, 0x8F, 0xFF, 0xFF, 0xFE, 0x3F, 0xEA, 0xAF, 0xF8, 0xFF, 0x40, 0x2F, 0xD2, 0xFE, 0x00, 0xFF,
    0x03, 0xFD, 0x07, 0xF8, 0x07, 0xFF, 0xFF, 0xC0, 0x07, 0xFF, 0xF4, 0x00, 0x00, 0x54, 0x00, 0x00,
    0x00, 0x00, 0x08, 0x00, 0x00, 0x00, 0x7F, 0x00, 0x00, 0x01, 0xFF, 0x00, 0x00, 0x07, 0xF8, 0x00,
    0x00, 0x0F, 0x80, 0x00, 0x00, 0x00, 0x00, 0x00, 0x00, 0x1B, 0xF8, 0x74, 0x01, 0xFF, 0xFF, 0xF8,
    0x07, 0xFE, 0xAF, 0xFC, 0x1F, 0xF0, 0x01, 0xFC, 0x3F, 0xD0, 0x00, 0xBC, 0x7F, 0xC0, 0x00, 0x3D,
    0xBF, 0x80, 0x00, 0x14, 0xFF, 0x40, 0x00, 0x00, 0xFF, 0x40, 0x00, 0x00, 0xFF, 0x40, 0x00, 0x00,
    0xFF, 0x80, 0x00, 0x00, 0xFF, 0x80, 0x00, 0x00, 0xBF, 0xC0, 0x00, 0x00, 0x3F, 0xE0, 0x00, 0x04,
    0x2F, 0xF4, 0x00, 0x3D, 0x0F, 0xFF, 0x9B, 0xFC, 0x03, 0xFF, 0xFF, 0xF0, 0x00, 0x7F, 0xFF, 0x40,
    0x00, 0x03, 0xD0, 0x00, 0x00, 0x07, 0xF8, 0x00, 0x00, 0x01, 0xBD, 0x00, 0x00, 0x00, 0x3E, 0x00,
    0x00, 0x1E, 0xFD, 0x00, 0x00, 0x0B, 0xF8, 0x00, 0x00, 0x00, 0x00, 0x00, 0x00, 0x00, 0x00, 0x00,
    0x00, 0x0B, 0x40, 0x00, 0x01, 0xFC, 0x00, 0x00, 0x3F, 0x80, 0x00, 0x0B, 0xE0, 0x00, 0x01, 0xF0,
    0x00, 0x00, 0x04, 0x00, 0x00, 0x00, 0x00, 0x00, 0x00, 0x7F, 0xF8, 0x00, 0x3F, 0xFF, 0xF0, 0x0F,
    0xF0, 0x2F, 0x81, 0xFD, 0x03, 0xFC, 0x3F, 0xC0, 0x3F, 0x43, 0xFC, 0x00, 0x40, 0x3F, 0xC0, 0x00,
    0x03, 0xFC, 0x00, 0x00, 0x3F, 0xD0, 0x00, 0x02, 0xFF, 0x00, 0x10, 0x0F, 0xFE, 0xAF, 0xC0, 0x7F,
    0xFF, 0xF4, 0x01, 0xFF, 0xF8, 0x00, 0x00, 0xF4, 0x00, 0x00, 0x1F, 0xE0, 0x00, 0x00, 0x6F, 0x40,
    0x00, 0x00, 0xF8, 0x00, 0x07, 0xBF, 0x40, 0x00, 0x2F, 0xE0, 0x00, 0x00, 0x00, 0x00, 0x6A, 0xAA,
    0x94, 0x00, 0x0F, 0xFF, 0xFF, 0xFD, 0x00, 0x2F, 0xFF, 0xFF, 0xFC, 0x00, 0xFF, 0x40, 0x7F, 0xF0,
    0x0F, 0xF4, 0x00, 0xFF, 0x40, 0xFF, 0x40, 0x0B, 0xFC, 0x0F, 0xF4, 0x00, 0x7F, 0xC0, 0xFF, 0x40,
    0x03, 0xFD, 0x0F, 0xF4, 0x00, 0x3F, 0xD0, 0xFF, 0x40, 0x03, 0xFD, 0x0F, 0xF4, 0x00, 0x3F, 0xD0,
    0xFF, 0x40, 0x03, 0xFC, 0x0F, 0xF4, 0x00, 0x7F, 0xC0, 0xFF, 0x40, 0x0F, 0xF4, 0x0F, 0xF4, 0x02,
    0xFE, 0x00, 0xFF, 0x95, 0xFF, 0xC0, 0xBF, 0xFF, 0xFF, 0xE0, 0x0F, 0xFF, 0xFF, 0x90, 0x00, 0x00,
    0x00, 0x00, 0x00, 0x00, 0x00, 0x14, 0x00, 0x00, 0x00, 0x0F, 0xF0, 0x00, 0x00, 0x01, 0xFF, 0x80,
    0x00, 0x00, 0x0F, 0xF4, 0x00, 0x00, 0x00, 0x6D, 0x00, 0x00, 0x00, 0x00, 0x00, 0x00, 0x00, 0x00,
    0xFF, 0xF0, 0x00, 0x00, 0xFF, 0xF0, 0x00, 0x00, 0x0F, 0xF0, 0x00, 0x00, 0x0F, 0xF0, 0x00, 0x00,
    0x0F, 0xF0, 0x00, 0x00, 0x0F, 0xF0, 0x00, 0xBF, 0xEF, 0xF0, 0x03, 0xFF, 0xFF, 0xF0, 0x0F, 0xF9,
    0x6F, 0xF0, 0x1F, 0xE0, 0x0F, 0xF0, 0x3F, 0xD0, 0x0F, 0xF0, 0x3F, 0xC0, 0x0F, 0xF0, 0x3F, 0xC0,
    0x0F, 0xF0, 0x3F, 0xC0, 0x0F, 0xF0, 0x3F, 0xD0, 0x0F, 0xF0, 0x3F, 0xE0, 0x0F, 0xF0, 0x1F, 0xF4,
    0x7F, 0xF0, 0x0F, 0xFF, 0xFB, 0xFE, 0x02, 0xFF, 0xC7, 0xFF, 0x00, 0x14, 0x00, 0x00, 0x00, 0x01,
    0x40, 0x00, 0x00, 0x0F, 0xF0, 0x00, 0x00, 0x1F, 0xF8, 0x00, 0x00, 0x0F, 0xF4, 0x00, 0x00, 0x06,
    0x90, 0x00, 0x6A, 0xAA, 0x94, 0x00, 0x0F, 0xFF, 0xFF, 0xFD, 0x00, 0x2F, 0xFF, 0xFF, 0xFC, 0x00,
    0xFF, 0x40, 0x7F, 0xF0, 0x0F, 0xF4, 0x00, 0xFF, 0x40, 0xFF, 0x40, 0x0B, 0xFC, 0x0F, 0xF4, 0x00,
    0x7F, 0xC0, 0xFF, 0x40, 0x03, 0xFD, 0x0F, 0xF4, 0x00, 0x3F, 0xD0, 0xFF, 0x40, 0x03, 0xFD, 0x0F,
    0xF4, 0x00, 0x3F, 0xD0, 0xFF, 0x40, 0x03, 0xFC, 0x0F, 0xF4, 0x00, 0x7F, 0xC0, 0xFF, 0x40, 0x0F,
    0xF4, 0x0F, 0xF4, 0x02, 0xFE, 0x00, 0xFF, 0x95, 0xFF, 0xC0, 0xBF, 0xFF, 0xFF, 0xE0, 0x0F, 0xFF,
    0xFF, 0x90, 0x00, 0x00, 0x00, 0x00, 0x00, 0x00, 0x00, 0x00, 0x00, 0x00, 0x00, 0xFF, 0xFF, 0x00,
    0x00, 0x0F, 0xFF, 0xF0, 0x00, 0x00, 0xAA, 0xAA, 0x00, 0x00, 0x00, 0x00, 0x00, 0x00, 0x00, 0x00,
    0xFF, 0xF0, 0x00, 0x00, 0xFF, 0xF0, 0x00, 0x00, 0x0F, 0xF0, 0x00, 0x00, 0x0F, 0xF0, 0x00, 0x00,
    0x0F, 0xF0, 0x00, 0x00, 0x0F, 0xF0, 0x00, 0xBF, 0xEF, 0xF0, 0x03, 0xFF, 0xFF, 0xF0, 0x0F, 0xF9,
    0x6F, 0xF0, 0x1F, 0xE0, 0x0F, 0xF0, 0x3F, 0xD0, 0x0F, 0xF0, 0x3F, 0xC0, 0x0F, 0xF0, 0x3F, 0xC0,
    0x0F, 0xF0, 0x3F, 0xC0, 0x0F, 0xF0, 0x3F, 0xD0, 0x0F, 0xF0, 0x3F, 0xE0, 0x0F, 0xF0, 0x1F, 0xF4,
    0x7F, 0xF0, 0x0F, 0xFF, 0xFB, 0xFE, 0x02, 0xFF, 0xC7, 0xFF, 0x00, 0x14, 0x00, 0x00, 0x00, 0x00,
    0x00, 0x00, 0x00, 0xFF, 0xFF, 0x00, 0x00, 0xFF, 0xFF, 0x00, 0x00, 0xAA, 0xAA, 0x00, 0x00, 0x60,
    0x00, 0x00, 0x03, 0xF0, 0x00, 0x00, 0x0F, 0xF0, 0x00, 0x00, 0x1F, 0xF0, 0x00, 0x00, 0x06, 0xE0,
    0x00, 0x00, 0x00, 0x00, 0x00, 0x15, 0x55, 0x40, 0x00, 0xBF, 0xFF, 0x40, 0x02, 0xFF, 0xFD, 0x00,
    0x01, 0x55, 0x50, 0x00, 0x00, 0x00, 0x00, 0x1A, 0xAA, 0xAA, 0xA0, 0xFF, 0xFF, 0xFF, 0xE0, 0xBF,
    0xEA, 0xBF, 0xC0, 0xFF, 0x40, 0x3F, 0x03, 0xFD, 0x00, 0x7C, 0x0F, 0xF4, 0x00, 0x40, 0x3F, 0xD0,
    0xB0, 0x00, 0xFF, 0x43, 0xC0, 0x03, 0xFF, 0xFF, 0x00, 0x0F, 0xFF, 0xFC, 0x00, 0x3F, 0xD1, 0xF0,
    0x00, 0xFF, 0x42, 0xC0, 0x03, 0xFD, 0x00, 0x04, 0x0F, 0xF4, 0x00, 0xF8, 0x3F, 0xD0, 0x03, 0xD0,
    0xFF, 0x40, 0x7F, 0x6F, 0xFF, 0xFF, 0xFC, 0xFF, 0xFF, 0xFF, 0xF0, 0x00, 0x24, 0x00, 0x00, 0x0F,
    0xD0, 0x00, 0x00, 0xFF, 0x40, 0x00, 0x02, 0xFD, 0x00, 0x00, 0x02, 0xF0, 0x00, 0x00, 0x00, 0x00,
    0x00, 0x55, 0x54, 0x00, 0x1F, 0xFF, 0xD0, 0x01, 0xFF, 0xFD, 0x00, 0x05, 0x55, 0x40, 0x00, 0x00,
    0x00, 0x00, 0x00, 0x00, 0x00, 0x00, 0x7F, 0xF8, 0x00, 0x3F, 0xFF, 0xF0, 0x0F, 0xF0, 0x3F, 0x81,
    0xFD, 0x02, 0xFC, 0x3F, 0xC0, 0x2F, 0xC3, 0xFF, 0xFF, 0xFC, 0x3F, 0xFF, 0xFF, 0xC3, 0xFC, 0x00,
    0x00, 0x3F, 0xD0, 0x00, 0x02, 0xFF, 0x00, 0x14, 0x0F, 0xFE, 0xAF, 0xC0, 0x7F, 0xFF, 0xF4, 0x01,
    0xFF, 0xF8, 0x00, 0x00, 0x54, 0x00, 0x00, 0x00, 0x60, 0x00, 0x00, 0x0B, 0xD0, 0x00, 0x00, 0xBF,
    0x40, 0x00, 0x0B, 0xF8, 0x00, 0x00, 0x7D, 0x00, 0x00, 0x00, 0x00, 0x00, 0x00, 0x15, 0x55, 0x40,
    0x00, 0xBF, 0xFF, 0x40, 0x02, 0xFF, 0xFD, 0x00, 0x01, 0x55, 0x50, 0x00, 0x00, 0x00, 0x00, 0x1A,
    0xAA, 0xAA, 0xA0, 0xFF, 0xFF, 0xFF, 0xE0, 0xBF, 0xEA, 0xBF, 0xC0, 0xFF, 0x40, 0x3F, 0x03, 0xFD,
    0x00, 0x7C, 0x0F, 0xF4, 0x00, 0x40, 0x3F, 0xD0, 0xB0, 0x00, 0xFF, 0x43, 0xC0, 0x03, 0xFF, 0xFF,
    0x00, 0x0F, 0xFF, 0xFC, 0x00, 0x3F, 0xD1, 0xF0, 0x00, 0xFF, 0x42, 0xC0, 0x03, 0xFD, 0x00, 0x04,
    0x0F, 0xF4, 0x00, 0xF8, 0x3F, 0xD0, 0x03, 0xD0, 0xFF, 0x40, 0x7F, 0x6F, 0xFF, 0xFF, 0xFC, 0xFF,
    0xFF, 0xFF, 0xF0, 0x00, 0x00, 0x60, 0x00, 0x00, 0x2F, 0x80, 0x00, 0x0B, 0xF8, 0x00, 0x02, 0xFE,
    0x00, 0x00, 0x7D, 0x00, 0x00, 0x00, 0x00, 0x00, 0x00, 0x55, 0x54, 0x00, 0x1F, 0xFF, 0xD0, 0x01,
    0xFF, 0xFD, 0x00, 0x05, 0x55, 0x40, 0x00, 0x00, 0x00, 0x00, 0x00, 0x00, 0x00, 0x00, 0x7F, 0xF8,
    0x00, 0x3F, 0xFF, 0xF0, 0x0F, 0xF0, 0x3F, 0x81, 0xFD, 0x02, 0xFC, 0x3F, 0xC0, 0x2F, 0xC3, 0xFF,
    0xFF, 0xFC, 0x3F, 0xFF, 0xFF, 0xC3, 0xFC, 0x00, 0x00, 0x3F, 0xD0, 0x00, 0x02, 0xFF, 0x00, 0x14,
    0x0F, 0xFE, 0xAF, 0xC0, 0x7F, 0xFF, 0xF4, 0x01, 0xFF, 0xF8, 0x00, 0x00, 0x54, 0x00, 0x03, 0x40,
    0x0A, 0x00, 0x0F, 0x00, 0x78, 0x00, 0x2F, 0xAB, 0xD0, 0x00, 0x3F, 0xFF, 0x00, 0x00, 0x7F, 0xE0,
    0x00, 0x00, 0x00, 0x00, 0x06, 0xAA, 0xAA, 0xA8, 0x3F, 0xFF, 0xFF, 0xF8, 0x2F, 0xFA, 0xAF, 0xF0,
    0x3F, 0xD0, 0x0F, 0xC0, 0xFF, 0x40, 0x1F, 0x03, 0xFD, 0x00, 0x10, 0x0F, 0xF4, 0x2C, 0x00, 0x3F,
    0xD0, 0xF0, 0x00, 0xFF, 0xFF, 0xC0, 0x03, 0xFF, 0xFF, 0x00, 0x0F, 0xF4, 0x7C, 0x00, 0x3F, 0xD0,
    0xB0, 0x00, 0xFF, 0x40, 0x01, 0x03, 0xFD, 0x00, 0x3E, 0x0F, 0xF4, 0x00, 0xF4, 0x3F, 0xD0, 0x1F,
    0xDB, 0xFF, 0xFF, 0xFF, 0x3F, 0xFF, 0xFF, 0xFC, 0x00, 0x0F, 0x00, 0x00, 0x00, 0x3F, 0x80, 0x00,
    0x00, 0x6F, 0x80, 0x00, 0x00, 0x3E, 0x00, 0x00, 0x3B, 0xF8, 0x00, 0x00, 0xBF, 0x80, 0x00, 0x00,
    0x00, 0x00, 0x00, 0x02, 0x80, 0x0A, 0x00, 0x2C, 0x00, 0xE0, 0x01, 0xF5, 0x7D, 0x00, 0x0F, 0xFF,
    0xC0, 0x00, 0x3F, 0xF0, 0x00, 0x00, 0x50, 0x00, 0x00, 0x00, 0x00, 0x00, 0x07, 0xFF, 0x80, 0x03,
    0xFF, 0xFF, 0x00, 0xFF, 0x03, 0xF8, 0x1F, 0xD0, 0x2F, 0xC3, 0xFC, 0x02, 0xFC, 0x3F, 0xFF, 0xFF,
    0xC3, 0xFF, 0xFF, 0xFC, 0x3F, 0xC0, 0x00, 0x03, 0xFD, 0x00, 0x00, 0x2F, 0xF0, 0x01, 0x40, 0xFF,
    0xEA, 0xFC, 0x07, 0xFF, 0xFF, 0x40, 0x1F, 0xFF, 0x80, 0x00, 0x0F, 0x40, 0x00, 0x00, 0xFE, 0x00,
    0x00, 0x06, 0xF4, 0x00, 0x00, 0x0F, 0x80, 0x00, 0x7B, 0xF4, 0x00, 0x02, 0xFE, 0x00, 0x00, 0x00,
    0x00, 0x00, 0x00, 0x15, 0x55, 0x40, 0x00, 0x07, 0xFF, 0xF8, 0x00, 0x00, 0x7F, 0xFF, 0x80, 0x00,
    0x01, 0x55, 0x50, 0x00, 0x00, 0x00, 0x00, 0x00, 0x00, 0x01, 0xBF, 0x93, 0x80, 0x01, 0xFF, 0xFF,
    0xFC, 0x00, 0x7F, 0xFA, 0xFF, 0xC0, 0x0F, 0xF4, 0x00, 0xFD, 0x03, 0xFD, 0x00, 0x07, 0xD0, 0x7F,
    0xC0, 0x00, 0x2E, 0x0B, 0xF8, 0x00, 0x00, 0x40, 0xFF, 0x80, 0x00, 0x00, 0x0F, 0xF4, 0x00, 0x00,
    0x00, 0xFF, 0x40, 0x0F, 0xFF, 0xDF, 0xF8, 0x00, 0xFF, 0xFE, 0xFF, 0x80, 0x01, 0xFF, 0x4B, 0xFC,
    0x00, 0x0F, 0xF0, 0x3F, 0xD0, 0x00, 0xFF, 0x03, 0xFF, 0x40, 0x0F, 0xF0, 0x0F, 0xFE, 0x5B, 0xFF,
    0x00, 0x3F, 0xFF, 0xFF, 0xF0, 0x00, 0xBF, 0xFE, 0x2F, 0x00, 0x00, 0x14, 0x00, 0x00, 0x01, 0x55,
    0x54, 0x00, 0x03, 0xFF, 0xFC, 0x00, 0x03, 0xFF, 0xFC, 0x00, 0x01, 0x55, 0x54, 0x10, 0x00, 0x00,
    0x01, 0xFC, 0x00, 0x00, 0x03, 0xFD, 0x01, 0xFF, 0xFF, 0x38, 0x0F, 0xFF, 0xFE, 0x00, 0x2F, 0xD0,
    0xBF, 0x40, 0x3F, 0xC0, 0x3F, 0xC0, 0x3F, 0xC0, 0x3F, 0xC0, 0x3F, 0xC0, 0x3F, 0xC0, 0x2F, 0xE0,
    0xFF, 0x40, 0x0F, 0xFF, 0xFE, 0x00, 0x0B, 0xFF, 0xE0, 0x00, 0x1F, 0x40, 0x00, 0x00, 0x2F, 0x95,
    0x55, 0x00, 0x1F, 0xFF, 0xFF, 0xD0, 0x07, 0xFF, 0xFF, 0xF0, 0x2F, 0xEA, 0xAF, 0xF8, 0x7F, 0x40,
    0x0F, 0xF4, 0xBF, 0x00, 0x0F, 0xF0, 0x7F, 0xD5, 0x7F, 0xE0, 0x2F, 0xFF, 0xFF, 0x40, 0x01, 0xAE,
    0xA4, 0x00, 0x6A, 0xAA, 0x02, 0xAA, 0xA7, 0xFF, 0xFC, 0x0F, 0xFF, 0xF2, 0xFF, 0x90, 0x1B, 0xFE,
    0x43, 0xFD, 0x00, 0x0F, 0xF0, 0x0F, 0xF4, 0x00, 0x3F, 0xC0, 0x3F, 0xD0, 0x00, 0xFF, 0x00, 0xFF,
    0x40, 0x03, 0xFC, 0x03, 0xFD, 0x00, 0x1F, 0xF0, 0x0F, 0xFF, 0xFF, 0xFF, 0xC0, 0x3F, 0xFF, 0xFF,
    0xFF, 0x00, 0xFF, 0x55, 0x57, 0xFC, 0x03, 0xFD, 0x00, 0x0F, 0xF0, 0x0F, 0xF4, 0x00, 0x3F, 0xC0,
    0x3F, 0xD0, 0x00, 0xFF, 0x00, 0xFF, 0x40, 0x03, 0xFC, 0x03, 0xFD, 0x00, 0x1F, 0xF0, 0xBF, 0xFF,
    0x03, 0xFF, 0xFB, 0xFF, 0xFC, 0x0F, 0xFF, 0xF0, 0x00, 0x00, 0x00, 0x00, 0x00, 0x00, 0x15, 0x00,
    0x00, 0x00, 0x02, 0xFE, 0x00, 0x00, 0x00, 0x0F, 0xFC, 0x00, 0x00, 0x00, 0x2F, 0xF0, 0x00, 0x00,
    0x00, 0x2E, 0x00, 0x00, 0x00, 0x00, 0x00, 0x00, 0x0F, 0xFE, 0x00, 0x00, 0x03, 0xFF, 0x80, 0x00,
    0x00, 0x2F, 0xE0, 0x00, 0x00, 0x07, 0xF8, 0x00, 0x00, 0x01, 0xFE, 0x00, 0x00, 0x00, 0x7F, 0x80,
    0x00, 0x00, 0x1F, 0xE2, 0xFF, 0x40, 0x07, 0xFB, 0xFF, 0xF4, 0x01, 0xFF, 0xEB, 0xFE, 0x00, 0x7F,
    0xC0, 0x7F, 0xC0, 0x1F, 0xE0, 0x0F, 0xF0, 0x07, 0xF8, 0x03, 0xFC, 0x01, 0xFE, 0x00, 0xFF, 0x00,
    0x7F, 0x80, 0x3F, 0xC0, 0x1F, 0xE0, 0x0F, 0xF0, 0x07, 0xF8, 0x03, 0xFC, 0x02, 0xFE, 0x00, 0xFF,
    0x03, 0xFF, 0xF1, 0xFF, 0xF4, 0xFF, 0xFC, 0x7F, 0xFE, 0x00, 0x00, 0x00, 0x00, 0x00, 0x00, 0x14,
    0x00, 0x00, 0x00, 0x7F, 0xC0, 0x00, 0x00, 0x2F, 0xF0, 0x00, 0x00, 0x0B, 0xFC, 0x00, 0x00, 0x00,
    0xB8, 0x00, 0x00, 0x6A, 0xAA, 0x02, 0xAA, 0xA7, 0xFF, 0xFC, 0x0F, 0xFF, 0xF2, 0xFF, 0x90, 0x1B,
    0xFE, 0x43, 0xFD, 0x00, 0x0F, 0xF0, 0x0F, 0xF4, 0x00, 0x3F, 0xC0, 0x3F, 0xD0, 0x00, 0xFF, 0x00,
    0xFF, 0x40, 0x03, 0xFC, 0x03, 0xFD, 0x00, 0x1F, 0xF0, 0x0F, 0xFF, 0xFF, 0xFF, 0xC0, 0x3F, 0xFF,
    0xFF, 0xFF, 0x00, 0xFF, 0x55, 0x57, 0xFC, 0x03, 0xFD, 0x00, 0x0F, 0xF0, 0x0F, 0xF4, 0x00, 0x3F,
    0xC0, 0x3F, 0xD0, 0x00, 0xFF, 0x00, 0xFF, 0x40, 0x03, 0xFC, 0x03, 0xFD, 0x00, 0x1F, 0xF0, 0xBF,
    0xFF, 0x03, 0xFF, 0xFB, 0xFF, 0xFC, 0x0F, 0xFF, 0xF0, 0x00, 0x00, 0x00, 0x00, 0x00, 0x0A, 0x00,
    0x28, 0x00, 0x00, 0x2D, 0x01, 0xE0, 0x00, 0x00, 0x7F, 0xBF, 0x40, 0x00, 0x00, 0xFF, 0xF8, 0x00,
    0x00, 0x00, 0xBF, 0x80, 0x00, 0x00, 0x00, 0x00, 0x00, 0x00, 0x00, 0x00, 0x00, 0x00, 0x0F, 0xFE,
    0x00, 0x00, 0x03, 0xFF, 0x80, 0x00, 0x00, 0x2F, 0xE0, 0x00, 0x00, 0x07, 0xF8, 0x00, 0x00, 0x01,
    0xFE, 0x00, 0x00, 0x00, 0x7F, 0x80, 0x00, 0x00, 0x1F, 0xE2, 0xFF, 0x40, 0x07, 0xFB, 0xFF, 0xF4,
    0x01, 0xFF, 0xEB, 0xFE, 0x00, 0x7F, 0xC0, 0x7F, 0xC0, 0x1F, 0xE0, 0x0F, 0xF0, 0x07, 0xF8, 0x03,
    0xFC, 0x01, 0xFE, 0x00, 0xFF, 0x00, 0x7F, 0x80, 0x3F, 0xC0, 0x1F, 0xE0, 0x0F, 0xF0, 0x07, 0xF8,
    0x03, 0xFC, 0x02, 0xFE, 0x00, 0xFF, 0x03, 0xFF, 0xF1, 0xFF, 0xF4, 0xFF, 0xFC, 0x7F, 0xFE, 0x00,
    0x00, 0x00, 0x00, 0x00, 0x1C, 0x00, 0x60, 0x00, 0x07, 0x80, 0x3C, 0x00, 0x00, 0xFE, 0xBE, 0x00,
    0x00, 0x2F, 0xFF, 0x00, 0x00, 0x02, 0xFE, 0x00, 0x00, 0x00, 0x00, 0x00, 0x00, 0x00, 0x06, 0x00,
    0x00, 0xBD, 0x00, 0x0B, 0xF4, 0x00, 0xFF, 0x80, 0x0B, 0xD0, 0x00, 0x00, 0x00, 0x00, 0x40, 0x04,
    0x1F, 0xC2, 0xFC, 0xFF, 0x4F, 0xF2, 0xFD, 0x3F, 0xC2, 0x90, 0x28, 0x00, 0x00, 0x00, 0x1A, 0xAA,
    0x80, 0xFF, 0xFF, 0x00, 0xBF, 0xF4, 0x00, 0xFF, 0x40, 0x03, 0xFD, 0x00, 0x0F, 0xF4, 0x00, 0x3F,
    0xD0, 0x00, 0xFF, 0x40, 0x03, 0xFD, 0x00, 0x0F, 0xF4, 0x00, 0x3F, 0xD0, 0x00, 0xFF, 0x40, 0x03,
    0xFD, 0x00, 0x0F, 0xF4, 0x00, 0x3F, 0xD0, 0x00, 0xFF, 0x40, 0x2F, 0xFF, 0xC0, 0xFF, 0xFF, 0x00,
    0x00, 0x02, 0x40, 0x00, 0x3F, 0x00, 0x03, 0xFC, 0x00, 0x3F, 0xD0, 0x02, 0xE4, 0x00, 0x00, 0x00,
    0x00, 0x00, 0x00, 0x0B, 0xE0, 0xFD, 0x3F, 0xC7, 0xF8, 0xFF, 0x1F, 0xE1, 0xA0, 0x2E, 0x00, 0x00,
    0x00, 0x00, 0x00, 0x00, 0x0B, 0xFE, 0x00, 0x3F, 0xF8, 0x00, 0x6F, 0xE0, 0x00, 0x7F, 0x80, 0x01,
    0xFE, 0x00, 0x07, 0xF8, 0x00, 0x1F, 0xE0, 0x00, 0x7F, 0x80, 0x01, 0xFE, 0x00, 0x07, 0xF8, 0x00,
    0x1F, 0xF0, 0x03, 0xFF, 0xF4, 0x0F, 0xFF, 0xE0, 0x6A, 0xAA, 0x00, 0x03, 0xFF, 0xFD, 0x00, 0x02,
    0xFF, 0x90, 0x00, 0x03, 0xFD, 0x00, 0x00, 0x0F, 0xF4, 0x00, 0x00, 0x3F, 0xD0, 0x00, 0x00, 0xFF,
    0x40, 0x00, 0x03, 0xFD, 0x00, 0x00, 0x0F, 0xF4, 0x00, 0x00, 0x3F, 0xD0, 0x00, 0x00, 0xFF, 0x40,
    0x00, 0x03, 0xFD, 0x00, 0x00, 0x0F, 0xF4, 0x00, 0xF0, 0x3F, 0xD0, 0x0B, 0xC0, 0xFF, 0x40, 0x3F,
    0x03, 0xFD, 0x07, 0xFC, 0xBF, 0xFF, 0xFF, 0xE3, 0xFF, 0xFF, 0xFF, 0x80, 0x00, 0x00, 0x00, 0x00,
    0x01, 0x40, 0x00, 0x00, 0x3F, 0xD0, 0x00, 0x00, 0xFF, 0x80, 0x00, 0x03, 0xFD, 0x00, 0x00, 0x06,
    0xD0, 0x00, 0x00, 0x00, 0x0F, 0xFE, 0x03, 0xFF, 0x80, 0x2F, 0xE0, 0x07, 0xF8, 0x01, 0xFE, 0x00,
    0x7F, 0x80, 0x1F, 0xE0, 0x07, 0xF8, 0x01, 0xFE, 0x00, 0x7F, 0x80, 0x1F, 0xE0, 0x07, 0xF8, 0x01,
    0xFE, 0x00, 0x7F, 0x80, 0x1F, 0xE0, 0x07, 0xF8, 0x01, 0xFE, 0x03, 0xFF, 0xF4, 0xFF, 0xFD, 0x00,
    0x00, 0x00, 0x14, 0x00, 0x7F, 0xC0, 0x2F, 0xF0, 0x0B, 0xFC, 0x00, 0xB8, 0x00, 0x55, 0x55, 0x00,
    0x03, 0xFF, 0xFC, 0x00, 0x0F, 0xFF, 0xF0, 0x00, 0x05, 0x55, 0x40, 0x00, 0x00, 0x00, 0x00, 0x01,
    0xAA, 0xA8, 0x00, 0x0F, 0xFF, 0xF4, 0x00, 0x0B, 0xFE, 0x40, 0x00, 0x0F, 0xF4, 0x00, 0x00, 0x3F,
    0xD0, 0x00, 0x00, 0xFF, 0x40, 0x00, 0x03, 0xFD, 0x00, 0x00, 0x0F, 0xF4, 0x00, 0x00, 0x3F, 0xD0,
    0x00, 0x00, 0xFF, 0x40, 0x00, 0x03, 0xFD, 0x00, 0x00, 0x0F, 0xF4, 0x00, 0x00, 0x3F, 0xD0, 0x03,
    0xC0, 0xFF, 0x40, 0x2F, 0x03, 0xFD, 0x00, 0xFC, 0x0F, 0xF4, 0x1F, 0xF2, 0xFF, 0xFF, 0xFF, 0x8F,
    0xFF, 0xFF, 0xFE, 0x00, 0x00, 0x00, 0x00, 0x00, 0x05, 0x00, 0x00, 0x00, 0xFF, 0x40, 0x00, 0x03,
    0xFE, 0x00, 0x00, 0x0F, 0xF4, 0x00, 0x00, 0x1B, 0x40, 0x00, 0x15, 0x55, 0x47, 0xFF, 0xFC, 0x7F,
    0xFF, 0xC1, 0x55, 0x50, 0x00, 0x00, 0x00, 0xFF, 0xE0, 0x0F, 0xFE, 0x00, 0x2F, 0xE0, 0x01, 0xFE,
    0x00, 0x1F, 0xE0, 0x01, 0xFE, 0x00, 0x1F, 0xE0, 0x01, 0xFE, 0x00, 0x1F, 0xE0, 0x01, 0xFE, 0x00,
    0x1F, 0xE0, 0x01, 0xFE, 0x00, 0x1F, 0xE0, 0x01, 0xFE, 0x00, 0x1F, 0xE0, 0x01, 0xFE, 0x00, 0x1F,
    0xE0, 0x0F, 0xFF, 0xD0, 0xFF, 0xFD, 0x00, 0x00, 0x00, 0x01, 0x40, 0x01, 0xFF, 0x00, 0x2F, 0xF0,
    0x02, 0xFF, 0x00, 0x0B, 0x80, 0x6A, 0xAA, 0x00, 0x03, 0xFF, 0xFD, 0x00, 0x02, 0xFF, 0x90, 0x00,
    0x03, 0xFD, 0x00, 0x00, 0x0F, 0xF4, 0x00, 0x00, 0x3F, 0xD0, 0x00, 0x00, 0xFF, 0x40, 0x00, 0x03,
    0xFD, 0x00, 0x00, 0x0F, 0xF4, 0x00, 0x00, 0x3F, 0xD0, 0x00, 0x00, 0xFF, 0x40, 0x00, 0x03, 0xFD,
    0x00, 0x00, 0x0F, 0xF4, 0x00, 0xF0, 0x3F, 0xD0, 0x0B, 0xC0, 0xFF, 0x40, 0x3F, 0x03, 0xFD, 0x07,
    0xFC, 0xBF, 0xFF, 0xFF, 0xE3, 0xFF, 0xFF, 0xFF, 0x80, 0x00, 0x00, 0x00, 0x00, 0x00, 0x00, 0x00,
    0x03, 0xFF, 0xFC, 0x00, 0x0F, 0xFF, 0xF0, 0x00, 0x2A, 0xAA, 0x80, 0x00, 0x00, 0x00, 0x0F, 0xFE,
    0x03, 0xFF, 0x80, 0x2F, 0xE0, 0x07, 0xF8, 0x01, 0xFE, 0x00, 0x7F, 0x80, 0x1F, 0xE0, 0x07, 0xF8,
    0x01, 0xFE, 0x00, 0x7F, 0x80, 0x1F, 0xE0, 0x07, 0xF8, 0x01, 0xFE, 0x00, 0x7F, 0x80, 0x1F, 0xE0,
    0x07, 0xF8, 0x01, 0xFE, 0x03, 0xFF, 0xF4, 0xFF, 0xFD, 0x00, 0x00, 0x00, 0x00, 0x07, 0xFF, 0xF9,
    0xFF, 0xFE, 0x2A, 0xAA, 0x40, 0x2A, 0xA9, 0x00, 0x01, 0xAA, 0x91, 0xFF, 0xFC, 0x00, 0x0F, 0xFF,
    0xC1, 0xFF, 0xF0, 0x00, 0x7F, 0xF9, 0x01, 0xFF, 0xE0, 0x02, 0xFF, 0xC0, 0x07, 0xFF, 0xC0, 0x0F,
    0xFF, 0x00, 0x2F, 0xBF, 0x40, 0xBB, 0xFC, 0x00, 0xBC, 0xFF, 0x03, 0xDF, 0xF0, 0x02, 0xF3, 0xFC,
    0x1F, 0x3F, 0xD0, 0x0B, 0xC7, 0xF8, 0xB8, 0xBF, 0x40, 0x3F, 0x0F, 0xF3, 0xC2, 0xFD, 0x00, 0xF8,
    0x2F, 0xFE, 0x0B, 0xF4, 0x03, 0xE0, 0x3F, 0xF4, 0x2F, 0xE0, 0x0F, 0x80, 0xFF, 0xC0, 0x7F, 0x80,
    0x3E, 0x01, 0xFD, 0x01, 0xFE, 0x00, 0xF4, 0x03, 0xF0, 0x07, 0xFC, 0x03, 0xE0, 0x00, 0x00, 0x1F,
    0xF0, 0xFF, 0xF4, 0x00, 0x03, 0xFF, 0xFB, 0xFF, 0xD0, 0x00, 0x1F, 0xFF, 0xE0, 0x00, 0x00, 0x00,
    0x00, 0x00, 0x00, 0x00, 0x01, 0x40, 0x00, 0x00, 0x00, 0x00, 0x7F, 0xC0, 0x00, 0x00, 0x00, 0x02,
    0xFF, 0x00, 0x00, 0x00, 0x00, 0x0B, 0xFC, 0x00, 0x00, 0x00, 0x00, 0x0B, 0x80, 0x00, 0x00, 0x00,
    0x00, 0x00, 0x00, 0x00, 0x00, 0x0B, 0xFC, 0x2F, 0xF0, 0x2F, 0xF0, 0x03, 0xFF, 0x7F, 0xFF, 0x3F,
    0xFF, 0x00, 0x6F, 0xFE, 0xBF, 0xFE, 0xBF, 0xD0, 0x07, 0xFC, 0x0B, 0xFC, 0x0B, 0xF8, 0x01, 0xFF,
    0x01, 0xFF, 0x01, 0xFE, 0x00, 0x7F, 0x80, 0x7F, 0x80, 0x7F, 0x80, 0x1F, 0xE0, 0x1F, 0xE0, 0x1F,
    0xE0, 0x07, 0xF8, 0x07, 0xF8, 0x07, 0xF8, 0x01, 0xFE, 0x01, 0xFE, 0x01, 0xFE, 0x00, 0x7F, 0x80,
    0x7F, 0x80, 0x7F, 0x80, 0x1F, 0xF0, 0x1F, 0xE0, 0x1F, 0xE0, 0x2F, 0xFF, 0x1F, 0xFF, 0x1F, 0xFF,
    0x0F, 0xFF, 0xCB, 0xFF, 0xCB, 0xFF, 0xD0, 0x00, 0x00, 0x00, 0x00, 0x00, 0x00, 0x00, 0x00, 0x01,
    0x40, 0x00, 0x00, 0x00, 0x00, 0x07, 0xF8, 0x00, 0x00, 0x00, 0x00, 0x03, 0xFF, 0x00, 0x00, 0x00,
    0x00, 0x00, 0xBF, 0xC0, 0x00, 0x00, 0x00, 0x00, 0x0B, 0x80, 0x00, 0x00, 0x00, 0x00, 0x50, 0x00,
    0x00, 0x00, 0x0B, 0xF4, 0x00, 0x00, 0x00, 0x3F, 0xE0, 0x00, 0x00, 0x00, 0xFF, 0x80, 0x00, 0x00,
    0x00, 0xB8, 0x00, 0x00, 0x00, 0x00, 0x00, 0x00, 0x06, 0xAA, 0x40, 0x06, 0xAA, 0x7F, 0xFF, 0x00,
    0x2F, 0xFF, 0x2F, 0xFF, 0x00, 0x2F, 0xE0, 0x3F, 0xFD, 0x00, 0x3F, 0x00, 0xFF, 0xFC, 0x00, 0xFC,
    0x03, 0xFF, 0xF8, 0x03, 0xF0, 0x0F, 0xDF, 0xF0, 0x0F, 0xC0, 0x3F, 0x3F, 0xF0, 0x3F, 0x00, 0xFC,
    0x7F, 0xD0, 0xFC, 0x03, 0xF0, 0xBF, 0xC3, 0xF0, 0x0F, 0xC0, 0xFF, 0x8F, 0xC0, 0x3F, 0x01, 0xFF,
    0x3F, 0x00, 0xFC, 0x03, 0xFF, 0xFC, 0x03, 0xF0, 0x03, 0xFF, 0xF0, 0x0F, 0xC0, 0x0B, 0xFF, 0xC0,
    0x3F, 0x00, 0x0F, 0xFF, 0x0B, 0xFF, 0x80, 0x1F, 0xFC, 0x3F, 0xFE, 0x00, 0x2F, 0xF0, 0x00, 0x00,
    0x40, 0x00, 0x00, 0x00, 0xFF, 0x00, 0x00, 0x00, 0xBF, 0xC0, 0x00, 0x00, 0x1F, 0xF0, 0x00, 0x00,
    0x02, 0xF4, 0x00, 0x00, 0x00, 0x00, 0x00, 0x00, 0x00, 0x00, 0x00, 0x00, 0xBF, 0xC2, 0xFF, 0x40,
    0x3F, 0xF7, 0xFF, 0xF4, 0x06, 0xFF, 0xEB, 0xFF, 0x00, 0x7F, 0xD0, 0x3F, 0xC0, 0x1F, 0xF0, 0x0F,
    0xF0, 0x07, 0xF8, 0x03, 0xFC, 0x01, 0xFE, 0x00, 0xFF, 0x00, 0x7F, 0x80, 0x3F, 0xC0, 0x1F, 0xE0,
    0x0F, 0xF0, 0x07, 0xF8, 0x03, 0xFC, 0x01, 0xFF, 0x00, 0xFF, 0x02, 0xFF, 0xF1, 0xFF, 0xF8, 0xFF,
    0xFC, 0x7F, 0xFF, 0x6A, 0xA4, 0x00, 0x6A, 0xA7, 0xFF, 0xF0, 0x02, 0xFF, 0xF2, 0xFF, 0xF0, 0x02,
    0xFE, 0x03, 0xFF, 0xD0, 0x03, 0xF0, 0x0F, 0xFF, 0xC0, 0x0F, 0xC0, 0x3F, 0xFF, 0x80, 0x3F, 0x00,
    0xFD, 0xFF, 0x00, 0xFC, 0x03, 0xF3, 0xFF, 0x03, 0xF0, 0x0F, 0xC7, 0xFD, 0x0F, 0xC0, 0x3F, 0x0B,
    0xFC, 0x3F, 0x00, 0xFC, 0x0F, 0xF8, 0xFC, 0x03, 0xF0, 0x1F, 0xF3, 0xF0, 0x0F, 0xC0, 0x3F, 0xFF,
    0xC0, 0x3F, 0x00, 0x3F, 0xFF, 0x00, 0xFC, 0x00, 0xBF, 0xFC, 0x03, 0xF0, 0x00, 0xFF, 0xF0, 0xBF,
    0xF8, 0x01, 0xFF, 0xC3, 0xFF, 0xE0, 0x02, 0xFF, 0x00, 0x00, 0x00, 0x00, 0x00, 0x00, 0x00, 0x14,
    0x00, 0x00, 0x00, 0x03, 0xFD, 0x00, 0x00, 0x00, 0x0F, 0xF8, 0x00, 0x00, 0x00, 0x3F, 0xE0, 0x00,
    0x00, 0x00, 0x2E, 0x00, 0x00, 0x00, 0x00, 0x00, 0x00, 0x0B, 0xFC, 0x2F, 0xF4, 0x03, 0xFF, 0x7F,
    0xFF, 0x40, 0x6F, 0xFE, 0xBF, 0xF0, 0x07, 0xFD, 0x03, 0xFC, 0x01, 0xFF, 0x00, 0xFF, 0x00, 0x7F,
    0x80, 0x3F, 0xC0, 0x1F, 0xE0, 0x0F, 0xF0, 0x07, 0xF8, 0x03, 0xFC, 0x01, 0xFE, 0x00, 0xFF, 0x00,
    0x7F, 0x80, 0x3F, 0xC0, 0x1F, 0xF0, 0x0F, 0xF0, 0x2F, 0xFF, 0x1F, 0xFF, 0x8F, 0xFF, 0xC7, 0xFF,
    0xF0, 0x00, 0x00, 0x00, 0x00, 0x00, 0x01, 0x40, 0x00, 0x00, 0x03, 0xFC, 0x00, 0x00, 0x02, 0xFF,
    0x40, 0x00, 0x00, 0x7F, 0xC0, 0x00, 0x00, 0x07, 0x90, 0x00, 0x6A, 0xA4, 0x00, 0x6A, 0xA7, 0xFF,
    0xF0, 0x02, 0xFF, 0xF2, 0xFF, 0xF0, 0x02, 0xFE, 0x03, 0xFF, 0xD0, 0x03, 0xF0, 0x0F, 0xFF, 0xC0,
    0x0F, 0xC0, 0x3F, 0xFF, 0x80, 0x3F, 0x00, 0xFD, 0xFF, 0x00, 0xFC, 0x03, 0xF3, 0xFF, 0x03, 0xF0,
    0x0F, 0xC7, 0xFD, 0x0F, 0xC0, 0x3F, 0x0B, 0xFC, 0x3F, 0x00, 0xFC, 0x0F, 0xF8, 0xFC, 0x03, 0xF0,
    0x1F, 0xF3, 0xF0, 0x0F, 0xC0, 0x3F, 0xFF, 0xC0, 0x3F, 0x00, 0x3F, 0xFF, 0x00, 0xFC, 0x00, 0xBF,
    0xFC, 0x03, 0xF0, 0x00, 0xFF, 0xF0, 0xBF, 0xF8, 0x01, 0xFF, 0xC3, 0xFF, 0xE0, 0x02, 0xFF, 0x00,
    0x00, 0x00, 0x00, 0x00, 0x00, 0x00, 0x00, 0x00, 0x00, 0x00, 0x2F, 0xFF, 0xD0, 0x00, 0x00, 0xBF,
    0xFF, 0x40, 0x00, 0x01, 0xAA, 0xA8, 0x00, 0x00, 0x00, 0x00, 0x00, 0x00, 0x0B, 0xFC, 0x2F, 0xF4,
    0x03, 0xFF, 0x7F, 0xFF, 0x40, 0x6F, 0xFE, 0xBF, 0xF0, 0x07, 0xFD, 0x03, 0xFC, 0x01, 0xFF, 0x00,
    0xFF, 0x00, 0x7F, 0x80, 0x3F, 0xC0, 0x1F, 0xE0, 0x0F, 0xF0, 0x07, 0xF8, 0x03, 0xFC, 0x01, 0xFE,
    0x00, 0xFF, 0x00, 0x7F, 0x80, 0x3F, 0xC0, 0x1F, 0xF0, 0x0F, 0xF0, 0x2F, 0xFF, 0x1F, 0xFF, 0x8F,
    0xFF, 0xC7, 0xFF, 0xF0, 0x00, 0x00, 0x00, 0x00, 0x00, 0x00, 0x00, 0x00, 0x00, 0x3F, 0xFF, 0xC0,
    0x00, 0x0F, 0xFF, 0xF0, 0x00, 0x02, 0xAA, 0xA8, 0x00, 0x00, 0x00, 0x08, 0x00, 0x00, 0x00, 0x07,
    0xF0, 0x00, 0x00, 0x01, 0xFF, 0x00, 0x00, 0x00, 0x7F, 0x80, 0x00, 0x00, 0x0F, 0x80, 0x00, 0x00,
    0x00, 0x40, 0x00, 0x00, 0x00, 0x2F, 0xD0, 0x80, 0x00, 0x07, 0xFF, 0xFC, 0x00, 0x00, 0xFB, 0xFF,
    0x80, 0x00, 0x00, 0x06, 0xE0, 0x00, 0x00, 0x00, 0x00, 0x00, 0x00, 0x01, 0xBF, 0xE4, 0x00, 0x01,
    0xFF, 0xFF, 0xF0, 0x00, 0x7F, 0xEA, 0xFF, 0xC0, 0x0F, 0xF0, 0x03, 0xFF, 0x03, 0xFD, 0x00, 0x0F,
    0xF4, 0x7F, 0xC0, 0x00, 0xBF, 0xCB, 0xF8, 0x00, 0x07, 0xFC, 0xFF, 0x80, 0x00, 0x3F, 0xDF, 0xF4,
    0x00, 0x03, 0xFD, 0xFF, 0x40, 0x00, 0x3F, 0xDF, 0xF8, 0x00, 0x03, 0xFC, 0xFF, 0x80, 0x00, 0x3F,
    0xCB, 0xFC, 0x00, 0x07, 0xFC, 0x3F, 0xD0, 0x00, 0xBF, 0x42, 0xFF, 0x00, 0x0F, 0xF0, 0x0F, 0xFD,
    0x07, 0xFC, 0x00, 0x3F, 0xFF, 0xFF, 0x00, 0x00, 0xBF, 0xFF, 0x80, 0x00, 0x00, 0x15, 0x00, 0x00,
    0x00, 0x00, 0x24, 0x00, 0x00, 0x03, 0xF0, 0x00, 0x00, 0x7F, 0xC0, 0x00, 0x07, 0xFC, 0x00, 0x00,
    0x3E, 0x00, 0x00, 0x00, 0x00, 0x00, 0x00, 0x07, 0xF4, 0x20, 0x00, 0x3F, 0xFF, 0xC0, 0x02, 0xEF,
    0xFE, 0x00, 0x01, 0x06, 0xE0, 0x00, 0x00, 0x00, 0x00, 0x00, 0x00, 0x00, 0x00, 0x00, 0x7F, 0xFD,
    0x00, 0x0F, 0xFF, 0xFF, 0x00, 0xFF, 0x43, 0xFE, 0x07, 0xF8, 0x03, 0xFC, 0x3F, 0xC0, 0x0B, 0xF8,
    0xFF, 0x00, 0x2F, 0xE3, 0xFC, 0x00, 0xBF, 0x8F, 0xF0, 0x02, 0xFE, 0x3F, 0xD0, 0x0B, 0xF4, 0xBF,
    0x80, 0x3F, 0xC0, 0xFF, 0x41, 0xFE, 0x01, 0xFF, 0xFF, 0xF0, 0x01, 0xFF, 0xFD, 0x00, 0x00, 0x15,
    0x00, 0x00, 0x00, 0x10, 0x01, 0x00, 0x00, 0x0F, 0xE0, 0xFD, 0x00, 0x01, 0xFF, 0x2F, 0xE0, 0x00,
    0x0F, 0xF1, 0xFE, 0x00, 0x00, 0x68, 0x06, 0x80, 0x00, 0x00, 0x00, 0x00, 0x00, 0x00, 0x2F, 0xD0,
    0x80, 0x00, 0x07, 0xFF, 0xFC, 0x00, 0x00, 0xFB, 0xFF, 0x80, 0x00, 0x00, 0x06, 0xE0, 0x00, 0x00,
    0x00, 0x00, 0x00, 0x00, 0x01, 0xBF, 0xE4, 0x00, 0x01, 0xFF, 0xFF, 0xF0, 0x00, 0x7F, 0xEA, 0xFF,
    0xC0, 0x0F, 0xF0, 0x03, 0xFF, 0x03, 0xFD, 0x00, 0x0F, 0xF4, 0x7F, 0xC0, 0x00, 0xBF, 0xCB, 0xF8,
    0x00, 0x07, 0xFC, 0xFF, 0x80, 0x00, 0x3F, 0xDF, 0xF4, 0x00, 0x03, 0xFD, 0xFF, 0x40, 0x00, 0x3F,
    0xDF, 0xF8, 0x00, 0x03, 0xFC, 0xFF, 0x80, 0x00, 0x3F, 0xCB, 0xFC, 0x00, 0x07, 0xFC, 0x3F, 0xD0,
    0x00, 0xBF, 0x42, 0xFF, 0x00, 0x0F, 0xF0, 0x0F, 0xFD, 0x07, 0xFC, 0x00, 0x3F, 0xFF, 0xFF, 0x00,
    0x00, 0xBF, 0xFF, 0x80, 0x00, 0x00, 0x15, 0x00, 0x00, 0x00, 0x00, 0x04, 0x00, 0x0F, 0xE0, 0xFD,
    0x00, 0x3F, 0xC7, 0xFC, 0x00, 0xFF, 0x1F, 0xE0, 0x00, 0xA0, 0x1A, 0x00, 0x00, 0x00, 0x00, 0x00,
    0x07, 0xF4, 0x20, 0x00, 0x3F, 0xFF, 0xC0, 0x02, 0xEF, 0xFE, 0x00, 0x01, 0x06, 0xE0, 0x00, 0x00,
    0x00, 0x00, 0x00, 0x00, 0x00, 0x00, 0x00, 0x7F, 0xFD, 0x00, 0x0F, 0xFF, 0xFF, 0x00, 0xFF, 0x43,
    0xFE, 0x07, 0xF8, 0x03, 0xFC, 0x3F, 0xC0, 0x0B, 0xF8, 0xFF, 0x00, 0x2F, 0xE3, 0xFC, 0x00, 0xBF,
    0x8F, 0xF0, 0x02, 0xFE, 0x3F, 0xD0, 0x0B, 0xF4, 0xBF, 0x80, 0x3F, 0xC0, 0xFF, 0x41, 0xFE, 0x01,
    0xFF, 0xFF, 0xF0, 0x01, 0xFF, 0xFD, 0x00, 0x00, 0x15, 0x00, 0x00, 0x00, 0x09, 0x00, 0x00, 0x00,
    0x03, 0xF4, 0x00, 0x00, 0x00, 0x3F, 0xD0, 0x00, 0x00, 0x00, 0xBF, 0x40, 0x00, 0x00, 0x00, 0xBC,
    0x00, 0x00, 0x00, 0x00, 0x00, 0x00, 0x00, 0x15, 0x55, 0x40, 0x00, 0x07, 0xFF, 0xFC, 0x00, 0x00,
    0x7F, 0xFF, 0xC0, 0x00, 0x01, 0x55, 0x50, 0x00, 0x00, 0x00, 0x00, 0x00, 0x00, 0x01, 0xBF, 0xE4,
    0x00, 0x01, 0xFF, 0xFF, 0xF0, 0x00, 0x7F, 0xEA, 0xFF, 0xC0, 0x0F, 0xF0, 0x03, 0xFF, 0x03, 0xFD,
    0x00, 0x0F, 0xF4, 0x7F, 0xC0, 0x00, 0xBF, 0xCB, 0xF8, 0x00, 0x07, 0xFC, 0xFF, 0x80, 0x00, 0x3F,
    0xDF, 0xF4, 0x00, 0x03, 0xFD, 0xFF, 0x40, 0x00, 0x3F, 0xDF, 0xF8, 0x00, 0x03, 0xFC, 0xFF, 0x80,
    0x00, 0x3F, 0xCB, 0xFC, 0x00, 0x07, 0xFC, 0x3F, 0xD0, 0x00, 0xBF, 0x42, 0xFF, 0x00, 0x0F, 0xF0,
    0x0F, 0xFD, 0x07, 0xFC, 0x00, 0x3F, 0xFF, 0xFF, 0x00, 0x00, 0xBF, 0xFF, 0x80, 0x00, 0x00, 0x15,
    0x00, 0x00, 0x00, 0x24, 0x00, 0x00, 0x02, 0xF8, 0x00, 0x00, 0x0B, 0xF8, 0x00, 0x00, 0x0B, 0xF8,
    0x00, 0x00, 0x01, 0xF4, 0x00, 0x00, 0x00, 0x40, 0x00, 0x05, 0x55, 0x40, 0x00, 0x3F, 0xFF, 0xC0,
    0x00, 0xFF, 0xFF, 0x00, 0x01, 0x55, 0x54, 0x00, 0x00, 0x00, 0x00, 0x00, 0x00, 0x00, 0x00, 0x00,
    0x7F, 0xFD, 0x00, 0x0F, 0xFF, 0xFF, 0x00, 0xFF, 0x43, 0xFE, 0x07, 0xF8, 0x03, 0xFC, 0x3F, 0xC0,
    0x0B, 0xF8, 0xFF, 0x00, 0x2F, 0xE3, 0xFC, 0x00, 0xBF, 0x8F, 0xF0, 0x02, 0xFE, 0x3F, 0xD0, 0x0B,
    0xF4, 0xBF, 0x80, 0x3F, 0xC0, 0xFF, 0x41, 0xFE, 0x01, 0xFF, 0xFF, 0xF0, 0x01, 0xFF, 0xFD, 0x00,
    0x00, 0x15, 0x00, 0x00, 0x00, 0x00, 0x18, 0x00, 0x00, 0x00, 0x07, 0xF0, 0x00, 0x00, 0x01, 0xFF,
    0x00, 0x00, 0x00, 0x7F, 0x80, 0x00, 0x00, 0x0F, 0x80, 0x00, 0x00, 0x00, 0x00, 0x00, 0x00, 0x00,
    0x15, 0x55, 0x40, 0x00, 0x07, 0xFF, 0xFC, 0x00, 0x00, 0x7F, 0xFF, 0xC0, 0x00, 0x01, 0x55, 0x50,
    0x00, 0x00, 0x00, 0x00, 0x00, 0x00, 0x01, 0xBF, 0xE4, 0x00, 0x01, 0xFF, 0xFF, 0xF0, 0x00, 0x7F,
    0xEA, 0xFF, 0xC0, 0x0F, 0xF0, 0x03, 0xFF, 0x03, 0xFD, 0x00, 0x0F, 0xF4, 0x7F, 0xC0, 0x00, 0xBF,
    0xCB, 0xF8, 0x00, 0x07, 0xFC, 0xFF, 0x80, 0x00, 0x3F, 0xDF, 0xF4, 0x00, 0x03, 0xFD, 0xFF, 0x40,
    0x00, 0x3F, 0xDF, 0xF8, 0x00, 0x03, 0xFC, 0xFF, 0x80, 0x00, 0x3F, 0xCB, 0xFC, 0x00, 0x07, 0xFC,
    0x3F, 0xD0, 0x00, 0xBF, 0x42, 0xFF, 0x00, 0x0F, 0xF0, 0x0F, 0xFD, 0x07, 0xFC, 0x00, 0x3F, 0xFF,
    0xFF, 0x00, 0x00, 0xBF, 0xFF, 0x80, 0x00, 0x00, 0x15, 0x00, 0x00, 0x00, 0x00, 0x24, 0x00, 0x00,
    0x03, 0xF0, 0x00, 0x00, 0x7F, 0xC0, 0x00, 0x07, 0xFD, 0x00, 0x00, 0x3E, 0x00, 0x00, 0x00, 0x00,
    0x00, 0x00, 0x05, 0x55, 0x40, 0x00, 0x3F, 0xFF, 0xC0, 0x00, 0xFF, 0xFF, 0x00, 0x01, 0x55, 0x54,
    0x00, 0x00, 0x00, 0x00, 0x00, 0x00, 0x00, 0x00, 0x00, 0x7F, 0xFD, 0x00, 0x0F, 0xFF, 0xFF, 0x00,
    0xFF, 0x43, 0xFE, 0x07, 0xF8, 0x03, 0xFC, 0x3F, 0xC0, 0x0B, 0xF8, 0xFF, 0x00, 0x2F, 0xE3, 0xFC,
    0x00, 0xBF, 0x8F, 0xF0, 0x02, 0xFE, 0x3F, 0xD0, 0x0B, 0xF4, 0xBF, 0x80, 0x3F, 0xC0, 0xFF, 0x41,
    0xFE, 0x01, 0xFF, 0xFF, 0xF0, 0x01, 0xFF, 0xFD, 0x00, 0x00, 0x15, 0x00, 0x00, 0x6A, 0xAA, 0x94,
    0x00, 0x0F, 0xFF, 0xFF, 0xF8, 0x00, 0x2F, 0xFA, 0xBF, 0xF0, 0x00, 0xFF, 0x40, 0xFF, 0x80, 0x0F,
    0xF4, 0x0B, 0xFC, 0x00, 0xFF, 0x40, 0xBF, 0xC0, 0x0F, 0xF4, 0x0F, 0xF4, 0x00, 0xFF, 0x41, 0xFE,
    0x00, 0x0F, 0xFA, 0xFF, 0x40, 0x00, 0xFF, 0xFF, 0x80, 0x00, 0x0F, 0xF5, 0xFF, 0x40, 0x00, 0xFF,
    0x47, 0xFC, 0x00, 0x0F, 0xF4, 0x3F, 0xD0, 0x00, 0xFF, 0x42, 0xFF, 0x00, 0x0F, 0xF4, 0x1F, 0xF4,
    0x00, 0xFF, 0x40, 0xFF, 0xC0, 0xBF, 0xFF, 0x47, 0xFF, 0xCF, 0xFF, 0xF4, 0x2F, 0xFC, 0x00, 0x00,
    0x00, 0x14, 0x00, 0x00, 0x14, 0x00, 0x00, 0x00, 0x0F, 0xF4, 0x00, 0x00, 0x00, 0xFF, 0x80, 0x00,
    0x00, 0x0F, 0xF8, 0x00, 0x00, 0x00, 0x2E, 0x00, 0x00, 0x00, 0x00, 0x00, 0x02, 0xFF, 0x0B, 0xF4,
    0x3F, 0xF7, 0xFF, 0xC1, 0xBF, 0xF6, 0xFD, 0x07, 0xFD, 0x2F, 0xC0, 0x7F, 0xC1, 0xF8, 0x07, 0xF8,
    0x00, 0x00, 0x7F, 0x80, 0x00, 0x07, 0xF8, 0x00, 0x00, 0x7F, 0x80, 0x00, 0x07, 0xF8, 0x00, 0x00,
    0x7F, 0xC0, 0x00, 0x3F, 0xFF, 0xC0, 0x03, 0xFF, 0xFC, 0x00, 0x00, 0x00, 0x00, 0x00, 0x05, 0x00,
    0x00, 0x03, 0xFC, 0x00, 0x00, 0x7F, 0xD0, 0x00, 0x07, 0xFC, 0x00, 0x00, 0x1A, 0x40, 0x00, 0x01,
    0x55, 0x54, 0x00, 0x00, 0x2F, 0xFF, 0xD0, 0x00, 0x02, 0xFF, 0xFD, 0x00, 0x00, 0x05, 0x55, 0x40,
    0x00, 0x00, 0x00, 0x00, 0x00, 0x06, 0xAA, 0xA9, 0x40, 0x00, 0xFF, 0xFF, 0xFF, 0x80, 0x02, 0xFF,
    0xAB, 0xFF, 0x00, 0x0F, 0xF4, 0x0F, 0xF8, 0x00, 0xFF, 0x40, 0xBF, 0xC0, 0x0F, 0xF4, 0x0B, 0xFC,
    0x00, 0xFF, 0x40, 0xFF, 0x40, 0x0F, 0xF4, 0x1F, 0xE0, 0x00, 0xFF, 0xAF, 0xF4, 0x00, 0x0F, 0xFF,
    0xF8, 0x00, 0x00, 0xFF, 0x5F, 0xF4, 0x00, 0x0F, 0xF4, 0x7F, 0xC0, 0x00, 0xFF, 0x43, 0xFD, 0x00,
    0x0F, 0xF4, 0x2F, 0xF0, 0x00, 0xFF, 0x41, 0xFF, 0x40, 0x0F, 0xF4, 0x0F, 0xFC, 0x0B, 0xFF, 0xF4,
    0x7F, 0xFC, 0xFF, 0xFF, 0x42, 0xFF, 0xC0, 0x00, 0x00, 0x01, 0x40, 0x00, 0x01, 0x40, 0x00, 0x00,
    0x00, 0xFF, 0x40, 0x00, 0x00, 0x0F, 0xF8, 0x00, 0x00, 0x00, 0xFF, 0x80, 0x00, 0x00, 0x02, 0xE0,
    0x00, 0x00, 0x00, 0x55, 0x54, 0x00, 0x2F, 0xFF, 0xC0, 0x02, 0xFF, 0xFC, 0x00, 0x15, 0x55, 0x40,
    0x00, 0x00, 0x00, 0x00, 0x00, 0x00, 0x00, 0x2F, 0xF0, 0xBF, 0x43, 0xFF, 0x7F, 0xFC, 0x1B, 0xFF,
    0x6F, 0xD0, 0x7F, 0xD2, 0xFC, 0x07, 0xFC, 0x1F, 0x80, 0x7F, 0x80, 0x00, 0x07, 0xF8, 0x00, 0x00,
    0x7F, 0x80, 0x00, 0x07, 0xF8, 0x00, 0x00, 0x7F, 0x80, 0x00, 0x07, 0xFC, 0x00, 0x03, 0xFF, 0xFC,
    0x00, 0x3F, 0xFF, 0xC0, 0x00, 0x00, 0x00, 0x00, 0x00, 0x50, 0x00, 0x00, 0x3F, 0xC0, 0x00, 0x07,
    0xFD, 0x00, 0x00, 0x7F, 0xC0, 0x00, 0x01, 0xA4, 0x00, 0x00, 0x6A, 0xAA, 0x94, 0x00, 0x0F, 0xFF,
    0xFF, 0xF8, 0x00, 0x2F, 0xFA, 0xBF, 0xF0, 0x00, 0xFF, 0x40, 0xFF, 0x80, 0x0F, 0xF4, 0x0B, 0xFC,
    0x00, 0xFF, 0x40, 0xBF, 0xC0, 0x0F, 0xF4, 0x0F, 0xF4, 0x00, 0xFF, 0x41, 0xFE, 0x00, 0x0F, 0xFA,
    0xFF, 0x40, 0x00, 0xFF, 0xFF, 0x80, 0x00, 0x0F, 0xF5, 0xFF, 0x40, 0x00, 0xFF, 0x47, 0xFC, 0x00,
    0x0F, 0xF4, 0x3F, 0xD0, 0x00, 0xFF, 0x42, 0xFF, 0x00, 0x0F, 0xF4, 0x1F, 0xF4, 0x00, 0xFF, 0x40,
    0xFF, 0xC0, 0xBF, 0xFF, 0x47, 0xFF, 0xCF, 0xFF, 0xF4, 0x2F, 0xFC, 0x00, 0x00, 0x00, 0x14, 0x00,
    0x00, 0x00, 0x00, 0x00, 0x00, 0xBF, 0xFF, 0x40, 0x00, 0x0B, 0xFF, 0xF4, 0x00, 0x00, 0x6A, 0xAA,
    0x00, 0x00, 0x00, 0x00, 0x00, 0x02, 0xFF, 0x0B, 0xF4, 0x3F, 0xF7, 0xFF, 0xC1, 0xBF, 0xF6, 0xFD,
    0x07, 0xFD, 0x2F, 0xC0, 0x7F, 0xC1, 0xF8, 0x07, 0xF8, 0x00, 0x00, 0x7F, 0x80, 0x00, 0x07, 0xF8,
    0x00, 0x00, 0x7F, 0x80, 0x00, 0x07, 0xF8, 0x00, 0x00, 0x7F, 0xC0, 0x00, 0x3F, 0xFF, 0xC0, 0x03,
    0xFF, 0xFC, 0x00, 0x00, 0x00, 0x00, 0x00, 0x00, 0x00, 0x00, 0x3F, 0xFF, 0xC0, 0x03, 0xFF, 0xFC,
    0x00, 0x2A, 0xAA, 0x80, 0x00, 0x00, 0x05, 0x00, 0x00, 0x07, 0xFC, 0x00, 0x00, 0xBF, 0xC0, 0x00,
    0x0B, 0xFC, 0x00, 0x00, 0x2E, 0x00, 0x00, 0x00, 0x00, 0x00, 0x01, 0xBF, 0x87, 0x00, 0xBF, 0xFF,
    0xF4, 0x2F, 0xE5, 0xFF, 0x43, 0xF8, 0x02, 0xF8, 0x7F, 0x40, 0x0F, 0x8B, 0xF8, 0x00, 0x64, 0x7F,
    0xE4, 0x00, 0x03, 0xFF, 0xF8, 0x00, 0x2F, 0xFF, 0xF8, 0x00, 0xBF, 0xFF, 0xF0, 0x00, 0xBF, 0xFF,
    0xC0, 0x00, 0x6F, 0xFC, 0x60, 0x00, 0x7F, 0xDF, 0x80, 0x03, 0xFC, 0xFD, 0x00, 0x3F, 0xCB, 0xF4,
    0x0B, 0xF8, 0xBF, 0xFF, 0xFF, 0x0B, 0x5F, 0xFF, 0x80, 0x00, 0x05, 0x00, 0x00, 0x00, 0x10, 0x00,
    0x0B, 0xF4, 0x00, 0x3F, 0xE0, 0x00, 0xFF, 0x80, 0x01, 0xF8, 0x00, 0x00, 0x00, 0x00, 0x00, 0x00,
    0x02, 0xFF, 0xBC, 0x3F, 0xAF, 0xF2, 0xF8, 0x0B, 0xCF, 0xE0, 0x0F, 0x7F, 0xF4, 0x00, 0x7F, 0xFF,
    0x40, 0xBF, 0xFF, 0xC0, 0x6F, 0xFF, 0x80, 0x06, 0xFE, 0xF4, 0x02, 0xFB, 0xF4, 0x0B, 0xDB, 0xFE,
    0xFF, 0x2E, 0xFF, 0xE0, 0x10, 0x54, 0x00, 0x01, 0xBF, 0x87, 0x00, 0xBF, 0xFF, 0xF4, 0x2F, 0xE5,
    0xFF, 0x43, 0xF8, 0x02, 0xF8, 0x7F, 0x40, 0x0F, 0x8B, 0xF8, 0x00, 0x64, 0x7F, 0xE4, 0x00, 0x03,
    0xFF, 0xF8, 0x00, 0x2F, 0xFF, 0xF8, 0x00, 0xBF, 0xFF, 0xF0, 0x00, 0xBF, 0xFF, 0xC0, 0x00, 0x6F,
    0xFC, 0x60, 0x00, 0x7F, 0xDF, 0x80, 0x03, 0xFC, 0xFD, 0x00, 0x3F, 0xCB, 0xF4, 0x0B, 0xF8, 0xBF,
    0xFF, 0xFF, 0x0B, 0x5F, 0xFF, 0x80, 0x00, 0x05, 0x00, 0x00, 0x00, 0x50, 0x00, 0x00, 0x3F, 0xC0,
    0x00, 0x07, 0xFD, 0x00, 0x00, 0x7F, 0xC0, 0x00, 0x01, 0xA4, 0x00, 0x00, 0x00, 0x00, 0x2F, 0xFB,
    0xC3, 0xFA, 0xFF, 0x2F, 0x80, 0xBC, 0xFE, 0x00, 0xF7, 0xFF, 0x40, 0x07, 0xFF, 0xF4, 0x0B, 0xFF,
    0xFC, 0x06, 0xFF, 0xF8, 0x00, 0x6F, 0xEF, 0x40, 0x2F, 0xBF, 0x40, 0xBD, 0xBF, 0xEF, 0xF2, 0xEF,
    0xFE, 0x01, 0x05, 0x40, 0x00, 0x15, 0x00, 0x02, 0xFE, 0x00, 0x0F, 0xFC, 0x00, 0x3F, 0xE0, 0x00,
    0x2E, 0x00, 0x00, 0x14, 0x00, 0x00, 0x0B, 0xF4, 0x00, 0x00, 0xFF, 0xC0, 0x00, 0x0F, 0xF8, 0x00,
    0x00, 0x2E, 0x00, 0x00, 0x00, 0x09, 0x00, 0x00, 0x03, 0xF4, 0x00, 0x00, 0xFF, 0x40, 0x00, 0x3F,
    0xD0, 0x00, 0x0B, 0x90, 0x00, 0x00, 0x00, 0x00, 0x00, 0x1B, 0xF8, 0x70, 0x0B, 0xFF, 0xFF, 0x42,
    0xFE, 0x5F, 0xF4, 0x3F, 0x80, 0x2F, 0x87, 0xF4, 0x00, 0xF8, 0xBF, 0x80, 0x06, 0x47, 0xFE, 0x40,
    0x00, 0x3F, 0xFF, 0x80, 0x02, 0xFF, 0xFF, 0x80, 0x0B, 0xFF, 0xFF, 0x00, 0x0B, 0xFF, 0xFC, 0x00,
    0x06, 0xFF, 0xC6, 0x00, 0x07, 0xFD, 0xF8, 0x00, 0x3F, 0xCF, 0xD0, 0x03, 0xFC, 0xBF, 0x40, 0xBF,
    0x8B, 0xFF, 0xFF, 0xF0, 0xB5, 0xFF, 0xF8, 0x00, 0x00, 0x50, 0x00, 0x00, 0x50, 0x00, 0x0F, 0xF0,
    0x00, 0xBF, 0xC0, 0x01, 0xFF, 0x00, 0x02, 0xF4, 0x00, 0x00, 0x2D, 0x00, 0x01, 0xFC, 0x00, 0x0F,
    0xE0, 0x00, 0xBD, 0x00, 0x07, 0xC0, 0x00, 0x04, 0x00, 0x00, 0x00, 0x00, 0x0B, 0xFE, 0xF0, 0xFE,
    0xBF, 0xCB, 0xE0, 0x2F, 0x3F, 0x80, 0x3D, 0xFF, 0xD0, 0x01, 0xFF, 0xFD, 0x02, 0xFF, 0xFF, 0x01,
    0xBF, 0xFE, 0x00, 0x1B, 0xFB, 0xD0, 0x0B, 0xEF, 0xD0, 0x2F, 0x6F, 0xFB, 0xFC, 0xBB, 0xFF, 0x80,
    0x41, 0x50, 0x00, 0x00, 0x05, 0x00, 0x00, 0x07, 0xFC, 0x00, 0x00, 0xBF, 0xC0, 0x00, 0x0B, 0xFC,
    0x00, 0x00, 0x2E, 0x40, 0x00, 0xB4, 0x02, 0xC0, 0x07, 0xE1, 0xFC, 0x00, 0x1F, 0xFF, 0x00, 0x00,
    0xBF, 0xC0, 0x00, 0x02, 0xF0, 0x00, 0x00, 0x00, 0x00, 0x00, 0x1B, 0xF8, 0x70, 0x0B, 0xFF, 0xFF,
    0x42, 0xFE, 0x5F, 0xF4, 0x3F, 0x80, 0x2F, 0x87, 0xF4, 0x00, 0xF8, 0xBF, 0x80, 0x06, 0x47, 0xFE,
    0x40, 0x00, 0x3F, 0xFF, 0x80, 0x02, 0xFF, 0xFF, 0x80, 0x0B, 0xFF, 0xFF, 0x00, 0x0B, 0xFF, 0xFC,
    0x00, 0x06, 0xFF, 0xC6, 0x00, 0x07, 0xFD, 0xF8, 0x00, 0x3F, 0xCF, 0xD0, 0x03, 0xFC, 0xBF, 0x40,
    0xBF, 0x8B, 0xFF, 0xFF, 0xF0, 0xB5, 0xFF, 0xF8, 0x00, 0x00, 0x50, 0x00, 0x00, 0x50, 0x00, 0x0B,
    0xF4, 0x00, 0x3F, 0xE0, 0x00, 0xFF, 0x80, 0x01, 0xB8, 0x00, 0xE0, 0x03, 0x42, 0xF0, 0x7C, 0x03,
    0xFB, 0xD0, 0x03, 0xFE, 0x00, 0x07, 0xF0, 0x00, 0x05, 0x00, 0x00, 0x00, 0x00, 0x0B, 0xFE, 0xF0,
    0xFE, 0xBF, 0xCB, 0xE0, 0x2F, 0x3F, 0x80, 0x3D, 0xFF, 0xD0, 0x01, 0xFF, 0xFD, 0x02, 0xFF, 0xFF,
    0x01, 0xBF, 0xFE, 0x00, 0x1B, 0xFB, 0xD0, 0x0B, 0xEF, 0xD0, 0x2F, 0x6F, 0xFB, 0xFC, 0xBB, 0xFF,
    0x80, 0x41, 0x50, 0x00, 0x00, 0x05, 0x00, 0x00, 0x07, 0xFC, 0x00, 0x00, 0xBF, 0xC0, 0x00, 0x0B,
    0xFC, 0x00, 0x00, 0x2E, 0x00, 0x00, 0x00, 0x00, 0x00, 0x01, 0xBF, 0x87, 0x00, 0xBF, 0xFF, 0xF4,
    0x2F, 0xE5, 0xFF, 0x43, 0xF8, 0x02, 0xF8, 0x7F, 0x40, 0x0F, 0x8B, 0xF8, 0x00, 0x64, 0x7F, 0xE4,
    0x00, 0x03, 0xFF, 0xF8, 0x00, 0x2F, 0xFF, 0xF8, 0x00, 0xBF, 0xFF, 0xF0, 0x00, 0xBF, 0xFF, 0xC0,
    0x00, 0x6F, 0xFC, 0x60, 0x00, 0x7F, 0xDF, 0x80, 0x03, 0xFC, 0xFD, 0x00, 0x3F, 0xCB, 0xF4, 0x0B,
    0xF8, 0xBF, 0xFF, 0xFF, 0x0B, 0x5F, 0xFF, 0x80, 0x00, 0x05, 0x00, 0x00, 0x00, 0x50, 0x00, 0x00,
    0x3F, 0xC0, 0x00, 0x07, 0xFD, 0x00, 0x00, 0x7F, 0xC0, 0x00, 0x01, 0xA4, 0x00, 0x00, 0x10, 0x00,
    0x0B, 0xF4, 0x00, 0x3F, 0xE0, 0x00, 0xFF, 0x80, 0x01, 0xF8, 0x00, 0x00, 0x00, 0x00, 0x00, 0x00,
    0x02, 0xFF, 0xBC, 0x3F, 0xAF, 0xF2, 0xF8, 0x0B, 0xCF, 0xE0, 0x0F, 0x7F, 0xF4, 0x00, 0x7F, 0xFF,
    0x40, 0xBF, 0xFF, 0xC0, 0x6F, 0xFF, 0x80, 0x06, 0xFE, 0xF4, 0x02, 0xFB, 0xF4, 0x0B, 0xDB, 0xFE,
    0xFF, 0x2E, 0xFF, 0xE0, 0x10, 0x54, 0x00, 0x01, 0x50, 0x00, 0x2F, 0xE0, 0x00, 0xFF, 0xC0, 0x03,
    0xFE, 0x00, 0x02, 0xE0, 0x00, 0x1A, 0xAA, 0xAA, 0xAA, 0x80, 0xBF, 0xFF, 0xFF, 0xFF, 0x43, 0xFE,
    0xBF, 0xEA, 0xFE, 0x0F, 0xC0, 0xFF, 0x41, 0xF8, 0x3D, 0x03, 0xFD, 0x03, 0xF1, 0xF0, 0x0F, 0xF4,
    0x07, 0xC0, 0x00, 0x3F, 0xD0, 0x00, 0x00, 0x00, 0xFF, 0x40, 0x00, 0x00, 0x03, 0xFD, 0x00, 0x00,
    0x00, 0x0F, 0xF4, 0x00, 0x00, 0x00, 0x3F, 0xD0, 0x00, 0x00, 0x00, 0xFF, 0x40, 0x00, 0x00, 0x03,
    0xFD, 0x00, 0x00, 0x00, 0x0F, 0xF4, 0x00, 0x00, 0x00, 0x3F, 0xD0, 0x00, 0x00, 0x00, 0xFF, 0x80,
    0x00, 0x00, 0x7F, 0xFF, 0xF0, 0x00, 0x01, 0xFF, 0xFF, 0xC0, 0x00, 0x00, 0x00, 0x00, 0x00, 0x00,
    0x00, 0x14, 0x00, 0x00, 0x00, 0x03, 0xFD, 0x00, 0x00, 0x00, 0x0F, 0xF8, 0x00, 0x00, 0x00, 0x3F,
    0xE0, 0x00, 0x00, 0x00, 0x2E, 0x00, 0x00, 0x00, 0x00, 0x00, 0x03, 0xD0, 0x00, 0x1F, 0x40, 0x00,
    0xBD, 0x00, 0x07, 0xF4, 0x00, 0xBF, 0xFF, 0xC7, 0xFF, 0xFF, 0x06, 0xFE, 0x54, 0x0B, 0xF4, 0x00,
    0x2F, 0xD0, 0x00, 0xBF, 0x40, 0x02, 0xFD, 0x00, 0x0B, 0xF4, 0x00, 0x2F, 0xD0, 0x00, 0xBF, 0x80,
    0x01, 0xFF, 0x58, 0x03, 0xFF, 0xF8, 0x07, 0xFF, 0x80, 0x01, 0x50, 0x00, 0x05, 0x00, 0x00, 0xBF,
    0x80, 0x03, 0xFF, 0x00, 0x0F, 0xF8, 0x00, 0x0B, 0x80, 0x1A, 0xAA, 0xAA, 0xAA, 0x80, 0xBF, 0xFF,
    0xFF, 0xFF, 0x43, 0xFE, 0xBF, 0xEA, 0xFE, 0x0F, 0xC0, 0xFF, 0x41, 0xF8, 0x3D, 0x03, 0xFD, 0x03,
    0xF1, 0xF0, 0x0F, 0xF4, 0x07, 0xC0, 0x00, 0x3F, 0xD0, 0x00, 0x00, 0x00, 0xFF, 0x40, 0x00, 0x00,
    0x03, 0xFD, 0x00, 0x00, 0x00, 0x0F, 0xF4, 0x00, 0x00, 0x00, 0x3F, 0xD0, 0x00, 0x00, 0x00, 0xFF,
    0x40, 0x00, 0x00, 0x03, 0xFD, 0x00, 0x00, 0x00, 0x0F, 0xF4, 0x00, 0x00, 0x00, 0x3F, 0xD0, 0x00,
    0x00, 0x00, 0xFF, 0x80, 0x00, 0x00, 0x7F, 0xFF, 0xF0, 0x00, 0x01, 0xFF, 0xFF, 0xC0, 0x00, 0x00,
    0x00, 0x00, 0x00, 0x00, 0x00, 0x00, 0x00, 0x00, 0x00, 0x2F, 0xFF, 0xD0, 0x00, 0x00, 0xBF, 0xFF,
    0x40, 0x00, 0x01, 0xAA, 0xA8, 0x00, 0x00, 0x00, 0x00, 0x00, 0x03, 0xD0, 0x00, 0x1F, 0x40, 0x00,
    0xBD, 0x00, 0x07, 0xF4, 0x00, 0xBF, 0xFF, 0xC7, 0xFF, 0xFF, 0x06, 0xFE, 0x54, 0x0B, 0xF4, 0x00,
    0x2F, 0xD0, 0x00, 0xBF, 0x40, 0x02, 0xFD, 0x00, 0x0B, 0xF4, 0x00, 0x2F, 0xD0, 0x00, 0xBF, 0x80,
    0x01, 0xFF, 0x58, 0x03, 0xFF, 0xF8, 0x07, 0xFF, 0x80, 0x01, 0x50, 0x00, 0x00, 0x00, 0x0B, 0xFF,
    0xF4, 0x2F, 0xFF, 0xD0, 0x6A, 0xAA, 0x00, 0x00, 0x00, 0x01, 0x80, 0x00, 0x00, 0x00, 0x2F, 0x40,
    0x00, 0x00, 0x02, 0xFD, 0x00, 0x00, 0x00, 0x2F, 0xE0, 0x00, 0x00, 0x01, 0xF4, 0x00, 0x00, 0x00,
    0x00, 0x00, 0x00, 0x00, 0x00, 0x00, 0x00, 0x00, 0x00, 0x00, 0xFE, 0x46, 0x00, 0x00, 0x0B, 0xFF,
    0xFC, 0x00, 0x00, 0x3E, 0xFF, 0xD0, 0x00, 0x00, 0x40, 0x6D, 0x00, 0x00, 0x00, 0x00, 0x00, 0x00,
    0x2A, 0xAA, 0x40, 0x2A, 0xA4, 0xFF, 0xFF, 0x01, 0xFF, 0xF1, 0xBF, 0xE4, 0x01, 0xFE, 0x00, 0xFF,
    0x00, 0x02, 0xF0, 0x03, 0xFC, 0x00, 0x0B, 0xC0, 0x0F, 0xF0, 0x00, 0x2F, 0x00, 0x3F, 0xC0, 0x00,
    0xBC, 0x00, 0xFF, 0x00, 0x02, 0xF0, 0x03, 0xFC, 0x00, 0x0B, 0xC0, 0x0F, 0xF0, 0x00, 0x2F, 0x00,
    0x3F, 0xC0, 0x00, 0xBC, 0x00, 0xFF, 0x00, 0x02, 0xF0, 0x03, 0xFC, 0x00, 0x0B, 0xC0, 0x0F, 0xF0,
    0x00, 0x3E, 0x00, 0x3F, 0xE0, 0x01, 0xF4, 0x00, 0x7F, 0xF5, 0x6F, 0xC0, 0x00, 0xBF, 0xFF, 0xFC,
    0x00, 0x00, 0x7F, 0xFF, 0x80, 0x00, 0x00, 0x05, 0x40, 0x00, 0x00, 0x00, 0x00, 0x24, 0x00, 0x00,
    0x00, 0x3F, 0x00, 0x00, 0x00, 0x3F, 0xC0, 0x00, 0x00, 0x7F, 0xD0, 0x00, 0x00, 0x3E, 0x00, 0x00,
    0x00, 0x00, 0x00, 0x00, 0x00, 0x07, 0xF4, 0x20, 0x00, 0x03, 0xFF, 0xFD, 0x00, 0x02, 0xEF, 0xFF,
    0x00, 0x00, 0x10, 0x2E, 0x00, 0x00, 0x00, 0x00, 0x00, 0x00, 0x00, 0x00, 0x00, 0x00, 0x2F, 0xF0,
    0x2F, 0xF4, 0x1F, 0xFD, 0x0F, 0xFD, 0x01, 0xFF, 0x41, 0xFF, 0x40, 0x2F, 0xD0, 0x2F, 0xD0, 0x0B,
    0xF4, 0x0B, 0xF4, 0x02, 0xFD, 0x02, 0xFD, 0x00, 0xBF, 0x40, 0xBF, 0x40, 0x2F, 0xD0, 0x2F, 0xD0,
    0x0B, 0xF4, 0x0B, 0xF4, 0x02, 0xFD, 0x03, 0xFD, 0x00, 0xBF, 0xD7, 0xFF, 0x80, 0x0F, 0xFF, 0xDF,
    0xFC, 0x01, 0xFF, 0xD3, 0xFF, 0x40, 0x05, 0x00, 0x00, 0x00, 0x00, 0x01, 0x00, 0x10, 0x00, 0x00,
    0x3F, 0x47, 0xF0, 0x00, 0x02, 0xFE, 0x3F, 0xD0, 0x00, 0x07, 0xF4, 0xBF, 0x00, 0x00, 0x06, 0x40,
    0xA4, 0x00, 0x00, 0x00, 0x00, 0x00, 0x00, 0x00, 0x55, 0x55, 0x00, 0x00, 0x02, 0xFF, 0xFE, 0x00,
    0x00, 0x0B, 0xFF, 0xF8, 0x00, 0x00, 0x05, 0x55, 0x40, 0x00, 0x00, 0x00, 0x00, 0x00, 0x0A, 0xAA,
    0x90, 0x0A, 0xA9, 0x3F, 0xFF, 0xC0, 0x7F, 0xFC, 0x6F, 0xF9, 0x00, 0x7F, 0x80, 0x3F, 0xC0, 0x00,
    0xBC, 0x00, 0xFF, 0x00, 0x02, 0xF0, 0x03, 0xFC, 0x00, 0x0B, 0xC0, 0x0F, 0xF0, 0x00, 0x2F, 0x00,
    0x3F, 0xC0, 0x00, 0xBC, 0x00, 0xFF, 0x00, 0x02, 0xF0, 0x03, 0xFC, 0x00, 0x0B, 0xC0, 0x0F, 0xF0,
    0x00, 0x2F, 0x00, 0x3F, 0xC0, 0x00, 0xBC, 0x00, 0xFF, 0x00, 0x02, 0xF0, 0x03, 0xFC, 0x00, 0x0F,
    0x80, 0x0F, 0xF8, 0x00, 0x7D, 0x00, 0x1F, 0xFD, 0x5B, 0xF0, 0x00, 0x2F, 0xFF, 0xFF, 0x00, 0x00,
    0x1F, 0xFF, 0xE0, 0x00, 0x00, 0x01, 0x50, 0x00, 0x00, 0x00, 0x10, 0x04, 0x00, 0x00, 0xBF, 0x0F,
    0xE0, 0x00, 0x3F, 0xC7, 0xFC, 0x00, 0x0F, 0xF0, 0xFF, 0x00, 0x00, 0xA4, 0x1A, 0x00, 0x00, 0x00,
    0x00, 0x00, 0x00, 0x05, 0x55, 0x50, 0x00, 0x03, 0xFF, 0xFC, 0x00, 0x00, 0xFF, 0xFF, 0x00, 0x00,
    0x15, 0x55, 0x40, 0x00, 0x00, 0x00, 0x00, 0x00, 0x00, 0x00, 0x00, 0x00, 0x2F, 0xF0, 0x2F, 0xF4,
    0x1F, 0xFD, 0x0F, 0xFD, 0x01, 0xFF, 0x41, 0xFF, 0x40, 0x2F, 0xD0, 0x2F, 0xD0, 0x0B, 0xF4, 0x0B,
    0xF4, 0x02, 0xFD, 0x02, 0xFD, 0x00, 0xBF, 0x40, 0xBF, 0x40, 0x2F, 0xD0, 0x2F, 0xD0, 0x0B, 0xF4,
    0x0B, 0xF4, 0x02, 0xFD, 0x03, 0xFD, 0x00, 0xBF, 0xD7, 0xFF, 0x80, 0x0F, 0xFF, 0xDF, 0xFC, 0x01,
    0xFF, 0xD3, 0xFF, 0x40, 0x05, 0x00, 0x00, 0x00, 0x00, 0x00, 0x01, 0x80, 0x00, 0x00, 0x00, 0x00,
    0x00, 0x03, 0xF0, 0x00, 0x00, 0x00, 0x00, 0x00, 0x03, 0xFC, 0x00, 0x00, 0x00, 0x00, 0x00, 0x01,
    0xFF, 0x40, 0x00, 0x00, 0x00, 0x00, 0x00, 0x0B, 0xC0, 0x00, 0x00, 0x00, 0x00, 0x00, 0x00, 0x00,
    0x00, 0x00, 0x6A, 0xAA, 0x40, 0x6A, 0x40, 0x2A, 0xA8, 0xBF, 0xFF, 0x80, 0xFF, 0xC0, 0x3F, 0xFD,
    0x6F, 0xFD, 0x00, 0xFF, 0xC0, 0x1B, 0xF4, 0x0B, 0xF8, 0x01, 0xFF, 0xD0, 0x07, 0xC0, 0x07, 0xFC,
    0x02, 0xFF, 0xE0, 0x0B, 0xC0, 0x03, 0xFC, 0x03, 0xFF, 0xF0, 0x0B, 0x80, 0x03, 0xFD, 0x03, 0xDF,
    0xF0, 0x0F, 0x40, 0x02, 0xFE, 0x07, 0xCB, 0xF8, 0x0F, 0x00, 0x01, 0xFF, 0x0B, 0xC7, 0xFC, 0x1F,
    0x00, 0x00, 0xFF, 0x0F, 0x83, 0xFC, 0x2E, 0x00, 0x00, 0xFF, 0x0F, 0x43, 0xFD, 0x3D, 0x00, 0x00,
    0xBF, 0x5F, 0x02, 0xFE, 0x3D, 0x00, 0x00, 0x7F, 0xAF, 0x01, 0xFF, 0x3C, 0x00, 0x00, 0x3F, 0xFE,
    0x00, 0xFF, 0xBC, 0x00, 0x00, 0x3F, 0xFD, 0x00, 0xFF, 0xF8, 0x00, 0x00, 0x3F, 0xFC, 0x00, 0xBF,
    0xF4, 0x00, 0x00, 0x2F, 0xFC, 0x00, 0x7F, 0xF0, 0x00, 0x00, 0x1F, 0xF8, 0x00, 0x3F, 0xF0, 0x00,
    0x00, 0x00, 0x00, 0x00, 0x00, 0x00, 0x00, 0x00, 0xB4, 0x00, 0x00, 0x00, 0x00, 0x03, 0xF0, 0x00,
    0x00, 0x00, 0x00, 0x0F, 0xE0, 0x00, 0x00, 0x00, 0x00, 0x0B, 0xD0, 0x00, 0x00, 0x00, 0x00, 0x07,
    0xC0, 0x00, 0x00, 0x00, 0x00, 0x01, 0x00, 0x00, 0x00, 0x00, 0x00, 0x00, 0x00, 0x00, 0xBF, 0xFD,
    0x0F, 0xF4, 0x2F, 0xF7, 0xFF, 0xF4, 0x3F, 0xE0, 0xFF, 0xD2, 0xFF, 0x01, 0xFF, 0xC0, 0xFC, 0x03,
    0xFC, 0x0B, 0xFF, 0x02, 0xD0, 0x0B, 0xF4, 0x3E, 0xFD, 0x0F, 0x00, 0x1F, 0xE0, 0xF3, 0xF8, 0x38,
    0x00, 0x3F, 0xC7, 0x8F, 0xF2, 0xD0, 0x00, 0xBF, 0x2D, 0x2F, 0xCF, 0x00, 0x01, 0xFE, 0xF0, 0x7F,
    0x7C, 0x00, 0x03, 0xFF, 0xC0, 0xFF, 0xD0, 0x00, 0x0B, 0xFE, 0x03, 0xFF, 0x00, 0x00, 0x1F, 0xF4,
    0x0B, 0xFC, 0x00, 0x00, 0x3F, 0xC0, 0x1F, 0xE0, 0x00, 0x00, 0x00, 0x00, 0x00, 0x90, 0x00, 0x00,
    0x00, 0x00, 0x00, 0x03, 0xF0, 0x00, 0x00, 0x00, 0x00, 0x00, 0x0F, 0xF0, 0x00, 0x00, 0x00, 0x00,
    0x00, 0x3F, 0xD0, 0x00, 0x00, 0x00, 0x00, 0x00, 0xF8, 0x00, 0x00, 0x00, 0x00, 0x00, 0x00, 0x00,
    0x00, 0x00, 0x00, 0x6A, 0xAA, 0x40, 0x6A, 0x40, 0x2A, 0xA8, 0xBF, 0xFF, 0x80, 0xFF, 0xC0, 0x3F,
    0xFD, 0x6F, 0xFD, 0x00, 0xFF, 0xC0, 0x1B, 0xF4, 0x0B, 0xF8, 0x01, 0xFF, 0xD0, 0x07, 0xC0, 0x07,
    0xFC, 0x02, 0xFF, 0xE0, 0x0B, 0xC0, 0x03, 0xFC, 0x03, 0xFF, 0xF0, 0x0B, 0x80, 0x03, 0xFD, 0x03,
    0xDF, 0xF0, 0x0F, 0x40, 0x02, 0xFE, 0x07, 0xCB, 0xF8, 0x0F, 0x00, 0x01, 0xFF, 0x0B, 0xC7, 0xFC,
    0x1F, 0x00, 0x00, 0xFF, 0x0F, 0x83, 0xFC, 0x2E, 0x00, 0x00, 0xFF, 0x0F, 0x43, 0xFD, 0x3D, 0x00,
    0x00, 0xBF, 0x5F, 0x02, 0xFE, 0x3D, 0x00, 0x00, 0x7F, 0xAF, 0x01, 0xFF, 0x3C, 0x00, 0x00, 0x3F,
    0xFE, 0x00, 0xFF, 0xBC, 0x00, 0x00, 0x3F, 0xFD, 0x00, 0xFF, 0xF8, 0x00, 0x00, 0x3F, 0xFC, 0x00,
    0xBF, 0xF4, 0x00, 0x00, 0x2F, 0xFC, 0x00, 0x7F, 0xF0, 0x00, 0x00, 0x1F, 0xF8, 0x00, 0x3F, 0xF0,
    0x00, 0x00, 0x00, 0x00, 0x00, 0x00, 0x00, 0x00, 0x00, 0x00, 0xF0, 0x00, 0x00, 0x00, 0x00, 0x0B,
    0xE0, 0x00, 0x00, 0x00, 0x00, 0x7F, 0x40, 0x00, 0x00, 0x00, 0x03, 0xF4, 0x00, 0x00, 0x00, 0x00,
    0x2E, 0x00, 0x00, 0x00, 0x00, 0x00, 0x10, 0x00, 0x00, 0x00, 0x00, 0x00, 0x00, 0x00, 0x00, 0xBF,
    0xFD, 0x0F, 0xF4, 0x2F, 0xF7, 0xFF, 0xF4, 0x3F, 0xE0, 0xFF, 0xD2, 0xFF, 0x01, 0xFF, 0xC0, 0xFC,
    0x03, 0xFC, 0x0B, 0xFF, 0x02, 0xD0, 0x0B, 0xF4, 0x3E, 0xFD, 0x0F, 0x00, 0x1F, 0xE0, 0xF3, 0xF8,
    0x38, 0x00, 0x3F, 0xC7, 0x8F, 0xF2, 0xD0, 0x00, 0xBF, 0x2D, 0x2F, 0xCF, 0x00, 0x01, 0xFE, 0xF0,
    0x7F, 0x7C, 0x00, 0x03, 0xFF, 0xC0, 0xFF, 0xD0, 0x00, 0x0B, 0xFE, 0x03, 0xFF, 0x00, 0x00, 0x1F,
    0xF4, 0x0B, 0xFC, 0x00, 0x00, 0x3F, 0xC0, 0x1F, 0xE0, 0x00, 0x00, 0x00, 0x01, 0x00, 0x10, 0x00,
    0x00, 0x00, 0x00, 0x0F, 0xD1, 0xFC, 0x00, 0x00, 0x00, 0x00, 0x1F, 0xF2, 0xFE, 0x00, 0x00, 0x00,
    0x00, 0x1F, 0xE2, 0xFD, 0x00, 0x00, 0x00, 0x00, 0x06, 0x80, 0xA4, 0x00, 0x00, 0x00, 0x00, 0x00,
    0x00, 0x00, 0x00, 0x00, 0x6A, 0xAA, 0x40, 0x6A, 0x40, 0x2A, 0xA8, 0xBF, 0xFF, 0x80, 0xFF, 0xC0,
    0x3F, 0xFD, 0x6F, 0xFD, 0x00, 0xFF, 0xC0, 0x1B, 0xF4, 0x0B, 0xF8, 0x01, 0xFF, 0xD0, 0x07, 0xC0,
    0x07, 0xFC, 0x02, 0xFF, 0xE0, 0x0B, 0xC0, 0x03, 0xFC, 0x03, 0xFF, 0xF0, 0x0B, 0x80, 0x03, 0xFD,
    0x03, 0xDF, 0xF0, 0x0F, 0x40, 0x02, 0xFE, 0x07, 0xCB, 0xF8, 0x0F, 0x00, 0x01, 0xFF, 0x0B, 0xC7,
    0xFC, 0x1F, 0x00, 0x00, 0xFF, 0x0F, 0x83, 0xFC, 0x2E, 0x00, 0x00, 0xFF, 0x0F, 0x43, 0xFD, 0x3D,
    0x00, 0x00, 0xBF, 0x5F, 0x02, 0xFE, 0x3D, 0x00, 0x00, 0x7F, 0xAF, 0x01, 0xFF, 0x3C, 0x00, 0x00,
    0x3F, 0xFE, 0x00, 0xFF, 0xBC, 0x00, 0x00, 0x3F, 0xFD, 0x00, 0xFF, 0xF8, 0x00, 0x00, 0x3F, 0xFC,
    0x00, 0xBF, 0xF4, 0x00, 0x00, 0x2F, 0xFC, 0x00, 0x7F, 0xF0, 0x00, 0x00, 0x1F, 0xF8, 0x00, 0x3F,
    0xF0, 0x00, 0x00, 0x00, 0x00, 0x00, 0x00, 0x00, 0x00, 0x03, 0xF0, 0x7E, 0x00, 0x00, 0x00, 0x2F,
    0xD3, 0xFC, 0x00, 0x00, 0x00, 0xBF, 0x4F, 0xF0, 0x00, 0x00, 0x00, 0xB8, 0x0B, 0x40, 0x00, 0x00,
    0x00, 0x00, 0x00, 0x00, 0x00, 0x00, 0x00, 0x00, 0x00, 0x00, 0x2F, 0xFF, 0x43, 0xFD, 0x0B, 0xFD,
    0xFF, 0xFD, 0x0F, 0xF8, 0x3F, 0xF4, 0xBF, 0xC0, 0x7F, 0xF0, 0x3F, 0x00, 0xFF, 0x02, 0xFF, 0xC0,
    0xB4, 0x02, 0xFD, 0x0F, 0xBF, 0x43, 0xC0, 0x07, 0xF8, 0x3C, 0xFE, 0x0E, 0x00, 0x0F, 0xF1, 0xE3,
    0xFC, 0xB4, 0x00, 0x2F, 0xCB, 0x4B, 0xF3, 0xC0, 0x00, 0x7F, 0xBC, 0x1F, 0xDF, 0x00, 0x00, 0xFF,
    0xF0, 0x3F, 0xF4, 0x00, 0x02, 0xFF, 0x80, 0xFF, 0xC0, 0x00, 0x07, 0xFD, 0x02, 0xFF, 0x00, 0x00,
    0x0F, 0xF0, 0x07, 0xF8, 0x00, 0x00, 0x00, 0x14, 0x00, 0x00, 0x00, 0x03, 0xFC, 0x00, 0x00, 0x00,
    0x1F, 0xF4, 0x00, 0x00, 0x00, 0x7F, 0xC0, 0x00, 0x00, 0x00, 0x7D, 0x00, 0x00, 0x00, 0x00, 0x00,
    0x00, 0x06, 0xAA, 0xA4, 0x1A, 0xAA, 0x3F, 0xFF, 0xE0, 0xBF, 0xFD, 0x6F, 0xFD, 0x00, 0x7F, 0xD0,
    0x1F, 0xF0, 0x00, 0xFC, 0x00, 0x3F, 0xE0, 0x07, 0xD0, 0x00, 0x3F, 0xC0, 0x3F, 0x00, 0x00, 0xBF,
    0x81, 0xF0, 0x00, 0x00, 0xFF, 0x4F, 0x80, 0x00, 0x01, 0xFF, 0xBC, 0x00, 0x00, 0x03, 0xFF, 0xD0,
    0x00, 0x00, 0x03, 0xFF, 0x00, 0x00, 0x00, 0x0F, 0xF4, 0x00, 0x00, 0x00, 0x3F, 0xD0, 0x00, 0x00,
    0x00, 0xFF, 0x40, 0x00, 0x00, 0x03, 0xFD, 0x00, 0x00, 0x00, 0x0F, 0xF4, 0x00, 0x00, 0x03, 0xFF,
    0xFE, 0x00, 0x00, 0x0F, 0xFF, 0xF8, 0x00, 0x00, 0x00, 0x40, 0x00, 0x00, 0x0F, 0xF0, 0x00, 0x00,
    0x1F, 0xF8, 0x00, 0x00, 0x0F, 0xF4, 0x00, 0x00, 0x07, 0xE0, 0x00, 0x00, 0x00, 0x00, 0x00, 0x00,
    0x00, 0x00, 0x00, 0x7F, 0xFE, 0x0F, 0xFC, 0xBF, 0xFE, 0x1F, 0xFC, 0x1F, 0xF4, 0x03, 0xE0, 0x0F,
    0xF4, 0x03, 0xC0, 0x07, 0xF8, 0x07, 0x80, 0x03, 0xFC, 0x0F, 0x40, 0x01, 0xFE, 0x0F, 0x00, 0x00,
    0xFF, 0x2D, 0x00, 0x00, 0xBF, 0x7C, 0x00, 0x00, 0x3F, 0xF8, 0x00, 0x00, 0x2F, 0xF0, 0x00, 0x00,
    0x0F, 0xF0, 0x00, 0x00, 0x0F, 0xD0, 0x00, 0x00, 0x0B, 0xC0, 0x00, 0x28, 0x0F, 0x80, 0x00, 0xBE,
    0x1F, 0x00, 0x00, 0xBD, 0x3D, 0x00, 0x00, 0x7F, 0xF8, 0x00, 0x00, 0x1A, 0x90, 0x00, 0x00, 0x2A,
    0xAA, 0xAA, 0xA4, 0x7F, 0xFF, 0xFF, 0xFC, 0x7F, 0xEA, 0xAF, 0xF8, 0xBF, 0x00, 0x2F, 0xF0, 0xBD,
    0x00, 0x7F, 0xD0, 0xBC, 0x00, 0xFF, 0x80, 0x50, 0x03, 0xFF, 0x00, 0x00, 0x0B, 0xFC, 0x00, 0x00,
    0x1F, 0xF4, 0x00, 0x00, 0x3F, 0xE0, 0x00, 0x00, 0xFF, 0xC0, 0x00, 0x02, 0xFF, 0x00, 0x00, 0x07,
    0xFD, 0x00, 0x7C, 0x0F, 0xFC, 0x00, 0xFC, 0x2F, 0xF0, 0x01, 0xFC, 0x7F, 0xD0, 0x07, 0xF8, 0xFF,
    0xFF, 0xFF, 0xF8, 0xFF, 0xFF, 0xFF, 0xF8, 0x00, 0x00, 0x00, 0x00, 0x00, 0x05, 0x40, 0x00, 0x00,
    0x2F, 0xE0, 0x00, 0x00, 0x3F, 0xF0, 0x00, 0x00, 0x2F, 0xF0, 0x00, 0x00, 0x0B, 0x80, 0x00, 0x2F,
    0xFF, 0xFF, 0x0F, 0xFF, 0xFF, 0xC3, 0xF4, 0x2F, 0xE0, 0xF4, 0x0F, 0xF0, 0x3C, 0x0F, 0xF4, 0x00,
    0x0B, 0xF8, 0x00, 0x07, 0xFC, 0x00, 0x03, 0xFC, 0x00, 0x03, 0xFD, 0x07, 0x82, 0xFE, 0x02, 0xE1,
    0xFF, 0x01, 0xF4, 0xFF, 0xFF, 0xFD, 0x3F, 0xFF, 0xFF, 0x40, 0x00, 0x00, 0x00, 0x00, 0x50, 0x00,
    0x01, 0xFF, 0x00, 0x00, 0xBF, 0xC0, 0x00, 0x2F, 0xF0, 0x00, 0x02, 0xE0, 0x00, 0x00, 0x00, 0x00,
    0x2F, 0x83, 0xF4, 0x3F, 0xC7, 0xFC, 0x3F, 0xC3, 0xFC, 0x0A, 0x41, 0xE0, 0x00, 0x00, 0x00, 0x00,
    0x3D, 0x00, 0x00, 0x7D, 0x00, 0x00, 0xBD, 0x00, 0x01, 0xFD, 0x00, 0x0B, 0xFF, 0xFC, 0x1F, 0xFF,
    0xFC, 0x06, 0xFE, 0x54, 0x02, 0xFD, 0x00, 0x02, 0xFD, 0x00, 0x02, 0xFD, 0x00, 0x02, 0xFD, 0x00,
    0x02, 0xFD, 0x00, 0x02, 0xFD, 0x00, 0x02, 0xFE, 0x00, 0x01, 0xFF, 0x58, 0x00, 0xFF, 0xFE, 0x00,
    0x7F, 0xF8, 0x00, 0x05, 0x40, 0x00, 0x06, 0xFF, 0x90, 0x00, 0x00, 0xFF, 0xFF, 0xFD, 0x00, 0x0F,
    0xFE, 0x6F, 0xFC, 0x00, 0xBF, 0x80, 0x0F, 0xE0, 0x03, 0xFC, 0x00, 0xBF, 0x00, 0x1F, 0xF0, 0x07,
    0xF4, 0x00, 0x7F, 0xC0, 0x3F, 0xC0, 0x01, 0xFF, 0x02, 0xFC, 0x00, 0x07, 0xFC, 0x0F, 0xFE, 0x40,
    0x1F, 0xF0, 0x3F, 0xFF, 0x80, 0x7F, 0xC0, 0x00, 0xFF, 0x41, 0xFF, 0x00, 0x01, 0xFF, 0x07, 0xFC,
    0x00, 0x03, 0xFC, 0x1F, 0xF1, 0x80, 0x0F, 0xF0, 0x7F, 0xCF, 0x80, 0x7F, 0xC2, 0xFF, 0x3F, 0x43,
    0xFD, 0x3F, 0xFC, 0xBF, 0xFF, 0xF1, 0xFF, 0xF2, 0xDF, 0xFE, 0x00, 0x00, 0x00, 0x01, 0x40, 0x00,
    0x00, 0x01, 0xA9, 0x00, 0x00, 0x00, 0x0F, 0xFC, 0x00, 0x00, 0x00, 0x3F, 0xF4, 0x00, 0x00, 0x02,
    0xFF, 0xE0, 0x00, 0x00, 0x0F, 0x7F, 0xC0, 0x00, 0x00, 0x7C, 0xBF, 0x40, 0x00, 0x02, 0xE1, 0xFE,
    0x00, 0x00, 0x0F, 0x43, 0xFC, 0x00, 0x00, 0x7C, 0x0B, 0xF4, 0x00, 0x03, 0xE0, 0x1F, 0xF0, 0x00,
    0x0F, 0x95, 0x7F, 0xC0, 0x00, 0x7F, 0xFF, 0xFF, 0x40, 0x03, 0xFA, 0xAB, 0xFF, 0x00, 0x0F, 0x40,
    0x03, 0xFC, 0x00, 0xBC, 0x00, 0x0F, 0xF8, 0x03, 0xF0, 0x00, 0x2F, 0xF0, 0xFF, 0xF8, 0x07, 0xFF,
    0xFB, 0xFF, 0xE0, 0x1F, 0xFF, 0xE0, 0x00, 0x00, 0x00, 0x00, 0x00, 0x00, 0x14, 0x00, 0x00, 0x00,
    0x03, 0xFC, 0x00, 0x00, 0x00, 0x1F, 0xF4, 0x00, 0x00, 0x00, 0x3F, 0xD0, 0x00, 0x00, 0x00, 0x69,
    0x00, 0x00, 0x00, 0x00, 0x00, 0x00, 0x0B, 0xFF, 0x80, 0x00, 0xFE, 0xBF, 0xD0, 0x0B, 0xD0, 0x3F,
    0xC0, 0x3F, 0x80, 0xFF, 0x00, 0x7D, 0x03, 0xFC, 0x00, 0x00, 0x0F, 0xF0, 0x00, 0x6F, 0xFF, 0xC0,
    0x0F, 0xFA, 0xFF, 0x00, 0xFF, 0x03, 0xFC, 0x03, 0xFC, 0x0F, 0xF0, 0x0F, 0xF0, 0x7F, 0xD0, 0x2F,
    0xFF, 0xBF, 0xF4, 0x3F, 0xF4, 0xBF, 0xC0, 0x05, 0x00, 0x10, 0x00, 0x01, 0x40, 0x00, 0x00, 0x3F,
    0xC0, 0x00, 0x01, 0xFF, 0x40, 0x00, 0x03, 0xFD, 0x00, 0x00, 0x06, 0x90, 0x00, 0x00, 0x01, 0xA8,
    0x00, 0x00, 0x00, 0x3F, 0xFD, 0x00, 0x00, 0x02, 0xF0, 0xFC, 0x00, 0x00, 0x07, 0xC7, 0xE0, 0x00,
    0x00, 0x00, 0x7F, 0x00, 0x00, 0x00, 0x03, 0xF0, 0x00, 0x00, 0x00, 0x05, 0x40, 0x00, 0x00, 0x00,
    0x6A, 0x40, 0x00, 0x00, 0x03, 0xFF, 0x00, 0x00, 0x00, 0x0F, 0xFD, 0x00, 0x00, 0x00, 0xBF, 0xF8,
    0x00, 0x00, 0x03, 0xDF, 0xF0, 0x00, 0x00, 0x1F, 0x2F, 0xD0, 0x00, 0x00, 0xB8, 0x7F, 0x80, 0x00,
    0x03, 0xD0, 0xFF, 0x00, 0x00, 0x1F, 0x02, 0xFD, 0x00, 0x00, 0xF8, 0x07, 0xFC, 0x00, 0x03, 0xE5,
    0x5F, 0xF0, 0x00, 0x1F, 0xFF, 0xFF, 0xD0, 0x00, 0xFE, 0xAA, 0xFF, 0xC0, 0x03, 0xD0, 0x00, 0xFF,
    0x00, 0x2F, 0x00, 0x03, 0xFE, 0x00, 0xFC, 0x00, 0x0B, 0xFC, 0x3F, 0xFE, 0x01, 0xFF, 0xFE, 0xFF,
    0xF8, 0x07, 0xFF, 0xF8, 0x00, 0x6E, 0x80, 0x00, 0x0B, 0xEF, 0xC0, 0x00, 0x3D, 0x2F, 0x00, 0x00,
    0xF4, 0xFC, 0x00, 0x00, 0x0F, 0xD0, 0x00, 0x00, 0x7D, 0x00, 0x00, 0x01, 0xA0, 0x00, 0x00, 0x00,
    0x00, 0x00, 0x02, 0xFF, 0xE0, 0x00, 0x3F, 0xAF, 0xF4, 0x02, 0xF4, 0x0F, 0xF0, 0x0F, 0xE0, 0x3F,
    0xC0, 0x1F, 0x40, 0xFF, 0x00, 0x00, 0x03, 0xFC, 0x00, 0x1B, 0xFF, 0xF0, 0x03, 0xFE, 0xBF, 0xC0,
    0x3F, 0xC0, 0xFF, 0x00, 0xFF, 0x03, 0xFC, 0x03, 0xFC, 0x1F, 0xF4, 0x0B, 0xFF, 0xEF, 0xFD, 0x0F,
    0xFD, 0x2F, 0xF0, 0x01, 0x40, 0x04, 0x00, 0x00, 0x00, 0x06, 0x00, 0x00, 0x00, 0x00, 0xBD, 0x00,
    0x00, 0x00, 0x0B, 0xF4, 0x00, 0x00, 0x00, 0xFF, 0x80, 0x00, 0x00, 0x0B, 0xD0, 0x00, 0x00, 0x00,
    0x00, 0x00, 0x00, 0x00, 0x00, 0x07, 0x80, 0x00, 0x00, 0x00, 0x7F, 0x80, 0x00, 0x00, 0x07, 0xFF,
    0x40, 0x00, 0x00, 0x7F, 0x7F, 0x00, 0x00, 0x03, 0xE0, 0x2F, 0x00, 0x00, 0x00, 0x00, 0x00, 0x00,
    0x00, 0x01, 0xA9, 0x00, 0x00, 0x00, 0x0F, 0xFC, 0x00, 0x00, 0x00, 0x3F, 0xF4, 0x00, 0x00, 0x02,
    0xFF, 0xE0, 0x00, 0x00, 0x0F, 0x7F, 0xC0, 0x00, 0x00, 0x7C, 0xBF, 0x40, 0x00, 0x02, 0xE1, 0xFE,
    0x00, 0x00, 0x0F, 0x43, 0xFC, 0x00, 0x00, 0x7C, 0x0B, 0xF4, 0x00, 0x03, 0xE0, 0x1F, 0xF0, 0x00,
    0x0F, 0x95, 0x7F, 0xC0, 0x00, 0x7F, 0xFF, 0xFF, 0x40, 0x03, 0xFA, 0xAB, 0xFF, 0x00, 0x0F, 0x40,
    0x03, 0xFC, 0x00, 0xBC, 0x00, 0x0F, 0xF8, 0x03, 0xF0, 0x00, 0x2F, 0xF0, 0xFF, 0xF8, 0x07, 0xFF,
    0xFB, 0xFF, 0xE0, 0x1F, 0xFF, 0xE0, 0x00, 0x01, 0x80, 0x00, 0x00, 0x1F, 0x80, 0x00, 0x02, 0xFE,
    0x00, 0x00, 0x2F, 0xE0, 0x00, 0x01, 0xF4, 0x00, 0x00, 0x01, 0x00, 0x00, 0x00, 0x02, 0xF0, 0x00,
    0x00, 0x1F, 0xF0, 0x00, 0x00, 0xFF, 0xE0, 0x00, 0x0F, 0xDB, 0xD0, 0x00, 0x78, 0x07, 0xC0, 0x00,
    0x40, 0x01, 0x00, 0x00, 0x00, 0x00, 0x00, 0x0B, 0xFF, 0x80, 0x00, 0xFE, 0xBF, 0xD0, 0x0B, 0xD0,
    0x3F, 0xC0, 0x3F, 0x80, 0xFF, 0x00, 0x7D, 0x03, 0xFC, 0x00, 0x00, 0x0F, 0xF0, 0x00, 0x6F, 0xFF,
    0xC0, 0x0F, 0xFA, 0xFF, 0x00, 0xFF, 0x03, 0xFC, 0x03, 0xFC, 0x0F, 0xF0, 0x0F, 0xF0, 0x7F, 0xD0,
    0x2F, 0xFF, 0xBF, 0xF4, 0x3F, 0xF4, 0xBF, 0xC0, 0x05, 0x00, 0x10, 0x00, 0x00, 0x02, 0x40, 0x00,
    0x00, 0x00, 0x2F, 0x80, 0x00, 0x00, 0x00, 0xBF, 0x80, 0x00, 0x00, 0x00, 0xBF, 0x80, 0x00, 0x00,
    0x00, 0x1F, 0x40, 0x00, 0x00, 0x00, 0x00, 0x00, 0x00, 0x00, 0x07, 0x80, 0x00, 0x00, 0x00, 0x7F,
    0x80, 0x00, 0x00, 0x07, 0xFF, 0x40, 0x00, 0x00, 0x7F, 0x7F, 0x00, 0x00, 0x03, 0xE0, 0x2F, 0x00,
    0x00, 0x00, 0x00, 0x00, 0x00, 0x00, 0x01, 0xA9, 0x00, 0x00, 0x00, 0x0F, 0xFC, 0x00, 0x00, 0x00,
    0x3F, 0xF4, 0x00, 0x00, 0x02, 0xFF, 0xE0, 0x00, 0x00, 0x0F, 0x7F, 0xC0, 0x00, 0x00, 0x7C, 0xBF,
    0x40, 0x00, 0x02, 0xE1, 0xFE, 0x00, 0x00, 0x0F, 0x43, 0xFC, 0x00, 0x00, 0x7C, 0x0B, 0xF4, 0x00,
    0x03, 0xE0, 0x1F, 0xF0, 0x00, 0x0F, 0x95, 0x7F, 0xC0, 0x00, 0x7F, 0xFF, 0xFF, 0x40, 0x03, 0xFA,
    0xAB, 0xFF, 0x00, 0x0F, 0x40, 0x03, 0xFC, 0x00, 0xBC, 0x00, 0x0F, 0xF8, 0x03, 0xF0, 0x00, 0x2F,
    0xF0, 0xFF, 0xF8, 0x07, 0xFF, 0xFB, 0xFF, 0xE0, 0x1F, 0xFF, 0xE0, 0x00, 0x60, 0x00, 0x00, 0x07,
    0xF0, 0x00, 0x00, 0x1F, 0xF0, 0x00, 0x00, 0x1F, 0xF0, 0x00, 0x00, 0x06, 0xE0, 0x00, 0x00, 0x00,
    0x00, 0x00, 0x02, 0xF0, 0x00, 0x00, 0x1F, 0xF0, 0x00, 0x00, 0xFF, 0xE0, 0x00, 0x0F, 0xDB, 0xD0,
    0x00, 0x78, 0x07, 0xC0, 0x00, 0x40, 0x01, 0x00, 0x00, 0x00, 0x00, 0x00, 0x0B, 0xFF, 0x80, 0x00,
    0xFE, 0xBF, 0xD0, 0x0B, 0xD0, 0x3F, 0xC0, 0x3F, 0x80, 0xFF, 0x00, 0x7D, 0x03, 0xFC, 0x00, 0x00,
    0x0F, 0xF0, 0x00, 0x6F, 0xFF, 0xC0, 0x0F, 0xFA, 0xFF, 0x00, 0xFF, 0x03, 0xFC, 0x03, 0xFC, 0x0F,
    0xF0, 0x0F, 0xF0, 0x7F, 0xD0, 0x2F, 0xFF, 0xBF, 0xF4, 0x3F, 0xF4, 0xBF, 0xC0, 0x05, 0x00, 0x10,
    0x00, 0x00, 0x00, 0x00, 0x65, 0x00, 0x00, 0x00, 0x2F, 0xFE, 0x00, 0x00, 0x00, 0xF0, 0xFC, 0x00,
    0x00, 0x03, 0xD3, 0xF0, 0x00, 0x00, 0x00, 0x3F, 0x80, 0x00, 0x01, 0xE1, 0xF8, 0x00, 0x00, 0x1F,
    0xE2, 0x80, 0x00, 0x01, 0xFF, 0xD0, 0x00, 0x00, 0x0F, 0xDF, 0xD0, 0x00, 0x00, 0xF8, 0x0B, 0xC0,
    0x00, 0x00, 0x00, 0x00, 0x00, 0x00, 0x00, 0x6A, 0x40, 0x00, 0x00, 0x03, 0xFF, 0x00, 0x00, 0x00,
    0x0F, 0xFD, 0x00, 0x00, 0x00, 0xBF, 0xF8, 0x00, 0x00, 0x03, 0xDF, 0xF0, 0x00, 0x00, 0x1F, 0x2F,
    0xD0, 0x00, 0x00, 0xB8, 0x7F, 0x80, 0x00, 0x03, 0xD0, 0xFF, 0x00, 0x00, 0x1F, 0x02, 0xFD, 0x00,
    0x00, 0xF8, 0x07, 0xFC, 0x00, 0x03, 0xE5, 0x5F, 0xF0, 0x00, 0x1F, 0xFF, 0xFF, 0xD0, 0x00, 0xFE,
    0xAA, 0xFF, 0xC0, 0x03, 0xD0, 0x00, 0xFF, 0x00, 0x2F, 0x00, 0x03, 0xFE, 0x00, 0xFC, 0x00, 0x0B,
    0xFC, 0x3F, 0xFE, 0x01, 0xFF, 0xFE, 0xFF, 0xF8, 0x07, 0xFF, 0xF8, 0x00, 0x00, 0x2A, 0x40, 0x00,
    0x0B, 0xFF, 0xC0, 0x00, 0x3D, 0x2F, 0x40, 0x00, 0xF4, 0xFC, 0x00, 0x00, 0x0F, 0xE0, 0x00, 0xBC,
    0x7E, 0x00, 0x07, 0xFC, 0x50, 0x00, 0x3F, 0xF8, 0x00, 0x03, 0xF6, 0xF4, 0x00, 0x1E, 0x01, 0xF0,
    0x00, 0x10, 0x00, 0x40, 0x00, 0x00, 0x00, 0x00, 0x02, 0xFF, 0xE0, 0x00, 0x3F, 0xAF, 0xF4, 0x02,
    0xF4, 0x0F, 0xF0, 0x0F, 0xE0, 0x3F, 0xC0, 0x1F, 0x40, 0xFF, 0x00, 0x00, 0x03, 0xFC, 0x00, 0x1B,
    0xFF, 0xF0, 0x03, 0xFE, 0xBF, 0xC0, 0x3F, 0xC0, 0xFF, 0x00, 0xFF, 0x03, 0xFC, 0x03, 0xFC, 0x1F,
    0xF4, 0x0B, 0xFF, 0xEF, 0xFD, 0x0F, 0xFD, 0x2F, 0xF0, 0x01, 0x40, 0x04, 0x00, 0x00, 0x00, 0x00,
    0x00, 0x00, 0x00, 0x2F, 0xD0, 0x80, 0x00, 0x01, 0xFF, 0xFF, 0x00, 0x00, 0x0F, 0xBF, 0xF8, 0x00,
    0x00, 0x00, 0x1B, 0x80, 0x00, 0x00, 0x01, 0xE0, 0x00, 0x00, 0x00, 0x1F, 0xE0, 0x00, 0x00, 0x01,
    0xFF, 0xD0, 0x00, 0x00, 0x1F, 0xDF, 0xC0, 0x00, 0x00, 0xF8, 0x0B, 0xC0, 0x00, 0x00, 0x00, 0x00,
    0x00, 0x00, 0x00, 0x6A, 0x40, 0x00, 0x00, 0x03, 0xFF, 0x00, 0x00, 0x00, 0x0F, 0xFD, 0x00, 0x00,
    0x00, 0xBF, 0xF8, 0x00, 0x00, 0x03, 0xDF, 0xF0, 0x00, 0x00, 0x1F, 0x2F, 0xD0, 0x00, 0x00, 0xB8,
    0x7F, 0x80, 0x00, 0x03, 0xD0, 0xFF, 0x00, 0x00, 0x1F, 0x02, 0xFD, 0x00, 0x00, 0xF8, 0x07, 0xFC,
    0x00, 0x03, 0xE5, 0x5F, 0xF0, 0x00, 0x1F, 0xFF, 0xFF, 0xD0, 0x00, 0xFE, 0xAA, 0xFF, 0xC0, 0x03,
    0xD0, 0x00, 0xFF, 0x00, 0x2F, 0x00, 0x03, 0xFE, 0x00, 0xFC, 0x00, 0x0B, 0xFC, 0x3F, 0xFE, 0x01,
    0xFF, 0xFE, 0xFF, 0xF8, 0x07, 0xFF, 0xF8, 0x00, 0x00, 0x00, 0x00, 0x07, 0xF8, 0x24, 0x00, 0x3F,
    0xFF, 0xD0, 0x01, 0xEF, 0xFF, 0x00, 0x01, 0x02, 0xE0, 0x00, 0x00, 0x00, 0x00, 0x00, 0x02, 0xF0,
    0x00, 0x00, 0x1F, 0xF0, 0x00, 0x00, 0xFF, 0xE0, 0x00, 0x0F, 0xDB, 0xD0, 0x00, 0x78, 0x07, 0xC0,
    0x00, 0x40, 0x01, 0x00, 0x00, 0x00, 0x00, 0x00, 0x0B, 0xFF, 0x80, 0x00, 0xFE, 0xBF, 0xD0, 0x0B,
    0xD0, 0x3F, 0xC0, 0x3F, 0x80, 0xFF, 0x00, 0x7D, 0x03, 0xFC, 0x00, 0x00, 0x0F, 0xF0, 0x00, 0x6F,
    0xFF, 0xC0, 0x0F, 0xFA, 0xFF, 0x00, 0xFF, 0x03, 0xFC, 0x03, 0xFC, 0x0F, 0xF0, 0x0F, 0xF0, 0x7F,
    0xD0, 0x2F, 0xFF, 0xBF, 0xF4, 0x3F, 0xF4, 0xBF, 0xC0, 0x05, 0x00, 0x10, 0x00, 0x00, 0x00, 0x78,
    0x00, 0x00, 0x00, 0x07, 0xF8, 0x00, 0x00, 0x00, 0x7F, 0xF4, 0x00, 0x00, 0x07, 0xF7, 0xF0, 0x00,
    0x00, 0x3E, 0x02, 0xF0, 0x00, 0x00, 0x00, 0x00, 0x00, 0x00, 0x00, 0x1A, 0x90, 0x00, 0x00, 0x00,
    0xFF, 0xC0, 0x00, 0x00, 0x03, 0xFF, 0x40, 0x00, 0x00, 0x2F, 0xFE, 0x00, 0x00, 0x00, 0xF7, 0xFC,
    0x00, 0x00, 0x07, 0xCB, 0xF4, 0x00, 0x00, 0x2E, 0x1F, 0xE0, 0x00, 0x00, 0xF4, 0x3F, 0xC0, 0x00,
    0x07, 0xC0, 0xBF, 0x40, 0x00, 0x3E, 0x01, 0xFF, 0x00, 0x00, 0xF9, 0x57, 0xFC, 0x00, 0x07, 0xFF,
    0xFF, 0xF4, 0x00, 0x3F, 0xAA, 0xBF, 0xF0, 0x00, 0xF4, 0x00, 0x3F, 0xC0, 0x0B, 0xC0, 0x00, 0xFF,
    0x80, 0x3F, 0x00, 0x02, 0xFF, 0x0F, 0xFF, 0x80, 0x7F, 0xFF, 0xBF, 0xFE, 0x01, 0xFF, 0xFE, 0x00,
    0x00, 0x00, 0x00, 0x00, 0x00, 0x01, 0x40, 0x00, 0x00, 0x00, 0x3F, 0xC0, 0x00, 0x00, 0x01, 0xFF,
    0x40, 0x00, 0x00, 0x03, 0xFD, 0x00, 0x00, 0x00, 0x06, 0x90, 0x00, 0x00, 0x00, 0x00, 0x00, 0x00,
    0x00, 0xBC, 0x00, 0x00, 0x07, 0xFC, 0x00, 0x00, 0x3F, 0xF8, 0x00, 0x03, 0xF6, 0xF4, 0x00, 0x1E,
    0x01, 0xF0, 0x00, 0x10, 0x00, 0x40, 0x00, 0x00, 0x00, 0x00, 0x02, 0xFF, 0xE0, 0x00, 0x3F, 0xAF,
    0xF4, 0x02, 0xF4, 0x0F, 0xF0, 0x0F, 0xE0, 0x3F, 0xC0, 0x1F, 0x40, 0xFF, 0x00, 0x00, 0x03, 0xFC,
    0x00, 0x1B, 0xFF, 0xF0, 0x03, 0xFE, 0xBF, 0xC0, 0x3F, 0xC0, 0xFF, 0x00, 0xFF, 0x03, 0xFC, 0x03,
    0xFC, 0x1F, 0xF4, 0x0B, 0xFF, 0xEF, 0xFD, 0x0F, 0xFD, 0x2F, 0xF0, 0x01, 0x40, 0x04, 0x00, 0x00,
    0x50, 0x00, 0x00, 0x0F, 0xF0, 0x00, 0x00, 0x7F, 0xD0, 0x00, 0x00, 0xFF, 0x40, 0x00, 0x01, 0xA4,
    0x00, 0x00, 0x00, 0x00, 0x02, 0x00, 0x00, 0x00, 0x00, 0x7F, 0x00, 0x00, 0x00, 0x07, 0xFC, 0x00,
    0x00, 0x00, 0x7F, 0x80, 0x00, 0x00, 0x03, 0xE0, 0x00, 0x00, 0x00, 0x00, 0x00, 0x00, 0x00, 0x02,
    0x80, 0x0A, 0x00, 0x00, 0x0F, 0x00, 0x3C, 0x00, 0x00, 0x2F, 0xAB, 0xD0, 0x00, 0x00, 0x3F, 0xFF,
    0x00, 0x00, 0x00, 0x3F, 0xE0, 0x00, 0x00, 0x00, 0x00, 0x00, 0x00, 0x00, 0x01, 0xA9, 0x00, 0x00,
    0x00, 0x0F, 0xFC, 0x00, 0x00, 0x00, 0x3F, 0xF4, 0x00, 0x00, 0x02, 0xFF, 0xE0, 0x00, 0x00, 0x0F,
    0x7F, 0xC0, 0x00, 0x00, 0x7C, 0xBF, 0x40, 0x00, 0x02, 0xE1, 0xFE, 0x00, 0x00, 0x0F, 0x43, 0xFC,
    0x00, 0x00, 0x7C, 0x0B, 0xF4, 0x00, 0x03, 0xE0, 0x1F, 0xF0, 0x00, 0x0F, 0x95, 0x7F, 0xC0, 0x00,
    0x7F, 0xFF, 0xFF, 0x40, 0x03, 0xFA, 0xAB, 0xFF, 0x00, 0x0F, 0x40, 0x03, 0xFC, 0x00, 0xBC, 0x00,
    0x0F, 0xF8, 0x03, 0xF0, 0x00, 0x2F, 0xF0, 0xFF, 0xF8, 0x07, 0xFF, 0xFB, 0xFF, 0xE0, 0x1F, 0xFF,
    0xE0, 0x00, 0x00, 0x90, 0x00, 0x00, 0x0F, 0xC0, 0x00, 0x00, 0xFF, 0x40, 0x00, 0x0F, 0xF4, 0x00,
    0x00, 0xB9, 0x00, 0x00, 0x00, 0x00, 0x00, 0x00, 0x70, 0x01, 0xC0, 0x01, 0xE0, 0x0F, 0x00, 0x03,
    0xE5, 0xF8, 0x00, 0x0B, 0xFF, 0xC0, 0x00, 0x0B, 0xFD, 0x00, 0x00, 0x01, 0x40, 0x00, 0x00, 0x00,
    0x00, 0x00, 0x0B, 0xFF, 0x80, 0x00, 0xFE, 0xBF, 0xD0, 0x0B, 0xD0, 0x3F, 0xC0, 0x3F, 0x80, 0xFF,
    0x00, 0x7D, 0x03, 0xFC, 0x00, 0x00, 0x0F, 0xF0, 0x00, 0x6F, 0xFF, 0xC0, 0x0F, 0xFA, 0xFF, 0x00,
    0xFF, 0x03, 0xFC, 0x03, 0xFC, 0x0F, 0xF0, 0x0F, 0xF0, 0x7F, 0xD0, 0x2F, 0xFF, 0xBF, 0xF4, 0x3F,
    0xF4, 0xBF, 0xC0, 0x05, 0x00, 0x10, 0x00, 0x00, 0x06, 0x00, 0x00, 0x00, 0x00, 0x3F, 0x00, 0x00,
    0x00, 0x00, 0xFF, 0x00, 0x00, 0x00, 0x01, 0xFF, 0x40, 0x00, 0x00, 0x00, 0x2F, 0x00, 0x00, 0x00,
    0x00, 0x00, 0x00, 0x00, 0x02, 0x80, 0x0A, 0x00, 0x00, 0x0F, 0x00, 0x3C, 0x00, 0x00, 0x2F, 0xAB,
    0xD0, 0x00, 0x00, 0x3F, 0xFF, 0x00, 0x00, 0x00, 0x3F, 0xE0, 0x00, 0x00, 0x00, 0x00, 0x00, 0x00,
    0x00, 0x01, 0xA9, 0x00, 0x00, 0x00, 0x0F, 0xFC, 0x00, 0x00, 0x00, 0x3F, 0xF4, 0x00, 0x00, 0x02,
    0xFF, 0xE0, 0x00, 0x00, 0x0F, 0x7F, 0xC0, 0x00, 0x00, 0x7C, 0xBF, 0x40, 0x00, 0x02, 0xE1, 0xFE,
    0x00, 0x00, 0x0F, 0x43, 0xFC, 0x00, 0x00, 0x7C, 0x0B, 0xF4, 0x00, 0x03, 0xE0, 0x1F, 0xF0, 0x00,
    0x0F, 0x95, 0x7F, 0xC0, 0x00, 0x7F, 0xFF, 0xFF, 0x40, 0x03, 0xFA, 0xAB, 0xFF, 0x00, 0x0F, 0x40,
    0x03, 0xFC, 0x00, 0xBC, 0x00, 0x0F, 0xF8, 0x03, 0xF0, 0x00, 0x2F, 0xF0, 0xFF, 0xF8, 0x07, 0xFF,
    0xFB, 0xFF, 0xE0, 0x1F, 0xFF, 0xE0, 0x00, 0x90, 0x00, 0x00, 0x0B, 0xD0, 0x00, 0x00, 0x2F, 0xD0,
    0x00, 0x00, 0x2F, 0xE0, 0x00, 0x00, 0x0B, 0xC0, 0x00, 0x00, 0x01, 0x00, 0x00, 0x70, 0x01, 0xC0,
    0x01, 0xE0, 0x0F, 0x00, 0x03, 0xE5, 0xF8, 0x00, 0x0B, 0xFF, 0xC0, 0x00, 0x0B, 0xFD, 0x00, 0x00,
    0x01, 0x40, 0x00, 0x00, 0x00, 0x00, 0x00, 0x0B, 0xFF, 0x80, 0x00, 0xFE, 0xBF, 0xD0, 0x0B, 0xD0,
    0x3F, 0xC0, 0x3F, 0x80, 0xFF, 0x00, 0x7D, 0x03, 0xFC, 0x00, 0x00, 0x0F, 0xF0, 0x00, 0x6F, 0xFF,
    0xC0, 0x0F, 0xFA, 0xFF, 0x00, 0xFF, 0x03, 0xFC, 0x03, 0xFC, 0x0F, 0xF0, 0x0F, 0xF0, 0x7F, 0xD0,
    0x2F, 0xFF, 0xBF, 0xF4, 0x3F, 0xF4, 0xBF, 0xC0, 0x05, 0x00, 0x10, 0x00, 0x00, 0x01, 0xA8, 0x00,
    0x00, 0x00, 0x3F, 0xFD, 0x00, 0x00, 0x02, 0xF0, 0xFC, 0x00, 0x00, 0x07, 0xC7, 0xE0, 0x00, 0x00,
    0x00, 0x7F, 0x00, 0x00, 0x00, 0x03, 0xF0, 0x00, 0x00, 0x02, 0x85, 0x4A, 0x00, 0x00, 0x0F, 0x00,
    0x3C, 0x00, 0x00, 0x2F, 0xAB, 0xD0, 0x00, 0x00, 0x3F, 0xFF, 0x00, 0x00, 0x00, 0x3F, 0xE0, 0x00,
    0x00, 0x00, 0x00, 0x00, 0x00, 0x00, 0x01, 0xA9, 0x00, 0x00, 0x00, 0x0F, 0xFC, 0x00, 0x00, 0x00,
    0x3F, 0xF4, 0x00, 0x00, 0x02, 0xFF, 0xE0, 0x00, 0x00, 0x0F, 0x7F, 0xC0, 0x00, 0x00, 0x7C, 0xBF,
    0x40, 0x00, 0x02, 0xE1, 0xFE, 0x00, 0x00, 0x0F, 0x43, 0xFC, 0x00, 0x00, 0x7C, 0x0B, 0xF4, 0x00,
    0x03, 0xE0, 0x1F, 0xF0, 0x00, 0x0F, 0x95, 0x7F, 0xC0, 0x00, 0x7F, 0xFF, 0xFF, 0x40, 0x03, 0xFA,
    0xAB, 0xFF, 0x00, 0x0F, 0x40, 0x03, 0xFC, 0x00, 0xBC, 0x00, 0x0F, 0xF8, 0x03, 0xF0, 0x00, 0x2F,
    0xF0, 0xFF, 0xF8, 0x07, 0xFF, 0xFB, 0xFF, 0xE0, 0x1F, 0xFF, 0xE0, 0x00, 0x6A, 0x40, 0x00, 0x0B,
    0xFF, 0xC0, 0x00, 0x7C, 0x3F, 0x00, 0x00, 0xF4, 0xFC, 0x00, 0x00, 0x0F, 0xD0, 0x00, 0x00, 0x7D,
    0x00, 0x00, 0x70, 0x51, 0xC0, 0x01, 0xE0, 0x0F, 0x00, 0x03, 0xE5, 0xF8, 0x00, 0x0B, 0xFF, 0xC0,
    0x00, 0x0B, 0xFD, 0x00, 0x00, 0x01, 0x40, 0x00, 0x00, 0x00, 0x00, 0x00, 0x0B, 0xFF, 0x80, 0x00,
    0xFE, 0xBF, 0xD0, 0x0B, 0xD0, 0x3F, 0xC0, 0x3F, 0x80, 0xFF, 0x00, 0x7D, 0x03, 0xFC, 0x00, 0x00,
    0x0F, 0xF0, 0x00, 0x6F, 0xFF, 0xC0, 0x0F, 0xFA, 0xFF, 0x00, 0xFF, 0x03, 0xFC, 0x03, 0xFC, 0x0F,
    0xF0, 0x0F, 0xF0, 0x7F, 0xD0, 0x2F, 0xFF, 0xBF, 0xF4, 0x3F, 0xF4, 0xBF, 0xC0, 0x05, 0x00, 0x10,
    0x00, 0x00, 0x00, 0x00, 0x00, 0x00, 0x00, 0x3F, 0x91, 0x80, 0x00, 0x02, 0xFF, 0xFF, 0x00, 0x00,
    0x0F, 0xBF, 0xF4, 0x00, 0x00, 0x10, 0x1B, 0x40, 0x00, 0x00, 0xA0, 0x02, 0x80, 0x00, 0x03, 0xC0,
    0x0F, 0x00, 0x00, 0x0B, 0xEA, 0xF4, 0x00, 0x00, 0x0F, 0xFF, 0xC0, 0x00, 0x00, 0x0F, 0xF8, 0x00,
    0x00, 0x00, 0x00, 0x00, 0x00, 0x00, 0x00, 0x6A, 0x40, 0x00, 0x00, 0x03, 0xFF, 0x00, 0x00, 0x00,
    0x0F, 0xFD, 0x00, 0x00, 0x00, 0xBF, 0xF8, 0x00, 0x00, 0x03, 0xDF, 0xF0, 0x00, 0x00, 0x1F, 0x2F,
    0xD0, 0x00, 0x00, 0xB8, 0x7F, 0x80, 0x00, 0x03, 0xD0, 0xFF, 0x00, 0x00, 0x1F, 0x02, 0xFD, 0x00,
    0x00, 0xF8, 0x07, 0xFC, 0x00, 0x03, 0xE5, 0x5F, 0xF0, 0x00, 0x1F, 0xFF, 0xFF, 0xD0, 0x00, 0xFE,
    0xAA, 0xFF, 0xC0, 0x03, 0xD0, 0x00, 0xFF, 0x00, 0x2F, 0x00, 0x03, 0xFE, 0x00, 0xFC, 0x00, 0x0B,
    0xFC, 0x3F, 0xFE, 0x01, 0xFF, 0xFE, 0xFF, 0xF8, 0x07, 0xFF, 0xF8, 0x00, 0x00, 0x00, 0x00, 0x0B,
    0xF4, 0x20, 0x00, 0x7F, 0xFF, 0xC0, 0x03, 0xEF, 0xFE, 0x00, 0x00, 0x06, 0xE0, 0x00, 0x1C, 0x00,
    0x70, 0x00, 0x78, 0x03, 0xC0, 0x00, 0xF9, 0x7E, 0x00, 0x02, 0xFF, 0xF0, 0x00, 0x02, 0xFF, 0x40,
    0x00, 0x00, 0x50, 0x00, 0x00, 0x00, 0x00, 0x00, 0x02, 0xFF, 0xE0, 0x00, 0x3F, 0xAF, 0xF4, 0x02,
    0xF4, 0x0F, 0xF0, 0x0F, 0xE0, 0x3F, 0xC0, 0x1F, 0x40, 0xFF, 0x00, 0x00, 0x03, 0xFC, 0x00, 0x1B,
    0xFF, 0xF0, 0x03, 0xFE, 0xBF, 0xC0, 0x3F, 0xC0, 0xFF, 0x00, 0xFF, 0x03, 0xFC, 0x03, 0xFC, 0x1F,
    0xF4, 0x0B, 0xFF, 0xEF, 0xFD, 0x0F, 0xFD, 0x2F, 0xF0, 0x01, 0x40, 0x04, 0x00, 0x00, 0x28, 0x00,
    0xA0, 0x00, 0x00, 0xF0, 0x03, 0xC0, 0x00, 0x02, 0xFA, 0xBD, 0x00, 0x00, 0x03, 0xFF, 0xF0, 0x00,
    0x00, 0x03, 0xFE, 0x00, 0x00, 0x00, 0x00, 0x00, 0x00, 0x00, 0x00, 0x1A, 0x90, 0x00, 0x00, 0x00,
    0xFF, 0xC0, 0x00, 0x00, 0x03, 0xFF, 0x40, 0x00, 0x00, 0x2F, 0xFE, 0x00, 0x00, 0x00, 0xF7, 0xFC,
    0x00, 0x00, 0x07, 0xCB, 0xF4, 0x00, 0x00, 0x2E, 0x1F, 0xE0, 0x00, 0x00, 0xF4, 0x3F, 0xC0, 0x00,
    0x07, 0xC0, 0xBF, 0x40, 0x00, 0x3E, 0x01, 0xFF, 0x00, 0x00, 0xF9, 0x57, 0xFC, 0x00, 0x07, 0xFF,
    0xFF, 0xF4, 0x00, 0x3F, 0xAA, 0xBF, 0xF0, 0x00, 0xF4, 0x00, 0x3F, 0xC0, 0x0B, 0xC0, 0x00, 0xFF,
    0x80, 0x3F, 0x00, 0x02, 0xFF, 0x0F, 0xFF, 0x80, 0x7F, 0xFF, 0xBF, 0xFE, 0x01, 0xFF, 0xFE, 0x00,
    0x00, 0x00, 0x00, 0x00, 0x00, 0x01, 0x40, 0x00, 0x00, 0x00, 0x3F, 0xC0, 0x00, 0x00, 0x01, 0xFF,
    0x40, 0x00, 0x00, 0x03, 0xFD, 0x00, 0x00, 0x00, 0x06, 0x90, 0x00, 0x00, 0x07, 0x00, 0x1C, 0x00,
    0x1E, 0x00, 0xF0, 0x00, 0x3E, 0x5F, 0x80, 0x00, 0xBF, 0xFC, 0x00, 0x00, 0xBF, 0xD0, 0x00, 0x00,
    0x14, 0x00, 0x00, 0x00, 0x00, 0x00, 0x00, 0xBF, 0xF8, 0x00, 0x0F, 0xEB, 0xFD, 0x00, 0xBD, 0x03,
    0xFC, 0x03, 0xF8, 0x0F, 0xF0, 0x07, 0xD0, 0x3F, 0xC0, 0x00, 0x00, 0xFF, 0x00, 0x06, 0xFF, 0xFC,
    0x00, 0xFF, 0xAF, 0xF0, 0x0F, 0xF0, 0x3F, 0xC0, 0x3F, 0xC0, 0xFF, 0x00, 0xFF, 0x07, 0xFD, 0x02,
    0xFF, 0xFB, 0xFF, 0x43, 0xFF, 0x4B, 0xFC, 0x00, 0x50, 0x01, 0x00, 0x00, 0x14, 0x00, 0x00, 0x03,
    0xFC, 0x00, 0x00, 0x1F, 0xF4, 0x00, 0x00, 0x3F, 0xD0, 0x00, 0x00, 0x69, 0x00, 0x00, 0x6A, 0xAA,
    0xAA, 0x83, 0xFF, 0xFF, 0xFF, 0x82, 0xFF, 0xAA, 0xFF, 0x03, 0xFD, 0x00, 0xFC, 0x0F, 0xF4, 0x01,
    0xF0, 0x3F, 0xD0, 0x01, 0x00, 0xFF, 0x42, 0xC0, 0x03, 0xFD, 0x0F, 0x00, 0x0F, 0xFF, 0xFC, 0x00,
    0x3F, 0xFF, 0xF0, 0x00, 0xFF, 0x47, 0xC0, 0x03, 0xFD, 0x0B, 0x00, 0x0F, 0xF4, 0x00, 0x10, 0x3F,
    0xD0, 0x03, 0xE0, 0xFF, 0x40, 0x0F, 0x43, 0xFD, 0x01, 0xFD, 0xBF, 0xFF, 0xFF, 0xF3, 0xFF, 0xFF,
    0xFF, 0xC0, 0x00, 0x00, 0x00, 0x00, 0x00, 0x50, 0x00, 0x00, 0x1F, 0xE0, 0x00, 0x00, 0xFF, 0xC0,
    0x00, 0x02, 0xFF, 0x00, 0x00, 0x02, 0xE0, 0x00, 0x00, 0x00, 0x00, 0x00, 0x07, 0xFF, 0x80, 0x03,
    0xFF, 0xFF, 0x00, 0xFF, 0x03, 0xF8, 0x1F, 0xD0, 0x2F, 0xC3, 0xFC, 0x02, 0xFC, 0x3F, 0xFF, 0xFF,
    0xC3, 0xFF, 0xFF, 0xFC, 0x3F, 0xC0, 0x00, 0x03, 0xFD, 0x00, 0x00, 0x2F, 0xF0, 0x01, 0x40, 0xFF,
    0xEA, 0xFC, 0x07, 0xFF, 0xFF, 0x40, 0x1F, 0xFF, 0x80, 0x00, 0x05, 0x40, 0x00, 0x00, 0x54, 0x00,
    0x00, 0x2F, 0xE0, 0x00, 0x03, 0xFF, 0x00, 0x00, 0x3F, 0xE0, 0x00, 0x00, 0xB8, 0x00, 0x00, 0x1A,
    0x80, 0x00, 0x03, 0xFF, 0xD0, 0x00, 0x2F, 0x1F, 0x80, 0x00, 0x78, 0xBE, 0x00, 0x00, 0x0B, 0xF0,
    0x00, 0x00, 0x3F, 0x00, 0x00, 0x00, 0x50, 0x00, 0x1A, 0xAA, 0xAA, 0xA0, 0xFF, 0xFF, 0xFF, 0xE0,
    0xBF, 0xEA, 0xBF, 0xC0, 0xFF, 0x40, 0x3F, 0x03, 0xFD, 0x00, 0x7C, 0x0F, 0xF4, 0x00, 0x40, 0x3F,
    0xD0, 0xB0, 0x00, 0xFF, 0x43, 0xC0, 0x03, 0xFF, 0xFF, 0x00, 0x0F, 0xFF, 0xFC, 0x00, 0x3F, 0xD1,
    0xF0, 0x00, 0xFF, 0x42, 0xC0, 0x03, 0xFD, 0x00, 0x04, 0x0F, 0xF4, 0x00, 0xF8, 0x3F, 0xD0, 0x03,
    0xD0, 0xFF, 0x40, 0x7F, 0x6F, 0xFF, 0xFF, 0xFC, 0xFF, 0xFF, 0xFF, 0xF0, 0x00, 0x1B, 0x90, 0x00,
    0x0F, 0xFF, 0x80, 0x01, 0xF0, 0xFC, 0x00, 0x0F, 0x1F, 0xC0, 0x00, 0x07, 0xF0, 0x00, 0x00, 0xBC,
    0x00, 0x00, 0x06, 0x80, 0x00, 0x00, 0x00, 0x00, 0x00, 0x7F, 0xF8, 0x00, 0x3F, 0xFF, 0xF0, 0x0F,
    0xF0, 0x3F, 0x81, 0xFD, 0x02, 0xFC, 0x3F, 0xC0, 0x2F, 0xC3, 0xFF, 0xFF, 0xFC, 0x3F, 0xFF, 0xFF,
    0xC3, 0xFC, 0x00, 0x00, 0x3F, 0xD0, 0x00, 0x02, 0xFF, 0x00, 0x14, 0x0F, 0xFE, 0xAF, 0xC0, 0x7F,
    0xFF, 0xF4, 0x01, 0xFF, 0xF8, 0x00, 0x00, 0x54, 0x00, 0x00, 0x00, 0x00, 0x00, 0x03, 0xF8, 0x18,
    0x00, 0x2F, 0xFF, 0xF0, 0x00, 0xFB, 0xFF, 0x40, 0x01, 0x01, 0xB4, 0x00, 0x00, 0x00, 0x00, 0x06,
    0xAA, 0xAA, 0xA8, 0x3F, 0xFF, 0xFF, 0xF8, 0x2F, 0xFA, 0xAF, 0xF0, 0x3F, 0xD0, 0x0F, 0xC0, 0xFF,
    0x40, 0x1F, 0x03, 0xFD, 0x00, 0x10, 0x0F, 0xF4, 0x2C, 0x00, 0x3F, 0xD0, 0xF0, 0x00, 0xFF, 0xFF,
    0xC0, 0x03, 0xFF, 0xFF, 0x00, 0x0F, 0xF4, 0x7C, 0x00, 0x3F, 0xD0, 0xB0, 0x00, 0xFF, 0x40, 0x01,
    0x03, 0xFD, 0x00, 0x3E, 0x0F, 0xF4, 0x00, 0xF4, 0x3F, 0xD0, 0x1F, 0xDB, 0xFF, 0xFF, 0xFF, 0x3F,
    0xFF, 0xFF, 0xFC, 0x00, 0x00, 0x00, 0x00, 0x0B, 0xE0, 0x60, 0x02, 0xFF, 0xFF, 0x00, 0x3E, 0xFF,
    0xD0, 0x01, 0x01, 0xB4, 0x00, 0x00, 0x00, 0x00, 0x00, 0x00, 0x00, 0x00, 0x07, 0xFF, 0x80, 0x03,
    0xFF, 0xFF, 0x00, 0xFF, 0x03, 0xF8, 0x1F, 0xD0, 0x2F, 0xC3, 0xFC, 0x02, 0xFC, 0x3F, 0xFF, 0xFF,
    0xC3, 0xFF, 0xFF, 0xFC, 0x3F, 0xC0, 0x00, 0x03, 0xFD, 0x00, 0x00, 0x2F, 0xF0, 0x01, 0x40, 0xFF,
    0xEA, 0xFC, 0x07, 0xFF, 0xFF, 0x40, 0x1F, 0xFF, 0x80, 0x00, 0x05, 0x40, 0x00, 0x00, 0x00, 0x90,
    0x00, 0x00, 0x0F, 0xD0, 0x00, 0x00, 0xFF, 0x40, 0x00, 0x0F, 0xF4, 0x00, 0x00, 0xB9, 0x00, 0x00,
    0x00, 0x00, 0x00, 0x00, 0x00, 0xB4, 0x00, 0x00, 0x0B, 0xF4, 0x00, 0x00, 0x7F, 0xF4, 0x00, 0x07,
    0xF7, 0xF0, 0x00, 0x3D, 0x02, 0xE0, 0x00, 0x00, 0x00, 0x00, 0x6A, 0xAA, 0xAA, 0x83, 0xFF, 0xFF,
    0xFF, 0x82, 0xFF, 0xAA, 0xFF, 0x03, 0xFD, 0x00, 0xFC, 0x0F, 0xF4, 0x01, 0xF0, 0x3F, 0xD0, 0x01,
    0x00, 0xFF, 0x42, 0xC0, 0x03, 0xFD, 0x0F, 0x00, 0x0F, 0xFF, 0xFC, 0x00, 0x3F, 0xFF, 0xF0, 0x00,
    0xFF, 0x47, 0xC0, 0x03, 0xFD, 0x0B, 0x00, 0x0F, 0xF4, 0x00, 0x10, 0x3F, 0xD0, 0x03, 0xE0, 0xFF,
    0x40, 0x0F, 0x43, 0xFD, 0x01, 0xFD, 0xBF, 0xFF, 0xFF, 0xF3, 0xFF, 0xFF, 0xFF, 0xC0, 0x00, 0x00,
    0x60, 0x00, 0x00, 0x2F, 0x80, 0x00, 0x0B, 0xF8, 0x00, 0x02, 0xFE, 0x00, 0x00, 0x7D, 0x00, 0x00,
    0x00, 0x00, 0x00, 0x00, 0x0F, 0xC0, 0x00, 0x02, 0xFE, 0x00, 0x00, 0x7F, 0xF4, 0x00, 0x0F, 0xCB,
    0xC0, 0x02, 0xE0, 0x1F, 0x00, 0x04, 0x00, 0x40, 0x00, 0x00, 0x00, 0x00, 0x07, 0xFF, 0x80, 0x03,
    0xFF, 0xFF, 0x00, 0xFF, 0x03, 0xF8, 0x1F, 0xD0, 0x2F, 0xC3, 0xFC, 0x02, 0xFC, 0x3F, 0xFF, 0xFF,
    0xC3, 0xFF, 0xFF, 0xFC, 0x3F, 0xC0, 0x00, 0x03, 0xFD, 0x00, 0x00, 0x2F, 0xF0, 0x01, 0x40, 0xFF,
    0xEA, 0xFC, 0x07, 0xFF, 0xFF, 0x40, 0x1F, 0xFF, 0x80, 0x00, 0x05, 0x40, 0x00, 0x00, 0x24, 0x00,
    0x00, 0x02, 0xF4, 0x00, 0x00, 0x0B, 0xF4, 0x00, 0x00, 0x0B, 0xF8, 0x00, 0x00, 0x02, 0xF0, 0x00,
    0x00, 0x00, 0x40, 0x00, 0x00, 0xB4, 0x00, 0x00, 0x0B, 0xF4, 0x00, 0x00, 0x7F, 0xF4, 0x00, 0x07,
    0xF7, 0xF0, 0x00, 0x3D, 0x02, 0xE0, 0x00, 0x00, 0x00, 0x00, 0x6A, 0xAA, 0xAA, 0x83, 0xFF, 0xFF,
    0xFF, 0x82, 0xFF, 0xAA, 0xFF, 0x03, 0xFD, 0x00, 0xFC, 0x0F, 0xF4, 0x01, 0xF0, 0x3F, 0xD0, 0x01,
    0x00, 0xFF, 0x42, 0xC0, 0x03, 0xFD, 0x0F, 0x00, 0x0F, 0xFF, 0xFC, 0x00, 0x3F, 0xFF, 0xF0, 0x00,
    0xFF, 0x47, 0xC0, 0x03, 0xFD, 0x0B, 0x00, 0x0F, 0xF4, 0x00, 0x10, 0x3F, 0xD0, 0x03, 0xE0, 0xFF,
    0x40, 0x0F, 0x43, 0xFD, 0x01, 0xFD, 0xBF, 0xFF, 0xFF, 0xF3, 0xFF, 0xFF, 0xFF, 0xC0, 0x00, 0x24,
    0x00, 0x00, 0x07, 0xE0, 0x00, 0x00, 0x7F, 0x80, 0x00, 0x02, 0xFE, 0x00, 0x00, 0x01, 0xF4, 0x00,
    0x00, 0x00, 0x00, 0x00, 0x0F, 0xC0, 0x00, 0x02, 0xFE, 0x00, 0x00, 0x7F, 0xF4, 0x00, 0x0F, 0xCB,
    0xC0, 0x02, 0xE0, 0x1F, 0x00, 0x04, 0x00, 0x40, 0x00, 0x00, 0x00, 0x00, 0x07, 0xFF, 0x80, 0x03,
    0xFF, 0xFF, 0x00, 0xFF, 0x03, 0xF8, 0x1F, 0xD0, 0x2F, 0xC3, 0xFC, 0x02, 0xFC, 0x3F, 0xFF, 0xFF,
    0xC3, 0xFF, 0xFF, 0xFC, 0x3F, 0xC0, 0x00, 0x03, 0xFD, 0x00, 0x00, 0x2F, 0xF0, 0x01, 0x40, 0xFF,
    0xEA, 0xFC, 0x07, 0xFF, 0xFF, 0x40, 0x1F, 0xFF, 0x80, 0x00, 0x05, 0x40, 0x00, 0x00, 0x00, 0x06,
    0x40, 0x00, 0x00, 0xBF, 0xF8, 0x00, 0x01, 0xF0, 0xFC, 0x00, 0x00, 0xF0, 0xFC, 0x00, 0x00, 0x03,
    0xF4, 0x00, 0x0B, 0x4B, 0xD0, 0x00, 0x2F, 0xD6, 0x80, 0x00, 0x7F, 0xF4, 0x00, 0x01, 0xFD, 0xFC,
    0x00, 0x03, 0xD0, 0x2E, 0x00, 0x00, 0x00, 0x00, 0x00, 0x6A, 0xAA, 0xAA, 0x80, 0xFF, 0xFF, 0xFF,
    0xE0, 0x2F, 0xFA, 0xAF, 0xF0, 0x0F, 0xF4, 0x03, 0xF0, 0x0F, 0xF4, 0x01, 0xF0, 0x0F, 0xF4, 0x00,
    0x40, 0x0F, 0xF4, 0x2C, 0x00, 0x0F, 0xF4, 0x3C, 0x00, 0x0F, 0xFF, 0xFC, 0x00, 0x0F, 0xFF, 0xFC,
    0x00, 0x0F, 0xF4, 0x7C, 0x00, 0x0F, 0xF4, 0x2C, 0x00, 0x0F, 0xF4, 0x00, 0x10, 0x0F, 0xF4, 0x00,
    0xF8, 0x0F, 0xF4, 0x00, 0xF4, 0x0F, 0xF4, 0x07, 0xF4, 0xBF, 0xFF, 0xFF, 0xF0, 0xFF, 0xFF, 0xFF,
    0xF0, 0x00, 0x00, 0x1A, 0x90, 0x00, 0x00, 0xFF, 0xF8, 0x00, 0x01, 0xF0, 0xFC, 0x00, 0x00, 0xF0,
    0xFC, 0x00, 0x00, 0x03, 0xF4, 0x00, 0x0F, 0xCB, 0xD0, 0x00, 0x2F, 0xE1, 0x40, 0x00, 0x7F, 0xF4,
    0x00, 0x00, 0xFC, 0xBC, 0x00, 0x02, 0xE0, 0x1F, 0x00, 0x00, 0x40, 0x04, 0x00, 0x00, 0x00, 0x00,
    0x00, 0x00, 0x7F, 0xF8, 0x00, 0x03, 0xFF, 0xFF, 0x00, 0x0F, 0xF0, 0x3F, 0x80, 0x1F, 0xD0, 0x2F,
    0xC0, 0x3F, 0xC0, 0x2F, 0xC0, 0x3F, 0xFF, 0xFF, 0xC0, 0x3F, 0xFF, 0xFF, 0xC0, 0x3F, 0xC0, 0x00,
    0x00, 0x3F, 0xD0, 0x00, 0x00, 0x2F, 0xF0, 0x01, 0x40, 0x0F, 0xFE, 0xAF, 0xC0, 0x07, 0xFF, 0xFF,
    0x40, 0x01, 0xFF, 0xF8, 0x00, 0x00, 0x05, 0x40, 0x00, 0x00, 0x00, 0x00, 0x00, 0x03, 0xF9, 0x08,
    0x00, 0x2F, 0xFF, 0xF0, 0x00, 0xFB, 0xFF, 0x40, 0x01, 0x01, 0xB4, 0x00, 0x00, 0x2D, 0x00, 0x00,
    0x02, 0xFD, 0x00, 0x00, 0x1F, 0xFD, 0x00, 0x01, 0xFD, 0xFC, 0x00, 0x0F, 0x40, 0xB8, 0x00, 0x00,
    0x00, 0x00, 0x1A, 0xAA, 0xAA, 0xA0, 0xFF, 0xFF, 0xFF, 0xE0, 0xBF, 0xEA, 0xBF, 0xC0, 0xFF, 0x40,
    0x3F, 0x03, 0xFD, 0x00, 0x7C, 0x0F, 0xF4, 0x00, 0x40, 0x3F, 0xD0, 0xB0, 0x00, 0xFF, 0x43, 0xC0,
    0x03, 0xFF, 0xFF, 0x00, 0x0F, 0xFF, 0xFC, 0x00, 0x3F, 0xD1, 0xF0, 0x00, 0xFF, 0x42, 0xC0, 0x03,
    0xFD, 0x00, 0x04, 0x0F, 0xF4, 0x00, 0xF8, 0x3F, 0xD0, 0x03, 0xD0, 0xFF, 0x40, 0x7F, 0x6F, 0xFF,
    0xFF, 0xFC, 0xFF, 0xFF, 0xFF, 0xF0, 0x00, 0x00, 0x00, 0x00, 0x0B, 0xF4, 0x20, 0x01, 0xFF, 0xFF,
    0x00, 0x3E, 0xFF, 0xE0, 0x00, 0x01, 0xB8, 0x00, 0x00, 0xFC, 0x00, 0x00, 0x2F, 0xE0, 0x00, 0x07,
    0xFF, 0x40, 0x00, 0xFC, 0xBC, 0x00, 0x2E, 0x01, 0xF0, 0x00, 0x40, 0x04, 0x00, 0x00, 0x00, 0x00,
    0x00, 0x7F, 0xF8, 0x00, 0x3F, 0xFF, 0xF0, 0x0F, 0xF0, 0x3F, 0x81, 0xFD, 0x02, 0xFC, 0x3F, 0xC0,
    0x2F, 0xC3, 0xFF, 0xFF, 0xFC, 0x3F, 0xFF, 0xFF, 0xC3, 0xFC, 0x00, 0x00, 0x3F, 0xD0, 0x00, 0x02,
    0xFF, 0x00, 0x14, 0x0F, 0xFE, 0xAF, 0xC0, 0x7F, 0xFF, 0xF4, 0x01, 0xFF, 0xF8, 0x00, 0x00, 0x54,
    0x00, 0x00, 0x0B, 0x40, 0x00, 0x00, 0xBF, 0x40, 0x00, 0x07, 0xFF, 0x40, 0x00, 0x7F, 0x7F, 0x00,
    0x03, 0xD0, 0x2E, 0x00, 0x00, 0x00, 0x00, 0x06, 0xAA, 0xAA, 0xA8, 0x3F, 0xFF, 0xFF, 0xF8, 0x2F,
    0xFA, 0xAF, 0xF0, 0x3F, 0xD0, 0x0F, 0xC0, 0xFF, 0x40, 0x1F, 0x03, 0xFD, 0x00, 0x10, 0x0F, 0xF4,
    0x2C, 0x00, 0x3F, 0xD0, 0xF0, 0x00, 0xFF, 0xFF, 0xC0, 0x03, 0xFF, 0xFF, 0x00, 0x0F, 0xF4, 0x7C,
    0x00, 0x3F, 0xD0, 0xB0, 0x00, 0xFF, 0x40, 0x01, 0x03, 0xFD, 0x00, 0x3E, 0x0F, 0xF4, 0x00, 0xF4,
    0x3F, 0xD0, 0x1F, 0xDB, 0xFF, 0xFF, 0xFF, 0x3F, 0xFF, 0xFF, 0xFC, 0x00, 0x00, 0x00, 0x00, 0x00,
    0x05, 0x00, 0x00, 0x01, 0xFE, 0x00, 0x00, 0x0F, 0xFC, 0x00, 0x00, 0x2F, 0xF0, 0x00, 0x00, 0x2E,
    0x00, 0x00, 0x00, 0x00, 0x00, 0x00, 0x00, 0xFC, 0x00, 0x00, 0x2F, 0xE0, 0x00, 0x07, 0xFF, 0x40,
    0x00, 0xFC, 0xBC, 0x00, 0x2E, 0x01, 0xF0, 0x00, 0x40, 0x04, 0x00, 0x00, 0x00, 0x00, 0x00, 0x7F,
    0xF8, 0x00, 0x3F, 0xFF, 0xF0, 0x0F, 0xF0, 0x3F, 0x81, 0xFD, 0x02, 0xFC, 0x3F, 0xC0, 0x2F, 0xC3,
    0xFF, 0xFF, 0xFC, 0x3F, 0xFF, 0xFF, 0xC3, 0xFC, 0x00, 0x00, 0x3F, 0xD0, 0x00, 0x02, 0xFF, 0x00,
    0x14, 0x0F, 0xFE, 0xAF, 0xC0, 0x7F, 0xFF, 0xF4, 0x01, 0xFF, 0xF8, 0x00, 0x00, 0x54, 0x00, 0x00,
    0x05, 0x40, 0x00, 0x02, 0xFE, 0x00, 0x00, 0x3F, 0xF0, 0x00, 0x03, 0xFE, 0x00, 0x00, 0x0B, 0x80,
    0x00, 0x06, 0x90, 0x1F, 0xFF, 0x0F, 0x87, 0xE2, 0xE2, 0xF4, 0x02, 0xF8, 0x00, 0xFC, 0x00, 0x14,
    0x01, 0xAA, 0xA8, 0xFF, 0xFF, 0x0B, 0xFF, 0x40, 0xFF, 0x40, 0x3F, 0xD0, 0x0F, 0xF4, 0x03, 0xFD,
    0x00, 0xFF, 0x40, 0x3F, 0xD0, 0x0F, 0xF4, 0x03, 0xFD, 0x00, 0xFF, 0x40, 0x3F, 0xD0, 0x0F, 0xF4,
    0x03, 0xFD, 0x00, 0xFF, 0x42, 0xFF, 0xFC, 0xFF, 0xFF, 0x00, 0x06, 0xE8, 0x02, 0xFB, 0xF0, 0x3D,
    0x2F, 0x03, 0xD3, 0xF0, 0x00, 0xFD, 0x00, 0x1F, 0x40, 0x01, 0xA0, 0x00, 0x00, 0x00, 0x0B, 0xFE,
    0x00, 0xFF, 0xE0, 0x06, 0xFE, 0x00, 0x1F, 0xE0, 0x01, 0xFE, 0x00, 0x1F, 0xE0, 0x01, 0xFE, 0x00,
    0x1F, 0xE0, 0x01, 0xFE, 0x00, 0x1F, 0xE0, 0x01, 0xFF, 0x00, 0xFF, 0xFD, 0x0F, 0xFF, 0xE0, 0x6A,
    0xAA, 0x3F, 0xFF, 0xC2, 0xFF, 0xD0, 0x3F, 0xD0, 0x0F, 0xF4, 0x03, 0xFD, 0x00, 0xFF, 0x40, 0x3F,
    0xD0, 0x0F, 0xF4, 0x03, 0xFD, 0x00, 0xFF, 0x40, 0x3F, 0xD0, 0x0F, 0xF4, 0x03, 0xFD, 0x00, 0xFF,
    0x40, 0x3F, 0xD0, 0xBF, 0xFF, 0x3F, 0xFF, 0xC0, 0x00, 0x00, 0x05, 0x00, 0x0F, 0xF0, 0x07, 0xFE,
    0x00, 0xFF, 0x40, 0x1B, 0x40, 0x00, 0x40, 0x02, 0xFD, 0x00, 0xFF, 0x80, 0x3F, 0xE0, 0x07, 0xE0,
    0x00, 0x00, 0x00, 0x00, 0x00, 0xBF, 0xE0, 0x3F, 0xF8, 0x06, 0xFE, 0x00, 0x7F, 0x80, 0x1F, 0xE0,
    0x07, 0xF8, 0x01, 0xFE, 0x00, 0x7F, 0x80, 0x1F, 0xE0, 0x07, 0xF8, 0x01, 0xFF, 0x03, 0xFF, 0xF4,
    0xFF, 0xFE, 0x00, 0x00, 0x00, 0x14, 0x00, 0x7F, 0x80, 0x3F, 0xF0, 0x0B, 0xFC, 0x00, 0xB8, 0x00,
    0x00, 0x1B, 0xFE, 0x40, 0x00, 0x1F, 0xFF, 0xFF, 0x00, 0x07, 0xFE, 0xAF, 0xFC, 0x00, 0xFF, 0x00,
    0x3F, 0xF0, 0x3F, 0xD0, 0x00, 0xFF, 0x47, 0xFC, 0x00, 0x0B, 0xFC, 0xBF, 0x80, 0x00, 0x7F, 0xCF,
    0xF8, 0x00, 0x03, 0xFD, 0xFF, 0x40, 0x00, 0x3F, 0xDF, 0xF4, 0x00, 0x03, 0xFD, 0xFF, 0x80, 0x00,
    0x3F, 0xCF, 0xF8, 0x00, 0x03, 0xFC, 0xBF, 0xC0, 0x00, 0x7F, 0xC3, 0xFD, 0x00, 0x0B, 0xF4, 0x2F,
    0xF0, 0x00, 0xFF, 0x00, 0xFF, 0xD0, 0x7F, 0xC0, 0x03, 0xFF, 0xFF, 0xF0, 0x00, 0x0B, 0xFF, 0xF8,
    0x00, 0x00, 0x01, 0x50, 0x00, 0x00, 0x00, 0x05, 0x00, 0x00, 0x00, 0x07, 0xFC, 0x00, 0x00, 0x00,
    0xBF, 0xC0, 0x00, 0x00, 0x0B, 0xFC, 0x00, 0x00, 0x00, 0x2E, 0x00, 0x00, 0x00, 0x00, 0x00, 0x00,
    0x01, 0xFF, 0xF4, 0x00, 0x3F, 0xFF, 0xFC, 0x03, 0xFD, 0x0F, 0xF8, 0x1F, 0xE0, 0x0F, 0xF0, 0xFF,
    0x00, 0x2F, 0xE3, 0xFC, 0x00, 0xBF, 0x8F, 0xF0, 0x02, 0xFE, 0x3F, 0xC0, 0x0B, 0xF8, 0xFF, 0x40,
    0x2F, 0xD2, 0xFE, 0x00, 0xFF, 0x03, 0xFD, 0x07, 0xF8, 0x07, 0xFF, 0xFF, 0xC0, 0x07, 0xFF, 0xF4,
    0x00, 0x00, 0x54, 0x00, 0x00, 0x00, 0x50, 0x00, 0x00, 0x1F, 0xF0, 0x00, 0x00, 0xBF, 0xC0, 0x00,
    0x01, 0xFF, 0x00, 0x00, 0x01, 0xE4, 0x00, 0x00, 0x06, 0xA4, 0x00, 0x00, 0x03, 0xFF, 0xE0, 0x00,
    0x00, 0x7C, 0x3F, 0x00, 0x00, 0x03, 0xC3, 0xF0, 0x00, 0x00, 0x00, 0xFD, 0x00, 0x00, 0x00, 0x2F,
    0x40, 0x00, 0x00, 0x00, 0x50, 0x00, 0x00, 0x01, 0xBF, 0xE4, 0x00, 0x01, 0xFF, 0xFF, 0xF0, 0x00,
    0x7F, 0xEA, 0xFF, 0xC0, 0x0F, 0xF0, 0x03, 0xFF, 0x03, 0xFD, 0x00, 0x0F, 0xF4, 0x7F, 0xC0, 0x00,
    0xBF, 0xCB, 0xF8, 0x00, 0x07, 0xFC, 0xFF, 0x80, 0x00, 0x3F, 0xDF, 0xF4, 0x00, 0x03, 0xFD, 0xFF,
    0x40, 0x00, 0x3F, 0xDF, 0xF8, 0x00, 0x03, 0xFC, 0xFF, 0x80, 0x00, 0x3F, 0xCB, 0xFC, 0x00, 0x07,
    0xFC, 0x3F, 0xD0, 0x00, 0xBF, 0x42, 0xFF, 0x00, 0x0F, 0xF0, 0x0F, 0xFD, 0x07, 0xFC, 0x00, 0x3F,
    0xFF, 0xFF, 0x00, 0x00, 0xBF, 0xFF, 0x80, 0x00, 0x00, 0x15, 0x00, 0x00, 0x00, 0x1B, 0xA0, 0x00,
    0x02, 0xFB, 0xF0, 0x00, 0x0F, 0x4B, 0xD0, 0x00, 0x2D, 0x3F, 0x00, 0x00, 0x03, 0xF4, 0x00, 0x00,
    0x1F, 0x40, 0x00, 0x00, 0x28, 0x00, 0x00, 0x00, 0x00, 0x00, 0x00, 0x7F, 0xFD, 0x00, 0x0F, 0xFF,
    0xFF, 0x00, 0xFF, 0x43, 0xFE, 0x07, 0xF8, 0x03, 0xFC, 0x3F, 0xC0, 0x0B, 0xF8, 0xFF, 0x00, 0x2F,
    0xE3, 0xFC, 0x00, 0xBF, 0x8F, 0xF0, 0x02, 0xFE, 0x3F, 0xD0, 0x0B, 0xF4, 0xBF, 0x80, 0x3F, 0xC0,
    0xFF, 0x41, 0xFE, 0x01, 0xFF, 0xFF, 0xF0, 0x01, 0xFF, 0xFD, 0x00, 0x00, 0x15, 0x00, 0x00, 0x00,
    0x00, 0x18, 0x00, 0x00, 0x00, 0x07, 0xE0, 0x00, 0x00, 0x02, 0xFE, 0x00, 0x00, 0x00, 0xBF, 0x80,
    0x00, 0x00, 0x1F, 0x40, 0x00, 0x00, 0x00, 0x40, 0x00, 0x00, 0x00, 0x01, 0xE0, 0x00, 0x00, 0x00,
    0x3F, 0xC0, 0x00, 0x00, 0x0F, 0xFE, 0x00, 0x00, 0x03, 0xFA, 0xF8, 0x00, 0x00, 0xB8, 0x07, 0xC0,
    0x00, 0x01, 0x00, 0x04, 0x00, 0x00, 0x1B, 0xFE, 0x40, 0x00, 0x1F, 0xFF, 0xFF, 0x00, 0x07, 0xFE,
    0xAF, 0xFC, 0x00, 0xFF, 0x00, 0x3F, 0xF0, 0x3F, 0xD0, 0x00, 0xFF, 0x47, 0xFC, 0x00, 0x0B, 0xFC,
    0xBF, 0x80, 0x00, 0x7F, 0xCF, 0xF8, 0x00, 0x03, 0xFD, 0xFF, 0x40, 0x00, 0x3F, 0xDF, 0xF4, 0x00,
    0x03, 0xFD, 0xFF, 0x80, 0x00, 0x3F, 0xCF, 0xF8, 0x00, 0x03, 0xFC, 0xBF, 0xC0, 0x00, 0x7F, 0xC3,
    0xFD, 0x00, 0x0B, 0xF4, 0x2F, 0xF0, 0x00, 0xFF, 0x00, 0xFF, 0xD0, 0x7F, 0xC0, 0x03, 0xFF, 0xFF,
    0xF0, 0x00, 0x0B, 0xFF, 0xF8, 0x00, 0x00, 0x01, 0x50, 0x00, 0x00, 0x00, 0x00, 0x60, 0x00, 0x00,
    0x07, 0xE0, 0x00, 0x00, 0x7F, 0xC0, 0x00, 0x0B, 0xF8, 0x00, 0x00, 0x3E, 0x00, 0x00, 0x00, 0x40,
    0x00, 0x00, 0x00, 0x7C, 0x00, 0x00, 0x07, 0xFC, 0x00, 0x00, 0x3F, 0xF8, 0x00, 0x03, 0xF5, 0xF4,
    0x00, 0x1F, 0x01, 0xF0, 0x00, 0x10, 0x00, 0x40, 0x00, 0x00, 0x00, 0x00, 0x01, 0xFF, 0xF4, 0x00,
    0x3F, 0xFF, 0xFC, 0x03, 0xFD, 0x0F, 0xF8, 0x1F, 0xE0, 0x0F, 0xF0, 0xFF, 0x00, 0x2F, 0xE3, 0xFC,
    0x00, 0xBF, 0x8F, 0xF0, 0x02, 0xFE, 0x3F, 0xC0, 0x0B, 0xF8, 0xFF, 0x40, 0x2F, 0xD2, 0xFE, 0x00,
    0xFF, 0x03, 0xFD, 0x07, 0xF8, 0x07, 0xFF, 0xFF, 0xC0, 0x07, 0xFF, 0xF4, 0x00, 0x00, 0x54, 0x00,
    0x00, 0x00, 0x0A, 0x00, 0x00, 0x00, 0x01, 0xFC, 0x00, 0x00, 0x00, 0x1F, 0xF0, 0x00, 0x00, 0x00,
    0x7F, 0xC0, 0x00, 0x00, 0x00, 0x7E, 0x00, 0x00, 0x00, 0x00, 0x00, 0x00, 0x00, 0x01, 0xE0, 0x00,
    0x00, 0x00, 0x3F, 0xC0, 0x00, 0x00, 0x0F, 0xFE, 0x00, 0x00, 0x03, 0xFA, 0xF8, 0x00, 0x00, 0xB8,
    0x07, 0xC0, 0x00, 0x01, 0x00, 0x04, 0x00, 0x00, 0x1B, 0xFE, 0x40, 0x00, 0x1F, 0xFF, 0xFF, 0x00,
    0x07, 0xFE, 0xAF, 0xFC, 0x00, 0xFF, 0x00, 0x3F, 0xF0, 0x3F, 0xD0, 0x00, 0xFF, 0x47, 0xFC, 0x00,
    0x0B, 0xFC, 0xBF, 0x80, 0x00, 0x7F, 0xCF, 0xF8, 0x00, 0x03, 0xFD, 0xFF, 0x40, 0x00, 0x3F, 0xDF,
    0xF4, 0x00, 0x03, 0xFD, 0xFF, 0x80, 0x00, 0x3F, 0xCF, 0xF8, 0x00, 0x03, 0xFC, 0xBF, 0xC0, 0x00,
    0x7F, 0xC3, 0xFD, 0x00, 0x0B, 0xF4, 0x2F, 0xF0, 0x00, 0xFF, 0x00, 0xFF, 0xD0, 0x7F, 0xC0, 0x03,
    0xFF, 0xFF, 0xF0, 0x00, 0x0B, 0xFF, 0xF8, 0x00, 0x00, 0x01, 0x50, 0x00, 0x00, 0x00, 0x18, 0x00,
    0x00, 0x01, 0xFC, 0x00, 0x00, 0x07, 0xFC, 0x00, 0x00, 0x07, 0xFC, 0x00, 0x00, 0x01, 0xB8, 0x00,
    0x00, 0x00, 0x00, 0x00, 0x00, 0x7C, 0x00, 0x00, 0x07, 0xFC, 0x00, 0x00, 0x3F, 0xF8, 0x00, 0x03,
    0xF5, 0xF4, 0x00, 0x1F, 0x01, 0xF0, 0x00, 0x10, 0x00, 0x40, 0x00, 0x00, 0x00, 0x00, 0x01, 0xFF,
    0xF4, 0x00, 0x3F, 0xFF, 0xFC, 0x03, 0xFD, 0x0F, 0xF8, 0x1F, 0xE0, 0x0F, 0xF0, 0xFF, 0x00, 0x2F,
    0xE3, 0xFC, 0x00, 0xBF, 0x8F, 0xF0, 0x02, 0xFE, 0x3F, 0xC0, 0x0B, 0xF8, 0xFF, 0x40, 0x2F, 0xD2,
    0xFE, 0x00, 0xFF, 0x03, 0xFD, 0x07, 0xF8, 0x07, 0xFF, 0xFF, 0xC0, 0x07, 0xFF, 0xF4, 0x00, 0x00,
    0x54, 0x00, 0x00, 0x00, 0x00, 0x01, 0x94, 0x00, 0x00, 0x01, 0xFF, 0xF0, 0x00, 0x00, 0x3D, 0x2F,
    0x40, 0x00, 0x03, 0xE2, 0xF4, 0x00, 0x00, 0x00, 0xBE, 0x00, 0x00, 0x1E, 0x0F, 0x80, 0x00, 0x03,
    0xFC, 0xA0, 0x00, 0x00, 0xFF, 0xE0, 0x00, 0x00, 0x3F, 0xAF, 0x80, 0x00, 0x0B, 0x80, 0x7C, 0x00,
    0x00, 0x10, 0x00, 0x40, 0x00, 0x01, 0xBF, 0xE4, 0x00, 0x01, 0xFF, 0xFF, 0xF0, 0x00, 0x7F, 0xEA,
    0xFF, 0xC0, 0x0F, 0xF0, 0x03, 0xFF, 0x03, 0xFD, 0x00, 0x0F, 0xF4, 0x7F, 0xC0, 0x00, 0xBF, 0xCB,
    0xF8, 0x00, 0x07, 0xFC, 0xFF, 0x80, 0x00, 0x3F, 0xDF, 0xF4, 0x00, 0x03, 0xFD, 0xFF, 0x40, 0x00,
    0x3F, 0xDF, 0xF8, 0x00, 0x03, 0xFC, 0xFF, 0x80, 0x00, 0x3F, 0xCB, 0xFC, 0x00, 0x07, 0xFC, 0x3F,
    0xD0, 0x00, 0xBF, 0x42, 0xFF, 0x00, 0x0F, 0xF0, 0x0F, 0xFD, 0x07, 0xFC, 0x00, 0x3F, 0xFF, 0xFF,
    0x00, 0x00, 0xBF, 0xFF, 0x80, 0x00, 0x00, 0x15, 0x00, 0x00, 0x00, 0x00, 0x0A, 0x90, 0x00, 0x00,
    0x7F, 0xFC, 0x00, 0x00, 0xF4, 0xBD, 0x00, 0x00, 0xF4, 0xFD, 0x00, 0x00, 0x03, 0xF8, 0x00, 0x07,
    0xC3, 0xE0, 0x00, 0x1F, 0xF1, 0x40, 0x00, 0x3F, 0xF8, 0x00, 0x00, 0xFD, 0x7D, 0x00, 0x01, 0xF0,
    0x1F, 0x00, 0x00, 0x40, 0x01, 0x00, 0x00, 0x00, 0x00, 0x00, 0x00, 0x7F, 0xFD, 0x00, 0x03, 0xFF,
    0xFF, 0xC0, 0x0F, 0xF4, 0x3F, 0xE0, 0x1F, 0xE0, 0x0F, 0xF0, 0x3F, 0xC0, 0x0B, 0xF8, 0x3F, 0xC0,
    0x0B, 0xF8, 0x3F, 0xC0, 0x0B, 0xF8, 0x3F, 0xC0, 0x0B, 0xF8, 0x3F, 0xD0, 0x0B, 0xF4, 0x2F, 0xE0,
    0x0F, 0xF0, 0x0F, 0xF4, 0x1F, 0xE0, 0x07, 0xFF, 0xFF, 0xC0, 0x01, 0xFF, 0xFD, 0x00, 0x00, 0x05,
    0x40, 0x00, 0x00, 0x00, 0x00, 0x00, 0x00, 0x01, 0xFD, 0x09, 0x00, 0x00, 0x3F, 0xFF, 0xD0, 0x00,
    0x0B, 0xBF, 0xFC, 0x00, 0x00, 0x10, 0x2E, 0x00, 0x00, 0x00, 0x1E, 0x00, 0x00, 0x00, 0x03, 0xFC,
    0x00, 0x00, 0x00, 0xFF, 0xE0, 0x00, 0x00, 0x3F, 0xAF, 0x80, 0x00, 0x0B, 0x80, 0x7C, 0x00, 0x00,
    0x10, 0x00, 0x40, 0x00, 0x01, 0xBF, 0xE4, 0x00, 0x01, 0xFF, 0xFF, 0xF0, 0x00, 0x7F, 0xEA, 0xFF,
    0xC0, 0x0F, 0xF0, 0x03, 0xFF, 0x03, 0xFD, 0x00, 0x0F, 0xF4, 0x7F, 0xC0, 0x00, 0xBF, 0xCB, 0xF8,
    0x00, 0x07, 0xFC, 0xFF, 0x80, 0x00, 0x3F, 0xDF, 0xF4, 0x00, 0x03, 0xFD, 0xFF, 0x40, 0x00, 0x3F,
    0xDF, 0xF8, 0x00, 0x03, 0xFC, 0xFF, 0x80, 0x00, 0x3F, 0xCB, 0xFC, 0x00, 0x07, 0xFC, 0x3F, 0xD0,
    0x00, 0xBF, 0x42, 0xFF, 0x00, 0x0F, 0xF0, 0x0F, 0xFD, 0x07, 0xFC, 0x00, 0x3F, 0xFF, 0xFF, 0x00,
    0x00, 0xBF, 0xFF, 0x80, 0x00, 0x00, 0x15, 0x00, 0x00, 0x00, 0x00, 0x00, 0x00, 0x01, 0xFD, 0x09,
    0x00, 0x0F, 0xFF, 0xF4, 0x00, 0xBB, 0xFF, 0xC0, 0x00, 0x40, 0xB8, 0x00, 0x00, 0x00, 0x00, 0x00,
    0x00, 0x7C, 0x00, 0x00, 0x07, 0xFC, 0x00, 0x00, 0x3F, 0xF8, 0x00, 0x03, 0xF5, 0xF4, 0x00, 0x1F,
    0x01, 0xF0, 0x00, 0x10, 0x00, 0x40, 0x00, 0x00, 0x00, 0x00, 0x01, 0xFF, 0xF4, 0x00, 0x3F, 0xFF,
    0xFC, 0x03, 0xFD, 0x0F, 0xF8, 0x1F, 0xE0, 0x0F, 0xF0, 0xFF, 0x00, 0x2F, 0xE3, 0xFC, 0x00, 0xBF,
    0x8F, 0xF0, 0x02, 0xFE, 0x3F, 0xC0, 0x0B, 0xF8, 0xFF, 0x40, 0x2F, 0xD2, 0xFE, 0x00, 0xFF, 0x03,
    0xFD, 0x07, 0xF8, 0x07, 0xFF, 0xFF, 0xC0, 0x07, 0xFF, 0xF4, 0x00, 0x00, 0x54, 0x00, 0x00, 0x00,
    0x01, 0xE0, 0x00, 0x00, 0x00, 0x3F, 0xC0, 0x00, 0x00, 0x0F, 0xFE, 0x00, 0x00, 0x03, 0xFA, 0xF8,
    0x00, 0x00, 0xB8, 0x07, 0xC0, 0x00, 0x01, 0x00, 0x04, 0x00, 0x00, 0x1B, 0xFE, 0x40, 0x00, 0x1F,
    0xFF, 0xFF, 0x00, 0x07, 0xFE, 0xAF, 0xFC, 0x00, 0xFF, 0x00, 0x3F, 0xF0, 0x3F, 0xD0, 0x00, 0xFF,
    0x47, 0xFC, 0x00, 0x0B, 0xFC, 0xBF, 0x80, 0x00, 0x7F, 0xCF, 0xF8, 0x00, 0x03, 0xFD, 0xFF, 0x40,
    0x00, 0x3F, 0xDF, 0xF4, 0x00, 0x03, 0xFD, 0xFF, 0x80, 0x00, 0x3F, 0xCF, 0xF8, 0x00, 0x03, 0xFC,
    0xBF, 0xC0, 0x00, 0x7F, 0xC3, 0xFD, 0x00, 0x0B, 0xF4, 0x2F, 0xF0, 0x00, 0xFF, 0x00, 0xFF, 0xD0,
    0x7F, 0xC0, 0x03, 0xFF, 0xFF, 0xF0, 0x00, 0x0B, 0xFF, 0xF8, 0x00, 0x00, 0x01, 0x50, 0x00, 0x00,
    0x00, 0x05, 0x00, 0x00, 0x00, 0x07, 0xFC, 0x00, 0x00, 0x00, 0xBF, 0xC0, 0x00, 0x00, 0x0B, 0xFC,
    0x00, 0x00, 0x00, 0x2E, 0x00, 0x00, 0x00, 0x00, 0x00, 0x00, 0x00, 0x1F, 0x00, 0x00, 0x01, 0xFF,
    0x00, 0x00, 0x0F, 0xFE, 0x00, 0x00, 0xFD, 0x7D, 0x00, 0x07, 0xC0, 0x7C, 0x00, 0x04, 0x00, 0x10,
    0x00, 0x00, 0x00, 0x00, 0x00, 0x7F, 0xFD, 0x00, 0x0F, 0xFF, 0xFF, 0x00, 0xFF, 0x43, 0xFE, 0x07,
    0xF8, 0x03, 0xFC, 0x3F, 0xC0, 0x0B, 0xF8, 0xFF, 0x00, 0x2F, 0xE3, 0xFC, 0x00, 0xBF, 0x8F, 0xF0,
    0x02, 0xFE, 0x3F, 0xD0, 0x0B, 0xF4, 0xBF, 0x80, 0x3F, 0xC0, 0xFF, 0x41, 0xFE, 0x01, 0xFF, 0xFF,
    0xF0, 0x01, 0xFF, 0xFD, 0x00, 0x00, 0x15, 0x00, 0x00, 0x00, 0x14, 0x00, 0x00, 0x07, 0xFC, 0x00,
    0x00, 0x2F, 0xF0, 0x00, 0x00, 0x7F, 0xC0, 0x00, 0x00, 0x79, 0x00, 0x00, 0x00, 0x00, 0x09, 0x00,
    0x00, 0x00, 0x00, 0x0F, 0xC0, 0x00, 0x00, 0x00, 0x0F, 0xF0, 0x00, 0x00, 0x00, 0x0F, 0xF4, 0x00,
    0x00, 0x00, 0x0F, 0x90, 0x00, 0x04, 0x00, 0x00, 0x00, 0x00, 0x0F, 0xD0, 0x00, 0xAF, 0xA0, 0x07,
    0xFC, 0x03, 0xFF, 0xFF, 0x80, 0xFF, 0x07, 0xFE, 0xAF, 0xFC, 0x0B, 0x87, 0xFC, 0x00, 0xFF, 0xC3,
    0xD3, 0xFD, 0x00, 0x0F, 0xFB, 0xE1, 0xFF, 0x00, 0x02, 0xFF, 0xE0, 0xBF, 0x80, 0x00, 0x7F, 0xD0,
    0x3F, 0xE0, 0x00, 0x0F, 0xF4, 0x0F, 0xF4, 0x00, 0x03, 0xFD, 0x03, 0xFD, 0x00, 0x00, 0xFF, 0x40,
    0xFF, 0x80, 0x00, 0x3F, 0xC0, 0x3F, 0xE0, 0x00, 0x0F, 0xF0, 0x0B, 0xFC, 0x00, 0x07, 0xFC, 0x00,
    0xFF, 0x00, 0x02, 0xFD, 0x00, 0x3F, 0xF0, 0x00, 0xFF, 0x00, 0x03, 0xFF, 0x41, 0xFF, 0x00, 0x00,
    0x3F, 0xFF, 0xFF, 0x40, 0x00, 0x02, 0xFF, 0xFE, 0x00, 0x00, 0x00, 0x01, 0x50, 0x00, 0x00, 0x00,
    0x00, 0x00, 0x00, 0x00, 0x00, 0x00, 0x07, 0x80, 0x00, 0x00, 0x00, 0xFC, 0x00, 0x00, 0x00, 0x2F,
    0xC0, 0x00, 0x00, 0x07, 0xE0, 0x0B, 0x40, 0x00, 0xF4, 0x03, 0xFC, 0x00, 0x04, 0x00, 0x3F, 0xD0,
    0x00, 0x00, 0x00, 0xBD, 0x00, 0x7F, 0xFD, 0x03, 0xC0, 0x3F, 0xFF, 0xFC, 0xF4, 0x0F, 0xF4, 0x2F,
    0xFE, 0x01, 0xFE, 0x00, 0xFF, 0x40, 0x3F, 0xC0, 0x0B, 0xF8, 0x03, 0xFC, 0x00, 0xBF, 0x80, 0x3F,
    0xC0, 0x0B, 0xF8, 0x03, 0xFC, 0x00, 0xBF, 0x80, 0x3F, 0xD0, 0x0B, 0xF4, 0x02, 0xFE, 0x00, 0xFF,
    0x00, 0x0F, 0xF4, 0x1F, 0xE0, 0x00, 0x7F, 0xFF, 0xFC, 0x00, 0x01, 0xFF, 0xFD, 0x00, 0x00, 0x00,
    0x54, 0x00, 0x00, 0x00, 0x18, 0x00, 0x00, 0x00, 0x00, 0x0F, 0xC0, 0x00, 0x00, 0x00, 0x03, 0xFD,
    0x00, 0x00, 0x00, 0x00, 0x3F, 0xD0, 0x00, 0x00, 0x00, 0x00, 0xBC, 0x00, 0x04, 0x00, 0x00, 0x00,
    0x00, 0x0F, 0xD0, 0x00, 0xAF, 0xA0, 0x07, 0xFC, 0x03, 0xFF, 0xFF, 0x80, 0xFF, 0x07, 0xFE, 0xAF,
    0xFC, 0x0B, 0x87, 0xFC, 0x00, 0xFF, 0xC3, 0xD3, 0xFD, 0x00, 0x0F, 0xFB, 0xE1, 0xFF, 0x00, 0x02,
    0xFF, 0xE0, 0xBF, 0x80, 0x00, 0x7F, 0xD0, 0x3F, 0xE0, 0x00, 0x0F, 0xF4, 0x0F, 0xF4, 0x00, 0x03,
    0xFD, 0x03, 0xFD, 0x00, 0x00, 0xFF, 0x40, 0xFF, 0x80, 0x00, 0x3F, 0xC0, 0x3F, 0xE0, 0x00, 0x0F,
    0xF0, 0x0B, 0xFC, 0x00, 0x07, 0xFC, 0x00, 0xFF, 0x00, 0x02, 0xFD, 0x00, 0x3F, 0xF0, 0x00, 0xFF,
    0x00, 0x03, 0xFF, 0x41, 0xFF, 0x00, 0x00, 0x3F, 0xFF, 0xFF, 0x40, 0x00, 0x02, 0xFF, 0xFE, 0x00,
    0x00, 0x00, 0x01, 0x50, 0x00, 0x00, 0x00, 0x00, 0x00, 0x00, 0x00, 0x00, 0x03, 0xC0, 0x00, 0x00,
    0x00, 0xBE, 0x00, 0x00, 0x00, 0x07, 0xF4, 0x00, 0x00, 0x00, 0x1F, 0xC0, 0x0B, 0x40, 0x00, 0x2E,
    0x03, 0xFC, 0x00, 0x00, 0x40, 0x3F, 0xD0, 0x00, 0x00, 0x00, 0xBD, 0x00, 0x7F, 0xFD, 0x03, 0xC0,
    0x3F, 0xFF, 0xFC, 0xF4, 0x0F, 0xF4, 0x2F, 0xFE, 0x01, 0xFE, 0x00, 0xFF, 0x40, 0x3F, 0xC0, 0x0B,
    0xF8, 0x03, 0xFC, 0x00, 0xBF, 0x80, 0x3F, 0xC0, 0x0B, 0xF8, 0x03, 0xFC, 0x00, 0xBF, 0x80, 0x3F,
    0xD0, 0x0B, 0xF4, 0x02, 0xFE, 0x00, 0xFF, 0x00, 0x0F, 0xF4, 0x1F, 0xE0, 0x00, 0x7F, 0xFF, 0xFC,
    0x00, 0x01, 0xFF, 0xFD, 0x00, 0x00, 0x00, 0x54, 0x00, 0x00, 0x00, 0x06, 0xA4, 0x00, 0x00, 0x00,
    0x0F, 0xFF, 0x80, 0x00, 0x00, 0x0B, 0xC3, 0xF0, 0x00, 0x00, 0x01, 0xF1, 0xFC, 0x00, 0x00, 0x00,
    0x01, 0xFC, 0x00, 0x00, 0x00, 0x00, 0xBC, 0x00, 0x01, 0x00, 0x00, 0x15, 0x00, 0x03, 0xF4, 0x00,
    0x2B, 0xE8, 0x01, 0xFF, 0x00, 0xFF, 0xFF, 0xE0, 0x3F, 0xC1, 0xFF, 0xAB, 0xFF, 0x02, 0xE1, 0xFF,
    0x00, 0x3F, 0xF0, 0xF4, 0xFF, 0x40, 0x03, 0xFE, 0xF8, 0x7F, 0xC0, 0x00, 0xBF, 0xF8, 0x2F, 0xE0,
    0x00, 0x1F, 0xF4, 0x0F, 0xF8, 0x00, 0x03, 0xFD, 0x03, 0xFD, 0x00, 0x00, 0xFF, 0x40, 0xFF, 0x40,
    0x00, 0x3F, 0xD0, 0x3F, 0xE0, 0x00, 0x0F, 0xF0, 0x0F, 0xF8, 0x00, 0x03, 0xFC, 0x02, 0xFF, 0x00,
    0x01, 0xFF, 0x00, 0x3F, 0xC0, 0x00, 0xBF, 0x40, 0x0F, 0xFC, 0x00, 0x3F, 0xC0, 0x00, 0xFF, 0xD0,
    0x7F, 0xC0, 0x00, 0x0F, 0xFF, 0xFF, 0xD0, 0x00, 0x00, 0xBF, 0xFF, 0x80, 0x00, 0x00, 0x00, 0x54,
    0x00, 0x00, 0x00, 0x00, 0x1B, 0xA0, 0x00, 0x00, 0x0B, 0xEF, 0xC0, 0x00, 0x00, 0xF4, 0xBC, 0x00,
    0x00, 0x0F, 0x4F, 0xC0, 0x00, 0x00, 0x03, 0xF4, 0x0B, 0x40, 0x00, 0x7D, 0x03, 0xFC, 0x00, 0x06,
    0x80, 0x3F, 0xD0, 0x00, 0x00, 0x00, 0xBD, 0x00, 0x7F, 0xFD, 0x03, 0xC0, 0x3F, 0xFF, 0xFC, 0xF4,
    0x0F, 0xF4, 0x2F, 0xFE, 0x01, 0xFE, 0x00, 0xFF, 0x40, 0x3F, 0xC0, 0x0B, 0xF8, 0x03, 0xFC, 0x00,
    0xBF, 0x80, 0x3F, 0xC0, 0x0B, 0xF8, 0x03, 0xFC, 0x00, 0xBF, 0x80, 0x3F, 0xD0, 0x0B, 0xF4, 0x02,
    0xFE, 0x00, 0xFF, 0x00, 0x0F, 0xF4, 0x1F, 0xE0, 0x00, 0x7F, 0xFF, 0xFC, 0x00, 0x01, 0xFF, 0xFD,
    0x00, 0x00, 0x00, 0x54, 0x00, 0x00, 0x00, 0x00, 0x00, 0x00, 0x00, 0x00, 0x0B, 0xE4, 0x20, 0x00,
    0x00, 0x07, 0xFF, 0xFC, 0x00, 0x00, 0x03, 0xEF, 0xFE, 0x00, 0x00, 0x00, 0x00, 0x6E, 0x00, 0x04,
    0x00, 0x00, 0x00, 0x00, 0x0F, 0xD0, 0x00, 0xAF, 0xA0, 0x07, 0xFC, 0x03, 0xFF, 0xFF, 0x80, 0xFF,
    0x07, 0xFE, 0xAF, 0xFC, 0x0B, 0x87, 0xFC, 0x00, 0xFF, 0xC3, 0xD3, 0xFD, 0x00, 0x0F, 0xFB, 0xE1,
    0xFF, 0x00, 0x02, 0xFF, 0xE0, 0xBF, 0x80, 0x00, 0x7F, 0xD0, 0x3F, 0xE0, 0x00, 0x0F, 0xF4, 0x0F,
    0xF4, 0x00, 0x03, 0xFD, 0x03, 0xFD, 0x00, 0x00, 0xFF, 0x40, 0xFF, 0x80, 0x00, 0x3F, 0xC0, 0x3F,
    0xE0, 0x00, 0x0F, 0xF0, 0x0B, 0xFC, 0x00, 0x07, 0xFC, 0x00, 0xFF, 0x00, 0x02, 0xFD, 0x00, 0x3F,
    0xF0, 0x00, 0xFF, 0x00, 0x03, 0xFF, 0x41, 0xFF, 0x00, 0x00, 0x3F, 0xFF, 0xFF, 0x40, 0x00, 0x02,
    0xFF, 0xFE, 0x00, 0x00, 0x00, 0x01, 0x50, 0x00, 0x00, 0x00, 0x00, 0x00, 0x00, 0x00, 0x00, 0x07,
    0xF4, 0x20, 0x00, 0x01, 0xFF, 0xFF, 0x00, 0x00, 0x2E, 0xFF, 0xE0, 0xB4, 0x00, 0x41, 0xB8, 0x3F,
    0xC0, 0x00, 0x00, 0x03, 0xFD, 0x00, 0x00, 0x00, 0x0B, 0xD0, 0x07, 0xFF, 0xD0, 0x3C, 0x03, 0xFF,
    0xFF, 0xCF, 0x40, 0xFF, 0x42, 0xFF, 0xE0, 0x1F, 0xE0, 0x0F, 0xF4, 0x03, 0xFC, 0x00, 0xBF, 0x80,
    0x3F, 0xC0, 0x0B, 0xF8, 0x03, 0xFC, 0x00, 0xBF, 0x80, 0x3F, 0xC0, 0x0B, 0xF8, 0x03, 0xFD, 0x00,
    0xBF, 0x40, 0x2F, 0xE0, 0x0F, 0xF0, 0x00, 0xFF, 0x41, 0xFE, 0x00, 0x07, 0xFF, 0xFF, 0xC0, 0x00,
    0x1F, 0xFF, 0xD0, 0x00, 0x00, 0x05, 0x40, 0x00, 0x00, 0x00, 0x00, 0x00, 0x00, 0x04, 0x00, 0x00,
    0x00, 0x00, 0x0F, 0xD0, 0x00, 0xAF, 0xA0, 0x07, 0xFC, 0x03, 0xFF, 0xFF, 0x80, 0xFF, 0x07, 0xFE,
    0xAF, 0xFC, 0x0B, 0x87, 0xFC, 0x00, 0xFF, 0xC3, 0xD3, 0xFD, 0x00, 0x0F, 0xFB, 0xE1, 0xFF, 0x00,
    0x02, 0xFF, 0xE0, 0xBF, 0x80, 0x00, 0x7F, 0xD0, 0x3F, 0xE0, 0x00, 0x0F, 0xF4, 0x0F, 0xF4, 0x00,
    0x03, 0xFD, 0x03, 0xFD, 0x00, 0x00, 0xFF, 0x40, 0xFF, 0x80, 0x00, 0x3F, 0xC0, 0x3F, 0xE0, 0x00,
    0x0F, 0xF0, 0x0B, 0xFC, 0x00, 0x07, 0xFC, 0x00, 0xFF, 0x00, 0x02, 0xFD, 0x00, 0x3F, 0xF0, 0x00,
    0xFF, 0x00, 0x03, 0xFF, 0x41, 0xFF, 0x00, 0x00, 0x3F, 0xFF, 0xFF, 0x40, 0x00, 0x02, 0xFF, 0xFE,
    0x00, 0x00, 0x00, 0x01, 0x50, 0x00, 0x00, 0x00, 0x00, 0x14, 0x00, 0x00, 0x00, 0x00, 0x7F, 0xC0,
    0x00, 0x00, 0x00, 0x2F, 0xF0, 0x00, 0x00, 0x00, 0x0B, 0xFC, 0x00, 0x00, 0x00, 0x00, 0xB8, 0x00,
    0x00, 0x00, 0x00, 0x00, 0x00, 0x0B, 0x40, 0x00, 0x00, 0x03, 0xFC, 0x00, 0x00, 0x00, 0x3F, 0xD0,
    0x00, 0x00, 0x00, 0xBD, 0x00, 0x7F, 0xFD, 0x03, 0xC0, 0x3F, 0xFF, 0xFC, 0xF4, 0x0F, 0xF4, 0x2F,
    0xFE, 0x01, 0xFE, 0x00, 0xFF, 0x40, 0x3F, 0xC0, 0x0B, 0xF8, 0x03, 0xFC, 0x00, 0xBF, 0x80, 0x3F,
    0xC0, 0x0B, 0xF8, 0x03, 0xFC, 0x00, 0xBF, 0x80, 0x3F, 0xD0, 0x0B, 0xF4, 0x02, 0xFE, 0x00, 0xFF,
    0x00, 0x0F, 0xF4, 0x1F, 0xE0, 0x00, 0x7F, 0xFF, 0xFC, 0x00, 0x01, 0xFF, 0xFD, 0x00, 0x00, 0x00,
    0x54, 0x00, 0x00, 0x00, 0x01, 0x40, 0x00, 0x00, 0x00, 0xFF, 0x00, 0x00, 0x00, 0x2F, 0xF4, 0x00,
    0x00, 0x01, 0xFF, 0x00, 0x00, 0x00, 0x07, 0x90, 0x00, 0x00, 0x2A, 0xAA, 0x40, 0x2A, 0xA4, 0xFF,
    0xFF, 0x01, 0xFF, 0xF1, 0xBF, 0xE4, 0x01, 0xFE, 0x00, 0xFF, 0x00, 0x02, 0xF0, 0x03, 0xFC, 0x00,
    0x0B, 0xC0, 0x0F, 0xF0, 0x00, 0x2F, 0x00, 0x3F, 0xC0, 0x00, 0xBC, 0x00, 0xFF, 0x00, 0x02, 0xF0,
    0x03, 0xFC, 0x00, 0x0B, 0xC0, 0x0F, 0xF0, 0x00, 0x2F, 0x00, 0x3F, 0xC0, 0x00, 0xBC, 0x00, 0xFF,
    0x00, 0x02, 0xF0, 0x03, 0xFC, 0x00, 0x0B, 0xC0, 0x0F, 0xF0, 0x00, 0x3E, 0x00, 0x3F, 0xE0, 0x01,
    0xF4, 0x00, 0x7F, 0xF5, 0x6F, 0xC0, 0x00, 0xBF, 0xFF, 0xFC, 0x00, 0x00, 0x7F, 0xFF, 0x80, 0x00,
    0x00, 0x05, 0x40, 0x00, 0x00, 0x00, 0x05, 0x00, 0x00, 0x00, 0x00, 0xFF, 0x00, 0x00, 0x00, 0x0B,
    0xFD, 0x00, 0x00, 0x00, 0x1F, 0xF0, 0x00, 0x00, 0x00, 0x1E, 0x40, 0x00, 0x2F, 0xF0, 0x2F, 0xF4,
    0x1F, 0xFD, 0x0F, 0xFD, 0x01, 0xFF, 0x41, 0xFF, 0x40, 0x2F, 0xD0, 0x2F, 0xD0, 0x0B, 0xF4, 0x0B,
    0xF4, 0x02, 0xFD, 0x02, 0xFD, 0x00, 0xBF, 0x40, 0xBF, 0x40, 0x2F, 0xD0, 0x2F, 0xD0, 0x0B, 0xF4,
    0x0B, 0xF4, 0x02, 0xFD, 0x03, 0xFD, 0x00, 0xBF, 0xD7, 0xFF, 0x80, 0x0F, 0xFF, 0xDF, 0xFC, 0x01,
    0xFF, 0xD3, 0xFF, 0x40, 0x05, 0x00, 0x00, 0x00, 0x00, 0x15, 0x00, 0x00, 0x00, 0x2F, 0xE0, 0x00,
    0x00, 0x0F, 0xFC, 0x00, 0x00, 0x02, 0xFF, 0x00, 0x00, 0x00, 0x2E, 0x00, 0x00, 0x00, 0x00, 0x6A,
    0x00, 0x00, 0x00, 0x0F, 0xFF, 0x40, 0x00, 0x00, 0xBC, 0x3F, 0x00, 0x00, 0x01, 0xF1, 0xF8, 0x00,
    0x00, 0x00, 0x1F, 0xC0, 0x00, 0x00, 0x00, 0xFC, 0x00, 0x00, 0x00, 0x01, 0x50, 0x00, 0x0A, 0xAA,
    0x90, 0x0A, 0xA9, 0x3F, 0xFF, 0xC0, 0x7F, 0xFC, 0x6F, 0xF9, 0x00, 0x7F, 0x80, 0x3F, 0xC0, 0x00,
    0xBC, 0x00, 0xFF, 0x00, 0x02, 0xF0, 0x03, 0xFC, 0x00, 0x0B, 0xC0, 0x0F, 0xF0, 0x00, 0x2F, 0x00,
    0x3F, 0xC0, 0x00, 0xBC, 0x00, 0xFF, 0x00, 0x02, 0xF0, 0x03, 0xFC, 0x00, 0x0B, 0xC0, 0x0F, 0xF0,
    0x00, 0x2F, 0x00, 0x3F, 0xC0, 0x00, 0xBC, 0x00, 0xFF, 0x00, 0x02, 0xF0, 0x03, 0xFC, 0x00, 0x0F,
    0x80, 0x0F, 0xF8, 0x00, 0x7D, 0x00, 0x1F, 0xFD, 0x5B, 0xF0, 0x00, 0x2F, 0xFF, 0xFF, 0x00, 0x00,
    0x1F, 0xFF, 0xE0, 0x00, 0x00, 0x01, 0x50, 0x00, 0x00, 0x00, 0x1B, 0xA0, 0x00, 0x00, 0x2F, 0xBF,
    0x00, 0x00, 0x0F, 0x87, 0xD0, 0x00, 0x02, 0xD3, 0xF0, 0x00, 0x00, 0x03, 0xF8, 0x00, 0x00, 0x00,
    0xF8, 0x00, 0x00, 0x00, 0x28, 0x00, 0x00, 0x00, 0x00, 0x00, 0x00, 0x2F, 0xF0, 0x2F, 0xF4, 0x1F,
    0xFD, 0x0F, 0xFD, 0x01, 0xFF, 0x41, 0xFF, 0x40, 0x2F, 0xD0, 0x2F, 0xD0, 0x0B, 0xF4, 0x0B, 0xF4,
    0x02, 0xFD, 0x02, 0xFD, 0x00, 0xBF, 0x40, 0xBF, 0x40, 0x2F, 0xD0, 0x2F, 0xD0, 0x0B, 0xF4, 0x0B,
    0xF4, 0x02, 0xFD, 0x03, 0xFD, 0x00, 0xBF, 0xD7, 0xFF, 0x80, 0x0F, 0xFF, 0xDF, 0xFC, 0x01, 0xFF,
    0xD3, 0xFF, 0x40, 0x05, 0x00, 0x00, 0x00, 0x00, 0x00, 0x00, 0x90, 0x00, 0x00, 0x00, 0x00, 0x0F,
    0xC0, 0x00, 0x00, 0x00, 0x00, 0xFF, 0x00, 0x00, 0x00, 0x00, 0x0F, 0xF4, 0x00, 0x00, 0x00, 0x00,
    0xF9, 0x00, 0x00, 0x00, 0x00, 0x00, 0x00, 0x00, 0x2F, 0x82, 0xAA, 0xA4, 0x02, 0xA4, 0xFF, 0x0F,
    0xFF, 0xF0, 0x1F, 0xF2, 0xFD, 0x1B, 0xFE, 0x40, 0x1F, 0xC0, 0xF0, 0x0F, 0xF0, 0x00, 0x2F, 0x07,
    0xC0, 0x3F, 0xC0, 0x00, 0xBC, 0xBC, 0x00, 0xFF, 0x00, 0x02, 0xFF, 0xC0, 0x03, 0xFC, 0x00, 0x0B,
    0xE4, 0x00, 0x0F, 0xF0, 0x00, 0x2F, 0x00, 0x00, 0x3F, 0xC0, 0x00, 0xBC, 0x00, 0x00, 0xFF, 0x00,
    0x02, 0xF0, 0x00, 0x03, 0xFC, 0x00, 0x0B, 0xC0, 0x00, 0x0F, 0xF0, 0x00, 0x2F, 0x00, 0x00, 0x3F,
    0xC0, 0x00, 0xBC, 0x00, 0x00, 0xFF, 0x00, 0x03, 0xE0, 0x00, 0x03, 0xFE, 0x00, 0x1F, 0x40, 0x00,
    0x07, 0xFF, 0x56, 0xFC, 0x00, 0x00, 0x0B, 0xFF, 0xFF, 0xC0, 0x00, 0x00, 0x07, 0xFF, 0xF8, 0x00,
    0x00, 0x00, 0x00, 0x54, 0x00, 0x00, 0x00, 0x00, 0x00, 0x00, 0x00, 0x00, 0x00, 0x00, 0x3C, 0x00,
    0x00, 0x00, 0x00, 0xBE, 0x00, 0x00, 0x00, 0x01, 0xFD, 0x00, 0x00, 0x00, 0x03, 0xF0, 0x00, 0xB4,
    0x00, 0x0B, 0x80, 0x02, 0xFC, 0x00, 0x00, 0x00, 0x03, 0xFD, 0x00, 0x00, 0x00, 0x00, 0xBD, 0x2F,
    0xF0, 0x2F, 0xF4, 0x3C, 0x7F, 0xF4, 0x3F, 0xF4, 0xB8, 0x1F, 0xF4, 0x1F, 0xFF, 0xE0, 0x0B, 0xF4,
    0x0B, 0xFF, 0x40, 0x0B, 0xF4, 0x0B, 0xF4, 0x00, 0x0B, 0xF4, 0x0B, 0xF4, 0x00, 0x0B, 0xF4, 0x0B,
    0xF4, 0x00, 0x0B, 0xF4, 0x0B, 0xF4, 0x00, 0x0B, 0xF4, 0x0B, 0xF4, 0x00, 0x0B, 0xF4, 0x0F, 0xF4,
    0x00, 0x0B, 0xFD, 0x7F, 0xF8, 0x00, 0x03, 0xFF, 0xF7, 0xFF, 0x00, 0x01, 0xFF, 0xD3, 0xFF, 0x40,
    0x00, 0x14, 0x00, 0x00, 0x00, 0x00, 0x01, 0x80, 0x00, 0x00, 0x00, 0x00, 0x0F, 0xC0, 0x00, 0x00,
    0x00, 0x00, 0x3F, 0xD0, 0x00, 0x00, 0x00, 0x00, 0x7F, 0xD0, 0x00, 0x00, 0x00, 0x00, 0x0B, 0xC0,
    0x00, 0x00, 0x00, 0x00, 0x00, 0x00, 0x2F, 0x82, 0xAA, 0xA4, 0x02, 0xA4, 0xFF, 0x0F, 0xFF, 0xF0,
    0x1F, 0xF2, 0xFD, 0x1B, 0xFE, 0x40, 0x1F, 0xC0, 0xF0, 0x0F, 0xF0, 0x00, 0x2F, 0x07, 0xC0, 0x3F,
    0xC0, 0x00, 0xBC, 0xBC, 0x00, 0xFF, 0x00, 0x02, 0xFF, 0xC0, 0x03, 0xFC, 0x00, 0x0B, 0xE4, 0x00,
    0x0F, 0xF0, 0x00, 0x2F, 0x00, 0x00, 0x3F, 0xC0, 0x00, 0xBC, 0x00, 0x00, 0xFF, 0x00, 0x02, 0xF0,
    0x00, 0x03, 0xFC, 0x00, 0x0B, 0xC0, 0x00, 0x0F, 0xF0, 0x00, 0x2F, 0x00, 0x00, 0x3F, 0xC0, 0x00,
    0xBC, 0x00, 0x00, 0xFF, 0x00, 0x03, 0xE0, 0x00, 0x03, 0xFE, 0x00, 0x1F, 0x40, 0x00, 0x07, 0xFF,
    0x56, 0xFC, 0x00, 0x00, 0x0B, 0xFF, 0xFF, 0xC0, 0x00, 0x00, 0x07, 0xFF, 0xF8, 0x00, 0x00, 0x00,
    0x00, 0x54, 0x00, 0x00, 0x00, 0x00, 0x00, 0x00, 0x00, 0x00, 0x00, 0x3C, 0x00, 0x00, 0x00, 0x00,
    0x7F, 0x00, 0x00, 0x00, 0x00, 0x3F, 0x80, 0x00, 0x00, 0x00, 0x0F, 0xD0, 0x00, 0xB4, 0x00, 0x01,
    0xF0, 0x02, 0xFC, 0x00, 0x00, 0x10, 0x03, 0xFD, 0x00, 0x00, 0x00, 0x00, 0xBD, 0x2F, 0xF0, 0x2F,
    0xF4, 0x3C, 0x7F, 0xF4, 0x3F, 0xF4, 0xB8, 0x1F, 0xF4, 0x1F, 0xFF, 0xE0, 0x0B, 0xF4, 0x0B, 0xFF,
    0x40, 0x0B, 0xF4, 0x0B, 0xF4, 0x00, 0x0B, 0xF4, 0x0B, 0xF4, 0x00, 0x0B, 0xF4, 0x0B, 0xF4, 0x00,
    0x0B, 0xF4, 0x0B, 0xF4, 0x00, 0x0B, 0xF4, 0x0B, 0xF4, 0x00, 0x0B, 0xF4, 0x0F, 0xF4, 0x00, 0x0B,
    0xFD, 0x7F, 0xF8, 0x00, 0x03, 0xFF, 0xF7, 0xFF, 0x00, 0x01, 0xFF, 0xD3, 0xFF, 0x40, 0x00, 0x14,
    0x00, 0x00, 0x00, 0x00, 0x00, 0x6A, 0x40, 0x00, 0x00, 0x00, 0x0F, 0xFF, 0x80, 0x00, 0x00, 0x00,
    0xBC, 0x3F, 0x00, 0x00, 0x00, 0x01, 0xF1, 0xFC, 0x00, 0x00, 0x00, 0x00, 0x1F, 0xC0, 0x00, 0x00,
    0x00, 0x00, 0xBC, 0x00, 0x00, 0x00, 0x00, 0x01, 0x50, 0x00, 0xBE, 0x0A, 0xAA, 0x90, 0x0A, 0x93,
    0xFC, 0x3F, 0xFF, 0xC0, 0x7F, 0xCB, 0xF4, 0x6F, 0xF9, 0x00, 0x7F, 0x03, 0xC0, 0x3F, 0xC0, 0x00,
    0xBC, 0x1F, 0x00, 0xFF, 0x00, 0x02, 0xF2, 0xF0, 0x03, 0xFC, 0x00, 0x0B, 0xFF, 0x00, 0x0F, 0xF0,
    0x00, 0x2F, 0x90, 0x00, 0x3F, 0xC0, 0x00, 0xBC, 0x00, 0x00, 0xFF, 0x00, 0x02, 0xF0, 0x00, 0x03,
    0xFC, 0x00, 0x0B, 0xC0, 0x00, 0x0F, 0xF0, 0x00, 0x2F, 0x00, 0x00, 0x3F, 0xC0, 0x00, 0xBC, 0x00,
    0x00, 0xFF, 0x00, 0x02, 0xF0, 0x00, 0x03, 0xFC, 0x00, 0x0F, 0x80, 0x00, 0x0F, 0xF8, 0x00, 0x7D,
    0x00, 0x00, 0x1F, 0xFD, 0x5B, 0xF0, 0x00, 0x00, 0x2F, 0xFF, 0xFF, 0x00, 0x00, 0x00, 0x1F, 0xFF,
    0xE0, 0x00, 0x00, 0x00, 0x01, 0x50, 0x00, 0x00, 0x00, 0x00, 0x0B, 0xA0, 0x00, 0x00, 0x00, 0x7E,
    0xFC, 0x00, 0x00, 0x00, 0xF8, 0x7E, 0x00, 0x00, 0x00, 0xB4, 0xBD, 0x00, 0x00, 0x00, 0x03, 0xF8,
    0x00, 0xB4, 0x00, 0x03, 0xE0, 0x02, 0xFC, 0x00, 0x02, 0x90, 0x03, 0xFD, 0x00, 0x00, 0x00, 0x00,
    0xBD, 0x2F, 0xF0, 0x2F, 0xF4, 0x3C, 0x7F, 0xF4, 0x3F, 0xF4, 0xB8, 0x1F, 0xF4, 0x1F, 0xFF, 0xE0,
    0x0B, 0xF4, 0x0B, 0xFF, 0x40, 0x0B, 0xF4, 0x0B, 0xF4, 0x00, 0x0B, 0xF4, 0x0B, 0xF4, 0x00, 0x0B,
    0xF4, 0x0B, 0xF4, 0x00, 0x0B, 0xF4, 0x0B, 0xF4, 0x00, 0x0B, 0xF4, 0x0B, 0xF4, 0x00, 0x0B, 0xF4,
    0x0F, 0xF4, 0x00, 0x0B, 0xFD, 0x7F, 0xF8, 0x00, 0x03, 0xFF, 0xF7, 0xFF, 0x00, 0x01, 0xFF, 0xD3,
    0xFF, 0x40, 0x00, 0x14, 0x00, 0x00, 0x00, 0x00, 0x00, 0x00, 0x00, 0x00, 0x00, 0x00, 0x0B, 0xE4,
    0x20, 0x00, 0x00, 0x00, 0xBF, 0xFF, 0xC0, 0x00, 0x00, 0x03, 0xEF, 0xFD, 0x00, 0x00, 0x00, 0x00,
    0x06, 0xE0, 0x00, 0x00, 0x00, 0x00, 0x00, 0x00, 0x2F, 0x82, 0xAA, 0xA4, 0x02, 0xA4, 0xFF, 0x0F,
    0xFF, 0xF0, 0x1F, 0xF2, 0xFD, 0x1B, 0xFE, 0x40, 0x1F, 0xC0, 0xF0, 0x0F, 0xF0, 0x00, 0x2F, 0x07,
    0xC0, 0x3F, 0xC0, 0x00, 0xBC, 0xBC, 0x00, 0xFF, 0x00, 0x02, 0xFF, 0xC0, 0x03, 0xFC, 0x00, 0x0B,
    0xE4, 0x00, 0x0F, 0xF0, 0x00, 0x2F, 0x00, 0x00, 0x3F, 0xC0, 0x00, 0xBC, 0x00, 0x00, 0xFF, 0x00,
    0x02, 0xF0, 0x00, 0x03, 0xFC, 0x00, 0x0B, 0xC0, 0x00, 0x0F, 0xF0, 0x00, 0x2F, 0x00, 0x00, 0x3F,
    0xC0, 0x00, 0xBC, 0x00, 0x00, 0xFF, 0x00, 0x03, 0xE0, 0x00, 0x03, 0xFE, 0x00, 0x1F, 0x40, 0x00,
    0x07, 0xFF, 0x56, 0xFC, 0x00, 0x00, 0x0B, 0xFF, 0xFF, 0xC0, 0x00, 0x00, 0x07, 0xFF, 0xF8, 0x00,
    0x00, 0x00, 0x00, 0x54, 0x00, 0x00, 0x00, 0x00, 0x00, 0x00, 0x00, 0x00, 0x00, 0x7F, 0x42, 0x40,
    0x00, 0x00, 0xFF, 0xFF, 0x40, 0x00, 0x01, 0xEF, 0xFF, 0x00, 0xB4, 0x00, 0x40, 0xBC, 0x02, 0xFC,
    0x00, 0x00, 0x00, 0x03, 0xFD, 0x00, 0x00, 0x00, 0x00, 0xBD, 0x2F, 0xF0, 0x2F, 0xF4, 0x3C, 0x7F,
    0xF4, 0x3F, 0xF4, 0xB8, 0x1F, 0xF4, 0x1F, 0xFF, 0xE0, 0x0B, 0xF4, 0x0B, 0xFF, 0x40, 0x0B, 0xF4,
    0x0B, 0xF4, 0x00, 0x0B, 0xF4, 0x0B, 0xF4, 0x00, 0x0B, 0xF4, 0x0B, 0xF4, 0x00, 0x0B, 0xF4, 0x0B,
    0xF4, 0x00, 0x0B, 0xF4, 0x0B, 0xF4, 0x00, 0x0B, 0xF4, 0x0F, 0xF4, 0x00, 0x0B, 0xFD, 0x7F, 0xF8,
    0x00, 0x03, 0xFF, 0xF7, 0xFF, 0x00, 0x01, 0xFF, 0xD3, 0xFF, 0x40, 0x00, 0x14, 0x00, 0x00, 0x00,
    0x00, 0x00, 0x00, 0x00, 0x00, 0x00, 0x00, 0x00, 0x00, 0x00, 0x2F, 0x82, 0xAA, 0xA4, 0x02, 0xA4,
    0xFF, 0x0F, 0xFF, 0xF0, 0x1F, 0xF2, 0xFD, 0x1B, 0xFE, 0x40, 0x1F, 0xC0, 0xF0, 0x0F, 0xF0, 0x00,
    0x2F, 0x07, 0xC0, 0x3F, 0xC0, 0x00, 0xBC, 0xBC, 0x00, 0xFF, 0x00, 0x02, 0xFF, 0xC0, 0x03, 0xFC,
    0x00, 0x0B, 0xE4, 0x00, 0x0F, 0xF0, 0x00, 0x2F, 0x00, 0x00, 0x3F, 0xC0, 0x00, 0xBC, 0x00, 0x00,
    0xFF, 0x00, 0x02, 0xF0, 0x00, 0x03, 0xFC, 0x00, 0x0B, 0xC0, 0x00, 0x0F, 0xF0, 0x00, 0x2F, 0x00,
    0x00, 0x3F, 0xC0, 0x00, 0xBC, 0x00, 0x00, 0xFF, 0x00, 0x03, 0xE0, 0x00, 0x03, 0xFE, 0x00, 0x1F,
    0x40, 0x00, 0x07, 0xFF, 0x56, 0xFC, 0x00, 0x00, 0x0B, 0xFF, 0xFF, 0xC0, 0x00, 0x00, 0x07, 0xFF,
    0xF8, 0x00, 0x00, 0x00, 0x00, 0x54, 0x00, 0x00, 0x00, 0x00, 0x00, 0x50, 0x00, 0x00, 0x00, 0x00,
    0x0F, 0xF4, 0x00, 0x00, 0x00, 0x00, 0x3F, 0xE0, 0x00, 0x00, 0x00, 0x00, 0xFF, 0x40, 0x00, 0x00,
    0x00, 0x00, 0xB8, 0x00, 0x00, 0x00, 0x00, 0x00, 0x00, 0x00, 0xB4, 0x00, 0x00, 0x00, 0x02, 0xFC,
    0x00, 0x00, 0x00, 0x03, 0xFD, 0x00, 0x00, 0x00, 0x00, 0xBD, 0x2F, 0xF0, 0x2F, 0xF4, 0x3C, 0x7F,
    0xF4, 0x3F, 0xF4, 0xB8, 0x1F, 0xF4, 0x1F, 0xFF, 0xE0, 0x0B, 0xF4, 0x0B, 0xFF, 0x40, 0x0B, 0xF4,
    0x0B, 0xF4, 0x00, 0x0B, 0xF4, 0x0B, 0xF4, 0x00, 0x0B, 0xF4, 0x0B, 0xF4, 0x00, 0x0B, 0xF4, 0x0B,
    0xF4, 0x00, 0x0B, 0xF4, 0x0B, 0xF4, 0x00, 0x0B, 0xF4, 0x0F, 0xF4, 0x00, 0x0B, 0xFD, 0x7F, 0xF8,
    0x00, 0x03, 0xFF, 0xF7, 0xFF, 0x00, 0x01, 0xFF, 0xD3, 0xFF, 0x40, 0x00, 0x14, 0x00, 0x00, 0x00,
    0x00, 0x01, 0x40, 0x00, 0x00, 0x00, 0x0F, 0xF4, 0x00, 0x00, 0x00, 0x0F, 0xF8, 0x00, 0x00, 0x00,
    0x0F, 0xF4, 0x00, 0x00, 0x00, 0x06, 0xD0, 0x00, 0x00, 0x00, 0x02, 0x40, 0x00, 0x00, 0x00, 0x2F,
    0x80, 0x00, 0x00, 0x00, 0xBF, 0x80, 0x00, 0x00, 0x00, 0xBF, 0x80, 0x00, 0x00, 0x00, 0x1F, 0x40,
    0x00, 0x00, 0x00, 0x04, 0x00, 0x06, 0xAA, 0xA4, 0x1A, 0xAA, 0x3F, 0xFF, 0xE0, 0xBF, 0xFD, 0x6F,
    0xFD, 0x00, 0x7F, 0xD0, 0x1F, 0xF0, 0x00, 0xFC, 0x00, 0x3F, 0xE0, 0x07, 0xD0, 0x00, 0x3F, 0xC0,
    0x3F, 0x00, 0x00, 0xBF, 0x81, 0xF0, 0x00, 0x00, 0xFF, 0x4F, 0x80, 0x00, 0x01, 0xFF, 0xBC, 0x00,
    0x00, 0x03, 0xFF, 0xD0, 0x00, 0x00, 0x03, 0xFF, 0x00, 0x00, 0x00, 0x0F, 0xF4, 0x00, 0x00, 0x00,
    0x3F, 0xD0, 0x00, 0x00, 0x00, 0xFF, 0x40, 0x00, 0x00, 0x03, 0xFD, 0x00, 0x00, 0x00, 0x0F, 0xF4,
    0x00, 0x00, 0x03, 0xFF, 0xFE, 0x00, 0x00, 0x0F, 0xFF, 0xF8, 0x00, 0x00, 0x00, 0x00, 0x00, 0x00,
    0x2D, 0x00, 0x00, 0x00, 0x3F, 0x00, 0x00, 0x00, 0x3F, 0x80, 0x00, 0x00, 0x0B, 0xD0, 0x00, 0x00,
    0x01, 0xF0, 0x00, 0x00, 0x00, 0x10, 0x00, 0x00, 0x00, 0x00, 0x00, 0x7F, 0xFE, 0x0F, 0xFC, 0xBF,
    0xFE, 0x1F, 0xFC, 0x1F, 0xF4, 0x03, 0xE0, 0x0F, 0xF4, 0x03, 0xC0, 0x07, 0xF8, 0x07, 0x80, 0x03,
    0xFC, 0x0F, 0x40, 0x01, 0xFE, 0x0F, 0x00, 0x00, 0xFF, 0x2D, 0x00, 0x00, 0xBF, 0x7C, 0x00, 0x00,
    0x3F, 0xF8, 0x00, 0x00, 0x2F, 0xF0, 0x00, 0x00, 0x0F, 0xF0, 0x00, 0x00, 0x0F, 0xD0, 0x00, 0x00,
    0x0B, 0xC0, 0x00, 0x28, 0x0F, 0x80, 0x00, 0xBE, 0x1F, 0x00, 0x00, 0xBD, 0x3D, 0x00, 0x00, 0x7F,
    0xF8, 0x00, 0x00, 0x1A, 0x90, 0x00, 0x00, 0x6A, 0xAA, 0x41, 0xAA, 0xA3, 0xFF, 0xFE, 0x0B, 0xFF,
    0xD6, 0xFF, 0xD0, 0x07, 0xFD, 0x01, 0xFF, 0x00, 0x0F, 0xC0, 0x03, 0xFE, 0x00, 0x7D, 0x00, 0x03,
    0xFC, 0x03, 0xF0, 0x00, 0x0B, 0xF8, 0x1F, 0x00, 0x00, 0x0F, 0xF4, 0xF8, 0x00, 0x00, 0x1F, 0xFB,
    0xC0, 0x00, 0x00, 0x3F, 0xFD, 0x00, 0x00, 0x00, 0x3F, 0xF0, 0x00, 0x00, 0x00, 0xFF, 0x40, 0x00,
    0x00, 0x03, 0xFD, 0x00, 0x00, 0x00, 0x0F, 0xF4, 0x00, 0x00, 0x00, 0x3F, 0xD0, 0x00, 0x00, 0x00,
    0xFF, 0x40, 0x00, 0x00, 0x3F, 0xFF, 0xE0, 0x00, 0x00, 0xFF, 0xFF, 0x80, 0x00, 0x00, 0x00, 0x00,
    0x00, 0x00, 0x00, 0x14, 0x00, 0x00, 0x00, 0x03, 0xFD, 0x00, 0x00, 0x00, 0x0F, 0xF8, 0x00, 0x00,
    0x00, 0x3F, 0xD0, 0x00, 0x00, 0x00, 0x2E, 0x00, 0x00, 0x7F, 0xFE, 0x0F, 0xFC, 0xBF, 0xFE, 0x1F,
    0xFC, 0x1F, 0xF4, 0x03, 0xE0, 0x0F, 0xF4, 0x03, 0xC0, 0x07, 0xF8, 0x07, 0x80, 0x03, 0xFC, 0x0F,
    0x40, 0x01, 0xFE, 0x0F, 0x00, 0x00, 0xFF, 0x2D, 0x00, 0x00, 0xBF, 0x7C, 0x00, 0x00, 0x3F, 0xF8,
    0x00, 0x00, 0x2F, 0xF0, 0x00, 0x00, 0x0F, 0xF0, 0x00, 0x00, 0x0F, 0xD0, 0x00, 0x00, 0x0B, 0xC0,
    0x00, 0x28, 0x0F, 0x94, 0x00, 0xBE, 0x1F, 0xFF, 0x40, 0xBD, 0x3E, 0xFF, 0x80, 0x7F, 0xF8, 0xFF,
    0x40, 0x1A, 0x90, 0x6D, 0x00, 0x00, 0x01, 0xA9, 0x00, 0x00, 0x00, 0x2F, 0xFF, 0x00, 0x00, 0x00,
    0xF4, 0xBC, 0x00, 0x00, 0x03, 0xD3, 0xF0, 0x00, 0x00, 0x00, 0x3F, 0x40, 0x00, 0x00, 0x01, 0xF4,
    0x00, 0x00, 0x00, 0x01, 0x40, 0x00, 0x1A, 0xAA, 0x90, 0x6A, 0xA8, 0xFF, 0xFF, 0x82, 0xFF, 0xF5,
    0xBF, 0xF4, 0x01, 0xFF, 0x40, 0x7F, 0xC0, 0x03, 0xF0, 0x00, 0xFF, 0x80, 0x1F, 0x40, 0x00, 0xFF,
    0x00, 0xFC, 0x00, 0x02, 0xFE, 0x07, 0xC0, 0x00, 0x03, 0xFD, 0x3E, 0x00, 0x00, 0x07, 0xFE, 0xF0,
    0x00, 0x00, 0x0F, 0xFF, 0x40, 0x00, 0x00, 0x0F, 0xFC, 0x00, 0x00, 0x00, 0x3F, 0xD0, 0x00, 0x00,
    0x00, 0xFF, 0x40, 0x00, 0x00, 0x03, 0xFD, 0x00, 0x00, 0x00, 0x0F, 0xF4, 0x00, 0x00, 0x00, 0x3F,
    0xD0, 0x00, 0x00, 0x0F, 0xFF, 0xF8, 0x00, 0x00, 0x3F, 0xFF, 0xE0, 0x00, 0x00, 0x0B, 0xE4, 0x00,
    0x00, 0x7E, 0xFD, 0x00, 0x00, 0xF8, 0x7E, 0x00, 0x00, 0x78, 0xBD, 0x00, 0x00, 0x02, 0xF8, 0x00,
    0x00, 0x03, 0xF0, 0x00, 0x00, 0x02, 0x90, 0x00, 0x00, 0x00, 0x00, 0x00, 0x7F, 0xFE, 0x0F, 0xFC,
    0xBF, 0xFE, 0x1F, 0xFC, 0x1F, 0xF4, 0x03, 0xE0, 0x0F, 0xF4, 0x03, 0xC0, 0x07, 0xF8, 0x07, 0x80,
    0x03, 0xFC, 0x0F, 0x40, 0x01, 0xFE, 0x0F, 0x00, 0x00, 0xFF, 0x2D, 0x00, 0x00, 0xBF, 0x7C, 0x00,
    0x00, 0x3F, 0xF8, 0x00, 0x00, 0x2F, 0xF0, 0x00, 0x00, 0x0F, 0xF0, 0x00, 0x00, 0x0F, 0xD0, 0x00,
    0x00, 0x0B, 0xC0, 0x00, 0x28, 0x0F, 0x80, 0x00, 0xBE, 0x1F, 0x00, 0x00, 0xBD, 0x3D, 0x00, 0x00,
    0x7F, 0xF8, 0x00, 0x00, 0x1A, 0x90, 0x00, 0x00, 0x00, 0x00, 0x00, 0x00, 0x00, 0x00, 0x1F, 0xD0,
    0x90, 0x00, 0x00, 0xFF, 0xFF, 0x40, 0x00, 0x0B, 0xBF, 0xFC, 0x00, 0x00, 0x04, 0x0B, 0x80, 0x00,
    0x00, 0x00, 0x00, 0x00, 0x06, 0xAA, 0xA4, 0x1A, 0xAA, 0x3F, 0xFF, 0xE0, 0xBF, 0xFD, 0x6F, 0xFD,
    0x00, 0x7F, 0xD0, 0x1F, 0xF0, 0x00, 0xFC, 0x00, 0x3F, 0xE0, 0x07, 0xD0, 0x00, 0x3F, 0xC0, 0x3F,
    0x00, 0x00, 0xBF, 0x81, 0xF0, 0x00, 0x00, 0xFF, 0x4F, 0x80, 0x00, 0x01, 0xFF, 0xBC, 0x00, 0x00,
    0x03, 0xFF, 0xD0, 0x00, 0x00, 0x03, 0xFF, 0x00, 0x00, 0x00, 0x0F, 0xF4, 0x00, 0x00, 0x00, 0x3F,
    0xD0, 0x00, 0x00, 0x00, 0xFF, 0x40, 0x00, 0x00, 0x03, 0xFD, 0x00, 0x00, 0x00, 0x0F, 0xF4, 0x00,
    0x00, 0x03, 0xFF, 0xFE, 0x00, 0x00, 0x0F, 0xFF, 0xF8, 0x00, 0x00, 0x00, 0x00, 0x00, 0x00, 0x3F,
    0x42, 0x40, 0x00, 0xFF, 0xFF, 0x80, 0x01, 0xFF, 0xFF, 0x00, 0x00, 0x40, 0xBD, 0x00, 0x00, 0x00,
    0x00, 0x00, 0x00, 0x00, 0x00, 0x00, 0x7F, 0xFE, 0x0F, 0xFC, 0xBF, 0xFE, 0x1F, 0xFC, 0x1F, 0xF4,
    0x03, 0xE0, 0x0F, 0xF4, 0x03, 0xC0, 0x07, 0xF8, 0x07, 0x80, 0x03, 0xFC, 0x0F, 0x40, 0x01, 0xFE,
    0x0F, 0x00, 0x00, 0xFF, 0x2D, 0x00, 0x00, 0xBF, 0x7C, 0x00, 0x00, 0x3F, 0xF8, 0x00, 0x00, 0x2F,
    0xF0, 0x00, 0x00, 0x0F, 0xF0, 0x00, 0x00, 0x0F, 0xD0, 0x00, 0x00, 0x0B, 0xC0, 0x00, 0x28, 0x0F,
    0x80, 0x00, 0xBE, 0x1F, 0x00, 0x00, 0xBD, 0x3D, 0x00, 0x00, 0x7F, 0xF8, 0x00, 0x00, 0x1A, 0x90,
    0x00, 0x00, 0x2A, 0xA9, 0x3F, 0xFE, 0x3F, 0xFE, 0x00, 0x00, 0x15, 0x55, 0x55, 0x2F, 0xFF, 0xFF,
    0xCB, 0xFF, 0xFF, 0xF0, 0x15, 0x55, 0x55, 0x2F, 0xFF, 0xFF, 0xCB, 0xFF, 0xFF, 0xF0, 0x15, 0x55,
    0x55, 0x55, 0x55, 0x55, 0x2F, 0xFF, 0xFF, 0xFF, 0xFF, 0xFF, 0xEB, 0xFF, 0xFF, 0xFF, 0xFF, 0xFF,
    0xF8, 0x15, 0x55, 0x55, 0x55, 0x55, 0x55, 0x2F, 0xFF, 0xFF, 0xFF, 0xFF, 0xFF, 0xEB, 0xFF, 0xFF,
    0xFF, 0xFF, 0xFF, 0xF8, 0x01, 0x40, 0xB8, 0x1E, 0x03, 0xC0, 0x7F, 0x87, 0xFC, 0x3F, 0xC1, 0xA0,
    0x09, 0x03, 0xF8, 0x7F, 0xC3, 0xFC, 0x07, 0xC0, 0xF4, 0x3D, 0x02, 0x40, 0x00, 0x03, 0xF4, 0x7F,
    0xC3, 0xFC, 0x1B, 0xC0, 0xB8, 0x1F, 0x03, 0xC0, 0x00, 0x00, 0x01, 0x40, 0x20, 0x2E, 0x03, 0xC1,
    0xE0, 0x3D, 0x0F, 0x01, 0xE0, 0x7F, 0x8B, 0xF1, 0xFF, 0x3F, 0xE3, 0xFC, 0xBF, 0x86, 0x80, 0x64,
    0x09, 0x01, 0x90, 0xFE, 0x2F, 0xD7, 0xFC, 0xFF, 0x8F, 0xF1, 0xFE, 0x07, 0xC0, 0xF4, 0x3D, 0x07,
    0xC3, 0xD0, 0x7C, 0x09, 0x00, 0xC0, 0x00, 0x00, 0x00, 0x2F, 0x83, 0xF4, 0x3F, 0xD7, 0xFC, 0x3F,
    0xD7, 0xFC, 0x07, 0xC1, 0xBC, 0x07, 0xC0, 0xB4, 0x0F, 0x01, 0xE0, 0x2C, 0x03, 0x80, 0x00, 0x00,
    0x00, 0x00, 0x68, 0x00, 0x00, 0xFE, 0x00, 0x00, 0xFD, 0x00, 0x00, 0xBC, 0x00, 0x64, 0x78, 0x18,
    0xFF, 0xBF, 0xFC, 0xFF, 0xFF, 0xFC, 0x7D, 0x79, 0xBC, 0x00, 0xBC, 0x00, 0x00, 0xFD, 0x00, 0x00,
    0xFE, 0x00, 0x00, 0xFD, 0x00, 0x00, 0xBC, 0x00, 0x00, 0x7C, 0x00, 0x00, 0x7C, 0x00, 0x00, 0x78,
    0x00, 0x00, 0x78, 0x00, 0x00, 0x38, 0x00, 0x00, 0x38, 0x00, 0x00, 0x38, 0x00, 0x00, 0x34, 0x00,
    0x00, 0x68, 0x00, 0x00, 0xFE, 0x00, 0x00, 0xFD, 0x00, 0x00, 0xBC, 0x00, 0x64, 0x78, 0x18, 0xFF,
    0xBF, 0xFC, 0xFF, 0xFF, 0xFC, 0x7D, 0x75, 0xBC, 0x00, 0x78, 0x00, 0x00, 0xFC, 0x00, 0x00, 0xFD,
    0x00, 0x00, 0xFD, 0x00, 0x00, 0xBC, 0x00, 0x10, 0x78, 0x10, 0xBF, 0xBA, 0xFC, 0xFF, 0xFF, 0xFC,
    0xBE, 0x79, 0xFC, 0x00, 0x7C, 0x00, 0x00, 0xFC, 0x00, 0x00, 0xFD, 0x00, 0x00, 0xFD, 0x00, 0x00,
    0x00, 0x00, 0x06, 0x90, 0x3F, 0xF8, 0x7F, 0xFC, 0xBF, 0xFC, 0x7F, 0xFC, 0x2F, 0xF4, 0x01, 0x40,
    0x3F, 0x00, 0x3F, 0x00, 0x3F, 0x2F, 0xF0, 0x3F, 0xF0, 0x3F, 0xFF, 0xFC, 0x0F, 0xFC, 0x0F, 0xFD,
    0xFE, 0x01, 0xFD, 0x01, 0xFD, 0x04, 0x00, 0x04, 0x00, 0x04, 0x00, 0x02, 0xFD, 0x00, 0x0F, 0xC0,
    0x00, 0x00, 0x00, 0x1F, 0xFF, 0xC0, 0x2F, 0x80, 0x00, 0x00, 0x00, 0x3F, 0x0F, 0xD0, 0x3F, 0x00,
    0x00, 0x00, 0x00, 0x3F, 0x0B, 0xE0, 0xFD, 0x00, 0x00, 0x00, 0x00, 0x7F, 0x0B, 0xE1, 0xFC, 0x00,
    0x00, 0x00, 0x00, 0x3F, 0x0B, 0xD3, 0xF4, 0x00, 0x00, 0x00, 0x00, 0x2F, 0xEF, 0xCB, 0xE0, 0x00,
    0x00, 0x00, 0x00, 0x07, 0xFE, 0x0F, 0xC0, 0x64, 0x00, 0x16, 0x40, 0x00, 0x00, 0x2F, 0x8B, 0xFF,
    0x80, 0xFF, 0xF8, 0x00, 0x00, 0x7F, 0x2F, 0x8F, 0xE2, 0xF8, 0xFD, 0x00, 0x00, 0xFD, 0x3F, 0x07,
    0xF3, 0xF0, 0xBF, 0x00, 0x02, 0xF8, 0x3F, 0x07, 0xF3, 0xF0, 0x7F, 0x00, 0x03, 0xF0, 0x3F, 0x47,
    0xF3, 0xF0, 0xBE, 0x00, 0x0B, 0xE0, 0x2F, 0x8F, 0xD2, 0xF8, 0xFD, 0x00, 0x1F, 0xC0, 0x0B, 0xFF,
    0x80, 0xFF, 0xF4, 0x00, 0x15, 0x00, 0x00, 0x54, 0x00, 0x05, 0x40, 0x18, 0x7F, 0xBE, 0xBC, 0xB8,
    0xB0, 0xA0, 0x00, 0x18, 0x09, 0x1F, 0xCB, 0xDB, 0xE3, 0xF6, 0xF0, 0xFC, 0xB8, 0x3D, 0x2C, 0x0F,
    0x0A, 0x03, 0x40, 0x00, 0x00, 0x00, 0x00, 0x00, 0x3C, 0x00, 0xFC, 0x03, 0xF0, 0x0F, 0xE0, 0x3F,
    0xC0, 0x3F, 0x80, 0x3F, 0xC0, 0x0B, 0xF0, 0x02, 0xF4, 0x00, 0xBC, 0x00, 0x28, 0x00, 0x00, 0x00,
    0x00, 0x3C, 0x00, 0x3F, 0x00, 0x0F, 0xC0, 0x0B, 0xF0, 0x03, 0xFC, 0x02, 0xFC, 0x03, 0xFC, 0x0F,
    0xE0, 0x1F, 0x80, 0x3E, 0x00, 0x28, 0x00, 0x00, 0x00, 0x00, 0x00, 0x0B, 0x40, 0x00, 0x00, 0x00,
    0x00, 0xF4, 0x00, 0x00, 0x00, 0x03, 0xCB, 0x1D, 0x00, 0x00, 0x00, 0x3F, 0xBB, 0xF0, 0x00, 0x00,
    0x01, 0xBF, 0xF8, 0x00, 0x00, 0x00, 0x06, 0xFD, 0x00, 0x00, 0x00, 0x03, 0xFF, 0xFD, 0x00, 0x00,
    0x00, 0x3D, 0xB3, 0xE0, 0x00, 0x00, 0x00, 0x0F, 0x44, 0x00, 0x00, 0x00, 0x00, 0xF4, 0x00, 0x00,
    0x00, 0x78, 0x00, 0x00, 0xF0, 0x00, 0x0B, 0xC0, 0x00, 0x1F, 0x00, 0x2D, 0x78, 0xF0, 0x78, 0xF2,
    0xC3, 0xFB, 0xBF, 0x0B, 0xEE, 0xFD, 0x0B, 0xFF, 0x90, 0x1B, 0xFE, 0x40, 0x2F, 0xE4, 0x00, 0x7F,
    0x90, 0x3F, 0xFF, 0xF0, 0xBF, 0xFF, 0xC3, 0xE7, 0x6F, 0x0B, 0xCE, 0x7D, 0x04, 0xB8, 0x50, 0x11,
    0xF0, 0x40, 0x0B, 0x80, 0x00, 0x1F, 0x00, 0x00, 0x00, 0x00, 0x00, 0x00, 0x00, 0x00, 0x00, 0x03,
    0xE0, 0x00, 0x00, 0xFC, 0x00, 0x00, 0x1F, 0x80, 0x00, 0x03, 0xF0, 0x00, 0x00, 0x7E, 0x00, 0x00,
    0x0F, 0xC0, 0x00, 0x02, 0xF4, 0x00, 0x00, 0x3F, 0x00, 0x00, 0x0F, 0xC0, 0x00, 0x01, 0xF8, 0x00,
    0x00, 0x3F, 0x00, 0x00, 0x0B, 0xE0, 0x00, 0x00, 0xFC, 0x00, 0x00, 0x2F, 0x40, 0x00, 0x03, 0xF0,
    0x00, 0x00, 0xFC, 0x00, 0x00, 0x1F, 0x80, 0x00, 0x03, 0xF0, 0x00, 0x00, 0x14, 0x00, 0x00, 0x00,
    0x01, 0xBF, 0x40, 0x0B, 0xFF, 0xF0, 0x2F, 0x83, 0xF8, 0x3F, 0x41, 0xFC, 0x3F, 0x01, 0xFC, 0x7F,
    0x00, 0xFD, 0x7F, 0x00, 0xFD, 0x3F, 0x00, 0xFC, 0x3F, 0x41, 0xFC, 0x2F, 0xC3, 0xF4, 0x0F, 0xFF,
    0xE0, 0x01, 0xFF, 0x40, 0x00, 0x1A, 0x40, 0x00, 0xFF, 0x00, 0x0F, 0xFC, 0x00, 0xBF, 0xF0, 0x03,
    0x9F, 0xC0, 0x3C, 0x7F, 0x02, 0xD1, 0xFC, 0x1E, 0x07, 0xF0, 0xBF, 0xFF, 0xF5, 0xFF, 0xFF, 0xD0,
    0x01, 0xFC, 0x00, 0x07, 0xE0, 0x0A, 0xAA, 0x81, 0xFF, 0xF8, 0x2F, 0xAA, 0x42, 0xD0, 0x00, 0x2D,
    0x64, 0x03, 0xFF, 0xF4, 0x19, 0x7F, 0xC0, 0x00, 0xFC, 0x00, 0x0F, 0xC7, 0x97, 0xFC, 0x7F, 0xFF,
    0x40, 0xBF, 0x80, 0x01, 0xBF, 0x80, 0x1F, 0xEF, 0x81, 0xF8, 0x2F, 0x0F, 0xC0, 0x64, 0x3F, 0x19,
    0x01, 0xFF, 0xFF, 0x07, 0xF4, 0xBF, 0x1F, 0xC0, 0xFC, 0x3F, 0x03, 0xF0, 0xFC, 0x1F, 0xC0, 0xFE,
    0xFC, 0x00, 0xBF, 0x80, 0x2A, 0xAA, 0x87, 0xFF, 0xFD, 0xB9, 0x5B, 0xCB, 0x00, 0xF0, 0x00, 0x3E,
    0x00, 0x0B, 0xC0, 0x00, 0xF8, 0x00, 0x1F, 0x40, 0x03, 0xF0, 0x00, 0x3F, 0x00, 0x03, 0xF0, 0x00,
    0x2A, 0x00, 0x06, 0xFE, 0x40, 0x7F, 0xBF, 0x43, 0xF0, 0x3E, 0x0F, 0xD0, 0xF4, 0x2F, 0xEF, 0x80,
    0x2F, 0xFD, 0x00, 0xFF, 0xFE, 0x0F, 0x82, 0xFC, 0x7D, 0x03, 0xF1, 0xF8, 0x0F, 0xC3, 0xFF, 0xFD,
    0x02, 0xFF, 0x80, 0x07, 0xFD, 0x02, 0xFA, 0xF8, 0x3E, 0x0B, 0xD7, 0xE0, 0x7E, 0x7E, 0x07, 0xF7,
    0xF0, 0xFF, 0x2F, 0xFF, 0xF0, 0x6A, 0x7E, 0x00, 0x0B, 0xD2, 0x41, 0xFC, 0x3F, 0xFF, 0x40, 0xBF,
    0x80, 0x00, 0x00, 0xF0, 0xF4, 0xBC, 0x3E, 0x2F, 0x4F, 0xC3, 0xF0, 0xFC, 0x3F, 0x0B, 0xC1, 0xF4,
    0x3E, 0x07, 0xC0, 0xB4, 0x0E, 0x00, 0x00, 0x00, 0x03, 0x80, 0x3E, 0x01, 0xF0, 0x0F, 0xC0, 0xBC,
    0x0B, 0xD0, 0x7E, 0x07, 0xE0, 0x7E, 0x0B, 0xD0, 0xFC, 0x0F, 0x81, 0xF0, 0x3D, 0x03, 0x40, 0x00,
    0x00, 0x05, 0x41, 0x90, 0x07, 0xFD, 0xFF, 0xC0, 0x1F, 0xF9, 0xFE, 0x00, 0xBE, 0x07, 0xE0, 0x0B,
    0xD0, 0x7E, 0x00, 0xBD, 0x07, 0xE0, 0x0B, 0xD0, 0x7E, 0x00, 0xBD, 0x07, 0xE0, 0x3F, 0xF5, 0xFF,
    0xC2, 0xAA, 0x5A, 0xA8, 0x01, 0xBF, 0x40, 0x0B, 0xFF, 0xF0, 0x2F, 0x83, 0xF8, 0x3F, 0x41, 0xFC,
    0x3F, 0x01, 0xFC, 0x7F, 0x00, 0xFD, 0x7F, 0x00, 0xFD, 0x3F, 0x00, 0xFC, 0x3F, 0x41, 0xFC, 0x2F,
    0xC3, 0xF4, 0x0F, 0xFF, 0xE0, 0x01, 0xFF, 0x40, 0x16, 0xB0, 0x1F, 0xFC, 0x01, 0xBF, 0x00, 0x0F,
    0xC0, 0x03, 0xF0, 0x00, 0xFC, 0x00, 0x3F, 0x00, 0x0F, 0xC0, 0x03, 0xF0, 0x01, 0xFC, 0x03, 0xFF,
    0xF0, 0xAA, 0xA8, 0x0B, 0xFD, 0x03, 0xFB, 0xF8, 0x7C, 0x0F, 0xC7, 0xC0, 0xFC, 0x00, 0x0F, 0xC0,
    0x03, 0xF4, 0x00, 0xBD, 0x00, 0x3F, 0x00, 0x0F, 0x81, 0xE3, 0xFA, 0xBD, 0x3F, 0xFF, 0xD2, 0xAA,
    0xA8, 0x07, 0xFE, 0x03, 0xFB, 0xFC, 0x3D, 0x0F, 0xC3, 0xD0, 0xFC, 0x00, 0x2F, 0x80, 0x1F, 0xD0,
    0x01, 0xFF, 0x80, 0x00, 0xFD, 0x00, 0x0F, 0xE3, 0xD1, 0xFD, 0x3F, 0xFF, 0xC0, 0xBF, 0xD0, 0x00,
    0x1A, 0x40, 0x00, 0xFF, 0x00, 0x0F, 0xFC, 0x00, 0xBF, 0xF0, 0x03, 0x9F, 0xC0, 0x3C, 0x7F, 0x02,
    0xD1, 0xFC, 0x1E, 0x07, 0xF0, 0xBF, 0xFF, 0xF5, 0xFF, 0xFF, 0xD0, 0x01, 0xFC, 0x00, 0x07, 0xE0,
    0x0A, 0xAA, 0x81, 0xFF, 0xF8, 0x2F, 0xAA, 0x42, 0xD0, 0x00, 0x2D, 0x64, 0x03, 0xFF, 0xF4, 0x19,
    0x7F, 0xC0, 0x00, 0xFC, 0x00, 0x0F, 0xC7, 0x97, 0xFC, 0x7F, 0xFF, 0x40, 0xBF, 0x80, 0x01, 0xBF,
    0x80, 0x1F, 0xEF, 0x81, 0xF8, 0x2F, 0x0F, 0xC0, 0x64, 0x3F, 0x19, 0x01, 0xFF, 0xFF, 0x07, 0xF4,
    0xBF, 0x1F, 0xC0, 0xFC, 0x3F, 0x03, 0xF0, 0xFC, 0x1F, 0xC0, 0xFE, 0xFC, 0x00, 0xBF, 0x80, 0x2A,
    0xAA, 0x87, 0xFF, 0xFD, 0xB9, 0x5B, 0xCB, 0x00, 0xF0, 0x00, 0x3E, 0x00, 0x0B, 0xC0, 0x00, 0xF8,
    0x00, 0x1F, 0x40, 0x03, 0xF0, 0x00, 0x3F, 0x00, 0x03, 0xF0, 0x00, 0x2A, 0x00, 0x06, 0xFE, 0x40,
    0x7F, 0xBF, 0x43, 0xF0, 0x3E, 0x0F, 0xD0, 0xF4, 0x2F, 0xEF, 0x80, 0x2F, 0xFD, 0x00, 0xFF, 0xFE,
    0x0F, 0x82, 0xFC, 0x7D, 0x03, 0xF1, 0xF8, 0x0F, 0xC3, 0xFF, 0xFD, 0x02, 0xFF, 0x80, 0x07, 0xFD,
    0x02, 0xFA, 0xF8, 0x3E, 0x0B, 0xD7, 0xE0, 0x7E, 0x7E, 0x07, 0xF7, 0xF0, 0xFF, 0x2F, 0xFF, 0xF0,
    0x6A, 0x7E, 0x00, 0x0B, 0xD2, 0x41, 0xFC, 0x3F, 0xFF, 0x40, 0xBF, 0x80, 0x00, 0x00, 0xF0, 0xF4,
    0xBC, 0x3E, 0x2F, 0x4F, 0xC3, 0xF0, 0xFC, 0x3F, 0x0B, 0xC1, 0xF4, 0x3E, 0x07, 0xC0, 0xB4, 0x0E,
    0x00, 0x00, 0x00, 0x03, 0x80, 0x3E, 0x01, 0xF0, 0x0F, 0xC0, 0xBC, 0x0B, 0xD0, 0x7E, 0x07, 0xE0,
    0x7E, 0x0B, 0xD0, 0xFC, 0x0F, 0x81, 0xF0, 0x3D, 0x03, 0x40, 0x00, 0x00, 0x00, 0x00, 0xD3, 0x00,
    0x00, 0x03, 0x1C, 0x00, 0x01, 0xBF, 0xF7, 0x00, 0x3F, 0xFF, 0xFC, 0x03, 0xFF, 0xDF, 0xF4, 0x2F,
    0xCE, 0x3B, 0xE1, 0xFD, 0x35, 0xCB, 0x8B, 0xF1, 0xC7, 0x05, 0x3F, 0xC7, 0x2C, 0x00, 0xFE, 0x2C,
    0xE0, 0x03, 0xF8, 0xE3, 0x40, 0x0F, 0xE3, 0x4C, 0x00, 0x3F, 0x8D, 0x70, 0x00, 0xFF, 0x72, 0xC0,
    0x03, 0xFE, 0xCA, 0x00, 0x0B, 0xFE, 0x38, 0x2E, 0x0F, 0xF8, 0xD0, 0xF8, 0x1F, 0xFB, 0x6F, 0xD0,
    0x2F, 0xFF, 0xFF, 0x00, 0x2F, 0xFF, 0xBC, 0x00, 0xB3, 0x80, 0x50, 0x02, 0x8D, 0x00, 0x00, 0x00,
    0x00, 0x00, 0x00, 0x1A, 0xAA, 0xAA, 0xA4, 0x2F, 0xFF, 0xFF, 0xF8, 0x07, 0xFE, 0xAB, 0xFC, 0x03,
    0xFD, 0x00, 0xFC, 0x03, 0xFD, 0x00, 0x7C, 0x03, 0xFD, 0x00, 0x24, 0x03, 0xFD, 0x01, 0x00, 0x03,
    0xFD, 0x0B, 0x40, 0x03, 0xFE, 0xAF, 0x40, 0x03, 0xFF, 0xFF, 0x40, 0x03, 0xFE, 0x55, 0x00, 0x03,
    0xFD, 0x00, 0x00, 0x7F, 0xFF, 0xFF, 0x40, 0x7F, 0xFF, 0xFF, 0x00, 0x03, 0xFD, 0x00, 0x00, 0x03,
    0xFD, 0x00, 0x00, 0x2F, 0xFF, 0xF0, 0x00, 0x2F, 0xFF, 0xF0, 0x00, 0x00, 0x1B, 0xF9, 0x00, 0x07,
    0xFF, 0xFE, 0x00, 0x7F, 0xC0, 0xFD, 0x03, 0xFC, 0x07, 0xF8, 0x0F, 0xF0, 0x1F, 0xD0, 0x3F, 0xC0,
    0x15, 0x00, 0xFF, 0x40, 0x00, 0x1F, 0xFF, 0xFF, 0x80, 0x17, 0xFE, 0x55, 0x00, 0x0F, 0xF8, 0x00,
    0x07, 0xFF, 0xFF, 0xE0, 0x1A, 0xBF, 0xEA, 0x40, 0x00, 0xFF, 0x00, 0x00, 0x03, 0xF8, 0x03, 0xD0,
    0x1F, 0xC0, 0x2F, 0x01, 0xFE, 0xAA, 0xFC, 0x2F, 0xFF, 0xFF, 0xF0, 0xBF, 0xFF, 0xFF, 0xC0, 0x1A,
    0xA9, 0x00, 0x1A, 0xA9, 0x3F, 0xFF, 0x00, 0x2F, 0xFF, 0x0B, 0xFF, 0xC0, 0x07, 0xF8, 0x03, 0xFF,
    0xD0, 0x02, 0xF0, 0x03, 0xFF, 0xF0, 0x02, 0xF0, 0x03, 0xEB, 0xF4, 0x02, 0xF0, 0x03, 0xE3, 0xFC,
    0x02, 0xF0, 0x3F, 0xFF, 0xFF, 0xFF, 0xFF, 0x17, 0xF5, 0xFF, 0x97, 0xF5, 0x03, 0xE0, 0x7F, 0x82,
    0xF0, 0x3F, 0xFF, 0xFF, 0xFF, 0xFF, 0x17, 0xF5, 0x5F, 0xF7, 0xF5, 0x03, 0xE0, 0x0B, 0xF6, 0xF0,
    0x03, 0xE0, 0x03, 0xFE, 0xF0, 0x03, 0xE0, 0x01, 0xFF, 0xF0, 0x03, 0xF0, 0x00, 0xFF, 0xF0, 0x2F,
    0xFE, 0x00, 0x7F, 0xF0, 0x3F, 0xFE, 0x00, 0x2F, 0xF0, 0x6A, 0xAA, 0x94, 0x00, 0x00, 0x00, 0x00,
    0x00, 0x00, 0x0F, 0xFF, 0xFF, 0xF8, 0x00, 0x3F, 0x00, 0x00, 0x00, 0x00, 0x2F, 0xFA, 0xBF, 0xF0,
    0x03, 0xF0, 0x00, 0x00, 0x00, 0x00, 0xFF, 0x40, 0xFF, 0x40, 0x7F, 0x00, 0x00, 0x00, 0x00, 0x0F,
    0xF4, 0x0B, 0xF8, 0x0F, 0xF0, 0x00, 0x00, 0x00, 0x00, 0xFF, 0x40, 0xBF, 0xCB, 0xFF, 0xFC, 0x02,
    0xFF, 0xBC, 0x0F, 0xF4, 0x0B, 0xF8, 0xFF, 0xFF, 0xD0, 0xFE, 0xBF, 0xC0, 0xFF, 0x40, 0xFF, 0x86,
    0xFF, 0x54, 0x2F, 0x40, 0xBC, 0x0F, 0xF4, 0x1F, 0xF0, 0x0F, 0xF0, 0x03, 0xF8, 0x03, 0xC0, 0xFF,
    0xFF, 0xFD, 0x00, 0xFF, 0x00, 0x3F, 0xE4, 0x00, 0x0F, 0xFF, 0xFF, 0x00, 0x0F, 0xF0, 0x02, 0xFF,
    0xFD, 0x00, 0xFF, 0x95, 0x00, 0x00, 0xFF, 0x00, 0x0F, 0xFF, 0xFC, 0x0F, 0xF4, 0x00, 0x00, 0x0F,
    0xF0, 0x00, 0x1B, 0xFF, 0xD0, 0xFF, 0x40, 0x00, 0x00, 0xFF, 0x00, 0x00, 0x06, 0xFE, 0x0F, 0xF4,
    0x00, 0x00, 0x0F, 0xF0, 0x03, 0xD0, 0x0B, 0xE0, 0xFF, 0x40, 0x00, 0x00, 0xFF, 0x9A, 0x3F, 0x00,
    0xFD, 0xBF, 0xFF, 0xC0, 0x00, 0x0F, 0xFF, 0xF3, 0xFF, 0xBF, 0xCF, 0xFF, 0xFC, 0x00, 0x00, 0x3F,
    0xF8, 0x3E, 0xFF, 0xE0, 0x00, 0x00, 0x00, 0x00, 0x00, 0x14, 0x00, 0x41, 0x50, 0x00, 0x6A, 0xAA,
    0x40, 0x2A, 0x40, 0x2A, 0xA9, 0xBF, 0xFF, 0x80, 0xBF, 0xC0, 0x3F, 0xFE, 0x1F, 0xFD, 0x00, 0xFF,
    0xD0, 0x1B, 0xF4, 0x07, 0xFC, 0x00, 0xFF, 0xE0, 0x03, 0xD0, 0x03, 0xFC, 0x01, 0xEF, 0xF0, 0x07,
    0xC0, 0x03, 0xFD, 0x02, 0xDB, 0xF0, 0x0B, 0xC0, 0x2B, 0xFF, 0xAB, 0xEF, 0xFA, 0xAF, 0xE8, 0x7F,
    0xFF, 0xFF, 0xFF, 0xFF, 0xFF, 0xFC, 0x01, 0xFF, 0x07, 0xC3, 0xFC, 0x0F, 0x00, 0x15, 0xFF, 0x5B,
    0xD7, 0xFD, 0x6F, 0x54, 0x7F, 0xFF, 0xFF, 0xFF, 0xFF, 0xFF, 0xFC, 0x15, 0xBF, 0x9F, 0x55, 0xFF,
    0x7E, 0x54, 0x00, 0x7F, 0xDF, 0x00, 0xFF, 0x3C, 0x00, 0x00, 0x3F, 0xEE, 0x00, 0xFF, 0xBC, 0x00,
    0x00, 0x3F, 0xFD, 0x00, 0xBF, 0xF8, 0x00, 0x00, 0x2F, 0xFD, 0x00, 0x7F, 0xF8, 0x00, 0x00, 0x1F,
    0xFC, 0x00, 0x3F, 0xF4, 0x00, 0x00, 0x0F, 0xFC, 0x00, 0x3F, 0xF0, 0x00, 0x00, 0x00, 0x00, 0x00,
    0x00, 0x00, 0x3F, 0xFC, 0x00, 0x00, 0x0B, 0xFF, 0x00, 0x00, 0x00, 0x3F, 0xC0, 0x00, 0x0A, 0xAF,
    0xFA, 0x00, 0x03, 0xFF, 0xFF, 0xD0, 0x00, 0x00, 0xFF, 0x00, 0x02, 0xFF, 0xBF, 0xC0, 0x03, 0xFF,
    0xFF, 0xF0, 0x03, 0xFE, 0x5B, 0xFC, 0x01, 0xFE, 0x00, 0xFF, 0x00, 0xFF, 0x40, 0x3F, 0xC0, 0x3F,
    0xC0, 0x0F, 0xF0, 0x0F, 0xF0, 0x03, 0xFC, 0x03, 0xFC, 0x00, 0xFF, 0x00, 0xFF, 0x40, 0x3F, 0xC0,
    0x3F, 0xE0, 0x0F, 0xF0, 0x07, 0xFD, 0x1F, 0xFC, 0x00, 0xFF, 0xFF, 0xBF, 0xE0, 0x0B, 0xFF, 0x1F,
    0xFC, 0x00, 0x14, 0x00, 0x00, 0x00, 0x00, 0x00, 0x00, 0x00, 0x0B, 0xFF, 0xF4, 0x00, 0x02, 0xFF,
    0xFD, 0x00, 0x00, 0x6A, 0xAA, 0x00, 0x00, 0x00, 0x00, 0xBF, 0x97, 0x40, 0x00, 0xBF, 0xFF, 0xF4,
    0x00, 0x2F, 0xF5, 0xBF, 0x80, 0x07, 0xF8, 0x00, 0xFC, 0x00, 0xFF, 0x00, 0x07, 0xC0, 0x1F, 0xF0,
    0x00, 0x24, 0x1B, 0xFF, 0xAA, 0x00, 0x02, 0xFF, 0xFF, 0xF0, 0x00, 0x03, 0xFE, 0x00, 0x00, 0x00,
    0x7F, 0xE5, 0x40, 0x00, 0x3F, 0xFF, 0xFF, 0x00, 0x01, 0x7F, 0xF5, 0x50, 0x00, 0x02, 0xFF, 0x00,
    0x00, 0x00, 0x0F, 0xF0, 0x00, 0x3C, 0x00, 0xFF, 0xC0, 0x0F, 0xC0, 0x03, 0xFF, 0x57, 0xF8, 0x00,
    0x1F, 0xFF, 0xFF, 0x80, 0x00, 0x3F, 0xFE, 0xB4, 0x00, 0x00, 0x15, 0x01, 0x00, 0x1A, 0xAA, 0x80,
    0x6A, 0xA4, 0x2F, 0xFF, 0xD0, 0xFF, 0xF8, 0x07, 0xFF, 0x40, 0x7F, 0xE4, 0x03, 0xFD, 0x00, 0x2F,
    0x00, 0x03, 0xFD, 0x00, 0xBC, 0x00, 0x03, 0xFD, 0x02, 0xF0, 0x00, 0x03, 0xFD, 0x0B, 0xC0, 0x00,
    0x17, 0xFE, 0x6F, 0x95, 0x50, 0xBF, 0xFF, 0xFF, 0xFF, 0xF0, 0x6B, 0xFE, 0xBF, 0xEA, 0xA0, 0x03,
    0xFD, 0x3F, 0xE0, 0x00, 0x03, 0xFD, 0x1F, 0xF0, 0x00, 0x03, 0xFD, 0x0B, 0xFC, 0x00, 0x03, 0xFD,
    0x03, 0xFE, 0x00, 0x03, 0xFD, 0x02, 0xFF, 0x40, 0x03, 0xFE, 0x00, 0xFF, 0xD0, 0x2F, 0xFF, 0xC0,
    0x7F, 0xFF, 0x2F, 0xFF, 0xD0, 0x1F, 0xFE, 0x00, 0x00, 0x00, 0x01, 0x50, 0x2A, 0xAA, 0xAA, 0xAA,
    0x43, 0xFF, 0xFF, 0xFF, 0xFC, 0x7F, 0xEB, 0xFE, 0xBF, 0xC7, 0xE0, 0x3F, 0xC0, 0xBD, 0xBC, 0x03,
    0xFC, 0x03, 0xDB, 0xC0, 0x3F, 0xC0, 0x3E, 0x00, 0x03, 0xFC, 0x00, 0x00, 0x00, 0x3F, 0xEF, 0xC0,
    0x02, 0xFF, 0xFF, 0xE4, 0x00, 0x3E, 0xBF, 0xC0, 0x00, 0x00, 0x03, 0xFE, 0xBC, 0x00, 0x2B, 0xFF,
    0xFF, 0x80, 0x03, 0xFB, 0xFC, 0x00, 0x00, 0x00, 0x3F, 0xC0, 0x00, 0x00, 0x03, 0xFC, 0x00, 0x00,
    0x00, 0x7F, 0xC0, 0x00, 0x00, 0xBF, 0xFF, 0xE0, 0x00, 0x0B, 0xFF, 0xFE, 0x00, 0x1A, 0xAA, 0xA5,
    0x00, 0x02, 0xFF, 0xFF, 0xFE, 0x00, 0x07, 0xFE, 0xAF, 0xFC, 0x00, 0x3F, 0xD0, 0x7F, 0xE0, 0x3F,
    0xFF, 0xFF, 0xFF, 0xF1, 0x7F, 0xE5, 0x6F, 0xF5, 0x17, 0xFE, 0x56, 0xFF, 0x53, 0xFF, 0xFF, 0xFF,
    0xFF, 0x17, 0xFE, 0x57, 0xFD, 0x40, 0x3F, 0xE6, 0xFF, 0xC0, 0x03, 0xFF, 0xFF, 0xE0, 0x00, 0x3F,
    0xFF, 0xA0, 0x00, 0x03, 0xFD, 0x00, 0x00, 0x00, 0x3F, 0xD0, 0x00, 0x00, 0x03, 0xFD, 0x00, 0x00,
    0x00, 0x3F, 0xE0, 0x00, 0x00, 0x2F, 0xFF, 0xF0, 0x00, 0x02, 0xFF, 0xFF, 0x00, 0x00, 0x00, 0x00,
    0x70, 0x00, 0x00, 0x00, 0x02, 0xC0, 0x00, 0x00, 0x00, 0x6F, 0xE0, 0xE0, 0x00, 0x1F, 0xFF, 0xFF,
    0xC0, 0x02, 0xFF, 0xFB, 0xFF, 0x00, 0x1F, 0xF6, 0xC1, 0xFC, 0x00, 0xFF, 0x4B, 0x01, 0xF4, 0x07,
    0xFC, 0x2C, 0x03, 0xD0, 0x3F, 0xD0, 0xB0, 0x05, 0x00, 0xFF, 0x42, 0xC0, 0x00, 0x03, 0xFD, 0x0B,
    0x00, 0x00, 0x0F, 0xF4, 0x2C, 0xFF, 0xFD, 0x3F, 0xD0, 0xB3, 0xFF, 0xF4, 0xFF, 0x82, 0xC1, 0xFF,
    0x02, 0xFF, 0x0B, 0x03, 0xF8, 0x07, 0xFD, 0x2C, 0x0F, 0xE0, 0x0F, 0xFD, 0xB0, 0x7F, 0x80, 0x1F,
    0xFF, 0xEB, 0xFE, 0x00, 0x1F, 0xFF, 0xFF, 0xF8, 0x00, 0x0B, 0xFF, 0xD2, 0xE0, 0x00, 0x00, 0xB4,
    0x00, 0x00, 0x00, 0x02, 0xC0, 0x00, 0x00, 0x00, 0x00, 0x00, 0x00, 0x00, 0x03, 0x4B, 0xF9, 0x00,
    0x01, 0xFF, 0xFF, 0xE0, 0x00, 0x7F, 0xD6, 0xFE, 0x00, 0x2F, 0x40, 0x2F, 0xC0, 0x0B, 0x80, 0x07,
    0xF4, 0x01, 0x80, 0x02, 0xFE, 0x01, 0x55, 0x57, 0xFF, 0x91, 0xFF, 0xFF, 0xFF, 0xFD, 0x15, 0xFF,
    0xFF, 0xE5, 0x00, 0xFF, 0xFF, 0xD0, 0x07, 0xFF, 0xFF, 0xFF, 0xF5, 0xBF, 0xFE, 0xAA, 0xA8, 0x1F,
    0xF4, 0x00, 0x24, 0x03, 0xFC, 0x00, 0x2F, 0x00, 0xFF, 0x00, 0x1F, 0xC0, 0x2F, 0xE0, 0x2F, 0xE0,
    0x03, 0xFF, 0xFF, 0xF8, 0x00, 0x2F, 0xFF, 0x5E, 0x00, 0x00, 0x14, 0x00, 0x00, 0x00, 0x00, 0x00,
    0x00, 0x00, 0x03, 0x80, 0x00, 0x00, 0x0E, 0x00, 0x00, 0x06, 0xFE, 0x2C, 0x00, 0xFF, 0xFF, 0xF0,
    0x0F, 0xFB, 0xFF, 0xD0, 0xBF, 0x4E, 0x2F, 0x87, 0xFC, 0x38, 0x2E, 0x2F, 0xD0, 0xE0, 0x14, 0xFF,
    0x43, 0x80, 0x03, 0xFC, 0x0E, 0x00, 0x0F, 0xF0, 0x38, 0x00, 0x3F, 0xC0, 0xE0, 0x00, 0xFF, 0x03,
    0x80, 0x03, 0xFD, 0x0E, 0x00, 0x0F, 0xF8, 0x38, 0x00, 0x2F, 0xF0, 0xE0, 0xB8, 0x3F, 0xE3, 0x83,
    0xE0, 0x7F, 0xEF, 0x7F, 0x40, 0xBF, 0xFF, 0xFC, 0x00, 0x7F, 0xFE, 0xF0, 0x00, 0x07, 0xC1, 0x40,
    0x00, 0x0E, 0x00, 0x00, 0x00, 0x14, 0x00, 0x1A, 0xAA, 0xAA, 0xAA, 0x83, 0xFF, 0xFF, 0xFF, 0xFC,
    0x05, 0x55, 0x55, 0x55, 0x40, 0x00, 0x00, 0x00, 0x00, 0x3F, 0xFF, 0xFF, 0xFF, 0xC7, 0xFF, 0xFF,
    0xFF, 0xFD, 0x7E, 0x03, 0xFC, 0x07, 0xEB, 0xC0, 0x3F, 0xC0, 0x3E, 0x78, 0x03, 0xFC, 0x02, 0xE0,
    0x00, 0x3F, 0xC0, 0x00, 0x00, 0x03, 0xFC, 0x00, 0x00, 0x00, 0x3F, 0xC0, 0x00, 0x00, 0x03, 0xFC,
    0x00, 0x00, 0x00, 0x3F, 0xC0, 0x00, 0x00, 0x03, 0xFC, 0x00, 0x00, 0x00, 0x3F, 0xD0, 0x00, 0x00,
    0x7F, 0xFF, 0xE0, 0x00, 0x0B, 0xFF, 0xFE, 0x00, 0x2A, 0xAA, 0xAA, 0xA0, 0xFF, 0xFF, 0xFF, 0xC1,
    0x56, 0xFF, 0xC0, 0x00, 0x00, 0xFF, 0x40, 0x2A, 0xAB, 0xFF, 0xA0, 0xFF, 0xFF, 0xFF, 0xC0, 0x00,
    0x3F, 0xD0, 0x00, 0x01, 0xFE, 0x00, 0x2A, 0xBF, 0xD0, 0x00, 0xFF, 0xF8, 0x00, 0x00, 0x07, 0xFD,
    0x00, 0x00, 0x07, 0xFC, 0x00, 0x00, 0x0F, 0xF4, 0x00, 0x00, 0x2F, 0xF0, 0x00, 0x00, 0x7F, 0xC0,
    0x00, 0x00, 0xFF, 0xC0, 0x00, 0x01, 0xFF, 0xF0, 0x00, 0x02, 0xFF, 0x80, 0x00, 0x00, 0x50, 0x00,
    0x01, 0xA8, 0x00, 0x00, 0x03, 0xFD, 0x00, 0x00, 0x03, 0xFD, 0x00, 0x00, 0x03, 0xFD, 0x00, 0x00,
    0x03, 0xFE, 0xB8, 0x00, 0x1B, 0xFF, 0xF8, 0x00, 0x3F, 0xFE, 0x00, 0x00, 0x17, 0xFD, 0x04, 0x00,
    0x03, 0xFF, 0xFC, 0x00, 0x2F, 0xFF, 0xE4, 0x00, 0x3F, 0xFD, 0x00, 0xB8, 0x03, 0xFD, 0x01, 0xFE,
    0x03, 0xFD, 0x00, 0xFE, 0x03, 0xFD, 0x00, 0x7E, 0x03, 0xFD, 0x00, 0x7D, 0x03, 0xFD, 0x06, 0xFC,
    0x2F, 0xFF, 0xFF, 0xF0, 0x2F, 0xFF, 0xFE, 0x40, 0x00, 0x00, 0xBD, 0x00, 0x00, 0x00, 0x02, 0xF4,
    0x00, 0x00, 0x01, 0xBF, 0xFA, 0x00, 0x00, 0x3F, 0xFF, 0xFF, 0x80, 0x03, 0xFF, 0xFF, 0xFF, 0xC0,
    0x3F, 0xE3, 0xF4, 0xFF, 0x81, 0xFF, 0x0F, 0xE0, 0xFF, 0x0F, 0xF4, 0x3F, 0x82, 0xFD, 0x3F, 0xC0,
    0xFE, 0x07, 0xF8, 0xFF, 0x03, 0xF8, 0x1F, 0xF3, 0xFC, 0x0F, 0xE0, 0x3F, 0xCF, 0xF0, 0x3F, 0xC0,
    0xFF, 0x3F, 0xC0, 0xFF, 0x07, 0xFC, 0xFF, 0x07, 0xFC, 0x1F, 0xE3, 0xFC, 0x1F, 0xF0, 0xBF, 0x8B,
    0xF4, 0x15, 0x43, 0xFD, 0x1F, 0xE0, 0x00, 0x0F, 0xF0, 0x3F, 0xC0, 0x00, 0x7F, 0x80, 0x1A, 0xAA,
    0xA5, 0x00, 0x0B, 0xFF, 0xFF, 0xFD, 0x00, 0x7F, 0xE5, 0xBF, 0xD0, 0x0B, 0xF4, 0x0B, 0xFC, 0x02,
    0xFD, 0x00, 0xFF, 0x00, 0xBF, 0x40, 0x3F, 0xC0, 0x2F, 0xD0, 0x0F, 0xF0, 0x0B, 0xF4, 0x07, 0xFC,
    0x02, 0xFD, 0x07, 0xFD, 0x0F, 0xFF, 0xFF, 0xFD, 0x02, 0xBF, 0xFA, 0xA4, 0x00, 0x0B, 0xF4, 0x00,
    0x00, 0x2B, 0xFF, 0xAA, 0x00, 0x0F, 0xFF, 0xFF, 0xC0, 0x00, 0x2F, 0xD0, 0x00, 0x00, 0x0F, 0xF8,
    0x00, 0x00, 0x1F, 0xFF, 0xF0, 0x00, 0x0B, 0xFF, 0xFC, 0x00, 0x00, 0x00, 0x06, 0x90, 0x00, 0x3F,
    0xFC, 0x00, 0xFF, 0xBD, 0x02, 0xFC, 0x3E, 0x03, 0xFC, 0x3F, 0x03, 0xFC, 0x3F, 0x03, 0xFC, 0x3E,
    0x03, 0xFC, 0xBC, 0x03, 0xFC, 0xF8, 0x03, 0xFF, 0xF0, 0x03, 0xFF, 0xC0, 0x1B, 0xFF, 0x00, 0x7F,
    0xFC, 0x00, 0x3B, 0xFC, 0x00, 0x03, 0xFC, 0x00, 0x03, 0xFC, 0x00, 0x03, 0xFC, 0x00, 0x03, 0xFE,
    0x6C, 0x02, 0xFF, 0xFC, 0x00, 0xFF, 0xF0, 0x00, 0x05, 0x00, 0x6A, 0xA4, 0x00, 0x6A, 0xA4, 0x00,
    0x00, 0x03, 0xFF, 0xF0, 0x02, 0xFF, 0xF0, 0x00, 0x00, 0x02, 0xFF, 0xF0, 0x02, 0xFE, 0x00, 0x00,
    0x00, 0x03, 0xFF, 0xD0, 0x03, 0xF0, 0x01, 0xBE, 0x40, 0x0F, 0xFF, 0xC0, 0x0F, 0xC0, 0x3F, 0xFF,
    0x80, 0x3F, 0xFF, 0x80, 0x3F, 0x02, 0xF8, 0x7F, 0x80, 0xFD, 0xFF, 0x00, 0xFC, 0x0F, 0xC0, 0x7F,
    0x03, 0xF3, 0xFF, 0x03, 0xF0, 0x7F, 0x00, 0xFC, 0x0F, 0xC7, 0xFD, 0x0F, 0xC2, 0xFC, 0x03, 0xF0,
    0x3F, 0x0B, 0xFC, 0x3F, 0x07, 0xF0, 0x0F, 0xC0, 0xFC, 0x0F, 0xF8, 0xFC, 0x1F, 0xC0, 0x7F, 0x03,
    0xF0, 0x1F, 0xF3, 0xF0, 0x3F, 0xD7, 0xF4, 0x0F, 0xC0, 0x3F, 0xFF, 0xC0, 0x3F, 0xFF, 0x40, 0x3F,
    0x00, 0x3F, 0xFF, 0x00, 0x1A, 0x90, 0x00, 0xFC, 0x00, 0xBF, 0xFC, 0x00, 0x00, 0x00, 0x03, 0xF0,
    0x00, 0xFF, 0xF0, 0x2A, 0xAA, 0xA8, 0xBF, 0xF8, 0x01, 0xFF, 0xC1, 0xFF, 0xFF, 0xF3, 0xFF, 0xE0,
    0x02, 0xFF, 0x07, 0xFF, 0xFF, 0xC0, 0x00, 0x06, 0xBA, 0x40, 0x00, 0x01, 0xFF, 0xFF, 0xD0, 0x00,
    0x2F, 0x40, 0x07, 0xF0, 0x02, 0xE0, 0x00, 0x02, 0xE0, 0x1F, 0x1F, 0xFE, 0x43, 0xD0, 0xF4, 0x2F,
    0xAF, 0x87, 0xC3, 0xC0, 0x7D, 0x2F, 0x0F, 0x1E, 0x01, 0xF4, 0xBC, 0x2D, 0x78, 0x07, 0xD3, 0xF0,
    0xB5, 0xE0, 0x1F, 0xFF, 0x42, 0xD7, 0x80, 0x7E, 0x90, 0x0B, 0x4F, 0x01, 0xF4, 0x00, 0x3C, 0x3D,
    0x0B, 0xE0, 0x01, 0xE0, 0x7C, 0xBF, 0xF0, 0x0F, 0x00, 0xBC, 0x00, 0x01, 0xF8, 0x00, 0xBE, 0x51,
    0x6F, 0x40, 0x00, 0x7F, 0xFF, 0xE0, 0x00, 0x00, 0x05, 0x54, 0x00, 0x00, 0x02, 0xA2, 0x05, 0x54,
    0x00, 0x55, 0x41, 0xFF, 0xF8, 0xFF, 0xE0, 0x1F, 0xFC, 0x3E, 0x0B, 0x81, 0xFF, 0x03, 0xFE, 0x03,
    0xE0, 0x38, 0x0F, 0xF8, 0x7F, 0xD0, 0x3F, 0xE0, 0x00, 0xEF, 0xCF, 0xFD, 0x02, 0xFF, 0xF0, 0x1E,
    0xBE, 0xDB, 0xD0, 0x07, 0xFF, 0x81, 0xD3, 0xFC, 0xBE, 0x01, 0x02, 0xFC, 0x1D, 0x3F, 0x4B, 0xE0,
    0x78, 0x0F, 0xC1, 0xD1, 0xF0, 0xBE, 0x07, 0xE6, 0xF8, 0x7F, 0x40, 0x1F, 0xF4, 0x3B, 0xFE, 0x0F,
    0xFC, 0x03, 0xFF, 0xC1, 0x05, 0x00, 0x00, 0x00, 0x00, 0x00, 0x15, 0x55, 0x55, 0x15, 0x50, 0x01,
    0x55, 0x3F, 0xFF, 0xFF, 0x3F, 0xF4, 0x0F, 0xFF, 0x7C, 0x7F, 0x2F, 0x0B, 0xFC, 0x0F, 0xF4, 0xB4,
    0x7F, 0x0F, 0x07, 0xFD, 0x2F, 0xF0, 0x10, 0x7F, 0x05, 0x07, 0xBE, 0x3B, 0xF0, 0x00, 0x7F, 0x00,
    0x0B, 0x7F, 0xB3, 0xF0, 0x00, 0x7F, 0x00, 0x0B, 0x1F, 0xE3, 0xF4, 0x00, 0x7F, 0x00, 0x0B, 0x0F,
    0xC3, 0xF4, 0x00, 0x7F, 0x00, 0x0B, 0x0B, 0xC3, 0xF4, 0x01, 0xBF, 0x40, 0x1F, 0x80, 0x07, 0xFD,
    0x03, 0xFF, 0xE0, 0x3F, 0xE0, 0x1F, 0xFF, 0x00, 0x00, 0x00, 0x00, 0x00, 0x00, 0x00, 0x00, 0x06,
    0xFE, 0x40, 0x00, 0x02, 0xFF, 0xFF, 0xE0, 0x00, 0x3F, 0xFA, 0xBF, 0xE0, 0x03, 0xFE, 0x00, 0x3F,
    0xE0, 0x2F, 0xE0, 0x00, 0x7F, 0xC0, 0xFF, 0x40, 0x00, 0xFF, 0x43, 0xFC, 0x00, 0x02, 0xFE, 0x0F,
    0xF0, 0x00, 0x0B, 0xF8, 0x3F, 0xC0, 0x00, 0x2F, 0xE0, 0xFF, 0x00, 0x00, 0xFF, 0x42, 0xFE, 0x00,
    0x03, 0xFC, 0x03, 0xFC, 0x00, 0x2F, 0xD0, 0x57, 0xFC, 0x02, 0xFE, 0x13, 0xC3, 0xFD, 0x3F, 0xD1,
    0xDF, 0x40, 0xF4, 0xF8, 0x0F, 0x2F, 0x97, 0xD3, 0xE5, 0xFC, 0xBF, 0xFF, 0x4F, 0xFF, 0xF1, 0xFF,
    0xFD, 0x3F, 0xFF, 0xC0, 0x00, 0x0A, 0xFE, 0x40, 0x00, 0x0B, 0xE5, 0xAF, 0x40, 0x03, 0xC0, 0x00,
    0x2D, 0x00, 0xF0, 0x00, 0x00, 0xF0, 0x1F, 0x00, 0x00, 0x0F, 0x83, 0xF0, 0x00, 0x00, 0xFC, 0x3F,
    0x00, 0x00, 0x0F, 0xD7, 0xF0, 0x00, 0x00, 0xFE, 0x7F, 0x40, 0x00, 0x0F, 0xE7, 0xFF, 0xFF, 0xFF,
    0xFE, 0x7F, 0x00, 0x00, 0x00, 0x07, 0xF0, 0x00, 0x00, 0x00, 0x3F, 0x00, 0x00, 0x00, 0x02, 0xF0,
    0x00, 0x00, 0x00, 0x0F, 0x00, 0x00, 0x01, 0x00, 0x78, 0x00, 0x01, 0xD0, 0x01, 0xF4, 0x00, 0xB4,
    0x00, 0x02, 0xFF, 0xF8, 0x00, 0x00, 0x00, 0x50, 0x00, 0x00, 0x16, 0xB0, 0x00, 0x00, 0xBC, 0x00,
    0x07, 0xFF, 0x00, 0x00, 0x1F, 0x80, 0x00, 0x1B, 0xF0, 0x00, 0x03, 0xF0, 0x00, 0x00, 0x3F, 0x00,
    0x00, 0x7E, 0x00, 0x00, 0x03, 0xF0, 0x00, 0x0F, 0xC0, 0x00, 0x00, 0x3F, 0x00, 0x02, 0xF4, 0x00,
    0x00, 0x03, 0xF0, 0x00, 0x3F, 0x0B, 0xFD, 0x00, 0x3F, 0x00, 0x0F, 0xC3, 0xEB, 0xF8, 0x03, 0xF0,
    0x01, 0xF8, 0xBC, 0x1F, 0xC0, 0x7F, 0x00, 0x3F, 0x07, 0xC1, 0xFC, 0x3F, 0xFF, 0x0B, 0xE0, 0x00,
    0x3F, 0x42, 0xAA, 0xA0, 0xFC, 0x00, 0x2F, 0x80, 0x00, 0x00, 0x2F, 0x40, 0x02, 0xFF, 0x40, 0x00,
    0x03, 0xF0, 0x00, 0x01, 0xFC, 0x00, 0x00, 0xFC, 0x00, 0x00, 0x0F, 0xD0, 0x00, 0x1F, 0x80, 0x07,
    0x92, 0xFC, 0x00, 0x03, 0xF0, 0x00, 0x7F, 0xFF, 0x80, 0x00, 0xBD, 0x00, 0x00, 0xBF, 0x90, 0x00,
    0x05, 0x40, 0x00, 0x00, 0x00, 0x00, 0x0B, 0xFD, 0x00, 0x00, 0x1F, 0x40, 0x00, 0xFE, 0xFE, 0x00,
    0x00, 0xFC, 0x00, 0x07, 0xC0, 0xFC, 0x00, 0x0B, 0xD0, 0x00, 0x1F, 0x03, 0xF0, 0x00, 0x3F, 0x00,
    0x00, 0x00, 0x0F, 0xC0, 0x02, 0xF4, 0x00, 0x00, 0x00, 0xFD, 0x00, 0x0F, 0xC0, 0x00, 0x00, 0x0B,
    0xD0, 0x00, 0xFC, 0x1F, 0xF8, 0x00, 0xFC, 0x00, 0x07, 0xE3, 0xFB, 0xFC, 0x0F, 0x81, 0xE0, 0x3F,
    0x1F, 0x43, 0xF0, 0xFE, 0xAF, 0x42, 0xF4, 0x3D, 0x0F, 0xC3, 0xFF, 0xFD, 0x0F, 0xC0, 0x00, 0xBD,
    0x0A, 0xAA, 0xA0, 0xBD, 0x00, 0x1F, 0xD0, 0x00, 0x00, 0x03, 0xF0, 0x00, 0xBF, 0xE0, 0x00, 0x00,
    0x3F, 0x00, 0x00, 0x0F, 0xD0, 0x00, 0x01, 0xF8, 0x00, 0x00, 0x3F, 0x80, 0x00, 0x0F, 0xC0, 0x03,
    0x91, 0xFD, 0x00, 0x00, 0xBD, 0x00, 0x0F, 0xFF, 0xE0, 0x00, 0x03, 0xF0, 0x00, 0x0B, 0xFD, 0x00,
    0x00, 0x05, 0x00, 0x00, 0x00, 0x00, 0x00, 0x16, 0xB0, 0x00, 0x00, 0xFC, 0x00, 0x07, 0xFF, 0x00,
    0x00, 0x2F, 0x40, 0x00, 0x1B, 0xF0, 0x00, 0x03, 0xF0, 0x00, 0x00, 0x3F, 0x00, 0x00, 0xFC, 0x00,
    0x00, 0x03, 0xF0, 0x00, 0x1F, 0x80, 0x00, 0x00, 0x3F, 0x00, 0x03, 0xF0, 0x00, 0x00, 0x03, 0xF0,
    0x00, 0x7E, 0x0B, 0xFD, 0x00, 0x3F, 0x00, 0x0F, 0xC7, 0xFB, 0xF4, 0x03, 0xF0, 0x02, 0xF4, 0xBC,
    0x0F, 0xC0, 0x7F, 0x00, 0x3F, 0x0F, 0xD0, 0xF8, 0x3F, 0xFF, 0x0F, 0xC0, 0x7F, 0xFE, 0x02, 0xAA,
    0xA1, 0xF8, 0x02, 0xFF, 0xD0, 0x00, 0x00, 0x3F, 0x00, 0x2F, 0xFF, 0x80, 0x00, 0x07, 0xE0, 0x0F,
    0xC2, 0xFC, 0x00, 0x00, 0xFC, 0x01, 0xF4, 0x0F, 0xD0, 0x00, 0x2F, 0x40, 0x1F, 0x80, 0xFC, 0x00,
    0x03, 0xF0, 0x00, 0xFF, 0xFF, 0x80, 0x00, 0xFC, 0x00, 0x01, 0xFF, 0x90, 0x00, 0x05, 0x40, 0x00,
    0x00, 0x00, 0x00, 0x07, 0xFE, 0x00, 0x00, 0x3E, 0x00, 0x00, 0xFE, 0xFF, 0x00, 0x03, 0xF0, 0x00,
    0x03, 0xD0, 0xFC, 0x00, 0x1F, 0x80, 0x00, 0x0F, 0x43, 0xF0, 0x00, 0xFC, 0x00, 0x00, 0x00, 0x2F,
    0x80, 0x0B, 0xD0, 0x00, 0x00, 0x07, 0xF4, 0x00, 0x3F, 0x00, 0x00, 0x00, 0x1F, 0xF8, 0x02, 0xF4,
    0x6F, 0xE4, 0x00, 0x03, 0xF4, 0x0F, 0xC7, 0xFB, 0xF4, 0x00, 0x0F, 0xE0, 0xFC, 0x3F, 0x03, 0xE0,
    0xF4, 0x7F, 0x47, 0xE0, 0xFD, 0x1F, 0x43, 0xFF, 0xFC, 0x3F, 0x02, 0xFE, 0xF8, 0x02, 0xFF, 0x42,
    0xF4, 0x02, 0xFF, 0xD0, 0x00, 0x00, 0x0F, 0xC0, 0x1F, 0xFF, 0xE0, 0x00, 0x00, 0xBD, 0x00, 0xF8,
    0x2F, 0xC0, 0x00, 0x07, 0xF0, 0x0B, 0xC0, 0x3F, 0x00, 0x00, 0x3F, 0x00, 0x2F, 0x81, 0xFC, 0x00,
    0x01, 0xF8, 0x00, 0x3F, 0xFF, 0xD0, 0x00, 0x0F, 0xC0, 0x00, 0x2F, 0xF8, 0x00, 0x00, 0x14, 0x00,
    0x00, 0x00, 0x00, 0x00, 0x0A, 0xAA, 0x80, 0x00, 0x7E, 0x00, 0x00, 0x7F, 0xFE, 0x00, 0x03, 0xF0,
    0x00, 0x02, 0xFA, 0xA4, 0x00, 0x2F, 0x80, 0x00, 0x0B, 0x40, 0x00, 0x00, 0xFC, 0x00, 0x00, 0x2D,
    0x64, 0x00, 0x0B, 0xD0, 0x00, 0x00, 0xFF, 0xFD, 0x00, 0x3F, 0x00, 0x00, 0x01, 0x97, 0xFC, 0x03,
    0xF0, 0x7F, 0xE0, 0x00, 0x03, 0xF0, 0x1F, 0x8B, 0xFB, 0xF0, 0x00, 0x0F, 0xC0, 0xFC, 0x3F, 0x07,
    0xE1, 0xE5, 0xFF, 0x0B, 0xD0, 0xFC, 0x1F, 0x47, 0xFF, 0xF4, 0x3F, 0x03, 0xFE, 0xF4, 0x02, 0xFE,
    0x02, 0xF4, 0x02, 0xFF, 0xD0, 0x00, 0x00, 0x0F, 0xC0, 0x1F, 0xFF, 0xD0, 0x00, 0x00, 0xFC, 0x00,
    0xF8, 0x3F, 0xC0, 0x00, 0x07, 0xE0, 0x0B, 0xC0, 0x3F, 0x00, 0x00, 0x3F, 0x00, 0x2F, 0x41, 0xFC,
    0x00, 0x02, 0xF4, 0x00, 0x3F, 0xFF, 0xD0, 0x00, 0x0F, 0xC0, 0x00, 0x2F, 0xF8, 0x00, 0x00, 0x14,
    0x00, 0x00, 0x00, 0x00, 0x00, 0x2A, 0xAA, 0x80, 0x03, 0xF0, 0x00, 0x1F, 0xFF, 0xF4, 0x01, 0xF8,
    0x00, 0x0B, 0x95, 0xBC, 0x00, 0xFC, 0x00, 0x02, 0xC0, 0x3C, 0x00, 0xBD, 0x00, 0x00, 0x00, 0x3E,
    0x00, 0x3F, 0x00, 0x00, 0x00, 0x2F, 0x00, 0x3F, 0x00, 0x00, 0x00, 0x0F, 0x80, 0x1F, 0x82, 0xFF,
    0x40, 0x07, 0xD0, 0x0F, 0xC3, 0xFB, 0xF8, 0x03, 0xF0, 0x0B, 0xE2, 0xF4, 0x3F, 0x00, 0xFC, 0x03,
    0xF0, 0xBE, 0x0F, 0x80, 0x3F, 0x02, 0xF4, 0x1F, 0xFB, 0xC0, 0x0A, 0x80, 0xFC, 0x01, 0xFF, 0xE0,
    0x00, 0x00, 0xFC, 0x00, 0xBF, 0xFF, 0x00, 0x00, 0x7E, 0x00, 0xFC, 0x1F, 0xD0, 0x00, 0x3F, 0x00,
    0x3E, 0x02, 0xF4, 0x00, 0x2F, 0x80, 0x0F, 0xC0, 0xFD, 0x00, 0x0F, 0xC0, 0x02, 0xFF, 0xFE, 0x00,
    0x0B, 0xD0, 0x00, 0x1B, 0xF9, 0x00, 0x01, 0x50, 0x00, 0x00, 0x00, 0x00, 0x0B, 0x40, 0x00, 0x07,
    0xC0, 0x00, 0x03, 0xD0, 0x00, 0x02, 0xFF, 0xFF, 0xFD, 0xBF, 0xFF, 0xFF, 0x4F, 0x00, 0x00, 0x02,
    0xE0, 0x00, 0x00, 0x3D, 0x00, 0x00, 0x00, 0x00, 0x00, 0x00, 0x02, 0x80, 0x07, 0xFD, 0x0B, 0xFF,
    0xF3, 0xCF, 0x2C, 0x43, 0xC1, 0x00, 0xF0, 0x00, 0x3C, 0x00, 0x0F, 0x00, 0x03, 0xC0, 0x00, 0xF0,
    0x00, 0x3C, 0x00, 0x0F, 0x00, 0x01, 0x40, 0x00, 0x00, 0x00, 0x3C, 0x00, 0x00, 0x02, 0xE0, 0x00,
    0x00, 0x0F, 0x03, 0xFF, 0xFF, 0xFC, 0x3F, 0xFF, 0xFF, 0xC0, 0x00, 0x00, 0xF4, 0x00, 0x00, 0x1F,
    0x00, 0x00, 0x03, 0xC0, 0x00, 0x00, 0x00, 0x00, 0x03, 0xC0, 0x00, 0xF0, 0x00, 0x3C, 0x00, 0x0F,
    0x00, 0x03, 0xC0, 0x00, 0xF0, 0x00, 0x3C, 0x00, 0x0F, 0x00, 0x93, 0xC3, 0x3E, 0xFB, 0xC3, 0xFF,
    0xD0, 0x1F, 0x80, 0x00, 0x00, 0x00, 0x00, 0x6F, 0xE4, 0x00, 0x3F, 0xFF, 0xE0, 0x0B, 0xE0, 0x3F,
    0x40, 0xFF, 0x00, 0xFC, 0x0B, 0xF0, 0x0F, 0xD0, 0x14, 0x00, 0xBE, 0x00, 0x00, 0x0B, 0xE0, 0x06,
    0xA4, 0xBF, 0x03, 0xFF, 0xEB, 0xF0, 0xFF, 0x9F, 0xFE, 0x2F, 0xE0, 0x3F, 0xE3, 0xFC, 0x03, 0xFD,
    0x3F, 0xC0, 0x3F, 0xC3, 0xF8, 0x03, 0xFC, 0x3F, 0x80, 0x3F, 0x43, 0xFC, 0x0B, 0xF0, 0x1F, 0xE7,
    0xFC, 0x00, 0x7F, 0xFE, 0x00, 0x00, 0x14, 0x00, 0x00, 0x00, 0x00, 0x00, 0x04, 0x00, 0x00, 0x00,
    0x09, 0x00, 0x02, 0xFB, 0xE7, 0x00, 0x0A, 0x00, 0x07, 0x80, 0x0D, 0x00, 0x02, 0x68, 0x09, 0x00,
    0x01, 0x83, 0x43, 0x00, 0x00, 0xC0, 0x32, 0x40, 0x00, 0x90, 0x0C, 0x80, 0x00, 0x60, 0x02, 0x70,
    0x00, 0x30, 0x00, 0x6C, 0x00, 0x24, 0x00, 0x1A, 0x00, 0x18, 0x00, 0x09, 0x60, 0x0C, 0x00, 0x03,
    0x0C, 0x08, 0x00, 0x01, 0x81, 0x86, 0x00, 0x00, 0xC0, 0x2B, 0x00, 0x00, 0xD0, 0x03, 0xC0, 0x01,
    0xD0, 0x02, 0x5B, 0xAB, 0x80, 0x00, 0xC0, 0x00, 0x00, 0x00, 0x00, 0x00, 0x00, 0x00, 0x00, 0x06,
    0xA4, 0x00, 0x00, 0x03, 0xFF, 0x00, 0x00, 0x01, 0xFF, 0xC0, 0x00, 0x00, 0xBF, 0xF8, 0x00, 0x00,
    0x3D, 0xFF, 0x00, 0x00, 0x1F, 0x2F, 0xD0, 0x00, 0x0F, 0x87, 0xF8, 0x00, 0x03, 0xC0, 0xFF, 0x00,
    0x02, 0xF0, 0x2F, 0xD0, 0x00, 0xF4, 0x07, 0xFC, 0x00, 0x7C, 0x00, 0xFF, 0x00, 0x2F, 0x00, 0x2F,
    0xE0, 0x0F, 0x40, 0x07, 0xFC, 0x0B, 0xC0, 0x00, 0xFF, 0x43, 0xE0, 0x00, 0x2F, 0xE1, 0xFE, 0xAA,
    0xAF, 0xFC, 0xBF, 0xFF, 0xFF, 0xFF, 0x5F, 0xFF, 0xFF, 0xFF, 0xC0, 0xAA, 0xAA, 0xAA, 0xAA, 0xA7,
    0xFF, 0xFF, 0xFF, 0xFF, 0xE6, 0xFF, 0xFF, 0xFF, 0xFD, 0x03, 0xFC, 0x00, 0x1F, 0xF0, 0x0F, 0xF0,
    0x00, 0x7F, 0xC0, 0x3F, 0xC0, 0x01, 0xFF, 0x00, 0xFF, 0x00, 0x07, 0xFC, 0x03, 0xFC, 0x00, 0x1F,
    0xF0, 0x0F, 0xF0, 0x00, 0x7F, 0xC0, 0x3F, 0xC0, 0x01, 0xFF, 0x00, 0xFF, 0x00, 0x07, 0xFC, 0x03,
    0xFC, 0x00, 0x1F, 0xF0, 0x0F, 0xF0, 0x00, 0x7F, 0xC0, 0x3F, 0xC0, 0x01, 0xFF, 0x00, 0xFF, 0x00,
    0x07, 0xFC, 0x03, 0xFC, 0x00, 0x1F, 0xF0, 0x0F, 0xF0, 0x00, 0x7F, 0xC0, 0x3F, 0xC0, 0x01, 0xFF,
    0x00, 0xFF, 0x00, 0x07, 0xFC, 0x1B, 0xFE, 0x40, 0x7F, 0xF4, 0xFF, 0xFF, 0x07, 0xFF, 0xFA, 0xAA,
    0xA8, 0x0A, 0xAA, 0x90, 0x2A, 0xAA, 0xAA, 0xA4, 0x3F, 0xFF, 0xFF, 0xF8, 0x3F, 0xFA, 0xAB, 0xF8,
    0x2F, 0xF4, 0x02, 0xFC, 0x0F, 0xFC, 0x00, 0xFC, 0x07, 0xFE, 0x00, 0xBC, 0x02, 0xFF, 0x00, 0x14,
    0x00, 0xFF, 0xC0, 0x00, 0x00, 0x7F, 0xD0, 0x00, 0x00, 0x3F, 0xF0, 0x00, 0x00, 0x0F, 0xF4, 0x00,
    0x00, 0x0B, 0xF0, 0x00, 0x00, 0x0F, 0xD0, 0x00, 0x00, 0x2F, 0x80, 0x00, 0x00, 0x7F, 0x00, 0x00,
    0x00, 0xFC, 0x00, 0x14, 0x03, 0xF4, 0x00, 0x7C, 0x07, 0xE0, 0x00, 0xFC, 0x0F, 0xC0, 0x01, 0xFC,
    0x3F, 0xAA, 0xAB, 0xFC, 0x3F, 0xFF, 0xFF, 0xFC, 0x2A, 0xAA, 0xAA, 0xA4, 0xFF, 0xFF, 0xF7, 0xFF,
    0xFF, 0xDA, 0xAA, 0xAA, 0x40, 0x00, 0x00, 0x1F, 0x80, 0x00, 0x0F, 0xC0, 0x00, 0x07, 0xE0, 0x00,
    0x03, 0xF0, 0x00, 0x01, 0xF8, 0x00, 0x00, 0xFC, 0x00, 0x00, 0xBD, 0x00, 0x00, 0x3F, 0x00, 0x00,
    0x2F, 0x40, 0x00, 0x0F, 0xC0, 0x00, 0x0B, 0xD0, 0x00, 0x03, 0xF0, 0x00, 0x02, 0xF4, 0x00, 0x01,
    0xF8, 0x00, 0x00, 0xFC, 0x00, 0x00, 0x7E, 0x00, 0x00, 0x3F, 0x00, 0x00, 0x1F, 0x80, 0x00, 0x01,
    0x40, 0x00, 0x00, 0x09, 0x03, 0xFC, 0xBF, 0xD7, 0xFC, 0x1F, 0x40, 0x00, 0x00, 0x00, 0xF0, 0x00,
    0x00, 0x07, 0xC0, 0x00, 0x00, 0x2E, 0x00, 0x00, 0x00, 0xF4, 0x00, 0x00, 0x03, 0xC0, 0x00, 0x00,
    0x1F, 0x00, 0x00, 0x00, 0xB8, 0x05, 0x54, 0x03, 0xD0, 0x7F, 0xF4, 0x0F, 0x00, 0xBF, 0xE0, 0x7C,
    0x00, 0x3F, 0xC2, 0xE0, 0x00, 0xBF, 0x8B, 0x40, 0x01, 0xFF, 0x3C, 0x00, 0x03, 0xFE, 0xF0, 0x00,
    0x07, 0xFF, 0x80, 0x00, 0x0F, 0xFD, 0x00, 0x00, 0x2F, 0xF0, 0x00, 0x00, 0x3F, 0xC0, 0x00, 0x00,
    0xBF, 0x00, 0x00, 0x00, 0x00, 0x00, 0x00, 0x0B, 0xF8, 0x0B, 0xE0, 0x2F, 0xFF, 0x7F, 0xFC, 0x3F,
    0xBF, 0xF0, 0x3D, 0x3C, 0x0F, 0xF0, 0x3D, 0x3C, 0x0F, 0xFE, 0xBD, 0x3F, 0xBD, 0xFF, 0xFC, 0x0F,
    0xE0, 0x1F, 0xE0, 0x00, 0x00, 0x00, 0x00, 0x00, 0x00, 0x00, 0x00, 0x00, 0x7F, 0xE0, 0x00, 0x1F,
    0xEF, 0xC0, 0x03, 0xF0, 0xFC, 0x00, 0x7E, 0x1F, 0xC0, 0x0B, 0xE0, 0xA0, 0x00, 0xFE, 0x00, 0x00,
    0x0F, 0xF0, 0x00, 0x00, 0xFF, 0x00, 0x00, 0x0F, 0xF0, 0x00, 0x00, 0xBF, 0x40, 0x00, 0x0B, 0xF4,
    0x00, 0x00, 0x7F, 0x80, 0x00, 0x03, 0xF8, 0x00, 0x00, 0x3F, 0xC0, 0x00, 0x03, 0xFC, 0x00, 0x00,
    0x2F, 0xC0, 0x00, 0x02, 0xFC, 0x00, 0x00, 0x1F, 0xC0, 0x02, 0x81, 0xFC, 0x00, 0xBE, 0x1F, 0x80,
    0x0F, 0xE2, 0xF4, 0x00, 0xBE, 0xBE, 0x00, 0x02, 0xFF, 0x40, 0x00, 0x00, 0x00, 0x00, 0x00, 0x0A,
    0x90, 0x09, 0x0B, 0xFF, 0xFF, 0xC3, 0xFF, 0xFF, 0xD0, 0xE0, 0x6F, 0xE0, 0x00, 0x00, 0x00, 0x01,
    0xA4, 0x02, 0x42, 0xFF, 0xFA, 0xF0, 0xFF, 0xFF, 0xF4, 0x38, 0x1B, 0xF8, 0x00, 0x00, 0x00, 0x00,
    0x00, 0x00, 0x00, 0x00, 0x2E, 0x00, 0x00, 0xF8, 0x15, 0x5B, 0xD4, 0xFF, 0xFF, 0xF7, 0xFF, 0xFF,
    0xD5, 0x5F, 0xD5, 0x00, 0x3E, 0x00, 0x6A, 0xFA, 0xA3, 0xFF, 0xFF, 0xDF, 0xFF, 0xFF, 0x42, 0xF4,
    0x00, 0x0F, 0xC0, 0x00, 0x3D, 0x00, 0x00, 0x10, 0x00, 0x00, 0x00, 0x00, 0x00, 0x00, 0x00, 0xBC,
    0x00, 0x1F, 0xFC, 0x01, 0xFF, 0xD0, 0x1F, 0xF9, 0x00, 0x3F, 0xC0, 0x00, 0x3F, 0xF4, 0x00, 0x07,
    0xFF, 0x80, 0x00, 0x2F, 0xF8, 0x00, 0x02, 0xFC, 0x00, 0x00, 0x14, 0x15, 0x55, 0x54, 0x3F, 0xFF,
    0xFC, 0x3F, 0xFF, 0xFC, 0x10, 0x00, 0x01, 0xF4, 0x00, 0x0B, 0xFE, 0x00, 0x02, 0xFF, 0x80, 0x00,
    0x7F, 0xE0, 0x00, 0x1F, 0xE0, 0x02, 0xFF, 0x41, 0xBF, 0xE0, 0x7F, 0xF4, 0x01, 0xFD, 0x00, 0x02,
    0x40, 0x00, 0x05, 0x55, 0x54, 0x7F, 0xFF, 0xF9, 0xFF, 0xFF, 0xE0, 0x00, 0x01, 0x69, 0x00, 0x00,
    0x02, 0xFF, 0xFF, 0x00, 0x00, 0xBF, 0x45, 0xFC, 0x00, 0x1F, 0xC0, 0x1F, 0xD0, 0x03, 0xFC, 0x01,
    0xFC, 0x00, 0x3F, 0x80, 0x05, 0x00, 0x03, 0xF8, 0x00, 0x00, 0x02, 0xBF, 0xFF, 0xFF, 0xD0, 0x3F,
    0xFF, 0xFF, 0xFE, 0x01, 0xBF, 0xD5, 0x6F, 0xE0, 0x07, 0xF8, 0x01, 0xFE, 0x00, 0x7F, 0x80, 0x1F,
    0xE0, 0x07, 0xF8, 0x01, 0xFE, 0x00, 0x7F, 0x80, 0x1F, 0xE0, 0x07, 0xF8, 0x01, 0xFE, 0x00, 0x7F,
    0x80, 0x1F, 0xE0, 0x07, 0xF8, 0x01, 0xFE, 0x00, 0x7F, 0xC0, 0x1F, 0xF0, 0x3F, 0xFF, 0x4F, 0xFF,
    0xD3, 0xFF, 0xF8, 0xFF, 0xFE, 0x00, 0x01, 0xA4, 0x00, 0x00, 0x02, 0xFF, 0xFD, 0xB0, 0x00, 0xFF,
    0x57, 0xFF, 0x00, 0x2F, 0xC0, 0x0F, 0xF0, 0x03, 0xFC, 0x00, 0xFF, 0x00, 0x3F, 0x80, 0x0F, 0xF0,
    0x03, 0xF8, 0x00, 0xFF, 0x02, 0xFF, 0xFF, 0x4F, 0xF0, 0x3F, 0xFF, 0xF4, 0xFF, 0x01, 0xBF, 0xD5,
    0x0F, 0xF0, 0x07, 0xF8, 0x00, 0xFF, 0x00, 0x7F, 0x80, 0x0F, 0xF0, 0x07, 0xF8, 0x00, 0xFF, 0x00,
    0x7F, 0x80, 0x0F, 0xF0, 0x07, 0xF8, 0x00, 0xFF, 0x00, 0x7F, 0x80, 0x0F, 0xF0, 0x07, 0xF8, 0x00,
    0xFF, 0x00, 0x7F, 0xC0, 0x0F, 0xF0, 0x3F, 0xFF, 0x87, 0xFF, 0xF3, 0xFF, 0xFC, 0xBF, 0xFF
};

static const EpdGlyph PROGMEM literata_small_bold_2bGlyphs[] = {
    {0, 0, 5, 0, 0, 0, 0},
    {6, 19, 8, 1, 18, 29, 0},
    {9, 7, 11, 1, 20, 16, 29},
    {17, 15, 17, 0, 14, 64, 45},
    {15, 23, 15, 0, 20, 87, 109},
    {22, 16, 23, 0, 15, 88, 196},
    {20, 19, 21, 1, 18, 95, 284},
    {4, 7, 6, 1, 20, 7, 379},
    {8, 27, 9, 1, 21, 54, 386},
    {8, 27, 9, 0, 21, 54, 440},
    {11, 11, 11, 0, 20, 31, 494},
    {12, 11, 15, 1, 13, 33, 525},
    {6, 9, 8, 1, 4, 14, 558},
    {8, 4, 8, 0, 9, 8, 572},
    {6, 5, 8, 1, 4, 8, 580},
    {12, 24, 12, 0, 21, 72, 588},
    {15, 19, 15, 0, 18, 72, 660},
    {10, 18, 10, 0, 18, 45, 732},
    {13, 18, 13, 0, 18, 59, 777},
    {13, 19, 14, 0, 18, 62, 836},
    {15, 18, 15, 0, 18, 68, 898},
    {13, 19, 14, 0, 18, 62, 966},
    {14, 19, 15, 0, 18, 67, 1028},
    {14, 19, 14, 0, 18, 67, 1095},
    {15, 19, 15, 0, 18, 72, 1162},
    {14, 19, 14, 0, 18, 67, 1234},
    {6, 15, 8, 1, 14, 23, 1301},
    {6, 19, 8, 1, 14, 29, 1324},
    {12, 14, 15, 1, 14, 42, 1353},
    {11, 9, 15, 2, 12, 25, 1395},
    {11, 14, 15, 2, 14, 39, 1420},
    {12, 19, 14, 1, 18, 57, 1459},
    {22, 20, 24, 1, 15, 110, 1516},
    {19, 18, 19, 0, 18, 86, 1626},
    {16, 18, 17, 1, 18, 72, 1712},
    {16, 19, 18, 1, 18, 76, 1784},
    {18, 18, 19, 1, 18, 81, 1860},
    {15, 18, 17, 1, 18, 68, 1941},
    {15, 18, 16, 1, 18, 68, 2009},
    {18, 19, 19, 1, 18, 86, 2077},
    {19, 18, 21, 1, 18, 86, 2163},
    {9, 18, 10, 1, 18, 41, 2249},
    {14, 19, 14, 0, 18, 67, 2290},
    {19, 19, 20, 1, 18, 91, 2357},
    {15, 18, 16, 1, 18, 68, 2448},
    {23, 18, 25, 1, 18, 104, 2516},
    {19, 18, 21, 1, 18, 86, 2620},
    {18, 19, 19, 1, 18, 86, 2706},
    {15, 18, 16, 1, 18, 68, 2792},
    {22, 23, 20, 1, 18, 127, 2860},
    {18, 19, 19, 1, 18, 86, 2987},
    {14, 19, 15, 1, 18, 67, 3073},
    {19, 18, 19, 0, 18, 86, 3140},
    {19, 19, 20, 0, 18, 91, 3226},
    {19, 18, 19, 0, 18, 86, 3317},
    {28, 18, 28, 0, 18, 126, 3403},
    {19, 18, 19, 0, 18, 86, 3529},
    {19, 18, 19, 0, 18, 86, 3615},
    {16, 18, 17, 1, 18, 72, 3701},
    {7, 27, 9, 2, 21, 48, 3773},
    {12, 24, 12, 0, 21, 72, 3821},
    {7, 27, 9, 0, 21, 48, 3893},
    {14, 10, 15, 0, 18, 35, 3941},
    {12, 3, 12, 0, 0, 9, 3976},
    {7, 7, 13, 2, 21, 13, 3985},
    {15, 15, 14, 0, 14, 57, 3998},
    {16, 21, 16, 0, 20, 84, 4055},
    {14, 15, 14, 0, 14, 53, 4139},
    {16, 21, 16, 0, 20, 84, 4192},
    {14, 15, 14, 0, 14, 53, 4276},
    {13, 20, 11, 0, 20, 65, 4329},
    {16, 22, 15, 0, 16, 88, 4394},
    {17, 20, 17, 0, 20, 85, 4482},
    {9, 20, 9, 0, 20, 45, 4567},
    {7, 26, 8, 0, 20, 46, 4612},
    {17, 21, 17, 0, 20, 90, 4658},
    {9, 20, 9, 0, 20, 45, 4748},
    {25, 14, 25, 0, 14, 88, 4793},
    {17, 14, 17, 0, 14, 60, 4881},
    {15, 15, 16, 0, 14, 57, 4941},
    {16, 20, 17, 0, 14, 80, 4998},
    {16, 20, 16, 0, 14, 80, 5078},
    {14, 14, 14, 0, 14, 49, 5158},
    {11, 15, 12, 1, 14, 42, 5207},
    {11, 19, 11, 0, 18, 53, 5249},
    {17, 14, 17, 0, 13, 60, 5302},
    {16, 13, 16, 0, 13, 52, 5362},
    {23, 13, 23, 0, 13, 75, 5414},
    {15, 13, 15, 0, 13, 49, 5489},
    {16, 19, 15, 0, 13, 76, 5538},
    {13, 13, 13, 0, 13, 43, 5614},
    {9, 27, 9, 0, 21, 61, 5657},
    {3, 24, 11, 4, 21, 18, 5718},
    {9, 27, 9, 0, 21, 61, 5736},
    {13, 5, 15, 1, 10, 17, 5797},
    {0, 0, 5, 0, 0, 0, 5814},
    {6, 20, 9, 1, 14, 30, 5814},
    {14, 18, 14, 0, 17, 63, 5844},
    {15, 18, 15, 0, 18, 68, 5907},
    {14, 12, 14, 0, 14, 42, 5975},
    {19, 18, 19, 0, 18, 86, 6017},
    {3, 24, 11, 4, 21, 18, 6103},
    {15, 24, 16, 0, 19, 90, 6121},
    {11, 5, 13, 1, 20, 14, 6211},
    {19, 18, 21, 1, 17, 86, 6225},
    {12, 10, 11, 0, 19, 30, 6311},
    {13, 13, 14, 0, 13, 43, 6341},
    {12, 7, 15, 1, 10, 21, 6384},
    {0, 0, 0, 0, 0, 0, 6405},
    {11, 11, 12, 1, 20, 31, 6405},
    {9, 4, 13, 2, 19, 9, 6436},
    {8, 7, 9, 1, 20, 14, 6445},
    {12, 14, 15, 1, 14, 42, 6459},
    {10, 12, 10, 0, 21, 30, 6501},
    {10, 12, 11, 0, 21, 30, 6531},
    {6, 7, 13, 4, 21, 11, 6561},
    {16, 19, 17, 1, 13, 76, 6572},
    {14, 22, 16, 1, 18, 77, 6648},
    {6, 5, 8, 1, 10, 8, 6725},
    {7, 8, 13, 3, 1, 14, 6733},
    {9, 12, 8, 0, 21, 27, 6747},
    {11, 10, 11, 0, 19, 28, 6774},
    {13, 13, 14, 0, 13, 43, 6802},
    {25, 19, 25, 0, 18, 119, 6845},
    {26, 19, 26, 0, 18, 124, 6964},
    {26, 19, 26, 0, 18, 124, 7088},
    {12, 20, 14, 1, 14, 60, 7212},
    {19, 24, 19, 0, 24, 114, 7272},
    {19, 24, 19, 0, 24, 114, 7386},
    {19, 24, 19, 0, 24, 114, 7500},
    {19, 24, 19, 0, 24, 114, 7614},
    {19, 24, 19, 0, 24, 114, 7728},
    {19, 25, 19, 0, 25, 119, 7842},
    {25, 18, 26, 0, 18, 113, 7961},
    {16, 25, 18, 1, 18, 100, 8074},
    {15, 24, 17, 1, 24, 90, 8174},
    {15, 24, 17, 1, 24, 90, 8264},
    {15, 24, 17, 1, 24, 90, 8354},
    {15, 24, 17, 1, 24, 90, 8444},
    {9, 24, 10, 1, 24, 54, 8534},
    {9, 24, 10, 1, 24, 54, 8588},
    {10, 24, 10, 0, 24, 60, 8642},
    {11, 24, 10, 0, 24, 66, 8702},
    {19, 18, 19, 0, 18, 86, 8768},
    {19, 24, 21, 1, 24, 114, 8854},
    {18, 25, 19, 1, 24, 113, 8968},
    {18, 25, 19, 1, 24, 113, 9081},
    {18, 25, 19, 1, 24, 113, 9194},
    {18, 25, 19, 1, 24, 113, 9307},
    {18, 25, 19, 1, 24, 113, 9420},
    {11, 11, 15, 2, 13, 31, 9533},
    {19, 19, 19, 0, 18, 91, 9564},
    {19, 25, 20, 0, 24, 119, 9655},
    {19, 25, 20, 0, 24, 119, 9774},
    {19, 25, 20, 0, 24, 119, 9893},
    {19, 25, 20, 0, 24, 119, 10012},
    {19, 24, 19, 0, 24, 114, 10131},
    {15, 18, 16, 1, 18, 68, 10245},
    {19, 21, 19, 0, 20, 100, 10313},
    {15, 22, 14, 0, 21, 83, 10413},
    {15, 22, 14, 0, 21, 83, 10496},
    {15, 22, 14, 0, 21, 83, 10579},
    {15, 21, 14, 0, 20, 79, 10662},
    {15, 21, 14, 0, 20, 79, 10741},
    {15, 22, 14, 0, 21, 83, 10820},
    {21, 15, 21, 0, 14, 79, 10903},
    {14, 21, 14, 0, 14, 74, 10982},
    {14, 22, 14, 0, 21, 77, 11056},
    {14, 22, 14, 0, 21, 77, 11133},
    {14, 22, 14, 0, 21, 77, 11210},
    {14, 21, 14, 0, 20, 74, 11287},
    {9, 21, 9, 0, 21, 48, 11361},
    {9, 21, 9, 0, 21, 48, 11409},
    {10, 21, 9, -1, 21, 53, 11457},
    {11, 20, 9, -2, 20, 55, 11510},
    {15, 22, 15, 0, 21, 83, 11565},
    {17, 20, 17, 0, 20, 85, 11648},
    {15, 22, 16, 0, 21, 83, 11733},
    {15, 22, 16, 0, 21, 83, 11816},
    {15, 22, 16, 0, 21, 83, 11899},
    {15, 21, 16, 0, 20, 79, 11982},
    {15, 21, 16, 0, 20, 79, 12061},
    {12, 14, 15, 1, 15, 42, 12140},
    {15, 15, 16, 0, 14, 57, 12182},
    {17, 22, 17, 0, 21, 94, 12239},
    {17, 22, 17, 0, 21, 94, 12333},
    {17, 22, 17, 0, 21, 94, 12427},
    {17, 21, 17, 0, 20, 90, 12521},
    {16, 27, 15, 0, 21, 108, 12611},
    {16, 26, 16, 0, 20, 104, 12719},
    {16, 26, 15, 0, 20, 104, 12823},
    {19, 23, 19, 0, 23, 110, 12927},
    {15, 20, 14, 0, 19, 75, 13037},
    {19, 24, 19, 0, 24, 114, 13112},
    {15, 21, 14, 0, 20, 79, 13226},
    {19, 25, 19, 0, 18, 119, 13305},
    {15, 21, 14, 0, 14, 79, 13424},
    {16, 25, 18, 1, 24, 100, 13503},
    {14, 22, 14, 0, 21, 77, 13603},
    {16, 25, 18, 1, 24, 100, 13680},
    {14, 22, 14, 0, 21, 77, 13780},
    {16, 25, 18, 1, 24, 100, 13857},
    {14, 21, 14, 0, 20, 74, 13957},
    {16, 26, 18, 1, 25, 104, 14031},
    {14, 22, 14, 0, 21, 77, 14135},
    {18, 25, 19, 1, 25, 113, 14212},
    {19, 21, 19, 0, 20, 100, 14325},
    {19, 18, 19, 0, 18, 86, 14425},
    {17, 21, 16, 0, 20, 90, 14511},
    {15, 23, 17, 1, 23, 87, 14601},
    {14, 20, 14, 0, 19, 70, 14688},
    {15, 24, 17, 1, 24, 90, 14758},
    {14, 21, 14, 0, 20, 74, 14848},
    {15, 24, 17, 1, 24, 90, 14922},
    {14, 21, 14, 0, 20, 74, 15012},
    {15, 25, 17, 1, 18, 94, 15086},
    {14, 21, 14, 0, 14, 74, 15180},
    {15, 25, 17, 1, 25, 94, 15254},
    {14, 22, 14, 0, 21, 77, 15348},
    {18, 25, 19, 1, 24, 113, 15425},
    {16, 27, 15, 0, 21, 108, 15538},
    {18, 25, 19, 1, 24, 113, 15646},
    {16, 26, 15, 0, 20, 104, 15759},
    {18, 25, 19, 1, 24, 113, 15863},
    {16, 26, 15, 0, 20, 104, 15976},
    {18, 26, 19, 1, 18, 117, 16080},
    {16, 27, 15, 0, 21, 108, 16197},
    {19, 24, 21, 1, 24, 114, 16305},
    {18, 25, 17, -1, 25, 113, 16419},
    {20, 18, 20, 0, 18, 90, 16532},
    {17, 20, 17, 0, 20, 85, 16622},
    {10, 24, 10, 0, 24, 60, 16707},
    {10, 20, 9, -1, 20, 50, 16767},
    {9, 23, 10, 1, 23, 52, 16817},
    {10, 19, 9, -1, 19, 48, 16869},
    {10, 24, 10, 0, 24, 60, 16917},
    {10, 20, 9, -1, 20, 50, 16977},
    {9, 25, 10, 1, 18, 57, 17027},
    {9, 27, 9, 0, 20, 61, 17084},
    {9, 24, 10, 1, 24, 54, 17145},
    {9, 13, 9, 0, 13, 30, 17199},
    {24, 19, 25, 1, 18, 114, 17229},
    {16, 26, 18, 0, 20, 104, 17343},
    {15, 25, 14, 0, 24, 94, 17447},
    {10, 27, 8, -1, 21, 68, 17541},
    {19, 26, 20, 1, 18, 124, 17609},
    {17, 28, 17, 0, 20, 119, 17733},
    {17, 14, 17, 0, 13, 60, 17852},
    {15, 24, 16, 1, 24, 90, 17912},
    {9, 25, 9, 0, 25, 57, 18002},
    {15, 26, 16, 1, 18, 98, 18059},
    {9, 28, 9, 0, 20, 63, 18157},
    {15, 20, 16, 1, 20, 75, 18220},
    {12, 20, 12, 0, 20, 60, 18295},
    {15, 18, 16, 1, 18, 68, 18355},
    {12, 20, 9, 0, 20, 60, 18423},
    {16, 18, 16, 0, 18, 72, 18483},
    {10, 20, 9, 0, 20, 50, 18555},
    {19, 24, 21, 1, 24, 114, 18605},
    {17, 21, 17, 0, 21, 90, 18719},
    {19, 26, 21, 1, 18, 124, 18809},
    {17, 22, 17, 0, 14, 94, 18933},
    {19, 25, 21, 1, 25, 119, 19027},
    {17, 21, 17, 0, 21, 90, 19146},
    {21, 20, 21, 0, 20, 105, 19236},
    {19, 24, 21, 1, 18, 114, 19341},
    {16, 20, 17, 0, 14, 80, 19455},
    {18, 24, 19, 1, 23, 108, 19535},
    {15, 20, 16, 0, 19, 75, 19643},
    {18, 25, 19, 1, 24, 113, 19718},
    {15, 21, 16, 0, 20, 79, 19831},
    {18, 25, 19, 1, 24, 113, 19910},
    {15, 21, 16, 0, 20, 79, 20023},
    {26, 19, 27, 1, 18, 124, 20102},
    {23, 15, 24, 0, 14, 87, 20226},
    {18, 25, 19, 1, 24, 113, 20313},
    {14, 21, 14, 0, 21, 74, 20426},
    {18, 26, 19, 1, 18, 117, 20500},
    {14, 22, 14, 0, 14, 77, 20617},
    {18, 26, 19, 1, 25, 117, 20694},
    {14, 21, 14, 0, 21, 74, 20811},
    {14, 25, 15, 1, 24, 88, 20885},
    {11, 22, 12, 1, 21, 61, 20973},
    {14, 25, 15, 1, 24, 88, 21034},
    {11, 22, 12, 1, 21, 61, 21122},
    {14, 25, 15, 1, 18, 88, 21183},
    {11, 21, 12, 1, 14, 58, 21271},
    {14, 26, 15, 1, 25, 91, 21329},
    {11, 22, 12, 1, 21, 61, 21420},
    {19, 25, 19, 0, 18, 119, 21481},
    {11, 25, 11, 0, 18, 69, 21600},
    {19, 25, 19, 0, 25, 119, 21669},
    {11, 22, 11, 0, 21, 61, 21788},
    {19, 18, 19, 0, 18, 86, 21849},
    {11, 19, 11, 0, 18, 53, 21935},
    {19, 25, 20, 0, 24, 119, 21988},
    {17, 21, 17, 0, 20, 90, 22107},
    {19, 24, 20, 0, 23, 114, 22197},
    {17, 20, 17, 0, 19, 85, 22311},
    {19, 25, 20, 0, 24, 119, 22396},
    {17, 21, 17, 0, 20, 90, 22515},
    {19, 26, 20, 0, 25, 124, 22605},
    {17, 22, 17, 0, 21, 94, 22729},
    {19, 25, 20, 0, 24, 119, 22823},
    {17, 21, 17, 0, 20, 90, 22942},
    {19, 25, 20, 0, 18, 119, 23032},
    {17, 20, 17, 0, 13, 85, 23151},
    {28, 24, 28, 0, 24, 168, 23236},
    {23, 21, 23, 0, 21, 121, 23404},
    {19, 24, 19, 0, 24, 114, 23525},
    {16, 27, 15, 0, 21, 108, 23639},
    {19, 24, 19, 0, 24, 114, 23747},
    {16, 24, 17, 1, 24, 96, 23861},
    {13, 21, 13, 0, 21, 69, 23957},
    {16, 24, 17, 1, 24, 96, 24026},
    {13, 20, 13, 0, 20, 65, 24122},
    {16, 25, 17, 1, 25, 100, 24187},
    {13, 21, 13, 0, 21, 69, 24287},
    {16, 19, 18, 1, 18, 76, 24356},
    {18, 23, 15, -2, 18, 104, 24432},
    {21, 21, 22, 1, 20, 111, 24536},
    {18, 18, 17, 0, 17, 81, 24647},
    {23, 21, 22, 0, 20, 121, 24728},
    {20, 18, 19, 0, 17, 90, 24849},
    {34, 25, 36, 1, 25, 213, 24939},
    {31, 21, 33, 1, 21, 163, 25152},
    {30, 22, 30, 0, 21, 165, 25315},
    {29, 19, 30, 1, 18, 138, 25480},
    {22, 26, 25, 1, 20, 143, 25618},
    {16, 26, 17, 0, 20, 104, 25761},
    {33, 19, 35, 1, 18, 157, 25865},
    {27, 26, 29, 1, 20, 176, 26022},
    {24, 26, 26, 0, 20, 156, 26198},
    {19, 25, 19, 0, 25, 119, 26354},
    {15, 22, 14, 0, 21, 83, 26473},
    {10, 25, 10, 0, 25, 63, 26556},
    {10, 21, 9, -1, 21, 53, 26619},
    {18, 26, 19, 1, 25, 117, 26672},
    {15, 22, 16, 0, 21, 83, 26789},
    {19, 26, 20, 0, 25, 124, 26872},
    {17, 22, 17, 0, 21, 94, 26996},
    {19, 29, 20, 0, 28, 138, 27090},
    {17, 25, 17, 0, 24, 107, 27228},
    {19, 31, 20, 0, 30, 148, 27335},
    {17, 27, 17, 0, 26, 115, 27483},
    {19, 31, 20, 0, 30, 148, 27598},
    {17, 28, 17, 0, 27, 119, 27746},
    {19, 30, 20, 0, 29, 143, 27865},
    {17, 27, 17, 0, 26, 115, 28008},
    {18, 26, 19, 1, 25, 117, 28123},
    {16, 27, 15, 0, 21, 108, 28240},
    {18, 25, 19, 1, 18, 113, 28348},
    {15, 21, 16, 0, 14, 79, 28461},
    {19, 28, 19, 0, 28, 133, 28540},
    {15, 27, 14, 0, 26, 102, 28673},
    {25, 24, 26, 0, 24, 150, 28775},
    {21, 22, 21, 0, 21, 116, 28925},
    {19, 25, 19, 0, 24, 119, 29041},
    {15, 22, 16, 0, 21, 83, 29160},
    {19, 25, 19, 0, 25, 119, 29243},
    {15, 21, 14, 0, 20, 79, 29362},
    {19, 24, 19, 0, 24, 114, 29441},
    {15, 21, 14, 0, 20, 79, 29555},
    {15, 25, 17, 1, 25, 94, 29634},
    {14, 21, 14, 0, 20, 74, 29728},
    {15, 24, 17, 1, 24, 90, 29802},
    {14, 21, 14, 0, 20, 74, 29892},
    {12, 25, 10, -2, 25, 75, 29966},
    {12, 20, 9, -3, 20, 60, 30041},
    {10, 24, 10, 0, 24, 60, 30101},
    {10, 20, 9, -1, 20, 50, 30161},
    {18, 26, 19, 1, 25, 117, 30211},
    {15, 21, 16, 0, 20, 79, 30328},
    {18, 25, 19, 1, 24, 113, 30407},
    {15, 21, 16, 0, 20, 79, 30520},
    {18, 26, 19, 1, 25, 117, 30599},
    {14, 20, 14, 0, 20, 70, 30716},
    {18, 25, 19, 1, 24, 113, 30786},
    {14, 20, 14, 0, 20, 70, 30899},
    {19, 26, 20, 0, 25, 124, 30969},
    {17, 21, 17, 0, 20, 90, 31093},
    {19, 25, 20, 0, 24, 119, 31183},
    {17, 21, 17, 0, 20, 90, 31302},
    {14, 26, 15, 1, 18, 91, 31392},
    {11, 22, 12, 1, 14, 61, 31483},
    {19, 26, 19, 0, 18, 124, 31544},
    {11, 26, 11, 0, 18, 72, 31668},
    {18, 29, 19, 1, 28, 131, 31740},
    {15, 25, 16, 0, 24, 94, 31871},
    {18, 29, 19, 1, 28, 131, 31965},
    {15, 25, 16, 0, 24, 94, 32096},
    {18, 29, 19, 1, 28, 131, 32190},
    {15, 25, 16, 0, 24, 94, 32321},
    {19, 23, 19, 0, 23, 110, 32415},
    {16, 25, 15, 0, 19, 100, 32525},
    {7, 19, 8, 0, 13, 34, 32625},
    {17, 15, 17, 0, 14, 64, 32659},
    {14, 15, 14, 0, 14, 53, 32723},
    {15, 20, 16, 0, 14, 75, 32776},
    {7, 7, 0, -4, 21, 13, 32851},
    {6, 7, 0, -2, 21, 11, 32864},
    {10, 7, 0, -5, 21, 18, 32875},
    {10, 5, 0, -5, 20, 13, 32893},
    {8, 4, 0, -4, 19, 8, 32906},
    {10, 6, 0, -5, 20, 15, 32914},
    {6, 5, 0, -3, 20, 8, 32929},
    {10, 5, 0, -5, 20, 13, 32937},
    {8, 7, 0, -4, 21, 14, 32950},
    {8, 7, 0, -4, 21, 14, 32964},
    {11, 6, 0, -4, 20, 17, 32978},
    {10, 7, 0, -5, 21, 18, 32995},
    {11, 6, 0, -7, 20, 17, 33013},
    {10, 6, 0, -5, 20, 15, 33030},
    {4, 7, 0, -2, 21, 7, 33045},
    {6, 9, 0, -3, 17, 14, 33052},
    {6, 5, 0, -3, -1, 8, 33066},
    {10, 5, 0, -5, -1, 13, 33074},
    {5, 7, 0, -3, -1, 9, 33087},
    {7, 8, 0, -3, 1, 14, 33096},
    {7, 8, 0, -3, 1, 14, 33110},
    {10, 6, 0, -5, -1, 15, 33124},
    {8, 4, 0, -4, -1, 8, 33139},
    {6, 8, 9, 1, 20, 12, 33147},
    {6, 8, 9, 2, 3, 12, 33159},
    {6, 6, 7, 1, 0, 9, 33171},
    {6, 19, 8, 1, 14, 29, 33180},
    {6, 7, 12, 4, 21, 11, 33209},
    {14, 7, 16, 1, 21, 25, 33220},
    {21, 18, 19, -2, 18, 95, 33245},
    {6, 5, 8, 1, 13, 8, 33340},
    {22, 18, 17, -6, 18, 99, 33348},
    {26, 18, 21, -6, 18, 117, 33447},
    {16, 18, 10, -6, 18, 72, 33564},
    {24, 19, 19, -5, 18, 114, 33636},
    {25, 18, 19, -6, 18, 113, 33750},
    {24, 18, 20, -4, 18, 108, 33863},
    {14, 22, 9, -2, 21, 77, 33971},
    {19, 18, 19, 0, 18, 86, 34048},
    {16, 18, 17, 1, 18, 72, 34134},
    {14, 18, 16, 1, 18, 63, 34206},
    {17, 18, 17, 0, 18, 77, 34269},
    {15, 18, 17, 1, 18, 68, 34346},
    {16, 18, 17, 1, 18, 72, 34414},
    {19, 18, 21, 1, 18, 86, 34486},
    {19, 19, 20, 1, 18, 91, 34572},
    {9, 18, 10, 1, 18, 41, 34663},
    {19, 19, 20, 1, 18, 91, 34704},
    {19, 18, 18, 0, 18, 86, 34795},
    {23, 18, 25, 1, 18, 104, 34881},
    {19, 18, 21, 1, 18, 86, 34985},
    {17, 18, 17, 0, 18, 77, 35071},
    {18, 19, 19, 1, 18, 86, 35148},
    {19, 18, 21, 1, 18, 86, 35234},
    {15, 18, 16, 1, 18, 68, 35320},
    {16, 18, 17, 1, 18, 72, 35388},
    {19, 18, 19, 0, 18, 86, 35460},
    {19, 18, 19, 0, 18, 86, 35546},
    {21, 20, 23, 1, 19, 105, 35632},
    {19, 18, 19, 0, 18, 86, 35737},
    {24, 18, 24, 0, 18, 108, 35823},
    {19, 18, 20, 1, 18, 86, 35931},
    {11, 25, 10, 0, 25, 69, 36017},
    {19, 25, 19, 0, 25, 119, 36086},
    {16, 22, 17, 1, 21, 88, 36205},
    {13, 22, 14, 1, 21, 72, 36293},
    {15, 27, 16, 0, 21, 102, 36365},
    {8, 22, 9, 1, 21, 44, 36467},
    {16, 22, 16, 0, 21, 88, 36511},
    {16, 15, 17, 1, 14, 60, 36599},
    {15, 26, 17, 1, 20, 98, 36659},
    {15, 19, 16, 0, 14, 72, 36757},
    {14, 21, 15, 0, 20, 74, 36829},
    {13, 15, 14, 1, 14, 49, 36903},
    {13, 27, 12, 0, 21, 88, 36952},
    {15, 20, 16, 0, 14, 75, 37040},
    {14, 21, 16, 1, 20, 74, 37115},
    {8, 14, 9, 1, 13, 28, 37189},
    {15, 15, 16, 1, 14, 57, 37217},
    {17, 21, 16, 0, 20, 90, 37274},
    {16, 19, 17, 1, 13, 76, 37364},
    {15, 15, 16, 0, 14, 57, 37440},
    {13, 27, 13, 0, 21, 88, 37497},
    {15, 15, 15, 0, 14, 57, 37585},
    {17, 15, 18, 0, 14, 64, 37642},
    {14, 20, 15, 1, 14, 70, 37706},
    {13, 20, 13, 0, 14, 65, 37776},
    {16, 15, 17, 0, 14, 60, 37841},
    {13, 15, 14, 0, 14, 49, 37901},
    {16, 15, 16, 0, 14, 60, 37950},
    {20, 24, 20, 0, 18, 120, 38010},
    {16, 20, 15, 0, 14, 80, 38130},
    {20, 24, 20, 0, 18, 120, 38210},
    {19, 14, 21, 1, 13, 67, 38330},
    {11, 21, 9, -2, 20, 58, 38397},
    {16, 21, 16, 0, 20, 84, 38455},
    {15, 22, 15, 0, 21, 83, 38539},
    {16, 22, 16, 0, 21, 88, 38622},
    {19, 22, 21, 1, 21, 105, 38710},
    {15, 20, 16, 1, 14, 75, 38815},
    {18, 24, 20, 1, 18, 108, 38890},
    {15, 19, 16, 0, 14, 72, 38998},
    {15, 24, 17, 1, 18, 90, 39070},
    {14, 22, 14, 0, 16, 77, 39160},
    {15, 18, 16, 1, 18, 68, 39237},
    {13, 21, 11, 0, 20, 69, 39305},
    {13, 19, 14, 1, 16, 62, 39374},
    {11, 17, 13, 1, 15, 47, 39436},
    {19, 19, 20, 0, 14, 91, 39483},
    {15, 21, 15, 0, 14, 79, 39574},
    {15, 24, 17, 1, 24, 90, 39653},
    {22, 22, 22, 0, 18, 121, 39743},
    {14, 24, 16, 1, 24, 84, 39864},
    {16, 19, 17, 1, 18, 76, 39948},
    {14, 19, 15, 1, 18, 67, 40024},
    {9, 18, 10, 1, 18, 41, 40091},
    {11, 24, 10, 0, 24, 66, 40132},
    {14, 19, 14, 0, 18, 67, 40198},
    {26, 19, 26, 0, 18, 124, 40265},
    {26, 18, 27, 1, 18, 117, 40389},
    {24, 18, 24, 0, 18, 108, 40506},
    {19, 25, 19, 1, 24, 119, 40614},
    {19, 24, 21, 1, 24, 114, 40733},
    {18, 25, 17, 0, 24, 113, 40847},
    {19, 22, 21, 1, 18, 105, 40960},
    {19, 18, 19, 0, 18, 86, 41065},
    {16, 18, 17, 1, 18, 72, 41151},
    {16, 18, 17, 1, 18, 72, 41223},
    {14, 18, 16, 1, 18, 63, 41295},
    {19, 22, 19, 0, 18, 105, 41358},
    {15, 18, 17, 1, 18, 68, 41463},
    {28, 19, 28, 0, 18, 133, 41531},
    {15, 19, 16, 0, 18, 72, 41664},
    {19, 18, 21, 1, 18, 86, 41736},
    {19, 24, 21, 1, 24, 114, 41822},
    {19, 19, 19, 1, 18, 91, 41936},
    {19, 19, 20, 0, 18, 91, 42027},
    {23, 18, 25, 1, 18, 104, 42118},
    {19, 18, 21, 1, 18, 86, 42222},
    {18, 19, 19, 1, 18, 86, 42308},
    {19, 18, 21, 1, 18, 86, 42394},
    {15, 18, 16, 1, 18, 68, 42480},
    {16, 19, 18, 1, 18, 76, 42548},
    {19, 18, 19, 0, 18, 86, 42624},
    {18, 19, 17, 0, 18, 86, 42710},
    {22, 20, 22, 0, 19, 110, 42796},
    {19, 18, 19, 0, 18, 86, 42906},
    {20, 22, 22, 1, 18, 110, 42992},
    {19, 18, 20, 0, 18, 86, 43102},
    {28, 18, 30, 1, 18, 126, 43188},
    {29, 22, 30, 1, 18, 160, 43314},
    {20, 18, 20, 0, 18, 90, 43474},
    {24, 18, 26, 1, 18, 108, 43564},
    {16, 18, 17, 1, 18, 72, 43672},
    {17, 19, 18, 0, 18, 81, 43744},
    {27, 19, 28, 1, 18, 129, 43825},
    {18, 19, 19, 0, 18, 86, 43954},
    {15, 15, 14, 0, 14, 57, 44040},
    {14, 21, 15, 1, 20, 74, 44097},
    {15, 13, 15, 0, 13, 49, 44171},
    {13, 13, 13, 0, 13, 43, 44220},
    {16, 17, 16, 0, 13, 68, 44263},
    {14, 15, 14, 0, 14, 53, 44331},
    {23, 15, 23, 0, 14, 87, 44384},
    {12, 15, 13, 1, 14, 45, 44471},
    {17, 13, 18, 0, 13, 56, 44516},
    {17, 20, 18, 0, 20, 85, 44572},
    {16, 15, 16, 0, 14, 60, 44657},
    {16, 14, 17, 0, 13, 56, 44717},
    {19, 13, 19, 0, 13, 62, 44773},
    {17, 13, 18, 0, 13, 56, 44835},
    {15, 15, 16, 0, 14, 57, 44891},
    {17, 13, 18, 0, 13, 56, 44948},
    {16, 20, 17, 0, 14, 80, 45004},
    {14, 15, 14, 0, 14, 53, 45084},
    {15, 13, 15, 0, 13, 49, 45137},
    {16, 19, 15, 0, 13, 76, 45186},
    {21, 26, 21, 0, 20, 137, 45262},
    {15, 13, 15, 0, 13, 49, 45399},
    {18, 18, 18, 0, 13, 81, 45448},
    {16, 13, 17, 0, 13, 52, 45529},
    {25, 13, 25, 0, 13, 82, 45581},
    {26, 18, 25, 0, 13, 117, 45663},
    {17, 13, 17, 0, 13, 56, 45780},
    {22, 13, 22, 0, 13, 72, 45836},
    {14, 13, 15, 0, 13, 46, 45908},
    {12, 15, 14, 1, 14, 45, 45954},
    {22, 15, 23, 0, 14, 83, 45999},
    {16, 14, 16, 0, 13, 56, 46082},
    {14, 21, 14, 0, 20, 74, 46138},
    {15, 26, 17, 0, 20, 98, 46212},
    {13, 21, 13, 0, 21, 69, 46310},
    {13, 15, 14, 0, 14, 49, 46379},
    {11, 15, 12, 1, 14, 42, 46428},
    {9, 20, 9, 0, 20, 45, 46470},
    {11, 20, 9, -2, 20, 55, 46515},
    {7, 26, 8, 0, 20, 46, 46570},
    {22, 14, 22, 0, 13, 77, 46616},
    {23, 13, 23, 0, 13, 75, 46693},
    {17, 20, 17, 0, 20, 85, 46768},
    {16, 22, 16, 0, 21, 88, 46853},
    {17, 21, 18, 0, 21, 90, 46941},
    {16, 26, 15, 0, 20, 104, 47031},
    {17, 18, 18, 0, 13, 77, 47135},
    {20, 19, 20, 0, 19, 95, 47212},
    {17, 20, 18, 0, 20, 85, 47307},
    {27, 19, 27, 0, 18, 129, 47392},
    {23, 14, 23, 0, 13, 81, 47521},
    {14, 22, 14, 1, 22, 77, 47602},
    {13, 17, 12, 0, 17, 56, 47679},
    {14, 18, 15, 1, 18, 63, 47735},
    {13, 13, 13, 0, 13, 43, 47798},
    {29, 22, 28, 0, 18, 160, 47841},
    {24, 19, 23, 0, 14, 114, 48001},
    {19, 22, 20, 1, 18, 105, 48115},
    {17, 19, 17, 0, 14, 81, 48220},
    {20, 22, 22, 1, 18, 110, 48301},
    {18, 18, 18, 0, 13, 81, 48411},
    {19, 18, 19, 0, 18, 86, 48492},
    {16, 19, 15, 0, 13, 76, 48578},
    {19, 18, 19, 0, 18, 86, 48654},
    {16, 19, 15, 0, 13, 76, 48740},
    {19, 18, 20, 1, 18, 86, 48816},
    {17, 20, 17, 0, 20, 85, 48902},
    {17, 19, 18, 1, 18, 81, 48987},
    {14, 15, 14, 0, 14, 53, 49068},
    {18, 19, 20, 1, 18, 86, 49121},
    {15, 15, 16, 0, 14, 57, 49207},
    {16, 31, 18, 1, 24, 124, 49264},
    {14, 28, 14, 0, 21, 98, 49388},
    {18, 24, 19, 1, 18, 108, 49486},
    {16, 26, 16, 0, 20, 104, 49594},
    {18, 23, 19, 1, 18, 104, 49698},
    {16, 25, 16, 0, 20, 100, 49802},
    {15, 29, 17, 1, 29, 109, 49902},
    {14, 26, 14, 0, 25, 91, 50011},
    {15, 29, 17, 1, 29, 109, 50102},
    {14, 26, 14, 0, 25, 91, 50211},
    {15, 31, 17, 1, 24, 117, 50302},
    {14, 27, 14, 0, 20, 95, 50419},
    {18, 24, 19, 1, 23, 108, 50514},
    {16, 25, 15, 0, 19, 100, 50622},
    {19, 24, 21, 1, 18, 114, 50722},
    {17, 26, 17, 0, 20, 111, 50836},
    {19, 25, 21, 1, 18, 119, 50947},
    {17, 27, 17, 0, 20, 115, 51066},
    {11, 30, 10, 0, 30, 83, 51181},
    {11, 26, 9, -2, 26, 72, 51264},
    {15, 24, 16, 1, 18, 90, 51336},
    {9, 26, 9, 0, 20, 59, 51426},
    {15, 29, 16, 1, 23, 109, 51485},
    {10, 30, 9, -1, 24, 75, 51594},
    {15, 23, 16, 1, 18, 87, 51669},
    {9, 25, 9, 0, 20, 57, 51756},
    {23, 24, 25, 1, 18, 138, 51813},
    {25, 20, 25, 0, 14, 125, 51951},
    {19, 24, 21, 1, 24, 114, 52076},
    {17, 20, 17, 0, 20, 85, 52190},
    {19, 24, 21, 1, 18, 114, 52275},
    {17, 20, 17, 0, 14, 85, 52389},
    {19, 23, 21, 1, 18, 110, 52474},
    {17, 19, 17, 0, 14, 81, 52584},
    {18, 30, 19, 1, 29, 135, 52665},
    {15, 26, 16, 0, 25, 98, 52800},
    {18, 30, 19, 1, 29, 135, 52898},
    {15, 26, 16, 0, 25, 98, 53033},
    {18, 30, 19, 1, 29, 135, 53131},
    {15, 26, 16, 0, 25, 98, 53266},
    {18, 30, 19, 1, 29, 135, 53364},
    {15, 26, 16, 0, 25, 98, 53499},
    {18, 24, 19, 1, 18, 108, 53597},
    {14, 20, 14, 0, 14, 70, 53705},
    {18, 29, 19, 1, 23, 131, 53775},
    {14, 25, 14, 0, 19, 88, 53906},
    {18, 23, 19, 1, 18, 104, 53994},
    {14, 19, 14, 0, 14, 67, 54098},
    {14, 25, 15, 1, 24, 88, 54165},
    {11, 21, 12, 1, 20, 58, 54253},
    {14, 24, 15, 1, 18, 84, 54311},
    {11, 20, 12, 1, 14, 55, 54395},
    {14, 30, 15, 1, 29, 105, 54450},
    {11, 26, 12, 1, 25, 72, 54555},
    {14, 30, 15, 1, 29, 105, 54627},
    {11, 26, 12, 1, 25, 72, 54732},
    {14, 30, 15, 1, 24, 105, 54804},
    {11, 26, 12, 1, 20, 72, 54909},
    {19, 24, 19, 0, 18, 114, 54981},
    {11, 24, 11, 0, 18, 66, 55095},
    {19, 23, 19, 0, 18, 110, 55161},
    {11, 23, 11, 0, 18, 64, 55271},
    {19, 31, 20, 0, 30, 148, 55335},
    {17, 26, 17, 0, 25, 111, 55483},
    {19, 30, 20, 0, 29, 143, 55594},
    {17, 26, 17, 0, 25, 111, 55737},
    {28, 24, 28, 0, 24, 168, 55848},
    {23, 21, 23, 0, 21, 121, 56016},
    {28, 24, 28, 0, 24, 168, 56137},
    {23, 21, 23, 0, 21, 121, 56305},
    {28, 24, 28, 0, 24, 168, 56426},
    {23, 20, 23, 0, 20, 115, 56594},
    {19, 24, 19, 0, 24, 114, 56709},
    {16, 26, 15, 0, 20, 104, 56823},
    {16, 24, 17, 1, 18, 96, 56927},
    {13, 19, 13, 0, 13, 62, 57023},
    {12, 24, 11, -1, 23, 72, 57085},
    {19, 19, 20, 0, 18, 91, 57157},
    {19, 24, 19, 0, 18, 114, 57248},
    {15, 20, 14, 0, 14, 75, 57362},
    {19, 25, 19, 0, 25, 119, 57437},
    {15, 22, 14, 0, 21, 83, 57556},
    {19, 30, 19, 0, 30, 143, 57639},
    {15, 27, 14, 0, 26, 102, 57782},
    {19, 30, 19, 0, 30, 143, 57884},
    {15, 27, 14, 0, 26, 102, 58027},
    {19, 29, 19, 0, 29, 138, 58129},
    {15, 26, 14, 0, 25, 98, 58267},
    {19, 29, 19, 0, 29, 138, 58365},
    {15, 27, 14, 0, 26, 102, 58503},
    {19, 30, 19, 0, 24, 143, 58605},
    {15, 27, 14, 0, 21, 102, 58748},
    {19, 30, 19, 0, 30, 143, 58850},
    {15, 27, 14, 0, 26, 102, 58993},
    {19, 30, 19, 0, 30, 143, 59095},
    {15, 27, 14, 0, 26, 102, 59238},
    {19, 30, 19, 0, 30, 143, 59340},
    {15, 27, 14, 0, 26, 102, 59483},
    {19, 29, 19, 0, 29, 138, 59585},
    {15, 26, 14, 0, 25, 98, 59723},
    {19, 30, 19, 0, 24, 143, 59821},
    {15, 26, 14, 0, 20, 98, 59964},
    {15, 24, 17, 1, 18, 90, 60062},
    {14, 20, 14, 0, 14, 70, 60152},
    {15, 25, 17, 1, 25, 94, 60222},
    {14, 22, 14, 0, 21, 77, 60316},
    {15, 24, 17, 1, 24, 90, 60393},
    {14, 21, 14, 0, 20, 74, 60483},
    {15, 30, 17, 1, 30, 113, 60557},
    {14, 27, 14, 0, 26, 95, 60670},
    {15, 30, 17, 1, 30, 113, 60765},
    {14, 27, 14, 0, 26, 95, 60878},
    {16, 29, 17, 1, 29, 116, 60973},
    {16, 26, 14, 0, 25, 104, 61089},
    {15, 29, 17, 1, 29, 109, 61193},
    {14, 26, 14, 0, 25, 91, 61302},
    {15, 30, 17, 1, 24, 113, 61393},
    {14, 27, 14, 0, 21, 95, 61506},
    {9, 25, 10, 1, 25, 57, 61601},
    {10, 21, 9, -1, 21, 53, 61658},
    {9, 24, 10, 1, 18, 54, 61711},
    {9, 26, 9, 0, 20, 59, 61765},
    {18, 24, 19, 1, 18, 108, 61824},
    {15, 20, 16, 0, 14, 75, 61932},
    {18, 26, 19, 1, 25, 117, 62007},
    {15, 22, 16, 0, 21, 83, 62124},
    {18, 31, 19, 1, 30, 140, 62207},
    {15, 27, 16, 0, 26, 102, 62347},
    {18, 31, 19, 1, 30, 140, 62449},
    {15, 27, 16, 0, 26, 102, 62589},
    {18, 30, 19, 1, 29, 135, 62691},
    {16, 26, 16, 0, 25, 104, 62826},
    {18, 30, 19, 1, 29, 135, 62930},
    {15, 27, 16, 0, 26, 102, 63065},
    {18, 30, 19, 1, 24, 135, 63167},
    {15, 27, 16, 0, 21, 102, 63302},
    {21, 25, 22, 1, 24, 132, 63404},
    {18, 22, 17, 0, 21, 99, 63536},
    {21, 25, 22, 1, 24, 132, 63635},
    {18, 22, 17, 0, 21, 99, 63767},
    {21, 26, 22, 1, 25, 137, 63866},
    {18, 22, 17, 0, 21, 99, 64003},
    {21, 25, 22, 1, 24, 132, 64102},
    {18, 21, 17, 0, 20, 95, 64234},
    {21, 26, 22, 1, 20, 137, 64329},
    {18, 23, 17, 0, 17, 104, 64466},
    {19, 24, 20, 0, 18, 114, 64570},
    {17, 19, 17, 0, 13, 81, 64684},
    {19, 26, 20, 0, 25, 124, 64765},
    {17, 22, 17, 0, 21, 94, 64889},
    {23, 25, 22, 0, 24, 144, 64983},
    {20, 22, 19, 0, 21, 110, 65127},
    {23, 25, 22, 0, 24, 144, 65237},
    {20, 22, 19, 0, 21, 110, 65381},
    {23, 26, 22, 0, 25, 150, 65491},
    {20, 22, 19, 0, 21, 110, 65641},
    {23, 25, 22, 0, 24, 144, 65751},
    {20, 21, 19, 0, 20, 105, 65895},
    {23, 26, 22, 0, 20, 150, 66000},
    {20, 23, 19, 0, 17, 115, 66150},
    {19, 24, 19, 0, 24, 114, 66265},
    {16, 27, 15, 0, 21, 108, 66379},
    {19, 24, 19, 0, 18, 114, 66487},
    {16, 19, 15, 0, 13, 76, 66601},
    {19, 25, 19, 0, 25, 119, 66677},
    {16, 27, 15, 0, 21, 108, 66796},
    {19, 24, 19, 0, 24, 114, 66904},
    {16, 26, 15, 0, 20, 104, 67018},
    {0, 0, 15, 0, 0, 0, 67122},
    {0, 0, 8, 0, 0, 0, 67122},
    {0, 0, 3, 0, 0, 0, 67122},
    {0, 0, 2, 0, 0, 0, 67122},
    {0, 0, 0, 0, 0, 0, 67122},
    {8, 4, 8, 0, 9, 8, 67122},
    {13, 3, 13, 0, 9, 10, 67130},
    {13, 3, 13, 0, 9, 10, 67140},
    {25, 3, 25, 0, 9, 19, 67150},
    {25, 3, 25, 0, 9, 19, 67169},
    {6, 8, 8, 1, 20, 12, 67188},
    {6, 8, 8, 1, 20, 12, 67200},
    {6, 9, 8, 1, 4, 14, 67212},
    {11, 8, 13, 1, 20, 22, 67226},
    {11, 8, 13, 1, 20, 22, 67248},
    {12, 9, 12, 0, 4, 27, 67270},
    {12, 21, 13, 1, 20, 63, 67297},
    {12, 22, 13, 1, 20, 66, 67360},
    {8, 7, 10, 1, 11, 14, 67426},
    {21, 5, 23, 1, 4, 27, 67440},
    {32, 16, 33, 0, 15, 128, 67467},
    {4, 8, 6, 1, 21, 8, 67595},
    {9, 8, 11, 1, 21, 18, 67603},
    {8, 13, 8, 0, 13, 26, 67621},
    {8, 13, 8, 0, 13, 26, 67647},
    {22, 21, 23, 0, 20, 116, 67673},
    {14, 19, 9, -3, 18, 67, 67789},
    {12, 12, 12, 0, 21, 36, 67856},
    {11, 12, 11, 0, 21, 33, 67892},
    {10, 12, 10, 0, 21, 30, 67925},
    {11, 12, 11, 0, 21, 33, 67955},
    {10, 12, 10, 0, 21, 30, 67988},
    {11, 12, 11, 0, 21, 33, 68018},
    {10, 12, 11, 0, 21, 30, 68051},
    {5, 17, 7, 1, 23, 22, 68081},
    {6, 17, 7, 0, 23, 26, 68103},
    {14, 10, 14, 0, 19, 35, 68129},
    {12, 12, 12, 0, 8, 36, 68164},
    {9, 12, 8, 0, 8, 27, 68200},
    {10, 12, 10, 0, 8, 30, 68227},
    {10, 12, 11, 0, 8, 30, 68257},
    {11, 12, 11, 0, 8, 33, 68287},
    {10, 12, 10, 0, 8, 30, 68320},
    {11, 12, 11, 0, 8, 33, 68350},
    {10, 12, 10, 0, 8, 30, 68383},
    {11, 12, 11, 0, 8, 33, 68413},
    {10, 12, 11, 0, 8, 30, 68446},
    {5, 17, 7, 1, 10, 22, 68476},
    {6, 17, 7, 0, 10, 26, 68498},
    {15, 23, 16, 0, 20, 87, 68524},
    {16, 18, 16, 0, 18, 72, 68611},
    {15, 18, 15, 0, 18, 68, 68683},
    {20, 18, 21, 0, 18, 90, 68751},
    {38, 19, 39, 1, 18, 181, 68841},
    {28, 18, 28, 0, 18, 126, 69022},
    {17, 25, 16, 0, 20, 107, 69148},
    {18, 19, 17, -1, 18, 86, 69255},
    {20, 19, 20, 0, 18, 95, 69341},
    {18, 18, 18, 0, 18, 81, 69436},
    {18, 18, 18, 0, 18, 81, 69517},
    {19, 23, 19, 0, 20, 110, 69598},
    {17, 19, 17, 0, 18, 81, 69708},
    {15, 24, 16, 0, 21, 90, 69789},
    {18, 18, 18, 0, 18, 81, 69879},
    {15, 19, 15, 0, 18, 72, 69960},
    {16, 18, 16, 0, 18, 72, 70032},
    {19, 18, 20, 0, 18, 86, 70104},
    {17, 18, 17, 0, 18, 77, 70190},
    {12, 21, 13, 0, 20, 63, 70267},
    {31, 18, 32, 1, 18, 140, 70330},
    {19, 18, 21, 1, 17, 86, 70470},
    {26, 12, 26, 0, 17, 78, 70556},
    {28, 12, 29, 0, 17, 84, 70634},
    {19, 18, 20, 1, 18, 86, 70718},
    {18, 19, 20, 1, 18, 86, 70804},
    {26, 19, 26, 0, 18, 124, 70890},
    {27, 19, 28, 0, 18, 129, 71014},
    {26, 19, 26, 0, 18, 124, 71143},
    {27, 19, 27, 0, 18, 129, 71267},
    {27, 19, 27, 0, 18, 129, 71396},
    {25, 19, 25, 0, 18, 119, 71525},
    {13, 9, 14, 1, 11, 30, 71644},
    {9, 13, 14, 3, 13, 30, 71674},
    {14, 9, 14, 0, 11, 32, 71704},
    {9, 13, 14, 3, 13, 30, 71736},
    {14, 19, 15, 0, 18, 67, 71766},
    {17, 20, 19, 1, 17, 85, 71833},
    {17, 18, 17, 0, 18, 77, 71918},
    {19, 22, 21, 1, 18, 105, 71995},
    {16, 22, 16, 0, 18, 88, 72100},
    {11, 3, 15, 2, 9, 9, 72188},
    {13, 19, 15, 1, 18, 62, 72197},
    {6, 5, 7, 1, 11, 8, 72259},
    {15, 19, 15, 0, 19, 72, 72267},
    {16, 9, 16, 0, 11, 36, 72339},
    {14, 25, 12, -1, 19, 88, 72375},
    {13, 10, 15, 1, 12, 33, 72463},
    {11, 15, 15, 2, 15, 42, 72496},
    {12, 14, 15, 1, 14, 42, 72538},
    {11, 14, 15, 2, 14, 39, 72580},
    {18, 20, 18, 0, 20, 90, 72619},
    {18, 20, 19, 0, 20, 90, 72709},
};

static const EpdUnicodeInterval PROGMEM literata_small_bold_2bIntervals[] = {
    {0x20, 0x7E, 0},
    {0xA0, 0x17E, 95},
    {0x18F, 0x18F, 318},
    {0x192, 0x192, 319},
    {0x1A0, 0x1A1, 320},
    {0x1AF, 0x1B0, 322},
    {0x1C4, 0x1DC, 324},
    {0x1E6, 0x1E7, 349},
    {0x1EA, 0x1EB, 351},
    {0x1FA, 0x21B, 353},
    {0x22A, 0x22D, 387},
    {0x230, 0x233, 391},
    {0x237, 0x237, 395},
    {0x251, 0x251, 396},
    {0x259, 0x259, 397},
    {0x261, 0x261, 398},
    {0x300, 0x304, 399},
    {0x306, 0x30C, 404},
    {0x30F, 0x30F, 411},
    {0x311, 0x312, 412},
    {0x31B, 0x31B, 414},
    {0x323, 0x324, 415},
    {0x326, 0x328, 417},
    {0x32E, 0x32E, 420},
    {0x331, 0x331, 421},
    {0x374, 0x375, 422},
    {0x37A, 0x37A, 424},
    {0x37E, 0x37E, 425},
    {0x384, 0x38A, 426},
    {0x38C, 0x38C, 433},
    {0x38E, 0x3A1, 434},
    {0x3A3, 0x3CE, 454},
    {0x3D7, 0x3E1, 498},
    {0x401, 0x44F, 509},
    {0x451, 0x45F, 588},
    {0x462, 0x463, 603},
    {0x46A, 0x46B, 605},
    {0x490, 0x493, 607},
    {0x496, 0x497, 611},
    {0x49A, 0x49B, 613},
    {0x4A2, 0x4A3, 615},
    {0x4AE, 0x4B1, 617},
    {0x4BA, 0x4BB, 621},
    {0x4D8, 0x4D9, 623},
    {0x4E8, 0x4E9, 625},
    {0x1E08, 0x1E09, 627},
    {0x1E0C, 0x1E0F, 629},
    {0x1E14, 0x1E17, 633},
    {0x1E1C, 0x1E1D, 637},
    {0x1E20, 0x1E21, 639},
    {0x1E24, 0x1E25, 641},
    {0x1E2A, 0x1E2B, 643},
    {0x1E2E, 0x1E2F, 645},
    {0x1E36, 0x1E3B, 647},
    {0x1E42, 0x1E49, 653},
    {0x1E4C, 0x1E53, 661},
    {0x1E5A, 0x1E69, 669},
    {0x1E6C, 0x1E6F, 685},
    {0x1E78, 0x1E7B, 689},
    {0x1E80, 0x1E85, 693},
    {0x1E8E, 0x1E8F, 699},
    {0x1E92, 0x1E93, 701},
    {0x1E97, 0x1E97, 703},
    {0x1E9E, 0x1E9E, 704},
    {0x1EA0, 0x1EF9, 705},
    {0x2007, 0x200B, 795},
    {0x2010, 0x2010, 800},
    {0x2012, 0x2015, 801},
    {0x2018, 0x201A, 805},
    {0x201C, 0x201E, 808},
    {0x2020, 0x2022, 811},
    {0x2026, 0x2026, 814},
    {0x2030, 0x2030, 815},
    {0x2032, 0x2033, 816},
    {0x2039, 0x203A, 818},
    {0x2042, 0x2042, 820},
    {0x2044, 0x2044, 821},
    {0x2070, 0x2070, 822},
    {0x2074, 0x2079, 823},
    {0x207D, 0x2089, 829},
    {0x208D, 0x208E, 842},
    {0x20A1, 0x20A1, 844},
    {0x20A3, 0x20A4, 845},
    {0x20A6, 0x20A7, 847},
    {0x20A9, 0x20A9, 849},
    {0x20AB, 0x20AE, 850},
    {0x20B1, 0x20B2, 854},
    {0x20B4, 0x20B5, 856},
    {0x20B8, 0x20BA, 858},
    {0x20BC, 0x20BD, 861},
    {0x2113, 0x2113, 863},
    {0x2116, 0x2117, 864},
    {0x2120, 0x2120, 866},
    {0x2122, 0x2122, 867},
    {0x2126, 0x2126, 868},
    {0x212E, 0x212E, 869},
    {0x2153, 0x2154, 870},
    {0x215B, 0x215E, 872},
    {0x2190, 0x2193, 876},
    {0x2202, 0x2202, 880},
    {0x2205, 0x2206, 881},
    {0x220F, 0x220F, 883},
    {0x2211, 0x2212, 884},
    {0x2215, 0x2215, 886},
    {0x2219, 0x221A, 887},
    {0x221E, 0x221E, 889},
    {0x222B, 0x222B, 890},
    {0x2248, 0x2248, 891},
    {0x2260, 0x2260, 892},
    {0x2264, 0x2265, 893},
    {0xFB01, 0xFB02, 895},
};

const EpdFontData literata_small_bold_2b = {
    literata_small_bold_2bBitmaps,
    literata_small_bold_2bGlyphs,
    literata_small_bold_2bIntervals,
    111,
    37,
    30,
    -8,
    true
};
