/**
 * generated from .epdfont via epdfont2h.py
 * name: literata_medium_bold_2b
 * mode: 2-bit
 */
#pragma once
#include "EpdFontData.h"

static const uint8_t PROGMEM literata_medium_bold_2bBitmaps[124968] = {
    0x0B, 0xD0, 0xFF, 0xE7, 0xFF, 0xDF, 0xFF, 0x7F, 0xF8, 0xFF, 0xE3, 0xFF, 0x4F, 0xFC, 0x2F, 0xF0,
    0x7F, 0x80, 0xFD, 0x03, 0xF4, 0x0F, 0xC0, 0x3F, 0x00, 0xFC, 0x03, 0xF0, 0x0F, 0xC0, 0x00, 0x00,
    0x00, 0x02, 0xF4, 0x3F, 0xF5, 0xFF, 0xE7, 0xFF, 0x4B, 0xFC, 0x05, 0x40, 0x14, 0x01, 0x42, 0xFD,
    0x2F, 0xDF, 0xF4, 0xFF, 0x7F, 0xD3, 0xFD, 0xBF, 0x0B, 0xF1, 0xFC, 0x1F, 0xC7, 0xE0, 0x3E, 0x0F,
    0x40, 0xF4, 0x3C, 0x03, 0xC0, 0x50, 0x06, 0x00, 0x00, 0x01, 0xA4, 0x02, 0xA0, 0x00, 0x00, 0x0F,
    0xD0, 0x0F, 0xC0, 0x00, 0x00, 0x3F, 0x40, 0x3F, 0x00, 0x00, 0x00, 0xFC, 0x01, 0xFC, 0x00, 0x01,
    0x5B, 0xF5, 0x5B, 0xF5, 0x50, 0x2F, 0xFF, 0xFF, 0xFF, 0xFF, 0xC0, 0xFF, 0xFF, 0xFF, 0xFF, 0xFF,
    0x01, 0x57, 0xF9, 0x57, 0xF9, 0x54, 0x00, 0x0F, 0xD0, 0x0F, 0xC0, 0x00, 0x00, 0x3F, 0x00, 0x7F,
    0x00, 0x00, 0x00, 0xFC, 0x01, 0xFC, 0x00, 0x00, 0x07, 0xF0, 0x0B, 0xE0, 0x00, 0x2F, 0xFF, 0xFF,
    0xFF, 0xFF, 0xC0, 0xFF, 0xFF, 0xFF, 0xFF, 0xFF, 0x02, 0xFF, 0xFF, 0xFF, 0xFF, 0xF8, 0x00, 0x0F,
    0xD0, 0x0F, 0xC0, 0x00, 0x00, 0x3F, 0x00, 0x7F, 0x00, 0x00, 0x01, 0xFC, 0x02, 0xF8, 0x00, 0x00,
    0x07, 0xF0, 0x0B, 0xE0, 0x00, 0x00, 0x05, 0x00, 0x05, 0x00, 0x00, 0x00, 0x00, 0xA0, 0x00, 0x00,
    0x00, 0x0F, 0x00, 0x00, 0x00, 0x00, 0xF0, 0x00, 0x00, 0x01, 0xBF, 0x90, 0xB4, 0x00, 0xFF, 0xFF,
    0xDF, 0x80, 0x7F, 0xFF, 0xFF, 0xF8, 0x0F, 0xFD, 0xF6, 0xFF, 0xC2, 0xFF, 0x0F, 0x07, 0xFC, 0x3F,
    0xE0, 0xF0, 0x1F, 0xC3, 0xFF, 0x0F, 0x00, 0xFC, 0x3F, 0xF4, 0xF0, 0x06, 0x43, 0xFF, 0xEF, 0x00,
    0x00, 0x3F, 0xFF, 0xF4, 0x00, 0x02, 0xFF, 0xFF, 0xF8, 0x00, 0x0F, 0xFF, 0xFF, 0xF8, 0x00, 0x2F,
    0xFF, 0xFF, 0xF0, 0x00, 0x6F, 0xFF, 0xFF, 0xC0, 0x00, 0x2F, 0xFF, 0xFE, 0x00, 0x00, 0xFB, 0xFF,
    0xF1, 0x40, 0x0F, 0x0F, 0xFF, 0xBD, 0x00, 0xF0, 0x7F, 0xFB, 0xF0, 0x0F, 0x07, 0xFF, 0xBF, 0x80,
    0xF0, 0x7F, 0xE7, 0xFF, 0x0F, 0x0F, 0xFC, 0x7F, 0xFF, 0xFF, 0xFF, 0x47, 0xFF, 0xFF, 0xFF, 0xD0,
    0x3D, 0x2F, 0xFF, 0xE0, 0x00, 0x00, 0x1F, 0x90, 0x00, 0x00, 0x00, 0xF0, 0x00, 0x00, 0x00, 0x0F,
    0x00, 0x00, 0x00, 0x6F, 0x90, 0x00, 0x03, 0xFC, 0x00, 0x00, 0x7F, 0xFF, 0xD0, 0x00, 0xFF, 0x80,
    0x00, 0x0F, 0xF6, 0xFF, 0x40, 0x1F, 0xF0, 0x00, 0x02, 0xFE, 0x0B, 0xF8, 0x03, 0xFD, 0x00, 0x00,
    0x3F, 0xD0, 0xBF, 0xC0, 0xBF, 0x80, 0x00, 0x03, 0xFD, 0x07, 0xFC, 0x0F, 0xF0, 0x00, 0x00, 0x3F,
    0xD0, 0xBF, 0xC3, 0xFE, 0x00, 0x00, 0x03, 0xFE, 0x0B, 0xF8, 0x7F, 0xC0, 0x00, 0x00, 0x1F, 0xFA,
    0xFF, 0x0F, 0xF4, 0x00, 0x00, 0x00, 0x7F, 0xFF, 0xD2, 0xFF, 0x00, 0x00, 0x00, 0x00, 0xBF, 0x90,
    0x3F, 0xC0, 0xBF, 0xF4, 0x00, 0x00, 0x00, 0x0F, 0xF8, 0x7F, 0xFF, 0xF0, 0x00, 0x00, 0x01, 0xFF,
    0x0F, 0xF4, 0xFF, 0x80, 0x00, 0x00, 0x3F, 0xD1, 0xFE, 0x07, 0xFC, 0x00, 0x00, 0x0B, 0xFC, 0x2F,
    0xE0, 0x3F, 0xC0, 0x00, 0x00, 0xFF, 0x03, 0xFE, 0x03, 0xFC, 0x00, 0x00, 0x3F, 0xE0, 0x2F, 0xE0,
    0x7F, 0xC0, 0x00, 0x07, 0xFC, 0x01, 0xFF, 0x0B, 0xFC, 0x00, 0x00, 0xFF, 0x40, 0x0F, 0xFE, 0xFF,
    0x00, 0x00, 0x2F, 0xF0, 0x00, 0x2F, 0xFF, 0xD0, 0x00, 0x01, 0x54, 0x00, 0x00, 0x2A, 0x90, 0x00,
    0x00, 0x02, 0xBE, 0x40, 0x00, 0x00, 0x00, 0x02, 0xFF, 0xFF, 0x00, 0x00, 0x00, 0x00, 0xFF, 0x97,
    0xFC, 0x00, 0x00, 0x00, 0x2F, 0xE0, 0x0F, 0xE0, 0x00, 0x00, 0x03, 0xFD, 0x00, 0xBF, 0x00, 0x00,
    0x00, 0x3F, 0xD0, 0x0B, 0xF0, 0x00, 0x00, 0x03, 0xFE, 0x00, 0xFE, 0x00, 0x00, 0x00, 0x3F, 0xF4,
    0x1F, 0xC0, 0x01, 0x90, 0x02, 0xFF, 0xC3, 0xF8, 0x02, 0xFF, 0xC0, 0x0F, 0xFF, 0xFE, 0x00, 0xBF,
    0xFE, 0x00, 0x7F, 0xFF, 0x00, 0x1F, 0xFF, 0xE0, 0x03, 0xFF, 0xF0, 0x03, 0xE1, 0xFD, 0x01, 0xFF,
    0xFF, 0xC0, 0xBC, 0x0B, 0xC0, 0xBF, 0xAF, 0xFF, 0x0F, 0x80, 0x00, 0x2F, 0xF0, 0xBF, 0xFD, 0xF0,
    0x00, 0x03, 0xFD, 0x02, 0xFF, 0xFF, 0x00, 0x00, 0x7F, 0xC0, 0x0B, 0xFF, 0xE0, 0x00, 0x0B, 0xFC,
    0x00, 0x2F, 0xFF, 0x00, 0x00, 0xBF, 0xD0, 0x00, 0xBF, 0xFC, 0x00, 0x0B, 0xFF, 0x00, 0x03, 0xFF,
    0xF4, 0x04, 0x3F, 0xF8, 0x00, 0x7F, 0xFF, 0xFB, 0xE2, 0xFF, 0xF9, 0xBF, 0xEF, 0xFF, 0xFE, 0x0B,
    0xFF, 0xFF, 0xF4, 0x7F, 0xFF, 0x80, 0x1F, 0xFF, 0xF8, 0x00, 0xBF, 0x90, 0x00, 0x05, 0x54, 0x00,
    0x00, 0x00, 0x00, 0x14, 0x2F, 0xDF, 0xF7, 0xFD, 0xBF, 0x1F, 0xC7, 0xE0, 0xF4, 0x3C, 0x05, 0x00,
    0x00, 0x00, 0x40, 0x00, 0x3E, 0x00, 0x0F, 0xD0, 0x02, 0xFC, 0x00, 0x7F, 0x80, 0x0F, 0xF0, 0x02,
    0xFE, 0x00, 0x3F, 0xD0, 0x0B, 0xFC, 0x00, 0xFF, 0xC0, 0x1F, 0xF8, 0x02, 0xFF, 0x40, 0x3F, 0xF4,
    0x03, 0xFF, 0x00, 0x7F, 0xF0, 0x07, 0xFF, 0x00, 0x7F, 0xF0, 0x07, 0xFF, 0x00, 0x7F, 0xF0, 0x07,
    0xFF, 0x00, 0x7F, 0xF0, 0x03, 0xFF, 0x00, 0x3F, 0xF4, 0x02, 0xFF, 0x40, 0x1F, 0xF8, 0x00, 0xFF,
    0xC0, 0x0B, 0xFC, 0x00, 0x7F, 0xD0, 0x03, 0xFE, 0x00, 0x1F, 0xF0, 0x00, 0xBF, 0x40, 0x03, 0xFC,
    0x00, 0x1F, 0xC0, 0x00, 0x7E, 0x00, 0x02, 0xC0, 0x00, 0x00, 0x04, 0x00, 0x00, 0xF8, 0x00, 0x03,
    0xF8, 0x00, 0x07, 0xF4, 0x00, 0x0F, 0xF0, 0x00, 0x1F, 0xE0, 0x00, 0x3F, 0xD0, 0x00, 0xFF, 0xC0,
    0x01, 0xFF, 0x40, 0x03, 0xFE, 0x00, 0x0F, 0xFC, 0x00, 0x3F, 0xF4, 0x00, 0xBF, 0xE0, 0x02, 0xFF,
    0xC0, 0x07, 0xFF, 0x00, 0x1F, 0xFC, 0x00, 0x7F, 0xF0, 0x01, 0xFF, 0xC0, 0x07, 0xFF, 0x00, 0x1F,
    0xFC, 0x00, 0x7F, 0xF0, 0x02, 0xFF, 0xC0, 0x0B, 0xFE, 0x00, 0x3F, 0xF4, 0x00, 0xFF, 0xC0, 0x03,
    0xFE, 0x00, 0x1F, 0xF4, 0x00, 0xBF, 0xC0, 0x03, 0xFD, 0x00, 0x1F, 0xF0, 0x00, 0xBF, 0x40, 0x03,
    0xF8, 0x00, 0x2F, 0xC0, 0x00, 0xFC, 0x00, 0x01, 0xD0, 0x00, 0x00, 0x00, 0x00, 0x00, 0x09, 0x00,
    0x00, 0x0F, 0xC0, 0x00, 0x03, 0xF0, 0x00, 0xF4, 0xFC, 0x7C, 0x7F, 0x6E, 0x7F, 0x8F, 0xFB, 0xBF,
    0xD0, 0x6F, 0xFE, 0x40, 0x06, 0xFE, 0x40, 0x2F, 0xFF, 0xFE, 0x2F, 0xEB, 0xBF, 0xD7, 0xE3, 0xE3,
    0xF4, 0x50, 0xFC, 0x28, 0x00, 0x7F, 0x00, 0x00, 0x0F, 0x40, 0x00, 0x00, 0x05, 0x40, 0x00, 0x00,
    0x7F, 0x40, 0x00, 0x01, 0xFD, 0x00, 0x00, 0x07, 0xF4, 0x00, 0x00, 0x1F, 0xD0, 0x00, 0x00, 0x7F,
    0x40, 0x07, 0xFF, 0xFF, 0xFF, 0xDF, 0xFF, 0xFF, 0xFF, 0x7F, 0xFF, 0xFF, 0xFC, 0xAA, 0xBF, 0xAA,
    0x90, 0x01, 0xFD, 0x00, 0x00, 0x07, 0xF4, 0x00, 0x00, 0x1F, 0xD0, 0x00, 0x00, 0x7F, 0x40, 0x00,
    0x01, 0xFD, 0x00, 0x00, 0x00, 0x00, 0x00, 0x00, 0x00, 0xBF, 0x4B, 0xFF, 0x7F, 0xFE, 0xBF, 0xF8,
    0xFF, 0xE0, 0x3F, 0x40, 0xFC, 0x0F, 0xD0, 0xBE, 0x07, 0xE0, 0x05, 0x00, 0x6A, 0xAA, 0x8F, 0xFF,
    0xFC, 0xFF, 0xFF, 0xCF, 0xFF, 0xFC, 0x00, 0x00, 0x00, 0x01, 0x00, 0xBF, 0x8B, 0xFF, 0x6F, 0xFE,
    0xBF, 0xF8, 0xFF, 0xC0, 0x54, 0x00, 0x00, 0x00, 0x01, 0xA8, 0x00, 0x00, 0x03, 0xFC, 0x00, 0x00,
    0x07, 0xF8, 0x00, 0x00, 0x0B, 0xF0, 0x00, 0x00, 0x0F, 0xF0, 0x00, 0x00, 0x1F, 0xD0, 0x00, 0x00,
    0x3F, 0xC0, 0x00, 0x00, 0x3F, 0x80, 0x00, 0x00, 0xBF, 0x40, 0x00, 0x00, 0xFF, 0x00, 0x00, 0x01,
    0xFE, 0x00, 0x00, 0x02, 0xFD, 0x00, 0x00, 0x03, 0xFC, 0x00, 0x00, 0x07, 0xF8, 0x00, 0x00, 0x0F,
    0xF0, 0x00, 0x00, 0x0F, 0xF0, 0x00, 0x00, 0x2F, 0xD0, 0x00, 0x00, 0x3F, 0xC0, 0x00, 0x00, 0x7F,
    0x80, 0x00, 0x00, 0xBF, 0x40, 0x00, 0x00, 0xFF, 0x00, 0x00, 0x01, 0xFE, 0x00, 0x00, 0x02, 0xFC,
    0x00, 0x00, 0x03, 0xFC, 0x00, 0x00, 0x07, 0xF4, 0x00, 0x00, 0x0F, 0xF0, 0x00, 0x00, 0x0F, 0xE0,
    0x00, 0x00, 0x2F, 0xD0, 0x00, 0x00, 0x3F, 0xC0, 0x00, 0x00, 0x7F, 0x80, 0x00, 0x00, 0x6A, 0x00,
    0x00, 0x00, 0x00, 0x06, 0xFE, 0x40, 0x00, 0x01, 0xFF, 0xFF, 0xD0, 0x00, 0x2F, 0xFF, 0xFF, 0xD0,
    0x01, 0xFF, 0x81, 0xFF, 0xD0, 0x0F, 0xFC, 0x01, 0xFF, 0xC0, 0xBF, 0xD0, 0x03, 0xFF, 0x43, 0xFF,
    0x00, 0x0B, 0xFF, 0x1F, 0xFC, 0x00, 0x1F, 0xFC, 0xBF, 0xF0, 0x00, 0x7F, 0xF2, 0xFF, 0xC0, 0x00,
    0xFF, 0xDF, 0xFE, 0x00, 0x03, 0xFF, 0x7F, 0xF8, 0x00, 0x0F, 0xFD, 0xFF, 0xE0, 0x00, 0x3F, 0xF7,
    0xFF, 0x80, 0x00, 0xFF, 0xDF, 0xFF, 0x00, 0x03, 0xFF, 0x6F, 0xFC, 0x00, 0x0F, 0xFC, 0xBF, 0xF0,
    0x00, 0x7F, 0xF1, 0xFF, 0xC0, 0x01, 0xFF, 0xC3, 0xFF, 0x40, 0x0B, 0xFD, 0x0B, 0xFF, 0x00, 0x3F,
    0xF0, 0x0F, 0xFD, 0x02, 0xFF, 0x40, 0x1F, 0xFE, 0x6F, 0xF8, 0x00, 0x1F, 0xFF, 0xFF, 0x80, 0x00,
    0x0B, 0xFF, 0xF4, 0x00, 0x00, 0x01, 0x54, 0x00, 0x00, 0x00, 0x05, 0xA0, 0x02, 0xFF, 0xFF, 0x00,
    0x3F, 0xFF, 0xF0, 0x03, 0xFF, 0xFF, 0x00, 0x00, 0xFF, 0xF0, 0x00, 0x0B, 0xFF, 0x00, 0x00, 0xBF,
    0xF0, 0x00, 0x0B, 0xFF, 0x00, 0x00, 0xBF, 0xF0, 0x00, 0x0B, 0xFF, 0x00, 0x00, 0xBF, 0xF0, 0x00,
    0x0B, 0xFF, 0x00, 0x00, 0xBF, 0xF0, 0x00, 0x0B, 0xFF, 0x00, 0x00, 0xBF, 0xF0, 0x00, 0x0B, 0xFF,
    0x00, 0x00, 0xBF, 0xF0, 0x00, 0x0B, 0xFF, 0x00, 0x00, 0xBF, 0xF0, 0x00, 0x0B, 0xFF, 0x00, 0x00,
    0xBF, 0xF0, 0x01, 0xBF, 0xFF, 0xE4, 0x3F, 0xFF, 0xFF, 0xC3, 0xFF, 0xFF, 0xFC, 0x00, 0x1B, 0xFA,
    0x00, 0x00, 0xBF, 0xFF, 0xFC, 0x00, 0xFF, 0xFF, 0xFF, 0xC0, 0xFF, 0x80, 0x7F, 0xFC, 0x7F, 0xD0,
    0x0B, 0xFF, 0x1F, 0xFC, 0x01, 0xFF, 0xD3, 0xFF, 0x00, 0x3F, 0xF8, 0x7F, 0x40, 0x1F, 0xFD, 0x00,
    0x00, 0x07, 0xFF, 0x40, 0x00, 0x03, 0xFF, 0xC0, 0x00, 0x01, 0xFF, 0xD0, 0x00, 0x00, 0xFF, 0xF0,
    0x00, 0x00, 0xBF, 0xF0, 0x00, 0x00, 0x7F, 0xF4, 0x00, 0x00, 0x3F, 0xF4, 0x00, 0x00, 0x3F, 0xF4,
    0x00, 0x00, 0x3F, 0xF4, 0x05, 0x40, 0x2F, 0xF4, 0x03, 0xF0, 0x2F, 0xF0, 0x02, 0xFC, 0x2F, 0xF0,
    0x00, 0xFE, 0x2F, 0xFA, 0xAA, 0xFF, 0x8F, 0xFF, 0xFF, 0xFF, 0xE3, 0xFF, 0xFF, 0xFF, 0xF4, 0xFF,
    0xFF, 0xFF, 0xFD, 0x00, 0x1A, 0xFE, 0x40, 0x00, 0x1F, 0xFF, 0xFF, 0x40, 0x07, 0xFF, 0xFF, 0xFE,
    0x00, 0xFF, 0x40, 0xBF, 0xF0, 0x2F, 0xF0, 0x03, 0xFF, 0x42, 0xFF, 0x40, 0x2F, 0xF8, 0x1F, 0xF4,
    0x02, 0xFF, 0x80, 0xBE, 0x00, 0x2F, 0xF4, 0x00, 0x00, 0x03, 0xFF, 0x00, 0x00, 0x00, 0xFF, 0xC0,
    0x00, 0x01, 0xBF, 0xE0, 0x00, 0x00, 0xFF, 0xF4, 0x00, 0x00, 0x0F, 0xFF, 0xF4, 0x00, 0x00, 0xAF,
    0xFF, 0xF0, 0x00, 0x00, 0x0B, 0xFF, 0x80, 0x00, 0x00, 0x2F, 0xFC, 0x00, 0x00, 0x01, 0xFF, 0xD0,
    0x00, 0x00, 0x1F, 0xFD, 0x08, 0x00, 0x02, 0xFF, 0xC1, 0xF4, 0x00, 0x3F, 0xFC, 0x3F, 0xF5, 0x6F,
    0xFF, 0x82, 0xFF, 0xFF, 0xFF, 0xF0, 0x0B, 0xFF, 0xFF, 0xFC, 0x00, 0x0B, 0xFF, 0xFD, 0x00, 0x00,
    0x05, 0x54, 0x00, 0x00, 0x00, 0x00, 0x00, 0x5A, 0x00, 0x00, 0x00, 0x0B, 0xFF, 0x40, 0x00, 0x00,
    0x1F, 0xFF, 0x40, 0x00, 0x00, 0x3F, 0xFF, 0x40, 0x00, 0x00, 0xFF, 0xFF, 0x40, 0x00, 0x01, 0xFF,
    0xFF, 0x40, 0x00, 0x03, 0xF7, 0xFF, 0x40, 0x00, 0x0F, 0xD7, 0xFF, 0x40, 0x00, 0x1F, 0x87, 0xFF,
    0x40, 0x00, 0x3F, 0x07, 0xFF, 0x40, 0x00, 0xFD, 0x07, 0xFF, 0x40, 0x02, 0xF8, 0x07, 0xFF, 0x40,
    0x03, 0xF0, 0x07, 0xFF, 0x40, 0x0F, 0xD0, 0x07, 0xFF, 0x40, 0x2F, 0x80, 0x07, 0xFF, 0x40, 0x7F,
    0xAA, 0xAB, 0xFF, 0xA9, 0xBF, 0xFF, 0xFF, 0xFF, 0xFE, 0x7F, 0xFF, 0xFF, 0xFF, 0xFE, 0x2A, 0xAA,
    0xAB, 0xFF, 0xA9, 0x00, 0x00, 0x07, 0xFF, 0x40, 0x00, 0x00, 0x07, 0xFF, 0x40, 0x00, 0x00, 0x6F,
    0xFF, 0xE4, 0x00, 0x03, 0xFF, 0xFF, 0xFC, 0x00, 0x03, 0xFF, 0xFF, 0xFC, 0x01, 0x55, 0x55, 0x55,
    0x00, 0x3F, 0xFF, 0xFF, 0xF0, 0x03, 0xFF, 0xFF, 0xFF, 0x00, 0x7F, 0xFF, 0xFF, 0xE0, 0x07, 0xFA,
    0xAA, 0xA8, 0x00, 0x7F, 0x00, 0x00, 0x00, 0x0B, 0xF0, 0x00, 0x00, 0x00, 0xBE, 0x00, 0x00, 0x00,
    0x0F, 0xE0, 0x00, 0x00, 0x00, 0xFE, 0xBF, 0xF9, 0x00, 0x0F, 0xFF, 0xFF, 0xF8, 0x00, 0xFF, 0xFF,
    0xFF, 0xE0, 0x0B, 0xE5, 0x6F, 0xFF, 0x40, 0x10, 0x00, 0x7F, 0xF8, 0x00, 0x00, 0x03, 0xFF, 0xC0,
    0x00, 0x00, 0x2F, 0xFC, 0x00, 0x00, 0x01, 0xFF, 0xC0, 0x00, 0x00, 0x2F, 0xFC, 0x04, 0x00, 0x03,
    0xFF, 0xC2, 0xE0, 0x00, 0x7F, 0xF8, 0x7F, 0xE5, 0x6F, 0xFF, 0x03, 0xFF, 0xFF, 0xFF, 0xE0, 0x0B,
    0xFF, 0xFF, 0xF8, 0x00, 0x1F, 0xFF, 0xF9, 0x00, 0x00, 0x05, 0x54, 0x00, 0x00, 0x00, 0x01, 0xAF,
    0xA0, 0x00, 0x01, 0xFF, 0xFF, 0xE0, 0x00, 0xBF, 0xFF, 0xFF, 0xC0, 0x3F, 0xF8, 0x03, 0xFD, 0x0B,
    0xFE, 0x00, 0xBF, 0xD0, 0xFF, 0xC0, 0x0B, 0xFC, 0x2F, 0xF8, 0x00, 0x3F, 0x43, 0xFF, 0x00, 0x00,
    0x00, 0x3F, 0xF0, 0x00, 0x00, 0x07, 0xFF, 0x1B, 0xFE, 0x00, 0xBF, 0xEB, 0xFF, 0xFD, 0x0F, 0xFF,
    0xFF, 0xFF, 0xF0, 0xFF, 0xFD, 0x07, 0xFF, 0xCF, 0xFF, 0x00, 0x1F, 0xFC, 0xFF, 0xF0, 0x00, 0xFF,
    0xDF, 0xFE, 0x00, 0x0F, 0xFD, 0xFF, 0xE0, 0x00, 0xFF, 0xDB, 0xFE, 0x00, 0x0F, 0xFD, 0x7F, 0xF0,
    0x00, 0xFF, 0xC3, 0xFF, 0x00, 0x0F, 0xFC, 0x2F, 0xF8, 0x02, 0xFF, 0x40, 0xFF, 0xE5, 0xFF, 0xE0,
    0x03, 0xFF, 0xFF, 0xF8, 0x00, 0x0B, 0xFF, 0xFD, 0x00, 0x00, 0x05, 0x54, 0x00, 0x00, 0x15, 0x55,
    0x55, 0x55, 0x43, 0xFF, 0xFF, 0xFF, 0xFE, 0x3F, 0xFF, 0xFF, 0xFF, 0xF3, 0xFF, 0xFF, 0xFF, 0xFF,
    0x3F, 0xE5, 0x55, 0x7F, 0xC3, 0xF4, 0x00, 0x07, 0xF4, 0x3F, 0x00, 0x00, 0xFE, 0x07, 0xE0, 0x00,
    0x3F, 0xC0, 0x00, 0x00, 0x0B, 0xF4, 0x00, 0x00, 0x01, 0xFE, 0x00, 0x00, 0x00, 0x3F, 0xC0, 0x00,
    0x00, 0x0B, 0xFC, 0x00, 0x00, 0x00, 0xFF, 0x40, 0x00, 0x00, 0x2F, 0xF0, 0x00, 0x00, 0x03, 0xFF,
    0x00, 0x00, 0x00, 0x7F, 0xE0, 0x00, 0x00, 0x0B, 0xFD, 0x00, 0x00, 0x00, 0xFF, 0xD0, 0x00, 0x00,
    0x0F, 0xFC, 0x00, 0x00, 0x01, 0xFF, 0xC0, 0x00, 0x00, 0x1F, 0xFC, 0x00, 0x00, 0x01, 0xFF, 0xC0,
    0x00, 0x00, 0x2F, 0xFC, 0x00, 0x00, 0x02, 0xFF, 0xC0, 0x00, 0x00, 0x05, 0x00, 0x00, 0x00, 0x00,
    0x06, 0xFF, 0x90, 0x00, 0x01, 0xFF, 0xFF, 0xF8, 0x00, 0x2F, 0xFF, 0xFF, 0xF8, 0x01, 0xFF, 0x80,
    0x7F, 0xF4, 0x0F, 0xFC, 0x00, 0x7F, 0xE0, 0x3F, 0xE0, 0x00, 0xFF, 0x81, 0xFF, 0xC0, 0x03, 0xFE,
    0x03, 0xFF, 0x80, 0x1F, 0xF4, 0x0F, 0xFF, 0x80, 0xFF, 0x80, 0x1F, 0xFF, 0xEF, 0xF8, 0x00, 0x2F,
    0xFF, 0xFF, 0x40, 0x00, 0x1F, 0xFF, 0xFF, 0x40, 0x00, 0x7F, 0xFF, 0xFF, 0x80, 0x0B, 0xFE, 0xFF,
    0xFF, 0x80, 0xFF, 0xC0, 0x7F, 0xFF, 0x0B, 0xFD, 0x00, 0x2F, 0xFE, 0x3F, 0xF0, 0x00, 0x3F, 0xF9,
    0xFF, 0x80, 0x00, 0xBF, 0xF7, 0xFE, 0x00, 0x02, 0xFF, 0x8F, 0xFC, 0x00, 0x0F, 0xFD, 0x3F, 0xF8,
    0x00, 0xBF, 0xF0, 0x7F, 0xFE, 0xAF, 0xFF, 0x40, 0xBF, 0xFF, 0xFF, 0xF4, 0x00, 0x2F, 0xFF, 0xFD,
    0x00, 0x00, 0x01, 0x55, 0x00, 0x00, 0x00, 0x06, 0xFE, 0x40, 0x00, 0x02, 0xFF, 0xFF, 0xD0, 0x00,
    0x3F, 0xFF, 0xFF, 0xE0, 0x03, 0xFF, 0x80, 0xFF, 0xD0, 0x1F, 0xFC, 0x00, 0xFF, 0xC0, 0xFF, 0xD0,
    0x02, 0xFF, 0x43, 0xFF, 0x00, 0x07, 0xFE, 0x0F, 0xFC, 0x00, 0x1F, 0xFC, 0x3F, 0xF0, 0x00, 0x7F,
    0xF0, 0xFF, 0xC0, 0x01, 0xFF, 0xC3, 0xFF, 0x40, 0x0B, 0xFF, 0x0F, 0xFF, 0x00, 0x7F, 0xFC, 0x1F,
    0xFF, 0x5B, 0xFF, 0xF0, 0x2F, 0xFF, 0xFF, 0xFF, 0xC0, 0x2F, 0xFF, 0xEB, 0xFF, 0x00, 0x0A, 0xF9,
    0x2F, 0xFC, 0x00, 0x00, 0x00, 0xBF, 0xE0, 0x00, 0x00, 0x03, 0xFF, 0x40, 0x00, 0x00, 0x1F, 0xFC,
    0x02, 0x80, 0x00, 0xFF, 0xE0, 0x0F, 0xE5, 0x6F, 0xFF, 0x00, 0xBF, 0xFF, 0xFF, 0xF4, 0x00, 0xBF,
    0xFF, 0xFF, 0x40, 0x00, 0x6F, 0xFF, 0xF0, 0x00, 0x00, 0x05, 0x54, 0x00, 0x00, 0x06, 0x40, 0xFF,
    0xCB, 0xFF, 0xAF, 0xFE, 0xBF, 0xF4, 0xBF, 0x80, 0x00, 0x00, 0x00, 0x00, 0x00, 0x00, 0x00, 0x00,
    0x00, 0x00, 0x01, 0x00, 0xBF, 0x8B, 0xFF, 0x6F, 0xFE, 0xBF, 0xF8, 0xFF, 0xC0, 0x54, 0x00, 0x06,
    0x40, 0xFF, 0xCB, 0xFF, 0x7F, 0xFE, 0xBF, 0xF4, 0xFF, 0x80, 0x10, 0x00, 0x00, 0x00, 0x00, 0x00,
    0x00, 0x00, 0x00, 0x00, 0x00, 0x00, 0xBF, 0x4B, 0xFF, 0x7F, 0xFE, 0xBF, 0xF8, 0xFF, 0xE0, 0x3F,
    0x40, 0xFC, 0x0F, 0xD0, 0xBE, 0x07, 0xE0, 0x05, 0x00, 0x00, 0x00, 0x00, 0x40, 0x00, 0x00, 0x2F,
    0x00, 0x00, 0x07, 0xFF, 0x00, 0x00, 0xBF, 0xF4, 0x00, 0x2F, 0xFE, 0x00, 0x07, 0xFF, 0xD0, 0x00,
    0xBF, 0xF4, 0x00, 0x1F, 0xFE, 0x00, 0x00, 0xBF, 0xD0, 0x00, 0x01, 0xFF, 0xE0, 0x00, 0x00, 0xBF,
    0xF4, 0x00, 0x00, 0x7F, 0xFD, 0x00, 0x00, 0x2F, 0xFE, 0x00, 0x00, 0x0F, 0xFF, 0x40, 0x00, 0x07,
    0xFF, 0x00, 0x00, 0x02, 0xF0, 0x00, 0x00, 0x00, 0x40, 0x00, 0x00, 0x00, 0x00, 0xFF, 0xFF, 0xFF,
    0xE3, 0xFF, 0xFF, 0xFF, 0x8F, 0xFF, 0xFF, 0xFE, 0x15, 0x55, 0x55, 0x54, 0x00, 0x00, 0x00, 0x00,
    0x00, 0x00, 0x00, 0x0A, 0xAA, 0xAA, 0xA9, 0x3F, 0xFF, 0xFF, 0xF8, 0xFF, 0xFF, 0xFF, 0xE3, 0xFF,
    0xFF, 0xFF, 0x80, 0x04, 0x00, 0x00, 0x03, 0xF0, 0x00, 0x00, 0x7F, 0xE0, 0x00, 0x03, 0xFF, 0xD0,
    0x00, 0x07, 0xFF, 0x80, 0x00, 0x0B, 0xFF, 0x80, 0x00, 0x0F, 0xFF, 0x40, 0x00, 0x1F, 0xFE, 0x00,
    0x00, 0x3F, 0xF0, 0x00, 0x1F, 0xFE, 0x00, 0x0F, 0xFF, 0x40, 0x0B, 0xFF, 0x80, 0x07, 0xFF, 0xC0,
    0x03, 0xFF, 0xD0, 0x00, 0x7F, 0xE0, 0x00, 0x03, 0xF0, 0x00, 0x00, 0x04, 0x00, 0x00, 0x00, 0x00,
    0x2B, 0xF9, 0x00, 0x03, 0xFF, 0xFF, 0xE0, 0x1F, 0xFA, 0xFF, 0xF8, 0x3F, 0x80, 0x1F, 0xFD, 0x7F,
    0xC0, 0x0B, 0xFE, 0x7F, 0xD0, 0x0B, 0xFE, 0x3F, 0xC0, 0x0F, 0xFE, 0x1A, 0x40, 0x2F, 0xFD, 0x00,
    0x00, 0xBF, 0xFC, 0x00, 0x03, 0xFF, 0xF0, 0x00, 0x0B, 0xFF, 0xC0, 0x00, 0x0F, 0xFF, 0x00, 0x00,
    0x1F, 0xF8, 0x00, 0x00, 0x1F, 0xE0, 0x00, 0x00, 0x1F, 0xC0, 0x00, 0x00, 0x1F, 0xC0, 0x00, 0x00,
    0x1F, 0xC0, 0x00, 0x00, 0x00, 0x00, 0x00, 0x00, 0x00, 0x00, 0x00, 0x00, 0x1F, 0x80, 0x00, 0x00,
    0x7F, 0xF0, 0x00, 0x00, 0xBF, 0xF0, 0x00, 0x00, 0xBF, 0xF0, 0x00, 0x00, 0x3F, 0xE0, 0x00, 0x00,
    0x05, 0x40, 0x00, 0x00, 0x00, 0x01, 0xAB, 0xA9, 0x00, 0x00, 0x00, 0x00, 0x1B, 0xFF, 0xFF, 0xFE,
    0x00, 0x00, 0x00, 0x3F, 0xFF, 0xFF, 0xFF, 0xF8, 0x00, 0x00, 0x7F, 0xE4, 0x00, 0x06, 0xFF, 0x80,
    0x00, 0x7F, 0xC0, 0x00, 0x00, 0x0B, 0xF8, 0x00, 0x3F, 0x80, 0x00, 0x00, 0x00, 0xBF, 0x40, 0x3F,
    0x80, 0x06, 0xA4, 0x00, 0x0B, 0xF0, 0x1F, 0xC0, 0x1F, 0xFF, 0xEB, 0xC0, 0xFC, 0x0F, 0xD0, 0x1F,
    0xF9, 0xBF, 0xE0, 0x3F, 0x47, 0xF0, 0x0F, 0xF4, 0x07, 0xF8, 0x0B, 0xE2, 0xF8, 0x0B, 0xF8, 0x02,
    0xFD, 0x01, 0xF8, 0xFD, 0x03, 0xFC, 0x00, 0xFF, 0x40, 0x7E, 0x3F, 0x01, 0xFF, 0x00, 0x7F, 0xD0,
    0x1F, 0x8F, 0xC0, 0x7F, 0x80, 0x2F, 0xF0, 0x0B, 0xE3, 0xF0, 0x2F, 0xE0, 0x0E, 0xFC, 0x02, 0xF4,
    0xFC, 0x0B, 0xF8, 0x07, 0x7F, 0x00, 0xFC, 0x3F, 0x41, 0xFE, 0x03, 0xCF, 0xC0, 0xBE, 0x0F, 0xD0,
    0x3F, 0xC2, 0xE3, 0xF0, 0x7F, 0x02, 0xF8, 0x0F, 0xFF, 0xF0, 0xFF, 0xBF, 0x40, 0x7F, 0x00, 0xFF,
    0xF4, 0x2F, 0xFF, 0x40, 0x0F, 0xE0, 0x06, 0x90, 0x01, 0xA9, 0x00, 0x02, 0xFE, 0x00, 0x00, 0x00,
    0x00, 0x00, 0x00, 0x3F, 0xE0, 0x00, 0x00, 0x74, 0x00, 0x00, 0x03, 0xFF, 0x90, 0x01, 0xFF, 0x00,
    0x00, 0x00, 0x2F, 0xFF, 0xFF, 0xFF, 0x40, 0x00, 0x00, 0x01, 0xFF, 0xFF, 0xFD, 0x00, 0x00, 0x00,
    0x00, 0x01, 0xAA, 0x90, 0x00, 0x00, 0x00, 0x00, 0x00, 0x05, 0x54, 0x00, 0x00, 0x00, 0x00, 0x07,
    0xFF, 0x80, 0x00, 0x00, 0x00, 0x02, 0xFF, 0xF0, 0x00, 0x00, 0x00, 0x00, 0xFF, 0xFD, 0x00, 0x00,
    0x00, 0x00, 0x7F, 0xFF, 0x80, 0x00, 0x00, 0x00, 0x3F, 0xBF, 0xF0, 0x00, 0x00, 0x00, 0x0F, 0xCF,
    0xFD, 0x00, 0x00, 0x00, 0x07, 0xE1, 0xFF, 0xC0, 0x00, 0x00, 0x03, 0xF4, 0x3F, 0xF0, 0x00, 0x00,
    0x00, 0xFC, 0x0F, 0xFE, 0x00, 0x00, 0x00, 0xBE, 0x02, 0xFF, 0xC0, 0x00, 0x00, 0x3F, 0x40, 0x3F,
    0xF0, 0x00, 0x00, 0x1F, 0xC0, 0x0F, 0xFE, 0x00, 0x00, 0x0B, 0xE0, 0x02, 0xFF, 0xC0, 0x00, 0x03,
    0xFF, 0xFF, 0xFF, 0xF4, 0x00, 0x01, 0xFF, 0xFF, 0xFF, 0xFE, 0x00, 0x00, 0xBF, 0xFF, 0xFF, 0xFF,
    0xC0, 0x00, 0x3F, 0x40, 0x00, 0x7F, 0xF4, 0x00, 0x1F, 0xC0, 0x00, 0x0F, 0xFE, 0x00, 0x0F, 0xE0,
    0x00, 0x02, 0xFF, 0xC0, 0x07, 0xF4, 0x00, 0x00, 0xBF, 0xF8, 0x1B, 0xFF, 0x90, 0x01, 0xBF, 0xFF,
    0x9F, 0xFF, 0xFC, 0x00, 0xFF, 0xFF, 0xFF, 0xFF, 0xFF, 0x00, 0x3F, 0xFF, 0xFF, 0x15, 0x55, 0x55,
    0x40, 0x00, 0x1F, 0xFF, 0xFF, 0xFF, 0xD0, 0x07, 0xFF, 0xFF, 0xFF, 0xFF, 0x00, 0x1F, 0xFF, 0x57,
    0xFF, 0xF0, 0x03, 0xFF, 0x80, 0x2F, 0xFD, 0x00, 0xFF, 0xE0, 0x03, 0xFF, 0x80, 0x3F, 0xF8, 0x00,
    0xFF, 0xE0, 0x0F, 0xFE, 0x00, 0x3F, 0xF4, 0x03, 0xFF, 0x80, 0x1F, 0xFC, 0x00, 0xFF, 0xE0, 0x0F,
    0xFD, 0x00, 0x3F, 0xFD, 0x6F, 0xFC, 0x00, 0x0F, 0xFF, 0xFF, 0xF8, 0x00, 0x03, 0xFF, 0xFF, 0xFF,
    0xE4, 0x00, 0xFF, 0xF4, 0x5F, 0xFF, 0x40, 0x3F, 0xF8, 0x00, 0xBF, 0xF4, 0x0F, 0xFE, 0x00, 0x0F,
    0xFE, 0x03, 0xFF, 0x80, 0x03, 0xFF, 0xC0, 0xFF, 0xE0, 0x00, 0xFF, 0xF0, 0x3F, 0xF8, 0x00, 0x3F,
    0xFC, 0x0F, 0xFE, 0x00, 0x2F, 0xFE, 0x03, 0xFF, 0x80, 0x2F, 0xFF, 0x0B, 0xFF, 0xFF, 0xFF, 0xFF,
    0x47, 0xFF, 0xFF, 0xFF, 0xFF, 0x01, 0xFF, 0xFF, 0xFF, 0xF8, 0x00, 0x00, 0x00, 0x6F, 0xE4, 0x2E,
    0x00, 0x00, 0xBF, 0xFF, 0xF7, 0xF0, 0x00, 0x7F, 0xFF, 0xFF, 0xFF, 0x00, 0x1F, 0xFF, 0x96, 0xFF,
    0xF0, 0x07, 0xFF, 0x80, 0x01, 0xFF, 0x40, 0xFF, 0xF0, 0x00, 0x0B, 0xF4, 0x1F, 0xFC, 0x00, 0x00,
    0x3F, 0x83, 0xFF, 0xC0, 0x00, 0x01, 0xF8, 0x3F, 0xF8, 0x00, 0x00, 0x0A, 0x47, 0xFF, 0x40, 0x00,
    0x00, 0x00, 0x7F, 0xF4, 0x00, 0x00, 0x00, 0x0B, 0xFF, 0x00, 0x00, 0x00, 0x00, 0xBF, 0xF4, 0x00,
    0x00, 0x00, 0x0B, 0xFF, 0x40, 0x00, 0x00, 0x00, 0x7F, 0xF4, 0x00, 0x00, 0x00, 0x07, 0xFF, 0x80,
    0x00, 0x00, 0x00, 0x3F, 0xFC, 0x00, 0x00, 0x00, 0x03, 0xFF, 0xD0, 0x00, 0x00, 0x00, 0x1F, 0xFF,
    0x00, 0x00, 0x07, 0x00, 0xFF, 0xFD, 0x00, 0x02, 0xFC, 0x03, 0xFF, 0xFD, 0x56, 0xFF, 0x80, 0x1F,
    0xFF, 0xFF, 0xFF, 0xE0, 0x00, 0x3F, 0xFF, 0xFF, 0xF4, 0x00, 0x00, 0x7F, 0xFF, 0xF8, 0x00, 0x00,
    0x00, 0x15, 0x50, 0x00, 0x00, 0x15, 0x55, 0x55, 0x40, 0x00, 0x00, 0x7F, 0xFF, 0xFF, 0xFF, 0x90,
    0x00, 0x7F, 0xFF, 0xFF, 0xFF, 0xFC, 0x00, 0x07, 0xFF, 0xEA, 0xFF, 0xFF, 0x40, 0x03, 0xFF, 0x80,
    0x0B, 0xFF, 0xD0, 0x03, 0xFF, 0x80, 0x01, 0xFF, 0xF0, 0x03, 0xFF, 0x80, 0x00, 0xBF, 0xF8, 0x03,
    0xFF, 0x80, 0x00, 0x3F, 0xFC, 0x03, 0xFF, 0x80, 0x00, 0x2F, 0xFC, 0x03, 0xFF, 0x80, 0x00, 0x2F,
    0xFD, 0x03, 0xFF, 0x80, 0x00, 0x1F, 0xFD, 0x03, 0xFF, 0x80, 0x00, 0x1F, 0xFE, 0x03, 0xFF, 0x80,
    0x00, 0x1F, 0xFE, 0x03, 0xFF, 0x80, 0x00, 0x1F, 0xFD, 0x03, 0xFF, 0x80, 0x00, 0x2F, 0xFD, 0x03,
    0xFF, 0x80, 0x00, 0x2F, 0xFC, 0x03, 0xFF, 0x80, 0x00, 0x3F, 0xFC, 0x03, 0xFF, 0x80, 0x00, 0x7F,
    0xF4, 0x03, 0xFF, 0x80, 0x00, 0xFF, 0xF0, 0x03, 0xFF, 0x80, 0x02, 0xFF, 0xC0, 0x03, 0xFF, 0x80,
    0x1F, 0xFF, 0x40, 0x2F, 0xFF, 0xFF, 0xFF, 0xFD, 0x00, 0x7F, 0xFF, 0xFF, 0xFF, 0xD0, 0x00, 0x7F,
    0xFF, 0xFF, 0xE4, 0x00, 0x00, 0x15, 0x55, 0x55, 0x55, 0x50, 0x7F, 0xFF, 0xFF, 0xFF, 0xF4, 0x7F,
    0xFF, 0xFF, 0xFF, 0xF8, 0x07, 0xFF, 0xD5, 0x6F, 0xF8, 0x03, 0xFF, 0x80, 0x03, 0xFC, 0x03, 0xFF,
    0x80, 0x01, 0xFC, 0x03, 0xFF, 0x80, 0x00, 0xFC, 0x03, 0xFF, 0x80, 0x00, 0x00, 0x03, 0xFF, 0x80,
    0x3C, 0x00, 0x03, 0xFF, 0x80, 0x7C, 0x00, 0x03, 0xFF, 0xC1, 0xFC, 0x00, 0x03, 0xFF, 0xFF, 0xFC,
    0x00, 0x03, 0xFF, 0xFF, 0xFC, 0x00, 0x03, 0xFF, 0xEA, 0xFC, 0x00, 0x03, 0xFF, 0x80, 0x7C, 0x00,
    0x03, 0xFF, 0x80, 0x3C, 0x00, 0x03, 0xFF, 0x80, 0x00, 0x00, 0x03, 0xFF, 0x80, 0x00, 0x7F, 0x03,
    0xFF, 0x80, 0x00, 0xBE, 0x03, 0xFF, 0x80, 0x00, 0xFE, 0x03, 0xFF, 0x80, 0x02, 0xFD, 0x2F, 0xFF,
    0xFF, 0xFF, 0xFD, 0x7F, 0xFF, 0xFF, 0xFF, 0xFC, 0x7F, 0xFF, 0xFF, 0xFF, 0xFC, 0x15, 0x55, 0x55,
    0x55, 0x50, 0x7F, 0xFF, 0xFF, 0xFF, 0xF4, 0x7F, 0xFF, 0xFF, 0xFF, 0xF8, 0x07, 0xFF, 0xD5, 0x6F,
    0xF8, 0x03, 0xFF, 0x80, 0x03, 0xFC, 0x03, 0xFF, 0x80, 0x01, 0xFC, 0x03, 0xFF, 0x80, 0x00, 0xFC,
    0x03, 0xFF, 0x80, 0x00, 0x64, 0x03, 0xFF, 0x80, 0x00, 0x00, 0x03, 0xFF, 0x80, 0x3D, 0x00, 0x03,
    0xFF, 0x80, 0x7D, 0x00, 0x03, 0xFF, 0xEA, 0xFD, 0x00, 0x03, 0xFF, 0xFF, 0xFD, 0x00, 0x03, 0xFF,
    0xFF, 0xFD, 0x00, 0x03, 0xFF, 0xD5, 0xFD, 0x00, 0x03, 0xFF, 0x80, 0x7D, 0x00, 0x03, 0xFF, 0x80,
    0x3C, 0x00, 0x03, 0xFF, 0x80, 0x00, 0x00, 0x03, 0xFF, 0x80, 0x00, 0x00, 0x03, 0xFF, 0x80, 0x00,
    0x00, 0x03, 0xFF, 0xC0, 0x00, 0x00, 0x2F, 0xFF, 0xFA, 0x00, 0x00, 0x7F, 0xFF, 0xFF, 0x40, 0x00,
    0x7F, 0xFF, 0xFF, 0x40, 0x00, 0x00, 0x00, 0x6B, 0xE8, 0x1F, 0x00, 0x00, 0x0B, 0xFF, 0xFF, 0xAF,
    0x00, 0x00, 0x7F, 0xFF, 0xFF, 0xFF, 0x40, 0x01, 0xFF, 0xF9, 0x5B, 0xFF, 0x80, 0x03, 0xFF, 0xC0,
    0x00, 0xFF, 0x80, 0x0F, 0xFF, 0x00, 0x00, 0x3F, 0xC0, 0x1F, 0xFD, 0x00, 0x00, 0x1F, 0xC0, 0x3F,
    0xFC, 0x00, 0x00, 0x0F, 0xC0, 0x3F, 0xF8, 0x00, 0x00, 0x06, 0x40, 0x7F, 0xF4, 0x00, 0x00, 0x00,
    0x00, 0x7F, 0xF4, 0x00, 0x00, 0x00, 0x00, 0xBF, 0xF0, 0x00, 0x00, 0x00, 0x00, 0xBF, 0xF4, 0x00,
    0x0A, 0xAA, 0xAA, 0xBF, 0xF4, 0x00, 0x1F, 0xFF, 0xFF, 0x7F, 0xF4, 0x00, 0x1F, 0xFF, 0xFE, 0x7F,
    0xF8, 0x00, 0x00, 0xFF, 0xE0, 0x3F, 0xFC, 0x00, 0x00, 0xBF, 0xD0, 0x3F, 0xFD, 0x00, 0x00, 0xBF,
    0xD0, 0x1F, 0xFF, 0x00, 0x00, 0xBF, 0xD0, 0x0F, 0xFF, 0xC0, 0x00, 0xFF, 0xD0, 0x07, 0xFF, 0xF9,
    0x5B, 0xFF, 0xD0, 0x01, 0xFF, 0xFF, 0xFF, 0xFF, 0xD0, 0x00, 0x7F, 0xFF, 0xFF, 0xDF, 0xD0, 0x00,
    0x0B, 0xFF, 0xFE, 0x0B, 0xD0, 0x00, 0x00, 0x15, 0x40, 0x00, 0x00, 0x15, 0x55, 0x54, 0x01, 0x55,
    0x55, 0x47, 0xFF, 0xFF, 0xC0, 0x3F, 0xFF, 0xFD, 0x7F, 0xFF, 0xFC, 0x03, 0xFF, 0xFF, 0xD0, 0x7F,
    0xFD, 0x00, 0x07, 0xFF, 0xD0, 0x03, 0xFF, 0x80, 0x00, 0x2F, 0xFC, 0x00, 0x3F, 0xF8, 0x00, 0x02,
    0xFF, 0xC0, 0x03, 0xFF, 0x80, 0x00, 0x2F, 0xFC, 0x00, 0x3F, 0xF8, 0x00, 0x02, 0xFF, 0xC0, 0x03,
    0xFF, 0x80, 0x00, 0x2F, 0xFC, 0x00, 0x3F, 0xF8, 0x00, 0x02, 0xFF, 0xC0, 0x03, 0xFF, 0xEA, 0xAA,
    0xBF, 0xFC, 0x00, 0x3F, 0xFF, 0xFF, 0xFF, 0xFF, 0xC0, 0x03, 0xFF, 0xFF, 0xFF, 0xFF, 0xFC, 0x00,
    0x3F, 0xFE, 0xAA, 0xAB, 0xFF, 0xC0, 0x03, 0xFF, 0x80, 0x00, 0x2F, 0xFC, 0x00, 0x3F, 0xF8, 0x00,
    0x02, 0xFF, 0xC0, 0x03, 0xFF, 0x80, 0x00, 0x2F, 0xFC, 0x00, 0x3F, 0xF8, 0x00, 0x02, 0xFF, 0xC0,
    0x03, 0xFF, 0x80, 0x00, 0x2F, 0xFC, 0x00, 0x3F, 0xF8, 0x00, 0x02, 0xFF, 0xC0, 0x03, 0xFF, 0x80,
    0x00, 0x2F, 0xFC, 0x02, 0xFF, 0xFE, 0x40, 0x1B, 0xFF, 0xF8, 0x7F, 0xFF, 0xFC, 0x03, 0xFF, 0xFF,
    0xD7, 0xFF, 0xFF, 0xC0, 0x3F, 0xFF, 0xFD, 0x15, 0x55, 0x54, 0x7F, 0xFF, 0xFD, 0x7F, 0xFF, 0xFD,
    0x07, 0xFF, 0xD0, 0x03, 0xFF, 0xC0, 0x03, 0xFF, 0x80, 0x03, 0xFF, 0x80, 0x03, 0xFF, 0x80, 0x03,
    0xFF, 0x80, 0x03, 0xFF, 0x80, 0x03, 0xFF, 0x80, 0x03, 0xFF, 0x80, 0x03, 0xFF, 0x80, 0x03, 0xFF,
    0x80, 0x03, 0xFF, 0x80, 0x03, 0xFF, 0x80, 0x03, 0xFF, 0x80, 0x03, 0xFF, 0x80, 0x03, 0xFF, 0x80,
    0x03, 0xFF, 0x80, 0x03, 0xFF, 0xC0, 0x2F, 0xFF, 0xE8, 0x7F, 0xFF, 0xFD, 0x7F, 0xFF, 0xFD, 0x00,
    0x01, 0x55, 0x55, 0x50, 0x00, 0x0F, 0xFF, 0xFF, 0xD0, 0x00, 0x3F, 0xFF, 0xFF, 0x40, 0x00, 0x17,
    0xFF, 0xD0, 0x00, 0x00, 0x0F, 0xFF, 0x00, 0x00, 0x00, 0x2F, 0xFC, 0x00, 0x00, 0x00, 0xBF, 0xF0,
    0x00, 0x00, 0x02, 0xFF, 0xC0, 0x00, 0x00, 0x0B, 0xFF, 0x00, 0x00, 0x00, 0x2F, 0xFC, 0x00, 0x00,
    0x00, 0xBF, 0xF0, 0x00, 0x00, 0x02, 0xFF, 0xC0, 0x00, 0x00, 0x0B, 0xFF, 0x00, 0x00, 0x00, 0x2F,
    0xFC, 0x00, 0x00, 0x00, 0xBF, 0xF0, 0x00, 0x00, 0x02, 0xFF, 0xC0, 0x0B, 0xD0, 0x0B, 0xFF, 0x00,
    0xBF, 0xC0, 0x2F, 0xF8, 0x03, 0xFF, 0x40, 0xFF, 0xE0, 0x1F, 0xFC, 0x03, 0xFF, 0x40, 0x3F, 0xD0,
    0x1F, 0xFC, 0x00, 0xFF, 0xE6, 0xFF, 0xD0, 0x00, 0xFF, 0xFF, 0xFE, 0x00, 0x00, 0xBF, 0xFF, 0xD0,
    0x00, 0x00, 0x05, 0x50, 0x00, 0x00, 0x15, 0x55, 0x54, 0x01, 0x55, 0x54, 0x1F, 0xFF, 0xFF, 0x42,
    0xFF, 0xFF, 0x07, 0xFF, 0xFF, 0xD0, 0xFF, 0xFF, 0xC0, 0x1F, 0xFF, 0x40, 0x03, 0xFF, 0x40, 0x03,
    0xFF, 0xC0, 0x00, 0xFF, 0x00, 0x00, 0xFF, 0xE0, 0x00, 0xFF, 0x00, 0x00, 0x3F, 0xF8, 0x00, 0xFF,
    0x00, 0x00, 0x0F, 0xFE, 0x00, 0xFF, 0x00, 0x00, 0x03, 0xFF, 0x80, 0xFF, 0x00, 0x00, 0x00, 0xFF,
    0xE0, 0xFF, 0x00, 0x00, 0x00, 0x3F, 0xF8, 0xFF, 0x80, 0x00, 0x00, 0x0F, 0xFF, 0xFF, 0xF0, 0x00,
    0x00, 0x03, 0xFF, 0xFF, 0xFE, 0x00, 0x00, 0x00, 0xFF, 0xFF, 0xFF, 0xD0, 0x00, 0x00, 0x3F, 0xFF,
    0x7F, 0xFC, 0x00, 0x00, 0x0F, 0xFF, 0x0B, 0xFF, 0x80, 0x00, 0x03, 0xFF, 0x80, 0xFF, 0xF4, 0x00,
    0x00, 0xFF, 0xE0, 0x1F, 0xFF, 0x00, 0x00, 0x3F, 0xF8, 0x03, 0xFF, 0xE0, 0x00, 0x0F, 0xFE, 0x00,
    0x3F, 0xFC, 0x00, 0x03, 0xFF, 0xC0, 0x0B, 0xFF, 0xC0, 0x0B, 0xFF, 0xFA, 0x00, 0xFF, 0xFF, 0xE7,
    0xFF, 0xFF, 0xD0, 0x1F, 0xFF, 0xFD, 0xFF, 0xFF, 0xF4, 0x01, 0xFF, 0xFD, 0x00, 0x00, 0x00, 0x00,
    0x01, 0x50, 0x00, 0x15, 0x55, 0x54, 0x00, 0x00, 0x7F, 0xFF, 0xFE, 0x00, 0x00, 0x7F, 0xFF, 0xFE,
    0x00, 0x00, 0x07, 0xFF, 0xD0, 0x00, 0x00, 0x03, 0xFF, 0x80, 0x00, 0x00, 0x03, 0xFF, 0x80, 0x00,
    0x00, 0x03, 0xFF, 0x80, 0x00, 0x00, 0x03, 0xFF, 0x80, 0x00, 0x00, 0x03, 0xFF, 0x80, 0x00, 0x00,
    0x03, 0xFF, 0x80, 0x00, 0x00, 0x03, 0xFF, 0x80, 0x00, 0x00, 0x03, 0xFF, 0x80, 0x00, 0x00, 0x03,
    0xFF, 0x80, 0x00, 0x00, 0x03, 0xFF, 0x80, 0x00, 0x00, 0x03, 0xFF, 0x80, 0x00, 0x00, 0x03, 0xFF,
    0x80, 0x00, 0x00, 0x03, 0xFF, 0x80, 0x00, 0xFC, 0x03, 0xFF, 0x80, 0x01, 0xFC, 0x03, 0xFF, 0x80,
    0x02, 0xFC, 0x03, 0xFF, 0x80, 0x03, 0xFC, 0x03, 0xFF, 0x80, 0x0F, 0xFC, 0x2F, 0xFF, 0xFF, 0xFF,
    0xF8, 0x7F, 0xFF, 0xFF, 0xFF, 0xF8, 0x7F, 0xFF, 0xFF, 0xFF, 0xF4, 0x15, 0x55, 0x50, 0x00, 0x00,
    0x15, 0x55, 0x40, 0xBF, 0xFF, 0xE0, 0x00, 0x01, 0xFF, 0xFF, 0x82, 0xFF, 0xFF, 0xC0, 0x00, 0x0B,
    0xFF, 0xFE, 0x00, 0xBF, 0xFF, 0x40, 0x00, 0x3F, 0xFF, 0x40, 0x00, 0xFF, 0xFF, 0x00, 0x02, 0xFF,
    0xFC, 0x00, 0x07, 0xFF, 0xFC, 0x00, 0x0F, 0xFF, 0xF0, 0x00, 0x1F, 0xFF, 0xF8, 0x00, 0x7F, 0xFF,
    0xC0, 0x00, 0x7F, 0x7F, 0xF0, 0x03, 0xF7, 0xFF, 0x00, 0x01, 0xFC, 0xFF, 0xD0, 0x0F, 0xCF, 0xFD,
    0x00, 0x0B, 0xF2, 0xFF, 0x80, 0xBD, 0x3F, 0xF4, 0x00, 0x2F, 0xC3, 0xFF, 0x03, 0xF0, 0xFF, 0xD0,
    0x00, 0xBF, 0x0F, 0xFD, 0x1F, 0x83, 0xFF, 0x40, 0x02, 0xF8, 0x1F, 0xFC, 0xFC, 0x0F, 0xFE, 0x00,
    0x0B, 0xE0, 0x3F, 0xF7, 0xF0, 0x3F, 0xF8, 0x00, 0x3F, 0x80, 0xBF, 0xFF, 0x40, 0xBF, 0xE0, 0x00,
    0xFE, 0x00, 0xFF, 0xFC, 0x02, 0xFF, 0x80, 0x03, 0xF4, 0x03, 0xFF, 0xE0, 0x0B, 0xFF, 0x00, 0x0F,
    0xD0, 0x07, 0xFF, 0x00, 0x2F, 0xFC, 0x00, 0x3F, 0x40, 0x0F, 0xFC, 0x00, 0x7F, 0xF0, 0x00, 0xFD,
    0x00, 0x2F, 0xD0, 0x01, 0xFF, 0xC0, 0x03, 0xF4, 0x00, 0x00, 0x00, 0x07, 0xFF, 0x00, 0xBF, 0xF9,
    0x00, 0x00, 0x01, 0xBF, 0xFF, 0x8B, 0xFF, 0xFC, 0x00, 0x00, 0x0F, 0xFF, 0xFF, 0xAF, 0xFF, 0xF0,
    0x00, 0x00, 0x3F, 0xFF, 0xFE, 0x15, 0x55, 0x40, 0x00, 0x15, 0x55, 0x47, 0xFF, 0xFE, 0x00, 0x07,
    0xFF, 0xFD, 0x7F, 0xFF, 0xF4, 0x00, 0x7F, 0xFF, 0xD0, 0x7F, 0xFF, 0xC0, 0x00, 0x7F, 0xD0, 0x03,
    0xFF, 0xFD, 0x00, 0x03, 0xFC, 0x00, 0x3F, 0xFF, 0xF0, 0x00, 0x3F, 0xC0, 0x03, 0xFF, 0xFF, 0x80,
    0x03, 0xFC, 0x00, 0x3F, 0xFF, 0xFD, 0x00, 0x3F, 0xC0, 0x03, 0xFD, 0xFF, 0xF0, 0x03, 0xFC, 0x00,
    0x3F, 0xCF, 0xFF, 0x40, 0x3F, 0xC0, 0x03, 0xFC, 0x3F, 0xFC, 0x03, 0xFC, 0x00, 0x3F, 0xC2, 0xFF,
    0xE0, 0x3F, 0xC0, 0x03, 0xFC, 0x0F, 0xFF, 0x43, 0xFC, 0x00, 0x3F, 0xC0, 0x7F, 0xFC, 0x3F, 0xC0,
    0x03, 0xFC, 0x02, 0xFF, 0xD3, 0xFC, 0x00, 0x3F, 0xC0, 0x0F, 0xFF, 0x3F, 0xC0, 0x03, 0xFC, 0x00,
    0x7F, 0xFB, 0xFC, 0x00, 0x3F, 0xC0, 0x03, 0xFF, 0xFF, 0xC0, 0x03, 0xFC, 0x00, 0x1F, 0xFF, 0xFC,
    0x00, 0x3F, 0xC0, 0x00, 0xBF, 0xFF, 0xC0, 0x03, 0xFC, 0x00, 0x03, 0xFF, 0xFC, 0x02, 0xFF, 0xF8,
    0x00, 0x1F, 0xFF, 0xC0, 0x7F, 0xFF, 0xD0, 0x00, 0xFF, 0xFC, 0x07, 0xFF, 0xFD, 0x00, 0x03, 0xFF,
    0xC0, 0x00, 0x00, 0x6B, 0xF9, 0x00, 0x00, 0x00, 0x0B, 0xFF, 0xFF, 0xF4, 0x00, 0x00, 0x7F, 0xFF,
    0xFF, 0xFE, 0x00, 0x01, 0xFF, 0xF9, 0x6F, 0xFF, 0x80, 0x03, 0xFF, 0x80, 0x03, 0xFF, 0xD0, 0x0F,
    0xFE, 0x00, 0x00, 0xFF, 0xF0, 0x1F, 0xFC, 0x00, 0x00, 0x7F, 0xF8, 0x3F, 0xFC, 0x00, 0x00, 0x3F,
    0xFC, 0x3F, 0xF8, 0x00, 0x00, 0x3F, 0xFC, 0x7F, 0xF4, 0x00, 0x00, 0x2F, 0xFD, 0x7F, 0xF4, 0x00,
    0x00, 0x2F, 0xFD, 0xBF, 0xF4, 0x00, 0x00, 0x1F, 0xFD, 0xBF, 0xF4, 0x00, 0x00, 0x1F, 0xFD, 0xBF,
    0xF4, 0x00, 0x00, 0x1F, 0xFD, 0x7F, 0xF4, 0x00, 0x00, 0x2F, 0xFC, 0x7F, 0xF8, 0x00, 0x00, 0x2F,
    0xFC, 0x3F, 0xFC, 0x00, 0x00, 0x3F, 0xFC, 0x3F, 0xFC, 0x00, 0x00, 0x3F, 0xF4, 0x1F, 0xFE, 0x00,
    0x00, 0x7F, 0xF0, 0x0F, 0xFF, 0x40, 0x00, 0xFF, 0xD0, 0x07, 0xFF, 0xD0, 0x07, 0xFF, 0x80, 0x01,
    0xFF, 0xFF, 0xFF, 0xFE, 0x00, 0x00, 0x7F, 0xFF, 0xFF, 0xF8, 0x00, 0x00, 0x07, 0xFF, 0xFF, 0x80,
    0x00, 0x00, 0x00, 0x15, 0x50, 0x00, 0x00, 0x15, 0x55, 0x55, 0x40, 0x00, 0x1F, 0xFF, 0xFF, 0xFF,
    0xD0, 0x07, 0xFF, 0xFF, 0xFF, 0xFF, 0x00, 0x1F, 0xFF, 0x5B, 0xFF, 0xF0, 0x03, 0xFF, 0x80, 0x2F,
    0xFD, 0x00, 0xFF, 0xE0, 0x03, 0xFF, 0xC0, 0x3F, 0xF8, 0x00, 0xFF, 0xF0, 0x0F, 0xFE, 0x00, 0x2F,
    0xFC, 0x03, 0xFF, 0x80, 0x0B, 0xFF, 0x00, 0xFF, 0xE0, 0x03, 0xFF, 0xC0, 0x3F, 0xF8, 0x01, 0xFF,
    0xD0, 0x0F, 0xFE, 0x00, 0xFF, 0xF0, 0x03, 0xFF, 0xEB, 0xFF, 0xF4, 0x00, 0xFF, 0xFF, 0xFF, 0xF4,
    0x00, 0x3F, 0xFF, 0xFF, 0xD0, 0x00, 0x0F, 0xFE, 0x14, 0x00, 0x00, 0x03, 0xFF, 0x80, 0x00, 0x00,
    0x00, 0xFF, 0xE0, 0x00, 0x00, 0x00, 0x3F, 0xF8, 0x00, 0x00, 0x00, 0x0F, 0xFE, 0x00, 0x00, 0x00,
    0x03, 0xFF, 0xC0, 0x00, 0x00, 0x0B, 0xFF, 0xFE, 0x40, 0x00, 0x07, 0xFF, 0xFF, 0xF4, 0x00, 0x01,
    0xFF, 0xFF, 0xFD, 0x00, 0x00, 0x00, 0x00, 0x6B, 0xFA, 0x00, 0x00, 0x00, 0x00, 0x00, 0xBF, 0xFF,
    0xFF, 0x40, 0x00, 0x00, 0x00, 0x3F, 0xFF, 0xFF, 0xFF, 0x00, 0x00, 0x00, 0x1F, 0xFF, 0x96, 0xFF,
    0xFC, 0x00, 0x00, 0x03, 0xFF, 0x80, 0x02, 0xFF, 0xE0, 0x00, 0x00, 0xFF, 0xE0, 0x00, 0x0B, 0xFF,
    0x40, 0x00, 0x1F, 0xFC, 0x00, 0x00, 0x3F, 0xFC, 0x00, 0x03, 0xFF, 0xC0, 0x00, 0x02, 0xFF, 0xC0,
    0x00, 0x3F, 0xF8, 0x00, 0x00, 0x1F, 0xFD, 0x00, 0x07, 0xFF, 0x40, 0x00, 0x00, 0xFF, 0xE0, 0x00,
    0x7F, 0xF4, 0x00, 0x00, 0x0F, 0xFE, 0x00, 0x0B, 0xFF, 0x00, 0x00, 0x00, 0xFF, 0xF0, 0x00, 0xBF,
    0xF0, 0x00, 0x00, 0x0F, 0xFF, 0x00, 0x0B, 0xFF, 0x40, 0x00, 0x00, 0xFF, 0xE0, 0x00, 0x7F, 0xF4,
    0x19, 0x00, 0x0F, 0xFE, 0x00, 0x07, 0xFF, 0xAF, 0xFD, 0x00, 0xFF, 0xD0, 0x00, 0x3F, 0xFF, 0xFF,
    0xF8, 0x1F, 0xFC, 0x00, 0x03, 0xFF, 0xF4, 0x7F, 0xD3, 0xFF, 0x80, 0x00, 0x1F, 0xFE, 0x01, 0xFF,
    0xBF, 0xF4, 0x00, 0x00, 0xFF, 0xF4, 0x0B, 0xFF, 0xFE, 0x00, 0x00, 0x03, 0xFF, 0xD0, 0x3F, 0xFF,
    0xC0, 0x00, 0x00, 0x1F, 0xFF, 0xEB, 0xFF, 0xF0, 0x00, 0x00, 0x00, 0x3F, 0xFF, 0xFF, 0xFC, 0x00,
    0x00, 0x00, 0x00, 0x7F, 0xFF, 0xFF, 0xE0, 0x00, 0x00, 0x00, 0x00, 0x15, 0x53, 0xFF, 0x40, 0x00,
    0x00, 0x00, 0x00, 0x00, 0x0F, 0xFD, 0x00, 0x24, 0x00, 0x00, 0x00, 0x00, 0xBF, 0xFE, 0xAF, 0xC0,
    0x00, 0x00, 0x00, 0x03, 0xFF, 0xFF, 0xF4, 0x00, 0x00, 0x00, 0x00, 0x0F, 0xFF, 0xFD, 0x00, 0x00,
    0x00, 0x00, 0x00, 0x2F, 0xFF, 0x00, 0x00, 0x00, 0x00, 0x00, 0x00, 0x15, 0x00, 0x00, 0x15, 0x55,
    0x55, 0x40, 0x00, 0x00, 0x7F, 0xFF, 0xFF, 0xFF, 0x40, 0x00, 0x7F, 0xFF, 0xFF, 0xFF, 0xF4, 0x00,
    0x07, 0xFF, 0xD6, 0xFF, 0xFC, 0x00, 0x03, 0xFF, 0x80, 0x2F, 0xFE, 0x00, 0x03, 0xFF, 0x80, 0x0F,
    0xFF, 0x00, 0x03, 0xFF, 0x80, 0x0F, 0xFF, 0x00, 0x03, 0xFF, 0x80, 0x0F, 0xFF, 0x00, 0x03, 0xFF,
    0x80, 0x0F, 0xFE, 0x00, 0x03, 0xFF, 0x80, 0x1F, 0xFC, 0x00, 0x03, 0xFF, 0x80, 0x7F, 0xF0, 0x00,
    0x03, 0xFF, 0xFF, 0xFF, 0x80, 0x00, 0x03, 0xFF, 0xFF, 0xF4, 0x00, 0x00, 0x03, 0xFF, 0xEB, 0xFF,
    0x00, 0x00, 0x03, 0xFF, 0x81, 0xFF, 0xC0, 0x00, 0x03, 0xFF, 0x80, 0xFF, 0xF0, 0x00, 0x03, 0xFF,
    0x80, 0xBF, 0xF0, 0x00, 0x03, 0xFF, 0x80, 0x7F, 0xF8, 0x00, 0x03, 0xFF, 0x80, 0x3F, 0xFC, 0x00,
    0x03, 0xFF, 0x80, 0x2F, 0xFD, 0x00, 0x03, 0xFF, 0xC0, 0x1F, 0xFF, 0x00, 0x2F, 0xFF, 0xE8, 0x0F,
    0xFF, 0xFC, 0x7F, 0xFF, 0xFD, 0x07, 0xFF, 0xFD, 0x7F, 0xFF, 0xFD, 0x01, 0xFF, 0xF8, 0x00, 0x00,
    0x00, 0x00, 0x15, 0x40, 0x00, 0x1A, 0xF9, 0x07, 0x80, 0x03, 0xFF, 0xFF, 0xBF, 0x00, 0x3F, 0xFF,
    0xFF, 0xFC, 0x03, 0xFF, 0x81, 0xBF, 0xF0, 0x1F, 0xF4, 0x00, 0x7F, 0xC0, 0xFF, 0xC0, 0x00, 0x7F,
    0x03, 0xFF, 0x00, 0x00, 0xBD, 0x0F, 0xFE, 0x00, 0x01, 0xA0, 0x3F, 0xFE, 0x00, 0x00, 0x00, 0xFF,
    0xFF, 0xD0, 0x00, 0x01, 0xFF, 0xFF, 0xFD, 0x00, 0x02, 0xFF, 0xFF, 0xFF, 0x40, 0x02, 0xFF, 0xFF,
    0xFF, 0x40, 0x01, 0xFF, 0xFF, 0xFF, 0x00, 0x00, 0x2F, 0xFF, 0xFE, 0x00, 0x00, 0x02, 0xFF, 0xFC,
    0x14, 0x00, 0x01, 0xFF, 0xF2, 0xF4, 0x00, 0x02, 0xFF, 0xC7, 0xF0, 0x00, 0x07, 0xFF, 0x1F, 0xE0,
    0x00, 0x1F, 0xF8, 0x7F, 0xF0, 0x00, 0xFF, 0xC0, 0xFF, 0xFE, 0xBF, 0xFE, 0x03, 0xFF, 0xFF, 0xFF,
    0xE0, 0x0F, 0x47, 0xFF, 0xF8, 0x00, 0x00, 0x00, 0x55, 0x00, 0x00, 0x05, 0x55, 0x55, 0x55, 0x55,
    0x54, 0x03, 0xFF, 0xFF, 0xFF, 0xFF, 0xFF, 0x01, 0xFF, 0xFF, 0xFF, 0xFF, 0xFF, 0xD0, 0xBF, 0xE5,
    0xBF, 0xF9, 0x7F, 0xF4, 0x2F, 0xE0, 0x1F, 0xFC, 0x02, 0xFE, 0x0F, 0xF0, 0x07, 0xFF, 0x00, 0x3F,
    0x83, 0xF4, 0x01, 0xFF, 0xC0, 0x0B, 0xF0, 0xFC, 0x00, 0x7F, 0xF0, 0x01, 0xFC, 0x01, 0x00, 0x1F,
    0xFC, 0x00, 0x10, 0x00, 0x00, 0x07, 0xFF, 0x00, 0x00, 0x00, 0x00, 0x01, 0xFF, 0xC0, 0x00, 0x00,
    0x00, 0x00, 0x7F, 0xF0, 0x00, 0x00, 0x00, 0x00, 0x1F, 0xFC, 0x00, 0x00, 0x00, 0x00, 0x07, 0xFF,
    0x00, 0x00, 0x00, 0x00, 0x01, 0xFF, 0xC0, 0x00, 0x00, 0x00, 0x00, 0x7F, 0xF0, 0x00, 0x00, 0x00,
    0x00, 0x1F, 0xFC, 0x00, 0x00, 0x00, 0x00, 0x07, 0xFF, 0x00, 0x00, 0x00, 0x00, 0x01, 0xFF, 0xC0,
    0x00, 0x00, 0x00, 0x00, 0x7F, 0xF0, 0x00, 0x00, 0x00, 0x00, 0x1F, 0xFD, 0x00, 0x00, 0x00, 0x01,
    0xAF, 0xFF, 0xE9, 0x00, 0x00, 0x00, 0xFF, 0xFF, 0xFF, 0x80, 0x00, 0x00, 0x3F, 0xFF, 0xFF, 0xE0,
    0x00, 0x55, 0x55, 0x54, 0x00, 0x55, 0x55, 0xFF, 0xFF, 0xF8, 0x01, 0xFF, 0xFF, 0xFF, 0xFF, 0xF8,
    0x01, 0xFF, 0xFF, 0x0B, 0xFF, 0x80, 0x00, 0x1F, 0xF4, 0x07, 0xFF, 0x40, 0x00, 0x0F, 0xE0, 0x07,
    0xFF, 0x40, 0x00, 0x0F, 0xE0, 0x07, 0xFF, 0x40, 0x00, 0x0F, 0xE0, 0x07, 0xFF, 0x40, 0x00, 0x0F,
    0xE0, 0x07, 0xFF, 0x40, 0x00, 0x0F, 0xE0, 0x07, 0xFF, 0x40, 0x00, 0x0F, 0xE0, 0x07, 0xFF, 0x40,
    0x00, 0x0F, 0xE0, 0x07, 0xFF, 0x40, 0x00, 0x0F, 0xE0, 0x07, 0xFF, 0x40, 0x00, 0x0F, 0xE0, 0x07,
    0xFF, 0x40, 0x00, 0x0F, 0xE0, 0x07, 0xFF, 0x40, 0x00, 0x0F, 0xE0, 0x07, 0xFF, 0x40, 0x00, 0x0F,
    0xE0, 0x03, 0xFF, 0x40, 0x00, 0x0F, 0xD0, 0x03, 0xFF, 0x40, 0x00, 0x0F, 0xD0, 0x03, 0xFF, 0xC0,
    0x00, 0x1F, 0xC0, 0x02, 0xFF, 0xD0, 0x00, 0x3F, 0xC0, 0x00, 0xFF, 0xF8, 0x01, 0xFF, 0x40, 0x00,
    0xBF, 0xFF, 0xFF, 0xFE, 0x00, 0x00, 0x2F, 0xFF, 0xFF, 0xF8, 0x00, 0x00, 0x06, 0xFF, 0xFF, 0xD0,
    0x00, 0x00, 0x00, 0x15, 0x54, 0x00, 0x00, 0x15, 0x55, 0x54, 0x00, 0x55, 0x55, 0x6F, 0xFF, 0xFF,
    0x40, 0x2F, 0xFF, 0xFB, 0xFF, 0xFF, 0xD0, 0x0F, 0xFF, 0xFC, 0x6F, 0xFF, 0x40, 0x00, 0x6F, 0xF4,
    0x03, 0xFF, 0xC0, 0x00, 0x07, 0xF0, 0x00, 0xBF, 0xF0, 0x00, 0x02, 0xFC, 0x00, 0x1F, 0xFE, 0x00,
    0x00, 0xFD, 0x00, 0x03, 0xFF, 0xC0, 0x00, 0x3F, 0x00, 0x00, 0xBF, 0xF0, 0x00, 0x2F, 0x80, 0x00,
    0x1F, 0xFE, 0x00, 0x0F, 0xD0, 0x00, 0x03, 0xFF, 0xC0, 0x03, 0xF0, 0x00, 0x00, 0xBF, 0xF0, 0x02,
    0xF8, 0x00, 0x00, 0x0F, 0xFD, 0x00, 0xFD, 0x00, 0x00, 0x03, 0xFF, 0xC0, 0x7F, 0x00, 0x00, 0x00,
    0xBF, 0xF0, 0x2F, 0x80, 0x00, 0x00, 0x0F, 0xFD, 0x0F, 0xD0, 0x00, 0x00, 0x03, 0xFF, 0xC7, 0xF0,
    0x00, 0x00, 0x00, 0x7F, 0xF2, 0xF8, 0x00, 0x00, 0x00, 0x0F, 0xFD, 0xFC, 0x00, 0x00, 0x00, 0x03,
    0xFF, 0xFF, 0x00, 0x00, 0x00, 0x00, 0x7F, 0xFF, 0x80, 0x00, 0x00, 0x00, 0x0F, 0xFF, 0xC0, 0x00,
    0x00, 0x00, 0x02, 0xFF, 0xF0, 0x00, 0x00, 0x00, 0x00, 0x7F, 0xF8, 0x00, 0x00, 0x15, 0x55, 0x54,
    0x00, 0x15, 0x50, 0x00, 0x55, 0x55, 0x2F, 0xFF, 0xFF, 0x40, 0x2F, 0xFD, 0x00, 0x3F, 0xFF, 0xEB,
    0xFF, 0xFF, 0xD0, 0x0F, 0xFF, 0x80, 0x0F, 0xFF, 0xF8, 0x6F, 0xFF, 0x40, 0x03, 0xFF, 0xF0, 0x00,
    0x7F, 0xD0, 0x03, 0xFF, 0xC0, 0x01, 0xFF, 0xFC, 0x00, 0x0F, 0xE0, 0x00, 0xBF, 0xF0, 0x00, 0xBF,
    0xFF, 0x40, 0x03, 0xF4, 0x00, 0x1F, 0xFD, 0x00, 0x3F, 0xFF, 0xE0, 0x00, 0xFC, 0x00, 0x03, 0xFF,
    0x80, 0x0F, 0xEF, 0xFC, 0x00, 0x7F, 0x00, 0x00, 0xFF, 0xE0, 0x07, 0xF7, 0xFF, 0x00, 0x2F, 0x80,
    0x00, 0x2F, 0xFC, 0x02, 0xF8, 0xFF, 0xE0, 0x0F, 0xD0, 0x00, 0x07, 0xFF, 0x00, 0xFD, 0x3F, 0xFC,
    0x03, 0xF0, 0x00, 0x00, 0xFF, 0xD0, 0x3F, 0x0B, 0xFF, 0x00, 0xFC, 0x00, 0x00, 0x3F, 0xF8, 0x1F,
    0xC1, 0xFF, 0xD0, 0x7E, 0x00, 0x00, 0x0B, 0xFF, 0x0B, 0xE0, 0x3F, 0xF8, 0x2F, 0x40, 0x00, 0x01,
    0xFF, 0xC3, 0xF4, 0x0B, 0xFF, 0x0F, 0xC0, 0x00, 0x00, 0x7F, 0xF4, 0xFC, 0x01, 0xFF, 0xC3, 0xF0,
    0x00, 0x00, 0x0F, 0xFD, 0x7F, 0x00, 0x3F, 0xF4, 0xF8, 0x00, 0x00, 0x03, 0xFF, 0xAF, 0x80, 0x0F,
    0xFE, 0x7D, 0x00, 0x00, 0x00, 0xBF, 0xFF, 0xD0, 0x02, 0xFF, 0xEF, 0x40, 0x00, 0x00, 0x1F, 0xFF,
    0xF0, 0x00, 0x7F, 0xFF, 0xC0, 0x00, 0x00, 0x03, 0xFF, 0xFC, 0x00, 0x0F, 0xFF, 0xF0, 0x00, 0x00,
    0x00, 0xFF, 0xFE, 0x00, 0x03, 0xFF, 0xF8, 0x00, 0x00, 0x00, 0x2F, 0xFF, 0x40, 0x00, 0xBF, 0xFD,
    0x00, 0x00, 0x00, 0x07, 0xFF, 0xC0, 0x00, 0x1F, 0xFF, 0x00, 0x00, 0x15, 0x55, 0x54, 0x00, 0x55,
    0x55, 0x1F, 0xFF, 0xFF, 0x40, 0x7F, 0xFF, 0xCB, 0xFF, 0xFF, 0xD0, 0x2F, 0xFF, 0xF0, 0x6F, 0xFF,
    0x80, 0x01, 0xFF, 0xD0, 0x01, 0xFF, 0xF0, 0x00, 0x3F, 0x80, 0x00, 0x2F, 0xFE, 0x00, 0x3F, 0xC0,
    0x00, 0x03, 0xFF, 0xD0, 0x2F, 0xC0, 0x00, 0x00, 0x3F, 0xFC, 0x1F, 0xD0, 0x00, 0x00, 0x07, 0xFF,
    0xCF, 0xE0, 0x00, 0x00, 0x00, 0xBF, 0xFF, 0xF0, 0x00, 0x00, 0x00, 0x0F, 0xFF, 0xF0, 0x00, 0x00,
    0x00, 0x00, 0xFF, 0xF4, 0x00, 0x00, 0x00, 0x00, 0x1F, 0xFF, 0x00, 0x00, 0x00, 0x00, 0x0B, 0xFF,
    0xE0, 0x00, 0x00, 0x00, 0x07, 0xFF, 0xFD, 0x00, 0x00, 0x00, 0x03, 0xFB, 0xFF, 0xC0, 0x00, 0x00,
    0x03, 0xFC, 0x3F, 0xFC, 0x00, 0x00, 0x03, 0xFC, 0x07, 0xFF, 0x80, 0x00, 0x02, 0xFD, 0x00, 0xBF,
    0xF4, 0x00, 0x02, 0xFD, 0x00, 0x0F, 0xFF, 0x00, 0x02, 0xFF, 0x00, 0x01, 0xFF, 0xF0, 0x1B, 0xFF,
    0xE4, 0x02, 0xBF, 0xFF, 0x9B, 0xFF, 0xFF, 0x01, 0xFF, 0xFF, 0xFE, 0xFF, 0xFF, 0xC0, 0x7F, 0xFF,
    0xFF, 0x15, 0x55, 0x54, 0x01, 0x55, 0x55, 0x2F, 0xFF, 0xFF, 0x40, 0xBF, 0xFF, 0xEB, 0xFF, 0xFF,
    0xD0, 0x2F, 0xFF, 0xF8, 0x6F, 0xFF, 0x40, 0x00, 0xBF, 0xD0, 0x02, 0xFF, 0xC0, 0x00, 0x1F, 0xD0,
    0x00, 0x3F, 0xF8, 0x00, 0x0B, 0xE0, 0x00, 0x07, 0xFF, 0x40, 0x07, 0xF0, 0x00, 0x00, 0xFF, 0xF0,
    0x03, 0xF8, 0x00, 0x00, 0x1F, 0xFE, 0x02, 0xFC, 0x00, 0x00, 0x02, 0xFF, 0xC0, 0xFD, 0x00, 0x00,
    0x00, 0x3F, 0xF8, 0xBF, 0x00, 0x00, 0x00, 0x07, 0xFF, 0xBF, 0x00, 0x00, 0x00, 0x00, 0xFF, 0xFF,
    0x80, 0x00, 0x00, 0x00, 0x1F, 0xFF, 0xC0, 0x00, 0x00, 0x00, 0x02, 0xFF, 0xD0, 0x00, 0x00, 0x00,
    0x00, 0x7F, 0xF0, 0x00, 0x00, 0x00, 0x00, 0x1F, 0xFC, 0x00, 0x00, 0x00, 0x00, 0x07, 0xFF, 0x00,
    0x00, 0x00, 0x00, 0x01, 0xFF, 0xC0, 0x00, 0x00, 0x00, 0x00, 0x7F, 0xF0, 0x00, 0x00, 0x00, 0x00,
    0x1F, 0xFC, 0x00, 0x00, 0x00, 0x00, 0x6F, 0xFF, 0xE4, 0x00, 0x00, 0x00, 0x7F, 0xFF, 0xFF, 0x00,
    0x00, 0x00, 0x1F, 0xFF, 0xFF, 0xC0, 0x00, 0x15, 0x55, 0x55, 0x55, 0x55, 0x0F, 0xFF, 0xFF, 0xFF,
    0xFF, 0xC3, 0xFF, 0xFF, 0xFF, 0xFF, 0xF0, 0xFF, 0xE5, 0x55, 0xBF, 0xFC, 0x3F, 0xD0, 0x00, 0x3F,
    0xFC, 0x0F, 0xF0, 0x00, 0x3F, 0xFD, 0x03, 0xF8, 0x00, 0x2F, 0xFE, 0x00, 0xFC, 0x00, 0x1F, 0xFF,
    0x00, 0x25, 0x00, 0x0F, 0xFF, 0x00, 0x00, 0x00, 0x0F, 0xFF, 0x80, 0x00, 0x00, 0x0B, 0xFF, 0xC0,
    0x00, 0x00, 0x07, 0xFF, 0xC0, 0x00, 0x00, 0x03, 0xFF, 0xD0, 0x00, 0x00, 0x02, 0xFF, 0xE0, 0x00,
    0x00, 0x01, 0xFF, 0xF0, 0x00, 0x00, 0x00, 0xFF, 0xF0, 0x00, 0x00, 0x00, 0xFF, 0xF4, 0x00, 0x3F,
    0x40, 0xBF, 0xF8, 0x00, 0x0F, 0xC0, 0x7F, 0xFC, 0x00, 0x0B, 0xF0, 0x3F, 0xFD, 0x00, 0x03, 0xFC,
    0x3F, 0xFE, 0x00, 0x07, 0xFF, 0x1F, 0xFF, 0xFF, 0xFF, 0xFF, 0xC7, 0xFF, 0xFF, 0xFF, 0xFF, 0xF1,
    0xFF, 0xFF, 0xFF, 0xFF, 0xF8, 0x00, 0x00, 0x0F, 0xFF, 0xF3, 0xFF, 0xFC, 0xFF, 0xE5, 0x3F, 0xE0,
    0x0F, 0xF8, 0x03, 0xFE, 0x00, 0xFF, 0x80, 0x3F, 0xE0, 0x0F, 0xF8, 0x03, 0xFE, 0x00, 0xFF, 0x80,
    0x3F, 0xE0, 0x0F, 0xF8, 0x03, 0xFE, 0x00, 0xFF, 0x80, 0x3F, 0xE0, 0x0F, 0xF8, 0x03, 0xFE, 0x00,
    0xFF, 0x80, 0x3F, 0xE0, 0x0F, 0xF8, 0x03, 0xFE, 0x00, 0xFF, 0x80, 0x3F, 0xE0, 0x0F, 0xF8, 0x03,
    0xFE, 0x00, 0xFF, 0x80, 0x3F, 0xE0, 0x0F, 0xF8, 0x03, 0xFE, 0x00, 0xFF, 0x80, 0x3F, 0xF9, 0x4F,
    0xFF, 0xF3, 0xFF, 0xFC, 0x00, 0x00, 0x6A, 0x00, 0x00, 0x00, 0x7F, 0x80, 0x00, 0x00, 0x3F, 0xC0,
    0x00, 0x00, 0x2F, 0xD0, 0x00, 0x00, 0x0F, 0xE0, 0x00, 0x00, 0x0F, 0xF0, 0x00, 0x00, 0x07, 0xF4,
    0x00, 0x00, 0x03, 0xFC, 0x00, 0x00, 0x02, 0xFC, 0x00, 0x00, 0x01, 0xFE, 0x00, 0x00, 0x00, 0xFF,
    0x00, 0x00, 0x00, 0xBF, 0x40, 0x00, 0x00, 0x7F, 0x80, 0x00, 0x00, 0x3F, 0xC0, 0x00, 0x00, 0x2F,
    0xD0, 0x00, 0x00, 0x0F, 0xF0, 0x00, 0x00, 0x0F, 0xF0, 0x00, 0x00, 0x07, 0xF4, 0x00, 0x00, 0x03,
    0xFC, 0x00, 0x00, 0x02, 0xFC, 0x00, 0x00, 0x01, 0xFE, 0x00, 0x00, 0x00, 0xFF, 0x00, 0x00, 0x00,
    0xBF, 0x40, 0x00, 0x00, 0x3F, 0x80, 0x00, 0x00, 0x3F, 0xC0, 0x00, 0x00, 0x1F, 0xD0, 0x00, 0x00,
    0x0F, 0xF0, 0x00, 0x00, 0x0B, 0xF0, 0x00, 0x00, 0x07, 0xF8, 0x00, 0x00, 0x03, 0xFC, 0x00, 0x00,
    0x01, 0xA8, 0x00, 0x00, 0x0F, 0xFF, 0xF3, 0xFF, 0xFC, 0x5B, 0xFF, 0x00, 0xFF, 0xC0, 0x3F, 0xF0,
    0x0F, 0xFC, 0x03, 0xFF, 0x00, 0xFF, 0xC0, 0x3F, 0xF0, 0x0F, 0xFC, 0x03, 0xFF, 0x00, 0xFF, 0xC0,
    0x3F, 0xF0, 0x0F, 0xFC, 0x03, 0xFF, 0x00, 0xFF, 0xC0, 0x3F, 0xF0, 0x0F, 0xFC, 0x03, 0xFF, 0x00,
    0xFF, 0xC0, 0x3F, 0xF0, 0x0F, 0xFC, 0x03, 0xFF, 0x00, 0xFF, 0xC0, 0x3F, 0xF0, 0x0F, 0xFC, 0x03,
    0xFF, 0x00, 0xFF, 0xC0, 0x3F, 0xF0, 0x0F, 0xFC, 0x03, 0xFF, 0x16, 0xFF, 0xCF, 0xFF, 0xF3, 0xFF,
    0xFC, 0x00, 0x00, 0x00, 0x02, 0xF4, 0x00, 0x00, 0x00, 0xBF, 0xC0, 0x00, 0x00, 0x1F, 0xFE, 0x00,
    0x00, 0x03, 0xFF, 0xF4, 0x00, 0x00, 0xBF, 0xFF, 0xC0, 0x00, 0x1F, 0xF7, 0xFE, 0x00, 0x03, 0xFE,
    0x1F, 0xF4, 0x00, 0xBF, 0xC0, 0xBF, 0xC0, 0x1F, 0xF4, 0x03, 0xFE, 0x03, 0xFE, 0x00, 0x1F, 0xF4,
    0xBF, 0xC0, 0x00, 0xBF, 0xC7, 0xF0, 0x00, 0x03, 0xF8, 0x0A, 0x00, 0x00, 0x0C, 0x00, 0xFF, 0xFF,
    0xFF, 0xFE, 0xFF, 0xFF, 0xFF, 0xFE, 0xFF, 0xFF, 0xFF, 0xFE, 0x0A, 0x00, 0x0F, 0xE0, 0x03, 0xFD,
    0x00, 0xFF, 0xC0, 0x0F, 0xF8, 0x00, 0xBF, 0x40, 0x03, 0xF0, 0x00, 0x24, 0x00, 0x16, 0x94, 0x00,
    0x00, 0x0B, 0xFF, 0xFE, 0x00, 0x01, 0xFF, 0xAF, 0xFF, 0x00, 0x0F, 0xE0, 0x0F, 0xFE, 0x00, 0x7F,
    0xC0, 0x1F, 0xFC, 0x01, 0xFF, 0x00, 0x3F, 0xF0, 0x03, 0xF8, 0x00, 0xFF, 0xC0, 0x00, 0x00, 0x03,
    0xFF, 0x00, 0x00, 0x01, 0x6F, 0xFC, 0x00, 0x0B, 0xFF, 0xFF, 0xF0, 0x01, 0xFF, 0xFE, 0xFF, 0xC0,
    0x0F, 0xFD, 0x03, 0xFF, 0x00, 0xBF, 0xE0, 0x0F, 0xFC, 0x02, 0xFF, 0x40, 0x3F, 0xF0, 0x0B, 0xFE,
    0x02, 0xFF, 0xD0, 0x2F, 0xFE, 0x6F, 0xFF, 0xE8, 0x3F, 0xFF, 0xF7, 0xFF, 0xF0, 0x3F, 0xFE, 0x0B,
    0xFF, 0x40, 0x05, 0x40, 0x01, 0x50, 0x00, 0x15, 0x5A, 0x00, 0x00, 0x00, 0x1F, 0xFF, 0xC0, 0x00,
    0x00, 0x0B, 0xFF, 0xF0, 0x00, 0x00, 0x00, 0x7F, 0xFC, 0x00, 0x00, 0x00, 0x03, 0xFF, 0x00, 0x00,
    0x00, 0x00, 0xFF, 0xC0, 0x00, 0x00, 0x00, 0x3F, 0xF0, 0x00, 0x00, 0x00, 0x0F, 0xFC, 0x00, 0x00,
    0x00, 0x03, 0xFF, 0x00, 0x65, 0x00, 0x00, 0xFF, 0xC3, 0xFF, 0xF4, 0x00, 0x3F, 0xF7, 0xFF, 0xFF,
    0x40, 0x0F, 0xFF, 0xFF, 0xFF, 0xF0, 0x03, 0xFF, 0xD0, 0x2F, 0xFE, 0x00, 0xFF, 0xE0, 0x03, 0xFF,
    0xC0, 0x3F, 0xF4, 0x00, 0x7F, 0xF0, 0x0F, 0xFC, 0x00, 0x1F, 0xFD, 0x03, 0xFF, 0x00, 0x03, 0xFF,
    0x40, 0xFF, 0xC0, 0x00, 0xFF, 0xD0, 0x3F, 0xF0, 0x00, 0x3F, 0xF4, 0x0F, 0xFC, 0x00, 0x1F, 0xFC,
    0x03, 0xFF, 0x00, 0x0B, 0xFF, 0x00, 0xFF, 0xC0, 0x03, 0xFF, 0x80, 0x3F, 0xF8, 0x02, 0xFF, 0xC0,
    0x0F, 0xFF, 0xEB, 0xFF, 0xE0, 0x03, 0xFF, 0xFF, 0xFF, 0xE0, 0x00, 0xFD, 0x2F, 0xFF, 0xD0, 0x00,
    0x00, 0x00, 0x55, 0x00, 0x00, 0x00, 0x01, 0x65, 0x00, 0x00, 0x1F, 0xFF, 0xF8, 0x00, 0x2F, 0xFF,
    0xFF, 0xC0, 0x2F, 0xF9, 0x1B, 0xF8, 0x1F, 0xF8, 0x02, 0xFF, 0x0F, 0xFC, 0x00, 0xFF, 0xC7, 0xFF,
    0x00, 0x3F, 0xF2, 0xFF, 0x80, 0x02, 0xE0, 0xBF, 0xE0, 0x00, 0x00, 0x3F, 0xF8, 0x00, 0x00, 0x0B,
    0xFF, 0x00, 0x00, 0x02, 0xFF, 0xC0, 0x00, 0x00, 0x7F, 0xF4, 0x00, 0x00, 0x0F, 0xFF, 0x40, 0x02,
    0x02, 0xFF, 0xF9, 0x6B, 0xF0, 0x3F, 0xFF, 0xFF, 0xFC, 0x03, 0xFF, 0xFF, 0xF8, 0x00, 0x2F, 0xFF,
    0xF4, 0x00, 0x00, 0x55, 0x40, 0x00, 0x00, 0x00, 0x05, 0x56, 0x90, 0x00, 0x00, 0x03, 0xFF, 0xFC,
    0x00, 0x00, 0x00, 0xFF, 0xFF, 0x00, 0x00, 0x00, 0x07, 0xFF, 0xC0, 0x00, 0x00, 0x00, 0xBF, 0xF0,
    0x00, 0x00, 0x00, 0x2F, 0xFC, 0x00, 0x00, 0x00, 0x0B, 0xFF, 0x00, 0x00, 0x00, 0x02, 0xFF, 0xC0,
    0x00, 0x05, 0x94, 0xBF, 0xF0, 0x00, 0x2F, 0xFF, 0xFF, 0xFC, 0x00, 0x3F, 0xFF, 0xFF, 0xFF, 0x00,
    0x3F, 0xFE, 0xBF, 0xFF, 0xC0, 0x2F, 0xFC, 0x00, 0xFF, 0xF0, 0x0F, 0xFD, 0x00, 0x2F, 0xFC, 0x07,
    0xFF, 0x00, 0x0B, 0xFF, 0x02, 0xFF, 0xC0, 0x02, 0xFF, 0xC0, 0xBF, 0xF0, 0x00, 0xBF, 0xF0, 0x2F,
    0xFC, 0x00, 0x2F, 0xFC, 0x0B, 0xFF, 0x00, 0x0B, 0xFF, 0x02, 0xFF, 0xC0, 0x02, 0xFF, 0xC0, 0xBF,
    0xF0, 0x00, 0xBF, 0xF0, 0x1F, 0xFD, 0x00, 0x3F, 0xFC, 0x03, 0xFF, 0xD0, 0x2F, 0xFF, 0x00, 0x7F,
    0xFF, 0xFF, 0xFF, 0xE4, 0x0B, 0xFF, 0xFF, 0x3F, 0xFF, 0x00, 0x7F, 0xFE, 0x0F, 0xFF, 0xC0, 0x01,
    0x54, 0x00, 0x00, 0x00, 0x00, 0x01, 0x65, 0x00, 0x00, 0x1F, 0xFF, 0xF8, 0x00, 0x2F, 0xFF, 0xFF,
    0xC0, 0x2F, 0xF4, 0x1F, 0xF8, 0x1F, 0xF8, 0x02, 0xFF, 0x0F, 0xFC, 0x00, 0xBF, 0xD7, 0xFF, 0x00,
    0x2F, 0xFA, 0xFF, 0xD5, 0x5F, 0xFE, 0xBF, 0xFF, 0xFF, 0xFF, 0x7F, 0xFF, 0xFF, 0xFF, 0xDB, 0xFF,
    0x00, 0x00, 0x02, 0xFF, 0xC0, 0x00, 0x00, 0x7F, 0xF4, 0x00, 0x00, 0x0F, 0xFF, 0x00, 0x02, 0xC2,
    0xFF, 0xF9, 0x5B, 0xF8, 0x3F, 0xFF, 0xFF, 0xFC, 0x03, 0xFF, 0xFF, 0xFC, 0x00, 0x2F, 0xFF, 0xF4,
    0x00, 0x00, 0x15, 0x40, 0x00, 0x00, 0x00, 0x00, 0x00, 0x00, 0x07, 0xFF, 0x90, 0x00, 0x3F, 0xFF,
    0xF8, 0x00, 0xFF, 0xD6, 0xFD, 0x01, 0xFF, 0x42, 0xFE, 0x03, 0xFF, 0x03, 0xFE, 0x03, 0xFF, 0x03,
    0xFD, 0x07, 0xFF, 0x00, 0x50, 0x07, 0xFF, 0x00, 0x00, 0x07, 0xFF, 0x00, 0x00, 0xBF, 0xFF, 0xFF,
    0x80, 0xFF, 0xFF, 0xFF, 0x80, 0xFF, 0xFF, 0xFF, 0x40, 0x07, 0xFF, 0x00, 0x00, 0x07, 0xFF, 0x00,
    0x00, 0x07, 0xFF, 0x00, 0x00, 0x07, 0xFF, 0x00, 0x00, 0x07, 0xFF, 0x00, 0x00, 0x07, 0xFF, 0x00,
    0x00, 0x07, 0xFF, 0x00, 0x00, 0x07, 0xFF, 0x00, 0x00, 0x07, 0xFF, 0x00, 0x00, 0x07, 0xFF, 0x00,
    0x00, 0x07, 0xFF, 0x00, 0x00, 0x6F, 0xFF, 0xE4, 0x00, 0xFF, 0xFF, 0xFD, 0x00, 0xFF, 0xFF, 0xFD,
    0x00, 0x00, 0x00, 0x00, 0x00, 0x14, 0x00, 0x00, 0x00, 0x00, 0x7F, 0xC0, 0x00, 0x00, 0x00, 0x3F,
    0xF4, 0x00, 0x06, 0x94, 0x2F, 0xFC, 0x00, 0xBF, 0xFF, 0xFE, 0x2E, 0x00, 0xFF, 0xFF, 0xFF, 0x80,
    0x00, 0xFF, 0xE0, 0x7F, 0xF0, 0x00, 0x7F, 0xF0, 0x0B, 0xFF, 0x00, 0x2F, 0xF8, 0x00, 0xFF, 0xC0,
    0x0F, 0xFE, 0x00, 0x3F, 0xF0, 0x02, 0xFF, 0x80, 0x0F, 0xFC, 0x00, 0xBF, 0xF0, 0x0B, 0xFF, 0x00,
    0x0F, 0xFF, 0x47, 0xFF, 0x40, 0x01, 0xFF, 0xFF, 0xFF, 0x80, 0x00, 0x1F, 0xFF, 0xFF, 0x40, 0x00,
    0x1F, 0xDA, 0xA4, 0x00, 0x00, 0x0F, 0xE0, 0x00, 0x00, 0x00, 0x03, 0xFD, 0x00, 0x00, 0x00, 0x00,
    0xFF, 0xFF, 0xFF, 0xF9, 0x00, 0x1F, 0xFF, 0xFF, 0xFF, 0xD0, 0x01, 0xFF, 0xFF, 0xFF, 0xFC, 0x02,
    0xFF, 0xAA, 0xBF, 0xFF, 0x43, 0xFF, 0x00, 0x02, 0xFF, 0xD1, 0xFF, 0x80, 0x00, 0x7F, 0xF0, 0x7F,
    0xE0, 0x00, 0x2F, 0xFC, 0x1F, 0xFE, 0x00, 0x7F, 0xFD, 0x03, 0xFF, 0xFF, 0xFF, 0xFD, 0x00, 0x2F,
    0xFF, 0xFF, 0xF8, 0x00, 0x00, 0x5A, 0xAA, 0x40, 0x00, 0x00, 0x05, 0x56, 0x40, 0x00, 0x00, 0x00,
    0xFF, 0xFF, 0x00, 0x00, 0x00, 0x03, 0xFF, 0xFC, 0x00, 0x00, 0x00, 0x06, 0xFF, 0xF0, 0x00, 0x00,
    0x00, 0x02, 0xFF, 0xC0, 0x00, 0x00, 0x00, 0x0B, 0xFF, 0x00, 0x00, 0x00, 0x00, 0x2F, 0xFC, 0x00,
    0x00, 0x00, 0x00, 0xBF, 0xF0, 0x00, 0x00, 0x00, 0x02, 0xFF, 0xC0, 0x59, 0x00, 0x00, 0x0B, 0xFF,
    0x1F, 0xFF, 0xC0, 0x00, 0x2F, 0xFD, 0xFF, 0xFF, 0xC0, 0x00, 0xBF, 0xFF, 0xFF, 0xFF, 0x40, 0x02,
    0xFF, 0xF4, 0x1F, 0xFF, 0x00, 0x0B, 0xFF, 0x40, 0x2F, 0xFC, 0x00, 0x2F, 0xFC, 0x00, 0x7F, 0xF0,
    0x00, 0xBF, 0xF0, 0x01, 0xFF, 0xC0, 0x02, 0xFF, 0xC0, 0x07, 0xFF, 0x00, 0x0B, 0xFF, 0x00, 0x1F,
    0xFC, 0x00, 0x2F, 0xFC, 0x00, 0x7F, 0xF0, 0x00, 0xBF, 0xF0, 0x01, 0xFF, 0xC0, 0x02, 0xFF, 0xC0,
    0x07, 0xFF, 0x00, 0x0B, 0xFF, 0x00, 0x1F, 0xFC, 0x00, 0x2F, 0xFC, 0x00, 0x7F, 0xF0, 0x06, 0xFF,
    0xF9, 0x07, 0xFF, 0xE4, 0x2F, 0xFF, 0xFC, 0x7F, 0xFF, 0xF0, 0xBF, 0xFF, 0xF1, 0xFF, 0xFF, 0xC0,
    0x02, 0xA4, 0x00, 0x3F, 0xF8, 0x01, 0xFF, 0xF0, 0x07, 0xFF, 0xC0, 0x0F, 0xFE, 0x00, 0x0B, 0xE0,
    0x00, 0x00, 0x00, 0x00, 0x00, 0x00, 0x00, 0x00, 0x02, 0xFF, 0xFC, 0x0F, 0xFF, 0xF0, 0x2F, 0xFF,
    0xC0, 0x0B, 0xFF, 0x00, 0x1F, 0xFC, 0x00, 0x7F, 0xF0, 0x01, 0xFF, 0xC0, 0x07, 0xFF, 0x00, 0x1F,
    0xFC, 0x00, 0x7F, 0xF0, 0x01, 0xFF, 0xC0, 0x07, 0xFF, 0x00, 0x1F, 0xFC, 0x00, 0x7F, 0xF0, 0x1B,
    0xFF, 0xE4, 0xFF, 0xFF, 0xF7, 0xFF, 0xFF, 0xD0, 0x00, 0xA9, 0x01, 0xFF, 0xD0, 0xBF, 0xF8, 0x2F,
    0xFE, 0x07, 0xFF, 0x40, 0x7F, 0x40, 0x00, 0x00, 0x00, 0x00, 0x00, 0x00, 0x0F, 0xFF, 0xE3, 0xFF,
    0xF8, 0xBF, 0xFE, 0x03, 0xFF, 0x80, 0xBF, 0xE0, 0x2F, 0xF8, 0x0B, 0xFE, 0x02, 0xFF, 0x80, 0xBF,
    0xE0, 0x2F, 0xF8, 0x0B, 0xFE, 0x02, 0xFF, 0x80, 0xBF, 0xE0, 0x2F, 0xF8, 0x0B, 0xFE, 0x02, 0xFF,
    0x80, 0xBF, 0xD0, 0x3F, 0xF4, 0x0F, 0xFC, 0x03, 0xFE, 0x02, 0xFF, 0x01, 0xFF, 0x40, 0xFF, 0x40,
    0x2F, 0x40, 0x01, 0x00, 0x00, 0x15, 0x59, 0x00, 0x00, 0x00, 0x0F, 0xFF, 0xF0, 0x00, 0x00, 0x00,
    0xFF, 0xFF, 0x00, 0x00, 0x00, 0x06, 0xFF, 0xF0, 0x00, 0x00, 0x00, 0x0B, 0xFF, 0x00, 0x00, 0x00,
    0x00, 0xBF, 0xF0, 0x00, 0x00, 0x00, 0x0B, 0xFF, 0x00, 0x00, 0x00, 0x00, 0xBF, 0xF0, 0x00, 0x00,
    0x00, 0x0B, 0xFF, 0x00, 0x00, 0x00, 0x00, 0xBF, 0xF0, 0x1F, 0xFF, 0xF0, 0x0B, 0xFF, 0x02, 0xFF,
    0xFF, 0x00, 0xBF, 0xF0, 0x07, 0xFF, 0x90, 0x0B, 0xFF, 0x00, 0x3F, 0xC0, 0x00, 0xBF, 0xF0, 0x0F,
    0xE0, 0x00, 0x0B, 0xFF, 0x07, 0xF8, 0x00, 0x00, 0xBF, 0xF1, 0xFE, 0x00, 0x00, 0x0B, 0xFF, 0x7F,
    0xD0, 0x00, 0x00, 0xBF, 0xFF, 0xFF, 0x00, 0x00, 0x0B, 0xFF, 0x3F, 0xFC, 0x00, 0x00, 0xBF, 0xF1,
    0xFF, 0xE0, 0x00, 0x0B, 0xFF, 0x0B, 0xFF, 0x40, 0x00, 0xBF, 0xF0, 0x3F, 0xFD, 0x00, 0x0B, 0xFF,
    0x00, 0xFF, 0xF0, 0x06, 0xFF, 0xF9, 0x07, 0xFF, 0xFC, 0xFF, 0xFF, 0xE0, 0x2F, 0xFF, 0xDF, 0xFF,
    0xFE, 0x00, 0xBF, 0xF8, 0x00, 0x00, 0x00, 0x00, 0x54, 0x00, 0x15, 0x59, 0x03, 0xFF, 0xFC, 0x0F,
    0xFF, 0xF0, 0x1B, 0xFF, 0xC0, 0x0B, 0xFF, 0x00, 0x2F, 0xFC, 0x00, 0xBF, 0xF0, 0x02, 0xFF, 0xC0,
    0x0B, 0xFF, 0x00, 0x2F, 0xFC, 0x00, 0xBF, 0xF0, 0x02, 0xFF, 0xC0, 0x0B, 0xFF, 0x00, 0x2F, 0xFC,
    0x00, 0xBF, 0xF0, 0x02, 0xFF, 0xC0, 0x0B, 0xFF, 0x00, 0x2F, 0xFC, 0x00, 0xBF, 0xF0, 0x02, 0xFF,
    0xC0, 0x0B, 0xFF, 0x00, 0x2F, 0xFC, 0x00, 0xBF, 0xF0, 0x1B, 0xFF, 0xE4, 0xFF, 0xFF, 0xF7, 0xFF,
    0xFF, 0xD0, 0x00, 0x04, 0x01, 0x64, 0x00, 0x06, 0x50, 0x00, 0xBF, 0xFC, 0x1F, 0xFF, 0x80, 0xBF,
    0xFD, 0x00, 0xBF, 0xFD, 0x7F, 0xFF, 0xE3, 0xFF, 0xFF, 0x00, 0xBF, 0xFE, 0xFF, 0xFF, 0xFB, 0xFF,
    0xFF, 0x80, 0x0B, 0xFF, 0xD0, 0xBF, 0xFF, 0x43, 0xFF, 0xC0, 0x07, 0xFF, 0x40, 0x3F, 0xFC, 0x01,
    0xFF, 0xC0, 0x07, 0xFF, 0x00, 0x3F, 0xF8, 0x00, 0xFF, 0xC0, 0x07, 0xFF, 0x00, 0x3F, 0xF8, 0x00,
    0xFF, 0xC0, 0x07, 0xFF, 0x00, 0x3F, 0xF8, 0x00, 0xFF, 0xC0, 0x07, 0xFF, 0x00, 0x3F, 0xF8, 0x00,
    0xFF, 0xC0, 0x07, 0xFF, 0x00, 0x3F, 0xF8, 0x00, 0xFF, 0xC0, 0x07, 0xFF, 0x00, 0x3F, 0xF8, 0x00,
    0xFF, 0xC0, 0x07, 0xFF, 0x00, 0x3F, 0xF8, 0x00, 0xFF, 0xC0, 0x07, 0xFF, 0x00, 0x3F, 0xF8, 0x00,
    0xFF, 0xC0, 0x07, 0xFF, 0x00, 0x3F, 0xF8, 0x00, 0xFF, 0xC0, 0x2F, 0xFF, 0x80, 0xBF, 0xFD, 0x06,
    0xFF, 0xF4, 0xBF, 0xFF, 0xE1, 0xFF, 0xFF, 0x4F, 0xFF, 0xFD, 0xBF, 0xFF, 0xE1, 0xFF, 0xFF, 0x4F,
    0xFF, 0xFD, 0x00, 0x04, 0x01, 0x65, 0x00, 0x0B, 0xFF, 0xC1, 0xFF, 0xFC, 0x00, 0xBF, 0xFD, 0x7F,
    0xFF, 0xF0, 0x0B, 0xFF, 0xEF, 0xFF, 0xFF, 0x80, 0x0B, 0xFF, 0xE0, 0x7F, 0xFC, 0x00, 0x7F, 0xF8,
    0x01, 0xFF, 0xC0, 0x07, 0xFF, 0x00, 0x1F, 0xFC, 0x00, 0x7F, 0xF0, 0x00, 0xFF, 0xC0, 0x07, 0xFF,
    0x00, 0x0F, 0xFC, 0x00, 0x7F, 0xF0, 0x00, 0xFF, 0xC0, 0x07, 0xFF, 0x00, 0x0F, 0xFC, 0x00, 0x7F,
    0xF0, 0x00, 0xFF, 0xC0, 0x07, 0xFF, 0x00, 0x0F, 0xFC, 0x00, 0x7F, 0xF0, 0x00, 0xFF, 0xC0, 0x07,
    0xFF, 0x00, 0x1F, 0xFC, 0x02, 0xFF, 0xF9, 0x07, 0xFF, 0xE4, 0xBF, 0xFF, 0xF0, 0xFF, 0xFF, 0xDB,
    0xFF, 0xFF, 0x0F, 0xFF, 0xFD, 0x00, 0x01, 0x69, 0x00, 0x00, 0x01, 0xFF, 0xFF, 0xE0, 0x00, 0x2F,
    0xFF, 0xFF, 0xF0, 0x03, 0xFF, 0xD6, 0xFF, 0xF0, 0x2F, 0xFC, 0x01, 0xFF, 0xE0, 0xFF, 0xD0, 0x02,
    0xFF, 0xC7, 0xFF, 0x00, 0x07, 0xFF, 0x6F, 0xFC, 0x00, 0x0F, 0xFD, 0xBF, 0xF0, 0x00, 0x3F, 0xFB,
    0xFF, 0xC0, 0x00, 0xFF, 0xEB, 0xFF, 0x00, 0x03, 0xFF, 0xAF, 0xFC, 0x00, 0x0F, 0xFD, 0x7F, 0xF4,
    0x00, 0x7F, 0xF0, 0xFF, 0xE0, 0x02, 0xFF, 0xC2, 0xFF, 0xD0, 0x0F, 0xFD, 0x03, 0xFF, 0xE6, 0xFF,
    0xE0, 0x03, 0xFF, 0xFF, 0xFE, 0x00, 0x02, 0xFF, 0xFF, 0x80, 0x00, 0x00, 0x15, 0x50, 0x00, 0x00,
    0x00, 0x04, 0x00, 0x69, 0x00, 0x0F, 0xFF, 0xC2, 0xFF, 0xF8, 0x03, 0xFF, 0xF3, 0xFF, 0xFF, 0xC0,
    0xBF, 0xFE, 0xFF, 0xFF, 0xF8, 0x03, 0xFF, 0xE0, 0x1F, 0xFF, 0x00, 0xFF, 0xF0, 0x01, 0xFF, 0xD0,
    0x3F, 0xF8, 0x00, 0x3F, 0xF8, 0x0F, 0xFE, 0x00, 0x0F, 0xFE, 0x03, 0xFF, 0x80, 0x03, 0xFF, 0xC0,
    0xFF, 0xE0, 0x00, 0xFF, 0xE0, 0x3F, 0xF8, 0x00, 0x3F, 0xF8, 0x0F, 0xFE, 0x00, 0x0F, 0xFE, 0x03,
    0xFF, 0x80, 0x03, 0xFF, 0x40, 0xFF, 0xE0, 0x02, 0xFF, 0xC0, 0x3F, 0xFC, 0x01, 0xFF, 0xE0, 0x0F,
    0xFF, 0xFB, 0xFF, 0xF0, 0x03, 0xFF, 0xFF, 0xFF, 0xF0, 0x00, 0xFF, 0xFF, 0xFF, 0xE0, 0x00, 0x3F,
    0xF8, 0x15, 0x40, 0x00, 0x0F, 0xFE, 0x00, 0x00, 0x00, 0x03, 0xFF, 0x80, 0x00, 0x00, 0x00, 0xFF,
    0xE0, 0x00, 0x00, 0x00, 0x7F, 0xFD, 0x00, 0x00, 0x00, 0xFF, 0xFF, 0xF8, 0x00, 0x00, 0x3F, 0xFF,
    0xFE, 0x00, 0x00, 0x00, 0x00, 0x00, 0x00, 0x00, 0x00, 0x00, 0x05, 0x94, 0x01, 0x40, 0x00, 0xBF,
    0xFF, 0x8B, 0xF0, 0x03, 0xFF, 0xFF, 0xFF, 0xF0, 0x0F, 0xFF, 0xAB, 0xFF, 0xF0, 0x2F, 0xFC, 0x00,
    0xFF, 0xF0, 0x3F, 0xF4, 0x00, 0xBF, 0xF0, 0x7F, 0xF0, 0x00, 0xBF, 0xF0, 0xBF, 0xF0, 0x00, 0xBF,
    0xF0, 0xBF, 0xF0, 0x00, 0xBF, 0xF0, 0xBF, 0xF0, 0x00, 0xBF, 0xF0, 0xBF, 0xF0, 0x00, 0xBF, 0xF0,
    0xBF, 0xF0, 0x00, 0xBF, 0xF0, 0xBF, 0xF0, 0x00, 0xBF, 0xF0, 0x7F, 0xF4, 0x00, 0xFF, 0xF0, 0x3F,
    0xFD, 0x02, 0xFF, 0xF0, 0x1F, 0xFF, 0xFF, 0xFF, 0xF0, 0x0B, 0xFF, 0xFF, 0xBF, 0xF0, 0x01, 0xFF,
    0xF8, 0xBF, 0xF0, 0x00, 0x15, 0x40, 0xBF, 0xF0, 0x00, 0x00, 0x00, 0xBF, 0xF0, 0x00, 0x00, 0x00,
    0xBF, 0xF0, 0x00, 0x00, 0x00, 0xBF, 0xF0, 0x00, 0x00, 0x05, 0xFF, 0xF4, 0x00, 0x00, 0x2F, 0xFF,
    0xFF, 0x00, 0x00, 0x2F, 0xFF, 0xFF, 0x00, 0x00, 0x00, 0x00, 0x00, 0x00, 0x14, 0x01, 0x90, 0x2F,
    0xFF, 0x07, 0xFF, 0x8B, 0xFF, 0xD7, 0xFF, 0xF6, 0xFF, 0xFB, 0xEB, 0xFE, 0x0B, 0xFF, 0xD1, 0xFF,
    0x81, 0xFF, 0xE0, 0xBF, 0xE0, 0x7F, 0xF0, 0x1F, 0xF0, 0x1F, 0xFC, 0x00, 0x50, 0x07, 0xFF, 0x00,
    0x00, 0x01, 0xFF, 0xC0, 0x00, 0x00, 0x7F, 0xF0, 0x00, 0x00, 0x1F, 0xFC, 0x00, 0x00, 0x07, 0xFF,
    0x00, 0x00, 0x01, 0xFF, 0xC0, 0x00, 0x00, 0x7F, 0xF0, 0x00, 0x00, 0xBF, 0xFF, 0x90, 0x00, 0xBF,
    0xFF, 0xFD, 0x00, 0x2F, 0xFF, 0xFF, 0x40, 0x00, 0x00, 0x1A, 0x41, 0x90, 0x0F, 0xFF, 0xFF, 0xC0,
    0xFF, 0xFF, 0xFF, 0x0F, 0xF4, 0x07, 0xFC, 0x3F, 0xC0, 0x07, 0xF1, 0xFF, 0x00, 0x0B, 0xC7, 0xFF,
    0x90, 0x00, 0x0F, 0xFF, 0xF9, 0x00, 0x2F, 0xFF, 0xFF, 0x80, 0x2F, 0xFF, 0xFF, 0x80, 0x1F, 0xFF,
    0xFF, 0x40, 0x01, 0xBF, 0xFE, 0x68, 0x00, 0x1F, 0xFA, 0xF8, 0x00, 0x2F, 0xE7, 0xF4, 0x00, 0xFF,
    0x5F, 0xF9, 0x1B, 0xFC, 0x7F, 0xFF, 0xFF, 0xC0, 0xFB, 0xFF, 0xF8, 0x01, 0x40, 0x55, 0x00, 0x00,
    0x00, 0x2B, 0x40, 0x00, 0x00, 0xFE, 0x00, 0x00, 0x03, 0xF8, 0x00, 0x00, 0x1F, 0xE0, 0x00, 0x00,
    0xFF, 0x80, 0x00, 0x0B, 0xFE, 0x00, 0x03, 0xFF, 0xFF, 0xFD, 0x0F, 0xFF, 0xFF, 0xF4, 0x3F, 0xFF,
    0xFF, 0xC0, 0x0B, 0xFE, 0x00, 0x00, 0x2F, 0xF8, 0x00, 0x00, 0xBF, 0xE0, 0x00, 0x02, 0xFF, 0x80,
    0x00, 0x0B, 0xFE, 0x00, 0x00, 0x2F, 0xF8, 0x00, 0x00, 0xBF, 0xE0, 0x00, 0x02, 0xFF, 0x80, 0x00,
    0x0B, 0xFE, 0x00, 0x00, 0x2F, 0xF8, 0x00, 0x00, 0xBF, 0xF4, 0x28, 0x01, 0xFF, 0xFF, 0xF0, 0x03,
    0xFF, 0xFF, 0xC0, 0x03, 0xFF, 0xF4, 0x00, 0x00, 0x54, 0x00, 0x00, 0x01, 0x00, 0x00, 0x04, 0x03,
    0xFF, 0xF4, 0x0F, 0xFF, 0xD0, 0x3F, 0xFF, 0x40, 0xFF, 0xFD, 0x02, 0xFF, 0xF4, 0x0B, 0xFF, 0xD0,
    0x03, 0xFF, 0x40, 0x0F, 0xFD, 0x00, 0x3F, 0xF4, 0x00, 0xFF, 0xD0, 0x03, 0xFF, 0x40, 0x0F, 0xFD,
    0x00, 0x3F, 0xF4, 0x00, 0xFF, 0xD0, 0x03, 0xFF, 0x40, 0x0F, 0xFD, 0x00, 0x3F, 0xF4, 0x00, 0xFF,
    0xD0, 0x03, 0xFF, 0x40, 0x0F, 0xFD, 0x00, 0x3F, 0xF4, 0x00, 0xFF, 0xD0, 0x03, 0xFF, 0x40, 0x0F,
    0xFD, 0x00, 0x3F, 0xF8, 0x02, 0xFF, 0xD0, 0x03, 0xFF, 0xD0, 0xBF, 0xFD, 0x00, 0x1F, 0xFF, 0xFF,
    0xFF, 0xF9, 0x00, 0xFF, 0xFF, 0xD7, 0xFF, 0xE0, 0x03, 0xFF, 0xF4, 0x7F, 0xFE, 0x00, 0x01, 0x50,
    0x00, 0x00, 0x00, 0x00, 0x00, 0x00, 0x00, 0x00, 0x1F, 0xFF, 0xFC, 0x0F, 0xFF, 0xDB, 0xFF, 0xFF,
    0x03, 0xFF, 0xF5, 0xBF, 0xFE, 0x40, 0xBF, 0xF8, 0x07, 0xFF, 0x40, 0x03, 0xF0, 0x00, 0xFF, 0xE0,
    0x01, 0xF8, 0x00, 0x2F, 0xFC, 0x00, 0xBD, 0x00, 0x03, 0xFF, 0x40, 0x3F, 0x00, 0x00, 0xFF, 0xE0,
    0x1F, 0x80, 0x00, 0x1F, 0xFC, 0x0F, 0xC0, 0x00, 0x03, 0xFF, 0x43, 0xF0, 0x00, 0x00, 0xBF, 0xF2,
    0xF4, 0x00, 0x00, 0x1F, 0xFC, 0xFC, 0x00, 0x00, 0x03, 0xFF, 0xBE, 0x00, 0x00, 0x00, 0x7F, 0xFF,
    0x40, 0x00, 0x00, 0x0F, 0xFF, 0xC0, 0x00, 0x00, 0x02, 0xFF, 0xE0, 0x00, 0x00, 0x00, 0x7F, 0xF0,
    0x00, 0x00, 0x00, 0x00, 0x00, 0x00, 0x00, 0x00, 0x00, 0x0B, 0xFF, 0xFF, 0x02, 0xFF, 0xC0, 0x3F,
    0xFF, 0xBF, 0xFF, 0xF0, 0x3F, 0xFD, 0x07, 0xFF, 0xF7, 0xFF, 0xF9, 0x03, 0xFF, 0xE0, 0x2F, 0xF9,
    0x0B, 0xFF, 0x00, 0x7F, 0xFF, 0x00, 0x7D, 0x00, 0x3F, 0xF0, 0x0B, 0xFF, 0xF0, 0x0B, 0xC0, 0x03,
    0xFF, 0x40, 0xFE, 0xFF, 0x40, 0xF8, 0x00, 0x2F, 0xFC, 0x0F, 0x9F, 0xF8, 0x0F, 0x40, 0x00, 0xFF,
    0xC1, 0xF4, 0xFF, 0xC1, 0xF0, 0x00, 0x0F, 0xFD, 0x2F, 0x0F, 0xFC, 0x2F, 0x00, 0x00, 0xBF, 0xE3,
    0xF0, 0x7F, 0xD3, 0xD0, 0x00, 0x07, 0xFF, 0x3E, 0x03, 0xFE, 0x7C, 0x00, 0x00, 0x3F, 0xFB, 0xD0,
    0x3F, 0xFB, 0xC0, 0x00, 0x02, 0xFF, 0xFC, 0x02, 0xFF, 0xF8, 0x00, 0x00, 0x1F, 0xFF, 0xC0, 0x1F,
    0xFF, 0x40, 0x00, 0x00, 0xFF, 0xF8, 0x00, 0xFF, 0xF0, 0x00, 0x00, 0x0B, 0xFF, 0x40, 0x0F, 0xFE,
    0x00, 0x00, 0x00, 0x7F, 0xF0, 0x00, 0xBF, 0xD0, 0x00, 0x00, 0x00, 0x00, 0x00, 0x00, 0xBF, 0xFF,
    0xF0, 0xFF, 0xFD, 0xBF, 0xFF, 0xF0, 0xFF, 0xFD, 0x6F, 0xFF, 0xD0, 0x7F, 0xF4, 0x07, 0xFF, 0xC0,
    0x3F, 0x80, 0x01, 0xFF, 0xE0, 0xBF, 0x00, 0x00, 0xBF, 0xF6, 0xFC, 0x00, 0x00, 0x2F, 0xFF, 0xF0,
    0x00, 0x00, 0x0F, 0xFF, 0xC0, 0x00, 0x00, 0x03, 0xFF, 0xC0, 0x00, 0x00, 0x07, 0xFF, 0xF0, 0x00,
    0x00, 0x1F, 0xFF, 0xFC, 0x00, 0x00, 0x3F, 0x5F, 0xFE, 0x00, 0x00, 0xFE, 0x0B, 0xFF, 0x80, 0x03,
    0xF8, 0x03, 0xFF, 0xD0, 0x2F, 0xFD, 0x07, 0xFF, 0xF9, 0xBF, 0xFF, 0x1F, 0xFF, 0xFF, 0xBF, 0xFF,
    0x1F, 0xFF, 0xFF, 0x00, 0x00, 0x00, 0x00, 0x00, 0x1F, 0xFF, 0xFD, 0x0F, 0xFF, 0xD7, 0xFF, 0xFF,
    0x43, 0xFF, 0xF5, 0xBF, 0xFE, 0x40, 0xBF, 0xF8, 0x07, 0xFF, 0x00, 0x03, 0xF0, 0x00, 0xFF, 0xD0,
    0x01, 0xF4, 0x00, 0x2F, 0xFC, 0x00, 0xFC, 0x00, 0x03, 0xFF, 0x40, 0x3E, 0x00, 0x00, 0xBF, 0xE0,
    0x2F, 0x00, 0x00, 0x0F, 0xFC, 0x0F, 0xC0, 0x00, 0x02, 0xFF, 0x47, 0xD0, 0x00, 0x00, 0x7F, 0xF3,
    0xF0, 0x00, 0x00, 0x0F, 0xFE, 0xF8, 0x00, 0x00, 0x01, 0xFF, 0xFC, 0x00, 0x00, 0x00, 0x3F, 0xFE,
    0x00, 0x00, 0x00, 0x0B, 0xFF, 0x40, 0x00, 0x00, 0x00, 0xFF, 0xC0, 0x00, 0x00, 0x00, 0x2F, 0xD0,
    0x00, 0x00, 0x00, 0x07, 0xF0, 0x00, 0x00, 0x00, 0x02, 0xF8, 0x00, 0x00, 0x3F, 0x80, 0xFC, 0x00,
    0x00, 0x2F, 0xF0, 0xBE, 0x00, 0x00, 0x0B, 0xF8, 0x7F, 0x00, 0x00, 0x01, 0xFF, 0xFF, 0x40, 0x00,
    0x00, 0x3F, 0xFF, 0x40, 0x00, 0x00, 0x01, 0xA9, 0x00, 0x00, 0x00, 0x00, 0x00, 0x00, 0x00, 0x00,
    0x7F, 0xFF, 0xFF, 0xFD, 0x7F, 0xFF, 0xFF, 0xFD, 0x7F, 0xEA, 0xBF, 0xFC, 0xBF, 0x00, 0x7F, 0xF4,
    0xBD, 0x00, 0xFF, 0xE0, 0xBC, 0x03, 0xFF, 0xC0, 0x54, 0x0B, 0xFF, 0x00, 0x00, 0x1F, 0xFD, 0x00,
    0x00, 0x3F, 0xF8, 0x00, 0x00, 0xFF, 0xF0, 0x00, 0x02, 0xFF, 0xC0, 0x1A, 0x07, 0xFF, 0x40, 0x3F,
    0x0F, 0xFE, 0x00, 0x7E, 0x3F, 0xFC, 0x00, 0xFE, 0xBF, 0xFE, 0xAF, 0xFE, 0xFF, 0xFF, 0xFF, 0xFD,
    0xFF, 0xFF, 0xFF, 0xFD, 0x00, 0x15, 0x40, 0x07, 0xFF, 0xC0, 0x3F, 0xFF, 0x02, 0xFF, 0x80, 0x0F,
    0xFC, 0x00, 0x2F, 0xF0, 0x00, 0xBF, 0xC0, 0x02, 0xFF, 0x40, 0x07, 0xFD, 0x00, 0x1F, 0xF4, 0x00,
    0x3F, 0xE0, 0x00, 0xFF, 0x80, 0x03, 0xFE, 0x00, 0x0F, 0xFC, 0x00, 0x3F, 0xE0, 0x01, 0xFF, 0x40,
    0x6F, 0xF8, 0x03, 0xFF, 0x40, 0x0F, 0xFE, 0x00, 0x07, 0xFF, 0x00, 0x03, 0xFE, 0x00, 0x0F, 0xFC,
    0x00, 0x3F, 0xF0, 0x00, 0xFF, 0x80, 0x03, 0xFE, 0x00, 0x1F, 0xF8, 0x00, 0x7F, 0xD0, 0x01, 0xFF,
    0x40, 0x0B, 0xFD, 0x00, 0x2F, 0xF0, 0x00, 0xBF, 0xC0, 0x02, 0xFF, 0x00, 0x0B, 0xFD, 0x00, 0x0F,
    0xFF, 0xC0, 0x1F, 0xFF, 0x00, 0x06, 0xA4, 0x6A, 0x2F, 0xDB, 0xF6, 0xFD, 0xBF, 0x6F, 0xDB, 0xF6,
    0xFD, 0xBF, 0x6F, 0xDB, 0xF6, 0xFD, 0xBF, 0x6F, 0xDB, 0xF6, 0xFD, 0xBF, 0x6F, 0xDB, 0xF6, 0xFD,
    0xBF, 0x6F, 0xDB, 0xF6, 0xFD, 0xBF, 0x6F, 0xDB, 0xF6, 0xFD, 0xBF, 0x6F, 0xD6, 0xA0, 0x05, 0x50,
    0x00, 0x3F, 0xFE, 0x00, 0x2F, 0xFF, 0x40, 0x01, 0xFF, 0xC0, 0x00, 0xFF, 0xC0, 0x00, 0xFF, 0xC0,
    0x00, 0xFF, 0xC0, 0x00, 0xFF, 0xC0, 0x00, 0xFF, 0xC0, 0x00, 0xFF, 0x80, 0x01, 0xFF, 0x80, 0x01,
    0xFF, 0x40, 0x01, 0xFF, 0x40, 0x01, 0xFF, 0x40, 0x01, 0xFF, 0x40, 0x00, 0xFF, 0x80, 0x00, 0x7F,
    0xE4, 0x00, 0x0B, 0xFC, 0x00, 0x2F, 0xFC, 0x00, 0xBF, 0xD0, 0x01, 0xFF, 0x80, 0x01, 0xFF, 0x40,
    0x01, 0xFF, 0x40, 0x01, 0xFF, 0x40, 0x01, 0xFF, 0x40, 0x01, 0xFF, 0x80, 0x00, 0xFF, 0x80, 0x00,
    0xFF, 0x80, 0x00, 0xFF, 0xC0, 0x00, 0xFF, 0xC0, 0x00, 0xFF, 0xC0, 0x00, 0xFF, 0xC0, 0x00, 0xFF,
    0xC0, 0x2F, 0xFF, 0x80, 0x3F, 0xFE, 0x00, 0x1A, 0xA4, 0x00, 0x01, 0xA4, 0x00, 0x05, 0x02, 0xFF,
    0xFE, 0x47, 0xD0, 0xFF, 0xFF, 0xFF, 0xF0, 0xBF, 0xFF, 0xFF, 0xF4, 0x3E, 0x01, 0xBF, 0xFC, 0x01,
    0x00, 0x00, 0x54, 0x00, 0x06, 0x40, 0xFF, 0xC7, 0xFF, 0x9F, 0xFE, 0x3F, 0xF0, 0x2E, 0x40, 0x00,
    0x00, 0x00, 0x0F, 0xC0, 0x3F, 0x00, 0xFC, 0x03, 0xF0, 0x0F, 0xC0, 0x3F, 0x40, 0xFD, 0x07, 0xF8,
    0x2F, 0xF0, 0xFF, 0xC3, 0xFF, 0x1F, 0xFD, 0x7F, 0xFA, 0xFF, 0xEB, 0xFF, 0x9F, 0xFD, 0x1B, 0x90,
    0x00, 0x00, 0x2A, 0x00, 0x00, 0x00, 0x1F, 0xC0, 0x00, 0x00, 0x0B, 0xF0, 0x00, 0x00, 0x7F, 0xFE,
    0x00, 0x01, 0xFF, 0xFF, 0xF8, 0x01, 0xFF, 0xFF, 0xFF, 0x80, 0xFF, 0xEF, 0xDF, 0xF0, 0xFF, 0xDB,
    0xFF, 0xFC, 0x3F, 0xF3, 0xFB, 0xFF, 0x1F, 0xFC, 0xFD, 0xBF, 0x4B, 0xFE, 0x7F, 0x00, 0x02, 0xFF,
    0x9F, 0xC0, 0x00, 0xFF, 0xFB, 0xF0, 0x00, 0x2F, 0xFF, 0xF8, 0x00, 0x0B, 0xFF, 0xFD, 0x00, 0x01,
    0xFF, 0xFF, 0x00, 0x10, 0x3F, 0xFF, 0xC0, 0x6E, 0x07, 0xFF, 0xFF, 0xFF, 0xC0, 0xBF, 0xFF, 0xFF,
    0xD0, 0x07, 0xFF, 0xFF, 0xC0, 0x00, 0x7F, 0xFE, 0x00, 0x00, 0x1F, 0xC0, 0x00, 0x00, 0x0B, 0xF0,
    0x00, 0x00, 0x00, 0x00, 0x00, 0x00, 0x00, 0x01, 0xAF, 0xE4, 0x00, 0x00, 0x1F, 0xFF, 0xFF, 0x40,
    0x00, 0xBF, 0xFA, 0xFF, 0xD0, 0x02, 0xFF, 0xC0, 0x2F, 0xF0, 0x03, 0xFF, 0x40, 0x3F, 0xF0, 0x07,
    0xFF, 0x00, 0x3F, 0xF0, 0x07, 0xFF, 0x00, 0x3F, 0xE0, 0x07, 0xFF, 0x00, 0x06, 0x40, 0x07, 0xFF,
    0x00, 0x00, 0x00, 0x03, 0xFF, 0x80, 0x00, 0x00, 0x03, 0xFF, 0xC0, 0x00, 0x00, 0x3F, 0xFF, 0xFF,
    0xFD, 0x00, 0x3F, 0xFF, 0xFF, 0xFE, 0x00, 0x7F, 0xFF, 0xFF, 0xFD, 0x00, 0x00, 0x3F, 0xF8, 0x00,
    0x00, 0x00, 0x2F, 0xF8, 0x00, 0x00, 0x00, 0x2F, 0xF8, 0x00, 0x00, 0x00, 0x2F, 0xF4, 0x00, 0xFC,
    0x00, 0x3F, 0xF0, 0x01, 0xFC, 0x00, 0x7F, 0xC0, 0x03, 0xFC, 0x01, 0xFF, 0x95, 0x6F, 0xF8, 0x0F,
    0xFF, 0xFF, 0xFF, 0xF8, 0x1F, 0xFF, 0xFF, 0xFF, 0xF4, 0x0F, 0xFF, 0xFF, 0xFF, 0xF4, 0x00, 0x00,
    0x00, 0x04, 0x0F, 0x40, 0x00, 0x0B, 0x87, 0xF9, 0xBF, 0x9F, 0xF0, 0xFF, 0xFF, 0xFF, 0xF8, 0x0F,
    0xFF, 0xBF, 0xFC, 0x03, 0xFE, 0x03, 0xFE, 0x02, 0xFF, 0x40, 0xFF, 0xC0, 0xBF, 0xC0, 0x2F, 0xF0,
    0x3F, 0xF0, 0x0B, 0xFC, 0x0B, 0xFC, 0x02, 0xFF, 0x01, 0xFF, 0x40, 0xFF, 0xC0, 0x3F, 0xF0, 0x7F,
    0xD0, 0x1F, 0xFF, 0xFF, 0xFC, 0x0F, 0xFF, 0xFF, 0xFF, 0x8B, 0xF0, 0x55, 0x0B, 0xF0, 0xA0, 0x00,
    0x00, 0x70, 0x00, 0x00, 0x00, 0x00, 0x00, 0x15, 0x55, 0x55, 0x00, 0x55, 0x55, 0x5F, 0xFF, 0xFF,
    0xC0, 0x7F, 0xFF, 0xF7, 0xFF, 0xFF, 0xF0, 0x1F, 0xFF, 0xFC, 0x1F, 0xFF, 0x80, 0x00, 0x7F, 0xE4,
    0x01, 0xFF, 0xE0, 0x00, 0x0F, 0xE0, 0x00, 0x2F, 0xFC, 0x00, 0x07, 0xF0, 0x00, 0x03, 0xFF, 0x80,
    0x03, 0xF8, 0x00, 0x00, 0x7F, 0xF4, 0x02, 0xFC, 0x00, 0x00, 0x0F, 0xFF, 0x00, 0xFD, 0x00, 0x00,
    0x01, 0xFF, 0xE0, 0xBE, 0x00, 0x00, 0x2A, 0xBF, 0xFC, 0x7F, 0xE9, 0x00, 0x0F, 0xFF, 0xFF, 0xBF,
    0xFF, 0x80, 0x02, 0xAA, 0xBF, 0xFF, 0xEA, 0x90, 0x00, 0x00, 0x0F, 0xFF, 0xD0, 0x00, 0x00, 0x15,
    0x56, 0xFF, 0xF5, 0x55, 0x00, 0x1F, 0xFF, 0xFF, 0xFF, 0xFF, 0x80, 0x07, 0xFF, 0xFF, 0xFF, 0xFF,
    0xE0, 0x00, 0x00, 0x03, 0xFF, 0x80, 0x00, 0x00, 0x00, 0x00, 0xFF, 0xE0, 0x00, 0x00, 0x00, 0x00,
    0x3F, 0xF8, 0x00, 0x00, 0x00, 0x00, 0x0F, 0xFE, 0x00, 0x00, 0x00, 0x00, 0x6F, 0xFF, 0xE8, 0x00,
    0x00, 0x00, 0x3F, 0xFF, 0xFF, 0x80, 0x00, 0x00, 0x0F, 0xFF, 0xFF, 0xE0, 0x00, 0x7F, 0x2F, 0xCB,
    0xF2, 0xFC, 0xBF, 0x6F, 0xDB, 0xF6, 0xFD, 0xBF, 0x6F, 0xDB, 0xF6, 0xFD, 0xBF, 0x40, 0x00, 0x00,
    0x00, 0x00, 0x2F, 0xCB, 0xF2, 0xFC, 0xBF, 0x2F, 0xDB, 0xF6, 0xFD, 0xBF, 0x6F, 0xDB, 0xF6, 0xFD,
    0xBF, 0x6F, 0xD6, 0xA0, 0x00, 0x00, 0x00, 0x00, 0x00, 0x00, 0x1F, 0xFF, 0x40, 0x00, 0x03, 0xFF,
    0xFF, 0xC0, 0x00, 0x3F, 0xE0, 0xFF, 0x40, 0x01, 0xFF, 0x03, 0xFE, 0x00, 0x0B, 0xFC, 0x1F, 0xF4,
    0x00, 0x2F, 0xF0, 0x2F, 0xC0, 0x00, 0xBF, 0xE0, 0x00, 0x00, 0x01, 0xFF, 0xE0, 0x00, 0x00, 0x2F,
    0xFF, 0xE0, 0x00, 0x02, 0xFF, 0xFF, 0xF4, 0x00, 0x1F, 0xD3, 0xFF, 0xFC, 0x00, 0xBF, 0x42, 0xFF,
    0xFD, 0x03, 0xFE, 0x01, 0xFF, 0xFD, 0x0B, 0xFD, 0x00, 0xBF, 0xFD, 0x1F, 0xFE, 0x00, 0x7F, 0xFC,
    0x3F, 0xFF, 0x00, 0x3F, 0xF4, 0x3F, 0xFF, 0x40, 0x3F, 0xE0, 0x3F, 0xFF, 0x80, 0xBF, 0x40, 0x2F,
    0xFF, 0xC2, 0xFC, 0x00, 0x1F, 0xFF, 0xDF, 0xE0, 0x00, 0x0B, 0xFF, 0xFE, 0x00, 0x00, 0x07, 0xFF,
    0xE0, 0x00, 0x00, 0x03, 0xFF, 0x00, 0x00, 0xB8, 0x07, 0xFD, 0x00, 0x0F, 0xF8, 0x0F, 0xF4, 0x00,
    0x7F, 0xE0, 0x3F, 0xC0, 0x00, 0xFF, 0x02, 0xFF, 0x00, 0x03, 0xFF, 0xFF, 0xF0, 0x00, 0x02, 0xFF,
    0xFE, 0x00, 0x00, 0x00, 0x6A, 0x40, 0x00, 0x00, 0x06, 0x40, 0x06, 0x43, 0xFF, 0x03, 0xFD, 0x7F,
    0xF4, 0xBF, 0xF7, 0xFF, 0x4B, 0xFF, 0x3F, 0xF0, 0x7F, 0xE0, 0xA8, 0x01, 0xA4, 0x00, 0x00, 0x05,
    0x50, 0x00, 0x00, 0x00, 0x02, 0xFF, 0xFF, 0x80, 0x00, 0x00, 0x2F, 0xFF, 0xFF, 0xF8, 0x00, 0x00,
    0xFF, 0x40, 0x01, 0xFF, 0x40, 0x03, 0xF4, 0x00, 0x00, 0x1F, 0xD0, 0x0F, 0xC0, 0x06, 0x91, 0x43,
    0xF0, 0x2F, 0x40, 0xBF, 0xFF, 0xC1, 0xF8, 0x3F, 0x03, 0xFE, 0xAF, 0xC0, 0xFC, 0x7D, 0x0B, 0xF4,
    0x07, 0xC0, 0x7D, 0xBC, 0x0F, 0xF0, 0x03, 0xD0, 0x3E, 0xFC, 0x1F, 0xE0, 0x00, 0x40, 0x3F, 0xF8,
    0x1F, 0xD0, 0x00, 0x00, 0x3F, 0xF8, 0x1F, 0xD0, 0x00, 0x00, 0x3F, 0xFC, 0x1F, 0xE0, 0x00, 0x00,
    0x3F, 0xFC, 0x0F, 0xF0, 0x00, 0x00, 0x3E, 0xBC, 0x0F, 0xF4, 0x00, 0x80, 0x7D, 0x7E, 0x07, 0xFE,
    0x07, 0xD0, 0xBC, 0x3F, 0x02, 0xFF, 0xFF, 0x80, 0xF8, 0x1F, 0xC0, 0x7F, 0xFD, 0x03, 0xF0, 0x0B,
    0xF0, 0x00, 0x00, 0x0F, 0xD0, 0x03, 0xFD, 0x00, 0x00, 0xBF, 0x80, 0x00, 0xBF, 0xFA, 0xAF, 0xFD,
    0x00, 0x00, 0x0B, 0xFF, 0xFF, 0xE0, 0x00, 0x00, 0x00, 0x1A, 0x94, 0x00, 0x00, 0x00, 0x6A, 0x90,
    0x00, 0x1F, 0xFF, 0xF4, 0x01, 0xFD, 0x6F, 0xF0, 0x0B, 0xF0, 0x3F, 0xD0, 0x1F, 0x80, 0xBF, 0x80,
    0x00, 0x02, 0xFE, 0x00, 0x1B, 0xFF, 0xF8, 0x03, 0xFF, 0xBF, 0xE0, 0x3F, 0xE0, 0xBF, 0x80, 0xFF,
    0x42, 0xFE, 0x03, 0xFF, 0xAF, 0xFE, 0x4B, 0xFF, 0xEF, 0xFE, 0x07, 0xF9, 0x0F, 0xE0, 0x00, 0x00,
    0x00, 0x00, 0x00, 0x02, 0xD0, 0x07, 0x80, 0x03, 0xF8, 0x0B, 0xF0, 0x03, 0xFC, 0x0B, 0xF0, 0x03,
    0xFD, 0x0B, 0xF8, 0x03, 0xFE, 0x0F, 0xFC, 0x03, 0xFF, 0x0F, 0xFD, 0x02, 0xFF, 0x47, 0xFE, 0x00,
    0xBF, 0xD1, 0xFF, 0x80, 0x1F, 0xFC, 0x3F, 0xF4, 0x01, 0xFF, 0x87, 0xFF, 0x00, 0x1F, 0xF4, 0x3F,
    0xE0, 0x01, 0xFF, 0x03, 0xFC, 0x00, 0x0F, 0xE0, 0x3F, 0xC0, 0x00, 0xF8, 0x03, 0xF0, 0x00, 0x04,
    0x00, 0x10, 0x7F, 0xFF, 0xFF, 0xF9, 0xFF, 0xFF, 0xFF, 0xF7, 0xFF, 0xFF, 0xFF, 0xDA, 0xAA, 0xAA,
    0xFF, 0x00, 0x00, 0x03, 0xFC, 0x00, 0x00, 0x0F, 0xF0, 0x00, 0x00, 0x3F, 0xC0, 0x00, 0x00, 0xFF,
    0x00, 0x00, 0x01, 0x54, 0x00, 0x6F, 0xE0, 0x00, 0x3F, 0xFF, 0xE0, 0x0F, 0xAA, 0xFF, 0x82, 0xF4,
    0x51, 0xFC, 0x3F, 0x8B, 0x0F, 0xE7, 0xF8, 0xB1, 0xFE, 0x7F, 0x80, 0x7F, 0xF7, 0xF8, 0xA2, 0xFE,
    0x3F, 0x8B, 0x0F, 0xD3, 0xF4, 0x74, 0x7C, 0x1F, 0xAB, 0xEB, 0x40, 0x7F, 0xFF, 0xE0, 0x00, 0xBF,
    0xE0, 0x00, 0x00, 0x00, 0x00, 0x55, 0x55, 0x53, 0xFF, 0xFF, 0xEF, 0xFF, 0xFF, 0xBF, 0xFF, 0xFE,
    0x00, 0x00, 0x00, 0x00, 0x54, 0x00, 0xFF, 0xF4, 0x3F, 0xFF, 0xD7, 0xF0, 0x7E, 0xBD, 0x03, 0xFB,
    0xE0, 0x3F, 0x3F, 0x5F, 0xD2, 0xFF, 0xF8, 0x06, 0xF9, 0x00, 0x00, 0x05, 0x40, 0x00, 0x00, 0x7F,
    0x40, 0x00, 0x01, 0xFD, 0x00, 0x00, 0x07, 0xF4, 0x00, 0x00, 0x1F, 0xD0, 0x01, 0xFF, 0xFF, 0xFF,
    0xF7, 0xFF, 0xFF, 0xFF, 0xDF, 0xFF, 0xFF, 0xFF, 0x2A, 0xAF, 0xEA, 0xA4, 0x00, 0x7F, 0x40, 0x00,
    0x01, 0xFD, 0x00, 0x00, 0x07, 0xF4, 0x00, 0x00, 0x1F, 0xD0, 0x00, 0x00, 0x15, 0x00, 0x00, 0x00,
    0x00, 0x00, 0x0A, 0xAA, 0xAA, 0xA9, 0x7F, 0xFF, 0xFF, 0xFD, 0xFF, 0xFF, 0xFF, 0xF7, 0xFF, 0xFF,
    0xFF, 0xC0, 0x01, 0xFF, 0xE0, 0x07, 0xFF, 0xFF, 0x43, 0xF4, 0x7F, 0xF1, 0xFC, 0x03, 0xFD, 0x7F,
    0x40, 0xFF, 0x46, 0x40, 0x3F, 0xC0, 0x00, 0x2F, 0xE0, 0x00, 0x1F, 0xF0, 0x00, 0x1F, 0xF0, 0x00,
    0x1F, 0xE0, 0x00, 0x1F, 0xE0, 0x64, 0x1F, 0xD0, 0x3E, 0x1F, 0xEA, 0xBF, 0x8F, 0xFF, 0xFF, 0xE3,
    0xFF, 0xFF, 0xF4, 0x6A, 0xAA, 0xA8, 0x01, 0xBF, 0xE0, 0x03, 0xFF, 0xFF, 0x42, 0xF8, 0x2F, 0xF0,
    0xFE, 0x03, 0xFD, 0x3F, 0x80, 0xFF, 0x41, 0x40, 0x7F, 0xC0, 0x00, 0x7F, 0x80, 0x01, 0xFF, 0x40,
    0x00, 0x7F, 0xFD, 0x00, 0x00, 0x7F, 0xD0, 0x00, 0x0B, 0xF8, 0x00, 0x02, 0xFF, 0x2E, 0x01, 0xFF,
    0x8F, 0xFF, 0xFF, 0xC1, 0xFF, 0xFF, 0xD0, 0x06, 0xFF, 0x40, 0x00, 0x28, 0x00, 0xFE, 0x02, 0xFF,
    0x07, 0xFE, 0x0F, 0xF8, 0x2F, 0xD0, 0x3E, 0x00, 0x24, 0x00, 0x00, 0x40, 0x00, 0x01, 0x00, 0xBF,
    0xF0, 0x03, 0xFF, 0x80, 0xBF, 0xF0, 0x03, 0xFF, 0x80, 0xBF, 0xE0, 0x02, 0xFF, 0x80, 0xBF, 0xE0,
    0x02, 0xFF, 0x80, 0xBF, 0xE0, 0x02, 0xFF, 0x80, 0xBF, 0xE0, 0x02, 0xFF, 0x40, 0xBF, 0xE0, 0x02,
    0xFF, 0x40, 0xBF, 0xE0, 0x02, 0xFF, 0x40, 0xBF, 0xE0, 0x02, 0xFF, 0x40, 0xBF, 0xD0, 0x02, 0xFF,
    0x40, 0xBF, 0xD0, 0x02, 0xFF, 0x40, 0xBF, 0xD0, 0x03, 0xFF, 0x40, 0xBF, 0xD0, 0x03, 0xFF, 0x40,
    0xBF, 0xE0, 0x0F, 0xFF, 0x80, 0xBF, 0xFF, 0xFE, 0xFF, 0xF9, 0xBF, 0xFF, 0xFC, 0xBF, 0xFE, 0xBF,
    0xFF, 0xF4, 0x3F, 0xF8, 0xBF, 0xE1, 0x40, 0x05, 0x40, 0xBF, 0xE0, 0x00, 0x00, 0x00, 0x7F, 0xE0,
    0x00, 0x00, 0x00, 0x7F, 0xF0, 0x00, 0x00, 0x00, 0x7F, 0xF0, 0x00, 0x00, 0x00, 0x7F, 0xF0, 0x00,
    0x00, 0x00, 0x7F, 0xF4, 0x00, 0x00, 0x00, 0x15, 0x40, 0x00, 0x00, 0x00, 0x00, 0x01, 0x50, 0x55,
    0x54, 0x02, 0xFF, 0xC3, 0xFF, 0xF0, 0x3F, 0xFF, 0x0F, 0xFF, 0xC3, 0xFF, 0xFC, 0x3F, 0xF0, 0x2F,
    0xFF, 0xF0, 0xFF, 0x80, 0xFF, 0xFF, 0xC3, 0xFE, 0x03, 0xFF, 0xFF, 0x0F, 0xF8, 0x1F, 0xFF, 0xFC,
    0x3F, 0xE0, 0x7F, 0xFF, 0xF0, 0xFF, 0x81, 0xFF, 0xFF, 0xC3, 0xFE, 0x03, 0xFF, 0xFF, 0x0F, 0xF8,
    0x0F, 0xFF, 0xFC, 0x3F, 0xE0, 0x1F, 0xFF, 0xF0, 0xFF, 0x80, 0x2F, 0xFF, 0xC3, 0xFE, 0x00, 0x2F,
    0xFF, 0x0F, 0xF8, 0x00, 0x0B, 0xFC, 0x3F, 0xE0, 0x00, 0x00, 0x00, 0xFF, 0x80, 0x00, 0x00, 0x03,
    0xFE, 0x00, 0x00, 0x00, 0x0F, 0xF8, 0x00, 0x00, 0x00, 0x3F, 0xE0, 0x00, 0x00, 0x00, 0xFF, 0x80,
    0x00, 0x00, 0x03, 0xFE, 0x00, 0x00, 0x00, 0x0F, 0xF8, 0x00, 0x00, 0x00, 0x3F, 0xE0, 0x00, 0x00,
    0x00, 0xFF, 0x80, 0x00, 0x00, 0x07, 0xFE, 0x00, 0x00, 0x0A, 0xFF, 0xF8, 0x00, 0x00, 0x3F, 0xFF,
    0xE0, 0x00, 0x00, 0xBF, 0xFF, 0x40, 0x01, 0x00, 0xBF, 0x8B, 0xFF, 0x6F, 0xFE, 0xBF, 0xF8, 0xFF,
    0xC0, 0x54, 0x00, 0x01, 0x40, 0x01, 0xF0, 0x00, 0xFD, 0x00, 0x3F, 0xF8, 0x05, 0xBF, 0x40, 0x0F,
    0xD2, 0x5B, 0xF6, 0xFF, 0xFC, 0x1F, 0xF8, 0x00, 0x00, 0x00, 0x01, 0x6B, 0x00, 0xFF, 0xFC, 0x03,
    0xFF, 0xF0, 0x00, 0xBF, 0xC0, 0x00, 0xFF, 0x00, 0x03, 0xFC, 0x00, 0x0F, 0xF0, 0x00, 0x3F, 0xC0,
    0x00, 0xFF, 0x00, 0x03, 0xFC, 0x00, 0x0F, 0xF0, 0x00, 0x3F, 0xC0, 0x01, 0xFF, 0x00, 0x6F, 0xFF,
    0x93, 0xFF, 0xFF, 0x86, 0xAA, 0xA9, 0x00, 0x1A, 0xA4, 0x00, 0x0B, 0xFF, 0xFC, 0x00, 0xBF, 0x9B,
    0xFC, 0x07, 0xF8, 0x0B, 0xFC, 0x3F, 0xD0, 0x0F, 0xF0, 0xFF, 0x00, 0x3F, 0xC3, 0xFC, 0x00, 0xFF,
    0x4F, 0xF0, 0x03, 0xFC, 0x3F, 0xD0, 0x0F, 0xF0, 0xBF, 0xC0, 0x7F, 0x80, 0xFF, 0x97, 0xFC, 0x00,
    0xFF, 0xFF, 0xC0, 0x00, 0x7F, 0xE4, 0x00, 0x00, 0x00, 0x00, 0x00, 0x0B, 0x80, 0x1F, 0x00, 0x03,
    0xF8, 0x0B, 0xF0, 0x00, 0x7F, 0x80, 0xFF, 0x00, 0x0B, 0xF8, 0x1F, 0xF0, 0x00, 0xFF, 0xC2, 0xFF,
    0x00, 0x1F, 0xFC, 0x3F, 0xF0, 0x02, 0xFF, 0x47, 0xFE, 0x00, 0xBF, 0xD1, 0xFF, 0xC0, 0x3F, 0xF0,
    0xFF, 0xD0, 0x3F, 0xF4, 0xBF, 0xE0, 0x1F, 0xF0, 0x3F, 0xD0, 0x0F, 0xF0, 0x3F, 0xD0, 0x0B, 0xF0,
    0x1F, 0xD0, 0x03, 0xF0, 0x0B, 0xC0, 0x00, 0x10, 0x00, 0x40, 0x00, 0x01, 0x6B, 0x00, 0x00, 0x00,
    0x1F, 0xD0, 0x00, 0x0F, 0xFF, 0xC0, 0x00, 0x00, 0x0F, 0xF0, 0x00, 0x03, 0xFF, 0xF0, 0x00, 0x00,
    0x07, 0xF8, 0x00, 0x00, 0x0B, 0xFC, 0x00, 0x00, 0x03, 0xFC, 0x00, 0x00, 0x00, 0xFF, 0x00, 0x00,
    0x02, 0xFD, 0x00, 0x00, 0x00, 0x3F, 0xC0, 0x00, 0x00, 0xFF, 0x00, 0x00, 0x00, 0x0F, 0xF0, 0x00,
    0x00, 0xFF, 0x00, 0x00, 0x00, 0x03, 0xFC, 0x00, 0x00, 0x7F, 0x80, 0x00, 0x00, 0x00, 0xFF, 0x00,
    0x00, 0x3F, 0xC0, 0x05, 0x60, 0x00, 0x3F, 0xC0, 0x00, 0x1F, 0xE0, 0x07, 0xFE, 0x00, 0x0F, 0xF0,
    0x00, 0x0F, 0xF0, 0x03, 0xFF, 0x80, 0x03, 0xFC, 0x00, 0x0B, 0xF4, 0x02, 0xFF, 0xE0, 0x01, 0xFF,
    0x00, 0x03, 0xFC, 0x01, 0xFF, 0xF8, 0x06, 0xFF, 0xF9, 0x03, 0xFC, 0x00, 0xF7, 0xFE, 0x03, 0xFF,
    0xFF, 0x81, 0xFE, 0x00, 0xFC, 0xFF, 0x80, 0x6A, 0xAA, 0x90, 0xFF, 0x00, 0x7C, 0x3F, 0xE0, 0x00,
    0x00, 0x00, 0x7F, 0x80, 0x3D, 0x0F, 0xF8, 0x00, 0x00, 0x00, 0x3F, 0xC0, 0x3E, 0x03, 0xFE, 0x00,
    0x00, 0x00, 0x2F, 0xD0, 0x1F, 0x55, 0xFF, 0x90, 0x00, 0x00, 0x0F, 0xF0, 0x0F, 0xFF, 0xFF, 0xFF,
    0x00, 0x00, 0x0F, 0xF0, 0x02, 0xFF, 0xFF, 0xFF, 0xC0, 0x00, 0x07, 0xF8, 0x00, 0x00, 0x03, 0xFE,
    0x00, 0x00, 0x03, 0xFC, 0x00, 0x00, 0x00, 0xFF, 0x80, 0x00, 0x02, 0xFE, 0x00, 0x00, 0x00, 0x2F,
    0xE0, 0x00, 0x00, 0x55, 0x00, 0x00, 0x00, 0x00, 0x00, 0x00, 0x01, 0x6B, 0x00, 0x00, 0x00, 0x1F,
    0xD0, 0x00, 0x00, 0xFF, 0xFC, 0x00, 0x00, 0x00, 0xFF, 0x00, 0x00, 0x03, 0xFF, 0xF0, 0x00, 0x00,
    0x0B, 0xF4, 0x00, 0x00, 0x00, 0xBF, 0xC0, 0x00, 0x00, 0x3F, 0xC0, 0x00, 0x00, 0x00, 0xFF, 0x00,
    0x00, 0x02, 0xFD, 0x00, 0x00, 0x00, 0x03, 0xFC, 0x00, 0x00, 0x0F, 0xF0, 0x00, 0x00, 0x00, 0x0F,
    0xF0, 0x00, 0x00, 0xFF, 0x00, 0x00, 0x00, 0x00, 0x3F, 0xC0, 0x00, 0x07, 0xF8, 0x00, 0x00, 0x00,
    0x00, 0xFF, 0x00, 0x00, 0x3F, 0xC0, 0x6F, 0xF8, 0x00, 0x03, 0xFC, 0x00, 0x02, 0xFD, 0x0F, 0xFF,
    0xFE, 0x00, 0x0F, 0xF0, 0x00, 0x0F, 0xF0, 0xFE, 0x4B, 0xFD, 0x00, 0x3F, 0xC0, 0x00, 0xBF, 0x43,
    0xF8, 0x0F, 0xF8, 0x01, 0xFF, 0x00, 0x07, 0xFC, 0x0F, 0xE0, 0x2F, 0xE0, 0x6F, 0xFF, 0x90, 0x3F,
    0xC0, 0x1A, 0x00, 0xFF, 0x43, 0xFF, 0xFF, 0x81, 0xFE, 0x00, 0x00, 0x07, 0xFC, 0x06, 0xAA, 0xA9,
    0x0F, 0xF0, 0x00, 0x00, 0x3F, 0xC0, 0x00, 0x00, 0x00, 0xBF, 0x40, 0x00, 0x03, 0xFD, 0x00, 0x00,
    0x00, 0x03, 0xFC, 0x00, 0x00, 0x3F, 0xC0, 0x00, 0x00, 0x00, 0x2F, 0xD0, 0x00, 0x03, 0xFC, 0x0A,
    0x00, 0x00, 0x01, 0xFF, 0x00, 0x00, 0x3F, 0x80, 0xBC, 0x00, 0x00, 0x0F, 0xF0, 0x00, 0x03, 0xFA,
    0xAB, 0xF0, 0x00, 0x00, 0x7F, 0x80, 0x00, 0x2F, 0xFF, 0xFF, 0xC0, 0x00, 0x03, 0xFC, 0x00, 0x00,
    0xBF, 0xFF, 0xFF, 0x00, 0x00, 0x2F, 0xD0, 0x00, 0x01, 0xAA, 0xAA, 0xA4, 0x00, 0x00, 0x55, 0x00,
    0x00, 0x00, 0x00, 0x00, 0x00, 0x01, 0xBF, 0xE0, 0x00, 0x00, 0x03, 0xF8, 0x00, 0x00, 0x3F, 0xFF,
    0xF4, 0x00, 0x00, 0x2F, 0xD0, 0x00, 0x02, 0xF8, 0x2F, 0xF0, 0x00, 0x00, 0xFF, 0x00, 0x00, 0x0F,
    0xE0, 0x3F, 0xD0, 0x00, 0x0B, 0xF4, 0x00, 0x00, 0x3F, 0x80, 0xFF, 0x40, 0x00, 0x7F, 0x80, 0x00,
    0x00, 0x14, 0x07, 0xFC, 0x00, 0x03, 0xFC, 0x00, 0x00, 0x00, 0x00, 0x7F, 0x80, 0x00, 0x1F, 0xE0,
    0x00, 0x00, 0x00, 0x1F, 0xF4, 0x00, 0x00, 0xFF, 0x00, 0x00, 0x00, 0x00, 0x7F, 0xFD, 0x00, 0x0B,
    0xF4, 0x00, 0x59, 0x00, 0x00, 0x07, 0xFD, 0x00, 0x3F, 0xC0, 0x0F, 0xFC, 0x00, 0x00, 0x0B, 0xF8,
    0x02, 0xFD, 0x00, 0xBF, 0xF0, 0x00, 0x00, 0x2F, 0xF0, 0x1F, 0xE0, 0x07, 0xFF, 0xC0, 0x2E, 0x01,
    0xFF, 0x80, 0xFF, 0x00, 0x3F, 0xFF, 0x00, 0xFF, 0xFF, 0xFC, 0x07, 0xF8, 0x02, 0xF7, 0xFC, 0x01,
    0xFF, 0xFF, 0xD0, 0x3F, 0xC0, 0x1F, 0x1F, 0xF0, 0x00, 0x6F, 0xF4, 0x02, 0xFD, 0x00, 0xF4, 0x7F,
    0xC0, 0x00, 0x00, 0x00, 0x0F, 0xF0, 0x0B, 0xC1, 0xFF, 0x00, 0x00, 0x00, 0x00, 0xBF, 0x40, 0x7C,
    0x07, 0xFC, 0x00, 0x00, 0x00, 0x07, 0xF8, 0x03, 0xE5, 0x6F, 0xF5, 0x00, 0x00, 0x00, 0x3F, 0xC0,
    0x1F, 0xFF, 0xFF, 0xFC, 0x00, 0x00, 0x01, 0xFE, 0x00, 0x3F, 0xFF, 0xFF, 0xF0, 0x00, 0x00, 0x0F,
    0xF0, 0x00, 0x00, 0x07, 0xFC, 0x00, 0x00, 0x00, 0xBF, 0x40, 0x00, 0x00, 0x1F, 0xF0, 0x00, 0x00,
    0x03, 0xFC, 0x00, 0x00, 0x00, 0x7F, 0xC0, 0x00, 0x00, 0x15, 0x40, 0x00, 0x00, 0x00, 0x00, 0x00,
    0x00, 0x00, 0x64, 0x00, 0x00, 0x00, 0xFF, 0xC0, 0x00, 0x00, 0xBF, 0xF0, 0x00, 0x00, 0x2F, 0xFD,
    0x00, 0x00, 0x07, 0xFF, 0x00, 0x00, 0x00, 0x6A, 0x00, 0x00, 0x00, 0x00, 0x00, 0x00, 0x00, 0x00,
    0x00, 0x00, 0x00, 0x01, 0xFC, 0x00, 0x00, 0x00, 0x7F, 0x00, 0x00, 0x00, 0x2F, 0xC0, 0x00, 0x00,
    0x1F, 0xF0, 0x00, 0x00, 0x1F, 0xFC, 0x00, 0x00, 0x1F, 0xFE, 0x00, 0x00, 0x2F, 0xFF, 0x00, 0x00,
    0x2F, 0xFF, 0x40, 0x00, 0x1F, 0xFF, 0x00, 0x00, 0x0F, 0xFF, 0x00, 0x2E, 0x03, 0xFF, 0x40, 0x2F,
    0xF0, 0xFF, 0xC0, 0x0B, 0xFC, 0x3F, 0xF4, 0x00, 0xFF, 0x0B, 0xFF, 0x00, 0x7F, 0x80, 0xFF, 0xFF,
    0xFF, 0x80, 0x0B, 0xFF, 0xFF, 0x40, 0x00, 0x1A, 0xA9, 0x00, 0x00, 0x00, 0x00, 0x14, 0x00, 0x00,
    0x00, 0x00, 0x00, 0x3F, 0x80, 0x00, 0x00, 0x00, 0x00, 0x0F, 0xF8, 0x00, 0x00, 0x00, 0x00, 0x03,
    0xFF, 0x80, 0x00, 0x00, 0x00, 0x00, 0x7F, 0xF8, 0x00, 0x00, 0x00, 0x00, 0x01, 0xBF, 0x80, 0x00,
    0x00, 0x00, 0x00, 0x02, 0xE0, 0x00, 0x00, 0x00, 0x00, 0x00, 0x00, 0x00, 0x00, 0x00, 0x00, 0x05,
    0x54, 0x00, 0x00, 0x00, 0x00, 0x07, 0xFF, 0x80, 0x00, 0x00, 0x00, 0x02, 0xFF, 0xF0, 0x00, 0x00,
    0x00, 0x00, 0xFF, 0xFD, 0x00, 0x00, 0x00, 0x00, 0x7F, 0xFF, 0x80, 0x00, 0x00, 0x00, 0x3F, 0xBF,
    0xF0, 0x00, 0x00, 0x00, 0x0F, 0xCF, 0xFD, 0x00, 0x00, 0x00, 0x07, 0xE1, 0xFF, 0xC0, 0x00, 0x00,
    0x03, 0xF4, 0x3F, 0xF0, 0x00, 0x00, 0x00, 0xFC, 0x0F, 0xFE, 0x00, 0x00, 0x00, 0xBE, 0x02, 0xFF,
    0xC0, 0x00, 0x00, 0x3F, 0x40, 0x3F, 0xF0, 0x00, 0x00, 0x1F, 0xC0, 0x0F, 0xFE, 0x00, 0x00, 0x0B,
    0xE0, 0x02, 0xFF, 0xC0, 0x00, 0x03, 0xFF, 0xFF, 0xFF, 0xF4, 0x00, 0x01, 0xFF, 0xFF, 0xFF, 0xFE,
    0x00, 0x00, 0xBF, 0xFF, 0xFF, 0xFF, 0xC0, 0x00, 0x3F, 0x40, 0x00, 0x7F, 0xF4, 0x00, 0x1F, 0xC0,
    0x00, 0x0F, 0xFE, 0x00, 0x0F, 0xE0, 0x00, 0x02, 0xFF, 0xC0, 0x07, 0xF4, 0x00, 0x00, 0xBF, 0xF8,
    0x1B, 0xFF, 0x90, 0x01, 0xBF, 0xFF, 0x9F, 0xFF, 0xFC, 0x00, 0xFF, 0xFF, 0xFF, 0xFF, 0xFF, 0x00,
    0x3F, 0xFF, 0xFF, 0x00, 0x00, 0x00, 0x01, 0x00, 0x00, 0x00, 0x00, 0x00, 0x07, 0xF0, 0x00, 0x00,
    0x00, 0x00, 0x07, 0xFD, 0x00, 0x00, 0x00, 0x00, 0x07, 0xFF, 0x40, 0x00, 0x00, 0x00, 0x07, 0xFF,
    0x40, 0x00, 0x00, 0x00, 0x07, 0xFD, 0x00, 0x00, 0x00, 0x00, 0x01, 0xE0, 0x00, 0x00, 0x00, 0x00,
    0x00, 0x00, 0x00, 0x00, 0x00, 0x00, 0x00, 0x05, 0x54, 0x00, 0x00, 0x00, 0x00, 0x07, 0xFF, 0x80,
    0x00, 0x00, 0x00, 0x02, 0xFF, 0xF0, 0x00, 0x00, 0x00, 0x00, 0xFF, 0xFD, 0x00, 0x00, 0x00, 0x00,
    0x7F, 0xFF, 0x80, 0x00, 0x00, 0x00, 0x3F, 0xBF, 0xF0, 0x00, 0x00, 0x00, 0x0F, 0xCF, 0xFD, 0x00,
    0x00, 0x00, 0x07, 0xE1, 0xFF, 0xC0, 0x00, 0x00, 0x03, 0xF4, 0x3F, 0xF0, 0x00, 0x00, 0x00, 0xFC,
    0x0F, 0xFE, 0x00, 0x00, 0x00, 0xBE, 0x02, 0xFF, 0xC0, 0x00, 0x00, 0x3F, 0x40, 0x3F, 0xF0, 0x00,
    0x00, 0x1F, 0xC0, 0x0F, 0xFE, 0x00, 0x00, 0x0B, 0xE0, 0x02, 0xFF, 0xC0, 0x00, 0x03, 0xFF, 0xFF,
    0xFF, 0xF4, 0x00, 0x01, 0xFF, 0xFF, 0xFF, 0xFE, 0x00, 0x00, 0xBF, 0xFF, 0xFF, 0xFF, 0xC0, 0x00,
    0x3F, 0x40, 0x00, 0x7F, 0xF4, 0x00, 0x1F, 0xC0, 0x00, 0x0F, 0xFE, 0x00, 0x0F, 0xE0, 0x00, 0x02,
    0xFF, 0xC0, 0x07, 0xF4, 0x00, 0x00, 0xBF, 0xF8, 0x1B, 0xFF, 0x90, 0x01, 0xBF, 0xFF, 0x9F, 0xFF,
    0xFC, 0x00, 0xFF, 0xFF, 0xFF, 0xFF, 0xFF, 0x00, 0x3F, 0xFF, 0xFF, 0x00, 0x00, 0x01, 0xE0, 0x00,
    0x00, 0x00, 0x00, 0x02, 0xFF, 0x00, 0x00, 0x00, 0x00, 0x01, 0xFF, 0xF0, 0x00, 0x00, 0x00, 0x01,
    0xFF, 0xFE, 0x00, 0x00, 0x00, 0x00, 0xFF, 0xBF, 0xD0, 0x00, 0x00, 0x00, 0xFE, 0x02, 0xFD, 0x00,
    0x00, 0x00, 0x3D, 0x00, 0x0F, 0x00, 0x00, 0x00, 0x00, 0x00, 0x00, 0x00, 0x00, 0x00, 0x00, 0x05,
    0x54, 0x00, 0x00, 0x00, 0x00, 0x07, 0xFF, 0x80, 0x00, 0x00, 0x00, 0x02, 0xFF, 0xF0, 0x00, 0x00,
    0x00, 0x00, 0xFF, 0xFD, 0x00, 0x00, 0x00, 0x00, 0x7F, 0xFF, 0x80, 0x00, 0x00, 0x00, 0x3F, 0xBF,
    0xF0, 0x00, 0x00, 0x00, 0x0F, 0xCF, 0xFD, 0x00, 0x00, 0x00, 0x07, 0xE1, 0xFF, 0xC0, 0x00, 0x00,
    0x03, 0xF4, 0x3F, 0xF0, 0x00, 0x00, 0x00, 0xFC, 0x0F, 0xFE, 0x00, 0x00, 0x00, 0xBE, 0x02, 0xFF,
    0xC0, 0x00, 0x00, 0x3F, 0x40, 0x3F, 0xF0, 0x00, 0x00, 0x1F, 0xC0, 0x0F, 0xFE, 0x00, 0x00, 0x0B,
    0xE0, 0x02, 0xFF, 0xC0, 0x00, 0x03, 0xFF, 0xFF, 0xFF, 0xF4, 0x00, 0x01, 0xFF, 0xFF, 0xFF, 0xFE,
    0x00, 0x00, 0xBF, 0xFF, 0xFF, 0xFF, 0xC0, 0x00, 0x3F, 0x40, 0x00, 0x7F, 0xF4, 0x00, 0x1F, 0xC0,
    0x00, 0x0F, 0xFE, 0x00, 0x0F, 0xE0, 0x00, 0x02, 0xFF, 0xC0, 0x07, 0xF4, 0x00, 0x00, 0xBF, 0xF8,
    0x1B, 0xFF, 0x90, 0x01, 0xBF, 0xFF, 0x9F, 0xFF, 0xFC, 0x00, 0xFF, 0xFF, 0xFF, 0xFF, 0xFF, 0x00,
    0x3F, 0xFF, 0xFF, 0x00, 0x00, 0x7E, 0x00, 0x10, 0x00, 0x00, 0x00, 0x7F, 0xFD, 0x6E, 0x00, 0x00,
    0x00, 0x3F, 0xFF, 0xFF, 0x40, 0x00, 0x00, 0x2F, 0xFF, 0xFF, 0xC0, 0x00, 0x00, 0x07, 0x41, 0xFF,
    0xC0, 0x00, 0x00, 0x00, 0x00, 0x01, 0x40, 0x00, 0x00, 0x00, 0x00, 0x00, 0x00, 0x00, 0x00, 0x00,
    0x00, 0x15, 0x50, 0x00, 0x00, 0x00, 0x00, 0x1F, 0xFE, 0x00, 0x00, 0x00, 0x00, 0x0B, 0xFF, 0xC0,
    0x00, 0x00, 0x00, 0x03, 0xFF, 0xF4, 0x00, 0x00, 0x00, 0x01, 0xFF, 0xFE, 0x00, 0x00, 0x00, 0x00,
    0xFE, 0xFF, 0xC0, 0x00, 0x00, 0x00, 0x3F, 0x3F, 0xF4, 0x00, 0x00, 0x00, 0x1F, 0x87, 0xFF, 0x00,
    0x00, 0x00, 0x0F, 0xD0, 0xFF, 0xC0, 0x00, 0x00, 0x03, 0xF0, 0x3F, 0xF8, 0x00, 0x00, 0x02, 0xF8,
    0x0B, 0xFF, 0x00, 0x00, 0x00, 0xFD, 0x00, 0xFF, 0xC0, 0x00, 0x00, 0x7F, 0x00, 0x3F, 0xF8, 0x00,
    0x00, 0x2F, 0x80, 0x0B, 0xFF, 0x00, 0x00, 0x0F, 0xFF, 0xFF, 0xFF, 0xD0, 0x00, 0x07, 0xFF, 0xFF,
    0xFF, 0xF8, 0x00, 0x02, 0xFF, 0xFF, 0xFF, 0xFF, 0x00, 0x00, 0xFD, 0x00, 0x01, 0xFF, 0xD0, 0x00,
    0x7F, 0x00, 0x00, 0x3F, 0xF8, 0x00, 0x3F, 0x80, 0x00, 0x0B, 0xFF, 0x00, 0x1F, 0xD0, 0x00, 0x02,
    0xFF, 0xE0, 0x6F, 0xFE, 0x40, 0x06, 0xFF, 0xFE, 0x7F, 0xFF, 0xF0, 0x03, 0xFF, 0xFF, 0xFF, 0xFF,
    0xFC, 0x00, 0xFF, 0xFF, 0xFC, 0x00, 0x00, 0x00, 0x00, 0x00, 0x00, 0x00, 0x00, 0xFE, 0x01, 0xFD,
    0x00, 0x00, 0x00, 0xFF, 0xD0, 0xFF, 0xC0, 0x00, 0x00, 0x3F, 0xF8, 0x7F, 0xF4, 0x00, 0x00, 0x0F,
    0xFD, 0x0F, 0xFC, 0x00, 0x00, 0x01, 0xFE, 0x02, 0xFD, 0x00, 0x00, 0x00, 0x00, 0x00, 0x04, 0x00,
    0x00, 0x00, 0x00, 0x00, 0x00, 0x00, 0x00, 0x00, 0x00, 0x05, 0x54, 0x00, 0x00, 0x00, 0x00, 0x07,
    0xFF, 0x80, 0x00, 0x00, 0x00, 0x02, 0xFF, 0xF0, 0x00, 0x00, 0x00, 0x00, 0xFF, 0xFD, 0x00, 0x00,
    0x00, 0x00, 0x7F, 0xFF, 0x80, 0x00, 0x00, 0x00, 0x3F, 0xBF, 0xF0, 0x00, 0x00, 0x00, 0x0F, 0xCF,
    0xFD, 0x00, 0x00, 0x00, 0x07, 0xE1, 0xFF, 0xC0, 0x00, 0x00, 0x03, 0xF4, 0x3F, 0xF0, 0x00, 0x00,
    0x00, 0xFC, 0x0F, 0xFE, 0x00, 0x00, 0x00, 0xBE, 0x02, 0xFF, 0xC0, 0x00, 0x00, 0x3F, 0x40, 0x3F,
    0xF0, 0x00, 0x00, 0x1F, 0xC0, 0x0F, 0xFE, 0x00, 0x00, 0x0B, 0xE0, 0x02, 0xFF, 0xC0, 0x00, 0x03,
    0xFF, 0xFF, 0xFF, 0xF4, 0x00, 0x01, 0xFF, 0xFF, 0xFF, 0xFE, 0x00, 0x00, 0xBF, 0xFF, 0xFF, 0xFF,
    0xC0, 0x00, 0x3F, 0x40, 0x00, 0x7F, 0xF4, 0x00, 0x1F, 0xC0, 0x00, 0x0F, 0xFE, 0x00, 0x0F, 0xE0,
    0x00, 0x02, 0xFF, 0xC0, 0x07, 0xF4, 0x00, 0x00, 0xBF, 0xF8, 0x1B, 0xFF, 0x90, 0x01, 0xBF, 0xFF,
    0x9F, 0xFF, 0xFC, 0x00, 0xFF, 0xFF, 0xFF, 0xFF, 0xFF, 0x00, 0x3F, 0xFF, 0xFF, 0x00, 0x00, 0x00,
    0x50, 0x00, 0x00, 0x00, 0x00, 0x0B, 0xFF, 0xC0, 0x00, 0x00, 0x00, 0x0B, 0xF7, 0xFC, 0x00, 0x00,
    0x00, 0x03, 0xF4, 0x3F, 0x40, 0x00, 0x00, 0x00, 0xFC, 0x0F, 0xD0, 0x00, 0x00, 0x00, 0x3F, 0x43,
    0xF0, 0x00, 0x00, 0x00, 0x07, 0xFB, 0xF8, 0x00, 0x00, 0x00, 0x00, 0x7F, 0xF4, 0x00, 0x00, 0x00,
    0x00, 0x00, 0x00, 0x00, 0x00, 0x00, 0x00, 0x01, 0x55, 0x00, 0x00, 0x00, 0x00, 0x01, 0xFF, 0xE0,
    0x00, 0x00, 0x00, 0x00, 0xBF, 0xFC, 0x00, 0x00, 0x00, 0x00, 0x3F, 0xFF, 0x40, 0x00, 0x00, 0x00,
    0x1F, 0xFF, 0xE0, 0x00, 0x00, 0x00, 0x0F, 0xEF, 0xFC, 0x00, 0x00, 0x00, 0x03, 0xF3, 0xFF, 0x40,
    0x00, 0x00, 0x01, 0xF8, 0x7F, 0xF0, 0x00, 0x00, 0x00, 0xFD, 0x0F, 0xFC, 0x00, 0x00, 0x00, 0x3F,
    0x03, 0xFF, 0x80, 0x00, 0x00, 0x2F, 0x80, 0xBF, 0xF0, 0x00, 0x00, 0x0F, 0xD0, 0x0F, 0xFC, 0x00,
    0x00, 0x07, 0xF0, 0x03, 0xFF, 0x80, 0x00, 0x02, 0xF8, 0x00, 0xBF, 0xF0, 0x00, 0x00, 0xFF, 0xFF,
    0xFF, 0xFD, 0x00, 0x00, 0x7F, 0xFF, 0xFF, 0xFF, 0x80, 0x00, 0x2F, 0xFF, 0xFF, 0xFF, 0xF0, 0x00,
    0x0F, 0xD0, 0x00, 0x1F, 0xFD, 0x00, 0x07, 0xF0, 0x00, 0x03, 0xFF, 0x80, 0x03, 0xF8, 0x00, 0x00,
    0xBF, 0xF0, 0x01, 0xFD, 0x00, 0x00, 0x2F, 0xFE, 0x06, 0xFF, 0xE4, 0x00, 0x6F, 0xFF, 0xE7, 0xFF,
    0xFF, 0x00, 0x3F, 0xFF, 0xFF, 0xFF, 0xFF, 0xC0, 0x0F, 0xFF, 0xFF, 0xC0, 0x00, 0x00, 0x15, 0x55,
    0x55, 0x55, 0x55, 0x54, 0x00, 0x00, 0x07, 0xFF, 0xFF, 0xFF, 0xFF, 0xFF, 0xE0, 0x00, 0x00, 0x7F,
    0xFF, 0xFF, 0xFF, 0xFF, 0xFF, 0x00, 0x00, 0x00, 0x7F, 0x9B, 0xFF, 0x55, 0x6F, 0xF0, 0x00, 0x00,
    0x07, 0xF0, 0x7F, 0xF0, 0x00, 0xBF, 0x40, 0x00, 0x00, 0xFD, 0x07, 0xFF, 0x00, 0x03, 0xF4, 0x00,
    0x00, 0x1F, 0xC0, 0x7F, 0xF0, 0x00, 0x2F, 0x80, 0x00, 0x03, 0xF8, 0x07, 0xFF, 0x00, 0x00, 0x00,
    0x00, 0x00, 0x7F, 0x00, 0x7F, 0xF0, 0x01, 0x40, 0x00, 0x00, 0x0F, 0xE0, 0x07, 0xFF, 0x00, 0xF8,
    0x00, 0x00, 0x01, 0xFC, 0x00, 0x7F, 0xF0, 0x1F, 0x80, 0x00, 0x00, 0x3F, 0xFF, 0xFF, 0xFF, 0xFF,
    0xF8, 0x00, 0x00, 0x07, 0xFF, 0xFF, 0xFF, 0xFF, 0xFF, 0x80, 0x00, 0x00, 0xFF, 0xFF, 0xFF, 0xFF,
    0xFF, 0xF8, 0x00, 0x00, 0x1F, 0xD0, 0x00, 0x7F, 0xF0, 0x1F, 0x80, 0x00, 0x03, 0xFC, 0x00, 0x07,
    0xFF, 0x00, 0xF8, 0x00, 0x00, 0x7F, 0x40, 0x00, 0x7F, 0xF0, 0x05, 0x00, 0x00, 0x0F, 0xF0, 0x00,
    0x07, 0xFF, 0x00, 0x00, 0xFC, 0x00, 0xFD, 0x00, 0x00, 0x7F, 0xF0, 0x00, 0x0F, 0xC0, 0x2F, 0xC0,
    0x00, 0x07, 0xFF, 0x00, 0x02, 0xFC, 0x07, 0xF8, 0x00, 0x00, 0xBF, 0xF0, 0x00, 0x7F, 0xC6, 0xFF,
    0xE4, 0x00, 0x6F, 0xFF, 0xFF, 0xFF, 0xF8, 0xFF, 0xFF, 0xC0, 0x0F, 0xFF, 0xFF, 0xFF, 0xFF, 0x8F,
    0xFF, 0xFC, 0x00, 0xFF, 0xFF, 0xFF, 0xFF, 0xF4, 0x00, 0x00, 0x6F, 0xE4, 0x2E, 0x00, 0x00, 0xBF,
    0xFF, 0xF7, 0xF0, 0x00, 0x7F, 0xFF, 0xFF, 0xFF, 0x00, 0x1F, 0xFF, 0x96, 0xFF, 0xF0, 0x07, 0xFF,
    0x80, 0x01, 0xFF, 0x40, 0xFF, 0xF0, 0x00, 0x0B, 0xF4, 0x1F, 0xFC, 0x00, 0x00, 0x3F, 0x83, 0xFF,
    0xC0, 0x00, 0x01, 0xF8, 0x3F, 0xF8, 0x00, 0x00, 0x0A, 0x47, 0xFF, 0x40, 0x00, 0x00, 0x00, 0x7F,
    0xF4, 0x00, 0x00, 0x00, 0x0B, 0xFF, 0x00, 0x00, 0x00, 0x00, 0xBF, 0xF4, 0x00, 0x00, 0x00, 0x0B,
    0xFF, 0x40, 0x00, 0x00, 0x00, 0x7F, 0xF4, 0x00, 0x00, 0x00, 0x07, 0xFF, 0x80, 0x00, 0x00, 0x00,
    0x3F, 0xFC, 0x00, 0x00, 0x00, 0x03, 0xFF, 0xD0, 0x00, 0x00, 0x00, 0x1F, 0xFF, 0x00, 0x00, 0x07,
    0x00, 0xFF, 0xFD, 0x00, 0x02, 0xFC, 0x03, 0xFF, 0xFD, 0x56, 0xFF, 0x80, 0x1F, 0xFF, 0xFF, 0xFF,
    0xE0, 0x00, 0x3F, 0xFF, 0xFF, 0xF4, 0x00, 0x00, 0x7F, 0xFF, 0xF8, 0x00, 0x00, 0x00, 0x1F, 0x90,
    0x00, 0x00, 0x00, 0x02, 0xF5, 0x00, 0x00, 0x00, 0x00, 0x3F, 0xFC, 0x00, 0x00, 0x00, 0x00, 0x5F,
    0xE0, 0x00, 0x00, 0x00, 0x00, 0xFF, 0x00, 0x00, 0x00, 0x09, 0x5F, 0xE0, 0x00, 0x00, 0x01, 0xFF,
    0xFD, 0x00, 0x00, 0x00, 0x07, 0xFF, 0x40, 0x00, 0x00, 0x00, 0x00, 0x00, 0x00, 0x00, 0x00, 0x05,
    0x00, 0x00, 0x00, 0x00, 0x1F, 0xC0, 0x00, 0x00, 0x00, 0x2F, 0xF0, 0x00, 0x00, 0x00, 0x2F, 0xFC,
    0x00, 0x00, 0x00, 0x0B, 0xFF, 0x40, 0x00, 0x00, 0x00, 0xBF, 0xD0, 0x00, 0x00, 0x00, 0x07, 0xC0,
    0x00, 0x00, 0x00, 0x00, 0x00, 0x00, 0x15, 0x55, 0x55, 0x55, 0x50, 0x7F, 0xFF, 0xFF, 0xFF, 0xF4,
    0x7F, 0xFF, 0xFF, 0xFF, 0xF8, 0x07, 0xFF, 0xD5, 0x6F, 0xF8, 0x03, 0xFF, 0x80, 0x03, 0xFC, 0x03,
    0xFF, 0x80, 0x01, 0xFC, 0x03, 0xFF, 0x80, 0x00, 0xFC, 0x03, 0xFF, 0x80, 0x00, 0x00, 0x03, 0xFF,
    0x80, 0x3C, 0x00, 0x03, 0xFF, 0x80, 0x7C, 0x00, 0x03, 0xFF, 0xC1, 0xFC, 0x00, 0x03, 0xFF, 0xFF,
    0xFC, 0x00, 0x03, 0xFF, 0xFF, 0xFC, 0x00, 0x03, 0xFF, 0xEA, 0xFC, 0x00, 0x03, 0xFF, 0x80, 0x7C,
    0x00, 0x03, 0xFF, 0x80, 0x3C, 0x00, 0x03, 0xFF, 0x80, 0x00, 0x00, 0x03, 0xFF, 0x80, 0x00, 0x7F,
    0x03, 0xFF, 0x80, 0x00, 0xBE, 0x03, 0xFF, 0x80, 0x00, 0xFE, 0x03, 0xFF, 0x80, 0x02, 0xFD, 0x2F,
    0xFF, 0xFF, 0xFF, 0xFD, 0x7F, 0xFF, 0xFF, 0xFF, 0xFC, 0x7F, 0xFF, 0xFF, 0xFF, 0xFC, 0x00, 0x00,
    0x00, 0x50, 0x00, 0x00, 0x00, 0x02, 0xF8, 0x00, 0x00, 0x00, 0x0F, 0xFC, 0x00, 0x00, 0x00, 0x3F,
    0xFC, 0x00, 0x00, 0x00, 0xFF, 0xF0, 0x00, 0x00, 0x03, 0xFE, 0x00, 0x00, 0x00, 0x03, 0xD0, 0x00,
    0x00, 0x00, 0x00, 0x00, 0x00, 0x00, 0x15, 0x55, 0x55, 0x55, 0x50, 0x7F, 0xFF, 0xFF, 0xFF, 0xF4,
    0x7F, 0xFF, 0xFF, 0xFF, 0xF8, 0x07, 0xFF, 0xD5, 0x6F, 0xF8, 0x03, 0xFF, 0x80, 0x03, 0xFC, 0x03,
    0xFF, 0x80, 0x01, 0xFC, 0x03, 0xFF, 0x80, 0x00, 0xFC, 0x03, 0xFF, 0x80, 0x00, 0x00, 0x03, 0xFF,
    0x80, 0x3C, 0x00, 0x03, 0xFF, 0x80, 0x7C, 0x00, 0x03, 0xFF, 0xC1, 0xFC, 0x00, 0x03, 0xFF, 0xFF,
    0xFC, 0x00, 0x03, 0xFF, 0xFF, 0xFC, 0x00, 0x03, 0xFF, 0xEA, 0xFC, 0x00, 0x03, 0xFF, 0x80, 0x7C,
    0x00, 0x03, 0xFF, 0x80, 0x3C, 0x00, 0x03, 0xFF, 0x80, 0x00, 0x00, 0x03, 0xFF, 0x80, 0x00, 0x7F,
    0x03, 0xFF, 0x80, 0x00, 0xBE, 0x03, 0xFF, 0x80, 0x00, 0xFE, 0x03, 0xFF, 0x80, 0x02, 0xFD, 0x2F,
    0xFF, 0xFF, 0xFF, 0xFD, 0x7F, 0xFF, 0xFF, 0xFF, 0xFC, 0x7F, 0xFF, 0xFF, 0xFF, 0xFC, 0x00, 0x00,
    0x2D, 0x00, 0x00, 0x00, 0x00, 0xFF, 0x40, 0x00, 0x00, 0x03, 0xFF, 0xD0, 0x00, 0x00, 0x0B, 0xFF,
    0xF0, 0x00, 0x00, 0x2F, 0xFB, 0xFC, 0x00, 0x00, 0x7F, 0x40, 0xFF, 0x00, 0x00, 0x78, 0x00, 0x1E,
    0x00, 0x00, 0x00, 0x00, 0x00, 0x00, 0x15, 0x55, 0x55, 0x55, 0x50, 0x7F, 0xFF, 0xFF, 0xFF, 0xF4,
    0x7F, 0xFF, 0xFF, 0xFF, 0xF8, 0x07, 0xFF, 0xD5, 0x6F, 0xF8, 0x03, 0xFF, 0x80, 0x03, 0xFC, 0x03,
    0xFF, 0x80, 0x01, 0xFC, 0x03, 0xFF, 0x80, 0x00, 0xFC, 0x03, 0xFF, 0x80, 0x00, 0x00, 0x03, 0xFF,
    0x80, 0x3C, 0x00, 0x03, 0xFF, 0x80, 0x7C, 0x00, 0x03, 0xFF, 0xC1, 0xFC, 0x00, 0x03, 0xFF, 0xFF,
    0xFC, 0x00, 0x03, 0xFF, 0xFF, 0xFC, 0x00, 0x03, 0xFF, 0xEA, 0xFC, 0x00, 0x03, 0xFF, 0x80, 0x7C,
    0x00, 0x03, 0xFF, 0x80, 0x3C, 0x00, 0x03, 0xFF, 0x80, 0x00, 0x00, 0x03, 0xFF, 0x80, 0x00, 0x7F,
    0x03, 0xFF, 0x80, 0x00, 0xBE, 0x03, 0xFF, 0x80, 0x00, 0xFE, 0x03, 0xFF, 0x80, 0x02, 0xFD, 0x2F,
    0xFF, 0xFF, 0xFF, 0xFD, 0x7F, 0xFF, 0xFF, 0xFF, 0xFC, 0x7F, 0xFF, 0xFF, 0xFF, 0xFC, 0x00, 0x00,
    0x00, 0x00, 0x00, 0x00, 0xBF, 0x40, 0xBE, 0x00, 0x01, 0xFF, 0xC2, 0xFF, 0x80, 0x02, 0xFF, 0xC3,
    0xFF, 0xC0, 0x01, 0xFF, 0xC2, 0xFF, 0x80, 0x00, 0xBF, 0x40, 0xFF, 0x00, 0x00, 0x00, 0x00, 0x00,
    0x00, 0x00, 0x00, 0x00, 0x00, 0x00, 0x15, 0x55, 0x55, 0x55, 0x50, 0x7F, 0xFF, 0xFF, 0xFF, 0xF4,
    0x7F, 0xFF, 0xFF, 0xFF, 0xF8, 0x07, 0xFF, 0xD5, 0x6F, 0xF8, 0x03, 0xFF, 0x80, 0x03, 0xFC, 0x03,
    0xFF, 0x80, 0x01, 0xFC, 0x03, 0xFF, 0x80, 0x00, 0xFC, 0x03, 0xFF, 0x80, 0x00, 0x00, 0x03, 0xFF,
    0x80, 0x3C, 0x00, 0x03, 0xFF, 0x80, 0x7C, 0x00, 0x03, 0xFF, 0xC1, 0xFC, 0x00, 0x03, 0xFF, 0xFF,
    0xFC, 0x00, 0x03, 0xFF, 0xFF, 0xFC, 0x00, 0x03, 0xFF, 0xEA, 0xFC, 0x00, 0x03, 0xFF, 0x80, 0x7C,
    0x00, 0x03, 0xFF, 0x80, 0x3C, 0x00, 0x03, 0xFF, 0x80, 0x00, 0x00, 0x03, 0xFF, 0x80, 0x00, 0x7F,
    0x03, 0xFF, 0x80, 0x00, 0xBE, 0x03, 0xFF, 0x80, 0x00, 0xFE, 0x03, 0xFF, 0x80, 0x02, 0xFD, 0x2F,
    0xFF, 0xFF, 0xFF, 0xFD, 0x7F, 0xFF, 0xFF, 0xFF, 0xFC, 0x7F, 0xFF, 0xFF, 0xFF, 0xFC, 0x05, 0x00,
    0x00, 0x2F, 0xC0, 0x00, 0x3F, 0xF0, 0x00, 0x2F, 0xFC, 0x00, 0x0B, 0xFF, 0x00, 0x00, 0xBF, 0xC0,
    0x00, 0x07, 0xC0, 0x00, 0x00, 0x00, 0x15, 0x55, 0x54, 0x7F, 0xFF, 0xFD, 0x7F, 0xFF, 0xFD, 0x07,
    0xFF, 0xD0, 0x03, 0xFF, 0xC0, 0x03, 0xFF, 0x80, 0x03, 0xFF, 0x80, 0x03, 0xFF, 0x80, 0x03, 0xFF,
    0x80, 0x03, 0xFF, 0x80, 0x03, 0xFF, 0x80, 0x03, 0xFF, 0x80, 0x03, 0xFF, 0x80, 0x03, 0xFF, 0x80,
    0x03, 0xFF, 0x80, 0x03, 0xFF, 0x80, 0x03, 0xFF, 0x80, 0x03, 0xFF, 0x80, 0x03, 0xFF, 0x80, 0x03,
    0xFF, 0x80, 0x03, 0xFF, 0xC0, 0x2F, 0xFF, 0xE8, 0x7F, 0xFF, 0xFD, 0x7F, 0xFF, 0xFD, 0x00, 0x00,
    0x50, 0x00, 0x03, 0xF4, 0x00, 0x0F, 0xFC, 0x00, 0x3F, 0xF8, 0x00, 0xFF, 0xE0, 0x03, 0xFE, 0x00,
    0x03, 0xD0, 0x00, 0x00, 0x00, 0x00, 0x15, 0x55, 0x54, 0x7F, 0xFF, 0xFD, 0x7F, 0xFF, 0xFD, 0x07,
    0xFF, 0xD0, 0x03, 0xFF, 0xC0, 0x03, 0xFF, 0x80, 0x03, 0xFF, 0x80, 0x03, 0xFF, 0x80, 0x03, 0xFF,
    0x80, 0x03, 0xFF, 0x80, 0x03, 0xFF, 0x80, 0x03, 0xFF, 0x80, 0x03, 0xFF, 0x80, 0x03, 0xFF, 0x80,
    0x03, 0xFF, 0x80, 0x03, 0xFF, 0x80, 0x03, 0xFF, 0x80, 0x03, 0xFF, 0x80, 0x03, 0xFF, 0x80, 0x03,
    0xFF, 0x80, 0x03, 0xFF, 0xC0, 0x2F, 0xFF, 0xE8, 0x7F, 0xFF, 0xFD, 0x7F, 0xFF, 0xFD, 0x00, 0x0F,
    0x40, 0x00, 0x0F, 0xF4, 0x00, 0x0F, 0xFF, 0x00, 0x0F, 0xFF, 0xF0, 0x0F, 0xFA, 0xFF, 0x0B, 0xF4,
    0x1F, 0xE2, 0xE0, 0x00, 0xB8, 0x00, 0x00, 0x00, 0x05, 0x55, 0x55, 0x07, 0xFF, 0xFF, 0xD1, 0xFF,
    0xFF, 0xF4, 0x07, 0xFF, 0xD0, 0x00, 0xFF, 0xF0, 0x00, 0x3F, 0xF8, 0x00, 0x0F, 0xFE, 0x00, 0x03,
    0xFF, 0x80, 0x00, 0xFF, 0xE0, 0x00, 0x3F, 0xF8, 0x00, 0x0F, 0xFE, 0x00, 0x03, 0xFF, 0x80, 0x00,
    0xFF, 0xE0, 0x00, 0x3F, 0xF8, 0x00, 0x0F, 0xFE, 0x00, 0x03, 0xFF, 0x80, 0x00, 0xFF, 0xE0, 0x00,
    0x3F, 0xF8, 0x00, 0x0F, 0xFE, 0x00, 0x03, 0xFF, 0x80, 0x00, 0xFF, 0xF0, 0x02, 0xFF, 0xFE, 0x81,
    0xFF, 0xFF, 0xF4, 0x7F, 0xFF, 0xFD, 0x00, 0x00, 0x00, 0x02, 0xFC, 0x03, 0xF8, 0xBF, 0xF0, 0xFF,
    0xDB, 0xFF, 0x0F, 0xFE, 0xBF, 0xF0, 0xFF, 0xD3, 0xFC, 0x07, 0xFC, 0x00, 0x00, 0x00, 0x00, 0x00,
    0x00, 0x00, 0x05, 0x55, 0x55, 0x01, 0xFF, 0xFF, 0xF4, 0x1F, 0xFF, 0xFF, 0x40, 0x1F, 0xFF, 0x40,
    0x00, 0xFF, 0xF0, 0x00, 0x0F, 0xFE, 0x00, 0x00, 0xFF, 0xE0, 0x00, 0x0F, 0xFE, 0x00, 0x00, 0xFF,
    0xE0, 0x00, 0x0F, 0xFE, 0x00, 0x00, 0xFF, 0xE0, 0x00, 0x0F, 0xFE, 0x00, 0x00, 0xFF, 0xE0, 0x00,
    0x0F, 0xFE, 0x00, 0x00, 0xFF, 0xE0, 0x00, 0x0F, 0xFE, 0x00, 0x00, 0xFF, 0xE0, 0x00, 0x0F, 0xFE,
    0x00, 0x00, 0xFF, 0xE0, 0x00, 0x0F, 0xFE, 0x00, 0x00, 0xFF, 0xF0, 0x00, 0xBF, 0xFF, 0xA0, 0x1F,
    0xFF, 0xFF, 0x41, 0xFF, 0xFF, 0xF4, 0x05, 0x55, 0x55, 0x50, 0x00, 0x00, 0x07, 0xFF, 0xFF, 0xFF,
    0xF9, 0x00, 0x01, 0xFF, 0xFF, 0xFF, 0xFF, 0xF0, 0x00, 0x07, 0xFF, 0xEA, 0xFF, 0xFF, 0x40, 0x00,
    0xFF, 0xE0, 0x02, 0xFF, 0xF4, 0x00, 0x3F, 0xF8, 0x00, 0x1F, 0xFF, 0x00, 0x0F, 0xFE, 0x00, 0x02,
    0xFF, 0xE0, 0x03, 0xFF, 0x80, 0x00, 0x3F, 0xFC, 0x00, 0xFF, 0xE0, 0x00, 0x0B, 0xFF, 0x00, 0x3F,
    0xF8, 0x00, 0x02, 0xFF, 0xD2, 0xAF, 0xFF, 0xAA, 0x00, 0x7F, 0xF5, 0xFF, 0xFF, 0xFF, 0xD0, 0x1F,
    0xFE, 0x7F, 0xFF, 0xFF, 0xF4, 0x07, 0xFF, 0x8A, 0xBF, 0xFE, 0xA8, 0x01, 0xFF, 0xD0, 0x0F, 0xFE,
    0x00, 0x00, 0xBF, 0xF4, 0x03, 0xFF, 0x80, 0x00, 0x2F, 0xFC, 0x00, 0xFF, 0xE0, 0x00, 0x0F, 0xFF,
    0x00, 0x3F, 0xF8, 0x00, 0x07, 0xFF, 0x40, 0x0F, 0xFE, 0x00, 0x03, 0xFF, 0xC0, 0x03, 0xFF, 0x80,
    0x02, 0xFF, 0xC0, 0x00, 0xFF, 0xE0, 0x07, 0xFF, 0xD0, 0x02, 0xFF, 0xFF, 0xFF, 0xFF, 0xD0, 0x01,
    0xFF, 0xFF, 0xFF, 0xFF, 0x40, 0x00, 0x7F, 0xFF, 0xFF, 0xE4, 0x00, 0x00, 0x00, 0x00, 0x2E, 0x40,
    0x10, 0x00, 0x00, 0x00, 0x0F, 0xFF, 0x97, 0xC0, 0x00, 0x00, 0x02, 0xFF, 0xFF, 0xF8, 0x00, 0x00,
    0x00, 0x3F, 0xFF, 0xFF, 0x00, 0x00, 0x00, 0x02, 0x81, 0xBF, 0xD0, 0x00, 0x00, 0x00, 0x00, 0x00,
    0x50, 0x00, 0x00, 0x00, 0x00, 0x00, 0x00, 0x00, 0x00, 0x01, 0x55, 0x54, 0x00, 0x01, 0x55, 0x54,
    0x7F, 0xFF, 0xE0, 0x00, 0x7F, 0xFF, 0xD7, 0xFF, 0xFF, 0x40, 0x07, 0xFF, 0xFD, 0x07, 0xFF, 0xFC,
    0x00, 0x07, 0xFD, 0x00, 0x3F, 0xFF, 0xD0, 0x00, 0x3F, 0xC0, 0x03, 0xFF, 0xFF, 0x00, 0x03, 0xFC,
    0x00, 0x3F, 0xFF, 0xF8, 0x00, 0x3F, 0xC0, 0x03, 0xFF, 0xFF, 0xD0, 0x03, 0xFC, 0x00, 0x3F, 0xDF,
    0xFF, 0x00, 0x3F, 0xC0, 0x03, 0xFC, 0xFF, 0xF4, 0x03, 0xFC, 0x00, 0x3F, 0xC3, 0xFF, 0xC0, 0x3F,
    0xC0, 0x03, 0xFC, 0x2F, 0xFE, 0x03, 0xFC, 0x00, 0x3F, 0xC0, 0xFF, 0xF4, 0x3F, 0xC0, 0x03, 0xFC,
    0x07, 0xFF, 0xC3, 0xFC, 0x00, 0x3F, 0xC0, 0x2F, 0xFD, 0x3F, 0xC0, 0x03, 0xFC, 0x00, 0xFF, 0xF3,
    0xFC, 0x00, 0x3F, 0xC0, 0x07, 0xFF, 0xBF, 0xC0, 0x03, 0xFC, 0x00, 0x3F, 0xFF, 0xFC, 0x00, 0x3F,
    0xC0, 0x01, 0xFF, 0xFF, 0xC0, 0x03, 0xFC, 0x00, 0x0B, 0xFF, 0xFC, 0x00, 0x3F, 0xC0, 0x00, 0x3F,
    0xFF, 0xC0, 0x2F, 0xFF, 0x80, 0x01, 0xFF, 0xFC, 0x07, 0xFF, 0xFD, 0x00, 0x0F, 0xFF, 0xC0, 0x7F,
    0xFF, 0xD0, 0x00, 0x3F, 0xFC, 0x00, 0x00, 0x00, 0x50, 0x00, 0x00, 0x00, 0x00, 0x02, 0xFC, 0x00,
    0x00, 0x00, 0x00, 0x03, 0xFF, 0x00, 0x00, 0x00, 0x00, 0x02, 0xFF, 0xC0, 0x00, 0x00, 0x00, 0x00,
    0xBF, 0xF0, 0x00, 0x00, 0x00, 0x00, 0x0B, 0xFC, 0x00, 0x00, 0x00, 0x00, 0x00, 0x7C, 0x00, 0x00,
    0x00, 0x00, 0x00, 0x00, 0x00, 0x00, 0x00, 0x00, 0x6B, 0xF9, 0x00, 0x00, 0x00, 0x0B, 0xFF, 0xFF,
    0xF4, 0x00, 0x00, 0x7F, 0xFF, 0xFF, 0xFE, 0x00, 0x01, 0xFF, 0xF9, 0x6F, 0xFF, 0x80, 0x03, 0xFF,
    0x80, 0x03, 0xFF, 0xD0, 0x0F, 0xFE, 0x00, 0x00, 0xFF, 0xF0, 0x1F, 0xFC, 0x00, 0x00, 0x7F, 0xF8,
    0x3F, 0xFC, 0x00, 0x00, 0x3F, 0xFC, 0x3F, 0xF8, 0x00, 0x00, 0x3F, 0xFC, 0x7F, 0xF4, 0x00, 0x00,
    0x2F, 0xFD, 0x7F, 0xF4, 0x00, 0x00, 0x2F, 0xFD, 0xBF, 0xF4, 0x00, 0x00, 0x1F, 0xFD, 0xBF, 0xF4,
    0x00, 0x00, 0x1F, 0xFD, 0xBF, 0xF4, 0x00, 0x00, 0x1F, 0xFD, 0x7F, 0xF4, 0x00, 0x00, 0x2F, 0xFC,
    0x7F, 0xF8, 0x00, 0x00, 0x2F, 0xFC, 0x3F, 0xFC, 0x00, 0x00, 0x3F, 0xFC, 0x3F, 0xFC, 0x00, 0x00,
    0x3F, 0xF4, 0x1F, 0xFE, 0x00, 0x00, 0x7F, 0xF0, 0x0F, 0xFF, 0x40, 0x00, 0xFF, 0xD0, 0x07, 0xFF,
    0xD0, 0x07, 0xFF, 0x80, 0x01, 0xFF, 0xFF, 0xFF, 0xFE, 0x00, 0x00, 0x7F, 0xFF, 0xFF, 0xF8, 0x00,
    0x00, 0x07, 0xFF, 0xFF, 0x80, 0x00, 0x00, 0x00, 0x15, 0x50, 0x00, 0x00, 0x00, 0x00, 0x00, 0x05,
    0x00, 0x00, 0x00, 0x00, 0x00, 0x3F, 0x80, 0x00, 0x00, 0x00, 0x00, 0xFF, 0xC0, 0x00, 0x00, 0x00,
    0x03, 0xFF, 0x80, 0x00, 0x00, 0x00, 0x0F, 0xFE, 0x00, 0x00, 0x00, 0x00, 0x3F, 0xE0, 0x00, 0x00,
    0x00, 0x00, 0x3D, 0x00, 0x00, 0x00, 0x00, 0x00, 0x00, 0x00, 0x00, 0x00, 0x00, 0x00, 0x6B, 0xF9,
    0x00, 0x00, 0x00, 0x0B, 0xFF, 0xFF, 0xF4, 0x00, 0x00, 0x7F, 0xFF, 0xFF, 0xFE, 0x00, 0x01, 0xFF,
    0xF9, 0x6F, 0xFF, 0x80, 0x03, 0xFF, 0x80, 0x03, 0xFF, 0xD0, 0x0F, 0xFE, 0x00, 0x00, 0xFF, 0xF0,
    0x1F, 0xFC, 0x00, 0x00, 0x7F, 0xF8, 0x3F, 0xFC, 0x00, 0x00, 0x3F, 0xFC, 0x3F, 0xF8, 0x00, 0x00,
    0x3F, 0xFC, 0x7F, 0xF4, 0x00, 0x00, 0x2F, 0xFD, 0x7F, 0xF4, 0x00, 0x00, 0x2F, 0xFD, 0xBF, 0xF4,
    0x00, 0x00, 0x1F, 0xFD, 0xBF, 0xF4, 0x00, 0x00, 0x1F, 0xFD, 0xBF, 0xF4, 0x00, 0x00, 0x1F, 0xFD,
    0x7F, 0xF4, 0x00, 0x00, 0x2F, 0xFC, 0x7F, 0xF8, 0x00, 0x00, 0x2F, 0xFC, 0x3F, 0xFC, 0x00, 0x00,
    0x3F, 0xFC, 0x3F, 0xFC, 0x00, 0x00, 0x3F, 0xF4, 0x1F, 0xFE, 0x00, 0x00, 0x7F, 0xF0, 0x0F, 0xFF,
    0x40, 0x00, 0xFF, 0xD0, 0x07, 0xFF, 0xD0, 0x07, 0xFF, 0x80, 0x01, 0xFF, 0xFF, 0xFF, 0xFE, 0x00,
    0x00, 0x7F, 0xFF, 0xFF, 0xF8, 0x00, 0x00, 0x07, 0xFF, 0xFF, 0x80, 0x00, 0x00, 0x00, 0x15, 0x50,
    0x00, 0x00, 0x00, 0x00, 0x03, 0xD0, 0x00, 0x00, 0x00, 0x00, 0x0F, 0xF4, 0x00, 0x00, 0x00, 0x00,
    0x3F, 0xFC, 0x00, 0x00, 0x00, 0x00, 0xFF, 0xFF, 0x00, 0x00, 0x00, 0x02, 0xFE, 0xBF, 0xC0, 0x00,
    0x00, 0x0B, 0xF4, 0x1F, 0xE0, 0x00, 0x00, 0x0B, 0x80, 0x02, 0xE0, 0x00, 0x00, 0x00, 0x00, 0x00,
    0x00, 0x00, 0x00, 0x00, 0x6B, 0xF9, 0x00, 0x00, 0x00, 0x0B, 0xFF, 0xFF, 0xF4, 0x00, 0x00, 0x7F,
    0xFF, 0xFF, 0xFE, 0x00, 0x01, 0xFF, 0xF9, 0x6F, 0xFF, 0x80, 0x03, 0xFF, 0x80, 0x03, 0xFF, 0xD0,
    0x0F, 0xFE, 0x00, 0x00, 0xFF, 0xF0, 0x1F, 0xFC, 0x00, 0x00, 0x7F, 0xF8, 0x3F, 0xFC, 0x00, 0x00,
    0x3F, 0xFC, 0x3F, 0xF8, 0x00, 0x00, 0x3F, 0xFC, 0x7F, 0xF4, 0x00, 0x00, 0x2F, 0xFD, 0x7F, 0xF4,
    0x00, 0x00, 0x2F, 0xFD, 0xBF, 0xF4, 0x00, 0x00, 0x1F, 0xFD, 0xBF, 0xF4, 0x00, 0x00, 0x1F, 0xFD,
    0xBF, 0xF4, 0x00, 0x00, 0x1F, 0xFD, 0x7F, 0xF4, 0x00, 0x00, 0x2F, 0xFC, 0x7F, 0xF8, 0x00, 0x00,
    0x2F, 0xFC, 0x3F, 0xFC, 0x00, 0x00, 0x3F, 0xFC, 0x3F, 0xFC, 0x00, 0x00, 0x3F, 0xF4, 0x1F, 0xFE,
    0x00, 0x00, 0x7F, 0xF0, 0x0F, 0xFF, 0x40, 0x00, 0xFF, 0xD0, 0x07, 0xFF, 0xD0, 0x07, 0xFF, 0x80,
    0x01, 0xFF, 0xFF, 0xFF, 0xFE, 0x00, 0x00, 0x7F, 0xFF, 0xFF, 0xF8, 0x00, 0x00, 0x07, 0xFF, 0xFF,
    0x80, 0x00, 0x00, 0x00, 0x15, 0x50, 0x00, 0x00, 0x00, 0x00, 0xB9, 0x00, 0x00, 0x00, 0x00, 0x03,
    0xFF, 0xE5, 0xF0, 0x00, 0x00, 0x0B, 0xFF, 0xFF, 0xF0, 0x00, 0x00, 0x0F, 0xFF, 0xFF, 0xD0, 0x00,
    0x00, 0x0A, 0x02, 0xFF, 0x80, 0x00, 0x00, 0x00, 0x00, 0x14, 0x00, 0x00, 0x00, 0x00, 0x00, 0x00,
    0x00, 0x00, 0x00, 0x00, 0x6B, 0xF9, 0x00, 0x00, 0x00, 0x0B, 0xFF, 0xFF, 0xF4, 0x00, 0x00, 0x7F,
    0xFF, 0xFF, 0xFE, 0x00, 0x01, 0xFF, 0xF9, 0x6F, 0xFF, 0x80, 0x03, 0xFF, 0x80, 0x03, 0xFF, 0xD0,
    0x0F, 0xFE, 0x00, 0x00, 0xFF, 0xF0, 0x1F, 0xFC, 0x00, 0x00, 0x7F, 0xF8, 0x3F, 0xFC, 0x00, 0x00,
    0x3F, 0xFC, 0x3F, 0xF8, 0x00, 0x00, 0x3F, 0xFC, 0x7F, 0xF4, 0x00, 0x00, 0x2F, 0xFD, 0x7F, 0xF4,
    0x00, 0x00, 0x2F, 0xFD, 0xBF, 0xF4, 0x00, 0x00, 0x1F, 0xFD, 0xBF, 0xF4, 0x00, 0x00, 0x1F, 0xFD,
    0xBF, 0xF4, 0x00, 0x00, 0x1F, 0xFD, 0x7F, 0xF4, 0x00, 0x00, 0x2F, 0xFC, 0x7F, 0xF8, 0x00, 0x00,
    0x2F, 0xFC, 0x3F, 0xFC, 0x00, 0x00, 0x3F, 0xFC, 0x3F, 0xFC, 0x00, 0x00, 0x3F, 0xF4, 0x1F, 0xFE,
    0x00, 0x00, 0x7F, 0xF0, 0x0F, 0xFF, 0x40, 0x00, 0xFF, 0xD0, 0x07, 0xFF, 0xD0, 0x07, 0xFF, 0x80,
    0x01, 0xFF, 0xFF, 0xFF, 0xFE, 0x00, 0x00, 0x7F, 0xFF, 0xFF, 0xF8, 0x00, 0x00, 0x07, 0xFF, 0xFF,
    0x80, 0x00, 0x00, 0x00, 0x15, 0x50, 0x00, 0x00, 0x00, 0x00, 0x00, 0x00, 0x00, 0x00, 0x00, 0x0B,
    0xF0, 0x0F, 0xE0, 0x00, 0x00, 0x1F, 0xFC, 0x3F, 0xF4, 0x00, 0x00, 0x2F, 0xFC, 0x3F, 0xF8, 0x00,
    0x00, 0x2F, 0xFC, 0x3F, 0xF8, 0x00, 0x00, 0x0F, 0xF0, 0x1F, 0xF0, 0x00, 0x00, 0x00, 0x00, 0x00,
    0x00, 0x00, 0x00, 0x00, 0x00, 0x00, 0x00, 0x00, 0x00, 0x00, 0x6B, 0xF9, 0x00, 0x00, 0x00, 0x0B,
    0xFF, 0xFF, 0xF4, 0x00, 0x00, 0x7F, 0xFF, 0xFF, 0xFE, 0x00, 0x01, 0xFF, 0xF9, 0x6F, 0xFF, 0x80,
    0x03, 0xFF, 0x80, 0x03, 0xFF, 0xD0, 0x0F, 0xFE, 0x00, 0x00, 0xFF, 0xF0, 0x1F, 0xFC, 0x00, 0x00,
    0x7F, 0xF8, 0x3F, 0xFC, 0x00, 0x00, 0x3F, 0xFC, 0x3F, 0xF8, 0x00, 0x00, 0x3F, 0xFC, 0x7F, 0xF4,
    0x00, 0x00, 0x2F, 0xFD, 0x7F, 0xF4, 0x00, 0x00, 0x2F, 0xFD, 0xBF, 0xF4, 0x00, 0x00, 0x1F, 0xFD,
    0xBF, 0xF4, 0x00, 0x00, 0x1F, 0xFD, 0xBF, 0xF4, 0x00, 0x00, 0x1F, 0xFD, 0x7F, 0xF4, 0x00, 0x00,
    0x2F, 0xFC, 0x7F, 0xF8, 0x00, 0x00, 0x2F, 0xFC, 0x3F, 0xFC, 0x00, 0x00, 0x3F, 0xFC, 0x3F, 0xFC,
    0x00, 0x00, 0x3F, 0xF4, 0x1F, 0xFE, 0x00, 0x00, 0x7F, 0xF0, 0x0F, 0xFF, 0x40, 0x00, 0xFF, 0xD0,
    0x07, 0xFF, 0xD0, 0x07, 0xFF, 0x80, 0x01, 0xFF, 0xFF, 0xFF, 0xFE, 0x00, 0x00, 0x7F, 0xFF, 0xFF,
    0xF8, 0x00, 0x00, 0x07, 0xFF, 0xFF, 0x80, 0x00, 0x00, 0x00, 0x15, 0x50, 0x00, 0x00, 0x00, 0x00,
    0x04, 0x01, 0xE0, 0x01, 0xF0, 0x7F, 0x80, 0x7F, 0x83, 0xFE, 0x1F, 0xF4, 0x0F, 0xFF, 0xFD, 0x00,
    0x3F, 0xFF, 0x40, 0x00, 0xFF, 0xD0, 0x00, 0x1F, 0xFE, 0x00, 0x07, 0xFF, 0xF8, 0x01, 0xFF, 0xBF,
    0xE0, 0x7F, 0xD0, 0xFF, 0x83, 0xF4, 0x03, 0xF8, 0x0D, 0x00, 0x0E, 0x00, 0x00, 0x00, 0x00, 0x00,
    0x00, 0x1A, 0xFE, 0x40, 0x3F, 0x80, 0x00, 0xBF, 0xFF, 0xFF, 0x7F, 0xC0, 0x01, 0xFF, 0xFF, 0xFF,
    0xFF, 0xC0, 0x01, 0xFF, 0xF9, 0x6F, 0xFF, 0xC0, 0x00, 0xFF, 0xE0, 0x00, 0xFF, 0xF4, 0x00, 0xFF,
    0xE0, 0x00, 0x1F, 0xFF, 0x00, 0x7F, 0xF0, 0x00, 0x0F, 0xFF, 0xE0, 0x3F, 0xFC, 0x00, 0x0F, 0xFF,
    0xFC, 0x0F, 0xFE, 0x00, 0x0B, 0xFF, 0xFF, 0x07, 0xFF, 0x40, 0x0B, 0xF2, 0xFF, 0xD1, 0xFF, 0xD0,
    0x07, 0xF4, 0xBF, 0xF4, 0xBF, 0xF4, 0x03, 0xF4, 0x1F, 0xFD, 0x2F, 0xFD, 0x03, 0xF8, 0x07, 0xFF,
    0x4B, 0xFF, 0x43, 0xFC, 0x01, 0xFF, 0xD1, 0xFF, 0xD2, 0xFC, 0x00, 0xBF, 0xF0, 0x7F, 0xFA, 0xFC,
    0x00, 0x2F, 0xFC, 0x0F, 0xFF, 0xFD, 0x00, 0x0F, 0xFF, 0x03, 0xFF, 0xFD, 0x00, 0x03, 0xFF, 0x40,
    0x7F, 0xFE, 0x00, 0x01, 0xFF, 0xC0, 0x0F, 0xFF, 0x40, 0x00, 0xFF, 0xD0, 0x01, 0xFF, 0xF8, 0x01,
    0xFF, 0xE0, 0x00, 0xBF, 0xFF, 0xFF, 0xFF, 0xE0, 0x00, 0x7F, 0xFF, 0xFF, 0xFF, 0xE0, 0x00, 0x3F,
    0x47, 0xFF, 0xFF, 0x80, 0x00, 0x15, 0x40, 0x05, 0x54, 0x00, 0x00, 0x00, 0x00, 0x00, 0x14, 0x00,
    0x00, 0x00, 0x00, 0x00, 0xBF, 0x00, 0x00, 0x00, 0x00, 0x00, 0xFF, 0xC0, 0x00, 0x00, 0x00, 0x00,
    0xFF, 0xF0, 0x00, 0x00, 0x00, 0x00, 0x3F, 0xFC, 0x00, 0x00, 0x00, 0x00, 0x02, 0xFF, 0x00, 0x00,
    0x00, 0x00, 0x00, 0x1F, 0x00, 0x00, 0x00, 0x00, 0x00, 0x00, 0x00, 0x00, 0x55, 0x55, 0x54, 0x00,
    0x55, 0x55, 0xFF, 0xFF, 0xF8, 0x01, 0xFF, 0xFF, 0xFF, 0xFF, 0xF8, 0x01, 0xFF, 0xFF, 0x0B, 0xFF,
    0x80, 0x00, 0x1F, 0xF4, 0x07, 0xFF, 0x40, 0x00, 0x0F, 0xE0, 0x07, 0xFF, 0x40, 0x00, 0x0F, 0xE0,
    0x07, 0xFF, 0x40, 0x00, 0x0F, 0xE0, 0x07, 0xFF, 0x40, 0x00, 0x0F, 0xE0, 0x07, 0xFF, 0x40, 0x00,
    0x0F, 0xE0, 0x07, 0xFF, 0x40, 0x00, 0x0F, 0xE0, 0x07, 0xFF, 0x40, 0x00, 0x0F, 0xE0, 0x07, 0xFF,
    0x40, 0x00, 0x0F, 0xE0, 0x07, 0xFF, 0x40, 0x00, 0x0F, 0xE0, 0x07, 0xFF, 0x40, 0x00, 0x0F, 0xE0,
    0x07, 0xFF, 0x40, 0x00, 0x0F, 0xE0, 0x07, 0xFF, 0x40, 0x00, 0x0F, 0xE0, 0x03, 0xFF, 0x40, 0x00,
    0x0F, 0xD0, 0x03, 0xFF, 0x40, 0x00, 0x0F, 0xD0, 0x03, 0xFF, 0xC0, 0x00, 0x1F, 0xC0, 0x02, 0xFF,
    0xD0, 0x00, 0x3F, 0xC0, 0x00, 0xFF, 0xF8, 0x01, 0xFF, 0x40, 0x00, 0xBF, 0xFF, 0xFF, 0xFE, 0x00,
    0x00, 0x2F, 0xFF, 0xFF, 0xF8, 0x00, 0x00, 0x06, 0xFF, 0xFF, 0xD0, 0x00, 0x00, 0x00, 0x15, 0x54,
    0x00, 0x00, 0x00, 0x00, 0x00, 0x01, 0x40, 0x00, 0x00, 0x00, 0x00, 0x0F, 0xD0, 0x00, 0x00, 0x00,
    0x00, 0x3F, 0xF0, 0x00, 0x00, 0x00, 0x00, 0xFF, 0xE0, 0x00, 0x00, 0x00, 0x03, 0xFF, 0x80, 0x00,
    0x00, 0x00, 0x0F, 0xF8, 0x00, 0x00, 0x00, 0x00, 0x0F, 0x40, 0x00, 0x00, 0x00, 0x00, 0x00, 0x00,
    0x00, 0x00, 0x55, 0x55, 0x54, 0x00, 0x55, 0x55, 0xFF, 0xFF, 0xF8, 0x01, 0xFF, 0xFF, 0xFF, 0xFF,
    0xF8, 0x01, 0xFF, 0xFF, 0x0B, 0xFF, 0x80, 0x00, 0x1F, 0xF4, 0x07, 0xFF, 0x40, 0x00, 0x0F, 0xE0,
    0x07, 0xFF, 0x40, 0x00, 0x0F, 0xE0, 0x07, 0xFF, 0x40, 0x00, 0x0F, 0xE0, 0x07, 0xFF, 0x40, 0x00,
    0x0F, 0xE0, 0x07, 0xFF, 0x40, 0x00, 0x0F, 0xE0, 0x07, 0xFF, 0x40, 0x00, 0x0F, 0xE0, 0x07, 0xFF,
    0x40, 0x00, 0x0F, 0xE0, 0x07, 0xFF, 0x40, 0x00, 0x0F, 0xE0, 0x07, 0xFF, 0x40, 0x00, 0x0F, 0xE0,
    0x07, 0xFF, 0x40, 0x00, 0x0F, 0xE0, 0x07, 0xFF, 0x40, 0x00, 0x0F, 0xE0, 0x07, 0xFF, 0x40, 0x00,
    0x0F, 0xE0, 0x03, 0xFF, 0x40, 0x00, 0x0F, 0xD0, 0x03, 0xFF, 0x40, 0x00, 0x0F, 0xD0, 0x03, 0xFF,
    0xC0, 0x00, 0x1F, 0xC0, 0x02, 0xFF, 0xD0, 0x00, 0x3F, 0xC0, 0x00, 0xFF, 0xF8, 0x01, 0xFF, 0x40,
    0x00, 0xBF, 0xFF, 0xFF, 0xFE, 0x00, 0x00, 0x2F, 0xFF, 0xFF, 0xF8, 0x00, 0x00, 0x06, 0xFF, 0xFF,
    0xD0, 0x00, 0x00, 0x00, 0x15, 0x54, 0x00, 0x00, 0x00, 0x00, 0x01, 0xF4, 0x00, 0x00, 0x00, 0x00,
    0x03, 0xFD, 0x00, 0x00, 0x00, 0x00, 0x0F, 0xFF, 0x00, 0x00, 0x00, 0x00, 0x3F, 0xFF, 0xC0, 0x00,
    0x00, 0x00, 0xFF, 0xAF, 0xE0, 0x00, 0x00, 0x02, 0xFD, 0x07, 0xF8, 0x00, 0x00, 0x02, 0xE0, 0x00,
    0xB4, 0x00, 0x00, 0x00, 0x00, 0x00, 0x00, 0x00, 0x55, 0x55, 0x54, 0x00, 0x55, 0x55, 0xFF, 0xFF,
    0xF8, 0x01, 0xFF, 0xFF, 0xFF, 0xFF, 0xF8, 0x01, 0xFF, 0xFF, 0x0B, 0xFF, 0x80, 0x00, 0x1F, 0xF4,
    0x07, 0xFF, 0x40, 0x00, 0x0F, 0xE0, 0x07, 0xFF, 0x40, 0x00, 0x0F, 0xE0, 0x07, 0xFF, 0x40, 0x00,
    0x0F, 0xE0, 0x07, 0xFF, 0x40, 0x00, 0x0F, 0xE0, 0x07, 0xFF, 0x40, 0x00, 0x0F, 0xE0, 0x07, 0xFF,
    0x40, 0x00, 0x0F, 0xE0, 0x07, 0xFF, 0x40, 0x00, 0x0F, 0xE0, 0x07, 0xFF, 0x40, 0x00, 0x0F, 0xE0,
    0x07, 0xFF, 0x40, 0x00, 0x0F, 0xE0, 0x07, 0xFF, 0x40, 0x00, 0x0F, 0xE0, 0x07, 0xFF, 0x40, 0x00,
    0x0F, 0xE0, 0x07, 0xFF, 0x40, 0x00, 0x0F, 0xE0, 0x03, 0xFF, 0x40, 0x00, 0x0F, 0xD0, 0x03, 0xFF,
    0x40, 0x00, 0x0F, 0xD0, 0x03, 0xFF, 0xC0, 0x00, 0x1F, 0xC0, 0x02, 0xFF, 0xD0, 0x00, 0x3F, 0xC0,
    0x00, 0xFF, 0xF8, 0x01, 0xFF, 0x40, 0x00, 0xBF, 0xFF, 0xFF, 0xFE, 0x00, 0x00, 0x2F, 0xFF, 0xFF,
    0xF8, 0x00, 0x00, 0x06, 0xFF, 0xFF, 0xD0, 0x00, 0x00, 0x00, 0x15, 0x54, 0x00, 0x00, 0x00, 0x00,
    0x00, 0x00, 0x00, 0x00, 0x00, 0x02, 0xFC, 0x03, 0xF8, 0x00, 0x00, 0x0B, 0xFE, 0x0F, 0xFD, 0x00,
    0x00, 0x0F, 0xFF, 0x0F, 0xFE, 0x00, 0x00, 0x0B, 0xFF, 0x0F, 0xFD, 0x00, 0x00, 0x03, 0xFC, 0x07,
    0xF8, 0x00, 0x00, 0x00, 0x00, 0x00, 0x00, 0x00, 0x00, 0x00, 0x00, 0x00, 0x00, 0x00, 0x55, 0x55,
    0x54, 0x00, 0x55, 0x55, 0xFF, 0xFF, 0xF8, 0x01, 0xFF, 0xFF, 0xFF, 0xFF, 0xF8, 0x01, 0xFF, 0xFF,
    0x0B, 0xFF, 0x80, 0x00, 0x1F, 0xF4, 0x07, 0xFF, 0x40, 0x00, 0x0F, 0xE0, 0x07, 0xFF, 0x40, 0x00,
    0x0F, 0xE0, 0x07, 0xFF, 0x40, 0x00, 0x0F, 0xE0, 0x07, 0xFF, 0x40, 0x00, 0x0F, 0xE0, 0x07, 0xFF,
    0x40, 0x00, 0x0F, 0xE0, 0x07, 0xFF, 0x40, 0x00, 0x0F, 0xE0, 0x07, 0xFF, 0x40, 0x00, 0x0F, 0xE0,
    0x07, 0xFF, 0x40, 0x00, 0x0F, 0xE0, 0x07, 0xFF, 0x40, 0x00, 0x0F, 0xE0, 0x07, 0xFF, 0x40, 0x00,
    0x0F, 0xE0, 0x07, 0xFF, 0x40, 0x00, 0x0F, 0xE0, 0x07, 0xFF, 0x40, 0x00, 0x0F, 0xE0, 0x03, 0xFF,
    0x40, 0x00, 0x0F, 0xD0, 0x03, 0xFF, 0x40, 0x00, 0x0F, 0xD0, 0x03, 0xFF, 0xC0, 0x00, 0x1F, 0xC0,
    0x02, 0xFF, 0xD0, 0x00, 0x3F, 0xC0, 0x00, 0xFF, 0xF8, 0x01, 0xFF, 0x40, 0x00, 0xBF, 0xFF, 0xFF,
    0xFE, 0x00, 0x00, 0x2F, 0xFF, 0xFF, 0xF8, 0x00, 0x00, 0x06, 0xFF, 0xFF, 0xD0, 0x00, 0x00, 0x00,
    0x15, 0x54, 0x00, 0x00, 0x00, 0x00, 0x00, 0x01, 0x40, 0x00, 0x00, 0x00, 0x00, 0x02, 0xFC, 0x00,
    0x00, 0x00, 0x00, 0x02, 0xFF, 0x00, 0x00, 0x00, 0x00, 0x02, 0xFF, 0xC0, 0x00, 0x00, 0x00, 0x03,
    0xFF, 0xC0, 0x00, 0x00, 0x00, 0x03, 0xFE, 0x40, 0x00, 0x00, 0x00, 0x00, 0xF4, 0x00, 0x00, 0x00,
    0x00, 0x00, 0x00, 0x00, 0x00, 0x00, 0x15, 0x55, 0x54, 0x01, 0x55, 0x55, 0x2F, 0xFF, 0xFF, 0x40,
    0xBF, 0xFF, 0xEB, 0xFF, 0xFF, 0xD0, 0x2F, 0xFF, 0xF8, 0x6F, 0xFF, 0x40, 0x00, 0xBF, 0xD0, 0x02,
    0xFF, 0xC0, 0x00, 0x1F, 0xD0, 0x00, 0x3F, 0xF8, 0x00, 0x0B, 0xE0, 0x00, 0x07, 0xFF, 0x40, 0x07,
    0xF0, 0x00, 0x00, 0xFF, 0xF0, 0x03, 0xF8, 0x00, 0x00, 0x1F, 0xFE, 0x02, 0xFC, 0x00, 0x00, 0x02,
    0xFF, 0xC0, 0xFD, 0x00, 0x00, 0x00, 0x3F, 0xF8, 0xBF, 0x00, 0x00, 0x00, 0x07, 0xFF, 0xBF, 0x00,
    0x00, 0x00, 0x00, 0xFF, 0xFF, 0x80, 0x00, 0x00, 0x00, 0x1F, 0xFF, 0xC0, 0x00, 0x00, 0x00, 0x02,
    0xFF, 0xD0, 0x00, 0x00, 0x00, 0x00, 0x7F, 0xF0, 0x00, 0x00, 0x00, 0x00, 0x1F, 0xFC, 0x00, 0x00,
    0x00, 0x00, 0x07, 0xFF, 0x00, 0x00, 0x00, 0x00, 0x01, 0xFF, 0xC0, 0x00, 0x00, 0x00, 0x00, 0x7F,
    0xF0, 0x00, 0x00, 0x00, 0x00, 0x1F, 0xFC, 0x00, 0x00, 0x00, 0x00, 0x6F, 0xFF, 0xE4, 0x00, 0x00,
    0x00, 0x7F, 0xFF, 0xFF, 0x00, 0x00, 0x00, 0x1F, 0xFF, 0xFF, 0xC0, 0x00, 0x15, 0x55, 0x55, 0x00,
    0x00, 0x1F, 0xFF, 0xFF, 0xD0, 0x00, 0x07, 0xFF, 0xFF, 0xF4, 0x00, 0x00, 0x2F, 0xFF, 0x50, 0x00,
    0x00, 0x03, 0xFF, 0x80, 0x00, 0x00, 0x00, 0xFF, 0xF5, 0x40, 0x00, 0x00, 0x3F, 0xFF, 0xFF, 0xF4,
    0x00, 0x0F, 0xFF, 0xFF, 0xFF, 0xD0, 0x03, 0xFF, 0xD5, 0xBF, 0xFC, 0x00, 0xFF, 0xE0, 0x07, 0xFF,
    0xC0, 0x3F, 0xF8, 0x00, 0xBF, 0xF0, 0x0F, 0xFE, 0x00, 0x2F, 0xFC, 0x03, 0xFF, 0x80, 0x0B, 0xFF,
    0x00, 0xFF, 0xE0, 0x02, 0xFF, 0xC0, 0x3F, 0xF8, 0x00, 0xFF, 0xE0, 0x0F, 0xFE, 0x01, 0xFF, 0xF0,
    0x03, 0xFF, 0xFF, 0xFF, 0xF4, 0x00, 0xFF, 0xFF, 0xFF, 0xE0, 0x00, 0x3F, 0xFF, 0xFA, 0x40, 0x00,
    0x0F, 0xFE, 0x00, 0x00, 0x00, 0x03, 0xFF, 0x80, 0x00, 0x00, 0x0B, 0xFF, 0xFA, 0x40, 0x00, 0x07,
    0xFF, 0xFF, 0xF4, 0x00, 0x01, 0xFF, 0xFF, 0xFD, 0x00, 0x00, 0x00, 0x00, 0x00, 0x00, 0x00, 0x00,
    0x00, 0x01, 0xBF, 0xFE, 0x40, 0x00, 0x00, 0x0F, 0xFF, 0xFF, 0xF4, 0x00, 0x00, 0x7F, 0xF5, 0x6F,
    0xFD, 0x00, 0x00, 0xFF, 0xC0, 0x07, 0xFF, 0x00, 0x02, 0xFF, 0x40, 0x03, 0xFF, 0x00, 0x03, 0xFF,
    0x00, 0x03, 0xFF, 0x00, 0x07, 0xFF, 0x00, 0x03, 0xFD, 0x00, 0x07, 0xFF, 0x00, 0x07, 0xF8, 0x00,
    0x07, 0xFF, 0x00, 0x0F, 0xF0, 0x00, 0xBF, 0xFF, 0x00, 0x1F, 0xC0, 0x00, 0xFF, 0xFF, 0x00, 0x3F,
    0x00, 0x00, 0xFF, 0xFF, 0x00, 0xFE, 0x00, 0x00, 0x07, 0xFF, 0x01, 0xFF, 0x00, 0x00, 0x07, 0xFF,
    0x01, 0xFF, 0x40, 0x00, 0x07, 0xFF, 0x01, 0xFF, 0xF4, 0x00, 0x07, 0xFF, 0x01, 0xFF, 0xFF, 0x80,
    0x07, 0xFF, 0x00, 0xFF, 0xFF, 0xF0, 0x07, 0xFF, 0x00, 0x2F, 0xFF, 0xFC, 0x07, 0xFF, 0x00, 0x06,
    0xFF, 0xFD, 0x07, 0xFF, 0x00, 0x00, 0x1F, 0xFE, 0x07, 0xFF, 0x0A, 0x00, 0x03, 0xFF, 0x07, 0xFF,
    0x1F, 0xC0, 0x02, 0xFE, 0x0B, 0xFF, 0x1F, 0xE0, 0x03, 0xFD, 0x6F, 0xFF, 0x0F, 0xFD, 0x1B, 0xFC,
    0xFF, 0xFF, 0x0F, 0xFF, 0xFF, 0xF0, 0xFF, 0xFF, 0x0F, 0xAF, 0xFF, 0x80, 0x00, 0x00, 0x05, 0x01,
    0x54, 0x00, 0x00, 0x64, 0x00, 0x00, 0x00, 0x03, 0xF4, 0x00, 0x00, 0x00, 0x1F, 0xF0, 0x00, 0x00,
    0x00, 0x3F, 0xE0, 0x00, 0x00, 0x00, 0x7F, 0xD0, 0x00, 0x00, 0x00, 0x2F, 0xC0, 0x00, 0x00, 0x00,
    0x1F, 0x80, 0x00, 0x00, 0x00, 0x08, 0x00, 0x00, 0x00, 0x00, 0x00, 0x00, 0x00, 0x00, 0x5A, 0x50,
    0x00, 0x00, 0x2F, 0xFF, 0xF8, 0x00, 0x07, 0xFE, 0xBF, 0xFC, 0x00, 0x3F, 0x80, 0x3F, 0xF8, 0x01,
    0xFF, 0x00, 0x7F, 0xF0, 0x07, 0xFC, 0x00, 0xFF, 0xC0, 0x0F, 0xE0, 0x03, 0xFF, 0x00, 0x00, 0x00,
    0x0F, 0xFC, 0x00, 0x00, 0x05, 0xBF, 0xF0, 0x00, 0x2F, 0xFF, 0xFF, 0xC0, 0x07, 0xFF, 0xFB, 0xFF,
    0x00, 0x3F, 0xF4, 0x0F, 0xFC, 0x02, 0xFF, 0x80, 0x3F, 0xF0, 0x0B, 0xFD, 0x00, 0xFF, 0xC0, 0x2F,
    0xF8, 0x0B, 0xFF, 0x40, 0xBF, 0xF9, 0xBF, 0xFF, 0xA0, 0xFF, 0xFF, 0xDF, 0xFF, 0xC0, 0xFF, 0xF8,
    0x2F, 0xFD, 0x00, 0x15, 0x00, 0x05, 0x40, 0x00, 0x00, 0x19, 0x00, 0x00, 0x00, 0x00, 0xFD, 0x00,
    0x00, 0x00, 0x0F, 0xF8, 0x00, 0x00, 0x00, 0xBF, 0xD0, 0x00, 0x00, 0x03, 0xFD, 0x00, 0x00, 0x00,
    0x3F, 0xC0, 0x00, 0x00, 0x01, 0xF4, 0x00, 0x00, 0x00, 0x02, 0x00, 0x00, 0x00, 0x00, 0x00, 0x00,
    0x00, 0x00, 0x00, 0x5A, 0x50, 0x00, 0x00, 0x2F, 0xFF, 0xF8, 0x00, 0x07, 0xFE, 0xBF, 0xFC, 0x00,
    0x3F, 0x80, 0x3F, 0xF8, 0x01, 0xFF, 0x00, 0x7F, 0xF0, 0x07, 0xFC, 0x00, 0xFF, 0xC0, 0x0F, 0xE0,
    0x03, 0xFF, 0x00, 0x00, 0x00, 0x0F, 0xFC, 0x00, 0x00, 0x05, 0xBF, 0xF0, 0x00, 0x2F, 0xFF, 0xFF,
    0xC0, 0x07, 0xFF, 0xFB, 0xFF, 0x00, 0x3F, 0xF4, 0x0F, 0xFC, 0x02, 0xFF, 0x80, 0x3F, 0xF0, 0x0B,
    0xFD, 0x00, 0xFF, 0xC0, 0x2F, 0xF8, 0x0B, 0xFF, 0x40, 0xBF, 0xF9, 0xBF, 0xFF, 0xA0, 0xFF, 0xFF,
    0xDF, 0xFF, 0xC0, 0xFF, 0xF8, 0x2F, 0xFD, 0x00, 0x15, 0x00, 0x05, 0x40, 0x00, 0x02, 0x90, 0x00,
    0x00, 0x00, 0x3F, 0xD0, 0x00, 0x00, 0x03, 0xFF, 0xC0, 0x00, 0x00, 0x2F, 0xFF, 0xC0, 0x00, 0x01,
    0xFF, 0xBF, 0x80, 0x00, 0x0F, 0xE0, 0x7F, 0x40, 0x00, 0xBD, 0x00, 0x3F, 0x00, 0x00, 0x80, 0x00,
    0x20, 0x00, 0x00, 0x00, 0x00, 0x00, 0x00, 0x00, 0x5A, 0x50, 0x00, 0x00, 0x2F, 0xFF, 0xF8, 0x00,
    0x07, 0xFE, 0xBF, 0xFC, 0x00, 0x3F, 0x80, 0x3F, 0xF8, 0x01, 0xFF, 0x00, 0x7F, 0xF0, 0x07, 0xFC,
    0x00, 0xFF, 0xC0, 0x0F, 0xE0, 0x03, 0xFF, 0x00, 0x00, 0x00, 0x0F, 0xFC, 0x00, 0x00, 0x05, 0xBF,
    0xF0, 0x00, 0x2F, 0xFF, 0xFF, 0xC0, 0x07, 0xFF, 0xFB, 0xFF, 0x00, 0x3F, 0xF4, 0x0F, 0xFC, 0x02,
    0xFF, 0x80, 0x3F, 0xF0, 0x0B, 0xFD, 0x00, 0xFF, 0xC0, 0x2F, 0xF8, 0x0B, 0xFF, 0x40, 0xBF, 0xF9,
    0xBF, 0xFF, 0xA0, 0xFF, 0xFF, 0xDF, 0xFF, 0xC0, 0xFF, 0xF8, 0x2F, 0xFD, 0x00, 0x15, 0x00, 0x05,
    0x40, 0x00, 0x14, 0x00, 0x00, 0x00, 0x0B, 0xFE, 0x42, 0x80, 0x00, 0x3F, 0xFF, 0xFF, 0x00, 0x03,
    0xFF, 0xFF, 0xF8, 0x00, 0x0F, 0x5B, 0xFF, 0xC0, 0x00, 0x00, 0x01, 0xB8, 0x00, 0x00, 0x00, 0x00,
    0x00, 0x00, 0x00, 0x00, 0x00, 0x00, 0x00, 0x00, 0x16, 0x94, 0x00, 0x00, 0x0B, 0xFF, 0xFE, 0x00,
    0x01, 0xFF, 0xAF, 0xFF, 0x00, 0x0F, 0xE0, 0x0F, 0xFE, 0x00, 0x7F, 0xC0, 0x1F, 0xFC, 0x01, 0xFF,
    0x00, 0x3F, 0xF0, 0x03, 0xF8, 0x00, 0xFF, 0xC0, 0x00, 0x00, 0x03, 0xFF, 0x00, 0x00, 0x01, 0x6F,
    0xFC, 0x00, 0x0B, 0xFF, 0xFF, 0xF0, 0x01, 0xFF, 0xFE, 0xFF, 0xC0, 0x0F, 0xFD, 0x03, 0xFF, 0x00,
    0xBF, 0xE0, 0x0F, 0xFC, 0x02, 0xFF, 0x40, 0x3F, 0xF0, 0x0B, 0xFE, 0x02, 0xFF, 0xD0, 0x2F, 0xFE,
    0x6F, 0xFF, 0xE8, 0x3F, 0xFF, 0xF7, 0xFF, 0xF0, 0x3F, 0xFE, 0x0B, 0xFF, 0x40, 0x05, 0x40, 0x01,
    0x50, 0x00, 0x01, 0x90, 0x01, 0x40, 0x00, 0x3F, 0xE0, 0x7F, 0xD0, 0x01, 0xFF, 0xC2, 0xFF, 0xC0,
    0x07, 0xFF, 0x0F, 0xFF, 0x00, 0x0F, 0xFC, 0x1F, 0xF4, 0x00, 0x0A, 0x80, 0x1A, 0x40, 0x00, 0x00,
    0x00, 0x00, 0x00, 0x00, 0x00, 0x00, 0x00, 0x00, 0x00, 0x16, 0x94, 0x00, 0x00, 0x0B, 0xFF, 0xFE,
    0x00, 0x01, 0xFF, 0xAF, 0xFF, 0x00, 0x0F, 0xE0, 0x0F, 0xFE, 0x00, 0x7F, 0xC0, 0x1F, 0xFC, 0x01,
    0xFF, 0x00, 0x3F, 0xF0, 0x03, 0xF8, 0x00, 0xFF, 0xC0, 0x00, 0x00, 0x03, 0xFF, 0x00, 0x00, 0x01,
    0x6F, 0xFC, 0x00, 0x0B, 0xFF, 0xFF, 0xF0, 0x01, 0xFF, 0xFE, 0xFF, 0xC0, 0x0F, 0xFD, 0x03, 0xFF,
    0x00, 0xBF, 0xE0, 0x0F, 0xFC, 0x02, 0xFF, 0x40, 0x3F, 0xF0, 0x0B, 0xFE, 0x02, 0xFF, 0xD0, 0x2F,
    0xFE, 0x6F, 0xFF, 0xE8, 0x3F, 0xFF, 0xF7, 0xFF, 0xF0, 0x3F, 0xFE, 0x0B, 0xFF, 0x40, 0x05, 0x40,
    0x01, 0x50, 0x00, 0x00, 0x1B, 0xE4, 0x00, 0x00, 0x02, 0xFF, 0xFC, 0x00, 0x00, 0x1F, 0xC3, 0xF8,
    0x00, 0x00, 0xBE, 0x0B, 0xE0, 0x00, 0x02, 0xF8, 0x2F, 0x80, 0x00, 0x07, 0xF4, 0xFD, 0x00, 0x00,
    0x0B, 0xFF, 0xE0, 0x00, 0x00, 0x02, 0xA8, 0x00, 0x00, 0x00, 0x00, 0x00, 0x00, 0x00, 0x00, 0x5A,
    0x50, 0x00, 0x00, 0x2F, 0xFF, 0xF8, 0x00, 0x07, 0xFE, 0xBF, 0xFC, 0x00, 0x3F, 0x80, 0x3F, 0xF8,
    0x01, 0xFF, 0x00, 0x7F, 0xF0, 0x07, 0xFC, 0x00, 0xFF, 0xC0, 0x0F, 0xE0, 0x03, 0xFF, 0x00, 0x00,
    0x00, 0x0F, 0xFC, 0x00, 0x00, 0x05, 0xBF, 0xF0, 0x00, 0x2F, 0xFF, 0xFF, 0xC0, 0x07, 0xFF, 0xFB,
    0xFF, 0x00, 0x3F, 0xF4, 0x0F, 0xFC, 0x02, 0xFF, 0x80, 0x3F, 0xF0, 0x0B, 0xFD, 0x00, 0xFF, 0xC0,
    0x2F, 0xF8, 0x0B, 0xFF, 0x40, 0xBF, 0xF9, 0xBF, 0xFF, 0xA0, 0xFF, 0xFF, 0xDF, 0xFF, 0xC0, 0xFF,
    0xF8, 0x2F, 0xFD, 0x00, 0x15, 0x00, 0x05, 0x40, 0x00, 0x16, 0x90, 0x00, 0x1A, 0x40, 0x00, 0x0B,
    0xFF, 0xFD, 0x1F, 0xFF, 0xF4, 0x01, 0xFF, 0xAF, 0xFF, 0xFF, 0xFF, 0xF4, 0x0F, 0xE0, 0x0F, 0xFF,
    0xF0, 0x3F, 0xF0, 0x7F, 0xC0, 0x1F, 0xFF, 0x00, 0x7F, 0xE1, 0xFF, 0x00, 0x3F, 0xF8, 0x00, 0xFF,
    0xC3, 0xF8, 0x00, 0xFF, 0xD0, 0x03, 0xFF, 0x00, 0x00, 0x03, 0xFF, 0x95, 0x5F, 0xFC, 0x00, 0x05,
    0x6F, 0xFF, 0xFF, 0xFF, 0xF0, 0x0B, 0xFF, 0xFF, 0xFF, 0xFF, 0xFF, 0xC1, 0xFF, 0xFE, 0xFF, 0xD0,
    0x00, 0x00, 0x0F, 0xFD, 0x03, 0xFF, 0x40, 0x00, 0x00, 0xBF, 0xE0, 0x0F, 0xFF, 0x00, 0x00, 0x02,
    0xFF, 0x40, 0x3F, 0xFE, 0x00, 0x07, 0x4B, 0xFE, 0x02, 0xFF, 0xFF, 0x56, 0xFF, 0x2F, 0xFE, 0x6F,
    0xFF, 0xFF, 0xFF, 0xF8, 0x3F, 0xFF, 0xFC, 0x7F, 0xFF, 0xFF, 0x40, 0x3F, 0xFF, 0x80, 0x2F, 0xFF,
    0xE0, 0x00, 0x05, 0x50, 0x00, 0x05, 0x54, 0x00, 0x00, 0x00, 0x01, 0x65, 0x00, 0x00, 0x1F, 0xFF,
    0xF8, 0x00, 0x2F, 0xFF, 0xFF, 0xC0, 0x2F, 0xF9, 0x1B, 0xF8, 0x1F, 0xF8, 0x02, 0xFF, 0x0F, 0xFC,
    0x00, 0xFF, 0xC7, 0xFF, 0x00, 0x3F, 0xF2, 0xFF, 0x80, 0x02, 0xE0, 0xBF, 0xE0, 0x00, 0x00, 0x3F,
    0xF8, 0x00, 0x00, 0x0B, 0xFF, 0x00, 0x00, 0x02, 0xFF, 0xC0, 0x00, 0x00, 0x7F, 0xF4, 0x00, 0x00,
    0x0F, 0xFF, 0x40, 0x02, 0x02, 0xFF, 0xF9, 0x6B, 0xF0, 0x3F, 0xFF, 0xFF, 0xFC, 0x03, 0xFF, 0xFF,
    0xF8, 0x00, 0x2F, 0xFF, 0xF4, 0x00, 0x00, 0x3F, 0x40, 0x00, 0x00, 0x0F, 0x90, 0x00, 0x00, 0x07,
    0xFF, 0x40, 0x00, 0x00, 0x5F, 0xF0, 0x00, 0x00, 0x01, 0xFC, 0x00, 0x00, 0x65, 0xFF, 0x00, 0x00,
    0x3F, 0xFF, 0x80, 0x00, 0x02, 0xFF, 0x80, 0x00, 0x00, 0x00, 0x00, 0x00, 0x00, 0x19, 0x00, 0x00,
    0x00, 0x1F, 0xD0, 0x00, 0x00, 0x0B, 0xFC, 0x00, 0x00, 0x01, 0xFF, 0x80, 0x00, 0x00, 0x1F, 0xF4,
    0x00, 0x00, 0x00, 0xBF, 0x00, 0x00, 0x00, 0x07, 0xE0, 0x00, 0x00, 0x00, 0x20, 0x00, 0x00, 0x00,
    0x00, 0x00, 0x00, 0x00, 0x59, 0x40, 0x00, 0x07, 0xFF, 0xFE, 0x00, 0x0B, 0xFF, 0xFF, 0xF0, 0x0B,
    0xFD, 0x07, 0xFE, 0x07, 0xFE, 0x00, 0xBF, 0xC3, 0xFF, 0x00, 0x2F, 0xF5, 0xFF, 0xC0, 0x0B, 0xFE,
    0xBF, 0xF5, 0x57, 0xFF, 0xAF, 0xFF, 0xFF, 0xFF, 0xDF, 0xFF, 0xFF, 0xFF, 0xF6, 0xFF, 0xC0, 0x00,
    0x00, 0xBF, 0xF0, 0x00, 0x00, 0x1F, 0xFD, 0x00, 0x00, 0x03, 0xFF, 0xC0, 0x00, 0xB0, 0xBF, 0xFE,
    0x56, 0xFE, 0x0F, 0xFF, 0xFF, 0xFF, 0x00, 0xFF, 0xFF, 0xFF, 0x00, 0x0B, 0xFF, 0xFD, 0x00, 0x00,
    0x05, 0x50, 0x00, 0x00, 0x00, 0x06, 0x40, 0x00, 0x00, 0x03, 0xF4, 0x00, 0x00, 0x03, 0xFE, 0x00,
    0x00, 0x02, 0xFF, 0x40, 0x00, 0x01, 0xFF, 0x40, 0x00, 0x00, 0xFF, 0x00, 0x00, 0x00, 0xBD, 0x00,
    0x00, 0x00, 0x08, 0x00, 0x00, 0x00, 0x00, 0x00, 0x00, 0x00, 0x00, 0x59, 0x40, 0x00, 0x07, 0xFF,
    0xFE, 0x00, 0x0B, 0xFF, 0xFF, 0xF0, 0x0B, 0xFD, 0x07, 0xFE, 0x07, 0xFE, 0x00, 0xBF, 0xC3, 0xFF,
    0x00, 0x2F, 0xF5, 0xFF, 0xC0, 0x0B, 0xFE, 0xBF, 0xF5, 0x57, 0xFF, 0xAF, 0xFF, 0xFF, 0xFF, 0xDF,
    0xFF, 0xFF, 0xFF, 0xF6, 0xFF, 0xC0, 0x00, 0x00, 0xBF, 0xF0, 0x00, 0x00, 0x1F, 0xFD, 0x00, 0x00,
    0x03, 0xFF, 0xC0, 0x00, 0xB0, 0xBF, 0xFE, 0x56, 0xFE, 0x0F, 0xFF, 0xFF, 0xFF, 0x00, 0xFF, 0xFF,
    0xFF, 0x00, 0x0B, 0xFF, 0xFD, 0x00, 0x00, 0x05, 0x50, 0x00, 0x00, 0x01, 0xA4, 0x00, 0x00, 0x00,
    0xFF, 0x40, 0x00, 0x00, 0xFF, 0xF0, 0x00, 0x00, 0xBF, 0xFE, 0x00, 0x00, 0x7F, 0xAF, 0xD0, 0x00,
    0x3F, 0x41, 0xFC, 0x00, 0x3F, 0x40, 0x0F, 0xC0, 0x02, 0x00, 0x00, 0x80, 0x00, 0x00, 0x00, 0x00,
    0x00, 0x00, 0x59, 0x40, 0x00, 0x07, 0xFF, 0xFE, 0x00, 0x0B, 0xFF, 0xFF, 0xF0, 0x0B, 0xFD, 0x07,
    0xFE, 0x07, 0xFE, 0x00, 0xBF, 0xC3, 0xFF, 0x00, 0x2F, 0xF5, 0xFF, 0xC0, 0x0B, 0xFE, 0xBF, 0xF5,
    0x57, 0xFF, 0xAF, 0xFF, 0xFF, 0xFF, 0xDF, 0xFF, 0xFF, 0xFF, 0xF6, 0xFF, 0xC0, 0x00, 0x00, 0xBF,
    0xF0, 0x00, 0x00, 0x1F, 0xFD, 0x00, 0x00, 0x03, 0xFF, 0xC0, 0x00, 0xB0, 0xBF, 0xFE, 0x56, 0xFE,
    0x0F, 0xFF, 0xFF, 0xFF, 0x00, 0xFF, 0xFF, 0xFF, 0x00, 0x0B, 0xFF, 0xFD, 0x00, 0x00, 0x05, 0x50,
    0x00, 0x00, 0x64, 0x00, 0x50, 0x00, 0xFF, 0x81, 0xFF, 0x40, 0x7F, 0xF0, 0xFF, 0xE0, 0x1F, 0xFC,
    0x3F, 0xF8, 0x03, 0xFE, 0x07, 0xFD, 0x00, 0x2A, 0x00, 0x69, 0x00, 0x00, 0x00, 0x00, 0x00, 0x00,
    0x00, 0x00, 0x00, 0x00, 0x01, 0x65, 0x00, 0x00, 0x1F, 0xFF, 0xF8, 0x00, 0x2F, 0xFF, 0xFF, 0xC0,
    0x2F, 0xF4, 0x1F, 0xF8, 0x1F, 0xF8, 0x02, 0xFF, 0x0F, 0xFC, 0x00, 0xBF, 0xD7, 0xFF, 0x00, 0x2F,
    0xFA, 0xFF, 0xD5, 0x5F, 0xFE, 0xBF, 0xFF, 0xFF, 0xFF, 0x7F, 0xFF, 0xFF, 0xFF, 0xDB, 0xFF, 0x00,
    0x00, 0x02, 0xFF, 0xC0, 0x00, 0x00, 0x7F, 0xF4, 0x00, 0x00, 0x0F, 0xFF, 0x00, 0x02, 0xC2, 0xFF,
    0xF9, 0x5B, 0xF8, 0x3F, 0xFF, 0xFF, 0xFC, 0x03, 0xFF, 0xFF, 0xFC, 0x00, 0x2F, 0xFF, 0xF4, 0x00,
    0x00, 0x15, 0x40, 0x00, 0x19, 0x00, 0x00, 0x3F, 0x40, 0x00, 0xBF, 0xC0, 0x00, 0x3F, 0xE0, 0x00,
    0x1F, 0xF4, 0x00, 0x02, 0xFC, 0x00, 0x00, 0x7E, 0x00, 0x00, 0x08, 0x00, 0x00, 0x00, 0x00, 0x00,
    0x00, 0x00, 0x2F, 0xFF, 0xC0, 0x3F, 0xFF, 0xC0, 0x2F, 0xFF, 0xC0, 0x02, 0xFF, 0xC0, 0x01, 0xFF,
    0xC0, 0x01, 0xFF, 0xC0, 0x01, 0xFF, 0xC0, 0x01, 0xFF, 0xC0, 0x01, 0xFF, 0xC0, 0x01, 0xFF, 0xC0,
    0x01, 0xFF, 0xC0, 0x01, 0xFF, 0xC0, 0x01, 0xFF, 0xC0, 0x01, 0xFF, 0xC0, 0x1B, 0xFF, 0xE4, 0x3F,
    0xFF, 0xFD, 0x3F, 0xFF, 0xFD, 0x00, 0x19, 0x00, 0x00, 0xFD, 0x00, 0x0F, 0xF8, 0x00, 0xBF, 0xD0,
    0x07, 0xFD, 0x00, 0x3F, 0xC0, 0x02, 0xF4, 0x00, 0x02, 0x00, 0x00, 0x00, 0x00, 0x00, 0x00, 0x00,
    0x0B, 0xFF, 0xF0, 0x3F, 0xFF, 0xC0, 0xBF, 0xFF, 0x00, 0x2F, 0xFC, 0x00, 0x7F, 0xF0, 0x01, 0xFF,
    0xC0, 0x07, 0xFF, 0x00, 0x1F, 0xFC, 0x00, 0x7F, 0xF0, 0x01, 0xFF, 0xC0, 0x07, 0xFF, 0x00, 0x1F,
    0xFC, 0x00, 0x7F, 0xF0, 0x01, 0xFF, 0xC0, 0x6F, 0xFF, 0x93, 0xFF, 0xFF, 0xDF, 0xFF, 0xFF, 0x40,
    0x00, 0x29, 0x00, 0x00, 0x3F, 0xD0, 0x00, 0x3F, 0xFC, 0x00, 0x2F, 0xFF, 0xC0, 0x1F, 0xFB, 0xF8,
    0x0F, 0xE0, 0x7F, 0x4B, 0xD0, 0x03, 0xF0, 0x80, 0x00, 0x20, 0x00, 0x00, 0x00, 0x00, 0x00, 0x00,
    0x00, 0xBF, 0xFF, 0x00, 0x3F, 0xFF, 0xC0, 0x0B, 0xFF, 0xF0, 0x00, 0x2F, 0xFC, 0x00, 0x07, 0xFF,
    0x00, 0x01, 0xFF, 0xC0, 0x00, 0x7F, 0xF0, 0x00, 0x1F, 0xFC, 0x00, 0x07, 0xFF, 0x00, 0x01, 0xFF,
    0xC0, 0x00, 0x7F, 0xF0, 0x00, 0x1F, 0xFC, 0x00, 0x07, 0xFF, 0x00, 0x01, 0xFF, 0xC0, 0x06, 0xFF,
    0xF9, 0x03, 0xFF, 0xFF, 0xD0, 0xFF, 0xFF, 0xF4, 0x06, 0x40, 0x05, 0x03, 0xFE, 0x07, 0xFD, 0x7F,
    0xF0, 0xFF, 0xF7, 0xFF, 0x0F, 0xFF, 0x3F, 0xF0, 0x7F, 0xD0, 0xA8, 0x01, 0xA4, 0x00, 0x00, 0x00,
    0x00, 0x00, 0x00, 0x00, 0x00, 0x00, 0x00, 0x00, 0x2F, 0xFF, 0xC0, 0x03, 0xFF, 0xFC, 0x00, 0x2F,
    0xFF, 0xC0, 0x00, 0x2F, 0xFC, 0x00, 0x01, 0xFF, 0xC0, 0x00, 0x1F, 0xFC, 0x00, 0x01, 0xFF, 0xC0,
    0x00, 0x1F, 0xFC, 0x00, 0x01, 0xFF, 0xC0, 0x00, 0x1F, 0xFC, 0x00, 0x01, 0xFF, 0xC0, 0x00, 0x1F,
    0xFC, 0x00, 0x01, 0xFF, 0xC0, 0x00, 0x1F, 0xFC, 0x00, 0x1B, 0xFF, 0xE4, 0x03, 0xFF, 0xFF, 0xD0,
    0x3F, 0xFF, 0xFD, 0x00, 0x00, 0x00, 0x00, 0x00, 0x00, 0x00, 0x02, 0xD0, 0x03, 0xFE, 0x40, 0xFF,
    0x00, 0x3F, 0xFF, 0xBF, 0xD0, 0x01, 0xBF, 0xFF, 0xF0, 0x00, 0x00, 0x7F, 0xFE, 0x00, 0x00, 0x0B,
    0xFF, 0xF8, 0x00, 0x03, 0xFE, 0xFF, 0xD0, 0x00, 0x1F, 0x43, 0xFF, 0x00, 0x00, 0x80, 0x2F, 0xF8,
    0x00, 0x00, 0x00, 0xFF, 0xC0, 0x00, 0x69, 0x0F, 0xFD, 0x00, 0xBF, 0xFD, 0xBF, 0xD0, 0x7F, 0xFF,
    0xFB, 0xFE, 0x0F, 0xFE, 0x5B, 0xFF, 0xF3, 0xFF, 0xC0, 0x1F, 0xFF, 0x3F, 0xF4, 0x00, 0xFF, 0xFB,
    0xFF, 0x00, 0x0B, 0xFF, 0xBF, 0xF0, 0x00, 0xBF, 0xFF, 0xFE, 0x00, 0x0B, 0xFE, 0xFF, 0xF0, 0x00,
    0xBF, 0xDB, 0xFF, 0x00, 0x0B, 0xFD, 0xBF, 0xF0, 0x00, 0xFF, 0xC3, 0xFF, 0x40, 0x0F, 0xF8, 0x3F,
    0xFC, 0x02, 0xFF, 0x00, 0xFF, 0xF5, 0xBF, 0xD0, 0x07, 0xFF, 0xFF, 0xF4, 0x00, 0x0B, 0xFF, 0xF8,
    0x00, 0x00, 0x05, 0x54, 0x00, 0x00, 0x00, 0x01, 0x50, 0x00, 0x00, 0x00, 0x00, 0xFF, 0xE0, 0x34,
    0x00, 0x00, 0x2F, 0xFF, 0xFF, 0x80, 0x00, 0x03, 0xFF, 0xFF, 0xF4, 0x00, 0x00, 0x7C, 0x6F, 0xFE,
    0x00, 0x00, 0x00, 0x00, 0x1A, 0x40, 0x00, 0x00, 0x00, 0x00, 0x00, 0x00, 0x00, 0x00, 0x00, 0x00,
    0x00, 0x00, 0x00, 0x04, 0x01, 0x65, 0x00, 0x0B, 0xFF, 0xC1, 0xFF, 0xFC, 0x00, 0xBF, 0xFD, 0x7F,
    0xFF, 0xF0, 0x0B, 0xFF, 0xEF, 0xFF, 0xFF, 0x80, 0x0B, 0xFF, 0xE0, 0x7F, 0xFC, 0x00, 0x7F, 0xF8,
    0x01, 0xFF, 0xC0, 0x07, 0xFF, 0x00, 0x1F, 0xFC, 0x00, 0x7F, 0xF0, 0x00, 0xFF, 0xC0, 0x07, 0xFF,
    0x00, 0x0F, 0xFC, 0x00, 0x7F, 0xF0, 0x00, 0xFF, 0xC0, 0x07, 0xFF, 0x00, 0x0F, 0xFC, 0x00, 0x7F,
    0xF0, 0x00, 0xFF, 0xC0, 0x07, 0xFF, 0x00, 0x0F, 0xFC, 0x00, 0x7F, 0xF0, 0x00, 0xFF, 0xC0, 0x07,
    0xFF, 0x00, 0x1F, 0xFC, 0x02, 0xFF, 0xF9, 0x07, 0xFF, 0xE4, 0xBF, 0xFF, 0xF0, 0xFF, 0xFF, 0xDB,
    0xFF, 0xFF, 0x0F, 0xFF, 0xFD, 0x00, 0x0A, 0x00, 0x00, 0x00, 0x00, 0xFE, 0x00, 0x00, 0x00, 0x03,
    0xFD, 0x00, 0x00, 0x00, 0x0F, 0xFC, 0x00, 0x00, 0x00, 0x0F, 0xF8, 0x00, 0x00, 0x00, 0x07, 0xF4,
    0x00, 0x00, 0x00, 0x03, 0xF0, 0x00, 0x00, 0x00, 0x01, 0x40, 0x00, 0x00, 0x00, 0x00, 0x00, 0x00,
    0x00, 0x05, 0xA4, 0x00, 0x00, 0x07, 0xFF, 0xFF, 0x80, 0x00, 0xBF, 0xFF, 0xFF, 0xC0, 0x0F, 0xFF,
    0x5B, 0xFF, 0xC0, 0xBF, 0xF0, 0x07, 0xFF, 0x83, 0xFF, 0x40, 0x0B, 0xFF, 0x1F, 0xFC, 0x00, 0x1F,
    0xFD, 0xBF, 0xF0, 0x00, 0x3F, 0xF6, 0xFF, 0xC0, 0x00, 0xFF, 0xEF, 0xFF, 0x00, 0x03, 0xFF, 0xAF,
    0xFC, 0x00, 0x0F, 0xFE, 0xBF, 0xF0, 0x00, 0x3F, 0xF5, 0xFF, 0xD0, 0x01, 0xFF, 0xC3, 0xFF, 0x80,
    0x0B, 0xFF, 0x0B, 0xFF, 0x40, 0x3F, 0xF4, 0x0F, 0xFF, 0x9B, 0xFF, 0x80, 0x0F, 0xFF, 0xFF, 0xF8,
    0x00, 0x0B, 0xFF, 0xFE, 0x00, 0x00, 0x00, 0x55, 0x40, 0x00, 0x00, 0x00, 0x02, 0x80, 0x00, 0x00,
    0x00, 0x3F, 0x80, 0x00, 0x00, 0x01, 0xFF, 0x00, 0x00, 0x00, 0x0F, 0xFC, 0x00, 0x00, 0x00, 0xFF,
    0x80, 0x00, 0x00, 0x0B, 0xF4, 0x00, 0x00, 0x00, 0x3E, 0x00, 0x00, 0x00, 0x00, 0x50, 0x00, 0x00,
    0x00, 0x00, 0x00, 0x00, 0x00, 0x00, 0x05, 0xA4, 0x00, 0x00, 0x07, 0xFF, 0xFF, 0x80, 0x00, 0xBF,
    0xFF, 0xFF, 0xC0, 0x0F, 0xFF, 0x5B, 0xFF, 0xC0, 0xBF, 0xF0, 0x07, 0xFF, 0x83, 0xFF, 0x40, 0x0B,
    0xFF, 0x1F, 0xFC, 0x00, 0x1F, 0xFD, 0xBF, 0xF0, 0x00, 0x3F, 0xF6, 0xFF, 0xC0, 0x00, 0xFF, 0xEF,
    0xFF, 0x00, 0x03, 0xFF, 0xAF, 0xFC, 0x00, 0x0F, 0xFE, 0xBF, 0xF0, 0x00, 0x3F, 0xF5, 0xFF, 0xD0,
    0x01, 0xFF, 0xC3, 0xFF, 0x80, 0x0B, 0xFF, 0x0B, 0xFF, 0x40, 0x3F, 0xF4, 0x0F, 0xFF, 0x9B, 0xFF,
    0x80, 0x0F, 0xFF, 0xFF, 0xF8, 0x00, 0x0B, 0xFF, 0xFE, 0x00, 0x00, 0x00, 0x55, 0x40, 0x00, 0x00,
    0x00, 0xB8, 0x00, 0x00, 0x00, 0x0F, 0xF8, 0x00, 0x00, 0x00, 0xBF, 0xF4, 0x00, 0x00, 0x07, 0xFF,
    0xF0, 0x00, 0x00, 0x3F, 0xEF, 0xF0, 0x00, 0x03, 0xFC, 0x0F, 0xE0, 0x00, 0x1F, 0x80, 0x0B, 0xC0,
    0x00, 0x24, 0x00, 0x05, 0x00, 0x00, 0x00, 0x00, 0x00, 0x00, 0x00, 0x05, 0xA4, 0x00, 0x00, 0x07,
    0xFF, 0xFF, 0x80, 0x00, 0xBF, 0xFF, 0xFF, 0xC0, 0x0F, 0xFF, 0x5B, 0xFF, 0xC0, 0xBF, 0xF0, 0x07,
    0xFF, 0x83, 0xFF, 0x40, 0x0B, 0xFF, 0x1F, 0xFC, 0x00, 0x1F, 0xFD, 0xBF, 0xF0, 0x00, 0x3F, 0xF6,
    0xFF, 0xC0, 0x00, 0xFF, 0xEF, 0xFF, 0x00, 0x03, 0xFF, 0xAF, 0xFC, 0x00, 0x0F, 0xFE, 0xBF, 0xF0,
    0x00, 0x3F, 0xF5, 0xFF, 0xD0, 0x01, 0xFF, 0xC3, 0xFF, 0x80, 0x0B, 0xFF, 0x0B, 0xFF, 0x40, 0x3F,
    0xF4, 0x0F, 0xFF, 0x9B, 0xFF, 0x80, 0x0F, 0xFF, 0xFF, 0xF8, 0x00, 0x0B, 0xFF, 0xFE, 0x00, 0x00,
    0x00, 0x55, 0x40, 0x00, 0x00, 0x05, 0x00, 0x00, 0x00, 0x00, 0xFF, 0xD0, 0x74, 0x00, 0x0F, 0xFF,
    0xFF, 0xD0, 0x00, 0x7F, 0xFF, 0xFF, 0x00, 0x02, 0xE1, 0xFF, 0xF4, 0x00, 0x00, 0x00, 0x2A, 0x40,
    0x00, 0x00, 0x00, 0x00, 0x00, 0x00, 0x00, 0x00, 0x00, 0x00, 0x00, 0x01, 0x69, 0x00, 0x00, 0x01,
    0xFF, 0xFF, 0xE0, 0x00, 0x2F, 0xFF, 0xFF, 0xF0, 0x03, 0xFF, 0xD6, 0xFF, 0xF0, 0x2F, 0xFC, 0x01,
    0xFF, 0xE0, 0xFF, 0xD0, 0x02, 0xFF, 0xC7, 0xFF, 0x00, 0x07, 0xFF, 0x6F, 0xFC, 0x00, 0x0F, 0xFD,
    0xBF, 0xF0, 0x00, 0x3F, 0xFB, 0xFF, 0xC0, 0x00, 0xFF, 0xEB, 0xFF, 0x00, 0x03, 0xFF, 0xAF, 0xFC,
    0x00, 0x0F, 0xFD, 0x7F, 0xF4, 0x00, 0x7F, 0xF0, 0xFF, 0xE0, 0x02, 0xFF, 0xC2, 0xFF, 0xD0, 0x0F,
    0xFD, 0x03, 0xFF, 0xE6, 0xFF, 0xE0, 0x03, 0xFF, 0xFF, 0xFE, 0x00, 0x02, 0xFF, 0xFF, 0x80, 0x00,
    0x00, 0x15, 0x50, 0x00, 0x00, 0x00, 0x64, 0x00, 0x64, 0x00, 0x0B, 0xFC, 0x0F, 0xF8, 0x00, 0x3F,
    0xF8, 0x7F, 0xF0, 0x00, 0xFF, 0xE1, 0xFF, 0xC0, 0x02, 0xFF, 0x03, 0xFF, 0x00, 0x01, 0xA0, 0x02,
    0xA0, 0x00, 0x00, 0x00, 0x00, 0x00, 0x00, 0x00, 0x00, 0x00, 0x00, 0x00, 0x01, 0x69, 0x00, 0x00,
    0x01, 0xFF, 0xFF, 0xE0, 0x00, 0x2F, 0xFF, 0xFF, 0xF0, 0x03, 0xFF, 0xD6, 0xFF, 0xF0, 0x2F, 0xFC,
    0x01, 0xFF, 0xE0, 0xFF, 0xD0, 0x02, 0xFF, 0xC7, 0xFF, 0x00, 0x07, 0xFF, 0x6F, 0xFC, 0x00, 0x0F,
    0xFD, 0xBF, 0xF0, 0x00, 0x3F, 0xFB, 0xFF, 0xC0, 0x00, 0xFF, 0xEB, 0xFF, 0x00, 0x03, 0xFF, 0xAF,
    0xFC, 0x00, 0x0F, 0xFD, 0x7F, 0xF4, 0x00, 0x7F, 0xF0, 0xFF, 0xE0, 0x02, 0xFF, 0xC2, 0xFF, 0xD0,
    0x0F, 0xFD, 0x03, 0xFF, 0xE6, 0xFF, 0xE0, 0x03, 0xFF, 0xFF, 0xFE, 0x00, 0x02, 0xFF, 0xFF, 0x80,
    0x00, 0x00, 0x15, 0x50, 0x00, 0x00, 0x00, 0x06, 0x80, 0x00, 0x00, 0xBF, 0xC0, 0x00, 0x03, 0xFF,
    0x40, 0x00, 0x0F, 0xFD, 0x00, 0x00, 0x1F, 0xE0, 0x00, 0x00, 0x04, 0x00, 0x00, 0x00, 0x00, 0x00,
    0x2F, 0xFF, 0xFF, 0xFF, 0xBF, 0xFF, 0xFF, 0xFE, 0xFF, 0xFF, 0xFF, 0xF6, 0xAA, 0xAA, 0xAA, 0x80,
    0x00, 0x00, 0x00, 0x00, 0x06, 0x80, 0x00, 0x00, 0xBF, 0xC0, 0x00, 0x03, 0xFF, 0x40, 0x00, 0x0F,
    0xFD, 0x00, 0x00, 0x1F, 0xE0, 0x00, 0x00, 0x04, 0x00, 0x00, 0x00, 0x00, 0x59, 0x40, 0xBC, 0x00,
    0x1F, 0xFF, 0xFF, 0xF8, 0x00, 0xBF, 0xFF, 0xFF, 0xE0, 0x03, 0xFF, 0xD6, 0xFF, 0xF0, 0x0B, 0xFF,
    0x00, 0x7F, 0xF8, 0x0F, 0xFD, 0x00, 0xFF, 0xFC, 0x1F, 0xFC, 0x03, 0xFF, 0xFD, 0x2F, 0xFC, 0x0B,
    0xFF, 0xFD, 0x2F, 0xFC, 0x2F, 0x8F, 0xFE, 0x3F, 0xFC, 0x7F, 0x0F, 0xFE, 0x2F, 0xFD, 0xFC, 0x0F,
    0xFE, 0x2F, 0xFF, 0xF0, 0x0F, 0xFD, 0x1F, 0xFF, 0xC0, 0x1F, 0xFC, 0x0F, 0xFF, 0x40, 0x2F, 0xFC,
    0x0B, 0xFF, 0x40, 0x3F, 0xF4, 0x03, 0xFF, 0xE6, 0xFF, 0xE0, 0x07, 0xFF, 0xFF, 0xFF, 0x80, 0x1F,
    0xDF, 0xFF, 0xF8, 0x00, 0x2A, 0x00, 0x55, 0x40, 0x00, 0x00, 0x02, 0x80, 0x00, 0x00, 0x00, 0x00,
    0xBF, 0x00, 0x00, 0x00, 0x00, 0x0F, 0xF8, 0x00, 0x00, 0x00, 0x00, 0xBF, 0xD0, 0x00, 0x00, 0x00,
    0x02, 0xFF, 0x00, 0x00, 0x00, 0x00, 0x07, 0xF8, 0x00, 0x00, 0x00, 0x00, 0x0B, 0xC0, 0x00, 0x00,
    0x00, 0x00, 0x18, 0x00, 0x00, 0x00, 0x00, 0x00, 0x00, 0x00, 0x00, 0x00, 0x10, 0x00, 0x00, 0x40,
    0x3F, 0xFF, 0x40, 0xFF, 0xFD, 0x03, 0xFF, 0xF4, 0x0F, 0xFF, 0xD0, 0x2F, 0xFF, 0x40, 0xBF, 0xFD,
    0x00, 0x3F, 0xF4, 0x00, 0xFF, 0xD0, 0x03, 0xFF, 0x40, 0x0F, 0xFD, 0x00, 0x3F, 0xF4, 0x00, 0xFF,
    0xD0, 0x03, 0xFF, 0x40, 0x0F, 0xFD, 0x00, 0x3F, 0xF4, 0x00, 0xFF, 0xD0, 0x03, 0xFF, 0x40, 0x0F,
    0xFD, 0x00, 0x3F, 0xF4, 0x00, 0xFF, 0xD0, 0x03, 0xFF, 0x40, 0x0F, 0xFD, 0x00, 0x3F, 0xF4, 0x00,
    0xFF, 0xD0, 0x03, 0xFF, 0x80, 0x2F, 0xFD, 0x00, 0x3F, 0xFD, 0x0B, 0xFF, 0xD0, 0x01, 0xFF, 0xFF,
    0xFF, 0xFF, 0x90, 0x0F, 0xFF, 0xFD, 0x7F, 0xFE, 0x00, 0x3F, 0xFF, 0x47, 0xFF, 0xE0, 0x00, 0x15,
    0x00, 0x00, 0x00, 0x00, 0x00, 0x00, 0xA0, 0x00, 0x00, 0x00, 0x00, 0x2F, 0xC0, 0x00, 0x00, 0x00,
    0x07, 0xFC, 0x00, 0x00, 0x00, 0x00, 0xFF, 0xC0, 0x00, 0x00, 0x00, 0x2F, 0xF0, 0x00, 0x00, 0x00,
    0x07, 0xF8, 0x00, 0x00, 0x00, 0x00, 0xFC, 0x00, 0x00, 0x00, 0x00, 0x06, 0x00, 0x00, 0x00, 0x00,
    0x00, 0x00, 0x00, 0x00, 0x00, 0x00, 0x10, 0x00, 0x00, 0x40, 0x3F, 0xFF, 0x40, 0xFF, 0xFD, 0x03,
    0xFF, 0xF4, 0x0F, 0xFF, 0xD0, 0x2F, 0xFF, 0x40, 0xBF, 0xFD, 0x00, 0x3F, 0xF4, 0x00, 0xFF, 0xD0,
    0x03, 0xFF, 0x40, 0x0F, 0xFD, 0x00, 0x3F, 0xF4, 0x00, 0xFF, 0xD0, 0x03, 0xFF, 0x40, 0x0F, 0xFD,
    0x00, 0x3F, 0xF4, 0x00, 0xFF, 0xD0, 0x03, 0xFF, 0x40, 0x0F, 0xFD, 0x00, 0x3F, 0xF4, 0x00, 0xFF,
    0xD0, 0x03, 0xFF, 0x40, 0x0F, 0xFD, 0x00, 0x3F, 0xF4, 0x00, 0xFF, 0xD0, 0x03, 0xFF, 0x80, 0x2F,
    0xFD, 0x00, 0x3F, 0xFD, 0x0B, 0xFF, 0xD0, 0x01, 0xFF, 0xFF, 0xFF, 0xFF, 0x90, 0x0F, 0xFF, 0xFD,
    0x7F, 0xFE, 0x00, 0x3F, 0xFF, 0x47, 0xFF, 0xE0, 0x00, 0x15, 0x00, 0x00, 0x00, 0x00, 0x00, 0x1A,
    0x00, 0x00, 0x00, 0x00, 0x0B, 0xFC, 0x00, 0x00, 0x00, 0x01, 0xFF, 0xE0, 0x00, 0x00, 0x00, 0x3F,
    0xFF, 0x40, 0x00, 0x00, 0x0F, 0xFB, 0xFC, 0x00, 0x00, 0x02, 0xFC, 0x0B, 0xF0, 0x00, 0x00, 0x3E,
    0x00, 0x1F, 0x40, 0x00, 0x01, 0x40, 0x00, 0x60, 0x00, 0x00, 0x00, 0x00, 0x00, 0x00, 0x00, 0x00,
    0x10, 0x00, 0x00, 0x40, 0x3F, 0xFF, 0x40, 0xFF, 0xFD, 0x03, 0xFF, 0xF4, 0x0F, 0xFF, 0xD0, 0x2F,
    0xFF, 0x40, 0xBF, 0xFD, 0x00, 0x3F, 0xF4, 0x00, 0xFF, 0xD0, 0x03, 0xFF, 0x40, 0x0F, 0xFD, 0x00,
    0x3F, 0xF4, 0x00, 0xFF, 0xD0, 0x03, 0xFF, 0x40, 0x0F, 0xFD, 0x00, 0x3F, 0xF4, 0x00, 0xFF, 0xD0,
    0x03, 0xFF, 0x40, 0x0F, 0xFD, 0x00, 0x3F, 0xF4, 0x00, 0xFF, 0xD0, 0x03, 0xFF, 0x40, 0x0F, 0xFD,
    0x00, 0x3F, 0xF4, 0x00, 0xFF, 0xD0, 0x03, 0xFF, 0x80, 0x2F, 0xFD, 0x00, 0x3F, 0xFD, 0x0B, 0xFF,
    0xD0, 0x01, 0xFF, 0xFF, 0xFF, 0xFF, 0x90, 0x0F, 0xFF, 0xFD, 0x7F, 0xFE, 0x00, 0x3F, 0xFF, 0x47,
    0xFF, 0xE0, 0x00, 0x15, 0x00, 0x00, 0x00, 0x00, 0x05, 0x00, 0x19, 0x00, 0x00, 0x07, 0xFD, 0x0B,
    0xFC, 0x00, 0x00, 0xFF, 0xE0, 0xFF, 0xD0, 0x00, 0x0F, 0xFE, 0x0F, 0xFD, 0x00, 0x00, 0x7F, 0xD0,
    0xFF, 0xC0, 0x00, 0x01, 0xA4, 0x02, 0xA0, 0x00, 0x00, 0x00, 0x00, 0x00, 0x00, 0x00, 0x00, 0x00,
    0x00, 0x00, 0x00, 0x00, 0x01, 0x00, 0x00, 0x04, 0x03, 0xFF, 0xF4, 0x0F, 0xFF, 0xD0, 0x3F, 0xFF,
    0x40, 0xFF, 0xFD, 0x02, 0xFF, 0xF4, 0x0B, 0xFF, 0xD0, 0x03, 0xFF, 0x40, 0x0F, 0xFD, 0x00, 0x3F,
    0xF4, 0x00, 0xFF, 0xD0, 0x03, 0xFF, 0x40, 0x0F, 0xFD, 0x00, 0x3F, 0xF4, 0x00, 0xFF, 0xD0, 0x03,
    0xFF, 0x40, 0x0F, 0xFD, 0x00, 0x3F, 0xF4, 0x00, 0xFF, 0xD0, 0x03, 0xFF, 0x40, 0x0F, 0xFD, 0x00,
    0x3F, 0xF4, 0x00, 0xFF, 0xD0, 0x03, 0xFF, 0x40, 0x0F, 0xFD, 0x00, 0x3F, 0xF8, 0x02, 0xFF, 0xD0,
    0x03, 0xFF, 0xD0, 0xBF, 0xFD, 0x00, 0x1F, 0xFF, 0xFF, 0xFF, 0xF9, 0x00, 0xFF, 0xFF, 0xD7, 0xFF,
    0xE0, 0x03, 0xFF, 0xF4, 0x7F, 0xFE, 0x00, 0x01, 0x50, 0x00, 0x00, 0x00, 0x00, 0x00, 0x00, 0x64,
    0x00, 0x00, 0x00, 0x00, 0x7F, 0x00, 0x00, 0x00, 0x00, 0x3F, 0xD0, 0x00, 0x00, 0x00, 0x2F, 0xF0,
    0x00, 0x00, 0x00, 0x1F, 0xF4, 0x00, 0x00, 0x00, 0x0F, 0xE0, 0x00, 0x00, 0x00, 0x0B, 0xD0, 0x00,
    0x00, 0x00, 0x00, 0x80, 0x00, 0x00, 0x00, 0x00, 0x00, 0x00, 0x00, 0x00, 0x00, 0x00, 0x00, 0x00,
    0x07, 0xFF, 0xFF, 0x43, 0xFF, 0xF5, 0xFF, 0xFF, 0xD0, 0xFF, 0xFD, 0x6F, 0xFF, 0x90, 0x2F, 0xFE,
    0x01, 0xFF, 0xC0, 0x00, 0xFC, 0x00, 0x3F, 0xF4, 0x00, 0x7D, 0x00, 0x0B, 0xFF, 0x00, 0x3F, 0x00,
    0x00, 0xFF, 0xD0, 0x0F, 0x80, 0x00, 0x2F, 0xF8, 0x0B, 0xC0, 0x00, 0x03, 0xFF, 0x03, 0xF0, 0x00,
    0x00, 0xBF, 0xD1, 0xF4, 0x00, 0x00, 0x1F, 0xFC, 0xFC, 0x00, 0x00, 0x03, 0xFF, 0xBE, 0x00, 0x00,
    0x00, 0x7F, 0xFF, 0x00, 0x00, 0x00, 0x0F, 0xFF, 0x80, 0x00, 0x00, 0x02, 0xFF, 0xD0, 0x00, 0x00,
    0x00, 0x3F, 0xF0, 0x00, 0x00, 0x00, 0x0B, 0xF4, 0x00, 0x00, 0x00, 0x01, 0xFC, 0x00, 0x00, 0x00,
    0x00, 0xBE, 0x00, 0x00, 0x0F, 0xE0, 0x3F, 0x00, 0x00, 0x0B, 0xFC, 0x2F, 0x80, 0x00, 0x02, 0xFE,
    0x1F, 0xC0, 0x00, 0x00, 0x7F, 0xFF, 0xD0, 0x00, 0x00, 0x0F, 0xFF, 0xD0, 0x00, 0x00, 0x00, 0x6A,
    0x40, 0x00, 0x00, 0x00, 0x15, 0x5A, 0x00, 0x00, 0x00, 0x2F, 0xFF, 0xC0, 0x00, 0x00, 0x0B, 0xFF,
    0xF0, 0x00, 0x00, 0x00, 0x7F, 0xFC, 0x00, 0x00, 0x00, 0x03, 0xFF, 0x00, 0x00, 0x00, 0x00, 0xFF,
    0xC0, 0x00, 0x00, 0x00, 0x3F, 0xF0, 0x00, 0x00, 0x00, 0x0F, 0xFC, 0x00, 0x00, 0x00, 0x03, 0xFF,
    0x01, 0x65, 0x00, 0x00, 0xFF, 0xC3, 0xFF, 0xF4, 0x00, 0x3F, 0xF7, 0xFF, 0xFF, 0x40, 0x0F, 0xFF,
    0xFF, 0xFF, 0xF0, 0x03, 0xFF, 0xD0, 0x2F, 0xFE, 0x00, 0xFF, 0xE0, 0x03, 0xFF, 0xC0, 0x3F, 0xF4,
    0x00, 0xBF, 0xF0, 0x0F, 0xFC, 0x00, 0x1F, 0xFD, 0x03, 0xFF, 0x00, 0x07, 0xFF, 0x40, 0xFF, 0xC0,
    0x01, 0xFF, 0xD0, 0x3F, 0xF0, 0x00, 0x7F, 0xF0, 0x0F, 0xFC, 0x00, 0x1F, 0xFC, 0x03, 0xFF, 0x00,
    0x0B, 0xFF, 0x00, 0xFF, 0xC0, 0x03, 0xFF, 0x80, 0x3F, 0xF8, 0x02, 0xFF, 0xC0, 0x0F, 0xFF, 0xFF,
    0xFF, 0xE0, 0x03, 0xFF, 0xFF, 0xFF, 0xE0, 0x00, 0xFF, 0xEF, 0xFF, 0xD0, 0x00, 0x3F, 0xF0, 0x55,
    0x00, 0x00, 0x0F, 0xFC, 0x00, 0x00, 0x00, 0x03, 0xFF, 0x00, 0x00, 0x00, 0x00, 0xFF, 0xC0, 0x00,
    0x00, 0x00, 0xBF, 0xF9, 0x00, 0x00, 0x01, 0xFF, 0xFF, 0xF4, 0x00, 0x00, 0x7F, 0xFF, 0xFD, 0x00,
    0x00, 0x00, 0x00, 0x00, 0x00, 0x00, 0x00, 0x00, 0x06, 0x40, 0x19, 0x00, 0x00, 0x0F, 0xF8, 0x1F,
    0xF0, 0x00, 0x0B, 0xFF, 0x0F, 0xFE, 0x00, 0x02, 0xFF, 0xC3, 0xFF, 0x80, 0x00, 0x3F, 0xE0, 0xBF,
    0xD0, 0x00, 0x06, 0x90, 0x06, 0x90, 0x00, 0x00, 0x00, 0x00, 0x00, 0x00, 0x00, 0x00, 0x00, 0x00,
    0x00, 0x00, 0x00, 0x00, 0x00, 0x00, 0x1F, 0xFF, 0xFD, 0x0F, 0xFF, 0xD7, 0xFF, 0xFF, 0x43, 0xFF,
    0xF5, 0xBF, 0xFE, 0x40, 0xBF, 0xF8, 0x07, 0xFF, 0x00, 0x03, 0xF0, 0x00, 0xFF, 0xD0, 0x01, 0xF4,
    0x00, 0x2F, 0xFC, 0x00, 0xFC, 0x00, 0x03, 0xFF, 0x40, 0x3E, 0x00, 0x00, 0xBF, 0xE0, 0x2F, 0x00,
    0x00, 0x0F, 0xFC, 0x0F, 0xC0, 0x00, 0x02, 0xFF, 0x47, 0xD0, 0x00, 0x00, 0x7F, 0xF3, 0xF0, 0x00,
    0x00, 0x0F, 0xFE, 0xF8, 0x00, 0x00, 0x01, 0xFF, 0xFC, 0x00, 0x00, 0x00, 0x3F, 0xFE, 0x00, 0x00,
    0x00, 0x0B, 0xFF, 0x40, 0x00, 0x00, 0x00, 0xFF, 0xC0, 0x00, 0x00, 0x00, 0x2F, 0xD0, 0x00, 0x00,
    0x00, 0x07, 0xF0, 0x00, 0x00, 0x00, 0x02, 0xF8, 0x00, 0x00, 0x3F, 0x80, 0xFC, 0x00, 0x00, 0x2F,
    0xF0, 0xBE, 0x00, 0x00, 0x0B, 0xF8, 0x7F, 0x00, 0x00, 0x01, 0xFF, 0xFF, 0x40, 0x00, 0x00, 0x3F,
    0xFF, 0x40, 0x00, 0x00, 0x01, 0xA9, 0x00, 0x00, 0x00, 0x00, 0x00, 0x02, 0xFF, 0xFF, 0xF0, 0x00,
    0x00, 0x00, 0xFF, 0xFF, 0xFC, 0x00, 0x00, 0x00, 0x3F, 0xFF, 0xFF, 0x00, 0x00, 0x00, 0x0A, 0xAA,
    0xAA, 0x80, 0x00, 0x00, 0x00, 0x00, 0x00, 0x00, 0x00, 0x00, 0x00, 0x00, 0x00, 0x00, 0x00, 0x00,
    0x00, 0x00, 0x55, 0x40, 0x00, 0x00, 0x00, 0x00, 0x7F, 0xF8, 0x00, 0x00, 0x00, 0x00, 0x2F, 0xFF,
    0x00, 0x00, 0x00, 0x00, 0x0F, 0xFF, 0xD0, 0x00, 0x00, 0x00, 0x07, 0xFF, 0xF8, 0x00, 0x00, 0x00,
    0x03, 0xFB, 0xFF, 0x00, 0x00, 0x00, 0x00, 0xFC, 0xFF, 0xD0, 0x00, 0x00, 0x00, 0x7E, 0x1F, 0xFC,
    0x00, 0x00, 0x00, 0x3F, 0x43, 0xFF, 0x00, 0x00, 0x00, 0x0F, 0xC0, 0xFF, 0xE0, 0x00, 0x00, 0x0B,
    0xE0, 0x2F, 0xFC, 0x00, 0x00, 0x03, 0xF4, 0x03, 0xFF, 0x00, 0x00, 0x01, 0xFC, 0x00, 0xFF, 0xE0,
    0x00, 0x00, 0xBE, 0x00, 0x2F, 0xFC, 0x00, 0x00, 0x3F, 0xFF, 0xFF, 0xFF, 0x40, 0x00, 0x1F, 0xFF,
    0xFF, 0xFF, 0xE0, 0x00, 0x0B, 0xFF, 0xFF, 0xFF, 0xFC, 0x00, 0x03, 0xF4, 0x00, 0x07, 0xFF, 0x40,
    0x01, 0xFC, 0x00, 0x00, 0xFF, 0xE0, 0x00, 0xFE, 0x00, 0x00, 0x2F, 0xFC, 0x00, 0x7F, 0x40, 0x00,
    0x0B, 0xFF, 0x81, 0xBF, 0xF9, 0x00, 0x1B, 0xFF, 0xF9, 0xFF, 0xFF, 0xC0, 0x0F, 0xFF, 0xFF, 0xFF,
    0xFF, 0xF0, 0x03, 0xFF, 0xFF, 0xF0, 0x01, 0x55, 0x55, 0x40, 0x00, 0x0F, 0xFF, 0xFF, 0x40, 0x00,
    0x3F, 0xFF, 0xFD, 0x00, 0x00, 0xFF, 0xFF, 0xF4, 0x00, 0x00, 0x00, 0x00, 0x00, 0x00, 0x00, 0x00,
    0x00, 0x00, 0x00, 0x00, 0x00, 0x00, 0x00, 0x00, 0x05, 0xA5, 0x00, 0x00, 0x02, 0xFF, 0xFF, 0x80,
    0x00, 0x7F, 0xEB, 0xFF, 0xC0, 0x03, 0xF8, 0x03, 0xFF, 0x80, 0x1F, 0xF0, 0x07, 0xFF, 0x00, 0x7F,
    0xC0, 0x0F, 0xFC, 0x00, 0xFE, 0x00, 0x3F, 0xF0, 0x00, 0x00, 0x00, 0xFF, 0xC0, 0x00, 0x00, 0x5B,
    0xFF, 0x00, 0x02, 0xFF, 0xFF, 0xFC, 0x00, 0x7F, 0xFF, 0xBF, 0xF0, 0x03, 0xFF, 0x40, 0xFF, 0xC0,
    0x2F, 0xF8, 0x03, 0xFF, 0x00, 0xBF, 0xD0, 0x0F, 0xFC, 0x02, 0xFF, 0x80, 0xBF, 0xF4, 0x0B, 0xFF,
    0x9B, 0xFF, 0xFA, 0x0F, 0xFF, 0xFD, 0xFF, 0xFC, 0x0F, 0xFF, 0x82, 0xFF, 0xD0, 0x01, 0x50, 0x00,
    0x54, 0x00, 0x00, 0x02, 0x80, 0x00, 0x64, 0x00, 0x00, 0x01, 0xF0, 0x00, 0x3D, 0x00, 0x00, 0x00,
    0x3F, 0x00, 0x2F, 0x00, 0x00, 0x00, 0x0B, 0xFE, 0xBF, 0xC0, 0x00, 0x00, 0x00, 0xFF, 0xFF, 0xD0,
    0x00, 0x00, 0x00, 0x1F, 0xFF, 0xD0, 0x00, 0x00, 0x00, 0x00, 0xBF, 0x80, 0x00, 0x00, 0x00, 0x00,
    0x00, 0x00, 0x00, 0x00, 0x00, 0x00, 0x05, 0x54, 0x00, 0x00, 0x00, 0x00, 0x07, 0xFF, 0x80, 0x00,
    0x00, 0x00, 0x02, 0xFF, 0xF0, 0x00, 0x00, 0x00, 0x00, 0xFF, 0xFD, 0x00, 0x00, 0x00, 0x00, 0x7F,
    0xFF, 0x80, 0x00, 0x00, 0x00, 0x3F, 0xBF, 0xF0, 0x00, 0x00, 0x00, 0x0F, 0xCF, 0xFD, 0x00, 0x00,
    0x00, 0x07, 0xE1, 0xFF, 0xC0, 0x00, 0x00, 0x03, 0xF4, 0x3F, 0xF0, 0x00, 0x00, 0x00, 0xFC, 0x0F,
    0xFE, 0x00, 0x00, 0x00, 0xBE, 0x02, 0xFF, 0xC0, 0x00, 0x00, 0x3F, 0x40, 0x3F, 0xF0, 0x00, 0x00,
    0x1F, 0xC0, 0x0F, 0xFE, 0x00, 0x00, 0x0B, 0xE0, 0x02, 0xFF, 0xC0, 0x00, 0x03, 0xFF, 0xFF, 0xFF,
    0xF4, 0x00, 0x01, 0xFF, 0xFF, 0xFF, 0xFE, 0x00, 0x00, 0xBF, 0xFF, 0xFF, 0xFF, 0xC0, 0x00, 0x3F,
    0x40, 0x00, 0x7F, 0xF4, 0x00, 0x1F, 0xC0, 0x00, 0x0F, 0xFE, 0x00, 0x0F, 0xE0, 0x00, 0x02, 0xFF,
    0xC0, 0x07, 0xF4, 0x00, 0x00, 0xBF, 0xF8, 0x1B, 0xFF, 0x90, 0x01, 0xBF, 0xFF, 0x9F, 0xFF, 0xFC,
    0x00, 0xFF, 0xFF, 0xFF, 0xFF, 0xFF, 0x00, 0x3F, 0xFF, 0xFF, 0x01, 0x00, 0x00, 0x40, 0x00, 0x2E,
    0x00, 0x07, 0xC0, 0x00, 0xBC, 0x00, 0x3E, 0x00, 0x00, 0xFD, 0x07, 0xF4, 0x00, 0x03, 0xFF, 0xFF,
    0xC0, 0x00, 0x03, 0xFF, 0xFC, 0x00, 0x00, 0x07, 0xFF, 0xD0, 0x00, 0x00, 0x01, 0x54, 0x00, 0x00,
    0x00, 0x00, 0x00, 0x00, 0x00, 0x00, 0x5A, 0x50, 0x00, 0x00, 0x2F, 0xFF, 0xF8, 0x00, 0x07, 0xFE,
    0xBF, 0xFC, 0x00, 0x3F, 0x80, 0x3F, 0xF8, 0x01, 0xFF, 0x00, 0x7F, 0xF0, 0x07, 0xFC, 0x00, 0xFF,
    0xC0, 0x0F, 0xE0, 0x03, 0xFF, 0x00, 0x00, 0x00, 0x0F, 0xFC, 0x00, 0x00, 0x05, 0xBF, 0xF0, 0x00,
    0x2F, 0xFF, 0xFF, 0xC0, 0x07, 0xFF, 0xFB, 0xFF, 0x00, 0x3F, 0xF4, 0x0F, 0xFC, 0x02, 0xFF, 0x80,
    0x3F, 0xF0, 0x0B, 0xFD, 0x00, 0xFF, 0xC0, 0x2F, 0xF8, 0x0B, 0xFF, 0x40, 0xBF, 0xF9, 0xBF, 0xFF,
    0xA0, 0xFF, 0xFF, 0xDF, 0xFF, 0xC0, 0xFF, 0xF8, 0x2F, 0xFD, 0x00, 0x15, 0x00, 0x05, 0x40, 0x00,
    0x00, 0x05, 0x54, 0x00, 0x00, 0x00, 0x00, 0x07, 0xFF, 0x80, 0x00, 0x00, 0x00, 0x02, 0xFF, 0xF0,
    0x00, 0x00, 0x00, 0x00, 0xFF, 0xFD, 0x00, 0x00, 0x00, 0x00, 0x7F, 0xFF, 0x80, 0x00, 0x00, 0x00,
    0x3F, 0xBF, 0xF0, 0x00, 0x00, 0x00, 0x0F, 0xCF, 0xFD, 0x00, 0x00, 0x00, 0x07, 0xE1, 0xFF, 0xC0,
    0x00, 0x00, 0x03, 0xF4, 0x3F, 0xF0, 0x00, 0x00, 0x00, 0xFC, 0x0F, 0xFE, 0x00, 0x00, 0x00, 0xBE,
    0x02, 0xFF, 0xC0, 0x00, 0x00, 0x3F, 0x40, 0x3F, 0xF0, 0x00, 0x00, 0x1F, 0xC0, 0x0F, 0xFE, 0x00,
    0x00, 0x0B, 0xE0, 0x02, 0xFF, 0xC0, 0x00, 0x03, 0xFF, 0xFF, 0xFF, 0xF4, 0x00, 0x01, 0xFF, 0xFF,
    0xFF, 0xFE, 0x00, 0x00, 0xBF, 0xFF, 0xFF, 0xFF, 0xC0, 0x00, 0x3F, 0x40, 0x00, 0x7F, 0xF4, 0x00,
    0x1F, 0xC0, 0x00, 0x0F, 0xFE, 0x00, 0x0F, 0xE0, 0x00, 0x02, 0xFF, 0xC0, 0x07, 0xF4, 0x00, 0x00,
    0xBF, 0xF8, 0x1B, 0xFF, 0x90, 0x01, 0xBF, 0xFF, 0x9F, 0xFF, 0xFC, 0x00, 0xFF, 0xFF, 0xFF, 0xFF,
    0xFF, 0x00, 0x3F, 0xFF, 0xFF, 0x00, 0x00, 0x00, 0x00, 0x0B, 0xD0, 0x00, 0x00, 0x00, 0x00, 0x0F,
    0xD0, 0x00, 0x00, 0x00, 0x00, 0x0F, 0xE0, 0x00, 0x00, 0x00, 0x00, 0x0B, 0xF4, 0x00, 0x00, 0x00,
    0x00, 0x03, 0xFD, 0x00, 0x00, 0x00, 0x00, 0x00, 0xFF, 0xFF, 0x00, 0x00, 0x00, 0x00, 0x2F, 0xFF,
    0xC0, 0x00, 0x00, 0x00, 0x02, 0xFF, 0x40, 0x00, 0x00, 0x00, 0x00, 0x00, 0x00, 0x00, 0x00, 0x16,
    0x94, 0x00, 0x00, 0x0B, 0xFF, 0xFE, 0x00, 0x01, 0xFF, 0xAF, 0xFF, 0x00, 0x0F, 0xE0, 0x0F, 0xFE,
    0x00, 0x7F, 0xC0, 0x1F, 0xFC, 0x01, 0xFF, 0x00, 0x3F, 0xF0, 0x03, 0xF8, 0x00, 0xFF, 0xC0, 0x00,
    0x00, 0x03, 0xFF, 0x00, 0x00, 0x01, 0x6F, 0xFC, 0x00, 0x0B, 0xFF, 0xFF, 0xF0, 0x01, 0xFF, 0xFE,
    0xFF, 0xC0, 0x0F, 0xFD, 0x03, 0xFF, 0x00, 0xBF, 0xE0, 0x0F, 0xFC, 0x02, 0xFF, 0x40, 0x3F, 0xF0,
    0x0B, 0xFE, 0x02, 0xFF, 0xD0, 0x2F, 0xFE, 0x6F, 0xFF, 0xE8, 0x3F, 0xFF, 0xF7, 0xFF, 0xF0, 0x3F,
    0xFE, 0x0B, 0xFF, 0x40, 0x05, 0x40, 0x07, 0xE0, 0x00, 0x00, 0x00, 0x7E, 0x00, 0x00, 0x00, 0x07,
    0xF0, 0x00, 0x00, 0x00, 0x3F, 0x80, 0x00, 0x00, 0x02, 0xFE, 0x00, 0x00, 0x00, 0x0B, 0xFF, 0xF0,
    0x00, 0x00, 0x0F, 0xFF, 0xC0, 0x00, 0x00, 0x1F, 0xF8, 0x00, 0x00, 0x00, 0x00, 0x00, 0x00, 0x00,
    0x00, 0x00, 0x14, 0x00, 0x00, 0x00, 0x00, 0x07, 0xF0, 0x00, 0x00, 0x00, 0x02, 0xFF, 0x40, 0x00,
    0x00, 0x00, 0xBF, 0xF0, 0x00, 0x00, 0x00, 0x2F, 0xFD, 0x00, 0x00, 0x00, 0x0B, 0xF9, 0x00, 0x00,
    0x00, 0x00, 0xB8, 0x00, 0x00, 0x00, 0x00, 0x00, 0x00, 0x00, 0x00, 0x00, 0x00, 0x6F, 0xE4, 0x2E,
    0x00, 0x00, 0xBF, 0xFF, 0xF7, 0xF0, 0x00, 0x7F, 0xFF, 0xFF, 0xFF, 0x00, 0x1F, 0xFF, 0x96, 0xFF,
    0xF0, 0x07, 0xFF, 0x80, 0x01, 0xFF, 0x40, 0xFF, 0xF0, 0x00, 0x0B, 0xF4, 0x1F, 0xFC, 0x00, 0x00,
    0x3F, 0x83, 0xFF, 0xC0, 0x00, 0x01, 0xF8, 0x3F, 0xF8, 0x00, 0x00, 0x0A, 0x47, 0xFF, 0x40, 0x00,
    0x00, 0x00, 0x7F, 0xF4, 0x00, 0x00, 0x00, 0x0B, 0xFF, 0x00, 0x00, 0x00, 0x00, 0xBF, 0xF4, 0x00,
    0x00, 0x00, 0x0B, 0xFF, 0x40, 0x00, 0x00, 0x00, 0x7F, 0xF4, 0x00, 0x00, 0x00, 0x07, 0xFF, 0x80,
    0x00, 0x00, 0x00, 0x3F, 0xFC, 0x00, 0x00, 0x00, 0x03, 0xFF, 0xD0, 0x00, 0x00, 0x00, 0x1F, 0xFF,
    0x00, 0x00, 0x07, 0x00, 0xFF, 0xFD, 0x00, 0x02, 0xFC, 0x03, 0xFF, 0xFD, 0x56, 0xFF, 0x80, 0x1F,
    0xFF, 0xFF, 0xFF, 0xE0, 0x00, 0x3F, 0xFF, 0xFF, 0xF4, 0x00, 0x00, 0x7F, 0xFF, 0xF8, 0x00, 0x00,
    0x00, 0x15, 0x50, 0x00, 0x00, 0x00, 0x00, 0x06, 0x40, 0x00, 0x00, 0x03, 0xF4, 0x00, 0x00, 0x03,
    0xFE, 0x00, 0x00, 0x02, 0xFF, 0x40, 0x00, 0x01, 0xFF, 0x40, 0x00, 0x00, 0xFF, 0x00, 0x00, 0x00,
    0xBD, 0x00, 0x00, 0x00, 0x08, 0x00, 0x00, 0x00, 0x00, 0x00, 0x00, 0x00, 0x00, 0x59, 0x40, 0x00,
    0x07, 0xFF, 0xFE, 0x00, 0x0B, 0xFF, 0xFF, 0xF0, 0x0B, 0xFE, 0x46, 0xFE, 0x07, 0xFE, 0x00, 0xBF,
    0xC3, 0xFF, 0x00, 0x3F, 0xF1, 0xFF, 0xC0, 0x0F, 0xFC, 0xBF, 0xE0, 0x00, 0xB8, 0x2F, 0xF8, 0x00,
    0x00, 0x0F, 0xFE, 0x00, 0x00, 0x02, 0xFF, 0xC0, 0x00, 0x00, 0xBF, 0xF0, 0x00, 0x00, 0x1F, 0xFD,
    0x00, 0x00, 0x03, 0xFF, 0xD0, 0x00, 0x80, 0xBF, 0xFE, 0x5A, 0xFC, 0x0F, 0xFF, 0xFF, 0xFF, 0x00,
    0xFF, 0xFF, 0xFE, 0x00, 0x0B, 0xFF, 0xFD, 0x00, 0x00, 0x15, 0x50, 0x00, 0x00, 0x00, 0x0B, 0x80,
    0x00, 0x00, 0x00, 0x02, 0xFE, 0x00, 0x00, 0x00, 0x00, 0xBF, 0xF8, 0x00, 0x00, 0x00, 0x1F, 0xFF,
    0xD0, 0x00, 0x00, 0x07, 0xFE, 0xFF, 0x40, 0x00, 0x01, 0xFE, 0x02, 0xFC, 0x00, 0x00, 0x0F, 0x00,
    0x07, 0xC0, 0x00, 0x00, 0x00, 0x00, 0x00, 0x00, 0x00, 0x00, 0x6F, 0xE4, 0x2E, 0x00, 0x00, 0xBF,
    0xFF, 0xF7, 0xF0, 0x00, 0x7F, 0xFF, 0xFF, 0xFF, 0x00, 0x1F, 0xFF, 0x96, 0xFF, 0xF0, 0x07, 0xFF,
    0x80, 0x01, 0xFF, 0x40, 0xFF, 0xF0, 0x00, 0x0B, 0xF4, 0x1F, 0xFC, 0x00, 0x00, 0x3F, 0x83, 0xFF,
    0xC0, 0x00, 0x01, 0xF8, 0x3F, 0xF8, 0x00, 0x00, 0x0A, 0x47, 0xFF, 0x40, 0x00, 0x00, 0x00, 0x7F,
    0xF4, 0x00, 0x00, 0x00, 0x0B, 0xFF, 0x00, 0x00, 0x00, 0x00, 0xBF, 0xF4, 0x00, 0x00, 0x00, 0x0B,
    0xFF, 0x40, 0x00, 0x00, 0x00, 0x7F, 0xF4, 0x00, 0x00, 0x00, 0x07, 0xFF, 0x80, 0x00, 0x00, 0x00,
    0x3F, 0xFC, 0x00, 0x00, 0x00, 0x03, 0xFF, 0xD0, 0x00, 0x00, 0x00, 0x1F, 0xFF, 0x00, 0x00, 0x07,
    0x00, 0xFF, 0xFD, 0x00, 0x02, 0xFC, 0x03, 0xFF, 0xFD, 0x56, 0xFF, 0x80, 0x1F, 0xFF, 0xFF, 0xFF,
    0xE0, 0x00, 0x3F, 0xFF, 0xFF, 0xF4, 0x00, 0x00, 0x7F, 0xFF, 0xF8, 0x00, 0x00, 0x00, 0x15, 0x50,
    0x00, 0x00, 0x00, 0x01, 0xA4, 0x00, 0x00, 0x00, 0xFF, 0x40, 0x00, 0x00, 0xFF, 0xF0, 0x00, 0x00,
    0xBF, 0xFE, 0x00, 0x00, 0x7F, 0xAF, 0xD0, 0x00, 0x3F, 0x41, 0xFC, 0x00, 0x3F, 0x40, 0x0F, 0xC0,
    0x02, 0x00, 0x00, 0x80, 0x00, 0x00, 0x00, 0x00, 0x00, 0x00, 0x59, 0x40, 0x00, 0x07, 0xFF, 0xFE,
    0x00, 0x0B, 0xFF, 0xFF, 0xF0, 0x0B, 0xFE, 0x46, 0xFE, 0x07, 0xFE, 0x00, 0xBF, 0xC3, 0xFF, 0x00,
    0x3F, 0xF1, 0xFF, 0xC0, 0x0F, 0xFC, 0xBF, 0xE0, 0x00, 0xB8, 0x2F, 0xF8, 0x00, 0x00, 0x0F, 0xFE,
    0x00, 0x00, 0x02, 0xFF, 0xC0, 0x00, 0x00, 0xBF, 0xF0, 0x00, 0x00, 0x1F, 0xFD, 0x00, 0x00, 0x03,
    0xFF, 0xD0, 0x00, 0x80, 0xBF, 0xFE, 0x5A, 0xFC, 0x0F, 0xFF, 0xFF, 0xFF, 0x00, 0xFF, 0xFF, 0xFE,
    0x00, 0x0B, 0xFF, 0xFD, 0x00, 0x00, 0x15, 0x50, 0x00, 0x00, 0x00, 0x00, 0x00, 0x00, 0x00, 0x00,
    0x02, 0xFE, 0x00, 0x00, 0x00, 0x00, 0xBF, 0xF4, 0x00, 0x00, 0x00, 0x0F, 0xFF, 0x80, 0x00, 0x00,
    0x00, 0xBF, 0xF8, 0x00, 0x00, 0x00, 0x03, 0xFF, 0x00, 0x00, 0x00, 0x00, 0x05, 0x40, 0x00, 0x00,
    0x00, 0x00, 0x00, 0x00, 0x00, 0x00, 0x00, 0x6F, 0xE4, 0x2E, 0x00, 0x00, 0xBF, 0xFF, 0xF7, 0xF0,
    0x00, 0x7F, 0xFF, 0xFF, 0xFF, 0x00, 0x1F, 0xFF, 0x96, 0xFF, 0xF0, 0x07, 0xFF, 0x80, 0x01, 0xFF,
    0x40, 0xFF, 0xF0, 0x00, 0x0B, 0xF4, 0x1F, 0xFC, 0x00, 0x00, 0x3F, 0x83, 0xFF, 0xC0, 0x00, 0x01,
    0xF8, 0x3F, 0xF8, 0x00, 0x00, 0x0A, 0x47, 0xFF, 0x40, 0x00, 0x00, 0x00, 0x7F, 0xF4, 0x00, 0x00,
    0x00, 0x0B, 0xFF, 0x00, 0x00, 0x00, 0x00, 0xBF, 0xF4, 0x00, 0x00, 0x00, 0x0B, 0xFF, 0x40, 0x00,
    0x00, 0x00, 0x7F, 0xF4, 0x00, 0x00, 0x00, 0x07, 0xFF, 0x80, 0x00, 0x00, 0x00, 0x3F, 0xFC, 0x00,
    0x00, 0x00, 0x03, 0xFF, 0xD0, 0x00, 0x00, 0x00, 0x1F, 0xFF, 0x00, 0x00, 0x07, 0x00, 0xFF, 0xFD,
    0x00, 0x02, 0xFC, 0x03, 0xFF, 0xFD, 0x56, 0xFF, 0x80, 0x1F, 0xFF, 0xFF, 0xFF, 0xE0, 0x00, 0x3F,
    0xFF, 0xFF, 0xF4, 0x00, 0x00, 0x7F, 0xFF, 0xF8, 0x00, 0x00, 0x00, 0x15, 0x50, 0x00, 0x00, 0x00,
    0x01, 0xA4, 0x00, 0x00, 0x03, 0xFF, 0xC0, 0x00, 0x00, 0xFF, 0xF0, 0x00, 0x00, 0x3F, 0xFC, 0x00,
    0x00, 0x0F, 0xFF, 0x00, 0x00, 0x00, 0xBE, 0x00, 0x00, 0x00, 0x00, 0x00, 0x00, 0x00, 0x00, 0x00,
    0x00, 0x00, 0x01, 0x65, 0x00, 0x00, 0x1F, 0xFF, 0xF8, 0x00, 0x2F, 0xFF, 0xFF, 0xC0, 0x2F, 0xF9,
    0x1B, 0xF8, 0x1F, 0xF8, 0x02, 0xFF, 0x0F, 0xFC, 0x00, 0xFF, 0xC7, 0xFF, 0x00, 0x3F, 0xF2, 0xFF,
    0x80, 0x02, 0xE0, 0xBF, 0xE0, 0x00, 0x00, 0x3F, 0xF8, 0x00, 0x00, 0x0B, 0xFF, 0x00, 0x00, 0x02,
    0xFF, 0xC0, 0x00, 0x00, 0x7F, 0xF4, 0x00, 0x00, 0x0F, 0xFF, 0x40, 0x02, 0x02, 0xFF, 0xF9, 0x6B,
    0xF0, 0x3F, 0xFF, 0xFF, 0xFC, 0x03, 0xFF, 0xFF, 0xF8, 0x00, 0x2F, 0xFF, 0xF4, 0x00, 0x00, 0x55,
    0x40, 0x00, 0x00, 0x00, 0x00, 0x00, 0x00, 0x00, 0x01, 0xE0, 0x00, 0x2C, 0x00, 0x00, 0x1F, 0xD0,
    0x1F, 0xD0, 0x00, 0x00, 0xBF, 0xDF, 0xF4, 0x00, 0x00, 0x02, 0xFF, 0xFE, 0x00, 0x00, 0x00, 0x0F,
    0xFF, 0x80, 0x00, 0x00, 0x00, 0x3F, 0xE0, 0x00, 0x00, 0x00, 0x00, 0xF8, 0x00, 0x00, 0x00, 0x00,
    0x00, 0x00, 0x00, 0x00, 0x00, 0x06, 0xFE, 0x42, 0xE0, 0x00, 0x0B, 0xFF, 0xFF, 0x7F, 0x00, 0x07,
    0xFF, 0xFF, 0xFF, 0xF0, 0x01, 0xFF, 0xF9, 0x6F, 0xFF, 0x00, 0x7F, 0xF8, 0x00, 0x1F, 0xF4, 0x0F,
    0xFF, 0x00, 0x00, 0xBF, 0x41, 0xFF, 0xC0, 0x00, 0x03, 0xF8, 0x3F, 0xFC, 0x00, 0x00, 0x1F, 0x83,
    0xFF, 0x80, 0x00, 0x00, 0xA4, 0x7F, 0xF4, 0x00, 0x00, 0x00, 0x07, 0xFF, 0x40, 0x00, 0x00, 0x00,
    0xBF, 0xF0, 0x00, 0x00, 0x00, 0x0B, 0xFF, 0x40, 0x00, 0x00, 0x00, 0xBF, 0xF4, 0x00, 0x00, 0x00,
    0x07, 0xFF, 0x40, 0x00, 0x00, 0x00, 0x7F, 0xF8, 0x00, 0x00, 0x00, 0x03, 0xFF, 0xC0, 0x00, 0x00,
    0x00, 0x3F, 0xFD, 0x00, 0x00, 0x00, 0x01, 0xFF, 0xF0, 0x00, 0x00, 0x70, 0x0F, 0xFF, 0xD0, 0x00,
    0x2F, 0xC0, 0x3F, 0xFF, 0xD5, 0x6F, 0xF8, 0x01, 0xFF, 0xFF, 0xFF, 0xFE, 0x00, 0x03, 0xFF, 0xFF,
    0xFF, 0x40, 0x00, 0x07, 0xFF, 0xFF, 0x80, 0x00, 0x00, 0x01, 0x55, 0x00, 0x00, 0x00, 0x80, 0x00,
    0x20, 0x00, 0xFD, 0x00, 0x7F, 0x00, 0x0F, 0xE0, 0xBF, 0x00, 0x01, 0xFF, 0xFF, 0x40, 0x00, 0x2F,
    0xFF, 0x80, 0x00, 0x03, 0xFF, 0xC0, 0x00, 0x00, 0x3F, 0xC0, 0x00, 0x00, 0x02, 0x80, 0x00, 0x00,
    0x00, 0x00, 0x00, 0x00, 0x00, 0x59, 0x40, 0x00, 0x07, 0xFF, 0xFE, 0x00, 0x0B, 0xFF, 0xFF, 0xF0,
    0x0B, 0xFE, 0x46, 0xFE, 0x07, 0xFE, 0x00, 0xBF, 0xC3, 0xFF, 0x00, 0x3F, 0xF1, 0xFF, 0xC0, 0x0F,
    0xFC, 0xBF, 0xE0, 0x00, 0xB8, 0x2F, 0xF8, 0x00, 0x00, 0x0F, 0xFE, 0x00, 0x00, 0x02, 0xFF, 0xC0,
    0x00, 0x00, 0xBF, 0xF0, 0x00, 0x00, 0x1F, 0xFD, 0x00, 0x00, 0x03, 0xFF, 0xD0, 0x00, 0x80, 0xBF,
    0xFE, 0x5A, 0xFC, 0x0F, 0xFF, 0xFF, 0xFF, 0x00, 0xFF, 0xFF, 0xFE, 0x00, 0x0B, 0xFF, 0xFD, 0x00,
    0x00, 0x15, 0x50, 0x00, 0x00, 0x00, 0x00, 0x00, 0x00, 0x00, 0x00, 0x2D, 0x00, 0x07, 0x80, 0x00,
    0x00, 0x3F, 0xC0, 0x2F, 0xC0, 0x00, 0x00, 0x0F, 0xF9, 0xFF, 0x00, 0x00, 0x00, 0x03, 0xFF, 0xFC,
    0x00, 0x00, 0x00, 0x00, 0xFF, 0xF4, 0x00, 0x00, 0x00, 0x00, 0x7F, 0xD0, 0x00, 0x00, 0x00, 0x00,
    0x1F, 0x40, 0x00, 0x00, 0x00, 0x00, 0x00, 0x00, 0x00, 0x00, 0x15, 0x55, 0x55, 0x40, 0x00, 0x00,
    0x7F, 0xFF, 0xFF, 0xFF, 0x90, 0x00, 0x7F, 0xFF, 0xFF, 0xFF, 0xFC, 0x00, 0x07, 0xFF, 0xEA, 0xFF,
    0xFF, 0x40, 0x03, 0xFF, 0x80, 0x0B, 0xFF, 0xD0, 0x03, 0xFF, 0x80, 0x01, 0xFF, 0xF0, 0x03, 0xFF,
    0x80, 0x00, 0xBF, 0xF8, 0x03, 0xFF, 0x80, 0x00, 0x3F, 0xFC, 0x03, 0xFF, 0x80, 0x00, 0x2F, 0xFC,
    0x03, 0xFF, 0x80, 0x00, 0x2F, 0xFD, 0x03, 0xFF, 0x80, 0x00, 0x1F, 0xFD, 0x03, 0xFF, 0x80, 0x00,
    0x1F, 0xFE, 0x03, 0xFF, 0x80, 0x00, 0x1F, 0xFE, 0x03, 0xFF, 0x80, 0x00, 0x1F, 0xFD, 0x03, 0xFF,
    0x80, 0x00, 0x2F, 0xFD, 0x03, 0xFF, 0x80, 0x00, 0x2F, 0xFC, 0x03, 0xFF, 0x80, 0x00, 0x3F, 0xFC,
    0x03, 0xFF, 0x80, 0x00, 0x7F, 0xF4, 0x03, 0xFF, 0x80, 0x00, 0xFF, 0xF0, 0x03, 0xFF, 0x80, 0x02,
    0xFF, 0xC0, 0x03, 0xFF, 0x80, 0x1F, 0xFF, 0x40, 0x2F, 0xFF, 0xFF, 0xFF, 0xFD, 0x00, 0x7F, 0xFF,
    0xFF, 0xFF, 0xD0, 0x00, 0x7F, 0xFF, 0xFF, 0xE4, 0x00, 0x00, 0x00, 0x00, 0x05, 0x56, 0x90, 0x64,
    0x00, 0x00, 0x03, 0xFF, 0xFC, 0xBF, 0x80, 0x00, 0x00, 0xFF, 0xFF, 0x3F, 0xF0, 0x00, 0x00, 0x07,
    0xFF, 0xC7, 0xFC, 0x00, 0x00, 0x00, 0xBF, 0xF0, 0x7F, 0x00, 0x00, 0x00, 0x2F, 0xFC, 0x1F, 0x80,
    0x00, 0x00, 0x0B, 0xFF, 0x0B, 0xC0, 0x00, 0x00, 0x02, 0xFF, 0xC3, 0xE0, 0x00, 0x05, 0x94, 0xBF,
    0xF2, 0xF0, 0x00, 0x2F, 0xFF, 0xFF, 0xFC, 0x20, 0x00, 0x3F, 0xFF, 0xFF, 0xFF, 0x00, 0x00, 0x3F,
    0xFE, 0xBF, 0xFF, 0xC0, 0x00, 0x2F, 0xFC, 0x00, 0xFF, 0xF0, 0x00, 0x0F, 0xFD, 0x00, 0x2F, 0xFC,
    0x00, 0x07, 0xFF, 0x00, 0x0B, 0xFF, 0x00, 0x02, 0xFF, 0xC0, 0x02, 0xFF, 0xC0, 0x00, 0xBF, 0xF0,
    0x00, 0xBF, 0xF0, 0x00, 0x2F, 0xFC, 0x00, 0x2F, 0xFC, 0x00, 0x0B, 0xFF, 0x00, 0x0B, 0xFF, 0x00,
    0x02, 0xFF, 0xC0, 0x02, 0xFF, 0xC0, 0x00, 0xBF, 0xF0, 0x00, 0xBF, 0xF0, 0x00, 0x1F, 0xFD, 0x00,
    0x3F, 0xFC, 0x00, 0x03, 0xFF, 0xD0, 0x2F, 0xFF, 0x00, 0x00, 0x7F, 0xFF, 0xFF, 0xFF, 0xE4, 0x00,
    0x0B, 0xFF, 0xFF, 0x3F, 0xFF, 0x00, 0x00, 0x7F, 0xFE, 0x0F, 0xFF, 0xC0, 0x00, 0x01, 0x54, 0x00,
    0x00, 0x00, 0x00, 0x05, 0x55, 0x55, 0x50, 0x00, 0x00, 0x07, 0xFF, 0xFF, 0xFF, 0xF9, 0x00, 0x01,
    0xFF, 0xFF, 0xFF, 0xFF, 0xF0, 0x00, 0x07, 0xFF, 0xEA, 0xFF, 0xFF, 0x40, 0x00, 0xFF, 0xE0, 0x02,
    0xFF, 0xF4, 0x00, 0x3F, 0xF8, 0x00, 0x1F, 0xFF, 0x00, 0x0F, 0xFE, 0x00, 0x02, 0xFF, 0xE0, 0x03,
    0xFF, 0x80, 0x00, 0x3F, 0xFC, 0x00, 0xFF, 0xE0, 0x00, 0x0B, 0xFF, 0x00, 0x3F, 0xF8, 0x00, 0x02,
    0xFF, 0xD2, 0xAF, 0xFF, 0xAA, 0x00, 0x7F, 0xF5, 0xFF, 0xFF, 0xFF, 0xD0, 0x1F, 0xFE, 0x7F, 0xFF,
    0xFF, 0xF4, 0x07, 0xFF, 0x9A, 0xBF, 0xFE, 0xA8, 0x01, 0xFF, 0xD0, 0x0F, 0xFE, 0x00, 0x00, 0xBF,
    0xF4, 0x03, 0xFF, 0x80, 0x00, 0x2F, 0xFC, 0x00, 0xFF, 0xE0, 0x00, 0x0F, 0xFF, 0x00, 0x3F, 0xF8,
    0x00, 0x07, 0xFF, 0x40, 0x0F, 0xFE, 0x00, 0x03, 0xFF, 0xC0, 0x03, 0xFF, 0x80, 0x02, 0xFF, 0xC0,
    0x00, 0xFF, 0xE0, 0x07, 0xFF, 0xD0, 0x02, 0xFF, 0xFF, 0xFF, 0xFF, 0xD0, 0x01, 0xFF, 0xFF, 0xFF,
    0xFF, 0x40, 0x00, 0x7F, 0xFF, 0xFF, 0xE4, 0x00, 0x00, 0x00, 0x00, 0x05, 0x56, 0x90, 0x00, 0x00,
    0x03, 0xFF, 0xFC, 0x00, 0x00, 0x00, 0xFF, 0xFF, 0x00, 0x00, 0x00, 0x07, 0xFF, 0xC0, 0x00, 0x00,
    0x00, 0xBF, 0xF0, 0x00, 0x00, 0xFF, 0xFF, 0xFF, 0xE0, 0x00, 0x7F, 0xFF, 0xFF, 0xFC, 0x00, 0x05,
    0x56, 0xFF, 0xD5, 0x00, 0x05, 0x94, 0xBF, 0xF0, 0x00, 0x2F, 0xFF, 0xFF, 0xFC, 0x00, 0x3F, 0xFF,
    0xFF, 0xFF, 0x00, 0x3F, 0xFE, 0xBF, 0xFF, 0xC0, 0x2F, 0xFC, 0x00, 0xFF, 0xF0, 0x0F, 0xFD, 0x00,
    0x2F, 0xFC, 0x07, 0xFF, 0x00, 0x0B, 0xFF, 0x02, 0xFF, 0xC0, 0x02, 0xFF, 0xC0, 0xBF, 0xF0, 0x00,
    0xBF, 0xF0, 0x2F, 0xFC, 0x00, 0x2F, 0xFC, 0x0B, 0xFF, 0x00, 0x0B, 0xFF, 0x02, 0xFF, 0xC0, 0x02,
    0xFF, 0xC0, 0xBF, 0xF0, 0x00, 0xBF, 0xF0, 0x1F, 0xFD, 0x00, 0x3F, 0xFC, 0x03, 0xFF, 0xD0, 0x2F,
    0xFF, 0x00, 0x7F, 0xFF, 0xFF, 0xFF, 0xE4, 0x0B, 0xFF, 0xFF, 0x3F, 0xFF, 0x00, 0x7F, 0xFE, 0x0F,
    0xFF, 0xC0, 0x01, 0x54, 0x00, 0x00, 0x00, 0x00, 0x3F, 0xFF, 0xFE, 0x00, 0x00, 0x7F, 0xFF, 0xFE,
    0x00, 0x00, 0x7F, 0xFF, 0xFE, 0x00, 0x00, 0x2A, 0xAA, 0xA9, 0x00, 0x00, 0x00, 0x00, 0x00, 0x00,
    0x00, 0x00, 0x00, 0x00, 0x00, 0x15, 0x55, 0x55, 0x55, 0x50, 0x7F, 0xFF, 0xFF, 0xFF, 0xF4, 0x7F,
    0xFF, 0xFF, 0xFF, 0xF8, 0x07, 0xFF, 0xD5, 0x6F, 0xF8, 0x03, 0xFF, 0x80, 0x03, 0xFC, 0x03, 0xFF,
    0x80, 0x01, 0xFC, 0x03, 0xFF, 0x80, 0x00, 0xFC, 0x03, 0xFF, 0x80, 0x00, 0x00, 0x03, 0xFF, 0x80,
    0x3C, 0x00, 0x03, 0xFF, 0x80, 0x7C, 0x00, 0x03, 0xFF, 0xC1, 0xFC, 0x00, 0x03, 0xFF, 0xFF, 0xFC,
    0x00, 0x03, 0xFF, 0xFF, 0xFC, 0x00, 0x03, 0xFF, 0xEA, 0xFC, 0x00, 0x03, 0xFF, 0x80, 0x7C, 0x00,
    0x03, 0xFF, 0x80, 0x3C, 0x00, 0x03, 0xFF, 0x80, 0x00, 0x00, 0x03, 0xFF, 0x80, 0x00, 0x7F, 0x03,
    0xFF, 0x80, 0x00, 0xBE, 0x03, 0xFF, 0x80, 0x00, 0xFE, 0x03, 0xFF, 0x80, 0x02, 0xFD, 0x2F, 0xFF,
    0xFF, 0xFF, 0xFD, 0x7F, 0xFF, 0xFF, 0xFF, 0xFC, 0x7F, 0xFF, 0xFF, 0xFF, 0xFC, 0x00, 0x55, 0x55,
    0x50, 0x00, 0x7F, 0xFF, 0xFD, 0x00, 0x1F, 0xFF, 0xFF, 0x40, 0x07, 0xFF, 0xFF, 0xD0, 0x00, 0x00,
    0x00, 0x00, 0x00, 0x00, 0x00, 0x00, 0x00, 0x00, 0x00, 0x00, 0x00, 0x00, 0x05, 0x94, 0x00, 0x00,
    0x7F, 0xFF, 0xE0, 0x00, 0xBF, 0xFF, 0xFF, 0x00, 0xBF, 0xD0, 0x7F, 0xE0, 0x7F, 0xE0, 0x0B, 0xFC,
    0x3F, 0xF0, 0x02, 0xFF, 0x5F, 0xFC, 0x00, 0xBF, 0xEB, 0xFF, 0x55, 0x7F, 0xFA, 0xFF, 0xFF, 0xFF,
    0xFD, 0xFF, 0xFF, 0xFF, 0xFF, 0x6F, 0xFC, 0x00, 0x00, 0x0B, 0xFF, 0x00, 0x00, 0x01, 0xFF, 0xD0,
    0x00, 0x00, 0x3F, 0xFC, 0x00, 0x0B, 0x0B, 0xFF, 0xE5, 0x6F, 0xE0, 0xFF, 0xFF, 0xFF, 0xF0, 0x0F,
    0xFF, 0xFF, 0xF0, 0x00, 0xBF, 0xFF, 0xD0, 0x00, 0x00, 0x55, 0x00, 0x00, 0x00, 0x70, 0x00, 0x0A,
    0x00, 0x00, 0xB8, 0x00, 0x1F, 0x00, 0x00, 0x7E, 0x00, 0x7E, 0x00, 0x00, 0x3F, 0xEB, 0xFD, 0x00,
    0x00, 0x2F, 0xFF, 0xFC, 0x00, 0x00, 0x0F, 0xFF, 0xF0, 0x00, 0x00, 0x01, 0xFF, 0x40, 0x00, 0x00,
    0x00, 0x00, 0x00, 0x00, 0x15, 0x55, 0x55, 0x55, 0x50, 0x7F, 0xFF, 0xFF, 0xFF, 0xF4, 0x7F, 0xFF,
    0xFF, 0xFF, 0xF8, 0x07, 0xFF, 0xD5, 0x6F, 0xF8, 0x03, 0xFF, 0x80, 0x03, 0xFC, 0x03, 0xFF, 0x80,
    0x01, 0xFC, 0x03, 0xFF, 0x80, 0x00, 0xFC, 0x03, 0xFF, 0x80, 0x00, 0x00, 0x03, 0xFF, 0x80, 0x3C,
    0x00, 0x03, 0xFF, 0x80, 0x7C, 0x00, 0x03, 0xFF, 0xC1, 0xFC, 0x00, 0x03, 0xFF, 0xFF, 0xFC, 0x00,
    0x03, 0xFF, 0xFF, 0xFC, 0x00, 0x03, 0xFF, 0xEA, 0xFC, 0x00, 0x03, 0xFF, 0x80, 0x7C, 0x00, 0x03,
    0xFF, 0x80, 0x3C, 0x00, 0x03, 0xFF, 0x80, 0x00, 0x00, 0x03, 0xFF, 0x80, 0x00, 0x7F, 0x03, 0xFF,
    0x80, 0x00, 0xBE, 0x03, 0xFF, 0x80, 0x00, 0xFE, 0x03, 0xFF, 0x80, 0x02, 0xFD, 0x2F, 0xFF, 0xFF,
    0xFF, 0xFD, 0x7F, 0xFF, 0xFF, 0xFF, 0xFC, 0x7F, 0xFF, 0xFF, 0xFF, 0xFC, 0x00, 0x40, 0x00, 0x10,
    0x00, 0xF8, 0x00, 0x1F, 0x00, 0x2F, 0x00, 0x0F, 0x80, 0x07, 0xF4, 0x1F, 0xC0, 0x00, 0xFF, 0xFF,
    0xF0, 0x00, 0x1F, 0xFF, 0xF0, 0x00, 0x01, 0xFF, 0xF0, 0x00, 0x00, 0x05, 0x50, 0x00, 0x00, 0x00,
    0x00, 0x00, 0x00, 0x00, 0x59, 0x40, 0x00, 0x07, 0xFF, 0xFE, 0x00, 0x0B, 0xFF, 0xFF, 0xF0, 0x0B,
    0xFD, 0x07, 0xFE, 0x07, 0xFE, 0x00, 0xBF, 0xC3, 0xFF, 0x00, 0x2F, 0xF5, 0xFF, 0xC0, 0x0B, 0xFE,
    0xBF, 0xF5, 0x57, 0xFF, 0xAF, 0xFF, 0xFF, 0xFF, 0xDF, 0xFF, 0xFF, 0xFF, 0xF6, 0xFF, 0xC0, 0x00,
    0x00, 0xBF, 0xF0, 0x00, 0x00, 0x1F, 0xFD, 0x00, 0x00, 0x03, 0xFF, 0xC0, 0x00, 0xB0, 0xBF, 0xFE,
    0x56, 0xFE, 0x0F, 0xFF, 0xFF, 0xFF, 0x00, 0xFF, 0xFF, 0xFF, 0x00, 0x0B, 0xFF, 0xFD, 0x00, 0x00,
    0x05, 0x50, 0x00, 0x00, 0x00, 0x00, 0x00, 0x00, 0x00, 0x00, 0xFF, 0x40, 0x00, 0x00, 0x03, 0xFF,
    0xC0, 0x00, 0x00, 0x03, 0xFF, 0xD0, 0x00, 0x00, 0x03, 0xFF, 0xC0, 0x00, 0x00, 0x01, 0xFF, 0x80,
    0x00, 0x00, 0x00, 0x14, 0x00, 0x00, 0x00, 0x00, 0x00, 0x00, 0x00, 0x15, 0x55, 0x55, 0x55, 0x50,
    0x7F, 0xFF, 0xFF, 0xFF, 0xF4, 0x7F, 0xFF, 0xFF, 0xFF, 0xF8, 0x07, 0xFF, 0xD5, 0x6F, 0xF8, 0x03,
    0xFF, 0x80, 0x03, 0xFC, 0x03, 0xFF, 0x80, 0x01, 0xFC, 0x03, 0xFF, 0x80, 0x00, 0xFC, 0x03, 0xFF,
    0x80, 0x00, 0x00, 0x03, 0xFF, 0x80, 0x3C, 0x00, 0x03, 0xFF, 0x80, 0x7C, 0x00, 0x03, 0xFF, 0xC1,
    0xFC, 0x00, 0x03, 0xFF, 0xFF, 0xFC, 0x00, 0x03, 0xFF, 0xFF, 0xFC, 0x00, 0x03, 0xFF, 0xEA, 0xFC,
    0x00, 0x03, 0xFF, 0x80, 0x7C, 0x00, 0x03, 0xFF, 0x80, 0x3C, 0x00, 0x03, 0xFF, 0x80, 0x00, 0x00,
    0x03, 0xFF, 0x80, 0x00, 0x7F, 0x03, 0xFF, 0x80, 0x00, 0xBE, 0x03, 0xFF, 0x80, 0x00, 0xFE, 0x03,
    0xFF, 0x80, 0x02, 0xFD, 0x2F, 0xFF, 0xFF, 0xFF, 0xFD, 0x7F, 0xFF, 0xFF, 0xFF, 0xFC, 0x7F, 0xFF,
    0xFF, 0xFF, 0xFC, 0x00, 0x01, 0xA4, 0x00, 0x00, 0x03, 0xFF, 0xC0, 0x00, 0x00, 0xFF, 0xF0, 0x00,
    0x00, 0x3F, 0xFC, 0x00, 0x00, 0x0F, 0xFF, 0x00, 0x00, 0x00, 0xBE, 0x00, 0x00, 0x00, 0x00, 0x00,
    0x00, 0x00, 0x00, 0x00, 0x00, 0x00, 0x01, 0x65, 0x00, 0x00, 0x1F, 0xFF, 0xF8, 0x00, 0x2F, 0xFF,
    0xFF, 0xC0, 0x2F, 0xF4, 0x1F, 0xF8, 0x1F, 0xF8, 0x02, 0xFF, 0x0F, 0xFC, 0x00, 0xBF, 0xD7, 0xFF,
    0x00, 0x2F, 0xFA, 0xFF, 0xD5, 0x5F, 0xFE, 0xBF, 0xFF, 0xFF, 0xFF, 0x7F, 0xFF, 0xFF, 0xFF, 0xDB,
    0xFF, 0x00, 0x00, 0x02, 0xFF, 0xC0, 0x00, 0x00, 0x7F, 0xF4, 0x00, 0x00, 0x0F, 0xFF, 0x00, 0x02,
    0xC2, 0xFF, 0xF9, 0x5B, 0xF8, 0x3F, 0xFF, 0xFF, 0xFC, 0x03, 0xFF, 0xFF, 0xFC, 0x00, 0x2F, 0xFF,
    0xF4, 0x00, 0x00, 0x15, 0x40, 0x00, 0x15, 0x55, 0x55, 0x55, 0x50, 0x7F, 0xFF, 0xFF, 0xFF, 0xF4,
    0x7F, 0xFF, 0xFF, 0xFF, 0xF8, 0x07, 0xFF, 0xD5, 0x6F, 0xF8, 0x03, 0xFF, 0x80, 0x03, 0xFC, 0x03,
    0xFF, 0x80, 0x01, 0xFC, 0x03, 0xFF, 0x80, 0x00, 0xFC, 0x03, 0xFF, 0x80, 0x00, 0x00, 0x03, 0xFF,
    0x80, 0x3C, 0x00, 0x03, 0xFF, 0x80, 0x7C, 0x00, 0x03, 0xFF, 0xC1, 0xFC, 0x00, 0x03, 0xFF, 0xFF,
    0xFC, 0x00, 0x03, 0xFF, 0xFF, 0xFC, 0x00, 0x03, 0xFF, 0xEA, 0xFC, 0x00, 0x03, 0xFF, 0x80, 0x7C,
    0x00, 0x03, 0xFF, 0x80, 0x3C, 0x00, 0x03, 0xFF, 0x80, 0x00, 0x00, 0x03, 0xFF, 0x80, 0x00, 0x7F,
    0x03, 0xFF, 0x80, 0x00, 0xBE, 0x03, 0xFF, 0x80, 0x00, 0xFE, 0x03, 0xFF, 0x80, 0x02, 0xFD, 0x2F,
    0xFF, 0xFF, 0xFF, 0xFD, 0x7F, 0xFF, 0xFF, 0xFF, 0xFC, 0x7F, 0xFF, 0xFF, 0xFF, 0xFC, 0x00, 0x00,
    0x00, 0x07, 0xF4, 0x00, 0x00, 0x00, 0x2F, 0x80, 0x00, 0x00, 0x00, 0xFF, 0x00, 0x00, 0x00, 0x02,
    0xFD, 0x00, 0x00, 0x00, 0x03, 0xFD, 0x00, 0x00, 0x00, 0x03, 0xFF, 0xF8, 0x00, 0x00, 0x01, 0xFF,
    0xFC, 0x00, 0x00, 0x00, 0xBF, 0xD0, 0x00, 0x00, 0x00, 0x00, 0x00, 0x00, 0x01, 0x65, 0x00, 0x00,
    0x1F, 0xFF, 0xF8, 0x00, 0x2F, 0xFF, 0xFF, 0xC0, 0x2F, 0xF4, 0x1F, 0xF8, 0x1F, 0xF8, 0x02, 0xFF,
    0x0F, 0xFC, 0x00, 0xBF, 0xD7, 0xFF, 0x00, 0x2F, 0xFA, 0xFF, 0xD5, 0x5F, 0xFE, 0xBF, 0xFF, 0xFF,
    0xFF, 0x7F, 0xFF, 0xFF, 0xFF, 0xDB, 0xFF, 0x00, 0x00, 0x02, 0xFF, 0xC0, 0x00, 0x00, 0x7F, 0xF4,
    0x00, 0x00, 0x0F, 0xFF, 0x00, 0x02, 0xC2, 0xFF, 0xF9, 0x5B, 0xF8, 0x3F, 0xFF, 0xFF, 0xFC, 0x03,
    0xFF, 0xFF, 0xFC, 0x00, 0x2F, 0xFF, 0xF8, 0x00, 0x00, 0x16, 0xF8, 0x00, 0x00, 0x01, 0xF8, 0x00,
    0x00, 0x01, 0xFC, 0x00, 0x00, 0x00, 0xFF, 0x00, 0x00, 0x00, 0x7F, 0xC0, 0x00, 0x00, 0x1F, 0xFF,
    0xC0, 0x00, 0x03, 0xFF, 0xF4, 0x00, 0x00, 0x3F, 0xE0, 0x00, 0x00, 0x00, 0x00, 0x00, 0x00, 0x00,
    0x00, 0x00, 0x00, 0x00, 0xB4, 0x00, 0x0F, 0x00, 0x00, 0xBF, 0x40, 0xBF, 0x00, 0x00, 0x3F, 0xE7,
    0xFC, 0x00, 0x00, 0x0F, 0xFF, 0xF4, 0x00, 0x00, 0x03, 0xFF, 0xD0, 0x00, 0x00, 0x00, 0xFF, 0x40,
    0x00, 0x00, 0x00, 0x7D, 0x00, 0x00, 0x00, 0x00, 0x00, 0x00, 0x00, 0x15, 0x55, 0x55, 0x55, 0x50,
    0x7F, 0xFF, 0xFF, 0xFF, 0xF4, 0x7F, 0xFF, 0xFF, 0xFF, 0xF8, 0x07, 0xFF, 0xD5, 0x6F, 0xF8, 0x03,
    0xFF, 0x80, 0x03, 0xFC, 0x03, 0xFF, 0x80, 0x01, 0xFC, 0x03, 0xFF, 0x80, 0x00, 0xFC, 0x03, 0xFF,
    0x80, 0x00, 0x00, 0x03, 0xFF, 0x80, 0x3C, 0x00, 0x03, 0xFF, 0x80, 0x7C, 0x00, 0x03, 0xFF, 0xC1,
    0xFC, 0x00, 0x03, 0xFF, 0xFF, 0xFC, 0x00, 0x03, 0xFF, 0xFF, 0xFC, 0x00, 0x03, 0xFF, 0xEA, 0xFC,
    0x00, 0x03, 0xFF, 0x80, 0x7C, 0x00, 0x03, 0xFF, 0x80, 0x3C, 0x00, 0x03, 0xFF, 0x80, 0x00, 0x00,
    0x03, 0xFF, 0x80, 0x00, 0x7F, 0x03, 0xFF, 0x80, 0x00, 0xBE, 0x03, 0xFF, 0x80, 0x00, 0xFE, 0x03,
    0xFF, 0x80, 0x02, 0xFD, 0x2F, 0xFF, 0xFF, 0xFF, 0xFD, 0x7F, 0xFF, 0xFF, 0xFF, 0xFC, 0x7F, 0xFF,
    0xFF, 0xFF, 0xFC, 0x00, 0x80, 0x00, 0x20, 0x00, 0xFD, 0x00, 0x7F, 0x00, 0x0F, 0xE0, 0xBF, 0x00,
    0x01, 0xFF, 0xFF, 0x40, 0x00, 0x2F, 0xFF, 0x80, 0x00, 0x03, 0xFF, 0xC0, 0x00, 0x00, 0x3F, 0xC0,
    0x00, 0x00, 0x02, 0x80, 0x00, 0x00, 0x00, 0x00, 0x00, 0x00, 0x00, 0x59, 0x40, 0x00, 0x07, 0xFF,
    0xFE, 0x00, 0x0B, 0xFF, 0xFF, 0xF0, 0x0B, 0xFD, 0x07, 0xFE, 0x07, 0xFE, 0x00, 0xBF, 0xC3, 0xFF,
    0x00, 0x2F, 0xF5, 0xFF, 0xC0, 0x0B, 0xFE, 0xBF, 0xF5, 0x57, 0xFF, 0xAF, 0xFF, 0xFF, 0xFF, 0xDF,
    0xFF, 0xFF, 0xFF, 0xF6, 0xFF, 0xC0, 0x00, 0x00, 0xBF, 0xF0, 0x00, 0x00, 0x1F, 0xFD, 0x00, 0x00,
    0x03, 0xFF, 0xC0, 0x00, 0xB0, 0xBF, 0xFE, 0x56, 0xFE, 0x0F, 0xFF, 0xFF, 0xFF, 0x00, 0xFF, 0xFF,
    0xFF, 0x00, 0x0B, 0xFF, 0xFD, 0x00, 0x00, 0x05, 0x50, 0x00, 0x00, 0x00, 0x07, 0xC0, 0x00, 0x00,
    0x00, 0x00, 0x1F, 0xF0, 0x00, 0x00, 0x00, 0x00, 0x3F, 0xFC, 0x00, 0x00, 0x00, 0x00, 0xFF, 0xFF,
    0x00, 0x00, 0x00, 0x03, 0xFE, 0xFF, 0x80, 0x00, 0x00, 0x0F, 0xF0, 0x1F, 0xE0, 0x00, 0x00, 0x0B,
    0x40, 0x02, 0xD0, 0x00, 0x00, 0x00, 0x00, 0x00, 0x00, 0x00, 0x00, 0x00, 0x6B, 0xE8, 0x1F, 0x00,
    0x00, 0x0B, 0xFF, 0xFF, 0xAF, 0x00, 0x00, 0x7F, 0xFF, 0xFF, 0xFF, 0x40, 0x01, 0xFF, 0xF9, 0x5B,
    0xFF, 0x80, 0x03, 0xFF, 0xC0, 0x00, 0xFF, 0x80, 0x0F, 0xFF, 0x00, 0x00, 0x3F, 0xC0, 0x1F, 0xFD,
    0x00, 0x00, 0x1F, 0xC0, 0x3F, 0xFC, 0x00, 0x00, 0x0F, 0xC0, 0x3F, 0xF8, 0x00, 0x00, 0x06, 0x40,
    0x7F, 0xF4, 0x00, 0x00, 0x00, 0x00, 0x7F, 0xF4, 0x00, 0x00, 0x00, 0x00, 0xBF, 0xF0, 0x00, 0x00,
    0x00, 0x00, 0xBF, 0xF4, 0x00, 0x0A, 0xAA, 0xAA, 0xBF, 0xF4, 0x00, 0x1F, 0xFF, 0xFF, 0x7F, 0xF4,
    0x00, 0x1F, 0xFF, 0xFE, 0x7F, 0xF8, 0x00, 0x00, 0xFF, 0xE0, 0x3F, 0xFC, 0x00, 0x00, 0xBF, 0xD0,
    0x3F, 0xFD, 0x00, 0x00, 0xBF, 0xD0, 0x1F, 0xFF, 0x00, 0x00, 0xBF, 0xD0, 0x0F, 0xFF, 0xC0, 0x00,
    0xFF, 0xD0, 0x07, 0xFF, 0xF9, 0x5B, 0xFF, 0xD0, 0x01, 0xFF, 0xFF, 0xFF, 0xFF, 0xD0, 0x00, 0x7F,
    0xFF, 0xFF, 0xDF, 0xD0, 0x00, 0x0B, 0xFF, 0xFE, 0x0B, 0xD0, 0x00, 0x00, 0x15, 0x40, 0x00, 0x00,
    0x00, 0x00, 0xA0, 0x00, 0x00, 0x00, 0x00, 0xFF, 0x00, 0x00, 0x00, 0x00, 0xFF, 0xF0, 0x00, 0x00,
    0x00, 0xBF, 0xFE, 0x00, 0x00, 0x00, 0x7F, 0xAF, 0xD0, 0x00, 0x00, 0x3F, 0x41, 0xFC, 0x00, 0x00,
    0x2F, 0x00, 0x0F, 0x41, 0x40, 0x02, 0x00, 0x00, 0x47, 0xFC, 0x00, 0x00, 0x00, 0x03, 0xFF, 0x40,
    0x00, 0x69, 0x42, 0xFF, 0xC0, 0x0B, 0xFF, 0xFF, 0xE2, 0xE0, 0x0F, 0xFF, 0xFF, 0xF8, 0x00, 0x0F,
    0xFE, 0x07, 0xFF, 0x00, 0x07, 0xFF, 0x00, 0xBF, 0xF0, 0x02, 0xFF, 0x80, 0x0F, 0xFC, 0x00, 0xFF,
    0xE0, 0x03, 0xFF, 0x00, 0x2F, 0xF8, 0x00, 0xFF, 0xC0, 0x0B, 0xFF, 0x00, 0xBF, 0xF0, 0x00, 0xFF,
    0xF4, 0x7F, 0xF4, 0x00, 0x1F, 0xFF, 0xFF, 0xF8, 0x00, 0x01, 0xFF, 0xFF, 0xF4, 0x00, 0x01, 0xFD,
    0xAA, 0x40, 0x00, 0x00, 0xFE, 0x00, 0x00, 0x00, 0x00, 0x3F, 0xD0, 0x00, 0x00, 0x00, 0x0F, 0xFF,
    0xFF, 0xFF, 0x90, 0x01, 0xFF, 0xFF, 0xFF, 0xFD, 0x00, 0x1F, 0xFF, 0xFF, 0xFF, 0xC0, 0x2F, 0xFA,
    0xAB, 0xFF, 0xF4, 0x3F, 0xF0, 0x00, 0x2F, 0xFD, 0x1F, 0xF8, 0x00, 0x07, 0xFF, 0x07, 0xFE, 0x00,
    0x02, 0xFF, 0xC1, 0xFF, 0xE0, 0x07, 0xFF, 0xD0, 0x3F, 0xFF, 0xFF, 0xFF, 0xD0, 0x02, 0xFF, 0xFF,
    0xFF, 0x80, 0x00, 0x05, 0xAA, 0xA4, 0x00, 0x00, 0x00, 0x0B, 0x00, 0x01, 0x90, 0x00, 0x00, 0x0F,
    0x40, 0x02, 0xE0, 0x00, 0x00, 0x0F, 0xD0, 0x0B, 0xD0, 0x00, 0x00, 0x07, 0xFE, 0xBF, 0xC0, 0x00,
    0x00, 0x03, 0xFF, 0xFF, 0x80, 0x00, 0x00, 0x00, 0xFF, 0xFE, 0x00, 0x00, 0x00, 0x00, 0x2F, 0xE4,
    0x00, 0x00, 0x00, 0x00, 0x00, 0x00, 0x00, 0x00, 0x00, 0x00, 0x6B, 0xE8, 0x1F, 0x00, 0x00, 0x0B,
    0xFF, 0xFF, 0xAF, 0x00, 0x00, 0x7F, 0xFF, 0xFF, 0xFF, 0x40, 0x01, 0xFF, 0xF9, 0x5B, 0xFF, 0x80,
    0x03, 0xFF, 0xC0, 0x00, 0xFF, 0x80, 0x0F, 0xFF, 0x00, 0x00, 0x3F, 0xC0, 0x1F, 0xFD, 0x00, 0x00,
    0x1F, 0xC0, 0x3F, 0xFC, 0x00, 0x00, 0x0F, 0xC0, 0x3F, 0xF8, 0x00, 0x00, 0x06, 0x40, 0x7F, 0xF4,
    0x00, 0x00, 0x00, 0x00, 0x7F, 0xF4, 0x00, 0x00, 0x00, 0x00, 0xBF, 0xF0, 0x00, 0x00, 0x00, 0x00,
    0xBF, 0xF4, 0x00, 0x0A, 0xAA, 0xAA, 0xBF, 0xF4, 0x00, 0x1F, 0xFF, 0xFF, 0x7F, 0xF4, 0x00, 0x1F,
    0xFF, 0xFE, 0x7F, 0xF8, 0x00, 0x00, 0xFF, 0xE0, 0x3F, 0xFC, 0x00, 0x00, 0xBF, 0xD0, 0x3F, 0xFD,
    0x00, 0x00, 0xBF, 0xD0, 0x1F, 0xFF, 0x00, 0x00, 0xBF, 0xD0, 0x0F, 0xFF, 0xC0, 0x00, 0xFF, 0xD0,
    0x07, 0xFF, 0xF9, 0x5B, 0xFF, 0xD0, 0x01, 0xFF, 0xFF, 0xFF, 0xFF, 0xD0, 0x00, 0x7F, 0xFF, 0xFF,
    0xDF, 0xD0, 0x00, 0x0B, 0xFF, 0xFE, 0x0B, 0xD0, 0x00, 0x00, 0x15, 0x40, 0x00, 0x00, 0x00, 0x50,
    0x00, 0x14, 0x00, 0x00, 0x7C, 0x00, 0x0F, 0x00, 0x00, 0x1F, 0x40, 0x0F, 0xC0, 0x00, 0x03, 0xF8,
    0x0B, 0xE0, 0x00, 0x00, 0xBF, 0xFF, 0xF0, 0x00, 0x00, 0x0F, 0xFF, 0xF4, 0x00, 0x00, 0x00, 0xFF,
    0xF4, 0x01, 0x40, 0x00, 0x01, 0x50, 0x07, 0xFC, 0x00, 0x00, 0x00, 0x03, 0xFF, 0x40, 0x00, 0x69,
    0x42, 0xFF, 0xC0, 0x0B, 0xFF, 0xFF, 0xE2, 0xE0, 0x0F, 0xFF, 0xFF, 0xF8, 0x00, 0x0F, 0xFE, 0x07,
    0xFF, 0x00, 0x07, 0xFF, 0x00, 0xBF, 0xF0, 0x02, 0xFF, 0x80, 0x0F, 0xFC, 0x00, 0xFF, 0xE0, 0x03,
    0xFF, 0x00, 0x2F, 0xF8, 0x00, 0xFF, 0xC0, 0x0B, 0xFF, 0x00, 0xBF, 0xF0, 0x00, 0xFF, 0xF4, 0x7F,
    0xF4, 0x00, 0x1F, 0xFF, 0xFF, 0xF8, 0x00, 0x01, 0xFF, 0xFF, 0xF4, 0x00, 0x01, 0xFD, 0xAA, 0x40,
    0x00, 0x00, 0xFE, 0x00, 0x00, 0x00, 0x00, 0x3F, 0xD0, 0x00, 0x00, 0x00, 0x0F, 0xFF, 0xFF, 0xFF,
    0x90, 0x01, 0xFF, 0xFF, 0xFF, 0xFD, 0x00, 0x1F, 0xFF, 0xFF, 0xFF, 0xC0, 0x2F, 0xFA, 0xAB, 0xFF,
    0xF4, 0x3F, 0xF0, 0x00, 0x2F, 0xFD, 0x1F, 0xF8, 0x00, 0x07, 0xFF, 0x07, 0xFE, 0x00, 0x02, 0xFF,
    0xC1, 0xFF, 0xE0, 0x07, 0xFF, 0xD0, 0x3F, 0xFF, 0xFF, 0xFF, 0xD0, 0x02, 0xFF, 0xFF, 0xFF, 0x80,
    0x00, 0x05, 0xAA, 0xA4, 0x00, 0x00, 0x00, 0x00, 0x00, 0x00, 0x00, 0x00, 0x00, 0x00, 0x1F, 0xF0,
    0x00, 0x00, 0x00, 0x00, 0x3F, 0xFC, 0x00, 0x00, 0x00, 0x00, 0x7F, 0xFC, 0x00, 0x00, 0x00, 0x00,
    0x7F, 0xFC, 0x00, 0x00, 0x00, 0x00, 0x2F, 0xF4, 0x00, 0x00, 0x00, 0x00, 0x01, 0x40, 0x00, 0x00,
    0x00, 0x00, 0x00, 0x00, 0x00, 0x00, 0x00, 0x00, 0x6B, 0xE8, 0x1F, 0x00, 0x00, 0x0B, 0xFF, 0xFF,
    0xAF, 0x00, 0x00, 0x7F, 0xFF, 0xFF, 0xFF, 0x40, 0x01, 0xFF, 0xF9, 0x5B, 0xFF, 0x80, 0x03, 0xFF,
    0xC0, 0x00, 0xFF, 0x80, 0x0F, 0xFF, 0x00, 0x00, 0x3F, 0xC0, 0x1F, 0xFD, 0x00, 0x00, 0x1F, 0xC0,
    0x3F, 0xFC, 0x00, 0x00, 0x0F, 0xC0, 0x3F, 0xF8, 0x00, 0x00, 0x06, 0x40, 0x7F, 0xF4, 0x00, 0x00,
    0x00, 0x00, 0x7F, 0xF4, 0x00, 0x00, 0x00, 0x00, 0xBF, 0xF0, 0x00, 0x00, 0x00, 0x00, 0xBF, 0xF4,
    0x00, 0x0A, 0xAA, 0xAA, 0xBF, 0xF4, 0x00, 0x1F, 0xFF, 0xFF, 0x7F, 0xF4, 0x00, 0x1F, 0xFF, 0xFE,
    0x7F, 0xF8, 0x00, 0x00, 0xFF, 0xE0, 0x3F, 0xFC, 0x00, 0x00, 0xBF, 0xD0, 0x3F, 0xFD, 0x00, 0x00,
    0xBF, 0xD0, 0x1F, 0xFF, 0x00, 0x00, 0xBF, 0xD0, 0x0F, 0xFF, 0xC0, 0x00, 0xFF, 0xD0, 0x07, 0xFF,
    0xF9, 0x5B, 0xFF, 0xD0, 0x01, 0xFF, 0xFF, 0xFF, 0xFF, 0xD0, 0x00, 0x7F, 0xFF, 0xFF, 0xDF, 0xD0,
    0x00, 0x0B, 0xFF, 0xFE, 0x0B, 0xD0, 0x00, 0x00, 0x15, 0x40, 0x00, 0x00, 0x00, 0x01, 0xA8, 0x00,
    0x00, 0x00, 0x01, 0xFF, 0xC0, 0x00, 0x00, 0x00, 0xFF, 0xF4, 0x00, 0x00, 0x00, 0x3F, 0xFD, 0x00,
    0x00, 0x00, 0x0B, 0xFF, 0x00, 0x00, 0x00, 0x00, 0xBE, 0x00, 0x05, 0x00, 0x00, 0x00, 0x00, 0x1F,
    0xF0, 0x00, 0x00, 0x00, 0x0F, 0xFD, 0x00, 0x01, 0xA5, 0x0B, 0xFF, 0x00, 0x2F, 0xFF, 0xFF, 0x8B,
    0x80, 0x3F, 0xFF, 0xFF, 0xE0, 0x00, 0x3F, 0xF8, 0x1F, 0xFC, 0x00, 0x1F, 0xFC, 0x02, 0xFF, 0xC0,
    0x0B, 0xFE, 0x00, 0x3F, 0xF0, 0x03, 0xFF, 0x80, 0x0F, 0xFC, 0x00, 0xBF, 0xE0, 0x03, 0xFF, 0x00,
    0x2F, 0xFC, 0x02, 0xFF, 0xC0, 0x03, 0xFF, 0xD1, 0xFF, 0xD0, 0x00, 0x7F, 0xFF, 0xFF, 0xE0, 0x00,
    0x07, 0xFF, 0xFF, 0xD0, 0x00, 0x07, 0xF6, 0xA9, 0x00, 0x00, 0x03, 0xF8, 0x00, 0x00, 0x00, 0x00,
    0xFF, 0x40, 0x00, 0x00, 0x00, 0x3F, 0xFF, 0xFF, 0xFE, 0x40, 0x07, 0xFF, 0xFF, 0xFF, 0xF4, 0x00,
    0x7F, 0xFF, 0xFF, 0xFF, 0x00, 0xBF, 0xEA, 0xAF, 0xFF, 0xD0, 0xFF, 0xC0, 0x00, 0xBF, 0xF4, 0x7F,
    0xE0, 0x00, 0x1F, 0xFC, 0x1F, 0xF8, 0x00, 0x0B, 0xFF, 0x07, 0xFF, 0x80, 0x1F, 0xFF, 0x40, 0xFF,
    0xFF, 0xFF, 0xFF, 0x40, 0x0B, 0xFF, 0xFF, 0xFE, 0x00, 0x00, 0x16, 0xAA, 0x90, 0x00, 0x00, 0x00,
    0x00, 0x6B, 0xE8, 0x1F, 0x00, 0x00, 0x0B, 0xFF, 0xFF, 0xAF, 0x00, 0x00, 0x7F, 0xFF, 0xFF, 0xFF,
    0x40, 0x01, 0xFF, 0xF9, 0x5B, 0xFF, 0x80, 0x03, 0xFF, 0xC0, 0x00, 0xFF, 0x80, 0x0F, 0xFF, 0x00,
    0x00, 0x3F, 0xC0, 0x1F, 0xFD, 0x00, 0x00, 0x1F, 0xC0, 0x3F, 0xFC, 0x00, 0x00, 0x0F, 0xC0, 0x3F,
    0xF8, 0x00, 0x00, 0x06, 0x40, 0x7F, 0xF4, 0x00, 0x00, 0x00, 0x00, 0x7F, 0xF4, 0x00, 0x00, 0x00,
    0x00, 0xBF, 0xF0, 0x00, 0x00, 0x00, 0x00, 0xBF, 0xF4, 0x00, 0x0A, 0xAA, 0xAA, 0xBF, 0xF4, 0x00,
    0x1F, 0xFF, 0xFF, 0x7F, 0xF4, 0x00, 0x1F, 0xFF, 0xFE, 0x7F, 0xF8, 0x00, 0x00, 0xFF, 0xE0, 0x3F,
    0xFC, 0x00, 0x00, 0xBF, 0xD0, 0x3F, 0xFD, 0x00, 0x00, 0xBF, 0xD0, 0x1F, 0xFF, 0x00, 0x00, 0xBF,
    0xD0, 0x0F, 0xFF, 0xC0, 0x00, 0xFF, 0xD0, 0x07, 0xFF, 0xF9, 0x5B, 0xFF, 0xD0, 0x01, 0xFF, 0xFF,
    0xFF, 0xFF, 0xD0, 0x00, 0x7F, 0xFF, 0xFF, 0xDF, 0xD0, 0x00, 0x0B, 0xFF, 0xFE, 0x0B, 0xD0, 0x00,
    0x00, 0x15, 0x40, 0x00, 0x00, 0x00, 0x00, 0x00, 0x00, 0x00, 0x00, 0x00, 0x00, 0x1F, 0xE0, 0x00,
    0x00, 0x00, 0x00, 0x3F, 0xF4, 0x00, 0x00, 0x00, 0x00, 0x3F, 0xF4, 0x00, 0x00, 0x00, 0x00, 0x1F,
    0xF4, 0x00, 0x00, 0x00, 0x00, 0x03, 0xF0, 0x00, 0x00, 0x00, 0x00, 0x07, 0xE0, 0x00, 0x00, 0x00,
    0x00, 0x1F, 0xC0, 0x00, 0x00, 0x00, 0x00, 0x0E, 0x00, 0x00, 0x00, 0x00, 0x00, 0x00, 0x00, 0x00,
    0x00, 0x00, 0x00, 0x00, 0x00, 0x00, 0x00, 0x00, 0x0B, 0x00, 0x00, 0x00, 0x00, 0x0F, 0xC0, 0x00,
    0x00, 0x00, 0x0B, 0xD0, 0x00, 0x00, 0x00, 0x03, 0xF0, 0x00, 0x00, 0x00, 0x01, 0xFF, 0x40, 0x00,
    0x00, 0x00, 0x7F, 0xE0, 0x00, 0x00, 0x00, 0x0F, 0xF8, 0x00, 0x50, 0x00, 0x00, 0xA4, 0x01, 0xFF,
    0x00, 0x00, 0x00, 0x00, 0xFF, 0xD0, 0x00, 0x1A, 0x50, 0xBF, 0xF0, 0x02, 0xFF, 0xFF, 0xF8, 0xB8,
    0x03, 0xFF, 0xFF, 0xFE, 0x00, 0x03, 0xFF, 0x81, 0xFF, 0xC0, 0x01, 0xFF, 0xC0, 0x2F, 0xFC, 0x00,
    0xBF, 0xE0, 0x03, 0xFF, 0x00, 0x3F, 0xF8, 0x00, 0xFF, 0xC0, 0x0B, 0xFE, 0x00, 0x3F, 0xF0, 0x02,
    0xFF, 0xC0, 0x2F, 0xFC, 0x00, 0x3F, 0xFD, 0x1F, 0xFD, 0x00, 0x07, 0xFF, 0xFF, 0xFE, 0x00, 0x00,
    0x7F, 0xFF, 0xFD, 0x00, 0x00, 0x7F, 0x6A, 0x90, 0x00, 0x00, 0x3F, 0x80, 0x00, 0x00, 0x00, 0x0F,
    0xF4, 0x00, 0x00, 0x00, 0x03, 0xFF, 0xFF, 0xFF, 0xE4, 0x00, 0x7F, 0xFF, 0xFF, 0xFF, 0x40, 0x07,
    0xFF, 0xFF, 0xFF, 0xF0, 0x0B, 0xFE, 0xAA, 0xFF, 0xFD, 0x0F, 0xFC, 0x00, 0x0B, 0xFF, 0x47, 0xFE,
    0x00, 0x01, 0xFF, 0xC1, 0xFF, 0x80, 0x00, 0xBF, 0xF0, 0x7F, 0xF8, 0x01, 0xFF, 0xF4, 0x0F, 0xFF,
    0xFF, 0xFF, 0xF4, 0x00, 0xBF, 0xFF, 0xFF, 0xE0, 0x00, 0x01, 0x6A, 0xA9, 0x00, 0x00, 0x00, 0x00,
    0x00, 0xB4, 0x00, 0x00, 0x00, 0x00, 0x00, 0x3F, 0xD0, 0x00, 0x00, 0x00, 0x00, 0x0F, 0xFF, 0x00,
    0x00, 0x00, 0x00, 0x03, 0xFF, 0xFC, 0x00, 0x00, 0x00, 0x00, 0xBF, 0xEF, 0xF0, 0x00, 0x00, 0x00,
    0x2F, 0xD0, 0x7F, 0x80, 0x00, 0x00, 0x02, 0xE0, 0x00, 0xB8, 0x00, 0x00, 0x00, 0x00, 0x00, 0x00,
    0x00, 0x00, 0x15, 0x55, 0x54, 0x01, 0x55, 0x55, 0x47, 0xFF, 0xFF, 0xC0, 0x3F, 0xFF, 0xFD, 0x7F,
    0xFF, 0xFC, 0x03, 0xFF, 0xFF, 0xD0, 0x7F, 0xFD, 0x00, 0x07, 0xFF, 0xD0, 0x03, 0xFF, 0x80, 0x00,
    0x2F, 0xFC, 0x00, 0x3F, 0xF8, 0x00, 0x02, 0xFF, 0xC0, 0x03, 0xFF, 0x80, 0x00, 0x2F, 0xFC, 0x00,
    0x3F, 0xF8, 0x00, 0x02, 0xFF, 0xC0, 0x03, 0xFF, 0x80, 0x00, 0x2F, 0xFC, 0x00, 0x3F, 0xF8, 0x00,
    0x02, 0xFF, 0xC0, 0x03, 0xFF, 0xEA, 0xAA, 0xBF, 0xFC, 0x00, 0x3F, 0xFF, 0xFF, 0xFF, 0xFF, 0xC0,
    0x03, 0xFF, 0xFF, 0xFF, 0xFF, 0xFC, 0x00, 0x3F, 0xFE, 0xAA, 0xAB, 0xFF, 0xC0, 0x03, 0xFF, 0x80,
    0x00, 0x2F, 0xFC, 0x00, 0x3F, 0xF8, 0x00, 0x02, 0xFF, 0xC0, 0x03, 0xFF, 0x80, 0x00, 0x2F, 0xFC,
    0x00, 0x3F, 0xF8, 0x00, 0x02, 0xFF, 0xC0, 0x03, 0xFF, 0x80, 0x00, 0x2F, 0xFC, 0x00, 0x3F, 0xF8,
    0x00, 0x02, 0xFF, 0xC0, 0x03, 0xFF, 0x80, 0x00, 0x2F, 0xFC, 0x02, 0xFF, 0xFE, 0x40, 0x1B, 0xFF,
    0xF8, 0x7F, 0xFF, 0xFC, 0x03, 0xFF, 0xFF, 0xD7, 0xFF, 0xFF, 0xC0, 0x3F, 0xFF, 0xFD, 0x00, 0x2D,
    0x00, 0x00, 0x00, 0x00, 0x00, 0xFF, 0x40, 0x00, 0x00, 0x00, 0x03, 0xFF, 0xC0, 0x00, 0x00, 0x00,
    0x0F, 0xFF, 0xF0, 0x00, 0x00, 0x00, 0x2F, 0xFB, 0xFC, 0x00, 0x00, 0x00, 0xBF, 0x41, 0xFE, 0x00,
    0x00, 0x00, 0xB8, 0x00, 0x2E, 0x00, 0x00, 0x00, 0x00, 0x00, 0x00, 0x00, 0x00, 0x00, 0x01, 0x55,
    0x90, 0x00, 0x00, 0x00, 0x0F, 0xFF, 0xF0, 0x00, 0x00, 0x00, 0x0F, 0xFF, 0xF0, 0x00, 0x00, 0x00,
    0x06, 0xFF, 0xF0, 0x00, 0x00, 0x00, 0x00, 0xBF, 0xF0, 0x00, 0x00, 0x00, 0x00, 0xBF, 0xF0, 0x00,
    0x00, 0x00, 0x00, 0xBF, 0xF0, 0x00, 0x00, 0x00, 0x00, 0xBF, 0xF0, 0x00, 0x00, 0x00, 0x00, 0xBF,
    0xF0, 0x16, 0x40, 0x00, 0x00, 0xBF, 0xF1, 0xFF, 0xFC, 0x00, 0x00, 0xBF, 0xF7, 0xFF, 0xFF, 0x00,
    0x00, 0xBF, 0xFF, 0xFF, 0xFF, 0x40, 0x00, 0xBF, 0xFD, 0x07, 0xFF, 0xC0, 0x00, 0xBF, 0xF4, 0x02,
    0xFF, 0xC0, 0x00, 0xBF, 0xF0, 0x01, 0xFF, 0xC0, 0x00, 0xBF, 0xF0, 0x01, 0xFF, 0xC0, 0x00, 0xBF,
    0xF0, 0x01, 0xFF, 0xC0, 0x00, 0xBF, 0xF0, 0x01, 0xFF, 0xC0, 0x00, 0xBF, 0xF0, 0x01, 0xFF, 0xC0,
    0x00, 0xBF, 0xF0, 0x01, 0xFF, 0xC0, 0x00, 0xBF, 0xF0, 0x01, 0xFF, 0xC0, 0x00, 0xBF, 0xF0, 0x01,
    0xFF, 0xC0, 0x00, 0xBF, 0xF0, 0x01, 0xFF, 0xC0, 0x06, 0xFF, 0xF9, 0x07, 0xFF, 0xE4, 0x0B, 0xFF,
    0xFF, 0x1F, 0xFF, 0xFC, 0x0B, 0xFF, 0xFF, 0x1F, 0xFF, 0xFC, 0x15, 0x55, 0x54, 0x00, 0x55, 0x55,
    0x50, 0xFF, 0xFF, 0xF8, 0x07, 0xFF, 0xFF, 0xC3, 0xFF, 0xFF, 0xE0, 0x1F, 0xFF, 0xFF, 0x00, 0xBF,
    0xF8, 0x00, 0x07, 0xFF, 0xC0, 0x01, 0xFF, 0xD0, 0x00, 0x0F, 0xFE, 0x00, 0x07, 0xFF, 0x40, 0x00,
    0x3F, 0xF8, 0x03, 0xFF, 0xFF, 0xFF, 0xFF, 0xFF, 0xFF, 0x4F, 0xFF, 0xFF, 0xFF, 0xFF, 0xFF, 0xFD,
    0x16, 0xFF, 0xE5, 0x55, 0x5F, 0xFE, 0x50, 0x07, 0xFF, 0x00, 0x00, 0x3F, 0xF8, 0x00, 0x1F, 0xFC,
    0x00, 0x00, 0xFF, 0xE0, 0x00, 0x7F, 0xFF, 0xFF, 0xFF, 0xFF, 0x80, 0x01, 0xFF, 0xFF, 0xFF, 0xFF,
    0xFE, 0x00, 0x07, 0xFF, 0xFF, 0xFF, 0xFF, 0xF8, 0x00, 0x1F, 0xFC, 0x00, 0x00, 0xFF, 0xE0, 0x00,
    0x7F, 0xF0, 0x00, 0x03, 0xFF, 0x80, 0x01, 0xFF, 0xC0, 0x00, 0x0F, 0xFE, 0x00, 0x07, 0xFF, 0x00,
    0x00, 0x3F, 0xF8, 0x00, 0x1F, 0xFC, 0x00, 0x00, 0xFF, 0xE0, 0x00, 0x7F, 0xF0, 0x00, 0x03, 0xFF,
    0x80, 0x01, 0xFF, 0xD0, 0x00, 0x0F, 0xFE, 0x00, 0x6F, 0xFF, 0xE4, 0x02, 0xFF, 0xFE, 0x43, 0xFF,
    0xFF, 0xE0, 0x1F, 0xFF, 0xFF, 0x0F, 0xFF, 0xFF, 0x80, 0x7F, 0xFF, 0xFC, 0x05, 0x56, 0x40, 0x00,
    0x00, 0x00, 0xFF, 0xFF, 0x00, 0x00, 0x00, 0x03, 0xFF, 0xFC, 0x00, 0x00, 0x00, 0x05, 0xFF, 0xF0,
    0x00, 0x00, 0x00, 0x02, 0xFF, 0xC0, 0x00, 0x00, 0x02, 0xFF, 0xFF, 0xFF, 0x00, 0x00, 0x0F, 0xFF,
    0xFF, 0xFC, 0x00, 0x00, 0x15, 0xBF, 0xF5, 0x50, 0x00, 0x00, 0x02, 0xFF, 0xC0, 0x59, 0x00, 0x00,
    0x0B, 0xFF, 0x1F, 0xFF, 0xC0, 0x00, 0x2F, 0xFD, 0xFF, 0xFF, 0xC0, 0x00, 0xBF, 0xFF, 0xFF, 0xFF,
    0x40, 0x02, 0xFF, 0xF4, 0x1F, 0xFF, 0x00, 0x0B, 0xFF, 0x40, 0x2F, 0xFC, 0x00, 0x2F, 0xFC, 0x00,
    0x7F, 0xF0, 0x00, 0xBF, 0xF0, 0x01, 0xFF, 0xC0, 0x02, 0xFF, 0xC0, 0x07, 0xFF, 0x00, 0x0B, 0xFF,
    0x00, 0x1F, 0xFC, 0x00, 0x2F, 0xFC, 0x00, 0x7F, 0xF0, 0x00, 0xBF, 0xF0, 0x01, 0xFF, 0xC0, 0x02,
    0xFF, 0xC0, 0x07, 0xFF, 0x00, 0x0B, 0xFF, 0x00, 0x1F, 0xFC, 0x00, 0x2F, 0xFC, 0x00, 0x7F, 0xF0,
    0x06, 0xFF, 0xF9, 0x07, 0xFF, 0xE4, 0x2F, 0xFF, 0xFC, 0x7F, 0xFF, 0xF0, 0xBF, 0xFF, 0xF1, 0xFF,
    0xFF, 0xC0, 0x02, 0xE4, 0x00, 0x00, 0xFF, 0xF9, 0x7C, 0x2F, 0xFF, 0xFF, 0xC3, 0xFF, 0xFF, 0xF4,
    0x28, 0x0B, 0xFE, 0x00, 0x00, 0x05, 0x00, 0x00, 0x00, 0x00, 0x00, 0x55, 0x55, 0x50, 0x1F, 0xFF,
    0xFF, 0x41, 0xFF, 0xFF, 0xF4, 0x01, 0xFF, 0xF4, 0x00, 0x0F, 0xFF, 0x00, 0x00, 0xFF, 0xE0, 0x00,
    0x0F, 0xFE, 0x00, 0x00, 0xFF, 0xE0, 0x00, 0x0F, 0xFE, 0x00, 0x00, 0xFF, 0xE0, 0x00, 0x0F, 0xFE,
    0x00, 0x00, 0xFF, 0xE0, 0x00, 0x0F, 0xFE, 0x00, 0x00, 0xFF, 0xE0, 0x00, 0x0F, 0xFE, 0x00, 0x00,
    0xFF, 0xE0, 0x00, 0x0F, 0xFE, 0x00, 0x00, 0xFF, 0xE0, 0x00, 0x0F, 0xFE, 0x00, 0x00, 0xFF, 0xE0,
    0x00, 0x0F, 0xFF, 0x00, 0x0B, 0xFF, 0xFA, 0x01, 0xFF, 0xFF, 0xF4, 0x1F, 0xFF, 0xFF, 0x40, 0x00,
    0x50, 0x00, 0x00, 0xBF, 0xE4, 0x28, 0x1F, 0xFF, 0xFF, 0xC3, 0xFF, 0xFF, 0xF8, 0x3D, 0x6F, 0xFF,
    0x00, 0x00, 0x1B, 0x80, 0x00, 0x00, 0x00, 0x00, 0x00, 0x00, 0x00, 0x00, 0x00, 0x00, 0x00, 0x2F,
    0xFF, 0xC0, 0x03, 0xFF, 0xFC, 0x00, 0x2F, 0xFF, 0xC0, 0x00, 0x2F, 0xFC, 0x00, 0x01, 0xFF, 0xC0,
    0x00, 0x1F, 0xFC, 0x00, 0x01, 0xFF, 0xC0, 0x00, 0x1F, 0xFC, 0x00, 0x01, 0xFF, 0xC0, 0x00, 0x1F,
    0xFC, 0x00, 0x01, 0xFF, 0xC0, 0x00, 0x1F, 0xFC, 0x00, 0x01, 0xFF, 0xC0, 0x00, 0x1F, 0xFC, 0x00,
    0x1B, 0xFF, 0xE4, 0x03, 0xFF, 0xFF, 0xD0, 0x3F, 0xFF, 0xFD, 0x7F, 0xFF, 0xFD, 0x7F, 0xFF, 0xFD,
    0x7F, 0xFF, 0xFD, 0x6A, 0xAA, 0xA9, 0x00, 0x00, 0x00, 0x00, 0x00, 0x00, 0x15, 0x55, 0x54, 0x7F,
    0xFF, 0xFD, 0x7F, 0xFF, 0xFD, 0x07, 0xFF, 0xD0, 0x03, 0xFF, 0xC0, 0x03, 0xFF, 0x80, 0x03, 0xFF,
    0x80, 0x03, 0xFF, 0x80, 0x03, 0xFF, 0x80, 0x03, 0xFF, 0x80, 0x03, 0xFF, 0x80, 0x03, 0xFF, 0x80,
    0x03, 0xFF, 0x80, 0x03, 0xFF, 0x80, 0x03, 0xFF, 0x80, 0x03, 0xFF, 0x80, 0x03, 0xFF, 0x80, 0x03,
    0xFF, 0x80, 0x03, 0xFF, 0x80, 0x03, 0xFF, 0x80, 0x03, 0xFF, 0xC0, 0x2F, 0xFF, 0xE8, 0x7F, 0xFF,
    0xFD, 0x7F, 0xFF, 0xFD, 0x15, 0x55, 0x54, 0x1F, 0xFF, 0xFF, 0x47, 0xFF, 0xFF, 0xD1, 0xFF, 0xFF,
    0xF4, 0x00, 0x00, 0x00, 0x00, 0x00, 0x00, 0x00, 0x00, 0x00, 0x00, 0x00, 0x00, 0x00, 0x0B, 0xFF,
    0xF0, 0x03, 0xFF, 0xFC, 0x00, 0xBF, 0xFF, 0x00, 0x02, 0xFF, 0xC0, 0x00, 0x7F, 0xF0, 0x00, 0x1F,
    0xFC, 0x00, 0x07, 0xFF, 0x00, 0x01, 0xFF, 0xC0, 0x00, 0x7F, 0xF0, 0x00, 0x1F, 0xFC, 0x00, 0x07,
    0xFF, 0x00, 0x01, 0xFF, 0xC0, 0x00, 0x7F, 0xF0, 0x00, 0x1F, 0xFC, 0x00, 0x6F, 0xFF, 0x90, 0x3F,
    0xFF, 0xFD, 0x0F, 0xFF, 0xFF, 0x40, 0x2C, 0x00, 0x02, 0x8F, 0x40, 0x02, 0xF2, 0xF4, 0x01, 0xF8,
    0x7F, 0xEB, 0xFC, 0x0F, 0xFF, 0xFE, 0x00, 0xFF, 0xFF, 0x00, 0x0B, 0xFD, 0x00, 0x00, 0x00, 0x00,
    0x05, 0x55, 0x55, 0x07, 0xFF, 0xFF, 0xD1, 0xFF, 0xFF, 0xF4, 0x07, 0xFF, 0xD0, 0x00, 0xFF, 0xF0,
    0x00, 0x3F, 0xF8, 0x00, 0x0F, 0xFE, 0x00, 0x03, 0xFF, 0x80, 0x00, 0xFF, 0xE0, 0x00, 0x3F, 0xF8,
    0x00, 0x0F, 0xFE, 0x00, 0x03, 0xFF, 0x80, 0x00, 0xFF, 0xE0, 0x00, 0x3F, 0xF8, 0x00, 0x0F, 0xFE,
    0x00, 0x03, 0xFF, 0x80, 0x00, 0xFF, 0xE0, 0x00, 0x3F, 0xF8, 0x00, 0x0F, 0xFE, 0x00, 0x03, 0xFF,
    0x80, 0x00, 0xFF, 0xF0, 0x02, 0xFF, 0xFE, 0x81, 0xFF, 0xFF, 0xF4, 0x7F, 0xFF, 0xFD, 0x10, 0x00,
    0x04, 0x2D, 0x00, 0x07, 0xCB, 0xC0, 0x03, 0xE1, 0xFD, 0x07, 0xF4, 0x3F, 0xFF, 0xFC, 0x07, 0xFF,
    0xFC, 0x00, 0x7F, 0xFC, 0x00, 0x01, 0x54, 0x00, 0x00, 0x00, 0x00, 0x00, 0x00, 0x00, 0x00, 0xBF,
    0xFF, 0x00, 0x3F, 0xFF, 0xC0, 0x0B, 0xFF, 0xF0, 0x00, 0x2F, 0xFC, 0x00, 0x07, 0xFF, 0x00, 0x01,
    0xFF, 0xC0, 0x00, 0x7F, 0xF0, 0x00, 0x1F, 0xFC, 0x00, 0x07, 0xFF, 0x00, 0x01, 0xFF, 0xC0, 0x00,
    0x7F, 0xF0, 0x00, 0x1F, 0xFC, 0x00, 0x07, 0xFF, 0x00, 0x01, 0xFF, 0xC0, 0x06, 0xFF, 0xF9, 0x03,
    0xFF, 0xFF, 0xD0, 0xFF, 0xFF, 0xF4, 0x15, 0x55, 0x54, 0x7F, 0xFF, 0xFD, 0x7F, 0xFF, 0xFD, 0x07,
    0xFF, 0xD0, 0x03, 0xFF, 0xC0, 0x03, 0xFF, 0x80, 0x03, 0xFF, 0x80, 0x03, 0xFF, 0x80, 0x03, 0xFF,
    0x80, 0x03, 0xFF, 0x80, 0x03, 0xFF, 0x80, 0x03, 0xFF, 0x80, 0x03, 0xFF, 0x80, 0x03, 0xFF, 0x80,
    0x03, 0xFF, 0x80, 0x03, 0xFF, 0x80, 0x03, 0xFF, 0x80, 0x03, 0xFF, 0x80, 0x03, 0xFF, 0x80, 0x03,
    0xFF, 0x80, 0x03, 0xFF, 0xC0, 0x2F, 0xFF, 0xE8, 0x7F, 0xFF, 0xFD, 0x7F, 0xFF, 0xFD, 0x00, 0x2F,
    0x00, 0x01, 0xFC, 0x00, 0x07, 0xF4, 0x00, 0x0F, 0xF0, 0x00, 0x0F, 0xF0, 0x00, 0x0F, 0xFF, 0xE0,
    0x0F, 0xFF, 0xE0, 0x02, 0xFF, 0x40, 0x00, 0x00, 0x00, 0x02, 0xA4, 0x00, 0x3F, 0xF8, 0x01, 0xFF,
    0xF0, 0x07, 0xFF, 0xC0, 0x0F, 0xFE, 0x00, 0x0B, 0xE0, 0x00, 0x00, 0x00, 0x00, 0x00, 0x00, 0x00,
    0x00, 0x02, 0xFF, 0xFC, 0x0F, 0xFF, 0xF0, 0x2F, 0xFF, 0xC0, 0x0B, 0xFF, 0x00, 0x1F, 0xFC, 0x00,
    0x7F, 0xF0, 0x01, 0xFF, 0xC0, 0x07, 0xFF, 0x00, 0x1F, 0xFC, 0x00, 0x7F, 0xF0, 0x01, 0xFF, 0xC0,
    0x07, 0xFF, 0x00, 0x1F, 0xFC, 0x00, 0x7F, 0xF0, 0x1B, 0xFF, 0xE4, 0xFF, 0xFF, 0xF7, 0xFF, 0xFF,
    0xD0, 0x0B, 0xC0, 0x00, 0xFC, 0x00, 0x0F, 0xD0, 0x00, 0xFF, 0x00, 0x03, 0xFC, 0x00, 0x0F, 0xFF,
    0xE0, 0x2F, 0xFF, 0x80, 0x2F, 0xF4, 0x00, 0x00, 0x00, 0x00, 0x00, 0x00, 0x00, 0x01, 0xFF, 0x40,
    0x03, 0xFF, 0xC0, 0x07, 0xFF, 0xC0, 0x03, 0xFF, 0xC0, 0x02, 0xFF, 0x40, 0x00, 0x14, 0x00, 0x00,
    0x00, 0x00, 0x15, 0x55, 0x54, 0x7F, 0xFF, 0xFD, 0x7F, 0xFF, 0xFD, 0x07, 0xFF, 0xD0, 0x03, 0xFF,
    0xC0, 0x03, 0xFF, 0x80, 0x03, 0xFF, 0x80, 0x03, 0xFF, 0x80, 0x03, 0xFF, 0x80, 0x03, 0xFF, 0x80,
    0x03, 0xFF, 0x80, 0x03, 0xFF, 0x80, 0x03, 0xFF, 0x80, 0x03, 0xFF, 0x80, 0x03, 0xFF, 0x80, 0x03,
    0xFF, 0x80, 0x03, 0xFF, 0x80, 0x03, 0xFF, 0x80, 0x03, 0xFF, 0x80, 0x03, 0xFF, 0x80, 0x03, 0xFF,
    0xC0, 0x2F, 0xFF, 0xE8, 0x7F, 0xFF, 0xFD, 0x7F, 0xFF, 0xFD, 0x00, 0x00, 0x02, 0xFF, 0xFC, 0x0F,
    0xFF, 0xF0, 0x2F, 0xFF, 0xC0, 0x0B, 0xFF, 0x00, 0x1F, 0xFC, 0x00, 0x7F, 0xF0, 0x01, 0xFF, 0xC0,
    0x07, 0xFF, 0x00, 0x1F, 0xFC, 0x00, 0x7F, 0xF0, 0x01, 0xFF, 0xC0, 0x07, 0xFF, 0x00, 0x1F, 0xFC,
    0x00, 0x7F, 0xF0, 0x1B, 0xFF, 0xE4, 0xFF, 0xFF, 0xF7, 0xFF, 0xFF, 0xD0, 0x15, 0x55, 0x54, 0x00,
    0x00, 0x55, 0x55, 0x54, 0x7F, 0xFF, 0xFD, 0x00, 0x00, 0xFF, 0xFF, 0xFD, 0x7F, 0xFF, 0xFD, 0x00,
    0x00, 0xFF, 0xFF, 0xFD, 0x07, 0xFF, 0xD0, 0x00, 0x00, 0x1B, 0xFF, 0xD0, 0x03, 0xFF, 0xC0, 0x00,
    0x00, 0x03, 0xFF, 0x80, 0x03, 0xFF, 0x80, 0x00, 0x00, 0x03, 0xFF, 0x80, 0x03, 0xFF, 0x80, 0x00,
    0x00, 0x03, 0xFF, 0x80, 0x03, 0xFF, 0x80, 0x00, 0x00, 0x03, 0xFF, 0x80, 0x03, 0xFF, 0x80, 0x00,
    0x00, 0x03, 0xFF, 0x80, 0x03, 0xFF, 0x80, 0x00, 0x00, 0x03, 0xFF, 0x80, 0x03, 0xFF, 0x80, 0x00,
    0x00, 0x03, 0xFF, 0x80, 0x03, 0xFF, 0x80, 0x00, 0x00, 0x03, 0xFF, 0x80, 0x03, 0xFF, 0x80, 0x00,
    0x00, 0x03, 0xFF, 0x80, 0x03, 0xFF, 0x80, 0x00, 0x00, 0x03, 0xFF, 0x80, 0x03, 0xFF, 0x80, 0x00,
    0x00, 0x03, 0xFF, 0x80, 0x03, 0xFF, 0x80, 0x00, 0x00, 0x03, 0xFF, 0x80, 0x03, 0xFF, 0x80, 0x02,
    0xE4, 0x03, 0xFF, 0x80, 0x03, 0xFF, 0x80, 0x0F, 0xFC, 0x03, 0xFF, 0x80, 0x03, 0xFF, 0x80, 0x0F,
    0xFC, 0x03, 0xFF, 0x40, 0x03, 0xFF, 0x80, 0x1F, 0xFC, 0x03, 0xFF, 0x00, 0x03, 0xFF, 0xC0, 0x1F,
    0xF4, 0x0B, 0xFF, 0x00, 0x2F, 0xFF, 0xE8, 0x0F, 0xFE, 0x6F, 0xFD, 0x00, 0x7F, 0xFF, 0xFD, 0x03,
    0xFF, 0xFF, 0xF4, 0x00, 0x7F, 0xFF, 0xFD, 0x00, 0xBF, 0xFF, 0x80, 0x00, 0x00, 0x00, 0x00, 0x00,
    0x05, 0x54, 0x00, 0x00, 0x02, 0xA4, 0x00, 0x02, 0xA4, 0x0F, 0xFE, 0x00, 0x0F, 0xFD, 0x1F, 0xFF,
    0x00, 0x2F, 0xFF, 0x1F, 0xFF, 0x00, 0x2F, 0xFF, 0x0F, 0xFE, 0x00, 0x1F, 0xFE, 0x02, 0xF8, 0x00,
    0x07, 0xF4, 0x00, 0x00, 0x00, 0x00, 0x00, 0x00, 0x00, 0x00, 0x00, 0x00, 0x00, 0x00, 0x00, 0x00,
    0x00, 0xBF, 0xFF, 0x00, 0xFF, 0xFF, 0xFF, 0xFF, 0x00, 0xFF, 0xFF, 0xBF, 0xFF, 0x00, 0xBF, 0xFF,
    0x0B, 0xFF, 0x00, 0x0B, 0xFF, 0x07, 0xFF, 0x00, 0x0B, 0xFF, 0x07, 0xFF, 0x00, 0x0B, 0xFF, 0x07,
    0xFF, 0x00, 0x0B, 0xFF, 0x07, 0xFF, 0x00, 0x0B, 0xFF, 0x07, 0xFF, 0x00, 0x0B, 0xFF, 0x07, 0xFF,
    0x00, 0x0B, 0xFF, 0x07, 0xFF, 0x00, 0x0B, 0xFF, 0x07, 0xFF, 0x00, 0x0B, 0xFF, 0x07, 0xFF, 0x00,
    0x0B, 0xFF, 0x07, 0xFF, 0x00, 0x0B, 0xFF, 0x6F, 0xFF, 0x90, 0x0B, 0xFE, 0xFF, 0xFF, 0xF4, 0x0B,
    0xFE, 0xFF, 0xFF, 0xF4, 0x0B, 0xFE, 0x00, 0x00, 0x00, 0x0B, 0xFD, 0x00, 0x00, 0x00, 0x0F, 0xFC,
    0x00, 0x00, 0x00, 0x0F, 0xF8, 0x00, 0x00, 0x00, 0x2F, 0xF0, 0x00, 0x00, 0x00, 0x7F, 0xD0, 0x00,
    0x00, 0x00, 0xFF, 0x80, 0x00, 0x00, 0x00, 0x7D, 0x00, 0x00, 0x00, 0x00, 0x10, 0x00, 0x00, 0x00,
    0x01, 0xE0, 0x00, 0x00, 0x00, 0x1F, 0xF0, 0x00, 0x00, 0x01, 0xFF, 0xF0, 0x00, 0x00, 0x0F, 0xFF,
    0xE0, 0x00, 0x00, 0xFF, 0xBF, 0xE0, 0x00, 0x0F, 0xF0, 0x1F, 0xD0, 0x00, 0x3D, 0x00, 0x0B, 0x40,
    0x00, 0x00, 0x00, 0x00, 0x00, 0x01, 0x55, 0x55, 0x50, 0x00, 0x0F, 0xFF, 0xFF, 0xD0, 0x00, 0x3F,
    0xFF, 0xFF, 0x40, 0x00, 0x17, 0xFF, 0xD0, 0x00, 0x00, 0x0F, 0xFF, 0x00, 0x00, 0x00, 0x2F, 0xFC,
    0x00, 0x00, 0x00, 0xBF, 0xF0, 0x00, 0x00, 0x02, 0xFF, 0xC0, 0x00, 0x00, 0x0B, 0xFF, 0x00, 0x00,
    0x00, 0x2F, 0xFC, 0x00, 0x00, 0x00, 0xBF, 0xF0, 0x00, 0x00, 0x02, 0xFF, 0xC0, 0x00, 0x00, 0x0B,
    0xFF, 0x00, 0x00, 0x00, 0x2F, 0xFC, 0x00, 0x00, 0x00, 0xBF, 0xF0, 0x00, 0x00, 0x02, 0xFF, 0xC0,
    0x0B, 0xD0, 0x0B, 0xFF, 0x00, 0xBF, 0xC0, 0x2F, 0xF8, 0x03, 0xFF, 0x40, 0xFF, 0xE0, 0x1F, 0xFC,
    0x03, 0xFF, 0x40, 0x3F, 0xD0, 0x1F, 0xFC, 0x00, 0xFF, 0xE6, 0xFF, 0xD0, 0x00, 0xFF, 0xFF, 0xFE,
    0x00, 0x00, 0xBF, 0xFF, 0xD0, 0x00, 0x00, 0x05, 0x50, 0x00, 0x00, 0x00, 0x29, 0x00, 0x00, 0x3F,
    0xD0, 0x00, 0x3F, 0xFC, 0x00, 0x2F, 0xFF, 0xC0, 0x1F, 0xFB, 0xF8, 0x0F, 0xE0, 0x7F, 0x4B, 0xD0,
    0x03, 0xF0, 0x80, 0x00, 0x20, 0x00, 0x00, 0x00, 0x00, 0x00, 0x00, 0x00, 0xFF, 0xFE, 0x00, 0x3F,
    0xFF, 0x80, 0x0B, 0xFF, 0xE0, 0x00, 0x3F, 0xF8, 0x00, 0x0B, 0xFE, 0x00, 0x02, 0xFF, 0x80, 0x00,
    0xBF, 0xE0, 0x00, 0x2F, 0xF8, 0x00, 0x0B, 0xFE, 0x00, 0x02, 0xFF, 0x80, 0x00, 0xBF, 0xE0, 0x00,
    0x2F, 0xF8, 0x00, 0x0B, 0xFE, 0x00, 0x02, 0xFF, 0x80, 0x00, 0xBF, 0xE0, 0x00, 0x2F, 0xF8, 0x00,
    0x0B, 0xFD, 0x00, 0x03, 0xFF, 0x40, 0x00, 0xFF, 0xC0, 0x00, 0x3F, 0xE0, 0x00, 0x2F, 0xF0, 0x00,
    0x1F, 0xF4, 0x00, 0x0F, 0xF4, 0x00, 0x02, 0xF4, 0x00, 0x00, 0x10, 0x00, 0x00, 0x15, 0x55, 0x54,
    0x01, 0x55, 0x54, 0x1F, 0xFF, 0xFF, 0x42, 0xFF, 0xFF, 0x07, 0xFF, 0xFF, 0xD0, 0xFF, 0xFF, 0xC0,
    0x1F, 0xFF, 0x40, 0x03, 0xFF, 0x40, 0x03, 0xFF, 0xC0, 0x00, 0xFF, 0x00, 0x00, 0xFF, 0xE0, 0x00,
    0xFF, 0x00, 0x00, 0x3F, 0xF8, 0x00, 0xFF, 0x00, 0x00, 0x0F, 0xFE, 0x00, 0xFF, 0x00, 0x00, 0x03,
    0xFF, 0x80, 0xFF, 0x00, 0x00, 0x00, 0xFF, 0xE0, 0xFF, 0x00, 0x00, 0x00, 0x3F, 0xF8, 0xFF, 0x80,
    0x00, 0x00, 0x0F, 0xFF, 0xFF, 0xF0, 0x00, 0x00, 0x03, 0xFF, 0xFF, 0xFE, 0x00, 0x00, 0x00, 0xFF,
    0xFF, 0xFF, 0xD0, 0x00, 0x00, 0x3F, 0xFF, 0x7F, 0xFC, 0x00, 0x00, 0x0F, 0xFF, 0x0B, 0xFF, 0x80,
    0x00, 0x03, 0xFF, 0x80, 0xFF, 0xF4, 0x00, 0x00, 0xFF, 0xE0, 0x1F, 0xFF, 0x00, 0x00, 0x3F, 0xF8,
    0x03, 0xFF, 0xE0, 0x00, 0x0F, 0xFE, 0x00, 0x3F, 0xFC, 0x00, 0x03, 0xFF, 0xC0, 0x0B, 0xFF, 0xC0,
    0x0B, 0xFF, 0xFA, 0x00, 0xFF, 0xFF, 0xE7, 0xFF, 0xFF, 0xD0, 0x1F, 0xFF, 0xFD, 0xFF, 0xFF, 0xF4,
    0x01, 0xFF, 0xFD, 0x00, 0x00, 0x00, 0x00, 0x01, 0x50, 0x00, 0x00, 0x00, 0x00, 0x00, 0x00, 0x00,
    0x00, 0x00, 0xFF, 0x00, 0x00, 0x00, 0x00, 0x00, 0xBF, 0xE0, 0x00, 0x00, 0x00, 0x00, 0x2F, 0xFC,
    0x00, 0x00, 0x00, 0x00, 0x03, 0xFE, 0x00, 0x00, 0x00, 0x00, 0x00, 0x2F, 0x40, 0x00, 0x00, 0x00,
    0x00, 0x0F, 0xC0, 0x00, 0x00, 0x00, 0x00, 0x0F, 0xC0, 0x00, 0x00, 0x00, 0x00, 0x03, 0xC0, 0x00,
    0x00, 0x00, 0x00, 0x00, 0x00, 0x00, 0x00, 0x00, 0x15, 0x59, 0x00, 0x00, 0x00, 0x0F, 0xFF, 0xF0,
    0x00, 0x00, 0x00, 0xFF, 0xFF, 0x00, 0x00, 0x00, 0x06, 0xFF, 0xF0, 0x00, 0x00, 0x00, 0x0B, 0xFF,
    0x00, 0x00, 0x00, 0x00, 0xBF, 0xF0, 0x00, 0x00, 0x00, 0x0B, 0xFF, 0x00, 0x00, 0x00, 0x00, 0xBF,
    0xF0, 0x00, 0x00, 0x00, 0x0B, 0xFF, 0x00, 0x00, 0x00, 0x00, 0xBF, 0xF0, 0x1F, 0xFF, 0xF0, 0x0B,
    0xFF, 0x02, 0xFF, 0xFF, 0x00, 0xBF, 0xF0, 0x07, 0xFF, 0x90, 0x0B, 0xFF, 0x00, 0x3F, 0xC0, 0x00,
    0xBF, 0xF0, 0x0F, 0xE0, 0x00, 0x0B, 0xFF, 0x07, 0xF8, 0x00, 0x00, 0xBF, 0xF1, 0xFE, 0x00, 0x00,
    0x0B, 0xFF, 0x7F, 0xD0, 0x00, 0x00, 0xBF, 0xFF, 0xFF, 0x00, 0x00, 0x0B, 0xFF, 0x3F, 0xFC, 0x00,
    0x00, 0xBF, 0xF1, 0xFF, 0xE0, 0x00, 0x0B, 0xFF, 0x0B, 0xFF, 0x40, 0x00, 0xBF, 0xF0, 0x3F, 0xFD,
    0x00, 0x0B, 0xFF, 0x00, 0xFF, 0xF0, 0x06, 0xFF, 0xF9, 0x07, 0xFF, 0xFC, 0xFF, 0xFF, 0xE0, 0x2F,
    0xFF, 0xDF, 0xFF, 0xFE, 0x00, 0xBF, 0xF8, 0x00, 0x00, 0x00, 0x00, 0x54, 0x00, 0x00, 0x00, 0x00,
    0x00, 0x00, 0x00, 0x01, 0xFE, 0x00, 0x00, 0x00, 0x00, 0x3F, 0xF0, 0x00, 0x00, 0x00, 0x03, 0xFF,
    0x40, 0x00, 0x00, 0x00, 0x1F, 0xF4, 0x00, 0x00, 0x00, 0x00, 0x3F, 0x00, 0x00, 0x00, 0x00, 0x07,
    0xE0, 0x00, 0x00, 0x00, 0x01, 0xFC, 0x00, 0x00, 0x00, 0x00, 0x1E, 0x00, 0x00, 0x00, 0x00, 0x00,
    0x00, 0x00, 0x00, 0x00, 0x00, 0x04, 0x00, 0x00, 0x00, 0x0F, 0xFF, 0xF0, 0x1F, 0xFF, 0xF0, 0xFF,
    0xFF, 0x02, 0xFF, 0xFF, 0x0B, 0xFF, 0xF0, 0x07, 0xFF, 0x90, 0x0B, 0xFF, 0x00, 0x3F, 0xC0, 0x00,
    0x7F, 0xF0, 0x0F, 0xF0, 0x00, 0x07, 0xFF, 0x03, 0xF8, 0x00, 0x00, 0x7F, 0xF1, 0xFE, 0x00, 0x00,
    0x07, 0xFF, 0x7F, 0xD0, 0x00, 0x00, 0x7F, 0xFB, 0xFF, 0x00, 0x00, 0x07, 0xFF, 0x3F, 0xFC, 0x00,
    0x00, 0x7F, 0xF1, 0xFF, 0xF0, 0x00, 0x07, 0xFF, 0x0B, 0xFF, 0x80, 0x00, 0x7F, 0xF0, 0x3F, 0xFD,
    0x00, 0x07, 0xFF, 0x00, 0xFF, 0xF4, 0x06, 0xFF, 0xF9, 0x07, 0xFF, 0xFC, 0xFF, 0xFF, 0xF0, 0x2F,
    0xFF, 0xDF, 0xFF, 0xFF, 0x00, 0x7F, 0xF8, 0x00, 0x00, 0x00, 0x00, 0x54, 0x00, 0x00, 0x00, 0x50,
    0x00, 0x00, 0x00, 0x03, 0xF4, 0x00, 0x00, 0x00, 0x0F, 0xF8, 0x00, 0x00, 0x00, 0x7F, 0xF4, 0x00,
    0x00, 0x01, 0xFF, 0xE0, 0x00, 0x00, 0x07, 0xFD, 0x00, 0x00, 0x00, 0x03, 0x90, 0x00, 0x00, 0x00,
    0x00, 0x00, 0x00, 0x00, 0x00, 0x15, 0x55, 0x54, 0x00, 0x00, 0x7F, 0xFF, 0xFE, 0x00, 0x00, 0x7F,
    0xFF, 0xFE, 0x00, 0x00, 0x07, 0xFF, 0xD0, 0x00, 0x00, 0x03, 0xFF, 0x80, 0x00, 0x00, 0x03, 0xFF,
    0x80, 0x00, 0x00, 0x03, 0xFF, 0x80, 0x00, 0x00, 0x03, 0xFF, 0x80, 0x00, 0x00, 0x03, 0xFF, 0x80,
    0x00, 0x00, 0x03, 0xFF, 0x80, 0x00, 0x00, 0x03, 0xFF, 0x80, 0x00, 0x00, 0x03, 0xFF, 0x80, 0x00,
    0x00, 0x03, 0xFF, 0x80, 0x00, 0x00, 0x03, 0xFF, 0x80, 0x00, 0x00, 0x03, 0xFF, 0x80, 0x00, 0x00,
    0x03, 0xFF, 0x80, 0x00, 0x00, 0x03, 0xFF, 0x80, 0x00, 0xFC, 0x03, 0xFF, 0x80, 0x01, 0xFC, 0x03,
    0xFF, 0x80, 0x02, 0xFC, 0x03, 0xFF, 0x80, 0x03, 0xFC, 0x03, 0xFF, 0x80, 0x0F, 0xFC, 0x2F, 0xFF,
    0xFF, 0xFF, 0xF8, 0x7F, 0xFF, 0xFF, 0xFF, 0xF8, 0x7F, 0xFF, 0xFF, 0xFF, 0xF4, 0x00, 0x05, 0x00,
    0x00, 0xFE, 0x00, 0x0F, 0xFC, 0x00, 0xFF, 0xF0, 0x0F, 0xFE, 0x00, 0xFF, 0x80, 0x03, 0xD0, 0x00,
    0x00, 0x00, 0x00, 0x15, 0x59, 0x03, 0xFF, 0xFC, 0x0F, 0xFF, 0xF0, 0x1B, 0xFF, 0xC0, 0x0B, 0xFF,
    0x00, 0x2F, 0xFC, 0x00, 0xBF, 0xF0, 0x02, 0xFF, 0xC0, 0x0B, 0xFF, 0x00, 0x2F, 0xFC, 0x00, 0xBF,
    0xF0, 0x02, 0xFF, 0xC0, 0x0B, 0xFF, 0x00, 0x2F, 0xFC, 0x00, 0xBF, 0xF0, 0x02, 0xFF, 0xC0, 0x0B,
    0xFF, 0x00, 0x2F, 0xFC, 0x00, 0xBF, 0xF0, 0x02, 0xFF, 0xC0, 0x0B, 0xFF, 0x00, 0x2F, 0xFC, 0x00,
    0xBF, 0xF0, 0x1B, 0xFF, 0xE4, 0xFF, 0xFF, 0xF7, 0xFF, 0xFF, 0xD0, 0x15, 0x55, 0x54, 0x00, 0x00,
    0x7F, 0xFF, 0xFE, 0x00, 0x00, 0x7F, 0xFF, 0xFE, 0x00, 0x00, 0x07, 0xFF, 0xD0, 0x00, 0x00, 0x03,
    0xFF, 0x80, 0x00, 0x00, 0x03, 0xFF, 0x80, 0x00, 0x00, 0x03, 0xFF, 0x80, 0x00, 0x00, 0x03, 0xFF,
    0x80, 0x00, 0x00, 0x03, 0xFF, 0x80, 0x00, 0x00, 0x03, 0xFF, 0x80, 0x00, 0x00, 0x03, 0xFF, 0x80,
    0x00, 0x00, 0x03, 0xFF, 0x80, 0x00, 0x00, 0x03, 0xFF, 0x80, 0x00, 0x00, 0x03, 0xFF, 0x80, 0x00,
    0x00, 0x03, 0xFF, 0x80, 0x00, 0x00, 0x03, 0xFF, 0x80, 0x00, 0x00, 0x03, 0xFF, 0x80, 0x00, 0xFC,
    0x03, 0xFF, 0x80, 0x01, 0xFC, 0x03, 0xFF, 0x80, 0x02, 0xFC, 0x03, 0xFF, 0x80, 0x03, 0xFC, 0x03,
    0xFF, 0x80, 0x0F, 0xFC, 0x2F, 0xFF, 0xFF, 0xFF, 0xF8, 0x7F, 0xFF, 0xFF, 0xFF, 0xF8, 0x7F, 0xFF,
    0xFF, 0xFF, 0xF4, 0x00, 0x00, 0x00, 0x00, 0x00, 0x00, 0x00, 0x00, 0x00, 0x00, 0x00, 0x00, 0xFE,
    0x00, 0x00, 0x00, 0x03, 0xFF, 0x40, 0x00, 0x00, 0x03, 0xFF, 0x80, 0x00, 0x00, 0x01, 0xFF, 0x40,
    0x00, 0x00, 0x00, 0x3F, 0x00, 0x00, 0x00, 0x00, 0x7E, 0x00, 0x00, 0x00, 0x00, 0xFC, 0x00, 0x00,
    0x00, 0x00, 0xE0, 0x00, 0x00, 0x00, 0x00, 0x00, 0x00, 0x00, 0x15, 0x59, 0x03, 0xFF, 0xFC, 0x0F,
    0xFF, 0xF0, 0x1B, 0xFF, 0xC0, 0x0B, 0xFF, 0x00, 0x2F, 0xFC, 0x00, 0xBF, 0xF0, 0x02, 0xFF, 0xC0,
    0x0B, 0xFF, 0x00, 0x2F, 0xFC, 0x00, 0xBF, 0xF0, 0x02, 0xFF, 0xC0, 0x0B, 0xFF, 0x00, 0x2F, 0xFC,
    0x00, 0xBF, 0xF0, 0x02, 0xFF, 0xC0, 0x0B, 0xFF, 0x00, 0x2F, 0xFC, 0x00, 0xBF, 0xF0, 0x02, 0xFF,
    0xC0, 0x0B, 0xFF, 0x00, 0x2F, 0xFC, 0x00, 0xBF, 0xF0, 0x1B, 0xFF, 0xE4, 0xFF, 0xFF, 0xF7, 0xFF,
    0xFF, 0xD0, 0x00, 0x00, 0x00, 0x00, 0x00, 0x02, 0xFC, 0x00, 0x1F, 0xF8, 0x00, 0xBF, 0xF0, 0x00,
    0xFF, 0xC0, 0x00, 0xBD, 0x00, 0x03, 0xF0, 0x00, 0x3F, 0x40, 0x00, 0xF4, 0x00, 0x00, 0x00, 0x00,
    0x00, 0x00, 0x00, 0x06, 0x40, 0x00, 0x00, 0x00, 0x2F, 0xE0, 0x15, 0x55, 0x54, 0x2F, 0xF0, 0x7F,
    0xFF, 0xFE, 0x1F, 0xF0, 0x7F, 0xFF, 0xFE, 0x07, 0xF0, 0x07, 0xFF, 0xD0, 0x03, 0xE0, 0x03, 0xFF,
    0x80, 0x0B, 0xD0, 0x03, 0xFF, 0x80, 0x0F, 0x80, 0x03, 0xFF, 0x80, 0x2F, 0x00, 0x03, 0xFF, 0x80,
    0x04, 0x00, 0x03, 0xFF, 0x80, 0x00, 0x00, 0x03, 0xFF, 0x80, 0x00, 0x00, 0x03, 0xFF, 0x80, 0x00,
    0x00, 0x03, 0xFF, 0x80, 0x00, 0x00, 0x03, 0xFF, 0x80, 0x00, 0x00, 0x03, 0xFF, 0x80, 0x00, 0x00,
    0x03, 0xFF, 0x80, 0x00, 0x00, 0x03, 0xFF, 0x80, 0x00, 0x00, 0x03, 0xFF, 0x80, 0x00, 0xFC, 0x03,
    0xFF, 0x80, 0x01, 0xFC, 0x03, 0xFF, 0x80, 0x02, 0xFC, 0x03, 0xFF, 0x80, 0x03, 0xFC, 0x03, 0xFF,
    0x80, 0x0F, 0xFC, 0x2F, 0xFF, 0xFF, 0xFF, 0xF8, 0x7F, 0xFF, 0xFF, 0xFF, 0xF8, 0x7F, 0xFF, 0xFF,
    0xFF, 0xF4, 0x15, 0x59, 0x06, 0x43, 0xFF, 0xFC, 0xBF, 0x8F, 0xFF, 0xF3, 0xFF, 0x1B, 0xFF, 0xC7,
    0xFC, 0x0B, 0xFF, 0x0B, 0xF0, 0x2F, 0xFC, 0x1F, 0x80, 0xBF, 0xF0, 0xBC, 0x02, 0xFF, 0xC3, 0xE0,
    0x0B, 0xFF, 0x2F, 0x00, 0x2F, 0xFC, 0x20, 0x00, 0xBF, 0xF0, 0x00, 0x02, 0xFF, 0xC0, 0x00, 0x0B,
    0xFF, 0x00, 0x00, 0x2F, 0xFC, 0x00, 0x00, 0xBF, 0xF0, 0x00, 0x02, 0xFF, 0xC0, 0x00, 0x0B, 0xFF,
    0x00, 0x00, 0x2F, 0xFC, 0x00, 0x00, 0xBF, 0xF0, 0x00, 0x02, 0xFF, 0xC0, 0x00, 0x0B, 0xFF, 0x00,
    0x00, 0x2F, 0xFC, 0x00, 0x00, 0xBF, 0xF0, 0x00, 0x1B, 0xFF, 0xE4, 0x00, 0xFF, 0xFF, 0xF4, 0x03,
    0xFF, 0xFF, 0xD0, 0x00, 0x15, 0x55, 0x54, 0x00, 0x00, 0x7F, 0xFF, 0xFE, 0x00, 0x00, 0x7F, 0xFF,
    0xFE, 0x00, 0x00, 0x07, 0xFF, 0xD0, 0x00, 0x00, 0x03, 0xFF, 0x80, 0x00, 0x00, 0x03, 0xFF, 0x80,
    0x00, 0x00, 0x03, 0xFF, 0x80, 0x00, 0x00, 0x03, 0xFF, 0x80, 0x00, 0x00, 0x03, 0xFF, 0x80, 0x02,
    0xA0, 0x03, 0xFF, 0x80, 0x1F, 0xFD, 0x03, 0xFF, 0x80, 0x2F, 0xFE, 0x03, 0xFF, 0x80, 0x2F, 0xFE,
    0x03, 0xFF, 0x80, 0x1F, 0xFD, 0x03, 0xFF, 0x80, 0x07, 0xF4, 0x03, 0xFF, 0x80, 0x00, 0x00, 0x03,
    0xFF, 0x80, 0x00, 0x00, 0x03, 0xFF, 0x80, 0x00, 0xFC, 0x03, 0xFF, 0x80, 0x01, 0xFC, 0x03, 0xFF,
    0x80, 0x02, 0xFC, 0x03, 0xFF, 0x80, 0x03, 0xFC, 0x03, 0xFF, 0x80, 0x0F, 0xFC, 0x2F, 0xFF, 0xFF,
    0xFF, 0xF8, 0x7F, 0xFF, 0xFF, 0xFF, 0xF8, 0x7F, 0xFF, 0xFF, 0xFF, 0xF4, 0x15, 0x59, 0x00, 0x03,
    0xFF, 0xFC, 0x00, 0x0F, 0xFF, 0xF0, 0x00, 0x1B, 0xFF, 0xC0, 0x00, 0x0B, 0xFF, 0x00, 0x00, 0x2F,
    0xFC, 0x00, 0x00, 0xBF, 0xF0, 0x00, 0x02, 0xFF, 0xC0, 0x00, 0x0B, 0xFF, 0x00, 0x00, 0x2F, 0xFC,
    0x00, 0x00, 0xBF, 0xF1, 0xA8, 0x02, 0xFF, 0xEF, 0xFC, 0x0B, 0xFF, 0xFF, 0xF4, 0x2F, 0xFF, 0xFF,
    0xD0, 0xBF, 0xFB, 0xFF, 0x02, 0xFF, 0xCB, 0xE0, 0x0B, 0xFF, 0x00, 0x00, 0x2F, 0xFC, 0x00, 0x00,
    0xBF, 0xF0, 0x00, 0x02, 0xFF, 0xC0, 0x00, 0x0B, 0xFF, 0x00, 0x00, 0x2F, 0xFC, 0x00, 0x00, 0xBF,
    0xF0, 0x00, 0x1B, 0xFF, 0xE4, 0x00, 0xFF, 0xFF, 0xF4, 0x03, 0xFF, 0xFF, 0xD0, 0x00, 0x05, 0x55,
    0x55, 0x00, 0x00, 0x07, 0xFF, 0xFF, 0xE0, 0x00, 0x01, 0xFF, 0xFF, 0xF8, 0x00, 0x00, 0x07, 0xFF,
    0xD0, 0x00, 0x00, 0x00, 0xFF, 0xE0, 0x00, 0x00, 0x00, 0x3F, 0xF8, 0x00, 0x00, 0x00, 0x0F, 0xFE,
    0x00, 0x00, 0x00, 0x03, 0xFF, 0x80, 0x60, 0x00, 0x00, 0xFF, 0xE1, 0xFC, 0x00, 0x00, 0x3F, 0xFF,
    0xFF, 0x00, 0x00, 0x0F, 0xFF, 0xFF, 0x40, 0x00, 0x07, 0xFF, 0xFD, 0x00, 0x00, 0x1F, 0xFF, 0xF4,
    0x00, 0x00, 0x1F, 0xFF, 0xF8, 0x00, 0x00, 0x07, 0xFF, 0xFE, 0x00, 0x00, 0x01, 0xD3, 0xFF, 0x80,
    0x00, 0x00, 0x00, 0xFF, 0xE0, 0x00, 0x3F, 0x00, 0x3F, 0xF8, 0x00, 0x1F, 0xC0, 0x0F, 0xFE, 0x00,
    0x0B, 0xF0, 0x03, 0xFF, 0x80, 0x03, 0xFC, 0x00, 0xFF, 0xE0, 0x03, 0xFF, 0x02, 0xFF, 0xFF, 0xFF,
    0xFF, 0x81, 0xFF, 0xFF, 0xFF, 0xFF, 0xE0, 0x7F, 0xFF, 0xFF, 0xFF, 0xF4, 0x05, 0x56, 0x40, 0x0B,
    0xFF, 0xF0, 0x02, 0xFF, 0xFC, 0x00, 0x1F, 0xFF, 0x00, 0x01, 0xFF, 0xC0, 0x00, 0x3F, 0xF0, 0x00,
    0x0F, 0xFC, 0x00, 0x03, 0xFF, 0x00, 0x00, 0xFF, 0xC0, 0x00, 0x3F, 0xF2, 0xC0, 0x0F, 0xFF, 0xF0,
    0x03, 0xFF, 0xFC, 0x0B, 0xFF, 0xF9, 0x0F, 0xFF, 0xF4, 0x03, 0xFF, 0xFC, 0x00, 0xE7, 0xFF, 0x00,
    0x00, 0xFF, 0xC0, 0x00, 0x3F, 0xF0, 0x00, 0x0F, 0xFC, 0x00, 0x03, 0xFF, 0x00, 0x00, 0xFF, 0xC0,
    0x00, 0x3F, 0xF0, 0x00, 0x1F, 0xFC, 0x00, 0x6F, 0xFF, 0xD0, 0x2F, 0xFF, 0xFE, 0x0B, 0xFF, 0xFF,
    0x80, 0x00, 0x00, 0x00, 0x01, 0x40, 0x00, 0x00, 0x00, 0x00, 0x00, 0xFD, 0x00, 0x00, 0x00, 0x00,
    0x00, 0x3F, 0xE0, 0x00, 0x00, 0x00, 0x00, 0x1F, 0xFD, 0x00, 0x00, 0x00, 0x00, 0x07, 0xFF, 0x80,
    0x00, 0x00, 0x00, 0x01, 0xFF, 0x40, 0x00, 0x00, 0x00, 0x00, 0x0E, 0x40, 0x00, 0x00, 0x00, 0x00,
    0x00, 0x00, 0x00, 0x00, 0x00, 0x15, 0x55, 0x40, 0x00, 0x15, 0x55, 0x47, 0xFF, 0xFE, 0x00, 0x07,
    0xFF, 0xFD, 0x7F, 0xFF, 0xF4, 0x00, 0x7F, 0xFF, 0xD0, 0x7F, 0xFF, 0xC0, 0x00, 0x7F, 0xD0, 0x03,
    0xFF, 0xFD, 0x00, 0x03, 0xFC, 0x00, 0x3F, 0xFF, 0xF0, 0x00, 0x3F, 0xC0, 0x03, 0xFF, 0xFF, 0x80,
    0x03, 0xFC, 0x00, 0x3F, 0xFF, 0xFD, 0x00, 0x3F, 0xC0, 0x03, 0xFD, 0xFF, 0xF0, 0x03, 0xFC, 0x00,
    0x3F, 0xCF, 0xFF, 0x40, 0x3F, 0xC0, 0x03, 0xFC, 0x3F, 0xFC, 0x03, 0xFC, 0x00, 0x3F, 0xC2, 0xFF,
    0xE0, 0x3F, 0xC0, 0x03, 0xFC, 0x0F, 0xFF, 0x43, 0xFC, 0x00, 0x3F, 0xC0, 0x7F, 0xFC, 0x3F, 0xC0,
    0x03, 0xFC, 0x02, 0xFF, 0xD3, 0xFC, 0x00, 0x3F, 0xC0, 0x0F, 0xFF, 0x3F, 0xC0, 0x03, 0xFC, 0x00,
    0x7F, 0xFB, 0xFC, 0x00, 0x3F, 0xC0, 0x03, 0xFF, 0xFF, 0xC0, 0x03, 0xFC, 0x00, 0x1F, 0xFF, 0xFC,
    0x00, 0x3F, 0xC0, 0x00, 0xBF, 0xFF, 0xC0, 0x03, 0xFC, 0x00, 0x03, 0xFF, 0xFC, 0x02, 0xFF, 0xF8,
    0x00, 0x1F, 0xFF, 0xC0, 0x7F, 0xFF, 0xD0, 0x00, 0xFF, 0xFC, 0x07, 0xFF, 0xFD, 0x00, 0x03, 0xFF,
    0xC0, 0x00, 0x00, 0x00, 0x64, 0x00, 0x00, 0x00, 0x00, 0x1F, 0xC0, 0x00, 0x00, 0x00, 0x03, 0xFD,
    0x00, 0x00, 0x00, 0x00, 0xFF, 0xC0, 0x00, 0x00, 0x00, 0x2F, 0xF0, 0x00, 0x00, 0x00, 0x03, 0xF8,
    0x00, 0x00, 0x00, 0x00, 0xFD, 0x00, 0x00, 0x00, 0x00, 0x02, 0x00, 0x00, 0x00, 0x00, 0x00, 0x00,
    0x00, 0x00, 0x00, 0x00, 0x40, 0x16, 0x50, 0x00, 0xBF, 0xFC, 0x1F, 0xFF, 0xC0, 0x0B, 0xFF, 0xD7,
    0xFF, 0xFF, 0x00, 0xBF, 0xFE, 0xFF, 0xFF, 0xF8, 0x00, 0xBF, 0xFE, 0x07, 0xFF, 0xC0, 0x07, 0xFF,
    0x80, 0x1F, 0xFC, 0x00, 0x7F, 0xF0, 0x01, 0xFF, 0xC0, 0x07, 0xFF, 0x00, 0x0F, 0xFC, 0x00, 0x7F,
    0xF0, 0x00, 0xFF, 0xC0, 0x07, 0xFF, 0x00, 0x0F, 0xFC, 0x00, 0x7F, 0xF0, 0x00, 0xFF, 0xC0, 0x07,
    0xFF, 0x00, 0x0F, 0xFC, 0x00, 0x7F, 0xF0, 0x00, 0xFF, 0xC0, 0x07, 0xFF, 0x00, 0x0F, 0xFC, 0x00,
    0x7F, 0xF0, 0x01, 0xFF, 0xC0, 0x2F, 0xFF, 0x90, 0x7F, 0xFE, 0x4B, 0xFF, 0xFF, 0x0F, 0xFF, 0xFD,
    0xBF, 0xFF, 0xF0, 0xFF, 0xFF, 0xD0, 0x15, 0x55, 0x40, 0x00, 0x15, 0x55, 0x47, 0xFF, 0xFE, 0x00,
    0x07, 0xFF, 0xFD, 0x7F, 0xFF, 0xF4, 0x00, 0x7F, 0xFF, 0xD0, 0x7F, 0xFF, 0xC0, 0x00, 0x7F, 0xD0,
    0x03, 0xFF, 0xFD, 0x00, 0x03, 0xFC, 0x00, 0x3F, 0xFF, 0xF0, 0x00, 0x3F, 0xC0, 0x03, 0xFF, 0xFF,
    0x80, 0x03, 0xFC, 0x00, 0x3F, 0xFF, 0xFD, 0x00, 0x3F, 0xC0, 0x03, 0xFD, 0xFF, 0xF0, 0x03, 0xFC,
    0x00, 0x3F, 0xCF, 0xFF, 0x40, 0x3F, 0xC0, 0x03, 0xFC, 0x3F, 0xFC, 0x03, 0xFC, 0x00, 0x3F, 0xC2,
    0xFF, 0xE0, 0x3F, 0xC0, 0x03, 0xFC, 0x0F, 0xFF, 0x43, 0xFC, 0x00, 0x3F, 0xC0, 0x7F, 0xFC, 0x3F,
    0xC0, 0x03, 0xFC, 0x02, 0xFF, 0xD3, 0xFC, 0x00, 0x3F, 0xC0, 0x0F, 0xFF, 0x3F, 0xC0, 0x03, 0xFC,
    0x00, 0x7F, 0xFB, 0xFC, 0x00, 0x3F, 0xC0, 0x03, 0xFF, 0xFF, 0xC0, 0x03, 0xFC, 0x00, 0x1F, 0xFF,
    0xFC, 0x00, 0x3F, 0xC0, 0x00, 0xBF, 0xFF, 0xC0, 0x03, 0xFC, 0x00, 0x03, 0xFF, 0xFC, 0x02, 0xFF,
    0xF8, 0x00, 0x1F, 0xFF, 0xC0, 0x7F, 0xFF, 0xD0, 0x00, 0xFF, 0xFC, 0x07, 0xFF, 0xFD, 0x00, 0x03,
    0xFF, 0xC0, 0x00, 0x00, 0x00, 0x00, 0x00, 0x00, 0x00, 0x00, 0x00, 0x00, 0x00, 0x00, 0x00, 0x00,
    0x00, 0x07, 0xF4, 0x00, 0x00, 0x00, 0x00, 0x00, 0xFF, 0xC0, 0x00, 0x00, 0x00, 0x00, 0x0F, 0xFD,
    0x00, 0x00, 0x00, 0x00, 0x00, 0xBF, 0xD0, 0x00, 0x00, 0x00, 0x00, 0x00, 0xFC, 0x00, 0x00, 0x00,
    0x00, 0x00, 0x1F, 0x80, 0x00, 0x00, 0x00, 0x00, 0x07, 0xE0, 0x00, 0x00, 0x00, 0x00, 0x00, 0x78,
    0x00, 0x00, 0x00, 0x00, 0x00, 0x00, 0x00, 0x00, 0x00, 0x00, 0x00, 0x04, 0x01, 0x65, 0x00, 0x0B,
    0xFF, 0xC1, 0xFF, 0xFC, 0x00, 0xBF, 0xFD, 0x7F, 0xFF, 0xF0, 0x0B, 0xFF, 0xEF, 0xFF, 0xFF, 0x80,
    0x0B, 0xFF, 0xE0, 0x7F, 0xFC, 0x00, 0x7F, 0xF8, 0x01, 0xFF, 0xC0, 0x07, 0xFF, 0x00, 0x1F, 0xFC,
    0x00, 0x7F, 0xF0, 0x00, 0xFF, 0xC0, 0x07, 0xFF, 0x00, 0x0F, 0xFC, 0x00, 0x7F, 0xF0, 0x00, 0xFF,
    0xC0, 0x07, 0xFF, 0x00, 0x0F, 0xFC, 0x00, 0x7F, 0xF0, 0x00, 0xFF, 0xC0, 0x07, 0xFF, 0x00, 0x0F,
    0xFC, 0x00, 0x7F, 0xF0, 0x00, 0xFF, 0xC0, 0x07, 0xFF, 0x00, 0x1F, 0xFC, 0x02, 0xFF, 0xF9, 0x07,
    0xFF, 0xE4, 0xBF, 0xFF, 0xF0, 0xFF, 0xFF, 0xDB, 0xFF, 0xFF, 0x0F, 0xFF, 0xFD, 0x00, 0x00, 0x00,
    0x00, 0x00, 0x00, 0x00, 0x00, 0x00, 0x00, 0x00, 0x00, 0x00, 0x7F, 0x80, 0x00, 0x00, 0x00, 0x0F,
    0xFD, 0x00, 0x00, 0x00, 0x00, 0xFF, 0xD0, 0x00, 0x00, 0x00, 0x07, 0xFD, 0x00, 0x00, 0x00, 0x00,
    0x0F, 0xC0, 0x00, 0x00, 0x00, 0x01, 0xF8, 0x00, 0x00, 0x00, 0x00, 0x7F, 0x00, 0x00, 0x00, 0x00,
    0x03, 0x80, 0x00, 0x00, 0x00, 0x00, 0x00, 0x00, 0x00, 0x00, 0x00, 0x00, 0x00, 0x00, 0x00, 0x00,
    0x00, 0x00, 0x3D, 0x00, 0x07, 0x80, 0x00, 0x00, 0x03, 0xF8, 0x03, 0xF8, 0x00, 0x00, 0x00, 0x1F,
    0xF6, 0xFF, 0x00, 0x00, 0x00, 0x00, 0x7F, 0xFF, 0xC0, 0x00, 0x00, 0x00, 0x01, 0xFF, 0xF0, 0x00,
    0x00, 0x00, 0x00, 0x0B, 0xFC, 0x00, 0x00, 0x00, 0x00, 0x00, 0x2F, 0x00, 0x00, 0x00, 0x00, 0x00,
    0x00, 0x00, 0x00, 0x00, 0x01, 0x55, 0x54, 0x00, 0x01, 0x55, 0x54, 0x7F, 0xFF, 0xE0, 0x00, 0x7F,
    0xFF, 0xD7, 0xFF, 0xFF, 0x40, 0x07, 0xFF, 0xFD, 0x07, 0xFF, 0xFC, 0x00, 0x07, 0xFD, 0x00, 0x3F,
    0xFF, 0xD0, 0x00, 0x3F, 0xC0, 0x03, 0xFF, 0xFF, 0x00, 0x03, 0xFC, 0x00, 0x3F, 0xFF, 0xF8, 0x00,
    0x3F, 0xC0, 0x03, 0xFF, 0xFF, 0xD0, 0x03, 0xFC, 0x00, 0x3F, 0xDF, 0xFF, 0x00, 0x3F, 0xC0, 0x03,
    0xFC, 0xFF, 0xF4, 0x03, 0xFC, 0x00, 0x3F, 0xC3, 0xFF, 0xC0, 0x3F, 0xC0, 0x03, 0xFC, 0x2F, 0xFE,
    0x03, 0xFC, 0x00, 0x3F, 0xC0, 0xFF, 0xF4, 0x3F, 0xC0, 0x03, 0xFC, 0x07, 0xFF, 0xC3, 0xFC, 0x00,
    0x3F, 0xC0, 0x2F, 0xFD, 0x3F, 0xC0, 0x03, 0xFC, 0x00, 0xFF, 0xF3, 0xFC, 0x00, 0x3F, 0xC0, 0x07,
    0xFF, 0xBF, 0xC0, 0x03, 0xFC, 0x00, 0x3F, 0xFF, 0xFC, 0x00, 0x3F, 0xC0, 0x01, 0xFF, 0xFF, 0xC0,
    0x03, 0xFC, 0x00, 0x0B, 0xFF, 0xFC, 0x00, 0x3F, 0xC0, 0x00, 0x3F, 0xFF, 0xC0, 0x2F, 0xFF, 0x80,
    0x01, 0xFF, 0xFC, 0x07, 0xFF, 0xFD, 0x00, 0x0F, 0xFF, 0xC0, 0x7F, 0xFF, 0xD0, 0x00, 0x3F, 0xFC,
    0x00, 0x00, 0x18, 0x00, 0x02, 0x00, 0x00, 0x03, 0xF0, 0x01, 0xF8, 0x00, 0x00, 0x1F, 0xD0, 0xBF,
    0x00, 0x00, 0x00, 0xBF, 0xBF, 0xC0, 0x00, 0x00, 0x03, 0xFF, 0xF4, 0x00, 0x00, 0x00, 0x0F, 0xFE,
    0x00, 0x00, 0x00, 0x00, 0x7F, 0xC0, 0x00, 0x00, 0x00, 0x01, 0xA0, 0x00, 0x00, 0x00, 0x00, 0x00,
    0x00, 0x00, 0x00, 0x00, 0x40, 0x16, 0x50, 0x00, 0xBF, 0xFC, 0x1F, 0xFF, 0xC0, 0x0B, 0xFF, 0xD7,
    0xFF, 0xFF, 0x00, 0xBF, 0xFE, 0xFF, 0xFF, 0xF8, 0x00, 0xBF, 0xFE, 0x07, 0xFF, 0xC0, 0x07, 0xFF,
    0x80, 0x1F, 0xFC, 0x00, 0x7F, 0xF0, 0x01, 0xFF, 0xC0, 0x07, 0xFF, 0x00, 0x0F, 0xFC, 0x00, 0x7F,
    0xF0, 0x00, 0xFF, 0xC0, 0x07, 0xFF, 0x00, 0x0F, 0xFC, 0x00, 0x7F, 0xF0, 0x00, 0xFF, 0xC0, 0x07,
    0xFF, 0x00, 0x0F, 0xFC, 0x00, 0x7F, 0xF0, 0x00, 0xFF, 0xC0, 0x07, 0xFF, 0x00, 0x0F, 0xFC, 0x00,
    0x7F, 0xF0, 0x01, 0xFF, 0xC0, 0x2F, 0xFF, 0x90, 0x7F, 0xFE, 0x4B, 0xFF, 0xFF, 0x0F, 0xFF, 0xFD,
    0xBF, 0xFF, 0xF0, 0xFF, 0xFF, 0xD0, 0x00, 0x00, 0x00, 0x00, 0x00, 0x00, 0x00, 0x1F, 0xD0, 0x00,
    0x00, 0x00, 0x00, 0x00, 0x3F, 0xF0, 0x00, 0x00, 0x00, 0x00, 0x00, 0x7F, 0xF4, 0x00, 0x00, 0x00,
    0x00, 0x00, 0x7F, 0xF8, 0x00, 0x00, 0x00, 0x00, 0x00, 0x1F, 0xF4, 0x00, 0x00, 0x00, 0x00, 0x00,
    0x02, 0xF0, 0x00, 0x00, 0x00, 0x00, 0x00, 0x03, 0xE0, 0x00, 0x00, 0x00, 0x00, 0x00, 0x0F, 0xC0,
    0x00, 0x00, 0x00, 0x00, 0x00, 0x3F, 0x00, 0x00, 0x40, 0x06, 0x50, 0x00, 0x18, 0x0B, 0xFF, 0xD0,
    0xFF, 0xFC, 0x00, 0x00, 0x0B, 0xFF, 0xD7, 0xFF, 0xFF, 0x00, 0x00, 0x07, 0xFF, 0xEF, 0xFF, 0xFF,
    0x80, 0x00, 0x00, 0x7F, 0xFE, 0x07, 0xFF, 0xC0, 0x00, 0x00, 0x7F, 0xF8, 0x01, 0xFF, 0xC0, 0x00,
    0x00, 0x7F, 0xF0, 0x00, 0xFF, 0xC0, 0x00, 0x00, 0x7F, 0xF0, 0x00, 0xFF, 0xC0, 0x00, 0x00, 0x7F,
    0xF0, 0x00, 0xFF, 0xC0, 0x00, 0x00, 0x7F, 0xF0, 0x00, 0xFF, 0xC0, 0x00, 0x00, 0x7F, 0xF0, 0x00,
    0xFF, 0xC0, 0x00, 0x00, 0x7F, 0xF0, 0x00, 0xFF, 0xC0, 0x00, 0x00, 0x7F, 0xF0, 0x00, 0xFF, 0xC0,
    0x00, 0x00, 0x7F, 0xF0, 0x00, 0xFF, 0xC0, 0x00, 0x00, 0x7F, 0xF0, 0x00, 0xFF, 0xC0, 0x00, 0x01,
    0xFF, 0xF9, 0x06, 0xFF, 0xF4, 0x00, 0x0B, 0xFF, 0xFF, 0x0F, 0xFF, 0xFD, 0x00, 0x0B, 0xFF, 0xFF,
    0x0F, 0xFF, 0xFD, 0x15, 0x55, 0x40, 0x00, 0x15, 0x55, 0x47, 0xFF, 0xFE, 0x00, 0x07, 0xFF, 0xFD,
    0x7F, 0xFF, 0xF0, 0x00, 0x7F, 0xFF, 0xD0, 0x7F, 0xFF, 0xC0, 0x00, 0xBF, 0xD0, 0x03, 0xFF, 0xFD,
    0x00, 0x03, 0xFC, 0x00, 0x3F, 0xFF, 0xF0, 0x00, 0x3F, 0xC0, 0x03, 0xFF, 0xFF, 0x80, 0x03, 0xFC,
    0x00, 0x3F, 0xFF, 0xFD, 0x00, 0x3F, 0xC0, 0x03, 0xFD, 0xFF, 0xF0, 0x03, 0xFC, 0x00, 0x3F, 0xCB,
    0xFF, 0x80, 0x3F, 0xC0, 0x03, 0xFC, 0x3F, 0xFC, 0x03, 0xFC, 0x00, 0x3F, 0xC1, 0xFF, 0xE0, 0x3F,
    0xC0, 0x03, 0xFC, 0x0F, 0xFF, 0x43, 0xFC, 0x00, 0x3F, 0xC0, 0x3F, 0xFC, 0x3F, 0xC0, 0x03, 0xFC,
    0x02, 0xFF, 0xE3, 0xFC, 0x00, 0x3F, 0xC0, 0x0F, 0xFF, 0x3F, 0xC0, 0x03, 0xFC, 0x00, 0x7F, 0xFF,
    0xFC, 0x00, 0x3F, 0xC0, 0x02, 0xFF, 0xFF, 0xC0, 0x03, 0xFC, 0x00, 0x0F, 0xFF, 0xFC, 0x00, 0x3F,
    0xC0, 0x00, 0x7F, 0xFF, 0xC0, 0x03, 0xFC, 0x00, 0x02, 0xFF, 0xFC, 0x02, 0xFF, 0xF8, 0x00, 0x0F,
    0xFF, 0xC0, 0x7F, 0xFF, 0xD0, 0x00, 0x7F, 0xFC, 0x07, 0xFF, 0xFD, 0x00, 0x03, 0xFF, 0x80, 0x00,
    0x00, 0x00, 0x00, 0x3F, 0xF4, 0x00, 0x00, 0x00, 0x00, 0x03, 0xFF, 0x00, 0x00, 0x00, 0x00, 0x00,
    0x3F, 0xF0, 0x00, 0x00, 0x00, 0x00, 0x0B, 0xFC, 0x00, 0x00, 0x00, 0x00, 0x01, 0xFF, 0x40, 0x00,
    0x00, 0x00, 0x00, 0x3F, 0xD0, 0x00, 0x00, 0x00, 0x00, 0x02, 0xF4, 0x00, 0x00, 0x00, 0x00, 0x00,
    0x04, 0x00, 0x00, 0x00, 0x04, 0x01, 0x65, 0x00, 0xBF, 0xFC, 0x1F, 0xFF, 0xC0, 0xBF, 0xFD, 0x7F,
    0xFF, 0xF0, 0xBF, 0xFE, 0xFF, 0xFF, 0xF8, 0x0B, 0xFF, 0xE0, 0x7F, 0xFC, 0x07, 0xFF, 0x80, 0x1F,
    0xFC, 0x07, 0xFF, 0x00, 0x1F, 0xFC, 0x07, 0xFF, 0x00, 0x0F, 0xFC, 0x07, 0xFF, 0x00, 0x0F, 0xFC,
    0x07, 0xFF, 0x00, 0x0F, 0xFC, 0x07, 0xFF, 0x00, 0x0F, 0xFC, 0x07, 0xFF, 0x00, 0x0F, 0xFC, 0x07,
    0xFF, 0x00, 0x0F, 0xFC, 0x07, 0xFF, 0x00, 0x0F, 0xFC, 0x07, 0xFF, 0x00, 0x0F, 0xFC, 0x2F, 0xFF,
    0x90, 0x0F, 0xFC, 0xBF, 0xFF, 0xF0, 0x0F, 0xFC, 0xBF, 0xFF, 0xF0, 0x1F, 0xFC, 0x00, 0x00, 0x00,
    0x1F, 0xF8, 0x00, 0x00, 0x00, 0x2F, 0xF4, 0x00, 0x00, 0x00, 0x3F, 0xF0, 0x00, 0x00, 0x00, 0x7F,
    0xD0, 0x00, 0x00, 0x00, 0xFF, 0x80, 0x00, 0x00, 0x02, 0xFF, 0x00, 0x00, 0x00, 0x00, 0xF8, 0x00,
    0x00, 0x00, 0x00, 0x40, 0x00, 0x00, 0x07, 0xFF, 0xFF, 0xD0, 0x00, 0x00, 0x07, 0xFF, 0xFF, 0xD0,
    0x00, 0x00, 0x07, 0xFF, 0xFF, 0xD0, 0x00, 0x00, 0x06, 0xAA, 0xAA, 0x90, 0x00, 0x00, 0x00, 0x00,
    0x00, 0x00, 0x00, 0x00, 0x00, 0x00, 0x00, 0x00, 0x00, 0x00, 0x00, 0x6B, 0xF9, 0x00, 0x00, 0x00,
    0x0B, 0xFF, 0xFF, 0xF4, 0x00, 0x00, 0x7F, 0xFF, 0xFF, 0xFE, 0x00, 0x01, 0xFF, 0xF9, 0x6F, 0xFF,
    0x80, 0x03, 0xFF, 0x80, 0x03, 0xFF, 0xD0, 0x0F, 0xFE, 0x00, 0x00, 0xFF, 0xF0, 0x1F, 0xFC, 0x00,
    0x00, 0x7F, 0xF8, 0x3F, 0xFC, 0x00, 0x00, 0x3F, 0xFC, 0x3F, 0xF8, 0x00, 0x00, 0x3F, 0xFC, 0x7F,
    0xF4, 0x00, 0x00, 0x2F, 0xFD, 0x7F, 0xF4, 0x00, 0x00, 0x2F, 0xFD, 0xBF, 0xF4, 0x00, 0x00, 0x1F,
    0xFD, 0xBF, 0xF4, 0x00, 0x00, 0x1F, 0xFD, 0xBF, 0xF4, 0x00, 0x00, 0x1F, 0xFD, 0x7F, 0xF4, 0x00,
    0x00, 0x2F, 0xFC, 0x7F, 0xF8, 0x00, 0x00, 0x2F, 0xFC, 0x3F, 0xFC, 0x00, 0x00, 0x3F, 0xFC, 0x3F,
    0xFC, 0x00, 0x00, 0x3F, 0xF4, 0x1F, 0xFE, 0x00, 0x00, 0x7F, 0xF0, 0x0F, 0xFF, 0x40, 0x00, 0xFF,
    0xD0, 0x07, 0xFF, 0xD0, 0x07, 0xFF, 0x80, 0x01, 0xFF, 0xFF, 0xFF, 0xFE, 0x00, 0x00, 0x7F, 0xFF,
    0xFF, 0xF8, 0x00, 0x00, 0x07, 0xFF, 0xFF, 0x80, 0x00, 0x00, 0x00, 0x15, 0x50, 0x00, 0x00, 0x00,
    0x55, 0x55, 0x54, 0x00, 0x03, 0xFF, 0xFF, 0xE0, 0x00, 0x0F, 0xFF, 0xFF, 0x80, 0x00, 0x3F, 0xFF,
    0xFE, 0x00, 0x00, 0x00, 0x00, 0x00, 0x00, 0x00, 0x00, 0x00, 0x00, 0x00, 0x00, 0x00, 0x00, 0x00,
    0x00, 0x00, 0x5A, 0x40, 0x00, 0x00, 0x7F, 0xFF, 0xF8, 0x00, 0x0B, 0xFF, 0xFF, 0xFC, 0x00, 0xFF,
    0xF5, 0xBF, 0xFC, 0x0B, 0xFF, 0x00, 0x7F, 0xF8, 0x3F, 0xF4, 0x00, 0xBF, 0xF1, 0xFF, 0xC0, 0x01,
    0xFF, 0xDB, 0xFF, 0x00, 0x03, 0xFF, 0x6F, 0xFC, 0x00, 0x0F, 0xFE, 0xFF, 0xF0, 0x00, 0x3F, 0xFA,
    0xFF, 0xC0, 0x00, 0xFF, 0xEB, 0xFF, 0x00, 0x03, 0xFF, 0x5F, 0xFD, 0x00, 0x1F, 0xFC, 0x3F, 0xF8,
    0x00, 0xBF, 0xF0, 0xBF, 0xF4, 0x03, 0xFF, 0x40, 0xFF, 0xF9, 0xBF, 0xF8, 0x00, 0xFF, 0xFF, 0xFF,
    0x80, 0x00, 0xBF, 0xFF, 0xE0, 0x00, 0x00, 0x05, 0x54, 0x00, 0x00, 0x00, 0x0B, 0x00, 0x00, 0xA0,
    0x00, 0x00, 0x0F, 0x80, 0x02, 0xF0, 0x00, 0x00, 0x0B, 0xD0, 0x07, 0xE0, 0x00, 0x00, 0x07, 0xFE,
    0xBF, 0xC0, 0x00, 0x00, 0x03, 0xFF, 0xFF, 0x80, 0x00, 0x00, 0x00, 0xFF, 0xFF, 0x00, 0x00, 0x00,
    0x00, 0x2F, 0xF4, 0x00, 0x00, 0x00, 0x00, 0x00, 0x00, 0x00, 0x00, 0x00, 0x00, 0x6B, 0xF9, 0x00,
    0x00, 0x00, 0x0B, 0xFF, 0xFF, 0xF4, 0x00, 0x00, 0x7F, 0xFF, 0xFF, 0xFE, 0x00, 0x01, 0xFF, 0xF9,
    0x6F, 0xFF, 0x80, 0x03, 0xFF, 0x80, 0x03, 0xFF, 0xD0, 0x0F, 0xFE, 0x00, 0x00, 0xFF, 0xF0, 0x1F,
    0xFC, 0x00, 0x00, 0x7F, 0xF8, 0x3F, 0xFC, 0x00, 0x00, 0x3F, 0xFC, 0x3F, 0xF8, 0x00, 0x00, 0x3F,
    0xFC, 0x7F, 0xF4, 0x00, 0x00, 0x2F, 0xFD, 0x7F, 0xF4, 0x00, 0x00, 0x2F, 0xFD, 0xBF, 0xF4, 0x00,
    0x00, 0x1F, 0xFD, 0xBF, 0xF4, 0x00, 0x00, 0x1F, 0xFD, 0xBF, 0xF4, 0x00, 0x00, 0x1F, 0xFD, 0x7F,
    0xF4, 0x00, 0x00, 0x2F, 0xFC, 0x7F, 0xF8, 0x00, 0x00, 0x2F, 0xFC, 0x3F, 0xFC, 0x00, 0x00, 0x3F,
    0xFC, 0x3F, 0xFC, 0x00, 0x00, 0x3F, 0xF4, 0x1F, 0xFE, 0x00, 0x00, 0x7F, 0xF0, 0x0F, 0xFF, 0x40,
    0x00, 0xFF, 0xD0, 0x07, 0xFF, 0xD0, 0x07, 0xFF, 0x80, 0x01, 0xFF, 0xFF, 0xFF, 0xFE, 0x00, 0x00,
    0x7F, 0xFF, 0xFF, 0xF8, 0x00, 0x00, 0x07, 0xFF, 0xFF, 0x80, 0x00, 0x00, 0x00, 0x15, 0x50, 0x00,
    0x00, 0x00, 0x40, 0x00, 0x14, 0x00, 0x07, 0xC0, 0x00, 0xF0, 0x00, 0x0F, 0x40, 0x0B, 0xC0, 0x00,
    0x3F, 0x80, 0xBE, 0x00, 0x00, 0x7F, 0xFF, 0xF0, 0x00, 0x00, 0xFF, 0xFF, 0x80, 0x00, 0x00, 0xBF,
    0xF8, 0x00, 0x00, 0x00, 0x15, 0x00, 0x00, 0x00, 0x00, 0x00, 0x00, 0x00, 0x00, 0x05, 0xA4, 0x00,
    0x00, 0x07, 0xFF, 0xFF, 0x80, 0x00, 0xBF, 0xFF, 0xFF, 0xC0, 0x0F, 0xFF, 0x5B, 0xFF, 0xC0, 0xBF,
    0xF0, 0x07, 0xFF, 0x83, 0xFF, 0x40, 0x0B, 0xFF, 0x1F, 0xFC, 0x00, 0x1F, 0xFD, 0xBF, 0xF0, 0x00,
    0x3F, 0xF6, 0xFF, 0xC0, 0x00, 0xFF, 0xEF, 0xFF, 0x00, 0x03, 0xFF, 0xAF, 0xFC, 0x00, 0x0F, 0xFE,
    0xBF, 0xF0, 0x00, 0x3F, 0xF5, 0xFF, 0xD0, 0x01, 0xFF, 0xC3, 0xFF, 0x80, 0x0B, 0xFF, 0x0B, 0xFF,
    0x40, 0x3F, 0xF4, 0x0F, 0xFF, 0x9B, 0xFF, 0x80, 0x0F, 0xFF, 0xFF, 0xF8, 0x00, 0x0B, 0xFF, 0xFE,
    0x00, 0x00, 0x00, 0x55, 0x40, 0x00, 0x00, 0x00, 0x00, 0xF0, 0x01, 0x00, 0x00, 0x00, 0x03, 0xF8,
    0x0F, 0xC0, 0x00, 0x00, 0x0F, 0xFC, 0x3F, 0xE0, 0x00, 0x00, 0x2F, 0xF4, 0xFF, 0xD0, 0x00, 0x00,
    0x7F, 0xD3, 0xFF, 0x40, 0x00, 0x00, 0xFD, 0x0F, 0xF4, 0x00, 0x00, 0x00, 0xE0, 0x0F, 0x40, 0x00,
    0x00, 0x00, 0x00, 0x00, 0x00, 0x00, 0x00, 0x00, 0x6B, 0xF9, 0x00, 0x00, 0x00, 0x0B, 0xFF, 0xFF,
    0xF4, 0x00, 0x00, 0x7F, 0xFF, 0xFF, 0xFE, 0x00, 0x01, 0xFF, 0xF9, 0x6F, 0xFF, 0x80, 0x03, 0xFF,
    0x80, 0x03, 0xFF, 0xD0, 0x0F, 0xFE, 0x00, 0x00, 0xFF, 0xF0, 0x1F, 0xFC, 0x00, 0x00, 0x7F, 0xF8,
    0x3F, 0xFC, 0x00, 0x00, 0x3F, 0xFC, 0x3F, 0xF8, 0x00, 0x00, 0x3F, 0xFC, 0x7F, 0xF4, 0x00, 0x00,
    0x2F, 0xFD, 0x7F, 0xF4, 0x00, 0x00, 0x2F, 0xFD, 0xBF, 0xF4, 0x00, 0x00, 0x1F, 0xFD, 0xBF, 0xF4,
    0x00, 0x00, 0x1F, 0xFD, 0xBF, 0xF4, 0x00, 0x00, 0x1F, 0xFD, 0x7F, 0xF4, 0x00, 0x00, 0x2F, 0xFC,
    0x7F, 0xF8, 0x00, 0x00, 0x2F, 0xFC, 0x3F, 0xFC, 0x00, 0x00, 0x3F, 0xFC, 0x3F, 0xFC, 0x00, 0x00,
    0x3F, 0xF4, 0x1F, 0xFE, 0x00, 0x00, 0x7F, 0xF0, 0x0F, 0xFF, 0x40, 0x00, 0xFF, 0xD0, 0x07, 0xFF,
    0xD0, 0x07, 0xFF, 0x80, 0x01, 0xFF, 0xFF, 0xFF, 0xFE, 0x00, 0x00, 0x7F, 0xFF, 0xFF, 0xF8, 0x00,
    0x00, 0x07, 0xFF, 0xFF, 0x80, 0x00, 0x00, 0x00, 0x15, 0x50, 0x00, 0x00, 0x00, 0x00, 0x28, 0x01,
    0x80, 0x00, 0x02, 0xF8, 0x1F, 0xC0, 0x00, 0x1F, 0xF0, 0xFF, 0x00, 0x00, 0xFF, 0x8F, 0xFC, 0x00,
    0x0B, 0xF8, 0xBF, 0xC0, 0x00, 0x3F, 0x43, 0xF8, 0x00, 0x02, 0xF0, 0x3F, 0x00, 0x00, 0x02, 0x00,
    0x20, 0x00, 0x00, 0x00, 0x00, 0x00, 0x00, 0x00, 0x05, 0xA4, 0x00, 0x00, 0x07, 0xFF, 0xFF, 0x80,
    0x00, 0xBF, 0xFF, 0xFF, 0xC0, 0x0F, 0xFF, 0x5B, 0xFF, 0xC0, 0xBF, 0xF0, 0x07, 0xFF, 0x83, 0xFF,
    0x40, 0x0B, 0xFF, 0x1F, 0xFC, 0x00, 0x1F, 0xFD, 0xBF, 0xF0, 0x00, 0x3F, 0xF6, 0xFF, 0xC0, 0x00,
    0xFF, 0xEF, 0xFF, 0x00, 0x03, 0xFF, 0xAF, 0xFC, 0x00, 0x0F, 0xFE, 0xBF, 0xF0, 0x00, 0x3F, 0xF5,
    0xFF, 0xD0, 0x01, 0xFF, 0xC3, 0xFF, 0x80, 0x0B, 0xFF, 0x0B, 0xFF, 0x40, 0x3F, 0xF4, 0x0F, 0xFF,
    0x9B, 0xFF, 0x80, 0x0F, 0xFF, 0xFF, 0xF8, 0x00, 0x0B, 0xFF, 0xFE, 0x00, 0x00, 0x00, 0x55, 0x40,
    0x00, 0x00, 0x00, 0x6F, 0xE4, 0x05, 0x55, 0x55, 0x55, 0x00, 0x00, 0x2F, 0xFF, 0xFD, 0x2F, 0xFF,
    0xFF, 0xFE, 0x00, 0x07, 0xFF, 0xFF, 0xFE, 0xFF, 0xFF, 0xFF, 0xFC, 0x00, 0x7F, 0xFE, 0x5B, 0xFF,
    0xFF, 0x55, 0x7F, 0xF0, 0x07, 0xFF, 0x80, 0x03, 0xFF, 0xFC, 0x00, 0x2F, 0xD0, 0x3F, 0xF8, 0x00,
    0x03, 0xFF, 0xF0, 0x00, 0x3F, 0x41, 0xFF, 0xC0, 0x00, 0x07, 0xFF, 0xC0, 0x00, 0xBE, 0x0F, 0xFF,
    0x00, 0x00, 0x0F, 0xFF, 0x00, 0x00, 0x00, 0x3F, 0xF8, 0x00, 0x00, 0x2F, 0xFC, 0x02, 0xD0, 0x01,
    0xFF, 0xD0, 0x00, 0x00, 0xBF, 0xF0, 0x0F, 0x80, 0x07, 0xFF, 0x40, 0x00, 0x01, 0xFF, 0xD1, 0xBE,
    0x00, 0x2F, 0xFD, 0x00, 0x00, 0x07, 0xFF, 0xFF, 0xF8, 0x00, 0xBF, 0xF4, 0x00, 0x00, 0x1F, 0xFF,
    0xFF, 0xE0, 0x02, 0xFF, 0xD0, 0x00, 0x00, 0x7F, 0xFA, 0xBF, 0x80, 0x07, 0xFF, 0x40, 0x00, 0x01,
    0xFF, 0xC0, 0x3E, 0x00, 0x1F, 0xFE, 0x00, 0x00, 0x0B, 0xFF, 0x00, 0xF8, 0x00, 0x3F, 0xFC, 0x00,
    0x00, 0x2F, 0xFC, 0x00, 0x00, 0x00, 0xFF, 0xF0, 0x00, 0x00, 0xFF, 0xF0, 0x00, 0x0F, 0xC1, 0xFF,
    0xE0, 0x00, 0x07, 0xFF, 0xC0, 0x00, 0x3F, 0x03, 0xFF, 0xD0, 0x00, 0x3F, 0xFF, 0x00, 0x02, 0xFC,
    0x07, 0xFF, 0xE0, 0x07, 0xFF, 0xFC, 0x00, 0x1F, 0xF0, 0x07, 0xFF, 0xFF, 0xFF, 0xFF, 0xFF, 0xFF,
    0xFF, 0x80, 0x07, 0xFF, 0xFF, 0xFC, 0xBF, 0xFF, 0xFF, 0xFE, 0x00, 0x02, 0xFF, 0xFF, 0x82, 0xFF,
    0xFF, 0xFF, 0xF4, 0x00, 0x00, 0x15, 0x40, 0x00, 0x00, 0x00, 0x00, 0x00, 0x00, 0x01, 0x65, 0x00,
    0x00, 0x59, 0x40, 0x00, 0x07, 0xFF, 0xFE, 0x01, 0xFF, 0xFF, 0x40, 0x03, 0xFF, 0xFF, 0xFC, 0x7F,
    0xFF, 0xFE, 0x00, 0xFF, 0xF5, 0xBF, 0xFF, 0xF4, 0x2F, 0xF4, 0x2F, 0xFC, 0x00, 0xFF, 0xFD, 0x00,
    0xFF, 0xC3, 0xFF, 0x40, 0x0B, 0xFF, 0xC0, 0x0F, 0xFC, 0x7F, 0xF0, 0x00, 0x7F, 0xF8, 0x00, 0xFF,
    0xCB, 0xFF, 0x00, 0x03, 0xFF, 0x95, 0x5F, 0xFC, 0xBF, 0xF0, 0x00, 0x3F, 0xFF, 0xFF, 0xFF, 0xCF,
    0xFF, 0x00, 0x03, 0xFF, 0xFF, 0xFF, 0xFC, 0xBF, 0xF0, 0x00, 0x3F, 0xF8, 0x00, 0x00, 0x0B, 0xFF,
    0x00, 0x03, 0xFF, 0x80, 0x00, 0x00, 0x7F, 0xF4, 0x00, 0x3F, 0xFC, 0x00, 0x00, 0x03, 0xFF, 0x80,
    0x0B, 0xFF, 0xE0, 0x00, 0x78, 0x2F, 0xFD, 0x00, 0xFF, 0xFF, 0xE5, 0xBF, 0xD0, 0xFF, 0xF9, 0xBF,
    0xFF, 0xFF, 0xFF, 0xF8, 0x03, 0xFF, 0xFF, 0xF8, 0xFF, 0xFF, 0xFE, 0x00, 0x0B, 0xFF, 0xFC, 0x01,
    0xFF, 0xFE, 0x00, 0x00, 0x01, 0x54, 0x00, 0x00, 0x55, 0x00, 0x00, 0x00, 0x00, 0x00, 0x50, 0x00,
    0x00, 0x00, 0x00, 0x02, 0xFC, 0x00, 0x00, 0x00, 0x00, 0x0B, 0xFC, 0x00, 0x00, 0x00, 0x00, 0x2F,
    0xFC, 0x00, 0x00, 0x00, 0x00, 0xBF, 0xF4, 0x00, 0x00, 0x00, 0x02, 0xFE, 0x40, 0x00, 0x00, 0x00,
    0x02, 0xE0, 0x00, 0x00, 0x00, 0x00, 0x00, 0x00, 0x00, 0x00, 0x00, 0x15, 0x55, 0x55, 0x40, 0x00,
    0x00, 0x7F, 0xFF, 0xFF, 0xFF, 0x40, 0x00, 0x7F, 0xFF, 0xFF, 0xFF, 0xF4, 0x00, 0x07, 0xFF, 0xD6,
    0xFF, 0xFC, 0x00, 0x03, 0xFF, 0x80, 0x2F, 0xFE, 0x00, 0x03, 0xFF, 0x80, 0x0F, 0xFF, 0x00, 0x03,
    0xFF, 0x80, 0x0F, 0xFF, 0x00, 0x03, 0xFF, 0x80, 0x0F, 0xFF, 0x00, 0x03, 0xFF, 0x80, 0x0F, 0xFE,
    0x00, 0x03, 0xFF, 0x80, 0x1F, 0xFC, 0x00, 0x03, 0xFF, 0x80, 0x7F, 0xF0, 0x00, 0x03, 0xFF, 0xFF,
    0xFF, 0x80, 0x00, 0x03, 0xFF, 0xFF, 0xF4, 0x00, 0x00, 0x03, 0xFF, 0xEB, 0xFF, 0x00, 0x00, 0x03,
    0xFF, 0x81, 0xFF, 0xC0, 0x00, 0x03, 0xFF, 0x80, 0xFF, 0xF0, 0x00, 0x03, 0xFF, 0x80, 0xBF, 0xF0,
    0x00, 0x03, 0xFF, 0x80, 0x7F, 0xF8, 0x00, 0x03, 0xFF, 0x80, 0x3F, 0xFC, 0x00, 0x03, 0xFF, 0x80,
    0x2F, 0xFD, 0x00, 0x03, 0xFF, 0xC0, 0x1F, 0xFF, 0x00, 0x2F, 0xFF, 0xE8, 0x0F, 0xFF, 0xFC, 0x7F,
    0xFF, 0xFD, 0x07, 0xFF, 0xFD, 0x7F, 0xFF, 0xFD, 0x01, 0xFF, 0xF8, 0x00, 0x00, 0x00, 0x00, 0x15,
    0x40, 0x00, 0x00, 0x06, 0x40, 0x00, 0x00, 0x07, 0xF0, 0x00, 0x00, 0x03, 0xFD, 0x00, 0x00, 0x03,
    0xFF, 0x00, 0x00, 0x01, 0xFF, 0x40, 0x00, 0x00, 0xFE, 0x00, 0x00, 0x00, 0xFD, 0x00, 0x00, 0x00,
    0x08, 0x00, 0x00, 0x00, 0x00, 0x00, 0x00, 0x00, 0x05, 0x00, 0x64, 0x0B, 0xFF, 0xC1, 0xFF, 0xE2,
    0xFF, 0xF5, 0xFF, 0xFD, 0xBF, 0xFE, 0xFA, 0xFF, 0x82, 0xFF, 0xF4, 0x7F, 0xE0, 0x7F, 0xF8, 0x2F,
    0xF8, 0x1F, 0xFC, 0x07, 0xFC, 0x07, 0xFF, 0x00, 0x14, 0x01, 0xFF, 0xC0, 0x00, 0x00, 0x7F, 0xF0,
    0x00, 0x00, 0x1F, 0xFC, 0x00, 0x00, 0x07, 0xFF, 0x00, 0x00, 0x01, 0xFF, 0xC0, 0x00, 0x00, 0x7F,
    0xF0, 0x00, 0x00, 0x1F, 0xFC, 0x00, 0x00, 0x2F, 0xFF, 0xE4, 0x00, 0x2F, 0xFF, 0xFF, 0x40, 0x0B,
    0xFF, 0xFF, 0xD0, 0x00, 0x15, 0x55, 0x55, 0x40, 0x00, 0x00, 0x7F, 0xFF, 0xFF, 0xFF, 0x40, 0x00,
    0x7F, 0xFF, 0xFF, 0xFF, 0xF4, 0x00, 0x07, 0xFF, 0xD6, 0xFF, 0xFC, 0x00, 0x03, 0xFF, 0x80, 0x2F,
    0xFE, 0x00, 0x03, 0xFF, 0x80, 0x0F, 0xFF, 0x00, 0x03, 0xFF, 0x80, 0x0F, 0xFF, 0x00, 0x03, 0xFF,
    0x80, 0x0F, 0xFF, 0x00, 0x03, 0xFF, 0x80, 0x0F, 0xFE, 0x00, 0x03, 0xFF, 0x80, 0x1F, 0xFC, 0x00,
    0x03, 0xFF, 0x80, 0x7F, 0xF0, 0x00, 0x03, 0xFF, 0xFF, 0xFF, 0x80, 0x00, 0x03, 0xFF, 0xFF, 0xF4,
    0x00, 0x00, 0x03, 0xFF, 0xEB, 0xFF, 0x00, 0x00, 0x03, 0xFF, 0x81, 0xFF, 0xC0, 0x00, 0x03, 0xFF,
    0x80, 0xFF, 0xF0, 0x00, 0x03, 0xFF, 0x80, 0xBF, 0xF0, 0x00, 0x03, 0xFF, 0x80, 0x7F, 0xF8, 0x00,
    0x03, 0xFF, 0x80, 0x3F, 0xFC, 0x00, 0x03, 0xFF, 0x80, 0x2F, 0xFD, 0x00, 0x03, 0xFF, 0xC0, 0x1F,
    0xFF, 0x00, 0x2F, 0xFF, 0xE8, 0x0F, 0xFF, 0xFC, 0x7F, 0xFF, 0xFD, 0x07, 0xFF, 0xFD, 0x7F, 0xFF,
    0xFD, 0x01, 0xFF, 0xF8, 0x00, 0x00, 0x00, 0x00, 0x15, 0x40, 0x00, 0x00, 0x00, 0x00, 0x00, 0x00,
    0x00, 0x00, 0x2F, 0xC0, 0x00, 0x00, 0x00, 0x00, 0x7F, 0xF0, 0x00, 0x00, 0x00, 0x00, 0x7F, 0xF0,
    0x00, 0x00, 0x00, 0x00, 0x3F, 0xF0, 0x00, 0x00, 0x00, 0x00, 0x07, 0xE0, 0x00, 0x00, 0x00, 0x00,
    0x0F, 0xC0, 0x00, 0x00, 0x00, 0x00, 0x2F, 0x40, 0x00, 0x00, 0x00, 0x00, 0x2D, 0x00, 0x00, 0x00,
    0x00, 0x00, 0x00, 0x00, 0x00, 0x00, 0x00, 0x14, 0x01, 0x90, 0x2F, 0xFF, 0x07, 0xFF, 0x8B, 0xFF,
    0xD7, 0xFF, 0xF6, 0xFF, 0xFB, 0xEB, 0xFE, 0x0B, 0xFF, 0xD1, 0xFF, 0x81, 0xFF, 0xE0, 0xBF, 0xE0,
    0x7F, 0xF0, 0x1F, 0xF0, 0x1F, 0xFC, 0x00, 0x50, 0x07, 0xFF, 0x00, 0x00, 0x01, 0xFF, 0xC0, 0x00,
    0x00, 0x7F, 0xF0, 0x00, 0x00, 0x1F, 0xFC, 0x00, 0x00, 0x07, 0xFF, 0x00, 0x00, 0x01, 0xFF, 0xC0,
    0x00, 0x00, 0x7F, 0xF0, 0x00, 0x00, 0xBF, 0xFF, 0x90, 0x00, 0xBF, 0xFF, 0xFD, 0x00, 0x2F, 0xFF,
    0xFF, 0x40, 0x00, 0x00, 0x00, 0x00, 0x00, 0x00, 0x00, 0x00, 0x00, 0x01, 0xFD, 0x00, 0x00, 0x00,
    0xFF, 0xC0, 0x00, 0x00, 0x3F, 0xF4, 0x00, 0x00, 0x0B, 0xFC, 0x00, 0x00, 0x00, 0x3F, 0x00, 0x00,
    0x00, 0x2F, 0x40, 0x00, 0x00, 0x1F, 0x80, 0x00, 0x00, 0x07, 0x80, 0x00, 0x00, 0x00, 0x00, 0x00,
    0x00, 0x00, 0x00, 0x00, 0x00, 0x00, 0x00, 0x00, 0x00, 0xB4, 0x00, 0x0F, 0x00, 0x00, 0x00, 0xFF,
    0x00, 0xBF, 0x00, 0x00, 0x00, 0x3F, 0xE7, 0xFC, 0x00, 0x00, 0x00, 0x0F, 0xFF, 0xF4, 0x00, 0x00,
    0x00, 0x03, 0xFF, 0xD0, 0x00, 0x00, 0x00, 0x00, 0xFF, 0x40, 0x00, 0x00, 0x00, 0x00, 0x7D, 0x00,
    0x00, 0x00, 0x00, 0x00, 0x00, 0x00, 0x00, 0x00, 0x15, 0x55, 0x55, 0x40, 0x00, 0x00, 0x7F, 0xFF,
    0xFF, 0xFF, 0x40, 0x00, 0x7F, 0xFF, 0xFF, 0xFF, 0xF4, 0x00, 0x07, 0xFF, 0xD6, 0xFF, 0xFC, 0x00,
    0x03, 0xFF, 0x80, 0x2F, 0xFE, 0x00, 0x03, 0xFF, 0x80, 0x0F, 0xFF, 0x00, 0x03, 0xFF, 0x80, 0x0F,
    0xFF, 0x00, 0x03, 0xFF, 0x80, 0x0F, 0xFF, 0x00, 0x03, 0xFF, 0x80, 0x0F, 0xFE, 0x00, 0x03, 0xFF,
    0x80, 0x1F, 0xFC, 0x00, 0x03, 0xFF, 0x80, 0x7F, 0xF0, 0x00, 0x03, 0xFF, 0xFF, 0xFF, 0x80, 0x00,
    0x03, 0xFF, 0xFF, 0xF4, 0x00, 0x00, 0x03, 0xFF, 0xEB, 0xFF, 0x00, 0x00, 0x03, 0xFF, 0x81, 0xFF,
    0xC0, 0x00, 0x03, 0xFF, 0x80, 0xFF, 0xF0, 0x00, 0x03, 0xFF, 0x80, 0xBF, 0xF0, 0x00, 0x03, 0xFF,
    0x80, 0x7F, 0xF8, 0x00, 0x03, 0xFF, 0x80, 0x3F, 0xFC, 0x00, 0x03, 0xFF, 0x80, 0x2F, 0xFD, 0x00,
    0x03, 0xFF, 0xC0, 0x1F, 0xFF, 0x00, 0x2F, 0xFF, 0xE8, 0x0F, 0xFF, 0xFC, 0x7F, 0xFF, 0xFD, 0x07,
    0xFF, 0xFD, 0x7F, 0xFF, 0xFD, 0x01, 0xFF, 0xF8, 0x00, 0x00, 0x00, 0x00, 0x15, 0x40, 0x01, 0x80,
    0x00, 0x20, 0x00, 0xFC, 0x00, 0x7E, 0x00, 0x1F, 0xD0, 0xBF, 0x00, 0x02, 0xFE, 0xFF, 0x00, 0x00,
    0x3F, 0xFF, 0x40, 0x00, 0x03, 0xFF, 0x80, 0x00, 0x00, 0x7F, 0xC0, 0x00, 0x00, 0x06, 0x80, 0x00,
    0x00, 0x00, 0x00, 0x00, 0x00, 0x05, 0x00, 0x64, 0x0B, 0xFF, 0xC1, 0xFF, 0xE2, 0xFF, 0xF5, 0xFF,
    0xFD, 0xBF, 0xFE, 0xFA, 0xFF, 0x82, 0xFF, 0xF4, 0x7F, 0xE0, 0x7F, 0xF8, 0x2F, 0xF8, 0x1F, 0xFC,
    0x07, 0xFC, 0x07, 0xFF, 0x00, 0x14, 0x01, 0xFF, 0xC0, 0x00, 0x00, 0x7F, 0xF0, 0x00, 0x00, 0x1F,
    0xFC, 0x00, 0x00, 0x07, 0xFF, 0x00, 0x00, 0x01, 0xFF, 0xC0, 0x00, 0x00, 0x7F, 0xF0, 0x00, 0x00,
    0x1F, 0xFC, 0x00, 0x00, 0x2F, 0xFF, 0xE4, 0x00, 0x2F, 0xFF, 0xFF, 0x40, 0x0B, 0xFF, 0xFF, 0xD0,
    0x00, 0x00, 0x00, 0x01, 0x40, 0x00, 0x00, 0x00, 0x2F, 0xC0, 0x00, 0x00, 0x02, 0xFF, 0x00, 0x00,
    0x00, 0x2F, 0xFC, 0x00, 0x00, 0x02, 0xFF, 0xD0, 0x00, 0x00, 0x3F, 0xE4, 0x00, 0x00, 0x00, 0xB8,
    0x00, 0x00, 0x00, 0x00, 0x00, 0x00, 0x00, 0x00, 0x1A, 0xF9, 0x07, 0x80, 0x03, 0xFF, 0xFF, 0xBF,
    0x00, 0x3F, 0xFF, 0xFF, 0xFC, 0x03, 0xFF, 0x81, 0xBF, 0xF0, 0x1F, 0xF4, 0x00, 0x7F, 0xC0, 0xFF,
    0xC0, 0x00, 0x7F, 0x03, 0xFF, 0x00, 0x00, 0xBD, 0x0F, 0xFE, 0x00, 0x01, 0xA0, 0x3F, 0xFE, 0x00,
    0x00, 0x00, 0xFF, 0xFF, 0xD0, 0x00, 0x01, 0xFF, 0xFF, 0xFD, 0x00, 0x02, 0xFF, 0xFF, 0xFF, 0x40,
    0x02, 0xFF, 0xFF, 0xFF, 0x40, 0x01, 0xFF, 0xFF, 0xFF, 0x00, 0x00, 0x2F, 0xFF, 0xFE, 0x00, 0x00,
    0x02, 0xFF, 0xFC, 0x14, 0x00, 0x01, 0xFF, 0xF2, 0xF4, 0x00, 0x02, 0xFF, 0xC7, 0xF0, 0x00, 0x07,
    0xFF, 0x1F, 0xE0, 0x00, 0x1F, 0xF8, 0x7F, 0xF0, 0x00, 0xFF, 0xC0, 0xFF, 0xFE, 0xBF, 0xFE, 0x03,
    0xFF, 0xFF, 0xFF, 0xE0, 0x0F, 0x47, 0xFF, 0xF8, 0x00, 0x00, 0x00, 0x55, 0x00, 0x00, 0x00, 0x00,
    0x28, 0x00, 0x00, 0x03, 0xF8, 0x00, 0x00, 0x1F, 0xF0, 0x00, 0x00, 0xFF, 0x80, 0x00, 0x0F, 0xF8,
    0x00, 0x00, 0xBF, 0x40, 0x00, 0x03, 0xE0, 0x00, 0x00, 0x09, 0x00, 0x00, 0x00, 0x00, 0x00, 0x00,
    0x00, 0x69, 0x06, 0x40, 0x3F, 0xFF, 0xFF, 0x03, 0xFF, 0xFF, 0xFC, 0x3F, 0xD0, 0x1F, 0xF0, 0xFF,
    0x00, 0x1F, 0xC7, 0xFC, 0x00, 0x2F, 0x1F, 0xFE, 0x40, 0x00, 0x3F, 0xFF, 0xE4, 0x00, 0xBF, 0xFF,
    0xFE, 0x00, 0xBF, 0xFF, 0xFE, 0x00, 0x7F, 0xFF, 0xFD, 0x00, 0x06, 0xFF, 0xF9, 0xA0, 0x00, 0x7F,
    0xEB, 0xE0, 0x00, 0xBF, 0x9F, 0xD0, 0x03, 0xFD, 0x7F, 0xE4, 0x6F, 0xF1, 0xFF, 0xFF, 0xFF, 0x03,
    0xEF, 0xFF, 0xE0, 0x05, 0x01, 0x54, 0x00, 0x00, 0x00, 0xB8, 0x00, 0x00, 0x00, 0x0F, 0xF8, 0x00,
    0x00, 0x00, 0xBF, 0xF4, 0x00, 0x00, 0x0B, 0xFF, 0xF4, 0x00, 0x00, 0x7F, 0xEF, 0xF0, 0x00, 0x07,
    0xF8, 0x0B, 0xF0, 0x00, 0x1E, 0x00, 0x07, 0xC0, 0x00, 0x00, 0x00, 0x00, 0x00, 0x00, 0x1A, 0xF9,
    0x07, 0x80, 0x03, 0xFF, 0xFF, 0xBF, 0x00, 0x3F, 0xFF, 0xFF, 0xFC, 0x03, 0xFF, 0x81, 0xBF, 0xF0,
    0x1F, 0xF4, 0x00, 0x7F, 0xC0, 0xFF, 0xC0, 0x00, 0x7F, 0x03, 0xFF, 0x00, 0x00, 0xBD, 0x0F, 0xFE,
    0x00, 0x01, 0xA0, 0x3F, 0xFE, 0x00, 0x00, 0x00, 0xFF, 0xFF, 0xD0, 0x00, 0x01, 0xFF, 0xFF, 0xFD,
    0x00, 0x02, 0xFF, 0xFF, 0xFF, 0x40, 0x02, 0xFF, 0xFF, 0xFF, 0x40, 0x01, 0xFF, 0xFF, 0xFF, 0x00,
    0x00, 0x2F, 0xFF, 0xFE, 0x00, 0x00, 0x02, 0xFF, 0xFC, 0x14, 0x00, 0x01, 0xFF, 0xF2, 0xF4, 0x00,
    0x02, 0xFF, 0xC7, 0xF0, 0x00, 0x07, 0xFF, 0x1F, 0xE0, 0x00, 0x1F, 0xF8, 0x7F, 0xF0, 0x00, 0xFF,
    0xC0, 0xFF, 0xFE, 0xBF, 0xFE, 0x03, 0xFF, 0xFF, 0xFF, 0xE0, 0x0F, 0x47, 0xFF, 0xF8, 0x00, 0x00,
    0x00, 0x55, 0x00, 0x00, 0x00, 0x0B, 0x80, 0x00, 0x00, 0xFF, 0x80, 0x00, 0x0B, 0xFF, 0x40, 0x00,
    0x7F, 0xFF, 0x00, 0x03, 0xFE, 0xFF, 0x00, 0x3F, 0xC0, 0xFE, 0x01, 0xF8, 0x00, 0xBC, 0x02, 0x40,
    0x00, 0x50, 0x00, 0x00, 0x00, 0x00, 0x00, 0x69, 0x06, 0x40, 0x3F, 0xFF, 0xFF, 0x03, 0xFF, 0xFF,
    0xFC, 0x3F, 0xD0, 0x1F, 0xF0, 0xFF, 0x00, 0x1F, 0xC7, 0xFC, 0x00, 0x2F, 0x1F, 0xFE, 0x40, 0x00,
    0x3F, 0xFF, 0xE4, 0x00, 0xBF, 0xFF, 0xFE, 0x00, 0xBF, 0xFF, 0xFE, 0x00, 0x7F, 0xFF, 0xFD, 0x00,
    0x06, 0xFF, 0xF9, 0xA0, 0x00, 0x7F, 0xEB, 0xE0, 0x00, 0xBF, 0x9F, 0xD0, 0x03, 0xFD, 0x7F, 0xE4,
    0x6F, 0xF1, 0xFF, 0xFF, 0xFF, 0x03, 0xEF, 0xFF, 0xE0, 0x05, 0x01, 0x54, 0x00, 0x00, 0x1A, 0xF9,
    0x07, 0x80, 0x03, 0xFF, 0xFF, 0xBF, 0x00, 0x3F, 0xFF, 0xFF, 0xFC, 0x03, 0xFF, 0x81, 0xBF, 0xF0,
    0x1F, 0xF4, 0x00, 0x7F, 0xC0, 0xFF, 0xC0, 0x00, 0x7F, 0x03, 0xFF, 0x00, 0x00, 0xBD, 0x0F, 0xFE,
    0x00, 0x01, 0xA0, 0x3F, 0xFE, 0x00, 0x00, 0x00, 0xFF, 0xFF, 0xD0, 0x00, 0x01, 0xFF, 0xFF, 0xFD,
    0x00, 0x02, 0xFF, 0xFF, 0xFF, 0x40, 0x02, 0xFF, 0xFF, 0xFF, 0x40, 0x01, 0xFF, 0xFF, 0xFF, 0x00,
    0x00, 0x2F, 0xFF, 0xFE, 0x00, 0x00, 0x02, 0xFF, 0xFC, 0x14, 0x00, 0x01, 0xFF, 0xF2, 0xF4, 0x00,
    0x02, 0xFF, 0xC7, 0xF0, 0x00, 0x07, 0xFF, 0x1F, 0xE0, 0x00, 0x1F, 0xF8, 0x7F, 0xF0, 0x00, 0xFF,
    0xC0, 0xFF, 0xFE, 0xBF, 0xFE, 0x03, 0xFF, 0xFF, 0xFF, 0xE0, 0x0F, 0x4B, 0xFF, 0xFD, 0x00, 0x00,
    0x01, 0xF9, 0x00, 0x00, 0x00, 0x0B, 0xD4, 0x00, 0x00, 0x00, 0x3F, 0xFC, 0x00, 0x00, 0x00, 0x17,
    0xF8, 0x00, 0x00, 0x00, 0x0F, 0xF0, 0x00, 0x00, 0x25, 0x7F, 0x80, 0x00, 0x01, 0xFF, 0xFC, 0x00,
    0x00, 0x01, 0xFF, 0xD0, 0x00, 0x00, 0x00, 0x00, 0x00, 0x00, 0x00, 0x1A, 0x41, 0x90, 0x0F, 0xFF,
    0xFF, 0xC0, 0xFF, 0xFF, 0xFF, 0x0F, 0xF4, 0x07, 0xFC, 0x3F, 0xC0, 0x07, 0xF1, 0xFF, 0x00, 0x0B,
    0xC7, 0xFF, 0x90, 0x00, 0x0F, 0xFF, 0xF9, 0x00, 0x2F, 0xFF, 0xFF, 0x80, 0x2F, 0xFF, 0xFF, 0x80,
    0x1F, 0xFF, 0xFF, 0x40, 0x01, 0xBF, 0xFE, 0x68, 0x00, 0x1F, 0xFA, 0xF8, 0x00, 0x2F, 0xE7, 0xF4,
    0x00, 0xFF, 0x5F, 0xF9, 0x1B, 0xFC, 0x7F, 0xFF, 0xFF, 0xC0, 0xFB, 0xFF, 0xF8, 0x01, 0x41, 0xF9,
    0x00, 0x00, 0x0B, 0xD4, 0x00, 0x00, 0x3F, 0xFC, 0x00, 0x00, 0x17, 0xF8, 0x00, 0x00, 0x0F, 0xF0,
    0x00, 0x25, 0x7F, 0x80, 0x01, 0xFF, 0xFD, 0x00, 0x01, 0xFF, 0xD0, 0x00, 0x00, 0x00, 0x00, 0x00,
    0x00, 0x00, 0x00, 0x00, 0x00, 0x07, 0x80, 0x00, 0xB0, 0x00, 0x2F, 0xD0, 0x2F, 0xC0, 0x00, 0x2F,
    0xE7, 0xFD, 0x00, 0x00, 0x3F, 0xFF, 0xD0, 0x00, 0x00, 0x3F, 0xFE, 0x00, 0x00, 0x00, 0x3F, 0xE0,
    0x00, 0x00, 0x00, 0x3E, 0x00, 0x00, 0x00, 0x00, 0x00, 0x00, 0x00, 0x00, 0x6B, 0xE4, 0x1E, 0x00,
    0x0F, 0xFF, 0xFE, 0xFC, 0x00, 0xFF, 0xFF, 0xFF, 0xF0, 0x0F, 0xFE, 0x06, 0xFF, 0xC0, 0x7F, 0xD0,
    0x01, 0xFF, 0x03, 0xFF, 0x00, 0x01, 0xFC, 0x0F, 0xFC, 0x00, 0x02, 0xF4, 0x3F, 0xF8, 0x00, 0x06,
    0x80, 0xFF, 0xF8, 0x00, 0x00, 0x03, 0xFF, 0xFF, 0x40, 0x00, 0x07, 0xFF, 0xFF, 0xF4, 0x00, 0x0B,
    0xFF, 0xFF, 0xFD, 0x00, 0x0B, 0xFF, 0xFF, 0xFD, 0x00, 0x07, 0xFF, 0xFF, 0xFC, 0x00, 0x00, 0xBF,
    0xFF, 0xF8, 0x00, 0x00, 0x0B, 0xFF, 0xF0, 0x50, 0x00, 0x07, 0xFF, 0xCB, 0xD0, 0x00, 0x0B, 0xFF,
    0x1F, 0xC0, 0x00, 0x1F, 0xFC, 0x7F, 0x80, 0x00, 0x7F, 0xE1, 0xFF, 0xC0, 0x03, 0xFF, 0x03, 0xFF,
    0xFA, 0xFF, 0xF8, 0x0F, 0xFF, 0xFF, 0xFF, 0x80, 0x3D, 0x1F, 0xFF, 0xE0, 0x00, 0x00, 0x01, 0x54,
    0x00, 0x00, 0x09, 0x00, 0x02, 0x40, 0x7E, 0x00, 0x3F, 0x00, 0xFF, 0x07, 0xF8, 0x00, 0xFF, 0xBF,
    0xC0, 0x01, 0xFF, 0xFC, 0x00, 0x02, 0xFF, 0xD0, 0x00, 0x03, 0xFE, 0x00, 0x00, 0x02, 0x90, 0x00,
    0x00, 0x00, 0x00, 0x00, 0x00, 0x69, 0x06, 0x40, 0x3F, 0xFF, 0xFF, 0x03, 0xFF, 0xFF, 0xFC, 0x3F,
    0xD0, 0x1F, 0xF0, 0xFF, 0x00, 0x1F, 0xC7, 0xFC, 0x00, 0x2F, 0x1F, 0xFE, 0x40, 0x00, 0x3F, 0xFF,
    0xE4, 0x00, 0xBF, 0xFF, 0xFE, 0x00, 0xBF, 0xFF, 0xFE, 0x00, 0x7F, 0xFF, 0xFD, 0x00, 0x06, 0xFF,
    0xF9, 0xA0, 0x00, 0x7F, 0xEB, 0xE0, 0x00, 0xBF, 0x9F, 0xD0, 0x03, 0xFD, 0x7F, 0xE4, 0x6F, 0xF1,
    0xFF, 0xFF, 0xFF, 0x03, 0xEF, 0xFF, 0xE0, 0x05, 0x01, 0x54, 0x00, 0x05, 0x55, 0x55, 0x55, 0x55,
    0x54, 0x03, 0xFF, 0xFF, 0xFF, 0xFF, 0xFF, 0x01, 0xFF, 0xFF, 0xFF, 0xFF, 0xFF, 0xD0, 0xBF, 0xE5,
    0xBF, 0xF9, 0x7F, 0xF4, 0x2F, 0xE0, 0x1F, 0xFC, 0x02, 0xFE, 0x0F, 0xF0, 0x07, 0xFF, 0x00, 0x3F,
    0x83, 0xF4, 0x01, 0xFF, 0xC0, 0x0B, 0xF0, 0xFC, 0x00, 0x7F, 0xF0, 0x01, 0xFC, 0x01, 0x00, 0x1F,
    0xFC, 0x00, 0x10, 0x00, 0x00, 0x07, 0xFF, 0x00, 0x00, 0x00, 0x00, 0x01, 0xFF, 0xC0, 0x00, 0x00,
    0x00, 0x00, 0x7F, 0xF0, 0x00, 0x00, 0x00, 0x00, 0x1F, 0xFC, 0x00, 0x00, 0x00, 0x00, 0x07, 0xFF,
    0x00, 0x00, 0x00, 0x00, 0x01, 0xFF, 0xC0, 0x00, 0x00, 0x00, 0x00, 0x7F, 0xF0, 0x00, 0x00, 0x00,
    0x00, 0x1F, 0xFC, 0x00, 0x00, 0x00, 0x00, 0x07, 0xFF, 0x00, 0x00, 0x00, 0x00, 0x01, 0xFF, 0xC0,
    0x00, 0x00, 0x00, 0x00, 0x7F, 0xF0, 0x00, 0x00, 0x00, 0x00, 0x1F, 0xFD, 0x00, 0x00, 0x00, 0x01,
    0xAF, 0xFF, 0xE9, 0x00, 0x00, 0x00, 0xFF, 0xFF, 0xFF, 0x80, 0x00, 0x00, 0x3F, 0xFF, 0xFF, 0xE0,
    0x00, 0x00, 0x00, 0x07, 0xC0, 0x00, 0x00, 0x00, 0x00, 0x02, 0xF5, 0x00, 0x00, 0x00, 0x00, 0x00,
    0xFF, 0xF0, 0x00, 0x00, 0x00, 0x00, 0x16, 0xFD, 0x00, 0x00, 0x00, 0x00, 0x00, 0x3F, 0x80, 0x00,
    0x00, 0x00, 0x09, 0x6F, 0xE0, 0x00, 0x00, 0x00, 0x07, 0xFF, 0xF0, 0x00, 0x00, 0x00, 0x00, 0x7F,
    0xF0, 0x00, 0x00, 0x00, 0x00, 0x00, 0x00, 0x00, 0x00, 0x00, 0x00, 0x2B, 0x40, 0x00, 0x00, 0xFE,
    0x00, 0x00, 0x03, 0xF8, 0x00, 0x00, 0x1F, 0xE0, 0x00, 0x00, 0xFF, 0x80, 0x00, 0x0B, 0xFE, 0x00,
    0x03, 0xFF, 0xFF, 0xFD, 0x0F, 0xFF, 0xFF, 0xF4, 0x3F, 0xFF, 0xFF, 0xC0, 0x0B, 0xFE, 0x00, 0x00,
    0x2F, 0xF8, 0x00, 0x00, 0xBF, 0xE0, 0x00, 0x02, 0xFF, 0x80, 0x00, 0x0B, 0xFE, 0x00, 0x00, 0x2F,
    0xF8, 0x00, 0x00, 0xBF, 0xE0, 0x00, 0x02, 0xFF, 0x80, 0x00, 0x0B, 0xFE, 0x00, 0x00, 0x2F, 0xF8,
    0x00, 0x00, 0xBF, 0xF4, 0x28, 0x01, 0xFF, 0xFF, 0xF0, 0x03, 0xFF, 0xFF, 0xC0, 0x03, 0xFF, 0xF4,
    0x00, 0x01, 0xF8, 0x00, 0x00, 0x0B, 0xD4, 0x00, 0x00, 0x3F, 0xFC, 0x00, 0x00, 0x17, 0xF8, 0x00,
    0x00, 0x0F, 0xF0, 0x00, 0x25, 0x7F, 0x80, 0x01, 0xFF, 0xFD, 0x00, 0x01, 0xFF, 0xD0, 0x00, 0x00,
    0x00, 0x00, 0x00, 0x00, 0x00, 0x00, 0x00, 0x00, 0x00, 0x01, 0xE0, 0x00, 0x2C, 0x00, 0x00, 0x00,
    0xBF, 0x40, 0x7F, 0x40, 0x00, 0x00, 0x0B, 0xFD, 0xFF, 0x40, 0x00, 0x00, 0x00, 0xFF, 0xFF, 0x40,
    0x00, 0x00, 0x00, 0x0F, 0xFF, 0x80, 0x00, 0x00, 0x00, 0x00, 0xFF, 0x80, 0x00, 0x00, 0x00, 0x00,
    0x0F, 0x80, 0x00, 0x00, 0x00, 0x00, 0x00, 0x00, 0x00, 0x00, 0x01, 0x55, 0x55, 0x55, 0x55, 0x55,
    0x00, 0xFF, 0xFF, 0xFF, 0xFF, 0xFF, 0xC0, 0x7F, 0xFF, 0xFF, 0xFF, 0xFF, 0xF4, 0x2F, 0xF9, 0x6F,
    0xFE, 0x5F, 0xFD, 0x0B, 0xF8, 0x07, 0xFF, 0x00, 0xBF, 0x83, 0xFC, 0x01, 0xFF, 0xC0, 0x0F, 0xE0,
    0xFD, 0x00, 0x7F, 0xF0, 0x02, 0xFC, 0x3F, 0x00, 0x1F, 0xFC, 0x00, 0x7F, 0x00, 0x40, 0x07, 0xFF,
    0x00, 0x04, 0x00, 0x00, 0x01, 0xFF, 0xC0, 0x00, 0x00, 0x00, 0x00, 0x7F, 0xF0, 0x00, 0x00, 0x00,
    0x00, 0x1F, 0xFC, 0x00, 0x00, 0x00, 0x00, 0x07, 0xFF, 0x00, 0x00, 0x00, 0x00, 0x01, 0xFF, 0xC0,
    0x00, 0x00, 0x00, 0x00, 0x7F, 0xF0, 0x00, 0x00, 0x00, 0x00, 0x1F, 0xFC, 0x00, 0x00, 0x00, 0x00,
    0x07, 0xFF, 0x00, 0x00, 0x00, 0x00, 0x01, 0xFF, 0xC0, 0x00, 0x00, 0x00, 0x00, 0x7F, 0xF0, 0x00,
    0x00, 0x00, 0x00, 0x1F, 0xFC, 0x00, 0x00, 0x00, 0x00, 0x07, 0xFF, 0x40, 0x00, 0x00, 0x00, 0x6B,
    0xFF, 0xFA, 0x40, 0x00, 0x00, 0x3F, 0xFF, 0xFF, 0xE0, 0x00, 0x00, 0x0F, 0xFF, 0xFF, 0xF8, 0x00,
    0x00, 0x00, 0x00, 0x06, 0x00, 0x00, 0x00, 0xFF, 0x40, 0x00, 0x03, 0xFE, 0x00, 0x00, 0x0B, 0xFC,
    0x00, 0x00, 0x0F, 0xE0, 0x00, 0xAD, 0x2F, 0x40, 0x03, 0xF8, 0xFC, 0x00, 0x0F, 0xE7, 0xD0, 0x00,
    0x7F, 0xBD, 0x00, 0x03, 0xFE, 0x10, 0x00, 0x2F, 0xF8, 0x00, 0x0F, 0xFF, 0xFF, 0xF4, 0x3F, 0xFF,
    0xFF, 0xD0, 0xFF, 0xFF, 0xFF, 0x00, 0x2F, 0xF8, 0x00, 0x00, 0xBF, 0xE0, 0x00, 0x02, 0xFF, 0x80,
    0x00, 0x0B, 0xFE, 0x00, 0x00, 0x2F, 0xF8, 0x00, 0x00, 0xBF, 0xE0, 0x00, 0x02, 0xFF, 0x80, 0x00,
    0x0B, 0xFE, 0x00, 0x00, 0x2F, 0xF8, 0x00, 0x00, 0xBF, 0xE0, 0x00, 0x02, 0xFF, 0xD0, 0xA0, 0x07,
    0xFF, 0xFF, 0xC0, 0x0F, 0xFF, 0xFF, 0x00, 0x0F, 0xFF, 0xD0, 0x00, 0x01, 0x50, 0x00, 0x05, 0x55,
    0x55, 0x55, 0x55, 0x54, 0x03, 0xFF, 0xFF, 0xFF, 0xFF, 0xFF, 0x01, 0xFF, 0xFF, 0xFF, 0xFF, 0xFF,
    0xD0, 0xBF, 0xE5, 0xBF, 0xF9, 0x7F, 0xF4, 0x2F, 0xE0, 0x1F, 0xFC, 0x02, 0xFE, 0x0F, 0xF0, 0x07,
    0xFF, 0x00, 0x3F, 0x83, 0xF4, 0x01, 0xFF, 0xC0, 0x0B, 0xF0, 0xFC, 0x00, 0x7F, 0xF0, 0x01, 0xFC,
    0x01, 0x00, 0x1F, 0xFC, 0x00, 0x10, 0x00, 0x00, 0x07, 0xFF, 0x00, 0x00, 0x00, 0x00, 0x01, 0xFF,
    0xC0, 0x00, 0x00, 0x00, 0xFF, 0xFF, 0xFF, 0xFC, 0x00, 0x00, 0x3F, 0xFF, 0xFF, 0xFF, 0x00, 0x00,
    0x0F, 0xFF, 0xFF, 0xFF, 0xC0, 0x00, 0x01, 0x56, 0xFF, 0xE5, 0x50, 0x00, 0x00, 0x00, 0x7F, 0xF0,
    0x00, 0x00, 0x00, 0x00, 0x1F, 0xFC, 0x00, 0x00, 0x00, 0x00, 0x07, 0xFF, 0x00, 0x00, 0x00, 0x00,
    0x01, 0xFF, 0xC0, 0x00, 0x00, 0x00, 0x00, 0x7F, 0xF0, 0x00, 0x00, 0x00, 0x00, 0x1F, 0xFD, 0x00,
    0x00, 0x00, 0x01, 0xAF, 0xFF, 0xE9, 0x00, 0x00, 0x00, 0xFF, 0xFF, 0xFF, 0x80, 0x00, 0x00, 0x3F,
    0xFF, 0xFF, 0xE0, 0x00, 0x00, 0x2B, 0x40, 0x00, 0x00, 0xFE, 0x00, 0x00, 0x03, 0xF8, 0x00, 0x00,
    0x1F, 0xE0, 0x00, 0x00, 0xFF, 0x80, 0x00, 0x0B, 0xFE, 0x00, 0x03, 0xFF, 0xFF, 0xFD, 0x0F, 0xFF,
    0xFF, 0xF4, 0x3F, 0xFF, 0xFF, 0xC0, 0x0B, 0xFE, 0x00, 0x00, 0x2F, 0xF8, 0x00, 0x00, 0xBF, 0xE0,
    0x00, 0x7F, 0xFF, 0xFF, 0xC1, 0xFF, 0xFF, 0xFF, 0x0B, 0xFF, 0xFF, 0xFC, 0x00, 0xBF, 0xE0, 0x00,
    0x02, 0xFF, 0x80, 0x00, 0x0B, 0xFE, 0x00, 0x00, 0x2F, 0xF8, 0x00, 0x00, 0xBF, 0xF4, 0x28, 0x01,
    0xFF, 0xFF, 0xF0, 0x03, 0xFF, 0xFF, 0xC0, 0x03, 0xFF, 0xF4, 0x00, 0x00, 0x54, 0x00, 0x00, 0x00,
    0x2E, 0x40, 0x10, 0x00, 0x00, 0x00, 0xFF, 0xF9, 0x7C, 0x00, 0x00, 0x02, 0xFF, 0xFF, 0xFC, 0x00,
    0x00, 0x03, 0xFF, 0xFF, 0xF4, 0x00, 0x00, 0x02, 0x81, 0xBF, 0xE0, 0x00, 0x00, 0x00, 0x00, 0x05,
    0x00, 0x00, 0x00, 0x00, 0x00, 0x00, 0x00, 0x00, 0x55, 0x55, 0x54, 0x00, 0x55, 0x55, 0xFF, 0xFF,
    0xF8, 0x01, 0xFF, 0xFF, 0xFF, 0xFF, 0xF8, 0x01, 0xFF, 0xFF, 0x0B, 0xFF, 0x80, 0x00, 0x1F, 0xF4,
    0x07, 0xFF, 0x40, 0x00, 0x0F, 0xE0, 0x07, 0xFF, 0x40, 0x00, 0x0F, 0xE0, 0x07, 0xFF, 0x40, 0x00,
    0x0F, 0xE0, 0x07, 0xFF, 0x40, 0x00, 0x0F, 0xE0, 0x07, 0xFF, 0x40, 0x00, 0x0F, 0xE0, 0x07, 0xFF,
    0x40, 0x00, 0x0F, 0xE0, 0x07, 0xFF, 0x40, 0x00, 0x0F, 0xE0, 0x07, 0xFF, 0x40, 0x00, 0x0F, 0xE0,
    0x07, 0xFF, 0x40, 0x00, 0x0F, 0xE0, 0x07, 0xFF, 0x40, 0x00, 0x0F, 0xE0, 0x07, 0xFF, 0x40, 0x00,
    0x0F, 0xE0, 0x07, 0xFF, 0x40, 0x00, 0x0F, 0xE0, 0x03, 0xFF, 0x40, 0x00, 0x0F, 0xD0, 0x03, 0xFF,
    0x40, 0x00, 0x0F, 0xD0, 0x03, 0xFF, 0xC0, 0x00, 0x1F, 0xC0, 0x02, 0xFF, 0xD0, 0x00, 0x3F, 0xC0,
    0x00, 0xFF, 0xF8, 0x01, 0xFF, 0x40, 0x00, 0xBF, 0xFF, 0xFF, 0xFE, 0x00, 0x00, 0x2F, 0xFF, 0xFF,
    0xF8, 0x00, 0x00, 0x06, 0xFF, 0xFF, 0xD0, 0x00, 0x00, 0x00, 0x15, 0x54, 0x00, 0x00, 0x00, 0x01,
    0x40, 0x00, 0x00, 0x00, 0x00, 0xFF, 0xD0, 0x34, 0x00, 0x00, 0x2F, 0xFF, 0xFF, 0x80, 0x00, 0x03,
    0xFF, 0xFF, 0xF0, 0x00, 0x00, 0x78, 0x6F, 0xFE, 0x00, 0x00, 0x00, 0x00, 0x2A, 0x40, 0x00, 0x00,
    0x00, 0x00, 0x00, 0x00, 0x00, 0x00, 0x00, 0x00, 0x00, 0x00, 0x00, 0x01, 0x00, 0x00, 0x04, 0x03,
    0xFF, 0xF4, 0x0F, 0xFF, 0xD0, 0x3F, 0xFF, 0x40, 0xFF, 0xFD, 0x02, 0xFF, 0xF4, 0x0B, 0xFF, 0xD0,
    0x03, 0xFF, 0x40, 0x0F, 0xFD, 0x00, 0x3F, 0xF4, 0x00, 0xFF, 0xD0, 0x03, 0xFF, 0x40, 0x0F, 0xFD,
    0x00, 0x3F, 0xF4, 0x00, 0xFF, 0xD0, 0x03, 0xFF, 0x40, 0x0F, 0xFD, 0x00, 0x3F, 0xF4, 0x00, 0xFF,
    0xD0, 0x03, 0xFF, 0x40, 0x0F, 0xFD, 0x00, 0x3F, 0xF4, 0x00, 0xFF, 0xD0, 0x03, 0xFF, 0x40, 0x0F,
    0xFD, 0x00, 0x3F, 0xF8, 0x02, 0xFF, 0xD0, 0x03, 0xFF, 0xD0, 0xBF, 0xFD, 0x00, 0x1F, 0xFF, 0xFF,
    0xFF, 0xF9, 0x00, 0xFF, 0xFF, 0xD7, 0xFF, 0xE0, 0x03, 0xFF, 0xF4, 0x7F, 0xFE, 0x00, 0x01, 0x50,
    0x00, 0x00, 0x00, 0x00, 0x01, 0xFF, 0xFF, 0xF4, 0x00, 0x00, 0x02, 0xFF, 0xFF, 0xF4, 0x00, 0x00,
    0x02, 0xFF, 0xFF, 0xF4, 0x00, 0x00, 0x01, 0xAA, 0xAA, 0xA0, 0x00, 0x00, 0x00, 0x00, 0x00, 0x00,
    0x00, 0x00, 0x00, 0x00, 0x00, 0x00, 0x00, 0x55, 0x55, 0x54, 0x00, 0x55, 0x55, 0xFF, 0xFF, 0xF8,
    0x01, 0xFF, 0xFF, 0xFF, 0xFF, 0xF8, 0x01, 0xFF, 0xFF, 0x0B, 0xFF, 0x80, 0x00, 0x1F, 0xF4, 0x07,
    0xFF, 0x40, 0x00, 0x0F, 0xE0, 0x07, 0xFF, 0x40, 0x00, 0x0F, 0xE0, 0x07, 0xFF, 0x40, 0x00, 0x0F,
    0xE0, 0x07, 0xFF, 0x40, 0x00, 0x0F, 0xE0, 0x07, 0xFF, 0x40, 0x00, 0x0F, 0xE0, 0x07, 0xFF, 0x40,
    0x00, 0x0F, 0xE0, 0x07, 0xFF, 0x40, 0x00, 0x0F, 0xE0, 0x07, 0xFF, 0x40, 0x00, 0x0F, 0xE0, 0x07,
    0xFF, 0x40, 0x00, 0x0F, 0xE0, 0x07, 0xFF, 0x40, 0x00, 0x0F, 0xE0, 0x07, 0xFF, 0x40, 0x00, 0x0F,
    0xE0, 0x07, 0xFF, 0x40, 0x00, 0x0F, 0xE0, 0x03, 0xFF, 0x40, 0x00, 0x0F, 0xD0, 0x03, 0xFF, 0x40,
    0x00, 0x0F, 0xD0, 0x03, 0xFF, 0xC0, 0x00, 0x1F, 0xC0, 0x02, 0xFF, 0xD0, 0x00, 0x3F, 0xC0, 0x00,
    0xFF, 0xF8, 0x01, 0xFF, 0x40, 0x00, 0xBF, 0xFF, 0xFF, 0xFE, 0x00, 0x00, 0x2F, 0xFF, 0xFF, 0xF8,
    0x00, 0x00, 0x06, 0xFF, 0xFF, 0xD0, 0x00, 0x00, 0x00, 0x15, 0x54, 0x00, 0x00, 0x00, 0x15, 0x55,
    0x55, 0x00, 0x00, 0x02, 0xFF, 0xFF, 0xF0, 0x00, 0x00, 0x2F, 0xFF, 0xFF, 0x00, 0x00, 0x02, 0xFF,
    0xFF, 0xF0, 0x00, 0x00, 0x00, 0x00, 0x00, 0x00, 0x00, 0x00, 0x00, 0x00, 0x00, 0x00, 0x00, 0x00,
    0x00, 0x00, 0x00, 0x00, 0x00, 0x10, 0x00, 0x00, 0x40, 0x3F, 0xFF, 0x40, 0xFF, 0xFD, 0x03, 0xFF,
    0xF4, 0x0F, 0xFF, 0xD0, 0x2F, 0xFF, 0x40, 0xBF, 0xFD, 0x00, 0x3F, 0xF4, 0x00, 0xFF, 0xD0, 0x03,
    0xFF, 0x40, 0x0F, 0xFD, 0x00, 0x3F, 0xF4, 0x00, 0xFF, 0xD0, 0x03, 0xFF, 0x40, 0x0F, 0xFD, 0x00,
    0x3F, 0xF4, 0x00, 0xFF, 0xD0, 0x03, 0xFF, 0x40, 0x0F, 0xFD, 0x00, 0x3F, 0xF4, 0x00, 0xFF, 0xD0,
    0x03, 0xFF, 0x40, 0x0F, 0xFD, 0x00, 0x3F, 0xF4, 0x00, 0xFF, 0xD0, 0x03, 0xFF, 0x80, 0x2F, 0xFD,
    0x00, 0x3F, 0xFD, 0x0B, 0xFF, 0xD0, 0x01, 0xFF, 0xFF, 0xFF, 0xFF, 0x90, 0x0F, 0xFF, 0xFD, 0x7F,
    0xFE, 0x00, 0x3F, 0xFF, 0x47, 0xFF, 0xE0, 0x00, 0x15, 0x00, 0x00, 0x00, 0x00, 0x02, 0xC0, 0x00,
    0x24, 0x00, 0x00, 0x03, 0xD0, 0x00, 0xBC, 0x00, 0x00, 0x02, 0xF4, 0x01, 0xF8, 0x00, 0x00, 0x01,
    0xFF, 0xAF, 0xF0, 0x00, 0x00, 0x00, 0xFF, 0xFF, 0xE0, 0x00, 0x00, 0x00, 0x3F, 0xFF, 0x80, 0x00,
    0x00, 0x00, 0x0B, 0xFD, 0x00, 0x00, 0x00, 0x00, 0x00, 0x00, 0x00, 0x00, 0x55, 0x55, 0x54, 0x00,
    0x55, 0x55, 0xFF, 0xFF, 0xF8, 0x01, 0xFF, 0xFF, 0xFF, 0xFF, 0xF8, 0x01, 0xFF, 0xFF, 0x0B, 0xFF,
    0x80, 0x00, 0x1F, 0xF4, 0x07, 0xFF, 0x40, 0x00, 0x0F, 0xE0, 0x07, 0xFF, 0x40, 0x00, 0x0F, 0xE0,
    0x07, 0xFF, 0x40, 0x00, 0x0F, 0xE0, 0x07, 0xFF, 0x40, 0x00, 0x0F, 0xE0, 0x07, 0xFF, 0x40, 0x00,
    0x0F, 0xE0, 0x07, 0xFF, 0x40, 0x00, 0x0F, 0xE0, 0x07, 0xFF, 0x40, 0x00, 0x0F, 0xE0, 0x07, 0xFF,
    0x40, 0x00, 0x0F, 0xE0, 0x07, 0xFF, 0x40, 0x00, 0x0F, 0xE0, 0x07, 0xFF, 0x40, 0x00, 0x0F, 0xE0,
    0x07, 0xFF, 0x40, 0x00, 0x0F, 0xE0, 0x07, 0xFF, 0x40, 0x00, 0x0F, 0xE0, 0x03, 0xFF, 0x40, 0x00,
    0x0F, 0xD0, 0x03, 0xFF, 0x40, 0x00, 0x0F, 0xD0, 0x03, 0xFF, 0xC0, 0x00, 0x1F, 0xC0, 0x02, 0xFF,
    0xD0, 0x00, 0x3F, 0xC0, 0x00, 0xFF, 0xF8, 0x01, 0xFF, 0x40, 0x00, 0xBF, 0xFF, 0xFF, 0xFE, 0x00,
    0x00, 0x2F, 0xFF, 0xFF, 0xF8, 0x00, 0x00, 0x06, 0xFF, 0xFF, 0xD0, 0x00, 0x00, 0x00, 0x15, 0x54,
    0x00, 0x00, 0x00, 0x14, 0x00, 0x05, 0x00, 0x00, 0x03, 0xC0, 0x00, 0xF4, 0x00, 0x00, 0x3E, 0x00,
    0x1F, 0x00, 0x00, 0x02, 0xF8, 0x0B, 0xF0, 0x00, 0x00, 0x1F, 0xFF, 0xFD, 0x00, 0x00, 0x00, 0xBF,
    0xFF, 0x80, 0x00, 0x00, 0x02, 0xFF, 0xE0, 0x00, 0x00, 0x00, 0x01, 0x50, 0x00, 0x00, 0x00, 0x00,
    0x00, 0x00, 0x00, 0x00, 0x00, 0x10, 0x00, 0x00, 0x40, 0x3F, 0xFF, 0x40, 0xFF, 0xFD, 0x03, 0xFF,
    0xF4, 0x0F, 0xFF, 0xD0, 0x2F, 0xFF, 0x40, 0xBF, 0xFD, 0x00, 0x3F, 0xF4, 0x00, 0xFF, 0xD0, 0x03,
    0xFF, 0x40, 0x0F, 0xFD, 0x00, 0x3F, 0xF4, 0x00, 0xFF, 0xD0, 0x03, 0xFF, 0x40, 0x0F, 0xFD, 0x00,
    0x3F, 0xF4, 0x00, 0xFF, 0xD0, 0x03, 0xFF, 0x40, 0x0F, 0xFD, 0x00, 0x3F, 0xF4, 0x00, 0xFF, 0xD0,
    0x03, 0xFF, 0x40, 0x0F, 0xFD, 0x00, 0x3F, 0xF4, 0x00, 0xFF, 0xD0, 0x03, 0xFF, 0x80, 0x2F, 0xFD,
    0x00, 0x3F, 0xFD, 0x0B, 0xFF, 0xD0, 0x01, 0xFF, 0xFF, 0xFF, 0xFF, 0x90, 0x0F, 0xFF, 0xFD, 0x7F,
    0xFE, 0x00, 0x3F, 0xFF, 0x47, 0xFF, 0xE0, 0x00, 0x15, 0x00, 0x00, 0x00, 0x00, 0x00, 0x00, 0x50,
    0x00, 0x00, 0x00, 0x00, 0x1F, 0xFF, 0x40, 0x00, 0x00, 0x00, 0x3F, 0xAF, 0xC0, 0x00, 0x00, 0x00,
    0xBE, 0x0F, 0xE0, 0x00, 0x00, 0x00, 0xFD, 0x0B, 0xE0, 0x00, 0x00, 0x00, 0xBE, 0x0F, 0xD0, 0x00,
    0x00, 0x00, 0x3F, 0xAF, 0xC0, 0x00, 0x00, 0x00, 0x1F, 0xFE, 0x00, 0x00, 0x00, 0x00, 0x00, 0x00,
    0x00, 0x00, 0x55, 0x55, 0x54, 0x00, 0x55, 0x55, 0xFF, 0xFF, 0xF8, 0x01, 0xFF, 0xFF, 0xFF, 0xFF,
    0xF8, 0x01, 0xFF, 0xFF, 0x0B, 0xFF, 0x80, 0x00, 0x1F, 0xF4, 0x07, 0xFF, 0x40, 0x00, 0x0F, 0xE0,
    0x07, 0xFF, 0x40, 0x00, 0x0F, 0xE0, 0x07, 0xFF, 0x40, 0x00, 0x0F, 0xE0, 0x07, 0xFF, 0x40, 0x00,
    0x0F, 0xE0, 0x07, 0xFF, 0x40, 0x00, 0x0F, 0xE0, 0x07, 0xFF, 0x40, 0x00, 0x0F, 0xE0, 0x07, 0xFF,
    0x40, 0x00, 0x0F, 0xE0, 0x07, 0xFF, 0x40, 0x00, 0x0F, 0xE0, 0x07, 0xFF, 0x40, 0x00, 0x0F, 0xE0,
    0x07, 0xFF, 0x40, 0x00, 0x0F, 0xE0, 0x07, 0xFF, 0x40, 0x00, 0x0F, 0xE0, 0x07, 0xFF, 0x40, 0x00,
    0x0F, 0xE0, 0x03, 0xFF, 0x40, 0x00, 0x0F, 0xD0, 0x03, 0xFF, 0x40, 0x00, 0x0F, 0xD0, 0x03, 0xFF,
    0xC0, 0x00, 0x1F, 0xC0, 0x02, 0xFF, 0xD0, 0x00, 0x3F, 0xC0, 0x00, 0xFF, 0xF8, 0x01, 0xFF, 0x40,
    0x00, 0xBF, 0xFF, 0xFF, 0xFE, 0x00, 0x00, 0x2F, 0xFF, 0xFF, 0xF8, 0x00, 0x00, 0x06, 0xFF, 0xFF,
    0xD0, 0x00, 0x00, 0x00, 0x15, 0x54, 0x00, 0x00, 0x00, 0x00, 0x6F, 0x90, 0x00, 0x00, 0x00, 0x3F,
    0xFF, 0x80, 0x00, 0x00, 0x0F, 0xE1, 0xFC, 0x00, 0x00, 0x00, 0xFC, 0x0F, 0xD0, 0x00, 0x00, 0x0F,
    0xD0, 0xFD, 0x00, 0x00, 0x00, 0xBE, 0x2F, 0xC0, 0x00, 0x00, 0x03, 0xFF, 0xF0, 0x00, 0x00, 0x00,
    0x06, 0xA4, 0x00, 0x00, 0x00, 0x00, 0x00, 0x00, 0x00, 0x00, 0x00, 0x10, 0x00, 0x00, 0x40, 0x3F,
    0xFF, 0x40, 0xFF, 0xFD, 0x03, 0xFF, 0xF4, 0x0F, 0xFF, 0xD0, 0x2F, 0xFF, 0x40, 0xBF, 0xFD, 0x00,
    0x3F, 0xF4, 0x00, 0xFF, 0xD0, 0x03, 0xFF, 0x40, 0x0F, 0xFD, 0x00, 0x3F, 0xF4, 0x00, 0xFF, 0xD0,
    0x03, 0xFF, 0x40, 0x0F, 0xFD, 0x00, 0x3F, 0xF4, 0x00, 0xFF, 0xD0, 0x03, 0xFF, 0x40, 0x0F, 0xFD,
    0x00, 0x3F, 0xF4, 0x00, 0xFF, 0xD0, 0x03, 0xFF, 0x40, 0x0F, 0xFD, 0x00, 0x3F, 0xF4, 0x00, 0xFF,
    0xD0, 0x03, 0xFF, 0x80, 0x2F, 0xFD, 0x00, 0x3F, 0xFD, 0x0B, 0xFF, 0xD0, 0x01, 0xFF, 0xFF, 0xFF,
    0xFF, 0x90, 0x0F, 0xFF, 0xFD, 0x7F, 0xFE, 0x00, 0x3F, 0xFF, 0x47, 0xFF, 0xE0, 0x00, 0x15, 0x00,
    0x00, 0x00, 0x00, 0x00, 0x00, 0x78, 0x00, 0x40, 0x00, 0x00, 0x00, 0xFE, 0x03, 0xF0, 0x00, 0x00,
    0x03, 0xFE, 0x0F, 0xF4, 0x00, 0x00, 0x0B, 0xFD, 0x3F, 0xF4, 0x00, 0x00, 0x2F, 0xF0, 0xFF, 0xD0,
    0x00, 0x00, 0x7F, 0x43, 0xFD, 0x00, 0x00, 0x00, 0x38, 0x03, 0xD0, 0x00, 0x00, 0x00, 0x00, 0x00,
    0x00, 0x00, 0x55, 0x55, 0x54, 0x00, 0x55, 0x55, 0xFF, 0xFF, 0xF8, 0x01, 0xFF, 0xFF, 0xFF, 0xFF,
    0xF8, 0x01, 0xFF, 0xFF, 0x0B, 0xFF, 0x80, 0x00, 0x1F, 0xF4, 0x07, 0xFF, 0x40, 0x00, 0x0F, 0xE0,
    0x07, 0xFF, 0x40, 0x00, 0x0F, 0xE0, 0x07, 0xFF, 0x40, 0x00, 0x0F, 0xE0, 0x07, 0xFF, 0x40, 0x00,
    0x0F, 0xE0, 0x07, 0xFF, 0x40, 0x00, 0x0F, 0xE0, 0x07, 0xFF, 0x40, 0x00, 0x0F, 0xE0, 0x07, 0xFF,
    0x40, 0x00, 0x0F, 0xE0, 0x07, 0xFF, 0x40, 0x00, 0x0F, 0xE0, 0x07, 0xFF, 0x40, 0x00, 0x0F, 0xE0,
    0x07, 0xFF, 0x40, 0x00, 0x0F, 0xE0, 0x07, 0xFF, 0x40, 0x00, 0x0F, 0xE0, 0x07, 0xFF, 0x40, 0x00,
    0x0F, 0xE0, 0x03, 0xFF, 0x40, 0x00, 0x0F, 0xD0, 0x03, 0xFF, 0x40, 0x00, 0x0F, 0xD0, 0x03, 0xFF,
    0xC0, 0x00, 0x1F, 0xC0, 0x02, 0xFF, 0xD0, 0x00, 0x3F, 0xC0, 0x00, 0xFF, 0xF8, 0x01, 0xFF, 0x40,
    0x00, 0xBF, 0xFF, 0xFF, 0xFE, 0x00, 0x00, 0x2F, 0xFF, 0xFF, 0xF8, 0x00, 0x00, 0x06, 0xFF, 0xFF,
    0xD0, 0x00, 0x00, 0x00, 0x15, 0x54, 0x00, 0x00, 0x00, 0x00, 0x06, 0x00, 0x64, 0x00, 0x00, 0x01,
    0xFC, 0x1F, 0xC0, 0x00, 0x00, 0x3F, 0xC3, 0xFD, 0x00, 0x00, 0x0B, 0xF8, 0xBF, 0xC0, 0x00, 0x01,
    0xFE, 0x1F, 0xF4, 0x00, 0x00, 0x3F, 0x43, 0xF8, 0x00, 0x00, 0x0B, 0xD0, 0xBD, 0x00, 0x00, 0x00,
    0x20, 0x02, 0x00, 0x00, 0x00, 0x00, 0x00, 0x00, 0x00, 0x00, 0x00, 0x10, 0x00, 0x00, 0x40, 0x3F,
    0xFF, 0x40, 0xFF, 0xFD, 0x03, 0xFF, 0xF4, 0x0F, 0xFF, 0xD0, 0x2F, 0xFF, 0x40, 0xBF, 0xFD, 0x00,
    0x3F, 0xF4, 0x00, 0xFF, 0xD0, 0x03, 0xFF, 0x40, 0x0F, 0xFD, 0x00, 0x3F, 0xF4, 0x00, 0xFF, 0xD0,
    0x03, 0xFF, 0x40, 0x0F, 0xFD, 0x00, 0x3F, 0xF4, 0x00, 0xFF, 0xD0, 0x03, 0xFF, 0x40, 0x0F, 0xFD,
    0x00, 0x3F, 0xF4, 0x00, 0xFF, 0xD0, 0x03, 0xFF, 0x40, 0x0F, 0xFD, 0x00, 0x3F, 0xF4, 0x00, 0xFF,
    0xD0, 0x03, 0xFF, 0x80, 0x2F, 0xFD, 0x00, 0x3F, 0xFD, 0x0B, 0xFF, 0xD0, 0x01, 0xFF, 0xFF, 0xFF,
    0xFF, 0x90, 0x0F, 0xFF, 0xFD, 0x7F, 0xFE, 0x00, 0x3F, 0xFF, 0x47, 0xFF, 0xE0, 0x00, 0x15, 0x00,
    0x00, 0x00, 0x55, 0x55, 0x54, 0x00, 0x55, 0x55, 0xFF, 0xFF, 0xF8, 0x01, 0xFF, 0xFF, 0xFF, 0xFF,
    0xF8, 0x01, 0xFF, 0xFF, 0x0B, 0xFF, 0x80, 0x00, 0x1F, 0xF4, 0x07, 0xFF, 0x40, 0x00, 0x0F, 0xE0,
    0x07, 0xFF, 0x40, 0x00, 0x0F, 0xE0, 0x07, 0xFF, 0x40, 0x00, 0x0F, 0xE0, 0x07, 0xFF, 0x40, 0x00,
    0x0F, 0xE0, 0x07, 0xFF, 0x40, 0x00, 0x0F, 0xE0, 0x07, 0xFF, 0x40, 0x00, 0x0F, 0xE0, 0x07, 0xFF,
    0x40, 0x00, 0x0F, 0xE0, 0x07, 0xFF, 0x40, 0x00, 0x0F, 0xE0, 0x07, 0xFF, 0x40, 0x00, 0x0F, 0xE0,
    0x07, 0xFF, 0x40, 0x00, 0x0F, 0xE0, 0x07, 0xFF, 0x40, 0x00, 0x0F, 0xE0, 0x07, 0xFF, 0x40, 0x00,
    0x0F, 0xE0, 0x03, 0xFF, 0x40, 0x00, 0x0F, 0xD0, 0x03, 0xFF, 0x40, 0x00, 0x0F, 0xD0, 0x03, 0xFF,
    0xC0, 0x00, 0x1F, 0xC0, 0x02, 0xFF, 0xD0, 0x00, 0x3F, 0xC0, 0x00, 0xFF, 0xF8, 0x01, 0xFF, 0x40,
    0x00, 0xBF, 0xFF, 0xFF, 0xFE, 0x00, 0x00, 0x2F, 0xFF, 0xFF, 0xF8, 0x00, 0x00, 0x06, 0xFF, 0xFF,
    0xD0, 0x00, 0x00, 0x00, 0x15, 0xFE, 0x00, 0x00, 0x00, 0x00, 0x02, 0xF8, 0x00, 0x00, 0x00, 0x00,
    0x0B, 0xF0, 0x00, 0x00, 0x00, 0x00, 0x1F, 0xD0, 0x00, 0x00, 0x00, 0x00, 0x2F, 0xE0, 0x00, 0x00,
    0x00, 0x00, 0x2F, 0xFF, 0xC0, 0x00, 0x00, 0x00, 0x1F, 0xFF, 0xC0, 0x00, 0x00, 0x00, 0x07, 0xFD,
    0x00, 0x00, 0x00, 0x00, 0x00, 0x00, 0x00, 0x00, 0x00, 0x01, 0x00, 0x00, 0x04, 0x03, 0xFF, 0xF4,
    0x0F, 0xFF, 0xD0, 0x3F, 0xFF, 0x40, 0xFF, 0xFD, 0x02, 0xFF, 0xF4, 0x0B, 0xFF, 0xD0, 0x03, 0xFF,
    0x40, 0x0F, 0xFD, 0x00, 0x3F, 0xF4, 0x00, 0xFF, 0xD0, 0x03, 0xFF, 0x40, 0x0F, 0xFD, 0x00, 0x3F,
    0xF4, 0x00, 0xFF, 0xD0, 0x03, 0xFF, 0x40, 0x0F, 0xFD, 0x00, 0x3F, 0xF4, 0x00, 0xFF, 0xD0, 0x03,
    0xFF, 0x40, 0x0F, 0xFD, 0x00, 0x3F, 0xF4, 0x00, 0xFF, 0xD0, 0x03, 0xFF, 0x40, 0x0F, 0xFD, 0x00,
    0x3F, 0xF8, 0x02, 0xFF, 0xD0, 0x03, 0xFF, 0xD0, 0xBF, 0xFD, 0x00, 0x1F, 0xFF, 0xFF, 0xFF, 0xF9,
    0x00, 0xFF, 0xFF, 0xD7, 0xFF, 0xE0, 0x03, 0xFF, 0xF4, 0x7F, 0xFE, 0x00, 0x01, 0x50, 0x01, 0xBD,
    0x00, 0x00, 0x00, 0x00, 0x3F, 0x40, 0x00, 0x00, 0x00, 0x0F, 0xE0, 0x00, 0x00, 0x00, 0x02, 0xFD,
    0x00, 0x00, 0x00, 0x00, 0x3F, 0xD0, 0x00, 0x00, 0x00, 0x03, 0xFF, 0xFC, 0x00, 0x00, 0x00, 0x1F,
    0xFF, 0xC0, 0x00, 0x00, 0x00, 0x7F, 0xD0, 0x00, 0x00, 0x00, 0x00, 0x00, 0x00, 0x00, 0x00, 0x00,
    0x00, 0x0B, 0x80, 0x00, 0x00, 0x00, 0x00, 0x00, 0x00, 0x00, 0x0B, 0xF8, 0x00, 0x00, 0x00, 0x00,
    0x00, 0x00, 0x00, 0x0B, 0xFF, 0x80, 0x00, 0x00, 0x00, 0x00, 0x00, 0x00, 0x0B, 0xFF, 0xF4, 0x00,
    0x00, 0x00, 0x00, 0x00, 0x00, 0x07, 0xFE, 0xFF, 0x40, 0x00, 0x00, 0x00, 0x00, 0x00, 0x07, 0xF8,
    0x0B, 0xF0, 0x00, 0x00, 0x00, 0x00, 0x00, 0x00, 0xF0, 0x00, 0x7C, 0x00, 0x00, 0x00, 0x00, 0x00,
    0x00, 0x00, 0x00, 0x00, 0x00, 0x00, 0x00, 0x15, 0x55, 0x54, 0x00, 0x15, 0x50, 0x00, 0x55, 0x55,
    0x2F, 0xFF, 0xFF, 0x40, 0x2F, 0xFD, 0x00, 0x3F, 0xFF, 0xEB, 0xFF, 0xFF, 0xD0, 0x0F, 0xFF, 0x80,
    0x0F, 0xFF, 0xF8, 0x6F, 0xFF, 0x40, 0x03, 0xFF, 0xF0, 0x00, 0x7F, 0xD0, 0x03, 0xFF, 0xC0, 0x01,
    0xFF, 0xFC, 0x00, 0x0F, 0xE0, 0x00, 0xBF, 0xF0, 0x00, 0xBF, 0xFF, 0x40, 0x03, 0xF4, 0x00, 0x1F,
    0xFD, 0x00, 0x3F, 0xFF, 0xE0, 0x00, 0xFC, 0x00, 0x03, 0xFF, 0x80, 0x0F, 0xEF, 0xFC, 0x00, 0x7F,
    0x00, 0x00, 0xFF, 0xE0, 0x07, 0xF7, 0xFF, 0x00, 0x2F, 0x80, 0x00, 0x2F, 0xFC, 0x02, 0xF8, 0xFF,
    0xE0, 0x0F, 0xD0, 0x00, 0x07, 0xFF, 0x00, 0xFD, 0x3F, 0xFC, 0x03, 0xF0, 0x00, 0x00, 0xFF, 0xD0,
    0x3F, 0x0B, 0xFF, 0x00, 0xFC, 0x00, 0x00, 0x3F, 0xF8, 0x1F, 0xC1, 0xFF, 0xD0, 0x7E, 0x00, 0x00,
    0x0B, 0xFF, 0x0B, 0xE0, 0x3F, 0xF8, 0x2F, 0x40, 0x00, 0x01, 0xFF, 0xC3, 0xF4, 0x0B, 0xFF, 0x0F,
    0xC0, 0x00, 0x00, 0x7F, 0xF4, 0xFC, 0x01, 0xFF, 0xC3, 0xF0, 0x00, 0x00, 0x0F, 0xFD, 0x7F, 0x00,
    0x3F, 0xF4, 0xF8, 0x00, 0x00, 0x03, 0xFF, 0xAF, 0x80, 0x0F, 0xFE, 0x7D, 0x00, 0x00, 0x00, 0xBF,
    0xFF, 0xD0, 0x02, 0xFF, 0xEF, 0x40, 0x00, 0x00, 0x1F, 0xFF, 0xF0, 0x00, 0x7F, 0xFF, 0xC0, 0x00,
    0x00, 0x03, 0xFF, 0xFC, 0x00, 0x0F, 0xFF, 0xF0, 0x00, 0x00, 0x00, 0xFF, 0xFE, 0x00, 0x03, 0xFF,
    0xF8, 0x00, 0x00, 0x00, 0x2F, 0xFF, 0x40, 0x00, 0xBF, 0xFD, 0x00, 0x00, 0x00, 0x07, 0xFF, 0xC0,
    0x00, 0x1F, 0xFF, 0x00, 0x00, 0x00, 0x00, 0x00, 0x02, 0x90, 0x00, 0x00, 0x00, 0x00, 0x00, 0x00,
    0xFF, 0x40, 0x00, 0x00, 0x00, 0x00, 0x00, 0x3F, 0xFC, 0x00, 0x00, 0x00, 0x00, 0x00, 0x0B, 0xFF,
    0xF0, 0x00, 0x00, 0x00, 0x00, 0x01, 0xFF, 0xBF, 0x80, 0x00, 0x00, 0x00, 0x00, 0x3F, 0x81, 0xFD,
    0x00, 0x00, 0x00, 0x00, 0x0B, 0xD0, 0x03, 0xF0, 0x00, 0x00, 0x00, 0x00, 0x20, 0x00, 0x09, 0x00,
    0x00, 0x00, 0x00, 0x00, 0x00, 0x00, 0x00, 0x00, 0x00, 0x00, 0x00, 0x00, 0x00, 0x00, 0x00, 0x00,
    0xBF, 0xFF, 0xF0, 0x2F, 0xFC, 0x03, 0xFF, 0xFB, 0xFF, 0xFF, 0x03, 0xFF, 0xD0, 0x7F, 0xFF, 0x7F,
    0xFF, 0x90, 0x3F, 0xFE, 0x02, 0xFF, 0x90, 0xBF, 0xF0, 0x07, 0xFF, 0xF0, 0x07, 0xD0, 0x03, 0xFF,
    0x00, 0xBF, 0xFF, 0x00, 0xBC, 0x00, 0x3F, 0xF4, 0x0F, 0xEF, 0xF4, 0x0F, 0x80, 0x02, 0xFF, 0xC0,
    0xF9, 0xFF, 0x80, 0xF4, 0x00, 0x0F, 0xFC, 0x1F, 0x4F, 0xFC, 0x1F, 0x00, 0x00, 0xFF, 0xD2, 0xF0,
    0xFF, 0xC2, 0xF0, 0x00, 0x0B, 0xFE, 0x3F, 0x07, 0xFD, 0x3D, 0x00, 0x00, 0x7F, 0xF3, 0xE0, 0x3F,
    0xE7, 0xC0, 0x00, 0x03, 0xFF, 0xBD, 0x03, 0xFF, 0xBC, 0x00, 0x00, 0x2F, 0xFF, 0xC0, 0x2F, 0xFF,
    0x80, 0x00, 0x01, 0xFF, 0xFC, 0x01, 0xFF, 0xF4, 0x00, 0x00, 0x0F, 0xFF, 0x80, 0x0F, 0xFF, 0x00,
    0x00, 0x00, 0xBF, 0xF4, 0x00, 0xFF, 0xE0, 0x00, 0x00, 0x07, 0xFF, 0x00, 0x0B, 0xFD, 0x00, 0x00,
    0x00, 0x00, 0x00, 0xB4, 0x00, 0x00, 0x00, 0x00, 0x00, 0xFF, 0x80, 0x00, 0x00, 0x00, 0x00, 0xFF,
    0xF4, 0x00, 0x00, 0x00, 0x00, 0xBF, 0xFF, 0x40, 0x00, 0x00, 0x00, 0xBF, 0xEF, 0xF0, 0x00, 0x00,
    0x00, 0x7F, 0x40, 0xFF, 0x00, 0x00, 0x00, 0x1E, 0x00, 0x07, 0xC0, 0x00, 0x00, 0x00, 0x00, 0x00,
    0x00, 0x00, 0x15, 0x55, 0x54, 0x01, 0x55, 0x55, 0x2F, 0xFF, 0xFF, 0x40, 0xBF, 0xFF, 0xEB, 0xFF,
    0xFF, 0xD0, 0x2F, 0xFF, 0xF8, 0x6F, 0xFF, 0x40, 0x00, 0xBF, 0xD0, 0x02, 0xFF, 0xC0, 0x00, 0x1F,
    0xD0, 0x00, 0x3F, 0xF8, 0x00, 0x0B, 0xE0, 0x00, 0x07, 0xFF, 0x40, 0x07, 0xF0, 0x00, 0x00, 0xFF,
    0xF0, 0x03, 0xF8, 0x00, 0x00, 0x1F, 0xFE, 0x02, 0xFC, 0x00, 0x00, 0x02, 0xFF, 0xC0, 0xFD, 0x00,
    0x00, 0x00, 0x3F, 0xF8, 0xBF, 0x00, 0x00, 0x00, 0x07, 0xFF, 0xBF, 0x00, 0x00, 0x00, 0x00, 0xFF,
    0xFF, 0x80, 0x00, 0x00, 0x00, 0x1F, 0xFF, 0xC0, 0x00, 0x00, 0x00, 0x02, 0xFF, 0xD0, 0x00, 0x00,
    0x00, 0x00, 0x7F, 0xF0, 0x00, 0x00, 0x00, 0x00, 0x1F, 0xFC, 0x00, 0x00, 0x00, 0x00, 0x07, 0xFF,
    0x00, 0x00, 0x00, 0x00, 0x01, 0xFF, 0xC0, 0x00, 0x00, 0x00, 0x00, 0x7F, 0xF0, 0x00, 0x00, 0x00,
    0x00, 0x1F, 0xFC, 0x00, 0x00, 0x00, 0x00, 0x6F, 0xFF, 0xE4, 0x00, 0x00, 0x00, 0x7F, 0xFF, 0xFF,
    0x00, 0x00, 0x00, 0x1F, 0xFF, 0xFF, 0xC0, 0x00, 0x00, 0x00, 0x1A, 0x00, 0x00, 0x00, 0x00, 0x1F,
    0xF0, 0x00, 0x00, 0x00, 0x0F, 0xFF, 0x00, 0x00, 0x00, 0x0F, 0xFF, 0xE0, 0x00, 0x00, 0x0B, 0xFB,
    0xFD, 0x00, 0x00, 0x07, 0xF4, 0x2F, 0xC0, 0x00, 0x03, 0xF0, 0x01, 0xF8, 0x00, 0x00, 0x20, 0x00,
    0x08, 0x00, 0x00, 0x00, 0x00, 0x00, 0x00, 0x00, 0x00, 0x00, 0x00, 0x00, 0x07, 0xFF, 0xFF, 0x43,
    0xFF, 0xF5, 0xFF, 0xFF, 0xD0, 0xFF, 0xFD, 0x6F, 0xFF, 0x90, 0x2F, 0xFE, 0x01, 0xFF, 0xC0, 0x00,
    0xFC, 0x00, 0x3F, 0xF4, 0x00, 0x7D, 0x00, 0x0B, 0xFF, 0x00, 0x3F, 0x00, 0x00, 0xFF, 0xD0, 0x0F,
    0x80, 0x00, 0x2F, 0xF8, 0x0B, 0xC0, 0x00, 0x03, 0xFF, 0x03, 0xF0, 0x00, 0x00, 0xBF, 0xD1, 0xF4,
    0x00, 0x00, 0x1F, 0xFC, 0xFC, 0x00, 0x00, 0x03, 0xFF, 0xBE, 0x00, 0x00, 0x00, 0x7F, 0xFF, 0x00,
    0x00, 0x00, 0x0F, 0xFF, 0x80, 0x00, 0x00, 0x02, 0xFF, 0xD0, 0x00, 0x00, 0x00, 0x3F, 0xF0, 0x00,
    0x00, 0x00, 0x0B, 0xF4, 0x00, 0x00, 0x00, 0x01, 0xFC, 0x00, 0x00, 0x00, 0x00, 0xBE, 0x00, 0x00,
    0x0F, 0xE0, 0x3F, 0x00, 0x00, 0x0B, 0xFC, 0x2F, 0x80, 0x00, 0x02, 0xFE, 0x1F, 0xC0, 0x00, 0x00,
    0x7F, 0xFF, 0xD0, 0x00, 0x00, 0x0F, 0xFF, 0xD0, 0x00, 0x00, 0x00, 0x6A, 0x40, 0x00, 0x00, 0x00,
    0x00, 0x00, 0x00, 0x00, 0x00, 0x00, 0x00, 0x00, 0x7F, 0x40, 0xBF, 0x00, 0x00, 0x00, 0x7F, 0xF0,
    0xBF, 0xE0, 0x00, 0x00, 0x1F, 0xFC, 0x3F, 0xFC, 0x00, 0x00, 0x07, 0xFF, 0x0B, 0xFE, 0x00, 0x00,
    0x00, 0xBF, 0x40, 0xFF, 0x00, 0x00, 0x00, 0x01, 0x00, 0x00, 0x00, 0x00, 0x00, 0x00, 0x00, 0x00,
    0x00, 0x00, 0x15, 0x55, 0x54, 0x01, 0x55, 0x55, 0x2F, 0xFF, 0xFF, 0x40, 0xBF, 0xFF, 0xEB, 0xFF,
    0xFF, 0xD0, 0x2F, 0xFF, 0xF8, 0x6F, 0xFF, 0x40, 0x00, 0xBF, 0xD0, 0x02, 0xFF, 0xC0, 0x00, 0x1F,
    0xD0, 0x00, 0x3F, 0xF8, 0x00, 0x0B, 0xE0, 0x00, 0x07, 0xFF, 0x40, 0x07, 0xF0, 0x00, 0x00, 0xFF,
    0xF0, 0x03, 0xF8, 0x00, 0x00, 0x1F, 0xFE, 0x02, 0xFC, 0x00, 0x00, 0x02, 0xFF, 0xC0, 0xFD, 0x00,
    0x00, 0x00, 0x3F, 0xF8, 0xBF, 0x00, 0x00, 0x00, 0x07, 0xFF, 0xBF, 0x00, 0x00, 0x00, 0x00, 0xFF,
    0xFF, 0x80, 0x00, 0x00, 0x00, 0x1F, 0xFF, 0xC0, 0x00, 0x00, 0x00, 0x02, 0xFF, 0xD0, 0x00, 0x00,
    0x00, 0x00, 0x7F, 0xF0, 0x00, 0x00, 0x00, 0x00, 0x1F, 0xFC, 0x00, 0x00, 0x00, 0x00, 0x07, 0xFF,
    0x00, 0x00, 0x00, 0x00, 0x01, 0xFF, 0xC0, 0x00, 0x00, 0x00, 0x00, 0x7F, 0xF0, 0x00, 0x00, 0x00,
    0x00, 0x1F, 0xFC, 0x00, 0x00, 0x00, 0x00, 0x6F, 0xFF, 0xE4, 0x00, 0x00, 0x00, 0x7F, 0xFF, 0xFF,
    0x00, 0x00, 0x00, 0x1F, 0xFF, 0xFF, 0xC0, 0x00, 0x00, 0x00, 0x00, 0x50, 0x00, 0x00, 0x00, 0x00,
    0xBF, 0x00, 0x00, 0x00, 0x00, 0xBF, 0xC0, 0x00, 0x00, 0x00, 0xBF, 0xF0, 0x00, 0x00, 0x00, 0xBF,
    0xF4, 0x00, 0x00, 0x00, 0xBF, 0x90, 0x00, 0x00, 0x00, 0x2E, 0x00, 0x00, 0x00, 0x00, 0x00, 0x00,
    0x00, 0x00, 0x15, 0x55, 0x55, 0x55, 0x55, 0x0F, 0xFF, 0xFF, 0xFF, 0xFF, 0xC3, 0xFF, 0xFF, 0xFF,
    0xFF, 0xF0, 0xFF, 0xE5, 0x55, 0xBF, 0xFC, 0x3F, 0xD0, 0x00, 0x3F, 0xFC, 0x0F, 0xF0, 0x00, 0x3F,
    0xFD, 0x03, 0xF8, 0x00, 0x2F, 0xFE, 0x00, 0xFC, 0x00, 0x1F, 0xFF, 0x00, 0x25, 0x00, 0x0F, 0xFF,
    0x00, 0x00, 0x00, 0x0F, 0xFF, 0x80, 0x00, 0x00, 0x0B, 0xFF, 0xC0, 0x00, 0x00, 0x07, 0xFF, 0xC0,
    0x00, 0x00, 0x03, 0xFF, 0xD0, 0x00, 0x00, 0x02, 0xFF, 0xE0, 0x00, 0x00, 0x01, 0xFF, 0xF0, 0x00,
    0x00, 0x00, 0xFF, 0xF0, 0x00, 0x00, 0x00, 0xFF, 0xF4, 0x00, 0x3F, 0x40, 0xBF, 0xF8, 0x00, 0x0F,
    0xC0, 0x7F, 0xFC, 0x00, 0x0B, 0xF0, 0x3F, 0xFD, 0x00, 0x03, 0xFC, 0x3F, 0xFE, 0x00, 0x07, 0xFF,
    0x1F, 0xFF, 0xFF, 0xFF, 0xFF, 0xC7, 0xFF, 0xFF, 0xFF, 0xFF, 0xF1, 0xFF, 0xFF, 0xFF, 0xFF, 0xF8,
    0x00, 0x00, 0x19, 0x00, 0x00, 0x00, 0x7F, 0x00, 0x00, 0x00, 0xFF, 0x80, 0x00, 0x02, 0xFF, 0x40,
    0x00, 0x07, 0xFD, 0x00, 0x00, 0x0F, 0xE0, 0x00, 0x00, 0x2F, 0x40, 0x00, 0x00, 0x08, 0x00, 0x00,
    0x00, 0x00, 0x00, 0x00, 0x00, 0x00, 0x00, 0x00, 0x7F, 0xFF, 0xFF, 0xFD, 0x7F, 0xFF, 0xFF, 0xFD,
    0x7F, 0xEA, 0xBF, 0xFC, 0xBF, 0x00, 0x7F, 0xF4, 0xBD, 0x00, 0xFF, 0xE0, 0xBC, 0x03, 0xFF, 0xC0,
    0x54, 0x0B, 0xFF, 0x00, 0x00, 0x1F, 0xFD, 0x00, 0x00, 0x3F, 0xF8, 0x00, 0x00, 0xFF, 0xF0, 0x00,
    0x02, 0xFF, 0xC0, 0x1A, 0x07, 0xFF, 0x40, 0x3F, 0x0F, 0xFE, 0x00, 0x7E, 0x3F, 0xFC, 0x00, 0xFE,
    0xBF, 0xFE, 0xAF, 0xFE, 0xFF, 0xFF, 0xFF, 0xFD, 0xFF, 0xFF, 0xFF, 0xFD, 0x00, 0x00, 0x00, 0x00,
    0x00, 0x00, 0x00, 0x2F, 0xE0, 0x00, 0x00, 0x00, 0x2F, 0xFD, 0x00, 0x00, 0x00, 0x0F, 0xFF, 0x80,
    0x00, 0x00, 0x03, 0xFF, 0xD0, 0x00, 0x00, 0x00, 0x3F, 0xF0, 0x00, 0x00, 0x00, 0x01, 0x50, 0x00,
    0x00, 0x00, 0x00, 0x00, 0x00, 0x00, 0x15, 0x55, 0x55, 0x55, 0x55, 0x0F, 0xFF, 0xFF, 0xFF, 0xFF,
    0xC3, 0xFF, 0xFF, 0xFF, 0xFF, 0xF0, 0xFF, 0xE5, 0x55, 0xBF, 0xFC, 0x3F, 0xD0, 0x00, 0x3F, 0xFC,
    0x0F, 0xF0, 0x00, 0x3F, 0xFD, 0x03, 0xF8, 0x00, 0x2F, 0xFE, 0x00, 0xFC, 0x00, 0x1F, 0xFF, 0x00,
    0x25, 0x00, 0x0F, 0xFF, 0x00, 0x00, 0x00, 0x0F, 0xFF, 0x80, 0x00, 0x00, 0x0B, 0xFF, 0xC0, 0x00,
    0x00, 0x07, 0xFF, 0xC0, 0x00, 0x00, 0x03, 0xFF, 0xD0, 0x00, 0x00, 0x02, 0xFF, 0xE0, 0x00, 0x00,
    0x01, 0xFF, 0xF0, 0x00, 0x00, 0x00, 0xFF, 0xF0, 0x00, 0x00, 0x00, 0xFF, 0xF4, 0x00, 0x3F, 0x40,
    0xBF, 0xF8, 0x00, 0x0F, 0xC0, 0x7F, 0xFC, 0x00, 0x0B, 0xF0, 0x3F, 0xFD, 0x00, 0x03, 0xFC, 0x3F,
    0xFE, 0x00, 0x07, 0xFF, 0x1F, 0xFF, 0xFF, 0xFF, 0xFF, 0xC7, 0xFF, 0xFF, 0xFF, 0xFF, 0xF1, 0xFF,
    0xFF, 0xFF, 0xFF, 0xF8, 0x00, 0x0A, 0x90, 0x00, 0x00, 0x3F, 0xF8, 0x00, 0x00, 0x7F, 0xFC, 0x00,
    0x00, 0x7F, 0xFC, 0x00, 0x00, 0x3F, 0xFC, 0x00, 0x00, 0x0B, 0xE0, 0x00, 0x00, 0x00, 0x00, 0x00,
    0x00, 0x00, 0x00, 0x00, 0x00, 0x00, 0x00, 0x00, 0x7F, 0xFF, 0xFF, 0xFD, 0x7F, 0xFF, 0xFF, 0xFD,
    0x7F, 0xEA, 0xBF, 0xFC, 0xBF, 0x00, 0x7F, 0xF4, 0xBD, 0x00, 0xFF, 0xE0, 0xBC, 0x03, 0xFF, 0xC0,
    0x54, 0x0B, 0xFF, 0x00, 0x00, 0x1F, 0xFD, 0x00, 0x00, 0x3F, 0xF8, 0x00, 0x00, 0xFF, 0xF0, 0x00,
    0x02, 0xFF, 0xC0, 0x1A, 0x07, 0xFF, 0x40, 0x3F, 0x0F, 0xFE, 0x00, 0x7E, 0x3F, 0xFC, 0x00, 0xFE,
    0xBF, 0xFE, 0xAF, 0xFE, 0xFF, 0xFF, 0xFF, 0xFD, 0xFF, 0xFF, 0xFF, 0xFD, 0x00, 0x00, 0x00, 0x00,
    0x00, 0x00, 0x1E, 0x00, 0x02, 0xC0, 0x00, 0x0B, 0xF4, 0x07, 0xF4, 0x00, 0x00, 0xBF, 0xDF, 0xF4,
    0x00, 0x00, 0x0F, 0xFF, 0xF4, 0x00, 0x00, 0x00, 0xFF, 0xF8, 0x00, 0x00, 0x00, 0x0F, 0xF8, 0x00,
    0x00, 0x00, 0x00, 0xF8, 0x00, 0x00, 0x00, 0x00, 0x00, 0x00, 0x00, 0x05, 0x55, 0x55, 0x55, 0x55,
    0x43, 0xFF, 0xFF, 0xFF, 0xFF, 0xF0, 0xFF, 0xFF, 0xFF, 0xFF, 0xFC, 0x3F, 0xF9, 0x55, 0x6F, 0xFF,
    0x0F, 0xF4, 0x00, 0x0F, 0xFF, 0x03, 0xFC, 0x00, 0x0F, 0xFF, 0x40, 0xFE, 0x00, 0x0B, 0xFF, 0x80,
    0x3F, 0x00, 0x07, 0xFF, 0xC0, 0x09, 0x40, 0x03, 0xFF, 0xC0, 0x00, 0x00, 0x03, 0xFF, 0xE0, 0x00,
    0x00, 0x02, 0xFF, 0xF0, 0x00, 0x00, 0x01, 0xFF, 0xF0, 0x00, 0x00, 0x00, 0xFF, 0xF4, 0x00, 0x00,
    0x00, 0xBF, 0xF8, 0x00, 0x00, 0x00, 0x7F, 0xFC, 0x00, 0x00, 0x00, 0x3F, 0xFC, 0x00, 0x00, 0x00,
    0x3F, 0xFD, 0x00, 0x0F, 0xD0, 0x2F, 0xFE, 0x00, 0x03, 0xF0, 0x1F, 0xFF, 0x00, 0x02, 0xFC, 0x0F,
    0xFF, 0x40, 0x00, 0xFF, 0x0F, 0xFF, 0x80, 0x01, 0xFF, 0xC7, 0xFF, 0xFF, 0xFF, 0xFF, 0xF1, 0xFF,
    0xFF, 0xFF, 0xFF, 0xFC, 0x7F, 0xFF, 0xFF, 0xFF, 0xFE, 0x00, 0x02, 0x00, 0x00, 0x80, 0x0F, 0xD0,
    0x07, 0xE0, 0x07, 0xF4, 0x2F, 0xC0, 0x02, 0xFE, 0xFF, 0x40, 0x00, 0xFF, 0xFE, 0x00, 0x00, 0x3F,
    0xFC, 0x00, 0x00, 0x1F, 0xF0, 0x00, 0x00, 0x06, 0x80, 0x00, 0x00, 0x00, 0x00, 0x00, 0x00, 0x00,
    0x00, 0x00, 0x7F, 0xFF, 0xFF, 0xFD, 0x7F, 0xFF, 0xFF, 0xFD, 0x7F, 0xEA, 0xBF, 0xFC, 0xBF, 0x00,
    0x7F, 0xF4, 0xBD, 0x00, 0xFF, 0xE0, 0xBC, 0x03, 0xFF, 0xC0, 0x54, 0x0B, 0xFF, 0x00, 0x00, 0x1F,
    0xFD, 0x00, 0x00, 0x3F, 0xF8, 0x00, 0x00, 0xFF, 0xF0, 0x00, 0x02, 0xFF, 0xC0, 0x1A, 0x07, 0xFF,
    0x40, 0x3F, 0x0F, 0xFE, 0x00, 0x7E, 0x3F, 0xFC, 0x00, 0xFE, 0xBF, 0xFE, 0xAF, 0xFE, 0xFF, 0xFF,
    0xFF, 0xFD, 0xFF, 0xFF, 0xFF, 0xFD, 0x00, 0x01, 0xBF, 0xA4, 0x00, 0x00, 0x07, 0xFF, 0xFF, 0xF4,
    0x00, 0x02, 0xFF, 0xFF, 0xFF, 0xE0, 0x00, 0xFF, 0xFF, 0xFF, 0xFF, 0xC0, 0x3F, 0xF4, 0x01, 0xFF,
    0xFE, 0x03, 0xF4, 0x00, 0x02, 0xFF, 0xF0, 0x08, 0x00, 0x00, 0x0B, 0xFF, 0x80, 0x00, 0x00, 0x00,
    0x3F, 0xFC, 0x00, 0x00, 0x00, 0x02, 0xFF, 0xD0, 0x00, 0x00, 0x00, 0x1F, 0xFD, 0x00, 0x00, 0x00,
    0x01, 0xFF, 0xE1, 0x55, 0x55, 0x55, 0x6F, 0xFE, 0x3F, 0xFF, 0xFF, 0xFF, 0xFF, 0xE7, 0xFF, 0xFF,
    0xFF, 0xFF, 0xFE, 0x7F, 0xFF, 0xFF, 0xFF, 0xFF, 0xD7, 0xFF, 0x40, 0x00, 0x1F, 0xFD, 0x7F, 0xF4,
    0x00, 0x01, 0xFF, 0xC7, 0xFF, 0x40, 0x00, 0x3F, 0xF8, 0x3F, 0xF8, 0x00, 0x03, 0xFF, 0x42, 0xFF,
    0xC0, 0x00, 0xBF, 0xF0, 0x0F, 0xFF, 0x00, 0x2F, 0xFC, 0x00, 0x7F, 0xFF, 0xFF, 0xFF, 0x00, 0x01,
    0xFF, 0xFF, 0xFF, 0x80, 0x00, 0x02, 0xFF, 0xFF, 0x90, 0x00, 0x00, 0x00, 0x55, 0x00, 0x00, 0x00,
    0x00, 0x00, 0x00, 0x00, 0xAF, 0x90, 0x00, 0x00, 0x00, 0x0B, 0xFF, 0xF8, 0x00, 0x00, 0x00, 0x2F,
    0xF6, 0xFE, 0x00, 0x00, 0x00, 0x7F, 0xC1, 0xFF, 0x00, 0x00, 0x00, 0xFF, 0x42, 0xFF, 0x00, 0x00,
    0x01, 0xFF, 0x02, 0xFE, 0x00, 0x00, 0x03, 0xFF, 0x00, 0xA4, 0x00, 0x00, 0x03, 0xFF, 0x00, 0x00,
    0x00, 0x00, 0x03, 0xFF, 0x00, 0x00, 0x00, 0x00, 0xAB, 0xFF, 0xAA, 0x40, 0x00, 0x00, 0xFF, 0xFF,
    0xFF, 0x40, 0x00, 0x00, 0xFF, 0xFF, 0xFF, 0x00, 0x00, 0x00, 0x0F, 0xFD, 0x00, 0x00, 0x00, 0x00,
    0x0F, 0xFC, 0x00, 0x00, 0x00, 0x00, 0x0F, 0xFC, 0x00, 0x00, 0x00, 0x00, 0x0F, 0xFC, 0x00, 0x00,
    0x00, 0x00, 0x0F, 0xFC, 0x00, 0x00, 0x00, 0x00, 0x1F, 0xF8, 0x00, 0x00, 0x00, 0x00, 0x1F, 0xF8,
    0x00, 0x00, 0x00, 0x00, 0x2F, 0xF4, 0x00, 0x00, 0x00, 0x00, 0x2F, 0xF4, 0x00, 0x00, 0x00, 0x00,
    0x3F, 0xF0, 0x00, 0x00, 0x00, 0x00, 0x3F, 0xF0, 0x00, 0x00, 0x00, 0x00, 0x3F, 0xF0, 0x00, 0x00,
    0x0F, 0xD0, 0x3F, 0xE0, 0x00, 0x00, 0x3F, 0xE0, 0x7F, 0xC0, 0x00, 0x00, 0x3F, 0xE0, 0xFF, 0x80,
    0x00, 0x00, 0x3F, 0xC1, 0xFF, 0x00, 0x00, 0x00, 0x1F, 0xFF, 0xFC, 0x00, 0x00, 0x00, 0x07, 0xFF,
    0xE0, 0x00, 0x00, 0x00, 0x00, 0x55, 0x00, 0x00, 0x00, 0x00, 0x00, 0x00, 0x00, 0x00, 0x00, 0x00,
    0xA4, 0x00, 0x00, 0x00, 0x00, 0x00, 0x00, 0xFF, 0x80, 0x00, 0x05, 0xAE, 0x90, 0x00, 0xBF, 0xF0,
    0x00, 0x2F, 0xFF, 0xFF, 0x80, 0x1F, 0xFC, 0x00, 0x7F, 0xFF, 0xFF, 0xFE, 0x02, 0xFF, 0x00, 0x7F,
    0xFE, 0x5B, 0xFF, 0xE0, 0x0F, 0xC0, 0x3F, 0xF8, 0x00, 0x3F, 0xFD, 0x07, 0xD0, 0x3F, 0xF8, 0x00,
    0x03, 0xFF, 0xC7, 0xF0, 0x1F, 0xFC, 0x00, 0x00, 0x7F, 0xFF, 0xF0, 0x0F, 0xFF, 0x00, 0x00, 0x0F,
    0xFF, 0xF0, 0x03, 0xFF, 0x80, 0x00, 0x03, 0xFF, 0xD0, 0x01, 0xFF, 0xD0, 0x00, 0x00, 0xBF, 0xF4,
    0x00, 0x7F, 0xF4, 0x00, 0x00, 0x2F, 0xFD, 0x00, 0x2F, 0xFD, 0x00, 0x00, 0x07, 0xFF, 0x40, 0x0B,
    0xFF, 0x40, 0x00, 0x01, 0xFF, 0xD0, 0x02, 0xFF, 0xD0, 0x00, 0x00, 0x7F, 0xF4, 0x00, 0x7F, 0xF4,
    0x00, 0x00, 0x2F, 0xFD, 0x00, 0x1F, 0xFE, 0x00, 0x00, 0x0B, 0xFF, 0x00, 0x03, 0xFF, 0xC0, 0x00,
    0x03, 0xFF, 0xC0, 0x00, 0xFF, 0xF0, 0x00, 0x00, 0xFF, 0xD0, 0x00, 0x1F, 0xFE, 0x00, 0x00, 0x7F,
    0xF0, 0x00, 0x03, 0xFF, 0xD0, 0x00, 0x3F, 0xF4, 0x00, 0x00, 0x7F, 0xFD, 0x00, 0x7F, 0xF8, 0x00,
    0x00, 0x07, 0xFF, 0xFF, 0xFF, 0xFC, 0x00, 0x00, 0x00, 0x7F, 0xFF, 0xFF, 0xF8, 0x00, 0x00, 0x00,
    0x01, 0xFF, 0xFF, 0xE0, 0x00, 0x00, 0x00, 0x00, 0x01, 0x55, 0x00, 0x00, 0x00, 0x00, 0x00, 0x00,
    0x00, 0x00, 0x05, 0x00, 0x00, 0x00, 0x00, 0x00, 0xFF, 0x40, 0x00, 0x00, 0x00, 0x07, 0xFF, 0x00,
    0x00, 0x00, 0x00, 0x2F, 0xFC, 0x00, 0x00, 0x00, 0x00, 0x3F, 0xF0, 0x00, 0x05, 0xA4, 0x00, 0x0F,
    0xC0, 0x07, 0xFF, 0xFF, 0x80, 0x3E, 0x00, 0xFF, 0xFF, 0xFF, 0xC3, 0xF0, 0x0F, 0xFF, 0x5B, 0xFF,
    0xFF, 0x40, 0xBF, 0xF0, 0x07, 0xFF, 0xF4, 0x03, 0xFF, 0x40, 0x0B, 0xFF, 0x00, 0x1F, 0xFC, 0x00,
    0x1F, 0xFD, 0x00, 0xBF, 0xF0, 0x00, 0x3F, 0xF4, 0x02, 0xFF, 0xC0, 0x00, 0xFF, 0xE0, 0x0F, 0xFF,
    0x00, 0x03, 0xFF, 0x80, 0x2F, 0xFC, 0x00, 0x0F, 0xFE, 0x00, 0xBF, 0xF0, 0x00, 0x3F, 0xF4, 0x01,
    0xFF, 0xC0, 0x01, 0xFF, 0xC0, 0x03, 0xFF, 0x80, 0x0B, 0xFF, 0x00, 0x0B, 0xFF, 0x00, 0x3F, 0xF4,
    0x00, 0x0F, 0xFF, 0x9B, 0xFF, 0x80, 0x00, 0x0F, 0xFF, 0xFF, 0xF8, 0x00, 0x00, 0x0B, 0xFF, 0xFE,
    0x00, 0x00, 0x00, 0x00, 0x55, 0x40, 0x00, 0x00, 0x00, 0x00, 0x00, 0x00, 0x00, 0x00, 0x68, 0x00,
    0x00, 0x00, 0x00, 0x00, 0x00, 0xBF, 0xC5, 0x55, 0x55, 0x40, 0x05, 0x54, 0x3F, 0xFB, 0xFF, 0xFF,
    0xE0, 0x07, 0xFF, 0x8F, 0xFE, 0xFF, 0xFF, 0xF8, 0x01, 0xFF, 0xE1, 0xFF, 0x82, 0xFF, 0xE0, 0x00,
    0x07, 0xF8, 0x07, 0xD0, 0x7F, 0xF4, 0x00, 0x00, 0xFE, 0x03, 0xF0, 0x1F, 0xFD, 0x00, 0x00, 0x3F,
    0x82, 0xF8, 0x07, 0xFF, 0x40, 0x00, 0x0F, 0xEB, 0xF8, 0x01, 0xFF, 0xD0, 0x00, 0x03, 0xFF, 0xF4,
    0x00, 0x7F, 0xF4, 0x00, 0x00, 0xFF, 0x90, 0x00, 0x1F, 0xFD, 0x00, 0x00, 0x3F, 0x80, 0x00, 0x07,
    0xFF, 0x40, 0x00, 0x0F, 0xE0, 0x00, 0x01, 0xFF, 0xD0, 0x00, 0x03, 0xF8, 0x00, 0x00, 0x7F, 0xF4,
    0x00, 0x00, 0xFE, 0x00, 0x00, 0x1F, 0xFD, 0x00, 0x00, 0x3F, 0x80, 0x00, 0x07, 0xFF, 0x40, 0x00,
    0x0F, 0xE0, 0x00, 0x01, 0xFF, 0xD0, 0x00, 0x03, 0xF8, 0x00, 0x00, 0x3F, 0xF4, 0x00, 0x00, 0xFD,
    0x00, 0x00, 0x0F, 0xFD, 0x00, 0x00, 0x3F, 0x40, 0x00, 0x03, 0xFF, 0xC0, 0x00, 0x1F, 0xC0, 0x00,
    0x00, 0xBF, 0xF4, 0x00, 0x0F, 0xF0, 0x00, 0x00, 0x0F, 0xFF, 0x80, 0x1F, 0xF4, 0x00, 0x00, 0x02,
    0xFF, 0xFF, 0xFF, 0xF8, 0x00, 0x00, 0x00, 0x2F, 0xFF, 0xFF, 0xF8, 0x00, 0x00, 0x00, 0x01, 0xBF,
    0xFF, 0xF4, 0x00, 0x00, 0x00, 0x00, 0x01, 0x55, 0x40, 0x00, 0x00, 0x00, 0x00, 0x00, 0x00, 0x00,
    0x00, 0x05, 0x00, 0x00, 0x00, 0x00, 0x00, 0x07, 0xFC, 0x00, 0x00, 0x00, 0x00, 0x00, 0xBF, 0xE0,
    0x00, 0x00, 0x00, 0x00, 0x0B, 0xFF, 0x00, 0x00, 0x00, 0x00, 0x00, 0x7F, 0xF0, 0x00, 0x10, 0x00,
    0x00, 0x40, 0x7E, 0x3F, 0xFF, 0x40, 0xFF, 0xFD, 0x07, 0xD3, 0xFF, 0xF4, 0x0F, 0xFF, 0xD0, 0xFC,
    0x2F, 0xFF, 0x40, 0xBF, 0xFD, 0xBF, 0x00, 0x3F, 0xF4, 0x00, 0xFF, 0xFF, 0xC0, 0x03, 0xFF, 0x40,
    0x0F, 0xFF, 0xD0, 0x00, 0x3F, 0xF4, 0x00, 0xFF, 0xD0, 0x00, 0x03, 0xFF, 0x40, 0x0F, 0xFD, 0x00,
    0x00, 0x3F, 0xF4, 0x00, 0xFF, 0xD0, 0x00, 0x03, 0xFF, 0x40, 0x0F, 0xFD, 0x00, 0x00, 0x3F, 0xF4,
    0x00, 0xFF, 0xD0, 0x00, 0x03, 0xFF, 0x40, 0x0F, 0xFD, 0x00, 0x00, 0x3F, 0xF4, 0x00, 0xFF, 0xD0,
    0x00, 0x03, 0xFF, 0x80, 0x2F, 0xFD, 0x00, 0x00, 0x3F, 0xFD, 0x0B, 0xFF, 0xD0, 0x00, 0x01, 0xFF,
    0xFF, 0xFF, 0xFF, 0x90, 0x00, 0x0F, 0xFF, 0xFD, 0x7F, 0xFE, 0x00, 0x00, 0x3F, 0xFF, 0x47, 0xFF,
    0xE0, 0x00, 0x00, 0x15, 0x00, 0x00, 0x00, 0x00, 0x00, 0x00, 0x00, 0x00, 0x00, 0x00, 0x00, 0x00,
    0x00, 0x00, 0x00, 0x00, 0x00, 0x00, 0x00, 0x00, 0x00, 0x00, 0x00, 0xE0, 0x00, 0x2C, 0x00, 0x00,
    0x00, 0x00, 0x00, 0x00, 0x00, 0x00, 0x1F, 0xD0, 0x1F, 0xD0, 0x00, 0x00, 0x00, 0x00, 0x00, 0x00,
    0x00, 0x00, 0xBF, 0xDF, 0xF8, 0x00, 0x00, 0x00, 0x00, 0x00, 0x00, 0x00, 0x00, 0x02, 0xFF, 0xFE,
    0x00, 0x00, 0x00, 0x00, 0x00, 0x00, 0x00, 0x00, 0x00, 0x0B, 0xFF, 0x80, 0x00, 0x00, 0x00, 0x00,
    0x00, 0x00, 0x00, 0x00, 0x00, 0x3F, 0xF0, 0x00, 0x00, 0x00, 0x00, 0x00, 0x00, 0x00, 0x00, 0x00,
    0x00, 0xB8, 0x00, 0x00, 0x00, 0x00, 0x00, 0x00, 0x00, 0x00, 0x00, 0x00, 0x00, 0x00, 0x00, 0x01,
    0x55, 0x55, 0x54, 0x00, 0x00, 0x00, 0x15, 0x55, 0x55, 0x55, 0x54, 0x7F, 0xFF, 0xFF, 0xFF, 0x90,
    0x00, 0x0B, 0xFF, 0xFF, 0xFF, 0xFF, 0xC7, 0xFF, 0xFF, 0xFF, 0xFF, 0xC0, 0x00, 0xFF, 0xFF, 0xFF,
    0xFF, 0xFC, 0x07, 0xFF, 0xEA, 0xFF, 0xFF, 0x40, 0x0F, 0xFE, 0x55, 0x5B, 0xFF, 0xC0, 0x3F, 0xF8,
    0x00, 0xBF, 0xFD, 0x00, 0xFF, 0x80, 0x00, 0xFF, 0xF4, 0x03, 0xFF, 0x80, 0x01, 0xFF, 0xF0, 0x0F,
    0xF0, 0x00, 0x2F, 0xFE, 0x00, 0x3F, 0xF8, 0x00, 0x0B, 0xFF, 0x80, 0xFE, 0x00, 0x07, 0xFF, 0xC0,
    0x03, 0xFF, 0x80, 0x00, 0x3F, 0xFC, 0x0F, 0xD0, 0x00, 0xFF, 0xF0, 0x00, 0x3F, 0xF8, 0x00, 0x02,
    0xFF, 0xC0, 0xA4, 0x00, 0x3F, 0xFD, 0x00, 0x03, 0xFF, 0x80, 0x00, 0x2F, 0xFD, 0x00, 0x00, 0x0B,
    0xFF, 0x80, 0x00, 0x3F, 0xF8, 0x00, 0x01, 0xFF, 0xD0, 0x00, 0x01, 0xFF, 0xF0, 0x00, 0x03, 0xFF,
    0x80, 0x00, 0x1F, 0xFE, 0x00, 0x00, 0x3F, 0xFC, 0x00, 0x00, 0x3F, 0xF8, 0x00, 0x01, 0xFF, 0xE0,
    0x00, 0x0F, 0xFF, 0x40, 0x00, 0x03, 0xFF, 0x80, 0x00, 0x1F, 0xFD, 0x00, 0x02, 0xFF, 0xE0, 0x00,
    0x00, 0x3F, 0xF8, 0x00, 0x02, 0xFF, 0xD0, 0x00, 0x7F, 0xFC, 0x00, 0x00, 0x03, 0xFF, 0x80, 0x00,
    0x2F, 0xFC, 0x00, 0x0F, 0xFF, 0x40, 0x00, 0x00, 0x3F, 0xF8, 0x00, 0x03, 0xFF, 0xC0, 0x02, 0xFF,
    0xE0, 0x00, 0xBD, 0x03, 0xFF, 0x80, 0x00, 0x7F, 0xF4, 0x00, 0x7F, 0xFC, 0x00, 0x0F, 0xD0, 0x3F,
    0xF8, 0x00, 0x0F, 0xFF, 0x00, 0x0F, 0xFF, 0x00, 0x01, 0xFD, 0x03, 0xFF, 0x80, 0x02, 0xFF, 0xC0,
    0x03, 0xFF, 0xD0, 0x00, 0x3F, 0xC0, 0x3F, 0xF8, 0x01, 0xFF, 0xF4, 0x00, 0xBF, 0xF8, 0x00, 0x0F,
    0xFC, 0x2F, 0xFF, 0xFF, 0xFF, 0xFD, 0x00, 0x1F, 0xFF, 0xFF, 0xFF, 0xFF, 0xC7, 0xFF, 0xFF, 0xFF,
    0xFD, 0x00, 0x01, 0xFF, 0xFF, 0xFF, 0xFF, 0xFC, 0x7F, 0xFF, 0xFF, 0xE4, 0x00, 0x00, 0x1F, 0xFF,
    0xFF, 0xFF, 0xFF, 0xC0, 0x00, 0x00, 0x00, 0x00, 0x00, 0x00, 0x00, 0x60, 0x00, 0x18, 0x00, 0x00,
    0x00, 0x00, 0x00, 0x00, 0x00, 0x0F, 0xC0, 0x0B, 0xD0, 0x00, 0x00, 0x00, 0x00, 0x00, 0x00, 0x00,
    0xBF, 0x43, 0xFC, 0x01, 0x55, 0x55, 0x54, 0x00, 0x00, 0x00, 0x03, 0xFE, 0xFF, 0x00, 0x7F, 0xFF,
    0xFF, 0xFF, 0x90, 0x00, 0x00, 0x0F, 0xFF, 0xD0, 0x07, 0xFF, 0xFF, 0xFF, 0xFF, 0xC0, 0x00, 0x00,
    0x7F, 0xF8, 0x00, 0x07, 0xFF, 0xEA, 0xFF, 0xFF, 0x40, 0x00, 0x01, 0xFF, 0x00, 0x00, 0x3F, 0xF8,
    0x00, 0xBF, 0xFD, 0x00, 0x00, 0x06, 0x80, 0x00, 0x03, 0xFF, 0x80, 0x01, 0xFF, 0xF0, 0x00, 0x00,
    0x00, 0x00, 0x00, 0x3F, 0xF8, 0x00, 0x0B, 0xFF, 0x80, 0x00, 0x00, 0x00, 0x00, 0x03, 0xFF, 0x80,
    0x00, 0x3F, 0xFC, 0x0B, 0xFF, 0xFF, 0xFF, 0xC0, 0x3F, 0xF8, 0x00, 0x02, 0xFF, 0xC0, 0xBF, 0xFF,
    0xFF, 0xFC, 0x03, 0xFF, 0x80, 0x00, 0x2F, 0xFD, 0x0B, 0xFE, 0xAB, 0xFF, 0xC0, 0x3F, 0xF8, 0x00,
    0x01, 0xFF, 0xD0, 0xFE, 0x00, 0xBF, 0xF0, 0x03, 0xFF, 0x80, 0x00, 0x1F, 0xFE, 0x0F, 0xC0, 0x1F,
    0xFD, 0x00, 0x3F, 0xF8, 0x00, 0x01, 0xFF, 0xE0, 0xFC, 0x03, 0xFF, 0x80, 0x03, 0xFF, 0x80, 0x00,
    0x1F, 0xFD, 0x05, 0x40, 0xFF, 0xF0, 0x00, 0x3F, 0xF8, 0x00, 0x02, 0xFF, 0xD0, 0x00, 0x2F, 0xFC,
    0x00, 0x03, 0xFF, 0x80, 0x00, 0x2F, 0xFC, 0x00, 0x07, 0xFF, 0x40, 0x00, 0x3F, 0xF8, 0x00, 0x03,
    0xFF, 0xC0, 0x00, 0xFF, 0xE0, 0x00, 0x03, 0xFF, 0x80, 0x00, 0x7F, 0xF4, 0x00, 0x3F, 0xFC, 0x02,
    0x90, 0x3F, 0xF8, 0x00, 0x0F, 0xFF, 0x00, 0x0B, 0xFF, 0x00, 0x3E, 0x03, 0xFF, 0x80, 0x02, 0xFF,
    0xC0, 0x01, 0xFF, 0xD0, 0x0B, 0xD0, 0x3F, 0xF8, 0x01, 0xFF, 0xF4, 0x00, 0x3F, 0xF8, 0x01, 0xFD,
    0x2F, 0xFF, 0xFF, 0xFF, 0xFD, 0x00, 0x0B, 0xFF, 0xEA, 0xFF, 0xD7, 0xFF, 0xFF, 0xFF, 0xFD, 0x00,
    0x00, 0xFF, 0xFF, 0xFF, 0xFD, 0x7F, 0xFF, 0xFF, 0xE4, 0x00, 0x00, 0x0F, 0xFF, 0xFF, 0xFF, 0xC0,
    0x00, 0x00, 0x00, 0x00, 0x00, 0x00, 0x60, 0x00, 0x08, 0x00, 0x00, 0x00, 0x55, 0x69, 0x00, 0x0F,
    0xC0, 0x07, 0xE0, 0x00, 0x00, 0x0F, 0xFF, 0xF0, 0x00, 0x7F, 0x42, 0xFC, 0x00, 0x00, 0x00, 0xFF,
    0xFF, 0x00, 0x02, 0xFE, 0xFF, 0x40, 0x00, 0x00, 0x01, 0xFF, 0xF0, 0x00, 0x0F, 0xFF, 0xE0, 0x00,
    0x00, 0x00, 0x0B, 0xFF, 0x00, 0x00, 0x3F, 0xF8, 0x00, 0x00, 0x00, 0x00, 0xBF, 0xF0, 0x00, 0x01,
    0xFF, 0x00, 0x00, 0x00, 0x00, 0x0B, 0xFF, 0x00, 0x00, 0x06, 0x80, 0x00, 0x00, 0x00, 0x00, 0xBF,
    0xF0, 0x00, 0x00, 0x00, 0x00, 0x00, 0x00, 0x59, 0x4B, 0xFF, 0x00, 0x00, 0x00, 0x00, 0x00, 0x00,
    0xBF, 0xFF, 0xFF, 0xF0, 0x07, 0xFF, 0xFF, 0xFF, 0xD0, 0x3F, 0xFF, 0xFF, 0xFF, 0x00, 0x7F, 0xFF,
    0xFF, 0xFD, 0x0F, 0xFF, 0xAF, 0xFF, 0xF0, 0x0B, 0xFE, 0xAB, 0xFF, 0xC2, 0xFF, 0xC0, 0x0F, 0xFF,
    0x00, 0xBF, 0x00, 0x7F, 0xF0, 0x3F, 0xF4, 0x00, 0xBF, 0xF0, 0x0B, 0xD0, 0x0F, 0xFD, 0x07, 0xFF,
    0x00, 0x0B, 0xFF, 0x00, 0xBC, 0x03, 0xFF, 0x80, 0xBF, 0xF0, 0x00, 0xBF, 0xF0, 0x05, 0x40, 0xBF,
    0xF0, 0x0B, 0xFF, 0x00, 0x0B, 0xFF, 0x00, 0x00, 0x1F, 0xFD, 0x00, 0xBF, 0xF0, 0x00, 0xBF, 0xF0,
    0x00, 0x03, 0xFF, 0x80, 0x0B, 0xFF, 0x00, 0x0B, 0xFF, 0x00, 0x00, 0xFF, 0xF0, 0x00, 0xBF, 0xF0,
    0x00, 0xBF, 0xF0, 0x00, 0x2F, 0xFC, 0x01, 0xAB, 0xFF, 0x00, 0x0B, 0xFF, 0x00, 0x07, 0xFF, 0x40,
    0x3E, 0x7F, 0xF4, 0x00, 0xFF, 0xF0, 0x00, 0xFF, 0xE0, 0x07, 0xE3, 0xFF, 0xD0, 0x2F, 0xFF, 0x00,
    0x3F, 0xFC, 0x00, 0xFE, 0x1F, 0xFF, 0xFF, 0xFF, 0xF9, 0x0B, 0xFF, 0xEA, 0xFF, 0xE0, 0xBF, 0xFF,
    0xF3, 0xFF, 0xF0, 0xFF, 0xFF, 0xFF, 0xFD, 0x01, 0xFF, 0xF8, 0x3F, 0xFF, 0x0F, 0xFF, 0xFF, 0xFF,
    0xD0, 0x01, 0x54, 0x00, 0x00, 0x00, 0x00, 0x00, 0x00, 0x00, 0x15, 0x55, 0x54, 0x00, 0x00, 0x00,
    0x00, 0x55, 0x55, 0x55, 0xFF, 0xFF, 0xF8, 0x00, 0x00, 0x00, 0x0B, 0xFF, 0xFF, 0xF7, 0xFF, 0xFF,
    0xE0, 0x00, 0x00, 0x00, 0x2F, 0xFF, 0xFF, 0xC1, 0xFF, 0xF4, 0x00, 0x00, 0x00, 0x00, 0x07, 0xFF,
    0xE0, 0x03, 0xFF, 0x80, 0x00, 0x00, 0x00, 0x00, 0x07, 0xFF, 0x40, 0x0F, 0xFE, 0x00, 0x00, 0x00,
    0x00, 0x00, 0x1F, 0xFD, 0x00, 0x3F, 0xF8, 0x00, 0x00, 0x00, 0x00, 0x00, 0x7F, 0xF4, 0x00, 0xFF,
    0xE0, 0x00, 0x00, 0x00, 0x00, 0x01, 0xFF, 0xD0, 0x03, 0xFF, 0x80, 0x00, 0x00, 0x00, 0x00, 0x07,
    0xFF, 0x40, 0x0F, 0xFE, 0x00, 0x00, 0x00, 0x00, 0x00, 0x1F, 0xFD, 0x00, 0x3F, 0xF8, 0x00, 0x00,
    0x00, 0x00, 0x00, 0x7F, 0xF4, 0x00, 0xFF, 0xE0, 0x00, 0x00, 0x00, 0x00, 0x01, 0xFF, 0xD0, 0x03,
    0xFF, 0x80, 0x00, 0x00, 0x00, 0x00, 0x07, 0xFF, 0x40, 0x0F, 0xFE, 0x00, 0x00, 0x00, 0x00, 0x00,
    0x1F, 0xFD, 0x00, 0x3F, 0xF8, 0x00, 0x00, 0x00, 0x00, 0x00, 0x7F, 0xF4, 0x00, 0xFF, 0xE0, 0x00,
    0x00, 0x00, 0x00, 0x01, 0xFF, 0xD0, 0x03, 0xFF, 0x80, 0x00, 0xFC, 0x06, 0xE0, 0x07, 0xFF, 0x40,
    0x0F, 0xFE, 0x00, 0x07, 0xF0, 0x7F, 0xE0, 0x1F, 0xFC, 0x00, 0x3F, 0xF8, 0x00, 0x2F, 0xC2, 0xFF,
    0x80, 0x7F, 0xF0, 0x00, 0xFF, 0xE0, 0x00, 0xFF, 0x0F, 0xFD, 0x02, 0xFF, 0xC0, 0x03, 0xFF, 0x80,
    0x0F, 0xFC, 0x2F, 0xF0, 0x0F, 0xFD, 0x00, 0xBF, 0xFF, 0xFF, 0xFF, 0xE0, 0x7F, 0xEA, 0xFF, 0xF0,
    0x07, 0xFF, 0xFF, 0xFF, 0xFF, 0x80, 0xBF, 0xFF, 0xFF, 0x00, 0x1F, 0xFF, 0xFF, 0xFF, 0xFD, 0x00,
    0x7F, 0xFF, 0xE0, 0x00, 0x00, 0x00, 0x00, 0x00, 0x00, 0x00, 0x05, 0x50, 0x00, 0x00, 0x00, 0x00,
    0x00, 0x00, 0x00, 0x00, 0x6A, 0x00, 0x00, 0x00, 0x00, 0x00, 0x00, 0x2F, 0xFC, 0x15, 0x55, 0x54,
    0x00, 0x00, 0x03, 0xFF, 0xD7, 0xFF, 0xFF, 0xE0, 0x00, 0x00, 0x3F, 0xFD, 0x7F, 0xFF, 0xFE, 0x00,
    0x00, 0x03, 0xFF, 0xC0, 0x7F, 0xFD, 0x00, 0x00, 0x00, 0x0B, 0xE0, 0x03, 0xFF, 0x80, 0x00, 0x00,
    0x00, 0x00, 0x00, 0x3F, 0xF8, 0x00, 0x00, 0x00, 0x00, 0x00, 0x03, 0xFF, 0x80, 0x00, 0x00, 0x00,
    0x00, 0x00, 0x3F, 0xF8, 0x00, 0x00, 0x01, 0xFF, 0xFC, 0x03, 0xFF, 0x80, 0x00, 0x00, 0x1F, 0xFF,
    0xC0, 0x3F, 0xF8, 0x00, 0x00, 0x01, 0xFF, 0xFC, 0x03, 0xFF, 0x80, 0x00, 0x00, 0x01, 0xFF, 0xC0,
    0x3F, 0xF8, 0x00, 0x00, 0x00, 0x0F, 0xFC, 0x03, 0xFF, 0x80, 0x00, 0x00, 0x00, 0xFF, 0xC0, 0x3F,
    0xF8, 0x00, 0x00, 0x00, 0x0F, 0xFC, 0x03, 0xFF, 0x80, 0x00, 0x00, 0x00, 0xFF, 0xC0, 0x3F, 0xF8,
    0x00, 0x00, 0x00, 0x0F, 0xFC, 0x03, 0xFF, 0x80, 0x00, 0xFC, 0x00, 0xFF, 0xC0, 0x3F, 0xF8, 0x00,
    0x1F, 0xC0, 0x0F, 0xFC, 0x03, 0xFF, 0x80, 0x02, 0xFC, 0x00, 0xFF, 0xC0, 0x3F, 0xF8, 0x00, 0x3F,
    0xC0, 0x0F, 0xFC, 0x03, 0xFF, 0x80, 0x0F, 0xFC, 0x00, 0xFF, 0xC2, 0xFF, 0xFF, 0xFF, 0xFF, 0x80,
    0x0F, 0xFC, 0x7F, 0xFF, 0xFF, 0xFF, 0xF8, 0x00, 0xFF, 0xC7, 0xFF, 0xFF, 0xFF, 0xFF, 0x40, 0x0F,
    0xFC, 0x00, 0x00, 0x00, 0x00, 0x00, 0x00, 0xFF, 0xC0, 0x00, 0x00, 0x00, 0x00, 0x00, 0x1F, 0xF8,
    0x00, 0x00, 0x00, 0x00, 0x00, 0x02, 0xFF, 0x00, 0x00, 0x00, 0x00, 0x00, 0x00, 0x3F, 0xE0, 0x00,
    0x00, 0x00, 0x00, 0x00, 0x0F, 0xFC, 0x00, 0x00, 0x00, 0x00, 0x00, 0x02, 0xFF, 0x00, 0x00, 0x00,
    0x00, 0x00, 0x00, 0x0F, 0x80, 0x00, 0x00, 0x00, 0x00, 0x00, 0x00, 0x10, 0x00, 0x15, 0x59, 0x00,
    0x06, 0xA0, 0xFF, 0xFF, 0x00, 0x2F, 0xFC, 0xFF, 0xFF, 0x00, 0x3F, 0xFD, 0x6F, 0xFF, 0x00, 0x3F,
    0xFD, 0x0B, 0xFF, 0x00, 0x3F, 0xFC, 0x0B, 0xFF, 0x00, 0x0B, 0xE0, 0x0B, 0xFF, 0x00, 0x00, 0x00,
    0x0B, 0xFF, 0x00, 0x00, 0x00, 0x0B, 0xFF, 0x00, 0x00, 0x00, 0x0B, 0xFF, 0x01, 0xFF, 0xFC, 0x0B,
    0xFF, 0x01, 0xFF, 0xFC, 0x0B, 0xFF, 0x01, 0xFF, 0xFC, 0x0B, 0xFF, 0x00, 0x1F, 0xFC, 0x0B, 0xFF,
    0x00, 0x0F, 0xFC, 0x0B, 0xFF, 0x00, 0x0F, 0xFC, 0x0B, 0xFF, 0x00, 0x0F, 0xFC, 0x0B, 0xFF, 0x00,
    0x0F, 0xFC, 0x0B, 0xFF, 0x00, 0x0F, 0xFC, 0x0B, 0xFF, 0x00, 0x0F, 0xFC, 0x0B, 0xFF, 0x00, 0x0F,
    0xFC, 0x0B, 0xFF, 0x00, 0x0F, 0xFC, 0x0B, 0xFF, 0x00, 0x0F, 0xFC, 0x0B, 0xFF, 0x00, 0x0F, 0xFC,
    0x6F, 0xFF, 0x90, 0x0F, 0xFC, 0xFF, 0xFF, 0xF4, 0x0F, 0xFC, 0xFF, 0xFF, 0xF4, 0x0F, 0xFC, 0x00,
    0x00, 0x00, 0x0F, 0xFC, 0x00, 0x00, 0x00, 0x1F, 0xF8, 0x00, 0x00, 0x00, 0x2F, 0xF0, 0x00, 0x00,
    0x00, 0x3F, 0xE0, 0x00, 0x00, 0x00, 0xFF, 0xC0, 0x00, 0x00, 0x02, 0xFF, 0x00, 0x00, 0x00, 0x00,
    0xF8, 0x00, 0x00, 0x00, 0x00, 0x50, 0x00, 0x15, 0x55, 0x40, 0x00, 0x15, 0x55, 0x40, 0x00, 0x15,
    0x55, 0x55, 0x1F, 0xFF, 0xF8, 0x00, 0x1F, 0xFF, 0xF4, 0x00, 0x0F, 0xFF, 0xFF, 0xC7, 0xFF, 0xFF,
    0x40, 0x07, 0xFF, 0xFD, 0x00, 0x03, 0xFF, 0xFF, 0xF0, 0x1F, 0xFF, 0xF0, 0x00, 0x1F, 0xF4, 0x00,
    0x00, 0x1B, 0xFF, 0xD0, 0x03, 0xFF, 0xFD, 0x00, 0x03, 0xFC, 0x00, 0x00, 0x00, 0xFF, 0xE0, 0x00,
    0xFF, 0xFF, 0xC0, 0x00, 0xFF, 0x00, 0x00, 0x00, 0x3F, 0xF8, 0x00, 0x3F, 0xFF, 0xF8, 0x00, 0x3F,
    0xC0, 0x00, 0x00, 0x0F, 0xFE, 0x00, 0x0F, 0xFF, 0xFF, 0x40, 0x0F, 0xF0, 0x00, 0x00, 0x03, 0xFF,
    0x80, 0x03, 0xFD, 0xFF, 0xF0, 0x03, 0xFC, 0x00, 0x00, 0x00, 0xFF, 0xE0, 0x00, 0xFF, 0x3F, 0xFD,
    0x00, 0xFF, 0x00, 0x00, 0x00, 0x3F, 0xF8, 0x00, 0x3F, 0xC3, 0xFF, 0xC0, 0x3F, 0xC0, 0x00, 0x00,
    0x0F, 0xFE, 0x00, 0x0F, 0xF0, 0xBF, 0xF8, 0x0F, 0xF0, 0x00, 0x00, 0x03, 0xFF, 0x80, 0x03, 0xFC,
    0x0F, 0xFF, 0x43, 0xFC, 0x00, 0x00, 0x00, 0xFF, 0xE0, 0x00, 0xFF, 0x01, 0xFF, 0xF0, 0xFF, 0x00,
    0x00, 0x00, 0x3F, 0xF8, 0x00, 0x3F, 0xC0, 0x2F, 0xFD, 0x3F, 0xC0, 0x00, 0x00, 0x0F, 0xFE, 0x00,
    0x0F, 0xF0, 0x03, 0xFF, 0xCF, 0xF0, 0x00, 0x00, 0x03, 0xFF, 0x80, 0x03, 0xFC, 0x00, 0x7F, 0xFB,
    0xFC, 0x00, 0xB9, 0x00, 0xFF, 0xE0, 0x00, 0xFF, 0x00, 0x0F, 0xFF, 0xFF, 0x00, 0xFF, 0xC0, 0x3F,
    0xF8, 0x00, 0x3F, 0xC0, 0x01, 0xFF, 0xFF, 0xC0, 0x7F, 0xF0, 0x0F, 0xFD, 0x00, 0x0F, 0xF0, 0x00,
    0x2F, 0xFF, 0xF0, 0x1F, 0xFC, 0x03, 0xFF, 0x00, 0x03, 0xFC, 0x00, 0x03, 0xFF, 0xFC, 0x07, 0xFD,
    0x02, 0xFF, 0xC0, 0x0B, 0xFF, 0xE0, 0x00, 0x7F, 0xFF, 0x00, 0xFF, 0xE6, 0xFF, 0xD0, 0x07, 0xFF,
    0xFD, 0x00, 0x0F, 0xFF, 0xC0, 0x0F, 0xFF, 0xFF, 0xD0, 0x01, 0xFF, 0xFF, 0x40, 0x00, 0xFF, 0xF0,
    0x00, 0xBF, 0xFF, 0x80, 0x00, 0x00, 0x00, 0x00, 0x00, 0x00, 0x00, 0x00, 0x01, 0x55, 0x00, 0x00,
    0x00, 0x00, 0x00, 0x00, 0x00, 0x00, 0x00, 0x00, 0x02, 0xA4, 0x00, 0x00, 0x00, 0x00, 0x00, 0x00,
    0x00, 0x1F, 0xFD, 0x15, 0x55, 0x40, 0x00, 0x15, 0x55, 0x40, 0x2F, 0xFE, 0x7F, 0xFF, 0xE0, 0x00,
    0x7F, 0xFF, 0xD0, 0x2F, 0xFF, 0x7F, 0xFF, 0xF4, 0x00, 0x7F, 0xFF, 0xD0, 0x1F, 0xFD, 0x07, 0xFF,
    0xFC, 0x00, 0x07, 0xFD, 0x00, 0x07, 0xF4, 0x03, 0xFF, 0xFD, 0x00, 0x03, 0xFC, 0x00, 0x00, 0x00,
    0x03, 0xFF, 0xFF, 0x00, 0x03, 0xFC, 0x00, 0x00, 0x00, 0x03, 0xFF, 0xFF, 0x80, 0x03, 0xFC, 0x00,
    0x00, 0x00, 0x03, 0xFF, 0xFF, 0xD0, 0x03, 0xFC, 0x00, 0xFF, 0xFE, 0x03, 0xFD, 0xFF, 0xF0, 0x03,
    0xFC, 0x00, 0xFF, 0xFE, 0x03, 0xFC, 0xFF, 0xF4, 0x03, 0xFC, 0x00, 0xBF, 0xFE, 0x03, 0xFC, 0x3F,
    0xFC, 0x03, 0xFC, 0x00, 0x0F, 0xFE, 0x03, 0xFC, 0x2F, 0xFE, 0x03, 0xFC, 0x00, 0x0B, 0xFE, 0x03,
    0xFC, 0x0F, 0xFF, 0x43, 0xFC, 0x00, 0x0B, 0xFE, 0x03, 0xFC, 0x07, 0xFF, 0xC3, 0xFC, 0x00, 0x0B,
    0xFE, 0x03, 0xFC, 0x02, 0xFF, 0xD3, 0xFC, 0x00, 0x0B, 0xFE, 0x03, 0xFC, 0x00, 0xFF, 0xF3, 0xFC,
    0x00, 0x0B, 0xFE, 0x03, 0xFC, 0x00, 0x7F, 0xFB, 0xFC, 0x00, 0x0B, 0xFE, 0x03, 0xFC, 0x00, 0x3F,
    0xFF, 0xFC, 0x00, 0x0B, 0xFE, 0x03, 0xFC, 0x00, 0x1F, 0xFF, 0xFC, 0x00, 0x0B, 0xFE, 0x03, 0xFC,
    0x00, 0x0B, 0xFF, 0xFC, 0x00, 0x0B, 0xFE, 0x03, 0xFC, 0x00, 0x03, 0xFF, 0xFC, 0x00, 0x0B, 0xFE,
    0x2F, 0xFF, 0x80, 0x01, 0xFF, 0xFC, 0x00, 0x0B, 0xFE, 0x7F, 0xFF, 0xD0, 0x00, 0xFF, 0xFC, 0x00,
    0x0B, 0xFE, 0x7F, 0xFF, 0xD0, 0x00, 0x3F, 0xFC, 0x00, 0x0B, 0xFD, 0x00, 0x00, 0x00, 0x00, 0x00,
    0x00, 0x00, 0x0F, 0xFD, 0x00, 0x00, 0x00, 0x00, 0x00, 0x00, 0x00, 0x0F, 0xFC, 0x00, 0x00, 0x00,
    0x00, 0x00, 0x00, 0x00, 0x0F, 0xF8, 0x00, 0x00, 0x00, 0x00, 0x00, 0x00, 0x00, 0x2F, 0xF0, 0x00,
    0x00, 0x00, 0x00, 0x00, 0x00, 0x00, 0x7F, 0xD0, 0x00, 0x00, 0x00, 0x00, 0x00, 0x00, 0x00, 0xFF,
    0x40, 0x00, 0x00, 0x00, 0x00, 0x00, 0x00, 0x00, 0xBD, 0x00, 0x00, 0x00, 0x00, 0x00, 0x00, 0x00,
    0x00, 0x10, 0x00, 0x00, 0x00, 0x00, 0x00, 0x00, 0x00, 0x1A, 0x80, 0x00, 0x00, 0x00, 0x00, 0x00,
    0x01, 0xFF, 0xC0, 0x00, 0x00, 0x00, 0x00, 0x00, 0x0F, 0xFF, 0x40, 0x00, 0x00, 0x00, 0x00, 0x00,
    0x3F, 0xFE, 0x00, 0x00, 0x00, 0x00, 0x00, 0x00, 0xBF, 0xF0, 0x00, 0x00, 0x00, 0x00, 0x00, 0x00,
    0xBE, 0x40, 0x00, 0x00, 0x00, 0x00, 0x00, 0x00, 0x00, 0x00, 0x00, 0x00, 0x00, 0x00, 0x00, 0x00,
    0x00, 0x00, 0x04, 0x01, 0x65, 0x00, 0x00, 0x00, 0x02, 0xFF, 0xF0, 0x7F, 0xFF, 0x00, 0x0F, 0xFF,
    0xDB, 0xFF, 0xD7, 0xFF, 0xFF, 0x00, 0x3F, 0xFF, 0x6F, 0xFF, 0xBF, 0xFF, 0xFE, 0x00, 0xBF, 0xFD,
    0x0B, 0xFF, 0xE0, 0x7F, 0xFC, 0x00, 0x3F, 0xF4, 0x1F, 0xFE, 0x00, 0x7F, 0xF0, 0x00, 0xFF, 0xD0,
    0x7F, 0xF0, 0x01, 0xFF, 0xC0, 0x03, 0xFF, 0x41, 0xFF, 0xC0, 0x03, 0xFF, 0x00, 0x0F, 0xFD, 0x07,
    0xFF, 0x00, 0x0F, 0xFC, 0x00, 0x3F, 0xF4, 0x1F, 0xFC, 0x00, 0x3F, 0xF0, 0x00, 0xFF, 0xD0, 0x7F,
    0xF0, 0x00, 0xFF, 0xC0, 0x03, 0xFF, 0x41, 0xFF, 0xC0, 0x03, 0xFF, 0x00, 0x0F, 0xFD, 0x07, 0xFF,
    0x00, 0x0F, 0xFC, 0x00, 0x3F, 0xF4, 0x1F, 0xFC, 0x00, 0x3F, 0xF0, 0x00, 0xFF, 0xD0, 0x7F, 0xF0,
    0x01, 0xFF, 0xC0, 0x03, 0xFF, 0x4B, 0xFF, 0xE4, 0x1F, 0xFF, 0x90, 0x0F, 0xFD, 0xBF, 0xFF, 0xF0,
    0xFF, 0xFF, 0xD0, 0x3F, 0xF6, 0xFF, 0xFF, 0xC3, 0xFF, 0xFF, 0x40, 0xFF, 0xC0, 0x00, 0x00, 0x00,
    0x00, 0x00, 0x03, 0xFF, 0x00, 0x00, 0x00, 0x00, 0x00, 0x00, 0x0F, 0xFC, 0x00, 0x00, 0x00, 0x00,
    0x00, 0x00, 0x7F, 0xD0, 0x00, 0x00, 0x00, 0x00, 0x00, 0x03, 0xFF, 0x00, 0x00, 0x00, 0x00, 0x00,
    0x00, 0x2F, 0xF0, 0x00, 0x00, 0x00, 0x00, 0x00, 0x01, 0xFF, 0x40, 0x00, 0x00, 0x00, 0x00, 0x00,
    0x03, 0xF0, 0x00, 0x00, 0x00, 0x00, 0x00, 0x00, 0x01, 0x00, 0x00, 0x00, 0x00, 0x00, 0x00, 0x00,
    0x00, 0x00, 0x00, 0xF0, 0x00, 0x2D, 0x00, 0x00, 0x00, 0x7F, 0x80, 0x7F, 0x80, 0x00, 0x00, 0x07,
    0xFD, 0xBF, 0x80, 0x00, 0x00, 0x00, 0xBF, 0xFF, 0x80, 0x00, 0x00, 0x00, 0x0B, 0xFF, 0xC0, 0x00,
    0x00, 0x00, 0x00, 0xBF, 0xC0, 0x00, 0x00, 0x00, 0x00, 0x0B, 0xC0, 0x00, 0x00, 0x00, 0x00, 0x00,
    0x00, 0x00, 0x00, 0x00, 0x00, 0x01, 0x55, 0x00, 0x00, 0x00, 0x00, 0x01, 0xFF, 0xE0, 0x00, 0x00,
    0x00, 0x00, 0xBF, 0xFC, 0x00, 0x00, 0x00, 0x00, 0x3F, 0xFF, 0x40, 0x00, 0x00, 0x00, 0x1F, 0xFF,
    0xE0, 0x00, 0x00, 0x00, 0x0F, 0xEF, 0xFC, 0x00, 0x00, 0x00, 0x03, 0xF3, 0xFF, 0x40, 0x00, 0x00,
    0x01, 0xF8, 0x7F, 0xF0, 0x00, 0x00, 0x00, 0xFD, 0x0F, 0xFC, 0x00, 0x00, 0x00, 0x3F, 0x03, 0xFF,
    0x80, 0x00, 0x00, 0x2F, 0x80, 0xBF, 0xF0, 0x00, 0x00, 0x0F, 0xD0, 0x0F, 0xFC, 0x00, 0x00, 0x07,
    0xF0, 0x03, 0xFF, 0x80, 0x00, 0x02, 0xF8, 0x00, 0xBF, 0xF0, 0x00, 0x00, 0xFF, 0xFF, 0xFF, 0xFD,
    0x00, 0x00, 0x7F, 0xFF, 0xFF, 0xFF, 0x80, 0x00, 0x2F, 0xFF, 0xFF, 0xFF, 0xF0, 0x00, 0x0F, 0xD0,
    0x00, 0x1F, 0xFD, 0x00, 0x07, 0xF0, 0x00, 0x03, 0xFF, 0x80, 0x03, 0xF8, 0x00, 0x00, 0xBF, 0xF0,
    0x01, 0xFD, 0x00, 0x00, 0x2F, 0xFE, 0x06, 0xFF, 0xE4, 0x00, 0x6F, 0xFF, 0xE7, 0xFF, 0xFF, 0x00,
    0x3F, 0xFF, 0xFF, 0xFF, 0xFF, 0xC0, 0x0F, 0xFF, 0xFF, 0xC0, 0x03, 0x00, 0x00, 0x80, 0x00, 0x2F,
    0x40, 0x0F, 0xC0, 0x00, 0x3F, 0x81, 0xFC, 0x00, 0x00, 0x7F, 0xEF, 0xD0, 0x00, 0x00, 0xBF, 0xFE,
    0x00, 0x00, 0x00, 0xFF, 0xF0, 0x00, 0x00, 0x00, 0xFF, 0x00, 0x00, 0x00, 0x00, 0xA0, 0x00, 0x00,
    0x00, 0x00, 0x00, 0x00, 0x00, 0x00, 0x5A, 0x50, 0x00, 0x00, 0x2F, 0xFF, 0xF8, 0x00, 0x07, 0xFE,
    0xBF, 0xFC, 0x00, 0x3F, 0x80, 0x3F, 0xF8, 0x01, 0xFF, 0x00, 0x7F, 0xF0, 0x07, 0xFC, 0x00, 0xFF,
    0xC0, 0x0F, 0xE0, 0x03, 0xFF, 0x00, 0x00, 0x00, 0x0F, 0xFC, 0x00, 0x00, 0x05, 0xBF, 0xF0, 0x00,
    0x2F, 0xFF, 0xFF, 0xC0, 0x07, 0xFF, 0xFB, 0xFF, 0x00, 0x3F, 0xF4, 0x0F, 0xFC, 0x02, 0xFF, 0x80,
    0x3F, 0xF0, 0x0B, 0xFD, 0x00, 0xFF, 0xC0, 0x2F, 0xF8, 0x0B, 0xFF, 0x40, 0xBF, 0xF9, 0xBF, 0xFF,
    0xA0, 0xFF, 0xFF, 0xDF, 0xFF, 0xC0, 0xFF, 0xF8, 0x2F, 0xFD, 0x00, 0x15, 0x00, 0x05, 0x40, 0x00,
    0x00, 0x00, 0x02, 0xD0, 0x00, 0x78, 0x3F, 0x80, 0x2F, 0xC0, 0xFF, 0xAF, 0xF0, 0x03, 0xFF, 0xFC,
    0x00, 0x1F, 0xFF, 0x00, 0x00, 0x7F, 0xD0, 0x00, 0x01, 0xF4, 0x00, 0x00, 0x00, 0x00, 0x00, 0x55,
    0x55, 0x50, 0x1F, 0xFF, 0xFF, 0x41, 0xFF, 0xFF, 0xF4, 0x01, 0xFF, 0xF4, 0x00, 0x0F, 0xFF, 0x00,
    0x00, 0xFF, 0xE0, 0x00, 0x0F, 0xFE, 0x00, 0x00, 0xFF, 0xE0, 0x00, 0x0F, 0xFE, 0x00, 0x00, 0xFF,
    0xE0, 0x00, 0x0F, 0xFE, 0x00, 0x00, 0xFF, 0xE0, 0x00, 0x0F, 0xFE, 0x00, 0x00, 0xFF, 0xE0, 0x00,
    0x0F, 0xFE, 0x00, 0x00, 0xFF, 0xE0, 0x00, 0x0F, 0xFE, 0x00, 0x00, 0xFF, 0xE0, 0x00, 0x0F, 0xFE,
    0x00, 0x00, 0xFF, 0xE0, 0x00, 0x0F, 0xFF, 0x00, 0x0B, 0xFF, 0xFA, 0x01, 0xFF, 0xFF, 0xF4, 0x1F,
    0xFF, 0xFF, 0x40, 0x30, 0x00, 0x08, 0x3F, 0x40, 0x1F, 0xC3, 0xF8, 0x2F, 0xC0, 0x7F, 0xEF, 0xD0,
    0x0B, 0xFF, 0xE0, 0x00, 0xFF, 0xF0, 0x00, 0x0F, 0xF0, 0x00, 0x00, 0xA0, 0x00, 0x00, 0x00, 0x00,
    0x00, 0x00, 0x00, 0x00, 0xBF, 0xFF, 0x00, 0x3F, 0xFF, 0xC0, 0x0B, 0xFF, 0xF0, 0x00, 0x2F, 0xFC,
    0x00, 0x07, 0xFF, 0x00, 0x01, 0xFF, 0xC0, 0x00, 0x7F, 0xF0, 0x00, 0x1F, 0xFC, 0x00, 0x07, 0xFF,
    0x00, 0x01, 0xFF, 0xC0, 0x00, 0x7F, 0xF0, 0x00, 0x1F, 0xFC, 0x00, 0x07, 0xFF, 0x00, 0x01, 0xFF,
    0xC0, 0x06, 0xFF, 0xF9, 0x03, 0xFF, 0xFF, 0xD0, 0xFF, 0xFF, 0xF4, 0x00, 0x00, 0x00, 0x00, 0x00,
    0x00, 0x00, 0x0B, 0x40, 0x01, 0xE0, 0x00, 0x00, 0x0F, 0xF0, 0x0B, 0xF0, 0x00, 0x00, 0x03, 0xFE,
    0xBF, 0xC0, 0x00, 0x00, 0x00, 0xFF, 0xFF, 0x00, 0x00, 0x00, 0x00, 0x7F, 0xFC, 0x00, 0x00, 0x00,
    0x00, 0x1F, 0xF4, 0x00, 0x00, 0x00, 0x00, 0x07, 0xD0, 0x00, 0x00, 0x00, 0x00, 0x00, 0x00, 0x00,
    0x00, 0x00, 0x00, 0x6B, 0xF9, 0x00, 0x00, 0x00, 0x0B, 0xFF, 0xFF, 0xF4, 0x00, 0x00, 0x7F, 0xFF,
    0xFF, 0xFE, 0x00, 0x01, 0xFF, 0xF9, 0x6F, 0xFF, 0x80, 0x03, 0xFF, 0x80, 0x03, 0xFF, 0xD0, 0x0F,
    0xFE, 0x00, 0x00, 0xFF, 0xF0, 0x1F, 0xFC, 0x00, 0x00, 0x7F, 0xF8, 0x3F, 0xFC, 0x00, 0x00, 0x3F,
    0xFC, 0x3F, 0xF8, 0x00, 0x00, 0x3F, 0xFC, 0x7F, 0xF4, 0x00, 0x00, 0x2F, 0xFD, 0x7F, 0xF4, 0x00,
    0x00, 0x2F, 0xFD, 0xBF, 0xF4, 0x00, 0x00, 0x1F, 0xFD, 0xBF, 0xF4, 0x00, 0x00, 0x1F, 0xFD, 0xBF,
    0xF4, 0x00, 0x00, 0x1F, 0xFD, 0x7F, 0xF4, 0x00, 0x00, 0x2F, 0xFC, 0x7F, 0xF8, 0x00, 0x00, 0x2F,
    0xFC, 0x3F, 0xFC, 0x00, 0x00, 0x3F, 0xFC, 0x3F, 0xFC, 0x00, 0x00, 0x3F, 0xF4, 0x1F, 0xFE, 0x00,
    0x00, 0x7F, 0xF0, 0x0F, 0xFF, 0x40, 0x00, 0xFF, 0xD0, 0x07, 0xFF, 0xD0, 0x07, 0xFF, 0x80, 0x01,
    0xFF, 0xFF, 0xFF, 0xFE, 0x00, 0x00, 0x7F, 0xFF, 0xFF, 0xF8, 0x00, 0x00, 0x07, 0xFF, 0xFF, 0x80,
    0x00, 0x00, 0x00, 0x15, 0x50, 0x00, 0x00, 0x00, 0x90, 0x00, 0x24, 0x00, 0x07, 0xE0, 0x02, 0xF0,
    0x00, 0x0F, 0xF0, 0x3F, 0x80, 0x00, 0x0F, 0xFB, 0xFC, 0x00, 0x00, 0x1F, 0xFF, 0xC0, 0x00, 0x00,
    0x2F, 0xFD, 0x00, 0x00, 0x00, 0x3F, 0xE0, 0x00, 0x00, 0x00, 0x29, 0x00, 0x00, 0x00, 0x00, 0x00,
    0x00, 0x00, 0x00, 0x05, 0xA4, 0x00, 0x00, 0x07, 0xFF, 0xFF, 0x80, 0x00, 0xBF, 0xFF, 0xFF, 0xC0,
    0x0F, 0xFF, 0x5B, 0xFF, 0xC0, 0xBF, 0xF0, 0x07, 0xFF, 0x83, 0xFF, 0x40, 0x0B, 0xFF, 0x1F, 0xFC,
    0x00, 0x1F, 0xFD, 0xBF, 0xF0, 0x00, 0x3F, 0xF6, 0xFF, 0xC0, 0x00, 0xFF, 0xEF, 0xFF, 0x00, 0x03,
    0xFF, 0xAF, 0xFC, 0x00, 0x0F, 0xFE, 0xBF, 0xF0, 0x00, 0x3F, 0xF5, 0xFF, 0xD0, 0x01, 0xFF, 0xC3,
    0xFF, 0x80, 0x0B, 0xFF, 0x0B, 0xFF, 0x40, 0x3F, 0xF4, 0x0F, 0xFF, 0x9B, 0xFF, 0x80, 0x0F, 0xFF,
    0xFF, 0xF8, 0x00, 0x0B, 0xFF, 0xFE, 0x00, 0x00, 0x00, 0x55, 0x40, 0x00, 0x00, 0x00, 0x00, 0x00,
    0x00, 0x00, 0x00, 0x02, 0xD0, 0x00, 0x78, 0x00, 0x00, 0x03, 0xF8, 0x02, 0xFC, 0x00, 0x00, 0x00,
    0xFF, 0xAF, 0xF0, 0x00, 0x00, 0x00, 0x7F, 0xFF, 0xC0, 0x00, 0x00, 0x00, 0x1F, 0xFF, 0x00, 0x00,
    0x00, 0x00, 0x07, 0xFD, 0x00, 0x00, 0x00, 0x00, 0x01, 0xF4, 0x00, 0x00, 0x00, 0x00, 0x00, 0x00,
    0x00, 0x00, 0x55, 0x55, 0x54, 0x00, 0x55, 0x55, 0xFF, 0xFF, 0xF8, 0x01, 0xFF, 0xFF, 0xFF, 0xFF,
    0xF8, 0x01, 0xFF, 0xFF, 0x0B, 0xFF, 0x80, 0x00, 0x1F, 0xF4, 0x07, 0xFF, 0x40, 0x00, 0x0F, 0xE0,
    0x07, 0xFF, 0x40, 0x00, 0x0F, 0xE0, 0x07, 0xFF, 0x40, 0x00, 0x0F, 0xE0, 0x07, 0xFF, 0x40, 0x00,
    0x0F, 0xE0, 0x07, 0xFF, 0x40, 0x00, 0x0F, 0xE0, 0x07, 0xFF, 0x40, 0x00, 0x0F, 0xE0, 0x07, 0xFF,
    0x40, 0x00, 0x0F, 0xE0, 0x07, 0xFF, 0x40, 0x00, 0x0F, 0xE0, 0x07, 0xFF, 0x40, 0x00, 0x0F, 0xE0,
    0x07, 0xFF, 0x40, 0x00, 0x0F, 0xE0, 0x07, 0xFF, 0x40, 0x00, 0x0F, 0xE0, 0x07, 0xFF, 0x40, 0x00,
    0x0F, 0xE0, 0x03, 0xFF, 0x40, 0x00, 0x0F, 0xD0, 0x03, 0xFF, 0x40, 0x00, 0x0F, 0xD0, 0x03, 0xFF,
    0xC0, 0x00, 0x1F, 0xC0, 0x02, 0xFF, 0xD0, 0x00, 0x3F, 0xC0, 0x00, 0xFF, 0xF8, 0x01, 0xFF, 0x40,
    0x00, 0xBF, 0xFF, 0xFF, 0xFE, 0x00, 0x00, 0x2F, 0xFF, 0xFF, 0xF8, 0x00, 0x00, 0x06, 0xFF, 0xFF,
    0xD0, 0x00, 0x00, 0x00, 0x15, 0x54, 0x00, 0x00, 0x00, 0x28, 0x00, 0x06, 0x00, 0x00, 0x03, 0xF0,
    0x02, 0xF4, 0x00, 0x00, 0x2F, 0xD0, 0xFE, 0x00, 0x00, 0x00, 0xFF, 0xBF, 0xC0, 0x00, 0x00, 0x03,
    0xFF, 0xF4, 0x00, 0x00, 0x00, 0x1F, 0xFE, 0x00, 0x00, 0x00, 0x00, 0xBF, 0x80, 0x00, 0x00, 0x00,
    0x01, 0xA0, 0x00, 0x00, 0x00, 0x00, 0x00, 0x00, 0x00, 0x00, 0x00, 0x10, 0x00, 0x00, 0x40, 0x3F,
    0xFF, 0x40, 0xFF, 0xFD, 0x03, 0xFF, 0xF4, 0x0F, 0xFF, 0xD0, 0x2F, 0xFF, 0x40, 0xBF, 0xFD, 0x00,
    0x3F, 0xF4, 0x00, 0xFF, 0xD0, 0x03, 0xFF, 0x40, 0x0F, 0xFD, 0x00, 0x3F, 0xF4, 0x00, 0xFF, 0xD0,
    0x03, 0xFF, 0x40, 0x0F, 0xFD, 0x00, 0x3F, 0xF4, 0x00, 0xFF, 0xD0, 0x03, 0xFF, 0x40, 0x0F, 0xFD,
    0x00, 0x3F, 0xF4, 0x00, 0xFF, 0xD0, 0x03, 0xFF, 0x40, 0x0F, 0xFD, 0x00, 0x3F, 0xF4, 0x00, 0xFF,
    0xD0, 0x03, 0xFF, 0x80, 0x2F, 0xFD, 0x00, 0x3F, 0xFD, 0x0B, 0xFF, 0xD0, 0x01, 0xFF, 0xFF, 0xFF,
    0xFF, 0x90, 0x0F, 0xFF, 0xFD, 0x7F, 0xFE, 0x00, 0x3F, 0xFF, 0x47, 0xFF, 0xE0, 0x00, 0x15, 0x00,
    0x00, 0x00, 0x00, 0x02, 0xFF, 0xFF, 0xF0, 0x00, 0x00, 0x02, 0xFF, 0xFF, 0xF4, 0x00, 0x00, 0x02,
    0xFF, 0xFF, 0xF4, 0x00, 0x00, 0x01, 0xAA, 0xAA, 0xA0, 0x00, 0x00, 0x00, 0x00, 0x00, 0x00, 0x00,
    0x00, 0x00, 0x00, 0x00, 0x00, 0x00, 0x00, 0x02, 0xFC, 0x03, 0xF8, 0x00, 0x00, 0x0B, 0xFE, 0x0F,
    0xFD, 0x00, 0x00, 0x0F, 0xFF, 0x0F, 0xFE, 0x00, 0x00, 0x0B, 0xFF, 0x0F, 0xFD, 0x00, 0x00, 0x03,
    0xFC, 0x07, 0xF8, 0x00, 0x00, 0x00, 0x00, 0x00, 0x00, 0x00, 0x00, 0x00, 0x00, 0x00, 0x00, 0x00,
    0x55, 0x55, 0x54, 0x00, 0x55, 0x55, 0xFF, 0xFF, 0xF8, 0x01, 0xFF, 0xFF, 0xFF, 0xFF, 0xF8, 0x01,
    0xFF, 0xFF, 0x0B, 0xFF, 0x80, 0x00, 0x1F, 0xF4, 0x07, 0xFF, 0x40, 0x00, 0x0F, 0xE0, 0x07, 0xFF,
    0x40, 0x00, 0x0F, 0xE0, 0x07, 0xFF, 0x40, 0x00, 0x0F, 0xE0, 0x07, 0xFF, 0x40, 0x00, 0x0F, 0xE0,
    0x07, 0xFF, 0x40, 0x00, 0x0F, 0xE0, 0x07, 0xFF, 0x40, 0x00, 0x0F, 0xE0, 0x07, 0xFF, 0x40, 0x00,
    0x0F, 0xE0, 0x07, 0xFF, 0x40, 0x00, 0x0F, 0xE0, 0x07, 0xFF, 0x40, 0x00, 0x0F, 0xE0, 0x07, 0xFF,
    0x40, 0x00, 0x0F, 0xE0, 0x07, 0xFF, 0x40, 0x00, 0x0F, 0xE0, 0x07, 0xFF, 0x40, 0x00, 0x0F, 0xE0,
    0x03, 0xFF, 0x40, 0x00, 0x0F, 0xD0, 0x03, 0xFF, 0x40, 0x00, 0x0F, 0xD0, 0x03, 0xFF, 0xC0, 0x00,
    0x1F, 0xC0, 0x02, 0xFF, 0xD0, 0x00, 0x3F, 0xC0, 0x00, 0xFF, 0xF8, 0x01, 0xFF, 0x40, 0x00, 0xBF,
    0xFF, 0xFF, 0xFE, 0x00, 0x00, 0x2F, 0xFF, 0xFF, 0xF8, 0x00, 0x00, 0x06, 0xFF, 0xFF, 0xD0, 0x00,
    0x00, 0x00, 0x15, 0x54, 0x00, 0x00, 0x00, 0x2F, 0xFF, 0xFF, 0x00, 0x00, 0x03, 0xFF, 0xFF, 0xF0,
    0x00, 0x00, 0x3F, 0xFF, 0xFF, 0x00, 0x00, 0x02, 0xAA, 0xAA, 0xA0, 0x00, 0x00, 0x00, 0x00, 0x00,
    0x00, 0x00, 0x00, 0x50, 0x01, 0x90, 0x00, 0x00, 0x7F, 0xD0, 0xBF, 0xC0, 0x00, 0x0F, 0xFE, 0x0F,
    0xFD, 0x00, 0x00, 0xFF, 0xE0, 0xFF, 0xD0, 0x00, 0x07, 0xFD, 0x0F, 0xFC, 0x00, 0x00, 0x1A, 0x40,
    0x2A, 0x00, 0x00, 0x00, 0x00, 0x00, 0x00, 0x00, 0x00, 0x00, 0x00, 0x00, 0x00, 0x00, 0x00, 0x10,
    0x00, 0x00, 0x40, 0x3F, 0xFF, 0x40, 0xFF, 0xFD, 0x03, 0xFF, 0xF4, 0x0F, 0xFF, 0xD0, 0x2F, 0xFF,
    0x40, 0xBF, 0xFD, 0x00, 0x3F, 0xF4, 0x00, 0xFF, 0xD0, 0x03, 0xFF, 0x40, 0x0F, 0xFD, 0x00, 0x3F,
    0xF4, 0x00, 0xFF, 0xD0, 0x03, 0xFF, 0x40, 0x0F, 0xFD, 0x00, 0x3F, 0xF4, 0x00, 0xFF, 0xD0, 0x03,
    0xFF, 0x40, 0x0F, 0xFD, 0x00, 0x3F, 0xF4, 0x00, 0xFF, 0xD0, 0x03, 0xFF, 0x40, 0x0F, 0xFD, 0x00,
    0x3F, 0xF4, 0x00, 0xFF, 0xD0, 0x03, 0xFF, 0x80, 0x2F, 0xFD, 0x00, 0x3F, 0xFD, 0x0B, 0xFF, 0xD0,
    0x01, 0xFF, 0xFF, 0xFF, 0xFF, 0x90, 0x0F, 0xFF, 0xFD, 0x7F, 0xFE, 0x00, 0x3F, 0xFF, 0x47, 0xFF,
    0xE0, 0x00, 0x15, 0x00, 0x00, 0x00, 0x00, 0x00, 0x00, 0x02, 0x00, 0x00, 0x00, 0x00, 0x00, 0x1F,
    0xC0, 0x00, 0x00, 0x00, 0x00, 0x7F, 0xD0, 0x00, 0x00, 0x00, 0x01, 0xFF, 0xD0, 0x00, 0x00, 0x00,
    0x0B, 0xFF, 0x40, 0x00, 0x00, 0x00, 0x2F, 0xF4, 0x00, 0x00, 0x00, 0x00, 0x1E, 0x00, 0x00, 0x00,
    0x00, 0x00, 0x00, 0x00, 0x00, 0x00, 0x00, 0x02, 0xFC, 0x03, 0xF8, 0x00, 0x00, 0x0B, 0xFE, 0x0F,
    0xFD, 0x00, 0x00, 0x0F, 0xFF, 0x0F, 0xFE, 0x00, 0x00, 0x0B, 0xFF, 0x0F, 0xFD, 0x00, 0x00, 0x03,
    0xFC, 0x07, 0xF8, 0x00, 0x00, 0x00, 0x00, 0x00, 0x00, 0x00, 0x00, 0x00, 0x00, 0x00, 0x00, 0x00,
    0x55, 0x55, 0x54, 0x00, 0x55, 0x55, 0xFF, 0xFF, 0xF8, 0x01, 0xFF, 0xFF, 0xFF, 0xFF, 0xF8, 0x01,
    0xFF, 0xFF, 0x0B, 0xFF, 0x80, 0x00, 0x1F, 0xF4, 0x07, 0xFF, 0x40, 0x00, 0x0F, 0xE0, 0x07, 0xFF,
    0x40, 0x00, 0x0F, 0xE0, 0x07, 0xFF, 0x40, 0x00, 0x0F, 0xE0, 0x07, 0xFF, 0x40, 0x00, 0x0F, 0xE0,
    0x07, 0xFF, 0x40, 0x00, 0x0F, 0xE0, 0x07, 0xFF, 0x40, 0x00, 0x0F, 0xE0, 0x07, 0xFF, 0x40, 0x00,
    0x0F, 0xE0, 0x07, 0xFF, 0x40, 0x00, 0x0F, 0xE0, 0x07, 0xFF, 0x40, 0x00, 0x0F, 0xE0, 0x07, 0xFF,
    0x40, 0x00, 0x0F, 0xE0, 0x07, 0xFF, 0x40, 0x00, 0x0F, 0xE0, 0x07, 0xFF, 0x40, 0x00, 0x0F, 0xE0,
    0x03, 0xFF, 0x40, 0x00, 0x0F, 0xD0, 0x03, 0xFF, 0x40, 0x00, 0x0F, 0xD0, 0x03, 0xFF, 0xC0, 0x00,
    0x1F, 0xC0, 0x02, 0xFF, 0xD0, 0x00, 0x3F, 0xC0, 0x00, 0xFF, 0xF8, 0x01, 0xFF, 0x40, 0x00, 0xBF,
    0xFF, 0xFF, 0xFE, 0x00, 0x00, 0x2F, 0xFF, 0xFF, 0xF8, 0x00, 0x00, 0x06, 0xFF, 0xFF, 0xD0, 0x00,
    0x00, 0x00, 0x15, 0x54, 0x00, 0x00, 0x00, 0x00, 0x00, 0x10, 0x00, 0x00, 0x00, 0x00, 0x1F, 0xC0,
    0x00, 0x00, 0x00, 0x07, 0xFD, 0x00, 0x00, 0x00, 0x01, 0xFF, 0xD0, 0x00, 0x00, 0x00, 0x7F, 0xF4,
    0x00, 0x00, 0x00, 0x1F, 0xF4, 0x00, 0x00, 0x00, 0x01, 0xE0, 0x00, 0x00, 0x00, 0x00, 0x00, 0x00,
    0x00, 0x00, 0x00, 0x05, 0x00, 0x19, 0x00, 0x00, 0x07, 0xFD, 0x0B, 0xFC, 0x00, 0x00, 0xFF, 0xE0,
    0xFF, 0xD0, 0x00, 0x0F, 0xFE, 0x0F, 0xFD, 0x00, 0x00, 0x7F, 0xD0, 0xFF, 0xC0, 0x00, 0x01, 0xA4,
    0x02, 0xA0, 0x00, 0x00, 0x00, 0x00, 0x00, 0x00, 0x00, 0x00, 0x00, 0x00, 0x00, 0x00, 0x00, 0x01,
    0x00, 0x00, 0x04, 0x03, 0xFF, 0xF4, 0x0F, 0xFF, 0xD0, 0x3F, 0xFF, 0x40, 0xFF, 0xFD, 0x02, 0xFF,
    0xF4, 0x0B, 0xFF, 0xD0, 0x03, 0xFF, 0x40, 0x0F, 0xFD, 0x00, 0x3F, 0xF4, 0x00, 0xFF, 0xD0, 0x03,
    0xFF, 0x40, 0x0F, 0xFD, 0x00, 0x3F, 0xF4, 0x00, 0xFF, 0xD0, 0x03, 0xFF, 0x40, 0x0F, 0xFD, 0x00,
    0x3F, 0xF4, 0x00, 0xFF, 0xD0, 0x03, 0xFF, 0x40, 0x0F, 0xFD, 0x00, 0x3F, 0xF4, 0x00, 0xFF, 0xD0,
    0x03, 0xFF, 0x40, 0x0F, 0xFD, 0x00, 0x3F, 0xF8, 0x02, 0xFF, 0xD0, 0x03, 0xFF, 0xD0, 0xBF, 0xFD,
    0x00, 0x1F, 0xFF, 0xFF, 0xFF, 0xF9, 0x00, 0xFF, 0xFF, 0xD7, 0xFF, 0xE0, 0x03, 0xFF, 0xF4, 0x7F,
    0xFE, 0x00, 0x01, 0x50, 0x00, 0x00, 0x00, 0x00, 0x00, 0x00, 0x00, 0x00, 0x00, 0x00, 0x03, 0xD0,
    0x00, 0x78, 0x00, 0x00, 0x03, 0xF8, 0x03, 0xF8, 0x00, 0x00, 0x00, 0xFF, 0x6F, 0xF0, 0x00, 0x00,
    0x00, 0x7F, 0xFF, 0xC0, 0x00, 0x00, 0x00, 0x1F, 0xFF, 0x00, 0x00, 0x00, 0x00, 0x0B, 0xFC, 0x00,
    0x00, 0x00, 0x00, 0x01, 0xF0, 0x00, 0x00, 0x00, 0x00, 0x00, 0x00, 0x00, 0x00, 0x00, 0x02, 0xFC,
    0x03, 0xF8, 0x00, 0x00, 0x0B, 0xFE, 0x0F, 0xFD, 0x00, 0x00, 0x0F, 0xFF, 0x0F, 0xFE, 0x00, 0x00,
    0x0B, 0xFF, 0x0F, 0xFD, 0x00, 0x00, 0x03, 0xFC, 0x07, 0xF8, 0x00, 0x00, 0x00, 0x00, 0x00, 0x00,
    0x00, 0x00, 0x00, 0x00, 0x00, 0x00, 0x00, 0x55, 0x55, 0x54, 0x00, 0x55, 0x55, 0xFF, 0xFF, 0xF8,
    0x01, 0xFF, 0xFF, 0xFF, 0xFF, 0xF8, 0x01, 0xFF, 0xFF, 0x0B, 0xFF, 0x80, 0x00, 0x1F, 0xF4, 0x07,
    0xFF, 0x40, 0x00, 0x0F, 0xE0, 0x07, 0xFF, 0x40, 0x00, 0x0F, 0xE0, 0x07, 0xFF, 0x40, 0x00, 0x0F,
    0xE0, 0x07, 0xFF, 0x40, 0x00, 0x0F, 0xE0, 0x07, 0xFF, 0x40, 0x00, 0x0F, 0xE0, 0x07, 0xFF, 0x40,
    0x00, 0x0F, 0xE0, 0x07, 0xFF, 0x40, 0x00, 0x0F, 0xE0, 0x07, 0xFF, 0x40, 0x00, 0x0F, 0xE0, 0x07,
    0xFF, 0x40, 0x00, 0x0F, 0xE0, 0x07, 0xFF, 0x40, 0x00, 0x0F, 0xE0, 0x07, 0xFF, 0x40, 0x00, 0x0F,
    0xE0, 0x07, 0xFF, 0x40, 0x00, 0x0F, 0xE0, 0x03, 0xFF, 0x40, 0x00, 0x0F, 0xD0, 0x03, 0xFF, 0x40,
    0x00, 0x0F, 0xD0, 0x03, 0xFF, 0xC0, 0x00, 0x1F, 0xC0, 0x02, 0xFF, 0xD0, 0x00, 0x3F, 0xC0, 0x00,
    0xFF, 0xF8, 0x01, 0xFF, 0x40, 0x00, 0xBF, 0xFF, 0xFF, 0xFE, 0x00, 0x00, 0x2F, 0xFF, 0xFF, 0xF8,
    0x00, 0x00, 0x06, 0xFF, 0xFF, 0xD0, 0x00, 0x00, 0x00, 0x15, 0x54, 0x00, 0x00, 0x00, 0x00, 0x00,
    0x00, 0x00, 0x00, 0x03, 0xC0, 0x00, 0xB4, 0x00, 0x00, 0x7F, 0x80, 0x7F, 0x80, 0x00, 0x01, 0xFF,
    0x6F, 0xE0, 0x00, 0x00, 0x0B, 0xFF, 0xF8, 0x00, 0x00, 0x00, 0x2F, 0xFF, 0x00, 0x00, 0x00, 0x00,
    0xBF, 0xC0, 0x00, 0x00, 0x00, 0x02, 0xF0, 0x00, 0x00, 0x00, 0x00, 0x00, 0x00, 0x00, 0x00, 0x00,
    0x50, 0x01, 0x90, 0x00, 0x00, 0x7F, 0xD0, 0xBF, 0xC0, 0x00, 0x0F, 0xFE, 0x0F, 0xFD, 0x00, 0x00,
    0xFF, 0xE0, 0xFF, 0xD0, 0x00, 0x07, 0xFD, 0x0F, 0xFC, 0x00, 0x00, 0x1A, 0x40, 0x2A, 0x00, 0x00,
    0x00, 0x00, 0x00, 0x00, 0x00, 0x00, 0x00, 0x00, 0x00, 0x00, 0x00, 0x00, 0x10, 0x00, 0x00, 0x40,
    0x3F, 0xFF, 0x40, 0xFF, 0xFD, 0x03, 0xFF, 0xF4, 0x0F, 0xFF, 0xD0, 0x2F, 0xFF, 0x40, 0xBF, 0xFD,
    0x00, 0x3F, 0xF4, 0x00, 0xFF, 0xD0, 0x03, 0xFF, 0x40, 0x0F, 0xFD, 0x00, 0x3F, 0xF4, 0x00, 0xFF,
    0xD0, 0x03, 0xFF, 0x40, 0x0F, 0xFD, 0x00, 0x3F, 0xF4, 0x00, 0xFF, 0xD0, 0x03, 0xFF, 0x40, 0x0F,
    0xFD, 0x00, 0x3F, 0xF4, 0x00, 0xFF, 0xD0, 0x03, 0xFF, 0x40, 0x0F, 0xFD, 0x00, 0x3F, 0xF4, 0x00,
    0xFF, 0xD0, 0x03, 0xFF, 0x80, 0x2F, 0xFD, 0x00, 0x3F, 0xFD, 0x0B, 0xFF, 0xD0, 0x01, 0xFF, 0xFF,
    0xFF, 0xFF, 0x90, 0x0F, 0xFF, 0xFD, 0x7F, 0xFE, 0x00, 0x3F, 0xFF, 0x47, 0xFF, 0xE0, 0x00, 0x15,
    0x00, 0x00, 0x00, 0x00, 0x00, 0x14, 0x00, 0x00, 0x00, 0x00, 0x00, 0xFD, 0x00, 0x00, 0x00, 0x00,
    0x01, 0xFF, 0x80, 0x00, 0x00, 0x00, 0x00, 0xFF, 0xE0, 0x00, 0x00, 0x00, 0x00, 0x7F, 0xF8, 0x00,
    0x00, 0x00, 0x00, 0x07, 0xFE, 0x00, 0x00, 0x00, 0x00, 0x00, 0x2E, 0x00, 0x00, 0x00, 0x00, 0x00,
    0x00, 0x00, 0x00, 0x00, 0x02, 0xFC, 0x03, 0xF8, 0x00, 0x00, 0x0B, 0xFE, 0x0F, 0xFD, 0x00, 0x00,
    0x0F, 0xFF, 0x0F, 0xFE, 0x00, 0x00, 0x0B, 0xFF, 0x0F, 0xFD, 0x00, 0x00, 0x03, 0xFC, 0x07, 0xF8,
    0x00, 0x00, 0x00, 0x00, 0x00, 0x00, 0x00, 0x00, 0x00, 0x00, 0x00, 0x00, 0x00, 0x55, 0x55, 0x54,
    0x00, 0x55, 0x55, 0xFF, 0xFF, 0xF8, 0x01, 0xFF, 0xFF, 0xFF, 0xFF, 0xF8, 0x01, 0xFF, 0xFF, 0x0B,
    0xFF, 0x80, 0x00, 0x1F, 0xF4, 0x07, 0xFF, 0x40, 0x00, 0x0F, 0xE0, 0x07, 0xFF, 0x40, 0x00, 0x0F,
    0xE0, 0x07, 0xFF, 0x40, 0x00, 0x0F, 0xE0, 0x07, 0xFF, 0x40, 0x00, 0x0F, 0xE0, 0x07, 0xFF, 0x40,
    0x00, 0x0F, 0xE0, 0x07, 0xFF, 0x40, 0x00, 0x0F, 0xE0, 0x07, 0xFF, 0x40, 0x00, 0x0F, 0xE0, 0x07,
    0xFF, 0x40, 0x00, 0x0F, 0xE0, 0x07, 0xFF, 0x40, 0x00, 0x0F, 0xE0, 0x07, 0xFF, 0x40, 0x00, 0x0F,
    0xE0, 0x07, 0xFF, 0x40, 0x00, 0x0F, 0xE0, 0x07, 0xFF, 0x40, 0x00, 0x0F, 0xE0, 0x03, 0xFF, 0x40,
    0x00, 0x0F, 0xD0, 0x03, 0xFF, 0x40, 0x00, 0x0F, 0xD0, 0x03, 0xFF, 0xC0, 0x00, 0x1F, 0xC0, 0x02,
    0xFF, 0xD0, 0x00, 0x3F, 0xC0, 0x00, 0xFF, 0xF8, 0x01, 0xFF, 0x40, 0x00, 0xBF, 0xFF, 0xFF, 0xFE,
    0x00, 0x00, 0x2F, 0xFF, 0xFF, 0xF8, 0x00, 0x00, 0x06, 0xFF, 0xFF, 0xD0, 0x00, 0x00, 0x00, 0x15,
    0x54, 0x00, 0x00, 0x00, 0x01, 0x40, 0x00, 0x00, 0x00, 0x00, 0xFE, 0x00, 0x00, 0x00, 0x00, 0x0F,
    0xF8, 0x00, 0x00, 0x00, 0x00, 0xFF, 0xE0, 0x00, 0x00, 0x00, 0x07, 0xFF, 0x80, 0x00, 0x00, 0x00,
    0x06, 0xFF, 0x00, 0x00, 0x00, 0x00, 0x02, 0xE0, 0x00, 0x00, 0x00, 0x00, 0x00, 0x00, 0x00, 0x00,
    0x05, 0x00, 0x19, 0x00, 0x00, 0x07, 0xFD, 0x0B, 0xFC, 0x00, 0x00, 0xFF, 0xE0, 0xFF, 0xD0, 0x00,
    0x0F, 0xFE, 0x0F, 0xFD, 0x00, 0x00, 0x7F, 0xD0, 0xFF, 0xC0, 0x00, 0x01, 0xA4, 0x02, 0xA0, 0x00,
    0x00, 0x00, 0x00, 0x00, 0x00, 0x00, 0x00, 0x00, 0x00, 0x00, 0x00, 0x00, 0x01, 0x00, 0x00, 0x04,
    0x03, 0xFF, 0xF4, 0x0F, 0xFF, 0xD0, 0x3F, 0xFF, 0x40, 0xFF, 0xFD, 0x02, 0xFF, 0xF4, 0x0B, 0xFF,
    0xD0, 0x03, 0xFF, 0x40, 0x0F, 0xFD, 0x00, 0x3F, 0xF4, 0x00, 0xFF, 0xD0, 0x03, 0xFF, 0x40, 0x0F,
    0xFD, 0x00, 0x3F, 0xF4, 0x00, 0xFF, 0xD0, 0x03, 0xFF, 0x40, 0x0F, 0xFD, 0x00, 0x3F, 0xF4, 0x00,
    0xFF, 0xD0, 0x03, 0xFF, 0x40, 0x0F, 0xFD, 0x00, 0x3F, 0xF4, 0x00, 0xFF, 0xD0, 0x03, 0xFF, 0x40,
    0x0F, 0xFD, 0x00, 0x3F, 0xF8, 0x02, 0xFF, 0xD0, 0x03, 0xFF, 0xD0, 0xBF, 0xFD, 0x00, 0x1F, 0xFF,
    0xFF, 0xFF, 0xF9, 0x00, 0xFF, 0xFF, 0xD7, 0xFF, 0xE0, 0x03, 0xFF, 0xF4, 0x7F, 0xFE, 0x00, 0x01,
    0x50, 0x00, 0x00, 0x00, 0x00, 0x00, 0x00, 0x00, 0x00, 0x00, 0x00, 0x0F, 0x40, 0x01, 0xE0, 0x00,
    0x00, 0x0F, 0xE0, 0x0F, 0xE0, 0x00, 0x00, 0x03, 0xFD, 0xBF, 0xC0, 0x00, 0x00, 0x01, 0xFF, 0xFF,
    0x00, 0x00, 0x00, 0x00, 0x7F, 0xFC, 0x00, 0x00, 0x00, 0x00, 0x2F, 0xF0, 0x00, 0x00, 0x00, 0x00,
    0x07, 0xC0, 0x00, 0x00, 0x00, 0x00, 0x00, 0x00, 0x00, 0x00, 0x00, 0x00, 0x6B, 0xE8, 0x1F, 0x00,
    0x00, 0x0B, 0xFF, 0xFF, 0xAF, 0x00, 0x00, 0x7F, 0xFF, 0xFF, 0xFF, 0x40, 0x01, 0xFF, 0xF9, 0x5B,
    0xFF, 0x80, 0x03, 0xFF, 0xC0, 0x00, 0xFF, 0x80, 0x0F, 0xFF, 0x00, 0x00, 0x3F, 0xC0, 0x1F, 0xFD,
    0x00, 0x00, 0x1F, 0xC0, 0x3F, 0xFC, 0x00, 0x00, 0x0F, 0xC0, 0x3F, 0xF8, 0x00, 0x00, 0x06, 0x40,
    0x7F, 0xF4, 0x00, 0x00, 0x00, 0x00, 0x7F, 0xF4, 0x00, 0x00, 0x00, 0x00, 0xBF, 0xF0, 0x00, 0x00,
    0x00, 0x00, 0xBF, 0xF4, 0x00, 0x0A, 0xAA, 0xAA, 0xBF, 0xF4, 0x00, 0x1F, 0xFF, 0xFF, 0x7F, 0xF4,
    0x00, 0x1F, 0xFF, 0xFE, 0x7F, 0xF8, 0x00, 0x00, 0xFF, 0xE0, 0x3F, 0xFC, 0x00, 0x00, 0xBF, 0xD0,
    0x3F, 0xFD, 0x00, 0x00, 0xBF, 0xD0, 0x1F, 0xFF, 0x00, 0x00, 0xBF, 0xD0, 0x0F, 0xFF, 0xC0, 0x00,
    0xFF, 0xD0, 0x07, 0xFF, 0xF9, 0x5B, 0xFF, 0xD0, 0x01, 0xFF, 0xFF, 0xFF, 0xFF, 0xD0, 0x00, 0x7F,
    0xFF, 0xFF, 0xDF, 0xD0, 0x00, 0x0B, 0xFF, 0xFE, 0x0B, 0xD0, 0x00, 0x00, 0x15, 0x40, 0x00, 0x00,
    0x00, 0x90, 0x00, 0x24, 0x00, 0x00, 0x7E, 0x00, 0x3F, 0x00, 0x00, 0x0F, 0xF0, 0x7F, 0x40, 0x00,
    0x00, 0xFF, 0xBF, 0x80, 0x00, 0x00, 0x1F, 0xFF, 0xC0, 0x00, 0x00, 0x02, 0xFF, 0xC0, 0x00, 0x00,
    0x00, 0x3F, 0xD0, 0x01, 0x40, 0x00, 0x02, 0x90, 0x07, 0xFC, 0x00, 0x00, 0x00, 0x03, 0xFF, 0x40,
    0x00, 0x69, 0x42, 0xFF, 0xC0, 0x0B, 0xFF, 0xFF, 0xE2, 0xE0, 0x0F, 0xFF, 0xFF, 0xF8, 0x00, 0x0F,
    0xFE, 0x07, 0xFF, 0x00, 0x07, 0xFF, 0x00, 0xBF, 0xF0, 0x02, 0xFF, 0x80, 0x0F, 0xFC, 0x00, 0xFF,
    0xE0, 0x03, 0xFF, 0x00, 0x2F, 0xF8, 0x00, 0xFF, 0xC0, 0x0B, 0xFF, 0x00, 0xBF, 0xF0, 0x00, 0xFF,
    0xF4, 0x7F, 0xF4, 0x00, 0x1F, 0xFF, 0xFF, 0xF8, 0x00, 0x01, 0xFF, 0xFF, 0xF4, 0x00, 0x01, 0xFD,
    0xAA, 0x40, 0x00, 0x00, 0xFE, 0x00, 0x00, 0x00, 0x00, 0x3F, 0xD0, 0x00, 0x00, 0x00, 0x0F, 0xFF,
    0xFF, 0xFF, 0x90, 0x01, 0xFF, 0xFF, 0xFF, 0xFD, 0x00, 0x1F, 0xFF, 0xFF, 0xFF, 0xC0, 0x2F, 0xFA,
    0xAB, 0xFF, 0xF4, 0x3F, 0xF0, 0x00, 0x2F, 0xFD, 0x1F, 0xF8, 0x00, 0x07, 0xFF, 0x07, 0xFE, 0x00,
    0x02, 0xFF, 0xC1, 0xFF, 0xE0, 0x07, 0xFF, 0xD0, 0x3F, 0xFF, 0xFF, 0xFF, 0xD0, 0x02, 0xFF, 0xFF,
    0xFF, 0x80, 0x00, 0x05, 0xAA, 0xA4, 0x00, 0x00, 0x00, 0x00, 0x6B, 0xF9, 0x00, 0x00, 0x00, 0x0B,
    0xFF, 0xFF, 0xF4, 0x00, 0x00, 0x7F, 0xFF, 0xFF, 0xFE, 0x00, 0x01, 0xFF, 0xF9, 0x6F, 0xFF, 0x80,
    0x03, 0xFF, 0x80, 0x03, 0xFF, 0xD0, 0x0F, 0xFE, 0x00, 0x00, 0xFF, 0xF0, 0x1F, 0xFC, 0x00, 0x00,
    0x7F, 0xF8, 0x3F, 0xFC, 0x00, 0x00, 0x3F, 0xFC, 0x3F, 0xF8, 0x00, 0x00, 0x3F, 0xFC, 0x7F, 0xF4,
    0x00, 0x00, 0x2F, 0xFD, 0x7F, 0xF4, 0x00, 0x00, 0x2F, 0xFD, 0xBF, 0xF4, 0x00, 0x00, 0x1F, 0xFD,
    0xBF, 0xF4, 0x00, 0x00, 0x1F, 0xFD, 0xBF, 0xF4, 0x00, 0x00, 0x1F, 0xFD, 0x7F, 0xF4, 0x00, 0x00,
    0x2F, 0xFC, 0x7F, 0xF8, 0x00, 0x00, 0x2F, 0xFC, 0x3F, 0xFC, 0x00, 0x00, 0x3F, 0xFC, 0x3F, 0xFC,
    0x00, 0x00, 0x3F, 0xF4, 0x1F, 0xFE, 0x00, 0x00, 0x7F, 0xF0, 0x0F, 0xFF, 0x40, 0x00, 0xFF, 0xD0,
    0x07, 0xFF, 0xD0, 0x07, 0xFF, 0x80, 0x01, 0xFF, 0xFF, 0xFF, 0xFE, 0x00, 0x00, 0x7F, 0xFF, 0xFF,
    0xF8, 0x00, 0x00, 0x07, 0xFF, 0xFF, 0x80, 0x00, 0x00, 0x00, 0x16, 0xFC, 0x00, 0x00, 0x00, 0x00,
    0x07, 0xF0, 0x00, 0x00, 0x00, 0x00, 0x1F, 0xD0, 0x00, 0x00, 0x00, 0x00, 0x3F, 0xC0, 0x00, 0x00,
    0x00, 0x00, 0x3F, 0xC0, 0x00, 0x00, 0x00, 0x00, 0x3F, 0xFF, 0x40, 0x00, 0x00, 0x00, 0x3F, 0xFF,
    0x80, 0x00, 0x00, 0x00, 0x0B, 0xF9, 0x00, 0x00, 0x00, 0x00, 0x00, 0x00, 0x00, 0x00, 0x00, 0x01,
    0x69, 0x00, 0x00, 0x01, 0xFF, 0xFF, 0xE0, 0x00, 0x2F, 0xFF, 0xFF, 0xF0, 0x03, 0xFF, 0xD6, 0xFF,
    0xF0, 0x2F, 0xFC, 0x01, 0xFF, 0xE0, 0xFF, 0xD0, 0x02, 0xFF, 0xC7, 0xFF, 0x00, 0x07, 0xFF, 0x6F,
    0xFC, 0x00, 0x0F, 0xFD, 0xBF, 0xF0, 0x00, 0x3F, 0xFB, 0xFF, 0xC0, 0x00, 0xFF, 0xEB, 0xFF, 0x00,
    0x03, 0xFF, 0xAF, 0xFC, 0x00, 0x0F, 0xFD, 0x7F, 0xF4, 0x00, 0x7F, 0xF0, 0xFF, 0xE0, 0x02, 0xFF,
    0xC2, 0xFF, 0xD0, 0x0F, 0xFD, 0x03, 0xFF, 0xE6, 0xFF, 0xE0, 0x03, 0xFF, 0xFF, 0xFE, 0x00, 0x02,
    0xFF, 0xFF, 0x80, 0x00, 0x00, 0x1B, 0xF0, 0x00, 0x00, 0x00, 0x7F, 0x00, 0x00, 0x00, 0x03, 0xF4,
    0x00, 0x00, 0x00, 0x3F, 0xC0, 0x00, 0x00, 0x00, 0xFF, 0x00, 0x00, 0x00, 0x03, 0xFF, 0xF8, 0x00,
    0x00, 0x0F, 0xFF, 0xE0, 0x00, 0x00, 0x0B, 0xF9, 0x00, 0x00, 0x00, 0x00, 0x00, 0x00, 0x00, 0x00,
    0x00, 0x00, 0x01, 0x00, 0x00, 0x00, 0x00, 0x00, 0x0B, 0xF0, 0x00, 0x00, 0x00, 0x00, 0x0B, 0xFC,
    0x00, 0x00, 0x00, 0x00, 0x0B, 0xFF, 0x00, 0x00, 0x00, 0x00, 0x0B, 0xFF, 0x40, 0x00, 0x00, 0x00,
    0x0B, 0xFD, 0x00, 0x00, 0x00, 0x00, 0x03, 0xE0, 0x00, 0x00, 0x00, 0x00, 0x00, 0x00, 0x00, 0x00,
    0x00, 0x00, 0x00, 0x0B, 0xFE, 0x00, 0x00, 0x00, 0x00, 0x0F, 0xFF, 0xF0, 0x00, 0x00, 0x00, 0x0B,
    0xE0, 0xFD, 0x00, 0x00, 0x00, 0x03, 0xF4, 0x3F, 0x40, 0x00, 0x00, 0x00, 0xBD, 0x0F, 0xD0, 0x00,
    0x00, 0x00, 0x1F, 0xDB, 0xF0, 0x00, 0x00, 0x00, 0x02, 0xFF, 0xF0, 0x00, 0x00, 0x00, 0x00, 0xBF,
    0xFC, 0x00, 0x00, 0x00, 0x00, 0x3F, 0xFF, 0x40, 0x00, 0x00, 0x00, 0x1F, 0xFF, 0xE0, 0x00, 0x00,
    0x00, 0x0F, 0xEF, 0xFC, 0x00, 0x00, 0x00, 0x03, 0xF3, 0xFF, 0x40, 0x00, 0x00, 0x01, 0xF8, 0x7F,
    0xF0, 0x00, 0x00, 0x00, 0xFD, 0x0F, 0xFC, 0x00, 0x00, 0x00, 0x3F, 0x03, 0xFF, 0x80, 0x00, 0x00,
    0x2F, 0x80, 0xBF, 0xF0, 0x00, 0x00, 0x0F, 0xD0, 0x0F, 0xFC, 0x00, 0x00, 0x07, 0xF0, 0x03, 0xFF,
    0x80, 0x00, 0x02, 0xF8, 0x00, 0xBF, 0xF0, 0x00, 0x00, 0xFF, 0xFF, 0xFF, 0xFD, 0x00, 0x00, 0x7F,
    0xFF, 0xFF, 0xFF, 0x80, 0x00, 0x2F, 0xFF, 0xFF, 0xFF, 0xF0, 0x00, 0x0F, 0xD0, 0x00, 0x1F, 0xFD,
    0x00, 0x07, 0xF0, 0x00, 0x03, 0xFF, 0x80, 0x03, 0xF8, 0x00, 0x00, 0xBF, 0xF0, 0x01, 0xFD, 0x00,
    0x00, 0x2F, 0xFE, 0x06, 0xFF, 0xE4, 0x00, 0x6F, 0xFF, 0xE7, 0xFF, 0xFF, 0x00, 0x3F, 0xFF, 0xFF,
    0xFF, 0xFF, 0xC0, 0x0F, 0xFF, 0xFF, 0xC0, 0x00, 0x00, 0x14, 0x00, 0x00, 0x00, 0x01, 0xFC, 0x00,
    0x00, 0x00, 0x1F, 0xF4, 0x00, 0x00, 0x02, 0xFF, 0xC0, 0x00, 0x00, 0x2F, 0xFD, 0x00, 0x00, 0x02,
    0xFF, 0x40, 0x00, 0x00, 0x0B, 0x80, 0x00, 0x00, 0x00, 0x00, 0x00, 0x00, 0x00, 0x00, 0x0A, 0xA4,
    0x00, 0x00, 0x02, 0xFF, 0xFC, 0x00, 0x00, 0x0F, 0xC3, 0xF4, 0x00, 0x00, 0xBE, 0x0B, 0xE0, 0x00,
    0x02, 0xF8, 0x2F, 0x80, 0x00, 0x03, 0xF4, 0xFD, 0x00, 0x00, 0x0B, 0xFF, 0xE0, 0x00, 0x00, 0x02,
    0xA4, 0x00, 0x00, 0x00, 0x00, 0x00, 0x00, 0x00, 0x00, 0x5A, 0x50, 0x00, 0x00, 0x2F, 0xFF, 0xF8,
    0x00, 0x07, 0xFE, 0xBF, 0xFC, 0x00, 0x3F, 0x80, 0x3F, 0xF8, 0x01, 0xFF, 0x00, 0x7F, 0xF0, 0x07,
    0xFC, 0x00, 0xFF, 0xC0, 0x0F, 0xE0, 0x03, 0xFF, 0x00, 0x00, 0x00, 0x0F, 0xFC, 0x00, 0x00, 0x05,
    0xBF, 0xF0, 0x00, 0x2F, 0xFF, 0xFF, 0xC0, 0x07, 0xFF, 0xFB, 0xFF, 0x00, 0x3F, 0xF4, 0x0F, 0xFC,
    0x02, 0xFF, 0x80, 0x3F, 0xF0, 0x0B, 0xFD, 0x00, 0xFF, 0xC0, 0x2F, 0xF8, 0x0B, 0xFF, 0x40, 0xBF,
    0xF9, 0xBF, 0xFF, 0xA0, 0xFF, 0xFF, 0xDF, 0xFF, 0xC0, 0xFF, 0xF8, 0x2F, 0xFD, 0x00, 0x15, 0x00,
    0x05, 0x40, 0x00, 0x00, 0x00, 0x00, 0x00, 0x00, 0x80, 0x00, 0x00, 0x00, 0x00, 0x00, 0x00, 0x00,
    0x7F, 0x00, 0x00, 0x00, 0x00, 0x00, 0x00, 0x00, 0x1F, 0xF4, 0x00, 0x00, 0x00, 0x00, 0x00, 0x00,
    0x07, 0xFF, 0x40, 0x00, 0x00, 0x00, 0x00, 0x00, 0x01, 0xFF, 0xD0, 0x00, 0x00, 0x00, 0x00, 0x00,
    0x00, 0xBF, 0xD0, 0x00, 0x00, 0x00, 0x00, 0x00, 0x00, 0x07, 0x80, 0x00, 0x00, 0x00, 0x00, 0x00,
    0x00, 0x00, 0x00, 0x00, 0x00, 0x00, 0x00, 0x00, 0x15, 0x55, 0x55, 0x55, 0x55, 0x54, 0x00, 0x00,
    0x07, 0xFF, 0xFF, 0xFF, 0xFF, 0xFF, 0xE0, 0x00, 0x00, 0x7F, 0xFF, 0xFF, 0xFF, 0xFF, 0xFF, 0x00,
    0x00, 0x00, 0x7F, 0x9B, 0xFF, 0x55, 0x6F, 0xF0, 0x00, 0x00, 0x07, 0xF0, 0x7F, 0xF0, 0x00, 0xBF,
    0x40, 0x00, 0x00, 0xFD, 0x07, 0xFF, 0x00, 0x03, 0xF4, 0x00, 0x00, 0x1F, 0xC0, 0x7F, 0xF0, 0x00,
    0x2F, 0x80, 0x00, 0x03, 0xF8, 0x07, 0xFF, 0x00, 0x00, 0x00, 0x00, 0x00, 0x7F, 0x00, 0x7F, 0xF0,
    0x01, 0x40, 0x00, 0x00, 0x0F, 0xE0, 0x07, 0xFF, 0x00, 0xF8, 0x00, 0x00, 0x01, 0xFC, 0x00, 0x7F,
    0xF0, 0x1F, 0x80, 0x00, 0x00, 0x3F, 0xFF, 0xFF, 0xFF, 0xFF, 0xF8, 0x00, 0x00, 0x07, 0xFF, 0xFF,
    0xFF, 0xFF, 0xFF, 0x80, 0x00, 0x00, 0xFF, 0xFF, 0xFF, 0xFF, 0xFF, 0xF8, 0x00, 0x00, 0x1F, 0xD0,
    0x00, 0x7F, 0xF0, 0x1F, 0x80, 0x00, 0x03, 0xFC, 0x00, 0x07, 0xFF, 0x00, 0xF8, 0x00, 0x00, 0x7F,
    0x40, 0x00, 0x7F, 0xF0, 0x05, 0x00, 0x00, 0x0F, 0xF0, 0x00, 0x07, 0xFF, 0x00, 0x00, 0xFC, 0x00,
    0xFD, 0x00, 0x00, 0x7F, 0xF0, 0x00, 0x0F, 0xC0, 0x2F, 0xC0, 0x00, 0x07, 0xFF, 0x00, 0x02, 0xFC,
    0x07, 0xF8, 0x00, 0x00, 0xBF, 0xF0, 0x00, 0x7F, 0xC6, 0xFF, 0xE4, 0x00, 0x6F, 0xFF, 0xFF, 0xFF,
    0xF8, 0xFF, 0xFF, 0xC0, 0x0F, 0xFF, 0xFF, 0xFF, 0xFF, 0x8F, 0xFF, 0xFC, 0x00, 0xFF, 0xFF, 0xFF,
    0xFF, 0xF4, 0x00, 0x00, 0x00, 0x02, 0x80, 0x00, 0x00, 0x00, 0x00, 0x00, 0x1F, 0xC0, 0x00, 0x00,
    0x00, 0x00, 0x00, 0xFF, 0x40, 0x00, 0x00, 0x00, 0x00, 0x0F, 0xFC, 0x00, 0x00, 0x00, 0x00, 0x00,
    0xBF, 0xC0, 0x00, 0x00, 0x00, 0x00, 0x07, 0xF8, 0x00, 0x00, 0x00, 0x00, 0x00, 0x3F, 0x00, 0x00,
    0x00, 0x00, 0x00, 0x00, 0x60, 0x00, 0x00, 0x00, 0x00, 0x00, 0x00, 0x00, 0x00, 0x00, 0x00, 0x00,
    0x5A, 0x40, 0x00, 0x69, 0x00, 0x00, 0x2F, 0xFF, 0xF4, 0x7F, 0xFF, 0xD0, 0x07, 0xFE, 0xBF, 0xFF,
    0xFF, 0xFF, 0xD0, 0x3F, 0x80, 0x3F, 0xFF, 0xC0, 0xFF, 0xC1, 0xFF, 0x00, 0x7F, 0xFC, 0x01, 0xFF,
    0x87, 0xFC, 0x00, 0xFF, 0xE0, 0x03, 0xFF, 0x0F, 0xE0, 0x03, 0xFF, 0x40, 0x0F, 0xFC, 0x00, 0x00,
    0x0F, 0xFE, 0x55, 0x7F, 0xF0, 0x00, 0x15, 0xBF, 0xFF, 0xFF, 0xFF, 0xC0, 0x2F, 0xFF, 0xFF, 0xFF,
    0xFF, 0xFF, 0x07, 0xFF, 0xFB, 0xFF, 0x40, 0x00, 0x00, 0x3F, 0xF4, 0x0F, 0xFD, 0x00, 0x00, 0x02,
    0xFF, 0x80, 0x3F, 0xFC, 0x00, 0x00, 0x0B, 0xFD, 0x00, 0xFF, 0xF8, 0x00, 0x1D, 0x2F, 0xF8, 0x0B,
    0xFF, 0xFD, 0x5B, 0xFC, 0xBF, 0xF9, 0xBF, 0xFF, 0xFF, 0xFF, 0xE0, 0xFF, 0xFF, 0xF1, 0xFF, 0xFF,
    0xFD, 0x00, 0xFF, 0xFE, 0x00, 0xBF, 0xFF, 0x80, 0x00, 0x15, 0x40, 0x00, 0x15, 0x50, 0x00, 0x00,
    0x00, 0x00, 0x01, 0x40, 0x00, 0x00, 0x00, 0x00, 0x03, 0xF8, 0x00, 0x00, 0x00, 0x00, 0x03, 0xFF,
    0x00, 0x00, 0x00, 0x00, 0x03, 0xFF, 0x80, 0x00, 0x00, 0x00, 0x03, 0xFF, 0x80, 0x00, 0x00, 0x00,
    0x03, 0xFE, 0x00, 0x00, 0x00, 0x00, 0x00, 0xF4, 0x00, 0x00, 0x00, 0x00, 0x00, 0x00, 0x00, 0x00,
    0x00, 0x00, 0x00, 0x1A, 0xFE, 0x40, 0x3F, 0x80, 0x00, 0xBF, 0xFF, 0xFF, 0x7F, 0xC0, 0x01, 0xFF,
    0xFF, 0xFF, 0xFF, 0xC0, 0x01, 0xFF, 0xF9, 0x6F, 0xFF, 0xC0, 0x00, 0xFF, 0xE0, 0x00, 0xFF, 0xF4,
    0x00, 0xFF, 0xE0, 0x00, 0x1F, 0xFF, 0x00, 0x7F, 0xF0, 0x00, 0x0F, 0xFF, 0xE0, 0x3F, 0xFC, 0x00,
    0x0F, 0xFF, 0xFC, 0x0F, 0xFE, 0x00, 0x0B, 0xFF, 0xFF, 0x07, 0xFF, 0x40, 0x0B, 0xF2, 0xFF, 0xD1,
    0xFF, 0xD0, 0x07, 0xF4, 0xBF, 0xF4, 0xBF, 0xF4, 0x03, 0xF4, 0x1F, 0xFD, 0x2F, 0xFD, 0x03, 0xF8,
    0x07, 0xFF, 0x4B, 0xFF, 0x43, 0xFC, 0x01, 0xFF, 0xD1, 0xFF, 0xD2, 0xFC, 0x00, 0xBF, 0xF0, 0x7F,
    0xFA, 0xFC, 0x00, 0x2F, 0xFC, 0x0F, 0xFF, 0xFD, 0x00, 0x0F, 0xFF, 0x03, 0xFF, 0xFD, 0x00, 0x03,
    0xFF, 0x40, 0x7F, 0xFE, 0x00, 0x01, 0xFF, 0xC0, 0x0F, 0xFF, 0x40, 0x00, 0xFF, 0xD0, 0x01, 0xFF,
    0xF8, 0x01, 0xFF, 0xE0, 0x00, 0xBF, 0xFF, 0xFF, 0xFF, 0xE0, 0x00, 0x7F, 0xFF, 0xFF, 0xFF, 0xE0,
    0x00, 0x3F, 0x47, 0xFF, 0xFF, 0x80, 0x00, 0x15, 0x40, 0x05, 0x54, 0x00, 0x00, 0x00, 0x00, 0x00,
    0x00, 0xA0, 0x00, 0x00, 0x00, 0x03, 0xF8, 0x00, 0x00, 0x00, 0x07, 0xFC, 0x00, 0x00, 0x00, 0x0F,
    0xFC, 0x00, 0x00, 0x00, 0x3F, 0xE0, 0x00, 0x00, 0x00, 0xBF, 0x40, 0x00, 0x00, 0x00, 0xF8, 0x00,
    0x00, 0x00, 0x00, 0x50, 0x00, 0x00, 0x00, 0x00, 0x00, 0x00, 0x00, 0x00, 0x00, 0x59, 0x40, 0xBC,
    0x00, 0x1F, 0xFF, 0xFF, 0xF8, 0x00, 0xBF, 0xFF, 0xFF, 0xE0, 0x03, 0xFF, 0xD6, 0xFF, 0xF0, 0x0B,
    0xFF, 0x00, 0x7F, 0xF8, 0x0F, 0xFD, 0x00, 0xFF, 0xFC, 0x1F, 0xFC, 0x03, 0xFF, 0xFD, 0x2F, 0xFC,
    0x0B, 0xFF, 0xFD, 0x2F, 0xFC, 0x2F, 0x8F, 0xFE, 0x3F, 0xFC, 0x7F, 0x0F, 0xFE, 0x2F, 0xFD, 0xFC,
    0x0F, 0xFE, 0x2F, 0xFF, 0xF0, 0x0F, 0xFD, 0x1F, 0xFF, 0xC0, 0x1F, 0xFC, 0x0F, 0xFF, 0x40, 0x2F,
    0xFC, 0x0B, 0xFF, 0x40, 0x3F, 0xF4, 0x03, 0xFF, 0xE6, 0xFF, 0xE0, 0x07, 0xFF, 0xFF, 0xFF, 0x80,
    0x1F, 0xDF, 0xFF, 0xF8, 0x00, 0x2A, 0x00, 0x55, 0x40, 0x00, 0x00, 0x00, 0x00, 0x00, 0x00, 0x00,
    0x00, 0x14, 0x01, 0xF0, 0x00, 0x00, 0x00, 0x2F, 0x80, 0xFF, 0x00, 0x00, 0x00, 0x0F, 0xF8, 0x3F,
    0xE0, 0x00, 0x00, 0x02, 0xFF, 0x8B, 0xFD, 0x00, 0x00, 0x00, 0x2F, 0xF8, 0x7F, 0xD0, 0x00, 0x00,
    0x00, 0x7F, 0x82, 0xFC, 0x00, 0x00, 0x00, 0x01, 0xD0, 0x0A, 0x00, 0x00, 0x00, 0x00, 0x00, 0x00,
    0x00, 0x00, 0x00, 0x00, 0x01, 0x55, 0x00, 0x00, 0x00, 0x00, 0x01, 0xFF, 0xE0, 0x00, 0x00, 0x00,
    0x00, 0xBF, 0xFC, 0x00, 0x00, 0x00, 0x00, 0x3F, 0xFF, 0x40, 0x00, 0x00, 0x00, 0x1F, 0xFF, 0xE0,
    0x00, 0x00, 0x00, 0x0F, 0xEF, 0xFC, 0x00, 0x00, 0x00, 0x03, 0xF3, 0xFF, 0x40, 0x00, 0x00, 0x01,
    0xF8, 0x7F, 0xF0, 0x00, 0x00, 0x00, 0xFD, 0x0F, 0xFC, 0x00, 0x00, 0x00, 0x3F, 0x03, 0xFF, 0x80,
    0x00, 0x00, 0x2F, 0x80, 0xBF, 0xF0, 0x00, 0x00, 0x0F, 0xD0, 0x0F, 0xFC, 0x00, 0x00, 0x07, 0xF0,
    0x03, 0xFF, 0x80, 0x00, 0x02, 0xF8, 0x00, 0xBF, 0xF0, 0x00, 0x00, 0xFF, 0xFF, 0xFF, 0xFD, 0x00,
    0x00, 0x7F, 0xFF, 0xFF, 0xFF, 0x80, 0x00, 0x2F, 0xFF, 0xFF, 0xFF, 0xF0, 0x00, 0x0F, 0xD0, 0x00,
    0x1F, 0xFD, 0x00, 0x07, 0xF0, 0x00, 0x03, 0xFF, 0x80, 0x03, 0xF8, 0x00, 0x00, 0xBF, 0xF0, 0x01,
    0xFD, 0x00, 0x00, 0x2F, 0xFE, 0x06, 0xFF, 0xE4, 0x00, 0x6F, 0xFF, 0xE7, 0xFF, 0xFF, 0x00, 0x3F,
    0xFF, 0xFF, 0xFF, 0xFF, 0xC0, 0x0F, 0xFF, 0xFF, 0xC0, 0x18, 0x01, 0x90, 0x00, 0x00, 0x7F, 0x03,
    0xF0, 0x00, 0x00, 0xBF, 0x87, 0xFC, 0x00, 0x00, 0x7F, 0xD3, 0xFD, 0x00, 0x00, 0x1F, 0xF0, 0xFF,
    0x00, 0x00, 0x03, 0xFC, 0x2F, 0x80, 0x00, 0x00, 0xBD, 0x07, 0xD0, 0x00, 0x00, 0x18, 0x00, 0x80,
    0x00, 0x00, 0x00, 0x00, 0x00, 0x00, 0x00, 0x05, 0xA5, 0x00, 0x00, 0x00, 0xBF, 0xFF, 0xE0, 0x00,
    0x07, 0xFE, 0xBF, 0xFC, 0x00, 0x0F, 0xE0, 0x0F, 0xFE, 0x00, 0x1F, 0xF0, 0x07, 0xFF, 0x00, 0x1F,
    0xF0, 0x03, 0xFF, 0x00, 0x0F, 0xE0, 0x03, 0xFF, 0x00, 0x00, 0x00, 0x03, 0xFF, 0x00, 0x00, 0x00,
    0x5B, 0xFF, 0x00, 0x00, 0xBF, 0xFF, 0xFF, 0x00, 0x07, 0xFF, 0xFB, 0xFF, 0x00, 0x0F, 0xFD, 0x03,
    0xFF, 0x00, 0x2F, 0xF8, 0x03, 0xFF, 0x00, 0x2F, 0xF4, 0x03, 0xFF, 0x00, 0x2F, 0xF8, 0x0B, 0xFF,
    0x40, 0x2F, 0xFE, 0x6F, 0xFF, 0xE8, 0x0F, 0xFF, 0xFD, 0xFF, 0xFC, 0x03, 0xFF, 0xE0, 0xBF, 0xF4,
    0x00, 0x15, 0x00, 0x05, 0x40, 0x00, 0x00, 0x06, 0xE8, 0x00, 0x00, 0x00, 0x00, 0x0F, 0xFF, 0xD0,
    0x00, 0x00, 0x00, 0x0F, 0xFF, 0xFD, 0x00, 0x00, 0x00, 0x0B, 0xFF, 0xFF, 0xC0, 0x00, 0x00, 0x03,
    0xF4, 0x03, 0xF0, 0x00, 0x00, 0x00, 0xF0, 0x00, 0x3D, 0x00, 0x00, 0x00, 0x38, 0x00, 0x0B, 0x40,
    0x00, 0x00, 0x00, 0x00, 0x00, 0x00, 0x00, 0x00, 0x00, 0x05, 0x54, 0x00, 0x00, 0x00, 0x00, 0x07,
    0xFF, 0x80, 0x00, 0x00, 0x00, 0x02, 0xFF, 0xF0, 0x00, 0x00, 0x00, 0x00, 0xFF, 0xFD, 0x00, 0x00,
    0x00, 0x00, 0x7F, 0xFF, 0x80, 0x00, 0x00, 0x00, 0x3F, 0xBF, 0xF0, 0x00, 0x00, 0x00, 0x0F, 0xCF,
    0xFD, 0x00, 0x00, 0x00, 0x07, 0xE1, 0xFF, 0xC0, 0x00, 0x00, 0x03, 0xF4, 0x3F, 0xF0, 0x00, 0x00,
    0x00, 0xFC, 0x0F, 0xFE, 0x00, 0x00, 0x00, 0xBE, 0x02, 0xFF, 0xC0, 0x00, 0x00, 0x3F, 0x40, 0x3F,
    0xF0, 0x00, 0x00, 0x1F, 0xC0, 0x0F, 0xFE, 0x00, 0x00, 0x0B, 0xE0, 0x02, 0xFF, 0xC0, 0x00, 0x03,
    0xFF, 0xFF, 0xFF, 0xF4, 0x00, 0x01, 0xFF, 0xFF, 0xFF, 0xFE, 0x00, 0x00, 0xBF, 0xFF, 0xFF, 0xFF,
    0xC0, 0x00, 0x3F, 0x40, 0x00, 0x7F, 0xF4, 0x00, 0x1F, 0xC0, 0x00, 0x0F, 0xFE, 0x00, 0x0F, 0xE0,
    0x00, 0x02, 0xFF, 0xC0, 0x07, 0xF4, 0x00, 0x00, 0xBF, 0xF8, 0x1B, 0xFF, 0x90, 0x01, 0xBF, 0xFF,
    0x9F, 0xFF, 0xFC, 0x00, 0xFF, 0xFF, 0xFF, 0xFF, 0xFF, 0x00, 0x3F, 0xFF, 0xFF, 0x00, 0x00, 0x00,
    0x00, 0x00, 0x00, 0xBF, 0xF0, 0x00, 0x00, 0x0F, 0xFF, 0xF0, 0x00, 0x00, 0xBF, 0xFF, 0xF0, 0x00,
    0x03, 0xF9, 0x6F, 0xD0, 0x00, 0x1F, 0x40, 0x0F, 0x80, 0x00, 0xB8, 0x00, 0x1F, 0x00, 0x01, 0x80,
    0x00, 0x24, 0x00, 0x00, 0x00, 0x00, 0x00, 0x00, 0x00, 0x5A, 0x50, 0x00, 0x00, 0x2F, 0xFF, 0xF8,
    0x00, 0x07, 0xFE, 0xBF, 0xFC, 0x00, 0x3F, 0x80, 0x3F, 0xF8, 0x01, 0xFF, 0x00, 0x7F, 0xF0, 0x07,
    0xFC, 0x00, 0xFF, 0xC0, 0x0F, 0xE0, 0x03, 0xFF, 0x00, 0x00, 0x00, 0x0F, 0xFC, 0x00, 0x00, 0x05,
    0xBF, 0xF0, 0x00, 0x2F, 0xFF, 0xFF, 0xC0, 0x07, 0xFF, 0xFB, 0xFF, 0x00, 0x3F, 0xF4, 0x0F, 0xFC,
    0x02, 0xFF, 0x80, 0x3F, 0xF0, 0x0B, 0xFD, 0x00, 0xFF, 0xC0, 0x2F, 0xF8, 0x0B, 0xFF, 0x40, 0xBF,
    0xF9, 0xBF, 0xFF, 0xA0, 0xFF, 0xFF, 0xDF, 0xFF, 0xC0, 0xFF, 0xF8, 0x2F, 0xFD, 0x00, 0x15, 0x00,
    0x05, 0x40, 0x00, 0x00, 0x00, 0x00, 0x00, 0x08, 0x00, 0xF8, 0x00, 0x00, 0x3F, 0x42, 0xFD, 0x00,
    0x00, 0x7F, 0xD2, 0xFF, 0x00, 0x00, 0x3F, 0xF4, 0xFF, 0xC0, 0x00, 0x0F, 0xFD, 0x2F, 0xF0, 0x00,
    0x00, 0xBF, 0x03, 0xF8, 0x00, 0x00, 0x0B, 0x00, 0x70, 0x00, 0x00, 0x00, 0x00, 0x00, 0x00, 0x15,
    0x55, 0x55, 0x55, 0x50, 0x7F, 0xFF, 0xFF, 0xFF, 0xF4, 0x7F, 0xFF, 0xFF, 0xFF, 0xF8, 0x07, 0xFF,
    0xD5, 0x6F, 0xF8, 0x03, 0xFF, 0x80, 0x03, 0xFC, 0x03, 0xFF, 0x80, 0x01, 0xFC, 0x03, 0xFF, 0x80,
    0x00, 0xFC, 0x03, 0xFF, 0x80, 0x00, 0x00, 0x03, 0xFF, 0x80, 0x3C, 0x00, 0x03, 0xFF, 0x80, 0x7C,
    0x00, 0x03, 0xFF, 0xC1, 0xFC, 0x00, 0x03, 0xFF, 0xFF, 0xFC, 0x00, 0x03, 0xFF, 0xFF, 0xFC, 0x00,
    0x03, 0xFF, 0xEA, 0xFC, 0x00, 0x03, 0xFF, 0x80, 0x7C, 0x00, 0x03, 0xFF, 0x80, 0x3C, 0x00, 0x03,
    0xFF, 0x80, 0x00, 0x00, 0x03, 0xFF, 0x80, 0x00, 0x7F, 0x03, 0xFF, 0x80, 0x00, 0xBE, 0x03, 0xFF,
    0x80, 0x00, 0xFE, 0x03, 0xFF, 0x80, 0x02, 0xFD, 0x2F, 0xFF, 0xFF, 0xFF, 0xFD, 0x7F, 0xFF, 0xFF,
    0xFF, 0xFC, 0x7F, 0xFF, 0xFF, 0xFF, 0xFC, 0x18, 0x01, 0x90, 0x00, 0x1F, 0xC0, 0xFC, 0x00, 0x0B,
    0xF8, 0x7F, 0xC0, 0x01, 0xFF, 0x4F, 0xF4, 0x00, 0x1F, 0xF0, 0xFF, 0x00, 0x00, 0xFE, 0x0B, 0xE0,
    0x00, 0x0B, 0xD0, 0x7C, 0x00, 0x00, 0x60, 0x06, 0x00, 0x00, 0x00, 0x00, 0x00, 0x00, 0x00, 0x59,
    0x40, 0x00, 0x07, 0xFF, 0xFE, 0x00, 0x0B, 0xFF, 0xFF, 0xF0, 0x0B, 0xFD, 0x07, 0xFE, 0x07, 0xFE,
    0x00, 0xBF, 0xC3, 0xFF, 0x00, 0x2F, 0xF5, 0xFF, 0xC0, 0x0B, 0xFE, 0xBF, 0xF5, 0x57, 0xFF, 0xAF,
    0xFF, 0xFF, 0xFF, 0xDF, 0xFF, 0xFF, 0xFF, 0xF6, 0xFF, 0xC0, 0x00, 0x00, 0xBF, 0xF0, 0x00, 0x00,
    0x1F, 0xFD, 0x00, 0x00, 0x03, 0xFF, 0xC0, 0x00, 0xB0, 0xBF, 0xFE, 0x56, 0xFE, 0x0F, 0xFF, 0xFF,
    0xFF, 0x00, 0xFF, 0xFF, 0xFF, 0x00, 0x0B, 0xFF, 0xFD, 0x00, 0x00, 0x05, 0x50, 0x00, 0x00, 0x00,
    0xBE, 0x40, 0x00, 0x00, 0x0B, 0xFF, 0xF0, 0x00, 0x00, 0x1F, 0xFF, 0xFC, 0x00, 0x00, 0x3F, 0xFF,
    0xFD, 0x00, 0x00, 0x7E, 0x00, 0x7E, 0x00, 0x00, 0xBC, 0x00, 0x2F, 0x00, 0x00, 0xB4, 0x00, 0x0F,
    0x00, 0x00, 0x00, 0x00, 0x00, 0x00, 0x15, 0x55, 0x55, 0x55, 0x50, 0x7F, 0xFF, 0xFF, 0xFF, 0xF4,
    0x7F, 0xFF, 0xFF, 0xFF, 0xF8, 0x07, 0xFF, 0xD5, 0x6F, 0xF8, 0x03, 0xFF, 0x80, 0x03, 0xFC, 0x03,
    0xFF, 0x80, 0x01, 0xFC, 0x03, 0xFF, 0x80, 0x00, 0xFC, 0x03, 0xFF, 0x80, 0x00, 0x00, 0x03, 0xFF,
    0x80, 0x3C, 0x00, 0x03, 0xFF, 0x80, 0x7C, 0x00, 0x03, 0xFF, 0xC1, 0xFC, 0x00, 0x03, 0xFF, 0xFF,
    0xFC, 0x00, 0x03, 0xFF, 0xFF, 0xFC, 0x00, 0x03, 0xFF, 0xEA, 0xFC, 0x00, 0x03, 0xFF, 0x80, 0x7C,
    0x00, 0x03, 0xFF, 0x80, 0x3C, 0x00, 0x03, 0xFF, 0x80, 0x00, 0x00, 0x03, 0xFF, 0x80, 0x00, 0x7F,
    0x03, 0xFF, 0x80, 0x00, 0xBE, 0x03, 0xFF, 0x80, 0x00, 0xFE, 0x03, 0xFF, 0x80, 0x02, 0xFD, 0x2F,
    0xFF, 0xFF, 0xFF, 0xFD, 0x7F, 0xFF, 0xFF, 0xFF, 0xFC, 0x7F, 0xFF, 0xFF, 0xFF, 0xFC, 0x00, 0x00,
    0x00, 0x00, 0x00, 0x02, 0xFF, 0xC0, 0x00, 0x03, 0xFF, 0xFC, 0x00, 0x02, 0xFF, 0xFF, 0xC0, 0x00,
    0xFE, 0x5B, 0xF0, 0x00, 0x7C, 0x00, 0x3E, 0x00, 0x2E, 0x00, 0x0B, 0x80, 0x06, 0x00, 0x00, 0x90,
    0x00, 0x00, 0x00, 0x00, 0x00, 0x00, 0x59, 0x40, 0x00, 0x07, 0xFF, 0xFE, 0x00, 0x0B, 0xFF, 0xFF,
    0xF0, 0x0B, 0xFD, 0x07, 0xFE, 0x07, 0xFE, 0x00, 0xBF, 0xC3, 0xFF, 0x00, 0x2F, 0xF5, 0xFF, 0xC0,
    0x0B, 0xFE, 0xBF, 0xF5, 0x57, 0xFF, 0xAF, 0xFF, 0xFF, 0xFF, 0xDF, 0xFF, 0xFF, 0xFF, 0xF6, 0xFF,
    0xC0, 0x00, 0x00, 0xBF, 0xF0, 0x00, 0x00, 0x1F, 0xFD, 0x00, 0x00, 0x03, 0xFF, 0xC0, 0x00, 0xB0,
    0xBF, 0xFE, 0x56, 0xFE, 0x0F, 0xFF, 0xFF, 0xFF, 0x00, 0xFF, 0xFF, 0xFF, 0x00, 0x0B, 0xFF, 0xFD,
    0x00, 0x00, 0x05, 0x50, 0x00, 0x00, 0x00, 0x00, 0x00, 0x18, 0x00, 0xF4, 0x00, 0x7F, 0x02, 0xFC,
    0x00, 0xBF, 0xC2, 0xFF, 0x00, 0x7F, 0xF0, 0xFF, 0xC0, 0x1F, 0xFC, 0x2F, 0xE0, 0x01, 0xFF, 0x07,
    0xF4, 0x00, 0x0A, 0x00, 0xB0, 0x00, 0x00, 0x00, 0x00, 0x00, 0x15, 0x55, 0x54, 0x00, 0x7F, 0xFF,
    0xFD, 0x00, 0x7F, 0xFF, 0xFD, 0x00, 0x07, 0xFF, 0xD0, 0x00, 0x03, 0xFF, 0xC0, 0x00, 0x03, 0xFF,
    0x80, 0x00, 0x03, 0xFF, 0x80, 0x00, 0x03, 0xFF, 0x80, 0x00, 0x03, 0xFF, 0x80, 0x00, 0x03, 0xFF,
    0x80, 0x00, 0x03, 0xFF, 0x80, 0x00, 0x03, 0xFF, 0x80, 0x00, 0x03, 0xFF, 0x80, 0x00, 0x03, 0xFF,
    0x80, 0x00, 0x03, 0xFF, 0x80, 0x00, 0x03, 0xFF, 0x80, 0x00, 0x03, 0xFF, 0x80, 0x00, 0x03, 0xFF,
    0x80, 0x00, 0x03, 0xFF, 0x80, 0x00, 0x03, 0xFF, 0x80, 0x00, 0x03, 0xFF, 0xC0, 0x00, 0x2F, 0xFF,
    0xE8, 0x00, 0x7F, 0xFF, 0xFD, 0x00, 0x7F, 0xFF, 0xFD, 0x18, 0x01, 0x90, 0x00, 0x7F, 0x03, 0xF0,
    0x00, 0xBF, 0x87, 0xFC, 0x00, 0x7F, 0xD3, 0xFD, 0x00, 0x1F, 0xF0, 0xFF, 0x00, 0x03, 0xF8, 0x2F,
    0x80, 0x00, 0xBD, 0x07, 0xC0, 0x00, 0x18, 0x01, 0x80, 0x00, 0x00, 0x00, 0x00, 0x00, 0x00, 0x00,
    0x00, 0x00, 0x2F, 0xFF, 0xC0, 0x00, 0x3F, 0xFF, 0xC0, 0x00, 0x2F, 0xFF, 0xC0, 0x00, 0x02, 0xFF,
    0xC0, 0x00, 0x01, 0xFF, 0xC0, 0x00, 0x01, 0xFF, 0xC0, 0x00, 0x01, 0xFF, 0xC0, 0x00, 0x01, 0xFF,
    0xC0, 0x00, 0x01, 0xFF, 0xC0, 0x00, 0x01, 0xFF, 0xC0, 0x00, 0x01, 0xFF, 0xC0, 0x00, 0x01, 0xFF,
    0xC0, 0x00, 0x01, 0xFF, 0xC0, 0x00, 0x01, 0xFF, 0xC0, 0x00, 0x1B, 0xFF, 0xE4, 0x00, 0x3F, 0xFF,
    0xFD, 0x00, 0x3F, 0xFF, 0xFD, 0x00, 0x6F, 0x90, 0x00, 0xBF, 0xFE, 0x00, 0xBF, 0xFF, 0xE0, 0x3F,
    0xFF, 0xFC, 0x2F, 0x80, 0x2F, 0x8F, 0x80, 0x02, 0xF2, 0xC0, 0x00, 0x38, 0x00, 0x00, 0x00, 0x05,
    0x55, 0x55, 0x07, 0xFF, 0xFF, 0xD1, 0xFF, 0xFF, 0xF4, 0x07, 0xFF, 0xD0, 0x00, 0xFF, 0xF0, 0x00,
    0x3F, 0xF8, 0x00, 0x0F, 0xFE, 0x00, 0x03, 0xFF, 0x80, 0x00, 0xFF, 0xE0, 0x00, 0x3F, 0xF8, 0x00,
    0x0F, 0xFE, 0x00, 0x03, 0xFF, 0x80, 0x00, 0xFF, 0xE0, 0x00, 0x3F, 0xF8, 0x00, 0x0F, 0xFE, 0x00,
    0x03, 0xFF, 0x80, 0x00, 0xFF, 0xE0, 0x00, 0x3F, 0xF8, 0x00, 0x0F, 0xFE, 0x00, 0x03, 0xFF, 0x80,
    0x00, 0xFF, 0xF0, 0x02, 0xFF, 0xFE, 0x81, 0xFF, 0xFF, 0xF4, 0x7F, 0xFF, 0xFD, 0x00, 0x00, 0x00,
    0x00, 0xBF, 0xF0, 0x00, 0xFF, 0xFF, 0x00, 0xBF, 0xFF, 0xF0, 0x3F, 0x96, 0xFD, 0x1F, 0x00, 0x0F,
    0x8B, 0x80, 0x01, 0xF1, 0x80, 0x00, 0x24, 0x00, 0x00, 0x00, 0x00, 0x00, 0x00, 0x00, 0xBF, 0xFF,
    0x00, 0x3F, 0xFF, 0xC0, 0x0B, 0xFF, 0xF0, 0x00, 0x2F, 0xFC, 0x00, 0x07, 0xFF, 0x00, 0x01, 0xFF,
    0xC0, 0x00, 0x7F, 0xF0, 0x00, 0x1F, 0xFC, 0x00, 0x07, 0xFF, 0x00, 0x01, 0xFF, 0xC0, 0x00, 0x7F,
    0xF0, 0x00, 0x1F, 0xFC, 0x00, 0x07, 0xFF, 0x00, 0x01, 0xFF, 0xC0, 0x06, 0xFF, 0xF9, 0x03, 0xFF,
    0xFF, 0xD0, 0xFF, 0xFF, 0xF4, 0x00, 0x00, 0x00, 0x00, 0x00, 0x00, 0x01, 0x80, 0x0F, 0x40, 0x00,
    0x00, 0x07, 0xF0, 0x2F, 0xD0, 0x00, 0x00, 0x0B, 0xFC, 0x2F, 0xF0, 0x00, 0x00, 0x03, 0xFF, 0x0F,
    0xFC, 0x00, 0x00, 0x01, 0xFF, 0xC2, 0xFE, 0x00, 0x00, 0x00, 0x1F, 0xF0, 0x7F, 0x40, 0x00, 0x00,
    0x00, 0xA0, 0x07, 0x00, 0x00, 0x00, 0x00, 0x00, 0x00, 0x00, 0x00, 0x00, 0x00, 0x6B, 0xF9, 0x00,
    0x00, 0x00, 0x0B, 0xFF, 0xFF, 0xF4, 0x00, 0x00, 0x7F, 0xFF, 0xFF, 0xFE, 0x00, 0x01, 0xFF, 0xF9,
    0x6F, 0xFF, 0x80, 0x03, 0xFF, 0x80, 0x03, 0xFF, 0xD0, 0x0F, 0xFE, 0x00, 0x00, 0xFF, 0xF0, 0x1F,
    0xFC, 0x00, 0x00, 0x7F, 0xF8, 0x3F, 0xFC, 0x00, 0x00, 0x3F, 0xFC, 0x3F, 0xF8, 0x00, 0x00, 0x3F,
    0xFC, 0x7F, 0xF4, 0x00, 0x00, 0x2F, 0xFD, 0x7F, 0xF4, 0x00, 0x00, 0x2F, 0xFD, 0xBF, 0xF4, 0x00,
    0x00, 0x1F, 0xFD, 0xBF, 0xF4, 0x00, 0x00, 0x1F, 0xFD, 0xBF, 0xF4, 0x00, 0x00, 0x1F, 0xFD, 0x7F,
    0xF4, 0x00, 0x00, 0x2F, 0xFC, 0x7F, 0xF8, 0x00, 0x00, 0x2F, 0xFC, 0x3F, 0xFC, 0x00, 0x00, 0x3F,
    0xFC, 0x3F, 0xFC, 0x00, 0x00, 0x3F, 0xF4, 0x1F, 0xFE, 0x00, 0x00, 0x7F, 0xF0, 0x0F, 0xFF, 0x40,
    0x00, 0xFF, 0xD0, 0x07, 0xFF, 0xD0, 0x07, 0xFF, 0x80, 0x01, 0xFF, 0xFF, 0xFF, 0xFE, 0x00, 0x00,
    0x7F, 0xFF, 0xFF, 0xF8, 0x00, 0x00, 0x07, 0xFF, 0xFF, 0x80, 0x00, 0x00, 0x00, 0x15, 0x50, 0x00,
    0x00, 0x09, 0x00, 0xA0, 0x00, 0x00, 0xFD, 0x0F, 0xE0, 0x00, 0x03, 0xFC, 0x3F, 0xC0, 0x00, 0x0F,
    0xFC, 0xBF, 0xC0, 0x00, 0x0F, 0xF4, 0xBF, 0x40, 0x00, 0x0B, 0xF0, 0x7F, 0x00, 0x00, 0x07, 0xE0,
    0x3E, 0x00, 0x00, 0x02, 0x00, 0x20, 0x00, 0x00, 0x00, 0x00, 0x00, 0x00, 0x00, 0x05, 0xA4, 0x00,
    0x00, 0x07, 0xFF, 0xFF, 0x80, 0x00, 0xBF, 0xFF, 0xFF, 0xC0, 0x0F, 0xFF, 0x5B, 0xFF, 0xC0, 0xBF,
    0xF0, 0x07, 0xFF, 0x83, 0xFF, 0x40, 0x0B, 0xFF, 0x1F, 0xFC, 0x00, 0x1F, 0xFD, 0xBF, 0xF0, 0x00,
    0x3F, 0xF6, 0xFF, 0xC0, 0x00, 0xFF, 0xEF, 0xFF, 0x00, 0x03, 0xFF, 0xAF, 0xFC, 0x00, 0x0F, 0xFE,
    0xBF, 0xF0, 0x00, 0x3F, 0xF5, 0xFF, 0xD0, 0x01, 0xFF, 0xC3, 0xFF, 0x80, 0x0B, 0xFF, 0x0B, 0xFF,
    0x40, 0x3F, 0xF4, 0x0F, 0xFF, 0x9B, 0xFF, 0x80, 0x0F, 0xFF, 0xFF, 0xF8, 0x00, 0x0B, 0xFF, 0xFE,
    0x00, 0x00, 0x00, 0x55, 0x40, 0x00, 0x00, 0x00, 0x1B, 0xE4, 0x00, 0x00, 0x00, 0x00, 0xBF, 0xFE,
    0x00, 0x00, 0x00, 0x02, 0xFF, 0xFF, 0x80, 0x00, 0x00, 0x03, 0xFF, 0xFF, 0xC0, 0x00, 0x00, 0x0B,
    0xE0, 0x0B, 0xE0, 0x00, 0x00, 0x0F, 0x80, 0x02, 0xF0, 0x00, 0x00, 0x0B, 0x00, 0x00, 0xE0, 0x00,
    0x00, 0x00, 0x00, 0x00, 0x00, 0x00, 0x00, 0x00, 0x6B, 0xF9, 0x00, 0x00, 0x00, 0x0B, 0xFF, 0xFF,
    0xF4, 0x00, 0x00, 0x7F, 0xFF, 0xFF, 0xFE, 0x00, 0x01, 0xFF, 0xF9, 0x6F, 0xFF, 0x80, 0x03, 0xFF,
    0x80, 0x03, 0xFF, 0xD0, 0x0F, 0xFE, 0x00, 0x00, 0xFF, 0xF0, 0x1F, 0xFC, 0x00, 0x00, 0x7F, 0xF8,
    0x3F, 0xFC, 0x00, 0x00, 0x3F, 0xFC, 0x3F, 0xF8, 0x00, 0x00, 0x3F, 0xFC, 0x7F, 0xF4, 0x00, 0x00,
    0x2F, 0xFD, 0x7F, 0xF4, 0x00, 0x00, 0x2F, 0xFD, 0xBF, 0xF4, 0x00, 0x00, 0x1F, 0xFD, 0xBF, 0xF4,
    0x00, 0x00, 0x1F, 0xFD, 0xBF, 0xF4, 0x00, 0x00, 0x1F, 0xFD, 0x7F, 0xF4, 0x00, 0x00, 0x2F, 0xFC,
    0x7F, 0xF8, 0x00, 0x00, 0x2F, 0xFC, 0x3F, 0xFC, 0x00, 0x00, 0x3F, 0xFC, 0x3F, 0xFC, 0x00, 0x00,
    0x3F, 0xF4, 0x1F, 0xFE, 0x00, 0x00, 0x7F, 0xF0, 0x0F, 0xFF, 0x40, 0x00, 0xFF, 0xD0, 0x07, 0xFF,
    0xD0, 0x07, 0xFF, 0x80, 0x01, 0xFF, 0xFF, 0xFF, 0xFE, 0x00, 0x00, 0x7F, 0xFF, 0xFF, 0xF8, 0x00,
    0x00, 0x07, 0xFF, 0xFF, 0x80, 0x00, 0x00, 0x00, 0x15, 0x50, 0x00, 0x00, 0x00, 0x00, 0x00, 0x00,
    0x00, 0x00, 0x1F, 0xFD, 0x00, 0x00, 0x01, 0xFF, 0xFE, 0x00, 0x00, 0x0F, 0xFF, 0xFC, 0x00, 0x00,
    0xBF, 0x57, 0xF8, 0x00, 0x03, 0xE0, 0x02, 0xF0, 0x00, 0x0F, 0x00, 0x03, 0xC0, 0x00, 0x24, 0x00,
    0x06, 0x00, 0x00, 0x00, 0x00, 0x00, 0x00, 0x00, 0x05, 0xA4, 0x00, 0x00, 0x07, 0xFF, 0xFF, 0x80,
    0x00, 0xBF, 0xFF, 0xFF, 0xC0, 0x0F, 0xFF, 0x5B, 0xFF, 0xC0, 0xBF, 0xF0, 0x07, 0xFF, 0x83, 0xFF,
    0x40, 0x0B, 0xFF, 0x1F, 0xFC, 0x00, 0x1F, 0xFD, 0xBF, 0xF0, 0x00, 0x3F, 0xF6, 0xFF, 0xC0, 0x00,
    0xFF, 0xEF, 0xFF, 0x00, 0x03, 0xFF, 0xAF, 0xFC, 0x00, 0x0F, 0xFE, 0xBF, 0xF0, 0x00, 0x3F, 0xF5,
    0xFF, 0xD0, 0x01, 0xFF, 0xC3, 0xFF, 0x80, 0x0B, 0xFF, 0x0B, 0xFF, 0x40, 0x3F, 0xF4, 0x0F, 0xFF,
    0x9B, 0xFF, 0x80, 0x0F, 0xFF, 0xFF, 0xF8, 0x00, 0x0B, 0xFF, 0xFE, 0x00, 0x00, 0x00, 0x55, 0x40,
    0x00, 0x00, 0x00, 0x00, 0x00, 0x00, 0x00, 0x18, 0x00, 0xF4, 0x00, 0x00, 0x00, 0x3F, 0x42, 0xFD,
    0x00, 0x00, 0x00, 0x7F, 0xD2, 0xFF, 0x00, 0x00, 0x00, 0x3F, 0xF4, 0xFF, 0xC0, 0x00, 0x00, 0x0F,
    0xFD, 0x2F, 0xE0, 0x00, 0x00, 0x00, 0xBF, 0x03, 0xF4, 0x00, 0x00, 0x00, 0x0B, 0x00, 0x70, 0x00,
    0x00, 0x00, 0x00, 0x00, 0x00, 0x00, 0x00, 0x15, 0x55, 0x55, 0x40, 0x00, 0x00, 0x7F, 0xFF, 0xFF,
    0xFF, 0x40, 0x00, 0x7F, 0xFF, 0xFF, 0xFF, 0xF4, 0x00, 0x07, 0xFF, 0xD6, 0xFF, 0xFC, 0x00, 0x03,
    0xFF, 0x80, 0x2F, 0xFE, 0x00, 0x03, 0xFF, 0x80, 0x0F, 0xFF, 0x00, 0x03, 0xFF, 0x80, 0x0F, 0xFF,
    0x00, 0x03, 0xFF, 0x80, 0x0F, 0xFF, 0x00, 0x03, 0xFF, 0x80, 0x0F, 0xFE, 0x00, 0x03, 0xFF, 0x80,
    0x1F, 0xFC, 0x00, 0x03, 0xFF, 0x80, 0x7F, 0xF0, 0x00, 0x03, 0xFF, 0xFF, 0xFF, 0x80, 0x00, 0x03,
    0xFF, 0xFF, 0xF4, 0x00, 0x00, 0x03, 0xFF, 0xEB, 0xFF, 0x00, 0x00, 0x03, 0xFF, 0x81, 0xFF, 0xC0,
    0x00, 0x03, 0xFF, 0x80, 0xFF, 0xF0, 0x00, 0x03, 0xFF, 0x80, 0xBF, 0xF0, 0x00, 0x03, 0xFF, 0x80,
    0x7F, 0xF8, 0x00, 0x03, 0xFF, 0x80, 0x3F, 0xFC, 0x00, 0x03, 0xFF, 0x80, 0x2F, 0xFD, 0x00, 0x03,
    0xFF, 0xC0, 0x1F, 0xFF, 0x00, 0x2F, 0xFF, 0xE8, 0x0F, 0xFF, 0xFC, 0x7F, 0xFF, 0xFD, 0x07, 0xFF,
    0xFD, 0x7F, 0xFF, 0xFD, 0x01, 0xFF, 0xF8, 0x00, 0x00, 0x00, 0x00, 0x15, 0x40, 0x28, 0x01, 0x80,
    0x00, 0x2F, 0x81, 0xFC, 0x00, 0x0F, 0xF4, 0xBF, 0x80, 0x02, 0xFF, 0x1F, 0xF0, 0x00, 0x2F, 0xF1,
    0xFF, 0x00, 0x01, 0xFE, 0x0F, 0xD0, 0x00, 0x0B, 0xC0, 0xBC, 0x00, 0x00, 0x50, 0x05, 0x00, 0x00,
    0x00, 0x00, 0x00, 0x00, 0x05, 0x00, 0x64, 0x0B, 0xFF, 0xC1, 0xFF, 0xE2, 0xFF, 0xF5, 0xFF, 0xFD,
    0xBF, 0xFE, 0xFA, 0xFF, 0x82, 0xFF, 0xF4, 0x7F, 0xE0, 0x7F, 0xF8, 0x2F, 0xF8, 0x1F, 0xFC, 0x07,
    0xFC, 0x07, 0xFF, 0x00, 0x14, 0x01, 0xFF, 0xC0, 0x00, 0x00, 0x7F, 0xF0, 0x00, 0x00, 0x1F, 0xFC,
    0x00, 0x00, 0x07, 0xFF, 0x00, 0x00, 0x01, 0xFF, 0xC0, 0x00, 0x00, 0x7F, 0xF0, 0x00, 0x00, 0x1F,
    0xFC, 0x00, 0x00, 0x2F, 0xFF, 0xE4, 0x00, 0x2F, 0xFF, 0xFF, 0x40, 0x0B, 0xFF, 0xFF, 0xD0, 0x00,
    0x00, 0x00, 0xBE, 0x40, 0x00, 0x00, 0x00, 0x0B, 0xFF, 0xF0, 0x00, 0x00, 0x00, 0x1F, 0xFF, 0xFC,
    0x00, 0x00, 0x00, 0x3F, 0xFF, 0xFD, 0x00, 0x00, 0x00, 0x7E, 0x00, 0xBE, 0x00, 0x00, 0x00, 0xB8,
    0x00, 0x2F, 0x00, 0x00, 0x00, 0xB0, 0x00, 0x0F, 0x00, 0x00, 0x00, 0x00, 0x00, 0x00, 0x00, 0x00,
    0x15, 0x55, 0x55, 0x40, 0x00, 0x00, 0x7F, 0xFF, 0xFF, 0xFF, 0x40, 0x00, 0x7F, 0xFF, 0xFF, 0xFF,
    0xF4, 0x00, 0x07, 0xFF, 0xD6, 0xFF, 0xFC, 0x00, 0x03, 0xFF, 0x80, 0x2F, 0xFE, 0x00, 0x03, 0xFF,
    0x80, 0x0F, 0xFF, 0x00, 0x03, 0xFF, 0x80, 0x0F, 0xFF, 0x00, 0x03, 0xFF, 0x80, 0x0F, 0xFF, 0x00,
    0x03, 0xFF, 0x80, 0x0F, 0xFE, 0x00, 0x03, 0xFF, 0x80, 0x1F, 0xFC, 0x00, 0x03, 0xFF, 0x80, 0x7F,
    0xF0, 0x00, 0x03, 0xFF, 0xFF, 0xFF, 0x80, 0x00, 0x03, 0xFF, 0xFF, 0xF4, 0x00, 0x00, 0x03, 0xFF,
    0xEB, 0xFF, 0x00, 0x00, 0x03, 0xFF, 0x81, 0xFF, 0xC0, 0x00, 0x03, 0xFF, 0x80, 0xFF, 0xF0, 0x00,
    0x03, 0xFF, 0x80, 0xBF, 0xF0, 0x00, 0x03, 0xFF, 0x80, 0x7F, 0xF8, 0x00, 0x03, 0xFF, 0x80, 0x3F,
    0xFC, 0x00, 0x03, 0xFF, 0x80, 0x2F, 0xFD, 0x00, 0x03, 0xFF, 0xC0, 0x1F, 0xFF, 0x00, 0x2F, 0xFF,
    0xE8, 0x0F, 0xFF, 0xFC, 0x7F, 0xFF, 0xFD, 0x07, 0xFF, 0xFD, 0x7F, 0xFF, 0xFD, 0x01, 0xFF, 0xF8,
    0x00, 0x00, 0x00, 0x00, 0x15, 0x40, 0x00, 0x00, 0x00, 0x00, 0x00, 0x02, 0xFF, 0x80, 0x00, 0x03,
    0xFF, 0xFC, 0x00, 0x03, 0xFF, 0xFF, 0x80, 0x01, 0xFE, 0x5B, 0xF0, 0x00, 0xBC, 0x00, 0x7D, 0x00,
    0x3D, 0x00, 0x0B, 0x80, 0x06, 0x00, 0x00, 0x90, 0x00, 0x00, 0x00, 0x00, 0x00, 0x05, 0x00, 0x64,
    0x0B, 0xFF, 0xC1, 0xFF, 0xE2, 0xFF, 0xF5, 0xFF, 0xFD, 0xBF, 0xFE, 0xFA, 0xFF, 0x82, 0xFF, 0xF4,
    0x7F, 0xE0, 0x7F, 0xF8, 0x2F, 0xF8, 0x1F, 0xFC, 0x07, 0xFC, 0x07, 0xFF, 0x00, 0x14, 0x01, 0xFF,
    0xC0, 0x00, 0x00, 0x7F, 0xF0, 0x00, 0x00, 0x1F, 0xFC, 0x00, 0x00, 0x07, 0xFF, 0x00, 0x00, 0x01,
    0xFF, 0xC0, 0x00, 0x00, 0x7F, 0xF0, 0x00, 0x00, 0x1F, 0xFC, 0x00, 0x00, 0x2F, 0xFF, 0xE4, 0x00,
    0x2F, 0xFF, 0xFF, 0x40, 0x0B, 0xFF, 0xFF, 0xD0, 0x00, 0x00, 0x00, 0x00, 0x00, 0x00, 0x00, 0x00,
    0x60, 0x03, 0xD0, 0x00, 0x00, 0x01, 0xFC, 0x0B, 0xF0, 0x00, 0x00, 0x02, 0xFF, 0x0F, 0xFC, 0x00,
    0x00, 0x01, 0xFF, 0xC3, 0xFF, 0x00, 0x00, 0x00, 0x7F, 0xF0, 0xBF, 0x80, 0x00, 0x00, 0x07, 0xFC,
    0x1F, 0xD0, 0x00, 0x00, 0x00, 0x68, 0x02, 0xC0, 0x00, 0x00, 0x00, 0x00, 0x00, 0x00, 0x00, 0x55,
    0x55, 0x54, 0x00, 0x55, 0x55, 0xFF, 0xFF, 0xF8, 0x01, 0xFF, 0xFF, 0xFF, 0xFF, 0xF8, 0x01, 0xFF,
    0xFF, 0x0B, 0xFF, 0x80, 0x00, 0x1F, 0xF4, 0x07, 0xFF, 0x40, 0x00, 0x0F, 0xE0, 0x07, 0xFF, 0x40,
    0x00, 0x0F, 0xE0, 0x07, 0xFF, 0x40, 0x00, 0x0F, 0xE0, 0x07, 0xFF, 0x40, 0x00, 0x0F, 0xE0, 0x07,
    0xFF, 0x40, 0x00, 0x0F, 0xE0, 0x07, 0xFF, 0x40, 0x00, 0x0F, 0xE0, 0x07, 0xFF, 0x40, 0x00, 0x0F,
    0xE0, 0x07, 0xFF, 0x40, 0x00, 0x0F, 0xE0, 0x07, 0xFF, 0x40, 0x00, 0x0F, 0xE0, 0x07, 0xFF, 0x40,
    0x00, 0x0F, 0xE0, 0x07, 0xFF, 0x40, 0x00, 0x0F, 0xE0, 0x07, 0xFF, 0x40, 0x00, 0x0F, 0xE0, 0x03,
    0xFF, 0x40, 0x00, 0x0F, 0xD0, 0x03, 0xFF, 0x40, 0x00, 0x0F, 0xD0, 0x03, 0xFF, 0xC0, 0x00, 0x1F,
    0xC0, 0x02, 0xFF, 0xD0, 0x00, 0x3F, 0xC0, 0x00, 0xFF, 0xF8, 0x01, 0xFF, 0x40, 0x00, 0xBF, 0xFF,
    0xFF, 0xFE, 0x00, 0x00, 0x2F, 0xFF, 0xFF, 0xF8, 0x00, 0x00, 0x06, 0xFF, 0xFF, 0xD0, 0x00, 0x00,
    0x00, 0x15, 0x54, 0x00, 0x00, 0x02, 0x40, 0x28, 0x00, 0x00, 0x00, 0xFE, 0x0B, 0xE0, 0x00, 0x00,
    0x0F, 0xF4, 0xFF, 0x40, 0x00, 0x00, 0xBF, 0xC7, 0xFC, 0x00, 0x00, 0x02, 0xFE, 0x1F, 0xE0, 0x00,
    0x00, 0x07, 0xF4, 0x7F, 0x40, 0x00, 0x00, 0x0F, 0xC0, 0xFC, 0x00, 0x00, 0x00, 0x24, 0x02, 0x00,
    0x00, 0x00, 0x00, 0x00, 0x00, 0x00, 0x00, 0x00, 0x10, 0x00, 0x00, 0x40, 0x3F, 0xFF, 0x40, 0xFF,
    0xFD, 0x03, 0xFF, 0xF4, 0x0F, 0xFF, 0xD0, 0x2F, 0xFF, 0x40, 0xBF, 0xFD, 0x00, 0x3F, 0xF4, 0x00,
    0xFF, 0xD0, 0x03, 0xFF, 0x40, 0x0F, 0xFD, 0x00, 0x3F, 0xF4, 0x00, 0xFF, 0xD0, 0x03, 0xFF, 0x40,
    0x0F, 0xFD, 0x00, 0x3F, 0xF4, 0x00, 0xFF, 0xD0, 0x03, 0xFF, 0x40, 0x0F, 0xFD, 0x00, 0x3F, 0xF4,
    0x00, 0xFF, 0xD0, 0x03, 0xFF, 0x40, 0x0F, 0xFD, 0x00, 0x3F, 0xF4, 0x00, 0xFF, 0xD0, 0x03, 0xFF,
    0x80, 0x2F, 0xFD, 0x00, 0x3F, 0xFD, 0x0B, 0xFF, 0xD0, 0x01, 0xFF, 0xFF, 0xFF, 0xFF, 0x90, 0x0F,
    0xFF, 0xFD, 0x7F, 0xFE, 0x00, 0x3F, 0xFF, 0x47, 0xFF, 0xE0, 0x00, 0x15, 0x00, 0x00, 0x00, 0x00,
    0x00, 0x06, 0xF9, 0x00, 0x00, 0x00, 0x00, 0x2F, 0xFF, 0x80, 0x00, 0x00, 0x00, 0xBF, 0xFF, 0xE0,
    0x00, 0x00, 0x01, 0xFF, 0xFF, 0xF0, 0x00, 0x00, 0x02, 0xF8, 0x02, 0xF4, 0x00, 0x00, 0x03, 0xE0,
    0x00, 0xB8, 0x00, 0x00, 0x02, 0xC0, 0x00, 0x78, 0x00, 0x00, 0x00, 0x00, 0x00, 0x00, 0x00, 0x55,
    0x55, 0x54, 0x00, 0x55, 0x55, 0xFF, 0xFF, 0xF8, 0x01, 0xFF, 0xFF, 0xFF, 0xFF, 0xF8, 0x01, 0xFF,
    0xFF, 0x0B, 0xFF, 0x80, 0x00, 0x1F, 0xF4, 0x07, 0xFF, 0x40, 0x00, 0x0F, 0xE0, 0x07, 0xFF, 0x40,
    0x00, 0x0F, 0xE0, 0x07, 0xFF, 0x40, 0x00, 0x0F, 0xE0, 0x07, 0xFF, 0x40, 0x00, 0x0F, 0xE0, 0x07,
    0xFF, 0x40, 0x00, 0x0F, 0xE0, 0x07, 0xFF, 0x40, 0x00, 0x0F, 0xE0, 0x07, 0xFF, 0x40, 0x00, 0x0F,
    0xE0, 0x07, 0xFF, 0x40, 0x00, 0x0F, 0xE0, 0x07, 0xFF, 0x40, 0x00, 0x0F, 0xE0, 0x07, 0xFF, 0x40,
    0x00, 0x0F, 0xE0, 0x07, 0xFF, 0x40, 0x00, 0x0F, 0xE0, 0x07, 0xFF, 0x40, 0x00, 0x0F, 0xE0, 0x03,
    0xFF, 0x40, 0x00, 0x0F, 0xD0, 0x03, 0xFF, 0x40, 0x00, 0x0F, 0xD0, 0x03, 0xFF, 0xC0, 0x00, 0x1F,
    0xC0, 0x02, 0xFF, 0xD0, 0x00, 0x3F, 0xC0, 0x00, 0xFF, 0xF8, 0x01, 0xFF, 0x40, 0x00, 0xBF, 0xFF,
    0xFF, 0xFE, 0x00, 0x00, 0x2F, 0xFF, 0xFF, 0xF8, 0x00, 0x00, 0x06, 0xFF, 0xFF, 0xD0, 0x00, 0x00,
    0x00, 0x15, 0x54, 0x00, 0x00, 0x00, 0x00, 0x00, 0x00, 0x00, 0x00, 0x00, 0x0F, 0xFE, 0x00, 0x00,
    0x00, 0x07, 0xFF, 0xF8, 0x00, 0x00, 0x00, 0xFF, 0xFF, 0xD0, 0x00, 0x00, 0x1F, 0xD5, 0xFF, 0x00,
    0x00, 0x03, 0xF0, 0x02, 0xF0, 0x00, 0x00, 0x3C, 0x00, 0x0F, 0x40, 0x00, 0x02, 0x80, 0x00, 0x60,
    0x00, 0x00, 0x00, 0x00, 0x00, 0x00, 0x00, 0x00, 0x10, 0x00, 0x00, 0x40, 0x3F, 0xFF, 0x40, 0xFF,
    0xFD, 0x03, 0xFF, 0xF4, 0x0F, 0xFF, 0xD0, 0x2F, 0xFF, 0x40, 0xBF, 0xFD, 0x00, 0x3F, 0xF4, 0x00,
    0xFF, 0xD0, 0x03, 0xFF, 0x40, 0x0F, 0xFD, 0x00, 0x3F, 0xF4, 0x00, 0xFF, 0xD0, 0x03, 0xFF, 0x40,
    0x0F, 0xFD, 0x00, 0x3F, 0xF4, 0x00, 0xFF, 0xD0, 0x03, 0xFF, 0x40, 0x0F, 0xFD, 0x00, 0x3F, 0xF4,
    0x00, 0xFF, 0xD0, 0x03, 0xFF, 0x40, 0x0F, 0xFD, 0x00, 0x3F, 0xF4, 0x00, 0xFF, 0xD0, 0x03, 0xFF,
    0x80, 0x2F, 0xFD, 0x00, 0x3F, 0xFD, 0x0B, 0xFF, 0xD0, 0x01, 0xFF, 0xFF, 0xFF, 0xFF, 0x90, 0x0F,
    0xFF, 0xFD, 0x7F, 0xFE, 0x00, 0x3F, 0xFF, 0x47, 0xFF, 0xE0, 0x00, 0x15, 0x00, 0x00, 0x00, 0x00,
    0x1A, 0xF9, 0x07, 0x80, 0x03, 0xFF, 0xFF, 0xBF, 0x00, 0x3F, 0xFF, 0xFF, 0xFC, 0x03, 0xFF, 0x81,
    0xBF, 0xF0, 0x1F, 0xF4, 0x00, 0x7F, 0xC0, 0xFF, 0xC0, 0x00, 0x7F, 0x03, 0xFF, 0x00, 0x00, 0xBD,
    0x0F, 0xFE, 0x00, 0x01, 0xA0, 0x3F, 0xFE, 0x00, 0x00, 0x00, 0xFF, 0xFF, 0xD0, 0x00, 0x01, 0xFF,
    0xFF, 0xFD, 0x00, 0x02, 0xFF, 0xFF, 0xFF, 0x40, 0x02, 0xFF, 0xFF, 0xFF, 0x40, 0x01, 0xFF, 0xFF,
    0xFF, 0x00, 0x00, 0x2F, 0xFF, 0xFE, 0x00, 0x00, 0x02, 0xFF, 0xFC, 0x14, 0x00, 0x01, 0xFF, 0xF2,
    0xF4, 0x00, 0x02, 0xFF, 0xC7, 0xF0, 0x00, 0x07, 0xFF, 0x1F, 0xE0, 0x00, 0x1F, 0xF8, 0x7F, 0xF0,
    0x00, 0xFF, 0xC0, 0xFF, 0xFE, 0xBF, 0xFE, 0x03, 0xFF, 0xFF, 0xFF, 0xE0, 0x0F, 0x47, 0xFF, 0xF8,
    0x00, 0x00, 0x00, 0x55, 0x00, 0x00, 0x00, 0x00, 0x00, 0x00, 0x00, 0x00, 0x1F, 0xD0, 0x00, 0x00,
    0x00, 0xFF, 0xC0, 0x00, 0x00, 0x03, 0xFF, 0x00, 0x00, 0x00, 0x0B, 0xFC, 0x00, 0x00, 0x00, 0x07,
    0xF0, 0x00, 0x00, 0x00, 0x2F, 0x40, 0x00, 0x00, 0x02, 0xF8, 0x00, 0x00, 0x00, 0x0B, 0x40, 0x00,
    0x00, 0x00, 0x00, 0x00, 0x00, 0x00, 0x00, 0x1A, 0x41, 0x90, 0x0F, 0xFF, 0xFF, 0xC0, 0xFF, 0xFF,
    0xFF, 0x0F, 0xF4, 0x07, 0xFC, 0x3F, 0xC0, 0x07, 0xF1, 0xFF, 0x00, 0x0B, 0xC7, 0xFF, 0x90, 0x00,
    0x0F, 0xFF, 0xF9, 0x00, 0x2F, 0xFF, 0xFF, 0x80, 0x2F, 0xFF, 0xFF, 0x80, 0x1F, 0xFF, 0xFF, 0x40,
    0x01, 0xBF, 0xFE, 0x68, 0x00, 0x1F, 0xFA, 0xF8, 0x00, 0x2F, 0xE7, 0xF4, 0x00, 0xFF, 0x5F, 0xF9,
    0x1B, 0xFC, 0x7F, 0xFF, 0xFF, 0xC0, 0xFB, 0xFF, 0xF8, 0x01, 0x40, 0x55, 0x00, 0x00, 0x00, 0x00,
    0x00, 0x00, 0x1F, 0xD0, 0x00, 0x00, 0xFF, 0xC0, 0x00, 0x03, 0xFF, 0x00, 0x00, 0x0B, 0xFC, 0x00,
    0x00, 0x03, 0xF0, 0x00, 0x00, 0x2F, 0x40, 0x00, 0x01, 0xF8, 0x00, 0x00, 0x07, 0x80, 0x00, 0x00,
    0x00, 0x00, 0x00, 0x05, 0x55, 0x55, 0x55, 0x55, 0x54, 0x03, 0xFF, 0xFF, 0xFF, 0xFF, 0xFF, 0x01,
    0xFF, 0xFF, 0xFF, 0xFF, 0xFF, 0xD0, 0xBF, 0xE5, 0xBF, 0xF9, 0x7F, 0xF4, 0x2F, 0xE0, 0x1F, 0xFC,
    0x02, 0xFE, 0x0F, 0xF0, 0x07, 0xFF, 0x00, 0x3F, 0x83, 0xF4, 0x01, 0xFF, 0xC0, 0x0B, 0xF0, 0xFC,
    0x00, 0x7F, 0xF0, 0x01, 0xFC, 0x01, 0x00, 0x1F, 0xFC, 0x00, 0x10, 0x00, 0x00, 0x07, 0xFF, 0x00,
    0x00, 0x00, 0x00, 0x01, 0xFF, 0xC0, 0x00, 0x00, 0x00, 0x00, 0x7F, 0xF0, 0x00, 0x00, 0x00, 0x00,
    0x1F, 0xFC, 0x00, 0x00, 0x00, 0x00, 0x07, 0xFF, 0x00, 0x00, 0x00, 0x00, 0x01, 0xFF, 0xC0, 0x00,
    0x00, 0x00, 0x00, 0x7F, 0xF0, 0x00, 0x00, 0x00, 0x00, 0x1F, 0xFC, 0x00, 0x00, 0x00, 0x00, 0x07,
    0xFF, 0x00, 0x00, 0x00, 0x00, 0x01, 0xFF, 0xC0, 0x00, 0x00, 0x00, 0x00, 0x7F, 0xF0, 0x00, 0x00,
    0x00, 0x00, 0x1F, 0xFD, 0x00, 0x00, 0x00, 0x01, 0xAF, 0xFF, 0xE9, 0x00, 0x00, 0x00, 0xFF, 0xFF,
    0xFF, 0x80, 0x00, 0x00, 0x3F, 0xFF, 0xFF, 0xE0, 0x00, 0x00, 0x00, 0x00, 0x00, 0x00, 0x00, 0x00,
    0x00, 0x00, 0x00, 0x00, 0x00, 0x00, 0x00, 0x00, 0xBF, 0x00, 0x00, 0x00, 0x00, 0x00, 0x7F, 0xF0,
    0x00, 0x00, 0x00, 0x00, 0x1F, 0xFC, 0x00, 0x00, 0x00, 0x00, 0x03, 0xFF, 0x00, 0x00, 0x00, 0x00,
    0x00, 0x1F, 0x80, 0x00, 0x00, 0x00, 0x00, 0x0F, 0xC0, 0x00, 0x00, 0x00, 0x00, 0x0B, 0xD0, 0x00,
    0x00, 0x00, 0x00, 0x02, 0xD0, 0x00, 0x00, 0x00, 0x00, 0x00, 0x00, 0x00, 0x00, 0x00, 0x00, 0x2B,
    0x40, 0x00, 0x00, 0xFE, 0x00, 0x00, 0x03, 0xF8, 0x00, 0x00, 0x1F, 0xE0, 0x00, 0x00, 0xFF, 0x80,
    0x00, 0x0B, 0xFE, 0x00, 0x03, 0xFF, 0xFF, 0xFD, 0x0F, 0xFF, 0xFF, 0xF4, 0x3F, 0xFF, 0xFF, 0xC0,
    0x0B, 0xFE, 0x00, 0x00, 0x2F, 0xF8, 0x00, 0x00, 0xBF, 0xE0, 0x00, 0x02, 0xFF, 0x80, 0x00, 0x0B,
    0xFE, 0x00, 0x00, 0x2F, 0xF8, 0x00, 0x00, 0xBF, 0xE0, 0x00, 0x02, 0xFF, 0x80, 0x00, 0x0B, 0xFE,
    0x00, 0x00, 0x2F, 0xF8, 0x00, 0x00, 0xBF, 0xF4, 0x28, 0x01, 0xFF, 0xFF, 0xF0, 0x03, 0xFF, 0xFF,
    0xC0, 0x03, 0xFF, 0xF4, 0x00, 0x00, 0x54, 0x00, 0x00, 0x00, 0x00, 0x00, 0x00, 0x1F, 0xD0, 0x00,
    0x00, 0xFF, 0xC0, 0x00, 0x03, 0xFF, 0x00, 0x00, 0x0B, 0xFC, 0x00, 0x00, 0x07, 0xF0, 0x00, 0x00,
    0x2F, 0x40, 0x00, 0x02, 0xF8, 0x00, 0x00, 0x0B, 0x40, 0x00, 0x00, 0x00, 0x00, 0x00, 0x00, 0x07,
    0xFF, 0xFF, 0xD0, 0x00, 0x00, 0x0B, 0xFF, 0xFF, 0xD0, 0x00, 0x00, 0x0B, 0xFF, 0xFF, 0xD0, 0x00,
    0x00, 0x06, 0xAA, 0xAA, 0x80, 0x00, 0x00, 0x00, 0x00, 0x00, 0x00, 0x00, 0x00, 0x00, 0x00, 0x00,
    0x00, 0x00, 0x00, 0x0B, 0xF0, 0x0F, 0xE0, 0x00, 0x00, 0x1F, 0xFC, 0x3F, 0xF4, 0x00, 0x00, 0x2F,
    0xFC, 0x3F, 0xF8, 0x00, 0x00, 0x2F, 0xFC, 0x3F, 0xF8, 0x00, 0x00, 0x0F, 0xF0, 0x1F, 0xF0, 0x00,
    0x00, 0x00, 0x00, 0x00, 0x00, 0x00, 0x00, 0x00, 0x00, 0x00, 0x00, 0x00, 0x00, 0x00, 0x6B, 0xF9,
    0x00, 0x00, 0x00, 0x0B, 0xFF, 0xFF, 0xF4, 0x00, 0x00, 0x7F, 0xFF, 0xFF, 0xFE, 0x00, 0x01, 0xFF,
    0xF9, 0x6F, 0xFF, 0x80, 0x03, 0xFF, 0x80, 0x03, 0xFF, 0xD0, 0x0F, 0xFE, 0x00, 0x00, 0xFF, 0xF0,
    0x1F, 0xFC, 0x00, 0x00, 0x7F, 0xF8, 0x3F, 0xFC, 0x00, 0x00, 0x3F, 0xFC, 0x3F, 0xF8, 0x00, 0x00,
    0x3F, 0xFC, 0x7F, 0xF4, 0x00, 0x00, 0x2F, 0xFD, 0x7F, 0xF4, 0x00, 0x00, 0x2F, 0xFD, 0xBF, 0xF4,
    0x00, 0x00, 0x1F, 0xFD, 0xBF, 0xF4, 0x00, 0x00, 0x1F, 0xFD, 0xBF, 0xF4, 0x00, 0x00, 0x1F, 0xFD,
    0x7F, 0xF4, 0x00, 0x00, 0x2F, 0xFC, 0x7F, 0xF8, 0x00, 0x00, 0x2F, 0xFC, 0x3F, 0xFC, 0x00, 0x00,
    0x3F, 0xFC, 0x3F, 0xFC, 0x00, 0x00, 0x3F, 0xF4, 0x1F, 0xFE, 0x00, 0x00, 0x7F, 0xF0, 0x0F, 0xFF,
    0x40, 0x00, 0xFF, 0xD0, 0x07, 0xFF, 0xD0, 0x07, 0xFF, 0x80, 0x01, 0xFF, 0xFF, 0xFF, 0xFE, 0x00,
    0x00, 0x7F, 0xFF, 0xFF, 0xF8, 0x00, 0x00, 0x07, 0xFF, 0xFF, 0x80, 0x00, 0x00, 0x00, 0x15, 0x50,
    0x00, 0x00, 0x00, 0xFF, 0xFF, 0xFC, 0x00, 0x03, 0xFF, 0xFF, 0xF0, 0x00, 0x0F, 0xFF, 0xFF, 0xC0,
    0x00, 0x2A, 0xAA, 0xAA, 0x00, 0x00, 0x00, 0x00, 0x00, 0x00, 0x01, 0x90, 0x01, 0x90, 0x00, 0x2F,
    0xF0, 0x3F, 0xE0, 0x00, 0xFF, 0xD2, 0xFF, 0xC0, 0x03, 0xFF, 0x4B, 0xFF, 0x00, 0x0F, 0xFC, 0x0F,
    0xF8, 0x00, 0x0A, 0x80, 0x1A, 0x40, 0x00, 0x00, 0x00, 0x00, 0x00, 0x00, 0x00, 0x00, 0x00, 0x00,
    0x00, 0x05, 0xA4, 0x00, 0x00, 0x07, 0xFF, 0xFF, 0x80, 0x00, 0xBF, 0xFF, 0xFF, 0xC0, 0x0F, 0xFF,
    0x5B, 0xFF, 0xC0, 0xBF, 0xF0, 0x07, 0xFF, 0x83, 0xFF, 0x40, 0x0B, 0xFF, 0x1F, 0xFC, 0x00, 0x1F,
    0xFD, 0xBF, 0xF0, 0x00, 0x3F, 0xF6, 0xFF, 0xC0, 0x00, 0xFF, 0xEF, 0xFF, 0x00, 0x03, 0xFF, 0xAF,
    0xFC, 0x00, 0x0F, 0xFE, 0xBF, 0xF0, 0x00, 0x3F, 0xF5, 0xFF, 0xD0, 0x01, 0xFF, 0xC3, 0xFF, 0x80,
    0x0B, 0xFF, 0x0B, 0xFF, 0x40, 0x3F, 0xF4, 0x0F, 0xFF, 0x9B, 0xFF, 0x80, 0x0F, 0xFF, 0xFF, 0xF8,
    0x00, 0x0B, 0xFF, 0xFE, 0x00, 0x00, 0x00, 0x55, 0x40, 0x00, 0x00, 0x07, 0xFF, 0xFF, 0xD0, 0x00,
    0x00, 0x0B, 0xFF, 0xFF, 0xD0, 0x00, 0x00, 0x0B, 0xFF, 0xFF, 0xD0, 0x00, 0x00, 0x06, 0xAA, 0xAA,
    0x80, 0x00, 0x00, 0x00, 0x00, 0x00, 0x00, 0x00, 0x00, 0x00, 0x00, 0x00, 0x00, 0x00, 0x00, 0x00,
    0xB9, 0x00, 0x00, 0x00, 0x00, 0x03, 0xFF, 0xE5, 0xF0, 0x00, 0x00, 0x0B, 0xFF, 0xFF, 0xF0, 0x00,
    0x00, 0x0F, 0xFF, 0xFF, 0xD0, 0x00, 0x00, 0x0A, 0x02, 0xFF, 0x80, 0x00, 0x00, 0x00, 0x00, 0x14,
    0x00, 0x00, 0x00, 0x00, 0x00, 0x00, 0x00, 0x00, 0x00, 0x00, 0x6B, 0xF9, 0x00, 0x00, 0x00, 0x0B,
    0xFF, 0xFF, 0xF4, 0x00, 0x00, 0x7F, 0xFF, 0xFF, 0xFE, 0x00, 0x01, 0xFF, 0xF9, 0x6F, 0xFF, 0x80,
    0x03, 0xFF, 0x80, 0x03, 0xFF, 0xD0, 0x0F, 0xFE, 0x00, 0x00, 0xFF, 0xF0, 0x1F, 0xFC, 0x00, 0x00,
    0x7F, 0xF8, 0x3F, 0xFC, 0x00, 0x00, 0x3F, 0xFC, 0x3F, 0xF8, 0x00, 0x00, 0x3F, 0xFC, 0x7F, 0xF4,
    0x00, 0x00, 0x2F, 0xFD, 0x7F, 0xF4, 0x00, 0x00, 0x2F, 0xFD, 0xBF, 0xF4, 0x00, 0x00, 0x1F, 0xFD,
    0xBF, 0xF4, 0x00, 0x00, 0x1F, 0xFD, 0xBF, 0xF4, 0x00, 0x00, 0x1F, 0xFD, 0x7F, 0xF4, 0x00, 0x00,
    0x2F, 0xFC, 0x7F, 0xF8, 0x00, 0x00, 0x2F, 0xFC, 0x3F, 0xFC, 0x00, 0x00, 0x3F, 0xFC, 0x3F, 0xFC,
    0x00, 0x00, 0x3F, 0xF4, 0x1F, 0xFE, 0x00, 0x00, 0x7F, 0xF0, 0x0F, 0xFF, 0x40, 0x00, 0xFF, 0xD0,
    0x07, 0xFF, 0xD0, 0x07, 0xFF, 0x80, 0x01, 0xFF, 0xFF, 0xFF, 0xFE, 0x00, 0x00, 0x7F, 0xFF, 0xFF,
    0xF8, 0x00, 0x00, 0x07, 0xFF, 0xFF, 0x80, 0x00, 0x00, 0x00, 0x15, 0x50, 0x00, 0x00, 0x00, 0xFF,
    0xFF, 0xF8, 0x00, 0x03, 0xFF, 0xFF, 0xF0, 0x00, 0x0F, 0xFF, 0xFF, 0xC0, 0x00, 0x2A, 0xAA, 0xAA,
    0x00, 0x00, 0x00, 0x00, 0x00, 0x00, 0x00, 0x14, 0x00, 0x00, 0x00, 0x03, 0xFF, 0x41, 0xD0, 0x00,
    0x3F, 0xFF, 0xFF, 0x40, 0x01, 0xFF, 0xFF, 0xFC, 0x00, 0x0B, 0x87, 0xFF, 0xD0, 0x00, 0x00, 0x00,
    0xA9, 0x00, 0x00, 0x00, 0x00, 0x00, 0x00, 0x00, 0x00, 0x00, 0x00, 0x00, 0x00, 0x05, 0xA4, 0x00,
    0x00, 0x07, 0xFF, 0xFF, 0x80, 0x00, 0xBF, 0xFF, 0xFF, 0xC0, 0x0F, 0xFF, 0x5B, 0xFF, 0xC0, 0xBF,
    0xF0, 0x07, 0xFF, 0x83, 0xFF, 0x40, 0x0B, 0xFF, 0x1F, 0xFC, 0x00, 0x1F, 0xFD, 0xBF, 0xF0, 0x00,
    0x3F, 0xF6, 0xFF, 0xC0, 0x00, 0xFF, 0xEF, 0xFF, 0x00, 0x03, 0xFF, 0xAF, 0xFC, 0x00, 0x0F, 0xFE,
    0xBF, 0xF0, 0x00, 0x3F, 0xF5, 0xFF, 0xD0, 0x01, 0xFF, 0xC3, 0xFF, 0x80, 0x0B, 0xFF, 0x0B, 0xFF,
    0x40, 0x3F, 0xF4, 0x0F, 0xFF, 0x9B, 0xFF, 0x80, 0x0F, 0xFF, 0xFF, 0xF8, 0x00, 0x0B, 0xFF, 0xFE,
    0x00, 0x00, 0x00, 0x55, 0x40, 0x00, 0x00, 0x07, 0xFF, 0xFF, 0xD0, 0x00, 0x00, 0x0B, 0xFF, 0xFF,
    0xD0, 0x00, 0x00, 0x0B, 0xFF, 0xFF, 0xD0, 0x00, 0x00, 0x06, 0xAA, 0xAA, 0x80, 0x00, 0x00, 0x00,
    0x00, 0x00, 0x00, 0x00, 0x00, 0x00, 0x00, 0x00, 0x00, 0x00, 0x00, 0x00, 0x1F, 0xF4, 0x00, 0x00,
    0x00, 0x00, 0x3F, 0xFC, 0x00, 0x00, 0x00, 0x00, 0x3F, 0xFC, 0x00, 0x00, 0x00, 0x00, 0x3F, 0xFC,
    0x00, 0x00, 0x00, 0x00, 0x2F, 0xF4, 0x00, 0x00, 0x00, 0x00, 0x01, 0x40, 0x00, 0x00, 0x00, 0x00,
    0x00, 0x00, 0x00, 0x00, 0x00, 0x00, 0x6B, 0xF9, 0x00, 0x00, 0x00, 0x0B, 0xFF, 0xFF, 0xF4, 0x00,
    0x00, 0x7F, 0xFF, 0xFF, 0xFE, 0x00, 0x01, 0xFF, 0xF9, 0x6F, 0xFF, 0x80, 0x03, 0xFF, 0x80, 0x03,
    0xFF, 0xD0, 0x0F, 0xFE, 0x00, 0x00, 0xFF, 0xF0, 0x1F, 0xFC, 0x00, 0x00, 0x7F, 0xF8, 0x3F, 0xFC,
    0x00, 0x00, 0x3F, 0xFC, 0x3F, 0xF8, 0x00, 0x00, 0x3F, 0xFC, 0x7F, 0xF4, 0x00, 0x00, 0x2F, 0xFD,
    0x7F, 0xF4, 0x00, 0x00, 0x2F, 0xFD, 0xBF, 0xF4, 0x00, 0x00, 0x1F, 0xFD, 0xBF, 0xF4, 0x00, 0x00,
    0x1F, 0xFD, 0xBF, 0xF4, 0x00, 0x00, 0x1F, 0xFD, 0x7F, 0xF4, 0x00, 0x00, 0x2F, 0xFC, 0x7F, 0xF8,
    0x00, 0x00, 0x2F, 0xFC, 0x3F, 0xFC, 0x00, 0x00, 0x3F, 0xFC, 0x3F, 0xFC, 0x00, 0x00, 0x3F, 0xF4,
    0x1F, 0xFE, 0x00, 0x00, 0x7F, 0xF0, 0x0F, 0xFF, 0x40, 0x00, 0xFF, 0xD0, 0x07, 0xFF, 0xD0, 0x07,
    0xFF, 0x80, 0x01, 0xFF, 0xFF, 0xFF, 0xFE, 0x00, 0x00, 0x7F, 0xFF, 0xFF, 0xF8, 0x00, 0x00, 0x07,
    0xFF, 0xFF, 0x80, 0x00, 0x00, 0x00, 0x15, 0x50, 0x00, 0x00, 0x00, 0xFF, 0xFF, 0xF8, 0x00, 0x03,
    0xFF, 0xFF, 0xF0, 0x00, 0x0F, 0xFF, 0xFF, 0xC0, 0x00, 0x2A, 0xAA, 0xAA, 0x00, 0x00, 0x00, 0x00,
    0x00, 0x00, 0x00, 0x06, 0xE0, 0x00, 0x00, 0x00, 0x7F, 0xF0, 0x00, 0x00, 0x03, 0xFF, 0xE0, 0x00,
    0x00, 0x0F, 0xFF, 0x80, 0x00, 0x00, 0x1F, 0xFD, 0x00, 0x00, 0x00, 0x1F, 0x90, 0x00, 0x00, 0x00,
    0x00, 0x00, 0x00, 0x00, 0x00, 0x00, 0x00, 0x00, 0x00, 0x05, 0xA4, 0x00, 0x00, 0x07, 0xFF, 0xFF,
    0x80, 0x00, 0xBF, 0xFF, 0xFF, 0xC0, 0x0F, 0xFF, 0x5B, 0xFF, 0xC0, 0xBF, 0xF0, 0x07, 0xFF, 0x83,
    0xFF, 0x40, 0x0B, 0xFF, 0x1F, 0xFC, 0x00, 0x1F, 0xFD, 0xBF, 0xF0, 0x00, 0x3F, 0xF6, 0xFF, 0xC0,
    0x00, 0xFF, 0xEF, 0xFF, 0x00, 0x03, 0xFF, 0xAF, 0xFC, 0x00, 0x0F, 0xFE, 0xBF, 0xF0, 0x00, 0x3F,
    0xF5, 0xFF, 0xD0, 0x01, 0xFF, 0xC3, 0xFF, 0x80, 0x0B, 0xFF, 0x0B, 0xFF, 0x40, 0x3F, 0xF4, 0x0F,
    0xFF, 0x9B, 0xFF, 0x80, 0x0F, 0xFF, 0xFF, 0xF8, 0x00, 0x0B, 0xFF, 0xFE, 0x00, 0x00, 0x00, 0x55,
    0x40, 0x00, 0x00, 0x00, 0xFF, 0xFF, 0xF8, 0x00, 0x00, 0x00, 0x3F, 0xFF, 0xFE, 0x00, 0x00, 0x00,
    0x0F, 0xFF, 0xFF, 0x80, 0x00, 0x00, 0x02, 0xAA, 0xAA, 0x90, 0x00, 0x00, 0x00, 0x00, 0x00, 0x00,
    0x00, 0x00, 0x00, 0x00, 0x00, 0x00, 0x00, 0x01, 0x55, 0x55, 0x40, 0x15, 0x55, 0x52, 0xFF, 0xFF,
    0xF4, 0x0B, 0xFF, 0xFE, 0xBF, 0xFF, 0xFD, 0x02, 0xFF, 0xFF, 0x86, 0xFF, 0xF4, 0x00, 0x0B, 0xFD,
    0x00, 0x2F, 0xFC, 0x00, 0x01, 0xFD, 0x00, 0x03, 0xFF, 0x80, 0x00, 0xBE, 0x00, 0x00, 0x7F, 0xF4,
    0x00, 0x7F, 0x00, 0x00, 0x0F, 0xFF, 0x00, 0x3F, 0x80, 0x00, 0x01, 0xFF, 0xE0, 0x2F, 0xC0, 0x00,
    0x00, 0x2F, 0xFC, 0x0F, 0xD0, 0x00, 0x00, 0x03, 0xFF, 0x8B, 0xF0, 0x00, 0x00, 0x00, 0x7F, 0xFB,
    0xF0, 0x00, 0x00, 0x00, 0x0F, 0xFF, 0xF8, 0x00, 0x00, 0x00, 0x01, 0xFF, 0xFC, 0x00, 0x00, 0x00,
    0x00, 0x2F, 0xFD, 0x00, 0x00, 0x00, 0x00, 0x07, 0xFF, 0x00, 0x00, 0x00, 0x00, 0x01, 0xFF, 0xC0,
    0x00, 0x00, 0x00, 0x00, 0x7F, 0xF0, 0x00, 0x00, 0x00, 0x00, 0x1F, 0xFC, 0x00, 0x00, 0x00, 0x00,
    0x07, 0xFF, 0x00, 0x00, 0x00, 0x00, 0x01, 0xFF, 0xC0, 0x00, 0x00, 0x00, 0x06, 0xFF, 0xFE, 0x40,
    0x00, 0x00, 0x07, 0xFF, 0xFF, 0xF0, 0x00, 0x00, 0x01, 0xFF, 0xFF, 0xFC, 0x00, 0x00, 0x00, 0x05,
    0x55, 0x55, 0x00, 0x00, 0x07, 0xFF, 0xFF, 0xC0, 0x00, 0x01, 0xFF, 0xFF, 0xF0, 0x00, 0x00, 0x7F,
    0xFF, 0xFC, 0x00, 0x00, 0x00, 0x00, 0x00, 0x00, 0x00, 0x00, 0x00, 0x00, 0x00, 0x00, 0x00, 0x00,
    0x00, 0x00, 0x00, 0x00, 0x00, 0x00, 0x00, 0x00, 0x7F, 0xFF, 0xF4, 0x3F, 0xFF, 0x5F, 0xFF, 0xFD,
    0x0F, 0xFF, 0xD6, 0xFF, 0xF9, 0x02, 0xFF, 0xE0, 0x1F, 0xFC, 0x00, 0x0F, 0xC0, 0x03, 0xFF, 0x40,
    0x07, 0xD0, 0x00, 0xBF, 0xF0, 0x03, 0xF0, 0x00, 0x0F, 0xFD, 0x00, 0xF8, 0x00, 0x02, 0xFF, 0x80,
    0xBC, 0x00, 0x00, 0x3F, 0xF0, 0x3F, 0x00, 0x00, 0x0B, 0xFD, 0x1F, 0x40, 0x00, 0x01, 0xFF, 0xCF,
    0xC0, 0x00, 0x00, 0x3F, 0xFB, 0xE0, 0x00, 0x00, 0x07, 0xFF, 0xF0, 0x00, 0x00, 0x00, 0xFF, 0xF8,
    0x00, 0x00, 0x00, 0x2F, 0xFD, 0x00, 0x00, 0x00, 0x03, 0xFF, 0x00, 0x00, 0x00, 0x00, 0xBF, 0x40,
    0x00, 0x00, 0x00, 0x1F, 0xC0, 0x00, 0x00, 0x00, 0x0B, 0xE0, 0x00, 0x00, 0xFE, 0x03, 0xF0, 0x00,
    0x00, 0xBF, 0xC2, 0xF8, 0x00, 0x00, 0x2F, 0xE1, 0xFC, 0x00, 0x00, 0x07, 0xFF, 0xFD, 0x00, 0x00,
    0x00, 0xFF, 0xFD, 0x00, 0x00, 0x00, 0x06, 0xA4, 0x00, 0x00, 0x00, 0x00, 0x00, 0x00, 0x0F, 0xFF,
    0xE3, 0xFF, 0xF8, 0xBF, 0xFE, 0x03, 0xFF, 0x80, 0xBF, 0xE0, 0x2F, 0xF8, 0x0B, 0xFE, 0x02, 0xFF,
    0x80, 0xBF, 0xE0, 0x2F, 0xF8, 0x0B, 0xFE, 0x02, 0xFF, 0x80, 0xBF, 0xE0, 0x2F, 0xF8, 0x0B, 0xFE,
    0x02, 0xFF, 0x80, 0xBF, 0xD0, 0x3F, 0xF4, 0x0F, 0xFC, 0x03, 0xFE, 0x02, 0xFF, 0x01, 0xFF, 0x40,
    0xFF, 0x40, 0x2F, 0x40, 0x01, 0x00, 0x00, 0x00, 0x05, 0x94, 0x01, 0x40, 0x00, 0x2F, 0xFF, 0xE2,
    0xFC, 0x00, 0x3F, 0xFF, 0xFF, 0xFF, 0x00, 0x3F, 0xFE, 0xAF, 0xFF, 0xC0, 0x2F, 0xFC, 0x00, 0xFF,
    0xF0, 0x0F, 0xFD, 0x00, 0x2F, 0xFC, 0x07, 0xFF, 0x00, 0x0B, 0xFF, 0x02, 0xFF, 0xC0, 0x02, 0xFF,
    0xC0, 0xBF, 0xF0, 0x00, 0xBF, 0xF0, 0x2F, 0xFC, 0x00, 0x2F, 0xFC, 0x0B, 0xFF, 0x00, 0x0B, 0xFF,
    0x02, 0xFF, 0xC0, 0x02, 0xFF, 0xC0, 0xBF, 0xF0, 0x00, 0xBF, 0xF0, 0x1F, 0xFD, 0x00, 0x3F, 0xFC,
    0x03, 0xFF, 0xD0, 0x3F, 0xFF, 0x00, 0x7F, 0xFF, 0xFF, 0xFF, 0xF9, 0x0B, 0xFF, 0xFF, 0x2F, 0xFF,
    0x80, 0x7F, 0xFF, 0x03, 0xFF, 0xC0, 0x01, 0x54, 0x00, 0x15, 0x00, 0x00, 0x06, 0x94, 0x00, 0x00,
    0x7F, 0xFF, 0xE0, 0x00, 0xFF, 0xFF, 0xFF, 0x40, 0xFF, 0xFF, 0xFF, 0xF0, 0xBF, 0x95, 0xBF, 0xFF,
    0x0A, 0x00, 0x03, 0xFF, 0xC0, 0x00, 0x00, 0x7F, 0xF8, 0x00, 0x00, 0x0F, 0xFE, 0x00, 0x00, 0x03,
    0xFF, 0xDF, 0xFF, 0xFF, 0xFF, 0xF7, 0xFF, 0xFF, 0xFF, 0xFA, 0xFF, 0xD5, 0x5F, 0xFE, 0xBF, 0xE0,
    0x03, 0xFF, 0x5F, 0xF8, 0x00, 0xFF, 0xC3, 0xFF, 0x00, 0xBF, 0xD0, 0xBF, 0xE0, 0x7F, 0xE0, 0x0F,
    0xFF, 0xFF, 0xE0, 0x00, 0x7F, 0xFF, 0xD0, 0x00, 0x00, 0x55, 0x00, 0x00, 0x00, 0x05, 0x94, 0x01,
    0x40, 0x0B, 0xFF, 0xF8, 0xBF, 0x03, 0xFF, 0xFF, 0xFF, 0xF0, 0xFF, 0xFA, 0xBF, 0xFF, 0x2F, 0xFC,
    0x00, 0xBF, 0xF3, 0xFF, 0x40, 0x07, 0xFF, 0x7F, 0xF0, 0x00, 0x7F, 0xFB, 0xFF, 0x00, 0x07, 0xFF,
    0xBF, 0xF0, 0x00, 0x7F, 0xFF, 0xFF, 0x00, 0x07, 0xFF, 0xBF, 0xF0, 0x00, 0x7F, 0xFB, 0xFF, 0x00,
    0x07, 0xFF, 0xBF, 0xF0, 0x00, 0xBF, 0xF3, 0xFF, 0x80, 0x0F, 0xFF, 0x3F, 0xFE, 0x47, 0xFF, 0xF1,
    0xFF, 0xFF, 0xFF, 0xFF, 0x07, 0xFF, 0xFE, 0x7F, 0xF0, 0x0B, 0xFE, 0x47, 0xFF, 0x00, 0x00, 0x00,
    0xBF, 0xE0, 0x68, 0x00, 0x0B, 0xFD, 0x1F, 0xF0, 0x00, 0xFF, 0xC2, 0xFF, 0x00, 0x1F, 0xF4, 0x2F,
    0xF0, 0x07, 0xFF, 0x00, 0xFF, 0xFF, 0xFF, 0x80, 0x07, 0xFF, 0xFF, 0xD0, 0x00, 0x01, 0xAA, 0x40,
    0x00, 0x19, 0x00, 0x3F, 0x40, 0xBF, 0xC0, 0x7F, 0xE0, 0x1F, 0xF4, 0x02, 0xFC, 0x00, 0x7E, 0x00,
    0x08, 0x00, 0x28, 0x00, 0xFE, 0x02, 0xFF, 0x07, 0xFE, 0x0F, 0xF8, 0x2F, 0xD0, 0x7E, 0x00, 0x24,
    0x00, 0x00, 0x28, 0x00, 0x00, 0xFF, 0x00, 0x03, 0xFF, 0xC0, 0x0B, 0xFF, 0xE0, 0x1F, 0xEB, 0xF4,
    0x3F, 0x41, 0xFC, 0xBC, 0x00, 0x3E, 0x20, 0x00, 0x08, 0x00, 0x50, 0x00, 0x00, 0xBF, 0xE0, 0x38,
    0x1F, 0xFF, 0xFF, 0xC3, 0xFF, 0xFF, 0xF4, 0x3D, 0x6F, 0xFF, 0x00, 0x00, 0x1B, 0x80, 0x15, 0x55,
    0x54, 0x7F, 0xFF, 0xFD, 0x7F, 0xFF, 0xFD, 0x7F, 0xFF, 0xFD, 0x00, 0x00, 0x00, 0x10, 0x00, 0x04,
    0xF4, 0x00, 0x1F, 0xBC, 0x00, 0x3E, 0x7F, 0x41, 0xFC, 0x3F, 0xFF, 0xFC, 0x1F, 0xFF, 0xF0, 0x07,
    0xFF, 0xC0, 0x00, 0x55, 0x00, 0x0A, 0xA0, 0x3F, 0xFC, 0x3F, 0xFC, 0x3F, 0xFC, 0x3F, 0xFC, 0x0B,
    0xE0, 0x06, 0x40, 0x19, 0x03, 0xFE, 0x07, 0xFC, 0xBF, 0xF0, 0xFF, 0xEB, 0xFF, 0x0F, 0xFE, 0x7F,
    0xE0, 0xBF, 0xC1, 0xA4, 0x01, 0xA0, 0x01, 0xAA, 0x40, 0x7F, 0xFF, 0xC3, 0xF5, 0xBF, 0x5F, 0xC1,
    0xFE, 0x3F, 0x0B, 0xF4, 0x00, 0xBF, 0xC0, 0x07, 0xFC, 0x00, 0x2F, 0xC0, 0x00, 0xBE, 0x00, 0x02,
    0xA9, 0x02, 0xFF, 0xF8, 0x7F, 0x0F, 0xDB, 0xE0, 0xBE, 0xBE, 0x0B, 0xE7, 0xF0, 0xFD, 0x2F, 0xFF,
    0x40, 0x2A, 0x40, 0x00, 0x24, 0x02, 0x40, 0x0F, 0xD0, 0xFD, 0x02, 0xFD, 0x2F, 0xE0, 0x7F, 0xC7,
    0xFD, 0x0F, 0xF0, 0xFF, 0x82, 0xFC, 0x2F, 0xD0, 0x3E, 0x03, 0xE0, 0x01, 0x40, 0x24, 0x00, 0x20,
    0x00, 0x08, 0xBC, 0x00, 0x3E, 0x3F, 0x41, 0xFC, 0x1F, 0xEB, 0xF4, 0x0B, 0xFF, 0xE0, 0x03, 0xFF,
    0xC0, 0x00, 0xFF, 0x00, 0x00, 0x28, 0x00, 0x18, 0x01, 0x90, 0x07, 0xF0, 0x3F, 0x00, 0xBF, 0x87,
    0xFC, 0x07, 0xFD, 0x3F, 0xD0, 0x1F, 0xF0, 0xFF, 0x00, 0x3F, 0x82, 0xF8, 0x00, 0xBD, 0x07, 0xC0,
    0x01, 0x80, 0x18, 0x00, 0x00, 0x00, 0x02, 0xFF, 0xC0, 0x0F, 0xFF, 0xF0, 0x2F, 0xFF, 0xFC, 0x3F,
    0x96, 0xFC, 0x7C, 0x00, 0x3E, 0xB8, 0x00, 0x2E, 0x60, 0x00, 0x09, 0x00, 0x00, 0x38, 0x0F, 0xC3,
    0xF0, 0x7E, 0x0B, 0xFC, 0xBF, 0xD7, 0xFC, 0x1A, 0x40, 0x01, 0x40, 0x3F, 0xC2, 0xFF, 0xCB, 0xFF,
    0x1F, 0xFC, 0x07, 0xF0, 0x1F, 0x40, 0xFC, 0x1F, 0xD3, 0xFD, 0x0F, 0x40, 0x00, 0x00, 0x0B, 0xE0,
    0x3F, 0xFC, 0x3F, 0xFC, 0x3F, 0xFC, 0x2F, 0xF8, 0x06, 0x90, 0x1F, 0x80, 0x2F, 0x47, 0xFE, 0x0B,
    0xFD, 0xBF, 0xF0, 0xFF, 0xEB, 0xFF, 0x0F, 0xFE, 0x3F, 0xD0, 0x7F, 0xC0, 0x50, 0x00, 0x50, 0x00,
    0x03, 0xF8, 0xBF, 0xDB, 0xFE, 0x7F, 0xE0, 0xFD, 0x0F, 0xC3, 0xF0, 0x3C, 0x00, 0x00, 0x01, 0x40,
    0x02, 0xF0, 0x00, 0xF9, 0x00, 0x7F, 0xF4, 0x05, 0xFF, 0x00, 0x1F, 0xD6, 0x5F, 0xF3, 0xFF, 0xF8,
    0x2F, 0xF8, 0x00, 0x00, 0x00, 0x00, 0x14, 0x00, 0xBD, 0x00, 0xFD, 0x00, 0xFE, 0x00, 0xBF, 0x40,
    0x3F, 0xD0, 0x0F, 0xFF, 0xF2, 0xFF, 0xFC, 0x2F, 0xF4, 0x00, 0x00, 0x00, 0x10, 0x00, 0x04, 0xB8,
    0x00, 0x2E, 0xBD, 0x00, 0x7D, 0x3F, 0xAA, 0xFC, 0x3F, 0xFF, 0xF8, 0x0F, 0xFF, 0xF0, 0x02, 0xFF,
    0x80, 0x00, 0x00, 0x00, 0x15, 0x55, 0x54, 0x7F, 0xFF, 0xFD, 0x7F, 0xFF, 0xFD, 0x7F, 0xFF, 0xFD,
    0x00, 0x00, 0x00, 0x00, 0x50, 0x03, 0xF8, 0x07, 0xFC, 0x0B, 0xFC, 0x0F, 0xF0, 0x1F, 0xD0, 0x2F,
    0x40, 0x3E, 0x00, 0x3C, 0x00, 0x00, 0x00, 0x00, 0x20, 0x02, 0xE0, 0x2F, 0x41, 0xFC, 0x0F, 0xE0,
    0xFF, 0x0F, 0xFC, 0x3F, 0xD0, 0x3F, 0x00, 0x00, 0x00, 0xAA, 0x83, 0xFF, 0x0F, 0xFC, 0x3F, 0xF0,
    0xFF, 0xF9, 0xFF, 0xF1, 0xBA, 0x00, 0x06, 0x40, 0xFF, 0xCB, 0xFF, 0x7F, 0xFE, 0xBF, 0xF4, 0xFF,
    0x80, 0x10, 0x00, 0x00, 0x00, 0x00, 0x00, 0x00, 0x00, 0x00, 0x00, 0x00, 0x00, 0xBF, 0x4B, 0xFF,
    0x7F, 0xFE, 0xBF, 0xF8, 0xFF, 0xE0, 0x3F, 0x40, 0xFC, 0x0F, 0xD0, 0xBE, 0x07, 0xE0, 0x05, 0x00,
    0x00, 0x50, 0x02, 0xF8, 0x03, 0xFC, 0x0B, 0xFC, 0x0F, 0xF0, 0x1F, 0xD0, 0x3F, 0x40, 0x3D, 0x00,
    0x28, 0x00, 0x00, 0x00, 0x19, 0x00, 0x00, 0x00, 0x01, 0xFE, 0x00, 0x00, 0x64, 0x0B, 0xFC, 0x68,
    0x0F, 0xFC, 0x3F, 0xCB, 0xFC, 0x7F, 0xF5, 0xFD, 0x3F, 0xF9, 0xFF, 0xDB, 0xE0, 0xFF, 0xE3, 0xFF,
    0x3F, 0x02, 0xFF, 0x02, 0xA1, 0xF0, 0x01, 0xA0, 0x00, 0x01, 0x40, 0x00, 0x00, 0x00, 0x50, 0x00,
    0x55, 0x40, 0x00, 0x00, 0x0B, 0xE0, 0x07, 0xFF, 0x80, 0x00, 0x00, 0x3F, 0xC0, 0x2F, 0xFF, 0x00,
    0x00, 0x02, 0xFF, 0x00, 0xFF, 0xFD, 0x00, 0x00, 0x0F, 0xF0, 0x07, 0xFF, 0xF8, 0x00, 0x00, 0x7F,
    0x40, 0x3F, 0xBF, 0xF0, 0x00, 0x03, 0xF4, 0x00, 0xFC, 0xFF, 0xD0, 0x00, 0x0F, 0x40, 0x07, 0xE1,
    0xFF, 0xC0, 0x00, 0x28, 0x00, 0x3F, 0x43, 0xFF, 0x00, 0x00, 0x00, 0x00, 0xFC, 0x0F, 0xFE, 0x00,
    0x00, 0x00, 0x0B, 0xE0, 0x2F, 0xFC, 0x00, 0x00, 0x00, 0x3F, 0x40, 0x3F, 0xF0, 0x00, 0x00, 0x01,
    0xFC, 0x00, 0xFF, 0xE0, 0x00, 0x00, 0x0B, 0xE0, 0x02, 0xFF, 0xC0, 0x00, 0x00, 0x3F, 0xFF, 0xFF,
    0xFF, 0x40, 0x00, 0x01, 0xFF, 0xFF, 0xFF, 0xFE, 0x00, 0x00, 0x0B, 0xFF, 0xFF, 0xFF, 0xFC, 0x00,
    0x00, 0x3F, 0x40, 0x00, 0x7F, 0xF4, 0x00, 0x01, 0xFC, 0x00, 0x00, 0xFF, 0xE0, 0x00, 0x0F, 0xE0,
    0x00, 0x02, 0xFF, 0xC0, 0x00, 0x7F, 0x40, 0x00, 0x0B, 0xFF, 0x80, 0x1B, 0xFF, 0x90, 0x01, 0xBF,
    0xFF, 0x90, 0xFF, 0xFF, 0xC0, 0x0F, 0xFF, 0xFF, 0xC3, 0xFF, 0xFF, 0x00, 0x3F, 0xFF, 0xFF, 0x01,
    0x00, 0xBF, 0x8B, 0xFF, 0x6F, 0xFE, 0xBF, 0xF8, 0xFF, 0xC0, 0x54, 0x00, 0x00, 0x10, 0x05, 0x55,
    0x55, 0x55, 0x54, 0x00, 0x7F, 0x07, 0xFF, 0xFF, 0xFF, 0xFF, 0x40, 0x3F, 0xD1, 0xFF, 0xFF, 0xFF,
    0xFF, 0xE0, 0x1F, 0xF4, 0x07, 0xFF, 0xD5, 0x6F, 0xF8, 0x0F, 0xF4, 0x00, 0xFF, 0xE0, 0x00, 0xFF,
    0x03, 0xF4, 0x00, 0x3F, 0xF8, 0x00, 0x1F, 0xC2, 0xF8, 0x00, 0x0F, 0xFE, 0x00, 0x03, 0xF0, 0xF8,
    0x00, 0x03, 0xFF, 0x80, 0x00, 0x00, 0x18, 0x00, 0x00, 0xFF, 0xE0, 0x0F, 0x00, 0x00, 0x00, 0x00,
    0x3F, 0xF8, 0x07, 0xC0, 0x00, 0x00, 0x00, 0x0F, 0xFF, 0x07, 0xF0, 0x00, 0x00, 0x00, 0x03, 0xFF,
    0xFF, 0xFC, 0x00, 0x00, 0x00, 0x00, 0xFF, 0xFF, 0xFF, 0x00, 0x00, 0x00, 0x00, 0x3F, 0xFE, 0xAF,
    0xC0, 0x00, 0x00, 0x00, 0x0F, 0xFE, 0x01, 0xF0, 0x00, 0x00, 0x00, 0x03, 0xFF, 0x80, 0x3C, 0x00,
    0x00, 0x00, 0x00, 0xFF, 0xE0, 0x00, 0x00, 0x00, 0x00, 0x00, 0x3F, 0xF8, 0x00, 0x07, 0xF0, 0x00,
    0x00, 0x0F, 0xFE, 0x00, 0x02, 0xF8, 0x00, 0x00, 0x03, 0xFF, 0x80, 0x00, 0xFE, 0x00, 0x00, 0x00,
    0xFF, 0xE0, 0x00, 0xBF, 0x40, 0x00, 0x02, 0xFF, 0xFF, 0xFF, 0xFF, 0xD0, 0x00, 0x01, 0xFF, 0xFF,
    0xFF, 0xFF, 0xF0, 0x00, 0x00, 0x7F, 0xFF, 0xFF, 0xFF, 0xFC, 0x00, 0x10, 0x05, 0x55, 0x55, 0x00,
    0x55, 0x55, 0x50, 0x07, 0xF0, 0x7F, 0xFF, 0xFC, 0x03, 0xFF, 0xFF, 0xD0, 0x3F, 0xD1, 0xFF, 0xFF,
    0xF0, 0x0F, 0xFF, 0xFF, 0x41, 0xFF, 0x40, 0x7F, 0xFD, 0x00, 0x07, 0xFF, 0xD0, 0x0F, 0xF4, 0x00,
    0xFF, 0xE0, 0x00, 0x0B, 0xFF, 0x00, 0x3F, 0x40, 0x03, 0xFF, 0x80, 0x00, 0x2F, 0xFC, 0x02, 0xF8,
    0x00, 0x0F, 0xFE, 0x00, 0x00, 0xBF, 0xF0, 0x0F, 0x80, 0x00, 0x3F, 0xF8, 0x00, 0x02, 0xFF, 0xC0,
    0x18, 0x00, 0x00, 0xFF, 0xE0, 0x00, 0x0B, 0xFF, 0x00, 0x00, 0x00, 0x03, 0xFF, 0x80, 0x00, 0x2F,
    0xFC, 0x00, 0x00, 0x00, 0x0F, 0xFF, 0xAA, 0xAA, 0xFF, 0xF0, 0x00, 0x00, 0x00, 0x3F, 0xFF, 0xFF,
    0xFF, 0xFF, 0xC0, 0x00, 0x00, 0x00, 0xFF, 0xFF, 0xFF, 0xFF, 0xFF, 0x00, 0x00, 0x00, 0x03, 0xFF,
    0xEA, 0xAA, 0xBF, 0xFC, 0x00, 0x00, 0x00, 0x0F, 0xFE, 0x00, 0x00, 0xBF, 0xF0, 0x00, 0x00, 0x00,
    0x3F, 0xF8, 0x00, 0x02, 0xFF, 0xC0, 0x00, 0x00, 0x00, 0xFF, 0xE0, 0x00, 0x0B, 0xFF, 0x00, 0x00,
    0x00, 0x03, 0xFF, 0x80, 0x00, 0x2F, 0xFC, 0x00, 0x00, 0x00, 0x0F, 0xFE, 0x00, 0x00, 0xBF, 0xF0,
    0x00, 0x00, 0x00, 0x3F, 0xF8, 0x00, 0x02, 0xFF, 0xC0, 0x00, 0x00, 0x00, 0xFF, 0xE0, 0x00, 0x0B,
    0xFF, 0x00, 0x00, 0x00, 0x2F, 0xFF, 0xE4, 0x01, 0xBF, 0xFF, 0x80, 0x00, 0x01, 0xFF, 0xFF, 0xF0,
    0x0F, 0xFF, 0xFF, 0x40, 0x00, 0x07, 0xFF, 0xFF, 0xC0, 0x3F, 0xFF, 0xFD, 0x00, 0x10, 0x05, 0x55,
    0x55, 0x00, 0x7F, 0x07, 0xFF, 0xFF, 0xD0, 0x3F, 0xD1, 0xFF, 0xFF, 0xF4, 0x1F, 0xF4, 0x07, 0xFF,
    0xD0, 0x0F, 0xF4, 0x00, 0xFF, 0xF0, 0x03, 0xF4, 0x00, 0x3F, 0xF8, 0x02, 0xF8, 0x00, 0x0F, 0xFE,
    0x00, 0xF8, 0x00, 0x03, 0xFF, 0x80, 0x18, 0x00, 0x00, 0xFF, 0xE0, 0x00, 0x00, 0x00, 0x3F, 0xF8,
    0x00, 0x00, 0x00, 0x0F, 0xFE, 0x00, 0x00, 0x00, 0x03, 0xFF, 0x80, 0x00, 0x00, 0x00, 0xFF, 0xE0,
    0x00, 0x00, 0x00, 0x3F, 0xF8, 0x00, 0x00, 0x00, 0x0F, 0xFE, 0x00, 0x00, 0x00, 0x03, 0xFF, 0x80,
    0x00, 0x00, 0x00, 0xFF, 0xE0, 0x00, 0x00, 0x00, 0x3F, 0xF8, 0x00, 0x00, 0x00, 0x0F, 0xFE, 0x00,
    0x00, 0x00, 0x03, 0xFF, 0x80, 0x00, 0x00, 0x00, 0xFF, 0xF0, 0x00, 0x00, 0x02, 0xFF, 0xFE, 0x80,
    0x00, 0x01, 0xFF, 0xFF, 0xF4, 0x00, 0x00, 0x7F, 0xFF, 0xFD, 0x00, 0x40, 0x00, 0x01, 0xAF, 0xE4,
    0x00, 0x00, 0x0F, 0xC0, 0x00, 0xBF, 0xFF, 0xFF, 0x40, 0x00, 0xBF, 0x80, 0x1F, 0xFF, 0xFF, 0xFF,
    0x80, 0x03, 0xFE, 0x01, 0xFF, 0xF9, 0x6F, 0xFF, 0x80, 0x2F, 0xE0, 0x0F, 0xFE, 0x00, 0x0F, 0xFF,
    0x40, 0xFE, 0x00, 0xFF, 0xE0, 0x00, 0x0F, 0xFF, 0x07, 0xF0, 0x07, 0xFF, 0x00, 0x00, 0x1F, 0xFE,
    0x2F, 0x00, 0x3F, 0xFC, 0x00, 0x00, 0x3F, 0xFC, 0x70, 0x00, 0xFF, 0xE0, 0x00, 0x00, 0xFF, 0xF0,
    0x00, 0x07, 0xFF, 0x40, 0x00, 0x02, 0xFF, 0xD0, 0x00, 0x1F, 0xFD, 0x00, 0x00, 0x0B, 0xFF, 0x40,
    0x00, 0xBF, 0xF4, 0x00, 0x00, 0x1F, 0xFD, 0x00, 0x02, 0xFF, 0xD0, 0x00, 0x00, 0x7F, 0xF4, 0x00,
    0x0B, 0xFF, 0x40, 0x00, 0x01, 0xFF, 0xD0, 0x00, 0x1F, 0xFD, 0x00, 0x00, 0x0B, 0xFF, 0x00, 0x00,
    0x7F, 0xF8, 0x00, 0x00, 0x2F, 0xFC, 0x00, 0x00, 0xFF, 0xF0, 0x00, 0x00, 0xFF, 0xF0, 0x00, 0x03,
    0xFF, 0xC0, 0x00, 0x03, 0xFF, 0x40, 0x00, 0x07, 0xFF, 0x80, 0x00, 0x1F, 0xFC, 0x00, 0x00, 0x0F,
    0xFF, 0x40, 0x00, 0xFF, 0xD0, 0x00, 0x00, 0x1F, 0xFF, 0x40, 0x1F, 0xFE, 0x00, 0x00, 0x00, 0x1F,
    0xFF, 0xFF, 0xFF, 0xE0, 0x00, 0x00, 0x00, 0x1F, 0xFF, 0xFF, 0xFE, 0x00, 0x00, 0x00, 0x00, 0x07,
    0xFF, 0xFF, 0x80, 0x00, 0x00, 0x00, 0x00, 0x00, 0x55, 0x40, 0x00, 0x00, 0x00, 0x40, 0x15, 0x55,
    0x54, 0x01, 0x55, 0x55, 0x01, 0xFC, 0x2F, 0xFF, 0xFF, 0x40, 0xBF, 0xFF, 0xE0, 0xFF, 0x8B, 0xFF,
    0xFF, 0xD0, 0x2F, 0xFF, 0xF8, 0x3F, 0xD0, 0x6F, 0xFF, 0x40, 0x00, 0xBF, 0xD0, 0x2F, 0xE0, 0x02,
    0xFF, 0xC0, 0x00, 0x1F, 0xD0, 0x0F, 0xE0, 0x00, 0x3F, 0xF8, 0x00, 0x0B, 0xE0, 0x07, 0xE0, 0x00,
    0x07, 0xFF, 0x40, 0x07, 0xF0, 0x03, 0xF0, 0x00, 0x00, 0xFF, 0xF0, 0x03, 0xF8, 0x00, 0x70, 0x00,
    0x00, 0x1F, 0xFE, 0x02, 0xFC, 0x00, 0x00, 0x00, 0x00, 0x02, 0xFF, 0xC0, 0xFD, 0x00, 0x00, 0x00,
    0x00, 0x00, 0x3F, 0xF8, 0xBF, 0x00, 0x00, 0x00, 0x00, 0x00, 0x07, 0xFF, 0xBF, 0x00, 0x00, 0x00,
    0x00, 0x00, 0x00, 0xFF, 0xFF, 0x80, 0x00, 0x00, 0x00, 0x00, 0x00, 0x1F, 0xFF, 0xC0, 0x00, 0x00,
    0x00, 0x00, 0x00, 0x02, 0xFF, 0xD0, 0x00, 0x00, 0x00, 0x00, 0x00, 0x00, 0x7F, 0xF0, 0x00, 0x00,
    0x00, 0x00, 0x00, 0x00, 0x1F, 0xFC, 0x00, 0x00, 0x00, 0x00, 0x00, 0x00, 0x07, 0xFF, 0x00, 0x00,
    0x00, 0x00, 0x00, 0x00, 0x01, 0xFF, 0xC0, 0x00, 0x00, 0x00, 0x00, 0x00, 0x00, 0x7F, 0xF0, 0x00,
    0x00, 0x00, 0x00, 0x00, 0x00, 0x1F, 0xFC, 0x00, 0x00, 0x00, 0x00, 0x00, 0x00, 0x6F, 0xFF, 0xE4,
    0x00, 0x00, 0x00, 0x00, 0x00, 0x7F, 0xFF, 0xFF, 0x00, 0x00, 0x00, 0x00, 0x00, 0x1F, 0xFF, 0xFF,
    0xC0, 0x00, 0x00, 0x10, 0x00, 0x00, 0x6F, 0xE9, 0x00, 0x00, 0x01, 0xFC, 0x00, 0x1F, 0xFF, 0xFF,
    0xE0, 0x00, 0x03, 0xFE, 0x00, 0xFF, 0xFF, 0xFF, 0xFD, 0x00, 0x03, 0xFD, 0x03, 0xFF, 0xF5, 0x6F,
    0xFF, 0x80, 0x0B, 0xF8, 0x0F, 0xFF, 0x40, 0x03, 0xFF, 0xD0, 0x0F, 0xE0, 0x2F, 0xFD, 0x00, 0x00,
    0xFF, 0xF0, 0x1F, 0x80, 0x3F, 0xF8, 0x00, 0x00, 0x7F, 0xF4, 0x3F, 0x00, 0x7F, 0xF4, 0x00, 0x00,
    0x3F, 0xF8, 0x1C, 0x00, 0xBF, 0xF0, 0x00, 0x00, 0x3F, 0xFC, 0x00, 0x00, 0xBF, 0xF0, 0x00, 0x00,
    0x3F, 0xFC, 0x00, 0x00, 0xBF, 0xF0, 0x00, 0x00, 0x3F, 0xFC, 0x00, 0x00, 0xBF, 0xF0, 0x00, 0x00,
    0x3F, 0xF8, 0x00, 0x00, 0x7F, 0xF4, 0x00, 0x00, 0x3F, 0xF8, 0x00, 0x00, 0x3F, 0xF8, 0x00, 0x00,
    0x7F, 0xF0, 0x00, 0x00, 0x2F, 0xFC, 0x00, 0x00, 0xBF, 0xE0, 0x00, 0x00, 0x0F, 0xFE, 0x00, 0x01,
    0xFF, 0xC0, 0x00, 0x00, 0x43, 0xFF, 0x80, 0x07, 0xFF, 0x45, 0x00, 0x02, 0xE0, 0xFF, 0xF0, 0x3F,
    0xFC, 0x1F, 0x00, 0x01, 0xF0, 0x1F, 0xF4, 0x3F, 0xE0, 0x3E, 0x00, 0x01, 0xF8, 0x02, 0xF4, 0x3F,
    0x00, 0x7E, 0x00, 0x01, 0xFE, 0x42, 0xF4, 0x3F, 0x06, 0xFD, 0x00, 0x00, 0xFF, 0xFF, 0xF4, 0x3F,
    0xFF, 0xFD, 0x00, 0x00, 0xFF, 0xFF, 0xF4, 0x3F, 0xFF, 0xFD, 0x00, 0x00, 0xFF, 0xFF, 0xF4, 0x3F,
    0xFF, 0xFC, 0x00, 0x00, 0x29, 0x00, 0x00, 0x00, 0x02, 0xFD, 0x00, 0x00, 0xA4, 0x0F, 0xF8, 0x64,
    0x0F, 0xF8, 0x7F, 0xCF, 0xFC, 0xBF, 0xF2, 0xFC, 0x7F, 0xF6, 0xFF, 0xCF, 0xD1, 0xFF, 0xD3, 0xFE,
    0x3E, 0x03, 0xFF, 0x02, 0x92, 0xF0, 0x02, 0xA0, 0x00, 0x01, 0x00, 0x00, 0x00, 0x00, 0x00, 0x00,
    0x00, 0x00, 0x00, 0x01, 0x00, 0x00, 0x00, 0x0F, 0xFD, 0x00, 0x00, 0x00, 0x3F, 0xF4, 0x00, 0x00,
    0x00, 0xFF, 0xD0, 0x00, 0x00, 0x03, 0xFF, 0x00, 0x00, 0x00, 0x0F, 0xFC, 0x00, 0x00, 0x00, 0x3F,
    0xF0, 0x00, 0x00, 0x00, 0xFF, 0xC0, 0x00, 0x00, 0x03, 0xFF, 0x00, 0x00, 0x00, 0x0F, 0xFC, 0x00,
    0x00, 0x00, 0x3F, 0xF0, 0x00, 0x00, 0x00, 0xFF, 0xC0, 0x00, 0x00, 0x03, 0xFF, 0x00, 0x00, 0x00,
    0x0F, 0xFC, 0x00, 0x00, 0x00, 0x3F, 0xF8, 0x10, 0x00, 0x00, 0xBF, 0xFF, 0xE0, 0x00, 0x00, 0xFF,
    0xFF, 0xC0, 0x00, 0x01, 0xFF, 0xF8, 0x00, 0x00, 0x00, 0x55, 0x00, 0x00, 0x00, 0x00, 0x05, 0x54,
    0x00, 0x00, 0x00, 0x00, 0x07, 0xFF, 0x80, 0x00, 0x00, 0x00, 0x02, 0xFF, 0xF0, 0x00, 0x00, 0x00,
    0x00, 0xFF, 0xFD, 0x00, 0x00, 0x00, 0x00, 0x7F, 0xFF, 0x80, 0x00, 0x00, 0x00, 0x3F, 0xBF, 0xF0,
    0x00, 0x00, 0x00, 0x0F, 0xCF, 0xFD, 0x00, 0x00, 0x00, 0x07, 0xE1, 0xFF, 0xC0, 0x00, 0x00, 0x03,
    0xF4, 0x3F, 0xF0, 0x00, 0x00, 0x00, 0xFC, 0x0F, 0xFE, 0x00, 0x00, 0x00, 0xBE, 0x02, 0xFF, 0xC0,
    0x00, 0x00, 0x3F, 0x40, 0x3F, 0xF0, 0x00, 0x00, 0x1F, 0xC0, 0x0F, 0xFE, 0x00, 0x00, 0x0B, 0xE0,
    0x02, 0xFF, 0xC0, 0x00, 0x03, 0xFF, 0xFF, 0xFF, 0xF4, 0x00, 0x01, 0xFF, 0xFF, 0xFF, 0xFE, 0x00,
    0x00, 0xBF, 0xFF, 0xFF, 0xFF, 0xC0, 0x00, 0x3F, 0x40, 0x00, 0x7F, 0xF4, 0x00, 0x1F, 0xC0, 0x00,
    0x0F, 0xFE, 0x00, 0x0F, 0xE0, 0x00, 0x02, 0xFF, 0xC0, 0x07, 0xF4, 0x00, 0x00, 0xBF, 0xF8, 0x1B,
    0xFF, 0x90, 0x01, 0xBF, 0xFF, 0x9F, 0xFF, 0xFC, 0x00, 0xFF, 0xFF, 0xFF, 0xFF, 0xFF, 0x00, 0x3F,
    0xFF, 0xFF, 0x15, 0x55, 0x55, 0x40, 0x00, 0x1F, 0xFF, 0xFF, 0xFF, 0xD0, 0x07, 0xFF, 0xFF, 0xFF,
    0xFF, 0x00, 0x1F, 0xFF, 0x57, 0xFF, 0xF0, 0x03, 0xFF, 0x80, 0x2F, 0xFD, 0x00, 0xFF, 0xE0, 0x03,
    0xFF, 0x80, 0x3F, 0xF8, 0x00, 0xFF, 0xE0, 0x0F, 0xFE, 0x00, 0x3F, 0xF4, 0x03, 0xFF, 0x80, 0x1F,
    0xFC, 0x00, 0xFF, 0xE0, 0x0F, 0xFD, 0x00, 0x3F, 0xFD, 0x6F, 0xFC, 0x00, 0x0F, 0xFF, 0xFF, 0xF8,
    0x00, 0x03, 0xFF, 0xFF, 0xFF, 0xE4, 0x00, 0xFF, 0xF4, 0x5F, 0xFF, 0x40, 0x3F, 0xF8, 0x00, 0xBF,
    0xF4, 0x0F, 0xFE, 0x00, 0x0F, 0xFE, 0x03, 0xFF, 0x80, 0x03, 0xFF, 0xC0, 0xFF, 0xE0, 0x00, 0xFF,
    0xF0, 0x3F, 0xF8, 0x00, 0x3F, 0xFC, 0x0F, 0xFE, 0x00, 0x2F, 0xFE, 0x03, 0xFF, 0x80, 0x2F, 0xFF,
    0x0B, 0xFF, 0xFF, 0xFF, 0xFF, 0x47, 0xFF, 0xFF, 0xFF, 0xFF, 0x01, 0xFF, 0xFF, 0xFF, 0xF8, 0x00,
    0x15, 0x55, 0x55, 0x55, 0x51, 0xFF, 0xFF, 0xFF, 0xFF, 0xC7, 0xFF, 0xFF, 0xFF, 0xFF, 0x01, 0xFF,
    0xF5, 0x5B, 0xFD, 0x03, 0xFF, 0x80, 0x07, 0xF8, 0x0F, 0xFE, 0x00, 0x0B, 0xE0, 0x3F, 0xF8, 0x00,
    0x1F, 0xC0, 0xFF, 0xE0, 0x00, 0x29, 0x03, 0xFF, 0x80, 0x00, 0x00, 0x0F, 0xFE, 0x00, 0x00, 0x00,
    0x3F, 0xF8, 0x00, 0x00, 0x00, 0xFF, 0xE0, 0x00, 0x00, 0x03, 0xFF, 0x80, 0x00, 0x00, 0x0F, 0xFE,
    0x00, 0x00, 0x00, 0x3F, 0xF8, 0x00, 0x00, 0x00, 0xFF, 0xE0, 0x00, 0x00, 0x03, 0xFF, 0x80, 0x00,
    0x00, 0x0F, 0xFE, 0x00, 0x00, 0x00, 0x3F, 0xF8, 0x00, 0x00, 0x00, 0xFF, 0xE0, 0x00, 0x00, 0x03,
    0xFF, 0xC0, 0x00, 0x00, 0xBF, 0xFF, 0xE8, 0x00, 0x07, 0xFF, 0xFF, 0xF4, 0x00, 0x1F, 0xFF, 0xFF,
    0xD0, 0x00, 0x00, 0x00, 0x15, 0x50, 0x00, 0x00, 0x00, 0x0F, 0xFF, 0x40, 0x00, 0x00, 0x00, 0xFF,
    0xF8, 0x00, 0x00, 0x00, 0x2F, 0xFF, 0xC0, 0x00, 0x00, 0x03, 0xFF, 0xFD, 0x00, 0x00, 0x00, 0x7F,
    0xBF, 0xF0, 0x00, 0x00, 0x0B, 0xE3, 0xFF, 0x00, 0x00, 0x00, 0xFC, 0x3F, 0xF8, 0x00, 0x00, 0x1F,
    0xC1, 0xFF, 0xC0, 0x00, 0x03, 0xF4, 0x0F, 0xFD, 0x00, 0x00, 0x3F, 0x00, 0xFF, 0xE0, 0x00, 0x0B,
    0xE0, 0x07, 0xFF, 0x00, 0x00, 0xFD, 0x00, 0x3F, 0xF4, 0x00, 0x1F, 0xC0, 0x03, 0xFF, 0x80, 0x02,
    0xF8, 0x00, 0x1F, 0xFC, 0x00, 0x3F, 0x40, 0x00, 0xFF, 0xD0, 0x07, 0xF0, 0x00, 0x0F, 0xFF, 0x00,
    0xFE, 0x00, 0x00, 0x7F, 0xF0, 0x0F, 0xC0, 0x00, 0x03, 0xFF, 0x82, 0xFC, 0x00, 0x00, 0x3F, 0xFC,
    0x3F, 0xEA, 0xAA, 0xAB, 0xFF, 0xD7, 0xFF, 0xFF, 0xFF, 0xFF, 0xFE, 0x7F, 0xFF, 0xFF, 0xFF, 0xFF,
    0xE3, 0xFF, 0xFF, 0xFF, 0xFF, 0xFE, 0x15, 0x55, 0x55, 0x55, 0x50, 0x7F, 0xFF, 0xFF, 0xFF, 0xF4,
    0x7F, 0xFF, 0xFF, 0xFF, 0xF8, 0x07, 0xFF, 0xD5, 0x6F, 0xF8, 0x03, 0xFF, 0x80, 0x03, 0xFC, 0x03,
    0xFF, 0x80, 0x01, 0xFC, 0x03, 0xFF, 0x80, 0x00, 0xFC, 0x03, 0xFF, 0x80, 0x00, 0x00, 0x03, 0xFF,
    0x80, 0x3C, 0x00, 0x03, 0xFF, 0x80, 0x7C, 0x00, 0x03, 0xFF, 0xC1, 0xFC, 0x00, 0x03, 0xFF, 0xFF,
    0xFC, 0x00, 0x03, 0xFF, 0xFF, 0xFC, 0x00, 0x03, 0xFF, 0xEA, 0xFC, 0x00, 0x03, 0xFF, 0x80, 0x7C,
    0x00, 0x03, 0xFF, 0x80, 0x3C, 0x00, 0x03, 0xFF, 0x80, 0x00, 0x00, 0x03, 0xFF, 0x80, 0x00, 0x7F,
    0x03, 0xFF, 0x80, 0x00, 0xBE, 0x03, 0xFF, 0x80, 0x00, 0xFE, 0x03, 0xFF, 0x80, 0x02, 0xFD, 0x2F,
    0xFF, 0xFF, 0xFF, 0xFD, 0x7F, 0xFF, 0xFF, 0xFF, 0xFC, 0x7F, 0xFF, 0xFF, 0xFF, 0xFC, 0x15, 0x55,
    0x55, 0x55, 0x55, 0x0F, 0xFF, 0xFF, 0xFF, 0xFF, 0xC3, 0xFF, 0xFF, 0xFF, 0xFF, 0xF0, 0xFF, 0xE5,
    0x55, 0xBF, 0xFC, 0x3F, 0xD0, 0x00, 0x3F, 0xFC, 0x0F, 0xF0, 0x00, 0x3F, 0xFD, 0x03, 0xF8, 0x00,
    0x2F, 0xFE, 0x00, 0xFC, 0x00, 0x1F, 0xFF, 0x00, 0x25, 0x00, 0x0F, 0xFF, 0x00, 0x00, 0x00, 0x0F,
    0xFF, 0x80, 0x00, 0x00, 0x0B, 0xFF, 0xC0, 0x00, 0x00, 0x07, 0xFF, 0xC0, 0x00, 0x00, 0x03, 0xFF,
    0xD0, 0x00, 0x00, 0x02, 0xFF, 0xE0, 0x00, 0x00, 0x01, 0xFF, 0xF0, 0x00, 0x00, 0x00, 0xFF, 0xF0,
    0x00, 0x00, 0x00, 0xFF, 0xF4, 0x00, 0x3F, 0x40, 0xBF, 0xF8, 0x00, 0x0F, 0xC0, 0x7F, 0xFC, 0x00,
    0x0B, 0xF0, 0x3F, 0xFD, 0x00, 0x03, 0xFC, 0x3F, 0xFE, 0x00, 0x07, 0xFF, 0x1F, 0xFF, 0xFF, 0xFF,
    0xFF, 0xC7, 0xFF, 0xFF, 0xFF, 0xFF, 0xF1, 0xFF, 0xFF, 0xFF, 0xFF, 0xF8, 0x15, 0x55, 0x54, 0x01,
    0x55, 0x55, 0x47, 0xFF, 0xFF, 0xC0, 0x3F, 0xFF, 0xFD, 0x7F, 0xFF, 0xFC, 0x03, 0xFF, 0xFF, 0xD0,
    0x7F, 0xFD, 0x00, 0x07, 0xFF, 0xD0, 0x03, 0xFF, 0x80, 0x00, 0x2F, 0xFC, 0x00, 0x3F, 0xF8, 0x00,
    0x02, 0xFF, 0xC0, 0x03, 0xFF, 0x80, 0x00, 0x2F, 0xFC, 0x00, 0x3F, 0xF8, 0x00, 0x02, 0xFF, 0xC0,
    0x03, 0xFF, 0x80, 0x00, 0x2F, 0xFC, 0x00, 0x3F, 0xF8, 0x00, 0x02, 0xFF, 0xC0, 0x03, 0xFF, 0xEA,
    0xAA, 0xBF, 0xFC, 0x00, 0x3F, 0xFF, 0xFF, 0xFF, 0xFF, 0xC0, 0x03, 0xFF, 0xFF, 0xFF, 0xFF, 0xFC,
    0x00, 0x3F, 0xFE, 0xAA, 0xAB, 0xFF, 0xC0, 0x03, 0xFF, 0x80, 0x00, 0x2F, 0xFC, 0x00, 0x3F, 0xF8,
    0x00, 0x02, 0xFF, 0xC0, 0x03, 0xFF, 0x80, 0x00, 0x2F, 0xFC, 0x00, 0x3F, 0xF8, 0x00, 0x02, 0xFF,
    0xC0, 0x03, 0xFF, 0x80, 0x00, 0x2F, 0xFC, 0x00, 0x3F, 0xF8, 0x00, 0x02, 0xFF, 0xC0, 0x03, 0xFF,
    0x80, 0x00, 0x2F, 0xFC, 0x02, 0xFF, 0xFE, 0x40, 0x1B, 0xFF, 0xF8, 0x7F, 0xFF, 0xFC, 0x03, 0xFF,
    0xFF, 0xD7, 0xFF, 0xFF, 0xC0, 0x3F, 0xFF, 0xFD, 0x00, 0x00, 0x1B, 0xFA, 0x40, 0x00, 0x00, 0x01,
    0xFF, 0xFF, 0xFE, 0x00, 0x00, 0x03, 0xFF, 0xFF, 0xFF, 0xF4, 0x00, 0x03, 0xFF, 0xE5, 0x7F, 0xFF,
    0x40, 0x03, 0xFF, 0xC0, 0x01, 0xFF, 0xF4, 0x02, 0xFF, 0xC0, 0x00, 0x0F, 0xFF, 0x00, 0xFF, 0xD0,
    0x00, 0x02, 0xFF, 0xD0, 0xBF, 0xF0, 0x00, 0x00, 0x3F, 0xFC, 0x3F, 0xF8, 0x00, 0x00, 0x0F, 0xFF,
    0x0F, 0xFD, 0x2C, 0x00, 0xF2, 0xFF, 0xC3, 0xFF, 0x4F, 0x00, 0x3C, 0x7F, 0xF5, 0xFF, 0xD3, 0xFA,
    0xBF, 0x1F, 0xFD, 0x7F, 0xF4, 0xFF, 0xFF, 0xC7, 0xFF, 0x5F, 0xFD, 0x3E, 0x56, 0xF1, 0xFF, 0xD7,
    0xFF, 0x4F, 0x00, 0x3C, 0x7F, 0xF0, 0xFF, 0xE2, 0x80, 0x09, 0x2F, 0xFC, 0x3F, 0xFC, 0x00, 0x00,
    0x0F, 0xFE, 0x0B, 0xFF, 0x40, 0x00, 0x03, 0xFF, 0x40, 0xFF, 0xF0, 0x00, 0x02, 0xFF, 0xC0, 0x2F,
    0xFE, 0x00, 0x00, 0xFF, 0xC0, 0x03, 0xFF, 0xE0, 0x01, 0xFF, 0xD0, 0x00, 0x3F, 0xFF, 0xFF, 0xFF,
    0xD0, 0x00, 0x02, 0xFF, 0xFF, 0xFF, 0xD0, 0x00, 0x00, 0x0B, 0xFF, 0xFF, 0x40, 0x00, 0x00, 0x00,
    0x05, 0x54, 0x00, 0x00, 0x00, 0x15, 0x55, 0x54, 0x7F, 0xFF, 0xFD, 0x7F, 0xFF, 0xFD, 0x07, 0xFF,
    0xD0, 0x03, 0xFF, 0xC0, 0x03, 0xFF, 0x80, 0x03, 0xFF, 0x80, 0x03, 0xFF, 0x80, 0x03, 0xFF, 0x80,
    0x03, 0xFF, 0x80, 0x03, 0xFF, 0x80, 0x03, 0xFF, 0x80, 0x03, 0xFF, 0x80, 0x03, 0xFF, 0x80, 0x03,
    0xFF, 0x80, 0x03, 0xFF, 0x80, 0x03, 0xFF, 0x80, 0x03, 0xFF, 0x80, 0x03, 0xFF, 0x80, 0x03, 0xFF,
    0x80, 0x03, 0xFF, 0xC0, 0x2F, 0xFF, 0xE8, 0x7F, 0xFF, 0xFD, 0x7F, 0xFF, 0xFD, 0x15, 0x55, 0x54,
    0x01, 0x55, 0x54, 0x1F, 0xFF, 0xFF, 0x42, 0xFF, 0xFF, 0x07, 0xFF, 0xFF, 0xD0, 0xFF, 0xFF, 0xC0,
    0x1F, 0xFF, 0x40, 0x03, 0xFF, 0x40, 0x03, 0xFF, 0xC0, 0x00, 0xFF, 0x00, 0x00, 0xFF, 0xE0, 0x00,
    0xFF, 0x00, 0x00, 0x3F, 0xF8, 0x00, 0xFF, 0x00, 0x00, 0x0F, 0xFE, 0x00, 0xFF, 0x00, 0x00, 0x03,
    0xFF, 0x80, 0xFF, 0x00, 0x00, 0x00, 0xFF, 0xE0, 0xFF, 0x00, 0x00, 0x00, 0x3F, 0xF8, 0xFF, 0x80,
    0x00, 0x00, 0x0F, 0xFF, 0xFF, 0xF0, 0x00, 0x00, 0x03, 0xFF, 0xFF, 0xFE, 0x00, 0x00, 0x00, 0xFF,
    0xFF, 0xFF, 0xD0, 0x00, 0x00, 0x3F, 0xFF, 0x7F, 0xFC, 0x00, 0x00, 0x0F, 0xFF, 0x0B, 0xFF, 0x80,
    0x00, 0x03, 0xFF, 0x80, 0xFF, 0xF4, 0x00, 0x00, 0xFF, 0xE0, 0x1F, 0xFF, 0x00, 0x00, 0x3F, 0xF8,
    0x03, 0xFF, 0xE0, 0x00, 0x0F, 0xFE, 0x00, 0x3F, 0xFC, 0x00, 0x03, 0xFF, 0xC0, 0x0B, 0xFF, 0xC0,
    0x0B, 0xFF, 0xFA, 0x00, 0xFF, 0xFF, 0xE7, 0xFF, 0xFF, 0xD0, 0x1F, 0xFF, 0xFD, 0xFF, 0xFF, 0xF4,
    0x01, 0xFF, 0xFD, 0x00, 0x00, 0x00, 0x00, 0x01, 0x50, 0x00, 0x00, 0x00, 0x05, 0x54, 0x00, 0x00,
    0x00, 0x00, 0x0B, 0xFF, 0x40, 0x00, 0x00, 0x00, 0x03, 0xFF, 0xE0, 0x00, 0x00, 0x00, 0x01, 0xFF,
    0xFC, 0x00, 0x00, 0x00, 0x00, 0xBF, 0xFF, 0x40, 0x00, 0x00, 0x00, 0x3F, 0x7F, 0xE0, 0x00, 0x00,
    0x00, 0x1F, 0x8F, 0xFC, 0x00, 0x00, 0x00, 0x0B, 0xD3, 0xFF, 0x40, 0x00, 0x00, 0x03, 0xF0, 0xBF,
    0xE0, 0x00, 0x00, 0x01, 0xFC, 0x1F, 0xFC, 0x00, 0x00, 0x00, 0xBD, 0x03, 0xFF, 0x40, 0x00, 0x00,
    0x3F, 0x00, 0xBF, 0xE0, 0x00, 0x00, 0x1F, 0xC0, 0x1F, 0xFC, 0x00, 0x00, 0x0B, 0xE0, 0x03, 0xFF,
    0x40, 0x00, 0x03, 0xF0, 0x00, 0xFF, 0xF0, 0x00, 0x01, 0xFC, 0x00, 0x2F, 0xFC, 0x00, 0x00, 0xFE,
    0x00, 0x03, 0xFF, 0x40, 0x00, 0x3F, 0x40, 0x00, 0xFF, 0xF0, 0x00, 0x1F, 0xC0, 0x00, 0x2F, 0xFC,
    0x00, 0x0F, 0xE0, 0x00, 0x07, 0xFF, 0x40, 0x07, 0xF4, 0x00, 0x00, 0xFF, 0xF0, 0x1B, 0xFF, 0x90,
    0x06, 0xFF, 0xFF, 0x8F, 0xFF, 0xFC, 0x02, 0xFF, 0xFF, 0xF3, 0xFF, 0xFF, 0x00, 0xBF, 0xFF, 0xFC,
    0x15, 0x55, 0x50, 0x00, 0x00, 0x15, 0x55, 0x40, 0xBF, 0xFF, 0xE0, 0x00, 0x01, 0xFF, 0xFF, 0x82,
    0xFF, 0xFF, 0xC0, 0x00, 0x0B, 0xFF, 0xFE, 0x00, 0xBF, 0xFF, 0x40, 0x00, 0x3F, 0xFF, 0x40, 0x00,
    0xFF, 0xFF, 0x00, 0x02, 0xFF, 0xFC, 0x00, 0x07, 0xFF, 0xFC, 0x00, 0x0F, 0xFF, 0xF0, 0x00, 0x1F,
    0xFF, 0xF8, 0x00, 0x7F, 0xFF, 0xC0, 0x00, 0x7F, 0x7F, 0xF0, 0x03, 0xF7, 0xFF, 0x00, 0x01, 0xFC,
    0xFF, 0xD0, 0x0F, 0xCF, 0xFD, 0x00, 0x0B, 0xF2, 0xFF, 0x80, 0xBD, 0x3F, 0xF4, 0x00, 0x2F, 0xC3,
    0xFF, 0x03, 0xF0, 0xFF, 0xD0, 0x00, 0xBF, 0x0F, 0xFD, 0x1F, 0x83, 0xFF, 0x40, 0x02, 0xF8, 0x1F,
    0xFC, 0xFC, 0x0F, 0xFE, 0x00, 0x0B, 0xE0, 0x3F, 0xF7, 0xF0, 0x3F, 0xF8, 0x00, 0x3F, 0x80, 0xBF,
    0xFF, 0x40, 0xBF, 0xE0, 0x00, 0xFE, 0x00, 0xFF, 0xFC, 0x02, 0xFF, 0x80, 0x03, 0xF4, 0x03, 0xFF,
    0xE0, 0x0B, 0xFF, 0x00, 0x0F, 0xD0, 0x07, 0xFF, 0x00, 0x2F, 0xFC, 0x00, 0x3F, 0x40, 0x0F, 0xFC,
    0x00, 0x7F, 0xF0, 0x00, 0xFD, 0x00, 0x2F, 0xD0, 0x01, 0xFF, 0xC0, 0x03, 0xF4, 0x00, 0x00, 0x00,
    0x07, 0xFF, 0x00, 0xBF, 0xF9, 0x00, 0x00, 0x01, 0xBF, 0xFF, 0x8B, 0xFF, 0xFC, 0x00, 0x00, 0x0F,
    0xFF, 0xFF, 0xAF, 0xFF, 0xF0, 0x00, 0x00, 0x3F, 0xFF, 0xFE, 0x15, 0x55, 0x40, 0x00, 0x15, 0x55,
    0x47, 0xFF, 0xFE, 0x00, 0x07, 0xFF, 0xFD, 0x7F, 0xFF, 0xF4, 0x00, 0x7F, 0xFF, 0xD0, 0x7F, 0xFF,
    0xC0, 0x00, 0x7F, 0xD0, 0x03, 0xFF, 0xFD, 0x00, 0x03, 0xFC, 0x00, 0x3F, 0xFF, 0xF0, 0x00, 0x3F,
    0xC0, 0x03, 0xFF, 0xFF, 0x80, 0x03, 0xFC, 0x00, 0x3F, 0xFF, 0xFD, 0x00, 0x3F, 0xC0, 0x03, 0xFD,
    0xFF, 0xF0, 0x03, 0xFC, 0x00, 0x3F, 0xCF, 0xFF, 0x40, 0x3F, 0xC0, 0x03, 0xFC, 0x3F, 0xFC, 0x03,
    0xFC, 0x00, 0x3F, 0xC2, 0xFF, 0xE0, 0x3F, 0xC0, 0x03, 0xFC, 0x0F, 0xFF, 0x43, 0xFC, 0x00, 0x3F,
    0xC0, 0x7F, 0xFC, 0x3F, 0xC0, 0x03, 0xFC, 0x02, 0xFF, 0xD3, 0xFC, 0x00, 0x3F, 0xC0, 0x0F, 0xFF,
    0x3F, 0xC0, 0x03, 0xFC, 0x00, 0x7F, 0xFB, 0xFC, 0x00, 0x3F, 0xC0, 0x03, 0xFF, 0xFF, 0xC0, 0x03,
    0xFC, 0x00, 0x1F, 0xFF, 0xFC, 0x00, 0x3F, 0xC0, 0x00, 0xBF, 0xFF, 0xC0, 0x03, 0xFC, 0x00, 0x03,
    0xFF, 0xFC, 0x02, 0xFF, 0xF8, 0x00, 0x1F, 0xFF, 0xC0, 0x7F, 0xFF, 0xD0, 0x00, 0xFF, 0xFC, 0x07,
    0xFF, 0xFD, 0x00, 0x03, 0xFF, 0xC0, 0x05, 0x55, 0x55, 0x55, 0x54, 0x07, 0xFF, 0xFF, 0xFF, 0xFF,
    0x02, 0xFF, 0xFF, 0xFF, 0xFF, 0xD0, 0xBF, 0xFF, 0xFF, 0xFF, 0xF8, 0x3F, 0xE4, 0x00, 0x06, 0xFE,
    0x0F, 0xD0, 0x00, 0x00, 0x2F, 0xC3, 0xF0, 0x00, 0x00, 0x03, 0xF0, 0x00, 0x00, 0x00, 0x00, 0x00,
    0x00, 0x00, 0x00, 0x00, 0x00, 0x00, 0x2E, 0x00, 0x03, 0xD0, 0x00, 0x0B, 0xD0, 0x06, 0xF4, 0x00,
    0x02, 0xFF, 0xFF, 0xFD, 0x00, 0x00, 0xBF, 0xFF, 0xFF, 0x40, 0x00, 0x2F, 0xFF, 0xFF, 0xD0, 0x00,
    0x0B, 0xC0, 0x01, 0xF4, 0x00, 0x02, 0xE0, 0x00, 0x38, 0x00, 0x00, 0x00, 0x00, 0x00, 0x00, 0x2F,
    0x40, 0x00, 0x00, 0x0B, 0xEB, 0xE0, 0x00, 0x00, 0x03, 0xF5, 0xFD, 0x00, 0x00, 0x01, 0xFD, 0x7F,
    0xFA, 0xAA, 0xAB, 0xFF, 0x1F, 0xFF, 0xFF, 0xFF, 0xFF, 0xC3, 0xFF, 0xFF, 0xFF, 0xFF, 0xF0, 0xFF,
    0xFF, 0xFF, 0xFF, 0xFC, 0x00, 0x00, 0x6B, 0xF9, 0x00, 0x00, 0x00, 0x0B, 0xFF, 0xFF, 0xF4, 0x00,
    0x00, 0x7F, 0xFF, 0xFF, 0xFE, 0x00, 0x01, 0xFF, 0xF9, 0x6F, 0xFF, 0x80, 0x03, 0xFF, 0x80, 0x03,
    0xFF, 0xD0, 0x0F, 0xFE, 0x00, 0x00, 0xFF, 0xF0, 0x1F, 0xFC, 0x00, 0x00, 0x7F, 0xF8, 0x3F, 0xFC,
    0x00, 0x00, 0x3F, 0xFC, 0x3F, 0xF8, 0x00, 0x00, 0x3F, 0xFC, 0x7F, 0xF4, 0x00, 0x00, 0x2F, 0xFD,
    0x7F, 0xF4, 0x00, 0x00, 0x2F, 0xFD, 0xBF, 0xF4, 0x00, 0x00, 0x1F, 0xFD, 0xBF, 0xF4, 0x00, 0x00,
    0x1F, 0xFD, 0xBF, 0xF4, 0x00, 0x00, 0x1F, 0xFD, 0x7F, 0xF4, 0x00, 0x00, 0x2F, 0xFC, 0x7F, 0xF8,
    0x00, 0x00, 0x2F, 0xFC, 0x3F, 0xFC, 0x00, 0x00, 0x3F, 0xFC, 0x3F, 0xFC, 0x00, 0x00, 0x3F, 0xF4,
    0x1F, 0xFE, 0x00, 0x00, 0x7F, 0xF0, 0x0F, 0xFF, 0x40, 0x00, 0xFF, 0xD0, 0x07, 0xFF, 0xD0, 0x07,
    0xFF, 0x80, 0x01, 0xFF, 0xFF, 0xFF, 0xFE, 0x00, 0x00, 0x7F, 0xFF, 0xFF, 0xF8, 0x00, 0x00, 0x07,
    0xFF, 0xFF, 0x80, 0x00, 0x00, 0x00, 0x15, 0x50, 0x00, 0x00, 0x15, 0x55, 0x55, 0x55, 0x55, 0x55,
    0x47, 0xFF, 0xFF, 0xFF, 0xFF, 0xFF, 0xFC, 0x7F, 0xFF, 0xFF, 0xFF, 0xFF, 0xFF, 0xC0, 0x7F, 0xFF,
    0xFF, 0xFF, 0xFF, 0xD0, 0x03, 0xFF, 0x80, 0x00, 0x3F, 0xF8, 0x00, 0x3F, 0xF8, 0x00, 0x03, 0xFF,
    0x80, 0x03, 0xFF, 0x80, 0x00, 0x3F, 0xF8, 0x00, 0x3F, 0xF8, 0x00, 0x03, 0xFF, 0x80, 0x03, 0xFF,
    0x80, 0x00, 0x3F, 0xF8, 0x00, 0x3F, 0xF8, 0x00, 0x03, 0xFF, 0x80, 0x03, 0xFF, 0x80, 0x00, 0x3F,
    0xF8, 0x00, 0x3F, 0xF8, 0x00, 0x03, 0xFF, 0x80, 0x03, 0xFF, 0x80, 0x00, 0x3F, 0xF8, 0x00, 0x3F,
    0xF8, 0x00, 0x03, 0xFF, 0x80, 0x03, 0xFF, 0x80, 0x00, 0x3F, 0xF8, 0x00, 0x3F, 0xF8, 0x00, 0x03,
    0xFF, 0x80, 0x03, 0xFF, 0x80, 0x00, 0x3F, 0xF8, 0x00, 0x3F, 0xF8, 0x00, 0x03, 0xFF, 0x80, 0x03,
    0xFF, 0x80, 0x00, 0x3F, 0xF8, 0x00, 0x3F, 0xF8, 0x00, 0x03, 0xFF, 0x80, 0x03, 0xFF, 0x80, 0x00,
    0x3F, 0xF8, 0x02, 0xFF, 0xFE, 0x40, 0x2F, 0xFF, 0xE4, 0x7F, 0xFF, 0xFC, 0x07, 0xFF, 0xFF, 0xC7,
    0xFF, 0xFF, 0xC0, 0x7F, 0xFF, 0xFC, 0x15, 0x55, 0x55, 0x40, 0x00, 0x1F, 0xFF, 0xFF, 0xFF, 0xD0,
    0x07, 0xFF, 0xFF, 0xFF, 0xFF, 0x00, 0x1F, 0xFF, 0x5B, 0xFF, 0xF0, 0x03, 0xFF, 0x80, 0x2F, 0xFD,
    0x00, 0xFF, 0xE0, 0x03, 0xFF, 0xC0, 0x3F, 0xF8, 0x00, 0xFF, 0xF0, 0x0F, 0xFE, 0x00, 0x2F, 0xFC,
    0x03, 0xFF, 0x80, 0x0B, 0xFF, 0x00, 0xFF, 0xE0, 0x03, 0xFF, 0xC0, 0x3F, 0xF8, 0x01, 0xFF, 0xD0,
    0x0F, 0xFE, 0x00, 0xFF, 0xF0, 0x03, 0xFF, 0xEB, 0xFF, 0xF4, 0x00, 0xFF, 0xFF, 0xFF, 0xF4, 0x00,
    0x3F, 0xFF, 0xFF, 0xD0, 0x00, 0x0F, 0xFE, 0x14, 0x00, 0x00, 0x03, 0xFF, 0x80, 0x00, 0x00, 0x00,
    0xFF, 0xE0, 0x00, 0x00, 0x00, 0x3F, 0xF8, 0x00, 0x00, 0x00, 0x0F, 0xFE, 0x00, 0x00, 0x00, 0x03,
    0xFF, 0xC0, 0x00, 0x00, 0x0B, 0xFF, 0xFE, 0x40, 0x00, 0x07, 0xFF, 0xFF, 0xF4, 0x00, 0x01, 0xFF,
    0xFF, 0xFD, 0x00, 0x00, 0x15, 0x55, 0x55, 0x55, 0x54, 0x0F, 0xFF, 0xFF, 0xFF, 0xFF, 0x03, 0xFF,
    0xFF, 0xFF, 0xFF, 0xC0, 0xFF, 0xFD, 0x55, 0x6F, 0xF4, 0x1F, 0xFF, 0x40, 0x01, 0xFE, 0x02, 0xFF,
    0xF0, 0x00, 0x2F, 0x80, 0x3F, 0xFE, 0x00, 0x07, 0xF0, 0x07, 0xFF, 0xD0, 0x00, 0xA4, 0x00, 0xFF,
    0xFC, 0x00, 0x00, 0x00, 0x0F, 0xFF, 0x80, 0x00, 0x00, 0x02, 0xFF, 0xF4, 0x00, 0x00, 0x00, 0x3F,
    0xFF, 0x00, 0x00, 0x00, 0x07, 0xFF, 0x80, 0x00, 0x00, 0x01, 0xFF, 0xC0, 0x00, 0x00, 0x00, 0xFF,
    0xC0, 0x00, 0x00, 0x00, 0xFF, 0xD0, 0x00, 0x14, 0x00, 0xBF, 0xE0, 0x00, 0x2F, 0x80, 0x7F, 0xF0,
    0x00, 0x0F, 0xD0, 0x3F, 0xF0, 0x00, 0x07, 0xF4, 0x3F, 0xF4, 0x00, 0x03, 0xFD, 0x2F, 0xFE, 0xAA,
    0xAB, 0xFF, 0x1F, 0xFF, 0xFF, 0xFF, 0xFF, 0xC7, 0xFF, 0xFF, 0xFF, 0xFF, 0xF1, 0xFF, 0xFF, 0xFF,
    0xFF, 0xFC, 0x05, 0x55, 0x55, 0x55, 0x55, 0x54, 0x03, 0xFF, 0xFF, 0xFF, 0xFF, 0xFF, 0x01, 0xFF,
    0xFF, 0xFF, 0xFF, 0xFF, 0xD0, 0xBF, 0xE5, 0xBF, 0xF9, 0x7F, 0xF4, 0x2F, 0xE0, 0x1F, 0xFC, 0x02,
    0xFE, 0x0F, 0xF0, 0x07, 0xFF, 0x00, 0x3F, 0x83, 0xF4, 0x01, 0xFF, 0xC0, 0x0B, 0xF0, 0xFC, 0x00,
    0x7F, 0xF0, 0x01, 0xFC, 0x01, 0x00, 0x1F, 0xFC, 0x00, 0x10, 0x00, 0x00, 0x07, 0xFF, 0x00, 0x00,
    0x00, 0x00, 0x01, 0xFF, 0xC0, 0x00, 0x00, 0x00, 0x00, 0x7F, 0xF0, 0x00, 0x00, 0x00, 0x00, 0x1F,
    0xFC, 0x00, 0x00, 0x00, 0x00, 0x07, 0xFF, 0x00, 0x00, 0x00, 0x00, 0x01, 0xFF, 0xC0, 0x00, 0x00,
    0x00, 0x00, 0x7F, 0xF0, 0x00, 0x00, 0x00, 0x00, 0x1F, 0xFC, 0x00, 0x00, 0x00, 0x00, 0x07, 0xFF,
    0x00, 0x00, 0x00, 0x00, 0x01, 0xFF, 0xC0, 0x00, 0x00, 0x00, 0x00, 0x7F, 0xF0, 0x00, 0x00, 0x00,
    0x00, 0x1F, 0xFD, 0x00, 0x00, 0x00, 0x01, 0xAF, 0xFF, 0xE9, 0x00, 0x00, 0x00, 0xFF, 0xFF, 0xFF,
    0x80, 0x00, 0x00, 0x3F, 0xFF, 0xFF, 0xE0, 0x00, 0x15, 0x55, 0x54, 0x01, 0x55, 0x55, 0x2F, 0xFF,
    0xFF, 0x40, 0xBF, 0xFF, 0xEB, 0xFF, 0xFF, 0xD0, 0x2F, 0xFF, 0xF8, 0x6F, 0xFF, 0x40, 0x00, 0xBF,
    0xD0, 0x02, 0xFF, 0xC0, 0x00, 0x1F, 0xD0, 0x00, 0x3F, 0xF8, 0x00, 0x0B, 0xE0, 0x00, 0x07, 0xFF,
    0x40, 0x07, 0xF0, 0x00, 0x00, 0xFF, 0xF0, 0x03, 0xF8, 0x00, 0x00, 0x1F, 0xFE, 0x02, 0xFC, 0x00,
    0x00, 0x02, 0xFF, 0xC0, 0xFD, 0x00, 0x00, 0x00, 0x3F, 0xF8, 0xBF, 0x00, 0x00, 0x00, 0x07, 0xFF,
    0xBF, 0x00, 0x00, 0x00, 0x00, 0xFF, 0xFF, 0x80, 0x00, 0x00, 0x00, 0x1F, 0xFF, 0xC0, 0x00, 0x00,
    0x00, 0x02, 0xFF, 0xD0, 0x00, 0x00, 0x00, 0x00, 0x7F, 0xF0, 0x00, 0x00, 0x00, 0x00, 0x1F, 0xFC,
    0x00, 0x00, 0x00, 0x00, 0x07, 0xFF, 0x00, 0x00, 0x00, 0x00, 0x01, 0xFF, 0xC0, 0x00, 0x00, 0x00,
    0x00, 0x7F, 0xF0, 0x00, 0x00, 0x00, 0x00, 0x1F, 0xFC, 0x00, 0x00, 0x00, 0x00, 0x6F, 0xFF, 0xE4,
    0x00, 0x00, 0x00, 0x7F, 0xFF, 0xFF, 0x00, 0x00, 0x00, 0x1F, 0xFF, 0xFF, 0xC0, 0x00, 0x00, 0x00,
    0x15, 0x55, 0x54, 0x00, 0x00, 0x00, 0x00, 0x2F, 0xFF, 0xFC, 0x00, 0x00, 0x00, 0x00, 0x2F, 0xFF,
    0xF8, 0x00, 0x00, 0x00, 0x00, 0x02, 0xFF, 0xC0, 0x00, 0x00, 0x00, 0x00, 0x16, 0xFF, 0xD5, 0x00,
    0x00, 0x00, 0x1B, 0xFF, 0xFF, 0xFF, 0xF4, 0x00, 0x00, 0xFF, 0xFF, 0xFF, 0xFF, 0xFF, 0x40, 0x03,
    0xFF, 0xE6, 0xFF, 0xDB, 0xFF, 0xD0, 0x0F, 0xFE, 0x02, 0xFF, 0xC0, 0xFF, 0xF4, 0x2F, 0xFC, 0x02,
    0xFF, 0xC0, 0x3F, 0xFC, 0x3F, 0xF4, 0x02, 0xFF, 0xC0, 0x1F, 0xFD, 0x7F, 0xF0, 0x02, 0xFF, 0xC0,
    0x0F, 0xFE, 0xBF, 0xF0, 0x02, 0xFF, 0xC0, 0x0B, 0xFF, 0xBF, 0xF0, 0x02, 0xFF, 0xC0, 0x0B, 0xFF,
    0xBF, 0xF0, 0x02, 0xFF, 0xC0, 0x0B, 0xFE, 0x7F, 0xF4, 0x02, 0xFF, 0xC0, 0x0F, 0xFE, 0x3F, 0xF8,
    0x02, 0xFF, 0xC0, 0x1F, 0xFC, 0x2F, 0xFE, 0x02, 0xFF, 0xC0, 0x3F, 0xF8, 0x0F, 0xFF, 0x82, 0xFF,
    0xC1, 0xFF, 0xF0, 0x02, 0xFF, 0xFF, 0xFF, 0xFF, 0xFF, 0xC0, 0x00, 0x7F, 0xFF, 0xFF, 0xFF, 0xFD,
    0x00, 0x00, 0x02, 0xFF, 0xFF, 0xFE, 0x90, 0x00, 0x00, 0x00, 0x02, 0xFF, 0xC0, 0x00, 0x00, 0x00,
    0x00, 0x07, 0xFF, 0xD0, 0x00, 0x00, 0x00, 0x00, 0x2F, 0xFF, 0xFC, 0x00, 0x00, 0x00, 0x00, 0x2F,
    0xFF, 0xFC, 0x00, 0x00, 0x15, 0x55, 0x54, 0x00, 0x55, 0x55, 0x1F, 0xFF, 0xFF, 0x40, 0x7F, 0xFF,
    0xCB, 0xFF, 0xFF, 0xD0, 0x2F, 0xFF, 0xF0, 0x6F, 0xFF, 0x80, 0x01, 0xFF, 0xD0, 0x01, 0xFF, 0xF0,
    0x00, 0x3F, 0x80, 0x00, 0x2F, 0xFE, 0x00, 0x3F, 0xC0, 0x00, 0x03, 0xFF, 0xD0, 0x2F, 0xC0, 0x00,
    0x00, 0x3F, 0xFC, 0x1F, 0xD0, 0x00, 0x00, 0x07, 0xFF, 0xCF, 0xE0, 0x00, 0x00, 0x00, 0xBF, 0xFF,
    0xF0, 0x00, 0x00, 0x00, 0x0F, 0xFF, 0xF0, 0x00, 0x00, 0x00, 0x00, 0xFF, 0xF4, 0x00, 0x00, 0x00,
    0x00, 0x1F, 0xFF, 0x00, 0x00, 0x00, 0x00, 0x0B, 0xFF, 0xE0, 0x00, 0x00, 0x00, 0x07, 0xFF, 0xFD,
    0x00, 0x00, 0x00, 0x03, 0xFB, 0xFF, 0xC0, 0x00, 0x00, 0x03, 0xFC, 0x3F, 0xFC, 0x00, 0x00, 0x03,
    0xFC, 0x07, 0xFF, 0x80, 0x00, 0x02, 0xFD, 0x00, 0xBF, 0xF4, 0x00, 0x02, 0xFD, 0x00, 0x0F, 0xFF,
    0x00, 0x02, 0xFF, 0x00, 0x01, 0xFF, 0xF0, 0x1B, 0xFF, 0xE4, 0x02, 0xBF, 0xFF, 0x9B, 0xFF, 0xFF,
    0x01, 0xFF, 0xFF, 0xFE, 0xFF, 0xFF, 0xC0, 0x7F, 0xFF, 0xFF, 0x55, 0x54, 0x05, 0x55, 0x55, 0x01,
    0x55, 0x53, 0xFF, 0xF8, 0x3F, 0xFF, 0xFC, 0x0F, 0xFF, 0xCF, 0xFF, 0xE0, 0xFF, 0xFF, 0xF0, 0x3F,
    0xFF, 0x03, 0xFF, 0x80, 0x6F, 0xFD, 0x00, 0xFF, 0xD0, 0x07, 0xFE, 0x00, 0x7F, 0xF0, 0x03, 0xFF,
    0x00, 0x1F, 0xF8, 0x01, 0xFF, 0xC0, 0x0F, 0xFC, 0x00, 0x7F, 0xE0, 0x07, 0xFF, 0x00, 0x3F, 0xF0,
    0x01, 0xFF, 0x80, 0x1F, 0xFC, 0x00, 0xFF, 0xC0, 0x07, 0xFE, 0x00, 0x7F, 0xF0, 0x03, 0xFF, 0x00,
    0x1F, 0xF8, 0x01, 0xFF, 0xC0, 0x0F, 0xFC, 0x00, 0x7F, 0xE0, 0x07, 0xFF, 0x00, 0x7F, 0xE0, 0x00,
    0xFF, 0xC0, 0x1F, 0xFC, 0x02, 0xFF, 0x40, 0x02, 0xFF, 0x40, 0x7F, 0xF0, 0x0F, 0xFC, 0x00, 0x03,
    0xFF, 0x41, 0xFF, 0xC0, 0xFF, 0xE0, 0x00, 0x07, 0xFF, 0xEB, 0xFF, 0xBF, 0xFF, 0x00, 0x00, 0x07,
    0xFF, 0xFF, 0xFF, 0xFF, 0xF0, 0x00, 0x00, 0x02, 0xFF, 0xFF, 0xFF, 0xFD, 0x00, 0x00, 0x00, 0x00,
    0x6B, 0xFF, 0xE9, 0x00, 0x00, 0x00, 0x00, 0x00, 0x07, 0xFF, 0x00, 0x00, 0x00, 0x00, 0x00, 0x00,
    0x1F, 0xFC, 0x00, 0x00, 0x00, 0x00, 0x00, 0x00, 0x7F, 0xF0, 0x00, 0x00, 0x00, 0x00, 0x00, 0x1B,
    0xFF, 0xF8, 0x00, 0x00, 0x00, 0x00, 0x00, 0xFF, 0xFF, 0xF0, 0x00, 0x00, 0x00, 0x00, 0x03, 0xFF,
    0xFF, 0xC0, 0x00, 0x00, 0x00, 0x00, 0x1B, 0xFA, 0x40, 0x00, 0x00, 0x01, 0xFF, 0xFF, 0xFE, 0x00,
    0x00, 0x03, 0xFF, 0xFF, 0xFF, 0xF4, 0x00, 0x03, 0xFF, 0xF5, 0x6F, 0xFF, 0x80, 0x03, 0xFF, 0xD0,
    0x00, 0xFF, 0xF4, 0x02, 0xFF, 0xD0, 0x00, 0x0F, 0xFF, 0x00, 0xFF, 0xE0, 0x00, 0x01, 0xFF, 0xD0,
    0x7F, 0xF4, 0x00, 0x00, 0x3F, 0xF8, 0x2F, 0xFC, 0x00, 0x00, 0x0F, 0xFF, 0x0B, 0xFF, 0x00, 0x00,
    0x03, 0xFF, 0xC2, 0xFF, 0xC0, 0x00, 0x00, 0xFF, 0xF0, 0xBF, 0xF0, 0x00, 0x00, 0x3F, 0xF8, 0x1F,
    0xFD, 0x00, 0x00, 0x0F, 0xFE, 0x03, 0xFF, 0x80, 0x00, 0x07, 0xFF, 0x00, 0xBF, 0xF0, 0x00, 0x02,
    0xFF, 0x80, 0x0F, 0xFE, 0x00, 0x01, 0xFF, 0xC0, 0x10, 0xFF, 0xE0, 0x01, 0xFF, 0xD1, 0x6E, 0x0F,
    0xFF, 0x03, 0xFF, 0xC1, 0xF7, 0xC0, 0x7F, 0xD0, 0xFF, 0x80, 0xF9, 0xF8, 0x02, 0xF4, 0x3F, 0x00,
    0x7E, 0x7F, 0x90, 0xBD, 0x0F, 0xC1, 0xBF, 0x4F, 0xFF, 0xFF, 0x43, 0xFF, 0xFF, 0xD3, 0xFF, 0xFF,
    0xD0, 0xFF, 0xFF, 0xF4, 0xFF, 0xFF, 0xF4, 0x3F, 0xFF, 0xFC, 0x06, 0x40, 0x19, 0x03, 0xFD, 0x0B,
    0xFC, 0xBF, 0xF0, 0xFF, 0xDB, 0xFF, 0x0F, 0xFE, 0x7F, 0xE0, 0xBF, 0xC1, 0xA4, 0x01, 0xA0, 0x00,
    0x00, 0x00, 0x00, 0x00, 0x00, 0x00, 0x05, 0x55, 0x55, 0x01, 0xFF, 0xFF, 0xF4, 0x1F, 0xFF, 0xFF,
    0x40, 0x1F, 0xFF, 0x40, 0x00, 0xFF, 0xF0, 0x00, 0x0F, 0xFE, 0x00, 0x00, 0xFF, 0xE0, 0x00, 0x0F,
    0xFE, 0x00, 0x00, 0xFF, 0xE0, 0x00, 0x0F, 0xFE, 0x00, 0x00, 0xFF, 0xE0, 0x00, 0x0F, 0xFE, 0x00,
    0x00, 0xFF, 0xE0, 0x00, 0x0F, 0xFE, 0x00, 0x00, 0xFF, 0xE0, 0x00, 0x0F, 0xFE, 0x00, 0x00, 0xFF,
    0xE0, 0x00, 0x0F, 0xFE, 0x00, 0x00, 0xFF, 0xE0, 0x00, 0x0F, 0xFE, 0x00, 0x00, 0xFF, 0xF0, 0x00,
    0xBF, 0xFF, 0xA0, 0x1F, 0xFF, 0xFF, 0x41, 0xFF, 0xFF, 0xF4, 0x00, 0x00, 0x64, 0x00, 0x50, 0x00,
    0x00, 0x00, 0xFF, 0x81, 0xFF, 0x40, 0x00, 0x00, 0x7F, 0xF0, 0xFF, 0xF0, 0x00, 0x00, 0x1F, 0xFC,
    0x3F, 0xFC, 0x00, 0x00, 0x03, 0xFF, 0x07, 0xFD, 0x00, 0x00, 0x00, 0x2A, 0x00, 0x69, 0x00, 0x00,
    0x00, 0x00, 0x00, 0x00, 0x00, 0x00, 0x00, 0x00, 0x00, 0x00, 0x00, 0x00, 0x15, 0x55, 0x54, 0x01,
    0x55, 0x55, 0x2F, 0xFF, 0xFF, 0x40, 0xBF, 0xFF, 0xEB, 0xFF, 0xFF, 0xD0, 0x2F, 0xFF, 0xF8, 0x6F,
    0xFF, 0x40, 0x00, 0xBF, 0xD0, 0x02, 0xFF, 0xC0, 0x00, 0x1F, 0xD0, 0x00, 0x3F, 0xF8, 0x00, 0x0B,
    0xE0, 0x00, 0x07, 0xFF, 0x40, 0x07, 0xF0, 0x00, 0x00, 0xFF, 0xF0, 0x03, 0xF8, 0x00, 0x00, 0x1F,
    0xFE, 0x02, 0xFC, 0x00, 0x00, 0x02, 0xFF, 0xC0, 0xFD, 0x00, 0x00, 0x00, 0x3F, 0xF8, 0xBF, 0x00,
    0x00, 0x00, 0x07, 0xFF, 0xBF, 0x00, 0x00, 0x00, 0x00, 0xFF, 0xFF, 0x80, 0x00, 0x00, 0x00, 0x1F,
    0xFF, 0xC0, 0x00, 0x00, 0x00, 0x02, 0xFF, 0xD0, 0x00, 0x00, 0x00, 0x00, 0x7F, 0xF0, 0x00, 0x00,
    0x00, 0x00, 0x1F, 0xFC, 0x00, 0x00, 0x00, 0x00, 0x07, 0xFF, 0x00, 0x00, 0x00, 0x00, 0x01, 0xFF,
    0xC0, 0x00, 0x00, 0x00, 0x00, 0x7F, 0xF0, 0x00, 0x00, 0x00, 0x00, 0x1F, 0xFC, 0x00, 0x00, 0x00,
    0x00, 0x6F, 0xFF, 0xE4, 0x00, 0x00, 0x00, 0x7F, 0xFF, 0xFF, 0x00, 0x00, 0x00, 0x1F, 0xFF, 0xFF,
    0xC0, 0x00, 0x00, 0x00, 0x00, 0x40, 0x00, 0x00, 0x00, 0x01, 0xFC, 0x00, 0x00, 0x00, 0x00, 0xFF,
    0x80, 0x00, 0x00, 0x00, 0x3F, 0xD0, 0x00, 0x00, 0x00, 0x2F, 0xE0, 0x00, 0x00, 0x00, 0x0F, 0xE0,
    0x00, 0x00, 0x00, 0x07, 0xE0, 0x00, 0x00, 0x00, 0x03, 0xF0, 0x00, 0x00, 0x00, 0x00, 0x70, 0x00,
    0x00, 0x00, 0x00, 0x00, 0x00, 0x00, 0x00, 0x00, 0x65, 0x00, 0x01, 0x00, 0x03, 0xFF, 0xF4, 0xFF,
    0xD0, 0x03, 0xFF, 0xFF, 0x7F, 0xF4, 0x03, 0xFF, 0xEA, 0xFF, 0xFC, 0x02, 0xFF, 0xC0, 0x1F, 0xFF,
    0x00, 0xFF, 0xE0, 0x02, 0xFF, 0xC0, 0x3F, 0xF4, 0x00, 0xBF, 0xE0, 0x1F, 0xFC, 0x00, 0x2F, 0xF8,
    0x0B, 0xFF, 0x00, 0x0B, 0xFD, 0x02, 0xFF, 0xC0, 0x02, 0xFF, 0x40, 0xBF, 0xF0, 0x00, 0xBF, 0xD0,
    0x1F, 0xFC, 0x00, 0x2F, 0xF0, 0x07, 0xFF, 0x40, 0x0B, 0xFC, 0x00, 0xFF, 0xE0, 0x03, 0xFF, 0x40,
    0x2F, 0xFC, 0x03, 0xFF, 0xE0, 0x03, 0xFF, 0xEB, 0xFF, 0xFF, 0xC0, 0x7F, 0xFF, 0xF3, 0xFF, 0xF4,
    0x07, 0xFF, 0xE0, 0x3F, 0xF8, 0x00, 0x15, 0x40, 0x01, 0x50, 0x00, 0x00, 0x00, 0x00, 0x40, 0x00,
    0x00, 0x01, 0xFC, 0x00, 0x00, 0x00, 0xFF, 0x40, 0x00, 0x00, 0x7F, 0xD0, 0x00, 0x00, 0x3F, 0xD0,
    0x00, 0x00, 0x0F, 0xD0, 0x00, 0x00, 0x0B, 0xE0, 0x00, 0x00, 0x03, 0xE0, 0x00, 0x00, 0x00, 0x60,
    0x00, 0x00, 0x00, 0x00, 0x00, 0x00, 0x00, 0x5A, 0x50, 0x00, 0x07, 0xFF, 0xFF, 0xD0, 0x0F, 0xFF,
    0xFF, 0xFE, 0x0B, 0xFE, 0x40, 0x6F, 0xD3, 0xFE, 0x00, 0x0B, 0xF9, 0xFF, 0x40, 0x03, 0xFF, 0x3F,
    0xD0, 0x00, 0xFF, 0x4B, 0xFC, 0x2F, 0x0A, 0x40, 0xBF, 0xFF, 0xE0, 0x00, 0x0B, 0xFF, 0xF8, 0x00,
    0x1F, 0xF0, 0xFC, 0x00, 0x0F, 0xF4, 0x00, 0x00, 0x07, 0xFD, 0x00, 0x00, 0x02, 0xFF, 0x80, 0x00,
    0x1C, 0x7F, 0xF8, 0x00, 0x7F, 0x8F, 0xFF, 0xFF, 0xFF, 0xD1, 0xFF, 0xFF, 0xFF, 0xC0, 0x0B, 0xFF,
    0xFE, 0x40, 0x00, 0x15, 0x54, 0x00, 0x00, 0x00, 0x00, 0x00, 0x40, 0x00, 0x00, 0x00, 0x02, 0xF8,
    0x00, 0x00, 0x00, 0x03, 0xFC, 0x00, 0x00, 0x00, 0x0B, 0xFC, 0x00, 0x00, 0x00, 0x0F, 0xF0, 0x00,
    0x00, 0x00, 0x1F, 0xC0, 0x00, 0x00, 0x00, 0x3F, 0x40, 0x00, 0x00, 0x00, 0x3D, 0x00, 0x00, 0x00,
    0x00, 0x24, 0x00, 0x00, 0x00, 0x00, 0x00, 0x00, 0x00, 0x01, 0x50, 0x00, 0x69, 0x00, 0x2F, 0xFC,
    0x0B, 0xFF, 0xE0, 0x7F, 0xFE, 0x2F, 0xFF, 0xF8, 0x3F, 0xFF, 0x7F, 0xFF, 0xFC, 0x02, 0xFF, 0xF4,
    0x2F, 0xFD, 0x02, 0xFF, 0xC0, 0x0F, 0xFE, 0x02, 0xFF, 0xC0, 0x0F, 0xFE, 0x02, 0xFF, 0x80, 0x0B,
    0xFE, 0x02, 0xFF, 0x80, 0x0B, 0xFE, 0x02, 0xFF, 0x80, 0x0B, 0xFE, 0x02, 0xFF, 0x80, 0x0B, 0xFE,
    0x02, 0xFF, 0x80, 0x0B, 0xFE, 0x02, 0xFF, 0x80, 0x0B, 0xFE, 0x02, 0xFF, 0x80, 0x0B, 0xFE, 0x02,
    0xFF, 0x80, 0x0B, 0xFE, 0x02, 0xFF, 0x80, 0x0B, 0xFE, 0x02, 0xFF, 0x80, 0x0B, 0xFE, 0x02, 0xFF,
    0x80, 0x0B, 0xFE, 0x00, 0x00, 0x00, 0x0F, 0xFE, 0x00, 0x00, 0x00, 0x0F, 0xFE, 0x00, 0x00, 0x00,
    0x0F, 0xFE, 0x00, 0x00, 0x00, 0x0F, 0xFD, 0x00, 0x00, 0x00, 0x0F, 0xFD, 0x00, 0x00, 0x00, 0x0F,
    0xFD, 0x00, 0x00, 0x00, 0x1F, 0xFD, 0x00, 0x00, 0x00, 0x01, 0x54, 0x00, 0x04, 0x00, 0x07, 0xF0,
    0x00, 0xFF, 0x40, 0x1F, 0xF4, 0x03, 0xFD, 0x00, 0x3F, 0x40, 0x0B, 0xE0, 0x00, 0xF8, 0x00, 0x06,
    0x00, 0x00, 0x00, 0x00, 0x00, 0x40, 0x0F, 0xFD, 0x00, 0xFF, 0xD0, 0x0F, 0xFD, 0x00, 0xFF, 0xC0,
    0x0F, 0xFC, 0x00, 0xFF, 0xC0, 0x0F, 0xFC, 0x00, 0xFF, 0xC0, 0x0F, 0xFC, 0x00, 0xFF, 0xC0, 0x0F,
    0xFC, 0x00, 0xFF, 0xC0, 0x0F, 0xFC, 0x00, 0xFF, 0xE0, 0x4B, 0xFF, 0xFE, 0x3F, 0xFF, 0xF1, 0xFF,
    0xF8, 0x01, 0x54, 0x00, 0x00, 0x00, 0x01, 0xA0, 0x00, 0x00, 0x00, 0x00, 0xFF, 0x00, 0x00, 0x06,
    0x80, 0x7F, 0xC2, 0x90, 0x0B, 0xFC, 0x2F, 0xD7, 0xFD, 0x03, 0xFF, 0x8F, 0xE2, 0xFF, 0xC0, 0xFF,
    0xE7, 0xF0, 0xBF, 0xF0, 0x2F, 0xF2, 0xF0, 0x1F, 0xF4, 0x01, 0xA0, 0xF4, 0x01, 0xA4, 0x00, 0x00,
    0x04, 0x00, 0x00, 0x00, 0x00, 0x00, 0x00, 0x00, 0x00, 0x05, 0x00, 0x00, 0x00, 0x00, 0xBF, 0xF4,
    0x01, 0xFF, 0xC0, 0x7F, 0xFF, 0x00, 0x3F, 0xF8, 0x0F, 0xFF, 0xD0, 0x0B, 0xFF, 0x00, 0x3F, 0xF4,
    0x01, 0xFF, 0xD0, 0x0B, 0xFD, 0x00, 0x3F, 0xF8, 0x02, 0xFF, 0x40, 0x0F, 0xFF, 0x00, 0xFF, 0xD0,
    0x02, 0xFF, 0xC0, 0x3F, 0xF4, 0x00, 0x7F, 0xF0, 0x0F, 0xFC, 0x00, 0x1F, 0xFC, 0x03, 0xFF, 0x00,
    0x07, 0xFF, 0x00, 0xFF, 0xC0, 0x01, 0xFF, 0xC0, 0x3F, 0xF4, 0x00, 0xBF, 0xE0, 0x0B, 0xFE, 0x00,
    0x3F, 0xF0, 0x01, 0xFF, 0xC0, 0x1F, 0xF8, 0x00, 0x3F, 0xFE, 0x6F, 0xFC, 0x00, 0x03, 0xFF, 0xFF,
    0xFC, 0x00, 0x00, 0x2F, 0xFF, 0xF4, 0x00, 0x00, 0x00, 0x15, 0x40, 0x00, 0x00, 0x00, 0x06, 0x50,
    0x00, 0x10, 0x00, 0x3F, 0xFF, 0x4F, 0xFD, 0x00, 0x3F, 0xFF, 0xF7, 0xFF, 0x40, 0x3F, 0xFE, 0xAF,
    0xFF, 0xC0, 0x2F, 0xFC, 0x01, 0xFF, 0xF0, 0x0F, 0xFE, 0x00, 0x2F, 0xFC, 0x03, 0xFF, 0x40, 0x0B,
    0xFE, 0x01, 0xFF, 0xC0, 0x02, 0xFF, 0x80, 0xBF, 0xF0, 0x00, 0xBF, 0xD0, 0x2F, 0xFC, 0x00, 0x2F,
    0xF4, 0x0B, 0xFF, 0x00, 0x0B, 0xFD, 0x01, 0xFF, 0xC0, 0x02, 0xFF, 0x00, 0x7F, 0xF4, 0x00, 0xBF,
    0xC0, 0x0F, 0xFE, 0x00, 0x3F, 0xF4, 0x02, 0xFF, 0xC0, 0x3F, 0xFE, 0x00, 0x3F, 0xFE, 0xBF, 0xFF,
    0xFC, 0x07, 0xFF, 0xFF, 0x3F, 0xFF, 0x40, 0x7F, 0xFE, 0x03, 0xFF, 0x80, 0x01, 0x54, 0x00, 0x15,
    0x00, 0x00, 0x00, 0x00, 0x00, 0x00, 0x00, 0x2F, 0xFF, 0x90, 0x00, 0x01, 0xFF, 0xFF, 0xF8, 0x00,
    0x0B, 0xFE, 0x5F, 0xFF, 0x00, 0x1F, 0xF4, 0x02, 0xFF, 0x80, 0x3F, 0xF0, 0x00, 0xFF, 0xC0, 0x3F,
    0xD0, 0x00, 0xBF, 0xC0, 0x7F, 0xD0, 0x00, 0xBF, 0xC0, 0xBF, 0xC0, 0x00, 0xBF, 0xC0, 0xBF, 0xC0,
    0x00, 0xBF, 0xC0, 0xBF, 0xC0, 0x00, 0xFF, 0x40, 0xBF, 0xC3, 0xF6, 0xFE, 0x00, 0xBF, 0xC7, 0xFF,
    0xF8, 0x00, 0xBF, 0xC7, 0xFF, 0xFF, 0x40, 0xBF, 0xC3, 0xF4, 0xFF, 0xD0, 0xBF, 0xC0, 0x00, 0x7F,
    0xF0, 0xBF, 0xC0, 0x00, 0x3F, 0xF8, 0xBF, 0xC0, 0x00, 0x1F, 0xFC, 0xBF, 0xC0, 0x00, 0x1F, 0xFC,
    0xBF, 0xC0, 0x00, 0x1F, 0xFC, 0xBF, 0xC0, 0x00, 0x1F, 0xFC, 0xBF, 0xC0, 0x00, 0x2F, 0xFC, 0xBF,
    0xC0, 0x00, 0x3F, 0xF4, 0xBF, 0xE0, 0x00, 0xFF, 0xF0, 0xBF, 0xFE, 0x57, 0xFF, 0xD0, 0xBF, 0xFF,
    0xFF, 0xFF, 0x40, 0xBF, 0xEB, 0xFF, 0xF8, 0x00, 0xBF, 0xD0, 0x55, 0x40, 0x00, 0xBF, 0xD0, 0x00,
    0x00, 0x00, 0xBF, 0xD0, 0x00, 0x00, 0x00, 0xBF, 0xE0, 0x00, 0x00, 0x00, 0xBF, 0xE0, 0x00, 0x00,
    0x00, 0x7F, 0xF0, 0x00, 0x00, 0x00, 0x7F, 0xF0, 0x00, 0x00, 0x00, 0x15, 0x40, 0x00, 0x00, 0x00,
    0x01, 0x50, 0x00, 0x00, 0x14, 0x2F, 0xFE, 0x00, 0x1F, 0xFC, 0xBF, 0xFF, 0x80, 0x0F, 0xFD, 0x7F,
    0xFF, 0xC0, 0x0F, 0xFD, 0x01, 0xFF, 0xD0, 0x0F, 0xFD, 0x00, 0xBF, 0xE0, 0x0F, 0xFC, 0x00, 0x3F,
    0xF0, 0x1F, 0xFC, 0x00, 0x2F, 0xF0, 0x1F, 0xF8, 0x00, 0x1F, 0xF0, 0x2F, 0xF4, 0x00, 0x0F, 0xF4,
    0x3F, 0xF0, 0x00, 0x0F, 0xF4, 0x7F, 0xE0, 0x00, 0x0F, 0xF4, 0xBF, 0xC0, 0x00, 0x0B, 0xF9, 0xFF,
    0x40, 0x00, 0x0B, 0xFF, 0xFE, 0x00, 0x00, 0x07, 0xFF, 0xF8, 0x00, 0x00, 0x07, 0xFF, 0xE0, 0x00,
    0x00, 0x03, 0xFF, 0x80, 0x00, 0x00, 0x03, 0xFD, 0x00, 0x00, 0x00, 0x07, 0xFC, 0x00, 0x00, 0x00,
    0x07, 0xFC, 0x00, 0x00, 0x00, 0x07, 0xFD, 0x00, 0x00, 0x00, 0x07, 0xFD, 0x00, 0x00, 0x00, 0x03,
    0xFD, 0x00, 0x00, 0x00, 0x03, 0xFD, 0x00, 0x00, 0x00, 0x00, 0x00, 0x00, 0x00, 0x00, 0x00, 0x00,
    0x00, 0x00, 0x00, 0x1B, 0xFF, 0xE0, 0x00, 0x03, 0xFF, 0xFF, 0xF8, 0x00, 0x3F, 0xE4, 0x1F, 0xF4,
    0x01, 0xFE, 0x00, 0x1F, 0xF0, 0x0B, 0xF4, 0x00, 0xBF, 0xC0, 0x2F, 0xF0, 0x03, 0xFF, 0x00, 0xBF,
    0xE0, 0x0B, 0xF4, 0x00, 0xFF, 0xF4, 0x01, 0x00, 0x02, 0xFF, 0xF8, 0x00, 0x00, 0x02, 0xFF, 0xFC,
    0x00, 0x00, 0x01, 0xFF, 0xFD, 0x00, 0x00, 0x2F, 0xFF, 0xFE, 0x00, 0x07, 0xFF, 0x2F, 0xFD, 0x00,
    0x7F, 0xF0, 0x1F, 0xFC, 0x03, 0xFF, 0x00, 0x2F, 0xFC, 0x2F, 0xFC, 0x00, 0x3F, 0xF0, 0xFF, 0xD0,
    0x00, 0xFF, 0xD3, 0xFF, 0x40, 0x03, 0xFF, 0x4F, 0xFD, 0x00, 0x0B, 0xFE, 0x3F, 0xF4, 0x00, 0x3F,
    0xF4, 0xFF, 0xD0, 0x00, 0xFF, 0xC2, 0xFF, 0x80, 0x03, 0xFF, 0x03, 0xFF, 0x00, 0x2F, 0xF4, 0x0B,
    0xFF, 0x42, 0xFF, 0x80, 0x0B, 0xFF, 0xFF, 0xF8, 0x00, 0x07, 0xFF, 0xFE, 0x00, 0x00, 0x00, 0x55,
    0x40, 0x00, 0x00, 0x05, 0xA5, 0x00, 0x00, 0x7F, 0xFF, 0xFD, 0x00, 0xFF, 0xFF, 0xFF, 0xE0, 0xBF,
    0xE4, 0x06, 0xFD, 0x3F, 0xE0, 0x00, 0xBF, 0x9F, 0xF4, 0x00, 0x3F, 0xF3, 0xFD, 0x00, 0x0F, 0xF4,
    0xBF, 0xC2, 0xF0, 0xA4, 0x0B, 0xFF, 0xFE, 0x00, 0x00, 0xBF, 0xFF, 0x80, 0x01, 0xFF, 0x0F, 0xC0,
    0x00, 0xFF, 0x40, 0x00, 0x00, 0x7F, 0xD0, 0x00, 0x00, 0x2F, 0xF8, 0x00, 0x01, 0xC7, 0xFF, 0x80,
    0x07, 0xF8, 0xFF, 0xFF, 0xFF, 0xFD, 0x1F, 0xFF, 0xFF, 0xFC, 0x00, 0xBF, 0xFF, 0xE4, 0x00, 0x01,
    0x55, 0x40, 0x00, 0x06, 0x90, 0x00, 0x00, 0x01, 0xFF, 0x00, 0x01, 0x00, 0x3F, 0xF0, 0x00, 0xBC,
    0x03, 0xFF, 0x00, 0x2F, 0xF0, 0x2F, 0xF9, 0x0F, 0xFF, 0x80, 0xFF, 0xFF, 0xFF, 0xFC, 0x01, 0xBF,
    0xFF, 0xFE, 0x00, 0x00, 0x3F, 0xFF, 0x40, 0x00, 0x0B, 0xFF, 0xC0, 0x00, 0x01, 0xFF, 0xE0, 0x00,
    0x00, 0x3F, 0xF8, 0x00, 0x00, 0x0F, 0xFE, 0x00, 0x00, 0x02, 0xFF, 0x80, 0x00, 0x00, 0x3F, 0xE0,
    0x00, 0x00, 0x0B, 0xFC, 0x00, 0x00, 0x00, 0xFF, 0x40, 0x00, 0x00, 0x1F, 0xF0, 0x00, 0x00, 0x03,
    0xFE, 0x00, 0x00, 0x00, 0x3F, 0xE0, 0x00, 0x00, 0x03, 0xFE, 0x00, 0x00, 0x00, 0x3F, 0xF0, 0x00,
    0x00, 0x03, 0xFF, 0xD0, 0x00, 0x00, 0x2F, 0xFF, 0xE4, 0x00, 0x00, 0xFF, 0xFF, 0xFD, 0x00, 0x07,
    0xFF, 0xFF, 0xFC, 0x00, 0x0F, 0xFF, 0xFF, 0xF0, 0x00, 0x1F, 0xFF, 0xFF, 0x40, 0x00, 0x06, 0xFF,
    0xF8, 0x00, 0x00, 0x02, 0xFF, 0x80, 0x00, 0x00, 0x0B, 0xF8, 0x00, 0x00, 0x00, 0xBF, 0x00, 0x00,
    0x00, 0x0F, 0xE0, 0x00, 0x00, 0x01, 0xFC, 0x00, 0x00, 0x00, 0x2F, 0x00, 0x00, 0x00, 0x00, 0x50,
    0x00, 0x01, 0x50, 0x00, 0x69, 0x00, 0x2F, 0xFC, 0x0B, 0xFF, 0xE0, 0x7F, 0xFE, 0x2F, 0xFF, 0xF8,
    0x3F, 0xFF, 0x7F, 0xFF, 0xFC, 0x02, 0xFF, 0xF4, 0x2F, 0xFD, 0x02, 0xFF, 0xC0, 0x0F, 0xFE, 0x02,
    0xFF, 0xC0, 0x0F, 0xFE, 0x02, 0xFF, 0x80, 0x0B, 0xFE, 0x02, 0xFF, 0x80, 0x0B, 0xFE, 0x02, 0xFF,
    0x80, 0x0B, 0xFE, 0x02, 0xFF, 0x80, 0x0B, 0xFE, 0x02, 0xFF, 0x80, 0x0B, 0xFE, 0x02, 0xFF, 0x80,
    0x0B, 0xFE, 0x02, 0xFF, 0x80, 0x0B, 0xFE, 0x02, 0xFF, 0x80, 0x0B, 0xFE, 0x02, 0xFF, 0x80, 0x0B,
    0xFE, 0x02, 0xFF, 0x80, 0x0B, 0xFE, 0x02, 0xFF, 0x80, 0x0B, 0xFE, 0x00, 0x00, 0x00, 0x0F, 0xFE,
    0x00, 0x00, 0x00, 0x0F, 0xFE, 0x00, 0x00, 0x00, 0x0F, 0xFE, 0x00, 0x00, 0x00, 0x0F, 0xFD, 0x00,
    0x00, 0x00, 0x0F, 0xFD, 0x00, 0x00, 0x00, 0x0F, 0xFD, 0x00, 0x00, 0x00, 0x1F, 0xFD, 0x00, 0x00,
    0x00, 0x01, 0x54, 0x00, 0x00, 0x00, 0x00, 0x00, 0x00, 0x1F, 0xFE, 0x40, 0x00, 0x07, 0xFF, 0xFF,
    0xC0, 0x00, 0x7F, 0xE6, 0xFF, 0xC0, 0x03, 0xFD, 0x01, 0xFF, 0x80, 0x2F, 0xF0, 0x02, 0xFF, 0x00,
    0xFF, 0x40, 0x03, 0xFE, 0x0B, 0xFC, 0x00, 0x0F, 0xFC, 0x3F, 0xF0, 0x00, 0x3F, 0xF0, 0xFF, 0xC0,
    0x00, 0xBF, 0xD3, 0xFF, 0x00, 0x02, 0xFF, 0x9F, 0xFC, 0x00, 0x0B, 0xFE, 0x7F, 0xF5, 0x55, 0x6F,
    0xF9, 0xFF, 0xFF, 0xFF, 0xFF, 0xF7, 0xFF, 0xFF, 0xFF, 0xFF, 0xDF, 0xFF, 0xFF, 0xEF, 0xFE, 0x7F,
    0xF5, 0x00, 0x2F, 0xF9, 0xFF, 0xC0, 0x00, 0xBF, 0xE3, 0xFF, 0x00, 0x02, 0xFF, 0x4F, 0xFC, 0x00,
    0x0B, 0xFC, 0x2F, 0xF0, 0x00, 0x3F, 0xF0, 0x7F, 0xD0, 0x00, 0xFF, 0x80, 0xFF, 0xC0, 0x07, 0xFC,
    0x02, 0xFF, 0x40, 0x3F, 0xE0, 0x03, 0xFF, 0x42, 0xFF, 0x00, 0x03, 0xFF, 0xFF, 0xF0, 0x00, 0x02,
    0xFF, 0xFE, 0x00, 0x00, 0x00, 0x55, 0x40, 0x00, 0x00, 0x40, 0x0F, 0xFD, 0x00, 0xFF, 0xD0, 0x0F,
    0xFD, 0x00, 0xFF, 0xC0, 0x0F, 0xFC, 0x00, 0xFF, 0xC0, 0x0F, 0xFC, 0x00, 0xFF, 0xC0, 0x0F, 0xFC,
    0x00, 0xFF, 0xC0, 0x0F, 0xFC, 0x00, 0xFF, 0xC0, 0x0F, 0xFC, 0x00, 0xFF, 0xE0, 0x4B, 0xFF, 0xFE,
    0x3F, 0xFF, 0xF1, 0xFF, 0xF8, 0x01, 0x54, 0x00, 0x00, 0x40, 0x00, 0x06, 0x43, 0xFF, 0xC0, 0x01,
    0xFF, 0xCF, 0xFF, 0x00, 0x1F, 0xFF, 0x7F, 0xFC, 0x01, 0xFF, 0xFD, 0xFF, 0xE0, 0x0F, 0x8F, 0xF3,
    0xFF, 0x80, 0xF8, 0x1E, 0x0B, 0xFE, 0x0B, 0xC0, 0x00, 0x2F, 0xF8, 0x7F, 0x00, 0x00, 0xBF, 0xE3,
    0xFE, 0x00, 0x02, 0xFF, 0xBF, 0xFD, 0x00, 0x0B, 0xFF, 0xFF, 0xFC, 0x00, 0x2F, 0xFF, 0x3F, 0xF4,
    0x00, 0xBF, 0xF0, 0xBF, 0xF0, 0x02, 0xFF, 0x40, 0xFF, 0xE0, 0x0B, 0xFD, 0x02, 0xFF, 0xD0, 0x2F,
    0xF4, 0x03, 0xFF, 0xEC, 0xBF, 0xD0, 0x07, 0xFF, 0xF6, 0xFF, 0x40, 0x07, 0xFF, 0x80, 0x00, 0x00,
    0x01, 0x50, 0x00, 0x00, 0x00, 0x00, 0x00, 0x00, 0x00, 0x7F, 0xF8, 0x00, 0x00, 0x00, 0x3F, 0xFF,
    0xF4, 0x00, 0x00, 0x07, 0xF4, 0x7F, 0xC0, 0x00, 0x00, 0xBF, 0xC1, 0xFF, 0x00, 0x00, 0x0B, 0xFC,
    0x0F, 0xF0, 0x00, 0x00, 0x3F, 0x80, 0x7F, 0x80, 0x00, 0x00, 0x00, 0x03, 0xFC, 0x00, 0x00, 0x00,
    0x00, 0x3F, 0xD0, 0x00, 0x00, 0x00, 0x02, 0xFE, 0x00, 0x00, 0x00, 0x00, 0x3F, 0xF0, 0x00, 0x00,
    0x00, 0x0B, 0xFF, 0x40, 0x00, 0x00, 0x00, 0xFF, 0xF8, 0x00, 0x00, 0x00, 0x2F, 0xFF, 0xC0, 0x00,
    0x00, 0x03, 0xFF, 0xFD, 0x00, 0x00, 0x00, 0xBF, 0xFF, 0xE0, 0x00, 0x00, 0x0F, 0xFE, 0xFF, 0x00,
    0x00, 0x03, 0xFF, 0x8F, 0xF4, 0x00, 0x00, 0x7F, 0xF4, 0xFF, 0x80, 0x00, 0x0F, 0xFF, 0x0B, 0xFC,
    0x00, 0x01, 0xFF, 0xD0, 0x7F, 0xD0, 0x00, 0x3F, 0xFC, 0x03, 0xFE, 0x00, 0x07, 0xFF, 0x80, 0x2F,
    0xF0, 0x00, 0xFF, 0xF0, 0x01, 0xFF, 0x40, 0x1F, 0xFE, 0x00, 0x0F, 0xFF, 0xC3, 0xFF, 0xD0, 0x00,
    0xBF, 0xFD, 0x7F, 0xFC, 0x00, 0x03, 0xFF, 0x80, 0x00, 0x00, 0x00, 0x05, 0x40, 0x00, 0x40, 0x00,
    0x01, 0x00, 0xBF, 0xF0, 0x03, 0xFF, 0x80, 0xBF, 0xF0, 0x03, 0xFF, 0x80, 0xBF, 0xE0, 0x02, 0xFF,
    0x80, 0xBF, 0xE0, 0x02, 0xFF, 0x80, 0xBF, 0xE0, 0x02, 0xFF, 0x80, 0xBF, 0xE0, 0x02, 0xFF, 0x40,
    0xBF, 0xE0, 0x02, 0xFF, 0x40, 0xBF, 0xE0, 0x02, 0xFF, 0x40, 0xBF, 0xE0, 0x02, 0xFF, 0x40, 0xBF,
    0xD0, 0x02, 0xFF, 0x40, 0xBF, 0xD0, 0x02, 0xFF, 0x40, 0xBF, 0xD0, 0x03, 0xFF, 0x40, 0xBF, 0xD0,
    0x03, 0xFF, 0x40, 0xBF, 0xE0, 0x0F, 0xFF, 0x80, 0xBF, 0xFF, 0xFE, 0xFF, 0xF9, 0xBF, 0xFF, 0xFC,
    0xBF, 0xFE, 0xBF, 0xFF, 0xF4, 0x3F, 0xF8, 0xBF, 0xE1, 0x40, 0x05, 0x40, 0xBF, 0xE0, 0x00, 0x00,
    0x00, 0x7F, 0xE0, 0x00, 0x00, 0x00, 0x7F, 0xF0, 0x00, 0x00, 0x00, 0x7F, 0xF0, 0x00, 0x00, 0x00,
    0x7F, 0xF0, 0x00, 0x00, 0x00, 0x7F, 0xF4, 0x00, 0x00, 0x00, 0x15, 0x40, 0x00, 0x00, 0x00, 0x01,
    0x50, 0x00, 0x00, 0x00, 0x2F, 0xFE, 0x00, 0x1F, 0xFC, 0xBF, 0xFF, 0x80, 0x0F, 0xFD, 0x7F, 0xFF,
    0xC0, 0x0F, 0xFD, 0x01, 0xFF, 0xE0, 0x0F, 0xFD, 0x00, 0xBF, 0xF0, 0x0F, 0xFD, 0x00, 0x3F, 0xF0,
    0x0F, 0xFC, 0x00, 0x2F, 0xF0, 0x1F, 0xFC, 0x00, 0x1F, 0xF4, 0x1F, 0xF8, 0x00, 0x0F, 0xF4, 0x2F,
    0xF4, 0x00, 0x0F, 0xF8, 0x3F, 0xF0, 0x00, 0x0B, 0xF8, 0x7F, 0xD0, 0x00, 0x0B, 0xF8, 0xFF, 0xC0,
    0x00, 0x07, 0xFD, 0xFF, 0x00, 0x00, 0x07, 0xFF, 0xFD, 0x00, 0x00, 0x03, 0xFF, 0xF8, 0x00, 0x00,
    0x03, 0xFF, 0xE0, 0x00, 0x00, 0x03, 0xFF, 0x40, 0x00, 0x00, 0x00, 0x58, 0x00, 0x00, 0x00, 0x00,
    0x00, 0x00, 0x03, 0xFC, 0x00, 0x00, 0x00, 0xBF, 0xD0, 0x00, 0x10, 0x0F, 0xFC, 0x00, 0x7F, 0xC0,
    0xBF, 0xC0, 0xBF, 0xFE, 0x03, 0xFF, 0xFF, 0xFF, 0xF4, 0x0B, 0xFF, 0xFF, 0xFF, 0x40, 0x0B, 0xFF,
    0xF9, 0x00, 0x02, 0xFF, 0xF4, 0x00, 0x00, 0x3F, 0xF4, 0x00, 0x00, 0x07, 0xFE, 0x00, 0x00, 0x00,
    0x7F, 0xC0, 0x00, 0x00, 0x07, 0xFC, 0x00, 0x00, 0x00, 0x3F, 0xE0, 0x1E, 0x40, 0x00, 0xFF, 0xEF,
    0xFC, 0x00, 0x01, 0xFF, 0xFF, 0xD0, 0x00, 0x2F, 0xFF, 0xFD, 0x00, 0x1F, 0xF4, 0x7F, 0x80, 0x07,
    0xFC, 0x00, 0x00, 0x00, 0xFF, 0x40, 0x00, 0x00, 0x1F, 0xF4, 0x00, 0x00, 0x02, 0xFF, 0x80, 0x00,
    0x00, 0x2F, 0xFE, 0x00, 0x00, 0x01, 0xFF, 0xFF, 0x40, 0x00, 0x0F, 0xFF, 0xFF, 0xE0, 0x00, 0x7F,
    0xFF, 0xFF, 0xE0, 0x00, 0xFF, 0xFF, 0xFF, 0x40, 0x01, 0xBF, 0xFF, 0xFC, 0x00, 0x00, 0x6F, 0xFF,
    0xC0, 0x00, 0x00, 0x0F, 0xFC, 0x00, 0x00, 0x00, 0x7F, 0xC0, 0x00, 0x00, 0x03, 0xF8, 0x00, 0x00,
    0x00, 0x7F, 0x00, 0x00, 0x00, 0x0F, 0xD0, 0x00, 0x00, 0x01, 0xF8, 0x00, 0x00, 0x00, 0x01, 0x00,
    0x00, 0x01, 0x65, 0x00, 0x00, 0x07, 0xFF, 0xFF, 0x00, 0x03, 0xFF, 0xFF, 0xFD, 0x00, 0xFF, 0xE5,
    0xFF, 0xF4, 0x2F, 0xF8, 0x03, 0xFF, 0xC3, 0xFF, 0x00, 0x1F, 0xFD, 0x7F, 0xF0, 0x00, 0xFF, 0xEB,
    0xFF, 0x00, 0x0B, 0xFF, 0xBF, 0xF0, 0x00, 0xBF, 0xFF, 0xFF, 0x00, 0x0B, 0xFF, 0xBF, 0xF0, 0x00,
    0xBF, 0xFB, 0xFF, 0x00, 0x0B, 0xFF, 0x7F, 0xF0, 0x00, 0xFF, 0xE3, 0xFF, 0x80, 0x0F, 0xFC, 0x2F,
    0xFC, 0x02, 0xFF, 0x80, 0xFF, 0xF9, 0xBF, 0xF0, 0x03, 0xFF, 0xFF, 0xFC, 0x00, 0x0B, 0xFF, 0xFD,
    0x00, 0x00, 0x01, 0x54, 0x00, 0x00, 0x00, 0x55, 0x55, 0x55, 0x56, 0x90, 0xFF, 0xFF, 0xFF, 0xFF,
    0xFF, 0xCB, 0xFF, 0xFF, 0xFF, 0xFF, 0xFF, 0x2F, 0xFF, 0xFF, 0xFF, 0xFF, 0xFC, 0x6A, 0xBF, 0xEA,
    0xBF, 0xFA, 0x90, 0x01, 0xFE, 0x00, 0xBF, 0x80, 0x00, 0x0B, 0xF4, 0x02, 0xFE, 0x00, 0x00, 0x3F,
    0xD0, 0x0B, 0xF8, 0x00, 0x00, 0xFF, 0x00, 0x3F, 0xE0, 0x00, 0x07, 0xFC, 0x00, 0xFF, 0x80, 0x00,
    0x2F, 0xF0, 0x03, 0xFE, 0x00, 0x00, 0xFF, 0xC0, 0x0F, 0xF8, 0x00, 0x03, 0xFF, 0x00, 0x3F, 0xE0,
    0x00, 0x1F, 0xF8, 0x00, 0xFF, 0xC0, 0x00, 0xBF, 0xE0, 0x03, 0xFF, 0x41, 0x03, 0xFF, 0x40, 0x0F,
    0xFF, 0xFC, 0x0F, 0xFD, 0x00, 0x1F, 0xFF, 0xF4, 0x3F, 0xF4, 0x00, 0x2F, 0xFF, 0x40, 0x00, 0x00,
    0x00, 0x05, 0x40, 0x00, 0x00, 0x01, 0xA5, 0x00, 0x00, 0x01, 0xFF, 0xFF, 0x80, 0x00, 0x2F, 0xFF,
    0xFF, 0xD0, 0x02, 0xFF, 0x96, 0xFF, 0xD0, 0x0F, 0xF8, 0x02, 0xFF, 0xC0, 0xBF, 0xC0, 0x03, 0xFF,
    0x43, 0xFF, 0x00, 0x0B, 0xFF, 0x0F, 0xF8, 0x00, 0x2F, 0xFC, 0x7F, 0xE0, 0x00, 0xBF, 0xF1, 0xFF,
    0x80, 0x02, 0xFF, 0xC7, 0xFE, 0x00, 0x0B, 0xFF, 0x1F, 0xF8, 0x00, 0x2F, 0xFC, 0x7F, 0xE0, 0x00,
    0xFF, 0xE1, 0xFF, 0x80, 0x03, 0xFF, 0x47, 0xFF, 0x00, 0x3F, 0xFC, 0x1F, 0xFF, 0x9B, 0xFF, 0xC0,
    0x7F, 0xFF, 0xFF, 0xFC, 0x01, 0xFF, 0xEF, 0xFF, 0x80, 0x07, 0xFF, 0x05, 0x50, 0x00, 0x1F, 0xFC,
    0x00, 0x00, 0x00, 0x7F, 0xF0, 0x00, 0x00, 0x00, 0xFF, 0xC0, 0x00, 0x00, 0x03, 0xFF, 0x00, 0x00,
    0x00, 0x0F, 0xFC, 0x00, 0x00, 0x00, 0x3F, 0xF4, 0x00, 0x00, 0x00, 0x55, 0x00, 0x00, 0x00, 0x00,
    0x00, 0x01, 0x65, 0x00, 0x00, 0x1F, 0xFF, 0xF8, 0x00, 0x2F, 0xFF, 0xFF, 0xC0, 0x2F, 0xF9, 0x1B,
    0xFC, 0x1F, 0xF8, 0x02, 0xFF, 0x0F, 0xFC, 0x00, 0xFF, 0xC7, 0xFE, 0x00, 0x3F, 0xF2, 0xFF, 0x80,
    0x02, 0xE0, 0xBF, 0xD0, 0x00, 0x00, 0x3F, 0xF8, 0x00, 0x00, 0x0B, 0xFF, 0x00, 0x00, 0x02, 0xFF,
    0xC0, 0x00, 0x00, 0x7F, 0xFC, 0x00, 0x00, 0x0F, 0xFF, 0xE4, 0x00, 0x02, 0xFF, 0xFF, 0xF4, 0x00,
    0x3F, 0xFF, 0xFF, 0xC0, 0x02, 0xFF, 0xFF, 0xFC, 0x00, 0x0B, 0xFF, 0xFF, 0x40, 0x00, 0x1B, 0xFF,
    0xD0, 0x00, 0x00, 0x2F, 0xF8, 0x00, 0x00, 0x03, 0xFD, 0x00, 0x00, 0x00, 0xFF, 0x00, 0x00, 0x00,
    0x3F, 0x40, 0x00, 0x00, 0x2F, 0xC0, 0x00, 0x00, 0x0F, 0xC0, 0x00, 0x00, 0x00, 0x40, 0x00, 0x00,
    0x00, 0x15, 0x55, 0x5A, 0x00, 0x07, 0xFF, 0xFF, 0xFF, 0xC0, 0x0F, 0xFF, 0xFF, 0xFF, 0xF0, 0x1F,
    0xFF, 0xFF, 0xFF, 0xFC, 0x0F, 0xFF, 0x43, 0xFE, 0x56, 0x0F, 0xFF, 0x00, 0x3F, 0xE0, 0x03, 0xFF,
    0x40, 0x0B, 0xFC, 0x02, 0xFF, 0xC0, 0x01, 0xFF, 0x80, 0xBF, 0xF0, 0x00, 0x7F, 0xF0, 0x3F, 0xFC,
    0x00, 0x0F, 0xFC, 0x0B, 0xFF, 0x00, 0x03, 0xFF, 0x02, 0xFF, 0xC0, 0x00, 0xFF, 0xC0, 0x7F, 0xF0,
    0x00, 0x7F, 0xF0, 0x0F, 0xFD, 0x00, 0x2F, 0xF4, 0x02, 0xFF, 0xC0, 0x1F, 0xFC, 0x00, 0x3F, 0xFD,
    0x6F, 0xFC, 0x00, 0x03, 0xFF, 0xFF, 0xFC, 0x00, 0x00, 0x1F, 0xFF, 0xF8, 0x00, 0x00, 0x00, 0x15,
    0x40, 0x00, 0x00, 0x00, 0x55, 0x55, 0x56, 0x82, 0xFF, 0xFF, 0xFF, 0xFD, 0xBF, 0xFF, 0xFF, 0xFF,
    0xDB, 0xFF, 0xFF, 0xFF, 0xFD, 0x6A, 0xAF, 0xFE, 0xAA, 0x80, 0x00, 0xFF, 0x40, 0x00, 0x00, 0x0F,
    0xF4, 0x00, 0x00, 0x01, 0xFF, 0x40, 0x00, 0x00, 0x1F, 0xF0, 0x00, 0x00, 0x02, 0xFF, 0x00, 0x00,
    0x00, 0x2F, 0xF0, 0x00, 0x00, 0x02, 0xFF, 0x00, 0x00, 0x00, 0x3F, 0xF0, 0x00, 0x00, 0x03, 0xFF,
    0x40, 0x00, 0x00, 0x2F, 0xFD, 0x0A, 0x00, 0x01, 0xFF, 0xFF, 0xF0, 0x00, 0x0F, 0xFF, 0xFF, 0x00,
    0x00, 0x3F, 0xFF, 0x80, 0x00, 0x00, 0x15, 0x40, 0x00, 0x00, 0x50, 0x00, 0x00, 0x00, 0x0B, 0xFF,
    0x40, 0x1F, 0xFC, 0x07, 0xFF, 0xF0, 0x03, 0xFF, 0x80, 0xFF, 0xFD, 0x00, 0xBF, 0xF0, 0x03, 0xFF,
    0x40, 0x1F, 0xFD, 0x00, 0xBF, 0xD0, 0x03, 0xFF, 0x80, 0x2F, 0xF4, 0x00, 0xFF, 0xF0, 0x0F, 0xFD,
    0x00, 0x2F, 0xFC, 0x03, 0xFF, 0x40, 0x07, 0xFF, 0x00, 0xFF, 0xC0, 0x01, 0xFF, 0xC0, 0x3F, 0xF0,
    0x00, 0x7F, 0xF0, 0x0F, 0xFC, 0x00, 0x1F, 0xFC, 0x03, 0xFF, 0x40, 0x0B, 0xFE, 0x00, 0xBF, 0xE0,
    0x03, 0xFF, 0x00, 0x1F, 0xFC, 0x01, 0xFF, 0x80, 0x03, 0xFF, 0xE6, 0xFF, 0xC0, 0x00, 0x3F, 0xFF,
    0xFF, 0xC0, 0x00, 0x02, 0xFF, 0xFF, 0x40, 0x00, 0x00, 0x01, 0x54, 0x00, 0x00, 0x00, 0x00, 0x06,
    0xA8, 0x00, 0x00, 0x00, 0x00, 0x03, 0xFF, 0x00, 0x00, 0x00, 0x00, 0x00, 0xFF, 0xC0, 0x00, 0x00,
    0x00, 0x00, 0x3F, 0xF0, 0x00, 0x00, 0x00, 0x00, 0x0F, 0xFC, 0x00, 0x00, 0x00, 0x00, 0x03, 0xFF,
    0x00, 0x00, 0x00, 0x00, 0x01, 0xFF, 0xD0, 0x00, 0x00, 0x00, 0x6F, 0xFF, 0xFF, 0xE4, 0x00, 0x00,
    0xFF, 0xFF, 0xFF, 0xFF, 0xD0, 0x01, 0xFF, 0xD3, 0xFE, 0x2F, 0xFD, 0x00, 0xFF, 0xC0, 0xFF, 0x81,
    0xFF, 0xD0, 0xFF, 0xD0, 0x2F, 0xE0, 0x3F, 0xFC, 0x7F, 0xF0, 0x0B, 0xF8, 0x07, 0xFF, 0x6F, 0xFC,
    0x02, 0xFE, 0x00, 0xFF, 0xEB, 0xFF, 0x00, 0xBF, 0x80, 0x3F, 0xFB, 0xFF, 0xC0, 0x2F, 0xE0, 0x0F,
    0xFE, 0xBF, 0xF0, 0x0B, 0xF8, 0x03, 0xFF, 0xAF, 0xFC, 0x02, 0xFD, 0x00, 0xFF, 0xD7, 0xFF, 0x00,
    0xBF, 0x40, 0x3F, 0xF0, 0xFF, 0xE0, 0x2F, 0xD0, 0x2F, 0xFC, 0x1F, 0xFD, 0x0B, 0xF4, 0x0F, 0xFC,
    0x02, 0xFF, 0xE2, 0xFD, 0x1F, 0xFD, 0x00, 0x1F, 0xFF, 0xFF, 0xFF, 0xFC, 0x00, 0x00, 0x7F, 0xFF,
    0xFF, 0xF4, 0x00, 0x00, 0x00, 0x5F, 0xF9, 0x40, 0x00, 0x00, 0x00, 0x02, 0xFD, 0x00, 0x00, 0x00,
    0x00, 0x00, 0xBF, 0x40, 0x00, 0x00, 0x00, 0x00, 0x2F, 0xD0, 0x00, 0x00, 0x00, 0x00, 0x0B, 0xF0,
    0x00, 0x00, 0x00, 0x00, 0x02, 0xFC, 0x00, 0x00, 0x00, 0x00, 0x00, 0xBF, 0x00, 0x00, 0x00, 0x00,
    0x00, 0x05, 0x40, 0x00, 0x00, 0x01, 0x50, 0x00, 0x00, 0x04, 0x0B, 0xFF, 0x40, 0x02, 0xFF, 0x8B,
    0xFF, 0xF0, 0x00, 0xFF, 0xC1, 0xFF, 0xFE, 0x00, 0xBF, 0xD0, 0x02, 0xFF, 0xC0, 0x3F, 0xF0, 0x00,
    0x3F, 0xF8, 0x1F, 0xF0, 0x00, 0x07, 0xFF, 0x0F, 0xF8, 0x00, 0x00, 0xFF, 0xC3, 0xFC, 0x00, 0x00,
    0x1F, 0xFA, 0xFD, 0x00, 0x00, 0x03, 0xFF, 0xFF, 0x00, 0x00, 0x00, 0xBF, 0xFF, 0x00, 0x00, 0x00,
    0x0F, 0xFF, 0x80, 0x00, 0x00, 0x02, 0xFF, 0xC0, 0x00, 0x00, 0x00, 0x7F, 0xF0, 0x00, 0x00, 0x00,
    0x3F, 0xFD, 0x00, 0x00, 0x00, 0x1F, 0xFF, 0xC0, 0x00, 0x00, 0x0F, 0xFF, 0xF4, 0x00, 0x00, 0x0B,
    0xFB, 0xFF, 0x00, 0x00, 0x07, 0xFC, 0xFF, 0xC0, 0x00, 0x03, 0xFE, 0x2F, 0xF8, 0x00, 0x01, 0xFF,
    0x03, 0xFF, 0x00, 0x00, 0xFF, 0x80, 0xFF, 0xE0, 0x00, 0xBF, 0xD0, 0x1F, 0xFE, 0x50, 0x3F, 0xF0,
    0x03, 0xFF, 0xFC, 0x3F, 0xF4, 0x00, 0x7F, 0xFE, 0x05, 0x54, 0x00, 0x02, 0xA8, 0x00, 0x00, 0x00,
    0x00, 0xAA, 0x80, 0x00, 0x00, 0x00, 0x00, 0x0F, 0xFC, 0x00, 0x00, 0x00, 0x00, 0x00, 0xFF, 0x80,
    0x00, 0x00, 0x00, 0x00, 0x0F, 0xF8, 0x00, 0x00, 0x00, 0x00, 0x00, 0xFF, 0x80, 0x00, 0x00, 0x00,
    0x00, 0x0F, 0xF8, 0x00, 0x00, 0x00, 0x50, 0x00, 0xFF, 0x80, 0x00, 0x02, 0xFF, 0xD0, 0x0F, 0xF8,
    0x2F, 0xF0, 0x7F, 0xFF, 0x00, 0xFF, 0x83, 0xFF, 0x83, 0xFF, 0xF4, 0x0F, 0xF8, 0x1F, 0xFC, 0x03,
    0xFF, 0x40, 0xFF, 0x80, 0xFF, 0xC0, 0x2F, 0xF4, 0x0F, 0xF8, 0x0F, 0xFD, 0x02, 0xFF, 0x40, 0xFF,
    0x40, 0xBF, 0xE0, 0x3F, 0xF0, 0x0F, 0xF4, 0x07, 0xFF, 0x03, 0xFF, 0x00, 0xFF, 0x40, 0x7F, 0xF0,
    0x3F, 0xF0, 0x0F, 0xF4, 0x07, 0xFF, 0x03, 0xFF, 0x00, 0xFF, 0x40, 0x7F, 0xF0, 0x3F, 0xF0, 0x0F,
    0xF4, 0x0B, 0xFE, 0x03, 0xFF, 0x00, 0xFF, 0x40, 0xFF, 0xD0, 0x2F, 0xF8, 0x0F, 0xF4, 0x0F, 0xFC,
    0x00, 0xFF, 0xC0, 0xFF, 0x43, 0xFF, 0x40, 0x0B, 0xFF, 0x9F, 0xFA, 0xFF, 0xE0, 0x00, 0x2F, 0xFF,
    0xFF, 0xFF, 0xF4, 0x00, 0x00, 0x6F, 0xFF, 0xFF, 0xF8, 0x00, 0x00, 0x00, 0x05, 0xFF, 0x50, 0x00,
    0x00, 0x00, 0x00, 0x0F, 0xF0, 0x00, 0x00, 0x00, 0x00, 0x00, 0xFF, 0x00, 0x00, 0x00, 0x00, 0x00,
    0x0F, 0xF0, 0x00, 0x00, 0x00, 0x00, 0x00, 0xFF, 0x00, 0x00, 0x00, 0x00, 0x00, 0x0F, 0xF0, 0x00,
    0x00, 0x00, 0x00, 0x00, 0xFF, 0x00, 0x00, 0x00, 0x00, 0x00, 0x01, 0x50, 0x00, 0x00, 0x00, 0x00,
    0x00, 0x00, 0x00, 0x10, 0x00, 0x0F, 0xE4, 0x00, 0x02, 0xFF, 0x80, 0x03, 0xFF, 0x40, 0x00, 0x1F,
    0xFD, 0x00, 0xBF, 0xF0, 0x00, 0x00, 0xFF, 0xF0, 0x0F, 0xFC, 0x00, 0x00, 0x07, 0xFF, 0x02, 0xFF,
    0xC0, 0x05, 0x00, 0x3F, 0xF8, 0x3F, 0xF4, 0x03, 0xFC, 0x02, 0xFF, 0xC3, 0xFF, 0x00, 0xBF, 0xD0,
    0x1F, 0xFC, 0x7F, 0xF0, 0x0F, 0xFE, 0x00, 0xFF, 0xDB, 0xFF, 0x00, 0xBF, 0xE0, 0x0F, 0xFD, 0xBF,
    0xF0, 0x07, 0xFD, 0x00, 0xFF, 0xDB, 0xFF, 0x00, 0x3F, 0xC0, 0x0F, 0xFD, 0x7F, 0xF0, 0x02, 0xF4,
    0x00, 0xFF, 0xC3, 0xFF, 0x40, 0x3F, 0xC0, 0x2F, 0xFC, 0x3F, 0xFC, 0x0B, 0xFE, 0x03, 0xFF, 0x41,
    0xFF, 0xFB, 0xFB, 0xFE, 0xFF, 0xF0, 0x0B, 0xFF, 0xFF, 0x0F, 0xFF, 0xFC, 0x00, 0x1F, 0xFF, 0x80,
    0x3F, 0xFF, 0x00, 0x00, 0x15, 0x40, 0x00, 0x15, 0x00, 0x00, 0x06, 0x40, 0x19, 0x03, 0xFD, 0x0B,
    0xFC, 0xBF, 0xF0, 0xFF, 0xEB, 0xFF, 0x0F, 0xFE, 0x7F, 0xE0, 0xBF, 0xC1, 0xA4, 0x01, 0xA0, 0x00,
    0x00, 0x00, 0x00, 0x00, 0x00, 0x00, 0x00, 0x00, 0x40, 0x00, 0x0F, 0xFD, 0x00, 0x00, 0xFF, 0xD0,
    0x00, 0x0F, 0xFD, 0x00, 0x00, 0xFF, 0xC0, 0x00, 0x0F, 0xFC, 0x00, 0x00, 0xFF, 0xC0, 0x00, 0x0F,
    0xFC, 0x00, 0x00, 0xFF, 0xC0, 0x00, 0x0F, 0xFC, 0x00, 0x00, 0xFF, 0xC0, 0x00, 0x0F, 0xFC, 0x00,
    0x00, 0xFF, 0xC0, 0x00, 0x0F, 0xFC, 0x00, 0x00, 0xFF, 0xE0, 0x40, 0x0B, 0xFF, 0xFE, 0x00, 0x3F,
    0xFF, 0xF0, 0x01, 0xFF, 0xF8, 0x00, 0x01, 0x54, 0x00, 0x00, 0x19, 0x00, 0x19, 0x00, 0x00, 0x2F,
    0xF0, 0x3F, 0xE0, 0x00, 0x0F, 0xFD, 0x1F, 0xFC, 0x00, 0x03, 0xFF, 0x47, 0xFF, 0x00, 0x00, 0xFF,
    0xC0, 0xFF, 0x80, 0x00, 0x0A, 0x80, 0x0A, 0x40, 0x00, 0x00, 0x00, 0x00, 0x00, 0x00, 0x00, 0x00,
    0x00, 0x00, 0x00, 0x00, 0x50, 0x00, 0x00, 0x00, 0x0B, 0xFF, 0x40, 0x1F, 0xFC, 0x07, 0xFF, 0xF0,
    0x03, 0xFF, 0x80, 0xFF, 0xFD, 0x00, 0xBF, 0xF0, 0x03, 0xFF, 0x40, 0x1F, 0xFD, 0x00, 0xBF, 0xD0,
    0x03, 0xFF, 0x80, 0x2F, 0xF4, 0x00, 0xFF, 0xF0, 0x0F, 0xFD, 0x00, 0x2F, 0xFC, 0x03, 0xFF, 0x40,
    0x07, 0xFF, 0x00, 0xFF, 0xC0, 0x01, 0xFF, 0xC0, 0x3F, 0xF0, 0x00, 0x7F, 0xF0, 0x0F, 0xFC, 0x00,
    0x1F, 0xFC, 0x03, 0xFF, 0x40, 0x0B, 0xFE, 0x00, 0xBF, 0xE0, 0x03, 0xFF, 0x00, 0x1F, 0xFC, 0x01,
    0xFF, 0x80, 0x03, 0xFF, 0xE6, 0xFF, 0xC0, 0x00, 0x3F, 0xFF, 0xFF, 0xC0, 0x00, 0x02, 0xFF, 0xFF,
    0x40, 0x00, 0x00, 0x01, 0x54, 0x00, 0x00, 0x00, 0x00, 0x00, 0x40, 0x00, 0x00, 0x00, 0x7F, 0x00,
    0x00, 0x00, 0x0F, 0xF4, 0x00, 0x00, 0x01, 0xFF, 0x40, 0x00, 0x00, 0x2F, 0xD0, 0x00, 0x00, 0x03,
    0xF8, 0x00, 0x00, 0x00, 0xBE, 0x00, 0x00, 0x00, 0x0F, 0x80, 0x00, 0x00, 0x00, 0x60, 0x00, 0x00,
    0x00, 0x00, 0x00, 0x00, 0x00, 0x01, 0x65, 0x00, 0x00, 0x07, 0xFF, 0xFF, 0x00, 0x03, 0xFF, 0xFF,
    0xFD, 0x00, 0xFF, 0xE5, 0xFF, 0xF4, 0x2F, 0xF8, 0x03, 0xFF, 0xC3, 0xFF, 0x00, 0x1F, 0xFD, 0x7F,
    0xF0, 0x00, 0xFF, 0xEB, 0xFF, 0x00, 0x0B, 0xFF, 0xBF, 0xF0, 0x00, 0xBF, 0xFF, 0xFF, 0x00, 0x0B,
    0xFF, 0xBF, 0xF0, 0x00, 0xBF, 0xFB, 0xFF, 0x00, 0x0B, 0xFF, 0x7F, 0xF0, 0x00, 0xFF, 0xE3, 0xFF,
    0x80, 0x0F, 0xFC, 0x2F, 0xFC, 0x02, 0xFF, 0x80, 0xFF, 0xF9, 0xBF, 0xF0, 0x03, 0xFF, 0xFF, 0xFC,
    0x00, 0x0B, 0xFF, 0xFD, 0x00, 0x00, 0x01, 0x54, 0x00, 0x00, 0x00, 0x00, 0x00, 0x10, 0x00, 0x00,
    0x00, 0x00, 0x3F, 0x40, 0x00, 0x00, 0x00, 0x1F, 0xF0, 0x00, 0x00, 0x00, 0x0F, 0xFC, 0x00, 0x00,
    0x00, 0x03, 0xFC, 0x00, 0x00, 0x00, 0x02, 0xFC, 0x00, 0x00, 0x00, 0x00, 0xFC, 0x00, 0x00, 0x00,
    0x00, 0x7D, 0x00, 0x00, 0x00, 0x00, 0x09, 0x00, 0x00, 0x00, 0x00, 0x00, 0x00, 0x00, 0x00, 0x05,
    0x00, 0x00, 0x00, 0x00, 0xBF, 0xF4, 0x01, 0xFF, 0xC0, 0x7F, 0xFF, 0x00, 0x3F, 0xF8, 0x0F, 0xFF,
    0xD0, 0x0B, 0xFF, 0x00, 0x3F, 0xF4, 0x01, 0xFF, 0xD0, 0x0B, 0xFD, 0x00, 0x3F, 0xF8, 0x02, 0xFF,
    0x40, 0x0F, 0xFF, 0x00, 0xFF, 0xD0, 0x02, 0xFF, 0xC0, 0x3F, 0xF4, 0x00, 0x7F, 0xF0, 0x0F, 0xFC,
    0x00, 0x1F, 0xFC, 0x03, 0xFF, 0x00, 0x07, 0xFF, 0x00, 0xFF, 0xC0, 0x01, 0xFF, 0xC0, 0x3F, 0xF4,
    0x00, 0xBF, 0xE0, 0x0B, 0xFE, 0x00, 0x3F, 0xF0, 0x01, 0xFF, 0xC0, 0x1F, 0xF8, 0x00, 0x3F, 0xFE,
    0x6F, 0xFC, 0x00, 0x03, 0xFF, 0xFF, 0xFC, 0x00, 0x00, 0x2F, 0xFF, 0xF4, 0x00, 0x00, 0x00, 0x15,
    0x40, 0x00, 0x00, 0x00, 0x00, 0x00, 0x01, 0x40, 0x00, 0x00, 0x00, 0x00, 0x00, 0x7F, 0x00, 0x00,
    0x00, 0x00, 0x00, 0x0F, 0xF4, 0x00, 0x00, 0x00, 0x00, 0x01, 0xFF, 0x00, 0x00, 0x00, 0x00, 0x00,
    0x3F, 0xD0, 0x00, 0x00, 0x00, 0x00, 0x03, 0xF4, 0x00, 0x00, 0x00, 0x00, 0x00, 0xBE, 0x00, 0x00,
    0x00, 0x00, 0x00, 0x0F, 0x80, 0x00, 0x00, 0x00, 0x00, 0x00, 0x60, 0x00, 0x00, 0x00, 0x00, 0x00,
    0x00, 0x00, 0x00, 0x00, 0x00, 0x00, 0x00, 0x00, 0x00, 0x10, 0x00, 0x0F, 0xE4, 0x00, 0x02, 0xFF,
    0x80, 0x03, 0xFF, 0x40, 0x00, 0x1F, 0xFD, 0x00, 0xBF, 0xF0, 0x00, 0x00, 0xFF, 0xF0, 0x0F, 0xFC,
    0x00, 0x00, 0x07, 0xFF, 0x02, 0xFF, 0xC0, 0x05, 0x00, 0x3F, 0xF8, 0x3F, 0xF4, 0x03, 0xFC, 0x02,
    0xFF, 0xC3, 0xFF, 0x00, 0xBF, 0xD0, 0x1F, 0xFC, 0x7F, 0xF0, 0x0F, 0xFE, 0x00, 0xFF, 0xDB, 0xFF,
    0x00, 0xBF, 0xE0, 0x0F, 0xFD, 0xBF, 0xF0, 0x07, 0xFD, 0x00, 0xFF, 0xDB, 0xFF, 0x00, 0x3F, 0xC0,
    0x0F, 0xFD, 0x7F, 0xF0, 0x02, 0xF4, 0x00, 0xFF, 0xC3, 0xFF, 0x40, 0x3F, 0xC0, 0x2F, 0xFC, 0x3F,
    0xFC, 0x0B, 0xFE, 0x03, 0xFF, 0x41, 0xFF, 0xFB, 0xFB, 0xFE, 0xFF, 0xF0, 0x0B, 0xFF, 0xFF, 0x0F,
    0xFF, 0xFC, 0x00, 0x1F, 0xFF, 0x80, 0x3F, 0xFF, 0x00, 0x00, 0x15, 0x40, 0x00, 0x15, 0x00, 0x00,
    0x00, 0x40, 0x00, 0x06, 0x43, 0xFF, 0xC0, 0x02, 0xFF, 0xCF, 0xFE, 0x00, 0x3F, 0xFF, 0x7F, 0xF8,
    0x03, 0xFF, 0xFD, 0xFF, 0xE0, 0x3F, 0x4F, 0xF2, 0xFF, 0x82, 0xF8, 0x1E, 0x0B, 0xFD, 0x1F, 0xD0,
    0x00, 0x2F, 0xF4, 0xFF, 0x00, 0x00, 0xBF, 0xDB, 0xFD, 0x00, 0x02, 0xFF, 0xBF, 0xFC, 0x00, 0x0B,
    0xFF, 0xDF, 0xF8, 0x00, 0x2F, 0xFE, 0x3F, 0xF4, 0x00, 0xBF, 0xF0, 0xFF, 0xF0, 0x02, 0xFF, 0x41,
    0xFF, 0xF0, 0x0B, 0xFD, 0x02, 0xFF, 0xF0, 0x2F, 0xF4, 0x03, 0xFF, 0xE0, 0xBF, 0xD0, 0x03, 0xFF,
    0xC2, 0xFF, 0x40, 0x03, 0xFF, 0x80, 0x00, 0x00, 0x07, 0xFF, 0x00, 0x00, 0x00, 0x0F, 0xFC, 0x00,
    0x00, 0x00, 0x3F, 0xF0, 0x00, 0x00, 0x02, 0xFF, 0x80, 0x00, 0x15, 0xBF, 0xFC, 0x00, 0x02, 0xFF,
    0xFF, 0xD0, 0x00, 0x0B, 0xFF, 0xFD, 0x00, 0x00, 0x06, 0xA9, 0x00, 0x00, 0x00, 0x00, 0x6B, 0xFA,
    0x00, 0x00, 0x00, 0x07, 0xFF, 0xFF, 0xF4, 0x00, 0x00, 0x3F, 0xFF, 0xFF, 0xFE, 0x00, 0x00, 0xFF,
    0xE0, 0x1B, 0xFF, 0xC0, 0x03, 0xFF, 0x40, 0x01, 0xFF, 0xE0, 0x0F, 0xFD, 0x00, 0x00, 0x7F, 0xF4,
    0x1F, 0xFC, 0x00, 0x00, 0x3F, 0xFC, 0x2F, 0xF8, 0x00, 0x00, 0x1F, 0xFC, 0x3F, 0xF4, 0x00, 0x00,
    0x0F, 0xFD, 0x7F, 0xF0, 0x00, 0x00, 0x0F, 0xFE, 0x7F, 0xF0, 0x00, 0x00, 0x0F, 0xFE, 0xBF, 0xF0,
    0x00, 0x00, 0x0F, 0xFF, 0xBF, 0xF0, 0x00, 0x00, 0x0F, 0xFF, 0xBF, 0xF0, 0x00, 0x00, 0x0F, 0xFE,
    0x7F, 0xF0, 0x00, 0x00, 0x0F, 0xFE, 0x7F, 0xF4, 0x00, 0x00, 0x0F, 0xFD, 0x3F, 0xF8, 0x0F, 0xF8,
    0x1F, 0xFC, 0x3F, 0xFC, 0x0F, 0xF4, 0x2F, 0xF8, 0x1F, 0xFD, 0x0F, 0xF4, 0x3F, 0xF0, 0x0F, 0xFF,
    0x0F, 0xF4, 0xBF, 0xE0, 0x03, 0xFF, 0xDF, 0xF6, 0xFF, 0xC0, 0x01, 0xFF, 0xFF, 0xFF, 0xFF, 0x00,
    0x00, 0x3F, 0xFF, 0xFF, 0xF8, 0x00, 0x00, 0x07, 0xFF, 0xFF, 0x80, 0x00, 0x00, 0x00, 0x1F, 0xF4,
    0x00, 0x00, 0x00, 0x00, 0x0F, 0xF0, 0x00, 0x00, 0x00, 0x00, 0x0F, 0xF4, 0x00, 0x00, 0x00, 0x00,
    0x0F, 0xF4, 0x00, 0x00, 0x00, 0x00, 0x0F, 0xF4, 0x00, 0x00, 0x00, 0x00, 0x0F, 0xF4, 0x00, 0x00,
    0x00, 0x00, 0x0F, 0xF4, 0x00, 0x00, 0x00, 0x00, 0x04, 0x00, 0x00, 0x00, 0x00, 0x01, 0x69, 0x00,
    0x00, 0x01, 0xFF, 0xFF, 0xE0, 0x00, 0x2F, 0xFF, 0xFF, 0xF0, 0x03, 0xFF, 0x91, 0xFF, 0xF0, 0x2F,
    0xF4, 0x00, 0xFF, 0xE0, 0xFF, 0xC0, 0x01, 0xFF, 0xC7, 0xFE, 0x00, 0x03, 0xFF, 0x6F, 0xF4, 0x00,
    0x0B, 0xFD, 0xBF, 0xD0, 0x00, 0x2F, 0xFB, 0xFF, 0x40, 0x00, 0xBF, 0xEB, 0xFD, 0x00, 0x02, 0xFF,
    0xAF, 0xF8, 0x00, 0x0B, 0xFD, 0x7F, 0xF0, 0xBC, 0x3F, 0xF0, 0xFF, 0xC3, 0xF0, 0xFF, 0xC2, 0xFF,
    0xCB, 0xCB, 0xFD, 0x03, 0xFF, 0xFF, 0xFF, 0xE0, 0x03, 0xFF, 0xFF, 0xFE, 0x00, 0x02, 0xFF, 0xFF,
    0x80, 0x00, 0x00, 0x1F, 0xD0, 0x00, 0x00, 0x00, 0x3E, 0x00, 0x00, 0x00, 0x00, 0xFC, 0x00, 0x00,
    0x00, 0x03, 0xF0, 0x00, 0x00, 0x00, 0x0F, 0xC0, 0x00, 0x00, 0x00, 0x10, 0x00, 0x00, 0x00, 0x00,
    0x6B, 0xE9, 0x00, 0x00, 0x0B, 0xFF, 0xFF, 0xD0, 0x00, 0x7F, 0xFF, 0xFF, 0xF8, 0x01, 0xFF, 0xF9,
    0x6F, 0xFD, 0x07, 0xFF, 0x80, 0x07, 0xFF, 0x0F, 0xFE, 0x00, 0x0B, 0xFF, 0x1F, 0xFC, 0x00, 0x0F,
    0xFE, 0x3F, 0xF8, 0x00, 0x0B, 0xFD, 0x3F, 0xF4, 0x00, 0x01, 0xA0, 0x7F, 0xF4, 0x00, 0x00, 0x00,
    0x7F, 0xF4, 0x00, 0x00, 0x00, 0xBF, 0xF4, 0x00, 0x00, 0x00, 0xBF, 0xF4, 0x00, 0x00, 0x00, 0xBF,
    0xF4, 0x00, 0x00, 0x00, 0x7F, 0xF8, 0x00, 0x00, 0x00, 0x7F, 0xFC, 0x00, 0x00, 0x00, 0x3F, 0xFF,
    0x00, 0x00, 0x00, 0x2F, 0xFF, 0xD0, 0x00, 0x00, 0x0F, 0xFF, 0xFD, 0x00, 0x00, 0x07, 0xFF, 0xFF,
    0xF4, 0x00, 0x01, 0xFF, 0xFF, 0xFF, 0x80, 0x00, 0x3F, 0xFF, 0xFF, 0xE0, 0x00, 0x07, 0xFF, 0xFF,
    0xF4, 0x00, 0x00, 0x2F, 0xFF, 0xF8, 0x00, 0x00, 0x00, 0x7F, 0xF8, 0x00, 0x00, 0x00, 0x0F, 0xF8,
    0x00, 0x00, 0x00, 0x07, 0xF4, 0x00, 0x00, 0x00, 0x07, 0xF0, 0x00, 0x00, 0x00, 0x0F, 0xD0, 0x00,
    0x00, 0x00, 0x2F, 0x80, 0x00, 0x00, 0x00, 0x1E, 0x00, 0x00, 0x00, 0x00, 0x00, 0x00, 0x00, 0x00,
    0x00, 0x18, 0x00, 0x00, 0x00, 0x0B, 0xC0, 0x00, 0x00, 0x03, 0xF0, 0x00, 0x06, 0xAB, 0xFD, 0x00,
    0xBF, 0xFF, 0xFF, 0x40, 0xFF, 0xFF, 0xFF, 0xC0, 0xFF, 0xFF, 0xFF, 0xD0, 0xBF, 0xF9, 0x00, 0x00,
    0x3F, 0xE0, 0x00, 0x00, 0x1F, 0xF0, 0x00, 0x00, 0x0B, 0xF4, 0x00, 0x00, 0x02, 0xFD, 0x00, 0x00,
    0x00, 0xFF, 0x40, 0x00, 0x00, 0x2F, 0xE0, 0x00, 0x00, 0x0B, 0xFD, 0x00, 0x00, 0x01, 0xFF, 0xE0,
    0x00, 0x00, 0x3F, 0xFF, 0x90, 0x00, 0x0B, 0xFF, 0xFF, 0xD0, 0x00, 0xFF, 0xFF, 0xFF, 0x00, 0x0B,
    0xFF, 0xFF, 0xF0, 0x00, 0x2F, 0xFF, 0xFD, 0x00, 0x00, 0x6F, 0xFF, 0x40, 0x00, 0x00, 0xBF, 0xE0,
    0x00, 0x00, 0x0F, 0xF4, 0x00, 0x00, 0x03, 0xFC, 0x00, 0x00, 0x00, 0xFD, 0x00, 0x00, 0x00, 0xBF,
    0x00, 0x00, 0x00, 0x3F, 0x00, 0x00, 0x00, 0x01, 0x00, 0x00, 0x15, 0x55, 0x55, 0x55, 0x50, 0x7F,
    0xFF, 0xFF, 0xFF, 0xF4, 0x7F, 0xFF, 0xFF, 0xFF, 0xF8, 0x07, 0xFF, 0xD5, 0x6F, 0xF8, 0x03, 0xFF,
    0x80, 0x03, 0xFC, 0x03, 0xFF, 0x80, 0x01, 0xFC, 0x03, 0xFF, 0x80, 0x00, 0xFC, 0x03, 0xFF, 0x80,
    0x00, 0x64, 0x03, 0xFF, 0x80, 0x00, 0x00, 0x03, 0xFF, 0x80, 0x3D, 0x00, 0x03, 0xFF, 0x80, 0x7D,
    0x00, 0x03, 0xFF, 0xEA, 0xFD, 0x00, 0x03, 0xFF, 0xFF, 0xFD, 0x00, 0x03, 0xFF, 0xFF, 0xFD, 0x00,
    0x03, 0xFF, 0xD5, 0xFD, 0x00, 0x03, 0xFF, 0x80, 0x7D, 0x00, 0x03, 0xFF, 0x80, 0x3C, 0x00, 0x03,
    0xFF, 0x80, 0x00, 0x00, 0x03, 0xFF, 0x80, 0x00, 0x00, 0x03, 0xFF, 0x80, 0x00, 0x00, 0x03, 0xFF,
    0xC0, 0x00, 0x00, 0x2F, 0xFF, 0xFA, 0x00, 0x00, 0x7F, 0xFF, 0xFF, 0x40, 0x00, 0x7F, 0xFF, 0xFF,
    0x40, 0x00, 0x00, 0x00, 0x00, 0x00, 0x00, 0x00, 0x7F, 0xF9, 0x00, 0x00, 0xFF, 0xFF, 0xE0, 0x00,
    0xFF, 0xD6, 0xFD, 0x00, 0xBF, 0xC0, 0xFF, 0x80, 0x3F, 0xF0, 0x3F, 0xE0, 0x0F, 0xFC, 0x0F, 0xF0,
    0x07, 0xFF, 0x00, 0x50, 0x01, 0xFF, 0xC0, 0x00, 0x00, 0x7F, 0xF0, 0x00, 0x02, 0xFF, 0xFF, 0xFD,
    0x00, 0xFF, 0xFF, 0xFF, 0x40, 0x3F, 0xFF, 0xFF, 0xD0, 0x00, 0xBF, 0xF0, 0x00, 0x00, 0x2F, 0xFC,
    0x00, 0x00, 0x0B, 0xFF, 0x00, 0x00, 0x02, 0xFF, 0xC0, 0x00, 0x00, 0xBF, 0xF0, 0x00, 0x00, 0x2F,
    0xFC, 0x00, 0x00, 0x0B, 0xFF, 0x00, 0x00, 0x02, 0xFF, 0xC0, 0x00, 0x00, 0xBF, 0xF0, 0x00, 0x00,
    0x2F, 0xFC, 0x00, 0x00, 0x0B, 0xFF, 0x00, 0x00, 0x02, 0xFF, 0xC0, 0x00, 0x00, 0xBF, 0xF0, 0x00,
    0x00, 0x2F, 0xFC, 0x00, 0x00, 0x00, 0x00, 0x00, 0x00, 0x00, 0x00, 0x00, 0x00, 0x00, 0x1F, 0xF4,
    0x00, 0x00, 0x2F, 0xFF, 0x40, 0x00, 0x0B, 0xFF, 0xE0, 0x00, 0x00, 0x1F, 0xFC, 0x00, 0x00, 0x03,
    0xFE, 0x00, 0x00, 0x00, 0xFF, 0x00, 0x00, 0x00, 0x7F, 0x80, 0x00, 0x00, 0x3F, 0xC0, 0x2D, 0x00,
    0x2F, 0xC0, 0xBF, 0xC0, 0x1F, 0xD2, 0xFF, 0xF0, 0x0F, 0xEB, 0xFF, 0xF4, 0x0B, 0xFF, 0xFF, 0xFC,
    0x07, 0xFF, 0xFB, 0xFC, 0x03, 0xFF, 0xF1, 0xFD, 0x01, 0xFF, 0xD0, 0xFE, 0x00, 0x2F, 0x40, 0xFF,
    0x00, 0x01, 0x00, 0xBF, 0x40, 0x00, 0x00, 0x7F, 0xC0, 0x00, 0x00, 0x3F, 0xE0, 0x00, 0x00, 0x0F,
    0xFC, 0x00, 0x00, 0x03, 0xFF, 0xF4, 0x00, 0x00, 0xBF, 0xFE, 0x00, 0x00, 0x0B, 0xFE, 0x00, 0x00,
    0x00, 0x00, 0x00, 0x00, 0x00, 0x15, 0x00, 0x00, 0x0B, 0xFF, 0x40, 0x00, 0x3F, 0xFF, 0x00, 0x00,
    0xAF, 0xFC, 0x00, 0x00, 0x2F, 0xF0, 0x00, 0x00, 0xFF, 0x80, 0x00, 0x07, 0xFC, 0x00, 0x00, 0x3F,
    0xD0, 0x00, 0x03, 0xFD, 0x00, 0x00, 0x2F, 0xE0, 0x00, 0x01, 0xFF, 0xFF, 0xFF, 0x8F, 0xFF, 0xFF,
    0xFE, 0x7F, 0xFF, 0xFF, 0xF0, 0x00, 0x00, 0xFF, 0x00, 0x00, 0x0F, 0xF4, 0x00, 0x00, 0xBF, 0x80,
    0x00, 0x0B, 0xFC, 0x00, 0x00, 0x3F, 0xD0, 0x00, 0x02, 0xFF, 0x00, 0x00, 0x0B, 0xFE, 0x90, 0x00,
    0x2F, 0xFF, 0x80, 0x00, 0x3F, 0xFD, 0x00, 0x00, 0x19, 0x40, 0x00, 0x00, 0x3F, 0xE9, 0x00, 0x00,
    0x00, 0x00, 0x0F, 0xFF, 0xFE, 0x00, 0x00, 0x00, 0x03, 0xFF, 0xFF, 0xFC, 0x00, 0x00, 0x00, 0xFF,
    0xFF, 0xFF, 0xE0, 0x00, 0x00, 0x00, 0x06, 0xFF, 0xFE, 0x00, 0x00, 0x00, 0x00, 0x1F, 0xFF, 0xE0,
    0x00, 0x00, 0x00, 0x1F, 0xFF, 0xFE, 0x00, 0x00, 0x00, 0x2F, 0xFE, 0xFF, 0xC0, 0x00, 0x00, 0x7F,
    0xFD, 0x1F, 0xF8, 0x00, 0x00, 0xBF, 0xFC, 0x02, 0xFF, 0x00, 0x00, 0xFF, 0xF8, 0x00, 0x3F, 0xD0,
    0x21, 0xFF, 0xF0, 0x00, 0x3F, 0xFC, 0x3F, 0xFF, 0xE0, 0x00, 0x7F, 0xFF, 0x07, 0xFF, 0xD0, 0x00,
    0xBF, 0xFF, 0xC0, 0xBF, 0xC0, 0x00, 0xFF, 0xFF, 0xF4, 0x0F, 0xC0, 0x02, 0xFF, 0xF3, 0xFD, 0x01,
    0xF0, 0x03, 0xFF, 0xE0, 0xFF, 0x80, 0x28, 0x07, 0xFF, 0xD0, 0x2F, 0xE0, 0x01, 0xEB, 0xFF, 0x80,
    0x0B, 0xF8, 0x00, 0x7F, 0xFF, 0x40, 0x02, 0xFE, 0x00, 0x0B, 0xFF, 0x00, 0x00, 0xBF, 0x80, 0x00,
    0xFE, 0x00, 0x00, 0x2F, 0xE0, 0x00, 0x0F, 0x40, 0x00, 0x0F, 0xF8, 0x00, 0x02, 0xD0, 0x00, 0x01,
    0x54, 0x00, 0x00, 0x10, 0x00, 0x00, 0x00, 0x00, 0x00, 0x00, 0x00, 0x00, 0x00, 0x07, 0xE4, 0x00,
    0x00, 0x00, 0x2F, 0xFE, 0x00, 0x00, 0x00, 0x6F, 0xFF, 0x80, 0x00, 0x00, 0x07, 0xFF, 0xC0, 0x00,
    0x00, 0x02, 0xFF, 0xC0, 0x00, 0x00, 0x01, 0xFF, 0xC0, 0x00, 0x00, 0x01, 0xFF, 0x80, 0x00, 0x00,
    0x1F, 0xFF, 0x40, 0x00, 0x0B, 0xFF, 0xFF, 0x07, 0x07, 0xFF, 0xFB, 0xFC, 0x1F, 0xFF, 0xF9, 0x0F,
    0xF4, 0x3F, 0xFD, 0x00, 0x2F, 0xE0, 0xBE, 0x00, 0x00, 0x7F, 0xC1, 0xF0, 0x00, 0x02, 0xFF, 0x03,
    0x80, 0x01, 0xBF, 0xFC, 0x00, 0x00, 0xBF, 0xFF, 0xF0, 0x0F, 0x7F, 0xFF, 0xBF, 0xC0, 0x3F, 0xFF,
    0x90, 0xFF, 0x00, 0x7F, 0xD0, 0x03, 0xFC, 0x00, 0xF4, 0x00, 0x1F, 0xF0, 0x02, 0xD0, 0x00, 0x7F,
    0x80, 0x00, 0x00, 0x02, 0xFD, 0x00, 0x00, 0x00, 0x0F, 0xF0, 0x00, 0x00, 0x00, 0x3F, 0xC0, 0x00,
    0x00, 0x01, 0xFD, 0x00, 0x00, 0x00, 0x07, 0xF0, 0x00, 0x00, 0x00, 0x00, 0x00, 0x00, 0x00, 0x00,
    0x00, 0x00, 0x00, 0xBF, 0x40, 0xBE, 0x00, 0x01, 0xFF, 0xC2, 0xFF, 0x80, 0x02, 0xFF, 0xC3, 0xFF,
    0xC0, 0x01, 0xFF, 0xC2, 0xFF, 0x80, 0x00, 0xBF, 0x40, 0xFF, 0x00, 0x00, 0x00, 0x00, 0x00, 0x00,
    0x00, 0x00, 0x00, 0x00, 0x00, 0x15, 0x55, 0x55, 0x55, 0x50, 0x7F, 0xFF, 0xFF, 0xFF, 0xF4, 0x7F,
    0xFF, 0xFF, 0xFF, 0xF8, 0x07, 0xFF, 0xD5, 0x6F, 0xF8, 0x03, 0xFF, 0x80, 0x03, 0xFC, 0x03, 0xFF,
    0x80, 0x01, 0xFC, 0x03, 0xFF, 0x80, 0x00, 0xFC, 0x03, 0xFF, 0x80, 0x00, 0x00, 0x03, 0xFF, 0x80,
    0x3C, 0x00, 0x03, 0xFF, 0x80, 0x7C, 0x00, 0x03, 0xFF, 0xC1, 0xFC, 0x00, 0x03, 0xFF, 0xFF, 0xFC,
    0x00, 0x03, 0xFF, 0xFF, 0xFC, 0x00, 0x03, 0xFF, 0xEA, 0xFC, 0x00, 0x03, 0xFF, 0x80, 0x7C, 0x00,
    0x03, 0xFF, 0x80, 0x3C, 0x00, 0x03, 0xFF, 0x80, 0x00, 0x00, 0x03, 0xFF, 0x80, 0x00, 0x7F, 0x03,
    0xFF, 0x80, 0x00, 0xBE, 0x03, 0xFF, 0x80, 0x00, 0xFE, 0x03, 0xFF, 0x80, 0x02, 0xFD, 0x2F, 0xFF,
    0xFF, 0xFF, 0xFD, 0x7F, 0xFF, 0xFF, 0xFF, 0xFC, 0x7F, 0xFF, 0xFF, 0xFF, 0xFC, 0x05, 0x55, 0x55,
    0x55, 0x55, 0x54, 0x00, 0x0B, 0xFF, 0xFF, 0xFF, 0xFF, 0xFF, 0x40, 0x03, 0xFF, 0xFF, 0xFF, 0xFF,
    0xFF, 0xD0, 0x00, 0xFF, 0xE5, 0xFF, 0xE5, 0x6F, 0xF8, 0x00, 0x3F, 0xC0, 0x3F, 0xF8, 0x01, 0xFF,
    0x00, 0x1F, 0xD0, 0x0F, 0xFE, 0x00, 0x2F, 0xC0, 0x0B, 0xF0, 0x03, 0xFF, 0x80, 0x07, 0xF0, 0x02,
    0xF8, 0x00, 0xFF, 0xE0, 0x00, 0x90, 0x00, 0x00, 0x00, 0x3F, 0xF8, 0x00, 0x00, 0x00, 0x00, 0x00,
    0x0F, 0xFE, 0x01, 0x55, 0x00, 0x00, 0x00, 0x03, 0xFF, 0x8B, 0xFF, 0xFD, 0x00, 0x00, 0x00, 0xFF,
    0xFF, 0xFF, 0xFF, 0xE0, 0x00, 0x00, 0x3F, 0xFF, 0xFF, 0xFF, 0xFE, 0x00, 0x00, 0x0F, 0xFF, 0xD0,
    0x0B, 0xFF, 0xC0, 0x00, 0x03, 0xFF, 0x80, 0x00, 0xBF, 0xF4, 0x00, 0x00, 0xFF, 0xE0, 0x00, 0x0F,
    0xFE, 0x00, 0x00, 0x3F, 0xF8, 0x00, 0x03, 0xFF, 0x80, 0x00, 0x0F, 0xFE, 0x00, 0x00, 0xFF, 0xE0,
    0x00, 0x03, 0xFF, 0x80, 0x00, 0x3F, 0xF4, 0x00, 0x00, 0xFF, 0xE0, 0x00, 0x0F, 0xFD, 0x00, 0x00,
    0x3F, 0xF8, 0x00, 0x03, 0xFF, 0x00, 0x00, 0xBF, 0xFF, 0x90, 0x01, 0xFF, 0x80, 0x00, 0x7F, 0xFF,
    0xFC, 0x00, 0xFF, 0xC0, 0x00, 0x1F, 0xFF, 0xFF, 0x00, 0x7F, 0xD0, 0x00, 0x00, 0x00, 0x00, 0x00,
    0x3F, 0xE0, 0x00, 0x00, 0x00, 0x00, 0x00, 0x3F, 0xE0, 0x00, 0x00, 0x00, 0x00, 0x00, 0x1F, 0xD0,
    0x00, 0x00, 0x00, 0x00, 0x00, 0x02, 0x80, 0x00, 0x00, 0x00, 0x00, 0x00, 0x00, 0x00, 0x00, 0x00,
    0x00, 0x00, 0x00, 0x50, 0x00, 0x00, 0x00, 0x0F, 0xE0, 0x00, 0x00, 0x00, 0xFF, 0xC0, 0x00, 0x00,
    0x0F, 0xFF, 0x00, 0x00, 0x00, 0xFF, 0xE0, 0x00, 0x00, 0x0F, 0xF8, 0x00, 0x00, 0x00, 0x3D, 0x00,
    0x00, 0x00, 0x00, 0x00, 0x00, 0x00, 0x15, 0x55, 0x55, 0x55, 0x51, 0xFF, 0xFF, 0xFF, 0xFF, 0xC7,
    0xFF, 0xFF, 0xFF, 0xFF, 0x01, 0xFF, 0xF5, 0x5F, 0xFD, 0x03, 0xFF, 0x80, 0x0B, 0xF8, 0x0F, 0xFE,
    0x00, 0x0F, 0xE0, 0x3F, 0xF8, 0x00, 0x2F, 0xC0, 0xFF, 0xE0, 0x00, 0x79, 0x03, 0xFF, 0x80, 0x00,
    0x00, 0x0F, 0xFE, 0x00, 0x00, 0x00, 0x3F, 0xF8, 0x00, 0x00, 0x00, 0xFF, 0xE0, 0x00, 0x00, 0x03,
    0xFF, 0x80, 0x00, 0x00, 0x0F, 0xFE, 0x00, 0x00, 0x00, 0x3F, 0xF8, 0x00, 0x00, 0x00, 0xFF, 0xE0,
    0x00, 0x00, 0x03, 0xFF, 0x80, 0x00, 0x00, 0x0F, 0xFE, 0x00, 0x00, 0x00, 0x3F, 0xF8, 0x00, 0x00,
    0x00, 0xFF, 0xE0, 0x00, 0x00, 0x03, 0xFF, 0xC0, 0x00, 0x00, 0xBF, 0xFF, 0xA0, 0x00, 0x07, 0xFF,
    0xFF, 0xE0, 0x00, 0x1F, 0xFF, 0xFF, 0x80, 0x00, 0x00, 0x00, 0x6B, 0xA4, 0x2D, 0x00, 0x02, 0xFF,
    0xFF, 0xDF, 0x80, 0x07, 0xFF, 0xFF, 0xFF, 0xF0, 0x07, 0xFF, 0xE5, 0xBF, 0xFC, 0x03, 0xFF, 0xC0,
    0x01, 0xFF, 0x03, 0xFF, 0xC0, 0x00, 0x2F, 0xD1, 0xFF, 0xD0, 0x00, 0x03, 0xF4, 0xBF, 0xF0, 0x00,
    0x00, 0x7E, 0x3F, 0xF8, 0x00, 0x00, 0x04, 0x0F, 0xFE, 0x00, 0x00, 0x00, 0x07, 0xFF, 0x80, 0x00,
    0x00, 0x01, 0xFF, 0xFF, 0xFF, 0xFF, 0x80, 0x7F, 0xFF, 0xFF, 0xFF, 0xE0, 0x1F, 0xFF, 0xAA, 0xAA,
    0xA4, 0x07, 0xFF, 0x80, 0x00, 0x00, 0x00, 0xFF, 0xF0, 0x00, 0x00, 0x00, 0x3F, 0xFC, 0x00, 0x00,
    0x00, 0x0B, 0xFF, 0x80, 0x00, 0x00, 0x00, 0xFF, 0xF4, 0x00, 0x00, 0xB0, 0x2F, 0xFF, 0x40, 0x00,
    0xFE, 0x03, 0xFF, 0xFD, 0x57, 0xFF, 0x40, 0x3F, 0xFF, 0xFF, 0xFF, 0x40, 0x03, 0xFF, 0xFF, 0xFF,
    0x40, 0x00, 0x1F, 0xFF, 0xFD, 0x00, 0x00, 0x00, 0x15, 0x50, 0x00, 0x00, 0x00, 0x1A, 0xF9, 0x07,
    0x80, 0x03, 0xFF, 0xFF, 0xBF, 0x00, 0x3F, 0xFF, 0xFF, 0xFC, 0x03, 0xFF, 0x81, 0xBF, 0xF0, 0x1F,
    0xF4, 0x00, 0x7F, 0xC0, 0xFF, 0xC0, 0x00, 0x7F, 0x03, 0xFF, 0x00, 0x00, 0xBD, 0x0F, 0xFE, 0x00,
    0x01, 0xA0, 0x3F, 0xFE, 0x00, 0x00, 0x00, 0xFF, 0xFF, 0xD0, 0x00, 0x01, 0xFF, 0xFF, 0xFD, 0x00,
    0x02, 0xFF, 0xFF, 0xFF, 0x40, 0x02, 0xFF, 0xFF, 0xFF, 0x40, 0x01, 0xFF, 0xFF, 0xFF, 0x00, 0x00,
    0x2F, 0xFF, 0xFE, 0x00, 0x00, 0x02, 0xFF, 0xFC, 0x14, 0x00, 0x01, 0xFF, 0xF2, 0xF4, 0x00, 0x02,
    0xFF, 0xC7, 0xF0, 0x00, 0x07, 0xFF, 0x1F, 0xE0, 0x00, 0x1F, 0xF8, 0x7F, 0xF0, 0x00, 0xFF, 0xC0,
    0xFF, 0xFE, 0xBF, 0xFE, 0x03, 0xFF, 0xFF, 0xFF, 0xE0, 0x0F, 0x47, 0xFF, 0xF8, 0x00, 0x00, 0x00,
    0x55, 0x00, 0x00, 0x15, 0x55, 0x54, 0x7F, 0xFF, 0xFD, 0x7F, 0xFF, 0xFD, 0x07, 0xFF, 0xD0, 0x03,
    0xFF, 0xC0, 0x03, 0xFF, 0x80, 0x03, 0xFF, 0x80, 0x03, 0xFF, 0x80, 0x03, 0xFF, 0x80, 0x03, 0xFF,
    0x80, 0x03, 0xFF, 0x80, 0x03, 0xFF, 0x80, 0x03, 0xFF, 0x80, 0x03, 0xFF, 0x80, 0x03, 0xFF, 0x80,
    0x03, 0xFF, 0x80, 0x03, 0xFF, 0x80, 0x03, 0xFF, 0x80, 0x03, 0xFF, 0x80, 0x03, 0xFF, 0x80, 0x03,
    0xFF, 0xC0, 0x2F, 0xFF, 0xE8, 0x7F, 0xFF, 0xFD, 0x7F, 0xFF, 0xFD, 0x00, 0x00, 0x00, 0x02, 0xFC,
    0x03, 0xF8, 0xBF, 0xF0, 0xFF, 0xDB, 0xFF, 0x0F, 0xFE, 0xBF, 0xF0, 0xFF, 0xD3, 0xFC, 0x07, 0xFC,
    0x00, 0x00, 0x00, 0x00, 0x00, 0x00, 0x00, 0x05, 0x55, 0x55, 0x01, 0xFF, 0xFF, 0xF4, 0x1F, 0xFF,
    0xFF, 0x40, 0x1F, 0xFF, 0x40, 0x00, 0xFF, 0xF0, 0x00, 0x0F, 0xFE, 0x00, 0x00, 0xFF, 0xE0, 0x00,
    0x0F, 0xFE, 0x00, 0x00, 0xFF, 0xE0, 0x00, 0x0F, 0xFE, 0x00, 0x00, 0xFF, 0xE0, 0x00, 0x0F, 0xFE,
    0x00, 0x00, 0xFF, 0xE0, 0x00, 0x0F, 0xFE, 0x00, 0x00, 0xFF, 0xE0, 0x00, 0x0F, 0xFE, 0x00, 0x00,
    0xFF, 0xE0, 0x00, 0x0F, 0xFE, 0x00, 0x00, 0xFF, 0xE0, 0x00, 0x0F, 0xFE, 0x00, 0x00, 0xFF, 0xF0,
    0x00, 0xBF, 0xFF, 0xA0, 0x1F, 0xFF, 0xFF, 0x41, 0xFF, 0xFF, 0xF4, 0x00, 0x01, 0x55, 0x55, 0x50,
    0x00, 0x0F, 0xFF, 0xFF, 0xD0, 0x00, 0x3F, 0xFF, 0xFF, 0x40, 0x00, 0x17, 0xFF, 0xD0, 0x00, 0x00,
    0x0F, 0xFF, 0x00, 0x00, 0x00, 0x2F, 0xFC, 0x00, 0x00, 0x00, 0xBF, 0xF0, 0x00, 0x00, 0x02, 0xFF,
    0xC0, 0x00, 0x00, 0x0B, 0xFF, 0x00, 0x00, 0x00, 0x2F, 0xFC, 0x00, 0x00, 0x00, 0xBF, 0xF0, 0x00,
    0x00, 0x02, 0xFF, 0xC0, 0x00, 0x00, 0x0B, 0xFF, 0x00, 0x00, 0x00, 0x2F, 0xFC, 0x00, 0x00, 0x00,
    0xBF, 0xF0, 0x00, 0x00, 0x02, 0xFF, 0xC0, 0x0B, 0xD0, 0x0B, 0xFF, 0x00, 0xBF, 0xC0, 0x2F, 0xF8,
    0x03, 0xFF, 0x40, 0xFF, 0xE0, 0x1F, 0xFC, 0x03, 0xFF, 0x40, 0x3F, 0xD0, 0x1F, 0xFC, 0x00, 0xFF,
    0xE6, 0xFF, 0xD0, 0x00, 0xFF, 0xFF, 0xFE, 0x00, 0x00, 0xBF, 0xFF, 0xD0, 0x00, 0x00, 0x05, 0x50,
    0x00, 0x00, 0x00, 0x05, 0x55, 0x55, 0x55, 0x55, 0x00, 0x00, 0x00, 0x00, 0xBF, 0xFF, 0xFF, 0xFF,
    0xFE, 0x00, 0x00, 0x00, 0x01, 0xFF, 0xFF, 0xFF, 0xFF, 0xF8, 0x00, 0x00, 0x00, 0x00, 0x3F, 0xFF,
    0xFF, 0xFE, 0x00, 0x00, 0x00, 0x00, 0x00, 0xBE, 0x00, 0x7F, 0xF0, 0x00, 0x00, 0x00, 0x00, 0x02,
    0xF8, 0x01, 0xFF, 0xC0, 0x00, 0x00, 0x00, 0x00, 0x0B, 0xE0, 0x07, 0xFF, 0x00, 0x00, 0x00, 0x00,
    0x00, 0x2F, 0x40, 0x1F, 0xFC, 0x00, 0x00, 0x00, 0x00, 0x00, 0xBD, 0x00, 0x7F, 0xF0, 0x00, 0x00,
    0x00, 0x00, 0x02, 0xF4, 0x01, 0xFF, 0xD0, 0x00, 0x00, 0x00, 0x00, 0x0B, 0xD0, 0x07, 0xFF, 0xFF,
    0xFD, 0x00, 0x00, 0x00, 0x3F, 0x00, 0x1F, 0xFF, 0xFF, 0xFF, 0x40, 0x00, 0x00, 0xFC, 0x00, 0x7F,
    0xFE, 0xBF, 0xFF, 0x80, 0x00, 0x03, 0xF0, 0x01, 0xFF, 0xC0, 0x0F, 0xFF, 0x40, 0x00, 0x0F, 0xC0,
    0x07, 0xFF, 0x00, 0x0F, 0xFE, 0x00, 0x00, 0x7E, 0x00, 0x1F, 0xFC, 0x00, 0x3F, 0xFC, 0x00, 0x02,
    0xF4, 0x00, 0x7F, 0xF0, 0x00, 0xBF, 0xF0, 0x00, 0x0F, 0xD0, 0x01, 0xFF, 0xC0, 0x02, 0xFF, 0xC0,
    0x60, 0x3F, 0x00, 0x07, 0xFF, 0x00, 0x0F, 0xFF, 0x0B, 0xF6, 0xF8, 0x00, 0x1F, 0xFC, 0x00, 0x3F,
    0xF8, 0x3F, 0xFF, 0xC0, 0x00, 0x7F, 0xF0, 0x03, 0xFF, 0xC0, 0xFF, 0xFE, 0x00, 0x1B, 0xFF, 0xEA,
    0xFF, 0xFC, 0x03, 0xFF, 0xF0, 0x00, 0xFF, 0xFF, 0xFF, 0xFF, 0x80, 0x07, 0xFF, 0x00, 0x03, 0xFF,
    0xFF, 0xFF, 0x90, 0x00, 0x01, 0x40, 0x00, 0x00, 0x00, 0x00, 0x00, 0x00, 0x00, 0x15, 0x55, 0x54,
    0x01, 0x55, 0x55, 0x40, 0x00, 0x01, 0xFF, 0xFF, 0xF0, 0x1F, 0xFF, 0xFF, 0x00, 0x00, 0x07, 0xFF,
    0xFF, 0xC0, 0x7F, 0xFF, 0xFC, 0x00, 0x00, 0x01, 0xFF, 0xF4, 0x00, 0x1F, 0xFF, 0x40, 0x00, 0x00,
    0x03, 0xFF, 0xC0, 0x00, 0x3F, 0xF8, 0x00, 0x00, 0x00, 0x0F, 0xFE, 0x00, 0x00, 0xFF, 0xE0, 0x00,
    0x00, 0x00, 0x3F, 0xF8, 0x00, 0x03, 0xFF, 0x80, 0x00, 0x00, 0x00, 0xFF, 0xE0, 0x00, 0x0F, 0xFE,
    0x00, 0x00, 0x00, 0x03, 0xFF, 0x80, 0x00, 0x3F, 0xF8, 0x00, 0x00, 0x00, 0x0F, 0xFE, 0x00, 0x00,
    0xFF, 0xE0, 0x00, 0x00, 0x00, 0x3F, 0xFE, 0xAA, 0xAB, 0xFF, 0xFF, 0xFE, 0x00, 0x00, 0xFF, 0xFF,
    0xFF, 0xFF, 0xFF, 0xFF, 0xFF, 0x80, 0x03, 0xFF, 0xFF, 0xFF, 0xFF, 0xFE, 0xAF, 0xFF, 0xC0, 0x0F,
    0xFF, 0xAA, 0xAA, 0xFF, 0xE0, 0x0B, 0xFF, 0x80, 0x3F, 0xF8, 0x00, 0x03, 0xFF, 0x80, 0x0F, 0xFF,
    0x00, 0xFF, 0xE0, 0x00, 0x0F, 0xFE, 0x00, 0x2F, 0xFC, 0x03, 0xFF, 0x80, 0x00, 0x3F, 0xF8, 0x00,
    0x7F, 0xF4, 0x0F, 0xFE, 0x00, 0x00, 0xFF, 0xE0, 0x01, 0xFF, 0xC0, 0x3F, 0xF8, 0x00, 0x03, 0xFF,
    0x80, 0x0B, 0xFF, 0x00, 0xFF, 0xE0, 0x00, 0x0F, 0xFE, 0x00, 0x3F, 0xFC, 0x03, 0xFF, 0xC0, 0x00,
    0x3F, 0xF8, 0x02, 0xFF, 0xC0, 0xBF, 0xFF, 0x90, 0x0B, 0xFF, 0xFA, 0xBF, 0xFD, 0x07, 0xFF, 0xFF,
    0xC0, 0x7F, 0xFF, 0xFF, 0xFF, 0xD0, 0x1F, 0xFF, 0xFF, 0x01, 0xFF, 0xFF, 0xFF, 0xE0, 0x00, 0x05,
    0x55, 0x55, 0x55, 0x55, 0x54, 0x00, 0x00, 0x1F, 0xFF, 0xFF, 0xFF, 0xFF, 0xFE, 0x00, 0x00, 0x2F,
    0xFF, 0xFF, 0xFF, 0xFF, 0xFF, 0x00, 0x00, 0x2F, 0xF9, 0x7F, 0xFD, 0x5B, 0xFF, 0x00, 0x00, 0x3F,
    0xD0, 0x2F, 0xFC, 0x00, 0xFF, 0x00, 0x00, 0x3F, 0x80, 0x2F, 0xFC, 0x00, 0x7F, 0x40, 0x00, 0x3F,
    0x40, 0x2F, 0xFC, 0x00, 0x3F, 0x40, 0x00, 0x7F, 0x00, 0x2F, 0xFC, 0x00, 0x00, 0x00, 0x00, 0x00,
    0x00, 0x2F, 0xFC, 0x00, 0x00, 0x00, 0x00, 0x00, 0x00, 0x2F, 0xFC, 0x1B, 0xFE, 0x40, 0x00, 0x00,
    0x00, 0x2F, 0xFE, 0xFF, 0xFF, 0xF8, 0x00, 0x00, 0x00, 0x2F, 0xFF, 0xFF, 0xFF, 0xFF, 0x00, 0x00,
    0x00, 0x2F, 0xFF, 0xE5, 0x6F, 0xFF, 0x40, 0x00, 0x00, 0x2F, 0xFD, 0x00, 0x03, 0xFF, 0xC0, 0x00,
    0x00, 0x2F, 0xFC, 0x00, 0x02, 0xFF, 0xC0, 0x00, 0x00, 0x2F, 0xFC, 0x00, 0x01, 0xFF, 0xC0, 0x00,
    0x00, 0x2F, 0xFC, 0x00, 0x01, 0xFF, 0xD0, 0x00, 0x00, 0x2F, 0xFC, 0x00, 0x01, 0xFF, 0xD0, 0x00,
    0x00, 0x2F, 0xFC, 0x00, 0x01, 0xFF, 0xD0, 0x00, 0x00, 0x2F, 0xFC, 0x00, 0x01, 0xFF, 0xD0, 0x00,
    0x00, 0x3F, 0xFC, 0x00, 0x01, 0xFF, 0xD0, 0x00, 0x01, 0xBF, 0xFF, 0x80, 0x1B, 0xFF, 0xF9, 0x00,
    0x03, 0xFF, 0xFF, 0xD0, 0x2F, 0xFF, 0xFE, 0x00, 0x03, 0xFF, 0xFF, 0xD0, 0x2F, 0xFF, 0xFE, 0x00,
    0x00, 0x00, 0x01, 0x40, 0x00, 0x00, 0x00, 0x00, 0x02, 0xFC, 0x00, 0x00, 0x00, 0x00, 0x02, 0xFF,
    0x00, 0x00, 0x00, 0x00, 0x02, 0xFF, 0xC0, 0x00, 0x00, 0x00, 0x03, 0xFF, 0xC0, 0x00, 0x00, 0x00,
    0x03, 0xFE, 0x40, 0x00, 0x00, 0x00, 0x00, 0xF4, 0x00, 0x00, 0x00, 0x00, 0x00, 0x00, 0x00, 0x00,
    0x00, 0x15, 0x55, 0x54, 0x00, 0x06, 0x90, 0x1F, 0xFF, 0xFF, 0x40, 0x0F, 0xFF, 0x07, 0xFF, 0xFF,
    0xD0, 0x0F, 0xFF, 0xD0, 0x1F, 0xFF, 0x40, 0x07, 0xFF, 0xF4, 0x03, 0xFF, 0xC0, 0x03, 0xFB, 0xFC,
    0x00, 0xFF, 0xF0, 0x01, 0xFC, 0xBD, 0x00, 0x3F, 0xFC, 0x00, 0xBD, 0x00, 0x00, 0x0F, 0xFF, 0x00,
    0x3F, 0x00, 0x00, 0x03, 0xFF, 0xC0, 0x2F, 0x80, 0x00, 0x00, 0xFF, 0xF0, 0x1F, 0xC0, 0x00, 0x00,
    0x3F, 0xFD, 0x6F, 0xD0, 0x00, 0x00, 0x0F, 0xFF, 0xFF, 0xD0, 0x00, 0x00, 0x03, 0xFF, 0xFF, 0xFE,
    0x00, 0x00, 0x00, 0xFF, 0xFA, 0xFF, 0xF0, 0x00, 0x00, 0x3F, 0xFC, 0x0F, 0xFF, 0x00, 0x00, 0x0F,
    0xFF, 0x00, 0xFF, 0xE0, 0x00, 0x03, 0xFF, 0xC0, 0x2F, 0xFC, 0x00, 0x00, 0xFF, 0xF0, 0x07, 0xFF,
    0x80, 0x00, 0x3F, 0xFC, 0x00, 0xFF, 0xF0, 0x00, 0x0F, 0xFF, 0x00, 0x2F, 0xFE, 0x00, 0x03, 0xFF,
    0xC0, 0x03, 0xFF, 0xC0, 0x0B, 0xFF, 0xFE, 0x00, 0xBF, 0xFF, 0xC7, 0xFF, 0xFF, 0xD0, 0x0F, 0xFF,
    0xF1, 0xFF, 0xFF, 0xF4, 0x00, 0xFF, 0xF4, 0x00, 0x00, 0x00, 0x00, 0x05, 0x50, 0x00, 0x00, 0x00,
    0x14, 0x00, 0x00, 0x00, 0x00, 0x00, 0x07, 0xF0, 0x00, 0x00, 0x00, 0x00, 0x00, 0xBF, 0xC0, 0x00,
    0x00, 0x00, 0x00, 0x07, 0xFF, 0x40, 0x00, 0x00, 0x00, 0x00, 0x2F, 0xFD, 0x00, 0x00, 0x00, 0x00,
    0x00, 0x1F, 0xF4, 0x00, 0x00, 0x00, 0x00, 0x00, 0x1B, 0x00, 0x00, 0x00, 0x00, 0x00, 0x00, 0x00,
    0x00, 0x00, 0x15, 0x55, 0x54, 0x01, 0x55, 0x55, 0x47, 0xFF, 0xFF, 0xC0, 0x3F, 0xFF, 0xFE, 0x7F,
    0xFF, 0xFC, 0x03, 0xFF, 0xFF, 0xE0, 0x7F, 0xFD, 0x00, 0x07, 0xFF, 0xE0, 0x03, 0xFF, 0xC0, 0x00,
    0x1F, 0xFC, 0x00, 0x3F, 0xF8, 0x00, 0x01, 0xFF, 0xC0, 0x03, 0xFF, 0x80, 0x00, 0x2F, 0xFC, 0x00,
    0x3F, 0xF8, 0x00, 0x0F, 0xFF, 0xC0, 0x03, 0xFF, 0x80, 0x03, 0xFF, 0xFC, 0x00, 0x3F, 0xF8, 0x00,
    0xFF, 0xFF, 0xC0, 0x03, 0xFF, 0x80, 0x3F, 0xEF, 0xFC, 0x00, 0x3F, 0xF8, 0x0F, 0xF1, 0xFF, 0xC0,
    0x03, 0xFF, 0x83, 0xFC, 0x1F, 0xFC, 0x00, 0x3F, 0xF8, 0xFF, 0x01, 0xFF, 0xC0, 0x03, 0xFF, 0xFF,
    0xC0, 0x1F, 0xFC, 0x00, 0x3F, 0xFF, 0xF0, 0x01, 0xFF, 0xC0, 0x03, 0xFF, 0xFC, 0x00, 0x1F, 0xFC,
    0x00, 0x3F, 0xFF, 0x00, 0x01, 0xFF, 0xC0, 0x03, 0xFF, 0xC0, 0x00, 0x1F, 0xFC, 0x00, 0x3F, 0xF8,
    0x00, 0x01, 0xFF, 0xC0, 0x03, 0xFF, 0xC0, 0x00, 0x1F, 0xFD, 0x02, 0xFF, 0xFE, 0x40, 0x1B, 0xFF,
    0xF9, 0x7F, 0xFF, 0xFC, 0x03, 0xFF, 0xFF, 0xE7, 0xFF, 0xFF, 0xC0, 0x3F, 0xFF, 0xFE, 0x00, 0x07,
    0xE0, 0x01, 0xF4, 0x00, 0x00, 0x0F, 0xF4, 0x03, 0xFD, 0x00, 0x00, 0x1F, 0xF4, 0x03, 0xFE, 0x00,
    0x00, 0x1F, 0xF0, 0x03, 0xFD, 0x00, 0x00, 0x0B, 0xF5, 0x57, 0xF8, 0x00, 0x00, 0x01, 0xFF, 0xFF,
    0xD0, 0x00, 0x00, 0x00, 0x05, 0x54, 0x00, 0x00, 0x00, 0x00, 0x00, 0x00, 0x00, 0x00, 0x15, 0x55,
    0x54, 0x01, 0x55, 0x54, 0xBF, 0xFF, 0xFC, 0x07, 0xFF, 0xFC, 0xBF, 0xFF, 0xFC, 0x07, 0xFF, 0xFC,
    0x0B, 0xFF, 0xD0, 0x00, 0xBF, 0xD0, 0x02, 0xFF, 0x80, 0x00, 0x3F, 0x00, 0x00, 0xFF, 0xC0, 0x00,
    0x7E, 0x00, 0x00, 0xBF, 0xE0, 0x00, 0xFD, 0x00, 0x00, 0x3F, 0xF0, 0x00, 0xFC, 0x00, 0x00, 0x2F,
    0xF8, 0x02, 0xF8, 0x00, 0x00, 0x0F, 0xFC, 0x03, 0xF0, 0x00, 0x00, 0x0B, 0xFE, 0x07, 0xF0, 0x00,
    0x00, 0x03, 0xFF, 0x0B, 0xD0, 0x00, 0x00, 0x02, 0xFF, 0x4F, 0xC0, 0x00, 0x00, 0x00, 0xFF, 0xEF,
    0x80, 0x00, 0x00, 0x00, 0xBF, 0xFF, 0x00, 0x00, 0x00, 0x00, 0x3F, 0xFE, 0x00, 0x00, 0x00, 0x00,
    0x2F, 0xFC, 0x00, 0x00, 0x00, 0x00, 0x0F, 0xFC, 0x00, 0x00, 0x00, 0x00, 0x07, 0xF4, 0x00, 0x00,
    0x00, 0x3F, 0x07, 0xF0, 0x00, 0x00, 0x00, 0xFF, 0xCF, 0xC0, 0x00, 0x00, 0x00, 0xFF, 0xFF, 0x80,
    0x00, 0x00, 0x00, 0xFF, 0xFE, 0x00, 0x00, 0x00, 0x00, 0x3F, 0xF8, 0x00, 0x00, 0x00, 0x00, 0x05,
    0x40, 0x00, 0x00, 0x00, 0x15, 0x55, 0x54, 0x01, 0x55, 0x55, 0x47, 0xFF, 0xFF, 0xC0, 0x3F, 0xFF,
    0xFD, 0x7F, 0xFF, 0xFC, 0x03, 0xFF, 0xFF, 0xD0, 0x7F, 0xFD, 0x00, 0x07, 0xFF, 0xE0, 0x03, 0xFF,
    0xC0, 0x00, 0x2F, 0xFC, 0x00, 0x3F, 0xF8, 0x00, 0x02, 0xFF, 0xC0, 0x03, 0xFF, 0x80, 0x00, 0x2F,
    0xFC, 0x00, 0x3F, 0xF8, 0x00, 0x02, 0xFF, 0xC0, 0x03, 0xFF, 0x80, 0x00, 0x2F, 0xFC, 0x00, 0x3F,
    0xF8, 0x00, 0x02, 0xFF, 0xC0, 0x03, 0xFF, 0x80, 0x00, 0x2F, 0xFC, 0x00, 0x3F, 0xF8, 0x00, 0x02,
    0xFF, 0xC0, 0x03, 0xFF, 0x80, 0x00, 0x2F, 0xFC, 0x00, 0x3F, 0xF8, 0x00, 0x02, 0xFF, 0xC0, 0x03,
    0xFF, 0x80, 0x00, 0x2F, 0xFC, 0x00, 0x3F, 0xF8, 0x00, 0x02, 0xFF, 0xC0, 0x03, 0xFF, 0x80, 0x00,
    0x2F, 0xFC, 0x00, 0x3F, 0xF8, 0x00, 0x02, 0xFF, 0xC0, 0x03, 0xFF, 0x80, 0x00, 0x2F, 0xFC, 0x00,
    0x3F, 0xF8, 0x00, 0x02, 0xFF, 0xC0, 0x03, 0xFF, 0xC0, 0x00, 0x2F, 0xFC, 0x02, 0xFF, 0xFF, 0xFF,
    0xFF, 0xFF, 0xF8, 0x7F, 0xFF, 0xFF, 0xFF, 0xFF, 0xFF, 0xE7, 0xFF, 0xFF, 0xFF, 0xFF, 0xFF, 0xFE,
    0x00, 0x00, 0x03, 0xFD, 0x00, 0x00, 0x00, 0x00, 0x00, 0x3F, 0xC0, 0x00, 0x00, 0x00, 0x00, 0x02,
    0xFC, 0x00, 0x00, 0x00, 0x00, 0x00, 0x1F, 0x80, 0x00, 0x00, 0x00, 0x00, 0x00, 0xF4, 0x00, 0x00,
    0x00, 0x00, 0x00, 0x05, 0x54, 0x00, 0x00, 0x00, 0x00, 0x07, 0xFF, 0x80, 0x00, 0x00, 0x00, 0x02,
    0xFF, 0xF0, 0x00, 0x00, 0x00, 0x00, 0xFF, 0xFD, 0x00, 0x00, 0x00, 0x00, 0x7F, 0xFF, 0x80, 0x00,
    0x00, 0x00, 0x3F, 0xBF, 0xF0, 0x00, 0x00, 0x00, 0x0F, 0xCF, 0xFD, 0x00, 0x00, 0x00, 0x07, 0xE1,
    0xFF, 0xC0, 0x00, 0x00, 0x03, 0xF4, 0x3F, 0xF0, 0x00, 0x00, 0x00, 0xFC, 0x0F, 0xFE, 0x00, 0x00,
    0x00, 0xBE, 0x02, 0xFF, 0xC0, 0x00, 0x00, 0x3F, 0x40, 0x3F, 0xF0, 0x00, 0x00, 0x1F, 0xC0, 0x0F,
    0xFE, 0x00, 0x00, 0x0B, 0xE0, 0x02, 0xFF, 0xC0, 0x00, 0x03, 0xFF, 0xFF, 0xFF, 0xF4, 0x00, 0x01,
    0xFF, 0xFF, 0xFF, 0xFE, 0x00, 0x00, 0xBF, 0xFF, 0xFF, 0xFF, 0xC0, 0x00, 0x3F, 0x40, 0x00, 0x7F,
    0xF4, 0x00, 0x1F, 0xC0, 0x00, 0x0F, 0xFE, 0x00, 0x0F, 0xE0, 0x00, 0x02, 0xFF, 0xC0, 0x07, 0xF4,
    0x00, 0x00, 0xBF, 0xF8, 0x1B, 0xFF, 0x90, 0x01, 0xBF, 0xFF, 0x9F, 0xFF, 0xFC, 0x00, 0xFF, 0xFF,
    0xFF, 0xFF, 0xFF, 0x00, 0x3F, 0xFF, 0xFF, 0x15, 0x55, 0x55, 0x55, 0x50, 0x1F, 0xFF, 0xFF, 0xFF,
    0xFE, 0x07, 0xFF, 0xFF, 0xFF, 0xFF, 0xC0, 0x1F, 0xFF, 0x55, 0xBF, 0xF0, 0x03, 0xFF, 0x80, 0x03,
    0xFC, 0x00, 0xFF, 0xE0, 0x00, 0x7F, 0x40, 0x3F, 0xF8, 0x00, 0x0F, 0xD0, 0x0F, 0xFE, 0x00, 0x01,
    0x90, 0x03, 0xFF, 0x80, 0x00, 0x00, 0x00, 0xFF, 0xE0, 0x00, 0x00, 0x00, 0x3F, 0xFF, 0xFE, 0x90,
    0x00, 0x0F, 0xFF, 0xFF, 0xFF, 0x80, 0x03, 0xFF, 0xFF, 0xFF, 0xFC, 0x00, 0xFF, 0xE0, 0x0B, 0xFF,
    0xC0, 0x3F, 0xF8, 0x00, 0xBF, 0xF4, 0x0F, 0xFE, 0x00, 0x0F, 0xFE, 0x03, 0xFF, 0x80, 0x03, 0xFF,
    0xC0, 0xFF, 0xE0, 0x00, 0xFF, 0xF0, 0x3F, 0xF8, 0x00, 0x3F, 0xF8, 0x0F, 0xFE, 0x00, 0x1F, 0xFD,
    0x03, 0xFF, 0x80, 0x1F, 0xFE, 0x0B, 0xFF, 0xFA, 0xBF, 0xFF, 0x07, 0xFF, 0xFF, 0xFF, 0xFE, 0x01,
    0xFF, 0xFF, 0xFF, 0xE4, 0x00, 0x15, 0x55, 0x55, 0x40, 0x00, 0x1F, 0xFF, 0xFF, 0xFF, 0xD0, 0x07,
    0xFF, 0xFF, 0xFF, 0xFF, 0x00, 0x1F, 0xFF, 0x57, 0xFF, 0xF0, 0x03, 0xFF, 0x80, 0x2F, 0xFD, 0x00,
    0xFF, 0xE0, 0x03, 0xFF, 0x80, 0x3F, 0xF8, 0x00, 0xFF, 0xE0, 0x0F, 0xFE, 0x00, 0x3F, 0xF4, 0x03,
    0xFF, 0x80, 0x1F, 0xFC, 0x00, 0xFF, 0xE0, 0x0F, 0xFD, 0x00, 0x3F, 0xFD, 0x6F, 0xFC, 0x00, 0x0F,
    0xFF, 0xFF, 0xF8, 0x00, 0x03, 0xFF, 0xFF, 0xFF, 0xE4, 0x00, 0xFF, 0xF4, 0x5F, 0xFF, 0x40, 0x3F,
    0xF8, 0x00, 0xBF, 0xF4, 0x0F, 0xFE, 0x00, 0x0F, 0xFE, 0x03, 0xFF, 0x80, 0x03, 0xFF, 0xC0, 0xFF,
    0xE0, 0x00, 0xFF, 0xF0, 0x3F, 0xF8, 0x00, 0x3F, 0xFC, 0x0F, 0xFE, 0x00, 0x2F, 0xFE, 0x03, 0xFF,
    0x80, 0x2F, 0xFF, 0x0B, 0xFF, 0xFF, 0xFF, 0xFF, 0x47, 0xFF, 0xFF, 0xFF, 0xFF, 0x01, 0xFF, 0xFF,
    0xFF, 0xF8, 0x00, 0x15, 0x55, 0x55, 0x55, 0x51, 0xFF, 0xFF, 0xFF, 0xFF, 0xC7, 0xFF, 0xFF, 0xFF,
    0xFF, 0x01, 0xFF, 0xF5, 0x5F, 0xFD, 0x03, 0xFF, 0x80, 0x0B, 0xF8, 0x0F, 0xFE, 0x00, 0x0F, 0xE0,
    0x3F, 0xF8, 0x00, 0x2F, 0xC0, 0xFF, 0xE0, 0x00, 0x79, 0x03, 0xFF, 0x80, 0x00, 0x00, 0x0F, 0xFE,
    0x00, 0x00, 0x00, 0x3F, 0xF8, 0x00, 0x00, 0x00, 0xFF, 0xE0, 0x00, 0x00, 0x03, 0xFF, 0x80, 0x00,
    0x00, 0x0F, 0xFE, 0x00, 0x00, 0x00, 0x3F, 0xF8, 0x00, 0x00, 0x00, 0xFF, 0xE0, 0x00, 0x00, 0x03,
    0xFF, 0x80, 0x00, 0x00, 0x0F, 0xFE, 0x00, 0x00, 0x00, 0x3F, 0xF8, 0x00, 0x00, 0x00, 0xFF, 0xE0,
    0x00, 0x00, 0x03, 0xFF, 0xC0, 0x00, 0x00, 0xBF, 0xFF, 0xA0, 0x00, 0x07, 0xFF, 0xFF, 0xE0, 0x00,
    0x1F, 0xFF, 0xFF, 0x80, 0x00, 0x00, 0x55, 0x55, 0x55, 0x55, 0x54, 0x00, 0xBF, 0xFF, 0xFF, 0xFF,
    0xFF, 0x00, 0x2F, 0xFF, 0xFF, 0xFF, 0xFF, 0xC0, 0x00, 0x7F, 0xFF, 0xFF, 0xFF, 0x40, 0x00, 0x0B,
    0xE0, 0x03, 0xFF, 0x80, 0x00, 0x02, 0xF8, 0x00, 0xFF, 0xE0, 0x00, 0x00, 0xBE, 0x00, 0x3F, 0xF8,
    0x00, 0x00, 0x2F, 0x80, 0x0F, 0xFE, 0x00, 0x00, 0x0F, 0xD0, 0x03, 0xFF, 0x80, 0x00, 0x03, 0xF4,
    0x00, 0xFF, 0xE0, 0x00, 0x00, 0xFD, 0x00, 0x3F, 0xF8, 0x00, 0x00, 0x3F, 0x40, 0x0F, 0xFE, 0x00,
    0x00, 0x0F, 0xC0, 0x03, 0xFF, 0x80, 0x00, 0x03, 0xF0, 0x00, 0xFF, 0xE0, 0x00, 0x01, 0xFC, 0x00,
    0x3F, 0xF8, 0x00, 0x00, 0xBE, 0x00, 0x0F, 0xFE, 0x00, 0x00, 0x3F, 0x40, 0x03, 0xFF, 0x80, 0x00,
    0x0F, 0xD0, 0x00, 0xFF, 0xE0, 0x00, 0x07, 0xF0, 0x00, 0x3F, 0xF8, 0x00, 0x02, 0xF8, 0x00, 0x0F,
    0xFE, 0x00, 0x01, 0xFD, 0x00, 0x03, 0xFF, 0xC0, 0x2F, 0xFF, 0xFF, 0xFF, 0xFF, 0xFF, 0xDB, 0xFF,
    0xFF, 0xFF, 0xFF, 0xFF, 0xF6, 0xFF, 0xFF, 0xFF, 0xFF, 0xFF, 0xFD, 0xBF, 0x80, 0x00, 0x00, 0x00,
    0xFF, 0x6F, 0xC0, 0x00, 0x00, 0x00, 0x1F, 0xDB, 0xE0, 0x00, 0x00, 0x00, 0x03, 0xF6, 0xF8, 0x00,
    0x00, 0x00, 0x00, 0xFD, 0xBD, 0x00, 0x00, 0x00, 0x00, 0x3F, 0x45, 0x00, 0x00, 0x00, 0x00, 0x00,
    0x00, 0x15, 0x55, 0x55, 0x55, 0x50, 0x7F, 0xFF, 0xFF, 0xFF, 0xF4, 0x7F, 0xFF, 0xFF, 0xFF, 0xF8,
    0x07, 0xFF, 0xD5, 0x6F, 0xF8, 0x03, 0xFF, 0x80, 0x03, 0xFC, 0x03, 0xFF, 0x80, 0x01, 0xFC, 0x03,
    0xFF, 0x80, 0x00, 0xFC, 0x03, 0xFF, 0x80, 0x00, 0x00, 0x03, 0xFF, 0x80, 0x3C, 0x00, 0x03, 0xFF,
    0x80, 0x7C, 0x00, 0x03, 0xFF, 0xC1, 0xFC, 0x00, 0x03, 0xFF, 0xFF, 0xFC, 0x00, 0x03, 0xFF, 0xFF,
    0xFC, 0x00, 0x03, 0xFF, 0xEA, 0xFC, 0x00, 0x03, 0xFF, 0x80, 0x7C, 0x00, 0x03, 0xFF, 0x80, 0x3C,
    0x00, 0x03, 0xFF, 0x80, 0x00, 0x00, 0x03, 0xFF, 0x80, 0x00, 0x7F, 0x03, 0xFF, 0x80, 0x00, 0xBE,
    0x03, 0xFF, 0x80, 0x00, 0xFE, 0x03, 0xFF, 0x80, 0x02, 0xFD, 0x2F, 0xFF, 0xFF, 0xFF, 0xFD, 0x7F,
    0xFF, 0xFF, 0xFF, 0xFC, 0x7F, 0xFF, 0xFF, 0xFF, 0xFC, 0x01, 0xA4, 0x00, 0x15, 0x55, 0x54, 0x00,
    0x06, 0x90, 0x03, 0xFF, 0xC0, 0x0F, 0xFF, 0xFF, 0x80, 0x0F, 0xFF, 0x02, 0xFF, 0xF8, 0x03, 0xFF,
    0xFF, 0xE0, 0x0F, 0xFF, 0xD0, 0xBF, 0xFF, 0x40, 0x0F, 0xFF, 0x80, 0x07, 0xFF, 0xF4, 0x1F, 0xFF,
    0xE0, 0x01, 0xFF, 0xC0, 0x03, 0xFF, 0xFC, 0x02, 0xF8, 0xFC, 0x00, 0x7F, 0xF0, 0x01, 0xFC, 0xBD,
    0x00, 0x00, 0x3F, 0x40, 0x1F, 0xFC, 0x00, 0xBE, 0x00, 0x00, 0x00, 0x07, 0xF0, 0x07, 0xFF, 0x00,
    0x3F, 0x00, 0x00, 0x00, 0x00, 0xFC, 0x01, 0xFF, 0xC0, 0x1F, 0xC0, 0x00, 0x00, 0x00, 0x2F, 0xC0,
    0x7F, 0xF0, 0x1F, 0xD0, 0x00, 0x00, 0x00, 0x03, 0xFE, 0x6F, 0xFD, 0x6F, 0xE0, 0x00, 0x00, 0x00,
    0x00, 0x2F, 0xFF, 0xFF, 0xFF, 0xE0, 0x00, 0x00, 0x00, 0x00, 0x2F, 0xFF, 0xFF, 0xFF, 0xFE, 0x00,
    0x00, 0x00, 0x00, 0x7F, 0xFE, 0xBF, 0xFA, 0xFF, 0xF4, 0x00, 0x00, 0x00, 0x3F, 0xF8, 0x1F, 0xFC,
    0x0B, 0xFF, 0x00, 0x00, 0x00, 0x3F, 0xFC, 0x07, 0xFF, 0x00, 0xFF, 0xE0, 0x00, 0x00, 0x1F, 0xFD,
    0x01, 0xFF, 0xC0, 0x2F, 0xFC, 0x00, 0x00, 0x0F, 0xFF, 0x00, 0x7F, 0xF0, 0x03, 0xFF, 0x80, 0x00,
    0x07, 0xFF, 0x80, 0x1F, 0xFC, 0x00, 0xFF, 0xF0, 0x00, 0x03, 0xFF, 0xC0, 0x07, 0xFF, 0x00, 0x1F,
    0xFE, 0x00, 0x01, 0xFF, 0xF0, 0x01, 0xFF, 0xC0, 0x03, 0xFF, 0xC0, 0x0F, 0xFF, 0xF4, 0x06, 0xFF,
    0xFE, 0x40, 0xBF, 0xFF, 0xCB, 0xFF, 0xF8, 0x03, 0xFF, 0xFF, 0xE0, 0x0F, 0xFF, 0xF4, 0xBF, 0xF8,
    0x00, 0xFF, 0xFF, 0xF8, 0x00, 0xFF, 0xF4, 0x01, 0x50, 0x00, 0x00, 0x00, 0x00, 0x00, 0x05, 0x50,
    0x00, 0x0A, 0x80, 0xAF, 0xE4, 0x00, 0x0F, 0xDB, 0xFF, 0xFF, 0x80, 0x0F, 0xFF, 0xFF, 0xFF, 0xE0,
    0x0B, 0xFD, 0x01, 0xFF, 0xF4, 0x0B, 0xF0, 0x00, 0x7F, 0xF8, 0x0B, 0xD0, 0x00, 0x3F, 0xF8, 0x07,
    0xC0, 0x00, 0x3F, 0xF8, 0x07, 0xC0, 0x00, 0x3F, 0xF4, 0x00, 0x00, 0x00, 0x7F, 0xF0, 0x00, 0x00,
    0x01, 0xFF, 0xC0, 0x00, 0x15, 0x6F, 0xFE, 0x00, 0x00, 0x3F, 0xFF, 0xE0, 0x00, 0x00, 0x3F, 0xFF,
    0xFF, 0x40, 0x00, 0x15, 0x5B, 0xFF, 0xF0, 0x00, 0x00, 0x00, 0x7F, 0xFC, 0x00, 0x00, 0x00, 0x2F,
    0xFD, 0x00, 0x00, 0x00, 0x0F, 0xFE, 0x0B, 0x00, 0x00, 0x0F, 0xFE, 0x3F, 0x40, 0x00, 0x1F, 0xFD,
    0x2F, 0xC0, 0x00, 0x3F, 0xFC, 0x0F, 0xF4, 0x00, 0xFF, 0xF8, 0x07, 0xFF, 0xFF, 0xFF, 0xF0, 0x01,
    0xFF, 0xFF, 0xFF, 0x80, 0x00, 0x2F, 0xFF, 0xF9, 0x00, 0x00, 0x00, 0x55, 0x40, 0x00, 0x15, 0x55,
    0x54, 0x01, 0x55, 0x55, 0x47, 0xFF, 0xFF, 0xC0, 0x3F, 0xFF, 0xFE, 0x7F, 0xFF, 0xFC, 0x03, 0xFF,
    0xFF, 0xE0, 0x7F, 0xFD, 0x00, 0x07, 0xFF, 0xE0, 0x03, 0xFF, 0xC0, 0x00, 0x1F, 0xFC, 0x00, 0x3F,
    0xF8, 0x00, 0x01, 0xFF, 0xC0, 0x03, 0xFF, 0x80, 0x00, 0x2F, 0xFC, 0x00, 0x3F, 0xF8, 0x00, 0x0F,
    0xFF, 0xC0, 0x03, 0xFF, 0x80, 0x03, 0xFF, 0xFC, 0x00, 0x3F, 0xF8, 0x00, 0xFF, 0xFF, 0xC0, 0x03,
    0xFF, 0x80, 0x3F, 0xEF, 0xFC, 0x00, 0x3F, 0xF8, 0x0F, 0xF1, 0xFF, 0xC0, 0x03, 0xFF, 0x83, 0xFC,
    0x1F, 0xFC, 0x00, 0x3F, 0xF8, 0xFF, 0x01, 0xFF, 0xC0, 0x03, 0xFF, 0xFF, 0xC0, 0x1F, 0xFC, 0x00,
    0x3F, 0xFF, 0xF0, 0x01, 0xFF, 0xC0, 0x03, 0xFF, 0xFC, 0x00, 0x1F, 0xFC, 0x00, 0x3F, 0xFF, 0x00,
    0x01, 0xFF, 0xC0, 0x03, 0xFF, 0xC0, 0x00, 0x1F, 0xFC, 0x00, 0x3F, 0xF8, 0x00, 0x01, 0xFF, 0xC0,
    0x03, 0xFF, 0xC0, 0x00, 0x1F, 0xFD, 0x02, 0xFF, 0xFE, 0x40, 0x1B, 0xFF, 0xF9, 0x7F, 0xFF, 0xFC,
    0x03, 0xFF, 0xFF, 0xE7, 0xFF, 0xFF, 0xC0, 0x3F, 0xFF, 0xFE, 0x00, 0x02, 0xF4, 0x00, 0xBD, 0x00,
    0x00, 0x00, 0xBF, 0xC0, 0x1F, 0xF0, 0x00, 0x00, 0x0F, 0xFC, 0x02, 0xFF, 0x00, 0x00, 0x00, 0xBF,
    0xC0, 0x1F, 0xF0, 0x00, 0x00, 0x03, 0xFD, 0x56, 0xFD, 0x00, 0x00, 0x00, 0x0B, 0xFF, 0xFE, 0x00,
    0x00, 0x00, 0x00, 0x01, 0x54, 0x00, 0x00, 0x00, 0x00, 0x00, 0x00, 0x00, 0x00, 0x00, 0x15, 0x55,
    0x54, 0x01, 0x55, 0x55, 0x47, 0xFF, 0xFF, 0xC0, 0x3F, 0xFF, 0xFE, 0x7F, 0xFF, 0xFC, 0x03, 0xFF,
    0xFF, 0xE0, 0x7F, 0xFD, 0x00, 0x07, 0xFF, 0xE0, 0x03, 0xFF, 0xC0, 0x00, 0x1F, 0xFC, 0x00, 0x3F,
    0xF8, 0x00, 0x01, 0xFF, 0xC0, 0x03, 0xFF, 0x80, 0x00, 0x2F, 0xFC, 0x00, 0x3F, 0xF8, 0x00, 0x0F,
    0xFF, 0xC0, 0x03, 0xFF, 0x80, 0x03, 0xFF, 0xFC, 0x00, 0x3F, 0xF8, 0x00, 0xFF, 0xFF, 0xC0, 0x03,
    0xFF, 0x80, 0x3F, 0xEF, 0xFC, 0x00, 0x3F, 0xF8, 0x0F, 0xF1, 0xFF, 0xC0, 0x03, 0xFF, 0x83, 0xFC,
    0x1F, 0xFC, 0x00, 0x3F, 0xF8, 0xFF, 0x01, 0xFF, 0xC0, 0x03, 0xFF, 0xFF, 0xC0, 0x1F, 0xFC, 0x00,
    0x3F, 0xFF, 0xF0, 0x01, 0xFF, 0xC0, 0x03, 0xFF, 0xFC, 0x00, 0x1F, 0xFC, 0x00, 0x3F, 0xFF, 0x00,
    0x01, 0xFF, 0xC0, 0x03, 0xFF, 0xC0, 0x00, 0x1F, 0xFC, 0x00, 0x3F, 0xF8, 0x00, 0x01, 0xFF, 0xC0,
    0x03, 0xFF, 0xC0, 0x00, 0x1F, 0xFD, 0x02, 0xFF, 0xFE, 0x40, 0x1B, 0xFF, 0xF9, 0x7F, 0xFF, 0xFC,
    0x03, 0xFF, 0xFF, 0xE7, 0xFF, 0xFF, 0xC0, 0x3F, 0xFF, 0xFE, 0x15, 0x55, 0x54, 0x00, 0x06, 0x90,
    0x1F, 0xFF, 0xFF, 0x40, 0x0F, 0xFF, 0x07, 0xFF, 0xFF, 0xD0, 0x0F, 0xFF, 0xD0, 0x1F, 0xFF, 0x40,
    0x07, 0xFF, 0xF4, 0x03, 0xFF, 0xC0, 0x03, 0xFB, 0xFC, 0x00, 0xFF, 0xF0, 0x01, 0xFC, 0xBD, 0x00,
    0x3F, 0xFC, 0x00, 0xBD, 0x00, 0x00, 0x0F, 0xFF, 0x00, 0x3F, 0x00, 0x00, 0x03, 0xFF, 0xC0, 0x2F,
    0x80, 0x00, 0x00, 0xFF, 0xF0, 0x1F, 0xC0, 0x00, 0x00, 0x3F, 0xFD, 0x6F, 0xD0, 0x00, 0x00, 0x0F,
    0xFF, 0xFF, 0xD0, 0x00, 0x00, 0x03, 0xFF, 0xFF, 0xFE, 0x00, 0x00, 0x00, 0xFF, 0xFA, 0xFF, 0xF0,
    0x00, 0x00, 0x3F, 0xFC, 0x0F, 0xFF, 0x00, 0x00, 0x0F, 0xFF, 0x00, 0xFF, 0xE0, 0x00, 0x03, 0xFF,
    0xC0, 0x2F, 0xFC, 0x00, 0x00, 0xFF, 0xF0, 0x07, 0xFF, 0x80, 0x00, 0x3F, 0xFC, 0x00, 0xFF, 0xF0,
    0x00, 0x0F, 0xFF, 0x00, 0x2F, 0xFE, 0x00, 0x03, 0xFF, 0xC0, 0x03, 0xFF, 0xC0, 0x0B, 0xFF, 0xFE,
    0x00, 0xBF, 0xFF, 0xC7, 0xFF, 0xFF, 0xD0, 0x0F, 0xFF, 0xF1, 0xFF, 0xFF, 0xF4, 0x00, 0xFF, 0xF4,
    0x00, 0x00, 0x00, 0x00, 0x05, 0x50, 0x00, 0x00, 0x15, 0x55, 0x55, 0x55, 0x55, 0x00, 0x0F, 0xFF,
    0xFF, 0xFF, 0xFF, 0xD0, 0x03, 0xFF, 0xFF, 0xFF, 0xFF, 0xF4, 0x00, 0x1B, 0xFF, 0xFF, 0xFF, 0xE0,
    0x00, 0x00, 0xFC, 0x00, 0xBF, 0xF0, 0x00, 0x00, 0x3F, 0x00, 0x2F, 0xFC, 0x00, 0x00, 0x0F, 0xC0,
    0x0B, 0xFF, 0x00, 0x00, 0x03, 0xF0, 0x02, 0xFF, 0xC0, 0x00, 0x00, 0xFC, 0x00, 0xBF, 0xF0, 0x00,
    0x00, 0x3F, 0x00, 0x2F, 0xFC, 0x00, 0x00, 0x0F, 0xC0, 0x0B, 0xFF, 0x00, 0x00, 0x07, 0xE0, 0x02,
    0xFF, 0xC0, 0x00, 0x01, 0xF8, 0x00, 0xBF, 0xF0, 0x00, 0x00, 0xBD, 0x00, 0x2F, 0xFC, 0x00, 0x00,
    0x2F, 0x40, 0x0B, 0xFF, 0x00, 0x00, 0x0F, 0xC0, 0x02, 0xFF, 0xC0, 0x00, 0x03, 0xF0, 0x00, 0xBF,
    0xF0, 0x00, 0x01, 0xFC, 0x00, 0x2F, 0xFC, 0x00, 0x90, 0xBD, 0x00, 0x0B, 0xFF, 0x00, 0xFE, 0x3F,
    0x00, 0x02, 0xFF, 0xC0, 0xBF, 0xFF, 0x80, 0x00, 0xBF, 0xF0, 0x2F, 0xFF, 0xC0, 0x01, 0xBF, 0xFF,
    0x87, 0xFF, 0xD0, 0x00, 0xFF, 0xFF, 0xF4, 0xBF, 0xD0, 0x00, 0x3F, 0xFF, 0xFD, 0x01, 0x40, 0x00,
    0x00, 0x00, 0x00, 0x00, 0x15, 0x55, 0x50, 0x00, 0x00, 0x15, 0x55, 0x40, 0xBF, 0xFF, 0xE0, 0x00,
    0x01, 0xFF, 0xFF, 0x82, 0xFF, 0xFF, 0xC0, 0x00, 0x0B, 0xFF, 0xFE, 0x00, 0xBF, 0xFF, 0x40, 0x00,
    0x3F, 0xFF, 0x40, 0x00, 0xFF, 0xFF, 0x00, 0x02, 0xFF, 0xFC, 0x00, 0x07, 0xFF, 0xFC, 0x00, 0x0F,
    0xFF, 0xF0, 0x00, 0x1F, 0xFF, 0xF8, 0x00, 0x7F, 0xFF, 0xC0, 0x00, 0x7F, 0x7F, 0xF0, 0x03, 0xF7,
    0xFF, 0x00, 0x01, 0xFC, 0xFF, 0xD0, 0x0F, 0xCF, 0xFD, 0x00, 0x0B, 0xF2, 0xFF, 0x80, 0xBD, 0x3F,
    0xF4, 0x00, 0x2F, 0xC3, 0xFF, 0x03, 0xF0, 0xFF, 0xD0, 0x00, 0xBF, 0x0F, 0xFD, 0x1F, 0x83, 0xFF,
    0x40, 0x02, 0xF8, 0x1F, 0xFC, 0xFC, 0x0F, 0xFE, 0x00, 0x0B, 0xE0, 0x3F, 0xF7, 0xF0, 0x3F, 0xF8,
    0x00, 0x3F, 0x80, 0xBF, 0xFF, 0x40, 0xBF, 0xE0, 0x00, 0xFE, 0x00, 0xFF, 0xFC, 0x02, 0xFF, 0x80,
    0x03, 0xF4, 0x03, 0xFF, 0xE0, 0x0B, 0xFF, 0x00, 0x0F, 0xD0, 0x07, 0xFF, 0x00, 0x2F, 0xFC, 0x00,
    0x3F, 0x40, 0x0F, 0xFC, 0x00, 0x7F, 0xF0, 0x00, 0xFD, 0x00, 0x2F, 0xD0, 0x01, 0xFF, 0xC0, 0x03,
    0xF4, 0x00, 0x00, 0x00, 0x07, 0xFF, 0x00, 0xBF, 0xF9, 0x00, 0x00, 0x01, 0xBF, 0xFF, 0x8B, 0xFF,
    0xFC, 0x00, 0x00, 0x0F, 0xFF, 0xFF, 0xAF, 0xFF, 0xF0, 0x00, 0x00, 0x3F, 0xFF, 0xFE, 0x15, 0x55,
    0x54, 0x01, 0x55, 0x55, 0x47, 0xFF, 0xFF, 0xC0, 0x3F, 0xFF, 0xFD, 0x7F, 0xFF, 0xFC, 0x03, 0xFF,
    0xFF, 0xD0, 0x7F, 0xFD, 0x00, 0x07, 0xFF, 0xD0, 0x03, 0xFF, 0x80, 0x00, 0x2F, 0xFC, 0x00, 0x3F,
    0xF8, 0x00, 0x02, 0xFF, 0xC0, 0x03, 0xFF, 0x80, 0x00, 0x2F, 0xFC, 0x00, 0x3F, 0xF8, 0x00, 0x02,
    0xFF, 0xC0, 0x03, 0xFF, 0x80, 0x00, 0x2F, 0xFC, 0x00, 0x3F, 0xF8, 0x00, 0x02, 0xFF, 0xC0, 0x03,
    0xFF, 0xEA, 0xAA, 0xBF, 0xFC, 0x00, 0x3F, 0xFF, 0xFF, 0xFF, 0xFF, 0xC0, 0x03, 0xFF, 0xFF, 0xFF,
    0xFF, 0xFC, 0x00, 0x3F, 0xFE, 0xAA, 0xAB, 0xFF, 0xC0, 0x03, 0xFF, 0x80, 0x00, 0x2F, 0xFC, 0x00,
    0x3F, 0xF8, 0x00, 0x02, 0xFF, 0xC0, 0x03, 0xFF, 0x80, 0x00, 0x2F, 0xFC, 0x00, 0x3F, 0xF8, 0x00,
    0x02, 0xFF, 0xC0, 0x03, 0xFF, 0x80, 0x00, 0x2F, 0xFC, 0x00, 0x3F, 0xF8, 0x00, 0x02, 0xFF, 0xC0,
    0x03, 0xFF, 0x80, 0x00, 0x2F, 0xFC, 0x02, 0xFF, 0xFE, 0x40, 0x1B, 0xFF, 0xF8, 0x7F, 0xFF, 0xFC,
    0x03, 0xFF, 0xFF, 0xD7, 0xFF, 0xFF, 0xC0, 0x3F, 0xFF, 0xFD, 0x00, 0x00, 0x6B, 0xF9, 0x00, 0x00,
    0x00, 0x0B, 0xFF, 0xFF, 0xF4, 0x00, 0x00, 0x7F, 0xFF, 0xFF, 0xFE, 0x00, 0x01, 0xFF, 0xF9, 0x6F,
    0xFF, 0x80, 0x03, 0xFF, 0x80, 0x03, 0xFF, 0xD0, 0x0F, 0xFE, 0x00, 0x00, 0xFF, 0xF0, 0x1F, 0xFC,
    0x00, 0x00, 0x7F, 0xF8, 0x3F, 0xFC, 0x00, 0x00, 0x3F, 0xFC, 0x3F, 0xF8, 0x00, 0x00, 0x3F, 0xFC,
    0x7F, 0xF4, 0x00, 0x00, 0x2F, 0xFD, 0x7F, 0xF4, 0x00, 0x00, 0x2F, 0xFD, 0xBF, 0xF4, 0x00, 0x00,
    0x1F, 0xFD, 0xBF, 0xF4, 0x00, 0x00, 0x1F, 0xFD, 0xBF, 0xF4, 0x00, 0x00, 0x1F, 0xFD, 0x7F, 0xF4,
    0x00, 0x00, 0x2F, 0xFC, 0x7F, 0xF8, 0x00, 0x00, 0x2F, 0xFC, 0x3F, 0xFC, 0x00, 0x00, 0x3F, 0xFC,
    0x3F, 0xFC, 0x00, 0x00, 0x3F, 0xF4, 0x1F, 0xFE, 0x00, 0x00, 0x7F, 0xF0, 0x0F, 0xFF, 0x40, 0x00,
    0xFF, 0xD0, 0x07, 0xFF, 0xD0, 0x07, 0xFF, 0x80, 0x01, 0xFF, 0xFF, 0xFF, 0xFE, 0x00, 0x00, 0x7F,
    0xFF, 0xFF, 0xF8, 0x00, 0x00, 0x07, 0xFF, 0xFF, 0x80, 0x00, 0x00, 0x00, 0x15, 0x50, 0x00, 0x00,
    0x15, 0x55, 0x55, 0x55, 0x55, 0x55, 0x47, 0xFF, 0xFF, 0xFF, 0xFF, 0xFF, 0xFE, 0x7F, 0xFF, 0xFF,
    0xFF, 0xFF, 0xFF, 0xE0, 0x7F, 0xFF, 0xFF, 0xFF, 0xFF, 0xE0, 0x03, 0xFF, 0x80, 0x00, 0x1F, 0xFC,
    0x00, 0x3F, 0xF8, 0x00, 0x01, 0xFF, 0xC0, 0x03, 0xFF, 0x80, 0x00, 0x1F, 0xFC, 0x00, 0x3F, 0xF8,
    0x00, 0x01, 0xFF, 0xC0, 0x03, 0xFF, 0x80, 0x00, 0x1F, 0xFC, 0x00, 0x3F, 0xF8, 0x00, 0x01, 0xFF,
    0xC0, 0x03, 0xFF, 0x80, 0x00, 0x1F, 0xFC, 0x00, 0x3F, 0xF8, 0x00, 0x01, 0xFF, 0xC0, 0x03, 0xFF,
    0x80, 0x00, 0x1F, 0xFC, 0x00, 0x3F, 0xF8, 0x00, 0x01, 0xFF, 0xC0, 0x03, 0xFF, 0x80, 0x00, 0x1F,
    0xFC, 0x00, 0x3F, 0xF8, 0x00, 0x01, 0xFF, 0xC0, 0x03, 0xFF, 0x80, 0x00, 0x1F, 0xFC, 0x00, 0x3F,
    0xF8, 0x00, 0x01, 0xFF, 0xC0, 0x03, 0xFF, 0x80, 0x00, 0x1F, 0xFC, 0x00, 0x3F, 0xF8, 0x00, 0x01,
    0xFF, 0xC0, 0x03, 0xFF, 0xC0, 0x00, 0x2F, 0xFC, 0x02, 0xFF, 0xFE, 0x40, 0x1B, 0xFF, 0xF8, 0x7F,
    0xFF, 0xFC, 0x03, 0xFF, 0xFF, 0xE7, 0xFF, 0xFF, 0xC0, 0x3F, 0xFF, 0xFE, 0x15, 0x55, 0x55, 0x40,
    0x00, 0x1F, 0xFF, 0xFF, 0xFF, 0xD0, 0x07, 0xFF, 0xFF, 0xFF, 0xFF, 0x00, 0x1F, 0xFF, 0x5B, 0xFF,
    0xF0, 0x03, 0xFF, 0x80, 0x2F, 0xFD, 0x00, 0xFF, 0xE0, 0x03, 0xFF, 0xC0, 0x3F, 0xF8, 0x00, 0xFF,
    0xF0, 0x0F, 0xFE, 0x00, 0x2F, 0xFC, 0x03, 0xFF, 0x80, 0x0B, 0xFF, 0x00, 0xFF, 0xE0, 0x03, 0xFF,
    0xC0, 0x3F, 0xF8, 0x01, 0xFF, 0xD0, 0x0F, 0xFE, 0x00, 0xFF, 0xF0, 0x03, 0xFF, 0xEB, 0xFF, 0xF4,
    0x00, 0xFF, 0xFF, 0xFF, 0xF4, 0x00, 0x3F, 0xFF, 0xFF, 0xD0, 0x00, 0x0F, 0xFE, 0x14, 0x00, 0x00,
    0x03, 0xFF, 0x80, 0x00, 0x00, 0x00, 0xFF, 0xE0, 0x00, 0x00, 0x00, 0x3F, 0xF8, 0x00, 0x00, 0x00,
    0x0F, 0xFE, 0x00, 0x00, 0x00, 0x03, 0xFF, 0xC0, 0x00, 0x00, 0x0B, 0xFF, 0xFE, 0x40, 0x00, 0x07,
    0xFF, 0xFF, 0xF4, 0x00, 0x01, 0xFF, 0xFF, 0xFD, 0x00, 0x00, 0x00, 0x00, 0x6F, 0xE4, 0x2E, 0x00,
    0x00, 0xBF, 0xFF, 0xF7, 0xF0, 0x00, 0x7F, 0xFF, 0xFF, 0xFF, 0x00, 0x1F, 0xFF, 0x96, 0xFF, 0xF0,
    0x07, 0xFF, 0x80, 0x01, 0xFF, 0x40, 0xFF, 0xF0, 0x00, 0x0B, 0xF4, 0x1F, 0xFC, 0x00, 0x00, 0x3F,
    0x83, 0xFF, 0xC0, 0x00, 0x01, 0xF8, 0x3F, 0xF8, 0x00, 0x00, 0x0A, 0x47, 0xFF, 0x40, 0x00, 0x00,
    0x00, 0x7F, 0xF4, 0x00, 0x00, 0x00, 0x0B, 0xFF, 0x00, 0x00, 0x00, 0x00, 0xBF, 0xF4, 0x00, 0x00,
    0x00, 0x0B, 0xFF, 0x40, 0x00, 0x00, 0x00, 0x7F, 0xF4, 0x00, 0x00, 0x00, 0x07, 0xFF, 0x80, 0x00,
    0x00, 0x00, 0x3F, 0xFC, 0x00, 0x00, 0x00, 0x03, 0xFF, 0xD0, 0x00, 0x00, 0x00, 0x1F, 0xFF, 0x00,
    0x00, 0x07, 0x00, 0xFF, 0xFD, 0x00, 0x02, 0xFC, 0x03, 0xFF, 0xFD, 0x56, 0xFF, 0x80, 0x1F, 0xFF,
    0xFF, 0xFF, 0xE0, 0x00, 0x3F, 0xFF, 0xFF, 0xF4, 0x00, 0x00, 0x7F, 0xFF, 0xF8, 0x00, 0x00, 0x00,
    0x15, 0x50, 0x00, 0x00, 0x05, 0x55, 0x55, 0x55, 0x55, 0x54, 0x03, 0xFF, 0xFF, 0xFF, 0xFF, 0xFF,
    0x01, 0xFF, 0xFF, 0xFF, 0xFF, 0xFF, 0xD0, 0xBF, 0xE5, 0xBF, 0xF9, 0x7F, 0xF4, 0x2F, 0xE0, 0x1F,
    0xFC, 0x02, 0xFE, 0x0F, 0xF0, 0x07, 0xFF, 0x00, 0x3F, 0x83, 0xF4, 0x01, 0xFF, 0xC0, 0x0B, 0xF0,
    0xFC, 0x00, 0x7F, 0xF0, 0x01, 0xFC, 0x01, 0x00, 0x1F, 0xFC, 0x00, 0x10, 0x00, 0x00, 0x07, 0xFF,
    0x00, 0x00, 0x00, 0x00, 0x01, 0xFF, 0xC0, 0x00, 0x00, 0x00, 0x00, 0x7F, 0xF0, 0x00, 0x00, 0x00,
    0x00, 0x1F, 0xFC, 0x00, 0x00, 0x00, 0x00, 0x07, 0xFF, 0x00, 0x00, 0x00, 0x00, 0x01, 0xFF, 0xC0,
    0x00, 0x00, 0x00, 0x00, 0x7F, 0xF0, 0x00, 0x00, 0x00, 0x00, 0x1F, 0xFC, 0x00, 0x00, 0x00, 0x00,
    0x07, 0xFF, 0x00, 0x00, 0x00, 0x00, 0x01, 0xFF, 0xC0, 0x00, 0x00, 0x00, 0x00, 0x7F, 0xF0, 0x00,
    0x00, 0x00, 0x00, 0x1F, 0xFD, 0x00, 0x00, 0x00, 0x01, 0xAF, 0xFF, 0xE9, 0x00, 0x00, 0x00, 0xFF,
    0xFF, 0xFF, 0x80, 0x00, 0x00, 0x3F, 0xFF, 0xFF, 0xE0, 0x00, 0x15, 0x55, 0x54, 0x01, 0x55, 0x54,
    0xBF, 0xFF, 0xFC, 0x07, 0xFF, 0xFC, 0xBF, 0xFF, 0xFC, 0x07, 0xFF, 0xFC, 0x0B, 0xFF, 0xD0, 0x00,
    0xBF, 0xD0, 0x02, 0xFF, 0x80, 0x00, 0x3F, 0x00, 0x00, 0xFF, 0xC0, 0x00, 0x7E, 0x00, 0x00, 0xBF,
    0xE0, 0x00, 0xFD, 0x00, 0x00, 0x3F, 0xF0, 0x00, 0xFC, 0x00, 0x00, 0x2F, 0xF8, 0x02, 0xF8, 0x00,
    0x00, 0x0F, 0xFC, 0x03, 0xF0, 0x00, 0x00, 0x0B, 0xFE, 0x07, 0xF0, 0x00, 0x00, 0x03, 0xFF, 0x0B,
    0xD0, 0x00, 0x00, 0x02, 0xFF, 0x4F, 0xC0, 0x00, 0x00, 0x00, 0xFF, 0xEF, 0x80, 0x00, 0x00, 0x00,
    0xBF, 0xFF, 0x00, 0x00, 0x00, 0x00, 0x3F, 0xFE, 0x00, 0x00, 0x00, 0x00, 0x2F, 0xFC, 0x00, 0x00,
    0x00, 0x00, 0x0F, 0xFC, 0x00, 0x00, 0x00, 0x00, 0x07, 0xF4, 0x00, 0x00, 0x00, 0x3F, 0x07, 0xF0,
    0x00, 0x00, 0x00, 0xFF, 0xCF, 0xC0, 0x00, 0x00, 0x00, 0xFF, 0xFF, 0x80, 0x00, 0x00, 0x00, 0xFF,
    0xFE, 0x00, 0x00, 0x00, 0x00, 0x3F, 0xF8, 0x00, 0x00, 0x00, 0x00, 0x05, 0x40, 0x00, 0x00, 0x00,
    0x00, 0x00, 0x55, 0x55, 0x54, 0x00, 0x00, 0x00, 0x00, 0xBF, 0xFF, 0xFC, 0x00, 0x00, 0x00, 0x00,
    0xBF, 0xFF, 0xFC, 0x00, 0x00, 0x00, 0x00, 0x07, 0xFF, 0xC0, 0x00, 0x00, 0x00, 0x00, 0x03, 0xFF,
    0x80, 0x00, 0x00, 0x00, 0x6F, 0xFF, 0xFF, 0xFF, 0xF8, 0x00, 0x03, 0xFF, 0xFF, 0xFF, 0xFF, 0xFF,
    0x40, 0x0F, 0xFF, 0x57, 0xFF, 0x96, 0xFF, 0xE0, 0x3F, 0xF8, 0x03, 0xFF, 0x80, 0x3F, 0xF4, 0x7F,
    0xF0, 0x03, 0xFF, 0x80, 0x2F, 0xFC, 0xBF, 0xE0, 0x03, 0xFF, 0x80, 0x0F, 0xFC, 0xFF, 0xD0, 0x03,
    0xFF, 0x80, 0x0F, 0xFD, 0xFF, 0xD0, 0x03, 0xFF, 0x80, 0x0F, 0xFD, 0xFF, 0xD0, 0x03, 0xFF, 0x80,
    0x0F, 0xFD, 0xFF, 0xD0, 0x03, 0xFF, 0x80, 0x0F, 0xFD, 0xBF, 0xE0, 0x03, 0xFF, 0x80, 0x1F, 0xFC,
    0x7F, 0xF0, 0x03, 0xFF, 0x80, 0x3F, 0xF8, 0x3F, 0xFC, 0x03, 0xFF, 0x80, 0xBF, 0xF0, 0x0F, 0xFF,
    0xAB, 0xFF, 0xEB, 0xFF, 0xD0, 0x02, 0xFF, 0xFF, 0xFF, 0xFF, 0xFF, 0x00, 0x00, 0x2F, 0xFF, 0xFF,
    0xFF, 0xE4, 0x00, 0x00, 0x00, 0x03, 0xFF, 0x80, 0x00, 0x00, 0x00, 0x00, 0x07, 0xFF, 0x80, 0x00,
    0x00, 0x00, 0x00, 0x7F, 0xFF, 0xFC, 0x00, 0x00, 0x00, 0x00, 0xBF, 0xFF, 0xFC, 0x00, 0x00, 0x00,
    0x00, 0x6A, 0xAA, 0xA8, 0x00, 0x00, 0x15, 0x55, 0x54, 0x00, 0x55, 0x55, 0x1F, 0xFF, 0xFF, 0x40,
    0x7F, 0xFF, 0xCB, 0xFF, 0xFF, 0xD0, 0x2F, 0xFF, 0xF0, 0x6F, 0xFF, 0x80, 0x01, 0xFF, 0xD0, 0x01,
    0xFF, 0xF0, 0x00, 0x3F, 0x80, 0x00, 0x2F, 0xFE, 0x00, 0x3F, 0xC0, 0x00, 0x03, 0xFF, 0xD0, 0x2F,
    0xC0, 0x00, 0x00, 0x3F, 0xFC, 0x1F, 0xD0, 0x00, 0x00, 0x07, 0xFF, 0xCF, 0xE0, 0x00, 0x00, 0x00,
    0xBF, 0xFF, 0xF0, 0x00, 0x00, 0x00, 0x0F, 0xFF, 0xF0, 0x00, 0x00, 0x00, 0x00, 0xFF, 0xF4, 0x00,
    0x00, 0x00, 0x00, 0x1F, 0xFF, 0x00, 0x00, 0x00, 0x00, 0x0B, 0xFF, 0xE0, 0x00, 0x00, 0x00, 0x07,
    0xFF, 0xFD, 0x00, 0x00, 0x00, 0x03, 0xFB, 0xFF, 0xC0, 0x00, 0x00, 0x03, 0xFC, 0x3F, 0xFC, 0x00,
    0x00, 0x03, 0xFC, 0x07, 0xFF, 0x80, 0x00, 0x02, 0xFD, 0x00, 0xBF, 0xF4, 0x00, 0x02, 0xFD, 0x00,
    0x0F, 0xFF, 0x00, 0x02, 0xFF, 0x00, 0x01, 0xFF, 0xF0, 0x1B, 0xFF, 0xE4, 0x02, 0xBF, 0xFF, 0x9B,
    0xFF, 0xFF, 0x01, 0xFF, 0xFF, 0xFE, 0xFF, 0xFF, 0xC0, 0x7F, 0xFF, 0xFF, 0x15, 0x55, 0x54, 0x01,
    0x55, 0x55, 0x41, 0xFF, 0xFF, 0xF0, 0x0F, 0xFF, 0xFF, 0x47, 0xFF, 0xFF, 0xC0, 0x3F, 0xFF, 0xFD,
    0x01, 0xFF, 0xF4, 0x00, 0x1F, 0xFF, 0x40, 0x03, 0xFF, 0xC0, 0x00, 0x2F, 0xFC, 0x00, 0x0F, 0xFE,
    0x00, 0x00, 0xBF, 0xF0, 0x00, 0x3F, 0xF8, 0x00, 0x02, 0xFF, 0xC0, 0x00, 0xFF, 0xE0, 0x00, 0x0B,
    0xFF, 0x00, 0x03, 0xFF, 0x80, 0x00, 0x2F, 0xFC, 0x00, 0x0F, 0xFE, 0x00, 0x00, 0xBF, 0xF0, 0x00,
    0x3F, 0xF8, 0x00, 0x02, 0xFF, 0xC0, 0x00, 0xFF, 0xE0, 0x00, 0x0B, 0xFF, 0x00, 0x03, 0xFF, 0x80,
    0x00, 0x2F, 0xFC, 0x00, 0x0F, 0xFE, 0x00, 0x00, 0xBF, 0xF0, 0x00, 0x3F, 0xF8, 0x00, 0x02, 0xFF,
    0xC0, 0x00, 0xFF, 0xE0, 0x00, 0x0B, 0xFF, 0x00, 0x03, 0xFF, 0x80, 0x00, 0x2F, 0xFC, 0x00, 0x0F,
    0xFE, 0x00, 0x00, 0xBF, 0xF0, 0x00, 0x3F, 0xF8, 0x00, 0x02, 0xFF, 0xC0, 0x00, 0xFF, 0xE0, 0x00,
    0x0B, 0xFF, 0x00, 0x03, 0xFF, 0xC0, 0x00, 0x2F, 0xFC, 0x00, 0xBF, 0xFF, 0xFF, 0xFF, 0xFF, 0xFF,
    0xF7, 0xFF, 0xFF, 0xFF, 0xFF, 0xFF, 0xFF, 0xDF, 0xFF, 0xFF, 0xFF, 0xFF, 0xFF, 0xFF, 0x00, 0x00,
    0x00, 0x00, 0x00, 0x07, 0xFC, 0x00, 0x00, 0x00, 0x00, 0x00, 0x0F, 0xF0, 0x00, 0x00, 0x00, 0x00,
    0x00, 0x2F, 0xC0, 0x00, 0x00, 0x00, 0x00, 0x00, 0x7F, 0x00, 0x00, 0x00, 0x00, 0x00, 0x00, 0xF8,
    0x15, 0x55, 0x54, 0x01, 0x55, 0x55, 0x5F, 0xFF, 0xFF, 0x02, 0xFF, 0xFF, 0xF7, 0xFF, 0xFF, 0xC0,
    0xBF, 0xFF, 0xFC, 0x1F, 0xFF, 0x40, 0x02, 0xFF, 0xE0, 0x03, 0xFF, 0x80, 0x00, 0x7F, 0xF4, 0x00,
    0xFF, 0xE0, 0x00, 0x0F, 0xFD, 0x00, 0x3F, 0xF8, 0x00, 0x03, 0xFF, 0x40, 0x0F, 0xFE, 0x00, 0x00,
    0xFF, 0xD0, 0x03, 0xFF, 0x80, 0x00, 0x3F, 0xF4, 0x00, 0xFF, 0xE0, 0x00, 0x0F, 0xFD, 0x00, 0x3F,
    0xFC, 0x00, 0x03, 0xFF, 0x40, 0x0B, 0xFF, 0x40, 0x02, 0xFF, 0xD0, 0x01, 0xFF, 0xF9, 0x5B, 0xFF,
    0xF4, 0x00, 0x2F, 0xFF, 0xFF, 0xFF, 0xFD, 0x00, 0x02, 0xFF, 0xFF, 0xFB, 0xFF, 0x40, 0x00, 0x0B,
    0xFF, 0xD0, 0xFF, 0xD0, 0x00, 0x00, 0x00, 0x00, 0x3F, 0xF4, 0x00, 0x00, 0x00, 0x00, 0x0F, 0xFD,
    0x00, 0x00, 0x00, 0x00, 0x03, 0xFF, 0x40, 0x00, 0x00, 0x00, 0x00, 0xFF, 0xD0, 0x00, 0x00, 0x00,
    0x00, 0x7F, 0xF4, 0x00, 0x00, 0x00, 0x01, 0xBF, 0xFF, 0x90, 0x00, 0x00, 0x01, 0xFF, 0xFF, 0xFC,
    0x00, 0x00, 0x00, 0x7F, 0xFF, 0xFF, 0x15, 0x55, 0x54, 0x05, 0x55, 0x55, 0x01, 0x55, 0x55, 0x5F,
    0xFF, 0xFF, 0x07, 0xFF, 0xFF, 0xC2, 0xFF, 0xFF, 0xF7, 0xFF, 0xFF, 0xC1, 0xFF, 0xFF, 0xF0, 0xBF,
    0xFF, 0xFC, 0x1F, 0xFF, 0x40, 0x07, 0xFF, 0xD0, 0x02, 0xFF, 0xF4, 0x03, 0xFF, 0xC0, 0x00, 0xFF,
    0xE0, 0x00, 0x3F, 0xF8, 0x00, 0xFF, 0xE0, 0x00, 0x3F, 0xF8, 0x00, 0x0F, 0xFE, 0x00, 0x3F, 0xF8,
    0x00, 0x0F, 0xFE, 0x00, 0x03, 0xFF, 0x80, 0x0F, 0xFE, 0x00, 0x03, 0xFF, 0x80, 0x00, 0xFF, 0xE0,
    0x03, 0xFF, 0x80, 0x00, 0xFF, 0xE0, 0x00, 0x3F, 0xF8, 0x00, 0xFF, 0xE0, 0x00, 0x3F, 0xF8, 0x00,
    0x0F, 0xFE, 0x00, 0x3F, 0xF8, 0x00, 0x0F, 0xFE, 0x00, 0x03, 0xFF, 0x80, 0x0F, 0xFE, 0x00, 0x03,
    0xFF, 0x80, 0x00, 0xFF, 0xE0, 0x03, 0xFF, 0x80, 0x00, 0xFF, 0xE0, 0x00, 0x3F, 0xF8, 0x00, 0xFF,
    0xE0, 0x00, 0x3F, 0xF8, 0x00, 0x0F, 0xFE, 0x00, 0x3F, 0xF8, 0x00, 0x0F, 0xFE, 0x00, 0x03, 0xFF,
    0x80, 0x0F, 0xFE, 0x00, 0x03, 0xFF, 0x80, 0x00, 0xFF, 0xE0, 0x03, 0xFF, 0x80, 0x00, 0xFF, 0xE0,
    0x00, 0x3F, 0xF8, 0x00, 0xFF, 0xE0, 0x00, 0x3F, 0xF8, 0x00, 0x0F, 0xFE, 0x00, 0x3F, 0xF8, 0x00,
    0x0F, 0xFE, 0x00, 0x03, 0xFF, 0x80, 0x0F, 0xFE, 0x00, 0x03, 0xFF, 0x80, 0x00, 0xFF, 0xE0, 0x03,
    0xFF, 0xC0, 0x00, 0xFF, 0xE0, 0x00, 0x7F, 0xF8, 0x0B, 0xFF, 0xFF, 0xFF, 0xFF, 0xFF, 0xFF, 0xFF,
    0xFF, 0x97, 0xFF, 0xFF, 0xFF, 0xFF, 0xFF, 0xFF, 0xFF, 0xFF, 0xFD, 0xFF, 0xFF, 0xFF, 0xFF, 0xFF,
    0xFF, 0xFF, 0xFF, 0xFF, 0x15, 0x55, 0x54, 0x05, 0x55, 0x55, 0x01, 0x55, 0x55, 0x41, 0xFF, 0xFF,
    0xF0, 0x7F, 0xFF, 0xFC, 0x2F, 0xFF, 0xFF, 0x07, 0xFF, 0xFF, 0xC1, 0xFF, 0xFF, 0xF0, 0xBF, 0xFF,
    0xFC, 0x01, 0xFF, 0xF4, 0x00, 0xBF, 0xFD, 0x00, 0x2F, 0xFF, 0x40, 0x03, 0xFF, 0xC0, 0x00, 0xFF,
    0xE0, 0x00, 0x3F, 0xF8, 0x00, 0x0F, 0xFE, 0x00, 0x03, 0xFF, 0x80, 0x00, 0xFF, 0xE0, 0x00, 0x3F,
    0xF8, 0x00, 0x0F, 0xFE, 0x00, 0x03, 0xFF, 0x80, 0x00, 0xFF, 0xE0, 0x00, 0x3F, 0xF8, 0x00, 0x0F,
    0xFE, 0x00, 0x03, 0xFF, 0x80, 0x00, 0xFF, 0xE0, 0x00, 0x3F, 0xF8, 0x00, 0x0F, 0xFE, 0x00, 0x03,
    0xFF, 0x80, 0x00, 0xFF, 0xE0, 0x00, 0x3F, 0xF8, 0x00, 0x0F, 0xFE, 0x00, 0x03, 0xFF, 0x80, 0x00,
    0xFF, 0xE0, 0x00, 0x3F, 0xF8, 0x00, 0x0F, 0xFE, 0x00, 0x03, 0xFF, 0x80, 0x00, 0xFF, 0xE0, 0x00,
    0x3F, 0xF8, 0x00, 0x0F, 0xFE, 0x00, 0x03, 0xFF, 0x80, 0x00, 0xFF, 0xE0, 0x00, 0x3F, 0xF8, 0x00,
    0x0F, 0xFE, 0x00, 0x03, 0xFF, 0x80, 0x00, 0xFF, 0xE0, 0x00, 0x3F, 0xF8, 0x00, 0x0F, 0xFE, 0x00,
    0x03, 0xFF, 0x80, 0x00, 0xFF, 0xE0, 0x00, 0x3F, 0xF8, 0x00, 0x0F, 0xFE, 0x00, 0x03, 0xFF, 0x80,
    0x00, 0xFF, 0xE0, 0x00, 0x3F, 0xF8, 0x00, 0x0F, 0xFE, 0x00, 0x03, 0xFF, 0x80, 0x00, 0xFF, 0xE0,
    0x00, 0x3F, 0xF8, 0x00, 0x0F, 0xFE, 0x00, 0x03, 0xFF, 0xC0, 0x00, 0xFF, 0xE0, 0x00, 0x7F, 0xF8,
    0x00, 0xBF, 0xFF, 0xFF, 0xFF, 0xFF, 0xFF, 0xFF, 0xFF, 0xFF, 0xE7, 0xFF, 0xFF, 0xFF, 0xFF, 0xFF,
    0xFF, 0xFF, 0xFF, 0xFF, 0x9F, 0xFF, 0xFF, 0xFF, 0xFF, 0xFF, 0xFF, 0xFF, 0xFF, 0xFE, 0x00, 0x00,
    0x00, 0x00, 0x00, 0x00, 0x00, 0x00, 0x0F, 0xF8, 0x00, 0x00, 0x00, 0x00, 0x00, 0x00, 0x00, 0x00,
    0x1F, 0xE0, 0x00, 0x00, 0x00, 0x00, 0x00, 0x00, 0x00, 0x00, 0x3F, 0x80, 0x00, 0x00, 0x00, 0x00,
    0x00, 0x00, 0x00, 0x00, 0xFE, 0x00, 0x00, 0x00, 0x00, 0x00, 0x00, 0x00, 0x00, 0x02, 0xE4, 0x05,
    0x55, 0x55, 0x55, 0x00, 0x00, 0x02, 0xFF, 0xFF, 0xFF, 0xF4, 0x00, 0x00, 0x2F, 0xFF, 0xFF, 0xFF,
    0x40, 0x00, 0x03, 0xFF, 0x9F, 0xFF, 0x40, 0x00, 0x00, 0x3F, 0xC0, 0xBF, 0xF0, 0x00, 0x00, 0x03,
    0xF4, 0x0B, 0xFF, 0x00, 0x00, 0x00, 0x7F, 0x00, 0xBF, 0xF0, 0x00, 0x00, 0x07, 0xF0, 0x0B, 0xFF,
    0x00, 0x00, 0x00, 0x00, 0x00, 0xBF, 0xF0, 0x00, 0x00, 0x00, 0x00, 0x0B, 0xFF, 0x00, 0x00, 0x00,
    0x00, 0x00, 0xBF, 0xFF, 0xFF, 0x90, 0x00, 0x00, 0x0B, 0xFF, 0xFF, 0xFF, 0xD0, 0x00, 0x00, 0xBF,
    0xFA, 0xBF, 0xFF, 0x40, 0x00, 0x0B, 0xFF, 0x00, 0x3F, 0xFC, 0x00, 0x00, 0xBF, 0xF0, 0x00, 0xFF,
    0xE0, 0x00, 0x0B, 0xFF, 0x00, 0x0F, 0xFF, 0x00, 0x00, 0xBF, 0xF0, 0x00, 0xFF, 0xF0, 0x00, 0x0B,
    0xFF, 0x00, 0x0F, 0xFF, 0x00, 0x00, 0xBF, 0xF0, 0x00, 0xFF, 0xE0, 0x00, 0x0B, 0xFF, 0x00, 0x1F,
    0xFD, 0x00, 0x00, 0xBF, 0xF0, 0x03, 0xFF, 0xC0, 0x00, 0x6F, 0xFF, 0xAB, 0xFF, 0xF0, 0x00, 0x0F,
    0xFF, 0xFF, 0xFF, 0xF8, 0x00, 0x00, 0xFF, 0xFF, 0xFF, 0xE4, 0x00, 0x15, 0x55, 0x54, 0x00, 0x00,
    0x15, 0x55, 0x54, 0x7F, 0xFF, 0xFC, 0x00, 0x00, 0x3F, 0xFF, 0xFD, 0x7F, 0xFF, 0xFC, 0x00, 0x00,
    0x3F, 0xFF, 0xFD, 0x07, 0xFF, 0xD0, 0x00, 0x00, 0x07, 0xFF, 0xD0, 0x03, 0xFF, 0xC0, 0x00, 0x00,
    0x02, 0xFF, 0xC0, 0x03, 0xFF, 0x80, 0x00, 0x00, 0x02, 0xFF, 0xC0, 0x03, 0xFF, 0x80, 0x00, 0x00,
    0x02, 0xFF, 0xC0, 0x03, 0xFF, 0x80, 0x00, 0x00, 0x02, 0xFF, 0xC0, 0x03, 0xFF, 0x80, 0x00, 0x00,
    0x02, 0xFF, 0xC0, 0x03, 0xFF, 0xC0, 0x00, 0x00, 0x02, 0xFF, 0xC0, 0x03, 0xFF, 0xFF, 0xFE, 0x40,
    0x02, 0xFF, 0xC0, 0x03, 0xFF, 0xFF, 0xFF, 0xF0, 0x02, 0xFF, 0xC0, 0x03, 0xFF, 0xEA, 0xFF, 0xFC,
    0x02, 0xFF, 0xC0, 0x03, 0xFF, 0x80, 0x1F, 0xFE, 0x02, 0xFF, 0xC0, 0x03, 0xFF, 0x80, 0x0B, 0xFF,
    0x02, 0xFF, 0xC0, 0x03, 0xFF, 0x80, 0x07, 0xFF, 0x42, 0xFF, 0xC0, 0x03, 0xFF, 0x80, 0x07, 0xFF,
    0x42, 0xFF, 0xC0, 0x03, 0xFF, 0x80, 0x07, 0xFF, 0x42, 0xFF, 0xC0, 0x03, 0xFF, 0x80, 0x07, 0xFF,
    0x02, 0xFF, 0xC0, 0x03, 0xFF, 0x80, 0x0F, 0xFF, 0x02, 0xFF, 0xC0, 0x03, 0xFF, 0x80, 0x2F, 0xFD,
    0x03, 0xFF, 0xC0, 0x2F, 0xFF, 0xEA, 0xFF, 0xF8, 0x1B, 0xFF, 0xF8, 0x7F, 0xFF, 0xFF, 0xFF, 0xD0,
    0x3F, 0xFF, 0xFD, 0x7F, 0xFF, 0xFF, 0xF9, 0x00, 0x3F, 0xFF, 0xFD, 0x15, 0x55, 0x54, 0x00, 0x00,
    0x1F, 0xFF, 0xFF, 0x00, 0x00, 0x07, 0xFF, 0xFF, 0xC0, 0x00, 0x00, 0x1F, 0xFF, 0x40, 0x00, 0x00,
    0x03, 0xFF, 0xC0, 0x00, 0x00, 0x00, 0xFF, 0xE0, 0x00, 0x00, 0x00, 0x3F, 0xF8, 0x00, 0x00, 0x00,
    0x0F, 0xFE, 0x00, 0x00, 0x00, 0x03, 0xFF, 0x80, 0x00, 0x00, 0x00, 0xFF, 0xF0, 0x00, 0x00, 0x00,
    0x3F, 0xFF, 0xFF, 0xE4, 0x00, 0x0F, 0xFF, 0xFF, 0xFF, 0xC0, 0x03, 0xFF, 0xEA, 0xFF, 0xFD, 0x00,
    0xFF, 0xE0, 0x07, 0xFF, 0xC0, 0x3F, 0xF8, 0x00, 0x7F, 0xF4, 0x0F, 0xFE, 0x00, 0x0F, 0xFE, 0x03,
    0xFF, 0x80, 0x03, 0xFF, 0x80, 0xFF, 0xE0, 0x00, 0xFF, 0xE0, 0x3F, 0xF8, 0x00, 0x3F, 0xF8, 0x0F,
    0xFE, 0x00, 0x2F, 0xFC, 0x03, 0xFF, 0x80, 0x1F, 0xFE, 0x0B, 0xFF, 0xFA, 0xBF, 0xFF, 0x07, 0xFF,
    0xFF, 0xFF, 0xFE, 0x01, 0xFF, 0xFF, 0xFF, 0xE4, 0x00, 0x2A, 0x01, 0xBF, 0x90, 0x00, 0x0F, 0xCB,
    0xFF, 0xFF, 0x80, 0x03, 0xFF, 0xFF, 0xFF, 0xFD, 0x00, 0xFF, 0xF9, 0x6F, 0xFF, 0xD0, 0x2F, 0xD0,
    0x00, 0x7F, 0xFC, 0x0B, 0xE0, 0x00, 0x07, 0xFF, 0x82, 0xF0, 0x00, 0x00, 0xFF, 0xF0, 0xBC, 0x00,
    0x00, 0x2F, 0xFD, 0x05, 0x00, 0x00, 0x07, 0xFF, 0x40, 0x00, 0x00, 0x00, 0xFF, 0xE0, 0x00, 0x00,
    0x00, 0x3F, 0xFC, 0x03, 0xFF, 0xFF, 0xFF, 0xFF, 0x00, 0xFF, 0xFF, 0xFF, 0xFF, 0xC0, 0x2A, 0xAA,
    0xAA, 0xFF, 0xE0, 0x00, 0x00, 0x00, 0x3F, 0xF8, 0x00, 0x00, 0x00, 0x1F, 0xFD, 0x00, 0x00, 0x00,
    0x0B, 0xFF, 0x02, 0x00, 0x00, 0x03, 0xFF, 0xC7, 0xE0, 0x00, 0x02, 0xFF, 0xD1, 0xFE, 0x00, 0x01,
    0xFF, 0xF0, 0x2F, 0xF9, 0x07, 0xFF, 0xF0, 0x03, 0xFF, 0xFF, 0xFF, 0xF4, 0x00, 0x2F, 0xFF, 0xFF,
    0xF0, 0x00, 0x01, 0xFF, 0xFF, 0xD0, 0x00, 0x00, 0x01, 0x55, 0x00, 0x00, 0x00, 0x15, 0x55, 0x54,
    0x00, 0x00, 0x1A, 0xE9, 0x00, 0x00, 0x7F, 0xFF, 0xFC, 0x00, 0x07, 0xFF, 0xFF, 0xE0, 0x00, 0x7F,
    0xFF, 0xFC, 0x00, 0x2F, 0xFF, 0xFF, 0xFD, 0x00, 0x07, 0xFF, 0xD0, 0x00, 0xFF, 0xF9, 0x7F, 0xFF,
    0x40, 0x03, 0xFF, 0xC0, 0x03, 0xFF, 0xC0, 0x07, 0xFF, 0xC0, 0x03, 0xFF, 0x80, 0x07, 0xFF, 0x00,
    0x01, 0xFF, 0xE0, 0x03, 0xFF, 0x80, 0x0F, 0xFD, 0x00, 0x00, 0xFF, 0xF0, 0x03, 0xFF, 0x80, 0x1F,
    0xFC, 0x00, 0x00, 0x7F, 0xF4, 0x03, 0xFF, 0x80, 0x2F, 0xFC, 0x00, 0x00, 0x3F, 0xF8, 0x03, 0xFF,
    0x80, 0x3F, 0xFC, 0x00, 0x00, 0x3F, 0xFC, 0x03, 0xFF, 0xEA, 0xBF, 0xF8, 0x00, 0x00, 0x3F, 0xFC,
    0x03, 0xFF, 0xFF, 0xFF, 0xF8, 0x00, 0x00, 0x3F, 0xFC, 0x03, 0xFF, 0xFF, 0xFF, 0xF8, 0x00, 0x00,
    0x2F, 0xFC, 0x03, 0xFF, 0xEA, 0xBF, 0xF8, 0x00, 0x00, 0x3F, 0xFC, 0x03, 0xFF, 0x80, 0x3F, 0xF8,
    0x00, 0x00, 0x3F, 0xFC, 0x03, 0xFF, 0x80, 0x3F, 0xFC, 0x00, 0x00, 0x3F, 0xF8, 0x03, 0xFF, 0x80,
    0x2F, 0xFC, 0x00, 0x00, 0x3F, 0xF4, 0x03, 0xFF, 0x80, 0x1F, 0xFD, 0x00, 0x00, 0x7F, 0xF0, 0x03,
    0xFF, 0x80, 0x0F, 0xFF, 0x00, 0x00, 0xBF, 0xE0, 0x03, 0xFF, 0x80, 0x0B, 0xFF, 0x40, 0x01, 0xFF,
    0xC0, 0x03, 0xFF, 0xC0, 0x03, 0xFF, 0xE0, 0x07, 0xFF, 0x40, 0x2F, 0xFF, 0xE4, 0x00, 0xFF, 0xFF,
    0xFF, 0xFE, 0x00, 0x7F, 0xFF, 0xFC, 0x00, 0x3F, 0xFF, 0xFF, 0xF4, 0x00, 0x7F, 0xFF, 0xFC, 0x00,
    0x07, 0xFF, 0xFF, 0x80, 0x00, 0x00, 0x00, 0x00, 0x00, 0x00, 0x16, 0x90, 0x00, 0x00, 0x00, 0x00,
    0x01, 0x55, 0x55, 0x54, 0x00, 0x01, 0xBF, 0xFF, 0xFF, 0xFC, 0x00, 0x0F, 0xFF, 0xFF, 0xFF, 0xFC,
    0x00, 0x7F, 0xFF, 0x57, 0xFF, 0xD0, 0x00, 0xFF, 0xF4, 0x03, 0xFF, 0xC0, 0x01, 0xFF, 0xE0, 0x03,
    0xFF, 0x80, 0x02, 0xFF, 0xD0, 0x03, 0xFF, 0x80, 0x02, 0xFF, 0xD0, 0x03, 0xFF, 0x80, 0x01, 0xFF,
    0xD0, 0x03, 0xFF, 0x80, 0x00, 0xFF, 0xE0, 0x03, 0xFF, 0x80, 0x00, 0xBF, 0xF0, 0x03, 0xFF, 0x80,
    0x00, 0x2F, 0xFD, 0x03, 0xFF, 0x80, 0x00, 0x06, 0xFF, 0xFF, 0xFF, 0x80, 0x00, 0x00, 0x2F, 0xFF,
    0xFF, 0x80, 0x00, 0x02, 0xFF, 0x97, 0xFF, 0x80, 0x00, 0x0F, 0xFD, 0x03, 0xFF, 0x80, 0x00, 0x2F,
    0xFC, 0x03, 0xFF, 0x80, 0x00, 0x3F, 0xF4, 0x03, 0xFF, 0x80, 0x00, 0xBF, 0xF0, 0x03, 0xFF, 0x80,
    0x00, 0xFF, 0xF0, 0x03, 0xFF, 0x80, 0x02, 0xFF, 0xD0, 0x03, 0xFF, 0xC0, 0x7F, 0xFF, 0xC0, 0x6F,
    0xFF, 0xE4, 0xBF, 0xFF, 0x40, 0xBF, 0xFF, 0xFC, 0x2F, 0xFD, 0x00, 0xBF, 0xFF, 0xFC, 0x01, 0x50,
    0x00, 0x00, 0x00, 0x00, 0x00, 0x16, 0x94, 0x00, 0x00, 0x0B, 0xFF, 0xFE, 0x00, 0x01, 0xFF, 0xAF,
    0xFF, 0x00, 0x0F, 0xE0, 0x0F, 0xFE, 0x00, 0x7F, 0xC0, 0x1F, 0xFC, 0x01, 0xFF, 0x00, 0x3F, 0xF0,
    0x03, 0xF8, 0x00, 0xFF, 0xC0, 0x00, 0x00, 0x03, 0xFF, 0x00, 0x00, 0x01, 0x6F, 0xFC, 0x00, 0x0B,
    0xFF, 0xFF, 0xF0, 0x01, 0xFF, 0xFE, 0xFF, 0xC0, 0x0F, 0xFD, 0x03, 0xFF, 0x00, 0xBF, 0xE0, 0x0F,
    0xFC, 0x02, 0xFF, 0x40, 0x3F, 0xF0, 0x0B, 0xFE, 0x02, 0xFF, 0xD0, 0x2F, 0xFE, 0x6F, 0xFF, 0xE8,
    0x3F, 0xFF, 0xF7, 0xFF, 0xF0, 0x3F, 0xFE, 0x0B, 0xFF, 0x40, 0x05, 0x40, 0x01, 0x50, 0x00, 0x00,
    0x00, 0x00, 0x00, 0x00, 0x00, 0x00, 0x00, 0x3C, 0x00, 0x00, 0x00, 0x0B, 0xC0, 0x00, 0x1B, 0xFF,
    0xFC, 0x00, 0x2F, 0xFF, 0xFF, 0x80, 0x0F, 0xFF, 0xFF, 0xF4, 0x03, 0xFF, 0xFF, 0xFE, 0x00, 0x7F,
    0xFF, 0xFE, 0x40, 0x0F, 0xF9, 0x00, 0x00, 0x01, 0xFC, 0x00, 0x00, 0x00, 0x3F, 0x40, 0x15, 0x00,
    0x03, 0xF0, 0xBF, 0xFF, 0x40, 0x7F, 0x3F, 0xFF, 0xFE, 0x07, 0xEB, 0xE0, 0x7F, 0xF8, 0xBF, 0xFC,
    0x01, 0xFF, 0xCB, 0xFF, 0x40, 0x0F, 0xFD, 0xBF, 0xF0, 0x00, 0xBF, 0xEB, 0xFF, 0x00, 0x0B, 0xFF,
    0xBF, 0xF0, 0x00, 0x7F, 0xF7, 0xFF, 0x00, 0x07, 0xFF, 0x7F, 0xF0, 0x00, 0xBF, 0xE3, 0xFF, 0x00,
    0x0B, 0xFD, 0x2F, 0xF4, 0x00, 0xFF, 0xC0, 0xFF, 0xC0, 0x1F, 0xF4, 0x07, 0xFF, 0x5B, 0xFF, 0x00,
    0x2F, 0xFF, 0xFF, 0x80, 0x00, 0x7F, 0xFF, 0xD0, 0x00, 0x00, 0x15, 0x40, 0x00, 0x00, 0x00, 0x00,
    0x00, 0x0B, 0xFF, 0xFF, 0xFF, 0x80, 0xBF, 0xFF, 0xFF, 0xFF, 0x01, 0xFF, 0xF0, 0x3F, 0xF8, 0x07,
    0xFF, 0x01, 0xFF, 0xC0, 0x7F, 0xF0, 0x1F, 0xFC, 0x07, 0xFF, 0x01, 0xFF, 0x40, 0x7F, 0xF0, 0x3F,
    0xE0, 0x07, 0xFF, 0xFF, 0xE4, 0x00, 0x7F, 0xFF, 0xFF, 0xD0, 0x07, 0xFF, 0x57, 0xFF, 0xC0, 0x7F,
    0xF0, 0x0F, 0xFE, 0x07, 0xFF, 0x00, 0xBF, 0xF0, 0x7F, 0xF0, 0x0B, 0xFF, 0x07, 0xFF, 0x00, 0xFF,
    0xE2, 0xFF, 0xF4, 0x7F, 0xFC, 0xBF, 0xFF, 0xFF, 0xFF, 0x0B, 0xFF, 0xFF, 0xFE, 0x40, 0x00, 0x00,
    0x00, 0x00, 0xBF, 0xFF, 0xFF, 0xFC, 0xBF, 0xFF, 0xFF, 0xFC, 0x1F, 0xFF, 0x06, 0xFD, 0x07, 0xFF,
    0x00, 0xFE, 0x07, 0xFF, 0x00, 0xBE, 0x07, 0xFF, 0x00, 0x7F, 0x07, 0xFF, 0x00, 0x14, 0x07, 0xFF,
    0x00, 0x00, 0x07, 0xFF, 0x00, 0x00, 0x07, 0xFF, 0x00, 0x00, 0x07, 0xFF, 0x00, 0x00, 0x07, 0xFF,
    0x00, 0x00, 0x07, 0xFF, 0x00, 0x00, 0x07, 0xFF, 0x00, 0x00, 0x2F, 0xFF, 0xA4, 0x00, 0xBF, 0xFF,
    0xFC, 0x00, 0xBF, 0xFF, 0xFC, 0x00, 0x00, 0x00, 0x00, 0x00, 0x00, 0x01, 0xFF, 0xFF, 0xFF, 0xFF,
    0x80, 0xBF, 0xFF, 0xFF, 0xFF, 0xE0, 0x07, 0xFE, 0xAB, 0xFF, 0xD0, 0x00, 0x7F, 0x00, 0xFF, 0xD0,
    0x00, 0x1F, 0xC0, 0x3F, 0xF4, 0x00, 0x07, 0xF0, 0x0F, 0xFD, 0x00, 0x01, 0xFC, 0x03, 0xFF, 0x40,
    0x00, 0x7F, 0x00, 0xFF, 0xD0, 0x00, 0x1F, 0xC0, 0x3F, 0xF4, 0x00, 0x0B, 0xE0, 0x0F, 0xFD, 0x00,
    0x03, 0xF4, 0x03, 0xFF, 0x40, 0x00, 0xFC, 0x00, 0xFF, 0xD0, 0x00, 0x3F, 0x00, 0x3F, 0xF4, 0x00,
    0x2F, 0x80, 0x0F, 0xFD, 0x02, 0xFF, 0xFF, 0xFF, 0xFF, 0xFC, 0xBF, 0xFF, 0xFF, 0xFF, 0xFF, 0x2F,
    0xFF, 0xFF, 0xFF, 0xFF, 0xCB, 0xF8, 0x00, 0x00, 0x1F, 0xF2, 0xFC, 0x00, 0x00, 0x01, 0xFC, 0xBE,
    0x00, 0x00, 0x00, 0x3F, 0x2F, 0x40, 0x00, 0x00, 0x0F, 0xCB, 0xC0, 0x00, 0x00, 0x03, 0xF0, 0x00,
    0x00, 0x00, 0x00, 0x00, 0x00, 0x01, 0x65, 0x00, 0x00, 0x1F, 0xFF, 0xF8, 0x00, 0x2F, 0xFF, 0xFF,
    0xC0, 0x2F, 0xF4, 0x1F, 0xF8, 0x1F, 0xF8, 0x02, 0xFF, 0x0F, 0xFC, 0x00, 0xBF, 0xD7, 0xFF, 0x00,
    0x2F, 0xFA, 0xFF, 0xD5, 0x5F, 0xFE, 0xBF, 0xFF, 0xFF, 0xFF, 0x7F, 0xFF, 0xFF, 0xFF, 0xDB, 0xFF,
    0x00, 0x00, 0x02, 0xFF, 0xC0, 0x00, 0x00, 0x7F, 0xF4, 0x00, 0x00, 0x0F, 0xFF, 0x00, 0x02, 0xC2,
    0xFF, 0xF9, 0x5B, 0xF8, 0x3F, 0xFF, 0xFF, 0xFC, 0x03, 0xFF, 0xFF, 0xFC, 0x00, 0x2F, 0xFF, 0xF4,
    0x00, 0x00, 0x15, 0x40, 0x00, 0x01, 0x40, 0x00, 0x00, 0x00, 0x00, 0x04, 0x00, 0x3F, 0xF0, 0x0F,
    0xFF, 0xFC, 0x03, 0xFF, 0x02, 0xFF, 0xF0, 0x7F, 0xFF, 0xF0, 0x3F, 0xFD, 0x0B, 0xFF, 0xD0, 0x6F,
    0xFD, 0x02, 0xFF, 0xF4, 0x1F, 0xDF, 0xC0, 0x7F, 0xF0, 0x0F, 0xAF, 0xC0, 0x19, 0x1F, 0x41, 0xFF,
    0xC0, 0xBC, 0x28, 0x00, 0x00, 0x3E, 0x07, 0xFF, 0x03, 0xE0, 0x00, 0x00, 0x00, 0x7D, 0x1F, 0xFC,
    0x2F, 0x00, 0x00, 0x00, 0x00, 0xBF, 0xFF, 0xFB, 0xF4, 0x00, 0x00, 0x00, 0x07, 0xFF, 0xFF, 0xFF,
    0xE4, 0x00, 0x00, 0x00, 0xFF, 0xEB, 0xFF, 0xAF, 0xFC, 0x00, 0x00, 0x0F, 0xFD, 0x1F, 0xFC, 0x2F,
    0xF8, 0x00, 0x00, 0x7F, 0xE0, 0x7F, 0xF0, 0x3F, 0xF4, 0x00, 0x03, 0xFF, 0x41, 0xFF, 0xC0, 0xBF,
    0xF0, 0x00, 0x2F, 0xFC, 0x07, 0xFF, 0x00, 0xFF, 0xD0, 0x0A, 0xFF, 0xD0, 0x7F, 0xFE, 0x42, 0xFF,
    0xE8, 0x7F, 0xFF, 0x03, 0xFF, 0xFF, 0x03, 0xFF, 0xF0, 0xBF, 0xE0, 0x0F, 0xFF, 0xFC, 0x03, 0xFF,
    0x80, 0x00, 0x00, 0x00, 0x00, 0x00, 0x00, 0x00, 0x00, 0x15, 0x06, 0xA9, 0x00, 0x3F, 0x3F, 0xFF,
    0xD0, 0x3F, 0xFF, 0xFF, 0xF4, 0x2F, 0xD0, 0x3F, 0xFC, 0x2F, 0x40, 0x1F, 0xFC, 0x2F, 0x00, 0x1F,
    0xFC, 0x1E, 0x00, 0x2F, 0xF8, 0x00, 0x00, 0x7F, 0xE0, 0x01, 0xFF, 0xFE, 0x40, 0x01, 0xFF, 0xFF,
    0x80, 0x00, 0x55, 0xBF, 0xF4, 0x00, 0x00, 0x1F, 0xFC, 0x2F, 0xC0, 0x0F, 0xFE, 0x7F, 0xD0, 0x0F,
    0xFE, 0xBF, 0xC0, 0x0F, 0xFD, 0x7F, 0x80, 0x2F, 0xFC, 0x2F, 0xFF, 0xFF, 0xF0, 0x07, 0xFF, 0xFF,
    0x80, 0x00, 0x15, 0x50, 0x00, 0x00, 0x00, 0x00, 0x00, 0x00, 0x0B, 0xFF, 0xFE, 0x0F, 0xFF, 0xFD,
    0xBF, 0xFF, 0xE0, 0xFF, 0xFF, 0xD1, 0xFF, 0xF4, 0x06, 0xFF, 0xE4, 0x0B, 0xFF, 0x00, 0x0F, 0xFC,
    0x00, 0xBF, 0xF0, 0x01, 0xFF, 0xC0, 0x0B, 0xFF, 0x00, 0xBF, 0xFC, 0x00, 0xBF, 0xF0, 0x3F, 0xFF,
    0xC0, 0x0B, 0xFF, 0x0F, 0xFF, 0xFC, 0x00, 0xBF, 0xF7, 0xF8, 0xFF, 0xC0, 0x0B, 0xFF, 0xFD, 0x0F,
    0xFC, 0x00, 0xBF, 0xFF, 0x40, 0xFF, 0xC0, 0x0B, 0xFF, 0xC0, 0x0F, 0xFC, 0x00, 0xBF, 0xF0, 0x00,
    0xFF, 0xC0, 0x0B, 0xFF, 0x00, 0x0F, 0xFC, 0x06, 0xFF, 0xF9, 0x06, 0xFF, 0xF4, 0xBF, 0xFF, 0xF0,
    0xFF, 0xFF, 0xDB, 0xFF, 0xFF, 0x0F, 0xFF, 0xFD, 0x00, 0x1A, 0x00, 0x0A, 0x40, 0x00, 0x07, 0xFC,
    0x03, 0xFD, 0x00, 0x00, 0xBF, 0xC0, 0x3F, 0xE0, 0x00, 0x07, 0xFC, 0x03, 0xFE, 0x00, 0x00, 0x3F,
    0xD5, 0x6F, 0xC0, 0x00, 0x00, 0xBF, 0xFF, 0xE0, 0x00, 0x00, 0x00, 0x15, 0x40, 0x00, 0x00, 0x00,
    0x00, 0x00, 0x00, 0x00, 0x00, 0x00, 0x00, 0x00, 0x00, 0x0B, 0xFF, 0xFE, 0x0F, 0xFF, 0xFD, 0xBF,
    0xFF, 0xE0, 0xFF, 0xFF, 0xD1, 0xFF, 0xF4, 0x06, 0xFF, 0xE4, 0x0B, 0xFF, 0x00, 0x0F, 0xFC, 0x00,
    0xBF, 0xF0, 0x01, 0xFF, 0xC0, 0x0B, 0xFF, 0x00, 0xBF, 0xFC, 0x00, 0xBF, 0xF0, 0x3F, 0xFF, 0xC0,
    0x0B, 0xFF, 0x0F, 0xFF, 0xFC, 0x00, 0xBF, 0xF7, 0xF8, 0xFF, 0xC0, 0x0B, 0xFF, 0xFD, 0x0F, 0xFC,
    0x00, 0xBF, 0xFF, 0x40, 0xFF, 0xC0, 0x0B, 0xFF, 0xC0, 0x0F, 0xFC, 0x00, 0xBF, 0xF0, 0x00, 0xFF,
    0xC0, 0x0B, 0xFF, 0x00, 0x0F, 0xFC, 0x06, 0xFF, 0xF9, 0x06, 0xFF, 0xF4, 0xBF, 0xFF, 0xF0, 0xFF,
    0xFF, 0xDB, 0xFF, 0xFF, 0x0F, 0xFF, 0xFD, 0x00, 0x00, 0x00, 0x01, 0x40, 0x2F, 0xFF, 0xFC, 0x07,
    0xFE, 0x0B, 0xFF, 0xFF, 0x03, 0xFF, 0xD0, 0x7F, 0xFD, 0x03, 0xFF, 0xF4, 0x07, 0xFF, 0x00, 0xFB,
    0xFC, 0x01, 0xFF, 0xC0, 0xBC, 0x28, 0x00, 0x7F, 0xF0, 0x3E, 0x00, 0x00, 0x1F, 0xFC, 0x3F, 0x00,
    0x00, 0x07, 0xFF, 0xBF, 0x00, 0x00, 0x01, 0xFF, 0xFF, 0xE4, 0x00, 0x00, 0x7F, 0xFB, 0xFF, 0x80,
    0x00, 0x1F, 0xFC, 0x3F, 0xF8, 0x00, 0x07, 0xFF, 0x03, 0xFF, 0x00, 0x01, 0xFF, 0xC0, 0xBF, 0xE0,
    0x00, 0x7F, 0xF0, 0x1F, 0xFD, 0x00, 0xBF, 0xFE, 0x43, 0xFF, 0xE8, 0xBF, 0xFF, 0xF0, 0x3F, 0xFF,
    0x2F, 0xFF, 0xFC, 0x07, 0xFF, 0x80, 0x00, 0x00, 0x00, 0x04, 0x00, 0x00, 0x00, 0x00, 0x00, 0x00,
    0x00, 0x2F, 0xFF, 0xFF, 0xFF, 0xF0, 0x0F, 0xFF, 0xFF, 0xFF, 0xFC, 0x00, 0x7F, 0xEA, 0xFF, 0xF4,
    0x00, 0x07, 0xE0, 0x2F, 0xF8, 0x00, 0x01, 0xF8, 0x0B, 0xFE, 0x00, 0x00, 0x7E, 0x02, 0xFF, 0x80,
    0x00, 0x1F, 0x40, 0xBF, 0xE0, 0x00, 0x0B, 0xD0, 0x2F, 0xF8, 0x00, 0x02, 0xF4, 0x0B, 0xFE, 0x00,
    0x00, 0xBC, 0x02, 0xFF, 0x80, 0x00, 0x3F, 0x00, 0xBF, 0xE0, 0x00, 0x0F, 0xC0, 0x2F, 0xF8, 0x07,
    0x87, 0xE0, 0x0B, 0xFE, 0x07, 0xFF, 0xF4, 0x03, 0xFF, 0x82, 0xFF, 0xFC, 0x06, 0xFF, 0xF9, 0xBF,
    0xFD, 0x03, 0xFF, 0xFF, 0xCF, 0xFD, 0x00, 0xFF, 0xFF, 0xF0, 0x54, 0x00, 0x00, 0x00, 0x00, 0x00,
    0x00, 0x00, 0x00, 0x00, 0x00, 0xBF, 0xFF, 0x80, 0x03, 0xFF, 0xFE, 0xBF, 0xFF, 0xC0, 0x07, 0xFF,
    0xFE, 0x1F, 0xFF, 0xD0, 0x0B, 0xFF, 0xF4, 0x0B, 0xFF, 0xE0, 0x0F, 0xFF, 0xE0, 0x07, 0xFF, 0xF0,
    0x2F, 0xFF, 0xE0, 0x07, 0xEF, 0xF4, 0x3F, 0xFF, 0xE0, 0x07, 0xDF, 0xFC, 0x7D, 0xFF, 0xE0, 0x07,
    0xDB, 0xFD, 0xBC, 0xFF, 0xE0, 0x07, 0xD3, 0xFF, 0xF8, 0xFF, 0xE0, 0x07, 0xD2, 0xFF, 0xF0, 0xFF,
    0xE0, 0x07, 0xD1, 0xFF, 0xF0, 0xFF, 0xE0, 0x07, 0xD0, 0xFF, 0xD0, 0xFF, 0xE0, 0x07, 0xD0, 0xBF,
    0xC0, 0xFF, 0xE0, 0x0B, 0xD0, 0x10, 0x00, 0xFF, 0xE0, 0x2F, 0xF4, 0x00, 0x06, 0xFF, 0xF9, 0xBF,
    0xFD, 0x00, 0x0B, 0xFF, 0xFE, 0xBF, 0xFD, 0x00, 0x0B, 0xFF, 0xFE, 0x00, 0x00, 0x00, 0x00, 0x00,
    0x0B, 0xFF, 0xFF, 0x0F, 0xFF, 0xFD, 0xBF, 0xFF, 0xF0, 0xFF, 0xFF, 0xD1, 0xFF, 0xF4, 0x06, 0xFF,
    0xE4, 0x07, 0xFF, 0x00, 0x0F, 0xFC, 0x00, 0x7F, 0xF0, 0x00, 0xFF, 0xC0, 0x07, 0xFF, 0x00, 0x0F,
    0xFC, 0x00, 0x7F, 0xF0, 0x01, 0xFF, 0xC0, 0x07, 0xFF, 0xFF, 0xFF, 0xFC, 0x00, 0x7F, 0xFF, 0xFF,
    0xFF, 0xC0, 0x07, 0xFF, 0xAA, 0xAF, 0xFC, 0x00, 0x7F, 0xF0, 0x00, 0xFF, 0xC0, 0x07, 0xFF, 0x00,
    0x0F, 0xFC, 0x00, 0x7F, 0xF0, 0x00, 0xFF, 0xC0, 0x07, 0xFF, 0x00, 0x0F, 0xFC, 0x02, 0xFF, 0xF9,
    0x07, 0xFF, 0xF4, 0xBF, 0xFF, 0xF0, 0xFF, 0xFF, 0xDB, 0xFF, 0xFF, 0x0F, 0xFF, 0xFD, 0x00, 0x01,
    0x69, 0x00, 0x00, 0x01, 0xFF, 0xFF, 0xE0, 0x00, 0x2F, 0xFF, 0xFF, 0xF0, 0x03, 0xFF, 0xD6, 0xFF,
    0xF0, 0x2F, 0xFC, 0x01, 0xFF, 0xE0, 0xFF, 0xD0, 0x02, 0xFF, 0xC7, 0xFF, 0x00, 0x07, 0xFF, 0x6F,
    0xFC, 0x00, 0x0F, 0xFD, 0xBF, 0xF0, 0x00, 0x3F, 0xFB, 0xFF, 0xC0, 0x00, 0xFF, 0xEB, 0xFF, 0x00,
    0x03, 0xFF, 0xAF, 0xFC, 0x00, 0x0F, 0xFD, 0x7F, 0xF4, 0x00, 0x7F, 0xF0, 0xFF, 0xE0, 0x02, 0xFF,
    0xC2, 0xFF, 0xD0, 0x0F, 0xFD, 0x03, 0xFF, 0xE6, 0xFF, 0xE0, 0x03, 0xFF, 0xFF, 0xFE, 0x00, 0x02,
    0xFF, 0xFF, 0x80, 0x00, 0x00, 0x15, 0x50, 0x00, 0x00, 0x00, 0x00, 0x00, 0x00, 0x00, 0x0B, 0xFF,
    0xFF, 0xFF, 0xFF, 0xFC, 0xBF, 0xFF, 0xFF, 0xFF, 0xFF, 0xC1, 0xFF, 0xFA, 0xAB, 0xFF, 0xE4, 0x0B,
    0xFF, 0x00, 0x1F, 0xFC, 0x00, 0xBF, 0xF0, 0x01, 0xFF, 0xC0, 0x0B, 0xFF, 0x00, 0x1F, 0xFC, 0x00,
    0xBF, 0xF0, 0x01, 0xFF, 0xC0, 0x0B, 0xFF, 0x00, 0x1F, 0xFC, 0x00, 0xBF, 0xF0, 0x01, 0xFF, 0xC0,
    0x0B, 0xFF, 0x00, 0x1F, 0xFC, 0x00, 0xBF, 0xF0, 0x01, 0xFF, 0xC0, 0x0B, 0xFF, 0x00, 0x1F, 0xFC,
    0x00, 0xBF, 0xF0, 0x01, 0xFF, 0xC0, 0x0B, 0xFF, 0x00, 0x1F, 0xFC, 0x06, 0xFF, 0xF9, 0x07, 0xFF,
    0xE4, 0xBF, 0xFF, 0xF1, 0xFF, 0xFF, 0xCB, 0xFF, 0xFF, 0x1F, 0xFF, 0xFC, 0x00, 0x04, 0x00, 0x69,
    0x00, 0x0F, 0xFF, 0xC2, 0xFF, 0xF8, 0x03, 0xFF, 0xF3, 0xFF, 0xFF, 0xC0, 0xBF, 0xFE, 0xFF, 0xFF,
    0xF8, 0x03, 0xFF, 0xE0, 0x1F, 0xFF, 0x00, 0xFF, 0xF0, 0x01, 0xFF, 0xD0, 0x3F, 0xF8, 0x00, 0x3F,
    0xF8, 0x0F, 0xFE, 0x00, 0x0F, 0xFE, 0x03, 0xFF, 0x80, 0x03, 0xFF, 0xC0, 0xFF, 0xE0, 0x00, 0xFF,
    0xE0, 0x3F, 0xF8, 0x00, 0x3F, 0xF8, 0x0F, 0xFE, 0x00, 0x0F, 0xFE, 0x03, 0xFF, 0x80, 0x03, 0xFF,
    0x40, 0xFF, 0xE0, 0x02, 0xFF, 0xC0, 0x3F, 0xFC, 0x01, 0xFF, 0xE0, 0x0F, 0xFF, 0xFB, 0xFF, 0xF0,
    0x03, 0xFF, 0xFF, 0xFF, 0xF0, 0x00, 0xFF, 0xFF, 0xFF, 0xE0, 0x00, 0x3F, 0xF8, 0x15, 0x40, 0x00,
    0x0F, 0xFE, 0x00, 0x00, 0x00, 0x03, 0xFF, 0x80, 0x00, 0x00, 0x00, 0xFF, 0xE0, 0x00, 0x00, 0x00,
    0x7F, 0xFD, 0x00, 0x00, 0x00, 0xFF, 0xFF, 0xF8, 0x00, 0x00, 0x3F, 0xFF, 0xFE, 0x00, 0x00, 0x00,
    0x00, 0x00, 0x00, 0x00, 0x00, 0x00, 0x01, 0x65, 0x00, 0x00, 0x1F, 0xFF, 0xF8, 0x00, 0x2F, 0xFF,
    0xFF, 0xC0, 0x2F, 0xF9, 0x1B, 0xF8, 0x1F, 0xF8, 0x02, 0xFF, 0x0F, 0xFC, 0x00, 0xFF, 0xC7, 0xFF,
    0x00, 0x3F, 0xF2, 0xFF, 0x80, 0x02, 0xE0, 0xBF, 0xE0, 0x00, 0x00, 0x3F, 0xF8, 0x00, 0x00, 0x0B,
    0xFF, 0x00, 0x00, 0x02, 0xFF, 0xC0, 0x00, 0x00, 0x7F, 0xF4, 0x00, 0x00, 0x0F, 0xFF, 0x40, 0x02,
    0x02, 0xFF, 0xF9, 0x6B, 0xF0, 0x3F, 0xFF, 0xFF, 0xFC, 0x03, 0xFF, 0xFF, 0xF8, 0x00, 0x2F, 0xFF,
    0xF4, 0x00, 0x00, 0x55, 0x40, 0x00, 0x00, 0x00, 0x00, 0x00, 0x00, 0x1F, 0xFF, 0xFF, 0xFF, 0xFC,
    0x2F, 0xFF, 0xFF, 0xFF, 0xFC, 0x2F, 0xD2, 0xFF, 0xC2, 0xFD, 0x3F, 0x81, 0xFF, 0xC0, 0xFD, 0x3F,
    0x01, 0xFF, 0xC0, 0xBE, 0x3F, 0x01, 0xFF, 0xC0, 0x7E, 0x05, 0x01, 0xFF, 0xC0, 0x10, 0x00, 0x01,
    0xFF, 0xC0, 0x00, 0x00, 0x01, 0xFF, 0xC0, 0x00, 0x00, 0x01, 0xFF, 0xC0, 0x00, 0x00, 0x01, 0xFF,
    0xC0, 0x00, 0x00, 0x01, 0xFF, 0xC0, 0x00, 0x00, 0x01, 0xFF, 0xC0, 0x00, 0x00, 0x01, 0xFF, 0xC0,
    0x00, 0x00, 0x1B, 0xFF, 0xE4, 0x00, 0x00, 0x3F, 0xFF, 0xFD, 0x00, 0x00, 0x3F, 0xFF, 0xFD, 0x00,
    0x00, 0x00, 0x00, 0x00, 0x00, 0x1F, 0xFF, 0xFD, 0x0F, 0xFF, 0xD7, 0xFF, 0xFF, 0x43, 0xFF, 0xF5,
    0xBF, 0xFE, 0x40, 0xBF, 0xF8, 0x07, 0xFF, 0x00, 0x03, 0xF0, 0x00, 0xFF, 0xD0, 0x01, 0xF4, 0x00,
    0x2F, 0xFC, 0x00, 0xFC, 0x00, 0x03, 0xFF, 0x40, 0x3E, 0x00, 0x00, 0xBF, 0xE0, 0x2F, 0x00, 0x00,
    0x0F, 0xFC, 0x0F, 0xC0, 0x00, 0x02, 0xFF, 0x47, 0xD0, 0x00, 0x00, 0x7F, 0xF3, 0xF0, 0x00, 0x00,
    0x0F, 0xFE, 0xF8, 0x00, 0x00, 0x01, 0xFF, 0xFC, 0x00, 0x00, 0x00, 0x3F, 0xFE, 0x00, 0x00, 0x00,
    0x0B, 0xFF, 0x40, 0x00, 0x00, 0x00, 0xFF, 0xC0, 0x00, 0x00, 0x00, 0x2F, 0xD0, 0x00, 0x00, 0x00,
    0x07, 0xF0, 0x00, 0x00, 0x00, 0x02, 0xF8, 0x00, 0x00, 0x3F, 0x80, 0xFC, 0x00, 0x00, 0x2F, 0xF0,
    0xBE, 0x00, 0x00, 0x0B, 0xF8, 0x7F, 0x00, 0x00, 0x01, 0xFF, 0xFF, 0x40, 0x00, 0x00, 0x3F, 0xFF,
    0x40, 0x00, 0x00, 0x01, 0xA9, 0x00, 0x00, 0x00, 0x00, 0x00, 0x00, 0x6F, 0xFF, 0x00, 0x00, 0x00,
    0x00, 0x03, 0xFF, 0xFC, 0x00, 0x00, 0x00, 0x00, 0x0F, 0xFF, 0xF0, 0x00, 0x00, 0x00, 0x00, 0x02,
    0xFF, 0xC0, 0x00, 0x00, 0x00, 0x00, 0x07, 0xFF, 0x00, 0x00, 0x00, 0x00, 0x00, 0x1F, 0xFC, 0x00,
    0x00, 0x00, 0x00, 0x00, 0x7F, 0xF0, 0x00, 0x00, 0x00, 0x00, 0x01, 0xFF, 0xC0, 0x00, 0x00, 0x00,
    0x1A, 0x47, 0xFF, 0x06, 0x90, 0x00, 0x07, 0xFF, 0xFF, 0xFF, 0xFF, 0xF4, 0x00, 0x7F, 0xFF, 0xFF,
    0xFF, 0xFF, 0xF4, 0x07, 0xFF, 0x47, 0xFF, 0xF4, 0xBF, 0xF0, 0x3F, 0xF4, 0x0B, 0xFF, 0x00, 0xFF,
    0xE0, 0xFF, 0xC0, 0x1F, 0xFC, 0x01, 0xFF, 0xC7, 0xFE, 0x00, 0x7F, 0xF0, 0x03, 0xFF, 0x2F, 0xF8,
    0x01, 0xFF, 0xC0, 0x0F, 0xFC, 0xBF, 0xD0, 0x07, 0xFF, 0x00, 0x3F, 0xF7, 0xFF, 0x40, 0x1F, 0xFC,
    0x00, 0xFF, 0xDB, 0xFD, 0x00, 0x7F, 0xF0, 0x03, 0xFF, 0x6F, 0xF8, 0x01, 0xFF, 0xC0, 0x0F, 0xFC,
    0x7F, 0xE0, 0x07, 0xFF, 0x00, 0x3F, 0xF0, 0xFF, 0xC0, 0x1F, 0xFC, 0x01, 0xFF, 0x83, 0xFF, 0x40,
    0x7F, 0xF0, 0x0F, 0xFD, 0x07, 0xFF, 0x47, 0xFF, 0xE5, 0xBF, 0xE0, 0x0B, 0xFF, 0xFF, 0xFF, 0xFF,
    0xFF, 0x00, 0x07, 0xFF, 0xFF, 0xFF, 0xFF, 0xE0, 0x00, 0x00, 0x54, 0x7F, 0xF0, 0x54, 0x00, 0x00,
    0x00, 0x01, 0xFF, 0xC0, 0x00, 0x00, 0x00, 0x00, 0x07, 0xFF, 0x00, 0x00, 0x00, 0x00, 0x00, 0x1F,
    0xFC, 0x00, 0x00, 0x00, 0x00, 0x01, 0xFF, 0xF8, 0x00, 0x00, 0x00, 0x00, 0x3F, 0xFF, 0xFD, 0x00,
    0x00, 0x00, 0x00, 0xFF, 0xFF, 0xF4, 0x00, 0x00, 0x00, 0x00, 0x55, 0x55, 0x40, 0x00, 0x00, 0x00,
    0x00, 0x00, 0x00, 0x00, 0xBF, 0xFF, 0xF0, 0xFF, 0xFD, 0xBF, 0xFF, 0xF0, 0xFF, 0xFD, 0x6F, 0xFF,
    0xD0, 0x7F, 0xF4, 0x07, 0xFF, 0xC0, 0x3F, 0x80, 0x01, 0xFF, 0xE0, 0xBF, 0x00, 0x00, 0xBF, 0xF6,
    0xFC, 0x00, 0x00, 0x2F, 0xFF, 0xF0, 0x00, 0x00, 0x0F, 0xFF, 0xC0, 0x00, 0x00, 0x03, 0xFF, 0xC0,
    0x00, 0x00, 0x07, 0xFF, 0xF0, 0x00, 0x00, 0x1F, 0xFF, 0xFC, 0x00, 0x00, 0x3F, 0x5F, 0xFE, 0x00,
    0x00, 0xFE, 0x0B, 0xFF, 0x80, 0x03, 0xF8, 0x03, 0xFF, 0xD0, 0x2F, 0xFD, 0x07, 0xFF, 0xF9, 0xBF,
    0xFF, 0x1F, 0xFF, 0xFF, 0xBF, 0xFF, 0x1F, 0xFF, 0xFF, 0x00, 0x00, 0x00, 0x00, 0x00, 0x02, 0xFF,
    0xFF, 0x83, 0xFF, 0xFF, 0x0B, 0xFF, 0xFE, 0x1F, 0xFF, 0xFC, 0x07, 0xFF, 0xD0, 0x1F, 0xFF, 0x90,
    0x0B, 0xFF, 0x00, 0x1F, 0xFC, 0x00, 0x2F, 0xFC, 0x00, 0x7F, 0xF0, 0x00, 0xBF, 0xF0, 0x01, 0xFF,
    0xC0, 0x02, 0xFF, 0xC0, 0x07, 0xFF, 0x00, 0x0B, 0xFF, 0x00, 0x1F, 0xFC, 0x00, 0x2F, 0xFC, 0x00,
    0x7F, 0xF0, 0x00, 0xBF, 0xF0, 0x01, 0xFF, 0xC0, 0x02, 0xFF, 0xC0, 0x07, 0xFF, 0x00, 0x0B, 0xFF,
    0x00, 0x1F, 0xFC, 0x00, 0x2F, 0xFC, 0x00, 0x7F, 0xF0, 0x00, 0xBF, 0xF0, 0x01, 0xFF, 0xC0, 0x1B,
    0xFF, 0xFF, 0xFF, 0xFF, 0xFD, 0xFF, 0xFF, 0xFF, 0xFF, 0xFF, 0xF7, 0xFF, 0xFF, 0xFF, 0xFF, 0xFF,
    0xD0, 0x00, 0x00, 0x00, 0x00, 0xBF, 0x40, 0x00, 0x00, 0x00, 0x00, 0xFD, 0x00, 0x00, 0x00, 0x00,
    0x03, 0xF4, 0x00, 0x00, 0x00, 0x00, 0x0B, 0xD0, 0x00, 0x00, 0x00, 0x00, 0x2F, 0x40, 0x00, 0x00,
    0x00, 0x00, 0x10, 0x00, 0x00, 0x00, 0x00, 0x00, 0x1F, 0xFF, 0xFC, 0x7F, 0xFF, 0xFB, 0xFF, 0xFF,
    0x2F, 0xFF, 0xFC, 0x7F, 0xFE, 0x01, 0xFF, 0xF4, 0x07, 0xFF, 0x00, 0x2F, 0xF8, 0x01, 0xFF, 0xC0,
    0x0B, 0xFE, 0x00, 0x7F, 0xF0, 0x02, 0xFF, 0x80, 0x1F, 0xFC, 0x00, 0xBF, 0xE0, 0x03, 0xFF, 0x40,
    0x2F, 0xF8, 0x00, 0xFF, 0xF9, 0xBF, 0xFE, 0x00, 0x1F, 0xFF, 0xFF, 0xFF, 0x80, 0x01, 0xFF, 0xFF,
    0xFF, 0xE0, 0x00, 0x06, 0xA8, 0x2F, 0xF8, 0x00, 0x00, 0x00, 0x0B, 0xFE, 0x00, 0x00, 0x00, 0x02,
    0xFF, 0x80, 0x00, 0x00, 0x02, 0xFF, 0xF9, 0x00, 0x00, 0x02, 0xFF, 0xFF, 0xC0, 0x00, 0x00, 0xBF,
    0xFF, 0xF0, 0x00, 0x00, 0x00, 0x00, 0x00, 0x00, 0x00, 0x00, 0xBF, 0xFF, 0xE3, 0xFF, 0xFF, 0x4F,
    0xFF, 0xFC, 0xBF, 0xFF, 0xE3, 0xFF, 0xFF, 0x5F, 0xFF, 0xFC, 0x1F, 0xFF, 0x40, 0xBF, 0xFD, 0x07,
    0xFF, 0xE4, 0x0B, 0xFF, 0x00, 0x3F, 0xF4, 0x01, 0xFF, 0xC0, 0x0B, 0xFF, 0x00, 0x3F, 0xF4, 0x01,
    0xFF, 0xC0, 0x0B, 0xFF, 0x00, 0x3F, 0xF4, 0x01, 0xFF, 0xC0, 0x0B, 0xFF, 0x00, 0x3F, 0xF4, 0x01,
    0xFF, 0xC0, 0x0B, 0xFF, 0x00, 0x3F, 0xF4, 0x01, 0xFF, 0xC0, 0x0B, 0xFF, 0x00, 0x3F, 0xF4, 0x01,
    0xFF, 0xC0, 0x0B, 0xFF, 0x00, 0x3F, 0xF4, 0x01, 0xFF, 0xC0, 0x0B, 0xFF, 0x00, 0x3F, 0xF4, 0x01,
    0xFF, 0xC0, 0x0B, 0xFF, 0x00, 0x3F, 0xF4, 0x01, 0xFF, 0xC0, 0x0B, 0xFF, 0x00, 0x3F, 0xF4, 0x01,
    0xFF, 0xC0, 0x0B, 0xFF, 0x00, 0x3F, 0xF4, 0x01, 0xFF, 0xC0, 0x6F, 0xFF, 0xFF, 0xFF, 0xFF, 0xFF,
    0xFF, 0xE4, 0xFF, 0xFF, 0xFF, 0xFF, 0xFF, 0xFF, 0xFF, 0xFC, 0xFF, 0xFF, 0xFF, 0xFF, 0xFF, 0xFF,
    0xFF, 0xFC, 0x00, 0x00, 0x00, 0x00, 0x00, 0x00, 0x00, 0x00, 0x2F, 0xFF, 0xF8, 0xFF, 0xFF, 0xD3,
    0xFF, 0xFF, 0x0B, 0xFF, 0xFE, 0x3F, 0xFF, 0xF5, 0xFF, 0xFF, 0xC0, 0x7F, 0xFD, 0x02, 0xFF, 0xF4,
    0x1F, 0xFF, 0x90, 0x0B, 0xFF, 0x00, 0x3F, 0xF4, 0x01, 0xFF, 0xC0, 0x02, 0xFF, 0xC0, 0x0F, 0xFD,
    0x00, 0x7F, 0xF0, 0x00, 0xBF, 0xF0, 0x03, 0xFF, 0x40, 0x1F, 0xFC, 0x00, 0x2F, 0xFC, 0x00, 0xFF,
    0xD0, 0x07, 0xFF, 0x00, 0x0B, 0xFF, 0x00, 0x3F, 0xF4, 0x01, 0xFF, 0xC0, 0x02, 0xFF, 0xC0, 0x0F,
    0xFD, 0x00, 0x7F, 0xF0, 0x00, 0xBF, 0xF0, 0x03, 0xFF, 0x40, 0x1F, 0xFC, 0x00, 0x2F, 0xFC, 0x00,
    0xFF, 0xD0, 0x07, 0xFF, 0x00, 0x0B, 0xFF, 0x00, 0x3F, 0xF4, 0x01, 0xFF, 0xC0, 0x02, 0xFF, 0xC0,
    0x0F, 0xFD, 0x00, 0x7F, 0xF0, 0x00, 0xBF, 0xF0, 0x03, 0xFF, 0x40, 0x1F, 0xFC, 0x01, 0xBF, 0xFF,
    0xFF, 0xFF, 0xFF, 0xFF, 0xFF, 0xFD, 0xFF, 0xFF, 0xFF, 0xFF, 0xFF, 0xFF, 0xFF, 0xFF, 0x7F, 0xFF,
    0xFF, 0xFF, 0xFF, 0xFF, 0xFF, 0xFF, 0xD0, 0x00, 0x00, 0x00, 0x00, 0x00, 0x00, 0x0B, 0xF4, 0x00,
    0x00, 0x00, 0x00, 0x00, 0x00, 0x00, 0xFD, 0x00, 0x00, 0x00, 0x00, 0x00, 0x00, 0x00, 0x3F, 0x40,
    0x00, 0x00, 0x00, 0x00, 0x00, 0x00, 0x0B, 0xD0, 0x00, 0x00, 0x00, 0x00, 0x00, 0x00, 0x01, 0xF4,
    0x00, 0x00, 0x00, 0x00, 0x00, 0x00, 0x00, 0x10, 0x00, 0x00, 0x00, 0x00, 0x00, 0x00, 0xBF, 0xFF,
    0xFF, 0xF0, 0x00, 0x02, 0xFF, 0xFF, 0xFF, 0xC0, 0x00, 0x0F, 0xF4, 0xFF, 0xF5, 0x00, 0x00, 0x3F,
    0x43, 0xFF, 0x40, 0x00, 0x00, 0xFC, 0x0F, 0xFD, 0x00, 0x00, 0x07, 0xF0, 0x3F, 0xF4, 0x00, 0x00,
    0x01, 0x40, 0xFF, 0xFF, 0xFE, 0x00, 0x00, 0x03, 0xFF, 0xFF, 0xFF, 0x80, 0x00, 0x0F, 0xFF, 0xAF,
    0xFF, 0x40, 0x00, 0x3F, 0xF4, 0x0B, 0xFF, 0x00, 0x00, 0xFF, 0xD0, 0x0F, 0xFC, 0x00, 0x03, 0xFF,
    0x40, 0x3F, 0xF0, 0x00, 0x0F, 0xFD, 0x00, 0xFF, 0xC0, 0x00, 0x3F, 0xF4, 0x0B, 0xFF, 0x00, 0x06,
    0xFF, 0xE5, 0xBF, 0xF0, 0x00, 0x3F, 0xFF, 0xFF, 0xFF, 0x00, 0x00, 0xFF, 0xFF, 0xFF, 0x90, 0x00,
    0x00, 0x00, 0x00, 0x00, 0x00, 0x00, 0x00, 0xBF, 0xFF, 0xF8, 0x00, 0x1F, 0xFF, 0xFC, 0xBF, 0xFF,
    0xF8, 0x00, 0x1F, 0xFF, 0xFC, 0x1F, 0xFF, 0x90, 0x00, 0x06, 0xFF, 0xE0, 0x07, 0xFF, 0x00, 0x00,
    0x00, 0xFF, 0xC0, 0x07, 0xFF, 0x00, 0x00, 0x00, 0xFF, 0xC0, 0x07, 0xFF, 0x00, 0x00, 0x00, 0xFF,
    0xC0, 0x07, 0xFF, 0xFF, 0xE0, 0x00, 0xFF, 0xC0, 0x07, 0xFF, 0xFF, 0xFE, 0x00, 0xFF, 0xC0, 0x07,
    0xFF, 0xAF, 0xFF, 0x80, 0xFF, 0xC0, 0x07, 0xFF, 0x02, 0xFF, 0xC0, 0xFF, 0xC0, 0x07, 0xFF, 0x00,
    0xFF, 0xC0, 0xFF, 0xC0, 0x07, 0xFF, 0x00, 0xFF, 0xC0, 0xFF, 0xC0, 0x07, 0xFF, 0x00, 0xFF, 0xC0,
    0xFF, 0xC0, 0x07, 0xFF, 0x01, 0xFF, 0xC0, 0xFF, 0xC0, 0x2F, 0xFF, 0x5B, 0xFF, 0x47, 0xFF, 0xE4,
    0xBF, 0xFF, 0xFF, 0xFD, 0x1F, 0xFF, 0xFC, 0xBF, 0xFF, 0xFF, 0x90, 0x1F, 0xFF, 0xFC, 0x00, 0x00,
    0x00, 0x00, 0x0B, 0xFF, 0xFF, 0x80, 0x00, 0xBF, 0xFF, 0xF8, 0x00, 0x01, 0xFF, 0xF9, 0x00, 0x00,
    0x07, 0xFF, 0x00, 0x00, 0x00, 0x7F, 0xF0, 0x00, 0x00, 0x07, 0xFF, 0x00, 0x00, 0x00, 0x7F, 0xFF,
    0xFE, 0x40, 0x07, 0xFF, 0xFF, 0xFF, 0x00, 0x7F, 0xFA, 0xBF, 0xFC, 0x07, 0xFF, 0x01, 0xFF, 0xD0,
    0x7F, 0xF0, 0x0F, 0xFE, 0x07, 0xFF, 0x00, 0xBF, 0xE0, 0x7F, 0xF0, 0x0F, 0xFD, 0x07, 0xFF, 0x00,
    0xFF, 0xC2, 0xFF, 0xF5, 0xBF, 0xF8, 0xBF, 0xFF, 0xFF, 0xFD, 0x0B, 0xFF, 0xFF, 0xF9, 0x00, 0x19,
    0x06, 0xA4, 0x00, 0x0F, 0xEF, 0xFF, 0xE0, 0x02, 0xFF, 0xFF, 0xFF, 0x00, 0xBF, 0x40, 0xFF, 0xF0,
    0x2F, 0x40, 0x0F, 0xFD, 0x0B, 0xC0, 0x01, 0xFF, 0xC1, 0xA0, 0x00, 0x3F, 0xF0, 0x00, 0x00, 0x0F,
    0xFC, 0x01, 0xFF, 0xFF, 0xFF, 0x40, 0xBF, 0xFF, 0xFF, 0xD0, 0x05, 0x55, 0x7F, 0xF0, 0x00, 0x00,
    0x0F, 0xFC, 0x3F, 0xC0, 0x07, 0xFF, 0x2F, 0xF4, 0x02, 0xFF, 0x4B, 0xFC, 0x00, 0xFF, 0xC1, 0xFE,
    0x00, 0xFF, 0xC0, 0x2F, 0xFF, 0xFF, 0xC0, 0x01, 0xFF, 0xFF, 0x80, 0x00, 0x01, 0x54, 0x00, 0x00,
    0x00, 0x00, 0x00, 0x00, 0x05, 0x50, 0x00, 0x2F, 0xFF, 0xF8, 0x00, 0xBF, 0xFF, 0x80, 0x0B, 0xFF,
    0xFE, 0x01, 0xFF, 0xFF, 0xFD, 0x00, 0x7F, 0xFD, 0x00, 0xFF, 0xE6, 0xFF, 0xD0, 0x0B, 0xFF, 0x00,
    0xFF, 0xD0, 0x2F, 0xFC, 0x02, 0xFF, 0xC0, 0x7F, 0xF0, 0x03, 0xFF, 0x40, 0xBF, 0xF0, 0x3F, 0xF4,
    0x00, 0xFF, 0xF0, 0x2F, 0xFC, 0x0F, 0xFD, 0x00, 0x2F, 0xFC, 0x0B, 0xFF, 0xFF, 0xFF, 0x40, 0x0B,
    0xFF, 0x02, 0xFF, 0xFF, 0xFF, 0xD0, 0x02, 0xFF, 0xC0, 0xBF, 0xFA, 0xBF, 0xF4, 0x00, 0xBF, 0xF0,
    0x2F, 0xFC, 0x0F, 0xFD, 0x00, 0x2F, 0xFC, 0x0B, 0xFF, 0x03, 0xFF, 0x80, 0x0F, 0xFE, 0x02, 0xFF,
    0xC0, 0xBF, 0xF0, 0x03, 0xFF, 0x40, 0xBF, 0xF0, 0x0F, 0xFE, 0x01, 0xFF, 0x81, 0xBF, 0xFE, 0x42,
    0xFF, 0xE6, 0xFF, 0xC0, 0xBF, 0xFF, 0xF0, 0x2F, 0xFF, 0xFF, 0xC0, 0x2F, 0xFF, 0xFC, 0x01, 0xFF,
    0xFF, 0x80, 0x00, 0x00, 0x00, 0x00, 0x01, 0xA5, 0x00, 0x00, 0x00, 0x00, 0x00, 0x00, 0x00, 0x00,
    0x06, 0xFF, 0xFF, 0xFF, 0xC0, 0x0B, 0xFF, 0xFF, 0xFF, 0xF0, 0x0B, 0xFF, 0x02, 0xFF, 0xD4, 0x03,
    0xFF, 0x40, 0xBF, 0xF0, 0x00, 0xFF, 0xC0, 0x2F, 0xFC, 0x00, 0x3F, 0xF4, 0x0B, 0xFF, 0x00, 0x0F,
    0xFD, 0x02, 0xFF, 0xC0, 0x00, 0xFF, 0xD0, 0xBF, 0xF0, 0x00, 0x0B, 0xFF, 0xFF, 0xFC, 0x00, 0x00,
    0x2F, 0xFF, 0xFF, 0x00, 0x00, 0xBF, 0xD2, 0xFF, 0xC0, 0x00, 0x7F, 0xD0, 0xBF, 0xF0, 0x00, 0x3F,
    0xF0, 0x2F, 0xFC, 0x00, 0x2F, 0xF8, 0x0B, 0xFF, 0x00, 0xAF, 0xFC, 0x07, 0xFF, 0xE4, 0x7F, 0xFE,
    0x07, 0xFF, 0xFF, 0x0F, 0xFE, 0x01, 0xFF, 0xFF, 0xC0, 0x14, 0x00, 0x00, 0x00, 0x00, 0x00, 0x64,
    0x00, 0x50, 0x00, 0xFF, 0x81, 0xFF, 0x40, 0x7F, 0xF0, 0xFF, 0xE0, 0x1F, 0xFC, 0x3F, 0xF8, 0x03,
    0xFE, 0x07, 0xFD, 0x00, 0x2A, 0x00, 0x69, 0x00, 0x00, 0x00, 0x00, 0x00, 0x00, 0x00, 0x00, 0x00,
    0x00, 0x01, 0x65, 0x00, 0x00, 0x1F, 0xFF, 0xF8, 0x00, 0x2F, 0xFF, 0xFF, 0xC0, 0x2F, 0xF4, 0x1F,
    0xF8, 0x1F, 0xF8, 0x02, 0xFF, 0x0F, 0xFC, 0x00, 0xBF, 0xD7, 0xFF, 0x00, 0x2F, 0xFA, 0xFF, 0xD5,
    0x5F, 0xFE, 0xBF, 0xFF, 0xFF, 0xFF, 0x7F, 0xFF, 0xFF, 0xFF, 0xDB, 0xFF, 0x00, 0x00, 0x02, 0xFF,
    0xC0, 0x00, 0x00, 0x7F, 0xF4, 0x00, 0x00, 0x0F, 0xFF, 0x00, 0x02, 0xC2, 0xFF, 0xF9, 0x5B, 0xF8,
    0x3F, 0xFF, 0xFF, 0xFC, 0x03, 0xFF, 0xFF, 0xFC, 0x00, 0x2F, 0xFF, 0xF4, 0x00, 0x00, 0x15, 0x40,
    0x00, 0x05, 0x56, 0x40, 0x00, 0x00, 0x3F, 0xFF, 0xC0, 0x00, 0x00, 0x3F, 0xFF, 0xC0, 0x00, 0x00,
    0x17, 0xFF, 0xC0, 0x00, 0x00, 0x01, 0xFF, 0xC0, 0x00, 0x00, 0x2B, 0xFF, 0xEA, 0xA0, 0x00, 0x3F,
    0xFF, 0xFF, 0xF0, 0x00, 0x2B, 0xFF, 0xEA, 0xA0, 0x00, 0x01, 0xFF, 0xC0, 0x15, 0x00, 0x01, 0xFF,
    0xC2, 0xFF, 0xE0, 0x01, 0xFF, 0xDF, 0xFF, 0xFC, 0x01, 0xFF, 0xFF, 0xFF, 0xFE, 0x01, 0xFF, 0xF4,
    0x1F, 0xFF, 0x01, 0xFF, 0xD0, 0x0B, 0xFF, 0x01, 0xFF, 0xC0, 0x07, 0xFF, 0x01, 0xFF, 0xC0, 0x07,
    0xFF, 0x01, 0xFF, 0xC0, 0x07, 0xFF, 0x01, 0xFF, 0xC0, 0x07, 0xFF, 0x01, 0xFF, 0xC0, 0x07, 0xFF,
    0x01, 0xFF, 0xC0, 0x07, 0xFF, 0x01, 0xFF, 0xC0, 0x07, 0xFF, 0x01, 0xFF, 0xC0, 0x07, 0xFF, 0x02,
    0xFF, 0xC0, 0x07, 0xFF, 0x0B, 0xFF, 0xE4, 0x07, 0xFF, 0x2F, 0xFF, 0xFC, 0x07, 0xFF, 0x2F, 0xFF,
    0xFC, 0x07, 0xFF, 0x00, 0x00, 0x00, 0x07, 0xFE, 0x00, 0x00, 0x00, 0x0B, 0xFD, 0x00, 0x00, 0x00,
    0x0F, 0xFC, 0x00, 0x00, 0x00, 0x1F, 0xF4, 0x00, 0x00, 0x00, 0x3F, 0xE0, 0x00, 0x00, 0x00, 0xFF,
    0x80, 0x00, 0x00, 0x00, 0x3E, 0x00, 0x00, 0x00, 0x00, 0x10, 0x00, 0x00, 0x00, 0x0A, 0x00, 0x00,
    0x00, 0x3F, 0x80, 0x00, 0x00, 0xBF, 0xC0, 0x00, 0x01, 0xFF, 0x80, 0x00, 0x03, 0xFE, 0x00, 0x00,
    0x0B, 0xF4, 0x00, 0x00, 0x0F, 0x80, 0x00, 0x00, 0x09, 0x00, 0x00, 0x00, 0x00, 0x00, 0x00, 0x00,
    0x00, 0x00, 0x00, 0xBF, 0xFF, 0xFF, 0xFC, 0xBF, 0xFF, 0xFF, 0xFC, 0x1F, 0xFF, 0x06, 0xFD, 0x07,
    0xFF, 0x00, 0xFE, 0x07, 0xFF, 0x00, 0xBE, 0x07, 0xFF, 0x00, 0x7F, 0x07, 0xFF, 0x00, 0x14, 0x07,
    0xFF, 0x00, 0x00, 0x07, 0xFF, 0x00, 0x00, 0x07, 0xFF, 0x00, 0x00, 0x07, 0xFF, 0x00, 0x00, 0x07,
    0xFF, 0x00, 0x00, 0x07, 0xFF, 0x00, 0x00, 0x07, 0xFF, 0x00, 0x00, 0x2F, 0xFF, 0xA4, 0x00, 0xBF,
    0xFF, 0xFC, 0x00, 0xBF, 0xFF, 0xFC, 0x00, 0x00, 0x01, 0x65, 0x00, 0x00, 0x1F, 0xFF, 0xF8, 0x00,
    0x2F, 0xFF, 0xFF, 0xC0, 0x2F, 0xFD, 0x0B, 0xF8, 0x1F, 0xFC, 0x02, 0xFF, 0x0F, 0xFD, 0x00, 0xFF,
    0xC7, 0xFF, 0x00, 0x2F, 0xE2, 0xFF, 0xC0, 0x01, 0x50, 0xBF, 0xFA, 0xAA, 0x00, 0x3F, 0xFF, 0xFF,
    0xC0, 0x0B, 0xFF, 0xFF, 0xF0, 0x02, 0xFF, 0xC0, 0x00, 0x00, 0x7F, 0xF4, 0x00, 0x00, 0x0F, 0xFF,
    0x00, 0x02, 0x02, 0xFF, 0xF9, 0x5B, 0xF0, 0x3F, 0xFF, 0xFF, 0xFC, 0x03, 0xFF, 0xFF, 0xF8, 0x00,
    0x2F, 0xFF, 0xF4, 0x00, 0x00, 0x55, 0x40, 0x00, 0x00, 0x1A, 0x41, 0x90, 0x0F, 0xFF, 0xFF, 0xC0,
    0xFF, 0xFF, 0xFF, 0x0F, 0xF4, 0x07, 0xFC, 0x3F, 0xC0, 0x07, 0xF1, 0xFF, 0x00, 0x0B, 0xC7, 0xFF,
    0x90, 0x00, 0x0F, 0xFF, 0xF9, 0x00, 0x2F, 0xFF, 0xFF, 0x80, 0x2F, 0xFF, 0xFF, 0x80, 0x1F, 0xFF,
    0xFF, 0x40, 0x01, 0xBF, 0xFE, 0x68, 0x00, 0x1F, 0xFA, 0xF8, 0x00, 0x2F, 0xE7, 0xF4, 0x00, 0xFF,
    0x5F, 0xF9, 0x1B, 0xFC, 0x7F, 0xFF, 0xFF, 0xC0, 0xFB, 0xFF, 0xF8, 0x01, 0x40, 0x55, 0x00, 0x00,
    0x02, 0xA4, 0x00, 0x3F, 0xF8, 0x01, 0xFF, 0xF0, 0x07, 0xFF, 0xC0, 0x0F, 0xFE, 0x00, 0x0B, 0xE0,
    0x00, 0x00, 0x00, 0x00, 0x00, 0x00, 0x00, 0x00, 0x02, 0xFF, 0xFC, 0x0F, 0xFF, 0xF0, 0x2F, 0xFF,
    0xC0, 0x0B, 0xFF, 0x00, 0x1F, 0xFC, 0x00, 0x7F, 0xF0, 0x01, 0xFF, 0xC0, 0x07, 0xFF, 0x00, 0x1F,
    0xFC, 0x00, 0x7F, 0xF0, 0x01, 0xFF, 0xC0, 0x07, 0xFF, 0x00, 0x1F, 0xFC, 0x00, 0x7F, 0xF0, 0x1B,
    0xFF, 0xE4, 0xFF, 0xFF, 0xF7, 0xFF, 0xFF, 0xD0, 0x06, 0x40, 0x05, 0x03, 0xFE, 0x07, 0xFD, 0x7F,
    0xF0, 0xFF, 0xF7, 0xFF, 0x0F, 0xFF, 0x3F, 0xF0, 0x7F, 0xD0, 0xA8, 0x01, 0xA4, 0x00, 0x00, 0x00,
    0x00, 0x00, 0x00, 0x00, 0x00, 0x00, 0x00, 0x00, 0x2F, 0xFF, 0xC0, 0x03, 0xFF, 0xFC, 0x00, 0x2F,
    0xFF, 0xC0, 0x00, 0x2F, 0xFC, 0x00, 0x01, 0xFF, 0xC0, 0x00, 0x1F, 0xFC, 0x00, 0x01, 0xFF, 0xC0,
    0x00, 0x1F, 0xFC, 0x00, 0x01, 0xFF, 0xC0, 0x00, 0x1F, 0xFC, 0x00, 0x01, 0xFF, 0xC0, 0x00, 0x1F,
    0xFC, 0x00, 0x01, 0xFF, 0xC0, 0x00, 0x1F, 0xFC, 0x00, 0x1B, 0xFF, 0xE4, 0x03, 0xFF, 0xFF, 0xD0,
    0x3F, 0xFF, 0xFD, 0x00, 0xA9, 0x01, 0xFF, 0xD0, 0xBF, 0xF8, 0x2F, 0xFE, 0x07, 0xFF, 0x40, 0x7F,
    0x40, 0x00, 0x00, 0x00, 0x00, 0x00, 0x00, 0x0F, 0xFF, 0xE3, 0xFF, 0xF8, 0xBF, 0xFE, 0x03, 0xFF,
    0x80, 0xBF, 0xE0, 0x2F, 0xF8, 0x0B, 0xFE, 0x02, 0xFF, 0x80, 0xBF, 0xE0, 0x2F, 0xF8, 0x0B, 0xFE,
    0x02, 0xFF, 0x80, 0xBF, 0xE0, 0x2F, 0xF8, 0x0B, 0xFE, 0x02, 0xFF, 0x80, 0xBF, 0xD0, 0x3F, 0xF4,
    0x0F, 0xFC, 0x03, 0xFE, 0x02, 0xFF, 0x01, 0xFF, 0x40, 0xFF, 0x40, 0x2F, 0x40, 0x01, 0x00, 0x00,
    0x00, 0x00, 0x00, 0x00, 0x00, 0x00, 0x00, 0x00, 0x3F, 0xFF, 0xFF, 0xFF, 0xE0, 0x00, 0x00, 0x0F,
    0xFF, 0xFF, 0xFF, 0xF8, 0x00, 0x00, 0x00, 0x3F, 0xEA, 0xFF, 0xF4, 0x00, 0x00, 0x00, 0x07, 0xE0,
    0x3F, 0xF4, 0x00, 0x00, 0x00, 0x01, 0xF4, 0x0F, 0xFD, 0x00, 0x00, 0x00, 0x00, 0x7D, 0x03, 0xFF,
    0x40, 0x00, 0x00, 0x00, 0x1F, 0x40, 0xFF, 0xFF, 0xFA, 0x00, 0x00, 0x0B, 0xD0, 0x3F, 0xFF, 0xFF,
    0xF4, 0x00, 0x02, 0xF0, 0x0F, 0xFF, 0xAF, 0xFF, 0x40, 0x00, 0xFC, 0x03, 0xFF, 0x40, 0xFF, 0xF0,
    0x00, 0x3F, 0x00, 0xFF, 0xD0, 0x1F, 0xFC, 0x00, 0x0F, 0xC0, 0x3F, 0xF4, 0x03, 0xFF, 0x07, 0xC7,
    0xE0, 0x0F, 0xFD, 0x01, 0xFF, 0xC7, 0xFF, 0xF0, 0x03, 0xFF, 0x40, 0xBF, 0xE2, 0xFF, 0xFC, 0x06,
    0xFF, 0xE5, 0xFF, 0xF0, 0xBF, 0xFC, 0x03, 0xFF, 0xFF, 0xFF, 0xF0, 0x0F, 0xFD, 0x00, 0xFF, 0xFF,
    0xFE, 0x80, 0x00, 0x54, 0x00, 0x00, 0x00, 0x00, 0x00, 0x00, 0x00, 0x00, 0x00, 0x00, 0x00, 0x00,
    0x00, 0x2F, 0xFF, 0xFC, 0x3F, 0xFF, 0xF8, 0x00, 0x0B, 0xFF, 0xFF, 0x1F, 0xFF, 0xFE, 0x00, 0x00,
    0x7F, 0xFD, 0x01, 0xFF, 0xF9, 0x00, 0x00, 0x07, 0xFF, 0x00, 0x1F, 0xFC, 0x00, 0x00, 0x01, 0xFF,
    0xC0, 0x07, 0xFF, 0x00, 0x00, 0x00, 0x7F, 0xF0, 0x01, 0xFF, 0xC0, 0x00, 0x00, 0x1F, 0xFC, 0x00,
    0x7F, 0xFF, 0xFE, 0x40, 0x07, 0xFF, 0xFF, 0xFF, 0xFF, 0xFF, 0xFC, 0x01, 0xFF, 0xFF, 0xFF, 0xFF,
    0xAF, 0xFF, 0xC0, 0x7F, 0xFA, 0xAA, 0xFF, 0xC0, 0x7F, 0xF4, 0x1F, 0xFC, 0x00, 0x7F, 0xF0, 0x0B,
    0xFE, 0x07, 0xFF, 0x00, 0x1F, 0xFC, 0x02, 0xFF, 0x81, 0xFF, 0xC0, 0x07, 0xFF, 0x00, 0xBF, 0xE0,
    0x7F, 0xF0, 0x01, 0xFF, 0xC0, 0x3F, 0xF4, 0xBF, 0xFE, 0x41, 0xFF, 0xF5, 0x7F, 0xF8, 0xBF, 0xFF,
    0xF1, 0xFF, 0xFF, 0xFF, 0xF8, 0x2F, 0xFF, 0xFC, 0x7F, 0xFF, 0xFF, 0x90, 0x00, 0x05, 0x56, 0x40,
    0x00, 0x00, 0x00, 0xFF, 0xFF, 0x00, 0x00, 0x00, 0x03, 0xFF, 0xFC, 0x00, 0x00, 0x00, 0x05, 0xFF,
    0xF0, 0x00, 0x00, 0x00, 0x02, 0xFF, 0xC0, 0x00, 0x00, 0x02, 0xFF, 0xFF, 0xFF, 0x00, 0x00, 0x0F,
    0xFF, 0xFF, 0xFC, 0x00, 0x00, 0x15, 0xBF, 0xF5, 0x50, 0x00, 0x00, 0x02, 0xFF, 0xC0, 0x59, 0x00,
    0x00, 0x0B, 0xFF, 0x1F, 0xFF, 0xC0, 0x00, 0x2F, 0xFD, 0xFF, 0xFF, 0xC0, 0x00, 0xBF, 0xFF, 0xFF,
    0xFF, 0x40, 0x02, 0xFF, 0xF4, 0x1F, 0xFF, 0x00, 0x0B, 0xFF, 0x40, 0x2F, 0xFC, 0x00, 0x2F, 0xFC,
    0x00, 0x7F, 0xF0, 0x00, 0xBF, 0xF0, 0x01, 0xFF, 0xC0, 0x02, 0xFF, 0xC0, 0x07, 0xFF, 0x00, 0x0B,
    0xFF, 0x00, 0x1F, 0xFC, 0x00, 0x2F, 0xFC, 0x00, 0x7F, 0xF0, 0x00, 0xBF, 0xF0, 0x01, 0xFF, 0xC0,
    0x02, 0xFF, 0xC0, 0x07, 0xFF, 0x00, 0x0B, 0xFF, 0x00, 0x1F, 0xFC, 0x00, 0x2F, 0xFC, 0x00, 0x7F,
    0xF0, 0x06, 0xFF, 0xF9, 0x07, 0xFF, 0xE4, 0x2F, 0xFF, 0xFC, 0x7F, 0xFF, 0xF0, 0xBF, 0xFF, 0xF1,
    0xFF, 0xFF, 0xC0, 0x00, 0x00, 0x00, 0xA0, 0x00, 0x00, 0x00, 0x00, 0xBF, 0x00, 0x00, 0x00, 0x00,
    0x7F, 0xC0, 0x00, 0x00, 0x00, 0x3F, 0xF0, 0x00, 0x00, 0x00, 0x2F, 0xF0, 0x00, 0x00, 0x00, 0x1F,
    0xD0, 0x00, 0x00, 0x00, 0x0F, 0xC0, 0x00, 0x00, 0x00, 0x01, 0x40, 0x00, 0x00, 0x00, 0x00, 0x00,
    0x00, 0x00, 0x00, 0x00, 0x00, 0x00, 0x50, 0x0B, 0xFF, 0xFF, 0x01, 0xFF, 0x82, 0xFF, 0xFF, 0xC0,
    0xFF, 0xF4, 0x1F, 0xFF, 0x40, 0xFF, 0xFD, 0x01, 0xFF, 0xC0, 0x3E, 0xFF, 0x00, 0x7F, 0xF0, 0x2F,
    0x0A, 0x00, 0x1F, 0xFC, 0x0F, 0x80, 0x00, 0x07, 0xFF, 0x0F, 0xC0, 0x00, 0x01, 0xFF, 0xEF, 0xC0,
    0x00, 0x00, 0x7F, 0xFF, 0xF9, 0x00, 0x00, 0x1F, 0xFE, 0xFF, 0xE0, 0x00, 0x07, 0xFF, 0x0F, 0xFE,
    0x00, 0x01, 0xFF, 0xC0, 0xFF, 0xC0, 0x00, 0x7F, 0xF0, 0x2F, 0xF8, 0x00, 0x1F, 0xFC, 0x07, 0xFF,
    0x40, 0x2F, 0xFF, 0x90, 0xFF, 0xFA, 0x2F, 0xFF, 0xFC, 0x0F, 0xFF, 0xCB, 0xFF, 0xFF, 0x01, 0xFF,
    0xE0, 0x00, 0x00, 0x00, 0x01, 0x00, 0x00, 0x01, 0x90, 0x00, 0x00, 0x00, 0x00, 0x3F, 0x40, 0x00,
    0x00, 0x00, 0x07, 0xFC, 0x00, 0x00, 0x00, 0x00, 0x3F, 0xE0, 0x00, 0x00, 0x00, 0x01, 0xFF, 0x40,
    0x00, 0x00, 0x00, 0x02, 0xFC, 0x00, 0x00, 0x00, 0x00, 0x07, 0xE0, 0x00, 0x00, 0x00, 0x00, 0x08,
    0x00, 0x00, 0x00, 0x00, 0x00, 0x00, 0x00, 0x00, 0x00, 0x00, 0x00, 0x00, 0x00, 0xBF, 0xFF, 0xE0,
    0xFF, 0xFF, 0xDB, 0xFF, 0xFE, 0x0F, 0xFF, 0xFD, 0x1F, 0xFF, 0x40, 0x6F, 0xFE, 0x40, 0xBF, 0xF0,
    0x00, 0xFF, 0xC0, 0x0B, 0xFF, 0x00, 0x1F, 0xFC, 0x00, 0xBF, 0xF0, 0x0B, 0xFF, 0xC0, 0x0B, 0xFF,
    0x03, 0xFF, 0xFC, 0x00, 0xBF, 0xF0, 0xFF, 0xFF, 0xC0, 0x0B, 0xFF, 0x7F, 0x8F, 0xFC, 0x00, 0xBF,
    0xFF, 0xD0, 0xFF, 0xC0, 0x0B, 0xFF, 0xF4, 0x0F, 0xFC, 0x00, 0xBF, 0xFC, 0x00, 0xFF, 0xC0, 0x0B,
    0xFF, 0x00, 0x0F, 0xFC, 0x00, 0xBF, 0xF0, 0x00, 0xFF, 0xC0, 0x6F, 0xFF, 0x90, 0x6F, 0xFF, 0x4B,
    0xFF, 0xFF, 0x0F, 0xFF, 0xFD, 0xBF, 0xFF, 0xF0, 0xFF, 0xFF, 0xD0, 0x00, 0x1A, 0x00, 0x0A, 0x40,
    0x00, 0x1F, 0xF0, 0x0F, 0xF0, 0x00, 0x0B, 0xFC, 0x03, 0xFD, 0x00, 0x02, 0xFE, 0x00, 0xFF, 0x40,
    0x00, 0x3F, 0x95, 0x7F, 0xC0, 0x00, 0x02, 0xFF, 0xFF, 0x80, 0x00, 0x00, 0x01, 0x54, 0x00, 0x00,
    0x00, 0x00, 0x00, 0x00, 0x00, 0x00, 0x00, 0x00, 0x00, 0x00, 0x1F, 0xFF, 0xFD, 0x0F, 0xFF, 0xD7,
    0xFF, 0xFF, 0x43, 0xFF, 0xF5, 0xBF, 0xFE, 0x40, 0xBF, 0xF8, 0x07, 0xFF, 0x00, 0x03, 0xF0, 0x00,
    0xFF, 0xD0, 0x01, 0xF4, 0x00, 0x2F, 0xFC, 0x00, 0xFC, 0x00, 0x03, 0xFF, 0x40, 0x3E, 0x00, 0x00,
    0xBF, 0xE0, 0x2F, 0x00, 0x00, 0x0F, 0xFC, 0x0F, 0xC0, 0x00, 0x02, 0xFF, 0x47, 0xD0, 0x00, 0x00,
    0x7F, 0xF3, 0xF0, 0x00, 0x00, 0x0F, 0xFE, 0xF8, 0x00, 0x00, 0x01, 0xFF, 0xFC, 0x00, 0x00, 0x00,
    0x3F, 0xFE, 0x00, 0x00, 0x00, 0x0B, 0xFF, 0x40, 0x00, 0x00, 0x00, 0xFF, 0xC0, 0x00, 0x00, 0x00,
    0x2F, 0xD0, 0x00, 0x00, 0x00, 0x07, 0xF0, 0x00, 0x00, 0x00, 0x02, 0xF8, 0x00, 0x00, 0x3F, 0x80,
    0xFC, 0x00, 0x00, 0x2F, 0xF0, 0xBE, 0x00, 0x00, 0x0B, 0xF8, 0x7F, 0x00, 0x00, 0x01, 0xFF, 0xFF,
    0x40, 0x00, 0x00, 0x3F, 0xFF, 0x40, 0x00, 0x00, 0x01, 0xA9, 0x00, 0x00, 0x00, 0x00, 0x00, 0x00,
    0x00, 0x00, 0x00, 0x07, 0xFF, 0xFF, 0x0F, 0xFF, 0xFD, 0xBF, 0xFF, 0xF0, 0xFF, 0xFF, 0xD1, 0xFF,
    0xF4, 0x06, 0xFF, 0xE4, 0x07, 0xFF, 0x00, 0x0F, 0xFC, 0x00, 0x7F, 0xF0, 0x00, 0xFF, 0xC0, 0x07,
    0xFF, 0x00, 0x0F, 0xFC, 0x00, 0x7F, 0xF0, 0x00, 0xFF, 0xC0, 0x07, 0xFF, 0x00, 0x0F, 0xFC, 0x00,
    0x7F, 0xF0, 0x00, 0xFF, 0xC0, 0x07, 0xFF, 0x00, 0x0F, 0xFC, 0x00, 0x7F, 0xF0, 0x00, 0xFF, 0xC0,
    0x07, 0xFF, 0x00, 0x0F, 0xFC, 0x00, 0x7F, 0xF0, 0x00, 0xFF, 0xC0, 0x07, 0xFF, 0x00, 0x0F, 0xFC,
    0x06, 0xFF, 0xFF, 0xFF, 0xFF, 0xF4, 0xBF, 0xFF, 0xFF, 0xFF, 0xFF, 0xDB, 0xFF, 0xFF, 0xFF, 0xFF,
    0xFD, 0x00, 0x00, 0x3F, 0xC0, 0x00, 0x00, 0x00, 0x03, 0xF8, 0x00, 0x00, 0x00, 0x00, 0x3F, 0x80,
    0x00, 0x00, 0x00, 0x02, 0xF4, 0x00, 0x00, 0x00, 0x00, 0x1F, 0x00, 0x00, 0x00, 0x00, 0x00, 0x50,
    0x00, 0x00, 0x00, 0x0A, 0xAA, 0xAA, 0x00, 0x00, 0x00, 0x01, 0xFF, 0xFF, 0xF0, 0x00, 0x00, 0x00,
    0x0F, 0xFF, 0xFF, 0x00, 0x00, 0x00, 0x00, 0x0F, 0xFF, 0x00, 0x00, 0x00, 0x05, 0x55, 0xFF, 0xF5,
    0x55, 0x40, 0x02, 0xFF, 0xFF, 0xFF, 0xFF, 0xFC, 0x00, 0x3F, 0xFF, 0xFF, 0xFF, 0xFF, 0xD0, 0x03,
    0xFF, 0x5F, 0xFF, 0x5B, 0xFE, 0x00, 0x3F, 0xC0, 0xFF, 0xF0, 0x0F, 0xF0, 0x07, 0xF4, 0x0F, 0xFF,
    0x00, 0x7A, 0x00, 0xBF, 0x00, 0xFF, 0xF0, 0x00, 0x00, 0x07, 0xE0, 0x0F, 0xFF, 0x00, 0x00, 0x00,
    0x00, 0x00, 0xFF, 0xFF, 0xFF, 0x90, 0x00, 0x00, 0x0F, 0xFF, 0xFF, 0xFF, 0xD0, 0x00, 0x00, 0xFF,
    0xFA, 0xBF, 0xFF, 0x40, 0x00, 0x0F, 0xFF, 0x00, 0x3F, 0xFC, 0x00, 0x00, 0xFF, 0xF0, 0x01, 0xFF,
    0xE0, 0x00, 0x0F, 0xFF, 0x00, 0x0F, 0xFE, 0x00, 0x00, 0xFF, 0xF0, 0x00, 0xFF, 0xE0, 0x00, 0x0F,
    0xFF, 0x00, 0x0F, 0xFE, 0x00, 0x00, 0xFF, 0xF0, 0x01, 0xFF, 0xD0, 0x00, 0x0F, 0xFF, 0x00, 0x7F,
    0xFC, 0x00, 0x0B, 0xFF, 0xFA, 0xBF, 0xFF, 0x00, 0x01, 0xFF, 0xFF, 0xFF, 0xFF, 0x80, 0x00, 0x1F,
    0xFF, 0xFF, 0xFE, 0x40, 0x00, 0x00, 0x05, 0x56, 0x40, 0x00, 0x00, 0x00, 0xFF, 0xFF, 0x00, 0x00,
    0x00, 0x03, 0xFF, 0xFC, 0x00, 0x00, 0x00, 0x06, 0xFF, 0xF0, 0x00, 0x00, 0x00, 0x02, 0xFF, 0xC0,
    0x00, 0x00, 0x00, 0x07, 0xFF, 0x00, 0x00, 0x00, 0x00, 0x1F, 0xFC, 0x00, 0x00, 0x00, 0x00, 0x7F,
    0xF0, 0x00, 0x00, 0x00, 0x02, 0xFF, 0xC0, 0x00, 0x00, 0x7F, 0xFF, 0xFF, 0xFF, 0xF8, 0x02, 0xFF,
    0xFF, 0xFF, 0xFF, 0xF0, 0x0B, 0xF4, 0xBF, 0xF0, 0x7F, 0xC0, 0x3F, 0x81, 0xFF, 0xC0, 0x3F, 0x00,
    0xFC, 0x07, 0xFF, 0x00, 0xFC, 0x03, 0xF0, 0x1F, 0xFC, 0x00, 0x00, 0x01, 0x40, 0x7F, 0xF5, 0x54,
    0x00, 0x00, 0x01, 0xFF, 0xFF, 0xFF, 0x40, 0x00, 0x07, 0xFF, 0xAB, 0xFF, 0x80, 0x00, 0x1F, 0xFC,
    0x07, 0xFF, 0x40, 0x00, 0x7F, 0xF0, 0x0F, 0xFE, 0x00, 0x01, 0xFF, 0xC0, 0x2F, 0xF8, 0x00, 0x07,
    0xFF, 0x00, 0xFF, 0xE0, 0x00, 0x2F, 0xFC, 0x03, 0xFF, 0x00, 0x02, 0xFF, 0xF5, 0xBF, 0xF8, 0x00,
    0x2F, 0xFF, 0xFF, 0xFF, 0x80, 0x00, 0xBF, 0xFF, 0xFF, 0x90, 0x00, 0x00, 0x05, 0x55, 0x55, 0x55,
    0x55, 0x55, 0x50, 0x00, 0x00, 0x0F, 0xFF, 0xFF, 0xFF, 0xFF, 0xFF, 0xF0, 0x00, 0x00, 0x0F, 0xFF,
    0xFF, 0xFF, 0xFF, 0xFF, 0xF0, 0x00, 0x00, 0x01, 0xBF, 0xFE, 0xAA, 0xAA, 0xFE, 0x40, 0x00, 0x00,
    0x00, 0x2F, 0xFC, 0x00, 0x03, 0xF8, 0x00, 0x00, 0x00, 0x00, 0x0F, 0xFF, 0x00, 0x0B, 0xF0, 0x00,
    0x00, 0x00, 0x00, 0x07, 0xFF, 0x40, 0x0F, 0xC0, 0x00, 0x00, 0x00, 0x00, 0x02, 0xFF, 0xC0, 0x3F,
    0x80, 0x00, 0x00, 0x00, 0x00, 0x00, 0xFF, 0xF0, 0x7F, 0x00, 0x00, 0x00, 0x00, 0x00, 0x00, 0x3F,
    0xF4, 0xFC, 0x00, 0x00, 0x00, 0x00, 0x00, 0x00, 0x1F, 0xFF, 0xF4, 0x00, 0x00, 0x00, 0x00, 0x00,
    0x06, 0xBF, 0xFF, 0xFF, 0x90, 0x00, 0x00, 0x00, 0x00, 0x7F, 0xFF, 0xFF, 0xFF, 0xFE, 0x00, 0x00,
    0x00, 0x02, 0xFF, 0xFF, 0xFF, 0xFF, 0xFF, 0xC0, 0x00, 0x00, 0x0B, 0xFF, 0x82, 0xFF, 0x82, 0xFF,
    0xE0, 0x00, 0x00, 0x0F, 0xFE, 0x02, 0xFF, 0x80, 0xBF, 0xF4, 0x00, 0x00, 0x2F, 0xFC, 0x02, 0xFF,
    0x80, 0x3F, 0xF8, 0x00, 0x00, 0x3F, 0xF8, 0x02, 0xFF, 0x80, 0x2F, 0xFC, 0x00, 0x00, 0xBF, 0xF0,
    0x02, 0xFF, 0x80, 0x1F, 0xFE, 0x00, 0x00, 0xFF, 0xF0, 0x02, 0xFF, 0x80, 0x0F, 0xFF, 0x00, 0x02,
    0xFF, 0xD0, 0x03, 0xFF, 0xC0, 0x07, 0xFF, 0x80, 0x7F, 0xFF, 0xC0, 0x6B, 0xFF, 0xE9, 0x03, 0xFF,
    0xFD, 0xBF, 0xFF, 0x40, 0xFF, 0xFF, 0xFF, 0x01, 0xFF, 0xFE, 0x2F, 0xFD, 0x00, 0xFF, 0xFF, 0xFF,
    0x00, 0x7F, 0xF8, 0x01, 0x50, 0x00, 0x00, 0x00, 0x00, 0x00, 0x05, 0x40, 0x00, 0x00, 0x00, 0x00,
    0x00, 0x00, 0x00, 0x00, 0x01, 0xFF, 0xFF, 0xFF, 0xFF, 0xFC, 0x00, 0x00, 0x2F, 0xFF, 0xFF, 0xFF,
    0xFF, 0xC0, 0x00, 0x01, 0xBF, 0xFE, 0xAA, 0xAF, 0xE4, 0x00, 0x00, 0x00, 0xBF, 0xE0, 0x03, 0xF0,
    0x00, 0x00, 0x00, 0x03, 0xFF, 0x40, 0xBC, 0x00, 0x00, 0x00, 0x00, 0x0F, 0xFC, 0x1F, 0x40, 0x00,
    0x00, 0x00, 0x00, 0x7F, 0xE3, 0xE0, 0x00, 0x00, 0x00, 0x00, 0x07, 0xFF, 0xFD, 0x00, 0x00, 0x00,
    0x00, 0x2F, 0xFF, 0xFF, 0xFF, 0x80, 0x00, 0x00, 0x1F, 0xFE, 0xFF, 0xFB, 0xFF, 0x40, 0x00, 0x03,
    0xFF, 0x4B, 0xFE, 0x0F, 0xFC, 0x00, 0x00, 0xBF, 0xE0, 0xBF, 0xE0, 0xBF, 0xE0, 0x00, 0x0F, 0xFC,
    0x0B, 0xFE, 0x03, 0xFF, 0x00, 0x03, 0xFF, 0x80, 0xBF, 0xE0, 0x2F, 0xFC, 0x06, 0xBF, 0xF0, 0x2F,
    0xFF, 0x80, 0xFF, 0xF9, 0xBF, 0xFE, 0x0B, 0xFF, 0xFE, 0x0B, 0xFF, 0xE2, 0xFF, 0x80, 0xBF, 0xFF,
    0xE0, 0x2F, 0xFC, 0x00, 0x00, 0x00, 0x00, 0x00, 0x00, 0x00, 0x00, 0x00, 0x00, 0x00, 0x00, 0x00,
    0x00, 0x00, 0x00, 0x0F, 0xD0, 0x00, 0x00, 0x00, 0x3F, 0x40, 0x00, 0x00, 0x02, 0xFC, 0x00, 0x00,
    0x00, 0x0F, 0xF0, 0x55, 0x55, 0x55, 0xFF, 0xC7, 0xFF, 0xFF, 0xFF, 0xFE, 0x1F, 0xFF, 0xFF, 0xFF,
    0xF8, 0x07, 0xFF, 0xD5, 0x55, 0x40, 0x0F, 0xFE, 0x00, 0x00, 0x00, 0x3F, 0xF8, 0x00, 0x00, 0x00,
    0xFF, 0xE0, 0x00, 0x00, 0x03, 0xFF, 0x80, 0x00, 0x00, 0x0F, 0xFE, 0x00, 0x00, 0x00, 0x3F, 0xF8,
    0x00, 0x00, 0x00, 0xFF, 0xE0, 0x00, 0x00, 0x03, 0xFF, 0x80, 0x00, 0x00, 0x0F, 0xFE, 0x00, 0x00,
    0x00, 0x3F, 0xF8, 0x00, 0x00, 0x00, 0xFF, 0xE0, 0x00, 0x00, 0x03, 0xFF, 0x80, 0x00, 0x00, 0x0F,
    0xFE, 0x00, 0x00, 0x00, 0x3F, 0xF8, 0x00, 0x00, 0x00, 0xFF, 0xE0, 0x00, 0x00, 0x03, 0xFF, 0x80,
    0x00, 0x00, 0x0F, 0xFF, 0x00, 0x00, 0x02, 0xFF, 0xFE, 0x80, 0x00, 0x1F, 0xFF, 0xFF, 0x80, 0x00,
    0x7F, 0xFF, 0xFE, 0x00, 0x00, 0x00, 0x00, 0x00, 0x10, 0x00, 0x00, 0x00, 0xBD, 0x00, 0x00, 0x00,
    0xFC, 0x00, 0x00, 0x01, 0xFC, 0x00, 0x00, 0x07, 0xFC, 0xBF, 0xFF, 0xFF, 0xFC, 0xBF, 0xFF, 0xFF,
    0xF8, 0x1F, 0xFF, 0x00, 0x00, 0x07, 0xFF, 0x00, 0x00, 0x07, 0xFF, 0x00, 0x00, 0x07, 0xFF, 0x00,
    0x00, 0x07, 0xFF, 0x00, 0x00, 0x07, 0xFF, 0x00, 0x00, 0x07, 0xFF, 0x00, 0x00, 0x07, 0xFF, 0x00,
    0x00, 0x07, 0xFF, 0x00, 0x00, 0x07, 0xFF, 0x00, 0x00, 0x07, 0xFF, 0x00, 0x00, 0x07, 0xFF, 0x00,
    0x00, 0x2F, 0xFF, 0xA4, 0x00, 0xBF, 0xFF, 0xFC, 0x00, 0xBF, 0xFF, 0xFC, 0x00, 0x15, 0x55, 0x55,
    0x55, 0x50, 0xFF, 0xFF, 0xFF, 0xFF, 0xC3, 0xFF, 0xFF, 0xFF, 0xFF, 0x01, 0xFF, 0xF5, 0x5F, 0xFC,
    0x03, 0xFF, 0xC0, 0x0B, 0xF4, 0x0F, 0xFF, 0x00, 0x0F, 0xE0, 0x3F, 0xFC, 0x00, 0x2F, 0x80, 0xFF,
    0xF0, 0x00, 0x79, 0x03, 0xFF, 0xC0, 0x00, 0x00, 0x0F, 0xFF, 0x00, 0x00, 0x01, 0x7F, 0xFD, 0x54,
    0x00, 0x0F, 0xFF, 0xFF, 0xF0, 0x00, 0x3F, 0xFF, 0xFF, 0xC0, 0x00, 0xAF, 0xFF, 0xAA, 0x00, 0x00,
    0x3F, 0xFC, 0x00, 0x00, 0x00, 0xFF, 0xF0, 0x00, 0x00, 0x03, 0xFF, 0xC0, 0x00, 0x00, 0x0F, 0xFF,
    0x00, 0x00, 0x00, 0x3F, 0xFC, 0x00, 0x00, 0x00, 0xFF, 0xF0, 0x00, 0x00, 0x03, 0xFF, 0xC0, 0x00,
    0x00, 0xAF, 0xFF, 0xE0, 0x00, 0x03, 0xFF, 0xFF, 0xE0, 0x00, 0x0F, 0xFF, 0xFF, 0x80, 0x00, 0x00,
    0x00, 0x00, 0x00, 0x0F, 0xFF, 0xFF, 0xFF, 0x47, 0xFF, 0xFF, 0xFF, 0xE0, 0x6F, 0xFD, 0x07, 0xF8,
    0x03, 0xFF, 0x40, 0xBF, 0x00, 0xFF, 0xD0, 0x1F, 0xC0, 0x3F, 0xF4, 0x03, 0xF0, 0x0F, 0xFD, 0x00,
    0x50, 0x2B, 0xFF, 0xE8, 0x00, 0x1F, 0xFF, 0xFF, 0x40, 0x07, 0xFF, 0xFF, 0xC0, 0x00, 0x0F, 0xFD,
    0x00, 0x00, 0x03, 0xFF, 0x40, 0x00, 0x00, 0xFF, 0xD0, 0x00, 0x00, 0x3F, 0xF4, 0x00, 0x00, 0x7F,
    0xFF, 0x90, 0x00, 0x3F, 0xFF, 0xFC, 0x00, 0x0F, 0xFF, 0xFF, 0x00, 0x00, 0x01, 0xA4, 0x00, 0x15,
    0x55, 0x55, 0x00, 0x06, 0xA0, 0x00, 0xFF, 0xF0, 0x02, 0xFF, 0xFF, 0xF0, 0x02, 0xFF, 0xD0, 0x1F,
    0xFF, 0xC0, 0x2F, 0xFF, 0xFF, 0x00, 0xBF, 0xFF, 0x02, 0xFF, 0xFD, 0x00, 0x2F, 0xFF, 0x40, 0x0F,
    0xFF, 0xF0, 0x0F, 0xFF, 0xF0, 0x00, 0xFF, 0xD0, 0x02, 0xFF, 0xFE, 0x00, 0x7E, 0x3F, 0x00, 0x0F,
    0xFD, 0x00, 0x3F, 0x5F, 0xC0, 0x00, 0x02, 0xF4, 0x00, 0xFF, 0xD0, 0x03, 0xF0, 0x00, 0x00, 0x00,
    0x1F, 0xC0, 0x0F, 0xFD, 0x00, 0xBE, 0x00, 0x00, 0x00, 0x00, 0xFD, 0x00, 0xFF, 0xD0, 0x0F, 0xC0,
    0x00, 0x00, 0x00, 0x07, 0xF0, 0x0F, 0xFD, 0x03, 0xF8, 0x00, 0x00, 0x00, 0x00, 0x3F, 0xE5, 0xFF,
    0xE6, 0xFF, 0x00, 0x00, 0x00, 0x00, 0x00, 0xBF, 0xFF, 0xFF, 0xFF, 0xC0, 0x00, 0x00, 0x00, 0x00,
    0x2F, 0xFF, 0xFF, 0xFF, 0xFE, 0x40, 0x00, 0x00, 0x00, 0x1F, 0xFF, 0xAF, 0xFE, 0xAF, 0xFE, 0x00,
    0x00, 0x00, 0x03, 0xFF, 0x80, 0xFF, 0xD0, 0x7F, 0xF4, 0x00, 0x00, 0x00, 0xFF, 0xF0, 0x0F, 0xFD,
    0x02, 0xFF, 0xC0, 0x00, 0x00, 0x1F, 0xFD, 0x00, 0xFF, 0xD0, 0x1F, 0xFE, 0x00, 0x00, 0x03, 0xFF,
    0xC0, 0x0F, 0xFD, 0x00, 0xFF, 0xF0, 0x00, 0x00, 0x3F, 0xF8, 0x00, 0xFF, 0xD0, 0x07, 0xFF, 0x40,
    0x00, 0x0B, 0xFF, 0x40, 0x0F, 0xFD, 0x00, 0x3F, 0xFC, 0x00, 0x01, 0xFF, 0xF0, 0x01, 0xFF, 0xD0,
    0x02, 0xFF, 0xD0, 0x03, 0xFF, 0xFD, 0x01, 0xBF, 0xFF, 0x90, 0x1F, 0xFF, 0xBD, 0x7F, 0xFF, 0xC0,
    0x2F, 0xFF, 0xFF, 0x00, 0xFF, 0xFF, 0xD2, 0xFF, 0xF0, 0x02, 0xFF, 0xFF, 0xF0, 0x03, 0xFF, 0xFD,
    0x01, 0x50, 0x00, 0x00, 0x00, 0x00, 0x00, 0x05, 0x0F, 0xD0, 0x00, 0x00, 0x00, 0x00, 0x00, 0x00,
    0x00, 0x00, 0xFD, 0x00, 0x00, 0x00, 0x00, 0x00, 0x00, 0x00, 0x00, 0x0B, 0xD0, 0x00, 0x00, 0x00,
    0x00, 0x00, 0x00, 0x00, 0x00, 0x7D, 0x00, 0x00, 0x00, 0x00, 0x00, 0x00, 0x00, 0x00, 0x07, 0xD0,
    0x00, 0x00, 0x00, 0x00, 0x00, 0x00, 0x00, 0x00, 0x00, 0x01, 0x40, 0x00, 0x00, 0x00, 0x00, 0x05,
    0x00, 0x0F, 0xF8, 0x07, 0xFF, 0xFF, 0x00, 0xFF, 0xC0, 0x2F, 0xFE, 0x07, 0xFF, 0xFF, 0x03, 0xFF,
    0xE0, 0x2F, 0xFF, 0x41, 0xFF, 0xF8, 0x07, 0xFF, 0xE0, 0x1F, 0xDF, 0xC0, 0x7F, 0xF0, 0x0F, 0xAF,
    0xC0, 0x06, 0x47, 0xC0, 0x3F, 0xF0, 0x1F, 0x06, 0x00, 0x00, 0x03, 0xE0, 0x3F, 0xF0, 0x3E, 0x00,
    0x00, 0x00, 0x01, 0xF4, 0x3F, 0xF0, 0x7D, 0x00, 0x00, 0x00, 0x00, 0xBE, 0xBF, 0xFB, 0xF8, 0x00,
    0x00, 0x00, 0x02, 0xFF, 0xFF, 0xFF, 0xFD, 0x00, 0x00, 0x00, 0x1F, 0xFE, 0xBF, 0xFA, 0xFF, 0xC0,
    0x00, 0x00, 0x3F, 0xF4, 0x3F, 0xF0, 0x7F, 0xF0, 0x00, 0x00, 0xBF, 0xE0, 0x3F, 0xF0, 0x3F, 0xF4,
    0x00, 0x00, 0xFF, 0xD0, 0x3F, 0xF0, 0x1F, 0xFC, 0x00, 0x02, 0xFF, 0xC0, 0x7F, 0xF0, 0x0F, 0xFD,
    0x00, 0x2B, 0xFF, 0x41, 0xFF, 0xF9, 0x0B, 0xFF, 0x68, 0x7F, 0xFF, 0x07, 0xFF, 0xFF, 0x03, 0xFF,
    0xFC, 0x2F, 0xF8, 0x07, 0xFF, 0xFF, 0x01, 0xFF, 0xFC, 0x00, 0x00, 0x00, 0x00, 0x00, 0x00, 0x00,
    0xFC, 0x00, 0x00, 0x00, 0x00, 0x00, 0x00, 0x00, 0xFC, 0x00, 0x00, 0x00, 0x00, 0x00, 0x00, 0x00,
    0xFC, 0x00, 0x00, 0x00, 0x00, 0x00, 0x00, 0x00, 0xBC, 0x00, 0x00, 0x00, 0x00, 0x00, 0x00, 0x00,
    0xBC, 0x00, 0x00, 0x00, 0x00, 0x00, 0x00, 0x00, 0x10, 0x15, 0x55, 0x54, 0x00, 0x06, 0x90, 0x1F,
    0xFF, 0xFF, 0x40, 0x0F, 0xFF, 0x07, 0xFF, 0xFF, 0xD0, 0x0F, 0xFF, 0xD0, 0x1F, 0xFF, 0x40, 0x07,
    0xFF, 0xF4, 0x03, 0xFF, 0xC0, 0x03, 0xFF, 0xFC, 0x00, 0xFF, 0xF0, 0x01, 0xFC, 0xBD, 0x00, 0x3F,
    0xFC, 0x00, 0xBE, 0x00, 0x00, 0x0F, 0xFF, 0x00, 0x3F, 0x00, 0x00, 0x03, 0xFF, 0xC0, 0x2F, 0xC0,
    0x00, 0x00, 0xFF, 0xF0, 0x1F, 0xC0, 0x00, 0x00, 0x3F, 0xFD, 0x6F, 0xD0, 0x00, 0x00, 0x0F, 0xFF,
    0xFF, 0xD0, 0x00, 0x00, 0x03, 0xFF, 0xFF, 0xFE, 0x00, 0x00, 0x00, 0xFF, 0xFA, 0xFF, 0xF0, 0x00,
    0x00, 0x3F, 0xFC, 0x0F, 0xFF, 0x00, 0x00, 0x0F, 0xFF, 0x00, 0xFF, 0xE0, 0x00, 0x03, 0xFF, 0xC0,
    0x2F, 0xFC, 0x00, 0x00, 0xFF, 0xF0, 0x07, 0xFF, 0x80, 0x00, 0x3F, 0xFC, 0x00, 0xFF, 0xF0, 0x00,
    0x0F, 0xFF, 0x00, 0x2F, 0xFD, 0x00, 0x03, 0xFF, 0xC0, 0x03, 0xFF, 0xC0, 0x0A, 0xFF, 0xFE, 0x00,
    0xBF, 0xFE, 0xE7, 0xFF, 0xFF, 0xD0, 0x0F, 0xFF, 0xF9, 0xFF, 0xFF, 0xF4, 0x01, 0xFF, 0xFE, 0x00,
    0x00, 0x00, 0x00, 0x05, 0x2F, 0x80, 0x00, 0x00, 0x00, 0x00, 0x07, 0xE0, 0x00, 0x00, 0x00, 0x00,
    0x00, 0xF8, 0x00, 0x00, 0x00, 0x00, 0x00, 0x3E, 0x00, 0x00, 0x00, 0x00, 0x00, 0x0F, 0x80, 0x00,
    0x00, 0x00, 0x00, 0x00, 0x00, 0x00, 0x00, 0x00, 0x01, 0x40, 0x2F, 0xFF, 0xFC, 0x07, 0xFE, 0x0B,
    0xFF, 0xFF, 0x03, 0xFF, 0xD0, 0x7F, 0xFD, 0x03, 0xFF, 0xF4, 0x07, 0xFF, 0x00, 0xF7, 0xFC, 0x01,
    0xFF, 0xC0, 0xBC, 0x28, 0x00, 0x7F, 0xF0, 0x3D, 0x00, 0x00, 0x1F, 0xFC, 0x3F, 0x00, 0x00, 0x07,
    0xFF, 0xBF, 0x00, 0x00, 0x01, 0xFF, 0xFF, 0xE4, 0x00, 0x00, 0x7F, 0xFB, 0xFF, 0xC0, 0x00, 0x1F,
    0xFC, 0x3F, 0xF8, 0x00, 0x07, 0xFF, 0x03, 0xFF, 0x00, 0x01, 0xFF, 0xC0, 0xBF, 0xE0, 0x00, 0x7F,
    0xF0, 0x0F, 0xFC, 0x00, 0xBF, 0xFE, 0x42, 0xFF, 0xDA, 0xBF, 0xFF, 0xF0, 0x3F, 0xFF, 0xEF, 0xFF,
    0xFC, 0x07, 0xFF, 0xF0, 0x00, 0x00, 0x00, 0x00, 0xFC, 0x00, 0x00, 0x00, 0x00, 0x3F, 0x00, 0x00,
    0x00, 0x00, 0x0F, 0xC0, 0x00, 0x00, 0x00, 0x03, 0xF0, 0x00, 0x00, 0x00, 0x00, 0xBC, 0x00, 0x00,
    0x00, 0x00, 0x14, 0x15, 0x55, 0x54, 0x01, 0x55, 0x55, 0x41, 0xFF, 0xFF, 0xF0, 0x0F, 0xFF, 0xFF,
    0x47, 0xFF, 0xFF, 0xC0, 0x3F, 0xFF, 0xFD, 0x01, 0xFF, 0xF4, 0x00, 0x1F, 0xFF, 0x80, 0x03, 0xFF,
    0xC0, 0x00, 0x2F, 0xFC, 0x00, 0x0F, 0xFE, 0x00, 0x00, 0xBF, 0xF0, 0x00, 0x3F, 0xF8, 0x00, 0x02,
    0xFF, 0xC0, 0x00, 0xFF, 0xE0, 0x00, 0x0B, 0xFF, 0x00, 0x03, 0xFF, 0x80, 0x00, 0x2F, 0xFC, 0x00,
    0x0F, 0xFE, 0x00, 0x00, 0xBF, 0xF0, 0x00, 0x3F, 0xFE, 0xAA, 0xAB, 0xFF, 0xC0, 0x00, 0xFF, 0xFF,
    0xFF, 0xFF, 0xFF, 0x00, 0x03, 0xFF, 0xFF, 0xFF, 0xFF, 0xFC, 0x00, 0x0F, 0xFF, 0xAA, 0xAA, 0xFF,
    0xF0, 0x00, 0x3F, 0xF8, 0x00, 0x02, 0xFF, 0xC0, 0x00, 0xFF, 0xE0, 0x00, 0x0B, 0xFF, 0x00, 0x03,
    0xFF, 0x80, 0x00, 0x2F, 0xFC, 0x00, 0x0F, 0xFE, 0x00, 0x00, 0xBF, 0xF0, 0x00, 0x3F, 0xF8, 0x00,
    0x02, 0xFF, 0xC0, 0x00, 0xFF, 0xE0, 0x00, 0x0B, 0xFF, 0x00, 0x03, 0xFF, 0xC0, 0x00, 0x2F, 0xFC,
    0x00, 0xBF, 0xFF, 0x90, 0x06, 0xFF, 0xFF, 0xF7, 0xFF, 0xFF, 0xC0, 0x3F, 0xFF, 0xFF, 0xDF, 0xFF,
    0xFF, 0x00, 0xFF, 0xFF, 0xFF, 0x00, 0x00, 0x00, 0x00, 0x00, 0x07, 0xFC, 0x00, 0x00, 0x00, 0x00,
    0x00, 0x0F, 0xF0, 0x00, 0x00, 0x00, 0x00, 0x00, 0x1F, 0xC0, 0x00, 0x00, 0x00, 0x00, 0x00, 0x7F,
    0x00, 0x00, 0x00, 0x00, 0x00, 0x00, 0xA4, 0x00, 0x00, 0x00, 0x00, 0x00, 0x02, 0xFF, 0xFF, 0xC3,
    0xFF, 0xFF, 0x4B, 0xFF, 0xFF, 0x0F, 0xFF, 0xFD, 0x07, 0xFF, 0xD0, 0x1B, 0xFF, 0x90, 0x07, 0xFF,
    0x00, 0x0F, 0xFC, 0x00, 0x1F, 0xFC, 0x00, 0x3F, 0xF0, 0x00, 0x7F, 0xF0, 0x00, 0xFF, 0xC0, 0x01,
    0xFF, 0xC0, 0x07, 0xFF, 0x00, 0x07, 0xFF, 0xFF, 0xFF, 0xFC, 0x00, 0x1F, 0xFF, 0xFF, 0xFF, 0xF0,
    0x00, 0x7F, 0xFA, 0xAA, 0xFF, 0xC0, 0x01, 0xFF, 0xC0, 0x03, 0xFF, 0x00, 0x07, 0xFF, 0x00, 0x0F,
    0xFC, 0x00, 0x1F, 0xFC, 0x00, 0x3F, 0xF0, 0x00, 0x7F, 0xF0, 0x00, 0xFF, 0xC0, 0x0B, 0xFF, 0xE4,
    0x1F, 0xFF, 0xFE, 0xBF, 0xFF, 0xF0, 0xFF, 0xFF, 0xFE, 0xFF, 0xFF, 0xC3, 0xFF, 0xFF, 0xF0, 0x00,
    0x00, 0x00, 0x00, 0x7F, 0xC0, 0x00, 0x00, 0x00, 0x00, 0xBF, 0x00, 0x00, 0x00, 0x00, 0x01, 0xFC,
    0x00, 0x00, 0x00, 0x00, 0x03, 0xF0, 0x00, 0x00, 0x00, 0x00, 0x0F, 0xC0, 0x00, 0x00, 0x00, 0x00,
    0x10, 0x15, 0x55, 0x54, 0x01, 0x55, 0x55, 0x2F, 0xFF, 0xFF, 0x40, 0xBF, 0xFF, 0xEB, 0xFF, 0xFF,
    0xD0, 0x2F, 0xFF, 0xF8, 0x6F, 0xFF, 0x40, 0x00, 0xBF, 0xD0, 0x02, 0xFF, 0xC0, 0x00, 0x1F, 0xD0,
    0x00, 0x3F, 0xF8, 0x00, 0x0B, 0xE0, 0x00, 0x07, 0xFF, 0x40, 0x07, 0xF0, 0x00, 0x00, 0xFF, 0xF0,
    0x03, 0xF8, 0x00, 0x00, 0x1F, 0xFE, 0x02, 0xFC, 0x00, 0x00, 0x02, 0xFF, 0xC0, 0xFD, 0x00, 0x00,
    0x00, 0x3F, 0xF8, 0xBF, 0x00, 0x00, 0x00, 0x07, 0xFF, 0xBF, 0x00, 0x00, 0x00, 0x00, 0xFF, 0xFF,
    0x80, 0x00, 0x00, 0x00, 0x1F, 0xFF, 0xC0, 0x00, 0x00, 0x00, 0x02, 0xFF, 0xD0, 0x00, 0x00, 0x00,
    0x00, 0x7F, 0xF0, 0x00, 0x00, 0x00, 0x00, 0x1F, 0xFC, 0x00, 0x00, 0x00, 0x00, 0x07, 0xFF, 0x00,
    0x00, 0x00, 0x00, 0x01, 0xFF, 0xC0, 0x00, 0x00, 0x00, 0x00, 0x7F, 0xF0, 0x00, 0x00, 0x00, 0x00,
    0x1F, 0xFC, 0x00, 0x00, 0x00, 0x00, 0x6F, 0xFF, 0xE4, 0x00, 0x00, 0x00, 0x7F, 0xFF, 0xFF, 0x00,
    0x00, 0x00, 0x1F, 0xFF, 0xFF, 0xC0, 0x00, 0x00, 0x00, 0x00, 0x00, 0x00, 0x2F, 0xFF, 0xFC, 0x0F,
    0xFF, 0xCF, 0xFF, 0xFF, 0x07, 0xFF, 0xF2, 0xFF, 0xFE, 0x40, 0xBF, 0xF8, 0x0B, 0xFF, 0x00, 0x07,
    0xF0, 0x01, 0xFF, 0xC0, 0x02, 0xF4, 0x00, 0x3F, 0xF8, 0x00, 0xFC, 0x00, 0x0B, 0xFF, 0x00, 0x7E,
    0x00, 0x00, 0xFF, 0xD0, 0x2F, 0x40, 0x00, 0x2F, 0xF8, 0x0F, 0xC0, 0x00, 0x07, 0xFF, 0x07, 0xE0,
    0x00, 0x00, 0xFF, 0xD2, 0xF4, 0x00, 0x00, 0x2F, 0xFC, 0xFC, 0x00, 0x00, 0x03, 0xFF, 0xBE, 0x00,
    0x00, 0x00, 0xFF, 0xFF, 0x00, 0x00, 0x00, 0x1F, 0xFF, 0xC0, 0x00, 0x00, 0x03, 0xFF, 0xD0, 0x00,
    0x00, 0x00, 0xBF, 0xF0, 0x00, 0x00, 0x00, 0x1F, 0xFC, 0x00, 0x00, 0x00, 0x07, 0xFF, 0x00, 0x00,
    0x00, 0x01, 0xFF, 0xC0, 0x00, 0x00, 0x00, 0x7F, 0xF0, 0x00, 0x00, 0x00, 0x7F, 0xFD, 0x00, 0x00,
    0x00, 0xFF, 0xFF, 0xF0, 0x00, 0x00, 0x3F, 0xFF, 0xFC, 0x00, 0x00, 0x05, 0x55, 0x55, 0x00, 0x00,
    0x55, 0x55, 0x54, 0x01, 0x55, 0x55, 0x2F, 0xFF, 0xFF, 0x40, 0xBF, 0xFF, 0xDB, 0xFF, 0xFF, 0xD0,
    0x2F, 0xFF, 0xF4, 0x6F, 0xFF, 0x40, 0x00, 0xBF, 0xD0, 0x02, 0xFF, 0xC0, 0x00, 0x1F, 0xD0, 0x00,
    0x3F, 0xF8, 0x00, 0x0F, 0xE0, 0x00, 0x0B, 0xFF, 0x40, 0x07, 0xF0, 0x00, 0x00, 0xFF, 0xF0, 0x03,
    0xF4, 0x00, 0x00, 0x1F, 0xFD, 0x02, 0xFC, 0x00, 0x00, 0x02, 0xFF, 0xC0, 0xFD, 0x00, 0x00, 0x00,
    0x3F, 0xF8, 0xFE, 0x00, 0x00, 0x00, 0x07, 0xFF, 0xBF, 0x00, 0x00, 0x00, 0x00, 0xFF, 0xFF, 0x80,
    0x00, 0x00, 0x00, 0x1F, 0xFF, 0xC0, 0x00, 0x00, 0x00, 0x02, 0xFF, 0xD0, 0x00, 0x00, 0x00, 0x00,
    0x7F, 0xF0, 0x00, 0x00, 0x00, 0x06, 0xAF, 0xFE, 0xA4, 0x00, 0x00, 0x02, 0xFF, 0xFF, 0xFE, 0x00,
    0x00, 0x00, 0xFF, 0xFF, 0xFF, 0x80, 0x00, 0x00, 0x00, 0x7F, 0xF0, 0x00, 0x00, 0x00, 0x00, 0x1F,
    0xFC, 0x00, 0x00, 0x00, 0x01, 0xAF, 0xFF, 0xE4, 0x00, 0x00, 0x00, 0xFF, 0xFF, 0xFF, 0x80, 0x00,
    0x00, 0x3F, 0xFF, 0xFF, 0xE0, 0x00, 0x00, 0x00, 0x00, 0x00, 0x00, 0x2F, 0xFF, 0xFC, 0x0F, 0xFF,
    0xCF, 0xFF, 0xFF, 0x07, 0xFF, 0xF2, 0xFF, 0xFE, 0x40, 0xBF, 0xF8, 0x0B, 0xFF, 0x00, 0x07, 0xF0,
    0x01, 0xFF, 0xC0, 0x02, 0xF4, 0x00, 0x3F, 0xF8, 0x00, 0xFC, 0x00, 0x0B, 0xFF, 0x00, 0x7E, 0x00,
    0x00, 0xFF, 0xD0, 0x2F, 0x40, 0x00, 0x3F, 0xF8, 0x0F, 0xC0, 0x00, 0x07, 0xFF, 0x07, 0xE0, 0x00,
    0x00, 0xFF, 0xD2, 0xF4, 0x00, 0x00, 0x2F, 0xFC, 0xFC, 0x00, 0x00, 0x03, 0xFF, 0xBE, 0x00, 0x00,
    0x00, 0xFF, 0xFF, 0x00, 0x00, 0x00, 0x1F, 0xFF, 0xC0, 0x00, 0x00, 0x03, 0xFF, 0xD0, 0x00, 0x00,
    0x00, 0xBF, 0xF0, 0x00, 0x00, 0x00, 0x2F, 0xFC, 0x00, 0x00, 0x02, 0xFF, 0xFF, 0xFD, 0x00, 0x00,
    0xBF, 0xFF, 0xFF, 0x00, 0x00, 0x00, 0x7F, 0xF0, 0x00, 0x00, 0x00, 0x7F, 0xFD, 0x00, 0x00, 0x00,
    0xFF, 0xFF, 0xF0, 0x00, 0x00, 0x3F, 0xFF, 0xFC, 0x00, 0x00, 0x05, 0x55, 0x55, 0x00, 0x00, 0x15,
    0x55, 0x54, 0x00, 0x00, 0x00, 0x07, 0xFF, 0xFF, 0xD0, 0x00, 0x00, 0x00, 0x7F, 0xFF, 0xFD, 0x00,
    0x00, 0x00, 0x00, 0x7F, 0xFD, 0x00, 0x00, 0x00, 0x00, 0x03, 0xFF, 0xC0, 0x00, 0x00, 0x00, 0x00,
    0x3F, 0xFC, 0x00, 0x00, 0x00, 0x00, 0x03, 0xFF, 0xC0, 0x00, 0x00, 0x00, 0x00, 0x3F, 0xFC, 0x00,
    0x00, 0x00, 0x00, 0x03, 0xFF, 0xC0, 0x15, 0x40, 0x00, 0x00, 0x3F, 0xFC, 0x7F, 0xFF, 0xD0, 0x00,
    0x03, 0xFF, 0xFF, 0xFF, 0xFF, 0xC0, 0x00, 0x3F, 0xFF, 0xFF, 0xFF, 0xFF, 0x00, 0x03, 0xFF, 0xF9,
    0x01, 0xFF, 0xF4, 0x00, 0x3F, 0xFC, 0x00, 0x03, 0xFF, 0xC0, 0x03, 0xFF, 0xC0, 0x00, 0x2F, 0xFC,
    0x00, 0x3F, 0xFC, 0x00, 0x01, 0xFF, 0xC0, 0x03, 0xFF, 0xC0, 0x00, 0x1F, 0xFC, 0x00, 0x3F, 0xFC,
    0x00, 0x01, 0xFF, 0xC0, 0x03, 0xFF, 0xC0, 0x00, 0x1F, 0xFC, 0x00, 0x3F, 0xFC, 0x00, 0x01, 0xFF,
    0xC0, 0x03, 0xFF, 0xC0, 0x00, 0x1F, 0xFD, 0x02, 0xFF, 0xFF, 0x80, 0x1B, 0xFF, 0xF9, 0x3F, 0xFF,
    0xFD, 0x03, 0xFF, 0xFF, 0xE3, 0xFF, 0xFF, 0xD0, 0x3F, 0xFF, 0xFE, 0x05, 0x56, 0x40, 0x00, 0x00,
    0x00, 0xFF, 0xFF, 0x00, 0x00, 0x00, 0x03, 0xFF, 0xFC, 0x00, 0x00, 0x00, 0x06, 0xFF, 0xF0, 0x00,
    0x00, 0x00, 0x02, 0xFF, 0xC0, 0x00, 0x00, 0x00, 0x0B, 0xFF, 0x00, 0x00, 0x00, 0x00, 0x2F, 0xFC,
    0x00, 0x00, 0x00, 0x00, 0xBF, 0xF0, 0x00, 0x00, 0x00, 0x02, 0xFF, 0xC0, 0x59, 0x00, 0x00, 0x0B,
    0xFF, 0x1F, 0xFF, 0xC0, 0x00, 0x2F, 0xFD, 0xFF, 0xFF, 0xC0, 0x00, 0xBF, 0xFF, 0xFF, 0xFF, 0x40,
    0x02, 0xFF, 0xF4, 0x1F, 0xFF, 0x00, 0x0B, 0xFF, 0x40, 0x2F, 0xFC, 0x00, 0x2F, 0xFC, 0x00, 0x7F,
    0xF0, 0x00, 0xBF, 0xF0, 0x01, 0xFF, 0xC0, 0x02, 0xFF, 0xC0, 0x07, 0xFF, 0x00, 0x0B, 0xFF, 0x00,
    0x1F, 0xFC, 0x00, 0x2F, 0xFC, 0x00, 0x7F, 0xF0, 0x00, 0xBF, 0xF0, 0x01, 0xFF, 0xC0, 0x02, 0xFF,
    0xC0, 0x07, 0xFF, 0x00, 0x0B, 0xFF, 0x00, 0x1F, 0xFC, 0x00, 0x2F, 0xFC, 0x00, 0x7F, 0xF0, 0x06,
    0xFF, 0xF9, 0x07, 0xFF, 0xE4, 0x2F, 0xFF, 0xFC, 0x7F, 0xFF, 0xF0, 0xBF, 0xFF, 0xF1, 0xFF, 0xFF,
    0xC0, 0x0A, 0x80, 0x6F, 0xE4, 0x00, 0x00, 0xFC, 0xBF, 0xFF, 0xF8, 0x00, 0x0F, 0xFF, 0xFF, 0xFF,
    0xF4, 0x00, 0xFF, 0xF5, 0x6F, 0xFF, 0xC0, 0x0B, 0xF8, 0x00, 0x2F, 0xFF, 0x00, 0xBE, 0x00, 0x00,
    0xBF, 0xF4, 0x0B, 0xC0, 0x00, 0x03, 0xFF, 0xC0, 0x7C, 0x00, 0x00, 0x2F, 0xFC, 0x01, 0x40, 0x00,
    0x01, 0xFF, 0xD0, 0x00, 0x00, 0x00, 0x0F, 0xFE, 0x00, 0x00, 0x00, 0x00, 0xFF, 0xE2, 0xAA, 0xAA,
    0xAA, 0xAF, 0xFF, 0x3F, 0xFF, 0xFF, 0xFF, 0xFF, 0xE3, 0xFF, 0xFF, 0xFF, 0xFF, 0xFE, 0x7F, 0xE0,
    0x00, 0x00, 0xFF, 0xE7, 0xFE, 0x00, 0x00, 0x0F, 0xFD, 0x7F, 0xE0, 0x00, 0x01, 0xFF, 0xC3, 0xFF,
    0x00, 0x00, 0x2F, 0xFC, 0x3F, 0xF0, 0x00, 0x03, 0xFF, 0x42, 0xFF, 0xC0, 0x00, 0xFF, 0xF0, 0x0F,
    0xFF, 0x40, 0x7F, 0xFC, 0x00, 0x7F, 0xFF, 0xFF, 0xFF, 0x40, 0x01, 0xFF, 0xFF, 0xFF, 0xC0, 0x00,
    0x02, 0xFF, 0xFF, 0xD0, 0x00, 0x00, 0x00, 0x55, 0x40, 0x00, 0x00, 0x00, 0x16, 0x94, 0x00, 0x00,
    0xBF, 0xFF, 0xE0, 0x00, 0xFF, 0xFF, 0xFF, 0x01, 0xFF, 0xFF, 0xFF, 0xF0, 0xBF, 0x95, 0xBF, 0xFE,
    0x0E, 0x00, 0x03, 0xFF, 0xC0, 0x00, 0x00, 0x7F, 0xF4, 0x00, 0x00, 0x0F, 0xFE, 0x00, 0x00, 0x03,
    0xFF, 0x9F, 0xFF, 0xFF, 0xFF, 0xEB, 0xFF, 0xFF, 0xFF, 0xFA, 0xFF, 0x95, 0x5F, 0xFD, 0xBF, 0xD0,
    0x03, 0xFF, 0x2F, 0xF4, 0x00, 0xFF, 0xC7, 0xFE, 0x00, 0xBF, 0xD0, 0xFF, 0xE0, 0xBF, 0xE0, 0x0F,
    0xFF, 0xFF, 0xE0, 0x00, 0xBF, 0xFF, 0x80, 0x00, 0x00, 0x55, 0x00, 0x00, 0x00, 0x00, 0x6B, 0xF9,
    0x00, 0x00, 0x00, 0x07, 0xFF, 0xFF, 0xF4, 0x00, 0x00, 0x3F, 0xFF, 0xFF, 0xFE, 0x00, 0x01, 0xFF,
    0xF9, 0x6F, 0xFF, 0xC0, 0x03, 0xFF, 0x80, 0x02, 0xFF, 0xE0, 0x0B, 0xFF, 0x00, 0x00, 0xFF, 0xF0,
    0x0F, 0xFD, 0x00, 0x00, 0x7F, 0xF8, 0x2F, 0xFC, 0x00, 0x00, 0x3F, 0xFC, 0x3F, 0xF8, 0x00, 0x00,
    0x2F, 0xFD, 0x3F, 0xF8, 0x00, 0x00, 0x1F, 0xFD, 0x7F, 0xFA, 0xAA, 0xAA, 0xAF, 0xFE, 0x7F, 0xFF,
    0xFF, 0xFF, 0xFF, 0xFE, 0x7F, 0xFF, 0xFF, 0xFF, 0xFF, 0xFE, 0x7F, 0xFE, 0xAA, 0xAA, 0xBF, 0xFE,
    0x7F, 0xF8, 0x00, 0x00, 0x1F, 0xFD, 0x3F, 0xF8, 0x00, 0x00, 0x1F, 0xFC, 0x3F, 0xFC, 0x00, 0x00,
    0x2F, 0xFC, 0x2F, 0xFC, 0x00, 0x00, 0x3F, 0xF8, 0x1F, 0xFE, 0x00, 0x00, 0x7F, 0xF0, 0x0F, 0xFF,
    0x40, 0x00, 0xFF, 0xE0, 0x03, 0xFF, 0xE0, 0x07, 0xFF, 0xC0, 0x01, 0xFF, 0xFF, 0xFF, 0xFF, 0x00,
    0x00, 0x3F, 0xFF, 0xFF, 0xF8, 0x00, 0x00, 0x07, 0xFF, 0xFF, 0x80, 0x00, 0x00, 0x00, 0x15, 0x50,
    0x00, 0x00, 0x00, 0x01, 0x69, 0x00, 0x00, 0x01, 0xFF, 0xFF, 0xE0, 0x00, 0x2F, 0xFF, 0xFF, 0xF0,
    0x03, 0xFF, 0xD6, 0xFF, 0xF0, 0x2F, 0xFC, 0x00, 0xFF, 0xE0, 0xFF, 0xD0, 0x02, 0xFF, 0xC7, 0xFF,
    0x00, 0x07, 0xFF, 0x6F, 0xFC, 0x00, 0x0F, 0xFE, 0xBF, 0xFF, 0xFF, 0xFF, 0xFB, 0xFF, 0xFF, 0xFF,
    0xFF, 0xEB, 0xFF, 0xAA, 0xAB, 0xFF, 0xAF, 0xFC, 0x00, 0x0F, 0xFD, 0x7F, 0xF0, 0x00, 0x3F, 0xF0,
    0xFF, 0xE0, 0x02, 0xFF, 0xC2, 0xFF, 0xC0, 0x0F, 0xFD, 0x03, 0xFF, 0xE6, 0xFF, 0xE0, 0x03, 0xFF,
    0xFF, 0xFE, 0x00, 0x02, 0xFF, 0xFF, 0x80, 0x00, 0x00, 0x15, 0x50, 0x00, 0x00, 0x00, 0x00, 0x00,
    0x14, 0x00, 0x00, 0x00, 0x00, 0x07, 0xF0, 0x00, 0x00, 0x00, 0x02, 0xFF, 0x40, 0x00, 0x00, 0x00,
    0xBF, 0xF0, 0x00, 0x00, 0x00, 0x2F, 0xFD, 0x00, 0x00, 0x00, 0x0B, 0xF9, 0x00, 0x00, 0x00, 0x00,
    0xB8, 0x00, 0x00, 0x00, 0x00, 0x00, 0x00, 0x00, 0x00, 0x00, 0x00, 0x6F, 0xE4, 0x2E, 0x00, 0x00,
    0xBF, 0xFF, 0xF7, 0xF0, 0x00, 0x7F, 0xFF, 0xFF, 0xFF, 0x00, 0x1F, 0xFF, 0x96, 0xFF, 0xF0, 0x07,
    0xFF, 0x80, 0x01, 0xFF, 0x40, 0xFF, 0xF0, 0x00, 0x0B, 0xF4, 0x1F, 0xFC, 0x00, 0x00, 0x3F, 0x83,
    0xFF, 0xC0, 0x00, 0x01, 0xF8, 0x3F, 0xF8, 0x00, 0x00, 0x0A, 0x47, 0xFF, 0x40, 0x00, 0x00, 0x00,
    0x7F, 0xF4, 0x00, 0x00, 0x00, 0x0B, 0xFF, 0x00, 0x00, 0x00, 0x00, 0xBF, 0xF4, 0x00, 0x00, 0x00,
    0x0B, 0xFF, 0x40, 0x00, 0x00, 0x00, 0x7F, 0xF4, 0x00, 0x00, 0x00, 0x07, 0xFF, 0x80, 0x00, 0x00,
    0x00, 0x3F, 0xFC, 0x00, 0x00, 0x00, 0x03, 0xFF, 0xD0, 0x00, 0x00, 0x00, 0x1F, 0xFF, 0x00, 0x00,
    0x07, 0x00, 0xFF, 0xFD, 0x00, 0x02, 0xFC, 0x03, 0xFF, 0xFD, 0x56, 0xFF, 0x80, 0x1F, 0xFF, 0xFF,
    0xFF, 0xE0, 0x00, 0x3F, 0xFF, 0xFF, 0xF4, 0x00, 0x00, 0x7F, 0xFF, 0xF8, 0x00, 0x00, 0x00, 0x1F,
    0x90, 0x00, 0x00, 0x00, 0x02, 0xF5, 0x00, 0x00, 0x00, 0x00, 0x3F, 0xFC, 0x00, 0x00, 0x00, 0x00,
    0x5F, 0xE0, 0x00, 0x00, 0x00, 0x00, 0xFF, 0x00, 0x00, 0x00, 0x09, 0x5F, 0xE0, 0x00, 0x00, 0x01,
    0xFF, 0xFD, 0x00, 0x00, 0x00, 0x07, 0xFF, 0x40, 0x00, 0x00, 0x00, 0x00, 0x00, 0x00, 0x00, 0x00,
    0x00, 0x06, 0x40, 0x00, 0x00, 0x03, 0xF4, 0x00, 0x00, 0x03, 0xFE, 0x00, 0x00, 0x02, 0xFF, 0x40,
    0x00, 0x01, 0xFF, 0x40, 0x00, 0x00, 0xFF, 0x00, 0x00, 0x00, 0xBD, 0x00, 0x00, 0x00, 0x08, 0x00,
    0x00, 0x00, 0x00, 0x00, 0x00, 0x00, 0x00, 0x59, 0x40, 0x00, 0x07, 0xFF, 0xFE, 0x00, 0x0B, 0xFF,
    0xFF, 0xF0, 0x0B, 0xFE, 0x46, 0xFE, 0x07, 0xFE, 0x00, 0xBF, 0xC3, 0xFF, 0x00, 0x3F, 0xF1, 0xFF,
    0xC0, 0x0F, 0xFC, 0xBF, 0xE0, 0x00, 0xB8, 0x2F, 0xF8, 0x00, 0x00, 0x0F, 0xFE, 0x00, 0x00, 0x02,
    0xFF, 0xC0, 0x00, 0x00, 0xBF, 0xF0, 0x00, 0x00, 0x1F, 0xFD, 0x00, 0x00, 0x03, 0xFF, 0xD0, 0x00,
    0x80, 0xBF, 0xFE, 0x5A, 0xFC, 0x0F, 0xFF, 0xFF, 0xFF, 0x00, 0xFF, 0xFF, 0xFE, 0x00, 0x0B, 0xFF,
    0xFD, 0x00, 0x00, 0x0F, 0xD0, 0x00, 0x00, 0x03, 0xE4, 0x00, 0x00, 0x01, 0xFF, 0xD0, 0x00, 0x00,
    0x17, 0xFC, 0x00, 0x00, 0x00, 0x7F, 0x00, 0x00, 0x19, 0x7F, 0xC0, 0x00, 0x0F, 0xFF, 0xE0, 0x00,
    0x00, 0xBF, 0xE0, 0x00, 0x00, 0x00, 0x00, 0x00, 0x15, 0x55, 0x55, 0x40, 0x00, 0x00, 0x7F, 0xFF,
    0xFF, 0xFF, 0x90, 0x00, 0x7F, 0xFF, 0xFF, 0xFF, 0xFC, 0x00, 0x07, 0xFF, 0xEA, 0xFF, 0xFF, 0x40,
    0x03, 0xFF, 0x80, 0x0B, 0xFF, 0xD0, 0x03, 0xFF, 0x80, 0x01, 0xFF, 0xF0, 0x03, 0xFF, 0x80, 0x00,
    0xBF, 0xF8, 0x03, 0xFF, 0x80, 0x00, 0x3F, 0xFC, 0x03, 0xFF, 0x80, 0x00, 0x2F, 0xFC, 0x03, 0xFF,
    0x80, 0x00, 0x2F, 0xFD, 0x03, 0xFF, 0x80, 0x00, 0x1F, 0xFD, 0x03, 0xFF, 0x80, 0x00, 0x1F, 0xFE,
    0x03, 0xFF, 0x80, 0x00, 0x1F, 0xFE, 0x03, 0xFF, 0x80, 0x00, 0x1F, 0xFD, 0x03, 0xFF, 0x80, 0x00,
    0x2F, 0xFD, 0x03, 0xFF, 0x80, 0x00, 0x2F, 0xFC, 0x03, 0xFF, 0x80, 0x00, 0x3F, 0xFC, 0x03, 0xFF,
    0x80, 0x00, 0x7F, 0xF4, 0x03, 0xFF, 0x80, 0x00, 0xFF, 0xF0, 0x03, 0xFF, 0x80, 0x02, 0xFF, 0xC0,
    0x03, 0xFF, 0x80, 0x1F, 0xFF, 0x40, 0x2F, 0xFF, 0xFF, 0xFF, 0xFD, 0x00, 0x7F, 0xFF, 0xFF, 0xFF,
    0xD0, 0x00, 0x7F, 0xFF, 0xFF, 0xE4, 0x00, 0x00, 0x00, 0x00, 0x00, 0x00, 0x00, 0x00, 0x00, 0x00,
    0x00, 0x00, 0x00, 0x00, 0x00, 0x00, 0x2F, 0x80, 0x00, 0x00, 0x00, 0x00, 0xBF, 0xF0, 0x00, 0x00,
    0x00, 0x00, 0xFF, 0xF4, 0x00, 0x00, 0x00, 0x00, 0xFF, 0xF4, 0x00, 0x00, 0x00, 0x00, 0xBF, 0xF0,
    0x00, 0x00, 0x00, 0x00, 0x1A, 0x40, 0x00, 0x00, 0x00, 0x00, 0x05, 0x56, 0x90, 0x00, 0x00, 0x03,
    0xFF, 0xFC, 0x00, 0x00, 0x00, 0xFF, 0xFF, 0x00, 0x00, 0x00, 0x07, 0xFF, 0xC0, 0x00, 0x00, 0x00,
    0xBF, 0xF0, 0x00, 0x00, 0x00, 0x2F, 0xFC, 0x00, 0x00, 0x00, 0x0B, 0xFF, 0x00, 0x00, 0x00, 0x02,
    0xFF, 0xC0, 0x00, 0x05, 0x94, 0xBF, 0xF0, 0x00, 0x2F, 0xFF, 0xFF, 0xFC, 0x00, 0x3F, 0xFF, 0xFF,
    0xFF, 0x00, 0x3F, 0xFE, 0xBF, 0xFF, 0xC0, 0x2F, 0xFC, 0x00, 0xFF, 0xF0, 0x0F, 0xFD, 0x00, 0x2F,
    0xFC, 0x07, 0xFF, 0x00, 0x0B, 0xFF, 0x02, 0xFF, 0xC0, 0x02, 0xFF, 0xC0, 0xBF, 0xF0, 0x00, 0xBF,
    0xF0, 0x2F, 0xFC, 0x00, 0x2F, 0xFC, 0x0B, 0xFF, 0x00, 0x0B, 0xFF, 0x02, 0xFF, 0xC0, 0x02, 0xFF,
    0xC0, 0xBF, 0xF0, 0x00, 0xBF, 0xF0, 0x1F, 0xFD, 0x00, 0x3F, 0xFC, 0x03, 0xFF, 0xD0, 0x2F, 0xFF,
    0x00, 0x7F, 0xFF, 0xFF, 0xFF, 0xE4, 0x0B, 0xFF, 0xFF, 0x3F, 0xFF, 0x00, 0x7F, 0xFE, 0x0F, 0xFF,
    0xC0, 0x01, 0x54, 0x00, 0x00, 0x00, 0x00, 0x00, 0x00, 0x00, 0x00, 0x00, 0x00, 0xBE, 0x00, 0x00,
    0x00, 0x00, 0xFF, 0xE0, 0x00, 0x00, 0x00, 0x7F, 0xFC, 0x00, 0x00, 0x00, 0x1F, 0xFF, 0x00, 0x00,
    0x00, 0x03, 0xFF, 0x80, 0x00, 0x00, 0x00, 0x2A, 0x40, 0x00, 0x00, 0x15, 0x55, 0x55, 0x40, 0x00,
    0x00, 0x7F, 0xFF, 0xFF, 0xFF, 0x90, 0x00, 0x7F, 0xFF, 0xFF, 0xFF, 0xFC, 0x00, 0x07, 0xFF, 0xEA,
    0xFF, 0xFF, 0x40, 0x03, 0xFF, 0x80, 0x0B, 0xFF, 0xD0, 0x03, 0xFF, 0x80, 0x01, 0xFF, 0xF0, 0x03,
    0xFF, 0x80, 0x00, 0xBF, 0xF8, 0x03, 0xFF, 0x80, 0x00, 0x3F, 0xFC, 0x03, 0xFF, 0x80, 0x00, 0x2F,
    0xFC, 0x03, 0xFF, 0x80, 0x00, 0x2F, 0xFD, 0x03, 0xFF, 0x80, 0x00, 0x1F, 0xFD, 0x03, 0xFF, 0x80,
    0x00, 0x1F, 0xFE, 0x03, 0xFF, 0x80, 0x00, 0x1F, 0xFE, 0x03, 0xFF, 0x80, 0x00, 0x1F, 0xFD, 0x03,
    0xFF, 0x80, 0x00, 0x2F, 0xFD, 0x03, 0xFF, 0x80, 0x00, 0x2F, 0xFC, 0x03, 0xFF, 0x80, 0x00, 0x3F,
    0xFC, 0x03, 0xFF, 0x80, 0x00, 0x7F, 0xF4, 0x03, 0xFF, 0x80, 0x00, 0xFF, 0xF0, 0x03, 0xFF, 0x80,
    0x02, 0xFF, 0xC0, 0x03, 0xFF, 0x80, 0x1F, 0xFF, 0x40, 0x2F, 0xFF, 0xFF, 0xFF, 0xFD, 0x00, 0x7F,
    0xFF, 0xFF, 0xFF, 0xD0, 0x00, 0x7F, 0xFF, 0xFF, 0xE4, 0x00, 0x00, 0x00, 0x00, 0x00, 0x00, 0x00,
    0x00, 0x00, 0x00, 0x00, 0x00, 0x00, 0x00, 0x00, 0x05, 0x55, 0x55, 0x00, 0x00, 0x00, 0x0F, 0xFF,
    0xFF, 0x40, 0x00, 0x00, 0x0F, 0xFF, 0xFF, 0x40, 0x00, 0x00, 0x0F, 0xFF, 0xFF, 0x40, 0x00, 0x00,
    0x00, 0x00, 0x00, 0x00, 0x00, 0x00, 0x00, 0x05, 0x56, 0x90, 0x00, 0x00, 0x03, 0xFF, 0xFC, 0x00,
    0x00, 0x00, 0xFF, 0xFF, 0x00, 0x00, 0x00, 0x07, 0xFF, 0xC0, 0x00, 0x00, 0x00, 0xBF, 0xF0, 0x00,
    0x00, 0x00, 0x2F, 0xFC, 0x00, 0x00, 0x00, 0x0B, 0xFF, 0x00, 0x00, 0x00, 0x02, 0xFF, 0xC0, 0x00,
    0x05, 0x94, 0xBF, 0xF0, 0x00, 0x2F, 0xFF, 0xFF, 0xFC, 0x00, 0x3F, 0xFF, 0xFF, 0xFF, 0x00, 0x3F,
    0xFE, 0xBF, 0xFF, 0xC0, 0x2F, 0xFC, 0x00, 0xFF, 0xF0, 0x0F, 0xFD, 0x00, 0x2F, 0xFC, 0x07, 0xFF,
    0x00, 0x0B, 0xFF, 0x02, 0xFF, 0xC0, 0x02, 0xFF, 0xC0, 0xBF, 0xF0, 0x00, 0xBF, 0xF0, 0x2F, 0xFC,
    0x00, 0x2F, 0xFC, 0x0B, 0xFF, 0x00, 0x0B, 0xFF, 0x02, 0xFF, 0xC0, 0x02, 0xFF, 0xC0, 0xBF, 0xF0,
    0x00, 0xBF, 0xF0, 0x1F, 0xFD, 0x00, 0x3F, 0xFC, 0x03, 0xFF, 0xD0, 0x2F, 0xFF, 0x00, 0x7F, 0xFF,
    0xFF, 0xFF, 0xE4, 0x0B, 0xFF, 0xFF, 0x3F, 0xFF, 0x00, 0x7F, 0xFE, 0x0F, 0xFF, 0xC0, 0x01, 0x54,
    0x00, 0x00, 0x00, 0x00, 0x00, 0x00, 0x00, 0x00, 0x00, 0x15, 0x55, 0x54, 0x00, 0x00, 0x2F, 0xFF,
    0xFF, 0x00, 0x00, 0x0B, 0xFF, 0xFF, 0xC0, 0x00, 0x02, 0xFF, 0xFF, 0xF0, 0x00, 0x00, 0x00, 0x00,
    0x00, 0x00, 0x00, 0x00, 0x05, 0x00, 0x00, 0x00, 0x00, 0x1F, 0xC0, 0x00, 0x00, 0x00, 0x2F, 0xF0,
    0x00, 0x00, 0x00, 0x2F, 0xFC, 0x00, 0x00, 0x00, 0x0B, 0xFF, 0x00, 0x00, 0x00, 0x00, 0xBF, 0xD0,
    0x00, 0x00, 0x00, 0x07, 0xC0, 0x00, 0x00, 0x00, 0x00, 0x00, 0x00, 0x00, 0x00, 0x00, 0x00, 0x00,
    0x00, 0x3F, 0xFF, 0xFE, 0x00, 0x00, 0x7F, 0xFF, 0xFE, 0x00, 0x00, 0x7F, 0xFF, 0xFE, 0x00, 0x00,
    0x2A, 0xAA, 0xA9, 0x00, 0x00, 0x00, 0x00, 0x00, 0x00, 0x00, 0x00, 0x00, 0x00, 0x00, 0x15, 0x55,
    0x55, 0x55, 0x50, 0x7F, 0xFF, 0xFF, 0xFF, 0xF4, 0x7F, 0xFF, 0xFF, 0xFF, 0xF8, 0x07, 0xFF, 0xD5,
    0x6F, 0xF8, 0x03, 0xFF, 0x80, 0x03, 0xFC, 0x03, 0xFF, 0x80, 0x01, 0xFC, 0x03, 0xFF, 0x80, 0x00,
    0xFC, 0x03, 0xFF, 0x80, 0x00, 0x00, 0x03, 0xFF, 0x80, 0x3C, 0x00, 0x03, 0xFF, 0x80, 0x7C, 0x00,
    0x03, 0xFF, 0xC1, 0xFC, 0x00, 0x03, 0xFF, 0xFF, 0xFC, 0x00, 0x03, 0xFF, 0xFF, 0xFC, 0x00, 0x03,
    0xFF, 0xEA, 0xFC, 0x00, 0x03, 0xFF, 0x80, 0x7C, 0x00, 0x03, 0xFF, 0x80, 0x3C, 0x00, 0x03, 0xFF,
    0x80, 0x00, 0x00, 0x03, 0xFF, 0x80, 0x00, 0x7F, 0x03, 0xFF, 0x80, 0x00, 0xBE, 0x03, 0xFF, 0x80,
    0x00, 0xFE, 0x03, 0xFF, 0x80, 0x02, 0xFD, 0x2F, 0xFF, 0xFF, 0xFF, 0xFD, 0x7F, 0xFF, 0xFF, 0xFF,
    0xFC, 0x7F, 0xFF, 0xFF, 0xFF, 0xFC, 0x00, 0x18, 0x00, 0x00, 0x00, 0x0F, 0xD0, 0x00, 0x00, 0x0B,
    0xFD, 0x00, 0x00, 0x01, 0xFF, 0xD0, 0x00, 0x00, 0x2F, 0xFD, 0x00, 0x00, 0x00, 0x7F, 0xD0, 0x00,
    0x00, 0x01, 0xB4, 0x00, 0x00, 0x00, 0x00, 0x00, 0x00, 0x55, 0x55, 0x50, 0x00, 0x7F, 0xFF, 0xFD,
    0x00, 0x1F, 0xFF, 0xFF, 0x40, 0x07, 0xFF, 0xFF, 0xD0, 0x00, 0x00, 0x00, 0x00, 0x00, 0x00, 0x00,
    0x00, 0x00, 0x00, 0x00, 0x00, 0x00, 0x00, 0x05, 0x94, 0x00, 0x00, 0x7F, 0xFF, 0xE0, 0x00, 0xBF,
    0xFF, 0xFF, 0x00, 0xBF, 0xD0, 0x7F, 0xE0, 0x7F, 0xE0, 0x0B, 0xFC, 0x3F, 0xF0, 0x02, 0xFF, 0x5F,
    0xFC, 0x00, 0xBF, 0xEB, 0xFF, 0x55, 0x7F, 0xFA, 0xFF, 0xFF, 0xFF, 0xFD, 0xFF, 0xFF, 0xFF, 0xFF,
    0x6F, 0xFC, 0x00, 0x00, 0x0B, 0xFF, 0x00, 0x00, 0x01, 0xFF, 0xD0, 0x00, 0x00, 0x3F, 0xFC, 0x00,
    0x0B, 0x0B, 0xFF, 0xE5, 0x6F, 0xE0, 0xFF, 0xFF, 0xFF, 0xF0, 0x0F, 0xFF, 0xFF, 0xF0, 0x00, 0xBF,
    0xFF, 0xD0, 0x00, 0x00, 0x55, 0x00, 0x00, 0x00, 0x00, 0x00, 0x80, 0x00, 0x00, 0x00, 0x07, 0xF0,
    0x00, 0x00, 0x00, 0x1F, 0xF4, 0x00, 0x00, 0x00, 0x7F, 0xF4, 0x00, 0x00, 0x02, 0xFF, 0xD0, 0x00,
    0x00, 0x0B, 0xFD, 0x00, 0x00, 0x00, 0x07, 0x80, 0x00, 0x00, 0x00, 0x00, 0x00, 0x00, 0x00, 0x00,
    0x00, 0x00, 0x00, 0x00, 0x00, 0x3F, 0xFF, 0xFE, 0x00, 0x00, 0x7F, 0xFF, 0xFE, 0x00, 0x00, 0x7F,
    0xFF, 0xFE, 0x00, 0x00, 0x2A, 0xAA, 0xA9, 0x00, 0x00, 0x00, 0x00, 0x00, 0x00, 0x00, 0x00, 0x00,
    0x00, 0x00, 0x15, 0x55, 0x55, 0x55, 0x50, 0x7F, 0xFF, 0xFF, 0xFF, 0xF4, 0x7F, 0xFF, 0xFF, 0xFF,
    0xF8, 0x07, 0xFF, 0xD5, 0x6F, 0xF8, 0x03, 0xFF, 0x80, 0x03, 0xFC, 0x03, 0xFF, 0x80, 0x01, 0xFC,
    0x03, 0xFF, 0x80, 0x00, 0xFC, 0x03, 0xFF, 0x80, 0x00, 0x00, 0x03, 0xFF, 0x80, 0x3C, 0x00, 0x03,
    0xFF, 0x80, 0x7C, 0x00, 0x03, 0xFF, 0xC1, 0xFC, 0x00, 0x03, 0xFF, 0xFF, 0xFC, 0x00, 0x03, 0xFF,
    0xFF, 0xFC, 0x00, 0x03, 0xFF, 0xEA, 0xFC, 0x00, 0x03, 0xFF, 0x80, 0x7C, 0x00, 0x03, 0xFF, 0x80,
    0x3C, 0x00, 0x03, 0xFF, 0x80, 0x00, 0x00, 0x03, 0xFF, 0x80, 0x00, 0x7F, 0x03, 0xFF, 0x80, 0x00,
    0xBE, 0x03, 0xFF, 0x80, 0x00, 0xFE, 0x03, 0xFF, 0x80, 0x02, 0xFD, 0x2F, 0xFF, 0xFF, 0xFF, 0xFD,
    0x7F, 0xFF, 0xFF, 0xFF, 0xFC, 0x7F, 0xFF, 0xFF, 0xFF, 0xFC, 0x00, 0x00, 0x05, 0x00, 0x00, 0x00,
    0x0B, 0xF0, 0x00, 0x00, 0x0B, 0xFC, 0x00, 0x00, 0x0B, 0xFF, 0x00, 0x00, 0x0B, 0xFF, 0x40, 0x00,
    0x0F, 0xF9, 0x00, 0x00, 0x02, 0xE0, 0x00, 0x00, 0x00, 0x00, 0x00, 0x00, 0x00, 0x55, 0x55, 0x50,
    0x00, 0x7F, 0xFF, 0xFD, 0x00, 0x1F, 0xFF, 0xFF, 0x40, 0x07, 0xFF, 0xFF, 0xD0, 0x00, 0x00, 0x00,
    0x00, 0x00, 0x00, 0x00, 0x00, 0x00, 0x00, 0x00, 0x00, 0x00, 0x00, 0x05, 0x94, 0x00, 0x00, 0x7F,
    0xFF, 0xE0, 0x00, 0xBF, 0xFF, 0xFF, 0x00, 0xBF, 0xD0, 0x7F, 0xE0, 0x7F, 0xE0, 0x0B, 0xFC, 0x3F,
    0xF0, 0x02, 0xFF, 0x5F, 0xFC, 0x00, 0xBF, 0xEB, 0xFF, 0x55, 0x7F, 0xFA, 0xFF, 0xFF, 0xFF, 0xFD,
    0xFF, 0xFF, 0xFF, 0xFF, 0x6F, 0xFC, 0x00, 0x00, 0x0B, 0xFF, 0x00, 0x00, 0x01, 0xFF, 0xD0, 0x00,
    0x00, 0x3F, 0xFC, 0x00, 0x0B, 0x0B, 0xFF, 0xE5, 0x6F, 0xE0, 0xFF, 0xFF, 0xFF, 0xF0, 0x0F, 0xFF,
    0xFF, 0xF0, 0x00, 0xBF, 0xFF, 0xD0, 0x00, 0x00, 0x55, 0x00, 0x00, 0x00, 0x70, 0x00, 0x0A, 0x00,
    0x00, 0xB8, 0x00, 0x1F, 0x00, 0x00, 0xBE, 0x00, 0x7E, 0x00, 0x00, 0x3F, 0xEB, 0xFD, 0x00, 0x00,
    0x2F, 0xFF, 0xFC, 0x00, 0x00, 0x0F, 0xFF, 0xF0, 0x00, 0x00, 0x01, 0xFF, 0x40, 0x00, 0x00, 0x00,
    0x00, 0x00, 0x00, 0x15, 0x55, 0x55, 0x55, 0x50, 0x7F, 0xFF, 0xFF, 0xFF, 0xF4, 0x7F, 0xFF, 0xFF,
    0xFF, 0xF8, 0x07, 0xFF, 0xD5, 0x6F, 0xF8, 0x03, 0xFF, 0x80, 0x03, 0xFC, 0x03, 0xFF, 0x80, 0x01,
    0xFC, 0x03, 0xFF, 0x80, 0x00, 0xFC, 0x03, 0xFF, 0x80, 0x00, 0x00, 0x03, 0xFF, 0x80, 0x3C, 0x00,
    0x03, 0xFF, 0x80, 0x7C, 0x00, 0x03, 0xFF, 0xC1, 0xFC, 0x00, 0x03, 0xFF, 0xFF, 0xFC, 0x00, 0x03,
    0xFF, 0xFF, 0xFC, 0x00, 0x03, 0xFF, 0xEA, 0xFC, 0x00, 0x03, 0xFF, 0x80, 0x7C, 0x00, 0x03, 0xFF,
    0x80, 0x3C, 0x00, 0x03, 0xFF, 0x80, 0x00, 0x00, 0x03, 0xFF, 0x80, 0x00, 0x7F, 0x03, 0xFF, 0x80,
    0x00, 0xBE, 0x03, 0xFF, 0x80, 0x00, 0xFE, 0x03, 0xFF, 0x80, 0x02, 0xFD, 0x2F, 0xFF, 0xFF, 0xFF,
    0xFD, 0x7F, 0xFF, 0xFF, 0xFF, 0xFC, 0x7F, 0xFF, 0xFF, 0xFF, 0xFC, 0x00, 0x00, 0x7C, 0x00, 0x00,
    0x00, 0x00, 0xBD, 0x40, 0x00, 0x00, 0x00, 0xFF, 0xF0, 0x00, 0x00, 0x00, 0x5B, 0xF4, 0x00, 0x00,
    0x00, 0x03, 0xF8, 0x00, 0x00, 0x02, 0x5B, 0xF8, 0x00, 0x00, 0x07, 0xFF, 0xF0, 0x00, 0x00, 0x01,
    0xFF, 0xC0, 0x00, 0x00, 0x00, 0x00, 0x00, 0x00, 0x00, 0x40, 0x00, 0x10, 0x00, 0xF4, 0x00, 0x1F,
    0x00, 0x2F, 0x00, 0x0F, 0x80, 0x07, 0xF4, 0x1F, 0xD0, 0x00, 0xFF, 0xFF, 0xF0, 0x00, 0x1F, 0xFF,
    0xF0, 0x00, 0x01, 0xFF, 0xF0, 0x00, 0x00, 0x05, 0x50, 0x00, 0x00, 0x00, 0x00, 0x00, 0x00, 0x00,
    0x59, 0x40, 0x00, 0x07, 0xFF, 0xFE, 0x00, 0x0B, 0xFF, 0xFF, 0xF0, 0x0B, 0xFD, 0x07, 0xFE, 0x07,
    0xFE, 0x00, 0xBF, 0xC3, 0xFF, 0x00, 0x2F, 0xF5, 0xFF, 0xC0, 0x0B, 0xFE, 0xBF, 0xF5, 0x57, 0xFF,
    0xAF, 0xFF, 0xFF, 0xFF, 0xDF, 0xFF, 0xFF, 0xFF, 0xF6, 0xFF, 0xC0, 0x00, 0x00, 0xBF, 0xF0, 0x00,
    0x00, 0x1F, 0xFD, 0x00, 0x00, 0x03, 0xFF, 0xC0, 0x00, 0xB0, 0xBF, 0xFE, 0x56, 0xFE, 0x0F, 0xFF,
    0xFF, 0xFF, 0x00, 0xFF, 0xFF, 0xFF, 0x00, 0x0B, 0xFF, 0xFD, 0x00, 0x00, 0x0F, 0xD0, 0x00, 0x00,
    0x03, 0xE4, 0x00, 0x00, 0x01, 0xFF, 0xD0, 0x00, 0x00, 0x17, 0xFC, 0x00, 0x00, 0x00, 0x7F, 0x00,
    0x00, 0x19, 0x7F, 0xC0, 0x00, 0x0F, 0xFF, 0xE0, 0x00, 0x00, 0xBF, 0xE0, 0x00, 0x00, 0x00, 0x00,
    0x00, 0x00, 0x0B, 0xFF, 0xFF, 0xC0, 0x00, 0x00, 0x0B, 0xFF, 0xFF, 0xD0, 0x00, 0x00, 0x0B, 0xFF,
    0xFF, 0xD0, 0x00, 0x00, 0x06, 0xAA, 0xAA, 0x80, 0x00, 0x00, 0x00, 0x00, 0x00, 0x00, 0x00, 0x00,
    0x00, 0x00, 0x00, 0x00, 0x00, 0x00, 0x00, 0x6B, 0xE8, 0x1F, 0x00, 0x00, 0x0B, 0xFF, 0xFF, 0xAF,
    0x00, 0x00, 0x7F, 0xFF, 0xFF, 0xFF, 0x40, 0x01, 0xFF, 0xF9, 0x5B, 0xFF, 0x80, 0x03, 0xFF, 0xC0,
    0x00, 0xFF, 0x80, 0x0F, 0xFF, 0x00, 0x00, 0x3F, 0xC0, 0x1F, 0xFD, 0x00, 0x00, 0x1F, 0xC0, 0x3F,
    0xFC, 0x00, 0x00, 0x0F, 0xC0, 0x3F, 0xF8, 0x00, 0x00, 0x06, 0x40, 0x7F, 0xF4, 0x00, 0x00, 0x00,
    0x00, 0x7F, 0xF4, 0x00, 0x00, 0x00, 0x00, 0xBF, 0xF0, 0x00, 0x00, 0x00, 0x00, 0xBF, 0xF4, 0x00,
    0x0A, 0xAA, 0xAA, 0xBF, 0xF4, 0x00, 0x1F, 0xFF, 0xFF, 0x7F, 0xF4, 0x00, 0x1F, 0xFF, 0xFE, 0x7F,
    0xF8, 0x00, 0x00, 0xFF, 0xE0, 0x3F, 0xFC, 0x00, 0x00, 0xBF, 0xD0, 0x3F, 0xFD, 0x00, 0x00, 0xBF,
    0xD0, 0x1F, 0xFF, 0x00, 0x00, 0xBF, 0xD0, 0x0F, 0xFF, 0xC0, 0x00, 0xFF, 0xD0, 0x07, 0xFF, 0xF9,
    0x5B, 0xFF, 0xD0, 0x01, 0xFF, 0xFF, 0xFF, 0xFF, 0xD0, 0x00, 0x7F, 0xFF, 0xFF, 0xDF, 0xD0, 0x00,
    0x0B, 0xFF, 0xFE, 0x0B, 0xD0, 0x00, 0x00, 0x15, 0x40, 0x00, 0x00, 0x00, 0x55, 0x55, 0x50, 0x00,
    0x00, 0x3F, 0xFF, 0xFE, 0x00, 0x00, 0x0F, 0xFF, 0xFF, 0x80, 0x00, 0x03, 0xFF, 0xFF, 0xE0, 0x00,
    0x00, 0x00, 0x00, 0x00, 0x14, 0x00, 0x00, 0x00, 0x00, 0x7F, 0xC0, 0x00, 0x00, 0x00, 0x3F, 0xF4,
    0x00, 0x06, 0x94, 0x2F, 0xFC, 0x00, 0xBF, 0xFF, 0xFE, 0x2E, 0x00, 0xFF, 0xFF, 0xFF, 0x80, 0x00,
    0xFF, 0xE0, 0x7F, 0xF0, 0x00, 0x7F, 0xF0, 0x0B, 0xFF, 0x00, 0x2F, 0xF8, 0x00, 0xFF, 0xC0, 0x0F,
    0xFE, 0x00, 0x3F, 0xF0, 0x02, 0xFF, 0x80, 0x0F, 0xFC, 0x00, 0xBF, 0xF0, 0x0B, 0xFF, 0x00, 0x0F,
    0xFF, 0x47, 0xFF, 0x40, 0x01, 0xFF, 0xFF, 0xFF, 0x80, 0x00, 0x1F, 0xFF, 0xFF, 0x40, 0x00, 0x1F,
    0xDA, 0xA4, 0x00, 0x00, 0x0F, 0xE0, 0x00, 0x00, 0x00, 0x03, 0xFD, 0x00, 0x00, 0x00, 0x00, 0xFF,
    0xFF, 0xFF, 0xF9, 0x00, 0x1F, 0xFF, 0xFF, 0xFF, 0xD0, 0x01, 0xFF, 0xFF, 0xFF, 0xFC, 0x02, 0xFF,
    0xAA, 0xBF, 0xFF, 0x43, 0xFF, 0x00, 0x02, 0xFF, 0xD1, 0xFF, 0x80, 0x00, 0x7F, 0xF0, 0x7F, 0xE0,
    0x00, 0x2F, 0xFC, 0x1F, 0xFE, 0x00, 0x7F, 0xFD, 0x03, 0xFF, 0xFF, 0xFF, 0xFD, 0x00, 0x2F, 0xFF,
    0xFF, 0xF8, 0x00, 0x00, 0x5A, 0xAA, 0x40, 0x00, 0x00, 0x15, 0x55, 0x54, 0x01, 0x55, 0x55, 0x47,
    0xFF, 0xFF, 0xC0, 0x3F, 0xFF, 0xFD, 0x7F, 0xFF, 0xFC, 0x03, 0xFF, 0xFF, 0xD0, 0x7F, 0xFD, 0x00,
    0x07, 0xFF, 0xD0, 0x03, 0xFF, 0x80, 0x00, 0x2F, 0xFC, 0x00, 0x3F, 0xF8, 0x00, 0x02, 0xFF, 0xC0,
    0x03, 0xFF, 0x80, 0x00, 0x2F, 0xFC, 0x00, 0x3F, 0xF8, 0x00, 0x02, 0xFF, 0xC0, 0x03, 0xFF, 0x80,
    0x00, 0x2F, 0xFC, 0x00, 0x3F, 0xF8, 0x00, 0x02, 0xFF, 0xC0, 0x03, 0xFF, 0xEA, 0xAA, 0xBF, 0xFC,
    0x00, 0x3F, 0xFF, 0xFF, 0xFF, 0xFF, 0xC0, 0x03, 0xFF, 0xFF, 0xFF, 0xFF, 0xFC, 0x00, 0x3F, 0xFE,
    0xAA, 0xAB, 0xFF, 0xC0, 0x03, 0xFF, 0x80, 0x00, 0x2F, 0xFC, 0x00, 0x3F, 0xF8, 0x00, 0x02, 0xFF,
    0xC0, 0x03, 0xFF, 0x80, 0x00, 0x2F, 0xFC, 0x00, 0x3F, 0xF8, 0x00, 0x02, 0xFF, 0xC0, 0x03, 0xFF,
    0x80, 0x00, 0x2F, 0xFC, 0x00, 0x3F, 0xF8, 0x00, 0x02, 0xFF, 0xC0, 0x03, 0xFF, 0x80, 0x00, 0x2F,
    0xFC, 0x02, 0xFF, 0xFE, 0x40, 0x1B, 0xFF, 0xF8, 0x7F, 0xFF, 0xFC, 0x03, 0xFF, 0xFF, 0xD7, 0xFF,
    0xFF, 0xC0, 0x3F, 0xFF, 0xFD, 0x00, 0x00, 0x00, 0x00, 0x00, 0x00, 0x00, 0x00, 0x00, 0x00, 0x00,
    0x00, 0x00, 0x00, 0x00, 0x02, 0xF8, 0x00, 0x00, 0x00, 0x00, 0x00, 0xFF, 0xF0, 0x00, 0x00, 0x00,
    0x00, 0x0F, 0xFF, 0x00, 0x00, 0x00, 0x00, 0x00, 0xFF, 0xF0, 0x00, 0x00, 0x00, 0x00, 0x0B, 0xFE,
    0x00, 0x00, 0x00, 0x00, 0x00, 0x1A, 0x40, 0x00, 0x00, 0x05, 0x56, 0x40, 0x00, 0x00, 0x00, 0xFF,
    0xFF, 0x00, 0x00, 0x00, 0x03, 0xFF, 0xFC, 0x00, 0x00, 0x00, 0x06, 0xFF, 0xF0, 0x00, 0x00, 0x00,
    0x02, 0xFF, 0xC0, 0x00, 0x00, 0x00, 0x0B, 0xFF, 0x00, 0x00, 0x00, 0x00, 0x2F, 0xFC, 0x00, 0x00,
    0x00, 0x00, 0xBF, 0xF0, 0x00, 0x00, 0x00, 0x02, 0xFF, 0xC0, 0x59, 0x00, 0x00, 0x0B, 0xFF, 0x1F,
    0xFF, 0xC0, 0x00, 0x2F, 0xFD, 0xFF, 0xFF, 0xC0, 0x00, 0xBF, 0xFF, 0xFF, 0xFF, 0x40, 0x02, 0xFF,
    0xF4, 0x1F, 0xFF, 0x00, 0x0B, 0xFF, 0x40, 0x2F, 0xFC, 0x00, 0x2F, 0xFC, 0x00, 0x7F, 0xF0, 0x00,
    0xBF, 0xF0, 0x01, 0xFF, 0xC0, 0x02, 0xFF, 0xC0, 0x07, 0xFF, 0x00, 0x0B, 0xFF, 0x00, 0x1F, 0xFC,
    0x00, 0x2F, 0xFC, 0x00, 0x7F, 0xF0, 0x00, 0xBF, 0xF0, 0x01, 0xFF, 0xC0, 0x02, 0xFF, 0xC0, 0x07,
    0xFF, 0x00, 0x0B, 0xFF, 0x00, 0x1F, 0xFC, 0x00, 0x2F, 0xFC, 0x00, 0x7F, 0xF0, 0x06, 0xFF, 0xF9,
    0x07, 0xFF, 0xE4, 0x2F, 0xFF, 0xFC, 0x7F, 0xFF, 0xF0, 0xBF, 0xFF, 0xF1, 0xFF, 0xFF, 0xC0, 0x00,
    0x00, 0x00, 0x00, 0x00, 0x00, 0x00, 0x00, 0x00, 0x00, 0x00, 0x00, 0x00, 0x1F, 0xE0, 0x00, 0x00,
    0x00, 0x01, 0xFF, 0xE0, 0x00, 0x00, 0x00, 0x0B, 0xFF, 0xC0, 0x00, 0x00, 0x00, 0x2F, 0xFF, 0x00,
    0x00, 0x00, 0x00, 0x3F, 0xF4, 0x00, 0x00, 0x00, 0x00, 0x2A, 0x40, 0x00, 0x00, 0x15, 0x55, 0x54,
    0x01, 0x55, 0x55, 0x47, 0xFF, 0xFF, 0xC0, 0x3F, 0xFF, 0xFD, 0x7F, 0xFF, 0xFC, 0x03, 0xFF, 0xFF,
    0xD0, 0x7F, 0xFD, 0x00, 0x07, 0xFF, 0xD0, 0x03, 0xFF, 0x80, 0x00, 0x2F, 0xFC, 0x00, 0x3F, 0xF8,
    0x00, 0x02, 0xFF, 0xC0, 0x03, 0xFF, 0x80, 0x00, 0x2F, 0xFC, 0x00, 0x3F, 0xF8, 0x00, 0x02, 0xFF,
    0xC0, 0x03, 0xFF, 0x80, 0x00, 0x2F, 0xFC, 0x00, 0x3F, 0xF8, 0x00, 0x02, 0xFF, 0xC0, 0x03, 0xFF,
    0xEA, 0xAA, 0xBF, 0xFC, 0x00, 0x3F, 0xFF, 0xFF, 0xFF, 0xFF, 0xC0, 0x03, 0xFF, 0xFF, 0xFF, 0xFF,
    0xFC, 0x00, 0x3F, 0xFE, 0xAA, 0xAB, 0xFF, 0xC0, 0x03, 0xFF, 0x80, 0x00, 0x2F, 0xFC, 0x00, 0x3F,
    0xF8, 0x00, 0x02, 0xFF, 0xC0, 0x03, 0xFF, 0x80, 0x00, 0x2F, 0xFC, 0x00, 0x3F, 0xF8, 0x00, 0x02,
    0xFF, 0xC0, 0x03, 0xFF, 0x80, 0x00, 0x2F, 0xFC, 0x00, 0x3F, 0xF8, 0x00, 0x02, 0xFF, 0xC0, 0x03,
    0xFF, 0x80, 0x00, 0x2F, 0xFC, 0x02, 0xFF, 0xFE, 0x40, 0x1B, 0xFF, 0xF8, 0x7F, 0xFF, 0xFC, 0x03,
    0xFF, 0xFF, 0xD7, 0xFF, 0xFF, 0xC0, 0x3F, 0xFF, 0xFD, 0x00, 0x00, 0x00, 0x00, 0x00, 0x00, 0x00,
    0x00, 0x04, 0x00, 0x01, 0x00, 0x00, 0x00, 0x02, 0xE0, 0x00, 0xB8, 0x00, 0x00, 0x00, 0x2F, 0x40,
    0x1F, 0x40, 0x00, 0x00, 0x00, 0xFE, 0xAB, 0xF0, 0x00, 0x00, 0x00, 0x0F, 0xFF, 0xFE, 0x00, 0x00,
    0x00, 0x00, 0x3F, 0xFF, 0xC0, 0x00, 0x00, 0x00, 0x00, 0xBF, 0xE0, 0x00, 0x00, 0x00, 0x00, 0x00,
    0x00, 0x00, 0x00, 0x00, 0x05, 0x56, 0x40, 0x00, 0x00, 0x00, 0xFF, 0xFF, 0x00, 0x00, 0x00, 0x03,
    0xFF, 0xFC, 0x00, 0x00, 0x00, 0x06, 0xFF, 0xF0, 0x00, 0x00, 0x00, 0x02, 0xFF, 0xC0, 0x00, 0x00,
    0x00, 0x0B, 0xFF, 0x00, 0x00, 0x00, 0x00, 0x2F, 0xFC, 0x00, 0x00, 0x00, 0x00, 0xBF, 0xF0, 0x00,
    0x00, 0x00, 0x02, 0xFF, 0xC0, 0x59, 0x00, 0x00, 0x0B, 0xFF, 0x1F, 0xFF, 0xC0, 0x00, 0x2F, 0xFD,
    0xFF, 0xFF, 0xC0, 0x00, 0xBF, 0xFF, 0xFF, 0xFF, 0x40, 0x02, 0xFF, 0xF4, 0x1F, 0xFF, 0x00, 0x0B,
    0xFF, 0x40, 0x2F, 0xFC, 0x00, 0x2F, 0xFC, 0x00, 0x7F, 0xF0, 0x00, 0xBF, 0xF0, 0x01, 0xFF, 0xC0,
    0x02, 0xFF, 0xC0, 0x07, 0xFF, 0x00, 0x0B, 0xFF, 0x00, 0x1F, 0xFC, 0x00, 0x2F, 0xFC, 0x00, 0x7F,
    0xF0, 0x00, 0xBF, 0xF0, 0x01, 0xFF, 0xC0, 0x02, 0xFF, 0xC0, 0x07, 0xFF, 0x00, 0x0B, 0xFF, 0x00,
    0x1F, 0xFC, 0x00, 0x2F, 0xFC, 0x00, 0x7F, 0xF0, 0x06, 0xFF, 0xF9, 0x07, 0xFF, 0xE4, 0x2F, 0xFF,
    0xFC, 0x7F, 0xFF, 0xF0, 0xBF, 0xFF, 0xF1, 0xFF, 0xFF, 0xC0, 0x00, 0x00, 0x00, 0x00, 0x00, 0x00,
    0x01, 0x40, 0x00, 0x50, 0x00, 0x00, 0x0F, 0x00, 0x03, 0xD0, 0x00, 0x00, 0x3F, 0x00, 0x2F, 0x00,
    0x00, 0x00, 0xBF, 0xAB, 0xFC, 0x00, 0x00, 0x00, 0xFF, 0xFF, 0xD0, 0x00, 0x00, 0x01, 0xFF, 0xFE,
    0x00, 0x00, 0x00, 0x01, 0xFF, 0xD0, 0x00, 0x00, 0x00, 0x00, 0x00, 0x00, 0x00, 0x00, 0x00, 0x00,
    0x20, 0x00, 0x00, 0x1F, 0xC0, 0x00, 0x07, 0xFD, 0x00, 0x02, 0xFF, 0xC0, 0x00, 0xBF, 0xF4, 0x00,
    0x2F, 0xF4, 0x00, 0x02, 0xE0, 0x00, 0x00, 0x00, 0x00, 0x00, 0x2F, 0xC0, 0x3F, 0x8B, 0xFF, 0x0F,
    0xFD, 0xBF, 0xF0, 0xFF, 0xEB, 0xFF, 0x0F, 0xFD, 0x3F, 0xC0, 0x7F, 0xC0, 0x00, 0x00, 0x00, 0x00,
    0x00, 0x00, 0x00, 0x55, 0x55, 0x50, 0x1F, 0xFF, 0xFF, 0x41, 0xFF, 0xFF, 0xF4, 0x01, 0xFF, 0xF4,
    0x00, 0x0F, 0xFF, 0x00, 0x00, 0xFF, 0xE0, 0x00, 0x0F, 0xFE, 0x00, 0x00, 0xFF, 0xE0, 0x00, 0x0F,
    0xFE, 0x00, 0x00, 0xFF, 0xE0, 0x00, 0x0F, 0xFE, 0x00, 0x00, 0xFF, 0xE0, 0x00, 0x0F, 0xFE, 0x00,
    0x00, 0xFF, 0xE0, 0x00, 0x0F, 0xFE, 0x00, 0x00, 0xFF, 0xE0, 0x00, 0x0F, 0xFE, 0x00, 0x00, 0xFF,
    0xE0, 0x00, 0x0F, 0xFE, 0x00, 0x00, 0xFF, 0xE0, 0x00, 0x0F, 0xFF, 0x00, 0x0B, 0xFF, 0xFA, 0x01,
    0xFF, 0xFF, 0xF4, 0x1F, 0xFF, 0xFF, 0x40, 0x00, 0x00, 0x14, 0x00, 0x00, 0x0F, 0xD0, 0x00, 0x03,
    0xFE, 0x00, 0x00, 0xFF, 0xE0, 0x00, 0x7F, 0xF8, 0x00, 0x1F, 0xF8, 0x00, 0x00, 0xF4, 0x00, 0x00,
    0x00, 0x00, 0x00, 0x06, 0x40, 0x19, 0x03, 0xFE, 0x07, 0xFC, 0xBF, 0xF0, 0xFF, 0xEB, 0xFF, 0x0F,
    0xFE, 0x3F, 0xE0, 0xBF, 0xC0, 0xA4, 0x01, 0xA4, 0x00, 0x00, 0x00, 0x00, 0x00, 0x00, 0x00, 0x00,
    0x00, 0x00, 0x00, 0x2F, 0xFF, 0xC0, 0x03, 0xFF, 0xFC, 0x00, 0x2F, 0xFF, 0xC0, 0x00, 0x2F, 0xFC,
    0x00, 0x01, 0xFF, 0xC0, 0x00, 0x1F, 0xFC, 0x00, 0x01, 0xFF, 0xC0, 0x00, 0x1F, 0xFC, 0x00, 0x01,
    0xFF, 0xC0, 0x00, 0x1F, 0xFC, 0x00, 0x01, 0xFF, 0xC0, 0x00, 0x1F, 0xFC, 0x00, 0x01, 0xFF, 0xC0,
    0x00, 0x1F, 0xFC, 0x00, 0x1B, 0xFF, 0xE4, 0x03, 0xFF, 0xFF, 0xD0, 0x3F, 0xFF, 0xFD, 0x15, 0x55,
    0x54, 0x00, 0x00, 0x7F, 0xFF, 0xFE, 0x00, 0x00, 0x7F, 0xFF, 0xFE, 0x00, 0x00, 0x07, 0xFF, 0xD0,
    0x00, 0x00, 0x03, 0xFF, 0x80, 0x00, 0x00, 0x03, 0xFF, 0x80, 0x00, 0x00, 0x03, 0xFF, 0x80, 0x00,
    0x00, 0x03, 0xFF, 0x80, 0x00, 0x00, 0x03, 0xFF, 0x80, 0x00, 0x00, 0x03, 0xFF, 0x80, 0x00, 0x00,
    0x03, 0xFF, 0x80, 0x00, 0x00, 0x03, 0xFF, 0x80, 0x00, 0x00, 0x03, 0xFF, 0x80, 0x00, 0x00, 0x03,
    0xFF, 0x80, 0x00, 0x00, 0x03, 0xFF, 0x80, 0x00, 0x00, 0x03, 0xFF, 0x80, 0x00, 0x00, 0x03, 0xFF,
    0x80, 0x00, 0xFC, 0x03, 0xFF, 0x80, 0x01, 0xFC, 0x03, 0xFF, 0x80, 0x02, 0xFC, 0x03, 0xFF, 0x80,
    0x03, 0xFC, 0x03, 0xFF, 0x80, 0x0F, 0xFC, 0x2F, 0xFF, 0xFF, 0xFF, 0xF8, 0x7F, 0xFF, 0xFF, 0xFF,
    0xF8, 0x7F, 0xFF, 0xFF, 0xFF, 0xF4, 0x00, 0x00, 0x00, 0x00, 0x00, 0x00, 0x00, 0x00, 0x00, 0x00,
    0x00, 0x00, 0xBE, 0x00, 0x00, 0x00, 0x03, 0xFF, 0xC0, 0x00, 0x00, 0x07, 0xFF, 0xC0, 0x00, 0x00,
    0x07, 0xFF, 0xC0, 0x00, 0x00, 0x03, 0xFF, 0x80, 0x00, 0x00, 0x00, 0x69, 0x00, 0x00, 0x15, 0x59,
    0x03, 0xFF, 0xFC, 0x0F, 0xFF, 0xF0, 0x1B, 0xFF, 0xC0, 0x0B, 0xFF, 0x00, 0x2F, 0xFC, 0x00, 0xBF,
    0xF0, 0x02, 0xFF, 0xC0, 0x0B, 0xFF, 0x00, 0x2F, 0xFC, 0x00, 0xBF, 0xF0, 0x02, 0xFF, 0xC0, 0x0B,
    0xFF, 0x00, 0x2F, 0xFC, 0x00, 0xBF, 0xF0, 0x02, 0xFF, 0xC0, 0x0B, 0xFF, 0x00, 0x2F, 0xFC, 0x00,
    0xBF, 0xF0, 0x02, 0xFF, 0xC0, 0x0B, 0xFF, 0x00, 0x2F, 0xFC, 0x00, 0xBF, 0xF0, 0x1B, 0xFF, 0xE4,
    0xFF, 0xFF, 0xF7, 0xFF, 0xFF, 0xD0, 0x00, 0x00, 0x00, 0x00, 0x00, 0x02, 0xF9, 0x00, 0x2F, 0xFC,
    0x00, 0xFF, 0xF4, 0x03, 0xFF, 0xD0, 0x0B, 0xFF, 0x00, 0x06, 0xA0, 0x00, 0xBF, 0xFF, 0xFC, 0x00,
    0x00, 0xBF, 0xFF, 0xFC, 0x00, 0x00, 0xBF, 0xFF, 0xFC, 0x00, 0x00, 0x6A, 0xAA, 0xA8, 0x00, 0x00,
    0x00, 0x00, 0x00, 0x00, 0x00, 0x00, 0x00, 0x00, 0x00, 0x00, 0x15, 0x55, 0x54, 0x00, 0x00, 0x7F,
    0xFF, 0xFE, 0x00, 0x00, 0x7F, 0xFF, 0xFE, 0x00, 0x00, 0x07, 0xFF, 0xD0, 0x00, 0x00, 0x03, 0xFF,
    0x80, 0x00, 0x00, 0x03, 0xFF, 0x80, 0x00, 0x00, 0x03, 0xFF, 0x80, 0x00, 0x00, 0x03, 0xFF, 0x80,
    0x00, 0x00, 0x03, 0xFF, 0x80, 0x00, 0x00, 0x03, 0xFF, 0x80, 0x00, 0x00, 0x03, 0xFF, 0x80, 0x00,
    0x00, 0x03, 0xFF, 0x80, 0x00, 0x00, 0x03, 0xFF, 0x80, 0x00, 0x00, 0x03, 0xFF, 0x80, 0x00, 0x00,
    0x03, 0xFF, 0x80, 0x00, 0x00, 0x03, 0xFF, 0x80, 0x00, 0x00, 0x03, 0xFF, 0x80, 0x00, 0xFC, 0x03,
    0xFF, 0x80, 0x01, 0xFC, 0x03, 0xFF, 0x80, 0x02, 0xFC, 0x03, 0xFF, 0x80, 0x03, 0xFC, 0x03, 0xFF,
    0x80, 0x0F, 0xFC, 0x2F, 0xFF, 0xFF, 0xFF, 0xF8, 0x7F, 0xFF, 0xFF, 0xFF, 0xF8, 0x7F, 0xFF, 0xFF,
    0xFF, 0xF4, 0x00, 0x00, 0x00, 0x00, 0x00, 0x00, 0x00, 0x00, 0x00, 0x00, 0x00, 0x00, 0xBE, 0x00,
    0x00, 0x00, 0x03, 0xFF, 0xC0, 0x00, 0x00, 0x07, 0xFF, 0xC0, 0x00, 0x00, 0x07, 0xFF, 0xC0, 0x00,
    0x00, 0x03, 0xFF, 0x80, 0x00, 0x00, 0x00, 0x69, 0x00, 0x00, 0x7F, 0xFF, 0xFD, 0x1F, 0xFF, 0xFF,
    0x87, 0xFF, 0xFF, 0xE0, 0xAA, 0xAA, 0xA4, 0x00, 0x00, 0x00, 0x00, 0x00, 0x00, 0x00, 0x15, 0x59,
    0x00, 0x3F, 0xFF, 0xC0, 0x0F, 0xFF, 0xF0, 0x01, 0xBF, 0xFC, 0x00, 0x0B, 0xFF, 0x00, 0x02, 0xFF,
    0xC0, 0x00, 0xBF, 0xF0, 0x00, 0x2F, 0xFC, 0x00, 0x0B, 0xFF, 0x00, 0x02, 0xFF, 0xC0, 0x00, 0xBF,
    0xF0, 0x00, 0x2F, 0xFC, 0x00, 0x0B, 0xFF, 0x00, 0x02, 0xFF, 0xC0, 0x00, 0xBF, 0xF0, 0x00, 0x2F,
    0xFC, 0x00, 0x0B, 0xFF, 0x00, 0x02, 0xFF, 0xC0, 0x00, 0xBF, 0xF0, 0x00, 0x2F, 0xFC, 0x00, 0x0B,
    0xFF, 0x00, 0x02, 0xFF, 0xC0, 0x00, 0xBF, 0xF0, 0x01, 0xBF, 0xFE, 0x40, 0xFF, 0xFF, 0xF4, 0x3F,
    0xFF, 0xFD, 0x00, 0x00, 0x00, 0x00, 0x00, 0x00, 0x00, 0x02, 0xF9, 0x00, 0x02, 0xFF, 0xC0, 0x00,
    0xFF, 0xF4, 0x00, 0x3F, 0xFD, 0x00, 0x0B, 0xFF, 0x00, 0x00, 0x6A, 0x00, 0x15, 0x55, 0x54, 0x00,
    0x00, 0x7F, 0xFF, 0xFE, 0x00, 0x00, 0x7F, 0xFF, 0xFE, 0x00, 0x00, 0x07, 0xFF, 0xD0, 0x00, 0x00,
    0x03, 0xFF, 0x80, 0x00, 0x00, 0x03, 0xFF, 0x80, 0x00, 0x00, 0x03, 0xFF, 0x80, 0x00, 0x00, 0x03,
    0xFF, 0x80, 0x00, 0x00, 0x03, 0xFF, 0x80, 0x00, 0x00, 0x03, 0xFF, 0x80, 0x00, 0x00, 0x03, 0xFF,
    0x80, 0x00, 0x00, 0x03, 0xFF, 0x80, 0x00, 0x00, 0x03, 0xFF, 0x80, 0x00, 0x00, 0x03, 0xFF, 0x80,
    0x00, 0x00, 0x03, 0xFF, 0x80, 0x00, 0x00, 0x03, 0xFF, 0x80, 0x00, 0x00, 0x03, 0xFF, 0x80, 0x00,
    0xFC, 0x03, 0xFF, 0x80, 0x01, 0xFC, 0x03, 0xFF, 0x80, 0x02, 0xFC, 0x03, 0xFF, 0x80, 0x03, 0xFC,
    0x03, 0xFF, 0x80, 0x0F, 0xFC, 0x2F, 0xFF, 0xFF, 0xFF, 0xF8, 0x7F, 0xFF, 0xFF, 0xFF, 0xF8, 0x7F,
    0xFF, 0xFF, 0xFF, 0xF4, 0x00, 0x00, 0x00, 0x00, 0x00, 0x00, 0x00, 0x00, 0x00, 0x00, 0x00, 0x15,
    0x55, 0x54, 0x00, 0x00, 0x7F, 0xFF, 0xFC, 0x00, 0x00, 0x7F, 0xFF, 0xFC, 0x00, 0x00, 0x7F, 0xFF,
    0xFC, 0x00, 0x00, 0x00, 0x00, 0x00, 0x00, 0x05, 0x56, 0x40, 0x3F, 0xFF, 0xC0, 0x3F, 0xFF, 0xC0,
    0x1B, 0xFF, 0xC0, 0x02, 0xFF, 0xC0, 0x02, 0xFF, 0xC0, 0x02, 0xFF, 0xC0, 0x02, 0xFF, 0xC0, 0x02,
    0xFF, 0xC0, 0x02, 0xFF, 0xC0, 0x02, 0xFF, 0xC0, 0x02, 0xFF, 0xC0, 0x02, 0xFF, 0xC0, 0x02, 0xFF,
    0xC0, 0x02, 0xFF, 0xC0, 0x02, 0xFF, 0xC0, 0x02, 0xFF, 0xC0, 0x02, 0xFF, 0xC0, 0x02, 0xFF, 0xC0,
    0x02, 0xFF, 0xC0, 0x02, 0xFF, 0xC0, 0x02, 0xFF, 0xC0, 0x02, 0xFF, 0xC0, 0x1B, 0xFF, 0xE4, 0x3F,
    0xFF, 0xFD, 0x3F, 0xFF, 0xFD, 0x00, 0x00, 0x00, 0x00, 0x00, 0x00, 0x15, 0x55, 0x54, 0x3F, 0xFF,
    0xFE, 0x3F, 0xFF, 0xFE, 0x3F, 0xFF, 0xFE, 0x00, 0x00, 0x00, 0x15, 0x55, 0x50, 0x00, 0x00, 0x15,
    0x55, 0x40, 0xBF, 0xFF, 0xE0, 0x00, 0x01, 0xFF, 0xFF, 0x82, 0xFF, 0xFF, 0xC0, 0x00, 0x0B, 0xFF,
    0xFE, 0x00, 0xBF, 0xFF, 0x40, 0x00, 0x3F, 0xFF, 0x40, 0x00, 0xFF, 0xFF, 0x00, 0x02, 0xFF, 0xFC,
    0x00, 0x07, 0xFF, 0xFC, 0x00, 0x0F, 0xFF, 0xF0, 0x00, 0x1F, 0xFF, 0xF8, 0x00, 0x7F, 0xFF, 0xC0,
    0x00, 0x7F, 0x7F, 0xF0, 0x03, 0xF7, 0xFF, 0x00, 0x01, 0xFC, 0xFF, 0xD0, 0x0F, 0xCF, 0xFD, 0x00,
    0x0B, 0xF2, 0xFF, 0x80, 0xBD, 0x3F, 0xF4, 0x00, 0x2F, 0xC3, 0xFF, 0x03, 0xF0, 0xFF, 0xD0, 0x00,
    0xBF, 0x0F, 0xFD, 0x1F, 0x83, 0xFF, 0x40, 0x02, 0xF8, 0x1F, 0xFC, 0xFC, 0x0F, 0xFE, 0x00, 0x0B,
    0xE0, 0x3F, 0xF7, 0xF0, 0x3F, 0xF8, 0x00, 0x3F, 0x80, 0xBF, 0xFF, 0x40, 0xBF, 0xE0, 0x00, 0xFE,
    0x00, 0xFF, 0xFC, 0x02, 0xFF, 0x80, 0x03, 0xF4, 0x03, 0xFF, 0xE0, 0x0B, 0xFF, 0x00, 0x0F, 0xD0,
    0x07, 0xFF, 0x00, 0x2F, 0xFC, 0x00, 0x3F, 0x40, 0x0F, 0xFC, 0x00, 0x7F, 0xF0, 0x00, 0xFD, 0x00,
    0x2F, 0xD0, 0x01, 0xFF, 0xC0, 0x03, 0xF4, 0x00, 0x00, 0x00, 0x07, 0xFF, 0x00, 0xBF, 0xF9, 0x00,
    0x00, 0x01, 0xBF, 0xFF, 0x8B, 0xFF, 0xFC, 0x00, 0x00, 0x0F, 0xFF, 0xFF, 0xAF, 0xFF, 0xF0, 0x00,
    0x00, 0x3F, 0xFF, 0xFE, 0x00, 0x00, 0x00, 0x00, 0x00, 0x00, 0x00, 0x00, 0x00, 0x00, 0x00, 0x00,
    0x00, 0x00, 0x00, 0x00, 0x00, 0x00, 0x07, 0xF8, 0x00, 0x00, 0x00, 0x00, 0x00, 0x00, 0x7F, 0xF8,
    0x00, 0x00, 0x00, 0x00, 0x00, 0x02, 0xFF, 0xF0, 0x00, 0x00, 0x00, 0x00, 0x00, 0x0B, 0xFF, 0xC0,
    0x00, 0x00, 0x00, 0x00, 0x00, 0x0F, 0xFD, 0x00, 0x00, 0x00, 0x00, 0x00, 0x00, 0x0A, 0x90, 0x00,
    0x00, 0x00, 0x00, 0x04, 0x01, 0x64, 0x00, 0x06, 0x50, 0x00, 0xBF, 0xFC, 0x1F, 0xFF, 0x80, 0xBF,
    0xFD, 0x00, 0xBF, 0xFD, 0x7F, 0xFF, 0xE3, 0xFF, 0xFF, 0x00, 0xBF, 0xFE, 0xFF, 0xFF, 0xFB, 0xFF,
    0xFF, 0x80, 0x0B, 0xFF, 0xD0, 0xBF, 0xFF, 0x43, 0xFF, 0xC0, 0x07, 0xFF, 0x40, 0x3F, 0xFC, 0x01,
    0xFF, 0xC0, 0x07, 0xFF, 0x00, 0x3F, 0xF8, 0x00, 0xFF, 0xC0, 0x07, 0xFF, 0x00, 0x3F, 0xF8, 0x00,
    0xFF, 0xC0, 0x07, 0xFF, 0x00, 0x3F, 0xF8, 0x00, 0xFF, 0xC0, 0x07, 0xFF, 0x00, 0x3F, 0xF8, 0x00,
    0xFF, 0xC0, 0x07, 0xFF, 0x00, 0x3F, 0xF8, 0x00, 0xFF, 0xC0, 0x07, 0xFF, 0x00, 0x3F, 0xF8, 0x00,
    0xFF, 0xC0, 0x07, 0xFF, 0x00, 0x3F, 0xF8, 0x00, 0xFF, 0xC0, 0x07, 0xFF, 0x00, 0x3F, 0xF8, 0x00,
    0xFF, 0xC0, 0x07, 0xFF, 0x00, 0x3F, 0xF8, 0x00, 0xFF, 0xC0, 0x2F, 0xFF, 0x80, 0xBF, 0xFD, 0x06,
    0xFF, 0xF4, 0xBF, 0xFF, 0xE1, 0xFF, 0xFF, 0x4F, 0xFF, 0xFD, 0xBF, 0xFF, 0xE1, 0xFF, 0xFF, 0x4F,
    0xFF, 0xFD, 0x00, 0x00, 0x00, 0x00, 0x00, 0x00, 0x00, 0x00, 0x00, 0x00, 0x00, 0x00, 0x00, 0x00,
    0x00, 0x00, 0x00, 0x00, 0x00, 0x0B, 0xE0, 0x00, 0x00, 0x00, 0x00, 0x00, 0x00, 0x3F, 0xF8, 0x00,
    0x00, 0x00, 0x00, 0x00, 0x00, 0x7F, 0xFC, 0x00, 0x00, 0x00, 0x00, 0x00, 0x00, 0x7F, 0xFC, 0x00,
    0x00, 0x00, 0x00, 0x00, 0x00, 0x3F, 0xF8, 0x00, 0x00, 0x00, 0x00, 0x00, 0x00, 0x0A, 0x90, 0x00,
    0x00, 0x00, 0x00, 0x00, 0x00, 0x00, 0x00, 0x00, 0x00, 0x00, 0x00, 0x7F, 0xC0, 0x00, 0x00, 0x00,
    0x00, 0x0F, 0xFF, 0x00, 0x00, 0x00, 0x00, 0x01, 0xFF, 0xF0, 0x00, 0x00, 0x00, 0x00, 0x1F, 0xFF,
    0x00, 0x00, 0x00, 0x00, 0x00, 0xBF, 0xD0, 0x00, 0x00, 0x00, 0x00, 0x00, 0x50, 0x00, 0x00, 0x00,
    0x00, 0x00, 0x00, 0x00, 0x00, 0x00, 0x15, 0x55, 0x40, 0x00, 0x15, 0x55, 0x47, 0xFF, 0xFE, 0x00,
    0x07, 0xFF, 0xFD, 0x7F, 0xFF, 0xF4, 0x00, 0x7F, 0xFF, 0xD0, 0x7F, 0xFF, 0xC0, 0x00, 0x7F, 0xD0,
    0x03, 0xFF, 0xFD, 0x00, 0x03, 0xFC, 0x00, 0x3F, 0xFF, 0xF0, 0x00, 0x3F, 0xC0, 0x03, 0xFF, 0xFF,
    0x80, 0x03, 0xFC, 0x00, 0x3F, 0xFF, 0xFD, 0x00, 0x3F, 0xC0, 0x03, 0xFD, 0xFF, 0xF0, 0x03, 0xFC,
    0x00, 0x3F, 0xCF, 0xFF, 0x40, 0x3F, 0xC0, 0x03, 0xFC, 0x3F, 0xFC, 0x03, 0xFC, 0x00, 0x3F, 0xC2,
    0xFF, 0xE0, 0x3F, 0xC0, 0x03, 0xFC, 0x0F, 0xFF, 0x43, 0xFC, 0x00, 0x3F, 0xC0, 0x7F, 0xFC, 0x3F,
    0xC0, 0x03, 0xFC, 0x02, 0xFF, 0xD3, 0xFC, 0x00, 0x3F, 0xC0, 0x0F, 0xFF, 0x3F, 0xC0, 0x03, 0xFC,
    0x00, 0x7F, 0xFB, 0xFC, 0x00, 0x3F, 0xC0, 0x03, 0xFF, 0xFF, 0xC0, 0x03, 0xFC, 0x00, 0x1F, 0xFF,
    0xFC, 0x00, 0x3F, 0xC0, 0x00, 0xBF, 0xFF, 0xC0, 0x03, 0xFC, 0x00, 0x03, 0xFF, 0xFC, 0x02, 0xFF,
    0xF8, 0x00, 0x1F, 0xFF, 0xC0, 0x7F, 0xFF, 0xD0, 0x00, 0xFF, 0xFC, 0x07, 0xFF, 0xFD, 0x00, 0x03,
    0xFF, 0xC0, 0x00, 0x00, 0x2A, 0x40, 0x00, 0x00, 0x00, 0x0F, 0xFE, 0x00, 0x00, 0x00, 0x01, 0xFF,
    0xF0, 0x00, 0x00, 0x00, 0x1F, 0xFF, 0x00, 0x00, 0x00, 0x00, 0xFF, 0xE0, 0x00, 0x00, 0x00, 0x02,
    0xF8, 0x00, 0x00, 0x00, 0x00, 0x00, 0x00, 0x00, 0x00, 0x00, 0x00, 0x00, 0x00, 0x00, 0x00, 0x04,
    0x01, 0x65, 0x00, 0x0B, 0xFF, 0xC1, 0xFF, 0xFC, 0x00, 0xBF, 0xFD, 0x7F, 0xFF, 0xF0, 0x0B, 0xFF,
    0xEF, 0xFF, 0xFF, 0x80, 0x0B, 0xFF, 0xE0, 0x7F, 0xFC, 0x00, 0x7F, 0xF8, 0x01, 0xFF, 0xC0, 0x07,
    0xFF, 0x00, 0x1F, 0xFC, 0x00, 0x7F, 0xF0, 0x00, 0xFF, 0xC0, 0x07, 0xFF, 0x00, 0x0F, 0xFC, 0x00,
    0x7F, 0xF0, 0x00, 0xFF, 0xC0, 0x07, 0xFF, 0x00, 0x0F, 0xFC, 0x00, 0x7F, 0xF0, 0x00, 0xFF, 0xC0,
    0x07, 0xFF, 0x00, 0x0F, 0xFC, 0x00, 0x7F, 0xF0, 0x00, 0xFF, 0xC0, 0x07, 0xFF, 0x00, 0x1F, 0xFC,
    0x02, 0xFF, 0xF9, 0x07, 0xFF, 0xE4, 0xBF, 0xFF, 0xF0, 0xFF, 0xFF, 0xDB, 0xFF, 0xFF, 0x0F, 0xFF,
    0xFD, 0x15, 0x55, 0x40, 0x00, 0x15, 0x55, 0x47, 0xFF, 0xFE, 0x00, 0x07, 0xFF, 0xFD, 0x7F, 0xFF,
    0xF4, 0x00, 0x7F, 0xFF, 0xD0, 0x7F, 0xFF, 0xC0, 0x00, 0x7F, 0xD0, 0x03, 0xFF, 0xFD, 0x00, 0x03,
    0xFC, 0x00, 0x3F, 0xFF, 0xF0, 0x00, 0x3F, 0xC0, 0x03, 0xFF, 0xFF, 0x80, 0x03, 0xFC, 0x00, 0x3F,
    0xFF, 0xFD, 0x00, 0x3F, 0xC0, 0x03, 0xFD, 0xFF, 0xF0, 0x03, 0xFC, 0x00, 0x3F, 0xCF, 0xFF, 0x40,
    0x3F, 0xC0, 0x03, 0xFC, 0x3F, 0xFC, 0x03, 0xFC, 0x00, 0x3F, 0xC2, 0xFF, 0xE0, 0x3F, 0xC0, 0x03,
    0xFC, 0x0F, 0xFF, 0x43, 0xFC, 0x00, 0x3F, 0xC0, 0x7F, 0xFC, 0x3F, 0xC0, 0x03, 0xFC, 0x02, 0xFF,
    0xD3, 0xFC, 0x00, 0x3F, 0xC0, 0x0F, 0xFF, 0x3F, 0xC0, 0x03, 0xFC, 0x00, 0x7F, 0xFB, 0xFC, 0x00,
    0x3F, 0xC0, 0x03, 0xFF, 0xFF, 0xC0, 0x03, 0xFC, 0x00, 0x1F, 0xFF, 0xFC, 0x00, 0x3F, 0xC0, 0x00,
    0xBF, 0xFF, 0xC0, 0x03, 0xFC, 0x00, 0x03, 0xFF, 0xFC, 0x02, 0xFF, 0xF8, 0x00, 0x1F, 0xFF, 0xC0,
    0x7F, 0xFF, 0xD0, 0x00, 0xFF, 0xFC, 0x07, 0xFF, 0xFD, 0x00, 0x03, 0xFF, 0xC0, 0x00, 0x00, 0x00,
    0x00, 0x00, 0x00, 0x00, 0x00, 0x00, 0x00, 0x00, 0x00, 0x00, 0x00, 0x00, 0x06, 0xF8, 0x00, 0x00,
    0x00, 0x00, 0x00, 0xFF, 0xE0, 0x00, 0x00, 0x00, 0x00, 0x1F, 0xFF, 0x00, 0x00, 0x00, 0x00, 0x01,
    0xFF, 0xF0, 0x00, 0x00, 0x00, 0x00, 0x0F, 0xFD, 0x00, 0x00, 0x00, 0x00, 0x00, 0x2A, 0x40, 0x00,
    0x00, 0x00, 0x04, 0x01, 0x65, 0x00, 0x0B, 0xFF, 0xC1, 0xFF, 0xFC, 0x00, 0xBF, 0xFD, 0x7F, 0xFF,
    0xF0, 0x0B, 0xFF, 0xEF, 0xFF, 0xFF, 0x80, 0x0B, 0xFF, 0xE0, 0x7F, 0xFC, 0x00, 0x7F, 0xF8, 0x01,
    0xFF, 0xC0, 0x07, 0xFF, 0x00, 0x1F, 0xFC, 0x00, 0x7F, 0xF0, 0x00, 0xFF, 0xC0, 0x07, 0xFF, 0x00,
    0x0F, 0xFC, 0x00, 0x7F, 0xF0, 0x00, 0xFF, 0xC0, 0x07, 0xFF, 0x00, 0x0F, 0xFC, 0x00, 0x7F, 0xF0,
    0x00, 0xFF, 0xC0, 0x07, 0xFF, 0x00, 0x0F, 0xFC, 0x00, 0x7F, 0xF0, 0x00, 0xFF, 0xC0, 0x07, 0xFF,
    0x00, 0x1F, 0xFC, 0x02, 0xFF, 0xF9, 0x07, 0xFF, 0xE4, 0xBF, 0xFF, 0xF0, 0xFF, 0xFF, 0xDB, 0xFF,
    0xFF, 0x0F, 0xFF, 0xFD, 0x00, 0x00, 0x00, 0x00, 0x00, 0x00, 0x00, 0x00, 0x00, 0x00, 0x00, 0x00,
    0x00, 0x2F, 0x80, 0x00, 0x00, 0x00, 0x0F, 0xFE, 0x00, 0x00, 0x00, 0x01, 0xFF, 0xF0, 0x00, 0x00,
    0x00, 0x1F, 0xFF, 0x00, 0x00, 0x00, 0x00, 0xFF, 0xE0, 0x00, 0x00, 0x00, 0x01, 0xA4, 0x00, 0x00,
    0x15, 0x55, 0x40, 0x00, 0x15, 0x55, 0x47, 0xFF, 0xFE, 0x00, 0x07, 0xFF, 0xFD, 0x7F, 0xFF, 0xF4,
    0x00, 0x7F, 0xFF, 0xD0, 0x7F, 0xFF, 0xC0, 0x00, 0x7F, 0xD0, 0x03, 0xFF, 0xFD, 0x00, 0x03, 0xFC,
    0x00, 0x3F, 0xFF, 0xF0, 0x00, 0x3F, 0xC0, 0x03, 0xFF, 0xFF, 0x80, 0x03, 0xFC, 0x00, 0x3F, 0xFF,
    0xFD, 0x00, 0x3F, 0xC0, 0x03, 0xFD, 0xFF, 0xF0, 0x03, 0xFC, 0x00, 0x3F, 0xCF, 0xFF, 0x40, 0x3F,
    0xC0, 0x03, 0xFC, 0x3F, 0xFC, 0x03, 0xFC, 0x00, 0x3F, 0xC2, 0xFF, 0xE0, 0x3F, 0xC0, 0x03, 0xFC,
    0x0F, 0xFF, 0x43, 0xFC, 0x00, 0x3F, 0xC0, 0x7F, 0xFC, 0x3F, 0xC0, 0x03, 0xFC, 0x02, 0xFF, 0xD3,
    0xFC, 0x00, 0x3F, 0xC0, 0x0F, 0xFF, 0x3F, 0xC0, 0x03, 0xFC, 0x00, 0x7F, 0xFB, 0xFC, 0x00, 0x3F,
    0xC0, 0x03, 0xFF, 0xFF, 0xC0, 0x03, 0xFC, 0x00, 0x1F, 0xFF, 0xFC, 0x00, 0x3F, 0xC0, 0x00, 0xBF,
    0xFF, 0xC0, 0x03, 0xFC, 0x00, 0x03, 0xFF, 0xFC, 0x02, 0xFF, 0xF8, 0x00, 0x1F, 0xFF, 0xC0, 0x7F,
    0xFF, 0xD0, 0x00, 0xFF, 0xFC, 0x07, 0xFF, 0xFD, 0x00, 0x03, 0xFF, 0xC0, 0x00, 0x00, 0x00, 0x00,
    0x00, 0x00, 0x00, 0x00, 0x00, 0x00, 0x00, 0x00, 0x00, 0x00, 0x00, 0x55, 0x55, 0x50, 0x00, 0x00,
    0x00, 0x2F, 0xFF, 0xFF, 0x00, 0x00, 0x00, 0x02, 0xFF, 0xFF, 0xF0, 0x00, 0x00, 0x00, 0x2F, 0xFF,
    0xFF, 0x00, 0x00, 0x00, 0x00, 0x00, 0x00, 0x00, 0x00, 0x00, 0x00, 0x04, 0x01, 0x65, 0x00, 0x0B,
    0xFF, 0xC1, 0xFF, 0xFC, 0x00, 0xBF, 0xFD, 0x7F, 0xFF, 0xF0, 0x0B, 0xFF, 0xEF, 0xFF, 0xFF, 0x80,
    0x0B, 0xFF, 0xE0, 0x7F, 0xFC, 0x00, 0x7F, 0xF8, 0x01, 0xFF, 0xC0, 0x07, 0xFF, 0x00, 0x1F, 0xFC,
    0x00, 0x7F, 0xF0, 0x00, 0xFF, 0xC0, 0x07, 0xFF, 0x00, 0x0F, 0xFC, 0x00, 0x7F, 0xF0, 0x00, 0xFF,
    0xC0, 0x07, 0xFF, 0x00, 0x0F, 0xFC, 0x00, 0x7F, 0xF0, 0x00, 0xFF, 0xC0, 0x07, 0xFF, 0x00, 0x0F,
    0xFC, 0x00, 0x7F, 0xF0, 0x00, 0xFF, 0xC0, 0x07, 0xFF, 0x00, 0x1F, 0xFC, 0x02, 0xFF, 0xF9, 0x07,
    0xFF, 0xE4, 0xBF, 0xFF, 0xF0, 0xFF, 0xFF, 0xDB, 0xFF, 0xFF, 0x0F, 0xFF, 0xFD, 0x00, 0x00, 0x00,
    0x00, 0x00, 0x00, 0x00, 0x00, 0x00, 0x00, 0x00, 0x00, 0x05, 0x55, 0x55, 0x00, 0x00, 0x01, 0xFF,
    0xFF, 0xF0, 0x00, 0x00, 0x1F, 0xFF, 0xFF, 0x00, 0x00, 0x01, 0xFF, 0xFF, 0xF0, 0x00, 0x00, 0x00,
    0x00, 0x00, 0x00, 0x00, 0x00, 0x00, 0x00, 0x14, 0x00, 0x00, 0x00, 0x00, 0x00, 0xBF, 0x00, 0x00,
    0x00, 0x00, 0x02, 0xFF, 0x00, 0x00, 0x00, 0x00, 0x0B, 0xFF, 0x00, 0x00, 0x00, 0x00, 0x2F, 0xFD,
    0x00, 0x00, 0x00, 0x00, 0xBF, 0x90, 0x00, 0x00, 0x00, 0x00, 0xB8, 0x00, 0x00, 0x00, 0x00, 0x00,
    0x00, 0x00, 0x00, 0x00, 0x00, 0x00, 0xB9, 0x00, 0x00, 0x00, 0x00, 0x03, 0xFF, 0xE5, 0xF0, 0x00,
    0x00, 0x0B, 0xFF, 0xFF, 0xF0, 0x00, 0x00, 0x0F, 0xFF, 0xFF, 0xD0, 0x00, 0x00, 0x0A, 0x02, 0xFF,
    0x80, 0x00, 0x00, 0x00, 0x00, 0x14, 0x00, 0x00, 0x00, 0x00, 0x00, 0x00, 0x00, 0x00, 0x00, 0x00,
    0x6B, 0xF9, 0x00, 0x00, 0x00, 0x0B, 0xFF, 0xFF, 0xF4, 0x00, 0x00, 0x7F, 0xFF, 0xFF, 0xFE, 0x00,
    0x01, 0xFF, 0xF9, 0x6F, 0xFF, 0x80, 0x03, 0xFF, 0x80, 0x03, 0xFF, 0xD0, 0x0F, 0xFE, 0x00, 0x00,
    0xFF, 0xF0, 0x1F, 0xFC, 0x00, 0x00, 0x7F, 0xF8, 0x3F, 0xFC, 0x00, 0x00, 0x3F, 0xFC, 0x3F, 0xF8,
    0x00, 0x00, 0x3F, 0xFC, 0x7F, 0xF4, 0x00, 0x00, 0x2F, 0xFD, 0x7F, 0xF4, 0x00, 0x00, 0x2F, 0xFD,
    0xBF, 0xF4, 0x00, 0x00, 0x1F, 0xFD, 0xBF, 0xF4, 0x00, 0x00, 0x1F, 0xFD, 0xBF, 0xF4, 0x00, 0x00,
    0x1F, 0xFD, 0x7F, 0xF4, 0x00, 0x00, 0x2F, 0xFC, 0x7F, 0xF8, 0x00, 0x00, 0x2F, 0xFC, 0x3F, 0xFC,
    0x00, 0x00, 0x3F, 0xFC, 0x3F, 0xFC, 0x00, 0x00, 0x3F, 0xF4, 0x1F, 0xFE, 0x00, 0x00, 0x7F, 0xF0,
    0x0F, 0xFF, 0x40, 0x00, 0xFF, 0xD0, 0x07, 0xFF, 0xD0, 0x07, 0xFF, 0x80, 0x01, 0xFF, 0xFF, 0xFF,
    0xFE, 0x00, 0x00, 0x7F, 0xFF, 0xFF, 0xF8, 0x00, 0x00, 0x07, 0xFF, 0xFF, 0x80, 0x00, 0x00, 0x00,
    0x15, 0x50, 0x00, 0x00, 0x00, 0x00, 0x01, 0x40, 0x00, 0x00, 0x00, 0x3F, 0x40, 0x00, 0x00, 0x03,
    0xFE, 0x00, 0x00, 0x00, 0x3F, 0xF8, 0x00, 0x00, 0x07, 0xFF, 0x80, 0x00, 0x00, 0x7F, 0xE0, 0x00,
    0x00, 0x00, 0xF4, 0x00, 0x00, 0x00, 0x00, 0x00, 0x00, 0x00, 0x00, 0x05, 0x00, 0x00, 0x00, 0x00,
    0xFF, 0xD0, 0x74, 0x00, 0x0F, 0xFF, 0xFF, 0xD0, 0x00, 0x7F, 0xFF, 0xFF, 0x00, 0x02, 0xE1, 0xFF,
    0xF4, 0x00, 0x00, 0x00, 0x2A, 0x40, 0x00, 0x00, 0x00, 0x00, 0x00, 0x00, 0x00, 0x00, 0x00, 0x00,
    0x00, 0x01, 0x69, 0x00, 0x00, 0x01, 0xFF, 0xFF, 0xE0, 0x00, 0x2F, 0xFF, 0xFF, 0xF0, 0x03, 0xFF,
    0xD6, 0xFF, 0xF0, 0x2F, 0xFC, 0x01, 0xFF, 0xE0, 0xFF, 0xD0, 0x02, 0xFF, 0xC7, 0xFF, 0x00, 0x07,
    0xFF, 0x6F, 0xFC, 0x00, 0x0F, 0xFD, 0xBF, 0xF0, 0x00, 0x3F, 0xFB, 0xFF, 0xC0, 0x00, 0xFF, 0xEB,
    0xFF, 0x00, 0x03, 0xFF, 0xAF, 0xFC, 0x00, 0x0F, 0xFD, 0x7F, 0xF4, 0x00, 0x7F, 0xF0, 0xFF, 0xE0,
    0x02, 0xFF, 0xC2, 0xFF, 0xD0, 0x0F, 0xFD, 0x03, 0xFF, 0xE6, 0xFF, 0xE0, 0x03, 0xFF, 0xFF, 0xFE,
    0x00, 0x02, 0xFF, 0xFF, 0x80, 0x00, 0x00, 0x15, 0x50, 0x00, 0x00, 0x00, 0x00, 0x00, 0x00, 0x00,
    0x00, 0x00, 0x0B, 0xF0, 0x0F, 0xE0, 0x00, 0x00, 0x1F, 0xFC, 0x3F, 0xF4, 0x00, 0x00, 0x2F, 0xFC,
    0x3F, 0xF8, 0x00, 0x00, 0x2F, 0xFC, 0x3F, 0xF8, 0x00, 0x00, 0x0F, 0xF0, 0x1F, 0xF0, 0x00, 0x00,
    0x00, 0x00, 0x00, 0x00, 0x00, 0x00, 0x00, 0x00, 0x00, 0x00, 0x00, 0x00, 0x00, 0xB9, 0x00, 0x00,
    0x00, 0x00, 0x03, 0xFF, 0xE5, 0xF0, 0x00, 0x00, 0x0B, 0xFF, 0xFF, 0xF0, 0x00, 0x00, 0x0F, 0xFF,
    0xFF, 0xD0, 0x00, 0x00, 0x0A, 0x02, 0xFF, 0x80, 0x00, 0x00, 0x00, 0x00, 0x14, 0x00, 0x00, 0x00,
    0x00, 0x00, 0x00, 0x00, 0x00, 0x00, 0x00, 0x6B, 0xF9, 0x00, 0x00, 0x00, 0x0B, 0xFF, 0xFF, 0xF4,
    0x00, 0x00, 0x7F, 0xFF, 0xFF, 0xFE, 0x00, 0x01, 0xFF, 0xF9, 0x6F, 0xFF, 0x80, 0x03, 0xFF, 0x80,
    0x03, 0xFF, 0xD0, 0x0F, 0xFE, 0x00, 0x00, 0xFF, 0xF0, 0x1F, 0xFC, 0x00, 0x00, 0x7F, 0xF8, 0x3F,
    0xFC, 0x00, 0x00, 0x3F, 0xFC, 0x3F, 0xF8, 0x00, 0x00, 0x3F, 0xFC, 0x7F, 0xF4, 0x00, 0x00, 0x2F,
    0xFD, 0x7F, 0xF4, 0x00, 0x00, 0x2F, 0xFD, 0xBF, 0xF4, 0x00, 0x00, 0x1F, 0xFD, 0xBF, 0xF4, 0x00,
    0x00, 0x1F, 0xFD, 0xBF, 0xF4, 0x00, 0x00, 0x1F, 0xFD, 0x7F, 0xF4, 0x00, 0x00, 0x2F, 0xFC, 0x7F,
    0xF8, 0x00, 0x00, 0x2F, 0xFC, 0x3F, 0xFC, 0x00, 0x00, 0x3F, 0xFC, 0x3F, 0xFC, 0x00, 0x00, 0x3F,
    0xF4, 0x1F, 0xFE, 0x00, 0x00, 0x7F, 0xF0, 0x0F, 0xFF, 0x40, 0x00, 0xFF, 0xD0, 0x07, 0xFF, 0xD0,
    0x07, 0xFF, 0x80, 0x01, 0xFF, 0xFF, 0xFF, 0xFE, 0x00, 0x00, 0x7F, 0xFF, 0xFF, 0xF8, 0x00, 0x00,
    0x07, 0xFF, 0xFF, 0x80, 0x00, 0x00, 0x00, 0x15, 0x50, 0x00, 0x00, 0x00, 0x00, 0x00, 0x00, 0x00,
    0x07, 0xF4, 0x0B, 0xF4, 0x00, 0x3F, 0xF4, 0x7F, 0xF0, 0x00, 0xFF, 0xD2, 0xFF, 0xC0, 0x03, 0xFF,
    0x47, 0xFF, 0x00, 0x07, 0xF8, 0x0B, 0xF4, 0x00, 0x01, 0x00, 0x00, 0x00, 0x00, 0x01, 0x40, 0x00,
    0x00, 0x00, 0x3F, 0xF4, 0x1D, 0x00, 0x03, 0xFF, 0xFF, 0xF4, 0x00, 0x1F, 0xFF, 0xFF, 0xC0, 0x00,
    0xB8, 0x7F, 0xFD, 0x00, 0x00, 0x00, 0x0A, 0x90, 0x00, 0x00, 0x00, 0x00, 0x00, 0x00, 0x00, 0x00,
    0x00, 0x00, 0x00, 0x00, 0x5A, 0x40, 0x00, 0x00, 0x7F, 0xFF, 0xF8, 0x00, 0x0B, 0xFF, 0xFF, 0xFC,
    0x00, 0xFF, 0xF5, 0xBF, 0xFC, 0x0B, 0xFF, 0x00, 0x7F, 0xF8, 0x3F, 0xF4, 0x00, 0xBF, 0xF1, 0xFF,
    0xC0, 0x01, 0xFF, 0xDB, 0xFF, 0x00, 0x03, 0xFF, 0x6F, 0xFC, 0x00, 0x0F, 0xFE, 0xFF, 0xF0, 0x00,
    0x3F, 0xFA, 0xFF, 0xC0, 0x00, 0xFF, 0xEB, 0xFF, 0x00, 0x03, 0xFF, 0x5F, 0xFD, 0x00, 0x1F, 0xFC,
    0x3F, 0xF8, 0x00, 0xBF, 0xF0, 0xBF, 0xF4, 0x03, 0xFF, 0x40, 0xFF, 0xF9, 0xBF, 0xF8, 0x00, 0xFF,
    0xFF, 0xFF, 0x80, 0x00, 0xBF, 0xFF, 0xE0, 0x00, 0x00, 0x05, 0x54, 0x00, 0x00, 0x00, 0x00, 0x50,
    0x00, 0x00, 0x00, 0x00, 0x01, 0xFC, 0x00, 0x00, 0x00, 0x00, 0x03, 0xFF, 0x00, 0x00, 0x00, 0x00,
    0x02, 0xFF, 0xC0, 0x00, 0x00, 0x00, 0x00, 0xBF, 0xF0, 0x00, 0x00, 0x00, 0x00, 0x0B, 0xFC, 0x00,
    0x00, 0x00, 0x00, 0x00, 0x7C, 0x00, 0x00, 0x00, 0x00, 0x00, 0x00, 0x00, 0x00, 0x00, 0x00, 0x00,
    0x00, 0x00, 0x00, 0x00, 0x07, 0xFF, 0xFF, 0xD0, 0x00, 0x00, 0x07, 0xFF, 0xFF, 0xD0, 0x00, 0x00,
    0x07, 0xFF, 0xFF, 0xD0, 0x00, 0x00, 0x06, 0xAA, 0xAA, 0x90, 0x00, 0x00, 0x00, 0x00, 0x00, 0x00,
    0x00, 0x00, 0x00, 0x00, 0x00, 0x00, 0x00, 0x00, 0x00, 0x6B, 0xF9, 0x00, 0x00, 0x00, 0x0B, 0xFF,
    0xFF, 0xF4, 0x00, 0x00, 0x7F, 0xFF, 0xFF, 0xFE, 0x00, 0x01, 0xFF, 0xF9, 0x6F, 0xFF, 0x80, 0x03,
    0xFF, 0x80, 0x03, 0xFF, 0xD0, 0x0F, 0xFE, 0x00, 0x00, 0xFF, 0xF0, 0x1F, 0xFC, 0x00, 0x00, 0x7F,
    0xF8, 0x3F, 0xFC, 0x00, 0x00, 0x3F, 0xFC, 0x3F, 0xF8, 0x00, 0x00, 0x3F, 0xFC, 0x7F, 0xF4, 0x00,
    0x00, 0x2F, 0xFD, 0x7F, 0xF4, 0x00, 0x00, 0x2F, 0xFD, 0xBF, 0xF4, 0x00, 0x00, 0x1F, 0xFD, 0xBF,
    0xF4, 0x00, 0x00, 0x1F, 0xFD, 0xBF, 0xF4, 0x00, 0x00, 0x1F, 0xFD, 0x7F, 0xF4, 0x00, 0x00, 0x2F,
    0xFC, 0x7F, 0xF8, 0x00, 0x00, 0x2F, 0xFC, 0x3F, 0xFC, 0x00, 0x00, 0x3F, 0xFC, 0x3F, 0xFC, 0x00,
    0x00, 0x3F, 0xF4, 0x1F, 0xFE, 0x00, 0x00, 0x7F, 0xF0, 0x0F, 0xFF, 0x40, 0x00, 0xFF, 0xD0, 0x07,
    0xFF, 0xD0, 0x07, 0xFF, 0x80, 0x01, 0xFF, 0xFF, 0xFF, 0xFE, 0x00, 0x00, 0x7F, 0xFF, 0xFF, 0xF8,
    0x00, 0x00, 0x07, 0xFF, 0xFF, 0x80, 0x00, 0x00, 0x00, 0x15, 0x50, 0x00, 0x00, 0x00, 0x05, 0x00,
    0x00, 0x00, 0x00, 0xFE, 0x00, 0x00, 0x00, 0x03, 0xFE, 0x00, 0x00, 0x00, 0x0F, 0xFE, 0x00, 0x00,
    0x00, 0x1F, 0xFE, 0x00, 0x00, 0x00, 0x06, 0xFE, 0x00, 0x00, 0x00, 0x00, 0xB8, 0x00, 0x00, 0x00,
    0x00, 0x00, 0x00, 0x00, 0x55, 0x55, 0x54, 0x00, 0x03, 0xFF, 0xFF, 0xE0, 0x00, 0x0F, 0xFF, 0xFF,
    0x80, 0x00, 0x3F, 0xFF, 0xFE, 0x00, 0x00, 0x00, 0x00, 0x00, 0x00, 0x00, 0x00, 0x00, 0x00, 0x00,
    0x00, 0x00, 0x00, 0x00, 0x00, 0x00, 0x5A, 0x40, 0x00, 0x00, 0x7F, 0xFF, 0xF8, 0x00, 0x0B, 0xFF,
    0xFF, 0xFC, 0x00, 0xFF, 0xF5, 0xBF, 0xFC, 0x0B, 0xFF, 0x00, 0x7F, 0xF8, 0x3F, 0xF4, 0x00, 0xBF,
    0xF1, 0xFF, 0xC0, 0x01, 0xFF, 0xDB, 0xFF, 0x00, 0x03, 0xFF, 0x6F, 0xFC, 0x00, 0x0F, 0xFE, 0xFF,
    0xF0, 0x00, 0x3F, 0xFA, 0xFF, 0xC0, 0x00, 0xFF, 0xEB, 0xFF, 0x00, 0x03, 0xFF, 0x5F, 0xFD, 0x00,
    0x1F, 0xFC, 0x3F, 0xF8, 0x00, 0xBF, 0xF0, 0xBF, 0xF4, 0x03, 0xFF, 0x40, 0xFF, 0xF9, 0xBF, 0xF8,
    0x00, 0xFF, 0xFF, 0xFF, 0x80, 0x00, 0xBF, 0xFF, 0xE0, 0x00, 0x00, 0x05, 0x54, 0x00, 0x00, 0x00,
    0x00, 0x00, 0x14, 0x00, 0x00, 0x00, 0x00, 0x00, 0xBF, 0x00, 0x00, 0x00, 0x00, 0x02, 0xFF, 0x00,
    0x00, 0x00, 0x00, 0x0B, 0xFF, 0x00, 0x00, 0x00, 0x00, 0x2F, 0xFD, 0x00, 0x00, 0x00, 0x00, 0xFF,
    0x90, 0x00, 0x00, 0x00, 0x00, 0xB8, 0x00, 0x00, 0x00, 0x00, 0x00, 0x00, 0x00, 0x00, 0x00, 0x00,
    0x00, 0x00, 0x00, 0x00, 0x00, 0x00, 0x07, 0xFF, 0xFF, 0xD0, 0x00, 0x00, 0x07, 0xFF, 0xFF, 0xD0,
    0x00, 0x00, 0x07, 0xFF, 0xFF, 0xD0, 0x00, 0x00, 0x06, 0xAA, 0xAA, 0x90, 0x00, 0x00, 0x00, 0x00,
    0x00, 0x00, 0x00, 0x00, 0x00, 0x00, 0x00, 0x00, 0x00, 0x00, 0x00, 0x6B, 0xF9, 0x00, 0x00, 0x00,
    0x0B, 0xFF, 0xFF, 0xF4, 0x00, 0x00, 0x7F, 0xFF, 0xFF, 0xFE, 0x00, 0x01, 0xFF, 0xF9, 0x6F, 0xFF,
    0x80, 0x03, 0xFF, 0x80, 0x03, 0xFF, 0xD0, 0x0F, 0xFE, 0x00, 0x00, 0xFF, 0xF0, 0x1F, 0xFC, 0x00,
    0x00, 0x7F, 0xF8, 0x3F, 0xFC, 0x00, 0x00, 0x3F, 0xFC, 0x3F, 0xF8, 0x00, 0x00, 0x3F, 0xFC, 0x7F,
    0xF4, 0x00, 0x00, 0x2F, 0xFD, 0x7F, 0xF4, 0x00, 0x00, 0x2F, 0xFD, 0xBF, 0xF4, 0x00, 0x00, 0x1F,
    0xFD, 0xBF, 0xF4, 0x00, 0x00, 0x1F, 0xFD, 0xBF, 0xF4, 0x00, 0x00, 0x1F, 0xFD, 0x7F, 0xF4, 0x00,
    0x00, 0x2F, 0xFC, 0x7F, 0xF8, 0x00, 0x00, 0x2F, 0xFC, 0x3F, 0xFC, 0x00, 0x00, 0x3F, 0xFC, 0x3F,
    0xFC, 0x00, 0x00, 0x3F, 0xF4, 0x1F, 0xFE, 0x00, 0x00, 0x7F, 0xF0, 0x0F, 0xFF, 0x40, 0x00, 0xFF,
    0xD0, 0x07, 0xFF, 0xD0, 0x07, 0xFF, 0x80, 0x01, 0xFF, 0xFF, 0xFF, 0xFE, 0x00, 0x00, 0x7F, 0xFF,
    0xFF, 0xF8, 0x00, 0x00, 0x07, 0xFF, 0xFF, 0x80, 0x00, 0x00, 0x00, 0x15, 0x50, 0x00, 0x00, 0x00,
    0x00, 0x01, 0x40, 0x00, 0x00, 0x00, 0x3F, 0x40, 0x00, 0x00, 0x03, 0xFF, 0x00, 0x00, 0x00, 0x3F,
    0xF8, 0x00, 0x00, 0x03, 0xFF, 0x80, 0x00, 0x00, 0x3F, 0xE0, 0x00, 0x00, 0x00, 0xF4, 0x00, 0x00,
    0x00, 0x00, 0x00, 0x00, 0x00, 0x00, 0x55, 0x55, 0x54, 0x00, 0x03, 0xFF, 0xFF, 0xE0, 0x00, 0x0F,
    0xFF, 0xFF, 0x80, 0x00, 0x3F, 0xFF, 0xFE, 0x00, 0x00, 0x00, 0x00, 0x00, 0x00, 0x00, 0x00, 0x00,
    0x00, 0x00, 0x00, 0x00, 0x00, 0x00, 0x00, 0x00, 0x5A, 0x40, 0x00, 0x00, 0x7F, 0xFF, 0xF8, 0x00,
    0x0B, 0xFF, 0xFF, 0xFC, 0x00, 0xFF, 0xF5, 0xBF, 0xFC, 0x0B, 0xFF, 0x00, 0x7F, 0xF8, 0x3F, 0xF4,
    0x00, 0xBF, 0xF1, 0xFF, 0xC0, 0x01, 0xFF, 0xDB, 0xFF, 0x00, 0x03, 0xFF, 0x6F, 0xFC, 0x00, 0x0F,
    0xFE, 0xFF, 0xF0, 0x00, 0x3F, 0xFA, 0xFF, 0xC0, 0x00, 0xFF, 0xEB, 0xFF, 0x00, 0x03, 0xFF, 0x5F,
    0xFD, 0x00, 0x1F, 0xFC, 0x3F, 0xF8, 0x00, 0xBF, 0xF0, 0xBF, 0xF4, 0x03, 0xFF, 0x40, 0xFF, 0xF9,
    0xBF, 0xF8, 0x00, 0xFF, 0xFF, 0xFF, 0x80, 0x00, 0xBF, 0xFF, 0xE0, 0x00, 0x00, 0x05, 0x54, 0x00,
    0x00, 0x15, 0x55, 0x55, 0x40, 0x00, 0x00, 0x7F, 0xFF, 0xFF, 0xFF, 0x40, 0x00, 0x7F, 0xFF, 0xFF,
    0xFF, 0xF4, 0x00, 0x07, 0xFF, 0xD6, 0xFF, 0xFC, 0x00, 0x03, 0xFF, 0x80, 0x2F, 0xFE, 0x00, 0x03,
    0xFF, 0x80, 0x0F, 0xFF, 0x00, 0x03, 0xFF, 0x80, 0x0F, 0xFF, 0x00, 0x03, 0xFF, 0x80, 0x0F, 0xFF,
    0x00, 0x03, 0xFF, 0x80, 0x0F, 0xFE, 0x00, 0x03, 0xFF, 0x80, 0x1F, 0xFC, 0x00, 0x03, 0xFF, 0x80,
    0x7F, 0xF0, 0x00, 0x03, 0xFF, 0xFF, 0xFF, 0x80, 0x00, 0x03, 0xFF, 0xFF, 0xF4, 0x00, 0x00, 0x03,
    0xFF, 0xEB, 0xFF, 0x00, 0x00, 0x03, 0xFF, 0x81, 0xFF, 0xC0, 0x00, 0x03, 0xFF, 0x80, 0xFF, 0xF0,
    0x00, 0x03, 0xFF, 0x80, 0xBF, 0xF0, 0x00, 0x03, 0xFF, 0x80, 0x7F, 0xF8, 0x00, 0x03, 0xFF, 0x80,
    0x3F, 0xFC, 0x00, 0x03, 0xFF, 0x80, 0x2F, 0xFD, 0x00, 0x03, 0xFF, 0xC0, 0x1F, 0xFF, 0x00, 0x2F,
    0xFF, 0xE8, 0x0F, 0xFF, 0xFC, 0x7F, 0xFF, 0xFD, 0x07, 0xFF, 0xFD, 0x7F, 0xFF, 0xFD, 0x01, 0xFF,
    0xF8, 0x00, 0x00, 0x00, 0x00, 0x15, 0x40, 0x00, 0x00, 0x00, 0x00, 0x00, 0x00, 0x00, 0x00, 0x1F,
    0xD0, 0x00, 0x00, 0x00, 0x00, 0xBF, 0xF4, 0x00, 0x00, 0x00, 0x00, 0xFF, 0xF8, 0x00, 0x00, 0x00,
    0x00, 0xFF, 0xF8, 0x00, 0x00, 0x00, 0x00, 0x7F, 0xF0, 0x00, 0x00, 0x00, 0x00, 0x1A, 0x80, 0x00,
    0x00, 0x00, 0x14, 0x01, 0x90, 0x2F, 0xFF, 0x07, 0xFF, 0x8B, 0xFF, 0xD7, 0xFF, 0xF6, 0xFF, 0xFB,
    0xEB, 0xFE, 0x0B, 0xFF, 0xD1, 0xFF, 0x81, 0xFF, 0xE0, 0xBF, 0xE0, 0x7F, 0xF0, 0x1F, 0xF0, 0x1F,
    0xFC, 0x00, 0x50, 0x07, 0xFF, 0x00, 0x00, 0x01, 0xFF, 0xC0, 0x00, 0x00, 0x7F, 0xF0, 0x00, 0x00,
    0x1F, 0xFC, 0x00, 0x00, 0x07, 0xFF, 0x00, 0x00, 0x01, 0xFF, 0xC0, 0x00, 0x00, 0x7F, 0xF0, 0x00,
    0x00, 0xBF, 0xFF, 0x90, 0x00, 0xBF, 0xFF, 0xFD, 0x00, 0x2F, 0xFF, 0xFF, 0x40, 0x00, 0x00, 0x00,
    0x00, 0x00, 0x00, 0x00, 0x00, 0x00, 0x01, 0xFE, 0x00, 0x00, 0x01, 0xFF, 0xE0, 0x00, 0x00, 0xBF,
    0xFC, 0x00, 0x00, 0x2F, 0xFF, 0x00, 0x00, 0x03, 0xFF, 0x40, 0x00, 0x00, 0x2A, 0x40, 0x00, 0x00,
    0x00, 0x7F, 0xFF, 0xFE, 0x00, 0x00, 0x00, 0x7F, 0xFF, 0xFE, 0x00, 0x00, 0x00, 0x7F, 0xFF, 0xFE,
    0x00, 0x00, 0x00, 0x2A, 0xAA, 0xA9, 0x00, 0x00, 0x00, 0x00, 0x00, 0x00, 0x00, 0x00, 0x00, 0x00,
    0x00, 0x00, 0x00, 0x00, 0x15, 0x55, 0x55, 0x40, 0x00, 0x00, 0x7F, 0xFF, 0xFF, 0xFF, 0x40, 0x00,
    0x7F, 0xFF, 0xFF, 0xFF, 0xF4, 0x00, 0x07, 0xFF, 0xD6, 0xFF, 0xFC, 0x00, 0x03, 0xFF, 0x80, 0x2F,
    0xFE, 0x00, 0x03, 0xFF, 0x80, 0x0F, 0xFF, 0x00, 0x03, 0xFF, 0x80, 0x0F, 0xFF, 0x00, 0x03, 0xFF,
    0x80, 0x0F, 0xFF, 0x00, 0x03, 0xFF, 0x80, 0x0F, 0xFE, 0x00, 0x03, 0xFF, 0x80, 0x1F, 0xFC, 0x00,
    0x03, 0xFF, 0x80, 0x7F, 0xF0, 0x00, 0x03, 0xFF, 0xFF, 0xFF, 0x80, 0x00, 0x03, 0xFF, 0xFF, 0xF4,
    0x00, 0x00, 0x03, 0xFF, 0xEB, 0xFF, 0x00, 0x00, 0x03, 0xFF, 0x81, 0xFF, 0xC0, 0x00, 0x03, 0xFF,
    0x80, 0xFF, 0xF0, 0x00, 0x03, 0xFF, 0x80, 0xBF, 0xF0, 0x00, 0x03, 0xFF, 0x80, 0x7F, 0xF8, 0x00,
    0x03, 0xFF, 0x80, 0x3F, 0xFC, 0x00, 0x03, 0xFF, 0x80, 0x2F, 0xFD, 0x00, 0x03, 0xFF, 0xC0, 0x1F,
    0xFF, 0x00, 0x2F, 0xFF, 0xE8, 0x0F, 0xFF, 0xFC, 0x7F, 0xFF, 0xFD, 0x07, 0xFF, 0xFD, 0x7F, 0xFF,
    0xFD, 0x01, 0xFF, 0xF8, 0x00, 0x00, 0x00, 0x00, 0x15, 0x40, 0x00, 0x00, 0x00, 0x00, 0x00, 0x00,
    0x00, 0x00, 0x1F, 0xD0, 0x00, 0x00, 0x00, 0x00, 0xBF, 0xF4, 0x00, 0x00, 0x00, 0x00, 0xFF, 0xF8,
    0x00, 0x00, 0x00, 0x00, 0xFF, 0xF8, 0x00, 0x00, 0x00, 0x00, 0x7F, 0xF0, 0x00, 0x00, 0x00, 0x00,
    0x1A, 0x80, 0x00, 0x00, 0x01, 0x55, 0x55, 0x50, 0x00, 0xBF, 0xFF, 0xFC, 0x00, 0x2F, 0xFF, 0xFF,
    0x00, 0x0B, 0xFF, 0xFF, 0xC0, 0x00, 0x00, 0x00, 0x00, 0x00, 0x00, 0x00, 0x00, 0x00, 0x00, 0x00,
    0x00, 0x00, 0x00, 0x50, 0x06, 0x40, 0xBF, 0xFC, 0x1F, 0xFE, 0x2F, 0xFF, 0x5F, 0xFF, 0xDB, 0xFF,
    0xEF, 0xAF, 0xF8, 0x2F, 0xFF, 0x47, 0xFE, 0x07, 0xFF, 0x82, 0xFF, 0x81, 0xFF, 0xC0, 0x7F, 0xC0,
    0x7F, 0xF0, 0x01, 0x40, 0x1F, 0xFC, 0x00, 0x00, 0x07, 0xFF, 0x00, 0x00, 0x01, 0xFF, 0xC0, 0x00,
    0x00, 0x7F, 0xF0, 0x00, 0x00, 0x1F, 0xFC, 0x00, 0x00, 0x07, 0xFF, 0x00, 0x00, 0x01, 0xFF, 0xC0,
    0x00, 0x02, 0xFF, 0xFE, 0x40, 0x02, 0xFF, 0xFF, 0xF4, 0x00, 0xBF, 0xFF, 0xFD, 0x00, 0x00, 0x00,
    0x00, 0x00, 0x00, 0x00, 0x00, 0x00, 0x00, 0x07, 0xF8, 0x00, 0x00, 0x07, 0xFF, 0x80, 0x00, 0x02,
    0xFF, 0xF0, 0x00, 0x00, 0xBF, 0xFC, 0x00, 0x00, 0x0F, 0xFD, 0x00, 0x00, 0x00, 0xA9, 0x00, 0x00,
    0x00, 0x15, 0x55, 0x55, 0x40, 0x00, 0x00, 0x7F, 0xFF, 0xFF, 0xFF, 0x40, 0x00, 0x7F, 0xFF, 0xFF,
    0xFF, 0xF4, 0x00, 0x07, 0xFF, 0xD6, 0xFF, 0xFC, 0x00, 0x03, 0xFF, 0x80, 0x2F, 0xFE, 0x00, 0x03,
    0xFF, 0x80, 0x0F, 0xFF, 0x00, 0x03, 0xFF, 0x80, 0x0F, 0xFF, 0x00, 0x03, 0xFF, 0x80, 0x0F, 0xFF,
    0x00, 0x03, 0xFF, 0x80, 0x0F, 0xFE, 0x00, 0x03, 0xFF, 0x80, 0x1F, 0xFC, 0x00, 0x03, 0xFF, 0x80,
    0x7F, 0xF0, 0x00, 0x03, 0xFF, 0xFF, 0xFF, 0x80, 0x00, 0x03, 0xFF, 0xFF, 0xF4, 0x00, 0x00, 0x03,
    0xFF, 0xEB, 0xFF, 0x00, 0x00, 0x03, 0xFF, 0x81, 0xFF, 0xC0, 0x00, 0x03, 0xFF, 0x80, 0xFF, 0xF0,
    0x00, 0x03, 0xFF, 0x80, 0xBF, 0xF0, 0x00, 0x03, 0xFF, 0x80, 0x7F, 0xF8, 0x00, 0x03, 0xFF, 0x80,
    0x3F, 0xFC, 0x00, 0x03, 0xFF, 0x80, 0x2F, 0xFD, 0x00, 0x03, 0xFF, 0xC0, 0x1F, 0xFF, 0x00, 0x2F,
    0xFF, 0xE8, 0x0F, 0xFF, 0xFC, 0x7F, 0xFF, 0xFD, 0x07, 0xFF, 0xFD, 0x7F, 0xFF, 0xFD, 0x01, 0xFF,
    0xF8, 0x00, 0x00, 0x00, 0x00, 0x15, 0x40, 0x00, 0x00, 0x00, 0x00, 0x00, 0x00, 0x00, 0x05, 0x55,
    0x55, 0x40, 0x00, 0x00, 0x0F, 0xFF, 0xFF, 0x80, 0x00, 0x00, 0x0F, 0xFF, 0xFF, 0x80, 0x00, 0x00,
    0x0F, 0xFF, 0xFF, 0x80, 0x00, 0x00, 0x00, 0x00, 0x00, 0x00, 0x00, 0x00, 0x14, 0x01, 0x90, 0x2F,
    0xFF, 0x07, 0xFF, 0x8B, 0xFF, 0xD7, 0xFF, 0xF6, 0xFF, 0xFB, 0xEB, 0xFE, 0x0B, 0xFF, 0xD1, 0xFF,
    0x81, 0xFF, 0xE0, 0xBF, 0xE0, 0x7F, 0xF0, 0x1F, 0xF0, 0x1F, 0xFC, 0x00, 0x50, 0x07, 0xFF, 0x00,
    0x00, 0x01, 0xFF, 0xC0, 0x00, 0x00, 0x7F, 0xF0, 0x00, 0x00, 0x1F, 0xFC, 0x00, 0x00, 0x07, 0xFF,
    0x00, 0x00, 0x01, 0xFF, 0xC0, 0x00, 0x00, 0x7F, 0xF0, 0x00, 0x00, 0xBF, 0xFF, 0x90, 0x00, 0xBF,
    0xFF, 0xFD, 0x00, 0x2F, 0xFF, 0xFF, 0x40, 0x00, 0x00, 0x00, 0x00, 0x00, 0x00, 0x00, 0x00, 0x00,
    0x55, 0x55, 0x54, 0x00, 0x2F, 0xFF, 0xFF, 0x00, 0x0B, 0xFF, 0xFF, 0xC0, 0x02, 0xFF, 0xFF, 0xF0,
    0x00, 0x00, 0x00, 0x00, 0x00, 0x00, 0x00, 0x00, 0x00, 0x00, 0x00, 0x00, 0x0F, 0xF8, 0x00, 0x00,
    0x00, 0xBF, 0xF4, 0x00, 0x00, 0x03, 0xFF, 0xE0, 0x00, 0x00, 0x0F, 0xFF, 0x40, 0x00, 0x00, 0x1F,
    0xFC, 0x00, 0x00, 0x00, 0x05, 0x40, 0x00, 0x00, 0x00, 0x00, 0x00, 0x00, 0x00, 0x1A, 0xF9, 0x07,
    0x80, 0x03, 0xFF, 0xFF, 0xBF, 0x00, 0x3F, 0xFF, 0xFF, 0xFC, 0x03, 0xFF, 0x81, 0xBF, 0xF0, 0x1F,
    0xF4, 0x00, 0x7F, 0xC0, 0xFF, 0xC0, 0x00, 0x7F, 0x03, 0xFF, 0x00, 0x00, 0xBD, 0x0F, 0xFE, 0x00,
    0x01, 0xA0, 0x3F, 0xFE, 0x00, 0x00, 0x00, 0xFF, 0xFF, 0xD0, 0x00, 0x01, 0xFF, 0xFF, 0xFD, 0x00,
    0x02, 0xFF, 0xFF, 0xFF, 0x40, 0x02, 0xFF, 0xFF, 0xFF, 0x40, 0x01, 0xFF, 0xFF, 0xFF, 0x00, 0x00,
    0x2F, 0xFF, 0xFE, 0x00, 0x00, 0x02, 0xFF, 0xFC, 0x14, 0x00, 0x01, 0xFF, 0xF2, 0xF4, 0x00, 0x02,
    0xFF, 0xC7, 0xF0, 0x00, 0x07, 0xFF, 0x1F, 0xE0, 0x00, 0x1F, 0xF8, 0x7F, 0xF0, 0x00, 0xFF, 0xC0,
    0xFF, 0xFE, 0xBF, 0xFE, 0x03, 0xFF, 0xFF, 0xFF, 0xE0, 0x0F, 0x47, 0xFF, 0xF8, 0x00, 0x00, 0x00,
    0x55, 0x00, 0x00, 0x00, 0x1A, 0x80, 0x00, 0x01, 0xFF, 0xC0, 0x00, 0x0F, 0xFF, 0x80, 0x00, 0x3F,
    0xFE, 0x00, 0x00, 0xBF, 0xF0, 0x00, 0x00, 0x7F, 0x40, 0x00, 0x00, 0x00, 0x00, 0x00, 0x00, 0x00,
    0x00, 0x00, 0x1A, 0x41, 0x90, 0x0F, 0xFF, 0xFF, 0xC0, 0xFF, 0xFF, 0xFF, 0x0F, 0xF4, 0x07, 0xFC,
    0x3F, 0xC0, 0x07, 0xF1, 0xFF, 0x00, 0x0B, 0xC7, 0xFF, 0x90, 0x00, 0x0F, 0xFF, 0xF9, 0x00, 0x2F,
    0xFF, 0xFF, 0x80, 0x2F, 0xFF, 0xFF, 0x80, 0x1F, 0xFF, 0xFF, 0x40, 0x01, 0xBF, 0xFE, 0x68, 0x00,
    0x1F, 0xFA, 0xF8, 0x00, 0x2F, 0xE7, 0xF4, 0x00, 0xFF, 0x5F, 0xF9, 0x1B, 0xFC, 0x7F, 0xFF, 0xFF,
    0xC0, 0xFB, 0xFF, 0xF8, 0x01, 0x40, 0x55, 0x00, 0x00, 0x00, 0x1A, 0xF9, 0x07, 0x80, 0x03, 0xFF,
    0xFF, 0xBF, 0x00, 0x3F, 0xFF, 0xFF, 0xFC, 0x03, 0xFF, 0x81, 0xBF, 0xF0, 0x1F, 0xF4, 0x00, 0x7F,
    0xC0, 0xFF, 0xC0, 0x00, 0x7F, 0x03, 0xFF, 0x00, 0x00, 0xBD, 0x0F, 0xFE, 0x00, 0x01, 0xA0, 0x3F,
    0xFE, 0x00, 0x00, 0x00, 0xFF, 0xFF, 0xD0, 0x00, 0x01, 0xFF, 0xFF, 0xFD, 0x00, 0x02, 0xFF, 0xFF,
    0xFF, 0x40, 0x02, 0xFF, 0xFF, 0xFF, 0x40, 0x01, 0xFF, 0xFF, 0xFF, 0x00, 0x00, 0x2F, 0xFF, 0xFE,
    0x00, 0x00, 0x02, 0xFF, 0xFC, 0x14, 0x00, 0x01, 0xFF, 0xF2, 0xF4, 0x00, 0x02, 0xFF, 0xC7, 0xF0,
    0x00, 0x07, 0xFF, 0x1F, 0xE0, 0x00, 0x1F, 0xF8, 0x7F, 0xF0, 0x00, 0xFF, 0xC0, 0xFF, 0xFE, 0xBF,
    0xFE, 0x03, 0xFF, 0xFF, 0xFF, 0xE0, 0x0F, 0x47, 0xFF, 0xF8, 0x00, 0x00, 0x00, 0x55, 0x00, 0x00,
    0x00, 0x00, 0x00, 0x00, 0x00, 0x00, 0x1F, 0xD0, 0x00, 0x00, 0x01, 0xFF, 0xD0, 0x00, 0x00, 0x0B,
    0xFF, 0xC0, 0x00, 0x00, 0x2F, 0xFE, 0x00, 0x00, 0x00, 0x3F, 0xF4, 0x00, 0x00, 0x00, 0x2A, 0x00,
    0x00, 0x00, 0x1A, 0x41, 0x90, 0x0F, 0xFF, 0xFF, 0xC0, 0xFF, 0xFF, 0xFF, 0x0F, 0xF4, 0x07, 0xFC,
    0x3F, 0xC0, 0x07, 0xF1, 0xFF, 0x00, 0x0B, 0xC7, 0xFF, 0x90, 0x00, 0x0F, 0xFF, 0xF9, 0x00, 0x2F,
    0xFF, 0xFF, 0x80, 0x2F, 0xFF, 0xFF, 0x80, 0x1F, 0xFF, 0xFF, 0x40, 0x01, 0xBF, 0xFE, 0x68, 0x00,
    0x1F, 0xFA, 0xF8, 0x00, 0x2F, 0xE7, 0xF4, 0x00, 0xFF, 0x5F, 0xF9, 0x1B, 0xFC, 0x7F, 0xFF, 0xFF,
    0xC0, 0xFB, 0xFF, 0xF8, 0x01, 0x40, 0x55, 0x00, 0x00, 0x00, 0x00, 0x00, 0x00, 0x1F, 0xD0, 0x00,
    0x01, 0xFF, 0xD0, 0x00, 0x0B, 0xFF, 0xC0, 0x00, 0x2F, 0xFF, 0x00, 0x00, 0x3F, 0xF4, 0x00, 0x00,
    0x2A, 0x00, 0x00, 0x00, 0x00, 0x00, 0x00, 0x00, 0x00, 0x1F, 0xF0, 0x00, 0x00, 0x00, 0xFF, 0xF0,
    0x00, 0x00, 0x07, 0xFF, 0xC0, 0x00, 0x00, 0x1F, 0xFF, 0x00, 0x00, 0x00, 0x2F, 0xF4, 0x00, 0x00,
    0x00, 0x05, 0x00, 0x00, 0x00, 0x00, 0x00, 0x50, 0x00, 0x00, 0x00, 0x0B, 0xF0, 0x00, 0x00, 0x00,
    0xBF, 0xC0, 0x00, 0x00, 0x0B, 0xFF, 0x00, 0x00, 0x00, 0xBF, 0xF4, 0x00, 0x00, 0x0F, 0xF9, 0x00,
    0x00, 0x00, 0x2E, 0x00, 0x00, 0x00, 0x00, 0x00, 0x00, 0x00, 0x00, 0x06, 0xBE, 0x41, 0xE0, 0x00,
    0xFF, 0xFF, 0xEF, 0xC0, 0x0F, 0xFF, 0xFF, 0xFF, 0x00, 0xFF, 0xE0, 0x6F, 0xFC, 0x07, 0xFD, 0x00,
    0x1F, 0xF0, 0x3F, 0xF0, 0x00, 0x1F, 0xC0, 0xFF, 0xC0, 0x00, 0x2F, 0x43, 0xFF, 0x80, 0x00, 0x68,
    0x0F, 0xFF, 0x80, 0x00, 0x00, 0x3F, 0xFF, 0xF4, 0x00, 0x00, 0x7F, 0xFF, 0xFF, 0x40, 0x00, 0xBF,
    0xFF, 0xFF, 0xD0, 0x00, 0xBF, 0xFF, 0xFF, 0xD0, 0x00, 0x7F, 0xFF, 0xFF, 0xC0, 0x00, 0x0B, 0xFF,
    0xFF, 0x80, 0x00, 0x00, 0xBF, 0xFF, 0x05, 0x00, 0x00, 0x7F, 0xFC, 0xBD, 0x00, 0x00, 0xBF, 0xF1,
    0xFC, 0x00, 0x01, 0xFF, 0xC7, 0xF8, 0x00, 0x07, 0xFE, 0x1F, 0xFC, 0x00, 0x3F, 0xF0, 0x3F, 0xFF,
    0xAF, 0xFF, 0x80, 0xFF, 0xFF, 0xFF, 0xF8, 0x03, 0xD1, 0xFF, 0xFE, 0x00, 0x00, 0x00, 0x15, 0x40,
    0x00, 0x00, 0x00, 0x00, 0x00, 0x01, 0xFF, 0x00, 0x00, 0x0F, 0xFF, 0x00, 0x00, 0x7F, 0xFC, 0x00,
    0x01, 0xFF, 0xF0, 0x00, 0x02, 0xFF, 0x40, 0x00, 0x00, 0x50, 0x00, 0x00, 0x00, 0x0A, 0x00, 0x00,
    0x00, 0xBF, 0x00, 0x00, 0x07, 0xFC, 0x00, 0x00, 0x3F, 0xF0, 0x00, 0x02, 0xFF, 0x00, 0x00, 0x1F,
    0xE0, 0x00, 0x00, 0xFC, 0x00, 0x00, 0x01, 0x80, 0x00, 0x00, 0x00, 0x00, 0x00, 0x00, 0x1A, 0x41,
    0x90, 0x0F, 0xFF, 0xFF, 0xC0, 0xFF, 0xFF, 0xFF, 0x0F, 0xF4, 0x07, 0xFC, 0x3F, 0xC0, 0x07, 0xF1,
    0xFF, 0x00, 0x0B, 0xC7, 0xFF, 0x90, 0x00, 0x0F, 0xFF, 0xF9, 0x00, 0x2F, 0xFF, 0xFF, 0x80, 0x2F,
    0xFF, 0xFF, 0x80, 0x1F, 0xFF, 0xFF, 0x40, 0x01, 0xBF, 0xFE, 0x68, 0x00, 0x1F, 0xFA, 0xF8, 0x00,
    0x2F, 0xE7, 0xF4, 0x00, 0xFF, 0x5F, 0xF9, 0x1B, 0xFC, 0x7F, 0xFF, 0xFF, 0xC0, 0xFB, 0xFF, 0xF8,
    0x01, 0x40, 0x55, 0x00, 0x00, 0x00, 0x00, 0x00, 0x00, 0x00, 0x00, 0x0B, 0xF8, 0x00, 0x00, 0x00,
    0xBF, 0xF4, 0x00, 0x00, 0x03, 0xFF, 0xE0, 0x00, 0x00, 0x0F, 0xFF, 0x40, 0x00, 0x00, 0x0F, 0xFC,
    0x00, 0x00, 0x1E, 0x05, 0x42, 0xC0, 0x00, 0xBF, 0x40, 0xBF, 0x00, 0x00, 0xBF, 0x9F, 0xF4, 0x00,
    0x00, 0xFF, 0xFF, 0x40, 0x00, 0x00, 0xFF, 0xF8, 0x00, 0x00, 0x00, 0xFF, 0x80, 0x00, 0x00, 0x00,
    0xF8, 0x00, 0x00, 0x00, 0x00, 0x00, 0x00, 0x00, 0x01, 0xAF, 0x90, 0x78, 0x00, 0x3F, 0xFF, 0xFB,
    0xF0, 0x03, 0xFF, 0xFF, 0xFF, 0xC0, 0x3F, 0xF8, 0x1B, 0xFF, 0x01, 0xFF, 0x40, 0x07, 0xFC, 0x0F,
    0xFC, 0x00, 0x07, 0xF0, 0x3F, 0xF0, 0x00, 0x0B, 0xD0, 0xFF, 0xE0, 0x00, 0x1A, 0x03, 0xFF, 0xE0,
    0x00, 0x00, 0x0F, 0xFF, 0xFD, 0x00, 0x00, 0x1F, 0xFF, 0xFF, 0xD0, 0x00, 0x2F, 0xFF, 0xFF, 0xF4,
    0x00, 0x2F, 0xFF, 0xFF, 0xF4, 0x00, 0x1F, 0xFF, 0xFF, 0xF0, 0x00, 0x02, 0xFF, 0xFF, 0xE0, 0x00,
    0x00, 0x2F, 0xFF, 0xC1, 0x40, 0x00, 0x1F, 0xFF, 0x2F, 0x40, 0x00, 0x2F, 0xFC, 0x7F, 0x00, 0x00,
    0x7F, 0xF1, 0xFE, 0x00, 0x01, 0xFF, 0x87, 0xFF, 0x00, 0x0F, 0xFC, 0x0F, 0xFF, 0xEB, 0xFF, 0xE0,
    0x3F, 0xFF, 0xFF, 0xFE, 0x00, 0xF4, 0x7F, 0xFF, 0x80, 0x00, 0x00, 0x05, 0x50, 0x00, 0x00, 0x00,
    0x00, 0x00, 0x00, 0x00, 0xBF, 0x80, 0x00, 0x0B, 0xFF, 0x40, 0x00, 0x3F, 0xFE, 0x00, 0x00, 0xBF,
    0xF4, 0x00, 0x00, 0xFF, 0xC0, 0x00, 0x80, 0x54, 0x14, 0x07, 0xD0, 0x02, 0xF0, 0x0B, 0xE0, 0x3F,
    0x40, 0x0F, 0xF7, 0xF8, 0x00, 0x0F, 0xFF, 0xC0, 0x00, 0x1F, 0xFC, 0x00, 0x00, 0x2F, 0xD0, 0x00,
    0x00, 0x29, 0x00, 0x00, 0x00, 0x00, 0x00, 0x00, 0x06, 0x90, 0x64, 0x03, 0xFF, 0xFF, 0xF0, 0x3F,
    0xFF, 0xFF, 0xC3, 0xFD, 0x01, 0xFF, 0x0F, 0xF0, 0x01, 0xFC, 0x7F, 0xC0, 0x02, 0xF1, 0xFF, 0xE4,
    0x00, 0x03, 0xFF, 0xFE, 0x40, 0x0B, 0xFF, 0xFF, 0xE0, 0x0B, 0xFF, 0xFF, 0xE0, 0x07, 0xFF, 0xFF,
    0xD0, 0x00, 0x6F, 0xFF, 0x9A, 0x00, 0x07, 0xFE, 0xBE, 0x00, 0x0B, 0xF9, 0xFD, 0x00, 0x3F, 0xD7,
    0xFE, 0x46, 0xFF, 0x1F, 0xFF, 0xFF, 0xF0, 0x3E, 0xFF, 0xFE, 0x00, 0x50, 0x15, 0x40, 0x00, 0x00,
    0x00, 0x00, 0x00, 0x00, 0x00, 0x0F, 0xF8, 0x00, 0x00, 0x00, 0xBF, 0xF4, 0x00, 0x00, 0x03, 0xFF,
    0xE0, 0x00, 0x00, 0x0F, 0xFF, 0x40, 0x00, 0x00, 0x1F, 0xFC, 0x00, 0x00, 0x00, 0x05, 0x40, 0x00,
    0x00, 0x00, 0x00, 0x00, 0x00, 0x00, 0x1A, 0xF9, 0x07, 0x80, 0x03, 0xFF, 0xFF, 0xBF, 0x00, 0x3F,
    0xFF, 0xFF, 0xFC, 0x03, 0xFF, 0x81, 0xBF, 0xF0, 0x1F, 0xF4, 0x00, 0x7F, 0xC0, 0xFF, 0xC0, 0x00,
    0x7F, 0x03, 0xFF, 0x00, 0x00, 0xBD, 0x0F, 0xFE, 0x00, 0x01, 0xA0, 0x3F, 0xFE, 0x00, 0x00, 0x00,
    0xFF, 0xFF, 0xD0, 0x00, 0x01, 0xFF, 0xFF, 0xFD, 0x00, 0x02, 0xFF, 0xFF, 0xFF, 0x40, 0x02, 0xFF,
    0xFF, 0xFF, 0x40, 0x01, 0xFF, 0xFF, 0xFF, 0x00, 0x00, 0x2F, 0xFF, 0xFE, 0x00, 0x00, 0x02, 0xFF,
    0xFC, 0x14, 0x00, 0x01, 0xFF, 0xF2, 0xF4, 0x00, 0x02, 0xFF, 0xC7, 0xF0, 0x00, 0x07, 0xFF, 0x1F,
    0xE0, 0x00, 0x1F, 0xF8, 0x7F, 0xF0, 0x00, 0xFF, 0xC0, 0xFF, 0xFE, 0xBF, 0xFE, 0x03, 0xFF, 0xFF,
    0xFF, 0xE0, 0x0F, 0x47, 0xFF, 0xF8, 0x00, 0x00, 0x00, 0x55, 0x00, 0x00, 0x00, 0x00, 0x00, 0x00,
    0x00, 0x00, 0x1F, 0xD0, 0x00, 0x00, 0x01, 0xFF, 0xD0, 0x00, 0x00, 0x0B, 0xFF, 0xC0, 0x00, 0x00,
    0x2F, 0xFE, 0x00, 0x00, 0x00, 0x3F, 0xF4, 0x00, 0x00, 0x00, 0x2A, 0x00, 0x00, 0x00, 0x1B, 0x80,
    0x00, 0x01, 0xFF, 0xC0, 0x00, 0x0F, 0xFF, 0x80, 0x00, 0x3F, 0xFE, 0x00, 0x00, 0x7F, 0xF0, 0x00,
    0x00, 0x7E, 0x40, 0x00, 0x00, 0x00, 0x00, 0x00, 0x00, 0x00, 0x00, 0x00, 0x1A, 0x41, 0x90, 0x0F,
    0xFF, 0xFF, 0xC0, 0xFF, 0xFF, 0xFF, 0x0F, 0xF4, 0x07, 0xFC, 0x3F, 0xC0, 0x07, 0xF1, 0xFF, 0x00,
    0x0B, 0xC7, 0xFF, 0x90, 0x00, 0x0F, 0xFF, 0xF9, 0x00, 0x2F, 0xFF, 0xFF, 0x80, 0x2F, 0xFF, 0xFF,
    0x80, 0x1F, 0xFF, 0xFF, 0x40, 0x01, 0xBF, 0xFE, 0x68, 0x00, 0x1F, 0xFA, 0xF8, 0x00, 0x2F, 0xE7,
    0xF4, 0x00, 0xFF, 0x5F, 0xF9, 0x1B, 0xFC, 0x7F, 0xFF, 0xFF, 0xC0, 0xFB, 0xFF, 0xF8, 0x01, 0x40,
    0x55, 0x00, 0x00, 0x00, 0x00, 0x00, 0x00, 0x1F, 0xD0, 0x00, 0x01, 0xFF, 0xD0, 0x00, 0x0B, 0xFF,
    0xC0, 0x00, 0x2F, 0xFF, 0x00, 0x00, 0x3F, 0xF4, 0x00, 0x00, 0x2A, 0x00, 0x00, 0x05, 0x55, 0x55,
    0x55, 0x55, 0x54, 0x03, 0xFF, 0xFF, 0xFF, 0xFF, 0xFF, 0x01, 0xFF, 0xFF, 0xFF, 0xFF, 0xFF, 0xD0,
    0xBF, 0xE5, 0xBF, 0xF9, 0x7F, 0xF4, 0x2F, 0xE0, 0x1F, 0xFC, 0x02, 0xFE, 0x0F, 0xF0, 0x07, 0xFF,
    0x00, 0x3F, 0x83, 0xF4, 0x01, 0xFF, 0xC0, 0x0B, 0xF0, 0xFC, 0x00, 0x7F, 0xF0, 0x01, 0xFC, 0x01,
    0x00, 0x1F, 0xFC, 0x00, 0x10, 0x00, 0x00, 0x07, 0xFF, 0x00, 0x00, 0x00, 0x00, 0x01, 0xFF, 0xC0,
    0x00, 0x00, 0x00, 0x00, 0x7F, 0xF0, 0x00, 0x00, 0x00, 0x00, 0x1F, 0xFC, 0x00, 0x00, 0x00, 0x00,
    0x07, 0xFF, 0x00, 0x00, 0x00, 0x00, 0x01, 0xFF, 0xC0, 0x00, 0x00, 0x00, 0x00, 0x7F, 0xF0, 0x00,
    0x00, 0x00, 0x00, 0x1F, 0xFC, 0x00, 0x00, 0x00, 0x00, 0x07, 0xFF, 0x00, 0x00, 0x00, 0x00, 0x01,
    0xFF, 0xC0, 0x00, 0x00, 0x00, 0x00, 0x7F, 0xF0, 0x00, 0x00, 0x00, 0x00, 0x1F, 0xFD, 0x00, 0x00,
    0x00, 0x01, 0xAF, 0xFF, 0xE9, 0x00, 0x00, 0x00, 0xFF, 0xFF, 0xFF, 0x80, 0x00, 0x00, 0x3F, 0xFF,
    0xFF, 0xE0, 0x00, 0x00, 0x00, 0x00, 0x00, 0x00, 0x00, 0x00, 0x00, 0x00, 0x00, 0x00, 0x00, 0x00,
    0x00, 0x00, 0x7F, 0x40, 0x00, 0x00, 0x00, 0x00, 0x7F, 0xF4, 0x00, 0x00, 0x00, 0x00, 0x3F, 0xFE,
    0x00, 0x00, 0x00, 0x00, 0x0F, 0xFF, 0x80, 0x00, 0x00, 0x00, 0x01, 0xFF, 0xC0, 0x00, 0x00, 0x00,
    0x00, 0x1A, 0x80, 0x00, 0x00, 0x00, 0x2B, 0x40, 0x00, 0x00, 0xFE, 0x00, 0x00, 0x03, 0xF8, 0x00,
    0x00, 0x1F, 0xE0, 0x00, 0x00, 0xFF, 0x80, 0x00, 0x0B, 0xFE, 0x00, 0x03, 0xFF, 0xFF, 0xFD, 0x0F,
    0xFF, 0xFF, 0xF4, 0x3F, 0xFF, 0xFF, 0xC0, 0x0B, 0xFE, 0x00, 0x00, 0x2F, 0xF8, 0x00, 0x00, 0xBF,
    0xE0, 0x00, 0x02, 0xFF, 0x80, 0x00, 0x0B, 0xFE, 0x00, 0x00, 0x2F, 0xF8, 0x00, 0x00, 0xBF, 0xE0,
    0x00, 0x02, 0xFF, 0x80, 0x00, 0x0B, 0xFE, 0x00, 0x00, 0x2F, 0xF8, 0x00, 0x00, 0xBF, 0xF4, 0x28,
    0x01, 0xFF, 0xFF, 0xF0, 0x03, 0xFF, 0xFF, 0xC0, 0x03, 0xFF, 0xF4, 0x00, 0x00, 0x54, 0x00, 0x00,
    0x00, 0x00, 0x00, 0x00, 0x1F, 0xD0, 0x00, 0x01, 0xFF, 0xD0, 0x00, 0x0B, 0xFF, 0xC0, 0x00, 0x2F,
    0xFE, 0x00, 0x00, 0x3F, 0xF4, 0x00, 0x00, 0x2A, 0x00, 0x00, 0x05, 0x55, 0x55, 0x55, 0x55, 0x54,
    0x03, 0xFF, 0xFF, 0xFF, 0xFF, 0xFF, 0x01, 0xFF, 0xFF, 0xFF, 0xFF, 0xFF, 0xD0, 0xBF, 0xE5, 0xBF,
    0xF9, 0x7F, 0xF4, 0x2F, 0xE0, 0x1F, 0xFC, 0x02, 0xFE, 0x0F, 0xF0, 0x07, 0xFF, 0x00, 0x3F, 0x83,
    0xF4, 0x01, 0xFF, 0xC0, 0x0B, 0xF0, 0xFC, 0x00, 0x7F, 0xF0, 0x01, 0xFC, 0x01, 0x00, 0x1F, 0xFC,
    0x00, 0x10, 0x00, 0x00, 0x07, 0xFF, 0x00, 0x00, 0x00, 0x00, 0x01, 0xFF, 0xC0, 0x00, 0x00, 0x00,
    0x00, 0x7F, 0xF0, 0x00, 0x00, 0x00, 0x00, 0x1F, 0xFC, 0x00, 0x00, 0x00, 0x00, 0x07, 0xFF, 0x00,
    0x00, 0x00, 0x00, 0x01, 0xFF, 0xC0, 0x00, 0x00, 0x00, 0x00, 0x7F, 0xF0, 0x00, 0x00, 0x00, 0x00,
    0x1F, 0xFC, 0x00, 0x00, 0x00, 0x00, 0x07, 0xFF, 0x00, 0x00, 0x00, 0x00, 0x01, 0xFF, 0xC0, 0x00,
    0x00, 0x00, 0x00, 0x7F, 0xF0, 0x00, 0x00, 0x00, 0x00, 0x1F, 0xFD, 0x00, 0x00, 0x00, 0x01, 0xAF,
    0xFF, 0xE9, 0x00, 0x00, 0x00, 0xFF, 0xFF, 0xFF, 0x80, 0x00, 0x00, 0x3F, 0xFF, 0xFF, 0xE0, 0x00,
    0x00, 0x00, 0x00, 0x00, 0x00, 0x00, 0x00, 0x00, 0x00, 0x00, 0x00, 0x00, 0x00, 0x00, 0x15, 0x55,
    0x55, 0x00, 0x00, 0x00, 0x0F, 0xFF, 0xFF, 0x80, 0x00, 0x00, 0x03, 0xFF, 0xFF, 0xE0, 0x00, 0x00,
    0x00, 0xFF, 0xFF, 0xF8, 0x00, 0x00, 0x00, 0x00, 0x00, 0x00, 0x00, 0x00, 0x00, 0x2B, 0x40, 0x00,
    0x00, 0xFE, 0x00, 0x00, 0x03, 0xF8, 0x00, 0x00, 0x1F, 0xE0, 0x00, 0x00, 0xFF, 0x80, 0x00, 0x0B,
    0xFE, 0x00, 0x03, 0xFF, 0xFF, 0xFD, 0x0F, 0xFF, 0xFF, 0xF4, 0x3F, 0xFF, 0xFF, 0xC0, 0x0B, 0xFE,
    0x00, 0x00, 0x2F, 0xF8, 0x00, 0x00, 0xBF, 0xE0, 0x00, 0x02, 0xFF, 0x80, 0x00, 0x0B, 0xFE, 0x00,
    0x00, 0x2F, 0xF8, 0x00, 0x00, 0xBF, 0xE0, 0x00, 0x02, 0xFF, 0x80, 0x00, 0x0B, 0xFE, 0x00, 0x00,
    0x2F, 0xF8, 0x00, 0x00, 0xBF, 0xF4, 0x28, 0x01, 0xFF, 0xFF, 0xF0, 0x03, 0xFF, 0xFF, 0xC0, 0x03,
    0xFF, 0xF4, 0x00, 0x00, 0x54, 0x00, 0x00, 0x00, 0x00, 0x00, 0x05, 0x55, 0x55, 0x40, 0x3F, 0xFF,
    0xFF, 0x00, 0xFF, 0xFF, 0xFC, 0x03, 0xFF, 0xFF, 0xF0, 0x00, 0x00, 0x00, 0x00, 0x00, 0x00, 0x00,
    0x05, 0x00, 0x00, 0x00, 0x00, 0x00, 0x2F, 0xC0, 0x00, 0x00, 0x00, 0x00, 0xBF, 0xC0, 0x00, 0x00,
    0x00, 0x02, 0xFF, 0xC0, 0x00, 0x00, 0x00, 0x0F, 0xFF, 0x00, 0x00, 0x00, 0x00, 0x3F, 0xE4, 0x00,
    0x00, 0x00, 0x00, 0x3D, 0x00, 0x00, 0x00, 0x00, 0x00, 0x00, 0x00, 0x00, 0x00, 0x00, 0x00, 0x2E,
    0x40, 0x10, 0x00, 0x00, 0x00, 0xFF, 0xF9, 0x7C, 0x00, 0x00, 0x02, 0xFF, 0xFF, 0xFC, 0x00, 0x00,
    0x03, 0xFF, 0xFF, 0xF4, 0x00, 0x00, 0x02, 0x81, 0xBF, 0xE0, 0x00, 0x00, 0x00, 0x00, 0x05, 0x00,
    0x00, 0x00, 0x00, 0x00, 0x00, 0x00, 0x00, 0x55, 0x55, 0x54, 0x00, 0x55, 0x55, 0xFF, 0xFF, 0xF8,
    0x01, 0xFF, 0xFF, 0xFF, 0xFF, 0xF8, 0x01, 0xFF, 0xFF, 0x0B, 0xFF, 0x80, 0x00, 0x1F, 0xF4, 0x07,
    0xFF, 0x40, 0x00, 0x0F, 0xE0, 0x07, 0xFF, 0x40, 0x00, 0x0F, 0xE0, 0x07, 0xFF, 0x40, 0x00, 0x0F,
    0xE0, 0x07, 0xFF, 0x40, 0x00, 0x0F, 0xE0, 0x07, 0xFF, 0x40, 0x00, 0x0F, 0xE0, 0x07, 0xFF, 0x40,
    0x00, 0x0F, 0xE0, 0x07, 0xFF, 0x40, 0x00, 0x0F, 0xE0, 0x07, 0xFF, 0x40, 0x00, 0x0F, 0xE0, 0x07,
    0xFF, 0x40, 0x00, 0x0F, 0xE0, 0x07, 0xFF, 0x40, 0x00, 0x0F, 0xE0, 0x07, 0xFF, 0x40, 0x00, 0x0F,
    0xE0, 0x07, 0xFF, 0x40, 0x00, 0x0F, 0xE0, 0x03, 0xFF, 0x40, 0x00, 0x0F, 0xD0, 0x03, 0xFF, 0x40,
    0x00, 0x0F, 0xD0, 0x03, 0xFF, 0xC0, 0x00, 0x1F, 0xC0, 0x02, 0xFF, 0xD0, 0x00, 0x3F, 0xC0, 0x00,
    0xFF, 0xF8, 0x01, 0xFF, 0x40, 0x00, 0xBF, 0xFF, 0xFF, 0xFE, 0x00, 0x00, 0x2F, 0xFF, 0xFF, 0xF8,
    0x00, 0x00, 0x06, 0xFF, 0xFF, 0xD0, 0x00, 0x00, 0x00, 0x15, 0x54, 0x00, 0x00, 0x00, 0x00, 0x00,
    0x50, 0x00, 0x00, 0x00, 0x00, 0x3F, 0x40, 0x00, 0x00, 0x00, 0x0F, 0xFC, 0x00, 0x00, 0x00, 0x03,
    0xFF, 0x80, 0x00, 0x00, 0x00, 0xFF, 0xE0, 0x00, 0x00, 0x00, 0x3F, 0xE0, 0x00, 0x00, 0x00, 0x03,
    0xD0, 0x00, 0x00, 0x00, 0x00, 0x00, 0x00, 0x00, 0x00, 0x00, 0x01, 0x40, 0x00, 0x00, 0x00, 0x00,
    0xFF, 0xD0, 0x34, 0x00, 0x00, 0x2F, 0xFF, 0xFF, 0x80, 0x00, 0x03, 0xFF, 0xFF, 0xF0, 0x00, 0x00,
    0x78, 0x6F, 0xFD, 0x00, 0x00, 0x00, 0x00, 0x2A, 0x40, 0x00, 0x00, 0x00, 0x00, 0x00, 0x00, 0x00,
    0x00, 0x00, 0x00, 0x00, 0x00, 0x00, 0x01, 0x00, 0x00, 0x04, 0x03, 0xFF, 0xF4, 0x0F, 0xFF, 0xD0,
    0x3F, 0xFF, 0x40, 0xFF, 0xFD, 0x02, 0xFF, 0xF4, 0x0B, 0xFF, 0xD0, 0x03, 0xFF, 0x40, 0x0F, 0xFD,
    0x00, 0x3F, 0xF4, 0x00, 0xFF, 0xD0, 0x03, 0xFF, 0x40, 0x0F, 0xFD, 0x00, 0x3F, 0xF4, 0x00, 0xFF,
    0xD0, 0x03, 0xFF, 0x40, 0x0F, 0xFD, 0x00, 0x3F, 0xF4, 0x00, 0xFF, 0xD0, 0x03, 0xFF, 0x40, 0x0F,
    0xFD, 0x00, 0x3F, 0xF4, 0x00, 0xFF, 0xD0, 0x03, 0xFF, 0x40, 0x0F, 0xFD, 0x00, 0x3F, 0xF8, 0x02,
    0xFF, 0xD0, 0x03, 0xFF, 0xD0, 0xBF, 0xFD, 0x00, 0x1F, 0xFF, 0xFF, 0xFF, 0xF9, 0x00, 0xFF, 0xFF,
    0xD7, 0xFF, 0xE0, 0x03, 0xFF, 0xF4, 0x7F, 0xFE, 0x00, 0x01, 0x50, 0x00, 0x00, 0x00, 0x00, 0x00,
    0x00, 0x00, 0x00, 0x00, 0x00, 0x02, 0xFC, 0x03, 0xF8, 0x00, 0x00, 0x0B, 0xFE, 0x0F, 0xFD, 0x00,
    0x00, 0x0F, 0xFF, 0x0F, 0xFE, 0x00, 0x00, 0x0B, 0xFE, 0x0F, 0xFD, 0x00, 0x00, 0x03, 0xFC, 0x07,
    0xF8, 0x00, 0x00, 0x00, 0x00, 0x00, 0x00, 0x00, 0x00, 0x00, 0x00, 0x00, 0x00, 0x00, 0x00, 0x00,
    0x00, 0x00, 0x00, 0x00, 0x00, 0x01, 0xFF, 0xFF, 0xF4, 0x00, 0x00, 0x02, 0xFF, 0xFF, 0xF4, 0x00,
    0x00, 0x02, 0xFF, 0xFF, 0xF4, 0x00, 0x00, 0x01, 0xAA, 0xAA, 0xA0, 0x00, 0x00, 0x00, 0x00, 0x00,
    0x00, 0x00, 0x00, 0x00, 0x00, 0x00, 0x00, 0x00, 0x55, 0x55, 0x54, 0x00, 0x55, 0x55, 0xFF, 0xFF,
    0xF8, 0x01, 0xFF, 0xFF, 0xFF, 0xFF, 0xF8, 0x01, 0xFF, 0xFF, 0x0B, 0xFF, 0x80, 0x00, 0x1F, 0xF4,
    0x07, 0xFF, 0x40, 0x00, 0x0F, 0xE0, 0x07, 0xFF, 0x40, 0x00, 0x0F, 0xE0, 0x07, 0xFF, 0x40, 0x00,
    0x0F, 0xE0, 0x07, 0xFF, 0x40, 0x00, 0x0F, 0xE0, 0x07, 0xFF, 0x40, 0x00, 0x0F, 0xE0, 0x07, 0xFF,
    0x40, 0x00, 0x0F, 0xE0, 0x07, 0xFF, 0x40, 0x00, 0x0F, 0xE0, 0x07, 0xFF, 0x40, 0x00, 0x0F, 0xE0,
    0x07, 0xFF, 0x40, 0x00, 0x0F, 0xE0, 0x07, 0xFF, 0x40, 0x00, 0x0F, 0xE0, 0x07, 0xFF, 0x40, 0x00,
    0x0F, 0xE0, 0x07, 0xFF, 0x40, 0x00, 0x0F, 0xE0, 0x03, 0xFF, 0x40, 0x00, 0x0F, 0xD0, 0x03, 0xFF,
    0x40, 0x00, 0x0F, 0xD0, 0x03, 0xFF, 0xC0, 0x00, 0x1F, 0xC0, 0x02, 0xFF, 0xD0, 0x00, 0x3F, 0xC0,
    0x00, 0xFF, 0xF8, 0x01, 0xFF, 0x40, 0x00, 0xBF, 0xFF, 0xFF, 0xFE, 0x00, 0x00, 0x2F, 0xFF, 0xFF,
    0xF8, 0x00, 0x00, 0x06, 0xFF, 0xFF, 0xD0, 0x00, 0x00, 0x00, 0x15, 0x54, 0x00, 0x00, 0x00, 0x00,
    0x00, 0x00, 0x00, 0x00, 0x03, 0xF8, 0x07, 0xF4, 0x00, 0x00, 0xFF, 0xD0, 0xFF, 0xC0, 0x00, 0x0F,
    0xFE, 0x1F, 0xFD, 0x00, 0x00, 0xFF, 0xD0, 0xFF, 0xC0, 0x00, 0x07, 0xFC, 0x0B, 0xF8, 0x00, 0x00,
    0x00, 0x00, 0x00, 0x00, 0x00, 0x00, 0x00, 0x00, 0x00, 0x00, 0x00, 0x15, 0x55, 0x55, 0x00, 0x00,
    0x02, 0xFF, 0xFF, 0xF0, 0x00, 0x00, 0x2F, 0xFF, 0xFF, 0x00, 0x00, 0x02, 0xFF, 0xFF, 0xF0, 0x00,
    0x00, 0x00, 0x00, 0x00, 0x00, 0x00, 0x00, 0x00, 0x00, 0x00, 0x00, 0x00, 0x00, 0x00, 0x00, 0x00,
    0x00, 0x00, 0x10, 0x00, 0x00, 0x40, 0x3F, 0xFF, 0x40, 0xFF, 0xFD, 0x03, 0xFF, 0xF4, 0x0F, 0xFF,
    0xD0, 0x2F, 0xFF, 0x40, 0xBF, 0xFD, 0x00, 0x3F, 0xF4, 0x00, 0xFF, 0xD0, 0x03, 0xFF, 0x40, 0x0F,
    0xFD, 0x00, 0x3F, 0xF4, 0x00, 0xFF, 0xD0, 0x03, 0xFF, 0x40, 0x0F, 0xFD, 0x00, 0x3F, 0xF4, 0x00,
    0xFF, 0xD0, 0x03, 0xFF, 0x40, 0x0F, 0xFD, 0x00, 0x3F, 0xF4, 0x00, 0xFF, 0xD0, 0x03, 0xFF, 0x40,
    0x0F, 0xFD, 0x00, 0x3F, 0xF4, 0x00, 0xFF, 0xD0, 0x03, 0xFF, 0x80, 0x2F, 0xFD, 0x00, 0x3F, 0xFD,
    0x0B, 0xFF, 0xD0, 0x01, 0xFF, 0xFF, 0xFF, 0xFF, 0x90, 0x0F, 0xFF, 0xFD, 0x7F, 0xFE, 0x00, 0x3F,
    0xFF, 0x47, 0xFF, 0xE0, 0x00, 0x15, 0x00, 0x00, 0x00, 0x00, 0x00, 0x00, 0x00, 0x80, 0x00, 0x00,
    0x00, 0x00, 0x00, 0x00, 0x00, 0x00, 0xFD, 0x00, 0x00, 0x00, 0x00, 0x00, 0x00, 0x00, 0x00, 0x7F,
    0xD0, 0x00, 0x00, 0x00, 0x00, 0x00, 0x00, 0x00, 0x1F, 0xFD, 0x00, 0x00, 0x00, 0x00, 0x00, 0x00,
    0x00, 0x01, 0xFF, 0xD0, 0x00, 0x00, 0x00, 0x00, 0x00, 0x00, 0x00, 0x07, 0xFD, 0x00, 0x00, 0x00,
    0x00, 0x00, 0x00, 0x00, 0x00, 0x0B, 0x40, 0x00, 0x00, 0x00, 0x00, 0x00, 0x00, 0x00, 0x00, 0x00,
    0x00, 0x00, 0x00, 0x15, 0x55, 0x54, 0x00, 0x15, 0x50, 0x00, 0x55, 0x55, 0x2F, 0xFF, 0xFF, 0x40,
    0x2F, 0xFD, 0x00, 0x3F, 0xFF, 0xEB, 0xFF, 0xFF, 0xD0, 0x0F, 0xFF, 0x80, 0x0F, 0xFF, 0xF8, 0x6F,
    0xFF, 0x40, 0x03, 0xFF, 0xF0, 0x00, 0x7F, 0xD0, 0x03, 0xFF, 0xC0, 0x01, 0xFF, 0xFC, 0x00, 0x0F,
    0xE0, 0x00, 0xBF, 0xF0, 0x00, 0xBF, 0xFF, 0x40, 0x03, 0xF4, 0x00, 0x1F, 0xFD, 0x00, 0x3F, 0xFF,
    0xE0, 0x00, 0xFC, 0x00, 0x03, 0xFF, 0x80, 0x0F, 0xEF, 0xFC, 0x00, 0x7F, 0x00, 0x00, 0xFF, 0xE0,
    0x07, 0xF7, 0xFF, 0x00, 0x2F, 0x80, 0x00, 0x2F, 0xFC, 0x02, 0xF8, 0xFF, 0xE0, 0x0F, 0xD0, 0x00,
    0x07, 0xFF, 0x00, 0xFD, 0x3F, 0xFC, 0x03, 0xF0, 0x00, 0x00, 0xFF, 0xD0, 0x3F, 0x0B, 0xFF, 0x00,
    0xFC, 0x00, 0x00, 0x3F, 0xF8, 0x1F, 0xC1, 0xFF, 0xD0, 0x7E, 0x00, 0x00, 0x0B, 0xFF, 0x0B, 0xE0,
    0x3F, 0xF8, 0x2F, 0x40, 0x00, 0x01, 0xFF, 0xC3, 0xF4, 0x0B, 0xFF, 0x0F, 0xC0, 0x00, 0x00, 0x7F,
    0xF4, 0xFC, 0x01, 0xFF, 0xC3, 0xF0, 0x00, 0x00, 0x0F, 0xFD, 0x7F, 0x00, 0x3F, 0xF4, 0xF8, 0x00,
    0x00, 0x03, 0xFF, 0xAF, 0x80, 0x0F, 0xFE, 0x7D, 0x00, 0x00, 0x00, 0xBF, 0xFF, 0xD0, 0x02, 0xFF,
    0xEF, 0x40, 0x00, 0x00, 0x1F, 0xFF, 0xF0, 0x00, 0x7F, 0xFF, 0xC0, 0x00, 0x00, 0x03, 0xFF, 0xFC,
    0x00, 0x0F, 0xFF, 0xF0, 0x00, 0x00, 0x00, 0xFF, 0xFE, 0x00, 0x03, 0xFF, 0xF8, 0x00, 0x00, 0x00,
    0x2F, 0xFF, 0x40, 0x00, 0xBF, 0xFD, 0x00, 0x00, 0x00, 0x07, 0xFF, 0xC0, 0x00, 0x1F, 0xFF, 0x00,
    0x00, 0x00, 0x00, 0x00, 0x64, 0x00, 0x00, 0x00, 0x00, 0x00, 0x00, 0x0F, 0xD0, 0x00, 0x00, 0x00,
    0x00, 0x00, 0x01, 0xFF, 0x00, 0x00, 0x00, 0x00, 0x00, 0x00, 0x0F, 0xFC, 0x00, 0x00, 0x00, 0x00,
    0x00, 0x00, 0x3F, 0xE0, 0x00, 0x00, 0x00, 0x00, 0x00, 0x00, 0xBF, 0x00, 0x00, 0x00, 0x00, 0x00,
    0x00, 0x01, 0xFC, 0x00, 0x00, 0x00, 0x00, 0x00, 0x00, 0x02, 0x00, 0x00, 0x00, 0x00, 0x00, 0x00,
    0x00, 0x00, 0x00, 0x00, 0x00, 0x00, 0x00, 0x00, 0x00, 0x00, 0x00, 0x00, 0xBF, 0xFF, 0xF0, 0x2F,
    0xFC, 0x03, 0xFF, 0xFB, 0xFF, 0xFF, 0x03, 0xFF, 0xD0, 0x7F, 0xFF, 0x7F, 0xFF, 0x90, 0x3F, 0xFE,
    0x02, 0xFF, 0x90, 0xBF, 0xF0, 0x07, 0xFF, 0xF0, 0x07, 0xD0, 0x03, 0xFF, 0x00, 0xBF, 0xFF, 0x00,
    0xBC, 0x00, 0x3F, 0xF4, 0x0F, 0xEF, 0xF4, 0x0F, 0x80, 0x02, 0xFF, 0xC0, 0xF9, 0xFF, 0x80, 0xF4,
    0x00, 0x0F, 0xFC, 0x1F, 0x4F, 0xFC, 0x1F, 0x00, 0x00, 0xFF, 0xD2, 0xF0, 0xFF, 0xC2, 0xF0, 0x00,
    0x0B, 0xFE, 0x3F, 0x07, 0xFD, 0x3D, 0x00, 0x00, 0x7F, 0xF3, 0xE0, 0x3F, 0xE7, 0xC0, 0x00, 0x03,
    0xFF, 0xBD, 0x03, 0xFF, 0xBC, 0x00, 0x00, 0x2F, 0xFF, 0xC0, 0x2F, 0xFF, 0x80, 0x00, 0x01, 0xFF,
    0xFC, 0x01, 0xFF, 0xF4, 0x00, 0x00, 0x0F, 0xFF, 0x80, 0x0F, 0xFF, 0x00, 0x00, 0x00, 0xBF, 0xF4,
    0x00, 0xFF, 0xE0, 0x00, 0x00, 0x07, 0xFF, 0x00, 0x0B, 0xFD, 0x00, 0x00, 0x00, 0x00, 0x00, 0x00,
    0x00, 0x14, 0x00, 0x00, 0x00, 0x00, 0x00, 0x00, 0x00, 0x00, 0x2F, 0xC0, 0x00, 0x00, 0x00, 0x00,
    0x00, 0x00, 0x00, 0x2F, 0xF0, 0x00, 0x00, 0x00, 0x00, 0x00, 0x00, 0x00, 0x2F, 0xFC, 0x00, 0x00,
    0x00, 0x00, 0x00, 0x00, 0x00, 0x2F, 0xFD, 0x00, 0x00, 0x00, 0x00, 0x00, 0x00, 0x00, 0x2F, 0xE4,
    0x00, 0x00, 0x00, 0x00, 0x00, 0x00, 0x00, 0x0B, 0x80, 0x00, 0x00, 0x00, 0x00, 0x00, 0x00, 0x00,
    0x00, 0x00, 0x00, 0x00, 0x00, 0x00, 0x15, 0x55, 0x54, 0x00, 0x15, 0x50, 0x00, 0x55, 0x55, 0x2F,
    0xFF, 0xFF, 0x40, 0x2F, 0xFD, 0x00, 0x3F, 0xFF, 0xEB, 0xFF, 0xFF, 0xD0, 0x0F, 0xFF, 0x80, 0x0F,
    0xFF, 0xF8, 0x6F, 0xFF, 0x40, 0x03, 0xFF, 0xF0, 0x00, 0x7F, 0xD0, 0x03, 0xFF, 0xC0, 0x01, 0xFF,
    0xFC, 0x00, 0x0F, 0xE0, 0x00, 0xBF, 0xF0, 0x00, 0xBF, 0xFF, 0x40, 0x03, 0xF4, 0x00, 0x1F, 0xFD,
    0x00, 0x3F, 0xFF, 0xE0, 0x00, 0xFC, 0x00, 0x03, 0xFF, 0x80, 0x0F, 0xEF, 0xFC, 0x00, 0x7F, 0x00,
    0x00, 0xFF, 0xE0, 0x07, 0xF7, 0xFF, 0x00, 0x2F, 0x80, 0x00, 0x2F, 0xFC, 0x02, 0xF8, 0xFF, 0xE0,
    0x0F, 0xD0, 0x00, 0x07, 0xFF, 0x00, 0xFD, 0x3F, 0xFC, 0x03, 0xF0, 0x00, 0x00, 0xFF, 0xD0, 0x3F,
    0x0B, 0xFF, 0x00, 0xFC, 0x00, 0x00, 0x3F, 0xF8, 0x1F, 0xC1, 0xFF, 0xD0, 0x7E, 0x00, 0x00, 0x0B,
    0xFF, 0x0B, 0xE0, 0x3F, 0xF8, 0x2F, 0x40, 0x00, 0x01, 0xFF, 0xC3, 0xF4, 0x0B, 0xFF, 0x0F, 0xC0,
    0x00, 0x00, 0x7F, 0xF4, 0xFC, 0x01, 0xFF, 0xC3, 0xF0, 0x00, 0x00, 0x0F, 0xFD, 0x7F, 0x00, 0x3F,
    0xF4, 0xF8, 0x00, 0x00, 0x03, 0xFF, 0xAF, 0x80, 0x0F, 0xFE, 0x7D, 0x00, 0x00, 0x00, 0xBF, 0xFF,
    0xD0, 0x02, 0xFF, 0xEF, 0x40, 0x00, 0x00, 0x1F, 0xFF, 0xF0, 0x00, 0x7F, 0xFF, 0xC0, 0x00, 0x00,
    0x03, 0xFF, 0xFC, 0x00, 0x0F, 0xFF, 0xF0, 0x00, 0x00, 0x00, 0xFF, 0xFE, 0x00, 0x03, 0xFF, 0xF8,
    0x00, 0x00, 0x00, 0x2F, 0xFF, 0x40, 0x00, 0xBF, 0xFD, 0x00, 0x00, 0x00, 0x07, 0xFF, 0xC0, 0x00,
    0x1F, 0xFF, 0x00, 0x00, 0x00, 0x00, 0x00, 0x00, 0x0A, 0x00, 0x00, 0x00, 0x00, 0x00, 0x00, 0x03,
    0xF8, 0x00, 0x00, 0x00, 0x00, 0x00, 0x00, 0xBF, 0xC0, 0x00, 0x00, 0x00, 0x00, 0x00, 0x1F, 0xF8,
    0x00, 0x00, 0x00, 0x00, 0x00, 0x03, 0xFE, 0x00, 0x00, 0x00, 0x00, 0x00, 0x00, 0xFF, 0x00, 0x00,
    0x00, 0x00, 0x00, 0x00, 0x1F, 0x80, 0x00, 0x00, 0x00, 0x00, 0x00, 0x00, 0x80, 0x00, 0x00, 0x00,
    0x00, 0x00, 0x00, 0x00, 0x00, 0x00, 0x00, 0x00, 0x00, 0x00, 0x00, 0x00, 0x00, 0x00, 0x00, 0xBF,
    0xFF, 0xF0, 0x2F, 0xFC, 0x03, 0xFF, 0xFB, 0xFF, 0xFF, 0x03, 0xFF, 0xD0, 0x7F, 0xFF, 0x7F, 0xFF,
    0x90, 0x3F, 0xFE, 0x02, 0xFF, 0x90, 0xBF, 0xF0, 0x07, 0xFF, 0xF0, 0x07, 0xD0, 0x03, 0xFF, 0x00,
    0xBF, 0xFF, 0x00, 0xBC, 0x00, 0x3F, 0xF4, 0x0F, 0xEF, 0xF4, 0x0F, 0x80, 0x02, 0xFF, 0xC0, 0xF9,
    0xFF, 0x80, 0xF4, 0x00, 0x0F, 0xFC, 0x1F, 0x4F, 0xFC, 0x1F, 0x00, 0x00, 0xFF, 0xD2, 0xF0, 0xFF,
    0xC2, 0xF0, 0x00, 0x0B, 0xFE, 0x3F, 0x07, 0xFD, 0x3D, 0x00, 0x00, 0x7F, 0xF3, 0xE0, 0x3F, 0xE7,
    0xC0, 0x00, 0x03, 0xFF, 0xBD, 0x03, 0xFF, 0xBC, 0x00, 0x00, 0x2F, 0xFF, 0xC0, 0x2F, 0xFF, 0x80,
    0x00, 0x01, 0xFF, 0xFC, 0x01, 0xFF, 0xF4, 0x00, 0x00, 0x0F, 0xFF, 0x80, 0x0F, 0xFF, 0x00, 0x00,
    0x00, 0xBF, 0xF4, 0x00, 0xFF, 0xE0, 0x00, 0x00, 0x07, 0xFF, 0x00, 0x0B, 0xFD, 0x00, 0x00, 0x00,
    0x00, 0x00, 0x00, 0x00, 0x00, 0x00, 0x00, 0x00, 0x00, 0x00, 0x00, 0x07, 0xF4, 0x0B, 0xF0, 0x00,
    0x00, 0x00, 0x00, 0x00, 0x03, 0xFF, 0x07, 0xFF, 0x00, 0x00, 0x00, 0x00, 0x00, 0x01, 0xFF, 0xD2,
    0xFF, 0xC0, 0x00, 0x00, 0x00, 0x00, 0x00, 0x3F, 0xF0, 0x7F, 0xF0, 0x00, 0x00, 0x00, 0x00, 0x00,
    0x0B, 0xF8, 0x0F, 0xF4, 0x00, 0x00, 0x00, 0x00, 0x00, 0x00, 0x00, 0x00, 0x00, 0x00, 0x00, 0x00,
    0x00, 0x00, 0x00, 0x00, 0x00, 0x00, 0x00, 0x00, 0x00, 0x15, 0x55, 0x54, 0x00, 0x15, 0x50, 0x00,
    0x55, 0x55, 0x2F, 0xFF, 0xFF, 0x40, 0x2F, 0xFD, 0x00, 0x3F, 0xFF, 0xEB, 0xFF, 0xFF, 0xD0, 0x0F,
    0xFF, 0x80, 0x0F, 0xFF, 0xF8, 0x6F, 0xFF, 0x40, 0x03, 0xFF, 0xF0, 0x00, 0x7F, 0xD0, 0x03, 0xFF,
    0xC0, 0x01, 0xFF, 0xFC, 0x00, 0x0F, 0xE0, 0x00, 0xBF, 0xF0, 0x00, 0xBF, 0xFF, 0x40, 0x03, 0xF4,
    0x00, 0x1F, 0xFD, 0x00, 0x3F, 0xFF, 0xE0, 0x00, 0xFC, 0x00, 0x03, 0xFF, 0x80, 0x0F, 0xEF, 0xFC,
    0x00, 0x7F, 0x00, 0x00, 0xFF, 0xE0, 0x07, 0xF7, 0xFF, 0x00, 0x2F, 0x80, 0x00, 0x2F, 0xFC, 0x02,
    0xF8, 0xFF, 0xE0, 0x0F, 0xD0, 0x00, 0x07, 0xFF, 0x00, 0xFD, 0x3F, 0xFC, 0x03, 0xF0, 0x00, 0x00,
    0xFF, 0xD0, 0x3F, 0x0B, 0xFF, 0x00, 0xFC, 0x00, 0x00, 0x3F, 0xF8, 0x1F, 0xC1, 0xFF, 0xD0, 0x7E,
    0x00, 0x00, 0x0B, 0xFF, 0x0B, 0xE0, 0x3F, 0xF8, 0x2F, 0x40, 0x00, 0x01, 0xFF, 0xC3, 0xF4, 0x0B,
    0xFF, 0x0F, 0xC0, 0x00, 0x00, 0x7F, 0xF4, 0xFC, 0x01, 0xFF, 0xC3, 0xF0, 0x00, 0x00, 0x0F, 0xFD,
    0x7F, 0x00, 0x3F, 0xF4, 0xF8, 0x00, 0x00, 0x03, 0xFF, 0xAF, 0x80, 0x0F, 0xFE, 0x7D, 0x00, 0x00,
    0x00, 0xBF, 0xFF, 0xD0, 0x02, 0xFF, 0xEF, 0x40, 0x00, 0x00, 0x1F, 0xFF, 0xF0, 0x00, 0x7F, 0xFF,
    0xC0, 0x00, 0x00, 0x03, 0xFF, 0xFC, 0x00, 0x0F, 0xFF, 0xF0, 0x00, 0x00, 0x00, 0xFF, 0xFE, 0x00,
    0x03, 0xFF, 0xF8, 0x00, 0x00, 0x00, 0x2F, 0xFF, 0x40, 0x00, 0xBF, 0xFD, 0x00, 0x00, 0x00, 0x07,
    0xFF, 0xC0, 0x00, 0x1F, 0xFF, 0x00, 0x00, 0x00, 0x00, 0x01, 0x90, 0x01, 0x90, 0x00, 0x00, 0x00,
    0x00, 0xBF, 0xC0, 0xFF, 0x40, 0x00, 0x00, 0x00, 0x0F, 0xFD, 0x2F, 0xFC, 0x00, 0x00, 0x00, 0x01,
    0xFF, 0xD2, 0xFF, 0xC0, 0x00, 0x00, 0x00, 0x0F, 0xFC, 0x1F, 0xF8, 0x00, 0x00, 0x00, 0x00, 0x2A,
    0x00, 0x69, 0x00, 0x00, 0x00, 0x00, 0x00, 0x00, 0x00, 0x00, 0x00, 0x00, 0x00, 0x00, 0x00, 0x00,
    0x00, 0x00, 0x00, 0x00, 0x00, 0x00, 0x00, 0x00, 0x00, 0x00, 0x0B, 0xFF, 0xFF, 0x02, 0xFF, 0xC0,
    0x3F, 0xFF, 0xBF, 0xFF, 0xF0, 0x3F, 0xFD, 0x07, 0xFF, 0xF7, 0xFF, 0xF9, 0x03, 0xFF, 0xE0, 0x2F,
    0xF9, 0x0B, 0xFF, 0x00, 0x7F, 0xFF, 0x00, 0x7D, 0x00, 0x3F, 0xF0, 0x0B, 0xFF, 0xF0, 0x0B, 0xC0,
    0x03, 0xFF, 0x40, 0xFE, 0xFF, 0x40, 0xF8, 0x00, 0x2F, 0xFC, 0x0F, 0x9F, 0xF8, 0x0F, 0x40, 0x00,
    0xFF, 0xC1, 0xF4, 0xFF, 0xC1, 0xF0, 0x00, 0x0F, 0xFD, 0x2F, 0x0F, 0xFC, 0x2F, 0x00, 0x00, 0xBF,
    0xE3, 0xF0, 0x7F, 0xD3, 0xD0, 0x00, 0x07, 0xFF, 0x3E, 0x03, 0xFE, 0x7C, 0x00, 0x00, 0x3F, 0xFB,
    0xD0, 0x3F, 0xFB, 0xC0, 0x00, 0x02, 0xFF, 0xFC, 0x02, 0xFF, 0xF8, 0x00, 0x00, 0x1F, 0xFF, 0xC0,
    0x1F, 0xFF, 0x40, 0x00, 0x00, 0xFF, 0xF8, 0x00, 0xFF, 0xF0, 0x00, 0x00, 0x0B, 0xFF, 0x40, 0x0F,
    0xFE, 0x00, 0x00, 0x00, 0x7F, 0xF0, 0x00, 0xBF, 0xD0, 0x00, 0x00, 0x00, 0x00, 0x00, 0x00, 0x00,
    0x00, 0x00, 0x00, 0xFF, 0x40, 0x00, 0x00, 0x00, 0x00, 0xFF, 0xF0, 0x00, 0x00, 0x00, 0x00, 0x3F,
    0xFD, 0x00, 0x00, 0x00, 0x00, 0x0F, 0xFF, 0x40, 0x00, 0x00, 0x00, 0x01, 0xFF, 0x80, 0x00, 0x00,
    0x00, 0x00, 0x05, 0x00, 0x00, 0x00, 0x00, 0x00, 0x00, 0x00, 0x00, 0x00, 0x15, 0x55, 0x54, 0x01,
    0x55, 0x55, 0x2F, 0xFF, 0xFF, 0x40, 0xBF, 0xFF, 0xEB, 0xFF, 0xFF, 0xD0, 0x2F, 0xFF, 0xF8, 0x6F,
    0xFF, 0x40, 0x00, 0xBF, 0xD0, 0x02, 0xFF, 0xC0, 0x00, 0x1F, 0xD0, 0x00, 0x3F, 0xF8, 0x00, 0x0B,
    0xE0, 0x00, 0x07, 0xFF, 0x40, 0x07, 0xF0, 0x00, 0x00, 0xFF, 0xF0, 0x03, 0xF8, 0x00, 0x00, 0x1F,
    0xFE, 0x02, 0xFC, 0x00, 0x00, 0x02, 0xFF, 0xC0, 0xFD, 0x00, 0x00, 0x00, 0x3F, 0xF8, 0xBF, 0x00,
    0x00, 0x00, 0x07, 0xFF, 0xBF, 0x00, 0x00, 0x00, 0x00, 0xFF, 0xFF, 0x80, 0x00, 0x00, 0x00, 0x1F,
    0xFF, 0xC0, 0x00, 0x00, 0x00, 0x02, 0xFF, 0xD0, 0x00, 0x00, 0x00, 0x00, 0x7F, 0xF0, 0x00, 0x00,
    0x00, 0x00, 0x1F, 0xFC, 0x00, 0x00, 0x00, 0x00, 0x07, 0xFF, 0x00, 0x00, 0x00, 0x00, 0x01, 0xFF,
    0xC0, 0x00, 0x00, 0x00, 0x00, 0x7F, 0xF0, 0x00, 0x00, 0x00, 0x00, 0x1F, 0xFC, 0x00, 0x00, 0x00,
    0x00, 0x6F, 0xFF, 0xE4, 0x00, 0x00, 0x00, 0x7F, 0xFF, 0xFF, 0x00, 0x00, 0x00, 0x1F, 0xFF, 0xFF,
    0xC0, 0x00, 0x00, 0x00, 0x2A, 0x40, 0x00, 0x00, 0x00, 0x3F, 0xF8, 0x00, 0x00, 0x00, 0x1F, 0xFF,
    0x00, 0x00, 0x00, 0x07, 0xFF, 0xC0, 0x00, 0x00, 0x00, 0xFF, 0xE0, 0x00, 0x00, 0x00, 0x0B, 0xE0,
    0x00, 0x00, 0x00, 0x00, 0x00, 0x00, 0x00, 0x00, 0x00, 0x00, 0x00, 0x00, 0x00, 0x00, 0x00, 0x00,
    0x00, 0x1F, 0xFF, 0xFD, 0x0F, 0xFF, 0xD7, 0xFF, 0xFF, 0x43, 0xFF, 0xF5, 0xBF, 0xFE, 0x40, 0xBF,
    0xF8, 0x07, 0xFF, 0x00, 0x03, 0xF0, 0x00, 0xFF, 0xD0, 0x01, 0xF4, 0x00, 0x2F, 0xFC, 0x00, 0xFC,
    0x00, 0x03, 0xFF, 0x40, 0x3E, 0x00, 0x00, 0xBF, 0xE0, 0x2F, 0x00, 0x00, 0x0F, 0xFC, 0x0F, 0xC0,
    0x00, 0x02, 0xFF, 0x47, 0xD0, 0x00, 0x00, 0x7F, 0xF3, 0xF0, 0x00, 0x00, 0x0F, 0xFE, 0xF8, 0x00,
    0x00, 0x01, 0xFF, 0xFC, 0x00, 0x00, 0x00, 0x3F, 0xFE, 0x00, 0x00, 0x00, 0x0B, 0xFF, 0x40, 0x00,
    0x00, 0x00, 0xFF, 0xC0, 0x00, 0x00, 0x00, 0x2F, 0xD0, 0x00, 0x00, 0x00, 0x07, 0xF0, 0x00, 0x00,
    0x00, 0x02, 0xF8, 0x00, 0x00, 0x3F, 0x80, 0xFC, 0x00, 0x00, 0x2F, 0xF0, 0xBE, 0x00, 0x00, 0x0B,
    0xF8, 0x7F, 0x00, 0x00, 0x01, 0xFF, 0xFF, 0x40, 0x00, 0x00, 0x3F, 0xFF, 0x40, 0x00, 0x00, 0x01,
    0xA9, 0x00, 0x00, 0x00, 0x00, 0x15, 0x55, 0x55, 0x55, 0x55, 0x0F, 0xFF, 0xFF, 0xFF, 0xFF, 0xC3,
    0xFF, 0xFF, 0xFF, 0xFF, 0xF0, 0xFF, 0xE5, 0x55, 0xBF, 0xFC, 0x3F, 0xD0, 0x00, 0x3F, 0xFC, 0x0F,
    0xF0, 0x00, 0x3F, 0xFD, 0x03, 0xF8, 0x00, 0x2F, 0xFE, 0x00, 0xFC, 0x00, 0x1F, 0xFF, 0x00, 0x25,
    0x00, 0x0F, 0xFF, 0x00, 0x00, 0x00, 0x0F, 0xFF, 0x80, 0x00, 0x00, 0x0B, 0xFF, 0xC0, 0x00, 0x00,
    0x07, 0xFF, 0xC0, 0x00, 0x00, 0x03, 0xFF, 0xD0, 0x00, 0x00, 0x02, 0xFF, 0xE0, 0x00, 0x00, 0x01,
    0xFF, 0xF0, 0x00, 0x00, 0x00, 0xFF, 0xF0, 0x00, 0x00, 0x00, 0xFF, 0xF4, 0x00, 0x3F, 0x40, 0xBF,
    0xF8, 0x00, 0x0F, 0xC0, 0x7F, 0xFC, 0x00, 0x0B, 0xF0, 0x3F, 0xFD, 0x00, 0x03, 0xFC, 0x3F, 0xFE,
    0x00, 0x07, 0xFF, 0x1F, 0xFF, 0xFF, 0xFF, 0xFF, 0xC7, 0xFF, 0xFF, 0xFF, 0xFF, 0xF1, 0xFF, 0xFF,
    0xFF, 0xFF, 0xF8, 0x00, 0x00, 0x00, 0x00, 0x00, 0x00, 0x00, 0x00, 0x00, 0x00, 0x00, 0x00, 0x07,
    0xF4, 0x00, 0x00, 0x00, 0x0B, 0xFF, 0x40, 0x00, 0x00, 0x03, 0xFF, 0xE0, 0x00, 0x00, 0x00, 0xFF,
    0xF8, 0x00, 0x00, 0x00, 0x1F, 0xFC, 0x00, 0x00, 0x00, 0x01, 0xA8, 0x00, 0x00, 0x00, 0x00, 0x00,
    0x00, 0x7F, 0xFF, 0xFF, 0xFD, 0x7F, 0xFF, 0xFF, 0xFD, 0x7F, 0xEA, 0xBF, 0xFC, 0xBF, 0x00, 0x7F,
    0xF4, 0xBD, 0x00, 0xFF, 0xE0, 0xBC, 0x03, 0xFF, 0xC0, 0x54, 0x0B, 0xFF, 0x00, 0x00, 0x1F, 0xFD,
    0x00, 0x00, 0x3F, 0xF8, 0x00, 0x00, 0xFF, 0xF0, 0x00, 0x02, 0xFF, 0xC0, 0x1A, 0x07, 0xFF, 0x40,
    0x3F, 0x0F, 0xFE, 0x00, 0x7E, 0x3F, 0xFC, 0x00, 0xFE, 0xBF, 0xFE, 0xAF, 0xFE, 0xFF, 0xFF, 0xFF,
    0xFD, 0xFF, 0xFF, 0xFF, 0xFD, 0x00, 0x00, 0x00, 0x00, 0x00, 0x00, 0x00, 0x00, 0x00, 0x0B, 0xE0,
    0x00, 0x00, 0x3F, 0xFC, 0x00, 0x00, 0x7F, 0xFC, 0x00, 0x00, 0x7F, 0xFC, 0x00, 0x00, 0x3F, 0xF8,
    0x00, 0x00, 0x06, 0x90, 0x00, 0x06, 0x40, 0x06, 0x40, 0x2F, 0xF0, 0x3F, 0xE0, 0x3F, 0xF8, 0x7F,
    0xF0, 0x3F, 0xF8, 0x7F, 0xF0, 0x2F, 0xF0, 0x3F, 0xF0, 0x06, 0x80, 0x0A, 0x80, 0x00, 0x00, 0x00,
    0x00, 0x00, 0x0A, 0xD0, 0x00, 0x00, 0x0F, 0xE0, 0x00, 0x00, 0x0F, 0xE0, 0x00, 0x00, 0x1F, 0xE0,
    0x00, 0x00, 0x3F, 0xE0, 0x00, 0x00, 0xBF, 0xE0, 0x00, 0x0F, 0xFF, 0xFF, 0xF4, 0x0F, 0xFF, 0xFF,
    0xF4, 0x0F, 0xFF, 0xFF, 0xF0, 0x00, 0xBF, 0xE0, 0x00, 0x00, 0xBF, 0xE0, 0x00, 0x00, 0xBF, 0xE0,
    0x00, 0x00, 0xBF, 0xE0, 0x00, 0x00, 0xBF, 0xE0, 0x00, 0x00, 0xBF, 0xE0, 0x00, 0x00, 0xBF, 0xE0,
    0x00, 0x00, 0xBF, 0xE0, 0x00, 0x00, 0xBF, 0xE0, 0x00, 0x00, 0xBF, 0xE0, 0x00, 0x00, 0xBF, 0xF4,
    0x28, 0x00, 0x7F, 0xFF, 0xFC, 0x00, 0x3F, 0xFF, 0xFC, 0x00, 0x0F, 0xFF, 0xD0, 0x00, 0x00, 0x54,
    0x00, 0x00, 0x00, 0x6B, 0xFA, 0x40, 0x00, 0x00, 0x01, 0xFF, 0xFF, 0xFF, 0x80, 0x00, 0x03, 0xFF,
    0xFF, 0xFF, 0xFD, 0x00, 0x03, 0xFF, 0xE5, 0x5B, 0xFF, 0x80, 0x01, 0xFF, 0xD0, 0x00, 0xBF, 0xD0,
    0x00, 0xFF, 0xE0, 0x00, 0x7F, 0xE0, 0x00, 0x3F, 0xF4, 0x00, 0x3F, 0xF0, 0x00, 0x1F, 0xFC, 0x00,
    0x2F, 0xF4, 0x00, 0x07, 0xFF, 0x00, 0x0F, 0xFC, 0x00, 0x02, 0xFF, 0xC0, 0x0F, 0xFC, 0x00, 0x00,
    0xBF, 0xF0, 0x07, 0xFE, 0x00, 0x00, 0x2F, 0xFC, 0x03, 0xFF, 0xFE, 0x00, 0x0B, 0xFF, 0x00, 0x7F,
    0xFF, 0xF4, 0x02, 0xFF, 0xC0, 0x00, 0x1F, 0xFF, 0x40, 0xBF, 0xF0, 0x00, 0x00, 0xFF, 0xF0, 0x2F,
    0xFC, 0x00, 0x00, 0x1F, 0xFC, 0x0B, 0xFF, 0x00, 0x00, 0x03, 0xFF, 0x42, 0xFF, 0xC0, 0x00, 0x00,
    0xFF, 0xD0, 0xBF, 0xF0, 0xF8, 0x00, 0x3F, 0xF0, 0x2F, 0xFC, 0x3F, 0x00, 0x1F, 0xFC, 0x0B, 0xFF,
    0x0F, 0xF0, 0x0F, 0xFE, 0x1B, 0xFF, 0xC3, 0xFF, 0xAF, 0xFF, 0x0F, 0xFF, 0xF0, 0xFF, 0xFF, 0xFF,
    0x43, 0xFF, 0xFC, 0x3E, 0x7F, 0xFF, 0x00, 0x00, 0x00, 0x00, 0x00, 0x54, 0x00, 0x00, 0x00, 0x00,
    0x05, 0x54, 0x00, 0x00, 0x00, 0x00, 0x07, 0xFF, 0x80, 0x00, 0x00, 0x00, 0x02, 0xFF, 0xF0, 0x00,
    0x00, 0x00, 0x00, 0xFF, 0xFD, 0x00, 0x00, 0x00, 0x00, 0x7F, 0xFF, 0x80, 0x00, 0x00, 0x00, 0x3F,
    0xBF, 0xF0, 0x00, 0x00, 0x00, 0x0F, 0xCF, 0xFD, 0x00, 0x00, 0x00, 0x07, 0xE1, 0xFF, 0xC0, 0x00,
    0x00, 0x03, 0xF4, 0x3F, 0xF0, 0x00, 0x00, 0x00, 0xFC, 0x0F, 0xFE, 0x00, 0x00, 0x00, 0xBE, 0x02,
    0xFF, 0xC0, 0x00, 0x00, 0x3F, 0x40, 0x3F, 0xF0, 0x00, 0x00, 0x1F, 0xC0, 0x0F, 0xFE, 0x00, 0x00,
    0x0B, 0xE0, 0x02, 0xFF, 0xC0, 0x00, 0x03, 0xFF, 0xFF, 0xFF, 0xF4, 0x00, 0x01, 0xFF, 0xFF, 0xFF,
    0xFE, 0x00, 0x00, 0xBF, 0xFF, 0xFF, 0xFF, 0xC0, 0x00, 0x3F, 0x40, 0x00, 0x7F, 0xF4, 0x00, 0x1F,
    0xC0, 0x00, 0x0F, 0xFE, 0x00, 0x0F, 0xE0, 0x00, 0x02, 0xFF, 0xC0, 0x07, 0xF4, 0x00, 0x00, 0xBF,
    0xF8, 0x1B, 0xFF, 0x90, 0x01, 0xBF, 0xFF, 0x9F, 0xFF, 0xFC, 0x00, 0xFF, 0xFF, 0xFF, 0xFF, 0xFF,
    0x00, 0x3F, 0xFF, 0xFF, 0x00, 0x00, 0x00, 0x00, 0x00, 0x00, 0x00, 0x00, 0x00, 0x00, 0x00, 0x00,
    0x00, 0x00, 0x00, 0xBE, 0x00, 0x00, 0x00, 0x00, 0x00, 0xFF, 0xF0, 0x00, 0x00, 0x00, 0x00, 0x3F,
    0xFC, 0x00, 0x00, 0x00, 0x00, 0x0F, 0xFF, 0x00, 0x00, 0x00, 0x00, 0x02, 0xFF, 0x80, 0x00, 0x00,
    0x00, 0x00, 0x1A, 0x40, 0x00, 0x00, 0x00, 0x16, 0x94, 0x00, 0x00, 0x0B, 0xFF, 0xFE, 0x00, 0x01,
    0xFF, 0xAF, 0xFF, 0x00, 0x0F, 0xE0, 0x0F, 0xFE, 0x00, 0x7F, 0xC0, 0x1F, 0xFC, 0x01, 0xFF, 0x00,
    0x3F, 0xF0, 0x03, 0xF8, 0x00, 0xFF, 0xC0, 0x00, 0x00, 0x03, 0xFF, 0x00, 0x00, 0x01, 0x6F, 0xFC,
    0x00, 0x0B, 0xFF, 0xFF, 0xF0, 0x01, 0xFF, 0xFE, 0xFF, 0xC0, 0x0F, 0xFD, 0x03, 0xFF, 0x00, 0xBF,
    0xE0, 0x0F, 0xFC, 0x02, 0xFF, 0x40, 0x3F, 0xF0, 0x0B, 0xFE, 0x02, 0xFF, 0xD0, 0x2F, 0xFE, 0x6F,
    0xFF, 0xE8, 0x3F, 0xFF, 0xF7, 0xFF, 0xF0, 0x3F, 0xFE, 0x0B, 0xFF, 0x40, 0x05, 0x40, 0x01, 0x50,
    0x00, 0x00, 0x00, 0x00, 0x00, 0x00, 0x07, 0xF4, 0x00, 0x00, 0x00, 0xBF, 0xF4, 0x00, 0x00, 0x03,
    0xFF, 0xE0, 0x00, 0x00, 0x0F, 0xFF, 0x80, 0x00, 0x00, 0x1F, 0xFC, 0x00, 0x00, 0x00, 0x1A, 0x80,
    0x00, 0x00, 0x00, 0x00, 0x1B, 0xF8, 0x00, 0x00, 0x00, 0x00, 0x3F, 0xFF, 0xD0, 0x00, 0x00, 0x00,
    0x2F, 0x47, 0xFC, 0x00, 0x00, 0x00, 0x0F, 0xE0, 0xFF, 0x00, 0x00, 0x00, 0x01, 0xF4, 0x7F, 0xC0,
    0x00, 0x00, 0x00, 0x00, 0x7F, 0xC0, 0x00, 0x00, 0x00, 0x00, 0x3F, 0xC0, 0x00, 0x00, 0x00, 0x00,
    0x0F, 0xD0, 0x00, 0x00, 0x00, 0x00, 0x00, 0x00, 0x00, 0x00, 0x00, 0x00, 0x01, 0x55, 0x00, 0x00,
    0x00, 0x00, 0x01, 0xFF, 0xE0, 0x00, 0x00, 0x00, 0x00, 0xBF, 0xFC, 0x00, 0x00, 0x00, 0x00, 0x3F,
    0xFF, 0x40, 0x00, 0x00, 0x00, 0x1F, 0xFF, 0xE0, 0x00, 0x00, 0x00, 0x0F, 0xEF, 0xFC, 0x00, 0x00,
    0x00, 0x03, 0xF3, 0xFF, 0x40, 0x00, 0x00, 0x01, 0xF8, 0x7F, 0xF0, 0x00, 0x00, 0x00, 0xFD, 0x0F,
    0xFC, 0x00, 0x00, 0x00, 0x3F, 0x03, 0xFF, 0x80, 0x00, 0x00, 0x2F, 0x80, 0xBF, 0xF0, 0x00, 0x00,
    0x0F, 0xD0, 0x0F, 0xFC, 0x00, 0x00, 0x07, 0xF0, 0x03, 0xFF, 0x80, 0x00, 0x02, 0xF8, 0x00, 0xBF,
    0xF0, 0x00, 0x00, 0xFF, 0xFF, 0xFF, 0xFD, 0x00, 0x00, 0x7F, 0xFF, 0xFF, 0xFF, 0x80, 0x00, 0x2F,
    0xFF, 0xFF, 0xFF, 0xF0, 0x00, 0x0F, 0xD0, 0x00, 0x1F, 0xFD, 0x00, 0x07, 0xF0, 0x00, 0x03, 0xFF,
    0x80, 0x03, 0xF8, 0x00, 0x00, 0xBF, 0xF0, 0x01, 0xFD, 0x00, 0x00, 0x2F, 0xFE, 0x06, 0xFF, 0xE4,
    0x00, 0x6F, 0xFF, 0xE7, 0xFF, 0xFF, 0x00, 0x3F, 0xFF, 0xFF, 0xFF, 0xFF, 0xC0, 0x0F, 0xFF, 0xFF,
    0xC0, 0x00, 0x1A, 0xA4, 0x00, 0x00, 0x03, 0xFF, 0xFC, 0x00, 0x00, 0x3F, 0x5B, 0xF4, 0x00, 0x00,
    0xFC, 0x0F, 0xE0, 0x00, 0x03, 0xF0, 0xBF, 0x40, 0x00, 0x00, 0x0B, 0xFC, 0x00, 0x00, 0x00, 0x7F,
    0xC0, 0x00, 0x00, 0x02, 0xFC, 0x00, 0x00, 0x00, 0x07, 0xF0, 0x00, 0x00, 0x00, 0x00, 0x00, 0x00,
    0x00, 0x01, 0x69, 0x40, 0x00, 0x00, 0xBF, 0xFF, 0xE0, 0x00, 0x1F, 0xFA, 0xFF, 0xF0, 0x00, 0xFE,
    0x00, 0xFF, 0xE0, 0x07, 0xFC, 0x01, 0xFF, 0xC0, 0x1F, 0xF0, 0x03, 0xFF, 0x00, 0x3F, 0x80, 0x0F,
    0xFC, 0x00, 0x00, 0x00, 0x3F, 0xF0, 0x00, 0x00, 0x16, 0xFF, 0xC0, 0x00, 0xBF, 0xFF, 0xFF, 0x00,
    0x1F, 0xFF, 0xEF, 0xFC, 0x00, 0xFF, 0xD0, 0x3F, 0xF0, 0x0B, 0xFE, 0x00, 0xFF, 0xC0, 0x2F, 0xF4,
    0x03, 0xFF, 0x00, 0xBF, 0xE0, 0x2F, 0xFD, 0x02, 0xFF, 0xE6, 0xFF, 0xFE, 0x83, 0xFF, 0xFF, 0x7F,
    0xFF, 0x03, 0xFF, 0xE0, 0xBF, 0xF4, 0x00, 0x54, 0x00, 0x15, 0x00, 0x00, 0x00, 0x00, 0x05, 0x00,
    0x00, 0x00, 0x00, 0x00, 0x0F, 0xD0, 0x00, 0x00, 0x00, 0x00, 0x0F, 0xF8, 0x00, 0x00, 0x00, 0x00,
    0x1F, 0xFE, 0x00, 0x00, 0x00, 0x00, 0x1F, 0xFE, 0x00, 0x00, 0x00, 0x00, 0x1F, 0xF8, 0x00, 0x00,
    0x00, 0x00, 0x03, 0x90, 0x00, 0x00, 0x00, 0x00, 0x00, 0x07, 0x80, 0x00, 0x00, 0x00, 0x00, 0x0B,
    0xFC, 0x00, 0x00, 0x00, 0x00, 0x07, 0xFF, 0xC0, 0x00, 0x00, 0x00, 0x07, 0xFF, 0xF8, 0x00, 0x00,
    0x00, 0x03, 0xFE, 0xFF, 0x40, 0x00, 0x00, 0x03, 0xF8, 0x0B, 0xF4, 0x00, 0x00, 0x00, 0xF4, 0x00,
    0x3C, 0x00, 0x00, 0x00, 0x00, 0x00, 0x00, 0x00, 0x00, 0x00, 0x00, 0x15, 0x50, 0x00, 0x00, 0x00,
    0x00, 0x1F, 0xFE, 0x00, 0x00, 0x00, 0x00, 0x0B, 0xFF, 0xC0, 0x00, 0x00, 0x00, 0x03, 0xFF, 0xF4,
    0x00, 0x00, 0x00, 0x01, 0xFF, 0xFE, 0x00, 0x00, 0x00, 0x00, 0xFE, 0xFF, 0xC0, 0x00, 0x00, 0x00,
    0x3F, 0x3F, 0xF4, 0x00, 0x00, 0x00, 0x1F, 0x87, 0xFF, 0x00, 0x00, 0x00, 0x0F, 0xD0, 0xFF, 0xC0,
    0x00, 0x00, 0x03, 0xF0, 0x3F, 0xF8, 0x00, 0x00, 0x02, 0xF8, 0x0B, 0xFF, 0x00, 0x00, 0x00, 0xFD,
    0x00, 0xFF, 0xC0, 0x00, 0x00, 0x7F, 0x00, 0x3F, 0xF8, 0x00, 0x00, 0x2F, 0x80, 0x0B, 0xFF, 0x00,
    0x00, 0x0F, 0xFF, 0xFF, 0xFF, 0xD0, 0x00, 0x07, 0xFF, 0xFF, 0xFF, 0xF8, 0x00, 0x02, 0xFF, 0xFF,
    0xFF, 0xFF, 0x00, 0x00, 0xFD, 0x00, 0x01, 0xFF, 0xD0, 0x00, 0x7F, 0x00, 0x00, 0x3F, 0xF8, 0x00,
    0x3F, 0x80, 0x00, 0x0B, 0xFF, 0x00, 0x1F, 0xD0, 0x00, 0x02, 0xFF, 0xE0, 0x6F, 0xFE, 0x40, 0x06,
    0xFF, 0xFE, 0x7F, 0xFF, 0xF0, 0x03, 0xFF, 0xFF, 0xFF, 0xFF, 0xFC, 0x00, 0xFF, 0xFF, 0xFC, 0x00,
    0x00, 0x14, 0x00, 0x00, 0x00, 0x02, 0xF8, 0x00, 0x00, 0x00, 0x3F, 0xF0, 0x00, 0x00, 0x03, 0xFF,
    0xC0, 0x00, 0x00, 0x3F, 0xFC, 0x00, 0x00, 0x03, 0xFE, 0x00, 0x00, 0x00, 0x0F, 0x40, 0x00, 0x00,
    0x00, 0x00, 0xA4, 0x00, 0x00, 0x00, 0x0F, 0xF4, 0x00, 0x00, 0x00, 0xFF, 0xF0, 0x00, 0x00, 0x0B,
    0xFF, 0xF0, 0x00, 0x00, 0x7F, 0xEF, 0xE0, 0x00, 0x03, 0xF8, 0x1F, 0xD0, 0x00, 0x2F, 0x40, 0x0F,
    0xC0, 0x00, 0x20, 0x00, 0x08, 0x00, 0x00, 0x00, 0x00, 0x00, 0x00, 0x00, 0x16, 0x94, 0x00, 0x00,
    0x0B, 0xFF, 0xFE, 0x00, 0x01, 0xFF, 0xAF, 0xFF, 0x00, 0x0F, 0xE0, 0x0F, 0xFE, 0x00, 0x7F, 0xC0,
    0x1F, 0xFC, 0x01, 0xFF, 0x00, 0x3F, 0xF0, 0x03, 0xF8, 0x00, 0xFF, 0xC0, 0x00, 0x00, 0x03, 0xFF,
    0x00, 0x00, 0x01, 0x6F, 0xFC, 0x00, 0x0B, 0xFF, 0xFF, 0xF0, 0x01, 0xFF, 0xFE, 0xFF, 0xC0, 0x0F,
    0xFD, 0x03, 0xFF, 0x00, 0xBF, 0xE0, 0x0F, 0xFC, 0x02, 0xFF, 0x40, 0x3F, 0xF0, 0x0B, 0xFE, 0x02,
    0xFF, 0xD0, 0x2F, 0xFE, 0x6F, 0xFF, 0xE8, 0x3F, 0xFF, 0xF7, 0xFF, 0xF0, 0x3F, 0xFE, 0x0B, 0xFF,
    0x40, 0x05, 0x40, 0x01, 0x50, 0x00, 0x00, 0x00, 0x08, 0x00, 0x00, 0x00, 0x00, 0x00, 0x0F, 0xD0,
    0x00, 0x00, 0x00, 0x00, 0x07, 0xFD, 0x00, 0x00, 0x00, 0x00, 0x01, 0xFF, 0xD0, 0x00, 0x00, 0x00,
    0x00, 0x1F, 0xFD, 0x00, 0x00, 0x00, 0x00, 0x00, 0x7F, 0xD0, 0x00, 0x00, 0x00, 0x00, 0x00, 0xB4,
    0x00, 0x00, 0x00, 0x00, 0x07, 0x80, 0x00, 0x00, 0x00, 0x00, 0x0B, 0xFC, 0x00, 0x00, 0x00, 0x00,
    0x07, 0xFF, 0xC0, 0x00, 0x00, 0x00, 0x07, 0xFF, 0xF8, 0x00, 0x00, 0x00, 0x03, 0xFE, 0xFF, 0x40,
    0x00, 0x00, 0x03, 0xF8, 0x0B, 0xF4, 0x00, 0x00, 0x00, 0xF4, 0x00, 0x3C, 0x00, 0x00, 0x00, 0x00,
    0x00, 0x00, 0x00, 0x00, 0x00, 0x00, 0x15, 0x50, 0x00, 0x00, 0x00, 0x00, 0x1F, 0xFE, 0x00, 0x00,
    0x00, 0x00, 0x0B, 0xFF, 0xC0, 0x00, 0x00, 0x00, 0x03, 0xFF, 0xF4, 0x00, 0x00, 0x00, 0x01, 0xFF,
    0xFE, 0x00, 0x00, 0x00, 0x00, 0xFE, 0xFF, 0xC0, 0x00, 0x00, 0x00, 0x3F, 0x3F, 0xF4, 0x00, 0x00,
    0x00, 0x1F, 0x87, 0xFF, 0x00, 0x00, 0x00, 0x0F, 0xD0, 0xFF, 0xC0, 0x00, 0x00, 0x03, 0xF0, 0x3F,
    0xF8, 0x00, 0x00, 0x02, 0xF8, 0x0B, 0xFF, 0x00, 0x00, 0x00, 0xFD, 0x00, 0xFF, 0xC0, 0x00, 0x00,
    0x7F, 0x00, 0x3F, 0xF8, 0x00, 0x00, 0x2F, 0x80, 0x0B, 0xFF, 0x00, 0x00, 0x0F, 0xFF, 0xFF, 0xFF,
    0xD0, 0x00, 0x07, 0xFF, 0xFF, 0xFF, 0xF8, 0x00, 0x02, 0xFF, 0xFF, 0xFF, 0xFF, 0x00, 0x00, 0xFD,
    0x00, 0x01, 0xFF, 0xD0, 0x00, 0x7F, 0x00, 0x00, 0x3F, 0xF8, 0x00, 0x3F, 0x80, 0x00, 0x0B, 0xFF,
    0x00, 0x1F, 0xD0, 0x00, 0x02, 0xFF, 0xE0, 0x6F, 0xFE, 0x40, 0x06, 0xFF, 0xFE, 0x7F, 0xFF, 0xF0,
    0x03, 0xFF, 0xFF, 0xFF, 0xFF, 0xFC, 0x00, 0xFF, 0xFF, 0xFC, 0x00, 0x14, 0x00, 0x00, 0x00, 0x03,
    0xF8, 0x00, 0x00, 0x00, 0x0F, 0xF8, 0x00, 0x00, 0x00, 0x3F, 0xF8, 0x00, 0x00, 0x00, 0x3F, 0xFC,
    0x00, 0x00, 0x00, 0x1B, 0xFC, 0x00, 0x00, 0x00, 0x02, 0xE0, 0x00, 0x00, 0x00, 0xA4, 0x00, 0x00,
    0x00, 0x0F, 0xF4, 0x00, 0x00, 0x00, 0xFF, 0xF0, 0x00, 0x00, 0x0B, 0xFF, 0xF0, 0x00, 0x00, 0x7F,
    0xEF, 0xE0, 0x00, 0x03, 0xF8, 0x1F, 0xD0, 0x00, 0x2F, 0x40, 0x0F, 0xC0, 0x00, 0x20, 0x00, 0x08,
    0x00, 0x00, 0x00, 0x00, 0x00, 0x00, 0x00, 0x16, 0x94, 0x00, 0x00, 0x0B, 0xFF, 0xFE, 0x00, 0x01,
    0xFF, 0xAF, 0xFF, 0x00, 0x0F, 0xE0, 0x0F, 0xFE, 0x00, 0x7F, 0xC0, 0x1F, 0xFC, 0x01, 0xFF, 0x00,
    0x3F, 0xF0, 0x03, 0xF8, 0x00, 0xFF, 0xC0, 0x00, 0x00, 0x03, 0xFF, 0x00, 0x00, 0x01, 0x6F, 0xFC,
    0x00, 0x0B, 0xFF, 0xFF, 0xF0, 0x01, 0xFF, 0xFE, 0xFF, 0xC0, 0x0F, 0xFD, 0x03, 0xFF, 0x00, 0xBF,
    0xE0, 0x0F, 0xFC, 0x02, 0xFF, 0x40, 0x3F, 0xF0, 0x0B, 0xFE, 0x02, 0xFF, 0xD0, 0x2F, 0xFE, 0x6F,
    0xFF, 0xE8, 0x3F, 0xFF, 0xF7, 0xFF, 0xF0, 0x3F, 0xFE, 0x0B, 0xFF, 0x40, 0x05, 0x40, 0x01, 0x50,
    0x00, 0x00, 0x00, 0x00, 0x00, 0x00, 0x00, 0x00, 0x00, 0x00, 0x00, 0xBF, 0xE4, 0x00, 0x00, 0x00,
    0x01, 0xFF, 0xFF, 0x40, 0x00, 0x00, 0x00, 0xFD, 0x0F, 0xF0, 0x00, 0x00, 0x00, 0x3F, 0x83, 0xFC,
    0x00, 0x00, 0x00, 0x07, 0xC2, 0xFE, 0x00, 0x00, 0x00, 0x00, 0x02, 0xFF, 0x00, 0x00, 0x00, 0x07,
    0x80, 0xFF, 0x00, 0x00, 0x00, 0x07, 0xFC, 0x7F, 0x00, 0x00, 0x00, 0x07, 0xFF, 0xC0, 0x00, 0x00,
    0x00, 0x03, 0xFF, 0xF8, 0x00, 0x00, 0x00, 0x03, 0xFE, 0xFF, 0x80, 0x00, 0x00, 0x03, 0xF8, 0x0B,
    0xF4, 0x00, 0x00, 0x00, 0xF4, 0x00, 0x2C, 0x00, 0x00, 0x00, 0x00, 0x00, 0x00, 0x00, 0x00, 0x00,
    0x00, 0x15, 0x50, 0x00, 0x00, 0x00, 0x00, 0x1F, 0xFE, 0x00, 0x00, 0x00, 0x00, 0x0B, 0xFF, 0xC0,
    0x00, 0x00, 0x00, 0x03, 0xFF, 0xF4, 0x00, 0x00, 0x00, 0x01, 0xFF, 0xFE, 0x00, 0x00, 0x00, 0x00,
    0xFE, 0xFF, 0xC0, 0x00, 0x00, 0x00, 0x3F, 0x3F, 0xF4, 0x00, 0x00, 0x00, 0x1F, 0x87, 0xFF, 0x00,
    0x00, 0x00, 0x0F, 0xD0, 0xFF, 0xC0, 0x00, 0x00, 0x03, 0xF0, 0x3F, 0xF8, 0x00, 0x00, 0x02, 0xF8,
    0x0B, 0xFF, 0x00, 0x00, 0x00, 0xFD, 0x00, 0xFF, 0xC0, 0x00, 0x00, 0x7F, 0x00, 0x3F, 0xF8, 0x00,
    0x00, 0x2F, 0x80, 0x0B, 0xFF, 0x00, 0x00, 0x0F, 0xFF, 0xFF, 0xFF, 0xD0, 0x00, 0x07, 0xFF, 0xFF,
    0xFF, 0xF8, 0x00, 0x02, 0xFF, 0xFF, 0xFF, 0xFF, 0x00, 0x00, 0xFD, 0x00, 0x01, 0xFF, 0xD0, 0x00,
    0x7F, 0x00, 0x00, 0x3F, 0xF8, 0x00, 0x3F, 0x80, 0x00, 0x0B, 0xFF, 0x00, 0x1F, 0xD0, 0x00, 0x02,
    0xFF, 0xE0, 0x6F, 0xFE, 0x40, 0x06, 0xFF, 0xFE, 0x7F, 0xFF, 0xF0, 0x03, 0xFF, 0xFF, 0xFF, 0xFF,
    0xFC, 0x00, 0xFF, 0xFF, 0xFC, 0x00, 0x00, 0x06, 0xFE, 0x40, 0x00, 0x00, 0xFF, 0xFF, 0x80, 0x00,
    0x0B, 0xE0, 0xFF, 0x00, 0x00, 0x3F, 0xC2, 0xFC, 0x00, 0x00, 0x7D, 0x1F, 0xF0, 0x00, 0x00, 0x01,
    0xFF, 0x40, 0x00, 0x29, 0x0F, 0xF4, 0x00, 0x03, 0xFD, 0x3F, 0x80, 0x00, 0x3F, 0xFC, 0x00, 0x00,
    0x02, 0xFF, 0xFC, 0x00, 0x00, 0x1F, 0xFB, 0xF8, 0x00, 0x00, 0xFE, 0x07, 0xF4, 0x00, 0x0B, 0xD0,
    0x03, 0xF0, 0x00, 0x08, 0x00, 0x02, 0x00, 0x00, 0x00, 0x00, 0x00, 0x00, 0x00, 0x05, 0xA5, 0x00,
    0x00, 0x02, 0xFF, 0xFF, 0x80, 0x00, 0x7F, 0xEB, 0xFF, 0xC0, 0x03, 0xF8, 0x03, 0xFF, 0x80, 0x1F,
    0xF0, 0x07, 0xFF, 0x00, 0x7F, 0xC0, 0x0F, 0xFC, 0x00, 0xFE, 0x00, 0x3F, 0xF0, 0x00, 0x00, 0x00,
    0xFF, 0xC0, 0x00, 0x00, 0x5B, 0xFF, 0x00, 0x02, 0xFF, 0xFF, 0xFC, 0x00, 0x7F, 0xFF, 0xBF, 0xF0,
    0x03, 0xFF, 0x40, 0xFF, 0xC0, 0x2F, 0xF8, 0x03, 0xFF, 0x00, 0xBF, 0xD0, 0x0F, 0xFC, 0x02, 0xFF,
    0x80, 0xBF, 0xF4, 0x0B, 0xFF, 0x9B, 0xFF, 0xFA, 0x0F, 0xFF, 0xFD, 0xFF, 0xFC, 0x0F, 0xFF, 0x82,
    0xFF, 0xD0, 0x01, 0x50, 0x00, 0x54, 0x00, 0x00, 0x00, 0x2E, 0x40, 0x10, 0x00, 0x00, 0x00, 0x3F,
    0xFE, 0x5F, 0x00, 0x00, 0x00, 0x2F, 0xFF, 0xFF, 0xC0, 0x00, 0x00, 0x0F, 0xFF, 0xFF, 0xD0, 0x00,
    0x00, 0x02, 0x81, 0xBF, 0xE0, 0x00, 0x00, 0x00, 0x00, 0x01, 0x40, 0x00, 0x00, 0x00, 0x00, 0x1E,
    0x00, 0x00, 0x00, 0x00, 0x00, 0x2F, 0xF0, 0x00, 0x00, 0x00, 0x00, 0x1F, 0xFF, 0x00, 0x00, 0x00,
    0x00, 0x1F, 0xFF, 0xE0, 0x00, 0x00, 0x00, 0x0F, 0xFB, 0xFD, 0x00, 0x00, 0x00, 0x0F, 0xE0, 0x2F,
    0xD0, 0x00, 0x00, 0x03, 0xD0, 0x00, 0xF0, 0x00, 0x00, 0x00, 0x00, 0x00, 0x00, 0x00, 0x00, 0x00,
    0x00, 0x55, 0x40, 0x00, 0x00, 0x00, 0x00, 0x7F, 0xF8, 0x00, 0x00, 0x00, 0x00, 0x2F, 0xFF, 0x00,
    0x00, 0x00, 0x00, 0x0F, 0xFF, 0xD0, 0x00, 0x00, 0x00, 0x07, 0xFF, 0xF8, 0x00, 0x00, 0x00, 0x03,
    0xFB, 0xFF, 0x00, 0x00, 0x00, 0x00, 0xFC, 0xFF, 0xD0, 0x00, 0x00, 0x00, 0x7E, 0x1F, 0xFC, 0x00,
    0x00, 0x00, 0x3F, 0x43, 0xFF, 0x00, 0x00, 0x00, 0x0F, 0xC0, 0xFF, 0xE0, 0x00, 0x00, 0x0B, 0xE0,
    0x2F, 0xFC, 0x00, 0x00, 0x03, 0xF4, 0x03, 0xFF, 0x00, 0x00, 0x01, 0xFC, 0x00, 0xFF, 0xE0, 0x00,
    0x00, 0xBE, 0x00, 0x2F, 0xFC, 0x00, 0x00, 0x3F, 0xFF, 0xFF, 0xFF, 0x40, 0x00, 0x1F, 0xFF, 0xFF,
    0xFF, 0xE0, 0x00, 0x0B, 0xFF, 0xFF, 0xFF, 0xFC, 0x00, 0x03, 0xF4, 0x00, 0x07, 0xFF, 0x40, 0x01,
    0xFC, 0x00, 0x00, 0xFF, 0xE0, 0x00, 0xFE, 0x00, 0x00, 0x2F, 0xFC, 0x00, 0x7F, 0x40, 0x00, 0x0B,
    0xFF, 0x81, 0xBF, 0xF9, 0x00, 0x1B, 0xFF, 0xF9, 0xFF, 0xFF, 0xC0, 0x0F, 0xFF, 0xFF, 0xFF, 0xFF,
    0xF0, 0x03, 0xFF, 0xFF, 0xF0, 0x00, 0x7E, 0x00, 0x10, 0x00, 0x0B, 0xFF, 0xD6, 0xE0, 0x00, 0x3F,
    0xFF, 0xFF, 0x40, 0x02, 0xFF, 0xFF, 0xF8, 0x00, 0x07, 0x01, 0xFF, 0xC0, 0x00, 0x00, 0x00, 0x14,
    0x00, 0x00, 0x00, 0x29, 0x00, 0x00, 0x00, 0x03, 0xFD, 0x00, 0x00, 0x00, 0x3F, 0xFC, 0x00, 0x00,
    0x02, 0xFF, 0xFC, 0x00, 0x00, 0x1F, 0xFB, 0xF8, 0x00, 0x00, 0xFE, 0x07, 0xF4, 0x00, 0x0B, 0xD0,
    0x03, 0xF0, 0x00, 0x08, 0x00, 0x02, 0x00, 0x00, 0x00, 0x00, 0x00, 0x00, 0x00, 0x05, 0xA5, 0x00,
    0x00, 0x02, 0xFF, 0xFF, 0x80, 0x00, 0x7F, 0xEB, 0xFF, 0xC0, 0x03, 0xF8, 0x03, 0xFF, 0x80, 0x1F,
    0xF0, 0x07, 0xFF, 0x00, 0x7F, 0xC0, 0x0F, 0xFC, 0x00, 0xFE, 0x00, 0x3F, 0xF0, 0x00, 0x00, 0x00,
    0xFF, 0xC0, 0x00, 0x00, 0x5B, 0xFF, 0x00, 0x02, 0xFF, 0xFF, 0xFC, 0x00, 0x7F, 0xFF, 0xBF, 0xF0,
    0x03, 0xFF, 0x40, 0xFF, 0xC0, 0x2F, 0xF8, 0x03, 0xFF, 0x00, 0xBF, 0xD0, 0x0F, 0xFC, 0x02, 0xFF,
    0x80, 0xBF, 0xF4, 0x0B, 0xFF, 0x9B, 0xFF, 0xFA, 0x0F, 0xFF, 0xFD, 0xFF, 0xFC, 0x0F, 0xFF, 0x82,
    0xFF, 0xD0, 0x01, 0x50, 0x00, 0x54, 0x00, 0x00, 0x00, 0x01, 0xE0, 0x00, 0x00, 0x00, 0x00, 0x02,
    0xFF, 0x00, 0x00, 0x00, 0x00, 0x01, 0xFF, 0xF0, 0x00, 0x00, 0x00, 0x01, 0xFF, 0xFE, 0x00, 0x00,
    0x00, 0x00, 0xFF, 0xBF, 0xD0, 0x00, 0x00, 0x00, 0xFE, 0x02, 0xFD, 0x00, 0x00, 0x00, 0x3D, 0x00,
    0x0F, 0x00, 0x00, 0x00, 0x00, 0x00, 0x00, 0x00, 0x00, 0x00, 0x00, 0x05, 0x54, 0x00, 0x00, 0x00,
    0x00, 0x07, 0xFF, 0x80, 0x00, 0x00, 0x00, 0x02, 0xFF, 0xF0, 0x00, 0x00, 0x00, 0x00, 0xFF, 0xFD,
    0x00, 0x00, 0x00, 0x00, 0x7F, 0xFF, 0x80, 0x00, 0x00, 0x00, 0x3F, 0xBF, 0xF0, 0x00, 0x00, 0x00,
    0x0F, 0xCF, 0xFD, 0x00, 0x00, 0x00, 0x07, 0xE1, 0xFF, 0xC0, 0x00, 0x00, 0x03, 0xF4, 0x3F, 0xF0,
    0x00, 0x00, 0x00, 0xFC, 0x0F, 0xFE, 0x00, 0x00, 0x00, 0xBE, 0x02, 0xFF, 0xC0, 0x00, 0x00, 0x3F,
    0x40, 0x3F, 0xF0, 0x00, 0x00, 0x1F, 0xC0, 0x0F, 0xFE, 0x00, 0x00, 0x0B, 0xE0, 0x02, 0xFF, 0xC0,
    0x00, 0x03, 0xFF, 0xFF, 0xFF, 0xF4, 0x00, 0x01, 0xFF, 0xFF, 0xFF, 0xFE, 0x00, 0x00, 0xBF, 0xFF,
    0xFF, 0xFF, 0xC0, 0x00, 0x3F, 0x40, 0x00, 0x7F, 0xF4, 0x00, 0x1F, 0xC0, 0x00, 0x0F, 0xFE, 0x00,
    0x0F, 0xE0, 0x00, 0x02, 0xFF, 0xC0, 0x07, 0xF4, 0x00, 0x00, 0xBF, 0xF8, 0x1B, 0xFF, 0x90, 0x01,
    0xBF, 0xFF, 0x9F, 0xFF, 0xFC, 0x00, 0xFF, 0xFF, 0xFF, 0xFF, 0xFF, 0x00, 0x3F, 0xFF, 0xFF, 0x00,
    0x00, 0x00, 0x00, 0x00, 0x00, 0x00, 0x00, 0x00, 0x00, 0x00, 0x00, 0x00, 0x00, 0x00, 0xBE, 0x00,
    0x00, 0x00, 0x00, 0x00, 0xFF, 0xF0, 0x00, 0x00, 0x00, 0x00, 0x3F, 0xFC, 0x00, 0x00, 0x00, 0x00,
    0x0F, 0xFF, 0x00, 0x00, 0x00, 0x00, 0x02, 0xFF, 0x80, 0x00, 0x00, 0x00, 0x00, 0x1A, 0x40, 0x00,
    0x00, 0x00, 0x02, 0x90, 0x00, 0x00, 0x00, 0x3F, 0xD0, 0x00, 0x00, 0x03, 0xFF, 0xC0, 0x00, 0x00,
    0x2F, 0xFF, 0xC0, 0x00, 0x01, 0xFF, 0xBF, 0x80, 0x00, 0x0F, 0xE0, 0x7F, 0x40, 0x00, 0xBD, 0x00,
    0x3F, 0x00, 0x00, 0x80, 0x00, 0x20, 0x00, 0x00, 0x00, 0x00, 0x00, 0x00, 0x00, 0x5A, 0x50, 0x00,
    0x00, 0x2F, 0xFF, 0xF8, 0x00, 0x07, 0xFE, 0xBF, 0xFC, 0x00, 0x3F, 0x80, 0x3F, 0xF8, 0x01, 0xFF,
    0x00, 0x7F, 0xF0, 0x07, 0xFC, 0x00, 0xFF, 0xC0, 0x0F, 0xE0, 0x03, 0xFF, 0x00, 0x00, 0x00, 0x0F,
    0xFC, 0x00, 0x00, 0x05, 0xBF, 0xF0, 0x00, 0x2F, 0xFF, 0xFF, 0xC0, 0x07, 0xFF, 0xFB, 0xFF, 0x00,
    0x3F, 0xF4, 0x0F, 0xFC, 0x02, 0xFF, 0x80, 0x3F, 0xF0, 0x0B, 0xFD, 0x00, 0xFF, 0xC0, 0x2F, 0xF8,
    0x0B, 0xFF, 0x40, 0xBF, 0xF9, 0xBF, 0xFF, 0xA0, 0xFF, 0xFF, 0xDF, 0xFF, 0xC0, 0xFF, 0xF8, 0x2F,
    0xFD, 0x00, 0x15, 0x00, 0x05, 0x40, 0x00, 0x00, 0x00, 0x00, 0x00, 0x00, 0x1F, 0xD0, 0x00, 0x00,
    0x02, 0xFF, 0xD0, 0x00, 0x00, 0x0F, 0xFF, 0x80, 0x00, 0x00, 0x3F, 0xFE, 0x00, 0x00, 0x00, 0x7F,
    0xF0, 0x00, 0x00, 0x00, 0x6A, 0x00, 0x00, 0x00, 0x00, 0x00, 0x00, 0x05, 0x00, 0x00, 0x00, 0x00,
    0x00, 0x07, 0xF0, 0x00, 0x00, 0x00, 0x00, 0x0B, 0xFD, 0x00, 0x00, 0x00, 0x00, 0x0B, 0xFF, 0x00,
    0x00, 0x00, 0x00, 0x0B, 0xFF, 0x40, 0x00, 0x00, 0x00, 0x0B, 0xF9, 0x00, 0x00, 0x00, 0x00, 0x02,
    0xE0, 0x00, 0x00, 0x00, 0x00, 0x0A, 0x00, 0x01, 0x90, 0x00, 0x00, 0x07, 0xC0, 0x00, 0xF4, 0x00,
    0x00, 0x00, 0xFC, 0x00, 0xBC, 0x00, 0x00, 0x00, 0x2F, 0xFA, 0xFF, 0x00, 0x00, 0x00, 0x03, 0xFF,
    0xFF, 0x40, 0x00, 0x00, 0x00, 0x7F, 0xFF, 0x40, 0x00, 0x00, 0x00, 0x02, 0xFE, 0x00, 0x00, 0x00,
    0x00, 0x00, 0x00, 0x00, 0x00, 0x00, 0x00, 0x00, 0x15, 0x50, 0x00, 0x00, 0x00, 0x00, 0x1F, 0xFE,
    0x00, 0x00, 0x00, 0x00, 0x0B, 0xFF, 0xC0, 0x00, 0x00, 0x00, 0x03, 0xFF, 0xF4, 0x00, 0x00, 0x00,
    0x01, 0xFF, 0xFE, 0x00, 0x00, 0x00, 0x00, 0xFE, 0xFF, 0xC0, 0x00, 0x00, 0x00, 0x3F, 0x3F, 0xF4,
    0x00, 0x00, 0x00, 0x1F, 0x87, 0xFF, 0x00, 0x00, 0x00, 0x0F, 0xD0, 0xFF, 0xC0, 0x00, 0x00, 0x03,
    0xF0, 0x3F, 0xF8, 0x00, 0x00, 0x02, 0xF8, 0x0B, 0xFF, 0x00, 0x00, 0x00, 0xFD, 0x00, 0xFF, 0xC0,
    0x00, 0x00, 0x7F, 0x00, 0x3F, 0xF8, 0x00, 0x00, 0x2F, 0x80, 0x0B, 0xFF, 0x00, 0x00, 0x0F, 0xFF,
    0xFF, 0xFF, 0xD0, 0x00, 0x07, 0xFF, 0xFF, 0xFF, 0xF8, 0x00, 0x02, 0xFF, 0xFF, 0xFF, 0xFF, 0x00,
    0x00, 0xFD, 0x00, 0x01, 0xFF, 0xD0, 0x00, 0x7F, 0x00, 0x00, 0x3F, 0xF8, 0x00, 0x3F, 0x80, 0x00,
    0x0B, 0xFF, 0x00, 0x1F, 0xD0, 0x00, 0x02, 0xFF, 0xE0, 0x6F, 0xFE, 0x40, 0x06, 0xFF, 0xFE, 0x7F,
    0xFF, 0xF0, 0x03, 0xFF, 0xFF, 0xFF, 0xFF, 0xFC, 0x00, 0xFF, 0xFF, 0xFC, 0x00, 0x00, 0x05, 0x00,
    0x00, 0x00, 0x00, 0xFD, 0x00, 0x00, 0x00, 0x0F, 0xFC, 0x00, 0x00, 0x00, 0xFF, 0xE0, 0x00, 0x00,
    0x0F, 0xFE, 0x00, 0x00, 0x00, 0xFF, 0x80, 0x00, 0x00, 0x03, 0xD0, 0x00, 0x00, 0x00, 0x40, 0x00,
    0x10, 0x00, 0x0B, 0x80, 0x01, 0xF0, 0x00, 0x2F, 0x00, 0x0F, 0x80, 0x00, 0x3F, 0x41, 0xFD, 0x00,
    0x00, 0xFF, 0xFF, 0xF0, 0x00, 0x00, 0xFF, 0xFF, 0x00, 0x00, 0x01, 0xFF, 0xF4, 0x00, 0x00, 0x00,
    0x55, 0x00, 0x00, 0x00, 0x00, 0x00, 0x00, 0x00, 0x00, 0x16, 0x94, 0x00, 0x00, 0x0B, 0xFF, 0xFE,
    0x00, 0x01, 0xFF, 0xAF, 0xFF, 0x00, 0x0F, 0xE0, 0x0F, 0xFE, 0x00, 0x7F, 0xC0, 0x1F, 0xFC, 0x01,
    0xFF, 0x00, 0x3F, 0xF0, 0x03, 0xF8, 0x00, 0xFF, 0xC0, 0x00, 0x00, 0x03, 0xFF, 0x00, 0x00, 0x01,
    0x6F, 0xFC, 0x00, 0x0B, 0xFF, 0xFF, 0xF0, 0x01, 0xFF, 0xFE, 0xFF, 0xC0, 0x0F, 0xFD, 0x03, 0xFF,
    0x00, 0xBF, 0xE0, 0x0F, 0xFC, 0x02, 0xFF, 0x40, 0x3F, 0xF0, 0x0B, 0xFE, 0x02, 0xFF, 0xD0, 0x2F,
    0xFE, 0x6F, 0xFF, 0xE8, 0x3F, 0xFF, 0xF7, 0xFF, 0xF0, 0x3F, 0xFE, 0x0B, 0xFF, 0x40, 0x05, 0x40,
    0x01, 0x50, 0x00, 0x00, 0x00, 0x14, 0x00, 0x00, 0x00, 0x00, 0x00, 0x3F, 0x80, 0x00, 0x00, 0x00,
    0x00, 0x0F, 0xF8, 0x00, 0x00, 0x00, 0x00, 0x03, 0xFF, 0x80, 0x00, 0x00, 0x00, 0x00, 0x7F, 0xF8,
    0x00, 0x00, 0x00, 0x00, 0x01, 0xBF, 0xC0, 0x00, 0x00, 0x00, 0x00, 0x02, 0xE0, 0x00, 0x00, 0x00,
    0x0A, 0x00, 0x01, 0x90, 0x00, 0x00, 0x07, 0xC0, 0x00, 0xF4, 0x00, 0x00, 0x00, 0xFC, 0x00, 0xBC,
    0x00, 0x00, 0x00, 0x2F, 0xFA, 0xFF, 0x00, 0x00, 0x00, 0x03, 0xFF, 0xFF, 0x40, 0x00, 0x00, 0x00,
    0x7F, 0xFF, 0x40, 0x00, 0x00, 0x00, 0x02, 0xFE, 0x00, 0x00, 0x00, 0x00, 0x00, 0x00, 0x00, 0x00,
    0x00, 0x00, 0x00, 0x15, 0x50, 0x00, 0x00, 0x00, 0x00, 0x1F, 0xFE, 0x00, 0x00, 0x00, 0x00, 0x0B,
    0xFF, 0xC0, 0x00, 0x00, 0x00, 0x03, 0xFF, 0xF4, 0x00, 0x00, 0x00, 0x01, 0xFF, 0xFE, 0x00, 0x00,
    0x00, 0x00, 0xFE, 0xFF, 0xC0, 0x00, 0x00, 0x00, 0x3F, 0x3F, 0xF4, 0x00, 0x00, 0x00, 0x1F, 0x87,
    0xFF, 0x00, 0x00, 0x00, 0x0F, 0xD0, 0xFF, 0xC0, 0x00, 0x00, 0x03, 0xF0, 0x3F, 0xF8, 0x00, 0x00,
    0x02, 0xF8, 0x0B, 0xFF, 0x00, 0x00, 0x00, 0xFD, 0x00, 0xFF, 0xC0, 0x00, 0x00, 0x7F, 0x00, 0x3F,
    0xF8, 0x00, 0x00, 0x2F, 0x80, 0x0B, 0xFF, 0x00, 0x00, 0x0F, 0xFF, 0xFF, 0xFF, 0xD0, 0x00, 0x07,
    0xFF, 0xFF, 0xFF, 0xF8, 0x00, 0x02, 0xFF, 0xFF, 0xFF, 0xFF, 0x00, 0x00, 0xFD, 0x00, 0x01, 0xFF,
    0xD0, 0x00, 0x7F, 0x00, 0x00, 0x3F, 0xF8, 0x00, 0x3F, 0x80, 0x00, 0x0B, 0xFF, 0x00, 0x1F, 0xD0,
    0x00, 0x02, 0xFF, 0xE0, 0x6F, 0xFE, 0x40, 0x06, 0xFF, 0xFE, 0x7F, 0xFF, 0xF0, 0x03, 0xFF, 0xFF,
    0xFF, 0xFF, 0xFC, 0x00, 0xFF, 0xFF, 0xFC, 0x00, 0x50, 0x00, 0x00, 0x00, 0x07, 0xF0, 0x00, 0x00,
    0x00, 0x2F, 0xF0, 0x00, 0x00, 0x00, 0xBF, 0xF0, 0x00, 0x00, 0x00, 0xBF, 0xF0, 0x00, 0x00, 0x00,
    0x2F, 0xF4, 0x00, 0x00, 0x00, 0x07, 0xC0, 0x00, 0x00, 0x40, 0x00, 0x10, 0x00, 0x0B, 0x80, 0x01,
    0xF0, 0x00, 0x2F, 0x00, 0x0F, 0x80, 0x00, 0x3F, 0x41, 0xFD, 0x00, 0x00, 0xFF, 0xFF, 0xF0, 0x00,
    0x00, 0xFF, 0xFF, 0x00, 0x00, 0x01, 0xFF, 0xF4, 0x00, 0x00, 0x00, 0x55, 0x00, 0x00, 0x00, 0x00,
    0x00, 0x00, 0x00, 0x00, 0x16, 0x94, 0x00, 0x00, 0x0B, 0xFF, 0xFE, 0x00, 0x01, 0xFF, 0xAF, 0xFF,
    0x00, 0x0F, 0xE0, 0x0F, 0xFE, 0x00, 0x7F, 0xC0, 0x1F, 0xFC, 0x01, 0xFF, 0x00, 0x3F, 0xF0, 0x03,
    0xF8, 0x00, 0xFF, 0xC0, 0x00, 0x00, 0x03, 0xFF, 0x00, 0x00, 0x01, 0x6F, 0xFC, 0x00, 0x0B, 0xFF,
    0xFF, 0xF0, 0x01, 0xFF, 0xFE, 0xFF, 0xC0, 0x0F, 0xFD, 0x03, 0xFF, 0x00, 0xBF, 0xE0, 0x0F, 0xFC,
    0x02, 0xFF, 0x40, 0x3F, 0xF0, 0x0B, 0xFE, 0x02, 0xFF, 0xD0, 0x2F, 0xFE, 0x6F, 0xFF, 0xE8, 0x3F,
    0xFF, 0xF7, 0xFF, 0xF0, 0x3F, 0xFE, 0x0B, 0xFF, 0x40, 0x05, 0x40, 0x01, 0x50, 0x00, 0x00, 0x00,
    0x1B, 0xF8, 0x00, 0x00, 0x00, 0x00, 0x3F, 0xFF, 0xD0, 0x00, 0x00, 0x00, 0x2F, 0x83, 0xFC, 0x00,
    0x00, 0x00, 0x0F, 0xE0, 0xFF, 0x00, 0x00, 0x00, 0x01, 0xF4, 0x7F, 0xC0, 0x00, 0x00, 0x00, 0x00,
    0x7F, 0xD0, 0x00, 0x00, 0x00, 0x00, 0x3F, 0xC0, 0x00, 0x00, 0x00, 0x00, 0x0F, 0xD0, 0x00, 0x00,
    0x00, 0x02, 0x80, 0x00, 0x64, 0x00, 0x00, 0x01, 0xF0, 0x00, 0x3D, 0x00, 0x00, 0x00, 0x3F, 0x00,
    0x2F, 0x00, 0x00, 0x00, 0x0B, 0xFE, 0xBF, 0xC0, 0x00, 0x00, 0x00, 0xFF, 0xFF, 0xD0, 0x00, 0x00,
    0x00, 0x1F, 0xFF, 0xD0, 0x00, 0x00, 0x00, 0x00, 0xBF, 0x80, 0x00, 0x00, 0x00, 0x00, 0x00, 0x00,
    0x00, 0x00, 0x00, 0x00, 0x05, 0x54, 0x00, 0x00, 0x00, 0x00, 0x07, 0xFF, 0x80, 0x00, 0x00, 0x00,
    0x02, 0xFF, 0xF0, 0x00, 0x00, 0x00, 0x00, 0xFF, 0xFD, 0x00, 0x00, 0x00, 0x00, 0x7F, 0xFF, 0x80,
    0x00, 0x00, 0x00, 0x3F, 0xBF, 0xF0, 0x00, 0x00, 0x00, 0x0F, 0xCF, 0xFD, 0x00, 0x00, 0x00, 0x07,
    0xE1, 0xFF, 0xC0, 0x00, 0x00, 0x03, 0xF4, 0x3F, 0xF0, 0x00, 0x00, 0x00, 0xFC, 0x0F, 0xFE, 0x00,
    0x00, 0x00, 0xBE, 0x02, 0xFF, 0xC0, 0x00, 0x00, 0x3F, 0x40, 0x3F, 0xF0, 0x00, 0x00, 0x1F, 0xC0,
    0x0F, 0xFE, 0x00, 0x00, 0x0B, 0xE0, 0x02, 0xFF, 0xC0, 0x00, 0x03, 0xFF, 0xFF, 0xFF, 0xF4, 0x00,
    0x01, 0xFF, 0xFF, 0xFF, 0xFE, 0x00, 0x00, 0xBF, 0xFF, 0xFF, 0xFF, 0xC0, 0x00, 0x3F, 0x40, 0x00,
    0x7F, 0xF4, 0x00, 0x1F, 0xC0, 0x00, 0x0F, 0xFE, 0x00, 0x0F, 0xE0, 0x00, 0x02, 0xFF, 0xC0, 0x07,
    0xF4, 0x00, 0x00, 0xBF, 0xF8, 0x1B, 0xFF, 0x90, 0x01, 0xBF, 0xFF, 0x9F, 0xFF, 0xFC, 0x00, 0xFF,
    0xFF, 0xFF, 0xFF, 0xFF, 0x00, 0x3F, 0xFF, 0xFF, 0x00, 0x2F, 0xE4, 0x00, 0x00, 0x07, 0xFF, 0xFC,
    0x00, 0x00, 0x3F, 0x0B, 0xF4, 0x00, 0x01, 0xFC, 0x1F, 0xE0, 0x00, 0x03, 0xF0, 0xFF, 0x40, 0x00,
    0x00, 0x0F, 0xF8, 0x00, 0x00, 0x00, 0xBF, 0x80, 0x00, 0x00, 0x42, 0xFC, 0x10, 0x00, 0x0B, 0x80,
    0x01, 0xF0, 0x00, 0x2F, 0x00, 0x0F, 0x80, 0x00, 0x3F, 0x41, 0xFD, 0x00, 0x00, 0xFF, 0xFF, 0xF0,
    0x00, 0x00, 0xFF, 0xFF, 0x00, 0x00, 0x01, 0xFF, 0xF4, 0x00, 0x00, 0x00, 0x55, 0x00, 0x00, 0x00,
    0x00, 0x00, 0x00, 0x00, 0x00, 0x16, 0x94, 0x00, 0x00, 0x0B, 0xFF, 0xFE, 0x00, 0x01, 0xFF, 0xAF,
    0xFF, 0x00, 0x0F, 0xE0, 0x0F, 0xFE, 0x00, 0x7F, 0xC0, 0x1F, 0xFC, 0x01, 0xFF, 0x00, 0x3F, 0xF0,
    0x03, 0xF8, 0x00, 0xFF, 0xC0, 0x00, 0x00, 0x03, 0xFF, 0x00, 0x00, 0x01, 0x6F, 0xFC, 0x00, 0x0B,
    0xFF, 0xFF, 0xF0, 0x01, 0xFF, 0xFE, 0xFF, 0xC0, 0x0F, 0xFD, 0x03, 0xFF, 0x00, 0xBF, 0xE0, 0x0F,
    0xFC, 0x02, 0xFF, 0x40, 0x3F, 0xF0, 0x0B, 0xFE, 0x02, 0xFF, 0xD0, 0x2F, 0xFE, 0x6F, 0xFF, 0xE8,
    0x3F, 0xFF, 0xF7, 0xFF, 0xF0, 0x3F, 0xFE, 0x0B, 0xFF, 0x40, 0x05, 0x40, 0x01, 0x50, 0x00, 0x00,
    0x00, 0x7E, 0x40, 0x10, 0x00, 0x00, 0x00, 0x7F, 0xFE, 0x5F, 0x00, 0x00, 0x00, 0x3F, 0xFF, 0xFF,
    0x80, 0x00, 0x00, 0x1F, 0xFF, 0xFF, 0xC0, 0x00, 0x00, 0x03, 0x41, 0xFF, 0xD0, 0x00, 0x00, 0x00,
    0x00, 0x01, 0x40, 0x00, 0x00, 0x00, 0x28, 0x00, 0x06, 0x40, 0x00, 0x00, 0x1F, 0x00, 0x03, 0xD0,
    0x00, 0x00, 0x03, 0xF0, 0x02, 0xF0, 0x00, 0x00, 0x00, 0xBF, 0xEB, 0xFC, 0x00, 0x00, 0x00, 0x0F,
    0xFF, 0xFD, 0x00, 0x00, 0x00, 0x01, 0xFF, 0xFD, 0x00, 0x00, 0x00, 0x00, 0x0B, 0xF8, 0x00, 0x00,
    0x00, 0x00, 0x00, 0x00, 0x00, 0x00, 0x00, 0x00, 0x00, 0x55, 0x40, 0x00, 0x00, 0x00, 0x00, 0x7F,
    0xF8, 0x00, 0x00, 0x00, 0x00, 0x2F, 0xFF, 0x00, 0x00, 0x00, 0x00, 0x0F, 0xFF, 0xD0, 0x00, 0x00,
    0x00, 0x07, 0xFF, 0xF8, 0x00, 0x00, 0x00, 0x03, 0xFB, 0xFF, 0x00, 0x00, 0x00, 0x00, 0xFC, 0xFF,
    0xD0, 0x00, 0x00, 0x00, 0x7E, 0x1F, 0xFC, 0x00, 0x00, 0x00, 0x3F, 0x43, 0xFF, 0x00, 0x00, 0x00,
    0x0F, 0xC0, 0xFF, 0xE0, 0x00, 0x00, 0x0B, 0xE0, 0x2F, 0xFC, 0x00, 0x00, 0x03, 0xF4, 0x03, 0xFF,
    0x00, 0x00, 0x01, 0xFC, 0x00, 0xFF, 0xE0, 0x00, 0x00, 0xBE, 0x00, 0x2F, 0xFC, 0x00, 0x00, 0x3F,
    0xFF, 0xFF, 0xFF, 0x40, 0x00, 0x1F, 0xFF, 0xFF, 0xFF, 0xE0, 0x00, 0x0B, 0xFF, 0xFF, 0xFF, 0xFC,
    0x00, 0x03, 0xF4, 0x00, 0x07, 0xFF, 0x40, 0x01, 0xFC, 0x00, 0x00, 0xFF, 0xE0, 0x00, 0xFE, 0x00,
    0x00, 0x2F, 0xFC, 0x00, 0x7F, 0x40, 0x00, 0x0B, 0xFF, 0x81, 0xBF, 0xF9, 0x00, 0x1B, 0xFF, 0xF9,
    0xFF, 0xFF, 0xC0, 0x0F, 0xFF, 0xFF, 0xFF, 0xFF, 0xF0, 0x03, 0xFF, 0xFF, 0xF0, 0x00, 0xB9, 0x00,
    0x00, 0x00, 0x0F, 0xFF, 0x97, 0xC0, 0x00, 0xBF, 0xFF, 0xFF, 0x00, 0x03, 0xFF, 0xFF, 0xF4, 0x00,
    0x0A, 0x02, 0xFF, 0x80, 0x00, 0x00, 0x00, 0x50, 0x00, 0x00, 0x10, 0x00, 0x04, 0x00, 0x02, 0xE0,
    0x00, 0x7C, 0x00, 0x0B, 0xC0, 0x03, 0xE0, 0x00, 0x0F, 0xD0, 0x7F, 0x40, 0x00, 0x3F, 0xFF, 0xFC,
    0x00, 0x00, 0x3F, 0xFF, 0xC0, 0x00, 0x00, 0x7F, 0xFD, 0x00, 0x00, 0x00, 0x15, 0x40, 0x00, 0x00,
    0x00, 0x00, 0x00, 0x00, 0x00, 0x05, 0xA5, 0x00, 0x00, 0x02, 0xFF, 0xFF, 0x80, 0x00, 0x7F, 0xEB,
    0xFF, 0xC0, 0x03, 0xF8, 0x03, 0xFF, 0x80, 0x1F, 0xF0, 0x07, 0xFF, 0x00, 0x7F, 0xC0, 0x0F, 0xFC,
    0x00, 0xFE, 0x00, 0x3F, 0xF0, 0x00, 0x00, 0x00, 0xFF, 0xC0, 0x00, 0x00, 0x5B, 0xFF, 0x00, 0x02,
    0xFF, 0xFF, 0xFC, 0x00, 0x7F, 0xFF, 0xBF, 0xF0, 0x03, 0xFF, 0x40, 0xFF, 0xC0, 0x2F, 0xF8, 0x03,
    0xFF, 0x00, 0xBF, 0xD0, 0x0F, 0xFC, 0x02, 0xFF, 0x80, 0xBF, 0xF4, 0x0B, 0xFF, 0x9B, 0xFF, 0xFA,
    0x0F, 0xFF, 0xFD, 0xFF, 0xFC, 0x0F, 0xFF, 0x82, 0xFF, 0xD0, 0x01, 0x50, 0x00, 0x54, 0x00, 0x00,
    0x02, 0x80, 0x00, 0x64, 0x00, 0x00, 0x01, 0xF0, 0x00, 0x3D, 0x00, 0x00, 0x00, 0x3F, 0x00, 0x2F,
    0x00, 0x00, 0x00, 0x0B, 0xFE, 0xBF, 0xC0, 0x00, 0x00, 0x00, 0xFF, 0xFF, 0xD0, 0x00, 0x00, 0x00,
    0x1F, 0xFF, 0xD0, 0x00, 0x00, 0x00, 0x00, 0xBF, 0x80, 0x00, 0x00, 0x00, 0x00, 0x00, 0x00, 0x00,
    0x00, 0x00, 0x00, 0x05, 0x54, 0x00, 0x00, 0x00, 0x00, 0x07, 0xFF, 0x80, 0x00, 0x00, 0x00, 0x02,
    0xFF, 0xF0, 0x00, 0x00, 0x00, 0x00, 0xFF, 0xFD, 0x00, 0x00, 0x00, 0x00, 0x7F, 0xFF, 0x80, 0x00,
    0x00, 0x00, 0x3F, 0xBF, 0xF0, 0x00, 0x00, 0x00, 0x0F, 0xCF, 0xFD, 0x00, 0x00, 0x00, 0x07, 0xE1,
    0xFF, 0xC0, 0x00, 0x00, 0x03, 0xF4, 0x3F, 0xF0, 0x00, 0x00, 0x00, 0xFC, 0x0F, 0xFE, 0x00, 0x00,
    0x00, 0xBE, 0x02, 0xFF, 0xC0, 0x00, 0x00, 0x3F, 0x40, 0x3F, 0xF0, 0x00, 0x00, 0x1F, 0xC0, 0x0F,
    0xFE, 0x00, 0x00, 0x0B, 0xE0, 0x02, 0xFF, 0xC0, 0x00, 0x03, 0xFF, 0xFF, 0xFF, 0xF4, 0x00, 0x01,
    0xFF, 0xFF, 0xFF, 0xFE, 0x00, 0x00, 0xBF, 0xFF, 0xFF, 0xFF, 0xC0, 0x00, 0x3F, 0x40, 0x00, 0x7F,
    0xF4, 0x00, 0x1F, 0xC0, 0x00, 0x0F, 0xFE, 0x00, 0x0F, 0xE0, 0x00, 0x02, 0xFF, 0xC0, 0x07, 0xF4,
    0x00, 0x00, 0xBF, 0xF8, 0x1B, 0xFF, 0x90, 0x01, 0xBF, 0xFF, 0x9F, 0xFF, 0xFC, 0x00, 0xFF, 0xFF,
    0xFF, 0xFF, 0xFF, 0x00, 0x3F, 0xFF, 0xFF, 0x00, 0x00, 0x00, 0x00, 0x00, 0x00, 0x00, 0x00, 0x00,
    0x00, 0x00, 0x00, 0x00, 0x00, 0x00, 0xBE, 0x00, 0x00, 0x00, 0x00, 0x00, 0xFF, 0xF0, 0x00, 0x00,
    0x00, 0x00, 0x3F, 0xFC, 0x00, 0x00, 0x00, 0x00, 0x0F, 0xFF, 0x00, 0x00, 0x00, 0x00, 0x02, 0xFF,
    0x80, 0x00, 0x00, 0x00, 0x00, 0x1A, 0x40, 0x00, 0x00, 0x01, 0x00, 0x00, 0x40, 0x00, 0x2E, 0x00,
    0x07, 0xC0, 0x00, 0xBC, 0x00, 0x3E, 0x00, 0x00, 0xFD, 0x07, 0xF4, 0x00, 0x03, 0xFF, 0xFF, 0xC0,
    0x00, 0x03, 0xFF, 0xFC, 0x00, 0x00, 0x07, 0xFF, 0xD0, 0x00, 0x00, 0x01, 0x54, 0x00, 0x00, 0x00,
    0x00, 0x00, 0x00, 0x00, 0x00, 0x5A, 0x50, 0x00, 0x00, 0x2F, 0xFF, 0xF8, 0x00, 0x07, 0xFE, 0xBF,
    0xFC, 0x00, 0x3F, 0x80, 0x3F, 0xF8, 0x01, 0xFF, 0x00, 0x7F, 0xF0, 0x07, 0xFC, 0x00, 0xFF, 0xC0,
    0x0F, 0xE0, 0x03, 0xFF, 0x00, 0x00, 0x00, 0x0F, 0xFC, 0x00, 0x00, 0x05, 0xBF, 0xF0, 0x00, 0x2F,
    0xFF, 0xFF, 0xC0, 0x07, 0xFF, 0xFB, 0xFF, 0x00, 0x3F, 0xF4, 0x0F, 0xFC, 0x02, 0xFF, 0x80, 0x3F,
    0xF0, 0x0B, 0xFD, 0x00, 0xFF, 0xC0, 0x2F, 0xF8, 0x0B, 0xFF, 0x40, 0xBF, 0xF9, 0xBF, 0xFF, 0xA0,
    0xFF, 0xFF, 0xDF, 0xFF, 0xC0, 0xFF, 0xF8, 0x2F, 0xFD, 0x00, 0x15, 0x00, 0x05, 0x40, 0x00, 0x00,
    0x00, 0x00, 0x00, 0x00, 0x1F, 0xD0, 0x00, 0x00, 0x02, 0xFF, 0xD0, 0x00, 0x00, 0x0F, 0xFF, 0x80,
    0x00, 0x00, 0x3F, 0xFE, 0x00, 0x00, 0x00, 0x7F, 0xF0, 0x00, 0x00, 0x00, 0x6A, 0x00, 0x00, 0x00,
    0x15, 0x55, 0x55, 0x55, 0x50, 0x7F, 0xFF, 0xFF, 0xFF, 0xF4, 0x7F, 0xFF, 0xFF, 0xFF, 0xF8, 0x07,
    0xFF, 0xD5, 0x6F, 0xF8, 0x03, 0xFF, 0x80, 0x03, 0xFC, 0x03, 0xFF, 0x80, 0x01, 0xFC, 0x03, 0xFF,
    0x80, 0x00, 0xFC, 0x03, 0xFF, 0x80, 0x00, 0x00, 0x03, 0xFF, 0x80, 0x3C, 0x00, 0x03, 0xFF, 0x80,
    0x7C, 0x00, 0x03, 0xFF, 0xC1, 0xFC, 0x00, 0x03, 0xFF, 0xFF, 0xFC, 0x00, 0x03, 0xFF, 0xFF, 0xFC,
    0x00, 0x03, 0xFF, 0xEA, 0xFC, 0x00, 0x03, 0xFF, 0x80, 0x7C, 0x00, 0x03, 0xFF, 0x80, 0x3C, 0x00,
    0x03, 0xFF, 0x80, 0x00, 0x00, 0x03, 0xFF, 0x80, 0x00, 0x7F, 0x03, 0xFF, 0x80, 0x00, 0xBE, 0x03,
    0xFF, 0x80, 0x00, 0xFE, 0x03, 0xFF, 0x80, 0x02, 0xFD, 0x2F, 0xFF, 0xFF, 0xFF, 0xFD, 0x7F, 0xFF,
    0xFF, 0xFF, 0xFC, 0x7F, 0xFF, 0xFF, 0xFF, 0xFC, 0x00, 0x00, 0x00, 0x00, 0x00, 0x00, 0x00, 0x00,
    0x00, 0x00, 0x00, 0x00, 0x7F, 0x40, 0x00, 0x00, 0x01, 0xFF, 0xD0, 0x00, 0x00, 0x03, 0xFF, 0xE0,
    0x00, 0x00, 0x02, 0xFF, 0xE0, 0x00, 0x00, 0x01, 0xFF, 0xC0, 0x00, 0x00, 0x00, 0x2A, 0x00, 0x00,
    0x00, 0x01, 0x65, 0x00, 0x00, 0x1F, 0xFF, 0xF8, 0x00, 0x2F, 0xFF, 0xFF, 0xC0, 0x2F, 0xF4, 0x1F,
    0xF8, 0x1F, 0xF8, 0x02, 0xFF, 0x0F, 0xFC, 0x00, 0xBF, 0xD7, 0xFF, 0x00, 0x2F, 0xFA, 0xFF, 0xD5,
    0x5F, 0xFE, 0xBF, 0xFF, 0xFF, 0xFF, 0x7F, 0xFF, 0xFF, 0xFF, 0xDB, 0xFF, 0x00, 0x00, 0x02, 0xFF,
    0xC0, 0x00, 0x00, 0x7F, 0xF4, 0x00, 0x00, 0x0F, 0xFF, 0x00, 0x02, 0xC2, 0xFF, 0xF9, 0x5B, 0xF8,
    0x3F, 0xFF, 0xFF, 0xFC, 0x03, 0xFF, 0xFF, 0xFC, 0x00, 0x2F, 0xFF, 0xF4, 0x00, 0x00, 0x15, 0x40,
    0x00, 0x00, 0x00, 0x00, 0x00, 0x00, 0x02, 0xF8, 0x00, 0x00, 0x03, 0xFF, 0xC0, 0x00, 0x00, 0xFF,
    0xF0, 0x00, 0x00, 0x3F, 0xFC, 0x00, 0x00, 0x0F, 0xFE, 0x00, 0x00, 0x00, 0x69, 0x00, 0x00, 0x00,
    0x02, 0xFE, 0x40, 0x00, 0x00, 0x1F, 0xFF, 0xF0, 0x00, 0x00, 0x3F, 0x0B, 0xF8, 0x00, 0x00, 0x7F,
    0x07, 0xF8, 0x00, 0x00, 0x3F, 0x0F, 0xF4, 0x00, 0x00, 0x00, 0x3F, 0xE0, 0x00, 0x00, 0x00, 0xBF,
    0x80, 0x00, 0x00, 0x00, 0xBF, 0x00, 0x00, 0x00, 0x00, 0x00, 0x00, 0x00, 0x15, 0x55, 0x55, 0x55,
    0x50, 0x7F, 0xFF, 0xFF, 0xFF, 0xF4, 0x7F, 0xFF, 0xFF, 0xFF, 0xF8, 0x07, 0xFF, 0xD5, 0x6F, 0xF8,
    0x03, 0xFF, 0x80, 0x03, 0xFC, 0x03, 0xFF, 0x80, 0x01, 0xFC, 0x03, 0xFF, 0x80, 0x00, 0xFC, 0x03,
    0xFF, 0x80, 0x00, 0x00, 0x03, 0xFF, 0x80, 0x3C, 0x00, 0x03, 0xFF, 0x80, 0x7C, 0x00, 0x03, 0xFF,
    0xC1, 0xFC, 0x00, 0x03, 0xFF, 0xFF, 0xFC, 0x00, 0x03, 0xFF, 0xFF, 0xFC, 0x00, 0x03, 0xFF, 0xEA,
    0xFC, 0x00, 0x03, 0xFF, 0x80, 0x7C, 0x00, 0x03, 0xFF, 0x80, 0x3C, 0x00, 0x03, 0xFF, 0x80, 0x00,
    0x00, 0x03, 0xFF, 0x80, 0x00, 0x7F, 0x03, 0xFF, 0x80, 0x00, 0xBE, 0x03, 0xFF, 0x80, 0x00, 0xFE,
    0x03, 0xFF, 0x80, 0x02, 0xFD, 0x2F, 0xFF, 0xFF, 0xFF, 0xFD, 0x7F, 0xFF, 0xFF, 0xFF, 0xFC, 0x7F,
    0xFF, 0xFF, 0xFF, 0xFC, 0x00, 0x06, 0xA9, 0x00, 0x00, 0x1F, 0xFF, 0xF0, 0x00, 0x0F, 0xD6, 0xFD,
    0x00, 0x07, 0xF0, 0x7F, 0x80, 0x00, 0xFC, 0x2F, 0xD0, 0x00, 0x00, 0x2F, 0xF0, 0x00, 0x00, 0x1F,
    0xF0, 0x00, 0x00, 0x0B, 0xF0, 0x00, 0x00, 0x02, 0xF8, 0x00, 0x00, 0x00, 0x00, 0x00, 0x00, 0x00,
    0x16, 0x50, 0x00, 0x01, 0xFF, 0xFF, 0x80, 0x02, 0xFF, 0xFF, 0xFC, 0x02, 0xFF, 0x41, 0xFF, 0x81,
    0xFF, 0x80, 0x2F, 0xF0, 0xFF, 0xC0, 0x0B, 0xFD, 0x7F, 0xF0, 0x02, 0xFF, 0xAF, 0xFD, 0x55, 0xFF,
    0xEB, 0xFF, 0xFF, 0xFF, 0xF7, 0xFF, 0xFF, 0xFF, 0xFD, 0xBF, 0xF0, 0x00, 0x00, 0x2F, 0xFC, 0x00,
    0x00, 0x07, 0xFF, 0x40, 0x00, 0x00, 0xFF, 0xF0, 0x00, 0x2C, 0x2F, 0xFF, 0x95, 0xBF, 0x83, 0xFF,
    0xFF, 0xFF, 0xC0, 0x3F, 0xFF, 0xFF, 0xC0, 0x02, 0xFF, 0xFF, 0x40, 0x00, 0x01, 0x54, 0x00, 0x00,
    0x00, 0x0B, 0xD0, 0x00, 0x00, 0x00, 0x3F, 0xFE, 0x5F, 0x40, 0x00, 0x7F, 0xFF, 0xFF, 0x00, 0x00,
    0xFF, 0xFF, 0xFD, 0x00, 0x00, 0xB0, 0x2F, 0xF8, 0x00, 0x00, 0x00, 0x01, 0x50, 0x00, 0x00, 0x00,
    0x00, 0x00, 0x00, 0x15, 0x55, 0x55, 0x55, 0x50, 0x7F, 0xFF, 0xFF, 0xFF, 0xF4, 0x7F, 0xFF, 0xFF,
    0xFF, 0xF8, 0x07, 0xFF, 0xD5, 0x6F, 0xF8, 0x03, 0xFF, 0x80, 0x03, 0xFC, 0x03, 0xFF, 0x80, 0x01,
    0xFC, 0x03, 0xFF, 0x80, 0x00, 0xFC, 0x03, 0xFF, 0x80, 0x00, 0x00, 0x03, 0xFF, 0x80, 0x3C, 0x00,
    0x03, 0xFF, 0x80, 0x7C, 0x00, 0x03, 0xFF, 0xC1, 0xFC, 0x00, 0x03, 0xFF, 0xFF, 0xFC, 0x00, 0x03,
    0xFF, 0xFF, 0xFC, 0x00, 0x03, 0xFF, 0xEA, 0xFC, 0x00, 0x03, 0xFF, 0x80, 0x7C, 0x00, 0x03, 0xFF,
    0x80, 0x3C, 0x00, 0x03, 0xFF, 0x80, 0x00, 0x00, 0x03, 0xFF, 0x80, 0x00, 0x7F, 0x03, 0xFF, 0x80,
    0x00, 0xBE, 0x03, 0xFF, 0x80, 0x00, 0xFE, 0x03, 0xFF, 0x80, 0x02, 0xFD, 0x2F, 0xFF, 0xFF, 0xFF,
    0xFD, 0x7F, 0xFF, 0xFF, 0xFF, 0xFC, 0x7F, 0xFF, 0xFF, 0xFF, 0xFC, 0x00, 0x05, 0x00, 0x00, 0x00,
    0x2F, 0xF9, 0x0E, 0x00, 0x1F, 0xFF, 0xFF, 0xC0, 0x0F, 0xFF, 0xFF, 0xD0, 0x03, 0xD6, 0xFF, 0xF0,
    0x00, 0x00, 0x06, 0xE0, 0x00, 0x00, 0x00, 0x00, 0x00, 0x00, 0x00, 0x00, 0x00, 0x00, 0x01, 0x65,
    0x00, 0x00, 0x1F, 0xFF, 0xF8, 0x00, 0x2F, 0xFF, 0xFF, 0xC0, 0x2F, 0xF4, 0x1F, 0xF8, 0x1F, 0xF8,
    0x02, 0xFF, 0x0F, 0xFC, 0x00, 0xBF, 0xD7, 0xFF, 0x00, 0x2F, 0xFA, 0xFF, 0xD5, 0x5F, 0xFE, 0xBF,
    0xFF, 0xFF, 0xFF, 0x7F, 0xFF, 0xFF, 0xFF, 0xDB, 0xFF, 0x00, 0x00, 0x02, 0xFF, 0xC0, 0x00, 0x00,
    0x7F, 0xF4, 0x00, 0x00, 0x0F, 0xFF, 0x00, 0x02, 0xC2, 0xFF, 0xF9, 0x5B, 0xF8, 0x3F, 0xFF, 0xFF,
    0xFC, 0x03, 0xFF, 0xFF, 0xFC, 0x00, 0x2F, 0xFF, 0xF4, 0x00, 0x00, 0x15, 0x40, 0x00, 0x00, 0x00,
    0x01, 0x40, 0x00, 0x00, 0x00, 0x0B, 0xF0, 0x00, 0x00, 0x00, 0x2F, 0xF0, 0x00, 0x00, 0x00, 0xBF,
    0xF0, 0x00, 0x00, 0x02, 0xFF, 0xD0, 0x00, 0x00, 0x0F, 0xF9, 0x00, 0x00, 0x00, 0x0B, 0x80, 0x00,
    0x00, 0x00, 0x00, 0x2D, 0x00, 0x00, 0x00, 0x00, 0xFF, 0x40, 0x00, 0x00, 0x03, 0xFF, 0xD0, 0x00,
    0x00, 0x0B, 0xFF, 0xF0, 0x00, 0x00, 0x2F, 0xFB, 0xFC, 0x00, 0x00, 0x7F, 0x40, 0xFF, 0x00, 0x00,
    0x78, 0x00, 0x1E, 0x00, 0x00, 0x00, 0x00, 0x00, 0x00, 0x15, 0x55, 0x55, 0x55, 0x50, 0x7F, 0xFF,
    0xFF, 0xFF, 0xF4, 0x7F, 0xFF, 0xFF, 0xFF, 0xF8, 0x07, 0xFF, 0xD5, 0x6F, 0xF8, 0x03, 0xFF, 0x80,
    0x03, 0xFC, 0x03, 0xFF, 0x80, 0x01, 0xFC, 0x03, 0xFF, 0x80, 0x00, 0xFC, 0x03, 0xFF, 0x80, 0x00,
    0x00, 0x03, 0xFF, 0x80, 0x3C, 0x00, 0x03, 0xFF, 0x80, 0x7C, 0x00, 0x03, 0xFF, 0xC1, 0xFC, 0x00,
    0x03, 0xFF, 0xFF, 0xFC, 0x00, 0x03, 0xFF, 0xFF, 0xFC, 0x00, 0x03, 0xFF, 0xEA, 0xFC, 0x00, 0x03,
    0xFF, 0x80, 0x7C, 0x00, 0x03, 0xFF, 0x80, 0x3C, 0x00, 0x03, 0xFF, 0x80, 0x00, 0x00, 0x03, 0xFF,
    0x80, 0x00, 0x7F, 0x03, 0xFF, 0x80, 0x00, 0xBE, 0x03, 0xFF, 0x80, 0x00, 0xFE, 0x03, 0xFF, 0x80,
    0x02, 0xFD, 0x2F, 0xFF, 0xFF, 0xFF, 0xFD, 0x7F, 0xFF, 0xFF, 0xFF, 0xFC, 0x7F, 0xFF, 0xFF, 0xFF,
    0xFC, 0x00, 0x00, 0x05, 0x00, 0x00, 0x00, 0x0B, 0xF0, 0x00, 0x00, 0x0B, 0xFC, 0x00, 0x00, 0x0B,
    0xFF, 0x00, 0x00, 0x0B, 0xFF, 0x40, 0x00, 0x0F, 0xF9, 0x00, 0x00, 0x02, 0xE0, 0x00, 0x00, 0x00,
    0x06, 0x90, 0x00, 0x00, 0x03, 0xFD, 0x00, 0x00, 0x03, 0xFF, 0xC0, 0x00, 0x02, 0xFF, 0xF8, 0x00,
    0x01, 0xFE, 0xBF, 0x40, 0x00, 0xFD, 0x07, 0xF0, 0x00, 0xFD, 0x00, 0x3F, 0x00, 0x08, 0x00, 0x02,
    0x00, 0x00, 0x00, 0x00, 0x00, 0x00, 0x01, 0x65, 0x00, 0x00, 0x1F, 0xFF, 0xF8, 0x00, 0x2F, 0xFF,
    0xFF, 0xC0, 0x2F, 0xF4, 0x1F, 0xF8, 0x1F, 0xF8, 0x02, 0xFF, 0x0F, 0xFC, 0x00, 0xBF, 0xD7, 0xFF,
    0x00, 0x2F, 0xFA, 0xFF, 0xD5, 0x5F, 0xFE, 0xBF, 0xFF, 0xFF, 0xFF, 0x7F, 0xFF, 0xFF, 0xFF, 0xDB,
    0xFF, 0x00, 0x00, 0x02, 0xFF, 0xC0, 0x00, 0x00, 0x7F, 0xF4, 0x00, 0x00, 0x0F, 0xFF, 0x00, 0x02,
    0xC2, 0xFF, 0xF9, 0x5B, 0xF8, 0x3F, 0xFF, 0xFF, 0xFC, 0x03, 0xFF, 0xFF, 0xFC, 0x00, 0x2F, 0xFF,
    0xF4, 0x00, 0x00, 0x15, 0x40, 0x00, 0x00, 0x01, 0x40, 0x00, 0x00, 0x00, 0x0F, 0xE0, 0x00, 0x00,
    0x00, 0x0F, 0xF8, 0x00, 0x00, 0x00, 0x0F, 0xFE, 0x00, 0x00, 0x00, 0x03, 0xFF, 0xC0, 0x00, 0x00,
    0x00, 0x6F, 0xF0, 0x00, 0x00, 0x00, 0x02, 0xE0, 0x00, 0x00, 0x00, 0x2D, 0x00, 0x00, 0x00, 0x00,
    0xFF, 0x40, 0x00, 0x00, 0x03, 0xFF, 0xD0, 0x00, 0x00, 0x0B, 0xFF, 0xF0, 0x00, 0x00, 0x2F, 0xFB,
    0xFC, 0x00, 0x00, 0x7F, 0x40, 0xFF, 0x00, 0x00, 0x78, 0x00, 0x1E, 0x00, 0x00, 0x00, 0x00, 0x00,
    0x00, 0x15, 0x55, 0x55, 0x55, 0x50, 0x7F, 0xFF, 0xFF, 0xFF, 0xF4, 0x7F, 0xFF, 0xFF, 0xFF, 0xF8,
    0x07, 0xFF, 0xD5, 0x6F, 0xF8, 0x03, 0xFF, 0x80, 0x03, 0xFC, 0x03, 0xFF, 0x80, 0x01, 0xFC, 0x03,
    0xFF, 0x80, 0x00, 0xFC, 0x03, 0xFF, 0x80, 0x00, 0x00, 0x03, 0xFF, 0x80, 0x3C, 0x00, 0x03, 0xFF,
    0x80, 0x7C, 0x00, 0x03, 0xFF, 0xC1, 0xFC, 0x00, 0x03, 0xFF, 0xFF, 0xFC, 0x00, 0x03, 0xFF, 0xFF,
    0xFC, 0x00, 0x03, 0xFF, 0xEA, 0xFC, 0x00, 0x03, 0xFF, 0x80, 0x7C, 0x00, 0x03, 0xFF, 0x80, 0x3C,
    0x00, 0x03, 0xFF, 0x80, 0x00, 0x00, 0x03, 0xFF, 0x80, 0x00, 0x7F, 0x03, 0xFF, 0x80, 0x00, 0xBE,
    0x03, 0xFF, 0x80, 0x00, 0xFE, 0x03, 0xFF, 0x80, 0x02, 0xFD, 0x2F, 0xFF, 0xFF, 0xFF, 0xFD, 0x7F,
    0xFF, 0xFF, 0xFF, 0xFC, 0x7F, 0xFF, 0xFF, 0xFF, 0xFC, 0x00, 0x05, 0x00, 0x00, 0x00, 0x0B, 0xE0,
    0x00, 0x00, 0x03, 0xFE, 0x00, 0x00, 0x00, 0xFF, 0xF0, 0x00, 0x00, 0x0F, 0xFF, 0x00, 0x00, 0x00,
    0x6F, 0xF0, 0x00, 0x00, 0x00, 0x7C, 0x00, 0x00, 0x06, 0x90, 0x00, 0x00, 0x03, 0xFD, 0x00, 0x00,
    0x03, 0xFF, 0xC0, 0x00, 0x02, 0xFF, 0xF8, 0x00, 0x01, 0xFE, 0xBF, 0x40, 0x00, 0xFD, 0x07, 0xF0,
    0x00, 0xFD, 0x00, 0x3F, 0x00, 0x08, 0x00, 0x02, 0x00, 0x00, 0x00, 0x00, 0x00, 0x00, 0x01, 0x65,
    0x00, 0x00, 0x1F, 0xFF, 0xF8, 0x00, 0x2F, 0xFF, 0xFF, 0xC0, 0x2F, 0xF4, 0x1F, 0xF8, 0x1F, 0xF8,
    0x02, 0xFF, 0x0F, 0xFC, 0x00, 0xBF, 0xD7, 0xFF, 0x00, 0x2F, 0xFA, 0xFF, 0xD5, 0x5F, 0xFE, 0xBF,
    0xFF, 0xFF, 0xFF, 0x7F, 0xFF, 0xFF, 0xFF, 0xDB, 0xFF, 0x00, 0x00, 0x02, 0xFF, 0xC0, 0x00, 0x00,
    0x7F, 0xF4, 0x00, 0x00, 0x0F, 0xFF, 0x00, 0x02, 0xC2, 0xFF, 0xF9, 0x5B, 0xF8, 0x3F, 0xFF, 0xFF,
    0xFC, 0x03, 0xFF, 0xFF, 0xFC, 0x00, 0x2F, 0xFF, 0xF4, 0x00, 0x00, 0x15, 0x40, 0x00, 0x00, 0x00,
    0x00, 0x00, 0x00, 0x00, 0x00, 0x00, 0x1F, 0xFE, 0x00, 0x00, 0x00, 0x2F, 0xFF, 0xF0, 0x00, 0x00,
    0x1F, 0x82, 0xFD, 0x00, 0x00, 0x0B, 0xF0, 0xBF, 0x40, 0x00, 0x00, 0xB8, 0x3F, 0xC0, 0x00, 0x00,
    0x00, 0x7F, 0xD0, 0x00, 0x00, 0xB4, 0x2F, 0xD0, 0x00, 0x00, 0xFF, 0x4F, 0xE0, 0x00, 0x00, 0xFF,
    0xF4, 0x00, 0x00, 0x00, 0xBF, 0xFF, 0x00, 0x00, 0x00, 0xBF, 0xEF, 0xF0, 0x00, 0x00, 0x7F, 0x40,
    0xFF, 0x00, 0x00, 0x1E, 0x00, 0x07, 0x80, 0x00, 0x00, 0x00, 0x00, 0x00, 0x00, 0x55, 0x55, 0x55,
    0x55, 0x40, 0x7F, 0xFF, 0xFF, 0xFF, 0xF4, 0x1F, 0xFF, 0xFF, 0xFF, 0xFE, 0x00, 0x7F, 0xFD, 0x56,
    0xFF, 0x80, 0x0F, 0xFE, 0x00, 0x0F, 0xF0, 0x03, 0xFF, 0x80, 0x01, 0xFC, 0x00, 0xFF, 0xE0, 0x00,
    0x3F, 0x00, 0x3F, 0xF8, 0x00, 0x00, 0x00, 0x0F, 0xFE, 0x00, 0xF0, 0x00, 0x03, 0xFF, 0x80, 0x7C,
    0x00, 0x00, 0xFF, 0xF0, 0x7F, 0x00, 0x00, 0x3F, 0xFF, 0xFF, 0xC0, 0x00, 0x0F, 0xFF, 0xFF, 0xF0,
    0x00, 0x03, 0xFF, 0xEA, 0xFC, 0x00, 0x00, 0xFF, 0xE0, 0x1F, 0x00, 0x00, 0x3F, 0xF8, 0x03, 0xC0,
    0x00, 0x0F, 0xFE, 0x00, 0x00, 0x00, 0x03, 0xFF, 0x80, 0x00, 0x7F, 0x00, 0xFF, 0xE0, 0x00, 0x2F,
    0x80, 0x3F, 0xF8, 0x00, 0x0F, 0xE0, 0x0F, 0xFE, 0x00, 0x0B, 0xF4, 0x2F, 0xFF, 0xFF, 0xFF, 0xFD,
    0x1F, 0xFF, 0xFF, 0xFF, 0xFF, 0x07, 0xFF, 0xFF, 0xFF, 0xFF, 0xC0, 0x00, 0x00, 0x01, 0xBF, 0x80,
    0x00, 0x00, 0x0F, 0xFF, 0xF4, 0x00, 0x00, 0x2F, 0x83, 0xFC, 0x00, 0x00, 0x3F, 0x83, 0xFC, 0x00,
    0x00, 0x1F, 0x47, 0xFC, 0x00, 0x00, 0x00, 0x1F, 0xF4, 0x00, 0x01, 0xA4, 0x3F, 0xC0, 0x00, 0x03,
    0xFD, 0x3F, 0x40, 0x00, 0x0F, 0xFF, 0x00, 0x00, 0x00, 0x2F, 0xFF, 0x80, 0x00, 0x00, 0x7F, 0xAF,
    0xD0, 0x00, 0x00, 0xFD, 0x07, 0xF0, 0x00, 0x03, 0xF4, 0x00, 0xFC, 0x00, 0x00, 0x80, 0x00, 0x20,
    0x00, 0x00, 0x00, 0x00, 0x00, 0x00, 0x00, 0x01, 0x65, 0x00, 0x00, 0x00, 0x7F, 0xFF, 0xE0, 0x00,
    0x02, 0xFF, 0xFF, 0xFC, 0x00, 0x0B, 0xFD, 0x07, 0xFE, 0x00, 0x1F, 0xF8, 0x02, 0xFF, 0x00, 0x3F,
    0xF0, 0x02, 0xFF, 0x40, 0x7F, 0xF0, 0x02, 0xFF, 0x80, 0xBF, 0xF5, 0x57, 0xFF, 0x80, 0xBF, 0xFF,
    0xFF, 0xFF, 0x40, 0xFF, 0xFF, 0xFF, 0xFF, 0x40, 0xBF, 0xF0, 0x00, 0x00, 0x00, 0xBF, 0xF0, 0x00,
    0x00, 0x00, 0x7F, 0xF4, 0x00, 0x00, 0x00, 0x3F, 0xFC, 0x00, 0x0B, 0x00, 0x2F, 0xFF, 0x95, 0xBF,
    0x80, 0x0F, 0xFF, 0xFF, 0xFF, 0x00, 0x03, 0xFF, 0xFF, 0xFC, 0x00, 0x00, 0xBF, 0xFF, 0xD0, 0x00,
    0x00, 0x01, 0x54, 0x00, 0x00, 0x00, 0x0B, 0xE0, 0x01, 0x00, 0x00, 0x2F, 0xFF, 0x5B, 0x40, 0x00,
    0x3F, 0xFF, 0xFF, 0x00, 0x00, 0xBF, 0xFF, 0xFE, 0x00, 0x00, 0x70, 0x1F, 0xFC, 0x00, 0x00, 0x00,
    0x00, 0x50, 0x00, 0x00, 0x00, 0x2D, 0x00, 0x00, 0x00, 0x00, 0xFF, 0x40, 0x00, 0x00, 0x03, 0xFF,
    0xD0, 0x00, 0x00, 0x0B, 0xFF, 0xF0, 0x00, 0x00, 0x2F, 0xFB, 0xFC, 0x00, 0x00, 0x7F, 0x40, 0xFF,
    0x00, 0x00, 0x78, 0x00, 0x1E, 0x00, 0x00, 0x00, 0x00, 0x00, 0x00, 0x15, 0x55, 0x55, 0x55, 0x50,
    0x7F, 0xFF, 0xFF, 0xFF, 0xF4, 0x7F, 0xFF, 0xFF, 0xFF, 0xF8, 0x07, 0xFF, 0xD5, 0x6F, 0xF8, 0x03,
    0xFF, 0x80, 0x03, 0xFC, 0x03, 0xFF, 0x80, 0x01, 0xFC, 0x03, 0xFF, 0x80, 0x00, 0xFC, 0x03, 0xFF,
    0x80, 0x00, 0x00, 0x03, 0xFF, 0x80, 0x3C, 0x00, 0x03, 0xFF, 0x80, 0x7C, 0x00, 0x03, 0xFF, 0xC1,
    0xFC, 0x00, 0x03, 0xFF, 0xFF, 0xFC, 0x00, 0x03, 0xFF, 0xFF, 0xFC, 0x00, 0x03, 0xFF, 0xEA, 0xFC,
    0x00, 0x03, 0xFF, 0x80, 0x7C, 0x00, 0x03, 0xFF, 0x80, 0x3C, 0x00, 0x03, 0xFF, 0x80, 0x00, 0x00,
    0x03, 0xFF, 0x80, 0x00, 0x7F, 0x03, 0xFF, 0x80, 0x00, 0xBE, 0x03, 0xFF, 0x80, 0x00, 0xFE, 0x03,
    0xFF, 0x80, 0x02, 0xFD, 0x2F, 0xFF, 0xFF, 0xFF, 0xFD, 0x7F, 0xFF, 0xFF, 0xFF, 0xFC, 0x7F, 0xFF,
    0xFF, 0xFF, 0xFC, 0x00, 0x2F, 0x80, 0x04, 0x00, 0x2F, 0xFF, 0x5B, 0x40, 0x0F, 0xFF, 0xFF, 0xC0,
    0x0B, 0xFF, 0xFF, 0xE0, 0x01, 0xC0, 0x7F, 0xF0, 0x00, 0x00, 0x00, 0x50, 0x00, 0x00, 0x1A, 0x40,
    0x00, 0x00, 0x0F, 0xF4, 0x00, 0x00, 0x0F, 0xFF, 0x00, 0x00, 0x0B, 0xFF, 0xE0, 0x00, 0x07, 0xFA,
    0xFD, 0x00, 0x03, 0xF4, 0x1F, 0xC0, 0x03, 0xF4, 0x00, 0xFC, 0x00, 0x20, 0x00, 0x08, 0x00, 0x00,
    0x00, 0x00, 0x00, 0x00, 0x05, 0x94, 0x00, 0x00, 0x7F, 0xFF, 0xE0, 0x00, 0xBF, 0xFF, 0xFF, 0x00,
    0xBF, 0xD0, 0x7F, 0xE0, 0x7F, 0xE0, 0x0B, 0xFC, 0x3F, 0xF0, 0x02, 0xFF, 0x5F, 0xFC, 0x00, 0xBF,
    0xEB, 0xFF, 0x55, 0x7F, 0xFA, 0xFF, 0xFF, 0xFF, 0xFD, 0xFF, 0xFF, 0xFF, 0xFF, 0x6F, 0xFC, 0x00,
    0x00, 0x0B, 0xFF, 0x00, 0x00, 0x01, 0xFF, 0xD0, 0x00, 0x00, 0x3F, 0xFC, 0x00, 0x0B, 0x0B, 0xFF,
    0xE5, 0x6F, 0xE0, 0xFF, 0xFF, 0xFF, 0xF0, 0x0F, 0xFF, 0xFF, 0xF0, 0x00, 0xBF, 0xFF, 0xD0, 0x00,
    0x00, 0x55, 0x00, 0x00, 0x00, 0x00, 0x2D, 0x00, 0x00, 0x00, 0x00, 0xFF, 0x40, 0x00, 0x00, 0x03,
    0xFF, 0xD0, 0x00, 0x00, 0x0B, 0xFF, 0xF0, 0x00, 0x00, 0x2F, 0xFB, 0xFC, 0x00, 0x00, 0x7F, 0x40,
    0xFF, 0x00, 0x00, 0x78, 0x00, 0x1E, 0x00, 0x00, 0x00, 0x00, 0x00, 0x00, 0x15, 0x55, 0x55, 0x55,
    0x50, 0x7F, 0xFF, 0xFF, 0xFF, 0xF4, 0x7F, 0xFF, 0xFF, 0xFF, 0xF8, 0x07, 0xFF, 0xD5, 0x6F, 0xF8,
    0x03, 0xFF, 0x80, 0x03, 0xFC, 0x03, 0xFF, 0x80, 0x01, 0xFC, 0x03, 0xFF, 0x80, 0x00, 0xFC, 0x03,
    0xFF, 0x80, 0x00, 0x00, 0x03, 0xFF, 0x80, 0x3C, 0x00, 0x03, 0xFF, 0x80, 0x7C, 0x00, 0x03, 0xFF,
    0xC1, 0xFC, 0x00, 0x03, 0xFF, 0xFF, 0xFC, 0x00, 0x03, 0xFF, 0xFF, 0xFC, 0x00, 0x03, 0xFF, 0xEA,
    0xFC, 0x00, 0x03, 0xFF, 0x80, 0x7C, 0x00, 0x03, 0xFF, 0x80, 0x3C, 0x00, 0x03, 0xFF, 0x80, 0x00,
    0x00, 0x03, 0xFF, 0x80, 0x00, 0x7F, 0x03, 0xFF, 0x80, 0x00, 0xBE, 0x03, 0xFF, 0x80, 0x00, 0xFE,
    0x03, 0xFF, 0x80, 0x02, 0xFD, 0x2F, 0xFF, 0xFF, 0xFF, 0xFD, 0x7F, 0xFF, 0xFF, 0xFF, 0xFC, 0x7F,
    0xFF, 0xFF, 0xFF, 0xFC, 0x00, 0x00, 0x00, 0x00, 0x00, 0x00, 0x00, 0x00, 0x00, 0x00, 0x00, 0x00,
    0x7F, 0x40, 0x00, 0x00, 0x01, 0xFF, 0xD0, 0x00, 0x00, 0x03, 0xFF, 0xE0, 0x00, 0x00, 0x02, 0xFF,
    0xE0, 0x00, 0x00, 0x01, 0xFF, 0xC0, 0x00, 0x00, 0x00, 0x2A, 0x00, 0x00, 0x00, 0x01, 0xA4, 0x00,
    0x00, 0x00, 0xFF, 0x40, 0x00, 0x00, 0xFF, 0xF0, 0x00, 0x00, 0xBF, 0xFE, 0x00, 0x00, 0x7F, 0xAF,
    0xD0, 0x00, 0x3F, 0x41, 0xFC, 0x00, 0x3F, 0x40, 0x0F, 0xC0, 0x02, 0x00, 0x00, 0x80, 0x00, 0x00,
    0x00, 0x00, 0x00, 0x00, 0x59, 0x40, 0x00, 0x07, 0xFF, 0xFE, 0x00, 0x0B, 0xFF, 0xFF, 0xF0, 0x0B,
    0xFD, 0x07, 0xFE, 0x07, 0xFE, 0x00, 0xBF, 0xC3, 0xFF, 0x00, 0x2F, 0xF5, 0xFF, 0xC0, 0x0B, 0xFE,
    0xBF, 0xF5, 0x57, 0xFF, 0xAF, 0xFF, 0xFF, 0xFF, 0xDF, 0xFF, 0xFF, 0xFF, 0xF6, 0xFF, 0xC0, 0x00,
    0x00, 0xBF, 0xF0, 0x00, 0x00, 0x1F, 0xFD, 0x00, 0x00, 0x03, 0xFF, 0xC0, 0x00, 0xB0, 0xBF, 0xFE,
    0x56, 0xFE, 0x0F, 0xFF, 0xFF, 0xFF, 0x00, 0xFF, 0xFF, 0xFF, 0x00, 0x0B, 0xFF, 0xFD, 0x00, 0x00,
    0x05, 0x50, 0x00, 0x00, 0x00, 0x00, 0x00, 0x00, 0x00, 0xBE, 0x00, 0x00, 0x00, 0xFF, 0xF0, 0x00,
    0x00, 0x3F, 0xFC, 0x00, 0x00, 0x0F, 0xFF, 0x00, 0x00, 0x03, 0xFF, 0x80, 0x00, 0x00, 0x1A, 0x40,
    0x00, 0x02, 0xFE, 0x40, 0x2F, 0xFF, 0xF0, 0x7F, 0x0F, 0xF4, 0xBF, 0x0B, 0xF4, 0x3E, 0x0F, 0xF0,
    0x00, 0x3F, 0xE0, 0x00, 0xBF, 0x40, 0x00, 0xFF, 0x00, 0x00, 0x00, 0x00, 0x15, 0x55, 0x54, 0x7F,
    0xFF, 0xFD, 0x7F, 0xFF, 0xFD, 0x07, 0xFF, 0xD0, 0x03, 0xFF, 0xC0, 0x03, 0xFF, 0x80, 0x03, 0xFF,
    0x80, 0x03, 0xFF, 0x80, 0x03, 0xFF, 0x80, 0x03, 0xFF, 0x80, 0x03, 0xFF, 0x80, 0x03, 0xFF, 0x80,
    0x03, 0xFF, 0x80, 0x03, 0xFF, 0x80, 0x03, 0xFF, 0x80, 0x03, 0xFF, 0x80, 0x03, 0xFF, 0x80, 0x03,
    0xFF, 0x80, 0x03, 0xFF, 0x80, 0x03, 0xFF, 0x80, 0x03, 0xFF, 0xC0, 0x2F, 0xFF, 0xE8, 0x7F, 0xFF,
    0xFD, 0x7F, 0xFF, 0xFD, 0x01, 0xAA, 0x40, 0x03, 0xFF, 0xFC, 0x03, 0xF5, 0xBF, 0x41, 0xFC, 0x0F,
    0xE0, 0x3F, 0x0B, 0xF4, 0x00, 0x0B, 0xFC, 0x00, 0x07, 0xFC, 0x00, 0x02, 0xFC, 0x00, 0x00, 0x7F,
    0x00, 0x00, 0x00, 0x00, 0x00, 0x00, 0x00, 0x00, 0x2F, 0xFF, 0xC0, 0x0F, 0xFF, 0xF0, 0x02, 0xFF,
    0xFC, 0x00, 0x0B, 0xFF, 0x00, 0x01, 0xFF, 0xC0, 0x00, 0x7F, 0xF0, 0x00, 0x1F, 0xFC, 0x00, 0x07,
    0xFF, 0x00, 0x01, 0xFF, 0xC0, 0x00, 0x7F, 0xF0, 0x00, 0x1F, 0xFC, 0x00, 0x07, 0xFF, 0x00, 0x01,
    0xFF, 0xC0, 0x00, 0x7F, 0xF0, 0x01, 0xBF, 0xFE, 0x40, 0xFF, 0xFF, 0xF4, 0x3F, 0xFF, 0xFD, 0x15,
    0x55, 0x54, 0x7F, 0xFF, 0xFD, 0x7F, 0xFF, 0xFD, 0x07, 0xFF, 0xD0, 0x03, 0xFF, 0xC0, 0x03, 0xFF,
    0x80, 0x03, 0xFF, 0x80, 0x03, 0xFF, 0x80, 0x03, 0xFF, 0x80, 0x03, 0xFF, 0x80, 0x03, 0xFF, 0x80,
    0x03, 0xFF, 0x80, 0x03, 0xFF, 0x80, 0x03, 0xFF, 0x80, 0x03, 0xFF, 0x80, 0x03, 0xFF, 0x80, 0x03,
    0xFF, 0x80, 0x03, 0xFF, 0x80, 0x03, 0xFF, 0x80, 0x03, 0xFF, 0x80, 0x03, 0xFF, 0xC0, 0x2F, 0xFF,
    0xE8, 0x7F, 0xFF, 0xFD, 0x7F, 0xFF, 0xFD, 0x00, 0x00, 0x00, 0x00, 0x00, 0x00, 0x00, 0xBE, 0x00,
    0x03, 0xFF, 0x80, 0x07, 0xFF, 0xC0, 0x07, 0xFF, 0xC0, 0x03, 0xFF, 0x80, 0x00, 0x69, 0x00, 0x02,
    0xA4, 0x00, 0x3F, 0xF8, 0x01, 0xFF, 0xF0, 0x07, 0xFF, 0xC0, 0x0F, 0xFE, 0x00, 0x0B, 0xE0, 0x00,
    0x00, 0x00, 0x00, 0x00, 0x00, 0x00, 0x00, 0x02, 0xFF, 0xFC, 0x0F, 0xFF, 0xF0, 0x2F, 0xFF, 0xC0,
    0x0B, 0xFF, 0x00, 0x1F, 0xFC, 0x00, 0x7F, 0xF0, 0x01, 0xFF, 0xC0, 0x07, 0xFF, 0x00, 0x1F, 0xFC,
    0x00, 0x7F, 0xF0, 0x01, 0xFF, 0xC0, 0x07, 0xFF, 0x00, 0x1F, 0xFC, 0x00, 0x7F, 0xF0, 0x1B, 0xFF,
    0xE4, 0xFF, 0xFF, 0xF7, 0xFF, 0xFF, 0xD0, 0x00, 0x00, 0x00, 0x00, 0x00, 0x02, 0xF8, 0x00, 0x2F,
    0xFC, 0x00, 0xFF, 0xF4, 0x03, 0xFF, 0xD0, 0x0B, 0xFF, 0x00, 0x06, 0x90, 0x00, 0x00, 0x00, 0x6B,
    0xF9, 0x00, 0x00, 0x00, 0x0B, 0xFF, 0xFF, 0xF4, 0x00, 0x00, 0x7F, 0xFF, 0xFF, 0xFE, 0x00, 0x01,
    0xFF, 0xF9, 0x6F, 0xFF, 0x80, 0x03, 0xFF, 0x80, 0x03, 0xFF, 0xD0, 0x0F, 0xFE, 0x00, 0x00, 0xFF,
    0xF0, 0x1F, 0xFC, 0x00, 0x00, 0x7F, 0xF8, 0x3F, 0xFC, 0x00, 0x00, 0x3F, 0xFC, 0x3F, 0xF8, 0x00,
    0x00, 0x3F, 0xFC, 0x7F, 0xF4, 0x00, 0x00, 0x2F, 0xFD, 0x7F, 0xF4, 0x00, 0x00, 0x2F, 0xFD, 0xBF,
    0xF4, 0x00, 0x00, 0x1F, 0xFD, 0xBF, 0xF4, 0x00, 0x00, 0x1F, 0xFD, 0xBF, 0xF4, 0x00, 0x00, 0x1F,
    0xFD, 0x7F, 0xF4, 0x00, 0x00, 0x2F, 0xFC, 0x7F, 0xF8, 0x00, 0x00, 0x2F, 0xFC, 0x3F, 0xFC, 0x00,
    0x00, 0x3F, 0xFC, 0x3F, 0xFC, 0x00, 0x00, 0x3F, 0xF4, 0x1F, 0xFE, 0x00, 0x00, 0x7F, 0xF0, 0x0F,
    0xFF, 0x40, 0x00, 0xFF, 0xD0, 0x07, 0xFF, 0xD0, 0x07, 0xFF, 0x80, 0x01, 0xFF, 0xFF, 0xFF, 0xFE,
    0x00, 0x00, 0x7F, 0xFF, 0xFF, 0xF8, 0x00, 0x00, 0x07, 0xFF, 0xFF, 0x80, 0x00, 0x00, 0x00, 0x15,
    0x50, 0x00, 0x00, 0x00, 0x00, 0x00, 0x00, 0x00, 0x00, 0x00, 0x00, 0x0B, 0xE0, 0x00, 0x00, 0x00,
    0x00, 0x3F, 0xFC, 0x00, 0x00, 0x00, 0x00, 0x7F, 0xFC, 0x00, 0x00, 0x00, 0x00, 0x7F, 0xFC, 0x00,
    0x00, 0x00, 0x00, 0x3F, 0xF8, 0x00, 0x00, 0x00, 0x00, 0x06, 0x90, 0x00, 0x00, 0x00, 0x01, 0x69,
    0x00, 0x00, 0x01, 0xFF, 0xFF, 0xE0, 0x00, 0x2F, 0xFF, 0xFF, 0xF0, 0x03, 0xFF, 0xD6, 0xFF, 0xF0,
    0x2F, 0xFC, 0x01, 0xFF, 0xE0, 0xFF, 0xD0, 0x02, 0xFF, 0xC7, 0xFF, 0x00, 0x07, 0xFF, 0x6F, 0xFC,
    0x00, 0x0F, 0xFD, 0xBF, 0xF0, 0x00, 0x3F, 0xFB, 0xFF, 0xC0, 0x00, 0xFF, 0xEB, 0xFF, 0x00, 0x03,
    0xFF, 0xAF, 0xFC, 0x00, 0x0F, 0xFD, 0x7F, 0xF4, 0x00, 0x7F, 0xF0, 0xFF, 0xE0, 0x02, 0xFF, 0xC2,
    0xFF, 0xD0, 0x0F, 0xFD, 0x03, 0xFF, 0xE6, 0xFF, 0xE0, 0x03, 0xFF, 0xFF, 0xFE, 0x00, 0x02, 0xFF,
    0xFF, 0x80, 0x00, 0x00, 0x15, 0x50, 0x00, 0x00, 0x00, 0x00, 0x00, 0x00, 0x00, 0x01, 0xFD, 0x00,
    0x00, 0x00, 0x1F, 0xFD, 0x00, 0x00, 0x00, 0xFF, 0xF8, 0x00, 0x00, 0x03, 0xFF, 0xE0, 0x00, 0x00,
    0x07, 0xFF, 0x00, 0x00, 0x00, 0x06, 0xA0, 0x00, 0x00, 0x00, 0x00, 0x2F, 0xE4, 0x00, 0x00, 0x00,
    0x02, 0xFF, 0xFF, 0x00, 0x00, 0x00, 0x07, 0xF0, 0xBF, 0x40, 0x00, 0x00, 0x0B, 0xF0, 0x7F, 0x40,
    0x00, 0x00, 0x03, 0xE0, 0xFF, 0x00, 0x00, 0x00, 0x00, 0x03, 0xFE, 0x00, 0x00, 0x00, 0x00, 0x0B,
    0xF8, 0x00, 0x00, 0x00, 0x00, 0x0F, 0xF0, 0x00, 0x00, 0x00, 0x00, 0x00, 0x00, 0x00, 0x00, 0x00,
    0x00, 0x6B, 0xF9, 0x00, 0x00, 0x00, 0x0B, 0xFF, 0xFF, 0xF4, 0x00, 0x00, 0x7F, 0xFF, 0xFF, 0xFE,
    0x00, 0x01, 0xFF, 0xF9, 0x6F, 0xFF, 0x80, 0x03, 0xFF, 0x80, 0x03, 0xFF, 0xD0, 0x0F, 0xFE, 0x00,
    0x00, 0xFF, 0xF0, 0x1F, 0xFC, 0x00, 0x00, 0x7F, 0xF8, 0x3F, 0xFC, 0x00, 0x00, 0x3F, 0xFC, 0x3F,
    0xF8, 0x00, 0x00, 0x3F, 0xFC, 0x7F, 0xF4, 0x00, 0x00, 0x2F, 0xFD, 0x7F, 0xF4, 0x00, 0x00, 0x2F,
    0xFD, 0xBF, 0xF4, 0x00, 0x00, 0x1F, 0xFD, 0xBF, 0xF4, 0x00, 0x00, 0x1F, 0xFD, 0xBF, 0xF4, 0x00,
    0x00, 0x1F, 0xFD, 0x7F, 0xF4, 0x00, 0x00, 0x2F, 0xFC, 0x7F, 0xF8, 0x00, 0x00, 0x2F, 0xFC, 0x3F,
    0xFC, 0x00, 0x00, 0x3F, 0xFC, 0x3F, 0xFC, 0x00, 0x00, 0x3F, 0xF4, 0x1F, 0xFE, 0x00, 0x00, 0x7F,
    0xF0, 0x0F, 0xFF, 0x40, 0x00, 0xFF, 0xD0, 0x07, 0xFF, 0xD0, 0x07, 0xFF, 0x80, 0x01, 0xFF, 0xFF,
    0xFF, 0xFE, 0x00, 0x00, 0x7F, 0xFF, 0xFF, 0xF8, 0x00, 0x00, 0x07, 0xFF, 0xFF, 0x80, 0x00, 0x00,
    0x00, 0x15, 0x50, 0x00, 0x00, 0x00, 0x02, 0xA9, 0x00, 0x00, 0x00, 0xBF, 0xFF, 0x40, 0x00, 0x0B,
    0xE5, 0xFF, 0x00, 0x00, 0x3F, 0x83, 0xFC, 0x00, 0x00, 0xBE, 0x0F, 0xF0, 0x00, 0x00, 0x01, 0xFF,
    0x40, 0x00, 0x00, 0x0F, 0xF4, 0x00, 0x00, 0x00, 0x3F, 0x40, 0x00, 0x00, 0x00, 0xFD, 0x00, 0x00,
    0x00, 0x00, 0x00, 0x00, 0x00, 0x00, 0x16, 0x90, 0x00, 0x00, 0x1F, 0xFF, 0xFE, 0x00, 0x02, 0xFF,
    0xFF, 0xFF, 0x00, 0x3F, 0xFD, 0x6F, 0xFF, 0x02, 0xFF, 0xC0, 0x1F, 0xFE, 0x0F, 0xFD, 0x00, 0x2F,
    0xFC, 0x7F, 0xF0, 0x00, 0x7F, 0xF6, 0xFF, 0xC0, 0x00, 0xFF, 0xDB, 0xFF, 0x00, 0x03, 0xFF, 0xBF,
    0xFC, 0x00, 0x0F, 0xFE, 0xBF, 0xF0, 0x00, 0x3F, 0xFA, 0xFF, 0xC0, 0x00, 0xFF, 0xD7, 0xFF, 0x40,
    0x07, 0xFF, 0x0F, 0xFE, 0x00, 0x2F, 0xFC, 0x2F, 0xFD, 0x00, 0xFF, 0xD0, 0x3F, 0xFE, 0x6F, 0xFE,
    0x00, 0x3F, 0xFF, 0xFF, 0xE0, 0x00, 0x2F, 0xFF, 0xF8, 0x00, 0x00, 0x01, 0x55, 0x00, 0x00, 0x00,
    0x00, 0x00, 0x14, 0x00, 0x00, 0x00, 0x00, 0x00, 0xBE, 0x00, 0x00, 0x00, 0x00, 0x03, 0xFF, 0x00,
    0x00, 0x00, 0x00, 0x0F, 0xFF, 0x00, 0x00, 0x00, 0x00, 0x3F, 0xFC, 0x00, 0x00, 0x00, 0x00, 0xFF,
    0x80, 0x00, 0x00, 0x00, 0x00, 0xF4, 0x00, 0x00, 0x00, 0x00, 0x00, 0x03, 0xD0, 0x00, 0x00, 0x00,
    0x00, 0x0F, 0xF4, 0x00, 0x00, 0x00, 0x00, 0x3F, 0xFC, 0x00, 0x00, 0x00, 0x00, 0xFF, 0xFF, 0x00,
    0x00, 0x00, 0x02, 0xFE, 0xBF, 0xC0, 0x00, 0x00, 0x0B, 0xF4, 0x1F, 0xE0, 0x00, 0x00, 0x0B, 0x80,
    0x02, 0xE0, 0x00, 0x00, 0x00, 0x00, 0x00, 0x00, 0x00, 0x00, 0x00, 0x6B, 0xF9, 0x00, 0x00, 0x00,
    0x0B, 0xFF, 0xFF, 0xF4, 0x00, 0x00, 0x7F, 0xFF, 0xFF, 0xFE, 0x00, 0x01, 0xFF, 0xF9, 0x6F, 0xFF,
    0x80, 0x03, 0xFF, 0x80, 0x03, 0xFF, 0xD0, 0x0F, 0xFE, 0x00, 0x00, 0xFF, 0xF0, 0x1F, 0xFC, 0x00,
    0x00, 0x7F, 0xF8, 0x3F, 0xFC, 0x00, 0x00, 0x3F, 0xFC, 0x3F, 0xF8, 0x00, 0x00, 0x3F, 0xFC, 0x7F,
    0xF4, 0x00, 0x00, 0x2F, 0xFD, 0x7F, 0xF4, 0x00, 0x00, 0x2F, 0xFD, 0xBF, 0xF4, 0x00, 0x00, 0x1F,
    0xFD, 0xBF, 0xF4, 0x00, 0x00, 0x1F, 0xFD, 0xBF, 0xF4, 0x00, 0x00, 0x1F, 0xFD, 0x7F, 0xF4, 0x00,
    0x00, 0x2F, 0xFC, 0x7F, 0xF8, 0x00, 0x00, 0x2F, 0xFC, 0x3F, 0xFC, 0x00, 0x00, 0x3F, 0xFC, 0x3F,
    0xFC, 0x00, 0x00, 0x3F, 0xF4, 0x1F, 0xFE, 0x00, 0x00, 0x7F, 0xF0, 0x0F, 0xFF, 0x40, 0x00, 0xFF,
    0xD0, 0x07, 0xFF, 0xD0, 0x07, 0xFF, 0x80, 0x01, 0xFF, 0xFF, 0xFF, 0xFE, 0x00, 0x00, 0x7F, 0xFF,
    0xFF, 0xF8, 0x00, 0x00, 0x07, 0xFF, 0xFF, 0x80, 0x00, 0x00, 0x00, 0x15, 0x50, 0x00, 0x00, 0x00,
    0x00, 0x02, 0x00, 0x00, 0x00, 0x00, 0x7F, 0x00, 0x00, 0x00, 0x07, 0xFD, 0x00, 0x00, 0x00, 0x7F,
    0xF4, 0x00, 0x00, 0x07, 0xFF, 0x40, 0x00, 0x00, 0xBF, 0xD0, 0x00, 0x00, 0x01, 0xE0, 0x00, 0x00,
    0x00, 0x00, 0x00, 0x00, 0x00, 0x00, 0x00, 0xB8, 0x00, 0x00, 0x00, 0x0F, 0xF8, 0x00, 0x00, 0x00,
    0xBF, 0xF4, 0x00, 0x00, 0x07, 0xFF, 0xF0, 0x00, 0x00, 0x3F, 0xEF, 0xF0, 0x00, 0x03, 0xFC, 0x0F,
    0xE0, 0x00, 0x1F, 0x80, 0x0B, 0xC0, 0x00, 0x24, 0x00, 0x05, 0x00, 0x00, 0x00, 0x00, 0x00, 0x00,
    0x00, 0x05, 0xA4, 0x00, 0x00, 0x07, 0xFF, 0xFF, 0x80, 0x00, 0xBF, 0xFF, 0xFF, 0xC0, 0x0F, 0xFF,
    0x5B, 0xFF, 0xC0, 0xBF, 0xF0, 0x07, 0xFF, 0x83, 0xFF, 0x40, 0x0B, 0xFF, 0x1F, 0xFC, 0x00, 0x1F,
    0xFD, 0xBF, 0xF0, 0x00, 0x3F, 0xF6, 0xFF, 0xC0, 0x00, 0xFF, 0xEF, 0xFF, 0x00, 0x03, 0xFF, 0xAF,
    0xFC, 0x00, 0x0F, 0xFE, 0xBF, 0xF0, 0x00, 0x3F, 0xF5, 0xFF, 0xD0, 0x01, 0xFF, 0xC3, 0xFF, 0x80,
    0x0B, 0xFF, 0x0B, 0xFF, 0x40, 0x3F, 0xF4, 0x0F, 0xFF, 0x9B, 0xFF, 0x80, 0x0F, 0xFF, 0xFF, 0xF8,
    0x00, 0x0B, 0xFF, 0xFE, 0x00, 0x00, 0x00, 0x55, 0x40, 0x00, 0x00, 0x00, 0x14, 0x00, 0x00, 0x00,
    0x00, 0x00, 0xFE, 0x00, 0x00, 0x00, 0x00, 0x00, 0xFF, 0x80, 0x00, 0x00, 0x00, 0x00, 0xFF, 0xE0,
    0x00, 0x00, 0x00, 0x00, 0x7F, 0xF8, 0x00, 0x00, 0x00, 0x00, 0x06, 0xFE, 0x00, 0x00, 0x00, 0x00,
    0x00, 0x2E, 0x00, 0x00, 0x00, 0x00, 0x00, 0x00, 0x00, 0x00, 0x00, 0x00, 0x03, 0xD0, 0x00, 0x00,
    0x00, 0x00, 0x0F, 0xF4, 0x00, 0x00, 0x00, 0x00, 0x3F, 0xFC, 0x00, 0x00, 0x00, 0x00, 0xFF, 0xFF,
    0x00, 0x00, 0x00, 0x02, 0xFE, 0xBF, 0xC0, 0x00, 0x00, 0x0B, 0xF4, 0x1F, 0xE0, 0x00, 0x00, 0x0B,
    0x80, 0x02, 0xE0, 0x00, 0x00, 0x00, 0x00, 0x00, 0x00, 0x00, 0x00, 0x00, 0x6B, 0xF9, 0x00, 0x00,
    0x00, 0x0B, 0xFF, 0xFF, 0xF4, 0x00, 0x00, 0x7F, 0xFF, 0xFF, 0xFE, 0x00, 0x01, 0xFF, 0xF9, 0x6F,
    0xFF, 0x80, 0x03, 0xFF, 0x80, 0x03, 0xFF, 0xD0, 0x0F, 0xFE, 0x00, 0x00, 0xFF, 0xF0, 0x1F, 0xFC,
    0x00, 0x00, 0x7F, 0xF8, 0x3F, 0xFC, 0x00, 0x00, 0x3F, 0xFC, 0x3F, 0xF8, 0x00, 0x00, 0x3F, 0xFC,
    0x7F, 0xF4, 0x00, 0x00, 0x2F, 0xFD, 0x7F, 0xF4, 0x00, 0x00, 0x2F, 0xFD, 0xBF, 0xF4, 0x00, 0x00,
    0x1F, 0xFD, 0xBF, 0xF4, 0x00, 0x00, 0x1F, 0xFD, 0xBF, 0xF4, 0x00, 0x00, 0x1F, 0xFD, 0x7F, 0xF4,
    0x00, 0x00, 0x2F, 0xFC, 0x7F, 0xF8, 0x00, 0x00, 0x2F, 0xFC, 0x3F, 0xFC, 0x00, 0x00, 0x3F, 0xFC,
    0x3F, 0xFC, 0x00, 0x00, 0x3F, 0xF4, 0x1F, 0xFE, 0x00, 0x00, 0x7F, 0xF0, 0x0F, 0xFF, 0x40, 0x00,
    0xFF, 0xD0, 0x07, 0xFF, 0xD0, 0x07, 0xFF, 0x80, 0x01, 0xFF, 0xFF, 0xFF, 0xFE, 0x00, 0x00, 0x7F,
    0xFF, 0xFF, 0xF8, 0x00, 0x00, 0x07, 0xFF, 0xFF, 0x80, 0x00, 0x00, 0x00, 0x15, 0x50, 0x00, 0x00,
    0x00, 0x05, 0x00, 0x00, 0x00, 0x00, 0x7F, 0x00, 0x00, 0x00, 0x03, 0xFF, 0x00, 0x00, 0x00, 0x0B,
    0xFF, 0x00, 0x00, 0x00, 0x0B, 0xFF, 0x00, 0x00, 0x00, 0x02, 0xFF, 0x00, 0x00, 0x00, 0x00, 0x7C,
    0x00, 0x00, 0x00, 0x00, 0x00, 0x00, 0x00, 0x00, 0xB8, 0x00, 0x00, 0x00, 0x0F, 0xF8, 0x00, 0x00,
    0x00, 0xBF, 0xF4, 0x00, 0x00, 0x07, 0xFF, 0xF0, 0x00, 0x00, 0x3F, 0xEF, 0xF0, 0x00, 0x03, 0xFC,
    0x0F, 0xE0, 0x00, 0x1F, 0x80, 0x0B, 0xC0, 0x00, 0x24, 0x00, 0x05, 0x00, 0x00, 0x00, 0x00, 0x00,
    0x00, 0x00, 0x05, 0xA4, 0x00, 0x00, 0x07, 0xFF, 0xFF, 0x80, 0x00, 0xBF, 0xFF, 0xFF, 0xC0, 0x0F,
    0xFF, 0x5B, 0xFF, 0xC0, 0xBF, 0xF0, 0x07, 0xFF, 0x83, 0xFF, 0x40, 0x0B, 0xFF, 0x1F, 0xFC, 0x00,
    0x1F, 0xFD, 0xBF, 0xF0, 0x00, 0x3F, 0xF6, 0xFF, 0xC0, 0x00, 0xFF, 0xEF, 0xFF, 0x00, 0x03, 0xFF,
    0xAF, 0xFC, 0x00, 0x0F, 0xFE, 0xBF, 0xF0, 0x00, 0x3F, 0xF5, 0xFF, 0xD0, 0x01, 0xFF, 0xC3, 0xFF,
    0x80, 0x0B, 0xFF, 0x0B, 0xFF, 0x40, 0x3F, 0xF4, 0x0F, 0xFF, 0x9B, 0xFF, 0x80, 0x0F, 0xFF, 0xFF,
    0xF8, 0x00, 0x0B, 0xFF, 0xFE, 0x00, 0x00, 0x00, 0x55, 0x40, 0x00, 0x00, 0x00, 0x00, 0x00, 0x00,
    0x00, 0x00, 0x00, 0x00, 0x07, 0xFF, 0x40, 0x00, 0x00, 0x00, 0x3F, 0xFF, 0xE0, 0x00, 0x00, 0x00,
    0xBE, 0x0F, 0xF0, 0x00, 0x00, 0x00, 0xBF, 0x0B, 0xF0, 0x00, 0x00, 0x00, 0x3D, 0x1F, 0xF0, 0x00,
    0x00, 0x00, 0x00, 0x7F, 0xD0, 0x00, 0x00, 0x03, 0xD0, 0xFF, 0x00, 0x00, 0x00, 0x0F, 0xF4, 0xFE,
    0x00, 0x00, 0x00, 0x3F, 0xFC, 0x00, 0x00, 0x00, 0x00, 0xFF, 0xFF, 0x00, 0x00, 0x00, 0x02, 0xFE,
    0xBF, 0xC0, 0x00, 0x00, 0x0B, 0xF4, 0x1F, 0xE0, 0x00, 0x00, 0x0B, 0x80, 0x02, 0xE0, 0x00, 0x00,
    0x00, 0x00, 0x00, 0x00, 0x00, 0x00, 0x00, 0x6B, 0xF9, 0x00, 0x00, 0x00, 0x0B, 0xFF, 0xFF, 0xF4,
    0x00, 0x00, 0x7F, 0xFF, 0xFF, 0xFE, 0x00, 0x01, 0xFF, 0xF9, 0x6F, 0xFF, 0x80, 0x03, 0xFF, 0x80,
    0x03, 0xFF, 0xD0, 0x0F, 0xFE, 0x00, 0x00, 0xFF, 0xF0, 0x1F, 0xFC, 0x00, 0x00, 0x7F, 0xF8, 0x3F,
    0xFC, 0x00, 0x00, 0x3F, 0xFC, 0x3F, 0xF8, 0x00, 0x00, 0x3F, 0xFC, 0x7F, 0xF4, 0x00, 0x00, 0x2F,
    0xFD, 0x7F, 0xF4, 0x00, 0x00, 0x2F, 0xFD, 0xBF, 0xF4, 0x00, 0x00, 0x1F, 0xFD, 0xBF, 0xF4, 0x00,
    0x00, 0x1F, 0xFD, 0xBF, 0xF4, 0x00, 0x00, 0x1F, 0xFD, 0x7F, 0xF4, 0x00, 0x00, 0x2F, 0xFC, 0x7F,
    0xF8, 0x00, 0x00, 0x2F, 0xFC, 0x3F, 0xFC, 0x00, 0x00, 0x3F, 0xFC, 0x3F, 0xFC, 0x00, 0x00, 0x3F,
    0xF4, 0x1F, 0xFE, 0x00, 0x00, 0x7F, 0xF0, 0x0F, 0xFF, 0x40, 0x00, 0xFF, 0xD0, 0x07, 0xFF, 0xD0,
    0x07, 0xFF, 0x80, 0x01, 0xFF, 0xFF, 0xFF, 0xFE, 0x00, 0x00, 0x7F, 0xFF, 0xFF, 0xF8, 0x00, 0x00,
    0x07, 0xFF, 0xFF, 0x80, 0x00, 0x00, 0x00, 0x15, 0x50, 0x00, 0x00, 0x00, 0x00, 0x00, 0xBF, 0x90,
    0x00, 0x00, 0x0B, 0xFF, 0xFC, 0x00, 0x00, 0x0F, 0xC2, 0xFD, 0x00, 0x00, 0x1F, 0xC1, 0xFE, 0x00,
    0x00, 0x0F, 0xC3, 0xFD, 0x00, 0x00, 0x00, 0x0F, 0xF8, 0x00, 0x00, 0xB8, 0x2F, 0xE0, 0x00, 0x03,
    0xFE, 0x2F, 0xC0, 0x00, 0x0B, 0xFF, 0x40, 0x00, 0x00, 0x1F, 0xFF, 0xC0, 0x00, 0x00, 0x3F, 0xEF,
    0xF0, 0x00, 0x00, 0xFF, 0x03, 0xF8, 0x00, 0x01, 0xF8, 0x00, 0xBC, 0x00, 0x00, 0x90, 0x00, 0x14,
    0x00, 0x00, 0x00, 0x00, 0x00, 0x00, 0x00, 0x01, 0x69, 0x00, 0x00, 0x00, 0x7F, 0xFF, 0xF8, 0x00,
    0x02, 0xFF, 0xFF, 0xFF, 0x00, 0x0F, 0xFF, 0x5B, 0xFF, 0xC0, 0x2F, 0xFC, 0x01, 0xFF, 0xE0, 0x3F,
    0xF4, 0x00, 0xBF, 0xF0, 0x7F, 0xF0, 0x00, 0x7F, 0xF4, 0xBF, 0xF0, 0x00, 0x3F, 0xF4, 0xBF, 0xF0,
    0x00, 0x3F, 0xF8, 0xFF, 0xF0, 0x00, 0x3F, 0xF8, 0xBF, 0xF0, 0x00, 0x3F, 0xF8, 0xBF, 0xF0, 0x00,
    0x3F, 0xF4, 0x7F, 0xF4, 0x00, 0x7F, 0xF0, 0x3F, 0xF8, 0x00, 0xBF, 0xF0, 0x2F, 0xFD, 0x00, 0xFF,
    0xD0, 0x0F, 0xFF, 0x9B, 0xFF, 0x80, 0x03, 0xFF, 0xFF, 0xFE, 0x00, 0x00, 0xBF, 0xFF, 0xE0, 0x00,
    0x00, 0x01, 0x55, 0x00, 0x00, 0x00, 0x00, 0xBE, 0x00, 0x00, 0x00, 0x00, 0x02, 0xFF, 0xE5, 0xF4,
    0x00, 0x00, 0x07, 0xFF, 0xFF, 0xF0, 0x00, 0x00, 0x0F, 0xFF, 0xFF, 0xE0, 0x00, 0x00, 0x07, 0x02,
    0xFF, 0xC0, 0x00, 0x00, 0x00, 0x00, 0x05, 0x00, 0x00, 0x00, 0x00, 0x03, 0xD0, 0x00, 0x00, 0x00,
    0x00, 0x0F, 0xF4, 0x00, 0x00, 0x00, 0x00, 0x3F, 0xFC, 0x00, 0x00, 0x00, 0x00, 0xFF, 0xFF, 0x00,
    0x00, 0x00, 0x02, 0xFE, 0xBF, 0xC0, 0x00, 0x00, 0x0B, 0xF4, 0x1F, 0xE0, 0x00, 0x00, 0x0B, 0x80,
    0x02, 0xE0, 0x00, 0x00, 0x00, 0x00, 0x00, 0x00, 0x00, 0x00, 0x00, 0x6B, 0xF9, 0x00, 0x00, 0x00,
    0x0B, 0xFF, 0xFF, 0xF4, 0x00, 0x00, 0x7F, 0xFF, 0xFF, 0xFE, 0x00, 0x01, 0xFF, 0xF9, 0x6F, 0xFF,
    0x80, 0x03, 0xFF, 0x80, 0x03, 0xFF, 0xD0, 0x0F, 0xFE, 0x00, 0x00, 0xFF, 0xF0, 0x1F, 0xFC, 0x00,
    0x00, 0x7F, 0xF8, 0x3F, 0xFC, 0x00, 0x00, 0x3F, 0xFC, 0x3F, 0xF8, 0x00, 0x00, 0x3F, 0xFC, 0x7F,
    0xF4, 0x00, 0x00, 0x2F, 0xFD, 0x7F, 0xF4, 0x00, 0x00, 0x2F, 0xFD, 0xBF, 0xF4, 0x00, 0x00, 0x1F,
    0xFD, 0xBF, 0xF4, 0x00, 0x00, 0x1F, 0xFD, 0xBF, 0xF4, 0x00, 0x00, 0x1F, 0xFD, 0x7F, 0xF4, 0x00,
    0x00, 0x2F, 0xFC, 0x7F, 0xF8, 0x00, 0x00, 0x2F, 0xFC, 0x3F, 0xFC, 0x00, 0x00, 0x3F, 0xFC, 0x3F,
    0xFC, 0x00, 0x00, 0x3F, 0xF4, 0x1F, 0xFE, 0x00, 0x00, 0x7F, 0xF0, 0x0F, 0xFF, 0x40, 0x00, 0xFF,
    0xD0, 0x07, 0xFF, 0xD0, 0x07, 0xFF, 0x80, 0x01, 0xFF, 0xFF, 0xFF, 0xFE, 0x00, 0x00, 0x7F, 0xFF,
    0xFF, 0xF8, 0x00, 0x00, 0x07, 0xFF, 0xFF, 0x80, 0x00, 0x00, 0x00, 0x15, 0x50, 0x00, 0x00, 0x00,
    0x1F, 0x90, 0x04, 0x00, 0x01, 0xFF, 0xF5, 0xB8, 0x00, 0x0F, 0xFF, 0xFF, 0xD0, 0x00, 0x7F, 0xFF,
    0xFF, 0x00, 0x00, 0xD0, 0x7F, 0xF0, 0x00, 0x00, 0x00, 0x05, 0x00, 0x00, 0x00, 0x0B, 0x80, 0x00,
    0x00, 0x00, 0xFF, 0x80, 0x00, 0x00, 0x0B, 0xFF, 0x40, 0x00, 0x00, 0x7F, 0xFF, 0x00, 0x00, 0x03,
    0xFE, 0xFF, 0x00, 0x00, 0x3F, 0xC0, 0xFE, 0x00, 0x01, 0xF8, 0x00, 0xBC, 0x00, 0x02, 0x40, 0x00,
    0x50, 0x00, 0x00, 0x00, 0x00, 0x00, 0x00, 0x00, 0x5A, 0x40, 0x00, 0x00, 0x7F, 0xFF, 0xF8, 0x00,
    0x0B, 0xFF, 0xFF, 0xFC, 0x00, 0xFF, 0xF5, 0xBF, 0xFC, 0x0B, 0xFF, 0x00, 0x7F, 0xF8, 0x3F, 0xF4,
    0x00, 0xBF, 0xF1, 0xFF, 0xC0, 0x01, 0xFF, 0xDB, 0xFF, 0x00, 0x03, 0xFF, 0x6F, 0xFC, 0x00, 0x0F,
    0xFE, 0xFF, 0xF0, 0x00, 0x3F, 0xFA, 0xFF, 0xC0, 0x00, 0xFF, 0xEB, 0xFF, 0x00, 0x03, 0xFF, 0x5F,
    0xFD, 0x00, 0x1F, 0xFC, 0x3F, 0xF8, 0x00, 0xBF, 0xF0, 0xBF, 0xF4, 0x03, 0xFF, 0x40, 0xFF, 0xF9,
    0xBF, 0xF8, 0x00, 0xFF, 0xFF, 0xFF, 0x80, 0x00, 0xBF, 0xFF, 0xE0, 0x00, 0x00, 0x05, 0x54, 0x00,
    0x00, 0x00, 0x00, 0x03, 0xD0, 0x00, 0x00, 0x00, 0x00, 0x0F, 0xF4, 0x00, 0x00, 0x00, 0x00, 0x3F,
    0xFC, 0x00, 0x00, 0x00, 0x00, 0xFF, 0xFF, 0x00, 0x00, 0x00, 0x02, 0xFE, 0xBF, 0xC0, 0x00, 0x00,
    0x0B, 0xF4, 0x1F, 0xE0, 0x00, 0x00, 0x0B, 0x80, 0x02, 0xE0, 0x00, 0x00, 0x00, 0x00, 0x00, 0x00,
    0x00, 0x00, 0x00, 0x6B, 0xF9, 0x00, 0x00, 0x00, 0x0B, 0xFF, 0xFF, 0xF4, 0x00, 0x00, 0x7F, 0xFF,
    0xFF, 0xFE, 0x00, 0x01, 0xFF, 0xF9, 0x6F, 0xFF, 0x80, 0x03, 0xFF, 0x80, 0x03, 0xFF, 0xD0, 0x0F,
    0xFE, 0x00, 0x00, 0xFF, 0xF0, 0x1F, 0xFC, 0x00, 0x00, 0x7F, 0xF8, 0x3F, 0xFC, 0x00, 0x00, 0x3F,
    0xFC, 0x3F, 0xF8, 0x00, 0x00, 0x3F, 0xFC, 0x7F, 0xF4, 0x00, 0x00, 0x2F, 0xFD, 0x7F, 0xF4, 0x00,
    0x00, 0x2F, 0xFD, 0xBF, 0xF4, 0x00, 0x00, 0x1F, 0xFD, 0xBF, 0xF4, 0x00, 0x00, 0x1F, 0xFD, 0xBF,
    0xF4, 0x00, 0x00, 0x1F, 0xFD, 0x7F, 0xF4, 0x00, 0x00, 0x2F, 0xFC, 0x7F, 0xF8, 0x00, 0x00, 0x2F,
    0xFC, 0x3F, 0xFC, 0x00, 0x00, 0x3F, 0xFC, 0x3F, 0xFC, 0x00, 0x00, 0x3F, 0xF4, 0x1F, 0xFE, 0x00,
    0x00, 0x7F, 0xF0, 0x0F, 0xFF, 0x40, 0x00, 0xFF, 0xD0, 0x07, 0xFF, 0xD0, 0x07, 0xFF, 0x80, 0x01,
    0xFF, 0xFF, 0xFF, 0xFE, 0x00, 0x00, 0x7F, 0xFF, 0xFF, 0xF8, 0x00, 0x00, 0x07, 0xFF, 0xFF, 0x80,
    0x00, 0x00, 0x00, 0x15, 0x50, 0x00, 0x00, 0x00, 0x00, 0x00, 0x00, 0x00, 0x00, 0x00, 0x00, 0x0B,
    0xE0, 0x00, 0x00, 0x00, 0x00, 0x3F, 0xFC, 0x00, 0x00, 0x00, 0x00, 0x7F, 0xFC, 0x00, 0x00, 0x00,
    0x00, 0x7F, 0xFC, 0x00, 0x00, 0x00, 0x00, 0x3F, 0xF8, 0x00, 0x00, 0x00, 0x00, 0x06, 0x90, 0x00,
    0x00, 0x00, 0x00, 0xB8, 0x00, 0x00, 0x00, 0x0F, 0xF8, 0x00, 0x00, 0x00, 0xBF, 0xF4, 0x00, 0x00,
    0x07, 0xFF, 0xF0, 0x00, 0x00, 0x3F, 0xEF, 0xF0, 0x00, 0x03, 0xFC, 0x0F, 0xE0, 0x00, 0x1F, 0x80,
    0x0B, 0xC0, 0x00, 0x24, 0x00, 0x05, 0x00, 0x00, 0x00, 0x00, 0x00, 0x00, 0x00, 0x05, 0xA4, 0x00,
    0x00, 0x07, 0xFF, 0xFF, 0x80, 0x00, 0xBF, 0xFF, 0xFF, 0xC0, 0x0F, 0xFF, 0x5B, 0xFF, 0xC0, 0xBF,
    0xF0, 0x07, 0xFF, 0x83, 0xFF, 0x40, 0x0B, 0xFF, 0x1F, 0xFC, 0x00, 0x1F, 0xFD, 0xBF, 0xF0, 0x00,
    0x3F, 0xF6, 0xFF, 0xC0, 0x00, 0xFF, 0xEF, 0xFF, 0x00, 0x03, 0xFF, 0xAF, 0xFC, 0x00, 0x0F, 0xFE,
    0xBF, 0xF0, 0x00, 0x3F, 0xF5, 0xFF, 0xD0, 0x01, 0xFF, 0xC3, 0xFF, 0x80, 0x0B, 0xFF, 0x0B, 0xFF,
    0x40, 0x3F, 0xF4, 0x0F, 0xFF, 0x9B, 0xFF, 0x80, 0x0F, 0xFF, 0xFF, 0xF8, 0x00, 0x0B, 0xFF, 0xFE,
    0x00, 0x00, 0x00, 0x55, 0x40, 0x00, 0x00, 0x00, 0x00, 0x00, 0x00, 0x00, 0x07, 0xF4, 0x00, 0x00,
    0x00, 0x7F, 0xF4, 0x00, 0x00, 0x03, 0xFF, 0xE0, 0x00, 0x00, 0x0F, 0xFF, 0x80, 0x00, 0x00, 0x1F,
    0xFC, 0x00, 0x00, 0x00, 0x1A, 0x80, 0x00, 0x00, 0x00, 0x00, 0x00, 0x05, 0x00, 0x00, 0x00, 0x00,
    0x00, 0x00, 0x0F, 0xD0, 0x00, 0x00, 0x00, 0x00, 0x00, 0x0F, 0xF8, 0x00, 0x00, 0x00, 0x00, 0x00,
    0x1F, 0xFD, 0x00, 0x00, 0x00, 0x00, 0x00, 0x1F, 0xFE, 0x00, 0x00, 0x00, 0x00, 0x00, 0x1F, 0xF4,
    0x00, 0x00, 0x00, 0x00, 0x00, 0x03, 0x90, 0x00, 0x00, 0x0A, 0x40, 0x00, 0x00, 0x00, 0x00, 0x00,
    0x0F, 0xF8, 0x00, 0x00, 0x5A, 0xE9, 0x00, 0x0B, 0xFF, 0x00, 0x02, 0xFF, 0xFF, 0xF8, 0x01, 0xFF,
    0xC0, 0x07, 0xFF, 0xFF, 0xFF, 0xE0, 0x2F, 0xF0, 0x07, 0xFF, 0xE5, 0xBF, 0xFE, 0x00, 0xFC, 0x03,
    0xFF, 0x80, 0x03, 0xFF, 0xD0, 0x7D, 0x03, 0xFF, 0x80, 0x00, 0x3F, 0xFC, 0x7F, 0x01, 0xFF, 0xC0,
    0x00, 0x07, 0xFF, 0xFF, 0x00, 0xFF, 0xF0, 0x00, 0x00, 0xFF, 0xFF, 0x00, 0x3F, 0xF8, 0x00, 0x00,
    0x3F, 0xFD, 0x00, 0x1F, 0xFD, 0x00, 0x00, 0x0B, 0xFF, 0x40, 0x07, 0xFF, 0x40, 0x00, 0x02, 0xFF,
    0xD0, 0x02, 0xFF, 0xD0, 0x00, 0x00, 0x7F, 0xF4, 0x00, 0xBF, 0xF4, 0x00, 0x00, 0x1F, 0xFD, 0x00,
    0x2F, 0xFD, 0x00, 0x00, 0x07, 0xFF, 0x40, 0x07, 0xFF, 0x40, 0x00, 0x02, 0xFF, 0xD0, 0x01, 0xFF,
    0xE0, 0x00, 0x00, 0xBF, 0xF0, 0x00, 0x3F, 0xFC, 0x00, 0x00, 0x3F, 0xFC, 0x00, 0x0F, 0xFF, 0x00,
    0x00, 0x0F, 0xFD, 0x00, 0x01, 0xFF, 0xE0, 0x00, 0x07, 0xFF, 0x00, 0x00, 0x3F, 0xFD, 0x00, 0x03,
    0xFF, 0x40, 0x00, 0x07, 0xFF, 0xD0, 0x07, 0xFF, 0x80, 0x00, 0x00, 0x7F, 0xFF, 0xFF, 0xFF, 0xC0,
    0x00, 0x00, 0x07, 0xFF, 0xFF, 0xFF, 0x80, 0x00, 0x00, 0x00, 0x1F, 0xFF, 0xFE, 0x00, 0x00, 0x00,
    0x00, 0x00, 0x15, 0x50, 0x00, 0x00, 0x00, 0x00, 0x00, 0x00, 0x02, 0x80, 0x00, 0x00, 0x00, 0x00,
    0x3F, 0x80, 0x00, 0x00, 0x00, 0x01, 0xFF, 0x00, 0x00, 0x00, 0x00, 0x0F, 0xF8, 0x00, 0x00, 0x00,
    0x00, 0xFF, 0x80, 0x05, 0x00, 0x00, 0x0B, 0xF4, 0x00, 0xFF, 0x40, 0x00, 0x3E, 0x00, 0x07, 0xFF,
    0x00, 0x00, 0x90, 0x00, 0x2F, 0xFC, 0x00, 0x00, 0x00, 0x00, 0x3F, 0xF0, 0x00, 0x05, 0xA4, 0x00,
    0x0F, 0xC0, 0x07, 0xFF, 0xFF, 0x80, 0x3E, 0x00, 0xFF, 0xFF, 0xFF, 0xC3, 0xF0, 0x0F, 0xFF, 0x5B,
    0xFF, 0xFF, 0x40, 0xBF, 0xF0, 0x07, 0xFF, 0xF4, 0x03, 0xFF, 0x40, 0x0B, 0xFF, 0x00, 0x1F, 0xFC,
    0x00, 0x1F, 0xFD, 0x00, 0xBF, 0xF0, 0x00, 0x3F, 0xF4, 0x02, 0xFF, 0xC0, 0x00, 0xFF, 0xE0, 0x0F,
    0xFF, 0x00, 0x03, 0xFF, 0x80, 0x2F, 0xFC, 0x00, 0x0F, 0xFE, 0x00, 0xBF, 0xF0, 0x00, 0x3F, 0xF4,
    0x01, 0xFF, 0xC0, 0x01, 0xFF, 0xC0, 0x03, 0xFF, 0x80, 0x0B, 0xFF, 0x00, 0x0B, 0xFF, 0x00, 0x3F,
    0xF4, 0x00, 0x0F, 0xFF, 0x9B, 0xFF, 0x80, 0x00, 0x0F, 0xFF, 0xFF, 0xF8, 0x00, 0x00, 0x0B, 0xFF,
    0xFE, 0x00, 0x00, 0x00, 0x00, 0x55, 0x40, 0x00, 0x00, 0x00, 0x00, 0x50, 0x00, 0x00, 0x00, 0x00,
    0x00, 0x00, 0xBE, 0x00, 0x00, 0x00, 0x00, 0x00, 0x00, 0x3F, 0xE0, 0x00, 0x00, 0x00, 0x00, 0x00,
    0x0F, 0xFF, 0x00, 0x00, 0x00, 0x00, 0x00, 0x00, 0xFF, 0xF0, 0x00, 0x00, 0x00, 0x00, 0x00, 0x06,
    0xFF, 0x00, 0x00, 0x00, 0x00, 0x00, 0x00, 0x07, 0xC0, 0x00, 0x0A, 0x40, 0x00, 0x00, 0x00, 0x00,
    0x00, 0x0F, 0xF8, 0x00, 0x00, 0x5A, 0xE9, 0x00, 0x0B, 0xFF, 0x00, 0x02, 0xFF, 0xFF, 0xF8, 0x01,
    0xFF, 0xC0, 0x07, 0xFF, 0xFF, 0xFF, 0xE0, 0x2F, 0xF0, 0x07, 0xFF, 0xE5, 0xBF, 0xFE, 0x00, 0xFC,
    0x03, 0xFF, 0x80, 0x03, 0xFF, 0xD0, 0x7D, 0x03, 0xFF, 0x80, 0x00, 0x3F, 0xFC, 0x7F, 0x01, 0xFF,
    0xC0, 0x00, 0x07, 0xFF, 0xFF, 0x00, 0xFF, 0xF0, 0x00, 0x00, 0xFF, 0xFF, 0x00, 0x3F, 0xF8, 0x00,
    0x00, 0x3F, 0xFD, 0x00, 0x1F, 0xFD, 0x00, 0x00, 0x0B, 0xFF, 0x40, 0x07, 0xFF, 0x40, 0x00, 0x02,
    0xFF, 0xD0, 0x02, 0xFF, 0xD0, 0x00, 0x00, 0x7F, 0xF4, 0x00, 0xBF, 0xF4, 0x00, 0x00, 0x1F, 0xFD,
    0x00, 0x2F, 0xFD, 0x00, 0x00, 0x07, 0xFF, 0x40, 0x07, 0xFF, 0x40, 0x00, 0x02, 0xFF, 0xD0, 0x01,
    0xFF, 0xE0, 0x00, 0x00, 0xBF, 0xF0, 0x00, 0x3F, 0xFC, 0x00, 0x00, 0x3F, 0xFC, 0x00, 0x0F, 0xFF,
    0x00, 0x00, 0x0F, 0xFD, 0x00, 0x01, 0xFF, 0xE0, 0x00, 0x07, 0xFF, 0x00, 0x00, 0x3F, 0xFD, 0x00,
    0x03, 0xFF, 0x40, 0x00, 0x07, 0xFF, 0xD0, 0x07, 0xFF, 0x80, 0x00, 0x00, 0x7F, 0xFF, 0xFF, 0xFF,
    0xC0, 0x00, 0x00, 0x07, 0xFF, 0xFF, 0xFF, 0x80, 0x00, 0x00, 0x00, 0x1F, 0xFF, 0xFE, 0x00, 0x00,
    0x00, 0x00, 0x00, 0x15, 0x50, 0x00, 0x00, 0x00, 0x00, 0x00, 0x0A, 0x00, 0x00, 0x00, 0x00, 0x00,
    0xFE, 0x00, 0x00, 0x00, 0x00, 0x03, 0xFD, 0x00, 0x00, 0x00, 0x00, 0x0F, 0xFC, 0x00, 0x00, 0x00,
    0x00, 0x0F, 0xF8, 0x00, 0x05, 0x00, 0x00, 0x07, 0xF4, 0x00, 0xFF, 0x40, 0x00, 0x03, 0xF0, 0x07,
    0xFF, 0x00, 0x00, 0x01, 0x40, 0x2F, 0xFC, 0x00, 0x00, 0x00, 0x00, 0x3F, 0xF0, 0x00, 0x05, 0xA4,
    0x00, 0x0F, 0xC0, 0x07, 0xFF, 0xFF, 0x80, 0x3E, 0x00, 0xFF, 0xFF, 0xFF, 0xC3, 0xF0, 0x0F, 0xFF,
    0x5B, 0xFF, 0xFF, 0x40, 0xBF, 0xF0, 0x07, 0xFF, 0xF4, 0x03, 0xFF, 0x40, 0x0B, 0xFF, 0x00, 0x1F,
    0xFC, 0x00, 0x1F, 0xFD, 0x00, 0xBF, 0xF0, 0x00, 0x3F, 0xF4, 0x02, 0xFF, 0xC0, 0x00, 0xFF, 0xE0,
    0x0F, 0xFF, 0x00, 0x03, 0xFF, 0x80, 0x2F, 0xFC, 0x00, 0x0F, 0xFE, 0x00, 0xBF, 0xF0, 0x00, 0x3F,
    0xF4, 0x01, 0xFF, 0xC0, 0x01, 0xFF, 0xC0, 0x03, 0xFF, 0x80, 0x0B, 0xFF, 0x00, 0x0B, 0xFF, 0x00,
    0x3F, 0xF4, 0x00, 0x0F, 0xFF, 0x9B, 0xFF, 0x80, 0x00, 0x0F, 0xFF, 0xFF, 0xF8, 0x00, 0x00, 0x0B,
    0xFF, 0xFE, 0x00, 0x00, 0x00, 0x00, 0x55, 0x40, 0x00, 0x00, 0x00, 0x00, 0x6F, 0xE4, 0x00, 0x00,
    0x00, 0x00, 0x00, 0xBF, 0xFF, 0x80, 0x00, 0x00, 0x00, 0x00, 0xBE, 0x0F, 0xF0, 0x00, 0x00, 0x00,
    0x00, 0x2F, 0xC2, 0xFC, 0x00, 0x00, 0x00, 0x00, 0x07, 0xE1, 0xFF, 0x00, 0x00, 0x00, 0x00, 0x00,
    0x01, 0xFF, 0x40, 0x00, 0x00, 0x00, 0x00, 0x00, 0xFF, 0x40, 0x00, 0x00, 0x00, 0x00, 0x00, 0x3F,
    0x80, 0x00, 0x02, 0x90, 0x00, 0x00, 0x00, 0x00, 0x00, 0x03, 0xFE, 0x00, 0x00, 0x16, 0xBA, 0x40,
    0x02, 0xFF, 0xC0, 0x00, 0xBF, 0xFF, 0xFE, 0x00, 0x7F, 0xF0, 0x01, 0xFF, 0xFF, 0xFF, 0xF8, 0x0B,
    0xFC, 0x01, 0xFF, 0xF9, 0x6F, 0xFF, 0x80, 0x3F, 0x00, 0xFF, 0xE0, 0x00, 0xFF, 0xF4, 0x1F, 0x40,
    0xFF, 0xE0, 0x00, 0x0F, 0xFF, 0x1F, 0xC0, 0x7F, 0xF0, 0x00, 0x01, 0xFF, 0xFF, 0xC0, 0x3F, 0xFC,
    0x00, 0x00, 0x3F, 0xFF, 0xC0, 0x0F, 0xFE, 0x00, 0x00, 0x0F, 0xFF, 0x40, 0x07, 0xFF, 0x40, 0x00,
    0x02, 0xFF, 0xD0, 0x01, 0xFF, 0xD0, 0x00, 0x00, 0xBF, 0xF4, 0x00, 0xBF, 0xF4, 0x00, 0x00, 0x1F,
    0xFD, 0x00, 0x2F, 0xFD, 0x00, 0x00, 0x07, 0xFF, 0x40, 0x0B, 0xFF, 0x40, 0x00, 0x01, 0xFF, 0xD0,
    0x01, 0xFF, 0xD0, 0x00, 0x00, 0xBF, 0xF4, 0x00, 0x7F, 0xF8, 0x00, 0x00, 0x2F, 0xFC, 0x00, 0x0F,
    0xFF, 0x00, 0x00, 0x0F, 0xFF, 0x00, 0x03, 0xFF, 0xC0, 0x00, 0x03, 0xFF, 0x40, 0x00, 0x7F, 0xF8,
    0x00, 0x01, 0xFF, 0xC0, 0x00, 0x0F, 0xFF, 0x40, 0x00, 0xFF, 0xD0, 0x00, 0x01, 0xFF, 0xF4, 0x01,
    0xFF, 0xE0, 0x00, 0x00, 0x1F, 0xFF, 0xFF, 0xFF, 0xF0, 0x00, 0x00, 0x01, 0xFF, 0xFF, 0xFF, 0xE0,
    0x00, 0x00, 0x00, 0x07, 0xFF, 0xFF, 0x80, 0x00, 0x00, 0x00, 0x00, 0x05, 0x54, 0x00, 0x00, 0x00,
    0x00, 0x00, 0x02, 0xA9, 0x00, 0x00, 0x00, 0x00, 0xBF, 0xFF, 0x40, 0x00, 0x00, 0x0B, 0xE5, 0xFF,
    0x00, 0x00, 0x00, 0x3F, 0x83, 0xFC, 0x00, 0x00, 0x00, 0xBD, 0x1F, 0xF0, 0x00, 0x00, 0x00, 0x01,
    0xFF, 0x40, 0x14, 0x00, 0x00, 0x0F, 0xF4, 0x03, 0xFD, 0x00, 0x00, 0x3F, 0x40, 0x1F, 0xFC, 0x00,
    0x00, 0xFC, 0x00, 0xBF, 0xF0, 0x00, 0x00, 0x00, 0x00, 0xFF, 0xC0, 0x00, 0x16, 0x90, 0x00, 0x3F,
    0x00, 0x1F, 0xFF, 0xFE, 0x00, 0xF8, 0x03, 0xFF, 0xFF, 0xFF, 0x0F, 0xC0, 0x3F, 0xFD, 0x6F, 0xFF,
    0xFD, 0x02, 0xFF, 0xC0, 0x1F, 0xFF, 0xD0, 0x0F, 0xFD, 0x00, 0x2F, 0xFC, 0x00, 0x7F, 0xF0, 0x00,
    0x7F, 0xF4, 0x02, 0xFF, 0xC0, 0x00, 0xFF, 0xD0, 0x0B, 0xFF, 0x00, 0x03, 0xFF, 0x80, 0x3F, 0xFC,
    0x00, 0x0F, 0xFE, 0x00, 0xBF, 0xF0, 0x00, 0x3F, 0xF8, 0x02, 0xFF, 0xC0, 0x00, 0xFF, 0xD0, 0x07,
    0xFF, 0x00, 0x07, 0xFF, 0x00, 0x0F, 0xFE, 0x00, 0x2F, 0xFC, 0x00, 0x2F, 0xFC, 0x00, 0xFF, 0xD0,
    0x00, 0x3F, 0xFE, 0x6F, 0xFE, 0x00, 0x00, 0x3F, 0xFF, 0xFF, 0xE0, 0x00, 0x00, 0x2F, 0xFF, 0xF8,
    0x00, 0x00, 0x00, 0x01, 0x55, 0x00, 0x00, 0x00, 0x00, 0x00, 0xB9, 0x00, 0x40, 0x00, 0x00, 0x00,
    0x00, 0xFF, 0xF9, 0x7C, 0x00, 0x00, 0x00, 0x00, 0xBF, 0xFF, 0xFE, 0x00, 0x00, 0x00, 0x00, 0x3F,
    0xFF, 0xFF, 0x00, 0x00, 0x00, 0x00, 0x0A, 0x06, 0xFF, 0x40, 0x00, 0x00, 0x00, 0x00, 0x00, 0x05,
    0x00, 0x00, 0x29, 0x00, 0x00, 0x00, 0x00, 0x00, 0x00, 0x3F, 0xE0, 0x00, 0x01, 0x6B, 0xA4, 0x00,
    0x2F, 0xFC, 0x00, 0x0B, 0xFF, 0xFF, 0xE0, 0x07, 0xFF, 0x00, 0x1F, 0xFF, 0xFF, 0xFF, 0x80, 0xBF,
    0xC0, 0x1F, 0xFF, 0x96, 0xFF, 0xF8, 0x03, 0xF0, 0x0F, 0xFE, 0x00, 0x0F, 0xFF, 0x41, 0xF4, 0x0F,
    0xFE, 0x00, 0x00, 0xFF, 0xF1, 0xFC, 0x07, 0xFF, 0x00, 0x00, 0x1F, 0xFF, 0xFC, 0x03, 0xFF, 0xC0,
    0x00, 0x03, 0xFF, 0xFC, 0x00, 0xFF, 0xE0, 0x00, 0x00, 0xFF, 0xF4, 0x00, 0x7F, 0xF4, 0x00, 0x00,
    0x2F, 0xFD, 0x00, 0x1F, 0xFD, 0x00, 0x00, 0x0B, 0xFF, 0x40, 0x0B, 0xFF, 0x40, 0x00, 0x01, 0xFF,
    0xD0, 0x02, 0xFF, 0xD0, 0x00, 0x00, 0x7F, 0xF4, 0x00, 0xBF, 0xF4, 0x00, 0x00, 0x1F, 0xFD, 0x00,
    0x1F, 0xFD, 0x00, 0x00, 0x0B, 0xFF, 0x40, 0x07, 0xFF, 0x80, 0x00, 0x02, 0xFF, 0xC0, 0x00, 0xFF,
    0xF0, 0x00, 0x00, 0xFF, 0xF0, 0x00, 0x3F, 0xFC, 0x00, 0x00, 0x3F, 0xF4, 0x00, 0x07, 0xFF, 0x80,
    0x00, 0x1F, 0xFC, 0x00, 0x00, 0xFF, 0xF4, 0x00, 0x0F, 0xFD, 0x00, 0x00, 0x1F, 0xFF, 0x40, 0x1F,
    0xFE, 0x00, 0x00, 0x01, 0xFF, 0xFF, 0xFF, 0xFF, 0x00, 0x00, 0x00, 0x1F, 0xFF, 0xFF, 0xFE, 0x00,
    0x00, 0x00, 0x00, 0x7F, 0xFF, 0xF8, 0x00, 0x00, 0x00, 0x00, 0x00, 0x55, 0x40, 0x00, 0x00, 0x00,
    0x00, 0x05, 0x00, 0x00, 0x00, 0x00, 0x00, 0xFF, 0xD0, 0x70, 0x00, 0x00, 0x0F, 0xFF, 0xFF, 0xD0,
    0x00, 0x00, 0x7F, 0xFF, 0xFF, 0x01, 0x40, 0x02, 0xE1, 0xFF, 0xF4, 0x3F, 0xD0, 0x00, 0x00, 0x6A,
    0x41, 0xFF, 0xC0, 0x00, 0x00, 0x00, 0x0B, 0xFF, 0x00, 0x00, 0x00, 0x00, 0x0F, 0xFC, 0x00, 0x01,
    0x69, 0x00, 0x03, 0xF0, 0x01, 0xFF, 0xFF, 0xE0, 0x0F, 0x80, 0x3F, 0xFF, 0xFF, 0xF0, 0xFC, 0x03,
    0xFF, 0xD6, 0xFF, 0xFF, 0xD0, 0x2F, 0xFC, 0x01, 0xFF, 0xFD, 0x00, 0xFF, 0xD0, 0x02, 0xFF, 0xC0,
    0x07, 0xFF, 0x00, 0x07, 0xFF, 0x40, 0x2F, 0xFC, 0x00, 0x0F, 0xFD, 0x00, 0xBF, 0xF0, 0x00, 0x3F,
    0xF8, 0x03, 0xFF, 0xC0, 0x00, 0xFF, 0xE0, 0x0B, 0xFF, 0x00, 0x03, 0xFF, 0x80, 0x2F, 0xFC, 0x00,
    0x0F, 0xFD, 0x00, 0x7F, 0xF0, 0x00, 0x7F, 0xF0, 0x00, 0xFF, 0xE0, 0x02, 0xFF, 0xC0, 0x02, 0xFF,
    0xC0, 0x0F, 0xFD, 0x00, 0x03, 0xFF, 0xE6, 0xFF, 0xE0, 0x00, 0x03, 0xFF, 0xFF, 0xFE, 0x00, 0x00,
    0x02, 0xFF, 0xFF, 0x80, 0x00, 0x00, 0x00, 0x15, 0x50, 0x00, 0x00, 0x00, 0x00, 0x00, 0x00, 0x00,
    0x00, 0x00, 0xA4, 0x00, 0x00, 0x00, 0x00, 0x00, 0x00, 0xFF, 0x80, 0x00, 0x05, 0xAE, 0x90, 0x00,
    0xBF, 0xF0, 0x00, 0x2F, 0xFF, 0xFF, 0x80, 0x1F, 0xFC, 0x00, 0x7F, 0xFF, 0xFF, 0xFE, 0x02, 0xFF,
    0x00, 0x7F, 0xFE, 0x5B, 0xFF, 0xE0, 0x0F, 0xC0, 0x3F, 0xF8, 0x00, 0x3F, 0xFD, 0x07, 0xD0, 0x3F,
    0xF8, 0x00, 0x03, 0xFF, 0xC7, 0xF0, 0x1F, 0xFC, 0x00, 0x00, 0x7F, 0xFF, 0xF0, 0x0F, 0xFF, 0x00,
    0x00, 0x0F, 0xFF, 0xF0, 0x03, 0xFF, 0x80, 0x00, 0x03, 0xFF, 0xD0, 0x01, 0xFF, 0xD0, 0x00, 0x00,
    0xBF, 0xF4, 0x00, 0x7F, 0xF4, 0x00, 0x00, 0x2F, 0xFD, 0x00, 0x2F, 0xFD, 0x00, 0x00, 0x07, 0xFF,
    0x40, 0x0B, 0xFF, 0x40, 0x00, 0x01, 0xFF, 0xD0, 0x02, 0xFF, 0xD0, 0x00, 0x00, 0x7F, 0xF4, 0x00,
    0x7F, 0xF4, 0x00, 0x00, 0x2F, 0xFD, 0x00, 0x1F, 0xFE, 0x00, 0x00, 0x0B, 0xFF, 0x00, 0x03, 0xFF,
    0xC0, 0x00, 0x03, 0xFF, 0xC0, 0x00, 0xFF, 0xF0, 0x00, 0x00, 0xFF, 0xD0, 0x00, 0x1F, 0xFE, 0x00,
    0x00, 0x7F, 0xF0, 0x00, 0x03, 0xFF, 0xD0, 0x00, 0x3F, 0xF4, 0x00, 0x00, 0x7F, 0xFD, 0x00, 0x7F,
    0xF8, 0x00, 0x00, 0x07, 0xFF, 0xFF, 0xFF, 0xFC, 0x00, 0x00, 0x00, 0x7F, 0xFF, 0xFF, 0xF8, 0x00,
    0x00, 0x00, 0x01, 0xFF, 0xFF, 0xE0, 0x00, 0x00, 0x00, 0x00, 0x01, 0x55, 0x00, 0x00, 0x00, 0x00,
    0x00, 0x00, 0x00, 0x00, 0x00, 0x00, 0x00, 0x00, 0x00, 0x0B, 0xE0, 0x00, 0x00, 0x00, 0x00, 0x00,
    0x0F, 0xFF, 0x00, 0x00, 0x00, 0x00, 0x00, 0x07, 0xFF, 0xC0, 0x00, 0x00, 0x00, 0x00, 0x01, 0xFF,
    0xF0, 0x00, 0x00, 0x00, 0x00, 0x00, 0x3F, 0xF8, 0x00, 0x00, 0x00, 0x00, 0x00, 0x01, 0xA4, 0x00,
    0x00, 0x00, 0x00, 0x00, 0x00, 0x00, 0x00, 0x05, 0x00, 0x00, 0x00, 0x00, 0x00, 0xFF, 0x40, 0x00,
    0x00, 0x00, 0x07, 0xFF, 0x00, 0x00, 0x00, 0x00, 0x2F, 0xFC, 0x00, 0x00, 0x00, 0x00, 0x3F, 0xF0,
    0x00, 0x05, 0xA4, 0x00, 0x0F, 0xC0, 0x07, 0xFF, 0xFF, 0x80, 0x3E, 0x00, 0xFF, 0xFF, 0xFF, 0xC3,
    0xF0, 0x0F, 0xFF, 0x5B, 0xFF, 0xFF, 0x40, 0xBF, 0xF0, 0x07, 0xFF, 0xF4, 0x03, 0xFF, 0x40, 0x0B,
    0xFF, 0x00, 0x1F, 0xFC, 0x00, 0x1F, 0xFD, 0x00, 0xBF, 0xF0, 0x00, 0x3F, 0xF4, 0x02, 0xFF, 0xC0,
    0x00, 0xFF, 0xE0, 0x0F, 0xFF, 0x00, 0x03, 0xFF, 0x80, 0x2F, 0xFC, 0x00, 0x0F, 0xFE, 0x00, 0xBF,
    0xF0, 0x00, 0x3F, 0xF4, 0x01, 0xFF, 0xC0, 0x01, 0xFF, 0xC0, 0x03, 0xFF, 0x80, 0x0B, 0xFF, 0x00,
    0x0B, 0xFF, 0x00, 0x3F, 0xF4, 0x00, 0x0F, 0xFF, 0x9B, 0xFF, 0x80, 0x00, 0x0F, 0xFF, 0xFF, 0xF8,
    0x00, 0x00, 0x0B, 0xFF, 0xFE, 0x00, 0x00, 0x00, 0x00, 0x55, 0x40, 0x00, 0x00, 0x00, 0x00, 0x00,
    0x00, 0x00, 0x00, 0x00, 0x07, 0xF4, 0x00, 0x00, 0x00, 0x00, 0x7F, 0xF4, 0x00, 0x00, 0x00, 0x03,
    0xFF, 0xE0, 0x00, 0x00, 0x00, 0x0B, 0xFF, 0x80, 0x00, 0x00, 0x00, 0x1F, 0xFC, 0x00, 0x00, 0x00,
    0x00, 0x0A, 0x80, 0x00, 0x00, 0x00, 0x55, 0x55, 0x54, 0x00, 0x55, 0x55, 0xFF, 0xFF, 0xF8, 0x01,
    0xFF, 0xFF, 0xFF, 0xFF, 0xF8, 0x01, 0xFF, 0xFF, 0x0B, 0xFF, 0x80, 0x00, 0x1F, 0xF4, 0x07, 0xFF,
    0x40, 0x00, 0x0F, 0xE0, 0x07, 0xFF, 0x40, 0x00, 0x0F, 0xE0, 0x07, 0xFF, 0x40, 0x00, 0x0F, 0xE0,
    0x07, 0xFF, 0x40, 0x00, 0x0F, 0xE0, 0x07, 0xFF, 0x40, 0x00, 0x0F, 0xE0, 0x07, 0xFF, 0x40, 0x00,
    0x0F, 0xE0, 0x07, 0xFF, 0x40, 0x00, 0x0F, 0xE0, 0x07, 0xFF, 0x40, 0x00, 0x0F, 0xE0, 0x07, 0xFF,
    0x40, 0x00, 0x0F, 0xE0, 0x07, 0xFF, 0x40, 0x00, 0x0F, 0xE0, 0x07, 0xFF, 0x40, 0x00, 0x0F, 0xE0,
    0x07, 0xFF, 0x40, 0x00, 0x0F, 0xE0, 0x03, 0xFF, 0x40, 0x00, 0x0F, 0xD0, 0x03, 0xFF, 0x40, 0x00,
    0x0F, 0xD0, 0x03, 0xFF, 0xC0, 0x00, 0x1F, 0xC0, 0x02, 0xFF, 0xD0, 0x00, 0x3F, 0xC0, 0x00, 0xFF,
    0xF8, 0x01, 0xFF, 0x40, 0x00, 0xBF, 0xFF, 0xFF, 0xFE, 0x00, 0x00, 0x2F, 0xFF, 0xFF, 0xF8, 0x00,
    0x00, 0x06, 0xFF, 0xFF, 0xD0, 0x00, 0x00, 0x00, 0x15, 0x54, 0x00, 0x00, 0x00, 0x00, 0x00, 0x00,
    0x00, 0x00, 0x00, 0x00, 0x0B, 0xE0, 0x00, 0x00, 0x00, 0x00, 0x2F, 0xFC, 0x00, 0x00, 0x00, 0x00,
    0x3F, 0xFD, 0x00, 0x00, 0x00, 0x00, 0x3F, 0xFD, 0x00, 0x00, 0x00, 0x00, 0x2F, 0xFC, 0x00, 0x00,
    0x00, 0x00, 0x06, 0x90, 0x00, 0x00, 0x00, 0x01, 0x00, 0x00, 0x04, 0x03, 0xFF, 0xF4, 0x0F, 0xFF,
    0xD0, 0x3F, 0xFF, 0x40, 0xFF, 0xFD, 0x02, 0xFF, 0xF4, 0x0B, 0xFF, 0xD0, 0x03, 0xFF, 0x40, 0x0F,
    0xFD, 0x00, 0x3F, 0xF4, 0x00, 0xFF, 0xD0, 0x03, 0xFF, 0x40, 0x0F, 0xFD, 0x00, 0x3F, 0xF4, 0x00,
    0xFF, 0xD0, 0x03, 0xFF, 0x40, 0x0F, 0xFD, 0x00, 0x3F, 0xF4, 0x00, 0xFF, 0xD0, 0x03, 0xFF, 0x40,
    0x0F, 0xFD, 0x00, 0x3F, 0xF4, 0x00, 0xFF, 0xD0, 0x03, 0xFF, 0x40, 0x0F, 0xFD, 0x00, 0x3F, 0xF8,
    0x02, 0xFF, 0xD0, 0x03, 0xFF, 0xD0, 0xBF, 0xFD, 0x00, 0x1F, 0xFF, 0xFF, 0xFF, 0xF9, 0x00, 0xFF,
    0xFF, 0xD7, 0xFF, 0xE0, 0x03, 0xFF, 0xF4, 0x7F, 0xFE, 0x00, 0x01, 0x50, 0x00, 0x00, 0x00, 0x00,
    0x00, 0x00, 0x00, 0x00, 0x00, 0x00, 0x1F, 0xD0, 0x00, 0x00, 0x00, 0x0B, 0xFF, 0x40, 0x00, 0x00,
    0x00, 0xFF, 0xF8, 0x00, 0x00, 0x00, 0x0F, 0xFF, 0x80, 0x00, 0x00, 0x00, 0x7F, 0xF0, 0x00, 0x00,
    0x00, 0x01, 0xA8, 0x00, 0x00, 0x00, 0x00, 0x1B, 0xF9, 0x00, 0x00, 0x00, 0x00, 0xBF, 0xFF, 0x80,
    0x00, 0x00, 0x01, 0xF8, 0x3F, 0xD0, 0x00, 0x00, 0x02, 0xFC, 0x2F, 0xD0, 0x00, 0x00, 0x00, 0xF8,
    0x3F, 0xC0, 0x00, 0x00, 0x00, 0x00, 0xFF, 0x40, 0x00, 0x00, 0x00, 0x03, 0xFD, 0x00, 0x00, 0x00,
    0x00, 0x03, 0xF8, 0x00, 0x00, 0x00, 0x00, 0x00, 0x00, 0x00, 0x00, 0x55, 0x55, 0x54, 0x00, 0x55,
    0x55, 0xFF, 0xFF, 0xF8, 0x01, 0xFF, 0xFF, 0xFF, 0xFF, 0xF8, 0x01, 0xFF, 0xFF, 0x0B, 0xFF, 0x80,
    0x00, 0x1F, 0xF4, 0x07, 0xFF, 0x40, 0x00, 0x0F, 0xE0, 0x07, 0xFF, 0x40, 0x00, 0x0F, 0xE0, 0x07,
    0xFF, 0x40, 0x00, 0x0F, 0xE0, 0x07, 0xFF, 0x40, 0x00, 0x0F, 0xE0, 0x07, 0xFF, 0x40, 0x00, 0x0F,
    0xE0, 0x07, 0xFF, 0x40, 0x00, 0x0F, 0xE0, 0x07, 0xFF, 0x40, 0x00, 0x0F, 0xE0, 0x07, 0xFF, 0x40,
    0x00, 0x0F, 0xE0, 0x07, 0xFF, 0x40, 0x00, 0x0F, 0xE0, 0x07, 0xFF, 0x40, 0x00, 0x0F, 0xE0, 0x07,
    0xFF, 0x40, 0x00, 0x0F, 0xE0, 0x07, 0xFF, 0x40, 0x00, 0x0F, 0xE0, 0x03, 0xFF, 0x40, 0x00, 0x0F,
    0xD0, 0x03, 0xFF, 0x40, 0x00, 0x0F, 0xD0, 0x03, 0xFF, 0xC0, 0x00, 0x1F, 0xC0, 0x02, 0xFF, 0xD0,
    0x00, 0x3F, 0xC0, 0x00, 0xFF, 0xF8, 0x01, 0xFF, 0x40, 0x00, 0xBF, 0xFF, 0xFF, 0xFE, 0x00, 0x00,
    0x2F, 0xFF, 0xFF, 0xF8, 0x00, 0x00, 0x06, 0xFF, 0xFF, 0xD0, 0x00, 0x00, 0x00, 0x15, 0x54, 0x00,
    0x00, 0x00, 0x00, 0x6A, 0x40, 0x00, 0x00, 0x00, 0xBF, 0xFF, 0x40, 0x00, 0x00, 0x1F, 0x97, 0xFC,
    0x00, 0x00, 0x02, 0xFC, 0x2F, 0xC0, 0x00, 0x00, 0x1F, 0x83, 0xFC, 0x00, 0x00, 0x00, 0x00, 0xFF,
    0x40, 0x00, 0x00, 0x00, 0x3F, 0xE0, 0x00, 0x00, 0x00, 0x03, 0xF8, 0x00, 0x00, 0x00, 0x00, 0x3F,
    0x40, 0x00, 0x00, 0x00, 0x00, 0x00, 0x00, 0x00, 0x00, 0x01, 0x00, 0x00, 0x04, 0x03, 0xFF, 0xF4,
    0x0F, 0xFF, 0xD0, 0x3F, 0xFF, 0x40, 0xFF, 0xFD, 0x02, 0xFF, 0xF4, 0x0B, 0xFF, 0xD0, 0x03, 0xFF,
    0x40, 0x0F, 0xFD, 0x00, 0x3F, 0xF4, 0x00, 0xFF, 0xD0, 0x03, 0xFF, 0x40, 0x0F, 0xFD, 0x00, 0x3F,
    0xF4, 0x00, 0xFF, 0xD0, 0x03, 0xFF, 0x40, 0x0F, 0xFD, 0x00, 0x3F, 0xF4, 0x00, 0xFF, 0xD0, 0x03,
    0xFF, 0x40, 0x0F, 0xFD, 0x00, 0x3F, 0xF4, 0x00, 0xFF, 0xD0, 0x03, 0xFF, 0x40, 0x0F, 0xFD, 0x00,
    0x3F, 0xF8, 0x02, 0xFF, 0xD0, 0x03, 0xFF, 0xD0, 0xBF, 0xFD, 0x00, 0x1F, 0xFF, 0xFF, 0xFF, 0xF9,
    0x00, 0xFF, 0xFF, 0xD7, 0xFF, 0xE0, 0x03, 0xFF, 0xF4, 0x7F, 0xFE, 0x00, 0x01, 0x50, 0x00, 0x00,
    0x00, 0x00, 0x00, 0x00, 0x01, 0x40, 0x00, 0x00, 0x00, 0x00, 0x00, 0x03, 0xF8, 0x00, 0x00, 0x00,
    0x00, 0x00, 0x03, 0xFF, 0x00, 0x00, 0x00, 0x00, 0x00, 0x03, 0xFF, 0xC0, 0x00, 0x00, 0x00, 0x00,
    0x03, 0xFF, 0xC0, 0x00, 0x00, 0x00, 0x00, 0x03, 0xFE, 0x00, 0x00, 0x00, 0x00, 0x00, 0x00, 0xF4,
    0x00, 0x00, 0x06, 0x80, 0x00, 0x00, 0x00, 0x00, 0x00, 0x0B, 0xFC, 0x55, 0x55, 0x54, 0x00, 0x55,
    0x43, 0xFF, 0xBF, 0xFF, 0xFE, 0x00, 0x7F, 0xF8, 0xFF, 0xEF, 0xFF, 0xFF, 0x80, 0x1F, 0xFE, 0x1F,
    0xF8, 0x2F, 0xFE, 0x00, 0x00, 0x7F, 0x80, 0x7D, 0x07, 0xFF, 0x40, 0x00, 0x0F, 0xE0, 0x3F, 0x01,
    0xFF, 0xD0, 0x00, 0x03, 0xF8, 0x2F, 0x80, 0x7F, 0xF4, 0x00, 0x00, 0xFE, 0xBF, 0x80, 0x1F, 0xFD,
    0x00, 0x00, 0x3F, 0xFF, 0x40, 0x07, 0xFF, 0x40, 0x00, 0x0F, 0xF9, 0x00, 0x01, 0xFF, 0xD0, 0x00,
    0x03, 0xF8, 0x00, 0x00, 0x7F, 0xF4, 0x00, 0x00, 0xFE, 0x00, 0x00, 0x1F, 0xFD, 0x00, 0x00, 0x3F,
    0x80, 0x00, 0x07, 0xFF, 0x40, 0x00, 0x0F, 0xE0, 0x00, 0x01, 0xFF, 0xD0, 0x00, 0x03, 0xF8, 0x00,
    0x00, 0x7F, 0xF4, 0x00, 0x00, 0xFE, 0x00, 0x00, 0x1F, 0xFD, 0x00, 0x00, 0x3F, 0x80, 0x00, 0x03,
    0xFF, 0x40, 0x00, 0x0F, 0xD0, 0x00, 0x00, 0xFF, 0xD0, 0x00, 0x03, 0xF4, 0x00, 0x00, 0x3F, 0xFC,
    0x00, 0x01, 0xFC, 0x00, 0x00, 0x0B, 0xFF, 0x40, 0x00, 0xFF, 0x00, 0x00, 0x00, 0xFF, 0xF8, 0x01,
    0xFF, 0x40, 0x00, 0x00, 0x2F, 0xFF, 0xFF, 0xFF, 0x80, 0x00, 0x00, 0x02, 0xFF, 0xFF, 0xFF, 0x80,
    0x00, 0x00, 0x00, 0x1B, 0xFF, 0xFF, 0x40, 0x00, 0x00, 0x00, 0x00, 0x15, 0x54, 0x00, 0x00, 0x00,
    0x00, 0x00, 0x00, 0x00, 0x64, 0x00, 0x00, 0x00, 0x00, 0x00, 0x1F, 0xC0, 0x00, 0x00, 0x00, 0x00,
    0x03, 0xFD, 0x00, 0x00, 0x00, 0x00, 0x00, 0xBF, 0xC0, 0x00, 0x00, 0x00, 0x00, 0x1F, 0xF4, 0x00,
    0x05, 0x00, 0x00, 0x03, 0xF8, 0x00, 0x07, 0xFC, 0x00, 0x00, 0xBD, 0x00, 0x00, 0xBF, 0xE0, 0x00,
    0x02, 0x00, 0x00, 0x0B, 0xFF, 0x00, 0x00, 0x00, 0x00, 0x00, 0x7F, 0xF0, 0x00, 0x10, 0x00, 0x00,
    0x40, 0x7E, 0x3F, 0xFF, 0x40, 0xFF, 0xFD, 0x07, 0xD3, 0xFF, 0xF4, 0x0F, 0xFF, 0xD0, 0xFC, 0x2F,
    0xFF, 0x40, 0xBF, 0xFD, 0xBF, 0x00, 0x3F, 0xF4, 0x00, 0xFF, 0xFF, 0xC0, 0x03, 0xFF, 0x40, 0x0F,
    0xFF, 0xD0, 0x00, 0x3F, 0xF4, 0x00, 0xFF, 0xD0, 0x00, 0x03, 0xFF, 0x40, 0x0F, 0xFD, 0x00, 0x00,
    0x3F, 0xF4, 0x00, 0xFF, 0xD0, 0x00, 0x03, 0xFF, 0x40, 0x0F, 0xFD, 0x00, 0x00, 0x3F, 0xF4, 0x00,
    0xFF, 0xD0, 0x00, 0x03, 0xFF, 0x40, 0x0F, 0xFD, 0x00, 0x00, 0x3F, 0xF4, 0x00, 0xFF, 0xD0, 0x00,
    0x03, 0xFF, 0x80, 0x2F, 0xFD, 0x00, 0x00, 0x3F, 0xFD, 0x0B, 0xFF, 0xD0, 0x00, 0x01, 0xFF, 0xFF,
    0xFF, 0xFF, 0x90, 0x00, 0x0F, 0xFF, 0xFD, 0x7F, 0xFE, 0x00, 0x00, 0x3F, 0xFF, 0x47, 0xFF, 0xE0,
    0x00, 0x00, 0x15, 0x00, 0x00, 0x00, 0x00, 0x00, 0x00, 0x14, 0x00, 0x00, 0x00, 0x00, 0x00, 0x00,
    0x1F, 0xC0, 0x00, 0x00, 0x00, 0x00, 0x00, 0x0B, 0xFC, 0x00, 0x00, 0x00, 0x00, 0x00, 0x02, 0xFF,
    0xC0, 0x00, 0x00, 0x00, 0x00, 0x00, 0x2F, 0xFC, 0x00, 0x00, 0x00, 0x00, 0x00, 0x00, 0xBF, 0xC0,
    0x00, 0x00, 0x00, 0x00, 0x00, 0x01, 0xF0, 0x00, 0x06, 0x80, 0x00, 0x00, 0x00, 0x00, 0x00, 0x0B,
    0xFC, 0x55, 0x55, 0x54, 0x00, 0x55, 0x43, 0xFF, 0xBF, 0xFF, 0xFE, 0x00, 0x7F, 0xF8, 0xFF, 0xEF,
    0xFF, 0xFF, 0x80, 0x1F, 0xFE, 0x1F, 0xF8, 0x2F, 0xFE, 0x00, 0x00, 0x7F, 0x80, 0x7D, 0x07, 0xFF,
    0x40, 0x00, 0x0F, 0xE0, 0x3F, 0x01, 0xFF, 0xD0, 0x00, 0x03, 0xF8, 0x2F, 0x80, 0x7F, 0xF4, 0x00,
    0x00, 0xFE, 0xBF, 0x80, 0x1F, 0xFD, 0x00, 0x00, 0x3F, 0xFF, 0x40, 0x07, 0xFF, 0x40, 0x00, 0x0F,
    0xF9, 0x00, 0x01, 0xFF, 0xD0, 0x00, 0x03, 0xF8, 0x00, 0x00, 0x7F, 0xF4, 0x00, 0x00, 0xFE, 0x00,
    0x00, 0x1F, 0xFD, 0x00, 0x00, 0x3F, 0x80, 0x00, 0x07, 0xFF, 0x40, 0x00, 0x0F, 0xE0, 0x00, 0x01,
    0xFF, 0xD0, 0x00, 0x03, 0xF8, 0x00, 0x00, 0x7F, 0xF4, 0x00, 0x00, 0xFE, 0x00, 0x00, 0x1F, 0xFD,
    0x00, 0x00, 0x3F, 0x80, 0x00, 0x03, 0xFF, 0x40, 0x00, 0x0F, 0xD0, 0x00, 0x00, 0xFF, 0xD0, 0x00,
    0x03, 0xF4, 0x00, 0x00, 0x3F, 0xFC, 0x00, 0x01, 0xFC, 0x00, 0x00, 0x0B, 0xFF, 0x40, 0x00, 0xFF,
    0x00, 0x00, 0x00, 0xFF, 0xF8, 0x01, 0xFF, 0x40, 0x00, 0x00, 0x2F, 0xFF, 0xFF, 0xFF, 0x80, 0x00,
    0x00, 0x02, 0xFF, 0xFF, 0xFF, 0x80, 0x00, 0x00, 0x00, 0x1B, 0xFF, 0xFF, 0x40, 0x00, 0x00, 0x00,
    0x00, 0x15, 0x54, 0x00, 0x00, 0x00, 0x00, 0x00, 0x02, 0x80, 0x00, 0x00, 0x00, 0x00, 0x00, 0xBF,
    0x00, 0x00, 0x00, 0x00, 0x00, 0x0F, 0xF8, 0x00, 0x00, 0x00, 0x00, 0x00, 0xBF, 0xD0, 0x00, 0x00,
    0x00, 0x00, 0x02, 0xFF, 0x00, 0x00, 0x05, 0x00, 0x00, 0x03, 0xFC, 0x00, 0x07, 0xFC, 0x00, 0x00,
    0x0B, 0xD0, 0x00, 0xBF, 0xE0, 0x00, 0x00, 0x08, 0x00, 0x0B, 0xFF, 0x00, 0x00, 0x00, 0x00, 0x00,
    0x7F, 0xF0, 0x00, 0x10, 0x00, 0x00, 0x40, 0x7E, 0x3F, 0xFF, 0x40, 0xFF, 0xFD, 0x07, 0xD3, 0xFF,
    0xF4, 0x0F, 0xFF, 0xD0, 0xFC, 0x2F, 0xFF, 0x40, 0xBF, 0xFD, 0xBF, 0x00, 0x3F, 0xF4, 0x00, 0xFF,
    0xFF, 0xC0, 0x03, 0xFF, 0x40, 0x0F, 0xFF, 0xD0, 0x00, 0x3F, 0xF4, 0x00, 0xFF, 0xD0, 0x00, 0x03,
    0xFF, 0x40, 0x0F, 0xFD, 0x00, 0x00, 0x3F, 0xF4, 0x00, 0xFF, 0xD0, 0x00, 0x03, 0xFF, 0x40, 0x0F,
    0xFD, 0x00, 0x00, 0x3F, 0xF4, 0x00, 0xFF, 0xD0, 0x00, 0x03, 0xFF, 0x40, 0x0F, 0xFD, 0x00, 0x00,
    0x3F, 0xF4, 0x00, 0xFF, 0xD0, 0x00, 0x03, 0xFF, 0x80, 0x2F, 0xFD, 0x00, 0x00, 0x3F, 0xFD, 0x0B,
    0xFF, 0xD0, 0x00, 0x01, 0xFF, 0xFF, 0xFF, 0xFF, 0x90, 0x00, 0x0F, 0xFF, 0xFD, 0x7F, 0xFE, 0x00,
    0x00, 0x3F, 0xFF, 0x47, 0xFF, 0xE0, 0x00, 0x00, 0x15, 0x00, 0x00, 0x00, 0x00, 0x00, 0x00, 0x0B,
    0xF9, 0x00, 0x00, 0x00, 0x00, 0x00, 0x2F, 0xFF, 0xF0, 0x00, 0x00, 0x00, 0x00, 0x0F, 0xC2, 0xFD,
    0x00, 0x00, 0x00, 0x00, 0x07, 0xF0, 0x7F, 0x80, 0x00, 0x00, 0x00, 0x00, 0xFC, 0x3F, 0xD0, 0x00,
    0x00, 0x00, 0x00, 0x00, 0x3F, 0xE0, 0x00, 0x00, 0x00, 0x00, 0x00, 0x2F, 0xE0, 0x00, 0x00, 0x00,
    0x00, 0x00, 0x0B, 0xF0, 0x00, 0x01, 0xA0, 0x00, 0x00, 0x00, 0x00, 0x00, 0x02, 0xFF, 0x15, 0x55,
    0x55, 0x00, 0x15, 0x50, 0xFF, 0xEF, 0xFF, 0xFF, 0x80, 0x1F, 0xFE, 0x3F, 0xFB, 0xFF, 0xFF, 0xE0,
    0x07, 0xFF, 0x87, 0xFE, 0x0B, 0xFF, 0x80, 0x00, 0x1F, 0xE0, 0x1F, 0x41, 0xFF, 0xD0, 0x00, 0x03,
    0xF8, 0x0F, 0xC0, 0x7F, 0xF4, 0x00, 0x00, 0xFE, 0x0B, 0xE0, 0x1F, 0xFD, 0x00, 0x00, 0x3F, 0xAF,
    0xE0, 0x07, 0xFF, 0x40, 0x00, 0x0F, 0xFF, 0xD0, 0x01, 0xFF, 0xD0, 0x00, 0x03, 0xFE, 0x40, 0x00,
    0x7F, 0xF4, 0x00, 0x00, 0xFE, 0x00, 0x00, 0x1F, 0xFD, 0x00, 0x00, 0x3F, 0x80, 0x00, 0x07, 0xFF,
    0x40, 0x00, 0x0F, 0xE0, 0x00, 0x01, 0xFF, 0xD0, 0x00, 0x03, 0xF8, 0x00, 0x00, 0x7F, 0xF4, 0x00,
    0x00, 0xFE, 0x00, 0x00, 0x1F, 0xFD, 0x00, 0x00, 0x3F, 0x80, 0x00, 0x07, 0xFF, 0x40, 0x00, 0x0F,
    0xE0, 0x00, 0x00, 0xFF, 0xD0, 0x00, 0x03, 0xF4, 0x00, 0x00, 0x3F, 0xF4, 0x00, 0x00, 0xFD, 0x00,
    0x00, 0x0F, 0xFF, 0x00, 0x00, 0x7F, 0x00, 0x00, 0x02, 0xFF, 0xD0, 0x00, 0x3F, 0xC0, 0x00, 0x00,
    0x3F, 0xFE, 0x00, 0x7F, 0xD0, 0x00, 0x00, 0x0B, 0xFF, 0xFF, 0xFF, 0xE0, 0x00, 0x00, 0x00, 0xBF,
    0xFF, 0xFF, 0xE0, 0x00, 0x00, 0x00, 0x06, 0xFF, 0xFF, 0xD0, 0x00, 0x00, 0x00, 0x00, 0x05, 0x55,
    0x00, 0x00, 0x00, 0x00, 0x00, 0x00, 0x6A, 0x80, 0x00, 0x00, 0x00, 0x00, 0x7F, 0xFF, 0x80, 0x00,
    0x00, 0x00, 0x1F, 0xD7, 0xFC, 0x00, 0x00, 0x00, 0x02, 0xFC, 0x2F, 0xD0, 0x00, 0x00, 0x00, 0x1F,
    0xC3, 0xFC, 0x00, 0x00, 0x00, 0x00, 0x00, 0xFF, 0x80, 0x00, 0x50, 0x00, 0x00, 0x2F, 0xE0, 0x00,
    0x7F, 0xC0, 0x00, 0x03, 0xFC, 0x00, 0x0B, 0xFE, 0x00, 0x00, 0x2F, 0x80, 0x00, 0xBF, 0xF0, 0x00,
    0x00, 0x00, 0x00, 0x07, 0xFF, 0x00, 0x01, 0x00, 0x00, 0x04, 0x07, 0xE3, 0xFF, 0xF4, 0x0F, 0xFF,
    0xD0, 0x7D, 0x3F, 0xFF, 0x40, 0xFF, 0xFD, 0x0F, 0xC2, 0xFF, 0xF4, 0x0B, 0xFF, 0xDB, 0xF0, 0x03,
    0xFF, 0x40, 0x0F, 0xFF, 0xFC, 0x00, 0x3F, 0xF4, 0x00, 0xFF, 0xFD, 0x00, 0x03, 0xFF, 0x40, 0x0F,
    0xFD, 0x00, 0x00, 0x3F, 0xF4, 0x00, 0xFF, 0xD0, 0x00, 0x03, 0xFF, 0x40, 0x0F, 0xFD, 0x00, 0x00,
    0x3F, 0xF4, 0x00, 0xFF, 0xD0, 0x00, 0x03, 0xFF, 0x40, 0x0F, 0xFD, 0x00, 0x00, 0x3F, 0xF4, 0x00,
    0xFF, 0xD0, 0x00, 0x03, 0xFF, 0x40, 0x0F, 0xFD, 0x00, 0x00, 0x3F, 0xF8, 0x02, 0xFF, 0xD0, 0x00,
    0x03, 0xFF, 0xD0, 0xBF, 0xFD, 0x00, 0x00, 0x1F, 0xFF, 0xFF, 0xFF, 0xF9, 0x00, 0x00, 0xFF, 0xFF,
    0xD7, 0xFF, 0xE0, 0x00, 0x03, 0xFF, 0xF4, 0x7F, 0xFE, 0x00, 0x00, 0x01, 0x50, 0x00, 0x00, 0x00,
    0x00, 0x00, 0x00, 0x2F, 0x40, 0x00, 0x00, 0x00, 0x00, 0x00, 0x3F, 0xFE, 0x5F, 0x00, 0x00, 0x00,
    0x00, 0x1F, 0xFF, 0xFF, 0xC0, 0x00, 0x00, 0x00, 0x0F, 0xFF, 0xFF, 0xD0, 0x00, 0x00, 0x00, 0x02,
    0xC0, 0xBF, 0xE0, 0x00, 0x00, 0x00, 0x00, 0x00, 0x01, 0x50, 0x00, 0x1A, 0x00, 0x00, 0x00, 0x00,
    0x00, 0x00, 0x2F, 0xF1, 0x55, 0x55, 0x50, 0x01, 0x55, 0x0F, 0xFE, 0xFF, 0xFF, 0xF8, 0x01, 0xFF,
    0xE3, 0xFF, 0xBF, 0xFF, 0xFE, 0x00, 0x7F, 0xF8, 0x7F, 0xE0, 0xBF, 0xF8, 0x00, 0x01, 0xFE, 0x01,
    0xF4, 0x1F, 0xFD, 0x00, 0x00, 0x3F, 0x80, 0xFC, 0x07, 0xFF, 0x40, 0x00, 0x0F, 0xE0, 0xBE, 0x01,
    0xFF, 0xD0, 0x00, 0x03, 0xFA, 0xFE, 0x00, 0x7F, 0xF4, 0x00, 0x00, 0xFF, 0xFD, 0x00, 0x1F, 0xFD,
    0x00, 0x00, 0x3F, 0xE4, 0x00, 0x07, 0xFF, 0x40, 0x00, 0x0F, 0xE0, 0x00, 0x01, 0xFF, 0xD0, 0x00,
    0x03, 0xF8, 0x00, 0x00, 0x7F, 0xF4, 0x00, 0x00, 0xFE, 0x00, 0x00, 0x1F, 0xFD, 0x00, 0x00, 0x3F,
    0x80, 0x00, 0x07, 0xFF, 0x40, 0x00, 0x0F, 0xE0, 0x00, 0x01, 0xFF, 0xD0, 0x00, 0x03, 0xF8, 0x00,
    0x00, 0x7F, 0xF4, 0x00, 0x00, 0xFE, 0x00, 0x00, 0x0F, 0xFD, 0x00, 0x00, 0x3F, 0x40, 0x00, 0x03,
    0xFF, 0x40, 0x00, 0x0F, 0xD0, 0x00, 0x00, 0xFF, 0xF0, 0x00, 0x07, 0xF0, 0x00, 0x00, 0x2F, 0xFD,
    0x00, 0x03, 0xFC, 0x00, 0x00, 0x03, 0xFF, 0xE0, 0x07, 0xFD, 0x00, 0x00, 0x00, 0xBF, 0xFF, 0xFF,
    0xFE, 0x00, 0x00, 0x00, 0x0B, 0xFF, 0xFF, 0xFE, 0x00, 0x00, 0x00, 0x00, 0x6F, 0xFF, 0xFD, 0x00,
    0x00, 0x00, 0x00, 0x00, 0x55, 0x50, 0x00, 0x00, 0x00, 0x00, 0x01, 0x50, 0x00, 0x00, 0x00, 0x00,
    0x00, 0xFF, 0xE0, 0x34, 0x00, 0x00, 0x00, 0x2F, 0xFF, 0xFF, 0x80, 0x00, 0x00, 0x03, 0xFF, 0xFF,
    0xF4, 0x00, 0x50, 0x00, 0x7C, 0x6F, 0xFE, 0x00, 0x7F, 0xC0, 0x00, 0x00, 0x1A, 0x40, 0x0B, 0xFE,
    0x00, 0x00, 0x00, 0x00, 0x00, 0xBF, 0xF0, 0x00, 0x00, 0x00, 0x00, 0x07, 0xFF, 0x00, 0x01, 0x00,
    0x00, 0x04, 0x07, 0xE3, 0xFF, 0xF4, 0x0F, 0xFF, 0xD0, 0x7D, 0x3F, 0xFF, 0x40, 0xFF, 0xFD, 0x0F,
    0xC2, 0xFF, 0xF4, 0x0B, 0xFF, 0xDB, 0xF0, 0x03, 0xFF, 0x40, 0x0F, 0xFF, 0xFC, 0x00, 0x3F, 0xF4,
    0x00, 0xFF, 0xFD, 0x00, 0x03, 0xFF, 0x40, 0x0F, 0xFD, 0x00, 0x00, 0x3F, 0xF4, 0x00, 0xFF, 0xD0,
    0x00, 0x03, 0xFF, 0x40, 0x0F, 0xFD, 0x00, 0x00, 0x3F, 0xF4, 0x00, 0xFF, 0xD0, 0x00, 0x03, 0xFF,
    0x40, 0x0F, 0xFD, 0x00, 0x00, 0x3F, 0xF4, 0x00, 0xFF, 0xD0, 0x00, 0x03, 0xFF, 0x40, 0x0F, 0xFD,
    0x00, 0x00, 0x3F, 0xF8, 0x02, 0xFF, 0xD0, 0x00, 0x03, 0xFF, 0xD0, 0xBF, 0xFD, 0x00, 0x00, 0x1F,
    0xFF, 0xFF, 0xFF, 0xF9, 0x00, 0x00, 0xFF, 0xFF, 0xD7, 0xFF, 0xE0, 0x00, 0x03, 0xFF, 0xF4, 0x7F,
    0xFE, 0x00, 0x00, 0x01, 0x50, 0x00, 0x00, 0x00, 0x00, 0x00, 0x00, 0x00, 0x00, 0x00, 0x00, 0x68,
    0x00, 0x00, 0x00, 0x00, 0x00, 0x00, 0xBF, 0xC5, 0x55, 0x55, 0x40, 0x05, 0x54, 0x3F, 0xFB, 0xFF,
    0xFF, 0xE0, 0x07, 0xFF, 0x8F, 0xFE, 0xFF, 0xFF, 0xF8, 0x01, 0xFF, 0xE1, 0xFF, 0x82, 0xFF, 0xE0,
    0x00, 0x07, 0xF8, 0x07, 0xD0, 0x7F, 0xF4, 0x00, 0x00, 0xFE, 0x03, 0xF0, 0x1F, 0xFD, 0x00, 0x00,
    0x3F, 0x82, 0xF8, 0x07, 0xFF, 0x40, 0x00, 0x0F, 0xEB, 0xF8, 0x01, 0xFF, 0xD0, 0x00, 0x03, 0xFF,
    0xF4, 0x00, 0x7F, 0xF4, 0x00, 0x00, 0xFF, 0x90, 0x00, 0x1F, 0xFD, 0x00, 0x00, 0x3F, 0x80, 0x00,
    0x07, 0xFF, 0x40, 0x00, 0x0F, 0xE0, 0x00, 0x01, 0xFF, 0xD0, 0x00, 0x03, 0xF8, 0x00, 0x00, 0x7F,
    0xF4, 0x00, 0x00, 0xFE, 0x00, 0x00, 0x1F, 0xFD, 0x00, 0x00, 0x3F, 0x80, 0x00, 0x07, 0xFF, 0x40,
    0x00, 0x0F, 0xE0, 0x00, 0x01, 0xFF, 0xD0, 0x00, 0x03, 0xF8, 0x00, 0x00, 0x3F, 0xF4, 0x00, 0x00,
    0xFD, 0x00, 0x00, 0x0F, 0xFD, 0x00, 0x00, 0x3F, 0x40, 0x00, 0x03, 0xFF, 0xC0, 0x00, 0x1F, 0xC0,
    0x00, 0x00, 0xBF, 0xF4, 0x00, 0x0F, 0xF0, 0x00, 0x00, 0x0F, 0xFF, 0x80, 0x1F, 0xF4, 0x00, 0x00,
    0x02, 0xFF, 0xFF, 0xFF, 0xF8, 0x00, 0x00, 0x00, 0x2F, 0xFF, 0xFF, 0xF8, 0x00, 0x00, 0x00, 0x01,
    0xBF, 0xFF, 0xF4, 0x00, 0x00, 0x00, 0x00, 0x01, 0x55, 0x40, 0x00, 0x00, 0x00, 0x00, 0x00, 0x00,
    0x00, 0x00, 0x00, 0x00, 0x00, 0x00, 0x07, 0xF8, 0x00, 0x00, 0x00, 0x00, 0x00, 0x07, 0xFF, 0x80,
    0x00, 0x00, 0x00, 0x00, 0x02, 0xFF, 0xF0, 0x00, 0x00, 0x00, 0x00, 0x00, 0xBF, 0xFC, 0x00, 0x00,
    0x00, 0x00, 0x00, 0x0F, 0xFD, 0x00, 0x00, 0x00, 0x00, 0x00, 0x00, 0xA9, 0x00, 0x00, 0x00, 0x00,
    0x00, 0x00, 0x00, 0x00, 0x00, 0x05, 0x00, 0x00, 0x00, 0x00, 0x00, 0x07, 0xFC, 0x00, 0x00, 0x00,
    0x00, 0x00, 0xBF, 0xE0, 0x00, 0x00, 0x00, 0x00, 0x0B, 0xFF, 0x00, 0x00, 0x00, 0x00, 0x00, 0x7F,
    0xF0, 0x00, 0x10, 0x00, 0x00, 0x40, 0x7E, 0x3F, 0xFF, 0x40, 0xFF, 0xFD, 0x07, 0xD3, 0xFF, 0xF4,
    0x0F, 0xFF, 0xD0, 0xFC, 0x2F, 0xFF, 0x40, 0xBF, 0xFD, 0xBF, 0x00, 0x3F, 0xF4, 0x00, 0xFF, 0xFF,
    0xC0, 0x03, 0xFF, 0x40, 0x0F, 0xFF, 0xD0, 0x00, 0x3F, 0xF4, 0x00, 0xFF, 0xD0, 0x00, 0x03, 0xFF,
    0x40, 0x0F, 0xFD, 0x00, 0x00, 0x3F, 0xF4, 0x00, 0xFF, 0xD0, 0x00, 0x03, 0xFF, 0x40, 0x0F, 0xFD,
    0x00, 0x00, 0x3F, 0xF4, 0x00, 0xFF, 0xD0, 0x00, 0x03, 0xFF, 0x40, 0x0F, 0xFD, 0x00, 0x00, 0x3F,
    0xF4, 0x00, 0xFF, 0xD0, 0x00, 0x03, 0xFF, 0x80, 0x2F, 0xFD, 0x00, 0x00, 0x3F, 0xFD, 0x0B, 0xFF,
    0xD0, 0x00, 0x01, 0xFF, 0xFF, 0xFF, 0xFF, 0x90, 0x00, 0x0F, 0xFF, 0xFD, 0x7F, 0xFE, 0x00, 0x00,
    0x3F, 0xFF, 0x47, 0xFF, 0xE0, 0x00, 0x00, 0x15, 0x00, 0x00, 0x00, 0x00, 0x00, 0x00, 0x00, 0x00,
    0x00, 0x00, 0x00, 0x00, 0x02, 0xF8, 0x00, 0x00, 0x00, 0x00, 0x00, 0xFF, 0xF0, 0x00, 0x00, 0x00,
    0x00, 0x1F, 0xFF, 0x00, 0x00, 0x00, 0x00, 0x00, 0xFF, 0xF0, 0x00, 0x00, 0x00, 0x00, 0x0F, 0xFE,
    0x00, 0x00, 0x00, 0x00, 0x00, 0x1A, 0x40, 0x00, 0x00, 0x00, 0x00, 0x00, 0x14, 0x00, 0x00, 0x00,
    0x00, 0x00, 0x1F, 0xC0, 0x00, 0x00, 0x00, 0x00, 0x0B, 0xFC, 0x00, 0x00, 0x00, 0x00, 0x01, 0xFF,
    0xD0, 0x00, 0x00, 0x00, 0x00, 0x2F, 0xFD, 0x00, 0x00, 0x00, 0x00, 0x00, 0x7F, 0xD0, 0x00, 0x00,
    0x00, 0x00, 0x01, 0xB0, 0x00, 0x00, 0x00, 0x00, 0x00, 0x00, 0x00, 0x00, 0x15, 0x55, 0x54, 0x01,
    0x55, 0x55, 0x2F, 0xFF, 0xFF, 0x40, 0xBF, 0xFF, 0xEB, 0xFF, 0xFF, 0xD0, 0x2F, 0xFF, 0xF8, 0x6F,
    0xFF, 0x40, 0x00, 0xBF, 0xD0, 0x02, 0xFF, 0xC0, 0x00, 0x1F, 0xD0, 0x00, 0x3F, 0xF8, 0x00, 0x0B,
    0xE0, 0x00, 0x07, 0xFF, 0x40, 0x07, 0xF0, 0x00, 0x00, 0xFF, 0xF0, 0x03, 0xF8, 0x00, 0x00, 0x1F,
    0xFE, 0x02, 0xFC, 0x00, 0x00, 0x02, 0xFF, 0xC0, 0xFD, 0x00, 0x00, 0x00, 0x3F, 0xF8, 0xBF, 0x00,
    0x00, 0x00, 0x07, 0xFF, 0xBF, 0x00, 0x00, 0x00, 0x00, 0xFF, 0xFF, 0x80, 0x00, 0x00, 0x00, 0x1F,
    0xFF, 0xC0, 0x00, 0x00, 0x00, 0x02, 0xFF, 0xD0, 0x00, 0x00, 0x00, 0x00, 0x7F, 0xF0, 0x00, 0x00,
    0x00, 0x00, 0x1F, 0xFC, 0x00, 0x00, 0x00, 0x00, 0x07, 0xFF, 0x00, 0x00, 0x00, 0x00, 0x01, 0xFF,
    0xC0, 0x00, 0x00, 0x00, 0x00, 0x7F, 0xF0, 0x00, 0x00, 0x00, 0x00, 0x1F, 0xFC, 0x00, 0x00, 0x00,
    0x00, 0x6F, 0xFF, 0xE4, 0x00, 0x00, 0x00, 0x7F, 0xFF, 0xFF, 0x00, 0x00, 0x00, 0x1F, 0xFF, 0xFF,
    0xC0, 0x00, 0x00, 0x01, 0x90, 0x00, 0x00, 0x00, 0x01, 0xFC, 0x00, 0x00, 0x00, 0x00, 0xBF, 0xC0,
    0x00, 0x00, 0x00, 0x1F, 0xF4, 0x00, 0x00, 0x00, 0x01, 0xFF, 0x00, 0x00, 0x00, 0x00, 0x0F, 0xF0,
    0x00, 0x00, 0x00, 0x00, 0xBD, 0x00, 0x00, 0x00, 0x00, 0x02, 0x00, 0x00, 0x00, 0x00, 0x00, 0x00,
    0x00, 0x00, 0x00, 0x00, 0x00, 0x00, 0x07, 0xFF, 0xFF, 0x43, 0xFF, 0xF5, 0xFF, 0xFF, 0xD0, 0xFF,
    0xFD, 0x6F, 0xFF, 0x90, 0x2F, 0xFE, 0x01, 0xFF, 0xC0, 0x00, 0xFC, 0x00, 0x3F, 0xF4, 0x00, 0x7D,
    0x00, 0x0B, 0xFF, 0x00, 0x3F, 0x00, 0x00, 0xFF, 0xD0, 0x0F, 0x80, 0x00, 0x2F, 0xF8, 0x0B, 0xC0,
    0x00, 0x03, 0xFF, 0x03, 0xF0, 0x00, 0x00, 0xBF, 0xD1, 0xF4, 0x00, 0x00, 0x1F, 0xFC, 0xFC, 0x00,
    0x00, 0x03, 0xFF, 0xBE, 0x00, 0x00, 0x00, 0x7F, 0xFF, 0x00, 0x00, 0x00, 0x0F, 0xFF, 0x80, 0x00,
    0x00, 0x02, 0xFF, 0xD0, 0x00, 0x00, 0x00, 0x3F, 0xF0, 0x00, 0x00, 0x00, 0x0B, 0xF4, 0x00, 0x00,
    0x00, 0x01, 0xFC, 0x00, 0x00, 0x00, 0x00, 0xBE, 0x00, 0x00, 0x0F, 0xE0, 0x3F, 0x00, 0x00, 0x0B,
    0xFC, 0x2F, 0x80, 0x00, 0x02, 0xFE, 0x1F, 0xC0, 0x00, 0x00, 0x7F, 0xFF, 0xD0, 0x00, 0x00, 0x0F,
    0xFF, 0xD0, 0x00, 0x00, 0x00, 0x6A, 0x40, 0x00, 0x00, 0x00, 0x15, 0x55, 0x54, 0x01, 0x55, 0x55,
    0x2F, 0xFF, 0xFF, 0x40, 0xBF, 0xFF, 0xEB, 0xFF, 0xFF, 0xD0, 0x2F, 0xFF, 0xF8, 0x6F, 0xFF, 0x40,
    0x00, 0xBF, 0xD0, 0x02, 0xFF, 0xC0, 0x00, 0x1F, 0xD0, 0x00, 0x3F, 0xF8, 0x00, 0x0B, 0xE0, 0x00,
    0x07, 0xFF, 0x40, 0x07, 0xF0, 0x00, 0x00, 0xFF, 0xF0, 0x03, 0xF8, 0x00, 0x00, 0x1F, 0xFE, 0x02,
    0xFC, 0x00, 0x00, 0x02, 0xFF, 0xC0, 0xFD, 0x00, 0x00, 0x00, 0x3F, 0xF8, 0xBF, 0x00, 0x00, 0x00,
    0x07, 0xFF, 0xBF, 0x00, 0x00, 0x00, 0x00, 0xFF, 0xFF, 0x80, 0x00, 0x00, 0x00, 0x1F, 0xFF, 0xC0,
    0x00, 0x00, 0x00, 0x02, 0xFF, 0xD0, 0x00, 0x00, 0x00, 0x00, 0x7F, 0xF0, 0x00, 0x00, 0x00, 0x00,
    0x1F, 0xFC, 0x00, 0x00, 0x00, 0x00, 0x07, 0xFF, 0x00, 0x00, 0x00, 0x00, 0x01, 0xFF, 0xC0, 0x00,
    0x00, 0x00, 0x00, 0x7F, 0xF0, 0x00, 0x00, 0x00, 0x00, 0x1F, 0xFC, 0x00, 0x00, 0x00, 0x00, 0x6F,
    0xFF, 0xE4, 0x00, 0x00, 0x00, 0x7F, 0xFF, 0xFF, 0x00, 0x00, 0x00, 0x1F, 0xFF, 0xFF, 0xC0, 0x00,
    0x00, 0x00, 0x00, 0x00, 0x00, 0x00, 0x00, 0x00, 0x00, 0x00, 0x00, 0x00, 0x00, 0x00, 0x00, 0xBF,
    0x40, 0x00, 0x00, 0x00, 0x00, 0xBF, 0xF0, 0x00, 0x00, 0x00, 0x00, 0x3F, 0xFE, 0x00, 0x00, 0x00,
    0x00, 0x0F, 0xFF, 0x40, 0x00, 0x00, 0x00, 0x01, 0xFF, 0xC0, 0x00, 0x00, 0x00, 0x00, 0x1A, 0x80,
    0x00, 0x00, 0x00, 0x00, 0x00, 0x00, 0x00, 0x1F, 0xFF, 0xFD, 0x0F, 0xFF, 0xD7, 0xFF, 0xFF, 0x43,
    0xFF, 0xF5, 0xBF, 0xFE, 0x40, 0xBF, 0xF8, 0x07, 0xFF, 0x00, 0x03, 0xF0, 0x00, 0xFF, 0xD0, 0x01,
    0xF4, 0x00, 0x2F, 0xFC, 0x00, 0xFC, 0x00, 0x03, 0xFF, 0x40, 0x3E, 0x00, 0x00, 0xBF, 0xE0, 0x2F,
    0x00, 0x00, 0x0F, 0xFC, 0x0F, 0xC0, 0x00, 0x02, 0xFF, 0x47, 0xD0, 0x00, 0x00, 0x7F, 0xF3, 0xF0,
    0x00, 0x00, 0x0F, 0xFE, 0xF8, 0x00, 0x00, 0x01, 0xFF, 0xFC, 0x00, 0x00, 0x00, 0x3F, 0xFE, 0x00,
    0x00, 0x00, 0x0B, 0xFF, 0x40, 0x00, 0x00, 0x00, 0xFF, 0xC0, 0x00, 0x00, 0x00, 0x2F, 0xD0, 0x00,
    0x00, 0x00, 0x07, 0xF0, 0x00, 0x00, 0x00, 0x02, 0xF8, 0x00, 0x00, 0x3F, 0x80, 0xFD, 0xFD, 0x00,
    0x2F, 0xF0, 0xBF, 0xFF, 0xE0, 0x0B, 0xF8, 0x7F, 0xBF, 0xFC, 0x01, 0xFF, 0xFF, 0x6F, 0xFF, 0x00,
    0x3F, 0xFF, 0x43, 0xFF, 0x40, 0x01, 0xA9, 0x00, 0x2A, 0x00, 0x00, 0x00, 0x00, 0x0A, 0xF9, 0x00,
    0x00, 0x00, 0x00, 0x1F, 0xFF, 0xF0, 0x00, 0x00, 0x00, 0x0F, 0xC2, 0xFE, 0x00, 0x00, 0x00, 0x07,
    0xF4, 0x3F, 0x80, 0x00, 0x00, 0x00, 0xBC, 0x2F, 0xD0, 0x00, 0x00, 0x00, 0x00, 0x3F, 0xF0, 0x00,
    0x00, 0x00, 0x00, 0x1F, 0xE0, 0x00, 0x00, 0x00, 0x00, 0x0B, 0xF0, 0x00, 0x00, 0x00, 0x00, 0x00,
    0x00, 0x00, 0x00, 0x05, 0x55, 0x55, 0x00, 0x55, 0x55, 0x4B, 0xFF, 0xFF, 0xD0, 0x2F, 0xFF, 0xFA,
    0xFF, 0xFF, 0xF4, 0x0B, 0xFF, 0xFE, 0x1B, 0xFF, 0xD0, 0x00, 0x2F, 0xF4, 0x00, 0xBF, 0xF0, 0x00,
    0x07, 0xF4, 0x00, 0x0F, 0xFE, 0x00, 0x02, 0xF8, 0x00, 0x01, 0xFF, 0xD0, 0x01, 0xFC, 0x00, 0x00,
    0x3F, 0xFC, 0x00, 0xFE, 0x00, 0x00, 0x07, 0xFF, 0x80, 0xBF, 0x00, 0x00, 0x00, 0xBF, 0xF0, 0x3F,
    0x40, 0x00, 0x00, 0x0F, 0xFE, 0x2F, 0xC0, 0x00, 0x00, 0x01, 0xFF, 0xEF, 0xC0, 0x00, 0x00, 0x00,
    0x3F, 0xFF, 0xE0, 0x00, 0x00, 0x00, 0x07, 0xFF, 0xF0, 0x00, 0x00, 0x00, 0x00, 0xBF, 0xF4, 0x00,
    0x00, 0x00, 0x00, 0x1F, 0xFC, 0x00, 0x00, 0x00, 0x00, 0x07, 0xFF, 0x00, 0x00, 0x00, 0x00, 0x01,
    0xFF, 0xC0, 0x00, 0x00, 0x00, 0x00, 0x7F, 0xF0, 0x00, 0x00, 0x00, 0x00, 0x1F, 0xFC, 0x00, 0x00,
    0x00, 0x00, 0x07, 0xFF, 0x00, 0x00, 0x00, 0x00, 0x1B, 0xFF, 0xF9, 0x00, 0x00, 0x00, 0x1F, 0xFF,
    0xFF, 0xC0, 0x00, 0x00, 0x07, 0xFF, 0xFF, 0xF0, 0x00, 0x00, 0x00, 0x00, 0x6A, 0x80, 0x00, 0x00,
    0x01, 0xFF, 0xFE, 0x00, 0x00, 0x00, 0xFD, 0x7F, 0xD0, 0x00, 0x00, 0x7F, 0x07, 0xF4, 0x00, 0x00,
    0x0F, 0xC3, 0xFD, 0x00, 0x00, 0x00, 0x02, 0xFE, 0x00, 0x00, 0x00, 0x02, 0xFE, 0x00, 0x00, 0x00,
    0x00, 0xBF, 0x00, 0x00, 0x00, 0x00, 0x2F, 0x80, 0x00, 0x00, 0x00, 0x00, 0x00, 0x00, 0x00, 0x00,
    0x00, 0x00, 0x00, 0x01, 0xFF, 0xFF, 0xD0, 0xFF, 0xFD, 0x7F, 0xFF, 0xF4, 0x3F, 0xFF, 0x5B, 0xFF,
    0xE4, 0x0B, 0xFF, 0x80, 0x7F, 0xF0, 0x00, 0x3F, 0x00, 0x0F, 0xFD, 0x00, 0x1F, 0x40, 0x02, 0xFF,
    0xC0, 0x0F, 0xC0, 0x00, 0x3F, 0xF4, 0x03, 0xE0, 0x00, 0x0B, 0xFE, 0x02, 0xF0, 0x00, 0x00, 0xFF,
    0xC0, 0xFC, 0x00, 0x00, 0x2F, 0xF4, 0x7D, 0x00, 0x00, 0x07, 0xFF, 0x3F, 0x00, 0x00, 0x00, 0xFF,
    0xEF, 0x80, 0x00, 0x00, 0x1F, 0xFF, 0xC0, 0x00, 0x00, 0x03, 0xFF, 0xE0, 0x00, 0x00, 0x00, 0xBF,
    0xF4, 0x00, 0x00, 0x00, 0x0F, 0xFC, 0x00, 0x00, 0x00, 0x02, 0xFD, 0x00, 0x00, 0x00, 0x00, 0x7F,
    0x00, 0x00, 0x00, 0x00, 0x2F, 0x80, 0x00, 0x03, 0xF8, 0x0F, 0xC0, 0x00, 0x02, 0xFF, 0x0B, 0xE0,
    0x00, 0x00, 0xBF, 0x87, 0xF0, 0x00, 0x00, 0x1F, 0xFF, 0xF4, 0x00, 0x00, 0x03, 0xFF, 0xF4, 0x00,
    0x00, 0x00, 0x1A, 0x90, 0x00, 0x00, 0x00, 0x00, 0x00, 0x2F, 0x80, 0x00, 0x00, 0x00, 0x00, 0x2F,
    0xFE, 0x5F, 0x40, 0x00, 0x00, 0x1F, 0xFF, 0xFF, 0xC0, 0x00, 0x00, 0x0F, 0xFF, 0xFF, 0xE0, 0x00,
    0x00, 0x01, 0xC0, 0xBF, 0xF0, 0x00, 0x00, 0x00, 0x00, 0x00, 0x50, 0x00, 0x00, 0x00, 0x00, 0x00,
    0x00, 0x00, 0x00, 0x55, 0x55, 0x50, 0x05, 0x55, 0x54, 0xBF, 0xFF, 0xFD, 0x02, 0xFF, 0xFF, 0xAF,
    0xFF, 0xFF, 0x40, 0xBF, 0xFF, 0xE1, 0xBF, 0xFD, 0x00, 0x02, 0xFF, 0x40, 0x0B, 0xFF, 0x00, 0x00,
    0x7F, 0x40, 0x00, 0xFF, 0xE0, 0x00, 0x2F, 0x80, 0x00, 0x1F, 0xFD, 0x00, 0x1F, 0xC0, 0x00, 0x03,
    0xFF, 0xC0, 0x0F, 0xE0, 0x00, 0x00, 0x7F, 0xF8, 0x0B, 0xF0, 0x00, 0x00, 0x0B, 0xFF, 0x03, 0xF4,
    0x00, 0x00, 0x00, 0xFF, 0xE2, 0xFC, 0x00, 0x00, 0x00, 0x1F, 0xFE, 0xFC, 0x00, 0x00, 0x00, 0x03,
    0xFF, 0xFE, 0x00, 0x00, 0x00, 0x00, 0x7F, 0xFF, 0x00, 0x00, 0x00, 0x00, 0x0B, 0xFF, 0x40, 0x00,
    0x00, 0x00, 0x01, 0xFF, 0xC0, 0x00, 0x00, 0x00, 0x00, 0x7F, 0xF0, 0x00, 0x00, 0x00, 0x00, 0x1F,
    0xFC, 0x00, 0x00, 0x00, 0x00, 0x07, 0xFF, 0x00, 0x00, 0x00, 0x00, 0x01, 0xFF, 0xC0, 0x00, 0x00,
    0x00, 0x00, 0x7F, 0xF0, 0x00, 0x00, 0x00, 0x01, 0xBF, 0xFF, 0x90, 0x00, 0x00, 0x01, 0xFF, 0xFF,
    0xFC, 0x00, 0x00, 0x00, 0x7F, 0xFF, 0xFF, 0x00, 0x00, 0x00, 0x01, 0x50, 0x00, 0x00, 0x00, 0x02,
    0xFF, 0x80, 0xE0, 0x00, 0x01, 0xFF, 0xFF, 0xFC, 0x00, 0x00, 0xFF, 0xFF, 0xFD, 0x00, 0x00, 0x3C,
    0x6F, 0xFE, 0x00, 0x00, 0x00, 0x00, 0x6E, 0x00, 0x00, 0x00, 0x00, 0x00, 0x00, 0x00, 0x00, 0x00,
    0x00, 0x00, 0x00, 0x00, 0x00, 0x00, 0x00, 0x00, 0x1F, 0xFF, 0xFD, 0x0F, 0xFF, 0xD7, 0xFF, 0xFF,
    0x43, 0xFF, 0xF5, 0xBF, 0xFE, 0x40, 0xBF, 0xF8, 0x07, 0xFF, 0x00, 0x03, 0xF0, 0x00, 0xFF, 0xD0,
    0x01, 0xF4, 0x00, 0x2F, 0xFC, 0x00, 0xFC, 0x00, 0x03, 0xFF, 0x40, 0x3E, 0x00, 0x00, 0xBF, 0xE0,
    0x2F, 0x00, 0x00, 0x0F, 0xFC, 0x0F, 0xC0, 0x00, 0x02, 0xFF, 0x47, 0xD0, 0x00, 0x00, 0x7F, 0xF3,
    0xF0, 0x00, 0x00, 0x0F, 0xFE, 0xF8, 0x00, 0x00, 0x01, 0xFF, 0xFC, 0x00, 0x00, 0x00, 0x3F, 0xFE,
    0x00, 0x00, 0x00, 0x0B, 0xFF, 0x40, 0x00, 0x00, 0x00, 0xFF, 0xC0, 0x00, 0x00, 0x00, 0x2F, 0xD0,
    0x00, 0x00, 0x00, 0x07, 0xF0, 0x00, 0x00, 0x00, 0x02, 0xF8, 0x00, 0x00, 0x3F, 0x80, 0xFC, 0x00,
    0x00, 0x2F, 0xF0, 0xBE, 0x00, 0x00, 0x0B, 0xF8, 0x7F, 0x00, 0x00, 0x01, 0xFF, 0xFF, 0x40, 0x00,
    0x00, 0x3F, 0xFF, 0x40, 0x00, 0x00, 0x01, 0xA9, 0x00, 0x00, 0x00, 0x00, 0x6A, 0xAA, 0x8F, 0xFF,
    0xFC, 0xFF, 0xFF, 0xCF, 0xFF, 0xFC, 0x00, 0x00, 0x00, 0xBF, 0xFF, 0xFF, 0xFF, 0x2F, 0xFF, 0xFF,
    0xFF, 0xC7, 0xFF, 0xFF, 0xFF, 0xF0, 0xBF, 0xFF, 0xFF, 0xFF, 0x2F, 0xFF, 0xFF, 0xFF, 0xC7, 0xFF,
    0xFF, 0xFF, 0xF0, 0xBF, 0xFF, 0xFF, 0xFF, 0xFF, 0xFF, 0xFF, 0xFF, 0xEF, 0xFF, 0xFF, 0xFF, 0xFF,
    0xFF, 0xFF, 0xFF, 0xF7, 0xFF, 0xFF, 0xFF, 0xFF, 0xFF, 0xFF, 0xFF, 0xF8, 0xBF, 0xFF, 0xFF, 0xFF,
    0xFF, 0xFF, 0xFF, 0xFF, 0xEF, 0xFF, 0xFF, 0xFF, 0xFF, 0xFF, 0xFF, 0xFF, 0xF7, 0xFF, 0xFF, 0xFF,
    0xFF, 0xFF, 0xFF, 0xFF, 0xF8, 0x00, 0x00, 0x0B, 0x40, 0xBD, 0x0B, 0xD0, 0x3E, 0x02, 0xF8, 0x0F,
    0xFE, 0x3F, 0xFC, 0xBF, 0xF0, 0xFF, 0x80, 0xA4, 0x00, 0x00, 0x00, 0xBE, 0x0B, 0xFE, 0x3F, 0xFC,
    0xBF, 0xF0, 0xBF, 0xC0, 0x3E, 0x02, 0xF0, 0x2F, 0x41, 0xF4, 0x02, 0x40, 0x00, 0x00, 0x00, 0xFF,
    0x0B, 0xFF, 0x3F, 0xFC, 0xBF, 0xF0, 0x6F, 0xC0, 0x3E, 0x02, 0xF0, 0x2F, 0x41, 0xF4, 0x02, 0x00,
    0x00, 0x00, 0x00, 0x00, 0x00, 0x2D, 0x00, 0x7C, 0x0B, 0xD0, 0x1F, 0xC2, 0xF4, 0x03, 0xF0, 0x3E,
    0x00, 0xBC, 0x0B, 0xE0, 0x0F, 0xD0, 0xFF, 0xE1, 0xFF, 0xCF, 0xFF, 0x1F, 0xFE, 0xBF, 0xF1, 0xFF,
    0xE3, 0xFE, 0x0B, 0xFC, 0x0A, 0x40, 0x1A, 0x00, 0x00, 0x00, 0x00, 0x02, 0xF8, 0x07, 0xF4, 0xBF,
    0xE0, 0xFF, 0xCF, 0xFF, 0x1F, 0xFE, 0xBF, 0xF1, 0xFF, 0xE2, 0xFF, 0x07, 0xFD, 0x03, 0xE0, 0x0B,
    0xC0, 0xBC, 0x00, 0xF8, 0x2F, 0x40, 0x3F, 0x07, 0xD0, 0x0F, 0xC0, 0x24, 0x00, 0x60, 0x00, 0x00,
    0x00, 0x00, 0x03, 0xFC, 0x07, 0xF8, 0xBF, 0xF0, 0xFF, 0xDF, 0xFF, 0x1F, 0xFE, 0xBF, 0xF0, 0xFF,
    0xE1, 0xBF, 0x02, 0xFD, 0x03, 0xE0, 0x0B, 0xC0, 0xBC, 0x00, 0xF8, 0x2F, 0x40, 0x7F, 0x07, 0xD0,
    0x0F, 0xC0, 0x14, 0x00, 0x20, 0x00, 0x00, 0x00, 0x00, 0x00, 0x00, 0x0F, 0xF4, 0x00, 0x00, 0x1F,
    0xF8, 0x00, 0x00, 0x0F, 0xF0, 0x00, 0x00, 0x0F, 0xF0, 0x00, 0x00, 0x0B, 0xE0, 0x00, 0x39, 0x07,
    0xC0, 0x68, 0x7F, 0xFB, 0xDF, 0xFD, 0x7F, 0xFF, 0xFF, 0xFD, 0x7F, 0xFF, 0xFF, 0xFC, 0x3E, 0x47,
    0xC2, 0xF8, 0x00, 0x0B, 0xE0, 0x00, 0x00, 0x0F, 0xF0, 0x00, 0x00, 0x2F, 0xF4, 0x00, 0x00, 0x2F,
    0xF4, 0x00, 0x00, 0x1F, 0xF0, 0x00, 0x00, 0x0F, 0xF0, 0x00, 0x00, 0x0B, 0xE0, 0x00, 0x00, 0x0B,
    0xD0, 0x00, 0x00, 0x07, 0xD0, 0x00, 0x00, 0x07, 0xD0, 0x00, 0x00, 0x07, 0xD0, 0x00, 0x00, 0x07,
    0xD0, 0x00, 0x00, 0x07, 0xC0, 0x00, 0x00, 0x07, 0xC0, 0x00, 0x00, 0x03, 0xC0, 0x00, 0x00, 0x03,
    0xC0, 0x00, 0x00, 0x03, 0xC0, 0x00, 0x00, 0x00, 0x00, 0x00, 0x00, 0x0F, 0xF4, 0x00, 0x00, 0x1F,
    0xF8, 0x00, 0x00, 0x0F, 0xF0, 0x00, 0x00, 0x0F, 0xF0, 0x00, 0x00, 0x0B, 0xE0, 0x00, 0x39, 0x07,
    0xC0, 0x7C, 0x7F, 0xFB, 0xEF, 0xFD, 0x7F, 0xFF, 0xFF, 0xFD, 0x7F, 0xFF, 0xFF, 0xFC, 0x3E, 0x43,
    0xC1, 0xB8, 0x00, 0x0B, 0xD0, 0x00, 0x00, 0x0F, 0xE0, 0x00, 0x00, 0x0F, 0xF0, 0x00, 0x00, 0x1F,
    0xF0, 0x00, 0x00, 0x1F, 0xF0, 0x00, 0x00, 0x0F, 0xE0, 0x00, 0x00, 0x0B, 0xD0, 0x00, 0x14, 0x07,
    0xC0, 0x10, 0x3F, 0xE7, 0xDB, 0xFC, 0x7F, 0xFF, 0xFF, 0xFD, 0x7F, 0xFF, 0xFF, 0xFD, 0x3F, 0x83,
    0xC6, 0xFC, 0x10, 0x0B, 0xD0, 0x00, 0x00, 0x0F, 0xE0, 0x00, 0x00, 0x0F, 0xF0, 0x00, 0x00, 0x2F,
    0xF0, 0x00, 0x00, 0x2F, 0xF0, 0x00, 0x00, 0x0A, 0x80, 0x00, 0x00, 0x10, 0x00, 0x7F, 0xF4, 0x1F,
    0xFF, 0xD3, 0xFF, 0xFF, 0x3F, 0xFF, 0xF3, 0xFF, 0xFF, 0x2F, 0xFF, 0xE0, 0xFF, 0xFC, 0x02, 0xFE,
    0x00, 0x01, 0x00, 0x00, 0x04, 0x00, 0x00, 0x50, 0x0B, 0xFC, 0x00, 0x3F, 0xE0, 0x01, 0xFF, 0x43,
    0xFF, 0xC0, 0x2F, 0xFD, 0x00, 0xFF, 0xF1, 0xFF, 0xF0, 0x0F, 0xFF, 0x80, 0x3F, 0xFC, 0x7F, 0xFC,
    0x02, 0xFF, 0xD0, 0x0F, 0xFF, 0x0B, 0xFD, 0x00, 0x3F, 0xF0, 0x02, 0xFF, 0x80, 0x54, 0x00, 0x01,
    0x50, 0x00, 0x05, 0x00, 0x00, 0x6F, 0x90, 0x00, 0x03, 0xFC, 0x00, 0x00, 0x00, 0x00, 0x00, 0x1F,
    0xFF, 0xF4, 0x00, 0x3F, 0xE0, 0x00, 0x00, 0x00, 0x00, 0x00, 0xFF, 0x6F, 0xF4, 0x01, 0xFF, 0x00,
    0x00, 0x00, 0x00, 0x00, 0x0B, 0xF8, 0x2F, 0xE0, 0x0F, 0xF4, 0x00, 0x00, 0x00, 0x00, 0x00, 0x3F,
    0xD0, 0xBF, 0xC0, 0xBF, 0x80, 0x00, 0x00, 0x00, 0x00, 0x00, 0xFF, 0x41, 0xFF, 0x03, 0xFC, 0x00,
    0x00, 0x00, 0x00, 0x00, 0x03, 0xFD, 0x0B, 0xFC, 0x3F, 0xE0, 0x00, 0x00, 0x00, 0x00, 0x00, 0x0F,
    0xF8, 0x2F, 0xE1, 0xFF, 0x00, 0x00, 0x00, 0x00, 0x00, 0x00, 0x1F, 0xFA, 0xFF, 0x0F, 0xF4, 0x00,
    0x00, 0x00, 0x00, 0x00, 0x00, 0x1F, 0xFF, 0xF4, 0xBF, 0xC0, 0x00, 0x00, 0x00, 0x00, 0x00, 0x00,
    0x0B, 0xF9, 0x03, 0xFC, 0x0B, 0xFF, 0x40, 0x01, 0xFF, 0xE0, 0x00, 0x00, 0x00, 0x3F, 0xE1, 0xFF,
    0xFF, 0xC0, 0x3F, 0xFF, 0xF0, 0x00, 0x00, 0x01, 0xFF, 0x0F, 0xF4, 0xFF, 0x83, 0xFE, 0x2F, 0xF0,
    0x00, 0x00, 0x0F, 0xF4, 0xBF, 0x81, 0xFF, 0x1F, 0xF0, 0x3F, 0xD0, 0x00, 0x00, 0xBF, 0xC2, 0xFE,
    0x03, 0xFC, 0x7F, 0xC0, 0xFF, 0x40, 0x00, 0x03, 0xFC, 0x0F, 0xF8, 0x0F, 0xF2, 0xFF, 0x03, 0xFD,
    0x00, 0x00, 0x3F, 0xE0, 0x2F, 0xE0, 0x7F, 0xC7, 0xFC, 0x0F, 0xF4, 0x00, 0x01, 0xFF, 0x00, 0x7F,
    0xC2, 0xFF, 0x0F, 0xF0, 0x7F, 0xC0, 0x00, 0x0F, 0xF4, 0x00, 0xFF, 0xEF, 0xF0, 0x2F, 0xFB, 0xFD,
    0x00, 0x00, 0xBF, 0xC0, 0x00, 0xFF, 0xFF, 0x40, 0x2F, 0xFF, 0xD0, 0x00, 0x01, 0x54, 0x00, 0x00,
    0x2A, 0x90, 0x00, 0x06, 0xA4, 0x00, 0x05, 0x02, 0xFC, 0x3F, 0xE3, 0xFC, 0x3F, 0x83, 0xF0, 0x7E,
    0x07, 0xC0, 0x78, 0x01, 0x00, 0x05, 0x00, 0x50, 0x2F, 0xC1, 0xFD, 0x3F, 0xE3, 0xFE, 0x3F, 0xC3,
    0xFD, 0x3F, 0x83, 0xFC, 0x3F, 0x03, 0xF4, 0x7E, 0x03, 0xF0, 0x7C, 0x03, 0xD0, 0x78, 0x03, 0xC0,
    0x10, 0x00, 0x00, 0x00, 0x00, 0x00, 0x03, 0xD0, 0x03, 0xF4, 0x03, 0xFC, 0x03, 0xFC, 0x07, 0xFE,
    0x03, 0xFF, 0x03, 0xFF, 0x40, 0xFF, 0xC0, 0x2F, 0xFC, 0x02, 0xFF, 0x40, 0x2F, 0xF0, 0x01, 0xFE,
    0x00, 0x1F, 0xD0, 0x01, 0xF8, 0x00, 0x04, 0x00, 0x00, 0x02, 0xE0, 0x00, 0x3F, 0x80, 0x00, 0xFE,
    0x00, 0x0B, 0xFC, 0x00, 0x3F, 0xF0, 0x01, 0xFF, 0xC0, 0x0B, 0xFD, 0x00, 0xBF, 0xE0, 0x0F, 0xFC,
    0x03, 0xFF, 0x40, 0x7F, 0xC0, 0x0F, 0xF0, 0x02, 0xFC, 0x00, 0x3F, 0x00, 0x00, 0x40, 0x00, 0x00,
    0x00, 0x00, 0x18, 0x00, 0x00, 0x00, 0x00, 0x00, 0x00, 0xBE, 0x00, 0x00, 0x00, 0x00, 0x00, 0x00,
    0xBE, 0x00, 0x00, 0x00, 0x00, 0x00, 0xBC, 0x7D, 0x2E, 0x00, 0x00, 0x00, 0x00, 0xFF, 0x3C, 0xFF,
    0x00, 0x00, 0x00, 0x00, 0xBF, 0xFF, 0xFF, 0x00, 0x00, 0x00, 0x00, 0x0B, 0xFF, 0xE4, 0x00, 0x00,
    0x00, 0x00, 0x01, 0xFF, 0x40, 0x00, 0x00, 0x00, 0x00, 0x7F, 0xFF, 0xFC, 0x00, 0x00, 0x00, 0x00,
    0xFF, 0x7D, 0xFF, 0x00, 0x00, 0x00, 0x00, 0xFD, 0x7C, 0x7F, 0x00, 0x00, 0x00, 0x00, 0x10, 0xBD,
    0x18, 0x00, 0x00, 0x00, 0x00, 0x00, 0xFE, 0x00, 0x00, 0x00, 0x00, 0x00, 0x00, 0x7C, 0x00, 0x00,
    0x00, 0x00, 0x09, 0x00, 0x00, 0x00, 0x24, 0x00, 0x00, 0x3F, 0x00, 0x00, 0x00, 0xFC, 0x00, 0x00,
    0x3F, 0x00, 0x00, 0x00, 0xFC, 0x00, 0x3D, 0x3F, 0x1F, 0x00, 0xF4, 0xFC, 0x7C, 0x7F, 0x6E, 0x7F,
    0x81, 0xFD, 0xB9, 0xFE, 0x3F, 0xEE, 0xFF, 0x40, 0xFF, 0xBB, 0xFD, 0x06, 0xFF, 0xE4, 0x00, 0x1B,
    0xFF, 0x90, 0x01, 0xBF, 0x90, 0x00, 0x06, 0xFE, 0x40, 0x2F, 0xFF, 0xFE, 0x00, 0xBF, 0xFF, 0xF8,
    0xBF, 0xAE, 0xFF, 0x42, 0xFE, 0xBB, 0xFD, 0x7E, 0x3E, 0x3F, 0x41, 0xF8, 0xF8, 0xFD, 0x14, 0x3F,
    0x0A, 0x00, 0x50, 0xFC, 0x28, 0x00, 0x7F, 0x00, 0x00, 0x01, 0xFC, 0x00, 0x00, 0x3D, 0x00, 0x00,
    0x00, 0xF4, 0x00, 0x00, 0x00, 0x00, 0x07, 0xF4, 0x00, 0x00, 0x00, 0x3F, 0xC0, 0x00, 0x00, 0x02,
    0xFD, 0x00, 0x00, 0x00, 0x0F, 0xF0, 0x00, 0x00, 0x00, 0xFF, 0x00, 0x00, 0x00, 0x07, 0xF8, 0x00,
    0x00, 0x00, 0x3F, 0xC0, 0x00, 0x00, 0x02, 0xFE, 0x00, 0x00, 0x00, 0x0F, 0xF0, 0x00, 0x00, 0x00,
    0xBF, 0x40, 0x00, 0x00, 0x03, 0xFC, 0x00, 0x00, 0x00, 0x3F, 0xC0, 0x00, 0x00, 0x01, 0xFE, 0x00,
    0x00, 0x00, 0x0F, 0xF0, 0x00, 0x00, 0x00, 0xBF, 0x40, 0x00, 0x00, 0x03, 0xFC, 0x00, 0x00, 0x00,
    0x2F, 0xD0, 0x00, 0x00, 0x00, 0xFF, 0x00, 0x00, 0x00, 0x0F, 0xF0, 0x00, 0x00, 0x00, 0x7F, 0x80,
    0x00, 0x00, 0x03, 0xFC, 0x00, 0x00, 0x00, 0x2F, 0xD0, 0x00, 0x00, 0x00, 0xFF, 0x00, 0x00, 0x00,
    0x0B, 0xF4, 0x00, 0x00, 0x00, 0x15, 0x40, 0x00, 0x00, 0x00, 0x00, 0x1B, 0xF8, 0x00, 0x01, 0xFF,
    0xFF, 0x80, 0x07, 0xFD, 0x7F, 0xE0, 0x0F, 0xF0, 0x1F, 0xF0, 0x2F, 0xF0, 0x0F, 0xF8, 0x3F, 0xE0,
    0x0B, 0xFC, 0x3F, 0xE0, 0x0B, 0xFC, 0x3F, 0xD0, 0x0B, 0xFC, 0x3F, 0xD0, 0x0B, 0xFC, 0x3F, 0xE0,
    0x0B, 0xFC, 0x3F, 0xE0, 0x0B, 0xFC, 0x2F, 0xF0, 0x0F, 0xF4, 0x0F, 0xF4, 0x1F, 0xF0, 0x0B, 0xFD,
    0x7F, 0xD0, 0x02, 0xFF, 0xFF, 0x40, 0x00, 0x2F, 0xF8, 0x00, 0x00, 0x00, 0x59, 0x00, 0x00, 0x3F,
    0xE0, 0x00, 0x0F, 0xFE, 0x00, 0x02, 0xFF, 0xE0, 0x00, 0x7F, 0xFE, 0x00, 0x0F, 0xAF, 0xE0, 0x02,
    0xF2, 0xFE, 0x00, 0x7C, 0x2F, 0xE0, 0x0F, 0x82, 0xFE, 0x02, 0xF0, 0x2F, 0xE0, 0x7E, 0x57, 0xFF,
    0x5B, 0xFF, 0xFF, 0xFF, 0xBF, 0xFF, 0xFF, 0xF0, 0x00, 0x2F, 0xE0, 0x00, 0x02, 0xFE, 0x00, 0x00,
    0x2F, 0xE0, 0x06, 0xAA, 0xA9, 0x03, 0xFF, 0xFF, 0x80, 0xFF, 0xFF, 0xD0, 0x3F, 0xAA, 0xA0, 0x0F,
    0x80, 0x00, 0x07, 0xD0, 0x00, 0x01, 0xFB, 0xFE, 0x00, 0x7F, 0xFF, 0xF0, 0x0E, 0x5B, 0xFF, 0x00,
    0x00, 0x7F, 0xC0, 0x00, 0x0F, 0xF4, 0x00, 0x07, 0xFC, 0x3D, 0x03, 0xFF, 0x1F, 0xFF, 0xFF, 0x41,
    0xFF, 0xFF, 0x80, 0x0B, 0xFE, 0x00, 0x00, 0x1B, 0xF9, 0x00, 0x0F, 0xFF, 0xF8, 0x03, 0xFD, 0x1F,
    0xC0, 0xFF, 0x01, 0xFC, 0x1F, 0xD0, 0x0F, 0x42, 0xFC, 0x00, 0x00, 0x3F, 0xCB, 0xFD, 0x03, 0xFF,
    0xFF, 0xF4, 0x3F, 0xF4, 0xBF, 0xC3, 0xFD, 0x03, 0xFD, 0x3F, 0xC0, 0x3F, 0xD3, 0xFC, 0x03, 0xFD,
    0x1F, 0xD0, 0x3F, 0xC0, 0xFF, 0x4B, 0xF8, 0x03, 0xFF, 0xFE, 0x00, 0x0B, 0xFE, 0x40, 0x2A, 0xAA,
    0xAA, 0x0F, 0xFF, 0xFF, 0xD7, 0xFF, 0xFF, 0xF5, 0xF4, 0x01, 0xFC, 0xBC, 0x00, 0xFC, 0x19, 0x00,
    0xFD, 0x00, 0x00, 0xBF, 0x00, 0x00, 0x3F, 0x40, 0x00, 0x2F, 0xC0, 0x00, 0x0F, 0xE0, 0x00, 0x07,
    0xF4, 0x00, 0x02, 0xFD, 0x00, 0x00, 0xFF, 0x00, 0x00, 0x3F, 0xC0, 0x00, 0x0F, 0xF0, 0x00, 0x02,
    0xA8, 0x00, 0x00, 0xBF, 0xF4, 0x00, 0x7F, 0xFF, 0xF0, 0x1F, 0xF4, 0xBF, 0x82, 0xFC, 0x03, 0xFC,
    0x2F, 0xE0, 0x3F, 0x81, 0xFF, 0x87, 0xF0, 0x0F, 0xFF, 0xF8, 0x00, 0x2F, 0xFF, 0xD0, 0x07, 0xFF,
    0xFF, 0x81, 0xFD, 0x2F, 0xFC, 0x3F, 0x80, 0x3F, 0xE7, 0xF4, 0x02, 0xFE, 0x7F, 0x80, 0x3F, 0xD3,
    0xFE, 0x5F, 0xFC, 0x1F, 0xFF, 0xFF, 0x00, 0x1B, 0xFE, 0x40, 0x01, 0xBF, 0xE0, 0x00, 0xBF, 0xFF,
    0xC0, 0x2F, 0xE1, 0xFF, 0x03, 0xFC, 0x07, 0xF8, 0x3F, 0x80, 0x3F, 0xC7, 0xF8, 0x03, 0xFC, 0x7F,
    0xC0, 0x7F, 0xC3, 0xFE, 0x1F, 0xFC, 0x1F, 0xFF, 0xFF, 0xC0, 0x7F, 0xF7, 0xFC, 0x00, 0x10, 0x3F,
    0x80, 0x00, 0x07, 0xF4, 0x08, 0x00, 0xFF, 0x03, 0xFE, 0xFF, 0xE0, 0x2F, 0xFF, 0xF8, 0x00, 0x2F,
    0xF8, 0x00, 0x00, 0x20, 0x03, 0xF0, 0x3F, 0x02, 0xFC, 0x0F, 0xD0, 0xBF, 0x03, 0xFC, 0x1F, 0xE0,
    0xBF, 0x82, 0xFD, 0x0B, 0xF4, 0x2F, 0xD0, 0x7F, 0x81, 0xFE, 0x03, 0xFC, 0x0B, 0xF0, 0x0F, 0xD0,
    0x2F, 0xC0, 0x3F, 0x00, 0x3E, 0x00, 0x20, 0x04, 0x00, 0x3E, 0x00, 0x1F, 0x80, 0x0F, 0xD0, 0x0B,
    0xF0, 0x07, 0xF4, 0x03, 0xFC, 0x03, 0xFC, 0x02, 0xFD, 0x02, 0xFD, 0x02, 0xFD, 0x02, 0xFD, 0x02,
    0xFD, 0x03, 0xFC, 0x03, 0xFC, 0x07, 0xF4, 0x0B, 0xF0, 0x0F, 0xD0, 0x1F, 0x80, 0x3F, 0x00, 0x08,
    0x00, 0x05, 0x64, 0x1A, 0x90, 0x03, 0xFF, 0x8F, 0xFF, 0x80, 0x2F, 0xFF, 0xFF, 0xFD, 0x00, 0x3F,
    0xF0, 0x3F, 0xE0, 0x03, 0xFD, 0x02, 0xFE, 0x00, 0x3F, 0xC0, 0x2F, 0xE0, 0x03, 0xFC, 0x02, 0xFE,
    0x00, 0x3F, 0xC0, 0x2F, 0xE0, 0x03, 0xFC, 0x02, 0xFE, 0x00, 0x3F, 0xC0, 0x2F, 0xE0, 0x1B, 0xFE,
    0x07, 0xFF, 0x43, 0xFF, 0xF8, 0xFF, 0xFE, 0x1A, 0xAA, 0x4A, 0xAA, 0x90, 0x00, 0x1B, 0xF8, 0x00,
    0x01, 0xFF, 0xFF, 0x80, 0x07, 0xFD, 0x7F, 0xE0, 0x0F, 0xF0, 0x1F, 0xF0, 0x2F, 0xF0, 0x0F, 0xF8,
    0x3F, 0xE0, 0x0B, 0xFC, 0x3F, 0xE0, 0x0B, 0xFC, 0x3F, 0xD0, 0x0B, 0xFC, 0x3F, 0xD0, 0x0B, 0xFC,
    0x3F, 0xE0, 0x0B, 0xFC, 0x3F, 0xE0, 0x0B, 0xFC, 0x2F, 0xF0, 0x0F, 0xF4, 0x0F, 0xF4, 0x1F, 0xF0,
    0x0B, 0xFD, 0x7F, 0xD0, 0x02, 0xFF, 0xFF, 0x40, 0x00, 0x2F, 0xF8, 0x00, 0x01, 0x6B, 0x00, 0xFF,
    0xFC, 0x03, 0xFF, 0xF0, 0x00, 0xBF, 0xC0, 0x00, 0xFF, 0x00, 0x03, 0xFC, 0x00, 0x0F, 0xF0, 0x00,
    0x3F, 0xC0, 0x00, 0xFF, 0x00, 0x03, 0xFC, 0x00, 0x0F, 0xF0, 0x00, 0x3F, 0xC0, 0x01, 0xFF, 0x00,
    0x6F, 0xFF, 0x93, 0xFF, 0xFF, 0x86, 0xAA, 0xA9, 0x01, 0xFF, 0xE0, 0x07, 0xFF, 0xFF, 0x43, 0xF4,
    0x7F, 0xF1, 0xFC, 0x03, 0xFD, 0x7F, 0x40, 0xFF, 0x46, 0x40, 0x3F, 0xC0, 0x00, 0x2F, 0xE0, 0x00,
    0x1F, 0xF0, 0x00, 0x1F, 0xF0, 0x00, 0x1F, 0xE0, 0x00, 0x1F, 0xE0, 0x64, 0x1F, 0xD0, 0x3E, 0x1F,
    0xEA, 0xBF, 0x8F, 0xFF, 0xFF, 0xE3, 0xFF, 0xFF, 0xF4, 0x6A, 0xAA, 0xA8, 0x01, 0xBF, 0xE0, 0x03,
    0xFF, 0xFF, 0x42, 0xF8, 0x2F, 0xF0, 0xFE, 0x03, 0xFD, 0x3F, 0x80, 0xFF, 0x41, 0x40, 0x7F, 0xC0,
    0x00, 0x7F, 0x80, 0x01, 0xFF, 0x40, 0x00, 0x7F, 0xFD, 0x00, 0x00, 0x7F, 0xD0, 0x00, 0x0B, 0xF8,
    0x00, 0x02, 0xFF, 0x2E, 0x01, 0xFF, 0x8F, 0xFF, 0xFF, 0xC1, 0xFF, 0xFF, 0xD0, 0x06, 0xFF, 0x40,
    0x00, 0x00, 0x59, 0x00, 0x00, 0x3F, 0xE0, 0x00, 0x0F, 0xFE, 0x00, 0x02, 0xFF, 0xE0, 0x00, 0x7F,
    0xFE, 0x00, 0x0F, 0xAF, 0xE0, 0x02, 0xF2, 0xFE, 0x00, 0x7C, 0x2F, 0xE0, 0x0F, 0x82, 0xFE, 0x02,
    0xF0, 0x2F, 0xE0, 0x7E, 0x57, 0xFF, 0x5B, 0xFF, 0xFF, 0xFF, 0xBF, 0xFF, 0xFF, 0xF0, 0x00, 0x2F,
    0xE0, 0x00, 0x02, 0xFE, 0x00, 0x00, 0x2F, 0xE0, 0x06, 0xAA, 0xA9, 0x03, 0xFF, 0xFF, 0x80, 0xFF,
    0xFF, 0xD0, 0x3F, 0xAA, 0xA0, 0x0F, 0x80, 0x00, 0x07, 0xD0, 0x00, 0x01, 0xFB, 0xFE, 0x00, 0x7F,
    0xFF, 0xF0, 0x0E, 0x5B, 0xFF, 0x00, 0x00, 0x7F, 0xC0, 0x00, 0x0F, 0xF4, 0x00, 0x07, 0xFC, 0x3D,
    0x03, 0xFF, 0x1F, 0xFF, 0xFF, 0x41, 0xFF, 0xFF, 0x80, 0x0B, 0xFE, 0x00, 0x00, 0x1B, 0xF9, 0x00,
    0x0F, 0xFF, 0xF8, 0x03, 0xFD, 0x1F, 0xC0, 0xFF, 0x01, 0xFC, 0x1F, 0xD0, 0x0F, 0x42, 0xFC, 0x00,
    0x00, 0x3F, 0xCB, 0xFD, 0x03, 0xFF, 0xFF, 0xF4, 0x3F, 0xF4, 0xBF, 0xC3, 0xFD, 0x03, 0xFD, 0x3F,
    0xC0, 0x3F, 0xD3, 0xFC, 0x03, 0xFD, 0x1F, 0xD0, 0x3F, 0xC0, 0xFF, 0x4B, 0xF8, 0x03, 0xFF, 0xFE,
    0x00, 0x0B, 0xFE, 0x40, 0x2A, 0xAA, 0xAA, 0x0F, 0xFF, 0xFF, 0xD7, 0xFF, 0xFF, 0xF5, 0xF4, 0x01,
    0xFC, 0xBC, 0x00, 0xFC, 0x19, 0x00, 0xFD, 0x00, 0x00, 0xBF, 0x00, 0x00, 0x3F, 0x40, 0x00, 0x2F,
    0xC0, 0x00, 0x0F, 0xE0, 0x00, 0x07, 0xF4, 0x00, 0x02, 0xFD, 0x00, 0x00, 0xFF, 0x00, 0x00, 0x3F,
    0xC0, 0x00, 0x0F, 0xF0, 0x00, 0x02, 0xA8, 0x00, 0x00, 0xBF, 0xF4, 0x00, 0x7F, 0xFF, 0xF0, 0x1F,
    0xF4, 0xBF, 0x82, 0xFC, 0x03, 0xFC, 0x2F, 0xE0, 0x3F, 0x81, 0xFF, 0x87, 0xF0, 0x0F, 0xFF, 0xF8,
    0x00, 0x2F, 0xFF, 0xD0, 0x07, 0xFF, 0xFF, 0x81, 0xFD, 0x2F, 0xFC, 0x3F, 0x80, 0x3F, 0xE7, 0xF4,
    0x02, 0xFE, 0x7F, 0x80, 0x3F, 0xD3, 0xFE, 0x5F, 0xFC, 0x1F, 0xFF, 0xFF, 0x00, 0x1B, 0xFE, 0x40,
    0x01, 0xBF, 0xE0, 0x00, 0xBF, 0xFF, 0xC0, 0x2F, 0xE1, 0xFF, 0x03, 0xFC, 0x07, 0xF8, 0x3F, 0x80,
    0x3F, 0xC7, 0xF8, 0x03, 0xFC, 0x7F, 0xC0, 0x7F, 0xC3, 0xFE, 0x1F, 0xFC, 0x1F, 0xFF, 0xFF, 0xC0,
    0x7F, 0xF7, 0xFC, 0x00, 0x10, 0x3F, 0x80, 0x00, 0x07, 0xF4, 0x08, 0x00, 0xFF, 0x03, 0xFE, 0xFF,
    0xE0, 0x2F, 0xFF, 0xF8, 0x00, 0x2F, 0xF8, 0x00, 0x00, 0x20, 0x03, 0xF0, 0x3F, 0x02, 0xFC, 0x0F,
    0xD0, 0xBF, 0x03, 0xFC, 0x1F, 0xE0, 0xBF, 0x82, 0xFD, 0x0B, 0xF4, 0x2F, 0xD0, 0x7F, 0x81, 0xFE,
    0x03, 0xFC, 0x0B, 0xF0, 0x0F, 0xD0, 0x2F, 0xC0, 0x3F, 0x00, 0x3E, 0x00, 0x20, 0x04, 0x00, 0x3E,
    0x00, 0x1F, 0x80, 0x0F, 0xD0, 0x0B, 0xF0, 0x07, 0xF4, 0x03, 0xFC, 0x03, 0xFC, 0x02, 0xFD, 0x02,
    0xFD, 0x02, 0xFD, 0x02, 0xFD, 0x02, 0xFD, 0x03, 0xFC, 0x03, 0xFC, 0x07, 0xF4, 0x0B, 0xF0, 0x0F,
    0xD0, 0x1F, 0x80, 0x3F, 0x00, 0x08, 0x00, 0x00, 0x00, 0x09, 0x18, 0x00, 0x00, 0x00, 0x74, 0xF0,
    0x00, 0x00, 0x02, 0xC3, 0xC0, 0x00, 0x00, 0x6F, 0xEF, 0x38, 0x00, 0x2F, 0xFF, 0xFD, 0xF0, 0x07,
    0xFF, 0xFF, 0xFF, 0xC0, 0x3F, 0xFF, 0x9F, 0xFF, 0x03, 0xFF, 0x5D, 0x3F, 0xFD, 0x1F, 0xF4, 0xB0,
    0xF3, 0xF4, 0xFF, 0xC3, 0xC3, 0x87, 0xE7, 0xFE, 0x0F, 0x1E, 0x04, 0x2F, 0xF4, 0x38, 0xB4, 0x00,
    0xBF, 0xD1, 0xD2, 0xC0, 0x03, 0xFF, 0x0B, 0x4F, 0x00, 0x0F, 0xFC, 0x3C, 0x3C, 0x00, 0x3F, 0xF0,
    0xF0, 0xE0, 0x00, 0xFF, 0xD3, 0xC7, 0x40, 0x03, 0xFF, 0x5E, 0x2D, 0x00, 0x0B, 0xFE, 0x74, 0xB0,
    0x00, 0x1F, 0xFA, 0xC3, 0xC0, 0x00, 0x3F, 0xFF, 0x0F, 0x00, 0xF4, 0xFF, 0xFC, 0x78, 0x0B, 0xD1,
    0xFF, 0xE1, 0xD0, 0x7F, 0x42, 0xFF, 0xEB, 0x4B, 0xFC, 0x03, 0xFF, 0xFF, 0xFF, 0xF0, 0x03, 0xFF,
    0xFF, 0xFF, 0xC0, 0x03, 0xFF, 0xFF, 0x7E, 0x00, 0x0F, 0x2E, 0x40, 0x64, 0x00, 0x38, 0xB4, 0x00,
    0x00, 0x01, 0xD2, 0xC0, 0x00, 0x00, 0x05, 0x55, 0x55, 0x55, 0x54, 0x07, 0xFF, 0xFF, 0xFF, 0xFF,
    0x41, 0xFF, 0xFF, 0xFF, 0xFF, 0xE0, 0x07, 0xFF, 0xD5, 0x6F, 0xFC, 0x00, 0xFF, 0xF0, 0x00, 0xFF,
    0x00, 0x3F, 0xFC, 0x00, 0x1F, 0xC0, 0x0F, 0xFF, 0x00, 0x03, 0xF4, 0x03, 0xFF, 0xC0, 0x00, 0x54,
    0x00, 0xFF, 0xF0, 0x00, 0x00, 0x00, 0x3F, 0xFC, 0x03, 0xD0, 0x00, 0x0F, 0xFF, 0x01, 0xF4, 0x00,
    0x03, 0xFF, 0xFF, 0xFD, 0x00, 0x00, 0xFF, 0xFF, 0xFF, 0x40, 0x00, 0x3F, 0xFE, 0xAA, 0x90, 0x00,
    0x0F, 0xFF, 0x00, 0x00, 0x00, 0x03, 0xFF, 0xC0, 0x00, 0x00, 0x7F, 0xFF, 0xFF, 0xFF, 0x40, 0x1F,
    0xFF, 0xFF, 0xFF, 0xD0, 0x01, 0x5F, 0xFF, 0x55, 0x50, 0x00, 0x03, 0xFF, 0xC0, 0x00, 0x00, 0x00,
    0xFF, 0xF0, 0x00, 0x00, 0x02, 0xFF, 0xFF, 0xA0, 0x00, 0x01, 0xFF, 0xFF, 0xFD, 0x00, 0x00, 0x7F,
    0xFF, 0xFF, 0x40, 0x00, 0x00, 0x01, 0xAF, 0xE4, 0x00, 0x00, 0x1F, 0xFF, 0xFF, 0x40, 0x00, 0xBF,
    0xFA, 0xFF, 0xD0, 0x02, 0xFF, 0xC0, 0x2F, 0xF0, 0x03, 0xFF, 0x40, 0x3F, 0xF0, 0x07, 0xFF, 0x00,
    0x3F, 0xF0, 0x07, 0xFF, 0x00, 0x3F, 0xE0, 0x07, 0xFF, 0x00, 0x01, 0x00, 0x07, 0xFF, 0x40, 0x00,
    0x00, 0x3F, 0xFF, 0xFF, 0xFD, 0x00, 0x7F, 0xFF, 0xFF, 0xFE, 0x00, 0x01, 0xFF, 0xE0, 0x00, 0x00,
    0x00, 0xFF, 0xF0, 0x00, 0x00, 0x15, 0xBF, 0xF9, 0x55, 0x00, 0x3F, 0xFF, 0xFF, 0xFE, 0x00, 0x2A,
    0xBF, 0xFE, 0xA9, 0x00, 0x00, 0x1F, 0xF8, 0x00, 0x00, 0x00, 0x2F, 0xF4, 0x00, 0xA8, 0x00, 0x3F,
    0xF0, 0x00, 0xFC, 0x00, 0x7F, 0xC0, 0x03, 0xFC, 0x01, 0xFF, 0x95, 0x6F, 0xF8, 0x0F, 0xFF, 0xFF,
    0xFF, 0xF8, 0x1F, 0xFF, 0xFF, 0xFF, 0xF8, 0x0F, 0xFF, 0xFF, 0xFF, 0xF4, 0x05, 0x55, 0x50, 0x00,
    0x05, 0x55, 0x50, 0x7F, 0xFF, 0xE0, 0x00, 0x7F, 0xFF, 0xD1, 0xFF, 0xFF, 0xC0, 0x01, 0xFF, 0xFF,
    0x40, 0x7F, 0xFF, 0xC0, 0x00, 0x7F, 0xD0, 0x00, 0xFF, 0xFF, 0x40, 0x00, 0xBF, 0x00, 0x03, 0xFF,
    0xFF, 0x00, 0x02, 0xFC, 0x00, 0x0F, 0xEF, 0xFD, 0x00, 0x0B, 0xF0, 0x00, 0x3F, 0x9F, 0xFC, 0x00,
    0x2F, 0xC0, 0x00, 0xFE, 0x3F, 0xF8, 0x00, 0xBF, 0x00, 0xBF, 0xFF, 0xFF, 0xFF, 0xFF, 0xFF, 0xE3,
    0xFF, 0xFF, 0xFF, 0xFF, 0xFF, 0xFF, 0x80, 0x3F, 0x80, 0xFF, 0xD0, 0x2F, 0xC0, 0x00, 0xFE, 0x01,
    0xFF, 0xC0, 0xBF, 0x00, 0xBF, 0xFF, 0xFF, 0xFF, 0xFF, 0xFF, 0xD3, 0xFF, 0xFF, 0xFF, 0xFF, 0xFF,
    0xFF, 0x85, 0x7F, 0x95, 0x5F, 0xFE, 0x6F, 0xD4, 0x00, 0xFE, 0x00, 0x0F, 0xFC, 0xBF, 0x00, 0x03,
    0xF8, 0x00, 0x2F, 0xFA, 0xFC, 0x00, 0x0F, 0xE0, 0x00, 0x3F, 0xFF, 0xF0, 0x00, 0x3F, 0x80, 0x00,
    0x7F, 0xFF, 0xC0, 0x00, 0xFE, 0x00, 0x00, 0xFF, 0xFF, 0x00, 0x2F, 0xFE, 0x40, 0x01, 0xFF, 0xFC,
    0x01, 0xFF, 0xFF, 0x40, 0x02, 0xFF, 0xF0, 0x07, 0xFF, 0xFD, 0x00, 0x03, 0xFF, 0xC0, 0x15, 0x55,
    0x55, 0x40, 0x00, 0x00, 0x00, 0x00, 0x00, 0x00, 0x00, 0x00, 0x01, 0xFF, 0xFF, 0xFF, 0xFD, 0x00,
    0x00, 0x2F, 0x00, 0x00, 0x00, 0x00, 0x00, 0x07, 0xFF, 0xFF, 0xFF, 0xFF, 0x00, 0x01, 0xFD, 0x00,
    0x00, 0x00, 0x00, 0x00, 0x01, 0xFF, 0xF5, 0xBF, 0xFF, 0x00, 0x07, 0xF4, 0x00, 0x00, 0x00, 0x00,
    0x00, 0x03, 0xFF, 0x80, 0x2F, 0xFD, 0x00, 0x2F, 0xD0, 0x00, 0x00, 0x00, 0x00, 0x00, 0x0F, 0xFE,
    0x00, 0x3F, 0xFC, 0x00, 0xFF, 0x40, 0x00, 0x00, 0x00, 0x00, 0x00, 0x3F, 0xF8, 0x00, 0xFF, 0xF0,
    0x0F, 0xFD, 0x00, 0x00, 0x01, 0xA4, 0x19, 0x00, 0xFF, 0xE0, 0x02, 0xFF, 0xC3, 0xFF, 0xFF, 0xFC,
    0x01, 0xFF, 0xFF, 0xF8, 0x03, 0xFF, 0x80, 0x0B, 0xFF, 0x1F, 0xFF, 0xFF, 0xF0, 0x1F, 0xFF, 0xFF,
    0xE0, 0x0F, 0xFE, 0x00, 0x3F, 0xFC, 0x7F, 0xFF, 0xFF, 0xC0, 0xFF, 0x40, 0xBF, 0xC0, 0x3F, 0xF8,
    0x01, 0xFF, 0xD0, 0x0F, 0xFD, 0x00, 0x07, 0xFC, 0x00, 0x7F, 0x00, 0xFF, 0xE0, 0x0F, 0xFF, 0x00,
    0x3F, 0xF4, 0x00, 0x2F, 0xF0, 0x00, 0xFC, 0x03, 0xFF, 0xEB, 0xFF, 0xF4, 0x00, 0xFF, 0xD0, 0x00,
    0xBF, 0xF9, 0x00, 0x00, 0x0F, 0xFF, 0xFF, 0xFF, 0x40, 0x03, 0xFF, 0x40, 0x01, 0xFF, 0xFF, 0x90,
    0x00, 0x3F, 0xFF, 0xFF, 0xD0, 0x00, 0x0F, 0xFD, 0x00, 0x03, 0xFF, 0xFF, 0xF4, 0x00, 0xFF, 0xE1,
    0x40, 0x00, 0x00, 0x3F, 0xF4, 0x00, 0x03, 0xFF, 0xFF, 0xF8, 0x03, 0xFF, 0x80, 0x00, 0x00, 0x00,
    0xFF, 0xD0, 0x00, 0x01, 0xFF, 0xFF, 0xF0, 0x0F, 0xFE, 0x00, 0x00, 0x00, 0x03, 0xFF, 0x40, 0x00,
    0x00, 0x1B, 0xFF, 0xD0, 0x3F, 0xF8, 0x00, 0x00, 0x00, 0x0F, 0xFD, 0x00, 0x06, 0x80, 0x02, 0xFF,
    0x80, 0xFF, 0xE0, 0x00, 0x00, 0x00, 0x3F, 0xF4, 0x00, 0x2F, 0x80, 0x03, 0xFD, 0x03, 0xFF, 0xC0,
    0x00, 0x00, 0x00, 0xFF, 0xF0, 0x64, 0xBF, 0x40, 0x0F, 0xF0, 0xBF, 0xFF, 0xE4, 0x00, 0x00, 0x02,
    0xFF, 0xFF, 0xF2, 0xFF, 0x91, 0xBF, 0xC7, 0xFF, 0xFF, 0xF4, 0x00, 0x00, 0x03, 0xFF, 0xFF, 0x87,
    0xFF, 0xFF, 0xFC, 0x1F, 0xFF, 0xFF, 0xD0, 0x00, 0x00, 0x07, 0xFF, 0xF4, 0x1F, 0xBF, 0xFF, 0x80,
    0x00, 0x00, 0x00, 0x00, 0x00, 0x00, 0x01, 0x54, 0x00, 0x14, 0x05, 0x50, 0x00, 0x15, 0x55, 0x54,
    0x00, 0x15, 0x50, 0x00, 0x55, 0x55, 0x5F, 0xFF, 0xFF, 0x80, 0x1F, 0xFE, 0x00, 0x3F, 0xFF, 0xF7,
    0xFF, 0xFF, 0xE0, 0x0B, 0xFF, 0xC0, 0x0F, 0xFF, 0xFC, 0x1F, 0xFF, 0x80, 0x03, 0xFF, 0xF0, 0x00,
    0x7F, 0xE4, 0x02, 0xFF, 0xC0, 0x00, 0xFF, 0xFD, 0x00, 0x07, 0xF0, 0x00, 0x7F, 0xF4, 0x00, 0x7F,
    0xFF, 0x80, 0x02, 0xF8, 0x00, 0x0F, 0xFE, 0x00, 0x2F, 0x3F, 0xF0, 0x00, 0xFD, 0x00, 0x03, 0xFF,
    0xC0, 0x0F, 0xCF, 0xFC, 0x00, 0x3F, 0x00, 0x1A, 0xFF, 0xFA, 0xAB, 0xFB, 0xFF, 0xAA, 0xAF, 0xEA,
    0x0F, 0xFF, 0xFF, 0xFF, 0xFF, 0xFF, 0xFF, 0xFF, 0xFF, 0xC2, 0xAF, 0xFF, 0xEA, 0xFF, 0xBF, 0xFF,
    0xAB, 0xFE, 0xA0, 0x00, 0xFF, 0xE0, 0x3F, 0x03, 0xFF, 0x40, 0xFC, 0x00, 0x00, 0x3F, 0xFC, 0x0F,
    0xC0, 0xFF, 0xE0, 0x3F, 0x00, 0x0F, 0xFF, 0xFF, 0xFF, 0xFF, 0xFF, 0xFF, 0xFF, 0xFF, 0xC7, 0xFF,
    0xFF, 0xFF, 0xFF, 0xFF, 0xFF, 0xFF, 0xFF, 0xF0, 0x00, 0x3F, 0xF8, 0xFD, 0x00, 0xFF, 0xD3, 0xF0,
    0x00, 0x00, 0x0F, 0xFE, 0x3F, 0x00, 0x3F, 0xF8, 0xFC, 0x00, 0x00, 0x02, 0xFF, 0xDF, 0xC0, 0x0B,
    0xFF, 0x3E, 0x00, 0x00, 0x00, 0x7F, 0xFB, 0xE0, 0x01, 0xFF, 0xEF, 0x80, 0x00, 0x00, 0x0F, 0xFF,
    0xF4, 0x00, 0x3F, 0xFF, 0xD0, 0x00, 0x00, 0x03, 0xFF, 0xFC, 0x00, 0x0F, 0xFF, 0xF0, 0x00, 0x00,
    0x00, 0xBF, 0xFF, 0x00, 0x02, 0xFF, 0xFC, 0x00, 0x00, 0x00, 0x1F, 0xFF, 0x80, 0x00, 0x7F, 0xFE,
    0x00, 0x00, 0x00, 0x03, 0xFF, 0xD0, 0x00, 0x0F, 0xFF, 0x40, 0x00, 0x00, 0x00, 0x05, 0x56, 0x90,
    0x00, 0x00, 0x03, 0xFF, 0xFC, 0x00, 0x00, 0x00, 0xFF, 0xFF, 0x00, 0x00, 0x00, 0x07, 0xFF, 0xC0,
    0x00, 0x00, 0x00, 0xBF, 0xF0, 0x00, 0x00, 0xFF, 0xFF, 0xFF, 0xE0, 0x00, 0x7F, 0xFF, 0xFF, 0xFC,
    0x00, 0x05, 0x56, 0xFF, 0xD5, 0x00, 0x05, 0x94, 0xBF, 0xF0, 0x00, 0x2F, 0xFF, 0xFF, 0xFC, 0x00,
    0x3F, 0xFF, 0xFF, 0xFF, 0x00, 0x3F, 0xFE, 0xBF, 0xFF, 0xC0, 0x2F, 0xFC, 0x00, 0xFF, 0xF0, 0x0F,
    0xFD, 0x00, 0x2F, 0xFC, 0x07, 0xFF, 0x00, 0x0B, 0xFF, 0x02, 0xFF, 0xC0, 0x02, 0xFF, 0xC0, 0xBF,
    0xF0, 0x00, 0xBF, 0xF0, 0x2F, 0xFC, 0x00, 0x2F, 0xFC, 0x0B, 0xFF, 0x00, 0x0B, 0xFF, 0x02, 0xFF,
    0xC0, 0x02, 0xFF, 0xC0, 0xBF, 0xF0, 0x00, 0xBF, 0xF0, 0x1F, 0xFD, 0x00, 0x3F, 0xFC, 0x03, 0xFF,
    0xD0, 0x2F, 0xFF, 0x00, 0x7F, 0xFF, 0xFF, 0xFF, 0xE4, 0x0B, 0xFF, 0xFF, 0x3F, 0xFF, 0x00, 0x7F,
    0xFE, 0x0F, 0xFF, 0xC0, 0x01, 0x54, 0x00, 0x00, 0x00, 0x00, 0x00, 0x00, 0x00, 0x00, 0x00, 0x15,
    0x55, 0x54, 0x00, 0x00, 0x1F, 0xFF, 0xFF, 0x40, 0x00, 0x07, 0xFF, 0xFF, 0xD0, 0x00, 0x01, 0xFF,
    0xFF, 0xF4, 0x00, 0x00, 0x00, 0x00, 0x00, 0x00, 0x00, 0x00, 0x00, 0x06, 0xBE, 0x82, 0xD0, 0x00,
    0x00, 0xFF, 0xFF, 0xEF, 0x80, 0x00, 0x1F, 0xFF, 0xFF, 0xFE, 0x00, 0x01, 0xFF, 0xE4, 0x6F, 0xFC,
    0x00, 0x0F, 0xFD, 0x00, 0x0F, 0xF0, 0x00, 0xBF, 0xE0, 0x00, 0x0F, 0xC0, 0x03, 0xFF, 0x40, 0x00,
    0x2F, 0x40, 0x1F, 0xFC, 0x00, 0x00, 0x10, 0x05, 0xFF, 0xF5, 0x55, 0x00, 0x00, 0x7F, 0xFF, 0xFF,
    0xFC, 0x00, 0x02, 0xFF, 0xFF, 0xFF, 0xE0, 0x00, 0x00, 0x3F, 0xF8, 0x00, 0x00, 0x00, 0x00, 0xFF,
    0xE0, 0x00, 0x00, 0x00, 0xFF, 0xFF, 0xFF, 0xF8, 0x00, 0x03, 0xFF, 0xFF, 0xFF, 0xD0, 0x00, 0x05,
    0x7F, 0xFD, 0x55, 0x00, 0x00, 0x00, 0xBF, 0xF0, 0x00, 0x00, 0x00, 0x01, 0xFF, 0xD0, 0x00, 0x07,
    0x80, 0x03, 0xFF, 0xC0, 0x00, 0x3F, 0x00, 0x0B, 0xFF, 0x80, 0x02, 0xFC, 0x00, 0x0F, 0xFF, 0x80,
    0x2F, 0xF0, 0x00, 0x1F, 0xFF, 0xFF, 0xFF, 0xC0, 0x00, 0x1F, 0xFF, 0xFF, 0xFE, 0x00, 0x00, 0x0B,
    0xFF, 0xF9, 0xF4, 0x00, 0x00, 0x01, 0x65, 0x02, 0x80, 0x05, 0x55, 0x55, 0x00, 0x55, 0x55, 0x40,
    0x7F, 0xFF, 0xFD, 0x03, 0xFF, 0xFF, 0x01, 0xFF, 0xFF, 0xF4, 0x0F, 0xFF, 0xFC, 0x00, 0x7F, 0xFD,
    0x00, 0x07, 0xFF, 0x40, 0x00, 0xFF, 0xF0, 0x00, 0x0F, 0xE0, 0x00, 0x02, 0xFF, 0xC0, 0x00, 0xFE,
    0x00, 0x00, 0x0B, 0xFF, 0x00, 0x0F, 0xE0, 0x00, 0x00, 0x2F, 0xFC, 0x00, 0xFE, 0x00, 0x00, 0x00,
    0xBF, 0xF0, 0x0F, 0xE0, 0x00, 0x00, 0x02, 0xFF, 0xC0, 0xFE, 0x00, 0x00, 0x07, 0xFF, 0xFF, 0xFF,
    0xFF, 0xFF, 0xF0, 0x1F, 0xFF, 0xFF, 0xFF, 0xFF, 0xFF, 0xC0, 0x6A, 0xFF, 0xFB, 0xFF, 0xFA, 0xAA,
    0x00, 0x02, 0xFF, 0xC3, 0xFF, 0xC0, 0x00, 0x00, 0x0B, 0xFF, 0x0B, 0xFF, 0x40, 0x00, 0x00, 0x2F,
    0xFC, 0x0F, 0xFF, 0x00, 0x00, 0x00, 0xBF, 0xF0, 0x1F, 0xFF, 0x00, 0x00, 0x02, 0xFF, 0xC0, 0x3F,
    0xFD, 0x00, 0x00, 0x0B, 0xFF, 0x00, 0x3F, 0xFC, 0x00, 0x00, 0x2F, 0xFC, 0x00, 0xBF, 0xFC, 0x00,
    0x00, 0xFF, 0xF0, 0x00, 0xFF, 0xF8, 0x00, 0x2B, 0xFF, 0xF8, 0x01, 0xFF, 0xFF, 0xC1, 0xFF, 0xFF,
    0xF4, 0x02, 0xFF, 0xFF, 0x47, 0xFF, 0xFF, 0xD0, 0x01, 0xFF, 0xF8, 0x00, 0x00, 0x00, 0x00, 0x00,
    0x55, 0x00, 0x05, 0x55, 0x55, 0x55, 0x55, 0x50, 0x2F, 0xFF, 0xFF, 0xFF, 0xFF, 0xF8, 0x3F, 0xFF,
    0xFF, 0xFF, 0xFF, 0xFC, 0x3F, 0xF9, 0x7F, 0xFD, 0x6F, 0xFC, 0x3F, 0xC0, 0x3F, 0xF8, 0x03, 0xFC,
    0x7F, 0x40, 0x3F, 0xF8, 0x02, 0xFC, 0xBF, 0x00, 0x3F, 0xF8, 0x00, 0xFD, 0xBE, 0x00, 0x3F, 0xF8,
    0x00, 0xFD, 0x00, 0x00, 0x3F, 0xF8, 0x00, 0x00, 0x00, 0x00, 0x3F, 0xFD, 0x6A, 0x00, 0x00, 0x01,
    0x7F, 0xFF, 0xFE, 0x00, 0x00, 0xFF, 0xFF, 0xFF, 0xA5, 0x00, 0x00, 0xFF, 0xFF, 0xF8, 0x00, 0x00,
    0x00, 0x00, 0x3F, 0xFC, 0x59, 0x00, 0x00, 0x00, 0x7F, 0xFF, 0xFE, 0x00, 0x00, 0xBF, 0xFF, 0xFF,
    0xF9, 0x00, 0x00, 0xFF, 0xFF, 0xFC, 0x00, 0x00, 0x00, 0x50, 0x3F, 0xF8, 0x00, 0x00, 0x00, 0x00,
    0x3F, 0xF8, 0x00, 0x00, 0x00, 0x00, 0x3F, 0xF8, 0x00, 0x00, 0x00, 0x00, 0x3F, 0xFC, 0x00, 0x00,
    0x00, 0x06, 0xFF, 0xFF, 0x90, 0x00, 0x00, 0x1F, 0xFF, 0xFF, 0xF0, 0x00, 0x00, 0x1F, 0xFF, 0xFF,
    0xF0, 0x00, 0x05, 0x55, 0x55, 0x50, 0x00, 0x00, 0x0F, 0xFF, 0xFF, 0xFF, 0xD0, 0x00, 0x0F, 0xFF,
    0xFF, 0xFF, 0xFC, 0x00, 0x01, 0xFF, 0xF5, 0x7F, 0xFF, 0x00, 0x00, 0xBF, 0xF0, 0x0B, 0xFF, 0x80,
    0x2F, 0xFF, 0xFF, 0xFF, 0xFF, 0xFE, 0x3F, 0xFF, 0xFF, 0xFF, 0xFF, 0xFE, 0x00, 0xFF, 0xF0, 0x02,
    0xFF, 0xD0, 0x00, 0xFF, 0xF0, 0x02, 0xFF, 0xD0, 0x3F, 0xFF, 0xFF, 0xFF, 0xFF, 0xFE, 0x3F, 0xFF,
    0xFF, 0xFF, 0xFF, 0xFE, 0x00, 0xBF, 0xF0, 0x07, 0xFF, 0x40, 0x00, 0xBF, 0xF0, 0x6F, 0xFF, 0x00,
    0x00, 0xBF, 0xFF, 0xFF, 0xFC, 0x00, 0x00, 0xBF, 0xFF, 0xFF, 0xE0, 0x00, 0x00, 0xBF, 0xFA, 0xE9,
    0x00, 0x00, 0x00, 0xBF, 0xF0, 0x00, 0x00, 0x00, 0x00, 0xBF, 0xF0, 0x00, 0x00, 0x00, 0x00, 0xBF,
    0xF0, 0x00, 0x00, 0x00, 0x00, 0xBF, 0xF0, 0x00, 0x00, 0x00, 0x00, 0xFF, 0xF0, 0x00, 0x00, 0x00,
    0x06, 0xFF, 0xFE, 0x40, 0x00, 0x00, 0x0F, 0xFF, 0xFF, 0xD0, 0x00, 0x00, 0x0F, 0xFF, 0xFF, 0xD0,
    0x00, 0x00, 0x00, 0x00, 0x06, 0x40, 0x00, 0x00, 0x00, 0x00, 0x0B, 0x80, 0x00, 0x00, 0x00, 0x00,
    0x0B, 0x80, 0x00, 0x00, 0x00, 0x00, 0x6F, 0xE4, 0x1E, 0x00, 0x00, 0x0B, 0xFF, 0xFF, 0x6F, 0x00,
    0x00, 0xBF, 0xFF, 0xFF, 0xFF, 0x00, 0x02, 0xFF, 0xFF, 0xAF, 0xFF, 0x40, 0x07, 0xFF, 0x8B, 0x81,
    0xFF, 0x40, 0x0F, 0xFE, 0x0B, 0x80, 0x7F, 0x80, 0x2F, 0xFC, 0x0B, 0x80, 0x2F, 0xC0, 0x3F, 0xF8,
    0x0B, 0x80, 0x0F, 0xC0, 0x7F, 0xF4, 0x0B, 0x80, 0x0A, 0x40, 0xBF, 0xF0, 0x0B, 0x80, 0x00, 0x00,
    0xBF, 0xF0, 0x0B, 0x80, 0x00, 0x00, 0xFF, 0xF0, 0x0B, 0x80, 0x00, 0x00, 0xFF, 0xF0, 0x0B, 0x9A,
    0xAA, 0xA9, 0xFF, 0xF0, 0x0B, 0x9F, 0xFF, 0xFE, 0xBF, 0xF0, 0x0B, 0x9F, 0xFF, 0xFD, 0xBF, 0xF4,
    0x0B, 0x80, 0xFF, 0xD0, 0x7F, 0xF8, 0x0B, 0x80, 0xFF, 0xC0, 0x3F, 0xFC, 0x0B, 0x80, 0xFF, 0xC0,
    0x2F, 0xFF, 0x0B, 0x80, 0xFF, 0xC0, 0x0F, 0xFF, 0x8B, 0x80, 0xFF, 0xC0, 0x0B, 0xFF, 0xFF, 0x9B,
    0xFF, 0xC0, 0x02, 0xFF, 0xFF, 0xFF, 0xFF, 0xC0, 0x00, 0xBF, 0xFF, 0xFF, 0xDF, 0xC0, 0x00, 0x0B,
    0xFF, 0xFD, 0x0F, 0xC0, 0x00, 0x00, 0x5F, 0x80, 0x00, 0x00, 0x00, 0x00, 0x0B, 0x80, 0x00, 0x00,
    0x00, 0x00, 0x0B, 0x40, 0x00, 0x00, 0x01, 0xE0, 0x6F, 0xE4, 0x00, 0x00, 0x1F, 0x7F, 0xFF, 0xF4,
    0x00, 0x02, 0xFF, 0xFF, 0xFF, 0xD0, 0x00, 0x2F, 0xFD, 0x07, 0xFF, 0x00, 0x02, 0xFD, 0x00, 0x0F,
    0xFC, 0x00, 0x3F, 0x80, 0x00, 0xFF, 0xC0, 0x03, 0xF0, 0x00, 0x0F, 0xFD, 0x00, 0x19, 0x00, 0x01,
    0xFF, 0xD0, 0x00, 0x00, 0x00, 0xBF, 0xFD, 0x03, 0xFF, 0xFF, 0xFF, 0xFF, 0xFF, 0x7F, 0xFF, 0xFF,
    0xFF, 0xFF, 0xF0, 0x01, 0xFF, 0xFF, 0xFF, 0x00, 0x00, 0xFF, 0xFF, 0xFF, 0x80, 0x03, 0xFF, 0xFF,
    0xFF, 0xFF, 0xFF, 0x7F, 0xFF, 0xFF, 0xFF, 0xFF, 0xF1, 0xBF, 0xFF, 0x55, 0x55, 0x55, 0x0B, 0xFF,
    0x80, 0x00, 0x14, 0x00, 0xBF, 0xF0, 0x00, 0x03, 0xF0, 0x0B, 0xFE, 0x00, 0x00, 0xBF, 0x00, 0x7F,
    0xF0, 0x00, 0x1F, 0xE0, 0x03, 0xFF, 0x40, 0x0B, 0xFE, 0x00, 0x0F, 0xFF, 0xAF, 0xFF, 0xE0, 0x00,
    0x7F, 0xFF, 0xFF, 0xBD, 0x00, 0x00, 0xBF, 0xFF, 0x83, 0xD0, 0x00, 0x00, 0x55, 0x40, 0x00, 0x00,
    0x00, 0x00, 0x1F, 0x00, 0x00, 0x00, 0x00, 0x7C, 0x00, 0x00, 0x00, 0x01, 0xF0, 0x00, 0x00, 0x00,
    0x6F, 0xE4, 0x78, 0x00, 0x2F, 0xFF, 0xFF, 0xF0, 0x07, 0xFF, 0xFF, 0xFF, 0xC0, 0x3F, 0xFE, 0xFB,
    0xFF, 0x03, 0xFF, 0x87, 0xC3, 0xFD, 0x1F, 0xFC, 0x1F, 0x03, 0xF4, 0xFF, 0xE0, 0x7C, 0x07, 0xE7,
    0xFF, 0x41, 0xF0, 0x04, 0x2F, 0xFC, 0x07, 0xC0, 0x00, 0xBF, 0xF0, 0x1F, 0x00, 0x03, 0xFF, 0xC0,
    0x7C, 0x00, 0x0F, 0xFF, 0x01, 0xF0, 0x00, 0x3F, 0xFC, 0x07, 0xC0, 0x00, 0xFF, 0xF0, 0x1F, 0x00,
    0x03, 0xFF, 0xC0, 0x7C, 0x00, 0x0B, 0xFF, 0x01, 0xF0, 0x00, 0x1F, 0xFD, 0x07, 0xC0, 0x00, 0x3F,
    0xF8, 0x1F, 0x00, 0xF4, 0xFF, 0xF0, 0x7C, 0x0B, 0xD1, 0xFF, 0xF1, 0xF0, 0x7F, 0x43, 0xFF, 0xFB,
    0xCB, 0xFC, 0x03, 0xFF, 0xFF, 0xFF, 0xF0, 0x03, 0xFF, 0xFF, 0xFF, 0xC0, 0x01, 0xFF, 0xFF, 0x7E,
    0x00, 0x00, 0x1B, 0xC0, 0x64, 0x00, 0x00, 0x1F, 0x00, 0x00, 0x00, 0x00, 0x7C, 0x00, 0x00, 0x00,
    0x00, 0x00, 0x00, 0x00, 0x05, 0x55, 0x55, 0x55, 0x55, 0x50, 0x1F, 0xFF, 0xFF, 0xFF, 0xFF, 0xF8,
    0x2F, 0xFF, 0xFF, 0xFF, 0xFF, 0xF8, 0x00, 0x00, 0x00, 0x00, 0x00, 0x00, 0x00, 0x00, 0x00, 0x00,
    0x00, 0x00, 0x2F, 0xFF, 0xFF, 0xFF, 0xFF, 0xFC, 0x3F, 0xFF, 0xFF, 0xFF, 0xFF, 0xFC, 0x3F, 0xFA,
    0xBF, 0xFE, 0xAF, 0xFC, 0x3F, 0xC0, 0x2F, 0xFC, 0x02, 0xFD, 0x7F, 0x00, 0x2F, 0xFC, 0x00, 0xFD,
    0xBE, 0x00, 0x2F, 0xFC, 0x00, 0xBE, 0x6D, 0x00, 0x2F, 0xFC, 0x00, 0x79, 0x00, 0x00, 0x2F, 0xFC,
    0x00, 0x00, 0x00, 0x00, 0x2F, 0xFC, 0x00, 0x00, 0x00, 0x00, 0x2F, 0xFC, 0x00, 0x00, 0x00, 0x00,
    0x2F, 0xFC, 0x00, 0x00, 0x00, 0x00, 0x2F, 0xFC, 0x00, 0x00, 0x00, 0x00, 0x2F, 0xFC, 0x00, 0x00,
    0x00, 0x00, 0x2F, 0xFC, 0x00, 0x00, 0x00, 0x00, 0x2F, 0xFC, 0x00, 0x00, 0x00, 0x00, 0x3F, 0xFC,
    0x00, 0x00, 0x00, 0x06, 0xFF, 0xFF, 0x90, 0x00, 0x00, 0x0F, 0xFF, 0xFF, 0xF4, 0x00, 0x00, 0x0F,
    0xFF, 0xFF, 0xF4, 0x00, 0x15, 0x55, 0x55, 0x55, 0x54, 0xFF, 0xFF, 0xFF, 0xFF, 0xF3, 0xFF, 0xFF,
    0xFF, 0xFF, 0x80, 0x00, 0x7F, 0xFE, 0x00, 0x00, 0x00, 0x3F, 0xFC, 0x00, 0x00, 0x00, 0x7F, 0xF8,
    0x03, 0xFF, 0xFF, 0xFF, 0xFF, 0xCF, 0xFF, 0xFF, 0xFF, 0xFE, 0x00, 0x00, 0x2F, 0xFD, 0x00, 0x00,
    0x00, 0xFF, 0xE0, 0x00, 0x00, 0x0F, 0xFE, 0x00, 0x0B, 0xFF, 0xFF, 0xD0, 0x00, 0x3F, 0xFF, 0xE0,
    0x00, 0x00, 0xAA, 0xBF, 0xF8, 0x00, 0x00, 0x00, 0x3F, 0xFC, 0x00, 0x00, 0x00, 0x7F, 0xF4, 0x00,
    0x00, 0x00, 0xFF, 0xF0, 0x00, 0x00, 0x02, 0xFF, 0xC0, 0x00, 0x00, 0x07, 0xFF, 0x80, 0x00, 0x00,
    0x0F, 0xFF, 0x00, 0x00, 0x00, 0x2F, 0xFE, 0x00, 0x00, 0x00, 0x7F, 0xFF, 0xE0, 0x00, 0x00, 0xBF,
    0xFF, 0xC0, 0x00, 0x00, 0xBF, 0xFD, 0x00, 0x00, 0x00, 0x15, 0x00, 0x01, 0x55, 0x40, 0x00, 0x00,
    0x03, 0xFF, 0xC0, 0x00, 0x00, 0x03, 0xFF, 0xC0, 0x00, 0x00, 0x03, 0xFF, 0xC0, 0x00, 0x00, 0x03,
    0xFF, 0xC0, 0x00, 0x00, 0x03, 0xFF, 0xC1, 0x80, 0x00, 0x03, 0xFF, 0xFF, 0xC0, 0x00, 0x6B, 0xFF,
    0xFF, 0xC0, 0x00, 0xFF, 0xFF, 0xD4, 0x00, 0x00, 0xFB, 0xFF, 0xC0, 0x00, 0x00, 0x03, 0xFF, 0xC6,
    0x90, 0x00, 0x03, 0xFF, 0xFF, 0xD0, 0x00, 0x6F, 0xFF, 0xFF, 0x80, 0x00, 0xBF, 0xFF, 0xC0, 0x00,
    0x50, 0xAB, 0xFF, 0xC0, 0x03, 0xFD, 0x03, 0xFF, 0xC0, 0x07, 0xFF, 0x03, 0xFF, 0xC0, 0x03, 0xFF,
    0x03, 0xFF, 0xC0, 0x01, 0xFF, 0x03, 0xFF, 0xC0, 0x00, 0xFE, 0x03, 0xFF, 0xC0, 0x01, 0xFD, 0x03,
    0xFF, 0xC0, 0x1B, 0xFC, 0x2B, 0xFF, 0xFF, 0xFF, 0xF0, 0x3F, 0xFF, 0xFF, 0xFF, 0x80, 0x3F, 0xFF,
    0xFF, 0xE4, 0x00, 0x00, 0x00, 0x0F, 0xF0, 0x00, 0x00, 0x00, 0x00, 0x03, 0xFC, 0x00, 0x00, 0x00,
    0x00, 0x00, 0xFF, 0x00, 0x00, 0x00, 0x00, 0x1F, 0xFF, 0xFF, 0x80, 0x00, 0x00, 0xBF, 0xFF, 0xFF,
    0xFE, 0x00, 0x00, 0xFF, 0xFF, 0xFF, 0xFF, 0xF0, 0x00, 0xBF, 0xFE, 0xFF, 0xBF, 0xFF, 0x00, 0x7F,
    0xF8, 0x3F, 0xD1, 0xFF, 0xE0, 0x3F, 0xFC, 0x0F, 0xF4, 0x2F, 0xFC, 0x0F, 0xFD, 0x03, 0xFD, 0x03,
    0xFF, 0x47, 0xFF, 0x00, 0xFF, 0x40, 0xBF, 0xE2, 0xFF, 0x80, 0x3F, 0xD0, 0x2F, 0xFC, 0xFF, 0xE0,
    0x0F, 0xF8, 0x07, 0xFF, 0x3F, 0xF4, 0x07, 0xFE, 0x01, 0xFF, 0xCF, 0xFD, 0x01, 0xFF, 0x80, 0x7F,
    0xF3, 0xFF, 0x40, 0x7F, 0xE0, 0x1F, 0xFC, 0xFF, 0xE0, 0x2F, 0xFC, 0x07, 0xFF, 0x3F, 0xF8, 0x0B,
    0xFF, 0x01, 0xFF, 0xCB, 0xFE, 0x03, 0xFF, 0xC0, 0xBF, 0xF1, 0xFF, 0xC0, 0xFF, 0xF0, 0x2F, 0xF8,
    0x3F, 0xF0, 0x2A, 0xA8, 0x0F, 0xFD, 0x0F, 0xFD, 0x00, 0x00, 0x03, 0xFF, 0x02, 0xFF, 0x80, 0x00,
    0x02, 0xFF, 0xC0, 0x7F, 0xF0, 0x00, 0x00, 0xFF, 0xE0, 0x05, 0x55, 0x55, 0x54, 0x00, 0x00, 0xFF,
    0xFF, 0xFF, 0xFE, 0x00, 0x0F, 0xFF, 0xFF, 0xFF, 0xFE, 0x00, 0x1F, 0xFF, 0x01, 0xFF, 0xF8, 0x00,
    0xBF, 0xF0, 0x03, 0xFF, 0xC0, 0x0B, 0xFF, 0x00, 0x1F, 0xFD, 0x00, 0xBF, 0xF0, 0x00, 0xFF, 0xE0,
    0x0B, 0xFF, 0x00, 0x0F, 0xFE, 0x00, 0xBF, 0xF0, 0x00, 0xFF, 0xE0, 0x0B, 0xFF, 0x00, 0x1F, 0xFD,
    0x00, 0xBF, 0xF0, 0x03, 0xFF, 0xC0, 0x0B, 0xFF, 0x01, 0xFF, 0xF0, 0x3F, 0xFF, 0xFF, 0xFF, 0xFD,
    0x03, 0xFF, 0xFF, 0xFF, 0xFD, 0x00, 0x00, 0xBF, 0xF5, 0x50, 0x00, 0x00, 0x0B, 0xFF, 0x00, 0x00,
    0x00, 0x1A, 0xFF, 0xFA, 0xAA, 0x00, 0x03, 0xFF, 0xFF, 0xFF, 0xF4, 0x00, 0x2A, 0xFF, 0xFA, 0xAA,
    0x00, 0x00, 0x0B, 0xFF, 0x00, 0x00, 0x00, 0x00, 0xBF, 0xF0, 0x00, 0x00, 0x00, 0x6F, 0xFF, 0xE4,
    0x00, 0x00, 0x0F, 0xFF, 0xFF, 0xE0, 0x00, 0x00, 0xFF, 0xFF, 0xFE, 0x00, 0x00, 0x00, 0x00, 0x00,
    0x00, 0x00, 0x01, 0xFF, 0xD0, 0x00, 0x0B, 0xFF, 0xF8, 0x00, 0x2F, 0xFF, 0xFC, 0x00, 0x3F, 0xF0,
    0xFE, 0x00, 0xBF, 0xD0, 0xFE, 0x00, 0xFF, 0xD0, 0xFF, 0x00, 0xFF, 0xD0, 0xFE, 0x00, 0xFF, 0xD0,
    0xFE, 0x00, 0xFF, 0xD1, 0xFC, 0x00, 0xFF, 0xD3, 0xFC, 0x00, 0xFF, 0xD7, 0xF4, 0x00, 0xFF, 0xEF,
    0xE0, 0x00, 0xFF, 0xFF, 0xC0, 0x00, 0xFF, 0xFF, 0x00, 0x02, 0xFF, 0xFC, 0x00, 0x3F, 0xFF, 0xE0,
    0x00, 0x3F, 0xFF, 0xD0, 0x00, 0x3E, 0xFF, 0xD0, 0x00, 0x00, 0xFF, 0xD0, 0x00, 0x00, 0xFF, 0xD0,
    0x00, 0x00, 0xFF, 0xD0, 0x00, 0x00, 0xFF, 0xD0, 0x00, 0x00, 0xFF, 0xF5, 0x74, 0x00, 0xBF, 0xFF,
    0xFC, 0x00, 0x3F, 0xFF, 0xF8, 0x00, 0x1F, 0xFF, 0xC0, 0x00, 0x01, 0x54, 0x00, 0x15, 0x55, 0x40,
    0x00, 0x15, 0x55, 0x40, 0x00, 0x00, 0x00, 0x1F, 0xFF, 0xF8, 0x00, 0x1F, 0xFF, 0xF4, 0x00, 0x00,
    0x00, 0x07, 0xFF, 0xFF, 0x40, 0x07, 0xFF, 0xFD, 0x00, 0x00, 0x00, 0x00, 0x1F, 0xFF, 0xF0, 0x00,
    0x1F, 0xF4, 0x00, 0x00, 0x00, 0x00, 0x03, 0xFF, 0xFD, 0x00, 0x03, 0xFC, 0x00, 0x01, 0xAA, 0x40,
    0x00, 0xFF, 0xFF, 0xC0, 0x00, 0xFF, 0x00, 0x0B, 0xFF, 0xFC, 0x00, 0x3F, 0xFF, 0xF8, 0x00, 0x3F,
    0xC0, 0x0F, 0xFF, 0xFF, 0xC0, 0x0F, 0xFF, 0xFF, 0x40, 0x0F, 0xF0, 0x0F, 0xF8, 0x0F, 0xFC, 0x03,
    0xFD, 0xFF, 0xF0, 0x03, 0xFC, 0x03, 0xFC, 0x00, 0xFF, 0x40, 0xFF, 0x3F, 0xFD, 0x00, 0xFF, 0x02,
    0xFE, 0x00, 0x3F, 0xE0, 0x3F, 0xC3, 0xFF, 0xC0, 0x3F, 0xC0, 0xBF, 0x80, 0x0F, 0xF8, 0x0F, 0xF0,
    0xBF, 0xF8, 0x0F, 0xF0, 0x2F, 0xE0, 0x02, 0xFE, 0x03, 0xFC, 0x0F, 0xFF, 0x43, 0xFC, 0x0B, 0xFC,
    0x00, 0xFF, 0x80, 0xFF, 0x01, 0xFF, 0xF0, 0xFF, 0x01, 0xFF, 0x00, 0x3F, 0xD0, 0x3F, 0xC0, 0x2F,
    0xFD, 0x3F, 0xC0, 0x3F, 0xD0, 0x1F, 0xF0, 0x0F, 0xF0, 0x03, 0xFF, 0xCF, 0xF0, 0x0B, 0xFE, 0x5F,
    0xF4, 0x03, 0xFC, 0x00, 0x7F, 0xFB, 0xFC, 0x00, 0xBF, 0xFF, 0xF4, 0x00, 0xFF, 0x00, 0x0F, 0xFF,
    0xFF, 0x00, 0x07, 0xFF, 0xE0, 0x00, 0x3F, 0xC0, 0x01, 0xFF, 0xFF, 0xC0, 0x00, 0x01, 0x00, 0x00,
    0x0F, 0xF0, 0x00, 0x2F, 0xFF, 0xF0, 0x00, 0x00, 0x00, 0x00, 0x03, 0xFC, 0x00, 0x03, 0xFF, 0xFC,
    0x01, 0x55, 0x55, 0x55, 0x0B, 0xFF, 0xE0, 0x00, 0x7F, 0xFF, 0x02, 0xFF, 0xFF, 0xFF, 0xD7, 0xFF,
    0xFD, 0x00, 0x0F, 0xFF, 0xC0, 0xBF, 0xFF, 0xFF, 0xF5, 0xFF, 0xFF, 0x40, 0x00, 0xFF, 0xF0, 0x2F,
    0xFF, 0xFF, 0xFD, 0x00, 0x00, 0x05, 0x50, 0x00, 0x00, 0x00, 0x02, 0xFF, 0xFF, 0x80, 0x00, 0x00,
    0x2F, 0xFF, 0xFF, 0xF8, 0x00, 0x00, 0xFF, 0x40, 0x01, 0xFF, 0x40, 0x03, 0xF4, 0x00, 0x00, 0x1F,
    0xD0, 0x0F, 0xC0, 0x00, 0x00, 0x03, 0xF0, 0x2F, 0x47, 0xFF, 0xFF, 0x41, 0xF8, 0x3F, 0x01, 0xFF,
    0xBF, 0xD0, 0xFC, 0x7D, 0x00, 0xFE, 0x0B, 0xF0, 0x7D, 0xBC, 0x00, 0xBE, 0x07, 0xF4, 0x3E, 0xFC,
    0x00, 0xBE, 0x07, 0xF4, 0x3F, 0xF8, 0x00, 0xBE, 0x0B, 0xF0, 0x3F, 0xF8, 0x00, 0xBF, 0x5F, 0xE0,
    0x3F, 0xFC, 0x00, 0xBF, 0xFF, 0x80, 0x3F, 0xFC, 0x00, 0xBF, 0x54, 0x00, 0x3E, 0xBC, 0x00, 0xBE,
    0x00, 0x00, 0x7D, 0x7E, 0x00, 0xFF, 0x00, 0x00, 0xBC, 0x3F, 0x02, 0xFF, 0xE0, 0x00, 0xF8, 0x1F,
    0xC7, 0xFF, 0xF0, 0x03, 0xF0, 0x0B, 0xF0, 0x00, 0x00, 0x0F, 0xD0, 0x03, 0xFD, 0x00, 0x00, 0xBF,
    0x80, 0x00, 0xBF, 0xFA, 0xAF, 0xFD, 0x00, 0x00, 0x0B, 0xFF, 0xFF, 0xE0, 0x00, 0x00, 0x00, 0x1A,
    0x94, 0x00, 0x00, 0x00, 0x00, 0x00, 0x00, 0x00, 0x00, 0x00, 0x00, 0x00, 0x2F, 0xFA, 0xC1, 0xFF,
    0xF4, 0x00, 0xBF, 0xFD, 0x0F, 0xFF, 0xFD, 0x1F, 0xFF, 0xC0, 0x0F, 0xFF, 0xD2, 0xFC, 0x1F, 0xD0,
    0x2F, 0xFD, 0x02, 0xFF, 0xE0, 0x3F, 0xC0, 0x3E, 0x00, 0xFF, 0xF0, 0x3F, 0xFC, 0x03, 0xFE, 0x00,
    0x40, 0x0F, 0xFF, 0x07, 0xFF, 0xC0, 0x3F, 0xFE, 0x40, 0x01, 0xF7, 0xF8, 0xF7, 0xFC, 0x01, 0xFF,
    0xFF, 0x40, 0x1F, 0x3F, 0xDF, 0x3F, 0xD0, 0x07, 0xFF, 0xFD, 0x01, 0xF1, 0xFF, 0xD3, 0xFD, 0x00,
    0x07, 0xFF, 0xF0, 0x2F, 0x0F, 0xFC, 0x3F, 0xD0, 0x14, 0x02, 0xFF, 0x02, 0xF0, 0xBF, 0x83, 0xFD,
    0x03, 0xC0, 0x0F, 0xF0, 0x2F, 0x03, 0xF0, 0x3F, 0xE0, 0x3F, 0x40, 0xFE, 0x03, 0xF0, 0x15, 0x03,
    0xFE, 0x03, 0xFF, 0xFF, 0xC1, 0xFF, 0xE0, 0x02, 0xFF, 0xFD, 0x3E, 0xFF, 0xF0, 0x2F, 0xFF, 0x00,
    0x3F, 0xFF, 0xE1, 0x41, 0x54, 0x00, 0x00, 0x00, 0x00, 0x00, 0x00, 0x3F, 0xFF, 0xFF, 0xFE, 0x2F,
    0xFF, 0x00, 0x0F, 0xFF, 0xC3, 0xFF, 0xFF, 0xFF, 0xE2, 0xFF, 0xF8, 0x01, 0xFF, 0xFC, 0x3F, 0x4B,
    0xF4, 0xBF, 0x03, 0xFF, 0xC0, 0x3F, 0xFD, 0x07, 0xD0, 0xBF, 0x42, 0xF0, 0x2F, 0xFD, 0x07, 0xFF,
    0xC0, 0x7C, 0x0B, 0xF4, 0x0F, 0x02, 0xFF, 0xF0, 0xFF, 0xFC, 0x00, 0x00, 0xBF, 0x40, 0x40, 0x2F,
    0xBF, 0x4F, 0x7F, 0xC0, 0x00, 0x0B, 0xF4, 0x00, 0x02, 0xE3, 0xFA, 0xE7, 0xFC, 0x00, 0x00, 0xBF,
    0x40, 0x00, 0x3E, 0x3F, 0xFC, 0x7F, 0xC0, 0x00, 0x0B, 0xF4, 0x00, 0x03, 0xE1, 0xFF, 0x87, 0xFC,
    0x00, 0x00, 0xBF, 0x40, 0x00, 0x3E, 0x0F, 0xF0, 0x3F, 0xC0, 0x00, 0x0B, 0xF4, 0x00, 0x03, 0xD0,
    0xBF, 0x03, 0xFC, 0x00, 0x00, 0xFF, 0x80, 0x00, 0x3E, 0x01, 0x40, 0x7F, 0xD0, 0x00, 0xFF, 0xFF,
    0x80, 0x3F, 0xFD, 0x00, 0x3F, 0xFF, 0xC0, 0x0F, 0xFF, 0xFC, 0x03, 0xFF, 0xE0, 0x03, 0xFF, 0xFD,
    0x00, 0x00, 0x00, 0x00, 0x00, 0x00, 0x00, 0x00, 0x00, 0x00, 0x00, 0x00, 0x1B, 0xFA, 0x40, 0x00,
    0x00, 0x01, 0xFF, 0xFF, 0xFE, 0x00, 0x00, 0x03, 0xFF, 0xFF, 0xFF, 0xF4, 0x00, 0x03, 0xFF, 0xF5,
    0x6F, 0xFF, 0x80, 0x03, 0xFF, 0xD0, 0x00, 0xFF, 0xF4, 0x02, 0xFF, 0xD0, 0x00, 0x0F, 0xFF, 0x00,
    0xFF, 0xE0, 0x00, 0x01, 0xFF, 0xD0, 0x7F, 0xF4, 0x00, 0x00, 0x3F, 0xF8, 0x2F, 0xFC, 0x00, 0x00,
    0x0F, 0xFF, 0x0B, 0xFF, 0x00, 0x00, 0x03, 0xFF, 0xC2, 0xFF, 0xC0, 0x00, 0x00, 0xFF, 0xF0, 0xBF,
    0xF0, 0x00, 0x00, 0x3F, 0xF8, 0x1F, 0xFD, 0x00, 0x00, 0x0F, 0xFE, 0x03, 0xFF, 0x80, 0x00, 0x07,
    0xFF, 0x00, 0xBF, 0xF0, 0x00, 0x02, 0xFF, 0x80, 0x0F, 0xFE, 0x00, 0x01, 0xFF, 0xC0, 0x10, 0xFF,
    0xE0, 0x01, 0xFF, 0xD1, 0x6E, 0x0F, 0xFF, 0x03, 0xFF, 0xC1, 0xF7, 0xC0, 0x7F, 0xD0, 0xFF, 0x80,
    0xF9, 0xF8, 0x02, 0xF4, 0x3F, 0x00, 0x7E, 0x7F, 0x90, 0xBD, 0x0F, 0xC1, 0xBF, 0x4F, 0xFF, 0xFF,
    0x43, 0xFF, 0xFF, 0xD3, 0xFF, 0xFF, 0xD0, 0xFF, 0xFF, 0xF4, 0xFF, 0xFF, 0xF4, 0x3F, 0xFF, 0xFC,
    0x00, 0x00, 0x6F, 0xE9, 0x00, 0x00, 0x00, 0x7F, 0xFF, 0xFF, 0x40, 0x00, 0x0B, 0xE4, 0x00, 0x6F,
    0xC0, 0x00, 0xF8, 0x00, 0x00, 0x0B, 0xC0, 0x0F, 0xC0, 0x00, 0x00, 0x0F, 0x80, 0x7F, 0x00, 0x00,
    0x00, 0x3F, 0x43, 0xFC, 0x00, 0x00, 0x00, 0xFF, 0x1F, 0xF0, 0x00, 0x00, 0x03, 0xFC, 0xBF, 0xC0,
    0x00, 0x00, 0x0F, 0xF7, 0xFF, 0x00, 0x00, 0x00, 0x3F, 0xEF, 0xFC, 0x00, 0x00, 0x00, 0xFF, 0xBF,
    0xF0, 0x00, 0x00, 0x03, 0xFF, 0xFF, 0xFF, 0xFF, 0xFF, 0xFF, 0xFF, 0xFF, 0x55, 0x55, 0x55, 0x55,
    0x4F, 0xFC, 0x00, 0x00, 0x00, 0x00, 0x2F, 0xF0, 0x00, 0x00, 0x00, 0x00, 0x7F, 0xC0, 0x00, 0x00,
    0x00, 0x00, 0xFF, 0x00, 0x00, 0x00, 0x00, 0x02, 0xFC, 0x00, 0x00, 0x00, 0x00, 0x03, 0xF0, 0x00,
    0x00, 0x00, 0x80, 0x07, 0xD0, 0x00, 0x00, 0x0F, 0x00, 0x0B, 0xE0, 0x00, 0x01, 0xF0, 0x00, 0x07,
    0xFD, 0x45, 0xBF, 0x00, 0x00, 0x02, 0xFF, 0xFF, 0xD0, 0x00, 0x00, 0x00, 0x15, 0x50, 0x00, 0x00,
    0x01, 0x6B, 0x00, 0x00, 0x00, 0x1F, 0xE0, 0x00, 0x03, 0xFF, 0xF0, 0x00, 0x00, 0x03, 0xFC, 0x00,
    0x00, 0x3F, 0xFF, 0x00, 0x00, 0x00, 0x7F, 0x80, 0x00, 0x00, 0x2F, 0xF0, 0x00, 0x00, 0x0F, 0xF0,
    0x00, 0x00, 0x00, 0xFF, 0x00, 0x00, 0x02, 0xFD, 0x00, 0x00, 0x00, 0x0F, 0xF0, 0x00, 0x00, 0x3F,
    0xC0, 0x00, 0x00, 0x00, 0xFF, 0x00, 0x00, 0x0B, 0xF4, 0x00, 0x00, 0x00, 0x0F, 0xF0, 0x00, 0x01,
    0xFE, 0x00, 0x00, 0x00, 0x00, 0xFF, 0x00, 0x00, 0x3F, 0xC0, 0x6F, 0xF8, 0x00, 0x0F, 0xF0, 0x00,
    0x07, 0xF8, 0x3F, 0xFF, 0xF4, 0x00, 0xFF, 0x00, 0x00, 0xFF, 0x0F, 0xE0, 0xBF, 0xC0, 0x0F, 0xF0,
    0x00, 0x2F, 0xD0, 0xFE, 0x03, 0xFD, 0x01, 0xFF, 0x00, 0x03, 0xFC, 0x0F, 0xE0, 0x3F, 0xC1, 0xBF,
    0xFE, 0x40, 0xBF, 0x40, 0x14, 0x07, 0xFC, 0x3F, 0xFF, 0xF8, 0x1F, 0xE0, 0x00, 0x02, 0xFE, 0x01,
    0xAA, 0xAA, 0x43, 0xFC, 0x00, 0x01, 0xFF, 0x40, 0x00, 0x00, 0x00, 0x7F, 0x80, 0x00, 0x2F, 0xFF,
    0x40, 0x00, 0x00, 0x0F, 0xF0, 0x00, 0x00, 0x0B, 0xFC, 0x00, 0x00, 0x02, 0xFD, 0x00, 0x00, 0x00,
    0x3F, 0xE0, 0x00, 0x00, 0x3F, 0xC0, 0x00, 0x00, 0x02, 0xFE, 0x00, 0x00, 0x0B, 0xF4, 0x00, 0x0B,
    0x80, 0x7F, 0xE0, 0x00, 0x01, 0xFE, 0x00, 0x00, 0xFF, 0xFF, 0xFC, 0x00, 0x00, 0x3F, 0xC0, 0x00,
    0x07, 0xFF, 0xFF, 0x40, 0x00, 0x07, 0xF8, 0x00, 0x00, 0x07, 0xFF, 0x40, 0x00, 0x00, 0x55, 0x00,
    0x00, 0x00, 0x00, 0x00, 0x00, 0x01, 0xFF, 0xE0, 0x00, 0x00, 0x01, 0xFD, 0x00, 0x00, 0x1F, 0xFF,
    0xFD, 0x00, 0x00, 0x03, 0xFC, 0x00, 0x00, 0x3F, 0x47, 0xFF, 0x00, 0x00, 0x0B, 0xF4, 0x00, 0x00,
    0x7F, 0x00, 0xFF, 0x40, 0x00, 0x0F, 0xF0, 0x00, 0x00, 0x7F, 0x40, 0xFF, 0x40, 0x00, 0x2F, 0xD0,
    0x00, 0x00, 0x19, 0x00, 0xFF, 0x00, 0x00, 0x7F, 0x80, 0x00, 0x00, 0x00, 0x02, 0xFE, 0x00, 0x00,
    0xFF, 0x00, 0x00, 0x00, 0x00, 0x07, 0xFC, 0x00, 0x01, 0xFE, 0x00, 0x00, 0x00, 0x00, 0x1F, 0xF0,
    0x00, 0x03, 0xFC, 0x0B, 0xFE, 0x40, 0x00, 0x7F, 0x80, 0x00, 0x0B, 0xF4, 0x7F, 0xFF, 0xF0, 0x01,
    0xFE, 0x06, 0x40, 0x0F, 0xF0, 0xFD, 0x1F, 0xF8, 0x07, 0xF4, 0x0F, 0x80, 0x2F, 0xD1, 0xFC, 0x07,
    0xFC, 0x1F, 0xEA, 0xBF, 0x80, 0x7F, 0x80, 0xFD, 0x07, 0xFC, 0x3F, 0xFF, 0xFF, 0x80, 0xFF, 0x00,
    0x14, 0x0B, 0xF4, 0x3F, 0xFF, 0xFF, 0x41, 0xFE, 0x00, 0x00, 0x6F, 0xD0, 0x1A, 0xAA, 0xAA, 0x03,
    0xFC, 0x00, 0x03, 0xFE, 0x00, 0x00, 0x00, 0x00, 0x0B, 0xF4, 0x00, 0x03, 0xFF, 0xE0, 0x00, 0x00,
    0x00, 0x0F, 0xF0, 0x00, 0x00, 0x0F, 0xFC, 0x00, 0x00, 0x00, 0x2F, 0xD0, 0x00, 0x00, 0x03, 0xFD,
    0x00, 0x00, 0x00, 0x7F, 0x80, 0x00, 0x00, 0x03, 0xFD, 0x00, 0x00, 0x00, 0xFF, 0x00, 0x00, 0xF4,
    0x0B, 0xFC, 0x00, 0x00, 0x01, 0xFE, 0x00, 0x01, 0xFF, 0xFF, 0xF8, 0x00, 0x00, 0x03, 0xFC, 0x00,
    0x00, 0xBF, 0xFF, 0xF0, 0x00, 0x00, 0x0B, 0xF4, 0x00, 0x00, 0x0B, 0xFE, 0x40, 0x00, 0x00, 0x05,
    0x50, 0x00, 0x00, 0x00, 0x00, 0x00, 0x01, 0x6B, 0x00, 0x00, 0x00, 0x2F, 0xC0, 0x00, 0x03, 0xFF,
    0xF0, 0x00, 0x00, 0x03, 0xFC, 0x00, 0x00, 0x3F, 0xFF, 0x00, 0x00, 0x00, 0xFF, 0x00, 0x00, 0x00,
    0x2F, 0xF0, 0x00, 0x00, 0x1F, 0xE0, 0x00, 0x00, 0x00, 0xFF, 0x00, 0x00, 0x03, 0xFC, 0x00, 0x00,
    0x00, 0x0F, 0xF0, 0x00, 0x00, 0xBF, 0x80, 0x00, 0x00, 0x00, 0xFF, 0x00, 0x00, 0x0F, 0xF0, 0x00,
    0x00, 0x00, 0x0F, 0xF0, 0x00, 0x02, 0xFD, 0x00, 0x00, 0x00, 0x00, 0xFF, 0x00, 0x00, 0x3F, 0xC0,
    0xBF, 0xF8, 0x00, 0x0F, 0xF0, 0x00, 0x0F, 0xF0, 0x7F, 0xFF, 0xF4, 0x00, 0xFF, 0x00, 0x01, 0xFE,
    0x0F, 0xF4, 0x7F, 0xC0, 0x0F, 0xF0, 0x00, 0x3F, 0xC1, 0xFD, 0x02, 0xFC, 0x01, 0xFF, 0x00, 0x0B,
    0xF8, 0x1F, 0xF0, 0x2F, 0xC1, 0xBF, 0xFE, 0x40, 0xFF, 0x00, 0xFF, 0xD3, 0xF4, 0x3F, 0xFF, 0xF8,
    0x2F, 0xD0, 0x0B, 0xFF, 0xFC, 0x01, 0xAA, 0xAA, 0x43, 0xFC, 0x00, 0x2F, 0xFF, 0xE0, 0x00, 0x00,
    0x00, 0xFF, 0x00, 0x02, 0xFF, 0xFF, 0xC0, 0x00, 0x00, 0x1F, 0xE0, 0x01, 0xFE, 0x1F, 0xFD, 0x00,
    0x00, 0x03, 0xFC, 0x00, 0x3F, 0xC0, 0x3F, 0xF0, 0x00, 0x00, 0xBF, 0x40, 0x03, 0xF8, 0x01, 0xFF,
    0x00, 0x00, 0x0F, 0xF0, 0x00, 0x3F, 0xC0, 0x2F, 0xE0, 0x00, 0x02, 0xFD, 0x00, 0x02, 0xFF, 0x5B,
    0xFC, 0x00, 0x00, 0x3F, 0xC0, 0x00, 0x0F, 0xFF, 0xFF, 0x40, 0x00, 0x0F, 0xF0, 0x00, 0x00, 0x1B,
    0xFE, 0x40, 0x00, 0x00, 0x55, 0x00, 0x00, 0x00, 0x00, 0x00, 0x00, 0x01, 0xBF, 0xE0, 0x00, 0x00,
    0x07, 0xF4, 0x00, 0x00, 0x3F, 0xFF, 0xF4, 0x00, 0x00, 0x3F, 0xC0, 0x00, 0x02, 0xF8, 0x2F, 0xF0,
    0x00, 0x02, 0xFD, 0x00, 0x00, 0x0F, 0xE0, 0x3F, 0xD0, 0x00, 0x1F, 0xF0, 0x00, 0x00, 0x3F, 0x80,
    0xFF, 0x40, 0x00, 0xFF, 0x00, 0x00, 0x00, 0x14, 0x07, 0xFC, 0x00, 0x07, 0xF8, 0x00, 0x00, 0x00,
    0x00, 0x7F, 0x80, 0x00, 0x3F, 0xC0, 0x00, 0x00, 0x00, 0x1F, 0xF4, 0x00, 0x02, 0xFD, 0x00, 0x00,
    0x00, 0x00, 0x7F, 0xFD, 0x00, 0x0F, 0xF0, 0x2F, 0xFE, 0x00, 0x00, 0x07, 0xFD, 0x00, 0xBF, 0x47,
    0xFF, 0xFF, 0x40, 0x00, 0x0B, 0xF8, 0x07, 0xFC, 0x3F, 0xD1, 0xFF, 0x00, 0x00, 0x2F, 0xF0, 0x3F,
    0xC1, 0xFE, 0x02, 0xFC, 0x2E, 0x01, 0xFF, 0x81, 0xFE, 0x07, 0xFC, 0x0B, 0xF0, 0xFF, 0xFF, 0xFC,
    0x0F, 0xF0, 0x0F, 0xFD, 0x3F, 0x41, 0xFF, 0xFF, 0xD0, 0xBF, 0x40, 0x2F, 0xFF, 0xF0, 0x00, 0x6F,
    0xF4, 0x03, 0xFC, 0x00, 0x2F, 0xFF, 0xE0, 0x00, 0x00, 0x00, 0x2F, 0xD0, 0x00, 0xBF, 0xFF, 0xF0,
    0x00, 0x00, 0x01, 0xFF, 0x00, 0x0F, 0xE1, 0xFF, 0xE0, 0x00, 0x00, 0x0F, 0xF0, 0x00, 0xFF, 0x00,
    0xFF, 0xC0, 0x00, 0x00, 0x7F, 0x80, 0x03, 0xF8, 0x01, 0xFF, 0x00, 0x00, 0x03, 0xFC, 0x00, 0x0F,
    0xF0, 0x0B, 0xF8, 0x00, 0x00, 0x2F, 0xD0, 0x00, 0x2F, 0xF5, 0xBF, 0xC0, 0x00, 0x00, 0xFF, 0x00,
    0x00, 0x3F, 0xFF, 0xFD, 0x00, 0x00, 0x0B, 0xF4, 0x00, 0x00, 0x1B, 0xFE, 0x40, 0x00, 0x00, 0x15,
    0x40, 0x00, 0x00, 0x00, 0x00, 0x00, 0x06, 0xAA, 0xA9, 0x00, 0x00, 0x0B, 0xF0, 0x00, 0x00, 0x3F,
    0xFF, 0xF8, 0x00, 0x00, 0x7F, 0x80, 0x00, 0x00, 0xFF, 0xFF, 0xD0, 0x00, 0x03, 0xFC, 0x00, 0x00,
    0x03, 0xFA, 0xAA, 0x00, 0x00, 0x1F, 0xE0, 0x00, 0x00, 0x0F, 0x80, 0x00, 0x00, 0x00, 0xFF, 0x00,
    0x00, 0x00, 0x7D, 0x00, 0x00, 0x00, 0x0B, 0xF4, 0x00, 0x00, 0x01, 0xFB, 0xFE, 0x00, 0x00, 0x3F,
    0xC0, 0x00, 0x00, 0x07, 0xFF, 0xFF, 0x00, 0x02, 0xFD, 0x00, 0x00, 0x00, 0x0E, 0x5B, 0xFF, 0x00,
    0x1F, 0xE0, 0x2F, 0xFE, 0x00, 0x00, 0x07, 0xFC, 0x00, 0xFF, 0x07, 0xFF, 0xFF, 0x00, 0x00, 0x0F,
    0xF4, 0x07, 0xF8, 0x3F, 0xD1, 0xFF, 0x00, 0x00, 0x7F, 0xC0, 0x3F, 0xC1, 0xFD, 0x02, 0xFC, 0x3D,
    0x03, 0xFF, 0x02, 0xFD, 0x07, 0xF8, 0x0B, 0xF1, 0xFF, 0xFF, 0xF4, 0x0F, 0xF0, 0x1F, 0xFD, 0x7F,
    0x01, 0xFF, 0xFF, 0x80, 0xBF, 0x40, 0x2F, 0xFF, 0xF0, 0x00, 0xBF, 0xE0, 0x07, 0xF8, 0x00, 0x2F,
    0xFF, 0xE0, 0x00, 0x00, 0x00, 0x3F, 0xC0, 0x00, 0xBF, 0xFF, 0xE0, 0x00, 0x00, 0x01, 0xFE, 0x00,
    0x1F, 0xD1, 0xFF, 0xD0, 0x00, 0x00, 0x0F, 0xF0, 0x00, 0xFE, 0x00, 0xFF, 0x80, 0x00, 0x00, 0xBF,
    0x40, 0x03, 0xF8, 0x01, 0xFE, 0x00, 0x00, 0x03, 0xFC, 0x00, 0x0F, 0xF0, 0x0B, 0xF8, 0x00, 0x00,
    0x2F, 0xD0, 0x00, 0x3F, 0xF5, 0xBF, 0xC0, 0x00, 0x01, 0xFE, 0x00, 0x00, 0x3F, 0xFF, 0xFC, 0x00,
    0x00, 0x0F, 0xF0, 0x00, 0x00, 0x1B, 0xFE, 0x40, 0x00, 0x00, 0x15, 0x40, 0x00, 0x00, 0x00, 0x00,
    0x00, 0x2A, 0xAA, 0xAA, 0x00, 0x00, 0xBF, 0x00, 0x00, 0x0F, 0xFF, 0xFF, 0xD0, 0x00, 0x7F, 0x80,
    0x00, 0x07, 0xFF, 0xFF, 0xF4, 0x00, 0x3F, 0xC0, 0x00, 0x01, 0xF4, 0x01, 0xFC, 0x00, 0x2F, 0xD0,
    0x00, 0x00, 0xBC, 0x00, 0xFC, 0x00, 0x0F, 0xF0, 0x00, 0x00, 0x19, 0x00, 0xFD, 0x00, 0x0B, 0xF4,
    0x00, 0x00, 0x00, 0x00, 0xBF, 0x00, 0x03, 0xFC, 0x00, 0x00, 0x00, 0x00, 0x3F, 0x40, 0x03, 0xFC,
    0x00, 0x00, 0x00, 0x00, 0x2F, 0xC0, 0x01, 0xFE, 0x02, 0xFF, 0xE0, 0x00, 0x0F, 0xE0, 0x00, 0xFF,
    0x07, 0xFF, 0xFF, 0x00, 0x07, 0xF4, 0x00, 0xBF, 0x43, 0xFD, 0x2F, 0xE0, 0x02, 0xFD, 0x00, 0x3F,
    0xC2, 0xFD, 0x03, 0xFC, 0x00, 0xFF, 0x00, 0x2F, 0xD0, 0xBF, 0x80, 0xFE, 0x00, 0x3F, 0xC0, 0x0F,
    0xF0, 0x1F, 0xF8, 0x7F, 0x00, 0x0F, 0xF0, 0x0F, 0xF0, 0x03, 0xFF, 0xFE, 0x00, 0x02, 0xA8, 0x07,
    0xF8, 0x00, 0x2F, 0xFF, 0xD0, 0x00, 0x00, 0x03, 0xFC, 0x00, 0x1F, 0xFF, 0xFE, 0x00, 0x00, 0x02,
    0xFD, 0x00, 0x1F, 0xD2, 0xFF, 0xD0, 0x00, 0x00, 0xFF, 0x00, 0x0F, 0xE0, 0x0F, 0xF8, 0x00, 0x00,
    0xBF, 0x40, 0x07, 0xF4, 0x02, 0xFE, 0x00, 0x00, 0x7F, 0xC0, 0x01, 0xFE, 0x00, 0xFF, 0x40, 0x00,
    0x3F, 0xC0, 0x00, 0x3F, 0xE5, 0xFF, 0xC0, 0x00, 0x1F, 0xE0, 0x00, 0x03, 0xFF, 0xFF, 0xC0, 0x00,
    0x0F, 0xF0, 0x00, 0x00, 0x1B, 0xFE, 0x40, 0x00, 0x01, 0x54, 0x00, 0x00, 0x00, 0x00, 0x00, 0x00,
    0x00, 0x50, 0x00, 0x00, 0x00, 0xFC, 0x00, 0x00, 0x00, 0xBD, 0x00, 0x00, 0x00, 0x3F, 0x00, 0x00,
    0x00, 0x2F, 0x95, 0x55, 0x55, 0x5F, 0xFF, 0xFF, 0xFF, 0xF3, 0xFF, 0xFF, 0xFF, 0xFC, 0xBD, 0x00,
    0x00, 0x00, 0x0F, 0xC0, 0x00, 0x00, 0x01, 0xF8, 0x00, 0x00, 0x00, 0x3F, 0x00, 0x00, 0x00, 0x00,
    0x00, 0x00, 0x00, 0x00, 0x00, 0x00, 0x02, 0xE0, 0x00, 0x7F, 0xF4, 0x0F, 0xFF, 0xFC, 0xFF, 0xFF,
    0xFF, 0xD3, 0xF1, 0xF4, 0x0F, 0xC0, 0x40, 0x3F, 0x00, 0x00, 0xFC, 0x00, 0x03, 0xF0, 0x00, 0x0F,
    0xC0, 0x00, 0x3F, 0x00, 0x00, 0xFC, 0x00, 0x03, 0xF0, 0x00, 0x0F, 0xC0, 0x00, 0x3F, 0x00, 0x00,
    0xFC, 0x00, 0x00, 0x00, 0x00, 0x00, 0x00, 0x01, 0x40, 0x00, 0x00, 0x00, 0xFC, 0x00, 0x00, 0x00,
    0x1F, 0x80, 0x00, 0x00, 0x03, 0xF0, 0x55, 0x55, 0x55, 0xBE, 0x3F, 0xFF, 0xFF, 0xFF, 0xDF, 0xFF,
    0xFF, 0xFF, 0xF0, 0x00, 0x00, 0x01, 0xF8, 0x00, 0x00, 0x00, 0xFC, 0x00, 0x00, 0x00, 0xBD, 0x00,
    0x00, 0x00, 0x3F, 0x00, 0x00, 0x00, 0x00, 0x00, 0x00, 0x00, 0x00, 0x03, 0xF0, 0x00, 0x0F, 0xC0,
    0x00, 0x3F, 0x00, 0x00, 0xFC, 0x00, 0x03, 0xF0, 0x00, 0x0F, 0xC0, 0x00, 0x3F, 0x00, 0x00, 0xFC,
    0x00, 0x03, 0xF0, 0x00, 0x0F, 0xC0, 0x10, 0x3F, 0x01, 0xF4, 0xFC, 0x7F, 0xFF, 0xFF, 0xF3, 0xFF,
    0xFF, 0x01, 0xFF, 0xD0, 0x00, 0xB8, 0x00, 0x00, 0x00, 0x00, 0x00, 0x1B, 0xFE, 0x40, 0x00, 0x1F,
    0xFF, 0xFF, 0x00, 0x07, 0xFF, 0xAF, 0xFC, 0x00, 0xFF, 0x40, 0x3F, 0xE0, 0x0F, 0xF8, 0x00, 0xFF,
    0x40, 0xFF, 0xC0, 0x0B, 0xF8, 0x07, 0xF4, 0x00, 0x7F, 0xC0, 0x00, 0x00, 0x03, 0xFC, 0x00, 0x00,
    0x00, 0x3F, 0xC0, 0x00, 0x10, 0x03, 0xFD, 0x00, 0xBF, 0xF8, 0x3F, 0xD0, 0x3F, 0xFF, 0xF7, 0xFD,
    0x0F, 0xFF, 0xAF, 0xFF, 0xD2, 0xFF, 0x80, 0xBF, 0xFC, 0x3F, 0xF0, 0x03, 0xFF, 0xCB, 0xFE, 0x00,
    0x3F, 0xFC, 0xFF, 0xD0, 0x03, 0xFF, 0x8F, 0xFD, 0x00, 0x3F, 0xF4, 0xFF, 0xC0, 0x03, 0xFF, 0x0F,
    0xFD, 0x00, 0x7F, 0xE0, 0xBF, 0xE0, 0x0F, 0xFC, 0x03, 0xFF, 0x02, 0xFF, 0x00, 0x1F, 0xFF, 0xFF,
    0xC0, 0x00, 0x7F, 0xFF, 0xD0, 0x00, 0x00, 0x15, 0x40, 0x00, 0x00, 0x00, 0x00, 0x00, 0x00, 0x03,
    0x00, 0x00, 0x00, 0x00, 0x00, 0x34, 0x00, 0x00, 0x1F, 0xFF, 0xD2, 0xC0, 0x00, 0x0B, 0x90, 0x01,
    0xBC, 0x00, 0x00, 0xF0, 0x00, 0x00, 0xFC, 0x00, 0x0E, 0x00, 0x00, 0x0A, 0x2C, 0x00, 0xA0, 0x00,
    0x00, 0x70, 0x38, 0x07, 0x00, 0x00, 0x03, 0x40, 0x30, 0x28, 0x00, 0x00, 0x28, 0x00, 0xA0, 0xC0,
    0x00, 0x01, 0xC0, 0x01, 0xC7, 0x00, 0x00, 0x0D, 0x00, 0x03, 0x1C, 0x00, 0x00, 0xA0, 0x00, 0x0D,
    0x70, 0x00, 0x07, 0x00, 0x00, 0x35, 0xC0, 0x00, 0x34, 0x00, 0x00, 0xD7, 0x00, 0x02, 0x80, 0x00,
    0x03, 0x0C, 0x00, 0x1C, 0x00, 0x00, 0x1C, 0x38, 0x00, 0xC0, 0x00, 0x00, 0xA0, 0x70, 0x0D, 0x00,
    0x00, 0x03, 0x00, 0xE0, 0x70, 0x00, 0x00, 0x28, 0x00, 0xD3, 0x00, 0x00, 0x02, 0xC0, 0x00, 0xF4,
    0x00, 0x00, 0x2C, 0x00, 0x02, 0xF4, 0x00, 0x07, 0xC0, 0x00, 0x0C, 0x7E, 0x9A, 0xF4, 0x00, 0x00,
    0xD0, 0x06, 0xA4, 0x00, 0x00, 0x06, 0x00, 0x00, 0x00, 0x00, 0x00, 0x00, 0x00, 0x15, 0x50, 0x00,
    0x00, 0x00, 0x0F, 0xFF, 0x40, 0x00, 0x00, 0x00, 0xFF, 0xF8, 0x00, 0x00, 0x00, 0x2F, 0xFF, 0xC0,
    0x00, 0x00, 0x03, 0xFF, 0xFD, 0x00, 0x00, 0x00, 0x7F, 0xBF, 0xF0, 0x00, 0x00, 0x0B, 0xE3, 0xFF,
    0x00, 0x00, 0x00, 0xFC, 0x3F, 0xF8, 0x00, 0x00, 0x1F, 0xC1, 0xFF, 0xC0, 0x00, 0x03, 0xF4, 0x0F,
    0xFD, 0x00, 0x00, 0x3F, 0x00, 0xFF, 0xE0, 0x00, 0x0B, 0xE0, 0x07, 0xFF, 0x00, 0x00, 0xFD, 0x00,
    0x3F, 0xF4, 0x00, 0x1F, 0xC0, 0x03, 0xFF, 0x80, 0x02, 0xF8, 0x00, 0x1F, 0xFC, 0x00, 0x3F, 0x40,
    0x00, 0xFF, 0xD0, 0x07, 0xF0, 0x00, 0x0F, 0xFF, 0x00, 0xFE, 0x00, 0x00, 0x7F, 0xF0, 0x0F, 0xC0,
    0x00, 0x03, 0xFF, 0x82, 0xFC, 0x00, 0x00, 0x3F, 0xFC, 0x3F, 0xEA, 0xAA, 0xAB, 0xFF, 0xD7, 0xFF,
    0xFF, 0xFF, 0xFF, 0xFE, 0x7F, 0xFF, 0xFF, 0xFF, 0xFF, 0xE3, 0xFF, 0xFF, 0xFF, 0xFF, 0xFE, 0x15,
    0x55, 0x55, 0x55, 0x55, 0x55, 0x4B, 0xFF, 0xFF, 0xFF, 0xFF, 0xFF, 0xFC, 0xBF, 0xFF, 0xFF, 0xFF,
    0xFF, 0xFF, 0xC0, 0xBF, 0xFF, 0xFF, 0xFF, 0xFF, 0xD0, 0x03, 0xFF, 0x40, 0x00, 0x3F, 0xF8, 0x00,
    0x3F, 0xF4, 0x00, 0x03, 0xFF, 0x80, 0x03, 0xFF, 0x40, 0x00, 0x3F, 0xF8, 0x00, 0x3F, 0xF4, 0x00,
    0x03, 0xFF, 0x80, 0x03, 0xFF, 0x40, 0x00, 0x3F, 0xF8, 0x00, 0x3F, 0xF4, 0x00, 0x03, 0xFF, 0x80,
    0x03, 0xFF, 0x40, 0x00, 0x3F, 0xF8, 0x00, 0x3F, 0xF4, 0x00, 0x03, 0xFF, 0x80, 0x03, 0xFF, 0x40,
    0x00, 0x3F, 0xF8, 0x00, 0x3F, 0xF4, 0x00, 0x03, 0xFF, 0x80, 0x03, 0xFF, 0x40, 0x00, 0x3F, 0xF8,
    0x00, 0x3F, 0xF4, 0x00, 0x03, 0xFF, 0x80, 0x03, 0xFF, 0x40, 0x00, 0x3F, 0xF8, 0x00, 0x3F, 0xF4,
    0x00, 0x03, 0xFF, 0x80, 0x03, 0xFF, 0x40, 0x00, 0x3F, 0xF8, 0x00, 0x3F, 0xF4, 0x00, 0x03, 0xFF,
    0x80, 0x03, 0xFF, 0x40, 0x00, 0x3F, 0xF8, 0x00, 0x3F, 0xF4, 0x00, 0x03, 0xFF, 0x80, 0x03, 0xFF,
    0x40, 0x00, 0x3F, 0xF8, 0x00, 0x3F, 0xF4, 0x00, 0x03, 0xFF, 0x80, 0x03, 0xFF, 0x40, 0x00, 0x3F,
    0xF8, 0x00, 0x7F, 0xF8, 0x00, 0x03, 0xFF, 0xC0, 0x7F, 0xFF, 0xF8, 0x06, 0xFF, 0xFF, 0x8B, 0xFF,
    0xFF, 0xC0, 0x7F, 0xFF, 0xFC, 0xBF, 0xFF, 0xFC, 0x07, 0xFF, 0xFF, 0xC0, 0x55, 0x55, 0x55, 0x55,
    0x50, 0xFF, 0xFF, 0xFF, 0xFF, 0xF8, 0xFF, 0xFF, 0xFF, 0xFF, 0xF8, 0xFF, 0xFD, 0x55, 0x7F, 0xF8,
    0x3F, 0xFD, 0x00, 0x0F, 0xF8, 0x2F, 0xFF, 0x00, 0x03, 0xF8, 0x0F, 0xFF, 0x80, 0x03, 0xFC, 0x07,
    0xFF, 0xC0, 0x01, 0xFC, 0x02, 0xFF, 0xF0, 0x00, 0x64, 0x00, 0xFF, 0xF4, 0x00, 0x00, 0x00, 0x7F,
    0xFC, 0x00, 0x00, 0x00, 0x3F, 0xFE, 0x00, 0x00, 0x00, 0x0F, 0xFF, 0x40, 0x00, 0x00, 0x0B, 0xFF,
    0xC0, 0x00, 0x00, 0x03, 0xFF, 0xC0, 0x00, 0x00, 0x01, 0xFF, 0x40, 0x00, 0x00, 0x02, 0xFE, 0x00,
    0x00, 0x00, 0x07, 0xFC, 0x00, 0x00, 0x00, 0x0F, 0xF0, 0x00, 0x00, 0x00, 0x3F, 0xD0, 0x00, 0x00,
    0x00, 0xBF, 0x80, 0x00, 0x00, 0x01, 0xFF, 0x00, 0x00, 0xFD, 0x03, 0xFC, 0x00, 0x01, 0xFC, 0x0F,
    0xF4, 0x00, 0x03, 0xFC, 0x2F, 0xE0, 0x00, 0x07, 0xFC, 0x3F, 0xC0, 0x00, 0x1F, 0xFC, 0xFF, 0xFF,
    0xFF, 0xFF, 0xFC, 0xFF, 0xFF, 0xFF, 0xFF, 0xFC, 0xBF, 0xFF, 0xFF, 0xFF, 0xF8, 0x3F, 0xFF, 0xFF,
    0xF8, 0xFF, 0xFF, 0xFF, 0xE3, 0xFF, 0xFF, 0xFF, 0x8A, 0xAA, 0xAA, 0xA9, 0x00, 0x00, 0x00, 0x2A,
    0x80, 0x00, 0x00, 0x03, 0xFC, 0x00, 0x00, 0x00, 0xBF, 0x40, 0x00, 0x00, 0x0F, 0xE0, 0x00, 0x00,
    0x03, 0xFC, 0x00, 0x00, 0x00, 0x7F, 0x80, 0x00, 0x00, 0x0F, 0xF0, 0x00, 0x00, 0x01, 0xFE, 0x00,
    0x00, 0x00, 0x3F, 0xC0, 0x00, 0x00, 0x07, 0xF8, 0x00, 0x00, 0x00, 0xFF, 0x00, 0x00, 0x00, 0x2F,
    0xD0, 0x00, 0x00, 0x03, 0xFC, 0x00, 0x00, 0x00, 0xBF, 0x40, 0x00, 0x00, 0x0F, 0xF0, 0x00, 0x00,
    0x02, 0xFD, 0x00, 0x00, 0x00, 0x3F, 0xC0, 0x00, 0x00, 0x0B, 0xF4, 0x00, 0x00, 0x01, 0xFE, 0x00,
    0x00, 0x00, 0x3F, 0xC0, 0x00, 0x00, 0x07, 0xF8, 0x00, 0x00, 0x00, 0xFF, 0x00, 0x00, 0x00, 0x1F,
    0xE0, 0x00, 0x00, 0x03, 0xFC, 0x00, 0x00, 0x00, 0x15, 0x40, 0x00, 0x00, 0x00, 0x00, 0x00, 0x0B,
    0xF4, 0x2F, 0xFC, 0x3F, 0xFD, 0x3F, 0xFD, 0x2F, 0xFC, 0x06, 0xE0, 0x00, 0x00, 0x00, 0x00, 0xFC,
    0x00, 0x00, 0x00, 0x07, 0xE0, 0x00, 0x00, 0x00, 0x2F, 0x40, 0x00, 0x00, 0x00, 0xFC, 0x00, 0x00,
    0x00, 0x03, 0xF0, 0x00, 0x00, 0x00, 0x1F, 0x80, 0x00, 0x00, 0x00, 0xBD, 0x00, 0x00, 0x00, 0x03,
    0xF0, 0x00, 0x00, 0x00, 0x0F, 0xC0, 0x00, 0x00, 0x00, 0x7E, 0x03, 0xFF, 0xF0, 0x02, 0xF4, 0x0F,
    0xFF, 0xE0, 0x0F, 0xC0, 0x17, 0xFF, 0xC0, 0x3F, 0x00, 0x07, 0xFF, 0x41, 0xF8, 0x00, 0x0F, 0xFF,
    0x0B, 0xD0, 0x00, 0x1F, 0xFD, 0x3F, 0x00, 0x00, 0x3F, 0xF8, 0xFC, 0x00, 0x00, 0xBF, 0xF7, 0xE0,
    0x00, 0x00, 0xFF, 0xFF, 0x40, 0x00, 0x02, 0xFF, 0xFC, 0x00, 0x00, 0x03, 0xFF, 0xF0, 0x00, 0x00,
    0x0F, 0xFF, 0x80, 0x00, 0x00, 0x1F, 0xFD, 0x00, 0x00, 0x00, 0x3F, 0xF0, 0x00, 0x00, 0x00, 0x7F,
    0xC0, 0x00, 0x00, 0x50, 0x00, 0x00, 0x00, 0x0F, 0xFF, 0x40, 0x7F, 0xE0, 0x3F, 0xFF, 0xE3, 0xFF,
    0xFC, 0xBF, 0xFF, 0xFF, 0xD0, 0xFD, 0xFE, 0x1F, 0xFF, 0x00, 0x7E, 0xFC, 0x02, 0xFF, 0x80, 0xBE,
    0xFC, 0x02, 0xFF, 0xF6, 0xFD, 0xBE, 0x1F, 0xEF, 0xFF, 0xFC, 0x3F, 0xFF, 0x4B, 0xFF, 0xF8, 0x0F,
    0xF8, 0x00, 0xBF, 0xD0, 0x00, 0x00, 0x00, 0x00, 0x00, 0x00, 0x00, 0x00, 0x00, 0x00, 0x00, 0x00,
    0x2F, 0xFD, 0x00, 0x00, 0x07, 0xFF, 0xFE, 0x00, 0x00, 0x3F, 0x83, 0xFC, 0x00, 0x03, 0xFC, 0x1F,
    0xF4, 0x00, 0x0F, 0xF0, 0xBF, 0xC0, 0x00, 0xBF, 0xC0, 0xFD, 0x00, 0x02, 0xFF, 0x00, 0x00, 0x00,
    0x0F, 0xFC, 0x00, 0x00, 0x00, 0x3F, 0xF0, 0x00, 0x00, 0x00, 0xFF, 0xC0, 0x00, 0x00, 0x03, 0xFF,
    0x40, 0x00, 0x00, 0x0F, 0xFD, 0x00, 0x00, 0x00, 0x2F, 0xF8, 0x00, 0x00, 0x00, 0x7F, 0xF0, 0x00,
    0x00, 0x01, 0xFF, 0xC0, 0x00, 0x00, 0x03, 0xFF, 0x00, 0x00, 0x00, 0x0F, 0xFD, 0x00, 0x00, 0x00,
    0x3F, 0xF4, 0x00, 0x00, 0x00, 0xBF, 0xE0, 0x00, 0x00, 0x02, 0xFF, 0x80, 0x00, 0x00, 0x07, 0xFF,
    0x00, 0x00, 0x00, 0x0F, 0xFC, 0x00, 0x00, 0x00, 0x3F, 0xF0, 0x00, 0x00, 0x00, 0xFF, 0xC0, 0x00,
    0x15, 0x03, 0xFE, 0x00, 0x02, 0xFE, 0x0F, 0xF4, 0x00, 0x0F, 0xF8, 0x3F, 0xC0, 0x00, 0x3F, 0xD1,
    0xFE, 0x00, 0x00, 0xFF, 0xAF, 0xF0, 0x00, 0x01, 0xFF, 0xFF, 0x00, 0x00, 0x00, 0x6F, 0x90, 0x00,
    0x00, 0x06, 0x94, 0x00, 0x24, 0x1F, 0xFF, 0xE5, 0xBC, 0x3F, 0xFF, 0xFF, 0xFC, 0x7F, 0xFF, 0xFF,
    0xF4, 0xBC, 0x16, 0xFF, 0xE0, 0x00, 0x00, 0x05, 0x40, 0x00, 0x00, 0x00, 0x00, 0x0B, 0xE9, 0x00,
    0x38, 0x2F, 0xFF, 0xFA, 0xFC, 0x3F, 0xFF, 0xFF, 0xF8, 0xBF, 0xFF, 0xFF, 0xF0, 0xB8, 0x01, 0xBF,
    0xD0, 0x00, 0x00, 0x00, 0x00, 0x00, 0x00, 0x00, 0x00, 0x00, 0x00, 0xF8, 0x00, 0x00, 0x03, 0xF4,
    0x00, 0x00, 0x2F, 0xC0, 0x00, 0x00, 0xFE, 0x00, 0xFF, 0xFF, 0xFF, 0xE3, 0xFF, 0xFF, 0xFF, 0x8F,
    0xFF, 0xFF, 0xFE, 0x15, 0x5F, 0xF9, 0x54, 0x00, 0x3F, 0xC0, 0x00, 0x00, 0xFD, 0x00, 0x0A, 0xAF,
    0xFA, 0xA9, 0x3F, 0xFF, 0xFF, 0xF8, 0xFF, 0xFF, 0xFF, 0xE3, 0xFF, 0xFF, 0xFF, 0x80, 0x3F, 0x40,
    0x00, 0x02, 0xFC, 0x00, 0x00, 0x0F, 0xE0, 0x00, 0x00, 0x1B, 0x40, 0x00, 0x00, 0x00, 0x00, 0x00,
    0x00, 0x00, 0x00, 0x00, 0x00, 0x00, 0x06, 0x40, 0x00, 0x01, 0xFF, 0x00, 0x00, 0x7F, 0xFC, 0x00,
    0x2F, 0xFF, 0x90, 0x0B, 0xFF, 0xE0, 0x02, 0xFF, 0xF4, 0x00, 0x1F, 0xF9, 0x00, 0x00, 0x7F, 0xF4,
    0x00, 0x00, 0xBF, 0xFE, 0x00, 0x00, 0x1F, 0xFF, 0xD0, 0x00, 0x07, 0xFF, 0xF8, 0x00, 0x01, 0xBF,
    0xF0, 0x00, 0x00, 0x2F, 0x80, 0x00, 0x00, 0x09, 0x00, 0x00, 0x00, 0x00, 0x7F, 0xFF, 0xFF, 0xF1,
    0xFF, 0xFF, 0xFF, 0xC7, 0xFF, 0xFF, 0xFF, 0x00, 0x00, 0x00, 0x00, 0x00, 0x34, 0x00, 0x00, 0x01,
    0xFE, 0x00, 0x00, 0x0F, 0xFF, 0x80, 0x00, 0x0B, 0xFF, 0xE4, 0x00, 0x01, 0xFF, 0xFD, 0x00, 0x00,
    0x2F, 0xFF, 0x40, 0x00, 0x0B, 0xFE, 0x00, 0x00, 0x6F, 0xF8, 0x00, 0x1F, 0xFF, 0x80, 0x0B, 0xFF,
    0xE0, 0x07, 0xFF, 0xF8, 0x00, 0x3F, 0xFD, 0x00, 0x00, 0x7F, 0x40, 0x00, 0x00, 0x90, 0x00, 0x00,
    0x00, 0x00, 0x00, 0x00, 0x2F, 0xFF, 0xFF, 0xFC, 0xBF, 0xFF, 0xFF, 0xF2, 0xFF, 0xFF, 0xFF, 0x80,
    0x00, 0x00, 0x00, 0x00, 0x00, 0x00, 0x00, 0x06, 0xFF, 0xF9, 0x00, 0x00, 0x00, 0xFF, 0xFF, 0xFF,
    0x00, 0x00, 0x0F, 0xFD, 0x56, 0xFF, 0x00, 0x00, 0xFF, 0xC0, 0x03, 0xFD, 0x00, 0x0B, 0xFC, 0x00,
    0x1F, 0xF4, 0x00, 0x3F, 0xF0, 0x00, 0x7F, 0xC0, 0x00, 0xFF, 0xC0, 0x00, 0x68, 0x00, 0x07, 0xFF,
    0x00, 0x00, 0x00, 0x00, 0x1F, 0xFC, 0x00, 0x00, 0x00, 0x0B, 0xFF, 0xFF, 0xFF, 0xFF, 0xF0, 0x3F,
    0xFF, 0xFF, 0xFF, 0xFF, 0xC0, 0xFF, 0xFF, 0xFF, 0xFF, 0xFF, 0x00, 0x1F, 0xFC, 0x00, 0x2F, 0xFC,
    0x00, 0x7F, 0xF0, 0x00, 0x7F, 0xF0, 0x01, 0xFF, 0xC0, 0x01, 0xFF, 0xC0, 0x07, 0xFF, 0x00, 0x07,
    0xFF, 0x00, 0x1F, 0xFC, 0x00, 0x1F, 0xFC, 0x00, 0x7F, 0xF0, 0x00, 0x7F, 0xF0, 0x01, 0xFF, 0xC0,
    0x01, 0xFF, 0xC0, 0x07, 0xFF, 0x00, 0x07, 0xFF, 0x00, 0x1F, 0xFC, 0x00, 0x1F, 0xFC, 0x00, 0x7F,
    0xF0, 0x00, 0x7F, 0xF0, 0x01, 0xFF, 0xC0, 0x01, 0xFF, 0xC0, 0x6F, 0xFF, 0xE0, 0x2F, 0xFF, 0x93,
    0xFF, 0xFF, 0xD2, 0xFF, 0xFF, 0xDF, 0xFF, 0xFF, 0x4B, 0xFF, 0xFF, 0x40, 0x00, 0x00, 0x00, 0x00,
    0x00, 0x00, 0x00, 0x07, 0xFF, 0xE4, 0x04, 0x00, 0x01, 0xFF, 0xFF, 0xFD, 0xF8, 0x00, 0x1F, 0xFE,
    0x5F, 0xFF, 0xE0, 0x00, 0xFF, 0xC0, 0x0B, 0xFF, 0x80, 0x0B, 0xFD, 0x00, 0x0F, 0xFE, 0x00, 0x3F,
    0xF0, 0x00, 0x3F, 0xF8, 0x00, 0xFF, 0xC0, 0x00, 0xFF, 0xE0, 0x07, 0xFF, 0x00, 0x03, 0xFF, 0x80,
    0x1F, 0xFC, 0x00, 0x0F, 0xFE, 0x0B, 0xFF, 0xFF, 0xFC, 0x3F, 0xF8, 0x3F, 0xFF, 0xFF, 0xF0, 0xFF,
    0xE0, 0xBF, 0xFF, 0xFF, 0x83, 0xFF, 0x80, 0x1F, 0xFC, 0x00, 0x0F, 0xFE, 0x00, 0x7F, 0xF0, 0x00,
    0x3F, 0xF8, 0x01, 0xFF, 0xC0, 0x00, 0xFF, 0xE0, 0x07, 0xFF, 0x00, 0x03, 0xFF, 0x80, 0x1F, 0xFC,
    0x00, 0x0F, 0xFE, 0x00, 0x7F, 0xF0, 0x00, 0x3F, 0xF8, 0x01, 0xFF, 0xC0, 0x00, 0xFF, 0xE0, 0x07,
    0xFF, 0x00, 0x03, 0xFF, 0x80, 0x1F, 0xFC, 0x00, 0x0F, 0xFE, 0x00, 0x7F, 0xF0, 0x00, 0x3F, 0xF8,
    0x01, 0xFF, 0xC0, 0x00, 0xFF, 0xE0, 0x6F, 0xFF, 0xE4, 0x1B, 0xFF, 0xE7, 0xFF, 0xFF, 0xF0, 0xFF,
    0xFF, 0xFF, 0xFF, 0xFF, 0xC3, 0xFF, 0xFF, 0xC0
};

static const EpdGlyph PROGMEM literata_medium_bold_2bGlyphs[] = {
    {0, 0, 7, 0, 0, 0, 0},
    {7, 25, 11, 2, 24, 44, 0},
    {11, 10, 15, 2, 27, 28, 44},
    {23, 20, 23, 0, 19, 115, 72},
    {18, 30, 20, 1, 27, 135, 187},
    {30, 21, 30, 0, 20, 158, 322},
    {26, 25, 28, 1, 24, 163, 480},
    {5, 10, 9, 2, 27, 13, 643},
    {10, 36, 12, 1, 28, 90, 656},
    {11, 36, 12, 0, 28, 99, 746},
    {13, 14, 15, 1, 27, 46, 845},
    {15, 16, 19, 2, 18, 60, 891},
    {7, 12, 11, 2, 6, 21, 951},
    {10, 5, 11, 1, 12, 13, 972},
    {7, 7, 11, 2, 6, 13, 985},
    {16, 31, 16, 0, 27, 124, 998},
    {19, 25, 21, 1, 24, 119, 1122},
    {14, 24, 14, 0, 24, 84, 1241},
    {17, 24, 18, 0, 24, 102, 1325},
    {18, 25, 19, 0, 24, 113, 1427},
    {20, 24, 20, 0, 24, 120, 1540},
    {18, 25, 18, 0, 24, 113, 1660},
    {18, 25, 19, 1, 24, 113, 1773},
    {18, 25, 18, 0, 24, 113, 1886},
    {19, 25, 20, 0, 24, 119, 1999},
    {19, 25, 19, 0, 24, 119, 2118},
    {7, 19, 11, 2, 18, 34, 2237},
    {7, 24, 11, 2, 18, 42, 2271},
    {15, 17, 19, 2, 18, 64, 2313},
    {15, 11, 19, 2, 16, 42, 2377},
    {14, 17, 19, 3, 18, 60, 2419},
    {16, 25, 19, 1, 24, 100, 2479},
    {29, 27, 31, 1, 20, 196, 2579},
    {25, 24, 25, 0, 24, 150, 2775},
    {21, 24, 23, 1, 24, 126, 2925},
    {22, 25, 24, 1, 24, 138, 3051},
    {24, 24, 26, 1, 24, 144, 3189},
    {20, 24, 22, 1, 24, 120, 3333},
    {20, 24, 21, 1, 24, 120, 3453},
    {24, 25, 26, 1, 24, 150, 3573},
    {26, 24, 28, 1, 24, 156, 3723},
    {12, 24, 14, 1, 24, 72, 3879},
    {19, 25, 19, 0, 24, 119, 3951},
    {25, 25, 26, 1, 24, 157, 4070},
    {20, 24, 22, 1, 24, 120, 4227},
    {31, 24, 33, 1, 24, 186, 4347},
    {26, 24, 28, 1, 24, 156, 4533},
    {24, 25, 26, 1, 24, 150, 4689},
    {21, 24, 22, 1, 24, 126, 4839},
    {30, 31, 26, 1, 24, 233, 4965},
    {24, 25, 25, 1, 24, 150, 5198},
    {19, 25, 20, 1, 24, 119, 5348},
    {25, 24, 25, 0, 24, 150, 5467},
    {24, 25, 26, 1, 24, 150, 5617},
    {25, 24, 25, 0, 24, 150, 5767},
    {37, 24, 37, 0, 24, 222, 5917},
    {25, 24, 25, 0, 24, 150, 6139},
    {25, 24, 25, 0, 24, 150, 6289},
    {21, 24, 23, 1, 24, 126, 6439},
    {9, 36, 12, 2, 28, 81, 6565},
    {16, 31, 16, 0, 27, 124, 6646},
    {9, 36, 12, 0, 28, 81, 6770},
    {18, 13, 19, 1, 24, 59, 6851},
    {16, 3, 16, 0, -1, 12, 6910},
    {9, 8, 17, 3, 27, 18, 6922},
    {19, 19, 19, 1, 18, 91, 6940},
    {21, 27, 22, 0, 26, 142, 7031},
    {17, 19, 18, 1, 18, 81, 7173},
    {21, 27, 22, 1, 26, 142, 7254},
    {17, 19, 19, 1, 18, 81, 7396},
    {16, 27, 14, 1, 27, 108, 7477},
    {21, 29, 20, 0, 21, 153, 7585},
    {23, 26, 23, 0, 26, 150, 7738},
    {11, 26, 12, 1, 26, 72, 7888},
    {9, 34, 11, 0, 26, 77, 7960},
    {22, 27, 22, 1, 26, 149, 8037},
    {11, 26, 12, 1, 26, 72, 8186},
    {32, 18, 33, 1, 18, 144, 8258},
    {22, 18, 23, 1, 18, 99, 8402},
    {19, 19, 21, 1, 18, 91, 8501},
    {21, 26, 22, 0, 18, 137, 8592},
    {20, 26, 21, 1, 18, 130, 8729},
    {17, 18, 18, 1, 18, 77, 8859},
    {15, 19, 17, 1, 18, 72, 8936},
    {15, 24, 15, 0, 23, 90, 9008},
    {22, 19, 23, 0, 18, 105, 9098},
    {21, 18, 21, 0, 18, 95, 9203},
    {30, 18, 30, 0, 18, 135, 9298},
    {20, 18, 20, 0, 18, 90, 9433},
    {21, 26, 20, 0, 18, 137, 9523},
    {16, 18, 18, 1, 18, 72, 9660},
    {11, 36, 12, 1, 28, 99, 9732},
    {5, 31, 15, 5, 27, 39, 9831},
    {12, 36, 12, 0, 28, 108, 9870},
    {17, 6, 19, 1, 13, 26, 9978},
    {0, 0, 7, 0, 0, 0, 10004},
    {7, 25, 11, 2, 18, 44, 10004},
    {17, 24, 18, 1, 22, 102, 10048},
    {20, 24, 20, 0, 24, 120, 10150},
    {17, 17, 19, 1, 19, 73, 10270},
    {25, 24, 25, 0, 24, 150, 10343},
    {5, 31, 15, 5, 27, 39, 10493},
    {19, 31, 21, 1, 25, 148, 10532},
    {14, 6, 17, 1, 26, 21, 10680},
    {24, 24, 28, 2, 23, 144, 10701},
    {15, 13, 15, 0, 25, 49, 10845},
    {17, 16, 18, 1, 17, 68, 10894},
    {15, 9, 19, 2, 13, 34, 10962},
    {0, 0, 0, 0, 0, 0, 10996},
    {14, 14, 16, 1, 26, 49, 10996},
    {11, 5, 17, 3, 25, 14, 11045},
    {10, 9, 12, 1, 27, 23, 11059},
    {15, 19, 19, 2, 19, 72, 11082},
    {13, 16, 14, 0, 28, 52, 11154},
    {13, 16, 14, 0, 28, 52, 11206},
    {8, 8, 17, 5, 27, 16, 11258},
    {20, 26, 22, 2, 18, 130, 11274},
    {19, 29, 21, 1, 24, 138, 11404},
    {7, 7, 11, 2, 14, 13, 11542},
    {9, 10, 17, 4, 1, 23, 11555},
    {11, 16, 11, 0, 28, 44, 11578},
    {15, 13, 15, 0, 25, 49, 11622},
    {17, 16, 18, 0, 17, 68, 11671},
    {33, 25, 33, 0, 24, 207, 11739},
    {35, 25, 35, 0, 24, 219, 11946},
    {35, 25, 35, 0, 24, 219, 12165},
    {17, 25, 19, 1, 18, 107, 12384},
    {25, 32, 25, 0, 32, 200, 12491},
    {25, 32, 25, 0, 32, 200, 12691},
    {25, 32, 25, 0, 32, 200, 12891},
    {25, 31, 25, 0, 31, 194, 13091},
    {25, 32, 25, 0, 32, 200, 13285},
    {25, 33, 25, 0, 33, 207, 13485},
    {34, 24, 35, 0, 24, 204, 13692},
    {22, 33, 24, 1, 24, 182, 13896},
    {20, 32, 22, 1, 32, 160, 14078},
    {20, 32, 22, 1, 32, 160, 14238},
    {20, 32, 22, 1, 32, 160, 14398},
    {20, 32, 22, 1, 32, 160, 14558},
    {12, 32, 14, 1, 32, 96, 14718},
    {12, 32, 14, 1, 32, 96, 14814},
    {13, 32, 14, 0, 32, 104, 14910},
    {14, 32, 14, 0, 32, 112, 15014},
    {25, 24, 26, 0, 24, 150, 15126},
    {26, 31, 28, 1, 31, 202, 15276},
    {24, 33, 26, 1, 32, 198, 15478},
    {24, 33, 26, 1, 32, 198, 15676},
    {24, 33, 26, 1, 32, 198, 15874},
    {24, 32, 26, 1, 31, 192, 16072},
    {24, 33, 26, 1, 32, 198, 16264},
    {14, 14, 19, 3, 17, 49, 16462},
    {25, 25, 26, 0, 24, 157, 16511},
    {24, 33, 26, 1, 32, 198, 16668},
    {24, 33, 26, 1, 32, 198, 16866},
    {24, 33, 26, 1, 32, 198, 17064},
    {24, 33, 26, 1, 32, 198, 17262},
    {25, 32, 25, 0, 32, 200, 17460},
    {21, 24, 22, 1, 24, 126, 17660},
    {24, 28, 25, 1, 27, 168, 17786},
    {19, 28, 19, 1, 27, 133, 17954},
    {19, 28, 19, 1, 27, 133, 18087},
    {19, 28, 19, 1, 27, 133, 18220},
    {19, 27, 19, 1, 26, 129, 18353},
    {19, 27, 19, 1, 26, 129, 18482},
    {19, 28, 19, 1, 27, 133, 18611},
    {27, 19, 28, 1, 18, 129, 18744},
    {17, 27, 18, 1, 18, 115, 18873},
    {17, 28, 19, 1, 27, 119, 18988},
    {17, 28, 19, 1, 27, 119, 19107},
    {17, 28, 19, 1, 27, 119, 19226},
    {17, 27, 19, 1, 26, 115, 19345},
    {12, 27, 12, 0, 27, 81, 19460},
    {11, 27, 12, 1, 27, 75, 19541},
    {13, 27, 12, -1, 27, 88, 19616},
    {14, 26, 12, -2, 26, 91, 19704},
    {18, 29, 20, 1, 28, 131, 19795},
    {22, 26, 23, 1, 26, 143, 19926},
    {19, 28, 21, 1, 27, 133, 20069},
    {19, 28, 21, 1, 27, 133, 20202},
    {19, 28, 21, 1, 27, 133, 20335},
    {19, 27, 21, 1, 26, 129, 20468},
    {19, 27, 21, 1, 26, 129, 20597},
    {15, 18, 19, 2, 19, 68, 20726},
    {20, 19, 21, 0, 18, 95, 20794},
    {22, 28, 23, 0, 27, 154, 20889},
    {22, 28, 23, 0, 27, 154, 21043},
    {22, 28, 23, 0, 27, 154, 21197},
    {22, 27, 23, 0, 26, 149, 21351},
    {21, 35, 20, 0, 27, 184, 21500},
    {21, 34, 22, 0, 26, 179, 21684},
    {21, 34, 20, 0, 26, 179, 21863},
    {25, 30, 25, 0, 30, 188, 22042},
    {19, 26, 19, 1, 25, 124, 22230},
    {25, 32, 25, 0, 32, 200, 22354},
    {19, 28, 19, 1, 27, 133, 22554},
    {25, 33, 25, 0, 24, 207, 22687},
    {19, 27, 19, 1, 18, 129, 22894},
    {22, 33, 24, 1, 32, 182, 23023},
    {17, 28, 18, 1, 27, 119, 23205},
    {22, 33, 24, 1, 32, 182, 23324},
    {17, 28, 18, 1, 27, 119, 23506},
    {22, 33, 24, 1, 32, 182, 23625},
    {17, 27, 18, 1, 26, 115, 23807},
    {22, 34, 24, 1, 33, 187, 23922},
    {17, 28, 18, 1, 27, 119, 24109},
    {24, 33, 26, 1, 33, 198, 24228},
    {25, 27, 26, 1, 26, 169, 24426},
    {25, 24, 26, 0, 24, 150, 24595},
    {21, 27, 22, 1, 26, 142, 24745},
    {20, 30, 22, 1, 30, 150, 24887},
    {17, 26, 19, 1, 25, 111, 25037},
    {20, 32, 22, 1, 32, 160, 25148},
    {17, 28, 19, 1, 27, 119, 25308},
    {20, 32, 22, 1, 32, 160, 25427},
    {17, 27, 19, 1, 26, 115, 25587},
    {20, 33, 22, 1, 24, 165, 25702},
    {17, 27, 19, 1, 18, 115, 25867},
    {20, 33, 22, 1, 33, 165, 25982},
    {17, 28, 19, 1, 27, 119, 26147},
    {24, 33, 26, 1, 32, 198, 26266},
    {21, 35, 20, 0, 27, 184, 26464},
    {24, 33, 26, 1, 32, 198, 26648},
    {21, 35, 20, 0, 27, 184, 26846},
    {24, 33, 26, 1, 32, 198, 27030},
    {21, 34, 20, 0, 26, 179, 27228},
    {24, 35, 26, 1, 24, 210, 27407},
    {21, 36, 20, 0, 28, 189, 27617},
    {26, 32, 28, 1, 32, 208, 27806},
    {24, 34, 23, -1, 34, 204, 28014},
    {27, 24, 27, 0, 24, 162, 28218},
    {23, 26, 23, 0, 26, 150, 28380},
    {14, 31, 14, 0, 31, 109, 28530},
    {14, 26, 12, -2, 26, 91, 28639},
    {12, 30, 14, 1, 30, 90, 28730},
    {13, 25, 12, -1, 25, 82, 28820},
    {13, 32, 14, 0, 32, 104, 28902},
    {13, 27, 12, -1, 27, 88, 29006},
    {12, 33, 13, 1, 24, 99, 29094},
    {11, 35, 12, 1, 26, 97, 29193},
    {12, 32, 14, 1, 32, 96, 29290},
    {11, 18, 12, 1, 18, 50, 29386},
    {32, 25, 33, 1, 24, 200, 29436},
    {20, 34, 23, 1, 26, 170, 29636},
    {19, 33, 19, 0, 32, 157, 29806},
    {13, 35, 11, -1, 27, 114, 29963},
    {25, 35, 26, 1, 24, 219, 30077},
    {22, 37, 22, 1, 26, 204, 30296},
    {22, 19, 22, 1, 18, 105, 30500},
    {20, 32, 22, 1, 32, 160, 30605},
    {11, 34, 12, 1, 34, 94, 30765},
    {20, 35, 22, 1, 24, 175, 30859},
    {11, 37, 12, 1, 26, 102, 31034},
    {20, 26, 22, 1, 26, 130, 31136},
    {15, 26, 16, 1, 26, 98, 31266},
    {20, 24, 22, 1, 24, 120, 31364},
    {15, 26, 13, 1, 26, 98, 31484},
    {21, 24, 22, 0, 24, 126, 31582},
    {13, 26, 13, 0, 26, 85, 31708},
    {26, 32, 28, 1, 32, 208, 31793},
    {22, 27, 23, 1, 27, 149, 32001},
    {26, 35, 28, 1, 24, 228, 32150},
    {22, 29, 23, 1, 18, 160, 32378},
    {26, 33, 28, 1, 33, 215, 32538},
    {22, 27, 23, 1, 27, 149, 32753},
    {28, 27, 28, 0, 27, 189, 32902},
    {26, 32, 28, 1, 24, 208, 33091},
    {20, 26, 23, 1, 18, 130, 33299},
    {24, 31, 26, 1, 30, 186, 33429},
    {19, 26, 21, 1, 25, 124, 33615},
    {24, 33, 26, 1, 32, 198, 33739},
    {19, 28, 21, 1, 27, 133, 33937},
    {24, 33, 26, 1, 32, 198, 34070},
    {19, 28, 21, 1, 27, 133, 34268},
    {35, 25, 36, 1, 24, 219, 34401},
    {30, 19, 32, 1, 18, 143, 34620},
    {24, 33, 25, 1, 32, 198, 34763},
    {17, 27, 18, 1, 27, 115, 34961},
    {24, 35, 25, 1, 24, 210, 35076},
    {17, 29, 18, 1, 18, 124, 35286},
    {24, 34, 25, 1, 33, 204, 35410},
    {17, 27, 18, 1, 27, 115, 35614},
    {19, 33, 20, 1, 32, 157, 35729},
    {15, 28, 17, 1, 27, 105, 35886},
    {19, 33, 20, 1, 32, 157, 35991},
    {15, 28, 17, 1, 27, 105, 36148},
    {19, 33, 20, 1, 24, 157, 36253},
    {15, 27, 17, 1, 18, 102, 36410},
    {19, 34, 20, 1, 33, 162, 36512},
    {15, 28, 17, 1, 27, 105, 36674},
    {25, 33, 25, 0, 24, 207, 36779},
    {15, 32, 15, 0, 23, 120, 36986},
    {25, 33, 25, 0, 33, 207, 37106},
    {15, 29, 15, 0, 28, 109, 37313},
    {25, 24, 25, 0, 24, 150, 37422},
    {15, 24, 15, 0, 23, 90, 37572},
    {24, 32, 26, 1, 31, 192, 37662},
    {22, 27, 23, 0, 26, 149, 37854},
    {24, 31, 26, 1, 30, 186, 38003},
    {22, 26, 23, 0, 25, 143, 38189},
    {24, 33, 26, 1, 32, 198, 38332},
    {22, 28, 23, 0, 27, 154, 38530},
    {24, 34, 26, 1, 33, 204, 38684},
    {22, 28, 23, 0, 27, 154, 38888},
    {24, 33, 26, 1, 32, 198, 39042},
    {22, 28, 23, 0, 27, 154, 39240},
    {24, 33, 26, 1, 24, 198, 39394},
    {22, 27, 22, 0, 18, 149, 39592},
    {37, 32, 37, 0, 32, 296, 39741},
    {30, 27, 30, 0, 27, 203, 40037},
    {25, 32, 25, 0, 32, 200, 40240},
    {21, 35, 20, 0, 27, 184, 40440},
    {25, 32, 25, 0, 32, 200, 40624},
    {21, 32, 23, 1, 32, 168, 40824},
    {16, 27, 18, 1, 27, 108, 40992},
    {21, 32, 23, 1, 32, 168, 41100},
    {16, 26, 18, 1, 26, 104, 41268},
    {21, 33, 23, 1, 33, 174, 41372},
    {16, 27, 18, 1, 27, 108, 41546},
    {22, 25, 24, 1, 24, 138, 41654},
    {24, 31, 20, -3, 24, 186, 41792},
    {29, 27, 29, 1, 26, 196, 41978},
    {23, 24, 23, 1, 23, 138, 42174},
    {29, 27, 30, 1, 26, 196, 42312},
    {26, 24, 26, 0, 23, 156, 42508},
    {46, 33, 48, 1, 33, 380, 42664},
    {42, 27, 44, 1, 27, 284, 43044},
    {38, 28, 40, 1, 27, 266, 43328},
    {39, 25, 41, 1, 24, 244, 43594},
    {30, 34, 33, 1, 26, 255, 43838},
    {20, 34, 23, 1, 26, 170, 44093},
    {45, 25, 46, 1, 24, 282, 44263},
    {36, 34, 39, 1, 26, 306, 44545},
    {31, 34, 34, 1, 26, 264, 44851},
    {25, 33, 25, 0, 33, 207, 45115},
    {19, 28, 19, 1, 27, 133, 45322},
    {14, 33, 14, 0, 33, 116, 45455},
    {13, 27, 12, -1, 27, 88, 45571},
    {24, 34, 26, 1, 33, 204, 45659},
    {19, 28, 21, 1, 27, 133, 45863},
    {24, 34, 26, 1, 33, 204, 45996},
    {22, 28, 23, 0, 27, 154, 46200},
    {24, 38, 26, 1, 37, 228, 46354},
    {22, 32, 23, 0, 31, 176, 46582},
    {24, 40, 26, 1, 39, 240, 46758},
    {22, 35, 23, 0, 34, 193, 46998},
    {24, 41, 26, 1, 40, 246, 47191},
    {22, 36, 23, 0, 35, 198, 47437},
    {24, 40, 26, 1, 39, 240, 47635},
    {22, 35, 23, 0, 34, 193, 47875},
    {24, 34, 26, 1, 33, 204, 48068},
    {21, 35, 20, 0, 27, 184, 48272},
    {24, 33, 26, 1, 24, 198, 48456},
    {19, 27, 21, 1, 18, 129, 48654},
    {25, 37, 25, 0, 37, 232, 48783},
    {19, 36, 19, 1, 35, 171, 49015},
    {34, 32, 35, 0, 32, 272, 49186},
    {27, 28, 28, 1, 27, 189, 49458},
    {25, 33, 26, 0, 32, 207, 49647},
    {20, 28, 21, 0, 27, 140, 49854},
    {25, 33, 25, 0, 33, 207, 49994},
    {20, 28, 19, 0, 27, 140, 50201},
    {25, 32, 25, 0, 32, 200, 50341},
    {19, 28, 19, 1, 27, 133, 50541},
    {20, 33, 22, 1, 33, 165, 50674},
    {17, 28, 19, 1, 27, 119, 50839},
    {20, 32, 22, 1, 32, 160, 50958},
    {17, 28, 19, 1, 27, 119, 51118},
    {16, 33, 14, -3, 33, 132, 51237},
    {16, 27, 12, -4, 27, 108, 51369},
    {13, 32, 14, 0, 32, 104, 51477},
    {13, 27, 12, -1, 27, 88, 51581},
    {24, 34, 26, 1, 33, 204, 51669},
    {19, 28, 21, 1, 27, 133, 51873},
    {24, 33, 26, 1, 32, 198, 52006},
    {19, 28, 21, 1, 27, 133, 52204},
    {24, 34, 25, 1, 33, 204, 52337},
    {17, 27, 18, 1, 27, 115, 52541},
    {24, 33, 25, 1, 32, 198, 52656},
    {17, 27, 18, 1, 27, 115, 52854},
    {24, 34, 26, 1, 33, 204, 52969},
    {22, 28, 23, 0, 27, 154, 53173},
    {24, 33, 26, 1, 32, 198, 53327},
    {22, 28, 23, 0, 27, 154, 53525},
    {19, 35, 20, 1, 24, 167, 53679},
    {15, 29, 17, 1, 18, 109, 53846},
    {25, 35, 25, 0, 24, 219, 53955},
    {15, 34, 15, 0, 23, 128, 54174},
    {24, 38, 26, 1, 37, 228, 54302},
    {19, 32, 21, 1, 31, 152, 54530},
    {24, 38, 26, 1, 37, 228, 54682},
    {19, 32, 21, 1, 31, 152, 54910},
    {24, 38, 26, 1, 37, 228, 55062},
    {19, 32, 21, 1, 31, 152, 55290},
    {25, 30, 25, 0, 30, 188, 55442},
    {21, 33, 20, 0, 25, 174, 55630},
    {9, 26, 11, 0, 18, 59, 55804},
    {21, 19, 22, 1, 18, 100, 55863},
    {17, 19, 19, 1, 18, 81, 55963},
    {18, 26, 21, 1, 18, 117, 56044},
    {8, 8, 0, -5, 27, 16, 56161},
    {8, 8, 0, -3, 27, 16, 56177},
    {12, 8, 0, -6, 27, 24, 56193},
    {14, 6, 0, -7, 26, 21, 56217},
    {12, 5, 0, -6, 25, 15, 56238},
    {12, 8, 0, -6, 27, 24, 56253},
    {8, 6, 0, -4, 26, 12, 56277},
    {14, 6, 0, -7, 26, 21, 56289},
    {11, 9, 0, -6, 28, 25, 56310},
    {10, 8, 0, -5, 27, 20, 56335},
    {14, 8, 0, -5, 27, 28, 56355},
    {12, 8, 0, -6, 27, 24, 56383},
    {14, 8, 0, -9, 27, 28, 56407},
    {12, 8, 0, -6, 27, 24, 56435},
    {6, 9, 0, -3, 28, 14, 56459},
    {7, 12, 0, -4, 23, 21, 56473},
    {8, 6, 0, -4, -2, 12, 56494},
    {14, 6, 0, -7, -2, 21, 56506},
    {6, 10, 0, -3, -1, 15, 56527},
    {9, 10, 0, -4, 1, 23, 56542},
    {9, 10, 0, -4, 1, 23, 56565},
    {12, 8, 0, -6, -1, 24, 56588},
    {12, 5, 0, -6, -2, 15, 56612},
    {8, 10, 11, 1, 26, 20, 56627},
    {7, 10, 11, 3, 3, 18, 56647},
    {7, 7, 9, 2, -1, 13, 56665},
    {7, 24, 11, 2, 18, 42, 56678},
    {8, 9, 16, 5, 28, 18, 56720},
    {19, 9, 21, 1, 28, 43, 56738},
    {27, 24, 25, -2, 24, 162, 56781},
    {7, 7, 11, 2, 18, 13, 56943},
    {29, 24, 22, -8, 24, 174, 56956},
    {35, 24, 28, -8, 24, 210, 57130},
    {21, 24, 14, -8, 24, 126, 57340},
    {31, 25, 26, -6, 24, 194, 57466},
    {33, 24, 25, -8, 24, 198, 57660},
    {32, 24, 27, -6, 24, 192, 57858},
    {19, 29, 12, -3, 28, 138, 58050},
    {25, 24, 25, 0, 24, 150, 58188},
    {21, 24, 23, 1, 24, 126, 58338},
    {19, 24, 21, 1, 24, 114, 58464},
    {22, 24, 22, 0, 24, 132, 58578},
    {20, 24, 22, 1, 24, 120, 58710},
    {21, 24, 23, 1, 24, 126, 58830},
    {26, 24, 28, 1, 24, 156, 58956},
    {25, 25, 27, 1, 24, 157, 59112},
    {12, 24, 14, 1, 24, 72, 59269},
    {25, 25, 26, 1, 24, 157, 59341},
    {25, 24, 24, 0, 24, 150, 59498},
    {31, 24, 33, 1, 24, 186, 59648},
    {26, 24, 28, 1, 24, 156, 59834},
    {21, 24, 23, 1, 24, 126, 59990},
    {24, 25, 26, 1, 24, 150, 60116},
    {26, 24, 28, 1, 24, 156, 60266},
    {21, 24, 22, 1, 24, 126, 60422},
    {21, 24, 23, 1, 24, 126, 60548},
    {25, 24, 25, 0, 24, 150, 60674},
    {25, 24, 25, 0, 24, 150, 60824},
    {28, 26, 30, 1, 25, 182, 60974},
    {25, 24, 25, 0, 24, 150, 61156},
    {31, 24, 32, 1, 24, 186, 61306},
    {25, 24, 27, 1, 24, 150, 61492},
    {14, 32, 14, 0, 32, 112, 61642},
    {25, 32, 25, 0, 32, 200, 61754},
    {21, 29, 22, 1, 28, 153, 61954},
    {17, 29, 19, 1, 28, 124, 62107},
    {20, 36, 22, 0, 28, 180, 62231},
    {10, 29, 12, 2, 28, 73, 62411},
    {21, 29, 21, 0, 28, 153, 62484},
    {21, 19, 22, 1, 18, 100, 62637},
    {20, 35, 22, 2, 27, 175, 62737},
    {20, 25, 21, 0, 18, 125, 62912},
    {19, 28, 20, 0, 27, 133, 63037},
    {17, 19, 19, 1, 18, 81, 63170},
    {18, 35, 17, 0, 27, 158, 63251},
    {20, 26, 22, 0, 18, 130, 63409},
    {19, 28, 21, 1, 27, 133, 63539},
    {10, 19, 12, 2, 18, 48, 63672},
    {19, 19, 22, 2, 18, 91, 63720},
    {22, 28, 22, 0, 27, 154, 63811},
    {20, 26, 22, 2, 18, 130, 63965},
    {20, 19, 21, 0, 18, 95, 64095},
    {18, 36, 18, 0, 28, 162, 64190},
    {18, 19, 20, 1, 18, 86, 64352},
    {23, 19, 24, 0, 18, 110, 64438},
    {19, 26, 20, 1, 18, 124, 64548},
    {17, 26, 18, 1, 18, 111, 64672},
    {21, 19, 22, 1, 18, 100, 64783},
    {18, 19, 18, 0, 18, 86, 64883},
    {21, 19, 21, 0, 18, 100, 64969},
    {25, 32, 27, 1, 24, 200, 65069},
    {21, 26, 20, 0, 18, 137, 65269},
    {26, 32, 27, 0, 24, 208, 65406},
    {26, 19, 28, 1, 18, 124, 65614},
    {14, 27, 12, -2, 26, 95, 65738},
    {21, 27, 21, 0, 26, 142, 65833},
    {18, 29, 20, 1, 28, 131, 65975},
    {21, 29, 21, 0, 28, 153, 66106},
    {26, 29, 28, 1, 28, 189, 66259},
    {19, 26, 22, 2, 18, 124, 66448},
    {24, 32, 26, 1, 24, 192, 66572},
    {19, 24, 21, 1, 18, 114, 66764},
    {20, 32, 22, 1, 24, 160, 66878},
    {17, 29, 18, 1, 21, 124, 67038},
    {20, 24, 21, 1, 24, 120, 67162},
    {17, 28, 14, 0, 27, 119, 67282},
    {17, 25, 18, 1, 21, 107, 67401},
    {15, 23, 18, 1, 20, 87, 67508},
    {25, 25, 26, 0, 18, 157, 67595},
    {19, 28, 20, 1, 19, 133, 67752},
    {20, 32, 22, 1, 32, 160, 67885},
    {29, 29, 30, 0, 24, 211, 68045},
    {19, 32, 21, 1, 32, 152, 68256},
    {21, 25, 23, 1, 24, 132, 68408},
    {19, 25, 20, 1, 24, 119, 68540},
    {12, 24, 14, 1, 24, 72, 68659},
    {14, 32, 14, 0, 32, 112, 68731},
    {19, 25, 19, 0, 24, 119, 68843},
    {35, 25, 35, 0, 24, 219, 68962},
    {35, 24, 36, 1, 24, 210, 69181},
    {32, 24, 33, 0, 24, 192, 69391},
    {25, 33, 26, 1, 32, 207, 69583},
    {26, 32, 28, 1, 32, 208, 69790},
    {24, 33, 23, 0, 32, 198, 69998},
    {26, 29, 28, 1, 24, 189, 70196},
    {25, 24, 25, 0, 24, 150, 70385},
    {21, 24, 23, 1, 24, 126, 70535},
    {21, 24, 23, 1, 24, 126, 70661},
    {19, 24, 21, 1, 24, 114, 70787},
    {25, 30, 25, 0, 24, 188, 70901},
    {20, 24, 22, 1, 24, 120, 71089},
    {37, 25, 37, 0, 24, 232, 71209},
    {20, 25, 21, 0, 24, 125, 71441},
    {26, 24, 28, 1, 24, 156, 71566},
    {26, 32, 28, 1, 32, 208, 71722},
    {25, 25, 26, 1, 24, 157, 71930},
    {25, 25, 26, 0, 24, 157, 72087},
    {31, 24, 33, 1, 24, 186, 72244},
    {26, 24, 28, 1, 24, 156, 72430},
    {24, 25, 26, 1, 24, 150, 72586},
    {26, 24, 28, 1, 24, 156, 72736},
    {21, 24, 22, 1, 24, 126, 72892},
    {22, 25, 24, 1, 24, 138, 73018},
    {25, 24, 25, 0, 24, 150, 73156},
    {24, 25, 23, 0, 24, 150, 73306},
    {28, 26, 29, 1, 25, 182, 73456},
    {25, 24, 25, 0, 24, 150, 73638},
    {27, 29, 29, 1, 24, 196, 73788},
    {25, 24, 26, 0, 24, 150, 73984},
    {37, 24, 40, 1, 24, 222, 74134},
    {39, 29, 41, 1, 24, 283, 74356},
    {26, 24, 27, 0, 24, 156, 74639},
    {32, 24, 34, 1, 24, 192, 74795},
    {21, 24, 23, 1, 24, 126, 74987},
    {21, 25, 23, 1, 24, 132, 75113},
    {36, 25, 38, 1, 24, 225, 75245},
    {24, 25, 25, 0, 24, 150, 75470},
    {19, 19, 19, 1, 18, 91, 75620},
    {18, 28, 20, 1, 27, 126, 75711},
    {18, 18, 20, 1, 18, 81, 75837},
    {16, 18, 18, 1, 18, 72, 75918},
    {21, 24, 21, 0, 18, 126, 75990},
    {17, 19, 19, 1, 18, 81, 76116},
    {31, 19, 31, 0, 18, 148, 76197},
    {16, 19, 18, 1, 18, 76, 76345},
    {22, 18, 24, 1, 18, 99, 76421},
    {22, 26, 24, 1, 26, 143, 76520},
    {21, 19, 22, 1, 18, 100, 76663},
    {21, 19, 22, 0, 18, 100, 76763},
    {24, 18, 26, 1, 18, 108, 76863},
    {22, 18, 24, 1, 18, 99, 76971},
    {19, 19, 21, 1, 18, 91, 77070},
    {22, 18, 23, 1, 18, 99, 77161},
    {21, 26, 22, 0, 18, 137, 77260},
    {17, 19, 18, 1, 18, 81, 77397},
    {20, 18, 21, 0, 18, 90, 77478},
    {21, 26, 20, 0, 18, 137, 77568},
    {27, 34, 29, 1, 26, 230, 77705},
    {20, 18, 20, 0, 18, 90, 77935},
    {23, 24, 24, 1, 18, 138, 78025},
    {21, 18, 22, 0, 18, 95, 78163},
    {32, 18, 33, 1, 18, 144, 78258},
    {33, 24, 34, 1, 18, 198, 78402},
    {23, 18, 23, 0, 18, 104, 78600},
    {28, 18, 29, 1, 18, 126, 78704},
    {18, 18, 20, 1, 18, 81, 78830},
    {17, 19, 19, 1, 18, 81, 78911},
    {29, 19, 30, 1, 18, 138, 78992},
    {21, 19, 21, 0, 18, 100, 79130},
    {17, 27, 19, 1, 26, 115, 79230},
    {20, 34, 22, 0, 26, 170, 79345},
    {16, 27, 18, 1, 27, 108, 79515},
    {17, 19, 18, 1, 18, 81, 79623},
    {15, 19, 17, 1, 18, 72, 79704},
    {11, 26, 12, 1, 26, 72, 79776},
    {14, 26, 12, -2, 26, 91, 79848},
    {9, 34, 11, 0, 26, 77, 79939},
    {29, 19, 29, 0, 18, 138, 80016},
    {29, 18, 31, 1, 18, 131, 80154},
    {23, 26, 23, 0, 26, 150, 80285},
    {21, 28, 22, 1, 27, 147, 80435},
    {22, 27, 24, 1, 27, 149, 80582},
    {21, 34, 20, 0, 26, 179, 80731},
    {22, 24, 24, 1, 18, 132, 80910},
    {26, 25, 27, 0, 25, 163, 81042},
    {23, 26, 24, 0, 26, 150, 81205},
    {36, 25, 36, 0, 24, 225, 81355},
    {30, 19, 30, 0, 18, 143, 81580},
    {19, 29, 19, 1, 29, 138, 81723},
    {16, 22, 16, 1, 22, 88, 81861},
    {19, 24, 21, 1, 24, 114, 81949},
    {17, 18, 18, 1, 18, 77, 82063},
    {38, 30, 38, 0, 24, 285, 82140},
    {32, 24, 31, 0, 18, 192, 82425},
    {25, 30, 26, 1, 24, 188, 82617},
    {21, 24, 22, 1, 18, 126, 82805},
    {27, 29, 29, 1, 24, 196, 82931},
    {23, 24, 24, 1, 18, 138, 83127},
    {25, 24, 25, 0, 24, 150, 83265},
    {21, 26, 20, 0, 18, 137, 83415},
    {25, 24, 25, 0, 24, 150, 83552},
    {21, 26, 20, 0, 18, 137, 83702},
    {26, 24, 27, 1, 24, 156, 83839},
    {23, 26, 23, 0, 26, 150, 83995},
    {22, 25, 24, 1, 24, 138, 84145},
    {17, 19, 19, 1, 18, 81, 84283},
    {24, 25, 26, 1, 24, 150, 84364},
    {19, 19, 21, 1, 18, 91, 84514},
    {22, 41, 24, 1, 32, 226, 84605},
    {17, 36, 18, 1, 27, 153, 84831},
    {24, 32, 26, 1, 24, 192, 84984},
    {21, 34, 22, 1, 26, 179, 85176},
    {24, 31, 26, 1, 24, 186, 85355},
    {21, 33, 22, 1, 26, 174, 85541},
    {20, 39, 22, 1, 39, 195, 85715},
    {17, 34, 19, 1, 33, 145, 85910},
    {20, 39, 22, 1, 39, 195, 86055},
    {17, 34, 19, 1, 33, 145, 86250},
    {20, 41, 22, 1, 32, 205, 86395},
    {17, 36, 19, 1, 27, 153, 86600},
    {24, 31, 26, 1, 30, 186, 86753},
    {21, 33, 20, 0, 25, 174, 86939},
    {26, 32, 28, 1, 24, 208, 87113},
    {23, 34, 23, 0, 26, 196, 87321},
    {26, 33, 28, 1, 24, 215, 87517},
    {23, 35, 23, 0, 26, 202, 87732},
    {14, 39, 13, 0, 39, 137, 87934},
    {14, 34, 12, -2, 34, 119, 88071},
    {20, 32, 22, 1, 24, 160, 88190},
    {11, 34, 12, 1, 26, 94, 88350},
    {20, 38, 22, 1, 30, 190, 88444},
    {13, 40, 12, -1, 32, 130, 88634},
    {20, 31, 22, 1, 24, 155, 88764},
    {12, 33, 12, 0, 26, 99, 88919},
    {31, 32, 33, 1, 24, 248, 89018},
    {32, 26, 33, 1, 18, 208, 89266},
    {26, 32, 28, 1, 32, 208, 89474},
    {22, 26, 23, 1, 26, 143, 89682},
    {26, 32, 28, 1, 24, 208, 89825},
    {22, 26, 23, 1, 18, 143, 90033},
    {26, 31, 28, 1, 24, 202, 90176},
    {22, 25, 23, 1, 18, 138, 90378},
    {24, 40, 26, 1, 39, 240, 90516},
    {19, 35, 21, 1, 34, 167, 90756},
    {24, 40, 26, 1, 39, 240, 90923},
    {19, 34, 21, 1, 33, 162, 91163},
    {24, 40, 26, 1, 39, 240, 91325},
    {19, 34, 21, 1, 33, 162, 91565},
    {24, 40, 26, 1, 39, 240, 91727},
    {19, 34, 21, 1, 33, 162, 91967},
    {24, 32, 25, 1, 24, 192, 92129},
    {17, 26, 18, 1, 18, 111, 92321},
    {24, 38, 25, 1, 30, 228, 92432},
    {17, 33, 18, 1, 25, 141, 92660},
    {24, 31, 25, 1, 24, 186, 92801},
    {17, 25, 18, 1, 18, 107, 92987},
    {19, 33, 20, 1, 32, 157, 93094},
    {15, 27, 17, 1, 26, 102, 93251},
    {19, 32, 20, 1, 24, 152, 93353},
    {15, 26, 17, 1, 18, 98, 93505},
    {19, 40, 20, 1, 39, 190, 93603},
    {15, 35, 17, 1, 34, 132, 93793},
    {19, 39, 20, 1, 38, 186, 93925},
    {15, 34, 17, 1, 33, 128, 94111},
    {19, 40, 20, 1, 32, 190, 94239},
    {15, 34, 17, 1, 26, 128, 94429},
    {25, 32, 25, 0, 24, 200, 94557},
    {15, 31, 15, 0, 23, 117, 94757},
    {25, 31, 25, 0, 24, 194, 94874},
    {15, 30, 15, 0, 23, 113, 95068},
    {24, 40, 26, 1, 39, 240, 95181},
    {22, 35, 23, 0, 34, 193, 95421},
    {24, 40, 26, 1, 39, 240, 95614},
    {22, 34, 23, 0, 33, 187, 95854},
    {37, 32, 37, 0, 32, 296, 96041},
    {30, 27, 30, 0, 27, 203, 96337},
    {37, 32, 37, 0, 32, 296, 96540},
    {30, 27, 30, 0, 27, 203, 96836},
    {37, 32, 37, 0, 32, 296, 97039},
    {30, 26, 30, 0, 26, 195, 97335},
    {25, 32, 25, 0, 32, 200, 97530},
    {21, 34, 20, 0, 26, 179, 97730},
    {21, 32, 23, 1, 24, 168, 97909},
    {16, 26, 18, 1, 18, 104, 98077},
    {16, 31, 14, -1, 30, 124, 98181},
    {25, 25, 27, 1, 24, 157, 98305},
    {25, 32, 25, 0, 24, 200, 98462},
    {19, 26, 19, 1, 18, 124, 98662},
    {25, 33, 25, 0, 33, 207, 98786},
    {19, 29, 19, 1, 28, 138, 98993},
    {25, 39, 25, 0, 39, 244, 99131},
    {19, 35, 19, 1, 34, 167, 99375},
    {25, 39, 25, 0, 39, 244, 99542},
    {19, 35, 19, 1, 34, 167, 99786},
    {25, 39, 25, 0, 39, 244, 99953},
    {19, 34, 19, 1, 33, 162, 100197},
    {25, 38, 25, 0, 38, 238, 100359},
    {19, 34, 19, 1, 33, 162, 100597},
    {25, 40, 25, 0, 32, 250, 100759},
    {19, 35, 19, 1, 27, 167, 101009},
    {25, 39, 25, 0, 39, 244, 101176},
    {19, 35, 19, 1, 34, 167, 101420},
    {25, 39, 25, 0, 39, 244, 101587},
    {19, 35, 19, 1, 34, 167, 101831},
    {25, 40, 25, 0, 40, 250, 101998},
    {19, 35, 19, 1, 34, 167, 102248},
    {25, 38, 25, 0, 38, 238, 102415},
    {19, 34, 19, 1, 33, 162, 102653},
    {25, 40, 25, 0, 32, 250, 102815},
    {19, 35, 19, 1, 27, 167, 103065},
    {20, 32, 22, 1, 24, 160, 103232},
    {17, 26, 19, 1, 18, 111, 103392},
    {20, 33, 22, 1, 33, 165, 103503},
    {17, 29, 19, 1, 28, 124, 103668},
    {20, 31, 22, 1, 31, 155, 103792},
    {17, 27, 19, 1, 26, 115, 103947},
    {20, 39, 22, 1, 39, 195, 104062},
    {17, 35, 19, 1, 34, 149, 104257},
    {20, 39, 22, 1, 39, 195, 104406},
    {17, 35, 19, 1, 34, 149, 104601},
    {21, 39, 22, 1, 39, 205, 104750},
    {20, 34, 19, 1, 33, 170, 104955},
    {20, 38, 22, 1, 38, 190, 105125},
    {17, 34, 19, 1, 33, 145, 105315},
    {20, 40, 22, 1, 32, 200, 105460},
    {17, 35, 19, 1, 27, 149, 105660},
    {12, 33, 14, 1, 33, 99, 105809},
    {13, 28, 12, -1, 28, 91, 105908},
    {12, 32, 14, 1, 24, 96, 105999},
    {11, 34, 12, 1, 26, 94, 106095},
    {24, 32, 26, 1, 24, 192, 106189},
    {19, 26, 21, 1, 18, 124, 106381},
    {24, 34, 26, 1, 33, 204, 106505},
    {19, 29, 21, 1, 28, 138, 106709},
    {24, 40, 26, 1, 39, 240, 106847},
    {19, 36, 21, 1, 35, 171, 107087},
    {24, 41, 26, 1, 40, 246, 107258},
    {19, 36, 21, 1, 35, 171, 107504},
    {24, 40, 26, 1, 39, 240, 107675},
    {20, 34, 21, 1, 33, 170, 107915},
    {24, 39, 26, 1, 38, 234, 108085},
    {19, 34, 21, 1, 33, 162, 108319},
    {24, 40, 26, 1, 32, 240, 108481},
    {19, 35, 21, 1, 27, 167, 108721},
    {29, 33, 29, 1, 32, 240, 108888},
    {23, 28, 23, 1, 27, 161, 109128},
    {29, 33, 29, 1, 32, 240, 109289},
    {23, 28, 23, 1, 27, 161, 109529},
    {29, 34, 29, 1, 33, 247, 109690},
    {23, 29, 23, 1, 28, 167, 109937},
    {29, 32, 29, 1, 31, 232, 110104},
    {23, 27, 23, 1, 26, 156, 110336},
    {29, 34, 29, 1, 26, 247, 110492},
    {23, 31, 23, 1, 23, 179, 110739},
    {24, 32, 26, 1, 24, 192, 110918},
    {22, 26, 23, 0, 18, 143, 111110},
    {24, 34, 26, 1, 33, 204, 111253},
    {22, 29, 23, 0, 28, 160, 111457},
    {29, 33, 30, 1, 32, 240, 111617},
    {26, 28, 26, 0, 27, 182, 111857},
    {29, 33, 30, 1, 32, 240, 112039},
    {26, 28, 26, 0, 27, 182, 112279},
    {29, 34, 30, 1, 33, 247, 112461},
    {26, 29, 26, 0, 28, 189, 112708},
    {29, 32, 30, 1, 31, 232, 112897},
    {26, 27, 26, 0, 26, 176, 113129},
    {29, 34, 30, 1, 26, 247, 113305},
    {26, 31, 26, 0, 23, 202, 113552},
    {25, 32, 25, 0, 32, 200, 113754},
    {21, 35, 20, 0, 27, 184, 113954},
    {25, 32, 25, 0, 24, 200, 114138},
    {21, 26, 20, 0, 18, 137, 114338},
    {25, 33, 25, 0, 33, 207, 114475},
    {21, 36, 20, 0, 28, 189, 114682},
    {25, 31, 25, 0, 31, 194, 114871},
    {21, 34, 20, 0, 26, 179, 115065},
    {0, 0, 19, 0, 0, 0, 115244},
    {0, 0, 11, 0, 0, 0, 115244},
    {0, 0, 4, 0, 0, 0, 115244},
    {0, 0, 2, 0, 0, 0, 115244},
    {0, 0, 0, 0, 0, 0, 115244},
    {10, 5, 11, 1, 12, 13, 115244},
    {17, 3, 17, 0, 11, 13, 115257},
    {17, 3, 17, 0, 11, 13, 115270},
    {33, 3, 33, 0, 11, 25, 115283},
    {33, 3, 33, 0, 11, 25, 115308},
    {7, 11, 10, 2, 27, 20, 115333},
    {7, 11, 10, 2, 27, 20, 115353},
    {7, 11, 10, 2, 5, 20, 115373},
    {14, 11, 18, 2, 27, 39, 115393},
    {14, 11, 18, 2, 27, 39, 115432},
    {14, 11, 16, 1, 5, 39, 115471},
    {16, 28, 18, 1, 27, 112, 115510},
    {16, 29, 18, 1, 27, 116, 115622},
    {10, 9, 13, 1, 15, 23, 115738},
    {29, 7, 31, 1, 6, 51, 115761},
    {43, 21, 43, 0, 20, 226, 115812},
    {6, 10, 8, 1, 28, 15, 116038},
    {12, 10, 14, 1, 28, 30, 116053},
    {9, 16, 11, 1, 17, 36, 116083},
    {10, 16, 11, 0, 17, 40, 116119},
    {28, 28, 30, 1, 27, 196, 116159},
    {19, 25, 11, -4, 24, 119, 116355},
    {16, 16, 16, 0, 28, 64, 116474},
    {14, 16, 14, 0, 28, 56, 116538},
    {13, 16, 13, 0, 28, 52, 116594},
    {14, 16, 14, 0, 28, 56, 116646},
    {13, 16, 13, 0, 28, 52, 116702},
    {14, 16, 14, 0, 28, 56, 116754},
    {14, 16, 14, 0, 28, 56, 116810},
    {7, 21, 9, 1, 30, 37, 116866},
    {8, 21, 9, 0, 30, 42, 116903},
    {18, 13, 18, 0, 25, 59, 116945},
    {16, 16, 16, 0, 11, 64, 117004},
    {11, 16, 11, 0, 11, 44, 117068},
    {13, 16, 14, 0, 11, 52, 117112},
    {13, 16, 14, 0, 11, 52, 117164},
    {14, 16, 14, 0, 11, 56, 117216},
    {13, 16, 13, 0, 11, 52, 117272},
    {14, 16, 14, 0, 11, 56, 117324},
    {13, 16, 13, 0, 11, 52, 117380},
    {14, 16, 14, 0, 11, 56, 117432},
    {14, 16, 14, 0, 11, 56, 117488},
    {7, 21, 9, 1, 13, 37, 117544},
    {8, 21, 9, 0, 13, 42, 117581},
    {19, 30, 21, 1, 27, 143, 117623},
    {21, 24, 21, 0, 24, 126, 117766},
    {20, 24, 20, 0, 24, 120, 117892},
    {27, 24, 28, 0, 24, 162, 118012},
    {51, 25, 52, 1, 24, 319, 118174},
    {37, 24, 37, 0, 24, 222, 118493},
    {21, 33, 22, 1, 26, 174, 118715},
    {23, 25, 23, -1, 24, 144, 118889},
    {27, 25, 27, 0, 24, 169, 119033},
    {24, 24, 24, 0, 24, 144, 119202},
    {24, 24, 24, 0, 24, 144, 119346},
    {24, 30, 25, 1, 27, 180, 119490},
    {22, 25, 23, 0, 24, 138, 119670},
    {19, 31, 21, 1, 27, 148, 119808},
    {24, 24, 24, 0, 24, 144, 119956},
    {19, 25, 21, 0, 24, 119, 120100},
    {20, 24, 22, 1, 24, 120, 120219},
    {25, 24, 26, 1, 24, 150, 120339},
    {22, 24, 22, 0, 24, 132, 120489},
    {16, 28, 18, 0, 27, 112, 120621},
    {41, 24, 43, 1, 24, 246, 120733},
    {24, 24, 28, 2, 23, 144, 120979},
    {34, 16, 35, 0, 23, 136, 121123},
    {38, 15, 38, 0, 22, 143, 121259},
    {25, 24, 27, 1, 24, 150, 121402},
    {23, 25, 27, 2, 24, 144, 121552},
    {34, 25, 35, 0, 24, 213, 121696},
    {36, 25, 37, 0, 24, 225, 121909},
    {34, 25, 35, 0, 24, 213, 122134},
    {35, 25, 36, 0, 24, 219, 122347},
    {35, 25, 36, 0, 24, 219, 122566},
    {33, 25, 34, 0, 24, 207, 122785},
    {17, 12, 19, 1, 15, 51, 122992},
    {11, 18, 19, 4, 18, 50, 123043},
    {17, 12, 19, 1, 15, 51, 123093},
    {11, 18, 19, 4, 18, 50, 123144},
    {18, 25, 20, 1, 24, 113, 123194},
    {23, 25, 25, 1, 22, 144, 123307},
    {22, 24, 22, 0, 24, 132, 123451},
    {26, 29, 28, 1, 24, 189, 123583},
    {20, 29, 22, 1, 24, 145, 123772},
    {15, 4, 19, 2, 12, 15, 123917},
    {18, 25, 20, 1, 24, 113, 123932},
    {8, 7, 9, 1, 15, 14, 124045},
    {19, 25, 19, 0, 25, 119, 124059},
    {20, 11, 22, 1, 14, 55, 124178},
    {19, 32, 16, -2, 25, 152, 124233},
    {16, 13, 19, 2, 16, 52, 124385},
    {15, 20, 19, 2, 20, 75, 124437},
    {15, 19, 19, 2, 19, 72, 124512},
    {15, 19, 19, 2, 19, 72, 124584},
    {23, 27, 24, 1, 27, 156, 124656},
    {23, 27, 25, 1, 27, 156, 124812},
};

static const EpdUnicodeInterval PROGMEM literata_medium_bold_2bIntervals[] = {
    {0x20, 0x7E, 0},
    {0xA0, 0x17E, 95},
    {0x18F, 0x18F, 318},
    {0x192, 0x192, 319},
    {0x1A0, 0x1A1, 320},
    {0x1AF, 0x1B0, 322},
    {0x1C4, 0x1DC, 324},
    {0x1E6, 0x1E7, 349},
    {0x1EA, 0x1EB, 351},
    {0x1FA, 0x21B, 353},
    {0x22A, 0x22D, 387},
    {0x230, 0x233, 391},
    {0x237, 0x237, 395},
    {0x251, 0x251, 396},
    {0x259, 0x259, 397},
    {0x261, 0x261, 398},
    {0x300, 0x304, 399},
    {0x306, 0x30C, 404},
    {0x30F, 0x30F, 411},
    {0x311, 0x312, 412},
    {0x31B, 0x31B, 414},
    {0x323, 0x324, 415},
    {0x326, 0x328, 417},
    {0x32E, 0x32E, 420},
    {0x331, 0x331, 421},
    {0x374, 0x375, 422},
    {0x37A, 0x37A, 424},
    {0x37E, 0x37E, 425},
    {0x384, 0x38A, 426},
    {0x38C, 0x38C, 433},
    {0x38E, 0x3A1, 434},
    {0x3A3, 0x3CE, 454},
    {0x3D7, 0x3E1, 498},
    {0x401, 0x44F, 509},
    {0x451, 0x45F, 588},
    {0x462, 0x463, 603},
    {0x46A, 0x46B, 605},
    {0x490, 0x493, 607},
    {0x496, 0x497, 611},
    {0x49A, 0x49B, 613},
    {0x4A2, 0x4A3, 615},
    {0x4AE, 0x4B1, 617},
    {0x4BA, 0x4BB, 621},
    {0x4D8, 0x4D9, 623},
    {0x4E8, 0x4E9, 625},
    {0x1E08, 0x1E09, 627},
    {0x1E0C, 0x1E0F, 629},
    {0x1E14, 0x1E17, 633},
    {0x1E1C, 0x1E1D, 637},
    {0x1E20, 0x1E21, 639},
    {0x1E24, 0x1E25, 641},
    {0x1E2A, 0x1E2B, 643},
    {0x1E2E, 0x1E2F, 645},
    {0x1E36, 0x1E3B, 647},
    {0x1E42, 0x1E49, 653},
    {0x1E4C, 0x1E53, 661},
    {0x1E5A, 0x1E69, 669},
    {0x1E6C, 0x1E6F, 685},
    {0x1E78, 0x1E7B, 689},
    {0x1E80, 0x1E85, 693},
    {0x1E8E, 0x1E8F, 699},
    {0x1E92, 0x1E93, 701},
    {0x1E97, 0x1E97, 703},
    {0x1E9E, 0x1E9E, 704},
    {0x1EA0, 0x1EF9, 705},
    {0x2007, 0x200B, 795},
    {0x2010, 0x2010, 800},
    {0x2012, 0x2015, 801},
    {0x2018, 0x201A, 805},
    {0x201C, 0x201E, 808},
    {0x2020, 0x2022, 811},
    {0x2026, 0x2026, 814},
    {0x2030, 0x2030, 815},
    {0x2032, 0x2033, 816},
    {0x2039, 0x203A, 818},
    {0x2042, 0x2042, 820},
    {0x2044, 0x2044, 821},
    {0x2070, 0x2070, 822},
    {0x2074, 0x2079, 823},
    {0x207D, 0x2089, 829},
    {0x208D, 0x208E, 842},
    {0x20A1, 0x20A1, 844},
    {0x20A3, 0x20A4, 845},
    {0x20A6, 0x20A7, 847},
    {0x20A9, 0x20A9, 849},
    {0x20AB, 0x20AE, 850},
    {0x20B1, 0x20B2, 854},
    {0x20B4, 0x20B5, 856},
    {0x20B8, 0x20BA, 858},
    {0x20BC, 0x20BD, 861},
    {0x2113, 0x2113, 863},
    {0x2116, 0x2117, 864},
    {0x2120, 0x2120, 866},
    {0x2122, 0x2122, 867},
    {0x2126, 0x2126, 868},
    {0x212E, 0x212E, 869},
    {0x2153, 0x2154, 870},
    {0x215B, 0x215E, 872},
    {0x2190, 0x2193, 876},
    {0x2202, 0x2202, 880},
    {0x2205, 0x2206, 881},
    {0x220F, 0x220F, 883},
    {0x2211, 0x2212, 884},
    {0x2215, 0x2215, 886},
    {0x2219, 0x221A, 887},
    {0x221E, 0x221E, 889},
    {0x222B, 0x222B, 890},
    {0x2248, 0x2248, 891},
    {0x2260, 0x2260, 892},
    {0x2264, 0x2265, 893},
    {0xFB01, 0xFB02, 895},
};

const EpdFontData literata_medium_bold_2b = {
    literata_medium_bold_2bBitmaps,
    literata_medium_bold_2bGlyphs,
    literata_medium_bold_2bIntervals,
    111,
    49,
    40,
    -11,
    true
};
