/**
 * generated from .epdfont via epdfont2h.py
 * name: literata_small_2b
 * mode: 2-bit
 */
#pragma once
#include "EpdFontData.h"

static const uint8_t PROGMEM literata_small_2bBitmaps[67204] = {
    0x3D, 0x2F, 0xCF, 0xF2, 0xFC, 0x7E, 0x1F, 0x83, 0xD0, 0xF0, 0x3C, 0x0F, 0x03, 0xC0, 0xF0, 0x3C,
    0x00, 0x00, 0x42, 0xF8, 0xFF, 0x2F, 0x81, 0x40, 0x18, 0x18, 0x3D, 0x3D, 0x3C, 0x3C, 0x3C, 0x3C,
    0x3C, 0x3C, 0x28, 0x28, 0x10, 0x10, 0x00, 0x1D, 0x01, 0xC0, 0x00, 0x1C, 0x02, 0xC0, 0x00, 0x2C,
    0x03, 0xC0, 0x0A, 0xBE, 0xAB, 0xEA, 0x0F, 0xFF, 0xFF, 0xFF, 0x00, 0x38, 0x03, 0x40, 0x00, 0x74,
    0x07, 0x40, 0x00, 0x74, 0x07, 0x00, 0x00, 0xB0, 0x0B, 0x00, 0x3F, 0xFF, 0xFF, 0xFC, 0x2A, 0xFA,
    0xAF, 0xA8, 0x00, 0xE0, 0x0E, 0x00, 0x00, 0xE0, 0x1D, 0x00, 0x01, 0xD0, 0x1D, 0x00, 0x00, 0x00,
    0x00, 0x00, 0x00, 0x0C, 0x00, 0x00, 0x07, 0x00, 0x00, 0x1B, 0xF4, 0xA0, 0x2F, 0xFF, 0xFC, 0x2F,
    0x5C, 0x7F, 0x0F, 0x87, 0x07, 0xC7, 0xE1, 0xC0, 0xF1, 0xFC, 0x70, 0x14, 0x3F, 0x9C, 0x00, 0x0F,
    0xFF, 0x40, 0x00, 0xFF, 0xFE, 0x00, 0x07, 0xFF, 0xF0, 0x00, 0x1F, 0xFF, 0x00, 0x07, 0x2F, 0xD5,
    0x01, 0xC2, 0xFB, 0xC0, 0x70, 0x7E, 0xB8, 0x1C, 0x1F, 0x6F, 0x87, 0x0F, 0xCB, 0xFE, 0xEF, 0xD1,
    0xCB, 0xFF, 0xC0, 0x00, 0x1D, 0x00, 0x00, 0x07, 0x00, 0x00, 0x00, 0x40, 0x00, 0x0B, 0xE4, 0x00,
    0x3C, 0x00, 0x3E, 0xBD, 0x00, 0xB8, 0x00, 0xB8, 0x2F, 0x00, 0xF0, 0x00, 0xF4, 0x0F, 0x03, 0xD0,
    0x00, 0xF4, 0x0F, 0x07, 0xC0, 0x00, 0xF8, 0x1F, 0x0F, 0x40, 0x00, 0x7E, 0x7D, 0x2E, 0x00, 0x00,
    0x1F, 0xF4, 0x3C, 0x0A, 0x90, 0x00, 0x00, 0xF4, 0x7F, 0xF8, 0x00, 0x01, 0xF0, 0xF4, 0x3D, 0x00,
    0x03, 0xD1, 0xF0, 0x3E, 0x00, 0x0B, 0x82, 0xF0, 0x3E, 0x00, 0x0F, 0x01, 0xF0, 0x3D, 0x00, 0x3E,
    0x00, 0xF8, 0x7C, 0x00, 0x7C, 0x00, 0x7F, 0xF4, 0x00, 0x50, 0x00, 0x05, 0x40, 0x00, 0x6F, 0x80,
    0x00, 0x00, 0x0B, 0xEB, 0xC0, 0x00, 0x00, 0x7C, 0x07, 0x80, 0x00, 0x03, 0xE0, 0x0F, 0x00, 0x00,
    0x0F, 0x80, 0x3C, 0x00, 0x00, 0x3F, 0x01, 0xE0, 0x00, 0x00, 0x7F, 0x1F, 0x00, 0xFF, 0x00, 0xBF,
    0xE0, 0x0F, 0xFD, 0x00, 0xFF, 0x00, 0x74, 0xF0, 0x2F, 0xFF, 0x03, 0x80, 0x02, 0xF0, 0xFF, 0x1C,
    0x00, 0x1F, 0x40, 0xFF, 0xB0, 0x00, 0xBC, 0x00, 0xFF, 0x80, 0x03, 0xF0, 0x00, 0xFF, 0x00, 0x0B,
    0xD0, 0x00, 0xFF, 0x00, 0x1F, 0xC0, 0x07, 0xFF, 0xAD, 0x2F, 0xE5, 0xBC, 0xBF, 0xF0, 0x1F, 0xFF,
    0x80, 0x7E, 0x00, 0x01, 0x40, 0x00, 0x00, 0x00, 0x18, 0x3D, 0x3C, 0x3C, 0x3C, 0x28, 0x10, 0x00,
    0x00, 0x00, 0xE0, 0x0F, 0x00, 0xB8, 0x03, 0xC0, 0x2F, 0x00, 0xF8, 0x07, 0xC0, 0x2F, 0x00, 0xFC,
    0x03, 0xE0, 0x1F, 0x80, 0x7E, 0x01, 0xF8, 0x07, 0xE0, 0x0F, 0x80, 0x3F, 0x00, 0xFC, 0x02, 0xF0,
    0x07, 0xD0, 0x0F, 0x80, 0x2F, 0x00, 0x3D, 0x00, 0x7C, 0x00, 0xB4, 0x00, 0xE0, 0x00, 0x00, 0x10,
    0x00, 0xE0, 0x02, 0xD0, 0x03, 0xC0, 0x0F, 0x80, 0x1F, 0x00, 0x3E, 0x00, 0xFC, 0x02, 0xF0, 0x07,
    0xD0, 0x1F, 0x80, 0x3E, 0x00, 0xFC, 0x03, 0xF0, 0x0F, 0xC0, 0x3E, 0x01, 0xF8, 0x07, 0xD0, 0x2F,
    0x00, 0xF8, 0x03, 0xD0, 0x2F, 0x00, 0xF4, 0x07, 0x80, 0x3C, 0x00, 0xD0, 0x00, 0x00, 0x00, 0x00,
    0x90, 0x00, 0x1E, 0x00, 0x70, 0xD2, 0x4B, 0xDD, 0xFC, 0x1B, 0xFD, 0x00, 0x7F, 0x40, 0xBE, 0xEF,
    0x8B, 0x4D, 0x78, 0x01, 0xE0, 0x00, 0x1D, 0x00, 0x00, 0x3C, 0x00, 0x00, 0x3C, 0x00, 0x00, 0x3C,
    0x00, 0x00, 0x3C, 0x00, 0x2A, 0xBE, 0xA9, 0x3F, 0xFF, 0xFE, 0x15, 0x7D, 0x54, 0x00, 0x3C, 0x00,
    0x00, 0x3C, 0x00, 0x00, 0x3C, 0x00, 0x00, 0x3C, 0x00, 0x14, 0x2F, 0xCF, 0xF2, 0xFC, 0x0F, 0x07,
    0x83, 0xC2, 0xC0, 0x00, 0x00, 0x55, 0x57, 0xFF, 0xEF, 0xFF, 0x80, 0x18, 0x2F, 0xCF, 0xF2, 0xFC,
    0x14, 0x00, 0x00, 0x00, 0x00, 0x00, 0x02, 0xD0, 0x00, 0x0F, 0x00, 0x00, 0x78, 0x00, 0x02, 0xD0,
    0x00, 0x0F, 0x00, 0x00, 0x78, 0x00, 0x02, 0xC0, 0x00, 0x0F, 0x00, 0x00, 0x78, 0x00, 0x03, 0xC0,
    0x00, 0x0F, 0x00, 0x00, 0xB4, 0x00, 0x03, 0xC0, 0x00, 0x1E, 0x00, 0x00, 0xB4, 0x00, 0x03, 0xC0,
    0x00, 0x1E, 0x00, 0x00, 0xB4, 0x00, 0x03, 0xC0, 0x00, 0x1E, 0x00, 0x00, 0xF0, 0x00, 0x03, 0xC0,
    0x00, 0x1D, 0x00, 0x00, 0x00, 0x2F, 0xE0, 0x00, 0x1F, 0xFF, 0xD0, 0x07, 0xE0, 0x3F, 0x00, 0xFC,
    0x00, 0xFC, 0x1F, 0x40, 0x0B, 0xD2, 0xF0, 0x00, 0x7E, 0x3F, 0x00, 0x07, 0xF3, 0xF0, 0x00, 0x3F,
    0x3F, 0x00, 0x03, 0xF3, 0xF0, 0x00, 0x3F, 0x3F, 0x00, 0x03, 0xF3, 0xF0, 0x00, 0x7F, 0x3F, 0x00,
    0x07, 0xE2, 0xF4, 0x00, 0xBD, 0x0F, 0xC0, 0x0F, 0xC0, 0xBD, 0x01, 0xF4, 0x03, 0xF9, 0xBE, 0x00,
    0x0B, 0xFF, 0x40, 0x00, 0x05, 0x00, 0x00, 0x01, 0xA8, 0x03, 0xFF, 0xC0, 0x1B, 0xFC, 0x00, 0x0F,
    0xC0, 0x00, 0xFC, 0x00, 0x0F, 0xC0, 0x00, 0xFC, 0x00, 0x0F, 0xC0, 0x00, 0xFC, 0x00, 0x0F, 0xC0,
    0x00, 0xFC, 0x00, 0x0F, 0xC0, 0x00, 0xFC, 0x00, 0x0F, 0xC0, 0x00, 0xFC, 0x00, 0x0F, 0xC0, 0x1B,
    0xFF, 0x93, 0xFF, 0xFE, 0x01, 0xBF, 0x80, 0x03, 0xFF, 0xFD, 0x03, 0xE0, 0x1F, 0xC1, 0xF8, 0x02,
    0xF4, 0x7F, 0x00, 0x7E, 0x06, 0x40, 0x1F, 0x80, 0x00, 0x0B, 0xD0, 0x00, 0x03, 0xF0, 0x00, 0x02,
    0xF8, 0x00, 0x01, 0xFC, 0x00, 0x00, 0xFC, 0x00, 0x00, 0xFC, 0x00, 0x00, 0xFC, 0x00, 0x00, 0xBC,
    0x02, 0xC0, 0xBC, 0x00, 0xF0, 0xBD, 0x55, 0xFC, 0x3F, 0xFF, 0xFF, 0x0F, 0xFF, 0xFF, 0x80, 0x00,
    0xBF, 0x90, 0x02, 0xFF, 0xFE, 0x01, 0xF4, 0x0F, 0xD0, 0xFC, 0x01, 0xF8, 0x2F, 0x40, 0x3F, 0x02,
    0x80, 0x0F, 0x80, 0x00, 0x0B, 0xD0, 0x00, 0x0B, 0xD0, 0x00, 0x3F, 0xC0, 0x00, 0x0F, 0xFD, 0x00,
    0x00, 0x1F, 0xE0, 0x00, 0x00, 0xFC, 0x00, 0x00, 0x3F, 0x40, 0x00, 0x0F, 0xD2, 0x40, 0x03, 0xF4,
    0xF8, 0x03, 0xFC, 0x1F, 0xFF, 0xFC, 0x01, 0xFF, 0xF8, 0x00, 0x01, 0x40, 0x00, 0x00, 0x00, 0x68,
    0x00, 0x00, 0x2F, 0xC0, 0x00, 0x03, 0xFC, 0x00, 0x00, 0xFF, 0xC0, 0x00, 0x2D, 0xFC, 0x00, 0x03,
    0xCF, 0xC0, 0x00, 0xF0, 0xFC, 0x00, 0x2D, 0x0F, 0xC0, 0x03, 0xC0, 0xFC, 0x00, 0xF0, 0x0F, 0xC0,
    0x2D, 0x00, 0xFC, 0x03, 0xC0, 0x0F, 0xC0, 0xBF, 0xFF, 0xFF, 0xE7, 0xFF, 0xFF, 0xFE, 0x00, 0x00,
    0xFC, 0x00, 0x00, 0x0F, 0xC0, 0x00, 0x16, 0xFF, 0x40, 0x03, 0xFF, 0xFD, 0x06, 0xAA, 0xA9, 0x02,
    0xFF, 0xFF, 0x40, 0xBF, 0xFF, 0xC0, 0x3C, 0x00, 0x00, 0x0F, 0x00, 0x00, 0x03, 0xC0, 0x00, 0x00,
    0xE0, 0x00, 0x00, 0x3E, 0xFF, 0x80, 0x1F, 0xFF, 0xFC, 0x02, 0x40, 0x7F, 0x80, 0x00, 0x07, 0xF0,
    0x00, 0x00, 0xFC, 0x00, 0x00, 0x3F, 0x00, 0x00, 0x0F, 0xC2, 0x00, 0x07, 0xF1, 0xF4, 0x07, 0xF4,
    0x2F, 0xFF, 0xF8, 0x01, 0xFF, 0xF4, 0x00, 0x01, 0x40, 0x00, 0x00, 0x0B, 0xF8, 0x00, 0x0B, 0xFF,
    0xF4, 0x02, 0xF4, 0x0F, 0xC0, 0x7D, 0x00, 0xFC, 0x0F, 0xC0, 0x0B, 0x41, 0xF4, 0x00, 0x00, 0x2F,
    0x01, 0x40, 0x03, 0xF2, 0xFF, 0x80, 0x3F, 0xFA, 0xFF, 0x03, 0xF8, 0x03, 0xF4, 0x3F, 0x00, 0x1F,
    0xC3, 0xF0, 0x00, 0xFC, 0x3F, 0x00, 0x0F, 0xC3, 0xF0, 0x00, 0xFC, 0x2F, 0x00, 0x0F, 0x80, 0xF8,
    0x02, 0xF0, 0x0B, 0xE5, 0xBD, 0x00, 0x1F, 0xFF, 0x40, 0x00, 0x05, 0x00, 0x00, 0x2A, 0xAA, 0xAA,
    0x0F, 0xFF, 0xFF, 0xE7, 0xFF, 0xFF, 0xF5, 0xF0, 0x00, 0x78, 0x74, 0x00, 0x3C, 0x04, 0x00, 0x3D,
    0x00, 0x00, 0x2F, 0x00, 0x00, 0x0F, 0x40, 0x00, 0x0B, 0xC0, 0x00, 0x03, 0xE0, 0x00, 0x02, 0xF0,
    0x00, 0x00, 0xFC, 0x00, 0x00, 0x3F, 0x00, 0x00, 0x1F, 0x80, 0x00, 0x0B, 0xD0, 0x00, 0x03, 0xF4,
    0x00, 0x00, 0xFD, 0x00, 0x00, 0x3F, 0x40, 0x00, 0x00, 0x00, 0x00, 0x00, 0x6F, 0xE0, 0x00, 0x3F,
    0xBF, 0xD0, 0x0F, 0x80, 0x3F, 0x01, 0xF0, 0x01, 0xF4, 0x2F, 0x00, 0x0F, 0x42, 0xF8, 0x01, 0xF0,
    0x0F, 0xE0, 0x3E, 0x00, 0x7F, 0xEF, 0x80, 0x01, 0xFF, 0xF4, 0x00, 0x2F, 0xFF, 0xE0, 0x0F, 0xC1,
    0xFF, 0x83, 0xF0, 0x02, 0xFC, 0x3E, 0x00, 0x0F, 0xC7, 0xE0, 0x00, 0xFD, 0x7E, 0x00, 0x0F, 0xC3,
    0xF0, 0x01, 0xF8, 0x1F, 0xE5, 0xBF, 0x00, 0x7F, 0xFF, 0x40, 0x00, 0x15, 0x00, 0x00, 0x00, 0xBF,
    0x90, 0x01, 0xFE, 0xFE, 0x01, 0xF8, 0x07, 0xD0, 0xFC, 0x00, 0xFC, 0x3E, 0x00, 0x2F, 0x5F, 0x80,
    0x07, 0xE7, 0xE0, 0x01, 0xF9, 0xF8, 0x00, 0xBE, 0x3F, 0x00, 0x3F, 0x8B, 0xF4, 0x7F, 0xE0, 0xFF,
    0xFE, 0xF8, 0x06, 0xF8, 0xBD, 0x00, 0x00, 0x2F, 0x40, 0x00, 0x0F, 0xC0, 0x00, 0x07, 0xE0, 0xE0,
    0x07, 0xF0, 0x3F, 0xFF, 0xF4, 0x02, 0xFF, 0xF4, 0x00, 0x01, 0x40, 0x00, 0x00, 0x1F, 0x8F, 0xF3,
    0xFC, 0x3D, 0x00, 0x00, 0x00, 0x00, 0x00, 0x00, 0x01, 0x82, 0xFC, 0xFF, 0x2F, 0xC1, 0x40, 0x00,
    0x01, 0xF4, 0x3F, 0xC3, 0xFC, 0x1F, 0x40, 0x00, 0x00, 0x00, 0x00, 0x00, 0x00, 0x00, 0x05, 0x02,
    0xFC, 0x3F, 0xC2, 0xFC, 0x03, 0xC0, 0x78, 0x0F, 0x02, 0xC0, 0x00, 0x00, 0x00, 0x00, 0x00, 0x00,
    0x01, 0xE0, 0x00, 0x2F, 0x80, 0x0B, 0xE0, 0x01, 0xFD, 0x00, 0x2F, 0x80, 0x03, 0xE0, 0x00, 0x0F,
    0xD0, 0x00, 0x0B, 0xF0, 0x00, 0x02, 0xF8, 0x00, 0x01, 0xFD, 0x00, 0x00, 0xBE, 0x00, 0x00, 0x24,
    0x00, 0x00, 0x00, 0x3F, 0xFF, 0xFD, 0x3F, 0xFF, 0xFE, 0x00, 0x00, 0x00, 0x00, 0x00, 0x00, 0x15,
    0x55, 0x54, 0x3F, 0xFF, 0xFE, 0x2A, 0xAA, 0xA9, 0x00, 0x00, 0x00, 0xE0, 0x00, 0x03, 0xF4, 0x00,
    0x01, 0xFD, 0x00, 0x00, 0xBE, 0x00, 0x00, 0x3F, 0x40, 0x00, 0x1F, 0x80, 0x00, 0xBE, 0x00, 0x1F,
    0xD0, 0x07, 0xF4, 0x00, 0xBE, 0x00, 0x0F, 0xD0, 0x00, 0x34, 0x00, 0x00, 0x00, 0x00, 0x00, 0x02,
    0xFE, 0x40, 0x7E, 0xBF, 0x83, 0xC0, 0x2F, 0x5F, 0x40, 0x7E, 0x7E, 0x01, 0xF8, 0x10, 0x0B, 0xD0,
    0x00, 0xBF, 0x00, 0x0B, 0xF4, 0x00, 0x7F, 0x40, 0x02, 0xF4, 0x00, 0x0F, 0x40, 0x00, 0x3C, 0x00,
    0x00, 0xF0, 0x00, 0x00, 0x00, 0x00, 0x01, 0x00, 0x00, 0x7E, 0x00, 0x03, 0xFC, 0x00, 0x07, 0xE0,
    0x00, 0x01, 0x00, 0x00, 0x00, 0x00, 0x15, 0x40, 0x00, 0x00, 0x1B, 0xFF, 0xFD, 0x00, 0x00, 0xBE,
    0x40, 0x6F, 0xC0, 0x03, 0xE0, 0x00, 0x01, 0xF0, 0x0F, 0x40, 0x00, 0x00, 0x78, 0x1E, 0x01, 0xFF,
    0x64, 0x3C, 0x3C, 0x07, 0xE5, 0xF8, 0x1D, 0x38, 0x0F, 0x40, 0xF4, 0x0E, 0x74, 0x2F, 0x00, 0xF4,
    0x0E, 0xB4, 0x3D, 0x02, 0xF4, 0x0E, 0xB0, 0x3D, 0x03, 0xB4, 0x0E, 0xB4, 0x3D, 0x03, 0xB4, 0x1D,
    0x74, 0x3D, 0x0A, 0xB0, 0x3C, 0x78, 0x2F, 0x6C, 0xB4, 0xF4, 0x3C, 0x0F, 0xF4, 0x7F, 0xD0, 0x2E,
    0x01, 0x40, 0x04, 0x00, 0x0F, 0x80, 0x00, 0x04, 0x00, 0x03, 0xF4, 0x00, 0x7C, 0x00, 0x00, 0xBF,
    0xFF, 0xF0, 0x00, 0x00, 0x06, 0xA9, 0x00, 0x00, 0x00, 0x00, 0xA8, 0x00, 0x00, 0x00, 0x0B, 0xF4,
    0x00, 0x00, 0x00, 0x3F, 0xE0, 0x00, 0x00, 0x01, 0xEF, 0xC0, 0x00, 0x00, 0x0B, 0x2F, 0x40, 0x00,
    0x00, 0x3C, 0x7E, 0x00, 0x00, 0x01, 0xE0, 0xFC, 0x00, 0x00, 0x0B, 0x02, 0xF4, 0x00, 0x00, 0x3C,
    0x07, 0xE0, 0x00, 0x01, 0xD0, 0x0F, 0xC0, 0x00, 0x0F, 0x40, 0x2F, 0x40, 0x00, 0x3F, 0xFF, 0xFF,
    0x00, 0x01, 0xE5, 0x55, 0xFC, 0x00, 0x0F, 0x00, 0x02, 0xF8, 0x00, 0x3C, 0x00, 0x07, 0xF0, 0x02,
    0xE0, 0x00, 0x0F, 0xD0, 0x6F, 0xD0, 0x01, 0xBF, 0xE2, 0xFF, 0xD0, 0x0F, 0xFF, 0xC0, 0x6A, 0xAA,
    0x50, 0x01, 0xFF, 0xFF, 0xFC, 0x00, 0xBE, 0x02, 0xFC, 0x01, 0xF8, 0x02, 0xF8, 0x07, 0xE0, 0x07,
    0xE0, 0x1F, 0x80, 0x2F, 0x80, 0x7E, 0x00, 0xFC, 0x01, 0xF8, 0x0B, 0xD0, 0x07, 0xFF, 0xF8, 0x00,
    0x1F, 0xEB, 0xFE, 0x00, 0x7E, 0x00, 0xBF, 0x01, 0xF8, 0x00, 0xFD, 0x07, 0xE0, 0x02, 0xF8, 0x1F,
    0x80, 0x0B, 0xE0, 0x7E, 0x00, 0x3F, 0x41, 0xF8, 0x02, 0xFC, 0x2F, 0xFA, 0xBF, 0xC2, 0xFF, 0xFF,
    0xE4, 0x00, 0x00, 0x1B, 0xF8, 0x70, 0x01, 0xFF, 0xFF, 0xF4, 0x07, 0xF4, 0x07, 0xF4, 0x0F, 0xC0,
    0x00, 0xF8, 0x3F, 0x40, 0x00, 0x7C, 0x3F, 0x00, 0x00, 0x3C, 0x7E, 0x00, 0x00, 0x00, 0xBD, 0x00,
    0x00, 0x00, 0xFD, 0x00, 0x00, 0x00, 0xFD, 0x00, 0x00, 0x00, 0xBD, 0x00, 0x00, 0x00, 0xBE, 0x00,
    0x00, 0x00, 0x7F, 0x00, 0x00, 0x00, 0x3F, 0x40, 0x00, 0x00, 0x1F, 0xC0, 0x00, 0x2C, 0x0F, 0xF4,
    0x00, 0xB8, 0x02, 0xFF, 0xAF, 0xE0, 0x00, 0x7F, 0xFF, 0x40, 0x00, 0x01, 0x50, 0x00, 0x6A, 0xAA,
    0x94, 0x00, 0x07, 0xFF, 0xFF, 0xFD, 0x00, 0x0B, 0xE0, 0x1B, 0xF8, 0x00, 0x7E, 0x00, 0x0F, 0xD0,
    0x07, 0xE0, 0x00, 0x7F, 0x00, 0x7E, 0x00, 0x03, 0xF8, 0x07, 0xE0, 0x00, 0x1F, 0xC0, 0x7E, 0x00,
    0x01, 0xFC, 0x07, 0xE0, 0x00, 0x0F, 0xC0, 0x7E, 0x00, 0x00, 0xFC, 0x07, 0xE0, 0x00, 0x1F, 0xC0,
    0x7E, 0x00, 0x01, 0xF8, 0x07, 0xE0, 0x00, 0x2F, 0x40, 0x7E, 0x00, 0x03, 0xF0, 0x07, 0xE0, 0x00,
    0xBD, 0x00, 0x7E, 0x00, 0x3F, 0x40, 0x2F, 0xFA, 0xBF, 0xD0, 0x0B, 0xFF, 0xFF, 0x90, 0x00, 0x6A,
    0xAA, 0xAA, 0x47, 0xFF, 0xFF, 0xF8, 0x0B, 0xE0, 0x0B, 0xC0, 0x7E, 0x00, 0x3C, 0x07, 0xE0, 0x01,
    0xD0, 0x7E, 0x00, 0x00, 0x07, 0xE0, 0x1C, 0x00, 0x7E, 0x02, 0xC0, 0x07, 0xFF, 0xFC, 0x00, 0x7F,
    0xFF, 0xC0, 0x07, 0xE0, 0x3C, 0x00, 0x7E, 0x01, 0xC0, 0x07, 0xE0, 0x00, 0x00, 0x7E, 0x00, 0x0A,
    0x07, 0xE0, 0x00, 0xF0, 0x7E, 0x00, 0x2E, 0x2F, 0xFA, 0xAF, 0xEB, 0xFF, 0xFF, 0xFD, 0x6A, 0xAA,
    0xAA, 0x47, 0xFF, 0xFF, 0xFC, 0x0B, 0xE0, 0x0B, 0xC0, 0x7E, 0x00, 0x3D, 0x07, 0xE0, 0x01, 0xD0,
    0x7E, 0x00, 0x04, 0x07, 0xE0, 0x04, 0x00, 0x7E, 0x02, 0xC0, 0x07, 0xE5, 0x7C, 0x00, 0x7F, 0xFF,
    0xC0, 0x07, 0xF5, 0xBC, 0x00, 0x7E, 0x02, 0xC0, 0x07, 0xE0, 0x1C, 0x00, 0x7E, 0x00, 0x00, 0x07,
    0xE0, 0x00, 0x00, 0x7E, 0x00, 0x00, 0x2F, 0xF9, 0x00, 0x0B, 0xFF, 0xF4, 0x00, 0x00, 0x1B, 0xF8,
    0x30, 0x00, 0x1F, 0xFF, 0xFB, 0x40, 0x07, 0xF4, 0x07, 0xF8, 0x00, 0xFC, 0x00, 0x0F, 0xC0, 0x3F,
    0x40, 0x00, 0x3C, 0x03, 0xF0, 0x00, 0x02, 0xC0, 0x7E, 0x00, 0x00, 0x00, 0x0B, 0xE0, 0x00, 0x00,
    0x00, 0xFD, 0x00, 0x00, 0x00, 0x0F, 0xD0, 0x00, 0x55, 0x54, 0xBD, 0x00, 0x0F, 0xFF, 0xCB, 0xE0,
    0x00, 0x0F, 0xD0, 0x7F, 0x00, 0x00, 0xBC, 0x03, 0xF4, 0x00, 0x0B, 0xC0, 0x2F, 0xC0, 0x00, 0xBC,
    0x00, 0xFF, 0x00, 0x1F, 0xC0, 0x03, 0xFF, 0xAF, 0xFC, 0x00, 0x0B, 0xFF, 0xE2, 0xC0, 0x00, 0x01,
    0x40, 0x00, 0x00, 0x6A, 0xA9, 0x01, 0xAA, 0xA5, 0xFF, 0xF8, 0x0B, 0xFF, 0xD0, 0xBE, 0x00, 0x02,
    0xF8, 0x01, 0xF8, 0x00, 0x0B, 0xD0, 0x07, 0xE0, 0x00, 0x2F, 0x40, 0x1F, 0x80, 0x00, 0xBD, 0x00,
    0x7E, 0x00, 0x02, 0xF4, 0x01, 0xF8, 0x00, 0x0B, 0xD0, 0x07, 0xFF, 0xFF, 0xFF, 0x40, 0x1F, 0xFF,
    0xFF, 0xFD, 0x00, 0x7E, 0x00, 0x02, 0xF4, 0x01, 0xF8, 0x00, 0x0B, 0xD0, 0x07, 0xE0, 0x00, 0x2F,
    0x40, 0x1F, 0x80, 0x00, 0xBD, 0x00, 0x7E, 0x00, 0x02, 0xF4, 0x01, 0xF8, 0x00, 0x0B, 0xD0, 0x2F,
    0xF9, 0x01, 0xBF, 0xE2, 0xFF, 0xF8, 0x0B, 0xFF, 0xE0, 0x6A, 0xA9, 0x7F, 0xFF, 0x0B, 0xF0, 0x07,
    0xE0, 0x07, 0xE0, 0x07, 0xE0, 0x07, 0xE0, 0x07, 0xE0, 0x07, 0xE0, 0x07, 0xE0, 0x07, 0xE0, 0x07,
    0xE0, 0x07, 0xE0, 0x07, 0xE0, 0x07, 0xE0, 0x07, 0xE0, 0x2F, 0xF9, 0xBF, 0xFF, 0x00, 0x0A, 0xAA,
    0x80, 0x01, 0xFF, 0xFC, 0x00, 0x00, 0xFD, 0x00, 0x00, 0x0F, 0xC0, 0x00, 0x00, 0xFC, 0x00, 0x00,
    0x0F, 0xC0, 0x00, 0x00, 0xFC, 0x00, 0x00, 0x0F, 0xC0, 0x00, 0x00, 0xFC, 0x00, 0x00, 0x0F, 0xC0,
    0x00, 0x00, 0xFC, 0x00, 0x00, 0x0F, 0xC0, 0x00, 0x00, 0xFC, 0x01, 0xF4, 0x0F, 0xC0, 0x3F, 0x40,
    0xFC, 0x03, 0xF0, 0x1F, 0x40, 0x2F, 0x9B, 0xF0, 0x00, 0xBF, 0xF8, 0x00, 0x00, 0x54, 0x00, 0x00,
    0x6A, 0xA9, 0x06, 0xAA, 0x07, 0xFF, 0xF0, 0xFF, 0xF4, 0x0B, 0xF0, 0x01, 0xF8, 0x00, 0x7E, 0x00,
    0x2D, 0x00, 0x07, 0xE0, 0x0B, 0x40, 0x00, 0x7E, 0x02, 0xE0, 0x00, 0x07, 0xE0, 0xB8, 0x00, 0x00,
    0x7E, 0x2E, 0x00, 0x00, 0x07, 0xEB, 0xE0, 0x00, 0x00, 0x7F, 0xFF, 0x00, 0x00, 0x07, 0xFA, 0xFC,
    0x00, 0x00, 0x7E, 0x0F, 0xE0, 0x00, 0x07, 0xE0, 0x7F, 0x00, 0x00, 0x7E, 0x02, 0xFC, 0x00, 0x07,
    0xE0, 0x0F, 0xD0, 0x00, 0x7E, 0x00, 0x7F, 0x40, 0x2F, 0xF9, 0x03, 0xFE, 0x9B, 0xFF, 0xF0, 0x0B,
    0xFD, 0x00, 0x00, 0x00, 0x05, 0x00, 0x6A, 0xAA, 0x00, 0x07, 0xFF, 0xF0, 0x00, 0x0B, 0xE0, 0x00,
    0x00, 0x7E, 0x00, 0x00, 0x07, 0xE0, 0x00, 0x00, 0x7E, 0x00, 0x00, 0x07, 0xE0, 0x00, 0x00, 0x7E,
    0x00, 0x00, 0x07, 0xE0, 0x00, 0x00, 0x7E, 0x00, 0x00, 0x07, 0xE0, 0x00, 0x00, 0x7E, 0x00, 0x00,
    0x07, 0xE0, 0x00, 0x90, 0x7E, 0x00, 0x1E, 0x07, 0xE0, 0x02, 0xD0, 0x7E, 0x00, 0x7D, 0x2F, 0xFA,
    0xBF, 0xCB, 0xFF, 0xFF, 0xFC, 0x1A, 0xA8, 0x00, 0x00, 0xAA, 0x90, 0xFF, 0xF8, 0x00, 0x07, 0xFF,
    0xC0, 0x3F, 0xF0, 0x00, 0x3F, 0xF0, 0x00, 0xFF, 0xD0, 0x00, 0xFF, 0x80, 0x03, 0xDF, 0x80, 0x0B,
    0x7E, 0x00, 0x0F, 0x3F, 0x00, 0x3C, 0xFC, 0x00, 0x3C, 0xBD, 0x01, 0xD3, 0xF0, 0x00, 0xF0, 0xF8,
    0x0B, 0x0F, 0xC0, 0x03, 0xC3, 0xF0, 0x38, 0x3F, 0x00, 0x0F, 0x07, 0xD1, 0xD0, 0xFC, 0x00, 0x3C,
    0x0F, 0xCF, 0x03, 0xF0, 0x00, 0xE0, 0x2F, 0x78, 0x0F, 0xC0, 0x07, 0x80, 0x7F, 0xC0, 0x2F, 0x00,
    0x1E, 0x00, 0xFF, 0x00, 0xBD, 0x00, 0x78, 0x02, 0xF4, 0x02, 0xF4, 0x01, 0xE0, 0x00, 0x00, 0x0B,
    0xD0, 0x2F, 0xE4, 0x00, 0x01, 0xBF, 0xE2, 0xFF, 0xE0, 0x00, 0x0F, 0xFF, 0xE0, 0x6A, 0xA0, 0x00,
    0x6A, 0xA1, 0xFF, 0xF0, 0x02, 0xFF, 0xD0, 0xBF, 0xD0, 0x00, 0xF8, 0x01, 0xFF, 0xC0, 0x02, 0xD0,
    0x07, 0xBF, 0x80, 0x0B, 0x40, 0x1E, 0x7F, 0x00, 0x2D, 0x00, 0x78, 0xBF, 0x00, 0xB4, 0x01, 0xE0,
    0xFD, 0x02, 0xD0, 0x07, 0x81, 0xFC, 0x0B, 0x40, 0x1E, 0x03, 0xF8, 0x2D, 0x00, 0x78, 0x07, 0xF0,
    0xB4, 0x01, 0xE0, 0x0B, 0xE2, 0xD0, 0x07, 0x80, 0x0F, 0xDB, 0x40, 0x1E, 0x00, 0x1F, 0xED, 0x00,
    0x78, 0x00, 0x3F, 0xF4, 0x01, 0xE0, 0x00, 0x7F, 0xD0, 0x2F, 0xE4, 0x00, 0xBF, 0x42, 0xFF, 0xE0,
    0x00, 0xFD, 0x00, 0x00, 0x1B, 0xF9, 0x00, 0x00, 0x3F, 0xFF, 0xF8, 0x00, 0x7F, 0x40, 0x7F, 0x80,
    0x3F, 0x00, 0x03, 0xF4, 0x2F, 0x40, 0x00, 0x7F, 0x0F, 0xC0, 0x00, 0x0F, 0xD7, 0xE0, 0x00, 0x02,
    0xFA, 0xF4, 0x00, 0x00, 0x7F, 0xFD, 0x00, 0x00, 0x1F, 0xFF, 0x40, 0x00, 0x07, 0xFF, 0xD0, 0x00,
    0x01, 0xFE, 0xF8, 0x00, 0x00, 0x7E, 0x7F, 0x00, 0x00, 0x2F, 0x4F, 0xD0, 0x00, 0x0F, 0xC2, 0xFC,
    0x00, 0x07, 0xD0, 0x3F, 0xC0, 0x07, 0xF0, 0x03, 0xFE, 0xAF, 0xE0, 0x00, 0x1F, 0xFF, 0xD0, 0x00,
    0x00, 0x15, 0x00, 0x00, 0x6A, 0xAA, 0x50, 0x07, 0xFF, 0xFF, 0xE0, 0x0B, 0xE0, 0x6F, 0xC0, 0x7E,
    0x00, 0xFE, 0x07, 0xE0, 0x07, 0xF0, 0x7E, 0x00, 0x7F, 0x07, 0xE0, 0x07, 0xF0, 0x7E, 0x00, 0xBE,
    0x07, 0xE0, 0x1F, 0xC0, 0x7F, 0x5B, 0xF4, 0x07, 0xFF, 0xF8, 0x00, 0x7E, 0x00, 0x00, 0x07, 0xE0,
    0x00, 0x00, 0x7E, 0x00, 0x00, 0x07, 0xE0, 0x00, 0x00, 0x7E, 0x00, 0x00, 0x2F, 0xF9, 0x00, 0x0B,
    0xFF, 0xF4, 0x00, 0x00, 0x1B, 0xF9, 0x00, 0x00, 0x00, 0x0F, 0xFF, 0xFE, 0x00, 0x00, 0x07, 0xF4,
    0x07, 0xF8, 0x00, 0x00, 0xFC, 0x00, 0x0F, 0xE0, 0x00, 0x2F, 0x40, 0x00, 0x3F, 0x00, 0x03, 0xF0,
    0x00, 0x03, 0xF8, 0x00, 0x7E, 0x00, 0x00, 0x2F, 0xC0, 0x0B, 0xD0, 0x00, 0x01, 0xFC, 0x00, 0xFD,
    0x00, 0x00, 0x0F, 0xC0, 0x0F, 0xD0, 0x00, 0x00, 0xFC, 0x00, 0xFD, 0x00, 0x00, 0x1F, 0xC0, 0x0B,
    0xE1, 0xA0, 0x01, 0xF8, 0x00, 0x7F, 0xBF, 0xE0, 0x2F, 0x40, 0x03, 0xFD, 0x1F, 0x83, 0xF0, 0x00,
    0x2F, 0xC0, 0x3D, 0x7E, 0x00, 0x00, 0xFE, 0x02, 0xFF, 0xC0, 0x00, 0x03, 0xFE, 0xAF, 0xF0, 0x00,
    0x00, 0x07, 0xFF, 0xFE, 0x00, 0x00, 0x00, 0x01, 0x53, 0xF4, 0x00, 0x00, 0x00, 0x00, 0x1F, 0xD0,
    0x18, 0x00, 0x00, 0x00, 0xBF, 0xFF, 0x80, 0x00, 0x00, 0x02, 0xFF, 0xE0, 0x00, 0x00, 0x00, 0x06,
    0xE4, 0x00, 0x6A, 0xAA, 0x50, 0x00, 0x1F, 0xFF, 0xFF, 0xC0, 0x00, 0xBE, 0x02, 0xFC, 0x00, 0x1F,
    0x80, 0x2F, 0x80, 0x07, 0xE0, 0x07, 0xF0, 0x01, 0xF8, 0x01, 0xFC, 0x00, 0x7E, 0x00, 0xBE, 0x00,
    0x1F, 0x80, 0x3F, 0x00, 0x07, 0xE5, 0xBE, 0x00, 0x01, 0xFF, 0xFD, 0x00, 0x00, 0x7E, 0x0F, 0xD0,
    0x00, 0x1F, 0x81, 0xFC, 0x00, 0x07, 0xE0, 0x3F, 0x40, 0x01, 0xF8, 0x07, 0xF0, 0x00, 0x7E, 0x00,
    0xFD, 0x00, 0x1F, 0x80, 0x2F, 0xC0, 0x2F, 0xF9, 0x03, 0xFE, 0x6F, 0xFF, 0xC0, 0x7F, 0xD0, 0x00,
    0x00, 0x01, 0x40, 0x00, 0xBF, 0x8A, 0x02, 0xFF, 0xFF, 0xC1, 0xF4, 0x07, 0xF0, 0xFC, 0x00, 0x3C,
    0x3E, 0x00, 0x0B, 0x0F, 0xC0, 0x00, 0x43, 0xFC, 0x00, 0x00, 0xBF, 0xF4, 0x00, 0x0B, 0xFF, 0xE0,
    0x00, 0x7F, 0xFF, 0x40, 0x01, 0xBF, 0xF0, 0x00, 0x02, 0xFE, 0x10, 0x00, 0x2F, 0xAD, 0x00, 0x03,
    0xEB, 0xC0, 0x00, 0xF9, 0xF8, 0x00, 0xBC, 0x7F, 0xE6, 0xFD, 0x1C, 0x7F, 0xFD, 0x00, 0x00, 0x50,
    0x00, 0x0A, 0xAA, 0xAA, 0xAA, 0x41, 0xFF, 0xFF, 0xFF, 0xFC, 0x2F, 0x41, 0xFC, 0x0F, 0xC2, 0xE0,
    0x1F, 0xC0, 0x3C, 0x3C, 0x01, 0xFC, 0x02, 0xD2, 0x80, 0x1F, 0xC0, 0x0D, 0x00, 0x01, 0xFC, 0x00,
    0x00, 0x00, 0x1F, 0xC0, 0x00, 0x00, 0x01, 0xFC, 0x00, 0x00, 0x00, 0x1F, 0xC0, 0x00, 0x00, 0x01,
    0xFC, 0x00, 0x00, 0x00, 0x1F, 0xC0, 0x00, 0x00, 0x01, 0xFC, 0x00, 0x00, 0x00, 0x1F, 0xC0, 0x00,
    0x00, 0x01, 0xFC, 0x00, 0x00, 0x00, 0x1F, 0xC0, 0x00, 0x00, 0x1B, 0xFE, 0x80, 0x00, 0x03, 0xFF,
    0xFE, 0x00, 0x6A, 0xA8, 0x00, 0xAA, 0xAF, 0xFF, 0xD0, 0x0F, 0xFF, 0x0F, 0xD0, 0x00, 0x1F, 0x00,
    0xFD, 0x00, 0x00, 0xF0, 0x0F, 0xD0, 0x00, 0x0F, 0x00, 0xFD, 0x00, 0x00, 0xF0, 0x0F, 0xD0, 0x00,
    0x0F, 0x00, 0xFD, 0x00, 0x00, 0xF0, 0x0F, 0xD0, 0x00, 0x0F, 0x00, 0xFD, 0x00, 0x00, 0xF0, 0x0F,
    0xD0, 0x00, 0x0F, 0x00, 0xFD, 0x00, 0x00, 0xF0, 0x0B, 0xD0, 0x00, 0x0F, 0x00, 0xBD, 0x00, 0x01,
    0xE0, 0x07, 0xF0, 0x00, 0x3D, 0x00, 0x3F, 0x80, 0x0B, 0xC0, 0x00, 0xFF, 0xEF, 0xF0, 0x00, 0x02,
    0xFF, 0xF8, 0x00, 0x00, 0x00, 0x50, 0x00, 0x00, 0x6A, 0xA9, 0x00, 0x6A, 0xA2, 0xFF, 0xF8, 0x03,
    0xFF, 0xC0, 0xFE, 0x00, 0x00, 0xF4, 0x01, 0xFC, 0x00, 0x03, 0xC0, 0x03, 0xF0, 0x00, 0x2D, 0x00,
    0x0B, 0xD0, 0x00, 0xF0, 0x00, 0x1F, 0xC0, 0x03, 0xC0, 0x00, 0x3F, 0x00, 0x2D, 0x00, 0x00, 0xBD,
    0x00, 0xF0, 0x00, 0x01, 0xFC, 0x03, 0x80, 0x00, 0x03, 0xF0, 0x2D, 0x00, 0x00, 0x0B, 0xD0, 0xF0,
    0x00, 0x00, 0x0F, 0xC3, 0x80, 0x00, 0x00, 0x3F, 0x2D, 0x00, 0x00, 0x00, 0xBD, 0xF0, 0x00, 0x00,
    0x00, 0xFF, 0x80, 0x00, 0x00, 0x03, 0xFD, 0x00, 0x00, 0x00, 0x07, 0xF0, 0x00, 0x00, 0x6A, 0xA9,
    0x00, 0x69, 0x00, 0x2A, 0xAA, 0xFF, 0xF8, 0x03, 0xFC, 0x00, 0xFF, 0xF0, 0xFF, 0x00, 0x0F, 0xF0,
    0x00, 0x7C, 0x01, 0xFC, 0x00, 0x7F, 0xD0, 0x01, 0xE0, 0x03, 0xF0, 0x02, 0xEF, 0x80, 0x0B, 0x40,
    0x0F, 0xD0, 0x0F, 0x3F, 0x00, 0x3C, 0x00, 0x2F, 0x40, 0x38, 0xBD, 0x00, 0xF0, 0x00, 0x7E, 0x01,
    0xD1, 0xF8, 0x07, 0x80, 0x00, 0xFC, 0x0B, 0x03, 0xF0, 0x2D, 0x00, 0x03, 0xF0, 0x3C, 0x0F, 0xC0,
    0xF0, 0x00, 0x0B, 0xD0, 0xE0, 0x2F, 0x43, 0xC0, 0x00, 0x1F, 0x87, 0x40, 0x7E, 0x0E, 0x00, 0x00,
    0x3F, 0x2C, 0x00, 0xFC, 0x74, 0x00, 0x00, 0xFC, 0xF0, 0x02, 0xF6, 0xC0, 0x00, 0x02, 0xFB, 0x80,
    0x07, 0xEF, 0x00, 0x00, 0x07, 0xFD, 0x00, 0x0F, 0xF8, 0x00, 0x00, 0x0F, 0xF0, 0x00, 0x3F, 0xD0,
    0x00, 0x00, 0x3F, 0xC0, 0x00, 0xBF, 0x00, 0x00, 0x2A, 0xA8, 0x01, 0xAA, 0x8B, 0xFF, 0xD0, 0x2F,
    0xFC, 0x0F, 0xF0, 0x00, 0x7D, 0x00, 0x3F, 0x40, 0x0F, 0x40, 0x01, 0xFC, 0x02, 0xE0, 0x00, 0x0B,
    0xF0, 0x7C, 0x00, 0x00, 0x3F, 0x8F, 0x00, 0x00, 0x00, 0xFF, 0xD0, 0x00, 0x00, 0x07, 0xF8, 0x00,
    0x00, 0x00, 0x2F, 0xC0, 0x00, 0x00, 0x07, 0xFE, 0x00, 0x00, 0x00, 0xF7, 0xF4, 0x00, 0x00, 0x3D,
    0x1F, 0xC0, 0x00, 0x0B, 0x80, 0xBF, 0x00, 0x01, 0xF0, 0x03, 0xF8, 0x00, 0x7C, 0x00, 0x0F, 0xD0,
    0x6F, 0xE4, 0x02, 0xFF, 0x9B, 0xFF, 0x80, 0xBF, 0xFE, 0x6A, 0xA9, 0x01, 0xAA, 0x9B, 0xFF, 0xF0,
    0x2F, 0xFE, 0x0F, 0xF0, 0x00, 0x3E, 0x00, 0x3F, 0x00, 0x03, 0xC0, 0x01, 0xFC, 0x00, 0xB4, 0x00,
    0x0F, 0xD0, 0x1F, 0x00, 0x00, 0x3F, 0x03, 0xC0, 0x00, 0x02, 0xF8, 0x78, 0x00, 0x00, 0x0F, 0xDF,
    0x00, 0x00, 0x00, 0x7F, 0xD0, 0x00, 0x00, 0x02, 0xF8, 0x00, 0x00, 0x00, 0x2F, 0x80, 0x00, 0x00,
    0x02, 0xF8, 0x00, 0x00, 0x00, 0x2F, 0x80, 0x00, 0x00, 0x02, 0xF8, 0x00, 0x00, 0x00, 0x2F, 0x80,
    0x00, 0x00, 0x1B, 0xFE, 0x40, 0x00, 0x03, 0xFF, 0xFC, 0x00, 0x2A, 0xAA, 0xAA, 0xA0, 0xFF, 0xFF,
    0xFF, 0xC3, 0xF0, 0x00, 0xFE, 0x1F, 0x00, 0x07, 0xF0, 0x78, 0x00, 0x3F, 0x41, 0x80, 0x03, 0xF8,
    0x00, 0x00, 0x2F, 0xC0, 0x00, 0x01, 0xFC, 0x00, 0x00, 0x0F, 0xD0, 0x00, 0x00, 0xBF, 0x00, 0x00,
    0x07, 0xF0, 0x00, 0x00, 0x3F, 0x40, 0x00, 0x03, 0xF8, 0x00, 0x10, 0x2F, 0xC0, 0x02, 0xC0, 0xFD,
    0x00, 0x0F, 0x0F, 0xE0, 0x00, 0xBC, 0xBF, 0xAA, 0xAF, 0xF2, 0xFF, 0xFF, 0xFF, 0xC0, 0x15, 0x4B,
    0xFE, 0xBD, 0x0B, 0xC0, 0xBC, 0x0B, 0xC0, 0xBC, 0x0B, 0xC0, 0xBC, 0x0B, 0xC0, 0xBC, 0x0B, 0xC0,
    0xBC, 0x0B, 0xC0, 0xBC, 0x0B, 0xC0, 0xBC, 0x0B, 0xC0, 0xBC, 0x0B, 0xC0, 0xBC, 0x0B, 0xC0, 0xBC,
    0x0B, 0xC0, 0xBD, 0x0B, 0xFE, 0x15, 0x40, 0x00, 0x00, 0x01, 0xE0, 0x00, 0x03, 0xC0, 0x00, 0x0B,
    0x40, 0x00, 0x1E, 0x00, 0x00, 0x3C, 0x00, 0x00, 0xB4, 0x00, 0x00, 0xE0, 0x00, 0x03, 0xC0, 0x00,
    0x0B, 0x40, 0x00, 0x0F, 0x00, 0x00, 0x3C, 0x00, 0x00, 0x78, 0x00, 0x00, 0xF0, 0x00, 0x02, 0xD0,
    0x00, 0x07, 0x80, 0x00, 0x0F, 0x00, 0x00, 0x2D, 0x00, 0x00, 0x78, 0x00, 0x00, 0xF0, 0x00, 0x02,
    0xD0, 0x00, 0x03, 0xC0, 0x00, 0x0F, 0x00, 0x00, 0x1D, 0x15, 0x53, 0xFF, 0x03, 0xF0, 0x2F, 0x02,
    0xF0, 0x2F, 0x02, 0xF0, 0x2F, 0x02, 0xF0, 0x2F, 0x02, 0xF0, 0x2F, 0x02, 0xF0, 0x2F, 0x02, 0xF0,
    0x2F, 0x02, 0xF0, 0x2F, 0x02, 0xF0, 0x2F, 0x02, 0xF0, 0x2F, 0x02, 0xF0, 0x2F, 0x03, 0xF3, 0xFF,
    0x15, 0x50, 0x00, 0x2C, 0x00, 0x00, 0x1F, 0xC0, 0x00, 0x0F, 0xF8, 0x00, 0x0B, 0x8F, 0x00, 0x07,
    0xC1, 0xF0, 0x03, 0xD0, 0x3D, 0x02, 0xE0, 0x03, 0xC0, 0xF0, 0x00, 0x7C, 0xB4, 0x00, 0x0F, 0x04,
    0x00, 0x00, 0x00, 0xFF, 0xFF, 0xFE, 0xFF, 0xFF, 0xFE, 0x10, 0x0B, 0xC0, 0xBE, 0x01, 0xF4, 0x03,
    0xC0, 0x04, 0x00, 0x00, 0x00, 0x01, 0xFF, 0xD0, 0x03, 0xE5, 0xFD, 0x02, 0xF0, 0x0F, 0xC0, 0xBC,
    0x02, 0xF0, 0x09, 0x00, 0xBC, 0x00, 0x00, 0x2F, 0x00, 0x1B, 0xFF, 0xC0, 0x3F, 0x96, 0xF0, 0x2F,
    0x40, 0xBC, 0x0F, 0xC0, 0x2F, 0x03, 0xF4, 0x0F, 0xD0, 0x7F, 0xAE, 0xFE, 0x4B, 0xFD, 0x3F, 0xD0,
    0x14, 0x01, 0x40, 0x00, 0x00, 0x00, 0x02, 0xFF, 0x40, 0x00, 0x06, 0xFD, 0x00, 0x00, 0x02, 0xF4,
    0x00, 0x00, 0x0B, 0xD0, 0x00, 0x00, 0x2F, 0x40, 0x00, 0x00, 0xBD, 0x00, 0x00, 0x02, 0xF4, 0xBF,
    0x80, 0x0B, 0xDF, 0xFF, 0xC0, 0x2F, 0xE0, 0x3F, 0x80, 0xBE, 0x00, 0x3F, 0x02, 0xF4, 0x00, 0xFD,
    0x0B, 0xD0, 0x02, 0xF4, 0x2F, 0x40, 0x0B, 0xD0, 0xBD, 0x00, 0x2F, 0x42, 0xF4, 0x00, 0xFC, 0x0B,
    0xD0, 0x03, 0xF0, 0x2F, 0x40, 0x2F, 0x40, 0xBF, 0xE7, 0xFC, 0x02, 0xDB, 0xFF, 0x80, 0x00, 0x01,
    0x50, 0x00, 0x00, 0x00, 0x00, 0x01, 0xFF, 0x90, 0x0F, 0xEA, 0xF4, 0x2F, 0x40, 0xFC, 0x7E, 0x00,
    0xFC, 0xBD, 0x00, 0xF8, 0xFC, 0x00, 0x00, 0xFC, 0x00, 0x00, 0xFC, 0x00, 0x00, 0xFD, 0x00, 0x00,
    0xBF, 0x00, 0x00, 0x3F, 0x80, 0x2C, 0x1F, 0xFF, 0xF8, 0x07, 0xFF, 0xD0, 0x00, 0x14, 0x00, 0x00,
    0x00, 0x00, 0x00, 0x00, 0x0F, 0xFC, 0x00, 0x00, 0x1B, 0xF0, 0x00, 0x00, 0x0F, 0xC0, 0x00, 0x00,
    0x3F, 0x00, 0x00, 0x00, 0xFC, 0x00, 0x00, 0x03, 0xF0, 0x00, 0x7F, 0xEF, 0xC0, 0x0F, 0xFF, 0xFF,
    0x00, 0xBD, 0x01, 0xFC, 0x07, 0xE0, 0x03, 0xF0, 0x2F, 0x40, 0x0F, 0xC0, 0xFC, 0x00, 0x3F, 0x03,
    0xF0, 0x00, 0xFC, 0x0F, 0xC0, 0x03, 0xF0, 0x3F, 0x40, 0x0F, 0xC0, 0xBE, 0x00, 0x3F, 0x01, 0xFC,
    0x02, 0xFC, 0x02, 0xFE, 0xBE, 0xF9, 0x02, 0xFF, 0xC7, 0xFC, 0x00, 0x50, 0x00, 0x00, 0x00, 0x00,
    0x00, 0x01, 0xFF, 0x80, 0x0F, 0xE7, 0xF4, 0x2F, 0x00, 0xFC, 0x7D, 0x00, 0xBC, 0xBC, 0x00, 0xBD,
    0xFE, 0xAA, 0xFC, 0xFF, 0xFF, 0xFC, 0xFC, 0x00, 0x00, 0xFD, 0x00, 0x00, 0x7F, 0x00, 0x00, 0x3F,
    0x80, 0x2C, 0x1F, 0xFF, 0xF8, 0x07, 0xFF, 0xD0, 0x00, 0x14, 0x00, 0x00, 0x06, 0x90, 0x00, 0x3F,
    0xFC, 0x00, 0xF8, 0x3E, 0x01, 0xF0, 0x7E, 0x03, 0xF0, 0x28, 0x03, 0xF0, 0x00, 0x03, 0xF0, 0x00,
    0x1B, 0xFA, 0x90, 0x3F, 0xFF, 0xE0, 0x03, 0xF0, 0x00, 0x03, 0xF0, 0x00, 0x03, 0xF0, 0x00, 0x03,
    0xF0, 0x00, 0x03, 0xF0, 0x00, 0x03, 0xF0, 0x00, 0x03, 0xF0, 0x00, 0x03, 0xF0, 0x00, 0x03, 0xF0,
    0x00, 0x1B, 0xFA, 0x40, 0x3F, 0xFF, 0xC0, 0x00, 0x00, 0x01, 0xE0, 0x00, 0x00, 0x1F, 0xD0, 0x1F,
    0xFD, 0xDF, 0x02, 0xF9, 0xBF, 0x00, 0x1F, 0x40, 0x7E, 0x00, 0xFC, 0x00, 0xFC, 0x03, 0xF0, 0x03,
    0xF0, 0x0F, 0xC0, 0x0F, 0xC0, 0x1F, 0xC0, 0xBD, 0x00, 0x2F, 0xFF, 0xE0, 0x00, 0x7A, 0xE8, 0x00,
    0x03, 0xC0, 0x00, 0x00, 0x2F, 0x40, 0x00, 0x00, 0x7F, 0xFF, 0xFD, 0x00, 0x7F, 0xFF, 0xFC, 0x07,
    0xD5, 0x57, 0xF4, 0x3D, 0x00, 0x0B, 0xD1, 0xF4, 0x00, 0x2F, 0x07, 0xF0, 0x02, 0xF8, 0x0B, 0xFF,
    0xFF, 0x80, 0x01, 0xAA, 0x90, 0x00, 0x00, 0x00, 0x00, 0x00, 0x0F, 0xFC, 0x00, 0x00, 0x02, 0xFF,
    0x00, 0x00, 0x00, 0x0F, 0xC0, 0x00, 0x00, 0x03, 0xF0, 0x00, 0x00, 0x00, 0xFC, 0x00, 0x00, 0x00,
    0x3F, 0x00, 0x00, 0x00, 0x0F, 0xC7, 0xFD, 0x00, 0x03, 0xFB, 0xFF, 0xD0, 0x00, 0xFF, 0x41, 0xFC,
    0x00, 0x3F, 0x40, 0x3F, 0x00, 0x0F, 0xC0, 0x0B, 0xC0, 0x03, 0xF0, 0x02, 0xF0, 0x00, 0xFC, 0x00,
    0xBC, 0x00, 0x3F, 0x00, 0x2F, 0x00, 0x0F, 0xC0, 0x0B, 0xC0, 0x03, 0xF0, 0x02, 0xF0, 0x00, 0xFC,
    0x00, 0xBC, 0x01, 0xBF, 0x80, 0x7F, 0x90, 0xFF, 0xF8, 0x7F, 0xFC, 0x07, 0xD0, 0x0F, 0xF0, 0x0B,
    0xF0, 0x02, 0x80, 0x00, 0x00, 0x00, 0x00, 0x2A, 0xE0, 0x3F, 0xF0, 0x03, 0xF0, 0x03, 0xF0, 0x03,
    0xF0, 0x03, 0xF0, 0x03, 0xF0, 0x03, 0xF0, 0x03, 0xF0, 0x03, 0xF0, 0x03, 0xF0, 0x1B, 0xF9, 0x3F,
    0xFF, 0x07, 0xD0, 0xFF, 0x0F, 0xE0, 0x28, 0x00, 0x00, 0x00, 0x2A, 0xE3, 0xFE, 0x07, 0xE0, 0x3E,
    0x03, 0xE0, 0x3E, 0x03, 0xE0, 0x3E, 0x03, 0xE0, 0x3E, 0x03, 0xE0, 0x3E, 0x03, 0xE0, 0x3D, 0x07,
    0xC0, 0xBC, 0x1F, 0x43, 0xD0, 0x10, 0x00, 0x00, 0x00, 0x00, 0x00, 0x3F, 0xF0, 0x00, 0x00, 0x2F,
    0xF0, 0x00, 0x00, 0x03, 0xF0, 0x00, 0x00, 0x03, 0xF0, 0x00, 0x00, 0x03, 0xF0, 0x00, 0x00, 0x03,
    0xF0, 0x00, 0x00, 0x03, 0xF0, 0x2A, 0xA8, 0x03, 0xF0, 0x2F, 0xF8, 0x03, 0xF0, 0x0F, 0x80, 0x03,
    0xF0, 0x3D, 0x00, 0x03, 0xF0, 0xF4, 0x00, 0x03, 0xF3, 0xC0, 0x00, 0x03, 0xFF, 0xE0, 0x00, 0x03,
    0xF3, 0xF4, 0x00, 0x03, 0xF0, 0xFD, 0x00, 0x03, 0xF0, 0x7F, 0x00, 0x03, 0xF0, 0x2F, 0xC0, 0x1B,
    0xF8, 0x0F, 0xFA, 0x3F, 0xFD, 0x02, 0xFD, 0x00, 0x00, 0x00, 0x00, 0x00, 0x00, 0x3F, 0xF0, 0x2F,
    0xF0, 0x03, 0xF0, 0x03, 0xF0, 0x03, 0xF0, 0x03, 0xF0, 0x03, 0xF0, 0x03, 0xF0, 0x03, 0xF0, 0x03,
    0xF0, 0x03, 0xF0, 0x03, 0xF0, 0x03, 0xF0, 0x03, 0xF0, 0x03, 0xF0, 0x03, 0xF0, 0x03, 0xF0, 0x1B,
    0xF9, 0x3F, 0xFF, 0x00, 0x00, 0x00, 0x00, 0x00, 0x02, 0xBD, 0x1F, 0xF4, 0x1F, 0xF4, 0x0F, 0xFA,
    0xFF, 0xF2, 0xFF, 0xF0, 0x03, 0xFD, 0x0B, 0xFD, 0x0B, 0xE0, 0x0F, 0xD0, 0x0F, 0xD0, 0x0F, 0xC0,
    0x3F, 0x00, 0x3F, 0x00, 0x3F, 0x00, 0xFC, 0x00, 0xFC, 0x00, 0xFC, 0x03, 0xF0, 0x03, 0xF0, 0x03,
    0xF0, 0x0F, 0xC0, 0x0F, 0xC0, 0x0F, 0xC0, 0x3F, 0x00, 0x3F, 0x00, 0x3F, 0x00, 0xFC, 0x00, 0xFC,
    0x00, 0xFC, 0x03, 0xF0, 0x03, 0xF0, 0x03, 0xF0, 0x6F, 0xE0, 0x2F, 0xE0, 0x2F, 0xE6, 0xFF, 0xE2,
    0xFF, 0xE2, 0xFF, 0xE0, 0x00, 0x00, 0x00, 0x00, 0xAF, 0x47, 0xFD, 0x00, 0xFF, 0xAF, 0xFF, 0x40,
    0x0F, 0xF4, 0x1F, 0xC0, 0x0F, 0xD0, 0x0F, 0xC0, 0x0F, 0xC0, 0x0B, 0xC0, 0x0F, 0xC0, 0x0B, 0xC0,
    0x0F, 0xC0, 0x0B, 0xC0, 0x0F, 0xC0, 0x0B, 0xC0, 0x0F, 0xC0, 0x0B, 0xC0, 0x0F, 0xC0, 0x0B, 0xC0,
    0x0F, 0xC0, 0x0B, 0xC0, 0x6F, 0xE4, 0x1F, 0xE4, 0xBF, 0xF8, 0x7F, 0xFC, 0x00, 0x00, 0x00, 0x00,
    0x7F, 0xF8, 0x00, 0xFE, 0xBF, 0xC0, 0xBC, 0x02, 0xFC, 0x7E, 0x00, 0x3F, 0x6F, 0x40, 0x07, 0xEF,
    0xC0, 0x01, 0xFF, 0xF0, 0x00, 0x3F, 0xFC, 0x00, 0x0F, 0xFF, 0x40, 0x07, 0xEB, 0xE0, 0x02, 0xF4,
    0xFD, 0x00, 0xFC, 0x1F, 0xE5, 0xFC, 0x01, 0xFF, 0xF8, 0x00, 0x01, 0x50, 0x00, 0x00, 0x00, 0x00,
    0x00, 0xAF, 0x0B, 0xFD, 0x03, 0xFC, 0xFF, 0xFD, 0x02, 0xFE, 0x02, 0xFC, 0x07, 0xF0, 0x03, 0xF4,
    0x1F, 0x80, 0x0B, 0xE0, 0x7E, 0x00, 0x1F, 0x81, 0xF8, 0x00, 0x7E, 0x07, 0xE0, 0x01, 0xF8, 0x1F,
    0x80, 0x0B, 0xD0, 0x7E, 0x00, 0x3F, 0x01, 0xF8, 0x01, 0xFC, 0x07, 0xFE, 0xAF, 0xC0, 0x1F, 0xFF,
    0xFC, 0x00, 0x7E, 0x05, 0x00, 0x01, 0xF8, 0x00, 0x00, 0x07, 0xE0, 0x00, 0x00, 0x2F, 0x80, 0x00,
    0x03, 0xFF, 0xF0, 0x00, 0x05, 0x55, 0x40, 0x00, 0x00, 0x00, 0x00, 0x00, 0x1F, 0xF8, 0xB0, 0x0F,
    0xFF, 0xFF, 0x02, 0xF4, 0x07, 0xF0, 0x7E, 0x00, 0x3F, 0x0B, 0xD0, 0x03, 0xF0, 0xFC, 0x00, 0x3F,
    0x0F, 0xC0, 0x03, 0xF0, 0xFC, 0x00, 0x3F, 0x0F, 0xD0, 0x03, 0xF0, 0xBE, 0x00, 0x3F, 0x03, 0xF0,
    0x0B, 0xF0, 0x2F, 0xEB, 0xFF, 0x00, 0xBF, 0xF3, 0xF0, 0x00, 0x50, 0x3F, 0x00, 0x00, 0x03, 0xF0,
    0x00, 0x00, 0x3F, 0x00, 0x00, 0x03, 0xF4, 0x00, 0x03, 0xFF, 0xF0, 0x00, 0x15, 0x55, 0x00, 0x00,
    0x00, 0xAF, 0x47, 0xF4, 0xFF, 0xAF, 0xFC, 0x0F, 0xF0, 0xFC, 0x0F, 0xD0, 0xFC, 0x0F, 0xC0, 0x60,
    0x0F, 0xC0, 0x00, 0x0F, 0xC0, 0x00, 0x0F, 0xC0, 0x00, 0x0F, 0xC0, 0x00, 0x0F, 0xC0, 0x00, 0x0F,
    0xC0, 0x00, 0x6F, 0xE4, 0x00, 0xBF, 0xFE, 0x00, 0x00, 0x00, 0x00, 0xBF, 0xED, 0x3F, 0x5F, 0xD7,
    0xC0, 0x2D, 0xBC, 0x00, 0xEB, 0xE0, 0x00, 0x3F, 0xF8, 0x01, 0xFF, 0xF8, 0x01, 0xBF, 0xE0, 0x00,
    0x7F, 0xF0, 0x02, 0xFB, 0x80, 0x2E, 0xBF, 0x5B, 0xCB, 0xBF, 0xF4, 0x10, 0x50, 0x00, 0x00, 0x00,
    0x00, 0x07, 0x80, 0x00, 0x1E, 0x00, 0x00, 0xB8, 0x00, 0x03, 0xE0, 0x00, 0xBF, 0xEA, 0x43, 0xFF,
    0xFD, 0x01, 0xF8, 0x00, 0x07, 0xE0, 0x00, 0x1F, 0x80, 0x00, 0x7E, 0x00, 0x01, 0xF8, 0x00, 0x07,
    0xE0, 0x00, 0x1F, 0x80, 0x00, 0x3E, 0x00, 0x00, 0xFC, 0x04, 0x03, 0xFF, 0xF0, 0x07, 0xFF, 0x00,
    0x01, 0x40, 0x00, 0x2B, 0xD0, 0x2B, 0xD0, 0x7F, 0xD0, 0x3F, 0xE0, 0x0B, 0xD0, 0x0B, 0xE0, 0x07,
    0xD0, 0x07, 0xE0, 0x07, 0xD0, 0x07, 0xE0, 0x07, 0xD0, 0x07, 0xE0, 0x07, 0xD0, 0x07, 0xE0, 0x07,
    0xD0, 0x07, 0xE0, 0x07, 0xD0, 0x07, 0xE0, 0x07, 0xD0, 0x0B, 0xE0, 0x07, 0xF0, 0x1F, 0xE0, 0x03,
    0xFE, 0xF7, 0xF8, 0x00, 0xFF, 0xD3, 0xFD, 0x00, 0x15, 0x00, 0x00, 0x6A, 0xA8, 0x1A, 0xAA, 0xFF,
    0xE0, 0xBF, 0xE0, 0xFC, 0x00, 0x3C, 0x02, 0xF4, 0x01, 0xE0, 0x03, 0xF0, 0x0B, 0x00, 0x0F, 0xC0,
    0x3C, 0x00, 0x1F, 0x81, 0xD0, 0x00, 0x3F, 0x0B, 0x00, 0x00, 0xBD, 0x38, 0x00, 0x01, 0xF9, 0xD0,
    0x00, 0x03, 0xFF, 0x00, 0x00, 0x0B, 0xF4, 0x00, 0x00, 0x0F, 0xC0, 0x00, 0x6A, 0xA4, 0x0A, 0x80,
    0x6A, 0x9B, 0xFF, 0x41, 0xFD, 0x07, 0xFD, 0x0F, 0xC0, 0x2F, 0xE0, 0x0F, 0x00, 0xFC, 0x03, 0xFF,
    0x01, 0xD0, 0x07, 0xD0, 0x3A, 0xF0, 0x2C, 0x00, 0x3F, 0x07, 0x5F, 0x43, 0xC0, 0x03, 0xF0, 0xB0,
    0xF8, 0x38, 0x00, 0x2F, 0x4F, 0x0F, 0xC7, 0x40, 0x00, 0xF9, 0xD0, 0xBC, 0xB0, 0x00, 0x0F, 0xEC,
    0x07, 0xDE, 0x00, 0x00, 0xBF, 0xC0, 0x3F, 0xD0, 0x00, 0x07, 0xF8, 0x02, 0xFC, 0x00, 0x00, 0x3F,
    0x40, 0x1F, 0x80, 0x00, 0x6A, 0xA8, 0x6A, 0xA2, 0xFF, 0xE1, 0xFF, 0x80, 0xFE, 0x01, 0xF0, 0x00,
    0xFD, 0x0F, 0x00, 0x01, 0xFC, 0xF0, 0x00, 0x01, 0xFF, 0x40, 0x00, 0x02, 0xFC, 0x00, 0x00, 0x0F,
    0xF8, 0x00, 0x00, 0xB7, 0xF4, 0x00, 0x0B, 0x43, 0xF0, 0x00, 0x78, 0x07, 0xF0, 0x1B, 0xF4, 0x2F,
    0xF8, 0xFF, 0xF2, 0xFF, 0xF4, 0x6A, 0xA8, 0x2A, 0xA5, 0xFF, 0xE0, 0xBF, 0xD0, 0xFC, 0x00, 0x3C,
    0x02, 0xF4, 0x01, 0xD0, 0x03, 0xF0, 0x0F, 0x00, 0x0B, 0xD0, 0x38, 0x00, 0x1F, 0x82, 0xC0, 0x00,
    0x3F, 0x0E, 0x00, 0x00, 0x7D, 0x74, 0x00, 0x00, 0xFF, 0xC0, 0x00, 0x02, 0xFD, 0x00, 0x00, 0x03,
    0xF0, 0x00, 0x00, 0x0B, 0x80, 0x00, 0x00, 0x2C, 0x00, 0x00, 0x00, 0xE0, 0x00, 0x1F, 0x0B, 0x40,
    0x00, 0xBD, 0x78, 0x00, 0x02, 0xFF, 0xC0, 0x00, 0x01, 0xA4, 0x00, 0x00, 0x00, 0x2A, 0xAA, 0xA9,
    0x3F, 0xFF, 0xFD, 0x3D, 0x01, 0xFC, 0x3C, 0x03, 0xF0, 0x24, 0x0F, 0xD0, 0x00, 0x1F, 0x80, 0x00,
    0x3F, 0x00, 0x00, 0xFC, 0x00, 0x02, 0xF4, 0x0A, 0x07, 0xE0, 0x0F, 0x0F, 0xC0, 0x2E, 0x3F, 0xAA,
    0xFE, 0x3F, 0xFF, 0xFE, 0x00, 0x64, 0x07, 0xFC, 0x0F, 0xC0, 0x0F, 0x80, 0x0F, 0xC0, 0x0F, 0xC0,
    0x0F, 0xC0, 0x0B, 0xC0, 0x0B, 0xC0, 0x0B, 0xC0, 0x0B, 0xC0, 0x0B, 0xC0, 0x6F, 0x00, 0xFD, 0x00,
    0x1F, 0x40, 0x0B, 0xC0, 0x0B, 0xC0, 0x0B, 0xC0, 0x0B, 0xC0, 0x0B, 0xC0, 0x0F, 0xC0, 0x0F, 0xC0,
    0x0F, 0xC0, 0x0F, 0x80, 0x0F, 0xC0, 0x07, 0xFC, 0x01, 0xA8, 0x02, 0xDB, 0x6D, 0xB6, 0xDB, 0x6D,
    0xB6, 0xDB, 0x6D, 0xB6, 0xDB, 0x6D, 0xB6, 0xDB, 0x6D, 0xB6, 0xDB, 0x5C, 0x1A, 0x40, 0x0F, 0xF8,
    0x00, 0x2F, 0x00, 0x07, 0xD0, 0x01, 0xF0, 0x00, 0xBC, 0x00, 0x2F, 0x00, 0x0F, 0xC0, 0x03, 0xF0,
    0x00, 0xFC, 0x00, 0x3F, 0x00, 0x0B, 0xC0, 0x00, 0xBD, 0x00, 0x0B, 0xC0, 0x0F, 0x80, 0x0F, 0xC0,
    0x03, 0xF0, 0x00, 0xFC, 0x00, 0x3F, 0x00, 0x0B, 0xC0, 0x02, 0xF0, 0x00, 0xBC, 0x00, 0x1F, 0x00,
    0x07, 0xD0, 0x02, 0xF0, 0x0F, 0xF8, 0x02, 0xA4, 0x00, 0x00, 0x00, 0x00, 0x03, 0xF9, 0x02, 0x83,
    0xFF, 0xFF, 0xE0, 0xD0, 0x6F, 0xF0, 0x00, 0x00, 0x00, 0x00, 0x00, 0x7D, 0xFF, 0xBF, 0x28, 0x00,
    0x28, 0x3C, 0x3C, 0x3C, 0x3C, 0x3C, 0x3D, 0x7D, 0x7E, 0xBF, 0xFF, 0xFF, 0xBD, 0x00, 0x00, 0x00,
    0x00, 0x00, 0x0F, 0x00, 0x00, 0x0E, 0x00, 0x02, 0xFF, 0xE0, 0x0F, 0xEE, 0xF8, 0x3F, 0x2C, 0xFC,
    0x7E, 0x3D, 0xFC, 0xBC, 0x38, 0xA4, 0xFC, 0x34, 0x00, 0xFC, 0x70, 0x00, 0xFC, 0xB0, 0x00, 0xBE,
    0xF0, 0x00, 0x7F, 0xE0, 0x00, 0x3F, 0xE0, 0x7C, 0x0F, 0xFF, 0xF4, 0x03, 0xFF, 0x80, 0x03, 0xC0,
    0x00, 0x02, 0x40, 0x00, 0x00, 0x2F, 0xE4, 0x00, 0x1F, 0xEB, 0xF0, 0x07, 0xE0, 0x1F, 0x40, 0xFC,
    0x02, 0xF8, 0x0F, 0xC0, 0x2F, 0x40, 0xFC, 0x00, 0x00, 0x0F, 0xC0, 0x00, 0x00, 0xBE, 0x00, 0x00,
    0x1B, 0xF5, 0x54, 0x03, 0xFF, 0xFF, 0xC0, 0x01, 0xFC, 0x00, 0x00, 0x0F, 0xC0, 0x00, 0x00, 0xFC,
    0x00, 0x00, 0x0F, 0xC0, 0x18, 0x00, 0xF0, 0x03, 0xC0, 0x3D, 0x00, 0xBC, 0x1F, 0xFF, 0xFF, 0xC2,
    0xFF, 0xFF, 0xFC, 0x00, 0x00, 0x04, 0xB4, 0x55, 0x3C, 0x3F, 0xFF, 0xF8, 0x1F, 0x82, 0xF0, 0x2F,
    0x00, 0xF4, 0x3E, 0x00, 0xF4, 0x3E, 0x00, 0xF4, 0x2F, 0x00, 0xF4, 0x1F, 0x42, 0xF0, 0x3F, 0xFF,
    0xF4, 0xB8, 0x69, 0x3C, 0x10, 0x00, 0x04, 0x2A, 0xAA, 0x00, 0xAA, 0xA3, 0xFF, 0xF0, 0x1F, 0xFF,
    0x0B, 0xF4, 0x00, 0x2F, 0x00, 0x2F, 0x80, 0x03, 0xD0, 0x00, 0xFC, 0x00, 0x78, 0x00, 0x07, 0xF0,
    0x0F, 0x00, 0x00, 0x3F, 0x42, 0xD0, 0x00, 0x00, 0xFC, 0x3C, 0x00, 0x0B, 0xFF, 0xEB, 0xFD, 0x00,
    0x6A, 0xBF, 0xFA, 0x80, 0x00, 0x01, 0xFC, 0x00, 0x00, 0xFF, 0xFF, 0xFF, 0xD0, 0x0A, 0xAA, 0xFE,
    0xA8, 0x00, 0x00, 0x0F, 0xC0, 0x00, 0x00, 0x00, 0xFC, 0x00, 0x00, 0x00, 0x0F, 0xC0, 0x00, 0x00,
    0x0B, 0xFE, 0x40, 0x00, 0x01, 0xFF, 0xFC, 0x00, 0x02, 0xDB, 0x6D, 0xB6, 0xDB, 0x6D, 0xB6, 0xD1,
    0x00, 0x00, 0x4B, 0x6D, 0xB6, 0xDB, 0x6D, 0xB6, 0xDB, 0x5C, 0x00, 0x2F, 0xD0, 0x00, 0x1F, 0xAF,
    0x80, 0x03, 0xD0, 0xFC, 0x00, 0x7C, 0x0F, 0x80, 0x07, 0xD0, 0x10, 0x00, 0x7F, 0x00, 0x00, 0x1F,
    0xFD, 0x00, 0x03, 0xCB, 0xF8, 0x00, 0xBC, 0x2F, 0xF4, 0x0B, 0xC0, 0x3F, 0xE0, 0x7E, 0x00, 0xBF,
    0x43, 0xFC, 0x01, 0xFC, 0x0F, 0xF4, 0x0B, 0xC0, 0x2F, 0xF0, 0x7C, 0x00, 0x7F, 0xCB, 0x80, 0x00,
    0xFF, 0xF0, 0x00, 0x02, 0xF8, 0x00, 0x10, 0x0F, 0xC0, 0x0B, 0xC0, 0xBC, 0x00, 0xFC, 0x0F, 0x80,
    0x0B, 0xEB, 0xF0, 0x00, 0x1F, 0xF4, 0x00, 0x1E, 0x06, 0x83, 0xF4, 0xFE, 0x3F, 0x4F, 0xD0, 0x90,
    0x24, 0x00, 0x00, 0x54, 0x00, 0x00, 0x02, 0xFF, 0xFD, 0x00, 0x01, 0xF4, 0x01, 0xBC, 0x00, 0xB8,
    0x00, 0x01, 0xF0, 0x1E, 0x07, 0xFE, 0x87, 0x83, 0xC1, 0xF5, 0xB8, 0x2C, 0x38, 0x3D, 0x02, 0xC1,
    0xD7, 0x47, 0xC0, 0x04, 0x0E, 0x70, 0xBC, 0x00, 0x00, 0xE7, 0x0B, 0xC0, 0x00, 0x0E, 0x74, 0x7C,
    0x00, 0x00, 0xE3, 0x83, 0xD0, 0x04, 0x1D, 0x3C, 0x2F, 0x42, 0xC2, 0xC1, 0xE0, 0x7F, 0xE0, 0x78,
    0x0F, 0x80, 0x10, 0x1F, 0x00, 0x2F, 0x40, 0x1F, 0x80, 0x00, 0x7F, 0xFF, 0xD0, 0x00, 0x00, 0x15,
    0x40, 0x00, 0x01, 0xA4, 0x00, 0x7E, 0xFC, 0x03, 0xC0, 0xF8, 0x0B, 0x02, 0xE0, 0x00, 0x5F, 0x80,
    0x3F, 0xFE, 0x03, 0xE0, 0xB8, 0x0F, 0x43, 0xE0, 0x3F, 0xBF, 0xE4, 0x3F, 0x8B, 0xC0, 0x00, 0x60,
    0x24, 0x07, 0x82, 0xD0, 0xBC, 0x2E, 0x0B, 0xD2, 0xF0, 0x7E, 0x2F, 0x43, 0xF0, 0xFC, 0x07, 0xF2,
    0xF8, 0x07, 0xD2, 0xF0, 0x07, 0xC2, 0xF0, 0x07, 0xC2, 0xE0, 0x05, 0x01, 0x00, 0x15, 0x55, 0x54,
    0x3F, 0xFF, 0xFE, 0x2A, 0xAA, 0xAE, 0x00, 0x00, 0x1E, 0x00, 0x00, 0x1E, 0x00, 0x00, 0x1E, 0x00,
    0x00, 0x04, 0x00, 0x00, 0x00, 0x7F, 0xE0, 0x2D, 0x5F, 0xC3, 0xDB, 0x3D, 0x7D, 0xB3, 0xEB, 0xD4,
    0xBF, 0xBD, 0xA3, 0xE3, 0xC7, 0x2D, 0x2E, 0xBE, 0x80, 0x7F, 0xD0, 0x00, 0x00, 0x00, 0x7F, 0xFF,
    0x7F, 0xFF, 0x00, 0x00, 0x0A, 0x41, 0xFF, 0xCF, 0x07, 0x7C, 0x0D, 0xB4, 0xB0, 0xFF, 0x80, 0x50,
    0x00, 0x00, 0x04, 0x00, 0x00, 0x3C, 0x00, 0x00, 0x3C, 0x00, 0x00, 0x3C, 0x00, 0x2A, 0xBE, 0xA9,
    0x3F, 0xFF, 0xFE, 0x15, 0x7D, 0x54, 0x00, 0x3C, 0x00, 0x00, 0x3C, 0x00, 0x00, 0x3C, 0x00, 0x00,
    0x00, 0x00, 0x00, 0x00, 0x00, 0x3F, 0xFF, 0xFE, 0x3F, 0xFF, 0xFE, 0x0B, 0xF9, 0x03, 0xD6, 0xF4,
    0x7C, 0x0F, 0xC3, 0xC0, 0xBC, 0x00, 0x0F, 0x80, 0x01, 0xF0, 0x00, 0x7C, 0x00, 0x1F, 0x00, 0x07,
    0xC0, 0xC1, 0xF0, 0x7C, 0x3F, 0xFF, 0xC2, 0xAA, 0xA8, 0x07, 0xFD, 0x02, 0xE6, 0xF4, 0x3D, 0x0B,
    0xC2, 0xC0, 0xBC, 0x00, 0x0F, 0x40, 0x0F, 0xC0, 0x00, 0xAF, 0x40, 0x00, 0x7C, 0x00, 0x07, 0xD3,
    0x40, 0xBC, 0x3F, 0xBF, 0x80, 0xBF, 0x90, 0x01, 0x40, 0x7C, 0x0F, 0xC2, 0xF0, 0x78, 0x00, 0x00,
    0x3F, 0x00, 0x2F, 0x00, 0xFC, 0x00, 0xFC, 0x03, 0xF0, 0x03, 0xF0, 0x0F, 0xC0, 0x0F, 0xC0, 0x3E,
    0x00, 0x3F, 0x00, 0xF8, 0x00, 0xF8, 0x03, 0xE0, 0x03, 0xE0, 0x0F, 0x80, 0x0F, 0x80, 0x3E, 0x00,
    0x3E, 0x00, 0xF8, 0x01, 0xF8, 0x03, 0xE0, 0x0F, 0xF0, 0x0F, 0xFA, 0xFB, 0xE8, 0x3F, 0xFF, 0x0F,
    0xF0, 0xF8, 0x50, 0x05, 0x03, 0xE0, 0x00, 0x00, 0x0F, 0xC0, 0x00, 0x00, 0x3F, 0x00, 0x00, 0x00,
    0xFC, 0x00, 0x00, 0x01, 0x90, 0x00, 0x00, 0x00, 0x00, 0x54, 0x6A, 0x41, 0xFE, 0x2F, 0xE1, 0xFF,
    0x8B, 0xC0, 0xFF, 0xE2, 0xF0, 0x3F, 0xF8, 0xBC, 0x1F, 0xFE, 0x2F, 0x07, 0xFF, 0x8B, 0xC1, 0xFF,
    0xE2, 0xF0, 0x3F, 0xF8, 0xBC, 0x0B, 0xFE, 0x2F, 0x00, 0xFF, 0x8B, 0xC0, 0x07, 0xE2, 0xF0, 0x00,
    0x00, 0xBC, 0x00, 0x00, 0x2F, 0x00, 0x00, 0x0B, 0xC0, 0x00, 0x02, 0xF0, 0x00, 0x00, 0xBC, 0x00,
    0x00, 0x2F, 0x00, 0x00, 0x0B, 0xC0, 0x00, 0x03, 0xF0, 0x00, 0x1F, 0xFC, 0x00, 0x06, 0xAA, 0x00,
    0x18, 0x2F, 0xCF, 0xF2, 0xFC, 0x14, 0x00, 0x01, 0x00, 0xE0, 0x0F, 0x80, 0x6E, 0x00, 0xF7, 0xBE,
    0x2F, 0x80, 0x1A, 0xD0, 0x3F, 0xE0, 0x03, 0xE0, 0x03, 0xE0, 0x03, 0xE0, 0x03, 0xE0, 0x03, 0xE0,
    0x03, 0xE0, 0x03, 0xE0, 0x03, 0xE0, 0x2F, 0xF9, 0x2A, 0xA9, 0x00, 0x64, 0x00, 0x2F, 0xBE, 0x01,
    0xF0, 0x3E, 0x0F, 0x40, 0xBC, 0x3C, 0x01, 0xF0, 0xF0, 0x07, 0xC3, 0xD0, 0x1F, 0x0F, 0x80, 0xB8,
    0x0F, 0x9B, 0xC0, 0x0B, 0xF8, 0x00, 0x24, 0x0D, 0x00, 0x2D, 0x0F, 0x40, 0x0F, 0x43, 0xD0, 0x07,
    0xE2, 0xF4, 0x02, 0xF4, 0xFD, 0x00, 0xFC, 0x7E, 0x03, 0xF4, 0xFC, 0x07, 0xD2, 0xF0, 0x0F, 0x47,
    0xC0, 0x3D, 0x0F, 0x00, 0x14, 0x08, 0x00, 0x1A, 0xD0, 0x00, 0x01, 0xE0, 0x00, 0xFF, 0x80, 0x00,
    0x0F, 0x00, 0x00, 0x3E, 0x00, 0x00, 0xB8, 0x00, 0x00, 0xF8, 0x00, 0x03, 0xC0, 0x00, 0x03, 0xE0,
    0x00, 0x2D, 0x00, 0x00, 0x0F, 0x80, 0x00, 0xF0, 0x00, 0x00, 0x3E, 0x00, 0x0F, 0x40, 0x68, 0x00,
    0xF8, 0x00, 0x78, 0x03, 0xF0, 0x03, 0xE0, 0x03, 0xC0, 0x3F, 0xC0, 0x0F, 0x80, 0x2E, 0x01, 0xDF,
    0x02, 0xFF, 0x90, 0xF0, 0x0D, 0x7C, 0x0A, 0xAA, 0x4B, 0x40, 0xF1, 0xF0, 0x00, 0x00, 0x3C, 0x0B,
    0x07, 0xC0, 0x00, 0x03, 0xD0, 0x34, 0x1F, 0x00, 0x00, 0x1E, 0x02, 0xFF, 0xFF, 0xC0, 0x00, 0xF0,
    0x06, 0xAB, 0xFE, 0x00, 0x0B, 0x80, 0x00, 0x07, 0xC0, 0x00, 0x3C, 0x00, 0x00, 0x1F, 0x00, 0x00,
    0x40, 0x00, 0x00, 0x00, 0x00, 0x1A, 0xD0, 0x00, 0x01, 0xE0, 0x00, 0x3F, 0xE0, 0x00, 0x03, 0xC0,
    0x00, 0x03, 0xE0, 0x00, 0x0B, 0x80, 0x00, 0x03, 0xE0, 0x00, 0x0F, 0x00, 0x00, 0x03, 0xE0, 0x00,
    0x2D, 0x00, 0x00, 0x03, 0xE0, 0x00, 0x3C, 0x00, 0x00, 0x03, 0xE0, 0x00, 0xF4, 0x6F, 0xE0, 0x03,
    0xE0, 0x01, 0xE1, 0xE5, 0xFC, 0x03, 0xE0, 0x03, 0xC3, 0xE0, 0x3D, 0x03, 0xE0, 0x0B, 0x82, 0xD0,
    0x3D, 0x2F, 0xF9, 0x0F, 0x00, 0x00, 0x7C, 0x2A, 0xA9, 0x2D, 0x00, 0x00, 0xF8, 0x00, 0x00, 0x3C,
    0x00, 0x02, 0xE0, 0x00, 0x00, 0xF4, 0x00, 0x0B, 0x80, 0x00, 0x01, 0xE0, 0x00, 0x2D, 0x0A, 0x00,
    0x03, 0xC0, 0x00, 0xF4, 0x1E, 0x00, 0x0B, 0x80, 0x02, 0xFF, 0xFE, 0x00, 0x0F, 0x00, 0x01, 0xAA,
    0xA9, 0x00, 0x04, 0x00, 0x00, 0x00, 0x00, 0x07, 0xFD, 0x00, 0x00, 0x78, 0x00, 0x0B, 0x9B, 0xD0,
    0x00, 0x3C, 0x00, 0x03, 0xD0, 0xBC, 0x00, 0x1E, 0x00, 0x00, 0xB0, 0x2F, 0x00, 0x0F, 0x00, 0x00,
    0x00, 0x0F, 0x40, 0x0B, 0x80, 0x00, 0x00, 0x3F, 0x00, 0x03, 0xC0, 0x00, 0x00, 0x0A, 0xF4, 0x02,
    0xD0, 0x1A, 0x00, 0x00, 0x1F, 0x01, 0xF0, 0x0F, 0xC0, 0x00, 0x07, 0xD0, 0xF0, 0x0F, 0xF0, 0x0D,
    0x02, 0xF0, 0x78, 0x07, 0x7C, 0x03, 0xFB, 0xF8, 0x3C, 0x03, 0x4F, 0x00, 0x2F, 0xE4, 0x2E, 0x03,
    0xC3, 0xC0, 0x00, 0x00, 0x0F, 0x01, 0xC0, 0xF0, 0x00, 0x00, 0x0B, 0x40, 0xD0, 0x3C, 0x00, 0x00,
    0x07, 0xC0, 0xBF, 0xFF, 0xF0, 0x00, 0x03, 0xC0, 0x1A, 0xAF, 0xF8, 0x00, 0x01, 0xE0, 0x00, 0x00,
    0xF0, 0x00, 0x00, 0xF0, 0x00, 0x00, 0x3C, 0x00, 0x00, 0x10, 0x00, 0x00, 0x00, 0x00, 0x00, 0x00,
    0x00, 0x00, 0x3F, 0x00, 0x00, 0x7F, 0x40, 0x00, 0x3F, 0x00, 0x00, 0x19, 0x00, 0x00, 0x00, 0x00,
    0x00, 0x1D, 0x00, 0x00, 0x1D, 0x00, 0x00, 0x2D, 0x00, 0x00, 0x7D, 0x00, 0x01, 0xFC, 0x00, 0x07,
    0xF4, 0x00, 0x1F, 0xD0, 0x00, 0x3F, 0x80, 0x00, 0x3F, 0x00, 0xFC, 0x3F, 0x00, 0xFC, 0x3F, 0x00,
    0x7C, 0x0F, 0xE6, 0xF0, 0x02, 0xFF, 0x80, 0x00, 0x00, 0x00, 0x00, 0x00, 0x00, 0x00, 0x00, 0x00,
    0x2E, 0x00, 0x00, 0x00, 0x00, 0xBE, 0x00, 0x00, 0x00, 0x00, 0xBE, 0x00, 0x00, 0x00, 0x00, 0x2E,
    0x00, 0x00, 0x00, 0x00, 0x00, 0x00, 0x00, 0x00, 0x0A, 0x80, 0x00, 0x00, 0x00, 0xBF, 0x40, 0x00,
    0x00, 0x03, 0xFE, 0x00, 0x00, 0x00, 0x1E, 0xFC, 0x00, 0x00, 0x00, 0xB2, 0xF4, 0x00, 0x00, 0x03,
    0xC7, 0xE0, 0x00, 0x00, 0x1E, 0x0F, 0xC0, 0x00, 0x00, 0xB0, 0x2F, 0x40, 0x00, 0x03, 0xC0, 0x7E,
    0x00, 0x00, 0x1D, 0x00, 0xFC, 0x00, 0x00, 0xF4, 0x02, 0xF4, 0x00, 0x03, 0xFF, 0xFF, 0xF0, 0x00,
    0x1E, 0x55, 0x5F, 0xC0, 0x00, 0xF0, 0x00, 0x2F, 0x80, 0x03, 0xC0, 0x00, 0x7F, 0x00, 0x2E, 0x00,
    0x00, 0xFD, 0x06, 0xFD, 0x00, 0x1B, 0xFE, 0x2F, 0xFD, 0x00, 0xFF, 0xFC, 0x00, 0x00, 0x00, 0x00,
    0x00, 0x00, 0x00, 0x3D, 0x00, 0x00, 0x00, 0x03, 0xF4, 0x00, 0x00, 0x00, 0x3F, 0x80, 0x00, 0x00,
    0x03, 0xD0, 0x00, 0x00, 0x00, 0x00, 0x00, 0x00, 0x00, 0x00, 0x0A, 0x80, 0x00, 0x00, 0x00, 0xBF,
    0x40, 0x00, 0x00, 0x03, 0xFE, 0x00, 0x00, 0x00, 0x1E, 0xFC, 0x00, 0x00, 0x00, 0xB2, 0xF4, 0x00,
    0x00, 0x03, 0xC7, 0xE0, 0x00, 0x00, 0x1E, 0x0F, 0xC0, 0x00, 0x00, 0xB0, 0x2F, 0x40, 0x00, 0x03,
    0xC0, 0x7E, 0x00, 0x00, 0x1D, 0x00, 0xFC, 0x00, 0x00, 0xF4, 0x02, 0xF4, 0x00, 0x03, 0xFF, 0xFF,
    0xF0, 0x00, 0x1E, 0x55, 0x5F, 0xC0, 0x00, 0xF0, 0x00, 0x2F, 0x80, 0x03, 0xC0, 0x00, 0x7F, 0x00,
    0x2E, 0x00, 0x00, 0xFD, 0x06, 0xFD, 0x00, 0x1B, 0xFE, 0x2F, 0xFD, 0x00, 0xFF, 0xFC, 0x00, 0x00,
    0x10, 0x00, 0x00, 0x00, 0x03, 0xF0, 0x00, 0x00, 0x00, 0x3F, 0xE0, 0x00, 0x00, 0x03, 0xE7, 0xE0,
    0x00, 0x00, 0x2D, 0x02, 0xD0, 0x00, 0x00, 0x00, 0x00, 0x00, 0x00, 0x00, 0x0A, 0x80, 0x00, 0x00,
    0x00, 0xBF, 0x40, 0x00, 0x00, 0x03, 0xFE, 0x00, 0x00, 0x00, 0x1E, 0xFC, 0x00, 0x00, 0x00, 0xB2,
    0xF4, 0x00, 0x00, 0x03, 0xC7, 0xE0, 0x00, 0x00, 0x1E, 0x0F, 0xC0, 0x00, 0x00, 0xB0, 0x2F, 0x40,
    0x00, 0x03, 0xC0, 0x7E, 0x00, 0x00, 0x1D, 0x00, 0xFC, 0x00, 0x00, 0xF4, 0x02, 0xF4, 0x00, 0x03,
    0xFF, 0xFF, 0xF0, 0x00, 0x1E, 0x55, 0x5F, 0xC0, 0x00, 0xF0, 0x00, 0x2F, 0x80, 0x03, 0xC0, 0x00,
    0x7F, 0x00, 0x2E, 0x00, 0x00, 0xFD, 0x06, 0xFD, 0x00, 0x1B, 0xFE, 0x2F, 0xFD, 0x00, 0xFF, 0xFC,
    0x00, 0x06, 0x80, 0x00, 0x00, 0x00, 0x7F, 0xFB, 0x40, 0x00, 0x03, 0xAF, 0xFC, 0x00, 0x00, 0x00,
    0x06, 0x80, 0x00, 0x00, 0x00, 0x00, 0x00, 0x00, 0x00, 0x02, 0xA0, 0x00, 0x00, 0x00, 0x2F, 0xD0,
    0x00, 0x00, 0x00, 0xFF, 0x80, 0x00, 0x00, 0x07, 0xBF, 0x00, 0x00, 0x00, 0x2C, 0xBD, 0x00, 0x00,
    0x00, 0xF1, 0xF8, 0x00, 0x00, 0x07, 0x83, 0xF0, 0x00, 0x00, 0x2C, 0x0B, 0xD0, 0x00, 0x00, 0xF0,
    0x1F, 0x80, 0x00, 0x07, 0x40, 0x3F, 0x00, 0x00, 0x3D, 0x00, 0xBD, 0x00, 0x00, 0xFF, 0xFF, 0xFC,
    0x00, 0x07, 0x95, 0x57, 0xF0, 0x00, 0x3C, 0x00, 0x0B, 0xE0, 0x00, 0xF0, 0x00, 0x1F, 0xC0, 0x0B,
    0x80, 0x00, 0x3F, 0x41, 0xBF, 0x40, 0x06, 0xFF, 0x8B, 0xFF, 0x40, 0x3F, 0xFF, 0x00, 0x00, 0x1E,
    0x03, 0xC0, 0x00, 0x00, 0xFD, 0x3F, 0x80, 0x00, 0x03, 0xF4, 0xBE, 0x00, 0x00, 0x02, 0x40, 0x90,
    0x00, 0x00, 0x00, 0x00, 0x00, 0x00, 0x00, 0x02, 0xA0, 0x00, 0x00, 0x00, 0x2F, 0xD0, 0x00, 0x00,
    0x00, 0xFF, 0x80, 0x00, 0x00, 0x07, 0xBF, 0x00, 0x00, 0x00, 0x2C, 0xBD, 0x00, 0x00, 0x00, 0xF1,
    0xF8, 0x00, 0x00, 0x07, 0x83, 0xF0, 0x00, 0x00, 0x2C, 0x0B, 0xD0, 0x00, 0x00, 0xF0, 0x1F, 0x80,
    0x00, 0x07, 0x40, 0x3F, 0x00, 0x00, 0x3D, 0x00, 0xBD, 0x00, 0x00, 0xFF, 0xFF, 0xFC, 0x00, 0x07,
    0x95, 0x57, 0xF0, 0x00, 0x3C, 0x00, 0x0B, 0xE0, 0x00, 0xF0, 0x00, 0x1F, 0xC0, 0x0B, 0x80, 0x00,
    0x3F, 0x41, 0xBF, 0x40, 0x06, 0xFF, 0x8B, 0xFF, 0x40, 0x3F, 0xFF, 0x00, 0x00, 0x01, 0xFD, 0x00,
    0x00, 0x00, 0x1E, 0x7C, 0x00, 0x00, 0x00, 0xB0, 0x74, 0x00, 0x00, 0x02, 0xD2, 0xC0, 0x00, 0x00,
    0x03, 0xFE, 0x00, 0x00, 0x00, 0x01, 0x40, 0x00, 0x00, 0x00, 0x0A, 0x80, 0x00, 0x00, 0x00, 0xBF,
    0x40, 0x00, 0x00, 0x03, 0xFE, 0x00, 0x00, 0x00, 0x1E, 0xFC, 0x00, 0x00, 0x00, 0xB2, 0xF4, 0x00,
    0x00, 0x03, 0xC7, 0xE0, 0x00, 0x00, 0x1E, 0x0F, 0xC0, 0x00, 0x00, 0xB0, 0x2F, 0x40, 0x00, 0x03,
    0xC0, 0x7E, 0x00, 0x00, 0x1D, 0x00, 0xFC, 0x00, 0x00, 0xF4, 0x02, 0xF4, 0x00, 0x03, 0xFF, 0xFF,
    0xF0, 0x00, 0x1E, 0x55, 0x5F, 0xC0, 0x00, 0xF0, 0x00, 0x2F, 0x80, 0x03, 0xC0, 0x00, 0x7F, 0x00,
    0x2E, 0x00, 0x00, 0xFD, 0x06, 0xFD, 0x00, 0x1B, 0xFE, 0x2F, 0xFD, 0x00, 0xFF, 0xFC, 0x00, 0x01,
    0xAA, 0xAA, 0xAA, 0xA4, 0x00, 0x02, 0xFF, 0xFF, 0xFF, 0xFC, 0x00, 0x00, 0x3C, 0x7E, 0x00, 0xBC,
    0x00, 0x00, 0xB4, 0x7E, 0x00, 0x3C, 0x00, 0x00, 0xF0, 0x7E, 0x00, 0x1D, 0x00, 0x02, 0xD0, 0x7E,
    0x00, 0x00, 0x00, 0x03, 0xC0, 0x7E, 0x00, 0x40, 0x00, 0x0B, 0x40, 0x7E, 0x01, 0xC0, 0x00, 0x0F,
    0x55, 0xBF, 0x57, 0xC0, 0x00, 0x2F, 0xFF, 0xFF, 0xFF, 0xC0, 0x00, 0x3C, 0x00, 0x7E, 0x07, 0xC0,
    0x00, 0xB8, 0x00, 0x7E, 0x01, 0xC0, 0x00, 0xF0, 0x00, 0x7E, 0x00, 0x00, 0x02, 0xE0, 0x00, 0x7E,
    0x00, 0x0B, 0x03, 0xC0, 0x00, 0x7E, 0x00, 0x0F, 0x0B, 0x80, 0x00, 0x7E, 0x00, 0x2E, 0x6F, 0xE0,
    0x02, 0xFF, 0xAA, 0xFE, 0xBF, 0xF8, 0x07, 0xFF, 0xFF, 0xFD, 0x00, 0x1B, 0xF8, 0x70, 0x01, 0xFF,
    0xFF, 0xF4, 0x07, 0xF4, 0x07, 0xF4, 0x0F, 0xC0, 0x00, 0xF8, 0x3F, 0x40, 0x00, 0x7C, 0x3F, 0x00,
    0x00, 0x3C, 0x7E, 0x00, 0x00, 0x00, 0xBD, 0x00, 0x00, 0x00, 0xFD, 0x00, 0x00, 0x00, 0xFD, 0x00,
    0x00, 0x00, 0xBD, 0x00, 0x00, 0x00, 0xBE, 0x00, 0x00, 0x00, 0x7F, 0x00, 0x00, 0x00, 0x3F, 0x40,
    0x00, 0x00, 0x2F, 0xC0, 0x00, 0x2C, 0x0F, 0xF4, 0x00, 0xB8, 0x03, 0xFF, 0xAF, 0xE0, 0x00, 0x7F,
    0xFF, 0x40, 0x00, 0x03, 0x90, 0x00, 0x00, 0x03, 0xE0, 0x00, 0x00, 0x01, 0xBC, 0x00, 0x00, 0x00,
    0x3C, 0x00, 0x00, 0x1E, 0xFC, 0x00, 0x00, 0x07, 0xE0, 0x00, 0x00, 0x00, 0x00, 0x00, 0x0F, 0x40,
    0x00, 0x00, 0xFD, 0x00, 0x00, 0x03, 0xF8, 0x00, 0x00, 0x02, 0xD0, 0x00, 0x00, 0x00, 0x00, 0x6A,
    0xAA, 0xAA, 0x47, 0xFF, 0xFF, 0xF8, 0x0B, 0xE0, 0x0B, 0xC0, 0x7E, 0x00, 0x3C, 0x07, 0xE0, 0x01,
    0xD0, 0x7E, 0x00, 0x00, 0x07, 0xE0, 0x1C, 0x00, 0x7E, 0x02, 0xC0, 0x07, 0xFF, 0xFC, 0x00, 0x7F,
    0xFF, 0xC0, 0x07, 0xE0, 0x3C, 0x00, 0x7E, 0x01, 0xC0, 0x07, 0xE0, 0x00, 0x00, 0x7E, 0x00, 0x0A,
    0x07, 0xE0, 0x00, 0xF0, 0x7E, 0x00, 0x2E, 0x2F, 0xFA, 0xAF, 0xEB, 0xFF, 0xFF, 0xFD, 0x00, 0x00,
    0x00, 0x00, 0x00, 0x0F, 0x00, 0x00, 0x07, 0xF0, 0x00, 0x01, 0xFD, 0x00, 0x00, 0x39, 0x00, 0x00,
    0x00, 0x00, 0x00, 0x6A, 0xAA, 0xAA, 0x47, 0xFF, 0xFF, 0xF8, 0x0B, 0xE0, 0x0B, 0xC0, 0x7E, 0x00,
    0x3C, 0x07, 0xE0, 0x01, 0xD0, 0x7E, 0x00, 0x00, 0x07, 0xE0, 0x1C, 0x00, 0x7E, 0x02, 0xC0, 0x07,
    0xFF, 0xFC, 0x00, 0x7F, 0xFF, 0xC0, 0x07, 0xE0, 0x3C, 0x00, 0x7E, 0x01, 0xC0, 0x07, 0xE0, 0x00,
    0x00, 0x7E, 0x00, 0x0A, 0x07, 0xE0, 0x00, 0xF0, 0x7E, 0x00, 0x2E, 0x2F, 0xFA, 0xAF, 0xEB, 0xFF,
    0xFF, 0xFD, 0x00, 0x05, 0x00, 0x00, 0x01, 0xF8, 0x00, 0x00, 0x7F, 0xD0, 0x00, 0x0F, 0x9F, 0x40,
    0x03, 0xC0, 0x2C, 0x00, 0x00, 0x00, 0x00, 0x6A, 0xAA, 0xAA, 0x47, 0xFF, 0xFF, 0xF8, 0x0B, 0xE0,
    0x0B, 0xC0, 0x7E, 0x00, 0x3C, 0x07, 0xE0, 0x01, 0xD0, 0x7E, 0x00, 0x00, 0x07, 0xE0, 0x1C, 0x00,
    0x7E, 0x02, 0xC0, 0x07, 0xFF, 0xFC, 0x00, 0x7F, 0xFF, 0xC0, 0x07, 0xE0, 0x3C, 0x00, 0x7E, 0x01,
    0xC0, 0x07, 0xE0, 0x00, 0x00, 0x7E, 0x00, 0x0A, 0x07, 0xE0, 0x00, 0xF0, 0x7E, 0x00, 0x2E, 0x2F,
    0xFA, 0xAF, 0xEB, 0xFF, 0xFF, 0xFD, 0x02, 0xE0, 0x78, 0x00, 0x7F, 0x0F, 0xD0, 0x03, 0xF0, 0xFD,
    0x00, 0x19, 0x02, 0x40, 0x00, 0x00, 0x00, 0x06, 0xAA, 0xAA, 0xA4, 0x7F, 0xFF, 0xFF, 0x80, 0xBE,
    0x00, 0xBC, 0x07, 0xE0, 0x03, 0xC0, 0x7E, 0x00, 0x1D, 0x07, 0xE0, 0x00, 0x00, 0x7E, 0x01, 0xC0,
    0x07, 0xE0, 0x2C, 0x00, 0x7F, 0xFF, 0xC0, 0x07, 0xFF, 0xFC, 0x00, 0x7E, 0x03, 0xC0, 0x07, 0xE0,
    0x1C, 0x00, 0x7E, 0x00, 0x00, 0x07, 0xE0, 0x00, 0xA0, 0x7E, 0x00, 0x0F, 0x07, 0xE0, 0x02, 0xE2,
    0xFF, 0xAA, 0xFE, 0xBF, 0xFF, 0xFF, 0xD0, 0x00, 0x00, 0x3D, 0x00, 0x3F, 0x40, 0x0F, 0xE0, 0x00,
    0xB4, 0x00, 0x00, 0x6A, 0xA9, 0x7F, 0xFF, 0x0B, 0xF0, 0x07, 0xE0, 0x07, 0xE0, 0x07, 0xE0, 0x07,
    0xE0, 0x07, 0xE0, 0x07, 0xE0, 0x07, 0xE0, 0x07, 0xE0, 0x07, 0xE0, 0x07, 0xE0, 0x07, 0xE0, 0x07,
    0xE0, 0x07, 0xE0, 0x2F, 0xF9, 0xBF, 0xFF, 0x00, 0x00, 0x00, 0x3C, 0x01, 0xFC, 0x07, 0xF4, 0x0E,
    0x40, 0x00, 0x00, 0x6A, 0xA9, 0x7F, 0xFF, 0x0B, 0xF0, 0x07, 0xE0, 0x07, 0xE0, 0x07, 0xE0, 0x07,
    0xE0, 0x07, 0xE0, 0x07, 0xE0, 0x07, 0xE0, 0x07, 0xE0, 0x07, 0xE0, 0x07, 0xE0, 0x07, 0xE0, 0x07,
    0xE0, 0x07, 0xE0, 0x2F, 0xF9, 0xBF, 0xFF, 0x00, 0x50, 0x00, 0x1F, 0x80, 0x07, 0xFD, 0x00, 0xF9,
    0xF4, 0x3C, 0x02, 0xC0, 0x00, 0x00, 0x1A, 0xAA, 0x41, 0xFF, 0xFC, 0x02, 0xFC, 0x00, 0x1F, 0x80,
    0x01, 0xF8, 0x00, 0x1F, 0x80, 0x01, 0xF8, 0x00, 0x1F, 0x80, 0x01, 0xF8, 0x00, 0x1F, 0x80, 0x01,
    0xF8, 0x00, 0x1F, 0x80, 0x01, 0xF8, 0x00, 0x1F, 0x80, 0x01, 0xF8, 0x00, 0x1F, 0x80, 0x0B, 0xFE,
    0x42, 0xFF, 0xFC, 0x2E, 0x07, 0x87, 0xF0, 0xFD, 0x3F, 0x0F, 0xD1, 0x90, 0x24, 0x00, 0x00, 0x01,
    0xAA, 0xA4, 0x1F, 0xFF, 0xC0, 0x2F, 0xC0, 0x01, 0xF8, 0x00, 0x1F, 0x80, 0x01, 0xF8, 0x00, 0x1F,
    0x80, 0x01, 0xF8, 0x00, 0x1F, 0x80, 0x01, 0xF8, 0x00, 0x1F, 0x80, 0x01, 0xF8, 0x00, 0x1F, 0x80,
    0x01, 0xF8, 0x00, 0x1F, 0x80, 0x01, 0xF8, 0x00, 0xBF, 0xE4, 0x2F, 0xFF, 0xC0, 0x1A, 0xAA, 0xA5,
    0x00, 0x00, 0x7F, 0xFF, 0xFF, 0xD0, 0x00, 0x2F, 0x80, 0x6F, 0xE0, 0x00, 0x7E, 0x00, 0x0F, 0xD0,
    0x01, 0xF8, 0x00, 0x1F, 0xC0, 0x07, 0xE0, 0x00, 0x3F, 0x80, 0x1F, 0x80, 0x00, 0x7F, 0x00, 0x7E,
    0x00, 0x01, 0xFC, 0x3F, 0xFF, 0xF8, 0x03, 0xF1, 0xFF, 0xFF, 0xE0, 0x0F, 0xC0, 0x1F, 0x80, 0x00,
    0x7F, 0x00, 0x7E, 0x00, 0x01, 0xF8, 0x01, 0xF8, 0x00, 0x0B, 0xD0, 0x07, 0xE0, 0x00, 0x3F, 0x00,
    0x1F, 0x80, 0x02, 0xF4, 0x00, 0x7E, 0x00, 0x3F, 0x40, 0x0B, 0xFE, 0xAF, 0xF4, 0x00, 0xBF, 0xFF,
    0xF9, 0x00, 0x00, 0x00, 0x06, 0x80, 0x00, 0x00, 0x00, 0x7F, 0xFB, 0x40, 0x00, 0x03, 0xAF, 0xFC,
    0x00, 0x00, 0x00, 0x06, 0x80, 0x00, 0x00, 0x00, 0x00, 0x00, 0x01, 0xAA, 0x80, 0x01, 0xAA, 0x87,
    0xFF, 0xC0, 0x0B, 0xFF, 0x42, 0xFF, 0x40, 0x03, 0xE0, 0x07, 0xFF, 0x00, 0x0B, 0x40, 0x1E, 0xFE,
    0x00, 0x2D, 0x00, 0x79, 0xFC, 0x00, 0xB4, 0x01, 0xE2, 0xFC, 0x02, 0xD0, 0x07, 0x83, 0xF4, 0x0B,
    0x40, 0x1E, 0x07, 0xF0, 0x2D, 0x00, 0x78, 0x0F, 0xE0, 0xB4, 0x01, 0xE0, 0x1F, 0xC2, 0xD0, 0x07,
    0x80, 0x2F, 0x8B, 0x40, 0x1E, 0x00, 0x3F, 0x6D, 0x00, 0x78, 0x00, 0x7F, 0xB4, 0x01, 0xE0, 0x00,
    0xFF, 0xD0, 0x07, 0x80, 0x01, 0xFF, 0x40, 0xBF, 0x90, 0x02, 0xFD, 0x0B, 0xFF, 0x80, 0x03, 0xF4,
    0x00, 0x00, 0x00, 0x00, 0x00, 0x00, 0x07, 0xC0, 0x00, 0x00, 0x01, 0xFC, 0x00, 0x00, 0x00, 0x2F,
    0xC0, 0x00, 0x00, 0x00, 0x7C, 0x00, 0x00, 0x00, 0x00, 0x00, 0x00, 0x01, 0xBF, 0x90, 0x00, 0x03,
    0xFF, 0xFF, 0x80, 0x07, 0xF4, 0x07, 0xF8, 0x03, 0xF0, 0x00, 0x3F, 0x42, 0xF4, 0x00, 0x07, 0xF0,
    0xFC, 0x00, 0x00, 0xFD, 0x7E, 0x00, 0x00, 0x2F, 0xAF, 0x40, 0x00, 0x07, 0xFF, 0xD0, 0x00, 0x01,
    0xFF, 0xF4, 0x00, 0x00, 0x7F, 0xFD, 0x00, 0x00, 0x1F, 0xEF, 0x80, 0x00, 0x07, 0xE7, 0xF0, 0x00,
    0x02, 0xF4, 0xFD, 0x00, 0x00, 0xFC, 0x2F, 0xC0, 0x00, 0x7D, 0x03, 0xFC, 0x00, 0x7F, 0x00, 0x3F,
    0xEA, 0xFE, 0x00, 0x01, 0xFF, 0xFD, 0x00, 0x00, 0x01, 0x50, 0x00, 0x00, 0x00, 0x00, 0x00, 0x00,
    0x00, 0x00, 0x0B, 0x80, 0x00, 0x00, 0x0B, 0xE0, 0x00, 0x00, 0x0F, 0xE0, 0x00, 0x00, 0x0B, 0x40,
    0x00, 0x00, 0x00, 0x00, 0x00, 0x00, 0x01, 0xBF, 0x90, 0x00, 0x03, 0xFF, 0xFF, 0x80, 0x07, 0xF4,
    0x07, 0xF8, 0x03, 0xF0, 0x00, 0x3F, 0x42, 0xF4, 0x00, 0x07, 0xF0, 0xFC, 0x00, 0x00, 0xFD, 0x7E,
    0x00, 0x00, 0x2F, 0xAF, 0x40, 0x00, 0x07, 0xFF, 0xD0, 0x00, 0x01, 0xFF, 0xF4, 0x00, 0x00, 0x7F,
    0xFD, 0x00, 0x00, 0x1F, 0xEF, 0x80, 0x00, 0x07, 0xE7, 0xF0, 0x00, 0x02, 0xF4, 0xFD, 0x00, 0x00,
    0xFC, 0x2F, 0xC0, 0x00, 0x7D, 0x03, 0xFC, 0x00, 0x7F, 0x00, 0x3F, 0xEA, 0xFE, 0x00, 0x01, 0xFF,
    0xFD, 0x00, 0x00, 0x01, 0x50, 0x00, 0x00, 0x00, 0x00, 0x40, 0x00, 0x00, 0x00, 0xFC, 0x00, 0x00,
    0x00, 0xBF, 0xC0, 0x00, 0x00, 0xBD, 0xBC, 0x00, 0x00, 0x74, 0x07, 0x80, 0x00, 0x00, 0x00, 0x00,
    0x00, 0x01, 0xBF, 0x90, 0x00, 0x03, 0xFF, 0xFF, 0x80, 0x07, 0xF4, 0x07, 0xF8, 0x03, 0xF0, 0x00,
    0x3F, 0x42, 0xF4, 0x00, 0x07, 0xF0, 0xFC, 0x00, 0x00, 0xFD, 0x7E, 0x00, 0x00, 0x2F, 0xAF, 0x40,
    0x00, 0x07, 0xFF, 0xD0, 0x00, 0x01, 0xFF, 0xF4, 0x00, 0x00, 0x7F, 0xFD, 0x00, 0x00, 0x1F, 0xEF,
    0x80, 0x00, 0x07, 0xE7, 0xF0, 0x00, 0x02, 0xF4, 0xFD, 0x00, 0x00, 0xFC, 0x2F, 0xC0, 0x00, 0x7D,
    0x03, 0xFC, 0x00, 0x7F, 0x00, 0x3F, 0xEA, 0xFE, 0x00, 0x01, 0xFF, 0xFD, 0x00, 0x00, 0x01, 0x50,
    0x00, 0x00, 0x00, 0x1A, 0x40, 0x00, 0x00, 0x0F, 0xFE, 0xE0, 0x00, 0x0B, 0x7F, 0xF0, 0x00, 0x00,
    0x00, 0x64, 0x00, 0x00, 0x00, 0x00, 0x00, 0x00, 0x06, 0xFE, 0x40, 0x00, 0x0F, 0xFF, 0xFE, 0x00,
    0x1F, 0xD0, 0x1F, 0xE0, 0x0F, 0xC0, 0x00, 0xFD, 0x0B, 0xD0, 0x00, 0x1F, 0xC3, 0xF0, 0x00, 0x03,
    0xF5, 0xF8, 0x00, 0x00, 0xBE, 0xBD, 0x00, 0x00, 0x1F, 0xFF, 0x40, 0x00, 0x07, 0xFF, 0xD0, 0x00,
    0x01, 0xFF, 0xF4, 0x00, 0x00, 0x7F, 0xBE, 0x00, 0x00, 0x1F, 0x9F, 0xC0, 0x00, 0x0B, 0xD3, 0xF4,
    0x00, 0x03, 0xF0, 0xBF, 0x00, 0x01, 0xF4, 0x0F, 0xF0, 0x01, 0xFC, 0x00, 0xFF, 0xAB, 0xF8, 0x00,
    0x07, 0xFF, 0xF4, 0x00, 0x00, 0x05, 0x40, 0x00, 0x00, 0x38, 0x0B, 0x40, 0x00, 0x3F, 0x8B, 0xF0,
    0x00, 0x0B, 0xE1, 0xFC, 0x00, 0x00, 0x90, 0x18, 0x00, 0x00, 0x00, 0x00, 0x00, 0x00, 0x06, 0xFE,
    0x40, 0x00, 0x0F, 0xFF, 0xFE, 0x00, 0x1F, 0xD0, 0x1F, 0xE0, 0x0F, 0xC0, 0x00, 0xFD, 0x0B, 0xD0,
    0x00, 0x1F, 0xC3, 0xF0, 0x00, 0x03, 0xF5, 0xF8, 0x00, 0x00, 0xBE, 0xBD, 0x00, 0x00, 0x1F, 0xFF,
    0x40, 0x00, 0x07, 0xFF, 0xD0, 0x00, 0x01, 0xFF, 0xF4, 0x00, 0x00, 0x7F, 0xBE, 0x00, 0x00, 0x1F,
    0x9F, 0xC0, 0x00, 0x0B, 0xD3, 0xF4, 0x00, 0x03, 0xF0, 0xBF, 0x00, 0x01, 0xF4, 0x0F, 0xF0, 0x01,
    0xFC, 0x00, 0xFF, 0xAB, 0xF8, 0x00, 0x07, 0xFF, 0xF4, 0x00, 0x00, 0x05, 0x40, 0x00, 0x00, 0x00,
    0x02, 0x80, 0x1D, 0x3E, 0x07, 0xD0, 0xF9, 0xF4, 0x03, 0xFD, 0x00, 0x1F, 0xC0, 0x03, 0xFE, 0x00,
    0xF4, 0xF8, 0x3D, 0x03, 0xE2, 0x40, 0x0C, 0x00, 0x00, 0x00, 0x00, 0x06, 0xFE, 0x41, 0xE0, 0x00,
    0xFF, 0xFF, 0xEF, 0x00, 0x1F, 0xD0, 0x1F, 0xF4, 0x00, 0xFC, 0x00, 0x0F, 0xE0, 0x0B, 0xD0, 0x00,
    0xBF, 0xC0, 0x3F, 0x00, 0x07, 0xFF, 0x41, 0xF8, 0x00, 0x7C, 0xBE, 0x0B, 0xD0, 0x03, 0xC1, 0xFC,
    0x3F, 0x40, 0x3D, 0x07, 0xF0, 0xFD, 0x03, 0xD0, 0x1F, 0xC3, 0xF4, 0x2E, 0x00, 0x7F, 0x0B, 0xE1,
    0xF0, 0x01, 0xF8, 0x1F, 0xDF, 0x00, 0x0B, 0xD0, 0x3F, 0xF0, 0x00, 0x3F, 0x00, 0xBF, 0x40, 0x01,
    0xF4, 0x00, 0xFE, 0x00, 0x1F, 0xC0, 0x0B, 0xFF, 0xAB, 0xF8, 0x00, 0x7C, 0x7F, 0xFF, 0x40, 0x01,
    0x40, 0x05, 0x40, 0x00, 0x00, 0x00, 0x00, 0x00, 0x00, 0x00, 0x00, 0xB8, 0x00, 0x00, 0x00, 0x0B,
    0xE0, 0x00, 0x00, 0x00, 0x2F, 0xC0, 0x00, 0x00, 0x00, 0x1E, 0x00, 0x00, 0x00, 0x00, 0x00, 0x00,
    0x6A, 0xA8, 0x00, 0xAA, 0xAF, 0xFF, 0xD0, 0x0F, 0xFF, 0x0F, 0xD0, 0x00, 0x1F, 0x00, 0xFD, 0x00,
    0x00, 0xF0, 0x0F, 0xD0, 0x00, 0x0F, 0x00, 0xFD, 0x00, 0x00, 0xF0, 0x0F, 0xD0, 0x00, 0x0F, 0x00,
    0xFD, 0x00, 0x00, 0xF0, 0x0F, 0xD0, 0x00, 0x0F, 0x00, 0xFD, 0x00, 0x00, 0xF0, 0x0F, 0xD0, 0x00,
    0x0F, 0x00, 0xFD, 0x00, 0x00, 0xF0, 0x0B, 0xD0, 0x00, 0x0F, 0x00, 0xBD, 0x00, 0x01, 0xE0, 0x07,
    0xF0, 0x00, 0x3D, 0x00, 0x3F, 0x80, 0x0B, 0xC0, 0x00, 0xFF, 0xEF, 0xF0, 0x00, 0x02, 0xFF, 0xF8,
    0x00, 0x00, 0x00, 0x50, 0x00, 0x00, 0x00, 0x00, 0x00, 0x00, 0x00, 0x00, 0x00, 0xF4, 0x00, 0x00,
    0x00, 0x3F, 0x80, 0x00, 0x00, 0x0F, 0xE0, 0x00, 0x00, 0x03, 0xD0, 0x00, 0x00, 0x00, 0x00, 0x00,
    0x00, 0x6A, 0xA8, 0x00, 0xAA, 0xAF, 0xFF, 0xD0, 0x0F, 0xFF, 0x0F, 0xD0, 0x00, 0x1F, 0x00, 0xFD,
    0x00, 0x00, 0xF0, 0x0F, 0xD0, 0x00, 0x0F, 0x00, 0xFD, 0x00, 0x00, 0xF0, 0x0F, 0xD0, 0x00, 0x0F,
    0x00, 0xFD, 0x00, 0x00, 0xF0, 0x0F, 0xD0, 0x00, 0x0F, 0x00, 0xFD, 0x00, 0x00, 0xF0, 0x0F, 0xD0,
    0x00, 0x0F, 0x00, 0xFD, 0x00, 0x00, 0xF0, 0x0B, 0xD0, 0x00, 0x0F, 0x00, 0xBD, 0x00, 0x01, 0xE0,
    0x07, 0xF0, 0x00, 0x3D, 0x00, 0x3F, 0x80, 0x0B, 0xC0, 0x00, 0xFF, 0xEF, 0xF0, 0x00, 0x02, 0xFF,
    0xF8, 0x00, 0x00, 0x00, 0x50, 0x00, 0x00, 0x00, 0x00, 0x10, 0x00, 0x00, 0x00, 0x0F, 0xC0, 0x00,
    0x00, 0x03, 0xFF, 0x00, 0x00, 0x00, 0xFD, 0xF8, 0x00, 0x00, 0x2D, 0x01, 0xD0, 0x00, 0x00, 0x00,
    0x00, 0x00, 0x6A, 0xA8, 0x00, 0xAA, 0xAF, 0xFF, 0xD0, 0x0F, 0xFF, 0x0F, 0xD0, 0x00, 0x1F, 0x00,
    0xFD, 0x00, 0x00, 0xF0, 0x0F, 0xD0, 0x00, 0x0F, 0x00, 0xFD, 0x00, 0x00, 0xF0, 0x0F, 0xD0, 0x00,
    0x0F, 0x00, 0xFD, 0x00, 0x00, 0xF0, 0x0F, 0xD0, 0x00, 0x0F, 0x00, 0xFD, 0x00, 0x00, 0xF0, 0x0F,
    0xD0, 0x00, 0x0F, 0x00, 0xFD, 0x00, 0x00, 0xF0, 0x0B, 0xD0, 0x00, 0x0F, 0x00, 0xBD, 0x00, 0x01,
    0xE0, 0x07, 0xF0, 0x00, 0x3D, 0x00, 0x3F, 0x80, 0x0B, 0xC0, 0x00, 0xFF, 0xEF, 0xF0, 0x00, 0x02,
    0xFF, 0xF8, 0x00, 0x00, 0x00, 0x50, 0x00, 0x00, 0x00, 0x1E, 0x02, 0xC0, 0x00, 0x03, 0xF4, 0xBF,
    0x00, 0x00, 0x3F, 0x4B, 0xE0, 0x00, 0x00, 0x90, 0x14, 0x00, 0x00, 0x00, 0x00, 0x00, 0x06, 0xAA,
    0x80, 0x0A, 0xAA, 0xFF, 0xFD, 0x00, 0xFF, 0xF0, 0xFD, 0x00, 0x01, 0xF0, 0x0F, 0xD0, 0x00, 0x0F,
    0x00, 0xFD, 0x00, 0x00, 0xF0, 0x0F, 0xD0, 0x00, 0x0F, 0x00, 0xFD, 0x00, 0x00, 0xF0, 0x0F, 0xD0,
    0x00, 0x0F, 0x00, 0xFD, 0x00, 0x00, 0xF0, 0x0F, 0xD0, 0x00, 0x0F, 0x00, 0xFD, 0x00, 0x00, 0xF0,
    0x0F, 0xD0, 0x00, 0x0F, 0x00, 0xBD, 0x00, 0x00, 0xF0, 0x0B, 0xD0, 0x00, 0x1E, 0x00, 0x7F, 0x00,
    0x03, 0xD0, 0x03, 0xF8, 0x00, 0xBC, 0x00, 0x0F, 0xFE, 0xFF, 0x00, 0x00, 0x2F, 0xFF, 0x80, 0x00,
    0x00, 0x05, 0x00, 0x00, 0x00, 0x00, 0x00, 0x00, 0x00, 0x00, 0x00, 0xB8, 0x00, 0x00, 0x00, 0x2F,
    0x80, 0x00, 0x00, 0x0F, 0xE0, 0x00, 0x00, 0x02, 0xD0, 0x00, 0x00, 0x00, 0x00, 0x00, 0x00, 0x6A,
    0xA9, 0x01, 0xAA, 0x9B, 0xFF, 0xF0, 0x2F, 0xFE, 0x0F, 0xF0, 0x00, 0x3E, 0x00, 0x3F, 0x00, 0x03,
    0xC0, 0x01, 0xFC, 0x00, 0xB4, 0x00, 0x0F, 0xD0, 0x1F, 0x00, 0x00, 0x3F, 0x03, 0xC0, 0x00, 0x02,
    0xF8, 0x78, 0x00, 0x00, 0x0F, 0xDF, 0x00, 0x00, 0x00, 0x7F, 0xD0, 0x00, 0x00, 0x02, 0xF8, 0x00,
    0x00, 0x00, 0x2F, 0x80, 0x00, 0x00, 0x02, 0xF8, 0x00, 0x00, 0x00, 0x2F, 0x80, 0x00, 0x00, 0x02,
    0xF8, 0x00, 0x00, 0x00, 0x2F, 0x80, 0x00, 0x00, 0x1B, 0xFE, 0x40, 0x00, 0x03, 0xFF, 0xFC, 0x00,
    0x6A, 0xAA, 0x00, 0x0B, 0xFF, 0xF0, 0x00, 0x0B, 0xF0, 0x00, 0x00, 0x7E, 0x00, 0x00, 0x07, 0xFF,
    0xE4, 0x00, 0x7F, 0xAF, 0xF4, 0x07, 0xE0, 0x1F, 0xD0, 0x7E, 0x00, 0xBE, 0x07, 0xE0, 0x07, 0xF0,
    0x7E, 0x00, 0x7F, 0x07, 0xE0, 0x0B, 0xE0, 0x7E, 0x00, 0xFC, 0x07, 0xF5, 0xBF, 0x40, 0x7F, 0xFF,
    0x80, 0x07, 0xE0, 0x00, 0x00, 0x7E, 0x00, 0x00, 0x2F, 0xF9, 0x00, 0x0B, 0xFF, 0xF4, 0x00, 0x00,
    0x01, 0xA5, 0x00, 0x00, 0x02, 0xFF, 0xFC, 0x00, 0x00, 0xBD, 0x03, 0xF0, 0x00, 0x1F, 0x00, 0x1F,
    0x00, 0x02, 0xF0, 0x01, 0xF0, 0x00, 0x3F, 0x00, 0x2E, 0x00, 0x03, 0xF0, 0x03, 0xC0, 0x01, 0xBF,
    0x00, 0xF4, 0x00, 0x3F, 0xF0, 0x2E, 0x00, 0x00, 0x3F, 0x03, 0xD0, 0x00, 0x03, 0xF0, 0x3E, 0x00,
    0x00, 0x3F, 0x03, 0xF8, 0x00, 0x03, 0xF0, 0x2F, 0xF8, 0x00, 0x3F, 0x00, 0xBF, 0xF0, 0x03, 0xF0,
    0x00, 0x7F, 0x80, 0x3F, 0x00, 0x00, 0xFC, 0x03, 0xF2, 0xD0, 0x07, 0xC0, 0x3F, 0x1F, 0x00, 0xBC,
    0x1B, 0xF1, 0xFD, 0x6F, 0x43, 0xFF, 0x0E, 0xFF, 0xD0, 0x00, 0x00, 0x41, 0x40, 0x00, 0x01, 0x00,
    0x00, 0x02, 0xF0, 0x00, 0x00, 0x7E, 0x00, 0x00, 0x07, 0xD0, 0x00, 0x00, 0x2C, 0x00, 0x00, 0x01,
    0x00, 0x00, 0x00, 0x00, 0x00, 0x1F, 0xFD, 0x00, 0x3E, 0x5F, 0xD0, 0x2F, 0x00, 0xFC, 0x0B, 0xC0,
    0x2F, 0x00, 0x90, 0x0B, 0xC0, 0x00, 0x02, 0xF0, 0x01, 0xBF, 0xFC, 0x03, 0xF9, 0x6F, 0x02, 0xF4,
    0x0B, 0xC0, 0xFC, 0x02, 0xF0, 0x3F, 0x40, 0xFD, 0x07, 0xFA, 0xEF, 0xE4, 0xBF, 0xD3, 0xFD, 0x01,
    0x40, 0x14, 0x00, 0x00, 0x05, 0x00, 0x00, 0x03, 0xD0, 0x00, 0x03, 0xF0, 0x00, 0x02, 0xF4, 0x00,
    0x01, 0xE0, 0x00, 0x00, 0x10, 0x00, 0x00, 0x00, 0x00, 0x00, 0x1F, 0xFD, 0x00, 0x3E, 0x5F, 0xD0,
    0x2F, 0x00, 0xFC, 0x0B, 0xC0, 0x2F, 0x00, 0x90, 0x0B, 0xC0, 0x00, 0x02, 0xF0, 0x01, 0xBF, 0xFC,
    0x03, 0xF9, 0x6F, 0x02, 0xF4, 0x0B, 0xC0, 0xFC, 0x02, 0xF0, 0x3F, 0x40, 0xFD, 0x07, 0xFA, 0xEF,
    0xE4, 0xBF, 0xD3, 0xFD, 0x01, 0x40, 0x14, 0x00, 0x00, 0x60, 0x00, 0x00, 0x3F, 0x00, 0x00, 0x3F,
    0xE0, 0x00, 0x2E, 0x3D, 0x00, 0x1E, 0x02, 0xC0, 0x01, 0x00, 0x10, 0x00, 0x00, 0x00, 0x00, 0x1F,
    0xFD, 0x00, 0x3E, 0x5F, 0xD0, 0x2F, 0x00, 0xFC, 0x0B, 0xC0, 0x2F, 0x00, 0x90, 0x0B, 0xC0, 0x00,
    0x02, 0xF0, 0x01, 0xBF, 0xFC, 0x03, 0xF9, 0x6F, 0x02, 0xF4, 0x0B, 0xC0, 0xFC, 0x02, 0xF0, 0x3F,
    0x40, 0xFD, 0x07, 0xFA, 0xEF, 0xE4, 0xBF, 0xD3, 0xFD, 0x01, 0x40, 0x14, 0x00, 0x06, 0x80, 0x00,
    0x03, 0xFF, 0xB4, 0x02, 0x9F, 0xFC, 0x00, 0x00, 0x28, 0x00, 0x00, 0x00, 0x00, 0x00, 0x00, 0x00,
    0x00, 0x7F, 0xF4, 0x00, 0xF9, 0x7F, 0x40, 0xBC, 0x03, 0xF0, 0x2F, 0x00, 0xBC, 0x02, 0x40, 0x2F,
    0x00, 0x00, 0x0B, 0xC0, 0x06, 0xFF, 0xF0, 0x0F, 0xE5, 0xBC, 0x0B, 0xD0, 0x2F, 0x03, 0xF0, 0x0B,
    0xC0, 0xFD, 0x03, 0xF4, 0x1F, 0xEB, 0xBF, 0x92, 0xFF, 0x4F, 0xF4, 0x05, 0x00, 0x50, 0x0A, 0x02,
    0x90, 0x0B, 0xE2, 0xFC, 0x02, 0xF8, 0x7F, 0x00, 0x24, 0x06, 0x00, 0x00, 0x00, 0x00, 0x00, 0x00,
    0x00, 0x00, 0x7F, 0xF4, 0x00, 0xF9, 0x7F, 0x40, 0xBC, 0x03, 0xF0, 0x2F, 0x00, 0xBC, 0x02, 0x40,
    0x2F, 0x00, 0x00, 0x0B, 0xC0, 0x06, 0xFF, 0xF0, 0x0F, 0xE5, 0xBC, 0x0B, 0xD0, 0x2F, 0x03, 0xF0,
    0x0B, 0xC0, 0xFD, 0x03, 0xF4, 0x1F, 0xEB, 0xBF, 0x92, 0xFF, 0x4F, 0xF4, 0x05, 0x00, 0x50, 0x01,
    0xB8, 0x00, 0x00, 0xF7, 0xC0, 0x00, 0xB4, 0x74, 0x00, 0x1D, 0x2D, 0x00, 0x03, 0xFE, 0x00, 0x00,
    0x15, 0x00, 0x00, 0x00, 0x00, 0x00, 0x1F, 0xFD, 0x00, 0x3E, 0x5F, 0xD0, 0x2F, 0x00, 0xFC, 0x0B,
    0xC0, 0x2F, 0x00, 0x90, 0x0B, 0xC0, 0x00, 0x02, 0xF0, 0x01, 0xBF, 0xFC, 0x03, 0xF9, 0x6F, 0x02,
    0xF4, 0x0B, 0xC0, 0xFC, 0x02, 0xF0, 0x3F, 0x40, 0xFD, 0x07, 0xFA, 0xEF, 0xE4, 0xBF, 0xD3, 0xFD,
    0x01, 0x40, 0x14, 0x00, 0x00, 0x00, 0x00, 0x00, 0x00, 0x1F, 0xF8, 0x1F, 0xF9, 0x03, 0xE5, 0xBE,
    0xF9, 0xFD, 0x2F, 0x00, 0xFF, 0x00, 0xFC, 0xBC, 0x02, 0xF8, 0x01, 0xF4, 0x90, 0x0B, 0xD0, 0x07,
    0xD0, 0x00, 0x2F, 0xAA, 0xBF, 0x41, 0xBF, 0xFF, 0xFF, 0xFC, 0x3F, 0x96, 0xF4, 0x00, 0x02, 0xF4,
    0x0B, 0xE0, 0x00, 0x0F, 0xC0, 0x2F, 0xC0, 0x00, 0x3F, 0x40, 0xFF, 0x80, 0x2D, 0xBF, 0xAF, 0x7F,
    0xFF, 0xF0, 0xBF, 0xF0, 0x3F, 0xFE, 0x00, 0x14, 0x00, 0x05, 0x00, 0x00, 0x00, 0x00, 0x00, 0x01,
    0xFF, 0x90, 0x0F, 0xEA, 0xF4, 0x2F, 0x40, 0xFC, 0x7E, 0x00, 0xFC, 0xBD, 0x00, 0xF8, 0xFC, 0x00,
    0x00, 0xFC, 0x00, 0x00, 0xFC, 0x00, 0x00, 0xFD, 0x00, 0x00, 0x7F, 0x00, 0x00, 0x3F, 0x80, 0x2C,
    0x1F, 0xFF, 0xF8, 0x07, 0xFF, 0xD0, 0x00, 0x38, 0x00, 0x00, 0x7A, 0x00, 0x00, 0x1B, 0x80, 0x00,
    0x07, 0xC0, 0x02, 0xEF, 0x80, 0x00, 0xBE, 0x00, 0x00, 0x40, 0x00, 0x03, 0xE0, 0x00, 0x02, 0xF4,
    0x00, 0x00, 0xBC, 0x00, 0x00, 0x0F, 0x00, 0x00, 0x01, 0x00, 0x00, 0x00, 0x00, 0x01, 0xFF, 0x80,
    0x0F, 0xE7, 0xF4, 0x2F, 0x00, 0xFC, 0x7D, 0x00, 0xBC, 0xBC, 0x00, 0xBD, 0xFE, 0xAA, 0xFC, 0xFF,
    0xFF, 0xFC, 0xFC, 0x00, 0x00, 0xFD, 0x00, 0x00, 0x7F, 0x00, 0x00, 0x3F, 0x80, 0x2C, 0x1F, 0xFF,
    0xF8, 0x07, 0xFF, 0xD0, 0x00, 0x14, 0x00, 0x00, 0x01, 0x40, 0x00, 0x07, 0xC0, 0x00, 0x0F, 0xC0,
    0x00, 0x3F, 0x00, 0x00, 0xB4, 0x00, 0x00, 0x00, 0x00, 0x00, 0x00, 0x00, 0x01, 0xFF, 0x80, 0x0F,
    0xE7, 0xF4, 0x2F, 0x00, 0xFC, 0x7D, 0x00, 0xBC, 0xBC, 0x00, 0xBD, 0xFE, 0xAA, 0xFC, 0xFF, 0xFF,
    0xFC, 0xFC, 0x00, 0x00, 0xFD, 0x00, 0x00, 0x7F, 0x00, 0x00, 0x3F, 0x80, 0x2C, 0x1F, 0xFF, 0xF8,
    0x07, 0xFF, 0xD0, 0x00, 0x14, 0x00, 0x00, 0x18, 0x00, 0x00, 0x7E, 0x00, 0x00, 0xFF, 0x40, 0x03,
    0xE7, 0xC0, 0x0B, 0x40, 0xF0, 0x00, 0x00, 0x10, 0x00, 0x00, 0x00, 0x01, 0xFF, 0x80, 0x0F, 0xE7,
    0xF4, 0x2F, 0x00, 0xFC, 0x7D, 0x00, 0xBC, 0xBC, 0x00, 0xBD, 0xFE, 0xAA, 0xFC, 0xFF, 0xFF, 0xFC,
    0xFC, 0x00, 0x00, 0xFD, 0x00, 0x00, 0x7F, 0x00, 0x00, 0x3F, 0x80, 0x2C, 0x1F, 0xFF, 0xF8, 0x07,
    0xFF, 0xD0, 0x00, 0x14, 0x00, 0x07, 0x80, 0xA0, 0x0F, 0xD3, 0xF8, 0x0F, 0xD2, 0xF8, 0x02, 0x40,
    0x90, 0x00, 0x00, 0x00, 0x00, 0x00, 0x00, 0x01, 0xFF, 0x80, 0x0F, 0xE7, 0xF4, 0x2F, 0x00, 0xFC,
    0x7D, 0x00, 0xBC, 0xBC, 0x00, 0xBD, 0xFE, 0xAA, 0xFC, 0xFF, 0xFF, 0xFC, 0xFC, 0x00, 0x00, 0xFD,
    0x00, 0x00, 0x7F, 0x00, 0x00, 0x3F, 0x80, 0x2C, 0x1F, 0xFF, 0xF8, 0x07, 0xFF, 0xD0, 0x00, 0x14,
    0x00, 0x10, 0x00, 0x7C, 0x00, 0x7F, 0x00, 0x1F, 0x80, 0x02, 0xD0, 0x00, 0x40, 0x00, 0x00, 0x2A,
    0xE0, 0x3F, 0xF0, 0x03, 0xF0, 0x03, 0xF0, 0x03, 0xF0, 0x03, 0xF0, 0x03, 0xF0, 0x03, 0xF0, 0x03,
    0xF0, 0x03, 0xF0, 0x03, 0xF0, 0x1B, 0xF9, 0x3F, 0xFF, 0x00, 0x10, 0x00, 0xF4, 0x02, 0xF4, 0x07,
    0xD0, 0x0E, 0x00, 0x04, 0x00, 0x00, 0x00, 0x2A, 0xE0, 0x3F, 0xF0, 0x03, 0xF0, 0x03, 0xF0, 0x03,
    0xF0, 0x03, 0xF0, 0x03, 0xF0, 0x03, 0xF0, 0x03, 0xF0, 0x03, 0xF0, 0x03, 0xF0, 0x1B, 0xF9, 0x3F,
    0xFF, 0x00, 0x90, 0x00, 0xFC, 0x00, 0xBF, 0xC0, 0x7C, 0xB8, 0x38, 0x0B, 0x44, 0x00, 0x40, 0x00,
    0x00, 0x2A, 0xE0, 0x0F, 0xFC, 0x00, 0x3F, 0x00, 0x0F, 0xC0, 0x03, 0xF0, 0x00, 0xFC, 0x00, 0x3F,
    0x00, 0x0F, 0xC0, 0x03, 0xF0, 0x00, 0xFC, 0x00, 0x3F, 0x00, 0x6F, 0xE4, 0x3F, 0xFF, 0x29, 0x0B,
    0x4B, 0xF1, 0xFC, 0x7F, 0x1F, 0xC1, 0x80, 0x60, 0x00, 0x00, 0x00, 0x00, 0x00, 0x0A, 0xB8, 0x00,
    0xFF, 0xC0, 0x00, 0xFC, 0x00, 0x0F, 0xC0, 0x00, 0xFC, 0x00, 0x0F, 0xC0, 0x00, 0xFC, 0x00, 0x0F,
    0xC0, 0x00, 0xFC, 0x00, 0x0F, 0xC0, 0x00, 0xFC, 0x00, 0x6F, 0xE4, 0x0F, 0xFF, 0xC0, 0x01, 0x00,
    0x08, 0x02, 0xFE, 0x1F, 0x00, 0x07, 0xFE, 0x00, 0x00, 0x3F, 0xC0, 0x00, 0x7D, 0xFC, 0x00, 0x18,
    0x2F, 0x40, 0x00, 0x03, 0xF0, 0x01, 0x50, 0xFC, 0x07, 0xFF, 0xAF, 0x47, 0xF5, 0xBF, 0xD3, 0xF0,
    0x03, 0xFA, 0xF8, 0x00, 0xBE, 0xFD, 0x00, 0x2F, 0xBF, 0x00, 0x0B, 0xDF, 0xC0, 0x02, 0xF7, 0xF4,
    0x00, 0xBC, 0xBE, 0x00, 0x3E, 0x0F, 0xC0, 0x1F, 0x01, 0xFD, 0x6F, 0x40, 0x1F, 0xFF, 0x40, 0x00,
    0x14, 0x00, 0x00, 0x00, 0x69, 0x00, 0x00, 0x00, 0xFF, 0xEE, 0x00, 0x02, 0xDB, 0xFC, 0x00, 0x00,
    0x00, 0x60, 0x00, 0x00, 0x00, 0x00, 0x00, 0x00, 0x00, 0x00, 0x00, 0xAF, 0x47, 0xFD, 0x00, 0xFF,
    0xAF, 0xFF, 0x40, 0x0F, 0xF4, 0x1F, 0xC0, 0x0F, 0xD0, 0x0F, 0xC0, 0x0F, 0xC0, 0x0B, 0xC0, 0x0F,
    0xC0, 0x0B, 0xC0, 0x0F, 0xC0, 0x0B, 0xC0, 0x0F, 0xC0, 0x0B, 0xC0, 0x0F, 0xC0, 0x0B, 0xC0, 0x0F,
    0xC0, 0x0B, 0xC0, 0x0F, 0xC0, 0x0B, 0xC0, 0x6F, 0xE4, 0x1F, 0xE4, 0xBF, 0xF8, 0x7F, 0xFC, 0x00,
    0x40, 0x00, 0x00, 0x7C, 0x00, 0x00, 0x1F, 0xC0, 0x00, 0x01, 0xF8, 0x00, 0x00, 0x0B, 0x00, 0x00,
    0x00, 0x40, 0x00, 0x00, 0x00, 0x00, 0x07, 0xFF, 0x80, 0x0F, 0xEB, 0xFC, 0x0B, 0xC0, 0x2F, 0xC7,
    0xE0, 0x03, 0xF6, 0xF4, 0x00, 0x7E, 0xFC, 0x00, 0x1F, 0xFF, 0x00, 0x03, 0xFF, 0xC0, 0x00, 0xFF,
    0xF4, 0x00, 0x7E, 0xBE, 0x00, 0x2F, 0x4F, 0xD0, 0x0F, 0xC1, 0xFE, 0x5F, 0xC0, 0x1F, 0xFF, 0x80,
    0x00, 0x15, 0x00, 0x00, 0x00, 0x00, 0x40, 0x00, 0x00, 0xF4, 0x00, 0x00, 0xFD, 0x00, 0x00, 0xBD,
    0x00, 0x00, 0x38, 0x00, 0x00, 0x04, 0x00, 0x00, 0x00, 0x00, 0x00, 0x07, 0xFF, 0x80, 0x0F, 0xEB,
    0xFC, 0x0B, 0xC0, 0x2F, 0xC7, 0xE0, 0x03, 0xF6, 0xF4, 0x00, 0x7E, 0xFC, 0x00, 0x1F, 0xFF, 0x00,
    0x03, 0xFF, 0xC0, 0x00, 0xFF, 0xF4, 0x00, 0x7E, 0xBE, 0x00, 0x2F, 0x4F, 0xD0, 0x0F, 0xC1, 0xFE,
    0x5F, 0xC0, 0x1F, 0xFF, 0x80, 0x00, 0x15, 0x00, 0x00, 0x00, 0x09, 0x00, 0x00, 0x0F, 0xC0, 0x00,
    0x0F, 0xFC, 0x00, 0x0B, 0xCB, 0x80, 0x03, 0x80, 0xB4, 0x00, 0x40, 0x04, 0x00, 0x00, 0x00, 0x00,
    0x07, 0xFF, 0x80, 0x0F, 0xEB, 0xFC, 0x0B, 0xC0, 0x2F, 0xC7, 0xE0, 0x03, 0xF6, 0xF4, 0x00, 0x7E,
    0xFC, 0x00, 0x1F, 0xFF, 0x00, 0x03, 0xFF, 0xC0, 0x00, 0xFF, 0xF4, 0x00, 0x7E, 0xBE, 0x00, 0x2F,
    0x4F, 0xD0, 0x0F, 0xC1, 0xFE, 0x5F, 0xC0, 0x1F, 0xFF, 0x80, 0x00, 0x15, 0x00, 0x00, 0x01, 0xA4,
    0x00, 0x00, 0xFF, 0xEE, 0x00, 0xB6, 0xFF, 0x00, 0x00, 0x06, 0x00, 0x00, 0x00, 0x00, 0x00, 0x00,
    0x00, 0x00, 0x1F, 0xFE, 0x00, 0x3F, 0xAF, 0xF0, 0x2F, 0x00, 0xBF, 0x1F, 0x80, 0x0F, 0xDB, 0xD0,
    0x01, 0xFB, 0xF0, 0x00, 0x7F, 0xFC, 0x00, 0x0F, 0xFF, 0x00, 0x03, 0xFF, 0xD0, 0x01, 0xFA, 0xF8,
    0x00, 0xBD, 0x3F, 0x40, 0x3F, 0x07, 0xF9, 0x7F, 0x00, 0x7F, 0xFE, 0x00, 0x00, 0x54, 0x00, 0x02,
    0x80, 0xB4, 0x02, 0xFC, 0x7F, 0x00, 0xBE, 0x1F, 0xC0, 0x06, 0x01, 0x80, 0x00, 0x00, 0x00, 0x00,
    0x00, 0x00, 0x00, 0x1F, 0xFE, 0x00, 0x3F, 0xAF, 0xF0, 0x2F, 0x00, 0xBF, 0x1F, 0x80, 0x0F, 0xDB,
    0xD0, 0x01, 0xFB, 0xF0, 0x00, 0x7F, 0xFC, 0x00, 0x0F, 0xFF, 0x00, 0x03, 0xFF, 0xD0, 0x01, 0xFA,
    0xF8, 0x00, 0xBD, 0x3F, 0x40, 0x3F, 0x07, 0xF9, 0x7F, 0x00, 0x7F, 0xFE, 0x00, 0x00, 0x54, 0x00,
    0x00, 0x04, 0x00, 0x00, 0x3F, 0x00, 0x00, 0x7F, 0x00, 0x00, 0x3D, 0x00, 0x00, 0x00, 0x00, 0x2A,
    0xAA, 0xA9, 0x3F, 0xFF, 0xFE, 0x15, 0x55, 0x54, 0x00, 0x00, 0x00, 0x00, 0x3E, 0x00, 0x00, 0x7F,
    0x00, 0x00, 0x3E, 0x00, 0x00, 0x00, 0x00, 0x00, 0x00, 0x00, 0x00, 0x01, 0xFF, 0xE7, 0x80, 0x3F,
    0xAF, 0xF8, 0x02, 0xF0, 0x0B, 0xF0, 0x1F, 0x80, 0x3F, 0xD0, 0xBD, 0x03, 0xEF, 0x83, 0xF0, 0x3D,
    0x7F, 0x0F, 0xC2, 0xD0, 0xFC, 0x3F, 0x2D, 0x03, 0xF0, 0xFF, 0xE0, 0x1F, 0x81, 0xFE, 0x00, 0xBD,
    0x03, 0xF4, 0x03, 0xF0, 0x1F, 0xF9, 0x7F, 0x00, 0xF6, 0xFF, 0xE0, 0x05, 0x00, 0x54, 0x00, 0x00,
    0x00, 0x14, 0x00, 0x00, 0x00, 0x7C, 0x00, 0x00, 0x00, 0x3F, 0x00, 0x00, 0x00, 0x0F, 0x80, 0x00,
    0x00, 0x02, 0xD0, 0x00, 0x00, 0x00, 0x00, 0x00, 0x00, 0x00, 0x00, 0x00, 0x2B, 0xD0, 0x2B, 0xD0,
    0x7F, 0xD0, 0x3F, 0xE0, 0x0B, 0xD0, 0x0B, 0xE0, 0x07, 0xD0, 0x07, 0xE0, 0x07, 0xD0, 0x07, 0xE0,
    0x07, 0xD0, 0x07, 0xE0, 0x07, 0xD0, 0x07, 0xE0, 0x07, 0xD0, 0x07, 0xE0, 0x07, 0xD0, 0x07, 0xE0,
    0x07, 0xD0, 0x0B, 0xE0, 0x07, 0xF0, 0x1F, 0xE0, 0x03, 0xFE, 0xF7, 0xF8, 0x00, 0xFF, 0xD3, 0xFD,
    0x00, 0x15, 0x00, 0x00, 0x00, 0x00, 0x10, 0x00, 0x00, 0x00, 0xF8, 0x00, 0x00, 0x02, 0xF4, 0x00,
    0x00, 0x07, 0xD0, 0x00, 0x00, 0x0E, 0x00, 0x00, 0x00, 0x04, 0x00, 0x00, 0x00, 0x00, 0x00, 0x00,
    0x2B, 0xD0, 0x2B, 0xD0, 0x7F, 0xD0, 0x3F, 0xE0, 0x0B, 0xD0, 0x0B, 0xE0, 0x07, 0xD0, 0x07, 0xE0,
    0x07, 0xD0, 0x07, 0xE0, 0x07, 0xD0, 0x07, 0xE0, 0x07, 0xD0, 0x07, 0xE0, 0x07, 0xD0, 0x07, 0xE0,
    0x07, 0xD0, 0x07, 0xE0, 0x07, 0xD0, 0x0B, 0xE0, 0x07, 0xF0, 0x1F, 0xE0, 0x03, 0xFE, 0xF7, 0xF8,
    0x00, 0xFF, 0xD3, 0xFD, 0x00, 0x15, 0x00, 0x00, 0x00, 0x02, 0x40, 0x00, 0x00, 0x0F, 0xC0, 0x00,
    0x00, 0x2F, 0xF0, 0x00, 0x00, 0x7C, 0xB8, 0x00, 0x00, 0xE0, 0x1D, 0x00, 0x00, 0x40, 0x04, 0x00,
    0x00, 0x00, 0x00, 0x00, 0x2B, 0xD0, 0x2B, 0xD0, 0x7F, 0xD0, 0x3F, 0xE0, 0x0B, 0xD0, 0x0B, 0xE0,
    0x07, 0xD0, 0x07, 0xE0, 0x07, 0xD0, 0x07, 0xE0, 0x07, 0xD0, 0x07, 0xE0, 0x07, 0xD0, 0x07, 0xE0,
    0x07, 0xD0, 0x07, 0xE0, 0x07, 0xD0, 0x07, 0xE0, 0x07, 0xD0, 0x0B, 0xE0, 0x07, 0xF0, 0x1F, 0xE0,
    0x03, 0xFE, 0xF7, 0xF8, 0x00, 0xFF, 0xD3, 0xFD, 0x00, 0x15, 0x00, 0x00, 0x00, 0xB4, 0x2D, 0x00,
    0x02, 0xFC, 0x7F, 0x00, 0x01, 0xFC, 0x3F, 0x00, 0x00, 0x60, 0x18, 0x00, 0x00, 0x00, 0x00, 0x00,
    0x00, 0x00, 0x00, 0x00, 0x2B, 0xD0, 0x2B, 0xD0, 0x7F, 0xD0, 0x3F, 0xE0, 0x0B, 0xD0, 0x0B, 0xE0,
    0x07, 0xD0, 0x07, 0xE0, 0x07, 0xD0, 0x07, 0xE0, 0x07, 0xD0, 0x07, 0xE0, 0x07, 0xD0, 0x07, 0xE0,
    0x07, 0xD0, 0x07, 0xE0, 0x07, 0xD0, 0x07, 0xE0, 0x07, 0xD0, 0x0B, 0xE0, 0x07, 0xF0, 0x1F, 0xE0,
    0x03, 0xFE, 0xF7, 0xF8, 0x00, 0xFF, 0xD3, 0xFD, 0x00, 0x15, 0x00, 0x00, 0x00, 0x00, 0x10, 0x00,
    0x00, 0x02, 0xF0, 0x00, 0x00, 0x1F, 0x80, 0x00, 0x00, 0xF8, 0x00, 0x00, 0x0F, 0x00, 0x00, 0x00,
    0x10, 0x00, 0x00, 0x00, 0x00, 0x00, 0x1A, 0xAA, 0x0A, 0xA9, 0x7F, 0xF8, 0x2F, 0xF4, 0x3F, 0x00,
    0x0F, 0x00, 0xBD, 0x00, 0x74, 0x00, 0xFC, 0x03, 0xC0, 0x02, 0xF4, 0x0E, 0x00, 0x07, 0xE0, 0xB0,
    0x00, 0x0F, 0xC3, 0x80, 0x00, 0x1F, 0x5D, 0x00, 0x00, 0x3F, 0xF0, 0x00, 0x00, 0xBF, 0x40, 0x00,
    0x00, 0xFC, 0x00, 0x00, 0x02, 0xE0, 0x00, 0x00, 0x0B, 0x00, 0x00, 0x00, 0x38, 0x00, 0x07, 0xC2,
    0xD0, 0x00, 0x2F, 0x5E, 0x00, 0x00, 0xBF, 0xF0, 0x00, 0x00, 0x69, 0x00, 0x00, 0x00, 0x00, 0x00,
    0x00, 0x02, 0xFF, 0x00, 0x00, 0x06, 0xFC, 0x00, 0x00, 0x02, 0xF0, 0x00, 0x00, 0x0B, 0xC0, 0x00,
    0x00, 0x2F, 0x00, 0x00, 0x00, 0xBC, 0x00, 0x00, 0x02, 0xF0, 0xFF, 0x80, 0x0B, 0xDF, 0xFF, 0xC0,
    0x2F, 0xD0, 0x3F, 0x80, 0xBE, 0x00, 0x7F, 0x02, 0xF4, 0x00, 0xFC, 0x0B, 0xC0, 0x03, 0xF4, 0x2F,
    0x00, 0x0F, 0xD0, 0xBC, 0x00, 0x3F, 0x02, 0xF0, 0x00, 0xFC, 0x0B, 0xC0, 0x03, 0xF0, 0x2F, 0x40,
    0x3F, 0x40, 0xBF, 0xEB, 0xF8, 0x02, 0xFF, 0xFF, 0x80, 0x0B, 0xC0, 0x40, 0x00, 0x2F, 0x00, 0x00,
    0x00, 0xBC, 0x00, 0x00, 0x03, 0xF4, 0x00, 0x00, 0xBF, 0xFD, 0x00, 0x00, 0x55, 0x50, 0x00, 0x00,
    0x00, 0xB4, 0x1E, 0x00, 0x07, 0xF0, 0xFD, 0x00, 0x0F, 0xC3, 0xF4, 0x00, 0x19, 0x02, 0x40, 0x00,
    0x00, 0x00, 0x00, 0x00, 0x00, 0x00, 0x06, 0xAA, 0x82, 0xAA, 0x5F, 0xFE, 0x0B, 0xFD, 0x0F, 0xC0,
    0x03, 0xC0, 0x2F, 0x40, 0x1D, 0x00, 0x3F, 0x00, 0xF0, 0x00, 0xBD, 0x03, 0x80, 0x01, 0xF8, 0x2C,
    0x00, 0x03, 0xF0, 0xE0, 0x00, 0x07, 0xD7, 0x40, 0x00, 0x0F, 0xFC, 0x00, 0x00, 0x2F, 0xD0, 0x00,
    0x00, 0x3F, 0x00, 0x00, 0x00, 0xB8, 0x00, 0x00, 0x02, 0xC0, 0x00, 0x00, 0x0E, 0x00, 0x01, 0xF0,
    0xB4, 0x00, 0x0B, 0xD7, 0x80, 0x00, 0x2F, 0xFC, 0x00, 0x00, 0x1A, 0x40, 0x00, 0x00, 0x00, 0x1F,
    0xFF, 0xC0, 0x00, 0x00, 0x7F, 0xFF, 0x00, 0x00, 0x00, 0x00, 0x00, 0x00, 0x00, 0x00, 0x00, 0x00,
    0x00, 0x00, 0x00, 0xA8, 0x00, 0x00, 0x00, 0x0B, 0xF4, 0x00, 0x00, 0x00, 0x3F, 0xE0, 0x00, 0x00,
    0x01, 0xEF, 0xC0, 0x00, 0x00, 0x0B, 0x2F, 0x40, 0x00, 0x00, 0x3C, 0x7E, 0x00, 0x00, 0x01, 0xE0,
    0xFC, 0x00, 0x00, 0x0B, 0x02, 0xF4, 0x00, 0x00, 0x3C, 0x07, 0xE0, 0x00, 0x01, 0xD0, 0x0F, 0xC0,
    0x00, 0x0F, 0x40, 0x2F, 0x40, 0x00, 0x3F, 0xFF, 0xFF, 0x00, 0x01, 0xE5, 0x55, 0xFC, 0x00, 0x0F,
    0x00, 0x02, 0xF8, 0x00, 0x3C, 0x00, 0x07, 0xF0, 0x02, 0xE0, 0x00, 0x0F, 0xD0, 0x6F, 0xD0, 0x01,
    0xBF, 0xE2, 0xFF, 0xD0, 0x0F, 0xFF, 0xC0, 0x0F, 0xFF, 0xC0, 0x07, 0xFF, 0xF0, 0x00, 0x00, 0x00,
    0x00, 0x00, 0x00, 0x00, 0x00, 0x00, 0x00, 0x01, 0xFF, 0xD0, 0x03, 0xE5, 0xFD, 0x02, 0xF0, 0x0F,
    0xC0, 0xBC, 0x02, 0xF0, 0x09, 0x00, 0xBC, 0x00, 0x00, 0x2F, 0x00, 0x1B, 0xFF, 0xC0, 0x3F, 0x96,
    0xF0, 0x2F, 0x40, 0xBC, 0x0F, 0xC0, 0x2F, 0x03, 0xF4, 0x0F, 0xD0, 0x7F, 0xAE, 0xFE, 0x4B, 0xFD,
    0x3F, 0xD0, 0x14, 0x01, 0x40, 0x00, 0x00, 0x00, 0x00, 0x00, 0x00, 0xA0, 0x03, 0x40, 0x00, 0x01,
    0xE0, 0x3C, 0x00, 0x00, 0x03, 0xFF, 0xE0, 0x00, 0x00, 0x03, 0xFE, 0x00, 0x00, 0x00, 0x00, 0x00,
    0x00, 0x00, 0x00, 0x0A, 0x80, 0x00, 0x00, 0x00, 0xBF, 0x40, 0x00, 0x00, 0x03, 0xFE, 0x00, 0x00,
    0x00, 0x1E, 0xFC, 0x00, 0x00, 0x00, 0xB2, 0xF4, 0x00, 0x00, 0x03, 0xC7, 0xE0, 0x00, 0x00, 0x1E,
    0x0F, 0xC0, 0x00, 0x00, 0xB0, 0x2F, 0x40, 0x00, 0x03, 0xC0, 0x7E, 0x00, 0x00, 0x1D, 0x00, 0xFC,
    0x00, 0x00, 0xF4, 0x02, 0xF4, 0x00, 0x03, 0xFF, 0xFF, 0xF0, 0x00, 0x1E, 0x55, 0x5F, 0xC0, 0x00,
    0xF0, 0x00, 0x2F, 0x80, 0x03, 0xC0, 0x00, 0x7F, 0x00, 0x2E, 0x00, 0x00, 0xFD, 0x06, 0xFD, 0x00,
    0x1B, 0xFE, 0x2F, 0xFD, 0x00, 0xFF, 0xFC, 0x00, 0x00, 0x40, 0x07, 0x00, 0x34, 0x00, 0xE0, 0x3C,
    0x00, 0x2F, 0xFE, 0x00, 0x03, 0xFE, 0x00, 0x00, 0x04, 0x00, 0x00, 0x00, 0x00, 0x00, 0x1F, 0xFD,
    0x00, 0x3E, 0x5F, 0xD0, 0x2F, 0x00, 0xFC, 0x0B, 0xC0, 0x2F, 0x00, 0x90, 0x0B, 0xC0, 0x00, 0x02,
    0xF0, 0x01, 0xBF, 0xFC, 0x03, 0xF9, 0x6F, 0x02, 0xF4, 0x0B, 0xC0, 0xFC, 0x02, 0xF0, 0x3F, 0x40,
    0xFD, 0x07, 0xFA, 0xEF, 0xE4, 0xBF, 0xD3, 0xFD, 0x01, 0x40, 0x14, 0x00, 0x00, 0x00, 0xA8, 0x00,
    0x00, 0x00, 0x0B, 0xF4, 0x00, 0x00, 0x00, 0x3F, 0xE0, 0x00, 0x00, 0x01, 0xEF, 0xC0, 0x00, 0x00,
    0x0B, 0x2F, 0x40, 0x00, 0x00, 0x3C, 0x7E, 0x00, 0x00, 0x01, 0xE0, 0xFC, 0x00, 0x00, 0x0B, 0x02,
    0xF4, 0x00, 0x00, 0x3C, 0x07, 0xE0, 0x00, 0x01, 0xD0, 0x0F, 0xC0, 0x00, 0x0F, 0x40, 0x2F, 0x40,
    0x00, 0x3F, 0xFF, 0xFF, 0x00, 0x01, 0xE5, 0x55, 0xFC, 0x00, 0x0F, 0x00, 0x02, 0xF8, 0x00, 0x3C,
    0x00, 0x07, 0xF0, 0x02, 0xE0, 0x00, 0x0F, 0xD0, 0x6F, 0xD0, 0x01, 0xBF, 0xE2, 0xFF, 0xD0, 0x0F,
    0xFF, 0xC0, 0x00, 0x00, 0x01, 0xD0, 0x00, 0x00, 0x00, 0x2E, 0x00, 0x00, 0x00, 0x00, 0xF0, 0x00,
    0x00, 0x00, 0x07, 0xC0, 0x00, 0x00, 0x00, 0x1F, 0xF4, 0x00, 0x00, 0x00, 0x1F, 0x40, 0x00, 0x00,
    0x00, 0x01, 0xFF, 0xD0, 0x03, 0xE5, 0xFD, 0x02, 0xF0, 0x0F, 0xC0, 0xBC, 0x02, 0xF0, 0x09, 0x00,
    0xBC, 0x00, 0x00, 0x2F, 0x00, 0x1B, 0xFF, 0xC0, 0x3F, 0x96, 0xF0, 0x2F, 0x40, 0xBC, 0x0F, 0xC0,
    0x2F, 0x03, 0xF4, 0x0F, 0xD0, 0x7F, 0xAE, 0xFE, 0x4B, 0xFD, 0x3F, 0xD0, 0x14, 0x03, 0x80, 0x00,
    0x03, 0x80, 0x00, 0x03, 0xD0, 0x00, 0x00, 0xF4, 0x00, 0x00, 0x3F, 0xE0, 0x00, 0x06, 0xE0, 0x00,
    0x00, 0x00, 0x00, 0x00, 0x00, 0x3C, 0x00, 0x00, 0x00, 0xFD, 0x00, 0x00, 0x07, 0xF4, 0x00, 0x00,
    0x0F, 0x40, 0x00, 0x00, 0x00, 0x00, 0x00, 0x00, 0x1B, 0xF8, 0x70, 0x01, 0xFF, 0xFF, 0xF4, 0x07,
    0xF4, 0x07, 0xF4, 0x0F, 0xC0, 0x00, 0xF8, 0x3F, 0x40, 0x00, 0x7C, 0x3F, 0x00, 0x00, 0x3C, 0x7E,
    0x00, 0x00, 0x00, 0xBD, 0x00, 0x00, 0x00, 0xFD, 0x00, 0x00, 0x00, 0xFD, 0x00, 0x00, 0x00, 0xBD,
    0x00, 0x00, 0x00, 0xBE, 0x00, 0x00, 0x00, 0x7F, 0x00, 0x00, 0x00, 0x3F, 0x40, 0x00, 0x00, 0x1F,
    0xC0, 0x00, 0x2C, 0x0F, 0xF4, 0x00, 0xB8, 0x02, 0xFF, 0xAF, 0xE0, 0x00, 0x7F, 0xFF, 0x40, 0x00,
    0x01, 0x50, 0x00, 0x00, 0x01, 0x40, 0x00, 0x07, 0xC0, 0x00, 0x0F, 0xC0, 0x00, 0x3F, 0x00, 0x00,
    0xB4, 0x00, 0x00, 0x00, 0x00, 0x00, 0x00, 0x00, 0x01, 0xFF, 0x90, 0x0F, 0xEA, 0xF4, 0x2F, 0x40,
    0xFC, 0x7E, 0x00, 0xFC, 0xBD, 0x00, 0xF8, 0xFC, 0x00, 0x00, 0xFC, 0x00, 0x00, 0xFC, 0x00, 0x00,
    0xFD, 0x00, 0x00, 0xBF, 0x00, 0x00, 0x3F, 0x80, 0x2C, 0x1F, 0xFF, 0xF8, 0x07, 0xFF, 0xD0, 0x00,
    0x14, 0x00, 0x00, 0x00, 0x40, 0x00, 0x00, 0x07, 0xE0, 0x00, 0x00, 0x0F, 0xF8, 0x00, 0x00, 0x3E,
    0x7D, 0x00, 0x00, 0xF4, 0x0B, 0x00, 0x00, 0x00, 0x00, 0x00, 0x00, 0x1B, 0xF8, 0x70, 0x01, 0xFF,
    0xFF, 0xF4, 0x07, 0xF4, 0x07, 0xF4, 0x0F, 0xC0, 0x00, 0xF8, 0x3F, 0x40, 0x00, 0x7C, 0x3F, 0x00,
    0x00, 0x3C, 0x7E, 0x00, 0x00, 0x00, 0xBD, 0x00, 0x00, 0x00, 0xFD, 0x00, 0x00, 0x00, 0xFD, 0x00,
    0x00, 0x00, 0xBD, 0x00, 0x00, 0x00, 0xBE, 0x00, 0x00, 0x00, 0x7F, 0x00, 0x00, 0x00, 0x3F, 0x40,
    0x00, 0x00, 0x1F, 0xC0, 0x00, 0x2C, 0x0F, 0xF4, 0x00, 0xB8, 0x02, 0xFF, 0xAF, 0xE0, 0x00, 0x7F,
    0xFF, 0x40, 0x00, 0x01, 0x50, 0x00, 0x00, 0x18, 0x00, 0x00, 0x7E, 0x00, 0x00, 0xFF, 0x80, 0x03,
    0xE3, 0xD0, 0x0B, 0x40, 0xF0, 0x00, 0x00, 0x10, 0x00, 0x00, 0x00, 0x01, 0xFF, 0x90, 0x0F, 0xEA,
    0xF4, 0x2F, 0x40, 0xFC, 0x7E, 0x00, 0xFC, 0xBD, 0x00, 0xF8, 0xFC, 0x00, 0x00, 0xFC, 0x00, 0x00,
    0xFC, 0x00, 0x00, 0xFD, 0x00, 0x00, 0xBF, 0x00, 0x00, 0x3F, 0x80, 0x2C, 0x1F, 0xFF, 0xF8, 0x07,
    0xFF, 0xD0, 0x00, 0x14, 0x00, 0x00, 0x03, 0xD0, 0x00, 0x00, 0x0B, 0xF0, 0x00, 0x00, 0x0B, 0xF0,
    0x00, 0x00, 0x02, 0x80, 0x00, 0x00, 0x00, 0x00, 0x00, 0x00, 0x1B, 0xF8, 0x70, 0x01, 0xFF, 0xFF,
    0xF4, 0x07, 0xF4, 0x07, 0xF4, 0x0F, 0xC0, 0x00, 0xF8, 0x3F, 0x40, 0x00, 0x7C, 0x3F, 0x00, 0x00,
    0x3C, 0x7E, 0x00, 0x00, 0x00, 0xBD, 0x00, 0x00, 0x00, 0xFD, 0x00, 0x00, 0x00, 0xFD, 0x00, 0x00,
    0x00, 0xBD, 0x00, 0x00, 0x00, 0xBE, 0x00, 0x00, 0x00, 0x7F, 0x00, 0x00, 0x00, 0x3F, 0x40, 0x00,
    0x00, 0x1F, 0xC0, 0x00, 0x2C, 0x0F, 0xF4, 0x00, 0xB8, 0x02, 0xFF, 0xAF, 0xE0, 0x00, 0x7F, 0xFF,
    0x40, 0x00, 0x01, 0x50, 0x00, 0x00, 0x3E, 0x00, 0x00, 0xBF, 0x00, 0x00, 0xBF, 0x00, 0x00, 0x28,
    0x00, 0x00, 0x00, 0x00, 0x00, 0x00, 0x00, 0x01, 0xFF, 0x90, 0x0F, 0xEA, 0xF4, 0x2F, 0x40, 0xFC,
    0x7E, 0x00, 0xFC, 0xBD, 0x00, 0xF8, 0xFC, 0x00, 0x00, 0xFC, 0x00, 0x00, 0xFC, 0x00, 0x00, 0xFD,
    0x00, 0x00, 0xBF, 0x00, 0x00, 0x3F, 0x80, 0x2C, 0x1F, 0xFF, 0xF8, 0x07, 0xFF, 0xD0, 0x00, 0x14,
    0x00, 0x00, 0x40, 0x01, 0x00, 0x00, 0xB8, 0x1F, 0x00, 0x00, 0x2F, 0xBC, 0x00, 0x00, 0x0F, 0xF4,
    0x00, 0x00, 0x03, 0xD0, 0x00, 0x00, 0x00, 0x00, 0x00, 0x00, 0x1B, 0xF8, 0x70, 0x01, 0xFF, 0xFF,
    0xF4, 0x07, 0xF4, 0x07, 0xF4, 0x0F, 0xC0, 0x00, 0xF8, 0x3F, 0x40, 0x00, 0x7C, 0x3F, 0x00, 0x00,
    0x3C, 0x7E, 0x00, 0x00, 0x00, 0xBD, 0x00, 0x00, 0x00, 0xFD, 0x00, 0x00, 0x00, 0xFD, 0x00, 0x00,
    0x00, 0xBD, 0x00, 0x00, 0x00, 0xBE, 0x00, 0x00, 0x00, 0x7F, 0x00, 0x00, 0x00, 0x3F, 0x40, 0x00,
    0x00, 0x1F, 0xC0, 0x00, 0x2C, 0x0F, 0xF4, 0x00, 0xB8, 0x02, 0xFF, 0xAF, 0xE0, 0x00, 0x7F, 0xFF,
    0x40, 0x00, 0x01, 0x50, 0x00, 0x05, 0x00, 0x10, 0x07, 0x40, 0xF0, 0x02, 0xE7, 0xC0, 0x00, 0xFF,
    0x40, 0x00, 0x3E, 0x00, 0x00, 0x14, 0x00, 0x00, 0x00, 0x00, 0x01, 0xFF, 0x90, 0x0F, 0xEA, 0xF4,
    0x2F, 0x40, 0xFC, 0x7E, 0x00, 0xFC, 0xBD, 0x00, 0xF8, 0xFC, 0x00, 0x00, 0xFC, 0x00, 0x00, 0xFC,
    0x00, 0x00, 0xFD, 0x00, 0x00, 0xBF, 0x00, 0x00, 0x3F, 0x80, 0x2C, 0x1F, 0xFF, 0xF8, 0x07, 0xFF,
    0xD0, 0x00, 0x14, 0x00, 0x00, 0x40, 0x01, 0x00, 0x00, 0x0F, 0x41, 0xF0, 0x00, 0x00, 0x3F, 0xFC,
    0x00, 0x00, 0x00, 0xFF, 0x00, 0x00, 0x00, 0x03, 0xC0, 0x00, 0x00, 0x00, 0x00, 0x00, 0x00, 0x6A,
    0xAA, 0x94, 0x00, 0x07, 0xFF, 0xFF, 0xFD, 0x00, 0x0B, 0xE0, 0x1B, 0xF8, 0x00, 0x7E, 0x00, 0x0F,
    0xD0, 0x07, 0xE0, 0x00, 0x7F, 0x00, 0x7E, 0x00, 0x03, 0xF8, 0x07, 0xE0, 0x00, 0x1F, 0xC0, 0x7E,
    0x00, 0x01, 0xFC, 0x07, 0xE0, 0x00, 0x0F, 0xC0, 0x7E, 0x00, 0x00, 0xFC, 0x07, 0xE0, 0x00, 0x1F,
    0xC0, 0x7E, 0x00, 0x01, 0xF8, 0x07, 0xE0, 0x00, 0x2F, 0x40, 0x7E, 0x00, 0x03, 0xF0, 0x07, 0xE0,
    0x00, 0xBD, 0x00, 0x7E, 0x00, 0x3F, 0x40, 0x2F, 0xFA, 0xBF, 0xD0, 0x0B, 0xFF, 0xFF, 0x90, 0x00,
    0x00, 0x00, 0x00, 0x05, 0x00, 0x00, 0xFF, 0xCB, 0xD0, 0x00, 0x1B, 0xF1, 0xF4, 0x00, 0x00, 0xFC,
    0x2D, 0x00, 0x00, 0x3F, 0x0F, 0x00, 0x00, 0x0F, 0xC7, 0x00, 0x00, 0x03, 0xF0, 0x40, 0x07, 0xFE,
    0xFC, 0x00, 0x0F, 0xFF, 0xFF, 0x00, 0x0B, 0xD0, 0x1F, 0xC0, 0x07, 0xE0, 0x03, 0xF0, 0x02, 0xF4,
    0x00, 0xFC, 0x00, 0xFC, 0x00, 0x3F, 0x00, 0x3F, 0x00, 0x0F, 0xC0, 0x0F, 0xC0, 0x03, 0xF0, 0x03,
    0xF4, 0x00, 0xFC, 0x00, 0xBE, 0x00, 0x3F, 0x00, 0x1F, 0xC0, 0x2F, 0xC0, 0x02, 0xFE, 0xBE, 0xF9,
    0x00, 0x2F, 0xFC, 0x7F, 0xC0, 0x00, 0x50, 0x00, 0x00, 0x00, 0x1A, 0xAA, 0xA5, 0x00, 0x00, 0x7F,
    0xFF, 0xFF, 0xD0, 0x00, 0x2F, 0x80, 0x6F, 0xE0, 0x00, 0x7E, 0x00, 0x0F, 0xD0, 0x01, 0xF8, 0x00,
    0x1F, 0xC0, 0x07, 0xE0, 0x00, 0x3F, 0x80, 0x1F, 0x80, 0x00, 0x7F, 0x00, 0x7E, 0x00, 0x01, 0xFC,
    0x3F, 0xFF, 0xF8, 0x03, 0xF1, 0xFF, 0xFF, 0xE0, 0x0F, 0xC0, 0x1F, 0x80, 0x00, 0x7F, 0x00, 0x7E,
    0x00, 0x01, 0xF8, 0x01, 0xF8, 0x00, 0x0B, 0xD0, 0x07, 0xE0, 0x00, 0x3F, 0x00, 0x1F, 0x80, 0x02,
    0xF4, 0x00, 0x7E, 0x00, 0x3F, 0x40, 0x0B, 0xFE, 0xAF, 0xF4, 0x00, 0xBF, 0xFF, 0xF9, 0x00, 0x00,
    0x00, 0x00, 0x00, 0x00, 0x00, 0x0F, 0xFC, 0x00, 0x00, 0x1B, 0xF0, 0x00, 0x00, 0x0F, 0xC0, 0x00,
    0x2A, 0xBF, 0xA0, 0x00, 0xFF, 0xFF, 0xC0, 0x00, 0x03, 0xF0, 0x00, 0x7F, 0xEF, 0xC0, 0x0F, 0xFF,
    0xFF, 0x00, 0xBD, 0x01, 0xFC, 0x07, 0xE0, 0x03, 0xF0, 0x2F, 0x40, 0x0F, 0xC0, 0xFC, 0x00, 0x3F,
    0x03, 0xF0, 0x00, 0xFC, 0x0F, 0xC0, 0x03, 0xF0, 0x3F, 0x40, 0x0F, 0xC0, 0xBE, 0x00, 0x3F, 0x01,
    0xFC, 0x02, 0xFC, 0x02, 0xFE, 0xBE, 0xF9, 0x02, 0xFF, 0xC7, 0xFC, 0x00, 0x50, 0x00, 0x00, 0x02,
    0xFF, 0xFC, 0x00, 0x2F, 0xFF, 0xC0, 0x00, 0x00, 0x00, 0x00, 0x00, 0x00, 0x00, 0x6A, 0xAA, 0xAA,
    0x47, 0xFF, 0xFF, 0xF8, 0x0B, 0xE0, 0x0B, 0xC0, 0x7E, 0x00, 0x3C, 0x07, 0xE0, 0x01, 0xD0, 0x7E,
    0x00, 0x00, 0x07, 0xE0, 0x1C, 0x00, 0x7E, 0x02, 0xC0, 0x07, 0xFF, 0xFC, 0x00, 0x7F, 0xFF, 0xC0,
    0x07, 0xE0, 0x3C, 0x00, 0x7E, 0x01, 0xC0, 0x07, 0xE0, 0x00, 0x00, 0x7E, 0x00, 0x0A, 0x07, 0xE0,
    0x00, 0xF0, 0x7E, 0x00, 0x2E, 0x2F, 0xFA, 0xAF, 0xEB, 0xFF, 0xFF, 0xFD, 0x07, 0xFF, 0xE0, 0x0B,
    0xFF, 0xF0, 0x00, 0x00, 0x00, 0x00, 0x00, 0x00, 0x00, 0x00, 0x00, 0x01, 0xFF, 0x80, 0x0F, 0xE7,
    0xF4, 0x2F, 0x00, 0xFC, 0x7D, 0x00, 0xBC, 0xBC, 0x00, 0xBD, 0xFE, 0xAA, 0xFC, 0xFF, 0xFF, 0xFC,
    0xFC, 0x00, 0x00, 0xFD, 0x00, 0x00, 0x7F, 0x00, 0x00, 0x3F, 0x80, 0x2C, 0x1F, 0xFF, 0xF8, 0x07,
    0xFF, 0xD0, 0x00, 0x14, 0x00, 0x01, 0x00, 0x04, 0x00, 0x38, 0x00, 0xC0, 0x02, 0xD0, 0x7C, 0x00,
    0x0F, 0xFF, 0x40, 0x00, 0x7F, 0xD0, 0x00, 0x00, 0x00, 0x00, 0x6A, 0xAA, 0xAA, 0x47, 0xFF, 0xFF,
    0xF8, 0x0B, 0xE0, 0x0B, 0xC0, 0x7E, 0x00, 0x3C, 0x07, 0xE0, 0x01, 0xD0, 0x7E, 0x00, 0x00, 0x07,
    0xE0, 0x1C, 0x00, 0x7E, 0x02, 0xC0, 0x07, 0xFF, 0xFC, 0x00, 0x7F, 0xFF, 0xC0, 0x07, 0xE0, 0x3C,
    0x00, 0x7E, 0x01, 0xC0, 0x07, 0xE0, 0x00, 0x00, 0x7E, 0x00, 0x0A, 0x07, 0xE0, 0x00, 0xF0, 0x7E,
    0x00, 0x2E, 0x2F, 0xFA, 0xAF, 0xEB, 0xFF, 0xFF, 0xFD, 0x00, 0x00, 0x10, 0x0A, 0x00, 0x70, 0x07,
    0x40, 0xE0, 0x03, 0xFF, 0xC0, 0x01, 0xFF, 0x40, 0x00, 0x14, 0x00, 0x00, 0x00, 0x00, 0x01, 0xFF,
    0x80, 0x0F, 0xE7, 0xF4, 0x2F, 0x00, 0xFC, 0x7D, 0x00, 0xBC, 0xBC, 0x00, 0xBD, 0xFE, 0xAA, 0xFC,
    0xFF, 0xFF, 0xFC, 0xFC, 0x00, 0x00, 0xFD, 0x00, 0x00, 0x7F, 0x00, 0x00, 0x3F, 0x80, 0x2C, 0x1F,
    0xFF, 0xF8, 0x07, 0xFF, 0xD0, 0x00, 0x14, 0x00, 0x00, 0x0F, 0x40, 0x00, 0x03, 0xFC, 0x00, 0x00,
    0x2F, 0xC0, 0x00, 0x00, 0xA0, 0x00, 0x00, 0x00, 0x00, 0x06, 0xAA, 0xAA, 0xA4, 0x7F, 0xFF, 0xFF,
    0x80, 0xBE, 0x00, 0xBC, 0x07, 0xE0, 0x03, 0xC0, 0x7E, 0x00, 0x1D, 0x07, 0xE0, 0x00, 0x00, 0x7E,
    0x01, 0xC0, 0x07, 0xE0, 0x2C, 0x00, 0x7F, 0xFF, 0xC0, 0x07, 0xFF, 0xFC, 0x00, 0x7E, 0x03, 0xC0,
    0x07, 0xE0, 0x1C, 0x00, 0x7E, 0x00, 0x00, 0x07, 0xE0, 0x00, 0xA0, 0x7E, 0x00, 0x0F, 0x07, 0xE0,
    0x02, 0xE2, 0xFF, 0xAA, 0xFE, 0xBF, 0xFF, 0xFF, 0xD0, 0x00, 0x7D, 0x00, 0x00, 0xFF, 0x00, 0x00,
    0xBF, 0x00, 0x00, 0x28, 0x00, 0x00, 0x00, 0x00, 0x00, 0x00, 0x00, 0x01, 0xFF, 0x80, 0x0F, 0xE7,
    0xF4, 0x2F, 0x00, 0xFC, 0x7D, 0x00, 0xBC, 0xBC, 0x00, 0xBD, 0xFE, 0xAA, 0xFC, 0xFF, 0xFF, 0xFC,
    0xFC, 0x00, 0x00, 0xFD, 0x00, 0x00, 0x7F, 0x00, 0x00, 0x3F, 0x80, 0x2C, 0x1F, 0xFF, 0xF8, 0x07,
    0xFF, 0xD0, 0x00, 0x14, 0x00, 0x6A, 0xAA, 0xAA, 0x47, 0xFF, 0xFF, 0xF8, 0x0B, 0xE0, 0x0B, 0xC0,
    0x7E, 0x00, 0x3C, 0x07, 0xE0, 0x01, 0xD0, 0x7E, 0x00, 0x00, 0x07, 0xE0, 0x1C, 0x00, 0x7E, 0x02,
    0xC0, 0x07, 0xFF, 0xFC, 0x00, 0x7F, 0xFF, 0xC0, 0x07, 0xE0, 0x3C, 0x00, 0x7E, 0x01, 0xC0, 0x07,
    0xE0, 0x00, 0x00, 0x7E, 0x00, 0x0A, 0x07, 0xE0, 0x00, 0xF0, 0x7E, 0x00, 0x2E, 0x2F, 0xFA, 0xAF,
    0xEB, 0xFF, 0xFF, 0xFD, 0x00, 0x00, 0x0B, 0x40, 0x00, 0x03, 0xD0, 0x00, 0x00, 0xB8, 0x00, 0x00,
    0x0F, 0x80, 0x00, 0x00, 0xBF, 0xC0, 0x00, 0x02, 0xE4, 0x00, 0x00, 0x00, 0x01, 0xFF, 0x80, 0x0F,
    0xE7, 0xF4, 0x2F, 0x00, 0xFC, 0x7D, 0x00, 0xBC, 0xBC, 0x00, 0xBD, 0xFE, 0xAA, 0xFC, 0xFF, 0xFF,
    0xFC, 0xFC, 0x00, 0x00, 0xFD, 0x00, 0x00, 0x7F, 0x00, 0x00, 0x3F, 0x80, 0x2C, 0x1F, 0xFF, 0xF8,
    0x07, 0xFF, 0xD0, 0x00, 0x1B, 0x40, 0x00, 0x1E, 0x00, 0x00, 0x3C, 0x00, 0x00, 0x7C, 0x00, 0x00,
    0x7F, 0xE0, 0x00, 0x1F, 0x40, 0x01, 0x00, 0x04, 0x00, 0x2E, 0x07, 0xC0, 0x00, 0xFE, 0xF0, 0x00,
    0x03, 0xFC, 0x00, 0x00, 0x0F, 0x40, 0x00, 0x00, 0x00, 0x00, 0x6A, 0xAA, 0xAA, 0x47, 0xFF, 0xFF,
    0xF8, 0x0B, 0xE0, 0x0B, 0xC0, 0x7E, 0x00, 0x3C, 0x07, 0xE0, 0x01, 0xD0, 0x7E, 0x00, 0x00, 0x07,
    0xE0, 0x1C, 0x00, 0x7E, 0x02, 0xC0, 0x07, 0xFF, 0xFC, 0x00, 0x7F, 0xFF, 0xC0, 0x07, 0xE0, 0x3C,
    0x00, 0x7E, 0x01, 0xC0, 0x07, 0xE0, 0x00, 0x00, 0x7E, 0x00, 0x0A, 0x07, 0xE0, 0x00, 0xF0, 0x7E,
    0x00, 0x2E, 0x2F, 0xFA, 0xAF, 0xEB, 0xFF, 0xFF, 0xFD, 0x04, 0x00, 0x10, 0x0B, 0x40, 0xF0, 0x03,
    0xE7, 0xC0, 0x00, 0xFF, 0x40, 0x00, 0x7E, 0x00, 0x00, 0x14, 0x00, 0x00, 0x00, 0x00, 0x01, 0xFF,
    0x80, 0x0F, 0xE7, 0xF4, 0x2F, 0x00, 0xFC, 0x7D, 0x00, 0xBC, 0xBC, 0x00, 0xBD, 0xFE, 0xAA, 0xFC,
    0xFF, 0xFF, 0xFC, 0xFC, 0x00, 0x00, 0xFD, 0x00, 0x00, 0x7F, 0x00, 0x00, 0x3F, 0x80, 0x2C, 0x1F,
    0xFF, 0xF8, 0x07, 0xFF, 0xD0, 0x00, 0x14, 0x00, 0x00, 0x00, 0x40, 0x00, 0x00, 0x00, 0x3F, 0x00,
    0x00, 0x00, 0x0F, 0xF8, 0x00, 0x00, 0x03, 0xE7, 0xE0, 0x00, 0x00, 0xB4, 0x0B, 0x40, 0x00, 0x00,
    0x00, 0x00, 0x00, 0x00, 0x1B, 0xF8, 0x30, 0x00, 0x1F, 0xFF, 0xFB, 0x40, 0x07, 0xF4, 0x07, 0xF8,
    0x00, 0xFC, 0x00, 0x0F, 0xC0, 0x3F, 0x40, 0x00, 0x3C, 0x03, 0xF0, 0x00, 0x02, 0xC0, 0x7E, 0x00,
    0x00, 0x00, 0x0B, 0xE0, 0x00, 0x00, 0x00, 0xFD, 0x00, 0x00, 0x00, 0x0F, 0xD0, 0x00, 0x55, 0x54,
    0xBD, 0x00, 0x0F, 0xFF, 0xCB, 0xE0, 0x00, 0x0F, 0xD0, 0x7F, 0x00, 0x00, 0xBC, 0x03, 0xF4, 0x00,
    0x0B, 0xC0, 0x2F, 0xC0, 0x00, 0xBC, 0x00, 0xFF, 0x00, 0x1F, 0xC0, 0x03, 0xFF, 0xAF, 0xFC, 0x00,
    0x0B, 0xFF, 0xE2, 0xC0, 0x00, 0x01, 0x40, 0x00, 0x00, 0x00, 0x18, 0x00, 0x00, 0x01, 0xF8, 0x00,
    0x00, 0x0F, 0xF8, 0x00, 0x00, 0xB8, 0xF4, 0x00, 0x07, 0x40, 0xB0, 0x00, 0x00, 0x00, 0x07, 0x80,
    0x00, 0x00, 0x7F, 0x40, 0x7F, 0xF7, 0x7C, 0x0B, 0xE6, 0xFC, 0x00, 0x7D, 0x01, 0xF8, 0x03, 0xF0,
    0x03, 0xF0, 0x0F, 0xC0, 0x0F, 0xC0, 0x3F, 0x00, 0x3F, 0x00, 0x7F, 0x02, 0xF4, 0x00, 0xBF, 0xFF,
    0x80, 0x01, 0xEB, 0xA0, 0x00, 0x0F, 0x00, 0x00, 0x00, 0xBD, 0x00, 0x00, 0x01, 0xFF, 0xFF, 0xF4,
    0x01, 0xFF, 0xFF, 0xF0, 0x1F, 0x55, 0x5F, 0xD0, 0xF4, 0x00, 0x2F, 0x47, 0xD0, 0x00, 0xBC, 0x1F,
    0xC0, 0x0B, 0xE0, 0x2F, 0xFF, 0xFE, 0x00, 0x06, 0xAA, 0x40, 0x00, 0x00, 0x00, 0x00, 0x00, 0x00,
    0x0A, 0x00, 0x34, 0x00, 0x00, 0x78, 0x0F, 0x00, 0x00, 0x03, 0xFF, 0xE0, 0x00, 0x00, 0x0F, 0xF8,
    0x00, 0x00, 0x00, 0x00, 0x00, 0x00, 0x00, 0x1B, 0xF8, 0x30, 0x00, 0x1F, 0xFF, 0xFB, 0x40, 0x07,
    0xF4, 0x07, 0xF8, 0x00, 0xFC, 0x00, 0x0F, 0xC0, 0x3F, 0x40, 0x00, 0x3C, 0x03, 0xF0, 0x00, 0x02,
    0xC0, 0x7E, 0x00, 0x00, 0x00, 0x0B, 0xE0, 0x00, 0x00, 0x00, 0xFD, 0x00, 0x00, 0x00, 0x0F, 0xD0,
    0x00, 0x55, 0x54, 0xBD, 0x00, 0x0F, 0xFF, 0xCB, 0xE0, 0x00, 0x0F, 0xD0, 0x7F, 0x00, 0x00, 0xBC,
    0x03, 0xF4, 0x00, 0x0B, 0xC0, 0x2F, 0xC0, 0x00, 0xBC, 0x00, 0xFF, 0x00, 0x1F, 0xC0, 0x03, 0xFF,
    0xAF, 0xFC, 0x00, 0x0B, 0xFF, 0xE2, 0xC0, 0x00, 0x01, 0x40, 0x00, 0x00, 0x01, 0x00, 0x00, 0x00,
    0x0C, 0x00, 0xE0, 0x00, 0x3C, 0x0B, 0x00, 0x00, 0x7F, 0xFC, 0x00, 0x00, 0xBF, 0xC0, 0x00, 0x00,
    0x10, 0x07, 0x80, 0x00, 0x00, 0x7F, 0x40, 0x7F, 0xF7, 0x7C, 0x0B, 0xE6, 0xFC, 0x00, 0x7D, 0x01,
    0xF8, 0x03, 0xF0, 0x03, 0xF0, 0x0F, 0xC0, 0x0F, 0xC0, 0x3F, 0x00, 0x3F, 0x00, 0x7F, 0x02, 0xF4,
    0x00, 0xBF, 0xFF, 0x80, 0x01, 0xEB, 0xA0, 0x00, 0x0F, 0x00, 0x00, 0x00, 0xBD, 0x00, 0x00, 0x01,
    0xFF, 0xFF, 0xF4, 0x01, 0xFF, 0xFF, 0xF0, 0x1F, 0x55, 0x5F, 0xD0, 0xF4, 0x00, 0x2F, 0x47, 0xD0,
    0x00, 0xBC, 0x1F, 0xC0, 0x0B, 0xE0, 0x2F, 0xFF, 0xFE, 0x00, 0x06, 0xAA, 0x40, 0x00, 0x00, 0x03,
    0xE0, 0x00, 0x00, 0x00, 0xBF, 0x00, 0x00, 0x00, 0x07, 0xF0, 0x00, 0x00, 0x00, 0x29, 0x00, 0x00,
    0x00, 0x00, 0x00, 0x00, 0x00, 0x01, 0xBF, 0x83, 0x00, 0x01, 0xFF, 0xFF, 0xB4, 0x00, 0x7F, 0x40,
    0x7F, 0x80, 0x0F, 0xC0, 0x00, 0xFC, 0x03, 0xF4, 0x00, 0x03, 0xC0, 0x3F, 0x00, 0x00, 0x2C, 0x07,
    0xE0, 0x00, 0x00, 0x00, 0xBE, 0x00, 0x00, 0x00, 0x0F, 0xD0, 0x00, 0x00, 0x00, 0xFD, 0x00, 0x05,
    0x55, 0x4B, 0xD0, 0x00, 0xFF, 0xFC, 0xBE, 0x00, 0x00, 0xFD, 0x07, 0xF0, 0x00, 0x0B, 0xC0, 0x3F,
    0x40, 0x00, 0xBC, 0x02, 0xFC, 0x00, 0x0B, 0xC0, 0x0F, 0xF0, 0x01, 0xFC, 0x00, 0x3F, 0xFA, 0xFF,
    0xC0, 0x00, 0xBF, 0xFE, 0x2C, 0x00, 0x00, 0x14, 0x00, 0x00, 0x00, 0x2F, 0x00, 0x00, 0x01, 0xFD,
    0x00, 0x00, 0x03, 0xF4, 0x00, 0x00, 0x06, 0x40, 0x00, 0x00, 0x00, 0x01, 0xE0, 0x00, 0x00, 0x1F,
    0xD0, 0x1F, 0xFD, 0xDF, 0x02, 0xF9, 0xBF, 0x00, 0x1F, 0x40, 0x7E, 0x00, 0xFC, 0x00, 0xFC, 0x03,
    0xF0, 0x03, 0xF0, 0x0F, 0xC0, 0x0F, 0xC0, 0x1F, 0xC0, 0xBD, 0x00, 0x2F, 0xFF, 0xE0, 0x00, 0x7A,
    0xE8, 0x00, 0x03, 0xC0, 0x00, 0x00, 0x2F, 0x40, 0x00, 0x00, 0x7F, 0xFF, 0xFD, 0x00, 0x7F, 0xFF,
    0xFC, 0x07, 0xD5, 0x57, 0xF4, 0x3D, 0x00, 0x0B, 0xD1, 0xF4, 0x00, 0x2F, 0x07, 0xF0, 0x02, 0xF8,
    0x0B, 0xFF, 0xFF, 0x80, 0x01, 0xAA, 0x90, 0x00, 0x00, 0x1B, 0xF8, 0x30, 0x00, 0x1F, 0xFF, 0xFB,
    0x40, 0x07, 0xF4, 0x07, 0xF8, 0x00, 0xFC, 0x00, 0x0F, 0xC0, 0x3F, 0x40, 0x00, 0x3C, 0x03, 0xF0,
    0x00, 0x02, 0xC0, 0x7E, 0x00, 0x00, 0x00, 0x0B, 0xE0, 0x00, 0x00, 0x00, 0xFD, 0x00, 0x00, 0x00,
    0x0F, 0xD0, 0x00, 0x55, 0x54, 0xBD, 0x00, 0x0F, 0xFF, 0xCB, 0xE0, 0x00, 0x0F, 0xD0, 0x7F, 0x00,
    0x00, 0xBC, 0x03, 0xF4, 0x00, 0x0B, 0xC0, 0x2F, 0xC0, 0x00, 0xBC, 0x00, 0xFF, 0x00, 0x1F, 0xC0,
    0x03, 0xFF, 0xAF, 0xFC, 0x00, 0x0B, 0xFF, 0xE2, 0xC0, 0x00, 0x01, 0x40, 0x00, 0x00, 0x00, 0x18,
    0x00, 0x00, 0x00, 0x07, 0xF0, 0x00, 0x00, 0x00, 0x7F, 0x00, 0x00, 0x00, 0x00, 0xF0, 0x00, 0x00,
    0x00, 0x1D, 0x00, 0x00, 0x00, 0x03, 0x40, 0x00, 0x00, 0x00, 0x00, 0x00, 0x00, 0x00, 0x06, 0x00,
    0x00, 0x00, 0x74, 0x00, 0x00, 0x03, 0xC0, 0x00, 0x00, 0x0F, 0xC0, 0x00, 0x00, 0x3F, 0x00, 0x00,
    0x00, 0x24, 0x07, 0x80, 0x00, 0x00, 0x7F, 0x40, 0x7F, 0xF7, 0x7C, 0x0B, 0xE6, 0xFC, 0x00, 0x7D,
    0x01, 0xF8, 0x03, 0xF0, 0x03, 0xF0, 0x0F, 0xC0, 0x0F, 0xC0, 0x3F, 0x00, 0x3F, 0x00, 0x7F, 0x02,
    0xF4, 0x00, 0xBF, 0xFF, 0x80, 0x01, 0xEB, 0xA0, 0x00, 0x0F, 0x00, 0x00, 0x00, 0xBD, 0x00, 0x00,
    0x01, 0xFF, 0xFF, 0xF4, 0x01, 0xFF, 0xFF, 0xF0, 0x1F, 0x55, 0x5F, 0xD0, 0xF4, 0x00, 0x2F, 0x47,
    0xD0, 0x00, 0xBC, 0x1F, 0xC0, 0x0B, 0xE0, 0x2F, 0xFF, 0xFE, 0x00, 0x06, 0xAA, 0x40, 0x00, 0x00,
    0x00, 0x10, 0x00, 0x00, 0x00, 0x03, 0xF0, 0x00, 0x00, 0x00, 0x3F, 0xF0, 0x00, 0x00, 0x02, 0xF7,
    0xE0, 0x00, 0x00, 0x1D, 0x01, 0xD0, 0x00, 0x00, 0x00, 0x00, 0x00, 0x06, 0xAA, 0x90, 0x1A, 0xAA,
    0x5F, 0xFF, 0x80, 0xBF, 0xFD, 0x0B, 0xE0, 0x00, 0x2F, 0x80, 0x1F, 0x80, 0x00, 0xBD, 0x00, 0x7E,
    0x00, 0x02, 0xF4, 0x01, 0xF8, 0x00, 0x0B, 0xD0, 0x07, 0xE0, 0x00, 0x2F, 0x40, 0x1F, 0x80, 0x00,
    0xBD, 0x00, 0x7F, 0xFF, 0xFF, 0xF4, 0x01, 0xFF, 0xFF, 0xFF, 0xD0, 0x07, 0xE0, 0x00, 0x2F, 0x40,
    0x1F, 0x80, 0x00, 0xBD, 0x00, 0x7E, 0x00, 0x02, 0xF4, 0x01, 0xF8, 0x00, 0x0B, 0xD0, 0x07, 0xE0,
    0x00, 0x2F, 0x40, 0x1F, 0x80, 0x00, 0xBD, 0x02, 0xFF, 0x90, 0x1B, 0xFE, 0x2F, 0xFF, 0x80, 0xBF,
    0xFE, 0x00, 0x40, 0x00, 0x00, 0x00, 0x2F, 0x00, 0x00, 0x00, 0x0B, 0xFC, 0x00, 0x00, 0x02, 0xF6,
    0xF0, 0x00, 0x00, 0x78, 0x07, 0x80, 0x00, 0x00, 0x00, 0x00, 0x00, 0x00, 0x0F, 0xFC, 0x00, 0x00,
    0x00, 0xBF, 0xC0, 0x00, 0x00, 0x00, 0xFC, 0x00, 0x00, 0x00, 0x0F, 0xC0, 0x00, 0x00, 0x00, 0xFC,
    0x00, 0x00, 0x00, 0x0F, 0xC0, 0x00, 0x00, 0x00, 0xFC, 0x7F, 0xD0, 0x00, 0x0F, 0xEF, 0xFF, 0x40,
    0x00, 0xFF, 0x41, 0xFC, 0x00, 0x0F, 0xD0, 0x0F, 0xC0, 0x00, 0xFC, 0x00, 0xBC, 0x00, 0x0F, 0xC0,
    0x0B, 0xC0, 0x00, 0xFC, 0x00, 0xBC, 0x00, 0x0F, 0xC0, 0x0B, 0xC0, 0x00, 0xFC, 0x00, 0xBC, 0x00,
    0x0F, 0xC0, 0x0B, 0xC0, 0x00, 0xFC, 0x00, 0xBC, 0x00, 0x6F, 0xE0, 0x1F, 0xE4, 0x0F, 0xFF, 0x87,
    0xFF, 0xC0, 0x2A, 0xAA, 0x00, 0xAA, 0xA8, 0x3F, 0xFF, 0x00, 0xFF, 0xFC, 0x03, 0xF0, 0x00, 0x1F,
    0xC0, 0x03, 0xF0, 0x00, 0x0F, 0xC0, 0x2B, 0xFA, 0xAA, 0xAF, 0xE8, 0x7F, 0xFF, 0xFF, 0xFF, 0xFD,
    0x03, 0xF0, 0x00, 0x0F, 0xC0, 0x03, 0xF0, 0x00, 0x0F, 0xC0, 0x03, 0xFA, 0xAA, 0xAF, 0xC0, 0x03,
    0xFF, 0xFF, 0xFF, 0xC0, 0x03, 0xF0, 0x00, 0x0F, 0xC0, 0x03, 0xF0, 0x00, 0x0F, 0xC0, 0x03, 0xF0,
    0x00, 0x0F, 0xC0, 0x03, 0xF0, 0x00, 0x0F, 0xC0, 0x03, 0xF0, 0x00, 0x0F, 0xC0, 0x03, 0xF0, 0x00,
    0x0F, 0xC0, 0x1B, 0xF9, 0x00, 0x6F, 0xE4, 0x3F, 0xFF, 0x00, 0xFF, 0xFC, 0x00, 0x00, 0x00, 0x00,
    0x0F, 0xFC, 0x00, 0x00, 0x02, 0xBF, 0x00, 0x00, 0x00, 0x0F, 0xC0, 0x00, 0x00, 0x6B, 0xFA, 0x80,
    0x00, 0x2F, 0xFF, 0xF0, 0x00, 0x00, 0x3F, 0x00, 0x00, 0x00, 0x0F, 0xC7, 0xFD, 0x00, 0x03, 0xFB,
    0xFF, 0xD0, 0x00, 0xFF, 0x41, 0xFC, 0x00, 0x3F, 0x40, 0x3F, 0x00, 0x0F, 0xC0, 0x0B, 0xC0, 0x03,
    0xF0, 0x02, 0xF0, 0x00, 0xFC, 0x00, 0xBC, 0x00, 0x3F, 0x00, 0x2F, 0x00, 0x0F, 0xC0, 0x0B, 0xC0,
    0x03, 0xF0, 0x02, 0xF0, 0x00, 0xFC, 0x00, 0xBC, 0x01, 0xBF, 0x80, 0x7F, 0x90, 0xFF, 0xF8, 0x7F,
    0xFC, 0x0A, 0x80, 0x02, 0xFF, 0xAD, 0x3A, 0xFF, 0x80, 0x01, 0xA0, 0x00, 0x00, 0x01, 0xAA, 0xA4,
    0x1F, 0xFF, 0xC0, 0x2F, 0xC0, 0x01, 0xF8, 0x00, 0x1F, 0x80, 0x01, 0xF8, 0x00, 0x1F, 0x80, 0x01,
    0xF8, 0x00, 0x1F, 0x80, 0x01, 0xF8, 0x00, 0x1F, 0x80, 0x01, 0xF8, 0x00, 0x1F, 0x80, 0x01, 0xF8,
    0x00, 0x1F, 0x80, 0x01, 0xF8, 0x00, 0xBF, 0xE4, 0x2F, 0xFF, 0xC0, 0x1A, 0x40, 0x0F, 0xFE, 0xEB,
    0x6F, 0xF0, 0x00, 0x60, 0x00, 0x00, 0x00, 0x00, 0x00, 0xAB, 0x80, 0x3F, 0xF0, 0x00, 0xFC, 0x00,
    0x3F, 0x00, 0x0F, 0xC0, 0x03, 0xF0, 0x00, 0xFC, 0x00, 0x3F, 0x00, 0x0F, 0xC0, 0x03, 0xF0, 0x00,
    0xFC, 0x01, 0xBF, 0x90, 0xFF, 0xFC, 0xBF, 0xFF, 0xBF, 0xFF, 0x00, 0x00, 0x00, 0x00, 0x6A, 0xA9,
    0x7F, 0xFF, 0x0B, 0xF0, 0x07, 0xE0, 0x07, 0xE0, 0x07, 0xE0, 0x07, 0xE0, 0x07, 0xE0, 0x07, 0xE0,
    0x07, 0xE0, 0x07, 0xE0, 0x07, 0xE0, 0x07, 0xE0, 0x07, 0xE0, 0x07, 0xE0, 0x07, 0xE0, 0x2F, 0xF9,
    0xBF, 0xFF, 0x3F, 0xFF, 0x0F, 0xFF, 0xC0, 0x00, 0x00, 0x00, 0x00, 0x00, 0x00, 0x02, 0xAE, 0x00,
    0xFF, 0xC0, 0x03, 0xF0, 0x00, 0xFC, 0x00, 0x3F, 0x00, 0x0F, 0xC0, 0x03, 0xF0, 0x00, 0xFC, 0x00,
    0x3F, 0x00, 0x0F, 0xC0, 0x03, 0xF0, 0x06, 0xFE, 0x43, 0xFF, 0xF0, 0x10, 0x00, 0x43, 0x80, 0x0C,
    0x2D, 0x07, 0xC0, 0xFF, 0xF4, 0x07, 0xFD, 0x00, 0x00, 0x00, 0x1A, 0xAA, 0x41, 0xFF, 0xFC, 0x02,
    0xFC, 0x00, 0x1F, 0x80, 0x01, 0xF8, 0x00, 0x1F, 0x80, 0x01, 0xF8, 0x00, 0x1F, 0x80, 0x01, 0xF8,
    0x00, 0x1F, 0x80, 0x01, 0xF8, 0x00, 0x1F, 0x80, 0x01, 0xF8, 0x00, 0x1F, 0x80, 0x01, 0xF8, 0x00,
    0x1F, 0x80, 0x0B, 0xFE, 0x42, 0xFF, 0xFC, 0x10, 0x00, 0x1C, 0x00, 0xD3, 0xC0, 0xB0, 0xBF, 0xF8,
    0x0B, 0xF8, 0x00, 0x10, 0x00, 0x00, 0x00, 0x2A, 0xE0, 0x0F, 0xFC, 0x00, 0x3F, 0x00, 0x0F, 0xC0,
    0x03, 0xF0, 0x00, 0xFC, 0x00, 0x3F, 0x00, 0x0F, 0xC0, 0x03, 0xF0, 0x00, 0xFC, 0x00, 0x3F, 0x00,
    0x6F, 0xE4, 0x3F, 0xFF, 0x6A, 0xA9, 0x7F, 0xFF, 0x0B, 0xF0, 0x07, 0xE0, 0x07, 0xE0, 0x07, 0xE0,
    0x07, 0xE0, 0x07, 0xE0, 0x07, 0xE0, 0x07, 0xE0, 0x07, 0xE0, 0x07, 0xE0, 0x07, 0xE0, 0x07, 0xE0,
    0x07, 0xE0, 0x07, 0xE0, 0x2F, 0xF9, 0xBF, 0xFF, 0x02, 0xD0, 0x0B, 0x40, 0x1F, 0x00, 0x2F, 0x00,
    0x1F, 0xF4, 0x0B, 0x90, 0x07, 0xD0, 0x0F, 0xF0, 0x0B, 0xF0, 0x02, 0x80, 0x00, 0x00, 0x00, 0x00,
    0x2A, 0xE0, 0x3F, 0xF0, 0x03, 0xF0, 0x03, 0xF0, 0x03, 0xF0, 0x03, 0xF0, 0x03, 0xF0, 0x03, 0xF0,
    0x03, 0xF0, 0x03, 0xF0, 0x03, 0xF0, 0x1B, 0xF9, 0x3F, 0xFF, 0x01, 0xD0, 0x0B, 0x80, 0x0F, 0x00,
    0x1F, 0x00, 0x1F, 0xF8, 0x07, 0xD0, 0x03, 0xD0, 0x0F, 0xF0, 0x0B, 0xF0, 0x02, 0x80, 0x00, 0x00,
    0x6A, 0xA9, 0x7F, 0xFF, 0x0B, 0xF0, 0x07, 0xE0, 0x07, 0xE0, 0x07, 0xE0, 0x07, 0xE0, 0x07, 0xE0,
    0x07, 0xE0, 0x07, 0xE0, 0x07, 0xE0, 0x07, 0xE0, 0x07, 0xE0, 0x07, 0xE0, 0x07, 0xE0, 0x07, 0xE0,
    0x2F, 0xF9, 0xBF, 0xFF, 0x2A, 0xE0, 0x3F, 0xF0, 0x03, 0xF0, 0x03, 0xF0, 0x03, 0xF0, 0x03, 0xF0,
    0x03, 0xF0, 0x03, 0xF0, 0x03, 0xF0, 0x03, 0xF0, 0x03, 0xF0, 0x1B, 0xF9, 0x3F, 0xFF, 0x6A, 0xA9,
    0x00, 0x02, 0xAA, 0xA5, 0xFF, 0xFC, 0x00, 0x0F, 0xFF, 0xE0, 0xBF, 0x00, 0x00, 0x03, 0xF8, 0x01,
    0xF8, 0x00, 0x00, 0x0B, 0xD0, 0x07, 0xE0, 0x00, 0x00, 0x2F, 0x40, 0x1F, 0x80, 0x00, 0x00, 0xBD,
    0x00, 0x7E, 0x00, 0x00, 0x02, 0xF4, 0x01, 0xF8, 0x00, 0x00, 0x0B, 0xD0, 0x07, 0xE0, 0x00, 0x00,
    0x2F, 0x40, 0x1F, 0x80, 0x00, 0x00, 0xBD, 0x00, 0x7E, 0x00, 0x00, 0x02, 0xF4, 0x01, 0xF8, 0x00,
    0x00, 0x0B, 0xD0, 0x07, 0xE0, 0x00, 0x00, 0x2F, 0x40, 0x1F, 0x80, 0x1F, 0x80, 0xBD, 0x00, 0x7E,
    0x00, 0xFE, 0x03, 0xF0, 0x01, 0xF8, 0x03, 0xF4, 0x0F, 0xC0, 0x2F, 0xF9, 0x07, 0xE6, 0xFC, 0x02,
    0xFF, 0xFC, 0x07, 0xFF, 0xC0, 0x00, 0x00, 0x00, 0x00, 0x50, 0x00, 0x00, 0x07, 0xD0, 0x02, 0xE0,
    0x3F, 0xC0, 0x1F, 0xD0, 0xBF, 0x00, 0x7F, 0x40, 0xA0, 0x00, 0x64, 0x00, 0x00, 0x00, 0x00, 0x00,
    0x00, 0x00, 0x02, 0xAE, 0x01, 0xAB, 0x0F, 0xFC, 0x07, 0xFD, 0x03, 0xF0, 0x02, 0xF4, 0x0F, 0xC0,
    0x0B, 0xD0, 0x3F, 0x00, 0x2F, 0x40, 0xFC, 0x00, 0xBD, 0x03, 0xF0, 0x02, 0xF4, 0x0F, 0xC0, 0x0B,
    0xD0, 0x3F, 0x00, 0x2F, 0x40, 0xFC, 0x00, 0xBD, 0x03, 0xF0, 0x02, 0xF4, 0x6F, 0xE4, 0x0B, 0xD3,
    0xFF, 0xF0, 0x2F, 0x00, 0x00, 0x00, 0xBC, 0x00, 0x00, 0x03, 0xF0, 0x00, 0x00, 0x0F, 0x40, 0x00,
    0x00, 0xBC, 0x00, 0x00, 0x07, 0xC0, 0x00, 0x00, 0x08, 0x00, 0x00, 0x00, 0x10, 0x00, 0x00, 0x0F,
    0xC0, 0x00, 0x03, 0xFF, 0x00, 0x00, 0xBD, 0xFC, 0x00, 0x1D, 0x01, 0xE0, 0x00, 0x00, 0x00, 0x00,
    0x0A, 0xAA, 0x80, 0x01, 0xFF, 0xFC, 0x00, 0x00, 0xFD, 0x00, 0x00, 0x0F, 0xC0, 0x00, 0x00, 0xFC,
    0x00, 0x00, 0x0F, 0xC0, 0x00, 0x00, 0xFC, 0x00, 0x00, 0x0F, 0xC0, 0x00, 0x00, 0xFC, 0x00, 0x00,
    0x0F, 0xC0, 0x00, 0x00, 0xFC, 0x00, 0x00, 0x0F, 0xC0, 0x00, 0x00, 0xFC, 0x01, 0xF4, 0x0F, 0xC0,
    0x3F, 0x40, 0xFC, 0x03, 0xF0, 0x1F, 0x40, 0x2F, 0x9B, 0xF0, 0x00, 0xBF, 0xF8, 0x00, 0x00, 0x54,
    0x00, 0x00, 0x00, 0x90, 0x00, 0xFC, 0x00, 0xBF, 0xC0, 0x7C, 0xB8, 0x38, 0x07, 0x44, 0x00, 0x40,
    0x00, 0x00, 0x2A, 0xE0, 0x0F, 0xF8, 0x00, 0x7E, 0x00, 0x0F, 0x80, 0x03, 0xE0, 0x00, 0xF8, 0x00,
    0x3E, 0x00, 0x0F, 0x80, 0x03, 0xE0, 0x00, 0xF8, 0x00, 0x3E, 0x00, 0x0F, 0x80, 0x03, 0xE0, 0x00,
    0xF4, 0x00, 0x7C, 0x00, 0x2F, 0x00, 0x1F, 0x40, 0x0F, 0x40, 0x01, 0x00, 0x00, 0x6A, 0xA9, 0x06,
    0xAA, 0x07, 0xFF, 0xF0, 0xFF, 0xF4, 0x0B, 0xF0, 0x01, 0xF8, 0x00, 0x7E, 0x00, 0x2D, 0x00, 0x07,
    0xE0, 0x0B, 0x40, 0x00, 0x7E, 0x02, 0xE0, 0x00, 0x07, 0xE0, 0xB8, 0x00, 0x00, 0x7E, 0x2E, 0x00,
    0x00, 0x07, 0xEB, 0xE0, 0x00, 0x00, 0x7F, 0xFF, 0x00, 0x00, 0x07, 0xFA, 0xFC, 0x00, 0x00, 0x7E,
    0x0F, 0xE0, 0x00, 0x07, 0xE0, 0x7F, 0x00, 0x00, 0x7E, 0x02, 0xFC, 0x00, 0x07, 0xE0, 0x0F, 0xD0,
    0x00, 0x7E, 0x00, 0x7F, 0x40, 0x2F, 0xF9, 0x03, 0xFE, 0x9B, 0xFF, 0xF0, 0x0B, 0xFD, 0x00, 0x00,
    0x00, 0x05, 0x00, 0x00, 0x19, 0x00, 0x00, 0x00, 0x03, 0xF0, 0x00, 0x00, 0x00, 0x3F, 0x40, 0x00,
    0x00, 0x00, 0xB0, 0x00, 0x00, 0x00, 0x0E, 0x00, 0x00, 0x00, 0x02, 0x80, 0x00, 0x00, 0x00, 0x00,
    0x00, 0x00, 0x00, 0x00, 0x00, 0x00, 0x3F, 0xF0, 0x00, 0x00, 0x2F, 0xF0, 0x00, 0x00, 0x03, 0xF0,
    0x00, 0x00, 0x03, 0xF0, 0x00, 0x00, 0x03, 0xF0, 0x00, 0x00, 0x03, 0xF0, 0x00, 0x00, 0x03, 0xF0,
    0x2A, 0xA8, 0x03, 0xF0, 0x2F, 0xF8, 0x03, 0xF0, 0x0F, 0x80, 0x03, 0xF0, 0x3D, 0x00, 0x03, 0xF0,
    0xF4, 0x00, 0x03, 0xF3, 0xC0, 0x00, 0x03, 0xFF, 0xE0, 0x00, 0x03, 0xF3, 0xF4, 0x00, 0x03, 0xF0,
    0xFD, 0x00, 0x03, 0xF0, 0x7F, 0x00, 0x03, 0xF0, 0x2F, 0xC0, 0x1B, 0xF8, 0x0F, 0xFA, 0x3F, 0xFD,
    0x02, 0xFD, 0x00, 0x00, 0x00, 0x00, 0x00, 0x02, 0x40, 0x00, 0x00, 0x0B, 0xE0, 0x00, 0x00, 0x0B,
    0xE0, 0x00, 0x00, 0x01, 0xE0, 0x00, 0x00, 0x02, 0xC0, 0x00, 0x00, 0x03, 0x00, 0x00, 0x00, 0x00,
    0x00, 0x00, 0x2F, 0xE0, 0x2A, 0xA8, 0x3F, 0xF0, 0x2F, 0xF8, 0x03, 0xF0, 0x0F, 0x80, 0x03, 0xF0,
    0x3D, 0x00, 0x03, 0xF0, 0xF4, 0x00, 0x03, 0xF3, 0xC0, 0x00, 0x03, 0xFF, 0xE0, 0x00, 0x03, 0xF3,
    0xF4, 0x00, 0x03, 0xF0, 0xFD, 0x00, 0x03, 0xF0, 0x7F, 0x00, 0x03, 0xF0, 0x2F, 0xC0, 0x1B, 0xF8,
    0x0F, 0xFA, 0x3F, 0xFD, 0x02, 0xFD, 0x00, 0x00, 0x00, 0x00, 0x00, 0x00, 0x00, 0x00, 0x07, 0xC0,
    0x00, 0x01, 0xFC, 0x00, 0x00, 0x7F, 0x40, 0x00, 0x0E, 0x40, 0x00, 0x00, 0x00, 0x00, 0x00, 0x6A,
    0xAA, 0x00, 0x07, 0xFF, 0xF0, 0x00, 0x0B, 0xE0, 0x00, 0x00, 0x7E, 0x00, 0x00, 0x07, 0xE0, 0x00,
    0x00, 0x7E, 0x00, 0x00, 0x07, 0xE0, 0x00, 0x00, 0x7E, 0x00, 0x00, 0x07, 0xE0, 0x00, 0x00, 0x7E,
    0x00, 0x00, 0x07, 0xE0, 0x00, 0x00, 0x7E, 0x00, 0x00, 0x07, 0xE0, 0x00, 0x90, 0x7E, 0x00, 0x1E,
    0x07, 0xE0, 0x02, 0xD0, 0x7E, 0x00, 0x7D, 0x2F, 0xFA, 0xBF, 0xCB, 0xFF, 0xFF, 0xFC, 0x00, 0x00,
    0x00, 0xB8, 0x02, 0xFC, 0x0B, 0xE0, 0x2E, 0x00, 0x00, 0x00, 0x3F, 0xF0, 0x2F, 0xF0, 0x03, 0xF0,
    0x03, 0xF0, 0x03, 0xF0, 0x03, 0xF0, 0x03, 0xF0, 0x03, 0xF0, 0x03, 0xF0, 0x03, 0xF0, 0x03, 0xF0,
    0x03, 0xF0, 0x03, 0xF0, 0x03, 0xF0, 0x03, 0xF0, 0x03, 0xF0, 0x03, 0xF0, 0x1B, 0xF9, 0x3F, 0xFF,
    0x6A, 0xAA, 0x00, 0x07, 0xFF, 0xF0, 0x00, 0x0B, 0xE0, 0x00, 0x00, 0x7E, 0x00, 0x00, 0x07, 0xE0,
    0x00, 0x00, 0x7E, 0x00, 0x00, 0x07, 0xE0, 0x00, 0x00, 0x7E, 0x00, 0x00, 0x07, 0xE0, 0x00, 0x00,
    0x7E, 0x00, 0x00, 0x07, 0xE0, 0x00, 0x00, 0x7E, 0x00, 0x00, 0x07, 0xE0, 0x00, 0x90, 0x7E, 0x00,
    0x1E, 0x07, 0xE0, 0x02, 0xD0, 0x7E, 0x00, 0x7D, 0x2F, 0xFA, 0xBF, 0xCB, 0xFF, 0xFF, 0xFC, 0x00,
    0x00, 0x00, 0x00, 0x00, 0x60, 0x00, 0x00, 0x1F, 0xC0, 0x00, 0x01, 0xFC, 0x00, 0x00, 0x03, 0xC0,
    0x00, 0x00, 0xB4, 0x00, 0x00, 0x0D, 0x00, 0x00, 0x00, 0x00, 0x00, 0x00, 0x00, 0x3F, 0xF0, 0x2F,
    0xF0, 0x03, 0xF0, 0x03, 0xF0, 0x03, 0xF0, 0x03, 0xF0, 0x03, 0xF0, 0x03, 0xF0, 0x03, 0xF0, 0x03,
    0xF0, 0x03, 0xF0, 0x03, 0xF0, 0x03, 0xF0, 0x03, 0xF0, 0x03, 0xF0, 0x03, 0xF0, 0x03, 0xF0, 0x1B,
    0xF9, 0x3F, 0xFF, 0x00, 0x00, 0x01, 0x80, 0x03, 0xF0, 0x03, 0xF0, 0x00, 0xF0, 0x01, 0xD0, 0x02,
    0x80, 0x00, 0x00, 0x00, 0x00, 0x05, 0x00, 0x00, 0x02, 0xF4, 0x6A, 0xAA, 0x1F, 0x47, 0xFF, 0xF0,
    0xB4, 0x0B, 0xE0, 0x0F, 0x00, 0x7E, 0x01, 0xC0, 0x07, 0xE0, 0x04, 0x00, 0x7E, 0x00, 0x00, 0x07,
    0xE0, 0x00, 0x00, 0x7E, 0x00, 0x00, 0x07, 0xE0, 0x00, 0x00, 0x7E, 0x00, 0x00, 0x07, 0xE0, 0x00,
    0x00, 0x7E, 0x00, 0x00, 0x07, 0xE0, 0x00, 0x90, 0x7E, 0x00, 0x1E, 0x07, 0xE0, 0x02, 0xD0, 0x7E,
    0x00, 0x7D, 0x2F, 0xFA, 0xBF, 0xCB, 0xFF, 0xFF, 0xFC, 0x00, 0x00, 0x40, 0xFF, 0xCF, 0xC2, 0xFF,
    0x2F, 0x00, 0xFC, 0x3C, 0x03, 0xF0, 0xE0, 0x0F, 0xCB, 0x00, 0x3F, 0x10, 0x00, 0xFC, 0x00, 0x03,
    0xF0, 0x00, 0x0F, 0xC0, 0x00, 0x3F, 0x00, 0x00, 0xFC, 0x00, 0x03, 0xF0, 0x00, 0x0F, 0xC0, 0x00,
    0x3F, 0x00, 0x00, 0xFC, 0x00, 0x03, 0xF0, 0x00, 0x0F, 0xC0, 0x01, 0xBF, 0x90, 0x0F, 0xFF, 0xC0,
    0x6A, 0xAA, 0x00, 0x07, 0xFF, 0xF0, 0x00, 0x0B, 0xE0, 0x00, 0x00, 0x7E, 0x00, 0x00, 0x07, 0xE0,
    0x00, 0x00, 0x7E, 0x00, 0x00, 0x07, 0xE0, 0x07, 0xD0, 0x7E, 0x00, 0xFE, 0x07, 0xE0, 0x0F, 0xE0,
    0x7E, 0x00, 0x28, 0x07, 0xE0, 0x00, 0x00, 0x7E, 0x00, 0x00, 0x07, 0xE0, 0x00, 0x90, 0x7E, 0x00,
    0x1E, 0x07, 0xE0, 0x02, 0xD0, 0x7E, 0x00, 0x7D, 0x2F, 0xFA, 0xBF, 0xCB, 0xFF, 0xFF, 0xFC, 0x00,
    0x00, 0x00, 0x3F, 0xF0, 0x00, 0x2F, 0xF0, 0x00, 0x03, 0xF0, 0x00, 0x03, 0xF0, 0x00, 0x03, 0xF0,
    0x00, 0x03, 0xF0, 0x00, 0x03, 0xF0, 0x00, 0x03, 0xF1, 0xF4, 0x03, 0xF3, 0xFC, 0x03, 0xF2, 0xFC,
    0x03, 0xF0, 0xA0, 0x03, 0xF0, 0x00, 0x03, 0xF0, 0x00, 0x03, 0xF0, 0x00, 0x03, 0xF0, 0x00, 0x03,
    0xF0, 0x00, 0x03, 0xF0, 0x00, 0x1B, 0xF9, 0x00, 0x3F, 0xFF, 0x00, 0x1A, 0xAA, 0x80, 0x00, 0x7F,
    0xFF, 0x00, 0x00, 0x2F, 0x80, 0x00, 0x00, 0x7E, 0x00, 0x00, 0x01, 0xF8, 0x00, 0x00, 0x07, 0xE0,
    0x20, 0x00, 0x1F, 0x8B, 0xC0, 0x00, 0x7F, 0xFD, 0x00, 0x02, 0xFF, 0x40, 0x00, 0x7F, 0xE0, 0x00,
    0x0B, 0xFF, 0x80, 0x00, 0x28, 0x7E, 0x00, 0x00, 0x01, 0xF8, 0x00, 0x24, 0x07, 0xE0, 0x01, 0xE0,
    0x1F, 0x80, 0x0B, 0x40, 0x7E, 0x00, 0x7D, 0x0B, 0xFE, 0xAF, 0xF0, 0xBF, 0xFF, 0xFF, 0xC0, 0x00,
    0x00, 0x0F, 0xFC, 0x02, 0xFF, 0x00, 0x0F, 0xC0, 0x03, 0xF0, 0x00, 0xFC, 0x00, 0x3F, 0x00, 0x0F,
    0xC5, 0x03, 0xFF, 0x80, 0xFF, 0x82, 0xFF, 0x01, 0xFF, 0xC0, 0x53, 0xF0, 0x00, 0xFC, 0x00, 0x3F,
    0x00, 0x0F, 0xC0, 0x03, 0xF0, 0x00, 0xFC, 0x01, 0xBF, 0x90, 0xFF, 0xFC, 0x00, 0x00, 0x00, 0x00,
    0x00, 0x00, 0x00, 0x3D, 0x00, 0x00, 0x00, 0x03, 0xF4, 0x00, 0x00, 0x00, 0x3F, 0x40, 0x00, 0x00,
    0x03, 0xD0, 0x00, 0x00, 0x00, 0x00, 0x00, 0x00, 0x06, 0xAA, 0x00, 0x06, 0xAA, 0x1F, 0xFF, 0x00,
    0x2F, 0xFD, 0x0B, 0xFD, 0x00, 0x0F, 0x80, 0x1F, 0xFC, 0x00, 0x2D, 0x00, 0x7B, 0xF8, 0x00, 0xB4,
    0x01, 0xE7, 0xF0, 0x02, 0xD0, 0x07, 0x8B, 0xF0, 0x0B, 0x40, 0x1E, 0x0F, 0xD0, 0x2D, 0x00, 0x78,
    0x1F, 0xC0, 0xB4, 0x01, 0xE0, 0x3F, 0x82, 0xD0, 0x07, 0x80, 0x7F, 0x0B, 0x40, 0x1E, 0x00, 0xBE,
    0x2D, 0x00, 0x78, 0x00, 0xFD, 0xB4, 0x01, 0xE0, 0x01, 0xFE, 0xD0, 0x07, 0x80, 0x03, 0xFF, 0x40,
    0x1E, 0x00, 0x07, 0xFD, 0x02, 0xFE, 0x40, 0x0B, 0xF4, 0x2F, 0xFE, 0x00, 0x0F, 0xD0, 0x00, 0x00,
    0x10, 0x00, 0x00, 0x00, 0xF4, 0x00, 0x00, 0x02, 0xF4, 0x00, 0x00, 0x07, 0xD0, 0x00, 0x00, 0x0E,
    0x00, 0x00, 0x00, 0x04, 0x00, 0x00, 0x00, 0x00, 0x00, 0x00, 0xAF, 0x47, 0xFD, 0x00, 0xFF, 0xAF,
    0xFF, 0x40, 0x0F, 0xF4, 0x1F, 0xC0, 0x0F, 0xD0, 0x0F, 0xC0, 0x0F, 0xC0, 0x0B, 0xC0, 0x0F, 0xC0,
    0x0B, 0xC0, 0x0F, 0xC0, 0x0B, 0xC0, 0x0F, 0xC0, 0x0B, 0xC0, 0x0F, 0xC0, 0x0B, 0xC0, 0x0F, 0xC0,
    0x0B, 0xC0, 0x0F, 0xC0, 0x0B, 0xC0, 0x6F, 0xE4, 0x1F, 0xE4, 0xBF, 0xF8, 0x7F, 0xFC, 0x6A, 0xA0,
    0x00, 0x6A, 0xA1, 0xFF, 0xF0, 0x02, 0xFF, 0xD0, 0xBF, 0xD0, 0x00, 0xF8, 0x01, 0xFF, 0xC0, 0x02,
    0xD0, 0x07, 0xBF, 0x80, 0x0B, 0x40, 0x1E, 0x7F, 0x00, 0x2D, 0x00, 0x78, 0xBF, 0x00, 0xB4, 0x01,
    0xE0, 0xFD, 0x02, 0xD0, 0x07, 0x81, 0xFC, 0x0B, 0x40, 0x1E, 0x03, 0xF8, 0x2D, 0x00, 0x78, 0x07,
    0xF0, 0xB4, 0x01, 0xE0, 0x0B, 0xE2, 0xD0, 0x07, 0x80, 0x0F, 0xDB, 0x40, 0x1E, 0x00, 0x1F, 0xED,
    0x00, 0x78, 0x00, 0x3F, 0xF4, 0x01, 0xE0, 0x00, 0x7F, 0xD0, 0x2F, 0xE4, 0x00, 0xBF, 0x42, 0xFF,
    0xE0, 0x00, 0xFD, 0x00, 0x00, 0x00, 0x00, 0x00, 0x00, 0x00, 0x18, 0x00, 0x00, 0x00, 0x01, 0xFC,
    0x00, 0x00, 0x00, 0x07, 0xF0, 0x00, 0x00, 0x00, 0x03, 0xC0, 0x00, 0x00, 0x00, 0x2D, 0x00, 0x00,
    0x00, 0x00, 0xD0, 0x00, 0x00, 0x00, 0x00, 0x00, 0x00, 0x00, 0x00, 0x00, 0x00, 0x00, 0xAF, 0x47,
    0xFD, 0x00, 0xFF, 0xAF, 0xFF, 0x40, 0x0F, 0xF4, 0x1F, 0xC0, 0x0F, 0xD0, 0x0F, 0xC0, 0x0F, 0xC0,
    0x0B, 0xC0, 0x0F, 0xC0, 0x0B, 0xC0, 0x0F, 0xC0, 0x0B, 0xC0, 0x0F, 0xC0, 0x0B, 0xC0, 0x0F, 0xC0,
    0x0B, 0xC0, 0x0F, 0xC0, 0x0B, 0xC0, 0x0F, 0xC0, 0x0B, 0xC0, 0x6F, 0xE4, 0x1F, 0xE4, 0xBF, 0xF8,
    0x7F, 0xFC, 0x00, 0x00, 0x00, 0x00, 0x00, 0x06, 0x40, 0x00, 0x00, 0x0F, 0xC0, 0x00, 0x00, 0x0F,
    0xD0, 0x00, 0x00, 0x02, 0xC0, 0x00, 0x00, 0x03, 0x80, 0x00, 0x00, 0x0A, 0x00, 0x00, 0x00, 0x00,
    0x00, 0x00, 0x00, 0x10, 0x00, 0x40, 0x00, 0x00, 0xB8, 0x0F, 0x00, 0x00, 0x00, 0xBE, 0xF4, 0x00,
    0x00, 0x00, 0xBF, 0x40, 0x00, 0x00, 0x00, 0xF4, 0x00, 0x00, 0x00, 0x00, 0x00, 0x00, 0x06, 0xAA,
    0x00, 0x06, 0xAA, 0x1F, 0xFF, 0x00, 0x2F, 0xFD, 0x0B, 0xFD, 0x00, 0x0F, 0x80, 0x1F, 0xFC, 0x00,
    0x2D, 0x00, 0x7B, 0xF8, 0x00, 0xB4, 0x01, 0xE7, 0xF0, 0x02, 0xD0, 0x07, 0x8B, 0xF0, 0x0B, 0x40,
    0x1E, 0x0F, 0xD0, 0x2D, 0x00, 0x78, 0x1F, 0xC0, 0xB4, 0x01, 0xE0, 0x3F, 0x82, 0xD0, 0x07, 0x80,
    0x7F, 0x0B, 0x40, 0x1E, 0x00, 0xBE, 0x2D, 0x00, 0x78, 0x00, 0xFD, 0xB4, 0x01, 0xE0, 0x01, 0xFE,
    0xD0, 0x07, 0x80, 0x03, 0xFF, 0x40, 0x1E, 0x00, 0x07, 0xFD, 0x02, 0xFE, 0x40, 0x0B, 0xF4, 0x2F,
    0xFE, 0x00, 0x0F, 0xD0, 0x00, 0x40, 0x04, 0x00, 0x00, 0xE0, 0x2C, 0x00, 0x00, 0x7D, 0xF4, 0x00,
    0x00, 0x2F, 0xE0, 0x00, 0x00, 0x0F, 0xC0, 0x00, 0x00, 0x01, 0x00, 0x00, 0x00, 0x00, 0x00, 0x00,
    0xAF, 0x47, 0xFD, 0x00, 0xFF, 0xAF, 0xFF, 0x40, 0x0F, 0xF4, 0x1F, 0xC0, 0x0F, 0xD0, 0x0F, 0xC0,
    0x0F, 0xC0, 0x0B, 0xC0, 0x0F, 0xC0, 0x0B, 0xC0, 0x0F, 0xC0, 0x0B, 0xC0, 0x0F, 0xC0, 0x0B, 0xC0,
    0x0F, 0xC0, 0x0B, 0xC0, 0x0F, 0xC0, 0x0B, 0xC0, 0x0F, 0xC0, 0x0B, 0xC0, 0x6F, 0xE4, 0x1F, 0xE4,
    0xBF, 0xF8, 0x7F, 0xFC, 0x00, 0x00, 0x00, 0x00, 0x00, 0x3F, 0x00, 0x00, 0x00, 0x00, 0x7F, 0x40,
    0x00, 0x00, 0x00, 0x3F, 0x80, 0x00, 0x00, 0x00, 0x07, 0x00, 0x00, 0x00, 0x00, 0x0E, 0x00, 0x00,
    0x00, 0x00, 0x3C, 0x00, 0x00, 0x00, 0x00, 0x10, 0x6F, 0x82, 0xFE, 0x00, 0x00, 0x7F, 0xCF, 0xFF,
    0xC0, 0x00, 0x0B, 0xF8, 0x0F, 0xD0, 0x00, 0x0B, 0xE0, 0x07, 0xD0, 0x00, 0x0B, 0xD0, 0x07, 0xE0,
    0x00, 0x0B, 0xD0, 0x07, 0xE0, 0x00, 0x0B, 0xD0, 0x07, 0xE0, 0x00, 0x0B, 0xD0, 0x07, 0xE0, 0x00,
    0x0B, 0xD0, 0x07, 0xE0, 0x00, 0x0B, 0xD0, 0x07, 0xE0, 0x00, 0x0B, 0xD0, 0x07, 0xE0, 0x00, 0x1F,
    0xF4, 0x1F, 0xF4, 0x00, 0x7F, 0xFC, 0x3F, 0xFD, 0x6A, 0xA0, 0x00, 0x6A, 0xA1, 0xFF, 0xF0, 0x03,
    0xFF, 0xD0, 0xBF, 0xD0, 0x00, 0xF8, 0x01, 0xFF, 0xC0, 0x03, 0xD0, 0x07, 0xBF, 0x80, 0x0F, 0x40,
    0x1E, 0x3F, 0x00, 0x3D, 0x00, 0x78, 0xBF, 0x00, 0xF4, 0x01, 0xE0, 0xFD, 0x03, 0xD0, 0x07, 0x81,
    0xFC, 0x0F, 0x40, 0x1E, 0x03, 0xF8, 0x3D, 0x00, 0x78, 0x03, 0xF0, 0xF4, 0x01, 0xE0, 0x0B, 0xF3,
    0xD0, 0x07, 0x80, 0x0F, 0xDF, 0x40, 0x1E, 0x00, 0x1F, 0xFD, 0x00, 0x78, 0x00, 0x2F, 0xF4, 0x01,
    0xE0, 0x00, 0x3F, 0xD0, 0x2F, 0xE4, 0x00, 0x7F, 0x42, 0xFF, 0xE0, 0x00, 0xFC, 0x00, 0x00, 0x00,
    0x02, 0xF0, 0x00, 0x00, 0x00, 0x0F, 0xC0, 0x00, 0x00, 0x00, 0x3D, 0x00, 0x00, 0x00, 0x03, 0xF0,
    0x00, 0x00, 0x00, 0x2F, 0x00, 0x00, 0x00, 0x00, 0x10, 0x00, 0x00, 0x00, 0x00, 0x0A, 0xF4, 0x7F,
    0xD0, 0xFF, 0xAF, 0xFF, 0x40, 0xFF, 0x41, 0xFC, 0x0F, 0xD0, 0x0F, 0xC0, 0xFC, 0x00, 0xBC, 0x0F,
    0xC0, 0x0B, 0xC0, 0xFC, 0x00, 0xBC, 0x0F, 0xC0, 0x0B, 0xC0, 0xFC, 0x00, 0xBC, 0x0F, 0xC0, 0x0B,
    0xC0, 0xFC, 0x00, 0xBC, 0x6F, 0xE4, 0x0B, 0xCB, 0xFF, 0x80, 0xBC, 0x00, 0x00, 0x0B, 0xC0, 0x00,
    0x00, 0xF8, 0x00, 0x00, 0x0F, 0x40, 0x00, 0x03, 0xE0, 0x00, 0x00, 0xBC, 0x00, 0x00, 0x01, 0x00,
    0x00, 0x3F, 0xFF, 0x40, 0x00, 0x0F, 0xFF, 0xD0, 0x00, 0x00, 0x00, 0x00, 0x00, 0x00, 0x00, 0x00,
    0x00, 0x00, 0x1B, 0xF9, 0x00, 0x00, 0x3F, 0xFF, 0xF8, 0x00, 0x7F, 0x40, 0x7F, 0x80, 0x3F, 0x00,
    0x03, 0xF4, 0x2F, 0x40, 0x00, 0x7F, 0x0F, 0xC0, 0x00, 0x0F, 0xD7, 0xE0, 0x00, 0x02, 0xFA, 0xF4,
    0x00, 0x00, 0x7F, 0xFD, 0x00, 0x00, 0x1F, 0xFF, 0x40, 0x00, 0x07, 0xFF, 0xD0, 0x00, 0x01, 0xFE,
    0xF8, 0x00, 0x00, 0x7E, 0x7F, 0x00, 0x00, 0x2F, 0x4F, 0xD0, 0x00, 0x0F, 0xC2, 0xFC, 0x00, 0x07,
    0xD0, 0x3F, 0xC0, 0x07, 0xF0, 0x03, 0xFE, 0xAF, 0xE0, 0x00, 0x1F, 0xFF, 0xD0, 0x00, 0x00, 0x15,
    0x00, 0x00, 0x03, 0xFF, 0xF0, 0x00, 0xFF, 0xFC, 0x00, 0x00, 0x00, 0x00, 0x00, 0x00, 0x00, 0x00,
    0x00, 0x00, 0x00, 0x7F, 0xF8, 0x00, 0xFE, 0xBF, 0xC0, 0xBC, 0x02, 0xFC, 0x7E, 0x00, 0x3F, 0x6F,
    0x40, 0x07, 0xEF, 0xC0, 0x01, 0xFF, 0xF0, 0x00, 0x3F, 0xFC, 0x00, 0x0F, 0xFF, 0x40, 0x07, 0xEB,
    0xE0, 0x02, 0xF4, 0xFD, 0x00, 0xFC, 0x1F, 0xE5, 0xFC, 0x01, 0xFF, 0xF8, 0x00, 0x01, 0x50, 0x00,
    0x00, 0x10, 0x00, 0x00, 0x00, 0x1C, 0x00, 0xA0, 0x00, 0x03, 0xC0, 0xB4, 0x00, 0x00, 0xBF, 0xFC,
    0x00, 0x00, 0x0B, 0xF8, 0x00, 0x00, 0x00, 0x00, 0x00, 0x00, 0x01, 0xBF, 0x90, 0x00, 0x03, 0xFF,
    0xFF, 0x80, 0x07, 0xF4, 0x07, 0xF8, 0x03, 0xF0, 0x00, 0x3F, 0x42, 0xF4, 0x00, 0x07, 0xF0, 0xFC,
    0x00, 0x00, 0xFD, 0x7E, 0x00, 0x00, 0x2F, 0xAF, 0x40, 0x00, 0x07, 0xFF, 0xD0, 0x00, 0x01, 0xFF,
    0xF4, 0x00, 0x00, 0x7F, 0xFD, 0x00, 0x00, 0x1F, 0xEF, 0x80, 0x00, 0x07, 0xE7, 0xF0, 0x00, 0x02,
    0xF4, 0xFD, 0x00, 0x00, 0xFC, 0x2F, 0xC0, 0x00, 0x7D, 0x03, 0xFC, 0x00, 0x7F, 0x00, 0x3F, 0xEA,
    0xFE, 0x00, 0x01, 0xFF, 0xFD, 0x00, 0x00, 0x01, 0x50, 0x00, 0x00, 0x01, 0x00, 0x00, 0x01, 0xC0,
    0x0D, 0x00, 0x3C, 0x0B, 0x00, 0x0B, 0xFF, 0x80, 0x00, 0xFF, 0x80, 0x00, 0x01, 0x00, 0x00, 0x00,
    0x00, 0x00, 0x07, 0xFF, 0x80, 0x0F, 0xEB, 0xFC, 0x0B, 0xC0, 0x2F, 0xC7, 0xE0, 0x03, 0xF6, 0xF4,
    0x00, 0x7E, 0xFC, 0x00, 0x1F, 0xFF, 0x00, 0x03, 0xFF, 0xC0, 0x00, 0xFF, 0xF4, 0x00, 0x7E, 0xBE,
    0x00, 0x2F, 0x4F, 0xD0, 0x0F, 0xC1, 0xFE, 0x5F, 0xC0, 0x1F, 0xFF, 0x80, 0x00, 0x15, 0x00, 0x00,
    0x00, 0x00, 0x10, 0x00, 0x00, 0x00, 0x3D, 0x1F, 0x00, 0x00, 0x3F, 0x1F, 0xC0, 0x00, 0x3F, 0x5F,
    0xC0, 0x00, 0x2D, 0x0E, 0x00, 0x00, 0x00, 0x00, 0x00, 0x00, 0x01, 0xBF, 0x90, 0x00, 0x03, 0xFF,
    0xFF, 0x80, 0x07, 0xF4, 0x07, 0xF8, 0x03, 0xF0, 0x00, 0x3F, 0x42, 0xF4, 0x00, 0x07, 0xF0, 0xFC,
    0x00, 0x00, 0xFD, 0x7E, 0x00, 0x00, 0x2F, 0xAF, 0x40, 0x00, 0x07, 0xFF, 0xD0, 0x00, 0x01, 0xFF,
    0xF4, 0x00, 0x00, 0x7F, 0xFD, 0x00, 0x00, 0x1F, 0xEF, 0x80, 0x00, 0x07, 0xE7, 0xF0, 0x00, 0x02,
    0xF4, 0xFD, 0x00, 0x00, 0xFC, 0x2F, 0xC0, 0x00, 0x7D, 0x03, 0xFC, 0x00, 0x7F, 0x00, 0x3F, 0xEA,
    0xFE, 0x00, 0x01, 0xFF, 0xFD, 0x00, 0x00, 0x01, 0x50, 0x00, 0x00, 0x00, 0x05, 0x04, 0x00, 0x07,
    0xC7, 0xC0, 0x03, 0xF3, 0xF0, 0x02, 0xE2, 0xF0, 0x00, 0xE1, 0xE0, 0x00, 0x10, 0x00, 0x00, 0x00,
    0x00, 0x00, 0x07, 0xFF, 0x80, 0x0F, 0xEB, 0xFC, 0x0B, 0xC0, 0x2F, 0xC7, 0xE0, 0x03, 0xF6, 0xF4,
    0x00, 0x7E, 0xFC, 0x00, 0x1F, 0xFF, 0x00, 0x03, 0xFF, 0xC0, 0x00, 0xFF, 0xF4, 0x00, 0x7E, 0xBE,
    0x00, 0x2F, 0x4F, 0xD0, 0x0F, 0xC1, 0xFE, 0x5F, 0xC0, 0x1F, 0xFF, 0x80, 0x00, 0x15, 0x00, 0x00,
    0x00, 0x1B, 0xF9, 0x0A, 0xAA, 0xA9, 0x00, 0x7F, 0xFF, 0xE7, 0xFF, 0xFF, 0x80, 0x7F, 0x40, 0x7F,
    0xF8, 0x02, 0xF0, 0x3F, 0x00, 0x03, 0xFE, 0x00, 0x3C, 0x2F, 0x40, 0x00, 0x7F, 0x80, 0x07, 0x4F,
    0xC0, 0x00, 0x0F, 0xE0, 0x00, 0x07, 0xE0, 0x00, 0x02, 0xF8, 0x07, 0x02, 0xF4, 0x00, 0x00, 0x7E,
    0x02, 0xC0, 0xFD, 0x00, 0x00, 0x1F, 0xFF, 0xF0, 0x3F, 0x40, 0x00, 0x07, 0xFF, 0xFC, 0x0F, 0xD0,
    0x00, 0x01, 0xF8, 0x0F, 0x02, 0xF8, 0x00, 0x00, 0x7E, 0x01, 0xC0, 0x7F, 0x00, 0x00, 0x2F, 0x80,
    0x00, 0x0F, 0xD0, 0x00, 0x0F, 0xE0, 0x00, 0xA2, 0xFC, 0x00, 0x07, 0xF8, 0x00, 0x3C, 0x3F, 0xC0,
    0x07, 0xFE, 0x00, 0x2E, 0x03, 0xFE, 0xAF, 0xDF, 0xEA, 0xBF, 0x40, 0x1F, 0xFF, 0x83, 0xFF, 0xFF,
    0xD0, 0x00, 0x15, 0x00, 0x00, 0x00, 0x00, 0x00, 0x00, 0x00, 0x00, 0x00, 0x00, 0x1F, 0xFD, 0x02,
    0xFF, 0x80, 0x0F, 0xEB, 0xF8, 0xFD, 0xBF, 0x02, 0xF0, 0x0B, 0xFE, 0x00, 0xF8, 0x7E, 0x00, 0x3F,
    0xD0, 0x0F, 0xCB, 0xD0, 0x01, 0xFC, 0x00, 0xFC, 0xFC, 0x00, 0x1F, 0xEA, 0xAF, 0xCF, 0xC0, 0x00,
    0xFF, 0xFF, 0xF8, 0xFC, 0x00, 0x0F, 0xC0, 0x00, 0x0F, 0xD0, 0x01, 0xFC, 0x00, 0x00, 0xBE, 0x00,
    0x2F, 0xD0, 0x00, 0x03, 0xF4, 0x03, 0xFF, 0x40, 0x3C, 0x1F, 0xE5, 0xF9, 0xFF, 0xFF, 0x40, 0x7F,
    0xFD, 0x07, 0xFF, 0xC0, 0x00, 0x14, 0x00, 0x01, 0x40, 0x00, 0x00, 0x00, 0x00, 0x00, 0x00, 0x00,
    0x3D, 0x00, 0x00, 0x00, 0x3F, 0x80, 0x00, 0x00, 0x3F, 0x80, 0x00, 0x00, 0x3D, 0x00, 0x00, 0x00,
    0x00, 0x00, 0x00, 0x06, 0xAA, 0xA5, 0x00, 0x01, 0xFF, 0xFF, 0xFC, 0x00, 0x0B, 0xE0, 0x2F, 0xC0,
    0x01, 0xF8, 0x02, 0xF8, 0x00, 0x7E, 0x00, 0x7F, 0x00, 0x1F, 0x80, 0x1F, 0xC0, 0x07, 0xE0, 0x0B,
    0xE0, 0x01, 0xF8, 0x03, 0xF0, 0x00, 0x7E, 0x5B, 0xE0, 0x00, 0x1F, 0xFF, 0xD0, 0x00, 0x07, 0xE0,
    0xFD, 0x00, 0x01, 0xF8, 0x1F, 0xC0, 0x00, 0x7E, 0x03, 0xF4, 0x00, 0x1F, 0x80, 0x7F, 0x00, 0x07,
    0xE0, 0x0F, 0xD0, 0x01, 0xF8, 0x02, 0xFC, 0x02, 0xFF, 0x90, 0x3F, 0xE6, 0xFF, 0xFC, 0x07, 0xFD,
    0x00, 0x00, 0x00, 0x14, 0x00, 0x00, 0x01, 0x00, 0x00, 0x0B, 0xC0, 0x00, 0x1F, 0xC0, 0x00, 0x3E,
    0x00, 0x00, 0xB4, 0x00, 0x00, 0x40, 0x00, 0x00, 0x00, 0x00, 0xAF, 0x47, 0xF4, 0xFF, 0xAF, 0xFC,
    0x0F, 0xF0, 0xFC, 0x0F, 0xD0, 0xFC, 0x0F, 0xC0, 0x60, 0x0F, 0xC0, 0x00, 0x0F, 0xC0, 0x00, 0x0F,
    0xC0, 0x00, 0x0F, 0xC0, 0x00, 0x0F, 0xC0, 0x00, 0x0F, 0xC0, 0x00, 0x6F, 0xE4, 0x00, 0xBF, 0xFE,
    0x00, 0x6A, 0xAA, 0x50, 0x00, 0x1F, 0xFF, 0xFF, 0xC0, 0x00, 0xBE, 0x02, 0xFC, 0x00, 0x1F, 0x80,
    0x2F, 0x80, 0x07, 0xE0, 0x07, 0xF0, 0x01, 0xF8, 0x01, 0xFC, 0x00, 0x7E, 0x00, 0xBE, 0x00, 0x1F,
    0x80, 0x3F, 0x00, 0x07, 0xE5, 0xBE, 0x00, 0x01, 0xFF, 0xFD, 0x00, 0x00, 0x7E, 0x0F, 0xD0, 0x00,
    0x1F, 0x81, 0xFC, 0x00, 0x07, 0xE0, 0x3F, 0x40, 0x01, 0xF8, 0x07, 0xF0, 0x00, 0x7E, 0x00, 0xFD,
    0x00, 0x1F, 0x80, 0x2F, 0xC0, 0x2F, 0xF9, 0x03, 0xFE, 0x6F, 0xFF, 0xC0, 0x7F, 0xD0, 0x00, 0x00,
    0x01, 0x40, 0x00, 0x06, 0x00, 0x00, 0x00, 0x07, 0xF0, 0x00, 0x00, 0x01, 0xFC, 0x00, 0x00, 0x00,
    0x0E, 0x00, 0x00, 0x00, 0x0B, 0x00, 0x00, 0x00, 0x03, 0x40, 0x00, 0x00, 0x00, 0x00, 0x00, 0x00,
    0x00, 0x00, 0x00, 0xAF, 0x47, 0xF4, 0xFF, 0xAF, 0xFC, 0x0F, 0xF0, 0xFC, 0x0F, 0xD0, 0xFC, 0x0F,
    0xC0, 0x60, 0x0F, 0xC0, 0x00, 0x0F, 0xC0, 0x00, 0x0F, 0xC0, 0x00, 0x0F, 0xC0, 0x00, 0x0F, 0xC0,
    0x00, 0x0F, 0xC0, 0x00, 0x6F, 0xE4, 0x00, 0xBF, 0xFE, 0x00, 0x00, 0x00, 0x00, 0x02, 0x40, 0x00,
    0x0F, 0xD0, 0x00, 0x0F, 0xD0, 0x00, 0x02, 0xC0, 0x00, 0x03, 0x80, 0x00, 0x06, 0x00, 0x00, 0x00,
    0x00, 0x00, 0x01, 0x00, 0x04, 0x00, 0x00, 0xB8, 0x1F, 0x00, 0x00, 0x0F, 0xEF, 0x00, 0x00, 0x00,
    0xFF, 0x00, 0x00, 0x00, 0x0F, 0x40, 0x00, 0x00, 0x00, 0x00, 0x00, 0x06, 0xAA, 0xA5, 0x00, 0x01,
    0xFF, 0xFF, 0xFC, 0x00, 0x0B, 0xE0, 0x2F, 0xC0, 0x01, 0xF8, 0x02, 0xF8, 0x00, 0x7E, 0x00, 0x7F,
    0x00, 0x1F, 0x80, 0x1F, 0xC0, 0x07, 0xE0, 0x0B, 0xE0, 0x01, 0xF8, 0x03, 0xF0, 0x00, 0x7E, 0x5B,
    0xE0, 0x00, 0x1F, 0xFF, 0xD0, 0x00, 0x07, 0xE0, 0xFD, 0x00, 0x01, 0xF8, 0x1F, 0xC0, 0x00, 0x7E,
    0x03, 0xF4, 0x00, 0x1F, 0x80, 0x7F, 0x00, 0x07, 0xE0, 0x0F, 0xD0, 0x01, 0xF8, 0x02, 0xFC, 0x02,
    0xFF, 0x90, 0x3F, 0xE6, 0xFF, 0xFC, 0x07, 0xFD, 0x00, 0x00, 0x00, 0x14, 0x00, 0x04, 0x00, 0x10,
    0x0B, 0x41, 0xE0, 0x03, 0xEB, 0xC0, 0x00, 0xFF, 0x00, 0x00, 0x7D, 0x00, 0x00, 0x14, 0x00, 0x00,
    0x00, 0x00, 0xAF, 0x47, 0xF4, 0xFF, 0xAF, 0xFC, 0x0F, 0xF0, 0xFC, 0x0F, 0xD0, 0xFC, 0x0F, 0xC0,
    0x60, 0x0F, 0xC0, 0x00, 0x0F, 0xC0, 0x00, 0x0F, 0xC0, 0x00, 0x0F, 0xC0, 0x00, 0x0F, 0xC0, 0x00,
    0x0F, 0xC0, 0x00, 0x6F, 0xE4, 0x00, 0xBF, 0xFE, 0x00, 0x00, 0x00, 0x00, 0x00, 0x00, 0xB8, 0x00,
    0x00, 0xBE, 0x00, 0x00, 0xFE, 0x00, 0x00, 0xB4, 0x00, 0x00, 0x00, 0x00, 0x00, 0x0B, 0xF8, 0xA0,
    0x2F, 0xFF, 0xFC, 0x1F, 0x40, 0x7F, 0x0F, 0xC0, 0x03, 0xC3, 0xE0, 0x00, 0xB0, 0xFC, 0x00, 0x04,
    0x3F, 0xC0, 0x00, 0x0B, 0xFF, 0x40, 0x00, 0xBF, 0xFE, 0x00, 0x07, 0xFF, 0xF4, 0x00, 0x1B, 0xFF,
    0x00, 0x00, 0x2F, 0xE1, 0x00, 0x02, 0xFA, 0xD0, 0x00, 0x3E, 0xBC, 0x00, 0x0F, 0x9F, 0x80, 0x0B,
    0xC7, 0xFE, 0x6F, 0xD1, 0xC7, 0xFF, 0xD0, 0x00, 0x05, 0x00, 0x00, 0x00, 0x04, 0x00, 0x02, 0xF0,
    0x00, 0x7F, 0x00, 0x0F, 0x80, 0x02, 0xD0, 0x00, 0x10, 0x00, 0x00, 0x00, 0x00, 0xBF, 0xED, 0x3F,
    0x5F, 0xD7, 0xC0, 0x2D, 0xBC, 0x00, 0xEB, 0xE0, 0x00, 0x3F, 0xF8, 0x01, 0xFF, 0xF8, 0x01, 0xBF,
    0xE0, 0x00, 0x7F, 0xF0, 0x02, 0xFB, 0x80, 0x2E, 0xBF, 0x5B, 0xCB, 0xBF, 0xF4, 0x10, 0x50, 0x00,
    0x00, 0x04, 0x00, 0x00, 0x0F, 0xC0, 0x00, 0x0F, 0xFC, 0x00, 0x0B, 0xDF, 0xC0, 0x07, 0x40, 0x78,
    0x00, 0x00, 0x00, 0x00, 0x0B, 0xF8, 0xA0, 0x2F, 0xFF, 0xFC, 0x1F, 0x40, 0x7F, 0x0F, 0xC0, 0x03,
    0xC3, 0xE0, 0x00, 0xB0, 0xFC, 0x00, 0x04, 0x3F, 0xC0, 0x00, 0x0B, 0xFF, 0x40, 0x00, 0xBF, 0xFE,
    0x00, 0x07, 0xFF, 0xF4, 0x00, 0x1B, 0xFF, 0x00, 0x00, 0x2F, 0xE1, 0x00, 0x02, 0xFA, 0xD0, 0x00,
    0x3E, 0xBC, 0x00, 0x0F, 0x9F, 0x80, 0x0B, 0xC7, 0xFE, 0x6F, 0xD1, 0xC7, 0xFF, 0xD0, 0x00, 0x05,
    0x00, 0x00, 0x00, 0xA0, 0x00, 0x2F, 0x80, 0x07, 0xFD, 0x00, 0xF5, 0xF0, 0x2C, 0x03, 0xC1, 0x00,
    0x04, 0x00, 0x00, 0x00, 0xBF, 0xED, 0x3F, 0x5F, 0xD7, 0xC0, 0x2D, 0xBC, 0x00, 0xEB, 0xE0, 0x00,
    0x3F, 0xF8, 0x01, 0xFF, 0xF8, 0x01, 0xBF, 0xE0, 0x00, 0x7F, 0xF0, 0x02, 0xFB, 0x80, 0x2E, 0xBF,
    0x5B, 0xCB, 0xBF, 0xF4, 0x10, 0x50, 0x00, 0x00, 0xBF, 0x8A, 0x02, 0xFF, 0xFF, 0xC1, 0xF4, 0x07,
    0xF0, 0xFC, 0x00, 0x3C, 0x3E, 0x00, 0x0B, 0x0F, 0xC0, 0x00, 0x43, 0xFC, 0x00, 0x00, 0xBF, 0xF4,
    0x00, 0x0B, 0xFF, 0xE0, 0x00, 0x7F, 0xFF, 0x40, 0x01, 0xBF, 0xF0, 0x00, 0x02, 0xFE, 0x10, 0x00,
    0x2F, 0xAD, 0x00, 0x03, 0xEB, 0xC0, 0x00, 0xF9, 0xF8, 0x00, 0xBC, 0x7F, 0xE6, 0xFD, 0x1C, 0x7F,
    0xFD, 0x00, 0x01, 0xD0, 0x00, 0x00, 0xB9, 0x00, 0x00, 0x17, 0xD0, 0x00, 0x00, 0xB4, 0x00, 0x0E,
    0xBC, 0x00, 0x01, 0xB9, 0x00, 0x00, 0x00, 0x00, 0xBF, 0xED, 0x3F, 0x5F, 0xD7, 0xC0, 0x2D, 0xBC,
    0x00, 0xEB, 0xE0, 0x00, 0x3F, 0xF8, 0x01, 0xFF, 0xF8, 0x01, 0xBF, 0xE0, 0x00, 0x7F, 0xF0, 0x02,
    0xFB, 0x80, 0x2E, 0xBF, 0x5B, 0xCB, 0xBF, 0xF4, 0x10, 0xE0, 0x00, 0x1E, 0x80, 0x00, 0x6E, 0x00,
    0x01, 0xF0, 0x0B, 0xBE, 0x00, 0x2F, 0x80, 0x01, 0x00, 0x14, 0x01, 0xE0, 0x2D, 0x00, 0x1F, 0xBE,
    0x00, 0x02, 0xFE, 0x00, 0x00, 0x2E, 0x00, 0x00, 0x00, 0x00, 0x00, 0x0B, 0xF8, 0xA0, 0x2F, 0xFF,
    0xFC, 0x1F, 0x40, 0x7F, 0x0F, 0xC0, 0x03, 0xC3, 0xE0, 0x00, 0xB0, 0xFC, 0x00, 0x04, 0x3F, 0xC0,
    0x00, 0x0B, 0xFF, 0x40, 0x00, 0xBF, 0xFE, 0x00, 0x07, 0xFF, 0xF4, 0x00, 0x1B, 0xFF, 0x00, 0x00,
    0x2F, 0xE1, 0x00, 0x02, 0xFA, 0xD0, 0x00, 0x3E, 0xBC, 0x00, 0x0F, 0x9F, 0x80, 0x0B, 0xC7, 0xFE,
    0x6F, 0xD1, 0xC7, 0xFF, 0xD0, 0x00, 0x05, 0x00, 0x00, 0x10, 0x00, 0x42, 0xD0, 0x78, 0x0F, 0xAF,
    0x00, 0x3F, 0xC0, 0x01, 0xF4, 0x00, 0x05, 0x00, 0x00, 0x00, 0x00, 0xBF, 0xED, 0x3F, 0x5F, 0xD7,
    0xC0, 0x2D, 0xBC, 0x00, 0xEB, 0xE0, 0x00, 0x3F, 0xF8, 0x01, 0xFF, 0xF8, 0x01, 0xBF, 0xE0, 0x00,
    0x7F, 0xF0, 0x02, 0xFB, 0x80, 0x2E, 0xBF, 0x5B, 0xCB, 0xBF, 0xF4, 0x10, 0x50, 0x00, 0x0A, 0xAA,
    0xAA, 0xAA, 0x41, 0xFF, 0xFF, 0xFF, 0xFC, 0x2F, 0x41, 0xFC, 0x0F, 0xC2, 0xE0, 0x1F, 0xC0, 0x3C,
    0x3C, 0x01, 0xFC, 0x02, 0xD2, 0x80, 0x1F, 0xC0, 0x0D, 0x00, 0x01, 0xFC, 0x00, 0x00, 0x00, 0x1F,
    0xC0, 0x00, 0x00, 0x01, 0xFC, 0x00, 0x00, 0x00, 0x1F, 0xC0, 0x00, 0x00, 0x01, 0xFC, 0x00, 0x00,
    0x00, 0x1F, 0xC0, 0x00, 0x00, 0x01, 0xFC, 0x00, 0x00, 0x00, 0x1F, 0xC0, 0x00, 0x00, 0x01, 0xFC,
    0x00, 0x00, 0x00, 0x1F, 0xC0, 0x00, 0x00, 0x1B, 0xFE, 0x80, 0x00, 0x03, 0xFF, 0xFE, 0x00, 0x00,
    0x00, 0xE0, 0x00, 0x00, 0x00, 0x0F, 0x80, 0x00, 0x00, 0x00, 0x6F, 0x00, 0x00, 0x00, 0x00, 0xF0,
    0x00, 0x00, 0x07, 0xBE, 0x00, 0x00, 0x00, 0x1F, 0x80, 0x00, 0x00, 0x00, 0x00, 0x07, 0x80, 0x00,
    0x1E, 0x00, 0x00, 0xB8, 0x00, 0x03, 0xE0, 0x00, 0xBF, 0xEA, 0x43, 0xFF, 0xFD, 0x01, 0xF8, 0x00,
    0x07, 0xE0, 0x00, 0x1F, 0x80, 0x00, 0x7E, 0x00, 0x01, 0xF8, 0x00, 0x07, 0xE0, 0x00, 0x1F, 0x80,
    0x00, 0x3E, 0x00, 0x00, 0xFC, 0x04, 0x03, 0xFF, 0xF0, 0x07, 0xFF, 0x00, 0x03, 0xC0, 0x00, 0x0F,
    0x80, 0x00, 0x17, 0xC0, 0x00, 0x0F, 0x00, 0x0E, 0xFC, 0x00, 0x1F, 0x80, 0x00, 0x10, 0x00, 0x40,
    0x00, 0x02, 0xE0, 0x7C, 0x00, 0x00, 0x0B, 0xEF, 0x00, 0x00, 0x00, 0x3F, 0xD0, 0x00, 0x00, 0x00,
    0xF4, 0x00, 0x00, 0x00, 0x00, 0x00, 0x00, 0x0A, 0xAA, 0xAA, 0xAA, 0x41, 0xFF, 0xFF, 0xFF, 0xFC,
    0x2F, 0x41, 0xFC, 0x0F, 0xC2, 0xE0, 0x1F, 0xC0, 0x3C, 0x3C, 0x01, 0xFC, 0x02, 0xD2, 0x80, 0x1F,
    0xC0, 0x0D, 0x00, 0x01, 0xFC, 0x00, 0x00, 0x00, 0x1F, 0xC0, 0x00, 0x00, 0x01, 0xFC, 0x00, 0x00,
    0x00, 0x1F, 0xC0, 0x00, 0x00, 0x01, 0xFC, 0x00, 0x00, 0x00, 0x1F, 0xC0, 0x00, 0x00, 0x01, 0xFC,
    0x00, 0x00, 0x00, 0x1F, 0xC0, 0x00, 0x00, 0x01, 0xFC, 0x00, 0x00, 0x00, 0x1F, 0xC0, 0x00, 0x00,
    0x1B, 0xFE, 0x80, 0x00, 0x03, 0xFF, 0xFE, 0x00, 0x00, 0x00, 0x40, 0x00, 0x0F, 0xC0, 0x00, 0x2F,
    0x00, 0x00, 0x3C, 0x01, 0xE0, 0xD0, 0x07, 0x8F, 0x00, 0x2E, 0x10, 0x00, 0xF8, 0x00, 0x2F, 0xFA,
    0x90, 0xFF, 0xFF, 0x40, 0x7E, 0x00, 0x01, 0xF8, 0x00, 0x07, 0xE0, 0x00, 0x1F, 0x80, 0x00, 0x7E,
    0x00, 0x01, 0xF8, 0x00, 0x07, 0xE0, 0x00, 0x0F, 0x80, 0x00, 0x3F, 0x01, 0x00, 0xFF, 0xFC, 0x01,
    0xFF, 0xC0, 0x00, 0x50, 0x00, 0x0A, 0xAA, 0xAA, 0xAA, 0x41, 0xFF, 0xFF, 0xFF, 0xFC, 0x2F, 0x41,
    0xFC, 0x0F, 0xC2, 0xE0, 0x1F, 0xC0, 0x3C, 0x3C, 0x01, 0xFC, 0x02, 0xD2, 0x80, 0x1F, 0xC0, 0x0D,
    0x00, 0x01, 0xFC, 0x00, 0x00, 0x00, 0x1F, 0xC0, 0x00, 0x00, 0x6A, 0xFE, 0xA4, 0x00, 0x0F, 0xFF,
    0xFF, 0x80, 0x00, 0x55, 0xFD, 0x50, 0x00, 0x00, 0x1F, 0xC0, 0x00, 0x00, 0x01, 0xFC, 0x00, 0x00,
    0x00, 0x1F, 0xC0, 0x00, 0x00, 0x01, 0xFC, 0x00, 0x00, 0x00, 0x1F, 0xC0, 0x00, 0x00, 0x1B, 0xFE,
    0x80, 0x00, 0x03, 0xFF, 0xFE, 0x00, 0x00, 0x00, 0x00, 0x07, 0x80, 0x00, 0x1E, 0x00, 0x00, 0xB8,
    0x00, 0x03, 0xE0, 0x00, 0xBF, 0xEA, 0x43, 0xFF, 0xFD, 0x01, 0xF8, 0x00, 0x07, 0xE0, 0x00, 0x1F,
    0x80, 0x07, 0xFF, 0xFD, 0x0A, 0xFE, 0xA0, 0x07, 0xE0, 0x00, 0x1F, 0x80, 0x00, 0x3E, 0x00, 0x00,
    0xFC, 0x04, 0x03, 0xFF, 0xF0, 0x07, 0xFF, 0x00, 0x01, 0x40, 0x00, 0x00, 0x06, 0x80, 0x00, 0x00,
    0x00, 0xFF, 0xEE, 0x00, 0x00, 0x2A, 0xFF, 0xC0, 0x00, 0x00, 0x00, 0xA0, 0x00, 0x00, 0x00, 0x00,
    0x00, 0x06, 0xAA, 0x80, 0x0A, 0xAA, 0xFF, 0xFD, 0x00, 0xFF, 0xF0, 0xFD, 0x00, 0x01, 0xF0, 0x0F,
    0xD0, 0x00, 0x0F, 0x00, 0xFD, 0x00, 0x00, 0xF0, 0x0F, 0xD0, 0x00, 0x0F, 0x00, 0xFD, 0x00, 0x00,
    0xF0, 0x0F, 0xD0, 0x00, 0x0F, 0x00, 0xFD, 0x00, 0x00, 0xF0, 0x0F, 0xD0, 0x00, 0x0F, 0x00, 0xFD,
    0x00, 0x00, 0xF0, 0x0F, 0xD0, 0x00, 0x0F, 0x00, 0xBD, 0x00, 0x00, 0xF0, 0x0B, 0xD0, 0x00, 0x1E,
    0x00, 0x7F, 0x00, 0x03, 0xD0, 0x03, 0xF8, 0x00, 0xBC, 0x00, 0x0F, 0xFE, 0xFF, 0x00, 0x00, 0x2F,
    0xFF, 0x80, 0x00, 0x00, 0x05, 0x00, 0x00, 0x00, 0x29, 0x00, 0x00, 0x00, 0xFF, 0xEE, 0x00, 0x02,
    0xDB, 0xFC, 0x00, 0x00, 0x00, 0x64, 0x00, 0x00, 0x00, 0x00, 0x00, 0x00, 0x00, 0x00, 0x00, 0x2B,
    0xD0, 0x2B, 0xD0, 0x7F, 0xD0, 0x3F, 0xE0, 0x0B, 0xD0, 0x0B, 0xE0, 0x07, 0xD0, 0x07, 0xE0, 0x07,
    0xD0, 0x07, 0xE0, 0x07, 0xD0, 0x07, 0xE0, 0x07, 0xD0, 0x07, 0xE0, 0x07, 0xD0, 0x07, 0xE0, 0x07,
    0xD0, 0x07, 0xE0, 0x07, 0xD0, 0x0B, 0xE0, 0x07, 0xF0, 0x1F, 0xE0, 0x03, 0xFE, 0xF7, 0xF8, 0x00,
    0xFF, 0xD3, 0xFD, 0x00, 0x15, 0x00, 0x00, 0x00, 0x1F, 0xFF, 0xC0, 0x00, 0x01, 0xFF, 0xFC, 0x00,
    0x00, 0x00, 0x00, 0x00, 0x00, 0x00, 0x00, 0x00, 0x00, 0x6A, 0xA8, 0x00, 0xAA, 0xAF, 0xFF, 0xD0,
    0x0F, 0xFF, 0x0F, 0xD0, 0x00, 0x1F, 0x00, 0xFD, 0x00, 0x00, 0xF0, 0x0F, 0xD0, 0x00, 0x0F, 0x00,
    0xFD, 0x00, 0x00, 0xF0, 0x0F, 0xD0, 0x00, 0x0F, 0x00, 0xFD, 0x00, 0x00, 0xF0, 0x0F, 0xD0, 0x00,
    0x0F, 0x00, 0xFD, 0x00, 0x00, 0xF0, 0x0F, 0xD0, 0x00, 0x0F, 0x00, 0xFD, 0x00, 0x00, 0xF0, 0x0B,
    0xD0, 0x00, 0x0F, 0x00, 0xBD, 0x00, 0x01, 0xE0, 0x07, 0xF0, 0x00, 0x3D, 0x00, 0x3F, 0x80, 0x0B,
    0xC0, 0x00, 0xFF, 0xEF, 0xF0, 0x00, 0x02, 0xFF, 0xF8, 0x00, 0x00, 0x00, 0x50, 0x00, 0x00, 0x00,
    0xFF, 0xFC, 0x00, 0x00, 0xFF, 0xFD, 0x00, 0x00, 0x00, 0x00, 0x00, 0x00, 0x00, 0x00, 0x00, 0x00,
    0x00, 0x00, 0x00, 0x2B, 0xD0, 0x2B, 0xD0, 0x7F, 0xD0, 0x3F, 0xE0, 0x0B, 0xD0, 0x0B, 0xE0, 0x07,
    0xD0, 0x07, 0xE0, 0x07, 0xD0, 0x07, 0xE0, 0x07, 0xD0, 0x07, 0xE0, 0x07, 0xD0, 0x07, 0xE0, 0x07,
    0xD0, 0x07, 0xE0, 0x07, 0xD0, 0x07, 0xE0, 0x07, 0xD0, 0x0B, 0xE0, 0x07, 0xF0, 0x1F, 0xE0, 0x03,
    0xFE, 0xF7, 0xF8, 0x00, 0xFF, 0xD3, 0xFD, 0x00, 0x15, 0x00, 0x00, 0x00, 0x00, 0x00, 0x00, 0x00,
    0x02, 0xC0, 0x0D, 0x00, 0x00, 0x1E, 0x02, 0xC0, 0x00, 0x00, 0xFF, 0xF8, 0x00, 0x00, 0x03, 0xFE,
    0x00, 0x00, 0x00, 0x00, 0x00, 0x00, 0x6A, 0xA8, 0x00, 0xAA, 0xAF, 0xFF, 0xD0, 0x0F, 0xFF, 0x0F,
    0xD0, 0x00, 0x1F, 0x00, 0xFD, 0x00, 0x00, 0xF0, 0x0F, 0xD0, 0x00, 0x0F, 0x00, 0xFD, 0x00, 0x00,
    0xF0, 0x0F, 0xD0, 0x00, 0x0F, 0x00, 0xFD, 0x00, 0x00, 0xF0, 0x0F, 0xD0, 0x00, 0x0F, 0x00, 0xFD,
    0x00, 0x00, 0xF0, 0x0F, 0xD0, 0x00, 0x0F, 0x00, 0xFD, 0x00, 0x00, 0xF0, 0x0B, 0xD0, 0x00, 0x0F,
    0x00, 0xBD, 0x00, 0x01, 0xE0, 0x07, 0xF0, 0x00, 0x3D, 0x00, 0x3F, 0x80, 0x0B, 0xC0, 0x00, 0xFF,
    0xEF, 0xF0, 0x00, 0x02, 0xFF, 0xF8, 0x00, 0x00, 0x00, 0x50, 0x00, 0x00, 0x00, 0x40, 0x00, 0x00,
    0x00, 0xC0, 0x0D, 0x00, 0x00, 0xF0, 0x2C, 0x00, 0x00, 0xBF, 0xF8, 0x00, 0x00, 0x2F, 0xF0, 0x00,
    0x00, 0x01, 0x00, 0x00, 0x00, 0x00, 0x00, 0x00, 0x2B, 0xD0, 0x2B, 0xD0, 0x7F, 0xD0, 0x3F, 0xE0,
    0x0B, 0xD0, 0x0B, 0xE0, 0x07, 0xD0, 0x07, 0xE0, 0x07, 0xD0, 0x07, 0xE0, 0x07, 0xD0, 0x07, 0xE0,
    0x07, 0xD0, 0x07, 0xE0, 0x07, 0xD0, 0x07, 0xE0, 0x07, 0xD0, 0x07, 0xE0, 0x07, 0xD0, 0x0B, 0xE0,
    0x07, 0xF0, 0x1F, 0xE0, 0x03, 0xFE, 0xF7, 0xF8, 0x00, 0xFF, 0xD3, 0xFD, 0x00, 0x15, 0x00, 0x00,
    0x00, 0x01, 0xFD, 0x00, 0x00, 0x00, 0x79, 0xF0, 0x00, 0x00, 0x0B, 0x07, 0x40, 0x00, 0x00, 0xB4,
    0xB4, 0x00, 0x00, 0x03, 0xFE, 0x00, 0x00, 0x00, 0x05, 0x40, 0x00, 0x6A, 0xA8, 0x00, 0xAA, 0xAF,
    0xFF, 0xD0, 0x0F, 0xFF, 0x0F, 0xD0, 0x00, 0x1F, 0x00, 0xFD, 0x00, 0x00, 0xF0, 0x0F, 0xD0, 0x00,
    0x0F, 0x00, 0xFD, 0x00, 0x00, 0xF0, 0x0F, 0xD0, 0x00, 0x0F, 0x00, 0xFD, 0x00, 0x00, 0xF0, 0x0F,
    0xD0, 0x00, 0x0F, 0x00, 0xFD, 0x00, 0x00, 0xF0, 0x0F, 0xD0, 0x00, 0x0F, 0x00, 0xFD, 0x00, 0x00,
    0xF0, 0x0B, 0xD0, 0x00, 0x0F, 0x00, 0xBD, 0x00, 0x01, 0xE0, 0x07, 0xF0, 0x00, 0x3D, 0x00, 0x3F,
    0x80, 0x0B, 0xC0, 0x00, 0xFF, 0xEF, 0xF0, 0x00, 0x02, 0xFF, 0xF8, 0x00, 0x00, 0x00, 0x50, 0x00,
    0x00, 0x00, 0x0B, 0x90, 0x00, 0x00, 0x3D, 0xF0, 0x00, 0x00, 0x74, 0x78, 0x00, 0x00, 0x78, 0x74,
    0x00, 0x00, 0x3F, 0xF0, 0x00, 0x00, 0x05, 0x40, 0x00, 0x00, 0x00, 0x00, 0x00, 0x2B, 0xD0, 0x2B,
    0xD0, 0x7F, 0xD0, 0x3F, 0xE0, 0x0B, 0xD0, 0x0B, 0xE0, 0x07, 0xD0, 0x07, 0xE0, 0x07, 0xD0, 0x07,
    0xE0, 0x07, 0xD0, 0x07, 0xE0, 0x07, 0xD0, 0x07, 0xE0, 0x07, 0xD0, 0x07, 0xE0, 0x07, 0xD0, 0x07,
    0xE0, 0x07, 0xD0, 0x0B, 0xE0, 0x07, 0xF0, 0x1F, 0xE0, 0x03, 0xFE, 0xF7, 0xF8, 0x00, 0xFF, 0xD3,
    0xFD, 0x00, 0x15, 0x00, 0x00, 0x00, 0x00, 0x04, 0x00, 0x00, 0x00, 0x07, 0xC1, 0xE0, 0x00, 0x00,
    0xFC, 0x7F, 0x00, 0x00, 0x3E, 0x1F, 0x80, 0x00, 0x0B, 0x43, 0x80, 0x00, 0x00, 0x00, 0x00, 0x00,
    0x6A, 0xA8, 0x00, 0xAA, 0xAF, 0xFF, 0xD0, 0x0F, 0xFF, 0x0F, 0xD0, 0x00, 0x1F, 0x00, 0xFD, 0x00,
    0x00, 0xF0, 0x0F, 0xD0, 0x00, 0x0F, 0x00, 0xFD, 0x00, 0x00, 0xF0, 0x0F, 0xD0, 0x00, 0x0F, 0x00,
    0xFD, 0x00, 0x00, 0xF0, 0x0F, 0xD0, 0x00, 0x0F, 0x00, 0xFD, 0x00, 0x00, 0xF0, 0x0F, 0xD0, 0x00,
    0x0F, 0x00, 0xFD, 0x00, 0x00, 0xF0, 0x0B, 0xD0, 0x00, 0x0F, 0x00, 0xBD, 0x00, 0x01, 0xE0, 0x07,
    0xF0, 0x00, 0x3D, 0x00, 0x3F, 0x80, 0x0B, 0xC0, 0x00, 0xFF, 0xEF, 0xF0, 0x00, 0x02, 0xFF, 0xF8,
    0x00, 0x00, 0x00, 0x50, 0x00, 0x00, 0x00, 0x01, 0x40, 0x40, 0x00, 0x07, 0xC3, 0xC0, 0x00, 0x0F,
    0xCF, 0xC0, 0x00, 0x2F, 0x2F, 0x00, 0x00, 0x38, 0x78, 0x00, 0x00, 0x10, 0x10, 0x00, 0x00, 0x00,
    0x00, 0x00, 0x2B, 0xD0, 0x2B, 0xD0, 0x7F, 0xD0, 0x3F, 0xE0, 0x0B, 0xD0, 0x0B, 0xE0, 0x07, 0xD0,
    0x07, 0xE0, 0x07, 0xD0, 0x07, 0xE0, 0x07, 0xD0, 0x07, 0xE0, 0x07, 0xD0, 0x07, 0xE0, 0x07, 0xD0,
    0x07, 0xE0, 0x07, 0xD0, 0x07, 0xE0, 0x07, 0xD0, 0x0B, 0xE0, 0x07, 0xF0, 0x1F, 0xE0, 0x03, 0xFE,
    0xF7, 0xF8, 0x00, 0xFF, 0xD3, 0xFD, 0x00, 0x15, 0x00, 0x00, 0x6A, 0xA8, 0x00, 0xAA, 0xAF, 0xFF,
    0xD0, 0x0F, 0xFF, 0x0F, 0xD0, 0x00, 0x1F, 0x00, 0xFD, 0x00, 0x00, 0xF0, 0x0F, 0xD0, 0x00, 0x0F,
    0x00, 0xFD, 0x00, 0x00, 0xF0, 0x0F, 0xD0, 0x00, 0x0F, 0x00, 0xFD, 0x00, 0x00, 0xF0, 0x0F, 0xD0,
    0x00, 0x0F, 0x00, 0xFD, 0x00, 0x00, 0xF0, 0x0F, 0xD0, 0x00, 0x0F, 0x00, 0xFD, 0x00, 0x00, 0xF0,
    0x0B, 0xD0, 0x00, 0x0F, 0x00, 0xBD, 0x00, 0x01, 0xE0, 0x07, 0xF0, 0x00, 0x3D, 0x00, 0x3F, 0x80,
    0x0B, 0xC0, 0x00, 0xFF, 0xEF, 0xF0, 0x00, 0x02, 0xFF, 0xF8, 0x00, 0x00, 0x00, 0x7C, 0x00, 0x00,
    0x00, 0x0F, 0x00, 0x00, 0x00, 0x02, 0xE0, 0x00, 0x00, 0x00, 0x3E, 0x00, 0x00, 0x00, 0x03, 0xFF,
    0x00, 0x00, 0x00, 0x0B, 0x80, 0x00, 0x2B, 0xD0, 0x2B, 0xD0, 0x7F, 0xD0, 0x3F, 0xE0, 0x0B, 0xD0,
    0x0B, 0xE0, 0x07, 0xD0, 0x07, 0xE0, 0x07, 0xD0, 0x07, 0xE0, 0x07, 0xD0, 0x07, 0xE0, 0x07, 0xD0,
    0x07, 0xE0, 0x07, 0xD0, 0x07, 0xE0, 0x07, 0xD0, 0x07, 0xE0, 0x07, 0xD0, 0x0B, 0xE0, 0x07, 0xF0,
    0x1F, 0xE0, 0x03, 0xFE, 0xF7, 0xF8, 0x00, 0xFF, 0xD3, 0xFD, 0x00, 0x15, 0x01, 0xF0, 0x00, 0x00,
    0x03, 0xC0, 0x00, 0x00, 0x0F, 0x40, 0x00, 0x00, 0x0F, 0x40, 0x00, 0x00, 0x0F, 0xFC, 0x00, 0x00,
    0x02, 0xE0, 0x00, 0x00, 0x00, 0x14, 0x00, 0x00, 0x00, 0x00, 0x00, 0x01, 0xF4, 0x00, 0x00, 0x00,
    0x00, 0x00, 0x1F, 0xF4, 0x00, 0x00, 0x00, 0x00, 0x01, 0xFA, 0xF4, 0x00, 0x00, 0x00, 0x00, 0x0E,
    0x00, 0xB0, 0x00, 0x00, 0x00, 0x00, 0x00, 0x00, 0x00, 0x00, 0x06, 0xAA, 0x90, 0x06, 0x90, 0x02,
    0xAA, 0xAF, 0xFF, 0x80, 0x3F, 0xC0, 0x0F, 0xFF, 0x0F, 0xF0, 0x00, 0xFF, 0x00, 0x07, 0xC0, 0x1F,
    0xC0, 0x07, 0xFD, 0x00, 0x1E, 0x00, 0x3F, 0x00, 0x2E, 0xF8, 0x00, 0xB4, 0x00, 0xFD, 0x00, 0xF3,
    0xF0, 0x03, 0xC0, 0x02, 0xF4, 0x03, 0x8B, 0xD0, 0x0F, 0x00, 0x07, 0xE0, 0x1D, 0x1F, 0x80, 0x78,
    0x00, 0x0F, 0xC0, 0xB0, 0x3F, 0x02, 0xD0, 0x00, 0x3F, 0x03, 0xC0, 0xFC, 0x0F, 0x00, 0x00, 0xBD,
    0x0E, 0x02, 0xF4, 0x3C, 0x00, 0x01, 0xF8, 0x74, 0x07, 0xE0, 0xE0, 0x00, 0x03, 0xF2, 0xC0, 0x0F,
    0xC7, 0x40, 0x00, 0x0F, 0xCF, 0x00, 0x2F, 0x6C, 0x00, 0x00, 0x2F, 0xB8, 0x00, 0x7E, 0xF0, 0x00,
    0x00, 0x7F, 0xD0, 0x00, 0xFF, 0x80, 0x00, 0x00, 0xFF, 0x00, 0x03, 0xFD, 0x00, 0x00, 0x03, 0xFC,
    0x00, 0x0B, 0xF0, 0x00, 0x00, 0x00, 0x02, 0x00, 0x00, 0x00, 0x00, 0x00, 0xFC, 0x00, 0x00, 0x00,
    0x00, 0x3F, 0xF0, 0x00, 0x00, 0x00, 0x0B, 0xCF, 0x80, 0x00, 0x00, 0x01, 0xE0, 0x2C, 0x00, 0x00,
    0x00, 0x04, 0x00, 0x40, 0x00, 0x00, 0x00, 0x00, 0x00, 0x00, 0x06, 0xAA, 0x40, 0xA8, 0x06, 0xA9,
    0xBF, 0xF4, 0x1F, 0xD0, 0x7F, 0xD0, 0xFC, 0x02, 0xFE, 0x00, 0xF0, 0x0F, 0xC0, 0x3F, 0xF0, 0x1D,
    0x00, 0x7D, 0x03, 0xAF, 0x02, 0xC0, 0x03, 0xF0, 0x75, 0xF4, 0x3C, 0x00, 0x3F, 0x0B, 0x0F, 0x83,
    0x80, 0x02, 0xF4, 0xF0, 0xFC, 0x74, 0x00, 0x0F, 0x9D, 0x0B, 0xCB, 0x00, 0x00, 0xFE, 0xC0, 0x7D,
    0xE0, 0x00, 0x0B, 0xFC, 0x03, 0xFD, 0x00, 0x00, 0x7F, 0x80, 0x2F, 0xC0, 0x00, 0x03, 0xF4, 0x01,
    0xF8, 0x00, 0x00, 0x00, 0x10, 0x00, 0x00, 0x00, 0x0F, 0xC0, 0x00, 0x00, 0x03, 0xFF, 0x00, 0x00,
    0x00, 0xBD, 0xFC, 0x00, 0x00, 0x1D, 0x01, 0xE0, 0x00, 0x00, 0x00, 0x00, 0x00, 0x6A, 0xA9, 0x01,
    0xAA, 0x9B, 0xFF, 0xF0, 0x2F, 0xFE, 0x0F, 0xF0, 0x00, 0x3E, 0x00, 0x3F, 0x00, 0x03, 0xC0, 0x01,
    0xFC, 0x00, 0xB4, 0x00, 0x0F, 0xD0, 0x1F, 0x00, 0x00, 0x3F, 0x03, 0xC0, 0x00, 0x02, 0xF8, 0x78,
    0x00, 0x00, 0x0F, 0xDF, 0x00, 0x00, 0x00, 0x7F, 0xD0, 0x00, 0x00, 0x02, 0xF8, 0x00, 0x00, 0x00,
    0x2F, 0x80, 0x00, 0x00, 0x02, 0xF8, 0x00, 0x00, 0x00, 0x2F, 0x80, 0x00, 0x00, 0x02, 0xF8, 0x00,
    0x00, 0x00, 0x2F, 0x80, 0x00, 0x00, 0x1B, 0xFE, 0x40, 0x00, 0x03, 0xFF, 0xFC, 0x00, 0x00, 0x02,
    0x40, 0x00, 0x00, 0x2F, 0x40, 0x00, 0x01, 0xFF, 0x00, 0x00, 0x0F, 0x5F, 0x00, 0x00, 0xF0, 0x1E,
    0x00, 0x01, 0x00, 0x00, 0x00, 0x00, 0x00, 0x00, 0x1A, 0xAA, 0x0A, 0xA9, 0x7F, 0xF8, 0x2F, 0xF4,
    0x3F, 0x00, 0x0F, 0x00, 0xBD, 0x00, 0x74, 0x00, 0xFC, 0x03, 0xC0, 0x02, 0xF4, 0x0E, 0x00, 0x07,
    0xE0, 0xB0, 0x00, 0x0F, 0xC3, 0x80, 0x00, 0x1F, 0x5D, 0x00, 0x00, 0x3F, 0xF0, 0x00, 0x00, 0xBF,
    0x40, 0x00, 0x00, 0xFC, 0x00, 0x00, 0x02, 0xE0, 0x00, 0x00, 0x0B, 0x00, 0x00, 0x00, 0x38, 0x00,
    0x07, 0xC2, 0xD0, 0x00, 0x2F, 0x5E, 0x00, 0x00, 0xBF, 0xF0, 0x00, 0x00, 0x69, 0x00, 0x00, 0x00,
    0x00, 0x1E, 0x02, 0xD0, 0x00, 0x03, 0xF8, 0xBF, 0x00, 0x00, 0x3F, 0x87, 0xF0, 0x00, 0x00, 0x90,
    0x18, 0x00, 0x00, 0x00, 0x00, 0x00, 0x06, 0xAA, 0x90, 0x1A, 0xA9, 0xBF, 0xFF, 0x02, 0xFF, 0xE0,
    0xFF, 0x00, 0x03, 0xE0, 0x03, 0xF0, 0x00, 0x3C, 0x00, 0x1F, 0xC0, 0x0B, 0x40, 0x00, 0xFD, 0x01,
    0xF0, 0x00, 0x03, 0xF0, 0x3C, 0x00, 0x00, 0x2F, 0x87, 0x80, 0x00, 0x00, 0xFD, 0xF0, 0x00, 0x00,
    0x07, 0xFD, 0x00, 0x00, 0x00, 0x2F, 0x80, 0x00, 0x00, 0x02, 0xF8, 0x00, 0x00, 0x00, 0x2F, 0x80,
    0x00, 0x00, 0x02, 0xF8, 0x00, 0x00, 0x00, 0x2F, 0x80, 0x00, 0x00, 0x02, 0xF8, 0x00, 0x00, 0x01,
    0xBF, 0xE4, 0x00, 0x00, 0x3F, 0xFF, 0xC0, 0x00, 0x00, 0x00, 0x00, 0x00, 0x00, 0x03, 0xC0, 0x00,
    0x00, 0x3F, 0x40, 0x00, 0x03, 0xF4, 0x00, 0x00, 0x3D, 0x00, 0x00, 0x00, 0x00, 0x00, 0x02, 0xAA,
    0xAA, 0xAA, 0x0F, 0xFF, 0xFF, 0xFC, 0x3F, 0x00, 0x0F, 0xE1, 0xF0, 0x00, 0x7F, 0x07, 0x80, 0x03,
    0xF4, 0x18, 0x00, 0x3F, 0x80, 0x00, 0x02, 0xFC, 0x00, 0x00, 0x1F, 0xC0, 0x00, 0x00, 0xFD, 0x00,
    0x00, 0x0B, 0xF0, 0x00, 0x00, 0x7F, 0x00, 0x00, 0x03, 0xF4, 0x00, 0x00, 0x3F, 0x80, 0x01, 0x02,
    0xFC, 0x00, 0x2C, 0x0F, 0xD0, 0x00, 0xF0, 0xFE, 0x00, 0x0B, 0xCB, 0xFA, 0xAA, 0xFF, 0x2F, 0xFF,
    0xFF, 0xFC, 0x00, 0x01, 0x40, 0x00, 0x07, 0xC0, 0x00, 0x0F, 0xC0, 0x00, 0x2F, 0x00, 0x00, 0x78,
    0x00, 0x00, 0x00, 0x00, 0x00, 0x00, 0x00, 0x2A, 0xAA, 0xA9, 0x3F, 0xFF, 0xFD, 0x3D, 0x01, 0xFC,
    0x3C, 0x03, 0xF0, 0x24, 0x0F, 0xD0, 0x00, 0x1F, 0x80, 0x00, 0x3F, 0x00, 0x00, 0xFC, 0x00, 0x02,
    0xF4, 0x0A, 0x07, 0xE0, 0x0F, 0x0F, 0xC0, 0x2E, 0x3F, 0xAA, 0xFE, 0x3F, 0xFF, 0xFE, 0x00, 0x0F,
    0x40, 0x00, 0x00, 0xBF, 0x00, 0x00, 0x02, 0xFC, 0x00, 0x00, 0x02, 0x90, 0x00, 0x00, 0x00, 0x00,
    0x00, 0xAA, 0xAA, 0xAA, 0x83, 0xFF, 0xFF, 0xFF, 0x0F, 0xC0, 0x03, 0xF8, 0x7C, 0x00, 0x1F, 0xC1,
    0xE0, 0x00, 0xFD, 0x06, 0x00, 0x0F, 0xE0, 0x00, 0x00, 0xBF, 0x00, 0x00, 0x07, 0xF0, 0x00, 0x00,
    0x3F, 0x40, 0x00, 0x02, 0xFC, 0x00, 0x00, 0x1F, 0xC0, 0x00, 0x00, 0xFD, 0x00, 0x00, 0x0F, 0xE0,
    0x00, 0x40, 0xBF, 0x00, 0x0B, 0x03, 0xF4, 0x00, 0x3C, 0x3F, 0x80, 0x02, 0xF2, 0xFE, 0xAA, 0xBF,
    0xCB, 0xFF, 0xFF, 0xFF, 0x00, 0x00, 0x3E, 0x00, 0x00, 0xBF, 0x00, 0x00, 0xBF, 0x00, 0x00, 0x18,
    0x00, 0x00, 0x00, 0x00, 0x00, 0x00, 0x00, 0x2A, 0xAA, 0xA9, 0x3F, 0xFF, 0xFD, 0x3D, 0x01, 0xFC,
    0x3C, 0x03, 0xF0, 0x24, 0x0F, 0xD0, 0x00, 0x1F, 0x80, 0x00, 0x3F, 0x00, 0x00, 0xFC, 0x00, 0x02,
    0xF4, 0x0A, 0x07, 0xE0, 0x0F, 0x0F, 0xC0, 0x2E, 0x3F, 0xAA, 0xFE, 0x3F, 0xFF, 0xFE, 0x01, 0x00,
    0x04, 0x00, 0x0B, 0x81, 0xF0, 0x00, 0x0B, 0xEF, 0x40, 0x00, 0x0F, 0xF4, 0x00, 0x00, 0x0F, 0x40,
    0x00, 0x00, 0x00, 0x00, 0x02, 0xAA, 0xAA, 0xAA, 0x0F, 0xFF, 0xFF, 0xFC, 0x3F, 0x00, 0x0F, 0xE1,
    0xF0, 0x00, 0x7F, 0x07, 0x80, 0x03, 0xF4, 0x18, 0x00, 0x3F, 0x80, 0x00, 0x02, 0xFC, 0x00, 0x00,
    0x1F, 0xC0, 0x00, 0x00, 0xFD, 0x00, 0x00, 0x0B, 0xF0, 0x00, 0x00, 0x7F, 0x00, 0x00, 0x03, 0xF4,
    0x00, 0x00, 0x3F, 0x80, 0x01, 0x02, 0xFC, 0x00, 0x2C, 0x0F, 0xD0, 0x00, 0xF0, 0xFE, 0x00, 0x0B,
    0xCB, 0xFA, 0xAA, 0xFF, 0x2F, 0xFF, 0xFF, 0xFC, 0x01, 0x00, 0x10, 0x07, 0x80, 0xF0, 0x02, 0xF7,
    0xC0, 0x00, 0xFF, 0x40, 0x00, 0x3E, 0x00, 0x00, 0x04, 0x00, 0x00, 0x00, 0x00, 0x2A, 0xAA, 0xA9,
    0x3F, 0xFF, 0xFD, 0x3D, 0x01, 0xFC, 0x3C, 0x03, 0xF0, 0x24, 0x0F, 0xD0, 0x00, 0x1F, 0x80, 0x00,
    0x3F, 0x00, 0x00, 0xFC, 0x00, 0x02, 0xF4, 0x0A, 0x07, 0xE0, 0x0F, 0x0F, 0xC0, 0x2E, 0x3F, 0xAA,
    0xFE, 0x3F, 0xFF, 0xFE, 0x00, 0x6F, 0xE4, 0x00, 0x07, 0xFF, 0xFF, 0x00, 0x2F, 0xEA, 0xFF, 0xC0,
    0xB8, 0x00, 0x1F, 0xF0, 0x10, 0x00, 0x07, 0xF4, 0x00, 0x00, 0x02, 0xFC, 0x00, 0x00, 0x01, 0xFC,
    0x00, 0x00, 0x00, 0xFC, 0x00, 0x00, 0x00, 0xFD, 0x7F, 0xFF, 0xFF, 0xFD, 0x7F, 0xFF, 0xFF, 0xFD,
    0xBE, 0x00, 0x00, 0xFC, 0xBE, 0x00, 0x00, 0xFC, 0x7E, 0x00, 0x01, 0xF8, 0x3F, 0x00, 0x03, 0xF0,
    0x2F, 0x80, 0x0F, 0xD0, 0x0F, 0xF9, 0xBF, 0x40, 0x02, 0xFF, 0xF8, 0x00, 0x00, 0x05, 0x00, 0x00,
    0x00, 0x00, 0x01, 0xBE, 0x00, 0x00, 0x00, 0xBE, 0xBC, 0x00, 0x00, 0x1F, 0x07, 0xD0, 0x00, 0x03,
    0xE0, 0xBC, 0x00, 0x00, 0x7D, 0x01, 0x00, 0x00, 0x0B, 0xC0, 0x00, 0x00, 0x00, 0xBC, 0x00, 0x00,
    0x00, 0xFF, 0xFF, 0x80, 0x00, 0x0A, 0xFE, 0xA4, 0x00, 0x00, 0x0F, 0x80, 0x00, 0x00, 0x00, 0xF8,
    0x00, 0x00, 0x00, 0x1F, 0x40, 0x00, 0x00, 0x01, 0xF4, 0x00, 0x00, 0x00, 0x2F, 0x00, 0x00, 0x00,
    0x02, 0xF0, 0x00, 0x00, 0x00, 0x3F, 0x00, 0x00, 0x00, 0x03, 0xF0, 0x00, 0x00, 0x00, 0x3E, 0x00,
    0x00, 0x05, 0x03, 0xD0, 0x00, 0x03, 0xF0, 0x7C, 0x00, 0x00, 0x3E, 0x0F, 0x80, 0x00, 0x02, 0xFB,
    0xE0, 0x00, 0x00, 0x06, 0xE4, 0x00, 0x00, 0x00, 0x00, 0x00, 0x00, 0x00, 0x00, 0x00, 0x00, 0x00,
    0x00, 0x0F, 0x40, 0x00, 0xAF, 0x90, 0x0B, 0xF0, 0x03, 0xFF, 0xFF, 0x41, 0xFC, 0x07, 0xF4, 0x07,
    0xF8, 0x0F, 0x03, 0xF0, 0x00, 0x3F, 0x47, 0x42, 0xF4, 0x00, 0x07, 0xF7, 0x80, 0xFC, 0x00, 0x00,
    0xFF, 0x80, 0x7E, 0x00, 0x00, 0x2F, 0x80, 0x2F, 0x40, 0x00, 0x07, 0xF0, 0x0F, 0xD0, 0x00, 0x01,
    0xFC, 0x03, 0xF4, 0x00, 0x00, 0x7F, 0x00, 0xFD, 0x00, 0x00, 0x1F, 0xC0, 0x2F, 0x80, 0x00, 0x07,
    0xE0, 0x07, 0xF0, 0x00, 0x02, 0xF4, 0x00, 0xFC, 0x00, 0x00, 0xFC, 0x00, 0x2F, 0xC0, 0x00, 0x7E,
    0x00, 0x03, 0xFC, 0x00, 0x7F, 0x00, 0x00, 0x3F, 0xEA, 0xFF, 0x00, 0x00, 0x01, 0xFF, 0xFD, 0x00,
    0x00, 0x00, 0x01, 0x50, 0x00, 0x00, 0x00, 0x00, 0x00, 0x00, 0xA0, 0x00, 0x00, 0x0B, 0xF0, 0x00,
    0x00, 0x2F, 0xC0, 0x00, 0x00, 0x1F, 0x01, 0xFF, 0xE0, 0x38, 0x3F, 0xAF, 0xF2, 0xC2, 0xF0, 0x0B,
    0xFD, 0x1F, 0x80, 0x0F, 0xD0, 0xBD, 0x00, 0x1F, 0x83, 0xF0, 0x00, 0x7F, 0x0F, 0xC0, 0x00, 0xFC,
    0x3F, 0x00, 0x03, 0xF0, 0xFD, 0x00, 0x1F, 0x82, 0xF8, 0x00, 0xBD, 0x03, 0xF4, 0x03, 0xF0, 0x07,
    0xF9, 0x7F, 0x00, 0x03, 0xFF, 0xE0, 0x00, 0x00, 0x54, 0x00, 0x00, 0x00, 0x00, 0x00, 0x00, 0x00,
    0x00, 0x00, 0x00, 0x00, 0x07, 0xD6, 0xAA, 0x80, 0x0A, 0x93, 0xFF, 0xFF, 0xF4, 0x03, 0xFC, 0x7F,
    0x0F, 0xD0, 0x00, 0x1F, 0x03, 0x83, 0xF4, 0x00, 0x03, 0xC2, 0xC0, 0xFD, 0x00, 0x00, 0xF2, 0xD0,
    0x3F, 0x40, 0x00, 0x3F, 0xD0, 0x0F, 0xD0, 0x00, 0x0F, 0x40, 0x03, 0xF4, 0x00, 0x03, 0xC0, 0x00,
    0xFD, 0x00, 0x00, 0xF0, 0x00, 0x3F, 0x40, 0x00, 0x3C, 0x00, 0x0F, 0xD0, 0x00, 0x0F, 0x00, 0x03,
    0xF4, 0x00, 0x03, 0xC0, 0x00, 0xBD, 0x00, 0x00, 0xF0, 0x00, 0x2F, 0x40, 0x00, 0x78, 0x00, 0x07,
    0xF0, 0x00, 0x3D, 0x00, 0x00, 0xFE, 0x00, 0x2F, 0x00, 0x00, 0x0F, 0xFE, 0xFF, 0x00, 0x00, 0x00,
    0xBF, 0xFE, 0x00, 0x00, 0x00, 0x00, 0x50, 0x00, 0x00, 0x00, 0x00, 0x00, 0x00, 0x02, 0x80, 0x00,
    0x00, 0x00, 0xBE, 0x00, 0x00, 0x00, 0x0B, 0xF0, 0x00, 0x00, 0x00, 0x1F, 0x2B, 0xD0, 0x2B, 0xD0,
    0xD7, 0xFD, 0x03, 0xFE, 0x3C, 0x0B, 0xD0, 0x0B, 0xFF, 0x00, 0x7D, 0x00, 0x7F, 0x80, 0x07, 0xD0,
    0x07, 0xE0, 0x00, 0x7D, 0x00, 0x7E, 0x00, 0x07, 0xD0, 0x07, 0xE0, 0x00, 0x7D, 0x00, 0x7E, 0x00,
    0x07, 0xD0, 0x07, 0xE0, 0x00, 0x7D, 0x00, 0xBE, 0x00, 0x07, 0xF0, 0x1F, 0xE0, 0x00, 0x3F, 0xEF,
    0x7F, 0x80, 0x00, 0xFF, 0xD3, 0xFD, 0x00, 0x01, 0x50, 0x00, 0x00, 0x00, 0x00, 0x00, 0x00, 0x00,
    0x04, 0x00, 0x10, 0x00, 0x00, 0x00, 0x00, 0x00, 0x03, 0xD0, 0x7C, 0x00, 0x00, 0x00, 0x00, 0x00,
    0x00, 0x3F, 0xFC, 0x00, 0x00, 0x00, 0x00, 0x00, 0x00, 0x03, 0xFC, 0x00, 0x00, 0x00, 0x00, 0x00,
    0x00, 0x00, 0x3C, 0x00, 0x00, 0x00, 0x00, 0x00, 0x00, 0x00, 0x00, 0x00, 0x06, 0xAA, 0xA9, 0x40,
    0x00, 0x0A, 0xAA, 0xAA, 0xA5, 0xFF, 0xFF, 0xFF, 0x40, 0x07, 0xFF, 0xFF, 0xFE, 0x0B, 0xE0, 0x1B,
    0xF8, 0x02, 0xF8, 0x00, 0x3F, 0x41, 0xF8, 0x00, 0x3F, 0x40, 0xBC, 0x00, 0x3F, 0x80, 0x7E, 0x00,
    0x07, 0xF0, 0x2D, 0x00, 0x1F, 0xC0, 0x1F, 0x80, 0x00, 0xFE, 0x06, 0x00, 0x0F, 0xD0, 0x07, 0xE0,
    0x00, 0x1F, 0xC0, 0x00, 0x0F, 0xE0, 0x01, 0xF8, 0x00, 0x07, 0xF0, 0x00, 0x0B, 0xF0, 0x00, 0x7E,
    0x00, 0x00, 0xFC, 0x00, 0x07, 0xF0, 0x00, 0x1F, 0x80, 0x00, 0x3F, 0x00, 0x03, 0xF4, 0x00, 0x07,
    0xE0, 0x00, 0x1F, 0xC0, 0x02, 0xFC, 0x00, 0x01, 0xF8, 0x00, 0x07, 0xE0, 0x01, 0xFC, 0x00, 0x00,
    0x7E, 0x00, 0x02, 0xF4, 0x00, 0xFD, 0x00, 0x04, 0x1F, 0x80, 0x00, 0xFC, 0x00, 0xFE, 0x00, 0x0F,
    0x07, 0xE0, 0x00, 0xBD, 0x00, 0x7F, 0x00, 0x07, 0xC1, 0xF8, 0x00, 0xFD, 0x00, 0x3F, 0x40, 0x03,
    0xE2, 0xFF, 0xAB, 0xFD, 0x00, 0x3F, 0xEA, 0xAB, 0xFA, 0xFF, 0xFF, 0xE4, 0x00, 0x0F, 0xFF, 0xFF,
    0xFE, 0x00, 0x00, 0x00, 0x00, 0x00, 0x10, 0x01, 0x00, 0x00, 0x00, 0x00, 0x00, 0x00, 0xE0, 0x2C,
    0x06, 0xAA, 0xA9, 0x40, 0x00, 0x01, 0xF7, 0xD0, 0x1F, 0xFF, 0xFF, 0xF4, 0x00, 0x02, 0xFE, 0x00,
    0x0B, 0xE0, 0x1B, 0xF8, 0x00, 0x03, 0xF0, 0x00, 0x1F, 0x80, 0x03, 0xF4, 0x00, 0x01, 0x00, 0x00,
    0x7E, 0x00, 0x07, 0xF0, 0x00, 0x00, 0x00, 0x01, 0xF8, 0x00, 0x0F, 0xE0, 0x6A, 0xAA, 0xA4, 0x07,
    0xE0, 0x00, 0x1F, 0xC2, 0xFF, 0xFF, 0xE0, 0x1F, 0x80, 0x00, 0x7F, 0x0B, 0x80, 0x3F, 0x00, 0x7E,
    0x00, 0x00, 0xFC, 0x2C, 0x03, 0xF4, 0x01, 0xF8, 0x00, 0x03, 0xF0, 0xA0, 0x2F, 0x80, 0x07, 0xE0,
    0x00, 0x1F, 0xC0, 0x01, 0xFC, 0x00, 0x1F, 0x80, 0x00, 0x7E, 0x00, 0x0F, 0xC0, 0x00, 0x7E, 0x00,
    0x02, 0xF4, 0x00, 0xFD, 0x00, 0x01, 0xF8, 0x00, 0x0F, 0xC0, 0x07, 0xE0, 0x18, 0x07, 0xE0, 0x00,
    0xBD, 0x00, 0x3F, 0x00, 0xF0, 0x1F, 0x80, 0x0F, 0xD0, 0x03, 0xF0, 0x07, 0xC2, 0xFF, 0xAB, 0xFD,
    0x00, 0x2F, 0xEA, 0xBF, 0x2F, 0xFF, 0xFE, 0x40, 0x00, 0xFF, 0xFF, 0xF8, 0x00, 0x00, 0x00, 0x00,
    0x10, 0x00, 0x40, 0x00, 0x0F, 0xFC, 0x00, 0xB4, 0x1E, 0x00, 0x00, 0x1B, 0xF0, 0x00, 0xFA, 0xF0,
    0x00, 0x00, 0x0F, 0xC0, 0x00, 0xFF, 0x00, 0x00, 0x00, 0x3F, 0x00, 0x01, 0xF4, 0x00, 0x00, 0x00,
    0xFC, 0x00, 0x01, 0x40, 0x00, 0x00, 0x03, 0xF0, 0x00, 0x00, 0x00, 0x00, 0x7F, 0xEF, 0xC0, 0x2A,
    0xAA, 0xA8, 0x0F, 0xFF, 0xFF, 0x00, 0xFF, 0xFF, 0xF0, 0xBD, 0x01, 0xFC, 0x03, 0xC0, 0x2F, 0x47,
    0xE0, 0x03, 0xF0, 0x0E, 0x01, 0xF8, 0x2F, 0x40, 0x0F, 0xC0, 0x20, 0x0F, 0xC0, 0xFC, 0x00, 0x3F,
    0x00, 0x00, 0xFD, 0x03, 0xF0, 0x00, 0xFC, 0x00, 0x0B, 0xE0, 0x0F, 0xC0, 0x03, 0xF0, 0x00, 0x7F,
    0x00, 0x3F, 0x40, 0x0F, 0xC0, 0x03, 0xF0, 0x09, 0xBE, 0x00, 0x3F, 0x00, 0x2F, 0x40, 0x75, 0xFC,
    0x02, 0xFC, 0x01, 0xF8, 0x03, 0xD2, 0xFE, 0xBE, 0xF9, 0x0F, 0xEA, 0xBF, 0x42, 0xFF, 0xC7, 0xFC,
    0x7F, 0xFF, 0xFC, 0x00, 0x50, 0x00, 0x00, 0x00, 0x00, 0x00, 0x6A, 0xAA, 0x00, 0x00, 0x00, 0x6A,
    0xAA, 0x1F, 0xFF, 0xC0, 0x00, 0x00, 0x2F, 0xFF, 0xC0, 0xBE, 0x00, 0x00, 0x00, 0x00, 0x7F, 0x00,
    0x1F, 0x80, 0x00, 0x00, 0x00, 0x0F, 0xC0, 0x07, 0xE0, 0x00, 0x00, 0x00, 0x03, 0xF0, 0x01, 0xF8,
    0x00, 0x00, 0x00, 0x00, 0xFC, 0x00, 0x7E, 0x00, 0x00, 0x00, 0x00, 0x3F, 0x00, 0x1F, 0x80, 0x00,
    0x00, 0x00, 0x0F, 0xC0, 0x07, 0xE0, 0x00, 0x00, 0x00, 0x03, 0xF0, 0x01, 0xF8, 0x00, 0x00, 0x00,
    0x00, 0xFC, 0x00, 0x7E, 0x00, 0x00, 0x00, 0x00, 0x3F, 0x00, 0x1F, 0x80, 0x00, 0x00, 0x00, 0x0F,
    0xC0, 0x07, 0xE0, 0x00, 0x90, 0x00, 0x03, 0xF0, 0x01, 0xF8, 0x00, 0x78, 0x2F, 0x00, 0xFC, 0x00,
    0x7E, 0x00, 0x2D, 0x1F, 0xD0, 0x7E, 0x00, 0x1F, 0x80, 0x1F, 0x47, 0xF0, 0x2F, 0x40, 0x2F, 0xFA,
    0xBF, 0xC0, 0xFE, 0x6F, 0x80, 0x2F, 0xFF, 0xFF, 0xF0, 0x0B, 0xFF, 0x80, 0x00, 0x00, 0x00, 0x00,
    0x00, 0x15, 0x00, 0x00, 0x00, 0x00, 0x00, 0x00, 0x1F, 0x5A, 0xAA, 0x80, 0x00, 0x0F, 0xF7, 0xFF,
    0xF0, 0x00, 0x03, 0xF8, 0x2F, 0x80, 0x00, 0x00, 0x28, 0x07, 0xE0, 0x00, 0x00, 0x00, 0x01, 0xF8,
    0x00, 0x00, 0x00, 0x00, 0x7E, 0x00, 0x00, 0x0A, 0xB8, 0x1F, 0x80, 0x00, 0x03, 0xFE, 0x07, 0xE0,
    0x00, 0x00, 0x1F, 0x81, 0xF8, 0x00, 0x00, 0x03, 0xE0, 0x7E, 0x00, 0x00, 0x00, 0xF8, 0x1F, 0x80,
    0x00, 0x00, 0x3E, 0x07, 0xE0, 0x00, 0x00, 0x0F, 0x81, 0xF8, 0x00, 0x24, 0x03, 0xE0, 0x7E, 0x00,
    0x1E, 0x00, 0xF8, 0x1F, 0x80, 0x0B, 0x40, 0x3E, 0x07, 0xE0, 0x07, 0xD0, 0x0F, 0x8B, 0xFE, 0xAF,
    0xF0, 0x03, 0xEB, 0xFF, 0xFF, 0xFC, 0x00, 0xF8, 0x00, 0x00, 0x00, 0x00, 0x7D, 0x00, 0x00, 0x00,
    0x00, 0x1F, 0x00, 0x00, 0x00, 0x00, 0x0B, 0xC0, 0x00, 0x00, 0x00, 0x07, 0xC0, 0x00, 0x00, 0x00,
    0x03, 0xD0, 0x00, 0x00, 0x00, 0x00, 0x40, 0x00, 0x00, 0x00, 0x00, 0x03, 0xFF, 0x00, 0x7D, 0x2F,
    0xF0, 0x0F, 0xF0, 0x3F, 0x00, 0xFE, 0x03, 0xF0, 0x02, 0x80, 0x3F, 0x00, 0x00, 0x03, 0xF0, 0x00,
    0x00, 0x3F, 0x02, 0xAE, 0x03, 0xF0, 0x3F, 0xE0, 0x3F, 0x00, 0x7E, 0x03, 0xF0, 0x03, 0xE0, 0x3F,
    0x00, 0x3E, 0x03, 0xF0, 0x03, 0xE0, 0x3F, 0x00, 0x3E, 0x03, 0xF0, 0x03, 0xE0, 0x3F, 0x00, 0x3E,
    0x03, 0xF0, 0x03, 0xE0, 0x3F, 0x00, 0x3E, 0x1B, 0xF9, 0x03, 0xE3, 0xFF, 0xF0, 0x3E, 0x00, 0x00,
    0x07, 0xD0, 0x00, 0x00, 0x7C, 0x00, 0x00, 0x0B, 0xC0, 0x00, 0x01, 0xF0, 0x00, 0x00, 0x3D, 0x00,
    0x00, 0x01, 0x00, 0x6A, 0xA0, 0x00, 0x6A, 0xA0, 0x00, 0x6A, 0xAA, 0x1F, 0xFF, 0x00, 0x2F, 0xFD,
    0x00, 0x1F, 0xFF, 0xC0, 0xBF, 0xD0, 0x00, 0xF8, 0x00, 0x00, 0x7F, 0x00, 0x1F, 0xFC, 0x00, 0x2D,
    0x00, 0x00, 0x0F, 0xC0, 0x07, 0xBF, 0x80, 0x0B, 0x40, 0x00, 0x03, 0xF0, 0x01, 0xE7, 0xF0, 0x02,
    0xD0, 0x00, 0x00, 0xFC, 0x00, 0x78, 0xBF, 0x00, 0xB4, 0x00, 0x00, 0x3F, 0x00, 0x1E, 0x0F, 0xD0,
    0x2D, 0x00, 0x00, 0x0F, 0xC0, 0x07, 0x81, 0xFC, 0x0B, 0x40, 0x00, 0x03, 0xF0, 0x01, 0xE0, 0x3F,
    0x82, 0xD0, 0x00, 0x00, 0xFC, 0x00, 0x78, 0x07, 0xF0, 0xB4, 0x00, 0x00, 0x3F, 0x00, 0x1E, 0x00,
    0xBE, 0x2D, 0x00, 0x00, 0x0F, 0xC0, 0x07, 0x80, 0x0F, 0xDB, 0x40, 0x00, 0x03, 0xF0, 0x01, 0xE0,
    0x01, 0xFE, 0xD0, 0x2F, 0x00, 0xFC, 0x00, 0x78, 0x00, 0x3F, 0xF4, 0x0F, 0xD0, 0x3E, 0x00, 0x1E,
    0x00, 0x07, 0xFD, 0x03, 0xF0, 0x2F, 0x40, 0x2F, 0xE4, 0x00, 0xBF, 0x40, 0xFE, 0x6F, 0xC0, 0x2F,
    0xFE, 0x00, 0x0F, 0xD0, 0x0B, 0xFF, 0x80, 0x00, 0x00, 0x00, 0x00, 0x00, 0x00, 0x15, 0x00, 0x00,
    0x00, 0x00, 0x00, 0x00, 0x00, 0x0B, 0xC6, 0xAA, 0x00, 0x06, 0xAA, 0x00, 0xFE, 0x7F, 0xFC, 0x00,
    0xBF, 0xF4, 0x0F, 0xD0, 0xBF, 0xD0, 0x00, 0xF8, 0x00, 0x64, 0x07, 0xFF, 0x00, 0x0B, 0x40, 0x00,
    0x00, 0x7B, 0xF8, 0x00, 0xB4, 0x00, 0x00, 0x07, 0x9F, 0xC0, 0x0B, 0x40, 0x2A, 0xD0, 0x78, 0xBF,
    0x00, 0xB4, 0x07, 0xFD, 0x07, 0x83, 0xF4, 0x0B, 0x40, 0x0B, 0xD0, 0x78, 0x1F, 0xC0, 0xB4, 0x00,
    0x7D, 0x07, 0x80, 0xFE, 0x0B, 0x40, 0x07, 0xD0, 0x78, 0x07, 0xF0, 0xB4, 0x00, 0x7D, 0x07, 0x80,
    0x2F, 0x8B, 0x40, 0x07, 0xD0, 0x78, 0x00, 0xFD, 0xB4, 0x00, 0x7D, 0x07, 0x80, 0x07, 0xFB, 0x40,
    0x07, 0xD0, 0x78, 0x00, 0x3F, 0xF4, 0x00, 0x7D, 0x07, 0x80, 0x01, 0xFF, 0x40, 0x07, 0xD2, 0xFE,
    0x40, 0x0B, 0xF4, 0x00, 0x7D, 0xBF, 0xF8, 0x00, 0x3F, 0x40, 0x07, 0xD0, 0x00, 0x00, 0x00, 0x00,
    0x00, 0xBC, 0x00, 0x00, 0x00, 0x00, 0x00, 0x0B, 0xC0, 0x00, 0x00, 0x00, 0x00, 0x00, 0xF8, 0x00,
    0x00, 0x00, 0x00, 0x00, 0x2F, 0x00, 0x00, 0x00, 0x00, 0x00, 0x07, 0xC0, 0x00, 0x00, 0x00, 0x00,
    0x00, 0x20, 0x00, 0x00, 0x00, 0x00, 0x00, 0x0F, 0x80, 0x00, 0x00, 0x00, 0x01, 0xFC, 0x00, 0x00,
    0x00, 0x00, 0x1F, 0xC0, 0x00, 0x00, 0x00, 0x00, 0x64, 0x00, 0x00, 0x00, 0x00, 0x00, 0x00, 0x00,
    0x00, 0x00, 0x00, 0x00, 0xAF, 0x47, 0xFD, 0x00, 0x6B, 0xCF, 0xFA, 0xFF, 0xF4, 0x0B, 0xFC, 0x0F,
    0xF4, 0x1F, 0xC0, 0x0F, 0xC0, 0xFD, 0x00, 0xFC, 0x00, 0xBC, 0x0F, 0xC0, 0x0B, 0xC0, 0x0B, 0xC0,
    0xFC, 0x00, 0xBC, 0x00, 0xBC, 0x0F, 0xC0, 0x0B, 0xC0, 0x0B, 0xC0, 0xFC, 0x00, 0xBC, 0x00, 0xBC,
    0x0F, 0xC0, 0x0B, 0xC0, 0x0B, 0xC0, 0xFC, 0x00, 0xBC, 0x00, 0xBC, 0x0F, 0xC0, 0x0B, 0xC0, 0x0B,
    0xC6, 0xFE, 0x41, 0xFE, 0x40, 0xBC, 0xBF, 0xF8, 0x7F, 0xFC, 0x0B, 0xC0, 0x00, 0x00, 0x00, 0x00,
    0xFC, 0x00, 0x00, 0x00, 0x00, 0x0F, 0x80, 0x00, 0x00, 0x00, 0x01, 0xF4, 0x00, 0x00, 0x00, 0x00,
    0x3E, 0x00, 0x00, 0x00, 0x00, 0x0B, 0xC0, 0x00, 0x00, 0x00, 0x00, 0x10, 0x00, 0x00, 0x10, 0x00,
    0x40, 0x00, 0x00, 0xB8, 0x0F, 0x40, 0x00, 0x00, 0xBE, 0xF4, 0x00, 0x00, 0x00, 0xBF, 0x40, 0x00,
    0x00, 0x00, 0xF8, 0x00, 0x00, 0x00, 0x00, 0x00, 0x00, 0x00, 0x00, 0x0A, 0x80, 0x00, 0x00, 0x00,
    0xBF, 0x40, 0x00, 0x00, 0x03, 0xFE, 0x00, 0x00, 0x00, 0x1E, 0xFC, 0x00, 0x00, 0x00, 0xB2, 0xF4,
    0x00, 0x00, 0x03, 0xC7, 0xE0, 0x00, 0x00, 0x1E, 0x0F, 0xC0, 0x00, 0x00, 0xB0, 0x2F, 0x40, 0x00,
    0x03, 0xC0, 0x7E, 0x00, 0x00, 0x1D, 0x00, 0xFC, 0x00, 0x00, 0xF4, 0x02, 0xF4, 0x00, 0x03, 0xFF,
    0xFF, 0xF0, 0x00, 0x1E, 0x55, 0x5F, 0xC0, 0x00, 0xF0, 0x00, 0x2F, 0x80, 0x03, 0xC0, 0x00, 0x7F,
    0x00, 0x2E, 0x00, 0x00, 0xFD, 0x06, 0xFD, 0x00, 0x1B, 0xFE, 0x2F, 0xFD, 0x00, 0xFF, 0xFC, 0x04,
    0x00, 0x40, 0x07, 0x80, 0xF0, 0x00, 0xBD, 0xF4, 0x00, 0x0F, 0xF8, 0x00, 0x00, 0xFC, 0x00, 0x00,
    0x04, 0x00, 0x00, 0x00, 0x00, 0x00, 0x1F, 0xFD, 0x00, 0x3E, 0x5F, 0xD0, 0x2F, 0x00, 0xFC, 0x0B,
    0xC0, 0x2F, 0x00, 0x90, 0x0B, 0xC0, 0x00, 0x02, 0xF0, 0x01, 0xBF, 0xFC, 0x03, 0xF9, 0x6F, 0x02,
    0xF4, 0x0B, 0xC0, 0xFC, 0x02, 0xF0, 0x3F, 0x40, 0xFD, 0x07, 0xFA, 0xEF, 0xE4, 0xBF, 0xD3, 0xFD,
    0x01, 0x40, 0x14, 0x00, 0x10, 0x00, 0x42, 0xE0, 0x7C, 0x0F, 0xEF, 0x00, 0x3F, 0xC0, 0x00, 0xF4,
    0x00, 0x00, 0x00, 0x1A, 0xAA, 0x41, 0xFF, 0xFC, 0x02, 0xFC, 0x00, 0x1F, 0x80, 0x01, 0xF8, 0x00,
    0x1F, 0x80, 0x01, 0xF8, 0x00, 0x1F, 0x80, 0x01, 0xF8, 0x00, 0x1F, 0x80, 0x01, 0xF8, 0x00, 0x1F,
    0x80, 0x01, 0xF8, 0x00, 0x1F, 0x80, 0x01, 0xF8, 0x00, 0x1F, 0x80, 0x0B, 0xFE, 0x42, 0xFF, 0xFC,
    0x10, 0x01, 0x0F, 0x02, 0xC1, 0xF7, 0xD0, 0x2F, 0xE0, 0x03, 0xF0, 0x00, 0x10, 0x00, 0x00, 0x00,
    0x2A, 0xE0, 0x0F, 0xFC, 0x00, 0x3F, 0x00, 0x0F, 0xC0, 0x03, 0xF0, 0x00, 0xFC, 0x00, 0x3F, 0x00,
    0x0F, 0xC0, 0x03, 0xF0, 0x00, 0xFC, 0x00, 0x3F, 0x00, 0x6F, 0xE4, 0x3F, 0xFF, 0x00, 0x10, 0x00,
    0x40, 0x00, 0x1F, 0x02, 0xD0, 0x00, 0x01, 0xFB, 0xE0, 0x00, 0x00, 0x1F, 0xE0, 0x00, 0x00, 0x02,
    0xE0, 0x00, 0x00, 0x00, 0x00, 0x00, 0x00, 0x01, 0xBF, 0x90, 0x00, 0x03, 0xFF, 0xFF, 0x80, 0x07,
    0xF4, 0x07, 0xF8, 0x03, 0xF0, 0x00, 0x3F, 0x42, 0xF4, 0x00, 0x07, 0xF0, 0xFC, 0x00, 0x00, 0xFD,
    0x7E, 0x00, 0x00, 0x2F, 0xAF, 0x40, 0x00, 0x07, 0xFF, 0xD0, 0x00, 0x01, 0xFF, 0xF4, 0x00, 0x00,
    0x7F, 0xFD, 0x00, 0x00, 0x1F, 0xEF, 0x80, 0x00, 0x07, 0xE7, 0xF0, 0x00, 0x02, 0xF4, 0xFD, 0x00,
    0x00, 0xFC, 0x2F, 0xC0, 0x00, 0x7D, 0x03, 0xFC, 0x00, 0x7F, 0x00, 0x3F, 0xEA, 0xFE, 0x00, 0x01,
    0xFF, 0xFD, 0x00, 0x00, 0x01, 0x50, 0x00, 0x00, 0x01, 0x00, 0x10, 0x00, 0xE0, 0x2C, 0x00, 0x1F,
    0x7D, 0x00, 0x02, 0xFE, 0x00, 0x00, 0x3F, 0x00, 0x00, 0x01, 0x00, 0x00, 0x00, 0x00, 0x00, 0x07,
    0xFF, 0x80, 0x0F, 0xEB, 0xFC, 0x0B, 0xC0, 0x2F, 0xC7, 0xE0, 0x03, 0xF6, 0xF4, 0x00, 0x7E, 0xFC,
    0x00, 0x1F, 0xFF, 0x00, 0x03, 0xFF, 0xC0, 0x00, 0xFF, 0xF4, 0x00, 0x7E, 0xBE, 0x00, 0x2F, 0x4F,
    0xD0, 0x0F, 0xC1, 0xFE, 0x5F, 0xC0, 0x1F, 0xFF, 0x80, 0x00, 0x15, 0x00, 0x00, 0x00, 0x14, 0x00,
    0x40, 0x00, 0x01, 0xE0, 0x2D, 0x00, 0x00, 0x0B, 0xEF, 0x40, 0x00, 0x00, 0x2F, 0xD0, 0x00, 0x00,
    0x00, 0xB8, 0x00, 0x00, 0x00, 0x00, 0x00, 0x00, 0x6A, 0xA8, 0x00, 0xAA, 0xAF, 0xFF, 0xD0, 0x0F,
    0xFF, 0x0F, 0xD0, 0x00, 0x1F, 0x00, 0xFD, 0x00, 0x00, 0xF0, 0x0F, 0xD0, 0x00, 0x0F, 0x00, 0xFD,
    0x00, 0x00, 0xF0, 0x0F, 0xD0, 0x00, 0x0F, 0x00, 0xFD, 0x00, 0x00, 0xF0, 0x0F, 0xD0, 0x00, 0x0F,
    0x00, 0xFD, 0x00, 0x00, 0xF0, 0x0F, 0xD0, 0x00, 0x0F, 0x00, 0xFD, 0x00, 0x00, 0xF0, 0x0B, 0xD0,
    0x00, 0x0F, 0x00, 0xBD, 0x00, 0x01, 0xE0, 0x07, 0xF0, 0x00, 0x3D, 0x00, 0x3F, 0x80, 0x0B, 0xC0,
    0x00, 0xFF, 0xEF, 0xF0, 0x00, 0x02, 0xFF, 0xF8, 0x00, 0x00, 0x00, 0x50, 0x00, 0x00, 0x00, 0x40,
    0x04, 0x00, 0x00, 0xF0, 0x2D, 0x00, 0x00, 0x7D, 0xF8, 0x00, 0x00, 0x2F, 0xF0, 0x00, 0x00, 0x0F,
    0xC0, 0x00, 0x00, 0x01, 0x00, 0x00, 0x00, 0x00, 0x00, 0x00, 0x2B, 0xD0, 0x2B, 0xD0, 0x7F, 0xD0,
    0x3F, 0xE0, 0x0B, 0xD0, 0x0B, 0xE0, 0x07, 0xD0, 0x07, 0xE0, 0x07, 0xD0, 0x07, 0xE0, 0x07, 0xD0,
    0x07, 0xE0, 0x07, 0xD0, 0x07, 0xE0, 0x07, 0xD0, 0x07, 0xE0, 0x07, 0xD0, 0x07, 0xE0, 0x07, 0xD0,
    0x0B, 0xE0, 0x07, 0xF0, 0x1F, 0xE0, 0x03, 0xFE, 0xF7, 0xF8, 0x00, 0xFF, 0xD3, 0xFD, 0x00, 0x15,
    0x00, 0x00, 0x00, 0x1F, 0xFF, 0xC0, 0x00, 0x01, 0xFF, 0xFC, 0x00, 0x00, 0x00, 0x00, 0x00, 0x00,
    0x00, 0x00, 0x00, 0x00, 0x00, 0x1E, 0x02, 0xC0, 0x00, 0x03, 0xF4, 0xBF, 0x00, 0x00, 0x3F, 0x4B,
    0xE0, 0x00, 0x00, 0x90, 0x14, 0x00, 0x00, 0x00, 0x00, 0x00, 0x06, 0xAA, 0x80, 0x0A, 0xAA, 0xFF,
    0xFD, 0x00, 0xFF, 0xF0, 0xFD, 0x00, 0x01, 0xF0, 0x0F, 0xD0, 0x00, 0x0F, 0x00, 0xFD, 0x00, 0x00,
    0xF0, 0x0F, 0xD0, 0x00, 0x0F, 0x00, 0xFD, 0x00, 0x00, 0xF0, 0x0F, 0xD0, 0x00, 0x0F, 0x00, 0xFD,
    0x00, 0x00, 0xF0, 0x0F, 0xD0, 0x00, 0x0F, 0x00, 0xFD, 0x00, 0x00, 0xF0, 0x0F, 0xD0, 0x00, 0x0F,
    0x00, 0xBD, 0x00, 0x00, 0xF0, 0x0B, 0xD0, 0x00, 0x1E, 0x00, 0x7F, 0x00, 0x03, 0xD0, 0x03, 0xF8,
    0x00, 0xBC, 0x00, 0x0F, 0xFE, 0xFF, 0x00, 0x00, 0x2F, 0xFF, 0x80, 0x00, 0x00, 0x05, 0x00, 0x00,
    0x00, 0xFF, 0xFD, 0x00, 0x00, 0xFF, 0xFD, 0x00, 0x00, 0x00, 0x00, 0x00, 0x00, 0x00, 0x00, 0x00,
    0x00, 0xB4, 0x2D, 0x00, 0x02, 0xFC, 0x7F, 0x00, 0x01, 0xFC, 0x3F, 0x00, 0x00, 0x60, 0x18, 0x00,
    0x00, 0x00, 0x00, 0x00, 0x00, 0x00, 0x00, 0x00, 0x2B, 0xD0, 0x2B, 0xD0, 0x7F, 0xD0, 0x3F, 0xE0,
    0x0B, 0xD0, 0x0B, 0xE0, 0x07, 0xD0, 0x07, 0xE0, 0x07, 0xD0, 0x07, 0xE0, 0x07, 0xD0, 0x07, 0xE0,
    0x07, 0xD0, 0x07, 0xE0, 0x07, 0xD0, 0x07, 0xE0, 0x07, 0xD0, 0x07, 0xE0, 0x07, 0xD0, 0x0B, 0xE0,
    0x07, 0xF0, 0x1F, 0xE0, 0x03, 0xFE, 0xF7, 0xF8, 0x00, 0xFF, 0xD3, 0xFD, 0x00, 0x15, 0x00, 0x00,
    0x00, 0x00, 0x00, 0x00, 0x00, 0x00, 0x00, 0xF4, 0x00, 0x00, 0x00, 0x3F, 0x40, 0x00, 0x00, 0x0F,
    0xE0, 0x00, 0x00, 0x03, 0xD0, 0x00, 0x00, 0x00, 0x00, 0x00, 0x00, 0x00, 0x1E, 0x02, 0xC0, 0x00,
    0x03, 0xF4, 0xBF, 0x00, 0x00, 0x3F, 0x4B, 0xE0, 0x00, 0x00, 0x90, 0x14, 0x00, 0x00, 0x00, 0x00,
    0x00, 0x06, 0xAA, 0x80, 0x0A, 0xAA, 0xFF, 0xFD, 0x00, 0xFF, 0xF0, 0xFD, 0x00, 0x01, 0xF0, 0x0F,
    0xD0, 0x00, 0x0F, 0x00, 0xFD, 0x00, 0x00, 0xF0, 0x0F, 0xD0, 0x00, 0x0F, 0x00, 0xFD, 0x00, 0x00,
    0xF0, 0x0F, 0xD0, 0x00, 0x0F, 0x00, 0xFD, 0x00, 0x00, 0xF0, 0x0F, 0xD0, 0x00, 0x0F, 0x00, 0xFD,
    0x00, 0x00, 0xF0, 0x0F, 0xD0, 0x00, 0x0F, 0x00, 0xBD, 0x00, 0x00, 0xF0, 0x0B, 0xD0, 0x00, 0x1E,
    0x00, 0x7F, 0x00, 0x03, 0xD0, 0x03, 0xF8, 0x00, 0xBC, 0x00, 0x0F, 0xFE, 0xFF, 0x00, 0x00, 0x2F,
    0xFF, 0x80, 0x00, 0x00, 0x05, 0x00, 0x00, 0x00, 0x00, 0x00, 0x00, 0x00, 0x00, 0x7C, 0x00, 0x00,
    0x01, 0xFC, 0x00, 0x00, 0x0B, 0xE0, 0x00, 0x00, 0x1E, 0x00, 0x00, 0x00, 0x00, 0x00, 0x00, 0x00,
    0xB4, 0x2D, 0x00, 0x02, 0xFC, 0x7F, 0x00, 0x01, 0xFC, 0x3F, 0x00, 0x00, 0x60, 0x18, 0x00, 0x00,
    0x00, 0x00, 0x00, 0x00, 0x00, 0x00, 0x00, 0x2B, 0xD0, 0x2B, 0xD0, 0x7F, 0xD0, 0x3F, 0xE0, 0x0B,
    0xD0, 0x0B, 0xE0, 0x07, 0xD0, 0x07, 0xE0, 0x07, 0xD0, 0x07, 0xE0, 0x07, 0xD0, 0x07, 0xE0, 0x07,
    0xD0, 0x07, 0xE0, 0x07, 0xD0, 0x07, 0xE0, 0x07, 0xD0, 0x07, 0xE0, 0x07, 0xD0, 0x0B, 0xE0, 0x07,
    0xF0, 0x1F, 0xE0, 0x03, 0xFE, 0xF7, 0xF8, 0x00, 0xFF, 0xD3, 0xFD, 0x00, 0x15, 0x00, 0x00, 0x00,
    0x10, 0x00, 0x40, 0x00, 0x02, 0xE0, 0x3C, 0x00, 0x00, 0x0B, 0xEF, 0x40, 0x00, 0x00, 0x2F, 0xD0,
    0x00, 0x00, 0x00, 0xF4, 0x00, 0x00, 0x00, 0x00, 0x00, 0x00, 0x00, 0x1E, 0x02, 0xC0, 0x00, 0x03,
    0xF4, 0xBF, 0x00, 0x00, 0x3F, 0x4B, 0xE0, 0x00, 0x00, 0x90, 0x14, 0x00, 0x00, 0x00, 0x00, 0x00,
    0x06, 0xAA, 0x80, 0x0A, 0xAA, 0xFF, 0xFD, 0x00, 0xFF, 0xF0, 0xFD, 0x00, 0x01, 0xF0, 0x0F, 0xD0,
    0x00, 0x0F, 0x00, 0xFD, 0x00, 0x00, 0xF0, 0x0F, 0xD0, 0x00, 0x0F, 0x00, 0xFD, 0x00, 0x00, 0xF0,
    0x0F, 0xD0, 0x00, 0x0F, 0x00, 0xFD, 0x00, 0x00, 0xF0, 0x0F, 0xD0, 0x00, 0x0F, 0x00, 0xFD, 0x00,
    0x00, 0xF0, 0x0F, 0xD0, 0x00, 0x0F, 0x00, 0xBD, 0x00, 0x00, 0xF0, 0x0B, 0xD0, 0x00, 0x1E, 0x00,
    0x7F, 0x00, 0x03, 0xD0, 0x03, 0xF8, 0x00, 0xBC, 0x00, 0x0F, 0xFE, 0xFF, 0x00, 0x00, 0x2F, 0xFF,
    0x80, 0x00, 0x00, 0x05, 0x00, 0x00, 0x00, 0x40, 0x01, 0x00, 0x01, 0xF0, 0x2E, 0x00, 0x00, 0x7E,
    0xF8, 0x00, 0x00, 0x1F, 0xE0, 0x00, 0x00, 0x07, 0xC0, 0x00, 0x00, 0x00, 0x00, 0x00, 0x00, 0xB4,
    0x2D, 0x00, 0x02, 0xFC, 0x7F, 0x00, 0x01, 0xFC, 0x3F, 0x00, 0x00, 0x60, 0x18, 0x00, 0x00, 0x00,
    0x00, 0x00, 0x00, 0x00, 0x00, 0x00, 0x2B, 0xD0, 0x2B, 0xD0, 0x7F, 0xD0, 0x3F, 0xE0, 0x0B, 0xD0,
    0x0B, 0xE0, 0x07, 0xD0, 0x07, 0xE0, 0x07, 0xD0, 0x07, 0xE0, 0x07, 0xD0, 0x07, 0xE0, 0x07, 0xD0,
    0x07, 0xE0, 0x07, 0xD0, 0x07, 0xE0, 0x07, 0xD0, 0x07, 0xE0, 0x07, 0xD0, 0x0B, 0xE0, 0x07, 0xF0,
    0x1F, 0xE0, 0x03, 0xFE, 0xF7, 0xF8, 0x00, 0xFF, 0xD3, 0xFD, 0x00, 0x15, 0x00, 0x00, 0x00, 0x00,
    0x00, 0x00, 0x00, 0x00, 0xF0, 0x00, 0x00, 0x00, 0x0F, 0xD0, 0x00, 0x00, 0x00, 0x7F, 0x40, 0x00,
    0x00, 0x00, 0x6C, 0x00, 0x00, 0x00, 0x00, 0x00, 0x00, 0x00, 0x1E, 0x02, 0xC0, 0x00, 0x03, 0xF4,
    0xBF, 0x00, 0x00, 0x3F, 0x4B, 0xE0, 0x00, 0x00, 0x90, 0x14, 0x00, 0x00, 0x00, 0x00, 0x00, 0x06,
    0xAA, 0x80, 0x0A, 0xAA, 0xFF, 0xFD, 0x00, 0xFF, 0xF0, 0xFD, 0x00, 0x01, 0xF0, 0x0F, 0xD0, 0x00,
    0x0F, 0x00, 0xFD, 0x00, 0x00, 0xF0, 0x0F, 0xD0, 0x00, 0x0F, 0x00, 0xFD, 0x00, 0x00, 0xF0, 0x0F,
    0xD0, 0x00, 0x0F, 0x00, 0xFD, 0x00, 0x00, 0xF0, 0x0F, 0xD0, 0x00, 0x0F, 0x00, 0xFD, 0x00, 0x00,
    0xF0, 0x0F, 0xD0, 0x00, 0x0F, 0x00, 0xBD, 0x00, 0x00, 0xF0, 0x0B, 0xD0, 0x00, 0x1E, 0x00, 0x7F,
    0x00, 0x03, 0xD0, 0x03, 0xF8, 0x00, 0xBC, 0x00, 0x0F, 0xFE, 0xFF, 0x00, 0x00, 0x2F, 0xFF, 0x80,
    0x00, 0x00, 0x05, 0x00, 0x00, 0x00, 0x00, 0x00, 0x00, 0x00, 0x7C, 0x00, 0x00, 0x00, 0x7F, 0x00,
    0x00, 0x00, 0x2F, 0xC0, 0x00, 0x00, 0x01, 0xF0, 0x00, 0x00, 0x00, 0x00, 0x00, 0x00, 0xB4, 0x2D,
    0x00, 0x02, 0xFC, 0x7F, 0x00, 0x01, 0xFC, 0x3F, 0x00, 0x00, 0x60, 0x18, 0x00, 0x00, 0x00, 0x00,
    0x00, 0x00, 0x00, 0x00, 0x00, 0x2B, 0xD0, 0x2B, 0xD0, 0x7F, 0xD0, 0x3F, 0xE0, 0x0B, 0xD0, 0x0B,
    0xE0, 0x07, 0xD0, 0x07, 0xE0, 0x07, 0xD0, 0x07, 0xE0, 0x07, 0xD0, 0x07, 0xE0, 0x07, 0xD0, 0x07,
    0xE0, 0x07, 0xD0, 0x07, 0xE0, 0x07, 0xD0, 0x07, 0xE0, 0x07, 0xD0, 0x0B, 0xE0, 0x07, 0xF0, 0x1F,
    0xE0, 0x03, 0xFE, 0xF7, 0xF8, 0x00, 0xFF, 0xD3, 0xFD, 0x00, 0x15, 0x00, 0x00, 0x00, 0x40, 0x01,
    0x00, 0x00, 0x0B, 0x80, 0xF0, 0x00, 0x00, 0x2F, 0xBD, 0x00, 0x00, 0x00, 0xBF, 0x40, 0x00, 0x00,
    0x03, 0xD0, 0x00, 0x00, 0x00, 0x00, 0x00, 0x00, 0x00, 0x1B, 0xF8, 0x30, 0x00, 0x1F, 0xFF, 0xFB,
    0x40, 0x07, 0xF4, 0x07, 0xF8, 0x00, 0xFC, 0x00, 0x0F, 0xC0, 0x3F, 0x40, 0x00, 0x3C, 0x03, 0xF0,
    0x00, 0x02, 0xC0, 0x7E, 0x00, 0x00, 0x00, 0x0B, 0xE0, 0x00, 0x00, 0x00, 0xFD, 0x00, 0x00, 0x00,
    0x0F, 0xD0, 0x00, 0x55, 0x54, 0xBD, 0x00, 0x0F, 0xFF, 0xCB, 0xE0, 0x00, 0x0F, 0xD0, 0x7F, 0x00,
    0x00, 0xBC, 0x03, 0xF4, 0x00, 0x0B, 0xC0, 0x2F, 0xC0, 0x00, 0xBC, 0x00, 0xFF, 0x00, 0x1F, 0xC0,
    0x03, 0xFF, 0xAF, 0xFC, 0x00, 0x0B, 0xFF, 0xE2, 0xC0, 0x00, 0x01, 0x40, 0x00, 0x00, 0x01, 0x00,
    0x10, 0x00, 0x0F, 0x02, 0xD0, 0x00, 0x1F, 0x7E, 0x00, 0x00, 0x2F, 0xF0, 0x00, 0x00, 0x3F, 0x00,
    0x00, 0x00, 0x10, 0x07, 0x80, 0x00, 0x00, 0x7F, 0x40, 0x7F, 0xF7, 0x7C, 0x0B, 0xE6, 0xFC, 0x00,
    0x7D, 0x01, 0xF8, 0x03, 0xF0, 0x03, 0xF0, 0x0F, 0xC0, 0x0F, 0xC0, 0x3F, 0x00, 0x3F, 0x00, 0x7F,
    0x02, 0xF4, 0x00, 0xBF, 0xFF, 0x80, 0x01, 0xEB, 0xA0, 0x00, 0x0F, 0x00, 0x00, 0x00, 0xBD, 0x00,
    0x00, 0x01, 0xFF, 0xFF, 0xF4, 0x01, 0xFF, 0xFF, 0xF0, 0x1F, 0x55, 0x5F, 0xD0, 0xF4, 0x00, 0x2F,
    0x47, 0xD0, 0x00, 0xBC, 0x1F, 0xC0, 0x0B, 0xE0, 0x2F, 0xFF, 0xFE, 0x00, 0x06, 0xAA, 0x40, 0x00,
    0x00, 0x1B, 0xF9, 0x00, 0x00, 0x3F, 0xFF, 0xF8, 0x00, 0x7F, 0x40, 0x7F, 0x80, 0x3F, 0x00, 0x03,
    0xF4, 0x2F, 0x40, 0x00, 0x7F, 0x0F, 0xC0, 0x00, 0x0F, 0xD7, 0xE0, 0x00, 0x02, 0xFA, 0xF4, 0x00,
    0x00, 0x7F, 0xFD, 0x00, 0x00, 0x1F, 0xFF, 0x40, 0x00, 0x07, 0xFF, 0xD0, 0x00, 0x01, 0xFE, 0xF8,
    0x00, 0x00, 0x7E, 0x7F, 0x00, 0x00, 0x2F, 0x4F, 0xD0, 0x00, 0x0F, 0xC2, 0xFC, 0x00, 0x07, 0xD0,
    0x3F, 0xC0, 0x07, 0xF0, 0x03, 0xFE, 0xAF, 0xE0, 0x00, 0x1F, 0xFF, 0xD0, 0x00, 0x00, 0x1F, 0x40,
    0x00, 0x00, 0x0B, 0x40, 0x00, 0x00, 0x07, 0xC0, 0x00, 0x00, 0x02, 0xF0, 0x00, 0x00, 0x00, 0x7F,
    0xD0, 0x00, 0x00, 0x07, 0xD0, 0x00, 0x00, 0x00, 0x00, 0x00, 0x7F, 0xF8, 0x00, 0xFE, 0xBF, 0xC0,
    0xBC, 0x02, 0xFC, 0x7E, 0x00, 0x3F, 0x6F, 0x40, 0x07, 0xEF, 0xC0, 0x01, 0xFF, 0xF0, 0x00, 0x3F,
    0xFC, 0x00, 0x0F, 0xFF, 0x40, 0x07, 0xEB, 0xE0, 0x02, 0xF4, 0xFD, 0x00, 0xFC, 0x1F, 0xE5, 0xFC,
    0x00, 0xFF, 0xF8, 0x00, 0x01, 0xF0, 0x00, 0x00, 0xF0, 0x00, 0x00, 0xB8, 0x00, 0x00, 0x3E, 0x00,
    0x00, 0x0F, 0xFC, 0x00, 0x00, 0xB8, 0x00, 0x00, 0x00, 0x06, 0x00, 0x00, 0x00, 0x00, 0x7D, 0x00,
    0x00, 0x00, 0x0B, 0xF0, 0x00, 0x00, 0x00, 0xBD, 0x00, 0x00, 0x00, 0x02, 0x40, 0x00, 0x00, 0x00,
    0x01, 0x50, 0x00, 0x00, 0x00, 0x3E, 0xF0, 0x00, 0x00, 0x01, 0xD2, 0xC0, 0x00, 0x00, 0x07, 0x4B,
    0x00, 0x00, 0x00, 0x0F, 0xBC, 0x00, 0x00, 0x00, 0x2F, 0xD0, 0x00, 0x00, 0x00, 0xFF, 0x80, 0x00,
    0x00, 0x07, 0xBF, 0x00, 0x00, 0x00, 0x2C, 0xBD, 0x00, 0x00, 0x00, 0xF1, 0xF8, 0x00, 0x00, 0x07,
    0x83, 0xF0, 0x00, 0x00, 0x2C, 0x0B, 0xD0, 0x00, 0x00, 0xF0, 0x1F, 0x80, 0x00, 0x07, 0x40, 0x3F,
    0x00, 0x00, 0x3D, 0x00, 0xBD, 0x00, 0x00, 0xFF, 0xFF, 0xFC, 0x00, 0x07, 0x95, 0x57, 0xF0, 0x00,
    0x3C, 0x00, 0x0B, 0xE0, 0x00, 0xF0, 0x00, 0x1F, 0xC0, 0x0B, 0x80, 0x00, 0x3F, 0x41, 0xBF, 0x40,
    0x06, 0xFF, 0x8B, 0xFF, 0x40, 0x3F, 0xFF, 0x00, 0x00, 0x00, 0x00, 0x00, 0x03, 0xC0, 0x00, 0x07,
    0xF0, 0x00, 0x07, 0xF4, 0x00, 0x03, 0x90, 0x00, 0x00, 0x00, 0x00, 0x00, 0x0A, 0x80, 0x00, 0x0F,
    0xBC, 0x00, 0x07, 0x47, 0x40, 0x01, 0xD2, 0xC0, 0x00, 0x3F, 0xE0, 0x00, 0x01, 0x50, 0x00, 0x00,
    0x00, 0x00, 0x01, 0xFF, 0xD0, 0x03, 0xE5, 0xFD, 0x02, 0xF0, 0x0F, 0xC0, 0xBC, 0x02, 0xF0, 0x09,
    0x00, 0xBC, 0x00, 0x00, 0x2F, 0x00, 0x1B, 0xFF, 0xC0, 0x3F, 0x96, 0xF0, 0x2F, 0x40, 0xBC, 0x0F,
    0xC0, 0x2F, 0x03, 0xF4, 0x0F, 0xD0, 0x7F, 0xAE, 0xFE, 0x4B, 0xFD, 0x3F, 0xD0, 0x14, 0x01, 0x40,
    0x00, 0x00, 0x00, 0x00, 0x00, 0x00, 0x00, 0x00, 0x00, 0x00, 0x3C, 0x00, 0x00, 0x00, 0x00, 0x00,
    0xFD, 0x00, 0x00, 0x00, 0x00, 0x03, 0xF4, 0x00, 0x00, 0x00, 0x00, 0x0F, 0x40, 0x00, 0x00, 0x00,
    0x00, 0x00, 0x00, 0x00, 0x00, 0x01, 0xAA, 0xAA, 0xAA, 0xA4, 0x00, 0x02, 0xFF, 0xFF, 0xFF, 0xFC,
    0x00, 0x00, 0x3C, 0x7E, 0x00, 0xBC, 0x00, 0x00, 0xB4, 0x7E, 0x00, 0x3C, 0x00, 0x00, 0xF0, 0x7E,
    0x00, 0x1D, 0x00, 0x02, 0xD0, 0x7E, 0x00, 0x00, 0x00, 0x03, 0xC0, 0x7E, 0x00, 0x40, 0x00, 0x0B,
    0x40, 0x7E, 0x01, 0xC0, 0x00, 0x0F, 0x55, 0xBF, 0x57, 0xC0, 0x00, 0x2F, 0xFF, 0xFF, 0xFF, 0xC0,
    0x00, 0x3C, 0x00, 0x7E, 0x07, 0xC0, 0x00, 0xB8, 0x00, 0x7E, 0x01, 0xC0, 0x00, 0xF0, 0x00, 0x7E,
    0x00, 0x00, 0x02, 0xE0, 0x00, 0x7E, 0x00, 0x0B, 0x03, 0xC0, 0x00, 0x7E, 0x00, 0x0F, 0x0B, 0x80,
    0x00, 0x7E, 0x00, 0x2E, 0x6F, 0xE0, 0x02, 0xFF, 0xAA, 0xFE, 0xBF, 0xF8, 0x07, 0xFF, 0xFF, 0xFD,
    0x00, 0x00, 0x01, 0x00, 0x00, 0x00, 0x00, 0x3E, 0x00, 0x00, 0x00, 0x02, 0xF4, 0x00, 0x00, 0x00,
    0x1F, 0x40, 0x00, 0x00, 0x00, 0xF0, 0x00, 0x00, 0x00, 0x01, 0x00, 0x00, 0x00, 0x00, 0x00, 0x00,
    0x00, 0x01, 0xFF, 0x81, 0xFF, 0x90, 0x3E, 0x5B, 0xEF, 0x9F, 0xD2, 0xF0, 0x0F, 0xF0, 0x0F, 0xCB,
    0xC0, 0x2F, 0x80, 0x1F, 0x49, 0x00, 0xBD, 0x00, 0x7D, 0x00, 0x02, 0xFA, 0xAB, 0xF4, 0x1B, 0xFF,
    0xFF, 0xFF, 0xC3, 0xF9, 0x6F, 0x40, 0x00, 0x2F, 0x40, 0xBE, 0x00, 0x00, 0xFC, 0x02, 0xFC, 0x00,
    0x03, 0xF4, 0x0F, 0xF8, 0x02, 0xDB, 0xFA, 0xF7, 0xFF, 0xFF, 0x0B, 0xFF, 0x03, 0xFF, 0xE0, 0x01,
    0x40, 0x00, 0x50, 0x00, 0x00, 0x00, 0x00, 0x00, 0x00, 0x00, 0x00, 0x2E, 0x00, 0x00, 0x00, 0x02,
    0xF8, 0x00, 0x00, 0x00, 0x3F, 0x80, 0x00, 0x00, 0x02, 0xD0, 0x00, 0x00, 0x00, 0x00, 0x00, 0x00,
    0x00, 0x00, 0x6F, 0xE4, 0x1E, 0x00, 0x0F, 0xFF, 0xFE, 0xF0, 0x01, 0xFD, 0x01, 0xFF, 0x40, 0x0F,
    0xC0, 0x00, 0xFE, 0x00, 0xBD, 0x00, 0x0B, 0xFC, 0x03, 0xF0, 0x00, 0x7F, 0xF4, 0x1F, 0x80, 0x07,
    0xCB, 0xE0, 0xBD, 0x00, 0x3C, 0x1F, 0xC3, 0xF4, 0x03, 0xD0, 0x7F, 0x0F, 0xD0, 0x3D, 0x01, 0xFC,
    0x3F, 0x42, 0xE0, 0x07, 0xF0, 0xBE, 0x1F, 0x00, 0x1F, 0x81, 0xFD, 0xF0, 0x00, 0xBD, 0x03, 0xFF,
    0x00, 0x03, 0xF0, 0x0B, 0xF4, 0x00, 0x1F, 0x40, 0x0F, 0xE0, 0x01, 0xFC, 0x00, 0xBF, 0xFA, 0xBF,
    0x80, 0x07, 0xC7, 0xFF, 0xF4, 0x00, 0x14, 0x00, 0x54, 0x00, 0x00, 0x00, 0x00, 0x10, 0x00, 0x00,
    0x03, 0xD0, 0x00, 0x00, 0x3F, 0x40, 0x00, 0x02, 0xF4, 0x00, 0x00, 0x0E, 0x00, 0x00, 0x00, 0x10,
    0x00, 0x00, 0x00, 0x00, 0x00, 0x00, 0x1F, 0xFE, 0x78, 0x03, 0xFA, 0xFF, 0x80, 0x2F, 0x00, 0xBF,
    0x01, 0xF8, 0x03, 0xFD, 0x0B, 0xD0, 0x3E, 0xF8, 0x3F, 0x03, 0xD7, 0xF0, 0xFC, 0x2D, 0x0F, 0xC3,
    0xF2, 0xD0, 0x3F, 0x0F, 0xFE, 0x01, 0xF8, 0x1F, 0xE0, 0x0B, 0xD0, 0x3F, 0x40, 0x3F, 0x01, 0xFF,
    0x97, 0xF0, 0x0F, 0x6F, 0xFE, 0x00, 0x50, 0x05, 0x40, 0x00, 0x00, 0x00, 0x40, 0x00, 0x00, 0x0F,
    0x47, 0xC0, 0x00, 0x00, 0x3F, 0x5F, 0xC0, 0x00, 0x00, 0x2F, 0x5F, 0xC0, 0x00, 0x00, 0x0B, 0x07,
    0x40, 0x00, 0x00, 0x00, 0x00, 0x00, 0x00, 0x00, 0x0A, 0x80, 0x00, 0x00, 0x00, 0xBF, 0x40, 0x00,
    0x00, 0x03, 0xFE, 0x00, 0x00, 0x00, 0x1E, 0xFC, 0x00, 0x00, 0x00, 0xB2, 0xF4, 0x00, 0x00, 0x03,
    0xC7, 0xE0, 0x00, 0x00, 0x1E, 0x0F, 0xC0, 0x00, 0x00, 0xB0, 0x2F, 0x40, 0x00, 0x03, 0xC0, 0x7E,
    0x00, 0x00, 0x1D, 0x00, 0xFC, 0x00, 0x00, 0xF4, 0x02, 0xF4, 0x00, 0x03, 0xFF, 0xFF, 0xF0, 0x00,
    0x1E, 0x55, 0x5F, 0xC0, 0x00, 0xF0, 0x00, 0x2F, 0x80, 0x03, 0xC0, 0x00, 0x7F, 0x00, 0x2E, 0x00,
    0x00, 0xFD, 0x06, 0xFD, 0x00, 0x1B, 0xFE, 0x2F, 0xFD, 0x00, 0xFF, 0xFC, 0x10, 0x14, 0x00, 0x03,
    0xC3, 0xC0, 0x00, 0x3F, 0x3F, 0x00, 0x00, 0xF8, 0xF4, 0x00, 0x02, 0xC2, 0xC0, 0x00, 0x04, 0x04,
    0x00, 0x00, 0x00, 0x00, 0x00, 0x1F, 0xFD, 0x00, 0x0F, 0x97, 0xF4, 0x02, 0xF0, 0x0F, 0xC0, 0x2F,
    0x00, 0xBC, 0x00, 0x90, 0x0B, 0xC0, 0x00, 0x00, 0xBC, 0x00, 0x1B, 0xFF, 0xC0, 0x0F, 0xE5, 0xBC,
    0x02, 0xF4, 0x0B, 0xC0, 0x3F, 0x00, 0xBC, 0x03, 0xF4, 0x0F, 0xD0, 0x1F, 0xEB, 0xBF, 0x90, 0xBF,
    0xD3, 0xFD, 0x00, 0x50, 0x05, 0x00, 0x00, 0x00, 0x10, 0x00, 0x00, 0x00, 0x0F, 0xF8, 0x00, 0x00,
    0x00, 0xFF, 0xF8, 0x00, 0x00, 0x07, 0x80, 0xB0, 0x00, 0x00, 0x28, 0x00, 0xD0, 0x00, 0x00, 0x00,
    0x00, 0x00, 0x00, 0x00, 0x0A, 0x80, 0x00, 0x00, 0x00, 0xBF, 0x40, 0x00, 0x00, 0x03, 0xFE, 0x00,
    0x00, 0x00, 0x1E, 0xFC, 0x00, 0x00, 0x00, 0xB2, 0xF4, 0x00, 0x00, 0x03, 0xC7, 0xE0, 0x00, 0x00,
    0x1E, 0x0F, 0xC0, 0x00, 0x00, 0xB0, 0x2F, 0x40, 0x00, 0x03, 0xC0, 0x7E, 0x00, 0x00, 0x1D, 0x00,
    0xFC, 0x00, 0x00, 0xF4, 0x02, 0xF4, 0x00, 0x03, 0xFF, 0xFF, 0xF0, 0x00, 0x1E, 0x55, 0x5F, 0xC0,
    0x00, 0xF0, 0x00, 0x2F, 0x80, 0x03, 0xC0, 0x00, 0x7F, 0x00, 0x2E, 0x00, 0x00, 0xFD, 0x06, 0xFD,
    0x00, 0x1B, 0xFE, 0x2F, 0xFD, 0x00, 0xFF, 0xFC, 0x00, 0x00, 0x00, 0x00, 0xBF, 0x80, 0x00, 0xBF,
    0xF8, 0x00, 0x3C, 0x1F, 0x00, 0x1C, 0x00, 0xC0, 0x01, 0x00, 0x10, 0x00, 0x00, 0x00, 0x00, 0x1F,
    0xFD, 0x00, 0x3E, 0x5F, 0xD0, 0x2F, 0x00, 0xFC, 0x0B, 0xC0, 0x2F, 0x00, 0x90, 0x0B, 0xC0, 0x00,
    0x02, 0xF0, 0x01, 0xBF, 0xFC, 0x03, 0xF9, 0x6F, 0x02, 0xF4, 0x0B, 0xC0, 0xFC, 0x02, 0xF0, 0x3F,
    0x40, 0xFD, 0x07, 0xFA, 0xEF, 0xE4, 0xBF, 0xD3, 0xFD, 0x01, 0x40, 0x14, 0x00, 0x00, 0x04, 0x00,
    0x03, 0xC2, 0xF0, 0x00, 0x3F, 0x1F, 0x80, 0x01, 0xFC, 0x7E, 0x00, 0x01, 0xE0, 0x74, 0x00, 0x00,
    0x00, 0x00, 0x6A, 0xAA, 0xAA, 0x47, 0xFF, 0xFF, 0xF8, 0x0B, 0xE0, 0x0B, 0xC0, 0x7E, 0x00, 0x3C,
    0x07, 0xE0, 0x01, 0xD0, 0x7E, 0x00, 0x00, 0x07, 0xE0, 0x1C, 0x00, 0x7E, 0x02, 0xC0, 0x07, 0xFF,
    0xFC, 0x00, 0x7F, 0xFF, 0xC0, 0x07, 0xE0, 0x3C, 0x00, 0x7E, 0x01, 0xC0, 0x07, 0xE0, 0x00, 0x00,
    0x7E, 0x00, 0x0A, 0x07, 0xE0, 0x00, 0xF0, 0x7E, 0x00, 0x2E, 0x2F, 0xFA, 0xAF, 0xEB, 0xFF, 0xFF,
    0xFD, 0x10, 0x10, 0x00, 0x7C, 0x7C, 0x00, 0x7E, 0x3E, 0x00, 0x1F, 0x5F, 0x00, 0x03, 0xC3, 0xC0,
    0x00, 0x40, 0x40, 0x00, 0x00, 0x00, 0x01, 0xFF, 0x80, 0x0F, 0xE7, 0xF4, 0x2F, 0x00, 0xFC, 0x7D,
    0x00, 0xBC, 0xBC, 0x00, 0xBD, 0xFE, 0xAA, 0xFC, 0xFF, 0xFF, 0xFC, 0xFC, 0x00, 0x00, 0xFD, 0x00,
    0x00, 0x7F, 0x00, 0x00, 0x3F, 0x80, 0x2C, 0x1F, 0xFF, 0xF8, 0x07, 0xFF, 0xD0, 0x00, 0x14, 0x00,
    0x00, 0x01, 0x00, 0x00, 0x07, 0xFE, 0x00, 0x00, 0xFF, 0xF4, 0x00, 0x2D, 0x03, 0xC0, 0x03, 0x40,
    0x0C, 0x00, 0x00, 0x00, 0x00, 0x6A, 0xAA, 0xAA, 0x47, 0xFF, 0xFF, 0xF8, 0x0B, 0xE0, 0x0B, 0xC0,
    0x7E, 0x00, 0x3C, 0x07, 0xE0, 0x01, 0xD0, 0x7E, 0x00, 0x00, 0x07, 0xE0, 0x1C, 0x00, 0x7E, 0x02,
    0xC0, 0x07, 0xFF, 0xFC, 0x00, 0x7F, 0xFF, 0xC0, 0x07, 0xE0, 0x3C, 0x00, 0x7E, 0x01, 0xC0, 0x07,
    0xE0, 0x00, 0x00, 0x7E, 0x00, 0x0A, 0x07, 0xE0, 0x00, 0xF0, 0x7E, 0x00, 0x2E, 0x2F, 0xFA, 0xAF,
    0xEB, 0xFF, 0xFF, 0xFD, 0x00, 0x00, 0x00, 0x00, 0xFF, 0x40, 0x03, 0xFF, 0xC0, 0x07, 0x81, 0xE0,
    0x0A, 0x00, 0x70, 0x04, 0x00, 0x10, 0x00, 0x00, 0x00, 0x01, 0xFF, 0x80, 0x0F, 0xE7, 0xF4, 0x2F,
    0x00, 0xFC, 0x7D, 0x00, 0xBC, 0xBC, 0x00, 0xBD, 0xFE, 0xAA, 0xFC, 0xFF, 0xFF, 0xFC, 0xFC, 0x00,
    0x00, 0xFD, 0x00, 0x00, 0x7F, 0x00, 0x00, 0x3F, 0x80, 0x2C, 0x1F, 0xFF, 0xF8, 0x07, 0xFF, 0xD0,
    0x00, 0x14, 0x00, 0x00, 0x04, 0x00, 0xF0, 0xBC, 0x03, 0xF1, 0xF8, 0x07, 0xF1, 0xF8, 0x01, 0xE0,
    0x74, 0x00, 0x00, 0x00, 0x1A, 0xAA, 0x40, 0x7F, 0xFF, 0x00, 0x2F, 0xC0, 0x00, 0x7E, 0x00, 0x01,
    0xF8, 0x00, 0x07, 0xE0, 0x00, 0x1F, 0x80, 0x00, 0x7E, 0x00, 0x01, 0xF8, 0x00, 0x07, 0xE0, 0x00,
    0x1F, 0x80, 0x00, 0x7E, 0x00, 0x01, 0xF8, 0x00, 0x07, 0xE0, 0x00, 0x1F, 0x80, 0x00, 0x7E, 0x00,
    0x0B, 0xFE, 0x40, 0xBF, 0xFF, 0x04, 0x14, 0x00, 0xF4, 0xF4, 0x03, 0xF2, 0xF0, 0x02, 0xE2, 0xE0,
    0x01, 0xD2, 0xC0, 0x00, 0x01, 0x00, 0x00, 0x00, 0x00, 0x2A, 0xE0, 0x00, 0xFF, 0xC0, 0x00, 0x3F,
    0x00, 0x00, 0xFC, 0x00, 0x03, 0xF0, 0x00, 0x0F, 0xC0, 0x00, 0x3F, 0x00, 0x00, 0xFC, 0x00, 0x03,
    0xF0, 0x00, 0x0F, 0xC0, 0x00, 0x3F, 0x00, 0x06, 0xFE, 0x40, 0x3F, 0xFF, 0x00, 0x10, 0x00, 0x7F,
    0xE0, 0x0F, 0xFF, 0x42, 0xD0, 0x3C, 0x34, 0x00, 0xC0, 0x00, 0x00, 0x1A, 0xAA, 0x41, 0xFF, 0xFC,
    0x02, 0xFC, 0x00, 0x1F, 0x80, 0x01, 0xF8, 0x00, 0x1F, 0x80, 0x01, 0xF8, 0x00, 0x1F, 0x80, 0x01,
    0xF8, 0x00, 0x1F, 0x80, 0x01, 0xF8, 0x00, 0x1F, 0x80, 0x01, 0xF8, 0x00, 0x1F, 0x80, 0x01, 0xF8,
    0x00, 0x1F, 0x80, 0x0B, 0xFE, 0x42, 0xFF, 0xFC, 0x00, 0x00, 0x01, 0xFE, 0x01, 0xFF, 0xE0, 0xF0,
    0x3C, 0x30, 0x03, 0x44, 0x00, 0x40, 0x00, 0x00, 0x2A, 0xE0, 0x0F, 0xFC, 0x00, 0x3F, 0x00, 0x0F,
    0xC0, 0x03, 0xF0, 0x00, 0xFC, 0x00, 0x3F, 0x00, 0x0F, 0xC0, 0x03, 0xF0, 0x00, 0xFC, 0x00, 0x3F,
    0x00, 0x6F, 0xE4, 0x3F, 0xFF, 0x00, 0x01, 0x00, 0x00, 0x02, 0xD0, 0xF4, 0x00, 0x00, 0xFD, 0x3F,
    0x00, 0x00, 0x0B, 0xD2, 0xF0, 0x00, 0x00, 0x2C, 0x0E, 0x00, 0x00, 0x00, 0x00, 0x00, 0x00, 0x01,
    0xBF, 0x90, 0x00, 0x03, 0xFF, 0xFF, 0x80, 0x07, 0xF4, 0x07, 0xF8, 0x03, 0xF0, 0x00, 0x3F, 0x42,
    0xF4, 0x00, 0x07, 0xF0, 0xFC, 0x00, 0x00, 0xFD, 0x7E, 0x00, 0x00, 0x2F, 0xAF, 0x40, 0x00, 0x07,
    0xFF, 0xD0, 0x00, 0x01, 0xFF, 0xF4, 0x00, 0x00, 0x7F, 0xFD, 0x00, 0x00, 0x1F, 0xEF, 0x80, 0x00,
    0x07, 0xE7, 0xF0, 0x00, 0x02, 0xF4, 0xFD, 0x00, 0x00, 0xFC, 0x2F, 0xC0, 0x00, 0x7D, 0x03, 0xFC,
    0x00, 0x7F, 0x00, 0x3F, 0xEA, 0xFE, 0x00, 0x01, 0xFF, 0xFD, 0x00, 0x00, 0x01, 0x50, 0x00, 0x00,
    0x14, 0x14, 0x00, 0x0F, 0x4F, 0x40, 0x03, 0xF3, 0xF0, 0x00, 0x3E, 0x2E, 0x00, 0x02, 0xD2, 0xC0,
    0x00, 0x00, 0x10, 0x00, 0x00, 0x00, 0x00, 0x07, 0xFF, 0x80, 0x0F, 0xEB, 0xFC, 0x0B, 0xC0, 0x2F,
    0xC7, 0xE0, 0x03, 0xF6, 0xF4, 0x00, 0x7E, 0xFC, 0x00, 0x1F, 0xFF, 0x00, 0x03, 0xFF, 0xC0, 0x00,
    0xFF, 0xF4, 0x00, 0x7E, 0xBE, 0x00, 0x2F, 0x4F, 0xD0, 0x0F, 0xC1, 0xFE, 0x5F, 0xC0, 0x1F, 0xFF,
    0x80, 0x00, 0x15, 0x00, 0x00, 0x00, 0x00, 0x40, 0x00, 0x00, 0x02, 0xFF, 0x00, 0x00, 0x02, 0xFF,
    0xF0, 0x00, 0x00, 0xE0, 0x2D, 0x00, 0x00, 0x70, 0x02, 0x80, 0x00, 0x00, 0x00, 0x00, 0x00, 0x01,
    0xBF, 0x90, 0x00, 0x03, 0xFF, 0xFF, 0x80, 0x07, 0xF4, 0x07, 0xF8, 0x03, 0xF0, 0x00, 0x3F, 0x42,
    0xF4, 0x00, 0x07, 0xF0, 0xFC, 0x00, 0x00, 0xFD, 0x7E, 0x00, 0x00, 0x2F, 0xAF, 0x40, 0x00, 0x07,
    0xFF, 0xD0, 0x00, 0x01, 0xFF, 0xF4, 0x00, 0x00, 0x7F, 0xFD, 0x00, 0x00, 0x1F, 0xEF, 0x80, 0x00,
    0x07, 0xE7, 0xF0, 0x00, 0x02, 0xF4, 0xFD, 0x00, 0x00, 0xFC, 0x2F, 0xC0, 0x00, 0x7D, 0x03, 0xFC,
    0x00, 0x7F, 0x00, 0x3F, 0xEA, 0xFE, 0x00, 0x01, 0xFF, 0xFD, 0x00, 0x00, 0x01, 0x50, 0x00, 0x00,
    0x00, 0x00, 0x00, 0x00, 0x2F, 0xE0, 0x00, 0x1F, 0xFE, 0x00, 0x0F, 0x03, 0xC0, 0x07, 0x00, 0x34,
    0x00, 0x40, 0x04, 0x00, 0x00, 0x00, 0x00, 0x07, 0xFF, 0x80, 0x0F, 0xEB, 0xFC, 0x0B, 0xC0, 0x2F,
    0xC7, 0xE0, 0x03, 0xF6, 0xF4, 0x00, 0x7E, 0xFC, 0x00, 0x1F, 0xFF, 0x00, 0x03, 0xFF, 0xC0, 0x00,
    0xFF, 0xF4, 0x00, 0x7E, 0xBE, 0x00, 0x2F, 0x4F, 0xD0, 0x0F, 0xC1, 0xFE, 0x5F, 0xC0, 0x1F, 0xFF,
    0x80, 0x00, 0x15, 0x00, 0x00, 0x00, 0x04, 0x00, 0x00, 0x0F, 0x0B, 0xC0, 0x00, 0x03, 0xF1, 0xF8,
    0x00, 0x00, 0x7F, 0x1F, 0x80, 0x00, 0x01, 0xE0, 0x74, 0x00, 0x00, 0x00, 0x00, 0x00, 0x06, 0xAA,
    0xA5, 0x00, 0x01, 0xFF, 0xFF, 0xFC, 0x00, 0x0B, 0xE0, 0x2F, 0xC0, 0x01, 0xF8, 0x02, 0xF8, 0x00,
    0x7E, 0x00, 0x7F, 0x00, 0x1F, 0x80, 0x1F, 0xC0, 0x07, 0xE0, 0x0B, 0xE0, 0x01, 0xF8, 0x03, 0xF0,
    0x00, 0x7E, 0x5B, 0xE0, 0x00, 0x1F, 0xFF, 0xD0, 0x00, 0x07, 0xE0, 0xFD, 0x00, 0x01, 0xF8, 0x1F,
    0xC0, 0x00, 0x7E, 0x03, 0xF4, 0x00, 0x1F, 0x80, 0x7F, 0x00, 0x07, 0xE0, 0x0F, 0xD0, 0x01, 0xF8,
    0x02, 0xFC, 0x02, 0xFF, 0x90, 0x3F, 0xE6, 0xFF, 0xFC, 0x07, 0xFD, 0x00, 0x00, 0x00, 0x14, 0x00,
    0x10, 0x10, 0x00, 0xB8, 0x7C, 0x00, 0x7D, 0x7D, 0x00, 0x1F, 0x1F, 0x00, 0x03, 0xC3, 0x80, 0x00,
    0x40, 0x00, 0x00, 0x00, 0x00, 0xAF, 0x47, 0xF4, 0xFF, 0xAF, 0xFC, 0x0F, 0xF0, 0xFC, 0x0F, 0xD0,
    0xFC, 0x0F, 0xC0, 0x60, 0x0F, 0xC0, 0x00, 0x0F, 0xC0, 0x00, 0x0F, 0xC0, 0x00, 0x0F, 0xC0, 0x00,
    0x0F, 0xC0, 0x00, 0x0F, 0xC0, 0x00, 0x6F, 0xE4, 0x00, 0xBF, 0xFE, 0x00, 0x00, 0x01, 0x00, 0x00,
    0x00, 0x1F, 0xF8, 0x00, 0x00, 0x0F, 0xFF, 0x40, 0x00, 0x0B, 0x40, 0xF0, 0x00, 0x03, 0x40, 0x0C,
    0x00, 0x00, 0x00, 0x00, 0x00, 0x06, 0xAA, 0xA5, 0x00, 0x01, 0xFF, 0xFF, 0xFC, 0x00, 0x0B, 0xE0,
    0x2F, 0xC0, 0x01, 0xF8, 0x02, 0xF8, 0x00, 0x7E, 0x00, 0x7F, 0x00, 0x1F, 0x80, 0x1F, 0xC0, 0x07,
    0xE0, 0x0B, 0xE0, 0x01, 0xF8, 0x03, 0xF0, 0x00, 0x7E, 0x5B, 0xE0, 0x00, 0x1F, 0xFF, 0xD0, 0x00,
    0x07, 0xE0, 0xFD, 0x00, 0x01, 0xF8, 0x1F, 0xC0, 0x00, 0x7E, 0x03, 0xF4, 0x00, 0x1F, 0x80, 0x7F,
    0x00, 0x07, 0xE0, 0x0F, 0xD0, 0x01, 0xF8, 0x02, 0xFC, 0x02, 0xFF, 0x90, 0x3F, 0xE6, 0xFF, 0xFC,
    0x07, 0xFD, 0x00, 0x00, 0x00, 0x14, 0x00, 0x00, 0x00, 0x00, 0x00, 0xFF, 0x40, 0x03, 0xFF, 0xC0,
    0x07, 0x41, 0xE0, 0x0E, 0x00, 0xB0, 0x04, 0x00, 0x10, 0x00, 0x00, 0x00, 0xAF, 0x47, 0xF4, 0xFF,
    0xAF, 0xFC, 0x0F, 0xF0, 0xFC, 0x0F, 0xD0, 0xFC, 0x0F, 0xC0, 0x60, 0x0F, 0xC0, 0x00, 0x0F, 0xC0,
    0x00, 0x0F, 0xC0, 0x00, 0x0F, 0xC0, 0x00, 0x0F, 0xC0, 0x00, 0x0F, 0xC0, 0x00, 0x6F, 0xE4, 0x00,
    0xBF, 0xFE, 0x00, 0x00, 0x00, 0x40, 0x00, 0x00, 0x3D, 0x1F, 0x00, 0x00, 0x03, 0xF4, 0xFC, 0x00,
    0x00, 0x0B, 0xD3, 0xF0, 0x00, 0x00, 0x0B, 0x07, 0x80, 0x00, 0x00, 0x00, 0x00, 0x00, 0x6A, 0xA8,
    0x00, 0xAA, 0xAF, 0xFF, 0xD0, 0x0F, 0xFF, 0x0F, 0xD0, 0x00, 0x1F, 0x00, 0xFD, 0x00, 0x00, 0xF0,
    0x0F, 0xD0, 0x00, 0x0F, 0x00, 0xFD, 0x00, 0x00, 0xF0, 0x0F, 0xD0, 0x00, 0x0F, 0x00, 0xFD, 0x00,
    0x00, 0xF0, 0x0F, 0xD0, 0x00, 0x0F, 0x00, 0xFD, 0x00, 0x00, 0xF0, 0x0F, 0xD0, 0x00, 0x0F, 0x00,
    0xFD, 0x00, 0x00, 0xF0, 0x0B, 0xD0, 0x00, 0x0F, 0x00, 0xBD, 0x00, 0x01, 0xE0, 0x07, 0xF0, 0x00,
    0x3D, 0x00, 0x3F, 0x80, 0x0B, 0xC0, 0x00, 0xFF, 0xEF, 0xF0, 0x00, 0x02, 0xFF, 0xF8, 0x00, 0x00,
    0x00, 0x50, 0x00, 0x00, 0x01, 0x01, 0x00, 0x00, 0x0F, 0x4F, 0x40, 0x00, 0x0F, 0xCB, 0xC0, 0x00,
    0x02, 0xE2, 0xE0, 0x00, 0x00, 0x74, 0x74, 0x00, 0x00, 0x00, 0x10, 0x00, 0x00, 0x00, 0x00, 0x00,
    0x2B, 0xD0, 0x2B, 0xD0, 0x7F, 0xD0, 0x3F, 0xE0, 0x0B, 0xD0, 0x0B, 0xE0, 0x07, 0xD0, 0x07, 0xE0,
    0x07, 0xD0, 0x07, 0xE0, 0x07, 0xD0, 0x07, 0xE0, 0x07, 0xD0, 0x07, 0xE0, 0x07, 0xD0, 0x07, 0xE0,
    0x07, 0xD0, 0x07, 0xE0, 0x07, 0xD0, 0x0B, 0xE0, 0x07, 0xF0, 0x1F, 0xE0, 0x03, 0xFE, 0xF7, 0xF8,
    0x00, 0xFF, 0xD3, 0xFD, 0x00, 0x15, 0x00, 0x00, 0x00, 0x00, 0x10, 0x00, 0x00, 0x00, 0x3F, 0xF0,
    0x00, 0x00, 0x0F, 0xFF, 0xC0, 0x00, 0x01, 0xE0, 0x2C, 0x00, 0x00, 0x28, 0x00, 0xD0, 0x00, 0x00,
    0x00, 0x00, 0x00, 0x6A, 0xA8, 0x00, 0xAA, 0xAF, 0xFF, 0xD0, 0x0F, 0xFF, 0x0F, 0xD0, 0x00, 0x1F,
    0x00, 0xFD, 0x00, 0x00, 0xF0, 0x0F, 0xD0, 0x00, 0x0F, 0x00, 0xFD, 0x00, 0x00, 0xF0, 0x0F, 0xD0,
    0x00, 0x0F, 0x00, 0xFD, 0x00, 0x00, 0xF0, 0x0F, 0xD0, 0x00, 0x0F, 0x00, 0xFD, 0x00, 0x00, 0xF0,
    0x0F, 0xD0, 0x00, 0x0F, 0x00, 0xFD, 0x00, 0x00, 0xF0, 0x0B, 0xD0, 0x00, 0x0F, 0x00, 0xBD, 0x00,
    0x01, 0xE0, 0x07, 0xF0, 0x00, 0x3D, 0x00, 0x3F, 0x80, 0x0B, 0xC0, 0x00, 0xFF, 0xEF, 0xF0, 0x00,
    0x02, 0xFF, 0xF8, 0x00, 0x00, 0x00, 0x50, 0x00, 0x00, 0x00, 0x00, 0x00, 0x00, 0x00, 0x1F, 0xE0,
    0x00, 0x00, 0x7F, 0xF8, 0x00, 0x00, 0xF4, 0x3C, 0x00, 0x00, 0xC0, 0x0D, 0x00, 0x00, 0x40, 0x04,
    0x00, 0x00, 0x00, 0x00, 0x00, 0x2B, 0xD0, 0x2B, 0xD0, 0x7F, 0xD0, 0x3F, 0xE0, 0x0B, 0xD0, 0x0B,
    0xE0, 0x07, 0xD0, 0x07, 0xE0, 0x07, 0xD0, 0x07, 0xE0, 0x07, 0xD0, 0x07, 0xE0, 0x07, 0xD0, 0x07,
    0xE0, 0x07, 0xD0, 0x07, 0xE0, 0x07, 0xD0, 0x07, 0xE0, 0x07, 0xD0, 0x0B, 0xE0, 0x07, 0xF0, 0x1F,
    0xE0, 0x03, 0xFE, 0xF7, 0xF8, 0x00, 0xFF, 0xD3, 0xFD, 0x00, 0x15, 0x00, 0x00, 0x00, 0xBF, 0x8A,
    0x02, 0xFF, 0xFF, 0xC1, 0xF4, 0x07, 0xF0, 0xFC, 0x00, 0x3C, 0x3E, 0x00, 0x0B, 0x0F, 0xC0, 0x00,
    0x43, 0xFC, 0x00, 0x00, 0xBF, 0xF4, 0x00, 0x0B, 0xFF, 0xE0, 0x00, 0x7F, 0xFF, 0x40, 0x01, 0xBF,
    0xF0, 0x00, 0x02, 0xFE, 0x10, 0x00, 0x2F, 0xAD, 0x00, 0x03, 0xEB, 0xC0, 0x00, 0xF9, 0xF8, 0x00,
    0xBC, 0x7F, 0xE6, 0xFD, 0x1C, 0x7F, 0xFD, 0x00, 0x00, 0x50, 0x00, 0x00, 0x64, 0x00, 0x00, 0x3F,
    0x00, 0x00, 0x0F, 0xD0, 0x00, 0x00, 0xB0, 0x00, 0x00, 0x38, 0x00, 0x00, 0x28, 0x00, 0x00, 0x00,
    0x00, 0x00, 0x00, 0x00, 0x00, 0xBF, 0xED, 0x3F, 0x5F, 0xD7, 0xC0, 0x2D, 0xBC, 0x00, 0xEB, 0xE0,
    0x00, 0x3F, 0xF8, 0x01, 0xFF, 0xF8, 0x01, 0xBF, 0xE0, 0x00, 0x7F, 0xF0, 0x02, 0xFB, 0x80, 0x2E,
    0xBF, 0x5B, 0xCB, 0xBF, 0xF4, 0x10, 0x50, 0x00, 0x0A, 0x00, 0x02, 0xF8, 0x00, 0x2F, 0xC0, 0x00,
    0x78, 0x00, 0x0B, 0x00, 0x00, 0xC0, 0x00, 0x00, 0x00, 0x0A, 0xAA, 0xAA, 0xAA, 0x41, 0xFF, 0xFF,
    0xFF, 0xFC, 0x2F, 0x41, 0xFC, 0x0F, 0xC2, 0xE0, 0x1F, 0xC0, 0x3C, 0x3C, 0x01, 0xFC, 0x02, 0xD2,
    0x80, 0x1F, 0xC0, 0x0D, 0x00, 0x01, 0xFC, 0x00, 0x00, 0x00, 0x1F, 0xC0, 0x00, 0x00, 0x01, 0xFC,
    0x00, 0x00, 0x00, 0x1F, 0xC0, 0x00, 0x00, 0x01, 0xFC, 0x00, 0x00, 0x00, 0x1F, 0xC0, 0x00, 0x00,
    0x01, 0xFC, 0x00, 0x00, 0x00, 0x1F, 0xC0, 0x00, 0x00, 0x01, 0xFC, 0x00, 0x00, 0x00, 0x1F, 0xC0,
    0x00, 0x00, 0x1B, 0xFE, 0x80, 0x00, 0x03, 0xFF, 0xFE, 0x00, 0x00, 0x00, 0x00, 0x00, 0x00, 0x00,
    0x06, 0x00, 0x00, 0x00, 0x01, 0xFC, 0x00, 0x00, 0x00, 0x1F, 0xC0, 0x00, 0x00, 0x00, 0x38, 0x00,
    0x00, 0x00, 0x0B, 0x00, 0x00, 0x00, 0x00, 0xD0, 0x00, 0x00, 0x00, 0x00, 0x00, 0x00, 0x00, 0x00,
    0x00, 0x07, 0x80, 0x00, 0x1E, 0x00, 0x00, 0xB8, 0x00, 0x03, 0xE0, 0x00, 0xBF, 0xEA, 0x43, 0xFF,
    0xFD, 0x01, 0xF8, 0x00, 0x07, 0xE0, 0x00, 0x1F, 0x80, 0x00, 0x7E, 0x00, 0x01, 0xF8, 0x00, 0x07,
    0xE0, 0x00, 0x1F, 0x80, 0x00, 0x3E, 0x00, 0x00, 0xFC, 0x04, 0x03, 0xFF, 0xF0, 0x07, 0xFF, 0x00,
    0x01, 0x40, 0x00, 0x06, 0x00, 0x00, 0x7F, 0x00, 0x00, 0xFC, 0x00, 0x00, 0xF0, 0x00, 0x07, 0x40,
    0x00, 0x34, 0x00, 0x00, 0x00, 0x00, 0x00, 0x3F, 0xFF, 0x00, 0x00, 0x0F, 0xFF, 0xC0, 0x00, 0x00,
    0x00, 0x00, 0x00, 0x00, 0xE0, 0x2D, 0x00, 0x00, 0xFE, 0x2F, 0xC0, 0x00, 0x2F, 0x87, 0xF0, 0x00,
    0x02, 0x40, 0x60, 0x00, 0x00, 0x00, 0x00, 0x00, 0x00, 0x1B, 0xF9, 0x00, 0x00, 0x3F, 0xFF, 0xF8,
    0x00, 0x7F, 0x40, 0x7F, 0x80, 0x3F, 0x00, 0x03, 0xF4, 0x2F, 0x40, 0x00, 0x7F, 0x0F, 0xC0, 0x00,
    0x0F, 0xD7, 0xE0, 0x00, 0x02, 0xFA, 0xF4, 0x00, 0x00, 0x7F, 0xFD, 0x00, 0x00, 0x1F, 0xFF, 0x40,
    0x00, 0x07, 0xFF, 0xD0, 0x00, 0x01, 0xFE, 0xF8, 0x00, 0x00, 0x7E, 0x7F, 0x00, 0x00, 0x2F, 0x4F,
    0xD0, 0x00, 0x0F, 0xC2, 0xFC, 0x00, 0x07, 0xD0, 0x3F, 0xC0, 0x07, 0xF0, 0x03, 0xFE, 0xAF, 0xE0,
    0x00, 0x1F, 0xFF, 0xD0, 0x00, 0x00, 0x15, 0x00, 0x00, 0x07, 0xFF, 0xF0, 0x01, 0xFF, 0xFC, 0x00,
    0x00, 0x00, 0x00, 0x00, 0x00, 0x00, 0x02, 0x80, 0xA0, 0x03, 0xF8, 0xBE, 0x00, 0xFE, 0x2F, 0x80,
    0x09, 0x01, 0x80, 0x00, 0x00, 0x00, 0x00, 0x00, 0x00, 0x00, 0x1F, 0xFE, 0x00, 0x3F, 0xAF, 0xF0,
    0x2F, 0x00, 0xBF, 0x1F, 0x80, 0x0F, 0xDB, 0xD0, 0x01, 0xFB, 0xF0, 0x00, 0x7F, 0xFC, 0x00, 0x0F,
    0xFF, 0x00, 0x03, 0xFF, 0xD0, 0x01, 0xFA, 0xF8, 0x00, 0xBD, 0x3F, 0x40, 0x3F, 0x07, 0xF9, 0x7F,
    0x00, 0x7F, 0xFE, 0x00, 0x00, 0x54, 0x00, 0x00, 0x3F, 0xFF, 0x40, 0x00, 0x0F, 0xFF, 0xD0, 0x00,
    0x00, 0x00, 0x00, 0x00, 0x00, 0x00, 0x00, 0x00, 0x00, 0x1A, 0x40, 0x00, 0x00, 0x0F, 0xFE, 0xE0,
    0x00, 0x0B, 0x7F, 0xF0, 0x00, 0x00, 0x00, 0x64, 0x00, 0x00, 0x00, 0x00, 0x00, 0x00, 0x06, 0xFE,
    0x40, 0x00, 0x0F, 0xFF, 0xFE, 0x00, 0x1F, 0xD0, 0x1F, 0xE0, 0x0F, 0xC0, 0x00, 0xFD, 0x0B, 0xD0,
    0x00, 0x1F, 0xC3, 0xF0, 0x00, 0x03, 0xF5, 0xF8, 0x00, 0x00, 0xBE, 0xBD, 0x00, 0x00, 0x1F, 0xFF,
    0x40, 0x00, 0x07, 0xFF, 0xD0, 0x00, 0x01, 0xFF, 0xF4, 0x00, 0x00, 0x7F, 0xBE, 0x00, 0x00, 0x1F,
    0x9F, 0xC0, 0x00, 0x0B, 0xD3, 0xF4, 0x00, 0x03, 0xF0, 0xBF, 0x00, 0x01, 0xF4, 0x0F, 0xF0, 0x01,
    0xFC, 0x00, 0xFF, 0xAB, 0xF8, 0x00, 0x07, 0xFF, 0xF4, 0x00, 0x00, 0x05, 0x40, 0x00, 0x07, 0xFF,
    0xF0, 0x01, 0xFF, 0xFC, 0x00, 0x00, 0x00, 0x00, 0x00, 0x00, 0x00, 0x01, 0xA4, 0x00, 0x00, 0xFF,
    0xEE, 0x00, 0xB7, 0xFF, 0x00, 0x00, 0x06, 0x00, 0x00, 0x00, 0x00, 0x00, 0x00, 0x00, 0x00, 0x1F,
    0xFE, 0x00, 0x3F, 0xAF, 0xF0, 0x2F, 0x00, 0xBF, 0x1F, 0x80, 0x0F, 0xDB, 0xD0, 0x01, 0xFB, 0xF0,
    0x00, 0x7F, 0xFC, 0x00, 0x0F, 0xFF, 0x00, 0x03, 0xFF, 0xD0, 0x01, 0xFA, 0xF8, 0x00, 0xBD, 0x3F,
    0x40, 0x3F, 0x07, 0xF9, 0x7F, 0x00, 0x7F, 0xFE, 0x00, 0x00, 0x54, 0x00, 0x00, 0x3F, 0xFF, 0x40,
    0x00, 0x0F, 0xFF, 0xD0, 0x00, 0x00, 0x00, 0x00, 0x00, 0x00, 0x0B, 0x80, 0x00, 0x00, 0x07, 0xF4,
    0x00, 0x00, 0x00, 0xFD, 0x00, 0x00, 0x00, 0x19, 0x00, 0x00, 0x00, 0x00, 0x00, 0x00, 0x00, 0x1B,
    0xF9, 0x00, 0x00, 0x3F, 0xFF, 0xF8, 0x00, 0x7F, 0x40, 0x7F, 0x80, 0x3F, 0x00, 0x03, 0xF4, 0x2F,
    0x40, 0x00, 0x7F, 0x0F, 0xC0, 0x00, 0x0F, 0xD7, 0xE0, 0x00, 0x02, 0xFA, 0xF4, 0x00, 0x00, 0x7F,
    0xFD, 0x00, 0x00, 0x1F, 0xFF, 0x40, 0x00, 0x07, 0xFF, 0xD0, 0x00, 0x01, 0xFE, 0xF8, 0x00, 0x00,
    0x7E, 0x7F, 0x00, 0x00, 0x2F, 0x4F, 0xD0, 0x00, 0x0F, 0xC2, 0xFC, 0x00, 0x07, 0xD0, 0x3F, 0xC0,
    0x07, 0xF0, 0x03, 0xFE, 0xAF, 0xE0, 0x00, 0x1F, 0xFF, 0xD0, 0x00, 0x00, 0x15, 0x00, 0x00, 0x07,
    0xFF, 0xF0, 0x01, 0xFF, 0xFC, 0x00, 0x00, 0x00, 0x00, 0x00, 0x00, 0x00, 0x00, 0x3F, 0x00, 0x00,
    0x1F, 0xD0, 0x00, 0x07, 0xF4, 0x00, 0x00, 0x64, 0x00, 0x00, 0x00, 0x00, 0x00, 0x00, 0x00, 0x00,
    0x1F, 0xFE, 0x00, 0x3F, 0xAF, 0xF0, 0x2F, 0x00, 0xBF, 0x1F, 0x80, 0x0F, 0xDB, 0xD0, 0x01, 0xFB,
    0xF0, 0x00, 0x7F, 0xFC, 0x00, 0x0F, 0xFF, 0x00, 0x03, 0xFF, 0xD0, 0x01, 0xFA, 0xF8, 0x00, 0xBD,
    0x3F, 0x40, 0x3F, 0x07, 0xF9, 0x7F, 0x00, 0x7F, 0xFE, 0x00, 0x00, 0x54, 0x00, 0x00, 0x0F, 0xFF,
    0xD0, 0x00, 0x00, 0xFF, 0xFD, 0x00, 0x00, 0x00, 0x00, 0x00, 0x00, 0x00, 0x00, 0x00, 0x00, 0x6A,
    0xA9, 0x01, 0xAA, 0x9B, 0xFF, 0xF0, 0x2F, 0xFE, 0x0F, 0xF0, 0x00, 0x3E, 0x00, 0x3F, 0x00, 0x03,
    0xC0, 0x01, 0xFC, 0x00, 0xB4, 0x00, 0x0F, 0xD0, 0x1F, 0x00, 0x00, 0x3F, 0x03, 0xC0, 0x00, 0x02,
    0xF8, 0x78, 0x00, 0x00, 0x0F, 0xDF, 0x00, 0x00, 0x00, 0x7F, 0xD0, 0x00, 0x00, 0x02, 0xF8, 0x00,
    0x00, 0x00, 0x2F, 0x80, 0x00, 0x00, 0x02, 0xF8, 0x00, 0x00, 0x00, 0x2F, 0x80, 0x00, 0x00, 0x02,
    0xF8, 0x00, 0x00, 0x00, 0x2F, 0x80, 0x00, 0x00, 0x1B, 0xFE, 0x40, 0x00, 0x03, 0xFF, 0xFC, 0x00,
    0x00, 0xBF, 0xFD, 0x00, 0x03, 0xFF, 0xF8, 0x00, 0x00, 0x00, 0x00, 0x00, 0x00, 0x00, 0x00, 0x00,
    0x00, 0x00, 0x01, 0xAA, 0xA0, 0xAA, 0x97, 0xFF, 0x82, 0xFF, 0x43, 0xF0, 0x00, 0xF0, 0x0B, 0xD0,
    0x07, 0x40, 0x0F, 0xC0, 0x3C, 0x00, 0x2F, 0x40, 0xE0, 0x00, 0x7E, 0x0B, 0x00, 0x00, 0xFC, 0x38,
    0x00, 0x01, 0xF5, 0xD0, 0x00, 0x03, 0xFF, 0x00, 0x00, 0x0B, 0xF4, 0x00, 0x00, 0x0F, 0xC0, 0x00,
    0x00, 0x2E, 0x00, 0x00, 0x00, 0xB0, 0x00, 0x00, 0x03, 0x80, 0x00, 0x7C, 0x2D, 0x00, 0x02, 0xF5,
    0xE0, 0x00, 0x0B, 0xFF, 0x00, 0x00, 0x06, 0x90, 0x00, 0x00, 0x2A, 0xE3, 0xFE, 0x07, 0xE0, 0x3E,
    0x03, 0xE0, 0x3E, 0x03, 0xE0, 0x3E, 0x03, 0xE0, 0x3E, 0x03, 0xE0, 0x3E, 0x03, 0xE0, 0x3D, 0x07,
    0xC0, 0xBC, 0x1F, 0x43, 0xD0, 0x10, 0x00, 0x00, 0x00, 0x00, 0x00, 0x07, 0xFE, 0x2C, 0x00, 0xFF,
    0xFF, 0xF0, 0x0B, 0xD0, 0x1F, 0xC0, 0x7E, 0x00, 0x3F, 0x02, 0xF4, 0x00, 0xFC, 0x0F, 0xC0, 0x03,
    0xF0, 0x3F, 0x00, 0x0F, 0xC0, 0xFC, 0x00, 0x3F, 0x03, 0xF4, 0x00, 0xFC, 0x0B, 0xE0, 0x03, 0xF0,
    0x0F, 0xC0, 0x2F, 0xC0, 0x2F, 0xEB, 0xEF, 0xE0, 0x2F, 0xFC, 0x3F, 0xC0, 0x05, 0x00, 0x14, 0x00,
    0x00, 0x00, 0x00, 0x07, 0xFF, 0x40, 0x3F, 0xFF, 0xE0, 0xB8, 0x0B, 0xF4, 0x00, 0x01, 0xFC, 0x00,
    0x00, 0xFC, 0x00, 0x00, 0xBD, 0x6A, 0xAA, 0xFD, 0xBF, 0xFF, 0xFD, 0xBC, 0x00, 0xBC, 0xBC, 0x00,
    0xFC, 0x7D, 0x01, 0xF4, 0x3F, 0x47, 0xE0, 0x0B, 0xFF, 0x40, 0x00, 0x50, 0x00, 0x00, 0x00, 0x00,
    0x00, 0x7F, 0xE2, 0xC0, 0xFF, 0xFF, 0xF0, 0xBD, 0x01, 0xFC, 0x7E, 0x00, 0x2F, 0x2F, 0x40, 0x0B,
    0xCF, 0xC0, 0x02, 0xF3, 0xF0, 0x00, 0xBC, 0xFC, 0x00, 0x2F, 0x3F, 0x40, 0x0F, 0xCB, 0xE0, 0x03,
    0xF0, 0xFD, 0x03, 0xFC, 0x2F, 0xFF, 0xFF, 0x02, 0xFF, 0x8B, 0xC0, 0x00, 0x02, 0xF0, 0x10, 0x00,
    0xFC, 0x3F, 0x00, 0x3D, 0x0F, 0xC0, 0x3F, 0x02, 0xFF, 0xFE, 0x00, 0x0A, 0xA8, 0x00, 0x10, 0x3E,
    0x0F, 0xD0, 0xBC, 0x07, 0x80, 0x10, 0x01, 0x40, 0x3D, 0x0F, 0xC2, 0xF0, 0x78, 0x00, 0x00, 0x01,
    0x80, 0x07, 0xE0, 0x0F, 0xF4, 0x3D, 0x7C, 0xB0, 0x0E, 0x40, 0x01, 0x0A, 0x40, 0x02, 0xFF, 0xAC,
    0x36, 0xFF, 0x80, 0x01, 0x90, 0xBF, 0xFE, 0xBF, 0xFE, 0x00, 0x00, 0x00, 0x01, 0xE0, 0x07, 0xB4,
    0x1E, 0x3F, 0xFC, 0x1F, 0xF4, 0x01, 0x40, 0x00, 0x7D, 0xFF, 0xFF, 0x28, 0x2D, 0x07, 0x87, 0xF0,
    0xFD, 0x3F, 0x0F, 0xC1, 0x80, 0x64, 0x01, 0x40, 0x2F, 0xF8, 0x78, 0x3C, 0x38, 0xBC, 0x02, 0xF4,
    0x03, 0xC0, 0x02, 0x80, 0x1A, 0x47, 0xAE, 0xF0, 0xFF, 0x0F, 0x7F, 0xD0, 0x50, 0x01, 0x01, 0x03,
    0xD3, 0xE1, 0xF5, 0xF4, 0xF4, 0xF4, 0xB0, 0xF0, 0x00, 0x10, 0x00, 0x40, 0x01, 0xB4, 0x1E, 0x3E,
    0xBC, 0x0F, 0xF0, 0x07, 0xD0, 0x01, 0x40, 0x10, 0x10, 0x2E, 0x1F, 0x07, 0xD7, 0xD0, 0x7C, 0x7C,
    0x03, 0xC3, 0x80, 0x10, 0x00, 0x00, 0x00, 0x0F, 0xF4, 0x3F, 0xFC, 0x74, 0x1E, 0xE0, 0x0B, 0x40,
    0x01, 0x0C, 0x38, 0xB0, 0xBD, 0xBD, 0x14, 0x0A, 0x0B, 0xE2, 0xFC, 0x1F, 0x03, 0x83, 0xC7, 0xC1,
    0x80, 0x00, 0xBE, 0xFF, 0xBE, 0x14, 0x04, 0x01, 0x03, 0xF0, 0xFC, 0x7F, 0x0F, 0xD3, 0xE0, 0xBC,
    0x00, 0x00, 0x00, 0x24, 0xBE, 0xBE, 0x1E, 0x2C, 0x30, 0x00, 0x00, 0x00, 0xD0, 0x1E, 0x80, 0x6E,
    0x01, 0xFB, 0xBE, 0x2F, 0x80, 0x00, 0x00, 0x74, 0x2D, 0x07, 0xC0, 0xBC, 0x07, 0xFD, 0x1F, 0x40,
    0x40, 0x01, 0xB0, 0x0E, 0x7E, 0xBD, 0x3F, 0xF8, 0x06, 0x90, 0xBF, 0xFE, 0xBF, 0xFE, 0x00, 0x00,
    0x00, 0x02, 0xD0, 0xFC, 0xBC, 0x3D, 0x1E, 0x0A, 0x00, 0x00, 0x00, 0x40, 0x2C, 0x07, 0x80, 0xF4,
    0x3F, 0x03, 0xE0, 0x18, 0x00, 0x7C, 0x07, 0xC0, 0x7C, 0x03, 0xFC, 0x1A, 0x40, 0x00, 0x01, 0xF4,
    0x3F, 0xC3, 0xFC, 0x1F, 0x40, 0x00, 0x00, 0x00, 0x00, 0x00, 0x00, 0x00, 0x05, 0x02, 0xFC, 0x3F,
    0xC2, 0xFC, 0x03, 0xC0, 0x78, 0x0F, 0x02, 0xC0, 0x00, 0x00, 0x00, 0x03, 0xE0, 0xFC, 0xBC, 0x3C,
    0x1D, 0x01, 0x00, 0x00, 0x01, 0x00, 0x00, 0x03, 0xF0, 0x01, 0xE0, 0xF8, 0xF0, 0xFD, 0x7C, 0xBE,
    0x3F, 0x3C, 0x2F, 0x82, 0x4D, 0x01, 0x40, 0x00, 0x00, 0x00, 0x00, 0x00, 0x00, 0x00, 0x00, 0x07,
    0xC0, 0x2A, 0x00, 0x00, 0x0F, 0xC0, 0xBF, 0x40, 0x00, 0x0F, 0x40, 0xFF, 0x80, 0x00, 0x2E, 0x01,
    0xEF, 0xC0, 0x00, 0x38, 0x02, 0xCB, 0xD0, 0x00, 0x10, 0x03, 0xC7, 0xE0, 0x00, 0x00, 0x07, 0x83,
    0xF0, 0x00, 0x00, 0x0B, 0x02, 0xF4, 0x00, 0x00, 0x0F, 0x01, 0xF8, 0x00, 0x00, 0x1D, 0x00, 0xFC,
    0x00, 0x00, 0x3D, 0x00, 0xBD, 0x00, 0x00, 0x3F, 0xFF, 0xFF, 0x00, 0x00, 0x79, 0x55, 0x7F, 0x00,
    0x00, 0xF0, 0x00, 0x2F, 0x80, 0x00, 0xF0, 0x00, 0x1F, 0xC0, 0x02, 0xE0, 0x00, 0x0F, 0xD0, 0x1B,
    0xF4, 0x00, 0x6F, 0xF8, 0x2F, 0xFD, 0x00, 0xFF, 0xFC, 0x18, 0x2F, 0xCF, 0xF2, 0xFC, 0x14, 0x00,
    0x00, 0x00, 0x00, 0x00, 0x00, 0x0F, 0x46, 0xAA, 0xAA, 0xA4, 0x1F, 0xC7, 0xFF, 0xFF, 0xF8, 0x2F,
    0x00, 0xBE, 0x00, 0xBC, 0x3C, 0x00, 0x7E, 0x00, 0x3C, 0xB0, 0x00, 0x7E, 0x00, 0x1D, 0x50, 0x00,
    0x7E, 0x00, 0x00, 0x00, 0x00, 0x7E, 0x01, 0xC0, 0x00, 0x00, 0x7E, 0x02, 0xC0, 0x00, 0x00, 0x7F,
    0xFF, 0xC0, 0x00, 0x00, 0x7F, 0xFF, 0xC0, 0x00, 0x00, 0x7E, 0x03, 0xC0, 0x00, 0x00, 0x7E, 0x01,
    0xC0, 0x00, 0x00, 0x7E, 0x00, 0x00, 0x00, 0x00, 0x7E, 0x00, 0x0A, 0x00, 0x00, 0x7E, 0x00, 0x0F,
    0x00, 0x00, 0x7E, 0x00, 0x2E, 0x00, 0x02, 0xFF, 0xAA, 0xFE, 0x00, 0x0B, 0xFF, 0xFF, 0xFD, 0x00,
    0x00, 0x00, 0x00, 0x00, 0x00, 0x03, 0xD1, 0xAA, 0xA4, 0x06, 0xAA, 0x91, 0xFC, 0x7F, 0xFE, 0x02,
    0xFF, 0xF4, 0xBC, 0x02, 0xF8, 0x00, 0x0B, 0xE0, 0x3C, 0x00, 0x7E, 0x00, 0x02, 0xF4, 0x2C, 0x00,
    0x1F, 0x80, 0x00, 0xBD, 0x05, 0x00, 0x07, 0xE0, 0x00, 0x2F, 0x40, 0x00, 0x01, 0xF8, 0x00, 0x0B,
    0xD0, 0x00, 0x00, 0x7E, 0x00, 0x02, 0xF4, 0x00, 0x00, 0x1F, 0xFF, 0xFF, 0xFD, 0x00, 0x00, 0x07,
    0xFF, 0xFF, 0xFF, 0x40, 0x00, 0x01, 0xF8, 0x00, 0x0B, 0xD0, 0x00, 0x00, 0x7E, 0x00, 0x02, 0xF4,
    0x00, 0x00, 0x1F, 0x80, 0x00, 0xBD, 0x00, 0x00, 0x07, 0xE0, 0x00, 0x2F, 0x40, 0x00, 0x01, 0xF8,
    0x00, 0x0B, 0xD0, 0x00, 0x00, 0x7E, 0x00, 0x02, 0xF4, 0x00, 0x00, 0xBF, 0xE4, 0x06, 0xFF, 0x80,
    0x00, 0xBF, 0xFE, 0x02, 0xFF, 0xF8, 0x00, 0x00, 0x00, 0x00, 0xF4, 0x6A, 0xA9, 0x1F, 0xC7, 0xFF,
    0xF2, 0xF0, 0x0B, 0xF0, 0x3C, 0x00, 0x7E, 0x0B, 0x00, 0x07, 0xE0, 0x50, 0x00, 0x7E, 0x00, 0x00,
    0x07, 0xE0, 0x00, 0x00, 0x7E, 0x00, 0x00, 0x07, 0xE0, 0x00, 0x00, 0x7E, 0x00, 0x00, 0x07, 0xE0,
    0x00, 0x00, 0x7E, 0x00, 0x00, 0x07, 0xE0, 0x00, 0x00, 0x7E, 0x00, 0x00, 0x07, 0xE0, 0x00, 0x00,
    0x7E, 0x00, 0x00, 0x2F, 0xF9, 0x00, 0x0B, 0xFF, 0xF0, 0x00, 0x00, 0x00, 0x00, 0x00, 0x00, 0xF4,
    0x00, 0x6F, 0xE4, 0x00, 0x1F, 0x80, 0x3F, 0xFF, 0xF8, 0x03, 0xF0, 0x1F, 0xD0, 0x1F, 0xE0, 0x7C,
    0x03, 0xF0, 0x00, 0x3F, 0x4B, 0x00, 0xBD, 0x00, 0x01, 0xFC, 0x40, 0x0F, 0xC0, 0x00, 0x0F, 0xD0,
    0x01, 0xF8, 0x00, 0x00, 0xBE, 0x00, 0x2F, 0x40, 0x00, 0x07, 0xF0, 0x03, 0xF4, 0x00, 0x00, 0x7F,
    0x00, 0x3F, 0x40, 0x00, 0x07, 0xF0, 0x03, 0xF4, 0x00, 0x00, 0x7F, 0x00, 0x2F, 0x80, 0x00, 0x07,
    0xE0, 0x01, 0xFC, 0x00, 0x00, 0xBD, 0x00, 0x0F, 0xD0, 0x00, 0x0F, 0xC0, 0x00, 0xBF, 0x00, 0x01,
    0xF4, 0x00, 0x03, 0xFC, 0x00, 0x7F, 0x00, 0x00, 0x0F, 0xFA, 0xBF, 0x80, 0x00, 0x00, 0x1F, 0xFF,
    0xD0, 0x00, 0x00, 0x00, 0x05, 0x40, 0x00, 0x00, 0x00, 0x00, 0x00, 0x00, 0x00, 0x0B, 0x86, 0xAA,
    0x90, 0x1A, 0xA9, 0x0F, 0xCB, 0xFF, 0xF0, 0x2F, 0xFE, 0x1F, 0x40, 0xFF, 0x00, 0x03, 0xE0, 0x3D,
    0x00, 0x3F, 0x00, 0x03, 0xC0, 0x38, 0x00, 0x1F, 0xC0, 0x0B, 0x40, 0x10, 0x00, 0x0F, 0xD0, 0x1F,
    0x00, 0x00, 0x00, 0x03, 0xF0, 0x3C, 0x00, 0x00, 0x00, 0x02, 0xF8, 0x78, 0x00, 0x00, 0x00, 0x00,
    0xFD, 0xF0, 0x00, 0x00, 0x00, 0x00, 0x7F, 0xD0, 0x00, 0x00, 0x00, 0x00, 0x2F, 0x80, 0x00, 0x00,
    0x00, 0x00, 0x2F, 0x80, 0x00, 0x00, 0x00, 0x00, 0x2F, 0x80, 0x00, 0x00, 0x00, 0x00, 0x2F, 0x80,
    0x00, 0x00, 0x00, 0x00, 0x2F, 0x80, 0x00, 0x00, 0x00, 0x00, 0x2F, 0x80, 0x00, 0x00, 0x00, 0x01,
    0xBF, 0xE4, 0x00, 0x00, 0x00, 0x03, 0xFF, 0xFC, 0x00, 0x00, 0x00, 0x00, 0x00, 0x00, 0x00, 0x03,
    0xC0, 0x01, 0xBF, 0x90, 0x00, 0x0B, 0xD0, 0x2F, 0xFF, 0xFE, 0x00, 0x0F, 0x80, 0xBE, 0x00, 0x7F,
    0x80, 0x1F, 0x02, 0xF8, 0x00, 0x0F, 0xE0, 0x3C, 0x07, 0xF0, 0x00, 0x03, 0xF0, 0x10, 0x0B, 0xD0,
    0x00, 0x03, 0xF4, 0x00, 0x0F, 0xD0, 0x00, 0x02, 0xF8, 0x00, 0x0F, 0xC0, 0x00, 0x02, 0xF8, 0x00,
    0x0F, 0xD0, 0x00, 0x02, 0xF8, 0x00, 0x0B, 0xD0, 0x00, 0x03, 0xF4, 0x00, 0x07, 0xF0, 0x00, 0x03,
    0xF0, 0x00, 0x03, 0xF4, 0x00, 0x0B, 0xD0, 0x00, 0x04, 0xFD, 0x00, 0x1F, 0x84, 0x00, 0x2C, 0x3F,
    0x81, 0xFE, 0x1D, 0x00, 0x1D, 0x07, 0xD2, 0xE0, 0x2C, 0x00, 0x1F, 0x01, 0xD2, 0xC0, 0x7C, 0x00,
    0x0F, 0xFF, 0xD2, 0xFF, 0xFC, 0x00, 0x0F, 0xFF, 0xD2, 0xFF, 0xFC, 0x00, 0x04, 0x00, 0x00, 0x07,
    0xD0, 0x02, 0xD2, 0xF2, 0xE2, 0xFC, 0xF5, 0xFC, 0xBE, 0x78, 0x3F, 0x05, 0x2C, 0x06, 0x00, 0x00,
    0x00, 0x00, 0x00, 0x00, 0x00, 0x01, 0xF8, 0x00, 0x00, 0x7E, 0x00, 0x00, 0x1F, 0x40, 0x00, 0x07,
    0xD0, 0x00, 0x01, 0xF4, 0x00, 0x00, 0x7D, 0x00, 0x00, 0x1F, 0x40, 0x00, 0x07, 0xD0, 0x00, 0x01,
    0xF0, 0x00, 0x00, 0x7C, 0x00, 0x00, 0x1F, 0x40, 0x00, 0x03, 0xFF, 0x80, 0x00, 0x7F, 0xD0, 0x00,
    0x01, 0x40, 0x00, 0x00, 0x00, 0xA8, 0x00, 0x00, 0x00, 0x0B, 0xF4, 0x00, 0x00, 0x00, 0x3F, 0xE0,
    0x00, 0x00, 0x01, 0xEF, 0xC0, 0x00, 0x00, 0x0B, 0x2F, 0x40, 0x00, 0x00, 0x3C, 0x7E, 0x00, 0x00,
    0x01, 0xE0, 0xFC, 0x00, 0x00, 0x0B, 0x02, 0xF4, 0x00, 0x00, 0x3C, 0x07, 0xE0, 0x00, 0x01, 0xD0,
    0x0F, 0xC0, 0x00, 0x0F, 0x40, 0x2F, 0x40, 0x00, 0x3F, 0xFF, 0xFF, 0x00, 0x01, 0xE5, 0x55, 0xFC,
    0x00, 0x0F, 0x00, 0x02, 0xF8, 0x00, 0x3C, 0x00, 0x07, 0xF0, 0x02, 0xE0, 0x00, 0x0F, 0xD0, 0x6F,
    0xD0, 0x01, 0xBF, 0xE2, 0xFF, 0xD0, 0x0F, 0xFF, 0xC0, 0x6A, 0xAA, 0x50, 0x01, 0xFF, 0xFF, 0xFC,
    0x00, 0xBE, 0x02, 0xFC, 0x01, 0xF8, 0x02, 0xF8, 0x07, 0xE0, 0x07, 0xE0, 0x1F, 0x80, 0x2F, 0x80,
    0x7E, 0x00, 0xFC, 0x01, 0xF8, 0x0B, 0xD0, 0x07, 0xFF, 0xF8, 0x00, 0x1F, 0xEB, 0xFE, 0x00, 0x7E,
    0x00, 0xBF, 0x01, 0xF8, 0x00, 0xFD, 0x07, 0xE0, 0x02, 0xF8, 0x1F, 0x80, 0x0B, 0xE0, 0x7E, 0x00,
    0x3F, 0x41, 0xF8, 0x02, 0xFC, 0x2F, 0xFA, 0xBF, 0xC2, 0xFF, 0xFF, 0xE4, 0x00, 0x6A, 0xAA, 0xAA,
    0x47, 0xFF, 0xFF, 0xF8, 0x0B, 0xE0, 0x1F, 0xC0, 0x7E, 0x00, 0x3C, 0x07, 0xE0, 0x02, 0xC0, 0x7E,
    0x00, 0x04, 0x07, 0xE0, 0x00, 0x00, 0x7E, 0x00, 0x00, 0x07, 0xE0, 0x00, 0x00, 0x7E, 0x00, 0x00,
    0x07, 0xE0, 0x00, 0x00, 0x7E, 0x00, 0x00, 0x07, 0xE0, 0x00, 0x00, 0x7E, 0x00, 0x00, 0x07, 0xE0,
    0x00, 0x00, 0x7E, 0x00, 0x00, 0x2F, 0xF9, 0x00, 0x0B, 0xFF, 0xF4, 0x00, 0x00, 0x06, 0x90, 0x00,
    0x00, 0x0F, 0xF0, 0x00, 0x00, 0x0F, 0xF4, 0x00, 0x00, 0x2D, 0xFC, 0x00, 0x00, 0x3C, 0xFC, 0x00,
    0x00, 0x78, 0x7E, 0x00, 0x00, 0xB0, 0x3F, 0x00, 0x00, 0xF0, 0x3F, 0x40, 0x01, 0xD0, 0x1F, 0x80,
    0x03, 0xC0, 0x0F, 0xC0, 0x03, 0x80, 0x0B, 0xD0, 0x0B, 0x40, 0x07, 0xF0, 0x0F, 0x00, 0x03, 0xF0,
    0x1E, 0x00, 0x02, 0xF8, 0x2D, 0x00, 0x01, 0xFC, 0x3C, 0x00, 0x00, 0xFC, 0x7F, 0xFF, 0xFF, 0xFE,
    0x3F, 0xFF, 0xFF, 0xFD, 0x6A, 0xAA, 0xAA, 0x47, 0xFF, 0xFF, 0xF8, 0x0B, 0xE0, 0x0B, 0xC0, 0x7E,
    0x00, 0x3C, 0x07, 0xE0, 0x01, 0xD0, 0x7E, 0x00, 0x00, 0x07, 0xE0, 0x1C, 0x00, 0x7E, 0x02, 0xC0,
    0x07, 0xFF, 0xFC, 0x00, 0x7F, 0xFF, 0xC0, 0x07, 0xE0, 0x3C, 0x00, 0x7E, 0x01, 0xC0, 0x07, 0xE0,
    0x00, 0x00, 0x7E, 0x00, 0x0A, 0x07, 0xE0, 0x00, 0xF0, 0x7E, 0x00, 0x2E, 0x2F, 0xFA, 0xAF, 0xEB,
    0xFF, 0xFF, 0xFD, 0x2A, 0xAA, 0xAA, 0xA0, 0xFF, 0xFF, 0xFF, 0xC3, 0xF0, 0x00, 0xFE, 0x1F, 0x00,
    0x07, 0xF0, 0x78, 0x00, 0x3F, 0x41, 0x80, 0x03, 0xF8, 0x00, 0x00, 0x2F, 0xC0, 0x00, 0x01, 0xFC,
    0x00, 0x00, 0x0F, 0xD0, 0x00, 0x00, 0xBF, 0x00, 0x00, 0x07, 0xF0, 0x00, 0x00, 0x3F, 0x40, 0x00,
    0x03, 0xF8, 0x00, 0x10, 0x2F, 0xC0, 0x02, 0xC0, 0xFD, 0x00, 0x0F, 0x0F, 0xE0, 0x00, 0xBC, 0xBF,
    0xAA, 0xAF, 0xF2, 0xFF, 0xFF, 0xFF, 0xC0, 0x6A, 0xA9, 0x01, 0xAA, 0xA5, 0xFF, 0xF8, 0x0B, 0xFF,
    0xD0, 0xBE, 0x00, 0x02, 0xF8, 0x01, 0xF8, 0x00, 0x0B, 0xD0, 0x07, 0xE0, 0x00, 0x2F, 0x40, 0x1F,
    0x80, 0x00, 0xBD, 0x00, 0x7E, 0x00, 0x02, 0xF4, 0x01, 0xF8, 0x00, 0x0B, 0xD0, 0x07, 0xFF, 0xFF,
    0xFF, 0x40, 0x1F, 0xFF, 0xFF, 0xFD, 0x00, 0x7E, 0x00, 0x02, 0xF4, 0x01, 0xF8, 0x00, 0x0B, 0xD0,
    0x07, 0xE0, 0x00, 0x2F, 0x40, 0x1F, 0x80, 0x00, 0xBD, 0x00, 0x7E, 0x00, 0x02, 0xF4, 0x01, 0xF8,
    0x00, 0x0B, 0xD0, 0x2F, 0xF9, 0x01, 0xBF, 0xE2, 0xFF, 0xF8, 0x0B, 0xFF, 0xE0, 0x00, 0x0B, 0xFE,
    0x40, 0x00, 0x0B, 0xFF, 0xFE, 0x00, 0x03, 0xF4, 0x06, 0xFC, 0x00, 0xFC, 0x00, 0x0B, 0xF0, 0x1F,
    0x80, 0x00, 0x3F, 0x43, 0xF0, 0x00, 0x01, 0xFC, 0x3F, 0x00, 0x00, 0x0F, 0xC7, 0xE2, 0x40, 0x34,
    0xFD, 0xBE, 0x2D, 0x57, 0x4F, 0xDB, 0xE2, 0xFF, 0xF4, 0xFD, 0xBE, 0x2C, 0x03, 0x4F, 0xC7, 0xF2,
    0x40, 0x24, 0xFC, 0x3F, 0x00, 0x00, 0x0F, 0xC3, 0xF4, 0x00, 0x02, 0xF4, 0x1F, 0xC0, 0x00, 0x3F,
    0x00, 0xBF, 0x00, 0x0F, 0xC0, 0x02, 0xFF, 0xAB, 0xF0, 0x00, 0x07, 0xFF, 0xF8, 0x00, 0x00, 0x01,
    0x50, 0x00, 0x00, 0x6A, 0xA9, 0x7F, 0xFF, 0x0B, 0xF0, 0x07, 0xE0, 0x07, 0xE0, 0x07, 0xE0, 0x07,
    0xE0, 0x07, 0xE0, 0x07, 0xE0, 0x07, 0xE0, 0x07, 0xE0, 0x07, 0xE0, 0x07, 0xE0, 0x07, 0xE0, 0x07,
    0xE0, 0x07, 0xE0, 0x2F, 0xF9, 0xBF, 0xFF, 0x6A, 0xA9, 0x06, 0xAA, 0x07, 0xFF, 0xF0, 0xFF, 0xF4,
    0x0B, 0xF0, 0x01, 0xF8, 0x00, 0x7E, 0x00, 0x2D, 0x00, 0x07, 0xE0, 0x0B, 0x40, 0x00, 0x7E, 0x02,
    0xE0, 0x00, 0x07, 0xE0, 0xB8, 0x00, 0x00, 0x7E, 0x2E, 0x00, 0x00, 0x07, 0xEB, 0xE0, 0x00, 0x00,
    0x7F, 0xFF, 0x00, 0x00, 0x07, 0xFA, 0xFC, 0x00, 0x00, 0x7E, 0x0F, 0xE0, 0x00, 0x07, 0xE0, 0x7F,
    0x00, 0x00, 0x7E, 0x02, 0xFC, 0x00, 0x07, 0xE0, 0x0F, 0xD0, 0x00, 0x7E, 0x00, 0x7F, 0x40, 0x2F,
    0xF9, 0x03, 0xFE, 0x9B, 0xFF, 0xF0, 0x0B, 0xFD, 0x00, 0x00, 0x00, 0x05, 0x00, 0x00, 0x01, 0xA4,
    0x00, 0x00, 0x00, 0x3F, 0xC0, 0x00, 0x00, 0x03, 0xFD, 0x00, 0x00, 0x00, 0x7B, 0xE0, 0x00, 0x00,
    0x0F, 0x3F, 0x00, 0x00, 0x00, 0xE2, 0xF4, 0x00, 0x00, 0x1D, 0x1F, 0x80, 0x00, 0x03, 0xC0, 0xFC,
    0x00, 0x00, 0x38, 0x0B, 0xD0, 0x00, 0x07, 0x40, 0x7E, 0x00, 0x00, 0xF0, 0x03, 0xF0, 0x00, 0x0E,
    0x00, 0x3F, 0x40, 0x02, 0xD0, 0x01, 0xF8, 0x00, 0x3C, 0x00, 0x0F, 0xC0, 0x03, 0xC0, 0x00, 0xFD,
    0x00, 0xB4, 0x00, 0x0B, 0xF0, 0x6F, 0xE0, 0x01, 0xFF, 0x9B, 0xFF, 0x40, 0x7F, 0xFE, 0x1A, 0xA8,
    0x00, 0x00, 0xAA, 0x90, 0xFF, 0xF8, 0x00, 0x07, 0xFF, 0xC0, 0x3F, 0xF0, 0x00, 0x3F, 0xF0, 0x00,
    0xFF, 0xD0, 0x00, 0xFF, 0x80, 0x03, 0xDF, 0x80, 0x0B, 0x7E, 0x00, 0x0F, 0x3F, 0x00, 0x3C, 0xFC,
    0x00, 0x3C, 0xBD, 0x01, 0xD3, 0xF0, 0x00, 0xF0, 0xF8, 0x0B, 0x0F, 0xC0, 0x03, 0xC3, 0xF0, 0x38,
    0x3F, 0x00, 0x0F, 0x07, 0xD1, 0xD0, 0xFC, 0x00, 0x3C, 0x0F, 0xCF, 0x03, 0xF0, 0x00, 0xE0, 0x2F,
    0x78, 0x0F, 0xC0, 0x07, 0x80, 0x7F, 0xC0, 0x2F, 0x00, 0x1E, 0x00, 0xFF, 0x00, 0xBD, 0x00, 0x78,
    0x02, 0xF4, 0x02, 0xF4, 0x01, 0xE0, 0x00, 0x00, 0x0B, 0xD0, 0x2F, 0xE4, 0x00, 0x01, 0xBF, 0xE2,
    0xFF, 0xE0, 0x00, 0x0F, 0xFF, 0xE0, 0x6A, 0xA0, 0x00, 0x6A, 0xA1, 0xFF, 0xF0, 0x02, 0xFF, 0xD0,
    0xBF, 0xD0, 0x00, 0xF8, 0x01, 0xFF, 0xC0, 0x02, 0xD0, 0x07, 0xBF, 0x80, 0x0B, 0x40, 0x1E, 0x7F,
    0x00, 0x2D, 0x00, 0x78, 0xBF, 0x00, 0xB4, 0x01, 0xE0, 0xFD, 0x02, 0xD0, 0x07, 0x81, 0xFC, 0x0B,
    0x40, 0x1E, 0x03, 0xF8, 0x2D, 0x00, 0x78, 0x07, 0xF0, 0xB4, 0x01, 0xE0, 0x0B, 0xE2, 0xD0, 0x07,
    0x80, 0x0F, 0xDB, 0x40, 0x1E, 0x00, 0x1F, 0xED, 0x00, 0x78, 0x00, 0x3F, 0xF4, 0x01, 0xE0, 0x00,
    0x7F, 0xD0, 0x2F, 0xE4, 0x00, 0xBF, 0x42, 0xFF, 0xE0, 0x00, 0xFD, 0x00, 0x1A, 0xAA, 0xAA, 0x90,
    0xFF, 0xFF, 0xFF, 0x83, 0xFA, 0xAA, 0xBF, 0x1F, 0x00, 0x00, 0x3C, 0x74, 0x00, 0x00, 0x74, 0x00,
    0x00, 0x00, 0x00, 0x10, 0x00, 0x10, 0x00, 0xC0, 0x02, 0xC0, 0x03, 0xFF, 0xFF, 0x00, 0x0F, 0xFF,
    0xFC, 0x00, 0x39, 0x55, 0xF0, 0x00, 0xC0, 0x01, 0x80, 0x00, 0x00, 0x00, 0x02, 0xC0, 0x00, 0x00,
    0xEB, 0x40, 0x00, 0x07, 0xAF, 0x40, 0x00, 0x7D, 0x7F, 0xFF, 0xFF, 0xF5, 0xFF, 0xFF, 0xFF, 0xC0,
    0x00, 0x1B, 0xF9, 0x00, 0x00, 0x3F, 0xFF, 0xF8, 0x00, 0x7F, 0x40, 0x7F, 0x80, 0x3F, 0x00, 0x03,
    0xF4, 0x2F, 0x40, 0x00, 0x7F, 0x0F, 0xC0, 0x00, 0x0F, 0xD7, 0xE0, 0x00, 0x02, 0xFA, 0xF4, 0x00,
    0x00, 0x7F, 0xFD, 0x00, 0x00, 0x1F, 0xFF, 0x40, 0x00, 0x07, 0xFF, 0xD0, 0x00, 0x01, 0xFE, 0xF8,
    0x00, 0x00, 0x7E, 0x7F, 0x00, 0x00, 0x2F, 0x4F, 0xD0, 0x00, 0x0F, 0xC2, 0xFC, 0x00, 0x07, 0xD0,
    0x3F, 0xC0, 0x07, 0xF0, 0x03, 0xFE, 0xAF, 0xE0, 0x00, 0x1F, 0xFF, 0xD0, 0x00, 0x00, 0x15, 0x00,
    0x00, 0x6A, 0xAA, 0xAA, 0xAA, 0xA1, 0xFF, 0xFF, 0xFF, 0xFF, 0xD0, 0xBE, 0x55, 0x57, 0xF4, 0x01,
    0xF8, 0x00, 0x0F, 0xC0, 0x07, 0xE0, 0x00, 0x3F, 0x00, 0x1F, 0x80, 0x00, 0xFC, 0x00, 0x7E, 0x00,
    0x03, 0xF0, 0x01, 0xF8, 0x00, 0x0F, 0xC0, 0x07, 0xE0, 0x00, 0x3F, 0x00, 0x1F, 0x80, 0x00, 0xFC,
    0x00, 0x7E, 0x00, 0x03, 0xF0, 0x01, 0xF8, 0x00, 0x0F, 0xC0, 0x07, 0xE0, 0x00, 0x3F, 0x00, 0x1F,
    0x80, 0x00, 0xFC, 0x00, 0x7E, 0x00, 0x03, 0xF0, 0x01, 0xF8, 0x00, 0x0F, 0xC0, 0x2F, 0xF9, 0x01,
    0xBF, 0xE2, 0xFF, 0xF8, 0x0F, 0xFF, 0xD0, 0x6A, 0xAA, 0x50, 0x07, 0xFF, 0xFF, 0xE0, 0x0B, 0xE0,
    0x6F, 0xC0, 0x7E, 0x00, 0xFE, 0x07, 0xE0, 0x07, 0xF0, 0x7E, 0x00, 0x7F, 0x07, 0xE0, 0x07, 0xF0,
    0x7E, 0x00, 0xBE, 0x07, 0xE0, 0x1F, 0xC0, 0x7F, 0x5B, 0xF4, 0x07, 0xFF, 0xF8, 0x00, 0x7E, 0x00,
    0x00, 0x07, 0xE0, 0x00, 0x00, 0x7E, 0x00, 0x00, 0x07, 0xE0, 0x00, 0x00, 0x7E, 0x00, 0x00, 0x2F,
    0xF9, 0x00, 0x0B, 0xFF, 0xF4, 0x00, 0x6A, 0xAA, 0xAA, 0x82, 0xFF, 0xFF, 0xFF, 0x03, 0xF8, 0x00,
    0xBD, 0x07, 0xF4, 0x00, 0xB8, 0x0B, 0xF0, 0x00, 0xE0, 0x0F, 0xE0, 0x01, 0x00, 0x1F, 0xD0, 0x00,
    0x00, 0x2F, 0xC0, 0x00, 0x00, 0x3F, 0xC0, 0x00, 0x00, 0x7E, 0x00, 0x00, 0x03, 0xF0, 0x00, 0x00,
    0x2F, 0x00, 0x00, 0x01, 0xF4, 0x00, 0x70, 0x0F, 0x80, 0x03, 0xC0, 0xF8, 0x00, 0x0F, 0x0B, 0xC0,
    0x01, 0xFC, 0x7F, 0xFF, 0xFF, 0xF2, 0xFF, 0xFF, 0xFF, 0x80, 0x0A, 0xAA, 0xAA, 0xAA, 0x41, 0xFF,
    0xFF, 0xFF, 0xFC, 0x2F, 0x41, 0xFC, 0x0F, 0xC2, 0xE0, 0x1F, 0xC0, 0x3C, 0x3C, 0x01, 0xFC, 0x02,
    0xD2, 0x80, 0x1F, 0xC0, 0x0D, 0x00, 0x01, 0xFC, 0x00, 0x00, 0x00, 0x1F, 0xC0, 0x00, 0x00, 0x01,
    0xFC, 0x00, 0x00, 0x00, 0x1F, 0xC0, 0x00, 0x00, 0x01, 0xFC, 0x00, 0x00, 0x00, 0x1F, 0xC0, 0x00,
    0x00, 0x01, 0xFC, 0x00, 0x00, 0x00, 0x1F, 0xC0, 0x00, 0x00, 0x01, 0xFC, 0x00, 0x00, 0x00, 0x1F,
    0xC0, 0x00, 0x00, 0x1B, 0xFE, 0x80, 0x00, 0x03, 0xFF, 0xFE, 0x00, 0x6A, 0xA9, 0x01, 0xAA, 0x9B,
    0xFF, 0xF0, 0x2F, 0xFE, 0x0F, 0xF0, 0x00, 0x3E, 0x00, 0x3F, 0x00, 0x03, 0xC0, 0x01, 0xFC, 0x00,
    0xB4, 0x00, 0x0F, 0xD0, 0x1F, 0x00, 0x00, 0x3F, 0x03, 0xC0, 0x00, 0x02, 0xF8, 0x78, 0x00, 0x00,
    0x0F, 0xDF, 0x00, 0x00, 0x00, 0x7F, 0xD0, 0x00, 0x00, 0x02, 0xF8, 0x00, 0x00, 0x00, 0x2F, 0x80,
    0x00, 0x00, 0x02, 0xF8, 0x00, 0x00, 0x00, 0x2F, 0x80, 0x00, 0x00, 0x02, 0xF8, 0x00, 0x00, 0x00,
    0x2F, 0x80, 0x00, 0x00, 0x1B, 0xFE, 0x40, 0x00, 0x03, 0xFF, 0xFC, 0x00, 0x00, 0x01, 0x55, 0x40,
    0x00, 0x00, 0x0B, 0xFF, 0xC0, 0x00, 0x00, 0x00, 0xFE, 0x00, 0x00, 0x00, 0x06, 0xFE, 0x90, 0x00,
    0x01, 0xFF, 0xFF, 0xFE, 0x00, 0x0B, 0xF4, 0xBD, 0x6F, 0xD0, 0x2F, 0x80, 0xBD, 0x07, 0xF0, 0x3F,
    0x00, 0xBD, 0x02, 0xFC, 0xBD, 0x00, 0xBD, 0x00, 0xFC, 0xBD, 0x00, 0xBD, 0x00, 0xFD, 0xFD, 0x00,
    0xBD, 0x00, 0xFD, 0xBD, 0x00, 0xBD, 0x00, 0xFC, 0x7F, 0x00, 0xBD, 0x00, 0xFC, 0x3F, 0x40, 0xBD,
    0x02, 0xF4, 0x0F, 0xE0, 0xBD, 0x0B, 0xF0, 0x03, 0xFF, 0xFE, 0xBF, 0x80, 0x00, 0x6F, 0xFF, 0xF8,
    0x00, 0x00, 0x00, 0xFD, 0x00, 0x00, 0x00, 0x07, 0xFF, 0x80, 0x00, 0x00, 0x07, 0xFF, 0xC0, 0x00,
    0x2A, 0xA8, 0x01, 0xAA, 0x8B, 0xFF, 0xD0, 0x2F, 0xFC, 0x0F, 0xF0, 0x00, 0x7D, 0x00, 0x3F, 0x40,
    0x0F, 0x40, 0x01, 0xFC, 0x02, 0xE0, 0x00, 0x0B, 0xF0, 0x7C, 0x00, 0x00, 0x3F, 0x8F, 0x00, 0x00,
    0x00, 0xFF, 0xD0, 0x00, 0x00, 0x07, 0xF8, 0x00, 0x00, 0x00, 0x2F, 0xC0, 0x00, 0x00, 0x07, 0xFE,
    0x00, 0x00, 0x00, 0xF7, 0xF4, 0x00, 0x00, 0x3D, 0x1F, 0xC0, 0x00, 0x0B, 0x80, 0xBF, 0x00, 0x01,
    0xF0, 0x03, 0xF8, 0x00, 0x7C, 0x00, 0x0F, 0xD0, 0x6F, 0xE4, 0x02, 0xFF, 0x9B, 0xFF, 0x80, 0xBF,
    0xFE, 0x6A, 0x41, 0xAA, 0xA0, 0x2A, 0x8F, 0xFC, 0x3F, 0xFF, 0x47, 0xFD, 0x0F, 0xC0, 0x3F, 0x40,
    0x7E, 0x00, 0xFC, 0x02, 0xF0, 0x07, 0xE0, 0x0F, 0xC0, 0x2F, 0x00, 0x7E, 0x00, 0xFC, 0x02, 0xF0,
    0x07, 0xE0, 0x0F, 0xC0, 0x2F, 0x00, 0x7D, 0x00, 0xFC, 0x02, 0xF0, 0x07, 0xD0, 0x0B, 0xC0, 0x2F,
    0x00, 0xBC, 0x00, 0x7E, 0x02, 0xF0, 0x0F, 0xC0, 0x03, 0xF4, 0x2F, 0x03, 0xF4, 0x00, 0x0F, 0xFB,
    0xFA, 0xFD, 0x00, 0x00, 0x1F, 0xFF, 0xFE, 0x00, 0x00, 0x00, 0x03, 0xF4, 0x00, 0x00, 0x00, 0x00,
    0x2F, 0x00, 0x00, 0x00, 0x00, 0x02, 0xF0, 0x00, 0x00, 0x00, 0x01, 0xBF, 0xE0, 0x00, 0x00, 0x00,
    0x3F, 0xFF, 0x40, 0x00, 0x00, 0x06, 0xFE, 0x40, 0x00, 0x02, 0xFF, 0xFF, 0xE0, 0x00, 0x2F, 0x80,
    0x1F, 0xE0, 0x02, 0xF8, 0x00, 0x0F, 0xE0, 0x1F, 0xC0, 0x00, 0x0F, 0xC0, 0xBD, 0x00, 0x00, 0x3F,
    0x43, 0xF4, 0x00, 0x00, 0xBE, 0x0F, 0xC0, 0x00, 0x02, 0xF8, 0x3F, 0x40, 0x00, 0x0B, 0xE0, 0xBD,
    0x00, 0x00, 0x3F, 0x41, 0xFC, 0x00, 0x00, 0xFC, 0x03, 0xF4, 0x00, 0x0B, 0xD0, 0x13, 0xF4, 0x00,
    0x7E, 0x12, 0xC3, 0xF8, 0x1F, 0xE1, 0xD7, 0x41, 0xF4, 0xB8, 0x0B, 0x1F, 0x01, 0xD2, 0xC0, 0x7C,
    0x3F, 0xFF, 0x4B, 0xFF, 0xF0, 0xFF, 0xFD, 0x2F, 0xFF, 0xC0, 0x1E, 0x07, 0x83, 0xF0, 0xFD, 0x3F,
    0x0F, 0xD1, 0x90, 0x24, 0x00, 0x00, 0x00, 0x00, 0x00, 0x1A, 0xAA, 0x41, 0xFF, 0xFC, 0x02, 0xFC,
    0x00, 0x1F, 0x80, 0x01, 0xF8, 0x00, 0x1F, 0x80, 0x01, 0xF8, 0x00, 0x1F, 0x80, 0x01, 0xF8, 0x00,
    0x1F, 0x80, 0x01, 0xF8, 0x00, 0x1F, 0x80, 0x01, 0xF8, 0x00, 0x1F, 0x80, 0x01, 0xF8, 0x00, 0x1F,
    0x80, 0x0B, 0xFE, 0x42, 0xFF, 0xFC, 0x00, 0x0A, 0x02, 0x80, 0x00, 0x03, 0xF8, 0xBF, 0x00, 0x00,
    0x2F, 0x8B, 0xE0, 0x00, 0x00, 0x90, 0x18, 0x00, 0x00, 0x00, 0x00, 0x00, 0x00, 0x00, 0x00, 0x00,
    0x00, 0x6A, 0xA9, 0x01, 0xAA, 0x9B, 0xFF, 0xF0, 0x2F, 0xFE, 0x0F, 0xF0, 0x00, 0x3E, 0x00, 0x3F,
    0x00, 0x03, 0xC0, 0x01, 0xFC, 0x00, 0xB4, 0x00, 0x0F, 0xD0, 0x1F, 0x00, 0x00, 0x3F, 0x03, 0xC0,
    0x00, 0x02, 0xF8, 0x78, 0x00, 0x00, 0x0F, 0xDF, 0x00, 0x00, 0x00, 0x7F, 0xD0, 0x00, 0x00, 0x02,
    0xF8, 0x00, 0x00, 0x00, 0x2F, 0x80, 0x00, 0x00, 0x02, 0xF8, 0x00, 0x00, 0x00, 0x2F, 0x80, 0x00,
    0x00, 0x02, 0xF8, 0x00, 0x00, 0x00, 0x2F, 0x80, 0x00, 0x00, 0x1B, 0xFE, 0x40, 0x00, 0x03, 0xFF,
    0xFC, 0x00, 0x00, 0x00, 0x00, 0x00, 0x00, 0x0B, 0x80, 0x00, 0x00, 0x3F, 0x00, 0x00, 0x02, 0xF0,
    0x00, 0x00, 0x0F, 0x40, 0x00, 0x00, 0x74, 0x00, 0x00, 0x00, 0x40, 0x00, 0x00, 0x00, 0x00, 0x00,
    0x02, 0xFE, 0x1F, 0x80, 0x3F, 0xEF, 0xBD, 0x03, 0xF4, 0x0B, 0xF0, 0x1F, 0xC0, 0x0F, 0xC0, 0xBD,
    0x00, 0x3F, 0x02, 0xF4, 0x00, 0xFC, 0x0F, 0xD0, 0x03, 0xE0, 0x3F, 0x40, 0x0F, 0x80, 0xBD, 0x00,
    0x3E, 0x01, 0xF8, 0x00, 0xF8, 0x03, 0xF0, 0x0F, 0xF0, 0x0B, 0xF9, 0xFB, 0xF8, 0x0B, 0xFF, 0x0F,
    0xF0, 0x01, 0x40, 0x04, 0x00, 0x00, 0x00, 0x00, 0x00, 0x02, 0xE0, 0x00, 0x03, 0xF0, 0x00, 0x07,
    0xD0, 0x00, 0x0F, 0x40, 0x00, 0x0D, 0x00, 0x00, 0x04, 0x00, 0x00, 0x00, 0x00, 0x06, 0xFF, 0xD0,
    0x2F, 0xEA, 0xFC, 0x7E, 0x00, 0x7D, 0xBC, 0x00, 0xBD, 0x7C, 0x00, 0x78, 0x3F, 0x6E, 0x00, 0x0B,
    0xFF, 0x00, 0x3E, 0x2D, 0x00, 0xBC, 0x00, 0x00, 0xFC, 0x00, 0x00, 0xBE, 0x00, 0x1D, 0x3F, 0xFB,
    0xFC, 0x0F, 0xFF, 0xD0, 0x00, 0x54, 0x00, 0x00, 0x00, 0x00, 0x00, 0x00, 0x0F, 0x40, 0x00, 0x01,
    0xF8, 0x00, 0x00, 0x3F, 0x00, 0x00, 0x03, 0xC0, 0x00, 0x00, 0xB0, 0x00, 0x00, 0x04, 0x00, 0x00,
    0x00, 0x00, 0x00, 0x2F, 0x42, 0xFF, 0x07, 0xFC, 0xFF, 0xFC, 0x07, 0xFC, 0x0F, 0xE0, 0x3F, 0x00,
    0x7E, 0x03, 0xE0, 0x03, 0xF0, 0x3E, 0x00, 0x3F, 0x03, 0xE0, 0x03, 0xF0, 0x3E, 0x00, 0x3F, 0x03,
    0xE0, 0x03, 0xF0, 0x3E, 0x00, 0x3F, 0x03, 0xE0, 0x03, 0xF0, 0x3E, 0x00, 0x3F, 0x03, 0xE0, 0x03,
    0xE0, 0x00, 0x00, 0x3E, 0x00, 0x00, 0x03, 0xE0, 0x00, 0x00, 0x3E, 0x00, 0x00, 0x07, 0xE0, 0x00,
    0x00, 0x7E, 0x00, 0x00, 0x01, 0x90, 0x00, 0x00, 0x07, 0xC0, 0x3F, 0x01, 0xF4, 0x0B, 0x40, 0x38,
    0x00, 0x40, 0x00, 0x00, 0x7E, 0x01, 0xF8, 0x07, 0xD0, 0x1F, 0x40, 0x7D, 0x01, 0xF4, 0x07, 0xD0,
    0x1F, 0x40, 0x7C, 0x01, 0xF0, 0x07, 0xD0, 0x0F, 0xFE, 0x1F, 0xF4, 0x05, 0x00, 0x00, 0x00, 0x50,
    0x00, 0x00, 0x03, 0xE0, 0x00, 0x2D, 0x1F, 0x5E, 0x01, 0xFC, 0xB8, 0xFD, 0x07, 0xF3, 0xC3, 0xF4,
    0x06, 0x1C, 0x02, 0x40, 0x00, 0x00, 0x00, 0x00, 0x00, 0x00, 0x00, 0x2F, 0x80, 0x0B, 0x41, 0xFF,
    0x40, 0x3F, 0x00, 0x7E, 0x00, 0xFD, 0x00, 0xF8, 0x01, 0xF8, 0x03, 0xD0, 0x03, 0xE0, 0x1F, 0x40,
    0x0F, 0xC0, 0x7D, 0x00, 0x3F, 0x01, 0xF4, 0x00, 0xFC, 0x07, 0xD0, 0x03, 0xE0, 0x1F, 0x80, 0x1F,
    0x40, 0x3F, 0x00, 0xFC, 0x00, 0x7F, 0x5F, 0xD0, 0x00, 0x7F, 0xFD, 0x00, 0x00, 0x05, 0x00, 0x00,
    0x00, 0x00, 0x00, 0x00, 0x0B, 0xF8, 0x7E, 0x00, 0xFF, 0xBE, 0xF4, 0x0F, 0xD0, 0x2F, 0xC0, 0x7F,
    0x00, 0x3F, 0x02, 0xF4, 0x00, 0xFC, 0x0B, 0xD0, 0x03, 0xF0, 0x3F, 0x40, 0x0F, 0x80, 0xFD, 0x00,
    0x3E, 0x02, 0xF4, 0x00, 0xF8, 0x07, 0xE0, 0x03, 0xE0, 0x0F, 0xC0, 0x3F, 0xC0, 0x2F, 0xE7, 0xEF,
    0xE0, 0x2F, 0xFC, 0x3F, 0xC0, 0x05, 0x00, 0x10, 0x00, 0x00, 0x1A, 0x40, 0x00, 0x3F, 0xFF, 0x40,
    0x0F, 0xD0, 0xBD, 0x02, 0xF0, 0x03, 0xF0, 0x3E, 0x00, 0x1F, 0x03, 0xE0, 0x01, 0xF0, 0x3D, 0x00,
    0x1F, 0x03, 0xD0, 0x03, 0xE0, 0x3D, 0x3E, 0xBC, 0x03, 0xD7, 0xFF, 0x80, 0x3D, 0x3E, 0x7F, 0x03,
    0xD0, 0x00, 0xFC, 0x3D, 0x00, 0x0F, 0xD3, 0xD0, 0x00, 0xBD, 0x3D, 0x00, 0x07, 0xE3, 0xD0, 0x00,
    0xBD, 0x3D, 0x00, 0x0F, 0xC3, 0xE0, 0x01, 0xF8, 0x3F, 0xE5, 0xBF, 0x03, 0xFF, 0xFF, 0x80, 0x3E,
    0x05, 0x00, 0x03, 0xE0, 0x00, 0x00, 0x3E, 0x00, 0x00, 0x03, 0xF0, 0x00, 0x00, 0x3F, 0x00, 0x00,
    0x02, 0x90, 0x00, 0x00, 0x2F, 0x80, 0x0B, 0xDB, 0xFE, 0x00, 0xBD, 0x07, 0xF0, 0x0B, 0xD0, 0x1F,
    0x40, 0xBD, 0x00, 0xF8, 0x0F, 0xC0, 0x0F, 0x80, 0xFC, 0x00, 0xBC, 0x1F, 0x40, 0x07, 0xC3, 0xF0,
    0x00, 0x7C, 0x7D, 0x00, 0x03, 0xCF, 0x80, 0x00, 0x3F, 0xF0, 0x00, 0x03, 0xFC, 0x00, 0x00, 0x3F,
    0x00, 0x00, 0x03, 0xE0, 0x00, 0x00, 0x3E, 0x00, 0x00, 0x03, 0xE0, 0x00, 0x00, 0x3E, 0x00, 0x00,
    0x01, 0x90, 0x00, 0x00, 0x16, 0x50, 0x00, 0x0F, 0xFF, 0xD0, 0x03, 0xE0, 0x1F, 0x40, 0x7C, 0x00,
    0xFC, 0x0B, 0xC0, 0x1F, 0x80, 0x7F, 0x00, 0xA0, 0x02, 0xFD, 0x00, 0x00, 0x0B, 0xF8, 0x00, 0x00,
    0x3F, 0xF0, 0x00, 0x2F, 0x6F, 0xC0, 0x0F, 0xC0, 0x7F, 0x01, 0xF8, 0x02, 0xF4, 0x3F, 0x00, 0x0F,
    0xC3, 0xF0, 0x00, 0xFC, 0x3F, 0x00, 0x0F, 0xC3, 0xF0, 0x00, 0xFC, 0x3F, 0x00, 0x0F, 0x82, 0xF8,
    0x02, 0xF0, 0x0F, 0xE5, 0xFD, 0x00, 0x2F, 0xFF, 0x40, 0x00, 0x05, 0x00, 0x00, 0x00, 0x00, 0x00,
    0x06, 0xFF, 0xD0, 0x2F, 0xEA, 0xFC, 0x7E, 0x00, 0x7D, 0xBC, 0x00, 0xBD, 0x7C, 0x00, 0x78, 0x3F,
    0x6E, 0x00, 0x0B, 0xFF, 0x00, 0x3E, 0x2D, 0x00, 0xBC, 0x00, 0x00, 0xFC, 0x00, 0x00, 0xBE, 0x00,
    0x1D, 0x3F, 0xFB, 0xFC, 0x0F, 0xFF, 0xD0, 0x00, 0x54, 0x00, 0x00, 0x00, 0x00, 0x1F, 0x00, 0x00,
    0x3F, 0x40, 0x38, 0x3F, 0x51, 0xFE, 0x0F, 0xFF, 0xFC, 0x00, 0x0F, 0xF0, 0x00, 0x2F, 0x80, 0x00,
    0xBE, 0x00, 0x00, 0xFC, 0x00, 0x03, 0xF0, 0x00, 0x07, 0xD0, 0x00, 0x0F, 0x80, 0x00, 0x1F, 0x00,
    0x00, 0x2E, 0x00, 0x00, 0x3D, 0x00, 0x00, 0x3D, 0x00, 0x00, 0x3E, 0x00, 0x00, 0x3F, 0x40, 0x00,
    0x2F, 0xF9, 0x00, 0x0B, 0xFF, 0xE0, 0x00, 0xBF, 0xFC, 0x00, 0x06, 0xFD, 0x00, 0x00, 0x7D, 0x00,
    0x00, 0x3D, 0x00, 0x00, 0x7C, 0x00, 0x00, 0xF0, 0x00, 0x00, 0x50, 0x00, 0x00, 0x00, 0x02, 0xF4,
    0x2F, 0xF0, 0x7F, 0xCF, 0xFF, 0xC0, 0x7F, 0xC0, 0xFE, 0x03, 0xF0, 0x07, 0xE0, 0x3E, 0x00, 0x3F,
    0x03, 0xE0, 0x03, 0xF0, 0x3E, 0x00, 0x3F, 0x03, 0xE0, 0x03, 0xF0, 0x3E, 0x00, 0x3F, 0x03, 0xE0,
    0x03, 0xF0, 0x3E, 0x00, 0x3F, 0x03, 0xE0, 0x03, 0xF0, 0x3E, 0x00, 0x3E, 0x00, 0x00, 0x03, 0xE0,
    0x00, 0x00, 0x3E, 0x00, 0x00, 0x03, 0xE0, 0x00, 0x00, 0x7E, 0x00, 0x00, 0x07, 0xE0, 0x00, 0x00,
    0x19, 0x00, 0x19, 0x40, 0x00, 0xBF, 0xFC, 0x00, 0xBD, 0x0F, 0xC0, 0x7C, 0x00, 0xF8, 0x3F, 0x00,
    0x2F, 0x0F, 0x80, 0x07, 0xD7, 0xD0, 0x00, 0xF9, 0xF4, 0x00, 0x3F, 0xBC, 0x00, 0x0F, 0xEF, 0xEA,
    0xAB, 0xFB, 0xFF, 0xFF, 0xFE, 0xFE, 0x95, 0x7F, 0xBD, 0x00, 0x0F, 0xDF, 0x40, 0x03, 0xE7, 0xD0,
    0x00, 0xF8, 0xF8, 0x00, 0x7D, 0x3F, 0x00, 0x2F, 0x07, 0xE0, 0x0F, 0x40, 0xBE, 0x5F, 0x80, 0x0B,
    0xFF, 0x80, 0x00, 0x15, 0x00, 0x00, 0x7E, 0x01, 0xF8, 0x07, 0xD0, 0x1F, 0x40, 0x7D, 0x01, 0xF4,
    0x07, 0xD0, 0x1F, 0x40, 0x7C, 0x01, 0xF0, 0x07, 0xD0, 0x0F, 0xFE, 0x1F, 0xF4, 0x05, 0x00, 0x00,
    0x00, 0x00, 0x03, 0xE0, 0x02, 0xF4, 0x7F, 0x00, 0xBF, 0xC7, 0xE0, 0x2D, 0xF8, 0x3E, 0x07, 0x41,
    0x03, 0xE0, 0xE0, 0x00, 0x3E, 0x3D, 0x00, 0x03, 0xEF, 0xF0, 0x00, 0x3F, 0xEF, 0x80, 0x03, 0xF4,
    0xFC, 0x00, 0x3E, 0x07, 0xE0, 0x03, 0xD0, 0x3F, 0x40, 0x3D, 0x01, 0xFE, 0x83, 0xD0, 0x0B, 0xFC,
    0x00, 0x00, 0x04, 0x00, 0x06, 0x40, 0x00, 0x00, 0x3F, 0xF8, 0x00, 0x00, 0xBC, 0x7D, 0x00, 0x00,
    0xBC, 0x1F, 0x00, 0x00, 0x28, 0x0F, 0x40, 0x00, 0x00, 0x0F, 0x80, 0x00, 0x00, 0x07, 0xC0, 0x00,
    0x00, 0x0B, 0xC0, 0x00, 0x00, 0x0F, 0xE0, 0x00, 0x00, 0x2F, 0xF0, 0x00, 0x00, 0x3F, 0xF0, 0x00,
    0x00, 0xBC, 0xF4, 0x00, 0x00, 0xFC, 0xBC, 0x00, 0x02, 0xF4, 0x7C, 0x00, 0x03, 0xF0, 0x3D, 0x00,
    0x07, 0xE0, 0x3F, 0x00, 0x0F, 0xC0, 0x2F, 0x00, 0x1F, 0x80, 0x1F, 0x40, 0x3F, 0x40, 0x0F, 0xE8,
    0x7F, 0x00, 0x07, 0xF8, 0x00, 0x00, 0x00, 0x40, 0x3F, 0x00, 0x2F, 0x00, 0xFC, 0x00, 0xFC, 0x03,
    0xF0, 0x03, 0xF0, 0x0F, 0xC0, 0x0F, 0xC0, 0x3E, 0x00, 0x3F, 0x00, 0xF8, 0x00, 0xF8, 0x03, 0xE0,
    0x03, 0xE0, 0x0F, 0x80, 0x0F, 0x80, 0x3E, 0x00, 0x3E, 0x00, 0xF8, 0x01, 0xF8, 0x03, 0xE0, 0x0F,
    0xF0, 0x0F, 0xFA, 0xFB, 0xE8, 0x3F, 0xFF, 0x0F, 0xF0, 0xF8, 0x50, 0x05, 0x03, 0xE0, 0x00, 0x00,
    0x0F, 0xC0, 0x00, 0x00, 0x3F, 0x00, 0x00, 0x00, 0xFC, 0x00, 0x00, 0x01, 0x90, 0x00, 0x00, 0x00,
    0x2F, 0x80, 0x0A, 0x8B, 0xFE, 0x00, 0xBD, 0x07, 0xF0, 0x0B, 0xD0, 0x1F, 0x80, 0xBD, 0x00, 0xF8,
    0x0F, 0xC0, 0x0F, 0xC0, 0xFC, 0x00, 0xBC, 0x0F, 0x80, 0x07, 0xC2, 0xF0, 0x00, 0x3C, 0x3E, 0x00,
    0x03, 0xD7, 0xC0, 0x00, 0x3D, 0xF4, 0x00, 0x03, 0xFE, 0x00, 0x00, 0x3F, 0x80, 0x00, 0x00, 0x50,
    0x00, 0x00, 0x00, 0x00, 0x7D, 0x00, 0x00, 0xBD, 0x00, 0xBC, 0x7E, 0x5F, 0xFD, 0x1B, 0xFF, 0xE4,
    0x02, 0xFD, 0x00, 0x07, 0xE0, 0x00, 0x0F, 0xC0, 0x00, 0x0F, 0x80, 0x00, 0x0F, 0xC0, 0x00, 0x03,
    0xE2, 0xF4, 0x00, 0xBF, 0xFC, 0x01, 0xFB, 0xF8, 0x0B, 0xC0, 0x50, 0x1F, 0x00, 0x00, 0x2F, 0x00,
    0x00, 0x3F, 0x00, 0x00, 0x2F, 0x80, 0x00, 0x1F, 0xF9, 0x00, 0x07, 0xFF, 0xF0, 0x00, 0xBF, 0xFD,
    0x00, 0x02, 0xFE, 0x00, 0x00, 0x3F, 0x00, 0x00, 0x2E, 0x00, 0x00, 0x3C, 0x00, 0x00, 0xB8, 0x00,
    0x00, 0x10, 0x00, 0x00, 0x00, 0x00, 0x7F, 0xF4, 0x00, 0xFE, 0xBF, 0x80, 0xBC, 0x03, 0xF8, 0x7E,
    0x00, 0x3F, 0x2F, 0x40, 0x0F, 0xDF, 0xC0, 0x02, 0xFB, 0xF0, 0x00, 0xBE, 0xFC, 0x00, 0x2F, 0xBF,
    0x40, 0x0B, 0xDB, 0xE0, 0x03, 0xF0, 0xFD, 0x01, 0xF8, 0x1F, 0xE6, 0xF8, 0x01, 0xFF, 0xF8, 0x00,
    0x01, 0x40, 0x00, 0x00, 0x00, 0x00, 0x00, 0x2F, 0xFF, 0xFF, 0xFD, 0xBF, 0xFF, 0xFF, 0xFD, 0x16,
    0xF5, 0x5F, 0x54, 0x02, 0xE0, 0x0F, 0x00, 0x02, 0xD0, 0x0F, 0x00, 0x03, 0xD0, 0x1F, 0x00, 0x03,
    0xC0, 0x1F, 0x00, 0x07, 0xC0, 0x1F, 0x00, 0x0B, 0xC0, 0x1F, 0x00, 0x0F, 0xC0, 0x1F, 0x00, 0x0F,
    0xC0, 0x1F, 0x40, 0x0F, 0x80, 0x0F, 0xFD, 0x1F, 0x80, 0x0B, 0xFD, 0x00, 0x00, 0x00, 0x50, 0x00,
    0x00, 0x00, 0x00, 0x7F, 0xE4, 0x00, 0xFE, 0xBF, 0x80, 0xBC, 0x02, 0xF4, 0x3D, 0x00, 0x3F, 0x1F,
    0x00, 0x0F, 0xCB, 0xC0, 0x03, 0xF6, 0xF0, 0x00, 0xBD, 0xBC, 0x00, 0x3F, 0x6F, 0x00, 0x0F, 0xCB,
    0xC0, 0x03, 0xF2, 0xF0, 0x03, 0xF4, 0xBF, 0x97, 0xF8, 0x2F, 0xBF, 0xF4, 0x0B, 0xC1, 0x40, 0x02,
    0xF0, 0x00, 0x00, 0xBC, 0x00, 0x00, 0x2F, 0x40, 0x00, 0x07, 0xD0, 0x00, 0x00, 0x90, 0x00, 0x00,
    0x00, 0x00, 0x00, 0x01, 0xFF, 0x90, 0x0F, 0xEA, 0xF4, 0x2F, 0x00, 0xFC, 0x7E, 0x00, 0xFC, 0xBC,
    0x00, 0xF8, 0xFC, 0x00, 0x00, 0xFC, 0x00, 0x00, 0xFC, 0x00, 0x00, 0xBD, 0x00, 0x00, 0x7F, 0x00,
    0x00, 0x3F, 0xE4, 0x00, 0x0F, 0xFF, 0x80, 0x02, 0xFF, 0xF0, 0x00, 0x1B, 0xF8, 0x00, 0x00, 0xF8,
    0x00, 0x00, 0xF4, 0x00, 0x00, 0xF0, 0x00, 0x02, 0xD0, 0x00, 0x01, 0x40, 0x00, 0x00, 0x00, 0x00,
    0x07, 0xFF, 0xFF, 0x07, 0xFF, 0xFF, 0xF1, 0xFD, 0x0B, 0xC5, 0x3F, 0x00, 0x3E, 0x0B, 0xE0, 0x02,
    0xF0, 0xFC, 0x00, 0x1F, 0x4F, 0xC0, 0x01, 0xF8, 0xFC, 0x00, 0x1F, 0x8F, 0xD0, 0x01, 0xF4, 0x7E,
    0x00, 0x2F, 0x03, 0xF0, 0x03, 0xE0, 0x1F, 0xD6, 0xFC, 0x00, 0x3F, 0xFE, 0x00, 0x00, 0x14, 0x00,
    0x00, 0x00, 0x00, 0x00, 0x0B, 0xFF, 0xFF, 0xCB, 0xFF, 0xFF, 0xF0, 0x56, 0xF5, 0x54, 0x00, 0x7C,
    0x00, 0x00, 0x1F, 0x00, 0x00, 0x0B, 0xC0, 0x00, 0x02, 0xF0, 0x00, 0x00, 0xFC, 0x00, 0x00, 0x3F,
    0x00, 0x00, 0x0F, 0xC0, 0x00, 0x03, 0xF0, 0x10, 0x00, 0xBF, 0xFD, 0x00, 0x0F, 0xFD, 0x00, 0x00,
    0x14, 0x00, 0x2F, 0x80, 0x0B, 0x47, 0xFD, 0x00, 0xFC, 0x07, 0xE0, 0x0F, 0xD0, 0x3E, 0x00, 0x7E,
    0x03, 0xD0, 0x03, 0xE0, 0x7D, 0x00, 0x3F, 0x07, 0xD0, 0x03, 0xF0, 0x7D, 0x00, 0x3F, 0x07, 0xD0,
    0x03, 0xE0, 0x7E, 0x00, 0x7D, 0x03, 0xF0, 0x0F, 0xC0, 0x1F, 0xD7, 0xF4, 0x00, 0x7F, 0xFD, 0x00,
    0x00, 0x14, 0x00, 0x00, 0x02, 0xB0, 0x00, 0x00, 0x00, 0x3F, 0x00, 0x00, 0x00, 0x02, 0xF0, 0x00,
    0x00, 0x00, 0x2F, 0x00, 0x00, 0x00, 0x02, 0xF0, 0x00, 0x00, 0x07, 0xFF, 0xF9, 0x00, 0x07, 0xFB,
    0xFB, 0xFC, 0x01, 0xF8, 0x2F, 0x0B, 0xF0, 0x3E, 0x02, 0xF0, 0x2F, 0x8B, 0xD0, 0x2F, 0x00, 0xFC,
    0xFC, 0x02, 0xF0, 0x0F, 0xDF, 0xC0, 0x2F, 0x00, 0xBD, 0xFC, 0x02, 0xF0, 0x0B, 0xDB, 0xD0, 0x2F,
    0x00, 0xFC, 0x7F, 0x02, 0xF0, 0x0F, 0x83, 0xF8, 0x2F, 0x03, 0xF0, 0x0F, 0xF6, 0xF1, 0xFC, 0x00,
    0x1F, 0xFF, 0xFE, 0x00, 0x00, 0x06, 0xF4, 0x00, 0x00, 0x00, 0x2E, 0x00, 0x00, 0x00, 0x02, 0xE0,
    0x00, 0x00, 0x00, 0x1E, 0x00, 0x00, 0x00, 0x01, 0xE0, 0x00, 0x00, 0x00, 0x05, 0x00, 0x00, 0x2F,
    0x80, 0x07, 0xE2, 0xFF, 0x80, 0x3F, 0x00, 0x7F, 0x00, 0xF4, 0x00, 0xBD, 0x0B, 0xC0, 0x00, 0xFC,
    0x3D, 0x00, 0x02, 0xF2, 0xE0, 0x00, 0x07, 0xEF, 0x00, 0x00, 0x0F, 0xF8, 0x00, 0x00, 0x1F, 0xC0,
    0x00, 0x00, 0x3F, 0x00, 0x00, 0x02, 0xFC, 0x00, 0x00, 0x0F, 0xF8, 0x00, 0x00, 0xBA, 0xF0, 0x00,
    0x07, 0xC7, 0xD0, 0x00, 0x3E, 0x0F, 0xC0, 0x01, 0xF0, 0x2F, 0x40, 0x0F, 0xC0, 0x7F, 0x40, 0xBD,
    0x00, 0xFF, 0xD2, 0x90, 0x00, 0xB9, 0x00, 0x00, 0x00, 0x2A, 0x00, 0x00, 0x00, 0x00, 0xFC, 0x00,
    0x00, 0x00, 0x03, 0xE0, 0x00, 0x00, 0x00, 0x0F, 0x80, 0x00, 0x00, 0x00, 0x3E, 0x00, 0x00, 0xBE,
    0x00, 0xF8, 0x2B, 0x07, 0xFD, 0x03, 0xE0, 0xBD, 0x01, 0xF8, 0x0F, 0x81, 0xF8, 0x03, 0xE0, 0x3E,
    0x03, 0xF0, 0x0F, 0x40, 0xF8, 0x0F, 0xC0, 0x7D, 0x03, 0xE0, 0x2F, 0x01, 0xF4, 0x0F, 0x40, 0xBC,
    0x07, 0xD0, 0x3D, 0x02, 0xF0, 0x1F, 0x40, 0xF4, 0x0F, 0xC0, 0x3E, 0x03, 0xD0, 0x3E, 0x00, 0xFC,
    0x0F, 0x43, 0xF0, 0x01, 0xFE, 0x7E, 0xBF, 0x40, 0x00, 0xBF, 0xFF, 0xE0, 0x00, 0x00, 0x07, 0xE0,
    0x00, 0x00, 0x00, 0x0F, 0x40, 0x00, 0x00, 0x00, 0x3D, 0x00, 0x00, 0x00, 0x00, 0xF0, 0x00, 0x00,
    0x00, 0x03, 0xC0, 0x00, 0x00, 0x00, 0x05, 0x00, 0x00, 0x02, 0x80, 0x00, 0x2E, 0x00, 0xBC, 0x00,
    0x03, 0xF4, 0x1F, 0x40, 0x00, 0x1F, 0xC3, 0xF0, 0x00, 0x00, 0xFC, 0x7E, 0x00, 0xF4, 0x0B, 0xEB,
    0xD0, 0x2F, 0xC0, 0x3E, 0xBD, 0x02, 0xFC, 0x03, 0xFF, 0xC0, 0x1F, 0x80, 0x3F, 0xBD, 0x00, 0xF0,
    0x03, 0xFB, 0xD0, 0x0F, 0x00, 0x7E, 0x3F, 0x02, 0xFC, 0x0F, 0xC2, 0xFE, 0xF9, 0xFB, 0xF8, 0x0B,
    0xFE, 0x07, 0xFE, 0x00, 0x05, 0x00, 0x05, 0x00, 0x1E, 0x07, 0x83, 0xF4, 0xFD, 0x3F, 0x0F, 0xD1,
    0x90, 0x24, 0x00, 0x00, 0x00, 0x00, 0x00, 0x01, 0xF8, 0x00, 0x1F, 0x80, 0x01, 0xF4, 0x00, 0x1F,
    0x40, 0x01, 0xF4, 0x00, 0x1F, 0x40, 0x01, 0xF4, 0x00, 0x1F, 0x40, 0x01, 0xF0, 0x00, 0x1F, 0x00,
    0x01, 0xF4, 0x00, 0x0F, 0xFE, 0x00, 0x7F, 0xD0, 0x00, 0x50, 0x00, 0xA0, 0x28, 0x00, 0x3F, 0x8B,
    0xE0, 0x03, 0xF8, 0xBE, 0x00, 0x09, 0x01, 0x80, 0x00, 0x00, 0x00, 0x00, 0x00, 0x00, 0x00, 0x2F,
    0x80, 0x0B, 0x47, 0xFD, 0x00, 0xFC, 0x07, 0xE0, 0x0F, 0xD0, 0x3E, 0x00, 0x7E, 0x03, 0xD0, 0x03,
    0xE0, 0x7D, 0x00, 0x3F, 0x07, 0xD0, 0x03, 0xF0, 0x7D, 0x00, 0x3F, 0x07, 0xD0, 0x03, 0xE0, 0x7E,
    0x00, 0x7D, 0x03, 0xF0, 0x0F, 0xC0, 0x1F, 0xD7, 0xF4, 0x00, 0x7F, 0xFD, 0x00, 0x00, 0x14, 0x00,
    0x00, 0x00, 0x00, 0x00, 0x00, 0x7C, 0x00, 0x00, 0x3F, 0x00, 0x00, 0x1F, 0x40, 0x00, 0x0F, 0x40,
    0x00, 0x03, 0x80, 0x00, 0x00, 0x40, 0x00, 0x00, 0x00, 0x00, 0x01, 0xFF, 0xD0, 0x03, 0xFA, 0xFE,
    0x02, 0xF0, 0x0F, 0xE1, 0xF8, 0x00, 0xFC, 0xBD, 0x00, 0x3F, 0x7F, 0x00, 0x0B, 0xEF, 0xC0, 0x02,
    0xFB, 0xF0, 0x00, 0xBE, 0xFD, 0x00, 0x2F, 0x6F, 0x80, 0x0F, 0xC3, 0xF4, 0x07, 0xE0, 0x7F, 0x9B,
    0xE0, 0x07, 0xFF, 0xE0, 0x00, 0x05, 0x00, 0x00, 0x00, 0x00, 0x00, 0x00, 0x00, 0x03, 0xC0, 0x00,
    0x00, 0xBD, 0x00, 0x00, 0x0F, 0x80, 0x00, 0x01, 0xF0, 0x00, 0x00, 0x3C, 0x00, 0x00, 0x01, 0x00,
    0x00, 0x00, 0x00, 0x00, 0x2F, 0x80, 0x0B, 0x47, 0xFD, 0x00, 0xFC, 0x07, 0xE0, 0x0F, 0xD0, 0x3E,
    0x00, 0x7E, 0x03, 0xD0, 0x03, 0xE0, 0x7D, 0x00, 0x3F, 0x07, 0xD0, 0x03, 0xF0, 0x7D, 0x00, 0x3F,
    0x07, 0xD0, 0x03, 0xE0, 0x7E, 0x00, 0x7D, 0x03, 0xF0, 0x0F, 0xC0, 0x1F, 0xD7, 0xF4, 0x00, 0x7F,
    0xFD, 0x00, 0x00, 0x14, 0x00, 0x00, 0x00, 0x00, 0x00, 0x00, 0x00, 0x00, 0xB8, 0x00, 0x00, 0x00,
    0x0F, 0xC0, 0x00, 0x00, 0x01, 0xF4, 0x00, 0x00, 0x00, 0x3D, 0x00, 0x00, 0x00, 0x03, 0x80, 0x00,
    0x00, 0x00, 0x10, 0x00, 0x00, 0x00, 0x00, 0x00, 0x00, 0x02, 0x80, 0x00, 0x2E, 0x00, 0xBC, 0x00,
    0x03, 0xF4, 0x1F, 0x40, 0x00, 0x1F, 0xC3, 0xF0, 0x00, 0x00, 0xFC, 0x7E, 0x00, 0xF4, 0x0B, 0xEB,
    0xD0, 0x2F, 0xC0, 0x3E, 0xBD, 0x02, 0xFC, 0x03, 0xFF, 0xC0, 0x1F, 0x80, 0x3F, 0xBD, 0x00, 0xF0,
    0x03, 0xFB, 0xD0, 0x0F, 0x00, 0x7E, 0x3F, 0x02, 0xFC, 0x0F, 0xC2, 0xFE, 0xF9, 0xFB, 0xF8, 0x0B,
    0xFE, 0x07, 0xFE, 0x00, 0x05, 0x00, 0x05, 0x00, 0x00, 0x00, 0x00, 0x0F, 0x80, 0x0B, 0xD7, 0xE0,
    0x1F, 0xFD, 0xF8, 0x0F, 0x7E, 0x3E, 0x0F, 0x01, 0x0F, 0x8B, 0xC0, 0x03, 0xE7, 0xF0, 0x00, 0xFB,
    0xBD, 0x00, 0x3F, 0xCF, 0xC0, 0x0F, 0xC2, 0xF8, 0x03, 0xE0, 0x3F, 0x80, 0xF4, 0x07, 0xF4, 0x3D,
    0x00, 0xBF, 0x0F, 0x40, 0x0B, 0xE0, 0x00, 0x00, 0xFC, 0x00, 0x00, 0x3F, 0x00, 0x00, 0x0F, 0x80,
    0x00, 0x1F, 0xD0, 0x02, 0xFF, 0xD0, 0x00, 0x6A, 0x40, 0x00, 0x1B, 0xF9, 0x00, 0x00, 0x0F, 0xFF,
    0xFE, 0x00, 0x07, 0xF4, 0x07, 0xF8, 0x00, 0xFC, 0x00, 0x0F, 0xE0, 0x2F, 0x00, 0x00, 0x3F, 0x03,
    0xF0, 0x00, 0x03, 0xF8, 0x7E, 0x00, 0x00, 0x1F, 0xCB, 0xD0, 0x00, 0x01, 0xFC, 0xFD, 0x00, 0x00,
    0x0F, 0xCF, 0xD0, 0x00, 0x00, 0xFC, 0xFD, 0x00, 0x00, 0x0F, 0xCB, 0xE0, 0x00, 0x01, 0xF8, 0x7F,
    0x01, 0xA0, 0x2F, 0x43, 0xF0, 0x2F, 0x03, 0xF0, 0x2F, 0x82, 0xF0, 0x7D, 0x00, 0xFE, 0x2F, 0x1F,
    0x80, 0x03, 0xFF, 0xFF, 0xE0, 0x00, 0x07, 0xFF, 0xF4, 0x00, 0x00, 0x02, 0xF0, 0x00, 0x00, 0x00,
    0x2F, 0x00, 0x00, 0x00, 0x02, 0xF0, 0x00, 0x00, 0x00, 0x2F, 0x00, 0x00, 0x00, 0x02, 0xF0, 0x00,
    0x00, 0x00, 0x15, 0x00, 0x00, 0x00, 0x00, 0x00, 0x00, 0x7F, 0xF8, 0x00, 0xBE, 0xBF, 0xC0, 0xBC,
    0x01, 0xFC, 0x7D, 0x00, 0x3F, 0x6F, 0x00, 0x07, 0xEF, 0xC0, 0x00, 0xFF, 0xF0, 0x00, 0x3F, 0xFC,
    0x00, 0x0F, 0xFF, 0x40, 0x03, 0xEB, 0xE1, 0xD1, 0xF4, 0xFD, 0x74, 0xFC, 0x1F, 0xFE, 0xFC, 0x01,
    0xFF, 0xF8, 0x00, 0x02, 0xE0, 0x00, 0x00, 0x74, 0x00, 0x00, 0x1D, 0x00, 0x00, 0x07, 0x40, 0x00,
    0x00, 0x00, 0x00, 0x00, 0x1B, 0xF9, 0x00, 0x07, 0xFF, 0xFF, 0x00, 0x7F, 0x40, 0x3F, 0x07, 0xF0,
    0x00, 0xFC, 0x3F, 0x00, 0x07, 0xF0, 0xFC, 0x00, 0x0F, 0x8B, 0xE0, 0x00, 0x00, 0x2F, 0x40, 0x00,
    0x00, 0xFD, 0x00, 0x00, 0x03, 0xF4, 0x00, 0x00, 0x0B, 0xE0, 0x00, 0x00, 0x2F, 0xC0, 0x00, 0x00,
    0x7F, 0x80, 0x00, 0x00, 0xFF, 0x80, 0x00, 0x00, 0xFF, 0xE0, 0x00, 0x00, 0xFF, 0xFE, 0x00, 0x00,
    0x7F, 0xFF, 0x40, 0x00, 0x1B, 0xFF, 0x00, 0x00, 0x01, 0xFC, 0x00, 0x00, 0x01, 0xF0, 0x00, 0x00,
    0x07, 0xC0, 0x00, 0x00, 0x3D, 0x00, 0x00, 0x00, 0xD0, 0x00, 0x00, 0x00, 0x00, 0x00, 0x00, 0x04,
    0x00, 0x00, 0x1C, 0x00, 0x00, 0x2D, 0x01, 0xFF, 0xFD, 0x0F, 0xFF, 0xF8, 0x3F, 0x90, 0x00, 0x7C,
    0x00, 0x00, 0xB8, 0x00, 0x00, 0xF4, 0x00, 0x00, 0xF4, 0x00, 0x00, 0xF4, 0x00, 0x00, 0xFC, 0x00,
    0x00, 0x7E, 0x00, 0x00, 0x3F, 0xE4, 0x00, 0x0F, 0xFF, 0x80, 0x02, 0xFF, 0xF0, 0x00, 0x1B, 0xF8,
    0x00, 0x00, 0xF8, 0x00, 0x00, 0xF4, 0x00, 0x00, 0xF0, 0x00, 0x02, 0xD0, 0x00, 0x01, 0x40, 0x6A,
    0xAA, 0xAA, 0x47, 0xFF, 0xFF, 0xFC, 0x0B, 0xE0, 0x0B, 0xC0, 0x7E, 0x00, 0x3D, 0x07, 0xE0, 0x01,
    0xD0, 0x7E, 0x00, 0x04, 0x07, 0xE0, 0x04, 0x00, 0x7E, 0x02, 0xC0, 0x07, 0xE5, 0x7C, 0x00, 0x7F,
    0xFF, 0xC0, 0x07, 0xF5, 0xBC, 0x00, 0x7E, 0x02, 0xC0, 0x07, 0xE0, 0x1C, 0x00, 0x7E, 0x00, 0x00,
    0x07, 0xE0, 0x00, 0x00, 0x7E, 0x00, 0x00, 0x2F, 0xF9, 0x00, 0x0B, 0xFF, 0xF4, 0x00, 0x00, 0x06,
    0x50, 0x00, 0x7F, 0xFC, 0x00, 0xF4, 0x3D, 0x02, 0xF0, 0xBD, 0x03, 0xF0, 0x28, 0x03, 0xF0, 0x00,
    0x03, 0xF0, 0x00, 0x1B, 0xFA, 0x80, 0x3F, 0xFF, 0xD0, 0x03, 0xF0, 0x00, 0x03, 0xF0, 0x00, 0x03,
    0xF0, 0x00, 0x03, 0xF0, 0x00, 0x03, 0xF0, 0x00, 0x03, 0xF0, 0x00, 0x03, 0xF0, 0x00, 0x03, 0xF0,
    0x00, 0x03, 0xF0, 0x00, 0x03, 0xF0, 0x00, 0x03, 0xF0, 0x00, 0x00, 0x00, 0x00, 0x02, 0xF4, 0x00,
    0x0B, 0xFC, 0x00, 0x00, 0xBC, 0x00, 0x00, 0xBC, 0x00, 0x00, 0xF4, 0x00, 0x01, 0xF0, 0x1C, 0x03,
    0xC1, 0xFE, 0x0B, 0x5F, 0xFC, 0x1F, 0xBF, 0xF4, 0x3F, 0xF9, 0xF0, 0xBF, 0x83, 0xC0, 0x78, 0x0B,
    0x80, 0x00, 0x1F, 0x00, 0x00, 0x3E, 0x00, 0x00, 0x7D, 0x00, 0x00, 0x7F, 0x90, 0x00, 0x3F, 0xD0,
    0x00, 0x01, 0x00, 0x00, 0x00, 0x00, 0xBF, 0x00, 0x0B, 0xF8, 0x00, 0x0F, 0x80, 0x01, 0xF0, 0x00,
    0x3D, 0x00, 0x0F, 0x80, 0x02, 0xF5, 0x55, 0x7F, 0xFF, 0xFB, 0xFF, 0xFC, 0x00, 0x0F, 0x40, 0x03,
    0xE0, 0x00, 0xBC, 0x00, 0x0F, 0x40, 0x01, 0xF4, 0x00, 0x1F, 0xF0, 0x00, 0x64, 0x00, 0x00, 0xFE,
    0x90, 0x00, 0x00, 0x0F, 0xFF, 0xE0, 0x00, 0x00, 0x06, 0xFF, 0xD0, 0x00, 0x00, 0x00, 0xFF, 0x40,
    0x00, 0x00, 0x2F, 0xFC, 0x00, 0x00, 0x0F, 0xE3, 0xF0, 0x00, 0x07, 0xF4, 0x1F, 0x40, 0x02, 0xF8,
    0x00, 0xFC, 0x11, 0xFD, 0x00, 0x3F, 0xC2, 0xFF, 0x00, 0x2F, 0xFD, 0x0F, 0x80, 0x0F, 0xE3, 0xD0,
    0x70, 0x07, 0xF4, 0x3E, 0x02, 0x42, 0xFC, 0x03, 0xE0, 0x0E, 0xFE, 0x00, 0x3E, 0x00, 0x7F, 0x40,
    0x03, 0xE0, 0x02, 0xD0, 0x00, 0x3E, 0x00, 0x0D, 0x00, 0x03, 0xE0, 0x00, 0x00, 0x00, 0x00, 0x00,
    0x00, 0x00, 0x00, 0x1F, 0x40, 0x00, 0x01, 0xBF, 0x40, 0x00, 0x00, 0xBE, 0x00, 0x00, 0x01, 0xFC,
    0x00, 0x00, 0x07, 0xE0, 0x00, 0x00, 0xBF, 0x00, 0x01, 0xFF, 0xF8, 0x36, 0xFF, 0x4B, 0xC2, 0xFE,
    0x00, 0x7C, 0x1D, 0x00, 0x07, 0xD0, 0xC0, 0x07, 0xFD, 0x01, 0x0B, 0xFF, 0xE0, 0x3F, 0xF8, 0x3D,
    0x03, 0xF4, 0x03, 0xD0, 0x1C, 0x00, 0x3C, 0x00, 0x40, 0x07, 0xC0, 0x00, 0x00, 0xBC, 0x00, 0x00,
    0x0F, 0x80, 0x00, 0x00, 0xF0, 0x00, 0x00, 0x00, 0x00, 0x02, 0xE0, 0x78, 0x00, 0x7F, 0x0F, 0xD0,
    0x03, 0xF0, 0xFD, 0x00, 0x19, 0x02, 0x40, 0x00, 0x00, 0x00, 0x06, 0xAA, 0xAA, 0xA4, 0x7F, 0xFF,
    0xFF, 0x80, 0xBE, 0x00, 0xBC, 0x07, 0xE0, 0x03, 0xC0, 0x7E, 0x00, 0x1D, 0x07, 0xE0, 0x00, 0x00,
    0x7E, 0x01, 0xC0, 0x07, 0xE0, 0x2C, 0x00, 0x7F, 0xFF, 0xC0, 0x07, 0xFF, 0xFC, 0x00, 0x7E, 0x03,
    0xC0, 0x07, 0xE0, 0x1C, 0x00, 0x7E, 0x00, 0x00, 0x07, 0xE0, 0x00, 0xA0, 0x7E, 0x00, 0x0F, 0x07,
    0xE0, 0x02, 0xE2, 0xFF, 0xAA, 0xFE, 0xBF, 0xFF, 0xFF, 0xD0, 0x1A, 0xAA, 0xAA, 0xAA, 0x40, 0x0F,
    0xFF, 0xFF, 0xFF, 0xF0, 0x03, 0xE0, 0x7E, 0x01, 0xFC, 0x01, 0xF0, 0x1F, 0x80, 0x0F, 0x00, 0xB4,
    0x07, 0xE0, 0x02, 0xD0, 0x1C, 0x01, 0xF8, 0x00, 0x60, 0x00, 0x00, 0x7E, 0x00, 0x00, 0x00, 0x00,
    0x1F, 0x81, 0x69, 0x00, 0x00, 0x07, 0xE7, 0xFF, 0xF4, 0x00, 0x01, 0xFF, 0xE5, 0xBF, 0x40, 0x00,
    0x7F, 0x40, 0x0B, 0xF0, 0x00, 0x1F, 0x80, 0x00, 0xFC, 0x00, 0x07, 0xE0, 0x00, 0x3F, 0x40, 0x01,
    0xF8, 0x00, 0x0F, 0xC0, 0x00, 0x7E, 0x00, 0x03, 0xF0, 0x00, 0x1F, 0x80, 0x00, 0xFC, 0x00, 0x2F,
    0xF9, 0x00, 0x7D, 0x00, 0x2F, 0xFF, 0x80, 0x3F, 0x00, 0x00, 0x00, 0x00, 0x2F, 0x00, 0x00, 0x00,
    0x00, 0x2F, 0x00, 0x00, 0x00, 0x00, 0x05, 0x00, 0x00, 0x00, 0x00, 0x00, 0x00, 0x00, 0x0F, 0x40,
    0x00, 0x03, 0xF8, 0x00, 0x00, 0xFE, 0x00, 0x00, 0x3D, 0x00, 0x00, 0x00, 0x00, 0x00, 0x6A, 0xAA,
    0xAA, 0x47, 0xFF, 0xFF, 0xFC, 0x0B, 0xE0, 0x0F, 0xC0, 0x7E, 0x00, 0x3C, 0x07, 0xE0, 0x01, 0xD0,
    0x7E, 0x00, 0x04, 0x07, 0xE0, 0x00, 0x00, 0x7E, 0x00, 0x00, 0x07, 0xE0, 0x00, 0x00, 0x7E, 0x00,
    0x00, 0x07, 0xE0, 0x00, 0x00, 0x7E, 0x00, 0x00, 0x07, 0xE0, 0x00, 0x00, 0x7E, 0x00, 0x00, 0x07,
    0xE0, 0x00, 0x00, 0x7E, 0x00, 0x00, 0x2F, 0xF9, 0x00, 0x0B, 0xFF, 0xF0, 0x00, 0x00, 0x1B, 0xE4,
    0x70, 0x00, 0xFF, 0xFF, 0xF0, 0x07, 0xF4, 0x07, 0xF4, 0x0F, 0xC0, 0x00, 0xF4, 0x2F, 0x40, 0x00,
    0x78, 0x3F, 0x00, 0x00, 0x34, 0x7F, 0x00, 0x00, 0x00, 0x7E, 0x00, 0x00, 0x00, 0xBF, 0xFF, 0xFF,
    0x00, 0xBF, 0xFF, 0xFF, 0x00, 0xBE, 0x00, 0x00, 0x00, 0x7F, 0x00, 0x00, 0x00, 0x3F, 0x00, 0x00,
    0x00, 0x3F, 0x80, 0x00, 0x00, 0x1F, 0xD0, 0x00, 0x38, 0x0B, 0xF4, 0x01, 0xF4, 0x03, 0xFF, 0xFF,
    0xD0, 0x00, 0x7F, 0xFE, 0x00, 0x00, 0x01, 0x40, 0x00, 0x00, 0xBF, 0x8A, 0x02, 0xFF, 0xFF, 0xC1,
    0xF4, 0x07, 0xF0, 0xFC, 0x00, 0x3C, 0x3E, 0x00, 0x0B, 0x0F, 0xC0, 0x00, 0x43, 0xFC, 0x00, 0x00,
    0xBF, 0xF4, 0x00, 0x0B, 0xFF, 0xE0, 0x00, 0x7F, 0xFF, 0x40, 0x01, 0xBF, 0xF0, 0x00, 0x02, 0xFE,
    0x10, 0x00, 0x2F, 0xAD, 0x00, 0x03, 0xEB, 0xC0, 0x00, 0xF9, 0xF8, 0x00, 0xBC, 0x7F, 0xE6, 0xFD,
    0x1C, 0x7F, 0xFD, 0x00, 0x00, 0x50, 0x00, 0x6A, 0xA9, 0x7F, 0xFF, 0x0B, 0xF0, 0x07, 0xE0, 0x07,
    0xE0, 0x07, 0xE0, 0x07, 0xE0, 0x07, 0xE0, 0x07, 0xE0, 0x07, 0xE0, 0x07, 0xE0, 0x07, 0xE0, 0x07,
    0xE0, 0x07, 0xE0, 0x07, 0xE0, 0x07, 0xE0, 0x2F, 0xF9, 0xBF, 0xFF, 0x2E, 0x07, 0x87, 0xF0, 0xFD,
    0x3F, 0x0F, 0xD1, 0x90, 0x24, 0x00, 0x00, 0x01, 0xAA, 0xA4, 0x1F, 0xFF, 0xC0, 0x2F, 0xC0, 0x01,
    0xF8, 0x00, 0x1F, 0x80, 0x01, 0xF8, 0x00, 0x1F, 0x80, 0x01, 0xF8, 0x00, 0x1F, 0x80, 0x01, 0xF8,
    0x00, 0x1F, 0x80, 0x01, 0xF8, 0x00, 0x1F, 0x80, 0x01, 0xF8, 0x00, 0x1F, 0x80, 0x01, 0xF8, 0x00,
    0xBF, 0xE4, 0x2F, 0xFF, 0xC0, 0x00, 0x0A, 0xAA, 0x80, 0x01, 0xFF, 0xFC, 0x00, 0x00, 0xFD, 0x00,
    0x00, 0x0F, 0xC0, 0x00, 0x00, 0xFC, 0x00, 0x00, 0x0F, 0xC0, 0x00, 0x00, 0xFC, 0x00, 0x00, 0x0F,
    0xC0, 0x00, 0x00, 0xFC, 0x00, 0x00, 0x0F, 0xC0, 0x00, 0x00, 0xFC, 0x00, 0x00, 0x0F, 0xC0, 0x00,
    0x00, 0xFC, 0x01, 0xF4, 0x0F, 0xC0, 0x3F, 0x40, 0xFC, 0x03, 0xF0, 0x1F, 0x40, 0x2F, 0x9B, 0xF0,
    0x00, 0xBF, 0xF8, 0x00, 0x00, 0x54, 0x00, 0x00, 0x01, 0xAA, 0xAA, 0xAA, 0x90, 0x00, 0x00, 0x7F,
    0xFF, 0xFF, 0xF8, 0x00, 0x00, 0x01, 0xE5, 0x5B, 0xF0, 0x00, 0x00, 0x00, 0x78, 0x01, 0xF8, 0x00,
    0x00, 0x00, 0x1E, 0x00, 0x7E, 0x00, 0x00, 0x00, 0x07, 0x80, 0x1F, 0x80, 0x00, 0x00, 0x01, 0xD0,
    0x07, 0xE0, 0x00, 0x00, 0x00, 0x74, 0x01, 0xF9, 0x50, 0x00, 0x00, 0x1D, 0x00, 0x7F, 0xFF, 0xE0,
    0x00, 0x07, 0x40, 0x1F, 0x95, 0xBF, 0x40, 0x02, 0xC0, 0x07, 0xE0, 0x07, 0xF0, 0x00, 0xB0, 0x01,
    0xF8, 0x00, 0xFD, 0x00, 0x3C, 0x00, 0x7E, 0x00, 0x2F, 0x80, 0x0E, 0x00, 0x1F, 0x80, 0x0B, 0xE1,
    0x47, 0x40, 0x07, 0xE0, 0x03, 0xF5, 0xFB, 0xC0, 0x01, 0xF8, 0x02, 0xFC, 0xBF, 0xD0, 0x02, 0xFF,
    0xAB, 0xFC, 0x0F, 0xE0, 0x02, 0xFF, 0xFF, 0xE4, 0x00, 0x40, 0x00, 0x00, 0x00, 0x00, 0x00, 0x6A,
    0xA9, 0x01, 0xAA, 0xA0, 0x00, 0x1F, 0xFF, 0x80, 0xFF, 0xFD, 0x00, 0x00, 0xBF, 0x00, 0x03, 0xF4,
    0x00, 0x00, 0x1F, 0x80, 0x00, 0xFC, 0x00, 0x00, 0x07, 0xE0, 0x00, 0x3F, 0x00, 0x00, 0x01, 0xF8,
    0x00, 0x0F, 0xC0, 0x00, 0x00, 0x7E, 0x00, 0x03, 0xF0, 0x00, 0x00, 0x1F, 0x80, 0x00, 0xFD, 0x50,
    0x00, 0x07, 0xFF, 0xFF, 0xFF, 0xFF, 0xF4, 0x01, 0xFF, 0xFF, 0xFF, 0xE5, 0xBF, 0x80, 0x7E, 0x00,
    0x03, 0xF0, 0x03, 0xF4, 0x1F, 0x80, 0x00, 0xFC, 0x00, 0x7F, 0x07, 0xE0, 0x00, 0x3F, 0x00, 0x1F,
    0xC1, 0xF8, 0x00, 0x0F, 0xC0, 0x07, 0xF0, 0x7E, 0x00, 0x03, 0xF0, 0x02, 0xF8, 0x1F, 0x80, 0x00,
    0xFC, 0x01, 0xFC, 0x2F, 0xF9, 0x01, 0xBF, 0xAB, 0xFD, 0x2F, 0xFF, 0x80, 0xFF, 0xFF, 0xE4, 0x00,
    0x0A, 0xAA, 0xAA, 0xAA, 0x80, 0x00, 0xBF, 0xFF, 0xFF, 0xFF, 0x00, 0x03, 0xF4, 0x3F, 0x00, 0x7D,
    0x00, 0x0F, 0x40, 0xFC, 0x00, 0xB8, 0x00, 0x3C, 0x03, 0xF0, 0x00, 0xE0, 0x00, 0xD0, 0x0F, 0xC0,
    0x01, 0x00, 0x00, 0x00, 0x3F, 0x00, 0x00, 0x00, 0x00, 0x00, 0xFC, 0x6F, 0xFD, 0x00, 0x00, 0x03,
    0xFF, 0xFF, 0xFE, 0x00, 0x00, 0x0F, 0xF4, 0x01, 0xFC, 0x00, 0x00, 0x3F, 0x00, 0x02, 0xF8, 0x00,
    0x00, 0xFC, 0x00, 0x07, 0xE0, 0x00, 0x03, 0xF0, 0x00, 0x1F, 0x80, 0x00, 0x0F, 0xC0, 0x00, 0x7E,
    0x00, 0x00, 0x3F, 0x00, 0x01, 0xF8, 0x00, 0x00, 0xFC, 0x00, 0x07, 0xE0, 0x00, 0x1B, 0xF9, 0x00,
    0xBF, 0xE4, 0x00, 0xFF, 0xFC, 0x07, 0xFF, 0xF0, 0x00, 0x00, 0x00, 0x00, 0x00, 0x00, 0x00, 0xB8,
    0x00, 0x00, 0x00, 0x2F, 0x80, 0x00, 0x00, 0x0F, 0xE0, 0x00, 0x00, 0x02, 0xD0, 0x00, 0x00, 0x00,
    0x00, 0x00, 0x00, 0x6A, 0xA9, 0x00, 0x29, 0x07, 0xFF, 0xF0, 0x0F, 0xF4, 0x0B, 0xF0, 0x03, 0xFF,
    0x40, 0x7E, 0x00, 0x39, 0xF0, 0x07, 0xE0, 0x0B, 0x00, 0x00, 0x7E, 0x00, 0xF0, 0x00, 0x07, 0xE0,
    0x1D, 0x00, 0x00, 0x7E, 0x07, 0xC0, 0x00, 0x07, 0xFB, 0xE0, 0x00, 0x00, 0x7F, 0xFF, 0x80, 0x00,
    0x07, 0xE0, 0x7F, 0x00, 0x00, 0x7E, 0x02, 0xF8, 0x00, 0x07, 0xE0, 0x0F, 0xC0, 0x00, 0x7E, 0x00,
    0xBE, 0x00, 0x07, 0xE0, 0x07, 0xF0, 0x00, 0x7E, 0x00, 0x3F, 0x80, 0x2F, 0xF9, 0x01, 0xFE, 0x8B,
    0xFF, 0xF0, 0x0B, 0xFC, 0x00, 0x00, 0x00, 0x04, 0x00, 0x00, 0x00, 0x00, 0x00, 0x00, 0x00, 0x1F,
    0x00, 0x00, 0x00, 0x00, 0xBF, 0x00, 0x00, 0x00, 0x00, 0xBF, 0x00, 0x00, 0x00, 0x00, 0x1F, 0x00,
    0x00, 0x00, 0x00, 0x00, 0x00, 0x06, 0xAA, 0x90, 0x1A, 0xAA, 0x5F, 0xFF, 0x80, 0xBF, 0xFE, 0x0B,
    0xF0, 0x00, 0x2F, 0x80, 0x1F, 0x80, 0x00, 0xBE, 0x00, 0x7E, 0x00, 0x03, 0xF8, 0x01, 0xF8, 0x00,
    0x3F, 0xE0, 0x07, 0xE0, 0x03, 0xFF, 0x80, 0x1F, 0x80, 0x3E, 0xBE, 0x00, 0x7E, 0x03, 0xD2, 0xF8,
    0x01, 0xF8, 0x3D, 0x0B, 0xE0, 0x07, 0xE3, 0xD0, 0x2F, 0x80, 0x1F, 0xBD, 0x00, 0xBE, 0x00, 0x7F,
    0xD0, 0x02, 0xF8, 0x01, 0xFD, 0x00, 0x0B, 0xE0, 0x07, 0xE0, 0x00, 0x2F, 0x80, 0x1F, 0x80, 0x00,
    0xBE, 0x02, 0xFF, 0x90, 0x0B, 0xFE, 0x6F, 0xFF, 0x80, 0xBF, 0xFE, 0x00, 0x28, 0x01, 0xD0, 0x00,
    0x0B, 0xD0, 0x3F, 0x00, 0x00, 0xBC, 0x03, 0xF0, 0x00, 0x02, 0xFA, 0xBC, 0x00, 0x00, 0x01, 0xA4,
    0x00, 0x00, 0x00, 0x00, 0x00, 0x00, 0x6A, 0xA9, 0x02, 0xAA, 0x8B, 0xFF, 0xE0, 0x3F, 0xFC, 0x0F,
    0xE0, 0x00, 0x7C, 0x00, 0x3F, 0x00, 0x07, 0x40, 0x02, 0xF4, 0x00, 0xF0, 0x00, 0x0F, 0xC0, 0x0E,
    0x00, 0x00, 0xBD, 0x02, 0xD0, 0x00, 0x03, 0xF0, 0x3C, 0x00, 0x00, 0x2F, 0x47, 0x80, 0x00, 0x00,
    0xFC, 0xB0, 0x00, 0x00, 0x0B, 0xDE, 0x00, 0x00, 0x00, 0x3F, 0xD0, 0x00, 0x00, 0x02, 0xFC, 0x00,
    0x00, 0x00, 0x0F, 0x40, 0x00, 0x00, 0x00, 0xF0, 0x00, 0x00, 0x1F, 0x5D, 0x00, 0x00, 0x02, 0xFF,
    0xC0, 0x00, 0x00, 0x1F, 0xF0, 0x00, 0x00, 0x00, 0x10, 0x00, 0x00, 0x00, 0x6A, 0xA9, 0x01, 0xAA,
    0xA5, 0xFF, 0xF8, 0x0B, 0xFF, 0xD0, 0xBE, 0x00, 0x02, 0xF8, 0x01, 0xF8, 0x00, 0x0B, 0xD0, 0x07,
    0xE0, 0x00, 0x2F, 0x40, 0x1F, 0x80, 0x00, 0xBD, 0x00, 0x7E, 0x00, 0x02, 0xF4, 0x01, 0xF8, 0x00,
    0x0B, 0xD0, 0x07, 0xE0, 0x00, 0x2F, 0x40, 0x1F, 0x80, 0x00, 0xBD, 0x00, 0x7E, 0x00, 0x02, 0xF4,
    0x01, 0xF8, 0x00, 0x0B, 0xD0, 0x07, 0xE0, 0x00, 0x2F, 0x40, 0x1F, 0x80, 0x00, 0xBD, 0x00, 0x7E,
    0x00, 0x02, 0xF4, 0x01, 0xF8, 0x00, 0x0B, 0xD0, 0x2F, 0xFF, 0xFF, 0xFF, 0xE6, 0xFF, 0xFF, 0xFF,
    0xFF, 0xE0, 0x00, 0x0B, 0xC0, 0x00, 0x00, 0x00, 0x2E, 0x00, 0x00, 0x00, 0x00, 0x78, 0x00, 0x00,
    0x00, 0x00, 0xD0, 0x00, 0x00, 0x00, 0x00, 0xA8, 0x00, 0x00, 0x00, 0x0B, 0xF4, 0x00, 0x00, 0x00,
    0x3F, 0xE0, 0x00, 0x00, 0x01, 0xEF, 0xC0, 0x00, 0x00, 0x0B, 0x2F, 0x40, 0x00, 0x00, 0x3C, 0x7E,
    0x00, 0x00, 0x01, 0xE0, 0xFC, 0x00, 0x00, 0x0B, 0x02, 0xF4, 0x00, 0x00, 0x3C, 0x07, 0xE0, 0x00,
    0x01, 0xD0, 0x0F, 0xC0, 0x00, 0x0F, 0x40, 0x2F, 0x40, 0x00, 0x3F, 0xFF, 0xFF, 0x00, 0x01, 0xE5,
    0x55, 0xFC, 0x00, 0x0F, 0x00, 0x02, 0xF8, 0x00, 0x3C, 0x00, 0x07, 0xF0, 0x02, 0xE0, 0x00, 0x0F,
    0xD0, 0x6F, 0xD0, 0x01, 0xBF, 0xE2, 0xFF, 0xD0, 0x0F, 0xFF, 0xC0, 0x6A, 0xAA, 0xAA, 0x81, 0xFF,
    0xFF, 0xFF, 0x00, 0xBE, 0x00, 0xBD, 0x01, 0xF8, 0x00, 0xB8, 0x07, 0xE0, 0x00, 0xE0, 0x1F, 0x80,
    0x01, 0x00, 0x7E, 0x00, 0x00, 0x01, 0xF8, 0x00, 0x00, 0x07, 0xFF, 0xFE, 0x00, 0x1F, 0xD6, 0xFF,
    0x40, 0x7E, 0x00, 0x7F, 0x01, 0xF8, 0x00, 0xBE, 0x07, 0xE0, 0x01, 0xF8, 0x1F, 0x80, 0x0B, 0xE0,
    0x7E, 0x00, 0x3F, 0x41, 0xF8, 0x02, 0xFC, 0x2F, 0xFA, 0xBF, 0xC2, 0xFF, 0xFF, 0xE4, 0x00, 0x6A,
    0xAA, 0x50, 0x01, 0xFF, 0xFF, 0xFC, 0x00, 0xBE, 0x02, 0xFC, 0x01, 0xF8, 0x02, 0xF8, 0x07, 0xE0,
    0x07, 0xE0, 0x1F, 0x80, 0x2F, 0x80, 0x7E, 0x00, 0xFC, 0x01, 0xF8, 0x0B, 0xD0, 0x07, 0xFF, 0xF8,
    0x00, 0x1F, 0xEB, 0xFE, 0x00, 0x7E, 0x00, 0xBF, 0x01, 0xF8, 0x00, 0xFD, 0x07, 0xE0, 0x02, 0xF8,
    0x1F, 0x80, 0x0B, 0xE0, 0x7E, 0x00, 0x3F, 0x41, 0xF8, 0x02, 0xFC, 0x2F, 0xFA, 0xBF, 0xC2, 0xFF,
    0xFF, 0xE4, 0x00, 0x6A, 0xAA, 0xAA, 0x47, 0xFF, 0xFF, 0xFC, 0x0B, 0xE0, 0x0F, 0xC0, 0x7E, 0x00,
    0x3C, 0x07, 0xE0, 0x01, 0xD0, 0x7E, 0x00, 0x04, 0x07, 0xE0, 0x00, 0x00, 0x7E, 0x00, 0x00, 0x07,
    0xE0, 0x00, 0x00, 0x7E, 0x00, 0x00, 0x07, 0xE0, 0x00, 0x00, 0x7E, 0x00, 0x00, 0x07, 0xE0, 0x00,
    0x00, 0x7E, 0x00, 0x00, 0x07, 0xE0, 0x00, 0x00, 0x7E, 0x00, 0x00, 0x2F, 0xF9, 0x00, 0x0B, 0xFF,
    0xF0, 0x00, 0x06, 0xAA, 0xAA, 0xAA, 0x40, 0xBF, 0xFF, 0xFF, 0xF8, 0x00, 0xBD, 0x56, 0xFC, 0x00,
    0x07, 0x80, 0x1F, 0x80, 0x00, 0x78, 0x01, 0xF8, 0x00, 0x07, 0x80, 0x1F, 0x80, 0x00, 0x78, 0x01,
    0xF8, 0x00, 0x07, 0x80, 0x1F, 0x80, 0x00, 0xB4, 0x01, 0xF8, 0x00, 0x0B, 0x40, 0x1F, 0x80, 0x00,
    0xB0, 0x01, 0xF8, 0x00, 0x0F, 0x00, 0x1F, 0x80, 0x00, 0xF0, 0x01, 0xF8, 0x00, 0x1E, 0x00, 0x1F,
    0x80, 0x02, 0xD0, 0x01, 0xF8, 0x00, 0x3C, 0x00, 0x1F, 0x80, 0xBF, 0xFF, 0xFF, 0xFF, 0xDF, 0xFF,
    0xFF, 0xFF, 0xFD, 0xF8, 0x00, 0x00, 0x03, 0xDF, 0x00, 0x00, 0x00, 0x3D, 0xF0, 0x00, 0x00, 0x02,
    0xDF, 0x00, 0x00, 0x00, 0x1D, 0x00, 0x00, 0x00, 0x00, 0x00, 0x6A, 0xAA, 0xAA, 0x47, 0xFF, 0xFF,
    0xF8, 0x0B, 0xE0, 0x0B, 0xC0, 0x7E, 0x00, 0x3C, 0x07, 0xE0, 0x01, 0xD0, 0x7E, 0x00, 0x00, 0x07,
    0xE0, 0x1C, 0x00, 0x7E, 0x02, 0xC0, 0x07, 0xFF, 0xFC, 0x00, 0x7F, 0xFF, 0xC0, 0x07, 0xE0, 0x3C,
    0x00, 0x7E, 0x01, 0xC0, 0x07, 0xE0, 0x00, 0x00, 0x7E, 0x00, 0x0A, 0x07, 0xE0, 0x00, 0xF0, 0x7E,
    0x00, 0x2E, 0x2F, 0xFA, 0xAF, 0xEB, 0xFF, 0xFF, 0xFD, 0x0A, 0x80, 0x1A, 0xAA, 0x40, 0x1A, 0x43,
    0xFF, 0x02, 0xFF, 0xF8, 0x07, 0xFC, 0x3F, 0xF4, 0x02, 0xFC, 0x00, 0xFF, 0xC1, 0xF3, 0x80, 0x1F,
    0x80, 0x1D, 0xB8, 0x00, 0x2C, 0x01, 0xF8, 0x03, 0xC0, 0x00, 0x01, 0xD0, 0x1F, 0x80, 0x38, 0x00,
    0x00, 0x0F, 0x01, 0xF8, 0x0B, 0x40, 0x00, 0x00, 0xB8, 0x1F, 0x81, 0xE0, 0x00, 0x00, 0x02, 0xFB,
    0xFE, 0xF8, 0x00, 0x00, 0x00, 0x7F, 0xFF, 0xFF, 0xE0, 0x00, 0x00, 0x1F, 0xC1, 0xF8, 0x2F, 0xC0,
    0x00, 0x03, 0xF0, 0x1F, 0x80, 0xFD, 0x00, 0x00, 0xBE, 0x01, 0xF8, 0x07, 0xF0, 0x00, 0x0F, 0xC0,
    0x1F, 0x80, 0x3F, 0x40, 0x01, 0xFC, 0x01, 0xF8, 0x02, 0xFC, 0x00, 0x3F, 0x40, 0x1F, 0x80, 0x0F,
    0xD0, 0x6F, 0xF0, 0x0B, 0xFE, 0x40, 0xBF, 0xA7, 0xFC, 0x02, 0xFF, 0xFC, 0x03, 0xFE, 0x05, 0x00,
    0x00, 0x00, 0x00, 0x05, 0x00, 0x0D, 0x2F, 0xE4, 0x00, 0xFF, 0xFF, 0xF0, 0x0F, 0x80, 0x3F, 0xC0,
    0xF0, 0x00, 0xFC, 0x0E, 0x00, 0x0F, 0xC0, 0x90, 0x00, 0xFC, 0x00, 0x00, 0x2F, 0x80, 0x00, 0x0B,
    0xE0, 0x00, 0xFF, 0xE0, 0x00, 0x0F, 0xFF, 0xE0, 0x00, 0x00, 0x2F, 0xC0, 0x00, 0x00, 0xFE, 0x00,
    0x00, 0x07, 0xE2, 0x80, 0x00, 0xBE, 0x3C, 0x00, 0x0F, 0xD2, 0xF0, 0x02, 0xFC, 0x0F, 0xFA, 0xFF,
    0x00, 0x2F, 0xFF, 0x80, 0x00, 0x05, 0x00, 0x00, 0x6A, 0xA9, 0x01, 0xAA, 0xA5, 0xFF, 0xF8, 0x0B,
    0xFF, 0xE0, 0xBF, 0x00, 0x02, 0xF8, 0x01, 0xF8, 0x00, 0x0B, 0xE0, 0x07, 0xE0, 0x00, 0x3F, 0x80,
    0x1F, 0x80, 0x03, 0xFE, 0x00, 0x7E, 0x00, 0x3F, 0xF8, 0x01, 0xF8, 0x03, 0xEB, 0xE0, 0x07, 0xE0,
    0x3D, 0x2F, 0x80, 0x1F, 0x83, 0xD0, 0xBE, 0x00, 0x7E, 0x3D, 0x02, 0xF8, 0x01, 0xFB, 0xD0, 0x0B,
    0xE0, 0x07, 0xFD, 0x00, 0x2F, 0x80, 0x1F, 0xD0, 0x00, 0xBE, 0x00, 0x7E, 0x00, 0x02, 0xF8, 0x01,
    0xF8, 0x00, 0x0B, 0xE0, 0x2F, 0xF9, 0x00, 0xBF, 0xE6, 0xFF, 0xF8, 0x0B, 0xFF, 0xE0, 0x00, 0x1D,
    0x00, 0xA0, 0x00, 0x00, 0xFC, 0x0B, 0xD0, 0x00, 0x03, 0xE0, 0x1F, 0x40, 0x00, 0x07, 0xEA, 0xF4,
    0x00, 0x00, 0x01, 0x65, 0x00, 0x00, 0x00, 0x00, 0x00, 0x00, 0x06, 0xAA, 0x90, 0x1A, 0xAA, 0x5F,
    0xFF, 0x80, 0xBF, 0xFE, 0x0B, 0xF0, 0x00, 0x2F, 0x80, 0x1F, 0x80, 0x00, 0xBE, 0x00, 0x7E, 0x00,
    0x03, 0xF8, 0x01, 0xF8, 0x00, 0x3F, 0xE0, 0x07, 0xE0, 0x03, 0xFF, 0x80, 0x1F, 0x80, 0x3E, 0xBE,
    0x00, 0x7E, 0x03, 0xD2, 0xF8, 0x01, 0xF8, 0x3D, 0x0B, 0xE0, 0x07, 0xE3, 0xD0, 0x2F, 0x80, 0x1F,
    0xBD, 0x00, 0xBE, 0x00, 0x7F, 0xD0, 0x02, 0xF8, 0x01, 0xFD, 0x00, 0x0B, 0xE0, 0x07, 0xE0, 0x00,
    0x2F, 0x80, 0x1F, 0x80, 0x00, 0xBE, 0x02, 0xFF, 0x90, 0x0B, 0xFE, 0x6F, 0xFF, 0x80, 0xBF, 0xFE,
    0x6A, 0xA9, 0x00, 0x29, 0x07, 0xFF, 0xF0, 0x0F, 0xF4, 0x0B, 0xF0, 0x03, 0xFF, 0x40, 0x7E, 0x00,
    0x39, 0xF0, 0x07, 0xE0, 0x0B, 0x00, 0x00, 0x7E, 0x00, 0xF0, 0x00, 0x07, 0xE0, 0x1D, 0x00, 0x00,
    0x7E, 0x07, 0xC0, 0x00, 0x07, 0xFB, 0xE0, 0x00, 0x00, 0x7F, 0xFF, 0x80, 0x00, 0x07, 0xE0, 0x7F,
    0x00, 0x00, 0x7E, 0x02, 0xF8, 0x00, 0x07, 0xE0, 0x0F, 0xC0, 0x00, 0x7E, 0x00, 0xBE, 0x00, 0x07,
    0xE0, 0x07, 0xF0, 0x00, 0x7E, 0x00, 0x3F, 0x80, 0x2F, 0xF9, 0x01, 0xFE, 0x8B, 0xFF, 0xF0, 0x0B,
    0xFC, 0x00, 0x00, 0x00, 0x04, 0x00, 0x01, 0xAA, 0xAA, 0xAA, 0x90, 0x1F, 0xFF, 0xFF, 0xFE, 0x00,
    0x2E, 0x55, 0xBF, 0x00, 0x01, 0xD0, 0x07, 0xE0, 0x00, 0x1D, 0x00, 0x7E, 0x00, 0x01, 0xD0, 0x07,
    0xE0, 0x00, 0x1D, 0x00, 0x7E, 0x00, 0x01, 0xD0, 0x07, 0xE0, 0x00, 0x2C, 0x00, 0x7E, 0x00, 0x02,
    0xC0, 0x07, 0xE0, 0x00, 0x2C, 0x00, 0x7E, 0x00, 0x03, 0xC0, 0x07, 0xE0, 0x00, 0x3C, 0x00, 0x7E,
    0x00, 0x03, 0x80, 0x07, 0xE0, 0x14, 0xB4, 0x00, 0x7E, 0x07, 0xEF, 0x00, 0x07, 0xE0, 0xBF, 0xD0,
    0x02, 0xFF, 0x97, 0xF8, 0x00, 0x7F, 0xFE, 0x04, 0x00, 0x00, 0x00, 0x00, 0x1A, 0xA8, 0x00, 0x00,
    0xAA, 0x90, 0xFF, 0xF8, 0x00, 0x07, 0xFF, 0xC0, 0x3F, 0xF0, 0x00, 0x3F, 0xF0, 0x00, 0xFF, 0xD0,
    0x00, 0xFF, 0x80, 0x03, 0xDF, 0x80, 0x0B, 0x7E, 0x00, 0x0F, 0x3F, 0x00, 0x3C, 0xFC, 0x00, 0x3C,
    0xBD, 0x01, 0xD3, 0xF0, 0x00, 0xF0, 0xF8, 0x0B, 0x0F, 0xC0, 0x03, 0xC3, 0xF0, 0x38, 0x3F, 0x00,
    0x0F, 0x07, 0xD1, 0xD0, 0xFC, 0x00, 0x3C, 0x0F, 0xCF, 0x03, 0xF0, 0x00, 0xE0, 0x2F, 0x78, 0x0F,
    0xC0, 0x07, 0x80, 0x7F, 0xC0, 0x2F, 0x00, 0x1E, 0x00, 0xFF, 0x00, 0xBD, 0x00, 0x78, 0x02, 0xF4,
    0x02, 0xF4, 0x01, 0xE0, 0x00, 0x00, 0x0B, 0xD0, 0x2F, 0xE4, 0x00, 0x01, 0xBF, 0xE2, 0xFF, 0xE0,
    0x00, 0x0F, 0xFF, 0xE0, 0x6A, 0xA9, 0x01, 0xAA, 0xA5, 0xFF, 0xF8, 0x0B, 0xFF, 0xD0, 0xBE, 0x00,
    0x02, 0xF8, 0x01, 0xF8, 0x00, 0x0B, 0xD0, 0x07, 0xE0, 0x00, 0x2F, 0x40, 0x1F, 0x80, 0x00, 0xBD,
    0x00, 0x7E, 0x00, 0x02, 0xF4, 0x01, 0xF8, 0x00, 0x0B, 0xD0, 0x07, 0xFF, 0xFF, 0xFF, 0x40, 0x1F,
    0xFF, 0xFF, 0xFD, 0x00, 0x7E, 0x00, 0x02, 0xF4, 0x01, 0xF8, 0x00, 0x0B, 0xD0, 0x07, 0xE0, 0x00,
    0x2F, 0x40, 0x1F, 0x80, 0x00, 0xBD, 0x00, 0x7E, 0x00, 0x02, 0xF4, 0x01, 0xF8, 0x00, 0x0B, 0xD0,
    0x2F, 0xF9, 0x01, 0xBF, 0xE2, 0xFF, 0xF8, 0x0B, 0xFF, 0xE0, 0x00, 0x1B, 0xF9, 0x00, 0x00, 0x3F,
    0xFF, 0xF8, 0x00, 0x7F, 0x40, 0x7F, 0x80, 0x3F, 0x00, 0x03, 0xF4, 0x2F, 0x40, 0x00, 0x7F, 0x0F,
    0xC0, 0x00, 0x0F, 0xD7, 0xE0, 0x00, 0x02, 0xFA, 0xF4, 0x00, 0x00, 0x7F, 0xFD, 0x00, 0x00, 0x1F,
    0xFF, 0x40, 0x00, 0x07, 0xFF, 0xD0, 0x00, 0x01, 0xFE, 0xF8, 0x00, 0x00, 0x7E, 0x7F, 0x00, 0x00,
    0x2F, 0x4F, 0xD0, 0x00, 0x0F, 0xC2, 0xFC, 0x00, 0x07, 0xD0, 0x3F, 0xC0, 0x07, 0xF0, 0x03, 0xFE,
    0xAF, 0xE0, 0x00, 0x1F, 0xFF, 0xD0, 0x00, 0x00, 0x15, 0x00, 0x00, 0x6A, 0xAA, 0xAA, 0xAA, 0xA5,
    0xFF, 0xFF, 0xFF, 0xFF, 0xE0, 0xBE, 0x55, 0x56, 0xF8, 0x01, 0xF8, 0x00, 0x0B, 0xE0, 0x07, 0xE0,
    0x00, 0x2F, 0x80, 0x1F, 0x80, 0x00, 0xBE, 0x00, 0x7E, 0x00, 0x02, 0xF8, 0x01, 0xF8, 0x00, 0x0B,
    0xE0, 0x07, 0xE0, 0x00, 0x2F, 0x80, 0x1F, 0x80, 0x00, 0xBE, 0x00, 0x7E, 0x00, 0x02, 0xF8, 0x01,
    0xF8, 0x00, 0x0B, 0xE0, 0x07, 0xE0, 0x00, 0x2F, 0x80, 0x1F, 0x80, 0x00, 0xBE, 0x00, 0x7E, 0x00,
    0x02, 0xF8, 0x01, 0xF8, 0x00, 0x0B, 0xE0, 0x2F, 0xF9, 0x01, 0xBF, 0xE2, 0xFF, 0xF8, 0x0B, 0xFF,
    0xE0, 0x6A, 0xAA, 0x50, 0x07, 0xFF, 0xFF, 0xE0, 0x0B, 0xE0, 0x6F, 0xC0, 0x7E, 0x00, 0xFE, 0x07,
    0xE0, 0x07, 0xF0, 0x7E, 0x00, 0x7F, 0x07, 0xE0, 0x07, 0xF0, 0x7E, 0x00, 0xBE, 0x07, 0xE0, 0x1F,
    0xC0, 0x7F, 0x5B, 0xF4, 0x07, 0xFF, 0xF8, 0x00, 0x7E, 0x00, 0x00, 0x07, 0xE0, 0x00, 0x00, 0x7E,
    0x00, 0x00, 0x07, 0xE0, 0x00, 0x00, 0x7E, 0x00, 0x00, 0x2F, 0xF9, 0x00, 0x0B, 0xFF, 0xF4, 0x00,
    0x00, 0x1B, 0xF8, 0x70, 0x01, 0xFF, 0xFF, 0xF4, 0x07, 0xF4, 0x07, 0xF4, 0x0F, 0xC0, 0x00, 0xF8,
    0x3F, 0x40, 0x00, 0x7C, 0x3F, 0x00, 0x00, 0x3C, 0x7E, 0x00, 0x00, 0x00, 0xBD, 0x00, 0x00, 0x00,
    0xFD, 0x00, 0x00, 0x00, 0xFD, 0x00, 0x00, 0x00, 0xBD, 0x00, 0x00, 0x00, 0xBE, 0x00, 0x00, 0x00,
    0x7F, 0x00, 0x00, 0x00, 0x3F, 0x40, 0x00, 0x00, 0x1F, 0xC0, 0x00, 0x2C, 0x0F, 0xF4, 0x00, 0xB8,
    0x02, 0xFF, 0xAF, 0xE0, 0x00, 0x7F, 0xFF, 0x40, 0x00, 0x01, 0x50, 0x00, 0x0A, 0xAA, 0xAA, 0xAA,
    0x41, 0xFF, 0xFF, 0xFF, 0xFC, 0x2F, 0x41, 0xFC, 0x0F, 0xC2, 0xE0, 0x1F, 0xC0, 0x3C, 0x3C, 0x01,
    0xFC, 0x02, 0xD2, 0x80, 0x1F, 0xC0, 0x0D, 0x00, 0x01, 0xFC, 0x00, 0x00, 0x00, 0x1F, 0xC0, 0x00,
    0x00, 0x01, 0xFC, 0x00, 0x00, 0x00, 0x1F, 0xC0, 0x00, 0x00, 0x01, 0xFC, 0x00, 0x00, 0x00, 0x1F,
    0xC0, 0x00, 0x00, 0x01, 0xFC, 0x00, 0x00, 0x00, 0x1F, 0xC0, 0x00, 0x00, 0x01, 0xFC, 0x00, 0x00,
    0x00, 0x1F, 0xC0, 0x00, 0x00, 0x1B, 0xFE, 0x80, 0x00, 0x03, 0xFF, 0xFE, 0x00, 0x6A, 0xA9, 0x02,
    0xAA, 0x8B, 0xFF, 0xE0, 0x3F, 0xFC, 0x0F, 0xE0, 0x00, 0x7C, 0x00, 0x3F, 0x00, 0x07, 0x40, 0x02,
    0xF4, 0x00, 0xF0, 0x00, 0x0F, 0xC0, 0x0E, 0x00, 0x00, 0xBD, 0x02, 0xD0, 0x00, 0x03, 0xF0, 0x3C,
    0x00, 0x00, 0x2F, 0x47, 0x80, 0x00, 0x00, 0xFC, 0xB0, 0x00, 0x00, 0x0B, 0xDE, 0x00, 0x00, 0x00,
    0x3F, 0xD0, 0x00, 0x00, 0x02, 0xFC, 0x00, 0x00, 0x00, 0x0F, 0x40, 0x00, 0x00, 0x00, 0xF0, 0x00,
    0x00, 0x1F, 0x5D, 0x00, 0x00, 0x02, 0xFF, 0xC0, 0x00, 0x00, 0x1F, 0xF0, 0x00, 0x00, 0x00, 0x10,
    0x00, 0x00, 0x00, 0x00, 0x01, 0x55, 0x50, 0x00, 0x00, 0x00, 0xFF, 0xFC, 0x00, 0x00, 0x00, 0x07,
    0xF4, 0x00, 0x00, 0x00, 0x04, 0xFC, 0x40, 0x00, 0x00, 0xBF, 0xFF, 0xFF, 0xD0, 0x01, 0xFD, 0x0F,
    0xD1, 0xFD, 0x00, 0xFC, 0x03, 0xF0, 0x0F, 0xD0, 0xBD, 0x00, 0xFC, 0x01, 0xFC, 0x3F, 0x00, 0x3F,
    0x00, 0x3F, 0x0F, 0xC0, 0x0F, 0xC0, 0x0F, 0xC3, 0xF0, 0x03, 0xF0, 0x03, 0xF0, 0xFC, 0x00, 0xFC,
    0x00, 0xFC, 0x2F, 0x80, 0x3F, 0x00, 0x7E, 0x03, 0xF0, 0x0F, 0xC0, 0x3F, 0x00, 0x7F, 0x9B, 0xF9,
    0xBF, 0x00, 0x02, 0xFF, 0xFF, 0xFD, 0x00, 0x00, 0x00, 0x3F, 0x00, 0x00, 0x00, 0x00, 0x1F, 0xD0,
    0x00, 0x00, 0x00, 0x3F, 0xFF, 0x00, 0x00, 0x00, 0x05, 0x55, 0x40, 0x00, 0x2A, 0xA8, 0x01, 0xAA,
    0x8B, 0xFF, 0xD0, 0x2F, 0xFC, 0x0F, 0xF0, 0x00, 0x7D, 0x00, 0x3F, 0x40, 0x0F, 0x40, 0x01, 0xFC,
    0x02, 0xE0, 0x00, 0x0B, 0xF0, 0x7C, 0x00, 0x00, 0x3F, 0x8F, 0x00, 0x00, 0x00, 0xFF, 0xD0, 0x00,
    0x00, 0x07, 0xF8, 0x00, 0x00, 0x00, 0x2F, 0xC0, 0x00, 0x00, 0x07, 0xFE, 0x00, 0x00, 0x00, 0xF7,
    0xF4, 0x00, 0x00, 0x3D, 0x1F, 0xC0, 0x00, 0x0B, 0x80, 0xBF, 0x00, 0x01, 0xF0, 0x03, 0xF8, 0x00,
    0x7C, 0x00, 0x0F, 0xD0, 0x6F, 0xE4, 0x02, 0xFF, 0x9B, 0xFF, 0x80, 0xBF, 0xFE, 0x6A, 0xA9, 0x01,
    0xAA, 0xA4, 0x7F, 0xFE, 0x02, 0xFF, 0xF4, 0x0B, 0xE0, 0x00, 0x2F, 0x80, 0x07, 0xE0, 0x00, 0x2F,
    0x40, 0x07, 0xE0, 0x00, 0x2F, 0x40, 0x07, 0xE0, 0x00, 0x2F, 0x40, 0x07, 0xE0, 0x00, 0x2F, 0x40,
    0x07, 0xE0, 0x00, 0x2F, 0x40, 0x07, 0xE0, 0x00, 0x2F, 0x40, 0x07, 0xE0, 0x00, 0x2F, 0x40, 0x07,
    0xE0, 0x00, 0x2F, 0x40, 0x07, 0xE0, 0x00, 0x2F, 0x40, 0x07, 0xE0, 0x00, 0x2F, 0x40, 0x07, 0xE0,
    0x00, 0x2F, 0x40, 0x07, 0xE0, 0x00, 0x2F, 0x40, 0x07, 0xE0, 0x00, 0x2F, 0x40, 0x2F, 0xFF, 0xFF,
    0xFF, 0xFD, 0xBF, 0xFF, 0xFF, 0xFF, 0xFD, 0x00, 0x00, 0x00, 0x00, 0x7D, 0x00, 0x00, 0x00, 0x00,
    0x2D, 0x00, 0x00, 0x00, 0x00, 0x1D, 0x00, 0x00, 0x00, 0x00, 0x18, 0x6A, 0xA9, 0x02, 0xAA, 0xA7,
    0xFF, 0xE0, 0x3F, 0xFF, 0x0B, 0xF0, 0x00, 0x7F, 0x00, 0x7E, 0x00, 0x03, 0xF0, 0x07, 0xE0, 0x00,
    0x3F, 0x00, 0x7E, 0x00, 0x03, 0xF0, 0x07, 0xE0, 0x00, 0x3F, 0x00, 0x7E, 0x00, 0x03, 0xF0, 0x03,
    0xF0, 0x00, 0x7F, 0x00, 0x3F, 0xD0, 0x6F, 0xF0, 0x00, 0xFF, 0xFF, 0xBF, 0x00, 0x01, 0xBE, 0x43,
    0xF0, 0x00, 0x00, 0x00, 0x3F, 0x00, 0x00, 0x00, 0x03, 0xF0, 0x00, 0x00, 0x00, 0x3F, 0x00, 0x00,
    0x00, 0x03, 0xF0, 0x00, 0x00, 0x06, 0xFF, 0x90, 0x00, 0x00, 0xBF, 0xFF, 0x6A, 0xA9, 0x0A, 0xAA,
    0x80, 0xAA, 0xA5, 0xFF, 0xF8, 0x3F, 0xFF, 0x07, 0xFF, 0xE0, 0xBE, 0x00, 0x0F, 0xD0, 0x02, 0xFC,
    0x01, 0xF8, 0x00, 0x3F, 0x00, 0x07, 0xE0, 0x07, 0xE0, 0x00, 0xFC, 0x00, 0x1F, 0x80, 0x1F, 0x80,
    0x03, 0xF0, 0x00, 0x7E, 0x00, 0x7E, 0x00, 0x0F, 0xC0, 0x01, 0xF8, 0x01, 0xF8, 0x00, 0x3F, 0x00,
    0x07, 0xE0, 0x07, 0xE0, 0x00, 0xFC, 0x00, 0x1F, 0x80, 0x1F, 0x80, 0x03, 0xF0, 0x00, 0x7E, 0x00,
    0x7E, 0x00, 0x0F, 0xC0, 0x01, 0xF8, 0x01, 0xF8, 0x00, 0x3F, 0x00, 0x07, 0xE0, 0x07, 0xE0, 0x00,
    0xFC, 0x00, 0x1F, 0x80, 0x1F, 0x80, 0x03, 0xF0, 0x00, 0x7E, 0x00, 0x7E, 0x00, 0x0F, 0xC0, 0x01,
    0xF8, 0x01, 0xF8, 0x00, 0x3F, 0x00, 0x07, 0xE0, 0x2F, 0xFF, 0xFF, 0xFF, 0xFF, 0xFF, 0xE6, 0xFF,
    0xFF, 0xFF, 0xFF, 0xFF, 0xFF, 0xE0, 0x6A, 0xA9, 0x0A, 0xAA, 0x80, 0xAA, 0xA4, 0x7F, 0xFE, 0x0F,
    0xFF, 0xC1, 0xFF, 0xF8, 0x0B, 0xE0, 0x00, 0xFD, 0x00, 0x2F, 0xC0, 0x07, 0xE0, 0x00, 0xFC, 0x00,
    0x1F, 0x80, 0x07, 0xE0, 0x00, 0xFC, 0x00, 0x1F, 0x80, 0x07, 0xE0, 0x00, 0xFC, 0x00, 0x1F, 0x80,
    0x07, 0xE0, 0x00, 0xFC, 0x00, 0x1F, 0x80, 0x07, 0xE0, 0x00, 0xFC, 0x00, 0x1F, 0x80, 0x07, 0xE0,
    0x00, 0xFC, 0x00, 0x1F, 0x80, 0x07, 0xE0, 0x00, 0xFC, 0x00, 0x1F, 0x80, 0x07, 0xE0, 0x00, 0xFC,
    0x00, 0x1F, 0x80, 0x07, 0xE0, 0x00, 0xFC, 0x00, 0x1F, 0x80, 0x07, 0xE0, 0x00, 0xFC, 0x00, 0x1F,
    0x80, 0x07, 0xE0, 0x00, 0xFC, 0x00, 0x1F, 0x80, 0x07, 0xE0, 0x00, 0xFC, 0x00, 0x1F, 0x80, 0x07,
    0xE0, 0x00, 0xFC, 0x00, 0x1F, 0x80, 0x2F, 0xFF, 0xFF, 0xFF, 0xFF, 0xFF, 0xFD, 0xBF, 0xFF, 0xFF,
    0xFF, 0xFF, 0xFF, 0xFE, 0x00, 0x00, 0x00, 0x00, 0x00, 0x00, 0x3E, 0x00, 0x00, 0x00, 0x00, 0x00,
    0x00, 0x2E, 0x00, 0x00, 0x00, 0x00, 0x00, 0x00, 0x1E, 0x00, 0x00, 0x00, 0x00, 0x00, 0x00, 0x0D,
    0x1A, 0xAA, 0xA9, 0x00, 0x00, 0xFF, 0xFF, 0xF4, 0x00, 0x03, 0xE0, 0xBE, 0x00, 0x00, 0x1F, 0x02,
    0xF4, 0x00, 0x00, 0x74, 0x0B, 0xD0, 0x00, 0x01, 0xC0, 0x2F, 0x40, 0x00, 0x00, 0x00, 0xBD, 0x00,
    0x00, 0x00, 0x02, 0xF9, 0x50, 0x00, 0x00, 0x0B, 0xFF, 0xFE, 0x00, 0x00, 0x2F, 0x95, 0xBF, 0x40,
    0x00, 0xBD, 0x00, 0x7F, 0x00, 0x02, 0xF4, 0x00, 0xFD, 0x00, 0x0B, 0xD0, 0x02, 0xF4, 0x00, 0x2F,
    0x40, 0x0F, 0xD0, 0x00, 0xBD, 0x00, 0x3F, 0x00, 0x02, 0xF4, 0x02, 0xF8, 0x00, 0x6F, 0xEA, 0xBF,
    0x80, 0x02, 0xFF, 0xFF, 0xE4, 0x00, 0x6A, 0xA9, 0x00, 0x02, 0xAA, 0xA1, 0xFF, 0xF8, 0x00, 0x0F,
    0xFF, 0xD0, 0xBF, 0x00, 0x00, 0x03, 0xF4, 0x01, 0xF8, 0x00, 0x00, 0x0F, 0xC0, 0x07, 0xE0, 0x00,
    0x00, 0x3F, 0x00, 0x1F, 0x80, 0x00, 0x00, 0xFC, 0x00, 0x7E, 0x00, 0x00, 0x03, 0xF0, 0x01, 0xF9,
    0x50, 0x00, 0x0F, 0xC0, 0x07, 0xFF, 0xFE, 0x00, 0x3F, 0x00, 0x1F, 0x95, 0xBF, 0x40, 0xFC, 0x00,
    0x7E, 0x00, 0x7F, 0x03, 0xF0, 0x01, 0xF8, 0x00, 0xFD, 0x0F, 0xC0, 0x07, 0xE0, 0x03, 0xF4, 0x3F,
    0x00, 0x1F, 0x80, 0x0F, 0xD0, 0xFC, 0x00, 0x7E, 0x00, 0x3F, 0x03, 0xF0, 0x01, 0xF8, 0x02, 0xF8,
    0x0F, 0xC0, 0x2F, 0xFA, 0xBF, 0x81, 0xBF, 0xE2, 0xFF, 0xFF, 0xE4, 0x0F, 0xFF, 0xD0, 0x6A, 0xA9,
    0x00, 0x01, 0xFF, 0xF8, 0x00, 0x00, 0xBF, 0x00, 0x00, 0x01, 0xF8, 0x00, 0x00, 0x07, 0xE0, 0x00,
    0x00, 0x1F, 0x80, 0x00, 0x00, 0x7E, 0x00, 0x00, 0x01, 0xF9, 0x50, 0x00, 0x07, 0xFF, 0xFE, 0x00,
    0x1F, 0x95, 0xBF, 0x40, 0x7E, 0x00, 0x7F, 0x01, 0xF8, 0x00, 0xFE, 0x07, 0xE0, 0x02, 0xF8, 0x1F,
    0x80, 0x0B, 0xE0, 0x7E, 0x00, 0x3F, 0x41, 0xF8, 0x02, 0xFC, 0x2F, 0xFA, 0xBF, 0xC2, 0xFF, 0xFF,
    0xE4, 0x00, 0x1D, 0x1B, 0xF8, 0x00, 0x1F, 0xFF, 0xFF, 0x80, 0x0F, 0xD0, 0x1F, 0xE0, 0x0F, 0x00,
    0x03, 0xF4, 0x0E, 0x00, 0x01, 0xFC, 0x0D, 0x00, 0x00, 0xFC, 0x00, 0x00, 0x00, 0xFD, 0x00, 0x00,
    0x00, 0xBE, 0x00, 0xAA, 0xAA, 0xFE, 0x01, 0xFF, 0xFF, 0xFE, 0x00, 0x00, 0x00, 0xBD, 0x00, 0x00,
    0x00, 0xFD, 0x00, 0x00, 0x00, 0xFC, 0x28, 0x00, 0x01, 0xF8, 0x3D, 0x00, 0x03, 0xF0, 0x1F, 0x40,
    0x0F, 0xE0, 0x07, 0xFA, 0xFF, 0x80, 0x00, 0xFF, 0xFD, 0x00, 0x00, 0x05, 0x40, 0x00, 0x6A, 0xA9,
    0x00, 0x02, 0xBE, 0x40, 0x07, 0xFF, 0xE0, 0x02, 0xFF, 0xFF, 0x40, 0x0B, 0xF0, 0x00, 0xFD, 0x02,
    0xFD, 0x00, 0x7E, 0x00, 0x3F, 0x00, 0x07, 0xF0, 0x07, 0xE0, 0x07, 0xE0, 0x00, 0x2F, 0x80, 0x7E,
    0x00, 0xFC, 0x00, 0x00, 0xFC, 0x07, 0xE0, 0x0F, 0xC0, 0x00, 0x0F, 0xD0, 0x7E, 0x01, 0xFC, 0x00,
    0x00, 0xFD, 0x07, 0xFF, 0xFF, 0x80, 0x00, 0x0B, 0xD0, 0x7F, 0xFF, 0xF8, 0x00, 0x00, 0xBD, 0x07,
    0xE0, 0x1F, 0xC0, 0x00, 0x0B, 0xD0, 0x7E, 0x00, 0xFC, 0x00, 0x00, 0xFC, 0x07, 0xE0, 0x0F, 0xC0,
    0x00, 0x0F, 0xC0, 0x7E, 0x00, 0xBE, 0x00, 0x01, 0xF8, 0x07, 0xE0, 0x03, 0xF0, 0x00, 0x3F, 0x00,
    0x7E, 0x00, 0x2F, 0xC0, 0x0B, 0xE0, 0x2F, 0xF9, 0x00, 0xBF, 0xAB, 0xF8, 0x0B, 0xFF, 0xE0, 0x01,
    0xFF, 0xFD, 0x00, 0x00, 0x00, 0x00, 0x00, 0x54, 0x00, 0x00, 0x00, 0x01, 0x6A, 0xAA, 0x40, 0x0F,
    0xFF, 0xFF, 0xD0, 0x1F, 0xD0, 0x2F, 0x80, 0x0F, 0xD0, 0x0B, 0xD0, 0x03, 0xF0, 0x02, 0xF4, 0x00,
    0xFC, 0x00, 0xBD, 0x00, 0x3F, 0x00, 0x2F, 0x40, 0x0F, 0xD0, 0x0B, 0xD0, 0x00, 0xFD, 0x02, 0xF4,
    0x00, 0x07, 0xFF, 0xFD, 0x00, 0x00, 0xBE, 0xBF, 0x40, 0x00, 0xF8, 0x0B, 0xD0, 0x00, 0xFC, 0x02,
    0xF4, 0x00, 0x7E, 0x00, 0xBD, 0x00, 0x3F, 0x40, 0x2F, 0x40, 0x1F, 0xC0, 0x0B, 0xD0, 0xAF, 0xE0,
    0x1B, 0xFE, 0x1F, 0xF0, 0x0F, 0xFF, 0xD0, 0x40, 0x00, 0x00, 0x00, 0x00, 0x00, 0x00, 0x01, 0xFF,
    0xD0, 0x03, 0xE5, 0xFD, 0x02, 0xF0, 0x0F, 0xC0, 0xBC, 0x02, 0xF0, 0x09, 0x00, 0xBC, 0x00, 0x00,
    0x2F, 0x00, 0x1B, 0xFF, 0xC0, 0x3F, 0x96, 0xF0, 0x2F, 0x40, 0xBC, 0x0F, 0xC0, 0x2F, 0x03, 0xF4,
    0x0F, 0xD0, 0x7F, 0xAE, 0xFE, 0x4B, 0xFD, 0x3F, 0xD0, 0x14, 0x01, 0x40, 0x00, 0x00, 0x02, 0x00,
    0x00, 0x01, 0xC0, 0x06, 0xFF, 0xF0, 0x0B, 0xFF, 0xF4, 0x0B, 0xFF, 0xE4, 0x07, 0xD0, 0x00, 0x02,
    0xC0, 0x00, 0x00, 0xE0, 0x69, 0x00, 0x74, 0xFF, 0xF4, 0x2D, 0xF0, 0x3F, 0x4B, 0xF0, 0x03, 0xF2,
    0xF8, 0x00, 0xBD, 0xBD, 0x00, 0x1F, 0xAF, 0x40, 0x07, 0xEB, 0xD0, 0x01, 0xF9, 0xF8, 0x00, 0x7D,
    0x3F, 0x00, 0x2F, 0x0B, 0xD0, 0x0F, 0x80, 0xFE, 0x5F, 0x80, 0x0B, 0xFF, 0x40, 0x00, 0x14, 0x00,
    0x00, 0xBF, 0xFE, 0x90, 0x2F, 0xFA, 0xFF, 0x00, 0xFC, 0x0B, 0xD0, 0x3F, 0x01, 0xF8, 0x0F, 0xC0,
    0xBC, 0x03, 0xF5, 0x7D, 0x00, 0xFF, 0xFE, 0x40, 0x3F, 0x02, 0xF8, 0x0F, 0xC0, 0x3F, 0x03, 0xF0,
    0x0B, 0xC0, 0xFC, 0x03, 0xF1, 0xBF, 0x5B, 0xF4, 0xFF, 0xFF, 0xE0, 0x00, 0xBF, 0xFF, 0xF4, 0xBF,
    0xEB, 0xF8, 0x0F, 0xC0, 0xB8, 0x0F, 0xC0, 0x3C, 0x0F, 0xC0, 0x2C, 0x0F, 0xC0, 0x00, 0x0F, 0xC0,
    0x00, 0x0F, 0xC0, 0x00, 0x0F, 0xC0, 0x00, 0x0F, 0xC0, 0x00, 0x0F, 0xC0, 0x00, 0x6F, 0xE4, 0x00,
    0xFF, 0xFE, 0x00, 0x0F, 0xFF, 0xFF, 0xF0, 0x2F, 0xFF, 0xFF, 0x80, 0x1E, 0x02, 0xF0, 0x00, 0x78,
    0x0B, 0xC0, 0x01, 0xE0, 0x2F, 0x00, 0x07, 0x40, 0xBC, 0x00, 0x2D, 0x02, 0xF0, 0x00, 0xB4, 0x0B,
    0xC0, 0x03, 0xC0, 0x2F, 0x00, 0x0F, 0x00, 0xBC, 0x00, 0x78, 0x02, 0xF0, 0x1B, 0xEA, 0xAF, 0xE8,
    0xBF, 0xFF, 0xFF, 0xF2, 0xF0, 0x00, 0x07, 0xCB, 0x40, 0x00, 0x0F, 0x2C, 0x00, 0x00, 0x2C, 0xB0,
    0x00, 0x00, 0x70, 0x00, 0x00, 0x00, 0x01, 0xFF, 0x80, 0x0F, 0xE7, 0xF4, 0x2F, 0x00, 0xFC, 0x7D,
    0x00, 0xBC, 0xBC, 0x00, 0xBD, 0xFE, 0xAA, 0xFC, 0xFF, 0xFF, 0xFC, 0xFC, 0x00, 0x00, 0xFD, 0x00,
    0x00, 0x7F, 0x00, 0x00, 0x3F, 0x80, 0x2C, 0x1F, 0xFF, 0xF8, 0x07, 0xFF, 0xD0, 0x00, 0x14, 0x00,
    0x00, 0x00, 0x00, 0x00, 0x00, 0x01, 0xF8, 0x0F, 0xFF, 0x02, 0xF4, 0x3F, 0xE0, 0xFF, 0xE0, 0xFF,
    0xC2, 0xEB, 0x02, 0xF4, 0x1D, 0xF8, 0x04, 0x38, 0x2F, 0x42, 0xC1, 0x00, 0x02, 0xC2, 0xF4, 0x34,
    0x00, 0x00, 0x0F, 0x6F, 0x5F, 0x00, 0x00, 0x01, 0xFF, 0xFF, 0xE4, 0x00, 0x00, 0xBD, 0x2F, 0x47,
    0xE0, 0x00, 0x1F, 0x82, 0xF4, 0x2F, 0x40, 0x03, 0xF0, 0x2F, 0x40, 0xF8, 0x00, 0x3F, 0x02, 0xF4,
    0x0F, 0xC0, 0x6F, 0xD0, 0x7F, 0xD0, 0x7F, 0x87, 0xF8, 0x1F, 0xFF, 0x02, 0xFC, 0x00, 0x00, 0x00,
    0x00, 0x00, 0x00, 0x00, 0x00, 0x01, 0xDB, 0xFE, 0x03, 0xF5, 0xFE, 0x0F, 0x00, 0xFC, 0x34, 0x03,
    0xF0, 0x80, 0x0F, 0xC0, 0x15, 0xF8, 0x00, 0xFF, 0x90, 0x00, 0x1B, 0xF0, 0x50, 0x0B, 0xDB, 0xD0,
    0x1F, 0xBF, 0x00, 0xBD, 0x7D, 0x07, 0xF0, 0x7F, 0xFE, 0x00, 0x05, 0x00, 0x00, 0xBF, 0xF4, 0x3F,
    0xFC, 0xBF, 0xF4, 0x3F, 0xF8, 0x0F, 0xC0, 0x0B, 0xD0, 0x0F, 0xC0, 0x0F, 0xD0, 0x0F, 0xC0, 0x3F,
    0xD0, 0x0F, 0xC1, 0xFB, 0xD0, 0x0F, 0xC7, 0xCB, 0xD0, 0x0F, 0xEE, 0x0B, 0xD0, 0x0F, 0xF8, 0x0B,
    0xD0, 0x0F, 0xD0, 0x0B, 0xD0, 0x0F, 0xC0, 0x0B, 0xD0, 0x6F, 0xE0, 0x1F, 0xF4, 0xFF, 0xF8, 0x7F,
    0xFC, 0x01, 0xE0, 0x1E, 0x00, 0x03, 0xF0, 0x2F, 0x00, 0x02, 0xF0, 0x1F, 0x00, 0x00, 0xBF, 0xFC,
    0x00, 0x00, 0x01, 0x00, 0x00, 0x00, 0x00, 0x00, 0x00, 0xBF, 0xF4, 0x3F, 0xFC, 0xBF, 0xF4, 0x3F,
    0xF8, 0x0F, 0xC0, 0x0B, 0xD0, 0x0F, 0xC0, 0x0F, 0xD0, 0x0F, 0xC0, 0x3F, 0xD0, 0x0F, 0xC1, 0xFB,
    0xD0, 0x0F, 0xC7, 0xCB, 0xD0, 0x0F, 0xEE, 0x0B, 0xD0, 0x0F, 0xF8, 0x0B, 0xD0, 0x0F, 0xD0, 0x0B,
    0xD0, 0x0F, 0xC0, 0x0B, 0xD0, 0x6F, 0xE0, 0x1F, 0xF4, 0xFF, 0xF8, 0x7F, 0xFC, 0x00, 0x00, 0x00,
    0x0B, 0xFF, 0x41, 0xF8, 0xBF, 0xF4, 0x7F, 0xC0, 0xFC, 0x0F, 0xBC, 0x0F, 0xC1, 0xD1, 0x00, 0xFC,
    0x3C, 0x00, 0x0F, 0xCB, 0x40, 0x00, 0xFF, 0xF8, 0x00, 0x0F, 0xC7, 0xF0, 0x00, 0xFC, 0x1F, 0x80,
    0x0F, 0xC0, 0xFC, 0x00, 0xFC, 0x07, 0xE0, 0x6F, 0xE0, 0x3F, 0xAF, 0xFF, 0x81, 0xFE, 0x00, 0x00,
    0x00, 0x00, 0x03, 0xFF, 0xFF, 0xF8, 0x0B, 0xFF, 0xFF, 0xE0, 0x07, 0x80, 0xFC, 0x00, 0x1D, 0x03,
    0xF0, 0x00, 0x74, 0x0F, 0xC0, 0x01, 0xD0, 0x3F, 0x00, 0x07, 0x40, 0xFC, 0x00, 0x2C, 0x03, 0xF0,
    0x00, 0xB0, 0x0F, 0xC0, 0x03, 0xC0, 0x3F, 0x03, 0xDD, 0x00, 0xFC, 0x2F, 0xF0, 0x1B, 0xF9, 0x7F,
    0x40, 0xFF, 0xFC, 0x10, 0x00, 0x00, 0x00, 0xBF, 0xD0, 0x00, 0xFF, 0xCB, 0xFF, 0x00, 0x2F, 0xF8,
    0x0F, 0xF4, 0x03, 0xFD, 0x00, 0xFF, 0xC0, 0x7F, 0xD0, 0x0E, 0xBC, 0x0F, 0xBD, 0x00, 0xE3, 0xE1,
    0xDB, 0xD0, 0x0E, 0x2F, 0x3C, 0xBD, 0x00, 0xE1, 0xFB, 0x4B, 0xD0, 0x0E, 0x0F, 0xF0, 0xBD, 0x00,
    0xE0, 0x7E, 0x0B, 0xD0, 0x0E, 0x01, 0x40, 0xBD, 0x06, 0xF8, 0x00, 0x1F, 0xF4, 0xFF, 0xD0, 0x07,
    0xFF, 0xC0, 0xBF, 0xF4, 0x3F, 0xFC, 0xBF, 0xF4, 0x3F, 0xF8, 0x0F, 0xC0, 0x0B, 0xD0, 0x0F, 0xC0,
    0x0B, 0xD0, 0x0F, 0xC0, 0x0B, 0xD0, 0x0F, 0xD5, 0x5B, 0xD0, 0x0F, 0xFF, 0xFF, 0xD0, 0x0F, 0xD5,
    0x5B, 0xD0, 0x0F, 0xC0, 0x0B, 0xD0, 0x0F, 0xC0, 0x0B, 0xD0, 0x0F, 0xC0, 0x0B, 0xD0, 0x6F, 0xE0,
    0x1F, 0xF4, 0xFF, 0xF8, 0x7F, 0xFC, 0x00, 0x00, 0x00, 0x00, 0x7F, 0xF8, 0x00, 0xFE, 0xBF, 0xC0,
    0xBC, 0x02, 0xFC, 0x7E, 0x00, 0x3F, 0x6F, 0x40, 0x07, 0xEF, 0xC0, 0x01, 0xFF, 0xF0, 0x00, 0x3F,
    0xFC, 0x00, 0x0F, 0xFF, 0x40, 0x07, 0xEB, 0xE0, 0x02, 0xF4, 0xFD, 0x00, 0xFC, 0x1F, 0xE5, 0xFC,
    0x01, 0xFF, 0xF8, 0x00, 0x01, 0x50, 0x00, 0xBF, 0xFF, 0xFF, 0xFC, 0xBF, 0xFF, 0xFF, 0xF8, 0x0F,
    0xC0, 0x0B, 0xC0, 0x0F, 0xC0, 0x0B, 0xC0, 0x0F, 0xC0, 0x0B, 0xC0, 0x0F, 0xC0, 0x0B, 0xC0, 0x0F,
    0xC0, 0x0B, 0xC0, 0x0F, 0xC0, 0x0B, 0xC0, 0x0F, 0xC0, 0x0B, 0xC0, 0x0F, 0xC0, 0x0B, 0xC0, 0x0F,
    0xC0, 0x0B, 0xC0, 0x6F, 0xE4, 0x1F, 0xF4, 0xFF, 0xF8, 0x7F, 0xFC, 0x00, 0x00, 0x00, 0x00, 0xAF,
    0x0B, 0xFD, 0x03, 0xFC, 0xFF, 0xFD, 0x02, 0xFE, 0x02, 0xFC, 0x07, 0xF0, 0x03, 0xF4, 0x1F, 0x80,
    0x0B, 0xE0, 0x7E, 0x00, 0x1F, 0x81, 0xF8, 0x00, 0x7E, 0x07, 0xE0, 0x01, 0xF8, 0x1F, 0x80, 0x0B,
    0xD0, 0x7E, 0x00, 0x3F, 0x01, 0xF8, 0x01, 0xFC, 0x07, 0xFE, 0xAF, 0xC0, 0x1F, 0xFF, 0xFC, 0x00,
    0x7E, 0x05, 0x00, 0x01, 0xF8, 0x00, 0x00, 0x07, 0xE0, 0x00, 0x00, 0x2F, 0x80, 0x00, 0x03, 0xFF,
    0xF0, 0x00, 0x05, 0x55, 0x40, 0x00, 0x00, 0x00, 0x00, 0x01, 0xFF, 0x90, 0x0F, 0xEA, 0xF4, 0x2F,
    0x40, 0xFC, 0x7E, 0x00, 0xFC, 0xBD, 0x00, 0xF8, 0xFC, 0x00, 0x00, 0xFC, 0x00, 0x00, 0xFC, 0x00,
    0x00, 0xFD, 0x00, 0x00, 0xBF, 0x00, 0x00, 0x3F, 0x80, 0x2C, 0x1F, 0xFF, 0xF8, 0x07, 0xFF, 0xD0,
    0x00, 0x14, 0x00, 0x2F, 0xFF, 0xFF, 0xD0, 0xFE, 0xBF, 0xBF, 0x83, 0xC0, 0xFC, 0x1F, 0x0F, 0x03,
    0xF0, 0x3C, 0x34, 0x0F, 0xC0, 0xB0, 0x00, 0x3F, 0x00, 0x00, 0x00, 0xFC, 0x00, 0x00, 0x03, 0xF0,
    0x00, 0x00, 0x0F, 0xC0, 0x00, 0x00, 0x3F, 0x00, 0x00, 0x00, 0xFC, 0x00, 0x00, 0x1B, 0xF9, 0x00,
    0x00, 0xFF, 0xFC, 0x00, 0x6A, 0xA8, 0x2A, 0xA5, 0xFF, 0xE0, 0xBF, 0xD0, 0xFC, 0x00, 0x3C, 0x02,
    0xF4, 0x01, 0xD0, 0x03, 0xF0, 0x0F, 0x00, 0x0B, 0xD0, 0x38, 0x00, 0x1F, 0x82, 0xC0, 0x00, 0x3F,
    0x0E, 0x00, 0x00, 0x7D, 0x74, 0x00, 0x00, 0xFF, 0xC0, 0x00, 0x02, 0xFD, 0x00, 0x00, 0x03, 0xF0,
    0x00, 0x00, 0x0B, 0x80, 0x00, 0x00, 0x2C, 0x00, 0x00, 0x00, 0xE0, 0x00, 0x1F, 0x0B, 0x40, 0x00,
    0xBD, 0x78, 0x00, 0x02, 0xFF, 0xC0, 0x00, 0x01, 0xA4, 0x00, 0x00, 0x00, 0x00, 0x00, 0x00, 0x00,
    0x00, 0x00, 0x3F, 0xF0, 0x00, 0x00, 0x00, 0x6F, 0xC0, 0x00, 0x00, 0x00, 0x3F, 0x00, 0x00, 0x00,
    0x00, 0xFC, 0x00, 0x00, 0x00, 0x03, 0xF0, 0x00, 0x00, 0x00, 0x0F, 0xC0, 0x00, 0x00, 0xFF, 0x7F,
    0x7F, 0xD0, 0x1F, 0xFF, 0xFF, 0xFF, 0xD0, 0xFC, 0x07, 0xF4, 0x0F, 0xC7, 0xE0, 0x0F, 0xC0, 0x2F,
    0x6F, 0x00, 0x3F, 0x00, 0x7E, 0xFC, 0x00, 0xFC, 0x00, 0xFB, 0xF0, 0x03, 0xF0, 0x03, 0xEF, 0xC0,
    0x0F, 0xC0, 0x0F, 0xBF, 0x00, 0x3F, 0x00, 0x7E, 0xBD, 0x00, 0xFC, 0x02, 0xF4, 0xFC, 0x03, 0xF0,
    0x0F, 0xC2, 0xF9, 0xBF, 0xF5, 0xFD, 0x02, 0xFF, 0xBF, 0xFF, 0xD0, 0x00, 0x50, 0xFC, 0x10, 0x00,
    0x00, 0x03, 0xF0, 0x00, 0x00, 0x00, 0x0F, 0xC0, 0x00, 0x00, 0x00, 0x7F, 0x00, 0x00, 0x00, 0x0F,
    0xFF, 0xC0, 0x00, 0x00, 0x15, 0x55, 0x00, 0x00, 0x6A, 0xA8, 0x6A, 0xA2, 0xFF, 0xE1, 0xFF, 0x80,
    0xFE, 0x01, 0xF0, 0x00, 0xFD, 0x0F, 0x00, 0x01, 0xFC, 0xF0, 0x00, 0x01, 0xFF, 0x40, 0x00, 0x02,
    0xFC, 0x00, 0x00, 0x0F, 0xF8, 0x00, 0x00, 0xB7, 0xF4, 0x00, 0x0B, 0x43, 0xF0, 0x00, 0x78, 0x07,
    0xF0, 0x1B, 0xF4, 0x2F, 0xF8, 0xFF, 0xF2, 0xFF, 0xF4, 0xBF, 0xF4, 0x7F, 0xF8, 0xBF, 0xF4, 0x7F,
    0xF8, 0x0F, 0xC0, 0x0B, 0xC0, 0x0F, 0xC0, 0x0B, 0xC0, 0x0F, 0xC0, 0x0B, 0xC0, 0x0F, 0xC0, 0x0B,
    0xC0, 0x0F, 0xC0, 0x0B, 0xC0, 0x0F, 0xC0, 0x0B, 0xC0, 0x0F, 0xC0, 0x0B, 0xC0, 0x0F, 0xC0, 0x0B,
    0xC0, 0x0F, 0xC0, 0x0B, 0xC0, 0x6F, 0xEA, 0xAF, 0xE9, 0xFF, 0xFF, 0xFF, 0xFF, 0x00, 0x00, 0x00,
    0x2F, 0x00, 0x00, 0x00, 0x0F, 0x00, 0x00, 0x00, 0x0F, 0x00, 0x00, 0x00, 0x0A, 0x7F, 0xF8, 0x7F,
    0xF9, 0xFF, 0xE1, 0xFF, 0xE0, 0xFC, 0x00, 0xFC, 0x03, 0xF0, 0x03, 0xF0, 0x0F, 0xC0, 0x0F, 0xC0,
    0x2F, 0x00, 0x3F, 0x00, 0xBE, 0x01, 0xFC, 0x00, 0xFF, 0xFF, 0xF0, 0x00, 0xBF, 0x8F, 0xC0, 0x00,
    0x00, 0x3F, 0x00, 0x00, 0x00, 0xFC, 0x00, 0x00, 0x0B, 0xF9, 0x00, 0x00, 0xBF, 0xFC, 0xBF, 0xF4,
    0xBF, 0xF4, 0xBF, 0xF2, 0xFF, 0xD2, 0xFF, 0xD2, 0xFF, 0x80, 0xFC, 0x00, 0xFC, 0x01, 0xF8, 0x03,
    0xF0, 0x03, 0xE0, 0x07, 0xE0, 0x0F, 0xC0, 0x0F, 0x80, 0x1F, 0x80, 0x3F, 0x00, 0x3E, 0x00, 0x7E,
    0x00, 0xFC, 0x00, 0xF8, 0x01, 0xF8, 0x03, 0xF0, 0x03, 0xE0, 0x07, 0xE0, 0x0F, 0xC0, 0x0F, 0x80,
    0x1F, 0x80, 0x3F, 0x00, 0x3E, 0x00, 0x7E, 0x00, 0xFC, 0x00, 0xF8, 0x01, 0xF8, 0x1B, 0xFA, 0xAB,
    0xFA, 0xAB, 0xF4, 0xFF, 0xFF, 0xFF, 0xFF, 0xFF, 0xF4, 0xBF, 0xF4, 0xBF, 0xF4, 0xBF, 0xF0, 0xBF,
    0xF4, 0xBF, 0xF4, 0xBF, 0xE0, 0x0F, 0xC0, 0x0F, 0xC0, 0x1F, 0x80, 0x0F, 0xC0, 0x0F, 0x80, 0x1F,
    0x80, 0x0F, 0xC0, 0x0F, 0x80, 0x1F, 0x80, 0x0F, 0xC0, 0x0F, 0x80, 0x1F, 0x80, 0x0F, 0xC0, 0x0F,
    0x80, 0x1F, 0x80, 0x0F, 0xC0, 0x0F, 0x80, 0x1F, 0x80, 0x0F, 0xC0, 0x0F, 0x80, 0x1F, 0x80, 0x0F,
    0xC0, 0x0F, 0x80, 0x1F, 0x80, 0x0F, 0xC0, 0x0F, 0x80, 0x1F, 0x80, 0x6F, 0xEA, 0xAF, 0xEA, 0xAF,
    0xE8, 0xFF, 0xFF, 0xFF, 0xFF, 0xFF, 0xFD, 0x00, 0x00, 0x00, 0x00, 0x00, 0x7D, 0x00, 0x00, 0x00,
    0x00, 0x00, 0x2D, 0x00, 0x00, 0x00, 0x00, 0x00, 0x1D, 0x00, 0x00, 0x00, 0x00, 0x00, 0x18, 0x2F,
    0xFF, 0xF0, 0x00, 0x3F, 0xBF, 0xE0, 0x00, 0x3C, 0x2F, 0x40, 0x00, 0x38, 0x2F, 0x40, 0x00, 0x74,
    0x2F, 0x40, 0x00, 0x00, 0x2F, 0xFF, 0x90, 0x00, 0x2F, 0xEB, 0xFC, 0x00, 0x2F, 0x40, 0xFD, 0x00,
    0x2F, 0x40, 0x7E, 0x00, 0x2F, 0x40, 0x7E, 0x00, 0x2F, 0x40, 0xBD, 0x00, 0x7F, 0x96, 0xF8, 0x01,
    0xFF, 0xFF, 0x90, 0xBF, 0xF8, 0x00, 0x7F, 0xFA, 0xFF, 0xE0, 0x01, 0xFF, 0xE0, 0xFC, 0x00, 0x00,
    0xFC, 0x03, 0xF0, 0x00, 0x03, 0xF0, 0x0F, 0xC0, 0x00, 0x0F, 0xC0, 0x3F, 0xFF, 0x80, 0x3F, 0x00,
    0xFE, 0xBF, 0xC0, 0xFC, 0x03, 0xF0, 0x2F, 0x83, 0xF0, 0x0F, 0xC0, 0x3F, 0x0F, 0xC0, 0x3F, 0x00,
    0xFC, 0x3F, 0x00, 0xFC, 0x07, 0xE0, 0xFC, 0x1B, 0xF5, 0xBF, 0x0B, 0xF9, 0xFF, 0xFF, 0x90, 0xBF,
    0xFC, 0xBF, 0xF8, 0x00, 0x2F, 0xFE, 0x00, 0x00, 0xFC, 0x00, 0x00, 0x3F, 0x00, 0x00, 0x0F, 0xC0,
    0x00, 0x03, 0xFB, 0xF8, 0x00, 0xFE, 0xBF, 0xD0, 0x3F, 0x01, 0xFC, 0x0F, 0xC0, 0x3F, 0x03, 0xF0,
    0x0F, 0xC0, 0xFC, 0x03, 0xF1, 0xBF, 0x5B, 0xF0, 0xFF, 0xFF, 0x90, 0x00, 0x00, 0x00, 0x00, 0x76,
    0xFF, 0x40, 0x7F, 0x5F, 0xE0, 0x3C, 0x02, 0xF4, 0x34, 0x00, 0xF8, 0x20, 0x00, 0xFC, 0x01, 0x55,
    0xFC, 0x03, 0xFF, 0xFC, 0x00, 0x00, 0xFC, 0x14, 0x00, 0xFC, 0xBD, 0x00, 0xF8, 0xFC, 0x02, 0xF0,
    0x7D, 0x0B, 0xD0, 0x1F, 0xFF, 0x00, 0x00, 0x50, 0x00, 0x00, 0x00, 0x00, 0x00, 0x00, 0xBF, 0xF4,
    0x02, 0xFF, 0x80, 0xBF, 0xF4, 0x0F, 0xEB, 0xF0, 0x0F, 0xC0, 0x3F, 0x01, 0xFC, 0x0F, 0xC0, 0xBC,
    0x00, 0xBD, 0x0F, 0xC0, 0xFC, 0x00, 0x7F, 0x0F, 0xD5, 0xFC, 0x00, 0x3F, 0x0F, 0xFF, 0xFC, 0x00,
    0x3F, 0x0F, 0xD5, 0xFC, 0x00, 0x3F, 0x0F, 0xC0, 0xFC, 0x00, 0x3E, 0x0F, 0xC0, 0xFD, 0x00, 0x7D,
    0x0F, 0xC0, 0x7F, 0x00, 0xFC, 0x6F, 0xE0, 0x2F, 0xD7, 0xF0, 0xFF, 0xF8, 0x0B, 0xFF, 0xC0, 0x00,
    0x00, 0x00, 0x54, 0x00, 0x00, 0x6A, 0xFF, 0xF0, 0x0B, 0xFA, 0xFF, 0x80, 0x7E, 0x02, 0xF4, 0x02,
    0xF4, 0x0B, 0xD0, 0x0B, 0xD0, 0x2F, 0x40, 0x1F, 0x80, 0xBD, 0x00, 0x1F, 0xFB, 0xF4, 0x00, 0x0B,
    0xEF, 0xD0, 0x00, 0xF8, 0x2F, 0x40, 0x0B, 0xC0, 0xBD, 0x00, 0x3F, 0x02, 0xF4, 0x0B, 0xF4, 0x1F,
    0xF4, 0x3F, 0x80, 0xFF, 0xF0, 0x10, 0x00, 0x00, 0x00, 0x07, 0x80, 0xA0, 0x0F, 0xD3, 0xF8, 0x0F,
    0xD2, 0xF8, 0x02, 0x40, 0x90, 0x00, 0x00, 0x00, 0x00, 0x00, 0x00, 0x01, 0xFF, 0x80, 0x0F, 0xE7,
    0xF4, 0x2F, 0x00, 0xFC, 0x7D, 0x00, 0xBC, 0xBC, 0x00, 0xBD, 0xFE, 0xAA, 0xFC, 0xFF, 0xFF, 0xFC,
    0xFC, 0x00, 0x00, 0xFD, 0x00, 0x00, 0x7F, 0x00, 0x00, 0x3F, 0x80, 0x2C, 0x1F, 0xFF, 0xF8, 0x07,
    0xFF, 0xD0, 0x00, 0x14, 0x00, 0x00, 0x00, 0x00, 0x00, 0xFF, 0xC0, 0x00, 0x02, 0xBF, 0x00, 0x00,
    0x00, 0xFC, 0x00, 0x00, 0x2B, 0xFA, 0x90, 0x00, 0xFF, 0xFF, 0x80, 0x00, 0x3F, 0x00, 0x00, 0x00,
    0xFC, 0x7F, 0xD0, 0x03, 0xFB, 0xFF, 0xD0, 0x0F, 0xF4, 0x1F, 0xC0, 0x3F, 0x40, 0x3F, 0x00, 0xFC,
    0x00, 0xBC, 0x03, 0xF0, 0x02, 0xF0, 0x0F, 0xC0, 0x0B, 0xC0, 0x3F, 0x00, 0x2F, 0x00, 0xFC, 0x00,
    0xBC, 0x03, 0xF0, 0x02, 0xF0, 0x0F, 0xC0, 0x0B, 0xC1, 0xBF, 0x90, 0x2F, 0x0F, 0xFF, 0x80, 0xBC,
    0x00, 0x00, 0x02, 0xF0, 0x00, 0x00, 0x0F, 0x80, 0x00, 0x00, 0x3D, 0x00, 0x00, 0x03, 0xE0, 0x00,
    0x00, 0x2F, 0x00, 0x00, 0x00, 0x10, 0x00, 0x00, 0x01, 0x00, 0x00, 0x0B, 0xC0, 0x00, 0x1F, 0xC0,
    0x00, 0x3E, 0x00, 0x00, 0xB4, 0x00, 0x00, 0x40, 0x00, 0x00, 0x00, 0x00, 0xBF, 0xFF, 0xF4, 0xBF,
    0xEB, 0xF8, 0x0F, 0xC0, 0xB8, 0x0F, 0xC0, 0x3C, 0x0F, 0xC0, 0x2C, 0x0F, 0xC0, 0x00, 0x0F, 0xC0,
    0x00, 0x0F, 0xC0, 0x00, 0x0F, 0xC0, 0x00, 0x0F, 0xC0, 0x00, 0x0F, 0xC0, 0x00, 0x6F, 0xE4, 0x00,
    0xFF, 0xFE, 0x00, 0x00, 0x00, 0x00, 0x01, 0xFF, 0x90, 0x0F, 0xEA, 0xF4, 0x2F, 0x40, 0xFC, 0x7E,
    0x00, 0xFC, 0xBD, 0x00, 0xB4, 0xFD, 0x00, 0x00, 0xFF, 0xFF, 0x40, 0xFD, 0x55, 0x00, 0xBD, 0x00,
    0x00, 0x7F, 0x00, 0x00, 0x3F, 0x80, 0x28, 0x1F, 0xFF, 0xF4, 0x03, 0xFF, 0xD0, 0x00, 0x14, 0x00,
    0x00, 0x00, 0x00, 0xBF, 0xED, 0x3F, 0x5F, 0xD7, 0xC0, 0x2D, 0xBC, 0x00, 0xEB, 0xE0, 0x00, 0x3F,
    0xF8, 0x01, 0xFF, 0xF8, 0x01, 0xBF, 0xE0, 0x00, 0x7F, 0xF0, 0x02, 0xFB, 0x80, 0x2E, 0xBF, 0x5B,
    0xCB, 0xBF, 0xF4, 0x10, 0x50, 0x00, 0x07, 0xD0, 0x0F, 0xF0, 0x0B, 0xF0, 0x02, 0x80, 0x00, 0x00,
    0x00, 0x00, 0x2A, 0xE0, 0x3F, 0xF0, 0x03, 0xF0, 0x03, 0xF0, 0x03, 0xF0, 0x03, 0xF0, 0x03, 0xF0,
    0x03, 0xF0, 0x03, 0xF0, 0x03, 0xF0, 0x03, 0xF0, 0x1B, 0xF9, 0x3F, 0xFF, 0x29, 0x0B, 0x4B, 0xF1,
    0xFC, 0x7F, 0x1F, 0xC1, 0x80, 0x60, 0x00, 0x00, 0x00, 0x00, 0x00, 0x0A, 0xB8, 0x00, 0xFF, 0xC0,
    0x00, 0xFC, 0x00, 0x0F, 0xC0, 0x00, 0xFC, 0x00, 0x0F, 0xC0, 0x00, 0xFC, 0x00, 0x0F, 0xC0, 0x00,
    0xFC, 0x00, 0x0F, 0xC0, 0x00, 0xFC, 0x00, 0x6F, 0xE4, 0x0F, 0xFF, 0xC0, 0x07, 0xD0, 0xFF, 0x0F,
    0xE0, 0x28, 0x00, 0x00, 0x00, 0x2A, 0xE3, 0xFE, 0x07, 0xE0, 0x3E, 0x03, 0xE0, 0x3E, 0x03, 0xE0,
    0x3E, 0x03, 0xE0, 0x3E, 0x03, 0xE0, 0x3E, 0x03, 0xE0, 0x3D, 0x07, 0xC0, 0xBC, 0x1F, 0x43, 0xD0,
    0x10, 0x00, 0x03, 0xFF, 0xFF, 0xF4, 0x00, 0x00, 0xBF, 0xFF, 0xFD, 0x00, 0x00, 0x07, 0x40, 0xFC,
    0x00, 0x00, 0x01, 0xD0, 0x3F, 0x00, 0x00, 0x00, 0x74, 0x0F, 0xC0, 0x00, 0x00, 0x1D, 0x03, 0xFF,
    0xF8, 0x00, 0x07, 0x00, 0xFE, 0xBF, 0xD0, 0x02, 0xC0, 0x3F, 0x01, 0xFC, 0x00, 0xF0, 0x0F, 0xC0,
    0x3F, 0x00, 0x38, 0x03, 0xF0, 0x0F, 0xC7, 0xDD, 0x00, 0xFC, 0x07, 0xE2, 0xFF, 0x01, 0xBF, 0x5B,
    0xF0, 0x7F, 0x40, 0xFF, 0xFF, 0x90, 0x01, 0x00, 0x00, 0x00, 0x00, 0x00, 0xBF, 0xF4, 0x7F, 0xFC,
    0x00, 0x2F, 0xFD, 0x1F, 0xFE, 0x00, 0x00, 0xFC, 0x00, 0xBC, 0x00, 0x00, 0x3F, 0x00, 0x2F, 0x00,
    0x00, 0x0F, 0xC0, 0x0B, 0xC0, 0x00, 0x03, 0xF5, 0x57, 0xFF, 0xF9, 0x00, 0xFF, 0xFF, 0xFE, 0xAF,
    0xE0, 0x3F, 0x55, 0x7F, 0x00, 0xFC, 0x0F, 0xC0, 0x0B, 0xC0, 0x2F, 0x43, 0xF0, 0x02, 0xF0, 0x0B,
    0xD0, 0xFC, 0x00, 0xBC, 0x03, 0xF1, 0xBF, 0x80, 0xBF, 0x97, 0xF4, 0xFF, 0xF8, 0x7F, 0xFF, 0xE0,
    0x00, 0x00, 0x00, 0x00, 0x00, 0x0F, 0xFC, 0x00, 0x00, 0x02, 0xBF, 0x00, 0x00, 0x00, 0x0F, 0xC0,
    0x00, 0x00, 0x6B, 0xFA, 0x80, 0x00, 0x2F, 0xFF, 0xF0, 0x00, 0x00, 0x3F, 0x00, 0x00, 0x00, 0x0F,
    0xC7, 0xFD, 0x00, 0x03, 0xFB, 0xFF, 0xD0, 0x00, 0xFF, 0x41, 0xFC, 0x00, 0x3F, 0x40, 0x3F, 0x00,
    0x0F, 0xC0, 0x0B, 0xC0, 0x03, 0xF0, 0x02, 0xF0, 0x00, 0xFC, 0x00, 0xBC, 0x00, 0x3F, 0x00, 0x2F,
    0x00, 0x0F, 0xC0, 0x0B, 0xC0, 0x03, 0xF0, 0x02, 0xF0, 0x00, 0xFC, 0x00, 0xBC, 0x01, 0xBF, 0x80,
    0x7F, 0x90, 0xFF, 0xF8, 0x7F, 0xFC, 0x00, 0x00, 0x10, 0x00, 0x00, 0x0F, 0x40, 0x00, 0x02, 0xF4,
    0x00, 0x00, 0x7D, 0x00, 0x00, 0x0E, 0x00, 0x00, 0x00, 0x40, 0x00, 0x00, 0x00, 0x00, 0x0B, 0xFF,
    0x41, 0xF8, 0xBF, 0xF4, 0x7F, 0xC0, 0xFC, 0x0F, 0xBC, 0x0F, 0xC1, 0xD1, 0x00, 0xFC, 0x3C, 0x00,
    0x0F, 0xCB, 0x40, 0x00, 0xFF, 0xF8, 0x00, 0x0F, 0xC7, 0xF0, 0x00, 0xFC, 0x1F, 0x80, 0x0F, 0xC0,
    0xFC, 0x00, 0xFC, 0x07, 0xE0, 0x6F, 0xE0, 0x3F, 0xAF, 0xFF, 0x81, 0xFE, 0x00, 0x00, 0x00, 0x00,
    0x00, 0x14, 0x00, 0x00, 0x00, 0x3D, 0x00, 0x00, 0x00, 0x3F, 0x00, 0x00, 0x00, 0x0F, 0x80, 0x00,
    0x00, 0x02, 0xD0, 0x00, 0x00, 0x00, 0x00, 0x00, 0x00, 0x00, 0x00, 0x00, 0xBF, 0xF4, 0x3F, 0xFC,
    0xBF, 0xF4, 0x3F, 0xF8, 0x0F, 0xC0, 0x0B, 0xD0, 0x0F, 0xC0, 0x0F, 0xD0, 0x0F, 0xC0, 0x3F, 0xD0,
    0x0F, 0xC1, 0xFB, 0xD0, 0x0F, 0xC7, 0xCB, 0xD0, 0x0F, 0xEE, 0x0B, 0xD0, 0x0F, 0xF8, 0x0B, 0xD0,
    0x0F, 0xD0, 0x0B, 0xD0, 0x0F, 0xC0, 0x0B, 0xD0, 0x6F, 0xE0, 0x1F, 0xF4, 0xFF, 0xF8, 0x7F, 0xFC,
    0x00, 0xE0, 0x1E, 0x00, 0x0B, 0xC0, 0xBD, 0x00, 0x2F, 0x01, 0xF0, 0x00, 0x2F, 0xFF, 0x40, 0x00,
    0x01, 0x40, 0x00, 0x00, 0x00, 0x00, 0x06, 0xAA, 0x82, 0xAA, 0x5F, 0xFE, 0x0B, 0xFD, 0x0F, 0xC0,
    0x03, 0xC0, 0x2F, 0x40, 0x1D, 0x00, 0x3F, 0x00, 0xF0, 0x00, 0xBD, 0x03, 0x80, 0x01, 0xF8, 0x2C,
    0x00, 0x03, 0xF0, 0xE0, 0x00, 0x07, 0xD7, 0x40, 0x00, 0x0F, 0xFC, 0x00, 0x00, 0x2F, 0xD0, 0x00,
    0x00, 0x3F, 0x00, 0x00, 0x00, 0xB8, 0x00, 0x00, 0x02, 0xC0, 0x00, 0x00, 0x0E, 0x00, 0x01, 0xF0,
    0xB4, 0x00, 0x0B, 0xD7, 0x80, 0x00, 0x2F, 0xFC, 0x00, 0x00, 0x1A, 0x40, 0x00, 0x00, 0x7F, 0xF8,
    0x3F, 0xFC, 0x7F, 0xF4, 0x2F, 0xF8, 0x0F, 0xC0, 0x0B, 0xD0, 0x0F, 0xC0, 0x0B, 0xD0, 0x0F, 0xC0,
    0x0B, 0xD0, 0x0F, 0xC0, 0x0B, 0xD0, 0x0F, 0xC0, 0x0B, 0xD0, 0x0F, 0xC0, 0x0B, 0xD0, 0x0F, 0xC0,
    0x0B, 0xD0, 0x0F, 0xC0, 0x0B, 0xD0, 0x0F, 0xC0, 0x0B, 0xD0, 0x6F, 0xEA, 0xAF, 0xF4, 0xFF, 0xFF,
    0xFF, 0xFC, 0x00, 0x0B, 0xC0, 0x00, 0x00, 0x07, 0xC0, 0x00, 0x00, 0x03, 0x80, 0x00, 0x00, 0x03,
    0x40, 0x00, 0x00, 0x6A, 0xA9, 0x00, 0x00, 0x02, 0xFF, 0xF4, 0x00, 0x00, 0x00, 0xFE, 0x00, 0x00,
    0x0A, 0xAB, 0xFE, 0xAA, 0x00, 0x3F, 0xFF, 0xFF, 0xFC, 0x00, 0xF4, 0x2F, 0x40, 0xF4, 0x07, 0x80,
    0xBD, 0x01, 0xE0, 0x2D, 0x02, 0xF4, 0x00, 0x00, 0x60, 0x0B, 0xD0, 0x00, 0x00, 0x00, 0x2F, 0xEA,
    0x90, 0x00, 0x00, 0xBF, 0xFF, 0xF8, 0x00, 0x02, 0xF4, 0x02, 0xFC, 0x00, 0x0B, 0xD0, 0x03, 0xF4,
    0x00, 0x2F, 0x40, 0x0F, 0xD0, 0x00, 0xBD, 0x00, 0x3F, 0x40, 0x02, 0xF4, 0x00, 0xFC, 0x00, 0x0B,
    0xD0, 0x0B, 0xE0, 0x01, 0xBF, 0xAA, 0xFE, 0x00, 0x0B, 0xFF, 0xFF, 0x90, 0x00, 0x00, 0x00, 0x00,
    0x00, 0x00, 0x3F, 0xE0, 0x00, 0x00, 0x0B, 0xF8, 0x00, 0x00, 0x00, 0x3E, 0x00, 0x00, 0x00, 0x0F,
    0x80, 0x00, 0x00, 0x03, 0xE0, 0x00, 0x00, 0x00, 0xF8, 0x00, 0x00, 0xAA, 0xFF, 0xAA, 0x80, 0x3F,
    0xAF, 0xEB, 0xF0, 0x0F, 0x03, 0xE0, 0x3C, 0x03, 0xC0, 0xF8, 0x0B, 0x00, 0xD0, 0x3E, 0x00, 0x00,
    0x00, 0x0F, 0xEA, 0x90, 0x00, 0x03, 0xFA, 0xFF, 0x00, 0x00, 0xF8, 0x07, 0xF0, 0x00, 0x3E, 0x00,
    0xFC, 0x00, 0x0F, 0x80, 0x3F, 0x00, 0x03, 0xE0, 0x1F, 0x80, 0x06, 0xFD, 0x6F, 0xC0, 0x03, 0xFF,
    0xFE, 0x40, 0x00, 0x6A, 0xAA, 0xAA, 0xAA, 0x80, 0x00, 0x0F, 0xFF, 0xFF, 0xFF, 0xFC, 0x00, 0x00,
    0x0B, 0xF0, 0x00, 0x3C, 0x00, 0x00, 0x00, 0x3F, 0x40, 0x0F, 0x00, 0x00, 0x00, 0x00, 0xFC, 0x01,
    0xE0, 0x00, 0x00, 0x00, 0x07, 0xE0, 0x3C, 0x00, 0x00, 0x00, 0x00, 0x3F, 0x4B, 0x00, 0x00, 0x00,
    0x00, 0x00, 0xFD, 0xE0, 0x00, 0x00, 0x00, 0x00, 0x1B, 0xFD, 0x40, 0x00, 0x00, 0x00, 0x7F, 0xFF,
    0xFF, 0xC0, 0x00, 0x00, 0x2F, 0x83, 0xF0, 0x7F, 0x00, 0x00, 0x07, 0xF0, 0x3F, 0x01, 0xFC, 0x00,
    0x00, 0xFD, 0x03, 0xF0, 0x0F, 0xD0, 0x00, 0x1F, 0xC0, 0x3F, 0x00, 0xBE, 0x00, 0x03, 0xF4, 0x03,
    0xF0, 0x03, 0xF0, 0x00, 0x3F, 0x00, 0x3F, 0x00, 0x2F, 0x80, 0x6F, 0xE0, 0x1B, 0xFE, 0x01, 0xFE,
    0x87, 0xFC, 0x03, 0xFF, 0xF4, 0x0B, 0xF8, 0x00, 0x00, 0x00, 0x00, 0x00, 0x04, 0x00, 0x00, 0xFF,
    0xFF, 0xFF, 0xD0, 0x00, 0x7F, 0xFF, 0xFF, 0xF4, 0x00, 0x00, 0xFC, 0x01, 0xD0, 0x00, 0x00, 0x1F,
    0x80, 0xE0, 0x00, 0x00, 0x02, 0xF4, 0xF0, 0x00, 0x00, 0x00, 0x3F, 0xB0, 0x00, 0x00, 0x01, 0xBF,
    0xFF, 0xE0, 0x00, 0x03, 0xF9, 0xFD, 0x7F, 0x00, 0x02, 0xF4, 0x3F, 0x03, 0xF0, 0x00, 0xFC, 0x0F,
    0xC0, 0xBC, 0x00, 0xBE, 0x03, 0xF0, 0x1F, 0x81, 0xBF, 0x02, 0xFE, 0x43, 0xFA, 0x7F, 0x42, 0xFF,
    0xF0, 0x7F, 0x80, 0x00, 0x00, 0x00, 0x00, 0x00, 0x00, 0x00, 0x00, 0x40, 0x00, 0x00, 0x1D, 0x00,
    0x00, 0x03, 0xC0, 0x00, 0x00, 0x7C, 0x6A, 0xAA, 0xAF, 0xC7, 0xFF, 0xFF, 0xF8, 0x0B, 0xE0, 0x00,
    0x00, 0x7E, 0x00, 0x00, 0x07, 0xE0, 0x00, 0x00, 0x7E, 0x00, 0x00, 0x07, 0xE0, 0x00, 0x00, 0x7E,
    0x00, 0x00, 0x07, 0xE0, 0x00, 0x00, 0x7E, 0x00, 0x00, 0x07, 0xE0, 0x00, 0x00, 0x7E, 0x00, 0x00,
    0x07, 0xE0, 0x00, 0x00, 0x7E, 0x00, 0x00, 0x07, 0xE0, 0x00, 0x00, 0x7E, 0x00, 0x00, 0x2F, 0xF9,
    0x00, 0x0B, 0xFF, 0xF0, 0x00, 0x00, 0x00, 0x00, 0x00, 0x00, 0xE0, 0x00, 0x07, 0x80, 0x00, 0x2D,
    0xBF, 0xFF, 0xF6, 0xFF, 0xAA, 0x80, 0xFC, 0x00, 0x03, 0xF0, 0x00, 0x0F, 0xC0, 0x00, 0x3F, 0x00,
    0x00, 0xFC, 0x00, 0x03, 0xF0, 0x00, 0x0F, 0xC0, 0x00, 0x3F, 0x00, 0x00, 0xFC, 0x00, 0x1B, 0xF9,
    0x00, 0xFF, 0xFE, 0x00, 0x6A, 0xAA, 0xAA, 0x47, 0xFF, 0xFF, 0xFC, 0x0B, 0xE0, 0x0B, 0xC0, 0x7E,
    0x00, 0x3D, 0x07, 0xE0, 0x01, 0xE0, 0x7E, 0x00, 0x04, 0x07, 0xE0, 0x00, 0x00, 0x7E, 0x00, 0x00,
    0x7F, 0xFF, 0x80, 0x07, 0xFF, 0xFC, 0x00, 0x07, 0xE0, 0x00, 0x00, 0x7E, 0x00, 0x00, 0x07, 0xE0,
    0x00, 0x00, 0x7E, 0x00, 0x00, 0x07, 0xE0, 0x00, 0x00, 0x7E, 0x00, 0x00, 0x2F, 0xF9, 0x00, 0x0B,
    0xFF, 0xF0, 0x00, 0x7F, 0xFF, 0xF4, 0xBF, 0xEB, 0xF8, 0x0F, 0xC0, 0x7C, 0x0F, 0xC0, 0x3C, 0x0F,
    0xC0, 0x2C, 0x0F, 0xC0, 0x00, 0xBF, 0xFD, 0x00, 0x5F, 0xD4, 0x00, 0x0F, 0xC0, 0x00, 0x0F, 0xC0,
    0x00, 0x0F, 0xC0, 0x00, 0x6F, 0xE4, 0x00, 0xBF, 0xFD, 0x00, 0x0A, 0x80, 0x0A, 0xAA, 0x80, 0x0A,
    0x40, 0xBF, 0xC0, 0x7F, 0xFF, 0x00, 0xFF, 0x42, 0xFF, 0x80, 0x1F, 0xC0, 0x0F, 0xFD, 0x03, 0xCF,
    0x00, 0x3F, 0x00, 0x39, 0xF0, 0x00, 0x2D, 0x00, 0xFC, 0x02, 0xC0, 0x00, 0x00, 0x38, 0x03, 0xF0,
    0x0F, 0x00, 0x00, 0x00, 0xF0, 0x0F, 0xC0, 0x78, 0x00, 0x00, 0x01, 0xE0, 0x3F, 0x03, 0xC0, 0x00,
    0x00, 0x01, 0xFA, 0xFE, 0xFC, 0x00, 0x00, 0x00, 0x0B, 0xFF, 0xFF, 0xF8, 0x00, 0x00, 0x01, 0xFD,
    0x0F, 0xC2, 0xFC, 0x00, 0x00, 0x0F, 0xD0, 0x3F, 0x02, 0xF8, 0x00, 0x00, 0x7F, 0x00, 0xFC, 0x03,
    0xF0, 0x00, 0x03, 0xF4, 0x03, 0xF0, 0x0F, 0xE0, 0x00, 0x1F, 0xC0, 0x0F, 0xC0, 0x1F, 0xC0, 0x00,
    0xFE, 0x00, 0x3F, 0x00, 0x3F, 0x40, 0x6F, 0xF0, 0x0B, 0xFE, 0x40, 0xBF, 0x65, 0xFF, 0x40, 0x7F,
    0xFF, 0x00, 0xFF, 0xE0, 0x50, 0x00, 0x00, 0x00, 0x00, 0x4B, 0x80, 0x00, 0x00, 0x00, 0x00, 0x00,
    0x0E, 0x00, 0x00, 0x00, 0x00, 0x00, 0x00, 0x38, 0x00, 0x00, 0x00, 0x00, 0x00, 0x00, 0x90, 0x00,
    0x00, 0x00, 0x00, 0x00, 0x01, 0xF8, 0x0F, 0xFF, 0x02, 0xF4, 0x3F, 0xE0, 0xFF, 0xE0, 0xBF, 0xC2,
    0xF7, 0x02, 0xF4, 0x0D, 0xF8, 0x04, 0x38, 0x2F, 0x42, 0xC1, 0x00, 0x02, 0xC2, 0xF4, 0x34, 0x00,
    0x00, 0x0E, 0x2F, 0x4B, 0x00, 0x00, 0x01, 0xFF, 0xFF, 0xE4, 0x00, 0x00, 0xBD, 0x2F, 0x47, 0xE0,
    0x00, 0x1F, 0x82, 0xF4, 0x2F, 0x00, 0x03, 0xF0, 0x2F, 0x41, 0xF8, 0x00, 0x7F, 0x02, 0xF4, 0x0F,
    0xC0, 0x6F, 0xD0, 0x7F, 0xD0, 0xBE, 0x67, 0xF8, 0x1F, 0xFF, 0x03, 0xFF, 0x00, 0x00, 0x00, 0x00,
    0x01, 0xF0, 0x00, 0x00, 0x00, 0x00, 0x0F, 0x00, 0x00, 0x00, 0x00, 0x00, 0xF0, 0x00, 0x00, 0x00,
    0x00, 0x09, 0x6A, 0xA9, 0x00, 0x29, 0x07, 0xFF, 0xF0, 0x0F, 0xF4, 0x0B, 0xF0, 0x02, 0xFF, 0x40,
    0x7E, 0x00, 0x39, 0xF0, 0x07, 0xE0, 0x0B, 0x40, 0x00, 0x7E, 0x00, 0xF0, 0x00, 0x07, 0xE0, 0x1E,
    0x00, 0x00, 0x7E, 0x07, 0xC0, 0x00, 0x07, 0xFB, 0xE0, 0x00, 0x00, 0x7F, 0xFF, 0x80, 0x00, 0x07,
    0xE0, 0x7F, 0x00, 0x00, 0x7E, 0x02, 0xF8, 0x00, 0x07, 0xE0, 0x0F, 0xC0, 0x00, 0x7E, 0x00, 0xBE,
    0x00, 0x07, 0xE0, 0x07, 0xF0, 0x00, 0x7E, 0x00, 0x3F, 0x40, 0x2F, 0xF9, 0x01, 0xFD, 0x9B, 0xFF,
    0xF0, 0x0B, 0xFD, 0x00, 0x00, 0x00, 0x12, 0xD0, 0x00, 0x00, 0x00, 0x1D, 0x00, 0x00, 0x00, 0x00,
    0xD0, 0x00, 0x00, 0x00, 0x09, 0x00, 0x00, 0x00, 0x02, 0xFF, 0xD0, 0x7E, 0x0B, 0xFF, 0x47, 0xFC,
    0x03, 0xF0, 0x3E, 0xF0, 0x0F, 0xC0, 0xC1, 0x00, 0x3F, 0x0B, 0x00, 0x00, 0xFC, 0xB0, 0x00, 0x03,
    0xFF, 0xE0, 0x00, 0x0F, 0xC7, 0xF0, 0x00, 0x3F, 0x07, 0xF0, 0x00, 0xFC, 0x0B, 0xC0, 0x03, 0xF0,
    0x1F, 0x80, 0x6F, 0xE0, 0x3F, 0x63, 0xFF, 0xE0, 0x7F, 0xD0, 0x00, 0x00, 0x0B, 0x40, 0x00, 0x00,
    0x1D, 0x00, 0x00, 0x00, 0x74, 0x00, 0x00, 0x00, 0x80, 0x6A, 0xA9, 0x01, 0xAA, 0xA4, 0x7F, 0xFE,
    0x02, 0xFF, 0xF4, 0x0B, 0xF0, 0x00, 0x2F, 0x80, 0x07, 0xE0, 0x00, 0x2F, 0x40, 0x07, 0xE0, 0x00,
    0x2F, 0x40, 0x07, 0xE0, 0x00, 0x2F, 0x40, 0x07, 0xE0, 0x00, 0x2F, 0x40, 0x07, 0xE0, 0x00, 0x2F,
    0x40, 0x07, 0xFF, 0xFF, 0xFF, 0x40, 0x07, 0xFF, 0xFF, 0xFF, 0x40, 0x07, 0xE0, 0x00, 0x2F, 0x40,
    0x07, 0xE0, 0x00, 0x2F, 0x40, 0x07, 0xE0, 0x00, 0x2F, 0x40, 0x07, 0xE0, 0x00, 0x2F, 0x40, 0x07,
    0xE0, 0x00, 0x2F, 0x40, 0x07, 0xE0, 0x00, 0x2F, 0x40, 0x2F, 0xF9, 0x01, 0xBF, 0xFD, 0xBF, 0xFE,
    0x02, 0xFF, 0xFD, 0x00, 0x00, 0x00, 0x00, 0x7D, 0x00, 0x00, 0x00, 0x00, 0x2D, 0x00, 0x00, 0x00,
    0x00, 0x1D, 0x00, 0x00, 0x00, 0x00, 0x08, 0xBF, 0xF4, 0x3F, 0xFC, 0x2F, 0xFD, 0x0F, 0xFE, 0x00,
    0xFC, 0x00, 0xBD, 0x00, 0x3F, 0x00, 0x2F, 0x40, 0x0F, 0xC0, 0x0B, 0xD0, 0x03, 0xF5, 0x56, 0xF4,
    0x00, 0xFF, 0xFF, 0xFD, 0x00, 0x3F, 0x55, 0x6F, 0x40, 0x0F, 0xC0, 0x0B, 0xD0, 0x03, 0xF0, 0x02,
    0xF4, 0x00, 0xFC, 0x00, 0xBD, 0x01, 0xBF, 0x80, 0x7F, 0xA8, 0xFF, 0xF8, 0x7F, 0xFF, 0x40, 0x00,
    0x00, 0x03, 0xD0, 0x00, 0x00, 0x00, 0xB4, 0x00, 0x00, 0x00, 0x1D, 0x00, 0x00, 0x00, 0x02, 0x00,
    0x6A, 0xA9, 0x01, 0xAA, 0x9B, 0xFF, 0xF0, 0x2F, 0xFE, 0x0F, 0xF0, 0x00, 0x3E, 0x00, 0x3F, 0x00,
    0x03, 0xC0, 0x01, 0xFC, 0x00, 0xB4, 0x00, 0x0F, 0xD0, 0x1F, 0x00, 0x00, 0x3F, 0x03, 0xC0, 0x00,
    0x02, 0xF8, 0x78, 0x00, 0x00, 0x0F, 0xDF, 0x00, 0x00, 0x00, 0x7F, 0xD0, 0x00, 0x00, 0x02, 0xF8,
    0x00, 0x00, 0x00, 0x2F, 0x80, 0x00, 0x00, 0x02, 0xF8, 0x00, 0x00, 0x00, 0x2F, 0x80, 0x00, 0x00,
    0x02, 0xF8, 0x00, 0x00, 0x00, 0x2F, 0x80, 0x00, 0x00, 0x1B, 0xFE, 0x40, 0x00, 0x03, 0xFF, 0xFC,
    0x00, 0x2A, 0xA9, 0x0A, 0xA9, 0x3F, 0xFD, 0x0F, 0xFD, 0x07, 0xF0, 0x01, 0xE0, 0x03, 0xF0, 0x02,
    0xD0, 0x02, 0xF4, 0x03, 0xC0, 0x00, 0xFC, 0x07, 0x40, 0x00, 0xFC, 0x0B, 0x00, 0x00, 0x7E, 0x0E,
    0x00, 0x00, 0x3F, 0x1D, 0x00, 0x00, 0x2F, 0x7C, 0x00, 0x00, 0x1F, 0xF8, 0x00, 0x00, 0x0F, 0xF0,
    0x00, 0x00, 0x07, 0xF0, 0x00, 0x00, 0x07, 0xE0, 0x00, 0x00, 0x07, 0xE0, 0x00, 0x00, 0x07, 0xE0,
    0x00, 0x00, 0x0B, 0xF0, 0x00, 0x00, 0x7F, 0xFE, 0x00, 0x00, 0x15, 0x55, 0x00, 0x6A, 0xA9, 0x01,
    0xAA, 0x9B, 0xFF, 0xE0, 0x2F, 0xFE, 0x0F, 0xF0, 0x00, 0x3E, 0x00, 0x3F, 0x00, 0x03, 0xC0, 0x02,
    0xFC, 0x00, 0xF4, 0x00, 0x0F, 0xD0, 0x1E, 0x00, 0x00, 0x7F, 0x03, 0xC0, 0x00, 0x02, 0xF8, 0xB4,
    0x00, 0x00, 0x0F, 0xDF, 0x00, 0x00, 0x00, 0x7F, 0xC0, 0x00, 0x00, 0x03, 0xF8, 0x00, 0x00, 0x00,
    0x2F, 0x40, 0x00, 0x00, 0x17, 0xF9, 0x40, 0x00, 0x03, 0xFF, 0xFC, 0x00, 0x00, 0x02, 0xF8, 0x00,
    0x00, 0x00, 0x2F, 0x40, 0x00, 0x00, 0x1B, 0xFE, 0x40, 0x00, 0x03, 0xFF, 0xFC, 0x00, 0x2A, 0xA9,
    0x0A, 0xA9, 0x3F, 0xFD, 0x0F, 0xFD, 0x07, 0xF0, 0x01, 0xE0, 0x03, 0xF0, 0x02, 0xD0, 0x02, 0xF4,
    0x03, 0xC0, 0x00, 0xFC, 0x07, 0x40, 0x00, 0xFC, 0x0B, 0x00, 0x00, 0x7E, 0x0E, 0x00, 0x00, 0x3F,
    0x1D, 0x00, 0x00, 0x2F, 0x7C, 0x00, 0x00, 0x1F, 0xF8, 0x00, 0x00, 0x0F, 0xF0, 0x00, 0x00, 0x07,
    0xF0, 0x00, 0x00, 0x17, 0xE5, 0x00, 0x00, 0xBF, 0xFF, 0x00, 0x00, 0x07, 0xE0, 0x00, 0x00, 0x0B,
    0xF0, 0x00, 0x00, 0x7F, 0xFE, 0x00, 0x00, 0x15, 0x55, 0x00, 0x6A, 0xA9, 0x00, 0x00, 0x01, 0xFF,
    0xFC, 0x00, 0x00, 0x00, 0xBF, 0x00, 0x00, 0x00, 0x01, 0xF8, 0x00, 0x00, 0x00, 0x07, 0xE0, 0x00,
    0x00, 0x00, 0x1F, 0x80, 0x00, 0x00, 0x00, 0x7E, 0x00, 0x50, 0x00, 0x01, 0xF8, 0xBF, 0xFC, 0x00,
    0x07, 0xFF, 0xAB, 0xFD, 0x00, 0x1F, 0xE0, 0x02, 0xFC, 0x00, 0x7E, 0x00, 0x03, 0xF0, 0x01, 0xF8,
    0x00, 0x0B, 0xD0, 0x07, 0xE0, 0x00, 0x2F, 0x40, 0x1F, 0x80, 0x00, 0xBD, 0x00, 0x7E, 0x00, 0x02,
    0xF4, 0x01, 0xF8, 0x00, 0x0B, 0xD0, 0x2F, 0xF9, 0x01, 0xBF, 0xE1, 0xFF, 0xFC, 0x0B, 0xFF, 0xE0,
    0x00, 0x00, 0x00, 0x00, 0x0F, 0xFC, 0x00, 0x00, 0x02, 0xFF, 0x00, 0x00, 0x00, 0x0F, 0xC0, 0x00,
    0x00, 0x03, 0xF0, 0x00, 0x00, 0x00, 0xFC, 0x00, 0x00, 0x00, 0x3F, 0x00, 0x00, 0x00, 0x0F, 0xC7,
    0xFD, 0x00, 0x03, 0xFB, 0xFF, 0xD0, 0x00, 0xFF, 0x41, 0xFC, 0x00, 0x3F, 0x40, 0x3F, 0x00, 0x0F,
    0xC0, 0x0B, 0xC0, 0x03, 0xF0, 0x02, 0xF0, 0x00, 0xFC, 0x00, 0xBC, 0x00, 0x3F, 0x00, 0x2F, 0x00,
    0x0F, 0xC0, 0x0B, 0xC0, 0x03, 0xF0, 0x02, 0xF0, 0x00, 0xFC, 0x00, 0xBC, 0x01, 0xBF, 0x80, 0x7F,
    0x90, 0xFF, 0xF8, 0x7F, 0xFC, 0x1C, 0x2B, 0xE4, 0x00, 0x1E, 0xFF, 0xFF, 0x40, 0x1F, 0x80, 0x2F,
    0xD0, 0x1F, 0x00, 0x07, 0xF0, 0x0D, 0x00, 0x03, 0xF8, 0x0D, 0x00, 0x01, 0xFC, 0x00, 0x00, 0x00,
    0xFC, 0x00, 0x00, 0x00, 0xFD, 0x00, 0x00, 0x00, 0xFD, 0x7F, 0xFF, 0xFF, 0xFD, 0xBE, 0x55, 0x55,
    0xFC, 0xBC, 0x00, 0x00, 0xFC, 0xBD, 0x00, 0x00, 0xFC, 0x7D, 0x00, 0x02, 0xF4, 0x3F, 0x00, 0x03,
    0xF0, 0x2F, 0x80, 0x0F, 0xD0, 0x0B, 0xFA, 0xBF, 0x40, 0x01, 0xFF, 0xF8, 0x00, 0x00, 0x05, 0x00,
    0x00, 0x00, 0x00, 0x00, 0x00, 0xBF, 0xE0, 0x00, 0xFF, 0xFF, 0x40, 0xF4, 0x0B, 0xF4, 0x00, 0x00,
    0xBE, 0x00, 0x00, 0x0F, 0xC0, 0x00, 0x03, 0xF0, 0x6A, 0xAA, 0xFD, 0x3F, 0xFF, 0xFF, 0x0F, 0xC0,
    0x0F, 0xC3, 0xF0, 0x03, 0xE0, 0xBC, 0x01, 0xF0, 0x0F, 0xD2, 0xF4, 0x00, 0xFF, 0xF4, 0x00, 0x01,
    0x40, 0x00, 0x00, 0x0B, 0xFA, 0x00, 0x00, 0x0F, 0xFF, 0xFE, 0x00, 0x03, 0xF4, 0x07, 0xFC, 0x00,
    0xFC, 0x00, 0x0F, 0xE0, 0x2F, 0x40, 0x00, 0x3F, 0x43, 0xF0, 0x00, 0x02, 0xF8, 0x7F, 0x00, 0x00,
    0x1F, 0xC7, 0xE0, 0x00, 0x01, 0xFC, 0xBF, 0xFF, 0xFF, 0xFF, 0xCB, 0xFF, 0xFF, 0xFF, 0xFC, 0xBE,
    0x00, 0x00, 0x0F, 0xC7, 0xF0, 0x00, 0x01, 0xFC, 0x3F, 0x00, 0x00, 0x1F, 0x83, 0xF4, 0x00, 0x03,
    0xF0, 0x1F, 0xC0, 0x00, 0x7E, 0x00, 0xBF, 0x00, 0x1F, 0xC0, 0x02, 0xFF, 0xAF, 0xF0, 0x00, 0x07,
    0xFF, 0xF4, 0x00, 0x00, 0x01, 0x50, 0x00, 0x00, 0x00, 0x00, 0x00, 0x00, 0x6F, 0xF8, 0x00, 0xFE,
    0xBF, 0xC0, 0xBC, 0x02, 0xFC, 0x7E, 0x00, 0x3F, 0x6F, 0x40, 0x07, 0xEF, 0xD0, 0x01, 0xFF, 0xFF,
    0xFF, 0xFF, 0xFE, 0x55, 0x5F, 0xFF, 0x40, 0x07, 0xE7, 0xE0, 0x02, 0xF4, 0xFD, 0x00, 0xFC, 0x1F,
    0xE5, 0xFC, 0x00, 0xFF, 0xF8, 0x00, 0x01, 0x50, 0x00, 0x00, 0x00, 0x00, 0x00, 0x00, 0x00, 0x3C,
    0x00, 0x00, 0x00, 0xFD, 0x00, 0x00, 0x03, 0xF4, 0x00, 0x00, 0x0F, 0x40, 0x00, 0x00, 0x00, 0x00,
    0x00, 0x00, 0x1B, 0xF8, 0x70, 0x01, 0xFF, 0xFF, 0xF4, 0x07, 0xF4, 0x07, 0xF4, 0x0F, 0xC0, 0x00,
    0xF8, 0x3F, 0x40, 0x00, 0x7C, 0x3F, 0x00, 0x00, 0x3C, 0x7E, 0x00, 0x00, 0x00, 0xBD, 0x00, 0x00,
    0x00, 0xFD, 0x00, 0x00, 0x00, 0xFD, 0x00, 0x00, 0x00, 0xBD, 0x00, 0x00, 0x00, 0xBE, 0x00, 0x00,
    0x00, 0x7F, 0x00, 0x00, 0x00, 0x3F, 0x40, 0x00, 0x00, 0x2F, 0xC0, 0x00, 0x2C, 0x0F, 0xF4, 0x00,
    0xB8, 0x03, 0xFF, 0xAF, 0xE0, 0x00, 0x7F, 0xFF, 0x40, 0x00, 0x03, 0x90, 0x00, 0x00, 0x03, 0xE0,
    0x00, 0x00, 0x01, 0xBC, 0x00, 0x00, 0x00, 0x3C, 0x00, 0x00, 0x1E, 0xFC, 0x00, 0x00, 0x07, 0xE0,
    0x00, 0x00, 0x01, 0x40, 0x00, 0x07, 0xC0, 0x00, 0x0F, 0xC0, 0x00, 0x3F, 0x00, 0x00, 0x74, 0x00,
    0x00, 0x00, 0x00, 0x00, 0x00, 0x00, 0x01, 0xFF, 0x90, 0x0F, 0xEA, 0xF4, 0x2F, 0x40, 0xFC, 0x7E,
    0x00, 0xFC, 0xBD, 0x00, 0xF8, 0xFC, 0x00, 0x00, 0xFC, 0x00, 0x00, 0xFC, 0x00, 0x00, 0xFD, 0x00,
    0x00, 0x7F, 0x00, 0x00, 0x3F, 0x80, 0x2C, 0x1F, 0xFF, 0xF8, 0x07, 0xFF, 0xD0, 0x00, 0x38, 0x00,
    0x00, 0x7A, 0x00, 0x00, 0x1B, 0x80, 0x00, 0x07, 0xC0, 0x02, 0xEF, 0x80, 0x00, 0xBE, 0x00, 0x6A,
    0xAA, 0x94, 0x00, 0x07, 0xFF, 0xFF, 0xFD, 0x00, 0x0B, 0xE0, 0x1B, 0xF8, 0x00, 0x7E, 0x00, 0x0F,
    0xD0, 0x07, 0xE0, 0x00, 0x7F, 0x00, 0x7E, 0x00, 0x03, 0xF8, 0x07, 0xE0, 0x00, 0x1F, 0xC0, 0x7E,
    0x00, 0x01, 0xFC, 0x07, 0xE0, 0x00, 0x0F, 0xC0, 0x7E, 0x00, 0x00, 0xFC, 0x07, 0xE0, 0x00, 0x1F,
    0xC0, 0x7E, 0x00, 0x01, 0xF8, 0x07, 0xE0, 0x00, 0x2F, 0x40, 0x7E, 0x00, 0x03, 0xF0, 0x07, 0xE0,
    0x00, 0xBD, 0x00, 0x7E, 0x00, 0x3F, 0x40, 0x2F, 0xFA, 0xBF, 0xD0, 0x0B, 0xFF, 0xFF, 0x90, 0x00,
    0x00, 0x00, 0x00, 0x00, 0x00, 0x00, 0x00, 0x00, 0x00, 0x00, 0x07, 0xE0, 0x00, 0x00, 0x00, 0xFF,
    0x00, 0x00, 0x00, 0x0B, 0xE0, 0x00, 0x00, 0x00, 0x14, 0x00, 0x00, 0x00, 0x00, 0x00, 0x00, 0x00,
    0x0F, 0xFC, 0x00, 0x00, 0x1B, 0xF0, 0x00, 0x00, 0x0F, 0xC0, 0x00, 0x00, 0x3F, 0x00, 0x00, 0x00,
    0xFC, 0x00, 0x00, 0x03, 0xF0, 0x00, 0x7F, 0xEF, 0xC0, 0x0F, 0xFF, 0xFF, 0x00, 0xBD, 0x01, 0xFC,
    0x07, 0xE0, 0x03, 0xF0, 0x2F, 0x40, 0x0F, 0xC0, 0xFC, 0x00, 0x3F, 0x03, 0xF0, 0x00, 0xFC, 0x0F,
    0xC0, 0x03, 0xF0, 0x3F, 0x40, 0x0F, 0xC0, 0xBE, 0x00, 0x3F, 0x01, 0xFC, 0x02, 0xFC, 0x02, 0xFE,
    0xBE, 0xF9, 0x02, 0xFF, 0xC7, 0xFC, 0x00, 0x50, 0x00, 0x00, 0x00, 0x00, 0x00, 0x00, 0x03, 0xF4,
    0x00, 0x00, 0x0F, 0xE0, 0x00, 0x00, 0x3F, 0x40, 0x00, 0x00, 0x10, 0x00, 0x00, 0x6A, 0xAA, 0x94,
    0x00, 0x07, 0xFF, 0xFF, 0xFD, 0x00, 0x0B, 0xE0, 0x1B, 0xF8, 0x00, 0x7E, 0x00, 0x0F, 0xD0, 0x07,
    0xE0, 0x00, 0x7F, 0x00, 0x7E, 0x00, 0x03, 0xF8, 0x07, 0xE0, 0x00, 0x1F, 0xC0, 0x7E, 0x00, 0x01,
    0xFC, 0x07, 0xE0, 0x00, 0x0F, 0xC0, 0x7E, 0x00, 0x00, 0xFC, 0x07, 0xE0, 0x00, 0x1F, 0xC0, 0x7E,
    0x00, 0x01, 0xF8, 0x07, 0xE0, 0x00, 0x2F, 0x40, 0x7E, 0x00, 0x03, 0xF0, 0x07, 0xE0, 0x00, 0xBD,
    0x00, 0x7E, 0x00, 0x3F, 0x40, 0x2F, 0xFA, 0xBF, 0xD0, 0x0B, 0xFF, 0xFF, 0x90, 0x00, 0x00, 0x00,
    0x00, 0x00, 0x00, 0x00, 0x00, 0x00, 0x00, 0x00, 0xBF, 0xFE, 0x00, 0x00, 0x0B, 0xFF, 0xE0, 0x00,
    0x00, 0x00, 0x00, 0x00, 0x00, 0x00, 0x00, 0x00, 0x00, 0x00, 0x0F, 0xFC, 0x00, 0x00, 0x1B, 0xF0,
    0x00, 0x00, 0x0F, 0xC0, 0x00, 0x00, 0x3F, 0x00, 0x00, 0x00, 0xFC, 0x00, 0x00, 0x03, 0xF0, 0x00,
    0x7F, 0xEF, 0xC0, 0x0F, 0xFF, 0xFF, 0x00, 0xBD, 0x01, 0xFC, 0x07, 0xE0, 0x03, 0xF0, 0x2F, 0x40,
    0x0F, 0xC0, 0xFC, 0x00, 0x3F, 0x03, 0xF0, 0x00, 0xFC, 0x0F, 0xC0, 0x03, 0xF0, 0x3F, 0x40, 0x0F,
    0xC0, 0xBE, 0x00, 0x3F, 0x01, 0xFC, 0x02, 0xFC, 0x02, 0xFE, 0xBE, 0xF9, 0x02, 0xFF, 0xC7, 0xFC,
    0x00, 0x50, 0x00, 0x00, 0x00, 0x00, 0x00, 0x00, 0x3F, 0xFF, 0x40, 0x00, 0xFF, 0xFD, 0x00, 0x00,
    0x00, 0x00, 0x00, 0x00, 0x00, 0x00, 0x00, 0x0F, 0x00, 0x00, 0x00, 0xFD, 0x00, 0x00, 0x07, 0xF4,
    0x00, 0x00, 0x06, 0xC0, 0x00, 0x00, 0x00, 0x00, 0x00, 0x00, 0x00, 0x00, 0x2F, 0xFF, 0xC0, 0x02,
    0xFF, 0xFC, 0x00, 0x00, 0x00, 0x00, 0x00, 0x00, 0x00, 0x06, 0xAA, 0xAA, 0xA4, 0x7F, 0xFF, 0xFF,
    0x80, 0xBE, 0x00, 0xBC, 0x07, 0xE0, 0x03, 0xC0, 0x7E, 0x00, 0x1D, 0x07, 0xE0, 0x00, 0x00, 0x7E,
    0x01, 0xC0, 0x07, 0xE0, 0x2C, 0x00, 0x7F, 0xFF, 0xC0, 0x07, 0xFF, 0xFC, 0x00, 0x7E, 0x03, 0xC0,
    0x07, 0xE0, 0x1C, 0x00, 0x7E, 0x00, 0x00, 0x07, 0xE0, 0x00, 0xA0, 0x7E, 0x00, 0x0F, 0x07, 0xE0,
    0x02, 0xE2, 0xFF, 0xAA, 0xFE, 0xBF, 0xFF, 0xFF, 0xD0, 0x00, 0x00, 0x00, 0x03, 0xD0, 0x00, 0x03,
    0xF8, 0x00, 0x00, 0xBE, 0x00, 0x00, 0x0B, 0x40, 0x00, 0x00, 0x00, 0x00, 0x00, 0x00, 0x07, 0xFF,
    0xE0, 0x0B, 0xFF, 0xF0, 0x00, 0x00, 0x00, 0x00, 0x00, 0x00, 0x00, 0x00, 0x00, 0x01, 0xFF, 0x80,
    0x0F, 0xE7, 0xF4, 0x2F, 0x00, 0xFC, 0x7D, 0x00, 0xBC, 0xBC, 0x00, 0xBD, 0xFE, 0xAA, 0xFC, 0xFF,
    0xFF, 0xFC, 0xFC, 0x00, 0x00, 0xFD, 0x00, 0x00, 0x7F, 0x00, 0x00, 0x3F, 0x80, 0x2C, 0x1F, 0xFF,
    0xF8, 0x07, 0xFF, 0xD0, 0x00, 0x14, 0x00, 0x00, 0x00, 0x00, 0x00, 0x00, 0x1F, 0x00, 0x00, 0x07,
    0xF0, 0x00, 0x01, 0xFD, 0x00, 0x00, 0x78, 0x00, 0x00, 0x00, 0x00, 0x00, 0x00, 0x00, 0x00, 0x00,
    0x2F, 0xFF, 0xC0, 0x02, 0xFF, 0xFC, 0x00, 0x00, 0x00, 0x00, 0x00, 0x00, 0x00, 0x06, 0xAA, 0xAA,
    0xA4, 0x7F, 0xFF, 0xFF, 0x80, 0xBE, 0x00, 0xBC, 0x07, 0xE0, 0x03, 0xC0, 0x7E, 0x00, 0x1D, 0x07,
    0xE0, 0x00, 0x00, 0x7E, 0x01, 0xC0, 0x07, 0xE0, 0x2C, 0x00, 0x7F, 0xFF, 0xC0, 0x07, 0xFF, 0xFC,
    0x00, 0x7E, 0x03, 0xC0, 0x07, 0xE0, 0x1C, 0x00, 0x7E, 0x00, 0x00, 0x07, 0xE0, 0x00, 0xA0, 0x7E,
    0x00, 0x0F, 0x07, 0xE0, 0x02, 0xE2, 0xFF, 0xAA, 0xFE, 0xBF, 0xFF, 0xFF, 0xD0, 0x00, 0x00, 0x00,
    0x00, 0x0B, 0x80, 0x00, 0x2F, 0x80, 0x00, 0xBE, 0x00, 0x02, 0xE0, 0x00, 0x00, 0x00, 0x00, 0x00,
    0x00, 0x00, 0x07, 0xFF, 0xE0, 0x0B, 0xFF, 0xF0, 0x00, 0x00, 0x00, 0x00, 0x00, 0x00, 0x00, 0x00,
    0x00, 0x01, 0xFF, 0x80, 0x0F, 0xE7, 0xF4, 0x2F, 0x00, 0xFC, 0x7D, 0x00, 0xBC, 0xBC, 0x00, 0xBD,
    0xFE, 0xAA, 0xFC, 0xFF, 0xFF, 0xFC, 0xFC, 0x00, 0x00, 0xFD, 0x00, 0x00, 0x7F, 0x00, 0x00, 0x3F,
    0x80, 0x2C, 0x1F, 0xFF, 0xF8, 0x07, 0xFF, 0xD0, 0x00, 0x14, 0x00, 0x01, 0x00, 0x04, 0x00, 0x38,
    0x00, 0xC0, 0x02, 0xD0, 0x7C, 0x00, 0x0F, 0xFF, 0x40, 0x00, 0x7F, 0xD0, 0x00, 0x00, 0x00, 0x00,
    0x6A, 0xAA, 0xAA, 0x47, 0xFF, 0xFF, 0xF8, 0x0B, 0xE0, 0x0B, 0xC0, 0x7E, 0x00, 0x3C, 0x07, 0xE0,
    0x01, 0xD0, 0x7E, 0x00, 0x00, 0x07, 0xE0, 0x1C, 0x00, 0x7E, 0x02, 0xC0, 0x07, 0xFF, 0xFC, 0x00,
    0x7F, 0xFF, 0xC0, 0x07, 0xE0, 0x3C, 0x00, 0x7E, 0x01, 0xC0, 0x07, 0xE0, 0x00, 0x00, 0x7E, 0x00,
    0x0A, 0x07, 0xE0, 0x00, 0xF0, 0x7E, 0x00, 0x2E, 0x2F, 0xFA, 0xAF, 0xEB, 0xFF, 0xFF, 0xFD, 0x00,
    0x0A, 0x00, 0x00, 0x00, 0xF8, 0x00, 0x00, 0x06, 0xF0, 0x00, 0x00, 0x0F, 0x00, 0x00, 0x3B, 0xF0,
    0x00, 0x01, 0xF8, 0x00, 0x00, 0x00, 0x10, 0x0A, 0x00, 0x70, 0x07, 0x40, 0xE0, 0x03, 0xFF, 0xC0,
    0x01, 0xFF, 0x40, 0x00, 0x14, 0x00, 0x00, 0x00, 0x00, 0x01, 0xFF, 0x80, 0x0F, 0xE7, 0xF4, 0x2F,
    0x00, 0xFC, 0x7D, 0x00, 0xBC, 0xBC, 0x00, 0xBD, 0xFE, 0xAA, 0xFC, 0xFF, 0xFF, 0xFC, 0xFC, 0x00,
    0x00, 0xFD, 0x00, 0x00, 0xBF, 0x00, 0x00, 0x3F, 0x80, 0x2C, 0x1F, 0xFF, 0xF8, 0x07, 0xFF, 0xD0,
    0x00, 0x38, 0x00, 0x00, 0x3E, 0x00, 0x00, 0x1B, 0x80, 0x00, 0x03, 0xC0, 0x01, 0xEF, 0x80, 0x00,
    0xBE, 0x00, 0x00, 0x7F, 0xFF, 0x00, 0x00, 0x07, 0xFF, 0xF0, 0x00, 0x00, 0x00, 0x00, 0x00, 0x00,
    0x00, 0x00, 0x00, 0x00, 0x00, 0x1B, 0xF8, 0x30, 0x00, 0x1F, 0xFF, 0xFB, 0x40, 0x07, 0xF4, 0x07,
    0xF8, 0x00, 0xFC, 0x00, 0x0F, 0xC0, 0x3F, 0x40, 0x00, 0x3C, 0x03, 0xF0, 0x00, 0x02, 0xC0, 0x7E,
    0x00, 0x00, 0x00, 0x0B, 0xE0, 0x00, 0x00, 0x00, 0xFD, 0x00, 0x00, 0x00, 0x0F, 0xD0, 0x00, 0x55,
    0x54, 0xBD, 0x00, 0x0F, 0xFF, 0xCB, 0xE0, 0x00, 0x0F, 0xD0, 0x7F, 0x00, 0x00, 0xBC, 0x03, 0xF4,
    0x00, 0x0B, 0xC0, 0x2F, 0xC0, 0x00, 0xBC, 0x00, 0xFF, 0x00, 0x1F, 0xC0, 0x03, 0xFF, 0xAF, 0xFC,
    0x00, 0x0B, 0xFF, 0xE2, 0xC0, 0x00, 0x01, 0x40, 0x00, 0x00, 0x03, 0xFF, 0xF4, 0x00, 0x0F, 0xFF,
    0xD0, 0x00, 0x00, 0x00, 0x00, 0x00, 0x00, 0x00, 0x78, 0x00, 0x00, 0x07, 0xF4, 0x07, 0xFF, 0x77,
    0xC0, 0xBE, 0x6F, 0xC0, 0x07, 0xD0, 0x1F, 0x80, 0x3F, 0x00, 0x3F, 0x00, 0xFC, 0x00, 0xFC, 0x03,
    0xF0, 0x03, 0xF0, 0x07, 0xF0, 0x2F, 0x40, 0x0B, 0xFF, 0xF8, 0x00, 0x1E, 0xBA, 0x00, 0x00, 0xF0,
    0x00, 0x00, 0x0B, 0xD0, 0x00, 0x00, 0x1F, 0xFF, 0xFF, 0x40, 0x1F, 0xFF, 0xFF, 0x01, 0xF5, 0x55,
    0xFD, 0x0F, 0x40, 0x02, 0xF4, 0x7D, 0x00, 0x0B, 0xC1, 0xFC, 0x00, 0xBE, 0x02, 0xFF, 0xFF, 0xE0,
    0x00, 0x6A, 0xA4, 0x00, 0x6A, 0xA9, 0x01, 0xAA, 0xA5, 0xFF, 0xF8, 0x0B, 0xFF, 0xD0, 0xBE, 0x00,
    0x02, 0xF8, 0x01, 0xF8, 0x00, 0x0B, 0xD0, 0x07, 0xE0, 0x00, 0x2F, 0x40, 0x1F, 0x80, 0x00, 0xBD,
    0x00, 0x7E, 0x00, 0x02, 0xF4, 0x01, 0xF8, 0x00, 0x0B, 0xD0, 0x07, 0xFF, 0xFF, 0xFF, 0x40, 0x1F,
    0xFF, 0xFF, 0xFD, 0x00, 0x7E, 0x00, 0x02, 0xF4, 0x01, 0xF8, 0x00, 0x0B, 0xD0, 0x07, 0xE0, 0x00,
    0x2F, 0x40, 0x1F, 0x80, 0x00, 0xBD, 0x00, 0x7E, 0x00, 0x02, 0xF4, 0x01, 0xF8, 0x00, 0x0B, 0xD0,
    0x2F, 0xF9, 0x01, 0xBF, 0xE2, 0xFF, 0xF8, 0x0B, 0xFF, 0xE0, 0x00, 0x00, 0x00, 0x00, 0x00, 0x00,
    0x00, 0x00, 0x00, 0x00, 0x00, 0xFC, 0x00, 0x00, 0x00, 0x07, 0xF4, 0x00, 0x00, 0x00, 0x0F, 0xC0,
    0x00, 0x00, 0x00, 0x04, 0x00, 0x00, 0x00, 0x00, 0x00, 0x00, 0x0F, 0xFC, 0x00, 0x00, 0x02, 0xFF,
    0x00, 0x00, 0x00, 0x0F, 0xC0, 0x00, 0x00, 0x03, 0xF0, 0x00, 0x00, 0x00, 0xFC, 0x00, 0x00, 0x00,
    0x3F, 0x00, 0x00, 0x00, 0x0F, 0xC7, 0xFD, 0x00, 0x03, 0xFB, 0xFF, 0xD0, 0x00, 0xFF, 0x41, 0xFC,
    0x00, 0x3F, 0x40, 0x3F, 0x00, 0x0F, 0xC0, 0x0B, 0xC0, 0x03, 0xF0, 0x02, 0xF0, 0x00, 0xFC, 0x00,
    0xBC, 0x00, 0x3F, 0x00, 0x2F, 0x00, 0x0F, 0xC0, 0x0B, 0xC0, 0x03, 0xF0, 0x02, 0xF0, 0x00, 0xFC,
    0x00, 0xBC, 0x01, 0xBF, 0x80, 0x7F, 0x90, 0xFF, 0xF8, 0x7F, 0xFC, 0x00, 0x00, 0x00, 0x00, 0x00,
    0x00, 0x00, 0x00, 0x00, 0x00, 0x3F, 0x00, 0x00, 0x00, 0x1F, 0xD0, 0x00, 0x00, 0x03, 0xF0, 0x00,
    0x00, 0x00, 0x10, 0x00, 0x00, 0x6A, 0xA9, 0x01, 0xAA, 0xA5, 0xFF, 0xF8, 0x0B, 0xFF, 0xD0, 0xBE,
    0x00, 0x02, 0xF8, 0x01, 0xF8, 0x00, 0x0B, 0xD0, 0x07, 0xE0, 0x00, 0x2F, 0x40, 0x1F, 0x80, 0x00,
    0xBD, 0x00, 0x7E, 0x00, 0x02, 0xF4, 0x01, 0xF8, 0x00, 0x0B, 0xD0, 0x07, 0xFF, 0xFF, 0xFF, 0x40,
    0x1F, 0xFF, 0xFF, 0xFD, 0x00, 0x7E, 0x00, 0x02, 0xF4, 0x01, 0xF8, 0x00, 0x0B, 0xD0, 0x07, 0xE0,
    0x00, 0x2F, 0x40, 0x1F, 0x80, 0x00, 0xBD, 0x00, 0x7E, 0x00, 0x02, 0xF4, 0x01, 0xF8, 0x00, 0x0B,
    0xD0, 0x2F, 0xF9, 0x01, 0xBF, 0xE2, 0xFF, 0xF8, 0x0B, 0xFF, 0xE0, 0x00, 0x00, 0x00, 0x00, 0x00,
    0x01, 0x00, 0x20, 0x00, 0x00, 0x0D, 0x01, 0xC0, 0x00, 0x00, 0x3E, 0x6F, 0x00, 0x00, 0x00, 0x7F,
    0xF0, 0x00, 0x00, 0x00, 0x2A, 0x00, 0x00, 0x00, 0x00, 0x00, 0x00, 0x0F, 0xFC, 0x00, 0x00, 0x02,
    0xFF, 0x00, 0x00, 0x00, 0x0F, 0xC0, 0x00, 0x00, 0x03, 0xF0, 0x00, 0x00, 0x00, 0xFC, 0x00, 0x00,
    0x00, 0x3F, 0x00, 0x00, 0x00, 0x0F, 0xC7, 0xFD, 0x00, 0x03, 0xFB, 0xFF, 0xD0, 0x00, 0xFF, 0x41,
    0xFC, 0x00, 0x3F, 0x40, 0x3F, 0x00, 0x0F, 0xC0, 0x0B, 0xC0, 0x03, 0xF0, 0x02, 0xF0, 0x00, 0xFC,
    0x00, 0xBC, 0x00, 0x3F, 0x00, 0x2F, 0x00, 0x0F, 0xC0, 0x0B, 0xC0, 0x03, 0xF0, 0x02, 0xF0, 0x00,
    0xFC, 0x00, 0xBC, 0x01, 0xBF, 0x80, 0x7F, 0x90, 0xFF, 0xF8, 0x7F, 0xFC, 0x00, 0x00, 0x00, 0x00,
    0x00, 0x08, 0x00, 0x40, 0x00, 0x03, 0x40, 0x70, 0x00, 0x00, 0xF9, 0xBC, 0x00, 0x00, 0x1F, 0xFD,
    0x00, 0x00, 0x00, 0xA8, 0x00, 0x00, 0x00, 0x00, 0x00, 0x01, 0xF0, 0x00, 0x7F, 0x00, 0x2F, 0xD0,
    0x07, 0x80, 0x00, 0x00, 0x00, 0x2E, 0x07, 0x87, 0xF0, 0xFD, 0x3F, 0x0F, 0xD1, 0x90, 0x24, 0x00,
    0x00, 0x01, 0xAA, 0xA4, 0x1F, 0xFF, 0xC0, 0x2F, 0xC0, 0x01, 0xF8, 0x00, 0x1F, 0x80, 0x01, 0xF8,
    0x00, 0x1F, 0x80, 0x01, 0xF8, 0x00, 0x1F, 0x80, 0x01, 0xF8, 0x00, 0x1F, 0x80, 0x01, 0xF8, 0x00,
    0x1F, 0x80, 0x01, 0xF8, 0x00, 0x1F, 0x80, 0x01, 0xF8, 0x00, 0xBF, 0xE4, 0x2F, 0xFF, 0xC0, 0x00,
    0x00, 0x00, 0x0B, 0x80, 0x0B, 0xE0, 0x0F, 0xE0, 0x0B, 0x40, 0x00, 0x00, 0x02, 0x80, 0xA3, 0xF8,
    0xBF, 0xBE, 0x1F, 0xC9, 0x01, 0x80, 0x00, 0x00, 0x00, 0x00, 0x0A, 0xB8, 0x03, 0xFF, 0x00, 0x0F,
    0xC0, 0x03, 0xF0, 0x00, 0xFC, 0x00, 0x3F, 0x00, 0x0F, 0xC0, 0x03, 0xF0, 0x00, 0xFC, 0x00, 0x3F,
    0x00, 0x0F, 0xC0, 0x1B, 0xF9, 0x0F, 0xFF, 0xC0, 0x6A, 0xAA, 0x00, 0x07, 0xFF, 0xF0, 0x00, 0x0B,
    0xE0, 0x00, 0x00, 0x7E, 0x00, 0x00, 0x07, 0xE0, 0x00, 0x00, 0x7E, 0x00, 0x00, 0x07, 0xE0, 0x00,
    0x00, 0x7E, 0x00, 0x00, 0x07, 0xE0, 0x00, 0x00, 0x7E, 0x00, 0x00, 0x07, 0xE0, 0x00, 0x00, 0x7E,
    0x00, 0x00, 0x07, 0xE0, 0x00, 0x90, 0x7E, 0x00, 0x1E, 0x07, 0xE0, 0x02, 0xD0, 0x7E, 0x00, 0x7D,
    0x2F, 0xFA, 0xBF, 0xCB, 0xFF, 0xFF, 0xFC, 0x00, 0x00, 0x00, 0x00, 0x00, 0x00, 0x00, 0x00, 0x1F,
    0xC0, 0x00, 0x02, 0xFC, 0x00, 0x00, 0x1F, 0xC0, 0x00, 0x00, 0x10, 0x00, 0x00, 0x00, 0x3F, 0xF0,
    0x2F, 0xF0, 0x03, 0xF0, 0x03, 0xF0, 0x03, 0xF0, 0x03, 0xF0, 0x03, 0xF0, 0x03, 0xF0, 0x03, 0xF0,
    0x03, 0xF0, 0x03, 0xF0, 0x03, 0xF0, 0x03, 0xF0, 0x03, 0xF0, 0x03, 0xF0, 0x03, 0xF0, 0x03, 0xF0,
    0x1B, 0xF9, 0x3F, 0xFF, 0x00, 0x00, 0x00, 0x00, 0x03, 0xF0, 0x07, 0xF4, 0x03, 0xF0, 0x00, 0x40,
    0xBF, 0xFF, 0x00, 0x0B, 0xFF, 0xF0, 0x00, 0x00, 0x00, 0x00, 0x00, 0x00, 0x00, 0x00, 0x6A, 0xAA,
    0x00, 0x07, 0xFF, 0xF0, 0x00, 0x0B, 0xE0, 0x00, 0x00, 0x7E, 0x00, 0x00, 0x07, 0xE0, 0x00, 0x00,
    0x7E, 0x00, 0x00, 0x07, 0xE0, 0x00, 0x00, 0x7E, 0x00, 0x00, 0x07, 0xE0, 0x00, 0x00, 0x7E, 0x00,
    0x00, 0x07, 0xE0, 0x00, 0x00, 0x7E, 0x00, 0x00, 0x07, 0xE0, 0x00, 0x90, 0x7E, 0x00, 0x1E, 0x07,
    0xE0, 0x02, 0xD0, 0x7E, 0x00, 0x7D, 0x2F, 0xFA, 0xBF, 0xCB, 0xFF, 0xFF, 0xFC, 0x00, 0x00, 0x00,
    0x00, 0x00, 0x00, 0x00, 0x00, 0x1F, 0xC0, 0x00, 0x02, 0xFC, 0x00, 0x00, 0x1F, 0xC0, 0x00, 0x00,
    0x10, 0x00, 0x3F, 0xFF, 0x4F, 0xFF, 0xD0, 0x00, 0x00, 0x00, 0x00, 0x0F, 0xFC, 0x02, 0xFF, 0x00,
    0x0F, 0xC0, 0x03, 0xF0, 0x00, 0xFC, 0x00, 0x3F, 0x00, 0x0F, 0xC0, 0x03, 0xF0, 0x00, 0xFC, 0x00,
    0x3F, 0x00, 0x0F, 0xC0, 0x03, 0xF0, 0x00, 0xFC, 0x00, 0x3F, 0x00, 0x0F, 0xC0, 0x03, 0xF0, 0x00,
    0xFC, 0x01, 0xBF, 0x90, 0xFF, 0xFC, 0x00, 0x00, 0x00, 0x00, 0x00, 0x3F, 0x00, 0x1F, 0xD0, 0x03,
    0xF0, 0x00, 0x10, 0x00, 0x6A, 0xAA, 0x00, 0x07, 0xFF, 0xF0, 0x00, 0x0B, 0xE0, 0x00, 0x00, 0x7E,
    0x00, 0x00, 0x07, 0xE0, 0x00, 0x00, 0x7E, 0x00, 0x00, 0x07, 0xE0, 0x00, 0x00, 0x7E, 0x00, 0x00,
    0x07, 0xE0, 0x00, 0x00, 0x7E, 0x00, 0x00, 0x07, 0xE0, 0x00, 0x00, 0x7E, 0x00, 0x00, 0x07, 0xE0,
    0x00, 0x90, 0x7E, 0x00, 0x1E, 0x07, 0xE0, 0x02, 0xD0, 0x7E, 0x00, 0x7D, 0x2F, 0xFA, 0xBF, 0xCB,
    0xFF, 0xFF, 0xFC, 0x00, 0x00, 0x00, 0x00, 0x00, 0x00, 0x00, 0x01, 0xFF, 0xFC, 0x00, 0x1F, 0xFF,
    0xC0, 0x00, 0x00, 0x00, 0x00, 0x00, 0x00, 0x0F, 0xFC, 0x02, 0xFF, 0x00, 0x0F, 0xC0, 0x03, 0xF0,
    0x00, 0xFC, 0x00, 0x3F, 0x00, 0x0F, 0xC0, 0x03, 0xF0, 0x00, 0xFC, 0x00, 0x3F, 0x00, 0x0F, 0xC0,
    0x03, 0xF0, 0x00, 0xFC, 0x00, 0x3F, 0x00, 0x0F, 0xC0, 0x03, 0xF0, 0x00, 0xFC, 0x01, 0xBF, 0x90,
    0xFF, 0xFC, 0x00, 0x00, 0x00, 0x00, 0x03, 0xFF, 0xF0, 0xFF, 0xFC, 0x00, 0x00, 0x00, 0x1A, 0xA8,
    0x00, 0x00, 0xAA, 0x90, 0xFF, 0xF8, 0x00, 0x07, 0xFF, 0xC0, 0x3F, 0xF0, 0x00, 0x3F, 0xF0, 0x00,
    0xFF, 0xD0, 0x00, 0xFF, 0x80, 0x03, 0xDF, 0x80, 0x0B, 0x7E, 0x00, 0x0F, 0x3F, 0x00, 0x3C, 0xFC,
    0x00, 0x3C, 0xBD, 0x01, 0xD3, 0xF0, 0x00, 0xF0, 0xF8, 0x0B, 0x0F, 0xC0, 0x03, 0xC3, 0xF0, 0x38,
    0x3F, 0x00, 0x0F, 0x07, 0xD1, 0xD0, 0xFC, 0x00, 0x3C, 0x0F, 0xCF, 0x03, 0xF0, 0x00, 0xE0, 0x2F,
    0x78, 0x0F, 0xC0, 0x07, 0x80, 0x7F, 0xC0, 0x2F, 0x00, 0x1E, 0x00, 0xFF, 0x00, 0xBD, 0x00, 0x78,
    0x02, 0xF4, 0x02, 0xF4, 0x01, 0xE0, 0x00, 0x00, 0x0B, 0xD0, 0x2F, 0xE4, 0x00, 0x01, 0xBF, 0xE2,
    0xFF, 0xE0, 0x00, 0x0F, 0xFF, 0xE0, 0x00, 0x00, 0x00, 0x00, 0x00, 0x00, 0x00, 0x00, 0x00, 0x00,
    0x00, 0x00, 0x00, 0x1F, 0x80, 0x00, 0x00, 0x00, 0x00, 0xFF, 0x00, 0x00, 0x00, 0x00, 0x02, 0xF8,
    0x00, 0x00, 0x00, 0x00, 0x01, 0x40, 0x00, 0x00, 0x00, 0x00, 0x00, 0x00, 0x00, 0x02, 0xBD, 0x1F,
    0xF4, 0x1F, 0xF4, 0x0F, 0xFA, 0xFF, 0xF2, 0xFF, 0xF0, 0x03, 0xFD, 0x0B, 0xFD, 0x0B, 0xE0, 0x0F,
    0xD0, 0x0F, 0xD0, 0x0F, 0xC0, 0x3F, 0x00, 0x3F, 0x00, 0x3F, 0x00, 0xFC, 0x00, 0xFC, 0x00, 0xFC,
    0x03, 0xF0, 0x03, 0xF0, 0x03, 0xF0, 0x0F, 0xC0, 0x0F, 0xC0, 0x0F, 0xC0, 0x3F, 0x00, 0x3F, 0x00,
    0x3F, 0x00, 0xFC, 0x00, 0xFC, 0x00, 0xFC, 0x03, 0xF0, 0x03, 0xF0, 0x03, 0xF0, 0x6F, 0xE0, 0x2F,
    0xE0, 0x2F, 0xE6, 0xFF, 0xE2, 0xFF, 0xE2, 0xFF, 0xE0, 0x00, 0x00, 0x00, 0x00, 0x00, 0x00, 0x00,
    0x00, 0x00, 0x00, 0x00, 0x00, 0x00, 0x0F, 0xC0, 0x00, 0x00, 0x00, 0x00, 0x7F, 0x40, 0x00, 0x00,
    0x00, 0x00, 0xFC, 0x00, 0x00, 0x00, 0x00, 0x00, 0x40, 0x00, 0x00, 0x00, 0x00, 0xF8, 0x00, 0x00,
    0x00, 0x0B, 0xF0, 0x00, 0x00, 0x00, 0x2F, 0xC0, 0x00, 0x00, 0x00, 0x29, 0x00, 0x00, 0x00, 0x00,
    0x00, 0x00, 0x01, 0xAA, 0x80, 0x01, 0xAA, 0x87, 0xFF, 0xC0, 0x0B, 0xFF, 0x42, 0xFF, 0x40, 0x03,
    0xE0, 0x07, 0xFF, 0x00, 0x0B, 0x40, 0x1E, 0xFE, 0x00, 0x2D, 0x00, 0x79, 0xFC, 0x00, 0xB4, 0x01,
    0xE2, 0xFC, 0x02, 0xD0, 0x07, 0x83, 0xF4, 0x0B, 0x40, 0x1E, 0x07, 0xF0, 0x2D, 0x00, 0x78, 0x0F,
    0xE0, 0xB4, 0x01, 0xE0, 0x1F, 0xC2, 0xD0, 0x07, 0x80, 0x2F, 0x8B, 0x40, 0x1E, 0x00, 0x3F, 0x6D,
    0x00, 0x78, 0x00, 0x7F, 0xB4, 0x01, 0xE0, 0x00, 0xFF, 0xD0, 0x07, 0x80, 0x01, 0xFF, 0x40, 0xBF,
    0x90, 0x02, 0xFD, 0x0B, 0xFF, 0x80, 0x03, 0xF4, 0x00, 0x00, 0x0B, 0x80, 0x00, 0x00, 0x1F, 0xD0,
    0x00, 0x00, 0x1F, 0xD0, 0x00, 0x00, 0x06, 0x40, 0x00, 0x00, 0x00, 0x00, 0x00, 0x00, 0x00, 0x00,
    0x00, 0xAF, 0x47, 0xFD, 0x00, 0xFF, 0xAF, 0xFF, 0x40, 0x0F, 0xF4, 0x1F, 0xC0, 0x0F, 0xD0, 0x0F,
    0xC0, 0x0F, 0xC0, 0x0B, 0xC0, 0x0F, 0xC0, 0x0B, 0xC0, 0x0F, 0xC0, 0x0B, 0xC0, 0x0F, 0xC0, 0x0B,
    0xC0, 0x0F, 0xC0, 0x0B, 0xC0, 0x0F, 0xC0, 0x0B, 0xC0, 0x0F, 0xC0, 0x0B, 0xC0, 0x6F, 0xE4, 0x1F,
    0xE4, 0xBF, 0xF8, 0x7F, 0xFC, 0x6A, 0xA0, 0x00, 0x6A, 0xA1, 0xFF, 0xF0, 0x02, 0xFF, 0xD0, 0xBF,
    0xD0, 0x00, 0xF8, 0x01, 0xFF, 0xC0, 0x02, 0xD0, 0x07, 0xBF, 0x80, 0x0B, 0x40, 0x1E, 0x7F, 0x00,
    0x2D, 0x00, 0x78, 0xBF, 0x00, 0xB4, 0x01, 0xE0, 0xFD, 0x02, 0xD0, 0x07, 0x81, 0xFC, 0x0B, 0x40,
    0x1E, 0x03, 0xF8, 0x2D, 0x00, 0x78, 0x07, 0xF0, 0xB4, 0x01, 0xE0, 0x0B, 0xE2, 0xD0, 0x07, 0x80,
    0x0F, 0xDB, 0x40, 0x1E, 0x00, 0x1F, 0xED, 0x00, 0x78, 0x00, 0x3F, 0xF4, 0x01, 0xE0, 0x00, 0x7F,
    0xD0, 0x2F, 0xE4, 0x00, 0xBF, 0x42, 0xFF, 0xE0, 0x00, 0xFD, 0x00, 0x00, 0x00, 0x00, 0x00, 0x00,
    0x00, 0x00, 0x00, 0x00, 0x00, 0x01, 0xFC, 0x00, 0x00, 0x00, 0x0B, 0xF0, 0x00, 0x00, 0x00, 0x1F,
    0xC0, 0x00, 0x00, 0x00, 0x04, 0x00, 0x00, 0x00, 0x00, 0x00, 0x00, 0xAF, 0x47, 0xFD, 0x00, 0xFF,
    0xAF, 0xFF, 0x40, 0x0F, 0xF4, 0x1F, 0xC0, 0x0F, 0xD0, 0x0F, 0xC0, 0x0F, 0xC0, 0x0B, 0xC0, 0x0F,
    0xC0, 0x0B, 0xC0, 0x0F, 0xC0, 0x0B, 0xC0, 0x0F, 0xC0, 0x0B, 0xC0, 0x0F, 0xC0, 0x0B, 0xC0, 0x0F,
    0xC0, 0x0B, 0xC0, 0x0F, 0xC0, 0x0B, 0xC0, 0x6F, 0xE4, 0x1F, 0xE4, 0xBF, 0xF8, 0x7F, 0xFC, 0x00,
    0x00, 0x00, 0x00, 0x00, 0x00, 0x00, 0x00, 0x00, 0x0F, 0xC0, 0x00, 0x00, 0x1F, 0xE0, 0x00, 0x00,
    0x0F, 0xD0, 0x00, 0x00, 0x01, 0x00, 0x00, 0x6A, 0xA0, 0x00, 0x6A, 0xA1, 0xFF, 0xF0, 0x02, 0xFF,
    0xD0, 0xBF, 0xD0, 0x00, 0xF8, 0x01, 0xFF, 0xC0, 0x02, 0xD0, 0x07, 0xBF, 0x80, 0x0B, 0x40, 0x1E,
    0x7F, 0x00, 0x2D, 0x00, 0x78, 0xBF, 0x00, 0xB4, 0x01, 0xE0, 0xFD, 0x02, 0xD0, 0x07, 0x81, 0xFC,
    0x0B, 0x40, 0x1E, 0x03, 0xF8, 0x2D, 0x00, 0x78, 0x07, 0xF0, 0xB4, 0x01, 0xE0, 0x0B, 0xE2, 0xD0,
    0x07, 0x80, 0x0F, 0xDB, 0x40, 0x1E, 0x00, 0x1F, 0xED, 0x00, 0x78, 0x00, 0x3F, 0xF4, 0x01, 0xE0,
    0x00, 0x7F, 0xD0, 0x2F, 0xE4, 0x00, 0xBF, 0x42, 0xFF, 0xE0, 0x00, 0xFD, 0x00, 0x00, 0x00, 0x00,
    0x00, 0x00, 0x00, 0x00, 0x00, 0x00, 0x00, 0x1F, 0xFF, 0xC0, 0x00, 0x00, 0x7F, 0xFF, 0x00, 0x00,
    0x00, 0x00, 0x00, 0x00, 0x00, 0x00, 0x00, 0x00, 0x00, 0xAF, 0x47, 0xFD, 0x00, 0xFF, 0xAF, 0xFF,
    0x40, 0x0F, 0xF4, 0x1F, 0xC0, 0x0F, 0xD0, 0x0F, 0xC0, 0x0F, 0xC0, 0x0B, 0xC0, 0x0F, 0xC0, 0x0B,
    0xC0, 0x0F, 0xC0, 0x0B, 0xC0, 0x0F, 0xC0, 0x0B, 0xC0, 0x0F, 0xC0, 0x0B, 0xC0, 0x0F, 0xC0, 0x0B,
    0xC0, 0x0F, 0xC0, 0x0B, 0xC0, 0x6F, 0xE4, 0x1F, 0xE4, 0xBF, 0xF8, 0x7F, 0xFC, 0x00, 0x00, 0x00,
    0x00, 0x00, 0x00, 0x00, 0x00, 0x00, 0xFF, 0xFC, 0x00, 0x00, 0xFF, 0xFD, 0x00, 0x00, 0x00, 0x00,
    0x00, 0x00, 0x00, 0x00, 0x00, 0x00, 0x00, 0x0F, 0x00, 0x00, 0x00, 0x0F, 0xD0, 0x00, 0x00, 0x0F,
    0xD0, 0x00, 0x00, 0x0F, 0x40, 0x00, 0x00, 0x00, 0x00, 0x00, 0x00, 0x01, 0xA4, 0x00, 0x00, 0x00,
    0xFF, 0xEE, 0x00, 0x00, 0xB7, 0xFF, 0x00, 0x00, 0x00, 0x06, 0x40, 0x00, 0x00, 0x00, 0x00, 0x00,
    0x00, 0x6F, 0xE4, 0x00, 0x00, 0xFF, 0xFF, 0xE0, 0x01, 0xFD, 0x01, 0xFE, 0x00, 0xFC, 0x00, 0x0F,
    0xD0, 0xBD, 0x00, 0x01, 0xFC, 0x3F, 0x00, 0x00, 0x3F, 0x5F, 0x80, 0x00, 0x0B, 0xEB, 0xD0, 0x00,
    0x01, 0xFF, 0xF4, 0x00, 0x00, 0x7F, 0xFD, 0x00, 0x00, 0x1F, 0xFF, 0x40, 0x00, 0x07, 0xFB, 0xE0,
    0x00, 0x01, 0xF9, 0xFC, 0x00, 0x00, 0xBD, 0x3F, 0x40, 0x00, 0x3F, 0x0B, 0xF0, 0x00, 0x1F, 0x40,
    0xFF, 0x00, 0x1F, 0xC0, 0x0F, 0xFA, 0xBF, 0x80, 0x00, 0x7F, 0xFF, 0x40, 0x00, 0x00, 0x54, 0x00,
    0x00, 0x00, 0x00, 0x00, 0x00, 0x00, 0xF0, 0x00, 0x00, 0xFD, 0x00, 0x01, 0xFD, 0x00, 0x00, 0xF4,
    0x00, 0x00, 0x00, 0x00, 0x00, 0x1A, 0x40, 0x00, 0x0F, 0xFE, 0xE0, 0x0B, 0x7F, 0xF0, 0x00, 0x00,
    0x60, 0x00, 0x00, 0x00, 0x00, 0x00, 0x00, 0x00, 0x01, 0xFF, 0xE0, 0x03, 0xFA, 0xFF, 0x02, 0xF0,
    0x0B, 0xF1, 0xF8, 0x00, 0xFD, 0xBD, 0x00, 0x1F, 0xBF, 0x00, 0x07, 0xFF, 0xC0, 0x00, 0xFF, 0xF0,
    0x00, 0x3F, 0xFD, 0x00, 0x1F, 0xAF, 0x80, 0x0B, 0xD3, 0xF4, 0x03, 0xF0, 0x7F, 0x97, 0xF0, 0x07,
    0xFF, 0xE0, 0x00, 0x05, 0x40, 0x00, 0x00, 0x3C, 0x0B, 0x40, 0x00, 0x3F, 0x87, 0xF0, 0x00, 0x0B,
    0xE1, 0xFC, 0x00, 0x00, 0x90, 0x18, 0x00, 0x00, 0x00, 0x00, 0x00, 0x00, 0x06, 0x90, 0x00, 0x00,
    0x03, 0xFF, 0xB8, 0x00, 0x02, 0xDF, 0xFC, 0x00, 0x00, 0x00, 0x19, 0x00, 0x00, 0x00, 0x00, 0x00,
    0x00, 0x01, 0xBF, 0x90, 0x00, 0x03, 0xFF, 0xFF, 0x80, 0x07, 0xF4, 0x07, 0xF8, 0x03, 0xF0, 0x00,
    0x3F, 0x42, 0xF4, 0x00, 0x07, 0xF0, 0xFC, 0x00, 0x00, 0xFD, 0x7E, 0x00, 0x00, 0x2F, 0xAF, 0x40,
    0x00, 0x07, 0xFF, 0xD0, 0x00, 0x01, 0xFF, 0xF4, 0x00, 0x00, 0x7F, 0xFD, 0x00, 0x00, 0x1F, 0xEF,
    0x80, 0x00, 0x07, 0xE7, 0xF0, 0x00, 0x02, 0xF4, 0xFD, 0x00, 0x00, 0xFC, 0x2F, 0xC0, 0x00, 0x7D,
    0x03, 0xFC, 0x00, 0x7F, 0x00, 0x3F, 0xEA, 0xFE, 0x00, 0x01, 0xFF, 0xFD, 0x00, 0x00, 0x01, 0x50,
    0x00, 0x00, 0x07, 0x80, 0xB4, 0x03, 0xF8, 0xBF, 0x00, 0xFD, 0x2F, 0x80, 0x09, 0x01, 0x80, 0x00,
    0x00, 0x00, 0x00, 0x69, 0x00, 0x00, 0x3F, 0xFB, 0x80, 0x2D, 0xFF, 0xC0, 0x00, 0x01, 0x80, 0x00,
    0x00, 0x00, 0x00, 0x00, 0x00, 0x00, 0x07, 0xFF, 0x80, 0x0F, 0xEB, 0xFC, 0x0B, 0xC0, 0x2F, 0xC7,
    0xE0, 0x03, 0xF6, 0xF4, 0x00, 0x7E, 0xFC, 0x00, 0x1F, 0xFF, 0x00, 0x03, 0xFF, 0xC0, 0x00, 0xFF,
    0xF4, 0x00, 0x7E, 0xBE, 0x00, 0x2F, 0x4F, 0xD0, 0x0F, 0xC1, 0xFE, 0x5F, 0xC0, 0x1F, 0xFF, 0x80,
    0x00, 0x15, 0x00, 0x00, 0x00, 0x00, 0x00, 0x00, 0x00, 0x0B, 0x80, 0x00, 0x00, 0x03, 0xF8, 0x00,
    0x00, 0x00, 0x2F, 0x80, 0x00, 0x00, 0x00, 0xB4, 0x00, 0x00, 0x00, 0x00, 0x00, 0x00, 0x00, 0x00,
    0x00, 0x00, 0x00, 0xFF, 0xFD, 0x00, 0x00, 0x3F, 0xFF, 0x40, 0x00, 0x00, 0x00, 0x00, 0x00, 0x00,
    0x00, 0x00, 0x00, 0x00, 0x6F, 0xE4, 0x00, 0x00, 0xFF, 0xFF, 0xE0, 0x01, 0xFD, 0x01, 0xFE, 0x00,
    0xFC, 0x00, 0x0F, 0xD0, 0xBD, 0x00, 0x01, 0xFC, 0x3F, 0x00, 0x00, 0x3F, 0x5F, 0x80, 0x00, 0x0B,
    0xEB, 0xD0, 0x00, 0x01, 0xFF, 0xF4, 0x00, 0x00, 0x7F, 0xFD, 0x00, 0x00, 0x1F, 0xFF, 0x40, 0x00,
    0x07, 0xFB, 0xE0, 0x00, 0x01, 0xF9, 0xFC, 0x00, 0x00, 0xBD, 0x3F, 0x40, 0x00, 0x3F, 0x0B, 0xF0,
    0x00, 0x1F, 0x40, 0xFF, 0x00, 0x1F, 0xC0, 0x0F, 0xFA, 0xBF, 0x80, 0x00, 0x7F, 0xFF, 0x40, 0x00,
    0x00, 0x54, 0x00, 0x00, 0x00, 0x00, 0x00, 0x00, 0x7C, 0x00, 0x00, 0x1F, 0xC0, 0x00, 0x02, 0xFC,
    0x00, 0x00, 0x07, 0xC0, 0x00, 0x00, 0x00, 0x00, 0x00, 0x00, 0x00, 0x0F, 0xFF, 0xC0, 0x03, 0xFF,
    0xF0, 0x00, 0x00, 0x00, 0x00, 0x00, 0x00, 0x00, 0x00, 0x00, 0x00, 0x01, 0xFF, 0xE0, 0x03, 0xFA,
    0xFF, 0x02, 0xF0, 0x0B, 0xF1, 0xF8, 0x00, 0xFD, 0xBD, 0x00, 0x1F, 0xBF, 0x00, 0x07, 0xFF, 0xC0,
    0x00, 0xFF, 0xF0, 0x00, 0x3F, 0xFD, 0x00, 0x1F, 0xAF, 0x80, 0x0B, 0xD3, 0xF4, 0x03, 0xF0, 0x7F,
    0x97, 0xF0, 0x07, 0xFF, 0xE0, 0x00, 0x05, 0x40, 0x00, 0x00, 0x00, 0x00, 0x00, 0x00, 0x00, 0x0F,
    0x00, 0x00, 0x00, 0x1F, 0xC0, 0x00, 0x00, 0x1F, 0xD0, 0x00, 0x00, 0x0E, 0x40, 0x00, 0x00, 0x00,
    0x00, 0x00, 0x00, 0x00, 0x00, 0x00, 0x00, 0x00, 0xFF, 0xFD, 0x00, 0x00, 0x3F, 0xFF, 0x40, 0x00,
    0x00, 0x00, 0x00, 0x00, 0x00, 0x00, 0x00, 0x00, 0x00, 0x6F, 0xE4, 0x00, 0x00, 0xFF, 0xFF, 0xE0,
    0x01, 0xFD, 0x01, 0xFE, 0x00, 0xFC, 0x00, 0x0F, 0xD0, 0xBD, 0x00, 0x01, 0xFC, 0x3F, 0x00, 0x00,
    0x3F, 0x5F, 0x80, 0x00, 0x0B, 0xEB, 0xD0, 0x00, 0x01, 0xFF, 0xF4, 0x00, 0x00, 0x7F, 0xFD, 0x00,
    0x00, 0x1F, 0xFF, 0x40, 0x00, 0x07, 0xFB, 0xE0, 0x00, 0x01, 0xF9, 0xFC, 0x00, 0x00, 0xBD, 0x3F,
    0x40, 0x00, 0x3F, 0x0B, 0xF0, 0x00, 0x1F, 0x40, 0xFF, 0x00, 0x1F, 0xC0, 0x0F, 0xFA, 0xBF, 0x80,
    0x00, 0x7F, 0xFF, 0x40, 0x00, 0x00, 0x54, 0x00, 0x00, 0x00, 0x00, 0x00, 0x00, 0x00, 0xF0, 0x00,
    0x00, 0xFD, 0x00, 0x01, 0xFD, 0x00, 0x00, 0xF4, 0x00, 0x00, 0x00, 0x00, 0x00, 0x00, 0x00, 0x00,
    0x0F, 0xFF, 0xC0, 0x03, 0xFF, 0xF0, 0x00, 0x00, 0x00, 0x00, 0x00, 0x00, 0x00, 0x00, 0x00, 0x00,
    0x01, 0xFF, 0xE0, 0x03, 0xFA, 0xFF, 0x02, 0xF0, 0x0B, 0xF1, 0xF8, 0x00, 0xFD, 0xBD, 0x00, 0x1F,
    0xBF, 0x00, 0x07, 0xFF, 0xC0, 0x00, 0xFF, 0xF0, 0x00, 0x3F, 0xFD, 0x00, 0x1F, 0xAF, 0x80, 0x0B,
    0xD3, 0xF4, 0x03, 0xF0, 0x7F, 0x97, 0xF0, 0x07, 0xFF, 0xE0, 0x00, 0x05, 0x40, 0x00, 0x6A, 0xAA,
    0x50, 0x00, 0x1F, 0xFF, 0xFF, 0xC0, 0x00, 0xBE, 0x02, 0xFC, 0x00, 0x1F, 0x80, 0x2F, 0x80, 0x07,
    0xE0, 0x07, 0xF0, 0x01, 0xF8, 0x01, 0xFC, 0x00, 0x7E, 0x00, 0xBE, 0x00, 0x1F, 0x80, 0x3F, 0x00,
    0x07, 0xE5, 0xBE, 0x00, 0x01, 0xFF, 0xFD, 0x00, 0x00, 0x7E, 0x0F, 0xD0, 0x00, 0x1F, 0x81, 0xFC,
    0x00, 0x07, 0xE0, 0x3F, 0x40, 0x01, 0xF8, 0x07, 0xF0, 0x00, 0x7E, 0x00, 0xFD, 0x00, 0x1F, 0x80,
    0x2F, 0xC0, 0x2F, 0xF9, 0x03, 0xFE, 0x6F, 0xFF, 0xC0, 0x7F, 0xD0, 0x00, 0x00, 0x01, 0x40, 0x00,
    0x00, 0x00, 0x00, 0x00, 0x07, 0xF0, 0x00, 0x00, 0x02, 0xFC, 0x00, 0x00, 0x00, 0x7F, 0x00, 0x00,
    0x00, 0x01, 0x00, 0x00, 0x00, 0x00, 0x00, 0xAF, 0x47, 0xF4, 0xFF, 0xAF, 0xFC, 0x0F, 0xF0, 0xFC,
    0x0F, 0xD0, 0xFC, 0x0F, 0xC0, 0x60, 0x0F, 0xC0, 0x00, 0x0F, 0xC0, 0x00, 0x0F, 0xC0, 0x00, 0x0F,
    0xC0, 0x00, 0x0F, 0xC0, 0x00, 0x0F, 0xC0, 0x00, 0x6F, 0xE4, 0x00, 0xBF, 0xFE, 0x00, 0x00, 0x00,
    0x00, 0x00, 0x00, 0x00, 0x0F, 0xD0, 0x00, 0x0F, 0xE0, 0x00, 0x0F, 0xD0, 0x00, 0x01, 0x00, 0x00,
    0x02, 0xFF, 0xFC, 0x00, 0x00, 0xBF, 0xFF, 0x00, 0x00, 0x00, 0x00, 0x00, 0x00, 0x00, 0x00, 0x00,
    0x00, 0x6A, 0xAA, 0x50, 0x00, 0x1F, 0xFF, 0xFF, 0xC0, 0x00, 0xBE, 0x02, 0xFC, 0x00, 0x1F, 0x80,
    0x2F, 0x80, 0x07, 0xE0, 0x07, 0xF0, 0x01, 0xF8, 0x01, 0xFC, 0x00, 0x7E, 0x00, 0xBE, 0x00, 0x1F,
    0x80, 0x3F, 0x00, 0x07, 0xE5, 0xBE, 0x00, 0x01, 0xFF, 0xFD, 0x00, 0x00, 0x7E, 0x0F, 0xD0, 0x00,
    0x1F, 0x81, 0xFC, 0x00, 0x07, 0xE0, 0x3F, 0x40, 0x01, 0xF8, 0x07, 0xF0, 0x00, 0x7E, 0x00, 0xFD,
    0x00, 0x1F, 0x80, 0x2F, 0xC0, 0x2F, 0xF9, 0x03, 0xFE, 0x6F, 0xFF, 0xC0, 0x7F, 0xD0, 0x00, 0x00,
    0x01, 0x40, 0x00, 0x00, 0x00, 0x00, 0x00, 0x07, 0xF0, 0x00, 0x00, 0x02, 0xFC, 0x00, 0x00, 0x00,
    0x7F, 0x00, 0x00, 0x00, 0x01, 0x00, 0x00, 0x0F, 0xFF, 0xD0, 0x0F, 0xFF, 0xD0, 0x00, 0x00, 0x00,
    0x00, 0x00, 0x00, 0x00, 0x00, 0x00, 0xAF, 0x47, 0xF4, 0xFF, 0xAF, 0xFC, 0x0F, 0xF0, 0xFC, 0x0F,
    0xD0, 0xFC, 0x0F, 0xC0, 0x60, 0x0F, 0xC0, 0x00, 0x0F, 0xC0, 0x00, 0x0F, 0xC0, 0x00, 0x0F, 0xC0,
    0x00, 0x0F, 0xC0, 0x00, 0x0F, 0xC0, 0x00, 0x6F, 0xE4, 0x00, 0xBF, 0xFE, 0x00, 0x00, 0x00, 0x00,
    0x00, 0x00, 0x00, 0x0F, 0xD0, 0x00, 0x0F, 0xE0, 0x00, 0x0F, 0xD0, 0x00, 0x01, 0x00, 0x00, 0x6A,
    0xAA, 0x50, 0x00, 0x1F, 0xFF, 0xFF, 0xC0, 0x00, 0xBE, 0x02, 0xFC, 0x00, 0x1F, 0x80, 0x2F, 0x80,
    0x07, 0xE0, 0x07, 0xF0, 0x01, 0xF8, 0x01, 0xFC, 0x00, 0x7E, 0x00, 0xBE, 0x00, 0x1F, 0x80, 0x3F,
    0x00, 0x07, 0xE5, 0xBE, 0x00, 0x01, 0xFF, 0xFD, 0x00, 0x00, 0x7E, 0x0F, 0xD0, 0x00, 0x1F, 0x81,
    0xFC, 0x00, 0x07, 0xE0, 0x3F, 0x40, 0x01, 0xF8, 0x07, 0xF0, 0x00, 0x7E, 0x00, 0xFD, 0x00, 0x1F,
    0x80, 0x2F, 0xC0, 0x2F, 0xF9, 0x03, 0xFE, 0x6F, 0xFF, 0xC0, 0x7F, 0xD0, 0x00, 0x00, 0x01, 0x40,
    0x00, 0x00, 0x00, 0x00, 0x00, 0x7F, 0xFE, 0x00, 0x00, 0x1F, 0xFF, 0xC0, 0x00, 0x00, 0x00, 0x00,
    0x00, 0x00, 0x00, 0x00, 0xAF, 0x47, 0xF4, 0xFF, 0xAF, 0xFC, 0x0F, 0xF0, 0xFC, 0x0F, 0xD0, 0xFC,
    0x0F, 0xC0, 0x60, 0x0F, 0xC0, 0x00, 0x0F, 0xC0, 0x00, 0x0F, 0xC0, 0x00, 0x0F, 0xC0, 0x00, 0x0F,
    0xC0, 0x00, 0x0F, 0xC0, 0x00, 0x6F, 0xE4, 0x00, 0xBF, 0xFE, 0x00, 0x00, 0x00, 0x00, 0x00, 0x00,
    0x00, 0xFF, 0xFD, 0x00, 0xFF, 0xFD, 0x00, 0x00, 0x00, 0x00, 0x00, 0x2E, 0x00, 0x00, 0x1F, 0xD0,
    0x00, 0x07, 0xF4, 0x00, 0x00, 0x64, 0x00, 0x00, 0x00, 0x00, 0x00, 0x2F, 0xE2, 0x80, 0xBF, 0xFF,
    0xF0, 0x7D, 0x01, 0xFC, 0x3F, 0x00, 0x0F, 0x0F, 0x80, 0x02, 0xC3, 0xF0, 0x00, 0x10, 0xFF, 0x00,
    0x00, 0x2F, 0xFD, 0x00, 0x02, 0xFF, 0xF8, 0x00, 0x1F, 0xFF, 0xD0, 0x00, 0x6F, 0xFC, 0x00, 0x00,
    0xBF, 0x84, 0x00, 0x0B, 0xEB, 0x40, 0x00, 0xFA, 0xF0, 0x00, 0x3E, 0x7E, 0x00, 0x2F, 0x1F, 0xF9,
    0xBF, 0x47, 0x1F, 0xFF, 0x40, 0x00, 0x14, 0x00, 0x01, 0xF4, 0x00, 0x3F, 0xC0, 0x03, 0xFC, 0x00,
    0x0A, 0x00, 0x00, 0x00, 0x00, 0x00, 0x00, 0x0B, 0xFE, 0xD3, 0xF5, 0xFD, 0x7C, 0x02, 0xDB, 0xC0,
    0x0E, 0xBE, 0x00, 0x03, 0xFF, 0x80, 0x1F, 0xFF, 0x80, 0x1B, 0xFE, 0x00, 0x07, 0xFF, 0x00, 0x2F,
    0xB8, 0x02, 0xEB, 0xF5, 0xBC, 0xBB, 0xFF, 0x41, 0x05, 0x00, 0x00, 0xBF, 0x8A, 0x02, 0xFF, 0xFF,
    0xC1, 0xF4, 0x07, 0xF0, 0xFC, 0x00, 0x3C, 0x3E, 0x00, 0x0B, 0x0F, 0xC0, 0x00, 0x43, 0xFC, 0x00,
    0x00, 0xBF, 0xF4, 0x00, 0x0B, 0xFF, 0xE0, 0x00, 0x7F, 0xFF, 0x40, 0x01, 0xBF, 0xF0, 0x00, 0x02,
    0xFE, 0x10, 0x00, 0x2F, 0xAD, 0x00, 0x03, 0xEB, 0xC0, 0x00, 0xF9, 0xF8, 0x00, 0xBC, 0x7F, 0xE6,
    0xFD, 0x1C, 0x7F, 0xFD, 0x00, 0x00, 0x50, 0x00, 0x00, 0x00, 0x00, 0x00, 0x3F, 0x40, 0x00, 0x0F,
    0xE0, 0x00, 0x03, 0xF4, 0x00, 0x00, 0x10, 0x00, 0x00, 0x00, 0x00, 0xBF, 0xED, 0x3F, 0x5F, 0xD7,
    0xC0, 0x2D, 0xBC, 0x00, 0xEB, 0xE0, 0x00, 0x3F, 0xF8, 0x01, 0xFF, 0xF8, 0x01, 0xBF, 0xE0, 0x00,
    0x7F, 0xF0, 0x02, 0xFB, 0x80, 0x2E, 0xBF, 0x5B, 0xCB, 0xBF, 0xF4, 0x10, 0x50, 0x00, 0x00, 0x00,
    0x01, 0xF8, 0x00, 0x3F, 0xC0, 0x02, 0xF8, 0x00, 0x05, 0x00, 0x00, 0x3E, 0x00, 0x00, 0x2F, 0xC0,
    0x00, 0x0B, 0xF0, 0x00, 0x00, 0xA4, 0x00, 0x00, 0x00, 0x00, 0x00, 0x00, 0xB8, 0x00, 0x00, 0xBE,
    0x00, 0x00, 0xFE, 0x00, 0x00, 0xB4, 0x00, 0x00, 0x00, 0x00, 0x00, 0x0B, 0xF8, 0xA0, 0x2F, 0xFF,
    0xFC, 0x1F, 0x40, 0x7F, 0x0F, 0xC0, 0x03, 0xC3, 0xE0, 0x00, 0xB0, 0xFC, 0x00, 0x04, 0x3F, 0xC0,
    0x00, 0x0B, 0xFF, 0x40, 0x00, 0xBF, 0xFE, 0x00, 0x07, 0xFF, 0xF4, 0x00, 0x1B, 0xFF, 0x00, 0x00,
    0x2F, 0xE1, 0x00, 0x02, 0xFA, 0xD0, 0x00, 0x3E, 0xBC, 0x00, 0x0F, 0x9F, 0x80, 0x0B, 0xC7, 0xFE,
    0x6F, 0xD1, 0xC7, 0xFF, 0xD0, 0x00, 0x05, 0x00, 0x00, 0x01, 0xF0, 0x00, 0x3F, 0x80, 0x03, 0xF8,
    0x00, 0x0A, 0x00, 0x00, 0x05, 0x00, 0x01, 0xF0, 0x00, 0x3F, 0x00, 0x0B, 0xC0, 0x01, 0xE0, 0x00,
    0x00, 0x00, 0x00, 0x00, 0x00, 0xBF, 0xED, 0x3F, 0x5F, 0xD7, 0xC0, 0x2D, 0xBC, 0x00, 0xEB, 0xE0,
    0x00, 0x3F, 0xF8, 0x01, 0xFF, 0xF8, 0x01, 0xBF, 0xE0, 0x00, 0x7F, 0xF0, 0x02, 0xFB, 0x80, 0x2E,
    0xBF, 0x5B, 0xCB, 0xBF, 0xF4, 0x10, 0x50, 0x00, 0x00, 0x2E, 0x00, 0x00, 0x1F, 0xD0, 0x00, 0x03,
    0xF4, 0x00, 0x00, 0x64, 0x00, 0x01, 0x00, 0x14, 0x01, 0xE0, 0x2D, 0x00, 0x1F, 0xBE, 0x00, 0x02,
    0xFE, 0x00, 0x00, 0x2E, 0x00, 0x00, 0x00, 0x00, 0x00, 0x0B, 0xF8, 0xA0, 0x2F, 0xFF, 0xFC, 0x1F,
    0x40, 0x7F, 0x0F, 0xC0, 0x03, 0xC3, 0xE0, 0x00, 0xB0, 0xFC, 0x00, 0x04, 0x3F, 0xC0, 0x00, 0x0B,
    0xFF, 0x40, 0x00, 0xBF, 0xFE, 0x00, 0x07, 0xFF, 0xF4, 0x00, 0x1B, 0xFF, 0x00, 0x00, 0x2F, 0xE1,
    0x00, 0x02, 0xFA, 0xD0, 0x00, 0x3E, 0xBC, 0x00, 0x0F, 0x9F, 0x80, 0x0B, 0xC7, 0xFE, 0x6F, 0xD1,
    0xC7, 0xFF, 0xD0, 0x00, 0x05, 0x00, 0x00, 0x01, 0xF4, 0x00, 0x3F, 0xC0, 0x03, 0xFC, 0x00, 0x0A,
    0x00, 0x10, 0x00, 0x42, 0xD0, 0x78, 0x0F, 0xAF, 0x00, 0x3F, 0xC0, 0x01, 0xF4, 0x00, 0x05, 0x00,
    0x00, 0x00, 0x00, 0xBF, 0xED, 0x3F, 0x5F, 0xD7, 0xC0, 0x2D, 0xBC, 0x00, 0xEB, 0xE0, 0x00, 0x3F,
    0xF8, 0x01, 0xFF, 0xF8, 0x01, 0xBF, 0xE0, 0x00, 0x7F, 0xF0, 0x02, 0xFB, 0x80, 0x2E, 0xBF, 0x5B,
    0xCB, 0xBF, 0xF4, 0x10, 0x50, 0x00, 0x00, 0x2E, 0x00, 0x00, 0x1F, 0xD0, 0x00, 0x07, 0xF4, 0x00,
    0x00, 0x64, 0x00, 0x00, 0x00, 0x00, 0x00, 0x2F, 0xE2, 0x80, 0xBF, 0xFF, 0xF0, 0x7D, 0x01, 0xFC,
    0x3F, 0x00, 0x0F, 0x0F, 0x80, 0x02, 0xC3, 0xF0, 0x00, 0x10, 0xFF, 0x00, 0x00, 0x2F, 0xFD, 0x00,
    0x02, 0xFF, 0xF8, 0x00, 0x1F, 0xFF, 0xD0, 0x00, 0x6F, 0xFC, 0x00, 0x00, 0xBF, 0x84, 0x00, 0x0B,
    0xEB, 0x40, 0x00, 0xFA, 0xF0, 0x00, 0x3E, 0x7E, 0x00, 0x2F, 0x1F, 0xF9, 0xBF, 0x47, 0x1F, 0xFF,
    0x40, 0x00, 0x14, 0x00, 0x00, 0x00, 0x00, 0x00, 0x0F, 0xD0, 0x00, 0x03, 0xF8, 0x00, 0x00, 0xFD,
    0x00, 0x00, 0x04, 0x00, 0x00, 0x00, 0x00, 0x00, 0x1F, 0x40, 0x03, 0xFC, 0x00, 0x3F, 0xC0, 0x00,
    0xA0, 0x00, 0x00, 0x00, 0x00, 0x00, 0x00, 0xBF, 0xED, 0x3F, 0x5F, 0xD7, 0xC0, 0x2D, 0xBC, 0x00,
    0xEB, 0xE0, 0x00, 0x3F, 0xF8, 0x01, 0xFF, 0xF8, 0x01, 0xBF, 0xE0, 0x00, 0x7F, 0xF0, 0x02, 0xFB,
    0x80, 0x2E, 0xBF, 0x5B, 0xCB, 0xBF, 0xF4, 0x10, 0x50, 0x00, 0x00, 0x00, 0x01, 0xF8, 0x00, 0x3F,
    0xC0, 0x02, 0xF8, 0x00, 0x05, 0x00, 0x0A, 0xAA, 0xAA, 0xAA, 0x41, 0xFF, 0xFF, 0xFF, 0xFC, 0x2F,
    0x41, 0xFC, 0x0F, 0xC2, 0xE0, 0x1F, 0xC0, 0x3C, 0x3C, 0x01, 0xFC, 0x02, 0xD2, 0x80, 0x1F, 0xC0,
    0x0D, 0x00, 0x01, 0xFC, 0x00, 0x00, 0x00, 0x1F, 0xC0, 0x00, 0x00, 0x01, 0xFC, 0x00, 0x00, 0x00,
    0x1F, 0xC0, 0x00, 0x00, 0x01, 0xFC, 0x00, 0x00, 0x00, 0x1F, 0xC0, 0x00, 0x00, 0x01, 0xFC, 0x00,
    0x00, 0x00, 0x1F, 0xC0, 0x00, 0x00, 0x01, 0xFC, 0x00, 0x00, 0x00, 0x1F, 0xC0, 0x00, 0x00, 0x1B,
    0xFE, 0x80, 0x00, 0x03, 0xFF, 0xFE, 0x00, 0x00, 0x00, 0x00, 0x00, 0x00, 0x00, 0x00, 0x00, 0x00,
    0x00, 0x01, 0xFC, 0x00, 0x00, 0x00, 0x2F, 0xC0, 0x00, 0x00, 0x01, 0xFC, 0x00, 0x00, 0x00, 0x01,
    0x00, 0x00, 0x00, 0x00, 0x00, 0x07, 0x80, 0x00, 0x1E, 0x00, 0x00, 0xB8, 0x00, 0x03, 0xE0, 0x00,
    0xBF, 0xEA, 0x43, 0xFF, 0xFD, 0x01, 0xF8, 0x00, 0x07, 0xE0, 0x00, 0x1F, 0x80, 0x00, 0x7E, 0x00,
    0x01, 0xF8, 0x00, 0x07, 0xE0, 0x00, 0x1F, 0x80, 0x00, 0x3E, 0x00, 0x00, 0xFC, 0x04, 0x03, 0xFF,
    0xF0, 0x07, 0xFF, 0x00, 0x01, 0x40, 0x00, 0x00, 0x00, 0x00, 0x3F, 0x00, 0x02, 0xFD, 0x00, 0x07,
    0xF0, 0x00, 0x01, 0x00, 0x0A, 0xAA, 0xAA, 0xAA, 0x41, 0xFF, 0xFF, 0xFF, 0xFC, 0x2F, 0x41, 0xFC,
    0x0F, 0xC2, 0xE0, 0x1F, 0xC0, 0x3C, 0x3C, 0x01, 0xFC, 0x02, 0xD2, 0x80, 0x1F, 0xC0, 0x0D, 0x00,
    0x01, 0xFC, 0x00, 0x00, 0x00, 0x1F, 0xC0, 0x00, 0x00, 0x01, 0xFC, 0x00, 0x00, 0x00, 0x1F, 0xC0,
    0x00, 0x00, 0x01, 0xFC, 0x00, 0x00, 0x00, 0x1F, 0xC0, 0x00, 0x00, 0x01, 0xFC, 0x00, 0x00, 0x00,
    0x1F, 0xC0, 0x00, 0x00, 0x01, 0xFC, 0x00, 0x00, 0x00, 0x1F, 0xC0, 0x00, 0x00, 0x1B, 0xFE, 0x80,
    0x00, 0x03, 0xFF, 0xFE, 0x00, 0x00, 0x00, 0x00, 0x00, 0x00, 0x00, 0x00, 0x00, 0x00, 0x00, 0x1F,
    0xFF, 0x80, 0x00, 0x01, 0xFF, 0xFC, 0x00, 0x00, 0x00, 0x00, 0x00, 0x00, 0x00, 0x00, 0x00, 0x07,
    0x80, 0x00, 0x1E, 0x00, 0x00, 0xB8, 0x00, 0x03, 0xE0, 0x00, 0xBF, 0xEA, 0x43, 0xFF, 0xFD, 0x01,
    0xF8, 0x00, 0x07, 0xE0, 0x00, 0x1F, 0x80, 0x00, 0x7E, 0x00, 0x01, 0xF8, 0x00, 0x07, 0xE0, 0x00,
    0x1F, 0x80, 0x00, 0x3E, 0x00, 0x00, 0xFC, 0x04, 0x03, 0xFF, 0xF0, 0x07, 0xFF, 0x00, 0x01, 0x40,
    0x00, 0x00, 0x00, 0x07, 0xFF, 0xF0, 0x1F, 0xFF, 0xC0, 0x00, 0x00, 0x00, 0x00, 0x00, 0x00, 0x00,
    0x00, 0x00, 0x00, 0xF0, 0x00, 0x00, 0x00, 0x7F, 0x00, 0x00, 0x00, 0x1F, 0xD0, 0x00, 0x00, 0x03,
    0x90, 0x00, 0x00, 0x00, 0x00, 0x00, 0x00, 0x00, 0x06, 0x80, 0x00, 0x00, 0x00, 0xFF, 0xEE, 0x00,
    0x00, 0x2A, 0xFF, 0xC0, 0x00, 0x00, 0x00, 0xA0, 0x00, 0x00, 0x00, 0x00, 0x00, 0x06, 0xAA, 0x80,
    0x0A, 0xAA, 0xFF, 0xFD, 0x00, 0xFF, 0xF0, 0xFD, 0x00, 0x01, 0xF0, 0x0F, 0xD0, 0x00, 0x0F, 0x00,
    0xFD, 0x00, 0x00, 0xF0, 0x0F, 0xD0, 0x00, 0x0F, 0x00, 0xFD, 0x00, 0x00, 0xF0, 0x0F, 0xD0, 0x00,
    0x0F, 0x00, 0xFD, 0x00, 0x00, 0xF0, 0x0F, 0xD0, 0x00, 0x0F, 0x00, 0xFD, 0x00, 0x00, 0xF0, 0x0F,
    0xD0, 0x00, 0x0F, 0x00, 0xBD, 0x00, 0x00, 0xF0, 0x0B, 0xD0, 0x00, 0x1E, 0x00, 0x7F, 0x00, 0x03,
    0xD0, 0x03, 0xF8, 0x00, 0xBC, 0x00, 0x0F, 0xFE, 0xFF, 0x00, 0x00, 0x2F, 0xFF, 0x80, 0x00, 0x00,
    0x05, 0x00, 0x00, 0x00, 0x00, 0x00, 0x00, 0x00, 0x00, 0xF0, 0x00, 0x00, 0x03, 0xF4, 0x00, 0x00,
    0x1F, 0xD0, 0x00, 0x00, 0x39, 0x00, 0x00, 0x00, 0x00, 0x00, 0x00, 0x00, 0x29, 0x00, 0x00, 0x00,
    0xFF, 0xEE, 0x00, 0x02, 0xDB, 0xFC, 0x00, 0x00, 0x00, 0x64, 0x00, 0x00, 0x00, 0x00, 0x00, 0x00,
    0x00, 0x00, 0x00, 0x2B, 0xD0, 0x2B, 0xD0, 0x7F, 0xD0, 0x3F, 0xE0, 0x0B, 0xD0, 0x0B, 0xE0, 0x07,
    0xD0, 0x07, 0xE0, 0x07, 0xD0, 0x07, 0xE0, 0x07, 0xD0, 0x07, 0xE0, 0x07, 0xD0, 0x07, 0xE0, 0x07,
    0xD0, 0x07, 0xE0, 0x07, 0xD0, 0x07, 0xE0, 0x07, 0xD0, 0x0B, 0xE0, 0x07, 0xF0, 0x1F, 0xE0, 0x03,
    0xFE, 0xF7, 0xF8, 0x00, 0xFF, 0xD3, 0xFD, 0x00, 0x15, 0x00, 0x00, 0x00, 0x1E, 0x03, 0xC0, 0x00,
    0x03, 0xF4, 0xBE, 0x00, 0x00, 0x3F, 0x4B, 0xE0, 0x00, 0x00, 0x90, 0x24, 0x00, 0x00, 0x00, 0x00,
    0x00, 0x00, 0x01, 0xFF, 0xFC, 0x00, 0x00, 0x1F, 0xFF, 0xC0, 0x00, 0x00, 0x00, 0x00, 0x00, 0x00,
    0x00, 0x00, 0x00, 0x06, 0xAA, 0x80, 0x0A, 0xAA, 0xFF, 0xFD, 0x00, 0xFF, 0xF0, 0xFD, 0x00, 0x01,
    0xF0, 0x0F, 0xD0, 0x00, 0x0F, 0x00, 0xFD, 0x00, 0x00, 0xF0, 0x0F, 0xD0, 0x00, 0x0F, 0x00, 0xFD,
    0x00, 0x00, 0xF0, 0x0F, 0xD0, 0x00, 0x0F, 0x00, 0xFD, 0x00, 0x00, 0xF0, 0x0F, 0xD0, 0x00, 0x0F,
    0x00, 0xFD, 0x00, 0x00, 0xF0, 0x0F, 0xD0, 0x00, 0x0F, 0x00, 0xBD, 0x00, 0x00, 0xF0, 0x0B, 0xD0,
    0x00, 0x1E, 0x00, 0x7F, 0x00, 0x03, 0xD0, 0x03, 0xF8, 0x00, 0xBC, 0x00, 0x0F, 0xFE, 0xFF, 0x00,
    0x00, 0x2F, 0xFF, 0x80, 0x00, 0x00, 0x05, 0x00, 0x00, 0x00, 0xE0, 0x2D, 0x00, 0x03, 0xF8, 0xBF,
    0x00, 0x02, 0xF8, 0x7F, 0x00, 0x00, 0x90, 0x18, 0x00, 0x00, 0x00, 0x00, 0x00, 0x00, 0xFF, 0xFD,
    0x00, 0x00, 0xFF, 0xFD, 0x00, 0x00, 0x00, 0x00, 0x00, 0x00, 0x00, 0x00, 0x00, 0x00, 0x00, 0x00,
    0x00, 0x2B, 0xD0, 0x2B, 0xD0, 0x7F, 0xD0, 0x3F, 0xE0, 0x0B, 0xD0, 0x0B, 0xE0, 0x07, 0xD0, 0x07,
    0xE0, 0x07, 0xD0, 0x07, 0xE0, 0x07, 0xD0, 0x07, 0xE0, 0x07, 0xD0, 0x07, 0xE0, 0x07, 0xD0, 0x07,
    0xE0, 0x07, 0xD0, 0x07, 0xE0, 0x07, 0xD0, 0x0B, 0xE0, 0x07, 0xF0, 0x1F, 0xE0, 0x03, 0xFE, 0xF7,
    0xF8, 0x00, 0xFF, 0xD3, 0xFD, 0x00, 0x15, 0x00, 0x00, 0x00, 0x00, 0x00, 0x00, 0x00, 0x00, 0x00,
    0x00, 0x00, 0x0F, 0x40, 0x00, 0x00, 0x00, 0x00, 0x00, 0x3F, 0x40, 0x00, 0x00, 0x00, 0x00, 0x00,
    0x7F, 0x40, 0x00, 0x00, 0x00, 0x00, 0x00, 0x1B, 0x00, 0x00, 0x00, 0x00, 0x00, 0x00, 0x00, 0x00,
    0x00, 0x06, 0xAA, 0x90, 0x06, 0x90, 0x02, 0xAA, 0xAF, 0xFF, 0x80, 0x3F, 0xC0, 0x0F, 0xFF, 0x0F,
    0xF0, 0x00, 0xFF, 0x00, 0x07, 0xC0, 0x1F, 0xC0, 0x07, 0xFD, 0x00, 0x1E, 0x00, 0x3F, 0x00, 0x2E,
    0xF8, 0x00, 0xB4, 0x00, 0xFD, 0x00, 0xF3, 0xF0, 0x03, 0xC0, 0x02, 0xF4, 0x03, 0x8B, 0xD0, 0x0F,
    0x00, 0x07, 0xE0, 0x1D, 0x1F, 0x80, 0x78, 0x00, 0x0F, 0xC0, 0xB0, 0x3F, 0x02, 0xD0, 0x00, 0x3F,
    0x03, 0xC0, 0xFC, 0x0F, 0x00, 0x00, 0xBD, 0x0E, 0x02, 0xF4, 0x3C, 0x00, 0x01, 0xF8, 0x74, 0x07,
    0xE0, 0xE0, 0x00, 0x03, 0xF2, 0xC0, 0x0F, 0xC7, 0x40, 0x00, 0x0F, 0xCF, 0x00, 0x2F, 0x6C, 0x00,
    0x00, 0x2F, 0xB8, 0x00, 0x7E, 0xF0, 0x00, 0x00, 0x7F, 0xD0, 0x00, 0xFF, 0x80, 0x00, 0x00, 0xFF,
    0x00, 0x03, 0xFD, 0x00, 0x00, 0x03, 0xFC, 0x00, 0x0B, 0xF0, 0x00, 0x00, 0x00, 0x10, 0x00, 0x00,
    0x00, 0x00, 0x07, 0xC0, 0x00, 0x00, 0x00, 0x00, 0x7F, 0x00, 0x00, 0x00, 0x00, 0x01, 0xF8, 0x00,
    0x00, 0x00, 0x00, 0x02, 0xC0, 0x00, 0x00, 0x00, 0x00, 0x04, 0x00, 0x00, 0x00, 0x00, 0x00, 0x00,
    0x00, 0x06, 0xAA, 0x40, 0xA8, 0x06, 0xA9, 0xBF, 0xF4, 0x1F, 0xD0, 0x7F, 0xD0, 0xFC, 0x02, 0xFE,
    0x00, 0xF0, 0x0F, 0xC0, 0x3F, 0xF0, 0x1D, 0x00, 0x7D, 0x03, 0xAF, 0x02, 0xC0, 0x03, 0xF0, 0x75,
    0xF4, 0x3C, 0x00, 0x3F, 0x0B, 0x0F, 0x83, 0x80, 0x02, 0xF4, 0xF0, 0xFC, 0x74, 0x00, 0x0F, 0x9D,
    0x0B, 0xCB, 0x00, 0x00, 0xFE, 0xC0, 0x7D, 0xE0, 0x00, 0x0B, 0xFC, 0x03, 0xFD, 0x00, 0x00, 0x7F,
    0x80, 0x2F, 0xC0, 0x00, 0x03, 0xF4, 0x01, 0xF8, 0x00, 0x00, 0x00, 0x00, 0x00, 0x00, 0x00, 0x00,
    0x00, 0x00, 0x00, 0x1F, 0x00, 0x00, 0x00, 0x00, 0x00, 0x01, 0xFC, 0x00, 0x00, 0x00, 0x00, 0x00,
    0x1F, 0xD0, 0x00, 0x00, 0x00, 0x00, 0x01, 0xE0, 0x00, 0x00, 0x00, 0x00, 0x00, 0x00, 0x00, 0x00,
    0x00, 0x06, 0xAA, 0x90, 0x06, 0x90, 0x02, 0xAA, 0xAF, 0xFF, 0x80, 0x3F, 0xC0, 0x0F, 0xFF, 0x0F,
    0xF0, 0x00, 0xFF, 0x00, 0x07, 0xC0, 0x1F, 0xC0, 0x07, 0xFD, 0x00, 0x1E, 0x00, 0x3F, 0x00, 0x2E,
    0xF8, 0x00, 0xB4, 0x00, 0xFD, 0x00, 0xF3, 0xF0, 0x03, 0xC0, 0x02, 0xF4, 0x03, 0x8B, 0xD0, 0x0F,
    0x00, 0x07, 0xE0, 0x1D, 0x1F, 0x80, 0x78, 0x00, 0x0F, 0xC0, 0xB0, 0x3F, 0x02, 0xD0, 0x00, 0x3F,
    0x03, 0xC0, 0xFC, 0x0F, 0x00, 0x00, 0xBD, 0x0E, 0x02, 0xF4, 0x3C, 0x00, 0x01, 0xF8, 0x74, 0x07,
    0xE0, 0xE0, 0x00, 0x03, 0xF2, 0xC0, 0x0F, 0xC7, 0x40, 0x00, 0x0F, 0xCF, 0x00, 0x2F, 0x6C, 0x00,
    0x00, 0x2F, 0xB8, 0x00, 0x7E, 0xF0, 0x00, 0x00, 0x7F, 0xD0, 0x00, 0xFF, 0x80, 0x00, 0x00, 0xFF,
    0x00, 0x03, 0xFD, 0x00, 0x00, 0x03, 0xFC, 0x00, 0x0B, 0xF0, 0x00, 0x00, 0x00, 0x00, 0x10, 0x00,
    0x00, 0x00, 0x00, 0x0F, 0x40, 0x00, 0x00, 0x00, 0x03, 0xF4, 0x00, 0x00, 0x00, 0x00, 0xBD, 0x00,
    0x00, 0x00, 0x00, 0x0E, 0x00, 0x00, 0x00, 0x00, 0x00, 0x40, 0x00, 0x00, 0x00, 0x00, 0x00, 0x00,
    0x00, 0x06, 0xAA, 0x40, 0xA8, 0x06, 0xA9, 0xBF, 0xF4, 0x1F, 0xD0, 0x7F, 0xD0, 0xFC, 0x02, 0xFE,
    0x00, 0xF0, 0x0F, 0xC0, 0x3F, 0xF0, 0x1D, 0x00, 0x7D, 0x03, 0xAF, 0x02, 0xC0, 0x03, 0xF0, 0x75,
    0xF4, 0x3C, 0x00, 0x3F, 0x0B, 0x0F, 0x83, 0x80, 0x02, 0xF4, 0xF0, 0xFC, 0x74, 0x00, 0x0F, 0x9D,
    0x0B, 0xCB, 0x00, 0x00, 0xFE, 0xC0, 0x7D, 0xE0, 0x00, 0x0B, 0xFC, 0x03, 0xFD, 0x00, 0x00, 0x7F,
    0x80, 0x2F, 0xC0, 0x00, 0x03, 0xF4, 0x01, 0xF8, 0x00, 0x00, 0x00, 0x0B, 0x41, 0xE0, 0x00, 0x00,
    0x00, 0x00, 0x7F, 0x0F, 0xD0, 0x00, 0x00, 0x00, 0x01, 0xFC, 0x3F, 0x00, 0x00, 0x00, 0x00, 0x01,
    0x80, 0x24, 0x00, 0x00, 0x00, 0x00, 0x00, 0x00, 0x00, 0x00, 0x01, 0xAA, 0xA4, 0x01, 0xA4, 0x00,
    0xAA, 0xAB, 0xFF, 0xE0, 0x0F, 0xF0, 0x03, 0xFF, 0xC3, 0xFC, 0x00, 0x3F, 0xC0, 0x01, 0xF0, 0x07,
    0xF0, 0x01, 0xFF, 0x40, 0x07, 0x80, 0x0F, 0xC0, 0x0B, 0xBE, 0x00, 0x2D, 0x00, 0x3F, 0x40, 0x3C,
    0xFC, 0x00, 0xF0, 0x00, 0xBD, 0x00, 0xE2, 0xF4, 0x03, 0xC0, 0x01, 0xF8, 0x07, 0x47, 0xE0, 0x1E,
    0x00, 0x03, 0xF0, 0x2C, 0x0F, 0xC0, 0xB4, 0x00, 0x0F, 0xC0, 0xF0, 0x3F, 0x03, 0xC0, 0x00, 0x2F,
    0x43, 0x80, 0xBD, 0x0F, 0x00, 0x00, 0x7E, 0x1D, 0x01, 0xF8, 0x38, 0x00, 0x00, 0xFC, 0xB0, 0x03,
    0xF1, 0xD0, 0x00, 0x03, 0xF3, 0xC0, 0x0B, 0xDB, 0x00, 0x00, 0x0B, 0xEE, 0x00, 0x1F, 0xBC, 0x00,
    0x00, 0x1F, 0xF4, 0x00, 0x3F, 0xE0, 0x00, 0x00, 0x3F, 0xC0, 0x00, 0xFF, 0x40, 0x00, 0x00, 0xFF,
    0x00, 0x02, 0xFC, 0x00, 0x00, 0x00, 0x00, 0xA0, 0x2D, 0x00, 0x00, 0x00, 0x2F, 0xC7, 0xF0, 0x00,
    0x00, 0x02, 0xF8, 0x7F, 0x00, 0x00, 0x00, 0x06, 0x01, 0x80, 0x00, 0x00, 0x00, 0x00, 0x00, 0x00,
    0x00, 0x00, 0x00, 0x00, 0x00, 0x00, 0x6A, 0xA4, 0x0A, 0x80, 0x6A, 0x9B, 0xFF, 0x41, 0xFD, 0x07,
    0xFD, 0x0F, 0xC0, 0x2F, 0xE0, 0x0F, 0x00, 0xFC, 0x03, 0xFF, 0x01, 0xD0, 0x07, 0xD0, 0x3A, 0xF0,
    0x2C, 0x00, 0x3F, 0x07, 0x5F, 0x43, 0xC0, 0x03, 0xF0, 0xB0, 0xF8, 0x38, 0x00, 0x2F, 0x4F, 0x0F,
    0xC7, 0x40, 0x00, 0xF9, 0xD0, 0xBC, 0xB0, 0x00, 0x0F, 0xEC, 0x07, 0xDE, 0x00, 0x00, 0xBF, 0xC0,
    0x3F, 0xD0, 0x00, 0x07, 0xF8, 0x02, 0xFC, 0x00, 0x00, 0x3F, 0x40, 0x1F, 0x80, 0x00, 0x00, 0x00,
    0xB8, 0x00, 0x00, 0x00, 0x1F, 0xD0, 0x00, 0x00, 0x01, 0xFD, 0x00, 0x00, 0x00, 0x06, 0x40, 0x00,
    0x00, 0x00, 0x00, 0x00, 0x06, 0xAA, 0x90, 0x1A, 0xA9, 0xBF, 0xFF, 0x02, 0xFF, 0xE0, 0xFF, 0x00,
    0x03, 0xE0, 0x03, 0xF0, 0x00, 0x3C, 0x00, 0x1F, 0xC0, 0x0B, 0x40, 0x00, 0xFD, 0x01, 0xF0, 0x00,
    0x03, 0xF0, 0x3C, 0x00, 0x00, 0x2F, 0x87, 0x80, 0x00, 0x00, 0xFD, 0xF0, 0x00, 0x00, 0x07, 0xFD,
    0x00, 0x00, 0x00, 0x2F, 0x80, 0x00, 0x00, 0x02, 0xF8, 0x00, 0x00, 0x00, 0x2F, 0x80, 0x00, 0x00,
    0x02, 0xF8, 0x00, 0x00, 0x00, 0x2F, 0x80, 0x00, 0x00, 0x02, 0xF8, 0x00, 0x00, 0x01, 0xBF, 0xE4,
    0x00, 0x00, 0x3F, 0xFF, 0xC0, 0x00, 0x00, 0x07, 0xC0, 0x00, 0x00, 0x3F, 0x80, 0x00, 0x00, 0xFE,
    0x00, 0x00, 0x00, 0xA0, 0x00, 0x00, 0x00, 0x00, 0x00, 0x00, 0x00, 0x00, 0x06, 0xAA, 0x82, 0xAA,
    0x5F, 0xFE, 0x0B, 0xFD, 0x0F, 0xC0, 0x03, 0xC0, 0x2F, 0x40, 0x1D, 0x00, 0x3F, 0x00, 0xF0, 0x00,
    0xBD, 0x03, 0x80, 0x01, 0xF8, 0x2C, 0x00, 0x03, 0xF0, 0xE0, 0x00, 0x07, 0xD7, 0x40, 0x00, 0x0F,
    0xFC, 0x00, 0x00, 0x2F, 0xD0, 0x00, 0x00, 0x3F, 0x00, 0x00, 0x00, 0xB8, 0x00, 0x00, 0x02, 0xC0,
    0x00, 0x00, 0x0E, 0x00, 0x01, 0xF0, 0xB4, 0x00, 0x0B, 0xD7, 0x80, 0x00, 0x2F, 0xFC, 0x00, 0x00,
    0x1A, 0x40, 0x00, 0x00, 0x2A, 0xAA, 0xAA, 0xA0, 0xFF, 0xFF, 0xFF, 0xC3, 0xF0, 0x00, 0xFE, 0x1F,
    0x00, 0x07, 0xF0, 0x78, 0x00, 0x3F, 0x41, 0x80, 0x03, 0xF8, 0x00, 0x00, 0x2F, 0xC0, 0x00, 0x01,
    0xFC, 0x00, 0x00, 0x0F, 0xD0, 0x00, 0x00, 0xBF, 0x00, 0x00, 0x07, 0xF0, 0x00, 0x00, 0x3F, 0x40,
    0x00, 0x03, 0xF8, 0x00, 0x10, 0x2F, 0xC0, 0x02, 0xC0, 0xFD, 0x00, 0x0F, 0x0F, 0xE0, 0x00, 0xBC,
    0xBF, 0xAA, 0xAF, 0xF2, 0xFF, 0xFF, 0xFF, 0xC0, 0x00, 0x00, 0x00, 0x00, 0x00, 0x00, 0x00, 0x00,
    0x1F, 0xC0, 0x00, 0x00, 0xBF, 0x00, 0x00, 0x01, 0xFC, 0x00, 0x00, 0x00, 0x40, 0x00, 0x2A, 0xAA,
    0xA9, 0x3F, 0xFF, 0xFD, 0x3D, 0x01, 0xFC, 0x3C, 0x03, 0xF0, 0x24, 0x0F, 0xD0, 0x00, 0x1F, 0x80,
    0x00, 0x3F, 0x00, 0x00, 0xFC, 0x00, 0x02, 0xF4, 0x0A, 0x07, 0xE0, 0x0F, 0x0F, 0xC0, 0x2E, 0x3F,
    0xAA, 0xFE, 0x3F, 0xFF, 0xFE, 0x00, 0x00, 0x00, 0x00, 0x00, 0x00, 0x00, 0x7F, 0x00, 0x00, 0xBF,
    0x00, 0x00, 0x7F, 0x00, 0x00, 0x04, 0x00, 0x68, 0x0A, 0x03, 0xF8, 0xBE, 0x0F, 0xD2, 0xF8, 0x09,
    0x01, 0x80, 0x00, 0x00, 0x00, 0x07, 0x80, 0x00, 0x1E, 0x00, 0x00, 0xB8, 0x00, 0x03, 0xE0, 0x00,
    0xBF, 0xEA, 0x43, 0xFF, 0xFD, 0x01, 0xF8, 0x00, 0x07, 0xE0, 0x00, 0x1F, 0x80, 0x00, 0x7E, 0x00,
    0x01, 0xF8, 0x00, 0x07, 0xE0, 0x00, 0x1F, 0x80, 0x00, 0x3E, 0x00, 0x00, 0xFC, 0x04, 0x03, 0xFF,
    0xF0, 0x07, 0xFF, 0x00, 0x01, 0x40, 0x00, 0x00, 0x06, 0xFF, 0x90, 0x00, 0x03, 0xFF, 0xFF, 0xE0,
    0x00, 0xFE, 0x00, 0x7F, 0x00, 0x1F, 0x80, 0x0B, 0xD0, 0x03, 0xF0, 0x00, 0xF8, 0x00, 0x3F, 0x00,
    0x3F, 0x00, 0x03, 0xF0, 0x07, 0xD0, 0x00, 0x3F, 0x00, 0xFC, 0x00, 0x03, 0xF0, 0x1F, 0xF8, 0x00,
    0x3F, 0x00, 0x9B, 0xF4, 0x03, 0xF0, 0x00, 0x0F, 0xD0, 0x3F, 0x00, 0x00, 0x7E, 0x03, 0xF0, 0x00,
    0x03, 0xF0, 0x3F, 0x04, 0x00, 0x3F, 0x03, 0xF1, 0xD0, 0x07, 0xE0, 0x3F, 0x1F, 0x00, 0xBD, 0x1B,
    0xF1, 0xFE, 0x6F, 0x83, 0xFF, 0x0E, 0xFF, 0xE0, 0x00, 0x00, 0x00, 0x50, 0x00, 0x00, 0x00, 0xA8,
    0x00, 0x00, 0x00, 0x0B, 0xF4, 0x00, 0x00, 0x00, 0x3F, 0xE0, 0x00, 0x00, 0x01, 0xEF, 0xC0, 0x00,
    0x00, 0x0B, 0x2F, 0x40, 0x00, 0x00, 0x3C, 0x7E, 0x00, 0x00, 0x01, 0xE0, 0xFC, 0x00, 0x00, 0x0B,
    0x02, 0xF4, 0x00, 0x00, 0x3C, 0x07, 0xE0, 0x00, 0x01, 0xD0, 0x0F, 0xC0, 0x00, 0x0F, 0x40, 0x2F,
    0x40, 0x00, 0x3F, 0xFF, 0xFF, 0x00, 0x01, 0xE5, 0x55, 0xFC, 0x00, 0x0F, 0x00, 0x02, 0xF8, 0x00,
    0x3C, 0x00, 0x07, 0xF0, 0x02, 0xE0, 0x00, 0x0F, 0xD0, 0x6F, 0xD0, 0x01, 0xBF, 0xE2, 0xFF, 0xD0,
    0x0F, 0xFF, 0xC0, 0x00, 0x00, 0x00, 0x00, 0x00, 0x00, 0x00, 0x00, 0x00, 0x00, 0x02, 0xF8, 0x00,
    0x00, 0x00, 0x0F, 0xF0, 0x00, 0x00, 0x00, 0x2F, 0x80, 0x00, 0x00, 0x00, 0x14, 0x00, 0x00, 0x00,
    0x00, 0x00, 0x01, 0xFF, 0xD0, 0x03, 0xE5, 0xFD, 0x02, 0xF0, 0x0F, 0xC0, 0xBC, 0x02, 0xF0, 0x09,
    0x00, 0xBC, 0x00, 0x00, 0x2F, 0x00, 0x1B, 0xFF, 0xC0, 0x3F, 0x96, 0xF0, 0x2F, 0x40, 0xBC, 0x0F,
    0xC0, 0x2F, 0x03, 0xF4, 0x0F, 0xD0, 0x7F, 0xAE, 0xFE, 0x4B, 0xFD, 0x3F, 0xD0, 0x14, 0x01, 0x40,
    0x00, 0x00, 0x00, 0x00, 0xFC, 0x00, 0x00, 0x7F, 0x40, 0x00, 0x0F, 0xC0, 0x00, 0x00, 0x40, 0x00,
    0x00, 0x00, 0x10, 0x00, 0x00, 0x00, 0x1F, 0xF8, 0x00, 0x00, 0x00, 0xF0, 0xF4, 0x00, 0x00, 0x02,
    0x83, 0xC0, 0x00, 0x00, 0x00, 0x7E, 0x00, 0x00, 0x00, 0x02, 0xE0, 0x00, 0x00, 0x00, 0x05, 0x00,
    0x00, 0x00, 0x00, 0x2A, 0x00, 0x00, 0x00, 0x02, 0xFD, 0x00, 0x00, 0x00, 0x0F, 0xF8, 0x00, 0x00,
    0x00, 0x7B, 0xF0, 0x00, 0x00, 0x02, 0xCB, 0xD0, 0x00, 0x00, 0x0F, 0x1F, 0x80, 0x00, 0x00, 0x78,
    0x3F, 0x00, 0x00, 0x02, 0xC0, 0xBD, 0x00, 0x00, 0x0F, 0x01, 0xF8, 0x00, 0x00, 0x74, 0x03, 0xF0,
    0x00, 0x03, 0xD0, 0x0B, 0xD0, 0x00, 0x0F, 0xFF, 0xFF, 0xC0, 0x00, 0x79, 0x55, 0x7F, 0x00, 0x03,
    0xC0, 0x00, 0xBE, 0x00, 0x0F, 0x00, 0x01, 0xFC, 0x00, 0xB8, 0x00, 0x03, 0xF4, 0x1B, 0xF4, 0x00,
    0x6F, 0xF8, 0xBF, 0xF4, 0x03, 0xFF, 0xF0, 0x00, 0x54, 0x00, 0x01, 0xFF, 0xC0, 0x00, 0xF0, 0xF4,
    0x00, 0x2C, 0x3D, 0x00, 0x00, 0x3E, 0x00, 0x00, 0x2E, 0x00, 0x00, 0x06, 0x00, 0x00, 0x00, 0x00,
    0x00, 0x07, 0xFF, 0x40, 0x0F, 0x97, 0xF4, 0x0B, 0xC0, 0x3F, 0x02, 0xF0, 0x0B, 0xC0, 0x24, 0x02,
    0xF0, 0x00, 0x00, 0xBC, 0x00, 0x6F, 0xFF, 0x00, 0xFE, 0x5B, 0xC0, 0xBD, 0x02, 0xF0, 0x3F, 0x00,
    0xBC, 0x0F, 0xD0, 0x3F, 0x41, 0xFE, 0xBB, 0xF9, 0x2F, 0xF4, 0xFF, 0x40, 0x50, 0x05, 0x00, 0x00,
    0x00, 0x00, 0x00, 0x00, 0x00, 0x00, 0x7C, 0x00, 0x00, 0x00, 0x07, 0xF0, 0x00, 0x00, 0x00, 0xBE,
    0x00, 0x00, 0x00, 0x07, 0x80, 0x00, 0x00, 0x00, 0x00, 0x40, 0x00, 0x00, 0x00, 0x0F, 0xC0, 0x00,
    0x00, 0x00, 0xFF, 0x80, 0x00, 0x00, 0x0F, 0x9F, 0x80, 0x00, 0x00, 0xB4, 0x0B, 0x40, 0x00, 0x00,
    0x00, 0x00, 0x00, 0x00, 0x00, 0x2A, 0x00, 0x00, 0x00, 0x02, 0xFD, 0x00, 0x00, 0x00, 0x0F, 0xF8,
    0x00, 0x00, 0x00, 0x7B, 0xF0, 0x00, 0x00, 0x02, 0xCB, 0xD0, 0x00, 0x00, 0x0F, 0x1F, 0x80, 0x00,
    0x00, 0x78, 0x3F, 0x00, 0x00, 0x02, 0xC0, 0xBD, 0x00, 0x00, 0x0F, 0x01, 0xF8, 0x00, 0x00, 0x74,
    0x03, 0xF0, 0x00, 0x03, 0xD0, 0x0B, 0xD0, 0x00, 0x0F, 0xFF, 0xFF, 0xC0, 0x00, 0x79, 0x55, 0x7F,
    0x00, 0x03, 0xC0, 0x00, 0xBE, 0x00, 0x0F, 0x00, 0x01, 0xFC, 0x00, 0xB8, 0x00, 0x03, 0xF4, 0x1B,
    0xF4, 0x00, 0x6F, 0xF8, 0xBF, 0xF4, 0x03, 0xFF, 0xF0, 0x00, 0x00, 0x00, 0x00, 0x07, 0xC0, 0x00,
    0x0B, 0xF0, 0x00, 0x0B, 0xE0, 0x00, 0x07, 0x80, 0x00, 0x00, 0x18, 0x00, 0x00, 0x0F, 0xC0, 0x00,
    0x0F, 0xF8, 0x00, 0x0B, 0x8F, 0x40, 0x07, 0x80, 0xB0, 0x00, 0x40, 0x04, 0x00, 0x00, 0x00, 0x00,
    0x07, 0xFF, 0x40, 0x0F, 0x97, 0xF4, 0x0B, 0xC0, 0x3F, 0x02, 0xF0, 0x0B, 0xC0, 0x24, 0x02, 0xF0,
    0x00, 0x00, 0xBC, 0x00, 0x6F, 0xFF, 0x00, 0xFE, 0x5B, 0xC0, 0xBD, 0x02, 0xF0, 0x3F, 0x00, 0xBC,
    0x0F, 0xD0, 0x3F, 0x41, 0xFE, 0xBB, 0xF9, 0x2F, 0xF4, 0xFF, 0x40, 0x50, 0x05, 0x00, 0x00, 0x00,
    0x00, 0x00, 0x00, 0x00, 0x1F, 0x00, 0x00, 0x00, 0x00, 0x7F, 0x00, 0x00, 0x00, 0x00, 0xBF, 0x00,
    0x00, 0x00, 0x00, 0x1F, 0x00, 0x00, 0x00, 0x00, 0x40, 0x00, 0x00, 0x00, 0x0F, 0xC0, 0x00, 0x00,
    0x00, 0xFF, 0x80, 0x00, 0x00, 0x0F, 0x9F, 0x80, 0x00, 0x00, 0xB4, 0x0B, 0x40, 0x00, 0x00, 0x00,
    0x00, 0x00, 0x00, 0x00, 0x2A, 0x00, 0x00, 0x00, 0x02, 0xFD, 0x00, 0x00, 0x00, 0x0F, 0xF8, 0x00,
    0x00, 0x00, 0x7B, 0xF0, 0x00, 0x00, 0x02, 0xCB, 0xD0, 0x00, 0x00, 0x0F, 0x1F, 0x80, 0x00, 0x00,
    0x78, 0x3F, 0x00, 0x00, 0x02, 0xC0, 0xBD, 0x00, 0x00, 0x0F, 0x01, 0xF8, 0x00, 0x00, 0x74, 0x03,
    0xF0, 0x00, 0x03, 0xD0, 0x0B, 0xD0, 0x00, 0x0F, 0xFF, 0xFF, 0xC0, 0x00, 0x79, 0x55, 0x7F, 0x00,
    0x03, 0xC0, 0x00, 0xBE, 0x00, 0x0F, 0x00, 0x01, 0xFC, 0x00, 0xB8, 0x00, 0x03, 0xF4, 0x1B, 0xF4,
    0x00, 0x6F, 0xF8, 0xBF, 0xF4, 0x03, 0xFF, 0xF0, 0x00, 0x00, 0x00, 0x01, 0xF0, 0x00, 0x00, 0x7F,
    0x00, 0x00, 0x0B, 0xF0, 0x00, 0x00, 0x1F, 0x00, 0x00, 0x18, 0x00, 0x00, 0x0F, 0xC0, 0x00, 0x0F,
    0xF8, 0x00, 0x0B, 0x8F, 0x40, 0x07, 0x80, 0xB0, 0x00, 0x40, 0x04, 0x00, 0x00, 0x00, 0x00, 0x07,
    0xFF, 0x40, 0x0F, 0x97, 0xF4, 0x0B, 0xC0, 0x3F, 0x02, 0xF0, 0x0B, 0xC0, 0x24, 0x02, 0xF0, 0x00,
    0x00, 0xBC, 0x00, 0x6F, 0xFF, 0x00, 0xFE, 0x5B, 0xC0, 0xBD, 0x02, 0xF0, 0x3F, 0x00, 0xBC, 0x0F,
    0xD0, 0x3F, 0x41, 0xFE, 0xBB, 0xF9, 0x2F, 0xF4, 0xFF, 0x40, 0x50, 0x05, 0x00, 0x00, 0x00, 0x01,
    0xA8, 0x00, 0x00, 0x00, 0x3D, 0xBC, 0x00, 0x00, 0x00, 0xF0, 0xF4, 0x00, 0x00, 0x00, 0x0B, 0xC0,
    0x00, 0x00, 0x10, 0xBC, 0x00, 0x00, 0x03, 0xF2, 0xC0, 0x00, 0x00, 0x3F, 0xE0, 0x00, 0x00, 0x03,
    0xE7, 0xE0, 0x00, 0x00, 0x2D, 0x01, 0xD0, 0x00, 0x00, 0x00, 0x00, 0x00, 0x00, 0x00, 0x0A, 0x80,
    0x00, 0x00, 0x00, 0xBF, 0x40, 0x00, 0x00, 0x03, 0xFE, 0x00, 0x00, 0x00, 0x1E, 0xFC, 0x00, 0x00,
    0x00, 0xB2, 0xF4, 0x00, 0x00, 0x03, 0xC7, 0xE0, 0x00, 0x00, 0x1E, 0x0F, 0xC0, 0x00, 0x00, 0xB0,
    0x2F, 0x40, 0x00, 0x03, 0xC0, 0x7E, 0x00, 0x00, 0x1D, 0x00, 0xFC, 0x00, 0x00, 0xF4, 0x02, 0xF4,
    0x00, 0x03, 0xFF, 0xFF, 0xF0, 0x00, 0x1E, 0x55, 0x5F, 0xC0, 0x00, 0xF0, 0x00, 0x2F, 0x80, 0x03,
    0xC0, 0x00, 0x7F, 0x00, 0x2E, 0x00, 0x00, 0xFD, 0x06, 0xFD, 0x00, 0x1B, 0xFE, 0x2F, 0xFD, 0x00,
    0xFF, 0xFC, 0x00, 0x00, 0x10, 0x00, 0x01, 0xFF, 0x80, 0x00, 0xF0, 0xF0, 0x00, 0x28, 0x7C, 0x00,
    0x00, 0x7D, 0x00, 0x18, 0x3D, 0x00, 0x0F, 0xC5, 0x00, 0x0F, 0xF8, 0x00, 0x0B, 0x8F, 0x40, 0x07,
    0x80, 0xB0, 0x00, 0x40, 0x04, 0x00, 0x00, 0x00, 0x00, 0x07, 0xFF, 0x40, 0x0F, 0x97, 0xF4, 0x0B,
    0xC0, 0x3F, 0x02, 0xF0, 0x0B, 0xC0, 0x24, 0x02, 0xF0, 0x00, 0x00, 0xBC, 0x00, 0x6F, 0xFF, 0x00,
    0xFE, 0x5B, 0xC0, 0xBD, 0x02, 0xF0, 0x3F, 0x00, 0xBC, 0x0F, 0xD0, 0x3F, 0x41, 0xFE, 0xBB, 0xF9,
    0x2F, 0xF4, 0xFF, 0x40, 0x50, 0x05, 0x00, 0x00, 0x02, 0x90, 0x00, 0x00, 0x00, 0x3F, 0xFB, 0xC0,
    0x00, 0x02, 0xDF, 0xFC, 0x00, 0x00, 0x00, 0x01, 0x90, 0x00, 0x00, 0x00, 0x10, 0x00, 0x00, 0x00,
    0x03, 0xF0, 0x00, 0x00, 0x00, 0x3F, 0xE0, 0x00, 0x00, 0x03, 0xE7, 0xE0, 0x00, 0x00, 0x2D, 0x02,
    0xD0, 0x00, 0x00, 0x00, 0x00, 0x00, 0x00, 0x00, 0x0A, 0x80, 0x00, 0x00, 0x00, 0xBF, 0x40, 0x00,
    0x00, 0x03, 0xFE, 0x00, 0x00, 0x00, 0x1E, 0xFC, 0x00, 0x00, 0x00, 0xB2, 0xF4, 0x00, 0x00, 0x03,
    0xC7, 0xE0, 0x00, 0x00, 0x1E, 0x0F, 0xC0, 0x00, 0x00, 0xB0, 0x2F, 0x40, 0x00, 0x03, 0xC0, 0x7E,
    0x00, 0x00, 0x1D, 0x00, 0xFC, 0x00, 0x00, 0xF4, 0x02, 0xF4, 0x00, 0x03, 0xFF, 0xFF, 0xF0, 0x00,
    0x1E, 0x55, 0x5F, 0xC0, 0x00, 0xF0, 0x00, 0x2F, 0x80, 0x03, 0xC0, 0x00, 0x7F, 0x00, 0x2E, 0x00,
    0x00, 0xFD, 0x06, 0xFD, 0x00, 0x1B, 0xFE, 0x2F, 0xFD, 0x00, 0xFF, 0xFC, 0x02, 0x90, 0x00, 0x03,
    0xFF, 0xBC, 0x02, 0xDF, 0xFC, 0x00, 0x00, 0x19, 0x00, 0x00, 0x60, 0x00, 0x00, 0x3F, 0x00, 0x00,
    0x3F, 0xE0, 0x00, 0x2E, 0x3D, 0x00, 0x1E, 0x02, 0xC0, 0x01, 0x00, 0x10, 0x00, 0x00, 0x00, 0x00,
    0x1F, 0xFD, 0x00, 0x3E, 0x5F, 0xD0, 0x2F, 0x00, 0xFC, 0x0B, 0xC0, 0x2F, 0x00, 0x90, 0x0B, 0xC0,
    0x00, 0x02, 0xF0, 0x01, 0xBF, 0xFC, 0x03, 0xF9, 0x6F, 0x02, 0xF4, 0x0B, 0xC0, 0xFC, 0x02, 0xF0,
    0x3F, 0x40, 0xFD, 0x07, 0xFA, 0xEF, 0xE4, 0xBF, 0xD3, 0xFD, 0x01, 0x40, 0x14, 0x00, 0x00, 0x00,
    0x10, 0x00, 0x00, 0x00, 0x03, 0xF0, 0x00, 0x00, 0x00, 0x3F, 0xE0, 0x00, 0x00, 0x03, 0xE7, 0xE0,
    0x00, 0x00, 0x2D, 0x02, 0xD0, 0x00, 0x00, 0x00, 0x00, 0x00, 0x00, 0x00, 0x0A, 0x80, 0x00, 0x00,
    0x00, 0xBF, 0x40, 0x00, 0x00, 0x03, 0xFE, 0x00, 0x00, 0x00, 0x1E, 0xFC, 0x00, 0x00, 0x00, 0xB2,
    0xF4, 0x00, 0x00, 0x03, 0xC7, 0xE0, 0x00, 0x00, 0x1E, 0x0F, 0xC0, 0x00, 0x00, 0xB0, 0x2F, 0x40,
    0x00, 0x03, 0xC0, 0x7E, 0x00, 0x00, 0x1D, 0x00, 0xFC, 0x00, 0x00, 0xF4, 0x02, 0xF4, 0x00, 0x03,
    0xFF, 0xFF, 0xF0, 0x00, 0x1E, 0x55, 0x5F, 0xC0, 0x00, 0xF0, 0x00, 0x2F, 0x80, 0x03, 0xC0, 0x00,
    0x7F, 0x00, 0x2E, 0x00, 0x00, 0xFD, 0x06, 0xFD, 0x00, 0x1B, 0xFE, 0x2F, 0xFD, 0x00, 0xFF, 0xFC,
    0x00, 0x00, 0x00, 0x00, 0x00, 0x00, 0x00, 0x00, 0x00, 0x00, 0x00, 0x2F, 0x80, 0x00, 0x00, 0x00,
    0xFF, 0x00, 0x00, 0x00, 0x02, 0xF8, 0x00, 0x00, 0x00, 0x01, 0x40, 0x00, 0x00, 0x00, 0x60, 0x00,
    0x00, 0x3F, 0x00, 0x00, 0x3F, 0xE0, 0x00, 0x2E, 0x3D, 0x00, 0x1E, 0x02, 0xC0, 0x01, 0x00, 0x10,
    0x00, 0x00, 0x00, 0x00, 0x1F, 0xFD, 0x00, 0x3E, 0x5F, 0xD0, 0x2F, 0x00, 0xFC, 0x0B, 0xC0, 0x2F,
    0x00, 0x90, 0x0B, 0xC0, 0x00, 0x02, 0xF0, 0x01, 0xBF, 0xFC, 0x03, 0xF9, 0x6F, 0x02, 0xF4, 0x0B,
    0xC0, 0xFC, 0x02, 0xF0, 0x3F, 0x40, 0xFD, 0x07, 0xFA, 0xEF, 0xE4, 0xBF, 0xD3, 0xFD, 0x01, 0x40,
    0x14, 0x00, 0x00, 0x00, 0x00, 0x0F, 0xC0, 0x00, 0x07, 0xF4, 0x00, 0x00, 0xFC, 0x00, 0x00, 0x04,
    0x00, 0x00, 0x00, 0x00, 0x00, 0x00, 0x00, 0x00, 0x00, 0x3D, 0x00, 0x00, 0x00, 0x03, 0xF4, 0x00,
    0x00, 0x00, 0x3F, 0x80, 0x00, 0x00, 0x03, 0xD0, 0x00, 0x00, 0x00, 0x00, 0x00, 0x00, 0x00, 0x02,
    0x80, 0x0D, 0x00, 0x00, 0x07, 0x80, 0xF0, 0x00, 0x00, 0x0F, 0xFF, 0x80, 0x00, 0x00, 0x0F, 0xF8,
    0x00, 0x00, 0x00, 0x00, 0x00, 0x00, 0x00, 0x00, 0x2A, 0x00, 0x00, 0x00, 0x02, 0xFD, 0x00, 0x00,
    0x00, 0x0F, 0xF8, 0x00, 0x00, 0x00, 0x7B, 0xF0, 0x00, 0x00, 0x02, 0xCB, 0xD0, 0x00, 0x00, 0x0F,
    0x1F, 0x80, 0x00, 0x00, 0x78, 0x3F, 0x00, 0x00, 0x02, 0xC0, 0xBD, 0x00, 0x00, 0x0F, 0x01, 0xF8,
    0x00, 0x00, 0x74, 0x03, 0xF0, 0x00, 0x03, 0xD0, 0x0B, 0xD0, 0x00, 0x0F, 0xFF, 0xFF, 0xC0, 0x00,
    0x79, 0x55, 0x7F, 0x00, 0x03, 0xC0, 0x00, 0xBE, 0x00, 0x0F, 0x00, 0x01, 0xFC, 0x00, 0xB8, 0x00,
    0x03, 0xF4, 0x1B, 0xF4, 0x00, 0x6F, 0xF8, 0xBF, 0xF4, 0x03, 0xFF, 0xF0, 0x00, 0x00, 0x00, 0x00,
    0x03, 0xC0, 0x00, 0x03, 0xF4, 0x00, 0x07, 0xF4, 0x00, 0x03, 0xD0, 0x00, 0x00, 0x00, 0x10, 0x01,
    0xC0, 0x0D, 0x00, 0x38, 0x0F, 0x00, 0x0B, 0xFF, 0x80, 0x00, 0xFF, 0x80, 0x00, 0x01, 0x00, 0x00,
    0x00, 0x00, 0x00, 0x07, 0xFF, 0x40, 0x0F, 0x97, 0xF4, 0x0B, 0xC0, 0x3F, 0x02, 0xF0, 0x0B, 0xC0,
    0x24, 0x02, 0xF0, 0x00, 0x00, 0xBC, 0x00, 0x6F, 0xFF, 0x00, 0xFE, 0x5B, 0xC0, 0xBD, 0x02, 0xF0,
    0x3F, 0x00, 0xBC, 0x0F, 0xD0, 0x3F, 0x41, 0xFE, 0xBB, 0xF9, 0x2F, 0xF4, 0xFF, 0x40, 0x50, 0x05,
    0x00, 0x00, 0x00, 0x00, 0x00, 0x00, 0x00, 0x3D, 0x00, 0x00, 0x00, 0x00, 0xFE, 0x00, 0x00, 0x00,
    0x00, 0xBE, 0x00, 0x00, 0x00, 0x00, 0x2D, 0x00, 0x00, 0x00, 0x00, 0x00, 0x00, 0x00, 0x02, 0x80,
    0x0D, 0x00, 0x00, 0x07, 0x80, 0xF0, 0x00, 0x00, 0x0F, 0xFF, 0x80, 0x00, 0x00, 0x0F, 0xF8, 0x00,
    0x00, 0x00, 0x00, 0x00, 0x00, 0x00, 0x00, 0x2A, 0x00, 0x00, 0x00, 0x02, 0xFD, 0x00, 0x00, 0x00,
    0x0F, 0xF8, 0x00, 0x00, 0x00, 0x7B, 0xF0, 0x00, 0x00, 0x02, 0xCB, 0xD0, 0x00, 0x00, 0x0F, 0x1F,
    0x80, 0x00, 0x00, 0x78, 0x3F, 0x00, 0x00, 0x02, 0xC0, 0xBD, 0x00, 0x00, 0x0F, 0x01, 0xF8, 0x00,
    0x00, 0x74, 0x03, 0xF0, 0x00, 0x03, 0xD0, 0x0B, 0xD0, 0x00, 0x0F, 0xFF, 0xFF, 0xC0, 0x00, 0x79,
    0x55, 0x7F, 0x00, 0x03, 0xC0, 0x00, 0xBE, 0x00, 0x0F, 0x00, 0x01, 0xFC, 0x00, 0xB8, 0x00, 0x03,
    0xF4, 0x1B, 0xF4, 0x00, 0x6F, 0xF8, 0xBF, 0xF4, 0x03, 0xFF, 0xF0, 0x00, 0x00, 0x00, 0x02, 0xE0,
    0x00, 0x00, 0xBE, 0x00, 0x00, 0x0B, 0xE0, 0x00, 0x00, 0x2E, 0x00, 0x00, 0x00, 0x10, 0x01, 0xC0,
    0x0D, 0x00, 0x38, 0x0F, 0x00, 0x0B, 0xFF, 0x80, 0x00, 0xFF, 0x80, 0x00, 0x01, 0x00, 0x00, 0x00,
    0x00, 0x00, 0x07, 0xFF, 0x40, 0x0F, 0x97, 0xF4, 0x0B, 0xC0, 0x3F, 0x02, 0xF0, 0x0B, 0xC0, 0x24,
    0x02, 0xF0, 0x00, 0x00, 0xBC, 0x00, 0x6F, 0xFF, 0x00, 0xFE, 0x5B, 0xC0, 0xBD, 0x02, 0xF0, 0x3F,
    0x00, 0xBC, 0x0F, 0xD0, 0x3F, 0x41, 0xFE, 0xBB, 0xF9, 0x2F, 0xF4, 0xFF, 0x40, 0x50, 0x05, 0x00,
    0x00, 0x00, 0x10, 0x00, 0x00, 0x00, 0x1F, 0xFC, 0x00, 0x00, 0x00, 0xF0, 0xF4, 0x00, 0x00, 0x02,
    0xC3, 0xD0, 0x00, 0x00, 0x00, 0x3E, 0x00, 0x00, 0x00, 0x02, 0xE0, 0x00, 0x00, 0x00, 0x01, 0x00,
    0x00, 0x00, 0x0A, 0x00, 0x34, 0x00, 0x00, 0x1E, 0x03, 0xC0, 0x00, 0x00, 0x3F, 0xFE, 0x00, 0x00,
    0x00, 0x3F, 0xE0, 0x00, 0x00, 0x00, 0x00, 0x00, 0x00, 0x00, 0x00, 0xA8, 0x00, 0x00, 0x00, 0x0B,
    0xF4, 0x00, 0x00, 0x00, 0x3F, 0xE0, 0x00, 0x00, 0x01, 0xEF, 0xC0, 0x00, 0x00, 0x0B, 0x2F, 0x40,
    0x00, 0x00, 0x3C, 0x7E, 0x00, 0x00, 0x01, 0xE0, 0xFC, 0x00, 0x00, 0x0B, 0x02, 0xF4, 0x00, 0x00,
    0x3C, 0x07, 0xE0, 0x00, 0x01, 0xD0, 0x0F, 0xC0, 0x00, 0x0F, 0x40, 0x2F, 0x40, 0x00, 0x3F, 0xFF,
    0xFF, 0x00, 0x01, 0xE5, 0x55, 0xFC, 0x00, 0x0F, 0x00, 0x02, 0xF8, 0x00, 0x3C, 0x00, 0x07, 0xF0,
    0x02, 0xE0, 0x00, 0x0F, 0xD0, 0x6F, 0xD0, 0x01, 0xBF, 0xE2, 0xFF, 0xD0, 0x0F, 0xFF, 0xC0, 0x00,
    0x10, 0x00, 0x01, 0xFF, 0xC0, 0x00, 0xF0, 0xF4, 0x00, 0x2C, 0x3D, 0x00, 0x00, 0x3E, 0x00, 0x00,
    0x2E, 0x00, 0x00, 0x01, 0x04, 0x00, 0x70, 0x03, 0x40, 0x0E, 0x03, 0xC0, 0x02, 0xFF, 0xE0, 0x00,
    0x3F, 0xE0, 0x00, 0x00, 0x40, 0x00, 0x00, 0x00, 0x00, 0x01, 0xFF, 0xD0, 0x03, 0xE5, 0xFD, 0x02,
    0xF0, 0x0F, 0xC0, 0xBC, 0x02, 0xF0, 0x09, 0x00, 0xBC, 0x00, 0x00, 0x2F, 0x00, 0x1B, 0xFF, 0xC0,
    0x3F, 0x96, 0xF0, 0x2F, 0x40, 0xBC, 0x0F, 0xC0, 0x2F, 0x03, 0xF4, 0x0F, 0xD0, 0x7F, 0xAE, 0xFE,
    0x4B, 0xFD, 0x3F, 0xD0, 0x14, 0x01, 0x40, 0x00, 0x06, 0x80, 0x00, 0x00, 0x00, 0x7F, 0xFB, 0x80,
    0x00, 0x03, 0xAF, 0xFC, 0x00, 0x00, 0x00, 0x02, 0x80, 0x00, 0x00, 0x00, 0x00, 0x00, 0x00, 0x00,
    0xA0, 0x03, 0x40, 0x00, 0x01, 0xE0, 0x3C, 0x00, 0x00, 0x03, 0xFF, 0xE0, 0x00, 0x00, 0x03, 0xFE,
    0x00, 0x00, 0x00, 0x00, 0x00, 0x00, 0x00, 0x00, 0x0A, 0x80, 0x00, 0x00, 0x00, 0xBF, 0x40, 0x00,
    0x00, 0x03, 0xFE, 0x00, 0x00, 0x00, 0x1E, 0xFC, 0x00, 0x00, 0x00, 0xB2, 0xF4, 0x00, 0x00, 0x03,
    0xC7, 0xE0, 0x00, 0x00, 0x1E, 0x0F, 0xC0, 0x00, 0x00, 0xB0, 0x2F, 0x40, 0x00, 0x03, 0xC0, 0x7E,
    0x00, 0x00, 0x1D, 0x00, 0xFC, 0x00, 0x00, 0xF4, 0x02, 0xF4, 0x00, 0x03, 0xFF, 0xFF, 0xF0, 0x00,
    0x1E, 0x55, 0x5F, 0xC0, 0x00, 0xF0, 0x00, 0x2F, 0x80, 0x03, 0xC0, 0x00, 0x7F, 0x00, 0x2E, 0x00,
    0x00, 0xFD, 0x06, 0xFD, 0x00, 0x1B, 0xFE, 0x2F, 0xFD, 0x00, 0xFF, 0xFC, 0x06, 0x80, 0x00, 0x07,
    0xFF, 0xB4, 0x03, 0xAF, 0xFC, 0x00, 0x00, 0x68, 0x00, 0x00, 0x00, 0x40, 0x07, 0x00, 0x34, 0x00,
    0xE0, 0x3C, 0x00, 0x2F, 0xFE, 0x00, 0x03, 0xFE, 0x00, 0x00, 0x04, 0x00, 0x00, 0x00, 0x00, 0x00,
    0x1F, 0xFD, 0x00, 0x3E, 0x5F, 0xD0, 0x2F, 0x00, 0xFC, 0x0B, 0xC0, 0x2F, 0x00, 0x90, 0x0B, 0xC0,
    0x00, 0x02, 0xF0, 0x01, 0xBF, 0xFC, 0x03, 0xF9, 0x6F, 0x02, 0xF4, 0x0B, 0xC0, 0xFC, 0x02, 0xF0,
    0x3F, 0x40, 0xFD, 0x07, 0xFA, 0xEF, 0xE4, 0xBF, 0xD3, 0xFD, 0x01, 0x40, 0x14, 0x00, 0x00, 0x00,
    0x00, 0x00, 0x00, 0x00, 0xA0, 0x03, 0x40, 0x00, 0x01, 0xE0, 0x3C, 0x00, 0x00, 0x03, 0xFF, 0xE0,
    0x00, 0x00, 0x03, 0xFE, 0x00, 0x00, 0x00, 0x00, 0x00, 0x00, 0x00, 0x00, 0x0A, 0x80, 0x00, 0x00,
    0x00, 0xBF, 0x40, 0x00, 0x00, 0x03, 0xFE, 0x00, 0x00, 0x00, 0x1E, 0xFC, 0x00, 0x00, 0x00, 0xB2,
    0xF4, 0x00, 0x00, 0x03, 0xC7, 0xE0, 0x00, 0x00, 0x1E, 0x0F, 0xC0, 0x00, 0x00, 0xB0, 0x2F, 0x40,
    0x00, 0x03, 0xC0, 0x7E, 0x00, 0x00, 0x1D, 0x00, 0xFC, 0x00, 0x00, 0xF4, 0x02, 0xF4, 0x00, 0x03,
    0xFF, 0xFF, 0xF0, 0x00, 0x1E, 0x55, 0x5F, 0xC0, 0x00, 0xF0, 0x00, 0x2F, 0x80, 0x03, 0xC0, 0x00,
    0x7F, 0x00, 0x2E, 0x00, 0x00, 0xFD, 0x06, 0xFD, 0x00, 0x1B, 0xFE, 0x2F, 0xFD, 0x00, 0xFF, 0xFC,
    0x00, 0x00, 0x00, 0x00, 0x00, 0x00, 0x00, 0x00, 0x00, 0x00, 0x00, 0x2F, 0x80, 0x00, 0x00, 0x00,
    0xFF, 0x00, 0x00, 0x00, 0x02, 0xF8, 0x00, 0x00, 0x00, 0x01, 0x40, 0x00, 0x00, 0x00, 0x00, 0x40,
    0x07, 0x00, 0x34, 0x00, 0xE0, 0x3C, 0x00, 0x2F, 0xFE, 0x00, 0x03, 0xFE, 0x00, 0x00, 0x04, 0x00,
    0x00, 0x00, 0x00, 0x00, 0x1F, 0xFD, 0x00, 0x3E, 0x5F, 0xD0, 0x2F, 0x00, 0xFC, 0x0B, 0xC0, 0x2F,
    0x00, 0x90, 0x0B, 0xC0, 0x00, 0x02, 0xF0, 0x01, 0xBF, 0xFC, 0x03, 0xF9, 0x6F, 0x02, 0xF4, 0x0B,
    0xC0, 0xFC, 0x02, 0xF0, 0x3F, 0x40, 0xFD, 0x07, 0xFA, 0xEF, 0xE4, 0xBF, 0xD3, 0xFD, 0x01, 0x40,
    0x14, 0x00, 0x00, 0x00, 0x00, 0x0F, 0xC0, 0x00, 0x07, 0xF4, 0x00, 0x00, 0xFC, 0x00, 0x00, 0x04,
    0x00, 0x00, 0x6A, 0xAA, 0xAA, 0x47, 0xFF, 0xFF, 0xF8, 0x0B, 0xE0, 0x0B, 0xC0, 0x7E, 0x00, 0x3C,
    0x07, 0xE0, 0x01, 0xD0, 0x7E, 0x00, 0x00, 0x07, 0xE0, 0x1C, 0x00, 0x7E, 0x02, 0xC0, 0x07, 0xFF,
    0xFC, 0x00, 0x7F, 0xFF, 0xC0, 0x07, 0xE0, 0x3C, 0x00, 0x7E, 0x01, 0xC0, 0x07, 0xE0, 0x00, 0x00,
    0x7E, 0x00, 0x0A, 0x07, 0xE0, 0x00, 0xF0, 0x7E, 0x00, 0x2E, 0x2F, 0xFA, 0xAF, 0xEB, 0xFF, 0xFF,
    0xFD, 0x00, 0x00, 0x00, 0x00, 0x00, 0x00, 0x00, 0x00, 0x0F, 0xC0, 0x00, 0x02, 0xFD, 0x00, 0x00,
    0x1F, 0xC0, 0x00, 0x00, 0x10, 0x00, 0x00, 0x00, 0x00, 0x01, 0xFF, 0x80, 0x0F, 0xE7, 0xF4, 0x2F,
    0x00, 0xFC, 0x7D, 0x00, 0xBC, 0xBC, 0x00, 0xBD, 0xFE, 0xAA, 0xFC, 0xFF, 0xFF, 0xFC, 0xFC, 0x00,
    0x00, 0xFD, 0x00, 0x00, 0x7F, 0x00, 0x00, 0x3F, 0x80, 0x2C, 0x1F, 0xFF, 0xF8, 0x07, 0xFF, 0xD0,
    0x00, 0x14, 0x00, 0x00, 0x00, 0x00, 0x00, 0x7E, 0x00, 0x00, 0xFF, 0x00, 0x00, 0xBF, 0x00, 0x00,
    0x14, 0x00, 0x00, 0x05, 0x00, 0x00, 0x0B, 0xFE, 0x00, 0x00, 0xF0, 0xF0, 0x00, 0x0E, 0x1F, 0x00,
    0x00, 0x07, 0xD0, 0x00, 0x00, 0xF4, 0x00, 0x00, 0x05, 0x00, 0x06, 0xAA, 0xAA, 0xA4, 0x7F, 0xFF,
    0xFF, 0x80, 0xBE, 0x00, 0xBC, 0x07, 0xE0, 0x03, 0xC0, 0x7E, 0x00, 0x1D, 0x07, 0xE0, 0x00, 0x00,
    0x7E, 0x01, 0xC0, 0x07, 0xE0, 0x2C, 0x00, 0x7F, 0xFF, 0xC0, 0x07, 0xFF, 0xFC, 0x00, 0x7E, 0x03,
    0xC0, 0x07, 0xE0, 0x1C, 0x00, 0x7E, 0x00, 0x00, 0x07, 0xE0, 0x00, 0xA0, 0x7E, 0x00, 0x0F, 0x07,
    0xE0, 0x02, 0xE2, 0xFF, 0xAA, 0xFE, 0xBF, 0xFF, 0xFF, 0xD0, 0x00, 0x14, 0x00, 0x02, 0xFF, 0x80,
    0x03, 0xC3, 0xC0, 0x02, 0x87, 0xC0, 0x00, 0x1F, 0x40, 0x00, 0x3D, 0x00, 0x00, 0x28, 0x00, 0x00,
    0x00, 0x00, 0x01, 0xFF, 0x80, 0x0F, 0xE7, 0xF4, 0x2F, 0x00, 0xFC, 0x7D, 0x00, 0xBC, 0xBC, 0x00,
    0xBD, 0xFE, 0xAA, 0xFC, 0xFF, 0xFF, 0xFC, 0xFC, 0x00, 0x00, 0xFD, 0x00, 0x00, 0x7F, 0x00, 0x00,
    0x3F, 0x80, 0x2C, 0x1F, 0xFF, 0xF8, 0x07, 0xFF, 0xD0, 0x00, 0x14, 0x00, 0x00, 0xA8, 0x00, 0x00,
    0x2F, 0xFA, 0xD0, 0x03, 0xAF, 0xF8, 0x00, 0x00, 0x1A, 0x00, 0x00, 0x00, 0x00, 0x06, 0xAA, 0xAA,
    0xA4, 0x7F, 0xFF, 0xFF, 0x80, 0xBE, 0x00, 0xBC, 0x07, 0xE0, 0x03, 0xC0, 0x7E, 0x00, 0x1D, 0x07,
    0xE0, 0x00, 0x00, 0x7E, 0x01, 0xC0, 0x07, 0xE0, 0x2C, 0x00, 0x7F, 0xFF, 0xC0, 0x07, 0xFF, 0xFC,
    0x00, 0x7E, 0x03, 0xC0, 0x07, 0xE0, 0x1C, 0x00, 0x7E, 0x00, 0x00, 0x07, 0xE0, 0x00, 0xA0, 0x7E,
    0x00, 0x0F, 0x07, 0xE0, 0x02, 0xE2, 0xFF, 0xAA, 0xFE, 0xBF, 0xFF, 0xFF, 0xD0, 0x02, 0xA0, 0x00,
    0x0B, 0xFF, 0xB0, 0x0E, 0xBF, 0xE0, 0x00, 0x06, 0x40, 0x00, 0x00, 0x00, 0x00, 0x00, 0x00, 0x01,
    0xFF, 0x80, 0x0F, 0xE7, 0xF4, 0x2F, 0x00, 0xFC, 0x7D, 0x00, 0xBC, 0xBC, 0x00, 0xBD, 0xFE, 0xAA,
    0xFC, 0xFF, 0xFF, 0xFC, 0xFC, 0x00, 0x00, 0xFD, 0x00, 0x00, 0x7F, 0x00, 0x00, 0x3F, 0x80, 0x2C,
    0x1F, 0xFF, 0xF8, 0x07, 0xFF, 0xD0, 0x00, 0x14, 0x00, 0x00, 0x00, 0x00, 0x00, 0x00, 0x2E, 0x00,
    0x00, 0x0B, 0xE0, 0x00, 0x02, 0xF8, 0x00, 0x00, 0xB8, 0x00, 0x00, 0x00, 0x50, 0x00, 0x00, 0x1F,
    0x80, 0x00, 0x07, 0xFD, 0x00, 0x00, 0xF9, 0xF4, 0x00, 0x3C, 0x02, 0xC0, 0x00, 0x00, 0x00, 0x06,
    0xAA, 0xAA, 0xA4, 0x7F, 0xFF, 0xFF, 0x80, 0xBE, 0x00, 0xBC, 0x07, 0xE0, 0x03, 0xC0, 0x7E, 0x00,
    0x1D, 0x07, 0xE0, 0x00, 0x00, 0x7E, 0x01, 0xC0, 0x07, 0xE0, 0x2C, 0x00, 0x7F, 0xFF, 0xC0, 0x07,
    0xFF, 0xFC, 0x00, 0x7E, 0x03, 0xC0, 0x07, 0xE0, 0x1C, 0x00, 0x7E, 0x00, 0x00, 0x07, 0xE0, 0x00,
    0xA0, 0x7E, 0x00, 0x0F, 0x07, 0xE0, 0x02, 0xE2, 0xFF, 0xAA, 0xFE, 0xBF, 0xFF, 0xFF, 0xD0, 0x00,
    0x00, 0x00, 0x00, 0x07, 0xC0, 0x00, 0x2F, 0xC0, 0x00, 0xBE, 0x00, 0x01, 0xE0, 0x00, 0x00, 0x18,
    0x00, 0x00, 0x7E, 0x00, 0x00, 0xFF, 0x40, 0x03, 0xE7, 0xC0, 0x0B, 0x40, 0xF0, 0x00, 0x00, 0x10,
    0x00, 0x00, 0x00, 0x01, 0xFF, 0x80, 0x0F, 0xE7, 0xF4, 0x2F, 0x00, 0xFC, 0x7D, 0x00, 0xBC, 0xBC,
    0x00, 0xBD, 0xFE, 0xAA, 0xFC, 0xFF, 0xFF, 0xFC, 0xFC, 0x00, 0x00, 0xFD, 0x00, 0x00, 0x7F, 0x00,
    0x00, 0x3F, 0x80, 0x2C, 0x1F, 0xFF, 0xF8, 0x07, 0xFF, 0xD0, 0x00, 0x14, 0x00, 0x00, 0x00, 0x00,
    0x00, 0x0B, 0x80, 0x00, 0x00, 0xBE, 0x00, 0x00, 0x02, 0xF8, 0x00, 0x00, 0x01, 0xE0, 0x00, 0x00,
    0x50, 0x00, 0x00, 0x1F, 0x80, 0x00, 0x07, 0xFD, 0x00, 0x00, 0xF9, 0xF4, 0x00, 0x3C, 0x02, 0xC0,
    0x00, 0x00, 0x00, 0x06, 0xAA, 0xAA, 0xA4, 0x7F, 0xFF, 0xFF, 0x80, 0xBE, 0x00, 0xBC, 0x07, 0xE0,
    0x03, 0xC0, 0x7E, 0x00, 0x1D, 0x07, 0xE0, 0x00, 0x00, 0x7E, 0x01, 0xC0, 0x07, 0xE0, 0x2C, 0x00,
    0x7F, 0xFF, 0xC0, 0x07, 0xFF, 0xFC, 0x00, 0x7E, 0x03, 0xC0, 0x07, 0xE0, 0x1C, 0x00, 0x7E, 0x00,
    0x00, 0x07, 0xE0, 0x00, 0xA0, 0x7E, 0x00, 0x0F, 0x07, 0xE0, 0x02, 0xE2, 0xFF, 0xAA, 0xFE, 0xBF,
    0xFF, 0xFF, 0xD0, 0x00, 0x00, 0x00, 0x01, 0xE0, 0x00, 0x02, 0xFC, 0x00, 0x00, 0xBF, 0x00, 0x00,
    0x07, 0x80, 0x00, 0x18, 0x00, 0x00, 0x7E, 0x00, 0x00, 0xFF, 0x40, 0x03, 0xE7, 0xC0, 0x0B, 0x40,
    0xF0, 0x00, 0x00, 0x10, 0x00, 0x00, 0x00, 0x01, 0xFF, 0x80, 0x0F, 0xE7, 0xF4, 0x2F, 0x00, 0xFC,
    0x7D, 0x00, 0xBC, 0xBC, 0x00, 0xBD, 0xFE, 0xAA, 0xFC, 0xFF, 0xFF, 0xFC, 0xFC, 0x00, 0x00, 0xFD,
    0x00, 0x00, 0x7F, 0x00, 0x00, 0x3F, 0x80, 0x2C, 0x1F, 0xFF, 0xF8, 0x07, 0xFF, 0xD0, 0x00, 0x14,
    0x00, 0x00, 0x00, 0x2A, 0x80, 0x00, 0x03, 0xDB, 0xC0, 0x00, 0x1F, 0x0F, 0x00, 0x00, 0x10, 0xF8,
    0x00, 0x05, 0x0F, 0x80, 0x00, 0x7E, 0x3C, 0x00, 0x07, 0xFE, 0x00, 0x00, 0x3E, 0x7D, 0x00, 0x03,
    0xC0, 0x2C, 0x00, 0x00, 0x00, 0x00, 0x06, 0xAA, 0xAA, 0xA4, 0x1F, 0xFF, 0xFF, 0xE0, 0x0B, 0xE0,
    0x0B, 0xC0, 0x1F, 0x80, 0x0F, 0x00, 0x7E, 0x00, 0x1D, 0x01, 0xF8, 0x00, 0x00, 0x07, 0xE0, 0x1C,
    0x00, 0x1F, 0x80, 0xB0, 0x00, 0x7F, 0xFF, 0xC0, 0x01, 0xFF, 0xFF, 0x00, 0x07, 0xE0, 0x3C, 0x00,
    0x1F, 0x80, 0x70, 0x00, 0x7E, 0x00, 0x00, 0x01, 0xF8, 0x00, 0x28, 0x07, 0xE0, 0x00, 0xF0, 0x1F,
    0x80, 0x0B, 0x82, 0xFF, 0xAA, 0xFE, 0x2F, 0xFF, 0xFF, 0xF4, 0x00, 0x00, 0x10, 0x00, 0x00, 0xBF,
    0xD0, 0x00, 0x78, 0x7C, 0x00, 0x0D, 0x2F, 0x00, 0x00, 0x2F, 0x00, 0x06, 0x0F, 0x00, 0x07, 0xE1,
    0x40, 0x03, 0xFD, 0x00, 0x03, 0xE7, 0xC0, 0x02, 0xD0, 0x3C, 0x00, 0x00, 0x01, 0x00, 0x00, 0x00,
    0x00, 0x01, 0xFF, 0x80, 0x03, 0xF9, 0xFD, 0x02, 0xF0, 0x0F, 0xC1, 0xF4, 0x02, 0xF0, 0xBC, 0x00,
    0xBD, 0x3F, 0xAA, 0xBF, 0x0F, 0xFF, 0xFF, 0xC3, 0xF0, 0x00, 0x00, 0xFD, 0x00, 0x00, 0x1F, 0xC0,
    0x00, 0x03, 0xF8, 0x02, 0xC0, 0x7F, 0xFF, 0xE0, 0x07, 0xFF, 0xD0, 0x00, 0x05, 0x00, 0x00, 0x00,
    0x68, 0x00, 0x00, 0x1F, 0xFE, 0xD0, 0x03, 0xAF, 0xFC, 0x00, 0x00, 0x1A, 0x00, 0x00, 0x05, 0x00,
    0x00, 0x01, 0xF8, 0x00, 0x00, 0x7F, 0xD0, 0x00, 0x0F, 0x9F, 0x40, 0x03, 0xC0, 0x2C, 0x00, 0x00,
    0x00, 0x00, 0x6A, 0xAA, 0xAA, 0x47, 0xFF, 0xFF, 0xF8, 0x0B, 0xE0, 0x0B, 0xC0, 0x7E, 0x00, 0x3C,
    0x07, 0xE0, 0x01, 0xD0, 0x7E, 0x00, 0x00, 0x07, 0xE0, 0x1C, 0x00, 0x7E, 0x02, 0xC0, 0x07, 0xFF,
    0xFC, 0x00, 0x7F, 0xFF, 0xC0, 0x07, 0xE0, 0x3C, 0x00, 0x7E, 0x01, 0xC0, 0x07, 0xE0, 0x00, 0x00,
    0x7E, 0x00, 0x0A, 0x07, 0xE0, 0x00, 0xF0, 0x7E, 0x00, 0x2E, 0x2F, 0xFA, 0xAF, 0xEB, 0xFF, 0xFF,
    0xFD, 0x01, 0xA0, 0x00, 0x07, 0xFF, 0xB4, 0x0E, 0xBF, 0xF0, 0x00, 0x02, 0x80, 0x00, 0x18, 0x00,
    0x00, 0x7E, 0x00, 0x00, 0xFF, 0x40, 0x03, 0xE7, 0xC0, 0x0B, 0x40, 0xF0, 0x00, 0x00, 0x10, 0x00,
    0x00, 0x00, 0x01, 0xFF, 0x80, 0x0F, 0xE7, 0xF4, 0x2F, 0x00, 0xFC, 0x7D, 0x00, 0xBC, 0xBC, 0x00,
    0xBD, 0xFE, 0xAA, 0xFC, 0xFF, 0xFF, 0xFC, 0xFC, 0x00, 0x00, 0xFD, 0x00, 0x00, 0x7F, 0x00, 0x00,
    0x3F, 0x80, 0x2C, 0x1F, 0xFF, 0xF8, 0x07, 0xFF, 0xD0, 0x00, 0x14, 0x00, 0x00, 0x05, 0x00, 0x00,
    0x01, 0xF8, 0x00, 0x00, 0x7F, 0xD0, 0x00, 0x0F, 0x9F, 0x40, 0x03, 0xC0, 0x2C, 0x00, 0x00, 0x00,
    0x00, 0x6A, 0xAA, 0xAA, 0x47, 0xFF, 0xFF, 0xF8, 0x0B, 0xE0, 0x0B, 0xC0, 0x7E, 0x00, 0x3C, 0x07,
    0xE0, 0x01, 0xD0, 0x7E, 0x00, 0x00, 0x07, 0xE0, 0x1C, 0x00, 0x7E, 0x02, 0xC0, 0x07, 0xFF, 0xFC,
    0x00, 0x7F, 0xFF, 0xC0, 0x07, 0xE0, 0x3C, 0x00, 0x7E, 0x01, 0xC0, 0x07, 0xE0, 0x00, 0x00, 0x7E,
    0x00, 0x0A, 0x07, 0xE0, 0x00, 0xF0, 0x7E, 0x00, 0x2E, 0x2F, 0xFA, 0xAF, 0xEB, 0xFF, 0xFF, 0xFD,
    0x00, 0x00, 0x00, 0x00, 0x00, 0x00, 0x00, 0x00, 0x0F, 0xC0, 0x00, 0x02, 0xFD, 0x00, 0x00, 0x1F,
    0xC0, 0x00, 0x00, 0x10, 0x00, 0x00, 0x18, 0x00, 0x00, 0x7E, 0x00, 0x00, 0xFF, 0x40, 0x03, 0xE7,
    0xC0, 0x0B, 0x40, 0xF0, 0x00, 0x00, 0x10, 0x00, 0x00, 0x00, 0x01, 0xFF, 0x80, 0x0F, 0xE7, 0xF4,
    0x2F, 0x00, 0xFC, 0x7D, 0x00, 0xBC, 0xBC, 0x00, 0xBD, 0xFE, 0xAA, 0xFC, 0xFF, 0xFF, 0xFC, 0xFC,
    0x00, 0x00, 0xFD, 0x00, 0x00, 0x7F, 0x00, 0x00, 0x3F, 0x80, 0x2C, 0x1F, 0xFF, 0xF8, 0x07, 0xFF,
    0xD0, 0x00, 0x14, 0x00, 0x00, 0x00, 0x00, 0x00, 0x7E, 0x00, 0x00, 0xFF, 0x00, 0x00, 0xBF, 0x00,
    0x00, 0x14, 0x00, 0x01, 0x40, 0x2F, 0xF8, 0x3C, 0x3C, 0x38, 0x7C, 0x01, 0xF4, 0x03, 0xD0, 0x01,
    0x40, 0x6A, 0xA9, 0x7F, 0xFF, 0x0B, 0xF0, 0x07, 0xE0, 0x07, 0xE0, 0x07, 0xE0, 0x07, 0xE0, 0x07,
    0xE0, 0x07, 0xE0, 0x07, 0xE0, 0x07, 0xE0, 0x07, 0xE0, 0x07, 0xE0, 0x07, 0xE0, 0x07, 0xE0, 0x07,
    0xE0, 0x2F, 0xF9, 0xBF, 0xFF, 0x05, 0x40, 0x3F, 0xF0, 0xB4, 0xB8, 0x70, 0xF4, 0x03, 0xE0, 0x07,
    0x80, 0x06, 0x40, 0x00, 0x00, 0x2A, 0xE0, 0x3F, 0xF0, 0x03, 0xF0, 0x03, 0xF0, 0x03, 0xF0, 0x03,
    0xF0, 0x03, 0xF0, 0x03, 0xF0, 0x03, 0xF0, 0x03, 0xF0, 0x03, 0xF0, 0x1B, 0xF9, 0x3F, 0xFF, 0x6A,
    0xA9, 0x7F, 0xFF, 0x0B, 0xF0, 0x07, 0xE0, 0x07, 0xE0, 0x07, 0xE0, 0x07, 0xE0, 0x07, 0xE0, 0x07,
    0xE0, 0x07, 0xE0, 0x07, 0xE0, 0x07, 0xE0, 0x07, 0xE0, 0x07, 0xE0, 0x07, 0xE0, 0x07, 0xE0, 0x2F,
    0xF9, 0xBF, 0xFF, 0x00, 0x00, 0x00, 0x00, 0x07, 0xE0, 0x0F, 0xF0, 0x0B, 0xF0, 0x01, 0x40, 0x07,
    0xD0, 0x0F, 0xF0, 0x0B, 0xF0, 0x02, 0x80, 0x00, 0x00, 0x00, 0x00, 0x2A, 0xE0, 0x3F, 0xF0, 0x03,
    0xF0, 0x03, 0xF0, 0x03, 0xF0, 0x03, 0xF0, 0x03, 0xF0, 0x03, 0xF0, 0x03, 0xF0, 0x03, 0xF0, 0x03,
    0xF0, 0x1B, 0xF9, 0x3F, 0xFF, 0x00, 0x00, 0x00, 0x00, 0x03, 0xF0, 0x07, 0xF4, 0x03, 0xF0, 0x00,
    0x40, 0x00, 0x1B, 0xF9, 0x00, 0x00, 0x3F, 0xFF, 0xF8, 0x00, 0x7F, 0x40, 0x7F, 0x80, 0x3F, 0x00,
    0x03, 0xF4, 0x2F, 0x40, 0x00, 0x7F, 0x0F, 0xC0, 0x00, 0x0F, 0xD7, 0xE0, 0x00, 0x02, 0xFA, 0xF4,
    0x00, 0x00, 0x7F, 0xFD, 0x00, 0x00, 0x1F, 0xFF, 0x40, 0x00, 0x07, 0xFF, 0xD0, 0x00, 0x01, 0xFE,
    0xF8, 0x00, 0x00, 0x7E, 0x7F, 0x00, 0x00, 0x2F, 0x4F, 0xD0, 0x00, 0x0F, 0xC2, 0xFC, 0x00, 0x07,
    0xD0, 0x3F, 0xC0, 0x07, 0xF0, 0x03, 0xFE, 0xAF, 0xE0, 0x00, 0x1F, 0xFF, 0xD0, 0x00, 0x00, 0x15,
    0x00, 0x00, 0x00, 0x00, 0x00, 0x00, 0x00, 0x03, 0xF0, 0x00, 0x00, 0x01, 0xFD, 0x00, 0x00, 0x00,
    0x3F, 0x00, 0x00, 0x00, 0x01, 0x00, 0x00, 0x00, 0x00, 0x00, 0x00, 0x7F, 0xF8, 0x00, 0xFE, 0xBF,
    0xC0, 0xBC, 0x02, 0xFC, 0x7E, 0x00, 0x3F, 0x6F, 0x40, 0x07, 0xEF, 0xC0, 0x01, 0xFF, 0xF0, 0x00,
    0x3F, 0xFC, 0x00, 0x0F, 0xFF, 0x40, 0x07, 0xEB, 0xE0, 0x02, 0xF4, 0xFD, 0x00, 0xFC, 0x1F, 0xE5,
    0xFC, 0x01, 0xFF, 0xF8, 0x00, 0x01, 0x50, 0x00, 0x00, 0x00, 0x00, 0x00, 0x3F, 0x00, 0x00, 0x1F,
    0xD0, 0x00, 0x03, 0xF0, 0x00, 0x00, 0x10, 0x00, 0x00, 0x00, 0x40, 0x00, 0x00, 0x03, 0xFF, 0x00,
    0x00, 0x03, 0xD2, 0xE0, 0x00, 0x00, 0x70, 0xF4, 0x00, 0x00, 0x00, 0xFC, 0x00, 0x00, 0x00, 0x7C,
    0x00, 0x00, 0x00, 0x04, 0x00, 0x00, 0x00, 0x6F, 0xE4, 0x00, 0x00, 0xFF, 0xFF, 0xE0, 0x01, 0xFD,
    0x01, 0xFE, 0x00, 0xFC, 0x00, 0x0F, 0xD0, 0xBD, 0x00, 0x01, 0xFC, 0x3F, 0x00, 0x00, 0x3F, 0x5F,
    0x80, 0x00, 0x0B, 0xEB, 0xD0, 0x00, 0x01, 0xFF, 0xF4, 0x00, 0x00, 0x7F, 0xFD, 0x00, 0x00, 0x1F,
    0xFF, 0x40, 0x00, 0x07, 0xFB, 0xE0, 0x00, 0x01, 0xF9, 0xFC, 0x00, 0x00, 0xBD, 0x3F, 0x40, 0x00,
    0x3F, 0x0B, 0xF0, 0x00, 0x1F, 0x40, 0xFF, 0x00, 0x1F, 0xC0, 0x0F, 0xFA, 0xBF, 0x80, 0x00, 0x7F,
    0xFF, 0x40, 0x00, 0x00, 0x54, 0x00, 0x00, 0x00, 0x15, 0x00, 0x00, 0x7F, 0xF0, 0x00, 0x3C, 0x2E,
    0x00, 0x07, 0x0F, 0x40, 0x00, 0x0F, 0x80, 0x00, 0x07, 0x80, 0x00, 0x01, 0x90, 0x00, 0x00, 0x00,
    0x00, 0x01, 0xFF, 0xE0, 0x03, 0xFA, 0xFF, 0x02, 0xF0, 0x0B, 0xF1, 0xF8, 0x00, 0xFD, 0xBD, 0x00,
    0x1F, 0xBF, 0x00, 0x07, 0xFF, 0xC0, 0x00, 0xFF, 0xF0, 0x00, 0x3F, 0xFD, 0x00, 0x1F, 0xAF, 0x80,
    0x0B, 0xD3, 0xF4, 0x03, 0xF0, 0x7F, 0x97, 0xF0, 0x07, 0xFF, 0xE0, 0x00, 0x05, 0x40, 0x00, 0x00,
    0x00, 0x00, 0x00, 0x00, 0x00, 0x0F, 0x00, 0x00, 0x00, 0x0F, 0xD0, 0x00, 0x00, 0x1F, 0xD0, 0x00,
    0x00, 0x0F, 0x40, 0x00, 0x00, 0x00, 0x10, 0x00, 0x00, 0x00, 0x3F, 0x00, 0x00, 0x00, 0x2F, 0xF0,
    0x00, 0x00, 0x2F, 0x6F, 0x00, 0x00, 0x1D, 0x01, 0xE0, 0x00, 0x00, 0x00, 0x00, 0x00, 0x00, 0x6F,
    0xE4, 0x00, 0x00, 0xFF, 0xFF, 0xE0, 0x01, 0xFD, 0x01, 0xFE, 0x00, 0xFC, 0x00, 0x0F, 0xD0, 0xBD,
    0x00, 0x01, 0xFC, 0x3F, 0x00, 0x00, 0x3F, 0x5F, 0x80, 0x00, 0x0B, 0xEB, 0xD0, 0x00, 0x01, 0xFF,
    0xF4, 0x00, 0x00, 0x7F, 0xFD, 0x00, 0x00, 0x1F, 0xFF, 0x40, 0x00, 0x07, 0xFB, 0xE0, 0x00, 0x01,
    0xF9, 0xFC, 0x00, 0x00, 0xBD, 0x3F, 0x40, 0x00, 0x3F, 0x0B, 0xF0, 0x00, 0x1F, 0x40, 0xFF, 0x00,
    0x1F, 0xC0, 0x0F, 0xFA, 0xBF, 0x80, 0x00, 0x7F, 0xFF, 0x40, 0x00, 0x00, 0x54, 0x00, 0x00, 0x00,
    0x00, 0x00, 0x00, 0x00, 0xF0, 0x00, 0x01, 0xFC, 0x00, 0x01, 0xFD, 0x00, 0x00, 0xE4, 0x00, 0x00,
    0x00, 0x00, 0x00, 0x00, 0x90, 0x00, 0x00, 0xFC, 0x00, 0x00, 0xFF, 0xC0, 0x00, 0xBC, 0xB8, 0x00,
    0x38, 0x0B, 0x40, 0x04, 0x00, 0x40, 0x00, 0x00, 0x00, 0x00, 0x7F, 0xF8, 0x00, 0xFE, 0xBF, 0xC0,
    0xBC, 0x02, 0xFC, 0x7E, 0x00, 0x3F, 0x6F, 0x40, 0x07, 0xEF, 0xC0, 0x01, 0xFF, 0xF0, 0x00, 0x3F,
    0xFC, 0x00, 0x0F, 0xFF, 0x40, 0x07, 0xEB, 0xE0, 0x02, 0xF4, 0xFD, 0x00, 0xFC, 0x1F, 0xE5, 0xFC,
    0x01, 0xFF, 0xF8, 0x00, 0x01, 0x50, 0x00, 0x00, 0x00, 0x00, 0x00, 0x00, 0x03, 0xC0, 0x00, 0x00,
    0x00, 0xFD, 0x00, 0x00, 0x00, 0x1F, 0xD0, 0x00, 0x00, 0x00, 0x6C, 0x00, 0x00, 0x00, 0x10, 0x00,
    0x00, 0x00, 0x3F, 0x00, 0x00, 0x00, 0x2F, 0xF0, 0x00, 0x00, 0x2F, 0x6F, 0x00, 0x00, 0x1D, 0x01,
    0xE0, 0x00, 0x00, 0x00, 0x00, 0x00, 0x00, 0x6F, 0xE4, 0x00, 0x00, 0xFF, 0xFF, 0xE0, 0x01, 0xFD,
    0x01, 0xFE, 0x00, 0xFC, 0x00, 0x0F, 0xD0, 0xBD, 0x00, 0x01, 0xFC, 0x3F, 0x00, 0x00, 0x3F, 0x5F,
    0x80, 0x00, 0x0B, 0xEB, 0xD0, 0x00, 0x01, 0xFF, 0xF4, 0x00, 0x00, 0x7F, 0xFD, 0x00, 0x00, 0x1F,
    0xFF, 0x40, 0x00, 0x07, 0xFB, 0xE0, 0x00, 0x01, 0xF9, 0xFC, 0x00, 0x00, 0xBD, 0x3F, 0x40, 0x00,
    0x3F, 0x0B, 0xF0, 0x00, 0x1F, 0x40, 0xFF, 0x00, 0x1F, 0xC0, 0x0F, 0xFA, 0xBF, 0x80, 0x00, 0x7F,
    0xFF, 0x40, 0x00, 0x00, 0x54, 0x00, 0x00, 0x00, 0x00, 0x00, 0x00, 0x7C, 0x00, 0x00, 0x1F, 0xC0,
    0x00, 0x02, 0xFC, 0x00, 0x00, 0x07, 0xC0, 0x00, 0x00, 0x00, 0x00, 0x00, 0x90, 0x00, 0x00, 0xFC,
    0x00, 0x00, 0xFF, 0xC0, 0x00, 0xBC, 0xB8, 0x00, 0x38, 0x0B, 0x40, 0x04, 0x00, 0x40, 0x00, 0x00,
    0x00, 0x00, 0x7F, 0xF8, 0x00, 0xFE, 0xBF, 0xC0, 0xBC, 0x02, 0xFC, 0x7E, 0x00, 0x3F, 0x6F, 0x40,
    0x07, 0xEF, 0xC0, 0x01, 0xFF, 0xF0, 0x00, 0x3F, 0xFC, 0x00, 0x0F, 0xFF, 0x40, 0x07, 0xEB, 0xE0,
    0x02, 0xF4, 0xFD, 0x00, 0xFC, 0x1F, 0xE5, 0xFC, 0x01, 0xFF, 0xF8, 0x00, 0x01, 0x50, 0x00, 0x00,
    0x00, 0x06, 0xA4, 0x00, 0x00, 0x0B, 0xAF, 0x40, 0x00, 0x03, 0xD3, 0xE0, 0x00, 0x00, 0x11, 0xF0,
    0x00, 0x00, 0x41, 0xF4, 0x00, 0x00, 0xFC, 0x74, 0x00, 0x00, 0xBF, 0xC0, 0x00, 0x00, 0xBD, 0xBC,
    0x00, 0x00, 0x74, 0x07, 0x80, 0x00, 0x00, 0x00, 0x00, 0x00, 0x01, 0xBF, 0x90, 0x00, 0x03, 0xFF,
    0xFF, 0x80, 0x07, 0xF4, 0x07, 0xF8, 0x03, 0xF0, 0x00, 0x3F, 0x42, 0xF4, 0x00, 0x07, 0xF0, 0xFC,
    0x00, 0x00, 0xFD, 0x7E, 0x00, 0x00, 0x2F, 0xAF, 0x40, 0x00, 0x07, 0xFF, 0xD0, 0x00, 0x01, 0xFF,
    0xF4, 0x00, 0x00, 0x7F, 0xFD, 0x00, 0x00, 0x1F, 0xEF, 0x80, 0x00, 0x07, 0xE7, 0xF0, 0x00, 0x02,
    0xF4, 0xFD, 0x00, 0x00, 0xFC, 0x2F, 0xC0, 0x00, 0x7D, 0x03, 0xFC, 0x00, 0x7F, 0x00, 0x3F, 0xEA,
    0xFE, 0x00, 0x01, 0xFF, 0xFD, 0x00, 0x00, 0x01, 0x50, 0x00, 0x00, 0x00, 0x00, 0x04, 0x00, 0x00,
    0x1F, 0xF8, 0x00, 0x03, 0xC3, 0xC0, 0x00, 0x28, 0x7C, 0x00, 0x00, 0x1F, 0x80, 0x00, 0x92, 0xD0,
    0x00, 0x3F, 0x14, 0x00, 0x0F, 0xFC, 0x00, 0x02, 0xF2, 0xE0, 0x00, 0x38, 0x0B, 0x40, 0x01, 0x00,
    0x10, 0x00, 0x00, 0x00, 0x00, 0x01, 0xFF, 0xE0, 0x00, 0xFE, 0xBF, 0xC0, 0x2F, 0x00, 0xBF, 0x07,
    0xE0, 0x03, 0xF4, 0xBD, 0x00, 0x1F, 0x8F, 0xC0, 0x01, 0xFC, 0xFC, 0x00, 0x0F, 0xCF, 0xC0, 0x00,
    0xFC, 0xFD, 0x00, 0x1F, 0x8B, 0xE0, 0x02, 0xF4, 0x3F, 0x40, 0x3F, 0x01, 0xFE, 0x5F, 0xC0, 0x07,
    0xFF, 0xE0, 0x00, 0x01, 0x50, 0x00, 0x00, 0x0A, 0x40, 0x00, 0x00, 0x0F, 0xFE, 0xB0, 0x00, 0x07,
    0x6F, 0xF4, 0x00, 0x00, 0x00, 0x64, 0x00, 0x00, 0x00, 0x40, 0x00, 0x00, 0x00, 0xFC, 0x00, 0x00,
    0x00, 0xBF, 0xC0, 0x00, 0x00, 0xBD, 0xBC, 0x00, 0x00, 0x74, 0x07, 0x80, 0x00, 0x00, 0x00, 0x00,
    0x00, 0x01, 0xBF, 0x90, 0x00, 0x03, 0xFF, 0xFF, 0x80, 0x07, 0xF4, 0x07, 0xF8, 0x03, 0xF0, 0x00,
    0x3F, 0x42, 0xF4, 0x00, 0x07, 0xF0, 0xFC, 0x00, 0x00, 0xFD, 0x7E, 0x00, 0x00, 0x2F, 0xAF, 0x40,
    0x00, 0x07, 0xFF, 0xD0, 0x00, 0x01, 0xFF, 0xF4, 0x00, 0x00, 0x7F, 0xFD, 0x00, 0x00, 0x1F, 0xEF,
    0x80, 0x00, 0x07, 0xE7, 0xF0, 0x00, 0x02, 0xF4, 0xFD, 0x00, 0x00, 0xFC, 0x2F, 0xC0, 0x00, 0x7D,
    0x03, 0xFC, 0x00, 0x7F, 0x00, 0x3F, 0xEA, 0xFE, 0x00, 0x01, 0xFF, 0xFD, 0x00, 0x00, 0x01, 0x50,
    0x00, 0x00, 0x01, 0xA4, 0x00, 0x00, 0xFF, 0xEE, 0x00, 0xB7, 0xFF, 0x00, 0x00, 0x06, 0x40, 0x00,
    0x09, 0x00, 0x00, 0x0F, 0xC0, 0x00, 0x0F, 0xFC, 0x00, 0x0B, 0xCB, 0x80, 0x03, 0x80, 0xB4, 0x00,
    0x40, 0x04, 0x00, 0x00, 0x00, 0x00, 0x07, 0xFF, 0x80, 0x0F, 0xEB, 0xFC, 0x0B, 0xC0, 0x2F, 0xC7,
    0xE0, 0x03, 0xF6, 0xF4, 0x00, 0x7E, 0xFC, 0x00, 0x1F, 0xFF, 0x00, 0x03, 0xFF, 0xC0, 0x00, 0xFF,
    0xF4, 0x00, 0x7E, 0xBE, 0x00, 0x2F, 0x4F, 0xD0, 0x0F, 0xC1, 0xFE, 0x5F, 0xC0, 0x1F, 0xFF, 0x80,
    0x00, 0x15, 0x00, 0x00, 0x00, 0x00, 0x40, 0x00, 0x00, 0x00, 0xFC, 0x00, 0x00, 0x00, 0xBF, 0xC0,
    0x00, 0x00, 0xBD, 0xBC, 0x00, 0x00, 0x74, 0x07, 0x80, 0x00, 0x00, 0x00, 0x00, 0x00, 0x01, 0xBF,
    0x90, 0x00, 0x03, 0xFF, 0xFF, 0x80, 0x07, 0xF4, 0x07, 0xF8, 0x03, 0xF0, 0x00, 0x3F, 0x42, 0xF4,
    0x00, 0x07, 0xF0, 0xFC, 0x00, 0x00, 0xFD, 0x7E, 0x00, 0x00, 0x2F, 0xAF, 0x40, 0x00, 0x07, 0xFF,
    0xD0, 0x00, 0x01, 0xFF, 0xF4, 0x00, 0x00, 0x7F, 0xFD, 0x00, 0x00, 0x1F, 0xEF, 0x80, 0x00, 0x07,
    0xE7, 0xF0, 0x00, 0x02, 0xF4, 0xFD, 0x00, 0x00, 0xFC, 0x2F, 0xC0, 0x00, 0x7D, 0x03, 0xFC, 0x00,
    0x7F, 0x00, 0x3F, 0xEA, 0xFE, 0x00, 0x01, 0xFF, 0xFD, 0x00, 0x00, 0x01, 0x50, 0x00, 0x00, 0x00,
    0x00, 0x00, 0x00, 0x00, 0x3F, 0x00, 0x00, 0x00, 0x1F, 0xD0, 0x00, 0x00, 0x03, 0xF0, 0x00, 0x00,
    0x00, 0x10, 0x00, 0x00, 0x00, 0x09, 0x00, 0x00, 0x0F, 0xC0, 0x00, 0x0F, 0xFC, 0x00, 0x0B, 0xCB,
    0x80, 0x03, 0x80, 0xB4, 0x00, 0x40, 0x04, 0x00, 0x00, 0x00, 0x00, 0x07, 0xFF, 0x80, 0x0F, 0xEB,
    0xFC, 0x0B, 0xC0, 0x2F, 0xC7, 0xE0, 0x03, 0xF6, 0xF4, 0x00, 0x7E, 0xFC, 0x00, 0x1F, 0xFF, 0x00,
    0x03, 0xFF, 0xC0, 0x00, 0xFF, 0xF4, 0x00, 0x7E, 0xBE, 0x00, 0x2F, 0x4F, 0xD0, 0x0F, 0xC1, 0xFE,
    0x5F, 0xC0, 0x1F, 0xFF, 0x80, 0x00, 0x15, 0x00, 0x00, 0x00, 0x00, 0x00, 0x03, 0xF0, 0x00, 0x01,
    0xFD, 0x00, 0x00, 0x3F, 0x00, 0x00, 0x01, 0x00, 0x00, 0x00, 0x00, 0x00, 0x00, 0x00, 0x00, 0x00,
    0x0B, 0x40, 0x00, 0x00, 0x00, 0x0F, 0xE0, 0x00, 0x00, 0x00, 0x0F, 0xE0, 0x00, 0x00, 0x00, 0x0F,
    0x40, 0x00, 0x00, 0x00, 0x00, 0x00, 0x00, 0x0F, 0x40, 0x00, 0xAF, 0x90, 0x0B, 0xF0, 0x03, 0xFF,
    0xFF, 0x41, 0xFC, 0x07, 0xF4, 0x07, 0xF8, 0x0F, 0x03, 0xF0, 0x00, 0x3F, 0x47, 0x42, 0xF4, 0x00,
    0x07, 0xF7, 0x80, 0xFC, 0x00, 0x00, 0xFF, 0x80, 0x7E, 0x00, 0x00, 0x2F, 0x80, 0x2F, 0x40, 0x00,
    0x07, 0xF0, 0x0F, 0xD0, 0x00, 0x01, 0xFC, 0x03, 0xF4, 0x00, 0x00, 0x7F, 0x00, 0xFD, 0x00, 0x00,
    0x1F, 0xC0, 0x2F, 0x80, 0x00, 0x07, 0xE0, 0x07, 0xF0, 0x00, 0x02, 0xF4, 0x00, 0xFC, 0x00, 0x00,
    0xFC, 0x00, 0x2F, 0xC0, 0x00, 0x7E, 0x00, 0x03, 0xFC, 0x00, 0x7F, 0x00, 0x00, 0x3F, 0xEA, 0xFF,
    0x00, 0x00, 0x01, 0xFF, 0xFD, 0x00, 0x00, 0x00, 0x01, 0x50, 0x00, 0x00, 0x00, 0x00, 0x00, 0x40,
    0x00, 0x00, 0x0F, 0x40, 0x00, 0x00, 0xFD, 0x00, 0x00, 0x0B, 0xD0, 0x28, 0x00, 0x78, 0x02, 0xFC,
    0x00, 0x40, 0x0B, 0xF0, 0x00, 0x00, 0x07, 0xC0, 0x7F, 0xF8, 0x0E, 0x0F, 0xEB, 0xFC, 0xB0, 0xBC,
    0x02, 0xFF, 0x47, 0xE0, 0x03, 0xF4, 0x2F, 0x40, 0x07, 0xE0, 0xFC, 0x00, 0x1F, 0xC3, 0xF0, 0x00,
    0x3F, 0x0F, 0xC0, 0x00, 0xFC, 0x3F, 0x40, 0x07, 0xE0, 0xBE, 0x00, 0x2F, 0x40, 0xFD, 0x00, 0xFC,
    0x01, 0xFE, 0x5F, 0xC0, 0x00, 0xFF, 0xF8, 0x00, 0x00, 0x15, 0x00, 0x00, 0x00, 0x00, 0x00, 0x00,
    0x00, 0x00, 0x0B, 0x80, 0x00, 0x00, 0x00, 0x02, 0xF8, 0x00, 0x00, 0x00, 0x00, 0x2F, 0xC0, 0x00,
    0x00, 0x00, 0x00, 0x78, 0x00, 0x00, 0x00, 0x00, 0x00, 0x00, 0x0F, 0x40, 0x00, 0xAF, 0x90, 0x0B,
    0xF0, 0x03, 0xFF, 0xFF, 0x41, 0xFC, 0x07, 0xF4, 0x07, 0xF8, 0x0F, 0x03, 0xF0, 0x00, 0x3F, 0x47,
    0x42, 0xF4, 0x00, 0x07, 0xF7, 0x80, 0xFC, 0x00, 0x00, 0xFF, 0x80, 0x7E, 0x00, 0x00, 0x2F, 0x80,
    0x2F, 0x40, 0x00, 0x07, 0xF0, 0x0F, 0xD0, 0x00, 0x01, 0xFC, 0x03, 0xF4, 0x00, 0x00, 0x7F, 0x00,
    0xFD, 0x00, 0x00, 0x1F, 0xC0, 0x2F, 0x80, 0x00, 0x07, 0xE0, 0x07, 0xF0, 0x00, 0x02, 0xF4, 0x00,
    0xFC, 0x00, 0x00, 0xFC, 0x00, 0x2F, 0xC0, 0x00, 0x7E, 0x00, 0x03, 0xFC, 0x00, 0x7F, 0x00, 0x00,
    0x3F, 0xEA, 0xFF, 0x00, 0x00, 0x01, 0xFF, 0xFD, 0x00, 0x00, 0x00, 0x01, 0x50, 0x00, 0x00, 0x00,
    0x00, 0x40, 0x00, 0x00, 0x07, 0xC0, 0x00, 0x00, 0x1F, 0x80, 0x00, 0x00, 0x1F, 0x40, 0x28, 0x00,
    0x0B, 0x02, 0xFC, 0x00, 0x04, 0x0B, 0xF0, 0x00, 0x00, 0x07, 0xC0, 0x7F, 0xF8, 0x0E, 0x0F, 0xEB,
    0xFC, 0xB0, 0xBC, 0x02, 0xFF, 0x47, 0xE0, 0x03, 0xF4, 0x2F, 0x40, 0x07, 0xE0, 0xFC, 0x00, 0x1F,
    0xC3, 0xF0, 0x00, 0x3F, 0x0F, 0xC0, 0x00, 0xFC, 0x3F, 0x40, 0x07, 0xE0, 0xBE, 0x00, 0x2F, 0x40,
    0xFD, 0x00, 0xFC, 0x01, 0xFE, 0x5F, 0xC0, 0x00, 0xFF, 0xF8, 0x00, 0x00, 0x15, 0x00, 0x00, 0x00,
    0x00, 0x40, 0x00, 0x00, 0x00, 0x07, 0xFF, 0x00, 0x00, 0x00, 0x03, 0xC3, 0xD0, 0x00, 0x00, 0x00,
    0xB0, 0xF4, 0x00, 0x00, 0x00, 0x00, 0xF8, 0x00, 0x00, 0x00, 0x00, 0xB8, 0x00, 0x00, 0x00, 0x00,
    0x04, 0x00, 0x03, 0xD0, 0x00, 0x2B, 0xE4, 0x02, 0xFC, 0x00, 0xFF, 0xFF, 0xD0, 0x7F, 0x01, 0xFD,
    0x01, 0xFE, 0x03, 0xC0, 0xFC, 0x00, 0x0F, 0xD1, 0xD0, 0xBD, 0x00, 0x01, 0xFD, 0xE0, 0x3F, 0x00,
    0x00, 0x3F, 0xE0, 0x1F, 0x80, 0x00, 0x0B, 0xE0, 0x0B, 0xD0, 0x00, 0x01, 0xFC, 0x03, 0xF4, 0x00,
    0x00, 0x7F, 0x00, 0xFD, 0x00, 0x00, 0x1F, 0xC0, 0x3F, 0x40, 0x00, 0x07, 0xF0, 0x0B, 0xE0, 0x00,
    0x01, 0xF8, 0x01, 0xFC, 0x00, 0x00, 0xBD, 0x00, 0x3F, 0x00, 0x00, 0x3F, 0x00, 0x0B, 0xF0, 0x00,
    0x1F, 0x80, 0x00, 0xFF, 0x00, 0x1F, 0xC0, 0x00, 0x0F, 0xFA, 0xBF, 0xC0, 0x00, 0x00, 0x7F, 0xFF,
    0x40, 0x00, 0x00, 0x00, 0x54, 0x00, 0x00, 0x00, 0x00, 0x15, 0x00, 0x00, 0x07, 0xFF, 0x00, 0x00,
    0x3C, 0x3D, 0x00, 0x00, 0x70, 0xF4, 0x00, 0x00, 0x0F, 0x80, 0xA0, 0x00, 0xB8, 0x0B, 0xF0, 0x01,
    0x80, 0x2F, 0xC0, 0x00, 0x00, 0x1F, 0x01, 0xFF, 0xE0, 0x38, 0x3F, 0xAF, 0xF2, 0xC2, 0xF0, 0x0B,
    0xFD, 0x1F, 0x80, 0x0F, 0xD0, 0xBD, 0x00, 0x1F, 0x83, 0xF0, 0x00, 0x7F, 0x0F, 0xC0, 0x00, 0xFC,
    0x3F, 0x00, 0x03, 0xF0, 0xFD, 0x00, 0x1F, 0x82, 0xF8, 0x00, 0xBD, 0x03, 0xF4, 0x03, 0xF0, 0x07,
    0xF9, 0x7F, 0x00, 0x03, 0xFF, 0xE0, 0x00, 0x00, 0x54, 0x00, 0x00, 0x00, 0x1A, 0x40, 0x00, 0x00,
    0x00, 0x0F, 0xFE, 0xE0, 0x00, 0x00, 0x0B, 0xBF, 0xF0, 0x00, 0x00, 0x00, 0x00, 0xA0, 0x00, 0x00,
    0x00, 0x00, 0x00, 0x00, 0x3D, 0x00, 0x02, 0xBE, 0x40, 0x2F, 0xC0, 0x0F, 0xFF, 0xFD, 0x07, 0xF0,
    0x1F, 0xD0, 0x1F, 0xE0, 0x3C, 0x0F, 0xC0, 0x00, 0xFD, 0x1D, 0x0B, 0xD0, 0x00, 0x1F, 0xDE, 0x03,
    0xF0, 0x00, 0x03, 0xFE, 0x01, 0xF8, 0x00, 0x00, 0xBE, 0x00, 0xBD, 0x00, 0x00, 0x1F, 0xC0, 0x3F,
    0x40, 0x00, 0x07, 0xF0, 0x0F, 0xD0, 0x00, 0x01, 0xFC, 0x03, 0xF4, 0x00, 0x00, 0x7F, 0x00, 0xBE,
    0x00, 0x00, 0x1F, 0x80, 0x1F, 0xC0, 0x00, 0x0B, 0xD0, 0x03, 0xF0, 0x00, 0x03, 0xF0, 0x00, 0xBF,
    0x00, 0x01, 0xF8, 0x00, 0x0F, 0xF0, 0x01, 0xFC, 0x00, 0x00, 0xFF, 0xAB, 0xFC, 0x00, 0x00, 0x07,
    0xFF, 0xF4, 0x00, 0x00, 0x00, 0x05, 0x40, 0x00, 0x00, 0x01, 0xA4, 0x00, 0x00, 0x0F, 0xFE, 0xE0,
    0x00, 0xA7, 0xFF, 0x0A, 0x00, 0x00, 0x60, 0xBF, 0x00, 0x00, 0x02, 0xFC, 0x00, 0x00, 0x01, 0xF0,
    0x1F, 0xFE, 0x03, 0x83, 0xFA, 0xFF, 0x2C, 0x2F, 0x00, 0xBF, 0xD1, 0xF8, 0x00, 0xFD, 0x0B, 0xD0,
    0x01, 0xF8, 0x3F, 0x00, 0x07, 0xF0, 0xFC, 0x00, 0x0F, 0xC3, 0xF0, 0x00, 0x3F, 0x0F, 0xD0, 0x01,
    0xF8, 0x2F, 0x80, 0x0B, 0xD0, 0x3F, 0x40, 0x3F, 0x00, 0x7F, 0x97, 0xF0, 0x00, 0x3F, 0xFE, 0x00,
    0x00, 0x05, 0x40, 0x00, 0x00, 0x00, 0x00, 0x00, 0x00, 0x00, 0x00, 0x00, 0x00, 0x0F, 0x40, 0x00,
    0xAF, 0x90, 0x0B, 0xF0, 0x03, 0xFF, 0xFF, 0x41, 0xFC, 0x07, 0xF4, 0x07, 0xF8, 0x0F, 0x03, 0xF0,
    0x00, 0x3F, 0x47, 0x42, 0xF4, 0x00, 0x07, 0xF7, 0x80, 0xFC, 0x00, 0x00, 0xFF, 0x80, 0x7E, 0x00,
    0x00, 0x2F, 0x80, 0x2F, 0x40, 0x00, 0x07, 0xF0, 0x0F, 0xD0, 0x00, 0x01, 0xFC, 0x03, 0xF4, 0x00,
    0x00, 0x7F, 0x00, 0xFD, 0x00, 0x00, 0x1F, 0xC0, 0x2F, 0x80, 0x00, 0x07, 0xE0, 0x07, 0xF0, 0x00,
    0x02, 0xF4, 0x00, 0xFC, 0x00, 0x00, 0xFC, 0x00, 0x2F, 0xC0, 0x00, 0x7E, 0x00, 0x03, 0xFC, 0x00,
    0x7F, 0x00, 0x00, 0x3F, 0xEA, 0xFF, 0x00, 0x00, 0x01, 0xFF, 0xFD, 0x00, 0x00, 0x00, 0x01, 0x50,
    0x00, 0x00, 0x00, 0x00, 0x00, 0x00, 0x00, 0x00, 0x00, 0x3F, 0x00, 0x00, 0x00, 0x00, 0x1F, 0xD0,
    0x00, 0x00, 0x00, 0x03, 0xF0, 0x00, 0x00, 0x00, 0x00, 0x10, 0x00, 0x00, 0x00, 0x00, 0x00, 0x00,
    0xA0, 0x00, 0x00, 0x0B, 0xF0, 0x00, 0x00, 0x2F, 0xC0, 0x00, 0x00, 0x1F, 0x01, 0xFF, 0xE0, 0x38,
    0x3F, 0xAF, 0xF2, 0xC2, 0xF0, 0x0B, 0xFD, 0x1F, 0x80, 0x0F, 0xD0, 0xBD, 0x00, 0x1F, 0x83, 0xF0,
    0x00, 0x7F, 0x0F, 0xC0, 0x00, 0xFC, 0x3F, 0x00, 0x03, 0xF0, 0xFD, 0x00, 0x1F, 0x82, 0xF8, 0x00,
    0xBD, 0x03, 0xF4, 0x03, 0xF0, 0x07, 0xF9, 0x7F, 0x00, 0x03, 0xFF, 0xE0, 0x00, 0x00, 0x54, 0x00,
    0x00, 0x00, 0x00, 0x00, 0x00, 0x0F, 0xC0, 0x00, 0x00, 0x7F, 0x40, 0x00, 0x00, 0xFC, 0x00, 0x00,
    0x00, 0x40, 0x00, 0x00, 0x6A, 0xA8, 0x00, 0xAA, 0xAF, 0xFF, 0xD0, 0x0F, 0xFF, 0x0F, 0xD0, 0x00,
    0x1F, 0x00, 0xFD, 0x00, 0x00, 0xF0, 0x0F, 0xD0, 0x00, 0x0F, 0x00, 0xFD, 0x00, 0x00, 0xF0, 0x0F,
    0xD0, 0x00, 0x0F, 0x00, 0xFD, 0x00, 0x00, 0xF0, 0x0F, 0xD0, 0x00, 0x0F, 0x00, 0xFD, 0x00, 0x00,
    0xF0, 0x0F, 0xD0, 0x00, 0x0F, 0x00, 0xFD, 0x00, 0x00, 0xF0, 0x0B, 0xD0, 0x00, 0x0F, 0x00, 0xBD,
    0x00, 0x01, 0xE0, 0x07, 0xF0, 0x00, 0x3D, 0x00, 0x3F, 0x80, 0x0B, 0xC0, 0x00, 0xFF, 0xEF, 0xF0,
    0x00, 0x02, 0xFF, 0xF8, 0x00, 0x00, 0x00, 0x50, 0x00, 0x00, 0x00, 0x00, 0x00, 0x00, 0x00, 0x02,
    0xF8, 0x00, 0x00, 0x00, 0x3F, 0xC0, 0x00, 0x00, 0x02, 0xF8, 0x00, 0x00, 0x00, 0x05, 0x00, 0x00,
    0x2B, 0xD0, 0x2B, 0xD0, 0x7F, 0xD0, 0x3F, 0xE0, 0x0B, 0xD0, 0x0B, 0xE0, 0x07, 0xD0, 0x07, 0xE0,
    0x07, 0xD0, 0x07, 0xE0, 0x07, 0xD0, 0x07, 0xE0, 0x07, 0xD0, 0x07, 0xE0, 0x07, 0xD0, 0x07, 0xE0,
    0x07, 0xD0, 0x07, 0xE0, 0x07, 0xD0, 0x0B, 0xE0, 0x07, 0xF0, 0x1F, 0xE0, 0x03, 0xFE, 0xF7, 0xF8,
    0x00, 0xFF, 0xD3, 0xFD, 0x00, 0x15, 0x00, 0x00, 0x00, 0x00, 0x00, 0x00, 0x00, 0x07, 0xE0, 0x00,
    0x00, 0x0F, 0xF0, 0x00, 0x00, 0x0B, 0xE0, 0x00, 0x00, 0x01, 0x40, 0x00, 0x00, 0x00, 0x10, 0x00,
    0x00, 0x00, 0x7F, 0xF0, 0x00, 0x00, 0x0F, 0x0F, 0x40, 0x00, 0x00, 0xB0, 0xF4, 0x00, 0x00, 0x00,
    0x3E, 0x00, 0x00, 0x00, 0x0B, 0x80, 0x00, 0x00, 0x00, 0x10, 0x00, 0x06, 0xAA, 0x80, 0x0A, 0xAA,
    0xFF, 0xFD, 0x00, 0xFF, 0xF0, 0xFD, 0x00, 0x01, 0xF0, 0x0F, 0xD0, 0x00, 0x0F, 0x00, 0xFD, 0x00,
    0x00, 0xF0, 0x0F, 0xD0, 0x00, 0x0F, 0x00, 0xFD, 0x00, 0x00, 0xF0, 0x0F, 0xD0, 0x00, 0x0F, 0x00,
    0xFD, 0x00, 0x00, 0xF0, 0x0F, 0xD0, 0x00, 0x0F, 0x00, 0xFD, 0x00, 0x00, 0xF0, 0x0F, 0xD0, 0x00,
    0x0F, 0x00, 0xBD, 0x00, 0x00, 0xF0, 0x0B, 0xD0, 0x00, 0x1E, 0x00, 0x7F, 0x00, 0x03, 0xD0, 0x03,
    0xF8, 0x00, 0xBC, 0x00, 0x0F, 0xFE, 0xFF, 0x00, 0x00, 0x2F, 0xFF, 0x80, 0x00, 0x00, 0x05, 0x00,
    0x00, 0x00, 0x05, 0x40, 0x00, 0x00, 0x3F, 0xF0, 0x00, 0x00, 0xB4, 0xB8, 0x00, 0x00, 0x70, 0xF8,
    0x00, 0x00, 0x03, 0xF0, 0x00, 0x00, 0x07, 0xC0, 0x00, 0x00, 0x02, 0x40, 0x00, 0x00, 0x00, 0x00,
    0x00, 0x2B, 0xD0, 0x2B, 0xD0, 0x7F, 0xD0, 0x3F, 0xE0, 0x0B, 0xD0, 0x0B, 0xE0, 0x07, 0xD0, 0x07,
    0xE0, 0x07, 0xD0, 0x07, 0xE0, 0x07, 0xD0, 0x07, 0xE0, 0x07, 0xD0, 0x07, 0xE0, 0x07, 0xD0, 0x07,
    0xE0, 0x07, 0xD0, 0x07, 0xE0, 0x07, 0xD0, 0x0B, 0xE0, 0x07, 0xF0, 0x1F, 0xE0, 0x03, 0xFE, 0xF7,
    0xF8, 0x00, 0xFF, 0xD3, 0xFD, 0x00, 0x15, 0x00, 0x00, 0x00, 0x00, 0x00, 0x00, 0x00, 0x00, 0x00,
    0x02, 0xD0, 0x00, 0x00, 0x00, 0x03, 0xF8, 0x00, 0x00, 0x00, 0x03, 0xF8, 0x00, 0x00, 0x00, 0x02,
    0xD0, 0x00, 0x00, 0x00, 0x00, 0x00, 0x00, 0x07, 0xD6, 0xAA, 0x80, 0x0A, 0x93, 0xFF, 0xFF, 0xF4,
    0x03, 0xFC, 0x7F, 0x0F, 0xD0, 0x00, 0x1F, 0x03, 0x83, 0xF4, 0x00, 0x03, 0xC2, 0xC0, 0xFD, 0x00,
    0x00, 0xF2, 0xD0, 0x3F, 0x40, 0x00, 0x3F, 0xD0, 0x0F, 0xD0, 0x00, 0x0F, 0x40, 0x03, 0xF4, 0x00,
    0x03, 0xC0, 0x00, 0xFD, 0x00, 0x00, 0xF0, 0x00, 0x3F, 0x40, 0x00, 0x3C, 0x00, 0x0F, 0xD0, 0x00,
    0x0F, 0x00, 0x03, 0xF4, 0x00, 0x03, 0xC0, 0x00, 0xBD, 0x00, 0x00, 0xF0, 0x00, 0x2F, 0x40, 0x00,
    0x78, 0x00, 0x07, 0xF0, 0x00, 0x3D, 0x00, 0x00, 0xFE, 0x00, 0x2F, 0x00, 0x00, 0x0F, 0xFE, 0xFF,
    0x00, 0x00, 0x00, 0xBF, 0xFE, 0x00, 0x00, 0x00, 0x00, 0x50, 0x00, 0x00, 0x00, 0x00, 0x00, 0x10,
    0x00, 0x00, 0x00, 0x0B, 0x80, 0x00, 0x00, 0x01, 0xF8, 0x00, 0x00, 0x00, 0x3E, 0x00, 0x28, 0x00,
    0x0F, 0x00, 0x0B, 0xE0, 0x00, 0x40, 0x00, 0xBF, 0x00, 0x00, 0x00, 0x01, 0xF2, 0xBD, 0x02, 0xBD,
    0x0D, 0x7F, 0xD0, 0x3F, 0xE3, 0xC0, 0xBD, 0x00, 0xBF, 0xF0, 0x07, 0xD0, 0x07, 0xF8, 0x00, 0x7D,
    0x00, 0x7E, 0x00, 0x07, 0xD0, 0x07, 0xE0, 0x00, 0x7D, 0x00, 0x7E, 0x00, 0x07, 0xD0, 0x07, 0xE0,
    0x00, 0x7D, 0x00, 0x7E, 0x00, 0x07, 0xD0, 0x0B, 0xE0, 0x00, 0x7F, 0x01, 0xFE, 0x00, 0x03, 0xFE,
    0xF7, 0xF8, 0x00, 0x0F, 0xFD, 0x3F, 0xD0, 0x00, 0x15, 0x00, 0x00, 0x00, 0x00, 0x00, 0x00, 0x00,
    0x00, 0x00, 0x01, 0xE0, 0x00, 0x00, 0x00, 0x00, 0xBF, 0x00, 0x00, 0x00, 0x00, 0x0B, 0xF0, 0x00,
    0x00, 0x00, 0x00, 0x1E, 0x00, 0x00, 0x00, 0x00, 0x00, 0x00, 0x07, 0xD6, 0xAA, 0x80, 0x0A, 0x93,
    0xFF, 0xFF, 0xF4, 0x03, 0xFC, 0x7F, 0x0F, 0xD0, 0x00, 0x1F, 0x03, 0x83, 0xF4, 0x00, 0x03, 0xC2,
    0xC0, 0xFD, 0x00, 0x00, 0xF2, 0xD0, 0x3F, 0x40, 0x00, 0x3F, 0xD0, 0x0F, 0xD0, 0x00, 0x0F, 0x40,
    0x03, 0xF4, 0x00, 0x03, 0xC0, 0x00, 0xFD, 0x00, 0x00, 0xF0, 0x00, 0x3F, 0x40, 0x00, 0x3C, 0x00,
    0x0F, 0xD0, 0x00, 0x0F, 0x00, 0x03, 0xF4, 0x00, 0x03, 0xC0, 0x00, 0xBD, 0x00, 0x00, 0xF0, 0x00,
    0x2F, 0x40, 0x00, 0x78, 0x00, 0x07, 0xF0, 0x00, 0x3D, 0x00, 0x00, 0xFE, 0x00, 0x2F, 0x00, 0x00,
    0x0F, 0xFE, 0xFF, 0x00, 0x00, 0x00, 0xBF, 0xFE, 0x00, 0x00, 0x00, 0x00, 0x50, 0x00, 0x00, 0x00,
    0x00, 0x14, 0x00, 0x00, 0x00, 0x03, 0xD0, 0x00, 0x00, 0x00, 0x3F, 0x00, 0x00, 0x00, 0x00, 0xF8,
    0x00, 0x28, 0x00, 0x02, 0xD0, 0x0B, 0xE0, 0x00, 0x00, 0x00, 0xBF, 0x00, 0x00, 0x00, 0x01, 0xF2,
    0xBD, 0x02, 0xBD, 0x0D, 0x7F, 0xD0, 0x3F, 0xE3, 0xC0, 0xBD, 0x00, 0xBF, 0xF0, 0x07, 0xD0, 0x07,
    0xF8, 0x00, 0x7D, 0x00, 0x7E, 0x00, 0x07, 0xD0, 0x07, 0xE0, 0x00, 0x7D, 0x00, 0x7E, 0x00, 0x07,
    0xD0, 0x07, 0xE0, 0x00, 0x7D, 0x00, 0x7E, 0x00, 0x07, 0xD0, 0x0B, 0xE0, 0x00, 0x7F, 0x01, 0xFE,
    0x00, 0x03, 0xFE, 0xF7, 0xF8, 0x00, 0x0F, 0xFD, 0x3F, 0xD0, 0x00, 0x15, 0x00, 0x00, 0x00, 0x00,
    0x00, 0x10, 0x00, 0x00, 0x00, 0x01, 0xFF, 0xC0, 0x00, 0x00, 0x00, 0xF0, 0xF4, 0x00, 0x00, 0x00,
    0x2C, 0x3D, 0x00, 0x00, 0x00, 0x00, 0x3E, 0x00, 0x00, 0x00, 0x00, 0x2E, 0x00, 0x00, 0x00, 0x00,
    0x01, 0x00, 0x01, 0xF5, 0xAA, 0xA0, 0x02, 0xA4, 0xFF, 0xFF, 0xFD, 0x00, 0xFF, 0x1F, 0xC3, 0xF4,
    0x00, 0x07, 0xC0, 0xE0, 0xFD, 0x00, 0x00, 0xF0, 0xB0, 0x3F, 0x40, 0x00, 0x3C, 0xB4, 0x0F, 0xD0,
    0x00, 0x0F, 0xF4, 0x03, 0xF4, 0x00, 0x03, 0xD0, 0x00, 0xFD, 0x00, 0x00, 0xF0, 0x00, 0x3F, 0x40,
    0x00, 0x3C, 0x00, 0x0F, 0xD0, 0x00, 0x0F, 0x00, 0x03, 0xF4, 0x00, 0x03, 0xC0, 0x00, 0xFD, 0x00,
    0x00, 0xF0, 0x00, 0x2F, 0x40, 0x00, 0x3C, 0x00, 0x0B, 0xD0, 0x00, 0x1E, 0x00, 0x01, 0xFC, 0x00,
    0x0F, 0x40, 0x00, 0x3F, 0x80, 0x0B, 0xC0, 0x00, 0x03, 0xFF, 0xBF, 0xC0, 0x00, 0x00, 0x2F, 0xFF,
    0x80, 0x00, 0x00, 0x00, 0x14, 0x00, 0x00, 0x00, 0x00, 0x05, 0x40, 0x00, 0x00, 0x03, 0xFF, 0x40,
    0x00, 0x00, 0xB4, 0xB8, 0x00, 0x00, 0x07, 0x4F, 0x80, 0x00, 0x00, 0x03, 0xF0, 0x02, 0x80, 0x00,
    0x7C, 0x00, 0xBE, 0x00, 0x02, 0x40, 0x0B, 0xF0, 0x00, 0x00, 0x00, 0x1F, 0x2B, 0xD0, 0x2B, 0xD0,
    0xD7, 0xFD, 0x03, 0xFE, 0x3C, 0x0B, 0xD0, 0x0B, 0xFF, 0x00, 0x7D, 0x00, 0x7F, 0x80, 0x07, 0xD0,
    0x07, 0xE0, 0x00, 0x7D, 0x00, 0x7E, 0x00, 0x07, 0xD0, 0x07, 0xE0, 0x00, 0x7D, 0x00, 0x7E, 0x00,
    0x07, 0xD0, 0x07, 0xE0, 0x00, 0x7D, 0x00, 0xBE, 0x00, 0x07, 0xF0, 0x1F, 0xE0, 0x00, 0x3F, 0xEF,
    0x7F, 0x80, 0x00, 0xFF, 0xD3, 0xFD, 0x00, 0x01, 0x50, 0x00, 0x00, 0x00, 0x06, 0x90, 0x00, 0x00,
    0x00, 0x03, 0xFF, 0xB8, 0x00, 0x00, 0x02, 0xEF, 0xFC, 0x00, 0x00, 0x00, 0x00, 0x29, 0x00, 0x00,
    0x00, 0x00, 0x00, 0x00, 0x1F, 0x5A, 0xAA, 0x00, 0x2A, 0x4F, 0xFF, 0xFF, 0xD0, 0x0F, 0xF1, 0xFC,
    0x3F, 0x40, 0x00, 0x7C, 0x0E, 0x0F, 0xD0, 0x00, 0x0F, 0x0B, 0x03, 0xF4, 0x00, 0x03, 0xCB, 0x40,
    0xFD, 0x00, 0x00, 0xFF, 0x40, 0x3F, 0x40, 0x00, 0x3D, 0x00, 0x0F, 0xD0, 0x00, 0x0F, 0x00, 0x03,
    0xF4, 0x00, 0x03, 0xC0, 0x00, 0xFD, 0x00, 0x00, 0xF0, 0x00, 0x3F, 0x40, 0x00, 0x3C, 0x00, 0x0F,
    0xD0, 0x00, 0x0F, 0x00, 0x02, 0xF4, 0x00, 0x03, 0xC0, 0x00, 0xBD, 0x00, 0x01, 0xE0, 0x00, 0x1F,
    0xC0, 0x00, 0xF4, 0x00, 0x03, 0xF8, 0x00, 0xBC, 0x00, 0x00, 0x3F, 0xFB, 0xFC, 0x00, 0x00, 0x02,
    0xFF, 0xF8, 0x00, 0x00, 0x00, 0x01, 0x40, 0x00, 0x00, 0x00, 0x29, 0x00, 0x00, 0x00, 0x0F, 0xFE,
    0xF0, 0x00, 0x01, 0xDB, 0xFC, 0x02, 0x80, 0x00, 0x06, 0x40, 0xBE, 0x00, 0x00, 0x00, 0x0B, 0xF0,
    0x00, 0x00, 0x00, 0x1F, 0x2B, 0xD0, 0x2B, 0xD0, 0xD7, 0xFD, 0x03, 0xFE, 0x3C, 0x0B, 0xD0, 0x0B,
    0xFF, 0x00, 0x7D, 0x00, 0x7F, 0x80, 0x07, 0xD0, 0x07, 0xE0, 0x00, 0x7D, 0x00, 0x7E, 0x00, 0x07,
    0xD0, 0x07, 0xE0, 0x00, 0x7D, 0x00, 0x7E, 0x00, 0x07, 0xD0, 0x07, 0xE0, 0x00, 0x7D, 0x00, 0xBE,
    0x00, 0x07, 0xF0, 0x1F, 0xE0, 0x00, 0x3F, 0xEF, 0x7F, 0x80, 0x00, 0xFF, 0xD3, 0xFD, 0x00, 0x01,
    0x50, 0x00, 0x00, 0x00, 0x00, 0x00, 0x00, 0x00, 0x00, 0x00, 0x00, 0x00, 0x07, 0xD6, 0xAA, 0x80,
    0x0A, 0x93, 0xFF, 0xFF, 0xF4, 0x03, 0xFC, 0x7F, 0x0F, 0xD0, 0x00, 0x1F, 0x03, 0x83, 0xF4, 0x00,
    0x03, 0xC2, 0xC0, 0xFD, 0x00, 0x00, 0xF2, 0xD0, 0x3F, 0x40, 0x00, 0x3F, 0xD0, 0x0F, 0xD0, 0x00,
    0x0F, 0x40, 0x03, 0xF4, 0x00, 0x03, 0xC0, 0x00, 0xFD, 0x00, 0x00, 0xF0, 0x00, 0x3F, 0x40, 0x00,
    0x3C, 0x00, 0x0F, 0xD0, 0x00, 0x0F, 0x00, 0x03, 0xF4, 0x00, 0x03, 0xC0, 0x00, 0xBD, 0x00, 0x00,
    0xF0, 0x00, 0x2F, 0x40, 0x00, 0x78, 0x00, 0x07, 0xF0, 0x00, 0x3D, 0x00, 0x00, 0xFE, 0x00, 0x2F,
    0x00, 0x00, 0x0F, 0xFE, 0xFF, 0x00, 0x00, 0x00, 0xBF, 0xFE, 0x00, 0x00, 0x00, 0x00, 0x50, 0x00,
    0x00, 0x00, 0x00, 0x00, 0x00, 0x00, 0x00, 0x00, 0x1F, 0xC0, 0x00, 0x00, 0x00, 0x0B, 0xF0, 0x00,
    0x00, 0x00, 0x01, 0xFC, 0x00, 0x00, 0x00, 0x00, 0x04, 0x00, 0x00, 0x00, 0x00, 0x00, 0x00, 0x02,
    0x80, 0x00, 0x00, 0x00, 0xBE, 0x00, 0x00, 0x00, 0x0B, 0xF0, 0x00, 0x00, 0x00, 0x1F, 0x2B, 0xD0,
    0x2B, 0xD0, 0xD7, 0xFD, 0x03, 0xFE, 0x3C, 0x0B, 0xD0, 0x0B, 0xFF, 0x00, 0x7D, 0x00, 0x7F, 0x80,
    0x07, 0xD0, 0x07, 0xE0, 0x00, 0x7D, 0x00, 0x7E, 0x00, 0x07, 0xD0, 0x07, 0xE0, 0x00, 0x7D, 0x00,
    0x7E, 0x00, 0x07, 0xD0, 0x07, 0xE0, 0x00, 0x7D, 0x00, 0xBE, 0x00, 0x07, 0xF0, 0x1F, 0xE0, 0x00,
    0x3F, 0xEF, 0x7F, 0x80, 0x00, 0xFF, 0xD3, 0xFD, 0x00, 0x01, 0x50, 0x00, 0x00, 0x00, 0x00, 0x00,
    0x00, 0x00, 0x00, 0xBD, 0x00, 0x00, 0x00, 0x0F, 0xE0, 0x00, 0x00, 0x00, 0xFD, 0x00, 0x00, 0x00,
    0x01, 0x00, 0x00, 0x00, 0x00, 0x00, 0x00, 0x00, 0x00, 0x00, 0x78, 0x00, 0x00, 0x00, 0x0B, 0xF0,
    0x00, 0x00, 0x00, 0x2F, 0xC0, 0x00, 0x00, 0x00, 0x1F, 0x00, 0x00, 0x00, 0x00, 0x00, 0x00, 0x6A,
    0xA9, 0x01, 0xAA, 0x9B, 0xFF, 0xF0, 0x2F, 0xFE, 0x0F, 0xF0, 0x00, 0x3E, 0x00, 0x3F, 0x00, 0x03,
    0xC0, 0x01, 0xFC, 0x00, 0xB4, 0x00, 0x0F, 0xD0, 0x1F, 0x00, 0x00, 0x3F, 0x03, 0xC0, 0x00, 0x02,
    0xF8, 0x78, 0x00, 0x00, 0x0F, 0xDF, 0x00, 0x00, 0x00, 0x7F, 0xD0, 0x00, 0x00, 0x02, 0xF8, 0x00,
    0x00, 0x00, 0x2F, 0x80, 0x00, 0x00, 0x02, 0xF8, 0x00, 0x00, 0x00, 0x2F, 0x80, 0x00, 0x00, 0x02,
    0xF8, 0x00, 0x00, 0x00, 0x2F, 0x80, 0x00, 0x00, 0x1B, 0xFE, 0x40, 0x00, 0x03, 0xFF, 0xFC, 0x00,
    0x00, 0x14, 0x00, 0x00, 0x00, 0xF4, 0x00, 0x00, 0x03, 0xF0, 0x00, 0x00, 0x02, 0xF0, 0x00, 0x00,
    0x01, 0xE0, 0x00, 0x00, 0x00, 0x00, 0x00, 0x00, 0x00, 0x00, 0x1A, 0xAA, 0x0A, 0xA9, 0x7F, 0xF8,
    0x2F, 0xF4, 0x3F, 0x00, 0x0F, 0x00, 0xBD, 0x00, 0x74, 0x00, 0xFC, 0x03, 0xC0, 0x02, 0xF4, 0x0E,
    0x00, 0x07, 0xE0, 0xB0, 0x00, 0x0F, 0xC3, 0x80, 0x00, 0x1F, 0x5D, 0x00, 0x00, 0x3F, 0xF0, 0x00,
    0x00, 0xBF, 0x40, 0x00, 0x00, 0xFC, 0x00, 0x00, 0x02, 0xE0, 0x00, 0x00, 0x0B, 0x00, 0x00, 0x00,
    0x38, 0x00, 0x07, 0xC2, 0xD0, 0x00, 0x2F, 0x5E, 0x00, 0x00, 0xBF, 0xF0, 0x00, 0x00, 0x69, 0x00,
    0x00, 0x00, 0x6A, 0xA9, 0x01, 0xAA, 0x9B, 0xFF, 0xF0, 0x2F, 0xFE, 0x0F, 0xF0, 0x00, 0x3E, 0x00,
    0x3F, 0x00, 0x03, 0xC0, 0x01, 0xFC, 0x00, 0xB4, 0x00, 0x0F, 0xD0, 0x1F, 0x00, 0x00, 0x3F, 0x03,
    0xC0, 0x00, 0x02, 0xF8, 0x78, 0x00, 0x00, 0x0F, 0xDF, 0x00, 0x00, 0x00, 0x7F, 0xD0, 0x00, 0x00,
    0x02, 0xF8, 0x00, 0x00, 0x00, 0x2F, 0x80, 0x00, 0x00, 0x02, 0xF8, 0x00, 0x00, 0x00, 0x2F, 0x80,
    0x00, 0x00, 0x02, 0xF8, 0x00, 0x00, 0x00, 0x2F, 0x80, 0x00, 0x00, 0x1B, 0xFE, 0x40, 0x00, 0x03,
    0xFF, 0xFC, 0x00, 0x00, 0x00, 0x00, 0x00, 0x00, 0x00, 0x00, 0x00, 0x00, 0x00, 0x02, 0xF8, 0x00,
    0x00, 0x00, 0x3F, 0xC0, 0x00, 0x00, 0x02, 0xF8, 0x00, 0x00, 0x00, 0x05, 0x00, 0x00, 0x6A, 0xA8,
    0x2A, 0xA5, 0xFF, 0xE0, 0xBF, 0xD0, 0xFC, 0x00, 0x3C, 0x02, 0xF4, 0x01, 0xD0, 0x03, 0xF0, 0x0F,
    0x00, 0x0B, 0xD0, 0x38, 0x00, 0x1F, 0x82, 0xC0, 0x00, 0x3F, 0x0E, 0x00, 0x00, 0x7D, 0x74, 0x00,
    0x00, 0xFF, 0xC0, 0x00, 0x02, 0xFD, 0x00, 0x00, 0x03, 0xF0, 0x00, 0x00, 0x0B, 0x80, 0x00, 0x00,
    0x2C, 0x00, 0x00, 0x00, 0xE0, 0x00, 0x1F, 0x0B, 0x5F, 0xC0, 0xBD, 0x78, 0xBF, 0x02, 0xFF, 0xC1,
    0xFC, 0x01, 0xA4, 0x00, 0x40, 0x00, 0x00, 0x00, 0x10, 0x00, 0x00, 0x00, 0x3F, 0xF0, 0x00, 0x00,
    0x0F, 0x0F, 0x40, 0x00, 0x00, 0xB0, 0xF4, 0x00, 0x00, 0x00, 0x3E, 0x00, 0x00, 0x00, 0x07, 0x80,
    0x00, 0x00, 0x00, 0x10, 0x00, 0x06, 0xAA, 0x90, 0x1A, 0xA9, 0xBF, 0xFF, 0x02, 0xFF, 0xE0, 0xFF,
    0x00, 0x03, 0xE0, 0x03, 0xF0, 0x00, 0x3C, 0x00, 0x1F, 0xC0, 0x0B, 0x40, 0x00, 0xFD, 0x01, 0xF0,
    0x00, 0x03, 0xF0, 0x3C, 0x00, 0x00, 0x2F, 0x87, 0x80, 0x00, 0x00, 0xFD, 0xF0, 0x00, 0x00, 0x07,
    0xFD, 0x00, 0x00, 0x00, 0x2F, 0x80, 0x00, 0x00, 0x02, 0xF8, 0x00, 0x00, 0x00, 0x2F, 0x80, 0x00,
    0x00, 0x02, 0xF8, 0x00, 0x00, 0x00, 0x2F, 0x80, 0x00, 0x00, 0x02, 0xF8, 0x00, 0x00, 0x01, 0xBF,
    0xE4, 0x00, 0x00, 0x3F, 0xFF, 0xC0, 0x00, 0x00, 0x01, 0x40, 0x00, 0x00, 0xFF, 0xD0, 0x00, 0x07,
    0x87, 0xC0, 0x00, 0x0D, 0x2F, 0x00, 0x00, 0x02, 0xF0, 0x00, 0x00, 0x0F, 0x00, 0x00, 0x00, 0x24,
    0x00, 0x00, 0x00, 0x00, 0x00, 0x6A, 0xA8, 0x2A, 0xA5, 0xFF, 0xE0, 0xBF, 0xD0, 0xFC, 0x00, 0x3C,
    0x02, 0xF4, 0x01, 0xD0, 0x03, 0xF0, 0x0F, 0x00, 0x0B, 0xD0, 0x38, 0x00, 0x1F, 0x82, 0xC0, 0x00,
    0x3F, 0x0E, 0x00, 0x00, 0x7D, 0x74, 0x00, 0x00, 0xFF, 0xC0, 0x00, 0x02, 0xFD, 0x00, 0x00, 0x03,
    0xF0, 0x00, 0x00, 0x0B, 0x80, 0x00, 0x00, 0x2C, 0x00, 0x00, 0x00, 0xE0, 0x00, 0x1F, 0x0B, 0x40,
    0x00, 0xBD, 0x78, 0x00, 0x02, 0xFF, 0xC0, 0x00, 0x01, 0xA4, 0x00, 0x00, 0x00, 0x00, 0x06, 0x90,
    0x00, 0x00, 0x00, 0xFF, 0xEE, 0x00, 0x00, 0x2E, 0xFF, 0xC0, 0x00, 0x00, 0x00, 0xA4, 0x00, 0x00,
    0x00, 0x00, 0x00, 0x06, 0xAA, 0x90, 0x1A, 0xA9, 0xBF, 0xFF, 0x02, 0xFF, 0xE0, 0xFF, 0x00, 0x03,
    0xE0, 0x03, 0xF0, 0x00, 0x3C, 0x00, 0x1F, 0xC0, 0x0B, 0x40, 0x00, 0xFD, 0x01, 0xF0, 0x00, 0x03,
    0xF0, 0x3C, 0x00, 0x00, 0x2F, 0x87, 0x80, 0x00, 0x00, 0xFD, 0xF0, 0x00, 0x00, 0x07, 0xFD, 0x00,
    0x00, 0x00, 0x2F, 0x80, 0x00, 0x00, 0x02, 0xF8, 0x00, 0x00, 0x00, 0x2F, 0x80, 0x00, 0x00, 0x02,
    0xF8, 0x00, 0x00, 0x00, 0x2F, 0x80, 0x00, 0x00, 0x02, 0xF8, 0x00, 0x00, 0x01, 0xBF, 0xE4, 0x00,
    0x00, 0x3F, 0xFF, 0xC0, 0x00, 0x00, 0x29, 0x00, 0x00, 0x03, 0xFF, 0xAC, 0x00, 0x1D, 0xBF, 0xD0,
    0x00, 0x00, 0x19, 0x00, 0x00, 0x00, 0x00, 0x00, 0x00, 0x00, 0x00, 0x06, 0xAA, 0x82, 0xAA, 0x5F,
    0xFE, 0x0B, 0xFD, 0x0F, 0xC0, 0x03, 0xC0, 0x2F, 0x40, 0x1D, 0x00, 0x3F, 0x00, 0xF0, 0x00, 0xBD,
    0x03, 0x80, 0x01, 0xF8, 0x2C, 0x00, 0x03, 0xF0, 0xE0, 0x00, 0x07, 0xD7, 0x40, 0x00, 0x0F, 0xFC,
    0x00, 0x00, 0x2F, 0xD0, 0x00, 0x00, 0x3F, 0x00, 0x00, 0x00, 0xB8, 0x00, 0x00, 0x02, 0xC0, 0x00,
    0x00, 0x0E, 0x00, 0x01, 0xF0, 0xB4, 0x00, 0x0B, 0xD7, 0x80, 0x00, 0x2F, 0xFC, 0x00, 0x00, 0x1A,
    0x40, 0x00, 0x00, 0x55, 0x57, 0xFF, 0xEF, 0xFF, 0x80, 0xBF, 0xFF, 0xFF, 0x2F, 0xFF, 0xFF, 0xC0,
    0xBF, 0xFF, 0xFF, 0x2F, 0xFF, 0xFF, 0xC0, 0xBF, 0xFF, 0xFF, 0xFF, 0xFF, 0xFF, 0xAF, 0xFF, 0xFF,
    0xFF, 0xFF, 0xFF, 0xE0, 0xBF, 0xFF, 0xFF, 0xFF, 0xFF, 0xFF, 0xAF, 0xFF, 0xFF, 0xFF, 0xFF, 0xFF,
    0xE0, 0x00, 0x0E, 0x38, 0xB0, 0xF9, 0xFF, 0xBE, 0x14, 0x00, 0xBD, 0xFF, 0xBF, 0x0E, 0x2C, 0xB4,
    0x50, 0x00, 0x7D, 0xFF, 0xBF, 0x0E, 0x1C, 0x78, 0x50, 0x00, 0x00, 0x00, 0xE0, 0x3C, 0x38, 0x0F,
    0x0B, 0x01, 0xD0, 0xF9, 0x2F, 0x4F, 0xF3, 0xFC, 0xBE, 0x1F, 0xC1, 0x40, 0x50, 0x00, 0x00, 0x0B,
    0xD1, 0xF8, 0xFF, 0x3F, 0xCB, 0xF1, 0xFC, 0x0E, 0x03, 0xC2, 0xC0, 0x74, 0xB4, 0x1E, 0x05, 0x00,
    0x40, 0x00, 0x00, 0x02, 0xF0, 0x7D, 0x3F, 0x8F, 0xF3, 0xFC, 0xBF, 0x07, 0x80, 0xE0, 0xB0, 0x1D,
    0x2D, 0x07, 0x82, 0x40, 0x50, 0x00, 0x00, 0x00, 0x03, 0xF0, 0x00, 0x0B, 0xC0, 0x00, 0x1E, 0x00,
    0x10, 0x34, 0x01, 0xFD, 0xEB, 0xE7, 0xFF, 0xFF, 0x89, 0x0D, 0x18, 0x00, 0xB8, 0x00, 0x03, 0xF0,
    0x00, 0x0F, 0xC0, 0x00, 0x2F, 0x00, 0x00, 0x78, 0x00, 0x01, 0xD0, 0x00, 0x03, 0x40, 0x00, 0x0D,
    0x00, 0x00, 0x34, 0x00, 0x00, 0xD0, 0x00, 0x03, 0x40, 0x00, 0x0D, 0x00, 0x00, 0x30, 0x00, 0x00,
    0x00, 0x00, 0x03, 0xF0, 0x00, 0x0B, 0xC0, 0x00, 0x1E, 0x00, 0x10, 0x34, 0x01, 0xFD, 0xEB, 0xE7,
    0xFF, 0xFF, 0x89, 0x0C, 0x18, 0x00, 0x74, 0x00, 0x02, 0xF0, 0x00, 0x0F, 0xC0, 0x00, 0x3F, 0x00,
    0x00, 0xB8, 0x00, 0x01, 0xD0, 0x07, 0x97, 0x5B, 0x6F, 0xFF, 0xFE, 0x79, 0x35, 0xB8, 0x01, 0xD0,
    0x00, 0x0B, 0x80, 0x00, 0x3F, 0x00, 0x00, 0xF8, 0x00, 0x01, 0x40, 0x7F, 0xC3, 0xFF, 0x4F, 0xFE,
    0x3F, 0xF4, 0x3F, 0x80, 0x00, 0x00, 0x18, 0x00, 0x18, 0x00, 0x18, 0x2F, 0xC0, 0x2F, 0xC0, 0x2F,
    0xCF, 0xF4, 0x0F, 0xF4, 0x0F, 0xF2, 0xFC, 0x02, 0xFC, 0x02, 0xFC, 0x14, 0x00, 0x14, 0x00, 0x14,
    0x00, 0x0B, 0xE4, 0x00, 0x3C, 0x00, 0x00, 0x00, 0x03, 0xEB, 0xD0, 0x0B, 0x80, 0x00, 0x00, 0x00,
    0xB8, 0x2F, 0x00, 0xF0, 0x00, 0x00, 0x00, 0x0F, 0x40, 0xF0, 0x3D, 0x00, 0x00, 0x00, 0x00, 0xF4,
    0x0F, 0x07, 0xC0, 0x00, 0x00, 0x00, 0x0F, 0x81, 0xF0, 0xF4, 0x00, 0x00, 0x00, 0x00, 0x7E, 0x7D,
    0x2E, 0x00, 0x00, 0x00, 0x00, 0x01, 0xFF, 0x43, 0xC0, 0xA9, 0x00, 0x1A, 0x40, 0x00, 0x00, 0xF4,
    0x7F, 0xF8, 0x0F, 0xFF, 0x00, 0x00, 0x1F, 0x0F, 0x43, 0xD3, 0xE0, 0xF8, 0x00, 0x03, 0xD1, 0xF0,
    0x3E, 0x3D, 0x07, 0xC0, 0x00, 0xB8, 0x2F, 0x03, 0xE3, 0xC0, 0x7C, 0x00, 0x0F, 0x01, 0xF0, 0x3D,
    0x3D, 0x07, 0xC0, 0x03, 0xE0, 0x0F, 0x87, 0xC2, 0xF0, 0xF4, 0x00, 0x7C, 0x00, 0x7F, 0xF4, 0x0B,
    0xFE, 0x00, 0x05, 0x00, 0x00, 0x54, 0x00, 0x05, 0x00, 0x00, 0x3D, 0x7C, 0x78, 0xB4, 0xB0, 0x50,
    0x00, 0x04, 0x3D, 0x3E, 0x7C, 0x3D, 0x78, 0x3C, 0xB4, 0x74, 0xB0, 0x70, 0x50, 0x10, 0x00, 0xA0,
    0x0B, 0x80, 0xBC, 0x0B, 0xC0, 0x7E, 0x03, 0xF0, 0x07, 0xF0, 0x07, 0xD0, 0x07, 0xC0, 0x07, 0xC0,
    0x05, 0x00, 0x24, 0x00, 0xF4, 0x00, 0xF4, 0x01, 0xF4, 0x02, 0xF4, 0x07, 0xE0, 0x3F, 0x02, 0xF0,
    0x1F, 0x00, 0xF0, 0x01, 0x00, 0x00, 0x00, 0x00, 0x18, 0x00, 0x00, 0x00, 0x00, 0x0F, 0x00, 0x00,
    0x00, 0x00, 0xA2, 0xC6, 0x00, 0x00, 0x00, 0x3E, 0xB7, 0xD0, 0x00, 0x00, 0x02, 0xFF, 0x90, 0x00,
    0x00, 0x00, 0x2F, 0x90, 0x00, 0x00, 0x00, 0xFE, 0xEF, 0x00, 0x00, 0x00, 0x3C, 0xB2, 0xD0, 0x00,
    0x00, 0x00, 0x3C, 0x00, 0x00, 0x00, 0x00, 0x0B, 0x00, 0x00, 0x00, 0x09, 0x00, 0x00, 0x24, 0x00,
    0x07, 0x80, 0x00, 0x1E, 0x00, 0x70, 0xD2, 0x41, 0xD3, 0x8A, 0x2F, 0x77, 0xF0, 0x7D, 0xDF, 0xC1,
    0xBF, 0xD0, 0x06, 0xFF, 0x40, 0x1F, 0xD0, 0x00, 0x7F, 0x40, 0xBE, 0xEF, 0x81, 0xFB, 0xBE, 0x2D,
    0x35, 0xE0, 0x74, 0xD3, 0xC0, 0x1E, 0x00, 0x00, 0x78, 0x00, 0x07, 0x40, 0x00, 0x1D, 0x00, 0x00,
    0x00, 0x0B, 0x40, 0x00, 0x07, 0xC0, 0x00, 0x03, 0xD0, 0x00, 0x01, 0xE0, 0x00, 0x00, 0xF0, 0x00,
    0x00, 0xB8, 0x00, 0x00, 0x3C, 0x00, 0x00, 0x2D, 0x00, 0x00, 0x1F, 0x00, 0x00, 0x0F, 0x40, 0x00,
    0x07, 0x80, 0x00, 0x03, 0xC0, 0x00, 0x02, 0xE0, 0x00, 0x00, 0xF0, 0x00, 0x00, 0xB4, 0x00, 0x00,
    0x7C, 0x00, 0x00, 0x3D, 0x00, 0x00, 0x1E, 0x00, 0x00, 0x05, 0x00, 0x00, 0x00, 0x01, 0xBE, 0x00,
    0x2F, 0x6F, 0x41, 0xF0, 0x1F, 0x0F, 0x80, 0x3E, 0x3D, 0x00, 0xFC, 0xF4, 0x02, 0xF3, 0xD0, 0x0B,
    0xCF, 0x40, 0x3F, 0x3E, 0x00, 0xF4, 0x7C, 0x07, 0xC0, 0xBE, 0xBD, 0x00, 0x7F, 0x80, 0x00, 0x1A,
    0x00, 0x00, 0xFC, 0x00, 0x0F, 0xF0, 0x00, 0x77, 0xC0, 0x03, 0x4F, 0x00, 0x3C, 0x3C, 0x01, 0xC0,
    0xF0, 0x0D, 0x03, 0xC0, 0xBF, 0xFF, 0xF1, 0xAA, 0xFF, 0x80, 0x00, 0xF0, 0x00, 0x03, 0xC0, 0x0A,
    0xAA, 0x47, 0xFF, 0xD1, 0xD5, 0x50, 0xB0, 0x00, 0x2C, 0x54, 0x0B, 0xFF, 0xC0, 0x41, 0xF8, 0x00,
    0x2F, 0x00, 0x0B, 0xDC, 0x03, 0xE3, 0xFB, 0xF0, 0x2F, 0xE0, 0x00, 0xBF, 0x40, 0x7D, 0x6E, 0x0F,
    0x02, 0xE2, 0xE0, 0x04, 0x3D, 0x69, 0x03, 0xFE, 0xFC, 0x3E, 0x03, 0xD3, 0xC0, 0x2E, 0x3D, 0x02,
    0xE2, 0xD0, 0x3D, 0x0F, 0x9B, 0xC0, 0x2F, 0xE0, 0x2A, 0xAA, 0x87, 0xFF, 0xFC, 0xB4, 0x07, 0x86,
    0x00, 0xF0, 0x00, 0x3C, 0x00, 0x07, 0x80, 0x00, 0xF4, 0x00, 0x1F, 0x00, 0x02, 0xF0, 0x00, 0x3E,
    0x00, 0x03, 0xE0, 0x00, 0x29, 0x00, 0x06, 0xFE, 0x01, 0xF5, 0xBC, 0x3D, 0x03, 0xD3, 0xE0, 0x3C,
    0x1F, 0xDB, 0x40, 0x7F, 0xF0, 0x0F, 0xBF, 0xD3, 0xC0, 0x7F, 0x7C, 0x02, 0xF7, 0xC0, 0x2F, 0x3F,
    0x9B, 0xC0, 0x7F, 0xE0, 0x07, 0xFD, 0x02, 0xF5, 0xF4, 0x3C, 0x03, 0xC7, 0xC0, 0x3D, 0x7C, 0x03,
    0xD3, 0xD0, 0x7D, 0x2F, 0xFF, 0xD0, 0x6A, 0x3C, 0x00, 0x07, 0xC1, 0x00, 0xF8, 0x3E, 0xBF, 0x00,
    0xBF, 0x80, 0x00, 0x00, 0xD0, 0xF0, 0x74, 0x3C, 0x1F, 0x0B, 0x83, 0xE0, 0xF8, 0x3E, 0x0B, 0x81,
    0xF0, 0x3C, 0x07, 0x80, 0xF0, 0x0D, 0x00, 0x00, 0x00, 0x03, 0x40, 0x2C, 0x00, 0xF0, 0x0B, 0x40,
    0x7C, 0x07, 0xC0, 0x3C, 0x03, 0xC0, 0x3C, 0x07, 0xC0, 0xB8, 0x0F, 0x40, 0xF0, 0x2C, 0x03, 0x40,
    0x00, 0x00, 0x05, 0x06, 0x90, 0x0F, 0xDB, 0xFE, 0x00, 0xBE, 0x0B, 0xC0, 0x2F, 0x01, 0xF0, 0x0B,
    0xC0, 0x3C, 0x02, 0xF0, 0x0F, 0x00, 0xBC, 0x03, 0xC0, 0x2F, 0x00, 0xF0, 0x2F, 0xE0, 0xBE, 0x4A,
    0xA8, 0x6A, 0x90, 0x01, 0xBE, 0x00, 0x2F, 0x6F, 0x41, 0xF0, 0x1F, 0x0F, 0x80, 0x3E, 0x3D, 0x00,
    0xFC, 0xF4, 0x02, 0xF3, 0xD0, 0x0B, 0xCF, 0x40, 0x3F, 0x3E, 0x00, 0xF4, 0x7C, 0x07, 0xC0, 0xBE,
    0xBD, 0x00, 0x7F, 0x80, 0x1A, 0xD0, 0x3F, 0xE0, 0x03, 0xE0, 0x03, 0xE0, 0x03, 0xE0, 0x03, 0xE0,
    0x03, 0xE0, 0x03, 0xE0, 0x03, 0xE0, 0x03, 0xE0, 0x2F, 0xF9, 0x2A, 0xA9, 0x0B, 0xF9, 0x03, 0xD6,
    0xF4, 0x7C, 0x0F, 0xC3, 0xC0, 0xBC, 0x00, 0x0F, 0x80, 0x01, 0xF0, 0x00, 0x7C, 0x00, 0x1F, 0x00,
    0x07, 0xC0, 0xC1, 0xF0, 0x7C, 0x3F, 0xFF, 0xC2, 0xAA, 0xA8, 0x07, 0xFD, 0x02, 0xE6, 0xF4, 0x3D,
    0x0B, 0xC2, 0xC0, 0xBC, 0x00, 0x0F, 0x40, 0x0F, 0xC0, 0x00, 0xAF, 0x40, 0x00, 0x7C, 0x00, 0x07,
    0xD3, 0x40, 0xBC, 0x3F, 0xBF, 0x80, 0xBF, 0x90, 0x00, 0x1A, 0x00, 0x00, 0xFC, 0x00, 0x0F, 0xF0,
    0x00, 0x77, 0xC0, 0x03, 0x4F, 0x00, 0x3C, 0x3C, 0x01, 0xC0, 0xF0, 0x0D, 0x03, 0xC0, 0xBF, 0xFF,
    0xF1, 0xAA, 0xFF, 0x80, 0x00, 0xF0, 0x00, 0x03, 0xC0, 0x0A, 0xAA, 0x47, 0xFF, 0xD1, 0xD5, 0x50,
    0xB0, 0x00, 0x2C, 0x54, 0x0B, 0xFF, 0xC0, 0x41, 0xF8, 0x00, 0x2F, 0x00, 0x0B, 0xDC, 0x03, 0xE3,
    0xFB, 0xF0, 0x2F, 0xE0, 0x00, 0xBF, 0x40, 0x7D, 0x6E, 0x0F, 0x02, 0xE2, 0xE0, 0x04, 0x3D, 0x69,
    0x03, 0xFE, 0xFC, 0x3E, 0x03, 0xD3, 0xC0, 0x2E, 0x3D, 0x02, 0xE2, 0xD0, 0x3D, 0x0F, 0x9B, 0xC0,
    0x2F, 0xE0, 0x2A, 0xAA, 0x87, 0xFF, 0xFC, 0xB4, 0x07, 0x86, 0x00, 0xF0, 0x00, 0x3C, 0x00, 0x07,
    0x80, 0x00, 0xF4, 0x00, 0x1F, 0x00, 0x02, 0xF0, 0x00, 0x3E, 0x00, 0x03, 0xE0, 0x00, 0x29, 0x00,
    0x06, 0xFE, 0x01, 0xF5, 0xBC, 0x3D, 0x03, 0xD3, 0xE0, 0x3C, 0x1F, 0xDB, 0x40, 0x7F, 0xF0, 0x0F,
    0xBF, 0xD3, 0xC0, 0x7F, 0x7C, 0x02, 0xF7, 0xC0, 0x2F, 0x3F, 0x9B, 0xC0, 0x7F, 0xE0, 0x07, 0xFD,
    0x02, 0xF5, 0xF4, 0x3C, 0x03, 0xC7, 0xC0, 0x3D, 0x7C, 0x03, 0xD3, 0xD0, 0x7D, 0x2F, 0xFF, 0xD0,
    0x6A, 0x3C, 0x00, 0x07, 0xC1, 0x00, 0xF8, 0x3E, 0xBF, 0x00, 0xBF, 0x80, 0x00, 0x00, 0xD0, 0xF0,
    0x74, 0x3C, 0x1F, 0x0B, 0x83, 0xE0, 0xF8, 0x3E, 0x0B, 0x81, 0xF0, 0x3C, 0x07, 0x80, 0xF0, 0x0D,
    0x00, 0x00, 0x00, 0x03, 0x40, 0x2C, 0x00, 0xF0, 0x0B, 0x40, 0x7C, 0x07, 0xC0, 0x3C, 0x03, 0xC0,
    0x3C, 0x07, 0xC0, 0xB8, 0x0F, 0x40, 0xF0, 0x2C, 0x03, 0x40, 0x00, 0x00, 0x00, 0x00, 0xC6, 0x00,
    0x00, 0x07, 0x28, 0x00, 0x01, 0xBF, 0xDA, 0x00, 0x3F, 0xFF, 0xFC, 0x03, 0xF7, 0x5F, 0xF0, 0x2F,
    0x0C, 0x73, 0xC0, 0xF8, 0x72, 0x87, 0x4B, 0xD1, 0xCD, 0x00, 0x3F, 0x0A, 0x34, 0x00, 0xFC, 0x34,
    0xC0, 0x03, 0xF0, 0xD7, 0x00, 0x0F, 0xC3, 0x28, 0x00, 0x3F, 0x1C, 0xE0, 0x00, 0xFC, 0xA3, 0x40,
    0x02, 0xF7, 0x8C, 0x00, 0x07, 0xED, 0x70, 0x08, 0x0F, 0xF2, 0x80, 0xB0, 0x1F, 0xCE, 0x07, 0xC0,
    0x1F, 0xF9, 0xBF, 0x00, 0x2F, 0xFF, 0xB8, 0x00, 0xD7, 0x50, 0x50, 0x03, 0x1C, 0x00, 0x00, 0x00,
    0x00, 0x00, 0x00, 0x0A, 0xAA, 0xAA, 0x90, 0x7F, 0xFF, 0xFF, 0xC0, 0x2F, 0x80, 0x2F, 0x00, 0x7E,
    0x00, 0x2D, 0x01, 0xF8, 0x00, 0x78, 0x07, 0xE0, 0x00, 0x40, 0x1F, 0x80, 0x10, 0x00, 0x7E, 0x01,
    0xC0, 0x01, 0xFD, 0x5F, 0x00, 0x07, 0xFF, 0xFC, 0x00, 0x1F, 0x80, 0x00, 0x00, 0x7E, 0x00, 0x00,
    0x6B, 0xFE, 0xAA, 0x01, 0xFF, 0xFF, 0xFC, 0x00, 0x1F, 0x80, 0x00, 0x00, 0x7E, 0x00, 0x00, 0x0B,
    0xFE, 0x40, 0x00, 0x7F, 0xFF, 0x40, 0x00, 0x00, 0x2F, 0xE4, 0x00, 0x1F, 0xEB, 0xF0, 0x07, 0xE0,
    0x1F, 0x40, 0xFC, 0x02, 0xF8, 0x0F, 0xC0, 0x2F, 0x40, 0xFC, 0x00, 0x00, 0x0F, 0xC0, 0x00, 0x03,
    0xFF, 0xFF, 0xC0, 0x17, 0xF5, 0x54, 0x00, 0x3F, 0x80, 0x00, 0x2B, 0xFE, 0xA8, 0x02, 0xAF, 0xEA,
    0x80, 0x00, 0xFC, 0x00, 0x00, 0x0F, 0xC0, 0x18, 0x00, 0xF4, 0x03, 0xC0, 0x3D, 0x00, 0xBC, 0x1F,
    0xFF, 0xFF, 0xC2, 0xFF, 0xFF, 0xFC, 0x6A, 0xA0, 0x00, 0x6A, 0xA1, 0xFF, 0xF0, 0x02, 0xFF, 0xD0,
    0xBF, 0xD0, 0x00, 0xF8, 0x01, 0xFF, 0xC0, 0x02, 0xD0, 0x07, 0xAF, 0x80, 0x0B, 0x40, 0x1E, 0x3F,
    0x00, 0x2D, 0x00, 0xB8, 0xBE, 0x00, 0xB4, 0x3F, 0xFF, 0xFF, 0xFF, 0xFE, 0x0B, 0x81, 0xFC, 0x0B,
    0x40, 0x2E, 0x03, 0xF4, 0x2D, 0x0F, 0xFF, 0xFF, 0xFF, 0xFF, 0x96, 0xE5, 0x5B, 0xF6, 0xE4, 0x07,
    0x80, 0x0F, 0xCB, 0x40, 0x1E, 0x00, 0x1F, 0xAD, 0x00, 0x78, 0x00, 0x3F, 0xF4, 0x01, 0xE0, 0x00,
    0x3F, 0xD0, 0x2F, 0xE4, 0x00, 0xBF, 0x42, 0xFF, 0xE0, 0x00, 0xFD, 0x00, 0x6A, 0xAA, 0x50, 0x00,
    0x00, 0x00, 0x00, 0x00, 0x00, 0x7F, 0xFF, 0xFE, 0x00, 0x0F, 0x00, 0x00, 0x00, 0x00, 0x0B, 0xE0,
    0x6F, 0xC0, 0x0F, 0x00, 0x00, 0x00, 0x00, 0x07, 0xE0, 0x0F, 0xE0, 0x0F, 0x00, 0x00, 0x00, 0x00,
    0x07, 0xE0, 0x07, 0xF0, 0x2F, 0x00, 0x00, 0x00, 0x00, 0x07, 0xE0, 0x07, 0xF1, 0xFF, 0xAA, 0x01,
    0xFF, 0xB8, 0x07, 0xE0, 0x07, 0xF2, 0xFF, 0xFF, 0x07, 0xE6, 0xF8, 0x07, 0xE0, 0x0B, 0xE0, 0x3F,
    0x00, 0x0F, 0x40, 0x7C, 0x07, 0xE0, 0x1F, 0xC0, 0x3F, 0x00, 0x0F, 0x40, 0x3C, 0x07, 0xF5, 0xBF,
    0x40, 0x3F, 0x00, 0x0F, 0xD0, 0x00, 0x07, 0xFF, 0xF8, 0x00, 0x3F, 0x00, 0x0F, 0xFE, 0x40, 0x07,
    0xE0, 0x00, 0x00, 0x3F, 0x00, 0x03, 0xFF, 0xF0, 0x07, 0xE0, 0x00, 0x00, 0x3F, 0x00, 0x00, 0x2F,
    0xFC, 0x07, 0xE0, 0x00, 0x00, 0x3F, 0x00, 0x00, 0x00, 0xFC, 0x07, 0xE0, 0x00, 0x00, 0x3F, 0x00,
    0x1D, 0x00, 0x3C, 0x07, 0xE0, 0x00, 0x00, 0x2F, 0x40, 0x1F, 0x00, 0x7C, 0x2F, 0xF9, 0x00, 0x00,
    0x1F, 0xFF, 0x5F, 0xD5, 0xF8, 0xBF, 0xFF, 0x40, 0x00, 0x0B, 0xFE, 0x0E, 0xFF, 0xE0, 0x00, 0x00,
    0x00, 0x00, 0x00, 0x50, 0x04, 0x15, 0x00, 0x2A, 0xA9, 0x00, 0x2A, 0x00, 0x1A, 0xA8, 0x3F, 0xFF,
    0x00, 0xBF, 0x00, 0x3F, 0xFC, 0x0B, 0xF0, 0x00, 0xFF, 0x40, 0x03, 0xD0, 0x03, 0xF0, 0x00, 0xFF,
    0x80, 0x03, 0xC0, 0x03, 0xF4, 0x01, 0xDF, 0xC0, 0x07, 0x80, 0x02, 0xF8, 0x02, 0xCB, 0xD0, 0x0B,
    0x40, 0x16, 0xFD, 0x57, 0xDB, 0xE5, 0x5F, 0x94, 0x3F, 0xFF, 0xFF, 0xFF, 0xFF, 0xFF, 0xF8, 0x00,
    0xFC, 0x07, 0x43, 0xF0, 0x0E, 0x00, 0x00, 0xBD, 0x0B, 0x42, 0xF4, 0x1D, 0x00, 0x7F, 0xFF, 0xFF,
    0xFF, 0xFF, 0xFF, 0xFC, 0x15, 0x7F, 0x5F, 0x55, 0xFD, 0x7D, 0x54, 0x00, 0x3F, 0x1D, 0x00, 0xBD,
    0x38, 0x00, 0x00, 0x2F, 0x6C, 0x00, 0x7E, 0x74, 0x00, 0x00, 0x1F, 0xBC, 0x00, 0x3F, 0xB0, 0x00,
    0x00, 0x0F, 0xF8, 0x00, 0x3F, 0xF0, 0x00, 0x00, 0x0F, 0xF4, 0x00, 0x2F, 0xE0, 0x00, 0x00, 0x0B,
    0xF0, 0x00, 0x1F, 0xD0, 0x00, 0x00, 0x00, 0x00, 0x00, 0x00, 0x0F, 0xFC, 0x00, 0x00, 0x1B, 0xF0,
    0x00, 0x00, 0x0F, 0xC0, 0x00, 0x2A, 0xBF, 0xA0, 0x00, 0xFF, 0xFF, 0xC0, 0x00, 0x03, 0xF0, 0x00,
    0x7F, 0xEF, 0xC0, 0x0F, 0xFF, 0xFF, 0x00, 0xBD, 0x01, 0xFC, 0x07, 0xE0, 0x03, 0xF0, 0x2F, 0x40,
    0x0F, 0xC0, 0xFC, 0x00, 0x3F, 0x03, 0xF0, 0x00, 0xFC, 0x0F, 0xC0, 0x03, 0xF0, 0x3F, 0x40, 0x0F,
    0xC0, 0xBE, 0x00, 0x3F, 0x01, 0xFC, 0x02, 0xFC, 0x02, 0xFE, 0xBE, 0xF9, 0x02, 0xFF, 0xC7, 0xFC,
    0x00, 0x50, 0x00, 0x00, 0x00, 0x00, 0x00, 0x00, 0x2F, 0xFF, 0x80, 0x00, 0xBF, 0xFE, 0x00, 0x00,
    0x00, 0x00, 0x00, 0x00, 0x02, 0xFE, 0x5C, 0x00, 0x2F, 0xFF, 0xFC, 0x00, 0xBE, 0x00, 0xBD, 0x01,
    0xF8, 0x00, 0x2D, 0x03, 0xF0, 0x00, 0x0E, 0x03, 0xF0, 0x00, 0x00, 0x1B, 0xE5, 0x50, 0x00, 0xBF,
    0xFF, 0xFC, 0x00, 0x0F, 0xE0, 0x00, 0x00, 0x0F, 0xD0, 0x00, 0x00, 0xFF, 0xFF, 0xF4, 0x00, 0x5B,
    0xF5, 0x50, 0x00, 0x07, 0xF0, 0x00, 0x00, 0x03, 0xF0, 0x00, 0x09, 0x02, 0xF8, 0x00, 0x1E, 0x00,
    0xFD, 0x00, 0x3D, 0x00, 0x7F, 0x96, 0xFC, 0x00, 0x0B, 0xFF, 0xEC, 0x00, 0x00, 0x54, 0x04, 0x1A,
    0xAA, 0x41, 0xAA, 0x90, 0x7F, 0xFF, 0x0B, 0xFF, 0x80, 0x2F, 0xC0, 0x03, 0xE0, 0x00, 0x7E, 0x00,
    0x2E, 0x00, 0x01, 0xF8, 0x02, 0xE0, 0x00, 0x07, 0xE0, 0x2E, 0x00, 0x00, 0x1F, 0x82, 0xE0, 0x00,
    0x00, 0x7E, 0x2F, 0x00, 0x00, 0x7F, 0xFF, 0xFF, 0xFF, 0xC0, 0x5B, 0xF7, 0xF9, 0x55, 0x00, 0x1F,
    0x87, 0xF0, 0x00, 0x00, 0x7E, 0x0F, 0xE0, 0x00, 0x01, 0xF8, 0x0F, 0xD0, 0x00, 0x07, 0xE0, 0x2F,
    0xC0, 0x00, 0x1F, 0x80, 0x3F, 0x80, 0x00, 0x7E, 0x00, 0x7F, 0x40, 0x0B, 0xFE, 0x40, 0xBF, 0xA4,
    0xBF, 0xFF, 0x00, 0xBF, 0xE0, 0x00, 0x00, 0x00, 0x14, 0x00, 0x1A, 0xAA, 0xAA, 0xAA, 0x0F, 0xFF,
    0xFF, 0xFF, 0xD3, 0xE0, 0x3F, 0x02, 0xF5, 0xF0, 0x0F, 0xC0, 0x2E, 0xB4, 0x03, 0xF0, 0x03, 0xDC,
    0x00, 0xFC, 0x00, 0xE0, 0x00, 0x3F, 0x00, 0x00, 0x00, 0x0F, 0xFF, 0xE0, 0x03, 0xFF, 0xFA, 0x50,
    0x00, 0x94, 0xFC, 0x00, 0x00, 0x00, 0x7F, 0xFF, 0x80, 0x1F, 0xFF, 0xE5, 0x00, 0x01, 0x43, 0xF0,
    0x00, 0x00, 0x00, 0xFC, 0x00, 0x00, 0x00, 0x3F, 0x00, 0x00, 0x00, 0x0F, 0xC0, 0x00, 0x00, 0x6B,
    0xFE, 0x40, 0x00, 0x2F, 0xFF, 0xF0, 0x00, 0x1A, 0xAA, 0x94, 0x00, 0x07, 0xFF, 0xFF, 0xE0, 0x00,
    0x2F, 0x80, 0xBF, 0x00, 0x0B, 0xE0, 0x0F, 0xE0, 0x3F, 0xFF, 0xFF, 0xFF, 0x80, 0xBE, 0x00, 0x7F,
    0x01, 0x6F, 0x95, 0x6F, 0xD0, 0xFF, 0xFF, 0xFF, 0xFE, 0x01, 0xF8, 0x03, 0xF0, 0x00, 0x7F, 0x5B,
    0xF4, 0x00, 0x1F, 0xFF, 0xE0, 0x00, 0x07, 0xE5, 0x00, 0x00, 0x01, 0xF8, 0x00, 0x00, 0x00, 0x7E,
    0x00, 0x00, 0x00, 0x1F, 0x80, 0x00, 0x00, 0x07, 0xE0, 0x00, 0x00, 0x0B, 0xFE, 0x40, 0x00, 0x0B,
    0xFF, 0xF4, 0x00, 0x00, 0x00, 0x01, 0xC0, 0x00, 0x00, 0x00, 0x1C, 0x00, 0x00, 0x00, 0x1B, 0xF8,
    0x70, 0x00, 0x1F, 0xFF, 0xFF, 0x40, 0x07, 0xF6, 0xC7, 0xF8, 0x00, 0xFC, 0x1C, 0x0F, 0x80, 0x3F,
    0x41, 0xC0, 0x3C, 0x03, 0xF0, 0x1C, 0x02, 0xC0, 0xBE, 0x01, 0xC0, 0x00, 0x0B, 0xD0, 0x1C, 0x00,
    0x00, 0xFD, 0x01, 0xC0, 0x00, 0x0F, 0xD0, 0x1C, 0x55, 0x54, 0xFD, 0x01, 0xCF, 0xFF, 0xCB, 0xE0,
    0x1C, 0x0F, 0xD0, 0x7F, 0x01, 0xC0, 0xBC, 0x03, 0xF4, 0x1C, 0x0B, 0xC0, 0x2F, 0xC1, 0xC0, 0xBC,
    0x00, 0xFF, 0x1C, 0x1F, 0xC0, 0x03, 0xFF, 0xEF, 0xFC, 0x00, 0x0B, 0xFF, 0xE2, 0xC0, 0x00, 0x02,
    0xC0, 0x00, 0x00, 0x00, 0x1C, 0x00, 0x00, 0x00, 0x00, 0x00, 0x00, 0x00, 0x07, 0x1B, 0xE4, 0x00,
    0x0B, 0xFF, 0xFF, 0x00, 0x0B, 0xD0, 0x0F, 0x80, 0x0F, 0x40, 0x0B, 0xC0, 0x0F, 0x00, 0x07, 0xD0,
    0x05, 0x00, 0x0B, 0xD0, 0x00, 0x00, 0x2F, 0xD0, 0x7F, 0xFF, 0xFF, 0xFE, 0x00, 0x7F, 0xFF, 0x00,
    0x03, 0xFF, 0xF4, 0x00, 0x7F, 0xFF, 0xFF, 0xFE, 0x2F, 0xF5, 0x55, 0x54, 0x1F, 0xC0, 0x00, 0x50,
    0x1F, 0x80, 0x00, 0xF0, 0x0F, 0x80, 0x02, 0xF0, 0x0F, 0xC0, 0x0B, 0xF0, 0x03, 0xF9, 0xBF, 0xE0,
    0x00, 0xBF, 0xF8, 0xE0, 0x00, 0x05, 0x00, 0x00, 0x00, 0x00, 0x00, 0x00, 0x00, 0x07, 0x00, 0x00,
    0x00, 0x1C, 0x00, 0x00, 0x06, 0xFE, 0x28, 0x00, 0xFF, 0xFF, 0xF0, 0x0F, 0xD7, 0x0F, 0xC0, 0xBD,
    0x1C, 0x0F, 0x03, 0xF0, 0x70, 0x1D, 0x2F, 0x81, 0xC0, 0x00, 0xFD, 0x07, 0x00, 0x03, 0xF0, 0x1C,
    0x00, 0x0F, 0xC0, 0x70, 0x00, 0x3F, 0x01, 0xC0, 0x00, 0xFC, 0x07, 0x00, 0x03, 0xF4, 0x1C, 0x00,
    0x0B, 0xE0, 0x70, 0x00, 0x1F, 0xC1, 0xC0, 0x20, 0x3F, 0x47, 0x02, 0xC0, 0x7F, 0x1C, 0x1F, 0x00,
    0x7F, 0xBA, 0xFC, 0x00, 0x7F, 0xFE, 0xE0, 0x00, 0x0B, 0x41, 0x40, 0x00, 0x1C, 0x00, 0x00, 0x00,
    0x10, 0x00, 0x1A, 0xAA, 0xAA, 0xAA, 0x03, 0xFF, 0xFF, 0xFF, 0xF4, 0x00, 0x00, 0x00, 0x00, 0x01,
    0xAA, 0xAA, 0xAA, 0xA0, 0x3F, 0xFF, 0xFF, 0xFF, 0x87, 0xD0, 0x2F, 0x40, 0xBC, 0x74, 0x02, 0xF4,
    0x03, 0xCB, 0x00, 0x2F, 0x40, 0x2C, 0x00, 0x02, 0xF4, 0x00, 0x00, 0x00, 0x2F, 0x40, 0x00, 0x00,
    0x02, 0xF4, 0x00, 0x00, 0x00, 0x2F, 0x40, 0x00, 0x00, 0x02, 0xF4, 0x00, 0x00, 0x00, 0x2F, 0x40,
    0x00, 0x00, 0x02, 0xF4, 0x00, 0x00, 0x00, 0x3F, 0x40, 0x00, 0x00, 0x2B, 0xFE, 0x40, 0x00, 0x07,
    0xFF, 0xFC, 0x00, 0x2A, 0xAA, 0xAA, 0x93, 0xFF, 0xFF, 0xFD, 0x00, 0x07, 0xF4, 0x00, 0x00, 0x1F,
    0xC0, 0x15, 0x56, 0xFE, 0x53, 0xFF, 0xFF, 0xFD, 0x00, 0x01, 0xFC, 0x00, 0x00, 0x3F, 0x00, 0x15,
    0x6F, 0xC0, 0x03, 0xFF, 0xD0, 0x00, 0x00, 0x3F, 0x40, 0x00, 0x00, 0xFC, 0x00, 0x00, 0x0B, 0xE0,
    0x00, 0x00, 0x7F, 0x00, 0x00, 0x03, 0xF4, 0x00, 0x00, 0x2F, 0xC0, 0x00, 0x00, 0xFF, 0x90, 0x00,
    0x07, 0xFE, 0x00, 0x00, 0x05, 0x00, 0x02, 0x90, 0x00, 0x00, 0x1F, 0x80, 0x00, 0x00, 0x7E, 0x00,
    0x00, 0x01, 0xF8, 0x00, 0x00, 0x07, 0xE0, 0x00, 0x00, 0x1F, 0xFF, 0x00, 0x0B, 0xFF, 0xA4, 0x00,
    0x2A, 0xF8, 0x00, 0x00, 0x07, 0xFB, 0xC0, 0x01, 0xFF, 0xFA, 0x00, 0x0A, 0xFE, 0x00, 0x14, 0x01,
    0xF8, 0x00, 0xFC, 0x07, 0xE0, 0x03, 0xF0, 0x1F, 0x80, 0x07, 0xC0, 0x7E, 0x00, 0x1E, 0x01, 0xF8,
    0x01, 0xF0, 0x2F, 0xFA, 0xBF, 0x42, 0xFF, 0xFF, 0xD0, 0x00, 0x00, 0x03, 0xD0, 0x00, 0x00, 0x00,
    0xF4, 0x00, 0x00, 0x0B, 0xFF, 0xE4, 0x00, 0x1F, 0xFF, 0xFF, 0x80, 0x0F, 0xD3, 0xD3, 0xF8, 0x0F,
    0xD0, 0xF4, 0x3F, 0x07, 0xE0, 0x3D, 0x07, 0xE2, 0xF4, 0x0F, 0x40, 0xFC, 0xFC, 0x03, 0xD0, 0x3F,
    0x3F, 0x00, 0xF4, 0x0B, 0xDF, 0xC0, 0x3D, 0x02, 0xF7, 0xF0, 0x0F, 0x80, 0xBD, 0xFC, 0x03, 0xE0,
    0x2F, 0x7F, 0x00, 0xF8, 0x0F, 0xCB, 0xD0, 0x7E, 0x03, 0xF1, 0xF8, 0x1F, 0xC0, 0xFC, 0x3F, 0x00,
    0x00, 0xBE, 0x0F, 0xC0, 0x00, 0x3F, 0x00, 0x1A, 0xAA, 0x94, 0x00, 0xBF, 0xFF, 0xFE, 0x00, 0x2F,
    0x40, 0xBF, 0x00, 0xBD, 0x00, 0xFE, 0x02, 0xF4, 0x01, 0xFC, 0x0B, 0xD0, 0x07, 0xF0, 0x2F, 0x40,
    0x1F, 0xC0, 0xBD, 0x00, 0xBD, 0x02, 0xF4, 0x07, 0xF0, 0x6F, 0xFA, 0xFF, 0x03, 0xFF, 0xFF, 0x90,
    0x00, 0xBD, 0x00, 0x00, 0x16, 0xF9, 0x54, 0x00, 0xFF, 0xFF, 0xF0, 0x00, 0x2F, 0x80, 0x00, 0x00,
    0xBD, 0x00, 0x00, 0x1B, 0xFE, 0x40, 0x00, 0xBF, 0xFF, 0x00, 0x00, 0x00, 0x06, 0x40, 0x00, 0xFF,
    0xC0, 0x0F, 0x8F, 0x40, 0x7C, 0x2D, 0x02, 0xF0, 0x78, 0x0F, 0xC2, 0xD0, 0x3F, 0x0B, 0x00, 0xFC,
    0x3C, 0x03, 0xF2, 0xD0, 0x0F, 0xDF, 0x00, 0x3F, 0xF0, 0x01, 0xFF, 0x00, 0x3F, 0xF0, 0x00, 0x9F,
    0xC0, 0x00, 0x3F, 0x00, 0x00, 0xFC, 0x00, 0x03, 0xF0, 0x00, 0x0B, 0xD0, 0x40, 0x1F, 0xFF, 0x00,
    0x3F, 0xF0, 0x00, 0x04, 0x00, 0x6A, 0xA0, 0x00, 0x6A, 0xA0, 0x00, 0x00, 0x07, 0xFF, 0xC0, 0x0B,
    0xFF, 0x40, 0x00, 0x00, 0x0B, 0xFD, 0x00, 0x0F, 0x80, 0x00, 0x00, 0x00, 0x7F, 0xF0, 0x00, 0xB4,
    0x00, 0x15, 0x00, 0x07, 0xBF, 0x80, 0x0B, 0x40, 0x2F, 0xFE, 0x00, 0x79, 0xFC, 0x00, 0xB4, 0x0B,
    0xC1, 0xF8, 0x07, 0x8B, 0xF0, 0x0B, 0x40, 0xF0, 0x0B, 0xC0, 0x78, 0x3F, 0x40, 0xB4, 0x1F, 0x00,
    0x3D, 0x07, 0x81, 0xFC, 0x0B, 0x42, 0xF0, 0x03, 0xD0, 0x78, 0x0F, 0xE0, 0xB4, 0x2F, 0x00, 0x3D,
    0x07, 0x80, 0x7F, 0x0B, 0x41, 0xF0, 0x03, 0xD0, 0x78, 0x02, 0xF8, 0xB4, 0x0F, 0x80, 0xBC, 0x07,
    0x80, 0x0F, 0xDB, 0x40, 0x7E, 0x6F, 0x00, 0x78, 0x00, 0x7F, 0xB4, 0x01, 0xFF, 0x80, 0x07, 0x80,
    0x03, 0xFF, 0x40, 0x00, 0x00, 0x00, 0x78, 0x00, 0x1F, 0xF4, 0x00, 0x00, 0x00, 0x2F, 0xE4, 0x00,
    0xBF, 0x41, 0xFF, 0xFF, 0xDB, 0xFF, 0x80, 0x03, 0xF4, 0x1F, 0xFF, 0xFD, 0x00, 0x00, 0x54, 0x00,
    0x00, 0x02, 0xFF, 0xFD, 0x00, 0x01, 0xF4, 0x01, 0xBC, 0x00, 0xB8, 0x00, 0x01, 0xF0, 0x1E, 0x2F,
    0xFA, 0x07, 0x83, 0xC0, 0xBD, 0x7D, 0x2C, 0x38, 0x07, 0x81, 0xF1, 0xD7, 0x40, 0x78, 0x1F, 0x0E,
    0x70, 0x07, 0x81, 0xE0, 0xE7, 0x00, 0x7D, 0xBC, 0x0E, 0x74, 0x07, 0xE9, 0x00, 0xE3, 0x80, 0x78,
    0x00, 0x1D, 0x3C, 0x0B, 0xC0, 0x02, 0xC1, 0xE3, 0xFF, 0x80, 0x78, 0x0F, 0x80, 0x00, 0x1F, 0x00,
    0x2F, 0x40, 0x1F, 0x80, 0x00, 0x7F, 0xFF, 0xD0, 0x00, 0x00, 0x15, 0x40, 0x00, 0x00, 0x40, 0x00,
    0x00, 0x00, 0x00, 0x0F, 0xFF, 0x0F, 0xF4, 0x03, 0xFD, 0x3C, 0x0F, 0x03, 0xFC, 0x0B, 0xF0, 0x3C,
    0x07, 0x02, 0xBC, 0x0E, 0xF0, 0x3F, 0x40, 0x03, 0xAE, 0x1D, 0xF0, 0x1F, 0xF8, 0x03, 0x9F, 0x38,
    0xF0, 0x02, 0xFF, 0x03, 0x4F, 0x70, 0xF0, 0x00, 0x1F, 0x03, 0x4B, 0xF0, 0xF0, 0x70, 0x0F, 0x03,
    0x43, 0xD0, 0xF0, 0x3D, 0x1F, 0x07, 0x80, 0x01, 0xF4, 0x3B, 0xFC, 0x1F, 0xE0, 0x07, 0xFE, 0x00,
    0x00, 0x00, 0x00, 0x00, 0x00, 0x00, 0x00, 0x00, 0x00, 0x00, 0x00, 0x03, 0xFF, 0xFF, 0x8F, 0xF4,
    0x07, 0xFD, 0x38, 0x7C, 0x78, 0x3F, 0xC0, 0xBF, 0x07, 0x07, 0xC2, 0xC3, 0xBC, 0x0E, 0xF0, 0x10,
    0x7C, 0x00, 0x3A, 0xE1, 0xDF, 0x00, 0x07, 0xC0, 0x03, 0x9F, 0x38, 0xF0, 0x00, 0x7C, 0x00, 0x34,
    0xF7, 0x0F, 0x00, 0x07, 0xC0, 0x03, 0x4B, 0xE0, 0xF0, 0x00, 0x7C, 0x00, 0x34, 0x3D, 0x0F, 0x00,
    0x0B, 0xD0, 0x07, 0x80, 0x01, 0xF4, 0x03, 0xFF, 0x41, 0xFE, 0x00, 0x7F, 0xE0, 0x00, 0x06, 0xFE,
    0x40, 0x00, 0x02, 0xFF, 0xFF, 0xE0, 0x00, 0x2F, 0x80, 0x1F, 0xE0, 0x02, 0xF8, 0x00, 0x0F, 0xE0,
    0x1F, 0xC0, 0x00, 0x0F, 0xC0, 0xBD, 0x00, 0x00, 0x3F, 0x43, 0xF4, 0x00, 0x00, 0xBE, 0x0F, 0xC0,
    0x00, 0x02, 0xF8, 0x3F, 0x40, 0x00, 0x0B, 0xE0, 0xBD, 0x00, 0x00, 0x3F, 0x41, 0xFC, 0x00, 0x00,
    0xFC, 0x03, 0xF4, 0x00, 0x0B, 0xD0, 0x13, 0xF4, 0x00, 0x7E, 0x12, 0xC3, 0xF8, 0x1F, 0xE1, 0xD7,
    0x41, 0xF4, 0xB8, 0x0B, 0x1F, 0x01, 0xD2, 0xC0, 0x7C, 0x3F, 0xFF, 0x4B, 0xFF, 0xF0, 0xFF, 0xFD,
    0x2F, 0xFF, 0xC0, 0x00, 0x0A, 0xFE, 0x40, 0x00, 0x0B, 0xE5, 0xAF, 0x40, 0x03, 0xC0, 0x00, 0x2D,
    0x00, 0xF0, 0x00, 0x00, 0xF0, 0x1F, 0x00, 0x00, 0x0F, 0x83, 0xF0, 0x00, 0x00, 0xFC, 0x3F, 0x00,
    0x00, 0x0F, 0xD7, 0xF0, 0x00, 0x00, 0xFE, 0x7F, 0x40, 0x00, 0x0F, 0xE7, 0xFF, 0xFF, 0xFF, 0xFE,
    0x7F, 0x00, 0x00, 0x00, 0x07, 0xF0, 0x00, 0x00, 0x00, 0x3F, 0x00, 0x00, 0x00, 0x02, 0xF0, 0x00,
    0x00, 0x00, 0x0F, 0x00, 0x00, 0x01, 0x00, 0x78, 0x00, 0x01, 0xD0, 0x01, 0xF4, 0x00, 0xB4, 0x00,
    0x02, 0xFF, 0xF8, 0x00, 0x00, 0x00, 0x50, 0x00, 0x00, 0x1A, 0xD0, 0x00, 0x01, 0xE0, 0x00, 0x3F,
    0xE0, 0x00, 0x03, 0xC0, 0x00, 0x03, 0xE0, 0x00, 0x07, 0x80, 0x00, 0x03, 0xE0, 0x00, 0x0F, 0x00,
    0x00, 0x03, 0xE0, 0x00, 0x2E, 0x00, 0x00, 0x03, 0xE0, 0x00, 0x3C, 0x00, 0x00, 0x03, 0xE0, 0x00,
    0xB4, 0x6F, 0xE0, 0x03, 0xE0, 0x01, 0xF1, 0xE5, 0xFC, 0x03, 0xE0, 0x03, 0xC3, 0xE0, 0x7C, 0x03,
    0xE0, 0x07, 0x81, 0xD0, 0x7C, 0x2F, 0xF9, 0x0F, 0x00, 0x00, 0xF8, 0x2A, 0xA9, 0x2E, 0x00, 0x0B,
    0xD0, 0x00, 0x00, 0x3C, 0x00, 0x0A, 0xF8, 0x00, 0x00, 0xB4, 0x00, 0x00, 0x3D, 0x00, 0x01, 0xF0,
    0x00, 0x00, 0x3E, 0x00, 0x03, 0xC0, 0x02, 0x80, 0x7D, 0x00, 0x07, 0x80, 0x02, 0xFB, 0xFC, 0x00,
    0x0F, 0x00, 0x00, 0x6F, 0xD0, 0x00, 0x04, 0x00, 0x00, 0x00, 0x00, 0x0B, 0xF9, 0x00, 0x00, 0x3C,
    0x00, 0x0F, 0x5B, 0xD0, 0x00, 0x1E, 0x00, 0x07, 0xC0, 0xFC, 0x00, 0x0F, 0x00, 0x00, 0xF0, 0x2F,
    0x00, 0x0B, 0x80, 0x00, 0x00, 0x0F, 0x80, 0x03, 0xC0, 0x00, 0x00, 0x07, 0xC0, 0x02, 0xD0, 0x00,
    0x00, 0x07, 0xC0, 0x01, 0xF0, 0xBF, 0x80, 0x07, 0xC0, 0x00, 0xF1, 0xF5, 0xFC, 0x07, 0xC0, 0xC0,
    0x78, 0xBC, 0x0F, 0x47, 0xC1, 0xF0, 0x3C, 0x1E, 0x03, 0xD3, 0xFF, 0xFC, 0x2E, 0x00, 0x02, 0xE0,
    0xAA, 0xAA, 0x0F, 0x00, 0x0B, 0xE0, 0x00, 0x00, 0x0B, 0x40, 0x01, 0xBE, 0x00, 0x00, 0x07, 0xC0,
    0x00, 0x03, 0xE0, 0x00, 0x03, 0xC0, 0x00, 0x00, 0xFC, 0x00, 0x01, 0xE0, 0x02, 0x80, 0x3E, 0x00,
    0x00, 0xF0, 0x00, 0x7F, 0xFF, 0x00, 0x00, 0xB8, 0x00, 0x06, 0xFE, 0x00, 0x00, 0x14, 0x00, 0x00,
    0x00, 0x00, 0x1A, 0xD0, 0x00, 0x02, 0xD0, 0x00, 0x3F, 0xE0, 0x00, 0x03, 0xC0, 0x00, 0x03, 0xE0,
    0x00, 0x0B, 0x40, 0x00, 0x03, 0xE0, 0x00, 0x1F, 0x00, 0x00, 0x03, 0xE0, 0x00, 0x3C, 0x00, 0x00,
    0x03, 0xE0, 0x00, 0x78, 0x00, 0x00, 0x03, 0xE0, 0x00, 0xF0, 0x7F, 0xE0, 0x03, 0xE0, 0x02, 0xE2,
    0xF5, 0xF8, 0x03, 0xE0, 0x03, 0xC3, 0xC0, 0x3C, 0x03, 0xE0, 0x0B, 0x43, 0xD0, 0x7C, 0x2F, 0xF9,
    0x1F, 0x03, 0xFD, 0xF0, 0x2A, 0xA9, 0x3C, 0x00, 0xBF, 0xE0, 0x00, 0x00, 0x78, 0x01, 0xFB, 0xFC,
    0x00, 0x00, 0xF0, 0x07, 0xC0, 0xBD, 0x00, 0x02, 0xE0, 0x0B, 0x80, 0x3E, 0x00, 0x03, 0xC0, 0x0B,
    0xC0, 0x3D, 0x00, 0x0B, 0x40, 0x03, 0xF6, 0xFC, 0x00, 0x1F, 0x00, 0x00, 0xBF, 0x90, 0x00, 0x04,
    0x00, 0x00, 0x00, 0x00, 0x07, 0xFD, 0x00, 0x00, 0xB4, 0x00, 0x0B, 0x9B, 0xD0, 0x00, 0x3C, 0x00,
    0x03, 0xD0, 0xBC, 0x00, 0x2D, 0x00, 0x00, 0xB0, 0x2F, 0x00, 0x1F, 0x00, 0x00, 0x00, 0x0F, 0x40,
    0x0F, 0x00, 0x00, 0x00, 0x3F, 0x00, 0x07, 0x80, 0x00, 0x00, 0x0A, 0xF4, 0x03, 0xC2, 0xFF, 0x80,
    0x00, 0x1F, 0x02, 0xE3, 0xE5, 0xF8, 0x00, 0x07, 0xD0, 0xF0, 0xF0, 0x1F, 0x0D, 0x02, 0xF0, 0xB4,
    0x3D, 0x07, 0xC3, 0xFB, 0xF8, 0x7C, 0x0F, 0xE7, 0xC0, 0x2F, 0xE4, 0x3C, 0x00, 0xBF, 0xE0, 0x00,
    0x00, 0x1E, 0x00, 0xBE, 0xFF, 0x00, 0x00, 0x0F, 0x00, 0x7C, 0x0B, 0xD0, 0x00, 0x0B, 0x80, 0x3D,
    0x00, 0xF8, 0x00, 0x03, 0xC0, 0x0B, 0x80, 0x3D, 0x00, 0x02, 0xD0, 0x01, 0xFD, 0xBE, 0x00, 0x01,
    0xF0, 0x00, 0x0B, 0xF9, 0x00, 0x00, 0x10, 0x00, 0x00, 0x00, 0x00, 0x0A, 0xAA, 0x40, 0x00, 0xB0,
    0x00, 0x07, 0xFF, 0xD0, 0x00, 0x78, 0x00, 0x01, 0xD5, 0x50, 0x00, 0x3C, 0x00, 0x00, 0xB0, 0x00,
    0x00, 0x2E, 0x00, 0x00, 0x2C, 0x54, 0x00, 0x0F, 0x00, 0x00, 0x0B, 0xFF, 0xC0, 0x0B, 0x40, 0x00,
    0x00, 0x41, 0xF8, 0x07, 0xC2, 0xFF, 0x40, 0x00, 0x2F, 0x03, 0xC3, 0xE6, 0xF4, 0x00, 0x0B, 0xC1,
    0xE1, 0xF0, 0x1F, 0x1C, 0x03, 0xE0, 0xF0, 0x7C, 0x0B, 0x83, 0xFB, 0xF0, 0xB8, 0x0F, 0xE7, 0xC0,
    0x2F, 0xE0, 0x3C, 0x00, 0xFF, 0xD0, 0x00, 0x00, 0x2D, 0x00, 0xBA, 0xFE, 0x00, 0x00, 0x1F, 0x00,
    0xB8, 0x0F, 0xC0, 0x00, 0x0F, 0x00, 0x3D, 0x00, 0xF4, 0x00, 0x07, 0x80, 0x0F, 0x40, 0x7C, 0x00,
    0x03, 0xC0, 0x01, 0xF9, 0xBE, 0x00, 0x02, 0xE0, 0x00, 0x1B, 0xF9, 0x00, 0x00, 0x50, 0x00, 0x00,
    0x00, 0x00, 0x2A, 0xAA, 0x80, 0x07, 0x80, 0x01, 0xFF, 0xFF, 0x00, 0x3C, 0x00, 0x0B, 0x40, 0x78,
    0x02, 0xE0, 0x00, 0x18, 0x03, 0xC0, 0x0F, 0x00, 0x00, 0x00, 0x3C, 0x00, 0xB4, 0x00, 0x00, 0x01,
    0xE0, 0x07, 0xC0, 0x00, 0x00, 0x0F, 0x40, 0x3D, 0x1F, 0xF8, 0x00, 0x7C, 0x01, 0xE2, 0xF5, 0xFC,
    0x02, 0xF0, 0x0F, 0x0F, 0x00, 0xF0, 0x0F, 0x80, 0xB8, 0x3E, 0x03, 0xC0, 0x3E, 0x03, 0xC0, 0xBF,
    0x7D, 0x00, 0xA4, 0x2D, 0x00, 0xBF, 0xE0, 0x00, 0x01, 0xF0, 0x07, 0xEF, 0xF0, 0x00, 0x0F, 0x40,
    0x3C, 0x07, 0xE0, 0x00, 0x78, 0x02, 0xE0, 0x0F, 0x80, 0x03, 0xC0, 0x0B, 0xC0, 0x3E, 0x00, 0x2E,
    0x00, 0x0F, 0xE7, 0xF0, 0x00, 0xF0, 0x00, 0x0B, 0xFD, 0x00, 0x01, 0x00, 0x00, 0x00, 0x00, 0x00,
    0x0B, 0x40, 0x00, 0x07, 0xC0, 0x00, 0x03, 0xD0, 0x00, 0x02, 0xFF, 0xFF, 0xFD, 0xBF, 0xFF, 0xFF,
    0x4F, 0x00, 0x00, 0x02, 0xE0, 0x00, 0x00, 0x3D, 0x00, 0x00, 0x00, 0x00, 0x00, 0x00, 0x02, 0x80,
    0x07, 0xFD, 0x0B, 0xFF, 0xF3, 0xCF, 0x2C, 0x43, 0xC1, 0x00, 0xF0, 0x00, 0x3C, 0x00, 0x0F, 0x00,
    0x03, 0xC0, 0x00, 0xF0, 0x00, 0x3C, 0x00, 0x0F, 0x00, 0x01, 0x40, 0x00, 0x00, 0x00, 0x3C, 0x00,
    0x00, 0x02, 0xE0, 0x00, 0x00, 0x0F, 0x03, 0xFF, 0xFF, 0xFC, 0x3F, 0xFF, 0xFF, 0xC0, 0x00, 0x00,
    0xF4, 0x00, 0x00, 0x1F, 0x00, 0x00, 0x03, 0xC0, 0x00, 0x00, 0x00, 0x00, 0x03, 0xC0, 0x00, 0xF0,
    0x00, 0x3C, 0x00, 0x0F, 0x00, 0x03, 0xC0, 0x00, 0xF0, 0x00, 0x3C, 0x00, 0x0F, 0x00, 0x93, 0xC3,
    0x3E, 0xFB, 0xC3, 0xFF, 0xD0, 0x1F, 0x80, 0x00, 0x00, 0x00, 0x00, 0x6F, 0xD0, 0x00, 0xFE, 0xBF,
    0x00, 0xBC, 0x03, 0xE0, 0x3F, 0x40, 0x7C, 0x07, 0xC0, 0x0F, 0x40, 0x00, 0x03, 0xE0, 0x00, 0x00,
    0xBC, 0x00, 0xA8, 0x2F, 0x02, 0xFF, 0xDF, 0xC2, 0xF8, 0x2F, 0xF1, 0xF8, 0x03, 0xF8, 0xBC, 0x00,
    0xBE, 0x3F, 0x00, 0x2F, 0x4F, 0xC0, 0x0F, 0xC3, 0xF0, 0x03, 0xE0, 0xFC, 0x02, 0xF0, 0x1F, 0x82,
    0xF4, 0x01, 0xFF, 0xF0, 0x00, 0x01, 0x40, 0x00, 0x00, 0x00, 0x00, 0x04, 0x00, 0x00, 0x00, 0x09,
    0x00, 0x02, 0xFB, 0xE7, 0x00, 0x0A, 0x00, 0x07, 0x80, 0x0D, 0x00, 0x02, 0x68, 0x09, 0x00, 0x01,
    0x83, 0x43, 0x00, 0x00, 0xC0, 0x32, 0x40, 0x00, 0x90, 0x0C, 0x80, 0x00, 0x60, 0x02, 0x70, 0x00,
    0x30, 0x00, 0x6C, 0x00, 0x24, 0x00, 0x1A, 0x00, 0x18, 0x00, 0x09, 0x60, 0x0C, 0x00, 0x03, 0x0C,
    0x08, 0x00, 0x01, 0x81, 0x86, 0x00, 0x00, 0xC0, 0x2B, 0x00, 0x00, 0xD0, 0x03, 0xC0, 0x01, 0xD0,
    0x02, 0x5B, 0xAB, 0x80, 0x00, 0xC0, 0x00, 0x00, 0x00, 0x00, 0x00, 0x00, 0x00, 0x00, 0x06, 0x90,
    0x00, 0x00, 0x0F, 0xF0, 0x00, 0x00, 0x0F, 0xF4, 0x00, 0x00, 0x2D, 0xFC, 0x00, 0x00, 0x3C, 0xFC,
    0x00, 0x00, 0x78, 0x7E, 0x00, 0x00, 0xB0, 0x3F, 0x00, 0x00, 0xF0, 0x3F, 0x40, 0x01, 0xD0, 0x1F,
    0x80, 0x03, 0xC0, 0x0F, 0xC0, 0x03, 0x80, 0x0B, 0xD0, 0x0B, 0x40, 0x07, 0xF0, 0x0F, 0x00, 0x03,
    0xF0, 0x1E, 0x00, 0x02, 0xF8, 0x2D, 0x00, 0x01, 0xFC, 0x3C, 0x00, 0x00, 0xFC, 0x7F, 0xFF, 0xFF,
    0xFE, 0x3F, 0xFF, 0xFF, 0xFD, 0x6A, 0xAA, 0xAA, 0xAA, 0xA6, 0xFF, 0xFF, 0xFF, 0xFF, 0xD0, 0xBE,
    0x55, 0x57, 0xF8, 0x02, 0xF4, 0x00, 0x0B, 0xD0, 0x0B, 0xD0, 0x00, 0x2F, 0x40, 0x2F, 0x40, 0x00,
    0xBD, 0x00, 0xBD, 0x00, 0x02, 0xF4, 0x02, 0xF4, 0x00, 0x0B, 0xD0, 0x0B, 0xD0, 0x00, 0x2F, 0x40,
    0x2F, 0x40, 0x00, 0xBD, 0x00, 0xBD, 0x00, 0x02, 0xF4, 0x02, 0xF4, 0x00, 0x0B, 0xD0, 0x0B, 0xD0,
    0x00, 0x2F, 0x40, 0x2F, 0x40, 0x00, 0xBD, 0x00, 0xBD, 0x00, 0x02, 0xF4, 0x02, 0xF4, 0x00, 0x0B,
    0xD0, 0x0B, 0xD0, 0x00, 0x2F, 0x40, 0x2F, 0x40, 0x00, 0xBD, 0x00, 0xBD, 0x00, 0x02, 0xF4, 0x02,
    0xF8, 0x00, 0x0F, 0xD0, 0xBF, 0xFE, 0x02, 0xFF, 0xF5, 0xAA, 0xA4, 0x0A, 0xAA, 0x90, 0x2A, 0xAA,
    0xAA, 0xA0, 0xFF, 0xFF, 0xFF, 0xC2, 0xFC, 0x00, 0x3F, 0x03, 0xF8, 0x00, 0x3C, 0x0B, 0xF4, 0x00,
    0xF0, 0x0F, 0xF0, 0x01, 0x80, 0x1F, 0xE0, 0x00, 0x00, 0x2F, 0xC0, 0x00, 0x00, 0x3F, 0x80, 0x00,
    0x00, 0xBF, 0x40, 0x00, 0x00, 0xFE, 0x00, 0x00, 0x01, 0xF4, 0x00, 0x00, 0x0F, 0x80, 0x00, 0x00,
    0xBC, 0x00, 0x00, 0x07, 0xD0, 0x00, 0x00, 0x3E, 0x00, 0x00, 0x02, 0xF0, 0x00, 0x24, 0x0F, 0x40,
    0x01, 0xE0, 0xF8, 0x00, 0x0F, 0x4B, 0xC0, 0x00, 0xFD, 0x3F, 0xFF, 0xFF, 0xF4, 0xAA, 0xAA, 0xAA,
    0x80, 0x2A, 0xAA, 0xA9, 0x3F, 0xFF, 0xFE, 0x15, 0x55, 0x54, 0x00, 0x00, 0x0F, 0x00, 0x00, 0x0B,
    0x80, 0x00, 0x03, 0xC0, 0x00, 0x02, 0xD0, 0x00, 0x00, 0xF0, 0x00, 0x00, 0xB4, 0x00, 0x00, 0x3C,
    0x00, 0x00, 0x2D, 0x00, 0x00, 0x1F, 0x00, 0x00, 0x0F, 0x00, 0x00, 0x07, 0x80, 0x00, 0x03, 0xC0,
    0x00, 0x01, 0xE0, 0x00, 0x00, 0xF0, 0x00, 0x00, 0x78, 0x00, 0x00, 0x3C, 0x00, 0x00, 0x2D, 0x00,
    0x00, 0x0F, 0x00, 0x00, 0x01, 0x00, 0x00, 0x00, 0x05, 0x03, 0xF8, 0x3F, 0xC3, 0xFC, 0x05, 0x00,
    0x00, 0x00, 0x00, 0xA0, 0x00, 0x00, 0x03, 0xC0, 0x00, 0x00, 0x1E, 0x00, 0x00, 0x00, 0x74, 0x00,
    0x00, 0x02, 0xC0, 0x00, 0x00, 0x0F, 0x00, 0x00, 0x00, 0x38, 0x05, 0x50, 0x01, 0xD0, 0x3F, 0xE0,
    0x0B, 0x00, 0x5F, 0xC0, 0x3C, 0x00, 0x3F, 0x40, 0xE0, 0x00, 0x7F, 0x07, 0x40, 0x00, 0xFD, 0x2C,
    0x00, 0x01, 0xF8, 0xF0, 0x00, 0x03, 0xF7, 0x80, 0x00, 0x0B, 0xFD, 0x00, 0x00, 0x0F, 0xF0, 0x00,
    0x00, 0x2F, 0xC0, 0x00, 0x00, 0x7E, 0x00, 0x00, 0x05, 0x40, 0x05, 0x00, 0xFF, 0xD1, 0xFF, 0x0B,
    0xEF, 0xFD, 0x1F, 0x3C, 0x0F, 0xD0, 0x2C, 0xF0, 0x1F, 0xD0, 0xF2, 0xE6, 0xDB, 0xFF, 0x82, 0xFC,
    0x07, 0xF8, 0x00, 0x00, 0x00, 0x00, 0x00, 0x07, 0xF8, 0x00, 0x0B, 0xAF, 0x80, 0x03, 0xC3, 0xF0,
    0x02, 0xE0, 0xF8, 0x00, 0xF8, 0x04, 0x00, 0x3E, 0x00, 0x00, 0x0F, 0xC0, 0x00, 0x03, 0xF0, 0x00,
    0x00, 0xFC, 0x00, 0x00, 0x3F, 0x40, 0x00, 0x0B, 0xE0, 0x00, 0x01, 0xF8, 0x00, 0x00, 0x7F, 0x00,
    0x00, 0x0F, 0xC0, 0x00, 0x03, 0xF0, 0x00, 0x00, 0xFC, 0x00, 0x00, 0x2F, 0x40, 0x00, 0x07, 0xD0,
    0x00, 0x41, 0xF0, 0x01, 0xF4, 0x7C, 0x00, 0xBD, 0x2E, 0x00, 0x1F, 0x6F, 0x00, 0x01, 0xFE, 0x00,
    0x00, 0x00, 0x00, 0x00, 0x0F, 0xF9, 0x5E, 0x3F, 0xFF, 0xFC, 0x24, 0x06, 0xF4, 0x00, 0x00, 0x00,
    0x05, 0x40, 0x04, 0x1F, 0xFE, 0xAE, 0x3E, 0xFF, 0xFC, 0x14, 0x01, 0xA0, 0x00, 0x00, 0x00, 0x00,
    0x01, 0xC0, 0x00, 0x03, 0xD0, 0x00, 0x03, 0xC0, 0x3F, 0xFF, 0xFD, 0x3F, 0xFF, 0xFE, 0x00, 0x1F,
    0x00, 0x00, 0x2D, 0x00, 0x15, 0x7D, 0x54, 0x3F, 0xFF, 0xFE, 0x2A, 0xFA, 0xA9, 0x00, 0xF0, 0x00,
    0x02, 0xD0, 0x00, 0x01, 0xC0, 0x00, 0x00, 0x00, 0x00, 0x00, 0x00, 0x00, 0x00, 0x00, 0x7C, 0x00,
    0x07, 0xF8, 0x00, 0x7F, 0x80, 0x07, 0xF8, 0x00, 0x3F, 0x40, 0x00, 0x3F, 0x40, 0x00, 0x07, 0xF8,
    0x00, 0x00, 0x7F, 0x80, 0x00, 0x07, 0xF8, 0x00, 0x00, 0x7C, 0x00, 0x00, 0x00, 0x3F, 0xFF, 0xFC,
    0x3F, 0xFF, 0xFC, 0x00, 0x00, 0x01, 0xE0, 0x00, 0x07, 0xF8, 0x00, 0x01, 0xFE, 0x00, 0x00, 0x7F,
    0x80, 0x00, 0x0B, 0xD0, 0x00, 0x2F, 0x40, 0x1F, 0xE0, 0x07, 0xF8, 0x01, 0xFE, 0x00, 0x07, 0x80,
    0x00, 0x00, 0x00, 0x00, 0x7F, 0xFF, 0xF6, 0xFF, 0xFF, 0xE0, 0x00, 0x01, 0xA4, 0x00, 0x00, 0x0B,
    0xFF, 0xF0, 0x00, 0x0B, 0xC0, 0x3F, 0x00, 0x07, 0xD0, 0x0F, 0xC0, 0x02, 0xF0, 0x03, 0xE0, 0x00,
    0xFC, 0x00, 0x00, 0x00, 0x3F, 0x00, 0x00, 0x00, 0x6F, 0xEA, 0xAA, 0x80, 0x3F, 0xFF, 0xFF, 0xF0,
    0x00, 0xFC, 0x00, 0xFC, 0x00, 0x3F, 0x00, 0x3F, 0x00, 0x0F, 0xC0, 0x0F, 0xC0, 0x03, 0xF0, 0x03,
    0xF0, 0x00, 0xFC, 0x00, 0xFC, 0x00, 0x3F, 0x00, 0x3F, 0x00, 0x0F, 0xC0, 0x0F, 0xC0, 0x03, 0xF0,
    0x03, 0xF0, 0x00, 0xFC, 0x00, 0xFC, 0x01, 0xBF, 0x90, 0xBF, 0x90, 0xFF, 0xFC, 0xBF, 0xFC, 0x00,
    0x01, 0xA4, 0x00, 0x00, 0x0B, 0xFF, 0xEE, 0x00, 0x0B, 0xC0, 0x7F, 0x80, 0x07, 0xC0, 0x0B, 0xE0,
    0x02, 0xF0, 0x01, 0xF8, 0x00, 0xFC, 0x00, 0x7E, 0x00, 0x3F, 0x00, 0x1F, 0x80, 0x6F, 0xEA, 0x87,
    0xE0, 0x3F, 0xFF, 0xF1, 0xF8, 0x00, 0xFC, 0x00, 0x7E, 0x00, 0x3F, 0x00, 0x1F, 0x80, 0x0F, 0xC0,
    0x07, 0xE0, 0x03, 0xF0, 0x01, 0xF8, 0x00, 0xFC, 0x00, 0x7E, 0x00, 0x3F, 0x00, 0x1F, 0x80, 0x0F,
    0xC0, 0x07, 0xE0, 0x03, 0xF0, 0x01, 0xF8, 0x00, 0xFC, 0x00, 0x7E, 0x01, 0xBF, 0x90, 0x7F, 0xE4,
    0xFF, 0xFC, 0x3F, 0xFE
};

static const EpdGlyph PROGMEM literata_small_2bGlyphs[] = {
    {0, 0, 5, 0, 0, 0, 0},
    {5, 19, 8, 2, 18, 24, 0},
    {8, 7, 10, 1, 20, 14, 24},
    {16, 15, 17, 0, 14, 60, 38},
    {13, 23, 14, 1, 20, 75, 98},
    {20, 16, 22, 1, 15, 80, 173},
    {19, 19, 20, 1, 18, 91, 253},
    {4, 7, 6, 1, 20, 7, 344},
    {7, 27, 9, 1, 21, 48, 351},
    {7, 27, 9, 0, 21, 48, 399},
    {10, 10, 11, 1, 20, 25, 447},
    {12, 11, 15, 1, 13, 33, 472},
    {5, 9, 8, 2, 4, 12, 505},
    {7, 3, 9, 1, 9, 6, 517},
    {5, 5, 8, 2, 4, 7, 523},
    {11, 24, 11, 0, 21, 66, 530},
    {14, 19, 15, 0, 18, 67, 596},
    {10, 18, 10, 0, 18, 45, 663},
    {13, 18, 13, 0, 18, 59, 708},
    {13, 19, 14, 0, 18, 62, 767},
    {14, 18, 14, 0, 18, 63, 829},
    {13, 19, 13, 0, 18, 62, 892},
    {14, 19, 14, 0, 18, 67, 954},
    {13, 19, 13, 0, 18, 62, 1021},
    {14, 19, 14, 0, 18, 67, 1083},
    {13, 19, 14, 0, 18, 62, 1150},
    {5, 15, 8, 2, 14, 19, 1212},
    {6, 19, 8, 1, 14, 29, 1231},
    {11, 14, 15, 1, 14, 39, 1260},
    {12, 7, 15, 1, 11, 21, 1299},
    {11, 14, 15, 2, 14, 39, 1320},
    {11, 19, 14, 1, 18, 53, 1359},
    {20, 20, 22, 1, 15, 100, 1412},
    {19, 18, 19, 0, 18, 86, 1512},
    {15, 18, 17, 1, 18, 68, 1598},
    {16, 19, 18, 1, 18, 76, 1666},
    {18, 18, 19, 1, 18, 81, 1742},
    {14, 18, 16, 1, 18, 63, 1823},
    {14, 18, 16, 1, 18, 63, 1886},
    {18, 19, 19, 1, 18, 86, 1949},
    {19, 18, 21, 1, 18, 86, 2035},
    {8, 18, 10, 1, 18, 36, 2121},
    {14, 19, 14, 0, 18, 67, 2157},
    {18, 19, 19, 1, 18, 86, 2224},
    {14, 18, 16, 1, 18, 63, 2310},
    {23, 18, 25, 1, 18, 104, 2373},
    {19, 18, 21, 1, 18, 86, 2477},
    {17, 19, 19, 1, 18, 81, 2563},
    {14, 18, 15, 1, 18, 63, 2644},
    {22, 23, 19, 1, 18, 127, 2707},
    {17, 19, 18, 1, 18, 81, 2834},
    {13, 19, 15, 1, 18, 62, 2915},
    {18, 18, 18, 0, 18, 81, 2977},
    {18, 19, 20, 1, 18, 86, 3058},
    {19, 18, 19, 0, 18, 86, 3144},
    {27, 18, 27, 0, 18, 122, 3230},
    {18, 18, 18, 0, 18, 81, 3352},
    {18, 18, 18, 0, 18, 81, 3433},
    {15, 18, 17, 1, 18, 68, 3514},
    {6, 27, 8, 2, 21, 41, 3582},
    {11, 24, 11, 0, 21, 66, 3623},
    {6, 27, 8, 0, 21, 41, 3689},
    {13, 10, 15, 1, 18, 33, 3730},
    {12, 2, 12, 0, -1, 6, 3763},
    {6, 6, 13, 3, 20, 9, 3769},
    {13, 15, 14, 1, 14, 49, 3778},
    {15, 21, 16, 0, 20, 79, 3827},
    {12, 15, 13, 1, 14, 45, 3906},
    {15, 21, 16, 1, 20, 79, 3951},
    {12, 15, 13, 1, 14, 45, 4030},
    {12, 20, 10, 0, 20, 60, 4075},
    {15, 21, 14, 0, 15, 79, 4135},
    {17, 20, 17, 0, 20, 85, 4214},
    {8, 19, 9, 0, 19, 38, 4299},
    {6, 25, 8, 0, 19, 38, 4337},
    {16, 21, 16, 0, 20, 84, 4375},
    {8, 20, 9, 0, 20, 40, 4459},
    {23, 14, 24, 1, 14, 81, 4499},
    {16, 14, 17, 1, 14, 56, 4580},
    {13, 15, 15, 1, 14, 49, 4636},
    {15, 20, 16, 0, 14, 75, 4685},
    {14, 20, 15, 1, 14, 70, 4760},
    {12, 14, 12, 1, 14, 42, 4830},
    {10, 15, 12, 1, 14, 38, 4872},
    {11, 19, 10, 0, 18, 53, 4910},
    {16, 14, 16, 0, 13, 56, 4963},
    {15, 13, 15, 0, 13, 49, 5019},
    {22, 13, 22, 0, 13, 72, 5068},
    {15, 13, 14, 0, 13, 49, 5140},
    {15, 19, 15, 0, 13, 72, 5189},
    {12, 13, 13, 0, 13, 39, 5261},
    {8, 27, 9, 1, 21, 54, 5300},
    {3, 24, 11, 4, 21, 18, 5354},
    {9, 27, 9, 0, 21, 61, 5372},
    {13, 5, 15, 1, 10, 17, 5433},
    {0, 0, 5, 0, 0, 0, 5450},
    {4, 20, 8, 2, 14, 20, 5450},
    {12, 18, 13, 1, 17, 54, 5470},
    {14, 18, 14, 0, 18, 63, 5524},
    {12, 12, 14, 1, 14, 36, 5587},
    {18, 18, 18, 0, 18, 81, 5623},
    {3, 24, 11, 4, 21, 18, 5704},
    {14, 22, 15, 1, 18, 77, 5722},
    {10, 4, 13, 1, 19, 10, 5799},
    {18, 18, 20, 1, 17, 81, 5809},
    {11, 10, 11, 0, 19, 28, 5890},
    {11, 11, 13, 1, 12, 31, 5918},
    {12, 7, 15, 1, 10, 21, 5949},
    {0, 0, 0, 0, 0, 0, 5970},
    {10, 11, 12, 1, 20, 28, 5970},
    {8, 3, 13, 2, 18, 6, 5998},
    {7, 7, 9, 1, 20, 13, 6004},
    {12, 14, 15, 1, 14, 42, 6017},
    {10, 12, 10, 0, 21, 30, 6059},
    {10, 12, 11, 0, 21, 30, 6089},
    {6, 6, 13, 4, 20, 9, 6119},
    {15, 19, 16, 1, 13, 72, 6128},
    {13, 22, 15, 1, 18, 72, 6200},
    {5, 5, 8, 2, 10, 7, 6272},
    {6, 7, 13, 3, 1, 11, 6279},
    {8, 12, 8, 0, 21, 24, 6290},
    {11, 10, 11, 0, 19, 28, 6314},
    {12, 11, 13, 0, 12, 33, 6342},
    {23, 19, 24, 0, 18, 110, 6375},
    {24, 19, 25, 0, 18, 114, 6485},
    {25, 19, 25, 0, 18, 119, 6599},
    {12, 20, 14, 1, 14, 60, 6718},
    {19, 24, 19, 0, 24, 114, 6778},
    {19, 24, 19, 0, 24, 114, 6892},
    {19, 24, 19, 0, 24, 114, 7006},
    {19, 23, 19, 0, 23, 110, 7120},
    {19, 23, 19, 0, 23, 110, 7230},
    {19, 24, 19, 0, 24, 114, 7340},
    {24, 18, 25, 0, 18, 108, 7454},
    {16, 24, 18, 1, 18, 96, 7562},
    {14, 24, 16, 1, 24, 84, 7658},
    {14, 24, 16, 1, 24, 84, 7742},
    {14, 24, 16, 1, 24, 84, 7826},
    {14, 23, 16, 1, 23, 81, 7910},
    {8, 24, 10, 1, 24, 48, 7991},
    {8, 24, 10, 1, 24, 48, 8039},
    {10, 24, 10, 0, 24, 60, 8087},
    {10, 23, 10, 0, 23, 58, 8147},
    {19, 18, 19, 0, 18, 86, 8205},
    {19, 23, 21, 1, 23, 110, 8291},
    {17, 25, 19, 1, 24, 107, 8401},
    {17, 25, 19, 1, 24, 107, 8508},
    {17, 25, 19, 1, 24, 107, 8615},
    {17, 24, 19, 1, 23, 102, 8722},
    {17, 24, 19, 1, 23, 102, 8824},
    {10, 11, 15, 2, 13, 28, 8926},
    {19, 19, 19, 0, 18, 91, 8954},
    {18, 25, 20, 1, 24, 113, 9045},
    {18, 25, 20, 1, 24, 113, 9158},
    {18, 25, 20, 1, 24, 113, 9271},
    {18, 24, 20, 1, 23, 108, 9384},
    {18, 24, 18, 0, 24, 108, 9492},
    {14, 18, 16, 1, 18, 63, 9600},
    {18, 21, 18, 0, 20, 95, 9663},
    {13, 21, 14, 1, 20, 69, 9758},
    {13, 21, 14, 1, 20, 69, 9827},
    {13, 21, 14, 1, 20, 69, 9896},
    {13, 20, 14, 1, 19, 65, 9965},
    {13, 20, 14, 1, 19, 65, 10030},
    {13, 21, 14, 1, 20, 69, 10095},
    {19, 15, 20, 1, 14, 72, 10164},
    {12, 20, 13, 1, 14, 60, 10236},
    {12, 21, 13, 1, 20, 63, 10296},
    {12, 21, 13, 1, 20, 63, 10359},
    {12, 21, 13, 1, 20, 63, 10422},
    {12, 20, 13, 1, 19, 60, 10485},
    {8, 20, 9, 0, 20, 40, 10545},
    {8, 20, 9, 0, 20, 40, 10585},
    {9, 20, 9, -1, 20, 45, 10625},
    {10, 19, 9, -1, 19, 48, 10670},
    {13, 21, 15, 1, 20, 69, 10718},
    {16, 19, 17, 1, 19, 76, 10787},
    {13, 21, 15, 1, 20, 69, 10863},
    {13, 21, 15, 1, 20, 69, 10932},
    {13, 21, 15, 1, 20, 69, 11001},
    {13, 20, 15, 1, 19, 65, 11070},
    {13, 20, 15, 1, 19, 65, 11135},
    {12, 13, 15, 1, 14, 39, 11200},
    {15, 15, 15, 0, 14, 57, 11239},
    {16, 21, 16, 0, 20, 84, 11296},
    {16, 21, 16, 0, 20, 84, 11380},
    {16, 21, 16, 0, 20, 84, 11464},
    {16, 20, 16, 0, 19, 80, 11548},
    {15, 26, 15, 0, 20, 98, 11628},
    {15, 26, 15, 0, 20, 98, 11726},
    {15, 25, 15, 0, 19, 94, 11824},
    {19, 22, 19, 0, 22, 105, 11918},
    {13, 19, 14, 1, 18, 62, 12023},
    {19, 24, 19, 0, 24, 114, 12085},
    {13, 21, 14, 1, 20, 69, 12199},
    {19, 24, 19, 0, 18, 114, 12268},
    {13, 20, 14, 1, 14, 65, 12382},
    {16, 25, 18, 1, 24, 100, 12447},
    {12, 21, 13, 1, 20, 63, 12547},
    {16, 25, 18, 1, 24, 100, 12610},
    {12, 21, 13, 1, 20, 63, 12710},
    {16, 24, 18, 1, 23, 96, 12773},
    {12, 20, 13, 1, 19, 60, 12869},
    {16, 25, 18, 1, 24, 100, 12929},
    {12, 21, 13, 1, 20, 63, 13029},
    {18, 24, 19, 1, 24, 108, 13092},
    {17, 21, 18, 1, 20, 90, 13200},
    {19, 18, 19, 0, 18, 86, 13290},
    {15, 21, 15, 1, 20, 79, 13376},
    {14, 22, 16, 1, 22, 77, 13455},
    {12, 19, 13, 1, 18, 57, 13532},
    {14, 24, 16, 1, 24, 84, 13589},
    {12, 21, 13, 1, 20, 63, 13673},
    {14, 23, 16, 1, 23, 81, 13736},
    {12, 20, 13, 1, 19, 60, 13817},
    {14, 24, 16, 1, 18, 84, 13877},
    {12, 20, 13, 1, 14, 60, 13961},
    {14, 24, 16, 1, 24, 84, 14021},
    {12, 21, 13, 1, 20, 63, 14105},
    {18, 25, 19, 1, 24, 113, 14168},
    {15, 26, 14, 0, 20, 98, 14281},
    {18, 25, 19, 1, 24, 113, 14379},
    {15, 26, 14, 0, 20, 98, 14492},
    {18, 24, 19, 1, 23, 108, 14590},
    {15, 25, 14, 0, 19, 94, 14698},
    {18, 26, 19, 1, 18, 117, 14792},
    {15, 26, 14, 0, 20, 98, 14909},
    {19, 24, 21, 1, 24, 114, 15007},
    {18, 25, 17, -1, 25, 113, 15121},
    {20, 18, 20, 0, 18, 90, 15234},
    {17, 20, 17, 0, 20, 85, 15324},
    {10, 23, 10, 0, 23, 58, 15409},
    {9, 19, 9, -1, 19, 43, 15467},
    {8, 22, 10, 1, 22, 44, 15510},
    {9, 18, 9, -1, 18, 41, 15554},
    {10, 24, 10, 0, 24, 60, 15595},
    {9, 20, 9, -1, 20, 45, 15655},
    {8, 24, 9, 1, 18, 48, 15700},
    {8, 25, 9, 0, 19, 50, 15748},
    {8, 23, 10, 1, 23, 46, 15798},
    {8, 13, 9, 0, 13, 26, 15844},
    {23, 19, 24, 1, 18, 110, 15870},
    {15, 25, 17, 0, 19, 94, 15980},
    {14, 25, 14, 0, 24, 88, 16074},
    {9, 26, 8, -1, 20, 59, 16162},
    {18, 26, 19, 1, 18, 117, 16221},
    {16, 28, 16, 0, 20, 112, 16338},
    {16, 14, 16, 0, 13, 56, 16450},
    {14, 24, 16, 1, 24, 84, 16506},
    {8, 25, 9, 0, 25, 50, 16590},
    {14, 26, 16, 1, 18, 91, 16640},
    {8, 28, 9, 0, 20, 56, 16731},
    {14, 20, 16, 1, 20, 70, 16787},
    {11, 20, 11, 0, 20, 55, 16857},
    {14, 18, 16, 1, 18, 63, 16912},
    {12, 20, 9, 0, 20, 60, 16975},
    {15, 18, 16, 0, 18, 68, 17035},
    {9, 20, 9, 0, 20, 45, 17103},
    {19, 24, 21, 1, 24, 114, 17148},
    {16, 20, 17, 1, 20, 80, 17262},
    {19, 26, 21, 1, 18, 124, 17342},
    {16, 22, 17, 1, 14, 88, 17466},
    {19, 24, 21, 1, 24, 114, 17554},
    {16, 20, 17, 1, 20, 80, 17668},
    {20, 20, 20, 0, 20, 100, 17748},
    {19, 24, 21, 1, 18, 114, 17848},
    {14, 20, 16, 1, 14, 70, 17962},
    {17, 23, 19, 1, 22, 98, 18032},
    {13, 19, 15, 1, 18, 62, 18130},
    {17, 25, 19, 1, 24, 107, 18192},
    {13, 21, 15, 1, 20, 69, 18299},
    {17, 25, 19, 1, 24, 107, 18368},
    {13, 21, 15, 1, 20, 69, 18475},
    {25, 19, 27, 1, 18, 119, 18544},
    {22, 15, 23, 1, 14, 83, 18663},
    {17, 25, 18, 1, 24, 107, 18746},
    {12, 20, 12, 1, 20, 60, 18853},
    {17, 26, 18, 1, 18, 111, 18913},
    {12, 22, 12, 1, 14, 66, 19024},
    {17, 25, 18, 1, 24, 107, 19090},
    {12, 20, 12, 1, 20, 60, 19197},
    {13, 25, 15, 1, 24, 82, 19257},
    {10, 21, 12, 1, 20, 53, 19339},
    {13, 25, 15, 1, 24, 82, 19392},
    {10, 21, 12, 1, 20, 53, 19474},
    {13, 24, 15, 1, 18, 78, 19527},
    {10, 20, 12, 1, 14, 50, 19605},
    {13, 25, 15, 1, 24, 82, 19655},
    {10, 21, 12, 1, 20, 53, 19737},
    {18, 24, 18, 0, 18, 108, 19790},
    {11, 24, 10, 0, 18, 66, 19898},
    {18, 24, 18, 0, 24, 108, 19964},
    {11, 22, 10, 0, 21, 61, 20072},
    {18, 18, 18, 0, 18, 81, 20133},
    {11, 19, 10, 0, 18, 53, 20214},
    {18, 24, 20, 1, 23, 108, 20267},
    {16, 20, 16, 0, 19, 80, 20375},
    {18, 23, 20, 1, 22, 104, 20455},
    {16, 19, 16, 0, 18, 76, 20559},
    {18, 25, 20, 1, 24, 113, 20635},
    {16, 21, 16, 0, 20, 84, 20748},
    {18, 25, 20, 1, 24, 113, 20832},
    {16, 21, 16, 0, 20, 84, 20945},
    {18, 25, 20, 1, 24, 113, 21029},
    {16, 21, 16, 0, 20, 84, 21142},
    {18, 24, 20, 1, 18, 108, 21226},
    {16, 19, 16, 0, 13, 76, 21334},
    {27, 24, 27, 0, 24, 162, 21410},
    {22, 20, 22, 0, 20, 110, 21572},
    {18, 24, 18, 0, 24, 108, 21682},
    {15, 26, 15, 0, 20, 98, 21790},
    {18, 23, 18, 0, 23, 104, 21888},
    {15, 24, 17, 1, 24, 90, 21992},
    {12, 20, 13, 0, 20, 60, 22082},
    {15, 23, 17, 1, 23, 87, 22142},
    {12, 19, 13, 0, 19, 57, 22229},
    {15, 24, 17, 1, 24, 90, 22286},
    {12, 20, 13, 0, 20, 60, 22376},
    {16, 19, 18, 1, 18, 76, 22436},
    {18, 23, 14, -3, 18, 104, 22512},
    {21, 21, 21, 1, 20, 111, 22616},
    {15, 18, 16, 1, 17, 68, 22727},
    {21, 21, 22, 1, 20, 111, 22795},
    {18, 18, 18, 0, 17, 81, 22906},
    {33, 24, 35, 1, 24, 198, 22987},
    {31, 20, 32, 1, 20, 155, 23185},
    {27, 21, 28, 1, 20, 142, 23340},
    {29, 19, 30, 1, 18, 138, 23482},
    {21, 25, 24, 1, 19, 132, 23620},
    {14, 26, 16, 0, 20, 91, 23752},
    {33, 19, 34, 1, 18, 157, 23843},
    {26, 25, 29, 1, 19, 163, 24000},
    {22, 25, 24, 1, 19, 138, 24163},
    {19, 24, 19, 0, 24, 114, 24301},
    {13, 21, 14, 1, 20, 69, 24415},
    {10, 24, 10, 0, 24, 60, 24484},
    {9, 20, 9, -1, 20, 45, 24544},
    {17, 25, 19, 1, 24, 107, 24589},
    {13, 21, 15, 1, 20, 69, 24696},
    {18, 25, 20, 1, 24, 113, 24765},
    {16, 21, 16, 0, 20, 84, 24878},
    {18, 28, 20, 1, 27, 126, 24962},
    {16, 24, 16, 0, 23, 96, 25088},
    {18, 30, 20, 1, 29, 135, 25184},
    {16, 26, 16, 0, 25, 104, 25319},
    {18, 30, 20, 1, 29, 135, 25423},
    {16, 26, 16, 0, 25, 104, 25558},
    {18, 30, 20, 1, 29, 135, 25662},
    {16, 26, 16, 0, 25, 104, 25797},
    {18, 25, 19, 1, 24, 113, 25901},
    {15, 26, 14, 0, 20, 98, 26014},
    {17, 24, 19, 1, 18, 102, 26112},
    {13, 20, 15, 1, 14, 65, 26214},
    {19, 27, 19, 0, 27, 129, 26279},
    {13, 27, 14, 1, 26, 88, 26408},
    {24, 24, 25, 0, 24, 144, 26496},
    {19, 21, 20, 1, 20, 100, 26640},
    {19, 25, 19, 0, 24, 119, 26740},
    {15, 21, 15, 0, 20, 79, 26859},
    {19, 24, 19, 0, 24, 114, 26938},
    {14, 21, 14, 0, 20, 74, 27052},
    {19, 24, 19, 0, 24, 114, 27126},
    {13, 21, 14, 1, 20, 69, 27240},
    {14, 24, 16, 1, 24, 84, 27309},
    {12, 21, 13, 1, 20, 63, 27393},
    {14, 24, 16, 1, 24, 84, 27456},
    {12, 21, 13, 1, 20, 63, 27540},
    {11, 24, 10, -2, 24, 66, 27603},
    {11, 20, 9, -3, 20, 55, 27669},
    {10, 24, 10, 0, 24, 60, 27724},
    {9, 20, 9, -1, 20, 45, 27784},
    {17, 25, 19, 1, 24, 107, 27829},
    {13, 21, 15, 1, 20, 69, 27936},
    {17, 25, 19, 1, 24, 107, 28005},
    {13, 21, 15, 1, 20, 69, 28112},
    {17, 25, 18, 1, 24, 107, 28181},
    {12, 20, 12, 1, 20, 60, 28288},
    {17, 25, 18, 1, 24, 107, 28348},
    {12, 20, 12, 1, 20, 60, 28455},
    {18, 25, 20, 1, 24, 113, 28515},
    {16, 21, 16, 0, 20, 84, 28628},
    {18, 25, 20, 1, 24, 113, 28712},
    {16, 21, 16, 0, 20, 84, 28825},
    {13, 26, 15, 1, 18, 85, 28909},
    {10, 22, 12, 1, 14, 55, 28994},
    {18, 26, 18, 0, 18, 117, 29049},
    {11, 26, 10, 0, 18, 72, 29166},
    {17, 27, 19, 1, 26, 115, 29238},
    {13, 24, 15, 1, 23, 78, 29353},
    {17, 28, 19, 1, 27, 119, 29431},
    {13, 24, 15, 1, 23, 78, 29550},
    {17, 27, 19, 1, 26, 115, 29628},
    {13, 24, 15, 1, 23, 78, 29743},
    {18, 22, 18, 0, 22, 99, 29821},
    {15, 24, 15, 0, 18, 90, 29920},
    {6, 19, 8, 0, 13, 29, 30010},
    {15, 15, 16, 1, 14, 57, 30039},
    {12, 15, 14, 1, 14, 45, 30096},
    {13, 20, 15, 1, 14, 65, 30141},
    {5, 6, 0, -3, 20, 8, 30206},
    {6, 6, 0, -2, 20, 9, 30214},
    {8, 6, 0, -4, 20, 12, 30223},
    {10, 4, 0, -5, 19, 10, 30235},
    {8, 3, 0, -4, 18, 6, 30245},
    {8, 6, 0, -4, 20, 12, 30251},
    {4, 5, 0, -2, 20, 5, 30263},
    {10, 4, 0, -5, 19, 10, 30268},
    {8, 7, 0, -4, 21, 14, 30278},
    {6, 6, 0, -3, 20, 9, 30292},
    {9, 6, 0, -3, 20, 14, 30301},
    {8, 6, 0, -4, 20, 12, 30315},
    {9, 6, 0, -6, 20, 14, 30327},
    {8, 6, 0, -4, 20, 12, 30341},
    {4, 6, 0, -2, 20, 6, 30353},
    {5, 8, 0, -3, 17, 10, 30359},
    {4, 5, 0, -2, -1, 5, 30369},
    {10, 5, 0, -5, -1, 13, 30374},
    {4, 7, 0, -2, -1, 7, 30387},
    {6, 7, 0, -3, 1, 11, 30394},
    {6, 7, 0, -3, 1, 11, 30405},
    {8, 5, 0, -4, -1, 10, 30416},
    {8, 3, 0, -4, -2, 6, 30426},
    {5, 8, 9, 1, 20, 10, 30432},
    {6, 7, 9, 2, 2, 11, 30442},
    {6, 5, 6, 1, -1, 8, 30453},
    {6, 19, 8, 1, 14, 29, 30461},
    {5, 7, 12, 4, 21, 9, 30490},
    {13, 7, 16, 1, 21, 23, 30499},
    {20, 19, 19, -1, 19, 95, 30522},
    {5, 5, 8, 2, 14, 7, 30617},
    {20, 19, 16, -5, 19, 95, 30624},
    {25, 19, 21, -5, 19, 119, 30719},
    {14, 19, 10, -5, 19, 67, 30838},
    {22, 20, 19, -4, 19, 110, 30905},
    {24, 19, 18, -6, 19, 114, 31015},
    {24, 19, 21, -4, 19, 114, 31129},
    {13, 22, 8, -2, 21, 72, 31243},
    {19, 18, 19, 0, 18, 86, 31315},
    {15, 18, 17, 1, 18, 68, 31401},
    {14, 18, 15, 1, 18, 63, 31469},
    {16, 18, 16, 0, 18, 72, 31532},
    {14, 18, 16, 1, 18, 63, 31604},
    {15, 18, 17, 1, 18, 68, 31667},
    {19, 18, 21, 1, 18, 86, 31735},
    {18, 19, 20, 1, 18, 86, 31821},
    {8, 18, 10, 1, 18, 36, 31907},
    {18, 19, 19, 1, 18, 86, 31943},
    {18, 18, 18, 0, 18, 81, 32029},
    {23, 18, 25, 1, 18, 104, 32110},
    {19, 18, 21, 1, 18, 86, 32214},
    {15, 18, 17, 1, 18, 68, 32300},
    {17, 19, 19, 1, 18, 81, 32368},
    {19, 18, 21, 1, 18, 86, 32449},
    {14, 18, 15, 1, 18, 63, 32535},
    {15, 18, 17, 1, 18, 68, 32598},
    {18, 18, 18, 0, 18, 81, 32666},
    {18, 18, 18, 0, 18, 81, 32747},
    {20, 20, 22, 1, 19, 100, 32828},
    {18, 18, 18, 0, 18, 81, 32928},
    {22, 18, 24, 1, 18, 99, 33009},
    {19, 18, 21, 1, 18, 86, 33108},
    {10, 24, 10, 0, 24, 60, 33194},
    {18, 24, 18, 0, 24, 108, 33254},
    {15, 22, 16, 1, 21, 83, 33362},
    {12, 22, 13, 1, 21, 66, 33445},
    {14, 27, 15, 0, 21, 95, 33511},
    {7, 22, 8, 1, 21, 39, 33606},
    {15, 22, 15, 0, 21, 83, 33645},
    {15, 15, 16, 1, 14, 57, 33728},
    {14, 26, 16, 1, 20, 91, 33785},
    {14, 18, 15, 0, 13, 63, 33876},
    {14, 21, 14, 0, 20, 74, 33939},
    {12, 15, 13, 1, 14, 45, 34013},
    {12, 27, 11, 0, 21, 81, 34058},
    {14, 20, 15, 0, 14, 70, 34139},
    {13, 21, 15, 1, 20, 69, 34209},
    {7, 14, 8, 1, 13, 25, 34278},
    {14, 15, 15, 1, 14, 53, 34303},
    {16, 21, 15, 0, 20, 84, 34356},
    {15, 19, 16, 1, 13, 72, 34440},
    {14, 14, 15, 0, 13, 49, 34512},
    {12, 27, 12, 0, 21, 81, 34561},
    {13, 15, 15, 1, 14, 49, 34642},
    {16, 15, 17, 0, 14, 60, 34691},
    {13, 20, 14, 1, 14, 65, 34751},
    {12, 20, 13, 1, 14, 60, 34816},
    {14, 15, 16, 1, 14, 53, 34876},
    {13, 15, 13, 0, 14, 49, 34929},
    {14, 14, 15, 0, 13, 49, 34978},
    {18, 24, 19, 1, 18, 108, 35027},
    {15, 19, 14, 0, 13, 72, 35135},
    {19, 24, 19, 0, 18, 114, 35207},
    {18, 14, 20, 1, 13, 63, 35321},
    {10, 20, 8, -2, 19, 50, 35384},
    {14, 20, 15, 0, 19, 70, 35434},
    {13, 22, 15, 1, 21, 72, 35504},
    {14, 22, 15, 0, 21, 77, 35576},
    {18, 22, 20, 1, 21, 99, 35653},
    {13, 20, 15, 1, 14, 65, 35752},
    {18, 24, 19, 1, 18, 108, 35817},
    {13, 19, 15, 1, 14, 62, 35925},
    {15, 24, 17, 1, 18, 90, 35987},
    {12, 22, 13, 1, 16, 66, 36077},
    {14, 18, 16, 1, 18, 63, 36143},
    {12, 21, 10, 0, 20, 63, 36206},
    {12, 18, 13, 1, 15, 54, 36269},
    {10, 17, 12, 1, 15, 43, 36323},
    {18, 18, 19, 0, 13, 81, 36366},
    {14, 21, 14, 0, 14, 74, 36447},
    {14, 23, 16, 1, 23, 81, 36521},
    {21, 21, 21, 0, 18, 111, 36602},
    {14, 24, 15, 1, 24, 84, 36713},
    {16, 19, 17, 1, 18, 76, 36797},
    {13, 19, 15, 1, 18, 62, 36873},
    {8, 18, 10, 1, 18, 36, 36935},
    {10, 23, 10, 0, 23, 58, 36971},
    {14, 19, 14, 0, 18, 67, 37029},
    {25, 19, 26, 0, 18, 119, 37096},
    {25, 18, 27, 1, 18, 113, 37215},
    {23, 18, 24, 0, 18, 104, 37328},
    {18, 25, 19, 1, 24, 113, 37432},
    {19, 24, 21, 1, 24, 114, 37545},
    {18, 25, 17, 0, 24, 113, 37659},
    {19, 22, 21, 1, 18, 105, 37772},
    {19, 18, 19, 0, 18, 86, 37877},
    {15, 18, 17, 1, 18, 68, 37963},
    {15, 18, 17, 1, 18, 68, 38031},
    {14, 18, 15, 1, 18, 63, 38099},
    {18, 23, 18, 0, 18, 104, 38162},
    {14, 18, 16, 1, 18, 63, 38266},
    {26, 19, 26, 0, 18, 124, 38329},
    {14, 19, 15, 0, 18, 67, 38453},
    {19, 18, 21, 1, 18, 86, 38520},
    {19, 24, 21, 1, 24, 114, 38606},
    {18, 19, 19, 1, 18, 86, 38720},
    {18, 19, 19, 0, 18, 86, 38806},
    {23, 18, 25, 1, 18, 104, 38892},
    {19, 18, 21, 1, 18, 86, 38996},
    {17, 19, 19, 1, 18, 81, 39082},
    {19, 18, 21, 1, 18, 86, 39163},
    {14, 18, 15, 1, 18, 63, 39249},
    {16, 19, 18, 1, 18, 76, 39312},
    {18, 18, 18, 0, 18, 81, 39388},
    {18, 19, 17, 0, 18, 86, 39469},
    {21, 20, 21, 0, 19, 105, 39555},
    {18, 18, 18, 0, 18, 81, 39660},
    {20, 22, 21, 1, 18, 110, 39741},
    {18, 18, 19, 0, 18, 81, 39851},
    {27, 18, 29, 1, 18, 122, 39932},
    {28, 22, 30, 1, 18, 154, 40054},
    {19, 18, 19, 0, 18, 86, 40208},
    {23, 18, 25, 1, 18, 104, 40294},
    {15, 18, 17, 1, 18, 68, 40398},
    {16, 19, 17, 0, 18, 76, 40466},
    {26, 19, 28, 1, 18, 124, 40542},
    {17, 19, 18, 0, 18, 81, 40666},
    {13, 15, 14, 1, 14, 49, 40747},
    {13, 21, 15, 1, 20, 69, 40796},
    {13, 13, 14, 1, 13, 43, 40865},
    {12, 13, 13, 1, 13, 39, 40908},
    {15, 17, 15, 0, 13, 64, 40947},
    {12, 15, 13, 1, 14, 45, 41011},
    {22, 15, 22, 0, 14, 83, 41056},
    {11, 15, 13, 1, 14, 42, 41139},
    {16, 13, 17, 1, 13, 52, 41181},
    {16, 19, 17, 1, 19, 76, 41233},
    {14, 15, 15, 1, 14, 53, 41309},
    {15, 14, 16, 0, 13, 53, 41362},
    {18, 13, 19, 1, 13, 59, 41415},
    {16, 13, 17, 1, 13, 52, 41474},
    {13, 15, 15, 1, 14, 49, 41526},
    {16, 13, 17, 1, 13, 52, 41575},
    {15, 20, 16, 0, 14, 75, 41627},
    {12, 15, 13, 1, 14, 45, 41702},
    {15, 13, 15, 0, 13, 49, 41747},
    {15, 19, 15, 0, 13, 72, 41796},
    {19, 26, 21, 1, 20, 124, 41868},
    {15, 13, 14, 0, 13, 49, 41992},
    {16, 17, 17, 1, 13, 68, 42041},
    {15, 13, 16, 0, 13, 49, 42109},
    {23, 13, 24, 1, 13, 75, 42158},
    {24, 17, 25, 1, 13, 102, 42233},
    {16, 13, 16, 0, 13, 52, 42335},
    {19, 13, 21, 1, 13, 62, 42387},
    {13, 13, 14, 1, 13, 43, 42449},
    {12, 15, 13, 1, 14, 45, 42492},
    {20, 15, 22, 1, 14, 75, 42537},
    {15, 14, 15, 0, 13, 53, 42612},
    {12, 20, 13, 1, 19, 60, 42665},
    {15, 26, 16, 0, 20, 98, 42725},
    {12, 20, 13, 1, 20, 60, 42823},
    {12, 15, 13, 1, 14, 45, 42883},
    {10, 15, 12, 1, 14, 38, 42928},
    {8, 19, 9, 0, 19, 38, 42966},
    {10, 19, 9, -1, 19, 48, 43004},
    {6, 25, 8, 0, 19, 38, 43052},
    {21, 14, 21, 0, 13, 74, 43090},
    {21, 13, 22, 1, 13, 69, 43164},
    {17, 20, 17, 0, 20, 85, 43233},
    {14, 21, 15, 1, 20, 74, 43318},
    {16, 20, 17, 1, 20, 80, 43392},
    {15, 25, 15, 0, 19, 94, 43472},
    {16, 17, 17, 1, 13, 68, 43566},
    {19, 19, 20, 0, 19, 91, 43634},
    {17, 20, 17, 0, 20, 85, 43725},
    {26, 19, 25, 0, 18, 124, 43810},
    {21, 14, 21, 0, 13, 74, 43934},
    {14, 22, 14, 1, 22, 77, 44008},
    {11, 17, 12, 1, 17, 47, 44085},
    {14, 18, 15, 1, 18, 63, 44132},
    {12, 13, 13, 1, 13, 39, 44195},
    {27, 22, 27, 0, 18, 149, 44234},
    {22, 18, 22, 0, 14, 99, 44383},
    {18, 22, 19, 1, 18, 99, 44482},
    {15, 18, 16, 1, 14, 68, 44581},
    {20, 22, 21, 1, 18, 110, 44649},
    {17, 17, 18, 1, 13, 73, 44759},
    {18, 18, 18, 0, 18, 81, 44832},
    {16, 19, 14, -1, 13, 76, 44913},
    {18, 18, 18, 0, 18, 81, 44989},
    {16, 19, 14, -1, 13, 76, 45070},
    {19, 18, 20, 1, 18, 86, 45146},
    {17, 20, 17, 0, 20, 85, 45232},
    {16, 19, 18, 1, 18, 76, 45317},
    {13, 15, 13, 0, 14, 49, 45393},
    {18, 19, 20, 1, 18, 86, 45442},
    {13, 15, 15, 1, 14, 49, 45528},
    {16, 30, 18, 1, 24, 120, 45577},
    {12, 26, 13, 1, 20, 78, 45697},
    {18, 24, 19, 1, 18, 108, 45775},
    {15, 26, 16, 1, 20, 98, 45883},
    {18, 23, 19, 1, 18, 104, 45981},
    {15, 25, 16, 1, 20, 94, 46085},
    {14, 29, 16, 1, 29, 102, 46179},
    {12, 26, 13, 1, 25, 78, 46281},
    {14, 29, 16, 1, 29, 102, 46359},
    {12, 26, 13, 1, 25, 78, 46461},
    {14, 30, 16, 1, 24, 105, 46539},
    {12, 26, 13, 1, 20, 78, 46644},
    {18, 23, 19, 1, 22, 104, 46722},
    {15, 24, 14, 0, 18, 90, 46826},
    {19, 24, 21, 1, 18, 114, 46916},
    {17, 26, 17, 0, 20, 111, 47030},
    {19, 24, 21, 1, 18, 114, 47141},
    {17, 26, 17, 0, 20, 111, 47255},
    {10, 29, 9, 0, 29, 73, 47366},
    {9, 25, 9, -1, 25, 57, 47439},
    {14, 24, 16, 1, 18, 84, 47496},
    {8, 26, 9, 0, 20, 52, 47580},
    {14, 28, 16, 1, 22, 98, 47632},
    {9, 29, 9, -1, 23, 66, 47730},
    {14, 23, 16, 1, 18, 81, 47796},
    {9, 25, 9, 0, 20, 57, 47877},
    {23, 24, 25, 1, 18, 138, 47934},
    {23, 20, 24, 1, 14, 115, 48072},
    {19, 23, 21, 1, 23, 110, 48187},
    {16, 19, 17, 1, 19, 76, 48297},
    {19, 24, 21, 1, 18, 114, 48373},
    {16, 20, 17, 1, 14, 80, 48487},
    {19, 23, 21, 1, 18, 110, 48567},
    {16, 19, 17, 1, 14, 76, 48677},
    {17, 30, 19, 1, 29, 128, 48753},
    {13, 26, 15, 1, 25, 85, 48881},
    {17, 29, 19, 1, 28, 124, 48966},
    {13, 25, 15, 1, 24, 82, 49090},
    {17, 30, 19, 1, 29, 128, 49172},
    {13, 26, 15, 1, 25, 85, 49300},
    {17, 30, 19, 1, 29, 128, 49385},
    {13, 26, 15, 1, 25, 85, 49513},
    {17, 24, 18, 1, 18, 102, 49598},
    {12, 20, 12, 1, 14, 60, 49700},
    {17, 28, 18, 1, 22, 119, 49760},
    {12, 24, 12, 1, 18, 72, 49879},
    {17, 23, 18, 1, 18, 98, 49951},
    {12, 19, 12, 1, 14, 57, 50049},
    {13, 24, 15, 1, 23, 78, 50106},
    {10, 20, 12, 1, 19, 50, 50184},
    {13, 24, 15, 1, 18, 78, 50234},
    {10, 20, 12, 1, 14, 50, 50312},
    {13, 29, 15, 1, 28, 95, 50362},
    {10, 25, 12, 1, 24, 63, 50457},
    {13, 29, 15, 1, 28, 95, 50520},
    {10, 25, 12, 1, 24, 63, 50615},
    {13, 29, 15, 1, 23, 95, 50678},
    {10, 26, 12, 1, 20, 65, 50773},
    {18, 24, 18, 0, 18, 108, 50838},
    {11, 24, 10, 0, 18, 66, 50946},
    {18, 23, 18, 0, 18, 104, 51012},
    {11, 23, 10, 0, 18, 64, 51116},
    {18, 30, 20, 1, 29, 135, 51180},
    {16, 26, 16, 0, 25, 104, 51315},
    {18, 28, 20, 1, 27, 126, 51419},
    {16, 24, 16, 0, 23, 96, 51545},
    {27, 24, 27, 0, 24, 162, 51641},
    {22, 20, 22, 0, 20, 110, 51803},
    {27, 24, 27, 0, 24, 162, 51913},
    {22, 20, 22, 0, 20, 110, 52075},
    {27, 23, 27, 0, 23, 156, 52185},
    {22, 19, 22, 0, 19, 105, 52341},
    {18, 23, 18, 0, 23, 104, 52446},
    {15, 25, 15, 0, 19, 94, 52550},
    {15, 24, 17, 1, 18, 90, 52644},
    {12, 19, 13, 0, 13, 57, 52734},
    {11, 23, 10, 0, 22, 64, 52791},
    {18, 19, 19, 0, 18, 86, 52855},
    {19, 24, 19, 0, 18, 114, 52941},
    {13, 20, 14, 1, 14, 65, 53055},
    {19, 25, 19, 0, 25, 119, 53120},
    {13, 22, 14, 1, 21, 72, 53239},
    {19, 29, 19, 0, 29, 138, 53311},
    {13, 26, 14, 1, 25, 85, 53449},
    {19, 29, 19, 0, 29, 138, 53534},
    {13, 26, 14, 1, 25, 85, 53672},
    {19, 28, 19, 0, 28, 133, 53757},
    {13, 26, 14, 1, 25, 85, 53890},
    {19, 28, 19, 0, 28, 133, 53975},
    {13, 25, 14, 1, 24, 82, 54108},
    {19, 30, 19, 0, 24, 143, 54190},
    {13, 26, 14, 1, 20, 85, 54333},
    {19, 29, 19, 0, 29, 138, 54418},
    {13, 26, 14, 1, 25, 85, 54556},
    {19, 29, 19, 0, 29, 138, 54641},
    {13, 26, 14, 1, 25, 85, 54779},
    {19, 30, 19, 0, 30, 143, 54864},
    {13, 27, 14, 1, 26, 88, 55007},
    {19, 28, 19, 0, 28, 133, 55095},
    {13, 25, 14, 1, 24, 82, 55228},
    {19, 30, 19, 0, 24, 143, 55310},
    {13, 26, 14, 1, 20, 85, 55453},
    {14, 24, 16, 1, 18, 84, 55538},
    {12, 20, 13, 1, 14, 60, 55622},
    {14, 25, 16, 1, 25, 88, 55682},
    {12, 22, 13, 1, 21, 66, 55770},
    {14, 23, 16, 1, 23, 81, 55836},
    {12, 20, 13, 1, 19, 60, 55917},
    {14, 29, 16, 1, 29, 102, 55977},
    {12, 26, 13, 1, 25, 78, 56079},
    {14, 29, 16, 1, 29, 102, 56157},
    {12, 26, 13, 1, 25, 78, 56259},
    {15, 28, 16, 1, 28, 105, 56337},
    {13, 26, 13, 1, 25, 85, 56442},
    {14, 28, 16, 1, 28, 98, 56527},
    {12, 25, 13, 1, 24, 75, 56625},
    {14, 30, 16, 1, 24, 105, 56700},
    {12, 26, 13, 1, 20, 78, 56805},
    {8, 25, 10, 1, 25, 50, 56883},
    {8, 21, 9, 0, 21, 42, 56933},
    {8, 24, 10, 1, 18, 48, 56975},
    {8, 25, 9, 0, 19, 50, 57023},
    {17, 24, 19, 1, 18, 102, 57073},
    {13, 20, 15, 1, 14, 65, 57175},
    {17, 26, 19, 1, 25, 111, 57240},
    {13, 22, 15, 1, 21, 72, 57351},
    {17, 30, 19, 1, 29, 128, 57423},
    {13, 27, 15, 1, 26, 88, 57551},
    {17, 30, 19, 1, 29, 128, 57639},
    {13, 27, 15, 1, 26, 88, 57767},
    {17, 29, 19, 1, 28, 124, 57855},
    {14, 26, 15, 1, 25, 91, 57979},
    {17, 29, 19, 1, 28, 124, 58070},
    {13, 25, 15, 1, 24, 82, 58194},
    {17, 30, 19, 1, 24, 128, 58276},
    {13, 26, 15, 1, 20, 85, 58404},
    {21, 25, 21, 1, 24, 132, 58489},
    {15, 21, 16, 1, 20, 79, 58621},
    {21, 25, 21, 1, 24, 132, 58700},
    {15, 21, 16, 1, 20, 79, 58832},
    {21, 26, 21, 1, 25, 137, 58911},
    {15, 22, 16, 1, 21, 83, 59048},
    {21, 24, 21, 1, 23, 126, 59131},
    {15, 20, 16, 1, 19, 75, 59257},
    {21, 26, 21, 1, 20, 137, 59332},
    {15, 23, 16, 1, 17, 87, 59469},
    {18, 24, 20, 1, 18, 108, 59556},
    {16, 19, 16, 0, 13, 76, 59664},
    {18, 26, 20, 1, 25, 117, 59740},
    {16, 22, 16, 0, 21, 88, 59857},
    {21, 25, 22, 1, 24, 132, 59945},
    {18, 21, 18, 0, 20, 95, 60077},
    {21, 25, 22, 1, 24, 132, 60172},
    {18, 21, 18, 0, 20, 95, 60304},
    {21, 26, 22, 1, 25, 137, 60399},
    {18, 22, 18, 0, 21, 99, 60536},
    {21, 24, 22, 1, 23, 126, 60635},
    {18, 20, 18, 0, 19, 90, 60761},
    {21, 26, 22, 1, 20, 137, 60851},
    {18, 23, 18, 0, 17, 104, 60988},
    {18, 24, 18, 0, 24, 108, 61092},
    {15, 26, 15, 0, 20, 98, 61200},
    {18, 24, 18, 0, 18, 108, 61298},
    {15, 19, 15, 0, 13, 72, 61406},
    {18, 25, 18, 0, 25, 113, 61478},
    {15, 27, 15, 0, 21, 102, 61591},
    {18, 23, 18, 0, 23, 104, 61693},
    {15, 25, 15, 0, 19, 94, 61797},
    {0, 0, 15, 0, 0, 0, 61891},
    {0, 0, 8, 0, 0, 0, 61891},
    {0, 0, 3, 0, 0, 0, 61891},
    {0, 0, 2, 0, 0, 0, 61891},
    {0, 0, 0, 0, 0, 0, 61891},
    {7, 3, 9, 1, 9, 6, 61891},
    {13, 2, 13, 0, 8, 7, 61897},
    {13, 2, 13, 0, 8, 7, 61904},
    {25, 2, 25, 0, 8, 13, 61911},
    {25, 2, 25, 0, 8, 13, 61924},
    {4, 8, 8, 2, 20, 8, 61937},
    {4, 8, 8, 2, 20, 8, 61945},
    {4, 8, 8, 2, 4, 8, 61953},
    {10, 8, 13, 2, 20, 20, 61961},
    {10, 8, 13, 2, 20, 20, 61981},
    {10, 8, 11, 0, 4, 20, 62001},
    {11, 21, 13, 1, 20, 58, 62021},
    {11, 21, 13, 1, 20, 58, 62079},
    {7, 7, 9, 1, 11, 13, 62137},
    {21, 5, 22, 1, 4, 27, 62150},
    {30, 16, 31, 1, 15, 120, 62177},
    {4, 7, 6, 1, 21, 7, 62297},
    {8, 7, 10, 1, 21, 14, 62304},
    {7, 11, 8, 1, 12, 20, 62318},
    {7, 11, 8, 0, 12, 20, 62338},
    {21, 20, 22, 1, 20, 105, 62358},
    {13, 19, 7, -3, 18, 62, 62463},
    {11, 12, 12, 0, 21, 33, 62525},
    {11, 12, 11, 0, 21, 33, 62558},
    {9, 12, 10, 0, 21, 27, 62591},
    {10, 12, 10, 0, 21, 30, 62618},
    {10, 12, 10, 0, 21, 30, 62648},
    {10, 12, 11, 0, 21, 30, 62678},
    {10, 12, 10, 0, 21, 30, 62708},
    {5, 17, 6, 1, 23, 22, 62738},
    {6, 17, 6, 0, 23, 26, 62760},
    {13, 10, 13, 0, 19, 33, 62786},
    {11, 12, 12, 0, 8, 33, 62819},
    {8, 12, 8, 0, 8, 24, 62852},
    {10, 12, 10, 0, 8, 30, 62876},
    {10, 12, 11, 0, 8, 30, 62906},
    {11, 12, 11, 0, 8, 33, 62936},
    {9, 12, 10, 0, 8, 27, 62969},
    {10, 12, 10, 0, 8, 30, 62996},
    {10, 12, 10, 0, 8, 30, 63026},
    {10, 12, 11, 0, 8, 30, 63056},
    {10, 12, 10, 0, 8, 30, 63086},
    {5, 17, 6, 1, 10, 22, 63116},
    {6, 17, 6, 0, 10, 26, 63138},
    {15, 23, 16, 0, 20, 87, 63164},
    {15, 18, 16, 0, 18, 68, 63251},
    {14, 18, 14, 0, 18, 63, 63319},
    {19, 18, 21, 1, 18, 86, 63382},
    {36, 19, 37, 1, 18, 171, 63468},
    {28, 18, 27, 0, 18, 126, 63639},
    {15, 25, 16, 1, 20, 94, 63765},
    {16, 19, 17, 0, 18, 76, 63859},
    {19, 19, 19, 0, 18, 91, 63935},
    {17, 18, 17, 0, 18, 77, 64026},
    {17, 18, 17, 0, 18, 77, 64103},
    {18, 23, 18, 1, 20, 104, 64180},
    {16, 19, 16, 0, 18, 76, 64284},
    {15, 24, 16, 0, 21, 90, 64360},
    {18, 18, 17, 0, 18, 81, 64450},
    {14, 19, 15, 0, 18, 67, 64531},
    {15, 18, 16, 1, 18, 68, 64598},
    {17, 18, 18, 1, 18, 77, 64666},
    {15, 18, 15, 0, 18, 68, 64743},
    {11, 21, 12, 0, 20, 58, 64811},
    {30, 18, 32, 1, 18, 135, 64869},
    {18, 18, 20, 1, 17, 81, 65004},
    {24, 12, 24, 0, 17, 72, 65085},
    {26, 11, 26, 0, 17, 72, 65157},
    {19, 18, 21, 1, 18, 86, 65229},
    {18, 19, 20, 1, 18, 86, 65315},
    {24, 19, 25, 0, 18, 114, 65401},
    {25, 19, 26, 0, 18, 119, 65515},
    {24, 19, 24, 0, 18, 114, 65634},
    {25, 19, 25, 0, 18, 119, 65748},
    {25, 19, 25, 0, 18, 119, 65867},
    {23, 19, 24, 0, 18, 110, 65986},
    {13, 9, 14, 1, 11, 30, 66096},
    {9, 13, 14, 3, 13, 30, 66126},
    {14, 9, 14, 0, 11, 32, 66156},
    {9, 13, 14, 3, 13, 30, 66188},
    {13, 19, 14, 0, 18, 62, 66218},
    {17, 20, 19, 1, 17, 85, 66280},
    {16, 18, 16, 0, 18, 72, 66365},
    {19, 22, 21, 1, 18, 105, 66437},
    {15, 22, 16, 0, 18, 83, 66542},
    {12, 3, 15, 1, 9, 9, 66625},
    {13, 19, 15, 1, 18, 62, 66634},
    {6, 5, 8, 1, 11, 8, 66696},
    {15, 19, 15, 0, 19, 72, 66704},
    {15, 8, 16, 1, 10, 30, 66776},
    {13, 23, 11, -1, 18, 75, 66806},
    {12, 9, 15, 1, 12, 27, 66881},
    {12, 15, 15, 1, 15, 45, 66908},
    {12, 14, 15, 1, 14, 42, 66953},
    {11, 14, 15, 2, 14, 39, 66995},
    {17, 20, 17, 0, 20, 85, 67034},
    {17, 20, 17, 0, 20, 85, 67119},
};

static const EpdUnicodeInterval PROGMEM literata_small_2bIntervals[] = {
    {0x20, 0x7E, 0},
    {0xA0, 0x17E, 95},
    {0x18F, 0x18F, 318},
    {0x192, 0x192, 319},
    {0x1A0, 0x1A1, 320},
    {0x1AF, 0x1B0, 322},
    {0x1C4, 0x1DC, 324},
    {0x1E6, 0x1E7, 349},
    {0x1EA, 0x1EB, 351},
    {0x1FA, 0x21B, 353},
    {0x22A, 0x22D, 387},
    {0x230, 0x233, 391},
    {0x237, 0x237, 395},
    {0x251, 0x251, 396},
    {0x259, 0x259, 397},
    {0x261, 0x261, 398},
    {0x300, 0x304, 399},
    {0x306, 0x30C, 404},
    {0x30F, 0x30F, 411},
    {0x311, 0x312, 412},
    {0x31B, 0x31B, 414},
    {0x323, 0x324, 415},
    {0x326, 0x328, 417},
    {0x32E, 0x32E, 420},
    {0x331, 0x331, 421},
    {0x374, 0x375, 422},
    {0x37A, 0x37A, 424},
    {0x37E, 0x37E, 425},
    {0x384, 0x38A, 426},
    {0x38C, 0x38C, 433},
    {0x38E, 0x3A1, 434},
    {0x3A3, 0x3CE, 454},
    {0x3D7, 0x3E1, 498},
    {0x401, 0x44F, 509},
    {0x451, 0x45F, 588},
    {0x462, 0x463, 603},
    {0x46A, 0x46B, 605},
    {0x490, 0x493, 607},
    {0x496, 0x497, 611},
    {0x49A, 0x49B, 613},
    {0x4A2, 0x4A3, 615},
    {0x4AE, 0x4B1, 617},
    {0x4BA, 0x4BB, 621},
    {0x4D8, 0x4D9, 623},
    {0x4E8, 0x4E9, 625},
    {0x1E08, 0x1E09, 627},
    {0x1E0C, 0x1E0F, 629},
    {0x1E14, 0x1E17, 633},
    {0x1E1C, 0x1E1D, 637},
    {0x1E20, 0x1E21, 639},
    {0x1E24, 0x1E25, 641},
    {0x1E2A, 0x1E2B, 643},
    {0x1E2E, 0x1E2F, 645},
    {0x1E36, 0x1E3B, 647},
    {0x1E42, 0x1E49, 653},
    {0x1E4C, 0x1E53, 661},
    {0x1E5A, 0x1E69, 669},
    {0x1E6C, 0x1E6F, 685},
    {0x1E78, 0x1E7B, 689},
    {0x1E80, 0x1E85, 693},
    {0x1E8E, 0x1E8F, 699},
    {0x1E92, 0x1E93, 701},
    {0x1E97, 0x1E97, 703},
    {0x1E9E, 0x1E9E, 704},
    {0x1EA0, 0x1EF9, 705},
    {0x2007, 0x200B, 795},
    {0x2010, 0x2010, 800},
    {0x2012, 0x2015, 801},
    {0x2018, 0x201A, 805},
    {0x201C, 0x201E, 808},
    {0x2020, 0x2022, 811},
    {0x2026, 0x2026, 814},
    {0x2030, 0x2030, 815},
    {0x2032, 0x2033, 816},
    {0x2039, 0x203A, 818},
    {0x2042, 0x2042, 820},
    {0x2044, 0x2044, 821},
    {0x2070, 0x2070, 822},
    {0x2074, 0x2079, 823},
    {0x207D, 0x2089, 829},
    {0x208D, 0x208E, 842},
    {0x20A1, 0x20A1, 844},
    {0x20A3, 0x20A4, 845},
    {0x20A6, 0x20A7, 847},
    {0x20A9, 0x20A9, 849},
    {0x20AB, 0x20AE, 850},
    {0x20B1, 0x20B2, 854},
    {0x20B4, 0x20B5, 856},
    {0x20B8, 0x20BA, 858},
    {0x20BC, 0x20BD, 861},
    {0x2113, 0x2113, 863},
    {0x2116, 0x2117, 864},
    {0x2120, 0x2120, 866},
    {0x2122, 0x2122, 867},
    {0x2126, 0x2126, 868},
    {0x212E, 0x212E, 869},
    {0x2153, 0x2154, 870},
    {0x215B, 0x215E, 872},
    {0x2190, 0x2193, 876},
    {0x2202, 0x2202, 880},
    {0x2205, 0x2206, 881},
    {0x220F, 0x220F, 883},
    {0x2211, 0x2212, 884},
    {0x2215, 0x2215, 886},
    {0x2219, 0x221A, 887},
    {0x221E, 0x221E, 889},
    {0x222B, 0x222B, 890},
    {0x2248, 0x2248, 891},
    {0x2260, 0x2260, 892},
    {0x2264, 0x2265, 893},
    {0xFB01, 0xFB02, 895},
};

const EpdFontData literata_small_2b = {
    literata_small_2bBitmaps,
    literata_small_2bGlyphs,
    literata_small_2bIntervals,
    111,
    37,
    30,
    -8,
    true
};
